Starting TC Qdisc Monitoring for s1-eth2
Timestamp, Qdisc Stats
======================================================================
Timestamp: 2026-04-28 11:55:00
qdisc htb 1: root refcnt 13 r2q 10 default 0x10 direct_packets_stat 0 direct_qlen 1000
 Sent 7666 bytes 37 pkt (dropped 0, overlimits 0 requeues 0) 
 backlog 0b 0p requeues 0
qdisc cake 20: parent 1:10 bandwidth 7Mbit diffserv3 triple-isolate nonat nowash no-ack-filter split-gso rtt 100ms raw overhead 0 
 Sent 7666 bytes 37 pkt (dropped 0, overlimits 9 requeues 0) 
 backlog 0b 0p requeues 0
 memory used: 4608b of 4Mb
 capacity estimate: 7Mbit
 min/max network layer size:           42 /    1482
 min/max overhead-adjusted size:       42 /    1482
 average network hdr offset:            2

                   Bulk  Best Effort        Voice
  thresh      437496bit        7Mbit     1750Kbit
  target         41.5ms          5ms       10.4ms
  interval        137ms        100ms        105ms
  pk_delay          0us        827us          0us
  av_delay          0us         15us          0us
  sp_delay          0us          7us          0us
  backlog            0b           0b           0b
  pkts                0           36            1
  bytes               0         7624           42
  way_inds            0            0            0
  way_miss            0           12            1
  way_cols            0            0            0
  drops               0            0            0
  marks               0            0            0
  ack_drop            0            0            0
  sp_flows            0            1            1
  bk_flows            0            1            0
  un_flows            0            0            0
  max_len             0         1482           42
  quantum           300          300          300

======================================================================
Timestamp: 2026-04-28 11:55:01
qdisc htb 1: root refcnt 13 r2q 10 default 0x10 direct_packets_stat 0 direct_qlen 1000
 Sent 130768 bytes 122 pkt (dropped 0, overlimits 0 requeues 0) 
 backlog 2964b 2p requeues 0
qdisc cake 20: parent 1:10 bandwidth 7Mbit diffserv3 triple-isolate nonat nowash no-ack-filter split-gso rtt 100ms raw overhead 0 
 Sent 130768 bytes 122 pkt (dropped 0, overlimits 73 requeues 0) 
 backlog 2964b 2p requeues 0
 memory used: 7008b of 4Mb
 capacity estimate: 7Mbit
 min/max network layer size:           42 /    1482
 min/max overhead-adjusted size:       42 /    1482
 average network hdr offset:            5

                   Bulk  Best Effort        Voice
  thresh      437496bit        7Mbit     1750Kbit
  target         41.5ms          5ms       10.4ms
  interval        137ms        100ms        105ms
  pk_delay          0us       2.31ms          0us
  av_delay          0us        145us          0us
  sp_delay          0us         79us          0us
  backlog            0b        2964b           0b
  pkts                0          123            1
  bytes               0       133690           42
  way_inds            0            0            0
  way_miss            0           12            1
  way_cols            0            0            0
  drops               0            0            0
  marks               0            0            0
  ack_drop            0            0            0
  sp_flows            0            0            1
  bk_flows            0            1            0
  un_flows            0            0            0
  max_len             0         2964           42
  quantum           300          300          300

======================================================================
Timestamp: 2026-04-28 11:55:02
qdisc htb 1: root refcnt 13 r2q 10 default 0x10 direct_packets_stat 0 direct_qlen 1000
 Sent 935180 bytes 667 pkt (dropped 0, overlimits 0 requeues 0) 
 backlog 5928b 4p requeues 0
qdisc cake 20: parent 1:10 bandwidth 7Mbit diffserv3 triple-isolate nonat nowash no-ack-filter split-gso rtt 100ms raw overhead 0 
 Sent 935180 bytes 667 pkt (dropped 0, overlimits 1685 requeues 0) 
 backlog 5928b 4p requeues 0
 memory used: 27Kb of 4Mb
 capacity estimate: 7Mbit
 min/max network layer size:           42 /    1482
 min/max overhead-adjusted size:       42 /    1482
 average network hdr offset:           13

                   Bulk  Best Effort        Voice
  thresh      437496bit        7Mbit     1750Kbit
  target         41.5ms          5ms       10.4ms
  interval        137ms        100ms        105ms
  pk_delay          0us       16.5ms          0us
  av_delay          0us       9.88ms          0us
  sp_delay          0us       7.18ms          0us
  backlog            0b        5928b           0b
  pkts                0          670            1
  bytes               0       941066           42
  way_inds            0            0            0
  way_miss            0           12            1
  way_cols            0            0            0
  drops               0            0            0
  marks               0           19            0
  ack_drop            0            0            0
  sp_flows            0            0            1
  bk_flows            0            1            0
  un_flows            0            0            0
  max_len             0         2964           42
  quantum           300          300          300

======================================================================
Timestamp: 2026-04-28 11:55:03
qdisc htb 1: root refcnt 13 r2q 10 default 0x10 direct_packets_stat 0 direct_qlen 1000
 Sent 1616967 bytes 1129 pkt (dropped 0, overlimits 52 requeues 0) 
 backlog 11856b 8p requeues 0
qdisc cake 20: parent 1:10 bandwidth 7Mbit diffserv3 triple-isolate nonat nowash no-ack-filter split-gso rtt 100ms raw overhead 0 
 Sent 1616967 bytes 1129 pkt (dropped 0, overlimits 2995 requeues 0) 
 backlog 11856b 8p requeues 0
 memory used: 27Kb of 4Mb
 capacity estimate: 7Mbit
 min/max network layer size:           42 /    1482
 min/max overhead-adjusted size:       42 /    1482
 average network hdr offset:           14

                   Bulk  Best Effort        Voice
  thresh      437496bit        7Mbit     1750Kbit
  target         41.5ms          5ms       10.4ms
  interval        137ms        100ms        105ms
  pk_delay          0us       15.7ms        147us
  av_delay          0us       10.3ms          2us
  sp_delay          0us        4.7ms          2us
  backlog            0b       11856b           0b
  pkts                0         1135            2
  bytes               0      1628739           84
  way_inds            0            0            0
  way_miss            0           12            1
  way_cols            0            0            0
  drops               0            0            0
  marks               0           47            0
  ack_drop            0            0            0
  sp_flows            0            0            1
  bk_flows            0            1            0
  un_flows            0            0            0
  max_len             0         2964           42
  quantum           300          300          300

======================================================================
Timestamp: 2026-04-28 11:55:04
qdisc htb 1: root refcnt 13 r2q 10 default 0x10 direct_packets_stat 0 direct_qlen 1000
 Sent 2468865 bytes 1704 pkt (dropped 0, overlimits 52 requeues 0) 
 backlog 13338b 9p requeues 0
qdisc cake 20: parent 1:10 bandwidth 7Mbit diffserv3 triple-isolate nonat nowash no-ack-filter split-gso rtt 100ms raw overhead 0 
 Sent 2468865 bytes 1704 pkt (dropped 0, overlimits 4699 requeues 0) 
 backlog 13338b 9p requeues 0
 memory used: 27Kb of 4Mb
 capacity estimate: 7Mbit
 min/max network layer size:           42 /    1482
 min/max overhead-adjusted size:       42 /    1482
 average network hdr offset:           14

                   Bulk  Best Effort        Voice
  thresh      437496bit        7Mbit     1750Kbit
  target         41.5ms          5ms       10.4ms
  interval        137ms        100ms        105ms
  pk_delay          0us       17.4ms        147us
  av_delay          0us       10.9ms          2us
  sp_delay          0us        7.9ms          2us
  backlog            0b       13338b           0b
  pkts                0         1711            2
  bytes               0      2482119           84
  way_inds            0            0            0
  way_miss            0           12            1
  way_cols            0            0            0
  drops               0            0            0
  marks               0           99            0
  ack_drop            0            0            0
  sp_flows            0            0            1
  bk_flows            0            1            0
  un_flows            0            0            0
  max_len             0         2964           42
  quantum           300          300          300

======================================================================
Timestamp: 2026-04-28 11:55:05
qdisc htb 1: root refcnt 13 r2q 10 default 0x10 direct_packets_stat 0 direct_qlen 1000
 Sent 3238157 bytes 2227 pkt (dropped 0, overlimits 52 requeues 0) 
 backlog 13338b 9p requeues 0
qdisc cake 20: parent 1:10 bandwidth 7Mbit diffserv3 triple-isolate nonat nowash no-ack-filter split-gso rtt 100ms raw overhead 0 
 Sent 3238157 bytes 2227 pkt (dropped 0, overlimits 6241 requeues 0) 
 backlog 13338b 9p requeues 0
 memory used: 27Kb of 4Mb
 capacity estimate: 7Mbit
 min/max network layer size:           42 /    1482
 min/max overhead-adjusted size:       42 /    1482
 average network hdr offset:           14

                   Bulk  Best Effort        Voice
  thresh      437496bit        7Mbit     1750Kbit
  target         41.5ms          5ms       10.4ms
  interval        137ms        100ms        105ms
  pk_delay          0us       15.4ms        147us
  av_delay          0us         10ms          2us
  sp_delay          0us       3.16ms          2us
  backlog            0b       13338b           0b
  pkts                0         2234            2
  bytes               0      3251411           84
  way_inds            0            0            0
  way_miss            0           12            1
  way_cols            0            0            0
  drops               0            0            0
  marks               0          158            0
  ack_drop            0            0            0
  sp_flows            0            0            1
  bk_flows            0            1            0
  un_flows            0            0            0
  max_len             0         2964           42
  quantum           300          300          300

======================================================================
Timestamp: 2026-04-28 11:55:06
qdisc htb 1: root refcnt 13 r2q 10 default 0x10 direct_packets_stat 0 direct_qlen 1000
 Sent 4115668 bytes 2821 pkt (dropped 0, overlimits 52 requeues 0) 
 backlog 13338b 9p requeues 0
qdisc cake 20: parent 1:10 bandwidth 7Mbit diffserv3 triple-isolate nonat nowash no-ack-filter split-gso rtt 100ms raw overhead 0 
 Sent 4115668 bytes 2821 pkt (dropped 0, overlimits 8002 requeues 0) 
 backlog 13338b 9p requeues 0
 memory used: 27Kb of 4Mb
 capacity estimate: 7Mbit
 min/max network layer size:           42 /    1482
 min/max overhead-adjusted size:       42 /    1482
 average network hdr offset:           14

                   Bulk  Best Effort        Voice
  thresh      437496bit        7Mbit     1750Kbit
  target         41.5ms          5ms       10.4ms
  interval        137ms        100ms        105ms
  pk_delay          0us       15.2ms        147us
  av_delay          0us       10.8ms          2us
  sp_delay          0us       7.15ms          2us
  backlog            0b       13338b           0b
  pkts                0         2828            2
  bytes               0      4128922           84
  way_inds            0            0            0
  way_miss            0           12            1
  way_cols            0            0            0
  drops               0            0            0
  marks               0          250            0
  ack_drop            0            0            0
  sp_flows            0            0            1
  bk_flows            0            1            0
  un_flows            0            0            0
  max_len             0         2964           42
  quantum           300          300          300

======================================================================
Timestamp: 2026-04-28 11:55:07
qdisc htb 1: root refcnt 13 r2q 10 default 0x10 direct_packets_stat 0 direct_qlen 1000
 Sent 4349868 bytes 2981 pkt (dropped 0, overlimits 52 requeues 0) 
 backlog 16302b 11p requeues 0
qdisc cake 20: parent 1:10 bandwidth 7Mbit diffserv3 triple-isolate nonat nowash no-ack-filter split-gso rtt 100ms raw overhead 0 
 Sent 4349868 bytes 2981 pkt (dropped 0, overlimits 8472 requeues 0) 
 backlog 16302b 11p requeues 0
 memory used: 27Kb of 4Mb
 capacity estimate: 7Mbit
 min/max network layer size:           42 /    1482
 min/max overhead-adjusted size:       42 /    1482
 average network hdr offset:           14

                   Bulk  Best Effort        Voice
  thresh      437496bit        7Mbit     1750Kbit
  target         41.5ms          5ms       10.4ms
  interval        137ms        100ms        105ms
  pk_delay          0us         15ms        147us
  av_delay          0us       10.6ms          2us
  sp_delay          0us        3.4ms          2us
  backlog            0b       16302b           0b
  pkts                0         2990            2
  bytes               0      4366086           84
  way_inds            0            0            0
  way_miss            0           12            1
  way_cols            0            0            0
  drops               0            0            0
  marks               0          281            0
  ack_drop            0            0            0
  sp_flows            0            0            1
  bk_flows            0            1            0
  un_flows            0            0            0
  max_len             0         2964           42
  quantum           300          300          300

======================================================================
Timestamp: 2026-04-28 11:55:08
qdisc htb 1: root refcnt 13 r2q 10 default 0x10 direct_packets_stat 0 direct_qlen 1000
 Sent 5228694 bytes 3574 pkt (dropped 0, overlimits 52 requeues 0) 
 backlog 7410b 5p requeues 0
qdisc cake 20: parent 1:10 bandwidth 7Mbit diffserv3 triple-isolate nonat nowash no-ack-filter split-gso rtt 100ms raw overhead 0 
 Sent 5228694 bytes 3574 pkt (dropped 0, overlimits 10222 requeues 0) 
 backlog 7410b 5p requeues 0
 memory used: 27Kb of 4Mb
 capacity estimate: 7Mbit
 min/max network layer size:           42 /    1482
 min/max overhead-adjusted size:       42 /    1482
 average network hdr offset:           14

                   Bulk  Best Effort        Voice
  thresh      437496bit        7Mbit     1750Kbit
  target         41.5ms          5ms       10.4ms
  interval        137ms        100ms        105ms
  pk_delay          0us       16.7ms        147us
  av_delay          0us       11.3ms          2us
  sp_delay          0us        8.3ms          2us
  backlog            0b        7410b           0b
  pkts                0         3577            2
  bytes               0      5236020           84
  way_inds            0            0            0
  way_miss            0           12            1
  way_cols            0            0            0
  drops               0            0            0
  marks               0          399            0
  ack_drop            0            0            0
  sp_flows            0            0            1
  bk_flows            0            1            0
  un_flows            0            0            0
  max_len             0         2964           42
  quantum           300          300          300

======================================================================
Timestamp: 2026-04-28 11:55:09
qdisc htb 1: root refcnt 13 r2q 10 default 0x10 direct_packets_stat 0 direct_qlen 1000
 Sent 5565299 bytes 3802 pkt (dropped 0, overlimits 52 requeues 0) 
 backlog 5928b 4p requeues 0
qdisc cake 20: parent 1:10 bandwidth 7Mbit diffserv3 triple-isolate nonat nowash no-ack-filter split-gso rtt 100ms raw overhead 0 
 Sent 5565299 bytes 3802 pkt (dropped 0, overlimits 10888 requeues 0) 
 backlog 5928b 4p requeues 0
 memory used: 27Kb of 4Mb
 capacity estimate: 7Mbit
 min/max network layer size:           42 /    1482
 min/max overhead-adjusted size:       42 /    1482
 average network hdr offset:           14

                   Bulk  Best Effort        Voice
  thresh      437496bit        7Mbit     1750Kbit
  target         41.5ms          5ms       10.4ms
  interval        137ms        100ms        105ms
  pk_delay          0us       16.5ms        147us
  av_delay          0us       10.9ms          2us
  sp_delay          0us       3.01ms          2us
  backlog            0b        5928b           0b
  pkts                0         3804            2
  bytes               0      5571143           84
  way_inds            0            0            0
  way_miss            0           12            1
  way_cols            0            0            0
  drops               0            0            0
  marks               0          453            0
  ack_drop            0            0            0
  sp_flows            0            0            1
  bk_flows            0            1            0
  un_flows            0            0            0
  max_len             0         2964           42
  quantum           300          300          300

======================================================================
Timestamp: 2026-04-28 11:55:10
qdisc htb 1: root refcnt 13 r2q 10 default 0x10 direct_packets_stat 0 direct_qlen 1000
 Sent 6444125 bytes 4395 pkt (dropped 0, overlimits 52 requeues 0) 
 backlog 5928b 4p requeues 0
qdisc cake 20: parent 1:10 bandwidth 7Mbit diffserv3 triple-isolate nonat nowash no-ack-filter split-gso rtt 100ms raw overhead 0 
 Sent 6444125 bytes 4395 pkt (dropped 0, overlimits 12648 requeues 0) 
 backlog 5928b 4p requeues 0
 memory used: 27Kb of 4Mb
 capacity estimate: 7Mbit
 min/max network layer size:           42 /    1482
 min/max overhead-adjusted size:       42 /    1482
 average network hdr offset:           14

                   Bulk  Best Effort        Voice
  thresh      437496bit        7Mbit     1750Kbit
  target         41.5ms          5ms       10.4ms
  interval        137ms        100ms        105ms
  pk_delay          0us       16.4ms        147us
  av_delay          0us       11.2ms          2us
  sp_delay          0us        7.8ms          2us
  backlog            0b        5928b           0b
  pkts                0         4397            2
  bytes               0      6449969           84
  way_inds            0            0            0
  way_miss            0           12            1
  way_cols            0            0            0
  drops               0            0            0
  marks               0          594            0
  ack_drop            0            0            0
  sp_flows            0            0            1
  bk_flows            0            1            0
  un_flows            0            0            0
  max_len             0         2964           42
  quantum           300          300          300

======================================================================
Timestamp: 2026-04-28 11:55:11
qdisc htb 1: root refcnt 13 r2q 10 default 0x10 direct_packets_stat 0 direct_qlen 1000
 Sent 6754209 bytes 4606 pkt (dropped 0, overlimits 52 requeues 0) 
 backlog 0b 0p requeues 0
qdisc cake 20: parent 1:10 bandwidth 7Mbit diffserv3 triple-isolate nonat nowash no-ack-filter split-gso rtt 100ms raw overhead 0 
 Sent 6754209 bytes 4606 pkt (dropped 0, overlimits 13263 requeues 0) 
 backlog 0b 0p requeues 0
 memory used: 27Kb of 4Mb
 capacity estimate: 7Mbit
 min/max network layer size:           42 /    1482
 min/max overhead-adjusted size:       42 /    1482
 average network hdr offset:           14

                   Bulk  Best Effort        Voice
  thresh      437496bit        7Mbit     1750Kbit
  target         41.5ms          5ms       10.4ms
  interval        137ms        100ms        105ms
  pk_delay          0us       16.1ms        147us
  av_delay          0us       11.2ms          2us
  sp_delay          0us       4.22ms          2us
  backlog            0b           0b           0b
  pkts                0         4604            2
  bytes               0      6754125           84
  way_inds            0            0            0
  way_miss            0           12            1
  way_cols            0            0            0
  drops               0            0            0
  marks               0          654            0
  ack_drop            0            0            0
  sp_flows            0            0            1
  bk_flows            0            1            0
  un_flows            0            0            0
  max_len             0         2964           42
  quantum           300          300          300

======================================================================
Timestamp: 2026-04-28 11:55:12
qdisc htb 1: root refcnt 13 r2q 10 default 0x10 direct_packets_stat 0 direct_qlen 1000
 Sent 7483450 bytes 5099 pkt (dropped 0, overlimits 52 requeues 0) 
 backlog 7410b 5p requeues 0
qdisc cake 20: parent 1:10 bandwidth 7Mbit diffserv3 triple-isolate nonat nowash no-ack-filter split-gso rtt 100ms raw overhead 0 
 Sent 7483450 bytes 5099 pkt (dropped 0, overlimits 14645 requeues 0) 
 backlog 7410b 5p requeues 0
 memory used: 27Kb of 4Mb
 capacity estimate: 7Mbit
 min/max network layer size:           42 /    1482
 min/max overhead-adjusted size:       42 /    1482
 average network hdr offset:           14

                   Bulk  Best Effort        Voice
  thresh      437496bit        7Mbit     1750Kbit
  target         41.5ms          5ms       10.4ms
  interval        137ms        100ms        105ms
  pk_delay          0us       18.1ms        147us
  av_delay          0us       11.1ms          2us
  sp_delay          0us       8.81ms          2us
  backlog            0b        7410b           0b
  pkts                0         5102            2
  bytes               0      7490776           84
  way_inds            0            0            0
  way_miss            0           12            1
  way_cols            0            0            0
  drops               0            0            0
  marks               0          755            0
  ack_drop            0            0            0
  sp_flows            0            0            1
  bk_flows            0            1            0
  un_flows            0            0            0
  max_len             0         2964           42
  quantum           300          300          300

======================================================================
Timestamp: 2026-04-28 11:55:13
qdisc htb 1: root refcnt 13 r2q 10 default 0x10 direct_packets_stat 0 direct_qlen 1000
 Sent 8079067 bytes 5505 pkt (dropped 0, overlimits 52 requeues 0) 
 backlog 0b 0p requeues 0
qdisc cake 20: parent 1:10 bandwidth 7Mbit diffserv3 triple-isolate nonat nowash no-ack-filter split-gso rtt 100ms raw overhead 0 
 Sent 8079067 bytes 5505 pkt (dropped 0, overlimits 15840 requeues 0) 
 backlog 0b 0p requeues 0
 memory used: 29952b of 4Mb
 capacity estimate: 7Mbit
 min/max network layer size:           42 /    1482
 min/max overhead-adjusted size:       42 /    1482
 average network hdr offset:           14

                   Bulk  Best Effort        Voice
  thresh      437496bit        7Mbit     1750Kbit
  target         41.5ms          5ms       10.4ms
  interval        137ms        100ms        105ms
  pk_delay          0us       15.5ms        147us
  av_delay          0us       10.6ms          2us
  sp_delay          0us       5.15ms          2us
  backlog            0b           0b           0b
  pkts                0         5503            2
  bytes               0      8078983           84
  way_inds            0            0            0
  way_miss            0           12            1
  way_cols            0            0            0
  drops               0            0            0
  marks               0          857            0
  ack_drop            0            0            0
  sp_flows            0            0            1
  bk_flows            0            1            0
  un_flows            0            0            0
  max_len             0         2964           42
  quantum           300          300          300

======================================================================
Timestamp: 2026-04-28 11:55:14
qdisc htb 1: root refcnt 13 r2q 10 default 0x10 direct_packets_stat 0 direct_qlen 1000
 Sent 8850918 bytes 6026 pkt (dropped 0, overlimits 52 requeues 0) 
 backlog 5928b 4p requeues 0
qdisc cake 20: parent 1:10 bandwidth 7Mbit diffserv3 triple-isolate nonat nowash no-ack-filter split-gso rtt 100ms raw overhead 0 
 Sent 8850918 bytes 6026 pkt (dropped 0, overlimits 17374 requeues 0) 
 backlog 5928b 4p requeues 0
 memory used: 29952b of 4Mb
 capacity estimate: 7Mbit
 min/max network layer size:           42 /    1482
 min/max overhead-adjusted size:       42 /    1482
 average network hdr offset:           14

                   Bulk  Best Effort        Voice
  thresh      437496bit        7Mbit     1750Kbit
  target         41.5ms          5ms       10.4ms
  interval        137ms        100ms        105ms
  pk_delay          0us       17.2ms        147us
  av_delay          0us       11.2ms          2us
  sp_delay          0us       8.02ms          2us
  backlog            0b        5928b           0b
  pkts                0         6028            2
  bytes               0      8856762           84
  way_inds            0            0            0
  way_miss            0           12            1
  way_cols            0            0            0
  drops               0            0            0
  marks               0         1000            0
  ack_drop            0            0            0
  sp_flows            0            0            1
  bk_flows            0            1            0
  un_flows            0            0            0
  max_len             0         2964           42
  quantum           300          300          300

======================================================================
Timestamp: 2026-04-28 11:55:15
qdisc htb 1: root refcnt 13 r2q 10 default 0x10 direct_packets_stat 0 direct_qlen 1000
 Sent 9364033 bytes 6374 pkt (dropped 0, overlimits 52 requeues 0) 
 backlog 0b 0p requeues 0
qdisc cake 20: parent 1:10 bandwidth 7Mbit diffserv3 triple-isolate nonat nowash no-ack-filter split-gso rtt 100ms raw overhead 0 
 Sent 9364033 bytes 6374 pkt (dropped 0, overlimits 18396 requeues 0) 
 backlog 0b 0p requeues 0
 memory used: 29952b of 4Mb
 capacity estimate: 7Mbit
 min/max network layer size:           42 /    1482
 min/max overhead-adjusted size:       42 /    1482
 average network hdr offset:           14

                   Bulk  Best Effort        Voice
  thresh      437496bit        7Mbit     1750Kbit
  target         41.5ms          5ms       10.4ms
  interval        137ms        100ms        105ms
  pk_delay          0us       16.3ms        147us
  av_delay          0us         11ms          2us
  sp_delay          0us       5.77ms          2us
  backlog            0b           0b           0b
  pkts                0         6372            2
  bytes               0      9363949           84
  way_inds            0            0            0
  way_miss            0           12            1
  way_cols            0            0            0
  drops               0            0            0
  marks               0         1120            0
  ack_drop            0            0            0
  sp_flows            0            0            1
  bk_flows            0            1            0
  un_flows            0            0            0
  max_len             0         2964           42
  quantum           300          300          300

======================================================================
Timestamp: 2026-04-28 11:55:16
qdisc htb 1: root refcnt 13 r2q 10 default 0x10 direct_packets_stat 0 direct_qlen 1000
 Sent 10093469 bytes 6868 pkt (dropped 0, overlimits 52 requeues 0) 
 backlog 0b 0p requeues 0
qdisc cake 20: parent 1:10 bandwidth 7Mbit diffserv3 triple-isolate nonat nowash no-ack-filter split-gso rtt 100ms raw overhead 0 
 Sent 10093469 bytes 6868 pkt (dropped 0, overlimits 19856 requeues 0) 
 backlog 0b 0p requeues 0
 memory used: 29952b of 4Mb
 capacity estimate: 7Mbit
 min/max network layer size:           42 /    1482
 min/max overhead-adjusted size:       42 /    1482
 average network hdr offset:           14

                   Bulk  Best Effort        Voice
  thresh      437496bit        7Mbit     1750Kbit
  target         41.5ms          5ms       10.4ms
  interval        137ms        100ms        105ms
  pk_delay          0us       14.7ms        147us
  av_delay          0us         10ms          2us
  sp_delay          0us       6.24ms          2us
  backlog            0b           0b           0b
  pkts                0         6866            2
  bytes               0     10093385           84
  way_inds            0            0            0
  way_miss            0           12            1
  way_cols            0            0            0
  drops               0            0            0
  marks               0         1255            0
  ack_drop            0            0            0
  sp_flows            0            0            1
  bk_flows            0            1            0
  un_flows            0            0            0
  max_len             0         2964           42
  quantum           300          300          300

======================================================================
Timestamp: 2026-04-28 11:55:17
qdisc htb 1: root refcnt 13 r2q 10 default 0x10 direct_packets_stat 0 direct_qlen 1000
 Sent 10093469 bytes 6868 pkt (dropped 0, overlimits 52 requeues 0) 
 backlog 0b 0p requeues 0
qdisc cake 20: parent 1:10 bandwidth 7Mbit diffserv3 triple-isolate nonat nowash no-ack-filter split-gso rtt 100ms raw overhead 0 
 Sent 10093469 bytes 6868 pkt (dropped 0, overlimits 19856 requeues 0) 
 backlog 0b 0p requeues 0
 memory used: 29952b of 4Mb
 capacity estimate: 7Mbit
 min/max network layer size:           42 /    1482
 min/max overhead-adjusted size:       42 /    1482
 average network hdr offset:           14

                   Bulk  Best Effort        Voice
  thresh      437496bit        7Mbit     1750Kbit
  target         41.5ms          5ms       10.4ms
  interval        137ms        100ms        105ms
  pk_delay          0us       14.7ms        147us
  av_delay          0us         10ms          2us
  sp_delay          0us       6.24ms          2us
  backlog            0b           0b           0b
  pkts                0         6866            2
  bytes               0     10093385           84
  way_inds            0            0            0
  way_miss            0           12            1
  way_cols            0            0            0
  drops               0            0            0
  marks               0         1255            0
  ack_drop            0            0            0
  sp_flows            0            0            1
  bk_flows            0            1            0
  un_flows            0            0            0
  max_len             0         2964           42
  quantum           300          300          300

======================================================================
Timestamp: 2026-04-28 11:55:18
qdisc htb 1: root refcnt 13 r2q 10 default 0x10 direct_packets_stat 0 direct_qlen 1000
 Sent 10804752 bytes 7350 pkt (dropped 0, overlimits 52 requeues 0) 
 backlog 7410b 5p requeues 0
qdisc cake 20: parent 1:10 bandwidth 7Mbit diffserv3 triple-isolate nonat nowash no-ack-filter split-gso rtt 100ms raw overhead 0 
 Sent 10804752 bytes 7350 pkt (dropped 0, overlimits 21283 requeues 0) 
 backlog 7410b 5p requeues 0
 memory used: 29952b of 4Mb
 capacity estimate: 7Mbit
 min/max network layer size:           42 /    1482
 min/max overhead-adjusted size:       42 /    1482
 average network hdr offset:           14

                   Bulk  Best Effort        Voice
  thresh      437496bit        7Mbit     1750Kbit
  target         41.5ms          5ms       10.4ms
  interval        137ms        100ms        105ms
  pk_delay          0us       16.5ms        147us
  av_delay          0us       10.8ms          2us
  sp_delay          0us       7.45ms          2us
  backlog            0b        7410b           0b
  pkts                0         7353            2
  bytes               0     10812078           84
  way_inds            0            0            0
  way_miss            0           12            1
  way_cols            0            0            0
  drops               0            0            0
  marks               0         1392            0
  ack_drop            0            0            0
  sp_flows            0            0            1
  bk_flows            0            1            0
  un_flows            0            0            0
  max_len             0         2964           42
  quantum           300          300          300

======================================================================
Timestamp: 2026-04-28 11:55:19
qdisc htb 1: root refcnt 13 r2q 10 default 0x10 direct_packets_stat 0 direct_qlen 1000
 Sent 11038635 bytes 7510 pkt (dropped 0, overlimits 52 requeues 0) 
 backlog 0b 0p requeues 0
qdisc cake 20: parent 1:10 bandwidth 7Mbit diffserv3 triple-isolate nonat nowash no-ack-filter split-gso rtt 100ms raw overhead 0 
 Sent 11038635 bytes 7510 pkt (dropped 0, overlimits 21748 requeues 0) 
 backlog 0b 0p requeues 0
 memory used: 29952b of 4Mb
 capacity estimate: 7Mbit
 min/max network layer size:           42 /    1482
 min/max overhead-adjusted size:       42 /    1482
 average network hdr offset:           14

                   Bulk  Best Effort        Voice
  thresh      437496bit        7Mbit     1750Kbit
  target         41.5ms          5ms       10.4ms
  interval        137ms        100ms        105ms
  pk_delay          0us       16.4ms        147us
  av_delay          0us       10.9ms          2us
  sp_delay          0us       5.62ms          2us
  backlog            0b           0b           0b
  pkts                0         7508            2
  bytes               0     11038551           84
  way_inds            0            0            0
  way_miss            0           12            1
  way_cols            0            0            0
  drops               0            0            0
  marks               0         1443            0
  ack_drop            0            0            0
  sp_flows            0            0            1
  bk_flows            0            1            0
  un_flows            0            0            0
  max_len             0         2964           42
  quantum           300          300          300

======================================================================
Timestamp: 2026-04-28 11:55:20
qdisc htb 1: root refcnt 13 r2q 10 default 0x10 direct_packets_stat 0 direct_qlen 1000
 Sent 11705458 bytes 7962 pkt (dropped 0, overlimits 52 requeues 0) 
 backlog 10374b 7p requeues 0
qdisc cake 20: parent 1:10 bandwidth 7Mbit diffserv3 triple-isolate nonat nowash no-ack-filter split-gso rtt 100ms raw overhead 0 
 Sent 11705458 bytes 7962 pkt (dropped 0, overlimits 23091 requeues 0) 
 backlog 10374b 7p requeues 0
 memory used: 29952b of 4Mb
 capacity estimate: 7Mbit
 min/max network layer size:           42 /    1482
 min/max overhead-adjusted size:       42 /    1482
 average network hdr offset:           14

                   Bulk  Best Effort        Voice
  thresh      437496bit        7Mbit     1750Kbit
  target         41.5ms          5ms       10.4ms
  interval        137ms        100ms        105ms
  pk_delay          0us       14.2ms        147us
  av_delay          0us       10.4ms          2us
  sp_delay          0us       6.55ms          2us
  backlog            0b       10374b           0b
  pkts                0         7967            2
  bytes               0     11715748           84
  way_inds            0            0            0
  way_miss            0           12            1
  way_cols            0            0            0
  drops               0            0            0
  marks               0         1556            0
  ack_drop            0            0            0
  sp_flows            0            0            1
  bk_flows            0            1            0
  un_flows            0            0            0
  max_len             0         2964           42
  quantum           300          300          300

======================================================================
Timestamp: 2026-04-28 11:55:21
qdisc htb 1: root refcnt 13 r2q 10 default 0x10 direct_packets_stat 0 direct_qlen 1000
 Sent 12365729 bytes 8412 pkt (dropped 0, overlimits 52 requeues 0) 
 backlog 0b 0p requeues 0
qdisc cake 20: parent 1:10 bandwidth 7Mbit diffserv3 triple-isolate nonat nowash no-ack-filter split-gso rtt 100ms raw overhead 0 
 Sent 12365729 bytes 8412 pkt (dropped 0, overlimits 24417 requeues 0) 
 backlog 0b 0p requeues 0
 memory used: 29952b of 4Mb
 capacity estimate: 7Mbit
 min/max network layer size:           42 /    1482
 min/max overhead-adjusted size:       42 /    1482
 average network hdr offset:           14

                   Bulk  Best Effort        Voice
  thresh      437496bit        7Mbit     1750Kbit
  target         41.5ms          5ms       10.4ms
  interval        137ms        100ms        105ms
  pk_delay          0us       17.3ms        147us
  av_delay          0us       11.2ms          2us
  sp_delay          0us       7.88ms          2us
  backlog            0b           0b           0b
  pkts                0         8410            2
  bytes               0     12365645           84
  way_inds            0            0            0
  way_miss            0           12            1
  way_cols            0            0            0
  drops               0            0            0
  marks               0         1698            0
  ack_drop            0            0            0
  sp_flows            0            0            1
  bk_flows            0            1            0
  un_flows            0            0            0
  max_len             0         2964           42
  quantum           300          300          300

======================================================================
Timestamp: 2026-04-28 11:55:22
qdisc htb 1: root refcnt 13 r2q 10 default 0x10 direct_packets_stat 0 direct_qlen 1000
 Sent 12993897 bytes 8837 pkt (dropped 0, overlimits 52 requeues 0) 
 backlog 7410b 5p requeues 0
qdisc cake 20: parent 1:10 bandwidth 7Mbit diffserv3 triple-isolate nonat nowash no-ack-filter split-gso rtt 100ms raw overhead 0 
 Sent 12993897 bytes 8837 pkt (dropped 0, overlimits 25674 requeues 0) 
 backlog 7410b 5p requeues 0
 memory used: 29952b of 4Mb
 capacity estimate: 7Mbit
 min/max network layer size:           42 /    1482
 min/max overhead-adjusted size:       42 /    1482
 average network hdr offset:           14

                   Bulk  Best Effort        Voice
  thresh      437496bit        7Mbit     1750Kbit
  target         41.5ms          5ms       10.4ms
  interval        137ms        100ms        105ms
  pk_delay          0us         16ms        147us
  av_delay          0us         11ms          2us
  sp_delay          0us       7.51ms          2us
  backlog            0b        7410b           0b
  pkts                0         8840            2
  bytes               0     13001223           84
  way_inds            0            0            0
  way_miss            0           12            1
  way_cols            0            0            0
  drops               0            0            0
  marks               0         1834            0
  ack_drop            0            0            0
  sp_flows            0            0            1
  bk_flows            0            1            0
  un_flows            0            0            0
  max_len             0         2964           42
  quantum           300          300          300

======================================================================
Timestamp: 2026-04-28 11:55:23
qdisc htb 1: root refcnt 13 r2q 10 default 0x10 direct_packets_stat 0 direct_qlen 1000
 Sent 13627560 bytes 9270 pkt (dropped 0, overlimits 67 requeues 0) 
 backlog 0b 0p requeues 0
qdisc cake 20: parent 1:10 bandwidth 7Mbit diffserv3 triple-isolate nonat nowash no-ack-filter split-gso rtt 100ms raw overhead 0 
 Sent 13627560 bytes 9270 pkt (dropped 0, overlimits 26929 requeues 0) 
 backlog 0b 0p requeues 0
 memory used: 29952b of 4Mb
 capacity estimate: 7Mbit
 min/max network layer size:           42 /    1482
 min/max overhead-adjusted size:       42 /    1482
 average network hdr offset:           14

                   Bulk  Best Effort        Voice
  thresh      437496bit        7Mbit     1750Kbit
  target         41.5ms          5ms       10.4ms
  interval        137ms        100ms        105ms
  pk_delay          0us       14.5ms        521us
  av_delay          0us       10.7ms          8us
  sp_delay          0us       3.95ms          8us
  backlog            0b           0b           0b
  pkts                0         9267            3
  bytes               0     13627434          126
  way_inds            0            0            0
  way_miss            0           12            1
  way_cols            0            0            0
  drops               0            0            0
  marks               0         1977            0
  ack_drop            0            0            0
  sp_flows            0            0            1
  bk_flows            0            1            0
  un_flows            0            0            0
  max_len             0         2964           42
  quantum           300          300          300

======================================================================
Timestamp: 2026-04-28 11:55:24
qdisc htb 1: root refcnt 13 r2q 10 default 0x10 direct_packets_stat 0 direct_qlen 1000
 Sent 14213013 bytes 9669 pkt (dropped 0, overlimits 67 requeues 0) 
 backlog 8892b 6p requeues 0
qdisc cake 20: parent 1:10 bandwidth 7Mbit diffserv3 triple-isolate nonat nowash no-ack-filter split-gso rtt 100ms raw overhead 0 
 Sent 14213013 bytes 9669 pkt (dropped 0, overlimits 28113 requeues 0) 
 backlog 8892b 6p requeues 0
 memory used: 29952b of 4Mb
 capacity estimate: 7Mbit
 min/max network layer size:           42 /    1482
 min/max overhead-adjusted size:       42 /    1482
 average network hdr offset:           14

                   Bulk  Best Effort        Voice
  thresh      437496bit        7Mbit     1750Kbit
  target         41.5ms          5ms       10.4ms
  interval        137ms        100ms        105ms
  pk_delay          0us       15.7ms        521us
  av_delay          0us       10.9ms          8us
  sp_delay          0us       6.02ms          8us
  backlog            0b        8892b           0b
  pkts                0         9672            3
  bytes               0     14221779          126
  way_inds            0            0            0
  way_miss            0           12            1
  way_cols            0            0            0
  drops               0            0            0
  marks               0         2106            0
  ack_drop            0            0            0
  sp_flows            0            0            1
  bk_flows            0            1            0
  un_flows            0            0            0
  max_len             0         2964           42
  quantum           300          300          300

======================================================================
Timestamp: 2026-04-28 11:55:25
qdisc htb 1: root refcnt 13 r2q 10 default 0x10 direct_packets_stat 0 direct_qlen 1000
 Sent 14915327 bytes 10144 pkt (dropped 0, overlimits 67 requeues 0) 
 backlog 0b 0p requeues 0
qdisc cake 20: parent 1:10 bandwidth 7Mbit diffserv3 triple-isolate nonat nowash no-ack-filter split-gso rtt 100ms raw overhead 0 
 Sent 14915327 bytes 10144 pkt (dropped 0, overlimits 29510 requeues 0) 
 backlog 0b 0p requeues 0
 memory used: 29952b of 4Mb
 capacity estimate: 7Mbit
 min/max network layer size:           42 /    1482
 min/max overhead-adjusted size:       42 /    1482
 average network hdr offset:           14

                   Bulk  Best Effort        Voice
  thresh      437496bit        7Mbit     1750Kbit
  target         41.5ms          5ms       10.4ms
  interval        137ms        100ms        105ms
  pk_delay          0us       16.1ms        521us
  av_delay          0us       10.9ms          8us
  sp_delay          0us       5.63ms          8us
  backlog            0b           0b           0b
  pkts                0        10141            3
  bytes               0     14915201          126
  way_inds            0            0            0
  way_miss            0           12            1
  way_cols            0            0            0
  drops               0            0            0
  marks               0         2301            0
  ack_drop            0            0            0
  sp_flows            0            0            1
  bk_flows            0            1            0
  un_flows            0            0            0
  max_len             0         2964           42
  quantum           300          300          300

======================================================================
Timestamp: 2026-04-28 11:55:26
qdisc htb 1: root refcnt 13 r2q 10 default 0x10 direct_packets_stat 0 direct_qlen 1000
 Sent 15429504 bytes 10493 pkt (dropped 0, overlimits 67 requeues 0) 
 backlog 5928b 4p requeues 0
qdisc cake 20: parent 1:10 bandwidth 7Mbit diffserv3 triple-isolate nonat nowash no-ack-filter split-gso rtt 100ms raw overhead 0 
 Sent 15429504 bytes 10493 pkt (dropped 0, overlimits 30533 requeues 0) 
 backlog 5928b 4p requeues 0
 memory used: 29952b of 4Mb
 capacity estimate: 7Mbit
 min/max network layer size:           42 /    1482
 min/max overhead-adjusted size:       42 /    1482
 average network hdr offset:           14

                   Bulk  Best Effort        Voice
  thresh      437496bit        7Mbit     1750Kbit
  target         41.5ms          5ms       10.4ms
  interval        137ms        100ms        105ms
  pk_delay          0us       16.4ms        521us
  av_delay          0us       11.2ms          8us
  sp_delay          0us       7.27ms          8us
  backlog            0b        5928b           0b
  pkts                0        10494            3
  bytes               0     15435306          126
  way_inds            0            0            0
  way_miss            0           12            1
  way_cols            0            0            0
  drops               0            0            0
  marks               0         2431            0
  ack_drop            0            0            0
  sp_flows            0            0            1
  bk_flows            0            1            0
  un_flows            0            0            0
  max_len             0         2964           42
  quantum           300          300          300

======================================================================
Timestamp: 2026-04-28 11:55:27
qdisc htb 1: root refcnt 13 r2q 10 default 0x10 direct_packets_stat 0 direct_qlen 1000
 Sent 16062312 bytes 10921 pkt (dropped 0, overlimits 67 requeues 0) 
 backlog 0b 0p requeues 0
qdisc cake 20: parent 1:10 bandwidth 7Mbit diffserv3 triple-isolate nonat nowash no-ack-filter split-gso rtt 100ms raw overhead 0 
 Sent 16062312 bytes 10921 pkt (dropped 0, overlimits 31789 requeues 0) 
 backlog 0b 0p requeues 0
 memory used: 29952b of 4Mb
 capacity estimate: 7Mbit
 min/max network layer size:           42 /    1482
 min/max overhead-adjusted size:       42 /    1482
 average network hdr offset:           14

                   Bulk  Best Effort        Voice
  thresh      437496bit        7Mbit     1750Kbit
  target         41.5ms          5ms       10.4ms
  interval        137ms        100ms        105ms
  pk_delay          0us       15.9ms        521us
  av_delay          0us         11ms          8us
  sp_delay          0us       4.34ms          8us
  backlog            0b           0b           0b
  pkts                0        10918            3
  bytes               0     16062186          126
  way_inds            0            0            0
  way_miss            0           12            1
  way_cols            0            0            0
  drops               0            0            0
  marks               0         2614            0
  ack_drop            0            0            0
  sp_flows            0            0            1
  bk_flows            0            1            0
  un_flows            0            0            0
  max_len             0         2964           42
  quantum           300          300          300

======================================================================
Timestamp: 2026-04-28 11:55:28
qdisc htb 1: root refcnt 13 r2q 10 default 0x10 direct_packets_stat 0 direct_qlen 1000
 Sent 16563054 bytes 11260 pkt (dropped 0, overlimits 67 requeues 0) 
 backlog 7410b 5p requeues 0
qdisc cake 20: parent 1:10 bandwidth 7Mbit diffserv3 triple-isolate nonat nowash no-ack-filter split-gso rtt 100ms raw overhead 0 
 Sent 16563054 bytes 11260 pkt (dropped 0, overlimits 32795 requeues 0) 
 backlog 7410b 5p requeues 0
 memory used: 29952b of 4Mb
 capacity estimate: 7Mbit
 min/max network layer size:           42 /    1482
 min/max overhead-adjusted size:       42 /    1482
 average network hdr offset:           14

                   Bulk  Best Effort        Voice
  thresh      437496bit        7Mbit     1750Kbit
  target         41.5ms          5ms       10.4ms
  interval        137ms        100ms        105ms
  pk_delay          0us       14.9ms        521us
  av_delay          0us       10.3ms          8us
  sp_delay          0us       4.57ms          8us
  backlog            0b        7410b           0b
  pkts                0        11262            3
  bytes               0     16570338          126
  way_inds            0            0            0
  way_miss            0           12            1
  way_cols            0            0            0
  drops               0            0            0
  marks               0         2733            0
  ack_drop            0            0            0
  sp_flows            0            0            1
  bk_flows            0            1            0
  un_flows            0            0            0
  max_len             0         2964           42
  quantum           300          300          300

======================================================================
Timestamp: 2026-04-28 11:55:29
qdisc htb 1: root refcnt 13 r2q 10 default 0x10 direct_packets_stat 0 direct_qlen 1000
 Sent 17186092 bytes 11684 pkt (dropped 0, overlimits 67 requeues 0) 
 backlog 0b 0p requeues 0
qdisc cake 20: parent 1:10 bandwidth 7Mbit diffserv3 triple-isolate nonat nowash no-ack-filter split-gso rtt 100ms raw overhead 0 
 Sent 17186092 bytes 11684 pkt (dropped 0, overlimits 34040 requeues 0) 
 backlog 0b 0p requeues 0
 memory used: 29952b of 4Mb
 capacity estimate: 7Mbit
 min/max network layer size:           42 /    1482
 min/max overhead-adjusted size:       42 /    1482
 average network hdr offset:           14

                   Bulk  Best Effort        Voice
  thresh      437496bit        7Mbit     1750Kbit
  target         41.5ms          5ms       10.4ms
  interval        137ms        100ms        105ms
  pk_delay          0us         17ms        521us
  av_delay          0us       11.1ms          8us
  sp_delay          0us       6.18ms          8us
  backlog            0b           0b           0b
  pkts                0        11681            3
  bytes               0     17185966          126
  way_inds            0            0            0
  way_miss            0           12            1
  way_cols            0            0            0
  drops               0            0            0
  marks               0         2911            0
  ack_drop            0            0            0
  sp_flows            0            0            1
  bk_flows            0            1            0
  un_flows            0            0            0
  max_len             0         2964           42
  quantum           300          300          300

======================================================================
Timestamp: 2026-04-28 11:55:30
qdisc htb 1: root refcnt 13 r2q 10 default 0x10 direct_packets_stat 0 direct_qlen 1000
 Sent 17616185 bytes 11982 pkt (dropped 0, overlimits 67 requeues 0) 
 backlog 13338b 9p requeues 0
qdisc cake 20: parent 1:10 bandwidth 7Mbit diffserv3 triple-isolate nonat nowash no-ack-filter split-gso rtt 100ms raw overhead 0 
 Sent 17616185 bytes 11982 pkt (dropped 0, overlimits 34918 requeues 0) 
 backlog 13338b 9p requeues 0
 memory used: 29952b of 4Mb
 capacity estimate: 7Mbit
 min/max network layer size:           42 /    1482
 min/max overhead-adjusted size:       42 /    1482
 average network hdr offset:           14

                   Bulk  Best Effort        Voice
  thresh      437496bit        7Mbit     1750Kbit
  target         41.5ms          5ms       10.4ms
  interval        137ms        100ms        105ms
  pk_delay          0us       15.1ms        520us
  av_delay          0us       10.7ms          9us
  sp_delay          0us       2.73ms          9us
  backlog            0b       13338b           0b
  pkts                0        11987            4
  bytes               0     17629355          168
  way_inds            0            0            0
  way_miss            0           14            1
  way_cols            0            0            0
  drops               0            0            0
  marks               0         3012            0
  ack_drop            0            0            0
  sp_flows            0            2            1
  bk_flows            0            1            0
  un_flows            0            0            0
  max_len             0         2964           42
  quantum           300          300          300

======================================================================
Timestamp: 2026-04-28 11:55:31
qdisc htb 1: root refcnt 13 r2q 10 default 0x10 direct_packets_stat 0 direct_qlen 1000
 Sent 18489452 bytes 12569 pkt (dropped 1, overlimits 67 requeues 0) 
 backlog 6056b 4p requeues 0
qdisc cake 20: parent 1:10 bandwidth 7Mbit diffserv3 triple-isolate nonat nowash no-ack-filter split-gso rtt 100ms raw overhead 0 
 Sent 18489452 bytes 12569 pkt (dropped 1, overlimits 36594 requeues 0) 
 backlog 6056b 4p requeues 0
 memory used: 62560b of 4Mb
 capacity estimate: 7Mbit
 min/max network layer size:           42 /    1514
 min/max overhead-adjusted size:       42 /    1514
 average network hdr offset:           14

                   Bulk  Best Effort        Voice
  thresh      437496bit        7Mbit     1750Kbit
  target         41.5ms          5ms       10.4ms
  interval        137ms        100ms        105ms
  pk_delay          0us       21.5ms        520us
  av_delay          0us       9.41ms          9us
  sp_delay          0us       4.63ms          9us
  backlog            0b        6056b           0b
  pkts                0        12570            4
  bytes               0     18496854          168
  way_inds            0            0            0
  way_miss            0           16            1
  way_cols            0            0            0
  drops               0            1            0
  marks               0         3100            0
  ack_drop            0            0            0
  sp_flows            0            1            1
  bk_flows            0            1            0
  un_flows            0            0            0
  max_len             0         2964           42
  quantum           300          300          300

======================================================================
Timestamp: 2026-04-28 11:55:32
qdisc htb 1: root refcnt 13 r2q 10 default 0x10 direct_packets_stat 0 direct_qlen 1000
 Sent 19367427 bytes 13152 pkt (dropped 3, overlimits 67 requeues 0) 
 backlog 35632b 24p requeues 0
qdisc cake 20: parent 1:10 bandwidth 7Mbit diffserv3 triple-isolate nonat nowash no-ack-filter split-gso rtt 100ms raw overhead 0 
 Sent 19367427 bytes 13152 pkt (dropped 3, overlimits 38323 requeues 0) 
 backlog 35632b 24p requeues 0
 memory used: 67528b of 4Mb
 capacity estimate: 7Mbit
 min/max network layer size:           42 /    1514
 min/max overhead-adjusted size:       42 /    1514
 average network hdr offset:           14

                   Bulk  Best Effort        Voice
  thresh      437496bit        7Mbit     1750Kbit
  target         41.5ms          5ms       10.4ms
  interval        137ms        100ms        105ms
  pk_delay          0us       77.5ms        520us
  av_delay          0us       27.5ms          9us
  sp_delay          0us       10.1ms          9us
  backlog            0b       35632b           0b
  pkts                0        13175            4
  bytes               0     19407433          168
  way_inds            0            0            0
  way_miss            0           16            1
  way_cols            0            0            0
  drops               0            3            0
  marks               0         3200            0
  ack_drop            0            0            0
  sp_flows            0            0            1
  bk_flows            0            2            0
  un_flows            0            0            0
  max_len             0         2964           42
  quantum           300          300          300

======================================================================
Timestamp: 2026-04-28 11:55:33
qdisc htb 1: root refcnt 13 r2q 10 default 0x10 direct_packets_stat 0 direct_qlen 1000
 Sent 20245547 bytes 13742 pkt (dropped 5, overlimits 67 requeues 0) 
 backlog 16430b 11p requeues 0
qdisc cake 20: parent 1:10 bandwidth 7Mbit diffserv3 triple-isolate nonat nowash no-ack-filter split-gso rtt 100ms raw overhead 0 
 Sent 20245547 bytes 13742 pkt (dropped 5, overlimits 40048 requeues 0) 
 backlog 16430b 11p requeues 0
 memory used: 67528b of 4Mb
 capacity estimate: 7Mbit
 min/max network layer size:           42 /    1514
 min/max overhead-adjusted size:       42 /    1514
 average network hdr offset:           14

                   Bulk  Best Effort        Voice
  thresh      437496bit        7Mbit     1750Kbit
  target         41.5ms          5ms       10.4ms
  interval        137ms        100ms        105ms
  pk_delay          0us       28.4ms        520us
  av_delay          0us       21.3ms          9us
  sp_delay          0us       8.17ms          9us
  backlog            0b       16430b           0b
  pkts                0        13754            4
  bytes               0     20269379          168
  way_inds            0            0            0
  way_miss            0           16            1
  way_cols            0            0            0
  drops               0            5            0
  marks               0         3480            0
  ack_drop            0            0            0
  sp_flows            0            0            1
  bk_flows            0            2            0
  un_flows            0            0            0
  max_len             0         2964           42
  quantum           300          300          300

======================================================================
Timestamp: 2026-04-28 11:55:34
qdisc htb 1: root refcnt 13 r2q 10 default 0x10 direct_packets_stat 0 direct_qlen 1000
 Sent 21124955 bytes 14331 pkt (dropped 7, overlimits 322 requeues 0) 
 backlog 13466b 9p requeues 0
qdisc cake 20: parent 1:10 bandwidth 7Mbit diffserv3 triple-isolate nonat nowash no-ack-filter split-gso rtt 100ms raw overhead 0 
 Sent 21124955 bytes 14331 pkt (dropped 7, overlimits 41424 requeues 0) 
 backlog 13466b 9p requeues 0
 memory used: 67528b of 4Mb
 capacity estimate: 7Mbit
 min/max network layer size:           42 /    1514
 min/max overhead-adjusted size:       42 /    1514
 average network hdr offset:           14

                   Bulk  Best Effort        Voice
  thresh      437496bit        7Mbit     1750Kbit
  target         41.5ms          5ms       10.4ms
  interval        137ms        100ms        105ms
  pk_delay          0us       26.3ms        520us
  av_delay          0us       17.5ms          9us
  sp_delay          0us       8.36ms          9us
  backlog            0b       13466b           0b
  pkts                0        14343            4
  bytes               0     21148851          168
  way_inds            0            0            0
  way_miss            0           16            1
  way_cols            0            0            0
  drops               0            7            0
  marks               0         3779            0
  ack_drop            0            0            0
  sp_flows            0            0            1
  bk_flows            0            2            0
  un_flows            0            0            0
  max_len             0         2964           42
  quantum           300          300          300

======================================================================
Timestamp: 2026-04-28 11:55:35
qdisc htb 1: root refcnt 13 r2q 10 default 0x10 direct_packets_stat 0 direct_qlen 1000
 Sent 21991028 bytes 14911 pkt (dropped 10, overlimits 474 requeues 0) 
 backlog 16Kb 11p requeues 0
qdisc cake 20: parent 1:10 bandwidth 7Mbit diffserv3 triple-isolate nonat nowash no-ack-filter split-gso rtt 100ms raw overhead 0 
 Sent 21991028 bytes 14911 pkt (dropped 10, overlimits 42878 requeues 0) 
 backlog 16Kb 11p requeues 0
 memory used: 67528b of 4Mb
 capacity estimate: 7Mbit
 min/max network layer size:           42 /    1514
 min/max overhead-adjusted size:       42 /    1514
 average network hdr offset:           14

                   Bulk  Best Effort        Voice
  thresh      437496bit        7Mbit     1750Kbit
  target         41.5ms          5ms       10.4ms
  interval        137ms        100ms        105ms
  pk_delay          0us       30.5ms        520us
  av_delay          0us       16.5ms          9us
  sp_delay          0us       8.57ms          9us
  backlog            0b         16Kb           0b
  pkts                0        14928            4
  bytes               0     22022398          168
  way_inds            0            0            0
  way_miss            0           16            1
  way_cols            0            0            0
  drops               0           10            0
  marks               0         4037            0
  ack_drop            0            0            0
  sp_flows            0            0            1
  bk_flows            0            2            0
  un_flows            0            0            0
  max_len             0         2964           42
  quantum           300          300          300

======================================================================
Timestamp: 2026-04-28 11:55:36
qdisc htb 1: root refcnt 13 r2q 10 default 0x10 direct_packets_stat 0 direct_qlen 1000
 Sent 22868954 bytes 15499 pkt (dropped 12, overlimits 474 requeues 0) 
 backlog 14916b 10p requeues 0
qdisc cake 20: parent 1:10 bandwidth 7Mbit diffserv3 triple-isolate nonat nowash no-ack-filter split-gso rtt 100ms raw overhead 0 
 Sent 22868954 bytes 15499 pkt (dropped 12, overlimits 44626 requeues 0) 
 backlog 14916b 10p requeues 0
 memory used: 67528b of 4Mb
 capacity estimate: 7Mbit
 min/max network layer size:           42 /    1514
 min/max overhead-adjusted size:       42 /    1514
 average network hdr offset:           14

                   Bulk  Best Effort        Voice
  thresh      437496bit        7Mbit     1750Kbit
  target         41.5ms          5ms       10.4ms
  interval        137ms        100ms        105ms
  pk_delay          0us       30.1ms        520us
  av_delay          0us       18.1ms          9us
  sp_delay          0us       8.57ms          9us
  backlog            0b       14916b           0b
  pkts                0        15517            4
  bytes               0     22901870          168
  way_inds            0            0            0
  way_miss            0           16            1
  way_cols            0            0            0
  drops               0           12            0
  marks               0         4335            0
  ack_drop            0            0            0
  sp_flows            0            0            1
  bk_flows            0            2            0
  un_flows            0            0            0
  max_len             0         2964           42
  quantum           300          300          300

======================================================================
Timestamp: 2026-04-28 11:55:37
qdisc htb 1: root refcnt 13 r2q 10 default 0x10 direct_packets_stat 0 direct_qlen 1000
 Sent 23732325 bytes 16078 pkt (dropped 14, overlimits 474 requeues 0) 
 backlog 7538b 5p requeues 0
qdisc cake 20: parent 1:10 bandwidth 7Mbit diffserv3 triple-isolate nonat nowash no-ack-filter split-gso rtt 100ms raw overhead 0 
 Sent 23732325 bytes 16078 pkt (dropped 14, overlimits 46269 requeues 0) 
 backlog 7538b 5p requeues 0
 memory used: 67528b of 4Mb
 capacity estimate: 7Mbit
 min/max network layer size:           42 /    1514
 min/max overhead-adjusted size:       42 /    1514
 average network hdr offset:           14

                   Bulk  Best Effort        Voice
  thresh      437496bit        7Mbit     1750Kbit
  target         41.5ms          5ms       10.4ms
  interval        137ms        100ms        105ms
  pk_delay          0us       18.9ms        520us
  av_delay          0us       12.4ms          9us
  sp_delay          0us        951us          9us
  backlog            0b        7538b           0b
  pkts                0        16093            4
  bytes               0     23760891          168
  way_inds            0            0            0
  way_miss            0           16            1
  way_cols            0            0            0
  drops               0           14            0
  marks               0         4525            0
  ack_drop            0            0            0
  sp_flows            0            0            1
  bk_flows            0            2            0
  un_flows            0            0            0
  max_len             0         2964           42
  quantum           300          300          300

======================================================================
Timestamp: 2026-04-28 11:55:38
qdisc htb 1: root refcnt 13 r2q 10 default 0x10 direct_packets_stat 0 direct_qlen 1000
 Sent 24610251 bytes 16666 pkt (dropped 17, overlimits 474 requeues 0) 
 backlog 13402b 9p requeues 0
qdisc cake 20: parent 1:10 bandwidth 7Mbit diffserv3 triple-isolate nonat nowash no-ack-filter split-gso rtt 100ms raw overhead 0 
 Sent 24610251 bytes 16666 pkt (dropped 17, overlimits 48022 requeues 0) 
 backlog 13402b 9p requeues 0
 memory used: 67528b of 4Mb
 capacity estimate: 7Mbit
 min/max network layer size:           42 /    1514
 min/max overhead-adjusted size:       42 /    1514
 average network hdr offset:           14

                   Bulk  Best Effort        Voice
  thresh      437496bit        7Mbit     1750Kbit
  target         41.5ms          5ms       10.4ms
  interval        137ms        100ms        105ms
  pk_delay          0us       26.4ms        520us
  av_delay          0us       17.1ms          9us
  sp_delay          0us       10.8ms          9us
  backlog            0b       13402b           0b
  pkts                0        16688            4
  bytes               0     24649223          168
  way_inds            0            0            0
  way_miss            0           16            1
  way_cols            0            0            0
  drops               0           17            0
  marks               0         4790            0
  ack_drop            0            0            0
  sp_flows            0            0            1
  bk_flows            0            2            0
  un_flows            0            0            0
  max_len             0         2964           42
  quantum           300          300          300

======================================================================
Timestamp: 2026-04-28 11:55:39
qdisc htb 1: root refcnt 13 r2q 10 default 0x10 direct_packets_stat 0 direct_qlen 1000
 Sent 25470726 bytes 17243 pkt (dropped 19, overlimits 474 requeues 0) 
 backlog 22390b 15p requeues 0
qdisc cake 20: parent 1:10 bandwidth 7Mbit diffserv3 triple-isolate nonat nowash no-ack-filter split-gso rtt 100ms raw overhead 0 
 Sent 25470726 bytes 17243 pkt (dropped 19, overlimits 49709 requeues 0) 
 backlog 22390b 15p requeues 0
 memory used: 67528b of 4Mb
 capacity estimate: 7Mbit
 min/max network layer size:           42 /    1514
 min/max overhead-adjusted size:       42 /    1514
 average network hdr offset:           14

                   Bulk  Best Effort        Voice
  thresh      437496bit        7Mbit     1750Kbit
  target         41.5ms          5ms       10.4ms
  interval        137ms        100ms        105ms
  pk_delay          0us       30.2ms        520us
  av_delay          0us       16.7ms          9us
  sp_delay          0us       9.71ms          9us
  backlog            0b       22390b           0b
  pkts                0        17273            4
  bytes               0     25521714          168
  way_inds            0            0            0
  way_miss            0           16            1
  way_cols            0            0            0
  drops               0           19            0
  marks               0         5069            0
  ack_drop            0            0            0
  sp_flows            0            0            1
  bk_flows            0            2            0
  un_flows            0            0            0
  max_len             0         2964           42
  quantum           300          300          300

======================================================================
Timestamp: 2026-04-28 11:55:40
qdisc htb 1: root refcnt 13 r2q 10 default 0x10 direct_packets_stat 0 direct_qlen 1000
 Sent 26346871 bytes 17826 pkt (dropped 20, overlimits 474 requeues 0) 
 backlog 6056b 4p requeues 0
qdisc cake 20: parent 1:10 bandwidth 7Mbit diffserv3 triple-isolate nonat nowash no-ack-filter split-gso rtt 100ms raw overhead 0 
 Sent 26346871 bytes 17826 pkt (dropped 20, overlimits 51404 requeues 0) 
 backlog 6056b 4p requeues 0
 memory used: 67528b of 4Mb
 capacity estimate: 7Mbit
 min/max network layer size:           42 /    1514
 min/max overhead-adjusted size:       42 /    1514
 average network hdr offset:           14

                   Bulk  Best Effort        Voice
  thresh      437496bit        7Mbit     1750Kbit
  target         41.5ms          5ms       10.4ms
  interval        137ms        100ms        105ms
  pk_delay          0us       11.3ms        520us
  av_delay          0us       8.84ms          9us
  sp_delay          0us       4.51ms          9us
  backlog            0b        6056b           0b
  pkts                0        17846            4
  bytes               0     26383039          168
  way_inds            0            0            0
  way_miss            0           16            1
  way_cols            0            0            0
  drops               0           20            0
  marks               0         5161            0
  ack_drop            0            0            0
  sp_flows            0            1            1
  bk_flows            0            1            0
  un_flows            0            0            0
  max_len             0         2964           42
  quantum           300          300          300

======================================================================
Timestamp: 2026-04-28 11:55:41
qdisc htb 1: root refcnt 13 r2q 10 default 0x10 direct_packets_stat 0 direct_qlen 1000
 Sent 27225871 bytes 18410 pkt (dropped 22, overlimits 474 requeues 0) 
 backlog 17912b 12p requeues 0
qdisc cake 20: parent 1:10 bandwidth 7Mbit diffserv3 triple-isolate nonat nowash no-ack-filter split-gso rtt 100ms raw overhead 0 
 Sent 27225871 bytes 18410 pkt (dropped 22, overlimits 53159 requeues 0) 
 backlog 17912b 12p requeues 0
 memory used: 67528b of 4Mb
 capacity estimate: 7Mbit
 min/max network layer size:           42 /    1514
 min/max overhead-adjusted size:       42 /    1514
 average network hdr offset:           14

                   Bulk  Best Effort        Voice
  thresh      437496bit        7Mbit     1750Kbit
  target         41.5ms          5ms       10.4ms
  interval        137ms        100ms        105ms
  pk_delay          0us       27.9ms        520us
  av_delay          0us       13.3ms          9us
  sp_delay          0us       9.62ms          9us
  backlog            0b       17912b           0b
  pkts                0        18440            4
  bytes               0     27276923          168
  way_inds            0            0            0
  way_miss            0           16            1
  way_cols            0            0            0
  drops               0           22            0
  marks               0         5265            0
  ack_drop            0            0            0
  sp_flows            0            0            1
  bk_flows            0            2            0
  un_flows            0            0            0
  max_len             0         2964           42
  quantum           300          300          300

======================================================================
Timestamp: 2026-04-28 11:55:42
qdisc htb 1: root refcnt 13 r2q 10 default 0x10 direct_packets_stat 0 direct_qlen 1000
 Sent 28099323 bytes 18994 pkt (dropped 24, overlimits 474 requeues 0) 
 backlog 14884b 10p requeues 0
qdisc cake 20: parent 1:10 bandwidth 7Mbit diffserv3 triple-isolate nonat nowash no-ack-filter split-gso rtt 100ms raw overhead 0 
 Sent 28099323 bytes 18994 pkt (dropped 24, overlimits 54880 requeues 0) 
 backlog 14884b 10p requeues 0
 memory used: 67528b of 4Mb
 capacity estimate: 7Mbit
 min/max network layer size:           42 /    1514
 min/max overhead-adjusted size:       42 /    1514
 average network hdr offset:           14

                   Bulk  Best Effort        Voice
  thresh      437496bit        7Mbit     1750Kbit
  target         41.5ms          5ms       10.4ms
  interval        137ms        100ms        105ms
  pk_delay          0us       27.9ms        520us
  av_delay          0us       17.3ms         10us
  sp_delay          0us        7.7ms         10us
  backlog            0b       14884b           0b
  pkts                0        19023            5
  bytes               0     28150333          210
  way_inds            0            0            0
  way_miss            0           16            1
  way_cols            0            0            0
  drops               0           24            0
  marks               0         5550            0
  ack_drop            0            0            0
  sp_flows            0            0            1
  bk_flows            0            2            0
  un_flows            0            0            0
  max_len             0         2964           42
  quantum           300          300          300

======================================================================
Timestamp: 2026-04-28 11:55:43
qdisc htb 1: root refcnt 13 r2q 10 default 0x10 direct_packets_stat 0 direct_qlen 1000
 Sent 28941509 bytes 19557 pkt (dropped 26, overlimits 474 requeues 0) 
 backlog 13402b 9p requeues 0
qdisc cake 20: parent 1:10 bandwidth 7Mbit diffserv3 triple-isolate nonat nowash no-ack-filter split-gso rtt 100ms raw overhead 0 
 Sent 28941509 bytes 19557 pkt (dropped 26, overlimits 56503 requeues 0) 
 backlog 13402b 9p requeues 0
 memory used: 67528b of 4Mb
 capacity estimate: 7Mbit
 min/max network layer size:           42 /    1514
 min/max overhead-adjusted size:       42 /    1514
 average network hdr offset:           14

                   Bulk  Best Effort        Voice
  thresh      437496bit        7Mbit     1750Kbit
  target         41.5ms          5ms       10.4ms
  interval        137ms        100ms        105ms
  pk_delay          0us       27.4ms        520us
  av_delay          0us       16.1ms         10us
  sp_delay          0us        8.1ms         10us
  backlog            0b       13402b           0b
  pkts                0        19587            5
  bytes               0     28994065          210
  way_inds            0            0            0
  way_miss            0           16            1
  way_cols            0            0            0
  drops               0           26            0
  marks               0         5810            0
  ack_drop            0            0            0
  sp_flows            0            0            1
  bk_flows            0            2            0
  un_flows            0            0            0
  max_len             0         2964           42
  quantum           300          300          300

======================================================================
Timestamp: 2026-04-28 11:55:44
qdisc htb 1: root refcnt 13 r2q 10 default 0x10 direct_packets_stat 0 direct_qlen 1000
 Sent 29794681 bytes 20125 pkt (dropped 28, overlimits 474 requeues 0) 
 backlog 6056b 4p requeues 0
qdisc cake 20: parent 1:10 bandwidth 7Mbit diffserv3 triple-isolate nonat nowash no-ack-filter split-gso rtt 100ms raw overhead 0 
 Sent 29794681 bytes 20125 pkt (dropped 28, overlimits 58059 requeues 0) 
 backlog 6056b 4p requeues 0
 memory used: 67528b of 4Mb
 capacity estimate: 7Mbit
 min/max network layer size:           42 /    1514
 min/max overhead-adjusted size:       42 /    1514
 average network hdr offset:           14

                   Bulk  Best Effort        Voice
  thresh      437496bit        7Mbit     1750Kbit
  target         41.5ms          5ms       10.4ms
  interval        137ms        100ms        105ms
  pk_delay          0us       13.9ms        520us
  av_delay          0us       9.67ms         10us
  sp_delay          0us       1.28ms         10us
  backlog            0b        6056b           0b
  pkts                0        20152            5
  bytes               0     29842919          210
  way_inds            0            0            0
  way_miss            0           16            1
  way_cols            0            0            0
  drops               0           28            0
  marks               0         5999            0
  ack_drop            0            0            0
  sp_flows            0            1            1
  bk_flows            0            1            0
  un_flows            0            0            0
  max_len             0         2964           42
  quantum           300          300          300

======================================================================
Timestamp: 2026-04-28 11:55:45
qdisc htb 1: root refcnt 13 r2q 10 default 0x10 direct_packets_stat 0 direct_qlen 1000
 Sent 30673031 bytes 20708 pkt (dropped 29, overlimits 474 requeues 0) 
 backlog 17944b 12p requeues 0
qdisc cake 20: parent 1:10 bandwidth 7Mbit diffserv3 triple-isolate nonat nowash no-ack-filter split-gso rtt 100ms raw overhead 0 
 Sent 30673031 bytes 20708 pkt (dropped 29, overlimits 59809 requeues 0) 
 backlog 17944b 12p requeues 0
 memory used: 67528b of 4Mb
 capacity estimate: 7Mbit
 min/max network layer size:           42 /    1514
 min/max overhead-adjusted size:       42 /    1514
 average network hdr offset:           14

                   Bulk  Best Effort        Voice
  thresh      437496bit        7Mbit     1750Kbit
  target         41.5ms          5ms       10.4ms
  interval        137ms        100ms        105ms
  pk_delay          0us       26.7ms        520us
  av_delay          0us       12.4ms         10us
  sp_delay          0us       8.81ms         10us
  backlog            0b       17944b           0b
  pkts                0        20744            5
  bytes               0     30734671          210
  way_inds            0            0            0
  way_miss            0           16            1
  way_cols            0            0            0
  drops               0           29            0
  marks               0         6076            0
  ack_drop            0            0            0
  sp_flows            0            0            1
  bk_flows            0            2            0
  un_flows            0            0            0
  max_len             0         2964           42
  quantum           300          300          300

======================================================================
Timestamp: 2026-04-28 11:55:46
qdisc htb 1: root refcnt 13 r2q 10 default 0x10 direct_packets_stat 0 direct_qlen 1000
 Sent 31542352 bytes 21290 pkt (dropped 31, overlimits 474 requeues 0) 
 backlog 3028b 2p requeues 0
qdisc cake 20: parent 1:10 bandwidth 7Mbit diffserv3 triple-isolate nonat nowash no-ack-filter split-gso rtt 100ms raw overhead 0 
 Sent 31542352 bytes 21290 pkt (dropped 31, overlimits 61480 requeues 0) 
 backlog 3028b 2p requeues 0
 memory used: 67528b of 4Mb
 capacity estimate: 7Mbit
 min/max network layer size:           42 /    1514
 min/max overhead-adjusted size:       42 /    1514
 average network hdr offset:           14

                   Bulk  Best Effort        Voice
  thresh      437496bit        7Mbit     1750Kbit
  target         41.5ms          5ms       10.4ms
  interval        137ms        100ms        105ms
  pk_delay          0us       16.1ms        520us
  av_delay          0us       10.1ms         10us
  sp_delay          0us       2.17ms         10us
  backlog            0b        3028b           0b
  pkts                0        21318            5
  bytes               0     31592104          210
  way_inds            0            0            0
  way_miss            0           16            1
  way_cols            0            0            0
  drops               0           31            0
  marks               0         6274            0
  ack_drop            0            0            0
  sp_flows            0            1            1
  bk_flows            0            1            0
  un_flows            0            0            0
  max_len             0         2964           42
  quantum           300          300          300

======================================================================
Timestamp: 2026-04-28 11:55:47
qdisc htb 1: root refcnt 13 r2q 10 default 0x10 direct_packets_stat 0 direct_qlen 1000
 Sent 32419603 bytes 21871 pkt (dropped 32, overlimits 474 requeues 0) 
 backlog 20908b 14p requeues 0
qdisc cake 20: parent 1:10 bandwidth 7Mbit diffserv3 triple-isolate nonat nowash no-ack-filter split-gso rtt 100ms raw overhead 0 
 Sent 32419603 bytes 21871 pkt (dropped 32, overlimits 63231 requeues 0) 
 backlog 20908b 14p requeues 0
 memory used: 67528b of 4Mb
 capacity estimate: 7Mbit
 min/max network layer size:           42 /    1514
 min/max overhead-adjusted size:       42 /    1514
 average network hdr offset:           14

                   Bulk  Best Effort        Voice
  thresh      437496bit        7Mbit     1750Kbit
  target         41.5ms          5ms       10.4ms
  interval        137ms        100ms        105ms
  pk_delay          0us       26.1ms        520us
  av_delay          0us       11.4ms         10us
  sp_delay          0us       8.18ms         10us
  backlog            0b       20908b           0b
  pkts                0        21912            5
  bytes               0     32488749          210
  way_inds            0            0            0
  way_miss            0           16            1
  way_cols            0            0            0
  drops               0           32            0
  marks               0         6334            0
  ack_drop            0            0            0
  sp_flows            0            0            1
  bk_flows            0            2            0
  un_flows            0            0            0
  max_len             0         2964           42
  quantum           300          300          300

======================================================================
Timestamp: 2026-04-28 11:55:48
qdisc htb 1: root refcnt 13 r2q 10 default 0x10 direct_packets_stat 0 direct_qlen 1000
 Sent 33294547 bytes 22454 pkt (dropped 34, overlimits 474 requeues 0) 
 backlog 6056b 4p requeues 0
qdisc cake 20: parent 1:10 bandwidth 7Mbit diffserv3 triple-isolate nonat nowash no-ack-filter split-gso rtt 100ms raw overhead 0 
 Sent 33294547 bytes 22454 pkt (dropped 34, overlimits 64925 requeues 0) 
 backlog 6056b 4p requeues 0
 memory used: 67528b of 4Mb
 capacity estimate: 7Mbit
 min/max network layer size:           42 /    1514
 min/max overhead-adjusted size:       42 /    1514
 average network hdr offset:           14

                   Bulk  Best Effort        Voice
  thresh      437496bit        7Mbit     1750Kbit
  target         41.5ms          5ms       10.4ms
  interval        137ms        100ms        105ms
  pk_delay          0us       23.4ms        520us
  av_delay          0us       11.9ms         10us
  sp_delay          0us          3ms         10us
  backlog            0b        6056b           0b
  pkts                0        22487            5
  bytes               0     33351869          210
  way_inds            0            0            0
  way_miss            0           16            1
  way_cols            0            0            0
  drops               0           34            0
  marks               0         6488            0
  ack_drop            0            0            0
  sp_flows            0            1            1
  bk_flows            0            1            0
  un_flows            0            0            0
  max_len             0         2964           42
  quantum           300          300          300

======================================================================
Timestamp: 2026-04-28 11:55:49
qdisc htb 1: root refcnt 13 r2q 10 default 0x10 direct_packets_stat 0 direct_qlen 1000
 Sent 34173728 bytes 23036 pkt (dropped 35, overlimits 474 requeues 0) 
 backlog 16430b 11p requeues 0
qdisc cake 20: parent 1:10 bandwidth 7Mbit diffserv3 triple-isolate nonat nowash no-ack-filter split-gso rtt 100ms raw overhead 0 
 Sent 34173728 bytes 23036 pkt (dropped 35, overlimits 66677 requeues 0) 
 backlog 16430b 11p requeues 0
 memory used: 67528b of 4Mb
 capacity estimate: 7Mbit
 min/max network layer size:           42 /    1514
 min/max overhead-adjusted size:       42 /    1514
 average network hdr offset:           14

                   Bulk  Best Effort        Voice
  thresh      437496bit        7Mbit     1750Kbit
  target         41.5ms          5ms       10.4ms
  interval        137ms        100ms        105ms
  pk_delay          0us         31ms        520us
  av_delay          0us       10.8ms         10us
  sp_delay          0us       7.07ms         10us
  backlog            0b       16430b           0b
  pkts                0        23077            5
  bytes               0     34242938          210
  way_inds            0            0            0
  way_miss            0           16            1
  way_cols            0            0            0
  drops               0           35            0
  marks               0         6535            0
  ack_drop            0            0            0
  sp_flows            0            0            1
  bk_flows            0            2            0
  un_flows            0            0            0
  max_len             0         2964           42
  quantum           300          300          300

======================================================================
Timestamp: 2026-04-28 11:55:50
qdisc htb 1: root refcnt 13 r2q 10 default 0x10 direct_packets_stat 0 direct_qlen 1000
 Sent 35049014 bytes 23622 pkt (dropped 37, overlimits 474 requeues 0) 
 backlog 4542b 3p requeues 0
qdisc cake 20: parent 1:10 bandwidth 7Mbit diffserv3 triple-isolate nonat nowash no-ack-filter split-gso rtt 100ms raw overhead 0 
 Sent 35049014 bytes 23622 pkt (dropped 37, overlimits 68388 requeues 0) 
 backlog 4542b 3p requeues 0
 memory used: 67528b of 4Mb
 capacity estimate: 7Mbit
 min/max network layer size:           42 /    1514
 min/max overhead-adjusted size:       42 /    1514
 average network hdr offset:           14

                   Bulk  Best Effort        Voice
  thresh      437496bit        7Mbit     1750Kbit
  target         41.5ms          5ms       10.4ms
  interval        137ms        100ms        105ms
  pk_delay          0us       17.4ms        586us
  av_delay          0us       11.6ms         13us
  sp_delay          0us       1.04ms         13us
  backlog            0b        4542b           0b
  pkts                0        23656            6
  bytes               0     35109322          252
  way_inds            0            0            0
  way_miss            0           16            1
  way_cols            0            0            0
  drops               0           37            0
  marks               0         6779            0
  ack_drop            0            0            0
  sp_flows            0            1            1
  bk_flows            0            1            0
  un_flows            0            0            0
  max_len             0         2964           42
  quantum           300          300          300

======================================================================
Timestamp: 2026-04-28 11:55:51
qdisc htb 1: root refcnt 13 r2q 10 default 0x10 direct_packets_stat 0 direct_qlen 1000
 Sent 35927129 bytes 24203 pkt (dropped 38, overlimits 474 requeues 0) 
 backlog 16559b 12p requeues 0
qdisc cake 20: parent 1:10 bandwidth 7Mbit diffserv3 triple-isolate nonat nowash no-ack-filter split-gso rtt 100ms raw overhead 0 
 Sent 35927129 bytes 24203 pkt (dropped 38, overlimits 70139 requeues 0) 
 backlog 16559b 12p requeues 0
 memory used: 67528b of 4Mb
 capacity estimate: 7Mbit
 min/max network layer size:           42 /    1514
 min/max overhead-adjusted size:       42 /    1514
 average network hdr offset:           14

                   Bulk  Best Effort        Voice
  thresh      437496bit        7Mbit     1750Kbit
  target         41.5ms          5ms       10.4ms
  interval        137ms        100ms        105ms
  pk_delay          0us       30.8ms        586us
  av_delay          0us       10.4ms         13us
  sp_delay          0us       6.35ms         13us
  backlog            0b       16559b           0b
  pkts                0        24247            6
  bytes               0     36000968          252
  way_inds            0            0            0
  way_miss            0           16            1
  way_cols            0            0            0
  drops               0           38            0
  marks               0         6812            0
  ack_drop            0            0            0
  sp_flows            0            0            1
  bk_flows            0            2            0
  un_flows            0            0            0
  max_len             0         2964           42
  quantum           300          300          300

======================================================================
Timestamp: 2026-04-28 11:55:52
qdisc htb 1: root refcnt 13 r2q 10 default 0x10 direct_packets_stat 0 direct_qlen 1000
 Sent 36804812 bytes 24792 pkt (dropped 40, overlimits 474 requeues 0) 
 backlog 4542b 3p requeues 0
qdisc cake 20: parent 1:10 bandwidth 7Mbit diffserv3 triple-isolate nonat nowash no-ack-filter split-gso rtt 100ms raw overhead 0 
 Sent 36804812 bytes 24792 pkt (dropped 40, overlimits 71882 requeues 0) 
 backlog 4542b 3p requeues 0
 memory used: 67528b of 4Mb
 capacity estimate: 7Mbit
 min/max network layer size:           42 /    1514
 min/max overhead-adjusted size:       42 /    1514
 average network hdr offset:           14

                   Bulk  Best Effort        Voice
  thresh      437496bit        7Mbit     1750Kbit
  target         41.5ms          5ms       10.4ms
  interval        137ms        100ms        105ms
  pk_delay          0us       23.6ms        586us
  av_delay          0us       14.7ms         13us
  sp_delay          0us       2.48ms         13us
  backlog            0b        4542b           0b
  pkts                0        24829            6
  bytes               0     36869662          252
  way_inds            0            0            0
  way_miss            0           16            1
  way_cols            0            0            0
  drops               0           40            0
  marks               0         7085            0
  ack_drop            0            0            0
  sp_flows            0            1            1
  bk_flows            0            1            0
  un_flows            0            0            0
  max_len             0         2964           42
  quantum           300          300          300

======================================================================
Timestamp: 2026-04-28 11:55:53
qdisc htb 1: root refcnt 13 r2q 10 default 0x10 direct_packets_stat 0 direct_qlen 1000
 Sent 37683375 bytes 25373 pkt (dropped 40, overlimits 474 requeues 0) 
 backlog 19426b 13p requeues 0
qdisc cake 20: parent 1:10 bandwidth 7Mbit diffserv3 triple-isolate nonat nowash no-ack-filter split-gso rtt 100ms raw overhead 0 
 Sent 37683375 bytes 25373 pkt (dropped 40, overlimits 73631 requeues 0) 
 backlog 19426b 13p requeues 0
 memory used: 67528b of 4Mb
 capacity estimate: 7Mbit
 min/max network layer size:           42 /    1514
 min/max overhead-adjusted size:       42 /    1514
 average network hdr offset:           14

                   Bulk  Best Effort        Voice
  thresh      437496bit        7Mbit     1750Kbit
  target         41.5ms          5ms       10.4ms
  interval        137ms        100ms        105ms
  pk_delay          0us       19.9ms        586us
  av_delay          0us       9.22ms         13us
  sp_delay          0us       4.65ms         13us
  backlog            0b       19426b           0b
  pkts                0        25420            6
  bytes               0     37763109          252
  way_inds            0            0            0
  way_miss            0           16            1
  way_cols            0            0            0
  drops               0           40            0
  marks               0         7104            0
  ack_drop            0            0            0
  sp_flows            0            0            1
  bk_flows            0            2            0
  un_flows            0            0            0
  max_len             0         2964           42
  quantum           300          300          300

======================================================================
Timestamp: 2026-04-28 11:55:54
qdisc htb 1: root refcnt 13 r2q 10 default 0x10 direct_packets_stat 0 direct_qlen 1000
 Sent 38561332 bytes 25961 pkt (dropped 43, overlimits 474 requeues 0) 
 backlog 0b 0p requeues 0
qdisc cake 20: parent 1:10 bandwidth 7Mbit diffserv3 triple-isolate nonat nowash no-ack-filter split-gso rtt 100ms raw overhead 0 
 Sent 38561332 bytes 25961 pkt (dropped 43, overlimits 75363 requeues 0) 
 backlog 0b 0p requeues 0
 memory used: 67528b of 4Mb
 capacity estimate: 7Mbit
 min/max network layer size:           42 /    1514
 min/max overhead-adjusted size:       42 /    1514
 average network hdr offset:           14

                   Bulk  Best Effort        Voice
  thresh      437496bit        7Mbit     1750Kbit
  target         41.5ms          5ms       10.4ms
  interval        137ms        100ms        105ms
  pk_delay          0us       24.6ms        586us
  av_delay          0us       15.8ms         13us
  sp_delay          0us       1.65ms         13us
  backlog            0b           0b           0b
  pkts                0        25998            6
  bytes               0     38626182          252
  way_inds            0            0            0
  way_miss            0           16            1
  way_cols            0            0            0
  drops               0           43            0
  marks               0         7391            0
  ack_drop            0            0            0
  sp_flows            0            1            1
  bk_flows            0            1            0
  un_flows            0            0            0
  max_len             0         2964           42
  quantum           300          300          300

======================================================================
Timestamp: 2026-04-28 11:55:55
qdisc htb 1: root refcnt 13 r2q 10 default 0x10 direct_packets_stat 0 direct_qlen 1000
 Sent 39439082 bytes 26542 pkt (dropped 43, overlimits 474 requeues 0) 
 backlog 14980b 10p requeues 0
qdisc cake 20: parent 1:10 bandwidth 7Mbit diffserv3 triple-isolate nonat nowash no-ack-filter split-gso rtt 100ms raw overhead 0 
 Sent 39439082 bytes 26542 pkt (dropped 43, overlimits 77115 requeues 0) 
 backlog 14980b 10p requeues 0
 memory used: 67528b of 4Mb
 capacity estimate: 7Mbit
 min/max network layer size:           42 /    1514
 min/max overhead-adjusted size:       42 /    1514
 average network hdr offset:           14

                   Bulk  Best Effort        Voice
  thresh      437496bit        7Mbit     1750Kbit
  target         41.5ms          5ms       10.4ms
  interval        137ms        100ms        105ms
  pk_delay          0us       13.9ms        586us
  av_delay          0us       8.41ms         13us
  sp_delay          0us       3.85ms         13us
  backlog            0b       14980b           0b
  pkts                0        26589            6
  bytes               0     39518912          252
  way_inds            0            0            0
  way_miss            0           16            1
  way_cols            0            0            0
  drops               0           43            0
  marks               0         7395            0
  ack_drop            0            0            0
  sp_flows            0            0            1
  bk_flows            0            2            0
  un_flows            0            0            0
  max_len             0         2964           42
  quantum           300          300          300

======================================================================
Timestamp: 2026-04-28 11:55:56
qdisc htb 1: root refcnt 13 r2q 10 default 0x10 direct_packets_stat 0 direct_qlen 1000
 Sent 40316814 bytes 27128 pkt (dropped 47, overlimits 474 requeues 0) 
 backlog 11848b 8p requeues 0
qdisc cake 20: parent 1:10 bandwidth 7Mbit diffserv3 triple-isolate nonat nowash no-ack-filter split-gso rtt 100ms raw overhead 0 
 Sent 40316814 bytes 27128 pkt (dropped 47, overlimits 78858 requeues 0) 
 backlog 11848b 8p requeues 0
 memory used: 67528b of 4Mb
 capacity estimate: 7Mbit
 min/max network layer size:           42 /    1514
 min/max overhead-adjusted size:       42 /    1514
 average network hdr offset:           14

                   Bulk  Best Effort        Voice
  thresh      437496bit        7Mbit     1750Kbit
  target         41.5ms          5ms       10.4ms
  interval        137ms        100ms        105ms
  pk_delay          0us       25.9ms        586us
  av_delay          0us       16.1ms         13us
  sp_delay          0us          8ms         13us
  backlog            0b       11848b           0b
  pkts                0        27177            6
  bytes               0     40399568          252
  way_inds            0            0            0
  way_miss            0           16            1
  way_cols            0            0            0
  drops               0           47            0
  marks               0         7691            0
  ack_drop            0            0            0
  sp_flows            0            0            1
  bk_flows            0            2            0
  un_flows            0            0            0
  max_len             0         2964           42
  quantum           300          300          300

======================================================================
Timestamp: 2026-04-28 11:55:57
qdisc htb 1: root refcnt 13 r2q 10 default 0x10 direct_packets_stat 0 direct_qlen 1000
 Sent 41173236 bytes 27695 pkt (dropped 47, overlimits 474 requeues 0) 
 backlog 6056b 4p requeues 0
qdisc cake 20: parent 1:10 bandwidth 7Mbit diffserv3 triple-isolate nonat nowash no-ack-filter split-gso rtt 100ms raw overhead 0 
 Sent 41173236 bytes 27695 pkt (dropped 47, overlimits 80442 requeues 0) 
 backlog 6056b 4p requeues 0
 memory used: 67528b of 4Mb
 capacity estimate: 7Mbit
 min/max network layer size:           42 /    1514
 min/max overhead-adjusted size:       42 /    1514
 average network hdr offset:           14

                   Bulk  Best Effort        Voice
  thresh      437496bit        7Mbit     1750Kbit
  target         41.5ms          5ms       10.4ms
  interval        137ms        100ms        105ms
  pk_delay          0us       10.1ms        586us
  av_delay          0us       7.86ms         13us
  sp_delay          0us       3.81ms         13us
  backlog            0b        6056b           0b
  pkts                0        27740            6
  bytes               0     41250198          252
  way_inds            0            0            0
  way_miss            0           16            1
  way_cols            0            0            0
  drops               0           47            0
  marks               0         7697            0
  ack_drop            0            0            0
  sp_flows            0            1            1
  bk_flows            0            1            0
  un_flows            0            0            0
  max_len             0         2964           42
  quantum           300          300          300

======================================================================
Timestamp: 2026-04-28 11:55:58
qdisc htb 1: root refcnt 13 r2q 10 default 0x10 direct_packets_stat 0 direct_qlen 1000
 Sent 42050639 bytes 28281 pkt (dropped 50, overlimits 474 requeues 0) 
 backlog 14884b 10p requeues 0
qdisc cake 20: parent 1:10 bandwidth 7Mbit diffserv3 triple-isolate nonat nowash no-ack-filter split-gso rtt 100ms raw overhead 0 
 Sent 42050639 bytes 28281 pkt (dropped 50, overlimits 82167 requeues 0) 
 backlog 14884b 10p requeues 0
 memory used: 67528b of 4Mb
 capacity estimate: 7Mbit
 min/max network layer size:           42 /    1514
 min/max overhead-adjusted size:       42 /    1514
 average network hdr offset:           14

                   Bulk  Best Effort        Voice
  thresh      437496bit        7Mbit     1750Kbit
  target         41.5ms          5ms       10.4ms
  interval        137ms        100ms        105ms
  pk_delay          0us       27.9ms        586us
  av_delay          0us       12.6ms         13us
  sp_delay          0us       7.66ms         13us
  backlog            0b       14884b           0b
  pkts                0        28335            6
  bytes               0     42140971          252
  way_inds            0            0            0
  way_miss            0           16            1
  way_cols            0            0            0
  drops               0           50            0
  marks               0         7868            0
  ack_drop            0            0            0
  sp_flows            0            0            1
  bk_flows            0            2            0
  un_flows            0            0            0
  max_len             0         2964           42
  quantum           300          300          300

======================================================================
Timestamp: 2026-04-28 11:55:59
qdisc htb 1: root refcnt 13 r2q 10 default 0x10 direct_packets_stat 0 direct_qlen 1000
 Sent 42899465 bytes 28846 pkt (dropped 51, overlimits 474 requeues 0) 
 backlog 6056b 4p requeues 0
qdisc cake 20: parent 1:10 bandwidth 7Mbit diffserv3 triple-isolate nonat nowash no-ack-filter split-gso rtt 100ms raw overhead 0 
 Sent 42899465 bytes 28846 pkt (dropped 51, overlimits 83698 requeues 0) 
 backlog 6056b 4p requeues 0
 memory used: 67528b of 4Mb
 capacity estimate: 7Mbit
 min/max network layer size:           42 /    1514
 min/max overhead-adjusted size:       42 /    1514
 average network hdr offset:           14

                   Bulk  Best Effort        Voice
  thresh      437496bit        7Mbit     1750Kbit
  target         41.5ms          5ms       10.4ms
  interval        137ms        100ms        105ms
  pk_delay          0us        9.8ms        586us
  av_delay          0us       7.59ms         13us
  sp_delay          0us       4.67ms         13us
  backlog            0b        6056b           0b
  pkts                0        28895            6
  bytes               0     42982483          252
  way_inds            0            0            0
  way_miss            0           16            1
  way_cols            0            0            0
  drops               0           51            0
  marks               0         7923            0
  ack_drop            0            0            0
  sp_flows            0            1            1
  bk_flows            0            1            0
  un_flows            0            0            0
  max_len             0         2964           42
  quantum           300          300          300

======================================================================
Timestamp: 2026-04-28 11:56:00
qdisc htb 1: root refcnt 13 r2q 10 default 0x10 direct_packets_stat 0 direct_qlen 1000
 Sent 43777695 bytes 29433 pkt (dropped 54, overlimits 474 requeues 0) 
 backlog 18041b 13p requeues 0
qdisc cake 20: parent 1:10 bandwidth 7Mbit diffserv3 triple-isolate nonat nowash no-ack-filter split-gso rtt 100ms raw overhead 0 
 Sent 43777695 bytes 29433 pkt (dropped 54, overlimits 85452 requeues 0) 
 backlog 18041b 13p requeues 0
 memory used: 67528b of 4Mb
 capacity estimate: 7Mbit
 min/max network layer size:           42 /    1514
 min/max overhead-adjusted size:       42 /    1514
 average network hdr offset:           14

                   Bulk  Best Effort        Voice
  thresh      437496bit        7Mbit     1750Kbit
  target         41.5ms          5ms       10.4ms
  interval        137ms        100ms        105ms
  pk_delay          0us       26.9ms        586us
  av_delay          0us       16.5ms         13us
  sp_delay          0us       7.67ms         13us
  backlog            0b       18041b           0b
  pkts                0        29494            6
  bytes               0     43877240          252
  way_inds            0            0            0
  way_miss            0           16            1
  way_cols            0            0            0
  drops               0           54            0
  marks               0         8180            0
  ack_drop            0            0            0
  sp_flows            0            0            1
  bk_flows            0            2            0
  un_flows            0            0            0
  max_len             0         2964           42
  quantum           300          300          300

======================================================================
Timestamp: 2026-04-28 11:56:01
qdisc htb 1: root refcnt 13 r2q 10 default 0x10 direct_packets_stat 0 direct_qlen 1000
 Sent 44629709 bytes 30000 pkt (dropped 55, overlimits 474 requeues 0) 
 backlog 6056b 4p requeues 0
qdisc cake 20: parent 1:10 bandwidth 7Mbit diffserv3 triple-isolate nonat nowash no-ack-filter split-gso rtt 100ms raw overhead 0 
 Sent 44629709 bytes 30000 pkt (dropped 55, overlimits 87041 requeues 0) 
 backlog 6056b 4p requeues 0
 memory used: 67528b of 4Mb
 capacity estimate: 7Mbit
 min/max network layer size:           42 /    1514
 min/max overhead-adjusted size:       42 /    1514
 average network hdr offset:           14

                   Bulk  Best Effort        Voice
  thresh      437496bit        7Mbit     1750Kbit
  target         41.5ms          5ms       10.4ms
  interval        137ms        100ms        105ms
  pk_delay          0us       9.44ms        586us
  av_delay          0us       7.99ms         13us
  sp_delay          0us       4.58ms         13us
  backlog            0b        6056b           0b
  pkts                0        30053            6
  bytes               0     44718783          252
  way_inds            0            0            0
  way_miss            0           16            1
  way_cols            0            0            0
  drops               0           55            0
  marks               0         8228            0
  ack_drop            0            0            0
  sp_flows            0            1            1
  bk_flows            0            1            0
  un_flows            0            0            0
  max_len             0         2964           42
  quantum           300          300          300

======================================================================
Timestamp: 2026-04-28 11:56:02
qdisc htb 1: root refcnt 13 r2q 10 default 0x10 direct_packets_stat 0 direct_qlen 1000
 Sent 45480729 bytes 30567 pkt (dropped 57, overlimits 474 requeues 0) 
 backlog 6056b 4p requeues 0
qdisc cake 20: parent 1:10 bandwidth 7Mbit diffserv3 triple-isolate nonat nowash no-ack-filter split-gso rtt 100ms raw overhead 0 
 Sent 45480729 bytes 30567 pkt (dropped 57, overlimits 88593 requeues 0) 
 backlog 6056b 4p requeues 0
 memory used: 67528b of 4Mb
 capacity estimate: 7Mbit
 min/max network layer size:           42 /    1514
 min/max overhead-adjusted size:       42 /    1514
 average network hdr offset:           14

                   Bulk  Best Effort        Voice
  thresh      437496bit        7Mbit     1750Kbit
  target         41.5ms          5ms       10.4ms
  interval        137ms        100ms        105ms
  pk_delay          0us       12.4ms        586us
  av_delay          0us       7.63ms         13us
  sp_delay          0us       3.06ms         13us
  backlog            0b        6056b           0b
  pkts                0        30622            6
  bytes               0     45572831          252
  way_inds            0            0            0
  way_miss            0           16            1
  way_cols            0            0            0
  drops               0           57            0
  marks               0         8329            0
  ack_drop            0            0            0
  sp_flows            0            1            1
  bk_flows            0            1            0
  un_flows            0            0            0
  max_len             0         2964           42
  quantum           300          300          300

======================================================================
Timestamp: 2026-04-28 11:56:03
qdisc htb 1: root refcnt 13 r2q 10 default 0x10 direct_packets_stat 0 direct_qlen 1000
 Sent 46358849 bytes 31147 pkt (dropped 57, overlimits 474 requeues 0) 
 backlog 6056b 4p requeues 0
qdisc cake 20: parent 1:10 bandwidth 7Mbit diffserv3 triple-isolate nonat nowash no-ack-filter split-gso rtt 100ms raw overhead 0 
 Sent 46358849 bytes 31147 pkt (dropped 57, overlimits 90335 requeues 0) 
 backlog 6056b 4p requeues 0
 memory used: 67528b of 4Mb
 capacity estimate: 7Mbit
 min/max network layer size:           42 /    1514
 min/max overhead-adjusted size:       42 /    1514
 average network hdr offset:           14

                   Bulk  Best Effort        Voice
  thresh      437496bit        7Mbit     1750Kbit
  target         41.5ms          5ms       10.4ms
  interval        137ms        100ms        105ms
  pk_delay          0us        8.6ms        586us
  av_delay          0us       7.57ms         13us
  sp_delay          0us       4.79ms         13us
  backlog            0b        6056b           0b
  pkts                0        31202            6
  bytes               0     46450951          252
  way_inds            0            0            0
  way_miss            0           16            1
  way_cols            0            0            0
  drops               0           57            0
  marks               0         8329            0
  ack_drop            0            0            0
  sp_flows            0            1            1
  bk_flows            0            1            0
  un_flows            0            0            0
  max_len             0         2964           42
  quantum           300          300          300

======================================================================
Timestamp: 2026-04-28 11:56:04
qdisc htb 1: root refcnt 13 r2q 10 default 0x10 direct_packets_stat 0 direct_qlen 1000
 Sent 47216747 bytes 31719 pkt (dropped 59, overlimits 474 requeues 0) 
 backlog 7570b 5p requeues 0
qdisc cake 20: parent 1:10 bandwidth 7Mbit diffserv3 triple-isolate nonat nowash no-ack-filter split-gso rtt 100ms raw overhead 0 
 Sent 47216747 bytes 31719 pkt (dropped 59, overlimits 91929 requeues 0) 
 backlog 7570b 5p requeues 0
 memory used: 67528b of 4Mb
 capacity estimate: 7Mbit
 min/max network layer size:           42 /    1514
 min/max overhead-adjusted size:       42 /    1514
 average network hdr offset:           14

                   Bulk  Best Effort        Voice
  thresh      437496bit        7Mbit     1750Kbit
  target         41.5ms          5ms       10.4ms
  interval        137ms        100ms        105ms
  pk_delay          0us       14.8ms        586us
  av_delay          0us       7.95ms         13us
  sp_delay          0us       2.11ms         13us
  backlog            0b        7570b           0b
  pkts                0        31777            6
  bytes               0     47313391          252
  way_inds            0            0            0
  way_miss            0           16            1
  way_cols            0            0            0
  drops               0           59            0
  marks               0         8412            0
  ack_drop            0            0            0
  sp_flows            0            1            1
  bk_flows            0            1            0
  un_flows            0            0            0
  max_len             0         2964           42
  quantum           300          300          300

======================================================================
Timestamp: 2026-04-28 11:56:05
qdisc htb 1: root refcnt 13 r2q 10 default 0x10 direct_packets_stat 0 direct_qlen 1000
 Sent 48094867 bytes 32299 pkt (dropped 59, overlimits 474 requeues 0) 
 backlog 6056b 4p requeues 0
qdisc cake 20: parent 1:10 bandwidth 7Mbit diffserv3 triple-isolate nonat nowash no-ack-filter split-gso rtt 100ms raw overhead 0 
 Sent 48094867 bytes 32299 pkt (dropped 59, overlimits 93670 requeues 0) 
 backlog 6056b 4p requeues 0
 memory used: 67528b of 4Mb
 capacity estimate: 7Mbit
 min/max network layer size:           42 /    1514
 min/max overhead-adjusted size:       42 /    1514
 average network hdr offset:           14

                   Bulk  Best Effort        Voice
  thresh      437496bit        7Mbit     1750Kbit
  target         41.5ms          5ms       10.4ms
  interval        137ms        100ms        105ms
  pk_delay          0us       8.58ms        586us
  av_delay          0us       7.59ms         13us
  sp_delay          0us       4.82ms         13us
  backlog            0b        6056b           0b
  pkts                0        32356            6
  bytes               0     48189997          252
  way_inds            0            0            0
  way_miss            0           16            1
  way_cols            0            0            0
  drops               0           59            0
  marks               0         8412            0
  ack_drop            0            0            0
  sp_flows            0            1            1
  bk_flows            0            1            0
  un_flows            0            0            0
  max_len             0         2964           42
  quantum           300          300          300

======================================================================
Timestamp: 2026-04-28 11:56:06
qdisc htb 1: root refcnt 13 r2q 10 default 0x10 direct_packets_stat 0 direct_qlen 1000
 Sent 48972928 bytes 32886 pkt (dropped 62, overlimits 474 requeues 0) 
 backlog 10470b 7p requeues 0
qdisc cake 20: parent 1:10 bandwidth 7Mbit diffserv3 triple-isolate nonat nowash no-ack-filter split-gso rtt 100ms raw overhead 0 
 Sent 48972928 bytes 32886 pkt (dropped 62, overlimits 95419 requeues 0) 
 backlog 10470b 7p requeues 0
 memory used: 67528b of 4Mb
 capacity estimate: 7Mbit
 min/max network layer size:           42 /    1514
 min/max overhead-adjusted size:       42 /    1514
 average network hdr offset:           14

                   Bulk  Best Effort        Voice
  thresh      437496bit        7Mbit     1750Kbit
  target         41.5ms          5ms       10.4ms
  interval        137ms        100ms        105ms
  pk_delay          0us       26.6ms        586us
  av_delay          0us       16.5ms         13us
  sp_delay          0us       8.35ms         13us
  backlog            0b       10470b           0b
  pkts                0        32949            6
  bytes               0     49077014          252
  way_inds            0            0            0
  way_miss            0           16            1
  way_cols            0            0            0
  drops               0           62            0
  marks               0         8552            0
  ack_drop            0            0            0
  sp_flows            0            0            1
  bk_flows            0            2            0
  un_flows            0            0            0
  max_len             0         2964           42
  quantum           300          300          300

======================================================================
Timestamp: 2026-04-28 11:56:07
qdisc htb 1: root refcnt 13 r2q 10 default 0x10 direct_packets_stat 0 direct_qlen 1000
 Sent 49848890 bytes 33467 pkt (dropped 62, overlimits 474 requeues 0) 
 backlog 7570b 5p requeues 0
qdisc cake 20: parent 1:10 bandwidth 7Mbit diffserv3 triple-isolate nonat nowash no-ack-filter split-gso rtt 100ms raw overhead 0 
 Sent 49848890 bytes 33467 pkt (dropped 62, overlimits 97117 requeues 0) 
 backlog 7570b 5p requeues 0
 memory used: 67528b of 4Mb
 capacity estimate: 7Mbit
 min/max network layer size:           42 /    1514
 min/max overhead-adjusted size:       42 /    1514
 average network hdr offset:           14

                   Bulk  Best Effort        Voice
  thresh      437496bit        7Mbit     1750Kbit
  target         41.5ms          5ms       10.4ms
  interval        137ms        100ms        105ms
  pk_delay          0us       10.3ms        586us
  av_delay          0us       8.43ms         13us
  sp_delay          0us       4.61ms         13us
  backlog            0b        7570b           0b
  pkts                0        33528            6
  bytes               0     49950076          252
  way_inds            0            0            0
  way_miss            0           16            1
  way_cols            0            0            0
  drops               0           62            0
  marks               0         8603            0
  ack_drop            0            0            0
  sp_flows            0            1            1
  bk_flows            0            1            0
  un_flows            0            0            0
  max_len             0         2964           42
  quantum           300          300          300

======================================================================
Timestamp: 2026-04-28 11:56:08
qdisc htb 1: root refcnt 13 r2q 10 default 0x10 direct_packets_stat 0 direct_qlen 1000
 Sent 50725138 bytes 34051 pkt (dropped 64, overlimits 474 requeues 0) 
 backlog 7538b 5p requeues 0
qdisc cake 20: parent 1:10 bandwidth 7Mbit diffserv3 triple-isolate nonat nowash no-ack-filter split-gso rtt 100ms raw overhead 0 
 Sent 50725138 bytes 34051 pkt (dropped 64, overlimits 98832 requeues 0) 
 backlog 7538b 5p requeues 0
 memory used: 67528b of 4Mb
 capacity estimate: 7Mbit
 min/max network layer size:           42 /    1514
 min/max overhead-adjusted size:       42 /    1514
 average network hdr offset:           14

                   Bulk  Best Effort        Voice
  thresh      437496bit        7Mbit     1750Kbit
  target         41.5ms          5ms       10.4ms
  interval        137ms        100ms        105ms
  pk_delay          0us       18.3ms        586us
  av_delay          0us       10.5ms         13us
  sp_delay          0us       2.08ms         13us
  backlog            0b        7538b           0b
  pkts                0        34114            6
  bytes               0     50829320          252
  way_inds            0            0            0
  way_miss            0           16            1
  way_cols            0            0            0
  drops               0           64            0
  marks               0         8678            0
  ack_drop            0            0            0
  sp_flows            0            0            1
  bk_flows            0            2            0
  un_flows            0            0            0
  max_len             0         2964           42
  quantum           300          300          300

======================================================================
Timestamp: 2026-04-28 11:56:09
qdisc htb 1: root refcnt 13 r2q 10 default 0x10 direct_packets_stat 0 direct_qlen 1000
 Sent 51602119 bytes 34634 pkt (dropped 65, overlimits 474 requeues 0) 
 backlog 7570b 5p requeues 0
qdisc cake 20: parent 1:10 bandwidth 7Mbit diffserv3 triple-isolate nonat nowash no-ack-filter split-gso rtt 100ms raw overhead 0 
 Sent 51602119 bytes 34634 pkt (dropped 65, overlimits 100574 requeues 0) 
 backlog 7570b 5p requeues 0
 memory used: 67528b of 4Mb
 capacity estimate: 7Mbit
 min/max network layer size:           42 /    1514
 min/max overhead-adjusted size:       42 /    1514
 average network hdr offset:           14

                   Bulk  Best Effort        Voice
  thresh      437496bit        7Mbit     1750Kbit
  target         41.5ms          5ms       10.4ms
  interval        137ms        100ms        105ms
  pk_delay          0us       13.5ms        586us
  av_delay          0us       9.33ms         13us
  sp_delay          0us       4.89ms         13us
  backlog            0b        7570b           0b
  pkts                0        34698            6
  bytes               0     51707847          252
  way_inds            0            0            0
  way_miss            0           16            1
  way_cols            0            0            0
  drops               0           65            0
  marks               0         8755            0
  ack_drop            0            0            0
  sp_flows            0            1            1
  bk_flows            0            1            0
  un_flows            0            0            0
  max_len             0         2964           42
  quantum           300          300          300

======================================================================
Timestamp: 2026-04-28 11:56:10
qdisc htb 1: root refcnt 13 r2q 10 default 0x10 direct_packets_stat 0 direct_qlen 1000
 Sent 52479529 bytes 35219 pkt (dropped 67, overlimits 474 requeues 0) 
 backlog 17944b 12p requeues 0
qdisc cake 20: parent 1:10 bandwidth 7Mbit diffserv3 triple-isolate nonat nowash no-ack-filter split-gso rtt 100ms raw overhead 0 
 Sent 52479529 bytes 35219 pkt (dropped 67, overlimits 102321 requeues 0) 
 backlog 17944b 12p requeues 0
 memory used: 67528b of 4Mb
 capacity estimate: 7Mbit
 min/max network layer size:           42 /    1514
 min/max overhead-adjusted size:       42 /    1514
 average network hdr offset:           14

                   Bulk  Best Effort        Voice
  thresh      437496bit        7Mbit     1750Kbit
  target         41.5ms          5ms       10.4ms
  interval        137ms        100ms        105ms
  pk_delay          0us       28.8ms        586us
  av_delay          0us       16.2ms         13us
  sp_delay          0us       8.34ms         13us
  backlog            0b       17944b           0b
  pkts                0        35292            6
  bytes               0     52598659          252
  way_inds            0            0            0
  way_miss            0           16            1
  way_cols            0            0            0
  drops               0           67            0
  marks               0         8865            0
  ack_drop            0            0            0
  sp_flows            0            0            1
  bk_flows            0            2            0
  un_flows            0            0            0
  max_len             0         2964           42
  quantum           300          300          300

======================================================================
Timestamp: 2026-04-28 11:56:11
qdisc htb 1: root refcnt 13 r2q 10 default 0x10 direct_packets_stat 0 direct_qlen 1000
 Sent 53354070 bytes 35802 pkt (dropped 68, overlimits 474 requeues 0) 
 backlog 6056b 4p requeues 0
qdisc cake 20: parent 1:10 bandwidth 7Mbit diffserv3 triple-isolate nonat nowash no-ack-filter split-gso rtt 100ms raw overhead 0 
 Sent 53354070 bytes 35802 pkt (dropped 68, overlimits 103991 requeues 0) 
 backlog 6056b 4p requeues 0
 memory used: 67528b of 4Mb
 capacity estimate: 7Mbit
 min/max network layer size:           42 /    1514
 min/max overhead-adjusted size:       42 /    1514
 average network hdr offset:           14

                   Bulk  Best Effort        Voice
  thresh      437496bit        7Mbit     1750Kbit
  target         41.5ms          5ms       10.4ms
  interval        137ms        100ms        105ms
  pk_delay          0us       10.9ms        586us
  av_delay          0us       8.55ms         13us
  sp_delay          0us       4.31ms         13us
  backlog            0b        6056b           0b
  pkts                0        35868            6
  bytes               0     53462826          252
  way_inds            0            0            0
  way_miss            0           16            1
  way_cols            0            0            0
  drops               0           68            0
  marks               0         8921            0
  ack_drop            0            0            0
  sp_flows            0            1            1
  bk_flows            0            1            0
  un_flows            0            0            0
  max_len             0         2964           42
  quantum           300          300          300

======================================================================
Timestamp: 2026-04-28 11:56:12
qdisc htb 1: root refcnt 13 r2q 10 default 0x10 direct_packets_stat 0 direct_qlen 1000
 Sent 54231928 bytes 36387 pkt (dropped 70, overlimits 474 requeues 0) 
 backlog 14916b 10p requeues 0
qdisc cake 20: parent 1:10 bandwidth 7Mbit diffserv3 triple-isolate nonat nowash no-ack-filter split-gso rtt 100ms raw overhead 0 
 Sent 54231928 bytes 36387 pkt (dropped 70, overlimits 105743 requeues 0) 
 backlog 14916b 10p requeues 0
 memory used: 67528b of 4Mb
 capacity estimate: 7Mbit
 min/max network layer size:           42 /    1514
 min/max overhead-adjusted size:       42 /    1514
 average network hdr offset:           14

                   Bulk  Best Effort        Voice
  thresh      437496bit        7Mbit     1750Kbit
  target         41.5ms          5ms       10.4ms
  interval        137ms        100ms        105ms
  pk_delay          0us         29ms        586us
  av_delay          0us       15.9ms         13us
  sp_delay          0us       8.18ms         13us
  backlog            0b       14916b           0b
  pkts                0        36461            6
  bytes               0     54352572          252
  way_inds            0            0            0
  way_miss            0           16            1
  way_cols            0            0            0
  drops               0           70            0
  marks               0         9019            0
  ack_drop            0            0            0
  sp_flows            0            0            1
  bk_flows            0            2            0
  un_flows            0            0            0
  max_len             0         2964           42
  quantum           300          300          300

======================================================================
Timestamp: 2026-04-28 11:56:13
qdisc htb 1: root refcnt 13 r2q 10 default 0x10 direct_packets_stat 0 direct_qlen 1000
 Sent 55107555 bytes 36971 pkt (dropped 71, overlimits 474 requeues 0) 
 backlog 6056b 4p requeues 0
qdisc cake 20: parent 1:10 bandwidth 7Mbit diffserv3 triple-isolate nonat nowash no-ack-filter split-gso rtt 100ms raw overhead 0 
 Sent 55107555 bytes 36971 pkt (dropped 71, overlimits 107434 requeues 0) 
 backlog 6056b 4p requeues 0
 memory used: 67528b of 4Mb
 capacity estimate: 7Mbit
 min/max network layer size:           42 /    1514
 min/max overhead-adjusted size:       42 /    1514
 average network hdr offset:           14

                   Bulk  Best Effort        Voice
  thresh      437496bit        7Mbit     1750Kbit
  target         41.5ms          5ms       10.4ms
  interval        137ms        100ms        105ms
  pk_delay          0us       11.5ms        586us
  av_delay          0us       8.88ms         13us
  sp_delay          0us       4.53ms         13us
  backlog            0b        6056b           0b
  pkts                0        37040            6
  bytes               0     55220853          252
  way_inds            0            0            0
  way_miss            0           16            1
  way_cols            0            0            0
  drops               0           71            0
  marks               0         9083            0
  ack_drop            0            0            0
  sp_flows            0            1            1
  bk_flows            0            1            0
  un_flows            0            0            0
  max_len             0         2964           42
  quantum           300          300          300

======================================================================
Timestamp: 2026-04-28 11:56:14
qdisc htb 1: root refcnt 13 r2q 10 default 0x10 direct_packets_stat 0 direct_qlen 1000
 Sent 55985861 bytes 37556 pkt (dropped 73, overlimits 474 requeues 0) 
 backlog 14948b 10p requeues 0
qdisc cake 20: parent 1:10 bandwidth 7Mbit diffserv3 triple-isolate nonat nowash no-ack-filter split-gso rtt 100ms raw overhead 0 
 Sent 55985861 bytes 37556 pkt (dropped 73, overlimits 109185 requeues 0) 
 backlog 14948b 10p requeues 0
 memory used: 67528b of 4Mb
 capacity estimate: 7Mbit
 min/max network layer size:           42 /    1514
 min/max overhead-adjusted size:       42 /    1514
 average network hdr offset:           14

                   Bulk  Best Effort        Voice
  thresh      437496bit        7Mbit     1750Kbit
  target         41.5ms          5ms       10.4ms
  interval        137ms        100ms        105ms
  pk_delay          0us       30.1ms        586us
  av_delay          0us       15.9ms         13us
  sp_delay          0us       8.19ms         13us
  backlog            0b       14948b           0b
  pkts                0        37633            6
  bytes               0     56111079          252
  way_inds            0            0            0
  way_miss            0           16            1
  way_cols            0            0            0
  drops               0           73            0
  marks               0         9171            0
  ack_drop            0            0            0
  sp_flows            0            0            1
  bk_flows            0            2            0
  un_flows            0            0            0
  max_len             0         2964           42
  quantum           300          300          300

======================================================================
Timestamp: 2026-04-28 11:56:15
qdisc htb 1: root refcnt 13 r2q 10 default 0x10 direct_packets_stat 0 direct_qlen 1000
 Sent 56855189 bytes 38135 pkt (dropped 74, overlimits 474 requeues 0) 
 backlog 7570b 5p requeues 0
qdisc cake 20: parent 1:10 bandwidth 7Mbit diffserv3 triple-isolate nonat nowash no-ack-filter split-gso rtt 100ms raw overhead 0 
 Sent 56855189 bytes 38135 pkt (dropped 74, overlimits 110831 requeues 0) 
 backlog 7570b 5p requeues 0
 memory used: 67528b of 4Mb
 capacity estimate: 7Mbit
 min/max network layer size:           42 /    1514
 min/max overhead-adjusted size:       42 /    1514
 average network hdr offset:           14

                   Bulk  Best Effort        Voice
  thresh      437496bit        7Mbit     1750Kbit
  target         41.5ms          5ms       10.4ms
  interval        137ms        100ms        105ms
  pk_delay          0us       11.4ms        586us
  av_delay          0us       8.86ms         13us
  sp_delay          0us       4.28ms         13us
  backlog            0b        7570b           0b
  pkts                0        38208            6
  bytes               0     56974543          252
  way_inds            0            0            0
  way_miss            0           16            1
  way_cols            0            0            0
  drops               0           74            0
  marks               0         9239            0
  ack_drop            0            0            0
  sp_flows            0            1            1
  bk_flows            0            1            0
  un_flows            0            0            0
  max_len             0         2964           42
  quantum           300          300          300

======================================================================
Timestamp: 2026-04-28 11:56:16
qdisc htb 1: root refcnt 13 r2q 10 default 0x10 direct_packets_stat 0 direct_qlen 1000
 Sent 57734071 bytes 38720 pkt (dropped 76, overlimits 474 requeues 0) 
 backlog 13402b 9p requeues 0
qdisc cake 20: parent 1:10 bandwidth 7Mbit diffserv3 triple-isolate nonat nowash no-ack-filter split-gso rtt 100ms raw overhead 0 
 Sent 57734071 bytes 38720 pkt (dropped 76, overlimits 112579 requeues 0) 
 backlog 13402b 9p requeues 0
 memory used: 67528b of 4Mb
 capacity estimate: 7Mbit
 min/max network layer size:           42 /    1514
 min/max overhead-adjusted size:       42 /    1514
 average network hdr offset:           14

                   Bulk  Best Effort        Voice
  thresh      437496bit        7Mbit     1750Kbit
  target         41.5ms          5ms       10.4ms
  interval        137ms        100ms        105ms
  pk_delay          0us       28.8ms        586us
  av_delay          0us       14.8ms         13us
  sp_delay          0us       7.99ms         13us
  backlog            0b       13402b           0b
  pkts                0        38799            6
  bytes               0     57862285          252
  way_inds            0            0            0
  way_miss            0           16            1
  way_cols            0            0            0
  drops               0           76            0
  marks               0         9306            0
  ack_drop            0            0            0
  sp_flows            0            0            1
  bk_flows            0            2            0
  un_flows            0            0            0
  max_len             0         2964           42
  quantum           300          300          300

======================================================================
Timestamp: 2026-04-28 11:56:17
qdisc htb 1: root refcnt 13 r2q 10 default 0x10 direct_packets_stat 0 direct_qlen 1000
 Sent 58610157 bytes 39303 pkt (dropped 77, overlimits 474 requeues 0) 
 backlog 6056b 4p requeues 0
qdisc cake 20: parent 1:10 bandwidth 7Mbit diffserv3 triple-isolate nonat nowash no-ack-filter split-gso rtt 100ms raw overhead 0 
 Sent 58610157 bytes 39303 pkt (dropped 77, overlimits 114289 requeues 0) 
 backlog 6056b 4p requeues 0
 memory used: 67528b of 4Mb
 capacity estimate: 7Mbit
 min/max network layer size:           42 /    1514
 min/max overhead-adjusted size:       42 /    1514
 average network hdr offset:           14

                   Bulk  Best Effort        Voice
  thresh      437496bit        7Mbit     1750Kbit
  target         41.5ms          5ms       10.4ms
  interval        137ms        100ms        105ms
  pk_delay          0us       12.7ms        783us
  av_delay          0us       9.61ms         19us
  sp_delay          0us       4.14ms         19us
  backlog            0b        6056b           0b
  pkts                0        39377            7
  bytes               0     58732497          294
  way_inds            0            0            0
  way_miss            0           16            1
  way_cols            0            0            0
  drops               0           77            0
  marks               0         9389            0
  ack_drop            0            0            0
  sp_flows            0            1            1
  bk_flows            0            1            0
  un_flows            0            0            0
  max_len             0         2964           42
  quantum           300          300          300

======================================================================
Timestamp: 2026-04-28 11:56:18
qdisc htb 1: root refcnt 13 r2q 10 default 0x10 direct_packets_stat 0 direct_qlen 1000
 Sent 59487780 bytes 39886 pkt (dropped 79, overlimits 474 requeues 0) 
 backlog 14916b 10p requeues 0
qdisc cake 20: parent 1:10 bandwidth 7Mbit diffserv3 triple-isolate nonat nowash no-ack-filter split-gso rtt 100ms raw overhead 0 
 Sent 59487780 bytes 39886 pkt (dropped 79, overlimits 116035 requeues 0) 
 backlog 14916b 10p requeues 0
 memory used: 67528b of 4Mb
 capacity estimate: 7Mbit
 min/max network layer size:           42 /    1514
 min/max overhead-adjusted size:       42 /    1514
 average network hdr offset:           14

                   Bulk  Best Effort        Voice
  thresh      437496bit        7Mbit     1750Kbit
  target         41.5ms          5ms       10.4ms
  interval        137ms        100ms        105ms
  pk_delay          0us       26.5ms        783us
  av_delay          0us       14.3ms         19us
  sp_delay          0us       8.67ms         19us
  backlog            0b       14916b           0b
  pkts                0        39968            7
  bytes               0     59622008          294
  way_inds            0            0            0
  way_miss            0           16            1
  way_cols            0            0            0
  drops               0           79            0
  marks               0         9456            0
  ack_drop            0            0            0
  sp_flows            0            0            1
  bk_flows            0            2            0
  un_flows            0            0            0
  max_len             0         2964           42
  quantum           300          300          300

======================================================================
Timestamp: 2026-04-28 11:56:19
qdisc htb 1: root refcnt 13 r2q 10 default 0x10 direct_packets_stat 0 direct_qlen 1000
 Sent 60365344 bytes 40473 pkt (dropped 80, overlimits 474 requeues 0) 
 backlog 6056b 4p requeues 0
qdisc cake 20: parent 1:10 bandwidth 7Mbit diffserv3 triple-isolate nonat nowash no-ack-filter split-gso rtt 100ms raw overhead 0 
 Sent 60365344 bytes 40473 pkt (dropped 80, overlimits 117768 requeues 0) 
 backlog 6056b 4p requeues 0
 memory used: 67528b of 4Mb
 capacity estimate: 7Mbit
 min/max network layer size:           42 /    1514
 min/max overhead-adjusted size:       42 /    1514
 average network hdr offset:           14

                   Bulk  Best Effort        Voice
  thresh      437496bit        7Mbit     1750Kbit
  target         41.5ms          5ms       10.4ms
  interval        137ms        100ms        105ms
  pk_delay          0us       12.9ms        783us
  av_delay          0us       9.32ms         19us
  sp_delay          0us       3.66ms         19us
  backlog            0b        6056b           0b
  pkts                0        40550            7
  bytes               0     60492226          294
  way_inds            0            0            0
  way_miss            0           16            1
  way_cols            0            0            0
  drops               0           80            0
  marks               0         9532            0
  ack_drop            0            0            0
  sp_flows            0            1            1
  bk_flows            0            1            0
  un_flows            0            0            0
  max_len             0         2964           42
  quantum           300          300          300

======================================================================
Timestamp: 2026-04-28 11:56:20
qdisc htb 1: root refcnt 13 r2q 10 default 0x10 direct_packets_stat 0 direct_qlen 1000
 Sent 61243585 bytes 41057 pkt (dropped 82, overlimits 474 requeues 0) 
 backlog 14916b 10p requeues 0
qdisc cake 20: parent 1:10 bandwidth 7Mbit diffserv3 triple-isolate nonat nowash no-ack-filter split-gso rtt 100ms raw overhead 0 
 Sent 61243585 bytes 41057 pkt (dropped 82, overlimits 119521 requeues 0) 
 backlog 14916b 10p requeues 0
 memory used: 67528b of 4Mb
 capacity estimate: 7Mbit
 min/max network layer size:           42 /    1514
 min/max overhead-adjusted size:       42 /    1514
 average network hdr offset:           14

                   Bulk  Best Effort        Voice
  thresh      437496bit        7Mbit     1750Kbit
  target         41.5ms          5ms       10.4ms
  interval        137ms        100ms        105ms
  pk_delay          0us       27.5ms        876us
  av_delay          0us         13ms         23us
  sp_delay          0us       8.21ms         23us
  backlog            0b       14916b           0b
  pkts                0        41141            8
  bytes               0     61382313          336
  way_inds            0            0            0
  way_miss            0           16            1
  way_cols            0            0            0
  drops               0           82            0
  marks               0         9579            0
  ack_drop            0            0            0
  sp_flows            0            0            1
  bk_flows            0            2            0
  un_flows            0            0            0
  max_len             0         2964           42
  quantum           300          300          300

======================================================================
Timestamp: 2026-04-28 11:56:21
qdisc htb 1: root refcnt 13 r2q 10 default 0x10 direct_packets_stat 0 direct_qlen 1000
 Sent 62096846 bytes 41628 pkt (dropped 84, overlimits 474 requeues 0) 
 backlog 3028b 2p requeues 0
qdisc cake 20: parent 1:10 bandwidth 7Mbit diffserv3 triple-isolate nonat nowash no-ack-filter split-gso rtt 100ms raw overhead 0 
 Sent 62096846 bytes 41628 pkt (dropped 84, overlimits 121116 requeues 0) 
 backlog 3028b 2p requeues 0
 memory used: 67528b of 4Mb
 capacity estimate: 7Mbit
 min/max network layer size:           42 /    1514
 min/max overhead-adjusted size:       42 /    1514
 average network hdr offset:           14

                   Bulk  Best Effort        Voice
  thresh      437496bit        7Mbit     1750Kbit
  target         41.5ms          5ms       10.4ms
  interval        137ms        100ms        105ms
  pk_delay          0us       17.1ms        910us
  av_delay          0us       10.8ms         27us
  sp_delay          0us        445us         27us
  backlog            0b        3028b           0b
  pkts                0        41705            9
  bytes               0     62226672          378
  way_inds            0            0            0
  way_miss            0           16            1
  way_cols            0            0            0
  drops               0           84            0
  marks               0         9692            0
  ack_drop            0            0            0
  sp_flows            0            1            1
  bk_flows            0            1            0
  un_flows            0            0            0
  max_len             0         2964           42
  quantum           300          300          300

======================================================================
Timestamp: 2026-04-28 11:56:22
qdisc htb 1: root refcnt 13 r2q 10 default 0x10 direct_packets_stat 0 direct_qlen 1000
 Sent 62975333 bytes 42211 pkt (dropped 86, overlimits 474 requeues 0) 
 backlog 16430b 11p requeues 0
qdisc cake 20: parent 1:10 bandwidth 7Mbit diffserv3 triple-isolate nonat nowash no-ack-filter split-gso rtt 100ms raw overhead 0 
 Sent 62975333 bytes 42211 pkt (dropped 86, overlimits 122868 requeues 0) 
 backlog 16430b 11p requeues 0
 memory used: 67528b of 4Mb
 capacity estimate: 7Mbit
 min/max network layer size:           42 /    1514
 min/max overhead-adjusted size:       42 /    1514
 average network hdr offset:           14

                   Bulk  Best Effort        Voice
  thresh      437496bit        7Mbit     1750Kbit
  target         41.5ms          5ms       10.4ms
  interval        137ms        100ms        105ms
  pk_delay          0us       28.1ms        910us
  av_delay          0us       14.1ms         27us
  sp_delay          0us       7.73ms         27us
  backlog            0b       16430b           0b
  pkts                0        42299            9
  bytes               0     63121589          378
  way_inds            0            0            0
  way_miss            0           16            1
  way_cols            0            0            0
  drops               0           86            0
  marks               0         9746            0
  ack_drop            0            0            0
  sp_flows            0            0            1
  bk_flows            0            2            0
  un_flows            0            0            0
  max_len             0         2964           42
  quantum           300          300          300

======================================================================
Timestamp: 2026-04-28 11:56:23
qdisc htb 1: root refcnt 13 r2q 10 default 0x10 direct_packets_stat 0 direct_qlen 1000
 Sent 63852180 bytes 42794 pkt (dropped 86, overlimits 474 requeues 0) 
 backlog 6056b 4p requeues 0
qdisc cake 20: parent 1:10 bandwidth 7Mbit diffserv3 triple-isolate nonat nowash no-ack-filter split-gso rtt 100ms raw overhead 0 
 Sent 63852180 bytes 42794 pkt (dropped 86, overlimits 124605 requeues 0) 
 backlog 6056b 4p requeues 0
 memory used: 67528b of 4Mb
 capacity estimate: 7Mbit
 min/max network layer size:           42 /    1514
 min/max overhead-adjusted size:       42 /    1514
 average network hdr offset:           14

                   Bulk  Best Effort        Voice
  thresh      437496bit        7Mbit     1750Kbit
  target         41.5ms          5ms       10.4ms
  interval        137ms        100ms        105ms
  pk_delay          0us       11.1ms        910us
  av_delay          0us       8.82ms         27us
  sp_delay          0us       4.95ms         27us
  backlog            0b        6056b           0b
  pkts                0        42875            9
  bytes               0     63988062          378
  way_inds            0            0            0
  way_miss            0           16            1
  way_cols            0            0            0
  drops               0           86            0
  marks               0         9787            0
  ack_drop            0            0            0
  sp_flows            0            1            1
  bk_flows            0            1            0
  un_flows            0            0            0
  max_len             0         2964           42
  quantum           300          300          300

======================================================================
Timestamp: 2026-04-28 11:56:24
qdisc htb 1: root refcnt 13 r2q 10 default 0x10 direct_packets_stat 0 direct_qlen 1000
 Sent 64738621 bytes 43382 pkt (dropped 88, overlimits 474 requeues 0) 
 backlog 13499b 10p requeues 0
qdisc cake 20: parent 1:10 bandwidth 7Mbit diffserv3 triple-isolate nonat nowash no-ack-filter split-gso rtt 100ms raw overhead 0 
 Sent 64738621 bytes 43382 pkt (dropped 88, overlimits 126370 requeues 0) 
 backlog 13499b 10p requeues 0
 memory used: 67528b of 4Mb
 capacity estimate: 7Mbit
 min/max network layer size:           42 /    1514
 min/max overhead-adjusted size:       42 /    1514
 average network hdr offset:           14

                   Bulk  Best Effort        Voice
  thresh      437496bit        7Mbit     1750Kbit
  target         41.5ms          5ms       10.4ms
  interval        137ms        100ms        105ms
  pk_delay          0us       27.8ms        910us
  av_delay          0us       13.7ms         27us
  sp_delay          0us       7.42ms         27us
  backlog            0b       13499b           0b
  pkts                0        43471            9
  bytes               0     64884974          378
  way_inds            0            0            0
  way_miss            0           16            1
  way_cols            0            0            0
  drops               0           88            0
  marks               0         9822            0
  ack_drop            0            0            0
  sp_flows            0            0            1
  bk_flows            0            2            0
  un_flows            0            0            0
  max_len             0         2964           42
  quantum           300          300          300

======================================================================
Timestamp: 2026-04-28 11:56:25
qdisc htb 1: root refcnt 13 r2q 10 default 0x10 direct_packets_stat 0 direct_qlen 1000
 Sent 65619515 bytes 43969 pkt (dropped 88, overlimits 474 requeues 0) 
 backlog 6056b 4p requeues 0
qdisc cake 20: parent 1:10 bandwidth 7Mbit diffserv3 triple-isolate nonat nowash no-ack-filter split-gso rtt 100ms raw overhead 0 
 Sent 65619515 bytes 43969 pkt (dropped 88, overlimits 128117 requeues 0) 
 backlog 6056b 4p requeues 0
 memory used: 67528b of 4Mb
 capacity estimate: 7Mbit
 min/max network layer size:           42 /    1514
 min/max overhead-adjusted size:       42 /    1514
 average network hdr offset:           14

                   Bulk  Best Effort        Voice
  thresh      437496bit        7Mbit     1750Kbit
  target         41.5ms          5ms       10.4ms
  interval        137ms        100ms        105ms
  pk_delay          0us       12.2ms        910us
  av_delay          0us       9.78ms         27us
  sp_delay          0us       4.39ms         27us
  backlog            0b        6056b           0b
  pkts                0        44052            9
  bytes               0     65758425          378
  way_inds            0            0            0
  way_miss            0           16            1
  way_cols            0            0            0
  drops               0           88            0
  marks               0         9880            0
  ack_drop            0            0            0
  sp_flows            0            1            1
  bk_flows            0            1            0
  un_flows            0            0            0
  max_len             0         2964           42
  quantum           300          300          300

======================================================================
Timestamp: 2026-04-28 11:56:26
qdisc htb 1: root refcnt 13 r2q 10 default 0x10 direct_packets_stat 0 direct_qlen 1000
 Sent 66497256 bytes 44551 pkt (dropped 90, overlimits 474 requeues 0) 
 backlog 14980b 10p requeues 0
qdisc cake 20: parent 1:10 bandwidth 7Mbit diffserv3 triple-isolate nonat nowash no-ack-filter split-gso rtt 100ms raw overhead 0 
 Sent 66497256 bytes 44551 pkt (dropped 90, overlimits 129866 requeues 0) 
 backlog 14980b 10p requeues 0
 memory used: 67528b of 4Mb
 capacity estimate: 7Mbit
 min/max network layer size:           42 /    1514
 min/max overhead-adjusted size:       42 /    1514
 average network hdr offset:           14

                   Bulk  Best Effort        Voice
  thresh      437496bit        7Mbit     1750Kbit
  target         41.5ms          5ms       10.4ms
  interval        137ms        100ms        105ms
  pk_delay          0us       28.3ms        910us
  av_delay          0us       13.3ms         27us
  sp_delay          0us       9.92ms         27us
  backlog            0b       14980b           0b
  pkts                0        44642            9
  bytes               0     66648118          378
  way_inds            0            0            0
  way_miss            0           16            1
  way_cols            0            0            0
  drops               0           90            0
  marks               0         9904            0
  ack_drop            0            0            0
  sp_flows            0            0            1
  bk_flows            0            2            0
  un_flows            0            0            0
  max_len             0         2964           42
  quantum           300          300          300

======================================================================
Timestamp: 2026-04-28 11:56:27
qdisc htb 1: root refcnt 13 r2q 10 default 0x10 direct_packets_stat 0 direct_qlen 1000
 Sent 67371153 bytes 45134 pkt (dropped 91, overlimits 474 requeues 0) 
 backlog 3028b 2p requeues 0
qdisc cake 20: parent 1:10 bandwidth 7Mbit diffserv3 triple-isolate nonat nowash no-ack-filter split-gso rtt 100ms raw overhead 0 
 Sent 67371153 bytes 45134 pkt (dropped 91, overlimits 131561 requeues 0) 
 backlog 3028b 2p requeues 0
 memory used: 67528b of 4Mb
 capacity estimate: 7Mbit
 min/max network layer size:           42 /    1514
 min/max overhead-adjusted size:       42 /    1514
 average network hdr offset:           14

                   Bulk  Best Effort        Voice
  thresh      437496bit        7Mbit     1750Kbit
  target         41.5ms          5ms       10.4ms
  interval        137ms        100ms        105ms
  pk_delay          0us         16ms        910us
  av_delay          0us       10.5ms         27us
  sp_delay          0us       2.26ms         27us
  backlog            0b        3028b           0b
  pkts                0        45218            9
  bytes               0     67511577          378
  way_inds            0            0            0
  way_miss            0           16            1
  way_cols            0            0            0
  drops               0           91            0
  marks               0         9976            0
  ack_drop            0            0            0
  sp_flows            0            1            1
  bk_flows            0            1            0
  un_flows            0            0            0
  max_len             0         2964           42
  quantum           300          300          300

======================================================================
Timestamp: 2026-04-28 11:56:28
qdisc htb 1: root refcnt 13 r2q 10 default 0x10 direct_packets_stat 0 direct_qlen 1000
 Sent 68249471 bytes 45717 pkt (dropped 92, overlimits 474 requeues 0) 
 backlog 16462b 11p requeues 0
qdisc cake 20: parent 1:10 bandwidth 7Mbit diffserv3 triple-isolate nonat nowash no-ack-filter split-gso rtt 100ms raw overhead 0 
 Sent 68249471 bytes 45717 pkt (dropped 92, overlimits 133315 requeues 0) 
 backlog 16462b 11p requeues 0
 memory used: 67528b of 4Mb
 capacity estimate: 7Mbit
 min/max network layer size:           42 /    1514
 min/max overhead-adjusted size:       42 /    1514
 average network hdr offset:           14

                   Bulk  Best Effort        Voice
  thresh      437496bit        7Mbit     1750Kbit
  target         41.5ms          5ms       10.4ms
  interval        137ms        100ms        105ms
  pk_delay          0us       30.1ms        910us
  av_delay          0us       12.7ms         27us
  sp_delay          0us       8.51ms         27us
  backlog            0b       16462b           0b
  pkts                0        45811            9
  bytes               0     68404843          378
  way_inds            0            0            0
  way_miss            0           16            1
  way_cols            0            0            0
  drops               0           92            0
  marks               0         9995            0
  ack_drop            0            0            0
  sp_flows            0            0            1
  bk_flows            0            2            0
  un_flows            0            0            0
  max_len             0         2964           42
  quantum           300          300          300

======================================================================
Timestamp: 2026-04-28 11:56:29
qdisc htb 1: root refcnt 13 r2q 10 default 0x10 direct_packets_stat 0 direct_qlen 1000
 Sent 69128079 bytes 46303 pkt (dropped 93, overlimits 474 requeues 0) 
 backlog 7570b 5p requeues 0
qdisc cake 20: parent 1:10 bandwidth 7Mbit diffserv3 triple-isolate nonat nowash no-ack-filter split-gso rtt 100ms raw overhead 0 
 Sent 69128079 bytes 46303 pkt (dropped 93, overlimits 135060 requeues 0) 
 backlog 7570b 5p requeues 0
 memory used: 67528b of 4Mb
 capacity estimate: 7Mbit
 min/max network layer size:           42 /    1514
 min/max overhead-adjusted size:       42 /    1514
 average network hdr offset:           14

                   Bulk  Best Effort        Voice
  thresh      437496bit        7Mbit     1750Kbit
  target         41.5ms          5ms       10.4ms
  interval        137ms        100ms        105ms
  pk_delay          0us       12.8ms        910us
  av_delay          0us       9.63ms         27us
  sp_delay          0us       4.47ms         27us
  backlog            0b        7570b           0b
  pkts                0        46392            9
  bytes               0     69276073          378
  way_inds            0            0            0
  way_miss            0           16            1
  way_cols            0            0            0
  drops               0           93            0
  marks               0        10039            0
  ack_drop            0            0            0
  sp_flows            0            1            1
  bk_flows            0            1            0
  un_flows            0            0            0
  max_len             0         2964           42
  quantum           300          300          300

======================================================================
Timestamp: 2026-04-28 11:56:30
qdisc htb 1: root refcnt 13 r2q 10 default 0x10 direct_packets_stat 0 direct_qlen 1000
 Sent 70005906 bytes 46884 pkt (dropped 93, overlimits 474 requeues 0) 
 backlog 7538b 5p requeues 0
qdisc cake 20: parent 1:10 bandwidth 7Mbit diffserv3 triple-isolate nonat nowash no-ack-filter split-gso rtt 100ms raw overhead 0 
 Sent 70005906 bytes 46884 pkt (dropped 93, overlimits 136796 requeues 0) 
 backlog 7538b 5p requeues 0
 memory used: 67528b of 4Mb
 capacity estimate: 7Mbit
 min/max network layer size:           42 /    1514
 min/max overhead-adjusted size:       42 /    1514
 average network hdr offset:           14

                   Bulk  Best Effort        Voice
  thresh      437496bit        7Mbit     1750Kbit
  target         41.5ms          5ms       10.4ms
  interval        137ms        100ms        105ms
  pk_delay          0us       16.3ms        910us
  av_delay          0us       8.03ms         27us
  sp_delay          0us        1.6ms         27us
  backlog            0b        7538b           0b
  pkts                0        46973            9
  bytes               0     70153868          378
  way_inds            0            0            0
  way_miss            0           16            1
  way_cols            0            0            0
  drops               0           93            0
  marks               0        10039            0
  ack_drop            0            0            0
  sp_flows            0            0            1
  bk_flows            0            2            0
  un_flows            0            0            0
  max_len             0         2964           42
  quantum           300          300          300

======================================================================
Timestamp: 2026-04-28 11:56:31
qdisc htb 1: root refcnt 13 r2q 10 default 0x10 direct_packets_stat 0 direct_qlen 1000
 Sent 70878124 bytes 47469 pkt (dropped 96, overlimits 474 requeues 0) 
 backlog 0b 0p requeues 0
qdisc cake 20: parent 1:10 bandwidth 7Mbit diffserv3 triple-isolate nonat nowash no-ack-filter split-gso rtt 100ms raw overhead 0 
 Sent 70878124 bytes 47469 pkt (dropped 96, overlimits 138505 requeues 0) 
 backlog 0b 0p requeues 0
 memory used: 67528b of 4Mb
 capacity estimate: 7Mbit
 min/max network layer size:           42 /    1514
 min/max overhead-adjusted size:       42 /    1514
 average network hdr offset:           14

                   Bulk  Best Effort        Voice
  thresh      437496bit        7Mbit     1750Kbit
  target         41.5ms          5ms       10.4ms
  interval        137ms        100ms        105ms
  pk_delay          0us       27.3ms        910us
  av_delay          0us       15.3ms         27us
  sp_delay          0us        390us         27us
  backlog            0b           0b           0b
  pkts                0        47556            9
  bytes               0     71023090          378
  way_inds            0            0            0
  way_miss            0           16            1
  way_cols            0            0            0
  drops               0           96            0
  marks               0        10082            0
  ack_drop            0            0            0
  sp_flows            0            1            1
  bk_flows            0            1            0
  un_flows            0            0            0
  max_len             0         2964           42
  quantum           300          300          300

======================================================================
Timestamp: 2026-04-28 11:56:32
qdisc htb 1: root refcnt 13 r2q 10 default 0x10 direct_packets_stat 0 direct_qlen 1000
 Sent 71755855 bytes 48050 pkt (dropped 96, overlimits 474 requeues 0) 
 backlog 20908b 14p requeues 0
qdisc cake 20: parent 1:10 bandwidth 7Mbit diffserv3 triple-isolate nonat nowash no-ack-filter split-gso rtt 100ms raw overhead 0 
 Sent 71755855 bytes 48050 pkt (dropped 96, overlimits 140241 requeues 0) 
 backlog 20908b 14p requeues 0
 memory used: 67528b of 4Mb
 capacity estimate: 7Mbit
 min/max network layer size:           42 /    1514
 min/max overhead-adjusted size:       42 /    1514
 average network hdr offset:           14

                   Bulk  Best Effort        Voice
  thresh      437496bit        7Mbit     1750Kbit
  target         41.5ms          5ms       10.4ms
  interval        137ms        100ms        105ms
  pk_delay          0us       27.1ms        910us
  av_delay          0us       10.3ms         27us
  sp_delay          0us       5.78ms         27us
  backlog            0b       20908b           0b
  pkts                0        48151            9
  bytes               0     71921729          378
  way_inds            0            0            0
  way_miss            0           16            1
  way_cols            0            0            0
  drops               0           96            0
  marks               0        10084            0
  ack_drop            0            0            0
  sp_flows            0            0            1
  bk_flows            0            2            0
  un_flows            0            0            0
  max_len             0         2964           42
  quantum           300          300          300

======================================================================
Timestamp: 2026-04-28 11:56:33
qdisc htb 1: root refcnt 13 r2q 10 default 0x10 direct_packets_stat 0 direct_qlen 1000
 Sent 72633368 bytes 48639 pkt (dropped 99, overlimits 474 requeues 0) 
 backlog 3028b 2p requeues 0
qdisc cake 20: parent 1:10 bandwidth 7Mbit diffserv3 triple-isolate nonat nowash no-ack-filter split-gso rtt 100ms raw overhead 0 
 Sent 72633368 bytes 48639 pkt (dropped 99, overlimits 141984 requeues 0) 
 backlog 3028b 2p requeues 0
 memory used: 67528b of 4Mb
 capacity estimate: 7Mbit
 min/max network layer size:           42 /    1514
 min/max overhead-adjusted size:       42 /    1514
 average network hdr offset:           14

                   Bulk  Best Effort        Voice
  thresh      437496bit        7Mbit     1750Kbit
  target         41.5ms          5ms       10.4ms
  interval        137ms        100ms        105ms
  pk_delay          0us       29.6ms        910us
  av_delay          0us       16.9ms         27us
  sp_delay          0us       4.52ms         27us
  backlog            0b        3028b           0b
  pkts                0        48731            9
  bytes               0     72785904          378
  way_inds            0            0            0
  way_miss            0           16            1
  way_cols            0            0            0
  drops               0           99            0
  marks               0        10136            0
  ack_drop            0            0            0
  sp_flows            0            1            1
  bk_flows            0            1            0
  un_flows            0            0            0
  max_len             0         2964           42
  quantum           300          300          300

======================================================================
Timestamp: 2026-04-28 11:56:34
qdisc htb 1: root refcnt 13 r2q 10 default 0x10 direct_packets_stat 0 direct_qlen 1000
 Sent 73511452 bytes 49220 pkt (dropped 99, overlimits 474 requeues 0) 
 backlog 18041b 13p requeues 0
qdisc cake 20: parent 1:10 bandwidth 7Mbit diffserv3 triple-isolate nonat nowash no-ack-filter split-gso rtt 100ms raw overhead 0 
 Sent 73511452 bytes 49220 pkt (dropped 99, overlimits 143725 requeues 0) 
 backlog 18041b 13p requeues 0
 memory used: 67528b of 4Mb
 capacity estimate: 7Mbit
 min/max network layer size:           42 /    1514
 min/max overhead-adjusted size:       42 /    1514
 average network hdr offset:           14

                   Bulk  Best Effort        Voice
  thresh      437496bit        7Mbit     1750Kbit
  target         41.5ms          5ms       10.4ms
  interval        137ms        100ms        105ms
  pk_delay          0us       31.3ms        910us
  av_delay          0us       11.1ms         27us
  sp_delay          0us       7.17ms         27us
  backlog            0b       18041b           0b
  pkts                0        49323            9
  bytes               0     73679001          378
  way_inds            0            0            0
  way_miss            0           16            1
  way_cols            0            0            0
  drops               0           99            0
  marks               0        10139            0
  ack_drop            0            0            0
  sp_flows            0            0            1
  bk_flows            0            2            0
  un_flows            0            0            0
  max_len             0         2964           42
  quantum           300          300          300

======================================================================
Timestamp: 2026-04-28 11:56:35
qdisc htb 1: root refcnt 13 r2q 10 default 0x10 direct_packets_stat 0 direct_qlen 1000
 Sent 74388904 bytes 49809 pkt (dropped 102, overlimits 474 requeues 0) 
 backlog 1514b 1p requeues 0
qdisc cake 20: parent 1:10 bandwidth 7Mbit diffserv3 triple-isolate nonat nowash no-ack-filter split-gso rtt 100ms raw overhead 0 
 Sent 74388904 bytes 49809 pkt (dropped 102, overlimits 145467 requeues 0) 
 backlog 1514b 1p requeues 0
 memory used: 67528b of 4Mb
 capacity estimate: 7Mbit
 min/max network layer size:           42 /    1514
 min/max overhead-adjusted size:       42 /    1514
 average network hdr offset:           14

                   Bulk  Best Effort        Voice
  thresh      437496bit        7Mbit     1750Kbit
  target         41.5ms          5ms       10.4ms
  interval        137ms        100ms        105ms
  pk_delay          0us       30.2ms        910us
  av_delay          0us       17.4ms         27us
  sp_delay          0us       3.63ms         27us
  backlog            0b        1514b           0b
  pkts                0        49903            9
  bytes               0     74544468          378
  way_inds            0            0            0
  way_miss            0           16            1
  way_cols            0            0            0
  drops               0          102            0
  marks               0        10199            0
  ack_drop            0            0            0
  sp_flows            0            1            1
  bk_flows            0            1            0
  un_flows            0            0            0
  max_len             0         2964           42
  quantum           300          300          300

======================================================================
Timestamp: 2026-04-28 11:56:36
qdisc htb 1: root refcnt 13 r2q 10 default 0x10 direct_packets_stat 0 direct_qlen 1000
 Sent 75267467 bytes 50390 pkt (dropped 102, overlimits 474 requeues 0) 
 backlog 17944b 12p requeues 0
qdisc cake 20: parent 1:10 bandwidth 7Mbit diffserv3 triple-isolate nonat nowash no-ack-filter split-gso rtt 100ms raw overhead 0 
 Sent 75267467 bytes 50390 pkt (dropped 102, overlimits 147211 requeues 0) 
 backlog 17944b 12p requeues 0
 memory used: 67528b of 4Mb
 capacity estimate: 7Mbit
 min/max network layer size:           42 /    1514
 min/max overhead-adjusted size:       42 /    1514
 average network hdr offset:           14

                   Bulk  Best Effort        Voice
  thresh      437496bit        7Mbit     1750Kbit
  target         41.5ms          5ms       10.4ms
  interval        137ms        100ms        105ms
  pk_delay          0us       21.6ms        910us
  av_delay          0us       9.53ms         27us
  sp_delay          0us       5.34ms         27us
  backlog            0b       17944b           0b
  pkts                0        50495            9
  bytes               0     75439461          378
  way_inds            0            0            0
  way_miss            0           16            1
  way_cols            0            0            0
  drops               0          102            0
  marks               0        10201            0
  ack_drop            0            0            0
  sp_flows            0            0            1
  bk_flows            0            2            0
  un_flows            0            0            0
  max_len             0         2964           42
  quantum           300          300          300

======================================================================
Timestamp: 2026-04-28 11:56:37
qdisc htb 1: root refcnt 13 r2q 10 default 0x10 direct_packets_stat 0 direct_qlen 1000
 Sent 76137138 bytes 50971 pkt (dropped 105, overlimits 474 requeues 0) 
 backlog 0b 0p requeues 0
qdisc cake 20: parent 1:10 bandwidth 7Mbit diffserv3 triple-isolate nonat nowash no-ack-filter split-gso rtt 100ms raw overhead 0 
 Sent 76137138 bytes 50971 pkt (dropped 105, overlimits 148885 requeues 0) 
 backlog 0b 0p requeues 0
 memory used: 67528b of 4Mb
 capacity estimate: 7Mbit
 min/max network layer size:           42 /    1514
 min/max overhead-adjusted size:       42 /    1514
 average network hdr offset:           14

                   Bulk  Best Effort        Voice
  thresh      437496bit        7Mbit     1750Kbit
  target         41.5ms          5ms       10.4ms
  interval        137ms        100ms        105ms
  pk_delay          0us         25ms        910us
  av_delay          0us       14.6ms         27us
  sp_delay          0us        153us         27us
  backlog            0b           0b           0b
  pkts                0        51067            9
  bytes               0     76295730          378
  way_inds            0            0            0
  way_miss            0           16            1
  way_cols            0            0            0
  drops               0          105            0
  marks               0        10258            0
  ack_drop            0            0            0
  sp_flows            0            1            1
  bk_flows            0            1            0
  un_flows            0            0            0
  max_len             0         2964           42
  quantum           300          300          300

======================================================================
Timestamp: 2026-04-28 11:56:38
qdisc htb 1: root refcnt 13 r2q 10 default 0x10 direct_packets_stat 0 direct_qlen 1000
 Sent 77014763 bytes 51551 pkt (dropped 105, overlimits 474 requeues 0) 
 backlog 6056b 4p requeues 0
qdisc cake 20: parent 1:10 bandwidth 7Mbit diffserv3 triple-isolate nonat nowash no-ack-filter split-gso rtt 100ms raw overhead 0 
 Sent 77014763 bytes 51551 pkt (dropped 105, overlimits 150619 requeues 0) 
 backlog 6056b 4p requeues 0
 memory used: 67528b of 4Mb
 capacity estimate: 7Mbit
 min/max network layer size:           42 /    1514
 min/max overhead-adjusted size:       42 /    1514
 average network hdr offset:           14

                   Bulk  Best Effort        Voice
  thresh      437496bit        7Mbit     1750Kbit
  target         41.5ms          5ms       10.4ms
  interval        137ms        100ms        105ms
  pk_delay          0us       13.8ms        910us
  av_delay          0us       8.18ms         27us
  sp_delay          0us       3.79ms         27us
  backlog            0b        6056b           0b
  pkts                0        51651            9
  bytes               0     77179411          378
  way_inds            0            0            0
  way_miss            0           16            1
  way_cols            0            0            0
  drops               0          105            0
  marks               0        10258            0
  ack_drop            0            0            0
  sp_flows            0            1            1
  bk_flows            0            1            0
  un_flows            0            0            0
  max_len             0         2964           42
  quantum           300          300          300

======================================================================
Timestamp: 2026-04-28 11:56:39
qdisc htb 1: root refcnt 13 r2q 10 default 0x10 direct_packets_stat 0 direct_qlen 1000
 Sent 77887182 bytes 52136 pkt (dropped 108, overlimits 474 requeues 0) 
 backlog 0b 0p requeues 0
qdisc cake 20: parent 1:10 bandwidth 7Mbit diffserv3 triple-isolate nonat nowash no-ack-filter split-gso rtt 100ms raw overhead 0 
 Sent 77887182 bytes 52136 pkt (dropped 108, overlimits 152333 requeues 0) 
 backlog 0b 0p requeues 0
 memory used: 67528b of 4Mb
 capacity estimate: 7Mbit
 min/max network layer size:           42 /    1514
 min/max overhead-adjusted size:       42 /    1514
 average network hdr offset:           14

                   Bulk  Best Effort        Voice
  thresh      437496bit        7Mbit     1750Kbit
  target         41.5ms          5ms       10.4ms
  interval        137ms        100ms        105ms
  pk_delay          0us       28.1ms        910us
  av_delay          0us       16.3ms         27us
  sp_delay          0us        596us         27us
  backlog            0b           0b           0b
  pkts                0        52235            9
  bytes               0     78050316          378
  way_inds            0            0            0
  way_miss            0           16            1
  way_cols            0            0            0
  drops               0          108            0
  marks               0        10305            0
  ack_drop            0            0            0
  sp_flows            0            1            1
  bk_flows            0            1            0
  un_flows            0            0            0
  max_len             0         2964           42
  quantum           300          300          300

======================================================================
Timestamp: 2026-04-28 11:56:40
qdisc htb 1: root refcnt 13 r2q 10 default 0x10 direct_packets_stat 0 direct_qlen 1000
 Sent 78761939 bytes 52714 pkt (dropped 108, overlimits 474 requeues 0) 
 backlog 7570b 5p requeues 0
qdisc cake 20: parent 1:10 bandwidth 7Mbit diffserv3 triple-isolate nonat nowash no-ack-filter split-gso rtt 100ms raw overhead 0 
 Sent 78761939 bytes 52714 pkt (dropped 108, overlimits 154042 requeues 0) 
 backlog 7570b 5p requeues 0
 memory used: 67528b of 4Mb
 capacity estimate: 7Mbit
 min/max network layer size:           42 /    1514
 min/max overhead-adjusted size:       42 /    1514
 average network hdr offset:           14

                   Bulk  Best Effort        Voice
  thresh      437496bit        7Mbit     1750Kbit
  target         41.5ms          5ms       10.4ms
  interval        137ms        100ms        105ms
  pk_delay          0us       10.5ms        910us
  av_delay          0us        8.1ms         27us
  sp_delay          0us       3.88ms         27us
  backlog            0b        7570b           0b
  pkts                0        52818            9
  bytes               0     78932643          378
  way_inds            0            0            0
  way_miss            0           16            1
  way_cols            0            0            0
  drops               0          108            0
  marks               0        10305            0
  ack_drop            0            0            0
  sp_flows            0            1            1
  bk_flows            0            1            0
  un_flows            0            0            0
  max_len             0         2964           42
  quantum           300          300          300

======================================================================
Timestamp: 2026-04-28 11:56:41
qdisc htb 1: root refcnt 13 r2q 10 default 0x10 direct_packets_stat 0 direct_qlen 1000
 Sent 79637997 bytes 53300 pkt (dropped 111, overlimits 474 requeues 0) 
 backlog 0b 0p requeues 0
qdisc cake 20: parent 1:10 bandwidth 7Mbit diffserv3 triple-isolate nonat nowash no-ack-filter split-gso rtt 100ms raw overhead 0 
 Sent 79637997 bytes 53300 pkt (dropped 111, overlimits 155777 requeues 0) 
 backlog 0b 0p requeues 0
 memory used: 67528b of 4Mb
 capacity estimate: 7Mbit
 min/max network layer size:           42 /    1514
 min/max overhead-adjusted size:       42 /    1514
 average network hdr offset:           14

                   Bulk  Best Effort        Voice
  thresh      437496bit        7Mbit     1750Kbit
  target         41.5ms          5ms       10.4ms
  interval        137ms        100ms        105ms
  pk_delay          0us       26.7ms        910us
  av_delay          0us       16.6ms         27us
  sp_delay          0us       3.43ms         27us
  backlog            0b           0b           0b
  pkts                0        53402            9
  bytes               0     79805673          378
  way_inds            0            0            0
  way_miss            0           16            1
  way_cols            0            0            0
  drops               0          111            0
  marks               0        10339            0
  ack_drop            0            0            0
  sp_flows            0            1            1
  bk_flows            0            1            0
  un_flows            0            0            0
  max_len             0         2964           42
  quantum           300          300          300

======================================================================
Timestamp: 2026-04-28 11:56:42
qdisc htb 1: root refcnt 13 r2q 10 default 0x10 direct_packets_stat 0 direct_qlen 1000
 Sent 80493504 bytes 53866 pkt (dropped 111, overlimits 474 requeues 0) 
 backlog 7570b 5p requeues 0
qdisc cake 20: parent 1:10 bandwidth 7Mbit diffserv3 triple-isolate nonat nowash no-ack-filter split-gso rtt 100ms raw overhead 0 
 Sent 80493504 bytes 53866 pkt (dropped 111, overlimits 157345 requeues 0) 
 backlog 7570b 5p requeues 0
 memory used: 67528b of 4Mb
 capacity estimate: 7Mbit
 min/max network layer size:           42 /    1514
 min/max overhead-adjusted size:       42 /    1514
 average network hdr offset:           14

                   Bulk  Best Effort        Voice
  thresh      437496bit        7Mbit     1750Kbit
  target         41.5ms          5ms       10.4ms
  interval        137ms        100ms        105ms
  pk_delay          0us       8.99ms        910us
  av_delay          0us       7.89ms         27us
  sp_delay          0us       4.72ms         27us
  backlog            0b        7570b           0b
  pkts                0        53973            9
  bytes               0     80668750          378
  way_inds            0            0            0
  way_miss            0           16            1
  way_cols            0            0            0
  drops               0          111            0
  marks               0        10339            0
  ack_drop            0            0            0
  sp_flows            0            1            1
  bk_flows            0            1            0
  un_flows            0            0            0
  max_len             0         2964           42
  quantum           300          300          300

======================================================================
Timestamp: 2026-04-28 11:56:43
qdisc htb 1: root refcnt 13 r2q 10 default 0x10 direct_packets_stat 0 direct_qlen 1000
 Sent 81370315 bytes 54451 pkt (dropped 114, overlimits 474 requeues 0) 
 backlog 13434b 9p requeues 0
qdisc cake 20: parent 1:10 bandwidth 7Mbit diffserv3 triple-isolate nonat nowash no-ack-filter split-gso rtt 100ms raw overhead 0 
 Sent 81370315 bytes 54451 pkt (dropped 114, overlimits 159090 requeues 0) 
 backlog 13434b 9p requeues 0
 memory used: 67528b of 4Mb
 capacity estimate: 7Mbit
 min/max network layer size:           42 /    1514
 min/max overhead-adjusted size:       42 /    1514
 average network hdr offset:           14

                   Bulk  Best Effort        Voice
  thresh      437496bit        7Mbit     1750Kbit
  target         41.5ms          5ms       10.4ms
  interval        137ms        100ms        105ms
  pk_delay          0us       32.5ms        910us
  av_delay          0us       16.7ms         27us
  sp_delay          0us       8.23ms         27us
  backlog            0b       13434b           0b
  pkts                0        54565            9
  bytes               0     81555967          378
  way_inds            0            0            0
  way_miss            0           16            1
  way_cols            0            0            0
  drops               0          114            0
  marks               0        10362            0
  ack_drop            0            0            0
  sp_flows            0            0            1
  bk_flows            0            2            0
  un_flows            0            0            0
  max_len             0         2964           42
  quantum           300          300          300

======================================================================
Timestamp: 2026-04-28 11:56:44
qdisc htb 1: root refcnt 13 r2q 10 default 0x10 direct_packets_stat 0 direct_qlen 1000
 Sent 82240560 bytes 55029 pkt (dropped 114, overlimits 474 requeues 0) 
 backlog 7570b 5p requeues 0
qdisc cake 20: parent 1:10 bandwidth 7Mbit diffserv3 triple-isolate nonat nowash no-ack-filter split-gso rtt 100ms raw overhead 0 
 Sent 82240560 bytes 55029 pkt (dropped 114, overlimits 160775 requeues 0) 
 backlog 7570b 5p requeues 0
 memory used: 67528b of 4Mb
 capacity estimate: 7Mbit
 min/max network layer size:           42 /    1514
 min/max overhead-adjusted size:       42 /    1514
 average network hdr offset:           14

                   Bulk  Best Effort        Voice
  thresh      437496bit        7Mbit     1750Kbit
  target         41.5ms          5ms       10.4ms
  interval        137ms        100ms        105ms
  pk_delay          0us        9.8ms       1.04ms
  av_delay          0us       8.14ms         32us
  sp_delay          0us       5.04ms         32us
  backlog            0b        7570b           0b
  pkts                0        55138           10
  bytes               0     82420306          420
  way_inds            0            0            0
  way_miss            0           16            1
  way_cols            0            0            0
  drops               0          114            0
  marks               0        10366            0
  ack_drop            0            0            0
  sp_flows            0            1            1
  bk_flows            0            1            0
  un_flows            0            0            0
  max_len             0         2964           42
  quantum           300          300          300

======================================================================
Timestamp: 2026-04-28 11:56:45
qdisc htb 1: root refcnt 13 r2q 10 default 0x10 direct_packets_stat 0 direct_qlen 1000
 Sent 83117949 bytes 55615 pkt (dropped 117, overlimits 474 requeues 0) 
 backlog 13402b 9p requeues 0
qdisc cake 20: parent 1:10 bandwidth 7Mbit diffserv3 triple-isolate nonat nowash no-ack-filter split-gso rtt 100ms raw overhead 0 
 Sent 83117949 bytes 55615 pkt (dropped 117, overlimits 162525 requeues 0) 
 backlog 13402b 9p requeues 0
 memory used: 67528b of 4Mb
 capacity estimate: 7Mbit
 min/max network layer size:           42 /    1514
 min/max overhead-adjusted size:       42 /    1514
 average network hdr offset:           14

                   Bulk  Best Effort        Voice
  thresh      437496bit        7Mbit     1750Kbit
  target         41.5ms          5ms       10.4ms
  interval        137ms        100ms        105ms
  pk_delay          0us       31.4ms       1.04ms
  av_delay          0us       17.1ms         32us
  sp_delay          0us       7.49ms         32us
  backlog            0b       13402b           0b
  pkts                0        55731           10
  bytes               0     83308069          420
  way_inds            0            0            0
  way_miss            0           16            1
  way_cols            0            0            0
  drops               0          117            0
  marks               0        10387            0
  ack_drop            0            0            0
  sp_flows            0            0            1
  bk_flows            0            2            0
  un_flows            0            0            0
  max_len             0         2964           42
  quantum           300          300          300

======================================================================
Timestamp: 2026-04-28 11:56:46
qdisc htb 1: root refcnt 13 r2q 10 default 0x10 direct_packets_stat 0 direct_qlen 1000
 Sent 83990221 bytes 56193 pkt (dropped 117, overlimits 474 requeues 0) 
 backlog 7570b 5p requeues 0
qdisc cake 20: parent 1:10 bandwidth 7Mbit diffserv3 triple-isolate nonat nowash no-ack-filter split-gso rtt 100ms raw overhead 0 
 Sent 83990221 bytes 56193 pkt (dropped 117, overlimits 164209 requeues 0) 
 backlog 7570b 5p requeues 0
 memory used: 67528b of 4Mb
 capacity estimate: 7Mbit
 min/max network layer size:           42 /    1514
 min/max overhead-adjusted size:       42 /    1514
 average network hdr offset:           14

                   Bulk  Best Effort        Voice
  thresh      437496bit        7Mbit     1750Kbit
  target         41.5ms          5ms       10.4ms
  interval        137ms        100ms        105ms
  pk_delay          0us       10.1ms       1.04ms
  av_delay          0us       8.36ms         32us
  sp_delay          0us        4.7ms         32us
  backlog            0b        7570b           0b
  pkts                0        56305           10
  bytes               0     84174509          420
  way_inds            0            0            0
  way_miss            0           16            1
  way_cols            0            0            0
  drops               0          117            0
  marks               0        10393            0
  ack_drop            0            0            0
  sp_flows            0            1            1
  bk_flows            0            1            0
  un_flows            0            0            0
  max_len             0         2964           42
  quantum           300          300          300

======================================================================
Timestamp: 2026-04-28 11:56:47
qdisc htb 1: root refcnt 13 r2q 10 default 0x10 direct_packets_stat 0 direct_qlen 1000
 Sent 84868025 bytes 56779 pkt (dropped 120, overlimits 474 requeues 0) 
 backlog 11920b 8p requeues 0
qdisc cake 20: parent 1:10 bandwidth 7Mbit diffserv3 triple-isolate nonat nowash no-ack-filter split-gso rtt 100ms raw overhead 0 
 Sent 84868025 bytes 56779 pkt (dropped 120, overlimits 165960 requeues 0) 
 backlog 11920b 8p requeues 0
 memory used: 67528b of 4Mb
 capacity estimate: 7Mbit
 min/max network layer size:           42 /    1514
 min/max overhead-adjusted size:       42 /    1514
 average network hdr offset:           14

                   Bulk  Best Effort        Voice
  thresh      437496bit        7Mbit     1750Kbit
  target         41.5ms          5ms       10.4ms
  interval        137ms        100ms        105ms
  pk_delay          0us       31.7ms       1.04ms
  av_delay          0us       17.3ms         32us
  sp_delay          0us       8.66ms         32us
  backlog            0b       11920b           0b
  pkts                0        56897           10
  bytes               0     85061205          420
  way_inds            0            0            0
  way_miss            0           16            1
  way_cols            0            0            0
  drops               0          120            0
  marks               0        10412            0
  ack_drop            0            0            0
  sp_flows            0            0            1
  bk_flows            0            2            0
  un_flows            0            0            0
  max_len             0         2964           42
  quantum           300          300          300

======================================================================
Timestamp: 2026-04-28 11:56:48
qdisc htb 1: root refcnt 13 r2q 10 default 0x10 direct_packets_stat 0 direct_qlen 1000
 Sent 85744796 bytes 57361 pkt (dropped 120, overlimits 474 requeues 0) 
 backlog 6056b 4p requeues 0
qdisc cake 20: parent 1:10 bandwidth 7Mbit diffserv3 triple-isolate nonat nowash no-ack-filter split-gso rtt 100ms raw overhead 0 
 Sent 85744796 bytes 57361 pkt (dropped 120, overlimits 167671 requeues 0) 
 backlog 6056b 4p requeues 0
 memory used: 67528b of 4Mb
 capacity estimate: 7Mbit
 min/max network layer size:           42 /    1514
 min/max overhead-adjusted size:       42 /    1514
 average network hdr offset:           14

                   Bulk  Best Effort        Voice
  thresh      437496bit        7Mbit     1750Kbit
  target         41.5ms          5ms       10.4ms
  interval        137ms        100ms        105ms
  pk_delay          0us       11.1ms       1.04ms
  av_delay          0us       8.81ms         32us
  sp_delay          0us       4.67ms         32us
  backlog            0b        6056b           0b
  pkts                0        57475           10
  bytes               0     85932112          420
  way_inds            0            0            0
  way_miss            0           16            1
  way_cols            0            0            0
  drops               0          120            0
  marks               0        10423            0
  ack_drop            0            0            0
  sp_flows            0            1            1
  bk_flows            0            1            0
  un_flows            0            0            0
  max_len             0         2964           42
  quantum           300          300          300

======================================================================
Timestamp: 2026-04-28 11:56:49
qdisc htb 1: root refcnt 13 r2q 10 default 0x10 direct_packets_stat 0 direct_qlen 1000
 Sent 86622984 bytes 57947 pkt (dropped 123, overlimits 474 requeues 0) 
 backlog 14948b 10p requeues 0
qdisc cake 20: parent 1:10 bandwidth 7Mbit diffserv3 triple-isolate nonat nowash no-ack-filter split-gso rtt 100ms raw overhead 0 
 Sent 86622984 bytes 57947 pkt (dropped 123, overlimits 169424 requeues 0) 
 backlog 14948b 10p requeues 0
 memory used: 67528b of 4Mb
 capacity estimate: 7Mbit
 min/max network layer size:           42 /    1514
 min/max overhead-adjusted size:       42 /    1514
 average network hdr offset:           14

                   Bulk  Best Effort        Voice
  thresh      437496bit        7Mbit     1750Kbit
  target         41.5ms          5ms       10.4ms
  interval        137ms        100ms        105ms
  pk_delay          0us       29.5ms       1.04ms
  av_delay          0us       16.5ms         32us
  sp_delay          0us       8.01ms         32us
  backlog            0b       14948b           0b
  pkts                0        58070           10
  bytes               0     86823734          420
  way_inds            0            0            0
  way_miss            0           16            1
  way_cols            0            0            0
  drops               0          123            0
  marks               0        10442            0
  ack_drop            0            0            0
  sp_flows            0            0            1
  bk_flows            0            2            0
  un_flows            0            0            0
  max_len             0         2964           42
  quantum           300          300          300

======================================================================
Timestamp: 2026-04-28 11:56:50
qdisc htb 1: root refcnt 13 r2q 10 default 0x10 direct_packets_stat 0 direct_qlen 1000
 Sent 87480954 bytes 58518 pkt (dropped 125, overlimits 474 requeues 0) 
 backlog 6056b 4p requeues 0
qdisc cake 20: parent 1:10 bandwidth 7Mbit diffserv3 triple-isolate nonat nowash no-ack-filter split-gso rtt 100ms raw overhead 0 
 Sent 87480954 bytes 58518 pkt (dropped 125, overlimits 171046 requeues 0) 
 backlog 6056b 4p requeues 0
 memory used: 67528b of 4Mb
 capacity estimate: 7Mbit
 min/max network layer size:           42 /    1514
 min/max overhead-adjusted size:       42 /    1514
 average network hdr offset:           14

                   Bulk  Best Effort        Voice
  thresh      437496bit        7Mbit     1750Kbit
  target         41.5ms          5ms       10.4ms
  interval        137ms        100ms        105ms
  pk_delay          0us         14ms       1.04ms
  av_delay          0us       8.98ms         32us
  sp_delay          0us       3.59ms         32us
  backlog            0b        6056b           0b
  pkts                0        58637           10
  bytes               0     87675840          420
  way_inds            0            0            0
  way_miss            0           16            1
  way_cols            0            0            0
  drops               0          125            0
  marks               0        10469            0
  ack_drop            0            0            0
  sp_flows            0            1            1
  bk_flows            0            1            0
  un_flows            0            0            0
  max_len             0         2964           42
  quantum           300          300          300

======================================================================
Timestamp: 2026-04-28 11:56:51
qdisc htb 1: root refcnt 13 r2q 10 default 0x10 direct_packets_stat 0 direct_qlen 1000
 Sent 88359686 bytes 59104 pkt (dropped 127, overlimits 970 requeues 0) 
 backlog 16430b 11p requeues 0
qdisc cake 20: parent 1:10 bandwidth 7Mbit diffserv3 triple-isolate nonat nowash no-ack-filter split-gso rtt 100ms raw overhead 0 
 Sent 88359686 bytes 59104 pkt (dropped 127, overlimits 172024 requeues 0) 
 backlog 16430b 11p requeues 0
 memory used: 67528b of 4Mb
 capacity estimate: 7Mbit
 min/max network layer size:           42 /    1514
 min/max overhead-adjusted size:       42 /    1514
 average network hdr offset:           14

                   Bulk  Best Effort        Voice
  thresh      437496bit        7Mbit     1750Kbit
  target         41.5ms          5ms       10.4ms
  interval        137ms        100ms        105ms
  pk_delay          0us       29.3ms       1.04ms
  av_delay          0us       16.5ms         32us
  sp_delay          0us       8.18ms         32us
  backlog            0b       16430b           0b
  pkts                0        59232           10
  bytes               0     88567974          420
  way_inds            0            0            0
  way_miss            0           16            1
  way_cols            0            0            0
  drops               0          127            0
  marks               0        10494            0
  ack_drop            0            0            0
  sp_flows            0            0            1
  bk_flows            0            2            0
  un_flows            0            0            0
  max_len             0         2964           42
  quantum           300          300          300

======================================================================
Timestamp: 2026-04-28 11:56:52
qdisc htb 1: root refcnt 13 r2q 10 default 0x10 direct_packets_stat 0 direct_qlen 1000
 Sent 89233801 bytes 59685 pkt (dropped 128, overlimits 1182 requeues 0) 
 backlog 7570b 5p requeues 0
qdisc cake 20: parent 1:10 bandwidth 7Mbit diffserv3 triple-isolate nonat nowash no-ack-filter split-gso rtt 100ms raw overhead 0 
 Sent 89233801 bytes 59685 pkt (dropped 128, overlimits 173415 requeues 0) 
 backlog 7570b 5p requeues 0
 memory used: 67528b of 4Mb
 capacity estimate: 7Mbit
 min/max network layer size:           42 /    1514
 min/max overhead-adjusted size:       42 /    1514
 average network hdr offset:           14

                   Bulk  Best Effort        Voice
  thresh      437496bit        7Mbit     1750Kbit
  target         41.5ms          5ms       10.4ms
  interval        137ms        100ms        105ms
  pk_delay          0us       11.9ms       1.04ms
  av_delay          0us       9.01ms         32us
  sp_delay          0us       4.59ms         32us
  backlog            0b        7570b           0b
  pkts                0        59808           10
  bytes               0     89434743          420
  way_inds            0            0            0
  way_miss            0           16            1
  way_cols            0            0            0
  drops               0          128            0
  marks               0        10516            0
  ack_drop            0            0            0
  sp_flows            0            1            1
  bk_flows            0            1            0
  un_flows            0            0            0
  max_len             0         2964           42
  quantum           300          300          300

======================================================================
Timestamp: 2026-04-28 11:56:53
qdisc htb 1: root refcnt 13 r2q 10 default 0x10 direct_packets_stat 0 direct_qlen 1000
 Sent 90111402 bytes 60269 pkt (dropped 131, overlimits 1182 requeues 0) 
 backlog 13466b 9p requeues 0
qdisc cake 20: parent 1:10 bandwidth 7Mbit diffserv3 triple-isolate nonat nowash no-ack-filter split-gso rtt 100ms raw overhead 0 
 Sent 90111402 bytes 60269 pkt (dropped 131, overlimits 175162 requeues 0) 
 backlog 13466b 9p requeues 0
 memory used: 67528b of 4Mb
 capacity estimate: 7Mbit
 min/max network layer size:           42 /    1514
 min/max overhead-adjusted size:       42 /    1514
 average network hdr offset:           14

                   Bulk  Best Effort        Voice
  thresh      437496bit        7Mbit     1750Kbit
  target         41.5ms          5ms       10.4ms
  interval        137ms        100ms        105ms
  pk_delay          0us       30.2ms       1.04ms
  av_delay          0us       16.2ms         32us
  sp_delay          0us        7.8ms         32us
  backlog            0b       13466b           0b
  pkts                0        60399           10
  bytes               0     90322782          420
  way_inds            0            0            0
  way_miss            0           16            1
  way_cols            0            0            0
  drops               0          131            0
  marks               0        10535            0
  ack_drop            0            0            0
  sp_flows            0            0            1
  bk_flows            0            2            0
  un_flows            0            0            0
  max_len             0         2964           42
  quantum           300          300          300

======================================================================
Timestamp: 2026-04-28 11:56:54
qdisc htb 1: root refcnt 13 r2q 10 default 0x10 direct_packets_stat 0 direct_qlen 1000
 Sent 90987025 bytes 60855 pkt (dropped 134, overlimits 1182 requeues 0) 
 backlog 13434b 9p requeues 0
qdisc cake 20: parent 1:10 bandwidth 7Mbit diffserv3 triple-isolate nonat nowash no-ack-filter split-gso rtt 100ms raw overhead 0 
 Sent 90987025 bytes 60855 pkt (dropped 134, overlimits 176892 requeues 0) 
 backlog 13434b 9p requeues 0
 memory used: 67528b of 4Mb
 capacity estimate: 7Mbit
 min/max network layer size:           42 /    1514
 min/max overhead-adjusted size:       42 /    1514
 average network hdr offset:           14

                   Bulk  Best Effort        Voice
  thresh      437496bit        7Mbit     1750Kbit
  target         41.5ms          5ms       10.4ms
  interval        137ms        100ms        105ms
  pk_delay          0us       30.2ms       1.04ms
  av_delay          0us       16.8ms         32us
  sp_delay          0us          8ms         32us
  backlog            0b       13434b           0b
  pkts                0        60988           10
  bytes               0     91202915          420
  way_inds            0            0            0
  way_miss            0           16            1
  way_cols            0            0            0
  drops               0          134            0
  marks               0        10603            0
  ack_drop            0            0            0
  sp_flows            0            0            1
  bk_flows            0            2            0
  un_flows            0            0            0
  max_len             0         2964           42
  quantum           300          300          300

======================================================================
Timestamp: 2026-04-28 11:56:55
qdisc htb 1: root refcnt 13 r2q 10 default 0x10 direct_packets_stat 0 direct_qlen 1000
 Sent 91849129 bytes 61432 pkt (dropped 138, overlimits 1182 requeues 0) 
 backlog 16366b 11p requeues 0
qdisc cake 20: parent 1:10 bandwidth 7Mbit diffserv3 triple-isolate nonat nowash no-ack-filter split-gso rtt 100ms raw overhead 0 
 Sent 91849129 bytes 61432 pkt (dropped 138, overlimits 178601 requeues 0) 
 backlog 16366b 11p requeues 0
 memory used: 67528b of 4Mb
 capacity estimate: 7Mbit
 min/max network layer size:           42 /    1514
 min/max overhead-adjusted size:       42 /    1514
 average network hdr offset:           14

                   Bulk  Best Effort        Voice
  thresh      437496bit        7Mbit     1750Kbit
  target         41.5ms          5ms       10.4ms
  interval        137ms        100ms        105ms
  pk_delay          0us       31.2ms       1.04ms
  av_delay          0us       17.8ms         32us
  sp_delay          0us       7.28ms         32us
  backlog            0b       16366b           0b
  pkts                0        61571           10
  bytes               0     92074007          420
  way_inds            0            0            0
  way_miss            0           16            1
  way_cols            0            0            0
  drops               0          138            0
  marks               0        10711            0
  ack_drop            0            0            0
  sp_flows            0            0            1
  bk_flows            0            2            0
  un_flows            0            0            0
  max_len             0         2964           42
  quantum           300          300          300

======================================================================
Timestamp: 2026-04-28 11:56:56
qdisc htb 1: root refcnt 13 r2q 10 default 0x10 direct_packets_stat 0 direct_qlen 1000
 Sent 92693103 bytes 61993 pkt (dropped 140, overlimits 1182 requeues 0) 
 backlog 6056b 4p requeues 0
qdisc cake 20: parent 1:10 bandwidth 7Mbit diffserv3 triple-isolate nonat nowash no-ack-filter split-gso rtt 100ms raw overhead 0 
 Sent 92693103 bytes 61993 pkt (dropped 140, overlimits 180154 requeues 0) 
 backlog 6056b 4p requeues 0
 memory used: 67528b of 4Mb
 capacity estimate: 7Mbit
 min/max network layer size:           42 /    1514
 min/max overhead-adjusted size:       42 /    1514
 average network hdr offset:           14

                   Bulk  Best Effort        Voice
  thresh      437496bit        7Mbit     1750Kbit
  target         41.5ms          5ms       10.4ms
  interval        137ms        100ms        105ms
  pk_delay          0us       15.2ms       1.04ms
  av_delay          0us        9.4ms         32us
  sp_delay          0us       1.97ms         32us
  backlog            0b        6056b           0b
  pkts                0        62127           10
  bytes               0     92910699          420
  way_inds            0            0            0
  way_miss            0           16            1
  way_cols            0            0            0
  drops               0          140            0
  marks               0        10797            0
  ack_drop            0            0            0
  sp_flows            0            1            1
  bk_flows            0            1            0
  un_flows            0            0            0
  max_len             0         2964           42
  quantum           300          300          300

======================================================================
Timestamp: 2026-04-28 11:56:57
qdisc htb 1: root refcnt 13 r2q 10 default 0x10 direct_packets_stat 0 direct_qlen 1000
 Sent 93570760 bytes 62578 pkt (dropped 143, overlimits 1182 requeues 0) 
 backlog 14884b 10p requeues 0
qdisc cake 20: parent 1:10 bandwidth 7Mbit diffserv3 triple-isolate nonat nowash no-ack-filter split-gso rtt 100ms raw overhead 0 
 Sent 93570760 bytes 62578 pkt (dropped 143, overlimits 181909 requeues 0) 
 backlog 14884b 10p requeues 0
 memory used: 67528b of 4Mb
 capacity estimate: 7Mbit
 min/max network layer size:           42 /    1514
 min/max overhead-adjusted size:       42 /    1514
 average network hdr offset:           14

                   Bulk  Best Effort        Voice
  thresh      437496bit        7Mbit     1750Kbit
  target         41.5ms          5ms       10.4ms
  interval        137ms        100ms        105ms
  pk_delay          0us       29.1ms       1.04ms
  av_delay          0us       14.1ms         32us
  sp_delay          0us       3.35ms         32us
  backlog            0b       14884b           0b
  pkts                0        62721           10
  bytes               0     93801726          420
  way_inds            0            0            0
  way_miss            0           16            1
  way_cols            0            0            0
  drops               0          143            0
  marks               0        10862            0
  ack_drop            0            0            0
  sp_flows            0            0            1
  bk_flows            0            2            0
  un_flows            0            0            0
  max_len             0         2964           42
  quantum           300          300          300

======================================================================
Timestamp: 2026-04-28 11:56:58
qdisc htb 1: root refcnt 13 r2q 10 default 0x10 direct_packets_stat 0 direct_qlen 1000
 Sent 94441094 bytes 63159 pkt (dropped 144, overlimits 1182 requeues 0) 
 backlog 6056b 4p requeues 0
qdisc cake 20: parent 1:10 bandwidth 7Mbit diffserv3 triple-isolate nonat nowash no-ack-filter split-gso rtt 100ms raw overhead 0 
 Sent 94441094 bytes 63159 pkt (dropped 144, overlimits 183583 requeues 0) 
 backlog 6056b 4p requeues 0
 memory used: 67528b of 4Mb
 capacity estimate: 7Mbit
 min/max network layer size:           42 /    1514
 min/max overhead-adjusted size:       42 /    1514
 average network hdr offset:           14

                   Bulk  Best Effort        Voice
  thresh      437496bit        7Mbit     1750Kbit
  target         41.5ms          5ms       10.4ms
  interval        137ms        100ms        105ms
  pk_delay          0us         14ms       1.04ms
  av_delay          0us       9.73ms         32us
  sp_delay          0us       2.83ms         32us
  backlog            0b        6056b           0b
  pkts                0        63297           10
  bytes               0     94664746          420
  way_inds            0            0            0
  way_miss            0           16            1
  way_cols            0            0            0
  drops               0          144            0
  marks               0        10955            0
  ack_drop            0            0            0
  sp_flows            0            1            1
  bk_flows            0            1            0
  un_flows            0            0            0
  max_len             0         2964           42
  quantum           300          300          300

======================================================================
Timestamp: 2026-04-28 11:56:59
qdisc htb 1: root refcnt 13 r2q 10 default 0x10 direct_packets_stat 0 direct_qlen 1000
 Sent 95317750 bytes 63743 pkt (dropped 147, overlimits 1182 requeues 0) 
 backlog 13370b 9p requeues 0
qdisc cake 20: parent 1:10 bandwidth 7Mbit diffserv3 triple-isolate nonat nowash no-ack-filter split-gso rtt 100ms raw overhead 0 
 Sent 95317750 bytes 63743 pkt (dropped 147, overlimits 185332 requeues 0) 
 backlog 13370b 9p requeues 0
 memory used: 67528b of 4Mb
 capacity estimate: 7Mbit
 min/max network layer size:           42 /    1514
 min/max overhead-adjusted size:       42 /    1514
 average network hdr offset:           14

                   Bulk  Best Effort        Voice
  thresh      437496bit        7Mbit     1750Kbit
  target         41.5ms          5ms       10.4ms
  interval        137ms        100ms        105ms
  pk_delay          0us       32.4ms       1.04ms
  av_delay          0us       15.1ms         32us
  sp_delay          0us       5.73ms         32us
  backlog            0b       13370b           0b
  pkts                0        63889           10
  bytes               0     95553258          420
  way_inds            0            0            0
  way_miss            0           16            1
  way_cols            0            0            0
  drops               0          147            0
  marks               0        11015            0
  ack_drop            0            0            0
  sp_flows            0            0            1
  bk_flows            0            2            0
  un_flows            0            0            0
  max_len             0         2964           42
  quantum           300          300          300

======================================================================
Timestamp: 2026-04-28 11:57:00
qdisc htb 1: root refcnt 13 r2q 10 default 0x10 direct_packets_stat 0 direct_qlen 1000
 Sent 96184939 bytes 64321 pkt (dropped 148, overlimits 1182 requeues 0) 
 backlog 7570b 5p requeues 0
qdisc cake 20: parent 1:10 bandwidth 7Mbit diffserv3 triple-isolate nonat nowash no-ack-filter split-gso rtt 100ms raw overhead 0 
 Sent 96184939 bytes 64321 pkt (dropped 148, overlimits 186967 requeues 0) 
 backlog 7570b 5p requeues 0
 memory used: 67528b of 4Mb
 capacity estimate: 7Mbit
 min/max network layer size:           42 /    1514
 min/max overhead-adjusted size:       42 /    1514
 average network hdr offset:           14

                   Bulk  Best Effort        Voice
  thresh      437496bit        7Mbit     1750Kbit
  target         41.5ms          5ms       10.4ms
  interval        137ms        100ms        105ms
  pk_delay          0us       15.9ms       1.04ms
  av_delay          0us       10.5ms         32us
  sp_delay          0us        1.6ms         32us
  backlog            0b        7570b           0b
  pkts                0        64464           10
  bytes               0     96416161          420
  way_inds            0            0            0
  way_miss            0           16            1
  way_cols            0            0            0
  drops               0          148            0
  marks               0        11127            0
  ack_drop            0            0            0
  sp_flows            0            1            1
  bk_flows            0            1            0
  un_flows            0            0            0
  max_len             0         2964           42
  quantum           300          300          300

======================================================================
Timestamp: 2026-04-28 11:57:01
qdisc htb 1: root refcnt 13 r2q 10 default 0x10 direct_packets_stat 0 direct_qlen 1000
 Sent 97061912 bytes 64903 pkt (dropped 150, overlimits 1182 requeues 0) 
 backlog 17912b 12p requeues 0
qdisc cake 20: parent 1:10 bandwidth 7Mbit diffserv3 triple-isolate nonat nowash no-ack-filter split-gso rtt 100ms raw overhead 0 
 Sent 97061912 bytes 64903 pkt (dropped 150, overlimits 188714 requeues 0) 
 backlog 17912b 12p requeues 0
 memory used: 67528b of 4Mb
 capacity estimate: 7Mbit
 min/max network layer size:           42 /    1514
 min/max overhead-adjusted size:       42 /    1514
 average network hdr offset:           14

                   Bulk  Best Effort        Voice
  thresh      437496bit        7Mbit     1750Kbit
  target         41.5ms          5ms       10.4ms
  interval        137ms        100ms        105ms
  pk_delay          0us       28.9ms       1.04ms
  av_delay          0us       13.5ms         32us
  sp_delay          0us       7.95ms         32us
  backlog            0b       17912b           0b
  pkts                0        65055           10
  bytes               0     97306504          420
  way_inds            0            0            0
  way_miss            0           16            1
  way_cols            0            0            0
  drops               0          150            0
  marks               0        11175            0
  ack_drop            0            0            0
  sp_flows            0            0            1
  bk_flows            0            2            0
  un_flows            0            0            0
  max_len             0         2964           42
  quantum           300          300          300

======================================================================
Timestamp: 2026-04-28 11:57:02
qdisc htb 1: root refcnt 13 r2q 10 default 0x10 direct_packets_stat 0 direct_qlen 1000
 Sent 97940136 bytes 65485 pkt (dropped 150, overlimits 1182 requeues 0) 
 backlog 7570b 5p requeues 0
qdisc cake 20: parent 1:10 bandwidth 7Mbit diffserv3 triple-isolate nonat nowash no-ack-filter split-gso rtt 100ms raw overhead 0 
 Sent 97940136 bytes 65485 pkt (dropped 150, overlimits 190446 requeues 0) 
 backlog 7570b 5p requeues 0
 memory used: 67528b of 4Mb
 capacity estimate: 7Mbit
 min/max network layer size:           42 /    1514
 min/max overhead-adjusted size:       42 /    1514
 average network hdr offset:           14

                   Bulk  Best Effort        Voice
  thresh      437496bit        7Mbit     1750Kbit
  target         41.5ms          5ms       10.4ms
  interval        137ms        100ms        105ms
  pk_delay          0us       11.9ms       1.04ms
  av_delay          0us       8.93ms         32us
  sp_delay          0us       4.98ms         32us
  backlog            0b        7570b           0b
  pkts                0        65630           10
  bytes               0     98174386          420
  way_inds            0            0            0
  way_miss            0           16            1
  way_cols            0            0            0
  drops               0          150            0
  marks               0        11221            0
  ack_drop            0            0            0
  sp_flows            0            1            1
  bk_flows            0            1            0
  un_flows            0            0            0
  max_len             0         2964           42
  quantum           300          300          300

======================================================================
Timestamp: 2026-04-28 11:57:03
qdisc htb 1: root refcnt 13 r2q 10 default 0x10 direct_packets_stat 0 direct_qlen 1000
 Sent 98819072 bytes 66069 pkt (dropped 152, overlimits 1182 requeues 0) 
 backlog 14916b 10p requeues 0
qdisc cake 20: parent 1:10 bandwidth 7Mbit diffserv3 triple-isolate nonat nowash no-ack-filter split-gso rtt 100ms raw overhead 0 
 Sent 98819072 bytes 66069 pkt (dropped 152, overlimits 192199 requeues 0) 
 backlog 14916b 10p requeues 0
 memory used: 67528b of 4Mb
 capacity estimate: 7Mbit
 min/max network layer size:           42 /    1514
 min/max overhead-adjusted size:       42 /    1514
 average network hdr offset:           14

                   Bulk  Best Effort        Voice
  thresh      437496bit        7Mbit     1750Kbit
  target         41.5ms          5ms       10.4ms
  interval        137ms        100ms        105ms
  pk_delay          0us       30.3ms       1.04ms
  av_delay          0us       13.9ms         32us
  sp_delay          0us       7.88ms         32us
  backlog            0b       14916b           0b
  pkts                0        66221           10
  bytes               0     99063696          420
  way_inds            0            0            0
  way_miss            0           16            1
  way_cols            0            0            0
  drops               0          152            0
  marks               0        11258            0
  ack_drop            0            0            0
  sp_flows            0            0            1
  bk_flows            0            2            0
  un_flows            0            0            0
  max_len             0         2964           42
  quantum           300          300          300

======================================================================
Timestamp: 2026-04-28 11:57:04
qdisc htb 1: root refcnt 13 r2q 10 default 0x10 direct_packets_stat 0 direct_qlen 1000
 Sent 99693317 bytes 66654 pkt (dropped 153, overlimits 1182 requeues 0) 
 backlog 7570b 5p requeues 0
qdisc cake 20: parent 1:10 bandwidth 7Mbit diffserv3 triple-isolate nonat nowash no-ack-filter split-gso rtt 100ms raw overhead 0 
 Sent 99693317 bytes 66654 pkt (dropped 153, overlimits 193900 requeues 0) 
 backlog 7570b 5p requeues 0
 memory used: 67528b of 4Mb
 capacity estimate: 7Mbit
 min/max network layer size:           42 /    1514
 min/max overhead-adjusted size:       42 /    1514
 average network hdr offset:           14

                   Bulk  Best Effort        Voice
  thresh      437496bit        7Mbit     1750Kbit
  target         41.5ms          5ms       10.4ms
  interval        137ms        100ms        105ms
  pk_delay          0us         13ms       1.04ms
  av_delay          0us        9.5ms         34us
  sp_delay          0us        3.8ms         34us
  backlog            0b        7570b           0b
  pkts                0        66801           11
  bytes               0     99932067          462
  way_inds            0            0            0
  way_miss            0           16            1
  way_cols            0            0            0
  drops               0          153            0
  marks               0        11324            0
  ack_drop            0            0            0
  sp_flows            0            1            1
  bk_flows            0            1            0
  un_flows            0            0            0
  max_len             0         2964           42
  quantum           300          300          300

======================================================================
Timestamp: 2026-04-28 11:57:05
qdisc htb 1: root refcnt 13 r2q 10 default 0x10 direct_packets_stat 0 direct_qlen 1000
 Sent 100571186 bytes 67236 pkt (dropped 155, overlimits 1182 requeues 0) 
 backlog 16430b 11p requeues 0
qdisc cake 20: parent 1:10 bandwidth 7Mbit diffserv3 triple-isolate nonat nowash no-ack-filter split-gso rtt 100ms raw overhead 0 
 Sent 100571186 bytes 67236 pkt (dropped 155, overlimits 195647 requeues 0) 
 backlog 16430b 11p requeues 0
 memory used: 67528b of 4Mb
 capacity estimate: 7Mbit
 min/max network layer size:           42 /    1514
 min/max overhead-adjusted size:       42 /    1514
 average network hdr offset:           14

                   Bulk  Best Effort        Voice
  thresh      437496bit        7Mbit     1750Kbit
  target         41.5ms          5ms       10.4ms
  interval        137ms        100ms        105ms
  pk_delay          0us       32.8ms       1.04ms
  av_delay          0us       13.2ms         34us
  sp_delay          0us       9.82ms         34us
  backlog            0b       16430b           0b
  pkts                0        67391           11
  bytes               0    100821824          462
  way_inds            0            0            0
  way_miss            0           16            1
  way_cols            0            0            0
  drops               0          155            0
  marks               0        11344            0
  ack_drop            0            0            0
  sp_flows            0            0            1
  bk_flows            0            2            0
  un_flows            0            0            0
  max_len             0         2964           42
  quantum           300          300          300

======================================================================
Timestamp: 2026-04-28 11:57:06
qdisc htb 1: root refcnt 13 r2q 10 default 0x10 direct_packets_stat 0 direct_qlen 1000
 Sent 101435385 bytes 67814 pkt (dropped 156, overlimits 1182 requeues 0) 
 backlog 6056b 4p requeues 0
qdisc cake 20: parent 1:10 bandwidth 7Mbit diffserv3 triple-isolate nonat nowash no-ack-filter split-gso rtt 100ms raw overhead 0 
 Sent 101435385 bytes 67814 pkt (dropped 156, overlimits 197292 requeues 0) 
 backlog 6056b 4p requeues 0
 memory used: 67528b of 4Mb
 capacity estimate: 7Mbit
 min/max network layer size:           42 /    1514
 min/max overhead-adjusted size:       42 /    1514
 average network hdr offset:           14

                   Bulk  Best Effort        Voice
  thresh      437496bit        7Mbit     1750Kbit
  target         41.5ms          5ms       10.4ms
  interval        137ms        100ms        105ms
  pk_delay          0us       14.5ms       1.04ms
  av_delay          0us        9.6ms         34us
  sp_delay          0us       2.36ms         34us
  backlog            0b        6056b           0b
  pkts                0        67963           11
  bytes               0    101677163          462
  way_inds            0            0            0
  way_miss            0           16            1
  way_cols            0            0            0
  drops               0          156            0
  marks               0        11408            0
  ack_drop            0            0            0
  sp_flows            0            1            1
  bk_flows            0            1            0
  un_flows            0            0            0
  max_len             0         2964           42
  quantum           300          300          300

======================================================================
Timestamp: 2026-04-28 11:57:07
qdisc htb 1: root refcnt 13 r2q 10 default 0x10 direct_packets_stat 0 direct_qlen 1000
 Sent 102313702 bytes 68396 pkt (dropped 158, overlimits 1182 requeues 0) 
 backlog 17848b 12p requeues 0
qdisc cake 20: parent 1:10 bandwidth 7Mbit diffserv3 triple-isolate nonat nowash no-ack-filter split-gso rtt 100ms raw overhead 0 
 Sent 102313702 bytes 68396 pkt (dropped 158, overlimits 199043 requeues 0) 
 backlog 17848b 12p requeues 0
 memory used: 67528b of 4Mb
 capacity estimate: 7Mbit
 min/max network layer size:           42 /    1514
 min/max overhead-adjusted size:       42 /    1514
 average network hdr offset:           14

                   Bulk  Best Effort        Voice
  thresh      437496bit        7Mbit     1750Kbit
  target         41.5ms          5ms       10.4ms
  interval        137ms        100ms        105ms
  pk_delay          0us       29.2ms       1.04ms
  av_delay          0us       11.7ms         34us
  sp_delay          0us        7.2ms         34us
  backlog            0b       17848b           0b
  pkts                0        68555           11
  bytes               0    102570300          462
  way_inds            0            0            0
  way_miss            0           16            1
  way_cols            0            0            0
  drops               0          158            0
  marks               0        11421            0
  ack_drop            0            0            0
  sp_flows            0            0            1
  bk_flows            0            2            0
  un_flows            0            0            0
  max_len             0         2964           42
  quantum           300          300          300

======================================================================
Timestamp: 2026-04-28 11:57:08
qdisc htb 1: root refcnt 13 r2q 10 default 0x10 direct_packets_stat 0 direct_qlen 1000
 Sent 103189180 bytes 68981 pkt (dropped 159, overlimits 1182 requeues 0) 
 backlog 6056b 4p requeues 0
qdisc cake 20: parent 1:10 bandwidth 7Mbit diffserv3 triple-isolate nonat nowash no-ack-filter split-gso rtt 100ms raw overhead 0 
 Sent 103189180 bytes 68981 pkt (dropped 159, overlimits 200742 requeues 0) 
 backlog 6056b 4p requeues 0
 memory used: 67528b of 4Mb
 capacity estimate: 7Mbit
 min/max network layer size:           42 /    1514
 min/max overhead-adjusted size:       42 /    1514
 average network hdr offset:           14

                   Bulk  Best Effort        Voice
  thresh      437496bit        7Mbit     1750Kbit
  target         41.5ms          5ms       10.4ms
  interval        137ms        100ms        105ms
  pk_delay          0us       18.4ms       1.04ms
  av_delay          0us       11.5ms         34us
  sp_delay          0us       1.74ms         34us
  backlog            0b        6056b           0b
  pkts                0        69133           11
  bytes               0    103435500          462
  way_inds            0            0            0
  way_miss            0           16            1
  way_cols            0            0            0
  drops               0          159            0
  marks               0        11487            0
  ack_drop            0            0            0
  sp_flows            0            1            1
  bk_flows            0            1            0
  un_flows            0            0            0
  max_len             0         2964           42
  quantum           300          300          300

======================================================================
Timestamp: 2026-04-28 11:57:09
qdisc htb 1: root refcnt 13 r2q 10 default 0x10 direct_packets_stat 0 direct_qlen 1000
 Sent 104066377 bytes 69563 pkt (dropped 160, overlimits 1182 requeues 0) 
 backlog 16366b 11p requeues 0
qdisc cake 20: parent 1:10 bandwidth 7Mbit diffserv3 triple-isolate nonat nowash no-ack-filter split-gso rtt 100ms raw overhead 0 
 Sent 104066377 bytes 69563 pkt (dropped 160, overlimits 202490 requeues 0) 
 backlog 16366b 11p requeues 0
 memory used: 67528b of 4Mb
 capacity estimate: 7Mbit
 min/max network layer size:           42 /    1514
 min/max overhead-adjusted size:       42 /    1514
 average network hdr offset:           14

                   Bulk  Best Effort        Voice
  thresh      437496bit        7Mbit     1750Kbit
  target         41.5ms          5ms       10.4ms
  interval        137ms        100ms        105ms
  pk_delay          0us       29.1ms       1.03ms
  av_delay          0us       12.2ms         36us
  sp_delay          0us       7.62ms         36us
  backlog            0b       16366b           0b
  pkts                0        69722           12
  bytes               0    104324479          504
  way_inds            0            0            0
  way_miss            0           16            1
  way_cols            0            0            0
  drops               0          160            0
  marks               0        11499            0
  ack_drop            0            0            0
  sp_flows            0            0            1
  bk_flows            0            2            0
  un_flows            0            0            0
  max_len             0         2964           42
  quantum           300          300          300

======================================================================
Timestamp: 2026-04-28 11:57:10
qdisc htb 1: root refcnt 13 r2q 10 default 0x10 direct_packets_stat 0 direct_qlen 1000
 Sent 104943853 bytes 70150 pkt (dropped 162, overlimits 1182 requeues 0) 
 backlog 3028b 2p requeues 0
qdisc cake 20: parent 1:10 bandwidth 7Mbit diffserv3 triple-isolate nonat nowash no-ack-filter split-gso rtt 100ms raw overhead 0 
 Sent 104943853 bytes 70150 pkt (dropped 162, overlimits 204205 requeues 0) 
 backlog 3028b 2p requeues 0
 memory used: 67528b of 4Mb
 capacity estimate: 7Mbit
 min/max network layer size:           42 /    1514
 min/max overhead-adjusted size:       42 /    1514
 average network hdr offset:           14

                   Bulk  Best Effort        Voice
  thresh      437496bit        7Mbit     1750Kbit
  target         41.5ms          5ms       10.4ms
  interval        137ms        100ms        105ms
  pk_delay          0us       17.9ms       1.03ms
  av_delay          0us       12.2ms         36us
  sp_delay          0us       1.21ms         36us
  backlog            0b        3028b           0b
  pkts                0        70302           12
  bytes               0    105191645          504
  way_inds            0            0            0
  way_miss            0           16            1
  way_cols            0            0            0
  drops               0          162            0
  marks               0        11571            0
  ack_drop            0            0            0
  sp_flows            0            1            1
  bk_flows            0            1            0
  un_flows            0            0            0
  max_len             0         2964           42
  quantum           300          300          300

======================================================================
Timestamp: 2026-04-28 11:57:11
qdisc htb 1: root refcnt 13 r2q 10 default 0x10 direct_packets_stat 0 direct_qlen 1000
 Sent 105821584 bytes 70731 pkt (dropped 162, overlimits 1182 requeues 0) 
 backlog 19394b 13p requeues 0
qdisc cake 20: parent 1:10 bandwidth 7Mbit diffserv3 triple-isolate nonat nowash no-ack-filter split-gso rtt 100ms raw overhead 0 
 Sent 105821584 bytes 70731 pkt (dropped 162, overlimits 205955 requeues 0) 
 backlog 19394b 13p requeues 0
 memory used: 67528b of 4Mb
 capacity estimate: 7Mbit
 min/max network layer size:           42 /    1514
 min/max overhead-adjusted size:       42 /    1514
 average network hdr offset:           14

                   Bulk  Best Effort        Voice
  thresh      437496bit        7Mbit     1750Kbit
  target         41.5ms          5ms       10.4ms
  interval        137ms        100ms        105ms
  pk_delay          0us       26.7ms       1.03ms
  av_delay          0us       10.2ms         36us
  sp_delay          0us       6.08ms         36us
  backlog            0b       19394b           0b
  pkts                0        70894           12
  bytes               0    106085742          504
  way_inds            0            0            0
  way_miss            0           16            1
  way_cols            0            0            0
  drops               0          162            0
  marks               0        11576            0
  ack_drop            0            0            0
  sp_flows            0            0            1
  bk_flows            0            2            0
  un_flows            0            0            0
  max_len             0         2964           42
  quantum           300          300          300

======================================================================
Timestamp: 2026-04-28 11:57:12
qdisc htb 1: root refcnt 13 r2q 10 default 0x10 direct_packets_stat 0 direct_qlen 1000
 Sent 106691876 bytes 71313 pkt (dropped 165, overlimits 1182 requeues 0) 
 backlog 1514b 1p requeues 0
qdisc cake 20: parent 1:10 bandwidth 7Mbit diffserv3 triple-isolate nonat nowash no-ack-filter split-gso rtt 100ms raw overhead 0 
 Sent 106691876 bytes 71313 pkt (dropped 165, overlimits 207621 requeues 0) 
 backlog 1514b 1p requeues 0
 memory used: 67528b of 4Mb
 capacity estimate: 7Mbit
 min/max network layer size:           42 /    1514
 min/max overhead-adjusted size:       42 /    1514
 average network hdr offset:           14

                   Bulk  Best Effort        Voice
  thresh      437496bit        7Mbit     1750Kbit
  target         41.5ms          5ms       10.4ms
  interval        137ms        100ms        105ms
  pk_delay          0us       20.4ms       1.03ms
  av_delay          0us       12.7ms         36us
  sp_delay          0us        293us         36us
  backlog            0b        1514b           0b
  pkts                0        71467           12
  bytes               0    106942696          504
  way_inds            0            0            0
  way_miss            0           16            1
  way_cols            0            0            0
  drops               0          165            0
  marks               0        11645            0
  ack_drop            0            0            0
  sp_flows            0            1            1
  bk_flows            0            1            0
  un_flows            0            0            0
  max_len             0         2964           42
  quantum           300          300          300

======================================================================
Timestamp: 2026-04-28 11:57:13
qdisc htb 1: root refcnt 13 r2q 10 default 0x10 direct_packets_stat 0 direct_qlen 1000
 Sent 107569927 bytes 71894 pkt (dropped 165, overlimits 1182 requeues 0) 
 backlog 16430b 11p requeues 0
qdisc cake 20: parent 1:10 bandwidth 7Mbit diffserv3 triple-isolate nonat nowash no-ack-filter split-gso rtt 100ms raw overhead 0 
 Sent 107569927 bytes 71894 pkt (dropped 165, overlimits 209370 requeues 0) 
 backlog 16430b 11p requeues 0
 memory used: 67528b of 4Mb
 capacity estimate: 7Mbit
 min/max network layer size:           42 /    1514
 min/max overhead-adjusted size:       42 /    1514
 average network hdr offset:           14

                   Bulk  Best Effort        Voice
  thresh      437496bit        7Mbit     1750Kbit
  target         41.5ms          5ms       10.4ms
  interval        137ms        100ms        105ms
  pk_delay          0us       32.8ms       1.03ms
  av_delay          0us       10.7ms         36us
  sp_delay          0us       6.76ms         36us
  backlog            0b       16430b           0b
  pkts                0        72058           12
  bytes               0    107835663          504
  way_inds            0            0            0
  way_miss            0           16            1
  way_cols            0            0            0
  drops               0          165            0
  marks               0        11651            0
  ack_drop            0            0            0
  sp_flows            0            0            1
  bk_flows            0            2            0
  un_flows            0            0            0
  max_len             0         2964           42
  quantum           300          300          300

======================================================================
Timestamp: 2026-04-28 11:57:14
qdisc htb 1: root refcnt 13 r2q 10 default 0x10 direct_packets_stat 0 direct_qlen 1000
 Sent 108446133 bytes 72481 pkt (dropped 168, overlimits 1182 requeues 0) 
 backlog 1514b 1p requeues 0
qdisc cake 20: parent 1:10 bandwidth 7Mbit diffserv3 triple-isolate nonat nowash no-ack-filter split-gso rtt 100ms raw overhead 0 
 Sent 108446133 bytes 72481 pkt (dropped 168, overlimits 211100 requeues 0) 
 backlog 1514b 1p requeues 0
 memory used: 67528b of 4Mb
 capacity estimate: 7Mbit
 min/max network layer size:           42 /    1514
 min/max overhead-adjusted size:       42 /    1514
 average network hdr offset:           14

                   Bulk  Best Effort        Voice
  thresh      437496bit        7Mbit     1750Kbit
  target         41.5ms          5ms       10.4ms
  interval        137ms        100ms        105ms
  pk_delay          0us       25.6ms       1.03ms
  av_delay          0us       15.5ms         36us
  sp_delay          0us       1.34ms         36us
  backlog            0b        1514b           0b
  pkts                0        72638           12
  bytes               0    108701495          504
  way_inds            0            0            0
  way_miss            0           16            1
  way_cols            0            0            0
  drops               0          168            0
  marks               0        11726            0
  ack_drop            0            0            0
  sp_flows            0            2            1
  bk_flows            0            1            0
  un_flows            0            0            0
  max_len             0         2964           42
  quantum           300          300          300

======================================================================
Timestamp: 2026-04-28 11:57:15
qdisc htb 1: root refcnt 13 r2q 10 default 0x10 direct_packets_stat 0 direct_qlen 1000
 Sent 109317159 bytes 73057 pkt (dropped 169, overlimits 1182 requeues 0) 
 backlog 13498b 9p requeues 0
qdisc cake 20: parent 1:10 bandwidth 7Mbit diffserv3 triple-isolate nonat nowash no-ack-filter split-gso rtt 100ms raw overhead 0 
 Sent 109317159 bytes 73057 pkt (dropped 169, overlimits 212745 requeues 0) 
 backlog 13498b 9p requeues 0
 memory used: 67528b of 4Mb
 capacity estimate: 7Mbit
 min/max network layer size:           42 /    1514
 min/max overhead-adjusted size:       42 /    1514
 average network hdr offset:           14

                   Bulk  Best Effort        Voice
  thresh      437496bit        7Mbit     1750Kbit
  target         41.5ms          5ms       10.4ms
  interval        137ms        100ms        105ms
  pk_delay          0us       16.4ms       1.03ms
  av_delay          0us       7.89ms         36us
  sp_delay          0us       3.03ms         36us
  backlog            0b       13498b           0b
  pkts                0        73223           12
  bytes               0    109586019          504
  way_inds            0            0            0
  way_miss            0           16            1
  way_cols            0            0            0
  drops               0          169            0
  marks               0        11726            0
  ack_drop            0            0            0
  sp_flows            0            0            1
  bk_flows            0            2            0
  un_flows            0            0            0
  max_len             0         2964           42
  quantum           300          300          300

======================================================================
Timestamp: 2026-04-28 11:57:16
qdisc htb 1: root refcnt 13 r2q 10 default 0x10 direct_packets_stat 0 direct_qlen 1000
 Sent 110166761 bytes 73625 pkt (dropped 172, overlimits 1182 requeues 0) 
 backlog 4542b 3p requeues 0
qdisc cake 20: parent 1:10 bandwidth 7Mbit diffserv3 triple-isolate nonat nowash no-ack-filter split-gso rtt 100ms raw overhead 0 
 Sent 110166761 bytes 73625 pkt (dropped 172, overlimits 214294 requeues 0) 
 backlog 4542b 3p requeues 0
 memory used: 67528b of 4Mb
 capacity estimate: 7Mbit
 min/max network layer size:           42 /    1514
 min/max overhead-adjusted size:       42 /    1514
 average network hdr offset:           14

                   Bulk  Best Effort        Voice
  thresh      437496bit        7Mbit     1750Kbit
  target         41.5ms          5ms       10.4ms
  interval        137ms        100ms        105ms
  pk_delay          0us       16.4ms       1.03ms
  av_delay          0us       9.29ms         36us
  sp_delay          0us       1.05ms         36us
  backlog            0b        4542b           0b
  pkts                0        73788           12
  bytes               0    110431207          504
  way_inds            0            0            0
  way_miss            0           16            1
  way_cols            0            0            0
  drops               0          172            0
  marks               0        11770            0
  ack_drop            0            0            0
  sp_flows            0            1            1
  bk_flows            0            1            0
  un_flows            0            0            0
  max_len             0         2964           42
  quantum           300          300          300

======================================================================
Timestamp: 2026-04-28 11:57:17
qdisc htb 1: root refcnt 13 r2q 10 default 0x10 direct_packets_stat 0 direct_qlen 1000
 Sent 111044258 bytes 74205 pkt (dropped 172, overlimits 1182 requeues 0) 
 backlog 7538b 5p requeues 0
qdisc cake 20: parent 1:10 bandwidth 7Mbit diffserv3 triple-isolate nonat nowash no-ack-filter split-gso rtt 100ms raw overhead 0 
 Sent 111044258 bytes 74205 pkt (dropped 172, overlimits 216034 requeues 0) 
 backlog 7538b 5p requeues 0
 memory used: 67528b of 4Mb
 capacity estimate: 7Mbit
 min/max network layer size:           42 /    1514
 min/max overhead-adjusted size:       42 /    1514
 average network hdr offset:           14

                   Bulk  Best Effort        Voice
  thresh      437496bit        7Mbit     1750Kbit
  target         41.5ms          5ms       10.4ms
  interval        137ms        100ms        105ms
  pk_delay          0us       13.6ms       1.03ms
  av_delay          0us       7.71ms         36us
  sp_delay          0us       2.31ms         36us
  backlog            0b        7538b           0b
  pkts                0        74370           12
  bytes               0    111311700          504
  way_inds            0            0            0
  way_miss            0           16            1
  way_cols            0            0            0
  drops               0          172            0
  marks               0        11770            0
  ack_drop            0            0            0
  sp_flows            0            0            1
  bk_flows            0            2            0
  un_flows            0            0            0
  max_len             0         2964           42
  quantum           300          300          300

======================================================================
Timestamp: 2026-04-28 11:57:18
qdisc htb 1: root refcnt 13 r2q 10 default 0x10 direct_packets_stat 0 direct_qlen 1000
 Sent 111921488 bytes 74790 pkt (dropped 174, overlimits 1182 requeues 0) 
 backlog 6056b 4p requeues 0
qdisc cake 20: parent 1:10 bandwidth 7Mbit diffserv3 triple-isolate nonat nowash no-ack-filter split-gso rtt 100ms raw overhead 0 
 Sent 111921488 bytes 74790 pkt (dropped 174, overlimits 217780 requeues 0) 
 backlog 6056b 4p requeues 0
 memory used: 67528b of 4Mb
 capacity estimate: 7Mbit
 min/max network layer size:           42 /    1514
 min/max overhead-adjusted size:       42 /    1514
 average network hdr offset:           14

                   Bulk  Best Effort        Voice
  thresh      437496bit        7Mbit     1750Kbit
  target         41.5ms          5ms       10.4ms
  interval        137ms        100ms        105ms
  pk_delay          0us       18.1ms       1.03ms
  av_delay          0us       11.5ms         36us
  sp_delay          0us       3.69ms         36us
  backlog            0b        6056b           0b
  pkts                0        74956           12
  bytes               0    112190476          504
  way_inds            0            0            0
  way_miss            0           16            1
  way_cols            0            0            0
  drops               0          174            0
  marks               0        11789            0
  ack_drop            0            0            0
  sp_flows            0            1            1
  bk_flows            0            1            0
  un_flows            0            0            0
  max_len             0         2964           42
  quantum           300          300          300

======================================================================
Timestamp: 2026-04-28 11:57:19
qdisc htb 1: root refcnt 13 r2q 10 default 0x10 direct_packets_stat 0 direct_qlen 1000
 Sent 112800829 bytes 75372 pkt (dropped 174, overlimits 1182 requeues 0) 
 backlog 4542b 3p requeues 0
qdisc cake 20: parent 1:10 bandwidth 7Mbit diffserv3 triple-isolate nonat nowash no-ack-filter split-gso rtt 100ms raw overhead 0 
 Sent 112800829 bytes 75372 pkt (dropped 174, overlimits 219526 requeues 0) 
 backlog 4542b 3p requeues 0
 memory used: 67528b of 4Mb
 capacity estimate: 7Mbit
 min/max network layer size:           42 /    1514
 min/max overhead-adjusted size:       42 /    1514
 average network hdr offset:           14

                   Bulk  Best Effort        Voice
  thresh      437496bit        7Mbit     1750Kbit
  target         41.5ms          5ms       10.4ms
  interval        137ms        100ms        105ms
  pk_delay          0us       10.1ms        1.1ms
  av_delay          0us       7.98ms         41us
  sp_delay          0us       4.01ms         41us
  backlog            0b        4542b           0b
  pkts                0        75536           13
  bytes               0    113068261          546
  way_inds            0            0            0
  way_miss            0           16            1
  way_cols            0            0            0
  drops               0          174            0
  marks               0        11789            0
  ack_drop            0            0            0
  sp_flows            0            1            1
  bk_flows            0            1            0
  un_flows            0            0            0
  max_len             0         2964           42
  quantum           300          300          300

======================================================================
Timestamp: 2026-04-28 11:57:20
qdisc htb 1: root refcnt 13 r2q 10 default 0x10 direct_packets_stat 0 direct_qlen 1000
 Sent 113677336 bytes 75958 pkt (dropped 177, overlimits 1182 requeues 0) 
 backlog 10355b 7p requeues 0
qdisc cake 20: parent 1:10 bandwidth 7Mbit diffserv3 triple-isolate nonat nowash no-ack-filter split-gso rtt 100ms raw overhead 0 
 Sent 113677336 bytes 75958 pkt (dropped 177, overlimits 221274 requeues 0) 
 backlog 10355b 7p requeues 0
 memory used: 67528b of 4Mb
 capacity estimate: 7Mbit
 min/max network layer size:           42 /    1514
 min/max overhead-adjusted size:       42 /    1514
 average network hdr offset:           14

                   Bulk  Best Effort        Voice
  thresh      437496bit        7Mbit     1750Kbit
  target         41.5ms          5ms       10.4ms
  interval        137ms        100ms        105ms
  pk_delay          0us       31.7ms        1.1ms
  av_delay          0us       17.2ms         41us
  sp_delay          0us       8.94ms         41us
  backlog            0b       10355b           0b
  pkts                0        76129           13
  bytes               0    113955123          546
  way_inds            0            0            0
  way_miss            0           16            1
  way_cols            0            0            0
  drops               0          177            0
  marks               0        11816            0
  ack_drop            0            0            0
  sp_flows            0            0            1
  bk_flows            0            2            0
  un_flows            0            0            0
  max_len             0         2964           42
  quantum           300          300          300

======================================================================
Timestamp: 2026-04-28 11:57:21
qdisc htb 1: root refcnt 13 r2q 10 default 0x10 direct_packets_stat 0 direct_qlen 1000
 Sent 114553796 bytes 76538 pkt (dropped 177, overlimits 1182 requeues 0) 
 backlog 7570b 5p requeues 0
qdisc cake 20: parent 1:10 bandwidth 7Mbit diffserv3 triple-isolate nonat nowash no-ack-filter split-gso rtt 100ms raw overhead 0 
 Sent 114553796 bytes 76538 pkt (dropped 177, overlimits 222980 requeues 0) 
 backlog 7570b 5p requeues 0
 memory used: 67528b of 4Mb
 capacity estimate: 7Mbit
 min/max network layer size:           42 /    1514
 min/max overhead-adjusted size:       42 /    1514
 average network hdr offset:           14

                   Bulk  Best Effort        Voice
  thresh      437496bit        7Mbit     1750Kbit
  target         41.5ms          5ms       10.4ms
  interval        137ms        100ms        105ms
  pk_delay          0us       9.69ms        1.1ms
  av_delay          0us        8.2ms         41us
  sp_delay          0us       4.68ms         41us
  backlog            0b        7570b           0b
  pkts                0        76707           13
  bytes               0    114828798          546
  way_inds            0            0            0
  way_miss            0           16            1
  way_cols            0            0            0
  drops               0          177            0
  marks               0        11816            0
  ack_drop            0            0            0
  sp_flows            0            1            1
  bk_flows            0            1            0
  un_flows            0            0            0
  max_len             0         2964           42
  quantum           300          300          300

======================================================================
Timestamp: 2026-04-28 11:57:22
qdisc htb 1: root refcnt 13 r2q 10 default 0x10 direct_packets_stat 0 direct_qlen 1000
 Sent 115432028 bytes 77126 pkt (dropped 180, overlimits 1182 requeues 0) 
 backlog 16366b 11p requeues 0
qdisc cake 20: parent 1:10 bandwidth 7Mbit diffserv3 triple-isolate nonat nowash no-ack-filter split-gso rtt 100ms raw overhead 0 
 Sent 115432028 bytes 77126 pkt (dropped 180, overlimits 224736 requeues 0) 
 backlog 16366b 11p requeues 0
 memory used: 67528b of 4Mb
 capacity estimate: 7Mbit
 min/max network layer size:           42 /    1514
 min/max overhead-adjusted size:       42 /    1514
 average network hdr offset:           14

                   Bulk  Best Effort        Voice
  thresh      437496bit        7Mbit     1750Kbit
  target         41.5ms          5ms       10.4ms
  interval        137ms        100ms        105ms
  pk_delay          0us       27.1ms        1.1ms
  av_delay          0us       16.8ms         41us
  sp_delay          0us        7.9ms         41us
  backlog            0b       16366b           0b
  pkts                0        77304           13
  bytes               0    115720368          546
  way_inds            0            0            0
  way_miss            0           16            1
  way_cols            0            0            0
  drops               0          180            0
  marks               0        11841            0
  ack_drop            0            0            0
  sp_flows            0            0            1
  bk_flows            0            2            0
  un_flows            0            0            0
  max_len             0         2964           42
  quantum           300          300          300

======================================================================
Timestamp: 2026-04-28 11:57:23
qdisc htb 1: root refcnt 13 r2q 10 default 0x10 direct_packets_stat 0 direct_qlen 1000
 Sent 116309080 bytes 77707 pkt (dropped 180, overlimits 1182 requeues 0) 
 backlog 6056b 4p requeues 0
qdisc cake 20: parent 1:10 bandwidth 7Mbit diffserv3 triple-isolate nonat nowash no-ack-filter split-gso rtt 100ms raw overhead 0 
 Sent 116309080 bytes 77707 pkt (dropped 180, overlimits 226449 requeues 0) 
 backlog 6056b 4p requeues 0
 memory used: 67528b of 4Mb
 capacity estimate: 7Mbit
 min/max network layer size:           42 /    1514
 min/max overhead-adjusted size:       42 /    1514
 average network hdr offset:           14

                   Bulk  Best Effort        Voice
  thresh      437496bit        7Mbit     1750Kbit
  target         41.5ms          5ms       10.4ms
  interval        137ms        100ms        105ms
  pk_delay          0us       9.95ms        1.1ms
  av_delay          0us       8.37ms         41us
  sp_delay          0us          5ms         41us
  backlog            0b        6056b           0b
  pkts                0        77878           13
  bytes               0    116587110          546
  way_inds            0            0            0
  way_miss            0           16            1
  way_cols            0            0            0
  drops               0          180            0
  marks               0        11844            0
  ack_drop            0            0            0
  sp_flows            0            1            1
  bk_flows            0            1            0
  un_flows            0            0            0
  max_len             0         2964           42
  quantum           300          300          300

======================================================================
Timestamp: 2026-04-28 11:57:24
qdisc htb 1: root refcnt 13 r2q 10 default 0x10 direct_packets_stat 0 direct_qlen 1000
 Sent 117187534 bytes 78294 pkt (dropped 183, overlimits 1182 requeues 0) 
 backlog 16430b 11p requeues 0
qdisc cake 20: parent 1:10 bandwidth 7Mbit diffserv3 triple-isolate nonat nowash no-ack-filter split-gso rtt 100ms raw overhead 0 
 Sent 117187534 bytes 78294 pkt (dropped 183, overlimits 228207 requeues 0) 
 backlog 16430b 11p requeues 0
 memory used: 67528b of 4Mb
 capacity estimate: 7Mbit
 min/max network layer size:           42 /    1514
 min/max overhead-adjusted size:       42 /    1514
 average network hdr offset:           14

                   Bulk  Best Effort        Voice
  thresh      437496bit        7Mbit     1750Kbit
  target         41.5ms          5ms       10.4ms
  interval        137ms        100ms        105ms
  pk_delay          0us       32.3ms        1.1ms
  av_delay          0us       17.2ms         41us
  sp_delay          0us       7.96ms         41us
  backlog            0b       16430b           0b
  pkts                0        78475           13
  bytes               0    117480480          546
  way_inds            0            0            0
  way_miss            0           16            1
  way_cols            0            0            0
  drops               0          183            0
  marks               0        11870            0
  ack_drop            0            0            0
  sp_flows            0            0            1
  bk_flows            0            2            0
  un_flows            0            0            0
  max_len             0         2964           42
  quantum           300          300          300

======================================================================
Timestamp: 2026-04-28 11:57:25
qdisc htb 1: root refcnt 13 r2q 10 default 0x10 direct_packets_stat 0 direct_qlen 1000
 Sent 118065025 bytes 78875 pkt (dropped 183, overlimits 1182 requeues 0) 
 backlog 7570b 5p requeues 0
qdisc cake 20: parent 1:10 bandwidth 7Mbit diffserv3 triple-isolate nonat nowash no-ack-filter split-gso rtt 100ms raw overhead 0 
 Sent 118065025 bytes 78875 pkt (dropped 183, overlimits 229941 requeues 0) 
 backlog 7570b 5p requeues 0
 memory used: 67528b of 4Mb
 capacity estimate: 7Mbit
 min/max network layer size:           42 /    1514
 min/max overhead-adjusted size:       42 /    1514
 average network hdr offset:           14

                   Bulk  Best Effort        Voice
  thresh      437496bit        7Mbit     1750Kbit
  target         41.5ms          5ms       10.4ms
  interval        137ms        100ms        105ms
  pk_delay          0us       11.3ms        1.1ms
  av_delay          0us       8.86ms         41us
  sp_delay          0us       4.79ms         41us
  backlog            0b        7570b           0b
  pkts                0        79050           13
  bytes               0    118349111          546
  way_inds            0            0            0
  way_miss            0           16            1
  way_cols            0            0            0
  drops               0          183            0
  marks               0        11881            0
  ack_drop            0            0            0
  sp_flows            0            1            1
  bk_flows            0            1            0
  un_flows            0            0            0
  max_len             0         2964           42
  quantum           300          300          300

======================================================================
Timestamp: 2026-04-28 11:57:26
qdisc htb 1: root refcnt 13 r2q 10 default 0x10 direct_packets_stat 0 direct_qlen 1000
 Sent 118942413 bytes 79461 pkt (dropped 187, overlimits 1182 requeues 0) 
 backlog 17912b 12p requeues 0
qdisc cake 20: parent 1:10 bandwidth 7Mbit diffserv3 triple-isolate nonat nowash no-ack-filter split-gso rtt 100ms raw overhead 0 
 Sent 118942413 bytes 79461 pkt (dropped 187, overlimits 231695 requeues 0) 
 backlog 17912b 12p requeues 0
 memory used: 67528b of 4Mb
 capacity estimate: 7Mbit
 min/max network layer size:           42 /    1514
 min/max overhead-adjusted size:       42 /    1514
 average network hdr offset:           14

                   Bulk  Best Effort        Voice
  thresh      437496bit        7Mbit     1750Kbit
  target         41.5ms          5ms       10.4ms
  interval        137ms        100ms        105ms
  pk_delay          0us       30.5ms        1.1ms
  av_delay          0us       16.5ms         41us
  sp_delay          0us       9.64ms         41us
  backlog            0b       17912b           0b
  pkts                0        79647           13
  bytes               0    119242897          546
  way_inds            0            0            0
  way_miss            0           16            1
  way_cols            0            0            0
  drops               0          187            0
  marks               0        11908            0
  ack_drop            0            0            0
  sp_flows            0            0            1
  bk_flows            0            2            0
  un_flows            0            0            0
  max_len             0         2964           42
  quantum           300          300          300

======================================================================
Timestamp: 2026-04-28 11:57:27
qdisc htb 1: root refcnt 13 r2q 10 default 0x10 direct_packets_stat 0 direct_qlen 1000
 Sent 119760148 bytes 80003 pkt (dropped 188, overlimits 1182 requeues 0) 
 backlog 6056b 4p requeues 0
qdisc cake 20: parent 1:10 bandwidth 7Mbit diffserv3 triple-isolate nonat nowash no-ack-filter split-gso rtt 100ms raw overhead 0 
 Sent 119760148 bytes 80003 pkt (dropped 188, overlimits 233151 requeues 0) 
 backlog 6056b 4p requeues 0
 memory used: 67528b of 4Mb
 capacity estimate: 7Mbit
 min/max network layer size:           42 /    1514
 min/max overhead-adjusted size:       42 /    1514
 average network hdr offset:           14

                   Bulk  Best Effort        Voice
  thresh      437496bit        7Mbit     1750Kbit
  target         41.5ms          5ms       10.4ms
  interval        137ms        100ms        105ms
  pk_delay          0us       10.1ms        1.1ms
  av_delay          0us       7.88ms         41us
  sp_delay          0us        4.1ms         41us
  backlog            0b        6056b           0b
  pkts                0        80182           13
  bytes               0    120050290          546
  way_inds            0            0            0
  way_miss            0           16            1
  way_cols            0            0            0
  drops               0          188            0
  marks               0        11923            0
  ack_drop            0            0            0
  sp_flows            0            1            1
  bk_flows            0            1            0
  un_flows            0            0            0
  max_len             0         2964           42
  quantum           300          300          300

======================================================================
Timestamp: 2026-04-28 11:57:28
qdisc htb 1: root refcnt 13 r2q 10 default 0x10 direct_packets_stat 0 direct_qlen 1000
 Sent 120638017 bytes 80589 pkt (dropped 192, overlimits 1182 requeues 0) 
 backlog 11920b 8p requeues 0
qdisc cake 20: parent 1:10 bandwidth 7Mbit diffserv3 triple-isolate nonat nowash no-ack-filter split-gso rtt 100ms raw overhead 0 
 Sent 120638017 bytes 80589 pkt (dropped 192, overlimits 234903 requeues 0) 
 backlog 11920b 8p requeues 0
 memory used: 67528b of 4Mb
 capacity estimate: 7Mbit
 min/max network layer size:           42 /    1514
 min/max overhead-adjusted size:       42 /    1514
 average network hdr offset:           14

                   Bulk  Best Effort        Voice
  thresh      437496bit        7Mbit     1750Kbit
  target         41.5ms          5ms       10.4ms
  interval        137ms        100ms        105ms
  pk_delay          0us       30.4ms        1.1ms
  av_delay          0us       16.5ms         41us
  sp_delay          0us       6.96ms         41us
  backlog            0b       11920b           0b
  pkts                0        80776           13
  bytes               0    120940079          546
  way_inds            0            0            0
  way_miss            0           16            1
  way_cols            0            0            0
  drops               0          192            0
  marks               0        11951            0
  ack_drop            0            0            0
  sp_flows            0            0            1
  bk_flows            0            2            0
  un_flows            0            0            0
  max_len             0         2964           42
  quantum           300          300          300

======================================================================
Timestamp: 2026-04-28 11:57:29
qdisc htb 1: root refcnt 13 r2q 10 default 0x10 direct_packets_stat 0 direct_qlen 1000
 Sent 121512063 bytes 81170 pkt (dropped 192, overlimits 1182 requeues 0) 
 backlog 6056b 4p requeues 0
qdisc cake 20: parent 1:10 bandwidth 7Mbit diffserv3 triple-isolate nonat nowash no-ack-filter split-gso rtt 100ms raw overhead 0 
 Sent 121512063 bytes 81170 pkt (dropped 192, overlimits 236602 requeues 0) 
 backlog 6056b 4p requeues 0
 memory used: 67528b of 4Mb
 capacity estimate: 7Mbit
 min/max network layer size:           42 /    1514
 min/max overhead-adjusted size:       42 /    1514
 average network hdr offset:           14

                   Bulk  Best Effort        Voice
  thresh      437496bit        7Mbit     1750Kbit
  target         41.5ms          5ms       10.4ms
  interval        137ms        100ms        105ms
  pk_delay          0us       11.8ms        1.1ms
  av_delay          0us       8.74ms         41us
  sp_delay          0us       4.38ms         41us
  backlog            0b        6056b           0b
  pkts                0        81353           13
  bytes               0    121808261          546
  way_inds            0            0            0
  way_miss            0           16            1
  way_cols            0            0            0
  drops               0          192            0
  marks               0        11975            0
  ack_drop            0            0            0
  sp_flows            0            1            1
  bk_flows            0            1            0
  un_flows            0            0            0
  max_len             0         2964           42
  quantum           300          300          300

======================================================================
Timestamp: 2026-04-28 11:57:30
qdisc htb 1: root refcnt 13 r2q 10 default 0x10 direct_packets_stat 0 direct_qlen 1000
 Sent 122316674 bytes 81716 pkt (dropped 195, overlimits 1182 requeues 0) 
 backlog 0b 0p requeues 0
qdisc cake 20: parent 1:10 bandwidth 7Mbit diffserv3 triple-isolate nonat nowash no-ack-filter split-gso rtt 100ms raw overhead 0 
 Sent 122316674 bytes 81716 pkt (dropped 195, overlimits 238091 requeues 0) 
 backlog 0b 0p requeues 0
 memory used: 67528b of 4Mb
 capacity estimate: 7Mbit
 min/max network layer size:           42 /    1514
 min/max overhead-adjusted size:       42 /    1514
 average network hdr offset:           14

                   Bulk  Best Effort        Voice
  thresh      437496bit        7Mbit     1750Kbit
  target         41.5ms          5ms       10.4ms
  interval        137ms        100ms        105ms
  pk_delay          0us       23.2ms        1.1ms
  av_delay          0us       11.5ms         41us
  sp_delay          0us          7us         41us
  backlog            0b           0b           0b
  pkts                0        81898           13
  bytes               0    122611358          546
  way_inds            0            0            0
  way_miss            0           16            1
  way_cols            0            0            0
  drops               0          195            0
  marks               0        11994            0
  ack_drop            0            0            0
  sp_flows            0            2            1
  bk_flows            0            1            0
  un_flows            0            0            0
  max_len             0         2964           42
  quantum           300          300          300

======================================================================
Timestamp: 2026-04-28 11:57:31
qdisc htb 1: root refcnt 13 r2q 10 default 0x10 direct_packets_stat 0 direct_qlen 1000
 Sent 122316674 bytes 81716 pkt (dropped 195, overlimits 1182 requeues 0) 
 backlog 0b 0p requeues 0
qdisc cake 20: parent 1:10 bandwidth 7Mbit diffserv3 triple-isolate nonat nowash no-ack-filter split-gso rtt 100ms raw overhead 0 
 Sent 122316674 bytes 81716 pkt (dropped 195, overlimits 238091 requeues 0) 
 backlog 0b 0p requeues 0
 memory used: 67528b of 4Mb
 capacity estimate: 7Mbit
 min/max network layer size:           42 /    1514
 min/max overhead-adjusted size:       42 /    1514
 average network hdr offset:           14

                   Bulk  Best Effort        Voice
  thresh      437496bit        7Mbit     1750Kbit
  target         41.5ms          5ms       10.4ms
  interval        137ms        100ms        105ms
  pk_delay          0us       23.2ms        1.1ms
  av_delay          0us       11.5ms         41us
  sp_delay          0us          7us         41us
  backlog            0b           0b           0b
  pkts                0        81898           13
  bytes               0    122611358          546
  way_inds            0            0            0
  way_miss            0           16            1
  way_cols            0            0            0
  drops               0          195            0
  marks               0        11994            0
  ack_drop            0            0            0
  sp_flows            0            2            1
  bk_flows            0            1            0
  un_flows            0            0            0
  max_len             0         2964           42
  quantum           300          300          300

======================================================================
Timestamp: 2026-04-28 11:57:32
qdisc htb 1: root refcnt 13 r2q 10 default 0x10 direct_packets_stat 0 direct_qlen 1000
 Sent 122749632 bytes 82010 pkt (dropped 195, overlimits 1182 requeues 0) 
 backlog 0b 0p requeues 0
qdisc cake 20: parent 1:10 bandwidth 7Mbit diffserv3 triple-isolate nonat nowash no-ack-filter split-gso rtt 100ms raw overhead 0 
 Sent 122749632 bytes 82010 pkt (dropped 195, overlimits 238957 requeues 0) 
 backlog 0b 0p requeues 0
 memory used: 67528b of 4Mb
 capacity estimate: 7Mbit
 min/max network layer size:           42 /    1514
 min/max overhead-adjusted size:       42 /    1514
 average network hdr offset:           14

                   Bulk  Best Effort        Voice
  thresh      437496bit        7Mbit     1750Kbit
  target         41.5ms          5ms       10.4ms
  interval        137ms        100ms        105ms
  pk_delay          0us       17.5ms        1.1ms
  av_delay          0us         12ms         41us
  sp_delay          0us       8.32ms         41us
  backlog            0b           0b           0b
  pkts                0        82192           13
  bytes               0    123044316          546
  way_inds            0            0            0
  way_miss            0           16            1
  way_cols            0            0            0
  drops               0          195            0
  marks               0        12002            0
  ack_drop            0            0            0
  sp_flows            0            0            1
  bk_flows            0            1            0
  un_flows            0            0            0
  max_len             0         2964           42
  quantum           300          300          300

======================================================================
Timestamp: 2026-04-28 11:57:33
qdisc htb 1: root refcnt 13 r2q 10 default 0x10 direct_packets_stat 0 direct_qlen 1000
 Sent 122749632 bytes 82010 pkt (dropped 195, overlimits 1182 requeues 0) 
 backlog 0b 0p requeues 0
qdisc cake 20: parent 1:10 bandwidth 7Mbit diffserv3 triple-isolate nonat nowash no-ack-filter split-gso rtt 100ms raw overhead 0 
 Sent 122749632 bytes 82010 pkt (dropped 195, overlimits 238957 requeues 0) 
 backlog 0b 0p requeues 0
 memory used: 67528b of 4Mb
 capacity estimate: 7Mbit
 min/max network layer size:           42 /    1514
 min/max overhead-adjusted size:       42 /    1514
 average network hdr offset:           14

                   Bulk  Best Effort        Voice
  thresh      437496bit        7Mbit     1750Kbit
  target         41.5ms          5ms       10.4ms
  interval        137ms        100ms        105ms
  pk_delay          0us       17.5ms        1.1ms
  av_delay          0us         12ms         41us
  sp_delay          0us       8.32ms         41us
  backlog            0b           0b           0b
  pkts                0        82192           13
  bytes               0    123044316          546
  way_inds            0            0            0
  way_miss            0           16            1
  way_cols            0            0            0
  drops               0          195            0
  marks               0        12002            0
  ack_drop            0            0            0
  sp_flows            0            0            1
  bk_flows            0            1            0
  un_flows            0            0            0
  max_len             0         2964           42
  quantum           300          300          300

======================================================================
Timestamp: 2026-04-28 11:57:34
qdisc htb 1: root refcnt 13 r2q 10 default 0x10 direct_packets_stat 0 direct_qlen 1000
 Sent 123157196 bytes 82287 pkt (dropped 195, overlimits 1182 requeues 0) 
 backlog 0b 0p requeues 0
qdisc cake 20: parent 1:10 bandwidth 7Mbit diffserv3 triple-isolate nonat nowash no-ack-filter split-gso rtt 100ms raw overhead 0 
 Sent 123157196 bytes 82287 pkt (dropped 195, overlimits 239770 requeues 0) 
 backlog 0b 0p requeues 0
 memory used: 67528b of 4Mb
 capacity estimate: 7Mbit
 min/max network layer size:           42 /    1514
 min/max overhead-adjusted size:       42 /    1514
 average network hdr offset:           14

                   Bulk  Best Effort        Voice
  thresh      437496bit        7Mbit     1750Kbit
  target         41.5ms          5ms       10.4ms
  interval        137ms        100ms        105ms
  pk_delay          0us       17.3ms        1.1ms
  av_delay          0us       11.3ms         41us
  sp_delay          0us       4.49ms         41us
  backlog            0b           0b           0b
  pkts                0        82469           13
  bytes               0    123451880          546
  way_inds            0            0            0
  way_miss            0           16            1
  way_cols            0            0            0
  drops               0          195            0
  marks               0        12004            0
  ack_drop            0            0            0
  sp_flows            0            0            1
  bk_flows            0            1            0
  un_flows            0            0            0
  max_len             0         2964           42
  quantum           300          300          300

======================================================================
Timestamp: 2026-04-28 11:57:35
qdisc htb 1: root refcnt 13 r2q 10 default 0x10 direct_packets_stat 0 direct_qlen 1000
 Sent 123157196 bytes 82287 pkt (dropped 195, overlimits 1182 requeues 0) 
 backlog 0b 0p requeues 0
qdisc cake 20: parent 1:10 bandwidth 7Mbit diffserv3 triple-isolate nonat nowash no-ack-filter split-gso rtt 100ms raw overhead 0 
 Sent 123157196 bytes 82287 pkt (dropped 195, overlimits 239770 requeues 0) 
 backlog 0b 0p requeues 0
 memory used: 67528b of 4Mb
 capacity estimate: 7Mbit
 min/max network layer size:           42 /    1514
 min/max overhead-adjusted size:       42 /    1514
 average network hdr offset:           14

                   Bulk  Best Effort        Voice
  thresh      437496bit        7Mbit     1750Kbit
  target         41.5ms          5ms       10.4ms
  interval        137ms        100ms        105ms
  pk_delay          0us       17.3ms        1.1ms
  av_delay          0us       11.3ms         41us
  sp_delay          0us       4.49ms         41us
  backlog            0b           0b           0b
  pkts                0        82469           13
  bytes               0    123451880          546
  way_inds            0            0            0
  way_miss            0           16            1
  way_cols            0            0            0
  drops               0          195            0
  marks               0        12004            0
  ack_drop            0            0            0
  sp_flows            0            0            1
  bk_flows            0            1            0
  un_flows            0            0            0
  max_len             0         2964           42
  quantum           300          300          300

======================================================================
Timestamp: 2026-04-28 11:57:36
qdisc htb 1: root refcnt 13 r2q 10 default 0x10 direct_packets_stat 0 direct_qlen 1000
 Sent 123637094 bytes 82611 pkt (dropped 195, overlimits 1182 requeues 0) 
 backlog 10374b 7p requeues 0
qdisc cake 20: parent 1:10 bandwidth 7Mbit diffserv3 triple-isolate nonat nowash no-ack-filter split-gso rtt 100ms raw overhead 0 
 Sent 123637094 bytes 82611 pkt (dropped 195, overlimits 240738 requeues 0) 
 backlog 10374b 7p requeues 0
 memory used: 67528b of 4Mb
 capacity estimate: 7Mbit
 min/max network layer size:           42 /    1514
 min/max overhead-adjusted size:       42 /    1514
 average network hdr offset:           14

                   Bulk  Best Effort        Voice
  thresh      437496bit        7Mbit     1750Kbit
  target         41.5ms          5ms       10.4ms
  interval        137ms        100ms        105ms
  pk_delay          0us       16.8ms        1.1ms
  av_delay          0us       11.3ms         41us
  sp_delay          0us       7.57ms         41us
  backlog            0b       10374b           0b
  pkts                0        82800           13
  bytes               0    123942152          546
  way_inds            0            0            0
  way_miss            0           16            1
  way_cols            0            0            0
  drops               0          195            0
  marks               0        12009            0
  ack_drop            0            0            0
  sp_flows            0            0            1
  bk_flows            0            1            0
  un_flows            0            0            0
  max_len             0         2964           42
  quantum           300          300          300

======================================================================
Timestamp: 2026-04-28 11:57:37
qdisc htb 1: root refcnt 13 r2q 10 default 0x10 direct_packets_stat 0 direct_qlen 1000
 Sent 124108176 bytes 82930 pkt (dropped 195, overlimits 1182 requeues 0) 
 backlog 0b 0p requeues 0
qdisc cake 20: parent 1:10 bandwidth 7Mbit diffserv3 triple-isolate nonat nowash no-ack-filter split-gso rtt 100ms raw overhead 0 
 Sent 124108176 bytes 82930 pkt (dropped 195, overlimits 241680 requeues 0) 
 backlog 0b 0p requeues 0
 memory used: 67528b of 4Mb
 capacity estimate: 7Mbit
 min/max network layer size:           42 /    1514
 min/max overhead-adjusted size:       42 /    1514
 average network hdr offset:           14

                   Bulk  Best Effort        Voice
  thresh      437496bit        7Mbit     1750Kbit
  target         41.5ms          5ms       10.4ms
  interval        137ms        100ms        105ms
  pk_delay          0us       16.6ms        1.1ms
  av_delay          0us         11ms         41us
  sp_delay          0us       6.25ms         41us
  backlog            0b           0b           0b
  pkts                0        83112           13
  bytes               0    124402860          546
  way_inds            0            0            0
  way_miss            0           16            1
  way_cols            0            0            0
  drops               0          195            0
  marks               0        12022            0
  ack_drop            0            0            0
  sp_flows            0            0            1
  bk_flows            0            1            0
  un_flows            0            0            0
  max_len             0         2964           42
  quantum           300          300          300

======================================================================
Timestamp: 2026-04-28 11:57:38
qdisc htb 1: root refcnt 13 r2q 10 default 0x10 direct_packets_stat 0 direct_qlen 1000
 Sent 124548156 bytes 83228 pkt (dropped 195, overlimits 1182 requeues 0) 
 backlog 7410b 5p requeues 0
qdisc cake 20: parent 1:10 bandwidth 7Mbit diffserv3 triple-isolate nonat nowash no-ack-filter split-gso rtt 100ms raw overhead 0 
 Sent 124548156 bytes 83228 pkt (dropped 195, overlimits 242562 requeues 0) 
 backlog 7410b 5p requeues 0
 memory used: 67528b of 4Mb
 capacity estimate: 7Mbit
 min/max network layer size:           42 /    1514
 min/max overhead-adjusted size:       42 /    1514
 average network hdr offset:           14

                   Bulk  Best Effort        Voice
  thresh      437496bit        7Mbit     1750Kbit
  target         41.5ms          5ms       10.4ms
  interval        137ms        100ms        105ms
  pk_delay          0us       17.8ms        1.1ms
  av_delay          0us       12.2ms         41us
  sp_delay          0us       8.76ms         41us
  backlog            0b        7410b           0b
  pkts                0        83415           13
  bytes               0    124850250          546
  way_inds            0            0            0
  way_miss            0           16            1
  way_cols            0            0            0
  drops               0          195            0
  marks               0        12031            0
  ack_drop            0            0            0
  sp_flows            0            0            1
  bk_flows            0            1            0
  un_flows            0            0            0
  max_len             0         2964           42
  quantum           300          300          300

======================================================================
Timestamp: 2026-04-28 11:57:39
qdisc htb 1: root refcnt 13 r2q 10 default 0x10 direct_packets_stat 0 direct_qlen 1000
 Sent 124718029 bytes 83343 pkt (dropped 195, overlimits 1182 requeues 0) 
 backlog 0b 0p requeues 0
qdisc cake 20: parent 1:10 bandwidth 7Mbit diffserv3 triple-isolate nonat nowash no-ack-filter split-gso rtt 100ms raw overhead 0 
 Sent 124718029 bytes 83343 pkt (dropped 195, overlimits 242897 requeues 0) 
 backlog 0b 0p requeues 0
 memory used: 67528b of 4Mb
 capacity estimate: 7Mbit
 min/max network layer size:           42 /    1514
 min/max overhead-adjusted size:       42 /    1514
 average network hdr offset:           14

                   Bulk  Best Effort        Voice
  thresh      437496bit        7Mbit     1750Kbit
  target         41.5ms          5ms       10.4ms
  interval        137ms        100ms        105ms
  pk_delay          0us       15.9ms        1.1ms
  av_delay          0us       11.6ms         41us
  sp_delay          0us       6.55ms         41us
  backlog            0b           0b           0b
  pkts                0        83525           13
  bytes               0    125012713          546
  way_inds            0            0            0
  way_miss            0           16            1
  way_cols            0            0            0
  drops               0          195            0
  marks               0        12037            0
  ack_drop            0            0            0
  sp_flows            0            0            1
  bk_flows            0            1            0
  un_flows            0            0            0
  max_len             0         2964           42
  quantum           300          300          300

======================================================================
Timestamp: 2026-04-28 11:57:40
qdisc htb 1: root refcnt 13 r2q 10 default 0x10 direct_packets_stat 0 direct_qlen 1000
 Sent 125083910 bytes 83591 pkt (dropped 195, overlimits 1182 requeues 0) 
 backlog 0b 0p requeues 0
qdisc cake 20: parent 1:10 bandwidth 7Mbit diffserv3 triple-isolate nonat nowash no-ack-filter split-gso rtt 100ms raw overhead 0 
 Sent 125083910 bytes 83591 pkt (dropped 195, overlimits 243616 requeues 0) 
 backlog 0b 0p requeues 0
 memory used: 67528b of 4Mb
 capacity estimate: 7Mbit
 min/max network layer size:           42 /    1514
 min/max overhead-adjusted size:       42 /    1514
 average network hdr offset:           14

                   Bulk  Best Effort        Voice
  thresh      437496bit        7Mbit     1750Kbit
  target         41.5ms          5ms       10.4ms
  interval        137ms        100ms        105ms
  pk_delay          0us       14.9ms        1.1ms
  av_delay          0us       10.6ms         41us
  sp_delay          0us       1.35ms         41us
  backlog            0b           0b           0b
  pkts                0        83773           13
  bytes               0    125378594          546
  way_inds            0            0            0
  way_miss            0           16            1
  way_cols            0            0            0
  drops               0          195            0
  marks               0        12038            0
  ack_drop            0            0            0
  sp_flows            0            0            1
  bk_flows            0            1            0
  un_flows            0            0            0
  max_len             0         2964           42
  quantum           300          300          300

======================================================================
Timestamp: 2026-04-28 11:57:41
qdisc htb 1: root refcnt 13 r2q 10 default 0x10 direct_packets_stat 0 direct_qlen 1000
 Sent 125491797 bytes 83868 pkt (dropped 195, overlimits 1182 requeues 0) 
 backlog 0b 0p requeues 0
qdisc cake 20: parent 1:10 bandwidth 7Mbit diffserv3 triple-isolate nonat nowash no-ack-filter split-gso rtt 100ms raw overhead 0 
 Sent 125491797 bytes 83868 pkt (dropped 195, overlimits 244343 requeues 0) 
 backlog 0b 0p requeues 0
 memory used: 67528b of 4Mb
 capacity estimate: 7Mbit
 min/max network layer size:           42 /    1514
 min/max overhead-adjusted size:       42 /    1514
 average network hdr offset:           14

                   Bulk  Best Effort        Voice
  thresh      437496bit        7Mbit     1750Kbit
  target         41.5ms          5ms       10.4ms
  interval        137ms        100ms        105ms
  pk_delay          0us       18.7ms        1.1ms
  av_delay          0us       10.7ms         41us
  sp_delay          0us       7.08ms         41us
  backlog            0b           0b           0b
  pkts                0        84050           13
  bytes               0    125786481          546
  way_inds            0            0            0
  way_miss            0           16            1
  way_cols            0            0            0
  drops               0          195            0
  marks               0        12042            0
  ack_drop            0            0            0
  sp_flows            0            0            1
  bk_flows            0            1            0
  un_flows            0            0            0
  max_len             0         2964           42
  quantum           300          300          300

======================================================================
Timestamp: 2026-04-28 11:57:42
qdisc htb 1: root refcnt 13 r2q 10 default 0x10 direct_packets_stat 0 direct_qlen 1000
 Sent 125847207 bytes 84108 pkt (dropped 195, overlimits 1182 requeues 0) 
 backlog 5928b 4p requeues 0
qdisc cake 20: parent 1:10 bandwidth 7Mbit diffserv3 triple-isolate nonat nowash no-ack-filter split-gso rtt 100ms raw overhead 0 
 Sent 125847207 bytes 84108 pkt (dropped 195, overlimits 245058 requeues 0) 
 backlog 5928b 4p requeues 0
 memory used: 67528b of 4Mb
 capacity estimate: 7Mbit
 min/max network layer size:           42 /    1514
 min/max overhead-adjusted size:       42 /    1514
 average network hdr offset:           14

                   Bulk  Best Effort        Voice
  thresh      437496bit        7Mbit     1750Kbit
  target         41.5ms          5ms       10.4ms
  interval        137ms        100ms        105ms
  pk_delay          0us       15.8ms        1.1ms
  av_delay          0us       10.6ms         41us
  sp_delay          0us       5.68ms         41us
  backlog            0b        5928b           0b
  pkts                0        84294           13
  bytes               0    126147819          546
  way_inds            0            0            0
  way_miss            0           16            1
  way_cols            0            0            0
  drops               0          195            0
  marks               0        12045            0
  ack_drop            0            0            0
  sp_flows            0            0            1
  bk_flows            0            1            0
  un_flows            0            0            0
  max_len             0         2964           42
  quantum           300          300          300

======================================================================
Timestamp: 2026-04-28 11:57:43
qdisc htb 1: root refcnt 13 r2q 10 default 0x10 direct_packets_stat 0 direct_qlen 1000
 Sent 126363089 bytes 84458 pkt (dropped 195, overlimits 1182 requeues 0) 
 backlog 0b 0p requeues 0
qdisc cake 20: parent 1:10 bandwidth 7Mbit diffserv3 triple-isolate nonat nowash no-ack-filter split-gso rtt 100ms raw overhead 0 
 Sent 126363089 bytes 84458 pkt (dropped 195, overlimits 246098 requeues 0) 
 backlog 0b 0p requeues 0
 memory used: 67528b of 4Mb
 capacity estimate: 7Mbit
 min/max network layer size:           42 /    1514
 min/max overhead-adjusted size:       42 /    1514
 average network hdr offset:           14

                   Bulk  Best Effort        Voice
  thresh      437496bit        7Mbit     1750Kbit
  target         41.5ms          5ms       10.4ms
  interval        137ms        100ms        105ms
  pk_delay          0us         17ms        1.1ms
  av_delay          0us       11.5ms         41us
  sp_delay          0us       5.56ms         41us
  backlog            0b           0b           0b
  pkts                0        84640           13
  bytes               0    126657773          546
  way_inds            0            0            0
  way_miss            0           16            1
  way_cols            0            0            0
  drops               0          195            0
  marks               0        12056            0
  ack_drop            0            0            0
  sp_flows            0            0            1
  bk_flows            0            1            0
  un_flows            0            0            0
  max_len             0         2964           42
  quantum           300          300          300

======================================================================
Timestamp: 2026-04-28 11:57:44
qdisc htb 1: root refcnt 13 r2q 10 default 0x10 direct_packets_stat 0 direct_qlen 1000
 Sent 126679967 bytes 84672 pkt (dropped 195, overlimits 1182 requeues 0) 
 backlog 8892b 6p requeues 0
qdisc cake 20: parent 1:10 bandwidth 7Mbit diffserv3 triple-isolate nonat nowash no-ack-filter split-gso rtt 100ms raw overhead 0 
 Sent 126679967 bytes 84672 pkt (dropped 195, overlimits 246733 requeues 0) 
 backlog 8892b 6p requeues 0
 memory used: 67528b of 4Mb
 capacity estimate: 7Mbit
 min/max network layer size:           42 /    1514
 min/max overhead-adjusted size:       42 /    1514
 average network hdr offset:           14

                   Bulk  Best Effort        Voice
  thresh      437496bit        7Mbit     1750Kbit
  target         41.5ms          5ms       10.4ms
  interval        137ms        100ms        105ms
  pk_delay          0us         18ms        1.1ms
  av_delay          0us         12ms         41us
  sp_delay          0us       8.09ms         41us
  backlog            0b        8892b           0b
  pkts                0        84860           13
  bytes               0    126983543          546
  way_inds            0            0            0
  way_miss            0           16            1
  way_cols            0            0            0
  drops               0          195            0
  marks               0        12061            0
  ack_drop            0            0            0
  sp_flows            0            0            1
  bk_flows            0            1            0
  un_flows            0            0            0
  max_len             0         2964           42
  quantum           300          300          300

======================================================================
Timestamp: 2026-04-28 11:57:45
qdisc htb 1: root refcnt 13 r2q 10 default 0x10 direct_packets_stat 0 direct_qlen 1000
 Sent 127203435 bytes 85026 pkt (dropped 195, overlimits 1182 requeues 0) 
 backlog 0b 0p requeues 0
qdisc cake 20: parent 1:10 bandwidth 7Mbit diffserv3 triple-isolate nonat nowash no-ack-filter split-gso rtt 100ms raw overhead 0 
 Sent 127203435 bytes 85026 pkt (dropped 195, overlimits 247777 requeues 0) 
 backlog 0b 0p requeues 0
 memory used: 67528b of 4Mb
 capacity estimate: 7Mbit
 min/max network layer size:           42 /    1514
 min/max overhead-adjusted size:       42 /    1514
 average network hdr offset:           14

                   Bulk  Best Effort        Voice
  thresh      437496bit        7Mbit     1750Kbit
  target         41.5ms          5ms       10.4ms
  interval        137ms        100ms        105ms
  pk_delay          0us       14.2ms        1.1ms
  av_delay          0us       10.4ms         41us
  sp_delay          0us       3.77ms         41us
  backlog            0b           0b           0b
  pkts                0        85208           13
  bytes               0    127498119          546
  way_inds            0            0            0
  way_miss            0           16            1
  way_cols            0            0            0
  drops               0          195            0
  marks               0        12072            0
  ack_drop            0            0            0
  sp_flows            0            0            1
  bk_flows            0            1            0
  un_flows            0            0            0
  max_len             0         2964           42
  quantum           300          300          300

======================================================================
Timestamp: 2026-04-28 11:57:46
qdisc htb 1: root refcnt 13 r2q 10 default 0x10 direct_packets_stat 0 direct_qlen 1000
 Sent 127477335 bytes 85211 pkt (dropped 195, overlimits 1182 requeues 0) 
 backlog 8892b 6p requeues 0
qdisc cake 20: parent 1:10 bandwidth 7Mbit diffserv3 triple-isolate nonat nowash no-ack-filter split-gso rtt 100ms raw overhead 0 
 Sent 127477335 bytes 85211 pkt (dropped 195, overlimits 248328 requeues 0) 
 backlog 8892b 6p requeues 0
 memory used: 67528b of 4Mb
 capacity estimate: 7Mbit
 min/max network layer size:           42 /    1514
 min/max overhead-adjusted size:       42 /    1514
 average network hdr offset:           14

                   Bulk  Best Effort        Voice
  thresh      437496bit        7Mbit     1750Kbit
  target         41.5ms          5ms       10.4ms
  interval        137ms        100ms        105ms
  pk_delay          0us       17.8ms        1.1ms
  av_delay          0us         11ms         41us
  sp_delay          0us       6.82ms         41us
  backlog            0b        8892b           0b
  pkts                0        85399           13
  bytes               0    127780911          546
  way_inds            0            0            0
  way_miss            0           16            1
  way_cols            0            0            0
  drops               0          195            0
  marks               0        12076            0
  ack_drop            0            0            0
  sp_flows            0            0            1
  bk_flows            0            1            0
  un_flows            0            0            0
  max_len             0         2964           42
  quantum           300          300          300

======================================================================
Timestamp: 2026-04-28 11:57:47
qdisc htb 1: root refcnt 13 r2q 10 default 0x10 direct_packets_stat 0 direct_qlen 1000
 Sent 128032053 bytes 85588 pkt (dropped 195, overlimits 1182 requeues 0) 
 backlog 0b 0p requeues 0
qdisc cake 20: parent 1:10 bandwidth 7Mbit diffserv3 triple-isolate nonat nowash no-ack-filter split-gso rtt 100ms raw overhead 0 
 Sent 128032053 bytes 85588 pkt (dropped 195, overlimits 249441 requeues 0) 
 backlog 0b 0p requeues 0
 memory used: 67528b of 4Mb
 capacity estimate: 7Mbit
 min/max network layer size:           42 /    1514
 min/max overhead-adjusted size:       42 /    1514
 average network hdr offset:           14

                   Bulk  Best Effort        Voice
  thresh      437496bit        7Mbit     1750Kbit
  target         41.5ms          5ms       10.4ms
  interval        137ms        100ms        105ms
  pk_delay          0us       16.3ms        1.1ms
  av_delay          0us       11.1ms         41us
  sp_delay          0us        4.1ms         41us
  backlog            0b           0b           0b
  pkts                0        85770           13
  bytes               0    128326737          546
  way_inds            0            0            0
  way_miss            0           16            1
  way_cols            0            0            0
  drops               0          195            0
  marks               0        12089            0
  ack_drop            0            0            0
  sp_flows            0            0            1
  bk_flows            0            1            0
  un_flows            0            0            0
  max_len             0         2964           42
  quantum           300          300          300

======================================================================
Timestamp: 2026-04-28 11:57:48
qdisc htb 1: root refcnt 13 r2q 10 default 0x10 direct_packets_stat 0 direct_qlen 1000
 Sent 128263017 bytes 85745 pkt (dropped 195, overlimits 1182 requeues 0) 
 backlog 13338b 9p requeues 0
qdisc cake 20: parent 1:10 bandwidth 7Mbit diffserv3 triple-isolate nonat nowash no-ack-filter split-gso rtt 100ms raw overhead 0 
 Sent 128263017 bytes 85745 pkt (dropped 195, overlimits 249911 requeues 0) 
 backlog 13338b 9p requeues 0
 memory used: 67528b of 4Mb
 capacity estimate: 7Mbit
 min/max network layer size:           42 /    1514
 min/max overhead-adjusted size:       42 /    1514
 average network hdr offset:           14

                   Bulk  Best Effort        Voice
  thresh      437496bit        7Mbit     1750Kbit
  target         41.5ms          5ms       10.4ms
  interval        137ms        100ms        105ms
  pk_delay          0us       15.7ms        1.1ms
  av_delay          0us       10.9ms         41us
  sp_delay          0us       5.91ms         31us
  backlog            0b       13338b           0b
  pkts                0        85935           14
  bytes               0    128570997          588
  way_inds            0            0            0
  way_miss            0           16            1
  way_cols            0            0            0
  drops               0          195            0
  marks               0        12089            0
  ack_drop            0            0            0
  sp_flows            0            0            1
  bk_flows            0            1            0
  un_flows            0            0            0
  max_len             0         2964           42
  quantum           300          300          300

======================================================================
Timestamp: 2026-04-28 11:57:49
qdisc htb 1: root refcnt 13 r2q 10 default 0x10 direct_packets_stat 0 direct_qlen 1000
 Sent 129007848 bytes 86250 pkt (dropped 195, overlimits 1182 requeues 0) 
 backlog 0b 0p requeues 0
qdisc cake 20: parent 1:10 bandwidth 7Mbit diffserv3 triple-isolate nonat nowash no-ack-filter split-gso rtt 100ms raw overhead 0 
 Sent 129007848 bytes 86250 pkt (dropped 195, overlimits 251405 requeues 0) 
 backlog 0b 0p requeues 0
 memory used: 67528b of 4Mb
 capacity estimate: 7Mbit
 min/max network layer size:           42 /    1514
 min/max overhead-adjusted size:       42 /    1514
 average network hdr offset:           14

                   Bulk  Best Effort        Voice
  thresh      437496bit        7Mbit     1750Kbit
  target         41.5ms          5ms       10.4ms
  interval        137ms        100ms        105ms
  pk_delay          0us       18.4ms        1.1ms
  av_delay          0us       10.5ms         41us
  sp_delay          0us       4.82ms         31us
  backlog            0b           0b           0b
  pkts                0        86431           14
  bytes               0    129302490          588
  way_inds            0            0            0
  way_miss            0           16            1
  way_cols            0            0            0
  drops               0          195            0
  marks               0        12093            0
  ack_drop            0            0            0
  sp_flows            0            0            1
  bk_flows            0            1            0
  un_flows            0            0            0
  max_len             0         2964           42
  quantum           300          300          300

======================================================================
Timestamp: 2026-04-28 11:57:50
qdisc htb 1: root refcnt 13 r2q 10 default 0x10 direct_packets_stat 0 direct_qlen 1000
 Sent 129170598 bytes 86360 pkt (dropped 195, overlimits 1182 requeues 0) 
 backlog 14820b 10p requeues 0
qdisc cake 20: parent 1:10 bandwidth 7Mbit diffserv3 triple-isolate nonat nowash no-ack-filter split-gso rtt 100ms raw overhead 0 
 Sent 129170598 bytes 86360 pkt (dropped 195, overlimits 251729 requeues 0) 
 backlog 14820b 10p requeues 0
 memory used: 67528b of 4Mb
 capacity estimate: 7Mbit
 min/max network layer size:           42 /    1514
 min/max overhead-adjusted size:       42 /    1514
 average network hdr offset:           14

                   Bulk  Best Effort        Voice
  thresh      437496bit        7Mbit     1750Kbit
  target         41.5ms          5ms       10.4ms
  interval        137ms        100ms        105ms
  pk_delay          0us       17.7ms        1.1ms
  av_delay          0us       10.4ms         41us
  sp_delay          0us       4.33ms         31us
  backlog            0b       14820b           0b
  pkts                0        86551           14
  bytes               0    129480060          588
  way_inds            0            0            0
  way_miss            0           16            1
  way_cols            0            0            0
  drops               0          195            0
  marks               0        12094            0
  ack_drop            0            0            0
  sp_flows            0            0            1
  bk_flows            0            1            0
  un_flows            0            0            0
  max_len             0         2964           42
  quantum           300          300          300

======================================================================
Timestamp: 2026-04-28 11:57:51
qdisc htb 1: root refcnt 13 r2q 10 default 0x10 direct_packets_stat 0 direct_qlen 1000
 Sent 129913274 bytes 86863 pkt (dropped 195, overlimits 1182 requeues 0) 
 backlog 10374b 7p requeues 0
qdisc cake 20: parent 1:10 bandwidth 7Mbit diffserv3 triple-isolate nonat nowash no-ack-filter split-gso rtt 100ms raw overhead 0 
 Sent 129913274 bytes 86863 pkt (dropped 195, overlimits 253103 requeues 0) 
 backlog 10374b 7p requeues 0
 memory used: 67528b of 4Mb
 capacity estimate: 7Mbit
 min/max network layer size:           42 /    1514
 min/max overhead-adjusted size:       42 /    1514
 average network hdr offset:           14

                   Bulk  Best Effort        Voice
  thresh      437496bit        7Mbit     1750Kbit
  target         41.5ms          5ms       10.4ms
  interval        137ms        100ms        105ms
  pk_delay          0us       18.4ms        1.1ms
  av_delay          0us       11.1ms         41us
  sp_delay          0us       8.31ms         31us
  backlog            0b       10374b           0b
  pkts                0        87051           14
  bytes               0    130218290          588
  way_inds            0            0            0
  way_miss            0           16            1
  way_cols            0            0            0
  drops               0          195            0
  marks               0        12105            0
  ack_drop            0            0            0
  sp_flows            0            0            1
  bk_flows            0            1            0
  un_flows            0            0            0
  max_len             0         2964           42
  quantum           300          300          300

======================================================================
Timestamp: 2026-04-28 11:57:52
qdisc htb 1: root refcnt 13 r2q 10 default 0x10 direct_packets_stat 0 direct_qlen 1000
 Sent 130314019 bytes 87136 pkt (dropped 195, overlimits 1182 requeues 0) 
 backlog 13338b 9p requeues 0
qdisc cake 20: parent 1:10 bandwidth 7Mbit diffserv3 triple-isolate nonat nowash no-ack-filter split-gso rtt 100ms raw overhead 0 
 Sent 130314019 bytes 87136 pkt (dropped 195, overlimits 253907 requeues 0) 
 backlog 13338b 9p requeues 0
 memory used: 67528b of 4Mb
 capacity estimate: 7Mbit
 min/max network layer size:           42 /    1514
 min/max overhead-adjusted size:       42 /    1514
 average network hdr offset:           14

                   Bulk  Best Effort        Voice
  thresh      437496bit        7Mbit     1750Kbit
  target         41.5ms          5ms       10.4ms
  interval        137ms        100ms        105ms
  pk_delay          0us       18.2ms        1.1ms
  av_delay          0us       11.6ms         41us
  sp_delay          0us       5.86ms         31us
  backlog            0b       13338b           0b
  pkts                0        87326           14
  bytes               0    130621999          588
  way_inds            0            0            0
  way_miss            0           16            1
  way_cols            0            0            0
  drops               0          195            0
  marks               0        12112            0
  ack_drop            0            0            0
  sp_flows            0            0            1
  bk_flows            0            1            0
  un_flows            0            0            0
  max_len             0         2964           42
  quantum           300          300          300

======================================================================
Timestamp: 2026-04-28 11:57:53
qdisc htb 1: root refcnt 13 r2q 10 default 0x10 direct_packets_stat 0 direct_qlen 1000
 Sent 131192845 bytes 87729 pkt (dropped 195, overlimits 1182 requeues 0) 
 backlog 11953b 9p requeues 0
qdisc cake 20: parent 1:10 bandwidth 7Mbit diffserv3 triple-isolate nonat nowash no-ack-filter split-gso rtt 100ms raw overhead 0 
 Sent 131192845 bytes 87729 pkt (dropped 195, overlimits 255672 requeues 0) 
 backlog 11953b 9p requeues 0
 memory used: 67528b of 4Mb
 capacity estimate: 7Mbit
 min/max network layer size:           42 /    1514
 min/max overhead-adjusted size:       42 /    1514
 average network hdr offset:           14

                   Bulk  Best Effort        Voice
  thresh      437496bit        7Mbit     1750Kbit
  target         41.5ms          5ms       10.4ms
  interval        137ms        100ms        105ms
  pk_delay          0us       19.1ms        1.1ms
  av_delay          0us       12.6ms         41us
  sp_delay          0us        9.5ms         31us
  backlog            0b       11953b           0b
  pkts                0        87919           14
  bytes               0    131499440          588
  way_inds            0            0            0
  way_miss            0           16            1
  way_cols            0            0            0
  drops               0          195            0
  marks               0        12148            0
  ack_drop            0            0            0
  sp_flows            0            0            1
  bk_flows            0            1            0
  un_flows            0            0            0
  max_len             0         2964           42
  quantum           300          300          300

======================================================================
Timestamp: 2026-04-28 11:57:54
qdisc htb 1: root refcnt 13 r2q 10 default 0x10 direct_packets_stat 0 direct_qlen 1000
 Sent 131476341 bytes 87924 pkt (dropped 195, overlimits 1182 requeues 0) 
 backlog 10374b 7p requeues 0
qdisc cake 20: parent 1:10 bandwidth 7Mbit diffserv3 triple-isolate nonat nowash no-ack-filter split-gso rtt 100ms raw overhead 0 
 Sent 131476341 bytes 87924 pkt (dropped 195, overlimits 256236 requeues 0) 
 backlog 10374b 7p requeues 0
 memory used: 67528b of 4Mb
 capacity estimate: 7Mbit
 min/max network layer size:           42 /    1514
 min/max overhead-adjusted size:       42 /    1514
 average network hdr offset:           14

                   Bulk  Best Effort        Voice
  thresh      437496bit        7Mbit     1750Kbit
  target         41.5ms          5ms       10.4ms
  interval        137ms        100ms        105ms
  pk_delay          0us       18.1ms       1.09ms
  av_delay          0us       12.3ms         41us
  sp_delay          0us       5.18ms         24us
  backlog            0b       10374b           0b
  pkts                0        88111           15
  bytes               0    131781315          630
  way_inds            0            0            0
  way_miss            0           16            1
  way_cols            0            0            0
  drops               0          195            0
  marks               0        12165            0
  ack_drop            0            0            0
  sp_flows            0            0            1
  bk_flows            0            1            0
  un_flows            0            0            0
  max_len             0         2964           42
  quantum           300          300          300

======================================================================
Timestamp: 2026-04-28 11:57:55
qdisc htb 1: root refcnt 13 r2q 10 default 0x10 direct_packets_stat 0 direct_qlen 1000
 Sent 132355361 bytes 88519 pkt (dropped 195, overlimits 1182 requeues 0) 
 backlog 13338b 9p requeues 0
qdisc cake 20: parent 1:10 bandwidth 7Mbit diffserv3 triple-isolate nonat nowash no-ack-filter split-gso rtt 100ms raw overhead 0 
 Sent 132355361 bytes 88519 pkt (dropped 195, overlimits 258006 requeues 0) 
 backlog 13338b 9p requeues 0
 memory used: 67528b of 4Mb
 capacity estimate: 7Mbit
 min/max network layer size:           42 /    1514
 min/max overhead-adjusted size:       42 /    1514
 average network hdr offset:           14

                   Bulk  Best Effort        Voice
  thresh      437496bit        7Mbit     1750Kbit
  target         41.5ms          5ms       10.4ms
  interval        137ms        100ms        105ms
  pk_delay          0us       18.8ms       1.09ms
  av_delay          0us       11.7ms         41us
  sp_delay          0us       7.44ms         24us
  backlog            0b       13338b           0b
  pkts                0        88708           15
  bytes               0    132663299          630
  way_inds            0            0            0
  way_miss            0           16            1
  way_cols            0            0            0
  drops               0          195            0
  marks               0        12225            0
  ack_drop            0            0            0
  sp_flows            0            0            1
  bk_flows            0            1            0
  un_flows            0            0            0
  max_len             0         2964           42
  quantum           300          300          300

======================================================================
Timestamp: 2026-04-28 11:57:56
qdisc htb 1: root refcnt 13 r2q 10 default 0x10 direct_packets_stat 0 direct_qlen 1000
 Sent 132647847 bytes 88719 pkt (dropped 195, overlimits 1182 requeues 0) 
 backlog 11856b 8p requeues 0
qdisc cake 20: parent 1:10 bandwidth 7Mbit diffserv3 triple-isolate nonat nowash no-ack-filter split-gso rtt 100ms raw overhead 0 
 Sent 132647847 bytes 88719 pkt (dropped 195, overlimits 258585 requeues 0) 
 backlog 11856b 8p requeues 0
 memory used: 67528b of 4Mb
 capacity estimate: 7Mbit
 min/max network layer size:           42 /    1514
 min/max overhead-adjusted size:       42 /    1514
 average network hdr offset:           14

                   Bulk  Best Effort        Voice
  thresh      437496bit        7Mbit     1750Kbit
  target         41.5ms          5ms       10.4ms
  interval        137ms        100ms        105ms
  pk_delay          0us       16.6ms       1.09ms
  av_delay          0us       11.2ms         41us
  sp_delay          0us       3.35ms         24us
  backlog            0b       11856b           0b
  pkts                0        88907           15
  bytes               0    132954303          630
  way_inds            0            0            0
  way_miss            0           16            1
  way_cols            0            0            0
  drops               0          195            0
  marks               0        12249            0
  ack_drop            0            0            0
  sp_flows            0            0            1
  bk_flows            0            1            0
  un_flows            0            0            0
  max_len             0         2964           42
  quantum           300          300          300

======================================================================
Timestamp: 2026-04-28 11:57:57
qdisc htb 1: root refcnt 13 r2q 10 default 0x10 direct_packets_stat 0 direct_qlen 1000
 Sent 133526770 bytes 89313 pkt (dropped 195, overlimits 1182 requeues 0) 
 backlog 8892b 6p requeues 0
qdisc cake 20: parent 1:10 bandwidth 7Mbit diffserv3 triple-isolate nonat nowash no-ack-filter split-gso rtt 100ms raw overhead 0 
 Sent 133526770 bytes 89313 pkt (dropped 195, overlimits 260350 requeues 0) 
 backlog 8892b 6p requeues 0
 memory used: 67528b of 4Mb
 capacity estimate: 7Mbit
 min/max network layer size:           42 /    1514
 min/max overhead-adjusted size:       42 /    1514
 average network hdr offset:           14

                   Bulk  Best Effort        Voice
  thresh      437496bit        7Mbit     1750Kbit
  target         41.5ms          5ms       10.4ms
  interval        137ms        100ms        105ms
  pk_delay          0us         16ms       1.09ms
  av_delay          0us       10.3ms         41us
  sp_delay          0us       4.83ms         24us
  backlog            0b        8892b           0b
  pkts                0        89499           15
  bytes               0    133830262          630
  way_inds            0            0            0
  way_miss            0           16            1
  way_cols            0            0            0
  drops               0          195            0
  marks               0        12310            0
  ack_drop            0            0            0
  sp_flows            0            0            1
  bk_flows            0            1            0
  un_flows            0            0            0
  max_len             0         2964           42
  quantum           300          300          300

======================================================================
Timestamp: 2026-04-28 11:57:58
qdisc htb 1: root refcnt 13 r2q 10 default 0x10 direct_packets_stat 0 direct_qlen 1000
 Sent 133809091 bytes 89504 pkt (dropped 195, overlimits 1182 requeues 0) 
 backlog 8892b 6p requeues 0
qdisc cake 20: parent 1:10 bandwidth 7Mbit diffserv3 triple-isolate nonat nowash no-ack-filter split-gso rtt 100ms raw overhead 0 
 Sent 133809091 bytes 89504 pkt (dropped 195, overlimits 260906 requeues 0) 
 backlog 8892b 6p requeues 0
 memory used: 67528b of 4Mb
 capacity estimate: 7Mbit
 min/max network layer size:           42 /    1514
 min/max overhead-adjusted size:       42 /    1514
 average network hdr offset:           14

                   Bulk  Best Effort        Voice
  thresh      437496bit        7Mbit     1750Kbit
  target         41.5ms          5ms       10.4ms
  interval        137ms        100ms        105ms
  pk_delay          0us       17.4ms       1.09ms
  av_delay          0us       10.6ms         41us
  sp_delay          0us       3.12ms         24us
  backlog            0b        8892b           0b
  pkts                0        89690           15
  bytes               0    134112583          630
  way_inds            0            0            0
  way_miss            0           16            1
  way_cols            0            0            0
  drops               0          195            0
  marks               0        12334            0
  ack_drop            0            0            0
  sp_flows            0            0            1
  bk_flows            0            1            0
  un_flows            0            0            0
  max_len             0         2964           42
  quantum           300          300          300

======================================================================
Timestamp: 2026-04-28 11:57:59
qdisc htb 1: root refcnt 13 r2q 10 default 0x10 direct_packets_stat 0 direct_qlen 1000
 Sent 134686629 bytes 90098 pkt (dropped 195, overlimits 1182 requeues 0) 
 backlog 5928b 4p requeues 0
qdisc cake 20: parent 1:10 bandwidth 7Mbit diffserv3 triple-isolate nonat nowash no-ack-filter split-gso rtt 100ms raw overhead 0 
 Sent 134686629 bytes 90098 pkt (dropped 195, overlimits 262670 requeues 0) 
 backlog 5928b 4p requeues 0
 memory used: 67528b of 4Mb
 capacity estimate: 7Mbit
 min/max network layer size:           42 /    1514
 min/max overhead-adjusted size:       42 /    1514
 average network hdr offset:           14

                   Bulk  Best Effort        Voice
  thresh      437496bit        7Mbit     1750Kbit
  target         41.5ms          5ms       10.4ms
  interval        137ms        100ms        105ms
  pk_delay          0us       16.4ms       1.09ms
  av_delay          0us         11ms         41us
  sp_delay          0us       6.21ms         24us
  backlog            0b        5928b           0b
  pkts                0        90282           15
  bytes               0    134987157          630
  way_inds            0            0            0
  way_miss            0           16            1
  way_cols            0            0            0
  drops               0          195            0
  marks               0        12399            0
  ack_drop            0            0            0
  sp_flows            0            0            1
  bk_flows            0            1            0
  un_flows            0            0            0
  max_len             0         2964           42
  quantum           300          300          300

======================================================================
Timestamp: 2026-04-28 11:58:01
qdisc htb 1: root refcnt 13 r2q 10 default 0x10 direct_packets_stat 0 direct_qlen 1000
 Sent 135032902 bytes 90333 pkt (dropped 195, overlimits 1182 requeues 0) 
 backlog 0b 0p requeues 0
qdisc cake 20: parent 1:10 bandwidth 7Mbit diffserv3 triple-isolate nonat nowash no-ack-filter split-gso rtt 100ms raw overhead 0 
 Sent 135032902 bytes 90333 pkt (dropped 195, overlimits 263358 requeues 0) 
 backlog 0b 0p requeues 0
 memory used: 67528b of 4Mb
 capacity estimate: 7Mbit
 min/max network layer size:           42 /    1514
 min/max overhead-adjusted size:       42 /    1514
 average network hdr offset:           14

                   Bulk  Best Effort        Voice
  thresh      437496bit        7Mbit     1750Kbit
  target         41.5ms          5ms       10.4ms
  interval        137ms        100ms        105ms
  pk_delay          0us         17ms       1.09ms
  av_delay          0us       11.2ms         41us
  sp_delay          0us       4.98ms         24us
  backlog            0b           0b           0b
  pkts                0        90513           15
  bytes               0    135327502          630
  way_inds            0            0            0
  way_miss            0           16            1
  way_cols            0            0            0
  drops               0          195            0
  marks               0        12433            0
  ack_drop            0            0            0
  sp_flows            0            0            1
  bk_flows            0            1            0
  un_flows            0            0            0
  max_len             0         2964           42
  quantum           300          300          300

======================================================================
Timestamp: 2026-04-28 11:58:02
qdisc htb 1: root refcnt 13 r2q 10 default 0x10 direct_packets_stat 0 direct_qlen 1000
 Sent 135848099 bytes 90884 pkt (dropped 195, overlimits 1182 requeues 0) 
 backlog 7410b 5p requeues 0
qdisc cake 20: parent 1:10 bandwidth 7Mbit diffserv3 triple-isolate nonat nowash no-ack-filter split-gso rtt 100ms raw overhead 0 
 Sent 135848099 bytes 90884 pkt (dropped 195, overlimits 264997 requeues 0) 
 backlog 7410b 5p requeues 0
 memory used: 67528b of 4Mb
 capacity estimate: 7Mbit
 min/max network layer size:           42 /    1514
 min/max overhead-adjusted size:       42 /    1514
 average network hdr offset:           14

                   Bulk  Best Effort        Voice
  thresh      437496bit        7Mbit     1750Kbit
  target         41.5ms          5ms       10.4ms
  interval        137ms        100ms        105ms
  pk_delay          0us       16.1ms       1.09ms
  av_delay          0us       10.9ms         41us
  sp_delay          0us       7.31ms         24us
  backlog            0b        7410b           0b
  pkts                0        91069           15
  bytes               0    136150109          630
  way_inds            0            0            0
  way_miss            0           16            1
  way_cols            0            0            0
  drops               0          195            0
  marks               0        12505            0
  ack_drop            0            0            0
  sp_flows            0            0            1
  bk_flows            0            1            0
  un_flows            0            0            0
  max_len             0         2964           42
  quantum           300          300          300

======================================================================
Timestamp: 2026-04-28 11:58:03
qdisc htb 1: root refcnt 13 r2q 10 default 0x10 direct_packets_stat 0 direct_qlen 1000
 Sent 136182482 bytes 91111 pkt (dropped 195, overlimits 1182 requeues 0) 
 backlog 0b 0p requeues 0
qdisc cake 20: parent 1:10 bandwidth 7Mbit diffserv3 triple-isolate nonat nowash no-ack-filter split-gso rtt 100ms raw overhead 0 
 Sent 136182482 bytes 91111 pkt (dropped 195, overlimits 265660 requeues 0) 
 backlog 0b 0p requeues 0
 memory used: 67528b of 4Mb
 capacity estimate: 7Mbit
 min/max network layer size:           42 /    1514
 min/max overhead-adjusted size:       42 /    1514
 average network hdr offset:           14

                   Bulk  Best Effort        Voice
  thresh      437496bit        7Mbit     1750Kbit
  target         41.5ms          5ms       10.4ms
  interval        137ms        100ms        105ms
  pk_delay          0us       15.5ms       1.09ms
  av_delay          0us       10.7ms         41us
  sp_delay          0us       5.22ms         24us
  backlog            0b           0b           0b
  pkts                0        91291           15
  bytes               0    136477082          630
  way_inds            0            0            0
  way_miss            0           16            1
  way_cols            0            0            0
  drops               0          195            0
  marks               0        12538            0
  ack_drop            0            0            0
  sp_flows            0            0            1
  bk_flows            0            1            0
  un_flows            0            0            0
  max_len             0         2964           42
  quantum           300          300          300

======================================================================
Timestamp: 2026-04-28 11:58:04
qdisc htb 1: root refcnt 13 r2q 10 default 0x10 direct_packets_stat 0 direct_qlen 1000
 Sent 136801645 bytes 91530 pkt (dropped 195, overlimits 1182 requeues 0) 
 backlog 5928b 4p requeues 0
qdisc cake 20: parent 1:10 bandwidth 7Mbit diffserv3 triple-isolate nonat nowash no-ack-filter split-gso rtt 100ms raw overhead 0 
 Sent 136801645 bytes 91530 pkt (dropped 195, overlimits 266879 requeues 0) 
 backlog 5928b 4p requeues 0
 memory used: 67528b of 4Mb
 capacity estimate: 7Mbit
 min/max network layer size:           42 /    1514
 min/max overhead-adjusted size:       42 /    1514
 average network hdr offset:           14

                   Bulk  Best Effort        Voice
  thresh      437496bit        7Mbit     1750Kbit
  target         41.5ms          5ms       10.4ms
  interval        137ms        100ms        105ms
  pk_delay          0us       15.7ms       1.09ms
  av_delay          0us       10.5ms         41us
  sp_delay          0us       2.86ms         24us
  backlog            0b        5928b           0b
  pkts                0        91714           15
  bytes               0    137102173          630
  way_inds            0            0            0
  way_miss            0           16            1
  way_cols            0            0            0
  drops               0          195            0
  marks               0        12590            0
  ack_drop            0            0            0
  sp_flows            0            0            1
  bk_flows            0            1            0
  un_flows            0            0            0
  max_len             0         2964           42
  quantum           300          300          300

======================================================================
Timestamp: 2026-04-28 11:58:05
qdisc htb 1: root refcnt 13 r2q 10 default 0x10 direct_packets_stat 0 direct_qlen 1000
 Sent 136896483 bytes 91594 pkt (dropped 195, overlimits 1182 requeues 0) 
 backlog 0b 0p requeues 0
qdisc cake 20: parent 1:10 bandwidth 7Mbit diffserv3 triple-isolate nonat nowash no-ack-filter split-gso rtt 100ms raw overhead 0 
 Sent 136896483 bytes 91594 pkt (dropped 195, overlimits 267065 requeues 0) 
 backlog 0b 0p requeues 0
 memory used: 67528b of 4Mb
 capacity estimate: 7Mbit
 min/max network layer size:           42 /    1514
 min/max overhead-adjusted size:       42 /    1514
 average network hdr offset:           14

                   Bulk  Best Effort        Voice
  thresh      437496bit        7Mbit     1750Kbit
  target         41.5ms          5ms       10.4ms
  interval        137ms        100ms        105ms
  pk_delay          0us       16.8ms       1.09ms
  av_delay          0us       10.6ms         41us
  sp_delay          0us       4.61ms         24us
  backlog            0b           0b           0b
  pkts                0        91774           15
  bytes               0    137191083          630
  way_inds            0            0            0
  way_miss            0           16            1
  way_cols            0            0            0
  drops               0          195            0
  marks               0        12599            0
  ack_drop            0            0            0
  sp_flows            0            0            1
  bk_flows            0            1            0
  un_flows            0            0            0
  max_len             0         2964           42
  quantum           300          300          300

======================================================================
Timestamp: 2026-04-28 11:58:06
qdisc htb 1: root refcnt 13 r2q 10 default 0x10 direct_packets_stat 0 direct_qlen 1000
 Sent 137629900 bytes 92090 pkt (dropped 195, overlimits 1182 requeues 0) 
 backlog 8892b 6p requeues 0
qdisc cake 20: parent 1:10 bandwidth 7Mbit diffserv3 triple-isolate nonat nowash no-ack-filter split-gso rtt 100ms raw overhead 0 
 Sent 137629900 bytes 92090 pkt (dropped 195, overlimits 268538 requeues 0) 
 backlog 8892b 6p requeues 0
 memory used: 67528b of 4Mb
 capacity estimate: 7Mbit
 min/max network layer size:           42 /    1514
 min/max overhead-adjusted size:       42 /    1514
 average network hdr offset:           14

                   Bulk  Best Effort        Voice
  thresh      437496bit        7Mbit     1750Kbit
  target         41.5ms          5ms       10.4ms
  interval        137ms        100ms        105ms
  pk_delay          0us       16.4ms       1.09ms
  av_delay          0us         11ms         41us
  sp_delay          0us        6.7ms         24us
  backlog            0b        8892b           0b
  pkts                0        92276           15
  bytes               0    137933392          630
  way_inds            0            0            0
  way_miss            0           16            1
  way_cols            0            0            0
  drops               0          195            0
  marks               0        12646            0
  ack_drop            0            0            0
  sp_flows            0            0            1
  bk_flows            0            1            0
  un_flows            0            0            0
  max_len             0         2964           42
  quantum           300          300          300

======================================================================
Timestamp: 2026-04-28 11:58:07
qdisc htb 1: root refcnt 13 r2q 10 default 0x10 direct_packets_stat 0 direct_qlen 1000
 Sent 137976276 bytes 92325 pkt (dropped 195, overlimits 1182 requeues 0) 
 backlog 0b 0p requeues 0
qdisc cake 20: parent 1:10 bandwidth 7Mbit diffserv3 triple-isolate nonat nowash no-ack-filter split-gso rtt 100ms raw overhead 0 
 Sent 137976276 bytes 92325 pkt (dropped 195, overlimits 269100 requeues 0) 
 backlog 0b 0p requeues 0
 memory used: 67528b of 4Mb
 capacity estimate: 7Mbit
 min/max network layer size:           42 /    1514
 min/max overhead-adjusted size:       42 /    1514
 average network hdr offset:           14

                   Bulk  Best Effort        Voice
  thresh      437496bit        7Mbit     1750Kbit
  target         41.5ms          5ms       10.4ms
  interval        137ms        100ms        105ms
  pk_delay          0us       11.6ms       1.09ms
  av_delay          0us       7.68ms         41us
  sp_delay          0us          5us         24us
  backlog            0b           0b           0b
  pkts                0        92505           15
  bytes               0    138270876          630
  way_inds            0            0            0
  way_miss            0           16            1
  way_cols            0            0            0
  drops               0          195            0
  marks               0        12661            0
  ack_drop            0            0            0
  sp_flows            0            0            1
  bk_flows            0            1            0
  un_flows            0            0            0
  max_len             0         2964           42
  quantum           300          300          300

======================================================================
Timestamp: 2026-04-28 11:58:08
qdisc htb 1: root refcnt 13 r2q 10 default 0x10 direct_packets_stat 0 direct_qlen 1000
 Sent 138666715 bytes 92792 pkt (dropped 195, overlimits 1182 requeues 0) 
 backlog 10374b 7p requeues 0
qdisc cake 20: parent 1:10 bandwidth 7Mbit diffserv3 triple-isolate nonat nowash no-ack-filter split-gso rtt 100ms raw overhead 0 
 Sent 138666715 bytes 92792 pkt (dropped 195, overlimits 270485 requeues 0) 
 backlog 10374b 7p requeues 0
 memory used: 67528b of 4Mb
 capacity estimate: 7Mbit
 min/max network layer size:           42 /    1514
 min/max overhead-adjusted size:       42 /    1514
 average network hdr offset:           14

                   Bulk  Best Effort        Voice
  thresh      437496bit        7Mbit     1750Kbit
  target         41.5ms          5ms       10.4ms
  interval        137ms        100ms        105ms
  pk_delay          0us       16.1ms       1.09ms
  av_delay          0us       10.5ms         41us
  sp_delay          0us       7.19ms         24us
  backlog            0b       10374b           0b
  pkts                0        92979           15
  bytes               0    138971689          630
  way_inds            0            0            0
  way_miss            0           16            1
  way_cols            0            0            0
  drops               0          195            0
  marks               0        12702            0
  ack_drop            0            0            0
  sp_flows            0            0            1
  bk_flows            0            1            0
  un_flows            0            0            0
  max_len             0         2964           42
  quantum           300          300          300

======================================================================
Timestamp: 2026-04-28 11:58:09
qdisc htb 1: root refcnt 13 r2q 10 default 0x10 direct_packets_stat 0 direct_qlen 1000
 Sent 139253437 bytes 93190 pkt (dropped 195, overlimits 1182 requeues 0) 
 backlog 0b 0p requeues 0
qdisc cake 20: parent 1:10 bandwidth 7Mbit diffserv3 triple-isolate nonat nowash no-ack-filter split-gso rtt 100ms raw overhead 0 
 Sent 139253437 bytes 93190 pkt (dropped 195, overlimits 271658 requeues 0) 
 backlog 0b 0p requeues 0
 memory used: 67528b of 4Mb
 capacity estimate: 7Mbit
 min/max network layer size:           42 /    1514
 min/max overhead-adjusted size:       42 /    1514
 average network hdr offset:           14

                   Bulk  Best Effort        Voice
  thresh      437496bit        7Mbit     1750Kbit
  target         41.5ms          5ms       10.4ms
  interval        137ms        100ms        105ms
  pk_delay          0us       16.9ms       1.09ms
  av_delay          0us         11ms         41us
  sp_delay          0us       4.95ms         24us
  backlog            0b           0b           0b
  pkts                0        93370           15
  bytes               0    139548037          630
  way_inds            0            0            0
  way_miss            0           16            1
  way_cols            0            0            0
  drops               0          195            0
  marks               0        12749            0
  ack_drop            0            0            0
  sp_flows            0            0            1
  bk_flows            0            1            0
  un_flows            0            0            0
  max_len             0         2964           42
  quantum           300          300          300

======================================================================
Timestamp: 2026-04-28 11:58:10
qdisc htb 1: root refcnt 13 r2q 10 default 0x10 direct_packets_stat 0 direct_qlen 1000
 Sent 139902477 bytes 93630 pkt (dropped 195, overlimits 1182 requeues 0) 
 backlog 7410b 5p requeues 0
qdisc cake 20: parent 1:10 bandwidth 7Mbit diffserv3 triple-isolate nonat nowash no-ack-filter split-gso rtt 100ms raw overhead 0 
 Sent 139902477 bytes 93630 pkt (dropped 195, overlimits 272960 requeues 0) 
 backlog 7410b 5p requeues 0
 memory used: 67528b of 4Mb
 capacity estimate: 7Mbit
 min/max network layer size:           42 /    1514
 min/max overhead-adjusted size:       42 /    1514
 average network hdr offset:           14

                   Bulk  Best Effort        Voice
  thresh      437496bit        7Mbit     1750Kbit
  target         41.5ms          5ms       10.4ms
  interval        137ms        100ms        105ms
  pk_delay          0us       16.6ms       1.09ms
  av_delay          0us         11ms         41us
  sp_delay          0us       6.22ms         24us
  backlog            0b        7410b           0b
  pkts                0        93815           15
  bytes               0    140204487          630
  way_inds            0            0            0
  way_miss            0           16            1
  way_cols            0            0            0
  drops               0          195            0
  marks               0        12800            0
  ack_drop            0            0            0
  sp_flows            0            0            1
  bk_flows            0            1            0
  un_flows            0            0            0
  max_len             0         2964           42
  quantum           300          300          300

======================================================================
Timestamp: 2026-04-28 11:58:11
qdisc htb 1: root refcnt 13 r2q 10 default 0x10 direct_packets_stat 0 direct_qlen 1000
 Sent 140593685 bytes 94097 pkt (dropped 195, overlimits 1182 requeues 0) 
 backlog 0b 0p requeues 0
qdisc cake 20: parent 1:10 bandwidth 7Mbit diffserv3 triple-isolate nonat nowash no-ack-filter split-gso rtt 100ms raw overhead 0 
 Sent 140593685 bytes 94097 pkt (dropped 195, overlimits 274338 requeues 0) 
 backlog 0b 0p requeues 0
 memory used: 67528b of 4Mb
 capacity estimate: 7Mbit
 min/max network layer size:           42 /    1514
 min/max overhead-adjusted size:       42 /    1514
 average network hdr offset:           14

                   Bulk  Best Effort        Voice
  thresh      437496bit        7Mbit     1750Kbit
  target         41.5ms          5ms       10.4ms
  interval        137ms        100ms        105ms
  pk_delay          0us       16.5ms       1.09ms
  av_delay          0us         11ms         41us
  sp_delay          0us       6.74ms         24us
  backlog            0b           0b           0b
  pkts                0        94277           15
  bytes               0    140888285          630
  way_inds            0            0            0
  way_miss            0           16            1
  way_cols            0            0            0
  drops               0          195            0
  marks               0        12876            0
  ack_drop            0            0            0
  sp_flows            0            0            1
  bk_flows            0            1            0
  un_flows            0            0            0
  max_len             0         2964           42
  quantum           300          300          300

======================================================================
Timestamp: 2026-04-28 11:58:12
qdisc htb 1: root refcnt 13 r2q 10 default 0x10 direct_packets_stat 0 direct_qlen 1000
 Sent 141203999 bytes 94509 pkt (dropped 195, overlimits 1182 requeues 0) 
 backlog 11856b 8p requeues 0
qdisc cake 20: parent 1:10 bandwidth 7Mbit diffserv3 triple-isolate nonat nowash no-ack-filter split-gso rtt 100ms raw overhead 0 
 Sent 141203999 bytes 94509 pkt (dropped 195, overlimits 275559 requeues 0) 
 backlog 11856b 8p requeues 0
 memory used: 67528b of 4Mb
 capacity estimate: 7Mbit
 min/max network layer size:           42 /    1514
 min/max overhead-adjusted size:       42 /    1514
 average network hdr offset:           14

                   Bulk  Best Effort        Voice
  thresh      437496bit        7Mbit     1750Kbit
  target         41.5ms          5ms       10.4ms
  interval        137ms        100ms        105ms
  pk_delay          0us       15.7ms       1.09ms
  av_delay          0us       11.1ms         41us
  sp_delay          0us        7.5ms         24us
  backlog            0b       11856b           0b
  pkts                0        94697           15
  bytes               0    141510455          630
  way_inds            0            0            0
  way_miss            0           16            1
  way_cols            0            0            0
  drops               0          195            0
  marks               0        12946            0
  ack_drop            0            0            0
  sp_flows            0            0            1
  bk_flows            0            1            0
  un_flows            0            0            0
  max_len             0         2964           42
  quantum           300          300          300

======================================================================
Timestamp: 2026-04-28 11:58:13
qdisc htb 1: root refcnt 13 r2q 10 default 0x10 direct_packets_stat 0 direct_qlen 1000
 Sent 141832808 bytes 94935 pkt (dropped 195, overlimits 1182 requeues 0) 
 backlog 0b 0p requeues 0
qdisc cake 20: parent 1:10 bandwidth 7Mbit diffserv3 triple-isolate nonat nowash no-ack-filter split-gso rtt 100ms raw overhead 0 
 Sent 141832808 bytes 94935 pkt (dropped 195, overlimits 276808 requeues 0) 
 backlog 0b 0p requeues 0
 memory used: 67528b of 4Mb
 capacity estimate: 7Mbit
 min/max network layer size:           42 /    1514
 min/max overhead-adjusted size:       42 /    1514
 average network hdr offset:           14

                   Bulk  Best Effort        Voice
  thresh      437496bit        7Mbit     1750Kbit
  target         41.5ms          5ms       10.4ms
  interval        137ms        100ms        105ms
  pk_delay          0us       17.5ms       1.09ms
  av_delay          0us       11.4ms         41us
  sp_delay          0us       6.18ms         24us
  backlog            0b           0b           0b
  pkts                0        95115           15
  bytes               0    142127408          630
  way_inds            0            0            0
  way_miss            0           16            1
  way_cols            0            0            0
  drops               0          195            0
  marks               0        13038            0
  ack_drop            0            0            0
  sp_flows            0            0            1
  bk_flows            0            1            0
  un_flows            0            0            0
  max_len             0         2964           42
  quantum           300          300          300

======================================================================
Timestamp: 2026-04-28 11:58:14
qdisc htb 1: root refcnt 13 r2q 10 default 0x10 direct_packets_stat 0 direct_qlen 1000
 Sent 142398953 bytes 95320 pkt (dropped 195, overlimits 1182 requeues 0) 
 backlog 5928b 4p requeues 0
qdisc cake 20: parent 1:10 bandwidth 7Mbit diffserv3 triple-isolate nonat nowash no-ack-filter split-gso rtt 100ms raw overhead 0 
 Sent 142398953 bytes 95320 pkt (dropped 195, overlimits 277946 requeues 0) 
 backlog 5928b 4p requeues 0
 memory used: 67528b of 4Mb
 capacity estimate: 7Mbit
 min/max network layer size:           42 /    1514
 min/max overhead-adjusted size:       42 /    1514
 average network hdr offset:           14

                   Bulk  Best Effort        Voice
  thresh      437496bit        7Mbit     1750Kbit
  target         41.5ms          5ms       10.4ms
  interval        137ms        100ms        105ms
  pk_delay          0us         17ms       1.09ms
  av_delay          0us       11.5ms         41us
  sp_delay          0us       7.96ms         24us
  backlog            0b        5928b           0b
  pkts                0        95504           15
  bytes               0    142699481          630
  way_inds            0            0            0
  way_miss            0           16            1
  way_cols            0            0            0
  drops               0          195            0
  marks               0        13119            0
  ack_drop            0            0            0
  sp_flows            0            0            1
  bk_flows            0            1            0
  un_flows            0            0            0
  max_len             0         2964           42
  quantum           300          300          300

======================================================================
Timestamp: 2026-04-28 11:58:15
qdisc htb 1: root refcnt 13 r2q 10 default 0x10 direct_packets_stat 0 direct_qlen 1000
 Sent 143092621 bytes 95790 pkt (dropped 195, overlimits 1182 requeues 0) 
 backlog 0b 0p requeues 0
qdisc cake 20: parent 1:10 bandwidth 7Mbit diffserv3 triple-isolate nonat nowash no-ack-filter split-gso rtt 100ms raw overhead 0 
 Sent 143092621 bytes 95790 pkt (dropped 195, overlimits 279336 requeues 0) 
 backlog 0b 0p requeues 0
 memory used: 67528b of 4Mb
 capacity estimate: 7Mbit
 min/max network layer size:           42 /    1514
 min/max overhead-adjusted size:       42 /    1514
 average network hdr offset:           14

                   Bulk  Best Effort        Voice
  thresh      437496bit        7Mbit     1750Kbit
  target         41.5ms          5ms       10.4ms
  interval        137ms        100ms        105ms
  pk_delay          0us         17ms       1.09ms
  av_delay          0us       11.3ms         41us
  sp_delay          0us       7.73ms         24us
  backlog            0b           0b           0b
  pkts                0        95970           15
  bytes               0    143387221          630
  way_inds            0            0            0
  way_miss            0           16            1
  way_cols            0            0            0
  drops               0          195            0
  marks               0        13247            0
  ack_drop            0            0            0
  sp_flows            0            0            1
  bk_flows            0            1            0
  un_flows            0            0            0
  max_len             0         2964           42
  quantum           300          300          300

======================================================================
Timestamp: 2026-04-28 11:58:16
qdisc htb 1: root refcnt 13 r2q 10 default 0x10 direct_packets_stat 0 direct_qlen 1000
 Sent 143621425 bytes 96147 pkt (dropped 195, overlimits 1182 requeues 0) 
 backlog 4446b 3p requeues 0
qdisc cake 20: parent 1:10 bandwidth 7Mbit diffserv3 triple-isolate nonat nowash no-ack-filter split-gso rtt 100ms raw overhead 0 
 Sent 143621425 bytes 96147 pkt (dropped 195, overlimits 280388 requeues 0) 
 backlog 4446b 3p requeues 0
 memory used: 67528b of 4Mb
 capacity estimate: 7Mbit
 min/max network layer size:           42 /    1514
 min/max overhead-adjusted size:       42 /    1514
 average network hdr offset:           14

                   Bulk  Best Effort        Voice
  thresh      437496bit        7Mbit     1750Kbit
  target         41.5ms          5ms       10.4ms
  interval        137ms        100ms        105ms
  pk_delay          0us       15.9ms       1.09ms
  av_delay          0us       10.9ms         41us
  sp_delay          0us       6.98ms         24us
  backlog            0b        4446b           0b
  pkts                0        96330           15
  bytes               0    143920471          630
  way_inds            0            0            0
  way_miss            0           16            1
  way_cols            0            0            0
  drops               0          195            0
  marks               0        13330            0
  ack_drop            0            0            0
  sp_flows            0            0            1
  bk_flows            0            1            0
  un_flows            0            0            0
  max_len             0         2964           42
  quantum           300          300          300

======================================================================
Timestamp: 2026-04-28 11:58:17
qdisc htb 1: root refcnt 13 r2q 10 default 0x10 direct_packets_stat 0 direct_qlen 1000
 Sent 144329792 bytes 96626 pkt (dropped 195, overlimits 1182 requeues 0) 
 backlog 0b 0p requeues 0
qdisc cake 20: parent 1:10 bandwidth 7Mbit diffserv3 triple-isolate nonat nowash no-ack-filter split-gso rtt 100ms raw overhead 0 
 Sent 144329792 bytes 96626 pkt (dropped 195, overlimits 281804 requeues 0) 
 backlog 0b 0p requeues 0
 memory used: 67528b of 4Mb
 capacity estimate: 7Mbit
 min/max network layer size:           42 /    1514
 min/max overhead-adjusted size:       42 /    1514
 average network hdr offset:           14

                   Bulk  Best Effort        Voice
  thresh      437496bit        7Mbit     1750Kbit
  target         41.5ms          5ms       10.4ms
  interval        137ms        100ms        105ms
  pk_delay          0us       16.4ms       1.09ms
  av_delay          0us       11.1ms         41us
  sp_delay          0us       7.68ms         24us
  backlog            0b           0b           0b
  pkts                0        96806           15
  bytes               0    144624392          630
  way_inds            0            0            0
  way_miss            0           16            1
  way_cols            0            0            0
  drops               0          195            0
  marks               0        13472            0
  ack_drop            0            0            0
  sp_flows            0            0            1
  bk_flows            0            1            0
  un_flows            0            0            0
  max_len             0         2964           42
  quantum           300          300          300

======================================================================
Timestamp: 2026-04-28 11:58:18
qdisc htb 1: root refcnt 13 r2q 10 default 0x10 direct_packets_stat 0 direct_qlen 1000
 Sent 144815618 bytes 96954 pkt (dropped 195, overlimits 1182 requeues 0) 
 backlog 7410b 5p requeues 0
qdisc cake 20: parent 1:10 bandwidth 7Mbit diffserv3 triple-isolate nonat nowash no-ack-filter split-gso rtt 100ms raw overhead 0 
 Sent 144815618 bytes 96954 pkt (dropped 195, overlimits 282774 requeues 0) 
 backlog 7410b 5p requeues 0
 memory used: 67528b of 4Mb
 capacity estimate: 7Mbit
 min/max network layer size:           42 /    1514
 min/max overhead-adjusted size:       42 /    1514
 average network hdr offset:           14

                   Bulk  Best Effort        Voice
  thresh      437496bit        7Mbit     1750Kbit
  target         41.5ms          5ms       10.4ms
  interval        137ms        100ms        105ms
  pk_delay          0us         16ms       1.09ms
  av_delay          0us         11ms         41us
  sp_delay          0us       7.96ms         24us
  backlog            0b        7410b           0b
  pkts                0        97139           15
  bytes               0    145117628          630
  way_inds            0            0            0
  way_miss            0           16            1
  way_cols            0            0            0
  drops               0          195            0
  marks               0        13566            0
  ack_drop            0            0            0
  sp_flows            0            0            1
  bk_flows            0            1            0
  un_flows            0            0            0
  max_len             0         2964           42
  quantum           300          300          300

======================================================================
Timestamp: 2026-04-28 11:58:19
qdisc htb 1: root refcnt 13 r2q 10 default 0x10 direct_packets_stat 0 direct_qlen 1000
 Sent 145555233 bytes 97454 pkt (dropped 195, overlimits 1182 requeues 0) 
 backlog 8892b 6p requeues 0
qdisc cake 20: parent 1:10 bandwidth 7Mbit diffserv3 triple-isolate nonat nowash no-ack-filter split-gso rtt 100ms raw overhead 0 
 Sent 145555233 bytes 97454 pkt (dropped 195, overlimits 284158 requeues 0) 
 backlog 8892b 6p requeues 0
 memory used: 67528b of 4Mb
 capacity estimate: 7Mbit
 min/max network layer size:           42 /    1514
 min/max overhead-adjusted size:       42 /    1514
 average network hdr offset:           14

                   Bulk  Best Effort        Voice
  thresh      437496bit        7Mbit     1750Kbit
  target         41.5ms          5ms       10.4ms
  interval        137ms        100ms        105ms
  pk_delay          0us       11.9ms       1.09ms
  av_delay          0us        7.8ms         41us
  sp_delay          0us        425us         24us
  backlog            0b        8892b           0b
  pkts                0        97640           15
  bytes               0    145858725          630
  way_inds            0            0            0
  way_miss            0           16            1
  way_cols            0            0            0
  drops               0          195            0
  marks               0        13683            0
  ack_drop            0            0            0
  sp_flows            0            0            1
  bk_flows            0            1            0
  un_flows            0            0            0
  max_len             0         2964           42
  quantum           300          300          300

======================================================================
Timestamp: 2026-04-28 11:58:20
qdisc htb 1: root refcnt 13 r2q 10 default 0x10 direct_packets_stat 0 direct_qlen 1000
 Sent 145983276 bytes 97744 pkt (dropped 195, overlimits 1182 requeues 0) 
 backlog 8892b 6p requeues 0
qdisc cake 20: parent 1:10 bandwidth 7Mbit diffserv3 triple-isolate nonat nowash no-ack-filter split-gso rtt 100ms raw overhead 0 
 Sent 145983276 bytes 97744 pkt (dropped 195, overlimits 284999 requeues 0) 
 backlog 8892b 6p requeues 0
 memory used: 67528b of 4Mb
 capacity estimate: 7Mbit
 min/max network layer size:           42 /    1514
 min/max overhead-adjusted size:       42 /    1514
 average network hdr offset:           14

                   Bulk  Best Effort        Voice
  thresh      437496bit        7Mbit     1750Kbit
  target         41.5ms          5ms       10.4ms
  interval        137ms        100ms        105ms
  pk_delay          0us       18.4ms       1.09ms
  av_delay          0us       10.5ms         41us
  sp_delay          0us       7.91ms         24us
  backlog            0b        8892b           0b
  pkts                0        97930           15
  bytes               0    146286768          630
  way_inds            0            0            0
  way_miss            0           16            1
  way_cols            0            0            0
  drops               0          195            0
  marks               0        13760            0
  ack_drop            0            0            0
  sp_flows            0            0            1
  bk_flows            0            1            0
  un_flows            0            0            0
  max_len             0         2964           42
  quantum           300          300          300

