timestamp,dst_port,state,cc_algo,rto_ms,rtt_ms,rtt_var_ms,min_rtt_ms,mss_bytes,cwnd_pkts,cwnd_bytes,ssthresh_bytes,bytes_sent,bytes_acked,bytes_received,bytes_retrans,segs_out,segs_in,data_segs_out,data_segs_in,retrans_outstanding,retrans_total,pacing_rate_bps,delivery_rate_bps,delivered_pkts,snd_wnd_bytes,rcv_wnd_bytes,unacked_pkts,notsent_bytes
2026-04-30 23:15:54.239,57828,ESTAB,prague,224,22.17,5.706,20.178,1448,10,14480,NaN,2883,2883,408,NaN,4,6,3,1,NaN,NaN,10824960,1588656,4,48640,43520,NaN,NaN
2026-04-30 23:15:55.164,57832,ESTAB,prague,228,25.207,0.123,20.03,1448,30,43440,NaN,131520,112852,822,NaN,93,44,92,2,NaN,NaN,28563120,6686840,80,111616,43520,13,66612
2026-04-30 23:15:55.398,57832,ESTAB,prague,228,25.235,0.255,20.03,1448,30,43440,NaN,275296,253756,1644,NaN,194,95,193,4,NaN,NaN,28531680,6669512,179,112128,43520,15,205348
2026-04-30 23:15:55.626,57832,ESTAB,prague,228,25.285,0.051,20.03,1448,30,43440,NaN,463412,443308,1644,NaN,325,161,324,4,NaN,NaN,28474320,6694568,311,112128,43520,14,241248
2026-04-30 23:15:55.869,57832,ESTAB,prague,228,26.993,0.018,20.03,1448,57,82536,NaN,665888,645784,1644,NaN,466,226,465,4,NaN,NaN,50678928,6681224,452,282112,43520,14,409260
2026-04-30 23:15:56.095,57832,ESTAB,prague,228,27.022,0.053,20.03,1448,57,82536,NaN,855440,835336,1644,NaN,598,292,597,4,NaN,NaN,50623752,6701272,584,282112,43520,14,413568
2026-04-30 23:15:56.319,57832,ESTAB,prague,232,28.734,0.049,20.03,1448,76,110048,NaN,1040684,1017708,1644,NaN,727,348,726,4,NaN,NaN,63478240,6700552,711,282112,43520,16,307161
2026-04-30 23:15:56.570,57832,ESTAB,prague,232,28.609,0.083,20.03,1448,76,110048,NaN,1241724,1218748,1644,NaN,867,418,866,4,NaN,NaN,63754880,6688704,851,282112,43520,16,106121
2026-04-30 23:15:56.805,57832,ESTAB,prague,232,28.38,0.778,20.03,1448,76,110048,NaN,1352069,1351013,3268,NaN,945,467,944,8,NaN,NaN,64269248,6694256,944,282112,43520,1,NaN
2026-04-30 23:15:57.037,57832,ESTAB,prague,228,24.877,1.283,20.03,1448,76,110048,NaN,1362344,1362333,6518,NaN,955,476,954,16,NaN,NaN,73319328,6694256,954,282112,43520,1,NaN
2026-04-30 23:15:57.296,57832,ESTAB,prague,232,29.832,10.872,20.03,1448,76,110048,NaN,1362344,1362344,6518,NaN,955,477,954,16,NaN,NaN,61141696,6694256,955,282112,43520,NaN,NaN
2026-04-30 23:15:57.532,57832,ESTAB,prague,232,29.832,10.872,20.03,1448,76,110048,NaN,1362344,1362344,6518,NaN,955,477,954,16,NaN,NaN,61141696,6694256,955,282112,43520,NaN,NaN
2026-04-30 23:15:57.768,57832,ESTAB,prague,232,29.832,10.872,20.03,1448,76,110048,NaN,1362344,1362344,6518,NaN,955,477,954,16,NaN,NaN,61141696,6694256,955,282112,43520,NaN,NaN
2026-04-30 23:15:58.009,57832,ESTAB,prague,232,29.832,10.872,20.03,1448,76,110048,NaN,1362344,1362344,6518,NaN,955,477,954,16,NaN,NaN,61141696,6694256,955,282112,43520,NaN,NaN
2026-04-30 23:15:58.250,57832,ESTAB,prague,232,29.832,10.872,20.03,1448,76,110048,NaN,1362344,1362344,6518,NaN,955,477,954,16,NaN,NaN,61141696,6694256,955,282112,43520,NaN,NaN
2026-04-30 23:15:58.495,57832,ESTAB,prague,232,29.832,10.872,20.03,1448,76,110048,NaN,1362344,1362344,6518,NaN,955,477,954,16,NaN,NaN,61141696,6694256,955,282112,43520,NaN,NaN
2026-04-30 23:15:58.740,57832,ESTAB,prague,232,29.832,10.872,20.03,1448,76,110048,NaN,1362344,1362344,6518,NaN,955,477,954,16,NaN,NaN,61141696,6694256,955,282112,43520,NaN,NaN
2026-04-30 23:15:58.986,57832,ESTAB,prague,232,29.832,10.872,20.03,1448,76,110048,NaN,1362344,1362344,6518,NaN,955,477,954,16,NaN,NaN,61141696,6694256,955,282112,43520,NaN,NaN
2026-04-30 23:15:59.240,57832,ESTAB,prague,228,26.803,9.059,20.03,1448,76,110048,NaN,1365227,1365227,6926,NaN,958,481,957,17,NaN,NaN,68051008,6694256,958,282112,43520,NaN,NaN
2026-04-30 23:15:59.508,57832,ESTAB,prague,228,26.803,9.059,20.03,1448,76,110048,NaN,1365227,1365227,6926,NaN,958,481,957,17,NaN,NaN,68051008,6694256,958,282112,43520,NaN,NaN
2026-04-30 23:15:59.765,57832,ESTAB,prague,228,26.803,9.059,20.03,1448,76,110048,NaN,1365227,1365227,6926,NaN,958,481,957,17,NaN,NaN,68051008,6694256,958,282112,43520,NaN,NaN
2026-04-30 23:16:00.013,57832,ESTAB,prague,228,26.803,9.059,20.03,1448,76,110048,NaN,1365227,1365227,6926,NaN,958,481,957,17,NaN,NaN,68051008,6694256,958,282112,43520,NaN,NaN
2026-04-30 23:16:00.239,57832,ESTAB,prague,228,26.803,9.059,20.03,1448,76,110048,NaN,1365227,1365227,6926,NaN,958,481,957,17,NaN,NaN,68051008,6694256,958,282112,43520,NaN,NaN
2026-04-30 23:16:00.476,57832,ESTAB,prague,228,26.803,9.059,20.03,1448,76,110048,NaN,1365227,1365227,6926,NaN,958,481,957,17,NaN,NaN,68051008,6694256,958,282112,43520,NaN,NaN
2026-04-30 23:16:00.720,57832,ESTAB,prague,228,26.803,9.059,20.03,1448,76,110048,NaN,1365227,1365227,6926,NaN,958,481,957,17,NaN,NaN,68051008,6694256,958,282112,43520,NaN,NaN
2026-04-30 23:16:00.957,57832,ESTAB,prague,228,26.803,9.059,20.03,1448,76,110048,NaN,1365227,1365227,6926,NaN,958,481,957,17,NaN,NaN,68051008,6694256,958,282112,43520,NaN,NaN
2026-04-30 23:16:01.203,57832,ESTAB,prague,228,26.658,4.522,20.03,1448,76,110048,NaN,1368110,1368110,7334,NaN,961,485,960,18,NaN,NaN,68421888,6694256,961,282112,43520,NaN,NaN
2026-04-30 23:16:01.440,57832,ESTAB,prague,228,26.658,4.522,20.03,1448,76,110048,NaN,1368110,1368110,7334,NaN,961,485,960,18,NaN,NaN,68421888,6694256,961,282112,43520,NaN,NaN
2026-04-30 23:16:01.673,57832,ESTAB,prague,228,26.658,4.522,20.03,1448,76,110048,NaN,1368110,1368110,7334,NaN,961,485,960,18,NaN,NaN,68421888,6694256,961,282112,43520,NaN,NaN
2026-04-30 23:16:01.911,57832,ESTAB,prague,228,26.658,4.522,20.03,1448,76,110048,NaN,1368110,1368110,7334,NaN,961,485,960,18,NaN,NaN,68421888,6694256,961,282112,43520,NaN,NaN
2026-04-30 23:16:02.149,57832,ESTAB,prague,228,26.658,4.522,20.03,1448,76,110048,NaN,1368110,1368110,7334,NaN,961,485,960,18,NaN,NaN,68421888,6694256,961,282112,43520,NaN,NaN
2026-04-30 23:16:02.390,57832,ESTAB,prague,228,26.658,4.522,20.03,1448,76,110048,NaN,1368110,1368110,7334,NaN,961,485,960,18,NaN,NaN,68421888,6694256,961,282112,43520,NaN,NaN
2026-04-30 23:16:02.633,57832,ESTAB,prague,228,26.658,4.522,20.03,1448,76,110048,NaN,1368110,1368110,7334,NaN,961,485,960,18,NaN,NaN,68421888,6694256,961,282112,43520,NaN,NaN
2026-04-30 23:16:02.887,57832,ESTAB,prague,228,26.658,4.522,20.03,1448,76,110048,NaN,1368110,1368110,7334,NaN,961,485,960,18,NaN,NaN,68421888,6694256,961,282112,43520,NaN,NaN
2026-04-30 23:16:03.134,57832,ESTAB,prague,228,26.658,4.522,20.03,1448,76,110048,NaN,1368110,1368110,7334,NaN,961,485,960,18,NaN,NaN,68421888,6694256,961,282112,43520,NaN,NaN
2026-04-30 23:16:03.390,57832,ESTAB,prague,228,26.658,4.522,20.03,1448,76,110048,NaN,1368110,1368110,7334,NaN,961,485,960,18,NaN,NaN,68421888,6694256,961,282112,43520,NaN,NaN
2026-04-30 23:16:03.652,57832,ESTAB,prague,228,26.658,4.522,20.03,1448,76,110048,NaN,1368110,1368110,7334,NaN,961,485,960,18,NaN,NaN,68421888,6694256,961,282112,43520,NaN,NaN
2026-04-30 23:16:03.906,57832,ESTAB,prague,228,26.658,4.522,20.03,1448,76,110048,NaN,1368110,1368110,7334,NaN,961,485,960,18,NaN,NaN,68421888,6694256,961,282112,43520,NaN,NaN
2026-04-30 23:16:04.163,57832,ESTAB,prague,228,26.658,4.522,20.03,1448,76,110048,NaN,1368110,1368110,7334,NaN,961,485,960,18,NaN,NaN,68421888,6694256,961,282112,43520,NaN,NaN
2026-04-30 23:16:04.408,57832,ESTAB,prague,228,26.658,4.522,20.03,1448,76,110048,NaN,1368110,1368110,7334,NaN,961,485,960,18,NaN,NaN,68421888,6694256,961,282112,43520,NaN,NaN
2026-04-30 23:16:04.658,57832,ESTAB,prague,228,26.658,4.522,20.03,1448,76,110048,NaN,1368110,1368110,7334,NaN,961,485,960,18,NaN,NaN,68421888,6694256,961,282112,43520,NaN,NaN
2026-04-30 23:16:04.908,57832,ESTAB,prague,228,26.658,4.522,20.03,1448,76,110048,NaN,1368110,1368110,7334,NaN,961,485,960,18,NaN,NaN,68421888,6694256,961,282112,43520,NaN,NaN
2026-04-30 23:16:05.143,57832,ESTAB,prague,228,26.658,4.522,20.03,1448,76,110048,NaN,1368110,1368110,7334,NaN,961,485,960,18,NaN,NaN,68421888,6694256,961,282112,43520,NaN,NaN
2026-04-30 23:16:05.383,57832,ESTAB,prague,228,26.658,4.522,20.03,1448,76,110048,NaN,1368110,1368110,7334,NaN,961,485,960,18,NaN,NaN,68421888,6694256,961,282112,43520,NaN,NaN
2026-04-30 23:16:05.625,57832,ESTAB,prague,228,26.658,4.522,20.03,1448,76,110048,NaN,1368110,1368110,7334,NaN,961,485,960,18,NaN,NaN,68421888,6694256,961,282112,43520,NaN,NaN
2026-04-30 23:16:05.887,57832,ESTAB,prague,228,26.658,4.522,20.03,1448,76,110048,NaN,1368110,1368110,7334,NaN,961,485,960,18,NaN,NaN,68421888,6694256,961,282112,43520,NaN,NaN
2026-04-30 23:16:06.133,57832,ESTAB,prague,228,26.658,4.522,20.03,1448,76,110048,NaN,1368110,1368110,7334,NaN,961,485,960,18,NaN,NaN,68421888,6694256,961,282112,43520,NaN,NaN
2026-04-30 23:16:06.390,57832,ESTAB,prague,228,26.658,4.522,20.03,1448,76,110048,NaN,1368110,1368110,7334,NaN,961,485,960,18,NaN,NaN,68421888,6694256,961,282112,43520,NaN,NaN
2026-04-30 23:16:06.637,57832,ESTAB,prague,228,26.658,4.522,20.03,1448,76,110048,NaN,1368110,1368110,7334,NaN,961,485,960,18,NaN,NaN,68421888,6694256,961,282112,43520,NaN,NaN
2026-04-30 23:16:06.885,57832,ESTAB,prague,228,26.658,4.522,20.03,1448,76,110048,NaN,1368110,1368110,7334,NaN,961,485,960,18,NaN,NaN,68421888,6694256,961,282112,43520,NaN,NaN
2026-04-30 23:16:07.130,57832,ESTAB,prague,228,26.658,4.522,20.03,1448,76,110048,NaN,1368110,1368110,7334,NaN,961,485,960,18,NaN,NaN,68421888,6694256,961,282112,43520,NaN,NaN
2026-04-30 23:16:07.371,57832,ESTAB,prague,228,26.658,4.522,20.03,1448,76,110048,NaN,1368110,1368110,7334,NaN,961,485,960,18,NaN,NaN,68421888,6694256,961,282112,43520,NaN,NaN
2026-04-30 23:16:07.621,57832,ESTAB,prague,228,26.658,4.522,20.03,1448,76,110048,NaN,1368110,1368110,7334,NaN,961,485,960,18,NaN,NaN,68421888,6694256,961,282112,43520,NaN,NaN
2026-04-30 23:16:07.868,57832,ESTAB,prague,228,26.658,4.522,20.03,1448,76,110048,NaN,1368110,1368110,7334,NaN,961,485,960,18,NaN,NaN,68421888,6694256,961,282112,43520,NaN,NaN
2026-04-30 23:16:08.118,57832,ESTAB,prague,228,26.658,4.522,20.03,1448,76,110048,NaN,1368110,1368110,7334,NaN,961,485,960,18,NaN,NaN,68421888,6694256,961,282112,43520,NaN,NaN
2026-04-30 23:16:08.383,57832,ESTAB,prague,228,26.658,4.522,20.03,1448,76,110048,NaN,1368110,1368110,7334,NaN,961,485,960,18,NaN,NaN,68421888,6694256,961,282112,43520,NaN,NaN
2026-04-30 23:16:08.612,57832,ESTAB,prague,228,26.658,4.522,20.03,1448,76,110048,NaN,1368110,1368110,7334,NaN,961,485,960,18,NaN,NaN,68421888,6694256,961,282112,43520,NaN,NaN
2026-04-30 23:16:08.842,57832,ESTAB,prague,228,26.658,4.522,20.03,1448,76,110048,NaN,1368110,1368110,7334,NaN,961,485,960,18,NaN,NaN,68421888,6694256,961,282112,43520,NaN,NaN
2026-04-30 23:16:09.086,57832,ESTAB,prague,228,26.658,4.522,20.03,1448,76,110048,NaN,1368110,1368110,7334,NaN,961,485,960,18,NaN,NaN,68421888,6694256,961,282112,43520,NaN,NaN
2026-04-30 23:16:09.321,57832,ESTAB,prague,228,26.658,4.522,20.03,1448,76,110048,NaN,1368110,1368110,7334,NaN,961,485,960,18,NaN,NaN,68421888,6694256,961,282112,43520,NaN,NaN
2026-04-30 23:16:09.556,57832,ESTAB,prague,228,26.658,4.522,20.03,1448,76,110048,NaN,1368110,1368110,7334,NaN,961,485,960,18,NaN,NaN,68421888,6694256,961,282112,43520,NaN,NaN
2026-04-30 23:16:09.801,57832,ESTAB,prague,228,26.658,4.522,20.03,1448,76,110048,NaN,1368110,1368110,7334,NaN,961,485,960,18,NaN,NaN,68421888,6694256,961,282112,43520,NaN,NaN
2026-04-30 23:16:10.035,57832,ESTAB,prague,228,26.658,4.522,20.03,1448,76,110048,NaN,1368110,1368110,7334,NaN,961,485,960,18,NaN,NaN,68421888,6694256,961,282112,43520,NaN,NaN
2026-04-30 23:16:10.264,57832,ESTAB,prague,228,26.658,4.522,20.03,1448,76,110048,NaN,1368110,1368110,7334,NaN,961,485,960,18,NaN,NaN,68421888,6694256,961,282112,43520,NaN,NaN
2026-04-30 23:16:10.488,57832,ESTAB,prague,228,26.658,4.522,20.03,1448,76,110048,NaN,1368110,1368110,7334,NaN,961,485,960,18,NaN,NaN,68421888,6694256,961,282112,43520,NaN,NaN
2026-04-30 23:16:10.715,57832,ESTAB,prague,228,26.658,4.522,20.03,1448,76,110048,NaN,1368110,1368110,7334,NaN,961,485,960,18,NaN,NaN,68421888,6694256,961,282112,43520,NaN,NaN
2026-04-30 23:16:10.962,57832,ESTAB,prague,228,26.658,4.522,20.03,1448,76,110048,NaN,1368110,1368110,7334,NaN,961,485,960,18,NaN,NaN,68421888,6694256,961,282112,43520,NaN,NaN
2026-04-30 23:16:11.216,57832,ESTAB,prague,228,26.658,4.522,20.03,1448,76,110048,NaN,1368110,1368110,7334,NaN,961,485,960,18,NaN,NaN,68421888,6694256,961,282112,43520,NaN,NaN
2026-04-30 23:16:11.458,57832,ESTAB,prague,228,26.658,4.522,20.03,1448,76,110048,NaN,1368110,1368110,7334,NaN,961,485,960,18,NaN,NaN,68421888,6694256,961,282112,43520,NaN,NaN
2026-04-30 23:16:11.688,57832,ESTAB,prague,228,26.658,4.522,20.03,1448,76,110048,NaN,1368110,1368110,7334,NaN,961,485,960,18,NaN,NaN,68421888,6694256,961,282112,43520,NaN,NaN
2026-04-30 23:16:11.933,57832,ESTAB,prague,228,26.658,4.522,20.03,1448,76,110048,NaN,1368110,1368110,7334,NaN,961,485,960,18,NaN,NaN,68421888,6694256,961,282112,43520,NaN,NaN
2026-04-30 23:16:12.188,57832,ESTAB,prague,228,26.658,4.522,20.03,1448,76,110048,NaN,1368110,1368110,7334,NaN,961,485,960,18,NaN,NaN,68421888,6694256,961,282112,43520,NaN,NaN
2026-04-30 23:16:12.437,57832,ESTAB,prague,228,26.658,4.522,20.03,1448,76,110048,NaN,1368110,1368110,7334,NaN,961,485,960,18,NaN,NaN,68421888,6694256,961,282112,43520,NaN,NaN
2026-04-30 23:16:12.670,57832,ESTAB,prague,228,26.658,4.522,20.03,1448,76,110048,NaN,1368110,1368110,7334,NaN,961,485,960,18,NaN,NaN,68421888,6694256,961,282112,43520,NaN,NaN
2026-04-30 23:16:12.901,57832,ESTAB,prague,228,26.658,4.522,20.03,1448,76,110048,NaN,1368110,1368110,7334,NaN,961,485,960,18,NaN,NaN,68421888,6694256,961,282112,43520,NaN,NaN
2026-04-30 23:16:13.141,57832,ESTAB,prague,228,26.658,4.522,20.03,1448,76,110048,NaN,1368110,1368110,7334,NaN,961,485,960,18,NaN,NaN,68421888,6694256,961,282112,43520,NaN,NaN
2026-04-30 23:16:13.381,57832,ESTAB,prague,228,26.658,4.522,20.03,1448,76,110048,NaN,1368110,1368110,7334,NaN,961,485,960,18,NaN,NaN,68421888,6694256,961,282112,43520,NaN,NaN
2026-04-30 23:16:13.621,57832,ESTAB,prague,228,26.658,4.522,20.03,1448,76,110048,NaN,1368110,1368110,7334,NaN,961,485,960,18,NaN,NaN,68421888,6694256,961,282112,43520,NaN,NaN
2026-04-30 23:16:13.861,57832,ESTAB,prague,228,26.658,4.522,20.03,1448,76,110048,NaN,1368110,1368110,7334,NaN,961,485,960,18,NaN,NaN,68421888,6694256,961,282112,43520,NaN,NaN
2026-04-30 23:16:14.101,57832,ESTAB,prague,228,26.658,4.522,20.03,1448,76,110048,NaN,1368110,1368110,7334,NaN,961,485,960,18,NaN,NaN,68421888,6694256,961,282112,43520,NaN,NaN
2026-04-30 23:16:14.338,57832,ESTAB,prague,228,26.658,4.522,20.03,1448,76,110048,NaN,1368110,1368110,7334,NaN,961,485,960,18,NaN,NaN,68421888,6694256,961,282112,43520,NaN,NaN
2026-04-30 23:16:14.570,57832,ESTAB,prague,228,26.658,4.522,20.03,1448,76,110048,NaN,1368110,1368110,7334,NaN,961,485,960,18,NaN,NaN,68421888,6694256,961,282112,43520,NaN,NaN
2026-04-30 23:16:14.799,57832,ESTAB,prague,228,26.658,4.522,20.03,1448,76,110048,NaN,1368110,1368110,7334,NaN,961,485,960,18,NaN,NaN,68421888,6694256,961,282112,43520,NaN,NaN
2026-04-30 23:16:15.028,57832,ESTAB,prague,228,26.658,4.522,20.03,1448,76,110048,NaN,1368110,1368110,7334,NaN,961,485,960,18,NaN,NaN,68421888,6694256,961,282112,43520,NaN,NaN
2026-04-30 23:16:15.258,57832,ESTAB,prague,228,26.658,4.522,20.03,1448,76,110048,NaN,1368110,1368110,7334,NaN,961,485,960,18,NaN,NaN,68421888,6694256,961,282112,43520,NaN,NaN
2026-04-30 23:16:15.486,57832,ESTAB,prague,228,26.658,4.522,20.03,1448,76,110048,NaN,1368110,1368110,7334,NaN,961,485,960,18,NaN,NaN,68421888,6694256,961,282112,43520,NaN,NaN
2026-04-30 23:16:15.726,57832,ESTAB,prague,228,26.658,4.522,20.03,1448,76,110048,NaN,1368110,1368110,7334,NaN,961,485,960,18,NaN,NaN,68421888,6694256,961,282112,43520,NaN,NaN
2026-04-30 23:16:15.957,57832,ESTAB,prague,228,26.658,4.522,20.03,1448,76,110048,NaN,1368110,1368110,7334,NaN,961,485,960,18,NaN,NaN,68421888,6694256,961,282112,43520,NaN,NaN
2026-04-30 23:16:16.183,57832,ESTAB,prague,228,26.658,4.522,20.03,1448,76,110048,NaN,1368110,1368110,7334,NaN,962,485,960,18,NaN,NaN,68421888,6694256,961,282112,43520,NaN,NaN
2026-04-30 23:16:16.419,57832,ESTAB,prague,228,26.658,4.522,20.03,1448,76,110048,NaN,1368110,1368110,7334,NaN,962,486,960,18,NaN,NaN,68421888,6694256,961,282112,43520,NaN,NaN
2026-04-30 23:16:16.654,57832,ESTAB,prague,228,26.658,4.522,20.03,1448,76,110048,NaN,1368110,1368110,7334,NaN,962,486,960,18,NaN,NaN,68421888,6694256,961,282112,43520,NaN,NaN
2026-04-30 23:16:16.880,57832,ESTAB,prague,228,26.658,4.522,20.03,1448,76,110048,NaN,1368110,1368110,7334,NaN,962,486,960,18,NaN,NaN,68421888,6694256,961,282112,43520,NaN,NaN
2026-04-30 23:16:17.109,57832,ESTAB,prague,228,26.658,4.522,20.03,1448,76,110048,NaN,1368110,1368110,7334,NaN,962,486,960,18,NaN,NaN,68421888,6694256,961,282112,43520,NaN,NaN
2026-04-30 23:16:17.351,57832,ESTAB,prague,228,26.658,4.522,20.03,1448,76,110048,NaN,1368110,1368110,7334,NaN,962,486,960,18,NaN,NaN,68421888,6694256,961,282112,43520,NaN,NaN
2026-04-30 23:16:17.588,57832,ESTAB,prague,228,26.658,4.522,20.03,1448,76,110048,NaN,1368110,1368110,7334,NaN,962,486,960,18,NaN,NaN,68421888,6694256,961,282112,43520,NaN,NaN
2026-04-30 23:16:17.840,57832,ESTAB,prague,228,26.658,4.522,20.03,1448,76,110048,NaN,1368110,1368110,7334,NaN,962,486,960,18,NaN,NaN,68421888,6694256,961,282112,43520,NaN,NaN
2026-04-30 23:16:18.080,57832,ESTAB,prague,228,26.658,4.522,20.03,1448,76,110048,NaN,1368110,1368110,7334,NaN,962,486,960,18,NaN,NaN,68421888,6694256,961,282112,43520,NaN,NaN
2026-04-30 23:16:18.320,57832,ESTAB,prague,228,26.658,4.522,20.03,1448,76,110048,NaN,1368110,1368110,7334,NaN,962,486,960,18,NaN,NaN,68421888,6694256,961,282112,43520,NaN,NaN
2026-04-30 23:16:18.551,57832,ESTAB,prague,228,26.658,4.522,20.03,1448,76,110048,NaN,1368110,1368110,7334,NaN,962,486,960,18,NaN,NaN,68421888,6694256,961,282112,43520,NaN,NaN
2026-04-30 23:16:18.776,57832,ESTAB,prague,228,26.658,4.522,20.03,1448,76,110048,NaN,1368110,1368110,7334,NaN,962,486,960,18,NaN,NaN,68421888,6694256,961,282112,43520,NaN,NaN
2026-04-30 23:16:19.003,57832,ESTAB,prague,228,26.658,4.522,20.03,1448,76,110048,NaN,1368110,1368110,7334,NaN,962,486,960,18,NaN,NaN,68421888,6694256,961,282112,43520,NaN,NaN
2026-04-30 23:16:19.227,57832,ESTAB,prague,228,26.658,4.522,20.03,1448,76,110048,NaN,1368110,1368110,7334,NaN,962,486,960,18,NaN,NaN,68421888,6694256,961,282112,43520,NaN,NaN
2026-04-30 23:16:19.456,57832,ESTAB,prague,228,26.658,4.522,20.03,1448,76,110048,NaN,1368110,1368110,7334,NaN,962,486,960,18,NaN,NaN,68421888,6694256,961,282112,43520,NaN,NaN
2026-04-30 23:16:19.679,57832,ESTAB,prague,228,26.658,4.522,20.03,1448,76,110048,NaN,1368110,1368110,7334,NaN,962,486,960,18,NaN,NaN,68421888,6694256,961,282112,43520,NaN,NaN
2026-04-30 23:16:19.907,57832,ESTAB,prague,228,26.658,4.522,20.03,1448,76,110048,NaN,1368110,1368110,7334,NaN,962,486,960,18,NaN,NaN,68421888,6694256,961,282112,43520,NaN,NaN
2026-04-30 23:16:20.141,57832,ESTAB,prague,228,26.658,4.522,20.03,1448,76,110048,NaN,1368110,1368110,7334,NaN,962,486,960,18,NaN,NaN,68421888,6694256,961,282112,43520,NaN,NaN
2026-04-30 23:16:20.373,57832,ESTAB,prague,228,26.658,4.522,20.03,1448,76,110048,NaN,1368110,1368110,7334,NaN,962,486,960,18,NaN,NaN,68421888,6694256,961,282112,43520,NaN,NaN
2026-04-30 23:16:20.611,57832,ESTAB,prague,228,26.658,4.522,20.03,1448,76,110048,NaN,1368110,1368110,7334,NaN,962,486,960,18,NaN,NaN,68421888,6694256,961,282112,43520,NaN,NaN
2026-04-30 23:16:20.851,57832,ESTAB,prague,228,26.658,4.522,20.03,1448,76,110048,NaN,1368110,1368110,7334,NaN,962,486,960,18,NaN,NaN,68421888,6694256,961,282112,43520,NaN,NaN
2026-04-30 23:16:21.084,57832,ESTAB,prague,228,26.658,4.522,20.03,1448,76,110048,NaN,1368110,1368110,7334,NaN,962,486,960,18,NaN,NaN,68421888,6694256,961,282112,43520,NaN,NaN
2026-04-30 23:16:21.315,57832,ESTAB,prague,228,26.658,4.522,20.03,1448,76,110048,NaN,1368110,1368110,7334,NaN,962,486,960,18,NaN,NaN,68421888,6694256,961,282112,43520,NaN,NaN
2026-04-30 23:16:21.551,57832,ESTAB,prague,228,26.658,4.522,20.03,1448,76,110048,NaN,1368110,1368110,7334,NaN,962,486,960,18,NaN,NaN,68421888,6694256,961,282112,43520,NaN,NaN
2026-04-30 23:16:21.781,57832,ESTAB,prague,228,26.658,4.522,20.03,1448,76,110048,NaN,1368110,1368110,7334,NaN,962,486,960,18,NaN,NaN,68421888,6694256,961,282112,43520,NaN,NaN
2026-04-30 23:16:22.023,57832,ESTAB,prague,228,26.658,4.522,20.03,1448,76,110048,NaN,1368110,1368110,7334,NaN,962,486,960,18,NaN,NaN,68421888,6694256,961,282112,43520,NaN,NaN
2026-04-30 23:16:22.270,57832,ESTAB,prague,228,26.658,4.522,20.03,1448,76,110048,NaN,1368110,1368110,7334,NaN,962,486,960,18,NaN,NaN,68421888,6694256,961,282112,43520,NaN,NaN
2026-04-30 23:16:22.509,57832,ESTAB,prague,228,26.658,4.522,20.03,1448,76,110048,NaN,1368110,1368110,7334,NaN,962,486,960,18,NaN,NaN,68421888,6694256,961,282112,43520,NaN,NaN
2026-04-30 23:16:22.737,57832,ESTAB,prague,228,26.658,4.522,20.03,1448,76,110048,NaN,1368110,1368110,7334,NaN,962,486,960,18,NaN,NaN,68421888,6694256,961,282112,43520,NaN,NaN
2026-04-30 23:16:22.968,57832,ESTAB,prague,228,26.658,4.522,20.03,1448,76,110048,NaN,1368110,1368110,7334,NaN,962,486,960,18,NaN,NaN,68421888,6694256,961,282112,43520,NaN,NaN
2026-04-30 23:16:23.195,57832,ESTAB,prague,228,26.658,4.522,20.03,1448,76,110048,NaN,1368110,1368110,7334,NaN,962,486,960,18,NaN,NaN,68421888,6694256,961,282112,43520,NaN,NaN
2026-04-30 23:16:23.422,57832,ESTAB,prague,228,26.658,4.522,20.03,1448,76,110048,NaN,1368110,1368110,7334,NaN,962,486,960,18,NaN,NaN,68421888,6694256,961,282112,43520,NaN,NaN
2026-04-30 23:16:23.659,57832,ESTAB,prague,228,26.658,4.522,20.03,1448,76,110048,NaN,1368110,1368110,7334,NaN,962,486,960,18,NaN,NaN,68421888,6694256,961,282112,43520,NaN,NaN
2026-04-30 23:16:23.893,57832,ESTAB,prague,228,26.658,4.522,20.03,1448,76,110048,NaN,1368110,1368110,7334,NaN,962,486,960,18,NaN,NaN,68421888,6694256,961,282112,43520,NaN,NaN
2026-04-30 23:16:24.123,57832,ESTAB,prague,228,26.658,4.522,20.03,1448,76,110048,NaN,1368110,1368110,7334,NaN,962,486,960,18,NaN,NaN,68421888,6694256,961,282112,43520,NaN,NaN
2026-04-30 23:16:24.368,57832,ESTAB,prague,228,26.658,4.522,20.03,1448,76,110048,NaN,1368110,1368110,7334,NaN,962,486,960,18,NaN,NaN,68421888,6694256,961,282112,43520,NaN,NaN
2026-04-30 23:16:24.609,57832,ESTAB,prague,228,26.658,4.522,20.03,1448,76,110048,NaN,1368110,1368110,7334,NaN,962,486,960,18,NaN,NaN,68421888,6694256,961,282112,43520,NaN,NaN
2026-04-30 23:16:24.844,57832,ESTAB,prague,228,26.658,4.522,20.03,1448,76,110048,NaN,1368110,1368110,7334,NaN,962,486,960,18,NaN,NaN,68421888,6694256,961,282112,43520,NaN,NaN
2026-04-30 23:16:25.089,57832,ESTAB,prague,228,26.658,4.522,20.03,1448,76,110048,NaN,1368110,1368110,7334,NaN,962,486,960,18,NaN,NaN,68421888,6694256,961,282112,43520,NaN,NaN
2026-04-30 23:16:25.331,57832,ESTAB,prague,228,26.658,4.522,20.03,1448,76,110048,NaN,1368110,1368110,7334,NaN,962,486,960,18,NaN,NaN,68421888,6694256,961,282112,43520,NaN,NaN
2026-04-30 23:16:25.573,57832,ESTAB,prague,228,26.658,4.522,20.03,1448,76,110048,NaN,1368110,1368110,7334,NaN,962,486,960,18,NaN,NaN,68421888,6694256,961,282112,43520,NaN,NaN
2026-04-30 23:16:25.814,57832,ESTAB,prague,228,26.658,4.522,20.03,1448,76,110048,NaN,1368110,1368110,7334,NaN,962,486,960,18,NaN,NaN,68421888,6694256,961,282112,43520,NaN,NaN
2026-04-30 23:16:26.058,57832,ESTAB,prague,228,26.658,4.522,20.03,1448,76,110048,NaN,1368110,1368110,7334,NaN,962,486,960,18,NaN,NaN,68421888,6694256,961,282112,43520,NaN,NaN
2026-04-30 23:16:26.302,57832,ESTAB,prague,228,26.658,4.522,20.03,1448,76,110048,NaN,1368110,1368110,7334,NaN,962,486,960,18,NaN,NaN,68421888,6694256,961,282112,43520,NaN,NaN
2026-04-30 23:16:26.549,57832,ESTAB,prague,228,26.658,4.522,20.03,1448,76,110048,NaN,1368110,1368110,7334,NaN,962,486,960,18,NaN,NaN,68421888,6694256,961,282112,43520,NaN,NaN
2026-04-30 23:16:26.786,57832,ESTAB,prague,228,26.658,4.522,20.03,1448,76,110048,NaN,1368110,1368110,7334,NaN,962,486,960,18,NaN,NaN,68421888,6694256,961,282112,43520,NaN,NaN
2026-04-30 23:16:27.019,57832,ESTAB,prague,228,26.658,4.522,20.03,1448,76,110048,NaN,1368110,1368110,7334,NaN,962,486,960,18,NaN,NaN,68421888,6694256,961,282112,43520,NaN,NaN
2026-04-30 23:16:27.265,57832,ESTAB,prague,228,26.658,4.522,20.03,1448,76,110048,NaN,1368110,1368110,7334,NaN,962,486,960,18,NaN,NaN,68421888,6694256,961,282112,43520,NaN,NaN
2026-04-30 23:16:27.524,57832,ESTAB,prague,228,26.658,4.522,20.03,1448,76,110048,NaN,1368110,1368110,7334,NaN,962,486,960,18,NaN,NaN,68421888,6694256,961,282112,43520,NaN,NaN
2026-04-30 23:16:27.761,57832,ESTAB,prague,228,26.658,4.522,20.03,1448,76,110048,NaN,1368110,1368110,7334,NaN,962,486,960,18,NaN,NaN,68421888,6694256,961,282112,43520,NaN,NaN
2026-04-30 23:16:28.015,57832,ESTAB,prague,228,26.658,4.522,20.03,1448,76,110048,NaN,1368110,1368110,7334,NaN,962,486,960,18,NaN,NaN,68421888,6694256,961,282112,43520,NaN,NaN
2026-04-30 23:16:28.256,57832,ESTAB,prague,228,26.658,4.522,20.03,1448,76,110048,NaN,1368110,1368110,7334,NaN,962,486,960,18,NaN,NaN,68421888,6694256,961,282112,43520,NaN,NaN
2026-04-30 23:16:28.496,57832,ESTAB,prague,228,26.658,4.522,20.03,1448,76,110048,NaN,1368110,1368110,7334,NaN,962,486,960,18,NaN,NaN,68421888,6694256,961,282112,43520,NaN,NaN
2026-04-30 23:16:28.730,57832,ESTAB,prague,228,26.658,4.522,20.03,1448,76,110048,NaN,1368110,1368110,7334,NaN,962,486,960,18,NaN,NaN,68421888,6694256,961,282112,43520,NaN,NaN
2026-04-30 23:16:28.968,57832,ESTAB,prague,228,26.658,4.522,20.03,1448,76,110048,NaN,1368110,1368110,7334,NaN,962,486,960,18,NaN,NaN,68421888,6694256,961,282112,43520,NaN,NaN
2026-04-30 23:16:29.201,57832,ESTAB,prague,228,26.658,4.522,20.03,1448,76,110048,NaN,1368110,1368110,7334,NaN,962,486,960,18,NaN,NaN,68421888,6694256,961,282112,43520,NaN,NaN
2026-04-30 23:16:29.438,57832,ESTAB,prague,228,26.658,4.522,20.03,1448,76,110048,NaN,1368110,1368110,7334,NaN,962,486,960,18,NaN,NaN,68421888,6694256,961,282112,43520,NaN,NaN
2026-04-30 23:16:29.686,57832,ESTAB,prague,228,26.658,4.522,20.03,1448,76,110048,NaN,1368110,1368110,7334,NaN,962,486,960,18,NaN,NaN,68421888,6694256,961,282112,43520,NaN,NaN
2026-04-30 23:16:29.926,57832,ESTAB,prague,228,26.658,4.522,20.03,1448,76,110048,NaN,1368110,1368110,7334,NaN,962,486,960,18,NaN,NaN,68421888,6694256,961,282112,43520,NaN,NaN
2026-04-30 23:16:30.168,57832,ESTAB,prague,228,26.658,4.522,20.03,1448,76,110048,NaN,1368110,1368110,7334,NaN,962,486,960,18,NaN,NaN,68421888,6694256,961,282112,43520,NaN,NaN
2026-04-30 23:16:30.411,57832,ESTAB,prague,228,26.658,4.522,20.03,1448,76,110048,NaN,1368110,1368110,7334,NaN,962,486,960,18,NaN,NaN,68421888,6694256,961,282112,43520,NaN,NaN
2026-04-30 23:16:30.654,57832,ESTAB,prague,228,26.658,4.522,20.03,1448,76,110048,NaN,1368110,1368110,7334,NaN,962,486,960,18,NaN,NaN,68421888,6694256,961,282112,43520,NaN,NaN
2026-04-30 23:16:30.898,57832,ESTAB,prague,228,26.658,4.522,20.03,1448,76,110048,NaN,1368110,1368110,7334,NaN,962,486,960,18,NaN,NaN,68421888,6694256,961,282112,43520,NaN,NaN
2026-04-30 23:16:31.127,57832,ESTAB,prague,228,26.658,4.522,20.03,1448,76,110048,NaN,1368110,1368110,7334,NaN,962,486,960,18,NaN,NaN,68421888,6694256,961,282112,43520,NaN,NaN
2026-04-30 23:16:31.361,57832,ESTAB,prague,228,26.658,4.522,20.03,1448,76,110048,NaN,1368110,1368110,7334,NaN,963,487,960,18,NaN,NaN,68421888,6694256,961,282112,43520,NaN,NaN
2026-04-30 23:16:31.599,57832,ESTAB,prague,228,26.658,4.522,20.03,1448,76,110048,NaN,1368110,1368110,7334,NaN,963,487,960,18,NaN,NaN,68421888,6694256,961,282112,43520,NaN,NaN
2026-04-30 23:16:31.839,57832,ESTAB,prague,228,26.658,4.522,20.03,1448,76,110048,NaN,1368110,1368110,7334,NaN,963,487,960,18,NaN,NaN,68421888,6694256,961,282112,43520,NaN,NaN
2026-04-30 23:16:32.081,57832,ESTAB,prague,228,26.658,4.522,20.03,1448,76,110048,NaN,1368110,1368110,7334,NaN,963,487,960,18,NaN,NaN,68421888,6694256,961,282112,43520,NaN,NaN
2026-04-30 23:16:32.321,57832,ESTAB,prague,228,26.658,4.522,20.03,1448,76,110048,NaN,1368110,1368110,7334,NaN,963,487,960,18,NaN,NaN,68421888,6694256,961,282112,43520,NaN,NaN
2026-04-30 23:16:32.562,57832,ESTAB,prague,228,26.658,4.522,20.03,1448,76,110048,NaN,1368110,1368110,7334,NaN,963,487,960,18,NaN,NaN,68421888,6694256,961,282112,43520,NaN,NaN
2026-04-30 23:16:32.797,57832,ESTAB,prague,228,26.658,4.522,20.03,1448,76,110048,NaN,1368110,1368110,7334,NaN,963,487,960,18,NaN,NaN,68421888,6694256,961,282112,43520,NaN,NaN
2026-04-30 23:16:33.025,57832,ESTAB,prague,228,26.658,4.522,20.03,1448,76,110048,NaN,1368110,1368110,7334,NaN,963,487,960,18,NaN,NaN,68421888,6694256,961,282112,43520,NaN,NaN
2026-04-30 23:16:33.254,57832,ESTAB,prague,228,26.658,4.522,20.03,1448,76,110048,NaN,1368110,1368110,7334,NaN,963,487,960,18,NaN,NaN,68421888,6694256,961,282112,43520,NaN,NaN
2026-04-30 23:16:33.483,57832,ESTAB,prague,228,26.658,4.522,20.03,1448,76,110048,NaN,1368110,1368110,7334,NaN,963,487,960,18,NaN,NaN,68421888,6694256,961,282112,43520,NaN,NaN
2026-04-30 23:16:33.715,57832,ESTAB,prague,228,26.658,4.522,20.03,1448,76,110048,NaN,1368110,1368110,7334,NaN,963,487,960,18,NaN,NaN,68421888,6694256,961,282112,43520,NaN,NaN
2026-04-30 23:16:33.949,57832,ESTAB,prague,228,26.658,4.522,20.03,1448,76,110048,NaN,1368110,1368110,7334,NaN,963,487,960,18,NaN,NaN,68421888,6694256,961,282112,43520,NaN,NaN
2026-04-30 23:16:34.174,57832,ESTAB,prague,228,26.658,4.522,20.03,1448,76,110048,NaN,1368110,1368110,7334,NaN,963,487,960,18,NaN,NaN,68421888,6694256,961,282112,43520,NaN,NaN
2026-04-30 23:16:34.413,57832,ESTAB,prague,228,26.658,4.522,20.03,1448,76,110048,NaN,1368110,1368110,7334,NaN,963,487,960,18,NaN,NaN,68421888,6694256,961,282112,43520,NaN,NaN
2026-04-30 23:16:34.652,57832,ESTAB,prague,228,26.658,4.522,20.03,1448,76,110048,NaN,1368110,1368110,7334,NaN,963,487,960,18,NaN,NaN,68421888,6694256,961,282112,43520,NaN,NaN
2026-04-30 23:16:34.890,57832,ESTAB,prague,228,26.658,4.522,20.03,1448,76,110048,NaN,1368110,1368110,7334,NaN,963,487,960,18,NaN,NaN,68421888,6694256,961,282112,43520,NaN,NaN
2026-04-30 23:16:35.125,57832,ESTAB,prague,228,26.658,4.522,20.03,1448,76,110048,NaN,1368110,1368110,7334,NaN,963,487,960,18,NaN,NaN,68421888,6694256,961,282112,43520,NaN,NaN
2026-04-30 23:16:35.353,57832,ESTAB,prague,228,26.658,4.522,20.03,1448,76,110048,NaN,1368110,1368110,7334,NaN,963,487,960,18,NaN,NaN,68421888,6694256,961,282112,43520,NaN,NaN
2026-04-30 23:16:35.584,57832,ESTAB,prague,228,26.658,4.522,20.03,1448,76,110048,NaN,1368110,1368110,7334,NaN,963,487,960,18,NaN,NaN,68421888,6694256,961,282112,43520,NaN,NaN
2026-04-30 23:16:35.817,57832,ESTAB,prague,228,26.658,4.522,20.03,1448,76,110048,NaN,1368110,1368110,7334,NaN,963,487,960,18,NaN,NaN,68421888,6694256,961,282112,43520,NaN,NaN
2026-04-30 23:16:36.048,57832,ESTAB,prague,228,26.658,4.522,20.03,1448,76,110048,NaN,1368110,1368110,7334,NaN,963,487,960,18,NaN,NaN,68421888,6694256,961,282112,43520,NaN,NaN
2026-04-30 23:16:36.285,57832,ESTAB,prague,228,26.658,4.522,20.03,1448,76,110048,NaN,1368110,1368110,7334,NaN,963,487,960,18,NaN,NaN,68421888,6694256,961,282112,43520,NaN,NaN
2026-04-30 23:16:36.517,57832,ESTAB,prague,228,26.658,4.522,20.03,1448,76,110048,NaN,1368110,1368110,7334,NaN,963,487,960,18,NaN,NaN,68421888,6694256,961,282112,43520,NaN,NaN
2026-04-30 23:16:36.753,57832,ESTAB,prague,228,26.658,4.522,20.03,1448,76,110048,NaN,1368110,1368110,7334,NaN,963,487,960,18,NaN,NaN,68421888,6694256,961,282112,43520,NaN,NaN
2026-04-30 23:16:36.980,57832,ESTAB,prague,228,26.658,4.522,20.03,1448,76,110048,NaN,1368110,1368110,7334,NaN,963,487,960,18,NaN,NaN,68421888,6694256,961,282112,43520,NaN,NaN
2026-04-30 23:16:37.213,57832,ESTAB,prague,228,26.658,4.522,20.03,1448,76,110048,NaN,1368110,1368110,7334,NaN,963,487,960,18,NaN,NaN,68421888,6694256,961,282112,43520,NaN,NaN
2026-04-30 23:16:37.449,57832,ESTAB,prague,228,26.658,4.522,20.03,1448,76,110048,NaN,1368110,1368110,7334,NaN,963,487,960,18,NaN,NaN,68421888,6694256,961,282112,43520,NaN,NaN
2026-04-30 23:16:37.680,57832,ESTAB,prague,228,26.658,4.522,20.03,1448,76,110048,NaN,1368110,1368110,7334,NaN,963,487,960,18,NaN,NaN,68421888,6694256,961,282112,43520,NaN,NaN
2026-04-30 23:16:37.902,57832,ESTAB,prague,228,26.658,4.522,20.03,1448,76,110048,NaN,1368110,1368110,7334,NaN,963,487,960,18,NaN,NaN,68421888,6694256,961,282112,43520,NaN,NaN
2026-04-30 23:16:38.127,57832,ESTAB,prague,228,26.658,4.522,20.03,1448,76,110048,NaN,1368110,1368110,7334,NaN,963,487,960,18,NaN,NaN,68421888,6694256,961,282112,43520,NaN,NaN
2026-04-30 23:16:38.357,57832,ESTAB,prague,228,26.658,4.522,20.03,1448,76,110048,NaN,1368110,1368110,7334,NaN,963,487,960,18,NaN,NaN,68421888,6694256,961,282112,43520,NaN,NaN
2026-04-30 23:16:38.586,57832,ESTAB,prague,228,26.658,4.522,20.03,1448,76,110048,NaN,1368110,1368110,7334,NaN,963,487,960,18,NaN,NaN,68421888,6694256,961,282112,43520,NaN,NaN
2026-04-30 23:16:38.814,57832,ESTAB,prague,228,26.658,4.522,20.03,1448,76,110048,NaN,1368110,1368110,7334,NaN,963,487,960,18,NaN,NaN,68421888,6694256,961,282112,43520,NaN,NaN
2026-04-30 23:16:39.041,57832,ESTAB,prague,228,26.658,4.522,20.03,1448,76,110048,NaN,1368110,1368110,7334,NaN,963,487,960,18,NaN,NaN,68421888,6694256,961,282112,43520,NaN,NaN
2026-04-30 23:16:39.266,57832,ESTAB,prague,228,26.658,4.522,20.03,1448,76,110048,NaN,1368110,1368110,7334,NaN,963,487,960,18,NaN,NaN,68421888,6694256,961,282112,43520,NaN,NaN
2026-04-30 23:16:39.499,57832,ESTAB,prague,228,26.658,4.522,20.03,1448,76,110048,NaN,1368110,1368110,7334,NaN,963,487,960,18,NaN,NaN,68421888,6694256,961,282112,43520,NaN,NaN
2026-04-30 23:16:39.729,57832,ESTAB,prague,228,26.658,4.522,20.03,1448,76,110048,NaN,1368110,1368110,7334,NaN,963,487,960,18,NaN,NaN,68421888,6694256,961,282112,43520,NaN,NaN
2026-04-30 23:16:39.955,57832,ESTAB,prague,228,26.658,4.522,20.03,1448,76,110048,NaN,1368110,1368110,7334,NaN,963,487,960,18,NaN,NaN,68421888,6694256,961,282112,43520,NaN,NaN
2026-04-30 23:16:40.184,57832,ESTAB,prague,228,26.658,4.522,20.03,1448,76,110048,NaN,1368110,1368110,7334,NaN,963,487,960,18,NaN,NaN,68421888,6694256,961,282112,43520,NaN,NaN
2026-04-30 23:16:40.419,57832,ESTAB,prague,228,26.658,4.522,20.03,1448,76,110048,NaN,1368110,1368110,7334,NaN,963,487,960,18,NaN,NaN,68421888,6694256,961,282112,43520,NaN,NaN
2026-04-30 23:16:40.652,57832,ESTAB,prague,228,26.658,4.522,20.03,1448,76,110048,NaN,1368110,1368110,7334,NaN,963,487,960,18,NaN,NaN,68421888,6694256,961,282112,43520,NaN,NaN
2026-04-30 23:16:40.885,57832,ESTAB,prague,228,26.658,4.522,20.03,1448,76,110048,NaN,1368110,1368110,7334,NaN,963,487,960,18,NaN,NaN,68421888,6694256,961,282112,43520,NaN,NaN
2026-04-30 23:16:41.109,57832,ESTAB,prague,228,26.658,4.522,20.03,1448,76,110048,NaN,1368110,1368110,7334,NaN,963,487,960,18,NaN,NaN,68421888,6694256,961,282112,43520,NaN,NaN
2026-04-30 23:16:41.339,57832,ESTAB,prague,228,26.658,4.522,20.03,1448,76,110048,NaN,1368110,1368110,7334,NaN,963,487,960,18,NaN,NaN,68421888,6694256,961,282112,43520,NaN,NaN
2026-04-30 23:16:41.570,57832,ESTAB,prague,228,26.658,4.522,20.03,1448,76,110048,NaN,1368110,1368110,7334,NaN,963,487,960,18,NaN,NaN,68421888,6694256,961,282112,43520,NaN,NaN
2026-04-30 23:16:41.802,57832,ESTAB,prague,228,26.658,4.522,20.03,1448,76,110048,NaN,1368110,1368110,7334,NaN,963,487,960,18,NaN,NaN,68421888,6694256,961,282112,43520,NaN,NaN
2026-04-30 23:16:42.037,57832,ESTAB,prague,228,26.658,4.522,20.03,1448,76,110048,NaN,1368110,1368110,7334,NaN,963,487,960,18,NaN,NaN,68421888,6694256,961,282112,43520,NaN,NaN
2026-04-30 23:16:42.272,57832,ESTAB,prague,228,26.658,4.522,20.03,1448,76,110048,NaN,1368110,1368110,7334,NaN,963,487,960,18,NaN,NaN,68421888,6694256,961,282112,43520,NaN,NaN
2026-04-30 23:16:42.501,57832,ESTAB,prague,228,26.658,4.522,20.03,1448,76,110048,NaN,1368110,1368110,7334,NaN,963,487,960,18,NaN,NaN,68421888,6694256,961,282112,43520,NaN,NaN
2026-04-30 23:16:42.729,57832,ESTAB,prague,228,26.658,4.522,20.03,1448,76,110048,NaN,1368110,1368110,7334,NaN,963,487,960,18,NaN,NaN,68421888,6694256,961,282112,43520,NaN,NaN
2026-04-30 23:16:42.958,57832,ESTAB,prague,228,26.658,4.522,20.03,1448,76,110048,NaN,1368110,1368110,7334,NaN,963,487,960,18,NaN,NaN,68421888,6694256,961,282112,43520,NaN,NaN
2026-04-30 23:16:43.189,57832,ESTAB,prague,228,26.658,4.522,20.03,1448,76,110048,NaN,1368110,1368110,7334,NaN,963,487,960,18,NaN,NaN,68421888,6694256,961,282112,43520,NaN,NaN
2026-04-30 23:16:43.427,57832,ESTAB,prague,228,26.658,4.522,20.03,1448,76,110048,NaN,1368110,1368110,7334,NaN,963,487,960,18,NaN,NaN,68421888,6694256,961,282112,43520,NaN,NaN
2026-04-30 23:16:43.672,57832,ESTAB,prague,228,26.658,4.522,20.03,1448,76,110048,NaN,1368110,1368110,7334,NaN,963,487,960,18,NaN,NaN,68421888,6694256,961,282112,43520,NaN,NaN
2026-04-30 23:16:43.905,57832,ESTAB,prague,228,24.731,4.351,20.03,1448,76,110048,NaN,1370993,1370993,7742,NaN,966,491,963,19,NaN,NaN,73752224,6694256,964,282112,43520,NaN,NaN
2026-04-30 23:16:44.132,57832,ESTAB,prague,228,24.731,4.351,20.03,1448,76,110048,NaN,1370993,1370993,7742,NaN,966,491,963,19,NaN,NaN,73752224,6694256,964,282112,43520,NaN,NaN
2026-04-30 23:16:44.362,57832,ESTAB,prague,228,24.731,4.351,20.03,1448,76,110048,NaN,1370993,1370993,7742,NaN,966,491,963,19,NaN,NaN,73752224,6694256,964,282112,43520,NaN,NaN
2026-04-30 23:16:44.598,57832,ESTAB,prague,228,24.731,4.351,20.03,1448,76,110048,NaN,1370993,1370993,7742,NaN,966,491,963,19,NaN,NaN,73752224,6694256,964,282112,43520,NaN,NaN
2026-04-30 23:16:44.825,57832,ESTAB,prague,228,24.731,4.351,20.03,1448,76,110048,NaN,1370993,1370993,7742,NaN,966,491,963,19,NaN,NaN,73752224,6694256,964,282112,43520,NaN,NaN
2026-04-30 23:16:45.070,57832,ESTAB,prague,228,24.731,4.351,20.03,1448,76,110048,NaN,1370993,1370993,7742,NaN,966,491,963,19,NaN,NaN,73752224,6694256,964,282112,43520,NaN,NaN
2026-04-30 23:16:45.313,57832,ESTAB,prague,228,24.731,4.351,20.03,1448,76,110048,NaN,1370993,1370993,7742,NaN,966,491,963,19,NaN,NaN,73752224,6694256,964,282112,43520,NaN,NaN
2026-04-30 23:16:45.545,57832,ESTAB,prague,228,24.731,4.351,20.03,1448,76,110048,NaN,1370993,1370993,7742,NaN,966,491,963,19,NaN,NaN,73752224,6694256,964,282112,43520,NaN,NaN
2026-04-30 23:16:45.790,57832,ESTAB,prague,224,23.377,3.745,20.03,1448,76,110048,NaN,1373876,1373876,8150,NaN,969,495,966,20,NaN,NaN,78022208,6694256,967,282112,43520,NaN,NaN
2026-04-30 23:16:46.025,57832,ESTAB,prague,224,23.377,3.745,20.03,1448,76,110048,NaN,1373876,1373876,8150,NaN,969,495,966,20,NaN,NaN,78022208,6694256,967,282112,43520,NaN,NaN
2026-04-30 23:16:46.268,57832,ESTAB,prague,224,23.377,3.745,20.03,1448,76,110048,NaN,1373876,1373876,8150,NaN,969,495,966,20,NaN,NaN,78022208,6694256,967,282112,43520,NaN,NaN
2026-04-30 23:16:46.498,57832,ESTAB,prague,224,23.377,3.745,20.03,1448,76,110048,NaN,1373876,1373876,8150,NaN,969,495,966,20,NaN,NaN,78022208,6694256,967,282112,43520,NaN,NaN
2026-04-30 23:16:46.729,57832,ESTAB,prague,224,23.377,3.745,20.03,1448,76,110048,NaN,1373876,1373876,8150,NaN,969,495,966,20,NaN,NaN,78022208,6694256,967,282112,43520,NaN,NaN
2026-04-30 23:16:46.987,57832,ESTAB,prague,224,23.377,3.745,20.03,1448,76,110048,NaN,1373876,1373876,8150,NaN,969,495,966,20,NaN,NaN,78022208,6694256,967,282112,43520,NaN,NaN
2026-04-30 23:16:47.241,57832,ESTAB,prague,224,23.377,3.745,20.03,1448,76,110048,NaN,1373876,1373876,8150,NaN,969,495,966,20,NaN,NaN,78022208,6694256,967,282112,43520,NaN,NaN
2026-04-30 23:16:47.500,57832,ESTAB,prague,224,23.377,3.745,20.03,1448,76,110048,NaN,1373876,1373876,8150,NaN,969,495,966,20,NaN,NaN,78022208,6694256,967,282112,43520,NaN,NaN
2026-04-30 23:16:47.748,57832,ESTAB,prague,224,23.377,3.745,20.03,1448,76,110048,NaN,1376759,1373876,8558,NaN,972,496,969,21,NaN,NaN,78022208,6694256,967,282112,43520,3,NaN
2026-04-30 23:16:47.984,57832,ESTAB,prague,224,22.467,2.86,20.03,1448,76,110048,NaN,1376759,1376759,8558,NaN,972,499,969,21,NaN,NaN,81183808,6694256,970,282112,43520,NaN,NaN
2026-04-30 23:16:48.217,57832,ESTAB,prague,224,22.467,2.86,20.03,1448,76,110048,NaN,1376759,1376759,8558,NaN,972,499,969,21,NaN,NaN,81183808,6694256,970,282112,43520,NaN,NaN
2026-04-30 23:16:48.455,57832,ESTAB,prague,224,22.467,2.86,20.03,1448,76,110048,NaN,1376759,1376759,8558,NaN,972,499,969,21,NaN,NaN,81183808,6694256,970,282112,43520,NaN,NaN
2026-04-30 23:16:48.690,57832,ESTAB,prague,224,22.467,2.86,20.03,1448,76,110048,NaN,1376759,1376759,8558,NaN,972,499,969,21,NaN,NaN,81183808,6694256,970,282112,43520,NaN,NaN
2026-04-30 23:16:48.923,57832,ESTAB,prague,224,22.467,2.86,20.03,1448,76,110048,NaN,1376759,1376759,8558,NaN,972,499,969,21,NaN,NaN,81183808,6694256,970,282112,43520,NaN,NaN
2026-04-30 23:16:49.153,57832,ESTAB,prague,224,22.467,2.86,20.03,1448,76,110048,NaN,1376759,1376759,8558,NaN,972,499,969,21,NaN,NaN,81183808,6694256,970,282112,43520,NaN,NaN
2026-04-30 23:16:49.386,57832,ESTAB,prague,224,22.467,2.86,20.03,1448,76,110048,NaN,1376759,1376759,8558,NaN,972,499,969,21,NaN,NaN,81183808,6694256,970,282112,43520,NaN,NaN
2026-04-30 23:16:49.621,57832,ESTAB,prague,224,22.467,2.86,20.03,1448,76,110048,NaN,1376759,1376759,8558,NaN,972,499,969,21,NaN,NaN,81183808,6694256,970,282112,43520,NaN,NaN
2026-04-30 23:16:49.872,57832,ESTAB,prague,224,22.467,2.86,20.03,1448,76,110048,NaN,1376759,1376759,8558,NaN,972,499,969,21,NaN,NaN,81183808,6694256,970,282112,43520,NaN,NaN
2026-04-30 23:16:50.108,57832,ESTAB,prague,224,22.467,2.86,20.03,1448,76,110048,NaN,1376759,1376759,8558,NaN,972,499,969,21,NaN,NaN,81183808,6694256,970,282112,43520,NaN,NaN
2026-04-30 23:16:50.350,57832,ESTAB,prague,224,22.467,2.86,20.03,1448,76,110048,NaN,1376759,1376759,8558,NaN,972,499,969,21,NaN,NaN,81183808,6694256,970,282112,43520,NaN,NaN
2026-04-30 23:16:50.578,57832,ESTAB,prague,224,22.467,2.86,20.03,1448,76,110048,NaN,1376759,1376759,8558,NaN,972,499,969,21,NaN,NaN,81183808,6694256,970,282112,43520,NaN,NaN
2026-04-30 23:16:50.810,57832,ESTAB,prague,224,22.467,2.86,20.03,1448,76,110048,NaN,1376759,1376759,8558,NaN,972,499,969,21,NaN,NaN,81183808,6694256,970,282112,43520,NaN,NaN
2026-04-30 23:16:51.041,57832,ESTAB,prague,224,22.467,2.86,20.03,1448,76,110048,NaN,1376759,1376759,8558,NaN,972,499,969,21,NaN,NaN,81183808,6694256,970,282112,43520,NaN,NaN
2026-04-30 23:16:51.281,57832,ESTAB,prague,224,22.467,2.86,20.03,1448,76,110048,NaN,1376759,1376759,8558,NaN,972,499,969,21,NaN,NaN,81183808,6694256,970,282112,43520,NaN,NaN
2026-04-30 23:16:51.513,57832,ESTAB,prague,224,22.467,2.86,20.03,1448,76,110048,NaN,1376759,1376759,8558,NaN,972,499,969,21,NaN,NaN,81183808,6694256,970,282112,43520,NaN,NaN
2026-04-30 23:16:51.747,57832,ESTAB,prague,224,22.467,2.86,20.03,1448,76,110048,NaN,1376759,1376759,8558,NaN,972,499,969,21,NaN,NaN,81183808,6694256,970,282112,43520,NaN,NaN
2026-04-30 23:16:51.981,57832,ESTAB,prague,224,22.467,2.86,20.03,1448,76,110048,NaN,1376759,1376759,8558,NaN,972,499,969,21,NaN,NaN,81183808,6694256,970,282112,43520,NaN,NaN
2026-04-30 23:16:52.240,57832,ESTAB,prague,224,22.467,2.86,20.03,1448,76,110048,NaN,1376759,1376759,8558,NaN,972,499,969,21,NaN,NaN,81183808,6694256,970,282112,43520,NaN,NaN
2026-04-30 23:16:52.501,57832,ESTAB,prague,224,22.467,2.86,20.03,1448,76,110048,NaN,1376759,1376759,8558,NaN,972,499,969,21,NaN,NaN,81183808,6694256,970,282112,43520,NaN,NaN
2026-04-30 23:16:52.740,57832,ESTAB,prague,224,22.467,2.86,20.03,1448,76,110048,NaN,1376759,1376759,8558,NaN,972,499,969,21,NaN,NaN,81183808,6694256,970,282112,43520,NaN,NaN
2026-04-30 23:16:52.986,57832,ESTAB,prague,224,22.467,2.86,20.03,1448,76,110048,NaN,1376759,1376759,8558,NaN,972,499,969,21,NaN,NaN,81183808,6694256,970,282112,43520,NaN,NaN
2026-04-30 23:16:53.223,57832,ESTAB,prague,224,22.467,2.86,20.03,1448,76,110048,NaN,1376759,1376759,8558,NaN,972,499,969,21,NaN,NaN,81183808,6694256,970,282112,43520,NaN,NaN
2026-04-30 23:16:53.461,57832,ESTAB,prague,224,22.467,2.86,20.03,1448,76,110048,NaN,1376759,1376759,8558,NaN,972,499,969,21,NaN,NaN,81183808,6694256,970,282112,43520,NaN,NaN
2026-04-30 23:16:53.706,57832,ESTAB,prague,224,22.467,2.86,20.03,1448,76,110048,NaN,1376759,1376759,8558,NaN,972,499,969,21,NaN,NaN,81183808,6694256,970,282112,43520,NaN,NaN
2026-04-30 23:16:53.950,57832,ESTAB,prague,224,22.467,2.86,20.03,1448,76,110048,NaN,1376759,1376759,8558,NaN,972,499,969,21,NaN,NaN,81183808,6694256,970,282112,43520,NaN,NaN
2026-04-30 23:16:54.186,57832,ESTAB,prague,224,22.467,2.86,20.03,1448,76,110048,NaN,1376759,1376759,8558,NaN,972,499,969,21,NaN,NaN,81183808,6694256,970,282112,43520,NaN,NaN
2026-04-30 23:16:54.451,57832,ESTAB,prague,224,22.467,2.86,20.03,1448,76,110048,NaN,1376759,1376759,8558,NaN,972,499,969,21,NaN,NaN,81183808,6694256,970,282112,43520,NaN,NaN
2026-04-30 23:16:54.694,57832,ESTAB,prague,224,22.467,2.86,20.03,1448,76,110048,NaN,1376759,1376759,8558,NaN,972,499,969,21,NaN,NaN,81183808,6694256,970,282112,43520,NaN,NaN
2026-04-30 23:16:54.952,57832,ESTAB,prague,224,22.467,2.86,20.03,1448,76,110048,NaN,1376759,1376759,8558,NaN,972,499,969,21,NaN,NaN,81183808,6694256,970,282112,43520,NaN,NaN
2026-04-30 23:16:55.203,57832,ESTAB,prague,224,22.467,2.86,20.03,1448,76,110048,NaN,1376759,1376759,8558,NaN,972,499,969,21,NaN,NaN,81183808,6694256,970,282112,43520,NaN,NaN
2026-04-30 23:16:55.460,57832,ESTAB,prague,224,22.467,2.86,20.03,1448,76,110048,NaN,1376759,1376759,8558,NaN,972,499,969,21,NaN,NaN,81183808,6694256,970,282112,43520,NaN,NaN
2026-04-30 23:16:55.721,57832,ESTAB,prague,224,22.467,2.86,20.03,1448,76,110048,NaN,1376759,1376759,8558,NaN,972,499,969,21,NaN,NaN,81183808,6694256,970,282112,43520,NaN,NaN
2026-04-30 23:16:55.971,57832,ESTAB,prague,224,22.467,2.86,20.03,1448,76,110048,NaN,1376759,1376759,8558,NaN,972,499,969,21,NaN,NaN,81183808,6694256,970,282112,43520,NaN,NaN
2026-04-30 23:16:56.214,57832,ESTAB,prague,224,22.467,2.86,20.03,1448,76,110048,NaN,1376759,1376759,8558,NaN,972,499,969,21,NaN,NaN,81183808,6694256,970,282112,43520,NaN,NaN
2026-04-30 23:16:56.470,57832,ESTAB,prague,224,22.467,2.86,20.03,1448,76,110048,NaN,1376759,1376759,8558,NaN,972,499,969,21,NaN,NaN,81183808,6694256,970,282112,43520,NaN,NaN
2026-04-30 23:16:56.720,57832,ESTAB,prague,224,22.467,2.86,20.03,1448,76,110048,NaN,1376759,1376759,8558,NaN,972,499,969,21,NaN,NaN,81183808,6694256,970,282112,43520,NaN,NaN
2026-04-30 23:16:56.967,57832,ESTAB,prague,224,22.467,2.86,20.03,1448,76,110048,NaN,1376759,1376759,8558,NaN,972,499,969,21,NaN,NaN,81183808,6694256,970,282112,43520,NaN,NaN
2026-04-30 23:16:57.211,57832,ESTAB,prague,224,22.467,2.86,20.03,1448,76,110048,NaN,1376759,1376759,8558,NaN,972,499,969,21,NaN,NaN,81183808,6694256,970,282112,43520,NaN,NaN
2026-04-30 23:16:57.460,57832,ESTAB,prague,224,22.467,2.86,20.03,1448,76,110048,NaN,1376759,1376759,8558,NaN,972,499,969,21,NaN,NaN,81183808,6694256,970,282112,43520,NaN,NaN
2026-04-30 23:16:57.703,57832,ESTAB,prague,224,22.467,2.86,20.03,1448,76,110048,NaN,1376759,1376759,8558,NaN,972,499,969,21,NaN,NaN,81183808,6694256,970,282112,43520,NaN,NaN
2026-04-30 23:16:57.952,57832,ESTAB,prague,224,22.467,2.86,20.03,1448,76,110048,NaN,1376759,1376759,8558,NaN,972,499,969,21,NaN,NaN,81183808,6694256,970,282112,43520,NaN,NaN
2026-04-30 23:16:58.182,57832,ESTAB,prague,224,22.467,2.86,20.03,1448,76,110048,NaN,1376759,1376759,8558,NaN,972,499,969,21,NaN,NaN,81183808,6694256,970,282112,43520,NaN,NaN
2026-04-30 23:16:58.420,57832,ESTAB,prague,224,22.467,2.86,20.03,1448,76,110048,NaN,1376759,1376759,8558,NaN,972,499,969,21,NaN,NaN,81183808,6694256,970,282112,43520,NaN,NaN
2026-04-30 23:16:58.672,57832,ESTAB,prague,224,22.467,2.86,20.03,1448,76,110048,NaN,1376759,1376759,8558,NaN,972,499,969,21,NaN,NaN,81183808,6694256,970,282112,43520,NaN,NaN
2026-04-30 23:16:58.918,57832,ESTAB,prague,224,22.467,2.86,20.03,1448,76,110048,NaN,1376759,1376759,8558,NaN,972,499,969,21,NaN,NaN,81183808,6694256,970,282112,43520,NaN,NaN
2026-04-30 23:16:59.160,57832,ESTAB,prague,224,22.467,2.86,20.03,1448,76,110048,NaN,1376759,1376759,8558,NaN,972,499,969,21,NaN,NaN,81183808,6694256,970,282112,43520,NaN,NaN
2026-04-30 23:16:59.405,57832,ESTAB,prague,224,22.467,2.86,20.03,1448,76,110048,NaN,1376759,1376759,8558,NaN,972,499,969,21,NaN,NaN,81183808,6694256,970,282112,43520,NaN,NaN
2026-04-30 23:16:59.652,57832,ESTAB,prague,224,22.467,2.86,20.03,1448,76,110048,NaN,1376759,1376759,8558,NaN,972,499,969,21,NaN,NaN,81183808,6694256,970,282112,43520,NaN,NaN
2026-04-30 23:16:59.899,57832,ESTAB,prague,224,22.467,2.86,20.03,1448,76,110048,NaN,1376759,1376759,8558,NaN,972,499,969,21,NaN,NaN,81183808,6694256,970,282112,43520,NaN,NaN
2026-04-30 23:17:00.141,57832,ESTAB,prague,224,22.467,2.86,20.03,1448,76,110048,NaN,1376759,1376759,8558,NaN,972,499,969,21,NaN,NaN,81183808,6694256,970,282112,43520,NaN,NaN
2026-04-30 23:17:00.405,57832,ESTAB,prague,224,22.467,2.86,20.03,1448,76,110048,NaN,1376759,1376759,8558,NaN,972,499,969,21,NaN,NaN,81183808,6694256,970,282112,43520,NaN,NaN
2026-04-30 23:17:00.666,57832,ESTAB,prague,224,22.467,2.86,20.03,1448,76,110048,NaN,1376759,1376759,8558,NaN,972,499,969,21,NaN,NaN,81183808,6694256,970,282112,43520,NaN,NaN
2026-04-30 23:17:00.924,57832,ESTAB,prague,224,22.467,2.86,20.03,1448,76,110048,NaN,1376759,1376759,8558,NaN,972,499,969,21,NaN,NaN,81183808,6694256,970,282112,43520,NaN,NaN
2026-04-30 23:17:01.170,57832,ESTAB,prague,224,22.467,2.86,20.03,1448,76,110048,NaN,1376759,1376759,8558,NaN,972,499,969,21,NaN,NaN,81183808,6694256,970,282112,43520,NaN,NaN
2026-04-30 23:17:01.411,57832,ESTAB,prague,224,22.467,2.86,20.03,1448,76,110048,NaN,1376759,1376759,8558,NaN,972,499,969,21,NaN,NaN,81183808,6694256,970,282112,43520,NaN,NaN
2026-04-30 23:17:01.645,57832,ESTAB,prague,224,22.467,2.86,20.03,1448,76,110048,NaN,1376759,1376759,8558,NaN,972,499,969,21,NaN,NaN,81183808,6694256,970,282112,43520,NaN,NaN
2026-04-30 23:17:01.894,57832,ESTAB,prague,224,22.467,2.86,20.03,1448,76,110048,NaN,1376759,1376759,8558,NaN,972,499,969,21,NaN,NaN,81183808,6694256,970,282112,43520,NaN,NaN
2026-04-30 23:17:02.129,57832,ESTAB,prague,224,22.467,2.86,20.03,1448,76,110048,NaN,1376759,1376759,8558,NaN,972,499,969,21,NaN,NaN,81183808,6694256,970,282112,43520,NaN,NaN
2026-04-30 23:17:02.379,57832,ESTAB,prague,224,22.467,2.86,20.03,1448,76,110048,NaN,1376759,1376759,8558,NaN,972,499,969,21,NaN,NaN,81183808,6694256,970,282112,43520,NaN,NaN
2026-04-30 23:17:02.617,57832,ESTAB,prague,224,22.467,2.86,20.03,1448,76,110048,NaN,1376759,1376759,8558,NaN,972,499,969,21,NaN,NaN,81183808,6694256,970,282112,43520,NaN,NaN
2026-04-30 23:17:02.872,57832,ESTAB,prague,224,22.467,2.86,20.03,1448,76,110048,NaN,1376759,1376759,8558,NaN,973,500,969,21,NaN,NaN,81183808,6694256,970,282112,43520,NaN,NaN
2026-04-30 23:17:03.133,57832,ESTAB,prague,224,22.467,2.86,20.03,1448,76,110048,NaN,1376759,1376759,8558,NaN,973,500,969,21,NaN,NaN,81183808,6694256,970,282112,43520,NaN,NaN
2026-04-30 23:17:03.375,57832,ESTAB,prague,224,22.467,2.86,20.03,1448,76,110048,NaN,1376759,1376759,8558,NaN,973,500,969,21,NaN,NaN,81183808,6694256,970,282112,43520,NaN,NaN
2026-04-30 23:17:03.622,57832,ESTAB,prague,224,22.467,2.86,20.03,1448,76,110048,NaN,1376759,1376759,8558,NaN,973,500,969,21,NaN,NaN,81183808,6694256,970,282112,43520,NaN,NaN
2026-04-30 23:17:03.877,57832,ESTAB,prague,224,22.467,2.86,20.03,1448,76,110048,NaN,1376759,1376759,8558,NaN,973,500,969,21,NaN,NaN,81183808,6694256,970,282112,43520,NaN,NaN
2026-04-30 23:17:04.121,57832,ESTAB,prague,224,22.467,2.86,20.03,1448,76,110048,NaN,1376759,1376759,8558,NaN,973,500,969,21,NaN,NaN,81183808,6694256,970,282112,43520,NaN,NaN
2026-04-30 23:17:04.377,57832,ESTAB,prague,224,22.467,2.86,20.03,1448,76,110048,NaN,1376759,1376759,8558,NaN,973,500,969,21,NaN,NaN,81183808,6694256,970,282112,43520,NaN,NaN
2026-04-30 23:17:04.631,57832,ESTAB,prague,224,22.467,2.86,20.03,1448,76,110048,NaN,1376759,1376759,8558,NaN,973,500,969,21,NaN,NaN,81183808,6694256,970,282112,43520,NaN,NaN
2026-04-30 23:17:04.905,57832,ESTAB,prague,224,22.467,2.86,20.03,1448,76,110048,NaN,1376759,1376759,8558,NaN,973,500,969,21,NaN,NaN,81183808,6694256,970,282112,43520,NaN,NaN
2026-04-30 23:17:05.170,57832,ESTAB,prague,224,22.467,2.86,20.03,1448,76,110048,NaN,1376759,1376759,8558,NaN,973,500,969,21,NaN,NaN,81183808,6694256,970,282112,43520,NaN,NaN
2026-04-30 23:17:05.427,57832,ESTAB,prague,224,22.467,2.86,20.03,1448,76,110048,NaN,1376759,1376759,8558,NaN,973,500,969,21,NaN,NaN,81183808,6694256,970,282112,43520,NaN,NaN
2026-04-30 23:17:05.684,57832,ESTAB,prague,224,22.467,2.86,20.03,1448,76,110048,NaN,1376759,1376759,8558,NaN,973,500,969,21,NaN,NaN,81183808,6694256,970,282112,43520,NaN,NaN
2026-04-30 23:17:05.932,57832,ESTAB,prague,224,22.467,2.86,20.03,1448,76,110048,NaN,1376759,1376759,8558,NaN,973,500,969,21,NaN,NaN,81183808,6694256,970,282112,43520,NaN,NaN
2026-04-30 23:17:06.181,57832,ESTAB,prague,224,22.467,2.86,20.03,1448,76,110048,NaN,1376759,1376759,8558,NaN,973,500,969,21,NaN,NaN,81183808,6694256,970,282112,43520,NaN,NaN
2026-04-30 23:17:06.450,57832,ESTAB,prague,224,22.467,2.86,20.03,1448,76,110048,NaN,1376759,1376759,8558,NaN,973,500,969,21,NaN,NaN,81183808,6694256,970,282112,43520,NaN,NaN
2026-04-30 23:17:06.706,57832,ESTAB,prague,224,22.467,2.86,20.03,1448,76,110048,NaN,1376759,1376759,8558,NaN,973,500,969,21,NaN,NaN,81183808,6694256,970,282112,43520,NaN,NaN
2026-04-30 23:17:06.956,57832,ESTAB,prague,224,22.467,2.86,20.03,1448,76,110048,NaN,1376759,1376759,8558,NaN,973,500,969,21,NaN,NaN,81183808,6694256,970,282112,43520,NaN,NaN
2026-04-30 23:17:07.196,57832,ESTAB,prague,224,22.467,2.86,20.03,1448,76,110048,NaN,1376759,1376759,8558,NaN,973,500,969,21,NaN,NaN,81183808,6694256,970,282112,43520,NaN,NaN
2026-04-30 23:17:07.447,57832,ESTAB,prague,224,22.467,2.86,20.03,1448,76,110048,NaN,1376759,1376759,8558,NaN,973,500,969,21,NaN,NaN,81183808,6694256,970,282112,43520,NaN,NaN
2026-04-30 23:17:07.715,57832,ESTAB,prague,224,22.467,2.86,20.03,1448,76,110048,NaN,1376759,1376759,8558,NaN,973,500,969,21,NaN,NaN,81183808,6694256,970,282112,43520,NaN,NaN
2026-04-30 23:17:07.985,57832,ESTAB,prague,224,22.467,2.86,20.03,1448,76,110048,NaN,1376759,1376759,8558,NaN,973,500,969,21,NaN,NaN,81183808,6694256,970,282112,43520,NaN,NaN
2026-04-30 23:17:08.247,57832,ESTAB,prague,224,22.467,2.86,20.03,1448,76,110048,NaN,1376759,1376759,8558,NaN,973,500,969,21,NaN,NaN,81183808,6694256,970,282112,43520,NaN,NaN
2026-04-30 23:17:08.503,57832,ESTAB,prague,224,22.467,2.86,20.03,1448,76,110048,NaN,1376759,1376759,8558,NaN,973,500,969,21,NaN,NaN,81183808,6694256,970,282112,43520,NaN,NaN
2026-04-30 23:17:08.765,57832,ESTAB,prague,224,22.467,2.86,20.03,1448,76,110048,NaN,1376759,1376759,8558,NaN,973,500,969,21,NaN,NaN,81183808,6694256,970,282112,43520,NaN,NaN
2026-04-30 23:17:09.035,57832,ESTAB,prague,224,22.467,2.86,20.03,1448,76,110048,NaN,1376759,1376759,8558,NaN,973,500,969,21,NaN,NaN,81183808,6694256,970,282112,43520,NaN,NaN
2026-04-30 23:17:09.282,57832,ESTAB,prague,224,22.467,2.86,20.03,1448,76,110048,NaN,1376759,1376759,8558,NaN,973,500,969,21,NaN,NaN,81183808,6694256,970,282112,43520,NaN,NaN
2026-04-30 23:17:09.523,57832,ESTAB,prague,224,22.467,2.86,20.03,1448,76,110048,NaN,1376759,1376759,8558,NaN,973,500,969,21,NaN,NaN,81183808,6694256,970,282112,43520,NaN,NaN
2026-04-30 23:17:09.760,57832,ESTAB,prague,224,22.467,2.86,20.03,1448,76,110048,NaN,1376759,1376759,8558,NaN,973,500,969,21,NaN,NaN,81183808,6694256,970,282112,43520,NaN,NaN
2026-04-30 23:17:10.008,57832,ESTAB,prague,224,22.467,2.86,20.03,1448,76,110048,NaN,1376759,1376759,8558,NaN,973,500,969,21,NaN,NaN,81183808,6694256,970,282112,43520,NaN,NaN
2026-04-30 23:17:10.249,57832,ESTAB,prague,224,22.467,2.86,20.03,1448,76,110048,NaN,1376759,1376759,8558,NaN,973,500,969,21,NaN,NaN,81183808,6694256,970,282112,43520,NaN,NaN
2026-04-30 23:17:10.496,57832,ESTAB,prague,224,22.467,2.86,20.03,1448,76,110048,NaN,1376759,1376759,8558,NaN,973,500,969,21,NaN,NaN,81183808,6694256,970,282112,43520,NaN,NaN
2026-04-30 23:17:10.753,57832,ESTAB,prague,224,22.467,2.86,20.03,1448,76,110048,NaN,1376759,1376759,8558,NaN,973,500,969,21,NaN,NaN,81183808,6694256,970,282112,43520,NaN,NaN
2026-04-30 23:17:11.006,57832,ESTAB,prague,224,22.467,2.86,20.03,1448,76,110048,NaN,1376759,1376759,8558,NaN,973,500,969,21,NaN,NaN,81183808,6694256,970,282112,43520,NaN,NaN
2026-04-30 23:17:11.239,57832,ESTAB,prague,224,22.467,2.86,20.03,1448,76,110048,NaN,1376759,1376759,8558,NaN,973,500,969,21,NaN,NaN,81183808,6694256,970,282112,43520,NaN,NaN
2026-04-30 23:17:11.481,57832,ESTAB,prague,224,22.467,2.86,20.03,1448,76,110048,NaN,1376759,1376759,8558,NaN,973,500,969,21,NaN,NaN,81183808,6694256,970,282112,43520,NaN,NaN
2026-04-30 23:17:11.731,57832,ESTAB,prague,224,22.467,2.86,20.03,1448,76,110048,NaN,1376759,1376759,8558,NaN,973,500,969,21,NaN,NaN,81183808,6694256,970,282112,43520,NaN,NaN
2026-04-30 23:17:11.976,57832,ESTAB,prague,224,22.467,2.86,20.03,1448,76,110048,NaN,1376759,1376759,8558,NaN,973,500,969,21,NaN,NaN,81183808,6694256,970,282112,43520,NaN,NaN
2026-04-30 23:17:12.224,57832,ESTAB,prague,224,22.467,2.86,20.03,1448,76,110048,NaN,1376759,1376759,8558,NaN,973,500,969,21,NaN,NaN,81183808,6694256,970,282112,43520,NaN,NaN
2026-04-30 23:17:12.494,57832,ESTAB,prague,224,22.467,2.86,20.03,1448,76,110048,NaN,1376759,1376759,8558,NaN,973,500,969,21,NaN,NaN,81183808,6694256,970,282112,43520,NaN,NaN
2026-04-30 23:17:12.754,57832,ESTAB,prague,224,22.467,2.86,20.03,1448,76,110048,NaN,1376759,1376759,8558,NaN,973,500,969,21,NaN,NaN,81183808,6694256,970,282112,43520,NaN,NaN
2026-04-30 23:17:12.991,57832,ESTAB,prague,224,22.467,2.86,20.03,1448,76,110048,NaN,1376759,1376759,8558,NaN,973,500,969,21,NaN,NaN,81183808,6694256,970,282112,43520,NaN,NaN
2026-04-30 23:17:13.231,57832,ESTAB,prague,224,22.467,2.86,20.03,1448,76,110048,NaN,1376759,1376759,8558,NaN,973,500,969,21,NaN,NaN,81183808,6694256,970,282112,43520,NaN,NaN
2026-04-30 23:17:13.475,57832,ESTAB,prague,224,22.467,2.86,20.03,1448,76,110048,NaN,1376759,1376759,8558,NaN,973,500,969,21,NaN,NaN,81183808,6694256,970,282112,43520,NaN,NaN
2026-04-30 23:17:13.728,57832,ESTAB,prague,224,22.467,2.86,20.03,1448,76,110048,NaN,1376759,1376759,8558,NaN,973,500,969,21,NaN,NaN,81183808,6694256,970,282112,43520,NaN,NaN
2026-04-30 23:17:13.977,57832,ESTAB,prague,224,22.467,2.86,20.03,1448,76,110048,NaN,1376759,1376759,8558,NaN,973,500,969,21,NaN,NaN,81183808,6694256,970,282112,43520,NaN,NaN
2026-04-30 23:17:14.250,57832,ESTAB,prague,224,22.467,2.86,20.03,1448,76,110048,NaN,1376759,1376759,8558,NaN,973,500,969,21,NaN,NaN,81183808,6694256,970,282112,43520,NaN,NaN
2026-04-30 23:17:14.494,57832,ESTAB,prague,224,22.467,2.86,20.03,1448,76,110048,NaN,1376759,1376759,8558,NaN,973,500,969,21,NaN,NaN,81183808,6694256,970,282112,43520,NaN,NaN
2026-04-30 23:17:14.759,57832,ESTAB,prague,224,22.467,2.86,20.03,1448,76,110048,NaN,1376759,1376759,8558,NaN,973,500,969,21,NaN,NaN,81183808,6694256,970,282112,43520,NaN,NaN
2026-04-30 23:17:15.022,57832,ESTAB,prague,224,22.467,2.86,20.03,1448,76,110048,NaN,1376759,1376759,8558,NaN,973,500,969,21,NaN,NaN,81183808,6694256,970,282112,43520,NaN,NaN
2026-04-30 23:17:15.271,57832,ESTAB,prague,224,22.467,2.86,20.03,1448,76,110048,NaN,1376759,1376759,8558,NaN,973,500,969,21,NaN,NaN,81183808,6694256,970,282112,43520,NaN,NaN
2026-04-30 23:17:15.512,57832,ESTAB,prague,224,22.467,2.86,20.03,1448,76,110048,NaN,1376759,1376759,8558,NaN,973,500,969,21,NaN,NaN,81183808,6694256,970,282112,43520,NaN,NaN
2026-04-30 23:17:15.780,57832,ESTAB,prague,224,22.467,2.86,20.03,1448,76,110048,NaN,1376759,1376759,8558,NaN,973,500,969,21,NaN,NaN,81183808,6694256,970,282112,43520,NaN,NaN
2026-04-30 23:17:16.051,57832,ESTAB,prague,224,22.467,2.86,20.03,1448,76,110048,NaN,1376759,1376759,8558,NaN,973,500,969,21,NaN,NaN,81183808,6694256,970,282112,43520,NaN,NaN
2026-04-30 23:17:16.316,57832,ESTAB,prague,224,22.467,2.86,20.03,1448,76,110048,NaN,1376759,1376759,8558,NaN,973,500,969,21,NaN,NaN,81183808,6694256,970,282112,43520,NaN,NaN
2026-04-30 23:17:16.569,57832,ESTAB,prague,224,22.467,2.86,20.03,1448,76,110048,NaN,1376759,1376759,8558,NaN,973,500,969,21,NaN,NaN,81183808,6694256,970,282112,43520,NaN,NaN
2026-04-30 23:17:16.811,57832,ESTAB,prague,224,22.467,2.86,20.03,1448,76,110048,NaN,1376759,1376759,8558,NaN,973,500,969,21,NaN,NaN,81183808,6694256,970,282112,43520,NaN,NaN
2026-04-30 23:17:17.063,57832,ESTAB,prague,224,22.467,2.86,20.03,1448,76,110048,NaN,1376759,1376759,8558,NaN,973,500,969,21,NaN,NaN,81183808,6694256,970,282112,43520,NaN,NaN
2026-04-30 23:17:17.315,57832,ESTAB,prague,224,22.467,2.86,20.03,1448,76,110048,NaN,1376759,1376759,8558,NaN,973,500,969,21,NaN,NaN,81183808,6694256,970,282112,43520,NaN,NaN
2026-04-30 23:17:17.562,57832,ESTAB,prague,224,22.467,2.86,20.03,1448,76,110048,NaN,1376759,1376759,8558,NaN,973,500,969,21,NaN,NaN,81183808,6694256,970,282112,43520,NaN,NaN
2026-04-30 23:17:17.813,57832,ESTAB,prague,224,22.467,2.86,20.03,1448,76,110048,NaN,1376759,1376759,8558,NaN,973,500,969,21,NaN,NaN,81183808,6694256,970,282112,43520,NaN,NaN
2026-04-30 23:17:18.086,57832,ESTAB,prague,224,22.467,2.86,20.03,1448,76,110048,NaN,1376759,1376759,8558,NaN,974,501,969,21,NaN,NaN,81183808,6694256,970,282112,43520,NaN,NaN
2026-04-30 23:17:18.344,57832,ESTAB,prague,224,22.467,2.86,20.03,1448,76,110048,NaN,1376759,1376759,8558,NaN,974,501,969,21,NaN,NaN,81183808,6694256,970,282112,43520,NaN,NaN
2026-04-30 23:17:18.587,57832,ESTAB,prague,224,22.467,2.86,20.03,1448,76,110048,NaN,1376759,1376759,8558,NaN,974,501,969,21,NaN,NaN,81183808,6694256,970,282112,43520,NaN,NaN
2026-04-30 23:17:18.830,57832,ESTAB,prague,224,22.467,2.86,20.03,1448,76,110048,NaN,1376759,1376759,8558,NaN,974,501,969,21,NaN,NaN,81183808,6694256,970,282112,43520,NaN,NaN
2026-04-30 23:17:19.072,57832,ESTAB,prague,224,22.467,2.86,20.03,1448,76,110048,NaN,1376759,1376759,8558,NaN,974,501,969,21,NaN,NaN,81183808,6694256,970,282112,43520,NaN,NaN
2026-04-30 23:17:19.319,57832,ESTAB,prague,224,22.467,2.86,20.03,1448,76,110048,NaN,1376759,1376759,8558,NaN,974,501,969,21,NaN,NaN,81183808,6694256,970,282112,43520,NaN,NaN
2026-04-30 23:17:19.560,57832,ESTAB,prague,224,22.467,2.86,20.03,1448,76,110048,NaN,1376759,1376759,8558,NaN,974,501,969,21,NaN,NaN,81183808,6694256,970,282112,43520,NaN,NaN
2026-04-30 23:17:19.815,57832,ESTAB,prague,224,22.467,2.86,20.03,1448,76,110048,NaN,1376759,1376759,8558,NaN,974,501,969,21,NaN,NaN,81183808,6694256,970,282112,43520,NaN,NaN
2026-04-30 23:17:20.075,57832,ESTAB,prague,224,22.467,2.86,20.03,1448,76,110048,NaN,1376759,1376759,8558,NaN,974,501,969,21,NaN,NaN,81183808,6694256,970,282112,43520,NaN,NaN
2026-04-30 23:17:20.333,57832,ESTAB,prague,224,22.467,2.86,20.03,1448,76,110048,NaN,1376759,1376759,8558,NaN,974,501,969,21,NaN,NaN,81183808,6694256,970,282112,43520,NaN,NaN
2026-04-30 23:17:20.571,57832,ESTAB,prague,224,22.467,2.86,20.03,1448,76,110048,NaN,1376759,1376759,8558,NaN,974,501,969,21,NaN,NaN,81183808,6694256,970,282112,43520,NaN,NaN
2026-04-30 23:17:20.822,57832,ESTAB,prague,224,22.467,2.86,20.03,1448,76,110048,NaN,1376759,1376759,8558,NaN,974,501,969,21,NaN,NaN,81183808,6694256,970,282112,43520,NaN,NaN
2026-04-30 23:17:21.076,57832,ESTAB,prague,224,22.467,2.86,20.03,1448,76,110048,NaN,1376759,1376759,8558,NaN,974,501,969,21,NaN,NaN,81183808,6694256,970,282112,43520,NaN,NaN
2026-04-30 23:17:21.325,57832,ESTAB,prague,224,22.467,2.86,20.03,1448,76,110048,NaN,1376759,1376759,8558,NaN,974,501,969,21,NaN,NaN,81183808,6694256,970,282112,43520,NaN,NaN
2026-04-30 23:17:21.571,57832,ESTAB,prague,224,22.467,2.86,20.03,1448,76,110048,NaN,1376759,1376759,8558,NaN,974,501,969,21,NaN,NaN,81183808,6694256,970,282112,43520,NaN,NaN
2026-04-30 23:17:21.842,57832,ESTAB,prague,224,22.467,2.86,20.03,1448,76,110048,NaN,1376759,1376759,8558,NaN,974,501,969,21,NaN,NaN,81183808,6694256,970,282112,43520,NaN,NaN
2026-04-30 23:17:22.080,57832,ESTAB,prague,224,22.467,2.86,20.03,1448,76,110048,NaN,1376759,1376759,8558,NaN,974,501,969,21,NaN,NaN,81183808,6694256,970,282112,43520,NaN,NaN
2026-04-30 23:17:22.324,57832,ESTAB,prague,224,22.467,2.86,20.03,1448,76,110048,NaN,1376759,1376759,8558,NaN,974,501,969,21,NaN,NaN,81183808,6694256,970,282112,43520,NaN,NaN
2026-04-30 23:17:22.570,57832,ESTAB,prague,224,22.467,2.86,20.03,1448,76,110048,NaN,1376759,1376759,8558,NaN,974,501,969,21,NaN,NaN,81183808,6694256,970,282112,43520,NaN,NaN
2026-04-30 23:17:22.808,57832,ESTAB,prague,224,22.467,2.86,20.03,1448,76,110048,NaN,1376759,1376759,8558,NaN,974,501,969,21,NaN,NaN,81183808,6694256,970,282112,43520,NaN,NaN
2026-04-30 23:17:23.054,57832,ESTAB,prague,224,22.467,2.86,20.03,1448,76,110048,NaN,1376759,1376759,8558,NaN,974,501,969,21,NaN,NaN,81183808,6694256,970,282112,43520,NaN,NaN
2026-04-30 23:17:23.306,57832,ESTAB,prague,224,22.467,2.86,20.03,1448,76,110048,NaN,1376759,1376759,8558,NaN,974,501,969,21,NaN,NaN,81183808,6694256,970,282112,43520,NaN,NaN
2026-04-30 23:17:23.552,57832,ESTAB,prague,224,22.467,2.86,20.03,1448,76,110048,NaN,1376759,1376759,8558,NaN,974,501,969,21,NaN,NaN,81183808,6694256,970,282112,43520,NaN,NaN
2026-04-30 23:17:23.809,57832,ESTAB,prague,224,22.467,2.86,20.03,1448,76,110048,NaN,1376759,1376759,8558,NaN,974,501,969,21,NaN,NaN,81183808,6694256,970,282112,43520,NaN,NaN
2026-04-30 23:17:24.068,57832,ESTAB,prague,224,22.467,2.86,20.03,1448,76,110048,NaN,1376759,1376759,8558,NaN,974,501,969,21,NaN,NaN,81183808,6694256,970,282112,43520,NaN,NaN
2026-04-30 23:17:24.323,57832,ESTAB,prague,224,22.467,2.86,20.03,1448,76,110048,NaN,1376759,1376759,8558,NaN,974,501,969,21,NaN,NaN,81183808,6694256,970,282112,43520,NaN,NaN
2026-04-30 23:17:24.558,57832,ESTAB,prague,224,22.467,2.86,20.03,1448,76,110048,NaN,1376759,1376759,8558,NaN,974,501,969,21,NaN,NaN,81183808,6694256,970,282112,43520,NaN,NaN
2026-04-30 23:17:24.806,57832,ESTAB,prague,224,22.467,2.86,20.03,1448,76,110048,NaN,1376759,1376759,8558,NaN,974,501,969,21,NaN,NaN,81183808,6694256,970,282112,43520,NaN,NaN
2026-04-30 23:17:25.048,57832,ESTAB,prague,224,22.467,2.86,20.03,1448,76,110048,NaN,1376759,1376759,8558,NaN,974,501,969,21,NaN,NaN,81183808,6694256,970,282112,43520,NaN,NaN
2026-04-30 23:17:25.301,57832,ESTAB,prague,224,22.467,2.86,20.03,1448,76,110048,NaN,1376759,1376759,8558,NaN,974,501,969,21,NaN,NaN,81183808,6694256,970,282112,43520,NaN,NaN
2026-04-30 23:17:25.549,57832,ESTAB,prague,224,22.467,2.86,20.03,1448,76,110048,NaN,1376759,1376759,8558,NaN,974,501,969,21,NaN,NaN,81183808,6694256,970,282112,43520,NaN,NaN
2026-04-30 23:17:25.803,57832,ESTAB,prague,224,22.467,2.86,20.03,1448,76,110048,NaN,1376759,1376759,8558,NaN,974,501,969,21,NaN,NaN,81183808,6694256,970,282112,43520,NaN,NaN
2026-04-30 23:17:26.060,57832,ESTAB,prague,224,22.467,2.86,20.03,1448,76,110048,NaN,1376759,1376759,8558,NaN,974,501,969,21,NaN,NaN,81183808,6694256,970,282112,43520,NaN,NaN
2026-04-30 23:17:26.315,57832,ESTAB,prague,224,22.467,2.86,20.03,1448,76,110048,NaN,1376759,1376759,8558,NaN,974,501,969,21,NaN,NaN,81183808,6694256,970,282112,43520,NaN,NaN
2026-04-30 23:17:26.564,57832,ESTAB,prague,224,22.467,2.86,20.03,1448,76,110048,NaN,1376759,1376759,8558,NaN,974,501,969,21,NaN,NaN,81183808,6694256,970,282112,43520,NaN,NaN
2026-04-30 23:17:26.821,57832,ESTAB,prague,224,22.467,2.86,20.03,1448,76,110048,NaN,1376759,1376759,8558,NaN,974,501,969,21,NaN,NaN,81183808,6694256,970,282112,43520,NaN,NaN
2026-04-30 23:17:27.058,57832,ESTAB,prague,224,22.467,2.86,20.03,1448,76,110048,NaN,1376759,1376759,8558,NaN,974,501,969,21,NaN,NaN,81183808,6694256,970,282112,43520,NaN,NaN
2026-04-30 23:17:27.295,57832,ESTAB,prague,224,22.467,2.86,20.03,1448,76,110048,NaN,1376759,1376759,8558,NaN,974,501,969,21,NaN,NaN,81183808,6694256,970,282112,43520,NaN,NaN
2026-04-30 23:17:27.525,57832,ESTAB,prague,224,22.467,2.86,20.03,1448,76,110048,NaN,1376759,1376759,8558,NaN,974,501,969,21,NaN,NaN,81183808,6694256,970,282112,43520,NaN,NaN
2026-04-30 23:17:27.760,57832,ESTAB,prague,224,22.467,2.86,20.03,1448,76,110048,NaN,1376759,1376759,8558,NaN,974,501,969,21,NaN,NaN,81183808,6694256,970,282112,43520,NaN,NaN
2026-04-30 23:17:27.998,57832,ESTAB,prague,224,22.467,2.86,20.03,1448,76,110048,NaN,1376759,1376759,8558,NaN,974,501,969,21,NaN,NaN,81183808,6694256,970,282112,43520,NaN,NaN
2026-04-30 23:17:28.250,57832,ESTAB,prague,224,22.467,2.86,20.03,1448,76,110048,NaN,1376759,1376759,8558,NaN,974,501,969,21,NaN,NaN,81183808,6694256,970,282112,43520,NaN,NaN
2026-04-30 23:17:28.494,57832,ESTAB,prague,224,22.467,2.86,20.03,1448,76,110048,NaN,1376759,1376759,8558,NaN,974,501,969,21,NaN,NaN,81183808,6694256,970,282112,43520,NaN,NaN
2026-04-30 23:17:28.744,57832,ESTAB,prague,224,22.467,2.86,20.03,1448,76,110048,NaN,1376759,1376759,8558,NaN,974,501,969,21,NaN,NaN,81183808,6694256,970,282112,43520,NaN,NaN
2026-04-30 23:17:29.002,57832,ESTAB,prague,224,22.467,2.86,20.03,1448,76,110048,NaN,1376759,1376759,8558,NaN,974,501,969,21,NaN,NaN,81183808,6694256,970,282112,43520,NaN,NaN
2026-04-30 23:17:29.259,57832,ESTAB,prague,224,22.467,2.86,20.03,1448,76,110048,NaN,1376759,1376759,8558,NaN,974,501,969,21,NaN,NaN,81183808,6694256,970,282112,43520,NaN,NaN
2026-04-30 23:17:29.512,57832,ESTAB,prague,224,22.467,2.86,20.03,1448,76,110048,NaN,1376759,1376759,8558,NaN,974,501,969,21,NaN,NaN,81183808,6694256,970,282112,43520,NaN,NaN
2026-04-30 23:17:29.767,57832,ESTAB,prague,224,22.467,2.86,20.03,1448,76,110048,NaN,1376759,1376759,8558,NaN,974,501,969,21,NaN,NaN,81183808,6694256,970,282112,43520,NaN,NaN
2026-04-30 23:17:30.037,57832,ESTAB,prague,224,22.467,2.86,20.03,1448,76,110048,NaN,1376759,1376759,8558,NaN,974,501,969,21,NaN,NaN,81183808,6694256,970,282112,43520,NaN,NaN
2026-04-30 23:17:30.290,57832,ESTAB,prague,224,22.467,2.86,20.03,1448,76,110048,NaN,1376759,1376759,8558,NaN,974,501,969,21,NaN,NaN,81183808,6694256,970,282112,43520,NaN,NaN
2026-04-30 23:17:30.532,57832,ESTAB,prague,224,22.467,2.86,20.03,1448,76,110048,NaN,1376759,1376759,8558,NaN,974,501,969,21,NaN,NaN,81183808,6694256,970,282112,43520,NaN,NaN
2026-04-30 23:17:30.782,57832,ESTAB,prague,224,22.467,2.86,20.03,1448,76,110048,NaN,1376759,1376759,8558,NaN,974,501,969,21,NaN,NaN,81183808,6694256,970,282112,43520,NaN,NaN
2026-04-30 23:17:31.039,57832,ESTAB,prague,224,22.467,2.86,20.03,1448,76,110048,NaN,1376759,1376759,8558,NaN,974,501,969,21,NaN,NaN,81183808,6694256,970,282112,43520,NaN,NaN
2026-04-30 23:17:31.294,57832,ESTAB,prague,224,22.467,2.86,20.03,1448,76,110048,NaN,1376759,1376759,8558,NaN,974,501,969,21,NaN,NaN,81183808,6694256,970,282112,43520,NaN,NaN
2026-04-30 23:17:31.533,57832,ESTAB,prague,224,22.467,2.86,20.03,1448,76,110048,NaN,1376759,1376759,8558,NaN,974,501,969,21,NaN,NaN,81183808,6694256,970,282112,43520,NaN,NaN
2026-04-30 23:17:31.763,57832,ESTAB,prague,224,22.467,2.86,20.03,1448,76,110048,NaN,1376759,1376759,8558,NaN,974,501,969,21,NaN,NaN,81183808,6694256,970,282112,43520,NaN,NaN
2026-04-30 23:17:32.015,57832,ESTAB,prague,224,22.467,2.86,20.03,1448,76,110048,NaN,1376759,1376759,8558,NaN,974,501,969,21,NaN,NaN,81183808,6694256,970,282112,43520,NaN,NaN
2026-04-30 23:17:32.281,57832,ESTAB,prague,224,22.467,2.86,20.03,1448,76,110048,NaN,1376759,1376759,8558,NaN,974,501,969,21,NaN,NaN,81183808,6694256,970,282112,43520,NaN,NaN
2026-04-30 23:17:32.541,57832,ESTAB,prague,224,22.467,2.86,20.03,1448,76,110048,NaN,1376759,1376759,8558,NaN,974,501,969,21,NaN,NaN,81183808,6694256,970,282112,43520,NaN,NaN
2026-04-30 23:17:32.805,57832,ESTAB,prague,224,22.467,2.86,20.03,1448,76,110048,NaN,1376759,1376759,8558,NaN,975,502,969,21,NaN,NaN,81183808,6694256,970,282112,43520,NaN,NaN
2026-04-30 23:17:33.069,57832,ESTAB,prague,224,22.467,2.86,20.03,1448,76,110048,NaN,1376759,1376759,8558,NaN,976,503,969,21,NaN,NaN,81183808,6694256,970,282112,43520,NaN,NaN
2026-04-30 23:17:33.333,57832,ESTAB,prague,224,22.467,2.86,20.03,1448,76,110048,NaN,1376759,1376759,8558,NaN,976,503,969,21,NaN,NaN,81183808,6694256,970,282112,43520,NaN,NaN
2026-04-30 23:17:33.603,57832,ESTAB,prague,224,22.467,2.86,20.03,1448,76,110048,NaN,1376759,1376759,8558,NaN,976,503,969,21,NaN,NaN,81183808,6694256,970,282112,43520,NaN,NaN
2026-04-30 23:17:33.865,57832,ESTAB,prague,224,22.467,2.86,20.03,1448,76,110048,NaN,1376759,1376759,8558,NaN,976,503,969,21,NaN,NaN,81183808,6694256,970,282112,43520,NaN,NaN
2026-04-30 23:17:34.099,57832,ESTAB,prague,224,22.467,2.86,20.03,1448,76,110048,NaN,1376759,1376759,8558,NaN,976,503,969,21,NaN,NaN,81183808,6694256,970,282112,43520,NaN,NaN
2026-04-30 23:17:34.339,57832,ESTAB,prague,224,22.467,2.86,20.03,1448,76,110048,NaN,1376759,1376759,8558,NaN,976,503,969,21,NaN,NaN,81183808,6694256,970,282112,43520,NaN,NaN
2026-04-30 23:17:34.593,57832,ESTAB,prague,224,22.467,2.86,20.03,1448,76,110048,NaN,1376759,1376759,8558,NaN,976,503,969,21,NaN,NaN,81183808,6694256,970,282112,43520,NaN,NaN
2026-04-30 23:17:34.851,57832,ESTAB,prague,224,22.467,2.86,20.03,1448,76,110048,NaN,1376759,1376759,8558,NaN,976,503,969,21,NaN,NaN,81183808,6694256,970,282112,43520,NaN,NaN
2026-04-30 23:17:35.122,57832,ESTAB,prague,224,22.467,2.86,20.03,1448,76,110048,NaN,1376759,1376759,8558,NaN,976,503,969,21,NaN,NaN,81183808,6694256,970,282112,43520,NaN,NaN
2026-04-30 23:17:35.362,57832,ESTAB,prague,224,22.467,2.86,20.03,1448,76,110048,NaN,1376759,1376759,8558,NaN,976,503,969,21,NaN,NaN,81183808,6694256,970,282112,43520,NaN,NaN
2026-04-30 23:17:35.594,57832,ESTAB,prague,224,22.467,2.86,20.03,1448,76,110048,NaN,1376759,1376759,8558,NaN,976,503,969,21,NaN,NaN,81183808,6694256,970,282112,43520,NaN,NaN
2026-04-30 23:17:35.852,57832,ESTAB,prague,224,22.467,2.86,20.03,1448,76,110048,NaN,1376759,1376759,8558,NaN,976,503,969,21,NaN,NaN,81183808,6694256,970,282112,43520,NaN,NaN
2026-04-30 23:17:36.104,57832,ESTAB,prague,224,22.467,2.86,20.03,1448,76,110048,NaN,1376759,1376759,8558,NaN,976,503,969,21,NaN,NaN,81183808,6694256,970,282112,43520,NaN,NaN
2026-04-30 23:17:36.371,57832,ESTAB,prague,224,22.467,2.86,20.03,1448,76,110048,NaN,1376759,1376759,8558,NaN,976,503,969,21,NaN,NaN,81183808,6694256,970,282112,43520,NaN,NaN
2026-04-30 23:17:36.634,57832,ESTAB,prague,224,22.467,2.86,20.03,1448,76,110048,NaN,1376759,1376759,8558,NaN,976,503,969,21,NaN,NaN,81183808,6694256,970,282112,43520,NaN,NaN
2026-04-30 23:17:36.880,57832,ESTAB,prague,224,22.467,2.86,20.03,1448,76,110048,NaN,1376759,1376759,8558,NaN,976,503,969,21,NaN,NaN,81183808,6694256,970,282112,43520,NaN,NaN
2026-04-30 23:17:37.132,57832,ESTAB,prague,224,22.467,2.86,20.03,1448,76,110048,NaN,1376759,1376759,8558,NaN,976,503,969,21,NaN,NaN,81183808,6694256,970,282112,43520,NaN,NaN
2026-04-30 23:17:37.378,57832,ESTAB,prague,224,22.467,2.86,20.03,1448,76,110048,NaN,1376759,1376759,8558,NaN,976,503,969,21,NaN,NaN,81183808,6694256,970,282112,43520,NaN,NaN
2026-04-30 23:17:37.622,57832,ESTAB,prague,224,22.467,2.86,20.03,1448,76,110048,NaN,1376759,1376759,8558,NaN,976,503,969,21,NaN,NaN,81183808,6694256,970,282112,43520,NaN,NaN
2026-04-30 23:17:37.879,57832,ESTAB,prague,224,22.467,2.86,20.03,1448,76,110048,NaN,1376759,1376759,8558,NaN,976,503,969,21,NaN,NaN,81183808,6694256,970,282112,43520,NaN,NaN
2026-04-30 23:17:38.127,57832,ESTAB,prague,224,22.467,2.86,20.03,1448,76,110048,NaN,1376759,1376759,8558,NaN,976,503,969,21,NaN,NaN,81183808,6694256,970,282112,43520,NaN,NaN
2026-04-30 23:17:38.365,57832,ESTAB,prague,224,22.467,2.86,20.03,1448,76,110048,NaN,1376759,1376759,8558,NaN,976,503,969,21,NaN,NaN,81183808,6694256,970,282112,43520,NaN,NaN
2026-04-30 23:17:38.611,57832,ESTAB,prague,224,22.467,2.86,20.03,1448,76,110048,NaN,1376759,1376759,8558,NaN,976,503,969,21,NaN,NaN,81183808,6694256,970,282112,43520,NaN,NaN
2026-04-30 23:17:38.874,57832,ESTAB,prague,224,22.467,2.86,20.03,1448,76,110048,NaN,1376759,1376759,8558,NaN,976,503,969,21,NaN,NaN,81183808,6694256,970,282112,43520,NaN,NaN
2026-04-30 23:17:39.124,57832,ESTAB,prague,224,22.467,2.86,20.03,1448,76,110048,NaN,1376759,1376759,8558,NaN,976,503,969,21,NaN,NaN,81183808,6694256,970,282112,43520,NaN,NaN
2026-04-30 23:17:39.388,57832,ESTAB,prague,224,22.467,2.86,20.03,1448,76,110048,NaN,1376759,1376759,8558,NaN,976,503,969,21,NaN,NaN,81183808,6694256,970,282112,43520,NaN,NaN
2026-04-30 23:17:39.648,57832,ESTAB,prague,224,22.467,2.86,20.03,1448,76,110048,NaN,1376759,1376759,8558,NaN,976,503,969,21,NaN,NaN,81183808,6694256,970,282112,43520,NaN,NaN
2026-04-30 23:17:39.896,57832,ESTAB,prague,224,22.467,2.86,20.03,1448,76,110048,NaN,1376759,1376759,8558,NaN,976,503,969,21,NaN,NaN,81183808,6694256,970,282112,43520,NaN,NaN
2026-04-30 23:17:40.145,57832,ESTAB,prague,224,22.467,2.86,20.03,1448,76,110048,NaN,1376759,1376759,8558,NaN,976,503,969,21,NaN,NaN,81183808,6694256,970,282112,43520,NaN,NaN
2026-04-30 23:17:40.388,57832,ESTAB,prague,224,22.467,2.86,20.03,1448,76,110048,NaN,1376759,1376759,8558,NaN,976,503,969,21,NaN,NaN,81183808,6694256,970,282112,43520,NaN,NaN
2026-04-30 23:17:40.646,57832,ESTAB,prague,224,22.467,2.86,20.03,1448,76,110048,NaN,1376759,1376759,8558,NaN,976,503,969,21,NaN,NaN,81183808,6694256,970,282112,43520,NaN,NaN
2026-04-30 23:17:40.913,57832,ESTAB,prague,224,22.467,2.86,20.03,1448,76,110048,NaN,1376759,1376759,8558,NaN,976,503,969,21,NaN,NaN,81183808,6694256,970,282112,43520,NaN,NaN
2026-04-30 23:17:41.181,57832,ESTAB,prague,224,22.467,2.86,20.03,1448,76,110048,NaN,1376759,1376759,8558,NaN,976,503,969,21,NaN,NaN,81183808,6694256,970,282112,43520,NaN,NaN
2026-04-30 23:17:41.450,57832,ESTAB,prague,224,22.467,2.86,20.03,1448,76,110048,NaN,1376759,1376759,8558,NaN,976,503,969,21,NaN,NaN,81183808,6694256,970,282112,43520,NaN,NaN
2026-04-30 23:17:41.725,57832,ESTAB,prague,224,22.467,2.86,20.03,1448,76,110048,NaN,1376759,1376759,8558,NaN,976,503,969,21,NaN,NaN,81183808,6694256,970,282112,43520,NaN,NaN
2026-04-30 23:17:41.979,57832,ESTAB,prague,224,22.467,2.86,20.03,1448,76,110048,NaN,1376759,1376759,8558,NaN,976,503,969,21,NaN,NaN,81183808,6694256,970,282112,43520,NaN,NaN
2026-04-30 23:17:42.235,57832,ESTAB,prague,224,22.467,2.86,20.03,1448,76,110048,NaN,1376759,1376759,8558,NaN,976,503,969,21,NaN,NaN,81183808,6694256,970,282112,43520,NaN,NaN
2026-04-30 23:17:42.507,57832,ESTAB,prague,224,22.467,2.86,20.03,1448,76,110048,NaN,1376759,1376759,8558,NaN,976,503,969,21,NaN,NaN,81183808,6694256,970,282112,43520,NaN,NaN
2026-04-30 23:17:42.771,57832,ESTAB,prague,224,22.467,2.86,20.03,1448,76,110048,NaN,1376759,1376759,8558,NaN,976,503,969,21,NaN,NaN,81183808,6694256,970,282112,43520,NaN,NaN
2026-04-30 23:17:43.028,57832,ESTAB,prague,224,22.467,2.86,20.03,1448,76,110048,NaN,1376759,1376759,8558,NaN,976,503,969,21,NaN,NaN,81183808,6694256,970,282112,43520,NaN,NaN
2026-04-30 23:17:43.285,57832,ESTAB,prague,224,22.467,2.86,20.03,1448,76,110048,NaN,1376759,1376759,8558,NaN,976,503,969,21,NaN,NaN,81183808,6694256,970,282112,43520,NaN,NaN
2026-04-30 23:17:43.531,57832,ESTAB,prague,224,22.467,2.86,20.03,1448,76,110048,NaN,1376759,1376759,8558,NaN,976,503,969,21,NaN,NaN,81183808,6694256,970,282112,43520,NaN,NaN
2026-04-30 23:17:43.785,57832,ESTAB,prague,224,22.467,2.86,20.03,1448,76,110048,NaN,1376759,1376759,8558,NaN,976,503,969,21,NaN,NaN,81183808,6694256,970,282112,43520,NaN,NaN
2026-04-30 23:17:44.052,57832,ESTAB,prague,224,22.467,2.86,20.03,1448,76,110048,NaN,1376759,1376759,8558,NaN,976,503,969,21,NaN,NaN,81183808,6694256,970,282112,43520,NaN,NaN
2026-04-30 23:17:44.315,57832,ESTAB,prague,224,22.467,2.86,20.03,1448,76,110048,NaN,1376759,1376759,8558,NaN,976,503,969,21,NaN,NaN,81183808,6694256,970,282112,43520,NaN,NaN
2026-04-30 23:17:44.559,57832,ESTAB,prague,224,22.467,2.86,20.03,1448,76,110048,NaN,1376759,1376759,8558,NaN,976,503,969,21,NaN,NaN,81183808,6694256,970,282112,43520,NaN,NaN
2026-04-30 23:17:44.820,57832,ESTAB,prague,224,22.467,2.86,20.03,1448,76,110048,NaN,1376759,1376759,8558,NaN,976,503,969,21,NaN,NaN,81183808,6694256,970,282112,43520,NaN,NaN
2026-04-30 23:17:45.076,57832,ESTAB,prague,224,22.467,2.86,20.03,1448,76,110048,NaN,1376759,1376759,8558,NaN,976,503,969,21,NaN,NaN,81183808,6694256,970,282112,43520,NaN,NaN
2026-04-30 23:17:45.313,57832,ESTAB,prague,224,22.467,2.86,20.03,1448,76,110048,NaN,1376759,1376759,8558,NaN,976,503,969,21,NaN,NaN,81183808,6694256,970,282112,43520,NaN,NaN
2026-04-30 23:17:45.556,57832,ESTAB,prague,224,22.467,2.86,20.03,1448,76,110048,NaN,1376759,1376759,8558,NaN,976,503,969,21,NaN,NaN,81183808,6694256,970,282112,43520,NaN,NaN
2026-04-30 23:17:45.812,57832,ESTAB,prague,224,22.467,2.86,20.03,1448,76,110048,NaN,1376759,1376759,8558,NaN,976,503,969,21,NaN,NaN,81183808,6694256,970,282112,43520,NaN,NaN
2026-04-30 23:17:46.069,57832,ESTAB,prague,224,22.467,2.86,20.03,1448,76,110048,NaN,1376759,1376759,8558,NaN,976,503,969,21,NaN,NaN,81183808,6694256,970,282112,43520,NaN,NaN
2026-04-30 23:17:46.326,57832,ESTAB,prague,224,22.467,2.86,20.03,1448,76,110048,NaN,1376759,1376759,8558,NaN,976,503,969,21,NaN,NaN,81183808,6694256,970,282112,43520,NaN,NaN
2026-04-30 23:17:46.580,57832,ESTAB,prague,224,22.467,2.86,20.03,1448,76,110048,NaN,1376759,1376759,8558,NaN,976,503,969,21,NaN,NaN,81183808,6694256,970,282112,43520,NaN,NaN
2026-04-30 23:17:46.852,57832,ESTAB,prague,224,22.467,2.86,20.03,1448,76,110048,NaN,1376759,1376759,8558,NaN,976,503,969,21,NaN,NaN,81183808,6694256,970,282112,43520,NaN,NaN
2026-04-30 23:17:47.113,57832,ESTAB,prague,224,22.467,2.86,20.03,1448,76,110048,NaN,1376759,1376759,8558,NaN,976,503,969,21,NaN,NaN,81183808,6694256,970,282112,43520,NaN,NaN
2026-04-30 23:17:47.376,57832,ESTAB,prague,224,22.467,2.86,20.03,1448,76,110048,NaN,1376759,1376759,8558,NaN,976,503,969,21,NaN,NaN,81183808,6694256,970,282112,43520,NaN,NaN
2026-04-30 23:17:47.638,57832,ESTAB,prague,224,22.467,2.86,20.03,1448,76,110048,NaN,1376759,1376759,8558,NaN,976,503,969,21,NaN,NaN,81183808,6694256,970,282112,43520,NaN,NaN
2026-04-30 23:17:47.886,57832,ESTAB,prague,224,22.467,2.86,20.03,1448,76,110048,NaN,1376759,1376759,8558,NaN,976,503,969,21,NaN,NaN,81183808,6694256,970,282112,43520,NaN,NaN
2026-04-30 23:17:48.136,57832,ESTAB,prague,224,22.467,2.86,20.03,1448,76,110048,NaN,1376759,1376759,8558,NaN,977,504,969,21,NaN,NaN,81183808,6694256,970,282112,43520,NaN,NaN
2026-04-30 23:17:48.402,57832,ESTAB,prague,224,22.467,2.86,20.03,1448,76,110048,NaN,1376759,1376759,8558,NaN,977,504,969,21,NaN,NaN,81183808,6694256,970,282112,43520,NaN,NaN
2026-04-30 23:17:48.649,57832,ESTAB,prague,224,22.467,2.86,20.03,1448,76,110048,NaN,1376759,1376759,8558,NaN,977,504,969,21,NaN,NaN,81183808,6694256,970,282112,43520,NaN,NaN
2026-04-30 23:17:48.914,57832,ESTAB,prague,224,21.861,2.026,20.03,1448,76,110048,NaN,1379642,1379642,8966,NaN,980,508,972,22,NaN,NaN,83435840,6694256,973,282112,43520,NaN,NaN
2026-04-30 23:17:49.174,57832,ESTAB,prague,224,21.861,2.026,20.03,1448,76,110048,NaN,1379642,1379642,8966,NaN,980,508,972,22,NaN,NaN,83435840,6694256,973,282112,43520,NaN,NaN
2026-04-30 23:17:49.422,57832,ESTAB,prague,224,21.861,2.026,20.03,1448,76,110048,NaN,1379642,1379642,8966,NaN,980,508,972,22,NaN,NaN,83435840,6694256,973,282112,43520,NaN,NaN
2026-04-30 23:17:49.655,57832,ESTAB,prague,224,21.861,2.026,20.03,1448,76,110048,NaN,1379642,1379642,8966,NaN,980,508,972,22,NaN,NaN,83435840,6694256,973,282112,43520,NaN,NaN
2026-04-30 23:17:49.909,57832,ESTAB,prague,224,21.861,2.026,20.03,1448,76,110048,NaN,1379642,1379642,8966,NaN,980,508,972,22,NaN,NaN,83435840,6694256,973,282112,43520,NaN,NaN
2026-04-30 23:17:50.178,57832,ESTAB,prague,224,21.861,2.026,20.03,1448,76,110048,NaN,1379642,1379642,8966,NaN,980,508,972,22,NaN,NaN,83435840,6694256,973,282112,43520,NaN,NaN
2026-04-30 23:17:50.439,57832,ESTAB,prague,224,21.861,2.026,20.03,1448,76,110048,NaN,1379642,1379642,8966,NaN,980,508,972,22,NaN,NaN,83435840,6694256,973,282112,43520,NaN,NaN
2026-04-30 23:17:50.696,57832,ESTAB,prague,224,21.861,2.026,20.03,1448,76,110048,NaN,1379642,1379642,8966,NaN,980,508,972,22,NaN,NaN,83435840,6694256,973,282112,43520,NaN,NaN
2026-04-30 23:17:50.956,57832,ESTAB,prague,224,21.861,2.026,20.03,1448,76,110048,NaN,1379642,1379642,8966,NaN,980,508,972,22,NaN,NaN,83435840,6694256,973,282112,43520,NaN,NaN
2026-04-30 23:17:51.221,57832,ESTAB,prague,224,21.861,2.026,20.03,1448,76,110048,NaN,1379642,1379642,8966,NaN,980,508,972,22,NaN,NaN,83435840,6694256,973,282112,43520,NaN,NaN
2026-04-30 23:17:51.490,57832,ESTAB,prague,224,21.861,2.026,20.03,1448,76,110048,NaN,1379642,1379642,8966,NaN,980,508,972,22,NaN,NaN,83435840,6694256,973,282112,43520,NaN,NaN
2026-04-30 23:17:51.744,57832,ESTAB,prague,224,21.861,2.026,20.03,1448,76,110048,NaN,1379642,1379642,8966,NaN,980,508,972,22,NaN,NaN,83435840,6694256,973,282112,43520,NaN,NaN
2026-04-30 23:17:51.997,57832,ESTAB,prague,224,21.861,2.026,20.03,1448,76,110048,NaN,1379642,1379642,8966,NaN,980,508,972,22,NaN,NaN,83435840,6694256,973,282112,43520,NaN,NaN
2026-04-30 23:17:52.253,57832,ESTAB,prague,224,21.861,2.026,20.03,1448,76,110048,NaN,1379642,1379642,8966,NaN,980,508,972,22,NaN,NaN,83435840,6694256,973,282112,43520,NaN,NaN
2026-04-30 23:17:52.514,57832,ESTAB,prague,224,21.861,2.026,20.03,1448,76,110048,NaN,1379642,1379642,8966,NaN,980,508,972,22,NaN,NaN,83435840,6694256,973,282112,43520,NaN,NaN
2026-04-30 23:17:52.771,57832,ESTAB,prague,224,21.488,1.468,20.03,1448,76,110048,NaN,1383581,1382525,9780,NaN,984,513,976,24,NaN,NaN,84881056,6694256,976,282112,43520,1,NaN
2026-04-30 23:17:53.030,57832,ESTAB,prague,228,25.393,0.204,20.03,1448,41,59368,59368,1586057,1564517,10196,NaN,1125,578,1117,25,NaN,NaN,19375288,6703976,1103,282112,43520,15,509780
2026-04-30 23:17:53.293,57832,ESTAB,prague,228,25.294,0.04,20.03,1448,38,55024,55024,1804329,1782789,10196,NaN,1277,654,1269,25,NaN,NaN,18027504,6255824,1255,282112,43520,15,419645
2026-04-30 23:17:53.547,57832,ESTAB,prague,228,25.283,0.019,20.03,1448,38,55024,55024,2015421,1995317,10196,NaN,1424,728,1416,25,NaN,NaN,18035712,6701760,1403,282112,43520,14,208553
2026-04-30 23:17:53.795,57832,ESTAB,prague,228,25.305,0.035,20.03,1448,38,55024,55024,2223641,2202101,10196,NaN,1569,800,1561,25,NaN,NaN,18019296,6690976,1547,282112,43520,15,333
2026-04-30 23:17:54.038,57832,ESTAB,prague,232,29.707,8.877,20.03,1448,38,55024,55024,2225030,2225030,10602,NaN,1571,810,1563,26,NaN,NaN,15349872,6709520,1564,282624,43520,NaN,NaN
2026-04-30 23:17:54.297,57832,ESTAB,prague,236,32.207,10.678,20.03,1448,38,55024,55024,2230310,2229254,12632,NaN,1576,816,1568,31,NaN,NaN,14158192,6709520,1568,282624,43520,1,NaN
2026-04-30 23:17:54.545,57832,ESTAB,prague,228,27.823,2.731,20.03,1448,38,55024,55024,2240870,2239814,16692,NaN,1586,826,1578,41,NaN,NaN,16388944,6709520,1578,282624,43520,1,NaN
2026-04-30 23:17:54.794,57832,ESTAB,prague,228,25.866,2.141,20.03,1448,38,55024,55024,2250374,2249318,20346,NaN,1595,835,1587,50,NaN,NaN,17628960,6709520,1587,282624,43520,1,NaN
2026-04-30 23:17:55.033,57832,ESTAB,prague,232,30.525,10.925,20.03,1448,38,55024,55024,2250374,2250374,20346,NaN,1595,836,1587,50,NaN,NaN,14938256,6709520,1588,282624,43520,NaN,NaN
2026-04-30 23:17:55.278,57832,ESTAB,prague,232,30.525,10.925,20.03,1448,38,55024,55024,2250374,2250374,20346,NaN,1595,836,1587,50,NaN,NaN,14938256,6709520,1588,282624,43520,NaN,NaN
2026-04-30 23:17:55.534,57832,ESTAB,prague,232,30.525,10.925,20.03,1448,38,55024,55024,2250374,2250374,20346,NaN,1595,836,1587,50,NaN,NaN,14938256,6709520,1588,282624,43520,NaN,NaN
2026-04-30 23:17:55.792,57832,ESTAB,prague,232,30.525,10.925,20.03,1448,38,55024,55024,2250374,2250374,20346,NaN,1595,836,1587,50,NaN,NaN,14938256,6709520,1588,282624,43520,NaN,NaN
2026-04-30 23:17:56.040,57832,ESTAB,prague,232,30.525,10.925,20.03,1448,38,55024,55024,2250374,2250374,20346,NaN,1595,836,1587,50,NaN,NaN,14938256,6709520,1588,282624,43520,NaN,NaN
2026-04-30 23:17:56.294,57832,ESTAB,prague,232,30.525,10.925,20.03,1448,38,55024,55024,2250374,2250374,20346,NaN,1595,836,1587,50,NaN,NaN,14938256,6709520,1588,282624,43520,NaN,NaN
2026-04-30 23:17:56.537,57832,ESTAB,prague,232,30.525,10.925,20.03,1448,38,55024,55024,2250374,2250374,20346,NaN,1595,836,1587,50,NaN,NaN,14938256,6709520,1588,282624,43520,NaN,NaN
2026-04-30 23:17:56.797,57832,ESTAB,prague,232,30.525,10.925,20.03,1448,38,55024,55024,2250374,2250374,20346,NaN,1595,836,1587,50,NaN,NaN,14938256,6709520,1588,282624,43520,NaN,NaN
2026-04-30 23:17:57.042,57832,ESTAB,prague,228,27.142,9.665,20.03,1448,38,55024,55024,2253257,2253257,20754,NaN,1598,840,1590,51,NaN,NaN,16800256,6709520,1591,282624,43520,NaN,NaN
2026-04-30 23:17:57.290,57832,ESTAB,prague,228,27.142,9.665,20.03,1448,38,55024,55024,2253257,2253257,20754,NaN,1598,840,1590,51,NaN,NaN,16800256,6709520,1591,282624,43520,NaN,NaN
2026-04-30 23:17:57.551,57832,ESTAB,prague,228,27.142,9.665,20.03,1448,38,55024,55024,2253257,2253257,20754,NaN,1598,840,1590,51,NaN,NaN,16800256,6709520,1591,282624,43520,NaN,NaN
2026-04-30 23:17:57.804,57832,ESTAB,prague,228,27.142,9.665,20.03,1448,38,55024,55024,2253257,2253257,20754,NaN,1598,840,1590,51,NaN,NaN,16800256,6709520,1591,282624,43520,NaN,NaN
2026-04-30 23:17:58.054,57832,ESTAB,prague,228,27.142,9.665,20.03,1448,38,55024,55024,2253257,2253257,20754,NaN,1598,840,1590,51,NaN,NaN,16800256,6709520,1591,282624,43520,NaN,NaN
2026-04-30 23:17:58.305,57832,ESTAB,prague,228,27.142,9.665,20.03,1448,38,55024,55024,2253257,2253257,20754,NaN,1598,840,1590,51,NaN,NaN,16800256,6709520,1591,282624,43520,NaN,NaN
2026-04-30 23:17:58.560,57832,ESTAB,prague,228,27.142,9.665,20.03,1448,38,55024,55024,2253257,2253257,20754,NaN,1598,840,1590,51,NaN,NaN,16800256,6709520,1591,282624,43520,NaN,NaN
2026-04-30 23:17:58.806,57832,ESTAB,prague,228,27.142,9.665,20.03,1448,38,55024,55024,2253257,2253257,20754,NaN,1598,840,1590,51,NaN,NaN,16800256,6709520,1591,282624,43520,NaN,NaN
2026-04-30 23:17:59.058,57832,ESTAB,prague,228,25.338,0.047,20.03,1448,38,55024,55024,2426633,2406529,21576,NaN,1719,896,1711,53,NaN,NaN,17996496,6258480,1698,282624,43520,14,272878
2026-04-30 23:17:59.317,57832,ESTAB,prague,228,25.367,0.024,20.03,1448,38,55024,55024,2642033,2621929,21576,NaN,1869,971,1861,53,NaN,NaN,17975824,6698992,1848,282624,43520,14,57478
2026-04-30 23:17:59.587,57832,ESTAB,prague,232,30.007,9.518,20.03,1448,38,55024,55024,2700567,2700567,21982,NaN,1911,1000,1903,54,NaN,NaN,15195744,5480256,1904,282624,43520,NaN,NaN
2026-04-30 23:17:59.837,57832,ESTAB,prague,232,30.007,9.518,20.03,1448,38,55024,55024,2700567,2700567,21982,NaN,1911,1000,1903,54,NaN,NaN,15195744,5480256,1904,282624,43520,NaN,NaN
2026-04-30 23:18:00.085,57832,ESTAB,prague,232,30.007,9.518,20.03,1448,38,55024,55024,2700567,2700567,21982,NaN,1911,1000,1903,54,NaN,NaN,15195744,5480256,1904,282624,43520,NaN,NaN
2026-04-30 23:18:00.337,57832,ESTAB,prague,232,30.007,9.518,20.03,1448,38,55024,55024,2700567,2700567,21982,NaN,1911,1000,1903,54,NaN,NaN,15195744,5480256,1904,282624,43520,NaN,NaN
2026-04-30 23:18:00.596,57832,ESTAB,prague,228,26.866,2.075,20.03,1448,38,55024,55024,2711127,2710071,26042,NaN,1921,1011,1913,64,NaN,NaN,16972624,5480256,1913,282624,43520,1,NaN
2026-04-30 23:18:00.860,57832,ESTAB,prague,228,26.143,0.729,20.03,1448,38,55024,55024,2721687,2720631,30102,NaN,1931,1021,1923,74,NaN,NaN,17442000,5480256,1923,282624,43520,1,NaN
2026-04-30 23:18:01.115,57832,ESTAB,prague,228,25.356,0.03,20.03,1448,38,55024,55024,2918039,2897935,30924,NaN,2068,1084,2060,76,NaN,NaN,17983424,6695952,2047,282624,43520,14,252602
2026-04-30 23:18:01.355,57832,ESTAB,prague,228,25.304,0.017,20.03,1448,38,55024,55024,3117643,3096103,30924,NaN,2207,1153,2199,76,NaN,NaN,18020208,6695120,2185,282624,43520,15,52998
2026-04-30 23:18:01.616,57832,ESTAB,prague,232,29.898,9.134,20.03,1448,38,55024,55024,3171697,3171697,31330,NaN,2245,1181,2237,77,NaN,NaN,15251680,6675552,2238,282624,43520,NaN,NaN
2026-04-30 23:18:01.875,57832,ESTAB,prague,232,29.898,9.134,20.03,1448,38,55024,55024,3171697,3171697,31330,NaN,2245,1181,2237,77,NaN,NaN,15251680,6675552,2238,282624,43520,NaN,NaN
2026-04-30 23:18:02.128,57832,ESTAB,prague,232,29.898,9.134,20.03,1448,38,55024,55024,3171697,3171697,31330,NaN,2245,1181,2237,77,NaN,NaN,15251680,6675552,2238,282624,43520,NaN,NaN
2026-04-30 23:18:02.379,57832,ESTAB,prague,228,27.353,4.123,20.03,1448,38,55024,55024,3180145,3179089,34578,NaN,2253,1190,2245,85,NaN,NaN,16670752,6675552,2245,282624,43520,1,NaN
2026-04-30 23:18:02.637,57832,ESTAB,prague,228,26.768,1.071,20.03,1448,38,55024,55024,3189649,3188593,38232,NaN,2262,1199,2254,94,NaN,NaN,17034640,6675552,2254,282624,43520,1,NaN
2026-04-30 23:18:02.880,57832,ESTAB,prague,228,25.372,0.512,20.03,1448,38,55024,55024,3200209,3199153,42292,NaN,2272,1209,2264,104,NaN,NaN,17972480,6675552,2264,282624,43520,1,NaN
2026-04-30 23:18:03.137,57832,ESTAB,prague,228,25.22,0.075,20.03,1448,38,55024,55024,3347981,3346925,43520,NaN,2376,1263,2368,107,NaN,NaN,18080096,6695120,2368,282624,43520,1,NaN
2026-04-30 23:18:03.371,57832,ESTAB,prague,232,30.38,10.376,20.03,1448,38,55024,55024,3347981,3347981,43520,NaN,2376,1264,2368,107,NaN,NaN,15009392,6695120,2369,282624,43520,NaN,NaN
2026-04-30 23:18:03.618,57832,ESTAB,prague,232,30.38,10.376,20.03,1448,38,55024,55024,3347981,3347981,43520,NaN,2376,1264,2368,107,NaN,NaN,15009392,6695120,2369,282624,43520,NaN,NaN
2026-04-30 23:18:03.874,57832,ESTAB,prague,232,30.38,10.376,20.03,1448,38,55024,55024,3347981,3347981,43520,NaN,2376,1264,2368,107,NaN,NaN,15009392,6695120,2369,282624,43520,NaN,NaN
2026-04-30 23:18:04.135,57832,ESTAB,prague,232,30.38,10.376,20.03,1448,38,55024,55024,3347981,3347981,43520,NaN,2376,1264,2368,107,NaN,NaN,15009392,6695120,2369,282624,43520,NaN,NaN
2026-04-30 23:18:04.401,57832,ESTAB,prague,232,28.798,6.448,20.03,1448,38,55024,55024,3351149,3351149,45144,NaN,2379,1269,2371,111,NaN,NaN,15834144,6695120,2372,282624,48128,NaN,NaN
2026-04-30 23:18:04.644,57832,ESTAB,prague,228,26.546,2.375,20.03,1448,38,55024,55024,3361709,3360653,48798,NaN,2389,1278,2381,120,NaN,NaN,17177216,6695120,2381,282624,77312,1,NaN
2026-04-30 23:18:04.896,57832,ESTAB,prague,228,26.125,1.438,20.03,1448,38,55024,55024,3371213,3370157,52452,NaN,2398,1287,2390,129,NaN,NaN,17454160,6695120,2390,282624,103424,1,NaN
2026-04-30 23:18:05.146,57832,ESTAB,prague,228,25.342,0.026,20.03,1448,38,55024,55024,3544209,3522669,53680,NaN,2519,1342,2511,132,NaN,NaN,17993456,6682984,2497,282624,112128,15,1374
2026-04-30 23:18:05.404,57832,ESTAB,prague,232,29.925,9.2,20.03,1448,38,55024,55024,3546639,3546639,54086,NaN,2521,1352,2513,133,NaN,NaN,15237696,6685736,2514,282624,114688,NaN,NaN
2026-04-30 23:18:05.665,57832,ESTAB,prague,232,29.925,9.2,20.03,1448,38,55024,55024,3546639,3546639,54086,NaN,2521,1352,2513,133,NaN,NaN,15237696,6685736,2514,282624,114688,NaN,NaN
2026-04-30 23:18:05.921,57832,ESTAB,prague,232,29.925,9.2,20.03,1448,38,55024,55024,3546639,3546639,54086,NaN,2521,1352,2513,133,NaN,NaN,15237696,6685736,2514,282624,114688,NaN,NaN
2026-04-30 23:18:06.169,57832,ESTAB,prague,232,29.925,9.2,20.03,1448,38,55024,55024,3546639,3546639,54086,NaN,2521,1352,2513,133,NaN,NaN,15237696,6685736,2514,282624,114688,NaN,NaN
2026-04-30 23:18:06.421,57832,ESTAB,prague,228,26.727,2.811,20.03,1448,38,55024,55024,3557199,3556143,58146,NaN,2531,1363,2523,143,NaN,NaN,17060784,6685736,2523,282624,143872,1,NaN
2026-04-30 23:18:06.681,57832,ESTAB,prague,228,26.495,1.375,20.03,1448,38,55024,55024,3566703,3565647,61800,NaN,2540,1372,2532,152,NaN,NaN,17210656,6685736,2532,282624,169984,1,NaN
2026-04-30 23:18:06.928,57832,ESTAB,prague,228,26.462,1.224,20.03,1448,38,55024,55024,3577263,3576207,65860,NaN,2550,1382,2542,162,NaN,NaN,17231632,6685736,2542,282624,198656,1,NaN
2026-04-30 23:18:07.187,57832,ESTAB,prague,228,25.34,0.012,20.03,1448,38,55024,55024,3763563,3744895,66682,NaN,2680,1442,2672,164,NaN,NaN,17994976,6693736,2660,282624,204800,13,243696
2026-04-30 23:18:07.430,57832,ESTAB,prague,228,24.993,0.161,20.03,1448,38,55024,55024,3966039,3945935,66682,NaN,2821,1512,2813,164,NaN,NaN,18244560,6248592,2800,282624,204800,14,41220
2026-04-30 23:18:07.680,57832,ESTAB,prague,232,30.056,9.431,20.03,1448,38,55024,55024,4008315,4008315,67088,NaN,2851,1535,2843,165,NaN,NaN,15171120,5806904,2844,282624,207360,NaN,NaN
2026-04-30 23:18:07.937,57832,ESTAB,prague,232,30.056,9.431,20.03,1448,38,55024,55024,4008315,4008315,67088,NaN,2851,1535,2843,165,NaN,NaN,15171120,5806904,2844,282624,207360,NaN,NaN
2026-04-30 23:18:08.204,57832,ESTAB,prague,232,30.056,9.431,20.03,1448,38,55024,55024,4008315,4008315,67088,NaN,2851,1535,2843,165,NaN,NaN,15171120,5806904,2844,282624,207360,NaN,NaN
2026-04-30 23:18:08.485,57832,ESTAB,prague,228,26.936,3.378,20.03,1448,38,55024,55024,4016763,4015707,70336,NaN,2859,1544,2851,173,NaN,NaN,16928544,5806904,2851,282624,230912,1,NaN
2026-04-30 23:18:08.734,57832,ESTAB,prague,228,25.749,1.003,20.03,1448,38,55024,55024,4027323,4026267,74396,NaN,2869,1554,2861,183,NaN,NaN,17708912,5806904,2861,282624,259584,1,NaN
2026-04-30 23:18:08.984,57832,ESTAB,prague,228,25.208,0.395,20.03,1448,38,55024,55024,4036827,4035771,78050,NaN,2878,1563,2870,192,NaN,NaN,18088608,5806904,2870,282624,285696,1,NaN
2026-04-30 23:18:09.238,57832,ESTAB,prague,232,30.294,10.466,20.03,1448,38,55024,55024,4036827,4036827,78050,NaN,2878,1564,2870,192,NaN,NaN,15052256,5806904,2871,282624,285696,NaN,NaN
2026-04-30 23:18:09.498,57832,ESTAB,prague,232,30.294,10.466,20.03,1448,38,55024,55024,4036827,4036827,78050,NaN,2878,1564,2870,192,NaN,NaN,15052256,5806904,2871,282624,285696,NaN,NaN
2026-04-30 23:18:09.765,57832,ESTAB,prague,232,30.294,10.466,20.03,1448,38,55024,55024,4036827,4036827,78050,NaN,2878,1564,2870,192,NaN,NaN,15052256,5806904,2871,282624,285696,NaN,NaN
2026-04-30 23:18:10.033,57832,ESTAB,prague,232,30.294,10.466,20.03,1448,38,55024,55024,4036827,4036827,78050,NaN,2878,1564,2870,192,NaN,NaN,15052256,5806904,2871,282624,285696,NaN,NaN
2026-04-30 23:18:10.282,57832,ESTAB,prague,232,30.294,10.466,20.03,1448,38,55024,55024,4036827,4036827,78050,NaN,2878,1564,2870,192,NaN,NaN,15052256,5806904,2871,282624,285696,NaN,NaN
2026-04-30 23:18:10.535,57832,ESTAB,prague,232,30.294,10.466,20.03,1448,38,55024,55024,4036827,4036827,78050,NaN,2878,1564,2870,192,NaN,NaN,15052256,5806904,2871,282624,285696,NaN,NaN
2026-04-30 23:18:10.779,57832,ESTAB,prague,232,30.294,10.466,20.03,1448,38,55024,55024,4036827,4036827,78050,NaN,2878,1564,2870,192,NaN,NaN,15052256,5806904,2871,282624,285696,NaN,NaN
2026-04-30 23:18:11.023,57832,ESTAB,prague,228,27.009,9.326,20.03,1448,38,55024,55024,4039710,4039710,78458,NaN,2881,1568,2873,193,NaN,NaN,16882944,5806904,2874,282624,288768,NaN,NaN
2026-04-30 23:18:11.261,57832,ESTAB,prague,228,27.009,9.326,20.03,1448,38,55024,55024,4039710,4039710,78458,NaN,2881,1568,2873,193,NaN,NaN,16882944,5806904,2874,282624,288768,NaN,NaN
2026-04-30 23:18:11.505,57832,ESTAB,prague,228,27.009,9.326,20.03,1448,38,55024,55024,4039710,4039710,78458,NaN,2881,1568,2873,193,NaN,NaN,16882944,5806904,2874,282624,288768,NaN,NaN
2026-04-30 23:18:11.750,57832,ESTAB,prague,228,27.009,9.326,20.03,1448,38,55024,55024,4039710,4039710,78458,NaN,2881,1568,2873,193,NaN,NaN,16882944,5806904,2874,282624,288768,NaN,NaN
2026-04-30 23:18:12.002,57832,ESTAB,prague,228,27.009,9.326,20.03,1448,38,55024,55024,4039710,4039710,78458,NaN,2881,1568,2873,193,NaN,NaN,16882944,5806904,2874,282624,288768,NaN,NaN
2026-04-30 23:18:12.243,57832,ESTAB,prague,228,27.009,9.326,20.03,1448,38,55024,55024,4039710,4039710,78458,NaN,2881,1568,2873,193,NaN,NaN,16882944,5806904,2874,282624,288768,NaN,NaN
2026-04-30 23:18:12.486,57832,ESTAB,prague,228,27.009,9.326,20.03,1448,38,55024,55024,4039710,4039710,78458,NaN,2881,1568,2873,193,NaN,NaN,16882944,5806904,2874,282624,288768,NaN,NaN
2026-04-30 23:18:12.744,57832,ESTAB,prague,228,27.009,9.326,20.03,1448,38,55024,55024,4039710,4039710,78458,NaN,2881,1568,2873,193,NaN,NaN,16882944,5806904,2874,282624,288768,NaN,NaN
2026-04-30 23:18:13.012,57832,ESTAB,prague,228,27.009,9.326,20.03,1448,38,55024,55024,4039710,4039710,78458,NaN,2881,1568,2873,193,NaN,NaN,16882944,5806904,2874,282624,288768,NaN,NaN
2026-04-30 23:18:13.253,57832,ESTAB,prague,228,24.799,7.221,20.03,1448,38,55024,55024,4042593,4042593,78866,NaN,2884,1572,2876,194,NaN,NaN,18387136,5806904,2877,282624,291328,NaN,NaN
2026-04-30 23:18:13.510,57832,ESTAB,prague,228,24.799,7.221,20.03,1448,38,55024,55024,4042593,4042593,78866,NaN,2884,1572,2876,194,NaN,NaN,18387136,5806904,2877,282624,291328,NaN,NaN
2026-04-30 23:18:13.768,57832,ESTAB,prague,228,24.799,7.221,20.03,1448,38,55024,55024,4042593,4042593,78866,NaN,2884,1572,2876,194,NaN,NaN,18387136,5806904,2877,282624,291328,NaN,NaN
2026-04-30 23:18:14.023,57832,ESTAB,prague,228,24.799,7.221,20.03,1448,38,55024,55024,4042593,4042593,78866,NaN,2884,1572,2876,194,NaN,NaN,18387136,5806904,2877,282624,291328,NaN,NaN
2026-04-30 23:18:14.257,57832,ESTAB,prague,228,24.799,7.221,20.03,1448,38,55024,55024,4042593,4042593,78866,NaN,2884,1572,2876,194,NaN,NaN,18387136,5806904,2877,282624,291328,NaN,NaN
2026-04-30 23:18:14.498,57832,ESTAB,prague,228,24.799,7.221,20.03,1448,38,55024,55024,4042593,4042593,78866,NaN,2884,1572,2876,194,NaN,NaN,18387136,5806904,2877,282624,291328,NaN,NaN
2026-04-30 23:18:14.736,57832,ESTAB,prague,228,24.799,7.221,20.03,1448,38,55024,55024,4042593,4042593,78866,NaN,2884,1572,2876,194,NaN,NaN,18387136,5806904,2877,282624,291328,NaN,NaN
2026-04-30 23:18:14.978,57832,ESTAB,prague,228,24.799,7.221,20.03,1448,38,55024,55024,4042593,4042593,78866,NaN,2884,1572,2876,194,NaN,NaN,18387136,5806904,2877,282624,291328,NaN,NaN
2026-04-30 23:18:15.210,57832,ESTAB,prague,228,24.971,3.688,20.03,1448,38,55024,55024,4045476,4045476,79274,NaN,2887,1576,2879,195,NaN,NaN,18260672,5806904,2880,282624,294400,NaN,NaN
2026-04-30 23:18:15.446,57832,ESTAB,prague,228,24.971,3.688,20.03,1448,38,55024,55024,4045476,4045476,79274,NaN,2887,1576,2879,195,NaN,NaN,18260672,5806904,2880,282624,294400,NaN,NaN
2026-04-30 23:18:15.690,57832,ESTAB,prague,228,24.971,3.688,20.03,1448,38,55024,55024,4045476,4045476,79274,NaN,2887,1576,2879,195,NaN,NaN,18260672,5806904,2880,282624,294400,NaN,NaN
2026-04-30 23:18:15.936,57832,ESTAB,prague,228,24.971,3.688,20.03,1448,38,55024,55024,4045476,4045476,79274,NaN,2887,1576,2879,195,NaN,NaN,18260672,5806904,2880,282624,294400,NaN,NaN
2026-04-30 23:18:16.163,57832,ESTAB,prague,228,24.971,3.688,20.03,1448,38,55024,55024,4045476,4045476,79274,NaN,2887,1576,2879,195,NaN,NaN,18260672,5806904,2880,282624,294400,NaN,NaN
2026-04-30 23:18:16.389,57832,ESTAB,prague,228,24.971,3.688,20.03,1448,38,55024,55024,4045476,4045476,79274,NaN,2887,1576,2879,195,NaN,NaN,18260672,5806904,2880,282624,294400,NaN,NaN
2026-04-30 23:18:16.636,57832,ESTAB,prague,228,24.971,3.688,20.03,1448,38,55024,55024,4045476,4045476,79274,NaN,2887,1576,2879,195,NaN,NaN,18260672,5806904,2880,282624,294400,NaN,NaN
2026-04-30 23:18:16.884,57832,ESTAB,prague,228,24.971,3.688,20.03,1448,38,55024,55024,4045476,4045476,79274,NaN,2887,1576,2879,195,NaN,NaN,18260672,5806904,2880,282624,294400,NaN,NaN
2026-04-30 23:18:17.121,57832,ESTAB,prague,228,24.971,3.688,20.03,1448,38,55024,55024,4045476,4045476,79274,NaN,2887,1576,2879,195,NaN,NaN,18260672,5806904,2880,282624,294400,NaN,NaN
2026-04-30 23:18:17.360,57832,ESTAB,prague,228,24.971,3.688,20.03,1448,38,55024,55024,4045476,4045476,79274,NaN,2887,1576,2879,195,NaN,NaN,18260672,5806904,2880,282624,294400,NaN,NaN
2026-04-30 23:18:17.602,57832,ESTAB,prague,228,24.971,3.688,20.03,1448,38,55024,55024,4045476,4045476,79274,NaN,2887,1576,2879,195,NaN,NaN,18260672,5806904,2880,282624,294400,NaN,NaN
2026-04-30 23:18:17.853,57832,ESTAB,prague,228,24.971,3.688,20.03,1448,38,55024,55024,4045476,4045476,79274,NaN,2887,1576,2879,195,NaN,NaN,18260672,5806904,2880,282624,294400,NaN,NaN
2026-04-30 23:18:18.101,57832,ESTAB,prague,228,24.971,3.688,20.03,1448,38,55024,55024,4045476,4045476,79274,NaN,2887,1576,2879,195,NaN,NaN,18260672,5806904,2880,282624,294400,NaN,NaN
2026-04-30 23:18:18.336,57832,ESTAB,prague,228,24.971,3.688,20.03,1448,38,55024,55024,4045476,4045476,79274,NaN,2887,1576,2879,195,NaN,NaN,18260672,5806904,2880,282624,294400,NaN,NaN
2026-04-30 23:18:18.564,57832,ESTAB,prague,228,24.971,3.688,20.03,1448,38,55024,55024,4045476,4045476,79274,NaN,2887,1576,2879,195,NaN,NaN,18260672,5806904,2880,282624,294400,NaN,NaN
2026-04-30 23:18:18.798,57832,ESTAB,prague,228,24.971,3.688,20.03,1448,38,55024,55024,4045476,4045476,79274,NaN,2887,1576,2879,195,NaN,NaN,18260672,5806904,2880,282624,294400,NaN,NaN
2026-04-30 23:18:19.038,57832,ESTAB,prague,228,24.971,3.688,20.03,1448,38,55024,55024,4045476,4045476,79274,NaN,2887,1576,2879,195,NaN,NaN,18260672,5806904,2880,282624,294400,NaN,NaN
2026-04-30 23:18:19.277,57832,ESTAB,prague,228,24.971,3.688,20.03,1448,38,55024,55024,4045476,4045476,79274,NaN,2887,1576,2879,195,NaN,NaN,18260672,5806904,2880,282624,294400,NaN,NaN
2026-04-30 23:18:19.513,57832,ESTAB,prague,228,24.971,3.688,20.03,1448,38,55024,55024,4045476,4045476,79274,NaN,2887,1576,2879,195,NaN,NaN,18260672,5806904,2880,282624,294400,NaN,NaN
2026-04-30 23:18:19.750,57832,ESTAB,prague,228,24.971,3.688,20.03,1448,38,55024,55024,4045476,4045476,79274,NaN,2887,1576,2879,195,NaN,NaN,18260672,5806904,2880,282624,294400,NaN,NaN
2026-04-30 23:18:19.992,57832,ESTAB,prague,228,24.971,3.688,20.03,1448,38,55024,55024,4045476,4045476,79274,NaN,2887,1576,2879,195,NaN,NaN,18260672,5806904,2880,282624,294400,NaN,NaN
2026-04-30 23:18:20.234,57832,ESTAB,prague,228,24.971,3.688,20.03,1448,38,55024,55024,4045476,4045476,79274,NaN,2887,1576,2879,195,NaN,NaN,18260672,5806904,2880,282624,294400,NaN,NaN
2026-04-30 23:18:20.471,57832,ESTAB,prague,228,24.971,3.688,20.03,1448,38,55024,55024,4045476,4045476,79274,NaN,2887,1576,2879,195,NaN,NaN,18260672,5806904,2880,282624,294400,NaN,NaN
2026-04-30 23:18:20.708,57832,ESTAB,prague,228,24.971,3.688,20.03,1448,38,55024,55024,4045476,4045476,79274,NaN,2887,1576,2879,195,NaN,NaN,18260672,5806904,2880,282624,294400,NaN,NaN
2026-04-30 23:18:20.941,57832,ESTAB,prague,228,24.971,3.688,20.03,1448,38,55024,55024,4045476,4045476,79274,NaN,2887,1576,2879,195,NaN,NaN,18260672,5806904,2880,282624,294400,NaN,NaN
2026-04-30 23:18:21.168,57832,ESTAB,prague,228,24.971,3.688,20.03,1448,38,55024,55024,4045476,4045476,79274,NaN,2887,1576,2879,195,NaN,NaN,18260672,5806904,2880,282624,294400,NaN,NaN
2026-04-30 23:18:21.397,57832,ESTAB,prague,228,24.971,3.688,20.03,1448,38,55024,55024,4045476,4045476,79274,NaN,2887,1576,2879,195,NaN,NaN,18260672,5806904,2880,282624,294400,NaN,NaN
2026-04-30 23:18:21.627,57832,ESTAB,prague,228,24.971,3.688,20.03,1448,38,55024,55024,4045476,4045476,79274,NaN,2887,1576,2879,195,NaN,NaN,18260672,5806904,2880,282624,294400,NaN,NaN
2026-04-30 23:18:21.860,57832,ESTAB,prague,228,24.971,3.688,20.03,1448,38,55024,55024,4045476,4045476,79274,NaN,2887,1576,2879,195,NaN,NaN,18260672,5806904,2880,282624,294400,NaN,NaN
2026-04-30 23:18:22.097,57832,ESTAB,prague,228,24.971,3.688,20.03,1448,38,55024,55024,4045476,4045476,79274,NaN,2887,1576,2879,195,NaN,NaN,18260672,5806904,2880,282624,294400,NaN,NaN
2026-04-30 23:18:22.333,57832,ESTAB,prague,228,24.971,3.688,20.03,1448,38,55024,55024,4045476,4045476,79274,NaN,2887,1576,2879,195,NaN,NaN,18260672,5806904,2880,282624,294400,NaN,NaN
2026-04-30 23:18:22.563,57832,ESTAB,prague,228,24.971,3.688,20.03,1448,38,55024,55024,4045476,4045476,79274,NaN,2887,1576,2879,195,NaN,NaN,18260672,5806904,2880,282624,294400,NaN,NaN
2026-04-30 23:18:22.797,57832,ESTAB,prague,228,24.971,3.688,20.03,1448,38,55024,55024,4045476,4045476,79274,NaN,2887,1576,2879,195,NaN,NaN,18260672,5806904,2880,282624,294400,NaN,NaN
2026-04-30 23:18:23.038,57832,ESTAB,prague,228,24.971,3.688,20.03,1448,38,55024,55024,4045476,4045476,79274,NaN,2887,1576,2879,195,NaN,NaN,18260672,5806904,2880,282624,294400,NaN,NaN
2026-04-30 23:18:23.274,57832,ESTAB,prague,228,24.971,3.688,20.03,1448,38,55024,55024,4045476,4045476,79274,NaN,2887,1576,2879,195,NaN,NaN,18260672,5806904,2880,282624,294400,NaN,NaN
2026-04-30 23:18:23.513,57832,ESTAB,prague,228,24.971,3.688,20.03,1448,38,55024,55024,4045476,4045476,79274,NaN,2887,1576,2879,195,NaN,NaN,18260672,5806904,2880,282624,294400,NaN,NaN
2026-04-30 23:18:23.747,57832,ESTAB,prague,228,24.971,3.688,20.03,1448,38,55024,55024,4045476,4045476,79274,NaN,2887,1576,2879,195,NaN,NaN,18260672,5806904,2880,282624,294400,NaN,NaN
2026-04-30 23:18:23.980,57832,ESTAB,prague,228,24.971,3.688,20.03,1448,38,55024,55024,4045476,4045476,79274,NaN,2887,1576,2879,195,NaN,NaN,18260672,5806904,2880,282624,294400,NaN,NaN
2026-04-30 23:18:24.217,57832,ESTAB,prague,228,24.971,3.688,20.03,1448,38,55024,55024,4045476,4045476,79274,NaN,2887,1576,2879,195,NaN,NaN,18260672,5806904,2880,282624,294400,NaN,NaN
2026-04-30 23:18:24.465,57832,ESTAB,prague,228,24.971,3.688,20.03,1448,38,55024,55024,4045476,4045476,79274,NaN,2887,1576,2879,195,NaN,NaN,18260672,5806904,2880,282624,294400,NaN,NaN
2026-04-30 23:18:24.712,57832,ESTAB,prague,228,24.971,3.688,20.03,1448,38,55024,55024,4045476,4045476,79274,NaN,2887,1576,2879,195,NaN,NaN,18260672,5806904,2880,282624,294400,NaN,NaN
2026-04-30 23:18:24.957,57832,ESTAB,prague,228,24.971,3.688,20.03,1448,38,55024,55024,4045476,4045476,79274,NaN,2887,1576,2879,195,NaN,NaN,18260672,5806904,2880,282624,294400,NaN,NaN
2026-04-30 23:18:25.193,57832,ESTAB,prague,228,24.971,3.688,20.03,1448,38,55024,55024,4045476,4045476,79274,NaN,2887,1576,2879,195,NaN,NaN,18260672,5806904,2880,282624,294400,NaN,NaN
2026-04-30 23:18:25.424,57832,ESTAB,prague,228,24.971,3.688,20.03,1448,38,55024,55024,4045476,4045476,79274,NaN,2887,1576,2879,195,NaN,NaN,18260672,5806904,2880,282624,294400,NaN,NaN
2026-04-30 23:18:25.662,57832,ESTAB,prague,228,24.971,3.688,20.03,1448,38,55024,55024,4045476,4045476,79274,NaN,2887,1576,2879,195,NaN,NaN,18260672,5806904,2880,282624,294400,NaN,NaN
2026-04-30 23:18:25.911,57832,ESTAB,prague,228,24.971,3.688,20.03,1448,38,55024,55024,4045476,4045476,79274,NaN,2887,1576,2879,195,NaN,NaN,18260672,5806904,2880,282624,294400,NaN,NaN
2026-04-30 23:18:26.142,57832,ESTAB,prague,228,24.971,3.688,20.03,1448,38,55024,55024,4045476,4045476,79274,NaN,2887,1576,2879,195,NaN,NaN,18260672,5806904,2880,282624,294400,NaN,NaN
2026-04-30 23:18:26.379,57832,ESTAB,prague,228,24.971,3.688,20.03,1448,38,55024,55024,4045476,4045476,79274,NaN,2887,1576,2879,195,NaN,NaN,18260672,5806904,2880,282624,294400,NaN,NaN
2026-04-30 23:18:26.616,57832,ESTAB,prague,228,24.971,3.688,20.03,1448,38,55024,55024,4045476,4045476,79274,NaN,2887,1576,2879,195,NaN,NaN,18260672,5806904,2880,282624,294400,NaN,NaN
2026-04-30 23:18:26.853,57832,ESTAB,prague,228,24.971,3.688,20.03,1448,38,55024,55024,4045476,4045476,79274,NaN,2887,1576,2879,195,NaN,NaN,18260672,5806904,2880,282624,294400,NaN,NaN
2026-04-30 23:18:27.094,57832,ESTAB,prague,228,24.971,3.688,20.03,1448,38,55024,55024,4045476,4045476,79274,NaN,2887,1576,2879,195,NaN,NaN,18260672,5806904,2880,282624,294400,NaN,NaN
2026-04-30 23:18:27.342,57832,ESTAB,prague,228,24.971,3.688,20.03,1448,38,55024,55024,4045476,4045476,79274,NaN,2887,1576,2879,195,NaN,NaN,18260672,5806904,2880,282624,294400,NaN,NaN
2026-04-30 23:18:27.583,57832,ESTAB,prague,228,24.971,3.688,20.03,1448,38,55024,55024,4045476,4045476,79274,NaN,2887,1576,2879,195,NaN,NaN,18260672,5806904,2880,282624,294400,NaN,NaN
2026-04-30 23:18:27.824,57832,ESTAB,prague,228,24.971,3.688,20.03,1448,38,55024,55024,4045476,4045476,79274,NaN,2887,1576,2879,195,NaN,NaN,18260672,5806904,2880,282624,294400,NaN,NaN
2026-04-30 23:18:28.074,57832,ESTAB,prague,228,24.971,3.688,20.03,1448,38,55024,55024,4045476,4045476,79274,NaN,2887,1576,2879,195,NaN,NaN,18260672,5806904,2880,282624,294400,NaN,NaN
2026-04-30 23:18:28.316,57832,ESTAB,prague,228,24.971,3.688,20.03,1448,38,55024,55024,4045476,4045476,79274,NaN,2887,1576,2879,195,NaN,NaN,18260672,5806904,2880,282624,294400,NaN,NaN
2026-04-30 23:18:28.550,57832,ESTAB,prague,228,24.971,3.688,20.03,1448,38,55024,55024,4045476,4045476,79274,NaN,2887,1576,2879,195,NaN,NaN,18260672,5806904,2880,282624,294400,NaN,NaN
2026-04-30 23:18:28.783,57832,ESTAB,prague,228,24.971,3.688,20.03,1448,38,55024,55024,4045476,4045476,79274,NaN,2887,1576,2879,195,NaN,NaN,18260672,5806904,2880,282624,294400,NaN,NaN
2026-04-30 23:18:29.031,57832,ESTAB,prague,228,24.971,3.688,20.03,1448,38,55024,55024,4045476,4045476,79274,NaN,2887,1576,2879,195,NaN,NaN,18260672,5806904,2880,282624,294400,NaN,NaN
2026-04-30 23:18:29.275,57832,ESTAB,prague,228,24.971,3.688,20.03,1448,38,55024,55024,4045476,4045476,79274,NaN,2887,1576,2879,195,NaN,NaN,18260672,5806904,2880,282624,294400,NaN,NaN
2026-04-30 23:18:29.515,57832,ESTAB,prague,228,24.971,3.688,20.03,1448,38,55024,55024,4045476,4045476,79274,NaN,2887,1576,2879,195,NaN,NaN,18260672,5806904,2880,282624,294400,NaN,NaN
2026-04-30 23:18:29.754,57832,ESTAB,prague,228,24.971,3.688,20.03,1448,38,55024,55024,4045476,4045476,79274,NaN,2887,1576,2879,195,NaN,NaN,18260672,5806904,2880,282624,294400,NaN,NaN
2026-04-30 23:18:29.996,57832,ESTAB,prague,228,24.971,3.688,20.03,1448,38,55024,55024,4045476,4045476,79274,NaN,2887,1576,2879,195,NaN,NaN,18260672,5806904,2880,282624,294400,NaN,NaN
2026-04-30 23:18:30.247,57832,ESTAB,prague,228,24.971,3.688,20.03,1448,38,55024,55024,4045476,4045476,79274,NaN,2887,1576,2879,195,NaN,NaN,18260672,5806904,2880,282624,294400,NaN,NaN
2026-04-30 23:18:30.506,57832,ESTAB,prague,228,24.971,3.688,20.03,1448,38,55024,55024,4045476,4045476,79274,NaN,2888,1577,2879,195,NaN,NaN,18260672,5806904,2880,282624,294400,NaN,NaN
2026-04-30 23:18:30.750,57832,ESTAB,prague,228,24.971,3.688,20.03,1448,38,55024,55024,4045476,4045476,79274,NaN,2888,1577,2879,195,NaN,NaN,18260672,5806904,2880,282624,294400,NaN,NaN
2026-04-30 23:18:30.995,57832,ESTAB,prague,228,24.971,3.688,20.03,1448,38,55024,55024,4045476,4045476,79274,NaN,2888,1577,2879,195,NaN,NaN,18260672,5806904,2880,282624,294400,NaN,NaN
2026-04-30 23:18:31.242,57832,ESTAB,prague,228,24.971,3.688,20.03,1448,38,55024,55024,4045476,4045476,79274,NaN,2888,1577,2879,195,NaN,NaN,18260672,5806904,2880,282624,294400,NaN,NaN
2026-04-30 23:18:31.499,57832,ESTAB,prague,228,24.971,3.688,20.03,1448,38,55024,55024,4045476,4045476,79274,NaN,2888,1577,2879,195,NaN,NaN,18260672,5806904,2880,282624,294400,NaN,NaN
2026-04-30 23:18:31.745,57832,ESTAB,prague,228,24.971,3.688,20.03,1448,38,55024,55024,4045476,4045476,79274,NaN,2888,1577,2879,195,NaN,NaN,18260672,5806904,2880,282624,294400,NaN,NaN
2026-04-30 23:18:31.985,57832,ESTAB,prague,228,24.971,3.688,20.03,1448,38,55024,55024,4045476,4045476,79274,NaN,2888,1577,2879,195,NaN,NaN,18260672,5806904,2880,282624,294400,NaN,NaN
2026-04-30 23:18:32.214,57832,ESTAB,prague,228,24.971,3.688,20.03,1448,38,55024,55024,4045476,4045476,79274,NaN,2888,1577,2879,195,NaN,NaN,18260672,5806904,2880,282624,294400,NaN,NaN
2026-04-30 23:18:32.447,57832,ESTAB,prague,228,24.971,3.688,20.03,1448,38,55024,55024,4045476,4045476,79274,NaN,2888,1577,2879,195,NaN,NaN,18260672,5806904,2880,282624,294400,NaN,NaN
2026-04-30 23:18:32.680,57832,ESTAB,prague,228,24.971,3.688,20.03,1448,38,55024,55024,4045476,4045476,79274,NaN,2888,1577,2879,195,NaN,NaN,18260672,5806904,2880,282624,294400,NaN,NaN
2026-04-30 23:18:32.913,57832,ESTAB,prague,228,24.971,3.688,20.03,1448,38,55024,55024,4045476,4045476,79274,NaN,2888,1577,2879,195,NaN,NaN,18260672,5806904,2880,282624,294400,NaN,NaN
2026-04-30 23:18:33.146,57832,ESTAB,prague,228,24.971,3.688,20.03,1448,38,55024,55024,4045476,4045476,79274,NaN,2888,1577,2879,195,NaN,NaN,18260672,5806904,2880,282624,294400,NaN,NaN
2026-04-30 23:18:33.380,57832,ESTAB,prague,228,24.971,3.688,20.03,1448,38,55024,55024,4045476,4045476,79274,NaN,2888,1577,2879,195,NaN,NaN,18260672,5806904,2880,282624,294400,NaN,NaN
2026-04-30 23:18:33.606,57832,ESTAB,prague,228,24.971,3.688,20.03,1448,38,55024,55024,4045476,4045476,79274,NaN,2888,1577,2879,195,NaN,NaN,18260672,5806904,2880,282624,294400,NaN,NaN
2026-04-30 23:18:33.835,57832,ESTAB,prague,228,24.971,3.688,20.03,1448,38,55024,55024,4045476,4045476,79274,NaN,2888,1577,2879,195,NaN,NaN,18260672,5806904,2880,282624,294400,NaN,NaN
2026-04-30 23:18:34.071,57832,ESTAB,prague,228,24.971,3.688,20.03,1448,38,55024,55024,4045476,4045476,79274,NaN,2888,1577,2879,195,NaN,NaN,18260672,5806904,2880,282624,294400,NaN,NaN
2026-04-30 23:18:34.315,57832,ESTAB,prague,228,24.971,3.688,20.03,1448,38,55024,55024,4045476,4045476,79274,NaN,2888,1577,2879,195,NaN,NaN,18260672,5806904,2880,282624,294400,NaN,NaN
2026-04-30 23:18:34.555,57832,ESTAB,prague,228,24.971,3.688,20.03,1448,38,55024,55024,4045476,4045476,79274,NaN,2888,1577,2879,195,NaN,NaN,18260672,5806904,2880,282624,294400,NaN,NaN
2026-04-30 23:18:34.787,57832,ESTAB,prague,228,24.971,3.688,20.03,1448,38,55024,55024,4045476,4045476,79274,NaN,2888,1577,2879,195,NaN,NaN,18260672,5806904,2880,282624,294400,NaN,NaN
2026-04-30 23:18:35.021,57832,ESTAB,prague,228,24.971,3.688,20.03,1448,38,55024,55024,4045476,4045476,79274,NaN,2888,1577,2879,195,NaN,NaN,18260672,5806904,2880,282624,294400,NaN,NaN
2026-04-30 23:18:35.254,57832,ESTAB,prague,228,24.971,3.688,20.03,1448,38,55024,55024,4045476,4045476,79274,NaN,2888,1577,2879,195,NaN,NaN,18260672,5806904,2880,282624,294400,NaN,NaN
2026-04-30 23:18:35.489,57832,ESTAB,prague,228,24.971,3.688,20.03,1448,38,55024,55024,4045476,4045476,79274,NaN,2888,1577,2879,195,NaN,NaN,18260672,5806904,2880,282624,294400,NaN,NaN
2026-04-30 23:18:35.723,57832,ESTAB,prague,228,24.971,3.688,20.03,1448,38,55024,55024,4045476,4045476,79274,NaN,2888,1577,2879,195,NaN,NaN,18260672,5806904,2880,282624,294400,NaN,NaN
2026-04-30 23:18:35.952,57832,ESTAB,prague,228,24.971,3.688,20.03,1448,38,55024,55024,4045476,4045476,79274,NaN,2888,1577,2879,195,NaN,NaN,18260672,5806904,2880,282624,294400,NaN,NaN
2026-04-30 23:18:36.181,57832,ESTAB,prague,228,24.971,3.688,20.03,1448,38,55024,55024,4045476,4045476,79274,NaN,2888,1577,2879,195,NaN,NaN,18260672,5806904,2880,282624,294400,NaN,NaN
2026-04-30 23:18:36.424,57832,ESTAB,prague,228,24.971,3.688,20.03,1448,38,55024,55024,4045476,4045476,79274,NaN,2888,1577,2879,195,NaN,NaN,18260672,5806904,2880,282624,294400,NaN,NaN
2026-04-30 23:18:36.658,57832,ESTAB,prague,228,24.971,3.688,20.03,1448,38,55024,55024,4045476,4045476,79274,NaN,2888,1577,2879,195,NaN,NaN,18260672,5806904,2880,282624,294400,NaN,NaN
2026-04-30 23:18:36.895,57832,ESTAB,prague,228,24.971,3.688,20.03,1448,38,55024,55024,4045476,4045476,79274,NaN,2888,1577,2879,195,NaN,NaN,18260672,5806904,2880,282624,294400,NaN,NaN
2026-04-30 23:18:37.134,57832,ESTAB,prague,228,24.971,3.688,20.03,1448,38,55024,55024,4045476,4045476,79274,NaN,2888,1577,2879,195,NaN,NaN,18260672,5806904,2880,282624,294400,NaN,NaN
2026-04-30 23:18:37.375,57832,ESTAB,prague,228,24.971,3.688,20.03,1448,38,55024,55024,4045476,4045476,79274,NaN,2888,1577,2879,195,NaN,NaN,18260672,5806904,2880,282624,294400,NaN,NaN
2026-04-30 23:18:37.620,57832,ESTAB,prague,228,24.971,3.688,20.03,1448,38,55024,55024,4045476,4045476,79274,NaN,2888,1577,2879,195,NaN,NaN,18260672,5806904,2880,282624,294400,NaN,NaN
2026-04-30 23:18:37.866,57832,ESTAB,prague,228,24.971,3.688,20.03,1448,38,55024,55024,4045476,4045476,79274,NaN,2888,1577,2879,195,NaN,NaN,18260672,5806904,2880,282624,294400,NaN,NaN
2026-04-30 23:18:38.112,57832,ESTAB,prague,228,24.971,3.688,20.03,1448,38,55024,55024,4045476,4045476,79274,NaN,2888,1577,2879,195,NaN,NaN,18260672,5806904,2880,282624,294400,NaN,NaN
2026-04-30 23:18:38.344,57832,ESTAB,prague,228,24.971,3.688,20.03,1448,38,55024,55024,4045476,4045476,79274,NaN,2888,1577,2879,195,NaN,NaN,18260672,5806904,2880,282624,294400,NaN,NaN
2026-04-30 23:18:38.586,57832,ESTAB,prague,228,24.971,3.688,20.03,1448,38,55024,55024,4045476,4045476,79274,NaN,2888,1577,2879,195,NaN,NaN,18260672,5806904,2880,282624,294400,NaN,NaN
2026-04-30 23:18:38.841,57832,ESTAB,prague,228,24.971,3.688,20.03,1448,38,55024,55024,4045476,4045476,79274,NaN,2888,1577,2879,195,NaN,NaN,18260672,5806904,2880,282624,294400,NaN,NaN
2026-04-30 23:18:39.095,57832,ESTAB,prague,228,24.971,3.688,20.03,1448,38,55024,55024,4045476,4045476,79274,NaN,2888,1577,2879,195,NaN,NaN,18260672,5806904,2880,282624,294400,NaN,NaN
2026-04-30 23:18:39.345,57832,ESTAB,prague,228,24.971,3.688,20.03,1448,38,55024,55024,4045476,4045476,79274,NaN,2888,1577,2879,195,NaN,NaN,18260672,5806904,2880,282624,294400,NaN,NaN
2026-04-30 23:18:39.592,57832,ESTAB,prague,228,24.971,3.688,20.03,1448,38,55024,55024,4045476,4045476,79274,NaN,2888,1577,2879,195,NaN,NaN,18260672,5806904,2880,282624,294400,NaN,NaN
2026-04-30 23:18:39.853,57832,ESTAB,prague,228,24.971,3.688,20.03,1448,38,55024,55024,4045476,4045476,79274,NaN,2888,1577,2879,195,NaN,NaN,18260672,5806904,2880,282624,294400,NaN,NaN
2026-04-30 23:18:40.108,57832,ESTAB,prague,228,24.971,3.688,20.03,1448,38,55024,55024,4045476,4045476,79274,NaN,2888,1577,2879,195,NaN,NaN,18260672,5806904,2880,282624,294400,NaN,NaN
2026-04-30 23:18:40.353,57832,ESTAB,prague,228,24.971,3.688,20.03,1448,38,55024,55024,4045476,4045476,79274,NaN,2888,1577,2879,195,NaN,NaN,18260672,5806904,2880,282624,294400,NaN,NaN
2026-04-30 23:18:40.602,57832,ESTAB,prague,228,24.971,3.688,20.03,1448,38,55024,55024,4045476,4045476,79274,NaN,2888,1577,2879,195,NaN,NaN,18260672,5806904,2880,282624,294400,NaN,NaN
2026-04-30 23:18:40.852,57832,ESTAB,prague,228,24.971,3.688,20.03,1448,38,55024,55024,4045476,4045476,79274,NaN,2888,1577,2879,195,NaN,NaN,18260672,5806904,2880,282624,294400,NaN,NaN
2026-04-30 23:18:41.110,57832,ESTAB,prague,228,24.971,3.688,20.03,1448,38,55024,55024,4045476,4045476,79274,NaN,2888,1577,2879,195,NaN,NaN,18260672,5806904,2880,282624,294400,NaN,NaN
2026-04-30 23:18:41.359,57832,ESTAB,prague,228,24.971,3.688,20.03,1448,38,55024,55024,4045476,4045476,79274,NaN,2888,1577,2879,195,NaN,NaN,18260672,5806904,2880,282624,294400,NaN,NaN
2026-04-30 23:18:41.605,57832,ESTAB,prague,228,24.971,3.688,20.03,1448,38,55024,55024,4045476,4045476,79274,NaN,2888,1577,2879,195,NaN,NaN,18260672,5806904,2880,282624,294400,NaN,NaN
2026-04-30 23:18:41.848,57832,ESTAB,prague,228,24.971,3.688,20.03,1448,38,55024,55024,4045476,4045476,79274,NaN,2888,1577,2879,195,NaN,NaN,18260672,5806904,2880,282624,294400,NaN,NaN
2026-04-30 23:18:42.102,57832,ESTAB,prague,228,24.971,3.688,20.03,1448,38,55024,55024,4045476,4045476,79274,NaN,2888,1577,2879,195,NaN,NaN,18260672,5806904,2880,282624,294400,NaN,NaN
2026-04-30 23:18:42.353,57832,ESTAB,prague,228,24.971,3.688,20.03,1448,38,55024,55024,4045476,4045476,79274,NaN,2888,1577,2879,195,NaN,NaN,18260672,5806904,2880,282624,294400,NaN,NaN
2026-04-30 23:18:42.607,57832,ESTAB,prague,228,24.971,3.688,20.03,1448,38,55024,55024,4045476,4045476,79274,NaN,2888,1577,2879,195,NaN,NaN,18260672,5806904,2880,282624,294400,NaN,NaN
2026-04-30 23:18:42.865,57832,ESTAB,prague,228,24.971,3.688,20.03,1448,38,55024,55024,4045476,4045476,79274,NaN,2888,1577,2879,195,NaN,NaN,18260672,5806904,2880,282624,294400,NaN,NaN
2026-04-30 23:18:43.101,57832,ESTAB,prague,228,24.971,3.688,20.03,1448,38,55024,55024,4045476,4045476,79274,NaN,2888,1577,2879,195,NaN,NaN,18260672,5806904,2880,282624,294400,NaN,NaN
2026-04-30 23:18:43.345,57832,ESTAB,prague,228,24.971,3.688,20.03,1448,38,55024,55024,4045476,4045476,79274,NaN,2888,1577,2879,195,NaN,NaN,18260672,5806904,2880,282624,294400,NaN,NaN
2026-04-30 23:18:43.602,57832,ESTAB,prague,228,24.971,3.688,20.03,1448,38,55024,55024,4045476,4045476,79274,NaN,2888,1577,2879,195,NaN,NaN,18260672,5806904,2880,282624,294400,NaN,NaN
2026-04-30 23:18:43.851,57832,ESTAB,prague,228,24.971,3.688,20.03,1448,38,55024,55024,4045476,4045476,79274,NaN,2888,1577,2879,195,NaN,NaN,18260672,5806904,2880,282624,294400,NaN,NaN
2026-04-30 23:18:44.103,57832,ESTAB,prague,228,24.971,3.688,20.03,1448,38,55024,55024,4045476,4045476,79274,NaN,2888,1577,2879,195,NaN,NaN,18260672,5806904,2880,282624,294400,NaN,NaN
2026-04-30 23:18:44.357,57832,ESTAB,prague,228,24.971,3.688,20.03,1448,38,55024,55024,4045476,4045476,79274,NaN,2888,1577,2879,195,NaN,NaN,18260672,5806904,2880,282624,294400,NaN,NaN
2026-04-30 23:18:44.606,57832,ESTAB,prague,228,24.971,3.688,20.03,1448,38,55024,55024,4045476,4045476,79274,NaN,2888,1577,2879,195,NaN,NaN,18260672,5806904,2880,282624,294400,NaN,NaN
2026-04-30 23:18:44.846,57832,ESTAB,prague,228,24.971,3.688,20.03,1448,38,55024,55024,4045476,4045476,79274,NaN,2888,1577,2879,195,NaN,NaN,18260672,5806904,2880,282624,294400,NaN,NaN
2026-04-30 23:18:45.101,57832,ESTAB,prague,228,24.971,3.688,20.03,1448,38,55024,55024,4045476,4045476,79274,NaN,2888,1577,2879,195,NaN,NaN,18260672,5806904,2880,282624,294400,NaN,NaN
2026-04-30 23:18:45.359,57832,ESTAB,prague,228,24.971,3.688,20.03,1448,38,55024,55024,4045476,4045476,79274,NaN,2888,1577,2879,195,NaN,NaN,18260672,5806904,2880,282624,294400,NaN,NaN
2026-04-30 23:18:45.615,57832,ESTAB,prague,228,24.971,3.688,20.03,1448,38,55024,55024,4045476,4045476,79274,NaN,2889,1578,2879,195,NaN,NaN,18260672,5806904,2880,282624,294400,NaN,NaN
2026-04-30 23:18:45.867,57832,ESTAB,prague,228,24.971,3.688,20.03,1448,38,55024,55024,4045476,4045476,79274,NaN,2889,1578,2879,195,NaN,NaN,18260672,5806904,2880,282624,294400,NaN,NaN
2026-04-30 23:18:46.121,57832,ESTAB,prague,228,24.971,3.688,20.03,1448,38,55024,55024,4045476,4045476,79274,NaN,2889,1578,2879,195,NaN,NaN,18260672,5806904,2880,282624,294400,NaN,NaN
2026-04-30 23:18:46.374,57832,ESTAB,prague,228,24.971,3.688,20.03,1448,38,55024,55024,4045476,4045476,79274,NaN,2889,1578,2879,195,NaN,NaN,18260672,5806904,2880,282624,294400,NaN,NaN
2026-04-30 23:18:46.618,57832,ESTAB,prague,228,24.971,3.688,20.03,1448,38,55024,55024,4045476,4045476,79274,NaN,2889,1578,2879,195,NaN,NaN,18260672,5806904,2880,282624,294400,NaN,NaN
2026-04-30 23:18:46.858,57832,ESTAB,prague,228,24.971,3.688,20.03,1448,38,55024,55024,4045476,4045476,79274,NaN,2889,1578,2879,195,NaN,NaN,18260672,5806904,2880,282624,294400,NaN,NaN
2026-04-30 23:18:47.115,57832,ESTAB,prague,228,24.971,3.688,20.03,1448,38,55024,55024,4045476,4045476,79274,NaN,2889,1578,2879,195,NaN,NaN,18260672,5806904,2880,282624,294400,NaN,NaN
2026-04-30 23:18:47.371,57832,ESTAB,prague,228,24.971,3.688,20.03,1448,38,55024,55024,4045476,4045476,79274,NaN,2889,1578,2879,195,NaN,NaN,18260672,5806904,2880,282624,294400,NaN,NaN
2026-04-30 23:18:47.621,57832,ESTAB,prague,228,24.971,3.688,20.03,1448,38,55024,55024,4045476,4045476,79274,NaN,2889,1578,2879,195,NaN,NaN,18260672,5806904,2880,282624,294400,NaN,NaN
2026-04-30 23:18:47.871,57832,ESTAB,prague,228,24.971,3.688,20.03,1448,38,55024,55024,4045476,4045476,79274,NaN,2889,1578,2879,195,NaN,NaN,18260672,5806904,2880,282624,294400,NaN,NaN
2026-04-30 23:18:48.121,57832,ESTAB,prague,228,24.971,3.688,20.03,1448,38,55024,55024,4045476,4045476,79274,NaN,2889,1578,2879,195,NaN,NaN,18260672,5806904,2880,282624,294400,NaN,NaN
2026-04-30 23:18:48.375,57832,ESTAB,prague,228,24.971,3.688,20.03,1448,38,55024,55024,4045476,4045476,79274,NaN,2889,1578,2879,195,NaN,NaN,18260672,5806904,2880,282624,294400,NaN,NaN
2026-04-30 23:18:48.639,57832,ESTAB,prague,228,24.971,3.688,20.03,1448,38,55024,55024,4045476,4045476,79274,NaN,2889,1578,2879,195,NaN,NaN,18260672,5806904,2880,282624,294400,NaN,NaN
2026-04-30 23:18:48.898,57832,ESTAB,prague,228,24.971,3.688,20.03,1448,38,55024,55024,4045476,4045476,79274,NaN,2889,1578,2879,195,NaN,NaN,18260672,5806904,2880,282624,294400,NaN,NaN
2026-04-30 23:18:49.151,57832,ESTAB,prague,228,24.971,3.688,20.03,1448,38,55024,55024,4045476,4045476,79274,NaN,2889,1578,2879,195,NaN,NaN,18260672,5806904,2880,282624,294400,NaN,NaN
2026-04-30 23:18:49.401,57832,ESTAB,prague,228,24.971,3.688,20.03,1448,38,55024,55024,4045476,4045476,79274,NaN,2889,1578,2879,195,NaN,NaN,18260672,5806904,2880,282624,294400,NaN,NaN
2026-04-30 23:18:49.653,57832,ESTAB,prague,228,24.971,3.688,20.03,1448,38,55024,55024,4045476,4045476,79274,NaN,2889,1578,2879,195,NaN,NaN,18260672,5806904,2880,282624,294400,NaN,NaN
2026-04-30 23:18:49.899,57832,ESTAB,prague,228,24.971,3.688,20.03,1448,38,55024,55024,4045476,4045476,79274,NaN,2889,1578,2879,195,NaN,NaN,18260672,5806904,2880,282624,294400,NaN,NaN
2026-04-30 23:18:50.134,57832,ESTAB,prague,228,24.971,3.688,20.03,1448,38,55024,55024,4045476,4045476,79274,NaN,2889,1578,2879,195,NaN,NaN,18260672,5806904,2880,282624,294400,NaN,NaN
2026-04-30 23:18:50.378,57832,ESTAB,prague,228,24.971,3.688,20.03,1448,38,55024,55024,4045476,4045476,79274,NaN,2889,1578,2879,195,NaN,NaN,18260672,5806904,2880,282624,294400,NaN,NaN
2026-04-30 23:18:50.617,57832,ESTAB,prague,228,24.971,3.688,20.03,1448,38,55024,55024,4045476,4045476,79274,NaN,2889,1578,2879,195,NaN,NaN,18260672,5806904,2880,282624,294400,NaN,NaN
2026-04-30 23:18:50.869,57832,ESTAB,prague,228,24.971,3.688,20.03,1448,38,55024,55024,4045476,4045476,79274,NaN,2889,1578,2879,195,NaN,NaN,18260672,5806904,2880,282624,294400,NaN,NaN
2026-04-30 23:18:51.119,57832,ESTAB,prague,228,24.971,3.688,20.03,1448,38,55024,55024,4045476,4045476,79274,NaN,2889,1578,2879,195,NaN,NaN,18260672,5806904,2880,282624,294400,NaN,NaN
2026-04-30 23:18:51.371,57832,ESTAB,prague,228,24.971,3.688,20.03,1448,38,55024,55024,4045476,4045476,79274,NaN,2889,1578,2879,195,NaN,NaN,18260672,5806904,2880,282624,294400,NaN,NaN
2026-04-30 23:18:51.626,57832,ESTAB,prague,228,24.971,3.688,20.03,1448,38,55024,55024,4045476,4045476,79274,NaN,2889,1578,2879,195,NaN,NaN,18260672,5806904,2880,282624,294400,NaN,NaN
2026-04-30 23:18:51.880,57832,ESTAB,prague,228,24.971,3.688,20.03,1448,38,55024,55024,4045476,4045476,79274,NaN,2889,1578,2879,195,NaN,NaN,18260672,5806904,2880,282624,294400,NaN,NaN
2026-04-30 23:18:52.134,57832,ESTAB,prague,228,24.971,3.688,20.03,1448,38,55024,55024,4045476,4045476,79274,NaN,2889,1578,2879,195,NaN,NaN,18260672,5806904,2880,282624,294400,NaN,NaN
2026-04-30 23:18:52.390,57832,ESTAB,prague,228,24.971,3.688,20.03,1448,38,55024,55024,4045476,4045476,79274,NaN,2889,1578,2879,195,NaN,NaN,18260672,5806904,2880,282624,294400,NaN,NaN
2026-04-30 23:18:52.638,57832,ESTAB,prague,228,24.971,3.688,20.03,1448,38,55024,55024,4045476,4045476,79274,NaN,2889,1578,2879,195,NaN,NaN,18260672,5806904,2880,282624,294400,NaN,NaN
2026-04-30 23:18:52.884,57832,ESTAB,prague,228,24.971,3.688,20.03,1448,38,55024,55024,4045476,4045476,79274,NaN,2889,1578,2879,195,NaN,NaN,18260672,5806904,2880,282624,294400,NaN,NaN
2026-04-30 23:18:53.121,57832,ESTAB,prague,228,24.971,3.688,20.03,1448,38,55024,55024,4045476,4045476,79274,NaN,2889,1578,2879,195,NaN,NaN,18260672,5806904,2880,282624,294400,NaN,NaN
2026-04-30 23:18:53.382,57832,ESTAB,prague,228,24.971,3.688,20.03,1448,38,55024,55024,4045476,4045476,79274,NaN,2889,1578,2879,195,NaN,NaN,18260672,5806904,2880,282624,294400,NaN,NaN
2026-04-30 23:18:53.645,57832,ESTAB,prague,228,24.971,3.688,20.03,1448,38,55024,55024,4045476,4045476,79274,NaN,2889,1578,2879,195,NaN,NaN,18260672,5806904,2880,282624,294400,NaN,NaN
2026-04-30 23:18:53.895,57832,ESTAB,prague,228,24.971,3.688,20.03,1448,38,55024,55024,4045476,4045476,79274,NaN,2889,1578,2879,195,NaN,NaN,18260672,5806904,2880,282624,294400,NaN,NaN
2026-04-30 23:18:54.123,57832,ESTAB,prague,228,24.971,3.688,20.03,1448,38,55024,55024,4045476,4045476,79274,NaN,2889,1578,2879,195,NaN,NaN,18260672,5806904,2880,282624,294400,NaN,NaN
2026-04-30 23:18:54.345,57832,ESTAB,prague,228,24.971,3.688,20.03,1448,38,55024,55024,4045476,4045476,79274,NaN,2889,1578,2879,195,NaN,NaN,18260672,5806904,2880,282624,294400,NaN,NaN
2026-04-30 23:18:54.566,57832,ESTAB,prague,228,24.971,3.688,20.03,1448,38,55024,55024,4045476,4045476,79274,NaN,2889,1578,2879,195,NaN,NaN,18260672,5806904,2880,282624,294400,NaN,NaN
2026-04-30 23:18:54.799,57832,ESTAB,prague,228,24.971,3.688,20.03,1448,38,55024,55024,4045476,4045476,79274,NaN,2889,1578,2879,195,NaN,NaN,18260672,5806904,2880,282624,294400,NaN,NaN
2026-04-30 23:18:55.060,57832,ESTAB,prague,228,24.971,3.688,20.03,1448,38,55024,55024,4045476,4045476,79274,NaN,2889,1578,2879,195,NaN,NaN,18260672,5806904,2880,282624,294400,NaN,NaN
2026-04-30 23:18:55.308,57832,ESTAB,prague,228,24.971,3.688,20.03,1448,38,55024,55024,4045476,4045476,79274,NaN,2889,1578,2879,195,NaN,NaN,18260672,5806904,2880,282624,294400,NaN,NaN
2026-04-30 23:18:55.559,57832,ESTAB,prague,228,24.971,3.688,20.03,1448,38,55024,55024,4045476,4045476,79274,NaN,2889,1578,2879,195,NaN,NaN,18260672,5806904,2880,282624,294400,NaN,NaN
2026-04-30 23:18:55.835,57832,ESTAB,prague,228,24.971,3.688,20.03,1448,38,55024,55024,4045476,4045476,79274,NaN,2889,1578,2879,195,NaN,NaN,18260672,5806904,2880,282624,294400,NaN,NaN
2026-04-30 23:18:56.076,57832,ESTAB,prague,228,24.971,3.688,20.03,1448,38,55024,55024,4045476,4045476,79274,NaN,2889,1578,2879,195,NaN,NaN,18260672,5806904,2880,282624,294400,NaN,NaN
2026-04-30 23:18:56.334,57832,ESTAB,prague,228,24.971,3.688,20.03,1448,38,55024,55024,4045476,4045476,79274,NaN,2889,1578,2879,195,NaN,NaN,18260672,5806904,2880,282624,294400,NaN,NaN
2026-04-30 23:18:56.574,57832,ESTAB,prague,228,24.971,3.688,20.03,1448,38,55024,55024,4045476,4045476,79274,NaN,2889,1578,2879,195,NaN,NaN,18260672,5806904,2880,282624,294400,NaN,NaN
2026-04-30 23:18:56.819,57832,ESTAB,prague,228,24.971,3.688,20.03,1448,38,55024,55024,4045476,4045476,79274,NaN,2889,1578,2879,195,NaN,NaN,18260672,5806904,2880,282624,294400,NaN,NaN
2026-04-30 23:18:57.057,57832,ESTAB,prague,228,24.971,3.688,20.03,1448,38,55024,55024,4045476,4045476,79274,NaN,2889,1578,2879,195,NaN,NaN,18260672,5806904,2880,282624,294400,NaN,NaN
2026-04-30 23:18:57.286,57832,ESTAB,prague,228,24.971,3.688,20.03,1448,38,55024,55024,4045476,4045476,79274,NaN,2889,1578,2879,195,NaN,NaN,18260672,5806904,2880,282624,294400,NaN,NaN
2026-04-30 23:18:57.516,57832,ESTAB,prague,228,24.971,3.688,20.03,1448,38,55024,55024,4045476,4045476,79274,NaN,2889,1578,2879,195,NaN,NaN,18260672,5806904,2880,282624,294400,NaN,NaN
2026-04-30 23:18:57.765,57832,ESTAB,prague,228,24.971,3.688,20.03,1448,38,55024,55024,4045476,4045476,79274,NaN,2889,1578,2879,195,NaN,NaN,18260672,5806904,2880,282624,294400,NaN,NaN
2026-04-30 23:18:58.013,57832,ESTAB,prague,228,24.971,3.688,20.03,1448,38,55024,55024,4045476,4045476,79274,NaN,2889,1578,2879,195,NaN,NaN,18260672,5806904,2880,282624,294400,NaN,NaN
2026-04-30 23:18:58.279,57832,ESTAB,prague,228,24.971,3.688,20.03,1448,38,55024,55024,4045476,4045476,79274,NaN,2889,1578,2879,195,NaN,NaN,18260672,5806904,2880,282624,294400,NaN,NaN
2026-04-30 23:18:58.525,57832,ESTAB,prague,228,24.971,3.688,20.03,1448,38,55024,55024,4045476,4045476,79274,NaN,2889,1578,2879,195,NaN,NaN,18260672,5806904,2880,282624,294400,NaN,NaN
2026-04-30 23:18:58.762,57832,ESTAB,prague,228,24.971,3.688,20.03,1448,38,55024,55024,4045476,4045476,79274,NaN,2889,1578,2879,195,NaN,NaN,18260672,5806904,2880,282624,294400,NaN,NaN
2026-04-30 23:18:59.020,57832,ESTAB,prague,228,24.971,3.688,20.03,1448,38,55024,55024,4045476,4045476,79274,NaN,2889,1578,2879,195,NaN,NaN,18260672,5806904,2880,282624,294400,NaN,NaN
2026-04-30 23:18:59.271,57832,ESTAB,prague,228,24.971,3.688,20.03,1448,38,55024,55024,4045476,4045476,79274,NaN,2889,1578,2879,195,NaN,NaN,18260672,5806904,2880,282624,294400,NaN,NaN
2026-04-30 23:18:59.505,57832,ESTAB,prague,228,24.971,3.688,20.03,1448,38,55024,55024,4045476,4045476,79274,NaN,2889,1578,2879,195,NaN,NaN,18260672,5806904,2880,282624,294400,NaN,NaN
2026-04-30 23:18:59.743,57832,ESTAB,prague,228,24.971,3.688,20.03,1448,38,55024,55024,4045476,4045476,79274,NaN,2889,1578,2879,195,NaN,NaN,18260672,5806904,2880,282624,294400,NaN,NaN
2026-04-30 23:18:59.993,57832,ESTAB,prague,228,24.971,3.688,20.03,1448,38,55024,55024,4045476,4045476,79274,NaN,2889,1578,2879,195,NaN,NaN,18260672,5806904,2880,282624,294400,NaN,NaN
2026-04-30 23:19:00.241,57832,ESTAB,prague,228,24.971,3.688,20.03,1448,38,55024,55024,4045476,4045476,79274,NaN,2889,1578,2879,195,NaN,NaN,18260672,5806904,2880,282624,294400,NaN,NaN
2026-04-30 23:19:00.482,57832,ESTAB,prague,228,24.971,3.688,20.03,1448,38,55024,55024,4045476,4045476,79274,NaN,2889,1578,2879,195,NaN,NaN,18260672,5806904,2880,282624,294400,NaN,NaN
2026-04-30 23:19:00.719,57832,ESTAB,prague,228,24.971,3.688,20.03,1448,38,55024,55024,4045476,4045476,79274,NaN,2890,1579,2879,195,NaN,NaN,18260672,5806904,2880,282624,294400,NaN,NaN
2026-04-30 23:19:00.973,57832,ESTAB,prague,228,24.971,3.688,20.03,1448,38,55024,55024,4045476,4045476,79274,NaN,2890,1579,2879,195,NaN,NaN,18260672,5806904,2880,282624,294400,NaN,NaN
2026-04-30 23:19:01.226,57832,ESTAB,prague,228,24.971,3.688,20.03,1448,38,55024,55024,4045476,4045476,79274,NaN,2890,1579,2879,195,NaN,NaN,18260672,5806904,2880,282624,294400,NaN,NaN
2026-04-30 23:19:01.479,57832,ESTAB,prague,228,24.971,3.688,20.03,1448,38,55024,55024,4045476,4045476,79274,NaN,2891,1580,2879,195,NaN,NaN,18260672,5806904,2880,282624,294400,NaN,NaN
2026-04-30 23:19:01.733,57832,ESTAB,prague,228,24.971,3.688,20.03,1448,38,55024,55024,4045476,4045476,79274,NaN,2891,1580,2879,195,NaN,NaN,18260672,5806904,2880,282624,294400,NaN,NaN
2026-04-30 23:19:01.997,57832,ESTAB,prague,228,24.971,3.688,20.03,1448,38,55024,55024,4045476,4045476,79274,NaN,2891,1580,2879,195,NaN,NaN,18260672,5806904,2880,282624,294400,NaN,NaN
2026-04-30 23:19:02.262,57832,ESTAB,prague,228,24.971,3.688,20.03,1448,38,55024,55024,4045476,4045476,79274,NaN,2891,1580,2879,195,NaN,NaN,18260672,5806904,2880,282624,294400,NaN,NaN
2026-04-30 23:19:02.526,57832,ESTAB,prague,228,24.971,3.688,20.03,1448,38,55024,55024,4045476,4045476,79274,NaN,2891,1580,2879,195,NaN,NaN,18260672,5806904,2880,282624,294400,NaN,NaN
2026-04-30 23:19:02.783,57832,ESTAB,prague,228,24.971,3.688,20.03,1448,38,55024,55024,4045476,4045476,79274,NaN,2891,1580,2879,195,NaN,NaN,18260672,5806904,2880,282624,294400,NaN,NaN
2026-04-30 23:19:03.026,57832,ESTAB,prague,228,24.971,3.688,20.03,1448,38,55024,55024,4045476,4045476,79274,NaN,2891,1580,2879,195,NaN,NaN,18260672,5806904,2880,282624,294400,NaN,NaN
2026-04-30 23:19:03.264,57832,ESTAB,prague,228,24.971,3.688,20.03,1448,38,55024,55024,4045476,4045476,79274,NaN,2891,1580,2879,195,NaN,NaN,18260672,5806904,2880,282624,294400,NaN,NaN
2026-04-30 23:19:03.503,57832,ESTAB,prague,228,24.971,3.688,20.03,1448,38,55024,55024,4045476,4045476,79274,NaN,2891,1580,2879,195,NaN,NaN,18260672,5806904,2880,282624,294400,NaN,NaN
2026-04-30 23:19:03.754,57832,ESTAB,prague,228,24.971,3.688,20.03,1448,38,55024,55024,4045476,4045476,79274,NaN,2891,1580,2879,195,NaN,NaN,18260672,5806904,2880,282624,294400,NaN,NaN
2026-04-30 23:19:04.019,57832,ESTAB,prague,228,24.971,3.688,20.03,1448,38,55024,55024,4045476,4045476,79274,NaN,2891,1580,2879,195,NaN,NaN,18260672,5806904,2880,282624,294400,NaN,NaN
2026-04-30 23:19:04.260,57832,ESTAB,prague,228,24.971,3.688,20.03,1448,38,55024,55024,4045476,4045476,79274,NaN,2891,1580,2879,195,NaN,NaN,18260672,5806904,2880,282624,294400,NaN,NaN
2026-04-30 23:19:04.512,57832,ESTAB,prague,228,24.971,3.688,20.03,1448,38,55024,55024,4045476,4045476,79274,NaN,2891,1580,2879,195,NaN,NaN,18260672,5806904,2880,282624,294400,NaN,NaN
2026-04-30 23:19:04.774,57832,ESTAB,prague,228,24.971,3.688,20.03,1448,38,55024,55024,4045476,4045476,79274,NaN,2891,1580,2879,195,NaN,NaN,18260672,5806904,2880,282624,294400,NaN,NaN
2026-04-30 23:19:05.036,57832,ESTAB,prague,228,24.971,3.688,20.03,1448,38,55024,55024,4045476,4045476,79274,NaN,2891,1580,2879,195,NaN,NaN,18260672,5806904,2880,282624,294400,NaN,NaN
2026-04-30 23:19:05.306,57832,ESTAB,prague,228,24.971,3.688,20.03,1448,38,55024,55024,4045476,4045476,79274,NaN,2891,1580,2879,195,NaN,NaN,18260672,5806904,2880,282624,294400,NaN,NaN
2026-04-30 23:19:05.561,57832,ESTAB,prague,228,24.971,3.688,20.03,1448,38,55024,55024,4045476,4045476,79274,NaN,2891,1580,2879,195,NaN,NaN,18260672,5806904,2880,282624,294400,NaN,NaN
2026-04-30 23:19:05.830,57832,ESTAB,prague,228,24.971,3.688,20.03,1448,38,55024,55024,4045476,4045476,79274,NaN,2891,1580,2879,195,NaN,NaN,18260672,5806904,2880,282624,294400,NaN,NaN
2026-04-30 23:19:06.085,57832,ESTAB,prague,228,24.971,3.688,20.03,1448,38,55024,55024,4045476,4045476,79274,NaN,2891,1580,2879,195,NaN,NaN,18260672,5806904,2880,282624,294400,NaN,NaN
2026-04-30 23:19:06.327,57832,ESTAB,prague,228,24.971,3.688,20.03,1448,38,55024,55024,4045476,4045476,79274,NaN,2891,1580,2879,195,NaN,NaN,18260672,5806904,2880,282624,294400,NaN,NaN
2026-04-30 23:19:06.569,57832,ESTAB,prague,228,24.971,3.688,20.03,1448,38,55024,55024,4045476,4045476,79274,NaN,2891,1580,2879,195,NaN,NaN,18260672,5806904,2880,282624,294400,NaN,NaN
2026-04-30 23:19:06.827,57832,ESTAB,prague,228,24.971,3.688,20.03,1448,38,55024,55024,4045476,4045476,79274,NaN,2891,1580,2879,195,NaN,NaN,18260672,5806904,2880,282624,294400,NaN,NaN
2026-04-30 23:19:07.083,57832,ESTAB,prague,228,24.971,3.688,20.03,1448,38,55024,55024,4045476,4045476,79274,NaN,2891,1580,2879,195,NaN,NaN,18260672,5806904,2880,282624,294400,NaN,NaN
2026-04-30 23:19:07.338,57832,ESTAB,prague,228,24.971,3.688,20.03,1448,38,55024,55024,4045476,4045476,79274,NaN,2891,1580,2879,195,NaN,NaN,18260672,5806904,2880,282624,294400,NaN,NaN
2026-04-30 23:19:07.578,57832,ESTAB,prague,228,24.971,3.688,20.03,1448,38,55024,55024,4045476,4045476,79274,NaN,2891,1580,2879,195,NaN,NaN,18260672,5806904,2880,282624,294400,NaN,NaN
2026-04-30 23:19:07.819,57832,ESTAB,prague,228,24.971,3.688,20.03,1448,38,55024,55024,4045476,4045476,79274,NaN,2891,1580,2879,195,NaN,NaN,18260672,5806904,2880,282624,294400,NaN,NaN
2026-04-30 23:19:08.083,57832,ESTAB,prague,228,24.971,3.688,20.03,1448,38,55024,55024,4045476,4045476,79274,NaN,2891,1580,2879,195,NaN,NaN,18260672,5806904,2880,282624,294400,NaN,NaN
2026-04-30 23:19:08.335,57832,ESTAB,prague,228,24.971,3.688,20.03,1448,38,55024,55024,4045476,4045476,79274,NaN,2891,1580,2879,195,NaN,NaN,18260672,5806904,2880,282624,294400,NaN,NaN
2026-04-30 23:19:08.586,57832,ESTAB,prague,228,24.971,3.688,20.03,1448,38,55024,55024,4045476,4045476,79274,NaN,2891,1580,2879,195,NaN,NaN,18260672,5806904,2880,282624,294400,NaN,NaN
2026-04-30 23:19:08.844,57832,ESTAB,prague,228,24.971,3.688,20.03,1448,38,55024,55024,4045476,4045476,79274,NaN,2891,1580,2879,195,NaN,NaN,18260672,5806904,2880,282624,294400,NaN,NaN
2026-04-30 23:19:09.089,57832,ESTAB,prague,228,24.971,3.688,20.03,1448,38,55024,55024,4045476,4045476,79274,NaN,2891,1580,2879,195,NaN,NaN,18260672,5806904,2880,282624,294400,NaN,NaN
2026-04-30 23:19:09.337,57832,ESTAB,prague,228,24.971,3.688,20.03,1448,38,55024,55024,4045476,4045476,79274,NaN,2891,1580,2879,195,NaN,NaN,18260672,5806904,2880,282624,294400,NaN,NaN
2026-04-30 23:19:09.585,57832,ESTAB,prague,228,24.971,3.688,20.03,1448,38,55024,55024,4045476,4045476,79274,NaN,2891,1580,2879,195,NaN,NaN,18260672,5806904,2880,282624,294400,NaN,NaN
2026-04-30 23:19:09.852,57832,ESTAB,prague,228,24.971,3.688,20.03,1448,38,55024,55024,4045476,4045476,79274,NaN,2891,1580,2879,195,NaN,NaN,18260672,5806904,2880,282624,294400,NaN,NaN
2026-04-30 23:19:10.101,57832,ESTAB,prague,228,24.971,3.688,20.03,1448,38,55024,55024,4045476,4045476,79274,NaN,2891,1580,2879,195,NaN,NaN,18260672,5806904,2880,282624,294400,NaN,NaN
2026-04-30 23:19:10.352,57832,ESTAB,prague,228,24.971,3.688,20.03,1448,38,55024,55024,4045476,4045476,79274,NaN,2891,1580,2879,195,NaN,NaN,18260672,5806904,2880,282624,294400,NaN,NaN
2026-04-30 23:19:10.589,57832,ESTAB,prague,228,24.971,3.688,20.03,1448,38,55024,55024,4045476,4045476,79274,NaN,2891,1580,2879,195,NaN,NaN,18260672,5806904,2880,282624,294400,NaN,NaN
2026-04-30 23:19:10.850,57832,ESTAB,prague,228,24.971,3.688,20.03,1448,38,55024,55024,4045476,4045476,79274,NaN,2891,1580,2879,195,NaN,NaN,18260672,5806904,2880,282624,294400,NaN,NaN
2026-04-30 23:19:11.096,57832,ESTAB,prague,228,24.971,3.688,20.03,1448,38,55024,55024,4045476,4045476,79274,NaN,2891,1580,2879,195,NaN,NaN,18260672,5806904,2880,282624,294400,NaN,NaN
2026-04-30 23:19:11.327,57832,ESTAB,prague,228,24.971,3.688,20.03,1448,38,55024,55024,4045476,4045476,79274,NaN,2891,1580,2879,195,NaN,NaN,18260672,5806904,2880,282624,294400,NaN,NaN
2026-04-30 23:19:11.566,57832,ESTAB,prague,228,24.971,3.688,20.03,1448,38,55024,55024,4045476,4045476,79274,NaN,2891,1580,2879,195,NaN,NaN,18260672,5806904,2880,282624,294400,NaN,NaN
2026-04-30 23:19:11.816,57832,ESTAB,prague,228,24.971,3.688,20.03,1448,38,55024,55024,4045476,4045476,79274,NaN,2891,1580,2879,195,NaN,NaN,18260672,5806904,2880,282624,294400,NaN,NaN
2026-04-30 23:19:12.061,57832,ESTAB,prague,228,24.971,3.688,20.03,1448,38,55024,55024,4045476,4045476,79274,NaN,2891,1580,2879,195,NaN,NaN,18260672,5806904,2880,282624,294400,NaN,NaN
2026-04-30 23:19:12.302,57832,ESTAB,prague,228,24.971,3.688,20.03,1448,38,55024,55024,4045476,4045476,79274,NaN,2891,1580,2879,195,NaN,NaN,18260672,5806904,2880,282624,294400,NaN,NaN
2026-04-30 23:19:12.543,57832,ESTAB,prague,228,24.971,3.688,20.03,1448,38,55024,55024,4045476,4045476,79274,NaN,2891,1580,2879,195,NaN,NaN,18260672,5806904,2880,282624,294400,NaN,NaN
2026-04-30 23:19:12.797,57832,ESTAB,prague,228,24.971,3.688,20.03,1448,38,55024,55024,4045476,4045476,79274,NaN,2891,1580,2879,195,NaN,NaN,18260672,5806904,2880,282624,294400,NaN,NaN
2026-04-30 23:19:13.042,57832,ESTAB,prague,228,24.971,3.688,20.03,1448,38,55024,55024,4045476,4045476,79274,NaN,2891,1580,2879,195,NaN,NaN,18260672,5806904,2880,282624,294400,NaN,NaN
2026-04-30 23:19:13.294,57832,ESTAB,prague,228,24.971,3.688,20.03,1448,38,55024,55024,4045476,4045476,79274,NaN,2891,1580,2879,195,NaN,NaN,18260672,5806904,2880,282624,294400,NaN,NaN
2026-04-30 23:19:13.558,57832,ESTAB,prague,228,24.971,3.688,20.03,1448,38,55024,55024,4045476,4045476,79274,NaN,2891,1580,2879,195,NaN,NaN,18260672,5806904,2880,282624,294400,NaN,NaN
2026-04-30 23:19:13.798,57832,ESTAB,prague,228,24.971,3.688,20.03,1448,38,55024,55024,4045476,4045476,79274,NaN,2891,1580,2879,195,NaN,NaN,18260672,5806904,2880,282624,294400,NaN,NaN
