time_s,cwnd_bytes,cwnd_pkts,bytes_in_flight,srtt_ms,rtt_sample_ms,rtt_min_ms,rtt_max_ms,rtt_var_ms,pacing_rate_Bps,pkts_sent,pkts_lost,timer_losses,cc_algo
0.006,18688,12,0,24.3,25.9,21.0,25.9,5.0,422553,5,0,0,bbr1
0.006,21256,14,55,24.7,27.4,21.0,27.4,4.5,422553,8,0,0,bbr1
0.005,28415,19,110,23.5,20.2,20.2,27.4,3.7,898882,17,0,0,bbr1
0.008,28415,19,0,24.1,26.3,20.2,27.4,3.2,898882,18,0,0,bbr1
0.030,28415,19,20160,24.6,28.4,20.2,28.4,3.4,898882,34,0,0,bbr1
0.031,28415,19,18720,24.3,21.7,20.2,28.4,3.3,898882,35,0,0,bbr1
0.036,28415,19,20160,24.2,23.4,20.2,28.4,2.7,898882,38,0,0,bbr1
0.038,31263,21,20160,24.0,23.2,20.2,28.4,2.3,1133770,40,0,0,bbr1
0.042,34111,23,21600,23.9,23.3,20.2,28.4,1.9,1217057,43,0,0,bbr1
0.046,34111,23,23040,23.9,23.6,20.2,28.4,1.5,1217057,46,0,0,bbr1
0.050,34111,23,24480,23.9,23.8,20.2,28.4,1.2,1242076,49,0,0,bbr1
0.052,34111,23,24480,23.9,23.9,20.2,28.4,0.9,1242076,51,0,0,bbr1
0.055,36959,25,25920,23.9,24.3,20.2,28.4,0.7,2264154,54,0,0,bbr1
0.059,39807,27,31680,24.0,24.3,20.2,28.4,0.7,2281394,60,0,0,bbr1
0.062,42655,29,37440,24.0,24.5,20.2,28.4,0.6,2423084,66,0,0,bbr1
0.066,45503,31,40320,24.3,25.9,20.2,28.4,0.9,2424423,70,0,0,bbr1
0.069,48351,33,43200,24.6,26.8,20.2,28.4,1.3,2425406,74,0,0,bbr1
0.073,51199,35,46080,25.0,27.9,20.2,28.4,1.8,2425406,78,0,0,bbr1
0.076,54047,37,48960,25.5,28.9,20.2,28.9,2.3,2429002,82,0,0,bbr1
0.079,56895,39,51840,26.0,29.4,20.2,29.4,2.7,2429002,86,0,0,bbr1
0.083,59743,41,54720,26.5,30.5,20.2,30.5,3.2,2429002,90,0,0,bbr1
0.086,59743,41,57600,27.1,31.5,20.2,31.5,3.6,2429002,94,0,0,bbr1
0.088,62591,43,57600,27.8,32.1,20.2,32.1,4.0,2552361,96,0,0,bbr1
0.093,62591,43,60480,28.8,35.9,20.2,35.9,5.0,2552361,100,0,0,bbr1
0.096,62591,43,60480,29.9,38.0,20.2,38.0,6.1,2552361,102,0,0,bbr1
0.100,62591,43,60480,31.2,40.2,20.2,40.2,7.1,2552361,104,0,0,bbr1
0.103,62591,43,60480,32.6,42.2,20.2,42.2,8.1,2552361,106,0,0,bbr1
0.106,62591,43,60480,34.1,44.4,20.2,44.4,9.0,2552361,108,0,0,bbr1
0.110,62591,43,60480,35.6,46.0,20.2,46.0,9.7,2552361,110,0,0,bbr1
0.113,62591,43,60480,37.2,48.8,20.2,48.8,10.6,2552361,112,0,0,bbr1
0.115,62591,43,60480,38.7,49.1,20.2,49.1,10.9,2552361,114,0,0,bbr1
0.005,44359,30,110,63.6,23.9,20.2,74.5,16.6,884581,122,0,0,bbr1
0.016,44359,30,0,54.7,26.1,20.2,74.5,24.7,884581,123,0,0,bbr1
0.042,44359,30,20160,50.7,22.9,20.2,74.5,26.5,1105726,142,0,0,bbr1
0.048,44359,30,21600,47.3,23.2,20.2,74.5,26.7,1105726,147,0,0,bbr1
0.056,44359,30,24480,44.3,23.6,20.2,74.5,26.0,1105726,153,0,0,bbr1
0.063,44359,30,25920,41.8,24.0,20.2,74.5,24.6,1105726,158,0,0,bbr1
0.070,44359,30,27360,39.7,25.2,20.2,74.5,22.6,1105726,163,0,0,bbr1
0.076,44359,30,28800,38.1,26.8,20.2,74.5,20.2,1105726,168,0,0,bbr1
0.082,44359,30,30240,36.8,27.8,20.2,74.5,17.7,1105726,173,0,0,bbr1
0.089,44359,30,31680,35.9,29.6,20.2,74.5,15.1,1105726,178,0,0,bbr1
0.097,44359,30,34560,35.3,31.0,20.2,74.5,12.5,663435,185,0,0,bbr1
0.104,44359,30,33120,34.9,32.5,20.2,74.5,10.1,663435,188,0,0,bbr1
0.110,44359,30,31680,34.9,34.5,20.2,74.5,7.7,663435,191,0,0,bbr1
0.117,44359,30,30240,35.0,36.1,20.2,74.5,6.0,663435,194,0,0,bbr1
0.123,44359,30,28800,35.4,37.6,20.2,74.5,5.2,663435,197,0,0,bbr1
0.130,44359,30,27360,35.8,39.2,20.2,74.5,4.8,663435,200,0,0,bbr1
0.136,44359,30,25920,36.5,40.8,20.2,74.5,4.9,663435,203,0,0,bbr1
0.143,44359,30,24480,36.7,38.4,20.2,74.5,4.1,884581,206,0,0,bbr1
0.151,44359,30,25920,36.7,37.1,20.2,74.5,3.2,884581,211,0,0,bbr1
0.158,44359,30,25920,36.5,35.1,20.2,74.5,2.8,884581,215,0,0,bbr1
0.164,44359,30,25920,36.1,32.7,20.2,74.5,3.0,884581,219,0,0,bbr1
0.170,44359,30,25920,35.5,31.3,20.2,74.5,3.5,884581,223,0,0,bbr1
0.179,27875,19,27360,34.9,31.0,20.2,74.5,3.7,884581,228,0,0,bbr1
0.183,32147,22,24480,34.4,30.9,20.2,74.5,3.8,884581,229,0,0,bbr1
0.189,37843,26,24480,34.0,30.9,20.2,74.5,3.7,884581,233,0,0,bbr1
0.195,42115,29,25920,33.6,31.1,20.2,74.5,3.5,884581,237,0,0,bbr1
0.202,44359,30,25920,33.3,31.4,20.2,74.5,3.2,884581,241,0,0,bbr1
0.208,44359,30,25920,33.1,31.6,20.2,74.5,2.8,884581,245,0,0,bbr1
0.214,44359,30,25920,32.6,28.7,20.2,74.5,3.2,884581,249,0,0,bbr1
0.221,44359,30,25920,32.3,30.7,20.2,74.5,2.9,884581,253,0,0,bbr1
0.227,44359,30,27360,32.1,30.4,20.2,74.5,2.7,884581,257,0,0,bbr1
0.234,44359,30,27360,31.9,30.9,20.2,74.5,2.3,884581,261,0,0,bbr1
0.239,44359,30,25920,31.8,31.0,20.2,74.5,1.9,884581,264,0,0,bbr1
0.247,44359,30,28800,31.8,31.6,20.2,74.5,1.5,1105726,269,0,0,bbr1
0.252,44359,30,30240,31.8,31.8,20.2,74.5,1.1,1105726,273,0,0,bbr1
0.258,44359,30,30240,31.8,32.1,20.2,74.5,0.9,1105726,277,0,0,bbr1
0.264,44359,30,31680,31.8,31.9,20.2,74.5,0.7,1105726,282,0,0,bbr1
0.271,44359,30,33120,31.9,32.7,20.2,74.5,0.8,663435,287,0,0,bbr1
0.284,33571,23,25920,32.3,34.0,20.2,74.5,1.1,663435,290,0,0,bbr1
0.291,39267,27,25920,32.7,35.7,20.2,74.5,1.7,884581,294,0,0,bbr1
0.298,44359,30,27360,33.3,37.3,20.2,74.5,2.4,884581,299,0,0,bbr1
0.304,44359,30,27360,34.0,38.9,20.2,74.5,3.2,884581,303,0,0,bbr1
0.311,44359,30,27360,34.7,39.3,20.2,74.5,3.7,884581,307,0,0,bbr1
0.319,44359,30,28800,34.3,31.9,20.2,74.5,3.5,884581,312,0,0,bbr1
0.331,33571,23,23040,34.0,32.9,20.2,74.5,2.6,884581,316,0,0,bbr1
0.339,39267,27,25920,33.9,33.1,20.2,74.5,2.1,884581,322,0,0,bbr1
0.345,44359,30,25920,33.8,33.4,20.2,74.5,1.7,884581,326,0,0,bbr1
0.352,44359,30,27360,33.8,33.6,20.2,74.5,1.3,884581,330,0,0,bbr1
0.357,44359,30,25920,33.8,33.8,20.2,74.5,1.0,884581,333,0,0,bbr1
0.363,44359,30,25920,33.3,30.0,20.2,74.5,1.7,884581,337,0,0,bbr1
0.370,44359,30,25920,33.0,30.7,20.2,74.5,1.9,884581,341,0,0,bbr1
0.377,44359,30,25920,32.7,31.1,20.2,74.5,1.9,884581,345,0,0,bbr1
0.385,27875,19,27360,32.5,30.9,20.2,74.5,1.9,884581,350,0,0,bbr1
0.390,33571,23,23040,32.3,31.2,20.2,74.5,1.8,884581,351,0,0,bbr1
0.397,39267,27,24480,32.2,31.4,20.2,74.5,1.6,874961,356,0,0,bbr1
0.405,43539,30,27360,32.2,32.2,20.2,74.5,1.2,1093701,361,0,0,bbr1
0.409,43970,30,25920,32.2,32.0,20.2,74.5,0.9,1093701,364,0,0,bbr1
0.417,43970,30,28800,32.2,32.6,20.2,74.5,0.8,1093701,370,0,0,bbr1
0.423,43970,30,30240,32.0,30.1,20.2,74.5,1.1,1093701,375,0,0,bbr1
0.436,33377,23,25920,31.6,30.5,20.2,74.5,1.2,656220,380,0,0,bbr1
0.445,39073,27,27360,31.7,31.9,20.2,74.5,1.0,656220,385,0,0,bbr1
0.451,43970,30,25920,31.9,33.8,20.2,74.5,1.3,656220,388,0,0,bbr1
0.457,43970,30,25920,32.3,35.0,20.2,74.5,1.7,874961,391,0,0,bbr1
0.462,43970,30,24480,32.8,36.4,20.2,74.5,2.3,874961,394,0,0,bbr1
0.469,43970,30,24480,32.7,32.1,20.2,74.5,1.9,874961,398,0,0,bbr1
0.474,26257,18,24480,32.7,32.8,20.2,74.5,1.5,874961,401,0,0,bbr1
0.480,30529,21,23040,32.5,31.2,20.2,74.5,1.5,874961,403,0,0,bbr1
0.485,36225,25,23040,32.1,29.2,20.2,74.5,1.9,874961,407,0,0,bbr1
0.492,41921,29,23040,31.8,29.6,20.2,74.5,2.1,874961,411,0,0,bbr1
0.500,43970,30,24480,31.5,29.3,20.2,74.5,2.2,874961,416,0,0,bbr1
0.506,43970,30,24480,31.3,29.9,20.2,74.5,2.0,874961,420,0,0,bbr1
0.513,27681,19,24480,31.0,29.0,20.2,74.5,2.1,874961,424,0,0,bbr1
0.519,33377,23,23040,30.8,29.1,20.2,74.5,2.1,874961,427,0,0,bbr1
0.526,39073,27,24480,30.6,29.2,20.2,74.5,1.9,874961,432,0,0,bbr1
0.532,43970,30,24480,30.4,29.4,20.2,74.5,1.7,874961,436,0,0,bbr1
0.541,43970,30,25920,30.3,29.3,20.2,74.5,1.6,874961,441,0,0,bbr1
0.546,43970,30,24480,30.2,29.3,20.2,74.5,1.4,874961,444,0,0,bbr1
0.553,26257,18,25920,30.1,29.6,20.2,74.5,1.2,1093701,448,0,0,bbr1
0.558,31953,22,21600,30.0,29.6,20.2,74.5,1.0,1093701,449,0,0,bbr1
0.564,37649,26,24480,30.0,29.9,20.2,74.5,0.8,1093701,455,0,0,bbr1
0.572,43345,30,27360,30.1,30.6,20.2,74.5,0.8,1093701,461,0,0,bbr1
0.579,43970,30,30240,30.1,30.2,20.2,74.5,0.6,1093701,466,0,0,bbr1
0.584,43970,30,30240,30.1,30.5,20.2,74.5,0.6,1093701,470,0,0,bbr1
0.597,33377,23,25920,30.1,30.9,20.2,74.5,0.7,654327,475,0,0,bbr1
0.606,39073,27,27360,30.4,32.5,20.2,74.5,1.1,654327,480,0,0,bbr1
0.612,43869,30,25920,30.9,33.9,20.2,74.5,1.7,654327,483,0,0,bbr1
0.618,44004,30,24480,31.4,35.5,20.2,74.5,2.4,875791,486,0,0,bbr1
0.625,44004,30,24480,32.1,37.0,20.2,74.5,3.2,875791,490,0,0,bbr1
0.632,44004,30,24480,32.1,32.2,20.2,74.5,2.4,875791,494,0,0,bbr1
0.638,44004,30,24480,32.0,31.5,20.2,74.5,2.0,875791,498,0,0,bbr1
0.644,44004,30,24480,31.8,29.7,20.2,74.5,2.1,875791,503,0,0,bbr1
0.651,27698,19,24480,31.5,29.4,20.2,74.5,2.1,875791,507,0,0,bbr1
0.658,33394,23,23040,31.2,29.1,20.2,74.5,2.2,875791,510,0,0,bbr1
0.666,39090,27,25920,30.9,29.4,20.2,74.5,2.1,875791,516,0,0,bbr1
0.671,44004,30,24480,30.8,29.5,20.2,74.5,1.9,875791,519,0,0,bbr1
0.679,44004,30,25920,30.7,30.3,20.2,74.5,1.6,875791,524,0,0,bbr1
0.686,27698,19,25920,30.7,30.4,20.2,74.5,1.2,1094738,528,0,0,bbr1
0.692,33394,23,23040,30.6,30.5,20.2,74.5,1.0,1094738,530,0,0,bbr1
0.699,39090,27,27360,30.6,30.2,20.2,74.5,0.9,1094738,537,0,0,bbr1
0.706,44004,30,28800,30.6,30.4,20.2,74.5,0.7,1094738,542,0,0,bbr1
0.713,44004,30,31680,30.6,31.0,20.2,74.5,0.6,1094738,547,0,0,bbr1
0.719,44004,30,31680,30.7,31.1,20.2,74.5,0.6,656843,551,0,0,bbr1
0.726,44004,30,30240,30.7,30.8,20.2,74.5,0.5,656843,554,0,0,bbr1
0.732,44004,30,28800,30.9,32.3,20.2,74.5,0.8,656843,557,0,0,bbr1
0.738,27698,19,27360,31.2,33.8,20.2,74.5,1.3,656843,560,0,0,bbr1
0.744,33394,23,23040,31.8,35.5,20.2,74.5,2.0,656843,561,0,0,bbr1
0.751,39090,27,23040,32.4,36.6,20.2,74.5,2.7,878605,565,0,0,bbr1
0.759,44118,30,24480,32.9,36.4,20.2,74.5,3.0,878605,570,0,0,bbr1
0.765,44118,30,24480,33.1,34.3,20.2,74.5,2.6,878605,574,0,0,bbr1
0.771,44118,30,24480,33.0,32.6,20.2,74.5,2.1,878605,578,0,0,bbr1
0.778,44118,30,24480,32.5,29.4,20.2,74.5,2.5,878605,582,0,0,bbr1
0.787,44118,30,27360,32.2,29.5,20.2,74.5,2.6,878605,587,0,0,bbr1
0.790,27755,19,24480,31.9,29.7,20.2,74.5,2.6,878605,589,0,0,bbr1
0.797,33451,23,23040,31.6,29.9,20.2,74.5,2.4,878605,592,0,0,bbr1
0.805,39147,27,25920,31.4,29.6,20.2,74.5,2.3,878605,598,0,0,bbr1
0.810,43419,30,25920,31.2,30.3,20.2,74.5,2.0,1098256,601,0,0,bbr1
0.816,44118,30,27360,31.1,30.6,20.2,74.5,1.7,1098256,606,0,0,bbr1
0.823,44118,30,30240,31.1,30.4,20.2,74.5,1.4,1098256,611,0,0,bbr1
0.828,44118,30,30240,30.8,28.7,20.2,74.5,1.7,1098256,615,0,0,bbr1
0.835,44118,30,31680,30.7,30.6,20.2,74.5,1.3,1098256,620,0,0,bbr1
0.847,32027,22,28800,30.9,32.3,20.2,74.5,1.2,658953,625,0,0,bbr1
0.853,37723,26,27360,31.3,33.8,20.2,74.5,1.6,658953,628,0,0,bbr1
0.860,43419,30,27360,31.7,35.0,20.2,74.5,2.1,659347,632,0,0,bbr1
0.867,44139,30,25920,32.3,36.7,20.2,74.5,2.8,659347,635,0,0,bbr1
0.873,44139,30,25920,33.0,38.0,20.2,74.5,3.5,879130,638,0,0,bbr1
0.878,44139,30,24480,33.8,39.4,20.2,74.5,4.2,879130,641,0,0,bbr1
0.887,44139,30,27360,33.8,33.9,20.2,74.5,3.2,879130,646,0,0,bbr1
0.890,27765,19,24480,33.8,33.5,20.2,74.5,2.5,879130,648,0,0,bbr1
0.896,33461,23,23040,33.5,31.6,20.2,74.5,2.4,879130,651,0,0,bbr1
0.905,39157,27,25920,33.1,30.1,20.2,74.5,2.6,879130,657,0,0,bbr1
0.910,44139,30,24480,32.7,29.9,20.2,74.5,2.8,1098912,660,0,0,bbr1
0.917,44139,30,27360,32.4,30.1,20.2,74.5,2.7,1098912,666,0,0,bbr1
0.924,44139,30,28800,32.1,30.3,20.2,74.5,2.6,1098912,671,0,0,bbr1
0.937,33461,23,25920,31.7,30.3,20.2,74.5,2.1,659347,677,0,0,bbr1
0.946,39157,27,27360,31.8,32.0,20.2,74.5,1.7,659347,682,0,0,bbr1
0.953,44139,30,25920,32.0,33.5,20.2,74.5,1.7,659347,685,0,0,bbr1
0.958,44139,30,24480,32.4,35.0,20.2,74.5,2.0,879130,688,0,0,bbr1
0.965,44139,30,24480,32.9,36.5,20.2,74.5,2.6,879130,692,0,0,bbr1
0.972,44139,30,24480,32.8,32.2,20.2,74.5,2.1,879130,696,0,0,bbr1
0.978,27765,19,24480,32.7,31.7,20.2,74.5,1.8,879130,700,0,0,bbr1
0.985,33461,23,23040,32.3,29.7,20.2,74.5,2.1,879130,703,0,0,bbr1
0.993,39157,27,25920,31.9,29.1,20.2,74.5,2.4,879130,709,0,0,bbr1
0.999,44139,30,25920,31.6,29.3,20.2,74.5,2.4,879130,713,0,0,bbr1
1.006,44139,30,25920,31.4,30.1,20.2,74.5,2.2,879130,717,0,0,bbr1
1.012,27765,19,25920,31.3,30.4,20.2,74.5,1.9,1098912,721,0,0,bbr1
1.018,32037,22,24480,31.1,30.0,20.2,74.5,1.7,1098912,723,0,0,bbr1
1.024,37733,26,25920,31.0,30.0,20.2,74.5,1.6,1098912,728,0,0,bbr1
1.033,43429,30,27360,30.9,30.8,20.2,74.5,1.2,1098912,733,0,0,bbr1
1.037,44139,30,27360,30.9,30.9,20.2,74.5,0.9,1098912,737,0,0,bbr1
1.045,44139,30,30240,31.0,31.6,20.2,74.5,0.9,1098912,743,0,0,bbr1
1.057,33461,23,25920,31.2,32.4,20.2,74.5,0.9,659347,748,0,0,bbr1
1.066,39157,27,27360,31.1,30.9,20.2,74.5,0.7,659347,753,0,0,bbr1
1.071,43429,30,25920,31.4,33.4,20.2,74.5,1.1,659347,755,0,0,bbr1
1.077,44139,30,24480,31.9,34.9,20.2,74.5,1.7,659347,758,0,0,bbr1
1.083,44139,30,23040,32.4,36.5,20.2,74.5,2.4,879130,761,0,0,bbr1
1.090,27765,19,23040,32.4,32.0,20.2,74.5,1.9,879130,765,0,0,bbr1
1.095,32037,22,23040,32.4,32.7,20.2,74.5,1.5,879130,768,0,0,bbr1
1.103,37733,26,24480,32.2,30.8,20.2,74.5,1.6,879130,773,0,0,bbr1
1.108,43429,30,23040,31.8,28.8,20.2,74.5,2.0,879130,777,0,0,bbr1
1.116,44139,30,25920,31.3,27.9,20.2,74.5,2.5,1098912,782,0,0,bbr1
1.121,44139,30,25920,30.9,28.2,20.2,74.5,2.6,1098912,786,0,0,bbr1
1.128,27765,19,27360,30.7,28.9,20.2,74.5,2.5,1098912,791,0,0,bbr1
1.134,33461,23,23040,30.4,28.6,20.2,74.5,2.4,1098912,792,0,0,bbr1
1.141,39157,27,27360,30.2,28.8,20.2,74.5,2.2,1098912,799,0,0,bbr1
1.148,44234,30,28800,30.2,30.0,20.2,74.5,1.7,1101860,804,0,0,bbr1
1.155,44234,30,31680,30.3,31.0,20.2,74.5,1.5,1101860,809,0,0,bbr1
1.161,44234,30,31680,30.6,32.9,20.2,74.5,1.8,661116,813,0,0,bbr1
1.167,44234,30,30240,30.6,30.8,20.2,74.5,1.4,661116,816,0,0,bbr1
1.174,44234,30,28800,30.9,32.4,20.2,74.5,1.5,661116,819,0,0,bbr1
1.180,27813,19,27360,31.2,33.9,20.2,74.5,1.9,661116,822,0,0,bbr1
1.186,33509,23,23040,31.8,35.5,20.2,74.5,2.5,661116,823,0,0,bbr1
1.194,39205,27,24480,32.4,36.9,20.2,74.5,3.1,881488,828,0,0,bbr1
1.200,44234,30,23040,32.9,36.5,20.2,74.5,3.4,881488,831,0,0,bbr1
1.208,44234,30,24480,33.2,35.0,20.2,74.5,3.0,881488,836,0,0,bbr1
1.214,27813,19,24480,33.1,32.8,20.2,74.5,2.4,1101860,840,0,0,bbr1
1.220,33509,23,23040,32.7,29.6,20.2,74.5,2.7,1101860,843,0,0,bbr1
1.228,39205,27,27360,32.2,29.2,20.2,74.5,2.9,1101860,850,0,0,bbr1
1.235,44234,30,28800,31.9,29.5,20.2,74.5,2.8,1101860,855,0,0,bbr1
1.242,44234,30,30240,31.6,29.3,20.2,74.5,2.8,1101860,860,0,0,bbr1
1.254,33509,23,25920,31.5,31.3,20.2,74.5,1.7,661116,865,0,0,bbr1
1.263,39205,27,27360,31.6,32.8,20.2,74.5,1.6,661116,870,0,0,bbr1
1.270,44234,30,25920,32.0,34.3,20.2,74.5,1.9,661116,873,0,0,bbr1
1.275,44234,30,24480,32.5,35.8,20.2,74.5,2.4,881488,876,0,0,bbr1
1.282,44234,30,24480,33.1,37.3,20.2,74.5,3.0,881488,880,0,0,bbr1
1.289,44234,30,24480,32.9,32.0,20.2,74.5,2.5,881488,884,0,0,bbr1
1.295,27813,19,24480,32.8,31.8,20.2,74.5,2.2,1101860,888,0,0,bbr1
1.301,33509,23,23040,32.4,29.6,20.2,74.5,2.4,1101860,891,0,0,bbr1
1.309,39205,27,27360,32.0,29.4,20.2,74.5,2.6,1101860,898,0,0,bbr1
0.005,3072,2,0,31.8,34.0,20.2,74.5,1.6,1101860,903,1,1,bbr1
0.009,5760,4,0,31.1,26.4,20.2,74.5,2.6,1101860,905,1,1,bbr1
0.035,12880,8,0,30.2,23.8,20.2,74.5,3.7,1101860,910,1,1,bbr1
0.060,20000,13,5760,29.1,21.2,20.2,74.5,5.1,1101860,919,1,1,bbr1
0.068,25696,17,10080,28.3,22.8,20.2,74.5,5.4,1101860,926,1,1,bbr1
0.086,32816,22,18720,27.4,21.3,20.2,74.5,5.8,1101860,937,1,1,bbr1
0.092,38512,26,21600,26.8,22.7,20.2,74.5,5.5,1101860,943,1,1,bbr1
0.100,44208,30,24480,26.5,24.3,20.2,74.5,4.8,1101860,949,1,1,bbr1
0.107,44234,30,27360,26.4,25.4,20.2,74.5,3.8,1101860,954,1,1,bbr1
0.112,44234,30,27360,26.0,23.4,20.2,74.5,3.6,1101860,958,1,1,bbr1
0.119,44234,30,28800,26.1,26.7,20.2,74.5,2.9,1101860,963,1,1,bbr1
0.125,44234,30,30240,26.4,28.2,20.2,74.5,2.7,1101860,968,1,1,bbr1
0.131,44234,30,31680,26.8,29.7,20.2,74.5,2.8,1101860,973,1,1,bbr1
0.139,44234,30,34560,27.3,30.9,20.2,74.5,3.2,661116,978,1,1,bbr1
0.143,44234,30,31680,27.9,32.4,20.2,74.5,3.7,661116,980,1,1,bbr1
0.150,44234,30,30240,28.7,34.0,20.2,74.5,4.3,661116,983,1,1,bbr1
0.159,44234,30,31680,29.5,35.0,20.2,74.5,4.8,661116,987,1,1,bbr1
0.163,44234,30,28800,30.4,36.8,20.2,74.5,5.4,661116,989,1,1,bbr1
0.170,44234,30,27360,31.4,38.4,20.2,74.5,6.1,661116,992,1,1,bbr1
0.176,44234,30,25920,32.5,39.9,20.2,74.5,6.7,661116,995,1,1,bbr1
0.182,44234,30,24480,33.3,38.8,20.2,74.5,6.6,881488,998,1,1,bbr1
0.190,44098,30,25920,33.7,36.8,20.2,74.5,5.8,878116,1003,1,1,bbr1
0.197,44098,30,25920,33.8,34.8,20.2,74.5,4.6,878116,1007,1,1,bbr1
0.203,44098,30,27360,33.8,33.5,20.2,74.5,3.6,1097645,1011,1,1,bbr1
0.208,44098,30,27360,33.4,31.0,20.2,74.5,3.4,1097645,1015,1,1,bbr1
0.221,33441,23,23095,32.8,31.0,20.2,74.5,2.9,1097645,1021,1,1,bbr1
0.229,39137,27,27415,32.6,30.9,20.2,74.5,2.7,1097645,1028,1,1,bbr1
0.238,44098,30,28855,32.9,35.0,20.2,74.5,2.6,1097645,1033,1,1,bbr1
0.242,44098,30,28855,32.9,33.2,20.2,74.5,2.0,1097645,1037,1,1,bbr1
0.248,44098,30,30295,33.2,34.8,20.2,74.5,2.0,1097645,1042,1,1,bbr1
0.255,44098,30,31680,32.9,31.3,20.2,74.5,2.0,1097645,1047,1,1,bbr1
0.264,44098,30,34560,32.9,32.8,20.2,74.5,1.5,658587,1053,1,1,bbr1
0.271,44098,30,33120,33.1,34.4,20.2,74.5,1.5,658587,1056,1,1,bbr1
0.281,32017,22,27360,33.6,35.7,20.2,74.5,1.7,658587,1059,1,1,bbr1
0.287,37713,26,27360,34.0,37.4,20.2,74.5,2.2,658587,1063,1,1,bbr1
0.296,41985,29,28800,34.6,38.5,20.2,74.5,2.8,658587,1067,1,1,bbr1
0.300,44098,30,25920,35.3,40.1,20.2,74.5,3.5,658587,1069,1,1,bbr1
0.306,44098,30,24480,35.8,39.8,20.2,74.5,3.7,878116,1072,1,1,bbr1
0.313,44098,30,24480,36.1,37.5,20.2,74.5,3.2,878116,1076,1,1,bbr1
0.322,27745,19,25920,35.9,34.5,20.2,74.5,2.8,878116,1081,1,1,bbr1
0.326,33441,23,23040,35.4,32.5,20.2,74.5,2.9,878116,1083,1,1,bbr1
0.333,39137,27,24480,34.8,30.5,20.2,74.5,3.4,878116,1088,1,1,bbr1
0.341,43409,30,27360,34.2,29.6,20.2,74.5,3.9,1097645,1093,1,1,bbr1
0.345,44098,30,25920,33.6,29.8,20.2,74.5,4.0,1097645,1096,1,1,bbr1
0.353,44098,30,28800,33.2,30.0,20.2,74.5,3.9,1097645,1102,1,1,bbr1
0.365,33441,23,24480,32.4,30.0,20.2,74.5,3.5,1097645,1107,1,1,bbr1
0.373,39137,27,28800,32.2,31.0,20.2,74.5,3.0,1097645,1114,1,1,bbr1
0.380,44098,30,30240,32.3,32.6,20.2,74.5,2.3,1097645,1119,1,1,bbr1
0.387,44098,30,31680,32.5,34.2,20.2,74.5,2.2,1097645,1124,1,1,bbr1
0.394,44098,30,33120,32.9,35.6,20.2,74.5,2.4,658587,1129,1,1,bbr1
0.406,33441,23,25920,33.0,34.0,20.2,74.5,1.7,658587,1132,1,1,bbr1
0.414,39137,27,27360,33.3,35.5,20.2,74.5,1.9,878116,1137,1,1,bbr1
0.419,44098,30,25920,33.8,37.0,20.2,74.5,2.4,878116,1140,1,1,bbr1
0.428,44098,30,27360,34.3,38.4,20.2,74.5,3.0,878116,1145,1,1,bbr1
0.433,44098,30,27360,35.0,39.3,20.2,74.5,3.5,1097645,1149,1,1,bbr1
0.447,33441,23,23040,34.4,32.5,20.2,74.5,3.0,1097645,1154,1,1,bbr1
0.454,39137,27,25920,34.2,32.8,20.2,74.5,2.6,1097645,1160,1,1,bbr1
0.461,44098,30,27360,34.0,32.9,20.2,74.5,2.3,1097645,1165,1,1,bbr1
0.468,44098,30,30240,33.9,33.4,20.2,74.5,1.9,1097645,1171,1,1,bbr1
0.475,44098,30,31680,34.0,34.8,20.2,74.5,1.6,1097645,1176,1,1,bbr1
0.482,44038,30,33120,33.6,30.6,20.2,74.5,2.1,657468,1181,1,1,bbr1
0.488,44038,30,31680,33.4,32.1,20.2,74.5,1.9,657468,1184,1,1,bbr1
0.501,33411,23,24480,33.6,35.4,20.2,74.5,1.6,657468,1187,1,1,bbr1
0.509,39107,27,25920,34.0,36.9,20.2,74.5,2.0,876624,1192,1,1,bbr1
0.515,44038,30,25920,34.6,38.3,20.2,74.5,2.6,876624,1196,1,1,bbr1
0.523,44038,30,25920,35.1,38.5,20.2,74.5,2.9,876624,1200,1,1,bbr1
0.529,44038,30,25920,35.3,37.1,20.2,74.5,2.7,876624,1204,1,1,bbr1
0.536,44038,30,25920,34.8,31.5,20.2,74.5,3.0,876624,1208,1,1,bbr1
0.541,27715,19,25920,34.3,30.7,20.2,74.5,3.3,1095780,1212,1,1,bbr1
0.548,33411,23,23040,33.8,30.3,20.2,74.5,3.4,1095780,1214,1,1,bbr1
0.556,39107,27,27360,33.4,30.5,20.2,74.5,3.4,1095780,1221,1,1,bbr1
0.563,44038,30,28800,33.1,31.2,20.2,74.5,3.1,1095780,1226,1,1,bbr1
0.569,44038,30,30240,32.9,31.5,20.2,74.5,2.7,1095780,1231,1,1,bbr1
0.582,33411,23,25920,32.7,31.2,20.2,74.5,2.0,657468,1236,1,1,bbr1
0.591,39107,27,27360,32.7,32.7,20.2,74.5,1.5,657468,1241,1,1,bbr1
0.597,44038,30,25920,32.9,34.2,20.2,74.5,1.5,657468,1244,1,1,bbr1
0.603,44038,30,24480,33.2,35.7,20.2,74.5,1.9,876624,1247,1,1,bbr1
0.610,44038,30,24480,33.7,37.2,20.2,74.5,2.4,876624,1251,1,1,bbr1
0.617,44038,30,24480,33.5,32.2,20.2,74.5,2.2,876624,1255,1,1,bbr1
0.623,27715,19,24480,33.3,31.7,20.2,74.5,2.1,1095485,1259,1,1,bbr1
0.629,33411,23,23040,32.8,29.6,20.2,74.5,2.5,1095485,1262,1,1,bbr1
0.637,39107,27,27360,32.4,29.3,20.2,74.5,2.8,1095485,1269,1,1,bbr1
0.644,44028,30,28800,32.0,29.2,20.2,74.5,2.9,1095485,1274,1,1,bbr1
0.651,44028,30,30240,31.7,29.4,20.2,74.5,2.8,1095485,1279,1,1,bbr1
0.663,33406,23,25920,31.5,31.2,20.2,74.5,1.8,657291,1284,1,1,bbr1
0.672,39102,27,27360,31.7,32.8,20.2,74.5,1.7,657291,1289,1,1,bbr1
0.679,44028,30,25920,32.0,34.3,20.2,74.5,1.9,657291,1292,1,1,bbr1
0.685,44028,30,24480,32.5,35.8,20.2,74.5,2.4,876388,1295,1,1,bbr1
0.691,44028,30,24480,33.1,37.2,20.2,74.5,2.9,876388,1299,1,1,bbr1
0.698,44028,30,24480,33.0,32.2,20.2,74.5,2.4,876388,1303,1,1,bbr1
0.704,27710,19,24480,32.8,31.7,20.2,74.5,2.1,1095485,1307,1,1,bbr1
0.711,33406,23,23040,32.4,29.6,20.2,74.5,2.4,1095485,1310,1,1,bbr1
0.719,39102,27,27360,32.0,29.1,20.2,74.5,2.6,1095485,1317,1,1,bbr1
0.725,44028,30,28800,31.7,29.3,20.2,74.5,2.7,1095485,1322,1,1,bbr1
0.732,43203,30,30240,31.4,29.9,20.2,74.5,2.4,1069936,1327,1,1,bbr1
0.745,32993,22,25920,31.4,31.1,20.2,74.5,1.5,641961,1332,1,1,bbr1
0.754,38689,26,27360,31.6,32.9,20.2,74.5,1.5,641961,1337,1,1,bbr1
0.758,43203,30,24480,31.9,34.1,20.2,74.5,1.8,641961,1339,1,1,bbr1
0.767,43203,30,24480,32.4,35.7,20.2,74.5,2.3,855949,1343,1,1,bbr1
0.773,43203,30,24480,33.0,37.1,20.2,74.5,2.9,855949,1347,1,1,bbr1
0.780,27297,18,24480,32.9,32.1,20.2,74.5,2.4,855949,1351,1,1,bbr1
0.785,32993,22,21600,32.7,31.3,20.2,74.5,2.2,855949,1353,1,1,bbr1
0.792,38689,26,23040,32.3,29.4,20.2,74.5,2.4,855949,1358,1,1,bbr1
0.799,43203,30,23040,31.8,28.4,20.2,74.5,2.8,1069936,1362,1,1,bbr1
0.807,43203,30,25920,31.4,28.4,20.2,74.5,2.9,1069936,1368,1,1,bbr1
0.817,31569,21,23040,30.6,28.8,20.2,74.5,3.0,1069936,1373,1,1,bbr1
0.824,37265,25,25920,30.3,28.3,20.2,74.5,2.8,1069936,1379,1,1,bbr1
0.831,42961,29,27360,30.2,29.8,20.2,74.5,2.2,1069936,1384,1,1,bbr1
0.838,43203,30,30240,30.3,30.9,20.2,74.5,1.8,1069936,1389,1,1,bbr1
0.844,42611,29,30240,30.5,32.3,20.2,74.5,1.8,630963,1393,1,1,bbr1
0.857,32697,22,23040,30.8,32.1,20.2,74.5,1.5,630963,1396,1,1,bbr1
0.863,38393,26,23040,31.1,33.5,20.2,74.5,1.8,841284,1400,1,1,bbr1
0.870,42611,29,23040,31.6,35.0,20.2,74.5,2.3,841284,1404,1,1,bbr1
0.877,44047,30,23040,32.2,36.2,20.2,74.5,2.9,876847,1408,1,1,bbr1
0.883,44047,30,23040,32.5,34.8,20.2,74.5,2.8,1096058,1412,1,1,bbr1
0.891,27719,19,25920,32.1,29.0,20.2,74.5,3.0,1096058,1418,1,1,bbr1
0.897,33415,23,23040,31.7,28.9,20.2,74.5,3.0,1096058,1420,1,1,bbr1
0.905,39111,27,27360,31.3,28.8,20.2,74.5,3.0,1096058,1427,1,1,bbr1
0.912,44047,30,28800,31.0,29.1,20.2,74.5,2.8,1096058,1432,1,1,bbr1
0.918,44047,30,30240,30.9,30.4,20.2,74.5,2.3,1096058,1437,1,1,bbr1
0.925,44047,30,31680,31.1,32.1,20.2,74.5,2.0,1096058,1442,1,1,bbr1
0.932,44047,30,33120,31.1,31.2,20.2,74.5,1.5,657635,1447,1,1,bbr1
0.939,44047,30,33120,31.3,32.3,20.2,74.5,1.4,657635,1450,1,1,bbr1
0.950,33415,23,24480,32.1,35.4,20.2,74.5,2.3,657635,1452,1,1,bbr1
0.958,37687,26,27360,32.6,36.1,20.2,74.5,2.7,876847,1457,1,1,bbr1
0.963,43383,30,25920,33.2,38.1,20.2,74.5,3.4,876847,1460,1,1,bbr1
0.968,44047,30,25920,34.0,39.2,20.2,74.5,4.0,876847,1463,1,1,bbr1
0.974,44047,30,25920,34.6,38.9,20.2,74.5,4.3,876847,1467,1,1,bbr1
0.980,27719,19,25920,34.1,30.4,20.2,74.5,4.3,1096058,1471,1,1,bbr1
0.985,31991,22,24480,33.7,31.1,20.2,74.5,3.9,1096058,1473,1,1,bbr1
0.992,37687,26,27360,33.3,30.7,20.2,74.5,3.7,1096058,1479,1,1,bbr1
1.000,43383,30,30240,33.0,30.6,20.2,74.5,3.5,1096058,1485,1,1,bbr1
1.007,44047,30,31680,32.8,31.1,20.2,74.5,3.1,1096058,1490,1,1,bbr1
1.014,44047,30,33120,32.6,31.7,20.2,74.5,2.6,657635,1495,1,1,bbr1
1.026,33415,23,25920,32.8,33.8,20.2,74.5,1.8,657635,1498,1,1,bbr1
1.034,39111,27,27360,33.1,35.6,20.2,74.5,2.0,876847,1503,1,1,bbr1
1.039,44047,30,25920,33.6,37.1,20.2,74.5,2.5,876847,1506,1,1,bbr1
1.047,44047,30,27360,34.2,38.2,20.2,74.5,3.0,876847,1511,1,1,bbr1
1.054,44047,30,28800,34.9,39.7,20.2,74.5,3.7,876847,1515,1,1,bbr1
1.058,27719,19,27360,34.5,32.2,20.2,74.5,3.4,1096058,1518,1,1,bbr1
1.063,31991,22,24480,34.3,32.9,20.2,74.5,3.0,1096058,1519,1,1,bbr1
1.070,36263,25,28800,34.0,32.0,20.2,74.5,2.8,1096058,1525,1,1,bbr1
1.075,41959,29,28800,33.8,32.3,20.2,74.5,2.6,1096058,1529,1,1,bbr1
1.082,44047,30,30240,33.6,32.4,20.2,74.5,2.3,1096058,1534,1,1,bbr1
1.090,44047,30,33120,33.6,33.2,20.2,74.5,1.8,1096058,1540,1,1,bbr1
1.102,33415,23,28800,33.2,33.3,20.2,74.5,1.7,657635,1545,1,1,bbr1
1.109,39111,27,28800,33.4,34.9,20.2,74.5,1.7,657837,1549,1,1,bbr1
1.118,44057,30,28800,33.8,36.4,20.2,74.5,2.0,657837,1553,1,1,bbr1
1.124,44057,30,27360,34.3,37.9,20.2,74.5,2.6,657837,1556,1,1,bbr1
1.130,44057,30,25920,34.9,39.4,20.2,74.5,3.2,657837,1559,1,1,bbr1
1.137,44057,30,24480,35.7,41.0,20.2,74.5,3.9,877117,1562,1,1,bbr1
1.143,44057,30,24480,35.7,36.2,20.2,74.5,3.1,877117,1566,1,1,bbr1
1.149,27724,19,24480,35.5,34.0,20.2,74.5,2.8,1096396,1570,1,1,bbr1
1.156,33420,23,23040,35.0,31.7,20.2,74.5,3.0,1096396,1573,1,1,bbr1
1.164,39116,27,27360,34.4,30.2,20.2,74.5,3.5,1096396,1580,1,1,bbr1
1.171,44057,30,28800,33.9,29.9,20.2,74.5,3.7,1096396,1585,1,1,bbr1
1.178,44057,30,30240,33.4,30.1,20.2,74.5,3.7,1096396,1590,1,1,bbr1
1.190,33420,23,25920,32.9,31.1,20.2,74.5,3.0,657837,1595,1,1,bbr1
1.199,39116,27,27360,32.9,32.6,20.2,74.5,2.3,657837,1600,1,1,bbr1
1.206,44057,30,25920,33.0,34.2,20.2,74.5,2.1,657837,1603,1,1,bbr1
1.211,44057,30,24480,33.4,35.7,20.2,74.5,2.2,877117,1606,1,1,bbr1
1.218,44057,30,24480,33.8,37.1,20.2,74.5,2.6,877117,1610,1,1,bbr1
1.225,27724,19,24480,33.6,32.1,20.2,74.5,2.4,877117,1614,1,1,bbr1
1.231,33420,23,23040,33.4,31.8,20.2,74.5,2.2,877117,1617,1,1,bbr1
1.238,39116,27,24480,32.9,29.6,20.2,74.5,2.6,877117,1622,1,1,bbr1
1.244,43388,30,25920,32.4,28.9,20.2,74.5,3.0,1096396,1626,1,1,bbr1
1.250,44057,30,27360,32.1,29.6,20.2,74.5,2.9,1096396,1631,1,1,bbr1
1.263,33420,23,23040,31.5,29.6,20.2,74.5,2.6,1096396,1636,1,1,bbr1
1.271,39116,27,27360,31.3,29.8,20.2,74.5,2.4,1096396,1643,1,1,bbr1
1.277,44403,30,28800,31.2,30.9,20.2,74.5,1.9,1107102,1648,1,1,bbr1
1.284,44403,30,30240,31.4,32.6,20.2,74.5,1.8,1107102,1653,1,1,bbr1
1.290,44403,30,31680,31.8,34.2,20.2,74.5,2.0,1107102,1658,1,1,bbr1
1.298,44403,30,33120,31.7,31.1,20.2,74.5,1.7,664261,1663,1,1,bbr1
1.310,32169,22,27360,32.0,33.8,20.2,74.5,1.6,664261,1666,1,1,bbr1
1.317,37865,26,27360,32.5,35.4,20.2,74.5,2.0,664261,1670,1,1,bbr1
1.323,43561,30,25920,33.0,36.6,20.2,74.5,2.6,664261,1673,1,1,bbr1
1.329,44403,30,25920,33.6,38.1,20.2,74.5,3.2,885682,1676,1,1,bbr1
1.334,44403,30,24480,34.4,39.7,20.2,74.5,3.9,885682,1679,1,1,bbr1
1.342,44403,30,25920,34.9,38.6,20.2,74.5,4.0,885682,1684,1,1,bbr1
1.348,27897,19,24480,34.7,32.9,20.2,74.5,3.5,1107102,1687,1,1,bbr1
1.354,33593,23,23040,34.2,31.1,20.2,74.5,3.5,1107102,1690,1,1,bbr1
1.362,37865,26,28800,33.7,30.1,20.2,74.5,3.7,1107102,1697,1,1,bbr1
1.366,43561,30,27360,33.2,29.9,20.2,74.5,3.7,1107102,1700,1,1,bbr1
1.374,44403,30,30240,32.9,30.7,20.2,74.5,3.4,1107102,1706,1,1,bbr1
1.381,44403,30,31680,32.7,31.6,20.2,74.5,2.9,1107102,1711,1,1,bbr1
1.389,44403,30,34560,32.6,31.4,20.2,74.5,2.5,664261,1717,1,1,bbr1
1.398,32169,22,27360,32.6,33.4,20.2,74.5,1.8,664261,1719,1,1,bbr1
1.405,37865,26,27360,32.9,35.0,20.2,74.5,1.9,664261,1723,1,1,bbr1
1.414,43561,30,27360,33.3,35.8,20.2,74.5,2.2,664261,1727,1,1,bbr1
1.420,44403,30,25920,33.8,37.9,20.2,74.5,2.8,664261,1730,1,1,bbr1
1.426,44403,30,24480,34.6,39.7,20.2,74.5,3.5,885682,1733,1,1,bbr1
1.432,27897,19,24480,34.5,33.9,20.2,74.5,2.8,1107102,1737,1,1,bbr1
1.437,32169,22,24480,34.5,34.6,20.2,74.5,2.1,1107102,1740,1,1,bbr1
1.444,37865,26,27360,34.2,32.5,20.2,74.5,2.1,1107102,1746,1,1,bbr1
1.452,43561,30,30240,33.8,30.9,20.2,74.5,2.4,1107102,1752,1,1,bbr1
0.006,3072,2,0,33.7,36.1,20.2,74.5,2.2,1107102,1754,2,2,bbr1
0.007,5760,4,0,33.0,27.5,20.2,74.5,3.2,1107102,1756,2,2,bbr1
0.033,12880,8,0,31.8,23.8,20.2,74.5,4.7,1107102,1761,2,2,bbr1
0.058,20000,13,5760,30.5,21.3,20.2,74.5,6.1,1107102,1770,2,2,bbr1
0.065,25696,17,8640,29.5,22.8,20.2,74.5,6.5,1107102,1776,2,2,bbr1
0.083,32816,22,18720,28.5,21.1,20.2,74.5,7.0,1107102,1789,2,2,bbr1
0.091,38512,26,23040,27.8,22.7,20.2,74.5,6.7,1107102,1796,2,2,bbr1
0.098,44208,30,24480,27.3,24.4,20.2,74.5,5.9,1107102,1801,2,2,bbr1
0.105,44403,30,25920,27.2,25.9,20.2,74.5,4.8,1107102,1806,2,2,bbr1
0.111,44403,30,28800,26.7,23.5,20.2,74.5,4.5,1107102,1811,2,2,bbr1
0.116,44403,30,28800,26.7,26.6,20.2,74.5,3.4,1107102,1815,2,2,bbr1
0.122,44403,30,30240,26.9,28.3,20.2,74.5,2.9,1107102,1820,2,2,bbr1
0.129,44403,30,33120,27.2,29.3,20.2,74.5,2.8,1107102,1825,2,2,bbr1
0.135,44403,30,33120,27.7,31.0,20.2,74.5,3.1,664261,1829,2,2,bbr1
0.142,44403,30,31680,28.3,32.6,20.2,74.5,3.5,664261,1832,2,2,bbr1
0.148,44403,30,31680,29.0,33.8,20.2,74.5,4.0,664261,1835,2,2,bbr1
0.155,44403,30,30240,29.7,35.0,20.2,74.5,4.5,664261,1838,2,2,bbr1
0.162,44403,30,28800,30.6,36.9,20.2,74.5,5.2,664261,1841,2,2,bbr1
0.168,44403,30,27360,31.6,38.5,20.2,74.5,5.9,664261,1844,2,2,bbr1
0.174,44403,30,25920,32.7,40.1,20.2,74.5,6.5,664261,1847,2,2,bbr1
0.180,44403,30,24480,33.3,37.8,20.2,74.5,6.2,885682,1850,2,2,bbr1
0.192,44178,30,24480,34.3,41.3,20.2,74.5,6.6,880098,1854,2,2,bbr1
0.193,44178,30,21600,34.3,34.3,20.2,74.5,5.0,880098,1856,2,2,bbr1
0.200,44178,30,21600,34.1,32.5,20.2,74.5,4.2,1100122,1860,2,2,bbr1
0.207,44178,30,24480,33.6,30.6,20.2,74.5,4.0,1100122,1866,2,2,bbr1
0.219,32057,22,21655,32.2,25.4,20.2,74.5,4.9,1100122,1872,2,2,bbr1
0.227,37753,26,25975,31.6,27.3,20.2,74.5,4.9,1100122,1879,2,2,bbr1
0.233,43449,30,27415,31.2,28.7,20.2,74.5,4.4,1100122,1884,2,2,bbr1
0.240,44178,30,28855,31.1,30.5,20.2,74.5,3.5,1100122,1889,2,2,bbr1
0.247,44178,30,31680,31.2,32.0,20.2,74.5,2.8,1100122,1894,2,2,bbr1
0.252,44178,30,31680,31.0,29.4,20.2,74.5,2.6,660073,1898,2,2,bbr1
0.259,44178,30,30240,31.0,31.1,20.2,74.5,1.9,660073,1901,2,2,bbr1
0.266,44178,30,28800,31.2,32.6,20.2,74.5,1.9,660073,1904,2,2,bbr1
0.272,44178,30,27360,31.6,34.1,20.2,74.5,2.1,660073,1907,2,2,bbr1
0.279,44178,30,25920,32.1,35.6,20.2,74.5,2.6,660073,1910,2,2,bbr1
0.285,44178,30,24480,32.7,36.8,20.2,74.5,3.1,880098,1913,2,2,bbr1
0.292,44178,30,24480,33.2,36.9,20.2,74.5,3.4,880098,1917,2,2,bbr1
0.300,44178,30,25920,33.4,35.0,20.2,74.5,3.0,880098,1922,2,2,bbr1
0.306,44178,30,25920,33.3,32.7,20.2,74.5,2.5,1100122,1926,2,2,bbr1
0.312,44178,30,27360,33.0,31.1,20.2,74.5,2.4,1100122,1931,2,2,bbr1
0.326,33481,23,23095,32.4,30.5,20.2,74.5,2.4,1093728,1937,2,2,bbr1
0.334,39177,27,27415,32.3,31.3,20.2,74.5,2.1,1093728,1944,2,2,bbr1
0.340,43971,30,28855,32.3,32.1,20.2,74.5,1.6,1093728,1949,2,2,bbr1
0.347,43971,30,30295,32.4,33.7,20.2,74.5,1.6,1093728,1954,2,2,bbr1
0.354,43971,30,31735,32.8,35.3,20.2,74.5,1.9,1093728,1959,2,2,bbr1
0.361,43971,30,33120,32.6,31.3,20.2,74.5,1.8,656237,1964,2,2,bbr1
0.367,43971,30,31680,32.6,32.8,20.2,74.5,1.4,656237,1967,2,2,bbr1
0.374,43971,30,30240,32.8,34.2,20.2,74.5,1.4,656237,1970,2,2,bbr1
0.381,43971,30,28800,33.2,35.8,20.2,74.5,1.8,656237,1973,2,2,bbr1
0.387,43971,30,27360,33.7,37.2,20.2,74.5,2.4,656237,1976,2,2,bbr1
0.394,43971,30,25920,34.3,38.5,20.2,74.5,3.0,656237,1979,2,2,bbr1
0.400,43971,30,24480,34.9,39.4,20.2,74.5,3.5,874983,1982,2,2,bbr1
0.408,43971,30,27360,35.3,37.7,20.2,74.5,3.3,874983,1987,2,2,bbr1
0.413,43971,30,25920,35.3,35.6,20.2,74.5,2.6,874983,1990,2,2,bbr1
0.419,27681,19,25920,35.1,33.6,20.2,74.5,2.4,1093728,1994,2,2,bbr1
0.426,33377,23,23040,34.7,31.9,20.2,74.5,2.6,1093728,1996,2,2,bbr1
0.434,39073,27,27360,34.2,31.0,20.2,74.5,2.9,1093728,2003,2,2,bbr1
0.440,43971,30,28800,33.9,31.1,20.2,74.5,2.9,1093728,2008,2,2,bbr1
0.447,43971,30,30240,33.5,31.4,20.2,74.5,2.8,1093728,2013,2,2,bbr1
0.454,43971,30,31680,33.4,32.2,20.2,74.5,2.4,1093728,2018,2,2,bbr1
0.461,43971,30,33120,33.1,31.2,20.2,74.5,2.4,656237,2023,2,2,bbr1
0.467,43971,30,31680,33.0,32.6,20.2,74.5,1.9,656237,2026,2,2,bbr1
0.480,33377,23,24480,33.5,35.6,20.2,74.5,1.9,656237,2029,2,2,bbr1
0.488,39073,27,25920,34.0,37.2,20.2,74.5,2.3,874983,2034,2,2,bbr1
0.493,43971,30,24480,34.5,38.4,20.2,74.5,2.9,874983,2037,2,2,bbr1
0.500,43971,30,24480,35.1,39.3,20.2,74.5,3.3,874983,2041,2,2,bbr1
0.507,43971,30,25920,35.4,37.4,20.2,74.5,3.1,1093728,2046,2,2,bbr1
0.514,43971,30,27360,34.9,31.7,20.2,74.5,3.2,1093728,2051,2,2,bbr1
0.521,43971,30,28800,34.3,30.2,20.2,74.5,3.6,1093728,2056,2,2,bbr1
0.534,33377,23,24480,33.4,30.6,20.2,74.5,3.6,1093728,2061,2,2,bbr1
0.542,39073,27,28800,33.3,32.0,20.2,74.5,3.1,1093728,2068,2,2,bbr1
0.549,43971,30,30240,33.3,33.4,20.2,74.5,2.3,1093728,2073,2,2,bbr1
0.555,43971,30,31680,33.5,34.9,20.2,74.5,2.2,1093728,2078,2,2,bbr1
0.563,43971,30,33120,33.9,36.4,20.2,74.5,2.4,656237,2083,2,2,bbr1
0.569,43971,30,31680,33.7,32.3,20.2,74.5,2.1,656237,2086,2,2,bbr1
0.581,33377,23,24480,33.9,35.4,20.2,74.5,1.7,656237,2089,2,2,bbr1
0.590,39073,27,25920,34.3,36.9,20.2,74.5,2.0,874983,2094,2,2,bbr1
0.596,43971,30,25920,34.8,38.3,20.2,74.5,2.5,874983,2098,2,2,bbr1
0.602,43971,30,24480,35.3,39.1,20.2,74.5,3.0,874983,2101,2,2,bbr1
0.610,43971,30,25920,35.5,37.1,20.2,74.5,2.7,874983,2106,2,2,bbr1
0.616,42734,29,25920,35.0,31.6,20.2,74.5,3.0,844352,2110,2,2,bbr1
0.623,27063,18,25920,34.5,30.6,20.2,74.5,3.4,1055440,2114,2,2,bbr1
0.629,32759,22,21600,34.0,30.5,20.2,74.5,3.5,1055440,2115,2,2,bbr1
0.636,38455,26,24480,33.6,31.0,20.2,74.5,3.4,1055440,2121,2,2,bbr1
0.644,42734,29,27360,33.4,31.5,20.2,74.5,3.1,1055440,2127,2,2,bbr1
0.649,42734,29,27360,33.1,31.3,20.2,74.5,2.8,1055440,2131,2,2,bbr1
0.656,42734,29,28800,32.3,26.9,20.2,74.5,3.7,1055440,2136,2,2,bbr1
0.668,31335,21,24480,31.8,30.6,20.2,74.5,3.0,633264,2140,2,2,bbr1
0.675,37031,25,24480,31.8,31.9,20.2,74.5,2.3,633264,2144,2,2,bbr1
0.682,42727,29,23040,32.0,33.2,20.2,74.5,2.1,636059,2147,2,2,bbr1
0.688,42885,29,23040,32.2,34.1,20.2,74.5,2.1,848079,2150,2,2,bbr1
0.695,42885,29,23040,32.6,35.5,20.2,74.5,2.4,848079,2154,2,2,bbr1
0.701,27138,18,23040,32.4,30.4,20.2,74.5,2.4,1060098,2158,2,2,bbr1
0.707,31410,21,23040,32.1,30.4,20.2,74.5,2.3,1060098,2161,2,2,bbr1
0.712,37106,25,24480,31.6,28.0,20.2,74.5,2.7,1060098,2166,2,2,bbr1
0.719,42802,29,25920,31.0,27.0,20.2,74.5,3.2,1060098,2171,2,2,bbr1
0.726,42885,29,27360,30.6,27.4,20.2,74.5,3.3,1060098,2176,2,2,bbr1
0.739,32834,22,23040,30.2,29.4,20.2,74.5,2.5,1060098,2181,2,2,bbr1
0.746,38530,26,25920,30.2,30.8,20.2,74.5,2.0,1060098,2187,2,2,bbr1
0.753,42885,29,27360,30.5,32.0,20.2,74.5,1.9,1060098,2192,2,2,bbr1
0.759,42885,29,28800,30.8,33.3,20.2,74.5,2.2,1060098,2197,2,2,bbr1
0.766,42885,29,30240,31.3,34.7,20.2,74.5,2.6,1060098,2202,2,2,bbr1
0.774,42885,29,31680,31.3,31.0,20.2,74.5,2.0,636059,2207,2,2,bbr1
0.781,42885,29,31680,31.4,32.4,20.2,74.5,1.8,636059,2210,2,2,bbr1
0.785,42885,29,28800,31.7,33.4,20.2,74.5,1.8,636059,2212,2,2,bbr1
0.793,42885,29,27360,32.0,34.8,20.2,74.5,2.2,636059,2215,2,2,bbr1
0.799,27138,18,25920,32.5,36.1,20.2,74.5,2.6,636059,2218,2,2,bbr1
0.805,32834,22,21600,33.2,37.4,20.2,74.5,3.2,636059,2219,2,2,bbr1
0.814,38530,26,23040,33.8,38.0,20.2,74.5,3.6,848079,2224,2,2,bbr1
0.819,44077,30,21600,34.0,35.4,20.2,74.5,3.1,877612,2227,2,2,bbr1
0.827,44077,30,23040,33.8,32.7,20.2,74.5,2.7,877612,2232,2,2,bbr1
0.832,44077,30,21600,33.0,27.0,20.2,74.5,3.7,877612,2235,2,2,bbr1
0.838,44077,30,23040,32.3,27.6,20.2,74.5,4.1,877612,2239,2,2,bbr1
0.845,44077,30,23040,31.6,26.6,20.2,74.5,4.5,877612,2243,2,2,bbr1
0.852,44077,30,23040,31.0,26.8,20.2,74.5,4.6,877612,2247,2,2,bbr1
0.858,27734,19,23040,30.5,27.3,20.2,74.5,4.3,1097015,2251,2,2,bbr1
0.864,33430,23,23040,30.1,27.5,20.2,74.5,4.0,1097015,2255,2,2,bbr1
0.872,39126,27,27360,29.8,27.3,20.2,74.5,3.7,1097015,2262,2,2,bbr1
0.879,44077,30,28800,29.6,28.1,20.2,74.5,3.2,1097015,2267,2,2,bbr1
0.886,44077,30,30240,29.4,28.2,20.2,74.5,2.8,1097015,2272,2,2,bbr1
0.892,44077,30,31680,29.4,29.8,20.2,74.5,2.2,1097015,2277,2,2,bbr1
0.899,44077,30,33120,29.7,31.1,20.2,74.5,2.1,658209,2282,2,2,bbr1
0.906,44077,30,31680,30.0,32.7,20.2,74.5,2.3,658209,2285,2,2,bbr1
0.919,32006,22,25920,31.2,35.4,20.2,74.5,3.3,658209,2288,2,2,bbr1
0.925,37702,26,25920,31.9,36.7,20.2,74.5,3.9,877612,2292,2,2,bbr1
0.931,43398,30,25920,32.7,38.4,20.2,74.5,4.5,877612,2296,2,2,bbr1
0.938,44077,30,25920,33.6,40.1,20.2,74.5,5.2,877612,2300,2,2,bbr1
0.944,44077,30,25920,34.1,37.8,20.2,74.5,5.0,1097015,2304,2,2,bbr1
0.952,44077,30,28800,33.7,30.4,20.2,74.5,4.7,1097015,2310,2,2,bbr1
0.958,44077,30,30240,33.4,31.2,20.2,74.5,4.1,1097015,2315,2,2,bbr1
0.971,33430,23,25920,32.9,31.1,20.2,74.5,3.2,658209,2320,2,2,bbr1
0.980,39126,27,27360,32.8,32.4,20.2,74.5,2.5,658209,2325,2,2,bbr1
0.987,44077,30,25920,33.0,34.0,20.2,74.5,2.2,658209,2328,2,2,bbr1
0.992,44077,30,24480,33.3,35.6,20.2,74.5,2.3,877612,2331,2,2,bbr1
0.999,44077,30,24480,33.7,37.0,20.2,74.5,2.6,877612,2335,2,2,bbr1
1.005,44077,30,24480,33.5,32.2,20.2,74.5,2.4,877612,2339,2,2,bbr1
1.012,27734,19,24480,33.3,31.8,20.2,74.5,2.2,1097015,2343,2,2,bbr1
1.019,33430,23,23040,32.9,29.7,20.2,74.5,2.6,1097015,2346,2,2,bbr1
1.025,39126,27,25920,32.4,29.1,20.2,74.5,2.9,1097015,2352,2,2,bbr1
1.032,44077,30,27360,32.0,29.5,20.2,74.5,2.9,1097015,2357,2,2,bbr1
1.040,44077,30,30240,31.8,30.2,20.2,74.5,2.6,1097015,2363,2,2,bbr1
1.046,44077,30,31680,31.8,31.4,20.2,74.5,2.1,1097015,2368,2,2,bbr1
1.059,32006,22,28800,31.7,32.0,20.2,74.5,1.4,658209,2373,2,2,bbr1
1.065,37702,26,27360,31.9,33.5,20.2,74.5,1.5,658209,2376,2,2,bbr1
1.072,43398,30,27360,32.3,35.1,20.2,74.5,1.9,658209,2380,2,2,bbr1
1.079,44077,30,25920,32.8,36.1,20.2,74.5,2.4,658209,2383,2,2,bbr1
1.086,44077,30,24480,33.5,38.1,20.2,74.5,3.1,877612,2386,2,2,bbr1
1.092,44077,30,24480,34.2,39.7,20.2,74.5,3.9,877612,2390,2,2,bbr1
1.098,26310,18,25920,34.3,34.7,20.2,74.5,3.0,1097015,2394,2,2,bbr1
1.103,32006,22,21600,34.1,32.8,20.2,74.5,2.6,1097015,2395,2,2,bbr1
1.111,37702,26,25920,33.7,30.8,20.2,74.5,2.8,1097015,2402,2,2,bbr1
1.118,43398,30,27360,33.2,29.7,20.2,74.5,3.1,1097015,2407,2,2,bbr1
1.125,44077,30,28800,32.7,29.7,20.2,74.5,3.2,1097015,2412,2,2,bbr1
1.131,44077,30,30240,32.0,27.0,20.2,74.5,3.9,1097015,2417,2,2,bbr1
1.136,44077,30,31680,31.7,29.4,20.2,74.5,3.5,1097015,2421,2,2,bbr1
1.149,33430,23,27360,31.7,32.5,20.2,74.5,2.4,635089,2426,2,2,bbr1
1.156,39126,27,27360,32.0,34.1,20.2,74.5,2.4,635089,2430,2,2,bbr1
1.162,42833,29,25920,32.4,35.4,20.2,74.5,2.6,635089,2433,2,2,bbr1
1.169,42833,29,24480,33.0,36.7,20.2,74.5,3.0,635089,2436,2,2,bbr1
1.176,42833,29,23040,33.6,38.4,20.2,74.5,3.6,846786,2439,2,2,bbr1
1.183,42833,29,23040,33.7,33.7,20.2,74.5,2.8,846786,2443,2,2,bbr1
1.189,42833,29,24480,33.7,34.3,20.2,74.5,2.2,846786,2447,2,2,bbr1
1.195,27112,18,23040,33.5,32.0,20.2,74.5,2.1,1058482,2450,2,2,bbr1
1.201,32808,22,21600,33.0,29.7,20.2,74.5,2.5,1058482,2453,2,2,bbr1
1.208,38504,26,24480,32.5,28.7,20.2,74.5,3.0,1058482,2459,2,2,bbr1
1.215,42833,29,25920,32.0,28.6,20.2,74.5,3.2,1058482,2464,2,2,bbr1
1.222,42833,29,27360,31.6,29.1,20.2,74.5,3.1,1058482,2469,2,2,bbr1
1.228,42833,29,28800,31.1,27.1,20.2,74.5,3.5,1058482,2474,2,2,bbr1
1.240,31384,21,24480,30.9,30.8,20.2,74.5,2.3,635089,2478,2,2,bbr1
1.247,37080,25,24480,31.0,32.1,20.2,74.5,2.0,635089,2482,2,2,bbr1
1.254,42776,29,23040,31.3,33.5,20.2,74.5,2.1,635089,2485,2,2,bbr1
1.261,42833,29,21600,31.7,34.7,20.2,74.5,2.5,846786,2488,2,2,bbr1
1.267,42833,29,21600,32.3,36.1,20.2,74.5,2.9,846786,2492,2,2,bbr1
1.274,27112,18,21600,32.2,31.5,20.2,74.5,2.4,846786,2496,2,2,bbr1
1.281,32808,22,21600,31.8,29.2,20.2,74.5,2.5,846786,2500,2,2,bbr1
1.288,38504,26,21600,31.2,27.0,20.2,74.5,3.1,846786,2504,2,2,bbr1
1.295,42833,29,21600,30.7,27.1,20.2,74.5,3.4,1058482,2508,2,2,bbr1
1.302,42833,29,24480,30.3,27.1,20.2,74.5,3.4,1058482,2514,2,2,bbr1
1.309,27112,18,25920,29.8,27.0,20.2,74.5,3.4,1058482,2519,2,2,bbr1
1.315,32808,22,21600,29.5,27.0,20.2,74.5,3.2,1058482,2520,2,2,bbr1
1.322,38504,26,24480,29.2,26.9,20.2,74.5,3.1,1058482,2526,2,2,bbr1
1.328,42776,29,27360,29.1,28.7,20.2,74.5,2.4,1058482,2531,2,2,bbr1
1.334,42833,29,27360,29.2,29.8,20.2,74.5,2.0,1058482,2535,2,2,bbr1
1.341,42833,29,28800,29.4,31.0,20.2,74.5,1.9,1058482,2540,2,2,bbr1
1.348,42833,29,30240,29.4,29.3,20.2,74.5,1.5,1058482,2545,2,2,bbr1
1.355,42833,29,33120,29.5,30.3,20.2,74.5,1.3,635089,2550,2,2,bbr1
1.366,31384,21,25920,30.2,32.7,20.2,74.5,1.9,635089,2552,2,2,bbr1
1.373,37080,25,25920,30.6,34.0,20.2,74.5,2.4,635089,2556,2,2,bbr1
1.379,41352,28,25920,31.1,34.5,20.2,74.5,2.7,635089,2559,2,2,bbr1
1.384,42833,29,23040,31.8,36.3,20.2,74.5,3.4,635089,2561,2,2,bbr1
0.008,30405,21,0,31.5,26.8,20.2,74.5,4.2,1054370,2563,2,2,bbr1
0.009,32979,22,0,31.3,29.4,20.2,74.5,3.7,1054370,2565,2,2,bbr1
0.035,40099,27,24480,30.3,23.7,20.2,74.5,4.7,1054370,2587,2,2,bbr1
0.042,42700,29,25920,29.7,25.0,20.2,74.5,4.8,1054370,2592,2,2,bbr1
0.049,42700,29,27360,29.2,26.4,20.2,74.5,4.4,1054370,2597,2,2,bbr1
0.056,42700,29,28800,29.1,27.8,20.2,74.5,3.7,1054370,2602,2,2,bbr1
0.062,42700,29,30240,29.0,28.9,20.2,74.5,2.8,1054370,2607,2,2,bbr1
0.070,42743,29,31680,29.2,30.2,20.2,74.5,2.4,633414,2612,2,2,bbr1
0.077,42743,29,31680,29.4,31.0,20.2,74.5,2.3,633414,2615,2,2,bbr1
0.082,42743,29,28800,29.8,32.5,20.2,74.5,2.5,633414,2617,2,2,bbr1
0.089,42743,29,27360,30.3,33.8,20.2,74.5,2.9,633414,2620,2,2,bbr1
0.095,42933,29,25920,30.9,35.1,20.2,74.5,3.3,636950,2623,2,2,bbr1
0.102,42933,29,24480,31.6,36.4,20.2,74.5,3.9,636950,2626,2,2,bbr1
0.108,42933,29,23040,32.3,36.8,20.2,74.5,4.2,849267,2629,2,2,bbr1
0.115,44049,30,23040,32.5,34.5,20.2,74.5,3.7,876914,2633,2,2,bbr1
0.122,44049,30,23040,32.4,31.7,20.2,74.5,3.0,876914,2637,2,2,bbr1
0.127,44049,30,23040,32.1,29.6,20.2,74.5,3.0,1096142,2641,2,2,bbr1
0.134,44049,30,24480,31.5,27.5,20.2,74.5,3.4,1096142,2646,2,2,bbr1
0.142,44049,30,28800,31.0,27.6,20.2,74.5,3.5,1096142,2652,2,2,bbr1
0.153,33416,23,23040,30.3,27.5,20.2,74.5,3.3,1096142,2656,2,2,bbr1
0.160,39112,27,27360,30.1,29.2,20.2,74.5,2.7,1096142,2663,2,2,bbr1
0.167,44049,30,28800,30.2,30.8,20.2,74.5,2.2,1096142,2668,2,2,bbr1
0.174,44049,30,30240,30.5,32.3,20.2,74.5,2.2,1096142,2673,2,2,bbr1
0.180,44049,30,31680,30.9,33.8,20.2,74.5,2.5,1096142,2678,2,2,bbr1
0.188,44049,30,33120,30.9,31.3,20.2,74.5,2.0,657685,2683,2,2,bbr1
0.200,33416,23,25920,31.6,34.3,20.2,74.5,2.2,657685,2686,2,2,bbr1
0.207,39112,27,25920,32.1,35.8,20.2,74.5,2.7,876914,2690,2,2,bbr1
0.215,44049,30,27360,32.7,37.3,20.2,74.5,3.3,876914,2695,2,2,bbr1
0.221,44049,30,27360,33.5,38.8,20.2,74.5,4.0,876914,2699,2,2,bbr1
0.227,44049,30,28800,34.3,40.0,20.2,74.5,4.6,1096142,2703,2,2,bbr1
0.232,44049,30,27360,34.0,32.0,20.2,74.5,4.0,1096142,2707,2,2,bbr1
0.247,33416,23,25975,33.7,32.7,20.2,74.5,2.8,657685,2715,2,2,bbr1
0.256,39112,27,27415,33.6,32.7,20.2,74.5,2.3,657685,2720,2,2,bbr1
0.263,44049,30,25975,33.6,33.7,20.2,74.5,1.8,657685,2723,2,2,bbr1
0.269,44049,30,24535,33.8,35.3,20.2,74.5,1.8,876914,2726,2,2,bbr1
0.276,44049,30,24535,34.2,36.8,20.2,74.5,2.1,876914,2730,2,2,bbr1
0.282,44049,30,24480,33.9,32.3,20.2,74.5,2.0,876914,2734,2,2,bbr1
0.289,27720,19,24480,33.7,32.0,20.2,74.5,2.0,876914,2738,2,2,bbr1
0.295,33416,23,23040,33.2,29.7,20.2,74.5,2.5,876914,2741,2,2,bbr1
0.303,39112,27,25920,32.8,29.6,20.2,74.5,2.8,876914,2747,2,2,bbr1
0.309,43384,30,25920,32.4,29.7,20.2,74.5,2.8,1096142,2750,2,2,bbr1
0.315,44049,30,27360,32.0,29.5,20.2,74.5,2.8,1096142,2755,2,2,bbr1
0.321,44049,30,28800,31.7,29.7,20.2,74.5,2.7,1096142,2760,2,2,bbr1
0.334,33416,23,24480,31.4,30.6,20.2,74.5,2.1,1096142,2765,2,2,bbr1
0.342,39112,27,28800,31.3,31.0,20.2,74.5,1.7,1096142,2772,2,2,bbr1
0.349,43384,30,31680,31.5,32.6,20.2,74.5,1.6,1096142,2777,2,2,bbr1
0.355,44049,30,31680,31.8,34.1,20.2,74.5,1.8,657685,2781,2,2,bbr1
0.361,44049,30,30240,32.3,35.5,20.2,74.5,2.3,657685,2784,2,2,bbr1
0.368,44049,30,28800,32.1,30.5,20.2,74.5,2.2,657685,2787,2,2,bbr1
0.374,27720,19,27360,32.3,33.6,20.2,74.5,2.0,657685,2790,2,2,bbr1
0.380,33416,23,23040,32.6,35.1,20.2,74.5,2.2,657685,2791,2,2,bbr1
0.388,39112,27,24480,33.1,36.6,20.2,74.5,2.7,878063,2796,2,2,bbr1
0.393,44096,30,23040,33.5,36.2,20.2,74.5,2.8,878063,2799,2,2,bbr1
0.401,44096,30,25920,33.7,34.8,20.2,74.5,2.4,878063,2804,2,2,bbr1
0.406,44096,30,24480,33.5,32.5,20.2,74.5,2.1,878063,2807,2,2,bbr1
0.412,27744,19,24480,33.1,29.9,20.2,74.5,2.5,1097578,2811,2,2,bbr1
0.419,33440,23,23040,32.5,28.5,20.2,74.5,3.0,1097578,2814,2,2,bbr1
0.427,39136,27,27360,32.0,28.8,20.2,74.5,3.2,1097578,2821,2,2,bbr1
0.433,44096,30,28800,31.7,29.4,20.2,74.5,3.0,1097578,2826,2,2,bbr1
0.440,44096,30,30240,31.4,29.2,20.2,74.5,2.9,1097578,2831,2,2,bbr1
0.446,44096,30,31680,31.3,30.9,20.2,74.5,2.3,1097578,2836,2,2,bbr1
0.459,33440,23,27415,31.5,32.6,20.2,74.5,1.7,658547,2842,2,2,bbr1
0.468,39136,27,28855,31.8,34.2,20.2,74.5,1.9,658547,2847,2,2,bbr1
0.475,44096,30,27415,32.3,35.8,20.2,74.5,2.4,658547,2850,2,2,bbr1
0.482,44096,30,25975,32.9,37.2,20.2,74.5,3.0,658547,2853,2,2,bbr1
0.487,44096,30,24535,33.6,38.7,20.2,74.5,3.7,878063,2856,2,2,bbr1
0.494,44096,30,25920,34.4,39.4,20.2,74.5,4.2,878063,2860,2,2,bbr1
0.499,27744,19,24480,34.4,34.6,20.2,74.5,3.3,878063,2863,2,2,bbr1
0.505,33440,23,23040,34.2,32.7,20.2,74.5,2.9,878063,2866,2,2,bbr1
0.513,39136,27,25920,33.7,30.2,20.2,74.5,3.2,878063,2872,2,2,bbr1
0.519,44096,30,24480,33.2,29.8,20.2,74.5,3.4,1097578,2875,2,2,bbr1
0.526,44096,30,27360,32.8,30.0,20.2,74.5,3.3,1097578,2881,2,2,bbr1
0.532,44096,30,28800,32.5,30.2,20.2,74.5,3.1,1097578,2886,2,2,bbr1
0.546,32016,22,25920,32.0,30.6,20.2,74.5,2.6,1097578,2891,2,2,bbr1
0.551,37712,26,27360,31.9,31.0,20.2,74.5,2.2,1097578,2896,2,2,bbr1
0.558,43408,30,28800,32.0,32.9,20.2,74.5,1.9,1097578,2901,2,2,bbr1
0.566,44096,30,31680,32.3,34.5,20.2,74.5,2.0,1097578,2907,2,2,bbr1
0.573,44096,30,33120,32.8,36.1,20.2,74.5,2.5,658547,2912,2,2,bbr1
0.579,44211,30,31680,32.5,30.4,20.2,74.5,2.4,660686,2915,2,2,bbr1
0.592,33497,23,24480,33.0,35.2,20.2,74.5,2.2,660686,2918,2,2,bbr1
0.600,39193,27,25920,33.4,36.7,20.2,74.5,2.6,880915,2923,2,2,bbr1
0.605,44211,30,24480,34.0,38.2,20.2,74.5,3.2,880915,2926,2,2,bbr1
0.613,44211,30,27360,34.7,39.4,20.2,74.5,3.7,880915,2931,2,2,bbr1
0.618,44211,30,25920,35.0,37.4,20.2,74.5,3.5,880915,2934,2,2,bbr1
0.624,27801,19,25920,34.5,30.4,20.2,74.5,3.8,1101143,2938,2,2,bbr1
0.631,33497,23,23040,34.0,30.8,20.2,74.5,3.7,1101143,2940,2,2,bbr1
0.638,39193,27,27360,33.6,30.9,20.2,74.5,3.6,1101143,2947,2,2,bbr1
0.645,43465,30,30240,33.2,30.6,20.2,74.5,3.4,1101143,2952,2,2,bbr1
0.650,44211,30,30240,33.0,31.1,20.2,74.5,3.1,1101143,2956,2,2,bbr1
0.657,44211,30,31680,32.8,31.9,20.2,74.5,2.6,1101143,2961,2,2,bbr1
0.664,44211,30,33120,32.6,30.8,20.2,74.5,2.5,660686,2966,2,2,bbr1
0.676,33497,23,25920,32.7,33.9,20.2,74.5,1.8,660686,2969,2,2,bbr1
0.684,39193,27,27360,33.0,35.4,20.2,74.5,2.0,880915,2974,2,2,bbr1
0.690,44211,30,25920,33.5,36.9,20.2,74.5,2.5,880915,2977,2,2,bbr1
0.698,44211,30,27360,34.1,38.4,20.2,74.5,3.1,880915,2982,2,2,bbr1
0.704,44211,30,27360,34.8,39.2,20.2,74.5,3.6,880915,2986,2,2,bbr1
0.711,44211,30,27360,34.4,32.1,20.2,74.5,3.3,880915,2990,2,2,bbr1
0.717,27801,19,27360,34.2,32.4,20.2,74.5,3.0,1101143,2994,2,2,bbr1
0.724,33497,23,23040,34.0,32.6,20.2,74.5,2.7,1101143,2995,2,2,bbr1
0.732,39193,27,27360,33.8,32.7,20.2,74.5,2.3,1101143,3002,2,2,bbr1
0.738,44211,30,28800,33.7,32.7,20.2,74.5,2.0,1101143,3007,2,2,bbr1
0.745,44211,30,30240,33.6,33.3,20.2,74.5,1.6,1101143,3012,2,2,bbr1
0.751,44211,30,31680,33.7,33.8,20.2,74.5,1.2,1101143,3017,2,2,bbr1
0.764,33497,23,27360,33.3,32.7,20.2,74.5,1.3,660686,3022,2,2,bbr1
0.773,39193,27,28800,33.4,34.3,20.2,74.5,1.2,660686,3027,2,2,bbr1
0.780,44211,30,27360,33.7,35.7,20.2,74.5,1.5,660686,3030,2,2,bbr1
0.787,44211,30,25920,34.1,37.2,20.2,74.5,2.0,660686,3033,2,2,bbr1
0.792,44211,30,24480,34.7,38.8,20.2,74.5,2.7,880915,3036,2,2,bbr1
0.799,27801,19,24480,34.6,33.8,20.2,74.5,2.3,880915,3040,2,2,bbr1
0.804,32073,22,24480,34.6,34.4,20.2,74.5,1.7,880915,3043,2,2,bbr1
0.810,37769,26,24480,34.3,32.5,20.2,74.5,1.8,880915,3047,2,2,bbr1
0.819,43465,30,25920,33.8,30.1,20.2,74.5,2.4,880915,3052,2,2,bbr1
0.825,44211,30,27360,33.2,29.3,20.2,74.5,2.9,880915,3056,2,2,bbr1
0.830,44211,30,25920,32.7,29.3,20.2,74.5,3.2,880915,3059,2,2,bbr1
0.836,44211,30,25920,32.3,29.6,20.2,74.5,3.2,880915,3063,2,2,bbr1
0.842,27801,19,25920,32.0,29.9,20.2,74.5,3.0,1101143,3067,2,2,bbr1
0.849,33497,23,23040,31.8,30.1,20.2,74.5,2.7,1101143,3069,2,2,bbr1
0.857,39193,27,27360,31.7,30.9,20.2,74.5,2.3,1101143,3076,2,2,bbr1
0.864,44211,30,28800,31.5,30.6,20.2,74.5,2.0,1101143,3081,2,2,bbr1
0.870,44211,30,30240,31.5,31.4,20.2,74.5,1.5,1101143,3086,2,2,bbr1
0.876,44211,30,31680,31.6,32.2,20.2,74.5,1.3,1101143,3091,2,2,bbr1
0.890,33497,23,27360,31.7,32.7,20.2,74.5,1.1,660686,3096,2,2,bbr1
0.898,39193,27,28800,32.0,34.3,20.2,74.5,1.5,660686,3101,2,2,bbr1
0.905,44211,30,27360,32.5,35.8,20.2,74.5,2.1,660686,3104,2,2,bbr1
0.912,44211,30,25920,33.1,37.2,20.2,74.5,2.7,660686,3107,2,2,bbr1
0.918,44211,30,24480,33.8,38.9,20.2,74.5,3.5,880915,3110,2,2,bbr1
0.925,27801,19,24480,33.8,33.7,20.2,74.5,2.6,880915,3114,2,2,bbr1
0.929,32073,22,24480,33.9,34.4,20.2,74.5,2.1,880915,3117,2,2,bbr1
0.935,37769,26,24480,33.7,32.5,20.2,74.5,2.0,880915,3121,2,2,bbr1
0.944,43465,30,25920,33.2,30.1,20.2,74.5,2.4,880289,3126,2,2,bbr1
0.949,44186,30,24480,32.8,29.7,20.2,74.5,2.7,880289,3129,2,2,bbr1
0.956,44186,30,24480,32.4,29.9,20.2,74.5,2.7,880289,3133,2,2,bbr1
0.963,27789,19,25920,32.2,30.2,20.2,74.5,2.6,880289,3138,2,2,bbr1
0.969,33485,23,23040,31.9,30.5,20.2,74.5,2.4,880289,3140,2,2,bbr1
0.976,37757,26,25920,31.8,30.6,20.2,74.5,2.1,880289,3145,2,2,bbr1
0.982,43453,30,25920,31.7,30.9,20.2,74.5,1.8,880289,3149,2,2,bbr1
0.989,44186,30,25920,31.6,31.0,20.2,74.5,1.5,1100361,3153,2,2,bbr1
0.995,44186,30,27360,31.5,31.1,20.2,74.5,1.3,1100361,3158,2,2,bbr1
1.008,33485,23,23040,31.2,30.6,20.2,74.5,1.2,1100361,3163,2,2,bbr1
1.016,39181,27,27360,31.1,30.3,20.2,74.5,1.1,1100361,3170,2,2,bbr1
1.023,44186,30,28800,31.2,31.6,20.2,74.5,0.9,1100361,3175,2,2,bbr1
1.030,44186,30,30240,31.4,33.3,20.2,74.5,1.2,1100361,3180,2,2,bbr1
1.036,44186,30,31680,31.9,34.8,20.2,74.5,1.8,1100361,3185,2,2,bbr1
1.043,44186,30,33120,31.8,31.1,20.2,74.5,1.5,660216,3190,2,2,bbr1
1.056,33485,23,25920,32.2,34.2,20.2,74.5,1.6,660216,3193,2,2,bbr1
1.064,39181,27,27360,32.6,35.8,20.2,74.5,2.1,880289,3198,2,2,bbr1
1.070,43453,30,28800,33.1,36.7,20.2,74.5,2.6,880289,3202,2,2,bbr1
1.075,44186,30,27360,33.8,38.5,20.2,74.5,3.3,880289,3205,2,2,bbr1
1.082,44186,30,28800,34.5,39.6,20.2,74.5,3.9,880289,3209,2,2,bbr1
1.087,44186,30,27360,35.0,38.6,20.2,74.5,4.0,880289,3212,2,2,bbr1
1.093,27789,19,27360,34.8,32.7,20.2,74.5,3.5,880289,3216,2,2,bbr1
1.100,33485,23,23040,34.4,31.8,20.2,74.5,3.4,880289,3217,2,2,bbr1
1.108,39181,27,25920,34.2,32.6,20.2,74.5,3.0,880289,3223,2,2,bbr1
1.113,44186,30,24480,33.9,32.3,20.2,74.5,2.7,1100361,3226,2,2,bbr1
1.120,44186,30,27360,33.8,32.7,20.2,74.5,2.3,1100361,3232,2,2,bbr1
1.134,33485,23,23040,33.3,30.5,20.2,74.5,2.2,1100361,3237,2,2,bbr1
1.142,39181,27,27360,32.9,30.3,20.2,74.5,2.4,1100361,3244,2,2,bbr1
1.148,44186,30,28800,32.8,31.6,20.2,74.5,2.1,1100361,3249,2,2,bbr1
1.155,44186,30,30240,32.9,33.5,20.2,74.5,1.8,1100361,3254,2,2,bbr1
1.162,44186,30,31680,33.1,35.1,20.2,74.5,1.9,1100361,3259,2,2,bbr1
1.169,44186,30,34560,32.8,30.8,20.2,74.5,2.0,660216,3264,2,2,bbr1
1.179,33485,23,25920,32.7,33.8,20.2,74.5,1.9,660216,3266,2,2,bbr1
1.188,39181,27,27360,33.0,35.2,20.2,74.5,2.0,880289,3271,2,2,bbr1
1.193,42679,29,25920,33.5,36.7,20.2,74.5,2.4,842977,3274,2,2,bbr1
1.200,42679,29,25920,34.0,37.8,20.2,74.5,2.9,842977,3278,2,2,bbr1
1.206,42679,29,25920,34.8,39.8,20.2,74.5,3.6,842977,3282,2,2,bbr1
1.213,42679,29,25920,34.4,32.1,20.2,74.5,3.4,842977,3286,2,2,bbr1
1.220,27035,18,25920,34.1,31.8,20.2,74.5,3.2,842977,3290,2,2,bbr1
1.227,32731,22,21600,33.9,32.3,20.2,74.5,2.8,842977,3291,2,2,bbr1
1.233,38427,26,23040,33.7,32.3,20.2,74.5,2.5,842977,3296,2,2,bbr1
1.240,42679,29,23040,33.5,32.2,20.2,74.5,2.3,842977,3300,2,2,bbr1
1.247,42679,29,24480,33.3,32.1,20.2,74.5,2.0,842977,3304,2,2,bbr1
1.252,42724,29,23040,33.1,31.9,20.2,74.5,1.9,844101,3307,2,2,bbr1
1.259,27058,18,23040,32.6,28.7,20.2,74.5,2.5,1055126,3311,2,2,bbr1
1.266,32754,22,21600,32.1,28.7,20.2,74.5,2.9,1055126,3314,2,2,bbr1
1.272,38450,26,24480,31.7,28.6,20.2,74.5,3.0,1055126,3320,2,2,bbr1
1.279,42724,29,25920,31.3,28.5,20.2,74.5,3.0,1055126,3325,2,2,bbr1
1.286,42724,29,27360,30.9,28.1,20.2,74.5,3.1,1055126,3330,2,2,bbr1
1.298,31330,21,24480,30.3,29.4,20.2,74.5,2.7,1055126,3335,2,2,bbr1
1.305,37026,25,25920,30.3,30.6,20.2,74.5,2.1,1055126,3340,2,2,bbr1
1.312,42722,29,28800,30.5,32.0,20.2,74.5,2.0,1055126,3346,2,2,bbr1
1.318,42724,29,30240,30.9,33.3,20.2,74.5,2.2,1055126,3351,2,2,bbr1
1.326,42724,29,31680,31.4,34.7,20.2,74.5,2.6,633075,3356,2,2,bbr1
1.333,42724,29,31680,31.2,30.5,20.2,74.5,2.2,633075,3359,2,2,bbr1
1.344,32754,22,23040,31.8,34.7,20.2,74.5,2.2,633075,3361,2,2,bbr1
1.350,38450,26,23040,32.3,36.0,20.2,74.5,2.7,844101,3365,2,2,bbr1
1.357,42722,29,24480,32.9,37.0,20.2,74.5,3.2,844101,3369,2,2,bbr1
1.363,42724,29,24480,33.5,38.3,20.2,74.5,3.8,844101,3373,2,2,bbr1
1.369,44253,30,23040,33.8,35.9,20.2,74.5,3.4,881947,3376,2,2,bbr1
1.377,27822,19,24480,33.3,29.8,20.2,74.5,3.6,881947,3381,2,2,bbr1
1.382,33518,23,23040,32.8,28.8,20.2,74.5,3.8,881947,3384,2,2,bbr1
1.390,39214,27,24480,32.3,28.7,20.2,74.5,3.9,881947,3389,2,2,bbr1
1.396,44253,30,24480,31.9,29.1,20.2,74.5,3.7,881947,3393,2,2,bbr1
1.403,44253,30,24480,31.5,29.3,20.2,74.5,3.4,881947,3397,2,2,bbr1
1.411,27822,19,25920,31.2,29.2,20.2,74.5,3.1,1102433,3402,2,2,bbr1
1.416,33518,23,23040,31.0,29.4,20.2,74.5,2.8,1102433,3404,2,2,bbr1
1.424,39214,27,27360,30.9,30.1,20.2,74.5,2.4,1102433,3411,2,2,bbr1
1.431,44253,30,28800,30.8,30.4,20.2,74.5,1.9,1102433,3416,2,2,bbr1
1.438,44253,30,30240,30.8,30.5,20.2,74.5,1.5,1102433,3421,2,2,bbr1
1.450,33518,23,25920,30.9,31.3,20.2,74.5,1.1,661460,3426,2,2,bbr1
1.459,39214,27,27360,31.1,32.6,20.2,74.5,1.2,661460,3431,2,2,bbr1
1.466,43486,30,27360,31.5,33.9,20.2,74.5,1.6,661460,3434,2,2,bbr1
1.470,44253,30,24480,32.0,35.5,20.2,74.5,2.2,661460,3436,2,2,bbr1
1.476,44253,30,23040,32.6,36.6,20.2,74.5,2.8,881947,3439,2,2,bbr1
1.482,44253,30,24480,33.3,38.2,20.2,74.5,3.5,881947,3443,2,2,bbr1
1.487,27822,19,23040,33.2,32.8,20.2,74.5,2.8,881947,3446,2,2,bbr1
1.494,33518,23,23040,32.9,30.7,20.2,74.5,2.7,881947,3450,2,2,bbr1
1.502,37790,26,25920,32.5,29.4,20.2,74.5,2.9,881947,3455,2,2,bbr1
1.507,43486,30,24480,31.9,28.0,20.2,74.5,3.3,881947,3458,2,2,bbr1
0.008,43466,30,0,30.5,29.8,20.2,74.5,2.2,1102433,3460,2,2,bbr1
0.010,44253,30,0,30.3,28.9,20.2,74.5,2.0,1102433,3462,2,2,bbr1
0.037,44253,30,25920,29.5,23.7,20.2,74.5,3.2,1102433,3485,2,2,bbr1
0.043,44253,30,27360,29.0,25.3,20.2,74.5,3.4,1102433,3490,2,2,bbr1
0.049,44253,30,28800,28.7,26.9,20.2,74.5,3.1,1102433,3495,2,2,bbr1
0.056,44253,30,30240,28.7,28.5,20.2,74.5,2.4,1102433,3500,2,2,bbr1
0.063,44253,30,31680,28.8,29.9,20.2,74.5,2.1,1102433,3505,2,2,bbr1
0.071,44253,30,34560,29.2,31.4,20.2,74.5,2.2,661460,3511,2,2,bbr1
0.078,44253,30,33120,29.6,32.7,20.2,74.5,2.5,661460,3514,2,2,bbr1
0.084,44253,30,31680,30.2,34.6,20.2,74.5,3.2,661460,3517,2,2,bbr1
0.091,44253,30,30240,31.0,36.1,20.2,74.5,3.8,661460,3520,2,2,bbr1
0.097,44253,30,28800,31.8,37.7,20.2,74.5,4.6,661460,3523,2,2,bbr1
0.104,44253,30,27360,32.7,39.2,20.2,74.5,5.3,661460,3526,2,2,bbr1
0.111,44253,30,25920,33.7,40.7,20.2,74.5,6.0,661460,3529,2,2,bbr1
0.117,44253,30,24480,34.3,38.5,20.2,74.5,5.7,881947,3532,2,2,bbr1
0.125,44253,30,27360,34.7,37.4,20.2,74.5,5.0,881947,3537,2,2,bbr1
0.130,44253,30,25920,34.8,35.5,20.2,74.5,3.9,881947,3540,2,2,bbr1
0.136,44253,30,25920,34.7,33.6,20.2,74.5,3.3,881947,3544,2,2,bbr1
0.143,44253,30,25920,34.2,31.1,20.2,74.5,3.3,881947,3548,2,2,bbr1
0.154,32094,22,21600,33.3,30.5,20.2,74.5,3.4,881947,3552,2,2,bbr1
0.162,37790,26,24480,33.0,30.9,20.2,74.5,3.2,881947,3558,2,2,bbr1
0.169,43486,30,24480,32.8,31.4,20.2,74.5,2.8,881947,3562,2,2,bbr1
0.175,44253,30,24480,32.7,31.7,20.2,74.5,2.4,1102433,3566,2,2,bbr1
0.181,44253,30,25920,32.0,27.0,20.2,74.5,3.2,1102433,3571,2,2,bbr1
0.187,44253,30,27360,31.6,28.8,20.2,74.5,3.2,1102433,3575,2,2,bbr1
0.200,33518,23,23040,30.9,28.8,20.2,74.5,2.9,1102433,3580,2,2,bbr1
0.208,37790,26,28800,30.7,29.3,20.2,74.5,2.6,1102433,3587,2,2,bbr1
0.211,43486,30,27360,30.8,31.3,20.2,74.5,2.1,1102433,3590,2,2,bbr1
0.220,44253,30,30240,31.1,33.0,20.2,74.5,2.1,1102433,3596,2,2,bbr1
0.226,44253,30,31680,31.5,34.6,20.2,74.5,2.5,1102433,3601,2,2,bbr1
0.233,44253,30,33120,31.4,30.9,20.2,74.5,2.0,661460,3606,2,2,bbr1
0.246,33518,23,25975,31.9,34.0,20.2,74.5,1.9,661460,3610,2,2,bbr1
0.254,39214,27,27415,32.3,35.5,20.2,74.5,2.4,881947,3615,2,2,bbr1
0.259,42726,29,25975,32.8,36.5,20.2,74.5,2.8,844143,3618,2,2,bbr1
0.266,42743,29,25975,33.5,38.5,20.2,74.5,3.5,844560,3622,2,2,bbr1
0.273,42743,29,25975,34.2,39.1,20.2,74.5,4.0,844560,3626,2,2,bbr1
0.281,42743,29,27360,34.0,32.0,20.2,74.5,3.6,844560,3631,2,2,bbr1
0.293,32763,22,21600,33.6,32.4,20.2,74.5,2.7,1055700,3635,2,2,bbr1
0.300,38459,26,24480,33.4,32.4,20.2,74.5,2.3,1055700,3641,2,2,bbr1
0.307,42743,29,25920,33.2,31.7,20.2,74.5,2.2,1055700,3646,2,2,bbr1
0.313,42743,29,27360,33.1,31.9,20.2,74.5,1.9,1055700,3651,2,2,bbr1
0.325,31339,21,24480,32.0,29.4,20.2,74.5,2.9,1055700,3656,2,2,bbr1
0.332,37035,25,25920,31.8,30.7,20.2,74.5,2.5,1055700,3661,2,2,bbr1
0.339,42731,29,28800,31.8,32.0,20.2,74.5,1.9,1055700,3667,2,2,bbr1
0.346,42743,29,30240,32.0,33.3,20.2,74.5,1.8,1055700,3672,2,2,bbr1
0.353,42743,29,33120,32.3,34.3,20.2,74.5,1.9,633420,3677,2,2,bbr1
0.364,32763,22,24480,32.0,32.0,20.2,74.5,1.5,633420,3679,2,2,bbr1
0.371,37035,25,25920,32.3,34.3,20.2,74.5,1.7,844560,3683,2,2,bbr1
0.377,42731,29,25920,32.7,35.6,20.2,74.5,2.1,844560,3687,2,2,bbr1
0.383,42743,29,24480,33.3,37.0,20.2,74.5,2.6,844560,3690,2,2,bbr1
0.390,42743,29,24480,33.9,38.3,20.2,74.5,3.2,844560,3694,2,2,bbr1
0.396,27067,18,24480,33.5,30.4,20.2,74.5,3.3,1055700,3698,2,2,bbr1
0.403,32763,22,21600,33.2,31.0,20.2,74.5,3.1,1055700,3700,2,2,bbr1
0.410,38459,26,24480,32.8,30.5,20.2,74.5,3.0,1055700,3706,2,2,bbr1
0.417,42743,29,25920,32.5,30.4,20.2,74.5,2.9,1055700,3711,2,2,bbr1
0.424,42743,29,27360,32.3,30.4,20.2,74.5,2.7,1055700,3716,2,2,bbr1
0.435,31339,21,24480,31.3,29.3,20.2,74.5,3.1,1055700,3721,2,2,bbr1
0.442,37035,25,25920,31.2,30.6,20.2,74.5,2.5,1055700,3726,2,2,bbr1
0.449,41307,28,30240,31.3,31.6,20.2,74.5,1.9,1055700,3732,2,2,bbr1
0.456,42743,29,30240,31.5,32.9,20.2,74.5,1.9,633420,3736,2,2,bbr1
0.463,42743,29,28800,31.8,34.3,20.2,74.5,2.1,633420,3739,2,2,bbr1
0.470,42743,29,27360,31.6,30.3,20.2,74.5,2.0,633420,3742,2,2,bbr1
0.476,27067,18,25920,31.7,32.2,20.2,74.5,1.6,633420,3745,2,2,bbr1
0.481,32763,22,21600,32.0,34.5,20.2,74.5,1.9,633420,3746,2,2,bbr1
0.488,38459,26,21600,32.5,35.8,20.2,74.5,2.4,875544,3750,2,2,bbr1
0.496,43994,30,23040,32.7,34.2,20.2,74.5,2.2,875544,3755,2,2,bbr1
0.502,43994,30,23040,32.6,31.6,20.2,74.5,1.9,875544,3759,2,2,bbr1
0.508,27693,19,23040,31.9,27.1,20.2,74.5,2.8,1094430,3763,2,2,bbr1
0.514,31965,22,24480,31.4,27.8,20.2,74.5,3.1,1094430,3767,2,2,bbr1
0.520,37661,26,25920,30.9,27.4,20.2,74.5,3.4,1094430,3772,2,2,bbr1
0.528,43357,30,28800,30.5,27.6,20.2,74.5,3.3,1094430,3778,2,2,bbr1
0.535,43994,30,30240,30.2,28.2,20.2,74.5,3.1,1094430,3783,2,2,bbr1
0.547,33389,23,25920,30.2,30.8,20.2,74.5,2.1,656658,3788,2,2,bbr1
0.556,39085,27,27360,30.5,32.5,20.2,74.5,2.1,656658,3793,2,2,bbr1
0.563,43994,30,25920,30.9,33.8,20.2,74.5,2.5,656658,3796,2,2,bbr1
0.569,43994,30,24480,31.5,35.4,20.2,74.5,3.0,875544,3799,2,2,bbr1
0.574,43994,30,23040,32.1,36.8,20.2,74.5,3.6,875544,3802,2,2,bbr1
0.582,27693,19,24480,32.1,32.0,20.2,74.5,2.7,875544,3807,2,2,bbr1
0.588,33389,23,23040,32.0,31.5,20.2,74.5,2.2,875544,3810,2,2,bbr1
0.595,39085,27,24480,31.7,29.7,20.2,74.5,2.2,875544,3815,2,2,bbr1
0.601,43994,30,24480,31.4,29.2,20.2,74.5,2.3,1094430,3819,2,2,bbr1
0.609,43994,30,27360,31.2,29.4,20.2,74.5,2.2,1094430,3825,2,2,bbr1
0.616,43994,30,28800,30.9,29.2,20.2,74.5,2.2,1094430,3830,2,2,bbr1
0.628,33389,23,24480,30.6,30.1,20.2,74.5,1.7,1094430,3835,2,2,bbr1
0.636,39085,27,28800,30.7,31.2,20.2,74.5,1.4,1094430,3842,2,2,bbr1
0.643,43994,30,30240,31.0,32.7,20.2,74.5,1.5,1094430,3847,2,2,bbr1
0.650,43994,30,31680,31.4,34.3,20.2,74.5,2.0,1094430,3852,2,2,bbr1
0.657,43994,30,33120,31.9,35.8,20.2,74.5,2.6,656658,3857,2,2,bbr1
0.669,33389,23,25975,32.2,34.0,20.2,74.5,2.1,656658,3861,2,2,bbr1
0.677,39085,27,27415,32.6,35.5,20.2,74.5,2.4,875544,3866,2,2,bbr1
0.683,43994,30,25975,33.2,37.0,20.2,74.5,2.9,875544,3869,2,2,bbr1
0.689,43994,30,25975,33.8,38.3,20.2,74.5,3.4,875544,3873,2,2,bbr1
0.697,43994,30,27415,34.5,39.2,20.2,74.5,3.9,875544,3878,2,2,bbr1
0.704,27732,19,27360,34.2,32.2,20.2,74.5,3.5,875544,3882,2,2,bbr1
0.710,33428,23,23040,34.0,32.5,20.2,74.5,3.1,875544,3883,2,2,bbr1
0.719,39124,27,25920,33.8,32.6,20.2,74.5,2.6,875544,3889,2,2,bbr1
0.723,43994,30,24480,33.7,32.8,20.2,74.5,2.2,1094430,3892,2,2,bbr1
0.730,43994,30,27360,33.6,32.8,20.2,74.5,1.9,1094430,3898,2,2,bbr1
0.744,33389,23,23040,33.1,30.5,20.2,74.5,2.0,1094430,3903,2,2,bbr1
0.752,39085,27,27360,32.8,30.5,20.2,74.5,2.1,1094430,3910,2,2,bbr1
0.758,43994,30,28800,32.6,31.7,20.2,74.5,1.9,1094430,3915,2,2,bbr1
0.765,43994,30,30240,32.7,33.3,20.2,74.5,1.6,1094430,3920,2,2,bbr1
0.772,43994,30,31680,33.0,34.9,20.2,74.5,1.7,1094430,3925,2,2,bbr1
0.779,43994,30,33120,32.8,31.2,20.2,74.5,1.8,656658,3930,2,2,bbr1
0.791,33389,23,25920,32.9,34.2,20.2,74.5,1.4,656658,3933,2,2,bbr1
0.799,39085,27,27360,33.3,35.7,20.2,74.5,1.7,875544,3938,2,2,bbr1
0.805,43994,30,25920,33.8,37.2,20.2,74.5,2.3,875544,3941,2,2,bbr1
0.811,43994,30,25920,34.3,38.3,20.2,74.5,2.8,875544,3945,2,2,bbr1
0.819,43994,30,27360,35.0,39.3,20.2,74.5,3.4,875544,3950,2,2,bbr1
0.826,27693,19,27360,34.6,32.1,20.2,74.5,3.2,845003,3954,2,2,bbr1
0.832,33389,23,23040,34.3,32.3,20.2,74.5,3.0,845003,3955,2,2,bbr1
0.839,39085,27,24480,34.1,32.5,20.2,74.5,2.7,845003,3960,2,2,bbr1
0.845,42761,29,24480,33.9,32.7,20.2,74.5,2.4,845003,3964,2,2,bbr1
0.852,42761,29,24480,33.8,32.8,20.2,74.5,2.1,845003,3968,2,2,bbr1
0.859,27076,18,24480,33.6,32.7,20.2,74.5,1.8,1056253,3972,2,2,bbr1
0.866,32772,22,21600,33.2,30.4,20.2,74.5,2.2,1056253,3974,2,2,bbr1
0.873,37044,25,25920,32.8,30.0,20.2,74.5,2.4,1056253,3980,2,2,bbr1
0.878,42740,29,25920,32.5,30.0,20.2,74.5,2.5,1056253,3984,2,2,bbr1
0.885,42761,29,27360,32.2,30.0,20.2,74.5,2.5,1056253,3989,2,2,bbr1
0.898,32772,22,23040,31.7,29.1,20.2,74.5,2.3,1055570,3994,2,2,bbr1
0.905,38468,26,25920,31.5,30.5,20.2,74.5,2.0,1066315,4000,2,2,bbr1
0.912,43086,29,27360,31.6,31.8,20.2,74.5,1.6,1066315,4005,2,2,bbr1
0.918,43086,29,28800,31.7,33.1,20.2,74.5,1.6,1066315,4010,2,2,bbr1
0.925,43086,29,30240,32.1,34.4,20.2,74.5,1.9,1066315,4015,2,2,bbr1
0.933,43086,29,31680,31.9,30.8,20.2,74.5,1.7,639789,4020,2,2,bbr1
0.945,32935,22,24480,32.2,33.6,20.2,74.5,1.4,639789,4023,2,2,bbr1
0.952,38631,26,24480,32.5,34.9,20.2,74.5,1.8,853052,4027,2,2,bbr1
0.960,42903,29,27360,32.9,36.0,20.2,74.5,2.2,853052,4032,2,2,bbr1
0.965,43086,29,25920,33.5,37.3,20.2,74.5,2.8,853052,4035,2,2,bbr1
0.972,43086,29,25920,34.0,37.9,20.2,74.5,3.2,853052,4039,2,2,bbr1
0.978,27239,18,25920,33.6,30.4,20.2,74.5,3.3,853052,4043,2,2,bbr1
0.984,32935,22,21600,33.2,30.5,20.2,74.5,3.2,853052,4044,2,2,bbr1
0.991,38631,26,23040,32.9,31.0,20.2,74.5,3.0,853052,4049,2,2,bbr1
0.998,43086,29,23040,32.6,30.5,20.2,74.5,2.8,853052,4053,2,2,bbr1
1.005,43086,29,23040,32.4,31.0,20.2,74.5,2.5,853052,4057,2,2,bbr1
1.011,28663,19,21600,31.7,26.9,20.2,74.5,3.3,1066315,4061,2,2,bbr1
1.020,34359,23,23040,31.4,28.7,20.2,74.5,3.2,1066315,4066,2,2,bbr1
1.028,40055,27,27360,31.2,30.1,20.2,74.5,2.7,1066315,4073,2,2,bbr1
1.033,43086,29,27360,30.9,28.6,20.2,74.5,2.7,1066315,4077,2,2,bbr1
1.040,43086,29,28800,30.6,28.6,20.2,74.5,2.6,1066315,4082,2,2,bbr1
1.054,32935,22,24480,30.6,31.2,20.2,74.5,1.6,639789,4087,2,2,bbr1
1.060,38631,26,24480,30.9,32.4,20.2,74.5,1.7,657291,4091,2,2,bbr1
1.069,44028,30,24480,31.2,33.7,20.2,74.5,2.0,657291,4095,2,2,bbr1
1.075,44028,30,23040,31.7,35.2,20.2,74.5,2.5,876388,4098,2,2,bbr1
1.081,44028,30,21600,32.3,36.5,20.2,74.5,3.0,876388,4101,2,2,bbr1
1.088,27710,19,23040,32.2,31.4,20.2,74.5,2.5,876388,4106,2,2,bbr1
1.095,33406,23,23040,31.8,29.3,20.2,74.5,2.6,876388,4110,2,2,bbr1
1.101,39102,27,23040,31.3,27.4,20.2,74.5,3.1,876388,4114,2,2,bbr1
1.108,44028,30,23040,30.7,27.0,20.2,74.5,3.4,1095485,4118,2,2,bbr1
1.116,44028,30,25920,30.3,27.2,20.2,74.5,3.4,1095485,4124,2,2,bbr1
1.122,27710,19,27360,30.0,27.7,20.2,74.5,3.2,1095485,4129,2,2,bbr1
1.128,33406,23,23040,29.7,28.1,20.2,74.5,2.9,1095485,4130,2,2,bbr1
1.136,39102,27,27360,29.5,27.8,20.2,74.5,2.6,1095485,4137,2,2,bbr1
1.143,44028,30,28800,29.5,29.9,20.2,74.5,2.1,1095485,4142,2,2,bbr1
1.149,44028,30,30240,29.8,31.4,20.2,74.5,2.0,1095485,4147,2,2,bbr1
1.156,44028,30,31680,30.1,32.8,20.2,74.5,2.3,1095485,4152,2,2,bbr1
1.163,44028,30,33120,30.3,31.2,20.2,74.5,2.0,657291,4157,2,2,bbr1
1.176,33406,23,25920,31.0,34.3,20.2,74.5,2.5,657291,4160,2,2,bbr1
1.184,39102,27,27360,31.6,35.7,20.2,74.5,3.0,876388,4165,2,2,bbr1
1.190,44028,30,27360,32.3,37.2,20.2,74.5,3.7,876388,4169,2,2,bbr1
1.197,44028,30,27360,33.1,38.9,20.2,74.5,4.4,876388,4173,2,2,bbr1
1.204,44028,30,27360,33.9,39.4,20.2,74.5,4.9,1095485,4177,2,2,bbr1
1.216,33406,23,23040,33.5,32.3,20.2,74.5,3.4,1095485,4182,2,2,bbr1
1.224,39102,27,27360,33.4,32.5,20.2,74.5,2.8,1095485,4189,2,2,bbr1
1.231,44028,30,28800,33.3,32.6,20.2,74.5,2.3,1095485,4194,2,2,bbr1
1.238,44028,30,30240,33.2,32.8,20.2,74.5,1.9,1095485,4199,2,2,bbr1
1.244,44028,30,31680,33.4,34.7,20.2,74.5,1.8,1095485,4204,2,2,bbr1
1.251,44028,30,33120,33.1,31.2,20.2,74.5,1.9,657291,4209,2,2,bbr1
1.264,33406,23,25975,33.2,34.2,20.2,74.5,1.4,657291,4213,2,2,bbr1
1.272,39102,27,27415,33.5,35.7,20.2,74.5,1.7,876388,4218,2,2,bbr1
1.277,44028,30,25975,34.0,37.3,20.2,74.5,2.2,876388,4221,2,2,bbr1
1.284,44028,30,25975,34.6,38.5,20.2,74.5,2.8,876388,4225,2,2,bbr1
1.292,44028,30,27415,35.2,39.4,20.2,74.5,3.3,876388,4230,2,2,bbr1
1.298,27749,19,27360,34.8,32.2,20.2,74.5,3.2,1095485,4234,2,2,bbr1
1.304,33445,23,23040,34.5,32.4,20.2,74.5,3.0,1095485,4235,2,2,bbr1
1.312,39141,27,27360,34.2,32.6,20.2,74.5,2.7,1095485,4242,2,2,bbr1
1.319,44028,30,28800,34.0,32.6,20.2,74.5,2.5,1095485,4247,2,2,bbr1
1.326,44028,30,31680,33.9,33.0,20.2,74.5,2.1,1095485,4252,2,2,bbr1
1.332,44028,30,31680,33.8,33.2,20.2,74.5,1.8,657291,4256,2,2,bbr1
1.343,33406,23,24480,33.3,32.3,20.2,74.5,1.9,657291,4259,2,2,bbr1
1.351,39102,27,25920,33.4,33.8,20.2,74.5,1.5,876388,4264,2,2,bbr1
1.359,44028,30,24480,33.6,35.4,20.2,74.5,1.6,876388,4267,2,2,bbr1
1.365,44042,30,24480,34.0,36.7,20.2,74.5,2.0,876734,4271,2,2,bbr1
1.371,44042,30,24480,34.3,36.3,20.2,74.5,2.1,1095917,4275,2,2,bbr1
1.377,27717,19,25920,33.9,31.6,20.2,74.5,2.2,1095917,4280,2,2,bbr1
1.384,33413,23,23040,33.5,30.2,20.2,74.5,2.6,1095917,4282,2,2,bbr1
1.391,37685,26,27360,32.8,27.9,20.2,74.5,3.3,1095917,4288,2,2,bbr1
1.396,43381,30,27360,32.4,29.8,20.2,74.5,3.3,1095917,4292,2,2,bbr1
1.404,44042,30,30240,32.2,30.7,20.2,74.5,2.9,1095917,4298,2,2,bbr1
1.410,44042,30,31680,32.2,32.3,20.2,74.5,2.2,1095917,4303,2,2,bbr1
1.418,44042,30,33120,32.0,30.6,20.2,74.5,2.0,657550,4308,2,2,bbr1
1.430,33413,23,25920,32.2,33.8,20.2,74.5,1.6,662674,4311,2,2,bbr1
1.439,39109,27,27360,32.6,35.2,20.2,74.5,2.0,883566,4316,2,2,bbr1
1.444,44318,30,27360,33.1,36.7,20.2,74.5,2.5,883566,4320,2,2,bbr1
1.451,44318,30,27360,33.8,38.2,20.2,74.5,3.1,883566,4324,2,2,bbr1
1.457,44318,30,27360,34.4,38.6,20.2,74.5,3.6,1104457,4328,2,2,bbr1
0.006,44318,30,0,32.1,22.8,20.2,74.5,3.9,1104457,4331,2,2,bbr1
0.007,44318,30,0,31.5,26.7,20.2,74.5,4.3,1104457,4333,2,2,bbr1
0.033,44318,30,25920,30.5,23.7,20.2,74.5,5.1,1104457,4356,2,2,bbr1
0.040,44318,30,27360,29.9,25.3,20.2,74.5,5.2,1104457,4361,2,2,bbr1
0.046,44318,30,28800,29.5,26.8,20.2,74.5,4.6,1104457,4366,2,2,bbr1
0.052,44318,30,30240,29.3,28.4,20.2,74.5,3.7,1104457,4371,2,2,bbr1
0.059,44318,30,31680,29.4,29.9,20.2,74.5,2.9,1104457,4376,2,2,bbr1
0.068,44318,30,34560,29.7,31.4,20.2,74.5,2.7,662674,4382,2,2,bbr1
0.075,44318,30,33120,30.0,32.7,20.2,74.5,2.8,662674,4385,2,2,bbr1
0.081,44318,30,31680,30.6,34.6,20.2,74.5,3.2,662674,4388,2,2,bbr1
0.087,44318,30,30240,31.3,36.2,20.2,74.5,3.8,662674,4391,2,2,bbr1
0.094,44318,30,28800,32.1,37.8,20.2,74.5,4.5,662674,4394,2,2,bbr1
0.101,44318,30,27360,33.0,39.3,20.2,74.5,5.2,662674,4397,2,2,bbr1
0.107,44318,30,25920,34.0,41.0,20.2,74.5,5.9,662674,4400,2,2,bbr1
0.113,44318,30,24480,34.6,38.4,20.2,74.5,5.5,883566,4403,2,2,bbr1
0.121,44318,30,25920,34.9,37.0,20.2,74.5,4.7,883566,4408,2,2,bbr1
0.128,44318,30,25920,34.9,35.1,20.2,74.5,3.6,883566,4412,2,2,bbr1
0.133,44318,30,25920,34.6,32.8,20.2,74.5,3.2,1104457,4416,2,2,bbr1
0.147,33551,23,23040,33.8,30.5,20.2,74.5,3.4,1104457,4422,2,2,bbr1
0.155,39247,27,27360,33.5,31.4,20.2,74.5,3.1,1104457,4429,2,2,bbr1
0.162,44318,30,28800,33.2,31.5,20.2,74.5,2.8,1104457,4434,2,2,bbr1
0.168,44318,30,30240,33.1,32.4,20.2,74.5,2.3,1104457,4439,2,2,bbr1
0.174,44318,30,31680,33.2,34.0,20.2,74.5,2.0,1104457,4444,2,2,bbr1
0.182,44318,30,33120,33.0,31.2,20.2,74.5,2.0,662674,4449,2,2,bbr1
0.195,33551,23,25975,33.1,34.4,20.2,74.5,1.5,662674,4453,2,2,bbr1
0.203,39247,27,27415,33.5,35.9,20.2,74.5,1.9,883566,4458,2,2,bbr1
0.208,44318,30,25975,33.9,37.2,20.2,74.5,2.3,883566,4461,2,2,bbr1
0.216,44318,30,27415,34.5,39.0,20.2,74.5,3.0,883566,4466,2,2,bbr1
0.223,44318,30,27415,35.2,39.5,20.2,74.5,3.5,883566,4470,2,2,bbr1
0.228,27894,19,27360,34.8,32.2,20.2,74.5,3.4,1104457,4474,2,2,bbr1
0.235,33590,23,23040,34.5,32.4,20.2,74.5,3.1,1104457,4475,2,2,bbr1
0.243,39286,27,27360,34.3,32.7,20.2,74.5,2.8,1104457,4482,2,2,bbr1
0.250,44318,30,28800,34.1,32.9,20.2,74.5,2.4,1104457,4487,2,2,bbr1
0.257,44318,30,30240,33.9,32.9,20.2,74.5,2.1,1104457,4492,2,2,bbr1
0.263,44318,30,31680,33.9,33.8,20.2,74.5,1.6,1104457,4497,2,2,bbr1
0.276,33551,23,27360,33.5,32.7,20.2,74.5,1.7,662674,4502,2,2,bbr1
0.285,39247,27,28800,33.6,34.3,20.2,74.5,1.4,662674,4507,2,2,bbr1
0.291,44318,30,27360,33.9,35.8,20.2,74.5,1.7,662674,4510,2,2,bbr1
0.298,44318,30,25920,34.3,37.2,20.2,74.5,2.1,662674,4513,2,2,bbr1
0.304,44318,30,24480,34.9,39.0,20.2,74.5,2.7,883566,4516,2,2,bbr1
0.310,27855,19,24480,34.7,33.8,20.2,74.5,2.3,1104457,4520,2,2,bbr1
0.315,32127,22,24480,34.7,34.5,20.2,74.5,1.8,1104457,4523,2,2,bbr1
0.322,37823,26,27360,34.4,32.6,20.2,74.5,1.9,1104457,4529,2,2,bbr1
0.329,43519,30,30240,34.0,30.7,20.2,74.5,2.3,1104457,4535,2,2,bbr1
0.336,44318,30,31680,33.5,29.9,20.2,74.5,2.8,1104457,4540,2,2,bbr1
0.343,44318,30,33120,33.1,30.9,20.2,74.5,2.7,662674,4545,2,2,bbr1
0.355,33551,23,25975,33.1,33.8,20.2,74.5,1.9,662674,4549,2,2,bbr1
0.364,39247,27,27415,33.4,35.4,20.2,74.5,2.0,883566,4554,2,2,bbr1
0.370,42751,29,27415,33.9,37.0,20.2,74.5,2.4,844752,4558,2,2,bbr1
0.376,42751,29,25975,34.4,38.3,20.2,74.5,2.9,844752,4561,2,2,bbr1
0.383,42751,29,25975,35.0,39.3,20.2,74.5,3.4,844752,4565,2,2,bbr1
0.389,27110,18,25920,34.7,32.2,20.2,74.5,3.3,1055940,4569,2,2,bbr1
0.396,32806,22,21600,34.4,32.5,20.2,74.5,3.0,1055940,4570,2,2,bbr1
0.403,38502,26,24480,34.2,32.7,20.2,74.5,2.7,1055940,4576,2,2,bbr1
0.410,42751,29,27360,34.0,32.2,20.2,74.5,2.5,1055940,4581,2,2,bbr1
0.415,42751,29,27360,33.7,32.3,20.2,74.5,2.3,1055940,4585,2,2,bbr1
0.422,42751,29,28800,33.6,32.3,20.2,74.5,2.1,1055940,4590,2,2,bbr1
0.435,32767,22,24480,32.8,30.8,20.2,74.5,2.5,633564,4595,2,2,bbr1
0.442,38463,26,24480,32.7,32.0,20.2,74.5,2.1,633564,4599,2,2,bbr1
0.449,42751,29,23040,32.8,33.4,20.2,74.5,1.7,633564,4602,2,2,bbr1
0.455,42751,29,21600,33.0,34.6,20.2,74.5,1.8,844752,4605,2,2,bbr1
0.462,42751,29,21600,33.4,36.0,20.2,74.5,2.1,844752,4609,2,2,bbr1
0.469,27071,18,21600,33.1,31.5,20.2,74.5,2.0,844752,4613,2,2,bbr1
0.476,32767,22,21600,32.6,29.1,20.2,74.5,2.5,844752,4617,2,2,bbr1
0.483,38463,26,21600,31.9,27.1,20.2,74.5,3.3,844752,4621,2,2,bbr1
0.489,42751,29,21600,31.3,27.1,20.2,74.5,3.7,844752,4625,2,2,bbr1
0.496,42751,29,21600,30.8,26.9,20.2,74.5,3.8,844752,4629,2,2,bbr1
0.503,27071,18,21600,30.3,27.0,20.2,74.5,3.8,1055940,4633,2,2,bbr1
0.510,32767,22,21600,29.9,27.0,20.2,74.5,3.7,1055940,4637,2,2,bbr1
0.517,38463,26,24480,29.5,27.0,20.2,74.5,3.5,1055940,4643,2,2,bbr1
0.523,42723,29,25920,29.2,27.1,20.2,74.5,3.2,1055075,4648,2,2,bbr1
0.530,42723,29,27360,28.9,27.0,20.2,74.5,3.0,1055075,4653,2,2,bbr1
0.542,31329,21,24480,28.8,29.3,20.2,74.5,2.2,1055075,4658,2,2,bbr1
0.549,37025,25,25920,29.0,30.7,20.2,74.5,2.1,1055075,4663,2,2,bbr1
0.556,42721,29,28800,29.4,32.0,20.2,74.5,2.3,1055075,4669,2,2,bbr1
0.562,42723,29,30240,29.9,33.3,20.2,74.5,2.7,1055075,4674,2,2,bbr1
0.570,42723,29,31680,30.5,34.7,20.2,74.5,3.3,633045,4679,2,2,bbr1
0.583,32753,22,24480,31.1,33.7,20.2,74.5,2.9,633045,4682,2,2,bbr1
0.589,38449,26,24480,31.6,35.0,20.2,74.5,3.2,844060,4686,2,2,bbr1
0.597,42723,29,25920,32.2,36.3,20.2,74.5,3.6,844060,4691,2,2,bbr1
0.603,42723,29,24480,32.9,37.6,20.2,74.5,4.0,844060,4694,2,2,bbr1
0.610,42738,29,24480,33.4,37.0,20.2,74.5,4.0,844435,4698,2,2,bbr1
0.618,27065,18,25920,33.1,31.3,20.2,74.5,3.5,1055543,4703,2,2,bbr1
0.623,32761,22,21600,32.8,30.3,20.2,74.5,3.4,1055543,4704,2,2,bbr1
0.630,38457,26,24480,32.4,30.2,20.2,74.5,3.2,1055543,4710,2,2,bbr1
0.637,42738,29,25920,32.2,30.2,20.2,74.5,2.9,1055543,4715,2,2,bbr1
0.644,42738,29,27360,32.0,30.5,20.2,74.5,2.6,1055543,4720,2,2,bbr1
0.656,31337,21,24480,31.5,29.5,20.2,74.5,2.2,633326,4725,2,2,bbr1
0.662,37033,25,24480,31.4,30.7,20.2,74.5,1.9,633326,4729,2,2,bbr1
0.669,42729,29,23040,31.5,32.0,20.2,74.5,1.6,633326,4732,2,2,bbr1
0.676,42738,29,21600,31.7,33.3,20.2,74.5,1.6,633326,4735,2,2,bbr1
0.683,42738,29,20160,32.1,34.7,20.2,74.5,2.0,844435,4738,2,2,bbr1
0.689,27065,18,20160,32.0,31.4,20.2,74.5,1.7,1056536,4742,2,2,bbr1
0.696,32761,22,21600,31.6,29.0,20.2,74.5,2.0,1056536,4747,2,2,bbr1
0.704,38457,26,24480,31.0,26.7,20.2,74.5,2.7,1056536,4753,2,2,bbr1
0.711,42770,29,25920,30.3,25.5,20.2,74.5,3.4,1056536,4758,2,2,bbr1
0.717,42770,29,27360,29.8,26.0,20.2,74.5,3.7,1056536,4763,2,2,bbr1
0.724,42770,29,30240,29.4,27.2,20.2,74.5,3.4,1056536,4768,2,2,bbr1
0.729,42770,29,28800,29.3,28.5,20.2,74.5,2.8,633921,4771,2,2,bbr1
0.736,42770,29,27360,29.4,29.8,20.2,74.5,2.2,633921,4774,2,2,bbr1
0.743,42770,29,25920,29.6,31.0,20.2,74.5,2.1,633921,4777,2,2,bbr1
0.750,42770,29,24480,29.9,32.4,20.2,74.5,2.3,633921,4780,2,2,bbr1
0.756,42770,29,24480,30.4,33.4,20.2,74.5,2.6,845229,4783,2,2,bbr1
0.761,44232,30,23040,30.9,34.7,20.2,74.5,3.0,881448,4786,2,2,bbr1
0.767,44232,30,23040,31.2,33.3,20.2,74.5,2.8,881448,4790,2,2,bbr1
0.774,44232,30,23040,31.2,31.0,20.2,74.5,2.2,881448,4794,2,2,bbr1
0.782,44232,30,24480,30.9,28.8,20.2,74.5,2.3,1101810,4799,2,2,bbr1
0.788,44232,30,25920,30.5,27.7,20.2,74.5,2.5,1101810,4804,2,2,bbr1
0.795,44232,30,27360,30.2,28.3,20.2,74.5,2.4,1101810,4809,2,2,bbr1
0.801,44232,30,28800,29.9,28.1,20.2,74.5,2.3,1101810,4814,2,2,bbr1
0.808,44232,30,30240,29.7,28.4,20.2,74.5,2.1,1101810,4819,2,2,bbr1
0.005,3072,2,0,33.1,38.9,20.2,74.5,4.5,881448,4826,3,3,bbr1
0.008,5760,4,0,32.3,26.8,20.2,74.5,5.0,1101810,4828,3,3,bbr1
0.033,12880,8,0,31.2,23.8,20.2,74.5,5.8,1101810,4833,3,3,bbr1
0.059,20000,13,5760,30.0,21.2,20.2,74.5,6.9,1101810,4842,3,3,bbr1
0.065,25696,17,8640,29.1,22.7,20.2,74.5,7.0,1101810,4848,3,3,bbr1
0.084,32816,22,18720,28.1,21.3,20.2,74.5,7.2,1101810,4860,3,3,bbr1
0.092,38512,26,23040,27.4,22.8,20.2,74.5,6.7,1101810,4867,3,3,bbr1
0.099,44208,30,24480,27.0,24.3,20.2,74.5,5.8,1101810,4872,3,3,bbr1
0.105,44232,30,25920,26.9,25.8,20.2,74.5,4.6,1101810,4877,3,3,bbr1
0.112,44232,30,27360,26.7,25.5,20.2,74.5,3.8,1101810,4882,3,3,bbr1
0.118,44232,30,30240,26.7,26.7,20.2,74.5,2.9,1101810,4887,3,3,bbr1
0.123,44232,30,30240,26.9,28.2,20.2,74.5,2.5,1101810,4891,3,3,bbr1
0.130,44232,30,31680,27.3,29.8,20.2,74.5,2.6,1101810,4896,3,3,bbr1
0.138,44232,30,33120,27.7,31.0,20.2,74.5,2.9,661086,4901,3,3,bbr1
0.144,44232,30,31680,28.4,32.9,20.2,74.5,3.5,661086,4904,3,3,bbr1
0.150,44232,30,30240,29.1,34.5,20.2,74.5,4.1,661086,4907,3,3,bbr1
0.157,44232,30,28800,30.0,36.0,20.2,74.5,4.8,661086,4910,3,3,bbr1
0.166,44232,30,28800,30.9,37.6,20.2,74.5,5.5,661086,4914,3,3,bbr1
0.172,44232,30,27360,32.0,39.0,20.2,74.5,6.2,661086,4917,3,3,bbr1
0.179,44232,30,25920,32.9,39.5,20.2,74.5,6.5,661086,4920,3,3,bbr1
0.185,44232,30,24480,33.5,37.4,20.2,74.5,6.0,881448,4923,3,3,bbr1
0.191,44232,30,24480,33.8,35.8,20.2,74.5,5.1,881448,4927,3,3,bbr1
0.198,44232,30,24480,33.8,34.0,20.2,74.5,3.9,881448,4931,3,3,bbr1
0.204,44232,30,24480,33.5,31.7,20.2,74.5,3.4,1101810,4935,3,3,bbr1
0.212,44232,30,28800,33.1,30.0,20.2,74.5,3.4,1101810,4941,3,3,bbr1
0.223,33508,23,23095,32.3,29.5,20.2,74.5,3.4,1101810,4946,3,3,bbr1
0.231,37780,26,28855,32.0,30.2,20.2,74.5,3.0,1101810,4953,3,3,bbr1
0.236,43476,30,28855,31.8,30.6,20.2,74.5,2.6,1101810,4957,3,3,bbr1
0.243,44232,30,30295,31.9,32.2,20.2,74.5,2.1,1101810,4962,3,3,bbr1
0.249,44232,30,31735,32.1,33.8,20.2,74.5,2.0,1101810,4967,3,3,bbr1
0.256,44232,30,34560,31.7,28.8,20.2,74.5,2.4,661086,4972,3,3,bbr1
0.261,44232,30,31680,31.7,32.0,20.2,74.5,1.8,661086,4974,3,3,bbr1
0.267,44232,30,30240,32.0,33.7,20.2,74.5,1.9,661086,4977,3,3,bbr1
0.274,44232,30,28800,32.4,35.1,20.2,74.5,2.2,661086,4980,3,3,bbr1
0.283,44232,30,28800,32.9,36.6,20.2,74.5,2.7,661086,4984,3,3,bbr1
0.289,27812,19,27360,33.5,38.0,20.2,74.5,3.3,661086,4987,3,3,bbr1
0.294,32084,22,24480,34.3,39.4,20.2,74.5,3.9,661086,4988,3,3,bbr1
0.300,37780,26,24480,34.7,37.8,20.2,74.5,3.8,878917,4992,3,3,bbr1
0.307,43476,30,24480,34.9,36.4,20.2,74.5,3.3,878917,4996,3,3,bbr1
0.313,44130,30,24480,34.9,34.4,20.2,74.5,2.6,878917,5000,3,3,bbr1
0.320,44130,30,24480,34.6,32.5,20.2,74.5,2.5,878917,5004,3,3,bbr1
0.326,44130,30,24480,34.0,29.9,20.2,74.5,3.1,878917,5008,3,3,bbr1
0.335,44130,30,25920,33.4,29.1,20.2,74.5,3.5,878917,5013,3,3,bbr1
0.340,44130,30,24480,32.9,29.3,20.2,74.5,3.6,1098646,5016,3,3,bbr1
0.347,44130,30,27360,32.5,30.1,20.2,74.5,3.4,1098646,5022,3,3,bbr1
0.354,44130,30,28800,32.2,30.3,20.2,74.5,3.1,1098646,5027,3,3,bbr1
0.365,32033,22,27360,31.8,30.7,20.2,74.5,2.5,659187,5033,3,3,bbr1
0.372,37729,26,27360,31.8,31.5,20.2,74.5,1.9,659187,5037,3,3,bbr1
0.381,42001,29,28800,31.9,32.7,20.2,74.5,1.7,659187,5041,3,3,bbr1
0.385,44130,30,25920,32.2,34.4,20.2,74.5,1.9,659187,5043,3,3,bbr1
0.391,44130,30,24480,32.6,35.8,20.2,74.5,2.3,878917,5046,3,3,bbr1
0.398,44130,30,24480,33.2,37.3,20.2,74.5,2.9,878917,5050,3,3,bbr1
0.406,44130,30,25920,33.4,34.5,20.2,74.5,2.5,878917,5055,3,3,bbr1
0.411,44130,30,24480,33.2,32.3,20.2,74.5,2.1,1098646,5058,3,3,bbr1
0.418,44130,30,27360,32.9,30.4,20.2,74.5,2.3,1098646,5064,3,3,bbr1
0.425,44130,30,30240,32.5,29.7,20.2,74.5,2.5,1098646,5069,3,3,bbr1
0.436,33457,23,24480,32.0,30.7,20.2,74.5,2.3,1098646,5073,3,3,bbr1
0.444,39153,27,28800,31.9,31.0,20.2,74.5,2.0,1098646,5080,3,3,bbr1
0.451,44130,30,30240,32.0,33.0,20.2,74.5,1.7,1098646,5085,3,3,bbr1
0.458,44130,30,31680,32.3,34.6,20.2,74.5,2.0,1098646,5090,3,3,bbr1
0.465,44130,30,33120,32.8,36.1,20.2,74.5,2.4,659187,5095,3,3,bbr1
0.471,44130,30,33120,32.5,30.4,20.2,74.5,2.4,659187,5098,3,3,bbr1
0.476,44130,30,30240,32.6,33.6,20.2,74.5,2.1,659187,5100,3,3,bbr1
0.482,44130,30,28800,32.9,35.1,20.2,74.5,2.2,659187,5103,3,3,bbr1
0.489,27761,19,27360,33.4,36.7,20.2,74.5,2.6,659187,5106,3,3,bbr1
0.496,33457,23,23040,34.0,37.9,20.2,74.5,3.0,659187,5107,3,3,bbr1
0.504,39153,27,24480,34.7,39.8,20.2,74.5,3.7,878917,5112,3,3,bbr1
0.510,44130,30,24480,35.1,37.8,20.2,74.5,3.6,878917,5116,3,3,bbr1
0.517,44130,30,24480,35.2,35.8,20.2,74.5,2.8,878917,5120,3,3,bbr1
0.524,44130,30,24480,35.0,33.8,20.2,74.5,2.5,878917,5124,3,3,bbr1
0.531,44130,30,24480,34.3,29.3,20.2,74.5,3.3,878917,5128,3,3,bbr1
0.537,44130,30,24480,33.6,28.6,20.2,74.5,3.9,878917,5132,3,3,bbr1
0.543,44130,30,24480,33.0,29.3,20.2,74.5,4.0,1098646,5136,3,3,bbr1
0.551,27761,19,27360,32.6,29.5,20.2,74.5,3.9,1098646,5142,3,3,bbr1
0.557,32033,22,24480,32.2,29.7,20.2,74.5,3.6,1098646,5143,3,3,bbr1
0.562,37729,26,25920,31.9,29.9,20.2,74.5,3.3,1098646,5148,3,3,bbr1
0.569,43425,30,27360,31.6,29.6,20.2,74.5,3.1,1098646,5153,3,3,bbr1
0.576,44052,30,30240,31.6,31.0,20.2,74.5,2.5,1096227,5159,3,3,bbr1
0.583,44052,30,31680,31.7,32.6,20.2,74.5,2.1,1096227,5164,3,3,bbr1
0.591,44052,30,33120,31.6,30.7,20.2,74.5,1.8,657736,5169,3,3,bbr1
0.597,44052,30,31680,31.7,32.3,20.2,74.5,1.6,657736,5172,3,3,bbr1
0.609,33418,23,24480,32.3,35.3,20.2,74.5,2.1,657736,5175,3,3,bbr1
0.618,39114,27,25920,32.9,36.9,20.2,74.5,2.7,876982,5180,3,3,bbr1
0.624,44052,30,25920,33.6,38.3,20.2,74.5,3.4,876982,5184,3,3,bbr1
0.629,44052,30,25920,34.3,39.6,20.2,74.5,4.0,876982,5187,3,3,bbr1
0.636,44052,30,25920,34.7,37.5,20.2,74.5,3.8,876982,5191,3,3,bbr1
0.642,44052,30,25920,34.2,30.4,20.2,74.5,4.0,1096227,5195,3,3,bbr1
0.648,27722,19,27360,33.7,30.2,20.2,74.5,4.0,1096227,5200,3,3,bbr1
0.655,33418,23,23040,33.3,30.8,20.2,74.5,3.7,1096227,5201,3,3,bbr1
0.663,39114,27,27360,33.0,31.0,20.2,74.5,3.4,1096227,5208,3,3,bbr1
0.670,43386,30,30240,32.8,31.0,20.2,74.5,3.0,1096227,5213,3,3,bbr1
0.675,44052,30,30240,32.6,31.6,20.2,74.5,2.6,1096227,5217,3,3,bbr1
0.681,44052,30,31680,32.7,33.2,20.2,74.5,2.1,1096227,5222,3,3,bbr1
0.689,44052,30,33120,32.5,30.8,20.2,74.5,2.0,657736,5227,3,3,bbr1
0.701,33418,23,25920,32.6,33.8,20.2,74.5,1.5,657736,5230,3,3,bbr1
0.709,39114,27,27360,32.9,35.3,20.2,74.5,1.8,876982,5235,3,3,bbr1
0.714,44052,30,25920,33.4,36.9,20.2,74.5,2.3,876982,5238,3,3,bbr1
0.722,44052,30,27360,34.0,38.3,20.2,74.5,3.0,876982,5243,3,3,bbr1
0.729,44052,30,27360,34.6,38.5,20.2,74.5,3.4,876982,5247,3,3,bbr1
0.736,44052,30,27360,34.3,32.1,20.2,74.5,3.1,876982,5251,3,3,bbr1
0.741,27722,19,27360,34.1,32.4,20.2,74.5,2.8,1096227,5255,3,3,bbr1
0.748,33418,23,23040,33.9,32.6,20.2,74.5,2.5,1096227,5256,3,3,bbr1
0.756,39114,27,27360,33.7,32.8,20.2,74.5,2.1,1096227,5263,3,3,bbr1
0.763,44052,30,28800,33.6,32.8,20.2,74.5,1.8,1096227,5268,3,3,bbr1
0.770,44052,30,31680,33.6,33.2,20.2,74.5,1.5,1096227,5273,3,3,bbr1
0.776,44052,30,31680,33.5,32.8,20.2,74.5,1.3,657736,5277,3,3,bbr1
0.787,33418,23,24480,33.0,32.3,20.2,74.5,1.4,657736,5280,3,3,bbr1
0.796,39114,27,25920,33.1,33.8,20.2,74.5,1.3,876982,5285,3,3,bbr1
0.802,44027,30,25920,33.4,35.3,20.2,74.5,1.5,876352,5289,3,3,bbr1
0.808,44027,30,24480,33.8,36.8,20.2,74.5,2.0,876352,5292,3,3,bbr1
0.815,44027,30,25920,34.1,36.5,20.2,74.5,2.1,876352,5297,3,3,bbr1
0.822,27709,19,25920,33.8,31.5,20.2,74.5,2.3,876352,5301,3,3,bbr1
0.828,33405,23,23040,33.4,30.6,20.2,74.5,2.5,876352,5303,3,3,bbr1
0.836,39101,27,25920,33.0,30.3,20.2,74.5,2.7,876352,5309,3,3,bbr1
0.841,44027,30,24480,32.8,31.0,20.2,74.5,2.5,1095440,5312,3,3,bbr1
0.848,44027,30,27360,32.6,31.2,20.2,74.5,2.3,1095440,5318,3,3,bbr1
0.855,44027,30,28800,32.4,31.4,20.2,74.5,2.0,1095440,5323,3,3,bbr1
0.868,33405,23,24480,31.9,30.2,20.2,74.5,2.0,1094766,5328,3,3,bbr1
0.876,39101,27,28800,31.9,31.5,20.2,74.5,1.6,1094766,5335,3,3,bbr1
0.883,44005,30,30240,32.1,33.4,20.2,74.5,1.6,1094766,5340,3,3,bbr1
0.890,44005,30,33120,32.4,34.5,20.2,74.5,1.8,1094766,5345,3,3,bbr1
0.896,44005,30,33120,32.8,36.0,20.2,74.5,2.3,656859,5349,3,3,bbr1
0.907,33394,23,25920,32.7,33.6,20.2,74.5,2.0,656859,5352,3,3,bbr1
0.914,39090,27,25920,33.0,35.1,20.2,74.5,2.1,875813,5356,3,3,bbr1
0.922,44005,30,27360,33.4,36.6,20.2,74.5,2.5,875813,5361,3,3,bbr1
0.929,44012,30,27360,34.0,37.9,20.2,74.5,3.0,875993,5365,3,3,bbr1
0.935,44012,30,27360,34.5,38.5,20.2,74.5,3.4,875993,5369,3,3,bbr1
0.941,44012,30,27360,34.2,32.0,20.2,74.5,3.1,875993,5373,3,3,bbr1
0.948,44012,30,27360,34.0,32.8,20.2,74.5,2.7,875993,5377,3,3,bbr1
0.961,33398,23,23040,33.7,32.8,20.2,74.5,2.0,1094991,5382,3,3,bbr1
0.969,39094,27,27360,33.7,33.4,20.2,74.5,1.6,1094991,5389,3,3,bbr1
0.976,44012,30,28800,33.7,33.6,20.2,74.5,1.2,1094991,5394,3,3,bbr1
0.983,44012,30,30240,33.7,33.8,20.2,74.5,1.0,1094991,5399,3,3,bbr1
0.990,44012,30,33120,33.7,33.4,20.2,74.5,0.8,1094991,5404,3,3,bbr1
0.996,44012,30,33120,33.3,30.8,20.2,74.5,1.3,656994,5408,3,3,bbr1
1.007,33398,23,25975,33.2,33.8,20.2,74.5,1.1,656994,5412,3,3,bbr1
1.015,39094,27,27415,33.5,35.3,20.2,74.5,1.3,875993,5417,3,3,bbr1
1.021,44012,30,25975,33.9,36.7,20.2,74.5,1.8,875993,5420,3,3,bbr1
1.029,44012,30,27415,34.4,37.9,20.2,74.5,2.4,875993,5425,3,3,bbr1
1.035,44012,30,27415,34.9,38.5,20.2,74.5,2.8,1094991,5429,3,3,bbr1
1.041,44012,30,28800,34.6,32.3,20.2,74.5,2.8,1094991,5434,3,3,bbr1
1.048,44012,30,30240,34.3,32.5,20.2,74.5,2.6,1094991,5439,3,3,bbr1
1.062,33398,23,27415,33.9,32.8,20.2,74.5,2.1,656994,5446,3,3,bbr1
1.068,39094,27,27415,33.9,33.5,20.2,74.5,1.7,656994,5450,3,3,bbr1
1.075,44012,30,25975,34.0,35.0,20.2,74.5,1.5,656994,5453,3,3,bbr1
1.083,44012,30,25975,34.3,36.5,20.2,74.5,1.8,875993,5457,3,3,bbr1
1.090,44012,30,25975,34.8,38.0,20.2,74.5,2.3,875993,5461,3,3,bbr1
1.096,44012,30,27360,35.4,39.4,20.2,74.5,2.9,875993,5465,3,3,bbr1
0.006,44012,30,0,32.3,23.1,20.2,74.5,4.9,1094991,5468,3,3,bbr1
0.007,44012,30,0,31.7,27.8,20.2,74.5,4.8,1094991,5470,3,3,bbr1
0.034,44012,30,25920,30.7,23.7,20.2,74.5,5.6,1094991,5493,3,3,bbr1
0.040,44012,30,27360,30.0,25.2,20.2,74.5,5.5,1094991,5498,3,3,bbr1
0.047,44012,30,28800,29.6,26.8,20.2,74.5,5.0,1094991,5503,3,3,bbr1
0.054,44012,30,30240,29.5,28.3,20.2,74.5,4.1,1094991,5508,3,3,bbr1
0.060,44012,30,31680,29.5,29.8,20.2,74.5,3.1,1094991,5513,3,3,bbr1
0.067,44012,30,33120,29.7,31.3,20.2,74.5,2.8,656994,5518,3,3,bbr1
0.074,44012,30,31680,30.1,32.7,20.2,74.5,2.8,656994,5521,3,3,bbr1
0.081,44012,30,30240,30.6,34.3,20.2,74.5,3.2,656994,5524,3,3,bbr1
0.087,44012,30,28800,31.3,35.9,20.2,74.5,3.7,656994,5527,3,3,bbr1
0.093,44012,30,27360,32.0,37.4,20.2,74.5,4.3,656994,5530,3,3,bbr1
0.100,44012,30,25920,32.9,38.9,20.2,74.5,4.9,656994,5533,3,3,bbr1
0.108,44012,30,25920,33.7,39.6,20.2,74.5,5.4,875993,5537,3,3,bbr1
0.114,44012,30,24480,34.2,37.4,20.2,74.5,4.9,875993,5540,3,3,bbr1
0.121,44012,30,27360,34.4,35.7,20.2,74.5,4.1,875993,5545,3,3,bbr1
0.127,44012,30,25920,34.3,34.1,20.2,74.5,3.1,875993,5548,3,3,bbr1
0.133,44012,30,25920,34.0,32.1,20.2,74.5,2.9,875993,5552,3,3,bbr1
0.140,44012,30,25920,33.6,30.6,20.2,74.5,3.0,875993,5556,3,3,bbr1
0.146,27702,19,25920,33.3,30.9,20.2,74.5,3.0,875993,5560,3,3,bbr1
0.152,33398,23,23040,33.0,30.9,20.2,74.5,2.8,875993,5562,3,3,bbr1
0.161,39094,27,25920,32.8,31.1,20.2,74.5,2.6,875993,5568,3,3,bbr1
0.166,44012,30,24480,32.6,31.4,20.2,74.5,2.3,1094991,5571,3,3,bbr1
0.173,44012,30,27360,32.5,31.6,20.2,74.5,1.9,1094991,5577,3,3,bbr1
0.180,44012,30,28800,32.3,31.3,20.2,74.5,1.8,1094991,5582,3,3,bbr1
0.186,44012,30,31680,32.0,30.0,20.2,74.5,1.9,1094991,5587,3,3,bbr1
0.198,33398,23,25920,31.8,31.6,20.2,74.5,1.4,656994,5591,3,3,bbr1
0.207,39094,27,27360,32.0,33.1,20.2,74.5,1.3,656994,5596,3,3,bbr1
0.214,43916,30,25920,32.3,34.6,20.2,74.5,1.7,655214,5599,3,3,bbr1
0.220,43916,30,24480,32.8,36.0,20.2,74.5,2.2,873619,5602,3,3,bbr1
0.226,43916,30,25920,33.3,37.3,20.2,74.5,2.8,873619,5606,3,3,bbr1
0.232,44319,30,23040,33.2,32.0,20.2,74.5,2.4,883593,5609,3,3,bbr1
0.239,27855,19,24480,33.0,31.8,20.2,74.5,2.1,883593,5614,3,3,bbr1
0.246,33551,23,23040,32.6,29.4,20.2,74.5,2.5,883593,5617,3,3,bbr1
0.252,37823,26,25920,32.1,28.8,20.2,74.5,2.8,883593,5622,3,3,bbr1
0.258,43519,30,24480,31.8,29.6,20.2,74.5,2.7,883593,5625,3,3,bbr1
0.264,44319,30,24480,31.5,29.2,20.2,74.5,2.7,1104491,5629,3,3,bbr1
0.271,44319,30,28800,31.3,29.9,20.2,74.5,2.4,1104491,5635,3,3,bbr1
0.277,44319,30,28800,31.1,30.2,20.2,74.5,2.1,1104491,5639,3,3,bbr1
0.290,33551,23,24480,31.0,30.7,20.2,74.5,1.4,1106675,5644,3,3,bbr1
0.297,39247,27,28800,31.1,31.6,20.2,74.5,1.2,1106675,5651,3,3,bbr1
0.304,44390,30,30240,31.3,33.2,20.2,74.5,1.4,1106675,5656,3,3,bbr1
0.311,44390,30,31680,31.7,34.7,20.2,74.5,1.9,1106675,5661,3,3,bbr1
0.318,44390,30,33120,32.3,36.3,20.2,74.5,2.6,664005,5666,3,3,bbr1
0.330,32163,22,27360,32.5,33.7,20.2,74.5,1.8,664005,5669,3,3,bbr1
0.337,37859,26,27360,32.9,35.3,20.2,74.5,2.1,664005,5673,3,3,bbr1
0.343,43555,30,25920,33.3,36.8,20.2,74.5,2.5,664005,5676,3,3,bbr1
0.349,44390,30,24480,33.9,37.9,20.2,74.5,3.0,885340,5679,3,3,bbr1
0.356,44390,30,24480,34.7,40.0,20.2,74.5,3.8,885340,5683,3,3,bbr1
0.364,27891,19,25920,34.3,32.0,20.2,74.5,3.5,1106675,5688,3,3,bbr1
0.368,32163,22,24480,34.1,32.8,20.2,74.5,3.0,1106675,5690,3,3,bbr1
0.374,36435,25,28800,33.8,31.4,20.2,74.5,3.0,1106675,5696,3,3,bbr1
0.381,42131,29,30240,33.3,30.0,20.2,74.5,3.2,1106675,5701,3,3,bbr1
0.387,44390,30,31680,32.9,30.3,20.2,74.5,3.1,1106675,5706,3,3,bbr1
0.395,44390,30,33120,32.6,30.5,20.2,74.5,3.0,664005,5711,3,3,bbr1
0.401,44390,30,31680,32.4,30.5,20.2,74.5,2.8,664005,5714,3,3,bbr1
0.414,33587,23,24480,32.9,35.3,20.2,74.5,2.5,664005,5717,3,3,bbr1
0.420,39283,27,24480,33.4,36.9,20.2,74.5,2.9,885340,5721,3,3,bbr1
0.428,44390,30,25920,34.0,38.4,20.2,74.5,3.4,885340,5726,3,3,bbr1
0.435,44390,30,25920,34.6,38.5,20.2,74.5,3.7,885340,5730,3,3,bbr1
0.440,44390,30,25920,34.9,37.1,20.2,74.5,3.4,1106675,5734,3,3,bbr1
0.448,44390,30,28800,34.4,31.4,20.2,74.5,3.4,1106675,5740,3,3,bbr1
0.461,33587,23,24480,33.7,31.4,20.2,74.5,3.2,1106675,5745,3,3,bbr1
0.469,39283,27,28800,33.5,31.6,20.2,74.5,2.9,1106675,5752,3,3,bbr1
0.475,44390,30,30240,33.4,32.6,20.2,74.5,2.4,1106675,5757,3,3,bbr1
0.482,44390,30,31680,33.5,34.2,20.2,74.5,2.0,1106675,5762,3,3,bbr1
0.489,44390,30,33120,33.7,35.7,20.2,74.5,2.1,664005,5767,3,3,bbr1
0.501,33587,23,25920,33.6,34.0,20.2,74.5,1.5,664005,5770,3,3,bbr1
0.510,39283,27,27360,33.9,35.5,20.2,74.5,1.6,885340,5775,3,3,bbr1
0.516,44390,30,27360,34.3,37.1,20.2,74.5,2.0,885340,5779,3,3,bbr1
0.523,44390,30,27360,34.8,38.4,20.2,74.5,2.6,885340,5783,3,3,bbr1
0.529,44390,30,27360,35.4,39.4,20.2,74.5,3.1,885340,5787,3,3,bbr1
0.536,44390,30,27360,34.9,32.1,20.2,74.5,3.1,885340,5791,3,3,bbr1
0.547,32163,22,23040,34.4,32.6,20.2,74.5,2.7,1106675,5795,3,3,bbr1
0.555,37859,26,27360,34.1,32.3,20.2,74.5,2.6,1106675,5802,3,3,bbr1
0.562,43555,30,28800,34.0,33.1,20.2,74.5,2.2,1106675,5807,3,3,bbr1
0.569,44390,30,30240,33.9,33.4,20.2,74.5,1.8,1106675,5812,3,3,bbr1
0.575,44390,30,31680,33.8,33.2,20.2,74.5,1.5,1106675,5817,3,3,bbr1
0.588,33587,23,27360,33.4,32.7,20.2,74.5,1.6,664005,5822,3,3,bbr1
0.597,39283,27,28800,33.5,34.2,20.2,74.5,1.4,664005,5827,3,3,bbr1
0.603,44390,30,27360,33.8,35.8,20.2,74.5,1.6,664005,5830,3,3,bbr1
0.610,44390,30,25920,34.2,37.3,20.2,74.5,2.1,664005,5833,3,3,bbr1
0.616,44390,30,24480,34.8,39.0,20.2,74.5,2.8,885340,5836,3,3,bbr1
0.622,27891,19,24480,34.7,33.7,20.2,74.5,2.3,1106675,5841,3,3,bbr1
0.627,32163,22,24480,34.7,34.5,20.2,74.5,1.8,1106675,5844,3,3,bbr1
0.634,37859,26,27360,34.4,32.5,20.2,74.5,1.9,1106675,5850,3,3,bbr1
0.641,43555,30,30240,33.9,30.7,20.2,74.5,2.3,1106675,5856,3,3,bbr1
0.648,44390,30,31680,33.4,29.7,20.2,74.5,2.8,1106675,5861,3,3,bbr1
0.655,44013,30,33120,33.1,30.8,20.2,74.5,2.7,657011,5866,3,3,bbr1
0.667,33398,23,25975,33.1,33.8,20.2,74.5,1.9,657011,5870,3,3,bbr1
0.676,39094,27,27415,33.4,35.5,20.2,74.5,2.0,876015,5875,3,3,bbr1
0.681,44013,30,25975,33.8,37.0,20.2,74.5,2.4,876015,5878,3,3,bbr1
0.688,44013,30,25975,34.4,38.3,20.2,74.5,2.9,876015,5882,3,3,bbr1
0.696,44013,30,27415,35.0,39.3,20.2,74.5,3.4,876015,5887,3,3,bbr1
0.702,44013,30,27360,34.6,32.2,20.2,74.5,3.3,876015,5891,3,3,bbr1
0.708,27702,19,27360,34.4,32.5,20.2,74.5,3.0,1095018,5895,3,3,bbr1
0.715,33398,23,23040,34.2,32.6,20.2,74.5,2.7,1095018,5896,3,3,bbr1
0.723,39094,27,27360,34.0,32.8,20.2,74.5,2.3,1095018,5903,3,3,bbr1
0.730,44013,30,28800,33.8,32.9,20.2,74.5,2.0,1095018,5908,3,3,bbr1
0.736,44013,30,30240,33.7,32.8,20.2,74.5,1.8,1095018,5913,3,3,bbr1
0.743,44013,30,33120,33.7,33.4,20.2,74.5,1.4,1095018,5918,3,3,bbr1
0.754,33398,23,27360,33.2,32.3,20.2,74.5,1.6,657011,5922,3,3,bbr1
0.763,39094,27,28800,33.3,33.9,20.2,74.5,1.4,657011,5927,3,3,bbr1
0.770,42745,29,27360,33.5,35.3,20.2,74.5,1.6,633451,5930,3,3,bbr1
0.776,42745,29,25920,33.9,36.6,20.2,74.5,1.9,633451,5933,3,3,bbr1
0.782,43984,30,24480,34.4,37.9,20.2,74.5,2.5,875297,5936,3,3,bbr1
0.788,27688,19,23040,34.3,33.8,20.2,74.5,2.0,1094121,5939,3,3,bbr1
0.793,31960,22,24480,34.4,34.5,20.2,74.5,1.5,1094121,5943,3,3,bbr1
0.800,37656,26,27360,34.1,32.5,20.2,74.5,1.6,1094121,5949,3,3,bbr1
0.807,43352,30,28800,33.6,30.1,20.2,74.5,2.2,1094121,5954,3,3,bbr1
0.813,43984,30,30240,33.0,28.7,20.2,74.5,2.9,1094121,5959,3,3,bbr1
0.821,43984,30,33120,32.7,30.3,20.2,74.5,2.8,1094121,5965,3,3,bbr1
0.829,43984,30,34560,32.5,31.6,20.2,74.5,2.4,656472,5970,3,3,bbr1
0.840,33384,23,27360,32.9,34.8,20.2,74.5,2.1,656472,5973,3,3,bbr1
0.849,39080,27,28800,33.3,36.3,20.2,74.5,2.4,656472,5978,3,3,bbr1
0.856,43984,30,27360,33.9,37.9,20.2,74.5,2.9,656472,5981,3,3,bbr1
0.863,43984,30,25920,34.6,39.4,20.2,74.5,3.6,656472,5984,3,3,bbr1
0.868,43984,30,24480,35.4,40.9,20.2,74.5,4.3,875297,5987,3,3,bbr1
0.874,27688,19,24480,35.2,33.8,20.2,74.5,3.6,1094121,5991,3,3,bbr1
0.879,31960,22,24480,35.1,34.5,20.2,74.5,2.8,1094121,5994,3,3,bbr1
0.886,37656,26,27360,34.8,32.5,20.2,74.5,2.8,1094121,6000,3,3,bbr1
0.893,43352,30,28800,34.2,30.0,20.2,74.5,3.3,1094121,6005,3,3,bbr1
0.900,43984,30,30240,33.6,29.6,20.2,74.5,3.6,1094121,6010,3,3,bbr1
0.907,43984,30,33120,33.2,30.4,20.2,74.5,3.5,1094121,6016,3,3,bbr1
0.920,33384,23,28800,33.1,33.5,20.2,74.5,2.3,656472,6021,3,3,bbr1
0.927,39080,27,28800,33.3,35.0,20.2,74.5,2.2,656472,6025,3,3,bbr1
0.935,43984,30,28800,33.7,36.5,20.2,74.5,2.4,656472,6029,3,3,bbr1
0.942,43984,30,27360,34.3,38.0,20.2,74.5,2.9,656472,6032,3,3,bbr1
0.948,43984,30,25920,34.9,39.4,20.2,74.5,3.5,656472,6035,3,3,bbr1
0.955,43984,30,25920,35.6,40.6,20.2,74.5,4.0,875297,6038,3,3,bbr1
0.959,27688,19,24480,35.8,36.7,20.2,74.5,3.3,1094121,6041,3,3,bbr1
0.966,31960,22,24480,35.7,35.0,20.2,74.5,2.7,1094121,6044,3,3,bbr1
0.971,37656,26,25920,35.3,33.0,20.2,74.5,2.7,1094121,6049,3,3,bbr1
0.977,43352,30,27360,34.8,30.8,20.2,74.5,3.1,1094121,6054,3,3,bbr1
0.985,43984,30,30240,34.1,29.4,20.2,74.5,3.7,1094121,6060,3,3,bbr1
0.992,43984,30,31680,33.7,30.6,20.2,74.5,3.6,1094121,6065,3,3,bbr1
1.005,33384,23,27360,33.2,32.4,20.2,74.5,2.8,656472,6070,3,3,bbr1
1.013,39080,27,28800,33.3,33.8,20.2,74.5,2.3,656472,6075,3,3,bbr1
1.020,43984,30,27360,33.5,35.4,20.2,74.5,2.2,656472,6078,3,3,bbr1
1.027,43984,30,27360,33.9,36.6,20.2,74.5,2.4,656472,6081,3,3,bbr1
1.031,43984,30,24480,34.4,37.8,20.2,74.5,2.8,656472,6083,3,3,bbr1
1.037,43984,30,23040,35.0,39.5,20.2,74.5,3.4,875297,6086,3,3,bbr1
1.044,27688,19,23040,35.0,34.5,20.2,74.5,2.7,875297,6090,3,3,bbr1
1.050,33384,23,23040,34.6,32.3,20.2,74.5,2.7,875297,6094,3,3,bbr1
1.057,39080,27,23040,34.0,30.0,20.2,74.5,3.2,875297,6098,3,3,bbr1
1.065,43984,30,24480,33.4,28.5,20.2,74.5,3.8,1094121,6103,3,3,bbr1
1.072,43984,30,25920,32.7,28.2,20.2,74.5,4.1,1094121,6108,3,3,bbr1
1.078,43984,30,27360,32.2,28.4,20.2,74.5,4.2,1094121,6113,3,3,bbr1
1.091,33384,23,23095,31.5,29.3,20.2,74.5,3.5,1094121,6119,3,3,bbr1
1.099,39080,27,27415,31.4,30.5,20.2,74.5,2.9,1094121,6126,3,3,bbr1
1.106,43984,30,28855,31.4,31.7,20.2,74.5,2.3,1094121,6131,3,3,bbr1
1.112,43984,30,30295,31.7,33.5,20.2,74.5,2.2,1094121,6136,3,3,bbr1
1.119,43984,30,31735,32.1,35.0,20.2,74.5,2.5,1094121,6141,3,3,bbr1
1.126,43984,30,33120,32.0,31.2,20.2,74.5,2.1,656472,6146,3,3,bbr1
1.133,42661,29,31680,32.1,32.7,20.2,74.5,1.8,631905,6149,3,3,bbr1
1.145,31298,21,25975,32.7,35.3,20.2,74.5,2.1,631905,6153,3,3,bbr1
1.152,36994,25,25975,33.2,36.8,20.2,74.5,2.6,631905,6157,3,3,bbr1
1.159,42661,29,24535,33.8,38.0,20.2,74.5,3.2,631905,6160,3,3,bbr1
1.165,42661,29,23095,34.6,39.9,20.2,74.5,3.9,842541,6163,3,3,bbr1
1.171,42661,29,21655,35.0,37.8,20.2,74.5,3.7,842541,6166,3,3,bbr1
1.177,42661,29,21600,34.4,30.5,20.2,74.5,3.9,842541,6170,3,3,bbr1
1.184,27026,18,21600,33.8,29.7,20.2,74.5,4.1,1053176,6174,3,3,bbr1
1.191,32722,22,21600,33.0,27.5,20.2,74.5,4.7,1053176,6178,3,3,bbr1
1.198,38418,26,24480,32.3,27.2,20.2,74.5,5.0,1053176,6184,3,3,bbr1
1.205,42661,29,25920,31.6,27.1,20.2,74.5,5.0,1053176,6189,3,3,bbr1
1.212,42661,29,27360,31.1,26.9,20.2,74.5,5.0,1053176,6194,3,3,bbr1
1.224,31298,21,24480,30.6,29.3,20.2,74.5,3.6,631905,6199,3,3,bbr1
1.231,36994,25,24480,30.6,30.6,20.2,74.5,2.7,631905,6203,3,3,bbr1
1.238,42661,29,23040,30.7,31.9,20.2,74.5,2.4,631905,6206,3,3,bbr1
1.245,42661,29,21600,31.0,33.2,20.2,74.5,2.4,631905,6209,3,3,bbr1
1.251,42661,29,20160,31.5,34.5,20.2,74.5,2.6,842541,6212,3,3,bbr1
1.257,27026,18,20160,31.4,30.8,20.2,74.5,2.2,1074651,6216,3,3,bbr1
1.264,32722,22,21600,31.0,28.4,20.2,74.5,2.4,1074651,6221,3,3,bbr1
1.272,36994,25,25920,30.5,26.7,20.2,74.5,2.9,1074651,6227,3,3,bbr1
1.276,42690,29,24480,29.8,24.9,20.2,74.5,3.5,1074651,6230,3,3,bbr1
1.283,43355,30,25920,29.2,25.2,20.2,74.5,3.8,1074651,6235,3,3,bbr1
1.289,43355,30,27360,28.9,26.7,20.2,74.5,3.5,1074651,6240,3,3,bbr1
1.296,43355,30,28800,28.8,28.1,20.2,74.5,2.8,1074651,6245,3,3,bbr1
1.304,44416,30,31680,28.9,29.6,20.2,74.5,2.3,1107481,6251,3,3,bbr1
1.312,44416,30,33120,29.1,30.9,20.2,74.5,2.2,664488,6256,3,3,bbr1
1.318,44416,30,31680,29.5,32.3,20.2,74.5,2.5,664488,6259,3,3,bbr1
1.324,44416,30,30240,30.1,33.8,20.2,74.5,2.9,664488,6262,3,3,bbr1
1.331,44416,30,28800,30.7,35.2,20.2,74.5,3.5,664488,6265,3,3,bbr1
1.338,44416,30,27360,31.4,36.6,20.2,74.5,4.1,664488,6268,3,3,bbr1
1.344,44416,30,25920,32.3,38.1,20.2,74.5,4.7,664488,6271,3,3,bbr1
1.351,44416,30,24480,33.1,38.7,20.2,74.5,5.1,885985,6274,3,3,bbr1
1.358,44416,30,25920,33.5,36.4,20.2,74.5,4.7,885985,6279,3,3,bbr1
1.365,44416,30,27360,33.7,35.4,20.2,74.5,4.0,885985,6283,3,3,bbr1
1.369,44416,30,25920,33.7,33.5,20.2,74.5,3.1,885985,6286,3,3,bbr1
1.376,44416,30,25920,33.4,31.7,20.2,74.5,2.8,1107481,6290,3,3,bbr1
1.384,44416,30,30240,33.0,30.2,20.2,74.5,2.9,1107481,6296,3,3,bbr1
1.394,32176,22,25920,32.6,31.1,20.2,74.5,2.4,1107481,6300,3,3,bbr1
1.400,37872,26,27360,32.4,31.2,20.2,74.5,2.2,1107481,6305,3,3,bbr1
1.407,43568,30,30240,32.3,31.4,20.2,74.5,1.9,1107481,6311,3,3,bbr1
1.414,44416,30,31680,32.4,33.6,20.2,74.5,1.7,1107481,6316,3,3,bbr1
1.422,44416,30,33120,32.8,35.0,20.2,74.5,1.9,664488,6321,3,3,bbr1
1.433,33600,23,25920,32.6,33.6,20.2,74.5,1.8,664488,6324,3,3,bbr1
1.441,39296,27,27360,32.9,35.2,20.2,74.5,2.0,885985,6329,3,3,bbr1
1.449,44416,30,27360,33.4,36.8,20.2,74.5,2.4,885985,6333,3,3,bbr1
1.455,44416,30,27360,34.0,38.3,20.2,74.5,3.0,885985,6337,3,3,bbr1
1.461,44416,30,27360,34.6,38.6,20.2,74.5,3.4,1107481,6341,3,3,bbr1
1.468,44416,30,30240,34.3,32.2,20.2,74.5,3.2,1107481,6347,3,3,bbr1
1.481,33600,23,25920,33.8,31.7,20.2,74.5,2.7,664488,6352,3,3,bbr1
1.490,39296,27,27360,33.6,32.7,20.2,74.5,2.3,664488,6357,3,3,bbr1
1.496,44416,30,25920,33.6,33.6,20.2,74.5,1.7,664488,6360,3,3,bbr1
1.502,44416,30,24480,33.8,35.2,20.2,74.5,1.7,885985,6363,3,3,bbr1
1.509,44416,30,24480,34.2,36.8,20.2,74.5,2.0,885985,6367,3,3,bbr1
0.006,41036,28,0,32.2,29.4,20.2,74.5,3.0,1107481,6368,3,3,bbr1
0.012,43613,30,0,31.6,26.9,20.2,74.5,3.6,1107481,6370,3,3,bbr1
0.039,44416,30,25920,30.6,23.9,20.2,74.5,4.6,1107481,6393,3,3,bbr1
0.045,44416,30,27360,29.9,25.4,20.2,74.5,4.8,1107481,6398,3,3,bbr1
0.051,44416,30,28800,29.6,27.0,20.2,74.5,4.3,1107481,6403,3,3,bbr1
0.058,44416,30,30240,29.4,28.5,20.2,74.5,3.5,1107481,6408,3,3,bbr1
0.066,44416,30,33120,29.5,30.1,20.2,74.5,2.8,1107481,6414,3,3,bbr1
0.073,44416,30,34560,29.7,31.2,20.2,74.5,2.5,664488,6419,3,3,bbr1
0.079,44416,30,33120,30.2,33.2,20.2,74.5,2.8,664488,6422,3,3,bbr1
0.086,44416,30,31680,30.7,34.8,20.2,74.5,3.2,664488,6425,3,3,bbr1
0.093,44416,30,31680,31.4,36.0,20.2,74.5,3.7,664488,6428,3,3,bbr1
0.097,44416,30,28800,32.2,37.5,20.2,74.5,4.3,664488,6430,3,3,bbr1
0.105,44416,30,28800,33.0,39.1,20.2,74.5,5.0,664488,6434,3,3,bbr1
0.112,44416,30,27360,34.0,40.6,20.2,74.5,5.6,664488,6437,3,3,bbr1
0.118,44416,30,25920,34.6,39.3,20.2,74.5,5.6,664488,6440,3,3,bbr1
0.125,44416,30,24480,35.0,37.7,20.2,74.5,4.9,885985,6443,3,3,bbr1
0.131,44416,30,24480,35.1,35.6,20.2,74.5,3.9,885985,6447,3,3,bbr1
0.137,44416,30,25920,35.0,34.4,20.2,74.5,3.1,885985,6451,3,3,bbr1
0.142,44416,30,24480,34.7,32.6,20.2,74.5,2.9,885985,6454,3,3,bbr1
0.149,27904,19,24480,34.2,30.7,20.2,74.5,3.2,885985,6458,3,3,bbr1
0.156,33600,23,23040,33.7,29.9,20.2,74.5,3.5,885985,6461,3,3,bbr1
0.164,39296,27,25920,33.2,29.6,20.2,74.5,3.6,885985,6467,3,3,bbr1
0.169,44416,30,24480,32.7,29.9,20.2,74.5,3.5,885985,6470,3,3,bbr1
0.177,44416,30,25920,32.4,30.2,20.2,74.5,3.3,885985,6475,3,3,bbr1
0.183,27904,19,25920,32.2,30.4,20.2,74.5,3.0,1107481,6479,3,3,bbr1
0.190,32176,22,24480,31.9,30.0,20.2,74.5,2.8,1107481,6481,3,3,bbr1
0.195,37872,26,25920,31.7,30.7,20.2,74.5,2.4,1107481,6486,3,3,bbr1
0.203,43568,30,28800,31.7,31.0,20.2,74.5,2.0,1107481,6492,3,3,bbr1
0.210,44416,30,30240,31.6,31.1,20.2,74.5,1.6,1107481,6497,3,3,bbr1
0.216,44102,30,31680,31.6,31.9,20.2,74.5,1.3,1097762,6502,3,3,bbr1
0.229,33443,23,27360,31.6,32.4,20.2,74.5,1.1,658657,6507,3,3,bbr1
0.238,39139,27,28800,31.9,34.0,20.2,74.5,1.4,658657,6512,3,3,bbr1
0.244,44102,30,27360,32.4,35.5,20.2,74.5,2.0,658657,6515,3,3,bbr1
0.251,44102,30,25920,33.0,37.1,20.2,74.5,2.6,658657,6518,3,3,bbr1
0.257,44102,30,25920,33.6,37.9,20.2,74.5,3.2,878210,6521,3,3,bbr1
0.262,44102,30,24480,34.4,39.8,20.2,74.5,4.0,878210,6524,3,3,bbr1
0.268,27747,19,24480,34.4,34.5,20.2,74.5,3.0,878210,6528,3,3,bbr1
0.275,33443,23,23040,34.1,32.5,20.2,74.5,2.7,878210,6531,3,3,bbr1
0.281,39139,27,24480,33.6,30.0,20.2,74.5,3.1,878210,6536,3,3,bbr1
0.289,44102,30,25920,33.1,29.7,20.2,74.5,3.3,1097762,6541,3,3,bbr1
0.296,44102,30,27360,32.7,29.4,20.2,74.5,3.4,1097762,6546,3,3,bbr1
0.303,44102,30,28800,32.3,30.1,20.2,74.5,3.2,1097762,6551,3,3,bbr1
0.315,33443,23,24480,31.9,30.5,20.2,74.5,2.6,1097762,6556,3,3,bbr1
0.323,39139,27,28800,31.8,31.4,20.2,74.5,2.1,1077677,6563,3,3,bbr1
0.330,43453,30,30240,32.0,32.8,20.2,74.5,1.8,1077677,6568,3,3,bbr1
0.337,43453,30,31680,32.3,34.4,20.2,74.5,2.0,1077677,6573,3,3,bbr1
0.344,43453,30,33120,32.7,36.0,20.2,74.5,2.4,646606,6578,3,3,bbr1
0.356,33118,22,25975,32.9,34.0,20.2,74.5,1.7,646606,6582,3,3,bbr1
0.364,38814,26,27415,33.2,35.5,20.2,74.5,2.0,862142,6587,3,3,bbr1
0.369,43453,30,25975,33.7,36.9,20.2,74.5,2.4,862142,6590,3,3,bbr1
0.376,43453,30,25975,34.2,38.3,20.2,74.5,3.0,862142,6594,3,3,bbr1
0.383,43453,30,25975,34.8,38.5,20.2,74.5,3.3,1077677,6598,3,3,bbr1
0.397,33157,23,23040,34.2,32.4,20.2,74.5,2.9,1077677,6604,3,3,bbr1
0.403,38853,26,25920,34.0,32.4,20.2,74.5,2.6,1077677,6610,3,3,bbr1
0.411,43453,30,28800,33.8,32.6,20.2,74.5,2.3,1077677,6616,3,3,bbr1
0.418,43453,30,30240,33.7,33.2,20.2,74.5,1.9,1077677,6621,3,3,bbr1
0.425,43453,30,33120,33.8,34.4,20.2,74.5,1.5,1077677,6626,3,3,bbr1
0.431,43453,30,33120,33.4,30.7,20.2,74.5,1.9,646606,6630,3,3,bbr1
0.438,43453,30,31680,33.2,32.0,20.2,74.5,1.8,646606,6633,3,3,bbr1
0.444,43453,30,30240,33.3,33.6,20.2,74.5,1.4,646606,6636,3,3,bbr1
0.456,33118,22,23040,33.9,36.4,20.2,74.5,1.9,646606,6639,3,3,bbr1
0.463,38814,26,23040,34.4,37.8,20.2,74.5,2.4,877027,6643,3,3,bbr1
0.471,44054,30,24480,34.9,38.4,20.2,74.5,2.8,877027,6648,3,3,bbr1
0.477,44054,30,24480,35.1,36.4,20.2,74.5,2.5,877027,6652,3,3,bbr1
0.483,44054,30,24480,35.0,34.2,20.2,74.5,2.1,1096283,6656,3,3,bbr1
0.490,44054,30,25920,34.2,29.2,20.2,74.5,3.0,1096283,6661,3,3,bbr1
0.503,33419,23,23040,33.0,29.1,20.2,74.5,3.7,1096283,6667,3,3,bbr1
0.511,39115,27,27360,32.6,29.4,20.2,74.5,3.7,1096283,6674,3,3,bbr1
0.518,44054,30,28800,32.4,31.1,20.2,74.5,3.2,1096283,6679,3,3,bbr1
0.525,44054,30,30240,32.4,32.6,20.2,74.5,2.4,1096283,6684,3,3,bbr1
0.531,44054,30,31680,32.6,34.1,20.2,74.5,2.2,1096283,6689,3,3,bbr1
0.540,44054,30,34560,32.5,31.2,20.2,74.5,2.0,657770,6695,3,3,bbr1
0.544,44054,30,31680,32.5,32.8,20.2,74.5,1.6,657770,6697,3,3,bbr1
0.557,33419,23,25920,33.1,35.8,20.2,74.5,2.0,657770,6701,3,3,bbr1
0.566,39115,27,27360,33.6,37.2,20.2,74.5,2.5,877027,6706,3,3,bbr1
0.571,44054,30,25920,34.3,38.8,20.2,74.5,3.2,877027,6709,3,3,bbr1
0.579,44054,30,27360,35.0,40.3,20.2,74.5,3.9,877027,6714,3,3,bbr1
0.586,44054,30,27360,35.4,38.3,20.2,74.5,3.8,877027,6718,3,3,bbr1
0.592,44054,30,27360,35.0,32.2,20.2,74.5,3.6,877027,6722,3,3,bbr1
0.603,31995,22,23040,34.4,32.2,20.2,74.5,3.1,1096283,6726,3,3,bbr1
0.611,37691,26,27360,34.1,32.3,20.2,74.5,2.9,1096283,6733,3,3,bbr1
0.618,43387,30,28800,34.0,33.0,20.2,74.5,2.4,1096283,6738,3,3,bbr1
0.625,44054,30,30240,33.9,33.2,20.2,74.5,2.0,1096283,6743,3,3,bbr1
0.631,44054,30,31680,33.8,33.6,20.2,74.5,1.6,1096283,6748,3,3,bbr1
0.638,44054,30,33120,33.5,31.1,20.2,74.5,1.9,657770,6753,3,3,bbr1
0.649,31995,22,27360,33.4,33.7,20.2,74.5,1.4,657770,6756,3,3,bbr1
0.656,37691,26,27360,33.6,35.3,20.2,74.5,1.5,657770,6760,3,3,bbr1
0.665,43387,30,27360,34.0,36.7,20.2,74.5,1.9,657770,6764,3,3,bbr1
0.671,44054,30,27360,34.5,37.9,20.2,74.5,2.4,657770,6767,3,3,bbr1
0.675,44054,30,25920,35.1,39.1,20.2,74.5,2.9,657770,6769,3,3,bbr1
0.679,44054,30,23040,35.5,38.8,20.2,74.5,3.1,877027,6771,3,3,bbr1
0.687,44054,30,24480,35.5,35.0,20.2,74.5,2.5,877027,6776,3,3,bbr1
0.694,27723,19,24480,35.2,32.9,20.2,74.5,2.5,1096283,6780,3,3,bbr1
0.700,33419,23,23040,34.6,30.9,20.2,74.5,3.0,1096283,6783,3,3,bbr1
0.708,39115,27,27360,33.9,28.9,20.2,74.5,3.6,1096283,6790,3,3,bbr1
0.714,44054,30,28800,33.3,29.2,20.2,74.5,3.9,1096283,6795,3,3,bbr1
0.721,44054,30,30240,32.8,29.4,20.2,74.5,3.9,1096283,6800,3,3,bbr1
0.728,44054,30,31680,32.5,30.4,20.2,74.5,3.5,1096283,6805,3,3,bbr1
0.740,33419,23,27360,32.4,32.6,20.2,74.5,2.3,657770,6810,3,3,bbr1
0.749,39115,27,28800,32.6,34.1,20.2,74.5,2.2,657770,6815,3,3,bbr1
0.756,44054,30,27360,33.0,35.6,20.2,74.5,2.4,657770,6818,3,3,bbr1
0.763,44054,30,25920,33.5,37.2,20.2,74.5,2.8,657770,6821,3,3,bbr1
0.769,44054,30,24480,34.1,38.3,20.2,74.5,3.3,877027,6824,3,3,bbr1
0.775,27723,19,24480,34.0,33.8,20.2,74.5,2.6,1096283,6828,3,3,bbr1
0.779,31995,22,24480,34.1,34.5,20.2,74.5,2.0,1096283,6831,3,3,bbr1
0.786,37691,26,27360,33.9,32.5,20.2,74.5,1.9,1096283,6837,3,3,bbr1
0.793,43387,30,28800,33.4,30.1,20.2,74.5,2.4,1096283,6842,3,3,bbr1
0.801,44054,30,31680,32.9,29.6,20.2,74.5,2.8,1096283,6848,3,3,bbr1
0.809,42709,29,33120,32.6,30.6,20.2,74.5,2.7,632794,6853,3,3,bbr1
0.815,42709,29,31680,32.6,32.0,20.2,74.5,2.1,632794,6856,3,3,bbr1
0.827,32746,22,24480,33.0,35.0,20.2,74.5,2.0,633953,6859,3,3,bbr1
0.834,38442,26,24480,33.4,36.5,20.2,74.5,2.4,845271,6863,3,3,bbr1
0.840,42714,29,25920,34.0,37.8,20.2,74.5,2.9,845271,6867,3,3,bbr1
0.847,42772,29,27360,34.6,38.9,20.2,74.5,3.4,845271,6871,3,3,bbr1
0.852,42772,29,25920,35.0,37.5,20.2,74.5,3.3,845271,6874,3,3,bbr1
0.858,27082,18,25920,34.4,30.5,20.2,74.5,3.6,1056588,6878,3,3,bbr1
0.862,31354,21,23040,34.0,31.0,20.2,74.5,3.5,1056588,6879,3,3,bbr1
0.869,37050,25,25920,33.6,30.9,20.2,74.5,3.4,1056588,6885,3,3,bbr1
0.876,42746,29,27360,33.3,31.0,20.2,74.5,3.2,1056588,6890,3,3,bbr1
0.883,42772,29,28800,33.0,30.9,20.2,74.5,3.0,1056588,6895,3,3,bbr1
0.891,42772,29,30240,32.9,32.7,20.2,74.5,2.3,1056588,6900,3,3,bbr1
0.903,32778,22,25920,32.7,32.4,20.2,74.5,1.7,633953,6905,3,3,bbr1
0.910,38474,26,25920,32.8,33.7,20.2,74.5,1.6,633953,6909,3,3,bbr1
0.917,42772,29,24480,33.1,35.0,20.2,74.5,1.7,633953,6912,3,3,bbr1
0.923,42772,29,23040,33.5,36.3,20.2,74.5,2.1,845271,6915,3,3,bbr1
0.930,42772,29,24480,33.7,35.5,20.2,74.5,2.1,845271,6919,3,3,bbr1
0.937,28506,19,23040,33.5,31.9,20.2,74.5,2.0,874800,6923,3,3,bbr1
0.944,34202,23,23040,33.2,31.4,20.2,74.5,2.0,874800,6927,3,3,bbr1
0.952,39898,27,24480,32.7,29.0,20.2,74.5,2.6,874800,6932,3,3,bbr1
0.958,43964,30,24480,32.2,29.0,20.2,74.5,2.8,1093500,6936,3,3,bbr1
0.964,43964,30,25920,31.8,28.9,20.2,74.5,3.0,1093500,6941,3,3,bbr1
0.971,27678,19,27360,31.4,28.7,20.2,74.5,3.0,1093500,6946,3,3,bbr1
0.978,33374,23,23040,31.2,29.4,20.2,74.5,2.8,1093500,6947,3,3,bbr1
0.986,39070,27,27360,30.9,29.1,20.2,74.5,2.6,1093500,6954,3,3,bbr1
0.992,43964,30,28800,30.9,30.7,20.2,74.5,2.0,1093500,6959,3,3,bbr1
0.999,43964,30,30240,31.1,32.3,20.2,74.5,1.9,1093500,6964,3,3,bbr1
1.006,43964,30,31680,31.4,33.7,20.2,74.5,2.0,1093500,6969,3,3,bbr1
1.013,43964,30,33120,31.4,31.1,20.2,74.5,1.6,656100,6974,3,3,bbr1
1.025,33374,23,25920,31.8,34.1,20.2,74.5,1.8,656100,6977,3,3,bbr1
1.034,39070,27,27360,32.3,35.7,20.2,74.5,2.3,874800,6982,3,3,bbr1
1.040,43964,30,27360,32.9,37.1,20.2,74.5,2.9,874800,6986,3,3,bbr1
1.045,43964,30,25920,33.6,38.4,20.2,74.5,3.6,874800,6989,3,3,bbr1
1.053,43964,30,27360,34.3,39.2,20.2,74.5,4.1,1093500,6994,3,3,bbr1
1.066,33374,23,23040,33.7,31.7,20.2,74.5,3.3,1093500,6999,3,3,bbr1
1.072,39070,27,25920,33.6,32.4,20.2,74.5,2.8,1093500,7005,3,3,bbr1
1.080,43964,30,28800,33.4,32.6,20.2,74.5,2.3,1093500,7011,3,3,bbr1
1.087,43964,30,30240,33.4,32.8,20.2,74.5,1.9,1093500,7016,3,3,bbr1
1.094,43964,30,31680,33.5,34.7,20.2,74.5,1.8,1093500,7021,3,3,bbr1
1.101,43964,30,33120,33.2,31.0,20.2,74.5,1.9,656100,7026,3,3,bbr1
1.107,43964,30,31680,33.1,32.6,20.2,74.5,1.6,656100,7029,3,3,bbr1
1.120,33374,23,24480,33.6,35.6,20.2,74.5,1.7,656100,7032,3,3,bbr1
1.128,39070,27,25920,34.0,37.1,20.2,74.5,2.1,874800,7037,3,3,bbr1
1.133,43342,30,25920,34.5,37.8,20.2,74.5,2.6,874800,7040,3,3,bbr1
1.140,43964,30,25920,35.1,39.7,20.2,74.5,3.2,874800,7044,3,3,bbr1
1.146,43964,30,25920,35.4,37.7,20.2,74.5,3.1,874800,7048,3,3,bbr1
1.152,43964,30,25920,34.8,30.3,20.2,74.5,3.6,1093500,7052,3,3,bbr1
1.159,27678,19,27360,34.3,30.6,20.2,74.5,3.7,1093500,7057,3,3,bbr1
1.166,33374,23,23040,33.8,30.8,20.2,74.5,3.7,1093500,7058,3,3,bbr1
1.173,39070,27,27360,33.4,30.4,20.2,74.5,3.6,1093500,7065,3,3,bbr1
1.180,43964,30,28800,33.1,31.1,20.2,74.5,3.3,1093500,7070,3,3,bbr1
1.187,43964,30,30240,33.0,32.0,20.2,74.5,2.7,1093500,7075,3,3,bbr1
1.194,43964,30,31680,33.1,33.5,20.2,74.5,2.2,1093500,7080,3,3,bbr1
1.201,43964,30,33120,32.8,31.1,20.2,74.5,2.1,656100,7085,3,3,bbr1
1.207,43964,30,31680,32.8,32.7,20.2,74.5,1.6,656100,7088,3,3,bbr1
1.220,33374,23,24480,33.3,35.6,20.2,74.5,1.8,656100,7091,3,3,bbr1
1.228,39070,27,25920,33.8,37.2,20.2,74.5,2.3,874800,7096,3,3,bbr1
1.233,43964,30,24480,34.4,38.4,20.2,74.5,2.9,874800,7099,3,3,bbr1
1.240,43964,30,25920,35.0,39.8,20.2,74.5,3.5,874800,7103,3,3,bbr1
1.246,43964,30,25920,35.4,37.8,20.2,74.5,3.3,874800,7107,3,3,bbr1
1.252,43964,30,25920,34.8,30.5,20.2,74.5,3.7,1093500,7111,3,3,bbr1
1.259,27678,19,27360,34.3,30.7,20.2,74.5,3.8,1093500,7116,3,3,bbr1
1.265,33374,23,23040,33.8,30.9,20.2,74.5,3.7,1093500,7117,3,3,bbr1
1.273,39070,27,27360,33.5,31.0,20.2,74.5,3.5,1093500,7124,3,3,bbr1
1.280,43964,30,28800,33.2,31.2,20.2,74.5,3.2,1093500,7129,3,3,bbr1
1.287,42706,29,30240,33.1,32.1,20.2,74.5,2.7,1054553,7134,3,3,bbr1
1.295,42706,29,31680,33.1,33.7,20.2,74.5,2.2,632732,7139,3,3,bbr1
1.302,42706,29,30240,32.9,31.3,20.2,74.5,2.1,632732,7142,3,3,bbr1
1.313,32745,22,23095,33.0,34.2,20.2,74.5,1.6,632732,7146,3,3,bbr1
1.320,38441,26,23095,33.4,35.7,20.2,74.5,1.8,843643,7150,3,3,bbr1
1.326,42706,29,23095,33.8,37.0,20.2,74.5,2.3,843643,7154,3,3,bbr1
1.335,42756,29,24535,34.1,36.2,20.2,74.5,2.3,844874,7159,3,3,bbr1
1.340,42756,29,23095,34.1,34.3,20.2,74.5,1.8,1056092,7162,3,3,bbr1
1.347,27113,18,25920,33.6,29.5,20.2,74.5,2.5,1056092,7168,3,3,bbr1
1.354,32809,22,21600,33.0,29.3,20.2,74.5,2.9,1056092,7169,3,3,bbr1
1.361,38505,26,24480,32.5,29.2,20.2,74.5,3.2,1056092,7175,3,3,bbr1
1.367,42756,29,25920,32.1,29.2,20.2,74.5,3.2,1056092,7180,3,3,bbr1
1.374,42756,29,27360,31.9,30.6,20.2,74.5,2.8,1056092,7185,3,3,bbr1
1.381,42756,29,27360,31.3,26.9,20.2,74.5,3.3,1056092,7190,3,3,bbr1
1.389,42756,29,30240,31.1,30.0,20.2,74.5,2.8,1056092,7196,3,3,bbr1
1.397,42756,29,31680,31.2,31.3,20.2,74.5,2.2,633655,7201,3,3,bbr1
1.410,32770,22,24480,31.7,34.0,20.2,74.5,2.2,633655,7204,3,3,bbr1
1.416,38466,26,24480,32.1,35.3,20.2,74.5,2.5,844874,7208,3,3,bbr1
1.423,42756,29,24480,32.7,36.7,20.2,74.5,3.0,844874,7212,3,3,bbr1
1.430,42756,29,24480,33.4,37.9,20.2,74.5,3.6,844874,7216,3,3,bbr1
1.437,42756,29,24480,33.8,37.3,20.2,74.5,3.7,1056092,7220,3,3,bbr1
0.007,3072,2,0,32.3,31.0,20.2,74.5,2.6,1056092,7223,4,4,bbr1
0.008,5760,4,0,31.9,28.5,20.2,74.5,2.9,1056092,7225,4,4,bbr1
0.033,12880,8,0,30.9,23.8,20.2,74.5,4.2,1056092,7230,4,4,bbr1
0.059,20000,13,5760,29.6,21.1,20.2,74.5,5.6,1056092,7239,4,4,bbr1
0.065,25696,17,8640,28.7,22.5,20.2,74.5,6.0,1056092,7245,4,4,bbr1
0.084,32816,22,18720,27.8,21.1,20.2,74.5,6.4,1056092,7257,4,4,bbr1
0.091,38512,26,21600,27.1,22.5,20.2,74.5,6.1,1056092,7263,4,4,bbr1
0.098,42756,29,23040,26.7,23.8,20.2,74.5,5.4,1056092,7268,4,4,bbr1
0.105,42756,29,24480,26.5,25.2,20.2,74.5,4.4,1056092,7273,4,4,bbr1
0.112,42762,29,25920,26.3,25.1,20.2,74.5,3.7,1056301,7278,4,4,bbr1
0.119,42762,29,28800,26.3,26.2,20.2,74.5,2.8,1056301,7283,4,4,bbr1
0.124,42762,29,28800,26.5,27.5,20.2,74.5,2.4,1056301,7287,4,4,bbr1
0.131,42809,29,30240,26.8,28.8,20.2,74.5,2.4,1057733,7292,4,4,bbr1
0.138,42809,29,31680,27.2,30.1,20.2,74.5,2.6,634640,7297,4,4,bbr1
0.145,42809,29,31680,27.7,31.1,20.2,74.5,2.9,634640,7300,4,4,bbr1
0.150,42809,29,28800,28.3,32.4,20.2,74.5,3.4,634640,7302,4,4,bbr1
0.157,44158,30,27360,28.9,33.7,20.2,74.5,3.9,659701,7305,4,4,bbr1
0.163,44158,30,25920,29.7,35.1,20.2,74.5,4.5,659701,7308,4,4,bbr1
0.169,44158,30,24480,30.6,36.5,20.2,74.5,5.0,879602,7311,4,4,bbr1
0.176,44158,30,24480,31.3,36.8,20.2,74.5,5.3,879602,7315,4,4,bbr1
0.182,44158,30,24480,31.7,34.5,20.2,74.5,4.8,879602,7319,4,4,bbr1
0.189,44158,30,24480,31.7,31.8,20.2,74.5,3.6,1099502,7323,4,4,bbr1
0.196,44158,30,27360,31.6,30.4,20.2,74.5,3.0,1099502,7329,4,4,bbr1
0.203,44158,30,28800,31.4,30.0,20.2,74.5,2.7,1099502,7334,4,4,bbr1
0.211,44158,30,31680,31.3,30.5,20.2,74.5,2.2,1099502,7340,4,4,bbr1
0.223,33471,23,25975,31.2,31.6,20.2,74.5,1.5,659701,7345,4,4,bbr1
0.231,39167,27,27415,31.5,33.2,20.2,74.5,1.6,659701,7350,4,4,bbr1
0.238,44158,30,25975,31.9,34.8,20.2,74.5,2.1,659701,7353,4,4,bbr1
0.244,44158,30,24535,32.4,36.3,20.2,74.5,2.6,879602,7356,4,4,bbr1
0.251,44158,30,24535,33.1,37.8,20.2,74.5,3.3,879602,7360,4,4,bbr1
0.257,27814,19,24480,33.0,32.3,20.2,74.5,2.7,1099502,7364,4,4,bbr1
0.263,33510,23,23040,32.9,31.9,20.2,74.5,2.3,1099502,7367,4,4,bbr1
0.271,37782,26,28800,32.5,30.1,20.2,74.5,2.4,1099502,7374,4,4,bbr1
0.275,43478,30,27360,32.2,29.6,20.2,74.5,2.5,1099502,7377,4,4,bbr1
0.283,44158,30,30240,31.9,29.9,20.2,74.5,2.5,1099502,7383,4,4,bbr1
0.296,33471,23,25920,31.6,30.8,20.2,74.5,1.8,659701,7388,4,4,bbr1
0.304,39167,27,27360,31.7,32.3,20.2,74.5,1.5,659701,7393,4,4,bbr1
0.311,43439,30,27360,31.9,33.5,20.2,74.5,1.6,659701,7396,4,4,bbr1
0.315,44158,30,24480,32.3,35.0,20.2,74.5,2.0,659701,7398,4,4,bbr1
0.321,44158,30,23040,32.8,36.5,20.2,74.5,2.5,879602,7401,4,4,bbr1
0.328,44158,30,24480,33.4,37.7,20.2,74.5,3.1,879602,7405,4,4,bbr1
0.333,27775,19,23040,33.3,32.7,20.2,74.5,2.5,879602,7408,4,4,bbr1
0.340,33471,23,23040,33.0,30.8,20.2,74.5,2.5,879602,7412,4,4,bbr1
0.348,39167,27,24480,32.5,28.9,20.2,74.5,2.9,879602,7417,4,4,bbr1
0.354,43439,30,25920,31.9,27.9,20.2,74.5,3.3,1099502,7421,4,4,bbr1
0.359,44158,30,25920,31.5,28.2,20.2,74.5,3.4,1099502,7425,4,4,bbr1
0.366,27775,19,27360,31.2,28.9,20.2,74.5,3.2,1099502,7430,4,4,bbr1
0.372,33471,23,23040,30.8,28.7,20.2,74.5,3.0,1099502,7431,4,4,bbr1
0.380,39167,27,27360,30.7,29.4,20.2,74.5,2.6,1099502,7438,4,4,bbr1
0.387,44205,30,28800,30.6,29.9,20.2,74.5,2.2,1100973,7443,4,4,bbr1
0.393,44205,30,30240,30.7,31.6,20.2,74.5,1.9,1100973,7448,4,4,bbr1
0.400,44205,30,33120,31.0,32.9,20.2,74.5,2.0,1100973,7453,4,4,bbr1
0.405,44205,30,33120,30.9,30.7,20.2,74.5,1.5,660584,7457,4,4,bbr1
0.418,33494,23,25920,31.5,33.9,20.2,74.5,1.8,660584,7460,4,4,bbr1
0.426,39190,27,27360,31.9,35.4,20.2,74.5,2.3,880779,7465,4,4,bbr1
0.432,44205,30,27360,32.5,36.7,20.2,74.5,2.9,880779,7469,4,4,bbr1
0.439,44205,30,27360,33.2,37.8,20.2,74.5,3.5,880779,7473,4,4,bbr1
0.445,44205,30,27360,34.0,39.2,20.2,74.5,4.1,1100973,7477,4,4,bbr1
0.458,33494,23,23040,33.5,31.8,20.2,74.5,3.2,1100973,7482,4,4,bbr1
0.466,39190,27,27360,33.4,32.5,20.2,74.5,2.6,1100973,7489,4,4,bbr1
0.473,44205,30,28800,33.3,32.7,20.2,74.5,2.1,1100973,7494,4,4,bbr1
0.480,44205,30,30240,33.3,33.4,20.2,74.5,1.6,1100973,7499,4,4,bbr1
0.486,44205,30,31680,33.5,34.9,20.2,74.5,1.6,1100973,7504,4,4,bbr1
0.493,44205,30,33120,33.2,31.1,20.2,74.5,1.8,660584,7509,4,4,bbr1
0.506,33494,23,25920,33.2,34.1,20.2,74.5,1.4,660584,7512,4,4,bbr1
0.514,39190,27,27360,33.5,35.7,20.2,74.5,1.6,880779,7517,4,4,bbr1
0.520,44205,30,27360,34.0,37.2,20.2,74.5,2.1,880779,7521,4,4,bbr1
0.527,44205,30,28800,34.5,38.4,20.2,74.5,2.7,880779,7525,4,4,bbr1
0.532,44205,30,27360,35.2,39.9,20.2,74.5,3.4,880779,7528,4,4,bbr1
0.539,27798,19,27360,34.8,32.1,20.2,74.5,3.3,880779,7532,4,4,bbr1
0.543,32070,22,24480,34.6,32.8,20.2,74.5,3.0,880779,7533,4,4,bbr1
0.551,37766,26,27360,34.3,32.5,20.2,74.5,2.8,880779,7539,4,4,bbr1
0.556,43462,30,25920,34.1,32.7,20.2,74.5,2.5,880779,7542,4,4,bbr1
0.564,44205,30,27360,33.9,32.6,20.2,74.5,2.2,1100973,7547,4,4,bbr1
0.570,44205,30,28800,33.8,33.2,20.2,74.5,1.9,1100973,7552,4,4,bbr1
0.577,44205,30,30240,33.6,31.7,20.2,74.5,1.9,1100973,7557,4,4,bbr1
0.590,33494,23,27415,33.3,32.7,20.2,74.5,1.5,660584,7564,4,4,bbr1
0.599,39190,27,28855,33.3,32.7,20.2,74.5,1.3,660584,7569,4,4,bbr1
0.606,44205,30,27415,33.4,34.8,20.2,74.5,1.3,660584,7572,4,4,bbr1
0.613,44205,30,25975,33.8,36.3,20.2,74.5,1.7,660584,7575,4,4,bbr1
0.619,44205,30,24535,34.3,37.9,20.2,74.5,2.3,880779,7578,4,4,bbr1
0.624,26413,18,25920,34.9,39.4,20.2,74.5,3.0,1100973,7582,4,4,bbr1
0.630,32109,22,21600,34.9,34.7,20.2,74.5,2.3,1100973,7583,4,4,bbr1
0.637,37805,26,25920,34.6,32.7,20.2,74.5,2.3,1100973,7590,4,4,bbr1
0.644,43501,30,27360,34.1,30.1,20.2,74.5,2.8,1100973,7595,4,4,bbr1
0.651,44205,30,28800,33.5,29.8,20.2,74.5,3.2,1100973,7600,4,4,bbr1
0.657,44205,30,31680,33.1,30.3,20.2,74.5,3.2,1100973,7605,4,4,bbr1
0.663,44205,30,31680,32.7,29.3,20.2,74.5,3.4,660584,7609,4,4,bbr1
0.675,33494,23,24480,32.4,32.4,20.2,74.5,2.2,660584,7612,4,4,bbr1
0.684,37766,26,27360,32.6,33.6,20.2,74.5,1.9,880779,7617,4,4,bbr1
0.687,43462,30,24480,32.9,35.0,20.2,74.5,2.1,880779,7619,4,4,bbr1
0.695,44259,30,25920,33.4,36.7,20.2,74.5,2.5,882113,7624,4,4,bbr1
0.701,44259,30,25920,33.9,37.3,20.2,74.5,2.9,882113,7628,4,4,bbr1
0.708,27825,19,25920,33.4,30.4,20.2,74.5,3.0,882113,7632,4,4,bbr1
0.714,33521,23,23040,33.0,30.1,20.2,74.5,3.1,882113,7634,4,4,bbr1
0.722,37793,26,27360,32.7,30.9,20.2,74.5,2.8,882113,7640,4,4,bbr1
0.727,42065,29,27360,32.5,30.6,20.2,74.5,2.7,882113,7643,4,4,bbr1
0.732,44259,30,25920,32.2,30.7,20.2,74.5,2.4,1102641,7646,4,4,bbr1
0.738,44259,30,28800,32.1,30.9,20.2,74.5,2.2,1102641,7651,4,4,bbr1
0.744,44259,30,28800,31.7,28.7,20.2,74.5,2.5,1102641,7655,4,4,bbr1
0.755,32097,22,24480,31.4,30.3,20.2,74.5,1.9,1102641,7659,4,4,bbr1
0.762,37793,26,27360,31.3,31.1,20.2,74.5,1.5,1102641,7665,4,4,bbr1
0.769,43489,30,30240,31.5,32.7,20.2,74.5,1.4,1102641,7671,4,4,bbr1
0.776,44259,30,31680,31.8,34.2,20.2,74.5,1.8,1102641,7676,4,4,bbr1
0.783,44259,30,33120,32.3,35.6,20.2,74.5,2.3,661584,7681,4,4,bbr1
0.795,33521,23,25975,32.5,33.8,20.2,74.5,1.7,661584,7685,4,4,bbr1
0.804,39217,27,27415,32.9,35.5,20.2,74.5,2.0,882113,7690,4,4,bbr1
0.809,44259,30,25975,33.4,37.0,20.2,74.5,2.5,882113,7693,4,4,bbr1
0.817,44259,30,27415,34.0,38.4,20.2,74.5,3.1,882113,7698,4,4,bbr1
0.823,44259,30,28855,34.7,39.7,20.2,74.5,3.8,1102641,7702,4,4,bbr1
0.833,32136,22,24480,34.8,33.0,20.2,74.5,3.2,1102641,7706,4,4,bbr1
0.840,37832,26,27360,34.6,32.6,20.2,74.5,3.0,1102641,7712,4,4,bbr1
0.847,42104,29,31680,34.3,32.4,20.2,74.5,2.8,1102641,7718,4,4,bbr1
0.853,44259,30,31680,34.1,33.0,20.2,74.5,2.4,661584,7722,4,4,bbr1
0.860,44259,30,30240,34.1,34.0,20.2,74.5,1.8,661584,7725,4,4,bbr1
0.872,33521,23,23040,33.6,33.5,20.2,74.5,1.8,661584,7728,4,4,bbr1
0.880,37793,26,25920,33.8,34.7,20.2,74.5,1.6,882113,7733,4,4,bbr1
0.885,43489,30,24480,34.1,36.2,20.2,74.5,1.8,882113,7736,4,4,bbr1
0.891,44259,30,24480,34.4,37.0,20.2,74.5,2.1,882113,7740,4,4,bbr1
0.898,44259,30,25920,34.5,35.0,20.2,74.5,1.7,882113,7744,4,4,bbr1
0.903,27825,19,24480,33.8,28.7,20.2,74.5,2.7,882113,7747,4,4,bbr1
0.909,33521,23,23040,33.2,29.0,20.2,74.5,3.2,882113,7750,4,4,bbr1
0.916,39217,27,24480,32.6,28.7,20.2,74.5,3.5,882113,7755,4,4,bbr1
0.922,44259,30,24480,32.2,29.5,20.2,74.5,3.4,882113,7759,4,4,bbr1
0.929,44259,30,25920,31.9,29.3,20.2,74.5,3.3,1102641,7763,4,4,bbr1
0.935,27825,19,27360,31.6,29.5,20.2,74.5,3.1,1102641,7768,4,4,bbr1
0.941,33521,23,23040,31.3,29.7,20.2,74.5,2.8,1102641,7769,4,4,bbr1
0.949,37793,26,28800,31.2,30.4,20.2,74.5,2.3,1102641,7776,4,4,bbr1
0.954,43489,30,28800,31.1,30.5,20.2,74.5,1.9,1102641,7780,4,4,bbr1
0.961,44259,30,30240,31.0,30.4,20.2,74.5,1.6,1102641,7785,4,4,bbr1
0.968,44259,30,31680,31.3,32.8,20.2,74.5,1.6,1102641,7790,4,4,bbr1
0.975,44259,30,34560,31.0,28.8,20.2,74.5,1.8,661584,7795,4,4,bbr1
0.985,33521,23,25920,31.4,33.5,20.2,74.5,1.8,661584,7797,4,4,bbr1
0.993,39217,27,27360,31.8,35.1,20.2,74.5,2.3,882113,7802,4,4,bbr1
1.000,44259,30,27360,32.4,36.6,20.2,74.5,2.9,882113,7807,4,4,bbr1
1.007,44259,30,27360,33.1,37.7,20.2,74.5,3.5,882113,7811,4,4,bbr1
1.013,44259,30,27360,33.9,39.8,20.2,74.5,4.3,882113,7815,4,4,bbr1
1.019,27825,19,27360,33.7,32.1,20.2,74.5,3.7,882113,7819,4,4,bbr1
1.026,33521,23,23040,33.6,32.4,20.2,74.5,3.1,879177,7820,4,4,bbr1
1.034,37793,26,27360,33.4,32.6,20.2,74.5,2.6,879177,7826,4,4,bbr1
1.039,43489,30,25920,33.4,32.8,20.2,74.5,2.1,879177,7829,4,4,bbr1
1.044,44141,30,24480,33.3,33.1,20.2,74.5,1.6,1098971,7832,4,4,bbr1
1.051,44141,30,28800,33.2,32.8,20.2,74.5,1.4,1098971,7838,4,4,bbr1
1.063,33462,23,23040,32.4,30.6,20.2,74.5,2.1,1098971,7842,4,4,bbr1
1.071,39158,27,27360,32.2,30.8,20.2,74.5,2.0,1098971,7849,4,4,bbr1
1.078,44141,30,28800,32.1,31.6,20.2,74.5,1.7,1098971,7854,4,4,bbr1
1.084,44141,30,30240,32.3,33.2,20.2,74.5,1.5,1098971,7859,4,4,bbr1
1.091,44141,30,31680,32.6,34.7,20.2,74.5,1.7,1098971,7864,4,4,bbr1
1.098,44141,30,33120,32.4,31.1,20.2,74.5,1.7,659382,7869,4,4,bbr1
1.111,33462,23,25920,32.7,34.2,20.2,74.5,1.5,659382,7872,4,4,bbr1
1.119,39158,27,27360,33.0,35.7,20.2,74.5,1.8,879177,7877,4,4,bbr1
1.124,44141,30,25920,33.6,37.3,20.2,74.5,2.4,879177,7880,4,4,bbr1
1.132,44141,30,27360,34.2,38.8,20.2,74.5,3.1,879177,7885,4,4,bbr1
1.139,44141,30,27360,34.9,39.6,20.2,74.5,3.7,879177,7889,4,4,bbr1
1.145,44141,30,27360,34.6,32.2,20.2,74.5,3.5,879177,7893,4,4,bbr1
1.156,32038,22,23095,34.0,32.1,20.2,74.5,2.9,879177,7898,4,4,bbr1
1.164,37734,26,25975,33.8,32.3,20.2,74.5,2.6,879177,7904,4,4,bbr1
1.170,43430,30,24535,33.7,33.0,20.2,74.5,2.1,879177,7907,4,4,bbr1
1.178,44141,30,25975,33.6,32.7,20.2,74.5,1.8,879177,7912,4,4,bbr1
1.184,44141,30,25975,33.5,33.4,20.2,74.5,1.4,879177,7916,4,4,bbr1
1.190,27805,19,25920,33.2,30.7,20.2,74.5,1.8,1098971,7920,4,4,bbr1
1.197,33501,23,23040,32.8,30.4,20.2,74.5,2.0,1098971,7922,4,4,bbr1
1.205,39197,27,27360,32.5,30.5,20.2,74.5,2.1,1098971,7929,4,4,bbr1
1.212,44141,30,28800,32.3,30.8,20.2,74.5,2.0,1098971,7934,4,4,bbr1
1.218,44141,30,30240,32.2,31.5,20.2,74.5,1.7,1098971,7939,4,4,bbr1
1.231,33462,23,25920,32.1,31.2,20.2,74.5,1.3,659382,7944,4,4,bbr1
1.238,39158,27,25920,32.2,32.7,20.2,74.5,1.1,659382,7948,4,4,bbr1
1.245,44141,30,24480,32.4,34.3,20.2,74.5,1.4,659382,7951,4,4,bbr1
1.253,44141,30,24480,32.9,35.8,20.2,74.5,1.9,879177,7955,4,4,bbr1
1.259,44141,30,24480,33.4,37.3,20.2,74.5,2.5,879177,7959,4,4,bbr1
1.266,27766,19,24480,33.2,31.9,20.2,74.5,2.2,879177,7963,4,4,bbr1
1.272,33462,23,23040,33.0,31.3,20.2,74.5,2.2,879177,7966,4,4,bbr1
1.279,39158,27,24480,32.5,29.2,20.2,74.5,2.6,879177,7971,4,4,bbr1
1.286,44141,30,24480,32.0,28.8,20.2,74.5,2.9,879177,7975,4,4,bbr1
1.292,44141,30,24480,31.5,27.5,20.2,74.5,3.3,879177,7979,4,4,bbr1
1.297,26342,18,24480,31.2,29.3,20.2,74.5,3.0,879177,7982,4,4,bbr1
1.304,30614,21,23040,31.0,29.4,20.2,74.5,2.7,879177,7984,4,4,bbr1
1.309,36310,25,23040,30.8,29.3,20.2,74.5,2.5,879177,7988,4,4,bbr1
1.316,42006,29,23040,30.7,29.9,20.2,74.5,2.0,878312,7992,4,4,bbr1
1.323,44106,30,24480,30.6,30.2,20.2,74.5,1.7,878312,7997,4,4,bbr1
1.330,26325,18,25920,30.6,30.4,20.2,74.5,1.3,1097890,8001,4,4,bbr1
1.335,32021,22,21600,30.3,28.3,20.2,74.5,1.6,1097890,8002,4,4,bbr1
1.341,37717,26,24480,30.1,28.5,20.2,74.5,1.6,1097890,8008,4,4,bbr1
1.348,43413,30,25920,29.9,28.6,20.2,74.5,1.6,1097890,8013,4,4,bbr1
1.356,44106,30,28800,29.8,28.9,20.2,74.5,1.4,1097890,8019,4,4,bbr1
1.366,32021,22,25975,29.3,29.1,20.2,74.5,1.5,1097890,8025,4,4,bbr1
1.373,37717,26,27415,29.5,30.6,20.2,74.5,1.4,1097890,8030,4,4,bbr1
1.381,43413,30,31735,29.8,32.1,20.2,74.5,1.7,1097890,8037,4,4,bbr1
1.389,44106,30,33175,30.3,33.7,20.2,74.5,2.3,658734,8042,4,4,bbr1
1.395,44106,30,31735,30.9,35.2,20.2,74.5,2.9,658734,8045,4,4,bbr1
1.407,33484,23,24480,31.4,33.9,20.2,74.5,2.6,658734,8048,4,4,bbr1
1.413,37756,26,25920,32.0,36.5,20.2,74.5,3.2,878312,8052,4,4,bbr1
1.420,42920,29,25920,32.8,38.0,20.2,74.5,3.9,848948,8056,4,4,bbr1
1.427,42920,29,25920,33.6,39.4,20.2,74.5,4.6,848948,8060,4,4,bbr1
1.434,42920,29,25920,34.1,37.5,20.2,74.5,4.4,848948,8064,4,4,bbr1
1.441,27156,18,25920,33.7,30.5,20.2,74.5,4.2,848948,8068,4,4,bbr1
1.446,32852,22,21600,33.4,31.2,20.2,74.5,3.8,848948,8069,4,4,bbr1
1.453,38548,26,23040,33.1,31.4,20.2,74.5,3.3,848948,8074,4,4,bbr1
1.460,42920,29,23040,32.9,31.4,20.2,74.5,2.9,848948,8078,4,4,bbr1
1.466,42920,29,24480,32.7,31.0,20.2,74.5,2.7,848948,8082,4,4,bbr1
1.472,42920,29,23040,32.4,31.0,20.2,74.5,2.4,848948,8085,4,4,bbr1
1.478,27156,18,23040,32.0,28.8,20.2,74.5,2.7,848948,8089,4,4,bbr1
1.485,32852,22,21600,31.6,28.7,20.2,74.5,2.9,848948,8092,4,4,bbr1
1.492,38548,26,23040,31.2,28.7,20.2,74.5,2.9,848948,8097,4,4,bbr1
0.017,3072,2,0,30.0,28.7,20.2,74.5,2.1,1061185,8099,5,5,bbr1
0.010,5760,4,0,31.1,38.5,20.2,74.5,3.7,1061185,8101,5,5,bbr1
0.035,12880,8,0,30.1,23.7,20.2,74.5,4.6,1061185,8106,5,5,bbr1
0.061,20000,13,5760,29.0,21.1,20.2,74.5,5.7,1061185,8115,5,5,bbr1
0.068,25696,17,8640,28.2,22.4,20.2,74.5,5.9,1061185,8121,5,5,bbr1
0.086,32816,22,18720,27.3,21.1,20.2,74.5,6.2,1061185,8133,5,5,bbr1
0.093,38512,26,21600,26.7,22.4,20.2,74.5,5.9,1061185,8139,5,5,bbr1
0.100,42920,29,23040,26.3,23.8,20.2,74.5,5.1,1061185,8144,5,5,bbr1
0.107,42920,29,24480,26.2,25.1,20.2,74.5,4.1,1061185,8149,5,5,bbr1
0.113,42920,29,25920,26.1,25.5,20.2,74.5,3.3,1061185,8154,5,5,bbr1
0.120,42920,29,27360,26.2,26.9,20.2,74.5,2.6,1061185,8159,5,5,bbr1
0.127,42920,29,28800,26.4,28.2,20.2,74.5,2.5,1061185,8164,5,5,bbr1
0.134,42920,29,30240,26.8,29.6,20.2,74.5,2.6,1061185,8169,5,5,bbr1
0.141,42920,29,31680,27.3,30.9,20.2,74.5,3.0,636711,8174,5,5,bbr1
0.148,42920,29,30240,27.9,32.2,20.2,74.5,3.5,636711,8177,5,5,bbr1
0.155,42920,29,30240,28.6,33.3,20.2,74.5,3.9,636711,8180,5,5,bbr1
0.160,42920,29,27360,29.4,34.6,20.2,74.5,4.5,636711,8182,5,5,bbr1
0.167,42920,29,25920,30.2,35.9,20.2,74.5,5.0,636711,8185,5,5,bbr1
0.174,42920,29,25920,31.0,37.0,20.2,74.5,5.4,636711,8188,5,5,bbr1
0.178,42920,29,23040,31.9,38.3,20.2,74.5,5.9,636711,8190,5,5,bbr1
0.184,42920,29,23040,32.5,36.6,20.2,74.5,5.6,848948,8193,5,5,bbr1
0.191,43598,30,23040,32.7,34.3,20.2,74.5,4.6,865749,8197,5,5,bbr1
0.197,43598,30,23040,32.6,31.8,20.2,74.5,3.7,865749,8201,5,5,bbr1
0.204,43598,30,23040,32.2,29.4,20.2,74.5,3.6,865749,8205,5,5,bbr1
0.211,43598,30,23040,31.6,27.5,20.2,74.5,3.9,865749,8209,5,5,bbr1
0.218,27495,19,23040,31.1,27.6,20.2,74.5,3.9,865749,8213,5,5,bbr1
0.224,33191,23,23040,30.6,27.1,20.2,74.5,3.9,865749,8217,5,5,bbr1
0.231,38887,27,23040,30.2,27.3,20.2,74.5,3.8,865749,8221,5,5,bbr1
0.237,43598,30,23040,29.9,27.9,20.2,74.5,3.4,865749,8225,5,5,bbr1
0.244,43598,30,23040,29.7,28.0,20.2,74.5,3.0,865749,8229,5,5,bbr1
0.250,27495,19,23040,29.5,28.2,20.2,74.5,2.7,865749,8233,5,5,bbr1
0.257,31767,22,24480,29.3,27.8,20.2,74.5,2.4,865749,8237,5,5,bbr1
0.262,37463,26,23040,29.2,28.3,20.2,74.5,2.0,865749,8240,5,5,bbr1
0.269,43159,29,23040,29.1,28.5,20.2,74.5,1.7,865749,8244,5,5,bbr1
0.276,43598,30,23040,29.0,28.6,20.2,74.5,1.4,1082186,8248,5,5,bbr1
0.283,27495,19,25920,29.0,28.7,20.2,74.5,1.1,1082186,8254,5,5,bbr1
0.289,31767,22,24480,28.9,28.3,20.2,74.5,1.0,1082186,8256,5,5,bbr1
0.295,37463,26,25920,28.8,28.5,20.2,74.5,0.9,1082186,8261,5,5,bbr1
0.301,43159,29,27360,28.8,28.6,20.2,74.5,0.7,1082186,8266,5,5,bbr1
0.308,43598,30,28800,28.9,29.7,20.2,74.5,0.8,1082186,8271,5,5,bbr1
0.316,43598,30,31680,29.3,31.6,20.2,74.5,1.2,1082186,8277,5,5,bbr1
0.324,44227,30,33120,29.5,30.9,20.2,74.5,1.3,660993,8282,5,5,bbr1
0.335,33505,23,25920,30.3,33.8,20.2,74.5,2.3,660993,8285,5,5,bbr1
0.344,37777,26,28800,30.9,34.8,20.2,74.5,2.8,881324,8290,5,5,bbr1
0.348,43473,30,27360,31.6,36.4,20.2,74.5,3.5,881324,8293,5,5,bbr1
0.355,44227,30,28800,32.3,37.4,20.2,74.5,4.1,881324,8297,5,5,bbr1
0.360,44227,30,27360,33.1,38.9,20.2,74.5,4.7,881324,8300,5,5,bbr1
0.367,44227,30,27360,33.7,37.6,20.2,74.5,4.6,881324,8304,5,5,bbr1
0.373,27809,19,27360,33.6,32.8,20.2,74.5,3.7,881324,8308,5,5,bbr1
0.379,33505,23,23040,33.4,32.5,20.2,74.5,3.0,881324,8309,5,5,bbr1
0.387,39201,27,25920,33.3,32.3,20.2,74.5,2.6,881324,8315,5,5,bbr1
0.394,44227,30,25920,33.2,32.8,20.2,74.5,2.0,881324,8319,5,5,bbr1
0.400,44227,30,25920,33.1,32.6,20.2,74.5,1.7,881324,8323,5,5,bbr1
0.407,27809,19,25920,33.2,33.5,20.2,74.5,1.4,1101655,8327,5,5,bbr1
0.413,33505,23,23040,32.8,30.4,20.2,74.5,1.7,1101655,8329,5,5,bbr1
0.421,39201,27,27360,32.5,30.2,20.2,74.5,1.9,1101655,8336,5,5,bbr1
0.428,43473,30,30240,32.3,30.9,20.2,74.5,1.9,1101655,8341,5,5,bbr1
0.433,44227,30,31680,32.1,30.6,20.2,74.5,1.8,1101655,8345,5,5,bbr1
0.439,44227,30,31680,31.9,30.8,20.2,74.5,1.7,660993,8349,5,5,bbr1
0.445,44227,30,30240,31.5,28.7,20.2,74.5,2.1,660993,8352,5,5,bbr1
0.457,32081,22,24480,31.8,33.1,20.2,74.5,1.6,660993,8355,5,5,bbr1
0.463,37777,26,24480,32.1,34.5,20.2,74.5,1.9,881324,8359,5,5,bbr1
0.470,43473,30,24480,32.6,36.2,20.2,74.5,2.4,881324,8363,5,5,bbr1
0.476,44227,30,24480,33.1,36.9,20.2,74.5,2.9,881324,8367,5,5,bbr1
0.483,44227,30,24480,33.3,34.7,20.2,74.5,2.6,881324,8371,5,5,bbr1
0.489,26385,18,25920,32.8,28.8,20.2,74.5,3.1,881324,8375,5,5,bbr1
0.494,32081,22,21600,32.4,29.6,20.2,74.5,3.1,881324,8376,5,5,bbr1
0.502,37777,26,24480,32.1,29.9,20.2,74.5,2.9,881324,8382,5,5,bbr1
0.508,43473,30,23040,31.7,29.6,20.2,74.5,2.8,881324,8385,5,5,bbr1
0.516,44227,30,24480,31.5,29.9,20.2,74.5,2.6,881324,8390,5,5,bbr1
0.522,27809,19,24480,31.0,27.1,20.2,74.5,3.0,881324,8394,5,5,bbr1
0.527,32081,22,24480,30.7,28.8,20.2,74.5,2.8,881324,8397,5,5,bbr1
0.533,36353,25,25920,30.5,29.0,20.2,74.5,2.5,881324,8401,5,5,bbr1
0.538,42049,29,24480,30.3,29.2,20.2,74.5,2.2,881324,8404,5,5,bbr1
0.546,44227,30,27360,30.2,29.6,20.2,74.5,1.8,1101655,8409,5,5,bbr1
0.550,44227,30,25920,30.2,29.6,20.2,74.5,1.5,1101655,8412,5,5,bbr1
0.564,33505,23,23040,30.1,30.1,20.2,74.5,0.9,1101655,8418,5,5,bbr1
0.572,39201,27,27360,30.1,30.0,20.2,74.5,0.7,1101655,8425,5,5,bbr1
0.578,44227,30,28800,30.2,30.9,20.2,74.5,0.7,1101655,8430,5,5,bbr1
0.585,44227,30,30240,30.5,32.5,20.2,74.5,1.1,1101655,8435,5,5,bbr1
0.591,44227,30,33120,30.9,33.7,20.2,74.5,1.6,1101655,8440,5,5,bbr1
0.597,44227,30,33120,30.9,30.9,20.2,74.5,1.2,660993,8444,5,5,bbr1
0.609,33505,23,25920,31.4,33.9,20.2,74.5,1.7,660993,8447,5,5,bbr1
0.618,39201,27,27360,31.9,35.5,20.2,74.5,2.3,881324,8452,5,5,bbr1
0.623,44227,30,25920,32.5,36.7,20.2,74.5,2.9,881324,8455,5,5,bbr1
0.631,44227,30,28800,33.2,38.2,20.2,74.5,3.6,881324,8460,5,5,bbr1
0.636,44227,30,27360,34.0,39.7,20.2,74.5,4.3,881324,8463,5,5,bbr1
0.643,27809,19,27360,33.8,32.0,20.2,74.5,3.7,881324,8467,5,5,bbr1
0.647,32081,22,24480,33.7,32.8,20.2,74.5,3.0,881324,8468,5,5,bbr1
0.655,37777,26,27360,33.5,32.5,20.2,74.5,2.6,881324,8474,5,5,bbr1
0.661,43473,30,27360,33.4,32.7,20.2,74.5,2.1,881324,8478,5,5,bbr1
0.668,44227,30,27360,33.3,32.6,20.2,74.5,1.8,881324,8482,5,5,bbr1
0.675,44227,30,27360,33.3,33.2,20.2,74.5,1.4,881324,8486,5,5,bbr1
0.682,27809,19,27360,33.1,31.6,20.2,74.5,1.5,879382,8490,5,5,bbr1
0.687,33505,23,23040,33.0,32.4,20.2,74.5,1.3,879382,8491,5,5,bbr1
0.696,39201,27,25920,33.0,32.6,20.2,74.5,1.0,879382,8497,5,5,bbr1
0.701,44149,30,24480,32.9,32.6,20.2,74.5,0.9,1099227,8500,5,5,bbr1
0.708,44149,30,27360,32.9,32.7,20.2,74.5,0.7,1099227,8506,5,5,bbr1
0.721,33466,23,23040,32.6,30.5,20.2,74.5,1.0,1099227,8511,5,5,bbr1
0.729,39162,27,27360,32.3,30.3,20.2,74.5,1.3,1099227,8518,5,5,bbr1
0.736,44149,30,28800,32.2,31.6,20.2,74.5,1.1,1099227,8523,5,5,bbr1
0.743,44149,30,30240,32.4,33.6,20.2,74.5,1.2,1099227,8528,5,5,bbr1
0.749,44149,30,31680,32.7,35.1,20.2,74.5,1.6,1099227,8533,5,5,bbr1
0.756,44149,30,33120,32.5,31.1,20.2,74.5,1.6,659536,8538,5,5,bbr1
0.769,33466,23,25920,32.7,34.2,20.2,74.5,1.3,659536,8541,5,5,bbr1
0.777,39162,27,27360,33.1,36.0,20.2,74.5,1.8,879382,8546,5,5,bbr1
0.784,44149,30,27360,33.7,37.4,20.2,74.5,2.4,879382,8550,5,5,bbr1
0.790,44149,30,27360,34.3,39.0,20.2,74.5,3.2,879382,8554,5,5,bbr1
0.798,44131,30,27360,35.0,39.6,20.2,74.5,3.7,878930,8558,5,5,bbr1
0.803,44131,30,27360,34.7,32.3,20.2,74.5,3.4,878930,8562,5,5,bbr1
0.810,27761,19,27360,34.4,32.4,20.2,74.5,3.1,878930,8566,5,5,bbr1
0.816,33457,23,23040,34.1,32.4,20.2,74.5,2.8,878930,8567,5,5,bbr1
0.824,39153,27,25920,33.9,32.4,20.2,74.5,2.6,878930,8573,5,5,bbr1
0.830,44131,30,24480,33.7,31.8,20.2,74.5,2.4,1098662,8576,5,5,bbr1
0.837,44131,30,27360,33.6,33.3,20.2,74.5,1.9,1098662,8582,5,5,bbr1
0.850,33457,23,23095,33.2,30.5,20.2,74.5,1.9,1098662,8588,5,5,bbr1
0.858,39153,27,27415,32.8,30.2,20.2,74.5,2.2,1098662,8595,5,5,bbr1
0.865,44131,30,28855,32.7,31.6,20.2,74.5,1.9,1098662,8600,5,5,bbr1
0.871,44131,30,30295,32.8,33.4,20.2,74.5,1.6,1098662,8605,5,5,bbr1
0.878,44131,30,31735,33.0,34.9,20.2,74.5,1.8,1098662,8610,5,5,bbr1
0.885,44131,30,33120,32.8,31.2,20.2,74.5,1.8,659197,8615,5,5,bbr1
0.896,32033,22,27360,32.9,33.9,20.2,74.5,1.4,659197,8618,5,5,bbr1
0.903,37729,26,27360,33.2,35.5,20.2,74.5,1.7,659197,8622,5,5,bbr1
0.911,42001,29,28800,33.6,36.2,20.2,74.5,2.0,659197,8626,5,5,bbr1
0.915,44131,30,25920,34.2,38.1,20.2,74.5,2.6,659197,8628,5,5,bbr1
0.921,44131,30,24480,34.9,39.7,20.2,74.5,3.4,878930,8631,5,5,bbr1
0.928,44131,30,25920,35.4,39.0,20.2,74.5,3.6,878930,8635,5,5,bbr1
0.935,27761,19,25920,35.3,35.1,20.2,74.5,2.7,878930,8639,5,5,bbr1
0.940,33457,23,23040,35.0,33.0,20.2,74.5,2.6,873302,8641,5,5,bbr1
0.948,39153,27,25920,34.5,31.1,20.2,74.5,3.0,873302,8647,5,5,bbr1
0.953,43903,30,24480,33.9,29.7,20.2,74.5,3.4,873302,8650,5,5,bbr1
0.960,43903,30,24480,33.4,29.8,20.2,74.5,3.6,873302,8654,5,5,bbr1
0.968,27647,19,25920,33.0,30.2,20.2,74.5,3.5,873302,8659,5,5,bbr1
0.974,33343,23,23040,32.7,30.5,20.2,74.5,3.3,843027,8661,5,5,bbr1
0.981,39039,27,24480,32.4,30.2,20.2,74.5,3.1,843027,8666,5,5,bbr1
0.987,42681,29,25920,32.2,30.8,20.2,74.5,2.7,1053783,8670,5,5,bbr1
0.993,42681,29,25920,32.0,30.9,20.2,74.5,2.4,1053783,8674,5,5,bbr1
1.006,32732,22,21655,31.7,29.9,20.2,74.5,2.0,1053783,8680,5,5,bbr1
1.013,38428,26,24535,31.4,29.9,20.2,74.5,1.9,1053783,8686,5,5,bbr1
1.020,42681,29,25975,31.4,30.8,20.2,74.5,1.6,1053783,8691,5,5,bbr1
1.026,42730,29,27415,31.5,32.3,20.2,74.5,1.5,1055315,8696,5,5,bbr1
1.033,42730,29,30295,31.7,33.2,20.2,74.5,1.5,1055315,8701,5,5,bbr1
1.040,42730,29,30240,31.4,29.4,20.2,74.5,1.7,633189,8705,5,5,bbr1
1.052,32757,22,23040,31.4,32.1,20.2,74.5,1.3,633189,8708,5,5,bbr1
1.059,37029,25,24480,31.6,33.0,20.2,74.5,1.4,844252,8712,5,5,bbr1
1.065,42725,29,24480,32.0,34.4,20.2,74.5,1.7,844252,8716,5,5,bbr1
1.071,43913,30,23040,32.5,35.8,20.2,74.5,2.2,873541,8719,5,5,bbr1
1.078,43913,30,24480,32.8,35.2,20.2,74.5,2.4,873541,8724,5,5,bbr1
1.085,27652,19,24480,32.4,29.8,20.2,74.5,2.5,873541,8728,5,5,bbr1
1.091,33348,23,23040,32.0,28.7,20.2,74.5,2.8,873541,8731,5,5,bbr1
1.098,39044,27,24480,31.6,29.1,20.2,74.5,2.8,873541,8736,5,5,bbr1
1.105,43316,30,25920,31.3,29.2,20.2,74.5,2.7,873541,8740,5,5,bbr1
1.110,43913,30,24480,31.0,28.8,20.2,74.5,2.7,873541,8743,5,5,bbr1
1.116,27652,19,24480,30.8,29.6,20.2,74.5,2.3,1091926,8747,5,5,bbr1
1.123,33348,23,23040,30.7,29.8,20.2,74.5,2.0,1091926,8750,5,5,bbr1
1.130,39044,27,25920,30.6,29.9,20.2,74.5,1.7,1091926,8756,5,5,bbr1
1.138,43913,30,28800,30.5,29.6,20.2,74.5,1.5,1091926,8762,5,5,bbr1
1.144,43913,30,30240,30.4,30.3,20.2,74.5,1.2,1091926,8767,5,5,bbr1
1.157,33348,23,25920,30.6,31.1,20.2,74.5,1.0,655155,8772,5,5,bbr1
1.163,37620,26,27360,30.9,32.4,20.2,74.5,1.2,655155,8776,5,5,bbr1
1.170,43316,30,25920,31.2,33.8,20.2,74.5,1.6,655155,8779,5,5,bbr1
1.177,43913,30,24480,31.7,35.3,20.2,74.5,2.2,655155,8782,5,5,bbr1
1.183,43913,30,23040,32.4,36.8,20.2,74.5,2.9,873541,8785,5,5,bbr1
1.189,29076,20,21600,32.4,32.2,20.2,74.5,2.2,878714,8789,5,5,bbr1
1.198,34772,24,23040,32.3,31.9,20.2,74.5,1.8,878714,8794,5,5,bbr1
1.204,40468,28,23040,32.0,29.9,20.2,74.5,1.9,878714,8798,5,5,bbr1
1.211,44122,30,23040,31.5,28.4,20.2,74.5,2.4,1098392,8802,5,5,bbr1
1.218,44122,30,25920,31.2,28.6,20.2,74.5,2.5,1098392,8808,5,5,bbr1
1.232,33453,23,23040,30.7,29.2,20.2,74.5,2.3,1098392,8814,5,5,bbr1
1.239,39149,27,27360,30.5,29.4,20.2,74.5,2.0,1098392,8821,5,5,bbr1
1.246,44122,30,28800,30.5,30.8,20.2,74.5,1.6,1098392,8826,5,5,bbr1
1.253,44122,30,31680,30.7,32.0,20.2,74.5,1.6,1098392,8831,5,5,bbr1
1.259,44122,30,31680,31.1,33.5,20.2,74.5,1.9,659035,8835,5,5,bbr1
1.269,32029,22,25975,30.9,31.8,20.2,74.5,1.8,659035,8839,5,5,bbr1
1.277,37725,26,27415,31.2,33.3,20.2,74.5,1.9,878714,8844,5,5,bbr1
1.282,43421,30,25975,31.6,34.8,20.2,74.5,2.4,878714,8847,5,5,bbr1
1.290,44124,30,27415,32.2,36.1,20.2,74.5,2.9,878752,8852,5,5,bbr1
1.296,44124,30,27415,32.8,36.9,20.2,74.5,3.3,1098440,8856,5,5,bbr1
1.309,33493,23,23040,32.7,32.4,20.2,74.5,2.1,1098440,8861,5,5,bbr1
1.317,39189,27,27360,32.7,32.7,20.2,74.5,1.6,1098440,8868,5,5,bbr1
1.324,44124,30,28800,32.7,32.8,20.2,74.5,1.2,1098440,8873,5,5,bbr1
0.006,3072,2,0,33.4,35.5,20.2,74.5,1.7,1098440,8877,6,6,bbr1
0.009,5760,4,0,32.7,27.1,20.2,74.5,2.8,1098440,8879,6,6,bbr1
0.034,12880,8,0,31.5,23.8,20.2,74.5,4.3,1098440,8884,6,6,bbr1
0.060,20000,13,5760,30.3,21.3,20.2,74.5,5.8,1098440,8893,6,6,bbr1
0.068,25696,17,10080,29.3,22.8,20.2,74.5,6.2,1098440,8900,6,6,bbr1
0.085,32816,22,18720,28.3,21.4,20.2,74.5,6.7,1098440,8911,6,6,bbr1
0.092,38512,26,21600,27.6,22.7,20.2,74.5,6.4,1098440,8917,6,6,bbr1
0.100,44124,30,24480,27.2,24.2,20.2,74.5,5.7,1098440,8923,6,6,bbr1
0.106,44124,30,25920,27.0,25.8,20.2,74.5,4.6,1098440,8928,6,6,bbr1
0.113,44124,30,27360,26.8,25.4,20.2,74.5,3.8,1098440,8933,6,6,bbr1
0.119,44124,30,28800,26.8,27.0,20.2,74.5,2.9,1098440,8938,6,6,bbr1
0.126,44124,30,30240,27.1,28.6,20.2,74.5,2.6,1098440,8943,6,6,bbr1
0.132,44124,30,31680,27.4,30.0,20.2,74.5,2.7,1098440,8948,6,6,bbr1
0.141,44124,30,34560,27.9,31.4,20.2,74.5,3.0,659064,8954,6,6,bbr1
0.148,44124,30,33120,28.5,32.8,20.2,74.5,3.5,659064,8957,6,6,bbr1
0.155,44124,30,31680,29.3,34.6,20.2,74.5,4.1,659064,8960,6,6,bbr1
0.161,44124,30,30240,30.2,36.2,20.2,74.5,4.8,659064,8963,6,6,bbr1
0.167,44124,30,28800,31.1,37.8,20.2,74.5,5.5,659064,8966,6,6,bbr1
0.174,44124,30,27360,32.1,39.3,20.2,74.5,6.2,659064,8969,6,6,bbr1
0.181,44124,30,25920,33.2,40.8,20.2,74.5,6.8,659064,8972,6,6,bbr1
0.187,44124,30,24480,33.9,38.6,20.2,74.5,6.4,878752,8975,6,6,bbr1
0.193,44124,30,24480,34.2,36.4,20.2,74.5,5.4,878752,8979,6,6,bbr1
0.201,44124,30,25920,34.3,35.0,20.2,74.5,4.3,878752,8984,6,6,bbr1
0.208,44124,30,25920,34.1,32.7,20.2,74.5,3.6,1098440,8988,6,6,bbr1
0.214,27758,19,27360,33.7,30.6,20.2,74.5,3.6,1098440,8993,6,6,bbr1
0.221,33454,23,23040,33.2,30.2,20.2,74.5,3.5,1098440,8994,6,6,bbr1
0.228,39150,27,27360,32.9,30.4,20.2,74.5,3.4,1098440,9001,6,6,bbr1
0.235,44124,30,28800,32.6,30.6,20.2,74.5,3.1,1098440,9006,6,6,bbr1
0.242,44124,30,30240,32.5,31.6,20.2,74.5,2.6,1098440,9011,6,6,bbr1
0.248,44124,30,31680,32.6,33.5,20.2,74.5,2.2,1098440,9016,6,6,bbr1
0.256,44124,30,34560,32.4,30.9,20.2,74.5,2.1,659064,9021,6,6,bbr1
0.266,33454,23,25920,32.6,33.8,20.2,74.5,1.5,659064,9023,6,6,bbr1
0.275,39150,27,27360,32.9,35.3,20.2,74.5,1.8,878752,9028,6,6,bbr1
0.281,44124,30,27360,33.4,36.7,20.2,74.5,2.3,878752,9032,6,6,bbr1
0.287,44124,30,25920,34.0,38.4,20.2,74.5,3.0,878752,9035,6,6,bbr1
0.294,44124,30,27360,34.7,39.9,20.2,74.5,3.7,878752,9040,6,6,bbr1
0.300,27758,19,27360,34.4,32.1,20.2,74.5,3.5,1098440,9044,6,6,bbr1
0.307,33454,23,23040,34.1,32.0,20.2,74.5,3.2,1098440,9045,6,6,bbr1
0.315,39150,27,27360,33.9,32.6,20.2,74.5,2.8,1098440,9052,6,6,bbr1
0.322,44124,30,28800,33.8,32.8,20.2,74.5,2.3,1098440,9057,6,6,bbr1
0.328,44124,30,31680,33.6,32.4,20.2,74.5,2.1,1098440,9062,6,6,bbr1
0.335,44124,30,33120,33.5,32.6,20.2,74.5,1.8,659064,9066,6,6,bbr1
0.339,42845,29,30240,32.9,28.5,20.2,74.5,2.6,635312,9068,6,6,bbr1
0.351,32814,22,23040,32.8,33.3,20.2,74.5,1.8,635312,9071,6,6,bbr1
0.358,37086,25,24480,33.0,34.3,20.2,74.5,1.7,847083,9075,6,6,bbr1
0.364,42782,29,24480,33.4,36.0,20.2,74.5,2.0,847083,9079,6,6,bbr1
0.370,43982,30,23040,33.9,37.5,20.2,74.5,2.6,875251,9082,6,6,bbr1
0.377,43982,30,24480,34.1,35.3,20.2,74.5,2.3,875251,9087,6,6,bbr1
0.384,27687,19,24480,33.5,29.7,20.2,74.5,2.8,875251,9091,6,6,bbr1
0.390,33383,23,23040,32.9,28.7,20.2,74.5,3.3,875251,9094,6,6,bbr1
0.397,39079,27,24480,32.4,29.2,20.2,74.5,3.4,875251,9099,6,6,bbr1
0.404,43982,30,24480,32.1,29.3,20.2,74.5,3.3,875251,9103,6,6,bbr1
0.410,43982,30,24480,31.7,29.1,20.2,74.5,3.2,875251,9107,6,6,bbr1
0.418,27687,19,25920,31.4,29.2,20.2,74.5,3.0,1094063,9112,6,6,bbr1
0.424,31959,22,24480,31.2,29.9,20.2,74.5,2.7,1094063,9114,6,6,bbr1
0.429,37655,26,25920,31.0,29.6,20.2,74.5,2.4,1094063,9119,6,6,bbr1
0.436,43351,30,27360,30.8,29.8,20.2,74.5,2.1,1094063,9124,6,6,bbr1
0.444,43982,30,30240,30.7,29.9,20.2,74.5,1.8,1094063,9130,6,6,bbr1
0.456,33383,23,25920,30.7,30.8,20.2,74.5,1.1,656438,9135,6,6,bbr1
0.465,39079,27,27360,30.9,32.4,20.2,74.5,1.2,656438,9140,6,6,bbr1
0.472,43982,30,25920,31.3,33.7,20.2,74.5,1.6,656438,9143,6,6,bbr1
0.477,43982,30,24480,31.8,35.3,20.2,74.5,2.2,875251,9146,6,6,bbr1
0.484,43982,30,24480,32.4,36.9,20.2,74.5,2.9,875251,9150,6,6,bbr1
0.491,43982,30,24480,32.4,32.2,20.2,74.5,2.3,875251,9154,6,6,bbr1
0.498,27687,19,24480,32.3,31.7,20.2,74.5,1.9,875251,9158,6,6,bbr1
0.503,33383,23,23040,32.0,29.5,20.2,74.5,2.1,875251,9161,6,6,bbr1
0.510,39079,27,24480,31.6,29.4,20.2,74.5,2.2,875251,9166,6,6,bbr1
0.517,43982,30,24480,31.3,29.2,20.2,74.5,2.3,1094063,9170,6,6,bbr1
0.525,43982,30,27360,31.1,29.4,20.2,74.5,2.2,1094063,9176,6,6,bbr1
0.537,33383,23,23040,30.8,30.2,20.2,74.5,1.7,1094063,9181,6,6,bbr1
0.545,39079,27,27360,30.7,30.4,20.2,74.5,1.4,1094063,9188,6,6,bbr1
0.552,43982,30,28800,30.8,31.5,20.2,74.5,1.2,1094063,9193,6,6,bbr1
0.559,43982,30,30240,31.1,32.7,20.2,74.5,1.4,1094063,9198,6,6,bbr1
0.565,43982,30,31680,31.5,34.6,20.2,74.5,1.9,1094063,9203,6,6,bbr1
0.572,43982,30,33120,31.5,31.1,20.2,74.5,1.5,656438,9208,6,6,bbr1
0.585,33383,23,25920,31.9,34.1,20.2,74.5,1.7,656438,9211,6,6,bbr1
0.593,39079,27,27360,32.4,35.7,20.2,74.5,2.2,875251,9216,6,6,bbr1
0.598,43982,30,25920,33.0,37.1,20.2,74.5,2.9,875251,9219,6,6,bbr1
0.605,43982,30,27360,33.6,37.8,20.2,74.5,3.4,875251,9223,6,6,bbr1
0.611,43982,30,27360,34.4,39.8,20.2,74.5,4.1,875251,9227,6,6,bbr1
0.618,27687,19,27360,34.1,32.2,20.2,74.5,3.6,875251,9231,6,6,bbr1
0.622,31959,22,24480,33.9,32.8,20.2,74.5,3.0,875251,9232,6,6,bbr1
0.631,37655,26,27360,33.7,32.4,20.2,74.5,2.7,875251,9238,6,6,bbr1
0.637,43351,30,27360,33.6,32.6,20.2,74.5,2.3,875251,9242,6,6,bbr1
0.642,43982,30,25920,33.5,32.7,20.2,74.5,1.9,875251,9245,6,6,bbr1
0.650,43982,30,27360,33.4,33.0,20.2,74.5,1.6,875251,9250,6,6,bbr1
0.656,27687,19,27360,33.2,31.7,20.2,74.5,1.6,1094063,9254,6,6,bbr1
0.663,33383,23,23040,33.0,31.8,20.2,74.5,1.6,1094063,9255,6,6,bbr1
0.670,39079,27,27360,33.0,32.5,20.2,74.5,1.3,1094063,9262,6,6,bbr1
0.677,43982,30,28800,32.9,32.7,20.2,74.5,1.0,1094063,9267,6,6,bbr1
0.684,43982,30,30240,32.9,32.8,20.2,74.5,0.8,1094063,9272,6,6,bbr1
0.697,33383,23,25920,32.8,31.3,20.2,74.5,1.0,648018,9277,6,6,bbr1
0.703,39079,27,25920,32.8,32.7,20.2,74.5,0.8,648018,9281,6,6,bbr1
0.710,43529,30,24480,32.9,34.2,20.2,74.5,0.9,648018,9284,6,6,bbr1
0.719,43529,30,24480,33.3,35.7,20.2,74.5,1.4,648018,9288,6,6,bbr1
0.725,43529,30,23040,33.8,37.1,20.2,74.5,2.0,864025,9291,6,6,bbr1
0.730,43529,30,21600,33.5,32.0,20.2,74.5,1.9,864025,9294,6,6,bbr1
0.738,27460,19,23040,33.3,31.6,20.2,74.5,1.9,864025,9299,6,6,bbr1
0.745,33156,23,23040,32.8,29.4,20.2,74.5,2.4,864025,9303,6,6,bbr1
0.752,38852,26,23040,32.1,27.3,20.2,74.5,3.2,864025,9307,6,6,bbr1
0.758,43529,30,23040,31.5,27.0,20.2,74.5,3.7,1080031,9311,6,6,bbr1
0.765,43529,30,24480,30.9,27.1,20.2,74.5,3.8,1080031,9316,6,6,bbr1
0.771,27460,19,25920,30.5,27.2,20.2,74.5,3.8,1080031,9321,6,6,bbr1
0.778,33156,23,23040,30.1,27.5,20.2,74.5,3.6,1080031,9323,6,6,bbr1
0.786,38852,26,27360,29.8,27.6,20.2,74.5,3.3,1080031,9330,6,6,bbr1
0.792,42718,29,28800,29.7,29.3,20.2,74.5,2.6,1054938,9335,6,6,bbr1
0.799,42718,29,30240,29.9,30.8,20.2,74.5,2.2,1054938,9340,6,6,bbr1
0.807,42718,29,31680,30.1,32.2,20.2,74.5,2.3,632963,9345,6,6,bbr1
0.818,32751,22,24480,30.6,32.5,20.2,74.5,2.0,634505,9348,6,6,bbr1
0.825,38447,26,24480,31.0,34.0,20.2,74.5,2.4,846380,9352,6,6,bbr1
0.832,42816,29,24480,31.5,35.3,20.2,74.5,2.9,846380,9356,6,6,bbr1
0.839,42816,29,24480,32.2,36.6,20.2,74.5,3.4,846380,9360,6,6,bbr1
0.845,42816,29,24480,32.7,36.1,20.2,74.5,3.5,1057975,9364,6,6,bbr1
0.859,32800,22,21600,32.3,30.5,20.2,74.5,2.7,1057975,9370,6,6,bbr1
0.866,38496,26,24480,32.0,30.4,20.2,74.5,2.5,1057975,9376,6,6,bbr1
0.873,42816,29,25920,31.8,30.4,20.2,74.5,2.3,1057975,9381,6,6,bbr1
0.879,42816,29,27360,31.8,31.5,20.2,74.5,1.8,1057975,9386,6,6,bbr1
0.886,42816,29,28800,31.2,27.0,20.2,74.5,2.5,1057975,9391,6,6,bbr1
0.892,42816,29,30240,30.9,29.4,20.2,74.5,2.4,1057975,9395,6,6,bbr1
0.899,42816,29,31680,30.9,30.8,20.2,74.5,1.8,634785,9400,6,6,bbr1
0.912,32800,22,24480,31.4,33.4,20.2,74.5,1.8,634785,9403,6,6,bbr1
0.918,38496,26,24480,31.8,34.7,20.2,74.5,2.2,846380,9407,6,6,bbr1
0.925,42816,29,24480,32.3,36.0,20.2,74.5,2.7,846380,9411,6,6,bbr1
0.932,42816,29,24480,32.9,37.2,20.2,74.5,3.2,846380,9415,6,6,bbr1
0.939,42816,29,24480,33.4,36.8,20.2,74.5,3.4,1057975,9419,6,6,bbr1
0.952,32800,22,21600,32.8,30.5,20.2,74.5,2.9,1057975,9425,6,6,bbr1
0.959,38496,26,24480,32.5,30.4,20.2,74.5,2.8,1057975,9431,6,6,bbr1
0.966,42816,29,25920,32.3,30.4,20.2,74.5,2.6,1057975,9436,6,6,bbr1
0.973,42816,29,27360,32.2,31.6,20.2,74.5,2.1,1057975,9441,6,6,bbr1
0.979,42816,29,28800,31.5,27.0,20.2,74.5,2.9,1057975,9446,6,6,bbr1
0.985,42816,29,30240,31.3,29.4,20.2,74.5,2.7,1057975,9450,6,6,bbr1
0.993,42816,29,31680,31.2,30.7,20.2,74.5,2.2,634785,9455,6,6,bbr1
1.005,32800,22,24480,31.6,33.4,20.2,74.5,1.9,634785,9458,6,6,bbr1
1.012,38496,26,24480,32.0,34.7,20.2,74.5,2.2,846380,9462,6,6,bbr1
1.018,42816,29,24480,32.5,36.0,20.2,74.5,2.7,846380,9466,6,6,bbr1
1.025,42816,29,24480,33.1,37.3,20.2,74.5,3.2,846380,9470,6,6,bbr1
1.032,42816,29,24480,33.5,36.9,20.2,74.5,3.4,1057975,9474,6,6,bbr1
1.045,32800,22,21600,32.9,30.4,20.2,74.5,3.0,1057975,9480,6,6,bbr1
1.052,38496,26,24480,32.6,30.3,20.2,74.5,2.9,1057975,9486,6,6,bbr1
1.059,42816,29,25920,32.3,30.4,20.2,74.5,2.7,1057975,9491,6,6,bbr1
1.066,42816,29,27360,32.2,31.5,20.2,74.5,2.3,1057975,9496,6,6,bbr1
1.073,42816,29,30240,32.3,32.8,20.2,74.5,1.8,1057975,9501,6,6,bbr1
1.079,42816,29,30240,31.9,29.4,20.2,74.5,2.1,634785,9505,6,6,bbr1
1.091,32800,22,23040,31.8,32.0,20.2,74.5,1.5,634785,9508,6,6,bbr1
1.098,38496,26,23040,32.0,33.4,20.2,74.5,1.5,846380,9512,6,6,bbr1
1.105,42816,29,23040,32.3,34.7,20.2,74.5,1.8,846380,9516,6,6,bbr1
1.113,44015,30,24480,32.8,36.1,20.2,74.5,2.3,876060,9521,6,6,bbr1
1.119,44015,30,24480,33.0,34.6,20.2,74.5,2.2,1095075,9525,6,6,bbr1
1.125,27703,19,25920,32.6,29.3,20.2,74.5,2.6,1095075,9530,6,6,bbr1
1.132,33399,23,23040,32.2,29.3,20.2,74.5,2.7,1095075,9532,6,6,bbr1
1.140,39095,27,27360,31.8,29.7,20.2,74.5,2.7,1095075,9539,6,6,bbr1
1.146,44015,30,28800,31.5,29.3,20.2,74.5,2.6,1095075,9544,6,6,bbr1
1.153,44015,30,30240,31.4,30.5,20.2,74.5,2.2,1095075,9549,6,6,bbr1
1.160,44015,30,33120,31.4,31.7,20.2,74.5,1.7,1095075,9554,6,6,bbr1
1.166,44015,30,33120,31.3,30.7,20.2,74.5,1.5,657045,9558,6,6,bbr1
1.178,33399,23,25920,31.7,33.8,20.2,74.5,1.6,657045,9561,6,6,bbr1
1.186,39095,27,27360,32.2,35.3,20.2,74.5,2.1,876060,9566,6,6,bbr1
1.191,44015,30,25920,32.8,36.7,20.2,74.5,2.7,876060,9569,6,6,bbr1
1.198,44070,30,25920,33.4,37.8,20.2,74.5,3.3,877432,9573,6,6,bbr1
1.206,44070,30,27360,34.1,38.9,20.2,74.5,3.9,1096790,9578,6,6,bbr1
1.218,33427,23,23040,33.6,32.3,20.2,74.5,2.9,1096790,9583,6,6,bbr1
1.226,37699,26,28800,33.4,32.0,20.2,74.5,2.6,1096790,9590,6,6,bbr1
1.230,43395,30,27360,33.3,32.1,20.2,74.5,2.3,1096790,9593,6,6,bbr1
1.238,44070,30,30240,33.1,32.3,20.2,74.5,1.9,1096790,9599,6,6,bbr1
1.245,44070,30,31680,33.3,34.4,20.2,74.5,1.8,1096790,9604,6,6,bbr1
1.252,44070,30,33120,33.0,30.8,20.2,74.5,2.0,658074,9609,6,6,bbr1
1.264,33427,23,25920,33.0,33.9,20.2,74.5,1.5,658074,9612,6,6,bbr1
1.272,39123,27,27360,33.3,35.4,20.2,74.5,1.7,877432,9617,6,6,bbr1
1.277,44070,30,25920,33.8,36.9,20.2,74.5,2.2,877432,9620,6,6,bbr1
1.285,44070,30,27360,34.3,38.4,20.2,74.5,2.8,877432,9625,6,6,bbr1
1.292,44070,30,27360,34.9,38.5,20.2,74.5,3.1,1096790,9629,6,6,bbr1
1.305,33427,23,23040,34.3,32.3,20.2,74.5,2.8,1096790,9634,6,6,bbr1
0.006,3072,2,0,33.2,28.6,20.2,74.5,2.6,1096790,9637,7,7,bbr1
0.006,5760,4,0,32.5,27.6,20.2,74.5,3.4,1096790,9639,7,7,bbr1
0.032,12880,8,0,31.4,23.7,20.2,74.5,4.7,1096790,9644,7,7,bbr1
0.057,20000,13,5760,30.1,21.2,20.2,74.5,6.1,1096790,9653,7,7,bbr1
0.064,25696,17,8640,29.2,22.7,20.2,74.5,6.4,1096790,9659,7,7,bbr1
0.082,32816,22,18720,28.2,21.3,20.2,74.5,6.8,1096790,9671,7,7,bbr1
0.089,38512,26,21600,27.5,22.7,20.2,74.5,6.5,1096790,9677,7,7,bbr1
0.097,44070,30,24480,27.1,24.3,20.2,74.5,5.7,1096790,9683,7,7,bbr1
0.104,44070,30,25920,26.9,25.8,20.2,74.5,4.6,1096790,9688,7,7,bbr1
0.111,44070,30,27360,26.8,25.6,20.2,74.5,3.8,1096790,9693,7,7,bbr1
0.117,44070,30,28800,26.8,27.0,20.2,74.5,2.9,1096790,9698,7,7,bbr1
0.123,44070,30,31680,27.0,28.2,20.2,74.5,2.5,1096790,9703,7,7,bbr1
0.129,44070,30,31680,27.3,29.8,20.2,74.5,2.6,658074,9707,7,7,bbr1
0.136,44070,30,30240,27.8,31.0,20.2,74.5,2.9,658074,9710,7,7,bbr1
0.143,44070,30,28800,28.4,32.8,20.2,74.5,3.4,658074,9713,7,7,bbr1
0.149,44070,30,27360,29.2,34.3,20.2,74.5,4.0,658074,9716,7,7,bbr1
0.156,44070,30,25920,30.0,35.9,20.2,74.5,4.7,658074,9719,7,7,bbr1
0.162,44070,30,24480,30.9,37.3,20.2,74.5,5.4,877432,9722,7,7,bbr1
0.169,44070,30,25920,31.8,37.6,20.2,74.5,5.7,877432,9726,7,7,bbr1
0.175,44070,30,25920,32.2,35.7,20.2,74.5,5.3,877432,9730,7,7,bbr1
0.182,44070,30,25920,32.4,33.5,20.2,74.5,4.3,877432,9734,7,7,bbr1
0.187,44070,30,25920,32.3,31.7,20.2,74.5,3.4,1096790,9738,7,7,bbr1
0.194,44070,30,27360,32.1,30.8,20.2,74.5,2.9,1096790,9743,7,7,bbr1
0.202,44070,30,30240,32.0,31.0,20.2,74.5,2.5,1096790,9749,7,7,bbr1
0.209,44070,30,31680,31.9,31.3,20.2,74.5,2.0,1096790,9754,7,7,bbr1
0.221,33427,23,27415,31.9,32.3,20.2,74.5,1.3,658074,9760,7,7,bbr1
0.230,39123,27,28855,32.1,33.8,20.2,74.5,1.5,658074,9765,7,7,bbr1
0.237,43395,30,28855,32.5,35.0,20.2,74.5,1.8,658074,9768,7,7,bbr1
0.241,44070,30,25975,33.0,36.5,20.2,74.5,2.4,658074,9770,7,7,bbr1
0.247,44070,30,25975,33.6,37.6,20.2,74.5,2.9,877432,9773,7,7,bbr1
0.252,44070,30,24535,34.3,39.1,20.2,74.5,3.6,877432,9776,7,7,bbr1
0.264,32042,22,21600,34.1,33.6,20.2,74.5,2.2,1096480,9781,7,7,bbr1
0.271,37738,26,25920,33.8,31.4,20.2,74.5,2.4,1096480,9788,7,7,bbr1
0.278,42010,29,28800,33.4,30.2,20.2,74.5,2.7,1096480,9793,7,7,bbr1
0.283,44060,30,28800,33.0,30.4,20.2,74.5,2.7,1096480,9797,7,7,bbr1
0.290,44060,30,30240,32.7,30.6,20.2,74.5,2.6,1096480,9802,7,7,bbr1
0.303,33422,23,25920,32.1,31.1,20.2,74.5,2.4,657888,9807,7,7,bbr1
0.311,39118,27,27360,32.2,32.5,20.2,74.5,1.9,657888,9812,7,7,bbr1
0.318,44154,30,25920,32.4,34.0,20.2,74.5,1.9,659632,9815,7,7,bbr1
0.324,44154,30,24480,32.8,35.6,20.2,74.5,2.2,879510,9818,7,7,bbr1
0.331,44154,30,24480,33.4,37.1,20.2,74.5,2.7,879510,9822,7,7,bbr1
0.337,27773,19,24480,33.2,32.1,20.2,74.5,2.3,1099387,9826,7,7,bbr1
0.343,33469,23,23040,33.0,31.7,20.2,74.5,2.1,1099387,9829,7,7,bbr1
0.351,39165,27,27360,32.6,29.6,20.2,74.5,2.5,1099387,9836,7,7,bbr1
0.358,44154,30,28800,32.2,29.5,20.2,74.5,2.6,1099387,9841,7,7,bbr1
0.365,44154,30,30240,31.8,29.1,20.2,74.5,2.7,1099387,9846,7,7,bbr1
0.377,33469,23,25975,31.6,31.2,20.2,74.5,1.9,659632,9852,7,7,bbr1
0.386,39165,27,27415,31.8,32.7,20.2,74.5,1.7,659632,9857,7,7,bbr1
0.393,44154,30,25975,32.1,34.3,20.2,74.5,1.9,659632,9860,7,7,bbr1
0.398,44154,30,24535,32.5,35.8,20.2,74.5,2.3,879510,9863,7,7,bbr1
0.405,44154,30,24535,33.1,37.3,20.2,74.5,2.9,879510,9867,7,7,bbr1
0.411,44154,30,24480,33.0,32.3,20.2,74.5,2.4,879510,9871,7,7,bbr1
0.418,27773,19,24480,32.9,31.9,20.2,74.5,2.1,879510,9875,7,7,bbr1
0.425,33469,23,23040,32.5,29.7,20.2,74.5,2.4,879510,9878,7,7,bbr1
0.433,39165,27,25920,32.1,29.2,20.2,74.5,2.6,879510,9884,7,7,bbr1
0.439,44154,30,25920,31.7,29.4,20.2,74.5,2.6,1099387,9888,7,7,bbr1
0.446,44154,30,27360,31.5,30.1,20.2,74.5,2.4,1099387,9893,7,7,bbr1
0.458,33469,23,23040,31.3,30.4,20.2,74.5,1.8,1099387,9898,7,7,bbr1
0.466,37741,26,28800,31.2,30.6,20.2,74.5,1.5,1099387,9905,7,7,bbr1
0.479,44154,30,28800,31.6,34.3,20.2,74.5,1.6,1099387,9913,7,7,bbr1
0.486,44154,30,25920,32.2,36.3,20.2,74.5,2.4,1099387,9914,7,7,bbr1
0.490,44154,30,25920,31.7,28.8,20.2,74.5,2.6,1099387,9918,7,7,bbr1
0.497,44154,30,27360,31.9,33.3,20.2,74.5,2.4,1099387,9923,7,7,bbr1
0.503,44154,30,27360,32.0,32.2,20.2,74.5,1.8,1099387,9927,7,7,bbr1
0.509,44154,30,28800,31.9,31.2,20.2,74.5,1.6,1099387,9932,7,7,bbr1
0.517,44154,30,31680,31.4,28.0,20.2,74.5,2.1,1099387,9938,7,7,bbr1
0.525,44154,30,33120,31.4,31.3,20.2,74.5,1.6,659632,9943,7,7,bbr1
0.536,33469,23,24535,31.9,33.5,20.2,74.5,1.9,659632,9946,7,7,bbr1
0.545,39165,27,25975,32.3,35.0,20.2,74.5,2.2,879510,9951,7,7,bbr1
0.552,44154,30,25975,33.1,38.9,20.2,74.5,3.3,879510,9955,7,7,bbr1
0.558,44154,30,25975,33.8,38.2,20.2,74.5,3.7,879510,9959,7,7,bbr1
0.565,44154,30,25975,34.4,38.4,20.2,74.5,3.9,879510,9963,7,7,bbr1
0.576,32084,22,21600,33.5,30.8,20.2,74.5,3.7,879510,9967,7,7,bbr1
0.586,37780,26,23040,33.5,33.6,20.2,74.5,2.8,879510,9972,7,7,bbr1
0.590,43476,30,21600,33.2,31.1,20.2,74.5,2.7,879510,9975,7,7,bbr1
0.596,44154,30,21600,33.0,31.3,20.2,74.5,2.5,1099387,9979,7,7,bbr1
0.605,29197,20,24480,32.2,27.0,20.2,74.5,3.4,1099387,9986,7,7,bbr1
0.611,34893,24,24480,31.3,24.7,20.2,74.5,4.4,1099387,9990,7,7,bbr1
0.617,39165,27,27360,30.7,26.6,20.2,74.5,4.5,1099387,9995,7,7,bbr1
0.623,44154,30,28800,30.2,26.8,20.2,74.5,4.3,1099387,10000,7,7,bbr1
0.630,44154,30,30240,30.0,28.6,20.2,74.5,3.7,1099387,10005,7,7,bbr1
0.636,44154,30,31680,30.0,30.1,20.2,74.5,2.8,1099387,10010,7,7,bbr1
0.645,44154,30,34560,30.2,31.7,20.2,74.5,2.5,659632,10016,7,7,bbr1
0.652,44044,30,33120,30.5,32.6,20.2,74.5,2.5,657582,10019,7,7,bbr1
0.658,44044,30,31680,31.0,34.7,20.2,74.5,2.9,657582,10022,7,7,bbr1
0.665,44044,30,30240,31.7,36.3,20.2,74.5,3.5,657582,10025,7,7,bbr1
0.671,44044,30,28800,32.5,37.8,20.2,74.5,4.2,657582,10028,7,7,bbr1
0.678,44044,30,27360,33.3,39.4,20.2,74.5,4.9,657582,10031,7,7,bbr1
0.685,44044,30,25920,34.3,40.9,20.2,74.5,5.5,657582,10034,7,7,bbr1
0.691,44044,30,24480,34.8,38.5,20.2,74.5,5.2,876776,10037,7,7,bbr1
0.697,44044,30,24480,35.1,36.9,20.2,74.5,4.4,876776,10041,7,7,bbr1
0.704,44044,30,24480,35.1,35.0,20.2,74.5,3.3,876776,10045,7,7,bbr1
0.712,44044,30,25920,34.8,32.7,20.2,74.5,3.1,876776,10050,7,7,bbr1
0.006,3072,2,0,32.6,31.4,20.2,74.5,2.5,876776,10055,8,8,bbr1
0.008,5760,4,0,31.9,26.9,20.2,74.5,3.3,1095970,10057,8,8,bbr1
0.034,12880,8,0,30.9,23.8,20.2,74.5,4.5,1095970,10062,8,8,bbr1
0.060,20000,13,5760,29.7,21.3,20.2,74.5,5.8,1095970,10071,8,8,bbr1
0.066,25696,17,8640,28.8,22.7,20.2,74.5,6.1,1095970,10077,8,8,bbr1
0.085,32816,22,18720,27.9,21.3,20.2,74.5,6.4,1095970,10089,8,8,bbr1
0.092,38512,26,21600,27.2,22.7,20.2,74.5,6.1,1095970,10095,8,8,bbr1
0.099,44044,30,24480,26.8,24.2,20.2,74.5,5.3,1095970,10101,8,8,bbr1
0.106,44044,30,25920,26.7,25.8,20.2,74.5,4.3,1095970,10106,8,8,bbr1
0.113,44044,30,27360,26.6,25.5,20.2,74.5,3.5,1095970,10111,8,8,bbr1
0.119,44044,30,28800,26.6,27.0,20.2,74.5,2.7,1095970,10116,8,8,bbr1
0.126,44044,30,30240,26.9,28.6,20.2,74.5,2.5,1095970,10121,8,8,bbr1
0.132,44044,30,31680,27.3,30.0,20.2,74.5,2.7,1095970,10126,8,8,bbr1
0.141,44044,30,34560,27.8,31.6,20.2,74.5,3.1,657582,10132,8,8,bbr1
0.148,43005,29,33120,28.4,32.8,20.2,74.5,3.6,638293,10135,8,8,bbr1
0.155,43005,29,31680,29.2,34.6,20.2,74.5,4.2,638293,10138,8,8,bbr1
0.161,43005,29,30240,30.1,36.1,20.2,74.5,4.9,638293,10141,8,8,bbr1
0.168,43005,29,28800,31.0,37.7,20.2,74.5,5.6,638293,10144,8,8,bbr1
0.175,43005,29,27360,32.0,39.2,20.2,74.5,6.2,638293,10147,8,8,bbr1
0.182,43005,29,27360,33.1,40.3,20.2,74.5,6.7,638293,10150,8,8,bbr1
0.186,43005,29,24480,33.8,39.3,20.2,74.5,6.6,638293,10152,8,8,bbr1
0.193,43005,29,23040,34.2,36.9,20.2,74.5,5.7,851058,10155,8,8,bbr1
0.199,43005,29,24480,34.3,35.1,20.2,74.5,4.5,851058,10159,8,8,bbr1
0.204,43005,29,23040,34.2,33.0,20.2,74.5,3.7,851058,10162,8,8,bbr1
0.211,43005,29,23040,33.7,30.8,20.2,74.5,3.6,851058,10166,8,8,bbr1
0.218,27198,18,23040,33.1,28.6,20.2,74.5,4.0,851058,10170,8,8,bbr1
0.224,32894,22,21600,32.4,27.6,20.2,74.5,4.4,851058,10173,8,8,bbr1
0.232,38590,26,23040,31.8,27.6,20.2,74.5,4.5,851058,10178,8,8,bbr1
0.238,43005,29,23040,31.3,28.0,20.2,74.5,4.3,851058,10182,8,8,bbr1
0.245,43005,29,24480,30.9,27.6,20.2,74.5,4.2,851058,10186,8,8,bbr1
0.250,43005,29,23040,30.4,27.6,20.2,74.5,3.9,851058,10189,8,8,bbr1
0.257,43005,29,23040,30.1,27.5,20.2,74.5,3.7,851058,10193,8,8,bbr1
0.263,27198,18,23040,29.8,27.5,20.2,74.5,3.4,1063822,10197,8,8,bbr1
0.269,32894,22,21600,29.5,27.6,20.2,74.5,3.1,1063822,10200,8,8,bbr1
0.276,38590,26,24480,29.2,27.6,20.2,74.5,2.8,1063822,10206,8,8,bbr1
0.283,42862,29,27360,29.0,27.6,20.2,74.5,2.5,1063822,10211,8,8,bbr1
0.288,42828,29,27360,28.8,27.5,20.2,74.5,2.3,1058342,10215,8,8,bbr1
0.295,42828,29,28800,28.9,29.0,20.2,74.5,1.8,1058342,10220,8,8,bbr1
0.308,32806,22,24480,29.2,30.7,20.2,74.5,1.5,635005,10225,8,8,bbr1
0.315,38502,26,24480,29.5,32.1,20.2,74.5,1.9,663518,10229,8,8,bbr1
0.324,44198,30,24480,30.0,33.4,20.2,74.5,2.4,663518,10233,8,8,bbr1
0.330,44363,30,24480,30.6,34.5,20.2,74.5,2.9,884691,10236,8,8,bbr1
0.335,44363,30,23040,31.2,35.8,20.2,74.5,3.5,884691,10239,8,8,bbr1
0.342,44363,30,23040,31.1,30.4,20.2,74.5,2.8,884691,10243,8,8,bbr1
0.348,27877,19,23040,31.0,30.0,20.2,74.5,2.4,884691,10247,8,8,bbr1
0.354,33573,23,23040,30.6,27.7,20.2,74.5,2.6,884691,10251,8,8,bbr1
0.363,39269,27,24480,30.2,27.7,20.2,74.5,2.7,884691,10256,8,8,bbr1
0.369,44363,30,24480,29.9,28.1,20.2,74.5,2.5,1105863,10260,8,8,bbr1
0.375,44363,30,25920,29.7,28.2,20.2,74.5,2.3,1105863,10265,8,8,bbr1
0.382,27877,19,27360,29.5,28.0,20.2,74.5,2.2,1105863,10270,8,8,bbr1
0.388,33573,23,23040,29.4,28.8,20.2,74.5,1.8,1105863,10271,8,8,bbr1
0.396,39269,27,27360,29.3,28.6,20.2,74.5,1.6,1105863,10278,8,8,bbr1
0.403,44363,30,28800,29.5,30.4,20.2,74.5,1.4,1105863,10283,8,8,bbr1
0.409,44363,30,31680,29.7,31.1,20.2,74.5,1.5,1105863,10288,8,8,bbr1
0.415,44363,30,31680,30.1,33.1,20.2,74.5,2.0,663518,10292,8,8,bbr1
0.427,32149,22,25920,30.4,32.0,20.2,74.5,1.7,663518,10295,8,8,bbr1
0.433,37845,26,25920,30.8,33.5,20.2,74.5,2.0,884691,10299,8,8,bbr1
0.440,43541,30,25920,31.3,35.0,20.2,74.5,2.6,884691,10303,8,8,bbr1
0.447,44363,30,25920,31.9,36.2,20.2,74.5,3.1,884691,10307,8,8,bbr1
0.452,44363,30,25920,32.5,36.8,20.2,74.5,3.6,1105863,10311,8,8,bbr1
0.466,33573,23,23040,32.0,30.7,20.2,74.5,2.8,1105863,10317,8,8,bbr1
0.474,39269,27,27360,32.0,31.4,20.2,74.5,2.3,1105863,10324,8,8,bbr1
0.481,44363,30,28800,31.9,31.6,20.2,74.5,1.8,1105863,10329,8,8,bbr1
0.487,44363,30,30240,32.0,32.5,20.2,74.5,1.5,1105863,10334,8,8,bbr1
0.493,44363,30,31680,32.2,34.1,20.2,74.5,1.6,1105863,10339,8,8,bbr1
0.501,44363,30,33120,32.1,31.1,20.2,74.5,1.5,663518,10344,8,8,bbr1
0.508,44363,30,31680,32.2,32.7,20.2,74.5,1.3,663518,10347,8,8,bbr1
0.514,44363,30,30240,32.4,34.3,20.2,74.5,1.5,663518,10350,8,8,bbr1
0.527,33573,23,23040,33.4,37.5,20.2,74.5,2.6,663518,10353,8,8,bbr1
0.535,39269,27,24480,34.1,38.9,20.2,74.5,3.3,884691,10358,8,8,bbr1
0.540,44363,30,23040,34.8,39.5,20.2,74.5,3.8,884691,10361,8,8,bbr1
0.548,44363,30,24480,35.1,37.4,20.2,74.5,3.5,884691,10366,8,8,bbr1
0.554,44363,30,24480,35.2,35.8,20.2,74.5,2.8,1105863,10370,8,8,bbr1
0.561,44363,30,25920,34.5,29.3,20.2,74.5,3.6,1105863,10375,8,8,bbr1
0.569,44363,30,30240,33.7,28.5,20.2,74.5,4.2,1105863,10381,8,8,bbr1
0.573,44363,30,28800,33.1,28.8,20.2,74.5,4.4,1105863,10384,8,8,bbr1
0.585,32149,22,27360,32.3,30.2,20.2,74.5,3.8,663518,10390,8,8,bbr1
0.591,37845,26,27360,32.2,31.6,20.2,74.5,3.0,663518,10394,8,8,bbr1
0.600,42117,29,28800,32.3,32.8,20.2,74.5,2.4,663518,10398,8,8,bbr1
0.604,44363,30,25920,32.6,34.4,20.2,74.5,2.3,663518,10400,8,8,bbr1
0.610,44363,30,24480,33.0,36.0,20.2,74.5,2.6,884691,10403,8,8,bbr1
0.619,44363,30,27360,33.5,37.2,20.2,74.5,3.0,884691,10408,8,8,bbr1
0.622,44363,30,24480,33.7,35.0,20.2,74.5,2.6,884691,10410,8,8,bbr1
0.628,44363,30,24480,33.6,32.7,20.2,74.5,2.2,884691,10414,8,8,bbr1
0.636,27877,19,25920,33.3,31.0,20.2,74.5,2.3,884691,10419,8,8,bbr1
0.642,33573,23,23040,32.8,29.9,20.2,74.5,2.6,879135,10421,8,8,bbr1
0.650,39269,27,25920,32.5,30.2,20.2,74.5,2.6,879135,10427,8,8,bbr1
0.656,44139,30,23040,32.3,30.7,20.2,74.5,2.4,1098918,10429,8,8,bbr1
0.663,44139,30,25920,32.1,30.5,20.2,74.5,2.2,1098918,10435,8,8,bbr1
0.669,44139,30,27360,32.0,31.3,20.2,74.5,1.9,1098918,10440,8,8,bbr1
0.677,44139,30,30240,31.8,30.5,20.2,74.5,1.8,1098918,10446,8,8,bbr1
0.689,33461,23,25920,31.5,30.8,20.2,74.5,1.5,659351,10451,8,8,bbr1
0.698,39157,27,27360,31.6,32.3,20.2,74.5,1.3,659351,10456,8,8,bbr1
0.705,44139,30,25920,31.9,33.8,20.2,74.5,1.6,659351,10459,8,8,bbr1
0.711,44139,30,24480,32.3,35.4,20.2,74.5,2.0,879135,10462,8,8,bbr1
0.718,44139,30,24480,32.9,36.9,20.2,74.5,2.7,879135,10466,8,8,bbr1
0.724,44139,30,24480,32.8,32.1,20.2,74.5,2.2,879135,10470,8,8,bbr1
0.730,27765,19,24480,32.7,31.7,20.2,74.5,1.9,1098918,10474,8,8,bbr1
0.737,33461,23,23040,32.3,29.7,20.2,74.5,2.2,1098918,10477,8,8,bbr1
0.745,39157,27,27360,31.9,29.2,20.2,74.5,2.4,1098918,10484,8,8,bbr1
0.752,44139,30,28800,31.6,29.3,20.2,74.5,2.5,1098918,10489,8,8,bbr1
0.758,44139,30,30240,31.3,29.5,20.2,74.5,2.4,1098918,10494,8,8,bbr1
0.765,44139,30,31680,31.3,31.2,20.2,74.5,1.8,1098918,10499,8,8,bbr1
0.772,44139,30,33120,31.3,31.1,20.2,74.5,1.4,659351,10504,8,8,bbr1
0.783,32037,22,27360,31.7,33.7,20.2,74.5,1.6,659351,10507,8,8,bbr1
0.789,37733,26,27360,32.1,35.4,20.2,74.5,2.1,659351,10511,8,8,bbr1
0.798,43429,30,27360,32.7,36.6,20.2,74.5,2.7,659351,10515,8,8,bbr1
0.805,44139,30,25920,33.3,37.8,20.2,74.5,3.3,659351,10518,8,8,bbr1
0.811,44139,30,24480,34.2,39.9,20.2,74.5,4.1,879135,10521,8,8,bbr1
0.818,44139,30,24480,34.1,33.8,20.2,74.5,3.2,879135,10525,8,8,bbr1
0.822,26341,18,24480,34.2,34.6,20.2,74.5,2.5,879135,10528,8,8,bbr1
0.828,32037,22,21600,33.9,32.3,20.2,74.5,2.3,879135,10530,8,8,bbr1
0.837,36309,25,25920,33.6,30.9,20.2,74.5,2.5,879135,10536,8,8,bbr1
0.841,42005,29,24480,33.0,29.3,20.2,74.5,2.9,879135,10539,8,8,bbr1
0.848,44139,30,24480,32.6,29.5,20.2,74.5,3.1,1098918,10543,8,8,bbr1
0.854,44139,30,25920,32.2,29.8,20.2,74.5,3.0,1098918,10548,8,8,bbr1
0.861,27765,19,27360,31.8,28.8,20.2,74.5,3.1,1098918,10553,8,8,bbr1
0.867,33461,23,23040,31.4,28.6,20.2,74.5,3.1,1098918,10554,8,8,bbr1
0.875,39157,27,27360,31.1,29.2,20.2,74.5,2.9,1098918,10561,8,8,bbr1
0.882,44139,30,28800,31.0,30.4,20.2,74.5,2.4,1098918,10566,8,8,bbr1
0.888,44139,30,30240,31.2,32.0,20.2,74.5,2.0,1098918,10571,8,8,bbr1
0.895,44139,30,31680,31.5,33.5,20.2,74.5,2.1,1098918,10576,8,8,bbr1
0.902,44139,30,33120,31.4,31.1,20.2,74.5,1.6,659351,10581,8,8,bbr1
0.909,44139,30,31680,31.6,32.7,20.2,74.5,1.6,659351,10584,8,8,bbr1
0.916,44139,30,30240,31.9,34.2,20.2,74.5,1.8,659351,10587,8,8,bbr1
0.928,33461,23,23040,33.0,37.3,20.2,74.5,3.0,659351,10590,8,8,bbr1
0.937,37733,26,25920,33.6,37.8,20.2,74.5,3.4,850250,10595,8,8,bbr1
0.940,42973,29,23040,34.4,40.0,20.2,74.5,4.2,850250,10597,8,8,bbr1
0.947,42973,29,24480,34.9,38.5,20.2,74.5,4.1,850250,10601,8,8,bbr1
0.952,42973,29,23040,35.0,36.1,20.2,74.5,3.4,850250,10604,8,8,bbr1
0.960,27182,18,24480,34.3,28.7,20.2,74.5,4.1,850250,10609,8,8,bbr1
0.966,32878,22,21600,33.5,28.4,20.2,74.5,4.6,850250,10611,8,8,bbr1
0.972,38574,26,23040,32.9,28.4,20.2,74.5,4.7,850250,10616,8,8,bbr1
0.979,42973,29,23040,32.4,28.9,20.2,74.5,4.5,850250,10620,8,8,bbr1
0.986,42973,29,23040,31.9,28.4,20.2,74.5,4.4,850250,10624,8,8,bbr1
0.993,27182,18,23040,31.3,27.0,20.2,74.5,4.5,1062812,10628,8,8,bbr1
0.998,31454,21,23040,31.0,28.7,20.2,74.5,4.0,1062812,10631,8,8,bbr1
1.005,37150,25,25920,30.7,28.7,20.2,74.5,3.6,1062812,10637,8,8,bbr1
1.011,42846,29,27360,30.4,28.7,20.2,74.5,3.2,1062812,10642,8,8,bbr1
1.018,42973,29,28800,30.2,28.7,20.2,74.5,2.8,1062812,10647,8,8,bbr1
1.025,42827,29,30240,30.2,29.7,20.2,74.5,2.2,1058316,10652,8,8,bbr1
1.038,32805,22,27360,30.6,32.4,20.2,74.5,2.0,634989,10658,8,8,bbr1
1.045,37077,25,28800,30.9,33.5,20.2,74.5,2.2,634989,10662,8,8,bbr1
1.052,42773,29,27360,31.4,34.9,20.2,74.5,2.6,634989,10665,8,8,bbr1
1.059,42827,29,25920,32.0,36.1,20.2,74.5,3.2,634989,10668,8,8,bbr1
1.066,42827,29,25920,32.6,37.2,20.2,74.5,3.7,634989,10671,8,8,bbr1
1.070,42827,29,23040,33.4,38.5,20.2,74.5,4.2,634989,10673,8,8,bbr1
1.077,42827,29,21600,33.6,34.9,20.2,74.5,3.5,846653,10676,8,8,bbr1
1.084,25685,17,23040,33.5,33.2,20.2,74.5,2.8,846653,10680,8,8,bbr1
1.088,31381,21,20160,33.2,30.9,20.2,74.5,2.7,846653,10682,8,8,bbr1
1.095,37077,25,21600,32.6,28.3,20.2,74.5,3.3,846653,10687,8,8,bbr1
1.102,42773,29,21600,31.8,26.3,20.2,74.5,4.0,846653,10691,8,8,bbr1
1.109,42827,29,23040,31.1,25.9,20.2,74.5,4.5,1058316,10695,8,8,bbr1
1.114,42827,29,23040,30.3,25.3,20.2,74.5,4.8,1058316,10699,8,8,bbr1
1.121,42827,29,24480,29.8,26.2,20.2,74.5,4.7,1058316,10704,8,8,bbr1
1.128,42827,29,27360,29.3,25.8,20.2,74.5,4.5,1058316,10709,8,8,bbr1
1.132,27109,18,25920,28.9,25.7,20.2,74.5,4.3,1058316,10712,8,8,bbr1
1.138,31381,21,23040,28.6,26.6,20.2,74.5,3.8,1058316,10713,8,8,bbr1
1.144,37077,25,24480,28.5,28.1,20.2,74.5,2.9,1058316,10718,8,8,bbr1
1.151,42773,29,25920,28.6,29.4,20.2,74.5,2.4,1058316,10723,8,8,bbr1
1.158,42827,29,27360,28.9,30.8,20.2,74.5,2.4,1058316,10728,8,8,bbr1
1.165,42827,29,28800,29.3,32.1,20.2,74.5,2.6,1058316,10733,8,8,bbr1
1.172,44478,30,30240,29.3,29.3,20.2,74.5,1.9,1109413,10738,8,8,bbr1
1.177,44478,30,31680,29.5,30.6,20.2,74.5,1.8,1109413,10743,8,8,bbr1
1.186,44478,30,34560,29.7,31.7,20.2,74.5,1.9,665648,10749,8,8,bbr1
1.198,33631,23,27360,30.7,34.7,20.2,74.5,2.8,665648,10752,8,8,bbr1
1.207,39327,27,28800,31.3,36.0,20.2,74.5,3.4,665648,10757,8,8,bbr1
1.213,44478,30,27360,32.1,37.2,20.2,74.5,4.0,665648,10760,8,8,bbr1
1.219,44478,30,25920,33.0,39.1,20.2,74.5,4.8,665648,10763,8,8,bbr1
1.225,44478,30,24480,33.9,40.7,20.2,74.5,5.5,887531,10766,8,8,bbr1
1.232,44478,30,24480,33.9,33.8,20.2,74.5,4.2,887531,10770,8,8,bbr1
1.237,26511,18,24480,34.0,34.6,20.2,74.5,3.3,1109413,10773,8,8,bbr1
1.243,30783,21,23040,33.9,32.9,20.2,74.5,2.7,1109413,10775,8,8,bbr1
1.249,36479,25,24480,33.5,30.7,20.2,74.5,2.8,1109413,10780,8,8,bbr1
1.256,42175,29,27360,33.0,29.9,20.2,74.5,3.0,1109413,10786,8,8,bbr1
1.263,44478,30,28800,32.7,30.2,20.2,74.5,3.0,1109413,10791,8,8,bbr1
1.270,44478,30,30240,32.4,30.9,20.2,74.5,2.7,1109413,10796,8,8,bbr1
1.276,44478,30,31680,32.1,29.4,20.2,74.5,2.8,1109413,10801,8,8,bbr1
1.287,32207,22,28800,31.9,32.2,20.2,74.5,1.9,665648,10806,8,8,bbr1
1.294,36479,25,28800,32.1,33.4,20.2,74.5,1.8,665648,10809,8,8,bbr1
1.301,42175,29,28800,32.5,34.9,20.2,74.5,2.1,665648,10813,8,8,bbr1
1.307,44478,30,28800,32.9,36.1,20.2,74.5,2.5,665648,10816,8,8,bbr1
1.311,44478,30,25920,33.5,37.7,20.2,74.5,3.0,665648,10818,8,8,bbr1
1.318,44478,30,25920,34.2,38.9,20.2,74.5,3.6,887531,10821,8,8,bbr1
1.324,27935,19,25920,34.4,35.5,20.2,74.5,3.1,887531,10825,8,8,bbr1
1.328,32207,22,24480,34.3,33.9,20.2,74.5,2.4,887531,10827,8,8,bbr1
1.334,36479,25,25920,34.3,34.6,20.2,74.5,1.9,887531,10831,8,8,bbr1
1.340,42175,29,25920,34.1,32.7,20.2,74.5,1.8,887531,10835,8,8,bbr1
1.347,44478,30,25920,33.7,30.8,20.2,74.5,2.2,1109413,10839,8,8,bbr1
1.354,44478,30,28800,33.4,31.1,20.2,74.5,2.3,1109413,10845,8,8,bbr1
1.367,33631,23,24535,32.8,31.2,20.2,74.5,2.2,1109413,10851,8,8,bbr1
1.375,39327,27,28855,32.7,31.5,20.2,74.5,2.0,1109413,10858,8,8,bbr1
0.005,3072,2,0,33.1,34.6,20.2,74.5,1.8,1109413,10860,9,9,bbr1
0.008,5760,4,0,32.3,26.3,20.2,74.5,3.0,1109413,10862,9,9,bbr1
0.034,12880,8,0,31.2,23.9,20.2,74.5,4.4,1109413,10867,9,9,bbr1
0.059,20000,13,5760,30.0,21.2,20.2,74.5,5.8,1109413,10876,9,9,bbr1
0.067,24272,16,11520,29.0,22.4,20.2,74.5,6.2,1109413,10883,9,9,bbr1
0.072,25696,17,15840,28.3,22.9,20.2,74.5,6.2,1109413,10887,9,9,bbr1
0.085,32816,22,18720,27.4,21.3,20.2,74.5,6.4,1109413,10894,9,9,bbr1
0.091,38512,26,21600,26.8,22.8,20.2,74.5,6.0,1109413,10900,9,9,bbr1
0.099,44208,30,24480,26.5,24.4,20.2,74.5,5.1,1109413,10906,9,9,bbr1
0.106,44478,30,25920,26.4,25.9,20.2,74.5,4.0,1109413,10911,9,9,bbr1
0.112,44478,30,27360,26.3,25.5,20.2,74.5,3.2,1109413,10916,9,9,bbr1
0.118,44478,30,28800,26.4,27.0,20.2,74.5,2.6,1109413,10921,9,9,bbr1
0.126,44478,30,31680,26.7,28.6,20.2,74.5,2.5,1109413,10927,9,9,bbr1
0.134,44478,30,33120,27.1,30.3,20.2,74.5,2.8,665648,10932,9,9,bbr1
0.140,44478,30,33120,27.6,31.1,20.2,74.5,3.1,665648,10935,9,9,bbr1
0.145,44478,30,30240,28.3,33.0,20.2,74.5,3.6,665648,10937,9,9,bbr1
0.151,44478,30,28800,29.1,34.7,20.2,74.5,4.3,665648,10940,9,9,bbr1
0.157,44478,30,27360,30.0,36.2,20.2,74.5,5.0,665648,10943,9,9,bbr1
0.166,44478,30,27360,31.0,37.8,20.2,74.5,5.7,665648,10947,9,9,bbr1
0.173,44478,30,25920,32.0,39.3,20.2,74.5,6.4,665648,10950,9,9,bbr1
0.179,44478,30,24480,32.7,37.5,20.2,74.5,6.1,887531,10953,9,9,bbr1
0.185,44478,30,24480,33.0,35.3,20.2,74.5,5.3,887531,10957,9,9,bbr1
0.191,43947,30,24480,33.1,33.7,20.2,74.5,4.1,874379,10961,9,9,bbr1
0.198,43947,30,24480,32.9,31.7,20.2,74.5,3.4,1092973,10965,9,9,bbr1
0.206,43947,30,27360,32.5,29.5,20.2,74.5,3.4,1092973,10971,9,9,bbr1
0.212,43947,30,30240,32.1,29.7,20.2,74.5,3.3,1092973,10976,9,9,bbr1
0.224,33365,23,24480,31.6,29.7,20.2,74.5,2.8,1092973,10980,9,9,bbr1
0.230,39061,27,27360,31.5,31.0,20.2,74.5,2.3,1092973,10986,9,9,bbr1
0.237,43947,30,28800,31.6,32.4,20.2,74.5,1.9,1092973,10991,9,9,bbr1
0.245,43947,30,31680,31.9,34.1,20.2,74.5,2.0,1092973,10997,9,9,bbr1
0.252,43947,30,34560,32.3,35.1,20.2,74.5,2.3,655784,11002,9,9,bbr1
0.262,33365,23,25920,32.2,33.3,20.2,74.5,2.0,655784,11004,9,9,bbr1
0.269,39061,27,25920,32.5,34.8,20.2,74.5,2.2,874379,11008,9,9,bbr1
0.277,43947,30,27360,33.0,36.3,20.2,74.5,2.6,874379,11013,9,9,bbr1
0.283,43947,30,27360,33.6,37.7,20.2,74.5,3.1,874379,11017,9,9,bbr1
0.290,43947,30,27360,34.3,39.3,20.2,74.5,3.8,874379,11021,9,9,bbr1
0.296,27669,19,27360,34.0,32.0,20.2,74.5,3.4,1092973,11025,9,9,bbr1
0.303,33365,23,23040,33.9,32.7,20.2,74.5,2.9,1092973,11026,9,9,bbr1
0.311,39061,27,27360,33.7,32.7,20.2,74.5,2.5,1092973,11033,9,9,bbr1
0.317,43947,30,28800,33.6,32.7,20.2,74.5,2.1,1092973,11038,9,9,bbr1
0.324,43947,30,30240,33.6,33.4,20.2,74.5,1.6,1092973,11043,9,9,bbr1
0.337,33365,23,25920,33.3,31.2,20.2,74.5,1.6,655784,11048,9,9,bbr1
0.346,39061,27,27360,33.2,32.6,20.2,74.5,1.3,655784,11054,9,9,bbr1
0.352,43947,30,25920,33.3,34.2,20.2,74.5,1.2,655784,11057,9,9,bbr1
0.358,43947,30,24480,33.6,35.6,20.2,74.5,1.5,874379,11060,9,9,bbr1
0.365,43947,30,24480,34.1,37.2,20.2,74.5,2.0,874379,11064,9,9,bbr1
0.371,27669,19,24480,33.8,32.1,20.2,74.5,2.0,1092973,11068,9,9,bbr1
0.377,33365,23,23040,33.5,31.7,20.2,74.5,2.0,1092973,11071,9,9,bbr1
0.385,39061,27,27360,33.0,29.6,20.2,74.5,2.5,1092973,11078,9,9,bbr1
0.392,43947,30,28800,32.6,29.4,20.2,74.5,2.8,1092973,11083,9,9,bbr1
0.399,43947,30,30240,32.1,29.0,20.2,74.5,3.0,1092973,11088,9,9,bbr1
0.411,33365,23,25920,31.9,31.2,20.2,74.5,2.2,655784,11093,9,9,bbr1
0.420,39061,27,27360,32.0,32.7,20.2,74.5,1.8,655784,11098,9,9,bbr1
0.427,43947,30,25920,32.2,34.2,20.2,74.5,1.9,655784,11101,9,9,bbr1
0.432,43947,30,23040,32.8,36.5,20.2,74.5,2.5,874379,11103,9,9,bbr1
0.439,43947,30,24480,33.3,37.2,20.2,74.5,3.0,874379,11108,9,9,bbr1
0.446,43947,30,24480,33.2,32.1,20.2,74.5,2.5,874379,11112,9,9,bbr1
0.452,27669,19,24480,33.0,31.7,20.2,74.5,2.3,1092973,11116,9,9,bbr1
0.459,33365,23,23040,32.6,29.6,20.2,74.5,2.6,1092973,11119,9,9,bbr1
0.467,39061,27,27360,32.2,29.7,20.2,74.5,2.6,1092973,11126,9,9,bbr1
0.473,43333,30,30240,31.9,29.9,20.2,74.5,2.5,1092973,11131,9,9,bbr1
0.478,43947,30,30240,31.6,29.6,20.2,74.5,2.5,1092973,11135,9,9,bbr1
0.491,33365,23,25920,31.5,30.8,20.2,74.5,1.7,655784,11140,9,9,bbr1
0.500,39061,27,27360,31.6,32.6,20.2,74.5,1.6,655784,11145,9,9,bbr1
0.507,43947,30,25920,31.9,34.0,20.2,74.5,1.8,655784,11148,9,9,bbr1
0.513,43947,30,24480,32.3,35.3,20.2,74.5,2.2,874379,11151,9,9,bbr1
0.519,43777,30,24480,33.0,37.3,20.2,74.5,2.9,870171,11155,9,9,bbr1
0.526,43777,30,24480,32.9,32.5,20.2,74.5,2.3,870171,11159,9,9,bbr1
0.532,27584,19,24480,32.8,32.0,20.2,74.5,1.9,870171,11163,9,9,bbr1
0.539,33280,23,23040,32.4,29.9,20.2,74.5,2.2,870171,11166,9,9,bbr1
0.547,38976,27,25920,32.1,29.5,20.2,74.5,2.4,870171,11172,9,9,bbr1
0.552,43777,30,24480,31.8,30.0,20.2,74.5,2.3,1087713,11175,9,9,bbr1
0.560,43777,30,27360,31.6,30.2,20.2,74.5,2.1,1087713,11181,9,9,bbr1
0.566,43777,30,28800,31.4,30.4,20.2,74.5,1.9,1087713,11186,9,9,bbr1
0.580,31856,22,25920,31.2,30.6,20.2,74.5,1.4,1087713,11191,9,9,bbr1
0.585,37552,26,27360,31.2,31.1,20.2,74.5,1.1,1087713,11196,9,9,bbr1
0.591,43248,30,28800,31.4,33.0,20.2,74.5,1.3,1087713,11201,9,9,bbr1
0.599,43777,30,31680,31.8,34.5,20.2,74.5,1.7,1087713,11207,9,9,bbr1
0.607,43777,30,34560,32.3,35.8,20.2,74.5,2.3,652628,11212,9,9,bbr1
0.611,44063,30,30240,32.1,30.6,20.2,74.5,2.2,657939,11214,9,9,bbr1
0.626,31999,22,25920,32.7,35.0,20.2,74.5,2.2,657939,11218,9,9,bbr1
0.632,37695,26,25920,33.1,36.6,20.2,74.5,2.6,877252,11222,9,9,bbr1
0.639,43391,30,25920,33.7,38.0,20.2,74.5,3.2,877252,11226,9,9,bbr1
0.645,44063,30,27360,34.4,39.3,20.2,74.5,3.8,877252,11230,9,9,bbr1
0.650,44063,30,25920,34.9,38.1,20.2,74.5,3.7,877252,11233,9,9,bbr1
0.656,27727,19,25920,34.4,30.7,20.2,74.5,3.9,1096565,11237,9,9,bbr1
0.661,30575,21,25920,34.0,31.8,20.2,74.5,3.5,1096565,11239,9,9,bbr1
0.670,33423,23,28800,34.3,36.4,20.2,74.5,3.2,1096565,11243,9,9,bbr1
0.677,36271,25,31680,35.0,39.7,20.2,74.5,3.8,1096565,11247,9,9,bbr1
0.684,39119,27,34560,36.0,43.3,20.2,74.5,4.9,657939,11251,9,9,bbr1
0.690,41967,29,37440,37.4,46.9,20.2,74.5,6.4,657939,11255,9,9,bbr1
0.699,44063,30,40320,39.1,50.9,20.2,74.5,8.2,657939,11259,9,9,bbr1
0.706,44063,30,41760,41.0,54.5,20.2,74.5,10.0,657939,11262,9,9,bbr1
0.711,44063,30,41760,43.1,57.6,20.2,74.5,11.6,657939,11264,9,9,bbr1
0.718,44063,30,41760,45.3,61.1,20.2,74.5,13.2,657939,11266,9,9,bbr1
0.744,33423,23,33120,54.3,68.5,20.2,74.5,16.4,657939,11268,9,9,bbr1
0.750,36271,25,31680,57.0,76.0,20.2,76.0,17.7,657939,11269,9,9,bbr1
0.757,39119,27,34560,59.3,75.4,20.2,76.0,17.9,657939,11273,9,9,bbr1
0.766,41967,29,37440,62.2,83.0,20.2,83.0,19.3,657939,11277,9,9,bbr1
0.772,44063,30,38880,65.1,85.5,20.2,85.5,20.3,657939,11280,9,9,bbr1
0.779,44063,30,40320,68.0,87.9,20.2,87.9,20.9,657939,11283,9,9,bbr1
0.786,44063,30,41760,70.8,90.3,20.2,90.3,21.3,657939,11286,9,9,bbr1
0.791,44063,30,41760,73.5,92.8,20.2,92.8,21.5,657939,11288,9,9,bbr1
0.798,44063,30,41760,76.2,95.0,20.2,95.0,21.5,657939,11290,9,9,bbr1
0.805,44063,30,41760,78.9,97.8,20.2,97.8,21.5,657939,11292,9,9,bbr1
0.812,44063,30,41760,81.5,99.3,20.2,99.3,21.2,657939,11294,9,9,bbr1
0.819,44063,30,40320,83.7,99.2,20.2,99.3,20.4,657939,11296,9,9,bbr1
0.829,44063,30,40320,82.9,77.1,20.2,99.3,16.9,657939,11299,9,9,bbr1
0.840,44063,30,41760,82.9,82.9,20.2,99.3,12.7,657939,11302,9,9,bbr1
0.846,44063,30,41760,83.1,85.0,20.2,99.3,10.0,657939,11304,9,9,bbr1
0.853,44063,30,41760,83.7,87.6,20.2,99.3,8.6,657939,11306,9,9,bbr1
0.860,44063,30,41760,84.5,90.0,20.2,99.3,8.1,657939,11308,9,9,bbr1
0.867,44063,30,41760,85.5,92.7,20.2,99.3,8.1,657939,11310,9,9,bbr1
0.874,44063,30,41760,86.7,95.1,20.2,99.3,8.5,657939,11312,9,9,bbr1
0.881,44063,30,41760,88.1,97.7,20.2,99.3,9.1,657939,11314,9,9,bbr1
0.887,44063,30,40320,89.5,99.4,20.2,99.4,9.7,657939,11316,9,9,bbr1
0.896,44063,30,41760,91.0,101.5,20.2,101.5,10.3,657939,11319,9,9,bbr1
0.903,44063,30,41760,92.0,99.3,20.2,101.5,9.8,657939,11321,9,9,bbr1
0.910,44063,30,41760,92.9,99.3,20.2,101.5,9.1,657939,11323,9,9,bbr1
0.917,44063,30,41760,93.7,99.4,20.2,101.5,8.5,657939,11325,9,9,bbr1
0.923,44063,30,41760,94.4,99.4,20.2,101.5,7.8,657939,11327,9,9,bbr1
0.930,44063,30,40320,95.0,99.1,20.2,101.5,7.0,657939,11329,9,9,bbr1
0.940,44063,30,40320,95.5,99.0,20.2,101.5,6.2,657939,11332,9,9,bbr1
0.951,44063,30,41760,96.0,99.4,20.2,101.5,5.6,657939,11335,9,9,bbr1
0.958,44063,30,41760,96.4,99.2,20.2,101.5,5.0,657939,11337,9,9,bbr1
0.964,44063,30,41760,96.8,99.3,20.2,101.5,4.5,657939,11339,9,9,bbr1
0.971,44063,30,41760,97.1,99.4,20.2,101.5,4.0,657939,11341,9,9,bbr1
0.978,44063,30,41760,97.4,99.2,20.2,101.5,3.5,657939,11343,9,9,bbr1
0.985,44063,30,41760,97.6,99.2,20.2,101.5,3.1,657939,11345,9,9,bbr1
0.992,44063,30,41760,97.8,99.2,20.2,101.5,2.8,657939,11347,9,9,bbr1
0.999,44063,30,40320,98.2,101.1,20.2,101.5,2.9,657939,11349,9,9,bbr1
1.009,44063,30,41760,98.6,101.0,20.2,101.5,2.9,657939,11352,9,9,bbr1
1.016,44063,30,41760,98.9,101.0,20.2,101.5,2.8,657939,11354,9,9,bbr1
1.023,44063,30,41760,99.1,100.8,20.2,101.5,2.6,657939,11356,9,9,bbr1
1.029,44063,30,41760,99.3,100.9,20.2,101.5,2.4,657939,11358,9,9,bbr1
1.036,44063,30,41760,99.5,101.0,20.2,101.5,2.2,657939,11360,9,9,bbr1
1.043,44063,30,40320,99.7,101.0,20.2,101.5,2.0,657939,11362,9,9,bbr1
1.052,44063,30,40320,99.7,99.4,20.2,101.5,1.6,657939,11365,9,9,bbr1
1.062,44063,30,41760,99.6,99.2,20.2,101.5,1.3,657939,11368,9,9,bbr1
1.069,44063,30,41760,99.6,99.2,20.2,101.5,1.1,657939,11370,9,9,bbr1
1.076,44063,30,41760,99.5,99.2,20.2,101.5,0.9,657939,11372,9,9,bbr1
1.083,44063,30,41760,99.5,99.3,20.2,101.5,0.7,657939,11374,9,9,bbr1
1.089,44063,30,41760,99.5,99.3,20.2,101.5,0.6,657939,11376,9,9,bbr1
1.096,44063,30,41760,99.4,99.3,20.2,101.5,0.5,657939,11378,9,9,bbr1
1.103,44063,30,41760,99.4,99.3,20.2,101.5,0.4,657939,11380,9,9,bbr1
1.110,44063,30,40320,99.4,99.2,20.2,101.5,0.4,657939,11382,9,9,bbr1
1.120,44063,30,41760,99.4,99.2,20.2,101.5,0.3,657939,11385,9,9,bbr1
1.127,44063,30,41760,99.4,99.3,20.2,101.5,0.2,657939,11387,9,9,bbr1
1.134,44063,30,41760,99.3,99.2,20.2,101.5,0.2,657939,11389,9,9,bbr1
1.141,44063,30,41760,99.3,99.3,20.2,101.5,0.2,657939,11391,9,9,bbr1
1.148,44063,30,41760,99.3,99.2,20.2,101.5,0.2,657939,11393,9,9,bbr1
1.155,44063,30,40320,99.5,100.9,20.2,101.5,0.5,657939,11395,9,9,bbr1
1.165,44063,30,40320,99.7,101.0,20.2,101.5,0.8,657939,11398,9,9,bbr1
1.175,44063,30,41760,99.9,101.0,20.2,101.5,0.9,657939,11401,9,9,bbr1
1.182,44063,30,41760,100.0,101.1,20.2,101.5,1.0,657939,11403,9,9,bbr1
1.189,44063,30,41760,100.1,100.9,20.2,101.5,1.0,657939,11405,9,9,bbr1
1.196,44063,30,41760,100.2,101.0,20.2,101.5,0.9,657939,11407,9,9,bbr1
1.202,44063,30,41760,100.4,101.1,20.2,101.5,0.9,657939,11409,9,9,bbr1
1.209,44063,30,41760,100.4,100.8,20.2,101.5,0.8,657939,11411,9,9,bbr1
1.214,44063,30,41760,100.3,99.3,20.2,101.5,0.9,657939,11413,9,9,bbr1
1.221,44063,30,40320,100.1,99.2,20.2,101.5,0.9,657939,11415,9,9,bbr1
1.231,44063,30,41760,100.0,99.3,20.2,101.5,0.9,657939,11418,9,9,bbr1
1.238,44063,30,41760,99.9,99.2,20.2,101.5,0.9,657939,11420,9,9,bbr1
1.245,44063,30,41760,99.8,99.2,20.2,101.5,0.8,657939,11422,9,9,bbr1
1.252,44063,30,41760,99.8,99.3,20.2,101.5,0.8,657939,11424,9,9,bbr1
1.259,44063,30,41760,99.7,99.2,20.2,101.5,0.7,657939,11426,9,9,bbr1
1.266,44063,30,40320,99.6,99.2,20.2,101.5,0.7,657939,11428,9,9,bbr1
1.276,44063,30,40320,99.6,99.2,20.2,101.5,0.6,657939,11431,9,9,bbr1
1.286,44063,30,40320,99.3,97.3,20.2,101.5,1.0,657939,11434,9,9,bbr1
1.291,44063,30,43200,99.1,97.4,20.2,101.5,1.2,657939,11437,9,9,bbr1
1.300,44063,30,41760,99.1,99.2,20.2,101.5,1.0,657939,11438,9,9,bbr1
1.307,44063,30,41760,99.1,99.2,20.2,101.5,0.7,657939,11440,9,9,bbr1
1.314,44063,30,41760,99.1,99.2,20.2,101.5,0.6,657939,11442,9,9,bbr1
1.320,44063,30,41760,99.3,100.9,20.2,101.5,0.9,657939,11444,9,9,bbr1
1.327,44063,30,41760,99.5,100.9,20.2,101.5,1.1,657939,11446,9,9,bbr1
1.334,44063,30,40320,99.7,101.0,20.2,101.5,1.2,657939,11448,9,9,bbr1
1.344,44063,30,41760,99.9,101.0,20.2,101.5,1.2,657939,11451,9,9,bbr1
1.351,44063,30,41760,100.0,101.0,20.2,101.5,1.2,657939,11453,9,9,bbr1
1.358,44063,30,41760,100.1,101.0,20.2,101.5,1.1,657939,11455,9,9,bbr1
1.365,44063,30,41760,100.3,101.0,20.2,101.5,1.1,657939,11457,9,9,bbr1
1.370,44063,30,41760,100.1,99.4,20.2,101.5,1.0,657939,11459,9,9,bbr1
1.377,44063,30,40320,100.0,99.3,20.2,101.5,1.0,657939,11461,9,9,bbr1
1.387,44063,30,40320,100.0,99.3,20.2,101.5,0.9,657939,11464,9,9,bbr1
1.397,44063,30,41760,100.5,104.4,20.2,104.4,1.8,657939,11467,9,9,bbr1
1.404,44063,30,41760,100.4,99.3,20.2,104.4,1.6,657939,11469,9,9,bbr1
1.411,44063,30,41760,100.2,99.3,20.2,104.4,1.5,657939,11471,9,9,bbr1
1.418,44063,30,41760,100.1,99.3,20.2,104.4,1.4,657939,11473,9,9,bbr1
1.425,44063,30,41760,100.0,99.2,20.2,104.4,1.2,657939,11475,9,9,bbr1
1.432,44063,30,41760,99.9,99.2,20.2,104.4,1.1,657939,11477,9,9,bbr1
1.439,44063,30,41760,99.8,99.3,20.2,104.4,1.0,657939,11479,9,9,bbr1
1.445,44063,30,40320,99.8,99.3,20.2,104.4,0.9,657939,11481,9,9,bbr1
1.456,42413,29,41760,99.7,99.3,20.2,104.4,0.8,627294,11484,9,9,bbr1
1.462,42413,29,40320,99.6,99.3,20.2,104.4,0.7,627294,11485,9,9,bbr1
1.469,42413,29,40320,99.6,99.3,20.2,104.4,0.6,627294,11487,9,9,bbr1
1.476,42413,29,40320,99.8,101.0,20.2,104.4,0.8,627294,11489,9,9,bbr1
1.483,42413,29,40320,99.9,100.9,20.2,104.4,0.9,627294,11491,9,9,bbr1
1.490,42413,29,38880,100.0,100.9,20.2,104.4,0.9,627294,11493,9,9,bbr1
1.500,42413,29,38880,100.2,101.0,20.2,104.4,0.9,627294,11496,9,9,bbr1
1.510,42413,29,40320,100.3,101.0,20.2,104.4,0.9,627294,11499,9,9,bbr1
1.517,42413,29,40320,100.3,100.9,20.2,104.4,0.8,627294,11501,9,9,bbr1
1.524,42413,29,40320,100.4,100.9,20.2,104.4,0.8,627294,11503,9,9,bbr1
1.531,42413,29,38880,100.3,99.2,20.2,104.4,0.9,627294,11505,9,9,bbr1
1.536,42413,29,41760,100.1,99.2,20.2,104.4,0.9,627294,11508,9,9,bbr1
0.008,3072,2,0,93.1,66.7,20.2,104.4,8.8,960925,11511,10,10,bbr1
0.008,5760,4,0,85.4,31.0,20.2,104.4,22.1,768740,11513,10,10,bbr1
0.035,5760,4,1440,77.8,24.7,20.2,104.4,31.8,768740,11518,10,10,bbr1
0.045,5760,4,5760,71.7,29.4,20.2,104.4,35.9,768740,11522,10,10,bbr1
0.060,5760,4,2880,65.5,21.6,20.2,104.4,39.5,768740,11523,10,10,bbr1
0.067,5760,4,4320,59.9,20.6,20.2,104.4,40.8,768740,11526,10,10,bbr1
0.086,5760,4,2880,55.1,21.8,20.2,104.4,40.1,437654,11528,10,10,bbr1
0.093,5760,4,4320,50.8,20.6,20.2,104.4,38.7,437654,11531,10,10,bbr1
0.112,5760,4,2880,47.0,20.7,20.2,104.4,36.6,437376,11533,10,10,bbr1
0.119,5760,4,4320,43.8,20.8,20.2,104.4,34.0,437376,11536,10,10,bbr1
0.138,5760,4,2880,40.9,20.7,20.2,104.4,31.3,437376,11538,10,10,bbr1
0.145,5760,4,4320,38.4,21.0,20.2,104.4,28.4,437376,11541,10,10,bbr1
0.163,5760,4,2880,36.2,20.6,20.2,104.4,25.8,422867,11543,10,10,bbr1
0.170,5760,4,4320,34.2,20.8,20.2,104.4,23.1,422867,11546,10,10,bbr1
0.189,10032,6,2880,32.5,20.5,20.2,104.4,20.8,422867,11548,10,10,bbr1
0.196,12880,8,4320,31.0,20.6,20.2,104.4,18.6,422867,11551,10,10,bbr1
0.216,17152,11,8640,29.7,20.6,20.2,104.4,16.6,422855,11557,10,10,bbr1
0.224,20000,13,8640,28.6,20.6,20.2,104.4,14.7,422855,11559,10,10,bbr1
0.230,22848,15,8640,27.6,20.6,20.2,104.4,13.0,422855,11561,10,10,bbr1
0.237,25696,17,8640,26.7,20.6,20.2,104.4,11.5,422855,11563,10,10,bbr1
0.244,26004,18,8640,26.0,20.7,20.2,104.4,10.1,422855,11565,10,10,bbr1
0.254,25897,17,10080,25.3,20.4,20.2,104.4,9.0,422855,11568,10,10,bbr1
0.257,25897,17,8640,24.7,20.9,20.2,104.4,7.8,422855,11569,10,10,bbr1
0.264,25897,17,8640,24.2,20.7,20.2,104.4,6.9,528568,11571,10,10,bbr1
0.272,25893,17,10080,23.8,20.8,20.2,104.4,6.0,528442,11574,10,10,bbr1
0.277,25893,17,10080,23.4,20.9,20.2,104.4,5.2,528442,11576,10,10,bbr1
0.285,25893,17,11520,23.1,21.0,20.2,104.4,4.5,528442,11579,10,10,bbr1
0.291,26608,18,10080,22.8,20.9,20.2,104.4,4.0,550345,11581,10,10,bbr1
0.301,28733,19,11520,22.7,21.7,20.2,104.4,3.3,615437,11585,10,10,bbr1
0.308,29803,20,11520,22.6,21.9,20.2,104.4,2.6,648215,11588,10,10,bbr1
0.314,29803,20,12960,22.5,21.8,20.2,104.4,2.2,648215,11591,10,10,bbr1
0.321,30655,21,12960,22.3,20.8,20.2,104.4,2.1,674288,11594,10,10,bbr1
0.330,30655,21,14400,22.1,20.5,20.2,104.4,2.0,674288,11598,10,10,bbr1
0.336,30655,21,15840,22.2,22.9,20.2,104.4,1.7,674288,11601,10,10,bbr1
0.343,30655,21,17280,22.6,25.3,20.2,104.4,2.1,674288,11604,10,10,bbr1
0.349,30655,21,18720,23.2,27.7,20.2,104.4,2.8,674288,11607,10,10,bbr1
0.357,30655,21,21600,24.1,30.0,20.2,104.4,3.8,674288,11611,10,10,bbr1
0.364,30655,21,23040,25.1,32.6,20.2,104.4,5.0,674288,11614,10,10,bbr1
0.372,30655,21,24480,26.4,35.0,20.2,104.4,6.2,404573,11617,10,10,bbr1
0.379,30655,21,24480,27.8,38.1,20.2,104.4,7.6,404573,11619,10,10,bbr1
0.386,30655,21,24480,29.4,40.7,20.2,104.4,8.9,404573,11621,10,10,bbr1
0.389,30655,21,23040,31.1,42.9,20.2,104.4,10.1,404573,11622,10,10,bbr1
0.396,30655,21,23040,32.9,45.8,20.2,104.4,11.2,404573,11624,10,10,bbr1
0.403,30655,21,23040,34.9,48.4,20.2,104.4,12.3,404573,11626,10,10,bbr1
0.411,30655,21,23040,36.9,50.9,20.2,104.4,13.2,404573,11628,10,10,bbr1
0.418,30655,21,23040,39.0,53.4,20.2,104.4,14.1,404573,11630,10,10,bbr1
0.425,30655,21,23040,41.0,55.6,20.2,104.4,14.7,404573,11632,10,10,bbr1
0.432,30655,21,23040,43.0,56.8,20.2,104.4,15.0,404573,11634,10,10,bbr1
0.439,30655,21,23040,44.7,56.7,20.2,104.4,14.7,404573,11636,10,10,bbr1
0.451,21023,14,20215,47.5,56.5,20.2,104.4,13.1,404573,11639,10,10,bbr1
0.458,23871,16,18775,48.6,56.2,20.2,104.4,12.0,404573,11640,10,10,bbr1
0.465,26719,18,20215,49.5,55.9,20.2,104.4,10.8,539431,11643,10,10,bbr1
0.473,29567,20,21655,50.3,55.7,20.2,104.4,9.6,539431,11646,10,10,bbr1
0.480,30655,21,23095,50.9,55.3,20.2,104.4,8.5,539431,11649,10,10,bbr1
0.485,30655,21,21655,51.2,53.3,20.2,104.4,7.0,539431,11651,10,10,bbr1
0.494,30655,21,23095,51.4,52.7,20.2,104.4,5.6,539431,11654,10,10,bbr1
0.515,23910,16,18775,49.9,48.0,20.2,104.4,4.6,539431,11658,10,10,bbr1
0.522,26758,18,21655,49.9,49.6,20.2,104.4,3.5,674288,11662,10,10,bbr1
0.529,29606,20,23095,50.1,51.5,20.2,104.4,3.0,674288,11665,10,10,bbr1
0.535,30655,21,24535,50.4,52.9,20.2,104.4,3.0,674288,11668,10,10,bbr1
0.545,30655,21,27415,50.9,54.6,20.2,104.4,3.3,404573,11672,10,10,bbr1
0.552,30655,21,27415,51.6,56.1,20.2,104.4,3.7,404573,11674,10,10,bbr1
0.558,30655,21,25975,52.3,57.6,20.2,104.4,4.3,404573,11675,10,10,bbr1
0.573,22486,15,21600,51.4,50.6,20.2,104.4,3.9,404573,11677,10,10,bbr1
0.580,25334,17,20160,51.7,53.3,20.2,104.4,3.4,404573,11678,10,10,bbr1
0.587,28182,19,21600,52.2,56.1,20.2,104.4,3.6,404573,11681,10,10,bbr1
0.594,30655,21,21600,53.0,58.7,20.2,104.4,4.3,404573,11683,10,10,bbr1
0.601,30655,21,21600,54.0,61.2,20.2,104.4,5.3,404573,11685,10,10,bbr1
0.608,30655,21,21600,55.3,63.9,20.2,104.4,6.4,404573,11687,10,10,bbr1
0.615,30655,21,21600,56.3,63.5,20.2,104.4,6.9,404573,11689,10,10,bbr1
0.623,30655,21,21600,56.8,60.7,20.2,104.4,6.3,404573,11691,10,10,bbr1
0.630,30655,21,21600,56.4,52.9,20.2,104.4,5.7,404573,11693,10,10,bbr1
0.637,30655,21,21600,55.5,49.5,20.2,104.4,6.0,404573,11695,10,10,bbr1
0.644,30655,21,21600,55.1,52.7,20.2,104.4,5.2,404573,11697,10,10,bbr1
0.651,30655,21,21600,54.8,52.0,20.2,104.4,4.7,404573,11699,10,10,bbr1
0.658,30655,21,21600,54.4,52.0,20.2,104.4,4.2,404573,11701,10,10,bbr1
0.665,30655,21,20160,53.9,50.0,20.2,104.4,4.2,404573,11703,10,10,bbr1
0.672,30655,21,20160,53.3,49.8,20.2,104.4,4.2,404573,11705,10,10,bbr1
0.679,30655,21,20160,52.9,49.5,20.2,104.4,4.1,404573,11707,10,10,bbr1
0.686,30655,21,20160,52.4,49.2,20.2,104.4,4.0,404573,11709,10,10,bbr1
0.694,30655,21,20160,51.9,48.4,20.2,104.4,4.0,404573,11711,10,10,bbr1
0.701,30655,21,20160,51.4,48.1,20.2,104.4,4.0,404573,11713,10,10,bbr1
0.708,30655,21,20160,51.0,48.4,20.2,104.4,3.7,404573,11715,10,10,bbr1
0.715,30655,21,20160,50.7,48.2,20.2,104.4,3.5,404573,11717,10,10,bbr1
0.718,30655,21,18720,50.3,47.8,20.2,104.4,3.3,404573,11718,10,10,bbr1
0.725,30655,21,18720,50.0,47.7,20.2,104.4,3.2,539431,11720,10,10,bbr1
0.739,21023,14,17280,49.3,46.5,20.2,104.4,3.1,539431,11723,10,10,bbr1
0.746,23871,16,18720,49.0,46.8,20.2,104.4,2.9,539431,11726,10,10,bbr1
0.755,26719,18,21600,48.7,46.6,20.2,104.4,2.8,539431,11730,10,10,bbr1
0.760,29567,20,21600,48.3,46.2,20.2,104.4,2.7,539431,11732,10,10,bbr1
0.768,30655,21,23040,48.0,45.9,20.2,104.4,2.6,539431,11735,10,10,bbr1
0.773,30655,21,23040,47.8,46.2,20.2,104.4,2.5,539431,11737,10,10,bbr1
0.782,30655,21,24480,47.8,47.6,20.2,104.4,1.9,539431,11740,10,10,bbr1
0.800,23871,16,18720,47.2,48.7,20.2,104.4,2.1,674288,11742,10,10,bbr1
0.807,26719,18,21600,47.7,50.7,20.2,104.4,2.4,674288,11746,10,10,bbr1
0.815,29567,20,24480,48.2,52.0,20.2,104.4,2.9,674288,11750,10,10,bbr1
0.823,30655,21,25920,48.8,53.3,20.2,104.4,3.4,404573,11753,10,10,bbr1
0.830,30635,21,24480,49.5,54.3,20.2,104.4,3.9,404211,11755,10,10,bbr1
0.837,30635,21,24480,50.3,55.8,20.2,104.4,4.5,404211,11757,10,10,bbr1
0.845,30635,21,24480,51.2,57.3,20.2,104.4,5.1,404211,11759,10,10,bbr1
0.864,23861,16,18720,50.7,52.7,20.2,104.4,3.7,404211,11761,10,10,bbr1
0.871,26709,18,20160,51.2,55.3,20.2,104.4,4.0,538948,11764,10,10,bbr1
0.879,29557,20,21600,52.1,58.2,20.2,104.4,4.7,538948,11767,10,10,bbr1
0.886,30635,21,23040,53.0,59.3,20.2,104.4,5.3,538948,11770,10,10,bbr1
0.892,26688,18,23040,53.8,59.1,20.2,104.4,5.5,442227,11772,10,10,bbr1
0.899,26688,18,23040,54.4,58.8,20.2,104.4,5.4,442227,11774,10,10,bbr1
0.905,26688,18,23040,54.9,58.6,20.2,104.4,5.1,442227,11776,10,10,bbr1
0.922,20464,14,20160,53.3,49.6,20.2,104.4,5.6,442227,11779,10,10,bbr1
0.929,23312,16,18720,53.0,51.2,20.2,104.4,4.7,442227,11780,10,10,bbr1
0.938,26160,18,21600,53.1,53.2,20.2,104.4,3.6,552783,11784,10,10,bbr1
0.943,26688,18,21600,53.2,54.4,20.2,104.4,3.0,552783,11786,10,10,bbr1
0.951,26688,18,23040,53.5,55.4,20.2,104.4,2.8,552783,11789,10,10,bbr1
0.958,26688,18,23040,53.7,55.4,20.2,104.4,2.6,331670,11791,10,10,bbr1
0.967,26688,18,23040,54.0,56.3,20.2,104.4,2.6,331670,11793,10,10,bbr1
0.971,26688,18,21600,54.4,56.6,20.2,104.4,2.6,331670,11794,10,10,bbr1
0.987,21888,15,15840,52.8,49.0,20.2,104.4,4.1,331670,11796,10,10,bbr1
0.999,24736,17,18720,52.5,50.7,20.2,104.4,3.6,442227,11800,10,10,bbr1
1.006,26688,18,18720,52.4,51.7,20.2,104.4,2.9,442227,11802,10,10,bbr1
1.012,26688,18,18720,52.6,53.9,20.2,104.4,2.5,442227,11804,10,10,bbr1
1.019,26688,18,18720,52.5,52.0,20.2,104.4,2.0,442227,11806,10,10,bbr1
1.025,26688,18,18720,52.2,50.3,20.2,104.4,2.1,442227,11808,10,10,bbr1
1.032,17616,12,17280,50.8,41.0,20.2,104.4,4.4,442227,11810,10,10,bbr1
1.040,20464,14,15840,49.8,42.6,20.2,104.4,5.4,442227,11811,10,10,bbr1
1.050,23312,16,18720,49.0,42.9,20.2,104.4,5.7,442227,11815,10,10,bbr1
1.057,26160,18,18720,48.2,43.3,20.2,104.4,5.7,442227,11817,10,10,bbr1
1.063,26688,18,18720,47.6,43.2,20.2,104.4,5.5,442227,11819,10,10,bbr1
1.070,26688,18,18720,47.1,43.6,20.2,104.4,5.2,442227,11821,10,10,bbr1
1.075,26688,18,18720,46.8,44.2,20.2,104.4,4.6,552783,11823,10,10,bbr1
1.091,20464,14,15840,45.5,43.1,20.2,104.4,4.6,552783,11826,10,10,bbr1
1.099,23312,16,18720,45.2,43.3,20.2,104.4,4.0,552783,11830,10,10,bbr1
1.107,26160,18,20160,45.0,43.4,20.2,104.4,3.5,552783,11833,10,10,bbr1
1.114,26688,18,20160,44.9,44.1,20.2,104.4,2.8,331670,11835,10,10,bbr1
1.123,26688,18,20160,44.8,44.4,20.2,104.4,2.2,331670,11837,10,10,bbr1
1.127,26688,18,18720,45.0,46.1,20.2,104.4,2.0,331670,11838,10,10,bbr1
1.136,17616,12,17280,44.3,39.3,20.2,104.4,2.9,331670,11840,10,10,bbr1
1.143,20464,14,15840,44.3,44.3,20.2,104.4,2.2,442227,11841,10,10,bbr1
1.149,23312,16,17280,44.3,44.2,20.2,104.4,1.7,442227,11844,10,10,bbr1
1.156,26160,18,17280,44.4,45.7,20.2,104.4,1.6,442227,11846,10,10,bbr1
1.163,26688,18,17280,44.6,45.9,20.2,104.4,1.6,442227,11848,10,10,bbr1
1.169,26688,18,17280,44.5,43.8,20.2,104.4,1.4,442227,11850,10,10,bbr1
1.175,26688,18,17280,44.2,42.1,20.2,104.4,1.6,442227,11852,10,10,bbr1
1.185,17616,12,17280,43.4,37.6,20.2,104.4,2.9,442227,11855,10,10,bbr1
1.192,20464,14,15840,43.1,41.3,20.2,104.4,2.7,442227,11856,10,10,bbr1
1.202,23312,16,18720,42.9,41.7,20.2,104.4,2.4,442227,11860,10,10,bbr1
1.208,26160,18,18720,42.8,41.7,20.2,104.4,2.1,552783,11862,10,10,bbr1
1.213,26688,18,18720,42.7,42.3,20.2,104.4,1.7,552783,11864,10,10,bbr1
1.221,26688,18,20160,42.7,42.7,20.2,104.4,1.3,552783,11867,10,10,bbr1
1.231,26688,18,21600,42.8,43.0,20.2,104.4,1.0,331670,11870,10,10,bbr1
1.244,20464,14,15840,42.4,43.2,20.2,104.4,1.4,331670,11871,10,10,bbr1
1.252,23312,16,17280,42.6,43.4,20.2,104.4,1.3,442227,11874,10,10,bbr1
1.258,26160,18,17280,42.9,45.1,20.2,104.4,1.6,442227,11876,10,10,bbr1
1.264,26688,18,17280,43.3,46.2,20.2,104.4,2.0,442227,11878,10,10,bbr1
1.274,26688,18,18720,43.9,48.4,20.2,104.4,2.8,442227,11881,10,10,bbr1
1.281,26688,18,18720,44.7,50.0,20.2,104.4,3.6,442227,11883,10,10,bbr1
1.287,17616,12,17280,44.0,39.4,20.2,104.4,4.1,442227,11885,10,10,bbr1
1.295,20464,14,15840,43.7,41.8,20.2,104.4,3.6,442227,11886,10,10,bbr1
1.305,24736,17,17280,43.4,40.7,20.2,104.4,3.5,442227,11890,10,10,bbr1
1.312,26688,18,17280,43.1,41.1,20.2,104.4,3.2,442227,11892,10,10,bbr1
1.319,26688,18,17280,42.9,41.3,20.2,104.4,2.8,442227,11894,10,10,bbr1
1.324,26688,18,17280,42.7,41.5,20.2,104.4,2.4,442227,11896,10,10,bbr1
1.338,19040,13,14400,42.0,37.6,20.2,104.4,2.7,552783,11898,10,10,bbr1
1.346,21888,15,17280,41.9,41.4,20.2,104.4,2.2,552783,11902,10,10,bbr1
1.352,24736,17,17280,41.9,41.7,20.2,104.4,1.7,539110,11904,10,10,bbr1
1.360,26241,18,18720,41.9,42.0,20.2,104.4,1.3,539110,11907,10,10,bbr1
1.367,26241,18,20160,41.9,41.9,20.2,104.4,1.0,539110,11910,10,10,bbr1
1.374,26241,18,20160,42.0,42.7,20.2,104.4,0.9,323466,11912,10,10,bbr1
1.386,18816,13,17280,41.2,40.8,20.2,104.4,1.8,323466,11914,10,10,bbr1
1.393,21664,15,17280,41.4,42.6,20.2,104.4,1.7,431288,11916,10,10,bbr1
1.401,24512,17,18720,41.7,44.1,20.2,104.4,1.9,431288,11919,10,10,bbr1
1.408,26241,18,18720,42.1,45.0,20.2,104.4,2.3,431288,11921,10,10,bbr1
1.414,26241,18,18720,42.7,46.6,20.2,104.4,2.8,431288,11923,10,10,bbr1
1.421,26241,18,18720,43.4,48.5,20.2,104.4,3.6,431288,11925,10,10,bbr1
1.428,26241,18,18720,43.8,46.5,20.2,104.4,3.5,431288,11927,10,10,bbr1
1.441,18816,13,15840,43.9,44.6,20.2,104.4,2.2,431288,11929,10,10,bbr1
1.447,21664,15,17280,44.0,44.8,20.2,104.4,1.9,431288,11932,10,10,bbr1
1.457,24512,17,18720,44.1,44.9,20.2,104.4,1.6,431288,11935,10,10,bbr1
1.464,26241,18,18720,44.2,45.0,20.2,104.4,1.4,431288,11937,10,10,bbr1
1.471,26241,18,17280,44.2,43.7,20.2,104.4,1.2,431288,11939,10,10,bbr1
1.478,26241,18,17280,44.1,43.6,20.2,104.4,1.0,431288,11941,10,10,bbr1
1.490,18816,13,14400,43.0,41.1,20.2,104.4,2.4,539110,11943,10,10,bbr1
1.498,21664,15,17280,42.8,41.4,20.2,104.4,2.2,539110,11947,10,10,bbr1
1.506,24512,17,18720,42.6,41.5,20.2,104.4,2.0,539110,11950,10,10,bbr1
1.512,26241,18,18720,42.5,41.7,20.2,104.4,1.7,539110,11952,10,10,bbr1
1.520,26241,18,20160,42.4,41.6,20.2,104.4,1.5,539110,11955,10,10,bbr1
1.527,26241,18,20160,42.4,42.1,20.2,104.4,1.2,323466,11957,10,10,bbr1
1.538,18816,13,15840,41.5,40.8,20.2,104.4,2.1,323466,11958,10,10,bbr1
1.546,21664,15,17280,41.5,41.8,20.2,104.4,1.7,431288,11961,10,10,bbr1
1.553,24512,17,17280,41.8,43.8,20.2,104.4,1.8,431288,11963,10,10,bbr1
1.560,26241,18,17280,42.2,45.1,20.2,104.4,2.2,431288,11965,10,10,bbr1
1.567,26241,18,17280,42.7,46.4,20.2,104.4,2.7,431288,11967,10,10,bbr1
1.573,26241,18,17280,43.4,47.9,20.2,104.4,3.3,431288,11969,10,10,bbr1
1.583,17392,12,17280,42.9,39.4,20.2,104.4,3.5,435289,11972,10,10,bbr1
1.590,20240,14,15840,42.7,41.8,20.2,104.4,2.9,435289,11973,10,10,bbr1
1.600,23088,16,18720,42.6,41.7,20.2,104.4,2.4,435289,11977,10,10,bbr1
1.606,25936,18,18720,42.5,41.7,20.2,104.4,2.0,435289,11979,10,10,bbr1
1.613,26405,18,18720,42.4,41.5,20.2,104.4,1.8,435289,11981,10,10,bbr1
1.619,26405,18,18720,42.4,42.5,20.2,104.4,1.4,435289,11983,10,10,bbr1
1.626,17474,12,17280,42.2,41.1,20.2,104.4,1.3,435289,11985,10,10,bbr1
1.632,20322,14,15840,41.6,37.6,20.2,104.4,2.2,435289,11986,10,10,bbr1
1.639,23170,16,17280,41.6,41.2,20.2,104.4,1.7,435289,11989,10,10,bbr1
1.649,26018,18,18720,41.6,41.5,20.2,104.4,1.3,435289,11992,10,10,bbr1
1.656,26405,18,18720,41.6,41.7,20.2,104.4,1.0,435289,11994,10,10,bbr1
1.663,26405,18,18720,41.6,41.7,20.2,104.4,0.8,435289,11996,10,10,bbr1
1.669,26405,18,18720,41.7,42.1,20.2,104.4,0.7,544111,11998,10,10,bbr1
1.680,18898,13,15840,41.5,42.6,20.2,104.4,1.2,544111,12000,10,10,bbr1
1.687,21746,15,17280,41.7,42.9,20.2,104.4,1.2,544111,12003,10,10,bbr1
1.696,24594,17,20160,41.9,43.2,20.2,104.4,1.3,544111,12007,10,10,bbr1
1.703,26405,18,20160,42.1,43.2,20.2,104.4,1.3,326466,12009,10,10,bbr1
1.708,26405,18,18720,42.2,43.2,20.2,104.4,1.2,326466,12010,10,10,bbr1
1.717,26405,18,18720,42.5,44.2,20.2,104.4,1.4,326466,12012,10,10,bbr1
1.725,17474,12,17280,42.1,39.4,20.2,104.4,1.8,326466,12014,10,10,bbr1
1.732,20322,14,15840,42.1,42.7,20.2,104.4,1.5,435289,12015,10,10,bbr1
1.738,23170,16,17280,42.5,45.4,20.2,104.4,2.0,435289,12018,10,10,bbr1
1.748,26018,18,18720,43.2,47.5,20.2,104.4,2.7,435289,12021,10,10,bbr1
1.755,26405,18,18720,43.7,47.2,20.2,104.4,3.0,435289,12023,10,10,bbr1
1.762,26405,18,18720,43.9,45.3,20.2,104.4,2.7,435289,12025,10,10,bbr1
1.768,26405,18,18720,43.8,43.0,20.2,104.4,2.2,435289,12027,10,10,bbr1
1.780,18898,13,15840,43.1,42.6,20.2,104.4,2.2,435289,12029,10,10,bbr1
1.786,23170,16,15840,42.9,41.3,20.2,104.4,2.1,435289,12032,10,10,bbr1
1.796,26018,18,17280,42.7,41.5,20.2,104.4,2.0,435289,12035,10,10,bbr1
1.803,26405,18,17280,42.6,41.7,20.2,104.4,1.7,435289,12037,10,10,bbr1
1.810,26405,18,17280,42.5,41.7,20.2,104.4,1.5,435289,12039,10,10,bbr1
1.816,26405,18,17280,42.4,42.2,20.2,104.4,1.2,435289,12041,10,10,bbr1
1.829,18898,13,14400,41.7,41.0,20.2,104.4,1.8,544111,12043,10,10,bbr1
1.837,21746,15,17280,41.7,41.5,20.2,104.4,1.4,544111,12047,10,10,bbr1
1.845,24594,17,18720,41.7,41.7,20.2,104.4,1.0,544111,12050,10,10,bbr1
1.851,26405,18,18720,41.7,42.0,20.2,104.4,0.9,544111,12052,10,10,bbr1
1.859,26405,18,20160,41.8,42.0,20.2,104.4,0.7,544111,12055,10,10,bbr1
1.865,26405,18,20160,41.9,42.4,20.2,104.4,0.7,326466,12057,10,10,bbr1
1.874,26405,18,20160,41.1,35.9,20.2,104.4,2.0,326466,12059,10,10,bbr1
1.884,18898,13,15840,41.2,41.9,20.2,104.4,1.4,326466,12060,10,10,bbr1
1.892,21746,15,17280,41.5,43.9,20.2,104.4,1.7,435289,12063,10,10,bbr1
1.899,24594,17,17280,42.0,45.1,20.2,104.4,2.2,435289,12065,10,10,bbr1
1.905,26405,18,17280,42.5,46.5,20.2,104.4,2.8,435289,12067,10,10,bbr1
1.912,26405,18,17280,43.3,48.5,20.2,104.4,3.6,435289,12069,10,10,bbr1
1.918,26405,18,17280,43.7,46.6,20.2,104.4,3.5,435289,12071,10,10,bbr1
1.928,17474,12,17280,43.2,39.4,20.2,104.4,3.7,435289,12074,10,10,bbr1
1.935,20322,14,15840,43.0,41.7,20.2,104.4,3.1,435289,12075,10,10,bbr1
1.945,23170,16,18720,42.8,41.8,20.2,104.4,2.7,435289,12079,10,10,bbr1
1.952,26405,18,17280,42.5,40.6,20.2,104.4,2.5,435289,12081,10,10,bbr1
1.959,26405,18,17280,42.3,40.9,20.2,104.4,2.3,435289,12083,10,10,bbr1
1.966,26405,18,17280,42.2,41.2,20.2,104.4,2.0,435289,12085,10,10,bbr1
1.978,18898,13,14400,41.6,37.7,20.2,104.4,2.4,435289,12087,10,10,bbr1
1.988,21746,15,17280,41.5,41.2,20.2,104.4,1.9,435289,12091,10,10,bbr1
1.995,24594,17,17280,41.5,41.5,20.2,104.4,1.4,435289,12093,10,10,bbr1
2.002,26405,18,17280,41.5,41.7,20.2,104.4,1.1,435289,12095,10,10,bbr1
2.008,26405,18,17280,41.6,41.9,20.2,104.4,0.9,435289,12097,10,10,bbr1
2.014,26405,18,17280,41.6,41.9,20.2,104.4,0.8,544111,12099,10,10,bbr1
2.026,18898,13,14400,40.7,39.5,20.2,104.4,1.9,544111,12101,10,10,bbr1
2.034,21746,15,17280,40.6,39.7,20.2,104.4,1.6,544111,12105,10,10,bbr1
2.042,24594,17,18720,40.5,39.9,20.2,104.4,1.4,544111,12108,10,10,bbr1
2.048,26405,18,18720,40.4,40.0,20.2,104.4,1.2,544111,12110,10,10,bbr1
2.056,26405,18,20160,40.4,40.5,20.2,104.4,0.9,544111,12113,10,10,bbr1
2.062,26405,18,20160,40.6,41.9,20.2,104.4,1.0,326466,12115,10,10,bbr1
2.074,18898,13,17280,40.2,41.0,20.2,104.4,1.7,323153,12117,10,10,bbr1
2.081,21746,15,17280,40.4,42.0,20.2,104.4,1.7,430871,12119,10,10,bbr1
2.089,24594,17,18720,40.9,44.0,20.2,104.4,2.2,430871,12122,10,10,bbr1
2.096,26224,18,18720,41.4,45.2,20.2,104.4,2.7,430871,12124,10,10,bbr1
2.103,26224,18,18720,42.0,46.6,20.2,104.4,3.4,430871,12126,10,10,bbr1
2.109,26827,18,17280,42.5,45.8,20.2,104.4,3.5,445640,12128,10,10,bbr1
2.124,19109,13,15840,42.2,41.0,20.2,104.4,2.6,445640,12131,10,10,bbr1
2.130,21957,15,17280,42.3,43.2,20.2,104.4,2.2,445640,12134,10,10,bbr1
2.140,24805,17,18720,42.4,43.3,20.2,104.4,1.9,445640,12137,10,10,bbr1
2.146,26827,18,18720,42.5,43.5,20.2,104.4,1.7,445640,12139,10,10,bbr1
2.153,26827,18,18720,42.7,43.6,20.2,104.4,1.5,445640,12141,10,10,bbr1
2.159,26827,18,18720,42.8,43.7,20.2,104.4,1.4,445640,12143,10,10,bbr1
2.165,17685,12,17280,42.4,39.4,20.2,104.4,1.9,557050,12145,10,10,bbr1
2.175,20533,14,15840,42.4,42.8,20.2,104.4,1.5,557050,12146,10,10,bbr1
2.183,23381,16,18720,42.5,43.3,20.2,104.4,1.4,557050,12150,10,10,bbr1
2.191,26229,18,20160,42.7,43.5,20.2,104.4,1.3,557050,12153,10,10,bbr1
2.198,26827,18,20160,42.9,44.3,20.2,104.4,1.4,334230,12155,10,10,bbr1
2.206,26827,18,20160,43.1,44.4,20.2,104.4,1.4,334230,12157,10,10,bbr1
2.210,26827,18,18720,43.3,45.1,20.2,104.4,1.6,334230,12158,10,10,bbr1
2.219,17685,12,17280,42.8,39.3,20.2,104.4,2.2,334230,12160,10,10,bbr1
2.226,20533,14,15840,43.0,44.4,20.2,104.4,2.0,445640,12161,10,10,bbr1
2.236,23381,16,18720,43.3,45.5,20.2,104.4,2.1,445640,12165,10,10,bbr1
2.242,26229,18,18720,43.9,47.7,20.2,104.4,2.7,445640,12167,10,10,bbr1
2.249,26827,18,18720,44.3,47.5,20.2,104.4,2.9,445640,12169,10,10,bbr1
2.256,26827,18,18720,44.5,45.5,20.2,104.4,2.5,445640,12171,10,10,bbr1
2.262,26827,18,18720,44.4,44.1,20.2,104.4,2.0,445640,12173,10,10,bbr1
2.269,17685,12,17280,43.6,37.6,20.2,104.4,3.2,445640,12175,10,10,bbr1
2.276,20533,14,15840,43.3,41.4,20.2,104.4,2.9,445640,12176,10,10,bbr1
2.286,23381,16,18720,43.1,41.7,20.2,104.4,2.6,445640,12180,10,10,bbr1
2.292,26229,18,18720,43.0,42.3,20.2,104.4,2.1,445640,12182,10,10,bbr1
2.299,26827,18,18720,43.0,42.7,20.2,104.4,1.7,445640,12184,10,10,bbr1
2.306,26827,18,18720,42.9,42.8,20.2,104.4,1.3,445640,12186,10,10,bbr1
2.311,26827,18,18720,43.0,43.3,20.2,104.4,1.1,557050,12188,10,10,bbr1
2.327,20533,14,15840,42.6,43.2,20.2,104.4,1.4,557050,12191,10,10,bbr1
2.335,23381,16,18720,42.7,43.2,20.2,104.4,1.2,557050,12195,10,10,bbr1
2.341,26229,18,18720,42.8,43.9,20.2,104.4,1.2,557050,12197,10,10,bbr1
2.348,26827,18,20160,43.0,44.2,20.2,104.4,1.3,557050,12200,10,10,bbr1
2.358,26827,18,21600,43.2,44.3,20.2,104.4,1.3,334230,12203,10,10,bbr1
2.362,26827,18,20160,43.6,46.2,20.2,104.4,1.7,334230,12204,10,10,bbr1
2.379,20533,14,15840,43.1,43.7,20.2,104.4,1.9,334230,12206,10,10,bbr1
2.387,23381,16,17280,43.5,46.0,20.2,104.4,2.2,445640,12209,10,10,bbr1
2.393,26229,18,17280,44.0,47.5,20.2,104.4,2.6,445640,12211,10,10,bbr1
2.399,26827,18,17280,44.6,49.3,20.2,104.4,3.3,445640,12213,10,10,bbr1
2.409,26827,18,18720,45.4,50.9,20.2,104.4,4.0,445640,12216,10,10,bbr1
2.415,26827,18,18720,45.9,49.2,20.2,104.4,4.0,445640,12218,10,10,bbr1
2.422,17685,12,17280,45.1,39.3,20.2,104.4,4.6,445640,12220,10,10,bbr1
2.430,21957,15,14400,44.5,40.2,20.2,104.4,4.7,445640,12221,10,10,bbr1
2.440,24805,17,17280,44.0,40.9,20.2,104.4,4.4,445640,12225,10,10,bbr1
2.446,26827,18,17280,43.7,41.3,20.2,104.4,4.0,557050,12227,10,10,bbr1
2.453,26827,18,18720,43.4,41.5,20.2,104.4,3.5,557050,12230,10,10,bbr1
2.461,26827,18,20160,43.2,42.0,20.2,104.4,3.0,557050,12233,10,10,bbr1
2.473,19109,13,17280,42.4,37.6,20.2,104.4,3.2,334230,12235,10,10,bbr1
2.480,21957,15,17280,42.3,41.4,20.2,104.4,2.7,334230,12237,10,10,bbr1
2.490,24805,17,18720,42.2,41.7,20.2,104.4,2.1,445640,12240,10,10,bbr1
2.496,26827,18,18720,42.3,43.0,20.2,104.4,1.8,445640,12242,10,10,bbr1
2.502,26827,18,18720,42.7,45.1,20.2,104.4,2.0,445640,12244,10,10,bbr1
2.508,26827,18,18720,43.2,46.7,20.2,104.4,2.5,445640,12246,10,10,bbr1
2.515,26827,18,18720,43.8,48.0,20.2,104.4,3.1,445640,12248,10,10,bbr1
2.522,26827,18,18720,43.6,42.8,20.2,104.4,2.6,445640,12250,10,10,bbr1
2.535,19109,13,15840,43.6,43.2,20.2,104.4,1.7,445640,12252,10,10,bbr1
2.541,21957,15,17280,43.7,44.1,20.2,104.4,1.4,445640,12255,10,10,bbr1
2.551,24805,17,18720,43.7,44.1,20.2,104.4,1.1,445640,12258,10,10,bbr1
2.557,26827,18,18720,43.9,44.9,20.2,104.4,1.1,445640,12260,10,10,bbr1
2.564,26827,18,18720,44.0,45.1,20.2,104.4,1.1,445640,12262,10,10,bbr1
2.570,26344,18,18720,44.2,45.1,20.2,104.4,1.1,542250,12264,10,10,bbr1
2.586,21716,15,14400,43.3,41.2,20.2,104.4,2.1,542250,12267,10,10,bbr1
2.596,24564,17,18720,43.1,42.1,20.2,104.4,1.9,542250,12272,10,10,bbr1
2.602,26344,18,18720,43.0,42.4,20.2,104.4,1.6,542250,12274,10,10,bbr1
2.610,26344,18,20160,42.9,42.1,20.2,104.4,1.4,542250,12277,10,10,bbr1
2.617,26328,18,20160,43.0,43.4,20.2,104.4,1.2,325068,12279,10,10,bbr1
2.626,26328,18,20160,43.2,44.7,20.2,104.4,1.3,325068,12281,10,10,bbr1
2.630,26328,18,18720,42.5,37.7,20.2,104.4,2.4,325068,12282,10,10,bbr1
2.642,18860,13,15840,42.7,44.1,20.2,104.4,1.7,325068,12284,10,10,bbr1
2.651,21708,15,17280,43.1,45.6,20.2,104.4,2.0,433424,12287,10,10,bbr1
2.658,24556,17,17280,43.6,47.2,20.2,104.4,2.6,433424,12289,10,10,bbr1
2.665,26328,18,17280,44.2,48.7,20.2,104.4,3.2,433424,12291,10,10,bbr1
2.671,26134,18,17280,44.5,46.6,20.2,104.4,3.0,428667,12293,10,10,bbr1
2.678,26134,18,17280,44.5,44.7,20.2,104.4,2.3,428667,12295,10,10,bbr1
2.690,18763,13,14400,43.5,40.7,20.2,104.4,3.1,428667,12297,10,10,bbr1
2.697,21611,15,15840,43.1,40.8,20.2,104.4,3.0,428667,12300,10,10,bbr1
2.707,24459,16,17280,42.9,40.9,20.2,104.4,2.8,535833,12303,10,10,bbr1
2.712,26134,18,17280,42.6,40.8,20.2,104.4,2.6,535833,12305,10,10,bbr1
2.720,26134,18,18720,42.5,41.4,20.2,104.4,2.3,535833,12308,10,10,bbr1
2.726,26134,18,18720,42.3,41.5,20.2,104.4,1.9,535833,12310,10,10,bbr1
2.738,18763,13,17335,41.3,39.4,20.2,104.4,2.8,321500,12314,10,10,bbr1
2.745,21611,15,15895,41.1,39.6,20.2,104.4,2.5,321500,12315,10,10,bbr1
2.754,24459,16,17335,40.8,39.3,20.2,104.4,2.3,321500,12318,10,10,bbr1
2.758,26134,18,15895,40.8,40.3,20.2,104.4,1.9,321500,12319,10,10,bbr1
2.766,26250,18,15895,41.0,42.3,20.2,104.4,1.8,431515,12321,10,10,bbr1
2.773,26250,18,15895,41.3,43.4,20.2,104.4,1.9,431515,12323,10,10,bbr1
2.780,26250,18,15895,41.7,44.8,20.2,104.4,2.3,431515,12325,10,10,bbr1
2.786,17436,12,14400,41.2,37.8,20.2,104.4,2.7,448970,12327,10,10,bbr1
2.796,20284,14,15840,40.9,38.8,20.2,104.4,2.6,448970,12330,10,10,bbr1
2.803,23132,16,15840,40.4,37.0,20.2,104.4,3.0,448970,12332,10,10,bbr1
2.808,25980,18,15840,40.0,37.1,20.2,104.4,3.0,561212,12334,10,10,bbr1
2.816,26963,18,17280,39.7,37.3,20.2,104.4,3.0,561212,12337,10,10,bbr1
0.826,26963,18,18720,39.4,37.4,20.2,104.4,2.8,561212,12340,10,10,bbr1
0.005,26963,18,840,40.4,45.0,20.2,104.4,2.9,561212,12343,10,10,bbr1
0.008,26963,18,0,37.5,26.1,20.2,104.4,6.9,561212,12344,10,10,bbr1
0.034,26963,18,12960,35.5,21.9,20.2,104.4,9.0,561212,12357,10,10,bbr1
0.044,26963,18,15840,34.4,26.8,20.2,104.4,9.0,561212,12361,10,10,bbr1
0.049,26963,18,15840,33.6,27.9,20.2,104.4,8.4,561212,12363,10,10,bbr1
0.057,26963,18,17280,33.2,30.2,20.2,104.4,7.1,561212,12366,10,10,bbr1
0.064,26963,18,18720,33.0,31.3,20.2,104.4,5.8,561212,12369,10,10,bbr1
0.069,26963,18,18720,33.0,33.6,20.2,104.4,4.5,561212,12371,10,10,bbr1
0.077,26963,18,20160,33.3,35.2,20.2,104.4,3.9,561212,12374,10,10,bbr1
0.087,26963,18,21600,33.8,37.1,20.2,104.4,3.9,336727,12377,10,10,bbr1
0.091,26963,18,20160,34.4,38.8,20.2,104.4,4.2,336727,12378,10,10,bbr1
0.099,26963,18,20160,35.2,40.4,20.2,104.4,4.6,336727,12380,10,10,bbr1
0.104,26963,18,18720,36.0,41.7,20.2,104.4,5.1,336727,12381,10,10,bbr1
0.113,26963,18,18720,37.0,44.1,20.2,104.4,5.9,336727,12383,10,10,bbr1
0.117,26963,18,17280,38.1,45.7,20.2,104.4,6.6,336727,12384,10,10,bbr1
0.124,26963,18,17280,39.3,47.5,20.2,104.4,7.3,448970,12386,10,10,bbr1
0.131,26963,18,17280,40.5,48.8,20.2,104.4,7.9,448970,12388,10,10,bbr1
0.140,26963,18,18720,41.6,49.2,20.2,104.4,8.1,448970,12391,10,10,bbr1
0.152,19177,13,15840,42.8,45.9,20.2,104.4,6.6,448970,12393,10,10,bbr1
0.158,22025,15,17280,42.9,44.1,20.2,104.4,5.3,448970,12396,10,10,bbr1
0.168,24873,17,18720,42.9,42.5,20.2,104.4,4.1,448970,12399,10,10,bbr1
0.174,26963,18,18720,42.8,42.6,20.2,104.4,3.1,448970,12401,10,10,bbr1
0.181,26963,18,18720,42.9,43.2,20.2,104.4,2.4,448970,12403,10,10,bbr1
0.187,26963,18,17280,42.8,42.1,20.2,104.4,2.0,561212,12405,10,10,bbr1
0.201,19177,13,17335,41.9,40.8,20.2,104.4,2.5,336727,12410,10,10,bbr1
0.208,22025,15,17335,41.8,41.0,20.2,104.4,2.1,336727,12412,10,10,bbr1
0.216,24873,17,17335,41.8,42.0,20.2,104.4,1.6,336727,12414,10,10,bbr1
0.223,26963,18,17335,41.9,42.4,20.2,104.4,1.3,448970,12416,10,10,bbr1
0.229,26963,18,17335,42.0,42.5,20.2,104.4,1.2,448970,12418,10,10,bbr1
0.236,26963,18,17335,42.3,44.4,20.2,104.4,1.5,448970,12420,10,10,bbr1
0.242,26963,18,17335,42.8,46.3,20.2,104.4,2.1,448970,12422,10,10,bbr1
0.256,19216,13,15895,43.0,43.0,20.2,104.4,1.5,561212,12426,10,10,bbr1
0.262,22064,15,17335,42.7,40.9,20.2,104.4,1.6,561212,12429,10,10,bbr1
0.271,24912,17,20215,42.6,41.6,20.2,104.4,1.5,561212,12433,10,10,bbr1
0.278,26963,18,20215,42.5,42.2,20.2,104.4,1.2,336727,12435,10,10,bbr1
0.287,26963,18,20215,42.5,42.5,20.2,104.4,0.9,336727,12437,10,10,bbr1
0.291,26963,18,18775,42.6,42.9,20.2,104.4,0.8,336727,12438,10,10,bbr1
0.300,17792,12,17280,42.2,39.3,20.2,104.4,1.4,336727,12440,10,10,bbr1
0.307,20640,14,15840,42.2,42.9,20.2,104.4,1.2,448970,12441,10,10,bbr1
0.317,23488,16,18720,42.7,46.2,20.2,104.4,1.9,448970,12445,10,10,bbr1
0.323,26336,18,18720,43.4,47.7,20.2,104.4,2.7,448970,12447,10,10,bbr1
0.329,26963,18,18720,43.9,47.6,20.2,104.4,3.1,561212,12449,10,10,bbr1
0.337,26963,18,20160,44.1,45.7,20.2,104.4,2.8,561212,12452,10,10,bbr1
0.342,26963,18,20160,44.2,44.5,20.2,104.4,2.2,561212,12454,10,10,bbr1
0.359,20601,14,17280,43.5,43.2,20.2,104.4,2.2,336727,12457,10,10,bbr1
0.367,23449,16,18720,43.5,43.6,20.2,104.4,1.6,336727,12460,10,10,bbr1
0.372,26297,18,17280,43.4,42.3,20.2,104.4,1.5,336727,12461,10,10,bbr1
0.379,26963,18,17280,43.4,43.5,20.2,104.4,1.2,448970,12463,10,10,bbr1
0.385,26963,18,17280,43.7,45.7,20.2,104.4,1.5,448970,12465,10,10,bbr1
0.392,26963,18,17280,44.2,47.5,20.2,104.4,2.1,448970,12467,10,10,bbr1
0.398,26963,18,17280,44.8,49.0,20.2,104.4,2.8,448970,12469,10,10,bbr1
0.412,19177,13,15840,44.1,42.4,20.2,104.4,2.7,561212,12472,10,10,bbr1
0.419,22025,15,17280,43.7,41.0,20.2,104.4,2.8,561212,12475,10,10,bbr1
0.428,24873,17,20160,43.4,41.1,20.2,104.4,2.7,561212,12479,10,10,bbr1
0.435,26963,18,20160,43.2,42.0,20.2,104.4,2.4,336727,12481,10,10,bbr1
0.443,26963,18,20160,43.1,42.2,20.2,104.4,2.0,336727,12483,10,10,bbr1
0.447,26963,18,18720,43.1,43.4,20.2,104.4,1.6,336727,12484,10,10,bbr1
0.456,17753,12,17280,42.7,39.5,20.2,104.4,2.1,323733,12486,10,10,bbr1
0.463,20601,14,15840,42.7,42.7,20.2,104.4,1.6,431645,12487,10,10,bbr1
0.470,23449,16,17280,43.1,45.8,20.2,104.4,2.0,431645,12490,10,10,bbr1
0.480,26256,18,18720,43.6,47.2,20.2,104.4,2.5,431645,12493,10,10,bbr1
0.487,26256,18,18720,44.0,47.2,20.2,104.4,2.8,431645,12495,10,10,bbr1
0.493,26256,18,18720,44.3,45.9,20.2,104.4,2.6,539556,12497,10,10,bbr1
0.498,26256,18,18720,44.3,44.2,20.2,104.4,1.9,539556,12499,10,10,bbr1
0.514,20248,14,15840,43.5,42.6,20.2,104.4,2.3,539556,12502,10,10,bbr1
0.522,23096,16,18720,43.4,42.8,20.2,104.4,1.9,539556,12506,10,10,bbr1
0.530,26256,18,18720,43.1,41.3,20.2,104.4,2.0,539556,12509,10,10,bbr1
0.539,26256,18,20160,43.0,42.4,20.2,104.4,1.7,539556,12512,10,10,bbr1
0.545,26256,18,20160,43.1,43.3,20.2,104.4,1.3,323733,12514,10,10,bbr1
0.554,26256,18,20160,43.3,44.8,20.2,104.4,1.4,323733,12516,10,10,bbr1
0.559,26256,18,18720,42.6,37.7,20.2,104.4,2.5,323733,12517,10,10,bbr1
0.571,18824,13,15840,42.7,43.5,20.2,104.4,1.6,323733,12519,10,10,bbr1
0.580,21672,15,17280,43.1,45.6,20.2,104.4,1.9,431645,12522,10,10,bbr1
0.587,24520,17,17280,43.6,47.1,20.2,104.4,2.4,431645,12524,10,10,bbr1
0.593,26256,18,17280,44.2,48.6,20.2,104.4,3.1,431645,12526,10,10,bbr1
0.600,26256,18,17280,44.5,46.5,20.2,104.4,2.9,431645,12528,10,10,bbr1
0.607,26256,18,17280,44.4,44.0,20.2,104.4,2.3,431645,12530,10,10,bbr1
0.619,18824,13,14400,43.4,40.4,20.2,104.4,3.1,539556,12532,10,10,bbr1
0.627,21672,15,17280,43.0,40.6,20.2,104.4,3.0,539556,12536,10,10,bbr1
0.635,24520,17,18720,42.7,40.8,20.2,104.4,2.8,539556,12539,10,10,bbr1
0.640,26256,18,18720,42.5,41.0,20.2,104.4,2.5,539556,12541,10,10,bbr1
0.648,26256,18,20160,42.3,40.9,20.2,104.4,2.3,539556,12544,10,10,bbr1
0.655,26256,18,20160,42.2,41.0,20.2,104.4,2.1,323733,12546,10,10,bbr1
0.667,18824,13,17280,41.3,40.9,20.2,104.4,2.5,323733,12548,10,10,bbr1
0.673,21672,15,17280,41.4,41.8,20.2,104.4,2.0,431645,12550,10,10,bbr1
0.682,24520,17,18720,41.7,43.8,20.2,104.4,2.1,431645,12553,10,10,bbr1
0.689,26256,18,18720,42.1,45.0,20.2,104.4,2.4,431645,12555,10,10,bbr1
0.695,26256,18,18720,42.4,44.6,20.2,104.4,2.4,431645,12557,10,10,bbr1
0.702,26256,18,18720,42.9,46.1,20.2,104.4,2.8,431645,12559,10,10,bbr1
0.709,26256,18,18720,43.1,44.6,20.2,104.4,2.5,431645,12561,10,10,bbr1
0.720,18824,13,15840,43.0,42.6,20.2,104.4,1.6,431645,12563,10,10,bbr1
0.727,21672,15,17280,42.9,42.4,20.2,104.4,1.4,431645,12566,10,10,bbr1
0.737,24520,17,18720,42.9,43.1,20.2,104.4,1.1,431645,12569,10,10,bbr1
0.743,26256,18,18720,43.0,43.2,20.2,104.4,0.9,539556,12571,10,10,bbr1
0.748,26256,18,18720,43.0,43.2,20.2,104.4,0.7,539556,12573,10,10,bbr1
0.756,26256,18,20160,43.0,43.1,20.2,104.4,0.6,539556,12576,10,10,bbr1
0.771,20248,14,15840,42.6,42.8,20.2,104.4,1.1,323733,12578,10,10,bbr1
0.780,23096,16,17280,42.6,43.0,20.2,104.4,0.9,323733,12581,10,10,bbr1
0.788,25944,18,17280,42.7,43.1,20.2,104.4,0.8,431645,12583,10,10,bbr1
0.795,26256,18,17280,42.9,44.2,20.2,104.4,1.0,431645,12585,10,10,bbr1
0.802,26256,18,17280,43.3,46.2,20.2,104.4,1.6,431645,12587,10,10,bbr1
0.808,26256,18,17280,43.8,47.6,20.2,104.4,2.3,431645,12589,10,10,bbr1
0.815,17400,12,15840,43.3,39.3,20.2,104.4,2.8,431645,12591,10,10,bbr1
0.822,20248,14,15840,42.9,40.4,20.2,104.4,2.8,431645,12593,10,10,bbr1
0.831,23096,16,17280,42.5,39.7,20.2,104.4,2.9,431645,12596,10,10,bbr1
0.838,25944,18,17280,42.1,39.7,20.2,104.4,2.9,431645,12598,10,10,bbr1
0.845,26256,18,17280,41.8,39.6,20.2,104.4,2.8,431645,12600,10,10,bbr1
0.851,26256,18,15840,41.4,38.3,20.2,104.4,3.0,431645,12602,10,10,bbr1
0.865,18824,13,14400,40.8,38.9,20.2,104.4,2.7,539556,12605,10,10,bbr1
0.873,21672,15,17280,40.6,38.9,20.2,104.4,2.5,539556,12609,10,10,bbr1
0.881,24520,17,18720,40.4,38.9,20.2,104.4,2.3,539556,12612,10,10,bbr1
0.887,26256,18,18720,40.2,39.0,20.2,104.4,2.1,539556,12614,10,10,bbr1
0.895,26241,18,20160,40.1,39.6,20.2,104.4,1.7,539110,12617,10,10,bbr1
0.902,26241,18,20160,40.1,39.8,20.2,104.4,1.3,323466,12619,10,10,bbr1
0.913,18816,13,17280,39.7,40.8,20.2,104.4,1.8,323466,12621,10,10,bbr1
0.920,21664,15,17280,40.0,41.9,20.2,104.4,1.9,431288,12623,10,10,bbr1
0.928,24512,17,18720,40.5,43.9,20.2,104.4,2.4,431288,12626,10,10,bbr1
0.935,26241,18,18720,41.1,45.1,20.2,104.4,3.0,431288,12628,10,10,bbr1
0.942,26241,18,18720,41.7,46.4,20.2,104.4,3.5,431288,12630,10,10,bbr1
0.949,26241,18,18720,42.5,47.9,20.2,104.4,4.2,431288,12632,10,10,bbr1
0.955,26241,18,18720,43.0,46.3,20.2,104.4,4.1,431288,12634,10,10,bbr1
0.968,18816,13,15840,43.3,44.3,20.2,104.4,2.8,431288,12636,10,10,bbr1
0.975,21664,15,17280,43.4,44.6,20.2,104.4,2.5,431288,12639,10,10,bbr1
0.982,24512,17,17280,43.6,44.8,20.2,104.4,2.2,431288,12641,10,10,bbr1
0.992,26241,18,18720,43.8,45.0,20.2,104.4,2.0,431288,12644,10,10,bbr1
0.998,26241,18,18720,43.9,45.1,20.2,104.4,1.8,431288,12646,10,10,bbr1
1.005,26241,18,18720,44.1,45.1,20.2,104.4,1.6,431288,12648,10,10,bbr1
1.011,17392,12,17280,43.2,37.3,20.2,104.4,2.9,539110,12650,10,10,bbr1
1.018,20240,14,15840,42.9,41.0,20.2,104.4,2.8,539110,12651,10,10,bbr1
1.026,23088,16,18720,42.7,41.1,20.2,104.4,2.5,539110,12655,10,10,bbr1
1.034,25936,18,20160,42.5,41.3,20.2,104.4,2.2,539110,12658,10,10,bbr1
1.041,26241,18,20160,42.4,41.4,20.2,104.4,2.0,323466,12660,10,10,bbr1
1.045,26189,18,18720,42.3,41.6,20.2,104.4,1.7,322500,12661,10,10,bbr1
1.055,26189,18,18720,42.2,41.7,20.2,104.4,1.4,322500,12663,10,10,bbr1
1.059,17366,12,15840,41.8,39.2,20.2,104.4,1.8,323696,12664,10,10,bbr1
1.069,20214,14,15840,42.0,43.5,20.2,104.4,1.8,431595,12666,10,10,bbr1
1.077,23062,16,17280,42.4,45.0,20.2,104.4,2.1,431595,12669,10,10,bbr1
1.084,25910,17,17280,43.0,47.0,20.2,104.4,2.7,431595,12671,10,10,bbr1
1.090,26254,18,17280,43.4,46.5,20.2,104.4,2.9,431595,12673,10,10,bbr1
1.097,26254,18,17280,43.6,44.7,20.2,104.4,2.5,431595,12675,10,10,bbr1
1.110,18823,13,14400,42.9,39.2,20.2,104.4,2.6,431595,12677,10,10,bbr1
1.120,21671,15,17280,42.8,41.9,20.2,104.4,2.2,431595,12681,10,10,bbr1
1.127,24519,17,17280,42.7,41.9,20.2,104.4,1.9,431595,12683,10,10,bbr1
1.134,26254,18,17280,42.6,42.1,20.2,104.4,1.6,431595,12685,10,10,bbr1
1.140,26254,18,17280,42.6,42.4,20.2,104.4,1.2,431595,12687,10,10,bbr1
1.146,26254,18,17280,42.6,42.6,20.2,104.4,0.9,539493,12689,10,10,bbr1
1.158,18823,13,14455,41.5,39.6,20.2,104.4,2.3,539493,12692,10,10,bbr1
1.166,21671,15,17335,41.3,39.7,20.2,104.4,2.2,539493,12696,10,10,bbr1
1.175,24519,17,18775,40.9,38.2,20.2,104.4,2.4,539493,12699,10,10,bbr1
1.177,26254,18,17335,40.5,38.1,20.2,104.4,2.5,539493,12700,10,10,bbr1
1.185,26254,18,18775,40.2,38.2,20.2,104.4,2.5,539493,12703,10,10,bbr1
1.193,26254,18,20215,40.2,39.9,20.2,104.4,1.9,539493,12706,10,10,bbr1
1.201,26254,18,20160,39.4,34.1,20.2,104.4,3.0,323696,12708,10,10,bbr1
1.211,18823,13,15895,39.5,40.0,20.2,104.4,1.9,324024,12710,10,10,bbr1
1.219,21671,15,17335,39.7,41.4,20.2,104.4,1.9,432060,12713,10,10,bbr1
1.226,24519,17,17335,40.1,43.1,20.2,104.4,2.3,432060,12715,10,10,bbr1
1.233,26273,18,17335,40.7,45.1,20.2,104.4,2.9,432060,12717,10,10,bbr1
1.239,26273,18,17335,41.5,46.6,20.2,104.4,3.7,432060,12719,10,10,bbr1
1.246,26273,18,17335,42.2,47.6,20.2,104.4,4.3,432060,12721,10,10,bbr1
1.252,17447,12,15840,41.9,39.5,20.2,104.4,3.9,443814,12723,10,10,bbr1
1.263,20295,14,15840,41.9,41.9,20.2,104.4,2.9,443814,12725,10,10,bbr1
1.273,23143,16,18720,41.9,42.0,20.2,104.4,2.2,443814,12729,10,10,bbr1
1.278,25991,18,18720,41.9,41.9,20.2,104.4,1.7,554767,12731,10,10,bbr1
1.283,26752,18,18720,42.0,42.5,20.2,104.4,1.4,554767,12733,10,10,bbr1
1.291,26752,18,20160,42.1,42.8,20.2,104.4,1.3,554767,12736,10,10,bbr1
1.304,20496,14,15840,41.8,39.4,20.2,104.4,1.5,332860,12738,10,10,bbr1
1.317,23344,16,18720,42.0,43.1,20.2,104.4,1.5,332860,12742,10,10,bbr1
1.321,26192,18,17280,42.2,43.3,20.2,104.4,1.4,332860,12743,10,10,bbr1
1.329,26752,18,17280,42.5,45.1,20.2,104.4,1.8,443814,12745,10,10,bbr1
1.336,26752,18,17280,43.0,46.3,20.2,104.4,2.3,443814,12747,10,10,bbr1
1.342,26752,18,17280,43.7,48.3,20.2,104.4,3.1,443814,12749,10,10,bbr1
1.351,17648,12,17280,43.6,42.8,20.2,104.4,2.5,443814,12752,10,10,bbr1
1.357,20496,14,15840,43.4,42.7,20.2,104.4,2.1,443814,12753,10,10,bbr1
1.365,23344,16,17280,43.1,40.8,20.2,104.4,2.2,443814,12756,10,10,bbr1
0.007,21449,14,55,41.8,42.0,20.2,104.4,1.3,554767,12759,10,10,bbr1
0.033,26752,18,12960,39.3,21.7,20.2,104.4,6.0,554767,12772,10,10,bbr1
0.041,26752,18,14400,37.5,25.0,20.2,104.4,8.1,554767,12775,10,10,bbr1
0.048,26752,18,15840,36.3,28.2,20.2,104.4,8.4,554767,12778,10,10,bbr1
0.056,26752,18,17280,35.5,29.6,20.2,104.4,8.0,554767,12781,10,10,bbr1
0.061,26752,18,17280,35.0,31.7,20.2,104.4,6.9,554767,12783,10,10,bbr1
0.069,26752,18,18720,34.8,32.9,20.2,104.4,5.7,554767,12786,10,10,bbr1
0.077,26752,18,20160,34.7,34.5,20.2,104.4,4.3,554767,12789,10,10,bbr1
0.084,26752,18,20160,34.9,36.1,20.2,104.4,3.6,332860,12791,10,10,bbr1
0.092,26752,18,20160,35.3,38.4,20.2,104.4,3.6,332860,12793,10,10,bbr1
0.097,26752,18,18720,35.9,40.0,20.2,104.4,3.8,332860,12794,10,10,bbr1
0.105,26752,18,18720,36.6,41.7,20.2,104.4,4.3,332860,12796,10,10,bbr1
0.110,26752,18,17280,37.4,42.8,20.2,104.4,4.8,332860,12797,10,10,bbr1
0.117,26752,18,17280,38.4,45.0,20.2,104.4,5.5,443814,12799,10,10,bbr1
0.124,26752,18,17280,39.4,46.6,20.2,104.4,6.2,443814,12801,10,10,bbr1
0.131,26752,18,17280,40.4,47.8,20.2,104.4,6.7,443814,12803,10,10,bbr1
0.136,26752,18,17280,41.2,46.5,20.2,104.4,6.6,554767,12805,10,10,bbr1
0.144,26752,18,18720,41.6,44.7,20.2,104.4,5.8,554767,12808,10,10,bbr1
0.157,19072,13,17280,41.7,40.9,20.2,104.4,3.7,332860,12811,10,10,bbr1
0.164,21920,15,17280,41.6,41.4,20.2,104.4,2.8,332860,12813,10,10,bbr1
0.171,24768,17,17280,41.7,41.8,20.2,104.4,2.1,332860,12815,10,10,bbr1
0.179,26752,18,17280,41.7,42.0,20.2,104.4,1.7,443814,12817,10,10,bbr1
0.185,26752,18,17280,42.0,43.8,20.2,104.4,1.8,443814,12819,10,10,bbr1
0.191,26752,18,17280,42.1,43.3,20.2,104.4,1.7,443814,12821,10,10,bbr1
0.198,26752,18,17280,42.5,44.8,20.2,104.4,1.9,443814,12823,10,10,bbr1
0.210,19072,13,14400,42.4,41.3,20.2,104.4,1.6,443814,12825,10,10,bbr1
0.220,21920,15,17280,42.1,40.0,20.2,104.4,1.8,443814,12829,10,10,bbr1
0.226,24768,17,17280,41.9,40.2,20.2,104.4,1.8,554767,12831,10,10,bbr1
0.231,26752,18,17280,41.7,40.3,20.2,104.4,1.8,554767,12833,10,10,bbr1
0.239,26752,18,18720,41.6,41.0,20.2,104.4,1.5,554767,12836,10,10,bbr1
0.246,26752,18,20160,41.5,41.0,20.2,104.4,1.3,554767,12839,10,10,bbr1
0.258,19072,13,17280,40.7,39.6,20.2,104.4,2.1,332860,12841,10,10,bbr1
0.265,21920,15,17280,40.6,39.9,20.2,104.4,1.7,332860,12843,10,10,bbr1
0.275,24768,17,18720,40.7,41.7,20.2,104.4,1.6,443814,12846,10,10,bbr1
0.281,26752,18,18720,41.0,42.8,20.2,104.4,1.7,443814,12848,10,10,bbr1
0.287,26752,18,18720,41.5,45.0,20.2,104.4,2.3,443814,12850,10,10,bbr1
0.294,26752,18,18720,42.1,46.5,20.2,104.4,3.0,443814,12852,10,10,bbr1
0.300,26752,18,18720,42.8,47.8,20.2,104.4,3.6,443814,12854,10,10,bbr1
0.313,19072,13,15840,42.9,44.0,20.2,104.4,2.4,443814,12856,10,10,bbr1
0.319,21920,15,17280,43.0,43.1,20.2,104.4,1.8,443814,12859,10,10,bbr1
0.328,24768,17,18720,43.1,43.9,20.2,104.4,1.6,554767,12862,10,10,bbr1
0.333,26752,18,18720,43.2,44.2,20.2,104.4,1.5,554767,12864,10,10,bbr1
0.341,26752,18,20160,43.4,44.4,20.2,104.4,1.4,554767,12867,10,10,bbr1
0.348,26752,18,18720,43.4,43.4,20.2,104.4,1.1,332860,12869,10,10,bbr1
0.362,19072,13,15895,42.4,41.0,20.2,104.4,2.1,332860,12872,10,10,bbr1
0.370,21920,15,17335,42.4,41.7,20.2,104.4,1.8,443814,12875,10,10,bbr1
0.376,24768,17,17335,42.5,43.4,20.2,104.4,1.6,443814,12877,10,10,bbr1
0.386,26752,18,18775,42.7,44.5,20.2,104.4,1.7,443814,12880,10,10,bbr1
0.393,26752,18,18775,43.2,46.7,20.2,104.4,2.3,443814,12882,10,10,bbr1
0.399,26752,18,18775,43.7,46.6,20.2,104.4,2.5,443814,12884,10,10,bbr1
0.406,17687,12,17280,43.1,39.5,20.2,104.4,2.9,434175,12886,10,10,bbr1
0.414,20535,14,15840,43.0,41.8,20.2,104.4,2.5,434175,12887,10,10,bbr1
0.424,23383,16,18720,42.9,42.6,20.2,104.4,2.0,434175,12891,10,10,bbr1
0.431,26231,18,18720,42.9,43.0,20.2,104.4,1.5,434175,12893,10,10,bbr1
0.437,26359,18,18720,43.0,43.3,20.2,104.4,1.2,434175,12895,10,10,bbr1
0.444,26359,18,18720,43.0,43.4,20.2,104.4,1.0,434175,12897,10,10,bbr1
0.450,26359,18,18720,43.2,44.1,20.2,104.4,1.0,542718,12899,10,10,bbr1
0.466,20299,14,15840,42.8,43.1,20.2,104.4,1.4,542718,12902,10,10,bbr1
0.474,23147,16,18720,42.9,43.4,20.2,104.4,1.2,542718,12906,10,10,bbr1
0.481,25995,18,20160,42.9,43.4,20.2,104.4,1.0,542718,12909,10,10,bbr1
0.489,26359,18,20160,43.0,43.6,20.2,104.4,0.9,325631,12911,10,10,bbr1
0.493,26359,18,18720,43.1,44.0,20.2,104.4,0.9,325631,12912,10,10,bbr1
0.502,26359,18,18720,43.4,45.6,20.2,104.4,1.3,325631,12914,10,10,bbr1
0.506,17451,12,15840,42.9,39.0,20.2,104.4,2.1,325631,12915,10,10,bbr1
0.517,21723,15,14400,42.9,42.9,20.2,104.4,1.6,434175,12917,10,10,bbr1
0.527,24571,17,17280,43.1,44.5,20.2,104.4,1.6,434175,12921,10,10,bbr1
0.534,26359,18,17280,43.5,46.0,20.2,104.4,1.9,434175,12923,10,10,bbr1
0.541,26359,18,17280,43.5,44.0,20.2,104.4,1.6,434175,12925,10,10,bbr1
0.548,26359,18,17280,43.3,42.0,20.2,104.4,1.6,434175,12927,10,10,bbr1
0.559,18875,13,14400,42.5,39.8,20.2,104.4,2.3,434175,12929,10,10,bbr1
0.569,21723,15,17280,42.3,40.4,20.2,104.4,2.2,434175,12933,10,10,bbr1
0.575,24571,17,17280,42.1,40.7,20.2,104.4,2.1,542718,12935,10,10,bbr1
0.581,26359,18,17280,41.9,40.8,20.2,104.4,1.9,542718,12937,10,10,bbr1
0.589,26359,18,18720,41.8,41.0,20.2,104.4,1.6,542718,12940,10,10,bbr1
0.594,26359,18,18720,41.7,40.9,20.2,104.4,1.4,542718,12942,10,10,bbr1
0.607,18875,13,17280,40.8,39.5,20.2,104.4,2.2,325631,12945,10,10,bbr1
0.614,21723,15,17280,40.7,39.8,20.2,104.4,1.9,325631,12947,10,10,bbr1
0.621,24571,17,17280,40.7,40.7,20.2,104.4,1.5,325631,12949,10,10,bbr1
0.629,26359,18,17280,40.9,42.8,20.2,104.4,1.6,434175,12951,10,10,bbr1
0.636,26359,18,17280,41.3,44.1,20.2,104.4,2.0,434175,12953,10,10,bbr1
0.643,26359,18,17280,41.9,46.0,20.2,104.4,2.7,434175,12955,10,10,bbr1
0.649,26359,18,17280,42.6,47.4,20.2,104.4,3.4,434175,12957,10,10,bbr1
0.662,18875,13,14400,42.9,43.0,20.2,104.4,2.4,542718,12959,10,10,bbr1
0.670,21723,15,17280,42.7,41.4,20.2,104.4,2.2,542718,12963,10,10,bbr1
0.678,25995,18,17280,42.4,39.9,20.2,104.4,2.3,542718,12966,10,10,bbr1
0.686,26359,18,18720,42.0,39.8,20.2,104.4,2.4,542718,12969,10,10,bbr1
0.691,26359,18,18720,41.8,40.0,20.2,104.4,2.3,542718,12971,10,10,bbr1
0.708,20299,14,15840,40.6,39.2,20.2,104.4,3.1,542718,12974,10,10,bbr1
0.716,23147,16,18720,40.6,40.3,20.2,104.4,2.4,542718,12978,10,10,bbr1
0.724,25995,18,20160,40.8,42.3,20.2,104.4,2.2,542718,12981,10,10,bbr1
0.731,26359,18,20160,41.2,43.9,20.2,104.4,2.4,325631,12983,10,10,bbr1
0.736,26359,18,18720,41.7,45.3,20.2,104.4,2.9,325631,12984,10,10,bbr1
0.745,26359,18,18720,42.3,46.5,20.2,104.4,3.3,325631,12986,10,10,bbr1
0.753,17451,12,17280,41.9,39.3,20.2,104.4,3.2,337776,12988,10,10,bbr1
0.760,20299,14,15840,42.2,44.2,20.2,104.4,3.0,450369,12989,10,10,bbr1
0.769,23147,16,18720,42.6,45.2,20.2,104.4,3.0,450369,12993,10,10,bbr1
0.776,25995,18,18720,43.2,47.3,20.2,104.4,3.4,450369,12995,10,10,bbr1
0.781,27020,18,18720,43.7,47.1,20.2,104.4,3.6,562961,12997,10,10,bbr1
0.787,27020,18,18720,43.9,45.1,20.2,104.4,3.0,562961,12999,10,10,bbr1
0.794,27020,18,20160,43.7,43.0,20.2,104.4,2.5,562961,13002,10,10,bbr1
0.807,19206,13,18720,43.2,42.9,20.2,104.4,2.3,337776,13005,10,10,bbr1
0.814,22054,15,17280,43.2,43.1,20.2,104.4,1.7,337776,13006,10,10,bbr1
0.822,24902,17,18720,43.2,43.9,20.2,104.4,1.5,450369,13009,10,10,bbr1
0.828,27020,18,18720,43.5,45.0,20.2,104.4,1.5,450369,13011,10,10,bbr1
0.838,27020,18,18720,43.7,45.8,20.2,104.4,1.7,450369,13014,10,10,bbr1
0.845,27020,18,18720,44.2,47.5,20.2,104.4,2.2,450369,13016,10,10,bbr1
0.851,27020,18,18720,44.8,49.2,20.2,104.4,2.9,450369,13018,10,10,bbr1
0.867,20630,14,15840,44.3,43.5,20.2,104.4,2.6,562961,13021,10,10,bbr1
0.883,26326,18,20160,44.3,44.7,20.2,104.4,1.6,562961,13028,10,10,bbr1
0.890,27020,18,20160,44.4,45.1,20.2,104.4,1.4,337776,13030,10,10,bbr1
0.898,27020,18,20160,44.5,45.4,20.2,104.4,1.3,337776,13032,10,10,bbr1
0.903,27020,18,18720,44.7,46.1,20.2,104.4,1.4,337776,13033,10,10,bbr1
0.911,17782,12,17280,44.1,39.4,20.2,104.4,2.4,337776,13035,10,10,bbr1
0.919,20630,14,15840,44.1,44.4,20.2,104.4,1.9,450369,13036,10,10,bbr1
0.929,23478,16,18720,44.4,46.1,20.2,104.4,1.9,450369,13040,10,10,bbr1
0.935,26326,18,18720,44.8,47.6,20.2,104.4,2.2,450369,13042,10,10,bbr1
0.941,27020,18,18720,45.1,47.5,20.2,104.4,2.3,562961,13044,10,10,bbr1
0.946,27020,18,18720,45.2,46.3,20.2,104.4,2.1,562961,13046,10,10,bbr1
0.953,27020,18,20160,45.1,44.4,20.2,104.4,1.8,562961,13049,10,10,bbr1
0.970,20630,14,17280,44.3,43.2,20.2,104.4,2.4,337776,13052,10,10,bbr1
0.979,23478,16,18720,44.1,43.3,20.2,104.4,2.0,337776,13055,10,10,bbr1
0.987,26326,18,18720,44.1,44.0,20.2,104.4,1.6,337776,13057,10,10,bbr1
0.992,27020,18,17280,44.3,45.7,20.2,104.4,1.6,337776,13058,10,10,bbr1
0.999,27020,18,15840,44.6,46.5,20.2,104.4,1.7,450369,13060,10,10,bbr1
1.009,27020,18,17280,45.1,48.4,20.2,104.4,2.2,450369,13063,10,10,bbr1
1.015,17782,12,15840,44.6,41.0,20.2,104.4,2.7,450369,13065,10,10,bbr1
1.023,20630,14,15840,44.3,42.4,20.2,104.4,2.6,450369,13067,10,10,bbr1
1.031,23478,16,17280,43.9,41.0,20.2,104.4,2.7,450369,13070,10,10,bbr1
1.037,26326,18,17280,43.3,39.4,20.2,104.4,3.2,562961,13072,10,10,bbr1
1.045,27020,18,18720,42.9,39.9,20.2,104.4,3.2,562961,13075,10,10,bbr1
1.052,27020,18,20160,42.6,40.3,20.2,104.4,3.1,562961,13078,10,10,bbr1
1.064,19206,13,18775,41.9,39.3,20.2,104.4,2.8,337776,13082,10,10,bbr1
1.071,22054,15,17335,41.9,41.7,20.2,104.4,2.2,337776,13083,10,10,bbr1
1.079,24902,17,18775,41.9,42.0,20.2,104.4,1.7,450369,13086,10,10,bbr1
1.085,27020,18,18775,42.2,43.9,20.2,104.4,1.7,450369,13088,10,10,bbr1
1.095,27020,18,20215,42.5,45.2,20.2,104.4,2.0,450369,13091,10,10,bbr1
1.101,27020,18,20215,43.1,47.3,20.2,104.4,2.7,450369,13093,10,10,bbr1
1.107,27020,18,20215,43.8,48.4,20.2,104.4,3.4,562961,13095,10,10,bbr1
1.119,19245,13,18775,44.0,42.9,20.2,104.4,2.7,337776,13099,10,10,bbr1
1.126,22093,15,17335,44.2,45.6,20.2,104.4,2.4,337776,13100,10,10,bbr1
1.134,24941,17,18775,44.4,46.2,20.2,104.4,2.3,450369,13103,10,10,bbr1
1.140,27020,18,18775,44.7,46.6,20.2,104.4,2.3,450369,13105,10,10,bbr1
1.150,27020,18,20215,45.0,46.9,20.2,104.4,2.3,450369,13108,10,10,bbr1
1.155,27020,18,20215,45.3,47.4,20.2,104.4,2.3,562961,13110,10,10,bbr1
1.160,27020,18,20215,45.7,48.6,20.2,104.4,2.6,562961,13112,10,10,bbr1
1.174,19245,13,18775,45.4,42.9,20.2,104.4,2.2,337776,13116,10,10,bbr1
1.181,23517,16,15895,45.2,43.8,20.2,104.4,2.1,337776,13117,10,10,bbr1
1.189,26365,18,17335,45.1,44.6,20.2,104.4,1.7,450369,13120,10,10,bbr1
1.198,27020,18,18775,45.1,45.0,20.2,104.4,1.3,450369,13123,10,10,bbr1
1.204,27020,18,18775,45.2,46.0,20.2,104.4,1.2,450369,13125,10,10,bbr1
1.211,27020,18,18775,45.5,47.9,20.2,104.4,1.6,450369,13127,10,10,bbr1
1.217,27020,18,18775,46.0,49.5,20.2,104.4,2.2,450369,13129,10,10,bbr1
1.234,20669,14,15895,45.1,42.9,20.2,104.4,2.8,562961,13133,10,10,bbr1
1.242,23517,16,18775,45.0,44.4,20.2,104.4,2.3,562961,13137,10,10,bbr1
1.250,26365,18,20215,45.0,44.6,20.2,104.4,1.8,562961,13140,10,10,bbr1
1.257,27020,18,20215,45.0,45.3,20.2,104.4,1.5,337776,13142,10,10,bbr1
1.265,27020,18,20215,45.1,45.5,20.2,104.4,1.2,337776,13144,10,10,bbr1
1.269,27020,18,18775,45.2,46.3,20.2,104.4,1.2,337776,13145,10,10,bbr1
1.278,17821,12,17280,44.5,39.4,20.2,104.4,2.4,333110,13147,10,10,bbr1
1.286,20669,14,15840,44.4,44.0,20.2,104.4,1.9,444147,13148,10,10,bbr1
1.295,23517,16,18720,44.7,46.2,20.2,104.4,1.9,444147,13152,10,10,bbr1
1.302,26365,18,18720,45.0,47.7,20.2,104.4,2.2,444147,13154,10,10,bbr1
1.308,26766,18,18720,45.4,47.6,20.2,104.4,2.3,444147,13156,10,10,bbr1
1.315,26766,18,18720,45.5,46.4,20.2,104.4,2.0,444147,13158,10,10,bbr1
1.321,26766,18,18720,45.4,44.4,20.2,104.4,1.7,444147,13160,10,10,bbr1
1.328,17655,12,17280,44.6,39.3,20.2,104.4,2.8,444147,13162,10,10,bbr1
1.337,20503,14,15840,44.4,43.0,20.2,104.4,2.5,444147,13163,10,10,bbr1
1.347,23351,16,18720,44.3,43.4,20.2,104.4,2.1,444147,13167,10,10,bbr1
1.353,26199,18,18720,44.2,43.5,20.2,104.4,1.8,555183,13169,10,10,bbr1
1.358,26766,18,17280,43.9,42.3,20.2,104.4,1.8,555183,13171,10,10,bbr1
1.368,26766,18,20160,43.8,42.9,20.2,104.4,1.6,555183,13175,10,10,bbr1
1.380,19079,13,17280,43.0,37.6,20.2,104.4,2.5,333110,13177,10,10,bbr1
1.387,21927,15,17280,42.8,41.4,20.2,104.4,2.3,333110,13179,10,10,bbr1
1.396,24775,17,18720,42.6,41.6,20.2,104.4,2.0,444147,13182,10,10,bbr1
1.402,26766,18,18720,42.7,43.4,20.2,104.4,1.7,444147,13184,10,10,bbr1
1.409,26766,18,18720,42.9,44.5,20.2,104.4,1.7,444147,13186,10,10,bbr1
1.415,26766,18,18720,43.4,46.7,20.2,104.4,2.2,444147,13188,10,10,bbr1
1.422,26766,18,18720,44.0,47.8,20.2,104.4,2.8,444147,13190,10,10,bbr1
1.429,26766,18,18720,43.8,42.7,20.2,104.4,2.4,444147,13192,10,10,bbr1
1.441,19079,13,15840,43.7,43.1,20.2,104.4,1.6,444147,13194,10,10,bbr1
1.448,21927,15,17280,43.8,44.1,20.2,104.4,1.3,444147,13197,10,10,bbr1
1.458,24775,17,18720,43.8,44.1,20.2,104.4,1.0,444147,13200,10,10,bbr1
1.464,26766,18,18720,43.9,44.7,20.2,104.4,1.0,444147,13202,10,10,bbr1
1.471,26766,18,18720,44.1,45.1,20.2,104.4,1.0,444147,13204,10,10,bbr1
1.477,26766,18,18720,44.2,45.2,20.2,104.4,1.1,555183,13206,10,10,bbr1
1.493,20503,14,15840,43.5,42.7,20.2,104.4,1.8,555183,13209,10,10,bbr1
1.501,23351,16,18720,43.5,43.3,20.2,104.4,1.4,555183,13213,10,10,bbr1
1.508,26199,18,20160,43.5,43.4,20.2,104.4,1.0,555183,13216,10,10,bbr1
1.515,26766,18,20160,43.5,44.2,20.2,104.4,1.0,333110,13218,10,10,bbr1
1.524,26202,18,18720,43.5,43.4,20.2,104.4,0.8,322743,13220,10,10,bbr1
1.533,26202,18,18720,43.7,44.7,20.2,104.4,0.9,322743,13222,10,10,bbr1
1.542,18797,13,14400,42.9,42.6,20.2,104.4,1.7,430324,13223,10,10,bbr1
1.552,21645,15,17280,43.1,44.3,20.2,104.4,1.6,430923,13227,10,10,bbr1
1.559,24493,17,17280,43.4,45.7,20.2,104.4,1.9,431611,13229,10,10,bbr1
1.566,26254,18,17280,43.7,45.7,20.2,104.4,2.0,431611,13231,10,10,bbr1
1.573,26254,18,17280,43.7,43.9,20.2,104.4,1.5,431611,13233,10,10,bbr1
1.579,26254,18,17280,43.5,41.9,20.2,104.4,1.6,431611,13235,10,10,bbr1
1.586,26254,18,17280,42.5,35.9,20.2,104.4,3.1,431611,13237,10,10,bbr1
1.597,18823,13,14400,41.8,39.6,20.2,104.4,2.9,539513,13239,10,10,bbr1
1.605,21671,15,17280,41.6,39.8,20.2,104.4,2.7,539513,13243,10,10,bbr1
1.613,24519,17,18720,41.4,39.9,20.2,104.4,2.4,539513,13246,10,10,bbr1
1.619,26254,18,18720,41.2,39.9,20.2,104.4,2.2,539513,13248,10,10,bbr1
1.626,26254,18,20160,41.1,40.3,20.2,104.4,1.9,539513,13251,10,10,bbr1
1.634,26254,18,20160,41.0,40.5,20.2,104.4,1.6,323708,13253,10,10,bbr1
1.645,18823,13,17280,40.4,40.8,20.2,104.4,1.9,323708,13255,10,10,bbr1
1.652,21671,15,17280,40.6,41.9,20.2,104.4,1.8,431611,13257,10,10,bbr1
1.660,24519,17,18720,41.0,43.9,20.2,104.4,2.2,431611,13260,10,10,bbr1
1.667,26254,18,18720,41.5,45.2,20.2,104.4,2.7,431611,13262,10,10,bbr1
1.674,26254,18,18720,42.1,46.4,20.2,104.4,3.2,431611,13264,10,10,bbr1
1.680,26254,18,18720,42.9,47.8,20.2,104.4,3.8,431611,13266,10,10,bbr1
1.687,26254,18,18720,43.1,44.6,20.2,104.4,3.3,431611,13268,10,10,bbr1
1.698,18823,13,15840,42.9,42.4,20.2,104.4,2.1,539513,13270,10,10,bbr1
1.705,21671,15,17280,42.9,42.9,20.2,104.4,1.6,539513,13273,10,10,bbr1
1.714,24519,17,20160,42.9,43.1,20.2,104.4,1.3,539513,13277,10,10,bbr1
1.722,26254,18,20160,43.0,43.3,20.2,104.4,1.0,323708,13279,10,10,bbr1
1.726,26254,18,18720,43.0,43.4,20.2,104.4,0.9,323708,13280,10,10,bbr1
1.735,26254,18,18720,43.1,43.6,20.2,104.4,0.8,323708,13282,10,10,bbr1
1.743,17399,12,17280,42.6,39.5,20.2,104.4,1.5,323708,13284,10,10,bbr1
1.212,20247,14,15840,42.6,42.7,20.2,104.4,1.1,431611,13285,10,10,bbr1
0.007,26254,18,2863,43.9,42.9,20.2,104.4,1.8,431611,13286,10,10,bbr1
0.014,16703,11,0,42.2,28.2,20.2,104.4,5.4,539513,13287,10,10,bbr1
0.040,22399,15,11520,39.7,22.6,20.2,104.4,8.9,539513,13299,10,10,bbr1
0.049,25247,17,14400,38.2,27.5,20.2,104.4,9.8,539513,13303,10,10,bbr1
0.057,26254,18,15840,37.0,29.1,20.2,104.4,9.6,539513,13306,10,10,bbr1
0.065,26254,18,17280,36.2,30.5,20.2,104.4,8.8,539513,13309,10,10,bbr1
0.071,26254,18,17280,35.7,32.2,20.2,104.4,7.6,539513,13311,10,10,bbr1
0.079,26254,18,18720,35.5,33.6,20.2,104.4,6.3,539513,13314,10,10,bbr1
0.085,26254,18,18720,35.4,35.1,20.2,104.4,4.8,539513,13316,10,10,bbr1
0.092,26254,18,20160,35.5,36.2,20.2,104.4,3.8,539513,13319,10,10,bbr1
0.099,26254,18,20160,35.8,38.0,20.2,104.4,3.5,323708,13321,10,10,bbr1
0.108,26254,18,20160,36.3,39.6,20.2,104.4,3.5,323708,13323,10,10,bbr1
0.113,26254,18,18720,36.8,40.7,20.2,104.4,3.8,323708,13324,10,10,bbr1
0.122,26254,18,18720,37.6,42.7,20.2,104.4,4.3,323708,13326,10,10,bbr1
0.126,26254,18,17280,38.4,44.0,20.2,104.4,4.8,323708,13327,10,10,bbr1
0.134,26254,18,17280,39.2,45.2,20.2,104.4,5.3,431611,13329,10,10,bbr1
0.140,26254,18,17280,40.2,46.7,20.2,104.4,5.9,431611,13331,10,10,bbr1
0.147,26254,18,17280,41.2,48.7,20.2,104.4,6.5,431611,13333,10,10,bbr1
0.159,18823,13,14400,42.2,44.2,20.2,104.4,5.2,431611,13335,10,10,bbr1
0.166,21671,15,15840,42.2,42.1,20.2,104.4,3.9,431611,13338,10,10,bbr1
0.175,24519,17,17280,42.0,40.4,20.2,104.4,3.4,539513,13341,10,10,bbr1
0.180,26254,18,17280,41.8,40.7,20.2,104.4,2.9,539513,13343,10,10,bbr1
0.188,26254,18,18720,41.7,40.9,20.2,104.4,2.4,539513,13346,10,10,bbr1
0.194,26254,18,18720,41.6,41.0,20.2,104.4,2.0,539513,13348,10,10,bbr1
0.199,26254,18,18720,40.7,34.1,20.2,104.4,3.3,539513,13350,10,10,bbr1
0.212,18823,13,17280,40.0,37.9,20.2,104.4,3.0,323708,13353,10,10,bbr1
0.219,21671,15,17280,39.8,38.9,20.2,104.4,2.6,323708,13355,10,10,bbr1
0.227,24519,17,17280,40.0,40.9,20.2,104.4,2.2,323708,13357,10,10,bbr1
0.234,26296,18,17280,40.3,42.3,20.2,104.4,2.2,432629,13359,10,10,bbr1
0.241,26296,18,17280,40.7,43.3,20.2,104.4,2.4,432629,13361,10,10,bbr1
0.248,26296,18,17280,41.2,45.1,20.2,104.4,2.9,432629,13363,10,10,bbr1
0.254,26296,18,17280,41.9,46.4,20.2,104.4,3.5,540786,13365,10,10,bbr1
0.267,18844,13,15840,42.3,42.8,20.2,104.4,2.7,540786,13368,10,10,bbr1
0.274,21692,15,17280,42.1,40.7,20.2,104.4,2.4,540786,13371,10,10,bbr1
0.283,24540,17,20160,42.0,41.0,20.2,104.4,2.1,540786,13375,10,10,bbr1
0.290,26296,18,20160,41.8,40.9,20.2,104.4,1.8,324471,13377,10,10,bbr1
0.294,26296,18,18720,41.8,41.4,20.2,104.4,1.5,324471,13378,10,10,bbr1
0.303,26296,18,18720,41.9,42.8,20.2,104.4,1.4,324471,13380,10,10,bbr1
0.312,17420,12,17280,41.6,39.4,20.2,104.4,1.7,324471,13382,10,10,bbr1
0.318,20268,14,15840,41.7,42.7,20.2,104.4,1.5,432629,13383,10,10,bbr1
0.325,23116,16,17280,42.2,45.3,20.2,104.4,2.1,432629,13386,10,10,bbr1
0.332,25964,18,17280,42.8,47.3,20.2,104.4,2.8,432629,13388,10,10,bbr1
0.339,26296,18,17280,43.3,46.5,20.2,104.4,3.0,432629,13390,10,10,bbr1
0.349,26296,18,18720,43.5,45.0,20.2,104.4,2.7,432629,13393,10,10,bbr1
0.355,17420,12,17280,43.1,40.2,20.2,104.4,2.8,540786,13395,10,10,bbr1
0.361,20268,14,15840,42.7,39.9,20.2,104.4,2.9,540786,13396,10,10,bbr1
0.369,23116,16,18720,42.4,40.6,20.2,104.4,2.7,540786,13400,10,10,bbr1
0.377,25964,18,20160,42.2,40.9,20.2,104.4,2.4,540786,13403,10,10,bbr1
0.384,26296,18,20160,42.1,41.0,20.2,104.4,2.1,324471,13405,10,10,bbr1
0.388,26296,18,18720,42.0,41.2,20.2,104.4,1.8,324471,13406,10,10,bbr1
0.397,26296,18,18720,41.9,41.5,20.2,104.4,1.5,324471,13408,10,10,bbr1
0.402,17420,12,15840,41.6,39.4,20.2,104.4,1.8,333581,13409,10,10,bbr1
0.412,20268,14,15840,41.9,44.3,20.2,104.4,2.0,444775,13411,10,10,bbr1
0.422,23116,16,18720,42.4,45.3,20.2,104.4,2.3,444775,13415,10,10,bbr1
0.429,25964,18,18720,43.0,47.4,20.2,104.4,3.0,444775,13417,10,10,bbr1
0.435,26792,18,18720,43.5,47.1,20.2,104.4,3.3,555968,13419,10,10,bbr1
0.439,26792,18,18720,43.7,45.0,20.2,104.4,2.8,555968,13421,10,10,bbr1
0.453,19092,13,17280,43.0,39.4,20.2,104.4,2.8,333581,13424,10,10,bbr1
0.460,21940,15,17280,43.0,42.8,20.2,104.4,2.2,333581,13426,10,10,bbr1
0.471,24788,17,18720,43.0,43.1,20.2,104.4,1.7,333581,13429,10,10,bbr1
0.475,26792,18,17280,43.0,43.1,20.2,104.4,1.3,333581,13430,10,10,bbr1
0.483,26792,18,17280,43.2,44.1,20.2,104.4,1.2,444775,13432,10,10,bbr1
0.489,26792,18,17280,43.5,46.3,20.2,104.4,1.7,444775,13434,10,10,bbr1
0.495,26792,18,17280,44.1,47.9,20.2,104.4,2.3,444775,13436,10,10,bbr1
0.508,19092,13,14400,44.3,44.1,20.2,104.4,1.8,444775,13438,10,10,bbr1
0.518,23364,16,15840,43.8,39.9,20.2,104.4,2.4,444775,13442,10,10,bbr1
0.524,26212,18,15840,43.2,39.0,20.2,104.4,3.0,555968,13444,10,10,bbr1
0.531,26792,18,17280,42.7,39.6,20.2,104.4,3.1,555968,13447,10,10,bbr1
0.539,26792,18,18720,42.4,40.0,20.2,104.4,3.0,555968,13450,10,10,bbr1
0.544,17668,12,17280,41.4,34.2,20.2,104.4,4.3,555968,13452,10,10,bbr1
0.554,20516,14,15840,41.0,38.1,20.2,104.4,4.1,555968,13453,10,10,bbr1
0.562,23364,16,18720,40.6,38.2,20.2,104.4,3.7,555968,13457,10,10,bbr1
0.570,26212,18,20160,40.5,39.5,20.2,104.4,3.1,555968,13460,10,10,bbr1
0.577,26792,18,20160,40.6,41.7,20.2,104.4,2.6,333581,13462,10,10,bbr1
0.586,26792,18,20160,40.9,43.2,20.2,104.4,2.6,333581,13464,10,10,bbr1
0.590,26792,18,18720,41.4,44.5,20.2,104.4,2.8,333581,13465,10,10,bbr1
0.598,17668,12,17280,41.1,39.3,20.2,104.4,2.6,338378,13467,10,10,bbr1
0.606,20516,14,15840,41.5,44.4,20.2,104.4,2.8,451171,13468,10,10,bbr1
0.616,23364,16,18720,42.1,46.0,20.2,104.4,3.2,451171,13472,10,10,bbr1
0.622,26212,18,18720,42.8,47.5,20.2,104.4,3.8,451171,13474,10,10,bbr1
0.627,27053,18,18720,43.4,47.4,20.2,104.4,4.0,563963,13476,10,10,bbr1
0.635,27053,18,20160,43.6,45.6,20.2,104.4,3.5,563963,13479,10,10,bbr1
0.640,27053,18,20160,43.7,44.1,20.2,104.4,2.8,563963,13481,10,10,bbr1
0.657,20646,14,17280,43.2,43.2,20.2,104.4,2.4,338378,13484,10,10,bbr1
0.666,23494,16,18720,43.2,43.4,20.2,104.4,1.8,338378,13487,10,10,bbr1
0.674,26342,18,18720,43.3,44.2,20.2,104.4,1.6,338378,13489,10,10,bbr1
0.679,27053,18,15840,43.5,44.8,20.2,104.4,1.6,338378,13490,10,10,bbr1
0.686,27053,18,15840,43.9,46.8,20.2,104.4,2.0,451171,13492,10,10,bbr1
0.695,27053,18,17280,44.4,47.9,20.2,104.4,2.5,451171,13495,10,10,bbr1
0.702,17798,12,15840,44.0,41.0,20.2,104.4,2.7,451171,13497,10,10,bbr1
0.710,20646,14,15840,43.8,42.3,20.2,104.4,2.5,451171,13499,10,10,bbr1
0.718,23494,16,17280,43.4,41.2,20.2,104.4,2.5,451171,13502,10,10,bbr1
0.724,26342,18,17280,42.9,39.2,20.2,104.4,2.9,563963,13504,10,10,bbr1
0.731,27053,18,18720,42.5,39.7,20.2,104.4,3.0,563963,13507,10,10,bbr1
0.739,27053,18,20160,42.2,40.3,20.2,104.4,2.8,563963,13510,10,10,bbr1
0.751,19222,13,18720,41.7,39.2,20.2,104.4,2.6,338378,13513,10,10,bbr1
0.758,22070,15,17280,41.7,41.7,20.2,104.4,1.9,338378,13514,10,10,bbr1
0.766,24918,17,18720,41.7,41.8,20.2,104.4,1.5,451171,13517,10,10,bbr1
0.772,27053,18,18720,42.0,44.0,20.2,104.4,1.7,451171,13519,10,10,bbr1
0.782,27053,18,20160,42.5,45.7,20.2,104.4,2.2,451171,13522,10,10,bbr1
0.787,27053,18,20160,43.1,47.4,20.2,104.4,2.9,563963,13524,10,10,bbr1
0.792,27053,18,20160,43.8,49.2,20.2,104.4,3.7,563963,13526,10,10,bbr1
0.806,19222,13,18720,44.0,42.9,20.2,104.4,2.8,338378,13529,10,10,bbr1
0.813,22070,15,17280,44.1,45.2,20.2,104.4,2.4,338378,13530,10,10,bbr1
0.821,24918,17,18720,44.4,46.1,20.2,104.4,2.3,451171,13533,10,10,bbr1
0.827,27053,18,18720,44.6,46.5,20.2,104.4,2.3,451171,13535,10,10,bbr1
0.836,27053,18,18720,44.8,45.9,20.2,104.4,2.0,451171,13538,10,10,bbr1
0.843,27053,18,18720,45.2,48.0,20.2,104.4,2.3,451171,13540,10,10,bbr1
0.849,27053,18,18720,45.7,49.2,20.2,104.4,2.7,451171,13542,10,10,bbr1
0.856,17798,12,17280,45.1,41.0,20.2,104.4,3.2,563963,13544,10,10,bbr1
0.866,20646,14,15840,44.9,43.4,20.2,104.4,2.8,563963,13545,10,10,bbr1
0.874,23494,16,18720,44.8,44.3,20.2,104.4,2.3,563963,13549,10,10,bbr1
0.882,26342,18,20160,44.8,44.7,20.2,104.4,1.7,563963,13552,10,10,bbr1
0.888,27053,18,20160,44.8,45.1,20.2,104.4,1.4,338378,13554,10,10,bbr1
0.897,27053,18,20160,44.9,45.4,20.2,104.4,1.1,338378,13556,10,10,bbr1
0.901,27053,18,18720,45.0,46.0,20.2,104.4,1.1,338378,13557,10,10,bbr1
0.909,17798,12,17280,44.3,39.2,20.2,104.4,2.3,338378,13559,10,10,bbr1
0.927,23494,16,18720,44.5,46.1,20.2,104.4,1.7,451171,13564,10,10,bbr1
0.933,26342,18,18720,44.9,47.5,20.2,104.4,2.0,451171,13566,10,10,bbr1
0.940,27053,18,18720,45.2,47.6,20.2,104.4,2.2,451171,13568,10,10,bbr1
0.946,27053,18,18720,45.4,46.2,20.2,104.4,1.9,451171,13570,10,10,bbr1
0.952,27053,18,18720,45.2,44.4,20.2,104.4,1.6,451171,13572,10,10,bbr1
0.959,17798,12,17280,44.5,39.4,20.2,104.4,2.7,451171,13574,10,10,bbr1
0.969,20646,14,15840,44.4,43.3,20.2,104.4,2.3,451171,13575,10,10,bbr1
0.978,23494,16,18720,44.3,43.6,20.2,104.4,1.9,451171,13579,10,10,bbr1
0.984,26342,18,18720,44.2,44.1,20.2,104.4,1.5,563963,13581,10,10,bbr1
0.992,27053,18,20160,44.3,44.5,20.2,104.4,1.2,563963,13584,10,10,bbr1
0.997,27053,18,18720,44.1,43.3,20.2,104.4,1.1,563963,13586,10,10,bbr1
1.011,19222,13,18775,43.3,37.6,20.2,104.4,2.3,338378,13591,10,10,bbr1
1.018,22070,15,17335,43.1,41.4,20.2,104.4,2.2,338378,13592,10,10,bbr1
1.027,24918,17,18775,42.9,41.6,20.2,104.4,2.0,338378,13595,10,10,bbr1
1.035,27053,18,18775,43.0,43.6,20.2,104.4,1.7,338378,13597,10,10,bbr1
1.040,27053,18,17335,43.3,45.5,20.2,104.4,1.9,338378,13598,10,10,bbr1
0.006,26460,18,0,41.9,25.8,20.2,104.4,6.0,451171,13601,10,10,bbr1
0.006,27053,18,0,40.1,27.6,20.2,104.4,8.1,451171,13603,10,10,bbr1
0.032,27053,18,11520,38.1,24.1,20.2,104.4,10.0,563963,13614,10,10,bbr1
0.039,27053,18,12960,36.8,27.4,20.2,104.4,10.2,563963,13617,10,10,bbr1
0.047,27053,18,14400,35.7,27.8,20.2,104.4,9.9,563963,13620,10,10,bbr1
0.054,27053,18,15840,34.7,28.3,20.2,104.4,9.3,563963,13623,10,10,bbr1
0.059,27053,18,15840,34.0,28.8,20.2,104.4,8.4,563963,13625,10,10,bbr1
0.067,27053,18,17280,33.5,30.4,20.2,104.4,7.2,563963,13628,10,10,bbr1
0.075,27053,18,18720,33.4,32.2,20.2,104.4,5.7,563963,13631,10,10,bbr1
0.080,27053,18,18720,33.4,33.7,20.2,104.4,4.4,563963,13633,10,10,bbr1
0.088,27053,18,20160,33.7,35.8,20.2,104.4,3.9,563963,13636,10,10,bbr1
0.097,27053,18,21600,34.1,37.2,20.2,104.4,3.8,338378,13639,10,10,bbr1
0.101,27053,18,20160,34.8,39.2,20.2,104.4,4.1,338378,13640,10,10,bbr1
0.110,27053,18,20160,35.5,40.4,20.2,104.4,4.5,338378,13642,10,10,bbr1
0.118,26738,18,20160,36.4,42.7,20.2,104.4,5.2,332591,13644,10,10,bbr1
0.123,26738,18,18720,37.3,44.1,20.2,104.4,5.8,332591,13645,10,10,bbr1
0.131,26738,18,18720,38.5,46.2,20.2,104.4,6.6,332591,13647,10,10,bbr1
0.136,26738,18,17280,39.6,47.8,20.2,104.4,7.3,332591,13648,10,10,bbr1
0.148,19065,13,14400,42.0,49.7,20.2,104.4,8.2,443455,13650,10,10,bbr1
0.158,21913,15,17280,42.7,47.8,20.2,104.4,7.6,443455,13654,10,10,bbr1
0.165,24761,17,17280,43.2,46.4,20.2,104.4,6.6,443455,13656,10,10,bbr1
0.171,26738,18,17280,43.3,44.1,20.2,104.4,5.2,443455,13658,10,10,bbr1
0.178,26738,18,17280,43.2,42.8,20.2,104.4,4.0,443455,13660,10,10,bbr1
0.185,26738,18,17280,42.9,41.0,20.2,104.4,3.6,443455,13662,10,10,bbr1
0.191,17641,12,15840,42.3,37.7,20.2,104.4,4.0,443455,13664,10,10,bbr1
0.198,20489,14,15840,41.7,38.0,20.2,104.4,4.1,443455,13666,10,10,bbr1
0.207,23337,16,17280,41.3,38.0,20.2,104.4,4.0,443455,13669,10,10,bbr1
0.214,26184,18,17280,41.0,38.8,20.2,104.4,3.6,429882,13671,10,10,bbr1
0.221,26184,18,17280,40.7,39.0,20.2,104.4,3.2,429882,13673,10,10,bbr1
0.227,26184,18,17280,40.5,38.9,20.2,104.4,2.9,429882,13675,10,10,bbr1
0.239,18788,13,14400,40.3,39.3,20.2,104.4,2.0,537352,13677,10,10,bbr1
0.247,21636,15,17280,40.3,40.6,20.2,104.4,1.6,537352,13681,10,10,bbr1
0.253,24484,17,17280,40.4,41.0,20.2,104.4,1.4,537352,13683,10,10,bbr1
0.261,26184,18,18720,40.5,41.0,20.2,104.4,1.2,537352,13686,10,10,bbr1
0.268,26184,18,20160,40.5,41.0,20.2,104.4,1.0,537352,13689,10,10,bbr1
0.276,26184,18,20160,40.6,41.3,20.2,104.4,1.0,322411,13691,10,10,bbr1
0.287,18788,13,15840,40.1,40.8,20.2,104.4,1.6,322411,13692,10,10,bbr1
0.295,21636,15,17280,40.4,42.3,20.2,104.4,1.8,429882,13695,10,10,bbr1
0.302,25908,17,15840,40.4,40.6,20.2,104.4,1.4,443181,13697,10,10,bbr1
0.311,26727,18,17280,40.9,44.3,20.2,104.4,2.0,443181,13700,10,10,bbr1
0.318,26727,18,17280,41.5,45.7,20.2,104.4,2.7,443181,13702,10,10,bbr1
0.324,26727,18,14400,40.4,32.5,20.2,104.4,4.3,443181,13704,10,10,bbr1
0.334,16211,11,15840,39.9,36.5,20.2,104.4,4.2,443181,13707,10,10,bbr1
0.340,19059,13,14400,39.5,36.4,20.2,104.4,4.0,443181,13708,10,10,bbr1
0.347,21907,15,15840,39.0,35.4,20.2,104.4,4.0,443181,13711,10,10,bbr1
0.353,24755,17,15840,38.6,35.8,20.2,104.4,3.8,443181,13713,10,10,bbr1
0.360,26727,18,15840,38.2,36.0,20.2,104.4,3.5,443181,13715,10,10,bbr1
0.367,26727,18,15840,38.0,36.5,20.2,104.4,3.1,443181,13717,10,10,bbr1
0.373,16211,11,15840,37.8,36.5,20.2,104.4,2.7,443181,13719,10,10,bbr1
0.379,19059,13,14400,37.8,37.2,20.2,104.4,2.2,443181,13720,10,10,bbr1
0.389,21907,15,17280,37.7,37.2,20.2,104.4,1.8,443181,13724,10,10,bbr1
0.396,24755,17,17280,37.7,37.9,20.2,104.4,1.4,443181,13726,10,10,bbr1
0.402,26727,18,17280,37.9,39.0,20.2,104.4,1.4,443181,13728,10,10,bbr1
0.409,26727,18,17280,37.9,38.2,20.2,104.4,1.1,443181,13730,10,10,bbr1
0.420,19059,13,14455,38.2,39.3,20.2,104.4,1.1,553976,13733,10,10,bbr1
0.428,21907,15,17335,38.4,39.7,20.2,104.4,1.2,553976,13737,10,10,bbr1
0.436,24755,17,18775,38.6,39.9,20.2,104.4,1.3,553976,13740,10,10,bbr1
0.441,26727,18,18775,38.8,40.0,20.2,104.4,1.3,553976,13742,10,10,bbr1
0.449,26727,18,20215,39.0,40.7,20.2,104.4,1.5,553976,13745,10,10,bbr1
0.456,26727,18,20215,39.2,40.9,20.2,104.4,1.6,332385,13747,10,10,bbr1
0.465,26727,18,20160,38.8,36.0,20.2,104.4,2.0,332385,13749,10,10,bbr1
0.475,19059,13,15895,39.5,42.7,20.2,104.4,2.4,332385,13751,10,10,bbr1
0.483,21907,15,17335,40.1,44.3,20.2,104.4,3.0,443181,13754,10,10,bbr1
0.490,24755,17,17335,40.8,46.0,20.2,104.4,3.7,443181,13756,10,10,bbr1
0.496,26727,18,17335,41.7,47.6,20.2,104.4,4.5,443181,13758,10,10,bbr1
0.506,26727,18,18775,42.6,49.3,20.2,104.4,5.3,443181,13761,10,10,bbr1
0.513,26830,18,17335,42.9,44.8,20.2,104.4,4.5,445705,13763,10,10,bbr1
0.527,20574,14,14400,42.2,40.3,20.2,104.4,3.7,445705,13766,10,10,bbr1
0.537,23422,16,17280,42.0,40.8,20.2,104.4,3.1,445705,13770,10,10,bbr1
0.543,26270,18,17280,41.9,41.1,20.2,104.4,2.6,445705,13772,10,10,bbr1
0.549,26830,18,17280,41.9,41.5,20.2,104.4,2.0,445705,13774,10,10,bbr1
0.556,26830,18,17280,41.8,41.6,20.2,104.4,1.6,445705,13776,10,10,bbr1
0.566,26830,18,18720,41.8,42.0,20.2,104.4,1.2,445705,13779,10,10,bbr1
0.576,19111,13,15840,41.3,41.4,20.2,104.4,1.5,557131,13781,10,10,bbr1
0.583,21959,15,17280,41.4,41.8,20.2,104.4,1.2,557131,13784,10,10,bbr1
0.592,24807,17,20160,41.5,42.0,20.2,104.4,1.1,557131,13788,10,10,bbr1
0.599,26830,18,20160,41.6,42.6,20.2,104.4,1.1,334278,13790,10,10,bbr1
0.608,26830,18,20160,41.8,42.9,20.2,104.4,1.2,334278,13792,10,10,bbr1
0.612,26830,18,18720,41.9,43.1,20.2,104.4,1.2,334278,13793,10,10,bbr1
0.621,17687,12,17280,41.6,39.4,20.2,104.4,1.6,334278,13795,10,10,bbr1
0.628,20535,14,15840,41.8,42.8,20.2,104.4,1.4,445705,13796,10,10,bbr1
0.638,23383,16,18720,42.3,46.1,20.2,104.4,2.2,445705,13800,10,10,bbr1
0.644,26231,18,18720,43.0,47.6,20.2,104.4,2.9,445705,13802,10,10,bbr1
0.650,26830,18,18720,43.5,47.5,20.2,104.4,3.4,445705,13804,10,10,bbr1
0.657,26830,18,18720,43.8,45.6,20.2,104.4,3.0,445705,13806,10,10,bbr1
0.663,26830,18,18720,43.8,44.2,20.2,104.4,2.4,445705,13808,10,10,bbr1
0.670,17687,12,17280,43.3,39.4,20.2,104.4,2.9,445705,13810,10,10,bbr1
0.679,20535,14,15840,43.3,43.2,20.2,104.4,2.2,445705,13811,10,10,bbr1
0.689,24807,17,17280,43.1,42.0,20.2,104.4,2.0,445705,13815,10,10,bbr1
0.696,26830,18,17280,43.0,42.4,20.2,104.4,1.6,445705,13817,10,10,bbr1
0.702,26830,18,17280,42.9,42.4,20.2,104.4,1.4,445705,13819,10,10,bbr1
0.708,26830,18,17280,43.0,43.2,20.2,104.4,1.1,445705,13821,10,10,bbr1
0.722,19111,13,15840,42.3,37.7,20.2,104.4,2.0,557131,13824,10,10,bbr1
0.729,21959,15,17280,42.2,41.5,20.2,104.4,1.8,557131,13827,10,10,bbr1
0.738,24807,17,20160,42.2,41.6,20.2,104.4,1.5,557131,13831,10,10,bbr1
0.744,26830,18,20160,42.1,42.0,20.2,104.4,1.1,334278,13833,10,10,bbr1
0.753,26830,18,20160,42.2,42.5,20.2,104.4,1.0,334278,13835,10,10,bbr1
0.757,26830,18,18720,42.3,43.0,20.2,104.4,0.9,334278,13836,10,10,bbr1
0.766,17687,12,17280,41.9,39.3,20.2,104.4,1.4,334278,13838,10,10,bbr1
0.773,20535,14,15840,42.0,42.6,20.2,104.4,1.2,445705,13839,10,10,bbr1
0.783,23383,16,18720,42.5,46.1,20.2,104.4,1.9,445705,13843,10,10,bbr1
0.789,26231,18,18720,43.1,47.6,20.2,104.4,2.7,445705,13845,10,10,bbr1
0.796,26830,18,18720,43.7,47.5,20.2,104.4,3.1,445705,13847,10,10,bbr1
0.803,26830,18,18720,43.9,45.5,20.2,104.4,2.8,445705,13849,10,10,bbr1
0.809,26830,18,18720,43.9,44.2,20.2,104.4,2.2,445705,13851,10,10,bbr1
0.815,17687,12,17280,43.4,39.4,20.2,104.4,2.8,445705,13853,10,10,bbr1
0.825,20535,14,15840,43.4,43.2,20.2,104.4,2.1,445705,13854,10,10,bbr1
0.835,23383,16,18720,43.4,43.4,20.2,104.4,1.6,445705,13858,10,10,bbr1
0.840,26231,18,18720,43.4,44.0,20.2,104.4,1.4,557131,13860,10,10,bbr1
0.845,26830,18,17280,43.3,42.5,20.2,104.4,1.2,557131,13862,10,10,bbr1
0.856,26830,18,20160,43.3,43.2,20.2,104.4,1.0,557131,13866,10,10,bbr1
0.867,19111,13,17280,42.6,37.7,20.2,104.4,2.0,334278,13868,10,10,bbr1
0.874,21959,15,17280,42.5,41.4,20.2,104.4,1.8,334278,13870,10,10,bbr1
0.884,24807,17,18720,42.4,41.7,20.2,104.4,1.5,445705,13873,10,10,bbr1
0.890,26830,18,18720,42.5,43.5,20.2,104.4,1.4,445705,13875,10,10,bbr1
0.897,26830,18,18720,42.8,44.8,20.2,104.4,1.6,445705,13877,10,10,bbr1
0.903,26830,18,18720,43.3,46.8,20.2,104.4,2.2,445705,13879,10,10,bbr1
0.910,26830,18,18720,43.9,48.5,20.2,104.4,3.0,445705,13881,10,10,bbr1
0.922,19111,13,15840,43.8,44.1,20.2,104.4,2.0,445705,13883,10,10,bbr1
0.929,21959,15,17280,43.8,43.7,20.2,104.4,1.5,445705,13886,10,10,bbr1
0.006,19836,13,0,43.4,42.8,20.2,104.4,1.6,540893,13887,10,10,bbr1
0.033,25532,17,12960,40.9,22.8,20.2,104.4,6.4,540893,13900,10,10,bbr1
0.039,26299,18,14400,38.6,22.9,20.2,104.4,9.3,540893,13902,10,10,bbr1
0.044,26299,18,14400,37.1,26.1,20.2,104.4,10.1,540893,13904,10,10,bbr1
0.052,26299,18,15840,35.9,27.6,20.2,104.4,9.9,540893,13907,10,10,bbr1
0.057,26299,18,15840,35.0,29.3,20.2,104.4,9.1,540893,13909,10,10,bbr1
0.065,26299,18,17280,34.5,30.7,20.2,104.4,7.9,540893,13912,10,10,bbr1
0.070,26299,18,17280,34.2,32.3,20.2,104.4,6.5,540893,13914,10,10,bbr1
0.086,26402,18,20160,34.4,35.7,20.2,104.4,4.0,544022,13920,10,10,bbr1
0.094,26402,18,20160,34.8,37.3,20.2,104.4,3.7,326413,13922,10,10,bbr1
0.098,26402,18,18720,35.3,38.8,20.2,104.4,3.8,326413,13923,10,10,bbr1
0.106,26402,18,18720,35.9,40.3,20.2,104.4,4.1,326413,13925,10,10,bbr1
0.115,26402,18,18720,36.7,41.8,20.2,104.4,4.6,326413,13927,10,10,bbr1
0.120,26402,18,17280,37.4,42.9,20.2,104.4,5.0,326413,13928,10,10,bbr1
0.127,26402,18,17280,38.4,44.9,20.2,104.4,5.6,435218,13930,10,10,bbr1
0.134,26402,18,17280,39.4,46.5,20.2,104.4,6.2,435218,13932,10,10,bbr1
0.141,26402,18,17280,40.4,47.6,20.2,104.4,6.7,435218,13934,10,10,bbr1
0.152,18897,13,14400,41.5,44.1,20.2,104.4,5.6,435218,13936,10,10,bbr1
0.162,21745,15,17280,41.6,42.1,20.2,104.4,4.3,435218,13940,10,10,bbr1
0.169,24593,17,17280,41.4,40.0,20.2,104.4,3.7,435218,13942,10,10,bbr1
0.176,26402,18,17280,41.2,40.4,20.2,104.4,3.0,435218,13944,10,10,bbr1
0.182,26402,18,17280,41.2,40.6,20.2,104.4,2.4,435218,13946,10,10,bbr1
0.188,26402,18,15840,40.3,34.2,20.2,104.4,3.5,544022,13948,10,10,bbr1
0.194,26402,18,17280,39.5,34.3,20.2,104.4,4.2,544022,13950,10,10,bbr1
0.205,18897,13,14400,39.2,38.1,20.2,104.4,2.9,544022,13952,10,10,bbr1
0.213,21745,15,17280,39.1,38.3,20.2,104.4,2.4,544022,13956,10,10,bbr1
0.221,24593,17,18720,39.0,38.2,20.2,104.4,2.0,544022,13959,10,10,bbr1
0.227,26402,18,18720,39.0,38.8,20.2,104.4,1.6,544022,13961,10,10,bbr1
0.235,26402,18,20160,39.1,39.8,20.2,104.4,1.4,544022,13964,10,10,bbr1
0.242,26402,18,20160,39.4,41.9,20.2,104.4,1.7,326413,13966,10,10,bbr1
0.253,18897,13,17280,39.2,40.9,20.2,104.4,2.1,326413,13968,10,10,bbr1
0.260,21745,15,17280,39.6,42.0,20.2,104.4,2.3,435218,13970,10,10,bbr1
0.268,24593,17,18720,40.1,44.1,20.2,104.4,2.9,435218,13973,10,10,bbr1
0.275,26402,18,18720,40.8,45.1,20.2,104.4,3.4,435218,13975,10,10,bbr1
0.282,26402,18,18720,41.5,46.7,20.2,104.4,4.0,435218,13977,10,10,bbr1
0.288,26402,18,18720,42.4,48.8,20.2,104.4,4.8,435218,13979,10,10,bbr1
0.294,26402,18,18720,42.9,46.7,20.2,104.4,4.7,435218,13981,10,10,bbr1
0.308,18897,13,17280,43.4,44.9,20.2,104.4,3.4,544022,13984,10,10,bbr1
0.315,21745,15,17280,43.6,45.1,20.2,104.4,3.0,544022,13986,10,10,bbr1
0.323,24593,17,20160,43.8,45.1,20.2,104.4,2.6,544022,13990,10,10,bbr1
0.333,26402,18,21600,44.0,45.1,20.2,104.4,2.3,326413,13993,10,10,bbr1
0.338,26402,18,20160,44.2,45.8,20.2,104.4,2.2,326413,13994,10,10,bbr1
0.346,26402,18,20160,44.4,46.2,20.2,104.4,2.1,326413,13996,10,10,bbr1
0.350,26402,18,18720,44.5,44.6,20.2,104.4,1.6,326413,13997,10,10,bbr1
0.361,18897,13,14400,43.7,41.0,20.2,104.4,2.3,435218,13998,10,10,bbr1
0.371,21745,15,17280,44.0,46.0,20.2,104.4,2.3,435218,14002,10,10,bbr1
0.378,24593,17,17280,44.3,47.1,20.2,104.4,2.5,435218,14004,10,10,bbr1
0.384,26402,18,17280,44.7,47.3,20.2,104.4,2.6,544022,14006,10,10,bbr1
0.390,26402,18,17280,44.8,45.1,20.2,104.4,2.1,544022,14008,10,10,bbr1
0.397,26402,18,18720,44.6,43.2,20.2,104.4,1.9,544022,14011,10,10,bbr1
0.402,26402,18,18720,43.5,35.9,20.2,104.4,3.6,544022,14013,10,10,bbr1
0.416,18897,13,17280,42.6,39.8,20.2,104.4,3.6,326413,14016,10,10,bbr1
0.423,21745,15,17280,42.3,40.0,20.2,104.4,3.3,326413,14018,10,10,bbr1
0.430,24593,17,17280,42.2,41.5,20.2,104.4,2.7,326413,14020,10,10,bbr1
0.438,26402,18,17280,42.3,43.0,20.2,104.4,2.2,435218,14022,10,10,bbr1
0.444,26402,18,17280,42.5,44.1,20.2,104.4,2.1,435218,14024,10,10,bbr1
0.451,26402,18,17280,43.0,46.2,20.2,104.4,2.5,435218,14026,10,10,bbr1
0.457,26402,18,17280,43.6,47.8,20.2,104.4,3.1,435218,14028,10,10,bbr1
0.471,18897,13,15840,43.8,43.9,20.2,104.4,2.2,544022,14031,10,10,bbr1
0.478,21745,15,17280,43.6,42.1,20.2,104.4,2.0,544022,14034,10,10,bbr1
0.487,24593,17,20160,43.4,42.0,20.2,104.4,1.9,544022,14038,10,10,bbr1
0.494,26402,18,20160,43.2,41.9,20.2,104.4,1.8,326413,14040,10,10,bbr1
0.498,26402,18,18720,43.1,42.5,20.2,104.4,1.6,326413,14041,10,10,bbr1
0.507,26402,18,17280,42.9,41.1,20.2,104.4,1.7,326413,14043,10,10,bbr1
0.520,18897,13,14455,42.1,41.0,20.2,104.4,2.2,435218,14046,10,10,bbr1
0.530,21745,15,17335,42.3,43.7,20.2,104.4,2.1,435218,14050,10,10,bbr1
0.537,24593,17,17335,42.7,45.6,20.2,104.4,2.4,435218,14052,10,10,bbr1
0.544,26402,18,17335,43.0,44.8,20.2,104.4,2.3,435218,14054,10,10,bbr1
0.550,26222,18,17335,43.0,43.4,20.2,104.4,1.9,430818,14056,10,10,bbr1
0.557,26222,18,17335,42.8,41.4,20.2,104.4,1.8,430818,14058,10,10,bbr1
0.564,26222,18,17280,42.0,36.0,20.2,104.4,3.0,430818,14060,10,10,bbr1
0.575,18807,13,14455,41.5,39.9,20.2,104.4,2.6,538522,14063,10,10,bbr1
0.583,21655,15,17335,41.3,40.1,20.2,104.4,2.3,538522,14067,10,10,bbr1
0.591,24503,17,18775,41.1,40.1,20.2,104.4,2.0,538522,14070,10,10,bbr1
0.597,26222,18,18775,41.0,40.5,20.2,104.4,1.7,538522,14072,10,10,bbr1
0.605,26222,18,20215,41.0,40.6,20.2,104.4,1.4,538522,14075,10,10,bbr1
0.612,26222,18,20215,41.0,40.8,20.2,104.4,1.1,323113,14077,10,10,bbr1
0.623,18846,13,17280,40.4,40.9,20.2,104.4,1.7,323113,14079,10,10,bbr1
0.630,21694,15,17280,40.6,42.0,20.2,104.4,1.6,430818,14081,10,10,bbr1
0.639,24542,17,18720,41.0,43.9,20.2,104.4,2.1,430818,14084,10,10,bbr1
0.645,26222,18,18720,41.6,45.3,20.2,104.4,2.6,430818,14086,10,10,bbr1
0.652,26222,18,18720,42.2,46.5,20.2,104.4,3.2,430818,14088,10,10,bbr1
0.659,26222,18,18720,42.9,48.1,20.2,104.4,3.9,430818,14090,10,10,bbr1
0.665,26222,18,18720,43.3,46.4,20.2,104.4,3.8,430818,14092,10,10,bbr1
0.678,18807,13,15840,43.5,44.1,20.2,104.4,2.4,430818,14094,10,10,bbr1
0.685,23079,16,15840,43.4,42.6,20.2,104.4,2.0,430818,14097,10,10,bbr1
0.695,25927,18,17280,43.4,43.2,20.2,104.4,1.6,430818,14100,10,10,bbr1
0.702,26222,18,17280,43.4,43.3,20.2,104.4,1.2,430818,14102,10,10,bbr1
0.708,26222,18,17280,43.4,43.4,20.2,104.4,0.9,430818,14104,10,10,bbr1
0.714,26222,18,17280,43.4,43.6,20.2,104.4,0.8,538522,14106,10,10,bbr1
0.722,26222,18,18720,42.7,37.6,20.2,104.4,2.0,538522,14109,10,10,bbr1
0.735,18807,13,15840,42.3,41.3,20.2,104.4,1.7,538522,14111,10,10,bbr1
0.741,21655,15,17280,42.2,41.5,20.2,104.4,1.5,538522,14114,10,10,bbr1
0.751,24503,17,20160,42.2,41.6,20.2,104.4,1.3,538522,14118,10,10,bbr1
0.758,26222,18,20160,42.1,41.8,20.2,104.4,1.1,323113,14120,10,10,bbr1
0.762,26222,18,18720,42.2,42.9,20.2,104.4,1.0,323113,14121,10,10,bbr1
0.771,26222,18,18720,42.5,44.8,20.2,104.4,1.4,323113,14123,10,10,bbr1
0.776,17383,12,15840,42.1,39.2,20.2,104.4,1.9,323113,14124,10,10,bbr1
0.786,20231,14,15840,42.2,42.7,20.2,104.4,1.5,430818,14126,10,10,bbr1
0.794,23079,16,17280,42.6,45.2,20.2,104.4,1.9,430818,14129,10,10,bbr1
0.801,25927,18,17280,43.1,47.2,20.2,104.4,2.6,430818,14131,10,10,bbr1
0.807,26222,18,17280,43.6,46.5,20.2,104.4,2.8,430818,14133,10,10,bbr1
0.813,26222,18,17280,43.7,44.8,20.2,104.4,2.4,430818,14135,10,10,bbr1
0.827,18807,13,14400,43.1,39.4,20.2,104.4,2.6,430818,14137,10,10,bbr1
0.837,21655,15,17280,42.9,42.0,20.2,104.4,2.2,430818,14141,10,10,bbr1
0.844,24503,17,17280,42.8,42.0,20.2,104.4,1.9,430818,14143,10,10,bbr1
0.851,26222,18,15840,42.5,40.7,20.2,104.4,2.0,430818,14145,10,10,bbr1
0.857,26222,18,15840,42.3,40.8,20.2,104.4,1.9,430818,14147,10,10,bbr1
0.864,17383,12,14400,41.3,34.2,20.2,104.4,3.5,430818,14149,10,10,bbr1
0.874,20231,14,15840,40.9,37.8,20.2,104.4,3.5,430818,14152,10,10,bbr1
0.880,23079,16,15840,40.5,38.0,20.2,104.4,3.3,430818,14154,10,10,bbr1
0.887,25927,18,15840,40.2,38.1,20.2,104.4,3.1,538522,14156,10,10,bbr1
0.895,26222,18,17280,40.0,38.3,20.2,104.4,2.8,538522,14159,10,10,bbr1
0.903,26222,18,18720,39.8,38.5,20.2,104.4,2.5,538522,14162,10,10,bbr1
0.006,26222,18,0,40.8,43.0,20.2,104.4,2.4,538522,14165,10,10,bbr1
0.008,26222,18,0,39.1,26.8,20.2,104.4,5.3,538522,14167,10,10,bbr1
0.038,26222,18,14400,37.4,25.4,20.2,104.4,7.4,538522,14181,10,10,bbr1
0.046,26222,18,15840,36.5,30.1,20.2,104.4,7.4,538522,14184,10,10,bbr1
0.054,26222,18,17280,35.9,31.6,20.2,104.4,6.7,538522,14187,10,10,bbr1
0.059,26222,18,17280,35.5,33.0,20.2,104.4,5.8,538522,14189,10,10,bbr1
0.067,26222,18,18720,35.4,34.6,20.2,104.4,4.5,538522,14192,10,10,bbr1
0.075,26222,18,20160,35.5,36.1,20.2,104.4,3.6,538522,14195,10,10,bbr1
0.083,26222,18,20160,35.7,37.1,20.2,104.4,3.1,323113,14197,10,10,bbr1
0.087,26222,18,18720,36.1,39.1,20.2,104.4,3.2,323113,14198,10,10,bbr1
0.128,5760,4,4320,40.8,47.7,20.2,104.4,6.2,430818,14200,10,10,bbr1
0.134,5760,4,4320,41.5,46.1,20.2,104.4,6.0,430818,14202,10,10,bbr1
0.141,5760,4,5760,41.9,45.0,20.2,104.4,5.4,430818,14204,10,10,bbr1
0.153,5760,4,4320,39.3,20.6,20.2,104.4,9.4,430289,14205,10,10,bbr1
0.160,5760,4,4320,36.9,20.6,20.2,104.4,11.7,430289,14207,10,10,bbr1
0.167,5760,4,5760,34.9,20.6,20.2,104.4,12.8,430289,14209,10,10,bbr1
0.179,5760,4,4320,33.1,20.6,20.2,104.4,13.2,429164,14210,10,10,bbr1
0.186,5760,4,4320,31.6,20.7,20.2,104.4,13.0,429164,14212,10,10,bbr1
0.193,5760,4,5760,30.2,20.6,20.2,104.4,12.5,429164,14214,10,10,bbr1
0.205,5760,4,4320,28.9,20.2,20.2,104.4,11.9,429164,14215,10,10,bbr1
0.212,5760,4,4320,27.9,20.6,20.2,104.4,11.0,429164,14217,10,10,bbr1
0.218,5760,4,5760,27.0,20.5,20.2,104.4,10.1,429164,14219,10,10,bbr1
0.231,5760,4,4320,26.2,20.8,20.2,104.4,9.1,429164,14220,10,10,bbr1
0.237,5760,4,4320,25.5,20.6,20.2,104.4,8.2,429164,14222,10,10,bbr1
0.244,5760,4,5760,24.9,20.7,20.2,104.4,7.4,429164,14224,10,10,bbr1
0.256,5760,4,4320,24.4,20.6,20.2,104.4,6.6,429164,14225,10,10,bbr1
0.263,5760,4,4320,23.9,20.7,20.2,104.4,5.9,429164,14227,10,10,bbr1
0.270,5760,4,5760,23.5,20.5,20.2,104.4,5.3,429164,14229,10,10,bbr1
0.282,5760,4,4320,23.1,20.6,20.2,104.4,4.6,417369,14230,10,10,bbr1
0.289,5760,4,4320,22.8,20.6,20.2,104.4,4.1,417369,14232,10,10,bbr1
0.296,5760,4,5760,22.5,20.7,20.2,104.4,3.6,417369,14234,10,10,bbr1
0.308,5760,4,4320,22.3,20.6,20.2,104.4,3.2,416975,14235,10,10,bbr1
0.315,5760,4,4320,22.3,22.2,20.2,104.4,2.4,416975,14237,10,10,bbr1
0.322,5760,4,5760,22.1,20.6,20.2,104.4,2.2,416975,14239,10,10,bbr1
0.334,25514,17,4320,21.9,20.6,20.2,104.4,2.0,416975,14240,10,10,bbr1
0.341,25514,17,5760,21.9,22.2,20.2,104.4,1.6,416975,14243,10,10,bbr1
0.347,25514,17,7200,21.7,20.5,20.2,104.4,1.6,416975,14245,10,10,bbr1
0.361,25478,17,8640,21.6,20.6,20.2,104.4,1.5,416087,14249,10,10,bbr1
0.368,25478,17,8640,21.5,20.4,20.2,104.4,1.4,416087,14251,10,10,bbr1
0.375,25478,17,8640,21.3,20.4,20.2,104.4,1.3,416087,14253,10,10,bbr1
0.382,25478,17,8640,21.4,21.6,20.2,104.4,1.1,416087,14255,10,10,bbr1
0.390,24495,17,8640,21.2,20.2,20.2,104.4,1.1,391814,14257,10,10,bbr1
0.397,24501,17,8640,21.3,21.8,20.2,104.4,1.0,391962,14259,10,10,bbr1
0.403,24501,17,8640,21.4,21.8,20.2,104.4,0.8,489952,14261,10,10,bbr1
0.409,25534,17,8640,21.4,21.7,20.2,104.4,0.7,521860,14263,10,10,bbr1
0.417,25534,17,10080,21.4,21.3,20.2,104.4,0.6,521860,14266,10,10,bbr1
0.423,25534,17,10080,21.2,20.3,20.2,104.4,0.7,521860,14268,10,10,bbr1
0.431,25534,17,11520,21.3,21.4,20.2,104.4,0.6,521860,14271,10,10,bbr1
0.437,26023,18,11520,21.2,20.9,20.2,104.4,0.5,536972,14273,10,10,bbr1
0.442,27639,19,11520,21.2,20.9,20.2,104.4,0.5,586901,14275,10,10,bbr1
0.449,29297,20,11520,21.1,20.8,20.2,104.4,0.4,638118,14278,10,10,bbr1
0.455,29476,20,11520,21.1,21.1,20.2,104.4,0.4,643643,14281,10,10,bbr1
0.465,29650,20,12960,21.2,21.9,20.2,104.4,0.5,649028,14285,10,10,bbr1
0.471,30338,21,12960,21.3,21.7,20.2,104.4,0.5,670263,14288,10,10,bbr1
0.480,30338,21,15840,21.6,24.2,20.2,104.4,1.1,670263,14292,10,10,bbr1
0.486,30338,21,17280,22.3,26.5,20.2,104.4,2.0,670263,14295,10,10,bbr1
0.495,30338,21,20160,23.1,28.9,20.2,104.4,3.2,670263,14299,10,10,bbr1
0.501,30338,21,21600,24.1,31.0,20.2,104.4,4.4,670263,14302,10,10,bbr1
0.508,30338,21,23040,25.3,33.8,20.2,104.4,5.7,670263,14305,10,10,bbr1
0.515,30338,21,24480,26.7,36.3,20.2,104.4,7.0,402158,14308,10,10,bbr1
0.523,30338,21,24480,28.2,38.9,20.2,104.4,8.3,402158,14310,10,10,bbr1
0.530,30338,21,24480,29.8,41.4,20.2,104.4,9.6,402158,14312,10,10,bbr1
0.537,30338,21,24480,31.6,44.0,20.2,104.4,10.7,402158,14314,10,10,bbr1
0.544,30338,21,24480,33.5,46.5,20.2,104.4,11.7,402158,14316,10,10,bbr1
0.548,30338,21,23040,35.4,48.7,20.2,104.4,12.6,402158,14317,10,10,bbr1
0.555,30338,21,23040,37.4,51.6,20.2,104.4,13.5,402158,14319,10,10,bbr1
0.562,30338,21,23040,39.5,54.2,20.2,104.4,14.3,402158,14321,10,10,bbr1
0.569,30338,21,23040,41.7,56.7,20.2,104.4,15.1,402158,14323,10,10,bbr1
0.576,30338,21,23040,43.7,57.9,20.2,104.4,15.3,402158,14325,10,10,bbr1
0.584,30338,21,23040,45.4,57.6,20.2,104.4,15.0,402158,14327,10,10,bbr1
0.596,20865,14,20160,48.1,56.8,20.2,104.4,13.0,402158,14329,10,10,bbr1
0.602,23713,16,18720,49.1,56.6,20.2,104.4,11.9,402158,14330,10,10,bbr1
0.609,26561,18,20160,50.0,55.8,20.2,104.4,10.6,536211,14333,10,10,bbr1
0.617,29409,20,21600,50.7,55.4,20.2,104.4,9.3,536211,14336,10,10,bbr1
0.625,30338,21,21600,51.0,53.5,20.2,104.4,7.7,536211,14339,10,10,bbr1
0.633,30338,21,23040,51.3,53.5,20.2,104.4,6.4,536211,14342,10,10,bbr1
0.641,30338,21,24480,51.5,52.8,20.2,104.4,5.2,536211,14345,10,10,bbr1
0.646,30338,21,24480,51.0,47.9,20.2,104.4,4.8,536211,14347,10,10,bbr1
0.654,30338,21,25920,50.2,44.5,20.2,104.4,5.2,536211,14350,10,10,bbr1
0.660,30338,21,25920,49.9,47.8,20.2,104.4,4.5,536211,14352,10,10,bbr1
0.668,30338,21,27360,49.9,49.5,20.2,104.4,3.5,536211,14355,10,10,bbr1
0.673,30338,21,27360,50.1,51.4,20.2,104.4,3.0,670263,14357,10,10,bbr1
0.679,30338,21,28800,50.4,52.6,20.2,104.4,2.9,670263,14360,10,10,bbr1
0.700,23713,16,23095,52.1,56.8,20.2,104.4,3.9,402158,14363,10,10,bbr1
0.707,26561,18,21655,52.9,58.8,20.2,104.4,4.6,402158,14364,10,10,bbr1
0.714,29409,20,23095,53.8,60.3,20.2,104.4,5.3,402158,14367,10,10,bbr1
0.722,30338,21,23095,54.8,61.3,20.2,104.4,5.9,402158,14369,10,10,bbr1
0.728,30338,21,23095,55.8,63.2,20.2,104.4,6.5,402158,14371,10,10,bbr1
0.735,30338,21,23095,56.9,64.6,20.2,104.4,7.1,402158,14373,10,10,bbr1
0.743,30338,21,23095,58.1,66.7,20.2,104.4,7.8,402158,14375,10,10,bbr1
0.750,30338,21,23095,59.5,69.3,20.2,104.4,8.6,402158,14377,10,10,bbr1
0.757,30338,21,23095,61.0,71.5,20.2,104.4,9.4,402158,14379,10,10,bbr1
0.764,30338,21,21600,60.0,53.2,20.2,104.4,9.0,402158,14381,10,10,bbr1
0.775,30338,21,23040,59.6,56.3,20.2,104.4,7.7,402158,14384,10,10,bbr1
0.782,30338,21,23040,59.1,55.5,20.2,104.4,6.8,402158,14386,10,10,bbr1
0.786,30338,21,21600,58.6,55.5,20.2,104.4,6.0,402158,14387,10,10,bbr1
0.801,22289,15,17280,57.3,52.6,20.2,104.4,5.7,402158,14389,10,10,bbr1
0.808,25137,17,18720,56.7,52.8,20.2,104.4,5.4,536211,14392,10,10,bbr1
0.816,27985,19,20160,56.2,52.6,20.2,104.4,5.1,536211,14395,10,10,bbr1
0.824,30338,21,21600,55.6,51.6,20.2,104.4,5.0,536211,14398,10,10,bbr1
0.829,30338,21,21600,55.1,51.7,20.2,104.4,4.7,536211,14400,10,10,bbr1
0.837,30338,21,23040,54.7,51.6,20.2,104.4,4.4,536211,14403,10,10,bbr1
0.842,30338,21,23040,54.3,51.3,20.2,104.4,4.2,536211,14405,10,10,bbr1
0.850,30338,21,24480,52.8,42.8,20.2,104.4,6.0,536211,14408,10,10,bbr1
0.859,30338,21,25920,52.0,46.2,20.2,104.4,6.2,536211,14411,10,10,bbr1
0.864,30338,21,25920,51.5,47.7,20.2,104.4,5.7,536211,14413,10,10,bbr1
0.872,30338,21,27360,51.2,49.6,20.2,104.4,4.7,536211,14416,10,10,bbr1
0.877,30338,21,27360,51.2,51.1,20.2,104.4,3.6,536211,14418,10,10,bbr1
0.885,30338,21,28800,51.4,52.7,20.2,104.4,3.0,536211,14421,10,10,bbr1
0.904,23713,16,23040,52.8,56.6,20.2,104.4,3.5,670263,14423,10,10,bbr1
0.911,26561,18,21600,53.5,58.6,20.2,104.4,4.1,402158,14424,10,10,bbr1
0.918,29409,20,23040,54.3,60.0,20.2,104.4,4.7,402158,14427,10,10,bbr1
0.925,30338,21,23040,55.2,61.5,20.2,104.4,5.3,402158,14429,10,10,bbr1
0.932,30338,21,23040,56.1,62.6,20.2,104.4,5.8,402158,14431,10,10,bbr1
0.939,30338,21,23040,57.2,64.5,20.2,104.4,6.5,402158,14433,10,10,bbr1
0.947,30338,21,23040,58.2,65.5,20.2,104.4,6.9,402158,14435,10,10,bbr1
0.954,30338,21,21600,59.2,66.3,20.2,104.4,7.2,402158,14437,10,10,bbr1
0.961,30338,21,21600,58.7,54.8,20.2,104.4,6.5,402158,14439,10,10,bbr1
0.974,20865,14,18775,57.3,54.4,20.2,104.4,5.9,402158,14442,10,10,bbr1
0.981,23713,16,18775,56.9,53.7,20.2,104.4,5.3,536211,14444,10,10,bbr1
0.989,26561,18,21655,56.4,53.5,20.2,104.4,4.8,536211,14448,10,10,bbr1
0.997,29409,20,23095,56.1,53.5,20.2,104.4,4.4,536211,14451,10,10,bbr1
1.002,30338,21,23095,55.7,52.7,20.2,104.4,4.1,536211,14453,10,10,bbr1
1.008,30338,21,23095,55.3,52.6,20.2,104.4,3.9,536211,14455,10,10,bbr1
0.007,26317,18,0,53.2,50.9,20.2,104.4,3.0,436848,14459,10,10,bbr1
0.007,26317,18,0,50.3,30.0,20.2,104.4,8.1,546060,14461,10,10,bbr1
0.033,26317,18,12960,47.0,23.7,20.2,104.4,12.7,546060,14474,10,10,bbr1
0.044,26317,18,15840,44.7,28.6,20.2,104.4,14.1,546060,14478,10,10,bbr1
0.052,26317,18,17280,42.9,30.2,20.2,104.4,14.2,546060,14481,10,10,bbr1
0.057,26317,18,17280,41.5,31.6,20.2,104.4,13.5,546060,14483,10,10,bbr1
0.065,26317,18,18720,40.5,33.3,20.2,104.4,12.2,546060,14486,10,10,bbr1
0.070,26317,18,18720,39.7,34.8,20.2,104.4,10.5,546060,14488,10,10,bbr1
0.078,26317,18,20160,39.3,36.0,20.2,104.4,8.8,546060,14491,10,10,bbr1
0.088,26317,18,21600,39.1,38.1,20.2,104.4,6.9,327636,14494,10,10,bbr1
0.093,26317,18,20160,39.2,39.7,20.2,104.4,5.3,327636,14495,10,10,bbr1
0.101,26317,18,20160,39.4,40.7,20.2,104.4,4.4,327636,14497,10,10,bbr1
0.105,26317,18,18720,39.8,42.8,20.2,104.4,4.1,327636,14498,10,10,bbr1
0.114,26317,18,18720,40.4,44.3,20.2,104.4,4.2,327636,14500,10,10,bbr1
0.119,26317,18,17280,41.1,46.0,20.2,104.4,4.6,327636,14501,10,10,bbr1
0.126,26317,18,17280,41.9,47.6,20.2,104.4,5.0,436848,14503,10,10,bbr1
0.133,26317,18,17280,42.7,48.6,20.2,104.4,5.5,436848,14505,10,10,bbr1
0.139,26317,18,17280,43.5,48.9,20.2,104.4,5.6,436848,14507,10,10,bbr1
0.152,18854,13,14400,44.0,45.1,20.2,104.4,4.1,436848,14509,10,10,bbr1
0.162,21702,15,17280,43.9,43.1,20.2,104.4,3.3,436848,14513,10,10,bbr1
0.169,24550,17,17280,43.5,40.9,20.2,104.4,3.2,436848,14515,10,10,bbr1
0.176,26317,18,17280,43.3,41.5,20.2,104.4,2.9,436848,14517,10,10,bbr1
0.182,26317,18,17280,43.1,41.7,20.2,104.4,2.6,436848,14519,10,10,bbr1
0.189,26317,18,15840,42.0,34.2,20.2,104.4,4.2,436848,14521,10,10,bbr1
0.192,26317,18,15840,41.0,34.2,20.2,104.4,5.1,436848,14522,10,10,bbr1
0.198,26317,18,15840,40.6,37.7,20.2,104.4,4.6,436848,14524,10,10,bbr1
0.212,18854,13,14400,40.0,38.2,20.2,104.4,3.6,436848,14527,10,10,bbr1
0.222,21702,15,17280,39.8,38.3,20.2,104.4,3.1,436848,14531,10,10,bbr1
0.229,24550,17,17280,39.7,38.8,20.2,104.4,2.6,436848,14533,10,10,bbr1
0.236,26317,18,17280,39.6,39.1,20.2,104.4,2.1,436848,14535,10,10,bbr1
0.242,26317,18,17280,39.6,39.3,20.2,104.4,1.6,436848,14537,10,10,bbr1
0.256,26317,18,18720,39.1,35.8,20.2,104.4,1.9,546060,14542,10,10,bbr1
0.267,18854,13,15840,39.2,39.7,20.2,104.4,1.3,546060,14544,10,10,bbr1
0.274,21702,15,17280,39.3,40.1,20.2,104.4,1.2,546060,14547,10,10,bbr1
0.281,24550,17,18720,39.4,39.9,20.2,104.4,1.0,546060,14550,10,10,bbr1
0.288,26317,18,20160,39.5,40.5,20.2,104.4,1.0,546060,14553,10,10,bbr1
0.298,26317,18,21600,39.8,41.7,20.2,104.4,1.3,327636,14556,10,10,bbr1
0.305,26628,18,18720,40.2,42.8,20.2,104.4,1.8,333402,14557,10,10,bbr1
0.311,26628,18,18720,39.9,37.7,20.2,104.4,1.9,333402,14559,10,10,bbr1
0.319,17586,12,17280,40.3,43.3,20.2,104.4,2.3,336090,14561,10,10,bbr1
0.325,20434,14,15840,40.4,41.0,20.2,104.4,1.9,448362,14562,10,10,bbr1
0.332,23282,16,17280,40.7,42.6,20.2,104.4,2.0,448362,14565,10,10,bbr1
0.342,26130,18,18720,41.4,46.4,20.2,104.4,2.9,448362,14568,10,10,bbr1
0.348,26783,18,17280,41.3,40.8,20.2,104.4,2.3,448362,14570,10,10,bbr1
0.354,26789,18,17280,41.4,41.7,20.2,104.4,1.8,448514,14572,10,10,bbr1
0.361,26789,18,17280,41.2,39.9,20.2,104.4,1.7,448514,14574,10,10,bbr1
0.375,19090,13,15840,41.0,40.9,20.2,104.4,1.2,448514,14577,10,10,bbr1
0.382,21938,15,17280,41.3,43.0,20.2,104.4,1.4,448514,14580,10,10,bbr1
0.391,24786,17,18720,41.3,41.7,20.2,104.4,1.2,448514,14583,10,10,bbr1
0.397,26789,18,18720,41.4,42.1,20.2,104.4,1.1,448514,14585,10,10,bbr1
0.404,26789,18,18720,41.6,42.6,20.2,104.4,1.1,448514,14587,10,10,bbr1
0.410,26789,18,18720,41.7,43.0,20.2,104.4,1.2,448514,14589,10,10,bbr1
0.417,26789,18,17280,41.5,39.4,20.2,104.4,1.5,448514,14591,10,10,bbr1
0.426,26789,18,18720,41.6,42.7,20.2,104.4,1.4,448514,14594,10,10,bbr1
0.440,19090,13,17280,42.1,44.0,20.2,104.4,1.7,560642,14597,10,10,bbr1
0.447,21938,15,17280,42.4,44.4,20.2,104.4,1.8,560642,14599,10,10,bbr1
0.454,24786,17,20160,42.6,44.3,20.2,104.4,1.9,560642,14603,10,10,bbr1
0.464,26789,18,21600,43.0,45.3,20.2,104.4,2.1,336385,14606,10,10,bbr1
0.468,26789,18,20160,43.2,45.2,20.2,104.4,2.1,336385,14607,10,10,bbr1
0.477,26789,18,20160,43.6,46.1,20.2,104.4,2.3,336385,14609,10,10,bbr1
0.481,26789,18,18720,44.0,46.5,20.2,104.4,2.5,336385,14610,10,10,bbr1
0.490,26789,18,18720,43.8,42.7,20.2,104.4,2.2,336385,14612,10,10,bbr1
0.498,26789,18,18720,43.7,42.8,20.2,104.4,1.9,336385,14614,10,10,bbr1
0.502,17666,12,15840,44.1,46.9,20.2,104.4,2.2,336385,14615,10,10,bbr1
0.510,20514,14,15840,44.6,48.2,20.2,104.4,2.7,448514,14617,10,10,bbr1
0.520,23362,16,17280,44.9,46.9,20.2,104.4,2.6,448514,14620,10,10,bbr1
0.526,26210,18,17280,44.9,44.9,20.2,104.4,1.9,448514,14622,10,10,bbr1
0.533,26789,18,17280,44.7,43.5,20.2,104.4,1.8,448514,14624,10,10,bbr1
0.539,26789,18,17280,44.3,41.7,20.2,104.4,2.1,448514,14626,10,10,bbr1
0.545,26789,18,17280,43.8,40.0,20.2,104.4,2.7,448514,14628,10,10,bbr1
0.551,26789,18,17280,43.2,39.3,20.2,104.4,3.1,448514,14630,10,10,bbr1
0.565,19090,13,14400,42.5,40.0,20.2,104.4,3.1,448514,14632,10,10,bbr1
0.575,21938,15,17280,42.3,40.8,20.2,104.4,2.7,448514,14636,10,10,bbr1
0.580,24786,17,17280,42.1,41.0,20.2,104.4,2.4,560642,14638,10,10,bbr1
0.585,26789,18,17280,42.0,41.6,20.2,104.4,1.9,560642,14640,10,10,bbr1
0.593,26789,18,18720,42.0,41.9,20.2,104.4,1.4,560642,14643,10,10,bbr1
0.601,26789,18,20160,42.1,42.5,20.2,104.4,1.2,560642,14646,10,10,bbr1
0.608,26789,18,20160,41.3,35.9,20.2,104.4,2.4,336385,14648,10,10,bbr1
0.619,19090,13,17280,41.0,40.0,20.2,104.4,2.0,336385,14650,10,10,bbr1
0.626,21938,15,17280,41.1,41.9,20.2,104.4,1.7,448514,14652,10,10,bbr1
0.633,24786,17,18720,41.3,43.0,20.2,104.4,1.8,448514,14655,10,10,bbr1
0.643,26789,18,20160,41.8,45.2,20.2,104.4,2.3,448514,14658,10,10,bbr1
0.649,26789,18,20160,42.4,46.4,20.2,104.4,2.9,448514,14660,10,10,bbr1
0.656,26789,18,20160,43.2,48.7,20.2,104.4,3.7,448514,14662,10,10,bbr1
0.663,26789,18,20160,43.6,46.9,20.2,104.4,3.7,448514,14664,10,10,bbr1
0.676,20514,14,15840,43.4,44.2,20.2,104.4,2.8,448514,14666,10,10,bbr1
0.686,23362,16,18720,43.6,44.6,20.2,104.4,2.4,448514,14670,10,10,bbr1
0.692,26210,18,18720,43.7,44.7,20.2,104.4,2.1,560642,14672,10,10,bbr1
0.696,26789,18,18720,43.9,45.5,20.2,104.4,2.0,560642,14674,10,10,bbr1
0.704,26789,18,20160,44.2,45.8,20.2,104.4,2.0,560642,14677,10,10,bbr1
0.714,26789,18,21600,44.4,45.8,20.2,104.4,1.9,336385,14680,10,10,bbr1
0.727,20514,14,15840,43.7,43.2,20.2,104.4,2.1,336385,14681,10,10,bbr1
0.735,23362,16,17280,43.6,43.4,20.2,104.4,1.7,448514,14684,10,10,bbr1
0.741,26210,18,17280,43.9,45.3,20.2,104.4,1.7,448514,14686,10,10,bbr1
0.751,26789,18,18720,44.3,47.1,20.2,104.4,2.1,448514,14689,10,10,bbr1
0.758,26789,18,18720,44.8,48.6,20.2,104.4,2.6,448514,14691,10,10,bbr1
0.764,26789,18,18720,45.4,49.9,20.2,104.4,3.2,448514,14693,10,10,bbr1
0.770,17666,12,17280,44.7,39.4,20.2,104.4,3.9,448514,14695,10,10,bbr1
0.779,20514,14,15840,44.3,41.7,20.2,104.4,3.7,448514,14696,10,10,bbr1
0.789,23362,16,18720,44.1,42.6,20.2,104.4,3.2,448514,14700,10,10,bbr1
0.795,26210,18,18720,44.0,43.0,20.2,104.4,2.7,448514,14702,10,10,bbr1
0.801,26789,18,18720,43.9,43.4,20.2,104.4,2.1,448514,14704,10,10,bbr1
0.808,26789,18,18720,43.8,43.4,20.2,104.4,1.7,448514,14706,10,10,bbr1
0.813,26789,18,18720,43.9,44.3,20.2,104.4,1.4,560642,14708,10,10,bbr1
0.828,20514,14,15840,43.1,41.5,20.2,104.4,2.1,560642,14711,10,10,bbr1
0.836,23362,16,18720,42.9,41.6,20.2,104.4,1.9,556250,14715,10,10,bbr1
0.844,26210,18,20160,42.8,42.3,20.2,104.4,1.6,556250,14718,10,10,bbr1
0.851,26647,18,20160,42.8,42.6,20.2,104.4,1.3,333750,14720,10,10,bbr1
0.860,26647,18,20160,42.9,43.2,20.2,104.4,1.0,333750,14722,10,10,bbr1
0.864,26647,18,18720,43.1,44.8,20.2,104.4,1.3,333750,14723,10,10,bbr1
0.872,26647,18,17280,42.6,39.4,20.2,104.4,1.9,333750,14725,10,10,bbr1
0.886,19019,13,14400,43.2,46.1,20.2,104.4,2.1,445000,14727,10,10,bbr1
0.896,21867,15,17280,43.8,47.6,20.2,104.4,2.7,445000,14731,10,10,bbr1
0.903,24715,17,17280,44.2,47.5,20.2,104.4,3.0,445000,14733,10,10,bbr1
0.909,26647,18,17280,44.4,45.5,20.2,104.4,2.5,445000,14735,10,10,bbr1
0.916,26647,18,17280,44.4,44.2,20.2,104.4,1.9,445000,14737,10,10,bbr1
0.922,26647,18,17280,44.1,42.3,20.2,104.4,2.0,445000,14739,10,10,bbr1
0.929,26647,18,17280,43.1,35.9,20.2,104.4,3.5,445000,14741,10,10,bbr1
0.941,19019,13,14400,42.3,40.0,20.2,104.4,3.3,445000,14743,10,10,bbr1
0.951,21867,15,17280,42.1,40.5,20.2,104.4,2.9,445000,14747,10,10,bbr1
0.958,24715,17,17280,41.9,40.9,20.2,104.4,2.5,445000,14749,10,10,bbr1
0.964,26647,18,17280,41.8,41.0,20.2,104.4,2.1,445000,14751,10,10,bbr1
0.971,26647,18,17280,41.8,41.6,20.2,104.4,1.6,445000,14753,10,10,bbr1
0.977,26079,18,17280,41.8,42.0,20.2,104.4,1.3,538707,14755,10,10,bbr1
0.006,26079,18,0,40.2,40.0,20.2,104.4,1.5,538707,14756,10,10,bbr1
0.006,26079,18,0,38.6,27.4,20.2,104.4,4.3,538707,14758,10,10,bbr1
0.033,26079,18,12960,36.9,25.0,20.2,104.4,6.7,538707,14771,10,10,bbr1
0.044,26079,18,15840,36.0,29.9,20.2,104.4,6.7,538707,14775,10,10,bbr1
0.052,26079,18,17280,35.4,31.4,20.2,104.4,6.2,538707,14778,10,10,bbr1
0.057,26079,18,17280,35.1,32.9,20.2,104.4,5.3,538707,14780,10,10,bbr1
0.065,26079,18,18720,35.0,34.4,20.2,104.4,4.1,538707,14783,10,10,bbr1
0.073,26079,18,20160,35.1,35.9,20.2,104.4,3.3,538707,14786,10,10,bbr1
0.081,26079,18,20160,35.4,37.4,20.2,104.4,3.1,323224,14788,10,10,bbr1
0.085,26079,18,18720,35.8,38.9,20.2,104.4,3.2,323224,14789,10,10,bbr1
0.094,26079,18,18720,36.4,40.3,20.2,104.4,3.5,323224,14791,10,10,bbr1
0.098,26079,18,17280,37.1,41.9,20.2,104.4,4.0,323224,14792,10,10,bbr1
0.106,26079,18,17280,37.8,43.0,20.2,104.4,4.5,430966,14794,10,10,bbr1
0.113,26079,18,17280,38.7,44.9,20.2,104.4,5.1,430966,14796,10,10,bbr1
0.120,26079,18,17280,39.7,46.4,20.2,104.4,5.8,430966,14798,10,10,bbr1
0.126,26079,18,17280,40.6,47.4,20.2,104.4,6.3,430966,14800,10,10,bbr1
0.133,26079,18,17280,41.3,45.8,20.2,104.4,6.0,430966,14802,10,10,bbr1
0.140,26079,18,17280,41.6,43.8,20.2,104.4,5.1,430966,14804,10,10,bbr1
0.153,18735,13,14400,41.6,41.9,20.2,104.4,3.0,430966,14806,10,10,bbr1
0.160,21583,14,15840,41.7,41.8,20.2,104.4,2.3,430966,14809,10,10,bbr1
0.170,24431,16,17280,41.7,41.9,20.2,104.4,1.8,430966,14812,10,10,bbr1
0.177,26068,18,17280,41.8,42.4,20.2,104.4,1.5,430688,14814,10,10,bbr1
0.184,26068,18,17280,41.9,42.5,20.2,104.4,1.3,430688,14816,10,10,bbr1
0.190,26068,18,15840,40.9,34.1,20.2,104.4,2.9,430688,14818,10,10,bbr1
0.194,26068,18,15840,40.1,34.2,20.2,104.4,3.9,430688,14819,10,10,bbr1
0.200,26068,18,15840,39.8,37.7,20.2,104.4,3.5,430688,14821,10,10,bbr1
0.207,15882,11,15840,39.5,37.9,20.2,104.4,3.1,430688,14823,10,10,bbr1
0.213,18730,13,14400,39.3,38.0,20.2,104.4,2.7,430688,14824,10,10,bbr1
0.220,21578,14,15840,39.2,38.1,20.2,104.4,2.3,430688,14827,10,10,bbr1
0.227,24426,16,15840,39.1,38.3,20.2,104.4,2.0,538360,14829,10,10,bbr1
0.234,26068,18,17280,39.0,38.3,20.2,104.4,1.7,538360,14832,10,10,bbr1
0.242,26068,18,18720,38.9,38.3,20.2,104.4,1.4,538360,14835,10,10,bbr1
0.254,18730,13,15895,38.9,39.1,20.2,104.4,0.9,538360,14838,10,10,bbr1
0.261,21578,14,15895,38.9,39.2,20.2,104.4,0.7,538360,14840,10,10,bbr1
0.269,24426,16,18775,39.0,39.3,20.2,104.4,0.6,538360,14844,10,10,bbr1
0.277,26882,18,18775,39.2,40.5,20.2,104.4,0.9,563510,14847,10,10,bbr1
0.285,26882,18,20215,39.5,42.0,20.2,104.4,1.4,563510,14850,10,10,bbr1
0.294,26882,18,23095,39.9,42.4,20.2,104.4,1.7,338106,14853,10,10,bbr1
0.298,26940,18,20160,39.6,37.5,20.2,104.4,1.9,339181,14854,10,10,bbr1
0.307,19166,13,15895,39.2,40.9,20.2,104.4,2.6,346560,14856,10,10,bbr1
0.316,22014,15,17335,39.5,41.9,20.2,104.4,2.6,462081,14859,10,10,bbr1
0.324,24862,17,18775,39.9,42.3,20.2,104.4,2.7,462081,14862,10,10,bbr1
0.331,27338,18,18775,40.6,45.8,20.2,104.4,3.5,462081,14864,10,10,bbr1
0.336,27338,18,18775,41.4,47.0,20.2,104.4,4.2,462081,14866,10,10,bbr1
0.346,27338,18,20215,41.9,45.7,20.2,104.4,4.2,462081,14869,10,10,bbr1
0.360,20828,14,15840,41.9,42.7,20.2,104.4,2.8,462081,14871,10,10,bbr1
0.370,25100,17,17280,42.1,43.3,20.2,104.4,2.4,462081,14875,10,10,bbr1
0.376,27338,18,17280,42.3,43.5,20.2,104.4,2.2,462081,14877,10,10,bbr1
0.386,27338,18,18720,42.6,44.5,20.2,104.4,2.2,462081,14880,10,10,bbr1
0.392,27338,18,18720,42.9,45.1,20.2,104.4,2.3,462081,14882,10,10,bbr1
0.398,27338,18,18720,43.2,45.8,20.2,104.4,2.4,462081,14884,10,10,bbr1
0.410,19365,13,15840,42.4,41.6,20.2,104.4,2.6,577601,14886,10,10,bbr1
0.417,22213,15,17280,42.4,42.2,20.2,104.4,2.0,577601,14889,10,10,bbr1
0.425,25061,17,20160,42.5,42.9,20.2,104.4,1.7,577601,14893,10,10,bbr1
0.433,27338,18,21600,42.6,43.1,20.2,104.4,1.4,577601,14896,10,10,bbr1
0.439,27338,18,21600,42.7,44.1,20.2,104.4,1.4,346560,14898,10,10,bbr1
0.448,27338,18,21600,43.0,44.8,20.2,104.4,1.6,346560,14900,10,10,bbr1
0.461,20789,14,15840,42.6,42.8,20.2,104.4,1.7,346560,14901,10,10,bbr1
0.469,23637,16,17280,43.0,46.4,20.2,104.4,2.2,462081,14904,10,10,bbr1
0.478,26485,18,18720,43.7,48.2,20.2,104.4,2.9,462081,14907,10,10,bbr1
0.484,27338,18,18720,44.5,50.1,20.2,104.4,3.8,462081,14909,10,10,bbr1
0.491,27338,18,18720,45.4,51.9,20.2,104.4,4.7,462081,14911,10,10,bbr1
0.497,27338,18,18720,46.0,50.4,20.2,104.4,4.8,462081,14913,10,10,bbr1
0.503,17941,12,17280,45.2,39.4,20.2,104.4,5.2,462081,14915,10,10,bbr1
0.513,20789,14,15840,44.8,42.3,20.2,104.4,4.6,462081,14916,10,10,bbr1
0.523,23637,16,18720,44.6,42.9,20.2,104.4,4.0,462081,14920,10,10,bbr1
0.528,26485,18,18720,44.5,43.4,20.2,104.4,3.3,462081,14922,10,10,bbr1
0.532,27338,18,17280,44.2,42.4,20.2,104.4,3.0,462081,14923,10,10,bbr1
0.541,27338,18,18720,44.0,42.6,20.2,104.4,2.6,462081,14926,10,10,bbr1
0.547,27338,18,18720,43.9,43.6,20.2,104.4,2.1,462081,14928,10,10,bbr1
0.553,27338,18,17280,43.1,37.6,20.2,104.4,3.1,577601,14930,10,10,bbr1
0.569,19365,13,17280,42.9,42.2,20.2,104.4,2.2,577601,14934,10,10,bbr1
0.576,22213,15,17280,42.8,42.8,20.2,104.4,1.7,577601,14936,10,10,bbr1
0.584,25061,17,20160,42.9,43.4,20.2,104.4,1.4,577601,14940,10,10,bbr1
0.591,27338,18,21600,43.1,44.0,20.2,104.4,1.3,577601,14943,10,10,bbr1
0.601,27338,18,23040,43.2,44.4,20.2,104.4,1.3,346560,14946,10,10,bbr1
0.605,27338,18,21600,43.6,46.5,20.2,104.4,1.8,346560,14947,10,10,bbr1
0.613,27338,18,21600,44.2,48.4,20.2,104.4,2.6,346560,14949,10,10,bbr1
0.621,27338,18,21600,44.1,42.9,20.2,104.4,2.3,346560,14951,10,10,bbr1
0.625,27338,18,20160,43.9,42.8,20.2,104.4,2.0,346560,14952,10,10,bbr1
0.638,19365,13,17280,44.9,48.1,20.2,104.4,2.8,346560,14954,10,10,bbr1
0.645,22213,15,17280,45.5,50.0,20.2,104.4,3.4,462081,14956,10,10,bbr1
0.654,25061,17,20160,46.5,53.6,20.2,104.4,4.6,462081,14960,10,10,bbr1
0.660,27338,18,20160,47.2,51.9,20.2,104.4,4.8,462081,14962,10,10,bbr1
0.666,27338,18,20160,47.6,50.7,20.2,104.4,4.5,462081,14964,10,10,bbr1
0.673,27338,18,20160,47.8,48.8,20.2,104.4,3.6,462081,14966,10,10,bbr1
0.679,27338,18,20160,47.8,47.7,20.2,104.4,2.7,462081,14968,10,10,bbr1
0.689,27338,18,21600,47.1,42.8,20.2,104.4,3.3,462081,14971,10,10,bbr1
0.698,19365,13,17280,46.2,44.9,20.2,104.4,3.4,577601,14972,10,10,bbr1
0.704,22213,15,17280,46.1,45.1,20.2,104.4,2.8,577601,14974,10,10,bbr1
0.712,25061,17,20160,46.1,46.0,20.2,104.4,2.1,577601,14978,10,10,bbr1
0.719,27338,18,21600,46.2,46.9,20.2,104.4,1.8,577601,14981,10,10,bbr1
0.729,27338,18,23040,46.3,47.1,20.2,104.4,1.6,346560,14984,10,10,bbr1
0.733,27338,18,21600,46.5,48.1,20.2,104.4,1.6,346560,14985,10,10,bbr1
0.741,27338,18,21600,46.7,48.2,20.2,104.4,1.7,346560,14987,10,10,bbr1
0.750,27338,18,21600,46.2,42.8,20.2,104.4,2.2,346560,14989,10,10,bbr1
0.760,19365,13,17335,46.1,48.1,20.2,104.4,2.5,346560,14991,10,10,bbr1
0.766,22213,15,17335,46.6,49.9,20.2,104.4,2.8,462081,14993,10,10,bbr1
0.775,25061,17,20215,47.2,51.8,20.2,104.4,3.4,462081,14997,10,10,bbr1
0.782,27338,18,20215,48.0,53.7,20.2,104.4,4.2,462081,14999,10,10,bbr1
0.788,27338,18,20215,48.5,52.0,20.2,104.4,4.1,462081,15001,10,10,bbr1
0.795,27338,18,20215,48.8,50.8,20.2,104.4,3.6,462081,15003,10,10,bbr1
0.800,27338,18,20215,48.8,49.0,20.2,104.4,2.8,462081,15005,10,10,bbr1
0.810,27338,18,21600,48.1,42.6,20.2,104.4,3.6,462081,15008,10,10,bbr1
0.821,19365,13,18720,47.4,47.0,20.2,104.4,3.1,433394,15010,10,10,bbr1
0.828,22213,15,17280,47.4,47.6,20.2,104.4,2.4,433394,15011,10,10,bbr1
0.838,25061,17,20160,47.5,47.9,20.2,104.4,1.9,541742,15015,10,10,bbr1
0.843,26177,18,20160,47.6,48.8,20.2,104.4,1.8,541742,15017,10,10,bbr1
0.851,26177,18,21600,47.8,49.0,20.2,104.4,1.6,541742,15020,10,10,bbr1
0.858,26177,18,20160,47.9,48.5,20.2,104.4,1.4,325045,15022,10,10,bbr1
0.867,26177,18,20160,48.1,49.2,20.2,104.4,1.4,325045,15024,10,10,bbr1
0.871,17360,12,17280,47.2,41.1,20.2,104.4,2.8,321989,15025,10,10,bbr1
0.881,20208,14,15840,46.9,44.8,20.2,104.4,2.7,429319,15026,10,10,bbr1
0.888,23056,16,17280,46.8,46.3,20.2,104.4,2.2,429319,15029,10,10,bbr1
0.898,25904,17,18720,46.9,47.4,20.2,104.4,1.8,429319,15032,10,10,bbr1
0.905,26012,18,18720,47.2,49.3,20.2,104.4,1.9,429319,15034,10,10,bbr1
0.912,26012,18,18720,47.4,49.0,20.2,104.4,1.9,429319,15036,10,10,bbr1
0.918,26012,18,18720,47.3,47.0,20.2,104.4,1.5,429319,15038,10,10,bbr1
0.925,26012,18,17280,46.3,39.1,20.2,104.4,3.2,429319,15040,10,10,bbr1
0.939,18702,12,15840,45.5,42.7,20.2,104.4,3.3,429319,15043,10,10,bbr1
0.946,21550,14,15840,45.2,43.0,20.2,104.4,3.1,429319,15045,10,10,bbr1
0.953,24398,16,17280,44.9,43.1,20.2,104.4,2.8,429319,15048,10,10,bbr1
0.960,26012,18,17280,44.7,43.2,20.2,104.4,2.6,429319,15050,10,10,bbr1
0.970,26012,18,18720,44.5,43.3,20.2,104.4,2.3,429319,15053,10,10,bbr1
0.976,26012,18,18720,44.4,43.3,20.2,104.4,2.0,536648,15055,10,10,bbr1
0.991,20126,13,14455,43.1,39.0,20.2,104.4,3.3,536648,15058,10,10,bbr1
0.999,22974,15,17335,43.0,42.5,20.2,104.4,2.6,536648,15062,10,10,bbr1
1.007,25822,17,18775,43.2,44.0,20.2,104.4,2.2,536648,15065,10,10,bbr1
1.012,26012,18,18775,43.1,42.9,20.2,104.4,1.7,536648,15067,10,10,bbr1
1.018,26012,18,18775,42.9,41.2,20.2,104.4,1.8,536648,15069,10,10,bbr1
0.010,26049,18,0,40.0,24.3,20.2,104.4,5.8,537792,15071,10,10,bbr1
0.011,26049,18,0,39.1,33.0,20.2,104.4,6.1,537792,15073,10,10,bbr1
0.038,26049,18,12960,37.3,24.6,20.2,104.4,8.2,537792,15086,10,10,bbr1
0.048,26049,18,15840,36.3,29.4,20.2,104.4,8.1,537792,15090,10,10,bbr1
0.054,26049,18,15840,35.6,30.9,20.2,104.4,7.5,537792,15092,10,10,bbr1
0.062,26049,18,17280,35.2,32.4,20.2,104.4,6.4,537792,15095,10,10,bbr1
0.070,26049,18,18720,35.0,33.9,20.2,104.4,5.1,537792,15098,10,10,bbr1
0.075,26049,18,18720,35.1,35.4,20.2,104.4,4.0,537792,15100,10,10,bbr1
0.083,26049,18,20160,35.3,36.9,20.2,104.4,3.4,537792,15103,10,10,bbr1
0.091,26049,18,20160,35.7,38.3,20.2,104.4,3.3,322675,15105,10,10,bbr1
0.099,26049,18,20160,36.1,39.4,20.2,104.4,3.4,322675,15107,10,10,bbr1
0.104,26049,18,18720,36.7,40.9,20.2,104.4,3.7,322675,15108,10,10,bbr1
0.113,26049,18,18720,37.5,42.9,20.2,104.4,4.3,322675,15110,10,10,bbr1
0.117,26049,18,17280,38.3,44.2,20.2,104.4,4.9,322675,15111,10,10,bbr1
0.125,26049,18,17280,39.3,45.8,20.2,104.4,5.5,430234,15113,10,10,bbr1
0.132,26049,18,17280,40.2,46.8,20.2,104.4,6.0,430234,15115,10,10,bbr1
0.138,26049,18,17280,41.2,48.3,20.2,104.4,6.6,430234,15117,10,10,bbr1
0.145,26049,18,17280,41.9,46.5,20.2,104.4,6.2,430234,15119,10,10,bbr1
0.157,18720,13,14400,42.2,42.1,20.2,104.4,4.1,430234,15121,10,10,bbr1
0.167,21568,14,17280,42.0,40.5,20.2,104.4,3.5,430234,15125,10,10,bbr1
0.174,24416,16,17280,41.9,40.7,20.2,104.4,2.9,430234,15127,10,10,bbr1
0.181,26049,18,17280,41.7,40.8,20.2,104.4,2.5,430234,15129,10,10,bbr1
0.187,26049,18,17280,41.6,40.9,20.2,104.4,2.1,430234,15131,10,10,bbr1
0.194,26049,18,15840,40.7,34.1,20.2,104.4,3.4,430234,15133,10,10,bbr1
0.197,26049,18,15840,39.9,34.1,20.2,104.4,4.2,430234,15134,10,10,bbr1
0.204,15872,11,15840,39.6,37.8,20.2,104.4,3.7,430234,15136,10,10,bbr1
0.212,18720,13,14400,39.4,37.9,20.2,104.4,3.2,430234,15137,10,10,bbr1
0.219,21568,14,15840,39.2,38.0,20.2,104.4,2.7,430234,15140,10,10,bbr1
0.225,24416,16,15840,39.1,38.1,20.2,104.4,2.3,537792,15142,10,10,bbr1
0.233,26049,18,17280,39.0,38.3,20.2,104.4,1.9,537792,15145,10,10,bbr1
0.238,26049,18,17280,38.9,38.3,20.2,104.4,1.6,537792,15147,10,10,bbr1
0.251,18720,13,15840,38.2,34.2,20.2,104.4,2.2,537792,15150,10,10,bbr1
0.258,21568,14,17280,38.1,37.4,20.2,104.4,1.9,537792,15153,10,10,bbr1
0.265,24416,16,18720,38.1,38.3,20.2,104.4,1.4,537792,15156,10,10,bbr1
0.273,26049,18,20160,38.3,39.5,20.2,104.4,1.4,537792,15159,10,10,bbr1
0.283,26049,18,21600,38.7,41.7,20.2,104.4,1.9,322675,15162,10,10,bbr1
0.287,26049,18,20160,39.0,41.2,20.2,104.4,2.1,322675,15163,10,10,bbr1
0.291,17296,12,17280,38.9,37.9,20.2,104.4,1.8,350986,15164,10,10,bbr1
0.303,22992,15,12960,39.1,40.3,20.2,104.4,1.7,477435,15165,10,10,bbr1
0.315,27264,18,15840,39.3,40.8,20.2,104.4,1.7,477435,15170,10,10,bbr1
0.324,27959,19,17280,39.9,44.4,20.2,104.4,2.6,477435,15173,10,10,bbr1
0.330,27959,19,17280,40.4,43.6,20.2,104.4,2.9,477435,15175,10,10,bbr1
0.342,19675,13,14400,39.8,33.7,20.2,104.4,3.7,477435,15177,10,10,bbr1
0.351,23947,16,15840,39.3,36.0,20.2,104.4,3.7,477435,15181,10,10,bbr1
0.357,26795,18,15840,39.0,36.8,20.2,104.4,3.4,477435,15183,10,10,bbr1
0.366,27959,19,17280,38.8,37.8,20.2,104.4,2.9,477435,15186,10,10,bbr1
0.372,27959,19,17280,38.8,38.8,20.2,104.4,2.1,477435,15188,10,10,bbr1
0.378,18251,12,15840,38.3,34.2,20.2,104.4,2.8,477435,15190,10,10,bbr1
0.388,21099,14,15840,38.2,38.0,20.2,104.4,2.1,477435,15192,10,10,bbr1
0.397,23947,16,18720,38.3,39.0,20.2,104.4,1.8,477435,15196,10,10,bbr1
0.403,26795,18,18720,38.5,39.6,20.2,104.4,1.7,596793,15198,10,10,bbr1
0.410,27959,19,20160,38.8,40.8,20.2,104.4,1.8,596793,15201,10,10,bbr1
0.417,27959,19,21600,39.1,41.5,20.2,104.4,2.1,596793,15204,10,10,bbr1
0.426,27959,19,23040,39.5,42.5,20.2,104.4,2.4,358076,15207,10,10,bbr1
0.439,21099,14,17335,40.0,43.2,20.2,104.4,2.3,358076,15209,10,10,bbr1
0.446,23947,16,18775,40.5,44.2,20.2,104.4,2.8,477435,15212,10,10,bbr1
0.455,26795,18,20215,41.2,46.4,20.2,104.4,3.6,477435,15215,10,10,bbr1
0.462,27959,19,20215,42.1,48.4,20.2,104.4,4.5,477435,15217,10,10,bbr1
0.468,27959,19,20215,43.2,50.5,20.2,104.4,5.4,477435,15219,10,10,bbr1
0.473,27959,19,20215,44.3,52.2,20.2,104.4,6.3,477435,15221,10,10,bbr1
0.482,27959,19,21655,45.3,52.4,20.2,104.4,6.8,477435,15224,10,10,bbr1
0.489,27959,19,21600,45.0,42.9,20.2,104.4,5.7,477435,15226,10,10,bbr1
0.501,19675,13,18720,45.3,46.7,20.2,104.4,3.8,477435,15228,10,10,bbr1
0.508,22523,15,17280,45.6,47.7,20.2,104.4,3.4,477435,15229,10,10,bbr1
0.517,26795,18,18720,45.8,46.9,20.2,104.4,2.9,596793,15233,10,10,bbr1
0.524,27959,19,20160,46.1,48.0,20.2,104.4,2.7,596793,15236,10,10,bbr1
0.531,27959,19,21600,46.4,48.6,20.2,104.4,2.7,596793,15239,10,10,bbr1
0.540,27959,19,23040,46.8,49.7,20.2,104.4,2.8,358076,15242,10,10,bbr1
0.544,27959,19,21600,47.3,50.5,20.2,104.4,3.0,358076,15243,10,10,bbr1
0.552,27959,19,20160,46.5,41.1,20.2,104.4,3.8,358076,15245,10,10,bbr1
0.568,19675,13,18720,46.4,47.1,20.2,104.4,2.7,358076,15248,10,10,bbr1
0.575,22523,15,17280,46.7,48.7,20.2,104.4,2.6,358076,15249,10,10,bbr1
0.582,25371,17,18720,47.2,51.0,20.2,104.4,3.0,477435,15252,10,10,bbr1
0.591,27959,19,20160,47.9,52.9,20.2,104.4,3.7,477435,15255,10,10,bbr1
0.597,27959,19,20160,48.6,53.1,20.2,104.4,4.1,477435,15257,10,10,bbr1
0.603,27959,19,20160,49.0,51.9,20.2,104.4,3.9,477435,15259,10,10,bbr1
0.609,27959,19,20160,49.2,50.7,20.2,104.4,3.4,477435,15261,10,10,bbr1
0.623,19675,13,18720,48.0,42.6,20.2,104.4,4.1,477435,15264,10,10,bbr1
0.629,22523,15,17280,47.8,45.8,20.2,104.4,3.6,477435,15265,10,10,bbr1
0.639,25371,17,20160,47.6,46.3,20.2,104.4,3.0,477435,15269,10,10,bbr1
0.645,27959,19,20160,47.3,45.7,20.2,104.4,2.8,477435,15271,10,10,bbr1
0.651,27959,19,20160,47.4,47.8,20.2,104.4,2.2,477435,15273,10,10,bbr1
0.660,27959,19,21600,47.6,48.7,20.2,104.4,2.0,477435,15276,10,10,bbr1
0.666,27959,19,21600,47.8,49.7,20.2,104.4,2.0,477435,15278,10,10,bbr1
0.677,21099,14,17280,47.2,44.6,20.2,104.4,2.2,596793,15280,10,10,bbr1
0.686,23947,16,18720,47.0,45.7,20.2,104.4,2.0,596793,15283,10,10,bbr1
0.693,26795,18,21600,47.0,46.6,20.2,104.4,1.6,596793,15287,10,10,bbr1
0.702,27959,19,23040,47.0,46.9,20.2,104.4,1.2,358076,15290,10,10,bbr1
0.707,27959,19,21600,47.1,48.1,20.2,104.4,1.2,358076,15291,10,10,bbr1
0.714,27959,19,21600,47.3,48.5,20.2,104.4,1.3,358076,15293,10,10,bbr1
0.722,27959,19,21600,47.6,49.6,20.2,104.4,1.5,358076,15295,10,10,bbr1
0.730,27959,19,21600,47.2,44.4,20.2,104.4,1.9,358076,15297,10,10,bbr1
0.744,21099,14,15840,47.6,51.5,20.2,104.4,2.4,358076,15298,10,10,bbr1
0.751,23947,16,17280,48.3,53.5,20.2,104.4,3.3,477435,15301,10,10,bbr1
0.760,26795,18,18720,49.0,53.8,20.2,104.4,3.8,477435,15304,10,10,bbr1
0.767,27959,19,18720,49.5,52.7,20.2,104.4,3.8,477435,15306,10,10,bbr1
0.773,27959,19,18720,49.7,51.3,20.2,104.4,3.3,477435,15308,10,10,bbr1
0.782,27959,19,20160,49.8,50.2,20.2,104.4,2.6,477435,15311,10,10,bbr1
0.796,21099,14,15840,47.8,42.8,20.2,104.4,4.8,477435,15313,10,10,bbr1
0.805,23947,16,18720,47.2,43.4,20.2,104.4,4.7,477435,15317,10,10,bbr1
0.812,26795,18,18720,46.9,44.4,20.2,104.4,4.2,450249,15319,10,10,bbr1
0.818,26859,18,18720,46.7,45.3,20.2,104.4,3.6,450249,15321,10,10,bbr1
0.824,26859,18,18720,46.5,45.5,20.2,104.4,3.0,450249,15323,10,10,bbr1
0.830,26859,18,18720,46.5,46.4,20.2,104.4,2.3,450249,15325,10,10,bbr1
0.837,17701,12,17280,45.6,39.1,20.2,104.4,3.5,450249,15327,10,10,bbr1
0.845,20549,14,15840,45.1,41.4,20.2,104.4,3.7,450249,15328,10,10,bbr1
0.855,23397,16,18720,44.7,42.0,20.2,104.4,3.5,450249,15332,10,10,bbr1
0.861,26245,18,18720,44.4,42.3,20.2,104.4,3.2,562811,15334,10,10,bbr1
0.866,26859,18,18720,44.2,43.1,20.2,104.4,2.7,562811,15336,10,10,bbr1
0.874,26859,18,20160,44.1,43.4,20.2,104.4,2.3,562811,15339,10,10,bbr1
0.883,26859,18,21600,44.1,44.1,20.2,104.4,1.7,337686,15342,10,10,bbr1
0.887,26859,18,18720,43.5,39.3,20.2,104.4,2.5,337686,15343,10,10,bbr1
0.903,19125,13,17280,43.4,43.1,20.2,104.4,1.6,337686,15346,10,10,bbr1
0.910,21973,15,17280,43.6,45.2,20.2,104.4,1.6,450249,15348,10,10,bbr1
0.920,24821,17,20160,44.0,46.5,20.2,104.4,1.9,450249,15352,10,10,bbr1
0.927,26859,18,20160,44.6,48.5,20.2,104.4,2.6,450249,15354,10,10,bbr1
0.933,26859,18,20160,45.3,50.5,20.2,104.4,3.4,450249,15356,10,10,bbr1
0.940,26859,18,20160,45.7,48.6,20.2,104.4,3.4,450249,15358,10,10,bbr1
0.946,26859,18,20160,45.9,47.0,20.2,104.4,2.9,450249,15360,10,10,bbr1
0.958,19125,13,17280,45.8,45.9,20.2,104.4,1.8,445250,15362,10,10,bbr1
0.965,21973,15,17280,45.8,46.3,20.2,104.4,1.5,445250,15364,10,10,bbr1
0.975,24821,17,20160,46.0,46.8,20.2,104.4,1.3,445250,15368,10,10,bbr1
0.981,26657,18,20160,46.1,46.9,20.2,104.4,1.2,445250,15370,10,10,bbr1
0.988,26657,18,20160,46.3,47.8,20.2,104.4,1.4,445250,15372,10,10,bbr1
0.994,26657,18,20160,46.5,48.0,20.2,104.4,1.4,445250,15374,10,10,bbr1
1.005,19024,13,17335,45.3,41.5,20.2,104.4,2.9,445250,15377,10,10,bbr1
1.011,21872,15,17335,44.8,41.2,20.2,104.4,3.2,445250,15379,10,10,bbr1
1.018,24720,17,18775,44.8,44.9,20.2,104.4,2.4,445250,15382,10,10,bbr1
0.006,3072,2,0,45.0,46.0,20.2,104.4,1.5,556562,15384,11,11,bbr1
0.007,5760,4,0,43.0,28.4,20.2,104.4,5.3,556562,15386,11,11,bbr1
0.033,11456,7,1440,40.7,24.6,20.2,104.4,8.5,556562,15391,11,11,bbr1
0.043,12880,8,7200,39.1,28.3,20.2,104.4,9.5,556562,15396,11,11,bbr1
0.059,17152,11,8640,36.9,21.4,20.2,104.4,11.5,556562,15400,11,11,bbr1
0.067,20000,13,11520,35.1,22.5,20.2,104.4,12.3,556562,15404,11,11,bbr1
0.075,22848,15,12960,33.7,24.1,20.2,104.4,11.9,556562,15407,11,11,bbr1
0.080,25696,17,12960,32.8,26.4,20.2,104.4,10.8,556562,15409,11,11,bbr1
0.087,26657,18,14400,31.5,22.2,20.2,104.4,10.8,556562,15412,11,11,bbr1
0.095,26657,18,15840,30.9,27.2,20.2,104.4,9.1,556562,15415,11,11,bbr1
0.100,26657,18,15840,30.7,28.9,20.2,104.4,7.4,556562,15417,11,11,bbr1
0.108,26657,18,17280,30.7,30.4,20.2,104.4,5.6,556562,15420,11,11,bbr1
0.116,26657,18,18720,30.9,32.3,20.2,104.4,4.6,556562,15423,11,11,bbr1
0.121,26657,18,18720,31.2,33.7,20.2,104.4,4.1,556562,15425,11,11,bbr1
0.129,26657,18,20160,31.7,35.1,20.2,104.4,4.1,556562,15428,11,11,bbr1
0.138,26657,18,21600,32.4,37.2,20.2,104.4,4.4,333937,15431,11,11,bbr1
0.143,26657,18,20160,33.2,39.0,20.2,104.4,5.0,333937,15432,11,11,bbr1
0.151,26657,18,20160,34.1,40.5,20.2,104.4,5.6,333937,15434,11,11,bbr1
0.156,26657,18,18720,35.1,41.8,20.2,104.4,6.1,333937,15435,11,11,bbr1
0.165,26657,18,18720,36.2,44.0,20.2,104.4,6.8,333937,15437,11,11,bbr1
0.171,26657,18,17280,37.4,45.6,20.2,104.4,7.5,333937,15438,11,11,bbr1
0.176,26657,18,17280,38.6,47.2,20.2,104.4,8.1,445250,15440,11,11,bbr1
0.183,25933,18,17280,39.8,48.5,20.2,104.4,8.5,427351,15442,11,11,bbr1
0.189,25933,18,17280,41.0,49.0,20.2,104.4,8.7,427351,15444,11,11,bbr1
0.203,18662,12,14400,42.1,45.0,20.2,104.4,6.8,427351,15446,11,11,bbr1
0.210,21510,14,15840,42.3,43.2,20.2,104.4,5.4,427351,15449,11,11,bbr1
0.219,25782,17,15840,42.0,39.9,20.2,104.4,4.6,427351,15452,11,11,bbr1
0.226,25933,18,15840,41.7,40.0,20.2,104.4,4.0,427351,15454,11,11,bbr1
0.233,25933,18,15840,41.6,40.6,20.2,104.4,3.2,427351,15456,11,11,bbr1
0.240,25933,18,14400,40.7,34.2,20.2,104.4,4.3,427351,15458,11,11,bbr1
0.256,18662,12,12960,40.0,37.8,20.2,104.4,3.6,427351,15461,11,11,bbr1
0.266,21510,14,15840,39.7,38.0,20.2,104.4,3.2,427351,15465,11,11,bbr1
0.273,24358,16,15840,39.5,38.1,20.2,104.4,2.8,427351,15467,11,11,bbr1
0.279,25933,18,15840,39.4,38.3,20.2,104.4,2.4,427351,15469,11,11,bbr1
0.286,25933,18,15840,39.2,38.3,20.2,104.4,2.1,427351,15471,11,11,bbr1
0.292,17238,11,14400,38.4,32.5,20.2,104.4,3.2,534188,15473,11,11,bbr1
0.300,20086,13,14400,38.1,35.9,20.2,104.4,3.0,534188,15475,11,11,bbr1
0.308,22934,15,17280,37.8,36.2,20.2,104.4,2.8,534188,15479,11,11,bbr1
0.317,25644,17,18720,37.6,36.2,20.2,104.4,2.5,525270,15482,11,11,bbr1
0.322,25644,17,18720,37.5,36.3,20.2,104.4,2.2,525270,15484,11,11,bbr1
0.331,25644,17,20160,37.4,36.6,20.2,104.4,1.8,525270,15487,11,11,bbr1
0.341,18518,12,17280,37.2,36.0,20.2,104.4,1.4,315162,15489,11,11,bbr1
0.348,21366,14,15840,37.6,40.7,20.2,104.4,1.9,315162,15490,11,11,bbr1
0.356,25638,17,15840,38.1,41.2,20.2,104.4,2.3,445231,15493,11,11,bbr1
0.366,26656,18,17280,38.4,41.0,20.2,104.4,2.5,445231,15496,11,11,bbr1
0.372,27228,18,15840,39.0,42.9,20.2,104.4,3.0,459373,15498,11,11,bbr1
0.378,27228,18,15840,39.6,44.2,20.2,104.4,3.5,459373,15500,11,11,bbr1
0.385,17886,12,14400,38.7,32.4,20.2,104.4,4.5,459373,15502,11,11,bbr1
0.394,20734,14,15840,38.5,36.5,20.2,104.4,3.9,459373,15505,11,11,bbr1
0.403,23582,16,17280,38.3,37.0,20.2,104.4,3.3,459373,15508,11,11,bbr1
0.410,26430,18,17280,38.0,35.6,20.2,104.4,3.1,459373,15510,11,11,bbr1
0.416,27228,18,17280,37.9,37.4,20.2,104.4,2.5,459373,15512,11,11,bbr1
0.422,27228,18,17280,38.0,38.6,20.2,104.4,2.0,459373,15514,11,11,bbr1
0.435,19310,13,15840,38.3,39.2,20.2,104.4,1.6,459373,15517,11,11,bbr1
0.442,22158,15,17280,38.5,39.8,20.2,104.4,1.6,459373,15520,11,11,bbr1
0.451,25006,17,18720,38.8,40.9,20.2,104.4,1.8,574216,15523,11,11,bbr1
0.458,27228,18,20160,39.0,41.0,20.2,104.4,1.9,574216,15526,11,11,bbr1
0.463,27228,18,20160,39.4,42.0,20.2,104.4,2.2,574216,15528,11,11,bbr1
0.471,27228,18,21600,39.8,42.6,20.2,104.4,2.4,574216,15531,11,11,bbr1
0.487,20734,14,18720,40.1,42.8,20.2,104.4,2.2,344529,15534,11,11,bbr1
0.494,23582,16,18720,40.5,43.4,20.2,104.4,2.5,344529,15536,11,11,bbr1
0.504,26430,18,20160,41.2,45.7,20.2,104.4,3.2,344529,15539,11,11,bbr1
0.508,27228,18,18720,42.0,47.5,20.2,104.4,4.0,344529,15540,11,11,bbr1
0.516,27228,18,18720,42.9,49.4,20.2,104.4,4.8,344529,15542,11,11,bbr1
0.524,27228,18,18720,43.9,51.2,20.2,104.4,5.7,344529,15544,11,11,bbr1
0.529,27228,18,15840,45.0,52.2,20.2,104.4,6.3,344529,15545,11,11,bbr1
0.536,27228,18,15840,44.9,44.4,20.2,104.4,4.9,459373,15547,11,11,bbr1
0.550,19310,13,14400,45.0,44.7,20.2,104.4,3.0,459373,15550,11,11,bbr1
0.560,22158,15,17280,44.7,43.2,20.2,104.4,2.7,459373,15554,11,11,bbr1
0.566,25006,17,17280,44.4,41.7,20.2,104.4,2.8,459373,15556,11,11,bbr1
0.572,27228,18,17280,43.8,39.9,20.2,104.4,3.2,459373,15558,11,11,bbr1
0.579,27228,18,17280,43.2,39.4,20.2,104.4,3.5,459373,15560,11,11,bbr1
0.585,27228,18,17280,42.8,40.0,20.2,104.4,3.4,459373,15562,11,11,bbr1
0.598,19310,13,15840,41.7,39.9,20.2,104.4,3.8,574216,15565,11,11,bbr1
0.605,22158,15,17280,41.5,39.9,20.2,104.4,3.3,574216,15568,11,11,bbr1
0.613,25006,17,20160,41.4,41.0,20.2,104.4,2.6,574216,15572,11,11,bbr1
0.621,27228,18,21600,41.4,41.6,20.2,104.4,2.0,574216,15575,11,11,bbr1
0.628,27228,18,21600,41.5,42.0,20.2,104.4,1.6,344529,15577,11,11,bbr1
0.636,27228,18,21600,41.7,42.8,20.2,104.4,1.5,344529,15579,11,11,bbr1
0.649,20734,14,15840,41.5,42.8,20.2,104.4,1.7,344529,15580,11,11,bbr1
0.657,23582,16,17280,42.1,46.3,20.2,104.4,2.5,459373,15583,11,11,bbr1
0.666,26430,18,18720,42.9,48.1,20.2,104.4,3.3,459373,15586,11,11,bbr1
0.673,27228,18,18720,43.8,49.9,20.2,104.4,4.3,459373,15588,11,11,bbr1
0.679,27228,18,18720,44.8,51.9,20.2,104.4,5.2,459373,15590,11,11,bbr1
0.685,27228,18,18720,45.5,50.3,20.2,104.4,5.3,459373,15592,11,11,bbr1
0.692,17886,12,17280,44.7,39.4,20.2,104.4,5.5,459373,15594,11,11,bbr1
0.699,20734,14,15840,44.2,40.6,20.2,104.4,5.2,459373,15595,11,11,bbr1
0.709,23582,16,18720,43.8,41.2,20.2,104.4,4.6,459373,15599,11,11,bbr1
0.715,26430,18,18720,43.5,41.6,20.2,104.4,4.0,459373,15601,11,11,bbr1
0.721,27228,18,18720,43.3,41.7,20.2,104.4,3.5,459373,15603,11,11,bbr1
0.727,27228,18,18720,43.2,42.6,20.2,104.4,2.8,459373,15605,11,11,bbr1
0.733,27228,18,18720,43.2,43.4,20.2,104.4,2.1,459373,15607,11,11,bbr1
0.750,20734,14,15840,42.8,43.4,20.2,104.4,2.1,574216,15610,11,11,bbr1
0.758,23582,16,18720,43.0,43.9,20.2,104.4,1.8,574216,15614,11,11,bbr1
0.765,26430,18,20160,43.2,44.4,20.2,104.4,1.7,574216,15617,11,11,bbr1
0.773,27228,18,21600,43.4,45.0,20.2,104.4,1.8,574216,15620,11,11,bbr1
0.780,27228,18,21600,43.6,45.4,20.2,104.4,1.8,344529,15622,11,11,bbr1
0.788,27228,18,21600,44.0,46.3,20.2,104.4,2.0,344529,15624,11,11,bbr1
0.802,20734,14,15840,43.5,44.5,20.2,104.4,2.3,344529,15625,11,11,bbr1
0.809,23582,16,17280,43.9,46.4,20.2,104.4,2.4,459373,15628,11,11,bbr1
0.819,26430,18,18720,44.4,48.2,20.2,104.4,2.9,459373,15631,11,11,bbr1
0.825,27228,18,18720,45.1,50.0,20.2,104.4,3.6,459373,15633,11,11,bbr1
0.831,27228,18,18720,46.0,51.9,20.2,104.4,4.4,459373,15635,11,11,bbr1
0.837,27228,18,18720,46.5,50.3,20.2,104.4,4.4,459373,15637,11,11,bbr1
0.844,17886,12,17280,45.6,39.4,20.2,104.4,5.0,450720,15639,11,11,bbr1
0.853,22158,15,14400,45.0,40.9,20.2,104.4,5.0,450720,15640,11,11,bbr1
0.863,25006,17,17280,44.6,41.4,20.2,104.4,4.6,450720,15644,11,11,bbr1
0.870,26878,18,17280,44.3,42.0,20.2,104.4,4.1,450720,15646,11,11,bbr1
0.875,26878,18,17280,44.0,42.4,20.2,104.4,3.6,450720,15648,11,11,bbr1
0.885,26878,18,18720,43.9,43.2,20.2,104.4,2.9,450720,15651,11,11,bbr1
0.896,19135,13,15840,43.1,37.6,20.2,104.4,3.3,563400,15653,11,11,bbr1
0.903,21983,15,17280,42.9,41.4,20.2,104.4,2.9,563400,15656,11,11,bbr1
0.912,24831,17,20160,42.7,41.9,20.2,104.4,2.4,563400,15660,11,11,bbr1
0.918,26878,18,20160,42.7,42.0,20.2,104.4,2.0,338040,15662,11,11,bbr1
0.927,26878,18,20160,42.7,42.8,20.2,104.4,1.5,338040,15664,11,11,bbr1
0.931,26878,18,18720,42.7,43.1,20.2,104.4,1.3,338040,15665,11,11,bbr1
0.939,17711,12,17280,42.3,39.4,20.2,104.4,1.8,332989,15667,11,11,bbr1
0.947,20559,14,15840,42.4,42.7,20.2,104.4,1.4,443986,15668,11,11,bbr1
0.957,23407,16,18720,42.9,46.3,20.2,104.4,2.1,443986,15672,11,11,bbr1
0.964,26255,18,18720,43.4,47.6,20.2,104.4,2.7,443986,15674,11,11,bbr1
0.970,26606,18,18720,43.9,47.5,20.2,104.4,3.1,443986,15676,11,11,bbr1
0.977,26606,18,18720,44.2,46.4,20.2,104.4,2.9,443986,15678,11,11,bbr1
0.983,26606,18,18720,44.3,44.5,20.2,104.4,2.2,443986,15680,11,11,bbr1
0.989,26606,18,17280,43.7,39.4,20.2,104.4,2.9,443986,15682,11,11,bbr1
1.005,18999,13,15840,43.6,43.3,20.2,104.4,1.8,554982,15685,11,11,bbr1
1.012,21847,15,17280,43.3,41.7,20.2,104.4,1.8,554982,15688,11,11,bbr1
1.018,24695,17,18720,43.2,42.4,20.2,104.4,1.6,554982,15691,11,11,bbr1
1.026,26606,18,20160,43.1,42.6,20.2,104.4,1.4,554982,15694,11,11,bbr1
0.006,3072,2,0,44.2,48.5,20.2,104.4,3.4,443986,15697,12,12,bbr1
0.006,5760,4,0,42.2,28.6,20.2,104.4,6.4,443986,15699,12,12,bbr1
0.031,10032,6,2880,39.9,23.6,20.2,104.4,9.5,443986,15704,12,12,bbr1
0.041,12880,8,5760,38.3,26.8,20.2,104.4,10.4,443986,15708,12,12,bbr1
0.057,17152,11,8640,36.1,20.7,20.2,104.4,12.2,554982,15713,12,12,bbr1
0.065,20000,13,10080,34.2,21.0,20.2,104.4,12.9,554982,15716,12,12,bbr1
0.072,22848,15,11520,32.6,21.5,20.2,104.4,12.9,554982,15719,12,12,bbr1
0.080,25696,17,12960,31.3,21.8,20.2,104.4,12.3,554982,15722,12,12,bbr1
0.086,26337,18,12960,30.3,23.5,20.2,104.4,11.2,546670,15724,12,12,bbr1
0.093,26337,18,14400,29.6,24.6,20.2,104.4,9.8,546670,15727,12,12,bbr1
0.098,26337,18,14400,29.2,26.9,20.2,104.4,8.0,546670,15729,12,12,bbr1
0.106,26337,18,15840,29.1,27.9,20.2,104.4,6.4,546670,15732,12,12,bbr1
0.114,26337,18,17280,29.2,30.1,20.2,104.4,5.0,546670,15735,12,12,bbr1
0.120,26337,18,17280,29.5,31.4,20.2,104.4,4.3,546670,15737,12,12,bbr1
0.128,26337,18,18720,29.9,32.8,20.2,104.4,4.1,546670,15740,12,12,bbr1
0.133,26337,18,18720,30.5,34.9,20.2,104.4,4.3,546670,15742,12,12,bbr1
0.141,26337,18,20160,31.2,36.0,20.2,104.4,4.6,546670,15745,12,12,bbr1
0.150,26337,18,21600,32.1,38.1,20.2,104.4,5.2,328002,15748,12,12,bbr1
0.155,26337,18,20160,33.0,39.7,20.2,104.4,5.8,328002,15749,12,12,bbr1
0.164,26337,18,20160,34.0,40.7,20.2,104.4,6.3,328002,15751,12,12,bbr1
0.168,26337,18,18720,35.0,42.1,20.2,104.4,6.7,328002,15752,12,12,bbr1
0.177,26337,18,18720,36.1,44.1,20.2,104.4,7.3,328002,15754,12,12,bbr1
0.181,26337,18,17280,37.4,46.0,20.2,104.4,8.0,328002,15755,12,12,bbr1
0.189,26337,18,17280,38.6,47.6,20.2,104.4,8.5,437336,15757,12,12,bbr1
0.195,26337,18,17280,39.9,48.7,20.2,104.4,8.9,437336,15759,12,12,bbr1
0.208,18864,13,14455,41.8,46.9,20.2,104.4,8.2,437336,15762,12,12,bbr1
0.218,21712,15,17335,42.0,43.3,20.2,104.4,6.5,432867,15766,12,12,bbr1
0.221,24560,17,15895,41.9,41.4,20.2,104.4,5.0,432867,15767,12,12,bbr1
0.228,26156,18,15895,41.6,39.3,20.2,104.4,4.4,432867,15769,12,12,bbr1
0.235,26156,18,15895,41.3,39.8,20.2,104.4,3.7,432867,15771,12,12,bbr1
0.241,26156,18,15895,41.2,40.1,20.2,104.4,3.1,432867,15773,12,12,bbr1
0.248,15965,11,15840,40.3,34.3,20.2,104.4,4.0,432867,15775,12,12,bbr1
0.254,18813,13,14400,40.0,38.1,20.2,104.4,3.6,432867,15776,12,12,bbr1
0.261,21661,15,15840,39.8,38.3,20.2,104.4,3.1,432867,15779,12,12,bbr1
0.271,24509,17,17280,39.6,38.3,20.2,104.4,2.7,432867,15782,12,12,bbr1
0.278,26156,18,17280,39.4,38.1,20.2,104.4,2.4,432867,15784,12,12,bbr1
0.285,26156,18,17280,39.3,38.4,20.2,104.4,2.1,432867,15786,12,12,bbr1
0.290,26156,18,17280,39.3,39.1,20.2,104.4,1.6,541083,15788,12,12,bbr1
0.302,18774,13,14400,39.3,39.3,20.2,104.4,0.9,541083,15790,12,12,bbr1
0.310,21622,15,17280,39.3,39.6,20.2,104.4,0.8,541083,15794,12,12,bbr1
0.318,24470,16,18720,39.4,39.8,20.2,104.4,0.7,541083,15797,12,12,bbr1
0.324,26156,18,18720,39.4,39.8,20.2,104.4,0.6,541083,15799,12,12,bbr1
0.331,26156,18,20160,39.5,40.0,20.2,104.4,0.6,541083,15802,12,12,bbr1
0.338,26156,18,20160,39.8,41.7,20.2,104.4,1.0,324650,15804,12,12,bbr1
0.347,26156,18,20160,39.3,35.9,20.2,104.4,1.7,324650,15806,12,12,bbr1
0.357,18774,13,15840,39.8,41.9,20.2,104.4,1.9,324650,15807,12,12,bbr1
0.365,21622,15,17280,40.3,43.8,20.2,104.4,2.4,432867,15810,12,12,bbr1
0.372,24470,16,17280,40.9,45.1,20.2,104.4,3.0,432867,15812,12,12,bbr1
0.378,26156,18,17280,41.6,46.4,20.2,104.4,3.7,432867,15814,12,12,bbr1
0.384,26659,18,15840,42.1,45.7,20.2,104.4,3.8,445296,15816,12,12,bbr1
0.394,26659,18,17280,42.3,43.6,20.2,104.4,3.2,445296,15819,12,12,bbr1
0.401,26659,18,17280,41.7,37.6,20.2,104.4,3.6,445296,15821,12,12,bbr1
0.413,19025,13,14400,41.3,40.0,20.2,104.4,2.7,445296,15823,12,12,bbr1
0.423,21873,15,17280,41.2,40.6,20.2,104.4,2.2,445296,15827,12,12,bbr1
0.430,24721,17,17280,41.1,40.8,20.2,104.4,1.8,445296,15829,12,12,bbr1
0.436,26659,18,17280,41.2,41.2,20.2,104.4,1.4,445296,15831,12,12,bbr1
0.443,26659,18,17280,41.2,41.6,20.2,104.4,1.1,445296,15833,12,12,bbr1
0.449,26659,18,17280,41.3,42.0,20.2,104.4,1.0,445296,15835,12,12,bbr1
0.461,19025,13,14400,40.5,39.7,20.2,104.4,1.8,445296,15837,12,12,bbr1
0.471,21873,15,17280,40.5,40.0,20.2,104.4,1.5,445296,15841,12,12,bbr1
0.477,24721,17,17280,40.5,40.5,20.2,104.4,1.1,556620,15843,12,12,bbr1
0.482,26659,18,17280,40.5,40.8,20.2,104.4,0.9,556620,15845,12,12,bbr1
0.490,26659,18,18720,40.6,41.1,20.2,104.4,0.8,556620,15848,12,12,bbr1
0.498,26659,18,20160,40.7,41.6,20.2,104.4,0.9,556620,15851,12,12,bbr1
0.504,26659,18,20160,40.1,35.9,20.2,104.4,1.9,333972,15853,12,12,bbr1
0.516,19025,13,17280,40.0,39.9,20.2,104.4,1.2,333972,15855,12,12,bbr1
0.523,21873,15,17280,40.0,40.0,20.2,104.4,0.9,445296,15857,12,12,bbr1
0.531,24721,17,18720,40.4,42.9,20.2,104.4,1.4,445296,15860,12,12,bbr1
0.537,26659,18,18720,41.0,45.0,20.2,104.4,2.2,445296,15862,12,12,bbr1
0.546,26659,18,18720,41.6,45.8,20.2,104.4,2.9,445296,15865,12,12,bbr1
0.553,26659,18,18720,42.1,45.8,20.2,104.4,3.2,445296,15867,12,12,bbr1
0.566,19025,13,15840,41.9,41.1,20.2,104.4,2.2,445296,15869,12,12,bbr1
0.573,21873,15,17280,42.1,43.7,20.2,104.4,2.1,445296,15872,12,12,bbr1
0.582,24721,17,18720,42.3,43.7,20.2,104.4,2.0,445296,15875,12,12,bbr1
0.588,26659,18,18720,42.5,44.5,20.2,104.4,2.0,445296,15877,12,12,bbr1
0.595,26659,18,18720,42.8,44.8,20.2,104.4,2.1,445296,15879,12,12,bbr1
0.601,26659,18,18720,43.1,45.1,20.2,104.4,2.1,445296,15881,12,12,bbr1
0.608,26659,18,17280,42.7,39.4,20.2,104.4,2.5,445296,15883,12,12,bbr1
0.624,19025,13,15840,42.8,43.4,20.2,104.4,1.6,556620,15886,12,12,bbr1
0.631,21873,15,17280,42.8,43.4,20.2,104.4,1.4,556620,15889,12,12,bbr1
0.640,24721,17,20160,43.0,44.2,20.2,104.4,1.4,556620,15893,12,12,bbr1
0.647,26659,18,20160,43.2,44.4,20.2,104.4,1.4,333972,15895,12,12,bbr1
0.655,26659,18,20160,43.4,45.0,20.2,104.4,1.5,333972,15897,12,12,bbr1
0.659,26659,18,18720,43.7,45.4,20.2,104.4,1.6,333972,15898,12,12,bbr1
0.668,17601,12,17280,43.1,39.4,20.2,104.4,2.3,333972,15900,12,12,bbr1
0.675,20449,14,15840,43.1,42.8,20.2,104.4,1.8,445296,15901,12,12,bbr1
0.685,23297,16,18720,43.5,46.1,20.2,104.4,2.1,445296,15905,12,12,bbr1
0.691,26145,18,18720,44.0,47.7,20.2,104.4,2.6,445296,15907,12,12,bbr1
0.698,26659,18,18720,44.4,47.5,20.2,104.4,2.9,445296,15909,12,12,bbr1
0.705,26659,18,17280,44.3,43.3,20.2,104.4,2.4,445296,15911,12,12,bbr1
0.718,19025,13,15840,43.1,37.7,20.2,104.4,3.5,445296,15914,12,12,bbr1
0.725,21873,15,17280,42.9,41.4,20.2,104.4,3.0,445296,15917,12,12,bbr1
0.735,24721,17,18720,42.8,41.5,20.2,104.4,2.6,445296,15920,12,12,bbr1
0.741,26659,18,18720,42.7,42.3,20.2,104.4,2.1,445296,15922,12,12,bbr1
0.747,26659,18,18720,42.7,42.5,20.2,104.4,1.6,445296,15924,12,12,bbr1
0.753,26659,18,18720,42.7,42.6,20.2,104.4,1.2,556620,15926,12,12,bbr1
0.769,20449,14,15895,42.3,42.8,20.2,104.4,1.5,556620,15930,12,12,bbr1
0.777,23297,16,18775,42.4,43.4,20.2,104.4,1.4,556620,15934,12,12,bbr1
0.785,26145,18,20215,42.6,43.5,20.2,104.4,1.3,556620,15937,12,12,bbr1
0.792,26659,18,20215,42.8,44.3,20.2,104.4,1.4,333972,15939,12,12,bbr1
0.801,26659,18,20215,43.0,44.6,20.2,104.4,1.5,333972,15941,12,12,bbr1
0.805,26659,18,18775,43.4,46.4,20.2,104.4,2.0,333972,15942,12,12,bbr1
0.814,17640,12,17280,43.0,39.5,20.2,104.4,2.5,333972,15944,12,12,bbr1
0.821,20488,14,15840,43.2,44.6,20.2,104.4,2.2,445296,15945,12,12,bbr1
0.831,23336,16,18720,43.5,46.2,20.2,104.4,2.5,445296,15949,12,12,bbr1
0.838,26184,18,18720,44.1,47.7,20.2,104.4,2.9,445296,15951,12,12,bbr1
0.844,26649,18,18720,44.5,47.6,20.2,104.4,3.0,445055,15953,12,12,bbr1
0.850,26649,18,18720,44.6,45.6,20.2,104.4,2.6,445055,15955,12,12,bbr1
0.857,26649,18,18720,44.6,44.3,20.2,104.4,2.0,445055,15957,12,12,bbr1
0.863,17596,12,17280,43.9,39.3,20.2,104.4,2.8,445055,15959,12,12,bbr1
0.872,20444,14,15840,43.8,43.1,20.2,104.4,2.3,445055,15960,12,12,bbr1
0.879,23292,16,17280,43.6,41.7,20.2,104.4,2.3,445055,15963,12,12,bbr1
0.885,26140,18,17280,43.3,41.7,20.2,104.4,2.2,445055,15965,12,12,bbr1
0.892,26649,18,17280,43.2,42.5,20.2,104.4,1.8,445055,15967,12,12,bbr1
0.898,26649,18,17280,43.1,42.6,20.2,104.4,1.5,445055,15969,12,12,bbr1
0.908,26649,18,18720,43.2,43.3,20.2,104.4,1.2,445055,15972,12,12,bbr1
0.914,17596,12,17280,42.5,37.6,20.2,104.4,2.3,556318,15974,12,12,bbr1
0.922,20444,14,15840,42.3,41.4,20.2,104.4,2.0,556318,15975,12,12,bbr1
0.930,23292,16,18720,42.3,41.7,20.2,104.4,1.6,556318,15979,12,12,bbr1
0.938,26140,18,20160,42.2,41.8,20.2,104.4,1.4,556318,15982,12,12,bbr1
0.945,26649,18,20160,42.2,42.5,20.2,104.4,1.1,333791,15984,12,12,bbr1
0.953,26649,18,20160,42.3,42.9,20.2,104.4,1.0,333791,15986,12,12,bbr1
0.957,26649,18,18720,42.4,43.2,20.2,104.4,1.0,333791,15987,12,12,bbr1
0.966,17596,12,17280,42.0,39.3,20.2,104.4,1.5,333791,15989,12,12,bbr1
0.973,20444,14,15840,42.3,44.4,20.2,104.4,1.7,445055,15990,12,12,bbr1
0.983,23292,16,18720,42.8,46.1,20.2,104.4,2.2,445055,15994,12,12,bbr1
0.990,26140,18,18720,43.4,47.6,20.2,104.4,2.9,445055,15996,12,12,bbr1
0.996,26649,18,18720,43.9,47.7,20.2,104.4,3.2,445055,15998,12,12,bbr1
1.003,26649,18,18720,44.1,45.6,20.2,104.4,2.8,445055,16000,12,12,bbr1
1.009,26649,18,18720,44.1,44.1,20.2,104.4,2.1,445055,16002,12,12,bbr1
1.016,17596,12,17280,43.6,39.4,20.2,104.4,2.8,445055,16004,12,12,bbr1
1.025,20444,14,15840,43.5,43.1,20.2,104.4,2.2,445055,16005,12,12,bbr1
1.035,24716,17,17280,43.3,41.9,20.2,104.4,2.0,432028,16009,12,12,bbr1
1.041,26122,18,17280,43.2,42.3,20.2,104.4,1.8,432028,16011,12,12,bbr1
1.048,26122,18,17280,43.1,42.5,20.2,104.4,1.5,432028,16013,12,12,bbr1
1.055,26122,18,17280,43.1,43.1,20.2,104.4,1.1,432028,16015,12,12,bbr1
1.068,18757,13,14400,42.4,37.7,20.2,104.4,2.0,432028,16017,12,12,bbr1
0.005,3072,2,0,41.3,35.9,20.2,104.4,2.2,539607,16019,13,13,bbr1
0.007,5760,4,0,39.5,26.6,20.2,104.4,5.3,539607,16021,13,13,bbr1
0.034,11456,7,1440,37.7,24.9,20.2,104.4,7.6,539607,16026,13,13,bbr1
0.045,12880,8,7200,36.5,28.5,20.2,104.4,8.0,539607,16031,13,13,bbr1
0.060,17152,11,8640,34.5,20.8,20.2,104.4,9.9,539607,16035,13,13,bbr1
0.068,20000,13,11520,33.0,22.3,20.2,104.4,10.5,539607,16039,13,13,bbr1
0.076,22848,15,12960,31.9,24.2,20.2,104.4,10.1,539607,16042,13,13,bbr1
0.081,25696,17,12960,31.1,25.8,20.2,104.4,9.1,539607,16044,13,13,bbr1
0.089,26108,18,14400,30.0,22.2,20.2,104.4,9.1,539607,16047,13,13,bbr1
0.094,26108,18,14400,29.6,27.0,20.2,104.4,7.6,539607,16049,13,13,bbr1
0.103,26108,18,15840,29.4,28.1,20.2,104.4,6.0,539607,16052,13,13,bbr1
0.108,26108,18,15840,29.5,30.0,20.2,104.4,4.7,539607,16054,13,13,bbr1
0.116,26108,18,17280,29.8,31.5,20.2,104.4,4.0,539607,16057,13,13,bbr1
0.124,26108,18,18720,30.1,32.6,20.2,104.4,3.7,539607,16060,13,13,bbr1
0.129,26108,18,18720,30.6,34.1,20.2,104.4,3.8,539607,16062,13,13,bbr1
0.137,26108,18,20160,31.2,35.7,20.2,104.4,4.1,539607,16065,13,13,bbr1
0.144,26108,18,20160,32.0,37.3,20.2,104.4,4.6,323764,16067,13,13,bbr1
0.149,26108,18,18720,32.9,39.1,20.2,104.4,5.2,323764,16068,13,13,bbr1
0.158,26108,18,18720,33.9,40.7,20.2,104.4,5.8,323764,16070,13,13,bbr1
0.166,26108,18,18720,34.8,41.7,20.2,104.4,6.3,323764,16072,13,13,bbr1
0.171,26108,18,17280,35.9,43.3,20.2,104.4,6.9,323764,16073,13,13,bbr1
0.179,25976,18,17280,37.0,45.1,20.2,104.4,7.5,428419,16075,13,13,bbr1
0.186,25976,18,17280,38.3,46.8,20.2,104.4,8.0,428419,16077,13,13,bbr1
0.192,25976,18,17280,39.5,47.8,20.2,104.4,8.4,428419,16079,13,13,bbr1
0.203,18684,12,14400,40.7,44.0,20.2,104.4,6.9,428419,16081,13,13,bbr1
0.210,21532,14,15840,40.9,42.0,20.2,104.4,5.5,428419,16084,13,13,bbr1
0.220,25804,17,15840,40.5,37.9,20.2,104.4,4.9,428419,16087,13,13,bbr1
0.227,25976,18,15840,40.2,37.9,20.2,104.4,4.3,428419,16089,13,13,bbr1
0.234,25976,18,15840,40.0,38.7,20.2,104.4,3.6,428419,16091,13,13,bbr1
0.240,17260,11,14400,39.3,34.2,20.2,104.4,4.2,428419,16093,13,13,bbr1
0.250,20108,13,14400,39.1,37.7,20.2,104.4,3.5,428419,16095,13,13,bbr1
0.257,22956,15,15840,38.9,37.8,20.2,104.4,3.0,428419,16098,13,13,bbr1
0.264,25804,17,15840,38.8,38.0,20.2,104.4,2.5,428419,16100,13,13,bbr1
0.271,25976,18,15840,38.7,38.1,20.2,104.4,2.0,428419,16102,13,13,bbr1
0.277,25976,18,15840,38.7,38.2,20.2,104.4,1.6,428419,16104,13,13,bbr1
0.291,18684,12,12960,38.6,38.2,20.2,104.4,1.1,535523,16106,13,13,bbr1
0.299,21532,14,15840,38.6,38.4,20.2,104.4,0.8,535523,16110,13,13,bbr1
0.307,24380,16,17280,38.5,38.2,20.2,104.4,0.7,535523,16113,13,13,bbr1
0.312,25976,18,17280,38.6,38.9,20.2,104.4,0.6,535523,16115,13,13,bbr1
0.320,25976,18,18720,38.6,39.1,20.2,104.4,0.6,535523,16118,13,13,bbr1
0.335,20108,13,14400,37.8,37.5,20.2,104.4,1.6,535523,16120,13,13,bbr1
0.343,22956,15,17280,37.9,38.6,20.2,104.4,1.4,535523,16124,13,13,bbr1
0.352,25721,17,18720,38.3,40.5,20.2,104.4,1.7,527663,16127,13,13,bbr1
0.357,25721,17,18720,38.7,41.7,20.2,104.4,2.1,527663,16129,13,13,bbr1
0.366,25721,17,20160,39.2,42.9,20.2,104.4,2.6,527663,16132,13,13,bbr1
0.373,25721,17,20160,39.9,44.4,20.2,104.4,3.3,316598,16134,13,13,bbr1
0.385,19980,13,14455,39.6,39.7,20.2,104.4,2.3,435853,16136,13,13,bbr1
0.395,22828,15,17335,39.8,41.2,20.2,104.4,2.1,435853,16140,13,13,bbr1
0.402,25676,17,17335,40.2,42.7,20.2,104.4,2.3,435853,16142,13,13,bbr1
0.409,26277,18,17335,40.6,43.5,20.2,104.4,2.5,435853,16144,13,13,bbr1
0.415,26277,18,17335,41.1,44.8,20.2,104.4,3.0,435853,16146,13,13,bbr1
0.421,26277,18,17335,41.6,44.9,20.2,104.4,3.2,435853,16148,13,13,bbr1
0.428,26277,18,17280,40.9,36.0,20.2,104.4,3.8,435853,16150,13,13,bbr1
0.440,18834,13,14455,40.6,40.0,20.2,104.4,2.5,435853,16153,13,13,bbr1
0.450,21682,15,17335,40.6,40.0,20.2,104.4,2.1,435853,16157,13,13,bbr1
0.456,24530,17,17335,40.5,40.1,20.2,104.4,1.7,544816,16159,13,13,bbr1
0.461,26277,18,17335,40.5,40.7,20.2,104.4,1.3,544816,16161,13,13,bbr1
0.469,26277,18,18775,40.6,40.9,20.2,104.4,1.1,544816,16164,13,13,bbr1
0.474,26277,18,18775,40.6,41.0,20.2,104.4,0.9,544816,16166,13,13,bbr1
0.482,26277,18,20160,40.0,36.0,20.2,104.4,1.8,544816,16169,13,13,bbr1
0.495,18834,13,18775,40.0,39.9,20.2,104.4,1.1,326889,16173,13,13,bbr1
0.502,21682,15,17335,40.1,40.9,20.2,104.4,1.1,326889,16174,13,13,bbr1
0.509,24530,17,18775,40.5,43.0,20.2,104.4,1.5,435853,16177,13,13,bbr1
0.516,26277,18,18775,40.9,44.2,20.2,104.4,2.1,435853,16179,13,13,bbr1
0.522,26277,18,18775,41.6,46.1,20.2,104.4,2.9,435853,16181,13,13,bbr1
0.529,26277,18,18775,42.4,47.7,20.2,104.4,3.7,435853,16183,13,13,bbr1
0.539,26277,18,20215,43.2,48.7,20.2,104.4,4.4,435853,16186,13,13,bbr1
0.550,18873,13,17335,43.5,42.9,20.2,104.4,3.2,435853,16189,13,13,bbr1
0.556,21721,15,17335,43.7,45.2,20.2,104.4,2.8,435853,16191,13,13,bbr1
0.566,24569,17,20215,43.9,45.2,20.2,104.4,2.5,435853,16195,13,13,bbr1
0.573,26277,18,18775,43.9,44.3,20.2,104.4,2.0,435853,16197,13,13,bbr1
0.580,26277,18,18775,44.0,44.6,20.2,104.4,1.7,435853,16199,13,13,bbr1
0.587,26277,18,18775,44.1,44.8,20.2,104.4,1.4,435853,16201,13,13,bbr1
0.592,17449,12,17280,43.7,41.1,20.2,104.4,1.8,544816,16203,13,13,bbr1
0.603,20297,14,15840,43.4,41.2,20.2,104.4,2.0,544816,16204,13,13,bbr1
0.611,23145,16,18720,43.6,44.7,20.2,104.4,1.8,544816,16208,13,13,bbr1
0.619,25993,18,20160,43.8,45.0,20.2,104.4,1.7,544816,16211,13,13,bbr1
0.626,26277,18,20160,43.9,45.2,20.2,104.4,1.7,326889,16213,13,13,bbr1
0.630,26277,18,18720,44.1,45.5,20.2,104.4,1.6,326889,16214,13,13,bbr1
0.639,26277,18,18720,44.3,45.6,20.2,104.4,1.6,326889,16216,13,13,bbr1
0.648,17410,12,17280,43.7,39.4,20.2,104.4,2.4,326889,16218,13,13,bbr1
0.654,20258,14,15840,43.8,44.4,20.2,104.4,2.0,435853,16219,13,13,bbr1
0.664,23106,16,18720,44.0,45.5,20.2,104.4,1.9,435853,16223,13,13,bbr1
0.671,25954,18,18720,44.4,47.4,20.2,104.4,2.3,435853,16225,13,13,bbr1
0.678,26277,18,18720,44.8,47.2,20.2,104.4,2.4,435853,16227,13,13,bbr1
0.685,26277,18,18720,44.8,45.3,20.2,104.4,1.9,435853,16229,13,13,bbr1
0.691,26277,18,18720,44.6,43.3,20.2,104.4,1.8,435853,16231,13,13,bbr1
0.697,26277,18,18720,44.0,39.3,20.2,104.4,2.7,435853,16233,13,13,bbr1
0.709,18834,13,15840,43.7,42.9,20.2,104.4,2.0,435853,16235,13,13,bbr1
0.716,21682,15,17280,43.6,43.1,20.2,104.4,1.6,435853,16238,13,13,bbr1
0.725,24530,17,18720,43.6,43.1,20.2,104.4,1.4,544816,16241,13,13,bbr1
0.731,26277,18,18720,43.5,43.2,20.2,104.4,1.1,544816,16243,13,13,bbr1
0.738,26277,18,18720,43.4,42.3,20.2,104.4,1.1,544816,16246,13,13,bbr1
0.746,26277,18,20160,43.2,42.5,20.2,104.4,1.1,544816,16249,13,13,bbr1
0.759,18834,13,18720,42.4,41.0,20.2,104.4,2.0,326889,16252,13,13,bbr1
0.765,21682,15,17280,42.3,41.6,20.2,104.4,1.7,326889,16253,13,13,bbr1
0.773,24530,17,18720,42.3,42.7,20.2,104.4,1.4,435853,16256,13,13,bbr1
0.780,26277,18,18720,42.6,44.7,20.2,104.4,1.6,435853,16258,13,13,bbr1
0.786,26277,18,18720,43.0,45.9,20.2,104.4,2.0,435853,16260,13,13,bbr1
0.793,26277,18,18720,43.6,47.4,20.2,104.4,2.6,435853,16262,13,13,bbr1
0.803,26277,18,20160,44.2,49.0,20.2,104.4,3.3,435853,16265,13,13,bbr1
0.813,18834,13,17280,44.3,42.8,20.2,104.4,2.7,435853,16267,13,13,bbr1
0.820,21682,15,17280,44.4,45.0,20.2,104.4,2.2,435853,16269,13,13,bbr1
0.829,24530,17,20160,44.5,45.1,20.2,104.4,1.8,544816,16273,13,13,bbr1
0.835,26277,18,20160,44.6,45.8,20.2,104.4,1.7,544816,16275,13,13,bbr1
0.843,26277,18,21600,44.8,46.0,20.2,104.4,1.6,544816,16278,13,13,bbr1
0.850,26277,18,21600,45.0,46.4,20.2,104.4,1.6,326889,16280,13,13,bbr1
0.859,26080,18,21600,45.2,46.6,20.2,104.4,1.6,323238,16282,13,13,bbr1
0.868,18736,13,17280,44.6,42.8,20.2,104.4,1.9,323238,16283,13,13,bbr1
0.875,21584,14,17280,44.9,46.4,20.2,104.4,1.8,430984,16285,13,13,bbr1
0.882,24432,16,18720,45.2,47.6,20.2,104.4,2.1,430984,16288,13,13,bbr1
0.892,26080,18,20160,45.7,49.6,20.2,104.4,2.6,430984,16291,13,13,bbr1
0.899,26531,18,18720,46.3,50.1,20.2,104.4,3.1,442139,16293,13,13,bbr1
0.905,26531,18,18720,46.5,48.2,20.2,104.4,2.8,442139,16295,13,13,bbr1
0.911,17537,12,17280,45.8,41.0,20.2,104.4,3.5,442139,16297,13,13,bbr1
0.921,20385,14,15840,45.2,41.1,20.2,104.4,3.8,442139,16298,13,13,bbr1
0.931,23233,16,18720,45.2,44.5,20.2,104.4,3.0,442139,16302,13,13,bbr1
0.938,26081,18,18720,45.1,44.8,20.2,104.4,2.3,442139,16304,13,13,bbr1
0.944,26531,18,18720,45.1,45.0,20.2,104.4,1.8,442139,16306,13,13,bbr1
0.951,26531,18,18720,45.1,45.2,20.2,104.4,1.4,442139,16308,13,13,bbr1
0.957,26531,18,18720,45.2,45.5,20.2,104.4,1.1,552673,16310,13,13,bbr1
0.973,20385,14,15840,44.3,43.1,20.2,104.4,2.1,552673,16313,13,13,bbr1
0.980,23233,16,18720,44.1,43.3,20.2,104.4,1.8,552673,16317,13,13,bbr1
0.988,26081,18,20160,44.0,43.4,20.2,104.4,1.5,552673,16320,13,13,bbr1
0.995,26531,18,20160,44.1,44.1,20.2,104.4,1.1,331604,16322,13,13,bbr1
1.004,26531,18,20160,44.1,44.4,20.2,104.4,0.9,331604,16324,13,13,bbr1
1.008,26531,18,18720,44.3,46.1,20.2,104.4,1.2,331604,16325,13,13,bbr1
1.017,17537,12,17280,43.7,39.3,20.2,104.4,2.2,331604,16327,13,13,bbr1
1.024,20385,14,15840,43.7,43.9,20.2,104.4,1.7,442139,16328,13,13,bbr1
1.034,23233,16,18720,44.0,46.0,20.2,104.4,1.8,442139,16332,13,13,bbr1
1.041,26081,18,18720,44.4,47.5,20.2,104.4,2.2,442139,16334,13,13,bbr1
1.047,26531,18,18720,44.8,47.5,20.2,104.4,2.4,442139,16336,13,13,bbr1
1.053,26531,18,18720,44.9,45.5,20.2,104.4,2.0,442139,16338,13,13,bbr1
1.060,26531,18,17280,44.4,41.2,20.2,104.4,2.4,442139,16340,13,13,bbr1
1.070,26531,18,18720,43.6,37.6,20.2,104.4,3.5,442139,16343,13,13,bbr1
0.007,3072,2,0,42.8,43.2,20.2,104.4,1.0,552673,16345,14,14,bbr1
0.005,5760,4,0,41.1,29.4,20.2,104.4,4.1,552673,16347,14,14,bbr1
0.032,11456,7,1440,39.1,24.9,20.2,104.4,7.1,552673,16352,14,14,bbr1
0.043,12880,8,7200,37.8,28.6,20.2,104.4,8.0,552673,16357,14,14,bbr1
0.058,17152,11,8640,35.7,20.8,20.2,104.4,10.2,552673,16361,14,14,bbr1
0.066,20000,13,11520,34.1,22.9,20.2,104.4,10.9,552673,16365,14,14,bbr1
0.074,22848,15,12960,32.8,24.1,20.2,104.4,10.6,552673,16368,14,14,bbr1
0.079,25696,17,12960,31.9,25.7,20.2,104.4,9.8,552673,16370,14,14,bbr1
0.087,26531,18,14400,30.7,22.2,20.2,104.4,9.8,552673,16373,14,14,bbr1
0.095,26531,18,15840,30.3,27.2,20.2,104.4,8.2,552673,16376,14,14,bbr1
0.100,26531,18,15840,30.1,28.9,20.2,104.4,6.5,552673,16378,14,14,bbr1
0.108,26531,18,17280,30.1,30.3,20.2,104.4,4.9,552673,16381,14,14,bbr1
0.113,26531,18,17280,30.4,32.2,20.2,104.4,4.2,552673,16383,14,14,bbr1
0.121,26531,18,18720,30.9,34.5,20.2,104.4,4.2,552673,16386,14,14,bbr1
0.129,26531,18,20160,31.4,35.0,20.2,104.4,4.2,552673,16389,14,14,bbr1
0.135,26531,18,20160,32.1,37.0,20.2,104.4,4.5,331604,16391,14,14,bbr1
0.144,26531,18,20160,32.9,38.3,20.2,104.4,4.9,331604,16393,14,14,bbr1
0.148,26531,18,18720,33.7,39.8,20.2,104.4,5.4,331604,16394,14,14,bbr1
0.157,26531,18,18720,34.8,42.0,20.2,104.4,6.1,331604,16396,14,14,bbr1
0.162,26531,18,17280,35.8,43.1,20.2,104.4,6.7,331604,16397,14,14,bbr1
0.169,26531,18,17280,37.0,45.3,20.2,104.4,7.4,442139,16399,14,14,bbr1
0.176,26531,18,17280,38.2,46.9,20.2,104.4,8.0,442139,16401,14,14,bbr1
0.182,26531,18,17280,39.5,48.5,20.2,104.4,8.6,442139,16403,14,14,bbr1
0.189,26531,18,17280,40.4,46.7,20.2,104.4,8.2,442139,16405,14,14,bbr1
0.202,18961,13,14400,41.2,43.0,20.2,104.4,6.0,552673,16407,14,14,bbr1
0.210,21809,15,17280,41.2,40.8,20.2,104.4,4.6,552673,16411,14,14,bbr1
0.218,26081,18,17280,41.0,39.9,20.2,104.4,3.8,552673,16414,14,14,bbr1
0.225,26531,18,18720,40.9,39.9,20.2,104.4,3.1,552673,16417,14,14,bbr1
0.233,26531,18,20160,40.8,40.6,20.2,104.4,2.4,552673,16420,14,14,bbr1
0.248,20385,14,15840,39.9,39.2,20.2,104.4,2.8,331604,16422,14,14,bbr1
0.257,23233,16,17280,40.0,40.9,20.2,104.4,2.3,331604,16425,14,14,bbr1
0.265,26081,18,17280,40.3,42.5,20.2,104.4,2.4,442139,16427,14,14,bbr1
0.271,26531,18,17280,40.7,43.6,20.2,104.4,2.6,442139,16429,14,14,bbr1
0.278,26078,18,17280,41.3,45.2,20.2,104.4,3.1,430946,16431,14,14,bbr1
0.284,26078,18,17280,42.1,47.4,20.2,104.4,3.8,430946,16433,14,14,bbr1
0.291,26865,18,15840,41.7,39.4,20.2,104.4,3.5,450391,16435,14,14,bbr1
0.305,19128,13,14400,41.2,39.6,20.2,104.4,2.9,450391,16438,14,14,bbr1
0.314,23400,16,15840,40.5,35.5,20.2,104.4,3.6,450391,16442,14,14,bbr1
0.320,26248,18,15840,39.9,35.7,20.2,104.4,3.9,562988,16444,14,14,bbr1
0.328,26865,18,17280,39.6,37.5,20.2,104.4,3.5,562988,16447,14,14,bbr1
0.336,26865,18,18720,39.3,37.6,20.2,104.4,3.1,562988,16450,14,14,bbr1
0.006,3072,2,0,39.4,42.4,20.2,104.4,2.4,562988,16452,15,15,bbr1
0.006,5760,4,0,38.0,28.5,20.2,104.4,4.5,562988,16454,15,15,bbr1
0.033,11456,7,1440,36.4,25.2,20.2,104.4,6.6,562988,16459,15,15,bbr1
0.044,12880,8,7200,35.5,28.8,20.2,104.4,6.9,562988,16464,15,15,bbr1
0.059,17152,11,8640,33.7,21.4,20.2,104.4,8.7,562988,16468,15,15,bbr1
0.067,20000,13,11520,32.4,23.0,20.2,104.4,9.2,562988,16472,15,15,bbr1
0.075,22848,15,12960,31.4,24.2,20.2,104.4,8.9,562988,16475,15,15,bbr1
0.080,25696,17,12960,30.7,26.5,20.2,104.4,7.9,562988,16477,15,15,bbr1
0.088,26865,18,14400,29.7,22.2,20.2,104.4,8.1,562988,16480,15,15,bbr1
0.095,26865,18,15840,29.4,27.3,20.2,104.4,6.7,562988,16483,15,15,bbr1
0.100,26865,18,15840,29.3,29.0,20.2,104.4,5.1,562988,16485,15,15,bbr1
0.108,26865,18,17280,29.5,30.4,20.2,104.4,4.1,562988,16488,15,15,bbr1
0.116,26865,18,18720,29.8,32.5,20.2,104.4,3.8,562988,16491,15,15,bbr1
0.123,26865,18,20160,30.4,34.1,20.2,104.4,3.9,562988,16494,15,15,bbr1
0.130,26865,18,20160,31.1,35.9,20.2,104.4,4.3,337793,16496,15,15,bbr1
0.139,26865,18,20160,31.9,37.4,20.2,104.4,4.8,337793,16498,15,15,bbr1
0.143,26865,18,18720,32.8,39.6,20.2,104.4,5.6,337793,16499,15,15,bbr1
0.151,26865,18,18720,33.9,41.1,20.2,104.4,6.3,337793,16501,15,15,bbr1
0.155,26865,18,17280,35.0,42.9,20.2,104.4,7.0,337793,16502,15,15,bbr1
0.163,26865,18,17280,36.1,44.2,20.2,104.4,7.5,450391,16504,15,15,bbr1
0.170,26865,18,17280,37.4,46.4,20.2,104.4,8.2,450391,16506,15,15,bbr1
0.176,26865,18,17280,38.7,47.7,20.2,104.4,8.7,450391,16508,15,15,bbr1
0.185,26865,18,18720,39.7,46.4,20.2,104.4,8.4,450391,16511,15,15,bbr1
0.192,26865,18,18720,40.3,44.7,20.2,104.4,7.6,450391,16513,15,15,bbr1
0.203,19128,13,15840,40.7,41.4,20.2,104.4,5.0,450391,16515,15,15,bbr1
0.210,21976,15,17280,40.9,41.8,20.2,104.4,4.0,450391,16518,15,15,bbr1
0.219,26248,18,17280,40.8,40.8,20.2,104.4,3.0,450391,16521,15,15,bbr1
0.225,26865,18,17280,40.9,41.3,20.2,104.4,2.4,450391,16523,15,15,bbr1
0.235,26865,18,18720,41.0,41.5,20.2,104.4,1.9,450391,16526,15,15,bbr1
0.241,26865,18,18720,41.1,41.7,20.2,104.4,1.6,562988,16528,15,15,bbr1
0.246,26865,18,18720,40.6,37.5,20.2,104.4,2.1,562988,16530,15,15,bbr1
0.254,26865,18,20160,40.7,41.0,20.2,104.4,1.7,562988,16533,15,15,bbr1
0.263,26865,18,21600,40.8,41.5,20.2,104.4,1.5,337793,16536,15,15,bbr1
0.268,26865,18,20160,41.0,42.3,20.2,104.4,1.5,337793,16537,15,15,bbr1
0.276,26865,18,20160,41.2,42.7,20.2,104.4,1.6,337793,16539,15,15,bbr1
0.280,26865,18,18720,41.5,43.3,20.2,104.4,1.7,337793,16540,15,15,bbr1
0.288,26865,18,18720,41.8,44.4,20.2,104.4,2.0,337793,16542,15,15,bbr1
0.301,19128,13,15840,43.0,47.4,20.2,104.4,3.2,337793,16544,15,15,bbr1
0.309,21976,15,17280,43.8,49.6,20.2,104.4,4.1,450391,16547,15,15,bbr1
0.316,24824,17,17280,44.5,49.2,20.2,104.4,4.4,450391,16549,15,15,bbr1
0.321,26865,18,17280,44.9,47.5,20.2,104.4,4.0,450391,16551,15,15,bbr1
0.328,26865,18,17280,45.0,46.0,20.2,104.4,3.3,450391,16553,15,15,bbr1
0.337,26865,18,18720,45.0,44.6,20.2,104.4,2.6,450391,16556,15,15,bbr1
0.344,17704,12,17280,44.4,40.4,20.2,104.4,3.1,450391,16558,15,15,bbr1
0.350,20552,14,15840,43.8,39.7,20.2,104.4,3.5,450391,16559,15,15,bbr1
0.360,26248,18,15840,43.0,37.1,20.2,104.4,4.3,450391,16563,15,15,bbr1
0.370,26865,18,15840,42.2,37.3,20.2,104.4,4.6,450391,16566,15,15,bbr1
0.380,26865,18,17280,41.7,38.2,20.2,104.4,4.5,450391,16569,15,15,bbr1
0.385,26865,18,17280,41.4,38.6,20.2,104.4,4.1,450391,16571,15,15,bbr1
0.392,26865,18,17280,41.1,39.0,20.2,104.4,3.7,450391,16573,15,15,bbr1
0.398,26865,18,17280,40.9,39.5,20.2,104.4,3.2,450391,16575,15,15,bbr1
0.019,3072,2,0,41.2,42.8,20.2,104.4,1.4,559483,16578,16,16,bbr1
0.009,5760,4,0,41.4,42.6,20.2,104.4,1.4,559483,16580,16,16,bbr1
0.036,11456,7,1440,39.3,25.0,20.2,104.4,5.2,559483,16585,16,16,bbr1
0.047,12880,8,7200,38.0,28.8,20.2,104.4,6.5,559483,16590,16,16,bbr1
0.062,17152,11,8640,35.9,21.4,20.2,104.4,9.0,559483,16594,16,16,bbr1
0.070,20000,13,11520,34.3,23.2,20.2,104.4,9.9,559483,16598,16,16,bbr1
0.078,22848,15,12960,33.1,24.8,20.2,104.4,9.8,559483,16601,16,16,bbr1
0.083,25696,17,12960,32.3,26.6,20.2,104.4,9.0,559483,16603,16,16,bbr1
0.091,26752,18,14400,31.1,22.2,20.2,104.4,9.3,559483,16606,16,16,bbr1
0.098,26752,18,15840,30.6,27.3,20.2,104.4,7.9,559483,16609,16,16,bbr1
0.103,26752,18,15840,30.4,29.0,20.2,104.4,6.3,559483,16611,16,16,bbr1
0.111,26752,18,17280,30.4,30.4,20.2,104.4,4.8,559483,16614,16,16,bbr1
0.117,26752,18,17280,30.6,32.3,20.2,104.4,4.0,559483,16616,16,16,bbr1
0.124,26752,18,18720,31.0,34.0,20.2,104.4,3.9,559483,16619,16,16,bbr1
0.132,26655,18,20160,31.6,35.9,20.2,104.4,4.1,556516,16622,16,16,bbr1
0.141,26655,18,21600,32.3,37.1,20.2,104.4,4.4,333909,16625,16,16,bbr1
0.145,26655,18,20160,33.2,39.2,20.2,104.4,5.1,333909,16626,16,16,bbr1
0.154,26655,18,20160,34.1,40.6,20.2,104.4,5.6,333909,16628,16,16,bbr1
0.159,26655,18,18720,35.2,42.5,20.2,104.4,6.3,333909,16629,16,16,bbr1
0.167,26655,18,18720,36.3,44.2,20.2,104.4,7.0,333909,16631,16,16,bbr1
0.176,26655,18,18720,37.5,45.9,20.2,104.4,7.6,333909,16633,16,16,bbr1
0.180,26655,18,17280,38.7,47.5,20.2,104.4,8.2,333909,16634,16,16,bbr1
0.188,26655,18,17280,40.0,48.7,20.2,104.4,8.7,445213,16636,16,16,bbr1
0.194,26655,18,17280,41.1,49.0,20.2,104.4,8.8,445213,16638,16,16,bbr1
0.206,19023,13,14400,42.3,45.2,20.2,104.4,7.0,445213,16640,16,16,bbr1
0.216,21871,15,17280,42.6,44.1,20.2,104.4,5.7,445213,16644,16,16,bbr1
0.222,26143,18,15840,42.1,39.3,20.2,104.4,5.1,445213,16646,16,16,bbr1
0.229,26655,18,15840,41.8,39.0,20.2,104.4,4.6,445213,16648,16,16,bbr1
0.235,26655,18,15840,41.4,39.1,20.2,104.4,4.1,445213,16650,16,16,bbr1
0.245,26655,18,15840,40.5,34.4,20.2,104.4,4.8,445213,16653,16,16,bbr1
0.255,26655,18,17280,40.2,37.5,20.2,104.4,4.4,445213,16656,16,16,bbr1
0.261,26655,18,17280,39.9,38.2,20.2,104.4,3.8,445213,16658,16,16,bbr1
0.268,26655,18,17280,39.7,38.4,20.2,104.4,3.2,445213,16660,16,16,bbr1
0.274,26655,18,17280,39.6,38.8,20.2,104.4,2.7,445213,16662,16,16,bbr1
0.280,26655,18,17280,39.5,39.1,20.2,104.4,2.1,445213,16664,16,16,bbr1
0.287,26655,18,17280,39.5,39.1,20.2,104.4,1.7,445213,16666,16,16,bbr1
0.293,26655,18,17280,39.5,39.5,20.2,104.4,1.3,445213,16668,16,16,bbr1
0.307,19023,13,14400,39.7,40.7,20.2,104.4,1.2,556516,16670,16,16,bbr1
0.315,21871,15,17280,39.9,40.8,20.2,104.4,1.1,556516,16674,16,16,bbr1
0.323,26143,18,17280,39.9,39.9,20.2,104.4,0.9,556516,16677,16,16,bbr1
0.330,26655,18,18720,39.9,40.0,20.2,104.4,0.7,556516,16680,16,16,bbr1
0.338,26655,18,20160,40.2,42.4,20.2,104.4,1.1,556516,16683,16,16,bbr1
0.345,26655,18,18720,39.2,32.6,20.2,104.4,2.8,333909,16685,16,16,bbr1
0.358,19023,13,15840,38.9,39.3,20.2,104.4,2.3,333909,16687,16,16,bbr1
0.366,21871,15,17280,38.9,38.9,20.2,104.4,1.8,445213,16690,16,16,bbr1
0.372,26143,18,15840,39.2,41.6,20.2,104.4,2.0,465968,16692,16,16,bbr1
0.381,27495,19,17280,39.7,43.4,20.2,104.4,2.5,465968,16695,16,16,bbr1
0.388,27495,19,17280,40.4,45.1,20.2,104.4,3.2,465968,16697,16,16,bbr1
0.397,27495,19,18720,40.8,43.3,20.2,104.4,3.2,465968,16700,16,16,bbr1
0.403,27495,19,18720,40.4,37.6,20.2,104.4,3.2,465968,16702,16,16,bbr1
0.415,19443,13,15840,40.4,41.0,20.2,104.4,2.0,465968,16704,16,16,bbr1
0.421,22291,15,17280,40.3,39.6,20.2,104.4,1.7,465968,16707,16,16,bbr1
0.430,25139,17,18720,40.5,41.9,20.2,104.4,1.7,465968,16710,16,16,bbr1
0.436,27495,19,18720,40.8,42.6,20.2,104.4,1.8,465968,16712,16,16,bbr1
0.443,27495,19,18720,41.0,43.1,20.2,104.4,1.9,465968,16714,16,16,bbr1
0.449,27495,19,18720,41.4,44.0,20.2,104.4,2.2,465968,16716,16,16,bbr1
0.466,20867,14,15840,41.3,42.7,20.2,104.4,2.0,582460,16719,16,16,bbr1
0.474,23715,16,18720,41.7,44.0,20.2,104.4,2.2,582460,16723,16,16,bbr1
0.481,26563,18,20160,42.0,44.3,20.2,104.4,2.3,582460,16726,16,16,bbr1
0.488,27495,19,21600,42.4,45.3,20.2,104.4,2.5,582460,16729,16,16,bbr1
0.498,27495,19,23040,42.9,46.0,20.2,104.4,2.8,349476,16732,16,16,bbr1
0.502,27495,19,21600,43.3,46.7,20.2,104.4,3.1,349476,16733,16,16,bbr1
0.510,27495,19,20160,42.9,39.6,20.2,104.4,3.2,349476,16735,16,16,bbr1
0.518,27495,19,20160,43.2,45.5,20.2,104.4,3.1,349476,16737,16,16,bbr1
0.526,27495,19,20160,43.9,48.6,20.2,104.4,3.7,349476,16739,16,16,bbr1
0.534,27495,19,18720,44.4,47.8,20.2,104.4,3.7,349476,16741,16,16,bbr1
0.547,19443,13,15840,45.9,51.8,20.2,104.4,4.8,349476,16743,16,16,bbr1
0.554,22291,15,17280,46.4,50.0,20.2,104.4,4.6,465968,16746,16,16,bbr1
0.560,25139,17,17280,46.7,48.8,20.2,104.4,4.1,465968,16748,16,16,bbr1
0.569,27495,19,18720,46.7,47.0,20.2,104.4,3.1,465968,16751,16,16,bbr1
0.576,27495,19,18720,46.6,46.1,20.2,104.4,2.5,465968,16753,16,16,bbr1
0.582,27495,19,18720,46.4,44.6,20.2,104.4,2.4,465968,16755,16,16,bbr1
0.588,27495,19,18720,45.5,39.2,20.2,104.4,3.6,465968,16757,16,16,bbr1
0.597,27495,19,20160,45.0,41.5,20.2,104.4,3.7,465968,16760,16,16,bbr1
0.603,27495,19,20160,44.6,42.2,20.2,104.4,3.5,465968,16762,16,16,bbr1
0.615,19443,13,17335,44.4,43.9,20.2,104.4,2.4,465968,16765,16,16,bbr1
0.622,22291,15,17335,44.3,43.9,20.2,104.4,1.9,465968,16767,16,16,bbr1
0.631,25139,17,20215,44.4,44.9,20.2,104.4,1.6,582460,16771,16,16,bbr1
0.635,27495,19,20215,44.5,45.7,20.2,104.4,1.5,582460,16773,16,16,bbr1
0.643,27495,19,21655,44.8,46.2,20.2,104.4,1.6,582460,16776,16,16,bbr1
0.652,27495,19,23095,45.0,46.7,20.2,104.4,1.7,349476,16779,16,16,bbr1
0.656,27495,19,21655,45.3,47.7,20.2,104.4,1.9,349476,16780,16,16,bbr1
0.664,27495,19,21600,45.0,42.9,20.2,104.4,2.1,349476,16782,16,16,bbr1
0.673,27495,19,21600,44.8,42.9,20.2,104.4,2.1,349476,16784,16,16,bbr1
0.684,19443,13,17280,45.3,47.2,20.2,104.4,2.1,349476,16785,16,16,bbr1
0.691,22291,15,17280,45.8,49.2,20.2,104.4,2.6,465968,16787,16,16,bbr1
0.701,25139,17,20160,46.7,52.8,20.2,104.4,3.7,465968,16791,16,16,bbr1
0.707,27495,19,18720,47.3,51.9,20.2,104.4,4.1,465968,16793,16,16,bbr1
0.715,27495,19,20160,47.8,51.2,20.2,104.4,4.0,465968,16796,16,16,bbr1
0.722,27495,19,20160,48.0,49.6,20.2,104.4,3.5,465968,16798,16,16,bbr1
0.728,27495,19,18720,47.1,41.0,20.2,104.4,4.3,465968,16800,16,16,bbr1
0.744,19443,13,17280,46.2,44.9,20.2,104.4,4.0,465968,16803,16,16,bbr1
0.751,22291,15,17280,46.1,45.6,20.2,104.4,3.1,465968,16805,16,16,bbr1
0.760,25139,17,20160,46.1,46.4,20.2,104.4,2.4,465968,16809,16,16,bbr1
0.766,27495,19,20160,46.2,47.0,20.2,104.4,2.0,465968,16811,16,16,bbr1
0.772,27495,19,20160,46.4,47.4,20.2,104.4,1.8,465968,16813,16,16,bbr1
0.778,27495,19,20160,46.6,48.3,20.2,104.4,1.8,465968,16815,16,16,bbr1
0.785,27495,19,20160,46.9,48.6,20.2,104.4,1.9,465968,16817,16,16,bbr1
0.798,19443,13,18720,45.9,42.6,20.2,104.4,2.8,582460,16820,16,16,bbr1
0.805,22291,15,17280,45.9,46.1,20.2,104.4,2.1,582460,16821,16,16,bbr1
0.813,25139,17,20160,46.0,47.0,20.2,104.4,1.9,582460,16825,16,16,bbr1
0.820,27495,19,21600,46.2,47.7,20.2,104.4,1.8,582460,16828,16,16,bbr1
0.829,27495,19,23040,46.5,48.2,20.2,104.4,1.8,349476,16831,16,16,bbr1
0.834,27495,19,21600,46.8,49.2,20.2,104.4,2.1,349476,16832,16,16,bbr1
0.841,27495,19,21600,47.2,49.5,20.2,104.4,2.2,349476,16834,16,16,bbr1
0.850,27495,19,21600,47.0,46.0,20.2,104.4,2.0,349476,16836,16,16,bbr1
0.854,27495,19,20160,46.5,42.8,20.2,104.4,2.5,349476,16837,16,16,bbr1
0.862,27495,19,20160,46.7,48.0,20.2,104.4,2.3,349476,16839,16,16,bbr1
0.875,20867,14,15840,47.5,51.0,20.2,104.4,2.8,349476,16841,16,16,bbr1
0.883,23715,16,17280,48.0,51.3,20.2,104.4,3.0,442579,16844,16,16,bbr1
0.889,26549,18,17280,48.1,49.3,20.2,104.4,2.6,442579,16846,16,16,bbr1
0.896,26549,18,17280,48.2,48.3,20.2,104.4,2.0,442579,16848,16,16,bbr1
0.906,26549,18,18720,48.0,46.7,20.2,104.4,1.9,442579,16851,16,16,bbr1
0.912,26549,18,18720,47.7,45.7,20.2,104.4,2.0,442579,16853,16,16,bbr1
0.918,26549,18,17280,46.6,39.3,20.2,104.4,3.6,442579,16855,16,16,bbr1
0.929,26549,18,18720,46.1,42.2,20.2,104.4,3.8,442579,16858,16,16,bbr1
0.940,18970,13,15840,45.3,42.8,20.2,104.4,3.5,442579,16860,16,16,bbr1
0.947,21818,15,17280,45.0,43.2,20.2,104.4,3.2,442579,16863,16,16,bbr1
0.956,24666,17,18720,44.8,43.3,20.2,104.4,2.8,553223,16866,16,16,bbr1
0.961,26549,18,18720,44.7,43.8,20.2,104.4,2.4,553223,16868,16,16,bbr1
0.969,26549,18,20160,44.6,44.1,20.2,104.4,1.9,553223,16871,16,16,bbr1
0.976,26549,18,20160,44.5,44.1,20.2,104.4,1.6,331934,16873,16,16,bbr1
0.985,26549,18,18720,43.9,39.3,20.2,104.4,2.5,331934,16875,16,16,bbr1
0.994,26549,18,18720,43.7,42.7,20.2,104.4,2.2,331934,16877,16,16,bbr1
1.005,18970,13,15840,43.8,45.0,20.2,104.4,1.6,331934,16879,16,16,bbr1
1.014,21818,15,17280,44.1,46.0,20.2,104.4,1.8,442579,16882,16,16,bbr1
1.020,24666,17,17280,44.6,48.3,20.2,104.4,2.4,442579,16884,16,16,bbr1
1.027,26535,18,15840,44.7,45.5,20.2,104.4,2.0,442236,16886,16,16,bbr1
0.006,3072,2,0,42.4,40.1,20.2,104.4,3.0,442236,16888,17,17,bbr1
0.006,5760,4,0,40.7,29.2,20.2,104.4,5.6,552795,16890,17,17,bbr1
0.032,11456,7,1440,38.7,24.3,20.2,104.4,8.3,552795,16895,17,17,bbr1
0.043,12880,8,7200,37.3,28.0,20.2,104.4,8.9,552795,16900,17,17,bbr1
0.058,17152,11,8640,35.3,21.2,20.2,104.4,10.7,552795,16904,17,17,bbr1
0.066,20000,13,11520,33.8,22.7,20.2,104.4,11.2,552795,16908,17,17,bbr1
0.074,22848,15,12960,32.5,23.9,20.2,104.4,10.8,552795,16911,17,17,bbr1
0.079,25696,17,12960,31.7,26.1,20.2,104.4,9.7,552795,16913,17,17,bbr1
0.087,26535,18,14400,30.5,22.2,20.2,104.4,9.7,552795,16916,17,17,bbr1
0.094,26535,18,15840,30.1,27.1,20.2,104.4,8.1,552795,16919,17,17,bbr1
0.100,26535,18,15840,30.0,29.0,20.2,104.4,6.4,552795,16921,17,17,bbr1
0.108,26535,18,17280,30.0,30.5,20.2,104.4,4.9,552795,16924,17,17,bbr1
0.113,26535,18,17280,30.3,32.2,20.2,104.4,4.2,552795,16926,17,17,bbr1
0.121,26535,18,18720,30.7,33.8,20.2,104.4,4.0,552795,16929,17,17,bbr1
0.128,26535,18,20160,31.3,34.9,20.2,104.4,4.1,552795,16932,17,17,bbr1
0.135,26535,18,20160,32.0,37.1,20.2,104.4,4.5,331677,16934,17,17,bbr1
0.144,26535,18,20160,32.8,38.2,20.2,104.4,4.9,331677,16936,17,17,bbr1
0.148,26535,18,18720,33.7,40.4,20.2,104.4,5.6,331677,16937,17,17,bbr1
0.157,26535,18,18720,34.8,42.0,20.2,104.4,6.3,331677,16939,17,17,bbr1
0.162,26535,18,17280,35.9,43.7,20.2,104.4,6.9,331677,16940,17,17,bbr1
0.169,26535,18,17280,37.0,45.2,20.2,104.4,7.5,442236,16942,17,17,bbr1
0.175,26535,18,17280,38.2,46.5,20.2,104.4,8.0,442236,16944,17,17,bbr1
0.182,26535,18,17280,39.5,48.6,20.2,104.4,8.6,442236,16946,17,17,bbr1
0.188,26535,18,17280,40.4,46.7,20.2,104.4,8.3,442236,16948,17,17,bbr1
0.202,18963,13,15840,41.3,43.0,20.2,104.4,6.0,552795,16951,17,17,bbr1
0.209,21811,15,17280,41.2,40.9,20.2,104.4,4.6,552795,16954,17,17,bbr1
0.217,24659,17,20160,41.0,39.8,20.2,104.4,3.8,552795,16958,17,17,bbr1
0.225,26535,18,20160,40.9,40.1,20.2,104.4,3.1,331677,16960,17,17,bbr1
0.229,26535,18,18720,40.8,40.3,20.2,104.4,2.5,331677,16961,17,17,bbr1
0.237,26535,18,18720,40.8,40.8,20.2,104.4,1.9,331677,16963,17,17,bbr1
0.242,26535,18,15840,40.4,37.7,20.2,104.4,2.2,331677,16964,17,17,bbr1
0.258,18963,13,14400,41.0,44.3,20.2,104.4,2.3,442236,16967,17,17,bbr1
0.268,21811,15,17280,41.6,45.9,20.2,104.4,2.9,442236,16971,17,17,bbr1
0.274,24659,17,17280,42.1,45.6,20.2,104.4,3.2,442236,16973,17,17,bbr1
0.281,26512,18,17280,42.3,44.1,20.2,104.4,2.9,441670,16975,17,17,bbr1
0.288,26512,18,17280,42.2,41.6,20.2,104.4,2.3,441670,16977,17,17,bbr1
0.295,26512,18,17280,42.0,40.3,20.2,104.4,2.2,441670,16979,17,17,bbr1
0.300,26512,18,17280,41.3,36.0,20.2,104.4,3.2,441670,16981,17,17,bbr1
0.313,18952,13,14400,40.9,39.9,20.2,104.4,2.4,552087,16983,17,17,bbr1
0.321,21800,15,17280,40.9,40.5,20.2,104.4,1.9,552087,16987,17,17,bbr1
0.327,24648,17,17280,40.8,40.7,20.2,104.4,1.5,552087,16989,17,17,bbr1
0.334,26512,18,18720,40.8,40.9,20.2,104.4,1.1,552087,16992,17,17,bbr1
0.342,26512,18,20160,40.9,40.9,20.2,104.4,0.8,552087,16995,17,17,bbr1
0.351,26512,18,21600,41.0,41.7,20.2,104.4,0.9,331252,16998,17,17,bbr1
0.356,26512,18,20160,40.3,36.0,20.2,104.4,1.9,331252,16999,17,17,bbr1
0.368,18952,13,17280,40.7,42.6,20.2,104.4,1.7,331252,17001,17,17,bbr1
0.375,23224,16,15840,41.0,43.3,20.2,104.4,1.9,444462,17003,17,17,bbr1
0.385,26072,18,18720,41.4,44.4,20.2,104.4,2.3,444462,17007,17,17,bbr1
0.391,26625,18,18720,42.1,46.5,20.2,104.4,3.0,444462,17009,17,17,bbr1
0.398,26625,18,18720,42.8,48.1,20.2,104.4,3.8,444462,17011,17,17,bbr1
0.405,26625,18,18720,43.3,46.3,20.2,104.4,3.7,444462,17013,17,17,bbr1
0.417,19008,13,15840,42.7,41.0,20.2,104.4,3.0,555577,17015,17,17,bbr1
0.424,21856,15,17280,42.9,44.2,20.2,104.4,2.6,555577,17018,17,17,bbr1
0.433,24704,17,20160,43.1,44.1,20.2,104.4,2.3,555577,17022,17,17,bbr1
0.440,26625,18,20160,43.3,44.9,20.2,104.4,2.2,333346,17024,17,17,bbr1
0.449,26625,18,20160,43.5,45.0,20.2,104.4,2.1,333346,17026,17,17,bbr1
0.453,26625,18,18720,43.7,45.2,20.2,104.4,2.0,333346,17027,17,17,bbr1
0.462,17584,12,17280,43.2,39.3,20.2,104.4,2.6,333346,17029,17,17,bbr1
0.469,20432,14,15840,43.1,42.8,20.2,104.4,2.0,444462,17030,17,17,bbr1
0.479,23280,16,18720,43.5,46.1,20.2,104.4,2.3,444462,17034,17,17,bbr1
0.485,26128,18,18720,44.0,47.6,20.2,104.4,2.7,444462,17036,17,17,bbr1
0.491,26625,18,18720,44.4,47.5,20.2,104.4,2.9,555577,17038,17,17,bbr1
0.499,26625,18,20160,44.6,45.5,20.2,104.4,2.5,555577,17041,17,17,bbr1
0.504,26625,18,20160,44.5,44.1,20.2,104.4,1.9,555577,17043,17,17,bbr1
0.513,26625,18,20160,43.9,39.3,20.2,104.4,2.8,333346,17046,17,17,bbr1
0.527,19008,13,17280,43.7,43.4,20.2,104.4,1.8,333346,17048,17,17,bbr1
0.534,23280,16,15840,43.5,42.3,20.2,104.4,1.7,444462,17050,17,17,bbr1
0.544,26128,18,18720,43.7,44.6,20.2,104.4,1.5,444462,17054,17,17,bbr1
0.550,26625,18,18720,43.9,45.6,20.2,104.4,1.6,444462,17056,17,17,bbr1
0.557,26625,18,18720,44.4,47.9,20.2,104.4,2.2,444462,17058,17,17,bbr1
0.563,26625,18,18720,44.8,47.9,20.2,104.4,2.5,444462,17060,17,17,bbr1
0.573,26625,18,18720,44.4,41.1,20.2,104.4,2.8,444462,17063,17,17,bbr1
0.587,19008,13,17280,44.1,44.8,20.2,104.4,2.4,555577,17066,17,17,bbr1
0.594,21856,15,17280,44.2,45.2,20.2,104.4,2.1,555577,17068,17,17,bbr1
0.602,24704,17,20160,44.4,45.5,20.2,104.4,1.9,555577,17072,17,17,bbr1
0.611,26625,18,21600,44.6,45.9,20.2,104.4,1.8,333346,17075,17,17,bbr1
0.615,26625,18,20160,44.8,46.3,20.2,104.4,1.8,333346,17076,17,17,bbr1
0.624,26625,18,20160,45.0,46.6,20.2,104.4,1.8,333346,17078,17,17,bbr1
0.628,26625,18,18720,45.2,47.0,20.2,104.4,1.8,333346,17079,17,17,bbr1
0.642,19008,13,15840,44.7,42.8,20.2,104.4,2.0,333346,17081,17,17,bbr1
0.650,21856,15,17280,45.1,47.8,20.2,104.4,2.3,444462,17084,17,17,bbr1
0.656,24704,17,17280,45.4,47.7,20.2,104.4,2.4,444462,17086,17,17,bbr1
0.662,26625,18,17280,45.6,47.3,20.2,104.4,2.2,444462,17088,17,17,bbr1
0.672,26625,18,18720,45.9,47.6,20.2,104.4,2.2,444462,17091,17,17,bbr1
0.678,26625,18,18720,45.9,45.8,20.2,104.4,1.7,444462,17093,17,17,bbr1
0.685,26625,18,17280,45.0,39.3,20.2,104.4,2.9,444462,17095,17,17,bbr1
0.695,17584,12,17280,44.4,40.2,20.2,104.4,3.4,444462,17098,17,17,bbr1
0.702,20432,14,15840,44.0,40.8,20.2,104.4,3.4,444462,17099,17,17,bbr1
0.711,23280,16,18720,43.6,41.2,20.2,104.4,3.3,444462,17103,17,17,bbr1
0.717,26128,18,18720,43.4,41.4,20.2,104.4,3.0,555577,17105,17,17,bbr1
0.722,26625,18,18720,43.2,42.0,20.2,104.4,2.6,555577,17107,17,17,bbr1
0.730,26625,18,20160,43.1,42.3,20.2,104.4,2.2,555577,17110,17,17,bbr1
0.737,26625,18,20160,43.0,42.7,20.2,104.4,1.7,333346,17112,17,17,bbr1
0.753,20432,14,15840,42.7,43.2,20.2,104.4,1.8,333346,17114,17,17,bbr1
0.761,23280,16,17280,42.8,43.5,20.2,104.4,1.6,444462,17117,17,17,bbr1
0.767,26128,18,17280,43.1,45.2,20.2,104.4,1.8,444462,17119,17,17,bbr1
0.773,26625,18,17280,43.5,46.3,20.2,104.4,2.2,444462,17121,17,17,bbr1
0.783,26625,18,18720,44.1,48.5,20.2,104.4,2.9,444462,17124,17,17,bbr1
0.790,26625,18,18720,44.6,48.5,20.2,104.4,3.2,444462,17126,17,17,bbr1
0.796,17584,12,17280,44.0,39.3,20.2,104.4,3.8,444462,17128,17,17,bbr1
0.804,20432,14,15840,43.7,41.7,20.2,104.4,3.4,444462,17129,17,17,bbr1
0.814,23280,16,18720,43.5,42.5,20.2,104.4,2.9,444462,17133,17,17,bbr1
0.820,26128,18,18720,43.4,42.8,20.2,104.4,2.3,444462,17135,17,17,bbr1
0.827,26625,18,18720,43.4,43.2,20.2,104.4,1.8,444462,17137,17,17,bbr1
0.834,26625,18,18720,43.4,43.4,20.2,104.4,1.4,444462,17139,17,17,bbr1
0.840,26625,18,18720,43.5,43.8,20.2,104.4,1.1,555577,17141,17,17,bbr1
0.847,26625,18,18720,42.9,39.3,20.2,104.4,1.9,555577,17144,17,17,bbr1
0.861,19008,13,18720,42.6,41.6,20.2,104.4,1.6,331485,17148,17,17,bbr1
0.868,21856,15,17280,42.5,42.1,20.2,104.4,1.3,331485,17149,17,17,bbr1
0.877,24704,17,18720,42.5,42.5,20.2,104.4,1.0,331485,17152,17,17,bbr1
0.885,26525,18,18720,42.6,42.8,20.2,104.4,0.8,331485,17154,17,17,bbr1
0.890,26525,18,17280,42.8,44.5,20.2,104.4,1.1,331485,17155,17,17,bbr1
0.897,26525,18,17280,43.2,45.9,20.2,104.4,1.6,441981,17157,17,17,bbr1
0.904,26525,18,17280,43.7,47.3,20.2,104.4,2.2,441981,17159,17,17,bbr1
0.916,18958,13,14400,44.3,45.9,20.2,104.4,2.2,441981,17161,17,17,bbr1
0.925,21806,15,17280,44.2,44.1,20.2,104.4,1.7,441981,17165,17,17,bbr1
0.932,24654,17,17280,44.0,42.1,20.2,104.4,1.8,441981,17167,17,17,bbr1
0.938,26525,18,17280,43.5,40.4,20.2,104.4,2.2,441981,17169,17,17,bbr1
0.945,26525,18,17280,43.2,40.8,20.2,104.4,2.4,441981,17171,17,17,bbr1
0.952,26525,18,17280,42.9,41.0,20.2,104.4,2.3,441981,17173,17,17,bbr1
0.958,26525,18,17280,42.0,36.0,20.2,104.4,3.5,441981,17175,17,17,bbr1
0.970,18958,13,14400,41.5,40.0,20.2,104.4,2.8,441981,17177,17,17,bbr1
0.980,21806,15,17280,41.3,40.0,20.2,104.4,2.5,441981,17181,17,17,bbr1
0.986,24654,17,17280,41.3,40.7,20.2,104.4,2.0,552476,17183,17,17,bbr1
0.991,26525,18,17280,41.2,40.9,20.2,104.4,1.6,552476,17185,17,17,bbr1
0.999,26525,18,18720,41.2,40.9,20.2,104.4,1.3,552476,17188,17,17,bbr1
1.007,26525,18,20160,41.2,41.7,20.2,104.4,1.1,552476,17191,17,17,bbr1
1.014,26525,18,20160,40.6,36.0,20.2,104.4,2.1,331485,17193,17,17,bbr1
1.023,18958,13,15840,40.0,38.2,20.2,104.4,2.2,331485,17194,17,17,bbr1
1.031,21806,15,17280,40.0,39.9,20.2,104.4,1.7,441981,17197,17,17,bbr1
1.037,24654,17,17280,40.1,41.1,20.2,104.4,1.5,441981,17199,17,17,bbr1
1.044,26525,18,17280,40.5,43.1,20.2,104.4,1.9,441981,17201,17,17,bbr1
1.054,26525,18,18720,41.0,44.8,20.2,104.4,2.5,441981,17204,17,17,bbr1
1.061,26229,18,18720,41.6,45.9,20.2,104.4,3.1,434666,17206,17,17,bbr1
1.067,17386,12,17280,41.4,39.4,20.2,104.4,2.9,449778,17208,17,17,bbr1
1.075,20234,14,15840,41.4,41.8,20.2,104.4,2.3,449778,17209,17,17,bbr1
1.085,23082,16,18720,41.5,42.4,20.2,104.4,1.9,449778,17213,17,17,bbr1
0.005,23387,16,0,42.2,43.4,20.2,104.4,1.6,449778,17216,18,18,bbr1
0.006,14270,9,0,40.4,27.6,20.2,104.4,4.9,562222,17218,18,18,bbr1
0.032,19966,13,8640,38.3,23.7,20.2,104.4,7.8,562222,17228,18,18,bbr1
0.042,22814,15,12960,37.1,28.5,20.2,104.4,8.3,562222,17233,18,18,bbr1
0.050,25662,17,14400,36.2,29.9,20.2,104.4,8.0,562222,17236,18,18,bbr1
0.058,26840,18,15840,35.7,32.1,20.2,104.4,7.0,562222,17239,18,18,bbr1
0.063,26840,18,15840,34.4,25.6,20.2,104.4,7.8,562222,17241,18,18,bbr1
0.070,26840,18,17280,33.9,30.5,20.2,104.4,6.8,562222,17244,18,18,bbr1
0.078,26840,18,18720,33.7,32.4,20.2,104.4,5.5,562222,17247,18,18,bbr1
0.083,26840,18,18720,33.8,33.9,20.2,104.4,4.2,562222,17249,18,18,bbr1
0.091,26840,18,20160,34.0,35.9,20.2,104.4,3.6,562222,17252,18,18,bbr1
0.100,26840,18,21600,34.4,37.3,20.2,104.4,3.6,337333,17255,18,18,bbr1
0.105,26840,18,20160,35.0,39.3,20.2,104.4,3.9,337333,17256,18,18,bbr1
0.113,26840,18,20160,35.8,40.9,20.2,104.4,4.4,337333,17258,18,18,bbr1
0.117,26840,18,18720,36.6,42.8,20.2,104.4,5.0,337333,17259,18,18,bbr1
0.126,26840,18,18720,37.6,44.0,20.2,104.4,5.6,337333,17261,18,18,bbr1
0.134,26840,18,18720,38.6,46.2,20.2,104.4,6.4,337333,17263,18,18,bbr1
0.139,26840,18,17280,39.8,47.9,20.2,104.4,7.1,337333,17264,18,18,bbr1
0.152,19116,13,14400,42.1,49.7,20.2,104.4,8.0,449778,17266,18,18,bbr1
0.161,21964,15,17280,42.8,47.9,20.2,104.4,7.4,449778,17270,18,18,bbr1
0.168,24812,17,17280,43.3,46.3,20.2,104.4,6.4,449778,17272,18,18,bbr1
0.174,26840,18,17280,43.4,44.2,20.2,104.4,5.1,449778,17274,18,18,bbr1
0.180,26840,18,17280,43.3,43.0,20.2,104.4,3.9,449778,17276,18,18,bbr1
0.187,26840,18,15840,42.2,34.1,20.2,104.4,5.2,449778,17278,18,18,bbr1
0.193,26840,18,17280,41.2,34.2,20.2,104.4,5.9,449778,17280,18,18,bbr1
0.205,19116,13,14400,40.5,38.2,20.2,104.4,4.5,449778,17282,18,18,bbr1
0.215,21964,15,17280,40.3,38.9,20.2,104.4,3.8,449778,17286,18,18,bbr1
0.221,24812,17,17280,40.1,39.2,20.2,104.4,3.1,449778,17288,18,18,bbr1
0.227,26840,18,17280,40.1,39.8,20.2,104.4,2.4,449778,17290,18,18,bbr1
0.233,26840,18,17280,40.1,40.3,20.2,104.4,1.9,449778,17292,18,18,bbr1
0.240,26840,18,17280,40.2,40.7,20.2,104.4,1.5,449778,17294,18,18,bbr1
0.246,26840,18,17280,39.7,36.0,20.2,104.4,2.2,449778,17296,18,18,bbr1
0.259,19116,13,14400,39.7,39.8,20.2,104.4,1.3,562222,17298,18,18,bbr1
0.267,21964,15,17280,39.8,40.7,20.2,104.4,1.2,562222,17302,18,18,bbr1
0.275,24812,17,18720,40.0,41.1,20.2,104.4,1.2,562222,17305,18,18,bbr1
0.280,26840,18,18720,40.2,41.6,20.2,104.4,1.3,562222,17307,18,18,bbr1
0.288,26840,18,20160,40.4,42.0,20.2,104.4,1.4,562222,17310,18,18,bbr1
0.299,19116,13,18720,39.0,34.2,20.2,104.4,3.3,337333,17313,18,18,bbr1
0.306,21964,15,17280,38.9,38.7,20.2,104.4,2.5,337333,17314,18,18,bbr1
0.314,26840,18,15840,38.9,38.9,20.2,104.4,1.9,449778,17317,18,18,bbr1
0.323,26840,18,18720,38.9,38.4,20.2,104.4,1.6,449778,17320,18,18,bbr1
0.326,27367,19,17280,39.2,41.9,20.2,104.4,1.9,462808,17321,18,18,bbr1
0.335,27367,19,18720,39.8,43.4,20.2,104.4,2.5,462808,17324,18,18,bbr1
0.342,27367,19,18720,40.4,44.8,20.2,104.4,3.1,462808,17326,18,18,bbr1
0.345,17955,12,15840,40.1,37.6,20.2,104.4,3.0,492222,17327,18,18,bbr1
0.355,20803,14,15840,40.0,39.3,20.2,104.4,2.5,492222,17329,18,18,bbr1
0.364,23651,16,18720,40.1,40.9,20.2,104.4,2.1,492222,17333,18,18,bbr1
0.370,26499,18,18720,40.2,41.3,20.2,104.4,1.9,492222,17335,18,18,bbr1
0.376,28558,19,18720,40.4,41.6,20.2,104.4,1.7,492222,17337,18,18,bbr1
0.385,28558,19,20160,40.7,42.7,20.2,104.4,1.9,492222,17340,18,18,bbr1
0.396,21399,14,15840,40.7,39.4,20.2,104.4,1.8,492222,17342,18,18,bbr1
0.406,24247,16,18720,41.0,43.1,20.2,104.4,2.0,492222,17346,18,18,bbr1
0.414,27095,18,20160,41.5,44.3,20.2,104.4,2.3,492222,17349,18,18,bbr1
0.423,28558,19,21600,41.9,45.3,20.2,104.4,2.7,492222,17352,18,18,bbr1
0.428,28558,19,21600,42.5,46.5,20.2,104.4,3.2,492222,17354,18,18,bbr1
0.434,28558,19,21600,43.1,47.5,20.2,104.4,3.6,615277,17356,18,18,bbr1
0.451,21399,14,18720,43.5,46.8,20.2,104.4,3.0,369166,17359,18,18,bbr1
0.458,24247,16,18720,44.1,48.2,20.2,104.4,3.4,369166,17361,18,18,bbr1
0.467,27095,18,20160,44.8,49.2,20.2,104.4,3.8,369166,17364,18,18,bbr1
0.475,28558,19,20160,45.4,49.8,20.2,104.4,4.1,369166,17366,18,18,bbr1
0.478,28558,19,18720,46.1,50.9,20.2,104.4,4.5,369166,17367,18,18,bbr1
0.486,28558,19,18720,46.8,52.0,20.2,104.4,4.8,369166,17369,18,18,bbr1
0.494,28558,19,18720,47.8,54.3,20.2,104.4,5.5,369166,17371,18,18,bbr1
0.502,18551,12,17280,47.6,46.2,20.2,104.4,4.5,369166,17373,18,18,bbr1
0.508,21399,14,15840,47.5,46.7,20.2,104.4,3.6,492222,17374,18,18,bbr1
0.516,24247,16,18720,47.3,45.8,20.2,104.4,3.1,492222,17378,18,18,bbr1
0.522,27095,18,18720,47.0,45.0,20.2,104.4,2.9,492222,17380,18,18,bbr1
0.528,28558,19,18720,46.6,43.8,20.2,104.4,3.0,492222,17382,18,18,bbr1
0.537,28558,19,20160,46.1,42.7,20.2,104.4,3.2,492222,17385,18,18,bbr1
0.543,28558,19,20160,45.5,41.7,20.2,104.4,3.5,492222,17387,18,18,bbr1
0.555,19975,13,18720,44.5,42.9,20.2,104.4,3.6,492222,17390,18,18,bbr1
0.562,22823,15,17280,44.5,44.1,20.2,104.4,2.8,492222,17391,18,18,bbr1
0.571,25671,17,20160,44.5,44.9,20.2,104.4,2.2,492222,17395,18,18,bbr1
0.577,28519,19,20160,44.7,46.2,20.2,104.4,2.1,492222,17397,18,18,bbr1
0.583,28558,19,20160,45.0,46.8,20.2,104.4,2.0,492222,17399,18,18,bbr1
0.592,28558,19,21600,45.3,47.8,20.2,104.4,2.2,492222,17402,18,18,bbr1
0.598,28558,19,21600,45.8,48.8,20.2,104.4,2.5,492222,17404,18,18,bbr1
0.603,28558,19,21600,45.8,46.2,20.2,104.4,2.0,492222,17406,18,18,bbr1
0.624,22823,15,17280,45.9,47.9,20.2,104.4,2.1,615277,17409,18,18,bbr1
0.631,25671,17,20160,46.2,48.8,20.2,104.4,2.3,615277,17413,18,18,bbr1
0.638,28519,19,21600,46.7,50.1,20.2,104.4,2.7,615277,17416,18,18,bbr1
0.647,28558,19,23040,47.3,51.0,20.2,104.4,3.1,369166,17419,18,18,bbr1
0.654,28558,19,23040,47.9,52.1,20.2,104.4,3.5,369166,17421,18,18,bbr1
0.658,28558,19,21600,48.5,53.1,20.2,104.4,3.9,369166,17422,18,18,bbr1
0.670,19975,13,18720,46.8,41.1,20.2,104.4,5.2,369166,17424,18,18,bbr1
0.677,22823,15,17280,46.7,46.6,20.2,104.4,4.0,369166,17425,18,18,bbr1
0.684,25671,17,18720,47.0,48.8,20.2,104.4,3.5,492222,17428,18,18,bbr1
0.693,28519,19,20160,47.5,50.9,20.2,104.4,3.6,492222,17431,18,18,bbr1
0.699,28558,19,20160,48.2,53.1,20.2,104.4,4.1,492222,17433,18,18,bbr1
0.704,28558,19,20160,48.6,51.8,20.2,104.4,4.0,492222,17435,18,18,bbr1
0.713,28558,19,21600,49.0,51.2,20.2,104.4,3.6,492222,17438,18,18,bbr1
0.725,19975,13,18720,47.9,42.8,20.2,104.4,4.0,492222,17440,18,18,bbr1
0.732,22823,15,17280,47.7,46.3,20.2,104.4,3.4,492222,17441,18,18,bbr1
0.741,25671,17,20160,47.6,46.9,20.2,104.4,2.8,492222,17445,18,18,bbr1
0.747,28519,19,20160,47.6,47.9,20.2,104.4,2.1,492222,17447,18,18,bbr1
0.752,28558,19,20160,47.8,48.9,20.2,104.4,1.9,492222,17449,18,18,bbr1
0.761,28558,19,21600,48.0,49.9,20.2,104.4,2.0,492222,17452,18,18,bbr1
0.767,28558,19,21600,48.4,51.0,20.2,104.4,2.2,492222,17454,18,18,bbr1
0.780,19975,13,18720,47.5,42.8,20.2,104.4,3.0,492222,17456,18,18,bbr1
0.787,22823,15,17280,47.4,46.7,20.2,104.4,2.4,492222,17457,18,18,bbr1
0.795,25671,17,20160,47.4,47.7,20.2,104.4,1.9,615277,17461,18,18,bbr1
0.802,28519,19,21600,47.6,48.8,20.2,104.4,1.8,615277,17464,18,18,bbr1
0.809,28558,19,23040,47.9,50.0,20.2,104.4,1.9,615277,17467,18,18,bbr1
0.817,28558,19,24480,48.3,51.0,20.2,104.4,2.2,369166,17470,18,18,bbr1
0.821,28558,19,21600,48.5,50.5,20.2,104.4,2.2,369166,17471,18,18,bbr1
0.840,21399,14,17280,47.3,45.1,20.2,104.4,3.3,369166,17473,18,18,bbr1
0.847,24247,16,18720,47.3,47.7,20.2,104.4,2.6,492222,17476,18,18,bbr1
0.856,27095,18,20160,47.7,50.0,20.2,104.4,2.6,492222,17479,18,18,bbr1
0.862,28558,19,20160,48.2,52.2,20.2,104.4,3.1,492222,17481,18,18,bbr1
0.867,28558,19,20160,49.0,54.1,20.2,104.4,3.8,492222,17483,18,18,bbr1
0.876,28558,19,21600,49.7,54.8,20.2,104.4,4.3,492222,17486,18,18,bbr1
0.882,26825,18,21600,50.2,53.6,20.2,104.4,4.2,449396,17488,18,18,bbr1
0.889,26825,18,21600,49.2,42.6,20.2,104.4,5.0,449396,17490,18,18,bbr1
0.901,19108,13,18720,48.6,47.0,20.2,104.4,3.9,449396,17492,18,18,bbr1
0.908,21956,15,17280,48.5,47.9,20.2,104.4,3.1,449396,17493,18,18,bbr1
0.918,24804,17,20160,48.6,49.0,20.2,104.4,2.5,449396,17497,18,18,bbr1
0.924,26825,18,20160,48.7,49.6,20.2,104.4,2.1,449396,17499,18,18,bbr1
0.931,26825,18,20160,49.0,50.8,20.2,104.4,2.1,449396,17501,18,18,bbr1
0.937,26453,18,20160,49.3,51.6,20.2,104.4,2.2,550276,17503,18,18,bbr1
0.944,26453,18,21600,49.6,51.9,20.2,104.4,2.3,550276,17506,18,18,bbr1
0.956,18922,13,18720,48.4,42.8,20.2,104.4,3.5,330165,17508,18,18,bbr1
0.963,21770,15,17280,48.2,46.6,20.2,104.4,3.1,330165,17509,18,18,bbr1
0.007,16563,11,0,47.2,41.0,20.2,104.4,3.1,440221,17512,19,19,bbr1
0.007,10858,7,0,45.0,29.6,20.2,104.4,6.7,440221,17514,19,19,bbr1
0.033,16554,11,5760,42.4,23.8,20.2,104.4,10.3,440221,17522,19,19,bbr1
0.046,19402,13,10080,40.5,27.5,20.2,104.4,11.5,440221,17527,19,19,bbr1
0.053,22250,15,10080,38.9,27.8,20.2,104.4,11.8,440221,17529,19,19,bbr1
0.060,26453,18,8640,36.6,20.6,20.2,104.4,13.4,440221,17531,19,19,bbr1
0.066,26453,18,8640,34.7,20.9,20.2,104.4,14.0,440221,17533,19,19,bbr1
0.072,26453,18,8640,33.0,21.1,20.2,104.4,13.9,440221,17535,19,19,bbr1
0.081,26453,18,10080,31.5,21.1,20.2,104.4,13.4,550276,17538,19,19,bbr1
0.087,26055,18,10080,30.2,21.4,20.2,104.4,12.6,537967,17540,19,19,bbr1
0.095,26055,18,11520,29.2,22.2,20.2,104.4,11.4,537967,17543,19,19,bbr1
0.100,26055,18,11520,28.4,22.4,20.2,104.4,10.3,537967,17545,19,19,bbr1
0.108,26055,18,12960,27.7,23.4,20.2,104.4,9.0,537967,17548,19,19,bbr1
0.113,26055,18,12960,27.4,24.7,20.2,104.4,7.5,537967,17550,19,19,bbr1
0.121,26055,18,14400,27.2,26.0,20.2,104.4,6.0,537967,17553,19,19,bbr1
0.129,26055,18,15840,27.3,28.0,20.2,104.4,4.7,537967,17556,19,19,bbr1
0.135,26055,18,15840,27.5,29.0,20.2,104.4,3.9,537967,17558,19,19,bbr1
0.143,26055,18,17280,27.9,30.4,20.2,104.4,3.7,537967,17561,19,19,bbr1
0.149,26055,18,17280,28.4,32.4,20.2,104.4,3.9,537967,17563,19,19,bbr1
0.156,26055,18,18720,29.1,33.9,20.2,104.4,4.3,537967,17566,19,19,bbr1
0.161,26055,18,18720,29.8,34.9,20.2,104.4,4.7,537967,17568,19,19,bbr1
0.170,26055,18,20160,30.7,36.9,20.2,104.4,5.3,537967,17571,19,19,bbr1
0.177,26055,18,20160,31.7,38.3,20.2,104.4,5.8,322780,17573,19,19,bbr1
0.186,26055,18,20160,32.6,39.5,20.2,104.4,6.3,322780,17575,19,19,bbr1
0.190,26055,18,18720,33.7,40.9,20.2,104.4,6.8,322780,17576,19,19,bbr1
0.200,25974,18,18720,34.8,42.9,20.2,104.4,7.4,321275,17578,19,19,bbr1
0.203,25974,18,17280,36.0,44.2,20.2,104.4,7.9,321275,17579,19,19,bbr1
0.211,25974,18,17280,37.2,46.0,20.2,104.4,8.4,428367,17581,19,19,bbr1
0.218,25974,18,17280,38.3,45.6,20.2,104.4,8.4,428367,17583,19,19,bbr1
0.228,18683,12,12960,40.1,45.0,20.2,104.4,7.7,429708,17584,19,19,bbr1
0.238,21531,14,15840,40.4,43.1,20.2,104.4,6.6,431057,17588,19,19,bbr1
0.245,24379,16,15840,40.4,40.4,20.2,104.4,4.9,431057,17590,19,19,bbr1
0.252,26083,18,15840,40.2,38.8,20.2,104.4,4.1,431057,17592,19,19,bbr1
0.258,26083,18,14400,39.8,37.2,20.2,104.4,3.8,431057,17594,19,19,bbr1
0.265,15889,11,14400,38.7,30.9,20.2,104.4,5.1,431057,17596,19,19,bbr1
0.272,21585,14,11520,37.8,31.0,20.2,104.4,5.8,431057,17598,19,19,bbr1
0.285,25857,17,12960,36.7,29.4,20.2,104.4,6.4,431057,17602,19,19,bbr1
0.291,26083,18,12960,36.0,31.1,20.2,104.4,6.2,431057,17604,19,19,bbr1
0.298,26083,18,12960,35.4,31.4,20.2,104.4,5.8,431057,17606,19,19,bbr1
0.308,15889,11,14400,34.9,30.9,20.2,104.4,5.5,538821,17609,19,19,bbr1
0.313,18737,13,14400,34.5,32.0,20.2,104.4,4.8,538821,17611,19,19,bbr1
0.321,21585,14,15840,34.2,32.1,20.2,104.4,4.2,538821,17614,19,19,bbr1
0.326,24433,16,15840,34.0,32.3,20.2,104.4,3.6,538821,17616,19,19,bbr1
0.334,26083,18,17280,33.8,32.5,20.2,104.4,3.1,538821,17619,19,19,bbr1
0.339,26083,18,17280,33.7,32.7,20.2,104.4,2.6,538821,17621,19,19,bbr1
0.347,26083,18,18720,33.7,34.2,20.2,104.4,2.1,538821,17624,19,19,bbr1
0.360,18737,13,15840,34.3,37.2,20.2,104.4,2.3,538821,17626,19,19,bbr1
0.367,23009,15,15840,34.7,37.7,20.2,104.4,2.5,562537,17629,19,19,bbr1
0.375,25857,17,18720,35.3,39.0,20.2,104.4,3.0,562537,17633,19,19,bbr1
0.383,26850,18,20160,35.9,40.7,20.2,104.4,3.6,562537,17636,19,19,bbr1
0.392,26850,18,21600,36.7,42.2,20.2,104.4,4.3,337522,17639,19,19,bbr1
0.397,26850,18,20160,37.5,43.3,20.2,104.4,4.8,337522,17640,19,19,bbr1
0.409,19121,13,17280,38.0,41.0,20.2,104.4,3.6,337522,17642,19,19,bbr1
0.416,21969,15,17280,38.8,44.5,20.2,104.4,4.3,450030,17644,19,19,bbr1
0.426,24817,17,20160,39.7,46.1,20.2,104.4,5.1,450030,17648,19,19,bbr1
0.433,26850,18,20160,40.7,47.8,20.2,104.4,5.8,450030,17650,19,19,bbr1
0.439,26850,18,20160,41.8,49.6,20.2,104.4,6.6,450030,17652,19,19,bbr1
0.446,26850,18,20160,42.8,49.6,20.2,104.4,6.9,450030,17654,19,19,bbr1
0.452,26850,18,20160,43.4,47.6,20.2,104.4,6.4,450030,17656,19,19,bbr1
0.458,26850,18,20160,43.3,42.8,20.2,104.4,4.9,450030,17658,19,19,bbr1
0.471,19121,13,17280,43.6,46.5,20.2,104.4,3.7,450030,17660,19,19,bbr1
0.478,21969,15,17280,44.0,46.9,20.2,104.4,3.6,450030,17662,19,19,bbr1
0.487,24817,17,20160,44.4,46.8,20.2,104.4,3.4,562537,17666,19,19,bbr1
0.492,26850,18,20160,44.8,47.8,20.2,104.4,3.4,562537,17668,19,19,bbr1
0.500,26850,18,21600,45.2,47.9,20.2,104.4,3.3,562537,17671,19,19,bbr1
0.509,26850,18,23040,45.6,48.7,20.2,104.4,3.3,337522,17674,19,19,bbr1
0.513,26850,18,21600,46.0,48.8,20.2,104.4,3.3,337522,17675,19,19,bbr1
0.522,26850,18,21600,45.6,42.9,20.2,104.4,3.3,337522,17677,19,19,bbr1
0.531,19121,13,17280,45.2,44.9,20.2,104.4,2.5,337522,17678,19,19,bbr1
0.538,21969,15,17280,45.4,46.6,20.2,104.4,2.2,450030,17680,19,19,bbr1
0.548,24817,17,20160,45.7,47.8,20.2,104.4,2.2,450030,17684,19,19,bbr1
0.554,26850,18,20160,46.2,50.0,20.2,104.4,2.8,450030,17686,19,19,bbr1
0.560,26850,18,20160,46.9,51.6,20.2,104.4,3.4,450030,17688,19,19,bbr1
0.566,26850,18,20160,47.3,50.1,20.2,104.4,3.4,450030,17690,19,19,bbr1
0.573,26850,18,20160,47.4,48.2,20.2,104.4,2.8,450030,17692,19,19,bbr1
0.586,19121,13,17280,46.3,42.8,20.2,104.4,3.4,450030,17694,19,19,bbr1
0.593,21969,15,17280,46.4,46.7,20.2,104.4,2.7,450030,17696,19,19,bbr1
0.602,24817,17,20160,46.4,46.9,20.2,104.4,2.1,450030,17700,19,19,bbr1
0.609,26850,18,20160,46.6,47.5,20.2,104.4,1.9,450030,17702,19,19,bbr1
0.615,26850,18,20160,46.7,47.8,20.2,104.4,1.7,450030,17704,19,19,bbr1
0.622,26850,18,20160,46.9,48.4,20.2,104.4,1.7,450030,17706,19,19,bbr1
0.628,26850,18,20160,47.2,48.9,20.2,104.4,1.8,450030,17708,19,19,bbr1
0.635,26850,18,20160,46.6,42.7,20.2,104.4,2.4,450030,17710,19,19,bbr1
0.647,19121,13,17335,46.2,46.6,20.2,104.4,2.2,562537,17713,19,19,bbr1
0.654,21969,15,17335,46.3,46.8,20.2,104.4,1.8,562537,17715,19,19,bbr1
0.662,24817,17,20215,46.4,47.5,20.2,104.4,1.7,562537,17719,19,19,bbr1
0.671,26850,18,21655,46.6,47.8,20.2,104.4,1.6,337522,17722,19,19,bbr1
0.676,26850,18,20215,46.8,47.9,20.2,104.4,1.5,337522,17723,19,19,bbr1
0.684,26850,18,20215,47.0,48.8,20.2,104.4,1.7,337522,17725,19,19,bbr1
0.688,26850,18,18775,47.2,48.9,20.2,104.4,1.7,337522,17726,19,19,bbr1
0.697,26850,18,18720,46.7,42.9,20.2,104.4,2.4,337522,17728,19,19,bbr1
0.705,17697,12,17280,46.5,45.4,20.2,104.4,2.1,337522,17730,19,19,bbr1
0.711,20545,14,15840,46.6,47.0,20.2,104.4,1.7,450030,17731,19,19,bbr1
0.719,23393,16,17280,46.9,48.8,20.2,104.4,1.8,450030,17734,19,19,bbr1
0.725,26241,18,17280,46.9,46.8,20.2,104.4,1.4,450030,17736,19,19,bbr1
0.734,26850,18,18720,46.7,45.5,20.2,104.4,1.4,450030,17739,19,19,bbr1
0.741,26850,18,18720,46.3,43.8,20.2,104.4,1.8,450030,17741,19,19,bbr1
0.747,26850,18,18720,45.8,41.8,20.2,104.4,2.5,450030,17743,19,19,bbr1
0.759,19121,13,15895,44.6,41.8,20.2,104.4,3.4,450030,17746,19,19,bbr1
0.765,21969,15,17335,44.2,41.9,20.2,104.4,3.2,450030,17749,19,19,bbr1
0.775,24817,17,18775,44.1,42.8,20.2,104.4,2.8,450030,17752,19,19,bbr1
0.781,26850,18,18775,43.9,43.1,20.2,104.4,2.3,450030,17754,19,19,bbr1
0.788,26850,18,18775,43.9,43.8,20.2,104.4,1.8,450030,17756,19,19,bbr1
0.793,26850,18,18775,43.9,44.1,20.2,104.4,1.4,562537,17758,19,19,bbr1
0.801,26850,18,18720,43.4,39.3,20.2,104.4,2.2,562537,17761,19,19,bbr1
0.817,19121,13,18775,43.3,43.5,20.2,104.4,1.4,337522,17766,19,19,bbr1
0.824,21969,15,17335,43.4,44.1,20.2,104.4,1.2,337522,17767,19,19,bbr1
0.833,24817,17,18775,43.6,44.5,20.2,104.4,1.2,337522,17770,19,19,bbr1
0.841,26850,18,18775,43.7,45.0,20.2,104.4,1.2,337522,17772,19,19,bbr1
0.845,26850,18,17335,44.0,46.2,20.2,104.4,1.5,337522,17773,19,19,bbr1
0.853,26850,18,17335,44.6,48.5,20.2,104.4,2.3,450030,17775,19,19,bbr1
0.859,26850,18,17335,45.3,50.2,20.2,104.4,3.1,450030,17777,19,19,bbr1
0.872,19160,13,14455,45.1,42.9,20.2,104.4,2.5,432877,17780,19,19,bbr1
0.882,22008,15,17335,45.0,44.2,20.2,104.4,2.1,432877,17784,19,19,bbr1
0.885,24856,17,15895,44.5,41.2,20.2,104.4,2.5,432877,17785,19,19,bbr1
0.892,26156,18,15895,43.9,39.6,20.2,104.4,3.1,432877,17787,19,19,bbr1
0.899,26156,18,15895,43.4,40.1,20.2,104.4,3.3,432877,17789,19,19,bbr1
0.906,26156,18,15895,43.0,40.3,20.2,104.4,3.3,432877,17791,19,19,bbr1
0.912,26033,18,15840,41.9,34.3,20.2,104.4,4.6,429830,17793,19,19,bbr1
0.919,15864,11,15840,41.4,38.0,20.2,104.4,4.5,429830,17795,19,19,bbr1
0.925,18712,12,14400,41.0,38.1,20.2,104.4,4.2,429830,17796,19,19,bbr1
0.932,21560,14,15840,40.7,38.3,20.2,104.4,3.8,429830,17799,19,19,bbr1
0.942,24408,16,17280,40.4,38.4,20.2,104.4,3.4,537287,17802,19,19,bbr1
0.947,26033,18,17280,40.1,38.3,20.2,104.4,3.1,537287,17804,19,19,bbr1
0.955,26033,18,18720,40.0,38.8,20.2,104.4,2.6,537287,17807,19,19,bbr1
0.966,18712,12,15840,39.8,39.1,20.2,104.4,1.9,537287,17809,19,19,bbr1
0.973,21560,14,15840,39.7,39.3,20.2,104.4,1.5,537287,17811,19,19,bbr1
0.005,26853,18,0,40.3,39.3,20.2,104.4,1.6,562632,17812,19,19,bbr1
0.006,26853,18,0,38.7,27.8,20.2,104.4,4.4,562632,17814,19,19,bbr1
0.034,26853,18,14400,37.0,24.8,20.2,104.4,6.8,562632,17828,19,19,bbr1
0.044,26853,18,17280,36.0,29.6,20.2,104.4,6.9,562632,17832,19,19,bbr1
0.049,26853,18,17280,35.4,31.0,20.2,104.4,6.4,562632,17834,19,19,bbr1
0.057,26853,18,18720,35.2,33.3,20.2,104.4,5.4,562632,17837,19,19,bbr1
0.065,26853,18,20160,35.1,34.9,20.2,104.4,4.1,562632,17840,19,19,bbr1
0.072,26853,18,20160,35.2,36.1,20.2,104.4,3.3,337579,17842,19,19,bbr1
0.080,26853,18,20160,35.6,38.5,20.2,104.4,3.3,337579,17844,19,19,bbr1
0.085,26853,18,18720,36.1,39.7,20.2,104.4,3.5,337579,17845,19,19,bbr1
0.093,26853,18,18720,36.9,41.9,20.2,104.4,4.1,337579,17847,19,19,bbr1
0.101,26853,18,18720,37.7,43.7,20.2,104.4,4.7,337579,17849,19,19,bbr1
0.106,26853,18,17280,38.6,45.1,20.2,104.4,5.4,337579,17850,19,19,bbr1
0.113,26853,18,17280,39.7,47.1,20.2,104.4,6.2,450106,17852,19,19,bbr1
0.120,26853,18,17280,40.8,48.8,20.2,104.4,6.9,450106,17854,19,19,bbr1
0.126,26853,18,17280,41.6,46.8,20.2,104.4,6.7,450106,17856,19,19,bbr1
0.132,26853,18,17280,42.0,45.1,20.2,104.4,5.9,450106,17858,19,19,bbr1
0.139,26853,18,17280,42.2,43.8,20.2,104.4,4.9,450106,17860,19,19,bbr1
0.152,19122,13,14400,42.0,40.5,20.2,104.4,3.2,450106,17862,19,19,bbr1
0.162,21970,15,17280,41.9,40.8,20.2,104.4,2.7,450106,17866,19,19,bbr1
0.168,24818,17,17280,41.8,41.0,20.2,104.4,2.2,450106,17868,19,19,bbr1
0.174,26853,18,17280,41.8,41.7,20.2,104.4,1.7,450106,17870,19,19,bbr1
0.181,26853,18,17280,41.8,42.0,20.2,104.4,1.3,450106,17872,19,19,bbr1
0.187,26853,18,15840,40.8,34.1,20.2,104.4,2.9,450106,17874,19,19,bbr1
0.194,26853,18,17280,40.0,34.2,20.2,104.4,3.8,450106,17876,19,19,bbr1
0.205,19122,13,14400,39.5,38.2,20.2,104.4,2.9,450106,17878,19,19,bbr1
0.215,21970,15,17280,39.5,38.9,20.2,104.4,2.4,450106,17882,19,19,bbr1
0.221,24818,17,17280,39.2,37.6,20.2,104.4,2.2,562632,17884,19,19,bbr1
0.226,26853,18,17280,39.1,38.0,20.2,104.4,2.0,562632,17886,19,19,bbr1
0.231,26853,18,18720,39.0,38.2,20.2,104.4,1.7,562632,17888,19,19,bbr1
0.236,26853,18,14400,37.9,30.7,20.2,104.4,3.3,562632,17890,19,19,bbr1
0.256,19122,13,15895,37.6,36.5,20.2,104.4,2.5,562632,17896,19,19,bbr1
0.263,21970,15,17335,37.5,36.7,20.2,104.4,2.1,562632,17899,19,19,bbr1
0.272,24818,17,20215,37.8,40.3,20.2,104.4,2.3,562632,17903,19,19,bbr1
0.277,27212,18,20215,38.3,41.3,20.2,104.4,2.6,573700,17905,19,19,bbr1
0.285,27212,18,21655,38.7,41.9,20.2,104.4,2.9,573700,17908,19,19,bbr1
0.294,27212,18,23095,39.5,44.8,20.2,104.4,3.7,344220,17911,19,19,bbr1
0.308,20765,14,17280,39.9,43.0,20.2,104.4,2.9,344220,17912,19,19,bbr1
0.315,23613,16,18720,40.7,46.4,20.2,104.4,3.8,458960,17915,19,19,bbr1
0.325,26461,18,20160,41.6,47.8,20.2,104.4,4.6,458960,17918,19,19,bbr1
0.331,27212,18,20160,42.6,49.8,20.2,104.4,5.5,458960,17920,19,19,bbr1
0.337,27212,18,20160,43.7,51.7,20.2,104.4,6.4,458960,17922,19,19,bbr1
0.343,27212,18,20160,45.0,53.4,20.2,104.4,7.2,458960,17924,19,19,bbr1
0.350,27212,18,20160,46.0,53.5,20.2,104.4,7.5,458960,17926,19,19,bbr1
0.364,20726,14,15840,45.5,44.2,20.2,104.4,5.1,458960,17928,19,19,bbr1
0.374,23574,16,18720,45.4,44.7,20.2,104.4,4.0,458960,17932,19,19,bbr1
0.380,26422,18,18720,45.3,44.8,20.2,104.4,3.2,458960,17934,19,19,bbr1
0.386,27212,18,18720,45.4,45.9,20.2,104.4,2.5,458960,17936,19,19,bbr1
0.393,27212,18,18720,45.6,46.6,20.2,104.4,2.2,458960,17938,19,19,bbr1
0.399,27212,18,18720,45.7,46.9,20.2,104.4,2.0,458960,17940,19,19,bbr1
0.408,27212,18,18720,44.9,39.4,20.2,104.4,3.1,458960,17943,19,19,bbr1
0.423,19302,13,17280,44.6,43.9,20.2,104.4,2.2,573700,17946,19,19,bbr1
0.429,22150,15,17280,44.6,44.3,20.2,104.4,1.8,573700,17948,19,19,bbr1
0.437,24998,17,20160,44.6,45.0,20.2,104.4,1.4,573700,17952,19,19,bbr1
0.444,27212,18,21600,44.7,45.2,20.2,104.4,1.2,573700,17955,19,19,bbr1
0.454,27212,18,23040,44.9,46.2,20.2,104.4,1.3,344220,17958,19,19,bbr1
0.458,27212,18,21600,45.1,46.5,20.2,104.4,1.4,344220,17959,19,19,bbr1
0.467,27212,18,21600,45.3,47.1,20.2,104.4,1.5,344220,17961,19,19,bbr1
0.470,27212,18,20160,45.0,42.7,20.2,104.4,1.8,344220,17962,19,19,bbr1
0.484,19302,13,17335,45.2,48.0,20.2,104.4,2.2,344220,17965,19,19,bbr1
0.491,22150,15,17335,45.7,49.9,20.2,104.4,2.9,458960,17967,19,19,bbr1
0.501,24998,17,20215,46.5,51.7,20.2,104.4,3.6,458960,17971,19,19,bbr1
0.507,27212,18,20215,47.4,53.5,20.2,104.4,4.5,458960,17973,19,19,bbr1
0.513,27212,18,18775,47.6,49.4,20.2,104.4,3.9,458960,17975,19,19,bbr1
0.522,27212,18,20215,47.7,47.9,20.2,104.4,3.0,458960,17978,19,19,bbr1
0.537,20765,14,15840,46.1,41.2,20.2,104.4,4.3,458960,17980,19,19,bbr1
0.547,23613,16,18720,46.0,45.1,20.2,104.4,3.5,458960,17984,19,19,bbr1
0.553,26461,18,18720,45.9,45.2,20.2,104.4,2.8,458960,17986,19,19,bbr1
0.559,27212,18,18720,45.9,46.2,20.2,104.4,2.2,458960,17988,19,19,bbr1
0.566,27212,18,18720,46.1,46.9,20.2,104.4,1.9,458960,17990,19,19,bbr1
0.572,27212,18,18720,46.2,47.4,20.2,104.4,1.7,573700,17992,19,19,bbr1
0.589,20726,14,15840,45.1,43.3,20.2,104.4,2.8,573700,17995,19,19,bbr1
0.597,23574,16,18720,44.9,43.4,20.2,104.4,2.5,573700,17999,19,19,bbr1
0.604,26422,18,20160,44.8,44.3,20.2,104.4,2.0,573700,18002,19,19,bbr1
0.611,27212,18,21600,44.8,45.0,20.2,104.4,1.6,573700,18005,19,19,bbr1
0.618,27212,18,21600,44.9,45.4,20.2,104.4,1.3,344220,18007,19,19,bbr1
0.626,27212,18,21600,45.2,47.4,20.2,104.4,1.6,344220,18009,19,19,bbr1
0.640,20726,14,15840,44.5,44.7,20.2,104.4,2.0,344220,18010,19,19,bbr1
0.647,23574,16,17280,44.7,46.4,20.2,104.4,2.0,458960,18013,19,19,bbr1
0.657,26422,18,18720,45.2,48.2,20.2,104.4,2.4,458960,18016,19,19,bbr1
0.663,27212,18,18720,45.8,50.1,20.2,104.4,3.0,458960,18018,19,19,bbr1
0.669,27212,18,18720,46.5,51.9,20.2,104.4,3.8,458960,18020,19,19,bbr1
0.676,27212,18,18720,47.0,50.1,20.2,104.4,3.7,458960,18022,19,19,bbr1
0.682,17878,12,17280,46.0,39.4,20.2,104.4,4.7,458960,18024,19,19,bbr1
0.690,20726,14,15840,45.4,40.6,20.2,104.4,4.9,458960,18025,19,19,bbr1
0.700,23574,16,18720,44.8,41.2,20.2,104.4,4.7,458960,18029,19,19,bbr1
0.705,26422,18,18720,44.5,41.7,20.2,104.4,4.3,573700,18031,19,19,bbr1
0.712,27212,18,20160,44.2,42.3,20.2,104.4,3.8,573700,18034,19,19,bbr1
0.717,27212,18,20160,44.0,42.7,20.2,104.4,3.2,573700,18036,19,19,bbr1
0.725,27212,18,21600,43.9,43.4,20.2,104.4,2.5,573700,18039,19,19,bbr1
0.741,20726,14,18720,43.3,43.3,20.2,104.4,2.3,344220,18042,19,19,bbr1
0.748,23574,16,18720,43.3,43.4,20.2,104.4,1.7,344220,18044,19,19,bbr1
0.758,26422,18,20160,43.6,45.6,20.2,104.4,1.9,344220,18047,19,19,bbr1
0.762,27212,18,18720,44.1,47.5,20.2,104.4,2.4,344220,18048,19,19,bbr1
0.770,27212,18,18720,44.8,49.4,20.2,104.4,3.1,344220,18050,19,19,bbr1
0.779,27212,18,18720,45.6,51.2,20.2,104.4,3.9,344220,18052,19,19,bbr1
0.783,27212,18,17280,46.5,53.0,20.2,104.4,4.8,344220,18053,19,19,bbr1
0.790,26667,18,15840,46.5,46.3,20.2,104.4,3.6,445501,18055,19,19,bbr1
0.806,19029,13,14400,46.6,46.5,20.2,104.4,2.4,445501,18058,19,19,bbr1
0.816,21877,15,17280,46.4,45.0,20.2,104.4,2.2,445501,18062,19,19,bbr1
0.822,24725,17,17280,46.1,43.5,20.2,104.4,2.4,556876,18064,19,19,bbr1
0.827,26667,18,17280,45.5,41.7,20.2,104.4,2.9,556876,18066,19,19,bbr1
0.835,26667,18,18720,45.0,41.4,20.2,104.4,3.2,556876,18069,19,19,bbr1
0.842,26667,18,20160,44.6,41.8,20.2,104.4,3.2,556876,18072,19,19,bbr1
0.856,20453,14,15840,43.1,38.1,20.2,104.4,4.5,334125,18074,19,19,bbr1
0.865,23301,16,17280,42.5,39.0,20.2,104.4,4.4,334125,18077,19,19,bbr1
0.872,26149,18,17280,42.3,40.9,20.2,104.4,3.7,445501,18079,19,19,bbr1
0.878,26667,18,17280,42.4,42.5,20.2,104.4,2.8,445501,18081,19,19,bbr1
0.885,26667,18,17280,42.6,44.3,20.2,104.4,2.6,445501,18083,19,19,bbr1
0.891,26667,18,17280,43.0,45.8,20.2,104.4,2.7,445501,18085,19,19,bbr1
0.898,17605,12,15840,42.6,39.6,20.2,104.4,2.9,449331,18087,19,19,bbr1
0.907,20453,14,15840,42.4,40.8,20.2,104.4,2.6,449331,18089,19,19,bbr1
0.917,23301,16,18720,42.1,40.3,20.2,104.4,2.5,449331,18093,19,19,bbr1
0.923,26149,18,18720,41.9,40.8,20.2,104.4,2.2,561663,18095,19,19,bbr1
0.928,26822,18,18720,41.8,40.7,20.2,104.4,2.0,561663,18097,19,19,bbr1
0.936,26822,18,20160,41.7,41.5,20.2,104.4,1.5,561663,18100,19,19,bbr1
0.948,19107,13,18775,41.4,39.3,20.2,104.4,1.5,336998,18104,19,19,bbr1
0.955,21955,15,17335,41.6,42.8,20.2,104.4,1.4,336998,18105,19,19,bbr1
0.006,3072,2,0,44.2,45.4,20.2,104.4,2.5,561663,18109,20,20,bbr1
0.007,5760,4,0,42.3,28.6,20.2,104.4,5.8,561663,18111,20,20,bbr1
0.033,11456,7,1440,40.0,24.1,20.2,104.4,8.9,561663,18116,20,20,bbr1
0.043,12880,8,7200,38.5,28.3,20.2,104.4,9.6,561663,18121,20,20,bbr1
0.058,17152,11,8640,36.4,21.4,20.2,104.4,11.5,561663,18125,20,20,bbr1
0.066,20000,13,11520,34.7,22.9,20.2,104.4,12.0,561663,18129,20,20,bbr1
0.074,22848,15,12960,33.4,24.2,20.2,104.4,11.6,561663,18132,20,20,bbr1
0.079,25696,17,12960,32.5,26.5,20.2,104.4,10.4,561663,18134,20,20,bbr1
0.087,26822,18,14400,31.2,22.2,20.2,104.4,10.4,561663,18137,20,20,bbr1
0.095,26822,18,15840,30.7,26.8,20.2,104.4,8.9,561663,18140,20,20,bbr1
0.099,26822,18,15840,30.5,29.0,20.2,104.4,7.1,561663,18142,20,20,bbr1
0.115,26822,18,18720,30.7,32.4,20.2,104.4,4.5,561663,18148,20,20,bbr1
0.120,26822,18,18720,31.2,34.2,20.2,104.4,4.2,561663,18150,20,20,bbr1
0.128,26822,18,20160,31.7,35.9,20.2,104.4,4.4,561663,18153,20,20,bbr1
0.137,26822,18,21600,32.4,37.3,20.2,104.4,4.7,336998,18156,20,20,bbr1
0.142,26822,18,20160,33.3,39.3,20.2,104.4,5.2,336998,18157,20,20,bbr1
0.150,26822,18,20160,34.3,41.1,20.2,104.4,5.9,336998,18159,20,20,bbr1
0.158,26822,18,20160,35.3,42.9,20.2,104.4,6.5,336998,18161,20,20,bbr1
0.163,26822,18,18720,36.5,44.2,20.2,104.4,7.1,336998,18162,20,20,bbr1
0.171,26822,18,18720,37.7,46.1,20.2,104.4,7.8,336998,18164,20,20,bbr1
0.176,26822,18,17280,39.0,48.1,20.2,104.4,8.4,336998,18165,20,20,bbr1
0.183,26822,18,17280,40.3,49.9,20.2,104.4,9.0,449331,18167,20,20,bbr1
0.190,26822,18,17280,41.5,49.7,20.2,104.4,9.1,449331,18169,20,20,bbr1
0.202,19107,13,14400,42.8,46.3,20.2,104.4,7.3,561663,18171,20,20,bbr1
0.210,21955,15,17280,43.0,44.1,20.2,104.4,5.8,561663,18175,20,20,bbr1
0.218,26227,18,17280,42.6,40.3,20.2,104.4,5.0,561663,18178,20,20,bbr1
0.225,26822,18,18720,42.3,39.6,20.2,104.4,4.5,561663,18181,20,20,bbr1
0.233,26822,18,20160,41.9,39.8,20.2,104.4,4.0,561663,18184,20,20,bbr1
0.240,26822,18,18720,41.0,34.1,20.2,104.4,5.0,336998,18186,20,20,bbr1
0.255,19107,13,15840,40.8,40.9,20.2,104.4,3.2,336998,18188,20,20,bbr1
0.263,21955,15,17280,41.0,42.4,20.2,104.4,2.8,449331,18191,20,20,bbr1
0.269,24803,17,17280,41.4,44.4,20.2,104.4,2.9,449331,18193,20,20,bbr1
0.279,26822,18,18720,42.0,46.1,20.2,104.4,3.4,449331,18196,20,20,bbr1
0.286,26822,18,18720,42.7,47.5,20.2,104.4,3.9,449331,18198,20,20,bbr1
0.292,26822,18,18720,43.3,47.5,20.2,104.4,4.1,449331,18200,20,20,bbr1
0.298,26822,18,17280,42.8,39.3,20.2,104.4,4.1,449331,18202,20,20,bbr1
0.314,19107,13,15840,42.6,42.6,20.2,104.4,2.5,561663,18205,20,20,bbr1
0.320,21955,15,17280,42.5,41.2,20.2,104.4,2.2,561663,18208,20,20,bbr1
0.329,24803,17,20160,42.6,43.4,20.2,104.4,1.9,561663,18212,20,20,bbr1
0.336,26822,18,20160,42.7,43.4,20.2,104.4,1.7,336998,18214,20,20,bbr1
0.344,26822,18,20160,42.9,44.3,20.2,104.4,1.6,336998,18216,20,20,bbr1
0.349,26822,18,18720,43.1,44.3,20.2,104.4,1.6,336998,18217,20,20,bbr1
0.358,17683,12,17280,42.6,39.3,20.2,104.4,2.1,336998,18219,20,20,bbr1
0.365,20531,14,15840,42.6,42.8,20.2,104.4,1.7,449331,18220,20,20,bbr1
0.375,23379,16,18720,43.1,46.1,20.2,104.4,2.1,449331,18224,20,20,bbr1
0.378,26227,18,17280,43.4,45.8,20.2,104.4,2.3,449331,18225,20,20,bbr1
0.384,26822,18,17280,43.7,45.8,20.2,104.4,2.3,449331,18227,20,20,bbr1
0.390,26822,18,17280,43.8,44.4,20.2,104.4,1.9,561663,18229,20,20,bbr1
0.397,26822,18,18720,43.7,42.7,20.2,104.4,1.7,561663,18232,20,20,bbr1
0.414,20531,14,15840,42.7,41.5,20.2,104.4,2.4,561663,18235,20,20,bbr1
0.422,23379,16,18720,42.6,41.7,20.2,104.4,2.1,541893,18239,20,20,bbr1
0.430,26182,18,20160,42.6,42.3,20.2,104.4,1.6,541893,18242,20,20,bbr1
0.437,26182,18,20160,42.6,42.8,20.2,104.4,1.3,325136,18244,20,20,bbr1
0.442,26182,18,18720,42.9,45.1,20.2,104.4,1.6,325136,18245,20,20,bbr1
0.451,26182,18,18720,43.3,46.4,20.2,104.4,2.1,325136,18247,20,20,bbr1
0.460,17363,12,17280,42.8,39.3,20.2,104.4,2.6,325136,18249,20,20,bbr1
0.466,20211,14,15840,43.0,44.2,20.2,104.4,2.2,433515,18250,20,20,bbr1
0.473,23059,16,17280,43.3,45.4,20.2,104.4,2.3,433515,18253,20,20,bbr1
0.483,25907,17,18720,43.8,47.6,20.2,104.4,2.8,433515,18256,20,20,bbr1
0.489,26182,18,18720,44.3,47.3,20.2,104.4,3.0,541893,18258,20,20,bbr1
0.494,26182,18,18720,44.4,45.3,20.2,104.4,2.5,541893,18260,20,20,bbr1
0.502,26182,18,20160,44.3,43.3,20.2,104.4,2.1,541893,18263,20,20,bbr1
0.514,18787,13,17280,43.5,42.6,20.2,104.4,2.4,325136,18265,20,20,bbr1
0.521,21635,15,17280,43.4,42.8,20.2,104.4,2.0,325136,18267,20,20,bbr1
0.531,24483,17,18720,43.4,43.0,20.2,104.4,1.6,433515,18270,20,20,bbr1
0.537,26182,18,17280,43.3,42.4,20.2,104.4,1.4,433515,18272,20,20,bbr1
0.544,26182,18,17280,43.4,44.4,20.2,104.4,1.4,433515,18274,20,20,bbr1
0.551,26182,18,17280,43.7,45.8,20.2,104.4,1.6,433515,18276,20,20,bbr1
0.557,26830,18,15840,43.4,41.0,20.2,104.4,1.9,449515,18278,20,20,bbr1
0.574,19111,13,15840,43.0,41.4,20.2,104.4,1.7,561893,18282,20,20,bbr1
0.581,21959,15,17280,42.8,41.3,20.2,104.4,1.7,561893,18285,20,20,bbr1
0.589,24807,17,20160,42.6,41.7,20.2,104.4,1.6,561893,18289,20,20,bbr1
0.596,26830,18,20160,42.5,41.7,20.2,104.4,1.4,337136,18291,20,20,bbr1
0.604,26830,18,20160,42.5,42.5,20.2,104.4,1.1,337136,18293,20,20,bbr1
0.609,26830,18,18720,42.6,42.9,20.2,104.4,0.9,337136,18294,20,20,bbr1
0.618,17687,12,17280,42.1,39.3,20.2,104.4,1.5,337136,18296,20,20,bbr1
0.625,20535,14,15840,42.2,42.7,20.2,104.4,1.3,449515,18297,20,20,bbr1
0.632,23383,16,17280,42.7,46.4,20.2,104.4,2.0,449515,18300,20,20,bbr1
0.641,26231,18,18720,43.4,47.8,20.2,104.4,2.7,449515,18303,20,20,bbr1
0.647,26830,18,18720,43.9,47.7,20.2,104.4,3.2,561893,18305,20,20,bbr1
0.655,26830,18,20160,44.2,46.3,20.2,104.4,3.0,561893,18308,20,20,bbr1
0.660,26830,18,20160,44.3,44.6,20.2,104.4,2.3,561893,18310,20,20,bbr1
0.676,20535,14,17335,43.5,42.5,20.2,104.4,2.5,337136,18314,20,20,bbr1
0.685,23383,16,18775,43.5,43.4,20.2,104.4,1.9,337136,18317,20,20,bbr1
0.694,26231,18,18775,43.5,43.7,20.2,104.4,1.5,337136,18319,20,20,bbr1
0.698,26830,18,15895,43.7,44.8,20.2,104.4,1.4,337136,18320,20,20,bbr1
0.706,26830,18,15895,44.0,46.5,20.2,104.4,1.8,449515,18322,20,20,bbr1
0.715,26830,18,17335,44.5,48.2,20.2,104.4,2.4,449515,18325,20,20,bbr1
0.721,17726,12,15840,44.1,41.1,20.2,104.4,2.6,451188,18327,20,20,bbr1
0.729,20574,14,15840,43.9,42.4,20.2,104.4,2.4,451188,18329,20,20,bbr1
0.737,23422,16,17280,43.5,41.0,20.2,104.4,2.5,451188,18332,20,20,bbr1
0.743,26270,18,17280,43.0,39.3,20.2,104.4,2.9,563985,18334,20,20,bbr1
0.751,26897,18,18720,42.6,39.5,20.2,104.4,3.1,563985,18337,20,20,bbr1
0.758,26897,18,20160,42.3,40.3,20.2,104.4,2.9,563985,18340,20,20,bbr1
0.771,19144,13,18720,41.8,39.4,20.2,104.4,2.6,338391,18343,20,20,bbr1
0.777,21992,15,17280,41.7,41.7,20.2,104.4,2.0,338391,18344,20,20,bbr1
0.785,24840,17,18720,41.8,42.0,20.2,104.4,1.6,451188,18347,20,20,bbr1
0.791,26897,18,18720,42.0,43.8,20.2,104.4,1.7,451188,18349,20,20,bbr1
0.801,26897,18,20160,42.4,45.1,20.2,104.4,2.0,451188,18352,20,20,bbr1
0.807,26897,18,20160,43.0,47.3,20.2,104.4,2.7,563985,18354,20,20,bbr1
0.812,26897,18,20160,43.7,48.5,20.2,104.4,3.4,563985,18356,20,20,bbr1
0.825,19144,13,18720,43.9,42.8,20.2,104.4,2.7,338391,18359,20,20,bbr1
0.832,21992,15,17280,44.0,45.1,20.2,104.4,2.3,338391,18360,20,20,bbr1
0.840,24840,17,18720,44.3,46.0,20.2,104.4,2.3,451188,18363,20,20,bbr1
0.846,26897,18,18720,44.6,46.5,20.2,104.4,2.3,451188,18365,20,20,bbr1
0.856,26897,18,20160,44.8,46.9,20.2,104.4,2.3,451188,18368,20,20,bbr1
0.862,26897,18,20160,45.3,48.7,20.2,104.4,2.7,563985,18370,20,20,bbr1
0.867,26897,18,18720,45.8,49.0,20.2,104.4,2.9,563985,18372,20,20,bbr1
0.877,26897,18,20160,45.2,41.0,20.2,104.4,3.4,563985,18376,20,20,bbr1
0.899,21992,15,17280,44.9,44.7,20.2,104.4,1.8,338391,18380,20,20,bbr1
0.906,24840,17,18720,44.9,45.0,20.2,104.4,1.4,451188,18383,20,20,bbr1
0.913,26897,18,18720,45.2,47.1,20.2,104.4,1.6,451188,18385,20,20,bbr1
0.923,26897,18,20160,45.6,48.7,20.2,104.4,2.1,451188,18388,20,20,bbr1
0.929,26897,18,20160,46.2,50.4,20.2,104.4,2.8,451188,18390,20,20,bbr1
0.935,26897,18,20160,46.9,52.2,20.2,104.4,3.6,451188,18392,20,20,bbr1
0.941,26897,18,20160,47.7,53.4,20.2,104.4,4.3,451188,18394,20,20,bbr1
0.954,19144,13,17280,46.9,45.6,20.2,104.4,3.7,563985,18396,20,20,bbr1
0.961,21992,15,17280,46.8,46.1,20.2,104.4,3.0,563985,18398,20,20,bbr1
0.969,24840,17,20160,46.8,46.6,20.2,104.4,2.3,563985,18402,20,20,bbr1
0.978,26897,18,21600,46.8,46.8,20.2,104.4,1.7,338391,18405,20,20,bbr1
0.982,26897,18,20160,46.9,47.5,20.2,104.4,1.5,338391,18406,20,20,bbr1
0.990,26897,18,20160,47.0,47.9,20.2,104.4,1.3,338391,18408,20,20,bbr1
0.999,26897,18,20160,47.2,48.4,20.2,104.4,1.4,338391,18410,20,20,bbr1
1.003,26897,18,18720,46.6,42.8,20.2,104.4,2.1,338391,18411,20,20,bbr1
1.015,19144,13,15895,46.3,47.5,20.2,104.4,2.2,338391,18414,20,20,bbr1
1.024,23416,16,15895,46.6,48.8,20.2,104.4,2.3,451188,18417,20,20,bbr1
0.006,3072,2,0,43.8,40.1,20.2,104.4,3.8,451188,18420,21,21,bbr1
0.007,5760,4,0,41.9,28.8,20.2,104.4,6.6,563985,18422,21,21,bbr1
0.033,11456,7,1440,39.6,23.6,20.2,104.4,9.5,563985,18427,21,21,bbr1
0.043,12880,8,7200,38.1,27.4,20.2,104.4,10.2,563985,18432,21,21,bbr1
0.059,17152,11,8640,36.0,21.4,20.2,104.4,11.8,563985,18436,21,21,bbr1
0.066,20000,13,11520,34.4,23.0,20.2,104.4,12.1,563985,18440,21,21,bbr1
0.074,22848,15,12960,33.2,24.9,20.2,104.4,11.5,563985,18443,21,21,bbr1
0.079,25696,17,12960,32.4,26.4,20.2,104.4,10.3,563985,18445,21,21,bbr1
0.087,26897,18,14400,31.1,22.2,20.2,104.4,10.3,563985,18448,21,21,bbr1
0.095,26897,18,15840,30.6,27.3,20.2,104.4,8.6,563985,18451,21,21,bbr1
0.102,26897,18,17280,30.4,29.1,20.2,104.4,6.9,563985,18454,21,21,bbr1
0.107,26897,18,17280,30.4,30.5,20.2,104.4,5.2,563985,18456,21,21,bbr1
0.115,26897,18,18720,30.7,32.6,20.2,104.4,4.4,563985,18459,21,21,bbr1
0.122,26897,18,20160,31.1,33.8,20.2,104.4,4.1,563985,18462,21,21,bbr1
0.129,26897,18,20160,31.7,36.1,20.2,104.4,4.3,338391,18464,21,21,bbr1
0.138,26897,18,20160,32.4,37.3,20.2,104.4,4.6,338391,18466,21,21,bbr1
0.142,26897,18,18720,33.3,39.5,20.2,104.4,5.3,338391,18467,21,21,bbr1
0.151,26897,18,18720,34.3,41.2,20.2,104.4,5.9,338391,18469,21,21,bbr1
0.155,26897,18,17280,35.4,43.0,20.2,104.4,6.6,338391,18470,21,21,bbr1
0.162,26897,18,17280,36.6,44.8,20.2,104.4,7.3,451188,18472,21,21,bbr1
0.169,26897,18,17280,37.8,46.5,20.2,104.4,8.0,451188,18474,21,21,bbr1
0.175,26897,18,17280,39.1,48.2,20.2,104.4,8.6,451188,18476,21,21,bbr1
0.185,26897,18,18720,40.0,46.5,20.2,104.4,8.3,451188,18479,21,21,bbr1
0.191,26897,18,18720,40.6,44.9,20.2,104.4,7.4,451188,18481,21,21,bbr1
0.202,19144,13,15840,41.0,41.6,20.2,104.4,4.8,563985,18483,21,21,bbr1
0.209,21992,15,17280,41.1,41.9,20.2,104.4,3.8,563985,18486,21,21,bbr1
0.218,26264,18,18720,41.1,41.0,20.2,104.4,2.9,563985,18490,21,21,bbr1
0.226,26897,18,20160,41.2,41.5,20.2,104.4,2.3,563985,18493,21,21,bbr1
0.235,26560,18,21600,41.2,41.6,20.2,104.4,1.8,332137,18496,21,21,bbr1
0.239,26560,18,20160,41.4,42.4,20.2,104.4,1.6,332137,18497,21,21,bbr1
0.252,18976,13,17280,40.9,41.1,20.2,104.4,1.7,332137,18499,21,21,bbr1
0.259,21824,15,17280,41.4,44.4,20.2,104.4,2.1,442850,18501,21,21,bbr1
0.269,24672,17,20160,41.9,45.8,20.2,104.4,2.7,442850,18505,21,21,bbr1
0.276,26560,18,20160,42.7,48.0,20.2,104.4,3.6,442850,18507,21,21,bbr1
0.281,26560,18,20160,43.6,49.8,20.2,104.4,4.4,553562,18509,21,21,bbr1
0.286,26560,18,20160,44.3,49.7,20.2,104.4,4.9,553562,18511,21,21,bbr1
0.294,26560,18,21600,44.8,47.9,20.2,104.4,4.5,553562,18514,21,21,bbr1
0.314,21824,15,17280,44.9,46.5,20.2,104.4,2.9,332137,18517,21,21,bbr1
0.322,24672,17,18720,45.1,46.9,20.2,104.4,2.7,442850,18520,21,21,bbr1
0.328,26560,18,18720,45.3,46.8,20.2,104.4,2.4,442850,18522,21,21,bbr1
0.334,26560,18,18720,45.8,49.0,20.2,104.4,2.7,442850,18524,21,21,bbr1
0.341,26560,18,17280,46.2,49.2,20.2,104.4,2.9,442850,18526,21,21,bbr1
0.351,26560,18,18720,46.9,51.4,20.2,104.4,3.5,442850,18529,21,21,bbr1
0.359,18976,13,17280,46.0,40.2,20.2,104.4,4.3,553562,18532,21,21,bbr1
0.368,23248,16,15840,45.4,40.6,20.2,104.4,4.6,553562,18534,21,21,bbr1
0.379,26096,18,20160,44.8,40.8,20.2,104.4,4.6,553562,18539,21,21,bbr1
0.386,26560,18,20160,44.3,40.6,20.2,104.4,4.5,332137,18541,21,21,bbr1
0.395,26560,18,20160,43.9,41.6,20.2,104.4,4.0,332137,18543,21,21,bbr1
0.399,26560,18,18720,43.7,42.0,20.2,104.4,3.5,332137,18544,21,21,bbr1
0.411,20400,14,14400,43.3,41.0,20.2,104.4,2.7,332137,18546,21,21,bbr1
0.424,23248,16,17280,43.6,45.4,20.2,104.4,2.6,442850,18550,21,21,bbr1
0.430,26096,18,17280,44.1,47.5,20.2,104.4,2.9,442850,18552,21,21,bbr1
0.437,26560,18,17280,44.5,47.5,20.2,104.4,3.0,442850,18554,21,21,bbr1
0.443,26560,18,17280,44.6,45.5,20.2,104.4,2.5,553562,18556,21,21,bbr1
0.451,26560,18,18720,44.5,43.8,20.2,104.4,2.1,553562,18559,21,21,bbr1
0.456,26560,18,18720,44.1,41.6,20.2,104.4,2.3,553562,18561,21,21,bbr1
0.469,18976,13,17280,43.3,40.6,20.2,104.4,2.8,332137,18564,21,21,bbr1
0.476,21824,15,17280,43.0,40.9,20.2,104.4,2.7,332137,18566,21,21,bbr1
0.487,24672,17,18720,42.7,41.0,20.2,104.4,2.5,324855,18569,21,21,bbr1
0.491,26167,18,17280,42.8,43.0,20.2,104.4,1.9,324855,18570,21,21,bbr1
0.499,26167,18,17280,42.9,44.2,20.2,104.4,1.8,433140,18572,21,21,bbr1
0.506,26167,18,17280,43.4,46.3,20.2,104.4,2.2,433140,18574,21,21,bbr1
0.512,26167,18,17280,43.9,47.9,20.2,104.4,2.8,433140,18576,21,21,bbr1
0.524,18779,13,14400,44.2,44.1,20.2,104.4,2.0,433140,18578,21,21,bbr1
0.534,23051,16,15840,43.6,39.6,20.2,104.4,2.6,433140,18582,21,21,bbr1
0.541,25899,17,15840,43.0,38.7,20.2,104.4,3.2,541425,18584,21,21,bbr1
0.548,26167,18,17280,42.5,38.9,20.2,104.4,3.4,541425,18587,21,21,bbr1
0.553,26167,18,17280,42.0,39.0,20.2,104.4,3.5,541425,18589,21,21,bbr1
0.561,17355,12,17280,41.1,34.2,20.2,104.4,4.5,541425,18592,21,21,bbr1
0.570,20203,14,15840,40.6,37.8,20.2,104.4,4.2,541425,18593,21,21,bbr1
0.578,23051,16,18720,40.3,38.1,20.2,104.4,3.8,541425,18597,21,21,bbr1
0.586,25899,17,20160,40.2,39.5,20.2,104.4,3.1,541425,18600,21,21,bbr1
0.593,26167,18,20160,40.3,40.7,20.2,104.4,2.4,324855,18602,21,21,bbr1
0.598,26167,18,18720,40.6,42.6,20.2,104.4,2.4,324855,18603,21,21,bbr1
0.607,26167,18,18720,41.0,44.2,20.2,104.4,2.7,324855,18605,21,21,bbr1
0.615,17355,12,17280,40.8,39.4,20.2,104.4,2.4,337161,18607,21,21,bbr1
0.622,20203,14,15840,41.2,44.3,20.2,104.4,2.7,449549,18608,21,21,bbr1
0.632,23051,16,18720,41.8,45.4,20.2,104.4,3.1,449549,18612,21,21,bbr1
0.638,25899,17,18720,42.5,47.4,20.2,104.4,3.7,449549,18614,21,21,bbr1
0.643,26831,18,18720,43.1,47.2,20.2,104.4,4.0,561936,18616,21,21,bbr1
0.651,26831,18,20160,43.3,45.1,20.2,104.4,3.5,561936,18619,21,21,bbr1
0.656,26831,18,20160,43.3,43.1,20.2,104.4,2.7,561936,18621,21,21,bbr1
0.673,20535,14,17335,42.8,43.1,20.2,104.4,2.3,337161,18625,21,21,bbr1
0.682,23383,16,18775,42.9,43.3,20.2,104.4,1.9,337161,18628,21,21,bbr1
0.690,26231,18,18775,43.0,44.0,20.2,104.4,1.7,337161,18630,21,21,bbr1
0.695,26831,18,17335,43.1,43.4,20.2,104.4,1.4,337161,18631,21,21,bbr1
0.699,26831,18,15895,43.4,45.7,20.2,104.4,1.7,449549,18632,21,21,bbr1
0.708,26831,18,17335,43.9,47.4,20.2,104.4,2.3,449549,18635,21,21,bbr1
0.714,26831,18,17335,44.6,49.1,20.2,104.4,3.0,449549,18637,21,21,bbr1
0.720,26831,18,17280,44.1,41.1,20.2,104.4,3.1,449549,18639,21,21,bbr1
0.733,19111,13,14400,43.6,41.2,20.2,104.4,2.7,561936,18641,21,21,bbr1
0.741,21959,15,17280,43.1,39.6,20.2,104.4,3.1,561936,18645,21,21,bbr1
0.749,24807,17,18720,42.8,41.0,20.2,104.4,2.8,561936,18648,21,21,bbr1
0.753,26831,18,18720,42.6,41.1,20.2,104.4,2.5,561936,18650,21,21,bbr1
0.762,26831,18,20160,42.5,41.9,20.2,104.4,2.1,561936,18653,21,21,bbr1
0.771,26831,18,21600,42.5,42.0,20.2,104.4,1.7,337161,18656,21,21,bbr1
0.775,26831,18,20160,41.6,35.9,20.2,104.4,2.9,337161,18657,21,21,bbr1
0.788,19111,13,17280,41.7,42.8,20.2,104.4,2.0,337161,18659,21,21,bbr1
0.795,21959,15,17280,42.0,44.1,20.2,104.4,2.1,449549,18661,21,21,bbr1
0.805,24807,17,20160,42.6,46.3,20.2,104.4,2.7,449549,18665,21,21,bbr1
0.811,26831,18,20160,43.2,47.8,20.2,104.4,3.3,449549,18667,21,21,bbr1
0.817,26831,18,20160,44.0,49.7,20.2,104.4,4.1,449549,18669,21,21,bbr1
0.823,26831,18,20160,44.7,49.7,20.2,104.4,4.5,449549,18671,21,21,bbr1
0.830,26831,18,20160,45.1,47.8,20.2,104.4,4.1,449549,18673,21,21,bbr1
0.843,19111,13,17280,44.6,42.8,20.2,104.4,3.3,449549,18675,21,21,bbr1
0.850,21959,15,17280,44.8,46.7,20.2,104.4,3.0,449549,18677,21,21,bbr1
0.858,24807,17,20160,45.1,46.8,20.2,104.4,2.7,561936,18681,21,21,bbr1
0.864,26831,18,20160,45.2,45.8,20.2,104.4,2.2,561936,18683,21,21,bbr1
0.869,26831,18,20160,45.3,46.0,20.2,104.4,1.9,561936,18685,21,21,bbr1
0.876,26831,18,21600,45.4,46.7,20.2,104.4,1.8,561936,18688,21,21,bbr1
0.886,26831,18,23040,45.6,47.0,20.2,104.4,1.7,337161,18691,21,21,bbr1
0.896,19111,13,18720,44.5,40.9,20.2,104.4,2.9,337161,18692,21,21,bbr1
0.903,21959,15,17280,44.6,44.8,20.2,104.4,2.2,337161,18693,21,21,bbr1
0.910,24807,17,18720,44.8,46.0,20.2,104.4,2.0,449549,18696,21,21,bbr1
0.916,26831,18,18720,45.2,48.1,20.2,104.4,2.3,449549,18698,21,21,bbr1
0.926,26831,18,20160,45.7,49.4,20.2,104.4,2.8,449549,18701,21,21,bbr1
0.933,26831,18,20160,46.5,51.8,20.2,104.4,3.6,449549,18703,21,21,bbr1
0.939,26831,18,20160,47.3,53.3,20.2,104.4,4.4,449549,18705,21,21,bbr1
0.951,19111,13,17280,46.6,42.8,20.2,104.4,3.8,561936,18707,21,21,bbr1
0.957,21959,15,17280,46.4,45.1,20.2,104.4,3.2,561936,18709,21,21,bbr1
0.965,24807,17,20160,46.4,46.0,20.2,104.4,2.5,561936,18713,21,21,bbr1
0.979,26831,18,20160,46.4,46.7,20.2,104.4,1.5,337161,18717,21,21,bbr1
0.987,26831,18,20160,46.5,46.8,20.2,104.4,1.2,337161,18719,21,21,bbr1
0.991,26831,18,18720,46.6,47.7,20.2,104.4,1.2,337161,18720,21,21,bbr1
1.000,26831,18,18720,46.1,42.7,20.2,104.4,1.9,337161,18722,21,21,bbr1
1.012,19111,13,15840,45.9,47.3,20.2,104.4,2.1,337161,18724,21,21,bbr1
1.020,23383,16,15840,46.2,48.1,20.2,104.4,2.1,449549,18727,21,21,bbr1
1.030,26231,18,17280,46.3,46.8,20.2,104.4,1.8,449549,18730,21,21,bbr1
1.036,26831,18,17280,46.1,45.3,20.2,104.4,1.6,449549,18732,21,21,bbr1
1.043,26831,18,17280,45.8,43.7,20.2,104.4,1.8,449549,18734,21,21,bbr1
1.049,26831,18,17280,45.3,41.7,20.2,104.4,2.4,449549,18736,21,21,bbr1
1.062,19111,13,14400,44.0,39.6,20.2,104.4,3.6,449549,18738,21,21,bbr1
1.072,21959,15,17280,43.5,40.1,20.2,104.4,3.7,449549,18742,21,21,bbr1
1.077,24807,17,17280,43.1,40.5,20.2,104.4,3.5,561936,18744,21,21,bbr1
1.082,26831,18,17280,42.9,40.9,20.2,104.4,3.2,561936,18746,21,21,bbr1
1.090,26831,18,18720,42.6,41.0,20.2,104.4,2.9,561936,18749,21,21,bbr1
1.098,26510,18,20160,42.5,41.9,20.2,104.4,2.3,552027,18752,21,21,bbr1
0.017,26510,18,0,42.7,43.2,20.2,104.4,2.4,441622,18754,21,21,bbr1
0.006,26510,18,0,42.3,39.4,20.2,104.4,2.6,552027,18756,21,21,bbr1
0.032,26510,18,12960,40.0,24.0,20.2,104.4,6.5,552027,18769,21,21,bbr1
0.043,26510,18,15840,38.6,29.0,20.2,104.4,7.7,552027,18773,21,21,bbr1
0.051,26510,18,17280,37.5,30.1,20.2,104.4,7.9,552027,18776,21,21,bbr1
0.056,26510,18,17280,36.8,31.8,20.2,104.4,7.3,552027,18778,21,21,bbr1
0.064,26510,18,18720,36.4,33.3,20.2,104.4,6.4,552027,18781,21,21,bbr1
0.071,26510,18,20160,36.3,35.6,20.2,104.4,5.0,552027,18784,21,21,bbr1
0.078,26510,18,20160,36.4,37.1,20.2,104.4,4.0,331216,18786,21,21,bbr1
0.087,26510,18,20160,36.7,38.8,20.2,104.4,3.6,331216,18788,21,21,bbr1
0.091,26510,18,18720,37.2,40.4,20.2,104.4,3.6,331216,18789,21,21,bbr1
0.100,26510,18,18720,37.8,42.1,20.2,104.4,3.9,331216,18791,21,21,bbr1
0.105,26510,18,17280,38.5,43.7,20.2,104.4,4.4,331216,18792,21,21,bbr1
0.112,26510,18,17280,39.3,45.0,20.2,104.4,5.0,441622,18794,21,21,bbr1
0.118,26510,18,17280,40.2,46.4,20.2,104.4,5.5,441622,18796,21,21,bbr1
0.125,26510,18,17280,41.3,48.6,20.2,104.4,6.2,441622,18798,21,21,bbr1
0.131,26510,18,17280,41.9,46.8,20.2,104.4,6.0,441622,18800,21,21,bbr1
0.138,26510,18,17280,42.3,45.0,20.2,104.4,5.3,441622,18802,21,21,bbr1
0.151,18951,13,15840,42.2,41.0,20.2,104.4,3.5,441622,18805,21,21,bbr1
0.159,21799,15,17280,42.1,41.5,20.2,104.4,2.8,441622,18808,21,21,bbr1
0.167,24647,17,18720,42.1,41.8,20.2,104.4,2.2,552027,18811,21,21,bbr1
0.172,26510,18,18720,42.1,41.9,20.2,104.4,1.7,552027,18813,21,21,bbr1
0.180,26510,18,20160,42.1,42.5,20.2,104.4,1.3,552027,18816,21,21,bbr1
0.190,26510,18,21600,42.2,42.8,20.2,104.4,1.2,331216,18819,21,21,bbr1
0.194,26510,18,18720,41.6,37.7,20.2,104.4,2.0,331216,18820,21,21,bbr1
0.208,18951,13,15840,41.6,41.6,20.2,104.4,1.3,331216,18822,21,21,bbr1
0.216,21799,15,17280,41.8,43.5,20.2,104.4,1.4,441622,18825,21,21,bbr1
0.222,24647,17,17280,42.2,44.6,20.2,104.4,1.8,441622,18827,21,21,bbr1
0.229,26510,18,17280,42.7,46.8,20.2,104.4,2.5,441622,18829,21,21,bbr1
0.239,26510,18,18720,43.5,48.6,20.2,104.4,3.3,441622,18832,21,21,bbr1
0.243,26510,18,17280,43.9,46.6,20.2,104.4,3.3,441622,18833,21,21,bbr1
0.252,17527,12,17280,43.3,39.3,20.2,104.4,3.6,441622,18836,21,21,bbr1
0.260,20375,14,15840,43.1,41.5,20.2,104.4,3.2,441622,18837,21,21,bbr1
0.269,23223,16,18720,43.0,42.1,20.2,104.4,2.6,441622,18841,21,21,bbr1
0.276,26071,18,18720,42.9,42.3,20.2,104.4,2.1,441622,18843,21,21,bbr1
0.282,26510,18,18720,42.8,42.7,20.2,104.4,1.6,441622,18845,21,21,bbr1
0.289,26510,18,18720,42.8,42.6,20.2,104.4,1.3,441622,18847,21,21,bbr1
0.295,26510,18,18720,42.9,43.4,20.2,104.4,1.1,552027,18849,21,21,bbr1
0.311,20375,14,15840,42.5,43.0,20.2,104.4,1.5,552027,18852,21,21,bbr1
0.319,24647,17,17280,42.4,41.4,20.2,104.4,1.4,552027,18856,21,21,bbr1
0.327,26510,18,18720,42.1,40.5,20.2,104.4,1.5,552027,18859,21,21,bbr1
0.334,26510,18,20160,42.2,42.4,20.2,104.4,1.2,552027,18862,21,21,bbr1
0.344,26510,18,20160,41.9,40.1,20.2,104.4,1.4,331216,18865,21,21,bbr1
0.349,17527,12,17280,40.9,34.1,20.2,104.4,3.0,331216,18866,21,21,bbr1
0.357,20375,14,15840,40.7,39.1,20.2,104.4,2.7,441622,18867,21,21,bbr1
0.367,23223,16,18720,40.6,40.3,20.2,104.4,2.1,441622,18871,21,21,bbr1
0.374,26071,18,18720,40.9,42.4,20.2,104.4,2.0,449809,18873,21,21,bbr1
0.380,26841,18,18720,41.2,44.0,20.2,104.4,2.3,449809,18875,21,21,bbr1
0.386,26841,18,18720,41.7,45.1,20.2,104.4,2.7,449809,18877,21,21,bbr1
0.393,26841,18,18720,42.2,45.5,20.2,104.4,3.0,449809,18879,21,21,bbr1
0.399,26885,18,17280,41.8,39.3,20.2,104.4,3.0,450885,18881,21,21,bbr1
0.415,19138,13,15840,42.1,43.3,20.2,104.4,2.2,450885,18884,21,21,bbr1
0.422,21986,15,17280,42.3,43.4,20.2,104.4,2.0,450885,18887,21,21,bbr1
0.431,24834,17,18720,42.5,44.2,20.2,104.4,1.9,450885,18890,21,21,bbr1
0.438,26885,18,18720,42.7,44.3,20.2,104.4,1.9,450885,18892,21,21,bbr1
0.444,26885,18,18720,43.1,45.2,20.2,104.4,2.0,450885,18894,21,21,bbr1
0.450,26885,18,18720,43.3,45.3,20.2,104.4,2.1,563606,18896,21,21,bbr1
0.467,20562,14,15840,42.8,42.8,20.2,104.4,1.9,563606,18899,21,21,bbr1
0.474,23410,16,18720,42.9,43.3,20.2,104.4,1.6,563606,18903,21,21,bbr1
0.482,26258,18,20160,43.1,44.2,20.2,104.4,1.5,563606,18906,21,21,bbr1
0.489,26885,18,20160,43.2,44.4,20.2,104.4,1.4,338163,18908,21,21,bbr1
0.497,26885,18,20160,43.4,45.1,20.2,104.4,1.6,338163,18910,21,21,bbr1
0.502,26885,18,17280,43.7,45.9,20.2,104.4,1.8,338163,18911,21,21,bbr1
0.509,26885,18,17280,43.0,37.5,20.2,104.4,2.9,450885,18913,21,21,bbr1
0.523,19138,13,15840,43.1,44.5,20.2,104.4,2.2,450885,18916,21,21,bbr1
0.530,21986,15,17280,43.4,45.8,20.2,104.4,2.3,450885,18919,21,21,bbr1
0.539,24834,17,18720,43.7,45.8,20.2,104.4,2.3,450885,18922,21,21,bbr1
0.545,26885,18,18720,43.8,44.5,20.2,104.4,1.9,450885,18924,21,21,bbr1
0.552,26885,18,18720,43.7,42.6,20.2,104.4,1.7,450885,18926,21,21,bbr1
0.558,26885,18,18720,43.6,43.1,20.2,104.4,1.4,450885,18928,21,21,bbr1
0.564,17714,12,17280,43.1,39.4,20.2,104.4,2.1,563606,18930,21,21,bbr1
0.574,20562,14,15840,43.0,42.8,20.2,104.4,1.7,563606,18931,21,21,bbr1
0.582,23410,16,18720,43.0,43.2,20.2,104.4,1.3,563606,18935,21,21,bbr1
0.590,26258,18,20160,43.2,44.1,20.2,104.4,1.2,563606,18938,21,21,bbr1
0.597,26885,18,20160,43.3,44.4,20.2,104.4,1.2,338163,18940,21,21,bbr1
0.605,26885,18,20160,43.6,45.2,20.2,104.4,1.4,338163,18942,21,21,bbr1
0.611,26885,18,18720,43.8,45.4,20.2,104.4,1.5,338163,18943,21,21,bbr1
0.618,17714,12,17280,43.2,39.4,20.2,104.4,2.2,338163,18945,21,21,bbr1
0.626,20562,14,15840,43.4,44.4,20.2,104.4,2.0,450885,18946,21,21,bbr1
0.636,23410,16,18720,43.7,46.2,20.2,104.4,2.2,450885,18950,21,21,bbr1
0.642,26258,18,18720,44.2,47.8,20.2,104.4,2.7,450885,18952,21,21,bbr1
0.648,26885,18,18720,44.7,47.5,20.2,104.4,2.8,450885,18954,21,21,bbr1
0.654,26885,18,18720,44.9,46.3,20.2,104.4,2.5,450885,18956,21,21,bbr1
0.661,26885,18,18720,44.8,44.2,20.2,104.4,2.1,450885,18958,21,21,bbr1
0.667,17714,12,17280,43.9,37.7,20.2,104.4,3.3,450885,18960,21,21,bbr1
0.675,20562,14,15840,43.6,41.7,20.2,104.4,3.0,450885,18961,21,21,bbr1
0.685,23410,16,18720,43.4,41.7,20.2,104.4,2.7,450885,18965,21,21,bbr1
0.691,26258,18,18720,43.3,42.4,20.2,104.4,2.3,450885,18967,21,21,bbr1
0.698,26885,18,18720,43.2,42.7,20.2,104.4,1.9,450885,18969,21,21,bbr1
0.704,26885,18,18720,43.2,43.3,20.2,104.4,1.4,450885,18971,21,21,bbr1
0.711,26885,18,18720,43.3,43.7,20.2,104.4,1.2,450885,18973,21,21,bbr1
0.717,17714,12,17280,42.8,39.2,20.2,104.4,1.9,450885,18975,21,21,bbr1
0.727,20562,14,15840,42.8,43.2,20.2,104.4,1.6,450885,18976,21,21,bbr1
0.737,23410,16,18720,42.9,43.5,20.2,104.4,1.3,450885,18980,21,21,bbr1
0.742,26258,18,18720,43.0,43.9,20.2,104.4,1.3,563606,18982,21,21,bbr1
0.747,26885,18,18720,43.2,44.4,20.2,104.4,1.3,563606,18984,21,21,bbr1
0.755,26885,18,20160,43.4,45.0,20.2,104.4,1.4,563606,18987,21,21,bbr1
0.764,26885,18,21600,43.7,45.4,20.2,104.4,1.6,338163,18990,21,21,bbr1
0.778,20562,14,15840,43.1,43.1,20.2,104.4,1.7,338163,18991,21,21,bbr1
0.786,23410,16,17280,43.1,43.4,20.2,104.4,1.4,450885,18994,21,21,bbr1
0.792,26258,18,17280,43.4,45.2,20.2,104.4,1.5,450885,18996,21,21,bbr1
0.802,26885,18,18720,43.9,47.0,20.2,104.4,2.0,450885,18999,21,21,bbr1
0.808,26885,18,18720,44.4,48.5,20.2,104.4,2.7,450885,19001,21,21,bbr1
0.814,26885,18,18720,45.2,50.5,20.2,104.4,3.5,450885,19003,21,21,bbr1
0.821,17714,12,17280,44.5,39.3,20.2,104.4,4.1,450885,19005,21,21,bbr1
0.828,20562,14,15840,43.9,40.1,20.2,104.4,4.2,450885,19006,21,21,bbr1
0.838,23410,16,18720,43.5,40.9,20.2,104.4,3.9,450885,19010,21,21,bbr1
0.844,26258,18,18720,43.3,41.3,20.2,104.4,3.5,450885,19012,21,21,bbr1
0.850,26885,18,18720,43.1,41.6,20.2,104.4,3.0,450885,19014,21,21,bbr1
0.856,26885,18,18720,43.0,42.3,20.2,104.4,2.5,450885,19016,21,21,bbr1
0.862,26885,18,18720,42.9,42.6,20.2,104.4,1.9,563606,19018,21,21,bbr1
0.879,20562,14,15840,42.6,43.2,20.2,104.4,1.9,553402,19021,21,21,bbr1
0.887,23410,16,18720,42.6,43.3,20.2,104.4,1.6,553402,19025,21,21,bbr1
0.895,26258,18,20160,42.8,44.2,20.2,104.4,1.6,553402,19028,21,21,bbr1
0.902,26555,18,20160,43.1,44.6,20.2,104.4,1.6,332041,19030,21,21,bbr1
0.910,26555,18,20160,43.3,45.0,20.2,104.4,1.7,332041,19032,21,21,bbr1
0.915,26555,18,18720,43.7,46.2,20.2,104.4,2.0,332041,19033,21,21,bbr1
0.923,17549,12,17280,43.1,39.4,20.2,104.4,2.6,332041,19035,21,21,bbr1
0.930,20397,14,15840,43.3,44.4,20.2,104.4,2.2,442722,19036,21,21,bbr1
0.940,23245,16,18720,43.6,46.1,20.2,104.4,2.4,442722,19040,21,21,bbr1
0.947,26093,18,18720,44.1,47.4,20.2,104.4,2.7,442722,19042,21,21,bbr1
0.953,26555,18,18720,44.5,47.5,20.2,104.4,2.9,442722,19044,21,21,bbr1
0.960,26555,18,18720,44.7,45.8,20.2,104.4,2.5,442722,19046,21,21,bbr1
0.966,26555,18,18720,44.6,44.0,20.2,104.4,2.0,442722,19048,21,21,bbr1
0.973,17549,12,17280,44.0,39.6,20.2,104.4,2.8,442722,19050,21,21,bbr1
0.982,20397,14,15840,43.9,43.2,20.2,104.4,2.3,442722,19051,21,21,bbr1
0.988,23245,16,17280,43.6,41.6,20.2,104.4,2.3,442722,19054,21,21,bbr1
0.994,26093,18,17280,43.3,41.7,20.2,104.4,2.2,553402,19056,21,21,bbr1
1.002,26555,18,18720,43.2,42.5,20.2,104.4,1.8,553402,19059,21,21,bbr1
1.010,26555,18,20160,43.1,42.4,20.2,104.4,1.6,553402,19062,21,21,bbr1
1.017,26555,18,20160,43.1,43.2,20.2,104.4,1.2,332041,19064,21,21,bbr1
1.031,20397,14,15840,42.3,41.4,20.2,104.4,2.0,332041,19066,21,21,bbr1
1.039,23245,16,17280,42.3,42.5,20.2,104.4,1.5,442722,19069,21,21,bbr1
1.045,26093,18,17280,42.5,43.9,20.2,104.4,1.5,442722,19071,21,21,bbr1
1.055,26555,18,18720,42.9,45.3,20.2,104.4,1.8,442722,19074,21,21,bbr1
1.062,26555,18,18720,43.4,47.2,20.2,104.4,2.5,442722,19076,21,21,bbr1
1.069,26555,18,18720,43.9,47.2,20.2,104.4,2.8,442722,19078,21,21,bbr1
1.075,17549,12,17280,43.3,39.4,20.2,104.4,3.2,442722,19080,21,21,bbr1
1.083,20397,14,15840,43.1,41.7,20.2,104.4,2.8,442722,19081,21,21,bbr1
1.093,23245,16,18720,43.0,42.4,20.2,104.4,2.3,442722,19085,21,21,bbr1
1.099,26093,18,18720,43.0,42.7,20.2,104.4,1.8,442722,19087,21,21,bbr1
1.106,26555,18,18720,43.0,43.0,20.2,104.4,1.4,442722,19089,21,21,bbr1
1.112,26555,18,18720,43.0,43.4,20.2,104.4,1.1,442722,19091,21,21,bbr1
1.118,26555,18,18720,43.1,43.4,20.2,104.4,0.9,553402,19093,21,21,bbr1
1.134,20397,14,15895,42.7,43.2,20.2,104.4,1.4,553402,19097,21,21,bbr1
1.142,23245,16,18775,42.7,43.1,20.2,104.4,1.1,553402,19101,21,21,bbr1
0.007,3072,2,0,42.8,45.1,20.2,104.4,1.8,553402,19105,22,22,bbr1
0.023,5760,4,0,41.0,28.2,20.2,104.4,5.0,442722,19107,22,22,bbr1
0.049,5760,4,1440,38.9,24.1,20.2,104.4,8.0,442722,19112,22,22,bbr1
0.059,5760,4,5760,37.5,27.6,20.2,104.4,8.8,442722,19116,22,22,bbr1
0.075,5760,4,2880,35.4,20.7,20.2,104.4,10.8,442722,19117,22,22,bbr1
0.081,5760,4,4320,33.5,20.5,20.2,104.4,11.8,442722,19120,22,22,bbr1
0.101,5760,4,2880,31.9,20.7,20.2,104.4,12.1,442722,19122,22,22,bbr1
0.107,5760,4,4320,30.5,21.0,20.2,104.4,11.8,442722,19125,22,22,bbr1
0.128,5760,4,2880,29.5,22.3,20.2,104.4,10.9,442722,19127,22,22,bbr1
0.135,5760,4,4320,28.6,22.4,20.2,104.4,10.0,442722,19130,22,22,bbr1
0.155,5760,4,2880,27.8,22.0,20.2,104.4,9.1,442722,19132,22,22,bbr1
0.162,5760,4,4320,27.1,22.1,20.2,104.4,8.3,442722,19135,22,22,bbr1
0.181,10032,6,2880,26.3,20.6,20.2,104.4,7.8,430862,19137,22,22,bbr1
0.188,12880,8,4320,25.6,20.8,20.2,104.4,7.2,430862,19140,22,22,bbr1
0.208,17152,11,8640,25.0,20.6,20.2,104.4,6.7,430862,19146,22,22,bbr1
0.215,20000,13,8640,24.4,20.7,20.2,104.4,6.1,430862,19148,22,22,bbr1
0.222,22848,15,8640,24.0,20.8,20.2,104.4,5.4,430862,19150,22,22,bbr1
0.228,25696,17,8640,23.6,21.0,20.2,104.4,4.8,430862,19152,22,22,bbr1
0.235,26330,18,8640,23.3,21.2,20.2,104.4,4.2,430862,19154,22,22,bbr1
0.241,26330,18,8640,23.1,21.4,20.2,104.4,3.6,430862,19156,22,22,bbr1
0.248,26330,18,8640,22.9,21.4,20.2,104.4,3.1,430862,19158,22,22,bbr1
0.255,26330,18,8640,22.7,21.5,20.2,104.4,2.7,430862,19160,22,22,bbr1
0.265,26330,18,10080,22.6,21.8,20.2,104.4,2.3,538577,19163,22,22,bbr1
0.269,26330,18,10080,22.5,22.0,20.2,104.4,1.8,538577,19165,22,22,bbr1
0.275,26330,18,10080,22.5,22.3,20.2,104.4,1.4,538577,19167,22,22,bbr1
0.283,26330,18,11520,22.5,22.4,20.2,104.4,1.1,538577,19170,22,22,bbr1
0.291,26330,18,12960,22.5,22.7,20.2,104.4,0.9,538577,19173,22,22,bbr1
0.296,26330,18,12960,22.8,24.7,20.2,104.4,1.2,538577,19175,22,22,bbr1
0.305,26330,18,14400,23.1,25.6,20.2,104.4,1.6,538577,19178,22,22,bbr1
0.309,26330,18,14400,23.6,27.2,20.2,104.4,2.2,538577,19180,22,22,bbr1
0.318,26330,18,15840,24.3,29.2,20.2,104.4,3.1,538577,19183,22,22,bbr1
0.326,26321,18,17280,25.1,30.4,20.2,104.4,3.8,538312,19186,22,22,bbr1
0.331,26321,18,17280,26.0,32.2,20.2,104.4,4.6,538312,19188,22,22,bbr1
0.339,26321,18,18720,26.9,33.6,20.2,104.4,5.4,538312,19191,22,22,bbr1
0.344,26321,18,18720,28.0,35.2,20.2,104.4,6.1,538312,19193,22,22,bbr1
0.352,26321,18,20160,29.0,36.2,20.2,104.4,6.7,538312,19196,22,22,bbr1
0.360,26321,18,20160,30.2,38.3,20.2,104.4,7.3,322987,19198,22,22,bbr1
0.368,27026,18,18720,31.2,38.9,20.2,104.4,7.7,335865,19200,22,22,bbr1
0.377,27026,18,18720,32.4,40.1,20.2,104.4,8.0,335865,19202,22,22,bbr1
0.381,27026,18,17280,33.5,41.6,20.2,104.4,8.3,335865,19203,22,22,bbr1
0.389,27026,18,17280,34.7,43.0,20.2,104.4,8.6,447820,19205,22,22,bbr1
0.395,27026,18,17280,35.9,44.3,20.2,104.4,8.8,447820,19207,22,22,bbr1
0.407,19209,13,14400,38.2,45.6,20.2,104.4,9.0,447820,19209,22,22,bbr1
0.417,22057,15,17280,39.0,44.0,20.2,104.4,8.2,447820,19213,22,22,bbr1
0.423,24905,17,17280,39.3,41.7,20.2,104.4,6.8,447820,19215,22,22,bbr1
0.430,27026,18,17280,39.4,40.2,20.2,104.4,5.4,447820,19217,22,22,bbr1
0.436,27026,18,17280,39.6,40.6,20.2,104.4,4.3,447820,19219,22,22,bbr1
0.442,27026,18,17280,39.8,41.4,20.2,104.4,3.7,447820,19221,22,22,bbr1
0.449,27026,18,17280,39.3,35.9,20.2,104.4,3.7,447820,19223,22,22,bbr1
0.462,19209,13,14400,39.4,40.0,20.2,104.4,2.3,559775,19225,22,22,bbr1
0.470,22057,15,17280,39.6,40.5,20.2,104.4,2.0,559775,19229,22,22,bbr1
0.478,24905,17,18720,39.7,40.8,20.2,104.4,1.8,559775,19232,22,22,bbr1
0.482,27026,18,18720,39.9,41.0,20.2,104.4,1.7,559775,19234,22,22,bbr1
0.490,27026,18,20160,40.1,41.8,20.2,104.4,1.7,559775,19237,22,22,bbr1
0.500,27026,18,21600,40.3,41.9,20.2,104.4,1.8,335865,19240,22,22,bbr1
0.510,19209,13,17335,39.9,40.9,20.2,104.4,2.1,335865,19242,22,22,bbr1
0.517,22057,15,17335,40.3,42.7,20.2,104.4,2.3,447820,19244,22,22,bbr1
0.527,26329,18,18775,40.7,43.6,20.2,104.4,2.5,447820,19248,22,22,bbr1
0.533,27026,18,18775,41.2,44.7,20.2,104.4,2.9,447820,19250,22,22,bbr1
0.539,27026,18,18775,41.9,46.8,20.2,104.4,3.6,447820,19252,22,22,bbr1
0.546,27026,18,18775,42.7,48.1,20.2,104.4,4.2,447820,19254,22,22,bbr1
0.556,27788,19,18720,42.5,41.2,20.2,104.4,3.5,466378,19257,22,22,bbr1
0.570,19590,13,17335,42.6,44.9,20.2,104.4,2.9,466378,19261,22,22,bbr1
0.577,22438,15,17335,42.9,45.1,20.2,104.4,2.8,466378,19263,22,22,bbr1
0.586,25286,17,20215,43.3,45.5,20.2,104.4,2.7,466378,19267,22,22,bbr1
0.592,27788,19,20215,43.6,46.2,20.2,104.4,2.8,466378,19269,22,22,bbr1
0.598,27788,19,20215,44.0,46.6,20.2,104.4,2.8,466378,19271,22,22,bbr1
0.604,27788,19,20215,44.3,46.7,20.2,104.4,2.8,466378,19273,22,22,bbr1
0.614,27788,19,21655,44.8,47.8,20.2,104.4,2.9,466378,19276,22,22,bbr1
0.619,27788,19,21600,44.5,42.8,20.2,104.4,2.7,582972,19278,22,22,bbr1
0.638,22438,15,17280,45.0,47.6,20.2,104.4,2.6,349783,19281,22,22,bbr1
0.647,25286,17,18720,45.4,47.9,20.2,104.4,2.7,349783,19284,22,22,bbr1
0.655,27788,19,18720,45.8,48.9,20.2,104.4,2.9,349783,19286,22,22,bbr1
0.659,27788,19,17280,46.3,49.7,20.2,104.4,3.1,349783,19287,22,22,bbr1
0.666,27788,19,17280,46.8,50.1,20.2,104.4,3.3,466378,19289,22,22,bbr1
0.676,27788,19,18720,47.4,51.6,20.2,104.4,3.7,466378,19292,22,22,bbr1
0.682,27788,19,18720,48.1,53.5,20.2,104.4,4.3,466378,19294,22,22,bbr1
0.688,27788,19,18720,47.5,42.9,20.2,104.4,4.6,466378,19296,22,22,bbr1
0.700,19590,13,15840,46.6,43.1,20.2,104.4,4.1,466378,19298,22,22,bbr1
0.707,23862,16,15840,45.9,40.7,20.2,104.4,4.5,466378,19301,22,22,bbr1
0.715,26710,18,17280,45.3,41.2,20.2,104.4,4.6,582972,19304,22,22,bbr1
0.007,23440,16,0,42.7,38.9,20.2,104.4,3.0,582972,19308,22,22,bbr1
0.007,26017,18,0,40.9,28.3,20.2,104.4,5.8,582972,19310,22,22,bbr1
0.034,27788,19,14400,38.9,24.8,20.2,104.4,8.4,582972,19324,22,22,bbr1
0.044,27788,19,17280,37.8,30.1,20.2,104.4,8.5,582972,19328,22,22,bbr1
0.052,27788,19,18720,37.1,32.1,20.2,104.4,7.8,582972,19331,22,22,bbr1
0.059,27788,19,20160,36.7,33.9,20.2,104.4,6.6,582972,19334,22,22,bbr1
0.066,27788,19,21600,36.6,35.9,20.2,104.4,5.2,582972,19337,22,22,bbr1
0.073,27788,19,21600,36.7,37.7,20.2,104.4,4.2,349783,19339,22,22,bbr1
0.081,27788,19,21600,37.1,39.6,20.2,104.4,3.8,349783,19341,22,22,bbr1
0.085,27788,19,20160,37.6,41.6,20.2,104.4,4.0,349783,19342,22,22,bbr1
0.094,27788,19,20160,38.4,43.5,20.2,104.4,4.5,349783,19344,22,22,bbr1
0.102,27788,19,20160,39.2,45.0,20.2,104.4,5.0,349783,19346,22,22,bbr1
0.106,27788,19,18720,40.2,47.4,20.2,104.4,5.8,349783,19347,22,22,bbr1
0.114,27788,19,18720,41.3,49.2,20.2,104.4,6.6,349783,19349,22,22,bbr1
0.122,27788,19,18720,42.6,51.0,20.2,104.4,7.4,349783,19351,22,22,bbr1
0.126,27788,19,17280,43.6,51.3,20.2,104.4,7.7,349783,19352,22,22,bbr1
0.134,27788,19,17280,44.4,50.0,20.2,104.4,7.4,466378,19354,22,22,bbr1
0.140,27788,19,17280,45.0,48.6,20.2,104.4,6.6,466378,19356,22,22,bbr1
0.153,19590,13,15840,45.3,45.8,20.2,104.4,4.2,466378,19359,22,22,bbr1
0.160,22438,15,17280,45.1,44.0,20.2,104.4,3.5,466378,19362,22,22,bbr1
0.169,25286,17,18720,44.9,43.1,20.2,104.4,3.1,466378,19365,22,22,bbr1
0.175,27788,19,18720,44.5,41.6,20.2,104.4,3.1,466378,19367,22,22,bbr1
0.181,27788,19,18720,44.1,42.0,20.2,104.4,3.0,466378,19369,22,22,bbr1
0.187,27788,19,18720,44.0,43.1,20.2,104.4,2.5,466378,19371,22,22,bbr1
0.194,27788,19,17280,43.2,37.6,20.2,104.4,3.5,466378,19373,22,22,bbr1
0.210,19590,13,15840,42.9,42.3,20.2,104.4,2.5,582972,19376,22,22,bbr1
0.217,22438,15,17280,42.8,42.7,20.2,104.4,1.9,582972,19379,22,22,bbr1
0.225,25286,17,20160,42.9,43.7,20.2,104.4,1.7,582972,19383,22,22,bbr1
0.232,27788,19,21600,43.1,44.4,20.2,104.4,1.6,582972,19386,22,22,bbr1
0.241,27788,19,23040,43.3,44.8,20.2,104.4,1.6,349783,19389,22,22,bbr1
0.245,27788,19,21600,43.6,45.5,20.2,104.4,1.8,349783,19390,22,22,bbr1
0.261,21014,14,17335,43.0,42.8,20.2,104.4,1.9,349783,19393,22,22,bbr1
0.268,23862,16,18775,43.4,46.3,20.2,104.4,2.2,466378,19396,22,22,bbr1
0.278,26710,18,20215,44.1,48.4,20.2,104.4,2.9,466378,19399,22,22,bbr1
0.284,27788,19,20215,44.9,50.4,20.2,104.4,3.8,466378,19401,22,22,bbr1
0.290,27788,19,20215,45.8,52.1,20.2,104.4,4.6,466378,19403,22,22,bbr1
0.296,27788,19,20215,46.6,52.3,20.2,104.4,5.1,466378,19405,22,22,bbr1
0.302,27788,19,20215,47.2,51.2,20.2,104.4,5.0,466378,19407,22,22,bbr1
0.316,19629,13,18775,46.5,45.9,20.2,104.4,3.8,466378,19411,22,22,bbr1
0.323,22477,15,17335,46.5,46.6,20.2,104.4,2.8,466378,19412,22,22,bbr1
0.332,25325,17,20215,46.6,46.9,20.2,104.4,2.2,582972,19416,22,22,bbr1
0.339,27788,19,21655,46.8,48.1,20.2,104.4,2.0,582972,19419,22,22,bbr1
0.344,27788,19,21655,47.0,48.6,20.2,104.4,2.0,582972,19421,22,22,bbr1
0.351,27788,19,23095,47.2,48.8,20.2,104.4,2.0,582972,19424,22,22,bbr1
0.360,27788,19,23095,47.4,48.5,20.2,104.4,1.8,349783,19427,22,22,bbr1
0.368,27788,19,21600,46.8,42.9,20.2,104.4,2.5,349783,19429,22,22,bbr1
0.383,19590,13,18720,46.7,47.2,20.2,104.4,1.8,349783,19431,22,22,bbr1
0.390,22438,15,17280,47.0,49.1,20.2,104.4,2.0,349783,19432,22,22,bbr1
0.398,25286,17,18720,47.5,50.9,20.2,104.4,2.5,430176,19435,22,22,bbr1
0.404,26302,18,18720,48.2,52.9,20.2,104.4,3.2,430176,19437,22,22,bbr1
0.411,26302,18,18720,49.0,54.8,20.2,104.4,4.1,430176,19439,22,22,bbr1
0.417,26302,18,18720,49.8,55.3,20.2,104.4,4.6,430176,19441,22,22,bbr1
0.424,26302,18,18720,50.3,53.6,20.2,104.4,4.4,430176,19443,22,22,bbr1
0.438,18847,13,17280,48.9,42.7,20.2,104.4,5.0,430176,19446,22,22,bbr1
0.444,21695,15,17280,48.4,45.0,20.2,104.4,4.7,430176,19448,22,22,bbr1
0.454,24543,17,20160,48.0,45.7,20.2,104.4,4.2,430176,19452,22,22,bbr1
0.461,26302,18,20160,47.8,46.0,20.2,104.4,3.7,430176,19454,22,22,bbr1
0.468,26302,18,20160,47.5,45.9,20.2,104.4,3.2,430176,19456,22,22,bbr1
0.475,26302,18,20160,47.4,46.1,20.2,104.4,2.8,430176,19458,22,22,bbr1
0.482,26302,18,20160,47.2,46.3,20.2,104.4,2.4,430176,19460,22,22,bbr1
0.488,26302,18,20160,46.7,42.9,20.2,104.4,2.9,537720,19462,22,22,bbr1
0.493,26302,18,20160,46.2,42.9,20.2,104.4,3.1,537720,19464,22,22,bbr1
0.506,18847,13,18720,46.3,46.5,20.2,104.4,1.9,322632,19467,22,22,bbr1
0.513,21695,15,17280,46.3,46.8,20.2,104.4,1.5,322632,19468,22,22,bbr1
0.522,24543,17,18720,46.4,46.8,20.2,104.4,1.3,322632,19471,22,22,bbr1
0.531,26302,18,18720,46.4,46.9,20.2,104.4,1.1,322632,19473,22,22,bbr1
0.536,26302,18,17280,46.3,45.1,20.2,104.4,1.1,322632,19474,22,22,bbr1
0.539,26302,18,15840,46.4,46.9,20.2,104.4,1.0,430176,19475,22,22,bbr1
0.549,26304,18,17280,46.5,47.9,20.2,104.4,1.2,430235,19478,22,22,bbr1
0.559,18848,13,14400,45.6,41.0,20.2,104.4,2.4,430235,19480,22,22,bbr1
0.569,21696,15,17280,45.2,42.4,20.2,104.4,2.6,430235,19484,22,22,bbr1
0.576,24544,17,17280,44.6,40.2,20.2,104.4,3.2,430235,19486,22,22,bbr1
0.583,26304,18,17280,43.9,39.2,20.2,104.4,3.7,430235,19488,22,22,bbr1
0.590,26304,18,17280,43.4,39.5,20.2,104.4,3.9,430235,19490,22,22,bbr1
0.596,26304,18,17280,42.9,39.6,20.2,104.4,3.9,430235,19492,22,22,bbr1
0.603,26304,18,17280,42.0,35.9,20.2,104.4,4.6,430235,19494,22,22,bbr1
0.614,18848,13,14400,41.5,39.7,20.2,104.4,3.6,430235,19496,22,22,bbr1
0.621,21696,15,15840,41.2,39.8,20.2,104.4,3.1,430235,19499,22,22,bbr1
0.631,24544,17,17280,41.1,39.9,20.2,104.4,2.7,430235,19502,22,22,bbr1
0.637,26304,18,17280,40.9,40.0,20.2,104.4,2.3,537793,19504,22,22,bbr1
0.642,26304,18,17280,40.8,40.0,20.2,104.4,1.9,537793,19506,22,22,bbr1
0.650,26304,18,18720,40.7,40.1,20.2,104.4,1.6,537793,19509,22,22,bbr1
0.656,26304,18,18720,40.1,35.8,20.2,104.4,2.5,537793,19511,22,22,bbr1
0.669,18848,13,17280,40.0,39.6,20.2,104.4,1.6,322676,19514,22,22,bbr1
0.676,21696,15,17280,39.9,39.7,20.2,104.4,1.3,322676,19516,22,22,bbr1
0.683,24544,17,17280,40.0,40.7,20.2,104.4,1.2,322676,19518,22,22,bbr1
0.692,26765,18,15840,40.2,41.2,20.2,104.4,1.2,331087,19520,22,22,bbr1
0.700,26765,18,15840,40.5,42.6,20.2,104.4,1.5,441450,19522,22,22,bbr1
0.707,26765,18,15840,41.0,44.6,20.2,104.4,2.1,441450,19524,22,22,bbr1
0.713,16230,11,15840,41.0,40.9,20.2,104.4,1.6,441450,19526,22,22,bbr1
0.718,19078,13,14400,41.0,41.0,20.2,104.4,1.2,441450,19527,22,22,bbr1
0.726,21926,15,15840,40.8,39.9,20.2,104.4,1.2,441450,19530,22,22,bbr1
0.732,24774,17,15840,40.5,37.9,20.2,104.4,1.6,441450,19532,22,22,bbr1
0.739,26765,18,15840,40.1,37.2,20.2,104.4,2.0,441450,19534,22,22,bbr1
0.749,26765,18,17280,39.7,37.4,20.2,104.4,2.2,441450,19537,22,22,bbr1
0.759,19078,13,14455,39.4,38.3,20.2,104.4,1.8,441450,19540,22,22,bbr1
0.769,21926,15,17335,39.2,38.3,20.2,104.4,1.7,441450,19544,22,22,bbr1
0.775,24774,17,17335,39.2,39.1,20.2,104.4,1.3,551812,19546,22,22,bbr1
0.780,26765,18,17335,39.2,39.4,20.2,104.4,1.0,551812,19548,22,22,bbr1
0.788,26765,18,18775,39.3,39.7,20.2,104.4,0.9,551812,19551,22,22,bbr1
0.796,26765,18,20215,39.4,39.9,20.2,104.4,0.8,551812,19554,22,22,bbr1
0.803,26765,18,20160,39.0,36.0,20.2,104.4,1.5,331087,19556,22,22,bbr1
0.814,19078,13,17335,39.2,40.1,20.2,104.4,1.2,331087,19559,22,22,bbr1
0.821,21926,15,17335,39.5,41.8,20.2,104.4,1.6,441450,19561,22,22,bbr1
0.005,3072,2,0,42.9,43.3,20.2,104.4,2.8,441450,19565,23,23,bbr1
0.011,5760,4,0,41.0,27.6,20.2,104.4,5.9,551812,19567,23,23,bbr1
0.037,11456,7,1440,38.8,23.6,20.2,104.4,8.8,551812,19572,23,23,bbr1
0.047,12880,8,7200,37.4,27.4,20.2,104.4,9.5,551812,19577,23,23,bbr1
0.063,17152,11,8640,35.3,20.7,20.2,104.4,11.3,551812,19581,23,23,bbr1
0.070,20000,13,11520,33.8,23.0,20.2,104.4,11.5,551812,19585,23,23,bbr1
0.078,22848,15,12960,32.6,24.1,20.2,104.4,11.1,551812,19588,23,23,bbr1
0.083,25696,17,12960,31.8,26.2,20.2,104.4,9.9,551812,19590,23,23,bbr1
0.091,26765,18,14400,30.6,22.1,20.2,104.4,9.8,551812,19593,23,23,bbr1
0.099,26765,18,15840,30.1,26.5,20.2,104.4,8.4,551812,19596,23,23,bbr1
0.104,26765,18,15840,29.8,28.2,20.2,104.4,6.8,551812,19598,23,23,bbr1
0.112,26765,18,17280,29.9,30.4,20.2,104.4,5.2,551812,19601,23,23,bbr1
0.117,26765,18,17280,30.2,32.0,20.2,104.4,4.4,551812,19603,23,23,bbr1
0.125,26765,18,18720,30.6,33.5,20.2,104.4,4.2,551812,19606,23,23,bbr1
0.133,26765,18,20160,31.1,34.7,20.2,104.4,4.1,551812,19609,23,23,bbr1
0.140,26765,18,20160,31.8,36.8,20.2,104.4,4.5,331087,19611,23,23,bbr1
0.149,26765,18,20160,32.6,38.3,20.2,104.4,5.0,331087,19613,23,23,bbr1
0.153,26765,18,18720,33.5,39.5,20.2,104.4,5.5,331087,19614,23,23,bbr1
0.162,26765,18,18720,34.5,41.8,20.2,104.4,6.2,331087,19616,23,23,bbr1
0.166,26765,18,17280,35.6,42.9,20.2,104.4,6.8,331087,19617,23,23,bbr1
0.174,26765,18,17280,36.7,45.0,20.2,104.4,7.4,441450,19619,23,23,bbr1
0.180,26765,18,17280,38.0,46.5,20.2,104.4,8.0,441450,19621,23,23,bbr1
0.187,26765,18,17280,39.2,47.7,20.2,104.4,8.4,441450,19623,23,23,bbr1
0.193,26765,18,17280,40.1,46.4,20.2,104.4,8.1,441450,19625,23,23,bbr1
0.206,19078,13,14400,40.9,42.8,20.2,104.4,5.9,441450,19627,23,23,bbr1
0.216,21926,15,17280,40.9,40.8,20.2,104.4,4.4,441450,19631,23,23,bbr1
0.223,26198,18,15840,40.7,39.6,20.2,104.4,3.6,441450,19633,23,23,bbr1
0.229,26765,18,15840,40.6,40.0,20.2,104.4,2.9,441450,19635,23,23,bbr1
0.236,26765,18,15840,40.5,40.0,20.2,104.4,2.3,441450,19637,23,23,bbr1
0.242,26765,18,14400,39.7,34.1,20.2,104.4,3.4,551812,19639,23,23,bbr1
0.259,19078,13,15840,39.3,38.1,20.2,104.4,2.6,551812,19644,23,23,bbr1
0.266,21926,15,17280,39.2,38.3,20.2,104.4,2.2,551812,19647,23,23,bbr1
0.275,24774,17,20160,39.1,38.5,20.2,104.4,1.8,551812,19651,23,23,bbr1
0.291,26765,18,20160,39.3,40.6,20.2,104.4,1.4,331087,19655,23,23,bbr1
0.295,26765,18,18720,39.6,41.9,20.2,104.4,1.7,331087,19656,23,23,bbr1
0.303,27139,18,17280,39.6,39.4,20.2,104.4,1.4,337925,19658,23,23,bbr1
0.317,19265,13,14400,40.7,46.1,20.2,104.4,2.9,450567,19660,23,23,bbr1
0.327,22113,15,17280,41.6,47.6,20.2,104.4,3.9,450567,19664,23,23,bbr1
0.333,24961,17,17280,42.3,47.6,20.2,104.4,4.4,450567,19666,23,23,bbr1
0.340,27139,18,17280,42.8,45.7,20.2,104.4,4.1,450567,19668,23,23,bbr1
0.346,27139,18,17280,42.9,43.9,20.2,104.4,3.4,450567,19670,23,23,bbr1
0.353,27139,18,17280,42.8,42.2,20.2,104.4,2.7,450567,19672,23,23,bbr1
0.359,27139,18,17280,42.0,36.0,20.2,104.4,3.7,450567,19674,23,23,bbr1
0.372,19265,13,14400,41.5,40.0,20.2,104.4,2.9,563208,19676,23,23,bbr1
0.380,23537,16,15840,41.1,38.9,20.2,104.4,2.8,563208,19680,23,23,bbr1
0.388,26385,18,17280,41.0,39.7,20.2,104.4,2.5,563208,19683,23,23,bbr1
0.396,27139,18,18720,40.8,40.0,20.2,104.4,2.1,563208,19686,23,23,bbr1
0.403,27139,18,20160,40.8,40.5,20.2,104.4,1.7,563208,19689,23,23,bbr1
0.418,20689,14,17280,39.9,39.3,20.2,104.4,2.3,563208,19692,23,23,bbr1
0.425,23537,16,18720,40.1,41.1,20.2,104.4,2.1,563208,19695,23,23,bbr1
0.434,26385,18,21600,40.4,42.8,20.2,104.4,2.2,563208,19699,23,23,bbr1
0.443,27139,18,23040,40.9,44.3,20.2,104.4,2.7,337925,19702,23,23,bbr1
0.448,27139,18,21600,41.6,46.2,20.2,104.4,3.3,337925,19703,23,23,bbr1
0.456,27139,18,21600,42.3,47.6,20.2,104.4,4.0,337925,19705,23,23,bbr1
0.461,27139,18,20160,43.2,49.8,20.2,104.4,4.9,337925,19706,23,23,bbr1
0.469,27139,18,20160,43.2,43.0,20.2,104.4,3.7,337925,19708,23,23,bbr1
0.480,19265,13,15840,44.3,49.7,20.2,104.4,4.2,337925,19709,23,23,bbr1
0.488,22113,15,17280,45.2,51.0,20.2,104.4,4.8,450567,19712,23,23,bbr1
0.494,24961,17,17280,46.2,53.2,20.2,104.4,5.6,450567,19714,23,23,bbr1
0.504,27139,18,18720,46.8,51.0,20.2,104.4,5.4,450567,19717,23,23,bbr1
0.510,27139,18,18720,47.2,49.8,20.2,104.4,4.8,450567,19719,23,23,bbr1
0.517,27139,18,18720,47.3,47.9,20.2,104.4,3.8,450567,19721,23,23,bbr1
0.523,17841,12,17280,46.3,39.3,20.2,104.4,4.8,450567,19723,23,23,bbr1
0.531,20689,14,15840,45.7,41.7,20.2,104.4,4.8,450567,19724,23,23,bbr1
0.541,24961,17,17280,45.1,41.1,20.2,104.4,4.7,450567,19728,23,23,bbr1
0.548,27139,18,17280,44.6,41.4,20.2,104.4,4.5,450567,19730,23,23,bbr1
0.554,27139,18,17280,44.3,42.0,20.2,104.4,4.0,450567,19732,23,23,bbr1
0.564,27139,18,18720,44.0,42.2,20.2,104.4,3.5,450567,19735,23,23,bbr1
0.570,27139,18,18720,43.8,42.3,20.2,104.4,3.1,450567,19737,23,23,bbr1
0.581,19265,13,15840,42.9,41.5,20.2,104.4,3.3,563208,19739,23,23,bbr1
0.588,22113,15,17280,42.7,41.6,20.2,104.4,2.8,563208,19742,23,23,bbr1
0.597,24961,17,20160,42.4,40.2,20.2,104.4,2.7,563208,19746,23,23,bbr1
0.604,27139,18,21600,42.5,42.8,20.2,104.4,2.1,563208,19749,23,23,bbr1
0.611,27139,18,21600,42.5,43.1,20.2,104.4,1.8,337925,19751,23,23,bbr1
0.619,27139,18,21600,42.7,43.7,20.2,104.4,1.6,337925,19753,23,23,bbr1
0.632,20689,14,15840,42.3,42.7,20.2,104.4,1.7,337925,19754,23,23,bbr1
0.640,23537,16,17280,42.8,46.2,20.2,104.4,2.2,450567,19757,23,23,bbr1
0.646,26385,18,17280,43.4,47.6,20.2,104.4,2.9,450567,19759,23,23,bbr1
0.656,27139,18,18720,44.2,49.7,20.2,104.4,3.7,450567,19762,23,23,bbr1
0.663,27139,18,18720,45.0,51.0,20.2,104.4,4.5,450567,19764,23,23,bbr1
0.669,27139,18,18720,45.6,49.7,20.2,104.4,4.5,450567,19766,23,23,bbr1
0.675,17841,12,17280,44.8,39.3,20.2,104.4,5.0,450567,19768,23,23,bbr1
0.684,20689,14,15840,44.4,41.7,20.2,104.4,4.5,450567,19769,23,23,bbr1
0.694,23537,16,18720,44.2,42.6,20.2,104.4,3.9,450567,19773,23,23,bbr1
0.700,27139,18,17280,43.9,41.4,20.2,104.4,3.6,563208,19775,23,23,bbr1
0.707,27139,18,18720,43.5,41.4,20.2,104.4,3.3,563208,19778,23,23,bbr1
0.715,27139,18,20160,43.4,42.4,20.2,104.4,2.8,563208,19781,23,23,bbr1
0.727,19265,13,18720,42.6,37.6,20.2,104.4,3.1,337925,19784,23,23,bbr1
0.733,22113,15,17280,42.4,41.4,20.2,104.4,2.6,337925,19785,23,23,bbr1
0.742,24961,17,18720,42.3,41.7,20.2,104.4,2.2,337925,19788,23,23,bbr1
0.750,27139,18,18720,42.5,43.5,20.2,104.4,1.9,337925,19790,23,23,bbr1
0.755,27139,18,17280,42.8,45.1,20.2,104.4,2.1,337925,19791,23,23,bbr1
0.762,27139,18,17280,43.3,46.6,20.2,104.4,2.5,450567,19793,23,23,bbr1
0.769,27139,18,17280,44.0,48.8,20.2,104.4,3.3,450567,19795,23,23,bbr1
0.781,19265,13,14400,44.1,42.8,20.2,104.4,2.6,433526,19797,23,23,bbr1
0.791,22113,15,17280,44.1,44.1,20.2,104.4,2.0,433526,19801,23,23,bbr1
0.798,24961,17,17280,43.9,42.8,20.2,104.4,1.8,433526,19803,23,23,bbr1
0.805,26439,18,17280,43.5,41.0,20.2,104.4,2.1,433526,19805,23,23,bbr1
0.811,26439,18,17280,43.3,41.6,20.2,104.4,2.0,433526,19807,23,23,bbr1
0.818,26439,18,17280,43.1,42.0,20.2,104.4,1.9,433526,19809,23,23,bbr1
0.829,18915,13,14400,41.9,39.5,20.2,104.4,3.1,541907,19811,23,23,bbr1
0.837,21763,15,17280,41.6,39.7,20.2,104.4,2.9,541907,19815,23,23,bbr1
0.845,24611,17,18720,41.4,40.0,20.2,104.4,2.6,541907,19818,23,23,bbr1
0.851,26439,18,18720,41.2,39.9,20.2,104.4,2.3,541907,19820,23,23,bbr1
0.859,26439,18,18720,40.9,38.7,20.2,104.4,2.3,541907,19823,23,23,bbr1
0.875,20339,14,15840,40.0,39.1,20.2,104.4,2.8,536586,19826,23,23,bbr1
0.884,23187,16,18720,40.0,40.2,20.2,104.4,2.2,539241,19830,23,23,bbr1
0.892,26035,18,20160,40.3,42.2,20.2,104.4,2.2,539265,19833,23,23,bbr1
0.899,26386,18,20160,40.6,43.3,20.2,104.4,2.4,324176,19835,23,23,bbr1
0.903,26386,18,18720,41.2,44.8,20.2,104.4,2.8,324176,19836,23,23,bbr1
0.912,26386,18,18720,41.9,46.8,20.2,104.4,3.5,324176,19838,23,23,bbr1
0.916,17465,12,15840,41.5,39.3,20.2,104.4,3.3,339080,19839,23,23,bbr1
0.927,20313,14,15840,41.9,44.3,20.2,104.4,3.2,452107,19841,23,23,bbr1
0.937,23161,16,18720,42.3,45.2,20.2,104.4,3.2,452107,19845,23,23,bbr1
0.943,26009,18,18720,42.9,47.1,20.2,104.4,3.6,452107,19847,23,23,bbr1
0.950,27202,18,18720,43.4,46.6,20.2,104.4,3.6,452107,19849,23,23,bbr1
0.956,27202,18,18720,43.6,44.9,20.2,104.4,3.1,452107,19851,23,23,bbr1
0.968,19297,13,15840,42.9,39.3,20.2,104.4,2.9,452107,19853,23,23,bbr1
0.975,22145,15,17280,42.9,42.9,20.2,104.4,2.2,452107,19856,23,23,bbr1
0.984,24993,17,18720,43.0,43.1,20.2,104.4,1.7,452107,19859,23,23,bbr1
0.990,27202,18,18720,43.1,43.9,20.2,104.4,1.5,565133,19861,23,23,bbr1
0.997,27202,18,20160,43.2,44.1,20.2,104.4,1.4,565133,19864,23,23,bbr1
0.006,27010,18,0,43.1,45.8,20.2,104.4,1.8,565133,19866,24,24,bbr1
0.008,27202,18,0,41.2,28.1,20.2,104.4,5.1,565133,19868,24,24,bbr1
0.034,27202,18,12960,39.0,23.7,20.2,104.4,8.3,565133,19881,24,24,bbr1
0.044,27202,18,15840,37.7,28.6,20.2,104.4,8.8,565133,19885,24,24,bbr1
0.052,27202,18,17280,36.8,30.6,20.2,104.4,8.4,565133,19888,24,24,bbr1
0.059,27202,18,18720,36.3,32.3,20.2,104.4,7.4,565133,19891,24,24,bbr1
0.064,27202,18,18720,36.0,33.9,20.2,104.4,6.2,565133,19893,24,24,bbr1
0.072,27202,18,20160,36.0,35.9,20.2,104.4,4.7,565133,19896,24,24,bbr1
0.080,27202,18,21600,36.1,37.4,20.2,104.4,3.9,565133,19899,24,24,bbr1
0.086,27202,18,21600,36.5,39.4,20.2,104.4,3.7,339080,19901,24,24,bbr1
0.095,27202,18,21600,37.1,41.1,20.2,104.4,3.9,339080,19903,24,24,bbr1
0.099,27202,18,20160,37.8,42.8,20.2,104.4,4.4,339080,19904,24,24,bbr1
0.108,27202,18,20160,38.7,44.6,20.2,104.4,5.0,339080,19906,24,24,bbr1
0.117,27202,18,20160,39.6,46.3,20.2,104.4,5.6,339080,19908,24,24,bbr1
0.120,27202,18,18720,40.7,48.1,20.2,104.4,6.3,339080,19909,24,24,bbr1
0.129,27202,18,18720,41.8,49.9,20.2,104.4,7.1,339080,19911,24,24,bbr1
0.133,27202,18,17280,43.1,51.6,20.2,104.4,7.7,339080,19912,24,24,bbr1
0.141,27202,18,17280,44.1,51.7,20.2,104.4,8.0,452107,19914,24,24,bbr1
0.154,19297,13,14400,45.3,48.4,20.2,104.4,6.5,452107,19916,24,24,bbr1
0.163,22145,15,17280,45.5,46.8,20.2,104.4,5.2,452107,19920,24,24,bbr1
0.169,24993,17,17280,45.4,45.1,20.2,104.4,4.0,452107,19922,24,24,bbr1
0.176,27202,18,17280,45.1,43.1,20.2,104.4,3.6,452107,19924,24,24,bbr1
0.182,27202,18,17280,44.7,41.8,20.2,104.4,3.5,452107,19926,24,24,bbr1
0.189,27202,18,14400,43.4,34.2,20.2,104.4,5.3,452107,19928,24,24,bbr1
0.207,19297,13,14455,42.2,38.2,20.2,104.4,5.1,565133,19933,24,24,bbr1
0.214,22145,15,17335,41.8,39.0,20.2,104.4,4.6,565133,19937,24,24,bbr1
0.222,24993,17,18775,41.5,39.4,20.2,104.4,4.1,565133,19940,24,24,bbr1
0.230,27202,18,20215,41.3,40.0,20.2,104.4,3.4,565133,19943,24,24,bbr1
0.235,27202,18,20215,41.2,40.1,20.2,104.4,2.8,565133,19945,24,24,bbr1
0.242,27202,18,21655,41.1,40.7,20.2,104.4,2.3,565133,19948,24,24,bbr1
0.252,27202,18,23040,40.5,35.9,20.2,104.4,3.0,339080,19951,24,24,bbr1
0.261,19297,13,18775,40.8,42.9,20.2,104.4,2.3,339080,19953,24,24,bbr1
0.268,22145,15,17335,41.2,44.2,20.2,104.4,2.6,339080,19954,24,24,bbr1
0.276,24993,17,18775,41.9,46.4,20.2,104.4,3.2,452107,19957,24,24,bbr1
0.282,27202,18,18775,42.6,47.6,20.2,104.4,3.9,452107,19959,24,24,bbr1
0.292,27202,18,20215,43.5,49.8,20.2,104.4,4.7,452107,19962,24,24,bbr1
0.298,27202,18,20215,44.5,51.7,20.2,104.4,5.6,452107,19964,24,24,bbr1
0.305,27202,18,20215,45.6,53.3,20.2,104.4,6.4,452107,19966,24,24,bbr1
0.316,19336,13,17335,45.3,42.9,20.2,104.4,4.4,452107,19969,24,24,bbr1
0.323,22184,15,17335,45.3,45.2,20.2,104.4,3.3,452107,19971,24,24,bbr1
0.332,25032,17,20215,45.4,46.1,20.2,104.4,2.7,565133,19975,24,24,bbr1
0.337,27202,18,20215,45.6,46.6,20.2,104.4,2.3,565133,19977,24,24,bbr1
0.345,27202,18,21655,45.7,46.9,20.2,104.4,2.1,565133,19980,24,24,bbr1
0.355,27202,18,23095,46.0,47.6,20.2,104.4,2.0,339080,19983,24,24,bbr1
0.359,27202,18,21655,46.2,47.8,20.2,104.4,2.0,339080,19984,24,24,bbr1
0.371,19336,13,18775,45.4,42.9,20.2,104.4,2.5,339080,19987,24,24,bbr1
0.378,23608,16,15895,45.5,45.9,20.2,104.4,2.0,339080,19988,24,24,bbr1
0.387,26456,18,17335,45.8,47.7,20.2,104.4,2.0,452107,19991,24,24,bbr1
0.396,27202,18,18775,46.1,48.8,20.2,104.4,2.3,452107,19994,24,24,bbr1
0.401,27202,18,18775,46.8,51.1,20.2,104.4,3.0,452107,19996,24,24,bbr1
0.408,27202,18,18775,47.3,50.8,20.2,104.4,3.2,452107,19998,24,24,bbr1
0.414,27202,18,18775,47.6,49.6,20.2,104.4,3.0,452107,20000,24,24,bbr1
0.431,20760,14,15895,46.4,42.9,20.2,104.4,3.6,565133,20004,24,24,bbr1
0.439,23608,16,18775,46.2,44.5,20.2,104.4,3.2,565133,20008,24,24,bbr1
0.447,26456,18,20215,46.0,44.5,20.2,104.4,2.8,565133,20011,24,24,bbr1
0.454,27202,18,21655,45.9,45.4,20.2,104.4,2.3,565133,20014,24,24,bbr1
0.461,27202,18,21655,45.9,45.6,20.2,104.4,1.8,339080,20016,24,24,bbr1
0.470,27202,18,21655,45.9,46.4,20.2,104.4,1.5,339080,20018,24,24,bbr1
0.483,20760,14,15840,45.1,44.6,20.2,104.4,2.2,337104,20019,24,24,bbr1
0.491,23608,16,17280,45.2,46.3,20.2,104.4,1.9,449473,20022,24,24,bbr1
0.497,26456,18,17280,45.5,47.7,20.2,104.4,2.1,449473,20024,24,24,bbr1
0.506,27094,18,18720,46.1,49.9,20.2,104.4,2.6,449473,20027,24,24,bbr1
0.513,27094,18,18720,46.8,51.6,20.2,104.4,3.4,449473,20029,24,24,bbr1
0.519,27094,18,18720,47.1,49.9,20.2,104.4,3.3,561841,20031,24,24,bbr1
0.534,20667,14,15840,45.6,41.7,20.2,104.4,4.5,561841,20034,24,24,bbr1
0.542,23515,16,18720,45.2,42.5,20.2,104.4,4.1,561841,20038,24,24,bbr1
0.550,26363,18,20160,44.9,43.0,20.2,104.4,3.7,561841,20041,24,24,bbr1
0.555,27094,18,20160,44.7,43.3,20.2,104.4,3.1,561841,20043,24,24,bbr1
0.563,27094,18,20160,44.4,42.4,20.2,104.4,2.9,561841,20046,24,24,bbr1
0.570,27094,18,21600,44.5,44.7,20.2,104.4,2.3,561841,20049,24,24,bbr1
0.580,26291,18,23040,43.6,37.6,20.2,104.4,3.4,322442,20052,24,24,bbr1
0.597,21689,15,17280,43.9,45.8,20.2,104.4,2.3,323113,20054,24,24,bbr1
0.605,24537,17,18720,44.4,47.9,20.2,104.4,2.7,430818,20057,24,24,bbr1
0.612,26328,18,18720,45.0,49.4,20.2,104.4,3.3,430818,20059,24,24,bbr1
0.619,26328,18,18720,45.8,51.3,20.2,104.4,4.0,430818,20061,24,24,bbr1
0.625,26328,18,18720,46.7,53.0,20.2,104.4,4.8,538522,20063,24,24,bbr1
0.633,26328,18,20160,47.7,54.6,20.2,104.4,5.6,538522,20066,24,24,bbr1
0.645,18860,13,18720,46.9,42.8,20.2,104.4,4.6,323113,20069,24,24,bbr1
0.652,21708,15,17280,46.7,45.1,20.2,104.4,3.9,323113,20070,24,24,bbr1
0.661,24556,17,18720,46.5,45.0,20.2,104.4,3.3,323113,20073,24,24,bbr1
0.670,26328,18,18720,46.3,45.1,20.2,104.4,2.8,323113,20075,24,24,bbr1
0.675,26328,18,17280,46.3,46.1,20.2,104.4,2.2,323113,20076,24,24,bbr1
0.683,26328,18,17280,46.4,47.5,20.2,104.4,1.9,430818,20078,24,24,bbr1
0.690,26328,18,17280,46.8,49.5,20.2,104.4,2.2,430818,20080,24,24,bbr1
0.700,18860,13,14400,46.2,42.8,20.2,104.4,2.4,430818,20082,24,24,bbr1
0.710,21708,15,17280,46.0,44.1,20.2,104.4,2.3,430818,20086,24,24,bbr1
0.717,24556,17,17280,45.5,42.0,20.2,104.4,2.7,430818,20088,24,24,bbr1
0.723,26328,18,15840,44.5,37.9,20.2,104.4,3.9,538522,20090,24,24,bbr1
0.731,26328,18,17280,43.7,38.0,20.2,104.4,4.6,538522,20093,24,24,bbr1
0.006,3072,2,0,40.7,40.7,20.2,104.4,3.0,538522,20095,25,25,bbr1
0.007,5760,4,0,39.2,28.4,20.2,104.4,5.3,538522,20097,25,25,bbr1
0.032,11456,7,1440,37.3,23.7,20.2,104.4,7.9,538522,20102,25,25,bbr1
0.044,12880,8,7200,36.0,27.4,20.2,104.4,8.4,538522,20107,25,25,bbr1
0.058,17152,11,8640,34.1,20.9,20.2,104.4,10.1,538522,20111,25,25,bbr1
0.066,20000,13,11520,32.6,22.2,20.2,104.4,10.5,538522,20115,25,25,bbr1
0.074,22848,15,12960,31.6,24.2,20.2,104.4,10.0,538522,20118,25,25,bbr1
0.080,25696,17,12960,30.9,25.9,20.2,104.4,8.9,538522,20120,25,25,bbr1
0.088,26328,18,14400,29.8,22.2,20.2,104.4,8.9,538522,20123,25,25,bbr1
0.093,26328,18,14400,29.5,27.1,20.2,104.4,7.3,538522,20125,25,25,bbr1
0.101,26328,18,15840,29.3,28.2,20.2,104.4,5.8,538522,20128,25,25,bbr1
0.106,26328,18,15840,29.4,30.1,20.2,104.4,4.6,538522,20130,25,25,bbr1
0.114,26328,18,17280,29.7,31.4,20.2,104.4,3.9,538522,20133,25,25,bbr1
0.120,26328,18,17280,30.0,32.7,20.2,104.4,3.7,538522,20135,25,25,bbr1
0.128,26328,18,18720,30.6,34.2,20.2,104.4,3.8,538522,20138,25,25,bbr1
0.136,26328,18,20160,31.2,36.1,20.2,104.4,4.2,538522,20141,25,25,bbr1
0.143,26328,18,20160,32.0,37.3,20.2,104.4,4.7,323113,20143,25,25,bbr1
0.147,26328,18,18720,32.9,39.1,20.2,104.4,5.3,323113,20144,25,25,bbr1
0.156,26328,18,18720,33.8,40.6,20.2,104.4,5.9,323113,20146,25,25,bbr1
0.165,26328,18,18720,34.8,41.8,20.2,104.4,6.4,323113,20148,25,25,bbr1
0.170,26328,18,17280,35.9,43.1,20.2,104.4,6.9,323113,20149,25,25,bbr1
0.178,26328,18,17280,37.0,45.1,20.2,104.4,7.5,430818,20151,25,25,bbr1
0.185,26328,18,17280,38.2,46.6,20.2,104.4,8.0,430818,20153,25,25,bbr1
0.191,26328,18,17280,39.4,47.7,20.2,104.4,8.4,430818,20155,25,25,bbr1
0.202,18860,13,14400,40.7,44.0,20.2,104.4,6.9,538522,20157,25,25,bbr1
0.210,21708,15,17280,40.9,41.9,20.2,104.4,5.5,538522,20161,25,25,bbr1
0.218,25980,18,17280,40.5,37.9,20.2,104.4,4.8,538522,20164,25,25,bbr1
0.226,26328,18,18720,40.2,38.0,20.2,104.4,4.2,538522,20167,25,25,bbr1
0.231,26328,18,18720,39.9,38.0,20.2,104.4,3.7,538522,20169,25,25,bbr1
0.248,20284,14,15840,39.2,39.1,20.2,104.4,3.2,538522,20172,25,25,bbr1
0.256,23132,16,18720,39.3,40.1,20.2,104.4,2.6,538522,20176,25,25,bbr1
0.264,25980,18,20160,39.6,42.0,20.2,104.4,2.7,538522,20179,25,25,bbr1
0.272,26328,18,20160,40.1,43.6,20.2,104.4,3.0,323113,20181,25,25,bbr1
0.276,26328,18,18720,40.7,45.1,20.2,104.4,3.5,323113,20182,25,25,bbr1
0.285,26328,18,18720,41.4,46.1,20.2,104.4,3.9,323113,20184,25,25,bbr1
0.289,17436,12,15840,41.1,39.2,20.2,104.4,3.5,338757,20185,25,25,bbr1
0.300,20284,14,15840,41.5,44.2,20.2,104.4,3.4,451677,20187,25,25,bbr1
0.310,23132,16,18720,42.0,45.2,20.2,104.4,3.5,451677,20191,25,25,bbr1
0.316,25980,18,18720,42.6,47.2,20.2,104.4,3.9,451677,20193,25,25,bbr1
0.322,27184,18,17280,42.8,44.1,20.2,104.4,3.3,451677,20195,25,25,bbr1
0.331,27184,18,18720,42.7,42.1,20.2,104.4,2.7,564596,20198,25,25,bbr1
0.339,19288,13,17280,42.1,37.4,20.2,104.4,3.3,564596,20201,25,25,bbr1
0.347,22136,15,17280,41.5,37.9,20.2,104.4,3.5,564596,20203,25,25,bbr1
0.355,24984,17,20160,41.3,39.8,20.2,104.4,3.1,564596,20207,25,25,bbr1
0.363,27184,18,21600,41.2,40.6,20.2,104.4,2.5,564596,20210,25,25,bbr1
0.372,27184,18,21600,41.0,39.3,20.2,104.4,2.3,338757,20213,25,25,bbr1
0.377,27184,18,20160,41.0,41.3,20.2,104.4,1.8,338757,20214,25,25,bbr1
0.385,27184,18,20160,41.3,43.1,20.2,104.4,1.9,338757,20216,25,25,bbr1
0.401,20712,14,15840,41.9,46.2,20.2,104.4,2.3,348831,20218,25,25,bbr1
0.408,23560,16,17280,42.6,48.0,20.2,104.4,3.3,465109,20221,25,25,bbr1
0.414,26408,18,17280,43.5,49.2,20.2,104.4,4.1,465109,20223,25,25,bbr1
0.423,27736,19,18720,44.5,51.4,20.2,104.4,5.0,465109,20226,25,25,bbr1
0.430,27736,19,18720,45.1,49.6,20.2,104.4,5.1,465109,20228,25,25,bbr1
0.435,27736,19,18720,45.5,48.1,20.2,104.4,4.6,581386,20230,25,25,bbr1
0.452,20988,14,15895,44.4,42.2,20.2,104.4,4.4,581386,20234,25,25,bbr1
0.460,23836,16,18775,44.2,42.7,20.2,104.4,3.7,581386,20238,25,25,bbr1
0.467,26684,18,20215,44.1,43.4,20.2,104.4,3.0,581386,20241,25,25,bbr1
0.474,27736,19,21655,44.1,44.1,20.2,104.4,2.2,581386,20244,25,25,bbr1
0.481,27736,19,21655,44.1,44.4,20.2,104.4,1.8,348831,20246,25,25,bbr1
0.489,27736,19,21655,44.4,46.7,20.2,104.4,2.0,348831,20248,25,25,bbr1
0.503,21027,14,15840,43.9,44.7,20.2,104.4,2.3,348831,20249,25,25,bbr1
0.511,23875,16,17280,44.2,46.5,20.2,104.4,2.4,465109,20252,25,25,bbr1
0.520,26723,18,18720,44.8,48.5,20.2,104.4,2.8,465109,20255,25,25,bbr1
0.526,27736,19,18720,45.5,50.3,20.2,104.4,3.5,465109,20257,25,25,bbr1
0.532,27736,19,18720,46.3,52.3,20.2,104.4,4.4,465109,20259,25,25,bbr1
0.539,27736,19,17280,46.6,48.4,20.2,104.4,3.8,465109,20261,25,25,bbr1
0.553,19564,13,15840,44.8,40.6,20.2,104.4,5.0,581386,20264,25,25,bbr1
0.560,22412,15,17280,44.4,41.2,20.2,104.4,4.7,581386,20267,25,25,bbr1
0.568,25260,17,20160,44.1,41.7,20.2,104.4,4.2,581386,20271,25,25,bbr1
0.576,27736,19,21600,43.9,42.5,20.2,104.4,3.5,581386,20274,25,25,bbr1
0.584,27736,19,23040,43.8,43.2,20.2,104.4,2.8,348831,20277,25,25,bbr1
0.588,27736,19,21600,43.8,43.7,20.2,104.4,2.1,348831,20278,25,25,bbr1
0.604,20988,14,17280,43.2,42.7,20.2,104.4,2.1,348831,20280,25,25,bbr1
0.612,23836,16,18720,43.6,46.6,20.2,104.4,2.5,465109,20283,25,25,bbr1
0.621,26684,18,20160,44.2,48.5,20.2,104.4,3.1,465109,20286,25,25,bbr1
0.627,27736,19,20160,45.0,50.4,20.2,104.4,3.9,465109,20288,25,25,bbr1
0.633,27736,19,20160,45.9,52.2,20.2,104.4,4.7,581386,20290,25,25,bbr1
0.641,27736,19,21600,46.7,52.4,20.2,104.4,5.2,581386,20293,25,25,bbr1
0.648,27736,19,23040,47.2,51.0,20.2,104.4,5.0,581386,20296,25,25,bbr1
0.666,22412,15,17280,46.5,46.4,20.2,104.4,3.0,348831,20298,25,25,bbr1
0.674,25260,17,18720,46.5,46.5,20.2,104.4,2.2,348831,20301,25,25,bbr1
0.683,27736,19,18720,46.7,47.7,20.2,104.4,2.0,348831,20303,25,25,bbr1
0.687,27736,19,17280,47.0,49.6,20.2,104.4,2.2,348831,20304,25,25,bbr1
0.694,27736,19,17280,47.5,51.0,20.2,104.4,2.7,465109,20306,25,25,bbr1
0.700,27736,19,17280,48.3,53.4,20.2,104.4,3.4,465109,20308,25,25,bbr1
0.706,27736,19,17280,48.9,53.6,20.2,104.4,3.9,465109,20310,25,25,bbr1
0.712,27736,19,17280,47.9,41.1,20.2,104.4,4.9,465109,20312,25,25,bbr1
0.726,19564,13,15840,46.6,41.4,20.2,104.4,5.1,465109,20315,25,25,bbr1
0.733,22412,15,17280,45.8,40.2,20.2,104.4,5.5,465109,20318,25,25,bbr1
0.741,25260,17,18720,45.2,40.9,20.2,104.4,5.3,581386,20321,25,25,bbr1
0.749,27736,19,20160,44.7,41.5,20.2,104.4,4.9,581386,20324,25,25,bbr1
0.756,27736,19,21600,44.4,42.1,20.2,104.4,4.3,581386,20327,25,25,bbr1
0.762,27736,19,21600,44.2,42.9,20.2,104.4,3.6,348831,20329,25,25,bbr1
0.771,27736,19,20160,43.6,39.4,20.2,104.4,3.9,348831,20331,25,25,bbr1
0.784,19564,13,17280,43.6,44.1,20.2,104.4,2.5,348831,20333,25,25,bbr1
0.791,22412,15,17280,43.9,46.5,20.2,104.4,2.6,465109,20335,25,25,bbr1
0.800,25260,17,20160,44.4,47.6,20.2,104.4,2.9,465109,20339,25,25,bbr1
0.807,27736,19,20160,45.1,49.7,20.2,104.4,3.5,465109,20341,25,25,bbr1
0.813,27736,19,20160,45.9,51.7,20.2,104.4,4.3,465109,20343,25,25,bbr1
0.819,27736,19,20160,46.4,50.2,20.2,104.4,4.3,465109,20345,25,25,bbr1
0.828,27736,19,21600,46.7,48.4,20.2,104.4,3.7,465109,20348,25,25,bbr1
0.834,27736,19,21600,46.2,42.8,20.2,104.4,3.8,465109,20350,25,25,bbr1
0.846,19564,13,18775,45.9,46.8,20.2,104.4,3.0,465109,20353,25,25,bbr1
0.852,22412,15,17335,46.1,47.4,20.2,104.4,2.6,465109,20354,25,25,bbr1
0.862,26684,18,18775,46.2,46.7,20.2,104.4,2.1,465109,20358,25,25,bbr1
0.868,26823,18,18775,46.3,47.4,20.2,104.4,1.9,553590,20360,25,25,bbr1
0.876,26823,18,20215,46.5,48.0,20.2,104.4,1.8,553590,20363,25,25,bbr1
0.883,26823,18,21655,46.8,48.4,20.2,104.4,1.9,553590,20366,25,25,bbr1
0.893,26823,18,23095,47.1,49.4,20.2,104.4,2.0,332154,20369,25,25,bbr1
0.906,20570,14,17335,46.2,45.2,20.2,104.4,2.5,332154,20371,25,25,bbr1
0.914,23418,16,18775,46.2,45.9,20.2,104.4,2.0,442872,20374,25,25,bbr1
0.920,26266,18,18775,46.4,47.7,20.2,104.4,1.8,442872,20376,25,25,bbr1
0.926,26823,18,18775,46.6,48.6,20.2,104.4,1.9,442872,20378,25,25,bbr1
0.936,26823,18,20215,47.2,50.9,20.2,104.4,2.5,442872,20381,25,25,bbr1
0.943,26823,18,20215,47.8,52.1,20.2,104.4,3.1,442872,20383,25,25,bbr1
0.949,26823,18,20215,48.4,52.5,20.2,104.4,3.5,442872,20385,25,25,bbr1
0.956,26823,18,20160,47.7,42.9,20.2,104.4,4.0,442872,20387,25,25,bbr1
0.967,19107,13,17280,47.2,45.9,20.2,104.4,3.1,442872,20389,25,25,bbr1
0.974,21955,15,17280,46.9,44.6,20.2,104.4,3.0,442872,20391,25,25,bbr1
0.984,24803,17,20160,46.8,46.7,20.2,104.4,2.3,442872,20395,25,25,bbr1
0.991,26823,18,20160,46.9,47.0,20.2,104.4,1.8,442872,20397,25,25,bbr1
0.997,26823,18,20160,46.9,46.9,20.2,104.4,1.3,442872,20399,25,25,bbr1
1.004,26823,18,20160,47.0,47.7,20.2,104.4,1.2,442872,20401,25,25,bbr1
1.010,26823,18,20160,47.1,47.9,20.2,104.4,1.1,553590,20403,25,25,bbr1
1.017,26608,18,21600,46.5,42.8,20.2,104.4,1.9,547043,20406,25,25,bbr1
1.029,19000,13,18720,46.1,46.5,20.2,104.4,1.9,328226,20408,25,25,bbr1
1.036,21848,15,17280,46.2,46.8,20.2,104.4,1.6,328226,20409,25,25,bbr1
1.045,26120,18,17280,46.1,45.7,20.2,104.4,1.3,328226,20412,25,25,bbr1
1.052,26608,18,17280,46.1,45.8,20.2,104.4,1.1,437635,20414,25,25,bbr1
1.059,26608,18,17280,46.2,46.8,20.2,104.4,1.0,437635,20416,25,25,bbr1
1.066,26608,18,17280,46.4,48.1,20.2,104.4,1.2,437635,20418,25,25,bbr1
1.072,26608,18,17280,46.9,50.2,20.2,104.4,1.9,437635,20420,25,25,bbr1
1.079,17576,12,15840,46.2,41.0,20.2,104.4,2.9,437635,20422,25,25,bbr1
0.007,3072,2,0,44.0,42.7,20.2,104.4,2.6,536923,20424,26,26,bbr1
0.007,5760,4,0,42.1,29.0,20.2,104.4,5.7,536923,20426,26,26,bbr1
0.033,11456,7,1440,39.9,24.6,20.2,104.4,8.6,536923,20431,26,26,bbr1
0.045,12880,8,7200,38.5,28.4,20.2,104.4,9.3,536923,20436,26,26,bbr1
0.059,17152,11,8640,36.2,20.7,20.2,104.4,11.4,536923,20440,26,26,bbr1
0.067,20000,13,11520,34.5,22.3,20.2,104.4,12.1,536923,20444,26,26,bbr1
0.075,22848,15,12960,33.2,24.2,20.2,104.4,11.6,536923,20447,26,26,bbr1
0.081,25696,17,12960,32.3,25.6,20.2,104.4,10.6,536923,20449,26,26,bbr1
0.086,26276,18,12960,31.0,22.2,20.2,104.4,10.5,536923,20451,26,26,bbr1
0.094,26276,18,14400,30.5,27.1,20.2,104.4,8.8,536923,20454,26,26,bbr1
0.102,26276,18,15840,30.2,28.2,20.2,104.4,7.2,536923,20457,26,26,bbr1
0.107,26276,18,15840,30.2,30.1,20.2,104.4,5.4,536923,20459,26,26,bbr1
0.116,26276,18,17280,30.4,31.4,20.2,104.4,4.4,536923,20462,26,26,bbr1
0.121,26276,18,17280,30.6,32.5,20.2,104.4,3.8,536923,20464,26,26,bbr1
0.129,26276,18,18720,31.1,34.1,20.2,104.4,3.7,536923,20467,26,26,bbr1
0.137,26276,18,20160,31.7,36.2,20.2,104.4,4.1,536923,20470,26,26,bbr1
0.144,26276,18,20160,32.4,37.3,20.2,104.4,4.4,322154,20472,26,26,bbr1
0.148,26276,18,18720,33.2,38.9,20.2,104.4,5.0,322154,20473,26,26,bbr1
0.157,26276,18,18720,34.1,40.5,20.2,104.4,5.6,322154,20475,26,26,bbr1
0.162,26276,18,17280,35.1,41.8,20.2,104.4,6.1,322154,20476,26,26,bbr1
0.170,26276,18,17280,36.1,43.0,20.2,104.4,6.5,429539,20478,26,26,bbr1
0.176,26276,18,17280,37.2,44.9,20.2,104.4,7.1,429539,20480,26,26,bbr1
0.183,26276,18,17280,38.3,46.5,20.2,104.4,7.7,429539,20482,26,26,bbr1
0.190,26276,18,17280,39.5,47.5,20.2,104.4,8.0,429539,20484,26,26,bbr1
0.203,18834,13,14400,40.7,43.7,20.2,104.4,6.5,536923,20486,26,26,bbr1
0.211,21682,15,17280,40.8,41.6,20.2,104.4,5.1,536923,20490,26,26,bbr1
0.219,24530,17,18720,40.7,40.0,20.2,104.4,4.1,536923,20493,26,26,bbr1
0.222,26276,18,17280,40.6,40.2,20.2,104.4,3.2,536923,20494,26,26,bbr1
0.230,26276,18,18720,40.6,40.2,20.2,104.4,2.5,536923,20497,26,26,bbr1
0.238,26276,18,20160,40.5,40.3,20.2,104.4,2.0,536923,20500,26,26,bbr1
0.245,26276,18,20160,39.8,34.3,20.2,104.4,3.0,322154,20502,26,26,bbr1
0.256,18834,13,15840,39.7,40.1,20.2,104.4,1.9,322154,20503,26,26,bbr1
0.264,21682,15,17280,40.0,42.1,20.2,104.4,2.0,431151,20506,26,26,bbr1
0.271,24530,17,17280,40.4,43.0,20.2,104.4,2.3,431151,20508,26,26,bbr1
0.277,26357,18,17280,40.8,43.3,20.2,104.4,2.4,431533,20510,26,26,bbr1
0.284,26357,18,17280,41.3,44.8,20.2,104.4,2.8,431533,20512,26,26,bbr1
0.290,26357,18,14400,40.4,34.2,20.2,104.4,3.9,539416,20514,26,26,bbr1
0.302,16026,11,14400,39.2,36.6,20.2,104.4,4.1,552833,20516,26,26,bbr1
0.307,18874,13,14400,39.1,38.5,20.2,104.4,3.3,552833,20518,26,26,bbr1
0.315,23146,16,15840,38.9,37.0,20.2,104.4,3.0,552833,20522,26,26,bbr1
0.325,25994,18,18720,38.9,38.9,20.2,104.4,2.2,552833,20526,26,26,bbr1
0.333,26798,18,20160,38.9,39.4,20.2,104.4,1.8,552833,20529,26,26,bbr1
0.340,26798,18,18720,38.1,32.5,20.2,104.4,3.0,331700,20531,26,26,bbr1
0.355,19095,13,15840,38.6,40.9,20.2,104.4,2.5,331700,20533,26,26,bbr1
0.363,21943,15,17280,38.9,40.9,20.2,104.4,2.5,442267,20536,26,26,bbr1
0.369,26215,18,15840,39.4,43.3,20.2,104.4,3.0,447698,20538,26,26,bbr1
0.379,27021,18,17280,40.1,44.9,20.2,104.4,3.6,447698,20541,26,26,bbr1
0.385,27021,18,17280,40.9,46.1,20.2,104.4,4.2,559622,20543,26,26,bbr1
0.392,27021,18,18720,41.4,44.8,20.2,104.4,4.1,559622,20546,26,26,bbr1
0.405,19206,13,17280,40.8,39.9,20.2,104.4,3.2,335773,20549,26,26,bbr1
0.412,22054,15,17280,40.8,40.7,20.2,104.4,2.4,335773,20551,26,26,bbr1
0.419,24902,17,17280,40.8,41.1,20.2,104.4,1.9,335773,20553,26,26,bbr1
0.426,27021,18,17280,40.9,41.5,20.2,104.4,1.6,447698,20555,26,26,bbr1
0.433,27021,18,17280,41.1,42.7,20.2,104.4,1.7,447698,20557,26,26,bbr1
0.439,27021,18,17280,41.6,45.0,20.2,104.4,2.2,447698,20559,26,26,bbr1
0.448,27021,18,18720,42.2,46.6,20.2,104.4,2.9,559622,20562,26,26,bbr1
0.459,19206,13,15840,42.6,43.1,20.2,104.4,2.3,559622,20564,26,26,bbr1
0.466,22054,15,17280,42.5,41.5,20.2,104.4,2.0,559622,20567,26,26,bbr1
0.475,24902,17,20160,42.4,41.9,20.2,104.4,1.6,559622,20571,26,26,bbr1
0.482,27021,18,20160,42.4,41.9,20.2,104.4,1.4,335773,20573,26,26,bbr1
0.490,27021,18,20160,42.4,42.8,20.2,104.4,1.1,335773,20575,26,26,bbr1
0.495,27021,18,18720,42.6,43.8,20.2,104.4,1.2,335773,20576,26,26,bbr1
0.504,27021,18,17280,42.2,39.4,20.2,104.4,1.7,335773,20578,26,26,bbr1
0.518,19206,13,14400,42.8,46.2,20.2,104.4,2.0,447698,20580,26,26,bbr1
0.528,22054,15,17280,43.4,47.7,20.2,104.4,2.8,447698,20584,26,26,bbr1
0.534,26326,18,15840,43.6,45.1,20.2,104.4,2.5,447698,20586,26,26,bbr1
0.540,27021,18,15840,43.6,43.3,20.2,104.4,1.9,447698,20588,26,26,bbr1
0.550,27021,18,17280,43.3,41.4,20.2,104.4,2.0,447698,20591,26,26,bbr1
0.556,27021,18,15840,42.2,34.2,20.2,104.4,3.8,559622,20593,26,26,bbr1
0.571,19206,13,15840,41.2,38.2,20.2,104.4,3.8,559622,20597,26,26,bbr1
0.578,22054,15,17280,40.9,38.8,20.2,104.4,3.4,559622,20600,26,26,bbr1
0.586,24902,17,20160,40.7,39.3,20.2,104.4,3.0,559622,20604,26,26,bbr1
0.593,27021,18,20160,40.6,39.7,20.2,104.4,2.5,335773,20606,26,26,bbr1
0.602,27021,18,20160,40.6,40.7,20.2,104.4,1.9,335773,20608,26,26,bbr1
0.606,27021,18,18720,40.7,41.9,20.2,104.4,1.7,335773,20609,26,26,bbr1
0.615,27140,18,17280,40.6,39.3,20.2,104.4,1.7,337950,20611,26,26,bbr1
0.629,19266,13,14400,41.5,46.1,20.2,104.4,2.7,450600,20613,26,26,bbr1
0.639,22114,15,17280,42.0,45.8,20.2,104.4,3.1,450600,20617,26,26,bbr1
0.645,24962,17,17280,42.7,47.6,20.2,104.4,3.7,563250,20619,26,26,bbr1
0.650,27140,18,17280,43.1,45.5,20.2,104.4,3.5,563250,20621,26,26,bbr1
0.657,27140,18,18720,43.2,44.3,20.2,104.4,2.9,563250,20624,26,26,bbr1
0.665,27140,18,20160,43.1,42.1,20.2,104.4,2.5,563250,20627,26,26,bbr1
0.672,27140,18,21600,42.2,35.9,20.2,104.4,3.6,563250,20630,26,26,bbr1
0.684,19266,13,18720,41.6,40.0,20.2,104.4,3.0,337950,20632,26,26,bbr1
0.691,22114,15,17280,41.7,41.9,20.2,104.4,2.3,337950,20633,26,26,bbr1
0.699,24962,17,18720,41.7,41.9,20.2,104.4,1.8,337950,20636,26,26,bbr1
0.704,27140,18,17280,41.9,43.4,20.2,104.4,1.8,337950,20637,26,26,bbr1
0.711,27140,18,17280,42.3,44.9,20.2,104.4,2.0,450600,20639,26,26,bbr1
0.717,27140,18,17280,42.9,47.1,20.2,104.4,2.7,450600,20641,26,26,bbr1
0.724,27140,18,17280,43.6,48.9,20.2,104.4,3.6,450600,20643,26,26,bbr1
0.737,19266,13,14400,43.4,41.0,20.2,104.4,2.8,450600,20645,26,26,bbr1
0.747,22114,15,17280,43.3,42.9,20.2,104.4,2.3,450600,20649,26,26,bbr1
0.753,24962,17,17280,43.0,40.9,20.2,104.4,2.3,563250,20651,26,26,bbr1
0.757,27140,18,17280,42.9,41.6,20.2,104.4,2.1,563250,20653,26,26,bbr1
0.765,27140,18,18720,42.7,41.9,20.2,104.4,1.8,563250,20656,26,26,bbr1
0.773,27140,18,20160,42.7,42.5,20.2,104.4,1.4,563250,20659,26,26,bbr1
0.785,19266,13,18720,41.6,39.8,20.2,104.4,2.6,337950,20662,26,26,bbr1
0.792,22114,15,17280,41.4,40.0,20.2,104.4,2.3,337950,20663,26,26,bbr1
0.800,24962,17,18720,41.5,42.0,20.2,104.4,1.9,337950,20666,26,26,bbr1
0.809,27140,18,18720,41.7,43.1,20.2,104.4,1.8,337950,20668,26,26,bbr1
0.813,27140,18,17280,42.1,45.2,20.2,104.4,2.2,337950,20669,26,26,bbr1
0.820,27140,18,17280,42.8,47.2,20.2,104.4,2.9,450600,20671,26,26,bbr1
0.827,27140,18,17280,43.5,48.9,20.2,104.4,3.7,450600,20673,26,26,bbr1
0.839,19266,13,14400,43.7,42.7,20.2,104.4,2.9,450600,20675,26,26,bbr1
0.849,22114,15,17280,43.8,44.1,20.2,104.4,2.3,450600,20679,26,26,bbr1
0.855,26386,18,15840,43.3,39.9,20.2,104.4,2.6,450600,20681,26,26,bbr1
0.862,27140,18,15840,42.8,39.7,20.2,104.4,2.9,450600,20683,26,26,bbr1
0.872,27140,18,17280,42.5,40.0,20.2,104.4,2.9,450600,20686,26,26,bbr1
0.877,17842,12,15840,41.4,34.3,20.2,104.4,4.2,563250,20688,26,26,bbr1
0.886,20690,14,15840,41.0,38.1,20.2,104.4,4.0,563250,20690,26,26,bbr1
0.894,23538,16,18720,40.7,38.2,20.2,104.4,3.7,563250,20694,26,26,bbr1
0.901,26386,18,20160,40.5,39.0,20.2,104.4,3.2,563250,20697,26,26,bbr1
0.906,27140,18,20160,40.4,39.5,20.2,104.4,2.6,563250,20699,26,26,bbr1
0.914,27140,18,21600,40.3,39.7,20.2,104.4,2.1,563250,20702,26,26,bbr1
0.927,20690,14,18720,40.2,39.4,20.2,104.4,1.5,337950,20705,26,26,bbr1
0.937,23538,16,18720,40.7,44.4,20.2,104.4,2.2,337950,20707,26,26,bbr1
0.946,26386,18,20160,41.4,46.2,20.2,104.4,3.0,337950,20710,26,26,bbr1
0.954,27140,18,20160,42.2,47.6,20.2,104.4,3.8,337950,20712,26,26,bbr1
0.959,27140,18,18720,43.1,49.5,20.2,104.4,4.7,337950,20713,26,26,bbr1
0.967,27140,18,18720,44.2,51.4,20.2,104.4,5.6,337950,20715,26,26,bbr1
0.975,27140,18,18720,45.3,53.1,20.2,104.4,6.4,337950,20717,26,26,bbr1
0.985,20690,14,12960,45.9,46.1,20.2,104.4,4.5,450600,20718,26,26,bbr1
0.998,23538,16,17280,46.1,47.5,20.2,104.4,3.8,450600,20723,26,26,bbr1
1.004,26386,18,17280,46.1,46.2,20.2,104.4,2.9,450600,20725,26,26,bbr1
1.011,27140,18,15840,45.6,42.0,20.2,104.4,3.2,450600,20727,26,26,bbr1
1.021,27140,18,17280,44.9,40.3,20.2,104.4,3.7,450600,20730,26,26,bbr1
1.031,19266,13,14400,42.9,38.0,20.2,104.4,5.5,450600,20732,26,26,bbr1
1.041,22114,15,17280,42.3,38.0,20.2,104.4,5.3,450600,20736,26,26,bbr1
1.047,24962,17,17280,41.8,38.9,20.2,104.4,4.8,450600,20738,26,26,bbr1
1.054,27140,18,17280,41.5,39.0,20.2,104.4,4.3,450600,20740,26,26,bbr1
1.060,27140,18,17280,41.2,39.5,20.2,104.4,3.8,450600,20742,26,26,bbr1
1.066,27140,18,17280,41.1,40.1,20.2,104.4,3.1,563250,20744,26,26,bbr1
1.073,27129,18,18720,40.4,35.9,20.2,104.4,3.6,562893,20747,26,26,bbr1
1.086,19260,13,17280,40.3,39.9,20.2,104.4,2.3,562893,20750,26,26,bbr1
1.093,22108,15,17280,40.3,40.7,20.2,104.4,1.8,562893,20752,26,26,bbr1
1.101,24956,17,20160,40.4,40.8,20.2,104.4,1.5,562893,20756,26,26,bbr1
1.109,27129,18,21600,40.5,41.6,20.2,104.4,1.4,562893,20759,26,26,bbr1
1.115,27129,18,21600,40.8,42.7,20.2,104.4,1.6,337736,20761,26,26,bbr1
1.124,27129,18,21600,41.3,45.0,20.2,104.4,2.2,337736,20763,26,26,bbr1
1.128,27129,18,20160,42.0,46.6,20.2,104.4,3.0,337736,20764,26,26,bbr1
0.006,3072,2,0,45.6,46.9,20.2,104.4,4.2,450315,20766,27,27,bbr1
0.006,5760,4,0,43.4,28.2,20.2,104.4,7.5,450315,20768,27,27,bbr1
0.032,10032,6,2880,41.0,24.4,20.2,104.4,10.4,562893,20773,27,27,bbr1
0.040,12880,8,5760,39.4,27.8,20.2,104.4,11.1,562893,20777,27,27,bbr1
0.058,17152,11,8640,37.1,21.3,20.2,104.4,12.8,562893,20782,27,27,bbr1
0.066,20000,13,11520,35.4,23.0,20.2,104.4,13.1,562893,20786,27,27,bbr1
0.074,22848,15,12960,34.0,24.2,20.2,104.4,12.6,562893,20789,27,27,bbr1
0.079,25696,17,12960,33.0,26.6,20.2,104.4,11.3,562893,20791,27,27,bbr1
0.087,27129,18,14400,31.7,22.2,20.2,104.4,11.2,562893,20794,27,27,bbr1
0.094,27129,18,15840,31.1,26.9,20.2,104.4,9.6,562893,20797,27,27,bbr1
0.102,27129,18,17280,30.8,29.1,20.2,104.4,7.7,562893,20800,27,27,bbr1
0.107,27129,18,17280,30.8,30.4,20.2,104.4,5.9,562893,20802,27,27,bbr1
0.115,27129,18,18720,31.0,32.5,20.2,104.4,4.8,562893,20805,27,27,bbr1
0.122,27129,18,20160,31.3,33.8,20.2,104.4,4.3,562893,20808,27,27,bbr1
0.128,27129,18,20160,31.9,36.0,20.2,104.4,4.4,562893,20810,27,27,bbr1
0.135,27129,18,21600,32.6,37.3,20.2,104.4,4.6,562893,20813,27,27,bbr1
0.142,27129,18,21600,33.4,39.4,20.2,104.4,5.2,337736,20815,27,27,bbr1
0.150,27129,18,21600,34.4,41.1,20.2,104.4,5.8,337736,20817,27,27,bbr1
0.155,27129,18,20160,35.5,42.9,20.2,104.4,6.5,337736,20818,27,27,bbr1
0.163,27129,18,20160,36.5,44.1,20.2,104.4,7.0,337736,20820,27,27,bbr1
0.172,27129,18,20160,37.8,46.4,20.2,104.4,7.7,337736,20822,27,27,bbr1
0.176,27129,18,18720,39.0,47.6,20.2,104.4,8.2,337736,20823,27,27,bbr1
0.184,27129,18,18720,40.3,49.8,20.2,104.4,8.9,337736,20825,27,27,bbr1
0.189,27129,18,17280,41.7,51.6,20.2,104.4,9.5,337736,20826,27,27,bbr1
0.202,19260,13,14400,43.8,49.9,20.2,104.4,8.8,450315,20828,27,27,bbr1
0.212,22108,15,17280,44.3,47.9,20.2,104.4,7.6,450315,20832,27,27,bbr1
0.218,26380,18,15840,44.2,43.8,20.2,104.4,5.8,450315,20834,27,27,bbr1
0.224,27129,18,15840,44.0,42.3,20.2,104.4,4.9,450315,20836,27,27,bbr1
0.234,27129,18,17280,43.6,40.6,20.2,104.4,4.5,450315,20839,27,27,bbr1
0.240,27129,18,15840,42.4,34.2,20.2,104.4,5.7,450315,20841,27,27,bbr1
0.255,19260,13,14400,41.4,38.1,20.2,104.4,5.0,450315,20844,27,27,bbr1
0.265,22108,15,17280,41.1,39.0,20.2,104.4,4.3,450315,20848,27,27,bbr1
0.271,24956,17,17280,40.9,39.4,20.2,104.4,3.7,562893,20850,27,27,bbr1
0.275,26942,18,17280,40.7,39.7,20.2,104.4,3.0,557201,20852,27,27,bbr1
0.283,26942,18,18720,40.7,40.3,20.2,104.4,2.4,557201,20855,27,27,bbr1
0.291,26942,18,20160,40.7,40.8,20.2,104.4,1.8,557201,20858,27,27,bbr1
0.298,26942,18,20160,40.1,36.0,20.2,104.4,2.5,334320,20860,27,27,bbr1
0.310,19167,13,17280,40.0,39.7,20.2,104.4,1.6,334320,20862,27,27,bbr1
0.317,22015,15,17280,40.2,41.8,20.2,104.4,1.6,445761,20864,27,27,bbr1
0.324,24863,17,18720,40.6,43.1,20.2,104.4,1.9,419431,20867,27,27,bbr1
0.331,25860,17,18720,41.2,45.2,20.2,104.4,2.6,419431,20869,27,27,bbr1
0.337,26945,18,17280,41.7,45.8,20.2,104.4,3.1,445835,20871,27,27,bbr1
0.344,28212,19,15840,41.7,41.5,20.2,104.4,2.4,476702,20873,27,27,bbr1
0.359,22650,15,11520,40.9,35.4,20.2,104.4,3.0,476702,20876,27,27,bbr1
0.368,24074,16,15840,40.0,33.6,20.2,104.4,4.0,476702,20880,27,27,bbr1
0.371,26922,18,14400,39.2,33.6,20.2,104.4,4.6,476702,20881,27,27,bbr1
0.380,28212,19,14400,38.6,34.2,20.2,104.4,4.7,595877,20884,27,27,bbr1
0.387,28212,19,15840,37.6,31.3,20.2,104.4,5.4,595877,20887,27,27,bbr1
0.392,28212,19,15840,36.4,27.3,20.2,104.4,6.6,595877,20889,27,27,bbr1
0.400,18378,12,15840,35.6,30.2,20.2,104.4,6.5,595877,20892,27,27,bbr1
0.405,21226,14,15840,34.6,27.4,20.2,104.4,6.9,595877,20894,27,27,bbr1
0.414,24074,16,18720,34.0,30.3,20.2,104.4,6.3,595877,20898,27,27,bbr1
0.421,26922,18,20160,33.9,32.7,20.2,104.4,5.0,595877,20901,27,27,bbr1
0.428,29164,20,20160,33.6,32.2,20.2,104.4,4.2,624871,20904,27,27,bbr1
0.436,29164,20,21600,33.7,34.2,20.2,104.4,3.3,624871,20907,27,27,bbr1
0.443,29164,20,21600,34.0,35.8,20.2,104.4,3.0,374922,20910,27,27,bbr1
0.451,29164,20,21600,34.2,35.8,20.2,104.4,2.7,374922,20912,27,27,bbr1
0.462,20278,14,17280,35.7,41.6,20.2,104.4,4.2,374922,20913,27,27,bbr1
0.469,23126,16,18720,36.5,41.9,20.2,104.4,4.7,499897,20916,27,27,bbr1
0.478,25974,18,20160,37.6,45.8,20.2,104.4,5.8,499897,20919,27,27,bbr1
0.484,28822,20,20160,38.9,48.0,20.2,104.4,7.0,499897,20921,27,27,bbr1
0.492,29164,20,21600,40.3,49.8,20.2,104.4,7.9,499897,20924,27,27,bbr1
0.497,29164,20,21600,41.6,50.8,20.2,104.4,8.6,499897,20926,27,27,bbr1
0.503,29164,20,21600,42.7,49.9,20.2,104.4,8.5,499897,20928,27,27,bbr1
0.518,21702,15,18720,43.0,44.9,20.2,104.4,5.5,624871,20931,27,27,bbr1
0.525,24550,17,20160,43.4,45.7,20.2,104.4,4.8,624871,20934,27,27,bbr1
0.532,27398,19,23040,43.8,46.7,20.2,104.4,4.4,624871,20938,27,27,bbr1
0.541,29164,20,24480,44.3,48.0,20.2,104.4,4.4,374922,20941,27,27,bbr1
0.549,29164,20,24480,44.9,49.2,20.2,104.4,4.5,374922,20943,27,27,bbr1
0.557,29164,20,24480,45.6,50.3,20.2,104.4,4.7,374922,20945,27,27,bbr1
0.560,29164,20,23040,46.3,51.4,20.2,104.4,5.0,374922,20946,27,27,bbr1
0.577,21702,15,18720,46.7,49.6,20.2,104.4,3.7,374922,20948,27,27,bbr1
0.583,24550,17,20160,47.6,54.0,20.2,104.4,4.6,499897,20951,27,27,bbr1
0.592,27398,19,21600,48.7,56.2,20.2,104.4,5.6,499897,20954,27,27,bbr1
0.598,29164,20,21600,49.9,58.5,20.2,104.4,6.6,499897,20956,27,27,bbr1
0.606,29164,20,23040,50.8,57.1,20.2,104.4,6.8,499897,20959,27,27,bbr1
0.612,29164,20,23040,51.5,56.7,20.2,104.4,6.5,499897,20961,27,27,bbr1
0.618,29164,20,23040,52.1,55.9,20.2,104.4,6.0,499897,20963,27,27,bbr1
0.635,21702,15,20160,51.1,49.6,20.2,104.4,4.9,499897,20966,27,27,bbr1
0.642,24550,17,20160,51.1,50.8,20.2,104.4,3.8,499897,20968,27,27,bbr1
0.650,27398,19,23040,51.2,51.9,20.2,104.4,3.0,624871,20972,27,27,bbr1
0.657,29164,20,24480,51.4,53.0,20.2,104.4,2.7,624871,20975,27,27,bbr1
0.663,29164,20,25920,51.8,54.1,20.2,104.4,2.7,624871,20978,27,27,bbr1
0.672,29164,20,27360,52.2,55.2,20.2,104.4,2.9,374922,20981,27,27,bbr1
0.676,29164,20,24480,52.5,54.8,20.2,104.4,2.8,374922,20982,27,27,bbr1
0.695,21702,15,21600,51.5,48.0,20.2,104.4,3.4,374922,20985,27,27,bbr1
0.702,24550,17,20160,51.5,51.9,20.2,104.4,2.7,374922,20986,27,27,bbr1
0.709,27398,19,21600,51.9,54.6,20.2,104.4,2.8,374922,20989,27,27,bbr1
0.717,29164,20,21600,52.5,56.9,20.2,104.4,3.3,374922,20991,27,27,bbr1
0.725,29164,20,21600,53.4,59.1,20.2,104.4,4.2,374922,20993,27,27,bbr1
0.732,29164,20,21600,54.4,61.4,20.2,104.4,5.1,374922,20995,27,27,bbr1
0.736,29164,20,20160,55.3,62.0,20.2,104.4,5.7,374922,20996,27,27,bbr1
0.744,29164,20,20160,56.0,60.9,20.2,104.4,5.7,374922,20998,27,27,bbr1
0.751,29164,20,20160,55.6,53.0,20.2,104.4,5.0,374922,21000,27,27,bbr1
0.759,29164,20,20160,54.9,49.6,20.2,104.4,5.3,374922,21002,27,27,bbr1
0.763,29164,20,18720,54.5,51.9,20.2,104.4,4.7,374922,21003,27,27,bbr1
0.770,29164,20,18720,54.1,51.0,20.2,104.4,4.4,499897,21005,27,27,bbr1
0.784,20278,14,17280,53.1,49.6,20.2,104.4,4.2,499897,21008,27,27,bbr1
0.791,23126,16,18720,52.5,48.5,20.2,104.4,4.3,499897,21011,27,27,bbr1
0.797,25974,18,20160,51.9,47.7,20.2,104.4,4.4,624871,21014,27,27,bbr1
0.807,28822,20,23040,51.3,47.1,20.2,104.4,4.5,624871,21018,27,27,bbr1
0.811,29164,20,23040,50.7,46.2,20.2,104.4,4.6,624871,21020,27,27,bbr1
0.820,29164,20,24480,50.1,46.3,20.2,104.4,4.6,374922,21023,27,27,bbr1
0.828,29164,20,24480,49.8,47.6,20.2,104.4,4.1,374922,21025,27,27,bbr1
0.840,21702,15,20160,48.7,45.7,20.2,104.4,4.1,374922,21027,27,27,bbr1
0.847,24550,17,20160,48.6,47.8,20.2,104.4,3.3,374922,21029,27,27,bbr1
0.856,27398,19,21600,48.8,50.1,20.2,104.4,2.8,374922,21032,27,27,bbr1
0.864,29164,20,21600,49.2,52.3,20.2,104.4,3.0,374922,21034,27,27,bbr1
0.871,29164,20,21600,49.9,54.5,20.2,104.4,3.6,374922,21036,27,27,bbr1
0.875,29164,20,20160,50.8,56.8,20.2,104.4,4.4,374922,21037,27,27,bbr1
0.882,29164,20,20160,51.4,56.0,20.2,104.4,4.6,374922,21039,27,27,bbr1
0.890,29164,20,20160,51.9,55.1,20.2,104.4,4.4,374922,21041,27,27,bbr1
0.898,29164,20,20160,51.6,49.6,20.2,104.4,3.9,374922,21043,27,27,bbr1
0.902,29164,20,18720,51.6,52.0,20.2,104.4,3.0,374922,21044,27,27,bbr1
0.909,29164,20,18720,51.5,50.9,20.2,104.4,2.4,499897,21046,27,27,bbr1
0.922,20278,14,17280,51.1,49.7,20.2,104.4,2.1,499897,21049,27,27,bbr1
0.929,23126,16,18720,50.8,48.6,20.2,104.4,2.2,499897,21052,27,27,bbr1
0.937,25974,18,20160,50.5,47.8,20.2,104.4,2.4,499897,21055,27,27,bbr1
0.946,28822,20,21600,50.0,46.8,20.2,104.4,2.7,499897,21058,27,27,bbr1
0.951,29164,20,21600,49.5,46.2,20.2,104.4,3.0,499897,21060,27,27,bbr1
0.957,29164,20,21600,49.1,46.2,20.2,104.4,3.1,499897,21062,27,27,bbr1
0.966,29164,20,23040,48.9,47.4,20.2,104.4,2.7,624871,21065,27,27,bbr1
0.984,23126,16,18720,47.9,47.8,20.2,104.4,2.4,335006,21068,27,27,bbr1
0.993,26979,18,18720,47.9,47.9,20.2,104.4,1.8,335006,21071,27,27,bbr1
1.001,26979,18,18720,48.1,49.4,20.2,104.4,1.7,335006,21073,27,27,bbr1
1.010,26979,18,18720,48.3,50.2,20.2,104.4,1.8,335006,21075,27,27,bbr1
1.014,26979,18,17280,48.7,51.2,20.2,104.4,2.1,335006,21076,27,27,bbr1
1.022,26979,18,17280,49.2,52.6,20.2,104.4,2.6,446675,21078,27,27,bbr1
1.028,26979,18,17280,49.9,55.2,20.2,104.4,3.4,446675,21080,27,27,bbr1
1.035,26979,18,17280,49.3,44.4,20.2,104.4,3.9,446675,21082,27,27,bbr1
1.047,19185,13,14400,48.2,44.1,20.2,104.4,4.0,446675,21084,27,27,bbr1
1.057,22033,15,17280,47.5,42.1,20.2,104.4,4.6,446675,21088,27,27,bbr1
1.064,24881,17,17280,46.6,40.9,20.2,104.4,5.1,446675,21090,27,27,bbr1
1.070,26979,18,17280,45.9,40.9,20.2,104.4,5.2,446675,21092,27,27,bbr1
1.077,26979,18,17280,45.4,41.7,20.2,104.4,5.0,446675,21094,27,27,bbr1
0.005,3072,2,0,42.1,40.7,20.2,104.4,3.2,554667,21096,28,28,bbr1
0.006,5760,4,0,40.3,27.6,20.2,104.4,6.0,554667,21098,28,28,bbr1
0.032,11456,7,1440,38.2,23.7,20.2,104.4,8.7,554667,21103,28,28,bbr1
0.042,12880,8,7200,36.9,27.9,20.2,104.4,9.1,554667,21108,28,28,bbr1
0.057,17152,11,8640,34.9,20.9,20.2,104.4,10.8,554667,21112,28,28,bbr1
0.065,20000,13,11520,33.5,23.1,20.2,104.4,11.1,554667,21116,28,28,bbr1
0.071,22848,15,11520,32.3,24.1,20.2,104.4,10.6,554667,21118,28,28,bbr1
0.078,25696,17,12960,31.6,26.4,20.2,104.4,9.4,554667,21121,28,28,bbr1
0.086,26858,18,14400,30.4,22.2,20.2,104.4,9.4,554667,21124,28,28,bbr1
0.094,26858,18,15840,30.0,27.4,20.2,104.4,7.8,554667,21127,28,28,bbr1
0.099,26858,18,15840,29.9,28.9,20.2,104.4,6.1,554667,21129,28,28,bbr1
0.107,26858,18,17280,29.9,30.4,20.2,104.4,4.7,554667,21132,28,28,bbr1
0.115,26858,18,18720,30.2,32.2,20.2,104.4,4.1,554667,21135,28,28,bbr1
0.120,26858,18,18720,30.7,33.8,20.2,104.4,4.0,554667,21137,28,28,bbr1
0.128,26858,18,20160,31.2,35.0,20.2,104.4,4.1,554667,21140,28,28,bbr1
0.135,26858,18,20160,31.9,37.1,20.2,104.4,4.5,332800,21142,28,28,bbr1
0.144,26858,18,20160,32.8,38.8,20.2,104.4,5.1,332800,21144,28,28,bbr1
0.147,26858,18,18720,33.8,40.5,20.2,104.4,5.7,332800,21145,28,28,bbr1
0.156,26858,18,18720,34.7,41.5,20.2,104.4,6.2,332800,21147,28,28,bbr1
0.160,26858,18,17280,35.9,43.8,20.2,104.4,6.9,332800,21148,28,28,bbr1
0.168,26858,18,17280,37.0,45.1,20.2,104.4,7.5,443734,21150,28,28,bbr1
0.175,26858,18,17280,38.2,46.5,20.2,104.4,8.0,443734,21152,28,28,bbr1
0.181,26329,18,17280,39.5,48.9,20.2,104.4,8.7,430844,21154,28,28,bbr1
0.188,26329,18,17280,40.4,46.8,20.2,104.4,8.3,430844,21156,28,28,bbr1
0.201,18860,13,14400,41.3,43.1,20.2,104.4,6.1,430844,21158,28,28,bbr1
0.211,21708,15,17280,41.3,41.5,20.2,104.4,4.6,430844,21162,28,28,bbr1
0.217,25980,18,15840,41.2,40.0,20.2,104.4,3.8,538555,21164,28,28,bbr1
0.225,26329,18,17280,41.1,40.6,20.2,104.4,3.0,538555,21167,28,28,bbr1
0.231,26329,18,17280,41.0,40.8,20.2,104.4,2.3,538555,21169,28,28,bbr1
0.239,17436,12,17280,40.2,34.2,20.2,104.4,3.4,538555,21172,28,28,bbr1
0.247,20284,14,15840,39.9,37.8,20.2,104.4,3.2,538555,21173,28,28,bbr1
0.255,23132,16,18720,39.6,37.9,20.2,104.4,2.9,538555,21177,28,28,bbr1
0.263,25980,18,20160,39.5,39.0,20.2,104.4,2.3,538555,21180,28,28,bbr1
0.271,26320,18,20160,39.7,40.7,20.2,104.4,2.0,322962,21182,28,28,bbr1
0.275,26320,18,18720,40.0,42.4,20.2,104.4,2.2,322962,21183,28,28,bbr1
0.284,26320,18,18720,40.5,44.0,20.2,104.4,2.7,322962,21185,28,28,bbr1
0.293,17432,12,17280,40.4,39.5,20.2,104.4,2.3,337104,21187,28,28,bbr1
0.299,20280,14,15840,40.9,44.4,20.2,104.4,2.7,449473,21188,28,28,bbr1
0.309,23128,16,18720,41.5,45.5,20.2,104.4,3.2,449473,21192,28,28,bbr1
0.312,27400,19,15840,41.8,44.2,20.2,104.4,3.1,460534,21193,28,28,bbr1
0.321,27548,19,17280,42.1,44.2,20.2,104.4,2.9,460534,21196,28,28,bbr1
0.331,27548,19,18720,42.1,42.2,20.2,104.4,2.2,460534,21199,28,28,bbr1
0.333,18046,12,15840,40.9,32.4,20.2,104.4,4.1,575667,21200,28,28,bbr1
0.342,20894,14,15840,40.5,37.5,20.2,104.4,3.9,575667,21202,28,28,bbr1
0.349,23742,16,18720,40.2,38.0,20.2,104.4,3.6,575667,21206,28,28,bbr1
0.357,26590,18,20160,40.0,38.4,20.2,104.4,3.1,575667,21209,28,28,bbr1
0.364,27548,19,21600,39.9,39.1,20.2,104.4,2.5,575667,21212,28,28,bbr1
0.371,27548,19,20160,39.6,37.9,20.2,104.4,2.4,345400,21214,28,28,bbr1
0.384,19470,13,17335,39.4,37.6,20.2,104.4,2.0,345400,21217,28,28,bbr1
0.391,22318,15,17335,39.8,42.9,20.2,104.4,2.3,460534,21219,28,28,bbr1
0.401,25166,17,20215,40.4,44.6,20.2,104.4,3.0,460534,21223,28,28,bbr1
0.407,27548,19,20215,41.0,44.8,20.2,104.4,3.3,460534,21225,28,28,bbr1
0.413,27548,19,20215,41.9,48.4,20.2,104.4,4.3,575667,21227,28,28,bbr1
0.420,27548,19,21655,42.9,50.2,20.2,104.4,5.3,575667,21230,28,28,bbr1
0.427,27548,19,23095,43.6,48.4,20.2,104.4,5.4,575667,21233,28,28,bbr1
0.434,27548,19,23040,43.5,42.9,20.2,104.4,4.2,345400,21235,28,28,bbr1
0.453,22318,15,17280,44.1,45.4,20.2,104.4,2.9,345400,21237,28,28,bbr1
0.460,25166,17,18720,44.6,48.0,20.2,104.4,3.1,460534,21240,28,28,bbr1
0.470,27548,19,20160,45.2,49.9,20.2,104.4,3.7,460534,21243,28,28,bbr1
0.476,27548,19,20160,46.1,51.8,20.2,104.4,4.4,460534,21245,28,28,bbr1
0.482,27548,19,20160,47.0,53.6,20.2,104.4,5.2,460534,21247,28,28,bbr1
0.488,27548,19,20160,48.1,55.5,20.2,104.4,6.0,460534,21249,28,28,bbr1
0.495,27548,19,20160,48.8,53.7,20.2,104.4,5.9,460534,21251,28,28,bbr1
0.508,19470,13,17280,47.7,45.7,20.2,104.4,5.0,575667,21253,28,28,bbr1
0.514,22318,15,17280,47.6,46.3,20.2,104.4,4.1,575667,21255,28,28,bbr1
0.522,25166,17,20160,47.5,46.9,20.2,104.4,3.3,575667,21259,28,28,bbr1
0.529,27548,19,21600,47.5,47.5,20.2,104.4,2.5,575667,21262,28,28,bbr1
0.539,27548,19,21600,47.4,46.7,20.2,104.4,2.0,345400,21265,28,28,bbr1
0.547,27548,19,21600,47.3,46.8,20.2,104.4,1.7,345400,21267,28,28,bbr1
0.561,20894,14,15840,45.9,41.1,20.2,104.4,3.4,345400,21268,28,28,bbr1
0.569,23742,16,17280,45.9,46.4,20.2,104.4,2.7,460534,21271,28,28,bbr1
0.574,26590,18,17280,46.2,48.1,20.2,104.4,2.6,460534,21273,28,28,bbr1
0.584,27548,19,18720,46.7,50.0,20.2,104.4,2.9,460534,21276,28,28,bbr1
0.590,27548,19,18720,47.3,51.9,20.2,104.4,3.5,460534,21278,28,28,bbr1
0.596,27548,19,18720,47.7,49.9,20.2,104.4,3.3,460534,21280,28,28,bbr1
0.603,18046,12,17280,46.6,39.2,20.2,104.4,4.5,460534,21282,28,28,bbr1
0.612,20894,14,15840,46.0,41.7,20.2,104.4,4.6,460534,21283,28,28,bbr1
0.622,23742,16,18720,45.6,42.7,20.2,104.4,4.3,460534,21287,28,28,bbr1
0.627,26590,18,18720,45.3,43.3,20.2,104.4,3.8,575667,21289,28,28,bbr1
0.635,27548,19,20160,45.1,43.6,20.2,104.4,3.3,575667,21292,28,28,bbr1
0.640,27548,19,20160,45.0,44.3,20.2,104.4,2.6,575667,21294,28,28,bbr1
0.647,27548,19,21600,45.0,45.1,20.2,104.4,2.0,575667,21297,28,28,bbr1
0.663,20894,14,18720,44.2,43.3,20.2,104.4,2.4,345400,21300,28,28,bbr1
0.670,23742,16,18720,44.1,43.9,20.2,104.4,1.9,345400,21302,28,28,bbr1
0.680,26590,18,20160,44.1,44.0,20.2,104.4,1.4,345400,21305,28,28,bbr1
0.684,27548,19,18720,44.5,47.5,20.2,104.4,1.9,345400,21306,28,28,bbr1
0.693,27548,19,18720,45.2,49.5,20.2,104.4,2.7,345400,21308,28,28,bbr1
0.701,27548,19,17280,45.8,50.2,20.2,104.4,3.3,345400,21310,28,28,bbr1
0.708,27548,19,17280,46.6,52.3,20.2,104.4,4.1,460534,21312,28,28,bbr1
0.720,19470,13,14400,46.4,46.5,20.2,104.4,2.7,460534,21314,28,28,bbr1
0.730,22318,15,17280,46.2,44.8,20.2,104.4,2.4,460534,21318,28,28,bbr1
0.735,25166,17,17280,45.8,43.4,20.2,104.4,2.5,575667,21320,28,28,bbr1
0.743,27548,19,18720,45.3,41.7,20.2,104.4,2.9,575667,21323,28,28,bbr1
0.747,27548,19,18720,44.7,40.5,20.2,104.4,3.4,575667,21325,28,28,bbr1
0.755,27548,19,20160,44.2,40.8,20.2,104.4,3.5,575667,21328,28,28,bbr1
0.762,27548,19,21600,43.2,35.9,20.2,104.4,4.7,575667,21331,28,28,bbr1
0.782,22318,15,17335,42.4,42.4,20.2,104.4,3.0,332794,21335,28,28,bbr1
0.790,25166,17,18775,42.6,44.0,20.2,104.4,2.6,332794,21338,28,28,bbr1
0.799,26858,18,18775,43.1,46.1,20.2,104.4,2.8,332794,21340,28,28,bbr1
0.803,26858,18,17335,43.7,47.9,20.2,104.4,3.3,332794,21341,28,28,bbr1
0.811,26858,18,17335,44.4,49.7,20.2,104.4,4.0,443726,21343,28,28,bbr1
0.818,26858,18,17335,45.3,51.6,20.2,104.4,4.8,443726,21345,28,28,bbr1
0.824,26858,18,17335,46.3,53.4,20.2,104.4,5.6,443726,21347,28,28,bbr1
0.830,26858,18,17280,45.9,42.9,20.2,104.4,5.1,554657,21349,28,28,bbr1
0.843,19125,13,15840,45.3,42.2,20.2,104.4,4.0,554657,21352,28,28,bbr1
0.850,21973,15,17280,44.7,40.8,20.2,104.4,4.1,554657,21355,28,28,bbr1
0.859,24821,17,20160,44.3,41.1,20.2,104.4,4.0,554657,21359,28,28,bbr1
0.866,26858,18,20160,43.9,41.1,20.2,104.4,3.8,332794,21361,28,28,bbr1
0.875,26858,18,20160,43.4,40.2,20.2,104.4,3.8,332794,21363,28,28,bbr1
0.879,26858,18,18720,43.1,41.3,20.2,104.4,3.3,332794,21364,28,28,bbr1
0.883,17701,12,15840,42.5,37.7,20.2,104.4,3.9,332794,21365,28,28,bbr1
0.893,20549,14,15840,42.3,41.0,20.2,104.4,3.3,443726,21367,28,28,bbr1
0.901,23397,16,17280,42.5,44.3,20.2,104.4,3.0,443726,21370,28,28,bbr1
0.907,26245,18,17280,42.9,45.9,20.2,104.4,3.1,443726,21372,28,28,bbr1
0.917,26858,18,18720,43.3,45.9,20.2,104.4,3.0,443726,21375,28,28,bbr1
0.924,26858,18,18720,43.4,43.9,20.2,104.4,2.4,443726,21377,28,28,bbr1
0.934,19125,13,15840,42.8,39.4,20.2,104.4,2.5,554657,21379,28,28,bbr1
0.941,21973,15,17280,42.7,41.9,20.2,104.4,2.1,554657,21382,28,28,bbr1
0.950,24821,17,20160,42.6,42.0,20.2,104.4,1.7,554657,21386,28,28,bbr1
0.957,26858,18,20160,42.6,42.6,20.2,104.4,1.3,332794,21388,28,28,bbr1
0.965,26858,18,20160,42.6,43.0,20.2,104.4,1.1,332794,21390,28,28,bbr1
0.007,3072,2,0,44.1,45.6,20.2,104.4,2.7,562632,21392,29,29,bbr1
0.007,5760,4,0,42.3,29.4,20.2,104.4,5.7,562632,21394,29,29,bbr1
0.032,11456,7,1440,39.9,23.6,20.2,104.4,8.9,562632,21399,29,29,bbr1
0.043,12880,8,7200,38.4,27.3,20.2,104.4,9.8,562632,21404,29,29,bbr1
0.058,17152,11,8640,36.3,21.5,20.2,104.4,11.6,562632,21408,29,29,bbr1
0.066,20000,13,11520,34.6,23.1,20.2,104.4,12.0,562632,21412,29,29,bbr1
0.074,22848,15,12960,33.4,24.9,20.2,104.4,11.4,562632,21415,29,29,bbr1
0.079,25696,17,12960,32.5,26.5,20.2,104.4,10.3,562632,21417,29,29,bbr1
0.087,27120,18,14400,31.2,22.2,20.2,104.4,10.3,562632,21420,29,29,bbr1
0.094,27120,18,15840,30.7,27.2,20.2,104.4,8.8,562632,21423,29,29,bbr1
0.099,27120,18,15840,30.5,29.0,20.2,104.4,7.0,562632,21425,29,29,bbr1
0.107,27120,18,17280,30.5,30.5,20.2,104.4,5.2,562632,21428,29,29,bbr1
0.115,27120,18,18720,30.8,32.5,20.2,104.4,4.4,562632,21431,29,29,bbr1
0.122,27120,18,20160,31.2,34.1,20.2,104.4,4.2,562632,21434,29,29,bbr1
0.128,27120,18,20160,31.8,36.0,20.2,104.4,4.3,562632,21436,29,29,bbr1
0.136,27120,18,21600,32.5,37.4,20.2,104.4,4.6,562632,21439,29,29,bbr1
0.144,27120,18,23040,33.3,39.4,20.2,104.4,5.2,337579,21442,29,29,bbr1
0.149,27120,18,21600,34.2,40.6,20.2,104.4,5.7,337579,21443,29,29,bbr1
0.157,27120,18,21600,35.3,42.9,20.2,104.4,6.5,337579,21445,29,29,bbr1
0.162,27120,18,20160,36.4,44.1,20.2,104.4,7.0,337579,21446,29,29,bbr1
0.170,27120,18,20160,37.7,46.4,20.2,104.4,7.8,337579,21448,29,29,bbr1
0.179,27120,18,20160,38.9,47.5,20.2,104.4,8.3,337579,21450,29,29,bbr1
0.183,27120,18,18720,40.3,49.8,20.2,104.4,9.0,337579,21451,29,29,bbr1
0.191,27120,18,18720,41.6,51.0,20.2,104.4,9.4,337579,21453,29,29,bbr1
0.202,19256,13,14400,44.1,51.5,20.2,104.4,9.6,450106,21454,29,29,bbr1
0.212,22104,15,17280,44.8,49.9,20.2,104.4,8.6,450106,21458,29,29,bbr1
0.218,24952,17,17280,45.0,46.0,20.2,104.4,6.8,450106,21460,29,29,bbr1
0.221,27120,18,15840,45.0,44.8,20.2,104.4,5.1,450106,21461,29,29,bbr1
0.228,27120,18,15840,44.7,43.0,20.2,104.4,4.3,562632,21463,29,29,bbr1
0.235,27120,18,17280,44.3,41.4,20.2,104.4,4.1,562632,21466,29,29,bbr1
0.248,19256,13,15840,42.4,38.1,20.2,104.4,5.4,562632,21469,29,29,bbr1
0.255,22104,15,17280,41.9,38.3,20.2,104.4,5.1,562632,21472,29,29,bbr1
0.264,24952,17,20160,41.5,39.0,20.2,104.4,4.6,562632,21476,29,29,bbr1
0.269,27120,18,20160,41.0,37.7,20.2,104.4,4.4,562632,21478,29,29,bbr1
0.274,27120,18,20160,40.9,40.0,20.2,104.4,3.5,562632,21480,29,29,bbr1
0.284,27713,19,18720,40.1,34.1,20.2,104.4,4.4,580691,21484,29,29,bbr1
0.296,27713,19,23040,40.0,39.2,20.2,104.4,3.5,580691,21489,29,29,bbr1
0.306,27713,19,24480,40.3,42.7,20.2,104.4,3.3,348414,21492,29,29,bbr1
0.310,27713,19,23040,40.6,42.5,20.2,104.4,3.0,348414,21493,29,29,bbr1
0.330,22400,15,17335,42.8,47.8,20.2,104.4,4.7,348414,21496,29,29,bbr1
0.338,25248,17,18775,43.8,51.0,20.2,104.4,5.6,464553,21499,29,29,bbr1
0.347,27713,19,20215,45.0,53.3,20.2,104.4,6.6,464553,21502,29,29,bbr1
0.353,27713,19,20215,46.3,55.2,20.2,104.4,7.5,464553,21504,29,29,bbr1
0.359,27713,19,20215,47.6,57.1,20.2,104.4,8.3,580691,21506,29,29,bbr1
0.366,27713,19,21655,48.8,56.8,20.2,104.4,8.5,580691,21509,29,29,bbr1
0.384,22439,15,17335,48.0,44.2,20.2,104.4,6.6,348414,21513,29,29,bbr1
0.392,25287,17,18775,47.6,44.8,20.2,104.4,5.7,348414,21516,29,29,bbr1
0.400,27713,19,18775,47.3,45.2,20.2,104.4,4.9,348414,21518,29,29,bbr1
0.404,27713,19,17335,47.1,46.1,20.2,104.4,4.0,348414,21519,29,29,bbr1
0.412,27713,19,17335,47.2,48.0,20.2,104.4,3.2,464553,21521,29,29,bbr1
0.418,27713,19,17335,47.6,49.9,20.2,104.4,3.1,464553,21523,29,29,bbr1
0.427,27713,19,18775,48.1,51.8,20.2,104.4,3.3,464553,21526,29,29,bbr1
0.438,19591,13,15840,47.0,44.3,20.2,104.4,3.7,464553,21528,29,29,bbr1
0.445,22439,15,17280,46.6,43.3,20.2,104.4,3.7,464553,21531,29,29,bbr1
0.453,25287,17,18720,46.0,41.9,20.2,104.4,3.9,580691,21534,29,29,bbr1
0.461,27713,19,20160,45.5,42.1,20.2,104.4,3.9,580691,21537,29,29,bbr1
0.466,27713,19,20160,45.2,43.1,20.2,104.4,3.5,580691,21539,29,29,bbr1
0.474,27713,19,21600,45.0,43.8,20.2,104.4,3.0,580691,21542,29,29,bbr1
0.490,20976,14,18775,44.1,42.7,20.2,104.4,3.1,348414,21546,29,29,bbr1
0.497,23824,16,18775,44.1,44.0,20.2,104.4,2.4,348414,21548,29,29,bbr1
0.506,26672,18,20215,44.3,45.9,20.2,104.4,2.2,348414,21551,29,29,bbr1
0.510,27713,19,18775,44.7,47.6,20.2,104.4,2.5,348414,21552,29,29,bbr1
0.519,27713,19,18775,45.4,49.7,20.2,104.4,3.1,348414,21554,29,29,bbr1
0.527,27713,19,18775,46.1,51.7,20.2,104.4,3.9,348414,21556,29,29,bbr1
0.531,27713,19,17335,47.1,53.4,20.2,104.4,4.7,348414,21557,29,29,bbr1
0.539,18167,12,15840,47.0,46.3,20.2,104.4,3.7,464553,21559,29,29,bbr1
0.548,21015,14,15840,47.1,48.3,20.2,104.4,3.1,464553,21561,29,29,bbr1
0.557,23863,16,18720,47.1,46.7,20.2,104.4,2.5,464553,21565,29,29,bbr1
0.563,27713,19,17280,46.5,42.5,20.2,104.4,3.0,580691,21567,29,29,bbr1
0.570,27713,19,18720,45.9,41.4,20.2,104.4,3.5,580691,21570,29,29,bbr1
0.578,27713,19,20160,45.2,40.3,20.2,104.4,4.0,580691,21573,29,29,bbr1
0.591,19552,13,18720,43.7,37.7,20.2,104.4,4.9,348414,21576,29,29,bbr1
0.598,22400,15,17280,43.5,41.7,20.2,104.4,4.2,348414,21577,29,29,bbr1
0.606,25248,17,18720,43.3,42.4,20.2,104.4,3.4,348414,21580,29,29,bbr1
0.614,27713,19,18720,43.4,44.3,20.2,104.4,2.8,348414,21582,29,29,bbr1
0.618,27713,19,17280,43.8,46.2,20.2,104.4,2.8,348414,21583,29,29,bbr1
0.626,27713,19,17280,44.3,48.0,20.2,104.4,3.1,464553,21585,29,29,bbr1
0.632,27713,19,17280,45.0,49.8,20.2,104.4,3.7,464553,21587,29,29,bbr1
0.646,19552,13,15840,44.9,42.8,20.2,104.4,2.9,464553,21590,29,29,bbr1
0.653,22400,15,17280,44.8,44.8,20.2,104.4,2.2,464553,21593,29,29,bbr1
0.661,25248,17,18720,44.6,43.1,20.2,104.4,2.1,580691,21596,29,29,bbr1
0.668,27713,19,20160,44.3,41.9,20.2,104.4,2.2,580691,21599,29,29,bbr1
0.675,27713,19,21600,44.1,42.6,20.2,104.4,2.1,580691,21602,29,29,bbr1
0.682,27713,19,21600,44.0,43.2,20.2,104.4,1.8,348414,21604,29,29,bbr1
0.697,20976,14,17280,43.3,42.8,20.2,104.4,2.0,348414,21606,29,29,bbr1
0.704,23824,16,18720,43.4,44.0,20.2,104.4,1.7,464553,21609,29,29,bbr1
0.714,26672,18,20160,43.7,45.9,20.2,104.4,1.9,464553,21612,29,29,bbr1
0.720,27713,19,20160,44.2,47.5,20.2,104.4,2.4,464553,21614,29,29,bbr1
0.726,27713,19,20160,44.7,47.9,20.2,104.4,2.7,464553,21616,29,29,bbr1
0.730,27713,19,18720,45.3,49.9,20.2,104.4,3.4,464553,21617,29,29,bbr1
0.738,27713,19,20160,45.7,48.5,20.2,104.4,3.3,464553,21620,29,29,bbr1
0.745,27713,19,20160,45.1,41.1,20.2,104.4,3.6,464553,21622,29,29,bbr1
0.757,19552,13,17280,44.9,44.6,20.2,104.4,2.3,464553,21624,29,29,bbr1
0.764,22400,15,17280,45.0,45.1,20.2,104.4,1.8,464553,21626,29,29,bbr1
0.773,25248,17,20160,45.1,46.0,20.2,104.4,1.6,580691,21630,29,29,bbr1
0.777,27713,19,20160,45.2,46.1,20.2,104.4,1.5,580691,21632,29,29,bbr1
0.785,27713,19,21600,45.4,46.8,20.2,104.4,1.5,580691,21635,29,29,bbr1
0.792,27713,19,23040,45.7,47.9,20.2,104.4,1.7,580691,21638,29,29,bbr1
0.802,26965,18,24480,46.1,48.5,20.2,104.4,2.0,334742,21641,29,29,bbr1
0.806,26965,18,23040,45.6,42.7,20.2,104.4,2.3,334742,21642,29,29,bbr1
0.825,22026,15,17335,45.9,48.7,20.2,104.4,2.5,334742,21645,29,29,bbr1
0.833,24874,17,18775,46.5,50.6,20.2,104.4,3.0,446323,21648,29,29,bbr1
0.839,26965,18,18775,47.2,52.5,20.2,104.4,3.8,446323,21650,29,29,bbr1
0.849,26965,18,20215,48.1,54.4,20.2,104.4,4.6,446323,21653,29,29,bbr1
0.856,26965,18,20215,49.1,56.2,20.2,104.4,5.5,446323,21655,29,29,bbr1
0.862,26965,18,20215,50.0,55.9,20.2,104.4,5.8,446323,21657,29,29,bbr1
0.869,26965,18,20215,50.6,54.6,20.2,104.4,5.5,446323,21659,29,29,bbr1
0.880,19217,13,17335,49.0,45.2,20.2,104.4,5.6,557903,21662,29,29,bbr1
0.887,22065,15,17335,48.7,46.1,20.2,104.4,5.0,557903,21664,29,29,bbr1
0.895,26337,18,18775,48.2,44.9,20.2,104.4,4.7,557903,21668,29,29,bbr1
0.903,26965,18,20215,47.8,44.9,20.2,104.4,4.3,557903,21671,29,29,bbr1
0.912,26965,18,21655,47.5,45.7,20.2,104.4,3.8,334742,21674,29,29,bbr1
0.916,26965,18,20215,47.3,45.8,20.2,104.4,3.2,334742,21675,29,29,bbr1
0.934,20641,14,15840,45.9,41.2,20.2,104.4,4.3,334742,21677,29,29,bbr1
0.941,23489,16,17280,45.9,46.1,20.2,104.4,3.3,446323,21680,29,29,bbr1
0.947,26337,18,17280,46.2,47.8,20.2,104.4,2.9,446323,21682,29,29,bbr1
0.954,26965,18,17280,46.6,49.6,20.2,104.4,3.1,446323,21684,29,29,bbr1
0.964,26965,18,18720,47.2,51.3,20.2,104.4,3.5,446323,21687,29,29,bbr1
0.006,3072,2,0,44.6,43.2,20.2,104.4,2.9,557903,21689,30,30,bbr1
0.006,5760,4,0,42.5,27.5,20.2,104.4,6.5,557903,21691,30,30,bbr1
0.032,11456,7,1440,40.2,24.2,20.2,104.4,9.4,557903,21696,30,30,bbr1
0.043,12880,8,7200,38.7,27.9,20.2,104.4,10.2,557903,21701,30,30,bbr1
0.058,17152,11,8640,36.4,20.9,20.2,104.4,12.1,557903,21705,30,30,bbr1
0.066,20000,13,11520,34.8,23.1,20.2,104.4,12.4,557903,21709,30,30,bbr1
0.074,22848,15,12960,33.5,24.3,20.2,104.4,11.9,557903,21712,30,30,bbr1
0.079,25696,17,12960,32.6,26.4,20.2,104.4,10.7,557903,21714,30,30,bbr1
0.087,26965,18,14400,31.3,22.2,20.2,104.4,10.6,557903,21717,30,30,bbr1
0.092,26965,18,14400,30.7,26.8,20.2,104.4,9.1,557903,21719,30,30,bbr1
0.099,26965,18,15840,30.5,29.0,20.2,104.4,7.2,557903,21722,30,30,bbr1
0.107,26965,18,17280,30.5,30.5,20.2,104.4,5.4,557903,21725,30,30,bbr1
0.115,26965,18,18720,30.7,32.3,20.2,104.4,4.5,557903,21728,30,30,bbr1
0.120,26965,18,18720,31.1,33.9,20.2,104.4,4.2,557903,21730,30,30,bbr1
0.128,26348,18,20160,31.7,35.7,20.2,104.4,4.3,539125,21733,30,30,bbr1
0.138,26348,18,21600,32.4,37.2,20.2,104.4,4.6,323475,21736,30,30,bbr1
0.142,26348,18,20160,33.2,39.1,20.2,104.4,5.1,323475,21737,30,30,bbr1
0.151,26348,18,20160,34.2,40.9,20.2,104.4,5.8,323475,21739,30,30,bbr1
0.156,26348,18,18720,35.2,41.9,20.2,104.4,6.2,323475,21740,30,30,bbr1
0.165,26348,18,18720,36.3,44.1,20.2,104.4,6.9,323475,21742,30,30,bbr1
0.169,26348,18,17280,37.5,45.8,20.2,104.4,7.6,323475,21743,30,30,bbr1
0.177,26348,18,17280,38.7,47.4,20.2,104.4,8.2,431300,21745,30,30,bbr1
0.183,26348,18,17280,39.9,48.6,20.2,104.4,8.6,431300,21747,30,30,bbr1
0.190,26348,18,17280,41.0,48.7,20.2,104.4,8.6,431300,21749,30,30,bbr1
0.202,18870,13,14400,42.0,44.2,20.2,104.4,6.5,431300,21751,30,30,bbr1
0.212,21718,15,17280,42.1,42.1,20.2,104.4,4.9,431300,21755,30,30,bbr1
0.219,25990,18,15840,41.7,38.9,20.2,104.4,4.5,431300,21757,30,30,bbr1
0.225,26348,18,15840,41.3,38.9,20.2,104.4,4.0,431300,21759,30,30,bbr1
0.232,26348,18,15840,41.0,39.0,20.2,104.4,3.6,431300,21761,30,30,bbr1
0.239,26348,18,14400,40.2,34.2,20.2,104.4,4.4,431300,21763,30,30,bbr1
0.248,16022,11,15840,39.9,37.8,20.2,104.4,3.9,539125,21766,30,30,bbr1
0.255,18870,13,14400,39.6,38.0,20.2,104.4,3.4,539125,21767,30,30,bbr1
0.263,21718,15,17280,39.5,38.1,20.2,104.4,2.9,539125,21771,30,30,bbr1
0.271,24566,17,18720,39.3,38.3,20.2,104.4,2.5,539125,21774,30,30,bbr1
0.277,26348,18,18720,39.2,38.5,20.2,104.4,2.1,539125,21776,30,30,bbr1
0.285,26348,18,20160,39.1,38.5,20.2,104.4,1.7,539125,21779,30,30,bbr1
0.296,18870,13,17280,38.7,35.9,20.2,104.4,1.8,323475,21781,30,30,bbr1
0.303,21718,15,17280,39.0,40.9,20.2,104.4,1.9,323475,21783,30,30,bbr1
0.313,24566,17,18720,39.4,41.8,20.2,104.4,2.1,431300,21786,30,30,bbr1
0.320,26260,18,18720,39.9,43.8,20.2,104.4,2.7,429165,21788,30,30,bbr1
0.327,26260,18,18720,40.6,45.3,20.2,104.4,3.4,429165,21790,30,30,bbr1
0.333,26260,18,18720,41.3,46.3,20.2,104.4,4.0,429165,21792,30,30,bbr1
0.340,26260,18,18720,42.2,48.4,20.2,104.4,4.7,429165,21794,30,30,bbr1
0.346,26260,18,18720,42.2,42.7,20.2,104.4,3.7,429165,21796,30,30,bbr1
0.358,18826,13,15840,42.5,42.9,20.2,104.4,2.5,429165,21798,30,30,bbr1
0.365,21674,15,17280,42.6,43.1,20.2,104.4,2.0,429165,21801,30,30,bbr1
0.374,25946,18,17280,42.5,41.6,20.2,104.4,1.8,536456,21804,30,30,bbr1
0.382,26260,18,18720,42.4,41.7,20.2,104.4,1.5,536456,21807,30,30,bbr1
0.388,26260,18,18720,42.3,42.0,20.2,104.4,1.2,536456,21809,30,30,bbr1
0.396,26260,18,20160,42.3,42.3,20.2,104.4,0.9,536456,21812,30,30,bbr1
0.402,26260,18,20160,41.7,37.5,20.2,104.4,1.9,321873,21814,30,30,bbr1
0.414,18826,13,17280,41.6,41.3,20.2,104.4,1.3,321873,21816,30,30,bbr1
0.421,21674,15,17280,41.7,42.7,20.2,104.4,1.2,429165,21818,30,30,bbr1
0.429,24522,17,18720,42.0,44.2,20.2,104.4,1.5,429165,21821,30,30,bbr1
0.436,26260,18,18720,42.4,45.2,20.2,104.4,1.9,429165,21823,30,30,bbr1
0.443,26260,18,18720,43.0,46.7,20.2,104.4,2.5,429165,21825,30,30,bbr1
0.450,26260,18,18720,43.7,48.6,20.2,104.4,3.3,429165,21827,30,30,bbr1
0.456,26260,18,18720,44.0,46.5,20.2,104.4,3.2,429165,21829,30,30,bbr1
0.469,18826,13,15840,44.0,44.0,20.2,104.4,1.8,417368,21831,30,30,bbr1
0.476,21674,15,17280,44.1,44.7,20.2,104.4,1.5,417368,21834,30,30,bbr1
0.483,24522,17,17280,44.2,44.8,20.2,104.4,1.3,417368,21836,30,30,bbr1
0.490,25776,17,17280,44.3,44.9,20.2,104.4,1.2,417368,21838,30,30,bbr1
0.496,25776,17,17280,44.4,45.0,20.2,104.4,1.0,417368,21840,30,30,bbr1
0.503,25776,17,17280,44.5,45.1,20.2,104.4,1.0,417368,21842,30,30,bbr1
0.510,17160,11,15840,43.8,39.4,20.2,104.4,2.0,521710,21844,30,30,bbr1
0.520,20008,13,14400,43.7,42.8,20.2,104.4,1.8,521710,21845,30,30,bbr1
0.529,22856,15,17280,43.6,42.7,20.2,104.4,1.6,521710,21849,30,30,bbr1
0.534,25704,17,17280,43.2,40.9,20.2,104.4,1.8,521710,21851,30,30,bbr1
0.540,25776,17,17280,42.9,40.9,20.2,104.4,2.0,521710,21853,30,30,bbr1
0.548,25776,17,18720,42.7,40.8,20.2,104.4,2.0,521710,21856,30,30,bbr1
0.560,18584,12,15840,41.4,34.2,20.2,104.4,3.5,521710,21858,30,30,bbr1
0.567,21432,14,15840,41.1,38.9,20.2,104.4,3.3,521710,21860,30,30,bbr1
0.575,24280,16,18720,40.9,39.8,20.2,104.4,2.8,521710,21864,30,30,bbr1
0.580,25803,17,18720,41.0,41.1,20.2,104.4,2.1,522551,21866,30,30,bbr1
0.589,25803,17,20160,41.2,42.8,20.2,104.4,2.1,522551,21869,30,30,bbr1
0.596,25803,17,20160,41.6,44.2,20.2,104.4,2.3,313530,21871,30,30,bbr1
0.611,20021,13,15840,41.0,39.3,20.2,104.4,2.2,338518,21873,30,30,bbr1
0.619,22869,15,17280,41.4,44.0,20.2,104.4,2.4,451358,21876,30,30,bbr1
0.625,25717,17,17280,41.9,45.0,20.2,104.4,2.7,451358,21878,30,30,bbr1
0.635,27171,18,18720,42.4,46.3,20.2,104.4,3.1,451358,21881,30,30,bbr1
0.641,27171,18,18720,43.1,47.6,20.2,104.4,3.6,451358,21883,30,30,bbr1
0.647,27171,18,18720,43.6,47.5,20.2,104.4,3.9,451358,21885,30,30,bbr1
0.654,17857,12,17280,43.1,39.4,20.2,104.4,4.0,451358,21887,30,30,bbr1
0.662,20705,14,15840,42.9,41.8,20.2,104.4,3.3,451358,21888,30,30,bbr1
0.672,23553,16,18720,42.9,42.6,20.2,104.4,2.5,451358,21892,30,30,bbr1
0.678,26401,18,18720,42.9,43.1,20.2,104.4,2.0,564197,21894,30,30,bbr1
0.683,27171,18,18720,43.0,43.3,20.2,104.4,1.6,564197,21896,30,30,bbr1
0.691,27171,18,20160,43.1,44.1,20.2,104.4,1.5,564197,21899,30,30,bbr1
0.699,27171,18,21600,43.0,42.6,20.2,104.4,1.2,564197,21902,30,30,bbr1
0.712,20705,14,17280,42.2,41.5,20.2,104.4,1.9,338518,21904,30,30,bbr1
0.721,23553,16,18720,42.2,41.7,20.2,104.4,1.6,338518,21907,30,30,bbr1
0.729,26401,18,18720,42.4,43.7,20.2,104.4,1.6,338518,21909,30,30,bbr1
0.734,27171,18,17280,42.7,45.5,20.2,104.4,1.9,338518,21910,30,30,bbr1
0.741,27171,18,17280,43.3,46.9,20.2,104.4,2.5,451358,21912,30,30,bbr1
0.747,27171,18,17280,44.0,48.9,20.2,104.4,3.3,451358,21914,30,30,bbr1
0.753,27171,18,17280,44.8,50.6,20.2,104.4,4.1,451358,21916,30,30,bbr1
0.763,27171,18,18720,44.6,42.9,20.2,104.4,3.6,451358,21919,30,30,bbr1
0.774,19281,13,15895,44.3,43.0,20.2,104.4,2.5,564197,21922,30,30,bbr1
0.781,22129,15,17335,43.9,41.1,20.2,104.4,2.7,564197,21925,30,30,bbr1
0.789,24977,17,20215,43.6,41.7,20.2,104.4,2.5,564197,21929,30,30,bbr1
0.797,27171,18,21655,43.4,41.8,20.2,104.4,2.4,564197,21932,30,30,bbr1
0.803,27171,18,21655,43.3,42.6,20.2,104.4,2.0,338518,21934,30,30,bbr1
0.812,27171,18,21655,43.3,43.1,20.2,104.4,1.5,338518,21936,30,30,bbr1
0.825,20744,14,15840,42.8,42.7,20.2,104.4,1.6,338518,21937,30,30,bbr1
0.833,23592,16,17280,43.2,46.2,20.2,104.4,2.1,451358,21940,30,30,bbr1
0.839,26440,18,17280,43.8,47.8,20.2,104.4,2.7,451358,21942,30,30,bbr1
0.849,27171,18,18720,44.5,49.8,20.2,104.4,3.5,451358,21945,30,30,bbr1
0.855,27171,18,18720,45.4,51.6,20.2,104.4,4.4,451358,21947,30,30,bbr1
0.861,27171,18,18720,46.0,49.9,20.2,104.4,4.4,451358,21949,30,30,bbr1
0.868,27171,18,17280,44.9,37.7,20.2,104.4,5.4,451358,21951,30,30,bbr1
0.882,19281,13,15840,43.9,40.9,20.2,104.4,4.8,451358,21954,30,30,bbr1
0.888,22129,15,17280,43.6,41.3,20.2,104.4,4.3,451358,21957,30,30,bbr1
0.897,24977,17,18720,43.3,41.6,20.2,104.4,3.7,451358,21960,30,30,bbr1
0.903,27171,18,18720,43.2,42.3,20.2,104.4,3.0,564197,21962,30,30,bbr1
0.909,27171,18,18720,43.1,42.6,20.2,104.4,2.4,564197,21964,30,30,bbr1
0.916,27171,18,20160,43.1,43.2,20.2,104.4,1.8,564197,21967,30,30,bbr1
0.933,20705,14,17280,42.7,42.8,20.2,104.4,1.7,564197,21970,30,30,bbr1
0.940,23553,16,18720,42.8,43.5,20.2,104.4,1.5,564197,21973,30,30,bbr1
0.006,3072,2,0,46.3,49.9,20.2,104.4,3.6,451358,21978,31,31,bbr1
0.007,5760,4,0,43.9,27.7,20.2,104.4,7.3,451358,21980,31,31,bbr1
0.033,11456,7,1440,41.5,24.0,20.2,104.4,10.5,451358,21985,31,31,bbr1
0.046,12880,8,7200,39.7,27.6,20.2,104.4,11.3,451358,21990,31,31,bbr1
0.059,17152,11,8640,37.3,20.6,20.2,104.4,13.3,564197,21994,31,31,bbr1
0.066,20000,13,10080,35.3,21.0,20.2,104.4,14.0,564197,21997,31,31,bbr1
0.074,22848,15,11520,33.6,21.4,20.2,104.4,14.0,564197,22000,31,31,bbr1
0.082,25696,17,12960,32.4,24.2,20.2,104.4,12.8,564197,22003,31,31,bbr1
0.086,27171,18,12960,31.3,23.4,20.2,104.4,11.9,564197,22005,31,31,bbr1
0.094,27171,18,14400,30.5,25.4,20.2,104.4,10.4,564197,22008,31,31,bbr1
0.102,27171,18,15840,30.1,27.1,20.2,104.4,8.6,564197,22011,31,31,bbr1
0.107,27171,18,15840,30.0,28.9,20.2,104.4,6.8,564197,22013,31,31,bbr1
0.115,27171,18,17280,30.0,30.1,20.2,104.4,5.1,564197,22016,31,31,bbr1
0.122,27171,18,18720,30.3,32.4,20.2,104.4,4.4,564197,22019,31,31,bbr1
0.130,27171,18,20160,30.7,33.9,20.2,104.4,4.2,564197,22022,31,31,bbr1
0.135,27171,18,20160,31.4,35.9,20.2,104.4,4.5,564197,22024,31,31,bbr1
0.142,27171,18,21600,32.1,37.3,20.2,104.4,4.8,564197,22027,31,31,bbr1
0.152,27171,18,23040,33.0,39.3,20.2,104.4,5.4,338518,22030,31,31,bbr1
0.156,27171,18,21600,34.0,41.0,20.2,104.4,6.1,338518,22031,31,31,bbr1
0.164,27171,18,21600,35.1,43.0,20.2,104.4,6.8,338518,22033,31,31,bbr1
0.169,26981,18,20160,36.3,44.2,20.2,104.4,7.3,335048,22034,31,31,bbr1
0.177,26981,18,20160,37.5,46.3,20.2,104.4,8.0,335048,22036,31,31,bbr1
0.186,26981,18,20160,38.8,48.1,20.2,104.4,8.7,335048,22038,31,31,bbr1
0.190,26981,18,18720,40.2,49.8,20.2,104.4,9.2,335048,22039,31,31,bbr1
0.203,19186,13,15840,43.1,53.2,20.2,104.4,10.2,335048,22041,31,31,bbr1
0.211,22034,15,17280,44.1,51.7,20.2,104.4,9.8,446731,22044,31,31,bbr1
0.217,26306,18,15840,44.5,47.3,20.2,104.4,8.2,446731,22046,31,31,bbr1
0.227,26981,18,17280,44.7,45.7,20.2,104.4,6.4,446731,22049,31,31,bbr1
0.234,26981,18,17280,44.6,43.7,20.2,104.4,5.0,446731,22051,31,31,bbr1
0.240,26981,18,17280,44.3,42.2,20.2,104.4,4.4,446731,22053,31,31,bbr1
0.252,19186,13,14400,43.2,39.7,20.2,104.4,4.3,446731,22055,31,31,bbr1
0.262,22034,15,17280,42.8,39.9,20.2,104.4,4.0,446731,22059,31,31,bbr1
0.268,24882,17,17280,42.5,40.6,20.2,104.4,3.6,558413,22061,31,31,bbr1
0.273,26981,18,17280,42.3,40.9,20.2,104.4,3.1,558413,22063,31,31,bbr1
0.281,26981,18,18720,42.2,41.0,20.2,104.4,2.6,558413,22066,31,31,bbr1
0.286,26981,18,18720,42.1,41.7,20.2,104.4,2.1,558413,22068,31,31,bbr1
0.293,26981,18,20160,41.3,35.9,20.2,104.4,3.1,558413,22071,31,31,bbr1
0.307,19186,13,18720,41.0,40.0,20.2,104.4,2.3,335048,22074,31,31,bbr1
0.314,22034,15,17280,41.1,41.8,20.2,104.4,2.0,335048,22075,31,31,bbr1
0.322,24882,17,18720,41.1,41.2,20.2,104.4,1.5,335048,22078,31,31,bbr1
0.327,26981,18,17280,41.4,43.2,20.2,104.4,1.7,335048,22079,31,31,bbr1
0.334,28140,19,14400,41.6,43.3,20.2,104.4,1.7,474943,22081,31,31,bbr1
0.347,28140,19,17280,42.0,44.5,20.2,104.4,2.0,474943,22085,31,31,bbr1
0.358,19766,13,14400,41.7,39.4,20.2,104.4,2.0,474943,22087,31,31,bbr1
0.367,22614,15,17280,41.6,41.0,20.2,104.4,1.6,474943,22091,31,31,bbr1
0.373,26886,18,15840,41.1,37.6,20.2,104.4,2.2,593678,22093,31,31,bbr1
0.383,28140,19,18720,40.8,38.2,20.2,104.4,2.4,593678,22097,31,31,bbr1
0.387,28140,19,18720,40.5,38.9,20.2,104.4,2.3,593678,22099,31,31,bbr1
0.404,21190,14,15840,39.6,38.1,20.2,104.4,2.9,593678,22102,31,31,bbr1
0.412,24038,16,18720,39.5,39.0,20.2,104.4,2.3,593678,22106,31,31,bbr1
0.419,26886,18,20160,39.7,41.1,20.2,104.4,2.1,593678,22109,31,31,bbr1
0.426,28140,19,21600,40.1,43.1,20.2,104.4,2.4,593678,22112,31,31,bbr1
0.435,28140,19,23040,40.7,45.1,20.2,104.4,3.1,356207,22115,31,31,bbr1
0.440,28140,19,21600,41.5,47.1,20.2,104.4,3.9,356207,22116,31,31,bbr1
0.456,21190,14,17280,41.7,44.8,20.2,104.4,3.5,356207,22118,31,31,bbr1
0.463,24038,16,18720,42.3,46.7,20.2,104.4,3.9,474943,22121,31,31,bbr1
0.473,26886,18,20160,43.1,48.5,20.2,104.4,4.4,474943,22124,31,31,bbr1
0.478,28140,19,20160,44.0,50.7,20.2,104.4,5.2,474943,22126,31,31,bbr1
0.484,28140,19,20160,45.1,52.7,20.2,104.4,6.1,474943,22128,31,31,bbr1
0.490,28140,19,20160,46.1,53.1,20.2,104.4,6.6,593678,22130,31,31,bbr1
0.497,28140,19,21600,46.8,51.8,20.2,104.4,6.3,593678,22133,31,31,bbr1
0.504,28140,19,23040,46.3,42.8,20.2,104.4,5.8,593678,22136,31,31,bbr1
0.524,22614,15,18720,46.5,47.5,20.2,104.4,2.8,356207,22139,31,31,bbr1
0.532,26886,18,18720,46.5,46.9,20.2,104.4,2.2,356207,22142,31,31,bbr1
0.541,28140,19,18720,46.7,47.8,20.2,104.4,2.0,356207,22144,31,31,bbr1
0.549,28140,19,18720,47.1,50.3,20.2,104.4,2.4,356207,22146,31,31,bbr1
0.557,28140,19,18720,47.8,52.3,20.2,104.4,3.1,356207,22148,31,31,bbr1
0.561,28140,19,17280,48.6,54.3,20.2,104.4,4.0,356207,22149,31,31,bbr1
0.568,28140,19,17280,49.6,56.3,20.2,104.4,4.9,474943,22151,31,31,bbr1
0.574,28140,19,17280,48.9,44.5,20.2,104.4,4.9,474943,22153,31,31,bbr1
0.588,19766,13,15840,48.2,45.1,20.2,104.4,4.1,593678,22156,31,31,bbr1
0.594,22614,15,17280,47.7,44.2,20.2,104.4,4.1,593678,22159,31,31,bbr1
0.602,25462,17,20160,47.1,42.9,20.2,104.4,4.2,593678,22163,31,31,bbr1
0.609,28140,19,21600,46.4,41.6,20.2,104.4,4.6,593678,22166,31,31,bbr1
0.618,28140,19,23040,45.9,42.0,20.2,104.4,4.5,356207,22169,31,31,bbr1
0.622,28140,19,21600,45.5,43.0,20.2,104.4,4.1,356207,22170,31,31,bbr1
0.639,21190,14,17280,44.5,42.8,20.2,104.4,3.9,356207,22172,31,31,bbr1
0.646,24038,16,18720,44.8,46.8,20.2,104.4,3.5,474943,22175,31,31,bbr1
0.656,26886,18,20160,45.2,48.5,20.2,104.4,3.6,474943,22178,31,31,bbr1
0.662,28140,19,20160,45.9,50.8,20.2,104.4,4.1,474943,22180,31,31,bbr1
0.667,28140,19,20160,46.8,52.8,20.2,104.4,4.8,474943,22182,31,31,bbr1
0.673,28140,19,20160,47.6,53.1,20.2,104.4,5.1,474943,22184,31,31,bbr1
0.682,28140,19,21600,48.1,51.8,20.2,104.4,4.9,474943,22187,31,31,bbr1
0.694,21190,14,17280,47.1,44.5,20.2,104.4,4.5,593678,22189,31,31,bbr1
0.702,24038,16,18720,46.8,44.9,20.2,104.4,3.9,593678,22192,31,31,bbr1
0.710,26886,18,21600,46.7,45.8,20.2,104.4,3.2,593678,22196,31,31,bbr1
0.718,28140,19,23040,46.7,46.8,20.2,104.4,2.4,356207,22199,31,31,bbr1
0.727,28140,19,23040,46.8,47.7,20.2,104.4,2.1,356207,22201,31,31,bbr1
0.731,28140,19,21600,47.0,48.3,20.2,104.4,1.9,356207,22202,31,31,bbr1
0.739,28140,19,21600,47.3,49.2,20.2,104.4,2.0,356207,22204,31,31,bbr1
0.750,21190,14,17280,46.9,46.3,20.2,104.4,1.8,356207,22206,31,31,bbr1
0.761,24038,16,18720,47.4,51.6,20.2,104.4,2.5,474943,22209,31,31,bbr1
0.770,26886,18,21600,48.2,53.6,20.2,104.4,3.4,474943,22213,31,31,bbr1
0.776,28140,19,21600,48.9,54.1,20.2,104.4,4.0,474943,22215,31,31,bbr1
0.782,28140,19,21600,49.4,52.5,20.2,104.4,3.9,474943,22217,31,31,bbr1
0.788,28140,19,21600,49.6,51.3,20.2,104.4,3.4,474943,22219,31,31,bbr1
0.798,28140,19,23040,49.7,50.2,20.2,104.4,2.7,474943,22222,31,31,bbr1
0.804,28140,19,23040,49.6,49.0,20.2,104.4,2.2,474943,22224,31,31,bbr1
0.822,22614,15,17280,49.3,49.9,20.2,104.4,1.6,593678,22226,31,31,bbr1
0.830,25462,17,20160,49.5,51.0,20.2,104.4,1.6,562906,22230,31,31,bbr1
0.837,27129,18,21600,49.8,51.9,20.2,104.4,1.8,562906,22233,31,31,bbr1
0.844,27129,18,21600,50.2,52.8,20.2,104.4,2.1,337743,22235,31,31,bbr1
0.853,27129,18,21600,50.6,53.4,20.2,104.4,2.4,337743,22237,31,31,bbr1
0.857,27129,18,20160,50.8,52.6,20.2,104.4,2.3,337743,22238,31,31,bbr1
0.866,27129,18,20160,51.1,53.0,20.2,104.4,2.2,337743,22240,31,31,bbr1
0.875,19260,13,15840,49.5,46.5,20.2,104.4,3.9,337743,22241,31,31,bbr1
0.883,22108,15,17280,49.3,48.1,20.2,104.4,3.3,450325,22244,31,31,bbr1
0.889,24956,17,17280,49.4,50.0,20.2,104.4,2.6,450325,22246,31,31,bbr1
0.899,27129,18,18720,49.4,49.9,20.2,104.4,2.1,450325,22249,31,31,bbr1
0.906,27129,18,18720,49.3,48.3,20.2,104.4,1.9,450325,22251,31,31,bbr1
0.911,27129,18,18720,49.0,46.6,20.2,104.4,2.1,450325,22253,31,31,bbr1
0.918,27129,18,17280,47.8,39.4,20.2,104.4,3.9,450325,22255,31,31,bbr1
0.933,19260,13,15840,46.5,42.6,20.2,104.4,4.5,450325,22258,31,31,bbr1
0.940,22108,15,17280,46.0,43.1,20.2,104.4,4.2,450325,22261,31,31,bbr1
0.949,24956,17,18720,45.7,43.5,20.2,104.4,3.8,450325,22264,31,31,bbr1
0.956,27129,18,18720,45.4,43.4,20.2,104.4,3.4,450325,22266,31,31,bbr1
0.962,27129,18,18720,45.3,44.4,20.2,104.4,2.8,450325,22268,31,31,bbr1
0.006,3072,2,0,44.1,43.3,20.2,104.4,1.3,556678,22271,32,32,bbr1
0.006,5760,4,0,42.1,28.0,20.2,104.4,5.0,556678,22273,32,32,bbr1
0.034,11456,7,1440,39.8,24.2,20.2,104.4,8.2,556678,22278,32,32,bbr1
0.044,12880,8,7200,38.4,28.4,20.2,104.4,9.0,556678,22283,32,32,bbr1
0.060,17152,11,8640,36.3,22.0,20.2,104.4,10.8,556678,22287,32,32,bbr1
0.068,20000,13,11520,34.7,23.5,20.2,104.4,11.3,556678,22291,32,32,bbr1
0.074,22848,15,11520,33.5,24.7,20.2,104.4,11.0,556678,22293,32,32,bbr1
0.081,25696,17,12960,32.7,27.0,20.2,104.4,9.9,556678,22296,32,32,bbr1
0.089,26924,18,14400,31.4,22.2,20.2,104.4,10.0,556678,22299,32,32,bbr1
0.096,26924,18,15840,30.8,27.1,20.2,104.4,8.6,556678,22302,32,32,bbr1
0.102,26924,18,15840,30.6,28.9,20.2,104.4,6.9,556678,22304,32,32,bbr1
0.109,26924,18,17280,30.6,30.4,20.2,104.4,5.3,556678,22307,32,32,bbr1
0.117,26924,18,18720,30.8,32.2,20.2,104.4,4.4,556678,22310,32,32,bbr1
0.123,26924,18,18720,31.1,33.8,20.2,104.4,4.0,556678,22312,32,32,bbr1
0.130,26924,18,20160,31.6,35.1,20.2,104.4,4.0,556678,22315,32,32,bbr1
0.137,26924,18,20160,32.3,37.2,20.2,104.4,4.4,334007,22317,32,32,bbr1
0.146,26924,18,20160,33.1,38.9,20.2,104.4,4.9,334007,22319,32,32,bbr1
0.150,26924,18,18720,34.1,40.5,20.2,104.4,5.5,334007,22320,32,32,bbr1
0.159,26924,18,18720,35.0,41.7,20.2,104.4,6.1,334007,22322,32,32,bbr1
0.163,26924,18,17280,36.1,43.9,20.2,104.4,6.8,334007,22323,32,32,bbr1
0.171,26924,18,17280,37.2,45.0,20.2,104.4,7.3,445343,22325,32,32,bbr1
0.177,26924,18,17280,38.5,47.3,20.2,104.4,8.0,445343,22327,32,32,bbr1
0.187,26924,18,18720,39.8,48.8,20.2,104.4,8.6,445343,22330,32,32,bbr1
0.193,26924,18,18720,40.7,46.9,20.2,104.4,8.2,445343,22332,32,32,bbr1
0.204,19158,13,15840,41.5,43.2,20.2,104.4,5.9,445343,22334,32,32,bbr1
0.211,22006,15,17280,41.5,41.8,20.2,104.4,4.5,445343,22337,32,32,bbr1
0.221,26278,18,17280,41.4,40.6,20.2,104.4,3.6,445343,22340,32,32,bbr1
0.227,26924,18,17280,41.3,41.0,20.2,104.4,2.8,445343,22342,32,32,bbr1
0.233,26924,18,17280,41.3,41.3,20.2,104.4,2.1,445343,22344,32,32,bbr1
0.243,26924,18,18720,41.4,41.7,20.2,104.4,1.7,445343,22347,32,32,bbr1
0.254,19158,13,15840,40.9,41.1,20.2,104.4,1.7,445343,22349,32,32,bbr1
0.260,22006,15,17280,41.0,41.6,20.2,104.4,1.4,445343,22352,32,32,bbr1
0.269,26278,18,17280,41.0,40.6,20.2,104.4,1.2,556678,22355,32,32,bbr1
0.277,26275,18,18720,41.0,41.0,20.2,104.4,0.9,536902,22358,32,32,bbr1
0.285,26275,18,21600,41.0,41.2,20.2,104.4,0.7,536902,22361,32,32,bbr1
0.290,18833,13,17280,40.1,34.1,20.2,104.4,2.3,322141,22362,32,32,bbr1
0.294,20257,14,17280,39.4,34.1,20.2,104.4,3.2,324150,22363,32,32,bbr1
0.303,23105,16,17280,39.3,39.2,20.2,104.4,2.5,324150,22365,32,32,bbr1
0.311,25953,18,17280,39.4,39.9,20.2,104.4,2.0,432200,22367,32,32,bbr1
0.317,26385,18,17280,39.5,40.0,20.2,104.4,1.6,432200,22369,32,32,bbr1
0.324,26385,18,17280,40.0,43.3,20.2,104.4,2.2,432200,22371,32,32,bbr1
0.331,26385,18,17280,40.6,44.8,20.2,104.4,2.8,432200,22373,32,32,bbr1
0.343,18888,13,14400,41.0,42.5,20.2,104.4,2.4,432200,22375,32,32,bbr1
0.349,21736,15,15840,40.9,40.3,20.2,104.4,1.9,432200,22378,32,32,bbr1
0.359,24584,17,17280,40.9,40.6,20.2,104.4,1.5,432200,22381,32,32,bbr1
0.366,26385,18,17280,40.9,40.8,20.2,104.4,1.2,432200,22383,32,32,bbr1
0.373,26385,18,17280,40.9,40.9,20.2,104.4,0.9,432200,22385,32,32,bbr1
0.376,26385,18,15840,40.7,39.1,20.2,104.4,1.1,432200,22386,32,32,bbr1
0.382,16040,11,15840,39.8,34.0,20.2,104.4,2.5,540250,22388,32,32,bbr1
0.389,18888,13,14400,39.5,37.6,20.2,104.4,2.4,540250,22389,32,32,bbr1
0.397,21736,15,17280,39.3,37.9,20.2,104.4,2.2,540250,22393,32,32,bbr1
0.405,24584,17,18720,39.2,38.0,20.2,104.4,2.0,540250,22396,32,32,bbr1
0.410,26385,18,18720,39.0,38.1,20.2,104.4,1.8,540250,22398,32,32,bbr1
0.418,26385,18,20160,38.9,38.2,20.2,104.4,1.5,540250,22401,32,32,bbr1
0.425,26385,18,20160,39.0,39.2,20.2,104.4,1.2,324150,22403,32,32,bbr1
0.437,18888,13,17280,38.9,40.8,20.2,104.4,1.8,324150,22405,32,32,bbr1
0.444,21736,15,17280,39.3,41.9,20.2,104.4,2.1,432200,22407,32,32,bbr1
0.452,24584,17,18720,39.8,43.9,20.2,104.4,2.7,432200,22410,32,32,bbr1
0.458,26385,18,18720,40.5,45.2,20.2,104.4,3.4,432200,22412,32,32,bbr1
0.465,26385,18,18720,41.2,46.4,20.2,104.4,4.0,432200,22414,32,32,bbr1
0.472,26385,18,18720,42.1,48.4,20.2,104.4,4.8,432200,22416,32,32,bbr1
0.479,26385,18,18720,42.6,46.4,20.2,104.4,4.7,432200,22418,32,32,bbr1
0.491,18888,13,15840,43.0,44.0,20.2,104.4,3.2,432200,22420,32,32,bbr1
0.498,21736,15,17280,43.2,44.7,20.2,104.4,2.8,432200,22423,32,32,bbr1
0.508,24584,17,18720,43.4,44.9,20.2,104.4,2.5,432200,22426,32,32,bbr1
0.515,26385,18,18720,43.6,45.1,20.2,104.4,2.3,432200,22428,32,32,bbr1
0.522,26385,18,18720,43.8,45.1,20.2,104.4,2.1,432200,22430,32,32,bbr1
0.528,26385,18,18720,44.0,45.1,20.2,104.4,1.9,432200,22432,32,32,bbr1
0.535,26385,18,17280,43.2,37.7,20.2,104.4,3.0,432200,22434,32,32,bbr1
0.548,18888,13,14400,42.7,41.4,20.2,104.4,2.5,540250,22436,32,32,bbr1
0.556,21736,15,17280,42.6,41.6,20.2,104.4,2.1,540250,22440,32,32,bbr1
0.564,24584,17,18720,42.4,41.5,20.2,104.4,1.9,540250,22443,32,32,bbr1
0.569,26385,18,18720,42.3,41.7,20.2,104.4,1.6,540250,22445,32,32,bbr1
0.577,26385,18,20160,42.3,42.1,20.2,104.4,1.3,540250,22448,32,32,bbr1
0.584,26385,18,20160,42.3,42.4,20.2,104.4,1.0,324150,22450,32,32,bbr1
0.596,18888,13,17335,41.5,40.9,20.2,104.4,1.9,324150,22453,32,32,bbr1
0.603,21736,15,17335,41.5,41.9,20.2,104.4,1.5,432200,22455,32,32,bbr1
0.612,24584,17,18775,41.8,43.9,20.2,104.4,1.7,432200,22458,32,32,bbr1
0.618,26385,18,18775,42.2,45.2,20.2,104.4,2.1,432200,22460,32,32,bbr1
0.624,26385,18,18775,42.8,46.5,20.2,104.4,2.7,432200,22462,32,32,bbr1
0.631,26385,18,18775,43.5,48.5,20.2,104.4,3.4,432200,22464,32,32,bbr1
0.638,26385,18,18775,43.9,46.5,20.2,104.4,3.3,432200,22466,32,32,bbr1
0.651,18927,13,15895,43.9,44.2,20.2,104.4,2.0,432200,22469,32,32,bbr1
0.658,21775,15,17335,44.0,44.2,20.2,104.4,1.6,432200,22472,32,32,bbr1
0.667,24623,17,18775,44.1,44.9,20.2,104.4,1.4,432200,22475,32,32,bbr1
0.674,26385,18,18775,44.2,45.1,20.2,104.4,1.3,432200,22477,32,32,bbr1
0.681,26385,18,18775,44.3,45.2,20.2,104.4,1.2,432200,22479,32,32,bbr1
0.687,26385,18,18775,44.4,45.2,20.2,104.4,1.1,540250,22481,32,32,bbr1
0.692,17503,12,17280,43.8,39.5,20.2,104.4,2.1,540250,22483,32,32,bbr1
0.702,20351,14,15840,43.7,42.8,20.2,104.4,1.8,540250,22484,32,32,bbr1
0.710,23199,16,18720,43.7,43.4,20.2,104.4,1.4,540250,22488,32,32,bbr1
0.718,26385,18,18720,43.4,41.5,20.2,104.4,1.6,540250,22491,32,32,bbr1
0.727,26385,18,20160,43.2,42.0,20.2,104.4,1.6,540250,22494,32,32,bbr1
0.733,26385,18,20160,43.1,42.6,20.2,104.4,1.3,324150,22496,32,32,bbr1
0.745,18888,13,17280,42.6,37.6,20.2,104.4,2.4,324150,22498,32,32,bbr1
0.752,21736,15,17280,42.6,42.5,20.2,104.4,1.8,432200,22500,32,32,bbr1
0.760,24584,17,18720,42.7,43.6,20.2,104.4,1.6,432200,22503,32,32,bbr1
0.767,26348,18,18720,43.1,45.6,20.2,104.4,1.9,431309,22505,32,32,bbr1
0.773,26348,18,18720,43.6,47.1,20.2,104.4,2.5,431309,22507,32,32,bbr1
0.780,26348,18,18720,44.2,48.6,20.2,104.4,3.1,431309,22509,32,32,bbr1
0.787,26348,18,18720,44.5,46.6,20.2,104.4,2.9,431309,22511,32,32,bbr1
0.800,18870,13,15840,44.5,44.7,20.2,104.4,1.8,431309,22513,32,32,bbr1
0.807,21718,15,17280,44.5,44.8,20.2,104.4,1.4,431309,22516,32,32,bbr1
0.817,24566,17,18720,44.6,45.1,20.2,104.4,1.2,430766,22519,32,32,bbr1
0.823,26326,18,18720,44.6,45.1,20.2,104.4,1.0,430766,22521,32,32,bbr1
0.830,26326,18,18720,44.7,45.0,20.2,104.4,0.9,430766,22523,32,32,bbr1
0.837,26326,18,18720,44.8,45.2,20.2,104.4,0.8,430766,22525,32,32,bbr1
0.843,26326,18,17280,44.1,39.4,20.2,104.4,1.9,430766,22527,32,32,bbr1
0.858,18859,13,15840,43.8,43.2,20.2,104.4,1.5,538457,22530,32,32,bbr1
0.865,21707,15,17280,43.7,43.2,20.2,104.4,1.3,538457,22533,32,32,bbr1
0.874,25979,18,18720,43.5,41.4,20.2,104.4,1.6,538457,22537,32,32,bbr1
0.882,26326,18,20160,43.3,42.0,20.2,104.4,1.5,538457,22540,32,32,bbr1
0.889,26326,18,20160,43.1,42.2,20.2,104.4,1.4,323074,22542,32,32,bbr1
0.898,26326,18,20160,43.0,42.2,20.2,104.4,1.3,323074,22544,32,32,bbr1
0.908,18859,13,15840,42.2,41.2,20.2,104.4,2.0,323074,22545,32,32,bbr1
0.916,21707,15,17280,42.4,43.5,20.2,104.4,1.9,430766,22548,32,32,bbr1
0.923,24555,17,17280,42.8,45.6,20.2,104.4,2.2,430766,22550,32,32,bbr1
0.929,26326,18,17280,43.3,47.0,20.2,104.4,2.7,430766,22552,32,32,bbr1
0.936,26326,18,17280,43.9,48.5,20.2,104.4,3.3,430766,22554,32,32,bbr1
0.942,26326,18,17280,44.2,46.4,20.2,104.4,3.1,430766,22556,32,32,bbr1
0.949,17435,12,15840,43.6,39.3,20.2,104.4,3.6,431917,22558,32,32,bbr1
0.959,20283,14,15840,43.4,41.7,20.2,104.4,3.2,431917,22560,32,32,bbr1
0.969,23131,16,18720,43.1,41.5,20.2,104.4,2.9,431917,22564,32,32,bbr1
0.976,25979,18,18720,43.0,41.7,20.2,104.4,2.5,431917,22566,32,32,bbr1
0.006,26373,18,0,41.7,35.8,20.2,104.4,2.7,539896,22568,32,32,bbr1
0.006,26373,18,0,39.9,27.7,20.2,104.4,5.5,539896,22570,32,32,bbr1
0.033,26373,18,12960,38.0,24.3,20.2,104.4,8.0,539896,22583,32,32,bbr1
0.043,26373,18,15840,36.9,29.2,20.2,104.4,8.2,539896,22587,32,32,bbr1
0.051,26373,18,17280,36.1,30.7,20.2,104.4,7.7,539896,22590,32,32,bbr1
0.057,26373,18,17280,35.6,32.2,20.2,104.4,6.8,539896,22592,32,32,bbr1
0.065,26373,18,18720,35.4,33.7,20.2,104.4,5.6,539896,22595,32,32,bbr1
0.070,26373,18,18720,35.3,34.7,20.2,104.4,4.3,539896,22597,32,32,bbr1
0.078,26373,18,20160,35.4,36.3,20.2,104.4,3.5,539896,22600,32,32,bbr1
0.085,26373,18,20160,35.8,38.3,20.2,104.4,3.3,323937,22602,32,32,bbr1
0.094,26373,18,20160,36.3,39.8,20.2,104.4,3.5,323937,22604,32,32,bbr1
0.098,26373,18,18720,36.8,40.9,20.2,104.4,3.8,323937,22605,32,32,bbr1
0.107,26373,18,18720,37.6,42.9,20.2,104.4,4.3,323937,22607,32,32,bbr1
0.112,26373,18,17280,38.4,44.1,20.2,104.4,4.9,323937,22608,32,32,bbr1
0.119,26373,18,17280,39.3,45.8,20.2,104.4,5.5,431917,22610,32,32,bbr1
0.126,26373,18,17280,40.3,47.3,20.2,104.4,6.1,431917,22612,32,32,bbr1
0.133,26373,18,17280,41.3,48.4,20.2,104.4,6.6,431917,22614,32,32,bbr1
0.139,26373,18,17280,42.0,47.0,20.2,104.4,6.4,431917,22616,32,32,bbr1
0.152,18882,13,14400,42.4,42.7,20.2,104.4,4.2,431917,22618,32,32,bbr1
0.162,21730,15,17280,42.2,40.7,20.2,104.4,3.6,431917,22622,32,32,bbr1
0.168,24578,17,17280,42.0,40.9,20.2,104.4,3.0,431917,22624,32,32,bbr1
0.175,26373,18,17280,41.9,41.0,20.2,104.4,2.5,431917,22626,32,32,bbr1
0.182,26373,18,17280,41.8,41.0,20.2,104.4,2.1,431917,22628,32,32,bbr1
0.188,26373,18,15840,40.8,34.2,20.2,104.4,3.5,431917,22630,32,32,bbr1
0.192,26373,18,15840,40.0,34.3,20.2,104.4,4.3,431917,22631,32,32,bbr1
0.198,16034,11,15840,39.7,37.8,20.2,104.4,3.8,431917,22633,32,32,bbr1
0.205,18882,13,14400,39.5,37.9,20.2,104.4,3.3,431917,22634,32,32,bbr1
0.212,21730,15,15840,39.3,38.1,20.2,104.4,2.8,431917,22637,32,32,bbr1
0.218,24578,17,15840,39.2,38.2,20.2,104.4,2.4,431917,22639,32,32,bbr1
0.228,26373,18,17280,39.1,38.2,20.2,104.4,2.0,539896,22642,32,32,bbr1
0.233,26373,18,17280,39.0,38.2,20.2,104.4,1.7,539896,22644,32,32,bbr1
0.246,18882,13,15840,39.0,39.1,20.2,104.4,1.0,539896,22647,32,32,bbr1
0.253,21730,15,17280,39.0,39.2,20.2,104.4,0.8,539896,22650,32,32,bbr1
0.262,24578,17,20160,39.0,39.3,20.2,104.4,0.7,539896,22654,32,32,bbr1
0.269,26373,18,20160,39.1,39.6,20.2,104.4,0.7,323937,22656,32,32,bbr1
0.273,26373,18,18720,39.3,40.6,20.2,104.4,0.9,323937,22657,32,32,bbr1
0.282,26373,18,18720,39.7,42.6,20.2,104.4,1.5,323937,22659,32,32,bbr1
0.291,17458,12,17280,39.7,39.3,20.2,104.4,1.2,338122,22661,32,32,bbr1
0.297,20306,14,15840,40.0,42.8,20.2,104.4,1.7,450830,22662,32,32,bbr1
0.307,23154,16,18720,40.7,45.3,20.2,104.4,2.6,450830,22666,32,32,bbr1
0.314,26002,18,18720,41.5,47.3,20.2,104.4,3.6,450830,22668,32,32,bbr1
0.320,27150,18,18720,42.1,46.5,20.2,104.4,3.9,450830,22670,32,32,bbr1
0.327,27150,18,18720,42.5,44.9,20.2,104.4,3.6,450830,22672,32,32,bbr1
0.333,27150,18,18720,42.6,42.9,20.2,104.4,2.8,450830,22674,32,32,bbr1
0.345,20695,14,14400,42.0,41.3,20.2,104.4,2.4,450830,22676,32,32,bbr1
0.355,23543,16,17280,42.0,41.7,20.2,104.4,1.9,450830,22680,32,32,bbr1
0.362,26391,18,17280,41.9,41.6,20.2,104.4,1.5,450830,22682,32,32,bbr1
0.367,27150,18,17280,42.0,42.6,20.2,104.4,1.3,450830,22684,32,32,bbr1
0.377,27150,18,18720,42.1,42.6,20.2,104.4,1.1,450830,22687,32,32,bbr1
0.383,27150,18,18720,42.3,43.6,20.2,104.4,1.2,563537,22689,32,32,bbr1
0.388,27150,18,18720,41.7,37.7,20.2,104.4,2.1,563537,22691,32,32,bbr1
0.402,19271,13,17280,41.7,42.0,20.2,104.4,1.3,563537,22694,32,32,bbr1
0.408,22119,15,17280,41.7,41.9,20.2,104.4,1.0,563537,22696,32,32,bbr1
0.416,24967,17,20160,41.9,43.0,20.2,104.4,1.1,563537,22700,32,32,bbr1
0.424,27150,18,21600,42.0,43.1,20.2,104.4,1.1,563537,22703,32,32,bbr1
0.433,27150,18,23040,42.3,44.1,20.2,104.4,1.3,338122,22706,32,32,bbr1
0.438,27150,18,21600,42.8,46.1,20.2,104.4,2.0,338122,22707,32,32,bbr1
0.446,27150,18,21600,43.3,47.3,20.2,104.4,2.6,338122,22709,32,32,bbr1
0.451,27150,18,20160,43.3,42.8,20.2,104.4,2.1,338122,22710,32,32,bbr1
0.463,19271,13,17280,43.8,48.0,20.2,104.4,2.5,338122,22712,32,32,bbr1
0.470,22119,15,17280,44.6,49.7,20.2,104.4,3.3,450830,22714,32,32,bbr1
0.480,24967,17,20160,45.3,50.9,20.2,104.4,4.1,450830,22718,32,32,bbr1
0.486,27150,18,20160,46.3,53.2,20.2,104.4,5.0,450830,22720,32,32,bbr1
0.493,27150,18,20160,46.9,50.9,20.2,104.4,4.9,450830,22722,32,32,bbr1
0.499,27150,18,20160,47.3,49.8,20.2,104.4,4.4,450830,22724,32,32,bbr1
0.505,27150,18,20160,47.3,47.7,20.2,104.4,3.4,450830,22726,32,32,bbr1
0.512,27150,18,20160,46.5,41.1,20.2,104.4,4.1,450830,22728,32,32,bbr1
0.523,19271,13,17280,45.7,44.9,20.2,104.4,3.6,450830,22730,32,32,bbr1
0.530,22119,15,17280,45.6,45.1,20.2,104.4,2.8,450830,22732,32,32,bbr1
0.539,24967,17,20160,45.7,45.8,20.2,104.4,2.2,563537,22736,32,32,bbr1
0.544,27150,18,20160,45.7,46.2,20.2,104.4,1.8,563537,22738,32,32,bbr1
0.552,27150,18,21600,45.9,46.7,20.2,104.4,1.6,563537,22741,32,32,bbr1
0.562,27150,18,23040,46.0,47.2,20.2,104.4,1.5,338122,22744,32,32,bbr1
0.565,27150,18,21600,46.2,47.6,20.2,104.4,1.5,338122,22745,32,32,bbr1
0.574,27150,18,21600,45.8,42.8,20.2,104.4,2.0,338122,22747,32,32,bbr1
0.585,19271,13,17335,45.6,46.7,20.2,104.4,2.0,338122,22749,32,32,bbr1
0.592,22119,15,17335,45.9,48.4,20.2,104.4,2.2,450830,22751,32,32,bbr1
0.602,24967,17,20215,46.4,49.5,20.2,104.4,2.6,450830,22755,32,32,bbr1
0.608,27150,18,20215,47.0,51.8,20.2,104.4,3.3,450830,22757,32,32,bbr1
0.614,27150,18,20215,47.8,53.0,20.2,104.4,3.9,450830,22759,32,32,bbr1
0.620,27150,18,20215,48.3,51.8,20.2,104.4,4.0,450830,22761,32,32,bbr1
0.627,27150,18,20215,48.5,49.9,20.2,104.4,3.4,450830,22763,32,32,bbr1
0.640,19310,13,17335,47.2,43.0,20.2,104.4,4.2,450830,22766,32,32,bbr1
0.646,22158,15,17335,47.1,46.7,20.2,104.4,3.3,450830,22768,32,32,bbr1
0.656,25006,17,20215,47.1,46.9,20.2,104.4,2.5,450830,22772,32,32,bbr1
0.662,27150,18,20215,47.2,47.6,20.2,104.4,2.0,450830,22774,32,32,bbr1
0.669,27150,18,20215,47.3,48.0,20.2,104.4,1.7,450830,22776,32,32,bbr1
0.675,27150,18,20215,47.4,48.6,20.2,104.4,1.6,563537,22778,32,32,bbr1
0.688,20734,14,17280,46.7,41.3,20.2,104.4,2.5,338122,22781,32,32,bbr1
0.697,22158,15,20160,46.0,41.3,20.2,104.4,3.2,338122,22784,32,32,bbr1
0.701,25006,17,18720,45.9,45.1,20.2,104.4,2.6,338122,22785,32,32,bbr1
0.710,27150,18,18720,45.8,45.2,20.2,104.4,2.1,338122,22787,32,32,bbr1
0.714,27150,18,17280,45.8,46.0,20.2,104.4,1.7,338122,22788,32,32,bbr1
0.721,27150,18,17280,45.9,46.3,20.2,104.4,1.4,450830,22790,32,32,bbr1
0.728,27150,18,17280,46.2,48.2,20.2,104.4,1.6,450830,22792,32,32,bbr1
0.741,19271,13,14400,46.0,46.5,20.2,104.4,1.4,450830,22794,32,32,bbr1
0.751,22119,15,17280,45.9,44.9,20.2,104.4,1.3,450830,22798,32,32,bbr1
0.757,24967,17,17280,45.5,43.0,20.2,104.4,1.7,430003,22800,32,32,bbr1
0.764,26295,18,17280,45.0,41.5,20.2,104.4,2.3,430003,22802,32,32,bbr1
0.770,26295,18,17280,44.6,41.9,20.2,104.4,2.5,430003,22804,32,32,bbr1
0.777,26295,18,17280,44.3,42.0,20.2,104.4,2.5,430003,22806,32,32,bbr1
0.789,18843,13,14400,42.8,39.9,20.2,104.4,3.8,430003,22808,32,32,bbr1
0.799,21691,15,17280,42.5,40.0,20.2,104.4,3.6,430003,22812,32,32,bbr1
0.805,24539,17,17280,42.2,40.4,20.2,104.4,3.2,430003,22814,32,32,bbr1
0.812,26295,18,17280,42.0,40.5,20.2,104.4,2.8,430003,22816,32,32,bbr1
0.819,26295,18,17280,41.8,40.7,20.2,104.4,2.4,430003,22818,32,32,bbr1
0.826,26295,18,17280,41.7,40.9,20.2,104.4,2.1,430003,22820,32,32,bbr1
0.832,26295,18,17280,41.0,35.9,20.2,104.4,3.0,537503,22822,32,32,bbr1
0.844,18843,13,14400,40.6,39.6,20.2,104.4,2.3,537503,22824,32,32,bbr1
0.852,23115,16,15840,40.3,38.0,20.2,104.4,2.4,532490,22828,32,32,bbr1
0.860,25963,18,17280,40.0,38.0,20.2,104.4,2.4,532490,22831,32,32,bbr1
0.866,26130,18,17280,39.8,38.0,20.2,104.4,2.3,532490,22833,32,32,bbr1
0.874,26273,18,18720,39.7,39.0,20.2,104.4,1.9,536840,22836,32,32,bbr1
0.882,26273,18,18720,39.0,34.2,20.2,104.4,2.8,536840,22839,32,32,bbr1
0.892,26273,18,21600,39.0,39.1,20.2,104.4,2.1,536840,22843,32,32,bbr1
0.899,26273,18,21600,39.1,40.1,20.2,104.4,1.9,322104,22845,32,32,bbr1
0.904,26273,18,20160,39.5,41.7,20.2,104.4,2.0,322104,22846,32,32,bbr1
0.917,18832,13,17335,40.4,44.4,20.2,104.4,2.9,322104,22849,32,32,bbr1
0.924,21680,15,17335,41.2,46.3,20.2,104.4,3.7,429472,22851,32,32,bbr1
0.934,24528,17,20215,42.0,47.5,20.2,104.4,4.3,429472,22855,32,32,bbr1
0.941,26273,18,20215,42.8,49.0,20.2,104.4,5.0,429472,22857,32,32,bbr1
0.947,26273,18,20215,43.8,50.8,20.2,104.4,5.7,429472,22859,32,32,bbr1
0.954,26273,18,20215,44.6,50.1,20.2,104.4,5.9,429472,22861,32,32,bbr1
0.961,26273,18,20215,45.1,48.4,20.2,104.4,5.3,429472,22863,32,32,bbr1
0.972,18871,13,17335,44.9,42.9,20.2,104.4,3.8,429472,22866,32,32,bbr1
0.979,21719,15,17335,45.1,46.4,20.2,104.4,3.2,429472,22868,32,32,bbr1
0.988,24567,17,18775,45.3,46.5,20.2,104.4,2.8,429472,22871,32,32,bbr1
0.992,26273,18,18775,45.5,46.7,20.2,104.4,2.4,429472,22873,32,32,bbr1
1.002,26273,18,20215,45.6,46.8,20.2,104.4,2.2,429472,22876,32,32,bbr1
1.009,26273,18,20215,45.8,47.0,20.2,104.4,1.9,429472,22878,32,32,bbr1
1.015,26273,18,20215,45.9,47.0,20.2,104.4,1.8,536840,22880,32,32,bbr1
0.006,26273,18,0,45.4,47.1,20.2,104.4,1.2,536840,22883,32,32,bbr1
0.007,26273,18,0,43.2,28.1,20.2,104.4,5.2,536840,22885,32,32,bbr1
0.034,26273,18,12960,40.9,24.5,20.2,104.4,8.6,536840,22898,32,32,bbr1
0.045,26273,18,15840,39.4,29.4,20.2,104.4,9.3,536840,22902,32,32,bbr1
0.053,26273,18,17280,38.4,30.9,20.2,104.4,9.1,536840,22905,32,32,bbr1
0.059,26273,18,17280,37.6,32.3,20.2,104.4,8.3,536840,22907,32,32,bbr1
0.067,26273,18,18720,37.1,33.8,20.2,104.4,7.2,536840,22910,32,32,bbr1
0.072,26273,18,18720,36.9,35.4,20.2,104.4,5.8,536840,22912,32,32,bbr1
0.080,26273,18,20160,36.9,36.8,20.2,104.4,4.4,536840,22915,32,32,bbr1
0.087,26273,18,20160,37.1,38.3,20.2,104.4,3.7,322104,22917,32,32,bbr1
0.096,26273,18,20160,37.4,39.8,20.2,104.4,3.4,322104,22919,32,32,bbr1
0.101,26273,18,18720,37.8,40.9,20.2,104.4,3.4,322104,22920,32,32,bbr1
0.110,26273,18,18720,38.5,42.8,20.2,104.4,3.8,322104,22922,32,32,bbr1
0.114,26273,18,17280,39.2,44.2,20.2,104.4,4.3,322104,22923,32,32,bbr1
0.122,26273,18,17280,40.0,45.7,20.2,104.4,4.8,429472,22925,32,32,bbr1
0.128,26273,18,17280,40.9,47.2,20.2,104.4,5.4,429472,22927,32,32,bbr1
0.135,26273,18,17280,41.9,48.7,20.2,104.4,6.0,429472,22929,32,32,bbr1
0.142,26273,18,17280,42.5,46.6,20.2,104.4,5.7,429472,22931,32,32,bbr1
0.154,18832,13,14400,42.6,42.0,20.2,104.4,3.7,429472,22933,32,32,bbr1
0.164,21680,15,17280,42.3,40.3,20.2,104.4,3.3,429472,22937,32,32,bbr1
0.170,24528,17,17280,42.1,40.4,20.2,104.4,3.0,429472,22939,32,32,bbr1
0.177,26273,18,17280,41.9,40.5,20.2,104.4,2.6,429472,22941,32,32,bbr1
0.184,26273,18,17280,41.7,40.8,20.2,104.4,2.2,429472,22943,32,32,bbr1
0.191,26273,18,15840,40.8,34.2,20.2,104.4,3.6,429472,22945,32,32,bbr1
0.200,17408,12,13015,39.7,37.7,20.2,104.4,3.8,429472,22947,32,32,bbr1
0.210,20256,14,15895,39.5,37.9,20.2,104.4,3.3,429472,22951,32,32,bbr1
0.217,23104,16,15895,39.3,38.0,20.2,104.4,2.8,429472,22953,32,32,bbr1
0.223,25952,18,15895,39.1,38.2,20.2,104.4,2.4,536840,22955,32,32,bbr1
0.228,26273,18,15895,39.0,38.1,20.2,104.4,2.1,536840,22957,32,32,bbr1
0.236,26273,18,15840,38.2,32.7,20.2,104.4,3.1,536840,22960,32,32,bbr1
0.251,18832,13,15840,37.8,36.4,20.2,104.4,2.5,536840,22964,32,32,bbr1
0.258,21680,15,17280,37.6,36.5,20.2,104.4,2.2,536840,22967,32,32,bbr1
0.267,24528,17,20160,37.6,37.5,20.2,104.4,1.7,536840,22971,32,32,bbr1
0.275,26273,18,20160,37.8,39.4,20.2,104.4,1.7,322104,22973,32,32,bbr1
0.279,26273,18,18720,38.0,39.1,20.2,104.4,1.6,322104,22974,32,32,bbr1
0.288,26273,18,18720,38.3,40.3,20.2,104.4,1.8,322104,22976,32,32,bbr1
0.292,18832,13,14400,38.2,37.8,20.2,104.4,1.5,362094,22977,32,32,bbr1
0.303,21680,15,15840,38.4,39.8,20.2,104.4,1.5,482793,22980,32,32,bbr1
0.312,24528,17,17280,39.0,42.9,20.2,104.4,2.3,482793,22983,32,32,bbr1
0.318,27376,19,17280,39.6,44.0,20.2,104.4,2.9,482793,22985,32,32,bbr1
0.324,28462,19,17280,39.9,42.2,20.2,104.4,2.9,482793,22987,32,32,bbr1
0.333,28462,19,18720,40.0,40.3,20.2,104.4,2.2,482793,22990,32,32,bbr1
0.344,19927,13,15840,39.8,39.1,20.2,104.4,1.6,482793,22992,32,32,bbr1
0.351,22775,15,17280,39.8,39.6,20.2,104.4,1.2,482793,22995,32,32,bbr1
0.359,27047,18,17280,39.7,39.5,20.2,104.4,1.0,482793,22998,32,32,bbr1
0.368,28462,19,18720,39.8,40.1,20.2,104.4,0.8,482793,23001,32,32,bbr1
0.374,28462,19,18720,39.9,41.1,20.2,104.4,1.0,482793,23003,32,32,bbr1
0.383,28462,19,20160,40.2,41.7,20.2,104.4,1.2,482793,23006,32,32,bbr1
0.388,28462,19,20160,39.8,37.6,20.2,104.4,1.5,603491,23008,32,32,bbr1
0.400,19927,13,18720,40.3,42.6,20.2,104.4,1.7,362094,23011,32,32,bbr1
0.407,22775,15,17280,40.7,43.5,20.2,104.4,2.1,362094,23012,32,32,bbr1
0.415,25623,17,18720,41.1,44.1,20.2,104.4,2.4,362094,23015,32,32,bbr1
0.423,28462,19,18720,41.6,45.1,20.2,104.4,2.8,362094,23017,32,32,bbr1
0.431,28462,19,18720,42.2,46.3,20.2,104.4,3.3,362094,23019,32,32,bbr1
0.435,28462,19,17280,42.8,46.8,20.2,104.4,3.6,362094,23020,32,32,bbr1
0.442,28462,19,17280,43.6,49.2,20.2,104.4,4.3,482793,23022,32,32,bbr1
0.455,19927,13,15840,43.8,42.8,20.2,104.4,3.2,482793,23025,32,32,bbr1
0.462,22775,15,17280,43.9,45.0,20.2,104.4,2.7,482793,23028,32,32,bbr1
0.470,25623,17,18720,43.9,44.0,20.2,104.4,2.0,482793,23031,32,32,bbr1
0.476,28462,19,18720,43.8,42.8,20.2,104.4,1.8,482793,23033,32,32,bbr1
0.485,28462,19,20160,43.5,41.5,20.2,104.4,1.9,482793,23036,32,32,bbr1
0.491,28462,19,20160,43.4,42.7,20.2,104.4,1.6,482793,23038,32,32,bbr1
0.506,21351,14,15840,42.9,42.9,20.2,104.4,1.7,603491,23040,32,32,bbr1
0.514,25623,17,17280,42.9,43.2,20.2,104.4,1.3,603491,23044,32,32,bbr1
0.523,28462,19,20160,43.1,44.1,20.2,104.4,1.3,603491,23048,32,32,bbr1
0.531,28462,19,21600,43.3,44.7,20.2,104.4,1.4,603491,23051,32,32,bbr1
0.539,28462,19,23040,43.6,45.7,20.2,104.4,1.6,362094,23054,32,32,bbr1
0.543,28462,19,21600,44.0,46.7,20.2,104.4,2.0,362094,23055,32,32,bbr1
0.551,28462,19,21600,43.2,37.6,20.2,104.4,3.1,362094,23057,32,32,bbr1
0.563,19927,13,18720,43.4,45.1,20.2,104.4,2.3,362094,23059,32,32,bbr1
0.570,22775,15,17280,43.9,47.2,20.2,104.4,2.7,362094,23060,32,32,bbr1
0.577,25623,17,18720,44.6,49.3,20.2,104.4,3.3,482793,23063,32,32,bbr1
0.586,28462,19,20160,45.4,50.9,20.2,104.4,4.1,482793,23066,32,32,bbr1
0.592,28462,19,20160,46.4,53.4,20.2,104.4,5.1,482793,23068,32,32,bbr1
0.597,28462,19,20160,47.1,51.9,20.2,104.4,5.2,482793,23070,32,32,bbr1
0.607,28462,19,21600,47.5,50.8,20.2,104.4,4.8,482793,23073,32,32,bbr1
0.618,19927,13,18720,46.8,42.8,20.2,104.4,4.1,482793,23075,32,32,bbr1
0.624,22775,15,17280,46.7,46.1,20.2,104.4,3.3,482793,23076,32,32,bbr1
0.633,25623,17,20160,46.7,46.7,20.2,104.4,2.5,482793,23080,32,32,bbr1
0.639,28462,19,20160,46.8,47.7,20.2,104.4,2.1,482793,23082,32,32,bbr1
0.645,28462,19,20160,47.0,48.5,20.2,104.4,2.0,482793,23084,32,32,bbr1
0.654,28462,19,21600,47.3,49.4,20.2,104.4,2.1,482793,23087,32,32,bbr1
0.660,28462,19,21600,47.7,50.0,20.2,104.4,2.2,603491,23089,32,32,bbr1
0.679,24199,16,15840,46.8,45.8,20.2,104.4,2.3,362094,23092,32,32,bbr1
0.690,27047,18,18720,46.7,46.7,20.2,104.4,1.7,482793,23096,32,32,bbr1
0.697,28462,19,18720,46.9,47.6,20.2,104.4,1.5,482793,23098,32,32,bbr1
0.703,28462,19,18720,47.0,48.2,20.2,104.4,1.5,482793,23100,32,32,bbr1
0.711,28462,19,20160,47.3,49.2,20.2,104.4,1.7,482793,23103,32,32,bbr1
0.717,28462,19,20160,47.8,51.4,20.2,104.4,2.3,482793,23105,32,32,bbr1
0.732,21351,14,15840,46.5,43.1,20.2,104.4,3.5,482793,23107,32,32,bbr1
0.741,24199,16,18720,46.2,44.1,20.2,104.4,3.2,482793,23111,32,32,bbr1
0.747,27047,18,18720,46.1,45.1,20.2,104.4,2.7,482793,23113,32,32,bbr1
0.753,28462,19,18720,46.0,46.0,20.2,104.4,2.0,482793,23115,32,32,bbr1
0.763,27024,18,20160,46.1,46.4,20.2,104.4,1.6,447768,23118,32,32,bbr1
0.769,27024,18,20160,46.3,47.6,20.2,104.4,1.6,447768,23120,32,32,bbr1
0.784,20632,14,15840,45.1,43.2,20.2,104.4,2.7,559710,23122,32,32,bbr1
0.792,23480,16,18720,45.0,44.3,20.2,104.4,2.3,559710,23126,32,32,bbr1
0.799,26328,18,20160,45.0,45.1,20.2,104.4,1.7,559710,23129,32,32,bbr1
0.806,27024,18,20160,45.2,46.1,20.2,104.4,1.5,335826,23131,32,32,bbr1
0.815,26406,18,20160,45.3,46.6,20.2,104.4,1.5,324528,23133,32,32,bbr1
0.819,26406,18,18720,45.6,47.3,20.2,104.4,1.6,324528,23134,32,32,bbr1
0.828,17475,12,17280,44.8,39.3,20.2,104.4,2.8,324528,23136,32,32,bbr1
0.835,21747,15,14400,44.6,43.3,20.2,104.4,2.5,432705,23137,32,32,bbr1
0.845,24595,17,17280,44.6,44.7,20.2,104.4,1.9,432705,23141,32,32,bbr1
0.852,26406,18,17280,44.9,47.0,20.2,104.4,2.0,432705,23143,32,32,bbr1
0.858,26406,18,17280,44.9,45.1,20.2,104.4,1.5,432705,23145,32,32,bbr1
0.865,26406,18,17280,44.7,43.2,20.2,104.4,1.6,432705,23147,32,32,bbr1
0.878,18899,13,14400,43.4,37.7,20.2,104.4,3.2,432705,23149,32,32,bbr1
0.888,21747,15,17280,43.2,41.2,20.2,104.4,3.0,432705,23153,32,32,bbr1
0.894,24595,17,17280,42.9,41.4,20.2,104.4,2.7,432705,23155,32,32,bbr1
0.901,26406,18,17280,42.8,41.6,20.2,104.4,2.3,432705,23157,32,32,bbr1
0.908,26406,18,17280,42.7,41.8,20.2,104.4,2.0,432705,23159,32,32,bbr1
0.914,26364,18,17280,42.6,41.9,20.2,104.4,1.7,431692,23161,32,32,bbr1
0.921,26364,18,17280,41.7,35.9,20.2,104.4,2.9,539615,23163,32,32,bbr1
0.933,18878,13,14400,41.2,39.7,20.2,104.4,2.5,539615,23165,32,32,bbr1
0.942,21726,15,17280,41.1,39.9,20.2,104.4,2.2,539615,23169,32,32,bbr1
0.949,24574,17,18720,40.9,40.0,20.2,104.4,1.9,539615,23172,32,32,bbr1
0.954,26364,18,18720,40.8,40.0,20.2,104.4,1.7,539615,23174,32,32,bbr1
0.960,26364,18,18720,40.8,40.4,20.2,104.4,1.4,539615,23176,32,32,bbr1
0.967,26364,18,20160,40.9,42.1,20.2,104.4,1.3,539615,23179,32,32,bbr1
0.977,26364,18,21600,40.3,36.0,20.2,104.4,2.3,323769,23182,32,32,bbr1
0.987,18878,13,17280,40.6,42.0,20.2,104.4,1.8,323769,23183,32,32,bbr1
0.994,23150,16,15840,40.8,42.4,20.2,104.4,1.8,445287,23185,32,32,bbr1
1.004,25998,18,18720,41.2,44.4,20.2,104.4,2.2,445287,23189,32,32,bbr1
1.011,26922,18,18720,41.8,45.8,20.2,104.4,2.8,445287,23191,32,32,bbr1
1.017,26922,18,18720,42.5,47.5,20.2,104.4,3.5,445287,23193,32,32,bbr1
1.023,26922,18,18720,43.3,48.8,20.2,104.4,4.2,445287,23195,32,32,bbr1
1.040,20581,14,15840,42.8,41.1,20.2,104.4,3.3,455898,23198,32,32,bbr1
1.050,23429,16,18720,43.0,44.8,20.2,104.4,3.0,455898,23202,32,32,bbr1
1.056,26277,18,18720,43.3,45.2,20.2,104.4,2.8,569872,23204,32,32,bbr1
1.063,27358,18,20160,43.6,45.4,20.2,104.4,2.6,569872,23207,32,32,bbr1
1.068,27358,18,20160,43.9,46.0,20.2,104.4,2.5,569872,23209,32,32,bbr1
1.076,27358,18,21600,44.2,46.3,20.2,104.4,2.5,569872,23212,32,32,bbr1
1.092,20799,14,18720,43.5,43.3,20.2,104.4,2.4,341923,23215,32,32,bbr1
1.099,23647,16,18720,43.5,43.4,20.2,104.4,1.8,341923,23217,32,32,bbr1
1.109,26495,18,20160,43.8,45.6,20.2,104.4,1.9,341923,23220,32,32,bbr1
1.113,27358,18,18720,44.2,47.4,20.2,104.4,2.3,341923,23221,32,32,bbr1
1.121,27358,18,18720,44.8,49.2,20.2,104.4,3.0,341923,23223,32,32,bbr1
1.130,27358,18,18720,45.6,51.0,20.2,104.4,3.8,341923,23225,32,32,bbr1
1.134,27358,18,17280,46.5,52.8,20.2,104.4,4.6,341923,23226,32,32,bbr1
1.142,17951,12,15840,46.5,46.1,20.2,104.4,3.6,455898,23228,32,32,bbr1
1.150,20799,14,15840,46.4,45.8,20.2,104.4,2.8,455898,23230,32,32,bbr1
1.157,25071,17,15840,46.0,43.4,20.2,104.4,2.9,455898,23233,32,32,bbr1
1.167,27358,18,17280,45.6,42.3,20.2,104.4,3.1,455898,23236,32,32,bbr1
1.173,27358,18,17280,44.9,40.4,20.2,104.4,3.6,455898,23238,32,32,bbr1
1.179,27358,18,17280,44.2,39.1,20.2,104.4,4.1,455898,23240,32,32,bbr1
1.193,19375,13,15840,43.1,39.8,20.2,104.4,4.2,569872,23243,32,32,bbr1
1.200,22223,15,17280,42.8,40.8,20.2,104.4,3.7,569872,23246,32,32,bbr1
1.208,25071,17,20160,42.6,41.3,20.2,104.4,3.2,569872,23250,32,32,bbr1
0.006,27358,18,0,43.0,40.4,20.2,104.4,3.1,569872,23253,32,32,bbr1
0.006,27358,18,0,41.1,27.9,20.2,104.4,6.1,569872,23255,32,32,bbr1
0.034,27358,18,14400,39.1,24.9,20.2,104.4,8.6,569872,23269,32,32,bbr1
0.045,27358,18,17280,38.0,30.2,20.2,104.4,8.7,569872,23273,32,32,bbr1
0.053,27358,18,18720,37.3,32.0,20.2,104.4,8.0,569872,23276,32,32,bbr1
0.060,27358,18,20160,36.8,33.8,20.2,104.4,6.9,569872,23279,32,32,bbr1
0.065,27358,18,20160,36.7,35.6,20.2,104.4,5.5,569872,23281,32,32,bbr1
0.072,27358,18,21600,36.8,37.4,20.2,104.4,4.3,569872,23284,32,32,bbr1
0.082,27358,18,23040,37.1,39.2,20.2,104.4,3.8,341923,23287,32,32,bbr1
0.086,27358,18,21600,37.6,41.1,20.2,104.4,3.9,341923,23288,32,32,bbr1
0.095,27358,18,21600,38.2,42.7,20.2,104.4,4.2,341923,23290,32,32,bbr1
0.098,27358,18,20160,38.9,44.0,20.2,104.4,4.6,341923,23291,32,32,bbr1
0.107,27358,18,20160,39.9,46.3,20.2,104.4,5.3,341923,23293,32,32,bbr1
0.115,27358,18,20160,40.9,48.1,20.2,104.4,6.0,341923,23295,32,32,bbr1
0.120,27358,18,18720,42.0,49.8,20.2,104.4,6.8,341923,23296,32,32,bbr1
0.128,27358,18,18720,43.2,51.7,20.2,104.4,7.5,341923,23298,32,32,bbr1
0.137,27358,18,18720,44.5,53.5,20.2,104.4,8.2,341923,23300,32,32,bbr1
0.141,27358,18,17280,45.4,51.8,20.2,104.4,8.0,341923,23301,32,32,bbr1
0.153,19375,13,14400,46.3,48.8,20.2,104.4,6.0,455898,23303,32,32,bbr1
0.163,22223,15,17280,46.4,46.8,20.2,104.4,4.6,455898,23307,32,32,bbr1
0.168,25071,17,17280,46.3,45.5,20.2,104.4,3.7,569872,23309,32,32,bbr1
0.176,27358,18,18720,46.0,44.1,20.2,104.4,3.3,569872,23312,32,32,bbr1
0.181,27358,18,18720,45.5,42.3,20.2,104.4,3.4,569872,23314,32,32,bbr1
0.189,27358,18,18720,44.1,34.5,20.2,104.4,5.3,569872,23317,32,32,bbr1
0.194,27358,18,20160,43.0,34.6,20.2,104.4,6.4,569872,23319,32,32,bbr1
0.206,19375,13,18720,41.9,38.3,20.2,104.4,5.5,341923,23322,32,32,bbr1
0.213,22223,15,17280,41.7,40.5,20.2,104.4,4.4,341923,23323,32,32,bbr1
0.222,25071,17,18720,41.8,42.2,20.2,104.4,3.5,341923,23326,32,32,bbr1
0.230,27358,18,18720,42.1,44.1,20.2,104.4,3.2,341923,23328,32,32,bbr1
0.235,27358,18,17280,42.5,45.8,20.2,104.4,3.3,341923,23329,32,32,bbr1
0.242,27358,18,17280,43.1,47.2,20.2,104.4,3.7,455898,23331,32,32,bbr1
0.248,27358,18,17280,43.9,49.1,20.2,104.4,4.2,455898,23333,32,32,bbr1
0.261,19375,13,14400,43.9,42.7,20.2,104.4,3.1,455898,23335,32,32,bbr1
0.271,22223,15,17280,43.9,43.9,20.2,104.4,2.4,455898,23339,32,32,bbr1
0.277,25071,17,17280,43.8,42.9,20.2,104.4,2.0,455898,23341,32,32,bbr1
0.283,27358,18,17280,43.4,40.9,20.2,104.4,2.3,569872,23343,32,32,bbr1
0.291,27358,18,18720,43.3,42.0,20.2,104.4,2.0,569872,23346,32,32,bbr1
0.295,27358,18,18720,43.1,41.9,20.2,104.4,1.9,569872,23348,32,32,bbr1
0.303,27358,18,20160,42.2,35.9,20.2,104.4,3.2,569872,23351,32,32,bbr1
0.316,19375,13,18720,41.6,39.9,20.2,104.4,2.8,341923,23354,32,32,bbr1
0.323,22223,15,17280,41.5,40.9,20.2,104.4,2.3,341923,23355,32,32,bbr1
0.332,25071,17,18720,41.7,42.7,20.2,104.4,2.0,341923,23358,32,32,bbr1
0.340,26955,18,18720,42.0,43.9,20.2,104.4,2.0,334558,23360,32,32,bbr1
0.344,26955,18,17280,42.5,46.3,20.2,104.4,2.6,334558,23361,32,32,bbr1
0.351,26955,18,17280,43.0,46.3,20.2,104.4,2.9,446078,23363,32,32,bbr1
0.358,26955,18,17280,43.6,48.0,20.2,104.4,3.4,446078,23365,32,32,bbr1
0.369,19173,13,14400,43.4,41.0,20.2,104.4,2.8,557597,23367,32,32,bbr1
0.377,22021,15,17280,43.3,42.4,20.2,104.4,2.3,557597,23371,32,32,bbr1
0.385,24869,17,18720,43.0,41.2,20.2,104.4,2.2,557597,23374,32,32,bbr1
0.390,26955,18,18720,42.5,39.1,20.2,104.4,2.6,557597,23376,32,32,bbr1
0.397,26955,18,20160,42.2,39.8,20.2,104.4,2.7,557597,23379,32,32,bbr1
0.407,26955,18,21600,41.9,39.8,20.2,104.4,2.6,334558,23382,32,32,bbr1
0.417,19173,13,17335,41.0,40.3,20.2,104.4,2.8,334558,23384,32,32,bbr1
0.424,22021,15,17335,41.2,42.6,20.2,104.4,2.5,446078,23386,32,32,bbr1
0.434,24869,17,20215,41.6,44.1,20.2,104.4,2.6,444967,23390,32,32,bbr1
0.440,26909,18,20215,42.1,46.0,20.2,104.4,3.0,444967,23392,32,32,bbr1
0.446,26909,18,20215,42.8,47.6,20.2,104.4,3.6,444967,23394,32,32,bbr1
0.453,26909,18,20215,43.6,48.9,20.2,104.4,4.3,444967,23396,32,32,bbr1
0.459,26909,18,20215,44.3,49.1,20.2,104.4,4.6,444967,23398,32,32,bbr1
0.465,26909,18,20160,44.1,43.0,20.2,104.4,3.7,556208,23400,32,32,bbr1
0.479,19150,13,18720,44.3,46.7,20.2,104.4,3.0,333725,23403,32,32,bbr1
0.485,21998,15,17280,44.6,47.0,20.2,104.4,2.9,333725,23404,32,32,bbr1
0.493,24846,17,18720,45.0,47.5,20.2,104.4,2.9,444967,23407,32,32,bbr1
0.499,26909,18,18720,45.3,47.9,20.2,104.4,2.9,444967,23409,32,32,bbr1
0.506,26909,18,18720,45.7,47.9,20.2,104.4,2.8,444967,23411,32,32,bbr1
0.515,26909,18,20160,46.0,48.6,20.2,104.4,2.8,556208,23414,32,32,bbr1
0.520,26909,18,18720,46.4,49.3,20.2,104.4,3.0,556208,23416,32,32,bbr1
0.539,20574,14,15840,45.5,43.6,20.2,104.4,3.2,552088,23419,32,32,bbr1
0.546,23422,16,18720,45.3,44.2,20.2,104.4,2.7,552088,23423,32,32,bbr1
0.554,26270,18,20160,45.2,44.4,20.2,104.4,2.3,552088,23426,32,32,bbr1
0.561,26774,18,20160,45.2,44.9,20.2,104.4,1.8,331253,23428,32,32,bbr1
0.570,26774,18,20160,45.3,46.1,20.2,104.4,1.6,331253,23430,32,32,bbr1
0.575,26774,18,18720,45.6,47.8,20.2,104.4,1.8,331253,23431,32,32,bbr1
0.584,17659,12,17280,44.8,39.2,20.2,104.4,3.0,331253,23433,32,32,bbr1
0.590,20507,14,15840,44.7,44.2,20.2,104.4,2.4,441671,23434,32,32,bbr1
0.600,23355,16,18720,44.8,45.4,20.2,104.4,1.9,441671,23438,32,32,bbr1
0.607,26203,18,18720,45.1,47.4,20.2,104.4,2.1,441671,23440,32,32,bbr1
0.613,26774,18,18720,45.4,47.3,20.2,104.4,2.1,441671,23442,32,32,bbr1
0.619,26774,18,18720,45.4,45.5,20.2,104.4,1.6,441671,23444,32,32,bbr1
0.626,26774,18,18720,45.1,43.3,20.2,104.4,1.7,441671,23446,32,32,bbr1
0.632,17659,12,17280,44.4,39.3,20.2,104.4,2.8,552088,23448,32,32,bbr1
0.641,20507,14,15840,44.2,43.0,20.2,104.4,2.4,552088,23449,32,32,bbr1
0.649,23355,16,18720,44.1,43.2,20.2,104.4,2.1,552088,23453,32,32,bbr1
0.657,26203,18,20160,44.1,43.7,20.2,104.4,1.6,552088,23456,32,32,bbr1
0.664,26774,18,20160,44.0,44.0,20.2,104.4,1.3,331253,23458,32,32,bbr1
0.673,26774,18,20160,44.1,44.3,20.2,104.4,1.0,331253,23460,32,32,bbr1
0.677,26774,18,18720,44.1,44.4,20.2,104.4,0.8,331253,23461,32,32,bbr1
0.686,17659,12,17280,43.3,37.6,20.2,104.4,2.3,331253,23463,32,32,bbr1
0.691,20507,14,15840,43.2,42.2,20.2,104.4,2.0,441671,23464,32,32,bbr1
0.699,23355,16,17280,43.3,44.4,20.2,104.4,1.8,441671,23467,32,32,bbr1
0.705,26203,18,17280,43.7,45.9,20.2,104.4,2.0,441671,23469,32,32,bbr1
0.713,26774,18,17280,44.1,47.3,20.2,104.4,2.4,441671,23471,32,32,bbr1
0.723,26774,18,18720,44.1,44.1,20.2,104.4,1.8,441671,23474,32,32,bbr1
0.728,26774,18,18720,43.9,42.2,20.2,104.4,1.8,441671,23476,32,32,bbr1
0.739,19083,13,15840,43.1,41.4,20.2,104.4,2.4,441671,23478,32,32,bbr1
0.746,21931,15,17280,42.9,41.5,20.2,104.4,2.1,441671,23481,32,32,bbr1
0.756,24779,17,18720,42.8,42.3,20.2,104.4,1.7,441671,23484,32,32,bbr1
0.761,26774,18,18720,42.7,42.2,20.2,104.4,1.5,552088,23486,32,32,bbr1
0.766,26774,18,18720,42.6,41.9,20.2,104.4,1.3,552088,23488,32,32,bbr1
0.774,26774,18,20160,42.6,42.9,20.2,104.4,1.1,552088,23491,32,32,bbr1
0.790,20507,14,17280,42.3,42.7,20.2,104.4,1.3,331253,23494,32,32,bbr1
0.799,23355,16,18720,42.4,43.3,20.2,104.4,1.3,331253,23497,32,32,bbr1
0.808,26203,18,18720,42.5,43.4,20.2,104.4,1.2,331253,23499,32,32,bbr1
0.812,26774,18,17280,42.9,45.4,20.2,104.4,1.6,331253,23500,32,32,bbr1
0.820,26774,18,17280,43.4,46.6,20.2,104.4,2.1,441671,23502,32,32,bbr1
0.826,26774,18,17280,44.0,48.6,20.2,104.4,2.9,441671,23504,32,32,bbr1
0.833,26774,18,17280,44.8,50.3,20.2,104.4,3.7,441671,23506,32,32,bbr1
0.839,17659,12,15840,44.7,43.7,20.2,104.4,3.1,441671,23508,32,32,bbr1
0.847,20507,14,15840,44.3,41.9,20.2,104.4,3.0,441671,23510,32,32,bbr1
0.856,23355,16,17280,43.8,40.0,20.2,104.4,3.3,441671,23513,32,32,bbr1
0.861,26203,18,17280,43.2,38.9,20.2,104.4,3.7,552088,23515,32,32,bbr1
0.869,26774,18,18720,42.7,39.5,20.2,104.4,3.7,552088,23518,32,32,bbr1
0.874,26774,18,18720,42.3,39.6,20.2,104.4,3.6,552088,23520,32,32,bbr1
0.888,19083,13,17280,41.6,39.0,20.2,104.4,3.2,331253,23523,32,32,bbr1
0.894,21931,15,17280,41.5,40.3,20.2,104.4,2.7,331253,23525,32,32,bbr1
0.905,24779,17,18720,41.3,40.4,20.2,104.4,2.3,331253,23528,32,32,bbr1
0.910,26774,18,17280,41.6,43.3,20.2,104.4,2.2,331253,23529,32,32,bbr1
0.917,26774,18,17280,41.9,44.0,20.2,104.4,2.3,441671,23531,32,32,bbr1
0.924,26774,18,17280,42.4,46.0,20.2,104.4,2.7,441671,23533,32,32,bbr1
0.931,26774,18,17280,43.1,47.6,20.2,104.4,3.3,441671,23535,32,32,bbr1
0.942,19083,13,14400,43.5,43.9,20.2,104.4,2.5,552088,23537,32,32,bbr1
0.950,21931,15,17280,43.3,42.0,20.2,104.4,2.2,552088,23541,32,32,bbr1
0.958,24779,17,18720,42.9,40.2,20.2,104.4,2.4,552088,23544,32,32,bbr1
0.963,26774,18,18720,42.6,40.6,20.2,104.4,2.4,552088,23546,32,32,bbr1
0.971,26774,18,20160,42.4,40.8,20.2,104.4,2.2,552088,23549,32,32,bbr1
0.981,26774,18,21600,42.2,41.0,20.2,104.4,2.0,331253,23552,32,32,bbr1
0.990,19083,13,17280,41.4,40.9,20.2,104.4,2.5,328594,23553,32,32,bbr1
0.997,23355,16,15840,41.4,41.5,20.2,104.4,1.9,438126,23555,32,32,bbr1
1.007,26203,18,18720,41.6,43.3,20.2,104.4,1.9,438126,23559,32,32,bbr1
1.014,26628,18,18720,42.0,44.4,20.2,104.4,2.1,438126,23561,32,32,bbr1
1.021,26628,18,18720,42.5,46.5,20.2,104.4,2.7,438126,23563,32,32,bbr1
1.027,26628,18,18720,43.2,48.1,20.2,104.4,3.4,438126,23565,32,32,bbr1
1.033,17586,12,17280,43.0,41.1,20.2,104.4,3.1,582147,23567,32,32,bbr1
1.043,20434,14,15840,42.7,41.1,20.2,104.4,2.8,582147,23568,32,32,bbr1
0.006,15987,11,0,43.3,39.3,20.2,104.4,2.7,582147,23569,32,32,bbr1
0.031,21683,15,11520,40.7,22.5,20.2,104.4,7.3,582147,23581,32,32,bbr1
0.039,24531,17,14400,38.9,26.0,20.2,104.4,9.1,582147,23585,32,32,bbr1
0.046,27379,19,15840,37.5,27.9,20.2,104.4,9.6,582147,23588,32,32,bbr1
0.053,27761,19,17280,36.6,29.8,20.2,104.4,9.1,582147,23591,32,32,bbr1
0.061,27761,19,18720,36.0,31.8,20.2,104.4,8.0,582147,23594,32,32,bbr1
0.068,27761,19,20160,35.2,29.7,20.2,104.4,7.6,582147,23597,32,32,bbr1
0.073,27761,19,20160,35.2,35.0,20.2,104.4,5.7,582147,23599,32,32,bbr1
0.081,27761,19,21600,35.4,36.8,20.2,104.4,4.7,582147,23602,32,32,bbr1
0.090,27761,19,23040,35.7,38.2,20.2,104.4,4.2,349288,23605,32,32,bbr1
0.094,27761,19,21600,36.3,40.7,20.2,104.4,4.4,349288,23606,32,32,bbr1
0.102,27761,19,21600,37.1,42.6,20.2,104.4,4.9,349288,23608,32,32,bbr1
0.110,27761,19,21600,38.0,44.5,20.2,104.4,5.5,349288,23610,32,32,bbr1
0.114,27761,19,20160,39.1,46.4,20.2,104.4,6.2,349288,23611,32,32,bbr1
0.123,27761,19,20160,40.2,48.3,20.2,104.4,7.0,349288,23613,32,32,bbr1
0.131,27761,19,20160,41.5,50.2,20.2,104.4,7.7,349288,23615,32,32,bbr1
0.135,27761,19,18720,42.8,51.9,20.2,104.4,8.4,349288,23616,32,32,bbr1
0.148,19576,13,15840,45.2,52.6,20.2,104.4,8.9,349288,23618,32,32,bbr1
0.155,22424,15,17280,45.9,50.9,20.2,104.4,8.1,465718,23621,32,32,bbr1
0.165,25272,17,18720,46.4,49.8,20.2,104.4,7.0,465718,23624,32,32,bbr1
0.171,27761,19,18720,46.7,48.3,20.2,104.4,5.8,465718,23626,32,32,bbr1
0.177,27761,19,18720,46.7,46.8,20.2,104.4,4.3,465718,23628,32,32,bbr1
0.183,27761,19,17280,46.2,42.6,20.2,104.4,4.3,465718,23630,32,32,bbr1
0.193,27761,19,18720,45.1,37.6,20.2,104.4,5.3,465718,23633,32,32,bbr1
0.205,19576,13,15840,44.1,41.3,20.2,104.4,4.7,465718,23635,32,32,bbr1
0.211,22424,15,17280,43.8,41.6,20.2,104.4,4.1,465718,23638,32,32,bbr1
0.220,25272,17,18720,43.7,42.6,20.2,104.4,3.4,465718,23641,32,32,bbr1
0.226,27761,19,18720,43.6,43.2,20.2,104.4,2.7,582147,23643,32,32,bbr1
0.233,27761,19,20160,43.6,43.7,20.2,104.4,2.0,582147,23646,32,32,bbr1
0.241,27761,19,21600,43.7,44.2,20.2,104.4,1.6,582147,23649,32,32,bbr1
0.256,21000,14,18775,43.1,42.8,20.2,104.4,1.8,349288,23653,32,32,bbr1
0.263,23848,16,18775,43.2,44.0,20.2,104.4,1.6,349288,23655,32,32,bbr1
0.273,26696,18,20215,43.4,44.4,20.2,104.4,1.5,349288,23658,32,32,bbr1
0.276,27761,19,18775,43.8,46.8,20.2,104.4,2.0,349288,23659,32,32,bbr1
0.285,27761,19,18775,44.4,48.5,20.2,104.4,2.7,349288,23661,32,32,bbr1
0.293,27761,19,18775,45.1,50.4,20.2,104.4,3.5,349288,23663,32,32,bbr1
0.297,27761,19,17335,46.0,52.3,20.2,104.4,4.4,349288,23664,32,32,bbr1
0.304,18191,12,15840,46.1,46.3,20.2,104.4,3.4,465718,23666,32,32,bbr1
0.314,21039,14,15840,46.3,48.4,20.2,104.4,3.1,465718,23668,32,32,bbr1
0.323,23887,16,18720,46.4,46.7,20.2,104.4,2.4,465718,23672,32,32,bbr1
0.330,26735,18,18720,46.3,45.5,20.2,104.4,2.0,465718,23674,32,32,bbr1
0.336,27761,19,18720,46.0,44.2,20.2,104.4,2.0,465718,23676,32,32,bbr1
0.342,27761,19,18720,45.6,42.8,20.2,104.4,2.3,465718,23678,32,32,bbr1
0.349,27761,19,18720,45.2,42.4,20.2,104.4,2.6,465718,23680,32,32,bbr1
0.364,21000,14,15840,43.9,41.4,20.2,104.4,3.6,465718,23683,32,32,bbr1
0.373,23848,16,18720,43.7,42.3,20.2,104.4,3.1,465718,23687,32,32,bbr1
0.380,26696,18,18720,43.6,42.5,20.2,104.4,2.6,465718,23689,32,32,bbr1
0.385,27761,19,18720,43.6,43.7,20.2,104.4,2.0,465718,23691,32,32,bbr1
0.392,27761,19,18720,43.7,44.4,20.2,104.4,1.7,465718,23693,32,32,bbr1
0.401,27761,19,20160,43.8,44.5,20.2,104.4,1.5,465718,23696,32,32,bbr1
0.415,21000,14,15840,43.2,43.3,20.2,104.4,1.7,582147,23698,32,32,bbr1
0.423,23848,16,18720,43.3,44.1,20.2,104.4,1.5,582147,23702,32,32,bbr1
0.430,26696,18,20160,43.5,44.5,20.2,104.4,1.4,582147,23705,32,32,bbr1
0.438,27761,19,21600,43.7,45.3,20.2,104.4,1.5,582147,23708,32,32,bbr1
0.447,27761,19,23040,44.0,46.1,20.2,104.4,1.7,349288,23711,32,32,bbr1
0.451,27761,19,21600,44.3,46.6,20.2,104.4,1.9,349288,23712,32,32,bbr1
0.467,21000,14,17280,43.8,44.7,20.2,104.4,2.3,349288,23714,32,32,bbr1
0.474,23848,16,18720,44.2,46.5,20.2,104.4,2.4,465718,23717,32,32,bbr1
0.483,26696,18,20160,44.7,48.5,20.2,104.4,2.8,465718,23720,32,32,bbr1
0.489,27761,19,20160,45.4,50.4,20.2,104.4,3.6,465718,23722,32,32,bbr1
0.495,27761,19,20160,46.3,52.3,20.2,104.4,4.4,465718,23724,32,32,bbr1
0.502,27761,19,20160,47.0,52.5,20.2,104.4,4.8,465718,23726,32,32,bbr1
0.508,27761,19,20160,47.6,51.2,20.2,104.4,4.7,465718,23728,32,32,bbr1
0.523,21000,14,17280,46.8,44.4,20.2,104.4,4.0,465718,23731,32,32,bbr1
0.530,23848,16,18720,46.5,44.9,20.2,104.4,3.5,446165,23734,32,32,bbr1
0.539,26696,18,20160,46.4,45.8,20.2,104.4,2.8,446165,23737,32,32,bbr1
0.546,26958,18,20160,46.4,46.4,20.2,104.4,2.1,446165,23739,32,32,bbr1
0.553,26958,18,20160,46.5,46.7,20.2,104.4,1.6,446165,23741,32,32,bbr1
0.558,26958,18,20160,46.6,47.7,20.2,104.4,1.5,446165,23743,32,32,bbr1
0.565,26958,18,20160,46.8,48.4,20.2,104.4,1.6,446165,23745,32,32,bbr1
0.571,26958,18,20160,46.3,42.7,20.2,104.4,2.2,446165,23747,32,32,bbr1
0.591,22023,15,17280,46.5,47.4,20.2,104.4,1.3,557706,23751,32,32,bbr1
0.599,24871,17,20160,46.6,47.8,20.2,104.4,1.3,557706,23755,32,32,bbr1
0.609,26958,18,21600,46.8,47.7,20.2,104.4,1.3,334623,23758,32,32,bbr1
0.613,26958,18,20160,47.0,48.6,20.2,104.4,1.4,334623,23759,32,32,bbr1
0.622,26958,18,20160,47.2,48.8,20.2,104.4,1.5,334623,23761,32,32,bbr1
0.626,26958,18,18720,47.5,49.4,20.2,104.4,1.7,334623,23762,32,32,bbr1
0.640,19175,13,15840,46.4,42.9,20.2,104.4,2.8,334623,23764,32,32,bbr1
0.647,22023,15,17280,46.5,47.4,20.2,104.4,2.4,446165,23767,32,32,bbr1
0.654,24871,17,17280,46.9,49.6,20.2,104.4,2.5,446165,23769,32,32,bbr1
0.663,26958,18,18720,47.3,50.0,20.2,104.4,2.7,446165,23772,32,32,bbr1
0.670,26958,18,18720,47.3,47.7,20.2,104.4,2.1,446165,23774,32,32,bbr1
0.677,26958,18,18720,47.2,46.1,20.2,104.4,1.9,446165,23776,32,32,bbr1
0.680,26958,18,15840,46.0,37.5,20.2,104.4,3.8,446165,23777,32,32,bbr1
0.696,19175,13,14400,44.6,40.6,20.2,104.4,4.5,446165,23780,32,32,bbr1
0.706,22023,15,17280,44.2,41.0,20.2,104.4,4.3,446165,23784,32,32,bbr1
0.712,24871,17,17280,43.8,41.4,20.2,104.4,3.9,446165,23786,32,32,bbr1
0.719,26958,18,17280,43.6,41.7,20.2,104.4,3.5,446165,23788,32,32,bbr1
0.725,26958,18,17280,43.3,41.7,20.2,104.4,3.1,446165,23790,32,32,bbr1
0.731,26958,18,17280,43.2,42.3,20.2,104.4,2.5,557706,23792,32,32,bbr1
0.744,19175,13,15840,42.0,39.7,20.2,104.4,3.4,557706,23795,32,32,bbr1
0.751,22023,15,17280,41.7,40.0,20.2,104.4,3.1,557706,23798,32,32,bbr1
0.760,24871,17,20160,41.6,40.6,20.2,104.4,2.6,557706,23802,32,32,bbr1
0.766,26958,18,20160,41.5,40.9,20.2,104.4,2.1,334623,23804,32,32,bbr1
0.809,5760,4,4320,42.8,47.6,20.2,104.4,3.2,446707,23806,32,32,bbr1
0.816,5760,4,4320,43.4,47.6,20.2,104.4,3.6,446707,23808,32,32,bbr1
0.823,5760,4,5760,43.8,46.7,20.2,104.4,3.5,446707,23810,32,32,bbr1
0.834,5760,4,4320,40.8,20.2,20.2,104.4,8.5,446707,23811,32,32,bbr1
0.842,5760,4,4320,38.3,20.8,20.2,104.4,11.4,446707,23813,32,32,bbr1
0.849,5760,4,5760,36.1,20.2,20.2,104.4,13.1,446707,23815,32,32,bbr1
0.861,5760,4,4320,34.3,21.6,20.2,104.4,13.4,446707,23816,32,32,bbr1
0.868,5760,4,4320,32.6,21.3,20.2,104.4,13.3,446707,23818,32,32,bbr1
0.875,5760,4,5760,31.2,20.9,20.2,104.4,12.9,446707,23820,32,32,bbr1
0.888,5760,4,4320,30.0,21.8,20.2,104.4,12.1,446707,23821,32,32,bbr1
0.895,5760,4,4320,29.0,21.7,20.2,104.4,11.1,446707,23823,32,32,bbr1
0.902,5760,4,5760,28.1,21.8,20.2,104.4,10.1,446707,23825,32,32,bbr1
0.914,5760,4,4375,27.1,20.6,20.2,104.4,9.5,446707,23827,32,32,bbr1
0.921,5760,4,2935,26.3,20.6,20.2,104.4,8.7,446707,23828,32,32,bbr1
0.927,5760,4,4375,25.6,20.6,20.2,104.4,8.0,446707,23830,32,32,bbr1
0.940,5760,4,4320,25.0,20.6,20.2,104.4,7.2,446707,23831,32,32,bbr1
0.947,5760,4,4320,24.5,20.7,20.2,104.4,6.5,446707,23833,32,32,bbr1
0.953,5760,4,5760,24.0,20.7,20.2,104.4,5.8,446707,23835,32,32,bbr1
0.966,5760,4,4320,23.6,20.8,20.2,104.4,5.1,446707,23836,32,32,bbr1
0.972,5760,4,4320,23.2,20.6,20.2,104.4,4.6,446707,23838,32,32,bbr1
0.979,5760,4,5760,22.9,20.6,20.2,104.4,4.1,446707,23840,32,32,bbr1
0.991,5760,4,4320,22.6,20.5,20.2,104.4,3.7,446707,23841,32,32,bbr1
0.998,5760,4,4320,22.3,20.6,20.2,104.4,3.3,446707,23843,32,32,bbr1
1.005,5760,4,5760,22.1,20.6,20.2,104.4,2.9,446707,23845,32,32,bbr1
1.017,26694,18,4320,21.9,20.6,20.2,104.4,2.6,446707,23846,32,32,bbr1
1.027,26694,18,7200,21.8,20.6,20.2,104.4,2.2,446707,23850,32,32,bbr1
1.033,26694,18,8640,21.6,20.6,20.2,104.4,2.0,446707,23852,32,32,bbr1
1.043,26694,18,8640,21.5,20.7,20.2,104.4,1.7,446707,23855,32,32,bbr1
1.053,26694,18,10080,21.4,20.8,20.2,104.4,1.4,446707,23858,32,32,bbr1
1.059,26694,18,10080,21.4,21.5,20.2,104.4,1.1,446707,23860,32,32,bbr1
1.065,26694,18,10080,21.5,21.9,20.2,104.4,1.0,446707,23862,32,32,bbr1
1.072,25461,17,10080,21.6,22.3,20.2,104.4,0.9,416206,23864,32,32,bbr1
1.079,25461,17,10080,21.7,22.5,20.2,104.4,0.9,416206,23866,32,32,bbr1
1.085,25461,17,10080,21.8,22.7,20.2,104.4,1.0,520257,23868,32,32,bbr1
1.091,25473,17,10080,22.0,23.5,20.2,104.4,1.1,520620,23870,32,32,bbr1
1.100,25473,17,11520,22.2,23.6,20.2,104.4,1.2,520620,23873,32,32,bbr1
1.105,25473,17,11520,22.4,23.7,20.2,104.4,1.3,520620,23875,32,32,bbr1
1.113,25582,17,12960,22.6,24.2,20.2,104.4,1.4,523991,23878,32,32,bbr1
1.118,25582,17,12960,23.0,25.6,20.2,104.4,1.8,523991,23880,32,32,bbr1
0.216,25582,17,14400,23.5,26.9,20.2,104.4,2.3,523991,23883,32,32,bbr1
0.006,25582,17,55,28.2,34.9,20.2,104.4,6.0,523991,23886,32,32,bbr1
0.034,25582,17,12960,27.4,22.4,20.2,104.4,5.9,523991,23899,32,32,bbr1
0.042,25582,17,14400,27.4,27.1,20.2,104.4,4.5,523991,23902,32,32,bbr1
0.048,25582,17,14400,27.5,28.4,20.2,104.4,3.6,523991,23904,32,32,bbr1
0.056,25582,17,15840,27.8,29.8,20.2,104.4,3.3,523991,23907,32,32,bbr1
0.061,25582,17,15840,28.2,31.2,20.2,104.4,3.3,523991,23909,32,32,bbr1
0.070,25582,17,17280,28.8,32.5,20.2,104.4,3.6,523991,23912,32,32,bbr1
0.075,25582,17,17280,29.4,33.9,20.2,104.4,3.9,523991,23914,32,32,bbr1
0.083,25582,17,18720,30.1,34.9,20.2,104.4,4.3,523991,23917,32,32,bbr1
0.089,25582,17,18720,30.9,36.2,20.2,104.4,4.8,523991,23919,32,32,bbr1
0.097,25582,17,20160,31.7,38.0,20.2,104.4,5.4,523991,23922,32,32,bbr1
0.105,25582,17,20160,32.7,39.4,20.2,104.4,5.9,314394,23924,32,32,bbr1
0.114,25582,17,20160,33.7,40.7,20.2,104.4,6.4,314394,23926,32,32,bbr1
0.118,25582,17,18720,34.7,41.5,20.2,104.4,6.8,314394,23927,32,32,bbr1
0.127,25582,17,18720,35.7,43.1,20.2,104.4,7.2,314394,23929,32,32,bbr1
0.132,25582,17,17280,36.8,44.7,20.2,104.4,7.6,314394,23930,32,32,bbr1
0.137,25582,17,15840,38.0,46.1,20.2,104.4,8.0,314394,23931,32,32,bbr1
0.150,18487,12,12960,40.3,48.2,20.2,104.4,8.5,419193,23933,32,32,bbr1
0.157,21335,14,14400,41.1,46.4,20.2,104.4,7.9,419193,23936,32,32,bbr1
0.164,24183,16,14400,41.4,44.1,20.2,104.4,6.7,419193,23938,32,32,bbr1
0.171,25582,17,14400,41.5,41.8,20.2,104.4,5.1,419193,23940,32,32,bbr1
0.178,25582,17,14400,41.2,39.3,20.2,104.4,4.4,419193,23942,32,32,bbr1
0.185,25582,17,12960,40.1,32.5,20.2,104.4,5.5,419193,23944,32,32,bbr1
0.195,15639,10,14400,39.4,34.2,20.2,104.4,5.6,419193,23947,32,32,bbr1
0.200,18487,12,12960,38.7,34.1,20.2,104.4,5.5,419193,23948,32,32,bbr1
0.209,21335,14,14400,38.2,34.2,20.2,104.4,5.3,419193,23951,32,32,bbr1
0.216,24183,16,14400,37.6,34.1,20.2,104.4,5.0,419193,23953,32,32,bbr1
0.223,25582,17,14400,37.2,34.1,20.2,104.4,4.6,419193,23955,32,32,bbr1
0.230,25582,17,14400,36.8,34.0,20.2,104.4,4.3,419193,23957,32,32,bbr1
0.236,15639,10,14400,36.3,32.5,20.2,104.4,4.3,523991,23959,32,32,bbr1
0.241,18487,12,12960,36.0,34.0,20.2,104.4,3.8,523991,23960,32,32,bbr1
0.249,21335,14,15840,35.7,34.0,20.2,104.4,3.3,523991,23964,32,32,bbr1
0.255,24183,16,15840,35.5,33.9,20.2,104.4,3.0,523991,23966,32,32,bbr1
0.263,25582,17,17280,35.3,33.9,20.2,104.4,2.6,523991,23969,32,32,bbr1
0.269,25582,17,17280,35.1,33.9,20.2,104.4,2.3,523991,23971,32,32,bbr1
0.286,19911,13,14400,35.1,37.2,20.2,104.4,2.4,547600,23974,32,32,bbr1
0.294,22759,15,17280,35.5,38.2,20.2,104.4,2.6,547600,23978,32,32,bbr1
0.301,25607,17,18720,36.0,39.6,20.2,104.4,3.0,547600,23981,32,32,bbr1
0.307,26345,18,18720,36.7,41.4,20.2,104.4,3.6,547600,23983,32,32,bbr1
0.315,26345,18,20160,37.4,42.7,20.2,104.4,4.2,547600,23986,32,32,bbr1
0.324,26345,18,21600,38.2,44.0,20.2,104.4,4.8,328560,23989,32,32,bbr1
0.329,26345,18,20160,38.0,35.9,20.2,104.4,4.2,328560,23990,32,32,bbr1
0.340,18868,13,17280,38.8,42.0,20.2,104.4,3.8,328560,23992,32,32,bbr1
0.347,21716,15,17280,39.2,42.4,20.2,104.4,3.8,438080,23994,32,32,bbr1
0.355,24564,17,18720,39.8,44.0,20.2,104.4,4.0,438080,23997,32,32,bbr1
0.361,26345,18,18720,40.6,45.6,20.2,104.4,4.5,438080,23999,32,32,bbr1
0.368,26345,18,18720,41.3,46.8,20.2,104.4,4.9,438080,24001,32,32,bbr1
0.375,26345,18,18720,42.1,47.1,20.2,104.4,5.1,438080,24003,32,32,bbr1
0.381,26345,18,18720,42.4,45.2,20.2,104.4,4.6,438080,24005,32,32,bbr1
0.394,18868,13,15840,42.7,43.5,20.2,104.4,3.0,438080,24007,32,32,bbr1
0.400,21716,15,17280,42.8,43.8,20.2,104.4,2.5,438080,24010,32,32,bbr1
0.410,24564,17,18720,43.0,44.1,20.2,104.4,2.2,438080,24013,32,32,bbr1
0.417,26345,18,18720,43.1,44.0,20.2,104.4,1.9,438080,24015,32,32,bbr1
0.423,26345,18,18720,43.2,44.1,20.2,104.4,1.7,438080,24017,32,32,bbr1
0.429,26345,18,18720,43.4,44.8,20.2,104.4,1.7,547600,24019,32,32,bbr1
0.445,20292,14,15840,42.9,42.9,20.2,104.4,1.7,547600,24022,32,32,bbr1
0.453,23140,16,18720,42.9,43.2,20.2,104.4,1.4,547600,24026,32,32,bbr1
0.461,25988,18,20160,43.0,43.4,20.2,104.4,1.1,547600,24029,32,32,bbr1
0.468,26345,18,20160,43.1,43.8,20.2,104.4,1.1,328560,24031,32,32,bbr1
0.477,26345,18,20160,43.2,44.1,20.2,104.4,1.0,328560,24033,32,32,bbr1
0.481,26345,18,18720,43.5,45.1,20.2,104.4,1.3,328560,24034,32,32,bbr1
0.490,26345,18,17280,42.9,39.3,20.2,104.4,2.0,328560,24036,32,32,bbr1
0.503,18868,13,14400,43.4,45.5,20.2,104.4,2.0,438080,24038,32,32,bbr1
0.510,21716,15,15840,43.7,45.8,20.2,104.4,2.1,438080,24041,32,32,bbr1
0.516,24564,17,15840,43.9,45.6,20.2,104.4,2.0,438080,24043,32,32,bbr1
0.523,26345,18,15840,43.9,43.7,20.2,104.4,1.6,438080,24045,32,32,bbr1
0.530,26345,18,15840,43.6,41.8,20.2,104.4,1.7,438080,24047,32,32,bbr1
0.536,26345,18,15840,43.1,39.7,20.2,104.4,2.3,438080,24049,32,32,bbr1
0.543,26345,18,15840,42.0,34.1,20.2,104.4,3.9,438080,24051,32,32,bbr1
0.556,18868,13,14400,41.1,38.1,20.2,104.4,3.8,547600,24054,32,32,bbr1
0.564,21716,15,17280,40.7,38.2,20.2,104.4,3.6,547600,24058,32,32,bbr1
0.572,24564,17,18720,40.4,38.3,20.2,104.4,3.3,547600,24061,32,32,bbr1
0.578,26345,18,18720,40.2,38.9,20.2,104.4,2.9,547600,24063,32,32,bbr1
0.586,26345,18,20160,40.1,39.3,20.2,104.4,2.4,547600,24066,32,32,bbr1
0.593,26345,18,20160,40.0,39.4,20.2,104.4,2.0,328560,24068,32,32,bbr1
0.604,18868,13,17280,39.7,40.9,20.2,104.4,2.2,328560,24070,32,32,bbr1
0.611,21716,15,17280,40.0,42.0,20.2,104.4,2.2,438080,24072,32,32,bbr1
0.619,24564,17,18720,40.5,44.0,20.2,104.4,2.7,438080,24075,32,32,bbr1
0.625,26345,18,18720,41.0,45.1,20.2,104.4,3.2,438080,24077,32,32,bbr1
0.632,26345,18,18720,41.8,46.7,20.2,104.4,3.8,438080,24079,32,32,bbr1
0.642,26345,18,20160,42.6,48.9,20.2,104.4,4.6,438080,24082,32,32,bbr1
0.649,26345,18,20160,43.2,47.0,20.2,104.4,4.6,438080,24084,32,32,bbr1
0.660,18868,13,17280,43.6,45.1,20.2,104.4,3.4,438080,24086,32,32,bbr1
0.666,23140,16,15840,43.6,43.7,20.2,104.4,2.5,438080,24088,32,32,bbr1
0.676,25988,18,18720,43.7,44.2,20.2,104.4,2.0,438080,24092,32,32,bbr1
0.683,26345,18,18720,43.8,44.5,20.2,104.4,1.7,438080,24094,32,32,bbr1
0.689,26345,18,18720,43.9,44.6,20.2,104.4,1.5,438080,24096,32,32,bbr1
0.695,26345,18,18720,44.0,44.6,20.2,104.4,1.3,547600,24098,32,32,bbr1
0.712,20292,14,15840,43.6,44.1,20.2,104.4,1.5,547600,24101,32,32,bbr1
0.720,23140,16,18720,43.7,44.4,20.2,104.4,1.4,547600,24105,32,32,bbr1
0.726,25988,18,18720,43.8,44.4,20.2,104.4,1.2,547600,24107,32,32,bbr1
0.734,26345,18,20160,43.9,44.9,20.2,104.4,1.2,547600,24110,32,32,bbr1
0.743,26345,18,21600,44.1,45.2,20.2,104.4,1.2,328560,24113,32,32,bbr1
0.747,26345,18,20160,44.4,46.2,20.2,104.4,1.4,328560,24114,32,32,bbr1
0.763,20292,14,15895,43.8,44.2,20.2,104.4,1.9,324113,24117,32,32,bbr1
0.771,23140,16,17335,44.0,45.9,20.2,104.4,1.9,432151,24120,32,32,bbr1
0.778,25988,18,17335,44.5,47.5,20.2,104.4,2.3,432151,24122,32,32,bbr1
0.785,26105,18,17335,45.0,48.5,20.2,104.4,2.7,432151,24124,32,32,bbr1
0.791,26105,18,17335,45.6,50.2,20.2,104.4,3.3,432151,24126,32,32,bbr1
0.798,26105,18,17335,46.0,48.5,20.2,104.4,3.2,432151,24128,32,32,bbr1
0.804,17363,12,15840,45.2,39.4,20.2,104.4,4.1,431468,24130,32,32,bbr1
0.815,20211,14,15840,44.8,41.9,20.2,104.4,3.9,431468,24132,32,32,bbr1
0.825,23059,16,18720,44.4,42.0,20.2,104.4,3.6,431468,24136,32,32,bbr1
0.831,25907,17,18720,44.1,41.9,20.2,104.4,3.3,539335,24138,32,32,bbr1
0.836,26078,18,17280,43.7,40.9,20.2,104.4,3.3,539335,24140,32,32,bbr1
0.844,26078,18,18720,43.4,41.0,20.2,104.4,3.1,539335,24143,32,32,bbr1
0.858,18735,13,17280,42.4,37.6,20.2,104.4,3.5,322379,24146,32,32,bbr1
0.864,21583,14,17280,42.2,41.2,20.2,104.4,3.0,322379,24148,32,32,bbr1
0.872,24431,16,17280,42.2,41.6,20.2,104.4,2.4,322379,24150,32,32,bbr1
0.880,26026,18,17280,42.2,42.3,20.2,104.4,1.8,430185,24152,32,32,bbr1
0.886,26026,18,17280,42.5,44.4,20.2,104.4,1.9,430185,24154,32,32,bbr1
0.893,26026,18,17280,42.9,45.9,20.2,104.4,2.3,430185,24156,32,32,bbr1
0.900,26026,18,17280,43.5,47.4,20.2,104.4,2.9,430185,24158,32,32,bbr1
0.912,18709,12,14400,43.6,43.1,20.2,104.4,2.0,537731,24160,32,32,bbr1
0.919,21557,14,15840,43.2,40.9,20.2,104.4,2.2,537731,24163,32,32,bbr1
0.929,24405,16,18720,42.9,40.9,20.2,104.4,2.2,537731,24167,32,32,bbr1
0.934,26026,18,18720,42.7,41.4,20.2,104.4,2.1,537731,24169,32,32,bbr1
0.940,26026,18,18720,42.6,41.5,20.2,104.4,1.8,537731,24171,32,32,bbr1
0.948,26026,18,20160,42.5,41.7,20.2,104.4,1.6,537731,24174,32,32,bbr1
0.967,21557,14,15840,41.4,41.9,20.2,104.4,2.2,322638,24177,32,32,bbr1
0.975,24405,16,17280,41.6,43.2,20.2,104.4,2.1,430185,24180,32,32,bbr1
0.007,19695,13,0,42.7,39.9,20.2,104.4,4.1,430185,24182,33,33,bbr1
0.007,22272,15,0,40.9,28.4,20.2,104.4,6.6,537731,24184,33,33,bbr1
0.034,26026,18,12960,38.8,24.7,20.2,104.4,9.0,537731,24197,33,33,bbr1
0.045,26026,18,15840,37.7,29.5,20.2,104.4,9.1,537731,24201,33,33,bbr1
0.053,26026,18,17280,36.8,31.0,20.2,104.4,8.5,537731,24204,33,33,bbr1
0.059,26026,18,17280,36.3,32.5,20.2,104.4,7.5,537731,24206,33,33,bbr1
0.067,26026,18,18720,36.0,34.0,20.2,104.4,6.2,537731,24209,33,33,bbr1
0.072,26026,18,18720,35.9,35.5,20.2,104.4,4.8,537731,24211,33,33,bbr1
0.080,26026,18,20160,36.1,37.0,20.2,104.4,3.8,537731,24214,33,33,bbr1
0.087,26026,18,20160,36.3,38.2,20.2,104.4,3.4,322638,24216,33,33,bbr1
0.096,26026,18,20160,36.7,39.5,20.2,104.4,3.3,322638,24218,33,33,bbr1
0.100,26026,18,18720,37.3,41.0,20.2,104.4,3.6,322638,24219,33,33,bbr1
0.109,26026,18,18720,38.0,43.1,20.2,104.4,4.1,322638,24221,33,33,bbr1
0.114,26026,18,17280,38.8,44.2,20.2,104.4,4.7,322638,24222,33,33,bbr1
0.122,26026,18,17280,39.7,45.9,20.2,104.4,5.3,430185,24224,33,33,bbr1
0.129,26026,18,17280,40.6,47.4,20.2,104.4,5.9,430185,24226,33,33,bbr1
0.135,26026,18,17280,41.7,49.0,20.2,104.4,6.5,430185,24228,33,33,bbr1
0.142,26026,18,17280,42.3,46.9,20.2,104.4,6.2,430185,24230,33,33,bbr1
0.154,18709,12,14400,42.6,42.7,20.2,104.4,3.9,430185,24232,33,33,bbr1
0.161,21557,14,15840,42.4,40.6,20.2,104.4,3.5,430185,24235,33,33,bbr1
0.171,24405,16,17280,42.2,40.8,20.2,104.4,3.0,430185,24238,33,33,bbr1
0.177,26026,18,17280,42.0,40.8,20.2,104.4,2.6,430185,24240,33,33,bbr1
0.184,26026,18,17280,41.9,40.9,20.2,104.4,2.2,430185,24242,33,33,bbr1
0.190,26026,18,15840,40.9,34.1,20.2,104.4,3.6,537731,24244,33,33,bbr1
0.193,26026,18,15840,40.0,34.1,20.2,104.4,4.4,537731,24245,33,33,bbr1
0.207,18709,12,14400,39.5,37.7,20.2,104.4,3.4,537731,24248,33,33,bbr1
0.214,21557,14,15840,39.3,37.9,20.2,104.4,3.0,537731,24251,33,33,bbr1
0.223,24405,16,18720,39.1,38.1,20.2,104.4,2.5,537731,24255,33,33,bbr1
0.228,26026,18,18720,39.0,38.1,20.2,104.4,2.2,537731,24257,33,33,bbr1
0.236,26026,18,20160,39.0,39.4,20.2,104.4,1.7,537731,24260,33,33,bbr1
0.243,26026,18,20160,39.3,40.8,20.2,104.4,1.7,322638,24262,33,33,bbr1
0.252,26026,18,20160,38.9,36.0,20.2,104.4,2.1,322638,24264,33,33,bbr1
0.262,18709,12,15840,39.3,41.9,20.2,104.4,2.0,322638,24265,33,33,bbr1
0.269,21557,14,15840,39.9,43.9,20.2,104.4,2.7,430185,24267,33,33,bbr1
0.275,24405,16,17280,40.5,45.1,20.2,104.4,3.3,430185,24270,33,33,bbr1
0.282,26026,18,17280,41.3,46.4,20.2,104.4,3.9,430185,24272,33,33,bbr1
0.292,26026,18,18720,42.1,47.9,20.2,104.4,4.6,430185,24275,33,33,bbr1
0.299,26026,18,18720,42.6,46.2,20.2,104.4,4.5,430185,24277,33,33,bbr1
0.306,26026,18,17280,42.2,39.3,20.2,104.4,4.2,430185,24279,33,33,bbr1
0.320,18709,12,15840,41.9,42.7,20.2,104.4,3.2,430185,24282,33,33,bbr1
0.327,21557,14,15840,42.0,42.8,20.2,104.4,2.6,430185,24284,33,33,bbr1
0.337,24405,16,18720,42.1,43.0,20.2,104.4,2.2,430185,24288,33,33,bbr1
0.343,26026,18,18720,42.3,43.2,20.2,104.4,1.9,430185,24290,33,33,bbr1
0.350,26026,18,17280,42.2,41.5,20.2,104.4,1.6,430185,24292,33,33,bbr1
0.357,26026,18,17280,42.1,41.9,20.2,104.4,1.3,430185,24294,33,33,bbr1
0.370,18709,12,14455,41.1,37.7,20.2,104.4,2.5,537731,24297,33,33,bbr1
0.376,21557,14,15895,41.1,41.2,20.2,104.4,1.9,537731,24300,33,33,bbr1
0.386,24405,16,18775,41.1,41.4,20.2,104.4,1.5,537731,24304,33,33,bbr1
0.391,26026,18,18775,41.2,41.5,20.2,104.4,1.2,537731,24306,33,33,bbr1
0.399,25974,18,20215,41.3,41.7,20.2,104.4,1.0,536123,24309,33,33,bbr1
0.406,25974,18,20215,41.3,41.8,20.2,104.4,0.9,321674,24311,33,33,bbr1
0.411,25974,18,18720,40.6,35.9,20.2,104.4,2.0,321674,24312,33,33,bbr1
0.424,18683,12,15895,40.7,42.0,20.2,104.4,1.7,321674,24315,33,33,bbr1
0.431,21531,14,15895,41.1,43.8,20.2,104.4,2.1,428899,24317,33,33,bbr1
0.441,24379,16,18775,41.6,45.3,20.2,104.4,2.6,428899,24321,33,33,bbr1
0.448,25974,18,18775,42.2,46.4,20.2,104.4,3.2,428899,24323,33,33,bbr1
0.455,25974,18,18775,42.9,47.9,20.2,104.4,3.8,428899,24325,33,33,bbr1
0.462,25974,18,18775,43.3,46.2,20.2,104.4,3.7,428899,24327,33,33,bbr1
0.469,17298,12,17280,42.8,39.4,20.2,104.4,3.7,428899,24329,33,33,bbr1
0.476,20146,13,15840,42.4,39.5,20.2,104.4,3.6,428899,24330,33,33,bbr1
0.483,22994,15,17280,42.5,43.1,20.2,104.4,2.9,428899,24333,33,33,bbr1
0.493,25842,17,18720,42.6,43.2,20.2,104.4,2.3,428899,24336,33,33,bbr1
0.500,25974,18,18720,42.7,43.3,20.2,104.4,1.9,428899,24338,33,33,bbr1
0.506,25801,17,18720,42.8,43.4,20.2,104.4,1.6,424626,24340,33,33,bbr1
0.512,25801,17,18720,42.9,43.6,20.2,104.4,1.4,530782,24342,33,33,bbr1
0.527,20020,13,14400,42.5,42.8,20.2,104.4,1.5,530782,24344,33,33,bbr1
0.535,24292,16,15840,42.3,41.3,20.2,104.4,1.4,530782,24348,33,33,bbr1
0.544,25801,17,17280,42.2,41.3,20.2,104.4,1.3,530782,24351,33,33,bbr1
0.552,25791,17,18720,42.1,41.3,20.2,104.4,1.2,530452,24354,33,33,bbr1
0.557,25791,17,18720,42.1,42.3,20.2,104.4,1.0,530452,24356,33,33,bbr1
0.565,25791,17,18720,41.1,34.1,20.2,104.4,2.7,530452,24359,33,33,bbr1
0.573,25791,17,20160,40.9,39.0,20.2,104.4,2.6,530452,24362,33,33,bbr1
0.583,25791,17,21600,40.7,40.0,20.2,104.4,2.2,318271,24365,33,33,bbr1
0.594,18591,12,17280,41.2,43.2,20.2,104.4,2.0,318271,24366,33,33,bbr1
0.601,21439,14,15840,41.6,44.7,20.2,104.4,2.4,318271,24367,33,33,bbr1
0.609,24287,16,17280,42.2,46.1,20.2,104.4,2.9,424362,24370,33,33,bbr1
0.616,25791,17,17280,42.8,47.5,20.2,104.4,3.5,424362,24372,33,33,bbr1
0.622,25791,17,17280,43.6,48.9,20.2,104.4,4.1,424362,24374,33,33,bbr1
0.629,25791,17,17280,44.4,49.9,20.2,104.4,4.7,424362,24376,33,33,bbr1
0.636,25791,17,17280,45.1,50.0,20.2,104.4,4.9,424362,24378,33,33,bbr1
0.643,17167,11,15840,44.4,39.3,20.2,104.4,5.1,424362,24380,33,33,bbr1
0.652,20015,13,14400,44.0,41.6,20.2,104.4,4.5,424362,24381,33,33,bbr1
0.659,22863,15,15840,43.7,41.7,20.2,104.4,4.0,424362,24384,33,33,bbr1
0.666,25711,17,15840,43.5,41.7,20.2,104.4,3.5,530452,24386,33,33,bbr1
0.674,25791,17,17280,43.2,41.6,20.2,104.4,3.1,530452,24389,33,33,bbr1
0.682,25791,17,18720,43.0,41.6,20.2,104.4,2.7,530452,24392,33,33,bbr1
0.693,20015,13,14400,42.2,37.6,20.2,104.4,3.1,530452,24394,33,33,bbr1
0.702,22863,15,17280,41.6,37.7,20.2,104.4,3.5,530452,24398,33,33,bbr1
0.710,25711,17,18720,41.3,39.0,20.2,104.4,3.3,530452,24401,33,33,bbr1
0.715,25791,17,18720,41.1,40.0,20.2,104.4,2.8,530452,24403,33,33,bbr1
0.723,25971,18,20160,41.2,41.4,20.2,104.4,2.2,536047,24406,33,33,bbr1
0.733,26027,18,21600,41.4,43.3,20.2,104.4,2.2,322658,24409,33,33,bbr1
0.743,18709,12,17280,41.1,42.4,20.2,104.4,2.3,322658,24410,33,33,bbr1
0.750,21557,14,15840,41.5,44.1,20.2,104.4,2.5,430211,24411,33,33,bbr1
0.757,24405,16,17280,42.0,45.0,20.2,104.4,2.7,430211,24414,33,33,bbr1
0.767,26027,18,18720,42.5,46.2,20.2,104.4,3.1,430211,24417,33,33,bbr1
0.773,26027,18,18720,43.1,47.7,20.2,104.4,3.6,430211,24419,33,33,bbr1
0.780,26027,18,18720,43.9,49.6,20.2,104.4,4.3,430211,24421,33,33,bbr1
0.787,26027,18,18720,44.6,49.0,20.2,104.4,4.5,430211,24423,33,33,bbr1
0.793,17285,12,17280,43.9,39.1,20.2,104.4,4.8,537763,24425,33,33,bbr1
0.801,20133,13,15840,43.7,42.7,20.2,104.4,3.9,537763,24426,33,33,bbr1
0.808,22981,15,17280,43.6,42.9,20.2,104.4,3.1,537763,24429,33,33,bbr1
0.817,25829,17,20160,43.6,43.0,20.2,104.4,2.5,537763,24433,33,33,bbr1
0.825,26027,18,20160,43.5,43.2,20.2,104.4,2.0,322658,24435,33,33,bbr1
0.829,26027,18,18720,43.5,43.3,20.2,104.4,1.5,322658,24436,33,33,bbr1
0.838,26027,18,18720,43.5,43.3,20.2,104.4,1.2,322658,24438,33,33,bbr1
0.842,17285,12,15840,42.9,39.3,20.2,104.4,1.9,322658,24439,33,33,bbr1
0.852,21557,14,14400,43.0,43.2,20.2,104.4,1.5,435046,24441,33,33,bbr1
0.863,24405,16,17280,43.2,44.7,20.2,104.4,1.6,435046,24445,33,33,bbr1
0.870,26222,18,17280,43.5,45.8,20.2,104.4,1.8,435046,24447,33,33,bbr1
0.876,26222,18,17280,43.6,44.2,20.2,104.4,1.5,543807,24449,33,33,bbr1
0.884,26222,18,18720,43.4,42.1,20.2,104.4,1.5,543807,24452,33,33,bbr1
0.895,18807,13,15840,42.6,39.9,20.2,104.4,2.3,543807,24454,33,33,bbr1
0.902,21655,15,17280,42.3,40.4,20.2,104.4,2.2,543807,24457,33,33,bbr1
0.911,24503,17,20160,42.1,40.7,20.2,104.4,2.1,543807,24461,33,33,bbr1
0.918,26222,18,20160,42.0,41.0,20.2,104.4,1.9,326284,24463,33,33,bbr1
0.923,26222,18,18720,42.0,41.9,20.2,104.4,1.4,326284,24464,33,33,bbr1
0.932,26222,18,18720,42.2,44.0,20.2,104.4,1.6,326284,24466,33,33,bbr1
0.940,17383,12,17280,41.9,39.4,20.2,104.4,1.9,333324,24468,33,33,bbr1
0.947,20231,14,15840,42.0,42.8,20.2,104.4,1.7,444433,24469,33,33,bbr1
0.957,23079,16,18720,42.4,45.4,20.2,104.4,2.1,444433,24473,33,33,bbr1
0.963,25927,18,18720,43.0,47.5,20.2,104.4,2.8,444433,24475,33,33,bbr1
0.969,26602,18,18720,43.6,47.2,20.2,104.4,3.2,555541,24477,33,33,bbr1
0.974,26602,18,18720,43.8,45.3,20.2,104.4,2.8,555541,24479,33,33,bbr1
0.982,26602,18,20160,43.7,43.3,20.2,104.4,2.2,555541,24482,33,33,bbr1
0.998,20421,14,17280,43.1,43.0,20.2,104.4,2.1,333324,24485,33,33,bbr1
1.007,23269,16,18720,43.2,43.4,20.2,104.4,1.7,333324,24488,33,33,bbr1
1.016,26602,18,17280,43.1,42.5,20.2,104.4,1.4,333324,24490,33,33,bbr1
1.023,26602,18,17280,43.3,44.5,20.2,104.4,1.4,444433,24492,33,33,bbr1
1.029,26602,18,17280,43.6,45.6,20.2,104.4,1.6,444433,24494,33,33,bbr1
1.036,26602,18,17280,44.1,47.9,20.2,104.4,2.3,444433,24496,33,33,bbr1
1.042,17573,12,15840,43.7,41.0,20.2,104.4,2.5,444841,24498,33,33,bbr1
1.051,20421,14,15840,43.6,42.5,20.2,104.4,2.2,444841,24500,33,33,bbr1
1.059,23269,16,17280,43.2,40.4,20.2,104.4,2.4,444841,24503,33,33,bbr1
1.065,26117,18,17280,42.7,39.7,20.2,104.4,2.7,556051,24505,33,33,bbr1
1.072,26618,18,18720,42.5,40.5,20.2,104.4,2.6,556051,24508,33,33,bbr1
1.080,26618,18,20160,42.2,40.7,20.2,104.4,2.4,556051,24511,33,33,bbr1
1.092,19005,13,18720,41.8,39.3,20.2,104.4,2.2,333630,24514,33,33,bbr1
1.099,21853,15,17280,41.8,42.0,20.2,104.4,1.7,333630,24515,33,33,bbr1
0.006,20444,14,0,43.4,39.3,20.2,104.4,3.2,556051,24519,33,33,bbr1
0.008,23022,15,0,41.4,27.6,20.2,104.4,6.3,556051,24521,33,33,bbr1
0.034,26618,18,12960,39.3,24.3,20.2,104.4,9.0,556051,24534,33,33,bbr1
0.044,26618,18,15840,38.0,29.2,20.2,104.4,9.3,556051,24538,33,33,bbr1
0.052,26618,18,17280,37.1,30.5,20.2,104.4,8.8,556051,24541,33,33,bbr1
0.060,26618,18,18720,36.5,32.7,20.2,104.4,7.7,556051,24544,33,33,bbr1
0.065,26618,18,18720,36.2,34.2,20.2,104.4,6.3,556051,24546,33,33,bbr1
0.073,26618,18,20160,36.2,35.8,20.2,104.4,4.9,556051,24549,33,33,bbr1
0.082,26618,18,21600,36.3,37.1,20.2,104.4,3.9,333630,24552,33,33,bbr1
0.086,26618,18,20160,36.7,39.4,20.2,104.4,3.7,333630,24553,33,33,bbr1
0.095,26618,18,20160,37.2,40.9,20.2,104.4,3.8,333630,24555,33,33,bbr1
0.099,26618,18,18720,37.9,42.7,20.2,104.4,4.2,333630,24556,33,33,bbr1
0.108,26618,18,18720,38.7,44.1,20.2,104.4,4.7,333630,24558,33,33,bbr1
0.117,26618,18,18720,39.6,46.0,20.2,104.4,5.4,333630,24560,33,33,bbr1
0.121,26618,18,17280,40.6,47.6,20.2,104.4,6.0,333630,24561,33,33,bbr1
0.129,26618,18,17280,41.6,48.8,20.2,104.4,6.6,444841,24563,33,33,bbr1
0.135,26618,18,17280,42.5,49.0,20.2,104.4,6.8,444841,24565,33,33,bbr1
0.141,26618,18,17280,43.1,47.5,20.2,104.4,6.3,444841,24567,33,33,bbr1
0.154,19005,13,14400,43.5,43.9,20.2,104.4,4.2,444841,24569,33,33,bbr1
0.164,21853,15,17280,43.4,42.1,20.2,104.4,3.5,444841,24573,33,33,bbr1
0.169,24701,17,17280,42.9,40.0,20.2,104.4,3.4,556051,24575,33,33,bbr1
0.174,26618,18,17280,42.7,40.8,20.2,104.4,3.1,556051,24577,33,33,bbr1
0.182,26618,18,18720,42.5,41.0,20.2,104.4,2.8,556051,24580,33,33,bbr1
0.190,26618,18,18720,41.4,34.2,20.2,104.4,4.1,556051,24583,33,33,bbr1
0.195,26618,18,20160,40.5,34.3,20.2,104.4,4.9,556051,24585,33,33,bbr1
0.207,19005,13,17280,40.0,38.2,20.2,104.4,3.7,333630,24587,33,33,bbr1
0.214,21853,15,17280,40.0,40.1,20.2,104.4,2.8,333630,24589,33,33,bbr1
0.223,24701,17,18720,40.1,41.1,20.2,104.4,2.4,444841,24592,33,33,bbr1
0.229,26618,18,18720,40.5,43.4,20.2,104.4,2.6,444841,24594,33,33,bbr1
0.236,26618,18,18720,41.1,45.0,20.2,104.4,3.1,444841,24596,33,33,bbr1
0.242,26618,18,18720,41.8,46.8,20.2,104.4,3.7,556051,24598,33,33,bbr1
0.253,19005,13,17335,41.6,41.0,20.2,104.4,2.4,563413,24602,33,33,bbr1
0.260,20429,14,18775,41.5,41.1,20.2,104.4,2.0,563413,24604,33,33,bbr1
0.265,26125,18,15895,41.1,38.3,20.2,104.4,2.3,563413,24606,33,33,bbr1
0.275,26856,18,20215,40.9,39.0,20.2,104.4,2.2,563413,24611,33,33,bbr1
0.285,26856,18,21655,40.9,41.0,20.2,104.4,1.7,338048,24614,33,33,bbr1
0.289,26856,18,20215,41.1,42.8,20.2,104.4,1.8,338048,24615,33,33,bbr1
0.306,20587,14,15840,41.1,41.1,20.2,104.4,1.0,346793,24617,33,33,bbr1
0.313,23435,16,17280,41.3,42.8,20.2,104.4,1.2,462391,24620,33,33,bbr1
0.323,26283,18,18720,42.2,47.8,20.2,104.4,2.5,462391,24623,33,33,bbr1
0.329,27327,18,18720,43.1,49.7,20.2,104.4,3.8,462391,24625,33,33,bbr1
0.335,27327,18,18720,44.1,51.2,20.2,104.4,4.9,577988,24627,33,33,bbr1
0.342,27327,18,20160,44.8,49.7,20.2,104.4,5.0,577988,24630,33,33,bbr1
0.357,22207,15,15840,43.7,40.8,20.2,104.4,4.7,577988,24633,33,33,bbr1
0.367,25055,17,20160,43.4,41.4,20.2,104.4,4.1,577988,24638,33,33,bbr1
0.375,27327,18,21600,43.3,42.1,20.2,104.4,3.4,577988,24641,33,33,bbr1
0.382,27327,18,21600,43.3,43.4,20.2,104.4,2.6,346793,24643,33,33,bbr1
0.390,27327,18,21600,43.5,45.2,20.2,104.4,2.4,346793,24645,33,33,bbr1
0.394,27327,18,20160,44.0,47.2,20.2,104.4,2.7,346793,24646,33,33,bbr1
0.411,20783,14,15840,44.0,46.3,20.2,104.4,2.7,346793,24648,33,33,bbr1
0.418,23631,16,17280,44.5,48.2,20.2,104.4,3.1,462391,24651,33,33,bbr1
0.424,26479,18,17280,45.2,50.1,20.2,104.4,3.7,462391,24653,33,33,bbr1
0.433,27327,18,18720,46.0,51.9,20.2,104.4,4.5,462391,24656,33,33,bbr1
0.439,27327,18,18720,46.6,50.3,20.2,104.4,4.4,577988,24658,33,33,bbr1
0.447,27327,18,20160,46.8,48.5,20.2,104.4,3.8,577988,24661,33,33,bbr1
0.462,20783,14,17280,45.4,42.4,20.2,104.4,4.4,577988,24664,33,33,bbr1
0.469,23631,16,18720,45.1,42.8,20.2,104.4,4.0,577988,24667,33,33,bbr1
0.477,26479,18,21600,44.9,43.5,20.2,104.4,3.4,577988,24671,33,33,bbr1
0.486,27327,18,23040,44.8,44.2,20.2,104.4,2.7,346793,24674,33,33,bbr1
0.490,27327,18,21600,45.0,46.1,20.2,104.4,2.4,346793,24675,33,33,bbr1
0.498,27327,18,21600,45.3,47.6,20.2,104.4,2.4,346793,24677,33,33,bbr1
0.507,27327,18,21600,45.9,49.8,20.2,104.4,2.9,346793,24679,33,33,bbr1
0.517,19359,13,17280,45.4,44.5,20.2,104.4,2.5,346793,24680,33,33,bbr1
0.522,22207,15,17280,45.7,48.0,20.2,104.4,2.5,462391,24682,33,33,bbr1
0.529,25055,17,18720,46.2,50.0,20.2,104.4,3.0,462391,24685,33,33,bbr1
0.535,27327,18,18720,46.9,51.9,20.2,104.4,3.7,462391,24687,33,33,bbr1
0.544,27327,18,20160,47.3,50.2,20.2,104.4,3.6,577988,24690,33,33,bbr1
0.552,27327,18,21600,47.6,49.1,20.2,104.4,3.1,577988,24693,33,33,bbr1
0.557,27327,18,21600,47.5,47.3,20.2,104.4,2.4,577988,24695,33,33,bbr1
0.577,22207,15,17280,46.4,45.7,20.2,104.4,2.4,346793,24698,33,33,bbr1
0.584,25055,17,18720,46.4,46.2,20.2,104.4,1.9,462391,24701,33,33,bbr1
0.593,27327,18,20160,46.4,46.7,20.2,104.4,1.5,462391,24704,33,33,bbr1
0.599,27327,18,20160,46.7,48.8,20.2,104.4,1.7,462391,24706,33,33,bbr1
0.606,27327,18,20160,47.2,50.6,20.2,104.4,2.3,462391,24708,33,33,bbr1
0.612,27327,18,20160,47.9,52.5,20.2,104.4,3.0,462391,24710,33,33,bbr1
0.618,27327,18,20160,48.7,54.4,20.2,104.4,3.9,462391,24712,33,33,bbr1
0.627,27327,18,21600,47.9,42.7,20.2,104.4,4.4,577988,24715,33,33,bbr1
0.638,19359,13,18720,47.5,46.3,20.2,104.4,3.2,346793,24717,33,33,bbr1
0.645,22207,15,17280,47.4,46.9,20.2,104.4,2.6,346793,24718,33,33,bbr1
0.652,25055,17,18720,47.4,47.6,20.2,104.4,2.0,462391,24721,33,33,bbr1
0.662,27327,18,20160,47.5,47.8,20.2,104.4,1.6,462391,24724,33,33,bbr1
0.668,27327,18,20160,47.7,48.9,20.2,104.4,1.5,462391,24726,33,33,bbr1
0.675,27327,18,20160,47.9,49.5,20.2,104.4,1.6,462391,24728,33,33,bbr1
0.680,27327,18,18720,48.1,50.0,20.2,104.4,1.7,462391,24730,33,33,bbr1
0.698,20783,14,15840,46.9,44.0,20.2,104.4,3.1,462391,24733,33,33,bbr1
0.707,23631,16,18720,46.6,44.6,20.2,104.4,2.9,462391,24737,33,33,bbr1
0.713,26479,18,18720,46.4,45.1,20.2,104.4,2.5,577988,24739,33,33,bbr1
0.721,27327,18,20160,46.3,45.9,20.2,104.4,2.0,577988,24742,33,33,bbr1
0.726,27327,18,20160,46.3,46.0,20.2,104.4,1.6,577988,24744,33,33,bbr1
0.733,27327,18,21600,46.4,47.0,20.2,104.4,1.4,577988,24747,33,33,bbr1
0.750,20783,14,18720,45.2,43.3,20.2,104.4,2.7,346793,24750,33,33,bbr1
0.756,23631,16,18720,45.1,44.0,20.2,104.4,2.3,346793,24752,33,33,bbr1
0.766,26479,18,20160,45.2,45.9,20.2,104.4,1.9,346793,24755,33,33,bbr1
0.770,27327,18,18720,45.5,47.5,20.2,104.4,2.0,346793,24756,33,33,bbr1
0.779,27327,18,18720,46.0,49.6,20.2,104.4,2.6,346793,24758,33,33,bbr1
0.787,27327,18,18720,46.7,51.5,20.2,104.4,3.3,346793,24760,33,33,bbr1
0.792,26450,18,17280,47.5,53.3,20.2,104.4,4.1,330517,24761,33,33,bbr1
0.799,17497,12,15840,47.3,46.2,20.2,104.4,3.4,445204,24763,33,33,bbr1
0.808,20345,14,15840,47.4,48.1,20.2,104.4,2.7,445204,24765,33,33,bbr1
0.816,23193,16,17280,47.3,46.5,20.2,104.4,2.3,445204,24768,33,33,bbr1
0.821,26041,18,17280,47.0,45.2,20.2,104.4,2.2,445204,24770,33,33,bbr1
0.831,26633,18,18720,46.6,43.5,20.2,104.4,2.6,445204,24773,33,33,bbr1
0.838,26633,18,18720,46.0,41.6,20.2,104.4,3.2,445204,24775,33,33,bbr1
0.841,26633,18,17280,45.2,39.6,20.2,104.4,4.0,445204,24776,33,33,bbr1
0.854,19012,13,14400,43.7,40.2,20.2,104.4,4.7,556505,24778,33,33,bbr1
0.862,21860,15,17280,43.3,40.3,20.2,104.4,4.3,556505,24782,33,33,bbr1
0.870,24708,17,18720,43.0,41.1,20.2,104.4,3.8,556505,24785,33,33,bbr1
0.875,26633,18,18720,42.8,41.4,20.2,104.4,3.3,556505,24787,33,33,bbr1
0.882,26633,18,20160,42.6,41.4,20.2,104.4,2.8,556505,24790,33,33,bbr1
0.892,26633,18,21600,42.6,42.0,20.2,104.4,2.3,333903,24793,33,33,bbr1
0.902,19012,13,17280,41.6,40.5,20.2,104.4,2.8,333903,24794,33,33,bbr1
0.909,21860,15,17280,41.7,42.7,20.2,104.4,2.4,445204,24796,33,33,bbr1
0.919,24708,17,20160,42.0,44.1,20.2,104.4,2.4,445204,24800,33,33,bbr1
0.925,26633,18,20160,42.5,46.0,20.2,104.4,2.8,445204,24802,33,33,bbr1
0.931,26633,18,20160,43.1,47.5,20.2,104.4,3.3,556505,24804,33,33,bbr1
0.938,26633,18,21600,43.9,48.9,20.2,104.4,3.9,556505,24807,33,33,bbr1
0.944,26633,18,21600,44.5,48.9,20.2,104.4,4.2,556505,24809,33,33,bbr1
0.953,26633,18,23040,44.3,42.7,20.2,104.4,3.6,333903,24812,33,33,bbr1
0.964,19012,13,18720,44.4,46.5,20.2,104.4,2.9,333903,24813,33,33,bbr1
0.970,21860,15,17280,44.7,46.8,20.2,104.4,2.8,333903,24814,33,33,bbr1
0.978,24708,17,18720,45.0,46.9,20.2,104.4,2.7,445204,24817,33,33,bbr1
0.984,26633,18,18720,45.5,48.9,20.2,104.4,3.0,445204,24819,33,33,bbr1
0.994,26633,18,20160,46.1,50.7,20.2,104.4,3.5,445204,24822,33,33,bbr1
1.001,26633,18,18720,46.8,51.4,20.2,104.4,4.0,445204,24824,33,33,bbr1
1.007,26633,18,18720,47.3,51.4,20.2,104.4,4.1,445204,24826,33,33,bbr1
1.013,17588,12,17280,46.6,41.1,20.2,104.4,4.7,556505,24828,33,33,bbr1
1.023,20436,14,15840,46.2,43.3,20.2,104.4,4.3,556505,24829,33,33,bbr1
1.031,23284,16,18720,45.9,44.2,20.2,104.4,3.7,556505,24833,33,33,bbr1
1.039,26132,18,20160,45.8,44.6,20.2,104.4,3.1,556505,24836,33,33,bbr1
1.046,26633,18,20160,45.6,44.9,20.2,104.4,2.6,333903,24838,33,33,bbr1
1.055,26633,18,20160,45.6,45.1,20.2,104.4,2.0,333903,24840,33,33,bbr1
1.059,26633,18,18720,45.6,45.4,20.2,104.4,1.6,333903,24841,33,33,bbr1
1.067,17588,12,17280,44.8,39.3,20.2,104.4,2.7,333903,24843,33,33,bbr1
1.075,20436,14,15840,44.7,44.4,20.2,104.4,2.2,445204,24844,33,33,bbr1
0.007,16577,11,0,44.6,39.4,20.2,104.4,2.7,445204,24847,34,34,bbr1
0.008,19155,13,0,42.7,29.4,20.2,104.4,5.8,556505,24849,34,34,bbr1
0.036,24851,17,14400,40.4,24.4,20.2,104.4,8.9,556505,24863,34,34,bbr1
0.044,26633,18,15840,39.0,29.4,20.2,104.4,9.4,556505,24866,34,34,bbr1
0.052,26633,18,17280,38.0,30.7,20.2,104.4,9.2,556505,24869,34,34,bbr1
0.060,26633,18,18720,37.4,32.9,20.2,104.4,8.1,556505,24872,34,34,bbr1
0.067,26633,18,20160,37.0,34.6,20.2,104.4,6.8,556505,24875,34,34,bbr1
0.075,26633,18,20160,36.9,36.3,20.2,104.4,5.3,333903,24877,34,34,bbr1
0.079,26633,18,18720,37.0,37.4,20.2,104.4,4.1,333903,24878,34,34,bbr1
0.087,26633,18,18720,37.3,39.4,20.2,104.4,3.7,333903,24880,34,34,bbr1
0.096,26633,18,18720,37.7,40.7,20.2,104.4,3.6,333903,24882,34,34,bbr1
0.100,26633,18,17280,38.4,42.9,20.2,104.4,4.0,333903,24883,34,34,bbr1
0.108,26633,18,17280,39.1,44.1,20.2,104.4,4.4,445204,24885,34,34,bbr1
0.114,26633,18,17280,40.0,46.3,20.2,104.4,5.1,445204,24887,34,34,bbr1
0.121,26633,18,17280,40.9,47.4,20.2,104.4,5.7,445204,24889,34,34,bbr1
0.127,26633,18,17280,41.6,46.2,20.2,104.4,5.6,445204,24891,34,34,bbr1
0.133,26633,18,17280,41.9,44.1,20.2,104.4,4.8,445204,24893,34,34,bbr1
0.143,26633,18,18720,41.9,42.2,20.2,104.4,3.7,445204,24896,34,34,bbr1
0.154,19012,13,15840,41.7,40.9,20.2,104.4,2.5,445204,24898,34,34,bbr1
0.161,21860,15,17280,41.7,41.6,20.2,104.4,1.9,445204,24901,34,34,bbr1
0.171,24708,17,18720,41.7,41.9,20.2,104.4,1.5,445204,24904,34,34,bbr1
0.176,26633,18,18720,41.7,42.1,20.2,104.4,1.2,445204,24906,34,34,bbr1
0.183,26633,18,18720,41.9,42.7,20.2,104.4,1.2,445204,24908,34,34,bbr1
0.189,26633,18,17280,41.8,41.6,20.2,104.4,0.9,556505,24910,34,34,bbr1
0.197,26633,18,18720,41.3,37.6,20.2,104.4,1.8,556505,24913,34,34,bbr1
0.210,19012,13,17280,41.3,41.7,20.2,104.4,1.1,333903,24916,34,34,bbr1
0.217,21860,15,17280,41.4,41.7,20.2,104.4,0.9,333903,24918,34,34,bbr1
0.228,24708,17,18720,41.5,42.5,20.2,104.4,1.0,333903,24921,34,34,bbr1
0.232,26633,18,17280,41.6,42.7,20.2,104.4,1.0,333903,24922,34,34,bbr1
0.240,26633,18,17280,42.0,44.6,20.2,104.4,1.5,445204,24924,34,34,bbr1
0.246,26633,18,17280,42.5,46.2,20.2,104.4,2.2,445204,24926,34,34,bbr1
0.252,26633,18,17280,43.2,47.9,20.2,104.4,3.0,445204,24928,34,34,bbr1
0.265,19012,13,14400,43.3,44.2,20.2,104.4,2.0,445204,24930,34,34,bbr1
0.275,21860,15,17280,43.1,42.1,20.2,104.4,1.8,441292,24934,34,34,bbr1
0.282,24708,17,17280,42.8,40.8,20.2,104.4,1.9,441292,24936,34,34,bbr1
0.288,26475,18,17280,42.6,41.0,20.2,104.4,1.9,441292,24938,34,34,bbr1
0.295,26475,18,17280,42.5,41.6,20.2,104.4,1.7,441292,24940,34,34,bbr1
0.301,26475,18,17280,42.4,41.9,20.2,104.4,1.4,441292,24942,34,34,bbr1
0.313,18933,13,14455,41.3,39.6,20.2,104.4,2.5,441292,24945,34,34,bbr1
0.323,21781,15,17335,41.2,39.9,20.2,104.4,2.2,441292,24949,34,34,bbr1
0.329,24629,17,17335,41.0,40.0,20.2,104.4,2.0,551615,24951,34,34,bbr1
0.334,26475,18,17335,41.0,40.6,20.2,104.4,1.6,551615,24953,34,34,bbr1
0.342,26475,18,18775,40.9,40.9,20.2,104.4,1.2,551615,24956,34,34,bbr1
0.347,26475,18,18775,40.9,41.0,20.2,104.4,0.9,551615,24958,34,34,bbr1
0.361,20396,14,15840,40.1,38.1,20.2,104.4,2.0,330969,24961,34,34,bbr1
0.370,23244,16,17280,39.9,39.1,20.2,104.4,1.7,330969,24964,34,34,bbr1
0.379,26092,18,17280,40.0,40.7,20.2,104.4,1.5,330969,24966,34,34,bbr1
0.386,26475,18,17280,40.3,42.4,20.2,104.4,1.7,441292,24968,34,34,bbr1
0.393,26475,18,17280,40.7,43.5,20.2,104.4,2.1,441292,24970,34,34,bbr1
0.399,26475,18,17280,41.3,45.7,20.2,104.4,2.8,441292,24972,34,34,bbr1
0.406,17509,12,15840,41.3,41.0,20.2,104.4,2.2,441292,24974,34,34,bbr1
0.414,20357,14,15840,41.4,42.5,20.2,104.4,2.0,441292,24976,34,34,bbr1
0.422,23205,16,17280,41.4,40.7,20.2,104.4,1.7,441292,24979,34,34,bbr1
0.429,26053,18,17280,40.9,37.9,20.2,104.4,2.1,441292,24981,34,34,bbr1
0.435,26475,18,17280,40.8,40.2,20.2,104.4,1.7,441292,24983,34,34,bbr1
0.442,26475,18,17280,40.8,40.6,20.2,104.4,1.4,441292,24985,34,34,bbr1
0.455,18933,13,15840,40.6,39.4,20.2,104.4,1.1,433515,24988,34,34,bbr1
0.462,21781,15,17280,40.7,41.5,20.2,104.4,1.1,433515,24991,34,34,bbr1
0.471,24629,17,18720,40.9,41.8,20.2,104.4,1.1,541893,24994,34,34,bbr1
0.477,26160,18,18720,41.0,42.0,20.2,104.4,1.1,541893,24996,34,34,bbr1
0.485,26160,18,20160,41.2,42.5,20.2,104.4,1.2,541893,24999,34,34,bbr1
0.492,26160,18,20160,41.4,42.9,20.2,104.4,1.3,325136,25001,34,34,bbr1
0.507,20200,14,15840,41.4,42.7,20.2,104.4,1.5,337301,25003,34,34,bbr1
0.514,23048,16,17280,41.6,43.2,20.2,104.4,1.6,449735,25006,34,34,bbr1
0.520,25896,17,17280,41.7,42.4,20.2,104.4,1.4,449735,25008,34,34,bbr1
0.527,26816,18,17280,42.0,44.6,20.2,104.4,1.8,449735,25010,34,34,bbr1
0.533,26816,18,17280,42.5,45.8,20.2,104.4,2.3,449735,25012,34,34,bbr1
0.540,26816,18,17280,42.9,45.8,20.2,104.4,2.5,449735,25014,34,34,bbr1
0.546,17680,12,15840,42.3,37.7,20.2,104.4,3.2,449735,25016,34,34,bbr1
0.556,20528,14,15840,42.0,40.0,20.2,104.4,3.0,449735,25018,34,34,bbr1
0.566,23376,16,18720,41.8,40.8,20.2,104.4,2.5,449735,25022,34,34,bbr1
0.572,26224,18,18720,41.8,41.4,20.2,104.4,2.0,562168,25024,34,34,bbr1
0.577,26816,18,18720,41.8,41.7,20.2,104.4,1.5,562168,25026,34,34,bbr1
0.585,26816,18,20160,41.8,41.7,20.2,104.4,1.1,562168,25029,34,34,bbr1
0.597,20528,14,17335,41.6,39.3,20.2,104.4,1.5,337301,25033,34,34,bbr1
0.608,23376,16,18775,41.8,43.2,20.2,104.4,1.5,337301,25036,34,34,bbr1
0.615,26224,18,18775,42.0,43.4,20.2,104.4,1.5,337301,25038,34,34,bbr1
0.624,26816,18,18775,42.4,45.4,20.2,104.4,2.0,337301,25040,34,34,bbr1
0.628,26816,18,17335,43.0,47.0,20.2,104.4,2.7,337301,25041,34,34,bbr1
0.636,26816,18,17335,43.7,48.5,20.2,104.4,3.4,449735,25043,34,34,bbr1
0.642,26816,18,17335,44.5,50.0,20.2,104.4,4.1,449735,25045,34,34,bbr1
0.656,19143,13,15895,45.1,46.3,20.2,104.4,3.4,449735,25049,34,34,bbr1
0.662,21991,15,17335,45.2,45.3,20.2,104.4,2.6,449735,25052,34,34,bbr1
0.672,24839,17,18775,44.9,43.3,20.2,104.4,2.4,449735,25055,34,34,bbr1
0.678,26816,18,18775,44.6,42.0,20.2,104.4,2.5,449735,25057,34,34,bbr1
0.684,26816,18,18775,44.3,42.1,20.2,104.4,2.5,449735,25059,34,34,bbr1
0.691,26816,18,17335,43.9,41.4,20.2,104.4,2.6,449735,25061,34,34,bbr1
0.705,19143,13,15840,43.1,41.2,20.2,104.4,2.8,562168,25064,34,34,bbr1
0.712,21991,15,17280,42.9,41.7,20.2,104.4,2.5,562168,25067,34,34,bbr1
0.721,24839,17,20160,42.8,42.5,20.2,104.4,2.0,562168,25071,34,34,bbr1
0.728,26816,18,20160,42.8,42.7,20.2,104.4,1.5,337301,25073,34,34,bbr1
0.736,26816,18,20160,42.9,43.4,20.2,104.4,1.3,337301,25075,34,34,bbr1
0.741,26816,18,18720,43.0,43.8,20.2,104.4,1.2,337301,25076,34,34,bbr1
0.749,17680,12,17280,42.6,39.5,20.2,104.4,1.7,337301,25078,34,34,bbr1
0.757,20528,14,15840,42.6,42.8,20.2,104.4,1.4,449735,25079,34,34,bbr1
0.767,23376,16,18720,43.1,46.3,20.2,104.4,1.9,449735,25083,34,34,bbr1
0.773,26224,18,18720,43.6,47.6,20.2,104.4,2.6,449735,25085,34,34,bbr1
0.779,26816,18,18720,44.1,47.6,20.2,104.4,2.9,449735,25087,34,34,bbr1
0.786,26816,18,18720,44.4,46.3,20.2,104.4,2.7,449735,25089,34,34,bbr1
0.792,26816,18,18720,44.4,44.3,20.2,104.4,2.1,449735,25091,34,34,bbr1
0.799,17680,12,17280,43.8,39.4,20.2,104.4,2.8,449735,25093,34,34,bbr1
0.808,20528,14,15840,43.7,43.2,20.2,104.4,2.3,449735,25094,34,34,bbr1
0.818,23376,16,18720,43.6,43.4,20.2,104.4,1.8,449735,25098,34,34,bbr1
0.824,26224,18,18720,43.7,44.1,20.2,104.4,1.4,562168,25100,34,34,bbr1
0.829,26816,18,18720,43.8,44.4,20.2,104.4,1.3,562168,25102,34,34,bbr1
0.836,26816,18,20160,43.9,44.9,20.2,104.4,1.2,562168,25105,34,34,bbr1
0.846,26816,18,21600,44.1,45.4,20.2,104.4,1.3,337301,25108,34,34,bbr1
0.859,20528,14,15840,43.5,43.1,20.2,104.4,1.7,337301,25109,34,34,bbr1
0.867,23376,16,17280,43.2,41.7,20.2,104.4,1.7,449735,25112,34,34,bbr1
0.873,26224,18,17280,43.3,43.6,20.2,104.4,1.4,449735,25114,34,34,bbr1
0.880,26816,18,17280,43.5,44.7,20.2,104.4,1.4,449735,25116,34,34,bbr1
0.886,26816,18,17280,43.9,46.9,20.2,104.4,1.9,449735,25118,34,34,bbr1
0.892,26816,18,17280,44.4,48.2,20.2,104.4,2.5,449735,25120,34,34,bbr1
0.899,17680,12,15840,43.6,37.7,20.2,104.4,3.6,449735,25122,34,34,bbr1
0.909,20528,14,15840,43.2,40.4,20.2,104.4,3.5,449735,25124,34,34,bbr1
0.919,23376,16,18720,42.9,40.7,20.2,104.4,3.2,449735,25128,34,34,bbr1
0.925,26224,18,18720,42.7,41.4,20.2,104.4,2.8,449735,25130,34,34,bbr1
0.932,26816,18,18720,42.6,41.6,20.2,104.4,2.4,449735,25132,34,34,bbr1
0.938,26816,18,18720,42.5,42.2,20.2,104.4,1.9,449735,25134,34,34,bbr1
0.950,20528,14,14400,42.1,39.4,20.2,104.4,1.8,562168,25136,34,34,bbr1
0.960,23376,16,18720,42.3,43.2,20.2,104.4,1.7,562168,25141,34,34,bbr1
0.968,26224,18,20160,42.4,43.4,20.2,104.4,1.5,562168,25144,34,34,bbr1
0.978,26816,18,21600,42.6,44.2,20.2,104.4,1.6,337301,25147,34,34,bbr1
0.982,26816,18,20160,42.9,44.5,20.2,104.4,1.6,337301,25148,34,34,bbr1
0.991,26816,18,20160,43.1,45.0,20.2,104.4,1.8,337301,25150,34,34,bbr1
0.995,26544,18,18720,42.6,39.3,20.2,104.4,2.3,332256,25151,34,34,bbr1
1.008,18968,13,15840,43.2,46.1,20.2,104.4,2.3,332256,25153,34,34,bbr1
1.016,21816,15,17280,43.8,47.7,20.2,104.4,2.9,443008,25156,34,34,bbr1
1.022,26088,18,15840,44.4,48.7,20.2,104.4,3.4,443008,25158,34,34,bbr1
1.033,26544,18,17280,44.7,46.8,20.2,104.4,3.2,443008,25161,34,34,bbr1
1.039,26544,18,17280,44.7,44.8,20.2,104.4,2.4,443008,25163,34,34,bbr1
1.045,26544,18,17280,44.6,43.5,20.2,104.4,2.1,443008,25165,34,34,bbr1
1.052,26544,18,17280,43.7,37.6,20.2,104.4,3.3,443008,25167,34,34,bbr1
1.065,18968,13,14400,42.9,40.6,20.2,104.4,3.2,443008,25169,34,34,bbr1
1.075,21816,15,17280,42.7,40.9,20.2,104.4,2.9,443008,25173,34,34,bbr1
1.082,24664,17,17280,42.4,40.9,20.2,104.4,2.6,443008,25175,34,34,bbr1
1.088,26544,18,17280,42.3,41.7,20.2,104.4,2.1,443008,25177,34,34,bbr1
1.094,26481,18,17280,42.3,42.0,20.2,104.4,1.7,441437,25179,34,34,bbr1
1.101,26481,18,17280,42.3,41.9,20.2,104.4,1.4,441437,25181,34,34,bbr1
1.107,26481,18,17280,41.5,35.9,20.2,104.4,2.6,441437,25183,34,34,bbr1
1.120,18936,13,14400,41.1,40.0,20.2,104.4,2.1,551796,25185,34,34,bbr1
0.006,16122,11,0,40.6,41.8,20.2,104.4,1.5,551796,25191,35,35,bbr1
0.006,18699,12,0,39.1,28.9,20.2,104.4,4.1,551796,25193,35,35,bbr1
0.033,24395,16,12960,37.4,25.0,20.2,104.4,6.6,551796,25206,35,35,bbr1
0.045,26481,18,17280,36.4,29.9,20.2,104.4,6.8,551796,25211,35,35,bbr1
0.051,26481,18,17280,35.8,31.2,20.2,104.4,6.4,551796,25213,35,35,bbr1
0.059,26481,18,18720,35.4,32.7,20.2,104.4,5.6,551796,25216,35,35,bbr1
0.066,26481,18,20160,35.3,35.0,20.2,104.4,4.3,551796,25219,35,35,bbr1
0.073,26481,18,20160,35.4,35.8,20.2,104.4,3.3,331077,25221,35,35,bbr1
0.077,26481,18,18720,35.8,38.2,20.2,104.4,3.2,331077,25222,35,35,bbr1
0.086,26481,18,18720,36.3,39.8,20.2,104.4,3.4,331077,25224,35,35,bbr1
0.095,26481,18,18720,36.8,40.9,20.2,104.4,3.7,331077,25226,35,35,bbr1
0.099,26481,18,17280,37.6,42.6,20.2,104.4,4.2,331077,25227,35,35,bbr1
0.107,26481,18,17280,38.4,44.1,20.2,104.4,4.8,441437,25229,35,35,bbr1
0.114,26481,18,17280,39.4,46.2,20.2,104.4,5.6,441437,25231,35,35,bbr1
0.120,26481,18,17280,40.4,47.4,20.2,104.4,6.2,441437,25233,35,35,bbr1
0.126,26481,18,17280,41.1,46.1,20.2,104.4,6.1,441437,25235,35,35,bbr1
0.133,26481,18,17280,41.5,44.1,20.2,104.4,5.3,441437,25237,35,35,bbr1
0.139,26481,18,17280,41.5,42.1,20.2,104.4,4.1,441437,25239,35,35,bbr1
0.153,18936,13,14400,41.3,40.9,20.2,104.4,2.7,441437,25241,35,35,bbr1
0.163,21784,15,17280,41.3,41.0,20.2,104.4,2.1,441437,25245,35,35,bbr1
0.169,24632,17,17280,41.3,41.5,20.2,104.4,1.6,441437,25247,35,35,bbr1
0.176,26481,18,17280,41.4,41.8,20.2,104.4,1.3,441437,25249,35,35,bbr1
0.182,26481,18,17280,41.5,42.0,20.2,104.4,1.1,441437,25251,35,35,bbr1
0.189,26481,18,15840,40.6,34.2,20.2,104.4,2.7,441437,25253,35,35,bbr1
0.192,26481,18,15840,39.8,34.3,20.2,104.4,3.6,441437,25254,35,35,bbr1
0.206,18936,13,14400,39.4,38.2,20.2,104.4,2.7,441437,25257,35,35,bbr1
0.216,21784,15,17280,39.2,38.2,20.2,104.4,2.3,441437,25261,35,35,bbr1
0.222,24632,17,17280,39.2,38.9,20.2,104.4,1.8,551796,25263,35,35,bbr1
0.227,26481,18,17280,39.2,39.3,20.2,104.4,1.4,551796,25265,35,35,bbr1
0.235,26481,18,18720,39.2,39.3,20.2,104.4,1.1,551796,25268,35,35,bbr1
0.240,26481,18,18720,39.3,39.9,20.2,104.4,1.0,551796,25270,35,35,bbr1
0.248,26481,18,20160,38.9,35.9,20.2,104.4,1.6,551796,25273,35,35,bbr1
0.261,18936,13,18720,39.1,39.9,20.2,104.4,1.3,331077,25276,35,35,bbr1
0.267,21784,15,17280,39.3,41.0,20.2,104.4,1.4,331077,25277,35,35,bbr1
0.275,24632,17,18720,39.7,42.7,20.2,104.4,1.9,441437,25280,35,35,bbr1
0.282,26481,18,18720,40.4,44.8,20.2,104.4,2.7,441437,25282,35,35,bbr1
0.288,26481,18,18720,41.1,46.2,20.2,104.4,3.5,441437,25284,35,35,bbr1
0.298,26481,18,20160,41.9,47.6,20.2,104.4,4.2,441437,25287,35,35,bbr1
0.305,26481,18,20160,42.9,49.7,20.2,104.4,5.1,441437,25289,35,35,bbr1
0.316,18936,13,17280,43.2,42.9,20.2,104.4,3.6,441437,25291,35,35,bbr1
0.323,21784,15,17280,43.5,45.3,20.2,104.4,3.2,441437,25293,35,35,bbr1
0.330,26056,18,17280,43.6,44.4,20.2,104.4,2.7,441437,25296,35,35,bbr1
0.339,26481,18,18720,43.5,43.0,20.2,104.4,2.2,441437,25299,35,35,bbr1
0.346,26481,18,17280,43.5,43.4,20.2,104.4,1.6,441437,25301,35,35,bbr1
0.352,26481,18,17280,43.5,43.6,20.2,104.4,1.2,441437,25303,35,35,bbr1
0.359,26481,18,17280,42.8,37.5,20.2,104.4,2.4,441437,25305,35,35,bbr1
0.374,18936,13,14400,42.1,42.3,20.2,104.4,2.5,441437,25307,35,35,bbr1
0.384,21784,15,17280,42.0,41.3,20.2,104.4,2.0,441437,25311,35,35,bbr1
0.389,24632,17,17280,41.9,41.5,20.2,104.4,1.6,551796,25313,35,35,bbr1
0.395,26481,18,17280,42.1,43.2,20.2,104.4,1.6,551796,25315,35,35,bbr1
0.402,26481,18,18720,42.3,44.0,20.2,104.4,1.7,551796,25318,35,35,bbr1
0.410,26044,18,20160,42.6,44.3,20.2,104.4,1.7,538306,25321,35,35,bbr1
0.422,18718,12,17335,41.5,39.6,20.2,104.4,2.8,322983,25324,35,35,bbr1
0.428,21566,14,15895,41.3,40.0,20.2,104.4,2.4,322983,25325,35,35,bbr1
0.436,24414,16,17335,41.1,39.9,20.2,104.4,2.2,430645,25328,35,35,bbr1
0.443,26044,18,17335,41.3,42.8,20.2,104.4,2.1,430645,25330,35,35,bbr1
0.450,26044,18,17335,41.8,44.9,20.2,104.4,2.4,430645,25332,35,35,bbr1
0.456,26044,18,17335,42.4,46.4,20.2,104.4,3.0,430645,25334,35,35,bbr1
0.463,25805,17,17335,43.0,47.5,20.2,104.4,3.5,424728,25336,35,35,bbr1
0.470,17213,11,15840,42.5,39.4,20.2,104.4,3.5,443803,25338,35,35,bbr1
0.480,20061,13,14400,42.4,41.8,20.2,104.4,2.9,443803,25339,35,35,bbr1
0.490,22909,15,17280,42.4,41.9,20.2,104.4,2.3,443803,25343,35,35,bbr1
0.496,25757,17,17280,42.3,41.7,20.2,104.4,1.9,443803,25345,35,35,bbr1
0.503,26576,18,17280,42.3,42.4,20.2,104.4,1.4,443803,25347,35,35,bbr1
0.510,26576,18,17280,42.3,42.6,20.2,104.4,1.1,443803,25349,35,35,bbr1
0.516,17560,12,15840,41.3,34.4,20.2,104.4,2.9,443803,25351,35,35,bbr1
0.522,18984,13,17280,40.5,34.5,20.2,104.4,3.8,443803,25353,35,35,bbr1
0.529,21832,15,17280,40.2,38.2,20.2,104.4,3.5,443803,25355,35,35,bbr1
0.535,24680,17,17280,40.0,38.3,20.2,104.4,3.1,443803,25357,35,35,bbr1
0.542,26576,18,17280,39.8,38.8,20.2,104.4,2.6,443803,25359,35,35,bbr1
0.548,26576,18,17280,39.7,38.6,20.2,104.4,2.3,443803,25361,35,35,bbr1
0.555,26576,18,17280,39.6,39.4,20.2,104.4,1.8,443803,25363,35,35,bbr1
0.567,18984,13,14400,39.7,40.1,20.2,104.4,1.1,554753,25365,35,35,bbr1
0.575,21832,15,17280,39.8,40.4,20.2,104.4,1.0,554753,25369,35,35,bbr1
0.583,24680,17,18720,39.9,40.7,20.2,104.4,1.0,554753,25372,35,35,bbr1
0.588,26576,18,18720,40.0,40.8,20.2,104.4,1.0,554753,25374,35,35,bbr1
0.596,26576,18,20160,40.2,41.6,20.2,104.4,1.1,554753,25377,35,35,bbr1
0.605,26576,18,21600,40.4,41.9,20.2,104.4,1.3,332852,25380,35,35,bbr1
0.610,26576,18,20160,39.9,35.9,20.2,104.4,2.1,332852,25381,35,35,bbr1
0.622,18984,13,17280,40.3,42.7,20.2,104.4,2.1,332852,25383,35,35,bbr1
0.629,21832,15,17280,40.8,44.1,20.2,104.4,2.5,443803,25385,35,35,bbr1
0.639,24680,17,20160,41.5,46.0,20.2,104.4,3.2,443803,25389,35,35,bbr1
0.646,26576,18,20160,42.2,47.6,20.2,104.4,3.9,443803,25391,35,35,bbr1
0.652,26576,18,20160,43.0,48.8,20.2,104.4,4.6,443803,25393,35,35,bbr1
0.658,26576,18,20160,43.8,48.9,20.2,104.4,4.9,443803,25395,35,35,bbr1
0.665,26576,18,20160,44.2,47.5,20.2,104.4,4.6,443803,25397,35,35,bbr1
0.677,20408,14,15840,44.4,44.4,20.2,104.4,2.8,443803,25399,35,35,bbr1
0.018,15985,11,0,44.4,40.7,20.2,104.4,2.1,554753,25401,36,36,bbr1
0.006,5760,4,0,43.9,40.9,20.2,104.4,2.4,443803,25403,36,36,bbr1
0.033,5760,4,2880,41.6,24.9,20.2,104.4,6.6,443803,25408,36,36,bbr1
0.040,5760,4,4320,39.9,28.4,20.2,104.4,8.2,443803,25411,36,36,bbr1
0.059,5760,4,2880,37.5,20.8,20.2,104.4,10.9,443803,25413,36,36,bbr1
0.066,5760,4,4320,35.5,20.9,20.2,104.4,12.4,443803,25416,36,36,bbr1
0.085,5760,4,2880,33.6,20.7,20.2,104.4,12.9,443803,25418,36,36,bbr1
0.091,5760,4,4320,32.0,20.9,20.2,104.4,12.9,443803,25421,36,36,bbr1
0.110,5760,4,2880,30.6,20.7,20.2,104.4,12.5,443803,25423,36,36,bbr1
0.117,5760,4,4320,29.4,20.9,20.2,104.4,11.8,443803,25426,36,36,bbr1
0.136,5760,4,2880,28.3,20.8,20.2,104.4,11.0,443803,25428,36,36,bbr1
0.143,5760,4,4320,27.4,21.0,20.2,104.4,10.1,443803,25431,36,36,bbr1
0.162,5760,4,2880,26.6,20.8,20.2,104.4,9.2,443803,25433,36,36,bbr1
0.169,5760,4,4320,25.9,20.9,20.2,104.4,8.3,443803,25436,36,36,bbr1
0.188,5760,4,2880,25.2,20.7,20.2,104.4,7.5,433028,25438,36,36,bbr1
0.195,10840,7,4320,24.7,21.0,20.2,104.4,6.7,433028,25441,36,36,bbr1
0.214,15112,10,7200,24.2,21.1,20.2,104.4,5.9,433028,25446,36,36,bbr1
0.221,17960,12,8640,23.8,21.1,20.2,104.4,5.2,433028,25449,36,36,bbr1
0.228,20808,14,8640,23.5,21.2,20.2,104.4,4.6,433028,25451,36,36,bbr1
0.234,22232,15,10080,23.2,21.3,20.2,104.4,4.0,433028,25453,36,36,bbr1
0.244,26504,18,10080,23.0,21.6,20.2,104.4,3.4,433028,25456,36,36,bbr1
0.251,26575,18,10080,22.9,21.6,20.2,104.4,2.9,433028,25458,36,36,bbr1
0.258,26575,18,10080,22.7,21.9,20.2,104.4,2.4,433028,25460,36,36,bbr1
0.265,26575,18,10080,22.7,22.2,20.2,104.4,1.9,433028,25462,36,36,bbr1
0.271,26575,18,10080,22.6,22.3,20.2,104.4,1.6,433028,25464,36,36,bbr1
0.277,26575,18,10080,22.6,22.5,20.2,104.4,1.2,541285,25466,36,36,bbr1
0.282,26575,18,10080,22.6,22.5,20.2,104.4,0.9,541285,25468,36,36,bbr1
0.290,26575,18,11520,22.6,22.5,20.2,104.4,0.7,541285,25471,36,36,bbr1
0.299,26379,18,12960,22.6,22.6,20.2,104.4,0.5,535373,25474,36,36,bbr1
0.304,26379,18,12960,22.7,23.6,20.2,104.4,0.7,535373,25476,36,36,bbr1
0.312,26379,18,14400,23.0,25.4,20.2,104.4,1.2,535373,25479,36,36,bbr1
0.317,26379,18,14400,23.5,27.0,20.2,104.4,1.9,535373,25481,36,36,bbr1
0.325,26379,18,15840,24.1,28.0,20.2,104.4,2.5,535373,25484,36,36,bbr1
0.331,26379,18,15840,24.8,29.4,20.2,104.4,3.2,535373,25486,36,36,bbr1
0.339,26379,18,17280,25.6,31.4,20.2,104.4,4.1,535373,25489,36,36,bbr1
0.344,26379,18,17280,26.5,32.9,20.2,104.4,4.9,535373,25491,36,36,bbr1
0.352,26379,18,18720,27.4,34.0,20.2,104.4,5.5,535373,25494,36,36,bbr1
0.357,26379,18,18720,28.5,35.8,20.2,104.4,6.3,535373,25496,36,36,bbr1
0.365,26379,18,20160,29.6,37.3,20.2,104.4,6.9,535373,25499,36,36,bbr1
0.375,26379,18,21600,30.7,38.3,20.2,104.4,7.4,321224,25502,36,36,bbr1
0.380,26379,18,20160,31.8,39.9,20.2,104.4,7.8,321224,25503,36,36,bbr1
0.389,26379,18,20160,33.1,41.8,20.2,104.4,8.4,321224,25505,36,36,bbr1
0.393,26379,18,18720,34.3,43.0,20.2,104.4,8.7,321224,25506,36,36,bbr1
0.402,27025,18,17280,35.5,43.8,20.2,104.4,8.9,332924,25508,36,36,bbr1
0.410,27025,18,17280,36.7,44.8,20.2,104.4,9.0,443899,25510,36,36,bbr1
0.421,19208,13,14400,39.2,48.3,20.2,104.4,9.6,443899,25512,36,36,bbr1
0.431,22056,15,17280,40.1,45.9,20.2,104.4,8.8,443899,25516,36,36,bbr1
0.438,24904,17,17280,40.5,43.9,20.2,104.4,7.6,443899,25518,36,36,bbr1
0.444,27025,18,17280,40.7,41.9,20.2,104.4,6.0,443899,25520,36,36,bbr1
0.450,27025,18,17280,40.6,40.0,20.2,104.4,4.7,443899,25522,36,36,bbr1
0.457,27025,18,17280,40.5,39.9,20.2,104.4,3.7,443899,25524,36,36,bbr1
0.463,27025,18,17280,40.0,35.9,20.2,104.4,3.9,443899,25526,36,36,bbr1
0.469,27025,18,17280,39.9,39.6,20.2,104.4,3.0,554873,25528,36,36,bbr1
0.477,27025,18,18720,39.9,40.0,20.2,104.4,2.3,554873,25531,36,36,bbr1
0.484,27025,18,20160,39.9,39.8,20.2,104.4,1.7,554873,25534,36,36,bbr1
0.490,27025,18,20160,40.0,40.7,20.2,104.4,1.5,554873,25536,36,36,bbr1
0.499,27025,18,21600,40.1,40.9,20.2,104.4,1.3,332924,25539,36,36,bbr1
0.504,27025,18,20160,40.2,40.9,20.2,104.4,1.2,332924,25540,36,36,bbr1
0.512,27025,18,20160,40.4,41.8,20.2,104.4,1.3,332924,25542,36,36,bbr1
0.523,19208,13,17280,41.3,45.1,20.2,104.4,2.3,332924,25544,36,36,bbr1
0.530,22056,15,17280,42.0,46.6,20.2,104.4,3.1,443899,25546,36,36,bbr1
0.538,24904,17,18720,42.8,48.4,20.2,104.4,3.9,443899,25549,36,36,bbr1
0.545,27025,18,18720,43.6,49.5,20.2,104.4,4.6,443899,25551,36,36,bbr1
0.551,27025,18,18720,44.4,49.9,20.2,104.4,5.1,443899,25553,36,36,bbr1
0.561,27095,18,18720,44.5,45.6,20.2,104.4,4.1,445594,25556,36,36,bbr1
0.573,19243,13,15840,43.7,41.0,20.2,104.4,3.7,445594,25558,36,36,bbr1
0.580,22091,15,17280,43.7,43.4,20.2,104.4,2.9,445594,25561,36,36,bbr1
0.589,24939,17,18720,43.7,43.7,20.2,104.4,2.2,445594,25564,36,36,bbr1
0.596,27095,18,18720,43.7,43.7,20.2,104.4,1.6,445594,25566,36,36,bbr1
0.603,27095,18,18720,43.8,44.5,20.2,104.4,1.4,445594,25568,36,36,bbr1
0.609,27095,18,18720,43.9,44.9,20.2,104.4,1.3,445594,25570,36,36,bbr1
0.615,27095,18,17280,43.4,39.4,20.2,104.4,2.1,445594,25572,36,36,bbr1
0.631,19243,13,15840,43.3,43.3,20.2,104.4,1.3,556992,25575,36,36,bbr1
0.638,22091,15,17280,43.4,43.9,20.2,104.4,1.2,556992,25578,36,36,bbr1
0.647,24939,17,20160,43.5,44.3,20.2,104.4,1.1,556992,25582,36,36,bbr1
0.652,27095,18,20160,43.6,44.4,20.2,104.4,1.1,556992,25584,36,36,bbr1
0.660,27095,18,21600,43.8,45.1,20.2,104.4,1.2,556992,25587,36,36,bbr1
0.670,27095,18,23040,44.0,45.4,20.2,104.4,1.3,334195,25590,36,36,bbr1
0.674,27095,18,20160,43.4,39.4,20.2,104.4,2.1,334195,25591,36,36,bbr1
0.687,27095,18,21600,43.3,42.8,20.2,104.4,1.7,334195,25594,36,36,bbr1
0.691,27095,18,20160,43.7,46.1,20.2,104.4,2.0,334195,25595,36,36,bbr1
0.699,27095,18,20160,44.2,47.7,20.2,104.4,2.5,334195,25597,36,36,bbr1
0.704,27095,18,18720,44.8,49.5,20.2,104.4,3.2,334195,25598,36,36,bbr1
0.717,19243,13,15840,46.2,50.6,20.2,104.4,4.2,334195,25600,36,36,bbr1
0.724,22091,15,17280,46.8,50.6,20.2,104.4,4.3,445594,25603,36,36,bbr1
0.731,24939,17,17280,47.1,49.3,20.2,104.4,3.8,445594,25605,36,36,bbr1
0.738,27095,18,17280,47.1,47.2,20.2,104.4,2.9,445594,25607,36,36,bbr1
0.744,27095,18,17280,46.9,45.8,20.2,104.4,2.5,445594,25609,36,36,bbr1
0.751,27095,18,17280,46.6,44.0,20.2,104.4,2.6,445594,25611,36,36,bbr1
0.757,27095,18,15840,45.5,37.7,20.2,104.4,4.2,445594,25613,36,36,bbr1
0.770,27095,18,18720,44.8,40.4,20.2,104.4,4.4,445594,25617,36,36,bbr1
0.776,27095,18,18720,44.3,40.7,20.2,104.4,4.3,445594,25619,36,36,bbr1
0.783,27095,18,18720,43.9,40.8,20.2,104.4,4.1,445594,25621,36,36,bbr1
0.789,27095,18,18720,43.6,41.5,20.2,104.4,3.7,445594,25623,36,36,bbr1
0.801,19243,13,15840,43.2,42.3,20.2,104.4,2.7,556992,25625,36,36,bbr1
0.808,22091,15,17280,43.1,42.7,20.2,104.4,2.1,556992,25628,36,36,bbr1
0.817,24939,17,20160,43.1,43.0,20.2,104.4,1.6,556992,25632,36,36,bbr1
0.822,27095,18,20160,43.1,43.1,20.2,104.4,1.2,556992,25634,36,36,bbr1
0.829,27095,18,21600,43.2,43.9,20.2,104.4,1.1,556992,25637,36,36,bbr1
0.839,27095,18,23040,43.3,44.1,20.2,104.4,1.1,334195,25640,36,36,bbr1
0.843,27095,18,20160,42.8,39.1,20.2,104.4,1.8,334195,25641,36,36,bbr1
0.856,27095,18,21600,42.8,42.9,20.2,104.4,1.4,334195,25644,36,36,bbr1
0.866,19243,13,17280,43.7,47.6,20.2,104.4,2.4,334195,25645,36,36,bbr1
0.873,22091,15,17280,44.4,49.2,20.2,104.4,3.2,445594,25647,36,36,bbr1
0.883,26363,18,18720,45.1,50.0,20.2,104.4,3.8,445594,25651,36,36,bbr1
0.889,27095,18,18720,45.9,51.6,20.2,104.4,4.5,445594,25653,36,36,bbr1
0.895,27095,18,18720,46.4,50.0,20.2,104.4,4.4,445594,25655,36,36,bbr1
0.902,27095,18,18720,46.6,48.1,20.2,104.4,3.7,445594,25657,36,36,bbr1
0.912,27095,18,18720,45.9,41.0,20.2,104.4,4.2,445594,25660,36,36,bbr1
0.921,27095,18,20160,45.3,41.1,20.2,104.4,4.3,556992,25663,36,36,bbr1
0.009,14292,9,0,43.3,23.1,20.2,104.4,7.1,445594,25667,36,36,bbr1
0.005,16870,11,0,41.9,31.7,20.2,104.4,8.2,445594,25669,36,36,bbr1
0.032,21142,14,11520,39.6,23.6,20.2,104.4,10.7,556992,25680,36,36,bbr1
0.040,23990,16,12960,37.9,26.2,20.2,104.4,11.4,556992,25683,36,36,bbr1
0.045,26838,18,12960,36.5,26.7,20.2,104.4,11.3,556992,25685,36,36,bbr1
0.053,27095,18,14400,35.3,27.1,20.2,104.4,10.9,556992,25688,36,36,bbr1
0.060,27095,18,15840,34.3,27.4,20.2,104.4,10.1,556992,25691,36,36,bbr1
0.065,27095,18,15840,33.7,29.2,20.2,104.4,8.9,556992,25693,36,36,bbr1
0.073,27095,18,17280,33.3,30.5,20.2,104.4,7.5,556992,25696,36,36,bbr1
0.081,27095,18,18720,33.2,32.5,20.2,104.4,5.8,556992,25699,36,36,bbr1
0.086,27095,18,18720,33.2,33.6,20.2,104.4,4.5,556992,25701,36,36,bbr1
0.094,27095,18,20160,33.6,35.9,20.2,104.4,4.0,556992,25704,36,36,bbr1
0.102,27095,18,21600,34.0,37.4,20.2,104.4,3.9,556992,25707,36,36,bbr1
0.108,26991,18,21600,34.7,39.3,20.2,104.4,4.3,332302,25709,36,36,bbr1
0.117,26991,18,21600,35.5,40.8,20.2,104.4,4.7,332302,25711,36,36,bbr1
0.121,26991,18,20160,36.3,42.0,20.2,104.4,5.2,332302,25712,36,36,bbr1
0.130,26991,18,20160,37.3,44.1,20.2,104.4,5.8,332302,25714,36,36,bbr1
0.135,26991,18,18720,38.3,45.9,20.2,104.4,6.5,332302,25715,36,36,bbr1
0.147,19191,13,15840,40.7,49.2,20.2,104.4,7.8,332302,25717,36,36,bbr1
0.155,22039,15,17280,42.0,50.9,20.2,104.4,8.4,443070,25720,36,36,bbr1
0.162,24887,17,17280,43.1,50.8,20.2,104.4,8.5,443070,25722,36,36,bbr1
0.168,26991,18,17280,43.8,49.0,20.2,104.4,7.9,443070,25724,36,36,bbr1
0.178,26991,18,18720,44.2,47.2,20.2,104.4,6.7,443070,25727,36,36,bbr1
0.185,26991,18,18720,44.3,45.1,20.2,104.4,5.3,443070,25729,36,36,bbr1
0.191,26991,18,17280,43.9,40.9,20.2,104.4,4.8,443070,25731,36,36,bbr1
0.204,19191,13,14400,43.0,40.1,20.2,104.4,4.3,443070,25733,36,36,bbr1
0.214,22039,15,17280,42.8,41.0,20.2,104.4,3.7,443070,25737,36,36,bbr1
0.221,24887,17,17280,42.6,41.2,20.2,104.4,3.2,443070,25739,36,36,bbr1
0.227,26991,18,17280,42.4,41.6,20.2,104.4,2.6,443070,25741,36,36,bbr1
0.233,26991,18,17280,42.3,41.5,20.2,104.4,2.2,443070,25743,36,36,bbr1
0.240,26991,18,17280,42.3,42.4,20.2,104.4,1.6,443070,25745,36,36,bbr1
0.245,17767,12,15840,41.8,37.8,20.2,104.4,2.4,553837,25747,36,36,bbr1
0.254,20615,14,15840,41.3,37.9,20.2,104.4,2.7,553837,25749,36,36,bbr1
0.262,23463,16,18720,41.1,39.8,20.2,104.4,2.4,553837,25753,36,36,bbr1
0.270,26991,18,18720,40.4,35.6,20.2,104.4,3.2,553837,25756,36,36,bbr1
0.277,26991,18,20160,39.8,35.9,20.2,104.4,3.5,553837,25759,36,36,bbr1
0.287,26991,18,21600,39.6,38.0,20.2,104.4,3.1,332302,25762,36,36,bbr1
0.291,26991,18,20160,39.6,39.7,20.2,104.4,2.3,332302,25763,36,36,bbr1
0.303,19191,13,17280,39.8,42.5,20.2,104.4,2.5,332302,25765,36,36,bbr1
0.310,22039,15,17280,40.3,44.2,20.2,104.4,3.0,443070,25767,36,36,bbr1
0.317,24887,17,18720,40.9,45.4,20.2,104.4,3.5,443070,25770,36,36,bbr1
0.327,26991,18,20160,41.8,47.5,20.2,104.4,4.3,443070,25773,36,36,bbr1
0.333,26991,18,20160,42.7,49.1,20.2,104.4,5.0,443070,25775,36,36,bbr1
0.340,26991,18,20160,43.5,48.9,20.2,104.4,5.3,443070,25777,36,36,bbr1
0.346,26991,18,18720,43.2,41.2,20.2,104.4,4.6,443070,25779,36,36,bbr1
0.356,26991,18,20160,42.9,41.0,20.2,104.4,4.0,443070,25782,36,36,bbr1
0.366,19191,13,17335,43.2,44.5,20.2,104.4,2.8,443070,25785,36,36,bbr1
0.373,22039,15,17335,43.4,44.8,20.2,104.4,2.5,443070,25787,36,36,bbr1
0.383,24887,17,20215,43.6,44.9,20.2,104.4,2.2,443070,25791,36,36,bbr1
0.389,26991,18,20215,43.8,45.5,20.2,104.4,2.2,553837,25793,36,36,bbr1
0.394,26991,18,20215,44.1,45.6,20.2,104.4,2.1,553837,25795,36,36,bbr1
0.402,26991,18,21655,44.3,46.2,20.2,104.4,2.1,553837,25798,36,36,bbr1
0.410,26991,18,23095,44.6,46.6,20.2,104.4,2.1,553837,25801,36,36,bbr1
0.417,26991,18,23040,44.4,42.9,20.2,104.4,2.1,332302,25803,36,36,bbr1
0.425,26991,18,23040,44.2,42.9,20.2,104.4,1.9,332302,25805,36,36,bbr1
0.435,19191,13,18720,44.8,46.9,20.2,104.4,2.1,332302,25806,36,36,bbr1
0.442,22039,15,17280,45.3,48.7,20.2,104.4,2.6,332302,25807,36,36,bbr1
0.450,24887,17,18720,45.9,49.8,20.2,104.4,3.1,432533,25810,36,36,bbr1
0.457,26554,18,18720,46.6,51.9,20.2,104.4,3.8,432533,25812,36,36,bbr1
0.463,26554,18,18720,47.5,53.6,20.2,104.4,4.6,432533,25814,36,36,bbr1
0.470,26554,18,18720,48.4,54.7,20.2,104.4,5.2,432533,25816,36,36,bbr1
0.476,26554,18,18720,49.0,53.5,20.2,104.4,5.2,432533,25818,36,36,bbr1
0.490,18973,13,15840,47.9,42.7,20.2,104.4,5.0,432533,25820,36,36,bbr1
0.497,21821,15,17280,47.6,45.1,20.2,104.4,4.4,432533,25823,36,36,bbr1
0.506,24669,17,18720,47.3,45.1,20.2,104.4,3.9,432533,25826,36,36,bbr1
0.513,26554,18,17280,46.8,43.7,20.2,104.4,3.8,432533,25828,36,36,bbr1
0.520,26554,18,17280,46.5,44.3,20.2,104.4,3.5,432533,25830,36,36,bbr1
0.527,26554,18,17280,46.2,44.5,20.2,104.4,3.1,432533,25832,36,36,bbr1
0.533,26554,18,17280,45.2,37.6,20.2,104.4,4.5,540666,25834,36,36,bbr1
0.546,18973,13,15840,44.2,41.4,20.2,104.4,4.1,540666,25837,36,36,bbr1
0.553,21821,15,17280,43.9,41.5,20.2,104.4,3.8,540666,25840,36,36,bbr1
0.562,24669,17,20160,43.6,41.5,20.2,104.4,3.4,540666,25844,36,36,bbr1
0.570,26554,18,20160,43.4,41.9,20.2,104.4,3.0,324399,25846,36,36,bbr1
0.574,26554,18,18720,43.2,41.9,20.2,104.4,2.6,324399,25847,36,36,bbr1
0.583,26554,18,18720,43.2,43.0,20.2,104.4,2.0,324399,25849,36,36,bbr1
0.587,17549,12,15840,42.7,39.1,20.2,104.4,2.5,324399,25850,36,36,bbr1
0.598,20397,14,15840,42.7,42.8,20.2,104.4,1.9,432533,25852,36,36,bbr1
0.606,23245,16,17280,43.0,45.2,20.2,104.4,2.1,432533,25855,36,36,bbr1
0.612,26093,18,17280,43.3,45.4,20.2,104.4,2.2,432533,25857,36,36,bbr1
0.618,26554,18,17280,43.7,46.5,20.2,104.4,2.4,432533,25859,36,36,bbr1
0.625,26554,18,17280,43.8,44.8,20.2,104.4,2.1,432533,25861,36,36,bbr1
0.635,26554,18,18720,43.7,42.8,20.2,104.4,1.8,432533,25864,36,36,bbr1
0.646,18973,13,15895,43.0,42.0,20.2,104.4,2.2,432533,25867,36,36,bbr1
0.652,21821,15,17335,42.9,41.9,20.2,104.4,1.9,432533,25870,36,36,bbr1
0.662,24669,17,18775,42.8,42.5,20.2,104.4,1.5,432533,25873,36,36,bbr1
0.668,26554,18,18775,42.8,42.7,20.2,104.4,1.2,540666,25875,36,36,bbr1
0.674,26554,18,18775,42.8,42.9,20.2,104.4,0.9,540666,25877,36,36,bbr1
0.679,26554,18,18775,42.6,41.3,20.2,104.4,1.0,540666,25879,36,36,bbr1
0.687,26554,18,18720,42.0,37.6,20.2,104.4,2.0,540666,25882,36,36,bbr1
0.702,18973,13,17335,41.8,41.5,20.2,104.4,1.4,324399,25886,36,36,bbr1
0.709,21821,15,17335,41.8,41.6,20.2,104.4,1.1,324399,25888,36,36,bbr1
0.720,24669,17,18775,41.9,42.7,20.2,104.4,1.0,324399,25891,36,36,bbr1
0.725,26554,18,17335,42.3,44.7,20.2,104.4,1.5,324399,25892,36,36,bbr1
0.733,26554,18,17335,42.8,46.2,20.2,104.4,2.1,432533,25894,36,36,bbr1
0.739,26554,18,17335,43.4,47.7,20.2,104.4,2.8,432533,25896,36,36,bbr1
0.745,26554,18,17335,44.1,49.2,20.2,104.4,3.6,432533,25898,36,36,bbr1
0.752,26554,18,17280,43.9,42.9,20.2,104.4,3.0,432533,25900,36,36,bbr1
0.764,18973,13,14400,43.7,42.1,20.2,104.4,2.2,432533,25902,36,36,bbr1
0.774,21821,15,17280,43.3,40.1,20.2,104.4,2.5,432533,25906,36,36,bbr1
0.781,24669,17,17280,42.9,40.1,20.2,104.4,2.7,430523,25908,36,36,bbr1
0.786,26471,18,17280,42.6,40.6,20.2,104.4,2.6,538153,25910,36,36,bbr1
0.792,26471,18,17280,42.4,40.7,20.2,104.4,2.4,538153,25912,36,36,bbr1
0.800,26471,18,18720,42.2,41.0,20.2,104.4,2.2,538153,25915,36,36,bbr1
0.805,26471,18,18720,41.4,36.0,20.2,104.4,3.2,538153,25917,36,36,bbr1
0.819,18931,13,17280,41.0,39.8,20.2,104.4,2.5,322892,25920,36,36,bbr1
0.825,21779,15,17280,40.9,40.0,20.2,104.4,2.1,322805,25922,36,36,bbr1
0.833,24627,17,17280,40.9,41.0,20.2,104.4,1.6,322805,25924,36,36,bbr1
0.842,26466,18,17280,41.2,42.9,20.2,104.4,1.7,322805,25926,36,36,bbr1
0.846,26466,18,15840,41.5,44.2,20.2,104.4,2.0,430407,25927,36,36,bbr1
0.855,27112,18,15840,41.9,44.5,20.2,104.4,2.3,445994,25930,36,36,bbr1
0.862,27112,18,15840,41.8,41.0,20.2,104.4,1.9,445994,25932,36,36,bbr1
0.875,19252,13,14400,41.5,40.0,20.2,104.4,1.7,557492,25935,36,36,bbr1
0.883,22100,15,17280,41.0,38.0,20.2,104.4,2.1,557492,25939,36,36,bbr1
0.891,24948,17,18720,40.7,38.6,20.2,104.4,2.2,557492,25942,36,36,bbr1
0.006,21244,14,0,40.7,44.3,20.2,104.4,2.7,557492,25944,37,37,bbr1
0.007,23821,16,0,39.2,28.1,20.2,104.4,5.1,557492,25946,37,37,bbr1
0.035,27112,18,14400,37.4,25.1,20.2,104.4,7.4,557492,25960,37,37,bbr1
0.046,27112,18,17280,36.5,30.2,20.2,104.4,7.3,557492,25964,37,37,bbr1
0.051,27112,18,17280,35.9,31.3,20.2,104.4,6.8,557492,25966,37,37,bbr1
0.059,27112,18,18720,35.6,33.6,20.2,104.4,5.7,557492,25969,37,37,bbr1
0.067,27112,18,20160,35.5,35.2,20.2,104.4,4.3,557492,25972,37,37,bbr1
0.072,27112,18,20160,35.7,36.8,20.2,104.4,3.6,557492,25974,37,37,bbr1
0.079,27112,18,21600,36.0,38.2,20.2,104.4,3.3,557492,25977,37,37,bbr1
0.089,27112,18,23040,36.5,40.3,20.2,104.4,3.5,334495,25980,37,37,bbr1
0.093,27112,18,21600,37.2,42.0,20.2,104.4,4.0,334495,25981,37,37,bbr1
0.102,27112,18,21600,38.0,43.7,20.2,104.4,4.6,334495,25983,37,37,bbr1
0.106,27112,18,20160,38.9,45.1,20.2,104.4,5.2,334495,25984,37,37,bbr1
0.115,27112,18,20160,39.9,47.1,20.2,104.4,6.0,334495,25986,37,37,bbr1
0.123,27112,18,20160,41.0,48.7,20.2,104.4,6.7,334495,25988,37,37,bbr1
0.128,27112,18,18720,42.1,49.9,20.2,104.4,7.2,334495,25989,37,37,bbr1
0.136,27112,18,18720,43.4,52.0,20.2,104.4,7.9,334495,25991,37,37,bbr1
0.140,27112,18,17280,44.6,53.3,20.2,104.4,8.4,334495,25992,37,37,bbr1
0.154,19252,13,14400,46.1,49.9,20.2,104.4,7.2,445994,25994,37,37,bbr1
0.164,22100,15,17280,46.4,48.5,20.2,104.4,6.0,445994,25998,37,37,bbr1
0.170,24948,17,17280,46.4,46.8,20.2,104.4,4.6,445994,26000,37,37,bbr1
0.176,27112,18,17280,46.2,45.0,20.2,104.4,3.8,445994,26002,37,37,bbr1
0.183,27112,18,17280,45.8,43.1,20.2,104.4,3.7,445994,26004,37,37,bbr1
0.189,27112,18,14400,44.4,34.2,20.2,104.4,5.7,445994,26006,37,37,bbr1
0.202,27112,18,17280,43.6,38.0,20.2,104.4,5.8,557492,26010,37,37,bbr1
0.214,19252,13,14400,42.4,38.8,20.2,104.4,5.3,557492,26012,37,37,bbr1
0.221,22100,15,17280,42.0,39.1,20.2,104.4,4.8,557492,26016,37,37,bbr1
0.229,24948,17,18720,41.6,39.2,20.2,104.4,4.3,557492,26019,37,37,bbr1
0.234,27112,18,18720,41.4,40.0,20.2,104.4,3.6,557492,26021,37,37,bbr1
0.242,27112,18,20160,41.3,40.4,20.2,104.4,3.0,557492,26024,37,37,bbr1
0.250,27112,18,21600,41.4,42.0,20.2,104.4,2.4,557492,26027,37,37,bbr1
0.257,27112,18,20160,40.9,37.7,20.2,104.4,2.7,334495,26029,37,37,bbr1
0.272,22100,15,14400,40.7,39.9,20.2,104.4,1.9,352320,26031,37,37,bbr1
0.283,24948,17,17280,40.8,41.1,20.2,104.4,1.5,469760,26035,37,37,bbr1
0.289,27796,19,17280,41.3,45.0,20.2,104.4,2.2,469760,26037,37,37,bbr1
0.299,28096,19,18720,41.9,46.6,20.2,104.4,3.0,469760,26040,37,37,bbr1
0.305,28096,19,18720,42.7,47.9,20.2,104.4,3.7,469760,26042,37,37,bbr1
0.310,28096,19,18720,43.2,46.6,20.2,104.4,3.8,587200,26044,37,37,bbr1
0.317,28096,19,20160,42.7,39.3,20.2,104.4,3.8,587200,26047,37,37,bbr1
0.331,19744,13,18720,42.4,41.9,20.2,104.4,2.6,352320,26050,37,37,bbr1
0.337,22592,15,17280,42.2,41.0,20.2,104.4,2.3,352320,26051,37,37,bbr1
0.345,25440,17,18720,42.4,43.1,20.2,104.4,1.9,352320,26054,37,37,bbr1
0.349,28096,19,17280,42.3,42.3,20.2,104.4,1.4,352320,26055,37,37,bbr1
0.356,28096,19,17280,42.5,43.4,20.2,104.4,1.4,469760,26057,37,37,bbr1
0.366,28096,19,18720,42.9,45.8,20.2,104.4,1.9,469760,26060,37,37,bbr1
0.371,28096,19,18720,43.5,47.8,20.2,104.4,2.6,469760,26062,37,37,bbr1
0.378,28096,19,18720,43.4,43.0,20.2,104.4,2.1,469760,26064,37,37,bbr1
0.390,19744,13,15840,43.2,43.2,20.2,104.4,1.6,469760,26066,37,37,bbr1
0.397,22592,15,17280,43.0,41.9,20.2,104.4,1.5,469760,26069,37,37,bbr1
0.406,25440,17,18720,42.9,42.5,20.2,104.4,1.3,469760,26072,37,37,bbr1
0.411,28096,19,18720,43.0,43.1,20.2,104.4,1.0,587200,26074,37,37,bbr1
0.418,28096,19,20160,43.1,44.0,20.2,104.4,1.0,587200,26077,37,37,bbr1
0.425,28096,19,21600,43.3,44.7,20.2,104.4,1.2,587200,26080,37,37,bbr1
0.441,21168,14,18720,42.8,42.8,20.2,104.4,1.4,352320,26083,37,37,bbr1
0.448,24016,16,18720,43.0,44.1,20.2,104.4,1.4,352320,26085,37,37,bbr1
0.458,26864,18,20160,43.1,44.4,20.2,104.4,1.4,352320,26088,37,37,bbr1
0.462,28096,19,18720,43.6,46.8,20.2,104.4,2.0,352320,26089,37,37,bbr1
0.470,28096,19,18720,44.2,48.4,20.2,104.4,2.7,352320,26091,37,37,bbr1
0.478,28096,19,18720,45.0,50.7,20.2,104.4,3.6,352320,26093,37,37,bbr1
0.482,28096,19,17280,46.0,52.8,20.2,104.4,4.7,352320,26094,37,37,bbr1
0.489,28096,19,15840,46.0,46.1,20.2,104.4,3.6,469760,26096,37,37,bbr1
0.506,19744,13,15840,46.1,44.8,20.2,104.4,2.8,587200,26100,37,37,bbr1
0.511,22592,15,17280,45.8,43.7,20.2,104.4,2.7,587200,26103,37,37,bbr1
0.518,25440,17,18720,45.4,42.5,20.2,104.4,2.8,587200,26106,37,37,bbr1
0.526,28096,19,20160,44.8,41.0,20.2,104.4,3.2,587200,26109,37,37,bbr1
0.533,28096,19,21600,44.3,40.9,20.2,104.4,3.4,587200,26112,37,37,bbr1
0.542,28096,19,23040,44.0,41.4,20.2,104.4,3.3,352320,26115,37,37,bbr1
0.547,28096,19,20160,43.2,37.7,20.2,104.4,4.0,352320,26116,37,37,bbr1
0.563,19744,13,18720,43.4,45.0,20.2,104.4,2.8,352320,26119,37,37,bbr1
0.570,22592,15,17280,43.8,46.9,20.2,104.4,3.0,352320,26120,37,37,bbr1
0.577,25440,17,18720,44.4,48.6,20.2,104.4,3.4,469760,26123,37,37,bbr1
0.586,28096,19,20160,45.2,50.8,20.2,104.4,4.2,469760,26126,37,37,bbr1
0.592,28096,19,20160,46.2,52.8,20.2,104.4,5.0,469760,26128,37,37,bbr1
0.598,28096,19,20160,47.0,53.0,20.2,104.4,5.5,469760,26130,37,37,bbr1
0.604,28096,19,20160,47.5,51.2,20.2,104.4,5.1,587200,26132,37,37,bbr1
0.618,19744,13,18720,46.8,42.8,20.2,104.4,4.3,352320,26135,37,37,bbr1
0.624,22592,15,17280,46.7,45.9,20.2,104.4,3.5,352320,26136,37,37,bbr1
0.633,25440,17,18720,46.6,46.4,20.2,104.4,2.6,352320,26139,37,37,bbr1
0.641,28096,19,18720,46.6,46.8,20.2,104.4,2.0,352320,26141,37,37,bbr1
0.645,28096,19,17280,46.8,47.8,20.2,104.4,1.8,352320,26142,37,37,bbr1
0.652,28096,19,17280,47.0,48.7,20.2,104.4,1.8,469760,26144,37,37,bbr1
0.662,28096,19,18720,47.5,50.7,20.2,104.4,2.3,469760,26147,37,37,bbr1
0.667,18320,12,17280,46.7,41.0,20.2,104.4,3.3,469760,26149,37,37,bbr1
0.671,19744,13,17280,46.0,41.1,20.2,104.4,3.9,469760,26150,37,37,bbr1
0.677,22592,15,17280,45.6,43.1,20.2,104.4,3.6,469760,26152,37,37,bbr1
0.686,25440,17,18720,45.1,41.5,20.2,104.4,3.8,469760,26155,37,37,bbr1
0.691,28096,19,18720,44.5,40.3,20.2,104.4,4.0,587200,26157,37,37,bbr1
0.699,28096,19,20160,44.1,41.1,20.2,104.4,3.8,587200,26160,37,37,bbr1
0.706,28096,19,21600,43.7,41.4,20.2,104.4,3.5,587200,26163,37,37,bbr1
0.725,22592,15,17280,43.6,44.1,20.2,104.4,1.9,352320,26166,37,37,bbr1
0.734,25440,17,18720,43.8,44.9,20.2,104.4,1.7,352320,26169,37,37,bbr1
0.742,28096,19,18720,44.0,46.1,20.2,104.4,1.9,352320,26171,37,37,bbr1
0.746,28096,19,17280,44.5,48.1,20.2,104.4,2.4,352320,26172,37,37,bbr1
0.753,28096,19,17280,45.2,49.8,20.2,104.4,3.1,469760,26174,37,37,bbr1
0.763,28096,19,18720,46.0,51.7,20.2,104.4,4.0,469760,26177,37,37,bbr1
0.768,28096,19,18720,47.0,53.9,20.2,104.4,5.0,469760,26179,37,37,bbr1
0.780,19744,13,15840,46.3,44.8,20.2,104.4,4.0,446133,26181,37,37,bbr1
0.787,22592,15,17280,45.9,43.1,20.2,104.4,3.8,446133,26184,37,37,bbr1
0.796,25440,17,18720,45.4,42.2,20.2,104.4,3.8,446133,26187,37,37,bbr1
0.803,27117,18,18720,45.1,43.1,20.2,104.4,3.4,446133,26189,37,37,bbr1
0.809,27117,18,18720,44.9,43.3,20.2,104.4,3.0,446133,26191,37,37,bbr1
0.816,27117,18,18720,44.8,44.4,20.2,104.4,2.4,446133,26193,37,37,bbr1
0.821,17830,12,17280,44.2,39.5,20.2,104.4,3.1,557666,26195,37,37,bbr1
0.830,20678,14,15840,43.8,41.1,20.2,104.4,3.1,557666,26196,37,37,bbr1
0.838,23526,16,18720,43.5,41.6,20.2,104.4,2.9,557666,26200,37,37,bbr1
0.846,26374,18,20160,43.3,42.2,20.2,104.4,2.5,557666,26203,37,37,bbr1
0.851,27117,18,20160,43.2,42.3,20.2,104.4,2.1,557666,26205,37,37,bbr1
0.858,27117,18,21600,43.2,43.0,20.2,104.4,1.6,557666,26208,37,37,bbr1
0.868,27117,18,23040,43.2,43.4,20.2,104.4,1.3,334599,26211,37,37,bbr1
0.881,20678,14,17335,42.9,44.3,20.2,104.4,1.8,334599,26213,37,37,bbr1
0.889,23526,16,18775,43.3,46.1,20.2,104.4,2.2,446133,26216,37,37,bbr1
0.895,26374,18,18775,43.8,47.5,20.2,104.4,2.7,446133,26218,37,37,bbr1
0.902,27117,18,18775,44.5,49.4,20.2,104.4,3.4,446133,26220,37,37,bbr1
0.912,27117,18,20215,45.3,51.0,20.2,104.4,4.2,446133,26223,37,37,bbr1
0.918,27117,18,20215,46.2,52.2,20.2,104.4,4.8,446133,26225,37,37,bbr1
0.924,27117,18,20215,47.0,52.3,20.2,104.4,5.2,446133,26227,37,37,bbr1
0.931,27117,18,20160,46.4,42.8,20.2,104.4,4.9,446133,26229,37,37,bbr1
0.943,19254,13,17280,46.2,45.9,20.2,104.4,3.1,557666,26231,37,37,bbr1
0.950,22102,15,17280,46.3,46.3,20.2,104.4,2.3,557666,26233,37,37,bbr1
0.958,24950,17,20160,46.3,46.7,20.2,104.4,1.9,557666,26237,37,37,bbr1
0.965,27117,18,21600,46.4,46.9,20.2,104.4,1.5,557666,26240,37,37,bbr1
0.973,27117,18,21600,46.5,47.5,20.2,104.4,1.4,334599,26242,37,37,bbr1
0.005,26514,18,0,46.5,44.1,20.2,104.4,2.4,431555,26245,37,37,bbr1
0.008,26514,18,0,44.2,27.9,20.2,104.4,6.5,431555,26247,37,37,bbr1
0.035,26514,18,10080,41.6,23.8,20.2,104.4,9.9,539443,26258,37,37,bbr1
0.045,26514,18,12960,39.9,27.4,20.2,104.4,11.0,539443,26262,37,37,bbr1
0.053,26514,18,14400,38.3,27.6,20.2,104.4,11.3,539443,26265,37,37,bbr1
0.059,26514,18,14400,37.0,27.8,20.2,104.4,11.1,539443,26267,37,37,bbr1
0.067,26514,18,15840,36.0,28.6,20.2,104.4,10.5,539443,26270,37,37,bbr1
0.072,26514,18,15840,35.2,30.0,20.2,104.4,9.3,539443,26272,37,37,bbr1
0.080,26514,18,17280,34.7,31.4,20.2,104.4,8.0,539443,26275,37,37,bbr1
0.088,26514,18,18720,34.5,32.6,20.2,104.4,6.5,539443,26278,37,37,bbr1
0.093,26514,18,18720,34.4,34.0,20.2,104.4,5.0,539443,26280,37,37,bbr1
0.101,26514,18,20160,34.6,35.6,20.2,104.4,4.0,539443,26283,37,37,bbr1
0.108,26514,18,20160,34.9,37.3,20.2,104.4,3.7,323666,26285,37,37,bbr1
0.113,26514,18,18720,35.4,39.1,20.2,104.4,3.8,323666,26286,37,37,bbr1
0.122,26514,18,18720,36.1,40.6,20.2,104.4,4.2,323666,26288,37,37,bbr1
0.131,26514,18,18720,36.8,41.7,20.2,104.4,4.5,323666,26290,37,37,bbr1
0.135,26514,18,17280,37.6,43.2,20.2,104.4,5.0,323666,26291,37,37,bbr1
0.143,26514,18,17280,38.5,45.1,20.2,104.4,5.6,431555,26293,37,37,bbr1
0.154,18953,13,14400,40.6,47.9,20.2,104.4,6.8,431555,26295,37,37,bbr1
0.161,21801,15,15840,41.3,46.2,20.2,104.4,6.5,431555,26298,37,37,bbr1
0.171,24649,17,17280,41.6,44.1,20.2,104.4,5.6,431555,26301,37,37,bbr1
0.178,26514,18,17280,41.7,42.0,20.2,104.4,4.3,431555,26303,37,37,bbr1
0.184,26514,18,17280,41.5,39.9,20.2,104.4,3.7,431555,26305,37,37,bbr1
0.191,26514,18,15840,40.5,34.0,20.2,104.4,4.6,431555,26307,37,37,bbr1
0.194,26514,18,15840,39.7,34.1,20.2,104.4,5.1,431555,26308,37,37,bbr1
0.201,16105,11,15840,39.4,37.5,20.2,104.4,4.3,431555,26310,37,37,bbr1
0.207,18953,13,14400,39.2,37.8,20.2,104.4,3.7,431555,26311,37,37,bbr1
0.214,21801,15,15840,39.1,37.9,20.2,104.4,3.1,431555,26314,37,37,bbr1
0.221,24649,17,15840,39.0,38.2,20.2,104.4,2.5,431555,26316,37,37,bbr1
0.227,26514,18,15840,38.9,38.2,20.2,104.4,2.1,539443,26318,37,37,bbr1
0.235,26514,18,17280,38.8,38.2,20.2,104.4,1.7,539443,26321,37,37,bbr1
0.243,26514,18,18720,38.7,38.3,20.2,104.4,1.4,539443,26324,37,37,bbr1
0.255,18953,13,15895,38.8,39.0,20.2,104.4,0.9,539443,26327,37,37,bbr1
0.262,21801,15,17335,38.8,39.1,20.2,104.4,0.7,539443,26330,37,37,bbr1
0.271,24649,17,20215,38.9,39.3,20.2,104.4,0.7,539443,26334,37,37,bbr1
0.278,26514,18,20215,39.1,41.0,20.2,104.4,1.0,323666,26336,37,37,bbr1
0.284,26514,18,18775,39.4,40.9,20.2,104.4,1.2,323666,26337,37,37,bbr1
0.292,26514,18,18775,39.7,42.4,20.2,104.4,1.7,323666,26339,37,37,bbr1
0.300,20416,14,12960,40.2,37.8,20.2,104.4,2.8,340276,26340,37,37,bbr1
0.312,23264,16,15840,40.2,40.3,20.2,104.4,2.1,453702,26344,37,37,bbr1
0.318,26112,18,15840,40.7,44.0,20.2,104.4,2.5,453702,26346,37,37,bbr1
0.325,27431,19,15840,41.0,43.1,20.2,104.4,2.5,453702,26348,37,37,bbr1
0.330,27431,19,15840,41.1,41.7,20.2,104.4,2.1,453702,26350,37,37,bbr1
0.344,19411,13,14400,40.1,38.3,20.2,104.4,2.7,453702,26353,37,37,bbr1
0.354,22259,15,17280,39.8,37.2,20.2,104.4,2.8,453702,26357,37,37,bbr1
0.360,25107,17,17280,39.3,36.4,20.2,104.4,2.9,453702,26359,37,37,bbr1
0.363,27431,19,15840,39.0,36.5,20.2,104.4,2.9,453702,26360,37,37,bbr1
0.373,27431,19,17280,38.8,37.4,20.2,104.4,2.6,453702,26363,37,37,bbr1
0.379,27431,19,17280,38.7,37.9,20.2,104.4,2.1,453702,26365,37,37,bbr1
0.390,19411,13,14400,38.1,38.0,20.2,104.4,2.1,567127,26367,37,37,bbr1
0.398,22259,15,17280,38.1,38.2,20.2,104.4,1.6,567127,26371,37,37,bbr1
0.406,25107,17,18720,38.2,39.0,20.2,104.4,1.4,567127,26374,37,37,bbr1
0.413,27431,19,20160,38.4,39.5,20.2,104.4,1.4,567127,26377,37,37,bbr1
0.418,27431,19,20160,38.6,40.0,20.2,104.4,1.4,567127,26379,37,37,bbr1
0.426,27431,19,21600,38.8,40.6,20.2,104.4,1.6,567127,26382,37,37,bbr1
0.445,22259,15,17280,39.3,42.9,20.2,104.4,2.5,340276,26385,37,37,bbr1
0.454,25107,17,18720,39.9,44.1,20.2,104.4,3.1,340276,26388,37,37,bbr1
0.462,27431,19,18720,40.7,46.3,20.2,104.4,3.9,340276,26390,37,37,bbr1
0.467,27431,19,17280,41.6,48.2,20.2,104.4,4.8,340276,26391,37,37,bbr1
0.474,27431,19,17280,42.7,50.0,20.2,104.4,5.7,453702,26393,37,37,bbr1
0.480,27431,19,17280,43.8,51.8,20.2,104.4,6.6,453702,26395,37,37,bbr1
0.486,27431,19,17280,45.0,53.5,20.2,104.4,7.3,453702,26397,37,37,bbr1
0.496,27431,19,18720,44.7,42.7,20.2,104.4,6.1,453702,26400,37,37,bbr1
0.507,19411,13,15840,44.4,42.8,20.2,104.4,4.0,453702,26402,37,37,bbr1
0.513,23683,16,15840,43.8,39.7,20.2,104.4,4.2,453702,26405,37,37,bbr1
0.522,26531,18,17280,43.3,39.9,20.2,104.4,4.1,567127,26408,37,37,bbr1
0.530,27431,19,18720,43.0,40.8,20.2,104.4,3.7,567127,26411,37,37,bbr1
0.537,27431,19,20160,42.8,41.2,20.2,104.4,3.2,567127,26414,37,37,bbr1
0.545,27431,19,21600,42.6,41.6,20.2,104.4,2.7,567127,26417,37,37,bbr1
0.552,27431,19,21600,42.0,37.6,20.2,104.4,3.3,340276,26419,37,37,bbr1
0.563,19411,13,18720,41.8,41.5,20.2,104.4,2.1,340276,26421,37,37,bbr1
0.570,22259,15,17280,42.1,43.8,20.2,104.4,2.1,340276,26422,37,37,bbr1
0.578,25107,17,18720,42.5,45.1,20.2,104.4,2.3,453702,26425,37,37,bbr1
0.584,27431,19,18720,43.1,47.3,20.2,104.4,3.0,453702,26427,37,37,bbr1
0.594,27431,19,20160,43.8,49.1,20.2,104.4,3.7,453702,26430,37,37,bbr1
0.600,27431,19,20160,44.7,50.8,20.2,104.4,4.5,453702,26432,37,37,bbr1
0.605,27431,19,20160,45.5,50.9,20.2,104.4,4.9,567127,26434,37,37,bbr1
0.618,19411,13,18720,45.2,42.7,20.2,104.4,3.6,340276,26437,37,37,bbr1
0.625,22259,15,17280,45.2,45.0,20.2,104.4,2.8,340276,26438,37,37,bbr1
0.634,25107,17,18720,45.3,46.0,20.2,104.4,2.3,340276,26441,37,37,bbr1
0.642,27431,19,18720,45.4,46.5,20.2,104.4,2.0,340276,26443,37,37,bbr1
0.646,27431,19,17280,45.6,46.7,20.2,104.4,1.8,340276,26444,37,37,bbr1
0.653,27431,19,17280,45.9,47.7,20.2,104.4,1.9,453702,26446,37,37,bbr1
0.660,27431,19,17280,46.3,49.3,20.2,104.4,2.3,453702,26448,37,37,bbr1
0.666,27431,19,17280,46.3,46.2,20.2,104.4,1.8,453702,26450,37,37,bbr1
0.680,19411,13,15840,45.4,42.4,20.2,104.4,2.5,453702,26453,37,37,bbr1
0.686,22259,15,17280,44.9,41.2,20.2,104.4,2.9,453702,26456,37,37,bbr1
0.693,25107,17,17280,44.2,39.2,20.2,104.4,3.6,453702,26458,37,37,bbr1
0.698,27431,19,17280,43.6,40.0,20.2,104.4,3.7,567127,26460,37,37,bbr1
0.706,27431,19,18720,43.2,40.2,20.2,104.4,3.7,567127,26463,37,37,bbr1
0.713,27431,19,20160,42.9,41.1,20.2,104.4,3.3,567127,26466,37,37,bbr1
0.729,20835,14,17280,42.2,41.5,20.2,104.4,3.0,567127,26469,37,37,bbr1
0.736,23683,16,18720,42.1,41.7,20.2,104.4,2.4,567127,26472,37,37,bbr1
0.745,26531,18,21600,42.2,42.7,20.2,104.4,1.9,567127,26476,37,37,bbr1
0.754,27431,19,23040,42.5,44.9,20.2,104.4,2.1,340276,26479,37,37,bbr1
0.758,27431,19,21600,43.0,46.6,20.2,104.4,2.6,340276,26480,37,37,bbr1
0.766,27431,19,21600,43.7,48.4,20.2,104.4,3.3,340276,26482,37,37,bbr1
0.771,27431,19,20160,44.5,50.3,20.2,104.4,4.1,340276,26483,37,37,bbr1
0.779,27431,19,20160,44.3,42.8,20.2,104.4,3.5,340276,26485,37,37,bbr1
0.791,19411,13,17280,45.2,49.7,20.2,104.4,3.7,340276,26487,37,37,bbr1
0.798,22259,15,17280,45.9,51.0,20.2,104.4,4.2,431011,26489,37,37,bbr1
0.806,25107,17,18720,46.9,53.3,20.2,104.4,5.0,431011,26492,37,37,bbr1
0.812,26491,18,18720,47.5,51.7,20.2,104.4,4.9,431011,26494,37,37,bbr1
0.818,26491,18,18720,47.8,50.1,20.2,104.4,4.4,431011,26496,37,37,bbr1
0.825,26491,18,18720,47.9,48.4,20.2,104.4,3.4,538763,26498,37,37,bbr1
0.833,26491,18,20160,47.7,46.7,20.2,104.4,2.9,538763,26501,37,37,bbr1
0.847,20365,14,17280,46.5,43.6,20.2,104.4,3.7,323258,26504,37,37,bbr1
0.856,23213,16,18720,46.1,43.5,20.2,104.4,3.5,323258,26507,37,37,bbr1
0.865,26061,18,18720,45.8,43.8,20.2,104.4,3.2,323258,26509,37,37,bbr1
0.870,26491,18,17280,45.6,44.2,20.2,104.4,2.8,323258,26510,37,37,bbr1
0.878,26491,18,17280,45.6,45.7,20.2,104.4,2.1,431011,26512,37,37,bbr1
0.884,26491,18,17280,45.8,46.8,20.2,104.4,1.9,431011,26514,37,37,bbr1
0.891,26491,18,17280,46.1,48.2,20.2,104.4,2.0,431011,26516,37,37,bbr1
0.897,26445,18,17280,45.7,42.8,20.2,104.4,2.3,429899,26518,37,37,bbr1
0.909,18918,13,14400,45.0,42.1,20.2,104.4,2.5,429899,26520,37,37,bbr1
0.919,21766,15,17280,44.4,40.0,20.2,104.4,3.1,429899,26524,37,37,bbr1
0.926,24614,17,17280,43.8,39.9,20.2,104.4,3.5,429899,26526,37,37,bbr1
0.932,26445,18,17280,43.4,40.3,20.2,104.4,3.5,537373,26528,37,37,bbr1
0.937,26445,18,17280,43.0,40.5,20.2,104.4,3.3,537373,26530,37,37,bbr1
0.945,26445,18,18720,42.7,40.7,20.2,104.4,3.1,537373,26533,37,37,bbr1
0.950,26445,18,18720,41.9,36.0,20.2,104.4,4.0,537373,26535,37,37,bbr1
0.964,18918,13,17280,41.4,39.8,20.2,104.4,3.1,322424,26538,37,37,bbr1
0.971,21766,15,17280,41.2,39.9,20.2,104.4,2.7,322424,26540,37,37,bbr1
0.979,24614,17,17280,41.2,40.8,20.2,104.4,2.1,322424,26542,37,37,bbr1
0.987,26445,18,17280,41.4,42.8,20.2,104.4,2.0,322424,26544,37,37,bbr1
0.991,26445,18,15840,41.7,44.1,20.2,104.4,2.2,429899,26545,37,37,bbr1
1.000,27113,18,15840,42.0,44.3,20.2,104.4,2.3,446031,26548,37,37,bbr1
1.006,16404,11,15840,41.9,40.9,20.2,104.4,2.0,557538,26550,37,37,bbr1
1.013,19252,13,14400,41.8,41.0,20.2,104.4,1.7,557538,26551,37,37,bbr1
1.021,22100,15,17280,41.5,39.9,20.2,104.4,1.8,557538,26555,37,37,bbr1
1.029,24948,17,18720,41.1,38.0,20.2,104.4,2.2,557538,26558,37,37,bbr1
0.007,3072,2,0,41.3,45.3,20.2,104.4,3.2,557538,26561,38,38,bbr1
0.007,5760,4,0,39.7,28.6,20.2,104.4,5.6,557538,26563,38,38,bbr1
0.033,11456,7,1440,37.7,23.5,20.2,104.4,8.2,557538,26568,38,38,bbr1
0.043,12880,8,7200,36.4,27.4,20.2,104.4,8.8,557538,26573,38,38,bbr1
0.059,17152,11,8640,34.5,20.9,20.2,104.4,10.4,557538,26577,38,38,bbr1
0.066,20000,13,11520,33.0,23.0,20.2,104.4,10.7,557538,26581,38,38,bbr1
0.074,22848,15,12960,31.9,24.2,20.2,104.4,10.2,557538,26584,38,38,bbr1
0.079,25696,17,12960,31.2,26.4,20.2,104.4,9.1,557538,26586,38,38,bbr1
0.087,27113,18,14400,30.1,22.1,20.2,104.4,9.1,557538,26589,38,38,bbr1
0.095,27113,18,15840,29.7,27.2,20.2,104.4,7.5,557538,26592,38,38,bbr1
0.100,27113,18,15840,29.6,28.9,20.2,104.4,5.9,557538,26594,38,38,bbr1
0.108,27113,18,17280,29.7,30.5,20.2,104.4,4.6,557538,26597,38,38,bbr1
0.113,27113,18,17280,30.0,32.2,20.2,104.4,4.1,557538,26599,38,38,bbr1
0.121,27113,18,18720,30.5,33.8,20.2,104.4,4.0,557538,26602,38,38,bbr1
0.128,27113,18,20160,31.1,35.0,20.2,104.4,4.1,557538,26605,38,38,bbr1
0.136,27113,18,21600,31.8,37.2,20.2,104.4,4.6,557538,26608,38,38,bbr1
0.143,27113,18,21600,32.7,39.0,20.2,104.4,5.3,334523,26610,38,38,bbr1
0.152,27113,18,21600,33.7,40.6,20.2,104.4,5.9,334523,26612,38,38,bbr1
0.157,27113,18,20160,34.8,42.3,20.2,104.4,6.6,334523,26613,38,38,bbr1
0.165,27113,18,20160,36.0,44.0,20.2,104.4,7.2,334523,26615,38,38,bbr1
0.169,27113,18,18720,37.2,45.7,20.2,104.4,7.9,334523,26616,38,38,bbr1
0.177,27113,18,18720,38.4,46.9,20.2,104.4,8.3,334523,26618,38,38,bbr1
0.182,27113,18,17280,39.7,48.6,20.2,104.4,8.8,334523,26619,38,38,bbr1
0.190,27113,18,17280,41.1,50.8,20.2,104.4,9.4,446031,26621,38,38,bbr1
0.202,19252,13,14400,43.1,48.9,20.2,104.4,8.8,557538,26623,38,38,bbr1
0.210,22100,15,17280,43.6,46.9,20.2,104.4,7.5,557538,26627,38,38,bbr1
0.218,24948,17,18720,43.5,43.3,20.2,104.4,5.7,557538,26630,38,38,bbr1
0.223,27113,18,18720,43.3,41.9,20.2,104.4,4.7,557538,26632,38,38,bbr1
0.228,27113,18,18720,42.9,40.1,20.2,104.4,4.3,557538,26634,38,38,bbr1
0.236,27113,18,20160,42.6,40.2,20.2,104.4,3.9,557538,26637,38,38,bbr1
0.244,27113,18,21600,41.6,34.4,20.2,104.4,5.0,557538,26640,38,38,bbr1
0.255,19252,13,18720,41.2,40.9,20.2,104.4,3.4,334523,26642,38,38,bbr1
0.262,22100,15,17280,41.3,42.4,20.2,104.4,2.9,334523,26643,38,38,bbr1
0.271,24948,17,18720,41.7,44.1,20.2,104.4,2.8,334523,26646,38,38,bbr1
0.280,27113,18,18720,42.2,46.0,20.2,104.4,3.2,334523,26648,38,38,bbr1
0.284,27113,18,17280,42.9,47.6,20.2,104.4,3.8,334523,26649,38,38,bbr1
0.292,27113,18,17280,43.6,48.8,20.2,104.4,4.3,446031,26651,38,38,bbr1
0.298,27113,18,17280,44.6,51.0,20.2,104.4,5.1,446031,26653,38,38,bbr1
0.310,19252,13,14400,44.5,42.9,20.2,104.4,3.6,446031,26655,38,38,bbr1
0.320,22100,15,17280,44.5,44.2,20.2,104.4,2.8,446031,26659,38,38,bbr1
0.327,24948,17,17280,44.2,42.1,20.2,104.4,2.7,446031,26661,38,38,bbr1
0.332,27113,18,17280,43.8,40.7,20.2,104.4,2.9,557538,26663,38,38,bbr1
0.338,27113,18,17280,43.4,40.8,20.2,104.4,2.9,557538,26665,38,38,bbr1
0.346,27113,18,18720,43.2,41.7,20.2,104.4,2.6,557538,26668,38,38,bbr1
0.353,27113,18,20160,42.3,35.9,20.2,104.4,3.8,557538,26671,38,38,bbr1
0.365,19252,13,18720,41.7,39.9,20.2,104.4,3.1,334523,26674,38,38,bbr1
0.372,23524,16,15840,41.5,39.6,20.2,104.4,2.8,334523,26675,38,38,bbr1
0.380,26372,18,17280,41.4,41.0,20.2,104.4,2.2,334523,26678,38,38,bbr1
0.388,27113,18,17280,41.5,42.4,20.2,104.4,1.9,446031,26680,38,38,bbr1
0.394,27113,18,17280,41.9,44.6,20.2,104.4,2.2,446031,26682,38,38,bbr1
0.401,27113,18,17280,42.4,45.7,20.2,104.4,2.6,446031,26684,38,38,bbr1
0.411,27113,18,18720,43.1,48.0,20.2,104.4,3.4,446031,26687,38,38,bbr1
0.417,27113,18,17280,42.8,41.1,20.2,104.4,3.0,557538,26689,38,38,bbr1
0.432,19252,13,17335,42.7,41.7,20.2,104.4,2.0,557538,26694,38,38,bbr1
0.439,22100,15,17335,42.6,42.4,20.2,104.4,1.6,557538,26696,38,38,bbr1
0.447,24948,17,20215,42.7,42.8,20.2,104.4,1.2,557538,26700,38,38,bbr1
0.456,27113,18,21655,42.7,43.2,20.2,104.4,1.0,334523,26703,38,38,bbr1
0.460,27113,18,20215,42.8,43.3,20.2,104.4,0.9,334523,26704,38,38,bbr1
0.469,26602,18,20215,43.1,45.2,20.2,104.4,1.3,325258,26706,38,38,bbr1
0.474,26602,18,18775,43.6,46.8,20.2,104.4,1.9,325258,26707,38,38,bbr1
0.487,19036,13,15895,43.4,43.0,20.2,104.4,1.3,325258,26710,38,38,bbr1
0.495,21884,15,17335,44.0,47.8,20.2,104.4,2.1,433678,26713,38,38,bbr1
0.501,24732,17,17335,44.7,49.6,20.2,104.4,3.0,433678,26715,38,38,bbr1
0.508,26602,18,17335,45.2,49.1,20.2,104.4,3.3,433678,26717,38,38,bbr1
0.514,26602,18,17335,45.5,47.8,20.2,104.4,3.2,433678,26719,38,38,bbr1
0.521,26602,18,17335,45.5,45.3,20.2,104.4,2.4,542097,26721,38,38,bbr1
0.535,19036,13,15840,44.4,41.7,20.2,104.4,3.3,542097,26724,38,38,bbr1
0.542,21884,15,17280,44.1,41.9,20.2,104.4,3.1,542097,26727,38,38,bbr1
0.551,24732,17,20160,43.8,42.0,20.2,104.4,2.8,542097,26731,38,38,bbr1
0.558,26602,18,18720,43.4,40.7,20.2,104.4,2.9,325258,26733,38,38,bbr1
0.567,26602,18,18720,43.1,41.1,20.2,104.4,2.7,325258,26735,38,38,bbr1
0.571,26602,18,17280,43.1,42.6,20.2,104.4,2.2,325258,26736,38,38,bbr1
0.579,26602,18,17280,42.4,37.7,20.2,104.4,3.0,433678,26738,38,38,bbr1
0.591,18997,13,14400,42.4,43.7,20.2,104.4,2.3,433678,26740,38,38,bbr1
0.601,21845,15,17280,42.8,45.7,20.2,104.4,2.5,433678,26744,38,38,bbr1
0.608,24693,17,17280,43.1,45.4,20.2,104.4,2.6,433678,26746,38,38,bbr1
0.614,26602,18,17280,43.1,43.2,20.2,104.4,1.9,542097,26748,38,38,bbr1
0.619,26602,18,17280,42.9,41.5,20.2,104.4,1.9,542097,26750,38,38,bbr1
0.628,26602,18,18720,42.8,41.6,20.2,104.4,1.7,542097,26753,38,38,bbr1
0.639,18997,13,15840,41.6,39.6,20.2,104.4,2.8,542097,26755,38,38,bbr1
0.646,21845,15,17280,41.4,39.8,20.2,104.4,2.6,542097,26758,38,38,bbr1
0.655,24693,17,20160,41.2,40.0,20.2,104.4,2.3,542097,26762,38,38,bbr1
0.663,26602,18,20160,41.3,41.5,20.2,104.4,1.8,325258,26764,38,38,bbr1
0.667,26602,18,18720,41.4,42.6,20.2,104.4,1.7,325258,26765,38,38,bbr1
0.675,26602,18,18720,41.8,44.1,20.2,104.4,1.9,325258,26767,38,38,bbr1
0.684,17573,12,17280,41.4,39.2,20.2,104.4,2.1,335532,26769,38,38,bbr1
0.691,20421,14,15840,41.6,42.8,20.2,104.4,1.9,447376,26770,38,38,bbr1
0.700,23269,16,18720,42.1,45.3,20.2,104.4,2.3,447376,26774,38,38,bbr1
0.707,26117,18,18720,42.7,47.3,20.2,104.4,3.0,447376,26776,38,38,bbr1
0.713,27169,18,18720,43.2,46.5,20.2,104.4,3.2,447376,26778,38,38,bbr1
0.719,27169,18,17280,43.1,42.3,20.2,104.4,2.6,559220,26780,38,38,bbr1
0.733,19280,13,15840,42.5,40.9,20.2,104.4,2.4,559220,26783,38,38,bbr1
0.740,22128,15,17280,42.4,41.3,20.2,104.4,2.1,559220,26786,38,38,bbr1
0.749,24976,17,20160,42.3,41.7,20.2,104.4,1.8,559220,26790,38,38,bbr1
0.754,27169,18,20160,42.2,41.7,20.2,104.4,1.5,559220,26792,38,38,bbr1
0.762,27169,18,21600,42.3,42.5,20.2,104.4,1.2,559220,26795,38,38,bbr1
0.772,27169,18,23040,42.5,44.3,20.2,104.4,1.4,335532,26798,38,38,bbr1
0.785,20704,14,17280,42.2,42.8,20.2,104.4,1.5,335532,26799,38,38,bbr1
0.793,23552,16,18720,42.7,46.2,20.2,104.4,2.1,447376,26802,38,38,bbr1
0.799,26400,18,18720,43.3,47.5,20.2,104.4,2.8,447376,26804,38,38,bbr1
0.808,27169,18,20160,44.1,49.5,20.2,104.4,3.7,447376,26807,38,38,bbr1
0.815,27169,18,20160,45.0,51.2,20.2,104.4,4.5,447376,26809,38,38,bbr1
0.821,27169,18,20160,46.0,53.0,20.2,104.4,5.4,447376,26811,38,38,bbr1
0.828,27169,18,20160,46.8,52.4,20.2,104.4,5.7,447376,26813,38,38,bbr1
0.839,19280,13,17280,46.1,45.2,20.2,104.4,4.2,559220,26815,38,38,bbr1
0.846,22128,15,17280,46.1,45.9,20.2,104.4,3.2,559220,26817,38,38,bbr1
0.854,24976,17,20160,46.1,46.3,20.2,104.4,2.5,559220,26821,38,38,bbr1
0.862,27169,18,21600,46.2,46.7,20.2,104.4,2.0,559220,26824,38,38,bbr1
0.869,27169,18,21600,46.3,46.7,20.2,104.4,1.6,335532,26826,38,38,bbr1
0.878,27169,18,20160,46.2,45.9,20.2,104.4,1.3,335532,26828,38,38,bbr1
0.892,20704,14,15840,45.0,41.1,20.2,104.4,2.8,335532,26830,38,38,bbr1
0.900,23552,16,17280,45.1,46.0,20.2,104.4,2.4,447376,26833,38,38,bbr1
0.906,26400,18,17280,45.5,47.9,20.2,104.4,2.5,447376,26835,38,38,bbr1
0.916,27169,18,18720,45.9,49.3,20.2,104.4,2.8,447376,26838,38,38,bbr1
0.923,27169,18,18720,46.4,49.2,20.2,104.4,2.9,447376,26840,38,38,bbr1
0.929,27169,18,18720,46.5,47.2,20.2,104.4,2.4,447376,26842,38,38,bbr1
0.936,17856,12,17280,45.6,39.4,20.2,104.4,3.6,447376,26844,38,38,bbr1
0.944,20704,14,15840,45.1,41.8,20.2,104.4,3.6,447376,26845,38,38,bbr1
0.954,23552,16,18720,44.8,42.6,20.2,104.4,3.4,447376,26849,38,38,bbr1
0.960,26400,18,18720,44.3,41.3,20.2,104.4,3.4,559220,26851,38,38,bbr1
0.965,27169,18,18720,44.2,43.4,20.2,104.4,2.8,559220,26853,38,38,bbr1
0.972,27169,18,20160,44.1,43.4,20.2,104.4,2.3,559220,26856,38,38,bbr1
0.980,27169,18,21600,44.1,44.2,20.2,104.4,1.7,559220,26859,38,38,bbr1
0.995,20704,14,17280,43.4,43.1,20.2,104.4,2.0,335532,26861,38,38,bbr1
1.004,23552,16,18720,43.4,43.2,20.2,104.4,1.6,335532,26864,38,38,bbr1
1.013,26400,18,18720,43.6,45.2,20.2,104.4,1.6,335532,26866,38,38,bbr1
1.017,27169,18,17280,44.0,46.3,20.2,104.4,1.9,335532,26867,38,38,bbr1
0.006,3072,2,0,43.1,39.9,20.2,104.4,3.4,447376,26869,39,39,bbr1
0.006,5760,4,0,41.1,27.4,20.2,104.4,6.4,447376,26871,39,39,bbr1
0.032,10032,6,2880,39.0,23.9,20.2,104.4,9.1,559220,26876,39,39,bbr1
0.040,12880,8,5760,37.5,27.3,20.2,104.4,9.8,559220,26880,39,39,bbr1
0.058,17152,11,8640,35.4,20.9,20.2,104.4,11.5,559220,26885,39,39,bbr1
0.066,20000,13,11520,33.9,23.0,20.2,104.4,11.7,559220,26889,39,39,bbr1
0.073,22848,15,12960,32.7,24.2,20.2,104.4,11.2,559220,26892,39,39,bbr1
0.078,25696,17,12960,31.9,26.5,20.2,104.4,10.0,559220,26894,39,39,bbr1
0.086,27169,18,14400,30.7,22.2,20.2,104.4,9.9,559220,26897,39,39,bbr1
0.094,27169,18,15840,30.2,27.1,20.2,104.4,8.3,559220,26900,39,39,bbr1
0.099,27169,18,15840,30.1,29.0,20.2,104.4,6.5,559220,26902,39,39,bbr1
0.107,27169,18,17280,30.1,30.5,20.2,104.4,5.0,559220,26905,39,39,bbr1
0.114,27169,18,18720,30.4,32.3,20.2,104.4,4.3,559220,26908,39,39,bbr1
0.119,27169,18,18720,30.9,34.0,20.2,104.4,4.1,559220,26910,39,39,bbr1
0.127,27169,18,20160,31.5,35.7,20.2,104.4,4.3,559220,26913,39,39,bbr1
0.134,27169,18,20160,32.3,38.5,20.2,104.4,5.0,559220,26915,39,39,bbr1
0.140,27169,18,21600,33.2,39.1,20.2,104.4,5.4,559220,26918,39,39,bbr1
0.150,27169,18,23040,34.1,40.6,20.2,104.4,5.9,335532,26921,39,39,bbr1
0.154,27169,18,21600,35.1,42.1,20.2,104.4,6.4,335532,26922,39,39,bbr1
0.162,27169,18,21600,36.2,44.2,20.2,104.4,7.1,335532,26924,39,39,bbr1
0.171,27169,18,21600,37.5,45.9,20.2,104.4,7.7,335532,26926,39,39,bbr1
0.175,27169,18,20160,38.7,47.5,20.2,104.4,8.3,335532,26927,39,39,bbr1
0.184,26637,18,20160,40.0,49.4,20.2,104.4,8.9,325907,26929,39,39,bbr1
0.190,26637,18,18720,41.5,52.0,20.2,104.4,9.7,325907,26930,39,39,bbr1
0.201,19014,13,15840,44.4,54.3,20.2,104.4,10.4,325907,26932,39,39,bbr1
0.209,21862,15,17280,45.4,52.7,20.2,104.4,9.9,434543,26935,39,39,bbr1
0.216,26134,18,15840,45.8,48.4,20.2,104.4,8.2,441011,26937,39,39,bbr1
0.226,26905,18,17280,45.9,46.6,20.2,104.4,6.3,441011,26940,39,39,bbr1
0.233,26905,18,17280,45.7,44.7,20.2,104.4,5.0,441011,26942,39,39,bbr1
0.239,26905,18,17280,45.4,42.8,20.2,104.4,4.5,441011,26944,39,39,bbr1
0.251,19148,13,14400,44.2,39.9,20.2,104.4,4.6,441011,26946,39,39,bbr1
0.261,21996,15,17280,43.7,39.9,20.2,104.4,4.5,441011,26950,39,39,bbr1
0.268,24844,17,17280,43.3,40.5,20.2,104.4,4.2,441011,26952,39,39,bbr1
0.274,26905,18,17280,42.9,40.8,20.2,104.4,3.8,441011,26954,39,39,bbr1
0.280,26905,18,17280,42.7,40.9,20.2,104.4,3.3,441011,26956,39,39,bbr1
0.287,26905,18,17280,42.5,41.5,20.2,104.4,2.8,441011,26958,39,39,bbr1
0.293,26905,18,15840,41.9,37.7,20.2,104.4,3.3,441011,26960,39,39,bbr1
0.309,21996,15,11520,40.7,35.2,20.2,104.4,4.1,441011,26963,39,39,bbr1
0.323,24844,17,15840,40.0,35.5,20.2,104.4,4.4,441011,26968,39,39,bbr1
0.328,26905,18,15840,39.7,37.3,20.2,104.4,4.0,551263,26970,39,39,bbr1
0.333,26905,18,15840,39.5,37.9,20.2,104.4,3.4,551263,26972,39,39,bbr1
0.341,26905,18,17280,39.3,38.3,20.2,104.4,2.9,551263,26975,39,39,bbr1
0.349,26905,18,18720,38.5,32.6,20.2,104.4,3.8,551263,26978,39,39,bbr1
0.361,19148,13,15840,38.0,36.4,20.2,104.4,3.0,551263,26980,39,39,bbr1
0.367,23420,16,15840,37.8,36.7,20.2,104.4,2.6,551263,26983,39,39,bbr1
0.376,26268,18,18720,37.8,37.7,20.2,104.4,2.0,551263,26987,39,39,bbr1
0.384,26905,18,20160,38.1,39.9,20.2,104.4,2.0,551263,26990,39,39,bbr1
0.394,26905,18,21600,38.5,41.4,20.2,104.4,2.3,330758,26993,39,39,bbr1
0.399,26905,18,20160,39.0,42.6,20.2,104.4,2.8,330758,26994,39,39,bbr1
0.407,26905,18,20160,38.8,37.5,20.2,104.4,2.5,330758,26996,39,39,bbr1
0.417,19148,13,15840,39.7,44.1,20.2,104.4,3.0,330758,26997,39,39,bbr1
0.425,21996,15,17280,40.5,45.8,20.2,104.4,3.8,441011,27000,39,39,bbr1
0.431,24844,17,17280,41.4,47.4,20.2,104.4,4.6,441011,27002,39,39,bbr1
0.438,26905,18,17280,42.3,48.6,20.2,104.4,5.3,441011,27004,39,39,bbr1
0.448,26905,18,18720,43.1,48.9,20.2,104.4,5.6,441011,27007,39,39,bbr1
0.454,26905,18,18720,43.6,46.9,20.2,104.4,5.1,441011,27009,39,39,bbr1
0.461,17724,12,17280,43.0,39.4,20.2,104.4,4.9,441011,27011,39,39,bbr1
0.468,20572,14,15840,42.9,41.7,20.2,104.4,4.0,441011,27012,39,39,bbr1
0.478,23420,16,18720,42.8,42.3,20.2,104.4,3.1,441011,27016,39,39,bbr1
0.485,26268,18,18720,42.8,42.7,20.2,104.4,2.4,441011,27018,39,39,bbr1
0.491,26905,18,18720,42.8,43.0,20.2,104.4,1.8,441011,27020,39,39,bbr1
0.498,26905,18,18720,42.9,43.2,20.2,104.4,1.5,441011,27022,39,39,bbr1
0.505,26905,18,18720,42.9,43.3,20.2,104.4,1.2,441011,27024,39,39,bbr1
0.511,17724,12,17280,42.5,39.4,20.2,104.4,1.8,551263,27026,39,39,bbr1
0.520,20572,14,15840,42.5,43.1,20.2,104.4,1.5,551263,27027,39,39,bbr1
0.528,23420,16,18720,42.7,43.4,20.2,104.4,1.3,551263,27031,39,39,bbr1
0.533,26268,18,18720,42.5,41.6,20.2,104.4,1.3,551263,27033,39,39,bbr1
0.541,26905,18,20160,42.5,42.2,20.2,104.4,1.0,551263,27036,39,39,bbr1
0.548,26905,18,20160,42.5,42.6,20.2,104.4,0.8,330758,27038,39,39,bbr1
0.556,26905,18,20160,42.5,42.6,20.2,104.4,0.6,330758,27040,39,39,bbr1
0.561,17724,12,17280,41.9,37.6,20.2,104.4,1.7,330758,27041,39,39,bbr1
0.569,20572,14,15840,42.0,42.5,20.2,104.4,1.4,441011,27042,39,39,bbr1
0.579,23420,16,18720,42.2,43.7,20.2,104.4,1.5,441011,27046,39,39,bbr1
0.586,26268,18,18720,42.6,45.4,20.2,104.4,1.9,441011,27048,39,39,bbr1
0.592,26905,18,18720,43.2,47.5,20.2,104.4,2.7,441011,27050,39,39,bbr1
0.599,26905,18,18720,43.7,47.4,20.2,104.4,3.1,441011,27052,39,39,bbr1
0.606,26905,18,18720,44.0,45.7,20.2,104.4,2.8,441011,27054,39,39,bbr1
0.612,17724,12,17280,43.4,39.3,20.2,104.4,3.2,441011,27056,39,39,bbr1
0.621,20572,14,15840,43.3,43.1,20.2,104.4,2.5,441011,27057,39,39,bbr1
0.631,23420,16,18720,43.4,43.4,20.2,104.4,1.9,441011,27061,39,39,bbr1
0.637,26268,18,18720,43.4,43.5,20.2,104.4,1.4,551263,27063,39,39,bbr1
0.642,26905,18,18720,43.4,44.0,20.2,104.4,1.2,551263,27065,39,39,bbr1
0.650,26905,18,20160,43.6,44.4,20.2,104.4,1.2,551263,27068,39,39,bbr1
0.655,26905,18,20160,43.6,44.2,20.2,104.4,1.0,551263,27070,39,39,bbr1
0.672,20572,14,17335,43.1,43.0,20.2,104.4,1.4,324999,27074,39,39,bbr1
0.681,23420,16,18775,43.1,43.4,20.2,104.4,1.1,324999,27077,39,39,bbr1
0.690,26268,18,18775,43.3,45.0,20.2,104.4,1.3,324999,27079,39,39,bbr1
0.694,26996,18,15895,43.6,45.6,20.2,104.4,1.6,332406,27080,39,39,bbr1
0.702,26996,18,15895,44.1,47.3,20.2,104.4,2.1,443208,27082,39,39,bbr1
0.708,26996,18,15895,44.7,48.9,20.2,104.4,2.8,443208,27084,39,39,bbr1
0.718,17809,12,15840,44.2,41.1,20.2,104.4,3.0,446448,27087,39,39,bbr1
0.725,20657,14,15840,44.0,42.5,20.2,104.4,2.7,446448,27089,39,39,bbr1
0.734,23505,16,17280,43.6,40.5,20.2,104.4,2.9,446448,27092,39,39,bbr1
0.740,26353,18,17280,43.0,38.7,20.2,104.4,3.4,558060,27094,39,39,bbr1
0.748,27130,18,18720,42.4,38.7,20.2,104.4,3.6,558060,27097,39,39,bbr1
0.753,27130,18,18720,42.1,39.5,20.2,104.4,3.4,558060,27099,39,39,bbr1
0.761,27130,18,20160,41.8,39.8,20.2,104.4,3.1,558060,27102,39,39,bbr1
0.773,19261,13,18720,41.4,40.6,20.2,104.4,2.5,334836,27105,39,39,bbr1
0.780,22109,15,17280,41.3,41.0,20.2,104.4,1.9,334836,27106,39,39,bbr1
0.789,24957,17,18720,41.5,42.7,20.2,104.4,1.8,334836,27109,39,39,bbr1
0.798,27130,18,18720,41.8,44.0,20.2,104.4,2.0,334836,27111,39,39,bbr1
0.802,27130,18,17280,42.3,46.1,20.2,104.4,2.6,334836,27112,39,39,bbr1
0.810,27130,18,17280,43.0,47.7,20.2,104.4,3.3,446448,27114,39,39,bbr1
0.816,27130,18,17280,43.8,49.4,20.2,104.4,4.1,446448,27116,39,39,bbr1
0.828,19261,13,14400,44.0,42.8,20.2,104.4,3.1,558060,27118,39,39,bbr1
0.836,22109,15,17280,44.0,44.1,20.2,104.4,2.4,558060,27122,39,39,bbr1
0.844,24957,17,18720,43.7,42.1,20.2,104.4,2.2,558060,27125,39,39,bbr1
0.849,27130,18,18720,43.4,40.9,20.2,104.4,2.4,558060,27127,39,39,bbr1
0.857,27130,18,20160,43.1,41.0,20.2,104.4,2.4,558060,27130,39,39,bbr1
0.864,27130,18,21600,42.7,40.1,20.2,104.4,2.5,558060,27133,39,39,bbr1
0.872,27130,18,21600,41.7,34.2,20.2,104.4,4.0,334836,27135,39,39,bbr1
0.881,19261,13,17280,41.2,40.9,20.2,104.4,2.9,334836,27136,39,39,bbr1
0.888,22109,15,17280,41.4,42.5,20.2,104.4,2.5,446448,27138,39,39,bbr1
0.898,24957,17,20160,41.8,44.3,20.2,104.4,2.6,446448,27142,39,39,bbr1
0.905,27130,18,20160,42.3,45.9,20.2,104.4,3.0,446448,27144,39,39,bbr1
0.911,27130,18,20160,43.0,47.7,20.2,104.4,3.6,446448,27146,39,39,bbr1
0.918,27130,18,20160,43.7,49.2,20.2,104.4,4.3,446448,27148,39,39,bbr1
0.923,27130,18,20160,44.4,48.9,20.2,104.4,4.5,446448,27150,39,39,bbr1
0.936,19261,13,17280,44.0,42.7,20.2,104.4,3.2,558060,27152,39,39,bbr1
0.943,22109,15,17280,44.3,46.5,20.2,104.4,3.0,558060,27154,39,39,bbr1
0.951,24957,17,20160,44.6,46.9,20.2,104.4,2.9,558060,27158,39,39,bbr1
0.958,27130,18,21600,44.9,46.9,20.2,104.4,2.8,558060,27161,39,39,bbr1
0.965,27130,18,21600,45.3,47.7,20.2,104.4,2.8,334836,27163,39,39,bbr1
0.974,27130,18,21600,45.6,47.7,20.2,104.4,2.7,334836,27165,39,39,bbr1
0.978,27130,18,20160,45.9,48.6,20.2,104.4,2.8,334836,27166,39,39,bbr1
0.991,19261,13,17280,45.2,42.7,20.2,104.4,2.8,334836,27168,39,39,bbr1
0.998,22109,15,17280,45.5,47.3,20.2,104.4,2.7,446448,27170,39,39,bbr1
1.007,24957,17,20160,46.0,49.5,20.2,104.4,3.0,446448,27174,39,39,bbr1
1.014,27130,18,20160,46.6,51.0,20.2,104.4,3.5,446448,27176,39,39,bbr1
1.020,27130,18,18720,46.8,48.5,20.2,104.4,3.1,446448,27178,39,39,bbr1
1.027,27130,18,18720,46.8,46.8,20.2,104.4,2.3,446448,27180,39,39,bbr1
1.040,20685,14,15840,45.5,41.1,20.2,104.4,3.6,446448,27183,39,39,bbr1
1.051,23533,16,18720,45.4,44.8,20.2,104.4,2.9,446448,27187,39,39,bbr1
1.059,26381,18,20160,45.3,45.0,20.2,104.4,2.3,558060,27190,39,39,bbr1
0.006,3072,2,0,46.2,48.9,20.2,104.4,2.0,558060,27193,40,40,bbr1
0.007,5760,4,0,43.9,27.8,20.2,104.4,6.1,558060,27195,40,40,bbr1
0.033,11456,7,1440,41.5,25.0,20.2,104.4,9.3,558060,27200,40,40,bbr1
0.044,12880,8,7200,39.9,28.6,20.2,104.4,10.2,558060,27205,40,40,bbr1
0.059,17152,11,8640,37.5,20.8,20.2,104.4,12.4,558060,27209,40,40,bbr1
0.067,20000,13,11520,35.7,23.1,20.2,104.4,12.9,558060,27213,40,40,bbr1
0.075,22848,15,12960,34.3,24.3,20.2,104.4,12.6,558060,27216,40,40,bbr1
0.080,25696,17,12960,33.3,26.5,20.2,104.4,11.4,558060,27218,40,40,bbr1
0.088,27130,18,14400,32.0,22.5,20.2,104.4,11.2,558060,27221,40,40,bbr1
0.095,27130,18,15840,31.3,26.9,20.2,104.4,9.7,558060,27224,40,40,bbr1
0.101,27130,18,15840,31.1,29.2,20.2,104.4,7.8,558060,27226,40,40,bbr1
0.108,27130,18,17280,31.0,30.6,20.2,104.4,6.0,558060,27229,40,40,bbr1
0.116,27130,18,18720,31.2,32.5,20.2,104.4,4.8,558060,27232,40,40,bbr1
0.121,27130,18,18720,31.5,34.1,20.2,104.4,4.4,558060,27234,40,40,bbr1
0.129,27130,18,20160,32.0,35.4,20.2,104.4,4.2,558060,27237,40,40,bbr1
0.137,27130,18,21600,32.7,37.4,20.2,104.4,4.5,558060,27240,40,40,bbr1
0.143,27130,18,21600,33.5,39.0,20.2,104.4,5.0,334836,27242,40,40,bbr1
0.153,27130,18,21600,34.6,42.2,20.2,104.4,5.9,334836,27244,40,40,bbr1
0.156,27130,18,20160,35.6,42.4,20.2,104.4,6.4,334836,27245,40,40,bbr1
0.165,27130,18,20160,36.6,44.0,20.2,104.4,6.9,334836,27247,40,40,bbr1
0.170,27130,18,18720,37.8,45.8,20.2,104.4,7.5,334836,27248,40,40,bbr1
0.178,27130,18,18720,39.0,47.4,20.2,104.4,8.0,334836,27250,40,40,bbr1
0.187,26652,18,18720,40.2,48.8,20.2,104.4,8.5,326176,27252,40,40,bbr1
0.191,26652,18,17280,41.5,50.8,20.2,104.4,9.0,326176,27253,40,40,bbr1
0.203,19022,13,14400,43.4,48.5,20.2,104.4,8.3,434902,27255,40,40,bbr1
0.213,21870,15,17280,43.9,47.4,20.2,104.4,7.2,434902,27259,40,40,bbr1
0.220,24718,17,17280,43.8,43.3,20.2,104.4,5.5,434902,27261,40,40,bbr1
0.223,26652,18,15840,43.6,42.1,20.2,104.4,4.6,434902,27262,40,40,bbr1
0.230,26652,18,15840,43.2,40.2,20.2,104.4,4.3,434902,27264,40,40,bbr1
0.237,26652,18,15840,42.6,38.1,20.2,104.4,4.5,434902,27266,40,40,bbr1
0.242,16174,11,15840,41.5,34.2,20.2,104.4,5.4,543627,27268,40,40,bbr1
0.249,19022,13,14400,41.1,38.0,20.2,104.4,5.0,543627,27269,40,40,bbr1
0.257,21870,15,17280,40.7,38.1,20.2,104.4,4.5,543627,27273,40,40,bbr1
0.265,24718,17,18720,40.4,38.2,20.2,104.4,4.0,543627,27276,40,40,bbr1
0.271,26652,18,18720,40.1,38.3,20.2,104.4,3.5,543627,27278,40,40,bbr1
0.279,26652,18,18720,39.7,36.7,20.2,104.4,3.5,543627,27281,40,40,bbr1
0.297,23294,16,12960,38.7,36.7,20.2,104.4,3.6,563890,27284,40,40,bbr1
0.307,27566,19,15840,38.5,37.3,20.2,104.4,3.0,588558,27289,40,40,bbr1
0.317,28141,19,18720,38.8,41.0,20.2,104.4,2.9,588558,27293,40,40,bbr1
0.325,28141,19,20160,39.3,42.3,20.2,104.4,3.0,588558,27296,40,40,bbr1
0.332,28141,19,21600,39.8,43.7,20.2,104.4,3.4,588558,27299,40,40,bbr1
0.338,28141,19,21600,39.1,34.1,20.2,104.4,3.9,353135,27301,40,40,bbr1
0.350,19766,13,18720,39.4,41.0,20.2,104.4,2.7,353135,27303,40,40,bbr1
0.357,22614,15,17280,39.6,41.3,20.2,104.4,2.5,353135,27304,40,40,bbr1
0.364,25462,17,18720,40.3,45.1,20.2,104.4,3.3,470847,27307,40,40,bbr1
0.374,28141,19,18720,41.0,45.8,20.2,104.4,3.8,470847,27310,40,40,bbr1
0.379,28141,19,18720,41.9,48.2,20.2,104.4,4.7,470847,27312,40,40,bbr1
0.388,28141,19,20160,42.9,50.1,20.2,104.4,5.6,588558,27315,40,40,bbr1
0.393,28141,19,20160,43.6,48.4,20.2,104.4,5.5,588558,27317,40,40,bbr1
0.410,21190,14,17280,43.4,44.2,20.2,104.4,3.8,588558,27320,40,40,bbr1
0.417,24038,16,18720,43.6,44.8,20.2,104.4,3.2,588558,27323,40,40,bbr1
0.425,26886,18,21600,43.8,45.1,20.2,104.4,2.8,588558,27327,40,40,bbr1
0.434,28141,19,23040,44.1,46.2,20.2,104.4,2.7,353135,27330,40,40,bbr1
0.438,28141,19,21600,44.5,47.4,20.2,104.4,2.9,353135,27331,40,40,bbr1
0.446,28141,19,21600,45.1,49.6,20.2,104.4,3.4,353135,27333,40,40,bbr1
0.454,28141,19,21600,46.0,51.7,20.2,104.4,4.2,353135,27335,40,40,bbr1
0.458,28141,19,20160,45.6,42.8,20.2,104.4,3.9,353135,27336,40,40,bbr1
0.472,19766,13,17280,46.2,50.2,20.2,104.4,3.5,353135,27338,40,40,bbr1
0.478,22614,15,17280,46.9,51.9,20.2,104.4,4.0,470847,27340,40,40,bbr1
0.488,25462,17,20160,47.8,54.0,20.2,104.4,4.8,470847,27344,40,40,bbr1
0.494,28141,19,20160,48.4,52.7,20.2,104.4,4.8,470847,27346,40,40,bbr1
0.500,28141,19,20160,48.7,51.0,20.2,104.4,4.3,470847,27348,40,40,bbr1
0.506,28141,19,20160,48.9,49.9,20.2,104.4,3.5,470847,27350,40,40,bbr1
0.515,28141,19,21600,48.9,48.8,20.2,104.4,2.6,470847,27353,40,40,bbr1
0.522,28141,19,21600,48.1,42.6,20.2,104.4,3.5,470847,27355,40,40,bbr1
0.532,19766,13,18720,47.1,45.0,20.2,104.4,3.6,588558,27357,40,40,bbr1
0.538,22614,15,17280,46.9,45.7,20.2,104.4,3.0,588558,27358,40,40,bbr1
0.546,25462,17,20160,46.8,46.1,20.2,104.4,2.5,588558,27362,40,40,bbr1
0.553,28141,19,21600,46.9,47.1,20.2,104.4,1.9,588558,27365,40,40,bbr1
0.562,28141,19,23040,47.0,47.9,20.2,104.4,1.7,353135,27368,40,40,bbr1
0.566,28141,19,21600,47.2,48.8,20.2,104.4,1.7,353135,27369,40,40,bbr1
0.575,28141,19,21600,47.5,49.2,20.2,104.4,1.8,353135,27371,40,40,bbr1
0.586,19766,13,18720,46.7,42.8,20.2,104.4,2.4,353135,27373,40,40,bbr1
0.593,22614,15,17280,46.9,48.2,20.2,104.4,2.2,353135,27374,40,40,bbr1
0.600,25462,17,18720,47.3,49.9,20.2,104.4,2.4,470847,27377,40,40,bbr1
0.610,28141,19,20160,47.9,52.0,20.2,104.4,2.9,470847,27380,40,40,bbr1
0.616,28141,19,20160,48.6,54.0,20.2,104.4,3.7,470847,27382,40,40,bbr1
0.622,28141,19,20160,49.1,52.7,20.2,104.4,3.8,470847,27384,40,40,bbr1
0.627,28141,19,20160,49.4,50.8,20.2,104.4,3.3,588558,27386,40,40,bbr1
0.641,19766,13,18720,48.2,42.7,20.2,104.4,4.0,353135,27389,40,40,bbr1
0.648,22614,15,17280,47.9,45.8,20.2,104.4,3.6,353135,27390,40,40,bbr1
0.656,25462,17,18720,47.7,46.4,20.2,104.4,3.1,353135,27393,40,40,bbr1
0.665,28141,19,18720,47.6,46.9,20.2,104.4,2.5,353135,27395,40,40,bbr1
0.668,28141,19,17280,47.6,47.9,20.2,104.4,1.9,353135,27396,40,40,bbr1
0.675,28141,19,17280,47.8,48.7,20.2,104.4,1.7,470847,27398,40,40,bbr1
0.685,28141,19,18720,48.1,50.7,20.2,104.4,2.0,470847,27401,40,40,bbr1
0.691,18342,12,17280,47.2,41.0,20.2,104.4,3.3,470847,27403,40,40,bbr1
0.694,19766,13,17280,46.5,41.1,20.2,104.4,4.0,470847,27404,40,40,bbr1
0.701,22614,15,17280,46.1,43.2,20.2,104.4,3.8,470847,27406,40,40,bbr1
0.709,25462,17,18720,45.5,41.5,20.2,104.4,4.0,470847,27409,40,40,bbr1
0.007,24177,16,0,43.9,44.9,20.2,104.4,1.9,588558,27410,40,40,bbr1
0.007,26755,18,0,42.0,28.3,20.2,104.4,5.3,588558,27412,40,40,bbr1
0.034,28141,19,14400,39.8,24.3,20.2,104.4,8.4,588558,27426,40,40,bbr1
0.044,28141,19,17280,38.5,29.7,20.2,104.4,8.8,588558,27430,40,40,bbr1
0.051,28141,19,18720,37.7,31.7,20.2,104.4,8.3,588558,27433,40,40,bbr1
0.058,28141,19,20160,37.2,33.6,20.2,104.4,7.2,588558,27436,40,40,bbr1
0.066,28141,19,21600,37.0,35.6,20.2,104.4,5.8,588558,27439,40,40,bbr1
0.075,28141,19,23040,37.0,37.6,20.2,104.4,4.5,353135,27442,40,40,bbr1
0.079,28141,19,21600,37.3,39.5,20.2,104.4,4.0,353135,27443,40,40,bbr1
0.087,28141,19,21600,37.9,41.5,20.2,104.4,4.0,353135,27445,40,40,bbr1
0.095,28141,19,21600,38.6,43.4,20.2,104.4,4.4,353135,27447,40,40,bbr1
0.099,28141,19,20160,39.4,45.1,20.2,104.4,5.0,353135,27448,40,40,bbr1
0.107,28141,19,20160,40.4,47.3,20.2,104.4,5.7,353135,27450,40,40,bbr1
0.116,28141,19,20160,41.5,49.3,20.2,104.4,6.5,353135,27452,40,40,bbr1
0.120,28141,19,18720,42.7,50.9,20.2,104.4,7.2,353135,27453,40,40,bbr1
0.128,28141,19,18720,44.0,53.2,20.2,104.4,8.1,353135,27455,40,40,bbr1
0.136,27833,19,18720,45.0,51.9,20.2,104.4,8.0,347557,27457,40,40,bbr1
0.140,27833,19,17280,45.7,50.6,20.2,104.4,7.4,347557,27458,40,40,bbr1
0.153,19612,13,14400,46.3,48.0,20.2,104.4,5.3,463410,27460,40,40,bbr1
0.160,22460,15,15840,46.4,46.8,20.2,104.4,4.1,463410,27463,40,40,bbr1
0.169,25308,17,17280,46.3,45.4,20.2,104.4,3.3,463410,27466,40,40,bbr1
0.175,27833,19,17280,46.0,44.2,20.2,104.4,3.0,463410,27468,40,40,bbr1
0.182,27084,18,17280,45.5,42.3,20.2,104.4,3.2,445334,27470,40,40,bbr1
0.188,27084,18,15840,44.1,33.9,20.2,104.4,5.3,445334,27472,40,40,bbr1
0.199,17814,12,14455,42.1,37.3,20.2,104.4,6.2,445334,27475,40,40,bbr1
0.206,20662,14,15895,41.7,38.4,20.2,104.4,5.6,445334,27478,40,40,bbr1
0.216,23510,16,17335,41.4,39.2,20.2,104.4,4.8,445334,27481,40,40,bbr1
0.221,26358,18,17335,41.2,39.8,20.2,104.4,4.0,556667,27483,40,40,bbr1
0.227,26432,18,17335,41.0,39.8,20.2,104.4,3.4,536982,27485,40,40,bbr1
0.235,26432,18,18775,40.9,40.0,20.2,104.4,2.8,536982,27488,40,40,bbr1
0.247,18951,13,17280,40.1,39.3,20.2,104.4,2.7,322189,27491,40,40,bbr1
0.254,21799,15,17280,40.1,39.8,20.2,104.4,2.1,322189,27493,40,40,bbr1
0.262,24647,17,17280,40.1,39.9,20.2,104.4,1.6,322189,27495,40,40,bbr1
0.271,26432,18,17280,40.2,41.4,20.2,104.4,1.6,322189,27497,40,40,bbr1
0.275,26432,18,15840,40.6,43.0,20.2,104.4,1.9,429586,27498,40,40,bbr1
0.285,26432,18,17280,41.2,45.2,20.2,104.4,2.6,429586,27501,40,40,bbr1
0.291,26432,18,17280,41.8,46.5,20.2,104.4,3.3,429586,27503,40,40,bbr1
0.302,18912,13,14400,42.1,42.0,20.2,104.4,2.3,429586,27505,40,40,bbr1
0.309,21760,15,15840,41.9,40.2,20.2,104.4,2.2,429586,27508,40,40,bbr1
0.319,26032,18,15840,41.3,37.5,20.2,104.4,2.7,429586,27511,40,40,bbr1
0.325,26432,18,15840,40.9,37.8,20.2,104.4,2.9,536982,27513,40,40,bbr1
0.333,26432,18,18720,40.5,37.8,20.2,104.4,3.0,536982,27516,40,40,bbr1
0.338,18912,13,15840,39.5,32.5,20.2,104.4,4.2,536982,27518,40,40,bbr1
0.346,21760,15,17280,38.8,34.2,20.2,104.4,4.5,536982,27521,40,40,bbr1
0.354,26032,18,17280,38.3,34.4,20.2,104.4,4.5,536982,27524,40,40,bbr1
0.363,26432,18,18720,37.8,34.8,20.2,104.4,4.2,536982,27527,40,40,bbr1
0.371,26585,18,20160,37.6,36.3,20.2,104.4,3.6,541608,27530,40,40,bbr1
0.376,27263,18,20160,37.7,38.4,20.2,104.4,2.9,562045,27532,40,40,bbr1
0.383,27263,18,21600,37.9,39.3,20.2,104.4,2.5,562045,27535,40,40,bbr1
0.393,27263,18,23040,38.3,41.1,20.2,104.4,2.7,337227,27538,40,40,bbr1
0.397,27263,18,21600,38.8,42.2,20.2,104.4,3.0,337227,27539,40,40,bbr1
0.410,19327,13,18720,40.1,45.1,20.2,104.4,4.0,337227,27541,40,40,bbr1
0.417,22175,15,17280,40.9,46.6,20.2,104.4,4.6,337227,27542,40,40,bbr1
0.424,25023,17,18720,41.9,48.7,20.2,104.4,5.4,449636,27545,40,40,bbr1
0.430,27263,18,18720,42.9,49.8,20.2,104.4,6.0,449636,27547,40,40,bbr1
0.440,27263,18,20160,44.0,51.9,20.2,104.4,6.8,449636,27550,40,40,bbr1
0.447,27263,18,20160,45.2,53.3,20.2,104.4,7.4,449636,27552,40,40,bbr1
0.452,27263,18,20160,46.0,51.9,20.2,104.4,7.2,562045,27554,40,40,bbr1
0.458,27263,18,20160,46.0,46.2,20.2,104.4,5.5,562045,27556,40,40,bbr1
0.471,19327,13,18720,45.6,45.1,20.2,104.4,3.8,337227,27559,40,40,bbr1
0.478,22175,15,17280,45.6,46.0,20.2,104.4,3.0,337227,27560,40,40,bbr1
0.487,25023,17,18720,45.7,46.5,20.2,104.4,2.4,337227,27563,40,40,bbr1
0.495,27263,18,18720,45.9,46.9,20.2,104.4,2.1,337227,27565,40,40,bbr1
0.500,27263,18,17280,46.0,46.7,20.2,104.4,1.8,337227,27566,40,40,bbr1
0.508,27263,18,17280,46.4,49.1,20.2,104.4,2.1,449636,27568,40,40,bbr1
0.513,27263,18,15840,46.7,49.3,20.2,104.4,2.3,449636,27570,40,40,bbr1
0.523,27263,18,15840,46.0,40.9,20.2,104.4,3.2,449636,27573,40,40,bbr1
0.538,19327,13,14455,45.0,40.9,20.2,104.4,3.6,449636,27577,40,40,bbr1
0.548,22175,15,17335,44.2,39.2,20.2,104.4,4.2,449636,27581,40,40,bbr1
0.554,25023,17,17335,43.6,39.4,20.2,104.4,4.3,449636,27583,40,40,bbr1
0.560,27263,18,17335,43.2,40.2,20.2,104.4,4.1,562045,27585,40,40,bbr1
0.568,27263,18,18775,42.9,40.6,20.2,104.4,3.7,562045,27588,40,40,bbr1
0.573,27263,18,18775,42.6,41.0,20.2,104.4,3.3,562045,27590,40,40,bbr1
0.580,27263,18,20160,41.8,36.0,20.2,104.4,4.1,562045,27593,40,40,bbr1
0.593,19327,13,18775,41.4,40.1,20.2,104.4,3.0,337227,27597,40,40,bbr1
0.600,22175,15,17335,41.3,40.8,20.2,104.4,2.4,337227,27598,40,40,bbr1
0.609,25023,17,18775,41.4,42.0,20.2,104.4,2.0,337227,27601,40,40,bbr1
0.617,27263,18,18775,41.8,44.4,20.2,104.4,2.2,337227,27603,40,40,bbr1
0.621,27263,18,17335,42.3,46.0,20.2,104.4,2.7,337227,27604,40,40,bbr1
0.629,27263,18,17335,43.0,47.5,20.2,104.4,3.3,449636,27606,40,40,bbr1
0.635,27263,18,17335,43.7,48.9,20.2,104.4,4.0,449636,27608,40,40,bbr1
0.648,19366,13,14455,43.9,42.8,20.2,104.4,3.0,562045,27611,40,40,bbr1
0.656,22214,15,17335,43.9,44.2,20.2,104.4,2.3,562045,27615,40,40,bbr1
0.664,25062,17,18775,43.7,42.3,20.2,104.4,2.2,562045,27618,40,40,bbr1
0.668,27263,18,18775,43.4,41.0,20.2,104.4,2.3,562045,27620,40,40,bbr1
0.676,27263,18,20215,43.1,41.6,20.2,104.4,2.2,562045,27623,40,40,bbr1
0.684,27263,18,21655,43.0,42.0,20.2,104.4,1.9,562045,27626,40,40,bbr1
0.703,22214,15,17335,42.2,43.2,20.2,104.4,2.2,337227,27630,40,40,bbr1
0.712,26486,18,17335,42.4,43.9,20.2,104.4,2.1,337227,27633,40,40,bbr1
0.720,27263,18,17335,42.7,45.1,20.2,104.4,2.2,449636,27635,40,40,bbr1
0.006,3072,2,0,43.4,41.7,20.2,104.4,3.0,562045,27638,41,41,bbr1
0.007,5760,4,0,41.6,29.0,20.2,104.4,5.9,562045,27640,41,41,bbr1
0.032,11456,7,1440,39.4,23.7,20.2,104.4,8.9,562045,27645,41,41,bbr1
0.042,12880,8,7200,37.9,27.3,20.2,104.4,9.7,562045,27650,41,41,bbr1
0.058,17152,11,8640,35.8,21.3,20.2,104.4,11.4,562045,27654,41,41,bbr1
0.066,20000,13,11520,34.2,22.9,20.2,104.4,11.8,562045,27658,41,41,bbr1
0.074,22848,15,12960,33.0,24.3,20.2,104.4,11.3,562045,27661,41,41,bbr1
0.078,25696,17,12960,32.2,26.5,20.2,104.4,10.1,562045,27663,41,41,bbr1
0.086,27263,18,14400,30.9,22.3,20.2,104.4,10.0,562045,27666,41,41,bbr1
0.094,27263,18,15840,30.5,27.4,20.2,104.4,8.4,562045,27669,41,41,bbr1
0.099,27263,18,15840,30.3,29.1,20.2,104.4,6.7,562045,27671,41,41,bbr1
0.107,27263,18,17280,30.3,30.4,20.2,104.4,5.0,562045,27674,41,41,bbr1
0.115,27263,18,18720,30.6,32.4,20.2,104.4,4.3,562045,27677,41,41,bbr1
0.119,27263,18,18720,31.0,34.3,20.2,104.4,4.2,562045,27679,41,41,bbr1
0.127,27002,18,20160,31.7,36.0,20.2,104.4,4.3,554183,27682,41,41,bbr1
0.137,27002,18,21600,32.4,37.3,20.2,104.4,4.7,332510,27685,41,41,bbr1
0.141,27002,18,20160,33.2,39.4,20.2,104.4,5.3,332510,27686,41,41,bbr1
0.150,27002,18,20160,34.2,41.1,20.2,104.4,5.9,332510,27688,41,41,bbr1
0.154,27002,18,18720,35.3,42.8,20.2,104.4,6.6,332510,27689,41,41,bbr1
0.163,27002,18,18720,36.4,44.2,20.2,104.4,7.2,332510,27691,41,41,bbr1
0.172,27002,18,18720,37.6,46.3,20.2,104.4,7.8,332510,27693,41,41,bbr1
0.176,27002,18,17280,38.9,47.6,20.2,104.4,8.4,332510,27694,41,41,bbr1
0.183,27002,18,17280,40.2,49.7,20.2,104.4,9.0,443347,27696,41,41,bbr1
0.190,27002,18,17280,41.4,49.6,20.2,104.4,9.1,443347,27698,41,41,bbr1
0.202,19197,13,14400,42.7,46.1,20.2,104.4,7.3,443347,27700,41,41,bbr1
0.212,22045,15,17280,42.9,44.1,20.2,104.4,5.8,443347,27704,41,41,bbr1
0.218,26317,18,15840,42.5,39.8,20.2,104.4,5.1,443347,27706,41,41,bbr1
0.225,27002,18,15840,42.0,39.0,20.2,104.4,4.7,443347,27708,41,41,bbr1
0.231,27002,18,15840,41.7,39.0,20.2,104.4,4.3,443347,27710,41,41,bbr1
0.241,27002,18,15840,40.7,34.2,20.2,104.4,5.1,443347,27713,41,41,bbr1
0.255,19197,13,14400,40.1,38.2,20.2,104.4,3.9,554183,27716,41,41,bbr1
0.263,22045,15,17280,39.9,38.2,20.2,104.4,3.4,554183,27720,41,41,bbr1
0.271,24893,17,18720,39.7,38.5,20.2,104.4,2.9,554183,27723,41,41,bbr1
0.276,27002,18,18720,39.6,39.3,20.2,104.4,2.3,554183,27725,41,41,bbr1
0.283,27002,18,20160,39.6,39.7,20.2,104.4,1.7,554183,27728,41,41,bbr1
0.293,27002,18,21600,39.7,40.1,20.2,104.4,1.4,332510,27731,41,41,bbr1
0.303,20621,14,15840,39.3,39.9,20.2,104.4,1.6,337728,27732,41,41,bbr1
0.311,23469,16,17280,39.5,41.2,20.2,104.4,1.7,450304,27735,41,41,bbr1
0.320,27741,19,17280,39.9,42.5,20.2,104.4,2.0,466382,27738,41,41,bbr1
0.326,27956,19,17280,40.4,44.1,20.2,104.4,2.5,466382,27740,41,41,bbr1
0.332,27956,19,18720,40.8,43.3,20.2,104.4,2.6,466382,27742,41,41,bbr1
0.338,27956,19,18720,41.3,44.8,20.2,104.4,3.0,466382,27744,41,41,bbr1
0.344,18250,12,17280,41.0,39.2,20.2,104.4,2.7,582977,27746,41,41,bbr1
0.362,23946,16,18720,41.2,42.6,20.2,104.4,1.9,582977,27751,41,41,bbr1
0.369,26794,18,20160,41.2,40.8,20.2,104.4,1.5,582977,27754,41,41,bbr1
0.374,27956,19,20160,41.3,42.0,20.2,104.4,1.4,582977,27756,41,41,bbr1
0.382,27956,19,21600,41.5,42.7,20.2,104.4,1.4,582977,27759,41,41,bbr1
0.390,27956,19,23040,41.7,43.4,20.2,104.4,1.5,349786,27762,41,41,bbr1
0.394,27956,19,20160,41.2,37.6,20.2,104.4,2.2,349786,27763,41,41,bbr1
0.410,19674,13,18720,41.8,44.4,20.2,104.4,2.3,349786,27766,41,41,bbr1
0.417,22522,15,17280,42.4,46.8,20.2,104.4,3.0,349786,27767,41,41,bbr1
0.425,25370,17,18720,43.1,48.4,20.2,104.4,3.7,466382,27770,41,41,bbr1
0.431,27956,19,18720,44.1,50.5,20.2,104.4,4.6,466382,27772,41,41,bbr1
0.440,27956,19,20160,45.1,52.2,20.2,104.4,5.5,466382,27775,41,41,bbr1
0.447,27956,19,20160,46.0,52.5,20.2,104.4,6.0,466382,27777,41,41,bbr1
0.452,27956,19,20160,46.7,51.2,20.2,104.4,5.8,582977,27779,41,41,bbr1
0.460,27956,19,21600,46.6,46.2,20.2,104.4,4.5,582977,27782,41,41,bbr1
0.479,22522,15,17280,46.1,46.2,20.2,104.4,2.5,349786,27785,41,41,bbr1
0.487,25370,17,18720,46.2,46.7,20.2,104.4,2.1,349786,27788,41,41,bbr1
0.496,27956,19,18720,46.4,47.7,20.2,104.4,1.9,349786,27790,41,41,bbr1
0.500,27956,19,17280,46.6,48.5,20.2,104.4,2.0,349786,27791,41,41,bbr1
0.507,27956,19,17280,47.1,50.3,20.2,104.4,2.4,466382,27793,41,41,bbr1
0.513,27956,19,17280,47.7,51.9,20.2,104.4,3.0,466382,27795,41,41,bbr1
0.522,27956,19,18720,48.5,54.2,20.2,104.4,3.9,466382,27798,41,41,bbr1
0.528,18250,12,17280,47.9,43.7,20.2,104.4,4.1,466382,27800,41,41,bbr1
0.535,21098,14,15840,47.2,42.4,20.2,104.4,4.5,466382,27801,41,41,bbr1
0.545,23946,16,18720,46.4,41.0,20.2,104.4,4.9,466382,27805,41,41,bbr1
0.550,26794,18,18720,45.7,40.7,20.2,104.4,5.1,582977,27807,41,41,bbr1
0.558,27956,19,20160,45.1,41.0,20.2,104.4,5.0,582977,27810,41,41,bbr1
0.565,27956,19,21600,44.7,41.6,20.2,104.4,4.6,582977,27813,41,41,bbr1
0.570,27956,19,21600,44.4,42.6,20.2,104.4,4.0,582977,27815,41,41,bbr1
0.580,27956,19,21600,43.8,39.3,20.2,104.4,4.3,349786,27818,41,41,bbr1
0.594,19674,13,18720,43.8,44.1,20.2,104.4,2.6,349786,27820,41,41,bbr1
0.601,22522,15,17280,44.0,46.0,20.2,104.4,2.5,349786,27821,41,41,bbr1
0.608,25370,17,18720,44.5,47.5,20.2,104.4,2.8,466382,27824,41,41,bbr1
0.614,27956,19,18720,45.1,49.8,20.2,104.4,3.4,466382,27826,41,41,bbr1
0.623,27956,19,20160,46.0,51.9,20.2,104.4,4.2,466382,27829,41,41,bbr1
0.629,27956,19,20160,46.9,53.6,20.2,104.4,5.1,466382,27831,41,41,bbr1
0.635,27956,19,20160,47.8,53.4,20.2,104.4,5.4,582977,27833,41,41,bbr1
0.648,19674,13,18720,47.0,42.7,20.2,104.4,4.6,349786,27836,41,41,bbr1
0.655,22522,15,17280,46.8,45.8,20.2,104.4,3.7,349786,27837,41,41,bbr1
0.664,25370,17,18720,46.7,46.3,20.2,104.4,2.9,349786,27840,41,41,bbr1
0.672,27956,19,18720,46.8,46.8,20.2,104.4,2.2,349786,27842,41,41,bbr1
0.676,27956,19,17280,46.9,47.7,20.2,104.4,1.9,349786,27843,41,41,bbr1
0.683,27956,19,17280,47.1,48.5,20.2,104.4,1.8,466382,27845,41,41,bbr1
0.693,27956,19,17280,47.4,49.6,20.2,104.4,2.0,466382,27848,41,41,bbr1
0.699,18250,12,15840,46.6,41.0,20.2,104.4,3.1,466382,27850,41,41,bbr1
0.708,21098,14,15840,46.1,43.0,20.2,104.4,3.2,466382,27852,41,41,bbr1
0.718,23946,16,18720,45.5,41.3,20.2,104.4,3.6,466382,27856,41,41,bbr1
0.723,26794,18,18720,44.9,40.2,20.2,104.4,4.0,582977,27858,41,41,bbr1
0.731,27956,19,20160,44.4,40.9,20.2,104.4,4.0,582977,27861,41,41,bbr1
0.738,27956,19,21600,44.0,41.4,20.2,104.4,3.8,582977,27864,41,41,bbr1
0.749,21098,14,17280,43.2,39.4,20.2,104.4,3.6,349786,27866,41,41,bbr1
0.760,23946,16,18720,43.2,43.3,20.2,104.4,2.8,349786,27869,41,41,bbr1
0.770,26794,18,20160,43.3,44.1,20.2,104.4,2.3,349786,27872,41,41,bbr1
0.774,27956,19,18720,43.6,46.0,20.2,104.4,2.4,349786,27873,41,41,bbr1
0.782,27956,19,18720,44.1,47.5,20.2,104.4,2.8,349786,27875,41,41,bbr1
0.791,27956,19,18720,44.8,49.8,20.2,104.4,3.5,349786,27877,41,41,bbr1
0.795,27956,19,17280,45.7,51.7,20.2,104.4,4.3,349786,27878,41,41,bbr1
0.802,27956,19,17280,45.8,46.2,20.2,104.4,3.4,466382,27880,41,41,bbr1
0.815,19674,13,14400,45.9,46.7,20.2,104.4,2.2,466382,27882,41,41,bbr1
0.824,22522,15,17280,45.8,45.1,20.2,104.4,1.9,466382,27886,41,41,bbr1
0.830,25370,17,17280,45.6,44.0,20.2,104.4,1.9,466382,27888,41,41,bbr1
0.836,27956,19,17280,45.2,42.1,20.2,104.4,2.3,466382,27890,41,41,bbr1
0.843,26566,18,17280,44.6,40.9,20.2,104.4,2.8,432816,27892,41,41,bbr1
0.850,26566,18,15840,43.3,34.1,20.2,104.4,4.7,432816,27894,41,41,bbr1
0.856,26566,18,17280,42.2,34.1,20.2,104.4,5.8,432816,27896,41,41,bbr1
0.868,18979,13,14400,41.3,38.9,20.2,104.4,4.8,541020,27898,41,41,bbr1
0.875,21827,15,17280,41.0,39.2,20.2,104.4,4.1,541020,27902,41,41,bbr1
0.883,24675,17,18720,40.9,40.0,20.2,104.4,3.3,541020,27905,41,41,bbr1
0.889,26439,18,18720,40.8,40.3,20.2,104.4,2.6,537190,27907,41,41,bbr1
0.897,26439,18,20160,40.7,40.2,20.2,104.4,2.1,537190,27910,41,41,bbr1
0.904,26439,18,20160,40.7,40.7,20.2,104.4,1.6,322314,27912,41,41,bbr1
0.913,26439,18,20160,40.1,36.0,20.2,104.4,2.4,322314,27914,41,41,bbr1
0.922,18915,13,15840,40.4,41.8,20.2,104.4,1.9,322314,27915,41,41,bbr1
0.930,21763,15,17280,40.9,43.9,20.2,104.4,2.3,429752,27918,41,41,bbr1
0.937,24611,17,17280,41.4,45.2,20.2,104.4,2.8,425228,27920,41,41,bbr1
0.944,26252,18,17280,42.0,46.5,20.2,104.4,3.4,425228,27922,41,41,bbr1
0.951,26252,18,17280,42.8,47.9,20.2,104.4,4.0,425228,27924,41,41,bbr1
0.958,26252,18,17280,43.2,46.3,20.2,104.4,3.9,425228,27926,41,41,bbr1
0.963,17398,12,15840,42.7,39.3,20.2,104.4,3.9,531535,27928,41,41,bbr1
0.974,20246,14,15840,42.6,41.6,20.2,104.4,3.2,531535,27930,41,41,bbr1
0.006,20135,13,0,41.6,37.7,20.2,104.4,2.1,531535,27933,42,42,bbr1
0.007,22713,15,0,39.7,27.1,20.2,104.4,5.2,531535,27935,42,42,bbr1
0.036,26252,18,12960,37.8,23.9,20.2,104.4,7.8,531535,27948,42,42,bbr1
0.047,26252,18,15840,36.6,28.7,20.2,104.4,8.1,531535,27952,42,42,bbr1
0.053,26252,18,15840,35.8,30.2,20.2,104.4,7.7,531535,27954,42,42,bbr1
0.061,26252,18,17280,35.3,31.6,20.2,104.4,6.9,531535,27957,42,42,bbr1
0.067,26252,18,17280,35.0,33.0,20.2,104.4,5.7,531535,27959,42,42,bbr1
0.075,26252,18,18720,34.9,34.4,20.2,104.4,4.4,531535,27962,42,42,bbr1
0.080,26252,18,18720,35.1,35.9,20.2,104.4,3.6,531535,27964,42,42,bbr1
0.088,26252,18,20160,35.3,37.3,20.2,104.4,3.2,531535,27967,42,42,bbr1
0.095,26252,18,20160,35.7,38.3,20.2,104.4,3.2,318921,27969,42,42,bbr1
0.104,26252,18,20160,36.2,39.7,20.2,104.4,3.4,318921,27971,42,42,bbr1
0.109,26252,18,18720,36.9,41.6,20.2,104.4,3.9,318921,27972,42,42,bbr1
0.118,26252,18,18720,37.6,43.0,20.2,104.4,4.4,318921,27974,42,42,bbr1
0.123,26252,18,17280,38.5,44.1,20.2,104.4,5.0,318921,27975,42,42,bbr1
0.131,26252,18,17280,39.4,45.9,20.2,104.4,5.6,425228,27977,42,42,bbr1
0.137,26252,18,17280,40.4,47.3,20.2,104.4,6.1,425228,27979,42,42,bbr1
0.144,26252,18,17280,41.4,48.7,20.2,104.4,6.7,425228,27981,42,42,bbr1
0.155,18822,13,14400,42.3,44.1,20.2,104.4,5.3,425228,27983,42,42,bbr1
0.165,21670,15,17280,42.3,42.1,20.2,104.4,4.0,425228,27987,42,42,bbr1
0.172,24518,17,17280,42.0,40.0,20.2,104.4,3.6,425228,27989,42,42,bbr1
0.179,26252,18,17280,41.7,40.0,20.2,104.4,3.2,425228,27991,42,42,bbr1
0.185,26252,18,17280,41.5,39.8,20.2,104.4,2.9,425228,27993,42,42,bbr1
0.192,26252,18,17280,41.3,40.0,20.2,104.4,2.5,425228,27995,42,42,bbr1
0.195,26252,18,15840,40.4,34.3,20.2,104.4,3.6,425228,27996,42,42,bbr1
0.202,15974,11,15840,40.1,37.7,20.2,104.4,3.4,531535,27998,42,42,bbr1
0.208,18822,13,14400,39.8,37.8,20.2,104.4,3.1,531535,27999,42,42,bbr1
0.216,21670,15,17280,39.6,37.8,20.2,104.4,2.8,531535,28003,42,42,bbr1
0.225,24518,17,18720,39.3,37.8,20.2,104.4,2.6,531535,28006,42,42,bbr1
0.230,26252,18,18720,39.2,38.0,20.2,104.4,2.3,531535,28008,42,42,bbr1
0.238,26252,18,20160,39.0,38.1,20.2,104.4,2.0,531535,28011,42,42,bbr1
0.249,18822,13,17280,38.6,35.9,20.2,104.4,1.9,318921,28013,42,42,bbr1
0.256,21670,15,17280,38.9,40.7,20.2,104.4,2.0,318921,28015,42,42,bbr1
0.263,25942,18,15840,39.2,41.3,20.2,104.4,2.1,444019,28017,42,42,bbr1
0.271,27030,18,17280,39.4,40.8,20.2,104.4,2.0,444019,28020,42,42,bbr1
0.278,27678,19,15840,39.8,42.9,20.2,104.4,2.3,459679,28022,42,42,bbr1
0.287,27678,19,18720,40.1,41.9,20.2,104.4,2.3,459679,28025,42,42,bbr1
0.290,18111,12,15840,39.9,38.8,20.2,104.4,2.0,599888,28026,42,42,bbr1
0.299,20959,14,15840,39.6,37.8,20.2,104.4,2.1,599888,28028,42,42,bbr1
0.306,23807,16,18720,39.5,38.7,20.2,104.4,1.8,599888,28032,42,42,bbr1
0.313,26655,18,20160,39.5,39.0,20.2,104.4,1.5,599888,28035,42,42,bbr1
0.320,28516,19,21600,39.4,39.3,20.2,104.4,1.2,599888,28038,42,42,bbr1
0.329,28516,19,23040,39.5,39.9,20.2,104.4,1.0,359933,28041,42,42,bbr1
0.333,28516,19,21600,39.7,41.1,20.2,104.4,1.1,359933,28042,42,42,bbr1
0.348,21378,14,17280,40.1,43.1,20.2,104.4,1.6,359933,28044,42,42,bbr1
0.355,24226,16,18720,40.7,45.0,20.2,104.4,2.4,479911,28047,42,42,bbr1
0.364,27074,18,20160,41.5,46.9,20.2,104.4,3.4,479911,28050,42,42,bbr1
0.371,28516,19,20160,42.4,49.2,20.2,104.4,4.4,479911,28052,42,42,bbr1
0.377,28516,19,20160,43.5,51.3,20.2,104.4,5.5,479911,28054,42,42,bbr1
0.385,28516,19,21600,44.5,51.7,20.2,104.4,6.2,599888,28057,42,42,bbr1
0.389,28516,19,21600,45.3,50.4,20.2,104.4,6.1,599888,28059,42,42,bbr1
0.397,28516,19,23040,45.0,42.7,20.2,104.4,5.2,599888,28062,42,42,bbr1
0.417,22802,15,18720,45.6,47.5,20.2,104.4,3.2,359933,28065,42,42,bbr1
0.425,25650,17,20160,45.9,48.5,20.2,104.4,3.1,359933,28068,42,42,bbr1
0.433,28498,19,20160,46.3,49.3,20.2,104.4,3.2,359933,28070,42,42,bbr1
0.441,28516,19,20160,46.9,50.8,20.2,104.4,3.5,359933,28072,42,42,bbr1
0.445,28516,19,18720,47.6,52.9,20.2,104.4,4.1,359933,28073,42,42,bbr1
0.453,28516,19,18720,48.6,54.9,20.2,104.4,4.9,359933,28075,42,42,bbr1
0.461,28516,19,18720,49.6,56.7,20.2,104.4,5.7,359933,28077,42,42,bbr1
0.465,18530,12,15840,49.1,46.2,20.2,104.4,5.1,359933,28078,42,42,bbr1
0.475,21378,14,15840,49.0,48.3,20.2,104.4,4.0,479911,28080,42,42,bbr1
0.484,24226,16,18720,48.8,47.2,20.2,104.4,3.5,479911,28084,42,42,bbr1
0.490,27074,18,18720,48.4,45.5,20.2,104.4,3.4,479911,28086,42,42,bbr1
0.496,28516,19,18720,47.9,44.4,20.2,104.4,3.6,479911,28088,42,42,bbr1
0.504,28516,19,18720,47.1,41.4,20.2,104.4,4.3,599888,28091,42,42,bbr1
0.512,28516,19,20160,46.2,40.2,20.2,104.4,5.0,599888,28094,42,42,bbr1
0.519,28516,19,21600,45.2,37.7,20.2,104.4,5.9,599888,28097,42,42,bbr1
0.538,22802,15,17335,44.3,43.5,20.2,104.4,3.6,359933,28101,42,42,bbr1
0.546,25650,17,18775,44.3,44.3,20.2,104.4,2.7,359933,28104,42,42,bbr1
0.554,28498,19,18775,44.5,45.7,20.2,104.4,2.4,359933,28106,42,42,bbr1
0.562,28516,19,18775,44.9,47.9,20.2,104.4,2.6,359933,28108,42,42,bbr1
0.567,28516,19,17335,45.5,49.9,20.2,104.4,3.2,359933,28109,42,42,bbr1
0.573,28516,19,17335,46.3,51.9,20.2,104.4,4.0,479911,28111,42,42,bbr1
0.579,28516,19,17335,47.3,54.1,20.2,104.4,4.9,479911,28113,42,42,bbr1
0.593,19993,13,15895,46.5,45.1,20.2,104.4,4.0,479911,28117,42,42,bbr1
0.600,22841,15,17335,46.2,43.9,20.2,104.4,3.7,479911,28120,42,42,bbr1
0.608,25689,17,18775,45.8,42.8,20.2,104.4,3.6,479911,28123,42,42,bbr1
0.614,28516,19,18775,45.2,41.1,20.2,104.4,3.9,599888,28125,42,42,bbr1
0.621,28516,19,20215,44.8,42.1,20.2,104.4,3.7,599888,28128,42,42,bbr1
0.628,28516,19,21655,44.6,43.2,20.2,104.4,3.2,599888,28131,42,42,bbr1
0.645,21417,14,18720,43.8,42.8,20.2,104.4,3.0,359933,28134,42,42,bbr1
0.651,24265,16,18720,43.9,44.4,20.2,104.4,2.4,359933,28136,42,42,bbr1
0.661,27113,18,20160,44.0,45.1,20.2,104.4,2.1,359933,28139,42,42,bbr1
0.669,28516,19,20160,44.5,47.4,20.2,104.4,2.4,359933,28141,42,42,bbr1
0.673,28516,19,18720,45.1,49.5,20.2,104.4,3.1,359933,28142,42,42,bbr1
0.681,28516,19,18720,45.9,51.5,20.2,104.4,3.9,359933,28144,42,42,bbr1
0.689,28516,19,17280,46.8,52.8,20.2,104.4,4.7,359933,28146,42,42,bbr1
0.696,28516,19,17280,46.5,44.5,20.2,104.4,4.1,479911,28148,42,42,bbr1
0.708,19954,13,14455,46.4,45.6,20.2,104.4,2.6,479911,28151,42,42,bbr1
0.717,22802,15,17335,46.1,44.4,20.2,104.4,2.4,479911,28155,42,42,bbr1
0.723,25650,17,17335,45.7,42.7,20.2,104.4,2.7,479911,28157,42,42,bbr1
0.729,28498,19,17335,45.2,41.6,20.2,104.4,3.0,479911,28159,42,42,bbr1
0.738,28516,19,18775,44.6,40.6,20.2,104.4,3.4,479911,28162,42,42,bbr1
0.744,28516,19,18775,44.3,41.7,20.2,104.4,3.3,479911,28164,42,42,bbr1
0.756,19993,13,15840,42.8,40.0,20.2,104.4,4.2,599888,28166,42,42,bbr1
0.763,22841,15,17280,42.6,41.0,20.2,104.4,3.6,564115,28169,42,42,bbr1
0.771,25689,17,20160,42.5,41.9,20.2,104.4,2.9,564115,28173,42,42,bbr1
0.779,27331,18,21600,42.5,42.8,20.2,104.4,2.2,564115,28176,42,42,bbr1
0.786,27331,18,21600,42.6,43.3,20.2,104.4,1.9,338469,28178,42,42,bbr1
0.794,27331,18,21600,42.8,44.2,20.2,104.4,1.8,338469,28180,42,42,bbr1
0.807,20785,14,15840,42.4,42.8,20.2,104.4,1.8,332152,28181,42,42,bbr1
0.815,23633,16,17280,42.9,46.3,20.2,104.4,2.3,442870,28184,42,42,bbr1
0.821,26481,18,17280,43.6,48.1,20.2,104.4,3.0,442870,28186,42,42,bbr1
0.828,26982,18,17280,44.4,49.8,20.2,104.4,3.8,442870,28188,42,42,bbr1
0.838,26982,18,18720,45.3,51.6,20.2,104.4,4.7,442870,28191,42,42,bbr1
0.845,26982,18,18720,45.8,49.9,20.2,104.4,4.7,442870,28193,42,42,bbr1
0.851,17763,12,17280,45.0,39.3,20.2,104.4,5.1,442870,28195,42,42,bbr1
0.859,22035,15,14400,44.4,40.2,20.2,104.4,5.1,442870,28196,42,42,bbr1
0.868,24883,17,17280,44.0,40.8,20.2,104.4,4.7,442870,28200,42,42,bbr1
0.875,26982,18,17280,43.6,41.1,20.2,104.4,4.3,442870,28202,42,42,bbr1
0.882,26982,18,17280,43.3,41.3,20.2,104.4,3.8,442870,28204,42,42,bbr1
0.888,26982,18,17280,43.1,41.4,20.2,104.4,3.3,442870,28206,42,42,bbr1
0.901,19187,13,15840,42.3,37.6,20.2,104.4,3.4,553587,28209,42,42,bbr1
0.908,22035,15,17280,42.2,41.4,20.2,104.4,2.7,553587,28212,42,42,bbr1
0.917,24883,17,20160,42.1,41.7,20.2,104.4,2.2,553587,28216,42,42,bbr1
0.924,26982,18,20160,42.1,42.1,20.2,104.4,1.6,332152,28218,42,42,bbr1
0.933,26982,18,20160,42.1,42.3,20.2,104.4,1.3,332152,28220,42,42,bbr1
0.937,26982,18,18720,42.3,43.1,20.2,104.4,1.2,332152,28221,42,42,bbr1
0.946,17763,12,17280,41.9,39.6,20.2,104.4,1.5,332152,28223,42,42,bbr1
0.953,20611,14,15840,42.0,42.9,20.2,104.4,1.4,442870,28224,42,42,bbr1
0.963,23459,16,18720,42.6,46.2,20.2,104.4,2.1,442870,28228,42,42,bbr1
0.006,22883,15,0,40.7,23.2,20.2,104.4,6.7,442870,28231,42,42,bbr1
0.007,25461,17,0,39.3,29.1,20.2,104.4,8.0,553587,28233,42,42,bbr1
0.033,26982,18,12960,37.4,23.7,20.2,104.4,9.9,553587,28246,42,42,bbr1
0.044,26982,18,15840,36.3,28.7,20.2,104.4,9.5,553587,28250,42,42,bbr1
0.051,26982,18,17280,35.5,30.3,20.2,104.4,8.6,553587,28253,42,42,bbr1
0.056,26982,18,17280,35.0,31.6,20.2,104.4,7.5,553587,28255,42,42,bbr1
0.064,26982,18,18720,34.8,33.2,20.2,104.4,6.1,553587,28258,42,42,bbr1
0.072,26982,18,20160,34.8,34.8,20.2,104.4,4.6,553587,28261,42,42,bbr1
0.079,26982,18,20160,35.1,37.0,20.2,104.4,4.0,332152,28263,42,42,bbr1
0.088,26982,18,20160,35.5,38.3,20.2,104.4,3.8,332152,28265,42,42,bbr1
0.092,26982,18,18720,36.0,39.8,20.2,104.4,3.9,332152,28266,42,42,bbr1
0.100,26982,18,18720,36.8,42.0,20.2,104.4,4.4,332152,28268,42,42,bbr1
0.105,26982,18,17280,37.6,43.1,20.2,104.4,4.9,332152,28269,42,42,bbr1
0.112,26982,18,17280,38.5,45.1,20.2,104.4,5.6,442870,28271,42,42,bbr1
0.119,26982,18,17280,39.5,46.3,20.2,104.4,6.1,442870,28273,42,42,bbr1
0.126,26982,18,17280,40.6,48.5,20.2,104.4,6.9,442870,28275,42,42,bbr1
0.132,26982,18,17280,41.4,46.7,20.2,104.4,6.7,442870,28277,42,42,bbr1
0.138,26982,18,17280,41.8,44.8,20.2,104.4,5.9,442870,28279,42,42,bbr1
0.152,19187,13,15840,41.8,40.9,20.2,104.4,3.8,442870,28282,42,42,bbr1
0.159,22035,15,17280,41.8,41.6,20.2,104.4,2.9,442870,28285,42,42,bbr1
0.168,24883,17,18720,41.8,42.0,20.2,104.4,2.2,442870,28288,42,42,bbr1
0.175,26982,18,18720,41.9,42.1,20.2,104.4,1.7,442870,28290,42,42,bbr1
0.181,26982,18,18720,42.0,42.8,20.2,104.4,1.5,442870,28292,42,42,bbr1
0.188,26982,18,17280,41.9,41.6,20.2,104.4,1.2,442870,28294,42,42,bbr1
0.202,19187,13,15895,41.4,41.2,20.2,104.4,1.5,553587,28298,42,42,bbr1
0.209,22035,15,17335,41.4,41.7,20.2,104.4,1.2,553587,28301,42,42,bbr1
0.215,24883,17,18775,41.5,42.0,20.2,104.4,1.0,553587,28304,42,42,bbr1
0.223,26982,18,20215,41.6,42.0,20.2,104.4,0.9,553587,28307,42,42,bbr1
0.232,26982,18,21655,41.7,42.6,20.2,104.4,1.0,332152,28310,42,42,bbr1
0.237,26982,18,20215,41.9,43.0,20.2,104.4,1.0,332152,28311,42,42,bbr1
0.253,20650,14,15840,41.7,42.7,20.2,104.4,1.3,332152,28313,42,42,bbr1
0.261,24922,17,15840,42.0,44.6,20.2,104.4,1.7,447098,28316,42,42,bbr1
0.271,27157,18,17280,42.4,45.0,20.2,104.4,2.0,447098,28319,42,42,bbr1
0.277,27157,18,17280,43.1,47.8,20.2,104.4,2.9,447098,28321,42,42,bbr1
0.284,27157,18,17280,43.3,44.9,20.2,104.4,2.6,447098,28323,42,42,bbr1
0.290,19274,13,14400,41.9,32.3,20.2,104.4,4.7,447098,28325,42,42,bbr1
0.300,22122,15,15840,41.2,36.4,20.2,104.4,4.9,447098,28328,42,42,bbr1
0.309,24970,17,17280,40.7,37.0,20.2,104.4,4.7,447098,28331,42,42,bbr1
0.316,27157,18,17280,40.3,37.5,20.2,104.4,4.3,447098,28333,42,42,bbr1
0.322,27157,18,17280,40.0,37.6,20.2,104.4,3.9,447098,28335,42,42,bbr1
0.329,27157,18,17280,39.7,38.2,20.2,104.4,3.4,447098,28337,42,42,bbr1
0.335,27157,18,17280,39.6,38.8,20.2,104.4,2.8,447098,28339,42,42,bbr1
0.347,19274,13,14400,39.6,39.6,20.2,104.4,1.6,558872,28341,42,42,bbr1
0.355,22122,15,17280,39.4,38.4,20.2,104.4,1.5,558872,28345,42,42,bbr1
0.360,24970,17,17280,39.3,38.1,20.2,104.4,1.5,558872,28347,42,42,bbr1
0.368,27157,18,18720,39.2,39.1,20.2,104.4,1.2,558872,28350,42,42,bbr1
0.373,27157,18,18720,39.2,39.3,20.2,104.4,0.9,558872,28352,42,42,bbr1
0.381,27157,18,20160,39.3,39.9,20.2,104.4,0.8,558872,28355,42,42,bbr1
0.393,19274,13,18720,38.8,39.2,20.2,104.4,1.6,335323,28358,42,42,bbr1
0.400,22122,15,17280,39.0,41.0,20.2,104.4,1.7,335323,28359,42,42,bbr1
0.409,24970,17,18720,39.5,42.7,20.2,104.4,2.2,335323,28362,42,42,bbr1
0.418,27157,18,18720,40.1,44.1,20.2,104.4,2.8,335323,28364,42,42,bbr1
0.422,27157,18,17280,40.8,46.0,20.2,104.4,3.6,335323,28365,42,42,bbr1
0.430,27157,18,17280,41.7,47.7,20.2,104.4,4.4,447098,28367,42,42,bbr1
0.436,27157,18,17280,42.6,49.4,20.2,104.4,5.3,447098,28369,42,42,bbr1
0.448,19274,13,14400,43.0,42.8,20.2,104.4,3.7,447098,28371,42,42,bbr1
0.458,22122,15,17280,43.2,44.1,20.2,104.4,3.1,447098,28375,42,42,bbr1
0.464,24970,17,17280,43.1,42.6,20.2,104.4,2.4,447098,28377,42,42,bbr1
0.470,27157,18,17280,42.8,40.9,20.2,104.4,2.4,558872,28379,42,42,bbr1
0.478,27157,18,18720,42.6,40.9,20.2,104.4,2.3,558872,28382,42,42,bbr1
0.484,27157,18,18720,42.5,41.8,20.2,104.4,1.9,558872,28384,42,42,bbr1
0.491,27157,18,20160,41.7,35.9,20.2,104.4,3.1,558872,28387,42,42,bbr1
0.503,19274,13,18720,41.2,40.0,20.2,104.4,2.5,335323,28390,42,42,bbr1
0.510,23546,16,15840,41.0,39.7,20.2,104.4,2.2,335323,28391,42,42,bbr1
0.519,26394,18,17280,41.1,41.2,20.2,104.4,1.7,335323,28394,42,42,bbr1
0.526,27157,18,17280,41.3,42.5,20.2,104.4,1.7,447098,28396,42,42,bbr1
0.532,27157,18,17280,41.7,44.7,20.2,104.4,2.1,447098,28398,42,42,bbr1
0.542,27157,18,18720,42.3,46.5,20.2,104.4,2.8,447098,28401,42,42,bbr1
0.549,27157,18,18720,43.0,48.0,20.2,104.4,3.5,447098,28403,42,42,bbr1
0.555,17850,12,17280,42.8,41.0,20.2,104.4,3.1,558872,28405,42,42,bbr1
0.563,20698,14,15840,42.8,42.7,20.2,104.4,2.4,558872,28406,42,42,bbr1
0.571,23546,16,18720,42.6,41.6,20.2,104.4,2.0,558872,28410,42,42,bbr1
0.579,26394,18,20160,42.6,42.4,20.2,104.4,1.6,558872,28413,42,42,bbr1
0.584,27157,18,20160,42.6,42.9,20.2,104.4,1.3,558872,28415,42,42,bbr1
0.592,27157,18,21600,42.7,43.3,20.2,104.4,1.1,558872,28418,42,42,bbr1
0.601,27157,18,23040,42.8,43.3,20.2,104.4,1.0,335323,28421,42,42,bbr1
0.614,20698,14,17280,42.6,44.3,20.2,104.4,1.7,335323,28422,42,42,bbr1
0.622,23546,16,18720,43.1,46.2,20.2,104.4,2.1,447098,28425,42,42,bbr1
0.628,26394,18,18720,43.4,45.8,20.2,104.4,2.3,447098,28427,42,42,bbr1
0.638,27157,18,20160,44.2,49.6,20.2,104.4,3.3,447098,28430,42,42,bbr1
0.645,27157,18,20160,45.0,51.1,20.2,104.4,4.2,447098,28432,42,42,bbr1
0.651,27157,18,20160,46.0,52.9,20.2,104.4,5.1,558872,28434,42,42,bbr1
0.658,27157,18,21600,46.8,52.4,20.2,104.4,5.4,558872,28437,42,42,bbr1
0.669,19274,13,18720,46.2,45.0,20.2,104.4,4.1,335323,28439,42,42,bbr1
0.676,22122,15,17280,45.9,44.2,20.2,104.4,3.6,335323,28440,42,42,bbr1
0.685,24970,17,18720,45.8,44.6,20.2,104.4,3.0,335323,28443,42,42,bbr1
0.689,27157,18,17280,45.7,45.0,20.2,104.4,2.4,335323,28444,42,42,bbr1
0.697,27157,18,17280,45.6,45.1,20.2,104.4,2.0,447098,28446,42,42,bbr1
0.703,27157,18,17280,45.8,47.1,20.2,104.4,1.8,447098,28448,42,42,bbr1
0.710,27157,18,17280,46.2,48.9,20.2,104.4,2.2,447098,28450,42,42,bbr1
0.722,19274,13,14400,45.3,41.1,20.2,104.4,2.7,443225,28452,42,42,bbr1
0.732,22122,15,17280,45.0,42.7,20.2,104.4,2.7,443225,28456,42,42,bbr1
0.738,24970,17,17280,44.5,41.1,20.2,104.4,3.0,443225,28458,42,42,bbr1
0.744,26997,18,17280,44.1,41.0,20.2,104.4,3.1,554031,28460,42,42,bbr1
0.750,26997,18,17280,43.8,41.8,20.2,104.4,2.9,554031,28462,42,42,bbr1
0.758,26997,18,18720,43.6,42.0,20.2,104.4,2.6,554031,28465,42,42,bbr1
0.770,19194,13,17280,42.3,39.8,20.2,104.4,3.6,324422,28468,42,42,bbr1
0.777,22042,15,17280,42.0,40.0,20.2,104.4,3.3,324422,28470,42,42,bbr1
0.785,24890,17,17280,41.8,40.4,20.2,104.4,2.8,324422,28472,42,42,bbr1
0.794,26555,18,17280,41.8,41.5,20.2,104.4,2.2,324422,28474,42,42,bbr1
0.797,26555,18,15840,42.0,43.7,20.2,104.4,2.1,432563,28475,42,42,bbr1
0.807,26555,18,17280,42.4,45.1,20.2,104.4,2.4,432563,28478,42,42,bbr1
0.813,26555,18,17280,42.9,46.5,20.2,104.4,2.8,432563,28480,42,42,bbr1
0.825,18973,13,14400,43.2,43.0,20.2,104.4,2.0,540703,28482,42,42,bbr1
0.833,23245,16,15840,42.5,38.0,20.2,104.4,2.8,540703,28486,42,42,bbr1
0.841,26093,18,17280,41.9,37.9,20.2,104.4,3.2,540703,28489,42,42,bbr1
0.849,26555,18,18720,41.5,38.5,20.2,104.4,3.3,540703,28492,42,42,bbr1
0.854,26555,18,18720,41.2,38.8,20.2,104.4,3.1,540703,28494,42,42,bbr1
0.871,20397,14,15840,40.2,39.1,20.2,104.4,3.4,540703,28497,42,42,bbr1
0.879,23245,16,18720,40.2,40.7,20.2,104.4,2.7,540703,28501,42,42,bbr1
0.887,26093,18,20160,40.4,41.8,20.2,104.4,2.4,540703,28504,42,42,bbr1
0.895,26555,18,20160,40.8,43.3,20.2,104.4,2.5,324422,28506,42,42,bbr1
0.899,26555,18,18720,41.3,45.3,20.2,104.4,3.0,324422,28507,42,42,bbr1
0.908,26555,18,18720,41.9,46.2,20.2,104.4,3.5,324422,28509,42,42,bbr1
0.916,17549,12,17280,41.6,39.3,20.2,104.4,3.3,338940,28511,42,42,bbr1
0.923,20397,14,15840,42.0,44.3,20.2,104.4,3.1,451920,28512,42,42,bbr1
0.930,23245,16,17280,42.4,45.5,20.2,104.4,3.2,451920,28515,42,42,bbr1
0.939,26093,18,18720,43.0,47.5,20.2,104.4,3.7,451920,28518,42,42,bbr1
0.945,27357,18,18720,43.5,46.6,20.2,104.4,3.7,451920,28520,42,42,bbr1
0.951,27357,18,18720,43.7,45.0,20.2,104.4,3.1,564900,28522,42,42,bbr1
0.957,27357,18,18720,43.6,42.9,20.2,104.4,2.5,564900,28524,42,42,bbr1
0.974,20798,14,15840,42.9,42.5,20.2,104.4,2.4,564900,28527,42,42,bbr1
0.982,23646,16,18720,42.9,42.9,20.2,104.4,1.8,564900,28531,42,42,bbr1
0.990,26494,18,20160,43.1,43.9,20.2,104.4,1.6,564900,28534,42,42,bbr1
0.995,27357,18,18720,43.1,43.3,20.2,104.4,1.3,564900,28536,42,42,bbr1
1.005,27357,18,21600,43.2,44.3,20.2,104.4,1.3,564900,28540,42,42,bbr1
1.012,27357,18,21600,43.7,46.9,20.2,104.4,1.9,338940,28542,42,42,bbr1
1.023,19374,13,18720,42.9,42.4,20.2,104.4,2.3,338940,28544,42,42,bbr1
1.030,22222,15,17280,43.0,44.3,20.2,104.4,2.1,338940,28545,42,42,bbr1
1.038,25070,17,18720,43.4,45.6,20.2,104.4,2.2,451920,28548,42,42,bbr1
1.044,27357,18,18720,43.9,47.7,20.2,104.4,2.8,451920,28550,42,42,bbr1
1.054,27357,18,20160,44.6,49.8,20.2,104.4,3.5,451920,28553,42,42,bbr1
1.060,27357,18,20160,45.4,50.9,20.2,104.4,4.2,451920,28555,42,42,bbr1
1.067,27357,18,20160,46.1,51.0,20.2,104.4,4.6,451920,28557,42,42,bbr1
0.006,3072,2,0,46.3,47.8,20.2,104.4,1.6,564900,28560,43,43,bbr1
0.006,5760,4,0,44.0,27.8,20.2,104.4,5.9,564900,28562,43,43,bbr1
0.033,11456,7,1440,41.6,24.6,20.2,104.4,9.2,564900,28567,43,43,bbr1
0.043,12880,8,7200,40.0,28.8,20.2,104.4,10.1,564900,28572,43,43,bbr1
0.058,17152,11,8640,37.7,21.4,20.2,104.4,12.2,564900,28576,43,43,bbr1
0.066,20000,13,11520,35.9,23.1,20.2,104.4,12.8,564900,28580,43,43,bbr1
0.074,22848,15,12960,34.5,24.9,20.2,104.4,12.3,564900,28583,43,43,bbr1
0.079,25696,17,12960,33.5,26.5,20.2,104.4,11.3,564900,28585,43,43,bbr1
0.087,27357,18,14400,32.1,22.1,20.2,104.4,11.3,564900,28588,43,43,bbr1
0.095,27357,18,15840,31.5,27.3,20.2,104.4,9.7,564900,28591,43,43,bbr1
0.102,27357,18,17280,31.2,29.0,20.2,104.4,7.9,564900,28594,43,43,bbr1
0.107,27357,18,17280,31.1,30.4,20.2,104.4,6.1,564900,28596,43,43,bbr1
0.114,27357,18,18720,31.2,32.5,20.2,104.4,4.9,564900,28599,43,43,bbr1
0.122,27357,18,20160,31.6,33.8,20.2,104.4,4.3,564900,28602,43,43,bbr1
0.127,27357,18,20160,32.2,36.3,20.2,104.4,4.4,564900,28604,43,43,bbr1
0.135,27357,18,21600,32.8,37.3,20.2,104.4,4.6,564900,28607,43,43,bbr1
0.145,27357,18,23040,33.6,39.6,20.2,104.4,5.2,338940,28610,43,43,bbr1
0.148,27357,18,21600,34.6,41.3,20.2,104.4,5.8,338940,28611,43,43,bbr1
0.157,27357,18,21600,35.7,43.0,20.2,104.4,6.4,338940,28613,43,43,bbr1
0.161,27357,18,20160,36.8,44.8,20.2,104.4,7.1,338940,28614,43,43,bbr1
0.170,27357,18,20160,38.0,46.4,20.2,104.4,7.7,338940,28616,43,43,bbr1
0.178,27357,18,20160,39.3,48.3,20.2,104.4,8.4,338940,28618,43,43,bbr1
0.183,27357,18,18720,40.6,49.5,20.2,104.4,8.8,338940,28619,43,43,bbr1
0.191,27357,18,18720,42.0,51.8,20.2,104.4,9.4,338940,28621,43,43,bbr1
0.202,19374,13,14400,44.5,51.9,20.2,104.4,9.6,451920,28622,43,43,bbr1
0.212,22222,15,17280,45.1,50.0,20.2,104.4,8.6,451920,28626,43,43,bbr1
0.218,26494,18,15840,45.2,45.8,20.2,104.4,6.6,451920,28628,43,43,bbr1
0.224,27357,18,15840,45.1,44.4,20.2,104.4,5.1,564900,28630,43,43,bbr1
0.231,27357,18,17280,44.8,42.7,20.2,104.4,4.5,564900,28633,43,43,bbr1
0.239,27357,18,17280,43.5,34.2,20.2,104.4,6.0,564900,28636,43,43,bbr1
0.255,19374,13,17280,42.2,38.3,20.2,104.4,5.5,564900,28640,43,43,bbr1
0.262,22222,15,17280,41.8,38.9,20.2,104.4,5.0,564900,28642,43,43,bbr1
0.270,25070,17,20160,41.7,40.6,20.2,104.4,4.0,564900,28646,43,43,bbr1
0.278,27357,18,21600,41.8,42.5,20.2,104.4,3.2,564900,28649,43,43,bbr1
0.287,27357,18,23040,42.1,44.2,20.2,104.4,3.0,338940,28652,43,43,bbr1
0.291,27357,18,20160,42.5,45.0,20.2,104.4,3.0,338940,28653,43,43,bbr1
0.299,27977,19,18720,42.3,40.9,20.2,104.4,2.6,350172,28655,43,43,bbr1
0.317,21108,14,15840,42.4,43.5,20.2,104.4,1.9,350172,28658,43,43,bbr1
0.324,23956,16,17280,42.7,44.9,20.2,104.4,2.0,466896,28661,43,43,bbr1
0.334,26804,18,18720,43.4,48.7,20.2,104.4,3.0,466896,28664,43,43,bbr1
0.339,27977,19,18720,44.1,48.9,20.2,104.4,3.6,466896,28666,43,43,bbr1
0.346,27977,19,18720,44.5,47.3,20.2,104.4,3.5,466896,28668,43,43,bbr1
0.351,27977,19,18720,44.7,45.9,20.2,104.4,3.0,583620,28670,43,43,bbr1
0.359,27977,19,18720,44.0,39.4,20.2,104.4,3.6,583620,28673,43,43,bbr1
0.373,19684,13,18720,43.5,41.3,20.2,104.4,2.9,350172,28677,43,43,bbr1
0.380,22532,15,17280,43.3,41.7,20.2,104.4,2.7,350172,28678,43,43,bbr1
0.388,25380,17,18720,43.2,42.7,20.2,104.4,2.1,350172,28681,43,43,bbr1
0.397,27977,19,18720,43.2,43.4,20.2,104.4,1.6,350172,28683,43,43,bbr1
0.401,27977,19,17280,43.5,45.3,20.2,104.4,1.8,350172,28684,43,43,bbr1
0.408,27977,19,17280,43.9,46.8,20.2,104.4,2.1,466896,28686,43,43,bbr1
0.417,27977,19,18720,44.6,49.1,20.2,104.4,2.9,466896,28689,43,43,bbr1
0.428,19684,13,15840,44.5,42.7,20.2,104.4,2.4,466896,28691,43,43,bbr1
0.435,22532,15,17280,44.5,44.8,20.2,104.4,1.9,466896,28694,43,43,bbr1
0.444,25380,17,18720,44.4,43.1,20.2,104.4,1.8,466896,28697,43,43,bbr1
0.449,27977,19,18720,44.1,42.0,20.2,104.4,1.9,583620,28699,43,43,bbr1
0.456,27977,19,20160,43.9,42.7,20.2,104.4,1.8,583620,28702,43,43,bbr1
0.464,27977,19,21600,43.8,43.2,20.2,104.4,1.5,583620,28705,43,43,bbr1
0.479,21108,14,18720,43.2,42.7,20.2,104.4,1.8,350172,28708,43,43,bbr1
0.486,23956,16,18720,43.3,44.1,20.2,104.4,1.6,350172,28710,43,43,bbr1
0.496,26804,18,20160,43.4,44.4,20.2,104.4,1.5,350172,28713,43,43,bbr1
0.500,27977,19,18720,43.9,46.8,20.2,104.4,1.9,350172,28714,43,43,bbr1
0.508,27977,19,18720,44.4,48.6,20.2,104.4,2.6,350172,28716,43,43,bbr1
0.517,27977,19,18720,45.2,50.6,20.2,104.4,3.5,350172,28718,43,43,bbr1
0.520,27977,19,17280,46.1,52.5,20.2,104.4,4.4,350172,28719,43,43,bbr1
0.528,18260,12,15840,46.1,46.2,20.2,104.4,3.4,466896,28721,43,43,bbr1
0.536,21108,14,15840,46.2,46.6,20.2,104.4,2.6,466896,28723,43,43,bbr1
0.543,23956,16,17280,46.0,44.8,20.2,104.4,2.3,466896,28726,43,43,bbr1
0.552,26804,18,18720,45.7,43.8,20.2,104.4,2.3,583620,28729,43,43,bbr1
0.557,27977,19,18720,45.3,42.4,20.2,104.4,2.6,583620,28731,43,43,bbr1
0.564,27977,19,20160,44.8,41.1,20.2,104.4,3.0,583620,28734,43,43,bbr1
0.571,27977,19,21600,44.3,40.7,20.2,104.4,3.2,583620,28737,43,43,bbr1
0.591,22532,15,17280,43.4,42.7,20.2,104.4,2.6,350172,28740,43,43,bbr1
0.599,25380,17,18720,43.4,44.0,20.2,104.4,2.1,350172,28743,43,43,bbr1
0.607,27977,19,18720,43.7,45.9,20.2,104.4,2.2,350172,28745,43,43,bbr1
0.611,27977,19,17280,44.3,47.8,20.2,104.4,2.7,350172,28746,43,43,bbr1
0.618,27977,19,17280,44.9,49.7,20.2,104.4,3.4,466896,28748,43,43,bbr1
0.628,27977,19,18720,45.8,51.8,20.2,104.4,4.2,466896,28751,43,43,bbr1
0.634,27977,19,18720,46.8,53.5,20.2,104.4,5.1,466896,28753,43,43,bbr1
0.645,19684,13,15840,46.1,44.8,20.2,104.4,4.0,466896,28755,43,43,bbr1
0.652,22532,15,17280,45.7,43.2,20.2,104.4,3.7,466896,28758,43,43,bbr1
0.661,25380,17,18720,45.0,40.3,20.2,104.4,4.1,466896,28761,43,43,bbr1
0.666,27977,19,18720,44.7,42.7,20.2,104.4,3.7,583620,28763,43,43,bbr1
0.674,27977,19,20160,44.5,43.1,20.2,104.4,3.2,583620,28766,43,43,bbr1
0.682,27977,19,21600,44.5,44.1,20.2,104.4,2.5,583620,28769,43,43,bbr1
0.695,21108,14,18720,43.5,41.0,20.2,104.4,3.1,350172,28772,43,43,bbr1
0.702,23956,16,18720,43.3,42.4,20.2,104.4,2.6,350172,28774,43,43,bbr1
0.712,26804,18,20160,43.3,42.7,20.2,104.4,2.1,350172,28777,43,43,bbr1
0.716,27977,19,18720,43.5,45.0,20.2,104.4,2.0,350172,28778,43,43,bbr1
0.724,27977,19,18720,43.9,46.8,20.2,104.4,2.3,350172,28780,43,43,bbr1
0.732,27977,19,18720,44.5,48.8,20.2,104.4,3.0,350172,28782,43,43,bbr1
0.736,27977,19,17280,45.3,50.5,20.2,104.4,3.7,350172,28783,43,43,bbr1
0.743,18260,12,15840,45.4,46.2,20.2,104.4,3.0,466896,28785,43,43,bbr1
0.753,21108,14,15840,45.7,48.2,20.2,104.4,3.0,466896,28787,43,43,bbr1
0.763,23956,16,18720,45.8,46.5,20.2,104.4,2.4,466896,28791,43,43,bbr1
0.769,26804,18,18720,45.8,45.5,20.2,104.4,1.9,466896,28793,43,43,bbr1
0.775,27104,18,18720,45.6,44.1,20.2,104.4,1.8,445798,28795,43,43,bbr1
0.782,27104,18,18720,45.2,42.6,20.2,104.4,2.1,445798,28797,43,43,bbr1
0.788,27104,18,18720,44.8,42.4,20.2,104.4,2.3,445798,28799,43,43,bbr1
0.794,17824,12,17280,44.2,39.3,20.2,104.4,3.1,445798,28801,43,43,bbr1
0.805,20672,14,15840,44.1,43.3,20.2,104.4,2.5,445798,28802,43,43,bbr1
0.815,23520,16,18720,44.1,44.1,20.2,104.4,1.9,445798,28806,43,43,bbr1
0.820,26368,18,18720,44.1,44.5,20.2,104.4,1.5,557247,28808,43,43,bbr1
0.825,27104,18,18720,44.2,45.2,20.2,104.4,1.4,557247,28810,43,43,bbr1
0.833,27104,18,20160,44.4,45.5,20.2,104.4,1.4,557247,28813,43,43,bbr1
0.841,27104,18,21600,44.6,46.0,20.2,104.4,1.4,557247,28816,43,43,bbr1
0.854,20672,14,17280,43.6,41.3,20.2,104.4,2.4,334348,28818,43,43,bbr1
0.863,23520,16,18720,43.4,41.6,20.2,104.4,2.3,334348,28821,43,43,bbr1
0.876,27104,18,17280,43.5,44.6,20.2,104.4,1.6,334348,28824,43,43,bbr1
0.884,27104,18,17280,43.9,46.8,20.2,104.4,2.0,445798,28826,43,43,bbr1
0.890,27104,18,17280,44.5,48.3,20.2,104.4,2.6,445798,28828,43,43,bbr1
0.896,27104,18,17280,45.1,49.6,20.2,104.4,3.2,445798,28830,43,43,bbr1
0.903,27104,18,17280,44.8,42.6,20.2,104.4,3.1,445798,28832,43,43,bbr1
0.916,19248,13,14400,44.4,42.1,20.2,104.4,2.5,445798,28834,43,43,bbr1
0.926,22096,15,17280,43.9,40.7,20.2,104.4,2.8,445798,28838,43,43,bbr1
0.932,24944,17,17280,43.5,41.0,20.2,104.4,2.8,445798,28840,43,43,bbr1
0.938,27104,18,17280,43.3,41.5,20.2,104.4,2.6,557247,28842,43,43,bbr1
0.946,27104,18,18720,43.1,41.8,20.2,104.4,2.3,557247,28845,43,43,bbr1
0.951,27104,18,18720,43.0,41.9,20.2,104.4,2.0,557247,28847,43,43,bbr1
0.959,27104,18,20160,42.1,35.9,20.2,104.4,3.3,557247,28850,43,43,bbr1
0.971,19248,13,18720,41.5,39.9,20.2,104.4,2.8,334348,28853,43,43,bbr1
0.978,22096,15,17280,41.4,40.5,20.2,104.4,2.3,334348,28854,43,43,bbr1
0.986,24944,17,18720,41.4,41.7,20.2,104.4,1.8,334348,28857,43,43,bbr1
0.995,27104,18,18720,41.7,43.9,20.2,104.4,2.0,334348,28859,43,43,bbr1
0.999,27104,18,17280,42.2,45.1,20.2,104.4,2.3,334348,28860,43,43,bbr1
1.007,27104,18,17280,42.7,46.6,20.2,104.4,2.8,445798,28862,43,43,bbr1
1.013,27104,18,17280,43.3,47.1,20.2,104.4,3.2,445798,28864,43,43,bbr1
1.024,19248,13,14400,43.1,41.0,20.2,104.4,2.6,557247,28866,43,43,bbr1
1.032,22096,15,17280,43.0,42.5,20.2,104.4,2.1,557247,28870,43,43,bbr1
1.039,24944,17,18720,42.7,40.4,20.2,104.4,2.3,557247,28873,43,43,bbr1
1.044,27104,18,18720,42.3,39.1,20.2,104.4,2.6,557247,28875,43,43,bbr1
1.052,27104,18,20160,41.9,39.3,20.2,104.4,2.7,557247,28878,43,43,bbr1
1.060,27104,18,21600,41.6,39.9,20.2,104.4,2.5,557247,28881,43,43,bbr1
1.067,27104,18,21600,40.9,36.0,20.2,104.4,3.3,334348,28883,43,43,bbr1
0.006,3072,2,0,45.3,50.9,20.2,104.4,5.4,557247,28885,44,44,bbr1
0.007,5760,4,0,43.1,28.2,20.2,104.4,8.3,557247,28887,44,44,bbr1
0.033,11456,7,1440,40.7,23.5,20.2,104.4,11.1,557247,28892,44,44,bbr1
0.043,12880,8,7200,39.0,27.2,20.2,104.4,11.7,557247,28897,44,44,bbr1
0.059,17152,11,8640,36.7,20.9,20.2,104.4,13.3,557247,28901,44,44,bbr1
0.066,20000,13,11520,35.0,23.1,20.2,104.4,13.4,557247,28905,44,44,bbr1
0.074,22848,15,12960,33.7,24.3,20.2,104.4,12.7,557247,28908,44,44,bbr1
0.079,25696,17,12960,32.8,26.5,20.2,104.4,11.3,557247,28910,44,44,bbr1
0.087,27104,18,14400,31.5,22.2,20.2,104.4,11.2,557247,28913,44,44,bbr1
0.095,27104,18,15840,30.9,26.8,20.2,104.4,9.5,557247,28916,44,44,bbr1
0.100,27104,18,15840,30.7,29.0,20.2,104.4,7.6,557247,28918,44,44,bbr1
0.108,27104,18,17280,30.6,30.4,20.2,104.4,5.8,557247,28921,44,44,bbr1
0.115,27104,18,18720,30.8,32.3,20.2,104.4,4.8,557247,28924,44,44,bbr1
0.121,27104,18,18720,31.2,33.9,20.2,104.4,4.3,557247,28926,44,44,bbr1
0.128,26518,18,20160,31.7,35.1,20.2,104.4,4.2,539580,28929,44,44,bbr1
0.138,26518,18,21600,32.4,37.3,20.2,104.4,4.6,323748,28932,44,44,bbr1
0.143,26518,18,20160,33.2,39.0,20.2,104.4,5.1,323748,28933,44,44,bbr1
0.152,26518,18,20160,34.2,40.6,20.2,104.4,5.7,323748,28935,44,44,bbr1
0.156,26518,18,18720,35.1,41.9,20.2,104.4,6.2,323748,28936,44,44,bbr1
0.165,26518,18,18720,36.2,44.1,20.2,104.4,6.9,323748,28938,44,44,bbr1
0.169,26518,18,17280,37.4,45.8,20.2,104.4,7.5,323748,28939,44,44,bbr1
0.177,26518,18,17280,38.7,47.4,20.2,104.4,8.1,431664,28941,44,44,bbr1
0.184,26518,18,17280,39.9,48.6,20.2,104.4,8.6,431664,28943,44,44,bbr1
0.191,26518,18,17280,41.0,48.7,20.2,104.4,8.6,431664,28945,44,44,bbr1
0.202,18955,13,14400,42.0,44.2,20.2,104.4,6.5,539580,28947,44,44,bbr1
0.210,21803,15,17280,42.0,42.2,20.2,104.4,4.9,539580,28951,44,44,bbr1
0.218,26075,18,17280,41.7,38.9,20.2,104.4,4.5,539580,28954,44,44,bbr1
0.227,26518,18,18720,41.3,38.8,20.2,104.4,4.1,539580,28957,44,44,bbr1
0.232,26518,18,18720,41.0,39.0,20.2,104.4,3.6,539580,28959,44,44,bbr1
0.249,20379,14,15840,40.0,39.1,20.2,104.4,3.6,539580,28962,44,44,bbr1
0.257,23227,16,18720,40.0,40.2,20.2,104.4,2.7,539580,28966,44,44,bbr1
0.265,26542,18,18720,40.1,40.6,20.2,104.4,2.2,540293,28969,44,44,bbr1
0.273,26542,18,20160,40.4,42.5,20.2,104.4,2.2,540293,28972,44,44,bbr1
0.280,26542,18,21600,40.8,43.4,20.2,104.4,2.4,324176,28974,44,44,bbr1
0.284,18967,13,17280,39.9,34.1,20.2,104.4,3.5,324176,28975,44,44,bbr1
0.288,20391,14,17280,39.2,34.2,20.2,104.4,4.1,453170,28976,44,44,bbr1
0.297,23239,16,18720,39.4,40.8,20.2,104.4,3.4,462397,28979,44,44,bbr1
0.306,26087,18,20160,39.7,41.8,20.2,104.4,3.2,462397,28982,44,44,bbr1
0.312,27791,19,20160,40.0,42.1,20.2,104.4,3.0,577996,28984,44,44,bbr1
0.319,27791,19,21600,40.7,45.4,20.2,104.4,3.6,577996,28987,44,44,bbr1
0.324,27791,19,21600,41.5,46.9,20.2,104.4,4.2,577996,28989,44,44,bbr1
0.332,27791,19,23040,41.7,43.1,20.2,104.4,3.6,577996,28992,44,44,bbr1
0.351,22439,15,18720,43.0,46.5,20.2,104.4,3.7,346797,28995,44,44,bbr1
0.360,25287,17,20160,43.5,46.9,20.2,104.4,3.7,346797,28998,44,44,bbr1
0.368,27791,19,20160,44.2,48.7,20.2,104.4,4.1,346797,29000,44,44,bbr1
0.372,27791,19,17280,44.9,50.1,20.2,104.4,4.6,346797,29001,44,44,bbr1
0.380,27791,19,17280,45.8,51.9,20.2,104.4,5.2,462397,29003,44,44,bbr1
0.389,27791,19,18720,46.8,53.7,20.2,104.4,5.9,462397,29006,44,44,bbr1
0.395,27791,19,18720,47.9,55.6,20.2,104.4,6.6,462397,29008,44,44,bbr1
0.401,27791,19,18720,47.4,44.4,20.2,104.4,5.8,462397,29010,44,44,bbr1
0.415,19591,13,17280,47.0,44.8,20.2,104.4,4.1,577996,29013,44,44,bbr1
0.421,22439,15,17280,46.6,43.5,20.2,104.4,3.9,577996,29015,44,44,bbr1
0.429,25287,17,20160,46.3,44.1,20.2,104.4,3.6,577996,29019,44,44,bbr1
0.436,27791,19,21600,46.1,44.7,20.2,104.4,3.1,577996,29022,44,44,bbr1
0.446,27791,19,23040,45.9,45.1,20.2,104.4,2.5,346797,29025,44,44,bbr1
0.450,27791,19,21600,45.9,46.0,20.2,104.4,1.9,346797,29026,44,44,bbr1
0.458,27791,19,21600,46.0,46.7,20.2,104.4,1.6,346797,29028,44,44,bbr1
0.469,19591,13,18720,45.3,42.9,20.2,104.4,2.2,346797,29030,44,44,bbr1
0.476,22439,15,17280,45.6,48.1,20.2,104.4,2.3,346797,29031,44,44,bbr1
0.484,25287,17,18720,46.2,49.8,20.2,104.4,2.8,462397,29034,44,44,bbr1
0.493,27791,19,20160,46.9,51.8,20.2,104.4,3.5,462397,29037,44,44,bbr1
0.499,27791,19,20160,47.7,53.7,20.2,104.4,4.3,462397,29039,44,44,bbr1
0.506,27791,19,20160,48.3,52.2,20.2,104.4,4.4,462397,29041,44,44,bbr1
0.511,27791,19,20160,48.6,50.7,20.2,104.4,3.9,577996,29043,44,44,bbr1
0.524,19591,13,18720,47.6,42.7,20.2,104.4,4.1,346797,29046,44,44,bbr1
0.531,23863,16,15840,47.1,44.3,20.2,104.4,3.9,346797,29047,44,44,bbr1
0.539,26711,18,17280,46.9,44.9,20.2,104.4,3.5,346797,29050,44,44,bbr1
0.547,27791,19,17280,46.7,45.5,20.2,104.4,2.9,462397,29052,44,44,bbr1
0.556,27791,19,18720,46.6,45.9,20.2,104.4,2.4,462397,29055,44,44,bbr1
0.562,27791,19,18720,46.6,46.9,20.2,104.4,1.9,462397,29057,44,44,bbr1
0.569,27791,19,18720,47.0,49.2,20.2,104.4,2.1,462397,29059,44,44,bbr1
0.575,18167,12,17280,46.2,40.8,20.2,104.4,3.1,462397,29061,44,44,bbr1
0.584,21015,14,15840,45.8,42.9,20.2,104.4,3.1,462397,29062,44,44,bbr1
0.594,23863,16,18720,45.4,42.3,20.2,104.4,3.2,462397,29066,44,44,bbr1
0.599,26711,18,18720,45.1,43.0,20.2,104.4,3.0,577996,29068,44,44,bbr1
0.607,27791,19,20160,44.8,43.4,20.2,104.4,2.7,577996,29071,44,44,bbr1
0.612,27791,19,20160,44.8,44.2,20.2,104.4,2.2,577996,29073,44,44,bbr1
0.619,27791,19,21600,44.7,44.2,20.2,104.4,1.8,577996,29076,44,44,bbr1
0.635,21015,14,18720,43.9,43.2,20.2,104.4,2.2,346797,29079,44,44,bbr1
0.642,23863,16,18720,43.8,43.4,20.2,104.4,1.8,346797,29081,44,44,bbr1
0.652,26711,18,20160,44.1,45.7,20.2,104.4,1.8,346797,29084,44,44,bbr1
0.656,27791,19,18720,44.5,47.5,20.2,104.4,2.2,346797,29085,44,44,bbr1
0.665,27791,19,18720,45.1,49.4,20.2,104.4,2.9,346797,29087,44,44,bbr1
0.673,27791,19,18720,45.9,51.4,20.2,104.4,3.7,346797,29089,44,44,bbr1
0.677,27791,19,17280,46.8,53.2,20.2,104.4,4.6,346797,29090,44,44,bbr1
0.684,18167,12,15840,46.7,46.2,20.2,104.4,3.6,462397,29092,44,44,bbr1
0.694,22439,15,14400,46.6,45.6,20.2,104.4,3.0,462397,29094,44,44,bbr1
0.703,25287,17,17280,46.3,44.3,20.2,104.4,2.8,462397,29098,44,44,bbr1
0.709,27791,19,17280,45.8,42.3,20.2,104.4,3.1,577996,29100,44,44,bbr1
0.716,27791,19,18720,45.2,41.3,20.2,104.4,3.5,577996,29103,44,44,bbr1
0.724,27791,19,20160,44.6,39.8,20.2,104.4,3.9,577996,29106,44,44,bbr1
0.736,19591,13,18720,43.2,37.7,20.2,104.4,4.6,346797,29109,44,44,bbr1
0.743,22439,15,17280,43.0,41.6,20.2,104.4,3.9,346797,29110,44,44,bbr1
0.751,25287,17,18720,42.9,42.0,20.2,104.4,3.2,346797,29113,44,44,bbr1
0.760,27791,19,18720,43.0,44.1,20.2,104.4,2.7,346797,29115,44,44,bbr1
0.764,27791,19,17280,43.4,46.0,20.2,104.4,2.7,346797,29116,44,44,bbr1
0.772,27791,19,17280,44.0,47.9,20.2,104.4,3.2,462397,29118,44,44,bbr1
0.777,27791,19,17280,44.7,49.7,20.2,104.4,3.8,462397,29120,44,44,bbr1
0.791,19591,13,15840,44.6,42.7,20.2,104.4,3.0,445984,29123,44,44,bbr1
0.798,22439,15,17280,44.6,44.8,20.2,104.4,2.3,445984,29126,44,44,bbr1
0.807,25287,17,18720,44.4,43.1,20.2,104.4,2.1,445984,29129,44,44,bbr1
0.813,27111,18,18720,44.1,41.8,20.2,104.4,2.2,557480,29131,44,44,bbr1
0.821,27111,18,20160,43.8,42.0,20.2,104.4,2.2,557480,29134,44,44,bbr1
0.826,27111,18,20160,43.7,43.0,20.2,104.4,1.8,557480,29136,44,44,bbr1
0.834,27111,18,20160,43.2,39.3,20.2,104.4,2.5,557480,29139,44,44,bbr1
0.849,20675,14,18720,43.0,42.0,20.2,104.4,1.8,334488,29143,44,44,bbr1
0.858,23523,16,18720,43.0,43.0,20.2,104.4,1.3,334488,29145,44,44,bbr1
0.868,26371,18,20160,43.2,44.6,20.2,104.4,1.4,334488,29148,44,44,bbr1
0.872,27111,18,18720,43.5,45.9,20.2,104.4,1.7,334488,29149,44,44,bbr1
0.880,27111,18,18720,44.1,48.1,20.2,104.4,2.4,334488,29151,44,44,bbr1
0.889,27111,18,18720,44.8,49.8,20.2,104.4,3.2,334488,29153,44,44,bbr1
0.893,27111,18,17280,45.6,51.4,20.2,104.4,4.1,334488,29154,44,44,bbr1
0.906,19251,13,14400,45.9,46.1,20.2,104.4,2.8,445984,29156,44,44,bbr1
0.916,22099,15,17280,46.2,47.8,20.2,104.4,2.5,445984,29160,44,44,bbr1
0.922,24947,17,17280,46.2,46.1,20.2,104.4,1.9,445984,29162,44,44,bbr1
0.928,27111,18,17280,45.9,44.2,20.2,104.4,1.9,445984,29164,44,44,bbr1
0.935,27111,18,17280,45.4,42.2,20.2,104.4,2.4,445984,29166,44,44,bbr1
0.941,27111,18,17280,44.9,40.9,20.2,104.4,2.9,445984,29168,44,44,bbr1
0.954,19251,13,14400,43.3,39.8,20.2,104.4,4.3,445984,29170,44,44,bbr1
0.964,22099,15,17280,42.8,40.0,20.2,104.4,4.1,445984,29174,44,44,bbr1
0.970,24947,17,17280,42.6,40.6,20.2,104.4,3.6,445984,29176,44,44,bbr1
0.976,27111,18,17280,42.4,41.0,20.2,104.4,3.1,557480,29178,44,44,bbr1
0.983,27111,18,18720,42.2,41.0,20.2,104.4,2.7,557480,29181,44,44,bbr1
0.989,27111,18,18720,42.1,41.7,20.2,104.4,2.1,557480,29183,44,44,bbr1
1.002,19251,13,17335,41.2,39.8,20.2,104.4,2.7,557480,29187,44,44,bbr1
1.009,23523,16,15895,40.9,38.7,20.2,104.4,2.7,557480,29189,44,44,bbr1
1.019,26371,18,20215,40.7,39.8,20.2,104.4,2.3,557480,29194,44,44,bbr1
1.026,27111,18,20215,40.8,41.2,20.2,104.4,1.8,334488,29196,44,44,bbr1
1.035,27111,18,20215,41.0,42.5,20.2,104.4,1.8,334488,29198,44,44,bbr1
1.039,27111,18,18775,41.5,44.8,20.2,104.4,2.3,334488,29199,44,44,bbr1
1.047,17866,12,17280,41.4,41.1,20.2,104.4,1.8,350856,29201,44,44,bbr1
1.055,20714,14,15840,41.4,41.0,20.2,104.4,1.4,467809,29202,44,44,bbr1
1.064,23562,16,18720,41.9,45.6,20.2,104.4,2.1,467809,29206,44,44,bbr1
1.071,26410,18,18720,42.6,47.7,20.2,104.4,3.0,467809,29208,44,44,bbr1
1.076,28015,19,18720,43.2,47.6,20.2,104.4,3.5,467809,29210,44,44,bbr1
1.083,28015,19,18720,43.5,45.7,20.2,104.4,3.3,467809,29212,44,44,bbr1
1.092,28015,19,20160,43.6,44.2,20.2,104.4,2.6,467809,29215,44,44,bbr1
1.106,21127,14,15840,43.1,43.4,20.2,104.4,2.3,584761,29217,44,44,bbr1
1.114,23975,16,18720,43.3,44.2,20.2,104.4,2.0,584761,29221,44,44,bbr1
1.121,26823,18,20160,43.4,44.5,20.2,104.4,1.8,584761,29224,44,44,bbr1
1.129,28015,19,21600,43.7,45.4,20.2,104.4,1.9,584761,29227,44,44,bbr1
1.138,28015,19,23040,44.0,46.2,20.2,104.4,2.0,350856,29230,44,44,bbr1
1.142,28015,19,21600,44.3,46.6,20.2,104.4,2.2,350856,29231,44,44,bbr1
1.158,21127,14,17280,43.8,44.5,20.2,104.4,2.4,350856,29233,44,44,bbr1
0.006,17693,12,0,45.9,41.1,20.2,104.4,4.5,584761,29236,45,45,bbr1
0.007,20271,14,0,43.6,27.7,20.2,104.4,7.9,584761,29238,45,45,bbr1
0.034,25967,18,14400,41.1,23.8,20.2,104.4,10.9,584761,29252,45,45,bbr1
0.044,28015,19,17280,39.6,29.1,20.2,104.4,11.2,584761,29256,45,45,bbr1
0.052,28015,19,18720,38.6,31.0,20.2,104.4,10.5,584761,29259,45,45,bbr1
0.059,28015,19,20160,37.9,32.9,20.2,104.4,9.3,584761,29262,45,45,bbr1
0.064,28015,19,20160,37.5,34.9,20.2,104.4,7.7,584761,29264,45,45,bbr1
0.071,28015,19,21600,37.4,36.8,20.2,104.4,6.0,584761,29267,45,45,bbr1
0.080,28015,19,23040,37.6,39.1,20.2,104.4,4.9,350856,29270,45,45,bbr1
0.084,28015,19,21600,38.0,40.6,20.2,104.4,4.4,350856,29271,45,45,bbr1
0.093,28015,19,21600,38.6,42.6,20.2,104.4,4.5,350856,29273,45,45,bbr1
0.101,28015,19,21600,39.3,44.2,20.2,104.4,4.8,350856,29275,45,45,bbr1
0.105,28015,19,20160,40.2,46.5,20.2,104.4,5.4,350856,29276,45,45,bbr1
0.113,28015,19,20160,41.2,48.3,20.2,104.4,6.1,350856,29278,45,45,bbr1
0.121,28015,19,20160,42.3,50.3,20.2,104.4,6.8,350856,29280,45,45,bbr1
0.125,28015,19,18720,43.5,52.1,20.2,104.4,7.6,350856,29281,45,45,bbr1
0.134,28015,19,18720,44.9,54.1,20.2,104.4,8.3,350856,29283,45,45,bbr1
0.142,28015,19,18720,45.9,52.8,20.2,104.4,8.2,350856,29285,45,45,bbr1
0.152,19703,13,14400,46.9,50.1,20.2,104.4,6.5,467809,29286,45,45,bbr1
0.162,22551,15,17280,47.2,48.7,20.2,104.4,5.3,467809,29290,45,45,bbr1
0.168,25399,17,17280,47.1,47.0,20.2,104.4,4.0,467809,29292,45,45,bbr1
0.174,28015,19,17280,47.0,46.0,20.2,104.4,3.3,467809,29294,45,45,bbr1
0.180,28015,19,17280,46.6,44.2,20.2,104.4,3.2,467809,29296,45,45,bbr1
0.190,28015,19,17280,45.1,34.1,20.2,104.4,5.5,467809,29299,45,45,bbr1
0.193,28015,19,17280,43.7,34.2,20.2,104.4,6.8,467809,29300,45,45,bbr1
0.205,19703,13,14400,42.5,38.9,20.2,104.4,5.9,584761,29302,45,45,bbr1
0.213,22551,15,17280,42.1,39.2,20.2,104.4,5.3,584761,29306,45,45,bbr1
0.220,25399,17,18720,41.9,40.3,20.2,104.4,4.4,584761,29309,45,45,bbr1
0.228,28015,19,20160,41.7,41.0,20.2,104.4,3.5,584761,29312,45,45,bbr1
0.235,28015,19,21600,41.7,41.3,20.2,104.4,2.7,584761,29315,45,45,bbr1
0.242,28015,19,21600,41.7,41.9,20.2,104.4,2.1,350856,29317,45,45,bbr1
0.253,19703,13,18775,41.0,41.3,20.2,104.4,2.3,350856,29320,45,45,bbr1
0.260,22551,15,17335,41.3,43.2,20.2,104.4,2.3,350856,29321,45,45,bbr1
0.267,25399,17,18775,41.8,45.0,20.2,104.4,2.6,467809,29324,45,45,bbr1
0.277,28015,19,20215,42.4,47.1,20.2,104.4,3.3,467809,29327,45,45,bbr1
0.283,28015,19,20215,43.2,48.9,20.2,104.4,4.1,467809,29329,45,45,bbr1
0.289,28015,19,20215,44.2,50.8,20.2,104.4,5.0,467809,29331,45,45,bbr1
0.296,28015,19,20215,45.0,51.0,20.2,104.4,5.4,467809,29333,45,45,bbr1
0.308,19742,13,17335,44.9,42.9,20.2,104.4,3.9,467809,29336,45,45,bbr1
0.315,22590,15,17335,45.0,45.9,20.2,104.4,3.1,467809,29338,45,45,bbr1
0.324,25438,17,20215,45.2,46.5,20.2,104.4,2.7,467809,29342,45,45,bbr1
0.330,28015,19,20215,45.4,46.9,20.2,104.4,2.5,584761,29344,45,45,bbr1
0.338,28015,19,21655,45.8,48.0,20.2,104.4,2.5,584761,29347,45,45,bbr1
0.345,28015,19,23095,46.1,48.7,20.2,104.4,2.6,584761,29350,45,45,bbr1
0.349,28015,19,23095,46.5,48.8,20.2,104.4,2.6,584761,29352,45,45,bbr1
0.359,28015,19,24480,46.0,42.9,20.2,104.4,2.9,350856,29355,45,45,bbr1
0.370,21127,14,20160,45.7,45.7,20.2,104.4,2.2,350856,29357,45,45,bbr1
0.379,23975,16,18720,45.8,46.9,20.2,104.4,2.0,350856,29358,45,45,bbr1
0.387,26823,18,20160,46.2,48.9,20.2,104.4,2.2,350856,29361,45,45,bbr1
0.395,28015,19,20160,46.8,50.7,20.2,104.4,2.8,350856,29363,45,45,bbr1
0.399,28015,19,18720,47.5,52.9,20.2,104.4,3.6,350856,29364,45,45,bbr1
0.407,28015,19,18720,48.4,54.6,20.2,104.4,4.5,350856,29366,45,45,bbr1
0.416,28015,19,18720,49.4,56.6,20.2,104.4,5.4,350856,29368,45,45,bbr1
0.420,28015,19,17280,50.2,55.2,20.2,104.4,5.5,350856,29369,45,45,bbr1
0.427,28015,19,15840,49.7,46.2,20.2,104.4,5.1,467809,29371,45,45,bbr1
0.444,19703,13,15840,49.1,46.5,20.2,104.4,3.9,467809,29375,45,45,bbr1
0.450,22551,15,17280,48.6,45.2,20.2,104.4,3.9,440647,29378,45,45,bbr1
0.460,25399,17,18720,48.0,44.1,20.2,104.4,4.1,440647,29381,45,45,bbr1
0.466,26890,18,18720,47.4,42.7,20.2,104.4,4.4,440647,29383,45,45,bbr1
0.473,26890,18,18720,46.8,42.4,20.2,104.4,4.5,440647,29385,45,45,bbr1
0.480,26890,18,18720,46.3,43.0,20.2,104.4,4.3,440647,29387,45,45,bbr1
0.486,26890,18,17280,45.4,39.3,20.2,104.4,5.0,440647,29389,45,45,bbr1
0.502,19141,13,15840,44.9,43.4,20.2,104.4,3.7,440647,29392,45,45,bbr1
0.509,21989,15,17280,44.7,43.4,20.2,104.4,3.2,440647,29395,45,45,bbr1
0.519,24837,17,18720,44.6,44.1,20.2,104.4,2.5,440647,29398,45,45,bbr1
0.524,26890,18,18720,44.6,44.4,20.2,104.4,1.9,550808,29400,45,45,bbr1
0.529,26890,18,17280,44.4,43.2,20.2,104.4,1.8,550808,29402,45,45,bbr1
0.540,26890,18,20160,44.3,43.5,20.2,104.4,1.6,550808,29406,45,45,bbr1
0.547,26797,18,20160,43.5,37.7,20.2,104.4,2.8,328803,29408,45,45,bbr1
0.558,19094,13,17280,43.0,41.7,20.2,104.4,2.4,328803,29410,45,45,bbr1
0.565,21942,15,17280,42.8,41.7,20.2,104.4,2.1,438405,29412,45,45,bbr1
0.573,24790,17,18720,42.9,43.6,20.2,104.4,1.8,438405,29415,45,45,bbr1
0.580,26797,18,18720,43.2,44.7,20.2,104.4,1.8,438405,29417,45,45,bbr1
0.586,26797,18,18720,43.6,46.8,20.2,104.4,2.3,438405,29419,45,45,bbr1
0.593,26797,18,18720,44.2,48.5,20.2,104.4,2.9,438405,29421,45,45,bbr1
0.599,26797,18,18720,44.5,46.5,20.2,104.4,2.8,438405,29423,45,45,bbr1
0.613,19094,13,17280,44.6,44.9,20.2,104.4,1.7,438405,29426,45,45,bbr1
0.620,21942,15,17280,44.6,45.0,20.2,104.4,1.4,438405,29428,45,45,bbr1
0.630,24790,17,20160,44.7,45.0,20.2,104.4,1.1,438405,29432,45,45,bbr1
0.636,26797,18,20160,44.8,45.8,20.2,104.4,1.1,548006,29434,45,45,bbr1
0.641,26797,18,20160,45.0,46.1,20.2,104.4,1.2,548006,29436,45,45,bbr1
0.649,26797,18,21600,45.1,46.3,20.2,104.4,1.2,548006,29439,45,45,bbr1
0.654,26797,18,21600,45.3,46.6,20.2,104.4,1.3,548006,29441,45,45,bbr1
0.664,26797,18,23040,45.0,42.8,20.2,104.4,1.6,328803,29444,45,45,bbr1
0.675,19094,13,18720,45.0,46.5,20.2,104.4,1.7,328803,29445,45,45,bbr1
0.681,21942,15,17280,45.2,46.7,20.2,104.4,1.7,328803,29446,45,45,bbr1
0.689,26214,18,17280,45.4,47.3,20.2,104.4,1.8,442364,29449,45,45,bbr1
0.006,21278,14,0,45.9,41.9,20.2,104.4,4.2,552955,29452,45,45,bbr1
0.006,23856,16,0,43.8,28.9,20.2,104.4,7.4,552955,29454,45,45,bbr1
0.033,26961,18,12960,41.3,24.2,20.2,104.4,10.5,552955,29467,45,45,bbr1
0.043,26961,18,15840,39.8,29.1,20.2,104.4,10.9,552955,29471,45,45,bbr1
0.051,26961,18,17280,38.6,30.5,20.2,104.4,10.5,552955,29474,45,45,bbr1
0.059,26961,18,18720,37.8,32.0,20.2,104.4,9.5,552955,29477,45,45,bbr1
0.064,26961,18,18720,37.3,34.2,20.2,104.4,8.0,552955,29479,45,45,bbr1
0.072,26961,18,20160,37.1,35.8,20.2,104.4,6.4,552955,29482,45,45,bbr1
0.081,26961,18,21600,37.2,37.4,20.2,104.4,4.9,331773,29485,45,45,bbr1
0.086,26961,18,20160,37.4,39.1,20.2,104.4,4.1,331773,29486,45,45,bbr1
0.095,26961,18,20160,37.8,40.6,20.2,104.4,3.9,331773,29488,45,45,bbr1
0.099,26961,18,18720,38.3,41.7,20.2,104.4,3.9,331773,29489,45,45,bbr1
0.107,26961,18,18720,39.0,44.1,20.2,104.4,4.4,331773,29491,45,45,bbr1
0.112,26961,18,17280,39.8,45.1,20.2,104.4,4.8,331773,29492,45,45,bbr1
0.119,26961,18,17280,40.7,47.3,20.2,104.4,5.5,442364,29494,45,45,bbr1
0.126,26961,18,17280,41.7,48.4,20.2,104.4,6.0,442364,29496,45,45,bbr1
0.132,26961,18,17280,42.6,48.8,20.2,104.4,6.3,442364,29498,45,45,bbr1
0.139,26961,18,17280,43.1,46.8,20.2,104.4,5.8,442364,29500,45,45,bbr1
0.152,19176,13,15840,43.3,43.1,20.2,104.4,3.7,442364,29503,45,45,bbr1
0.159,22024,15,17280,43.1,41.5,20.2,104.4,3.2,442364,29506,45,45,bbr1
0.169,24872,17,18720,42.9,41.8,20.2,104.4,2.7,442364,29509,45,45,bbr1
0.175,26961,18,18720,42.8,41.9,20.2,104.4,2.3,442364,29511,45,45,bbr1
0.182,26961,18,18720,42.8,42.5,20.2,104.4,1.8,442364,29513,45,45,bbr1
0.189,26961,18,17280,42.6,41.3,20.2,104.4,1.7,442364,29515,45,45,bbr1
0.197,26961,18,18720,42.0,37.7,20.2,104.4,2.5,552955,29518,45,45,bbr1
0.209,19176,13,15840,41.8,41.4,20.2,104.4,1.7,552955,29520,45,45,bbr1
0.216,22024,15,17280,41.8,41.8,20.2,104.4,1.3,552955,29523,45,45,bbr1
0.225,24872,17,20160,41.9,42.4,20.2,104.4,1.1,552955,29527,45,45,bbr1
0.231,26961,18,20160,42.0,42.7,20.2,104.4,1.0,331773,29529,45,45,bbr1
0.240,26961,18,20160,42.1,42.7,20.2,104.4,1.0,331773,29531,45,45,bbr1
0.244,26961,18,18720,42.3,44.1,20.2,104.4,1.2,331773,29532,45,45,bbr1
0.253,17752,12,17280,42.0,39.3,20.2,104.4,1.7,331773,29534,45,45,bbr1
0.260,20600,14,15840,42.1,42.8,20.2,104.4,1.5,442364,29535,45,45,bbr1
0.270,23448,16,18720,42.6,46.1,20.2,104.4,2.1,442364,29539,45,45,bbr1
0.277,26296,18,18720,43.2,47.5,20.2,104.4,2.8,442364,29541,45,45,bbr1
0.283,26961,18,18720,43.7,47.5,20.2,104.4,3.2,442364,29543,45,45,bbr1
0.290,26961,18,18720,43.9,45.5,20.2,104.4,2.8,442364,29545,45,45,bbr1
0.296,26961,18,18720,43.9,43.9,20.2,104.4,2.1,442364,29547,45,45,bbr1
0.303,26961,18,17280,43.3,39.3,20.2,104.4,2.8,442364,29549,45,45,bbr1
0.318,20600,14,14455,43.1,41.4,20.2,104.4,2.1,552955,29553,45,45,bbr1
0.329,23448,16,18775,42.7,40.3,20.2,104.4,2.3,552955,29558,45,45,bbr1
0.334,26296,18,18775,42.7,42.3,20.2,104.4,1.8,552955,29560,45,45,bbr1
0.339,26961,18,18775,42.2,38.9,20.2,104.4,2.3,552955,29562,45,45,bbr1
0.347,26961,18,18775,41.7,38.1,20.2,104.4,2.8,552955,29565,45,45,bbr1
0.365,20639,14,15840,40.6,39.2,20.2,104.4,3.3,552955,29568,45,45,bbr1
0.370,22063,15,18720,40.3,38.4,20.2,104.4,3.0,552955,29571,45,45,bbr1
0.375,26335,18,17280,40.3,40.8,20.2,104.4,2.4,563297,29573,45,45,bbr1
0.385,27304,18,20160,40.8,44.2,20.2,104.4,2.8,563297,29577,45,45,bbr1
0.393,27304,18,21600,41.5,45.8,20.2,104.4,3.3,563297,29580,45,45,bbr1
0.402,27304,18,23040,41.9,45.2,20.2,104.4,3.4,337978,29583,45,45,bbr1
0.416,20772,14,17280,41.9,44.4,20.2,104.4,3.1,337978,29584,45,45,bbr1
0.424,23620,16,18720,42.5,46.1,20.2,104.4,3.4,450638,29587,45,45,bbr1
0.430,26468,18,18720,42.9,46.1,20.2,104.4,3.4,450638,29589,45,45,bbr1
0.440,27304,18,20160,43.8,49.6,20.2,104.4,4.2,450638,29592,45,45,bbr1
0.446,27304,18,20160,44.7,51.2,20.2,104.4,5.0,450638,29594,45,45,bbr1
0.451,27304,18,20160,45.7,53.0,20.2,104.4,5.9,563297,29596,45,45,bbr1
0.459,27304,18,21600,46.6,53.0,20.2,104.4,6.2,563297,29599,45,45,bbr1
0.464,27304,18,21600,46.2,42.9,20.2,104.4,5.6,563297,29601,45,45,bbr1
0.485,22196,15,17280,46.1,46.6,20.2,104.4,2.7,337978,29604,45,45,bbr1
0.493,25044,17,18720,46.2,46.6,20.2,104.4,2.1,337978,29607,45,45,bbr1
0.502,27304,18,18720,46.3,47.4,20.2,104.4,1.9,337978,29609,45,45,bbr1
0.506,27304,18,17280,46.7,49.2,20.2,104.4,2.1,337978,29610,45,45,bbr1
0.514,27304,18,17280,47.2,50.9,20.2,104.4,2.7,450638,29612,45,45,bbr1
0.517,27304,18,15840,47.7,50.9,20.2,104.4,2.9,450638,29613,45,45,bbr1
0.526,27304,18,17280,48.3,52.5,20.2,104.4,3.4,450638,29616,45,45,bbr1
0.533,27304,18,17280,47.3,40.8,20.2,104.4,4.4,450638,29618,45,45,bbr1
0.544,19348,13,14455,45.9,40.5,20.2,104.4,5.0,450638,29621,45,45,bbr1
0.554,22196,15,17335,45.1,39.3,20.2,104.4,5.4,450638,29625,45,45,bbr1
0.560,25044,17,17335,44.4,39.3,20.2,104.4,5.5,450638,29627,45,45,bbr1
0.566,27304,18,17335,43.8,39.9,20.2,104.4,5.2,563297,29629,45,45,bbr1
0.574,27304,18,18775,43.4,40.6,20.2,104.4,4.7,563297,29632,45,45,bbr1
0.579,27304,18,18775,43.1,41.2,20.2,104.4,4.1,563297,29634,45,45,bbr1
0.587,27304,18,20160,42.3,36.1,20.2,104.4,4.8,563297,29637,45,45,bbr1
0.599,19348,13,18775,41.7,40.1,20.2,104.4,3.6,337978,29641,45,45,bbr1
0.606,22196,15,17335,41.6,40.8,20.2,104.4,3.0,337978,29642,45,45,bbr1
0.615,25044,17,18775,41.7,42.5,20.2,104.4,2.5,337978,29645,45,45,bbr1
0.623,27304,18,18775,42.0,44.2,20.2,104.4,2.5,337978,29647,45,45,bbr1
0.628,27304,18,17335,42.5,46.0,20.2,104.4,2.8,337978,29648,45,45,bbr1
0.635,27304,18,17335,43.2,47.7,20.2,104.4,3.4,450638,29650,45,45,bbr1
0.641,27304,18,17335,44.0,49.7,20.2,104.4,4.2,450638,29652,45,45,bbr1
0.654,19387,13,14455,44.1,42.9,20.2,104.4,3.1,563297,29655,45,45,bbr1
0.662,22235,15,17335,44.1,44.1,20.2,104.4,2.4,563297,29659,45,45,bbr1
0.670,25083,17,18775,44.0,42.9,20.2,104.4,2.1,563297,29662,45,45,bbr1
0.675,27304,18,18775,43.6,41.1,20.2,104.4,2.3,563297,29664,45,45,bbr1
0.683,27304,18,20215,43.4,41.7,20.2,104.4,2.2,563297,29667,45,45,bbr1
0.690,27304,18,21655,43.2,42.1,20.2,104.4,1.9,563297,29670,45,45,bbr1
0.709,23659,16,15895,42.1,42.1,20.2,104.4,2.1,337978,29674,45,45,bbr1
0.718,26507,18,17335,42.3,43.7,20.2,104.4,1.9,450638,29677,45,45,bbr1
0.727,27304,18,18775,42.7,44.9,20.2,104.4,2.1,450638,29680,45,45,bbr1
0.733,27304,18,18775,43.2,46.9,20.2,104.4,2.6,450638,29682,45,45,bbr1
0.739,27304,18,18775,43.9,49.0,20.2,104.4,3.4,450638,29684,45,45,bbr1
0.745,27304,18,18775,44.8,50.6,20.2,104.4,4.2,450638,29686,45,45,bbr1
0.762,20811,14,15840,44.1,42.9,20.2,104.4,3.4,563297,29689,45,45,bbr1
0.770,23659,16,18720,44.1,44.3,20.2,104.4,2.6,563297,29693,45,45,bbr1
0.778,26507,18,20160,44.2,44.5,20.2,104.4,2.1,563297,29696,45,45,bbr1
0.783,27304,18,20160,44.3,45.3,20.2,104.4,1.8,563297,29698,45,45,bbr1
0.791,27304,18,21600,44.5,45.5,20.2,104.4,1.7,563297,29701,45,45,bbr1
0.800,27304,18,23040,44.7,46.2,20.2,104.4,1.7,337978,29704,45,45,bbr1
0.814,20772,14,17280,44.1,44.5,20.2,104.4,2.1,337978,29705,45,45,bbr1
0.821,23620,16,18720,44.3,46.3,20.2,104.4,2.1,450638,29708,45,45,bbr1
0.827,26468,18,18720,44.7,47.5,20.2,104.4,2.4,450638,29710,45,45,bbr1
0.837,27304,18,20160,45.4,49.6,20.2,104.4,3.0,450638,29713,45,45,bbr1
0.843,27304,18,20160,46.1,51.0,20.2,104.4,3.6,450638,29715,45,45,bbr1
0.849,27304,18,20160,46.9,53.2,20.2,104.4,4.5,563297,29717,45,45,bbr1
0.855,27304,18,20160,47.7,53.2,20.2,104.4,4.9,563297,29719,45,45,bbr1
0.868,19348,13,18720,46.9,45.2,20.2,104.4,4.2,337547,29722,45,45,bbr1
0.875,23620,16,15840,46.6,44.5,20.2,104.4,3.7,337547,29723,45,45,bbr1
0.884,26468,18,17280,46.3,44.7,20.2,104.4,3.3,337547,29726,45,45,bbr1
0.892,27280,18,17280,46.2,45.5,20.2,104.4,2.6,450063,29728,45,45,bbr1
0.898,27280,18,17280,46.3,46.5,20.2,104.4,2.0,450063,29730,45,45,bbr1
0.907,27280,18,18720,46.5,47.8,20.2,104.4,1.9,450063,29733,45,45,bbr1
0.914,27280,18,18720,46.9,50.0,20.2,104.4,2.3,450063,29735,45,45,bbr1
0.920,17912,12,17280,46.2,41.2,20.2,104.4,3.2,434347,29737,45,45,bbr1
0.928,20760,14,15840,45.8,42.7,20.2,104.4,3.2,434347,29738,45,45,bbr1
0.938,23608,16,18720,45.2,41.6,20.2,104.4,3.5,434347,29742,45,45,bbr1
0.944,26456,18,18720,44.9,42.7,20.2,104.4,3.2,542933,29744,45,45,bbr1
0.950,26629,18,18720,44.7,43.1,20.2,104.4,2.9,542933,29746,45,45,bbr1
0.958,26629,18,20160,44.5,43.4,20.2,104.4,2.5,542933,29749,45,45,bbr1
0.007,3072,2,0,44.5,47.6,20.2,104.4,2.3,542933,29751,46,46,bbr1
0.006,5760,4,0,42.4,28.1,20.2,104.4,5.8,542933,29753,46,46,bbr1
0.033,11456,7,1440,40.2,24.7,20.2,104.4,8.8,542933,29758,46,46,bbr1
0.044,12880,8,7200,38.7,28.3,20.2,104.4,9.5,542933,29763,46,46,bbr1
0.059,17152,11,8640,36.5,20.7,20.2,104.4,11.7,542933,29767,46,46,bbr1
0.067,20000,13,11520,34.7,22.3,20.2,104.4,12.3,542933,29771,46,46,bbr1
0.075,22848,15,12960,33.4,24.3,20.2,104.4,11.8,542933,29774,46,46,bbr1
0.080,25696,17,12960,32.5,25.8,20.2,104.4,10.8,542933,29776,46,46,bbr1
0.088,26629,18,14400,31.2,22.2,20.2,104.4,10.6,542933,29779,46,46,bbr1
0.093,26629,18,14400,30.7,27.1,20.2,104.4,9.0,542933,29781,46,46,bbr1
0.101,26629,18,15840,30.4,28.2,20.2,104.4,7.4,542933,29784,46,46,bbr1
0.106,26629,18,15840,30.3,30.1,20.2,104.4,5.6,542933,29786,46,46,bbr1
0.114,26629,18,17280,30.5,31.4,20.2,104.4,4.4,542933,29789,46,46,bbr1
0.122,26629,18,18720,30.8,32.8,20.2,104.4,3.9,542933,29792,46,46,bbr1
0.128,26629,18,18720,31.3,34.8,20.2,104.4,3.9,542933,29794,46,46,bbr1
0.136,26629,18,20160,31.9,36.1,20.2,104.4,4.2,542933,29797,46,46,bbr1
0.143,26629,18,20160,32.6,37.8,20.2,104.4,4.6,325760,29799,46,46,bbr1
0.152,26629,18,20160,33.4,39.3,20.2,104.4,5.1,325760,29801,46,46,bbr1
0.157,26629,18,18720,34.4,40.9,20.2,104.4,5.7,325760,29802,46,46,bbr1
0.165,26629,18,18720,35.3,42.0,20.2,104.4,6.2,325760,29804,46,46,bbr1
0.169,26629,18,17280,36.4,44.1,20.2,104.4,6.8,325760,29805,46,46,bbr1
0.177,26629,18,17280,37.5,45.2,20.2,104.4,7.3,434347,29807,46,46,bbr1
0.184,26629,18,17280,38.7,46.6,20.2,104.4,7.8,434347,29809,46,46,bbr1
0.191,26629,18,17280,39.9,48.7,20.2,104.4,8.3,434347,29811,46,46,bbr1
0.202,19010,13,14400,41.2,44.1,20.2,104.4,6.8,542933,29813,46,46,bbr1
0.210,21858,15,17280,41.4,42.7,20.2,104.4,5.5,542933,29817,46,46,bbr1
0.218,26130,18,17280,41.1,39.0,20.2,104.4,4.7,542933,29820,46,46,bbr1
0.227,26629,18,18720,40.8,39.1,20.2,104.4,4.0,542933,29823,46,46,bbr1
0.232,26629,18,18720,40.6,39.0,20.2,104.4,3.5,542933,29825,46,46,bbr1
0.249,20434,14,15840,39.7,39.4,20.2,104.4,3.2,542933,29828,46,46,bbr1
0.257,23282,16,18720,39.8,40.2,20.2,104.4,2.5,542933,29832,46,46,bbr1
0.265,26130,18,20160,40.1,42.2,20.2,104.4,2.5,542933,29835,46,46,bbr1
0.272,26629,18,20160,40.5,43.7,20.2,104.4,2.8,325760,29837,46,46,bbr1
0.276,26629,18,18720,41.1,45.2,20.2,104.4,3.3,325760,29838,46,46,bbr1
0.285,26629,18,18720,41.8,46.4,20.2,104.4,3.8,325760,29840,46,46,bbr1
0.294,27261,18,17280,41.5,39.3,20.2,104.4,3.4,337203,29842,46,46,bbr1
0.307,19326,13,14400,42.3,45.3,20.2,104.4,3.3,449604,29844,46,46,bbr1
0.317,22174,15,17280,42.9,47.4,20.2,104.4,3.8,449604,29848,46,46,bbr1
0.322,25022,17,17280,43.5,47.3,20.2,104.4,3.9,562005,29850,46,46,bbr1
0.327,27261,18,17280,43.7,45.1,20.2,104.4,3.4,562005,29852,46,46,bbr1
0.335,27261,18,18720,43.6,43.2,20.2,104.4,2.6,562005,29855,46,46,bbr1
0.343,27261,18,20160,43.3,41.3,20.2,104.4,2.6,562005,29858,46,46,bbr1
0.348,27261,18,20160,42.4,35.9,20.2,104.4,3.8,562005,29860,46,46,bbr1
0.363,19326,13,18720,41.8,40.0,20.2,104.4,3.1,337203,29863,46,46,bbr1
0.368,22174,15,17280,41.8,42.0,20.2,104.4,2.4,337203,29864,46,46,bbr1
0.377,26446,18,17280,41.9,42.8,20.2,104.4,2.0,337203,29867,46,46,bbr1
0.385,27261,18,17280,42.3,44.5,20.2,104.4,2.2,449604,29869,46,46,bbr1
0.391,27261,18,17280,42.7,45.9,20.2,104.4,2.5,449604,29871,46,46,bbr1
0.401,27261,18,18720,43.4,47.9,20.2,104.4,3.2,449604,29874,46,46,bbr1
0.407,27261,18,18720,44.2,49.8,20.2,104.4,4.0,449604,29876,46,46,bbr1
0.413,17902,12,17280,43.8,41.1,20.2,104.4,3.8,456514,29878,46,46,bbr1
0.421,20750,14,15840,43.6,42.3,20.2,104.4,3.2,456514,29879,46,46,bbr1
0.431,23598,16,18720,43.4,41.7,20.2,104.4,2.9,456514,29883,46,46,bbr1
0.437,26446,18,18720,43.3,42.5,20.2,104.4,2.4,570642,29885,46,46,bbr1
0.444,27547,19,20160,43.2,43.0,20.2,104.4,1.8,570642,29888,46,46,bbr1
0.449,27547,19,20160,43.3,43.5,20.2,104.4,1.4,570642,29890,46,46,bbr1
0.457,27547,19,21600,43.3,43.9,20.2,104.4,1.3,570642,29893,46,46,bbr1
0.473,20893,14,18720,42.9,43.4,20.2,104.4,1.6,342385,29896,46,46,bbr1
0.480,23741,16,18720,43.0,43.5,20.2,104.4,1.3,342385,29898,46,46,bbr1
0.490,26589,18,20160,43.3,45.7,20.2,104.4,1.7,342385,29901,46,46,bbr1
0.494,27547,19,18720,43.8,47.5,20.2,104.4,2.3,342385,29902,46,46,bbr1
0.502,27547,19,18720,44.5,49.3,20.2,104.4,3.1,342385,29904,46,46,bbr1
0.511,27547,19,18720,45.3,51.1,20.2,104.4,3.9,342385,29906,46,46,bbr1
0.515,27547,19,17280,46.3,52.9,20.2,104.4,4.9,342385,29907,46,46,bbr1
0.523,18045,12,15840,46.3,46.2,20.2,104.4,3.7,456514,29909,46,46,bbr1
0.531,22317,15,14400,46.1,45.1,20.2,104.4,3.0,456514,29911,46,46,bbr1
0.542,25165,17,17280,45.9,44.0,20.2,104.4,2.8,456514,29915,46,46,bbr1
0.547,27547,19,17280,45.4,42.4,20.2,104.4,3.0,570642,29917,46,46,bbr1
0.554,27547,19,18720,44.8,40.5,20.2,104.4,3.5,570642,29920,46,46,bbr1
0.562,27547,19,20160,44.1,39.2,20.2,104.4,4.0,570642,29923,46,46,bbr1
0.574,19469,13,17280,43.0,39.9,20.2,104.4,4.1,570642,29925,46,46,bbr1
0.581,22317,15,17280,42.7,40.5,20.2,104.4,3.7,570642,29927,46,46,bbr1
0.589,25165,17,20160,42.5,41.0,20.2,104.4,3.2,570642,29931,46,46,bbr1
0.596,27547,19,21600,42.6,43.3,20.2,104.4,2.6,570642,29934,46,46,bbr1
0.605,27547,19,23040,42.9,45.0,20.2,104.4,2.5,342385,29937,46,46,bbr1
0.609,27547,19,21600,43.4,46.9,20.2,104.4,2.9,342385,29938,46,46,bbr1
0.618,27547,19,21600,44.0,48.6,20.2,104.4,3.5,342385,29940,46,46,bbr1
0.629,19469,13,17280,43.7,42.7,20.2,104.4,2.5,342385,29941,46,46,bbr1
0.636,22317,15,17280,44.3,48.0,20.2,104.4,2.9,456514,29943,46,46,bbr1
0.645,25165,17,20160,45.0,49.8,20.2,104.4,3.6,456514,29947,46,46,bbr1
0.651,27547,19,20160,45.8,51.5,20.2,104.4,4.3,456514,29949,46,46,bbr1
0.658,27547,19,20160,46.7,53.3,20.2,104.4,5.1,456514,29951,46,46,bbr1
0.664,27547,19,20160,47.4,51.7,20.2,104.4,5.1,456514,29953,46,46,bbr1
0.671,27547,19,20160,47.7,50.0,20.2,104.4,4.5,456514,29955,46,46,bbr1
0.677,27547,19,20160,47.1,42.8,20.2,104.4,4.6,456514,29957,46,46,bbr1
0.690,19469,13,18720,46.5,46.6,20.2,104.4,3.4,570642,29960,46,46,bbr1
0.697,23741,16,15840,46.4,45.8,20.2,104.4,2.8,570642,29961,46,46,bbr1
0.708,26589,18,20160,46.4,45.7,20.2,104.4,2.2,570642,29966,46,46,bbr1
0.715,27547,19,21600,46.4,46.8,20.2,104.4,1.8,570642,29969,46,46,bbr1
0.722,27547,19,21600,46.5,46.9,20.2,104.4,1.5,342385,29971,46,46,bbr1
0.730,27547,19,21600,46.6,47.9,20.2,104.4,1.5,342385,29973,46,46,bbr1
0.734,27547,19,20160,46.9,48.5,20.2,104.4,1.5,342385,29974,46,46,bbr1
0.743,27547,19,18720,46.1,41.0,20.2,104.4,2.6,342385,29976,46,46,bbr1
0.757,19469,13,15840,46.3,47.5,20.2,104.4,1.8,342385,29978,46,46,bbr1
0.765,22317,15,17280,46.8,49.8,20.2,104.4,2.2,456514,29981,46,46,bbr1
0.771,25165,17,17280,47.4,51.7,20.2,104.4,2.9,456514,29983,46,46,bbr1
0.781,27547,19,18720,47.7,50.0,20.2,104.4,2.8,456514,29986,46,46,bbr1
0.786,27547,19,18720,47.8,48.6,20.2,104.4,2.4,456514,29988,46,46,bbr1
0.792,27547,19,18720,47.6,46.4,20.2,104.4,2.1,570642,29990,46,46,bbr1
0.808,20893,14,15840,46.0,41.7,20.2,104.4,4.0,570642,29993,46,46,bbr1
0.816,23741,16,18720,45.6,42.7,20.2,104.4,3.8,570642,29997,46,46,bbr1
0.823,26589,18,20160,45.3,43.1,20.2,104.4,3.5,570642,30000,46,46,bbr1
0.831,27547,19,21600,45.0,43.4,20.2,104.4,3.1,570642,30003,46,46,bbr1
0.838,27547,19,21600,44.9,44.3,20.2,104.4,2.5,342385,30005,46,46,bbr1
0.847,27547,19,21600,45.1,46.2,20.2,104.4,2.2,342385,30007,46,46,bbr1
0.858,20893,14,15840,44.2,42.9,20.2,104.4,2.7,342385,30008,46,46,bbr1
0.865,23741,16,17280,44.3,44.7,20.2,104.4,2.1,456514,30011,46,46,bbr1
0.872,26589,18,17280,44.5,46.4,20.2,104.4,2.1,456514,30013,46,46,bbr1
0.882,27547,19,18720,45.0,48.3,20.2,104.4,2.5,456514,30016,46,46,bbr1
0.887,27547,19,18720,45.6,50.0,20.2,104.4,3.2,456514,30018,46,46,bbr1
0.894,27547,19,18720,46.0,48.5,20.2,104.4,3.1,456514,30020,46,46,bbr1
0.899,18045,12,17280,45.1,39.3,20.2,104.4,4.0,570642,30022,46,46,bbr1
0.909,20893,14,15840,44.8,42.3,20.2,104.4,3.7,570642,30023,46,46,bbr1
0.006,3072,2,0,43.6,43.6,20.2,104.4,1.7,557376,30027,47,47,bbr1
0.006,5760,4,0,41.6,27.1,20.2,104.4,5.4,557376,30029,47,47,bbr1
0.032,12880,8,0,39.1,22.1,20.2,104.4,8.9,557376,30034,47,47,bbr1
0.057,17152,11,8640,37.0,22.2,20.2,104.4,10.9,557376,30043,47,47,bbr1
0.062,20000,13,10080,35.2,22.8,20.2,104.4,11.8,557376,30046,47,47,bbr1
0.070,24272,16,10080,33.4,20.7,20.2,104.4,12.5,557376,30049,47,47,bbr1
0.075,25696,17,11520,31.8,20.2,20.2,104.4,12.6,557376,30051,47,47,bbr1
0.083,28836,20,10080,30.3,20.2,20.2,104.4,12.4,624615,30054,47,47,bbr1
0.092,28836,20,11520,29.1,20.6,20.2,104.4,11.7,624615,30058,47,47,bbr1
0.099,28779,19,11520,28.0,20.2,20.2,104.4,11.0,624615,30061,47,47,bbr1
0.108,30829,21,12960,27.1,20.8,20.2,104.4,10.1,688202,30065,47,47,bbr1
0.114,32192,22,12960,26.2,20.2,20.2,104.4,9.3,730472,30068,47,47,bbr1
0.120,33275,23,12960,25.5,20.3,20.2,104.4,8.4,764057,30071,47,47,bbr1
0.128,33324,23,14400,24.8,20.2,20.2,104.4,7.6,765563,30075,47,47,bbr1
0.133,33802,23,14400,24.4,21.0,20.2,104.4,6.7,780387,30078,47,47,bbr1
0.141,34407,23,15840,23.8,20.2,20.2,104.4,6.0,799161,30082,47,47,bbr1
0.146,35537,24,15840,23.4,20.2,20.2,104.4,5.5,834211,30085,47,47,bbr1
0.151,37025,25,15840,23.0,20.2,20.2,104.4,4.9,880352,30088,47,47,bbr1
0.158,38175,26,17280,22.6,20.3,20.2,104.4,4.3,916030,30092,47,47,bbr1
0.164,38737,26,18720,22.3,20.2,20.2,104.4,3.9,933443,30096,47,47,bbr1
0.168,40130,27,17280,22.1,20.1,20.1,104.4,3.5,978641,30099,47,47,bbr1
0.176,40130,27,20160,21.8,20.1,20.1,104.4,3.1,978641,30104,47,47,bbr1
0.180,42104,29,18720,21.6,20.1,20.1,104.4,2.7,1039978,30107,47,47,bbr1
0.187,43709,30,20160,21.5,21.2,20.1,104.4,2.2,1089883,30112,47,47,bbr1
0.192,44539,30,20160,21.4,20.5,20.1,104.4,1.9,1115660,30116,47,47,bbr1
0.200,46063,31,23040,21.4,21.5,20.1,104.4,1.4,1163017,30122,47,47,bbr1
0.206,46063,31,25920,21.5,22.3,20.1,104.4,1.3,1163017,30127,47,47,bbr1
0.211,46063,31,25920,21.8,23.6,20.1,104.4,1.5,1163017,30131,47,47,bbr1
0.218,46063,31,30240,22.1,24.7,20.1,104.4,1.8,1163017,30137,47,47,bbr1
0.223,46063,31,30240,22.7,26.3,20.1,104.4,2.4,1163017,30141,47,47,bbr1
0.229,46063,31,31680,23.3,28.0,20.1,104.4,3.1,1163017,30146,47,47,bbr1
0.237,46063,31,34560,24.1,29.3,20.1,104.4,3.9,1163017,30152,47,47,bbr1
0.244,46063,31,36000,25.0,31.6,20.1,104.4,4.8,697810,30157,47,47,bbr1
0.250,46063,31,34560,26.1,33.4,20.1,104.4,5.7,697810,30160,47,47,bbr1
0.256,46063,31,33120,27.2,35.3,20.1,104.4,6.6,697810,30163,47,47,bbr1
0.265,46063,31,33120,28.5,37.1,20.1,104.4,7.4,697810,30167,47,47,bbr1
0.271,46063,31,31680,29.8,38.9,20.1,104.4,8.2,697810,30170,47,47,bbr1
0.277,46063,31,30240,31.1,40.8,20.1,104.4,8.9,697810,30173,47,47,bbr1
0.286,46063,31,30240,32.6,42.9,20.1,104.4,9.6,697810,30177,47,47,bbr1
0.291,46063,31,28800,33.8,41.8,20.1,104.4,9.5,697810,30180,47,47,bbr1
0.298,46063,31,27360,34.6,40.5,20.1,104.4,8.8,697810,30183,47,47,bbr1
0.304,46063,31,25920,35.1,38.5,20.1,104.4,7.6,697810,30186,47,47,bbr1
0.311,46063,31,25920,35.4,37.4,20.1,104.4,6.3,930414,30190,47,47,bbr1
0.318,46063,31,27360,35.5,36.3,20.1,104.4,4.9,930414,30194,47,47,bbr1
0.322,28727,19,25920,35.4,34.3,20.1,104.4,4.0,1163017,30197,47,47,bbr1
0.329,32999,22,24480,35.2,33.8,20.1,104.4,3.4,1163017,30199,47,47,bbr1
0.335,38695,26,27360,34.7,31.9,20.1,104.4,3.4,1163017,30205,47,47,bbr1
0.342,44391,30,28800,34.2,30.7,20.1,104.4,3.5,1163017,30210,47,47,bbr1
0.348,46063,31,30240,33.9,31.2,20.1,104.4,3.4,1163017,30215,47,47,bbr1
0.355,46063,31,34560,33.6,31.9,20.1,104.4,3.0,1163017,30221,47,47,bbr1
0.361,46063,31,34560,33.0,28.7,20.1,104.4,3.5,697810,30225,47,47,bbr1
0.373,34423,23,27360,33.0,34.0,20.1,104.4,2.4,697810,30228,47,47,bbr1
0.381,38695,26,30240,33.3,35.0,20.1,104.4,2.3,697810,30233,47,47,bbr1
0.386,44391,30,27360,33.8,37.2,20.1,104.4,2.7,697810,30235,47,47,bbr1
0.392,46063,31,25920,34.4,39.1,20.1,104.4,3.3,697810,30238,47,47,bbr1
0.399,46063,31,25920,35.2,40.7,20.1,104.4,4.1,930414,30242,47,47,bbr1
0.405,46063,31,25920,35.8,40.1,20.1,104.4,4.3,930414,30246,47,47,bbr1
0.412,46063,31,25920,35.7,34.7,20.1,104.4,3.5,930414,30250,47,47,bbr1
0.419,28727,19,27360,35.3,32.7,20.1,104.4,3.4,1163017,30255,47,47,bbr1
0.425,34423,23,23040,34.9,31.7,20.1,104.4,3.4,1163017,30256,47,47,bbr1
0.433,40119,27,27360,34.4,31.3,20.1,104.4,3.4,1163017,30263,47,47,bbr1
0.439,45815,31,28800,34.0,31.4,20.1,104.4,3.3,1163017,30268,47,47,bbr1
0.447,46063,31,31680,33.9,32.6,20.1,104.4,2.9,1163017,30274,47,47,bbr1
0.459,34423,23,27360,33.5,31.4,20.1,104.4,2.3,697810,30279,47,47,bbr1
0.468,38695,26,30240,33.4,32.8,20.1,104.4,1.9,697810,30284,47,47,bbr1
0.472,44391,30,27360,33.5,34.5,20.1,104.4,1.7,697810,30286,47,47,bbr1
0.480,46063,31,27360,33.9,36.6,20.1,104.4,2.0,697810,30290,47,47,bbr1
0.486,46063,31,25920,34.4,37.9,20.1,104.4,2.5,697810,30293,47,47,bbr1
0.492,46063,31,24480,35.1,40.1,20.1,104.4,3.3,930414,30296,47,47,bbr1
0.500,28727,19,25920,35.1,34.6,20.1,104.4,2.6,930414,30301,47,47,bbr1
0.505,34423,23,23040,34.9,33.5,20.1,104.4,2.4,930414,30303,47,47,bbr1
0.513,40119,27,25920,34.5,31.9,20.1,104.4,2.5,930414,30309,47,47,bbr1
0.519,45815,31,25920,34.0,30.3,20.1,104.4,2.9,1163017,30313,47,47,bbr1
0.527,46063,31,28800,33.5,30.4,20.1,104.4,3.1,1163017,30319,47,47,bbr1
0.539,34423,23,24480,32.9,30.5,20.1,104.4,2.9,1163017,30324,47,47,bbr1
0.547,40119,27,28800,32.7,31.2,20.1,104.4,2.6,1110672,30331,47,47,bbr1
0.006,44378,30,0,31.7,20.3,20.1,104.4,4.5,1110672,30333,47,47,bbr1
0.006,44378,30,0,31.2,27.6,20.1,104.4,4.4,1110672,30335,47,47,bbr1
0.032,44378,30,25920,30.2,23.8,20.1,104.4,5.1,1110672,30358,47,47,bbr1
0.038,44378,30,27360,29.6,25.4,20.1,104.4,5.1,1110672,30363,47,47,bbr1
0.045,44378,30,28800,29.3,27.0,20.1,104.4,4.5,1110672,30368,47,47,bbr1
0.052,44378,30,31680,29.2,28.5,20.1,104.4,3.6,1110672,30374,47,47,bbr1
0.060,44378,30,33120,29.3,30.1,20.1,104.4,2.9,666403,30379,47,47,bbr1
0.067,44378,30,31680,29.6,31.4,20.1,104.4,2.7,666403,30382,47,47,bbr1
0.073,44378,30,30240,30.0,33.3,20.1,104.4,3.0,666403,30385,47,47,bbr1
0.079,44378,30,28800,30.7,34.9,20.1,104.4,3.4,666403,30388,47,47,bbr1
0.086,44378,30,27360,31.4,36.5,20.1,104.4,4.0,666403,30391,47,47,bbr1
0.092,44378,30,25920,32.2,38.1,20.1,104.4,4.7,666403,30394,47,47,bbr1
0.099,44378,30,25920,33.1,39.3,20.1,104.4,5.3,888538,30397,47,47,bbr1
0.105,44378,30,25920,33.6,36.8,20.1,104.4,4.9,888538,30401,47,47,bbr1
0.111,44378,30,25920,33.8,35.5,20.1,104.4,4.2,888538,30405,47,47,bbr1
0.118,44378,30,25920,33.8,33.4,20.1,104.4,3.2,888538,30409,47,47,bbr1
0.124,44378,30,25920,33.5,31.8,20.1,104.4,2.9,888538,30413,47,47,bbr1
0.132,44378,30,27360,33.2,31.0,20.1,104.4,2.8,888538,30418,47,47,bbr1
0.137,43734,30,25920,33.0,31.3,20.1,104.4,2.6,872529,30421,47,47,bbr1
0.145,27563,19,27360,32.8,31.6,20.1,104.4,2.3,872529,30426,47,47,bbr1
0.151,33259,23,23040,32.6,31.4,20.1,104.4,2.1,872529,30427,47,47,bbr1
0.158,38955,27,24480,32.5,31.7,20.1,104.4,1.8,872529,30432,47,47,bbr1
0.166,43734,30,25920,32.5,32.4,20.1,104.4,1.3,1090661,30437,47,47,bbr1
0.172,43734,30,27360,32.5,32.7,20.1,104.4,1.1,1090661,30442,47,47,bbr1
0.179,43734,30,28800,32.5,32.7,20.1,104.4,0.8,1090661,30447,47,47,bbr1
0.186,43734,30,30240,32.3,30.4,20.1,104.4,1.2,1090661,30452,47,47,bbr1
0.192,43734,30,31680,32.1,30.6,20.1,104.4,1.3,1090661,30457,47,47,bbr1
0.200,43734,30,33120,32.0,31.4,20.1,104.4,1.1,654396,30462,47,47,bbr1
0.206,43734,30,31680,32.1,32.7,20.1,104.4,1.0,654396,30465,47,47,bbr1
0.213,43734,30,30240,32.4,34.4,20.1,104.4,1.4,654396,30468,47,47,bbr1
0.220,43734,30,28800,32.8,35.8,20.1,104.4,1.9,654396,30471,47,47,bbr1
0.226,43734,30,27360,33.4,37.3,20.1,104.4,2.5,654396,30474,47,47,bbr1
0.233,43734,30,25920,34.0,38.8,20.1,104.4,3.3,654396,30477,47,47,bbr1
0.239,43734,30,24480,34.7,39.4,20.1,104.4,3.8,872529,30480,47,47,bbr1
0.251,31835,22,21600,35.2,35.6,20.1,104.4,2.9,842625,30485,47,47,bbr1
0.258,37531,26,23040,35.0,33.6,20.1,104.4,2.5,842625,30490,47,47,bbr1
0.265,42532,29,23040,34.6,31.9,20.1,104.4,2.7,842625,30494,47,47,bbr1
0.272,42532,29,23040,34.1,30.9,20.1,104.4,2.9,842625,30498,47,47,bbr1
0.278,42532,29,24480,33.7,30.6,20.1,104.4,3.1,842625,30502,47,47,bbr1
0.283,42532,29,23040,33.1,28.6,20.1,104.4,3.6,842625,30505,47,47,bbr1
0.290,26962,18,23040,32.5,28.6,20.1,104.4,3.8,842625,30509,47,47,bbr1
0.297,31234,21,23040,32.0,28.1,20.1,104.4,3.9,842625,30512,47,47,bbr1
0.303,36930,25,23040,31.5,28.0,20.1,104.4,3.9,842625,30516,47,47,bbr1
0.310,42532,29,23040,31.0,28.0,20.1,104.4,3.8,842625,30520,47,47,bbr1
0.316,42532,29,23040,30.7,28.4,20.1,104.4,3.5,1053281,30524,47,47,bbr1
0.325,42532,29,27360,30.4,28.6,20.1,104.4,3.2,1053281,30531,47,47,bbr1
0.007,34771,24,0,28.6,20.1,20.1,104.4,3.7,1110036,30535,47,47,bbr1
0.006,37349,25,0,28.5,28.2,20.1,104.4,2.9,1110036,30537,47,47,bbr1
0.033,44358,30,25920,27.9,23.7,20.1,104.4,3.4,1110036,30560,47,47,bbr1
0.039,44358,30,27360,27.6,25.3,20.1,104.4,3.2,1110036,30565,47,47,bbr1
0.045,44358,30,30240,27.5,26.5,20.1,104.4,2.6,1110036,30570,47,47,bbr1
0.051,44358,30,30240,27.6,28.1,20.1,104.4,2.2,1110036,30574,47,47,bbr1
0.057,44358,30,33120,27.8,29.3,20.1,104.4,2.0,1110036,30579,47,47,bbr1
0.063,44358,30,33120,28.2,30.9,20.1,104.4,2.3,666021,30583,47,47,bbr1
0.070,44358,30,31680,28.7,32.5,20.1,104.4,2.8,666021,30586,47,47,bbr1
0.077,44358,30,30240,29.3,33.8,20.1,104.4,3.4,666021,30589,47,47,bbr1
0.083,44358,30,28800,30.1,35.6,20.1,104.4,4.1,666021,30592,47,47,bbr1
0.089,44358,30,28800,30.9,36.8,20.1,104.4,4.8,666021,30595,47,47,bbr1
0.096,44358,30,27360,31.9,38.4,20.1,104.4,5.4,666021,30598,47,47,bbr1
0.102,44358,30,25920,32.9,40.0,20.1,104.4,6.1,666021,30601,47,47,bbr1
0.108,44358,30,24480,33.5,37.8,20.1,104.4,5.8,888029,30604,47,47,bbr1
0.115,44358,30,24480,33.8,35.7,20.1,104.4,4.9,888029,30608,47,47,bbr1
0.121,44358,30,25920,33.9,34.8,20.1,104.4,3.9,888029,30612,47,47,bbr1
0.127,44358,30,25920,33.8,33.0,20.1,104.4,3.2,888029,30616,47,47,bbr1
0.134,44358,30,25920,33.4,31.0,20.1,104.4,3.1,888029,30620,47,47,bbr1
0.140,27875,19,25920,33.0,29.8,20.1,104.4,3.2,888029,30624,47,47,bbr1
0.147,33571,23,23040,32.7,30.7,20.1,104.4,3.0,888029,30626,47,47,bbr1
0.155,39267,27,25920,32.5,30.9,20.1,104.4,2.7,888029,30632,47,47,bbr1
0.160,44358,30,24480,32.2,30.6,20.1,104.4,2.5,888029,30635,47,47,bbr1
0.168,44358,30,25920,32.1,31.4,20.1,104.4,2.1,888029,30640,47,47,bbr1
0.175,44358,30,25920,32.0,31.2,20.1,104.4,1.8,888029,30644,47,47,bbr1
0.181,44358,30,25920,31.8,30.5,20.1,104.4,1.7,888029,30648,47,47,bbr1
0.187,44358,30,25920,31.6,30.3,20.1,104.4,1.7,888029,30652,47,47,bbr1
0.195,44358,30,27360,31.5,30.5,20.1,104.4,1.5,888029,30657,47,47,bbr1
0.201,44358,30,25920,31.5,31.3,20.1,104.4,1.2,1110036,30660,47,47,bbr1
0.208,44358,30,30240,31.4,31.1,20.1,104.4,1.0,1110036,30666,47,47,bbr1
0.213,44358,30,30240,31.5,31.9,20.1,104.4,0.9,1110036,30670,47,47,bbr1
0.219,44358,30,31680,31.6,32.1,20.1,104.4,0.8,1110036,30675,47,47,bbr1
0.228,44358,30,34560,31.7,32.5,20.1,104.4,0.8,666021,30681,47,47,bbr1
0.235,44358,30,34560,31.8,32.6,20.1,104.4,0.9,666021,30684,47,47,bbr1
0.239,44358,30,31680,32.1,34.2,20.1,104.4,1.2,666021,30686,47,47,bbr1
0.252,33571,23,24480,33.2,37.4,20.1,104.4,2.6,666021,30689,47,47,bbr1
0.260,39267,27,25920,33.9,39.0,20.1,104.4,3.4,888029,30694,47,47,bbr1
0.265,44358,30,24480,34.7,40.7,20.1,104.4,4.3,888029,30697,47,47,bbr1
0.273,44358,30,25920,35.3,39.3,20.1,104.4,4.3,888029,30702,47,47,bbr1
0.279,44358,30,25920,35.6,37.3,20.1,104.4,3.8,888029,30706,47,47,bbr1
0.286,44358,30,25920,35.1,31.6,20.1,104.4,3.8,888029,30710,47,47,bbr1
0.297,32147,22,21600,34.1,31.0,20.1,104.4,3.8,888029,30714,47,47,bbr1
0.306,37843,26,24480,33.7,31.0,20.1,104.4,3.6,888029,30720,47,47,bbr1
0.312,43539,30,24480,33.4,31.6,20.1,104.4,3.3,888029,30724,47,47,bbr1
0.319,44358,30,24480,33.2,31.9,20.1,104.4,2.8,888029,30728,47,47,bbr1
0.325,44358,30,23040,32.5,27.0,20.1,104.4,3.7,888029,30732,47,47,bbr1
0.333,44358,30,24480,32.0,29.0,20.1,104.4,3.6,888029,30737,47,47,bbr1
0.341,44358,30,27360,31.6,28.7,20.1,104.4,3.5,1110036,30742,47,47,bbr1
0.345,44358,30,25920,31.3,29.5,20.1,104.4,3.2,1110036,30745,47,47,bbr1
0.358,33571,23,23040,30.9,30.0,20.1,104.4,2.5,1110036,30751,47,47,bbr1
0.366,37843,26,28800,30.9,30.3,20.1,104.4,2.0,1110036,30758,47,47,bbr1
0.371,43539,30,28800,30.8,30.5,20.1,104.4,1.6,1110036,30762,47,47,bbr1
0.378,44358,30,31680,30.9,31.7,20.1,104.4,1.4,1110036,30767,47,47,bbr1
0.384,44358,30,31680,31.2,33.4,20.1,104.4,1.7,666021,30771,47,47,bbr1
0.390,44358,30,30240,30.9,28.8,20.1,104.4,1.9,666021,30774,47,47,bbr1
0.397,44358,30,30240,31.0,31.6,20.1,104.4,1.6,666021,30777,47,47,bbr1
0.401,27875,19,27360,31.3,33.2,20.1,104.4,1.7,666021,30779,47,47,bbr1
0.408,33571,23,23040,31.7,34.8,20.1,104.4,2.2,666021,30780,47,47,bbr1
0.416,39267,27,24480,32.3,36.2,20.1,104.4,2.7,888029,30785,47,47,bbr1
0.421,44358,30,23040,32.8,36.8,20.1,104.4,3.2,888029,30788,47,47,bbr1
0.006,39088,27,55,31.9,29.5,20.1,104.4,2.8,880222,30793,47,47,bbr1
0.006,39873,27,0,31.3,26.8,20.1,104.4,3.4,1100277,30794,47,47,bbr1
0.007,42451,29,0,30.7,26.9,20.1,104.4,3.6,1100277,30796,47,47,bbr1
0.034,44044,30,25920,29.9,23.7,20.1,104.4,4.5,1100277,30819,47,47,bbr1
0.040,44044,30,27360,29.3,25.2,20.1,104.4,4.5,1100277,30824,47,47,bbr1
0.047,44044,30,28800,29.0,26.9,20.1,104.4,4.0,1100277,30829,47,47,bbr1
0.053,44044,30,30240,28.9,28.4,20.1,104.4,3.1,1100277,30834,47,47,bbr1
0.060,44044,30,33120,29.0,29.6,20.1,104.4,2.5,1100277,30839,47,47,bbr1
0.066,44044,30,33120,29.2,30.9,20.1,104.4,2.4,660166,30843,47,47,bbr1
0.072,44044,30,31680,29.6,32.6,20.1,104.4,2.6,660166,30846,47,47,bbr1
0.079,44044,30,31680,30.2,33.8,20.1,104.4,3.0,660166,30849,47,47,bbr1
0.083,44044,30,28800,30.8,35.1,20.1,104.4,3.5,660166,30851,47,47,bbr1
0.092,44044,30,28800,31.5,36.9,20.1,104.4,4.1,660166,30855,47,47,bbr1
0.099,44044,30,27360,32.4,38.5,20.1,104.4,4.8,660166,30858,47,47,bbr1
0.105,44044,30,25920,33.3,39.9,20.1,104.4,5.5,660166,30861,47,47,bbr1
0.111,44044,30,24480,33.9,37.8,20.1,104.4,5.2,880222,30864,47,47,bbr1
0.118,44044,30,24480,34.1,35.7,20.1,104.4,4.4,880222,30868,47,47,bbr1
0.124,44044,30,24480,34.1,34.1,20.1,104.4,3.3,880222,30872,47,47,bbr1
0.131,44044,30,24480,33.8,31.6,20.1,104.4,3.1,880222,30876,47,47,bbr1
0.139,44044,30,25920,33.3,30.1,20.1,104.4,3.3,880222,30881,47,47,bbr1
0.144,27718,19,24480,32.8,29.4,20.1,104.4,3.4,880222,30884,47,47,bbr1
0.151,33414,23,23040,32.5,30.0,20.1,104.4,3.3,880222,30887,47,47,bbr1
0.159,39110,27,25920,32.2,30.3,20.1,104.4,3.0,880222,30893,47,47,bbr1
0.165,44044,30,24480,32.0,30.5,20.1,104.4,2.7,880222,30896,47,47,bbr1
0.172,44044,30,25920,31.8,30.4,20.1,104.4,2.4,880222,30901,47,47,bbr1
0.179,44044,30,25920,31.6,30.5,20.1,104.4,2.1,880222,30905,47,47,bbr1
0.185,44044,30,25920,31.5,30.6,20.1,104.4,1.9,1100277,30909,47,47,bbr1
0.193,44044,30,28800,31.4,30.4,20.1,104.4,1.7,1100277,30915,47,47,bbr1
0.200,44044,30,30240,31.2,30.5,20.1,104.4,1.5,1100277,30920,47,47,bbr1
0.206,44044,30,31680,31.3,31.3,20.1,104.4,1.1,1100277,30925,47,47,bbr1
0.213,44044,30,33120,31.3,31.5,20.1,104.4,0.9,660166,30930,47,47,bbr1
0.220,44044,30,31680,31.4,32.4,20.1,104.4,0.9,660166,30933,47,47,bbr1
0.227,44044,30,30240,31.7,33.9,20.1,104.4,1.3,660166,30936,47,47,bbr1
0.233,44044,30,28800,32.2,35.5,20.1,104.4,1.9,660166,30939,47,47,bbr1
0.239,44044,30,28800,32.7,36.5,20.1,104.4,2.5,660166,30942,47,47,bbr1
0.246,27718,19,27360,33.4,37.8,20.1,104.4,3.2,660166,30945,47,47,bbr1
0.251,33414,23,23040,34.2,39.7,20.1,104.4,4.0,660166,30946,47,47,bbr1
0.259,39110,27,24480,34.6,37.7,20.1,104.4,3.9,880222,30951,47,47,bbr1
0.264,44044,30,23040,34.7,35.7,20.1,104.4,3.2,880222,30954,47,47,bbr1
0.272,44044,30,24480,34.6,33.5,20.1,104.4,2.7,880222,30959,47,47,bbr1
0.279,44044,30,24480,34.2,31.7,20.1,104.4,2.7,880222,30963,47,47,bbr1
0.285,44044,30,24480,33.6,29.5,20.1,104.4,3.2,880222,30967,47,47,bbr1
0.292,27718,19,24480,33.1,29.2,20.1,104.4,3.5,880222,30971,47,47,bbr1
0.298,33414,23,23040,32.6,29.5,20.1,104.4,3.6,880222,30974,47,47,bbr1
0.307,39110,27,25920,32.2,29.2,20.1,104.4,3.5,880222,30980,47,47,bbr1
0.312,44044,30,24480,31.8,29.4,20.1,104.4,3.3,1100277,30983,47,47,bbr1
0.319,44044,30,27360,31.6,30.1,20.1,104.4,2.9,1100277,30989,47,47,bbr1
0.326,44044,30,28800,31.5,30.3,20.1,104.4,2.5,1100277,30994,47,47,bbr1
0.333,44044,30,31680,31.3,30.5,20.1,104.4,2.1,1100277,31000,47,47,bbr1
0.341,44044,30,33120,31.2,30.2,20.1,104.4,1.9,660166,31005,47,47,bbr1
0.348,44044,30,31680,31.3,31.9,20.1,104.4,1.6,660166,31008,47,47,bbr1
0.359,33414,23,24480,32.0,35.0,20.1,104.4,2.2,660166,31011,47,47,bbr1
0.368,37686,26,27360,32.5,36.1,20.1,104.4,2.7,880222,31016,47,47,bbr1
0.372,43382,30,25920,33.2,37.8,20.1,104.4,3.3,880222,31019,47,47,bbr1
0.378,44044,30,24480,33.9,39.2,20.1,104.4,4.0,880222,31022,47,47,bbr1
0.386,44044,30,25920,34.3,36.9,20.1,104.4,3.7,880222,31027,47,47,bbr1
0.393,44044,30,25920,33.8,30.3,20.1,104.4,3.8,880222,31031,47,47,bbr1
0.398,27718,19,25920,33.3,30.1,20.1,104.4,3.8,1096592,31035,47,47,bbr1
0.405,31990,22,24480,33.0,30.9,20.1,104.4,3.5,1096592,31037,47,47,bbr1
0.410,37686,26,25920,32.8,31.0,20.1,104.4,3.1,1096592,31042,47,47,bbr1
0.417,41958,29,28800,32.5,30.8,20.1,104.4,2.8,1096592,31047,47,47,bbr1
0.422,43925,30,28800,32.4,31.4,20.1,104.4,2.4,1096592,31051,47,47,bbr1
0.429,43925,30,30240,32.3,31.6,20.1,104.4,2.0,1096592,31056,47,47,bbr1
0.437,43925,30,33120,31.8,28.7,20.1,104.4,2.4,1096592,31062,47,47,bbr1
0.449,33354,23,28800,32.0,33.3,20.1,104.4,1.7,657955,31067,47,47,bbr1
0.456,37626,26,30240,32.3,34.5,20.1,104.4,1.9,657955,31071,47,47,bbr1
0.462,43322,30,28800,32.8,36.0,20.1,104.4,2.3,657955,31074,47,47,bbr1
0.469,43925,30,27360,33.4,37.5,20.1,104.4,3.0,657955,31077,47,47,bbr1
0.475,43925,30,25920,34.1,39.1,20.1,104.4,3.6,657955,31080,47,47,bbr1
0.482,42538,29,25920,34.8,40.2,20.1,104.4,4.2,632083,31083,47,47,bbr1
0.487,26965,18,23040,34.9,35.5,20.1,104.4,3.4,632083,31085,47,47,bbr1
0.493,32661,22,21600,35.0,35.2,20.1,104.4,2.6,854318,31088,47,47,bbr1
0.500,36933,25,23040,34.8,33.8,20.1,104.4,2.2,854318,31092,47,47,bbr1
0.506,42629,29,23040,34.4,31.7,20.1,104.4,2.4,854318,31096,47,47,bbr1
0.512,43002,29,21600,33.8,29.4,20.1,104.4,3.1,854318,31099,47,47,bbr1
0.519,43002,29,21600,33.0,27.4,20.1,104.4,3.9,1067897,31103,47,47,bbr1
0.526,43002,29,24480,32.3,27.3,20.1,104.4,4.3,1067897,31109,47,47,bbr1
0.533,43002,29,24480,31.7,27.3,20.1,104.4,4.5,1067897,31113,47,47,bbr1
0.539,43002,29,25920,31.1,27.0,20.1,104.4,4.5,1067897,31118,47,47,bbr1
0.546,43002,29,27360,30.6,26.9,20.1,104.4,4.4,1067897,31123,47,47,bbr1
0.553,43002,29,30240,30.3,28.8,20.1,104.4,3.8,1067897,31128,47,47,bbr1
0.563,31469,21,25920,29.9,29.4,20.1,104.4,2.8,640738,31132,47,47,bbr1
0.569,35741,24,27360,30.0,30.9,20.1,104.4,2.4,640738,31136,47,47,bbr1
0.576,41437,28,25920,30.3,32.3,20.1,104.4,2.3,640738,31139,47,47,bbr1
0.583,43002,29,24480,30.7,33.7,20.1,104.4,2.6,640738,31142,47,47,bbr1
0.589,44076,30,23040,31.3,35.0,20.1,104.4,3.0,881014,31145,47,47,bbr1
0.596,44076,30,23040,31.4,32.0,20.1,104.4,2.5,881014,31149,47,47,bbr1
0.601,44076,30,23040,31.5,32.6,20.1,104.4,2.2,881014,31152,47,47,bbr1
0.607,44076,30,23040,31.3,30.1,20.1,104.4,2.0,881014,31156,47,47,bbr1
0.613,44076,30,23040,30.9,28.0,20.1,104.4,2.3,1101267,31160,47,47,bbr1
0.621,27734,19,25920,30.5,27.3,20.1,104.4,2.7,1101267,31166,47,47,bbr1
0.627,33430,23,23040,30.1,27.6,20.1,104.4,2.7,1101267,31168,47,47,bbr1
0.635,39126,27,27360,29.9,28.2,20.1,104.4,2.5,1101267,31175,47,47,bbr1
0.641,44076,30,28800,29.6,28.0,20.1,104.4,2.3,1101267,31180,47,47,bbr1
0.648,44076,30,30240,29.7,30.1,20.1,104.4,1.9,1101267,31185,47,47,bbr1
0.654,44076,30,31680,29.9,31.7,20.1,104.4,1.9,1101267,31190,47,47,bbr1
0.662,44076,30,33120,30.1,31.1,20.1,104.4,1.7,660760,31195,47,47,bbr1
0.669,44076,30,33120,30.4,32.4,20.1,104.4,1.9,660760,31198,47,47,bbr1
0.673,44076,30,30240,30.8,33.8,20.1,104.4,2.3,660760,31200,47,47,bbr1
0.686,33430,23,24480,32.0,36.7,20.1,104.4,3.5,660760,31204,47,47,bbr1
0.694,39126,27,25920,32.8,38.5,20.1,104.4,4.2,881014,31209,47,47,bbr1
0.700,44076,30,24480,33.8,40.1,20.1,104.4,5.0,881014,31212,47,47,bbr1
0.708,44076,30,25920,34.3,37.8,20.1,104.4,4.7,881014,31217,47,47,bbr1
0.714,44076,30,25920,34.5,36.2,20.1,104.4,4.0,1101267,31221,47,47,bbr1
0.720,44076,30,27360,34.1,31.6,20.1,104.4,3.8,1101267,31226,47,47,bbr1
0.727,44076,30,28800,33.7,30.2,20.1,104.4,3.8,1101267,31231,47,47,bbr1
0.740,33430,23,25920,33.0,31.2,20.1,104.4,3.2,660760,31237,47,47,bbr1
0.749,39126,27,27360,32.9,32.1,20.1,104.4,2.6,660760,31242,47,47,bbr1
0.756,44076,30,25920,33.0,33.7,20.1,104.4,2.2,660760,31245,47,47,bbr1
0.762,44076,30,24480,33.3,35.2,20.1,104.4,2.2,881014,31248,47,47,bbr1
0.769,44076,30,24480,33.7,36.8,20.1,104.4,2.5,881014,31252,47,47,bbr1
0.775,44076,30,24480,33.5,32.1,20.1,104.4,2.3,881014,31256,47,47,bbr1
0.781,44076,30,24480,33.3,31.8,20.1,104.4,2.2,1101267,31260,47,47,bbr1
0.789,27734,19,27360,32.8,29.5,20.1,104.4,2.6,1101267,31266,47,47,bbr1
0.795,33430,23,23040,32.4,29.2,20.1,104.4,2.8,1101267,31267,47,47,bbr1
0.802,39126,27,27360,32.0,29.3,20.1,104.4,2.9,1101267,31274,47,47,bbr1
0.809,44076,30,28800,31.7,30.0,20.1,104.4,2.7,1101267,31279,47,47,bbr1
0.816,44076,30,30240,31.7,31.2,20.1,104.4,2.1,1101267,31284,47,47,bbr1
0.822,44076,30,31680,31.8,32.8,20.1,104.4,1.9,1101267,31289,47,47,bbr1
0.830,44076,30,33120,31.7,31.2,20.1,104.4,1.6,660760,31294,47,47,bbr1
0.842,33430,23,25920,32.1,34.2,20.1,104.4,1.6,660760,31297,47,47,bbr1
0.850,39126,27,27360,32.6,35.8,20.1,104.4,2.2,881014,31302,47,47,bbr1
0.856,44076,30,25920,33.2,37.2,20.1,104.4,2.8,881014,31305,47,47,bbr1
0.863,44076,30,27360,33.9,38.9,20.1,104.4,3.5,881014,31310,47,47,bbr1
0.869,44076,30,27360,34.6,39.5,20.1,104.4,4.0,1101267,31314,47,47,bbr1
0.876,44076,30,28800,34.3,32.1,20.1,104.4,3.6,1101267,31319,47,47,bbr1
0.889,33430,23,25920,33.9,32.6,20.1,104.4,2.8,660760,31325,47,47,bbr1
0.898,39126,27,27360,33.7,32.7,20.1,104.4,2.3,660760,31330,47,47,bbr1
0.905,44076,30,25920,33.7,33.5,20.1,104.4,1.8,660760,31333,47,47,bbr1
0.911,44076,30,24480,33.9,35.0,20.1,104.4,1.7,881014,31336,47,47,bbr1
0.918,44076,30,24480,34.2,36.6,20.1,104.4,1.9,881014,31340,47,47,bbr1
0.924,27734,19,24480,33.9,32.1,20.1,104.4,2.0,881014,31344,47,47,bbr1
0.930,33430,23,23040,33.7,31.8,20.1,104.4,2.0,877973,31347,47,47,bbr1
0.937,39126,27,24480,33.1,29.5,20.1,104.4,2.5,877973,31352,47,47,bbr1
0.945,43953,30,25920,32.6,29.1,20.1,104.4,2.9,1097466,31357,47,47,bbr1
0.951,43953,30,27360,32.2,29.3,20.1,104.4,3.0,1097466,31362,47,47,bbr1
0.958,43953,30,28800,32.0,30.1,20.1,104.4,2.8,1097466,31367,47,47,bbr1
0.969,31944,22,25920,31.5,30.0,20.1,104.4,2.4,658479,31372,47,47,bbr1
0.978,37640,26,27360,31.4,30.9,20.1,104.4,1.9,658479,31377,47,47,bbr1
0.985,43336,30,25920,31.5,32.5,20.1,104.4,1.7,658479,31380,47,47,bbr1
0.007,43953,30,0,32.1,29.7,20.1,104.4,2.2,877973,31382,47,47,bbr1
0.007,43953,30,0,31.7,28.4,20.1,104.4,2.6,877973,31384,47,47,bbr1
0.033,43953,30,20160,30.6,22.9,20.1,104.4,4.1,1097466,31403,47,47,bbr1
0.040,43953,30,21600,29.7,23.2,20.1,104.4,4.9,1097466,31408,47,47,bbr1
0.046,43953,30,24480,28.9,23.8,20.1,104.4,5.1,1097466,31413,47,47,bbr1
0.052,43953,30,24480,28.3,24.0,20.1,104.4,5.1,1097466,31417,47,47,bbr1
0.058,43953,30,25920,27.8,24.1,20.1,104.4,4.9,1097466,31422,47,47,bbr1
0.065,43953,30,27360,27.6,26.0,20.1,104.4,4.1,1097466,31427,47,47,bbr1
0.072,43953,30,30240,27.6,27.5,20.1,104.4,3.1,1097466,31433,47,47,bbr1
0.079,44260,30,31680,27.7,29.1,20.1,104.4,2.7,1106998,31438,47,47,bbr1
0.087,44260,30,33120,28.1,30.6,20.1,104.4,2.8,664199,31443,47,47,bbr1
0.093,44260,30,31680,28.6,32.1,20.1,104.4,3.1,664199,31446,47,47,bbr1
0.099,44260,30,30240,29.2,33.7,20.1,104.4,3.6,664199,31449,47,47,bbr1
0.106,44260,30,30240,29.9,34.9,20.1,104.4,4.1,664199,31452,47,47,bbr1
0.110,44260,30,27360,30.7,36.3,20.1,104.4,4.7,664199,31454,47,47,bbr1
0.119,44260,30,27360,31.6,37.8,20.1,104.4,5.3,664199,31458,47,47,bbr1
0.126,44260,30,25920,32.6,39.4,20.1,104.4,5.9,664199,31461,47,47,bbr1
0.132,44260,30,24480,33.2,37.7,20.1,104.4,5.7,885599,31464,47,47,bbr1
0.138,44260,30,24480,33.5,35.6,20.1,104.4,4.9,885599,31468,47,47,bbr1
0.144,44260,30,24480,33.6,33.8,20.1,104.4,3.7,885599,31472,47,47,bbr1
0.151,44260,30,24480,33.3,31.7,20.1,104.4,3.3,885599,31476,47,47,bbr1
0.159,44260,30,25920,32.9,29.6,20.1,104.4,3.4,885599,31481,47,47,bbr1
0.164,27826,19,24480,32.4,29.2,20.1,104.4,3.4,1106998,31484,47,47,bbr1
0.171,33522,23,23040,32.0,29.5,20.1,104.4,3.3,1106998,31487,47,47,bbr1
0.179,39218,27,27360,31.8,30.2,20.1,104.4,2.9,1106998,31494,47,47,bbr1
0.186,44260,30,28800,31.7,30.5,20.1,104.4,2.5,1106998,31499,47,47,bbr1
0.193,44260,30,30240,31.5,30.4,20.1,104.4,2.2,1106998,31504,47,47,bbr1
0.199,44260,30,33120,31.5,31.6,20.1,104.4,1.7,1106998,31509,47,47,bbr1
0.210,33522,23,27360,31.5,32.3,20.1,104.4,1.3,664199,31513,47,47,bbr1
0.219,39218,27,28800,31.8,33.8,20.1,104.4,1.6,664199,31518,47,47,bbr1
0.226,44260,30,27360,32.3,35.4,20.1,104.4,2.1,664199,31521,47,47,bbr1
0.232,44260,30,25920,32.8,36.6,20.1,104.4,2.6,664199,31524,47,47,bbr1
0.238,44260,30,24480,33.5,38.6,20.1,104.4,3.4,885599,31527,47,47,bbr1
0.244,27826,19,24480,33.6,33.8,20.1,104.4,2.6,1106998,31531,47,47,bbr1
0.249,32098,22,24480,33.7,34.5,20.1,104.4,2.2,1106998,31534,47,47,bbr1
0.256,37794,26,27360,33.5,32.6,20.1,104.4,1.9,1106998,31540,47,47,bbr1
0.264,43490,30,30240,33.2,30.7,20.1,104.4,2.2,1106998,31546,47,47,bbr1
0.270,44260,30,31680,32.8,29.9,20.1,104.4,2.4,1106998,31551,47,47,bbr1
0.277,44260,30,33120,32.5,30.8,20.1,104.4,2.3,664199,31556,47,47,bbr1
0.284,44260,30,33120,32.5,32.0,20.1,104.4,1.9,664199,31559,47,47,bbr1
0.288,44260,30,30240,32.6,33.5,20.1,104.4,1.7,664199,31561,47,47,bbr1
0.302,33522,23,24480,33.4,36.7,20.1,104.4,2.4,664199,31565,47,47,bbr1
0.310,39218,27,25920,33.9,37.8,20.1,104.4,2.9,885599,31570,47,47,bbr1
0.315,44260,30,24480,34.7,39.9,20.1,104.4,3.7,885599,31573,47,47,bbr1
0.323,44260,30,25920,35.1,37.8,20.1,104.4,3.5,885599,31578,47,47,bbr1
0.330,44260,30,25920,35.2,36.1,20.1,104.4,2.9,885599,31582,47,47,bbr1
0.336,44260,30,25920,34.7,31.6,20.1,104.4,3.1,885599,31586,47,47,bbr1
0.342,44260,30,25920,34.2,30.3,20.1,104.4,3.4,885599,31590,47,47,bbr1
0.350,27826,19,27360,33.7,30.5,20.1,104.4,3.5,1106998,31595,47,47,bbr1
0.356,32098,22,24480,33.4,31.0,20.1,104.4,3.3,1106998,31596,47,47,bbr1
0.361,37794,26,25920,33.1,30.9,20.1,104.4,3.1,1106998,31601,47,47,bbr1
0.369,43490,30,28800,32.9,31.8,20.1,104.4,2.6,1106998,31607,47,47,bbr1
0.376,44260,30,30240,32.8,32.1,20.1,104.4,2.2,1106998,31612,47,47,bbr1
0.382,44260,30,31680,32.8,32.3,20.1,104.4,1.8,1106998,31617,47,47,bbr1
0.389,44260,30,33120,32.5,30.8,20.1,104.4,1.8,664199,31622,47,47,bbr1
0.402,33522,23,25975,32.7,33.9,20.1,104.4,1.4,664199,31626,47,47,bbr1
0.410,39218,27,27415,33.0,35.5,20.1,104.4,1.7,885599,31631,47,47,bbr1
0.416,43885,30,27415,33.5,37.2,20.1,104.4,2.3,876262,31635,47,47,bbr1
0.423,43885,30,27415,34.2,38.5,20.1,104.4,3.0,876262,31639,47,47,bbr1
0.430,43885,30,27415,34.8,39.4,20.1,104.4,3.5,876262,31643,47,47,bbr1
0.436,43885,30,27360,34.5,32.1,20.1,104.4,3.3,876262,31647,47,47,bbr1
0.442,27638,19,27360,34.2,32.5,20.1,104.4,3.0,876262,31651,47,47,bbr1
0.449,31910,22,24480,34.0,32.2,20.1,104.4,2.7,876262,31652,47,47,bbr1
0.454,37606,26,24480,33.8,32.3,20.1,104.4,2.5,876262,31656,47,47,bbr1
0.461,43302,30,24480,33.7,33.1,20.1,104.4,2.0,876262,31660,47,47,bbr1
0.468,43885,30,24480,33.6,33.3,20.1,104.4,1.6,1095327,31664,47,47,bbr1
0.475,43885,30,28800,33.5,33.0,20.1,104.4,1.4,1095327,31670,47,47,bbr1
0.480,43885,30,28800,33.0,28.8,20.1,104.4,2.2,1095327,31674,47,47,bbr1
0.487,43885,30,30240,32.7,30.6,20.1,104.4,2.3,1095327,31679,47,47,bbr1
0.500,31910,22,27360,32.2,30.5,20.1,104.4,2.1,657196,31684,47,47,bbr1
0.507,37606,26,27360,32.3,32.8,20.1,104.4,1.7,657196,31688,47,47,bbr1
0.513,41878,29,27360,32.5,33.9,20.1,104.4,1.7,657196,31691,47,47,bbr1
0.518,43885,30,24480,32.8,35.5,20.1,104.4,2.0,657196,31693,47,47,bbr1
0.524,43885,30,23040,33.4,36.9,20.1,104.4,2.5,876262,31696,47,47,bbr1
0.532,43885,30,24480,34.0,38.4,20.1,104.4,3.2,876262,31701,47,47,bbr1
0.538,27638,19,24480,33.8,32.7,20.1,104.4,2.7,880240,31705,47,47,bbr1
0.544,33334,23,23040,33.4,30.8,20.1,104.4,2.8,880240,31708,47,47,bbr1
0.552,39030,27,24480,32.8,28.5,20.1,104.4,3.3,880240,31713,47,47,bbr1
0.558,44045,30,24480,32.3,28.6,20.1,104.4,3.6,880240,31717,47,47,bbr1
0.564,44045,30,24480,31.8,28.6,20.1,104.4,3.6,880240,31721,47,47,bbr1
0.573,44045,30,25920,31.5,29.5,20.1,104.4,3.3,880240,31726,47,47,bbr1
0.579,27718,19,25920,31.2,29.2,20.1,104.4,3.0,880240,31730,47,47,bbr1
0.585,33414,23,23040,31.0,29.4,20.1,104.4,2.7,880240,31732,47,47,bbr1
0.591,39110,27,24480,30.9,30.0,20.1,104.4,2.3,880240,31737,47,47,bbr1
0.598,44045,30,24480,30.8,30.3,20.1,104.4,1.9,1100300,31741,47,47,bbr1
0.605,44045,30,28800,30.7,29.9,20.1,104.4,1.6,1100300,31747,47,47,bbr1
0.610,44045,30,28800,30.7,30.8,20.1,104.4,1.2,1100300,31751,47,47,bbr1
0.617,44045,30,31680,30.5,28.7,20.1,104.4,1.4,1100300,31756,47,47,bbr1
0.629,33414,23,25920,30.5,30.4,20.1,104.4,0.8,660180,31760,47,47,bbr1
0.637,39110,27,27360,30.7,32.7,20.1,104.4,1.2,660180,31765,47,47,bbr1
0.644,43382,30,27360,31.1,33.8,20.1,104.4,1.7,660180,31768,47,47,bbr1
0.648,44045,30,24480,31.7,35.4,20.1,104.4,2.3,660180,31770,47,47,bbr1
0.654,44045,30,23040,32.3,37.0,20.1,104.4,3.1,880240,31773,47,47,bbr1
0.663,27718,19,24480,32.3,32.2,20.1,104.4,2.3,880240,31778,47,47,bbr1
0.666,31990,22,23040,32.4,32.8,20.1,104.4,1.9,880240,31780,47,47,bbr1
0.673,37686,26,23040,32.2,31.0,20.1,104.4,1.8,880240,31784,47,47,bbr1
0.680,43382,30,24480,31.8,28.9,20.1,104.4,2.2,880240,31789,47,47,bbr1
0.687,44045,30,25920,31.3,28.0,20.1,104.4,2.6,880240,31793,47,47,bbr1
0.692,44045,30,24480,30.9,28.2,20.1,104.4,2.7,880240,31796,47,47,bbr1
0.698,26294,18,25920,30.7,29.0,20.1,104.4,2.5,1100300,31800,47,47,bbr1
0.703,31990,22,21600,30.5,29.2,20.1,104.4,2.2,1100300,31801,47,47,bbr1
0.711,37686,26,25920,30.4,29.4,20.1,104.4,2.0,1100300,31808,47,47,bbr1
0.718,43382,30,27360,30.2,29.5,20.1,104.4,1.7,1100300,31813,47,47,bbr1
0.725,44045,30,28800,30.2,29.9,20.1,104.4,1.3,1100300,31818,47,47,bbr1
0.731,44045,30,30240,29.8,27.0,20.1,104.4,1.8,1100300,31823,47,47,bbr1
0.742,31990,22,25920,29.9,31.0,20.1,104.4,1.4,660180,31827,47,47,bbr1
0.751,37686,26,27360,30.3,32.6,20.1,104.4,1.7,660180,31832,47,47,bbr1
0.758,43382,30,25920,30.7,34.2,20.1,104.4,2.3,660180,31835,47,47,bbr1
0.763,44045,30,24480,31.4,35.6,20.1,104.4,2.9,880240,31838,47,47,bbr1
0.770,44045,30,24480,32.1,37.2,20.1,104.4,3.6,880240,31842,47,47,bbr1
0.776,27718,19,24480,32.1,32.1,20.1,104.4,2.7,880240,31846,47,47,bbr1
0.783,33414,23,23040,32.0,31.7,20.1,104.4,2.2,880240,31849,47,47,bbr1
0.790,39110,27,24480,31.7,29.5,20.1,104.4,2.2,880240,31854,47,47,bbr1
0.798,43382,30,27360,31.4,29.5,20.1,104.4,2.3,880240,31859,47,47,bbr1
0.801,44045,30,24480,31.2,29.8,20.1,104.4,2.1,880240,31861,47,47,bbr1
0.809,27718,19,25920,31.0,29.5,20.1,104.4,2.0,880240,31866,47,47,bbr1
0.815,33414,23,23040,30.9,29.8,20.1,104.4,1.8,880240,31868,47,47,bbr1
0.823,39110,27,25920,30.8,30.0,20.1,104.4,1.6,880240,31874,47,47,bbr1
0.828,44045,30,24480,30.7,30.2,20.1,104.4,1.3,1100300,31877,47,47,bbr1
0.836,44045,30,27360,30.7,30.4,20.1,104.4,1.1,1100300,31883,47,47,bbr1
0.842,44045,30,28800,30.6,30.6,20.1,104.4,0.8,1100300,31888,47,47,bbr1
0.856,33414,23,25920,30.6,30.3,20.1,104.4,0.6,660180,31894,47,47,bbr1
0.864,39110,27,27360,30.7,31.9,20.1,104.4,0.8,658938,31899,47,47,bbr1
0.871,43978,30,25920,31.1,33.5,20.1,104.4,1.3,658938,31902,47,47,bbr1
0.877,43978,30,24480,31.6,35.0,20.1,104.4,1.9,878584,31905,47,47,bbr1
0.884,43978,30,25920,32.1,36.1,20.1,104.4,2.6,878584,31909,47,47,bbr1
0.889,43978,30,24480,32.1,32.0,20.1,104.4,2.0,878584,31912,47,47,bbr1
0.893,26261,18,24480,32.2,32.7,20.1,104.4,1.6,878584,31915,47,47,bbr1
0.900,30533,21,23040,32.1,31.2,20.1,104.4,1.5,878584,31917,47,47,bbr1
0.905,36229,25,23040,31.7,29.2,20.1,104.4,1.8,878584,31921,47,47,bbr1
0.911,41925,29,23040,31.4,29.1,20.1,104.4,2.0,878584,31925,47,47,bbr1
0.919,43978,30,24480,31.1,29.4,20.1,104.4,2.0,878584,31930,47,47,bbr1
0.925,27685,19,24480,30.9,29.6,20.1,104.4,1.9,1098230,31934,47,47,bbr1
0.932,33381,23,23040,30.7,28.7,20.1,104.4,2.0,1098230,31937,47,47,bbr1
0.940,39077,27,27360,30.5,29.0,20.1,104.4,1.9,1098230,31944,47,47,bbr1
0.946,43978,30,28800,30.3,29.1,20.1,104.4,1.8,1098230,31949,47,47,bbr1
0.006,3072,2,0,31.5,35.0,20.1,104.4,2.4,1098230,31952,48,48,bbr1
0.006,5760,4,0,31.0,27.5,20.1,104.4,2.8,1098230,31954,48,48,bbr1
0.032,12880,8,0,30.1,24.0,20.1,104.4,3.9,1098230,31959,48,48,bbr1
0.058,20000,13,5760,29.0,21.3,20.1,104.4,5.1,1098230,31968,48,48,bbr1
0.064,25696,17,8640,28.2,22.7,20.1,104.4,5.4,1098230,31974,48,48,bbr1
0.083,32816,22,18720,27.4,21.2,20.1,104.4,5.8,1098230,31986,48,48,bbr1
0.091,38512,26,23040,26.8,22.8,20.1,104.4,5.5,1098230,31993,48,48,bbr1
0.098,43978,30,24480,26.5,24.4,20.1,104.4,4.7,1098230,31998,48,48,bbr1
0.105,43978,30,25920,26.4,26.0,20.1,104.4,3.7,1098230,32003,48,48,bbr1
0.111,43072,29,28800,26.1,23.6,20.1,104.4,3.5,1070065,32008,48,48,bbr1
0.116,43072,29,28800,26.2,26.7,20.1,104.4,2.8,1070065,32012,48,48,bbr1
0.123,43072,29,30240,26.4,28.3,20.1,104.4,2.6,1070065,32017,48,48,bbr1
0.131,43072,29,33120,26.8,29.4,20.1,104.4,2.7,642039,32022,48,48,bbr1
0.135,43072,29,30240,27.3,30.9,20.1,104.4,3.0,642039,32024,48,48,bbr1
0.142,43072,29,28800,28.0,32.5,20.1,104.4,3.6,642039,32027,48,48,bbr1
0.149,43963,30,27360,28.7,33.8,20.1,104.4,4.2,658657,32030,48,48,bbr1
0.155,43963,30,25920,29.5,35.3,20.1,104.4,4.8,658657,32033,48,48,bbr1
0.161,43963,30,24480,30.4,36.6,20.1,104.4,5.3,878210,32036,48,48,bbr1
0.168,43963,30,25920,31.3,37.8,20.1,104.4,5.8,878210,32040,48,48,bbr1
0.174,43963,30,25920,31.8,35.5,20.1,104.4,5.4,878210,32044,48,48,bbr1
0.181,43963,30,25920,32.0,33.5,20.1,104.4,4.5,878210,32048,48,48,bbr1
0.187,43963,30,25920,31.9,31.3,20.1,104.4,3.5,878210,32052,48,48,bbr1
0.194,43963,30,25920,31.7,30.1,20.1,104.4,3.1,878210,32056,48,48,bbr1
0.200,43963,30,25920,31.6,30.6,20.1,104.4,2.6,878210,32060,48,48,bbr1
0.207,43963,30,25920,31.5,31.0,20.1,104.4,2.1,1097762,32064,48,48,bbr1
0.220,33373,23,23095,31.4,31.4,20.1,104.4,1.3,1097762,32071,48,48,bbr1
0.228,39069,27,27415,31.5,31.6,20.1,104.4,1.0,1097762,32078,48,48,bbr1
0.235,43963,30,28855,31.5,31.8,20.1,104.4,0.8,1097762,32083,48,48,bbr1
0.242,43963,30,30295,31.6,32.5,20.1,104.4,0.9,1097762,32088,48,48,bbr1
0.248,43963,30,31735,31.9,34.2,20.1,104.4,1.3,1097762,32093,48,48,bbr1
0.255,43963,30,33120,31.9,31.2,20.1,104.4,1.2,658657,32098,48,48,bbr1
0.262,43963,30,31680,32.0,32.7,20.1,104.4,1.1,658657,32101,48,48,bbr1
0.275,33373,23,24535,32.7,35.8,20.1,104.4,1.9,658657,32105,48,48,bbr1
0.283,39069,27,25975,33.3,37.4,20.1,104.4,2.6,878210,32110,48,48,bbr1
0.289,43963,30,25975,34.0,39.0,20.1,104.4,3.4,878210,32114,48,48,bbr1
0.296,43963,30,25975,34.7,39.6,20.1,104.4,4.0,878210,32118,48,48,bbr1
0.302,43963,30,25975,35.0,37.4,20.1,104.4,3.6,1097762,32122,48,48,bbr1
0.309,43963,30,28800,34.5,30.6,20.1,104.4,3.8,1097762,32127,48,48,bbr1
0.314,43963,30,28800,34.0,30.7,20.1,104.4,3.8,1097762,32131,48,48,bbr1
0.327,33373,23,24535,33.3,30.9,20.1,104.4,3.4,1097762,32137,48,48,bbr1
0.335,39069,27,28855,33.1,31.7,20.1,104.4,3.0,1097762,32144,48,48,bbr1
0.342,43963,30,30295,33.1,33.2,20.1,104.4,2.3,1097762,32149,48,48,bbr1
0.349,43963,30,31735,33.3,34.8,20.1,104.4,2.1,1097762,32154,48,48,bbr1
0.356,43963,30,33175,33.7,36.3,20.1,104.4,2.3,658657,32159,48,48,bbr1
0.362,43963,30,33120,33.3,30.6,20.1,104.4,2.5,658657,32162,48,48,bbr1
0.373,33373,23,24480,33.6,35.3,20.1,104.4,2.0,658657,32164,48,48,bbr1
0.381,39069,27,25920,34.0,36.8,20.1,104.4,2.3,878210,32169,48,48,bbr1
0.387,43963,30,24480,34.5,37.9,20.1,104.4,2.7,878210,32172,48,48,bbr1
0.394,43963,30,25920,35.2,39.9,20.1,104.4,3.4,878210,32177,48,48,bbr1
0.401,43963,30,25920,35.5,37.8,20.1,104.4,3.2,878210,32181,48,48,bbr1
0.408,43963,30,25920,35.0,31.6,20.1,104.4,3.4,878210,32185,48,48,bbr1
0.414,27677,19,25920,34.4,30.2,20.1,104.4,3.7,1097762,32189,48,48,bbr1
0.420,33373,23,23040,33.9,30.4,20.1,104.4,3.8,1097762,32191,48,48,bbr1
0.428,39069,27,27360,33.5,30.7,20.1,104.4,3.6,1097762,32198,48,48,bbr1
0.437,43963,30,28800,33.2,31.4,20.1,104.4,3.3,1097762,32203,48,48,bbr1
0.441,43963,30,28800,33.0,31.6,20.1,104.4,2.9,1097762,32207,48,48,bbr1
0.454,33373,23,24480,32.7,31.2,20.1,104.4,2.2,1097762,32212,48,48,bbr1
0.462,39069,27,28800,32.7,32.7,20.1,104.4,1.6,1097762,32219,48,48,bbr1
0.469,43963,30,30240,32.9,34.3,20.1,104.4,1.6,1097762,32224,48,48,bbr1
0.476,43963,30,31680,33.1,34.8,20.1,104.4,1.7,1097762,32229,48,48,bbr1
0.483,43963,30,33120,33.5,36.3,20.1,104.4,2.1,658657,32234,48,48,bbr1
0.489,43963,30,31680,33.4,32.5,20.1,104.4,1.8,658657,32237,48,48,bbr1
0.503,33373,23,24480,33.9,36.7,20.1,104.4,1.9,658657,32240,48,48,bbr1
0.509,39069,27,24480,34.3,37.0,20.1,104.4,2.2,878210,32244,48,48,bbr1
0.517,43937,30,25920,34.8,38.4,20.1,104.4,2.7,877567,32249,48,48,bbr1
0.522,43937,30,24480,35.3,39.2,20.1,104.4,3.1,877567,32252,48,48,bbr1
0.530,43937,30,25920,35.6,37.2,20.1,104.4,2.8,1096958,32257,48,48,bbr1
0.537,27664,19,27360,34.9,30.4,20.1,104.4,3.4,1096958,32262,48,48,bbr1
0.542,33360,23,23040,34.3,30.1,20.1,104.4,3.8,1096958,32263,48,48,bbr1
0.550,39056,27,27360,33.8,30.3,20.1,104.4,3.8,1096958,32270,48,48,bbr1
0.557,43937,30,28800,33.4,30.5,20.1,104.4,3.7,1096958,32275,48,48,bbr1
0.564,43937,30,30240,33.2,31.4,20.1,104.4,3.3,1096958,32280,48,48,bbr1
0.570,43937,30,31680,33.1,32.8,20.1,104.4,2.6,1096958,32285,48,48,bbr1
0.577,43937,30,33120,32.9,31.1,20.1,104.4,2.4,658175,32290,48,48,bbr1
0.590,33360,23,25920,33.0,34.3,20.1,104.4,1.7,658175,32293,48,48,bbr1
0.598,39056,27,27360,33.4,35.7,20.1,104.4,2.0,877567,32298,48,48,bbr1
0.603,43937,30,25920,33.8,37.2,20.1,104.4,2.5,877567,32301,48,48,bbr1
0.611,43937,30,27360,34.5,38.8,20.1,104.4,3.1,877567,32306,48,48,bbr1
0.618,43937,30,27360,35.1,39.4,20.1,104.4,3.5,877567,32310,48,48,bbr1
0.624,27664,19,27360,34.7,32.1,20.1,104.4,3.4,1096958,32314,48,48,bbr1
0.631,33360,23,23040,34.4,32.4,20.1,104.4,3.1,1096958,32315,48,48,bbr1
0.638,39056,27,27360,34.2,32.5,20.1,104.4,2.8,1096958,32322,48,48,bbr1
0.645,43937,30,28800,34.0,32.7,20.1,104.4,2.5,1096958,32327,48,48,bbr1
0.652,43937,30,30240,33.8,32.7,20.1,104.4,2.2,1096958,32332,48,48,bbr1
0.659,43937,30,31680,33.8,33.5,20.1,104.4,1.7,1096958,32337,48,48,bbr1
0.671,33360,23,27360,33.3,32.6,20.1,104.4,1.7,658175,32342,48,48,bbr1
0.680,39056,27,28800,33.4,34.1,20.1,104.4,1.5,658175,32347,48,48,bbr1
0.687,43937,30,27360,33.7,35.6,20.1,104.4,1.6,658175,32350,48,48,bbr1
0.693,43937,30,25920,34.1,37.2,20.1,104.4,2.1,658175,32353,48,48,bbr1
0.699,43937,30,24480,34.7,38.4,20.1,104.4,2.7,877567,32356,48,48,bbr1
0.705,27664,19,24480,34.6,33.9,20.1,104.4,2.2,1096958,32360,48,48,bbr1
0.710,31936,22,24480,34.6,34.6,20.1,104.4,1.6,1096958,32363,48,48,bbr1
0.717,37632,26,27360,34.3,32.5,20.1,104.4,1.7,1096958,32369,48,48,bbr1
0.724,43328,30,28800,33.9,30.6,20.1,104.4,2.2,1096958,32374,48,48,bbr1
0.731,43937,30,31680,33.3,29.7,20.1,104.4,2.7,1096958,32380,48,48,bbr1
0.739,43937,30,33120,33.0,30.5,20.1,104.4,2.7,658175,32385,48,48,bbr1
0.751,33360,23,25920,33.0,33.6,20.1,104.4,1.9,658175,32388,48,48,bbr1
0.759,39056,27,27360,33.3,35.2,20.1,104.4,2.0,877567,32393,48,48,bbr1
0.765,43937,30,27360,33.7,36.7,20.1,104.4,2.3,877567,32397,48,48,bbr1
0.772,42524,29,27360,34.3,38.3,20.1,104.4,2.9,842437,32401,48,48,bbr1
0.779,42558,29,27360,34.8,38.4,20.1,104.4,3.2,843289,32405,48,48,bbr1
0.785,26975,18,25920,34.4,32.1,20.1,104.4,3.1,1054111,32408,48,48,bbr1
0.791,32671,22,21600,34.2,32.4,20.1,104.4,2.8,1054111,32409,48,48,bbr1
0.798,38367,26,24480,34.0,32.5,20.1,104.4,2.5,1054111,32415,48,48,bbr1
0.805,42558,29,25920,33.8,32.6,20.1,104.4,2.2,1054111,32420,48,48,bbr1
0.812,42558,29,27360,33.7,32.7,20.1,104.4,2.0,1054111,32425,48,48,bbr1
0.819,42558,29,28800,32.8,27.1,20.1,104.4,3.1,1054111,32430,48,48,bbr1
0.830,31247,21,24480,32.2,30.7,20.1,104.4,2.8,632466,32434,48,48,bbr1
0.837,36943,25,24480,32.2,32.0,20.1,104.4,2.2,632466,32438,48,48,bbr1
0.844,42558,29,23040,32.3,33.3,20.1,104.4,1.9,632466,32441,48,48,bbr1
0.851,42558,29,21600,32.6,34.6,20.1,104.4,2.0,843289,32444,48,48,bbr1
0.857,42558,29,21600,33.0,35.9,20.1,104.4,2.3,843289,32448,48,48,bbr1
0.864,42558,29,21600,32.8,31.5,20.1,104.4,2.1,843289,32452,48,48,bbr1
0.871,26975,18,21600,32.4,29.1,20.1,104.4,2.5,1054111,32456,48,48,bbr1
0.878,32671,22,21600,31.7,27.0,20.1,104.4,3.2,1054111,32460,48,48,bbr1
0.885,38367,26,24480,31.1,27.0,20.1,104.4,3.6,1054111,32466,48,48,bbr1
0.891,42558,29,25920,30.6,27.0,20.1,104.4,3.7,1054111,32471,48,48,bbr1
0.898,42558,29,27360,30.1,27.0,20.1,104.4,3.7,1054111,32476,48,48,bbr1
0.910,29823,20,25920,29.7,29.1,20.1,104.4,2.8,1054111,32481,48,48,bbr1
0.915,35519,24,24480,29.8,30.4,20.1,104.4,2.3,1054111,32484,48,48,bbr1
0.922,41215,28,27360,30.0,31.7,20.1,104.4,2.2,1054111,32490,48,48,bbr1
0.929,42558,29,28800,30.4,33.0,20.1,104.4,2.4,1054111,32495,48,48,bbr1
0.936,42558,29,30240,30.9,34.3,20.1,104.4,2.8,1054111,32500,48,48,bbr1
0.943,44207,30,31680,30.8,30.5,20.1,104.4,2.2,1105348,32505,48,48,bbr1
0.950,44207,30,33120,31.0,32.1,20.1,104.4,1.9,663209,32510,48,48,bbr1
0.957,44207,30,31680,31.3,33.4,20.1,104.4,2.1,663209,32513,48,48,bbr1
0.006,3072,2,0,34.7,37.8,20.1,104.4,4.2,884279,32515,49,49,bbr1
0.007,5760,4,0,33.7,26.8,20.1,104.4,5.2,1105348,32517,49,49,bbr1
0.033,12880,8,0,32.5,23.8,20.1,104.4,6.4,1105348,32522,49,49,bbr1
0.058,20000,13,5760,31.1,21.2,20.1,104.4,7.6,1105348,32531,49,49,bbr1
0.065,25696,17,8640,30.1,22.8,20.1,104.4,7.8,1105348,32537,49,49,bbr1
0.084,32816,22,18720,28.9,21.2,20.1,104.4,8.0,1105348,32549,49,49,bbr1
0.092,38512,26,23040,28.2,22.8,20.1,104.4,7.6,1105348,32556,49,49,bbr1
0.123,5760,4,2935,27.1,28.4,20.1,104.4,3.2,884279,32562,49,49,bbr1
0.129,5760,4,2935,27.4,29.2,20.1,104.4,2.9,884279,32564,49,49,bbr1
0.148,5760,4,2880,26.5,20.4,20.1,104.4,4.0,884279,32566,49,49,bbr1
0.155,5760,4,4320,25.7,20.3,20.1,104.4,4.5,884279,32569,49,49,bbr1
0.174,5760,4,2880,25.1,20.3,20.1,104.4,4.8,884279,32571,49,49,bbr1
0.181,5760,4,4320,24.5,20.3,20.1,104.4,4.8,884279,32574,49,49,bbr1
0.199,5760,4,2880,23.9,20.3,20.1,104.4,4.6,884279,32576,49,49,bbr1
0.206,5760,4,4320,23.5,20.3,20.1,104.4,4.4,884279,32579,49,49,bbr1
0.225,5760,4,2880,23.1,20.3,20.1,104.4,4.1,884279,32581,49,49,bbr1
0.231,5760,4,4320,22.7,20.3,20.1,104.4,3.7,884279,32584,49,49,bbr1
0.250,5760,4,2880,22.4,20.2,20.1,104.4,3.4,884279,32586,49,49,bbr1
0.257,5760,4,4320,22.2,20.3,20.1,104.4,3.1,884279,32589,49,49,bbr1
0.276,5760,4,2880,21.9,20.3,20.1,104.4,2.8,884279,32591,49,49,bbr1
0.282,5760,4,4320,21.7,20.3,20.1,104.4,2.5,884279,32594,49,49,bbr1
0.301,5760,4,2880,21.5,20.1,20.1,104.4,2.3,843260,32596,49,49,bbr1
0.308,5760,4,4320,21.4,20.3,20.1,104.4,2.0,843260,32599,49,49,bbr1
0.327,42608,29,2880,21.2,20.2,20.1,104.4,1.8,843260,32601,49,49,bbr1
0.334,42608,29,7200,21.1,20.3,20.1,104.4,1.6,843260,32606,49,49,bbr1
0.352,42608,29,17280,21.0,20.2,20.1,104.4,1.4,843260,32617,49,49,bbr1
0.358,42608,29,15840,20.9,20.2,20.1,104.4,1.3,843260,32620,49,49,bbr1
0.364,42608,29,15840,20.8,20.2,20.1,104.4,1.1,843260,32624,49,49,bbr1
0.373,42608,29,17280,20.7,20.2,20.1,104.4,1.0,843260,32629,49,49,bbr1
0.378,42399,29,17280,20.9,21.8,20.1,104.4,1.0,838074,32632,49,49,bbr1
0.383,42399,29,15840,20.8,20.2,20.1,104.4,0.9,838074,32635,49,49,bbr1
0.390,42399,29,17280,20.7,20.2,20.1,104.4,0.8,838074,32639,49,49,bbr1
0.395,42399,29,15840,20.6,20.1,20.1,104.4,0.8,838074,32642,49,49,bbr1
0.402,42384,29,15840,20.6,20.1,20.1,104.4,0.7,1047592,32646,49,49,bbr1
0.409,42384,29,18720,20.5,20.2,20.1,104.4,0.6,1047592,32651,49,49,bbr1
0.414,42384,29,18720,20.5,20.2,20.1,104.4,0.6,1047592,32655,49,49,bbr1
0.421,42384,29,21600,20.4,20.2,20.1,104.4,0.5,1047592,32660,49,49,bbr1
0.426,42384,29,21600,20.4,20.4,20.1,104.4,0.4,1047592,32664,49,49,bbr1
0.432,45444,31,21600,20.6,21.6,20.1,104.4,0.6,1142587,32668,49,49,bbr1
0.439,45444,31,24480,20.9,22.9,20.1,104.4,1.0,1142587,32674,49,49,bbr1
0.446,45444,31,27360,21.2,23.9,20.1,104.4,1.5,1142587,32679,49,49,bbr1
0.451,45444,31,27360,21.7,25.2,20.1,104.4,2.1,1142587,32683,49,49,bbr1
0.458,45444,31,30240,22.3,26.5,20.1,104.4,2.8,1142587,32689,49,49,bbr1
0.465,45444,31,31680,23.1,28.2,20.1,104.4,3.5,1142587,32694,49,49,bbr1
0.472,45444,31,33120,23.9,29.9,20.1,104.4,4.4,685552,32699,49,49,bbr1
0.479,45444,31,33120,24.8,31.2,20.1,104.4,5.1,685552,32702,49,49,bbr1
0.483,45444,31,30240,25.8,32.8,20.1,104.4,5.8,685552,32704,49,49,bbr1
0.491,45444,31,30240,26.9,34.7,20.1,104.4,6.6,685552,32708,49,49,bbr1
0.497,45444,31,28800,28.1,36.4,20.1,104.4,7.3,685552,32711,49,49,bbr1
0.503,45444,31,27360,29.3,37.8,20.1,104.4,7.9,685552,32714,49,49,bbr1
0.510,45444,31,25920,30.6,39.8,20.1,104.4,8.5,685552,32717,49,49,bbr1
0.517,45444,31,25920,31.5,37.8,20.1,104.4,8.2,914070,32721,49,49,bbr1
0.524,45444,31,25920,32.1,36.3,20.1,104.4,7.3,914070,32725,49,49,bbr1
0.530,45444,31,27360,32.5,35.3,20.1,104.4,6.3,914070,32729,49,49,bbr1
0.536,45444,31,27360,32.7,33.6,20.1,104.4,5.0,914070,32733,49,49,bbr1
0.543,45444,31,28800,32.7,32.6,20.1,104.4,3.8,914070,32737,49,49,bbr1
0.548,45444,31,27360,32.4,30.8,20.1,104.4,3.3,914070,32740,49,49,bbr1
0.554,28418,19,27360,32.3,31.3,20.1,104.4,2.7,914070,32744,49,49,bbr1
0.560,34114,23,23040,32.2,31.3,20.1,104.4,2.3,914070,32745,49,49,bbr1
0.568,39810,27,25920,32.2,32.3,20.1,104.4,1.7,914070,32751,49,49,bbr1
0.574,45444,31,25920,32.3,32.8,20.1,104.4,1.5,1142587,32755,49,49,bbr1
0.582,45444,31,30240,32.3,32.6,20.1,104.4,1.2,1142587,32761,49,49,bbr1
0.587,45444,31,30240,32.4,33.0,20.1,104.4,1.1,1142587,32765,49,49,bbr1
0.594,45444,31,31680,32.2,30.5,20.1,104.4,1.3,1142587,32770,49,49,bbr1
0.602,45444,31,34560,32.0,31.2,20.1,104.4,1.2,685552,32776,49,49,bbr1
0.608,45444,31,33120,32.0,31.7,20.1,104.4,1.0,685552,32779,49,49,bbr1
0.614,45444,31,31680,32.2,33.5,20.1,104.4,1.1,685552,32782,49,49,bbr1
0.621,45444,31,31680,32.5,34.9,20.1,104.4,1.5,685552,32785,49,49,bbr1
0.627,45444,31,30240,33.0,36.6,20.1,104.4,2.1,685552,32788,49,49,bbr1
0.633,45444,31,28800,33.6,37.8,20.1,104.4,2.8,685552,32791,49,49,bbr1
0.639,45444,31,27360,34.4,40.0,20.1,104.4,3.7,685552,32794,49,49,bbr1
0.646,45444,31,27360,35.1,39.5,20.1,104.4,4.0,685552,32797,49,49,bbr1
0.650,45444,31,24480,35.4,37.5,20.1,104.4,3.7,685552,32799,49,49,bbr1
0.658,28418,19,24480,35.4,35.9,20.1,104.4,2.9,914070,32803,49,49,bbr1
0.664,34114,23,23040,35.3,34.4,20.1,104.4,2.4,914070,32806,49,49,bbr1
0.670,38386,26,25920,35.1,33.4,20.1,104.4,2.3,914070,32811,49,49,bbr1
0.676,44082,30,24480,34.7,31.8,20.1,104.4,2.5,914070,32814,49,49,bbr1
0.683,45444,31,25920,34.1,30.0,20.1,104.4,3.1,914070,32819,49,49,bbr1
0.689,45444,31,25920,33.5,29.7,20.1,104.4,3.4,914070,32823,49,49,bbr1
0.696,45444,31,27360,33.1,30.0,20.1,104.4,3.4,914070,32827,49,49,bbr1
0.702,45444,31,27360,32.8,30.5,20.1,104.4,3.2,914070,32831,49,49,bbr1
0.708,28418,19,27360,32.5,31.0,20.1,104.4,2.9,1142587,32835,49,49,bbr1
0.715,32690,22,24480,32.4,31.4,20.1,104.4,2.4,1142587,32836,49,49,bbr1
0.720,38386,26,25920,32.3,31.8,20.1,104.4,2.0,1142587,32841,49,49,bbr1
0.733,45444,31,31680,32.3,32.1,20.1,104.4,1.2,1142587,32852,49,49,bbr1
0.739,45444,31,31680,32.3,32.6,20.1,104.4,1.0,685552,32856,49,49,bbr1
0.746,45444,31,30240,31.9,28.7,20.1,104.4,1.6,685552,32859,49,49,bbr1
0.752,45444,31,30240,31.9,31.7,20.1,104.4,1.3,685552,32862,49,49,bbr1
0.758,45444,31,28800,32.1,33.4,20.1,104.4,1.3,685552,32865,49,49,bbr1
0.765,28418,19,27360,32.4,34.9,20.1,104.4,1.7,685552,32868,49,49,bbr1
0.770,34114,23,23040,33.0,36.9,20.1,104.4,2.4,685552,32869,49,49,bbr1
0.778,39810,27,24480,33.6,37.8,20.1,104.4,3.0,914070,32874,49,49,bbr1
0.785,45444,31,24480,33.8,35.7,20.1,104.4,2.8,914070,32878,49,49,bbr1
0.791,45444,31,24480,33.9,34.4,20.1,104.4,2.2,914070,32882,49,49,bbr1
0.798,44039,30,24480,33.8,32.8,20.1,104.4,1.9,1098991,32886,49,49,bbr1
0.805,44039,30,27360,33.3,29.6,20.1,104.4,2.5,1098991,32892,49,49,bbr1
0.818,33411,23,23040,32.3,29.4,20.1,104.4,3.0,1098991,32897,49,49,bbr1
0.826,37683,26,28800,32.0,29.8,20.1,104.4,2.9,1098991,32904,49,49,bbr1
0.831,43379,30,28800,31.9,31.1,20.1,104.4,2.4,1098991,32908,49,49,bbr1
0.838,44039,30,30240,32.0,32.9,20.1,104.4,2.1,1098991,32913,49,49,bbr1
0.844,44039,30,31680,32.3,34.4,20.1,104.4,2.1,1098991,32918,49,49,bbr1
0.851,44039,30,33120,32.1,30.8,20.1,104.4,2.0,659394,32923,49,49,bbr1
0.864,33411,23,25920,32.4,33.9,20.1,104.4,1.6,659394,32926,49,49,bbr1
0.872,39107,27,27360,32.7,35.4,20.1,104.4,1.9,879193,32931,49,49,bbr1
0.877,44039,30,25920,33.3,37.0,20.1,104.4,2.5,879193,32934,49,49,bbr1
0.885,44039,30,27360,33.9,38.3,20.1,104.4,3.2,879193,32939,49,49,bbr1
0.891,44039,30,27360,34.6,39.2,20.1,104.4,3.7,1098991,32943,49,49,bbr1
0.904,33411,23,23040,34.0,32.4,20.1,104.4,3.0,1098991,32948,49,49,bbr1
0.912,39107,27,27360,33.8,32.6,20.1,104.4,2.6,1098991,32955,49,49,bbr1
0.919,44039,30,28800,33.7,32.9,20.1,104.4,2.2,1098991,32960,49,49,bbr1
0.926,44039,30,30240,33.7,33.4,20.1,104.4,1.7,1098991,32965,49,49,bbr1
0.932,44039,30,31680,33.8,34.9,20.1,104.4,1.6,1098991,32970,49,49,bbr1
0.939,44039,30,33120,33.5,31.1,20.1,104.4,1.9,659394,32975,49,49,bbr1
0.946,44039,30,31680,33.4,32.6,20.1,104.4,1.6,659394,32978,49,49,bbr1
0.953,44039,30,31680,33.4,33.8,20.1,104.4,1.3,659394,32981,49,49,bbr1
0.957,44039,30,28800,33.7,35.3,20.1,104.4,1.5,659394,32983,49,49,bbr1
0.966,44039,30,28800,34.0,36.7,20.1,104.4,1.9,659394,32987,49,49,bbr1
0.972,27715,19,27360,34.6,38.4,20.1,104.4,2.5,659394,32990,49,49,bbr1
0.977,33411,23,23040,35.3,39.9,20.1,104.4,3.2,659394,32991,49,49,bbr1
0.985,39107,27,24480,35.6,37.9,20.1,104.4,3.0,879193,32996,49,49,bbr1
0.991,44039,30,23040,35.6,35.7,20.1,104.4,2.3,879193,32999,49,49,bbr1
0.998,44039,30,24480,35.4,34.0,20.1,104.4,2.1,879193,33004,49,49,bbr1
1.005,44039,30,24480,34.9,31.6,20.1,104.4,2.5,1098991,33008,49,49,bbr1
1.011,44039,30,27360,34.3,29.9,20.1,104.4,3.2,1098991,33013,49,49,bbr1
1.016,44039,30,27360,33.6,28.5,20.1,104.4,3.8,1098991,33017,49,49,bbr1
1.023,44039,30,28800,33.0,28.8,20.1,104.4,4.1,1098991,33022,49,49,bbr1
1.036,33411,23,24480,32.1,30.0,20.1,104.4,3.7,1098991,33027,49,49,bbr1
1.044,39107,27,28800,32.1,31.9,20.1,104.4,2.8,1105280,33034,49,49,bbr1
1.051,43379,30,31680,32.2,33.1,20.1,104.4,2.4,1105280,33039,49,49,bbr1
1.057,44242,30,31680,32.5,34.7,20.1,104.4,2.4,663168,33043,49,49,bbr1
1.064,44242,30,30240,33.0,36.1,20.1,104.4,2.7,663168,33046,49,49,bbr1
1.070,44242,30,28800,32.7,30.4,20.1,104.4,2.6,663168,33049,49,49,bbr1
1.076,44242,30,27360,32.8,33.6,20.1,104.4,2.2,663168,33052,49,49,bbr1
1.083,44242,30,25920,33.1,35.2,20.1,104.4,2.3,663168,33055,49,49,bbr1
1.089,27817,19,24480,33.5,36.7,20.1,104.4,2.6,884224,33058,49,49,bbr1
1.096,33513,23,23040,33.9,36.3,20.1,104.4,2.6,884224,33061,49,49,bbr1
1.102,37785,26,25920,34.0,34.6,20.1,104.4,2.2,884224,33066,49,49,bbr1
1.109,43481,30,25920,33.9,33.3,20.1,104.4,1.8,884224,33070,49,49,bbr1
1.115,44242,30,25920,33.5,31.0,20.1,104.4,2.1,1105280,33074,49,49,bbr1
1.121,44242,30,28800,33.1,30.4,20.1,104.4,2.3,1105280,33079,49,49,bbr1
1.127,44242,30,28800,32.6,28.6,20.1,104.4,2.9,1105280,33083,49,49,bbr1
0.006,44240,30,0,31.3,20.1,20.1,104.4,5.0,1105280,33089,49,49,bbr1
0.007,44240,30,0,30.8,27.1,20.1,104.4,4.8,1105280,33091,49,49,bbr1
0.033,44240,30,25920,29.9,23.7,20.1,104.4,5.3,1105280,33114,49,49,bbr1
0.040,44240,30,27360,29.3,25.3,20.1,104.4,5.2,1105280,33119,49,49,bbr1
0.046,44240,30,28800,29.0,26.9,20.1,104.4,4.5,1105280,33124,49,49,bbr1
0.053,44240,30,30240,28.9,28.4,20.1,104.4,3.5,1105280,33129,49,49,bbr1
0.060,44240,30,33120,29.1,30.0,20.1,104.4,2.9,1105280,33135,49,49,bbr1
0.068,44240,30,34560,29.4,31.5,20.1,104.4,2.8,663168,33140,49,49,bbr1
0.075,44240,30,33120,29.8,32.7,20.1,104.4,2.9,663168,33143,49,49,bbr1
0.081,44240,30,31680,30.4,34.7,20.1,104.4,3.4,663168,33146,49,49,bbr1
0.087,44240,30,31680,31.1,35.8,20.1,104.4,3.9,663168,33149,49,49,bbr1
0.092,44240,30,28800,31.9,37.5,20.1,104.4,4.5,663168,33151,49,49,bbr1
0.098,44240,30,28800,32.7,38.6,20.1,104.4,5.1,663168,33154,49,49,bbr1
0.105,44240,30,27360,33.6,40.1,20.1,104.4,5.7,663168,33157,49,49,bbr1
0.111,44240,30,25920,34.4,39.8,20.1,104.4,5.8,663168,33160,49,49,bbr1
0.117,44240,30,24480,34.8,37.6,20.1,104.4,5.1,884224,33163,49,49,bbr1
0.124,44240,30,24480,35.0,36.1,20.1,104.4,4.2,884224,33167,49,49,bbr1
0.132,44240,30,25920,34.9,34.3,20.1,104.4,3.3,884224,33172,49,49,bbr1
0.138,44240,30,25920,34.6,32.3,20.1,104.4,3.1,1105280,33176,49,49,bbr1
0.145,27816,19,27360,34.0,30.4,20.1,104.4,3.4,1105280,33181,49,49,bbr1
0.151,33512,23,23040,33.6,30.2,20.1,104.4,3.5,1105280,33182,49,49,bbr1
0.158,39208,27,27360,33.2,30.4,20.1,104.4,3.4,1105280,33189,49,49,bbr1
0.165,44240,30,28800,32.9,30.7,20.1,104.4,3.2,1105280,33194,49,49,bbr1
0.171,44240,30,30240,32.7,31.6,20.1,104.4,2.7,1105280,33199,49,49,bbr1
0.178,44240,30,31680,32.7,32.8,20.1,104.4,2.1,1105280,33204,49,49,bbr1
0.186,44240,30,33120,32.5,31.1,20.1,104.4,1.9,663168,33209,49,49,bbr1
0.192,44240,30,33120,32.5,32.3,20.1,104.4,1.5,663168,33212,49,49,bbr1
0.203,33512,23,24480,33.0,35.5,20.1,104.4,1.8,663168,33214,49,49,bbr1
0.211,39208,27,25920,33.5,37.0,20.1,104.4,2.4,884224,33219,49,49,bbr1
0.217,44240,30,24480,34.2,38.6,20.1,104.4,3.0,884224,33222,49,49,bbr1
0.224,44240,30,25920,34.9,40.2,20.1,104.4,3.8,884224,33227,49,49,bbr1
0.230,44240,30,25920,35.3,37.8,20.1,104.4,3.6,1105280,33231,49,49,bbr1
0.237,44240,30,27360,34.8,31.6,20.1,104.4,3.6,1105280,33236,49,49,bbr1
0.250,33512,23,24480,33.8,30.5,20.1,104.4,3.8,1105280,33242,49,49,bbr1
0.258,39208,27,28800,33.5,31.3,20.1,104.4,3.5,1105280,33249,49,49,bbr1
0.265,44240,30,30240,33.3,32.2,20.1,104.4,2.9,1105280,33254,49,49,bbr1
0.271,44240,30,31680,33.4,33.7,20.1,104.4,2.3,1105280,33259,49,49,bbr1
0.279,44240,30,33120,33.6,35.3,20.1,104.4,2.2,663168,33264,49,49,bbr1
0.286,43949,30,31680,33.5,32.6,20.1,104.4,1.9,657753,33267,49,49,bbr1
0.298,33366,23,24535,33.8,35.7,20.1,104.4,1.7,657753,33271,49,49,bbr1
0.307,39062,27,25975,34.2,37.2,20.1,104.4,2.1,877004,33276,49,49,bbr1
0.313,43949,30,25975,34.8,38.8,20.1,104.4,2.7,877004,33280,49,49,bbr1
0.319,43949,30,25975,35.4,39.5,20.1,104.4,3.2,877004,33284,49,49,bbr1
0.326,43949,30,25975,35.6,37.3,20.1,104.4,2.9,877004,33288,49,49,bbr1
0.333,43949,30,27360,35.0,30.6,20.1,104.4,3.4,877004,33292,49,49,bbr1
0.337,27670,19,25920,34.4,30.2,20.1,104.4,3.8,1096255,33295,49,49,bbr1
0.344,33366,23,23040,34.0,31.0,20.1,104.4,3.7,1096255,33297,49,49,bbr1
0.352,37638,26,28800,33.6,30.7,20.1,104.4,3.6,1096255,33304,49,49,bbr1
0.356,43334,30,27360,33.2,30.8,20.1,104.4,3.4,1096255,33307,49,49,bbr1
0.363,43949,30,30240,33.0,31.5,20.1,104.4,2.9,1096255,33313,49,49,bbr1
0.370,43949,30,31680,32.9,32.1,20.1,104.4,2.4,1096255,33318,49,49,bbr1
0.378,43949,30,34560,32.4,28.8,20.1,104.4,2.9,657753,33323,49,49,bbr1
0.388,33366,23,25920,32.5,33.5,20.1,104.4,2.0,658746,33325,49,49,bbr1
0.396,37638,26,28800,32.7,34.6,20.1,104.4,2.0,878328,33330,49,49,bbr1
0.401,43334,30,27360,33.2,36.1,20.1,104.4,2.3,878328,33333,49,49,bbr1
0.408,44003,30,27360,33.7,37.7,20.1,104.4,2.9,878328,33337,49,49,bbr1
0.414,44003,30,27360,34.4,39.2,20.1,104.4,3.5,878328,33341,49,49,bbr1
0.420,27697,19,27360,34.1,32.1,20.1,104.4,3.2,1097910,33345,49,49,bbr1
0.425,31969,22,24480,33.9,32.8,20.1,104.4,2.7,1097910,33346,49,49,bbr1
0.432,37665,26,27360,33.8,32.4,20.1,104.4,2.4,1097910,33352,49,49,bbr1
0.440,43361,30,30240,33.6,32.2,20.1,104.4,2.2,1097910,33358,49,49,bbr1
0.446,44003,30,31680,33.4,32.5,20.1,104.4,1.9,1097910,33363,49,49,bbr1
0.453,44003,30,33120,33.4,33.1,20.1,104.4,1.5,658746,33368,49,49,bbr1
0.466,33393,23,25920,33.4,33.9,20.1,104.4,1.2,658746,33371,49,49,bbr1
0.475,39089,27,27360,33.6,35.6,20.1,104.4,1.5,878328,33376,49,49,bbr1
0.481,43361,30,28800,34.0,36.7,20.1,104.4,1.9,878328,33380,49,49,bbr1
0.486,44003,30,27360,34.5,37.8,20.1,104.4,2.3,878328,33383,49,49,bbr1
0.492,44003,30,27360,35.2,39.8,20.1,104.4,3.1,878328,33387,49,49,bbr1
0.499,29121,20,25920,34.8,32.1,20.1,104.4,3.1,878328,33391,49,49,bbr1
0.506,34817,24,24480,34.4,31.8,20.1,104.4,3.1,878328,33394,49,49,bbr1
0.515,40513,28,27360,34.1,32.4,20.1,104.4,2.8,878328,33400,49,49,bbr1
0.520,44003,30,25920,33.9,32.2,20.1,104.4,2.6,1097910,33403,49,49,bbr1
0.527,44003,30,28800,33.8,32.9,20.1,104.4,2.2,1097910,33409,49,49,bbr1
0.540,33393,23,25920,33.5,31.6,20.1,104.4,1.8,658746,33415,49,49,bbr1
0.549,39089,27,27360,33.2,31.7,20.1,104.4,1.8,658746,33420,49,49,bbr1
0.556,44003,30,25920,33.2,33.2,20.1,104.4,1.4,658746,33423,49,49,bbr1
0.562,44003,30,24480,33.4,34.7,20.1,104.4,1.4,878328,33426,49,49,bbr1
0.568,44003,30,24480,33.8,36.2,20.1,104.4,1.7,878328,33430,49,49,bbr1
0.575,44003,30,24480,33.5,32.1,20.1,104.4,1.7,878328,33434,49,49,bbr1
0.581,27697,19,24480,33.3,31.7,20.1,104.4,1.7,878328,33438,49,49,bbr1
0.588,31969,22,24480,32.9,30.1,20.1,104.4,2.1,878328,33441,49,49,bbr1
0.593,37665,26,24480,32.4,28.9,20.1,104.4,2.6,878328,33445,49,49,bbr1
0.601,43361,30,25920,32.1,29.7,20.1,104.4,2.6,878328,33450,49,49,bbr1
0.606,44003,30,24480,31.8,29.9,20.1,104.4,2.5,878328,33453,49,49,bbr1
0.614,44003,30,27360,31.6,30.0,20.1,104.4,2.3,878328,33458,49,49,bbr1
0.619,27697,19,25920,31.4,30.2,20.1,104.4,2.1,1097910,33461,49,49,bbr1
0.625,33393,23,23040,31.2,30.0,20.1,104.4,1.9,1097910,33463,49,49,bbr1
0.633,39089,27,27360,31.2,30.7,20.1,104.4,1.6,1097910,33470,49,49,bbr1
0.640,44003,30,28800,31.1,30.9,20.1,104.4,1.2,1097910,33475,49,49,bbr1
0.646,44003,30,30240,31.1,31.1,20.1,104.4,0.9,1097910,33480,49,49,bbr1
0.659,33393,23,25920,31.2,31.1,20.1,104.4,0.6,658746,33485,49,49,bbr1
0.668,39089,27,27360,31.4,32.7,20.1,104.4,0.8,658746,33490,49,49,bbr1
0.674,44003,30,25920,31.7,34.2,20.1,104.4,1.3,658746,33493,49,49,bbr1
0.680,44003,30,24480,32.2,35.7,20.1,104.4,2.0,878328,33496,49,49,bbr1
0.687,44003,30,24480,32.9,37.3,20.1,104.4,2.8,878328,33500,49,49,bbr1
0.694,44003,30,24480,32.8,32.1,20.1,104.4,2.3,878328,33504,49,49,bbr1
0.700,27697,19,24480,32.6,31.8,20.1,104.4,1.9,878328,33508,49,49,bbr1
0.707,33393,23,23040,32.3,29.8,20.1,104.4,2.2,878328,33511,49,49,bbr1
0.713,39089,27,24480,31.9,29.2,20.1,104.4,2.4,878328,33516,49,49,bbr1
0.721,43573,30,25920,31.6,29.4,20.1,104.4,2.4,1084571,33521,49,49,bbr1
0.727,43573,30,25920,31.3,29.6,20.1,104.4,2.3,1084571,33525,49,49,bbr1
0.735,43573,30,28800,31.2,30.3,20.1,104.4,2.0,1084571,33531,49,49,bbr1
0.747,33178,23,24480,31.0,30.6,20.1,104.4,1.4,1084571,33536,49,49,bbr1
0.755,38874,26,28800,31.0,30.9,20.1,104.4,1.1,1084571,33543,49,49,bbr1
0.762,43573,30,30240,31.2,32.3,20.1,104.4,1.1,1084571,33548,49,49,bbr1
0.768,43573,30,31680,31.5,33.8,20.1,104.4,1.5,1084571,33553,49,49,bbr1
0.776,43573,30,33120,32.0,35.8,20.1,104.4,2.2,650742,33558,49,49,bbr1
0.783,43573,30,31680,32.1,32.2,20.1,104.4,1.7,650742,33561,49,49,bbr1
0.794,33178,23,24480,32.6,35.2,20.1,104.4,2.0,650742,33564,49,49,bbr1
0.803,38874,26,25920,33.2,36.7,20.1,104.4,2.5,867657,33569,49,49,bbr1
0.808,43573,30,24480,33.8,38.2,20.1,104.4,3.1,867657,33572,49,49,bbr1
0.815,43573,30,24480,34.3,38.4,20.1,104.4,3.5,867657,33576,49,49,bbr1
0.821,43573,30,24480,34.6,36.3,20.1,104.4,3.1,1084571,33580,49,49,bbr1
0.829,27482,19,27360,34.2,31.5,20.1,104.4,3.1,1084571,33586,49,49,bbr1
0.835,33178,23,23040,33.7,30.5,20.1,104.4,3.3,1084571,33587,49,49,bbr1
0.842,38874,26,25920,33.3,30.2,20.1,104.4,3.3,1084571,33593,49,49,bbr1
0.850,43146,29,30240,33.0,30.8,20.1,104.4,3.1,1084571,33599,49,49,bbr1
0.854,43573,30,28800,32.8,31.6,20.1,104.4,2.7,1084571,33602,49,49,bbr1
0.860,43573,30,30240,32.8,33.0,20.1,104.4,2.1,1084571,33607,49,49,bbr1
0.868,43573,30,33120,32.6,30.7,20.1,104.4,2.1,1084571,33613,49,49,bbr1
0.876,43573,30,34560,32.5,32.2,20.1,104.4,1.6,650742,33618,49,49,bbr1
0.883,43573,30,33120,32.7,33.6,20.1,104.4,1.5,650742,33621,49,49,bbr1
0.894,33178,23,25920,33.4,36.6,20.1,104.4,2.2,657180,33624,49,49,bbr1
0.902,38874,26,27360,34.0,38.0,20.1,104.4,2.8,876240,33629,49,49,bbr1
0.908,43919,30,25920,34.7,39.4,20.1,104.4,3.4,876240,33632,49,49,bbr1
0.916,43919,30,27360,35.4,40.9,20.1,104.4,4.2,876240,33637,49,49,bbr1
0.922,43919,30,28800,35.9,39.2,20.1,104.4,4.0,1095300,33641,49,49,bbr1
0.932,31927,22,24535,35.1,32.7,20.1,104.4,3.7,1095300,33646,49,49,bbr1
0.938,37623,26,27415,34.8,32.4,20.1,104.4,3.4,1095300,33652,49,49,bbr1
0.946,41895,29,31735,34.4,32.1,20.1,104.4,3.2,1095300,33658,49,49,bbr1
0.006,3072,2,0,34.6,37.1,20.1,104.4,2.4,876240,33662,50,50,bbr1
0.007,5760,4,0,33.7,27.5,20.1,104.4,3.5,1095300,33664,50,50,bbr1
0.032,12880,8,0,32.4,23.8,20.1,104.4,5.1,1095300,33669,50,50,bbr1
0.058,20000,13,5760,31.0,21.2,20.1,104.4,6.7,1095300,33678,50,50,bbr1
0.064,25696,17,8640,30.0,22.6,20.1,104.4,7.1,1095300,33684,50,50,bbr1
0.083,31392,21,20160,28.8,20.9,20.1,104.4,7.6,1095300,33696,50,50,bbr1
0.088,37088,25,21600,28.0,22.3,20.1,104.4,7.3,1095300,33701,50,50,bbr1
0.095,42784,29,23040,27.5,23.8,20.1,104.4,6.5,1095300,33706,50,50,bbr1
0.101,43919,30,25920,27.2,24.9,20.1,104.4,5.5,1095300,33711,50,50,bbr1
0.107,45262,31,25920,26.7,23.4,20.1,104.4,5.1,1136992,33715,50,50,bbr1
0.112,45262,31,27360,26.6,25.9,20.1,104.4,4.0,1136992,33719,50,50,bbr1
0.119,45262,31,31680,26.6,27.0,20.1,104.4,3.1,1136992,33725,50,50,bbr1
0.126,45262,31,31680,26.9,28.5,20.1,104.4,2.8,682195,33729,50,50,bbr1
0.132,45262,31,30240,27.3,30.0,20.1,104.4,2.9,682195,33732,50,50,bbr1
0.138,45262,31,28800,27.8,31.6,20.1,104.4,3.3,682195,33735,50,50,bbr1
0.144,45262,31,27360,28.5,33.3,20.1,104.4,3.8,682195,33738,50,50,bbr1
0.151,45262,31,25920,29.3,34.9,20.1,104.4,4.5,682195,33741,50,50,bbr1
0.158,45262,31,25920,30.2,36.6,20.1,104.4,5.2,909594,33745,50,50,bbr1
0.165,45262,31,25920,31.0,36.4,20.1,104.4,5.4,909594,33749,50,50,bbr1
0.171,45262,31,25920,31.5,34.9,20.1,104.4,5.1,909594,33753,50,50,bbr1
0.178,45262,31,25920,31.7,33.3,20.1,104.4,4.3,1136992,33757,50,50,bbr1
0.185,45262,31,28800,31.7,31.9,20.1,104.4,3.2,1136992,33763,50,50,bbr1
0.191,45262,31,30240,31.6,31.0,20.1,104.4,2.6,1136992,33768,50,50,bbr1
0.199,45262,31,34560,31.6,31.1,20.1,104.4,2.1,1136992,33774,50,50,bbr1
0.205,45262,31,34560,31.6,31.9,20.1,104.4,1.7,682195,33778,50,50,bbr1
0.211,45262,31,33120,31.7,32.1,20.1,104.4,1.4,682195,33781,50,50,bbr1
0.222,32599,22,27360,32.4,35.6,20.1,104.4,2.1,682195,33784,50,50,bbr1
0.229,38295,26,27360,33.0,37.3,20.1,104.4,2.8,682195,33788,50,50,bbr1
0.237,43991,30,27360,33.8,39.0,20.1,104.4,3.6,682195,33792,50,50,bbr1
0.243,45262,31,25920,34.6,40.7,20.1,104.4,4.4,682195,33795,50,50,bbr1
0.249,45262,31,24480,35.3,39.9,20.1,104.4,4.6,909594,33798,50,50,bbr1
0.257,45262,31,27360,35.7,38.6,20.1,104.4,4.3,909594,33803,50,50,bbr1
0.262,28327,19,25920,35.6,34.6,20.1,104.4,3.5,909594,33806,50,50,bbr1
0.267,34023,23,23040,35.2,32.5,20.1,104.4,3.4,909594,33808,50,50,bbr1
0.274,39719,27,24480,34.7,31.1,20.1,104.4,3.6,909594,33813,50,50,bbr1
0.281,45262,31,25920,34.2,30.8,20.1,104.4,3.7,1136992,33818,50,50,bbr1
0.288,45262,31,27360,33.8,31.0,20.1,104.4,3.5,1136992,33823,50,50,bbr1
0.296,45262,31,30240,33.5,31.6,20.1,104.4,3.2,1136992,33829,50,50,bbr1
0.308,34023,23,25920,32.8,30.5,20.1,104.4,3.0,682195,33834,50,50,bbr1
0.317,39719,27,27360,32.7,32.1,20.1,104.4,2.4,682195,33839,50,50,bbr1
0.323,45262,31,25920,32.9,33.8,20.1,104.4,2.1,682195,33842,50,50,bbr1
0.329,45262,31,24480,33.1,34.5,20.1,104.4,2.0,909594,33845,50,50,bbr1
0.335,45262,31,24480,33.6,37.3,20.1,104.4,2.5,909594,33849,50,50,bbr1
0.343,28327,19,25920,33.4,32.1,20.1,104.4,2.3,909594,33854,50,50,bbr1
0.349,34023,23,23040,33.2,31.6,20.1,104.4,2.1,909594,33856,50,50,bbr1
0.357,39719,27,25920,32.8,30.4,20.1,104.4,2.3,909594,33862,50,50,bbr1
0.363,45262,31,25920,32.5,30.3,20.1,104.4,2.4,909594,33866,50,50,bbr1
0.369,45262,31,25920,32.2,30.2,20.1,104.4,2.4,909594,33870,50,50,bbr1
0.376,28327,19,25920,32.1,31.2,20.1,104.4,2.0,1136992,33874,50,50,bbr1
0.383,34023,23,23040,31.8,30.1,20.1,104.4,2.0,1136992,33876,50,50,bbr1
0.390,39719,27,27360,31.7,30.5,20.1,104.4,1.8,1136992,33883,50,50,bbr1
0.397,45262,31,28800,31.7,31.5,20.1,104.4,1.4,1136992,33888,50,50,bbr1
0.403,45262,31,31680,31.7,31.9,20.1,104.4,1.1,1136992,33893,50,50,bbr1
0.409,45262,31,31680,31.7,32.0,20.1,104.4,0.9,682195,33897,50,50,bbr1
0.422,34023,23,24480,31.7,32.5,20.1,104.4,0.9,682195,33900,50,50,bbr1
0.430,39719,27,25920,32.0,34.2,20.1,104.4,1.3,909594,33905,50,50,bbr1
0.436,45262,31,25920,32.5,35.6,20.1,104.4,1.9,909594,33909,50,50,bbr1
0.442,45262,31,27360,33.1,37.2,20.1,104.4,2.6,909594,33913,50,50,bbr1
0.447,45262,31,25920,33.6,37.8,20.1,104.4,3.1,909594,33916,50,50,bbr1
0.455,28327,19,27360,33.2,30.5,20.1,104.4,3.1,909594,33921,50,50,bbr1
0.461,34023,23,23040,33.0,30.9,20.1,104.4,2.9,877905,33922,50,50,bbr1
0.469,39719,27,25920,32.7,31.1,20.1,104.4,2.7,877905,33928,50,50,bbr1
0.474,43986,30,25920,32.6,31.7,20.1,104.4,2.3,1097381,33931,50,50,bbr1
0.480,43986,30,27360,32.5,32.0,20.1,104.4,1.8,1097381,33936,50,50,bbr1
0.487,43986,30,28800,32.5,32.6,20.1,104.4,1.4,1097381,33941,50,50,bbr1
0.499,31961,22,25920,32.0,30.6,20.1,104.4,1.7,1089202,33946,50,50,bbr1
0.505,37657,26,27360,31.8,30.4,20.1,104.4,1.6,1089202,33951,50,50,bbr1
0.511,43353,30,28800,31.9,32.6,20.1,104.4,1.4,1089202,33956,50,50,bbr1
0.519,43722,30,31680,32.2,34.2,20.1,104.4,1.7,1089202,33962,50,50,bbr1
0.527,43722,30,34560,32.5,34.9,20.1,104.4,1.9,653521,33967,50,50,bbr1
0.535,31829,22,27360,32.3,32.9,20.1,104.4,1.6,658519,33969,50,50,bbr1
0.542,37525,26,27360,32.6,34.4,20.1,104.4,1.7,658519,33973,50,50,bbr1
0.551,43221,30,27360,33.0,35.9,20.1,104.4,2.1,658519,33977,50,50,bbr1
0.557,43991,30,25920,33.5,37.3,20.1,104.4,2.7,658519,33980,50,50,bbr1
0.563,43991,30,25920,34.2,38.4,20.1,104.4,3.2,878026,33983,50,50,bbr1
0.568,43991,30,24480,34.7,38.1,20.1,104.4,3.4,878026,33986,50,50,bbr1
0.574,27691,19,24480,34.6,34.4,20.1,104.4,2.6,1097532,33990,50,50,bbr1
0.581,33387,23,23040,34.4,32.5,20.1,104.4,2.5,1097532,33993,50,50,bbr1
0.589,39083,27,27360,33.8,30.1,20.1,104.4,2.9,1097532,34000,50,50,bbr1
0.595,43991,30,28800,33.3,29.6,20.1,104.4,3.3,1097532,34005,50,50,bbr1
0.602,43991,30,30240,32.8,29.3,20.1,104.4,3.4,1097532,34010,50,50,bbr1
0.615,33387,23,25920,32.4,31.2,20.1,104.4,2.6,658519,34015,50,50,bbr1
0.623,39083,27,27360,32.4,32.6,20.1,104.4,2.0,658519,34020,50,50,bbr1
0.630,43991,30,25920,32.6,34.2,20.1,104.4,2.0,658519,34023,50,50,bbr1
0.636,43991,30,24480,33.0,35.7,20.1,104.4,2.2,878026,34026,50,50,bbr1
0.643,43991,30,25920,33.5,36.7,20.1,104.4,2.6,878026,34030,50,50,bbr1
0.648,43991,30,24480,33.3,32.1,20.1,104.4,2.3,878026,34033,50,50,bbr1
0.652,26267,18,24480,33.2,32.7,20.1,104.4,1.9,878026,34036,50,50,bbr1
0.659,31963,22,21600,32.9,30.8,20.1,104.4,2.0,878026,34038,50,50,bbr1
0.667,37659,26,24480,32.5,29.3,20.1,104.4,2.4,878026,34044,50,50,bbr1
0.672,43355,30,23040,32.1,29.4,20.1,104.4,2.6,1097532,34047,50,50,bbr1
0.679,43991,30,25920,31.8,29.7,20.1,104.4,2.5,1097532,34053,50,50,bbr1
0.686,27691,19,27360,31.2,27.0,20.1,104.4,3.1,1097532,34058,50,50,bbr1
0.691,31963,22,24480,30.9,28.9,20.1,104.4,2.9,1097532,34059,50,50,bbr1
0.698,37659,26,27360,30.6,28.6,20.1,104.4,2.8,1097532,34065,50,50,bbr1
0.706,43355,30,30240,30.5,29.9,20.1,104.4,2.2,1097532,34071,50,50,bbr1
0.712,43991,30,31680,30.7,31.8,20.1,104.4,2.0,1097532,34076,50,50,bbr1
0.719,43991,30,33120,31.0,33.3,20.1,104.4,2.1,658519,34081,50,50,bbr1
0.726,43991,30,31680,31.2,32.5,20.1,104.4,2.0,658519,34084,50,50,bbr1
0.738,33387,23,24535,32.0,35.6,20.1,104.4,2.6,658519,34088,50,50,bbr1
0.746,39083,27,25975,32.7,37.1,20.1,104.4,3.2,878026,34093,50,50,bbr1
0.752,43991,30,24535,33.4,38.4,20.1,104.4,3.9,878026,34096,50,50,bbr1
0.760,43991,30,25975,34.1,39.2,20.1,104.4,4.4,878026,34101,50,50,bbr1
0.766,43991,30,25975,34.5,37.2,20.1,104.4,4.0,1097532,34105,50,50,bbr1
0.777,32002,22,23040,33.6,30.8,20.1,104.4,3.8,1097532,34110,50,50,bbr1
0.785,37698,26,27360,33.3,31.0,20.1,104.4,3.5,1097532,34117,50,50,bbr1
0.792,43394,30,28800,33.0,31.2,20.1,104.4,3.2,1097532,34122,50,50,bbr1
0.799,43991,30,30240,32.9,31.8,20.1,104.4,2.7,1097532,34127,50,50,bbr1
0.805,43991,30,31680,32.9,33.2,20.1,104.4,2.1,1097532,34132,50,50,bbr1
0.812,43991,30,34560,32.6,30.8,20.1,104.4,2.1,658519,34137,50,50,bbr1
0.817,43991,30,31680,32.6,32.4,20.1,104.4,1.6,658519,34139,50,50,bbr1
0.830,33387,23,24480,33.1,35.4,20.1,104.4,1.8,658519,34142,50,50,bbr1
0.839,39083,27,25920,33.5,36.6,20.1,104.4,2.2,878026,34147,50,50,bbr1
0.845,43991,30,25920,34.2,38.5,20.1,104.4,2.9,878026,34151,50,50,bbr1
0.850,43991,30,24480,34.9,40.0,20.1,104.4,3.7,878026,34154,50,50,bbr1
0.857,43991,30,25920,35.3,38.1,20.1,104.4,3.5,1097532,34159,50,50,bbr1
0.869,31963,22,23040,34.1,30.1,20.1,104.4,4.1,1097532,34164,50,50,bbr1
0.877,37659,26,27360,33.7,30.8,20.1,104.4,3.9,1097532,34171,50,50,bbr1
0.883,43355,30,28800,33.4,31.0,20.1,104.4,3.6,1097532,34176,50,50,bbr1
0.890,43991,30,30240,33.1,31.6,20.1,104.4,3.1,1097532,34181,50,50,bbr1
0.897,43991,30,31680,33.1,33.1,20.1,104.4,2.4,1097532,34186,50,50,bbr1
0.904,42563,29,33120,32.9,31.2,20.1,104.4,2.3,631921,34191,50,50,bbr1
0.916,32673,22,25920,33.0,34.2,20.1,104.4,1.6,631921,34194,50,50,bbr1
0.923,38369,26,25920,33.4,35.7,20.1,104.4,1.9,631921,34198,50,50,bbr1
0.930,42563,29,25920,33.8,36.7,20.1,104.4,2.3,631921,34201,50,50,bbr1
0.937,42563,29,24480,34.3,37.8,20.1,104.4,2.7,631921,34204,50,50,bbr1
0.943,42563,29,23040,35.0,39.9,20.1,104.4,3.5,842562,34207,50,50,bbr1
0.948,26977,18,21600,34.6,32.2,20.1,104.4,3.3,1053202,34210,50,50,bbr1
0.953,31249,21,23040,34.4,32.7,20.1,104.4,3.0,1053202,34214,50,50,bbr1
0.961,36945,25,25920,33.9,30.3,20.1,104.4,3.2,1053202,34220,50,50,bbr1
0.968,42563,29,27360,33.1,27.9,20.1,104.4,3.9,1053202,34225,50,50,bbr1
0.975,42563,29,28800,32.4,27.4,20.1,104.4,4.4,1053202,34230,50,50,bbr1
0.981,42563,29,28800,31.9,28.5,20.1,104.4,4.3,1053202,34234,50,50,bbr1
0.994,32673,22,24480,31.6,31.4,20.1,104.4,2.8,631921,34239,50,50,bbr1
1.001,38369,26,24480,31.8,32.5,20.1,104.4,2.4,631921,34243,50,50,bbr1
1.008,42563,29,24480,32.0,33.6,20.1,104.4,2.2,631921,34246,50,50,bbr1
1.015,42563,29,23040,32.3,34.9,20.1,104.4,2.4,631921,34249,50,50,bbr1
1.021,42563,29,21600,32.8,36.2,20.1,104.4,2.8,842562,34252,50,50,bbr1
1.026,42606,29,20160,32.5,30.4,20.1,104.4,2.7,843628,34255,50,50,bbr1
1.035,26999,18,21600,32.2,29.7,20.1,104.4,2.7,843628,34260,50,50,bbr1
0.007,42606,29,0,28.4,20.1,20.1,104.4,5.6,1054535,34264,50,50,bbr1
0.006,42606,29,0,28.4,28.3,20.1,104.4,4.3,1054535,34265,50,50,bbr1
0.007,42606,29,0,28.3,27.3,20.1,104.4,3.5,1054535,34267,50,50,bbr1
0.033,42606,29,24480,27.7,23.6,20.1,104.4,3.8,1054535,34289,50,50,bbr1
0.040,42606,29,27360,27.3,24.6,20.1,104.4,3.6,1054535,34294,50,50,bbr1
0.044,42606,29,25920,27.1,25.9,20.1,104.4,3.0,1054535,34297,50,50,bbr1
0.051,42606,29,27360,27.1,27.3,20.1,104.4,2.3,1054535,34302,50,50,bbr1
0.058,42606,29,28800,27.3,28.6,20.1,104.4,2.1,1054535,34307,50,50,bbr1
0.064,42606,29,30240,27.6,29.8,20.1,104.4,2.2,1054535,34312,50,50,bbr1
0.071,44246,30,31680,28.1,31.0,20.1,104.4,2.5,1105452,34317,50,50,bbr1
0.080,44246,30,34560,28.6,32.5,20.1,104.4,3.0,663271,34323,50,50,bbr1
0.087,44246,30,33120,29.3,33.8,20.1,104.4,3.5,663271,34326,50,50,bbr1
0.093,44246,30,33120,30.0,34.8,20.1,104.4,4.0,663271,34329,50,50,bbr1
0.098,44246,30,30240,30.7,36.2,20.1,104.4,4.6,663271,34331,50,50,bbr1
0.104,44246,30,28800,31.6,37.5,20.1,104.4,5.1,663271,34334,50,50,bbr1
0.110,44246,30,27360,32.5,39.0,20.1,104.4,5.7,663271,34337,50,50,bbr1
0.117,44246,30,27360,33.4,40.0,20.1,104.4,6.1,663271,34340,50,50,bbr1
0.123,44246,30,25920,34.2,39.8,20.1,104.4,6.2,663271,34343,50,50,bbr1
0.129,44246,30,24480,34.7,37.7,20.1,104.4,5.5,884362,34346,50,50,bbr1
0.136,44246,30,24480,34.8,35.7,20.1,104.4,4.4,884362,34350,50,50,bbr1
0.142,27819,19,24480,34.7,34.2,20.1,104.4,3.4,1105452,34354,50,50,bbr1
0.149,32091,22,24480,34.5,32.7,20.1,104.4,3.1,1105452,34357,50,50,bbr1
0.154,37787,26,25920,34.0,30.7,20.1,104.4,3.2,1105452,34362,50,50,bbr1
0.162,43483,30,28800,33.4,29.4,20.1,104.4,3.6,1105452,34368,50,50,bbr1
0.169,44246,30,30240,33.0,29.7,20.1,104.4,3.6,1105452,34373,50,50,bbr1
0.176,44246,30,31680,32.7,30.8,20.1,104.4,3.2,1105452,34378,50,50,bbr1
0.188,33515,23,27415,32.5,32.4,20.1,104.4,2.2,663271,34384,50,50,bbr1
0.197,39211,27,28855,32.6,34.0,20.1,104.4,2.0,663271,34389,50,50,bbr1
0.204,44246,30,27415,33.0,35.5,20.1,104.4,2.2,663271,34392,50,50,bbr1
0.210,44246,30,25975,33.5,37.1,20.1,104.4,2.7,663271,34395,50,50,bbr1
0.216,44246,30,24535,34.1,38.4,20.1,104.4,3.2,884362,34398,50,50,bbr1
0.222,26434,18,25920,34.8,39.3,20.1,104.4,3.7,1105452,34402,50,50,bbr1
0.227,32130,22,21600,34.7,34.6,20.1,104.4,2.8,1105452,34403,50,50,bbr1
0.235,37826,26,25920,34.5,32.7,20.1,104.4,2.7,1105452,34410,50,50,bbr1
0.242,43522,30,27360,34.0,30.8,20.1,104.4,2.9,1105452,34415,50,50,bbr1
0.249,44246,30,28800,33.5,30.0,20.1,104.4,3.2,1105452,34420,50,50,bbr1
0.255,44246,30,28800,32.7,27.0,20.1,104.4,4.0,1105452,34425,50,50,bbr1
0.264,44246,30,33120,32.4,30.3,20.1,104.4,3.6,1105452,34432,50,50,bbr1
0.276,33515,23,28800,32.5,33.4,20.1,104.4,2.4,663271,34437,50,50,bbr1
0.283,39211,27,28800,32.7,34.4,20.1,104.4,2.3,663271,34441,50,50,bbr1
0.292,43483,30,30240,33.1,36.1,20.1,104.4,2.6,663271,34445,50,50,bbr1
0.296,44246,30,27360,33.7,37.6,20.1,104.4,3.0,663271,34447,50,50,bbr1
0.303,44246,30,25920,34.4,39.2,20.1,104.4,3.7,663271,34450,50,50,bbr1
0.308,44246,30,24480,35.2,40.8,20.1,104.4,4.3,884362,34453,50,50,bbr1
0.317,44246,30,25920,35.3,36.5,20.1,104.4,3.6,884362,34458,50,50,bbr1
0.322,27819,19,24480,35.3,34.6,20.1,104.4,2.9,1105452,34461,50,50,bbr1
0.329,33515,23,23040,34.9,32.6,20.1,104.4,2.8,1105452,34464,50,50,bbr1
0.337,39211,27,27360,34.4,30.6,20.1,104.4,3.2,1105452,34471,50,50,bbr1
0.343,44246,30,28800,33.9,30.5,20.1,104.4,3.4,1105452,34476,50,50,bbr1
0.350,44246,30,31680,33.5,30.7,20.1,104.4,3.3,1105452,34481,50,50,bbr1
0.356,44246,30,31680,33.3,31.6,20.1,104.4,3.0,663271,34485,50,50,bbr1
0.368,33515,23,24480,32.9,32.4,20.1,104.4,2.3,663271,34488,50,50,bbr1
0.376,39211,27,25920,33.0,34.0,20.1,104.4,2.0,884362,34493,50,50,bbr1
0.381,44246,30,24480,33.3,35.5,20.1,104.4,2.1,884362,34496,50,50,bbr1
0.389,44246,30,25920,33.8,36.8,20.1,104.4,2.5,884362,34501,50,50,bbr1
0.396,44246,30,27360,34.2,36.9,20.1,104.4,2.6,884362,34505,50,50,bbr1
0.400,44246,30,25920,33.7,30.5,20.1,104.4,2.9,884362,34508,50,50,bbr1
0.407,27819,19,25920,33.3,30.8,20.1,104.4,2.9,1105452,34512,50,50,bbr1
0.413,33515,23,23040,33.0,30.9,20.1,104.4,2.8,1105452,34514,50,50,bbr1
0.421,39211,27,27360,32.8,31.0,20.1,104.4,2.6,1105452,34521,50,50,bbr1
0.428,43873,30,28800,32.5,31.0,20.1,104.4,2.4,1093870,34526,50,50,bbr1
0.435,43873,30,30240,32.4,31.3,20.1,104.4,2.1,1093870,34531,50,50,bbr1
0.447,33328,23,25920,32.3,31.3,20.1,104.4,1.5,656322,34536,50,50,bbr1
0.456,39024,27,27360,32.3,32.8,20.1,104.4,1.3,656322,34541,50,50,bbr1
0.463,43873,30,25920,32.6,34.3,20.1,104.4,1.4,656322,34544,50,50,bbr1
0.469,43873,30,24480,33.0,35.8,20.1,104.4,1.9,875096,34547,50,50,bbr1
0.475,43873,30,24480,33.5,37.2,20.1,104.4,2.5,875096,34551,50,50,bbr1
0.482,27632,19,24480,33.3,32.0,20.1,104.4,2.2,1093870,34555,50,50,bbr1
0.488,33328,23,23040,33.1,31.8,20.1,104.4,2.1,1093870,34558,50,50,bbr1
0.496,39024,27,27360,32.7,29.7,20.1,104.4,2.4,1093870,34565,50,50,bbr1
0.503,43873,30,28800,32.3,29.4,20.1,104.4,2.6,1093870,34570,50,50,bbr1
0.509,43873,30,30240,31.9,29.5,20.1,104.4,2.7,1093870,34575,50,50,bbr1
0.516,43873,30,31680,31.8,30.7,20.1,104.4,2.3,1093870,34580,50,50,bbr1
0.529,33328,23,27360,31.8,32.7,20.1,104.4,1.6,656322,34585,50,50,bbr1
0.538,39024,27,28800,32.1,34.1,20.1,104.4,1.8,656322,34590,50,50,bbr1
0.544,43873,30,27360,32.6,35.6,20.1,104.4,2.2,656322,34593,50,50,bbr1
0.551,43873,30,25920,33.1,37.1,20.1,104.4,2.8,656322,34596,50,50,bbr1
0.557,43873,30,24480,33.8,38.3,20.1,104.4,3.4,875096,34599,50,50,bbr1
0.564,43873,30,24480,33.8,33.7,20.1,104.4,2.6,875096,34603,50,50,bbr1
0.568,26208,18,24480,33.9,34.5,20.1,104.4,2.1,1093870,34606,50,50,bbr1
0.574,31904,22,21600,33.7,32.5,20.1,104.4,1.9,1093870,34608,50,50,bbr1
0.581,37600,26,24480,33.2,30.1,20.1,104.4,2.3,1093870,34614,50,50,bbr1
0.589,43296,30,27360,32.8,29.6,20.1,104.4,2.7,1093870,34620,50,50,bbr1
0.596,43873,30,30240,32.3,29.4,20.1,104.4,2.9,1093870,34625,50,50,bbr1
0.601,43873,30,30240,32.1,30.5,20.1,104.4,2.6,1093870,34629,50,50,bbr1
0.613,31904,22,27415,31.6,30.5,20.1,104.4,2.3,656322,34635,50,50,bbr1
0.620,37600,26,27415,31.7,32.0,20.1,104.4,1.8,656322,34639,50,50,bbr1
0.626,43296,30,25975,31.9,33.5,20.1,104.4,1.8,656322,34642,50,50,bbr1
0.633,43873,30,25975,32.2,34.5,20.1,104.4,2.0,656322,34645,50,50,bbr1
0.637,43873,30,23095,32.7,36.2,20.1,104.4,2.5,875096,34647,50,50,bbr1
0.644,43873,30,23095,33.3,37.7,20.1,104.4,3.1,875096,34651,50,50,bbr1
0.652,27671,19,24480,33.3,32.9,20.1,104.4,2.4,1094550,34656,50,50,bbr1
0.658,33367,23,23040,33.0,30.8,20.1,104.4,2.4,1094550,34659,50,50,bbr1
0.664,39063,27,25920,32.5,28.9,20.1,104.4,2.8,1094550,34665,50,50,bbr1
0.672,43895,30,28800,32.0,29.1,20.1,104.4,3.0,1094550,34671,50,50,bbr1
0.679,43895,30,30240,31.7,29.3,20.1,104.4,2.9,1094550,34676,50,50,bbr1
0.691,31915,22,27360,31.4,30.5,20.1,104.4,2.1,656730,34681,50,50,bbr1
0.698,37611,26,27360,31.5,32.1,20.1,104.4,1.8,656730,34685,50,50,bbr1
0.704,43307,30,25920,31.7,33.6,20.1,104.4,1.8,656730,34688,50,50,bbr1
0.711,43895,30,24480,32.2,35.0,20.1,104.4,2.2,656730,34691,50,50,bbr1
0.717,43895,30,23040,32.7,36.6,20.1,104.4,2.8,875640,34694,50,50,bbr1
0.723,27643,19,23040,32.6,32.1,20.1,104.4,2.2,1102986,34698,50,50,bbr1
0.729,31915,22,24480,32.6,32.8,20.1,104.4,1.7,1102986,34702,50,50,bbr1
0.736,37611,26,27360,32.4,30.8,20.1,104.4,1.7,1102986,34708,50,50,bbr1
0.743,43307,30,28800,32.0,28.8,20.1,104.4,2.2,1102986,34713,50,50,bbr1
0.749,44166,30,30240,31.5,28.5,20.1,104.4,2.5,1102986,34718,50,50,bbr1
0.762,33475,23,25920,31.3,31.2,20.1,104.4,1.8,661791,34723,50,50,bbr1
0.771,39171,27,27360,31.5,32.7,20.1,104.4,1.7,661791,34728,50,50,bbr1
0.778,44166,30,25920,31.8,34.3,20.1,104.4,2.0,661791,34731,50,50,bbr1
0.784,44166,30,24480,32.3,35.9,20.1,104.4,2.5,882389,34734,50,50,bbr1
0.791,44166,30,24480,33.0,37.5,20.1,104.4,3.2,882389,34738,50,50,bbr1
0.796,27779,19,24480,32.9,32.2,20.1,104.4,2.6,1102986,34742,50,50,bbr1
0.803,33475,23,23040,32.8,31.8,20.1,104.4,2.2,1102986,34745,50,50,bbr1
0.811,39171,27,27360,32.3,29.5,20.1,104.4,2.4,1102986,34752,50,50,bbr1
0.818,44166,30,28800,32.0,29.2,20.1,104.4,2.6,1102986,34757,50,50,bbr1
0.825,44166,30,30240,31.6,29.4,20.1,104.4,2.6,1102986,34762,50,50,bbr1
0.837,33475,23,25920,31.5,31.2,20.1,104.4,1.6,661791,34767,50,50,bbr1
0.846,39171,27,27360,31.7,32.8,20.1,104.4,1.5,661791,34772,50,50,bbr1
0.853,44166,30,25920,32.0,34.3,20.1,104.4,1.8,661791,34775,50,50,bbr1
0.858,44166,30,24480,32.5,35.9,20.1,104.4,2.3,882389,34778,50,50,bbr1
0.865,44166,30,24480,33.1,37.2,20.1,104.4,2.9,882389,34782,50,50,bbr1
0.871,27779,19,24480,33.0,32.1,20.1,104.4,2.4,882389,34786,50,50,bbr1
0.878,33475,23,23040,32.8,31.7,20.1,104.4,2.1,882389,34789,50,50,bbr1
0.884,39171,27,24480,32.4,29.5,20.1,104.4,2.4,882389,34794,50,50,bbr1
0.892,44166,30,25920,32.0,29.1,20.1,104.4,2.6,1102986,34799,50,50,bbr1
0.899,44166,30,27360,31.6,29.4,20.1,104.4,2.6,1102986,34804,50,50,bbr1
0.910,32051,22,24480,31.2,29.8,20.1,104.4,2.3,1102986,34809,50,50,bbr1
0.917,37747,26,27360,31.0,30.0,20.1,104.4,2.0,1102986,34815,50,50,bbr1
0.924,43443,30,30240,31.0,30.8,20.1,104.4,1.6,1102986,34821,50,50,bbr1
0.931,44166,30,31680,31.2,32.6,20.1,104.4,1.6,1102986,34826,50,50,bbr1
0.938,44166,30,33120,31.6,34.2,20.1,104.4,1.9,661791,34831,50,50,bbr1
0.950,33475,23,25920,32.0,33.8,20.1,104.4,1.8,661791,34834,50,50,bbr1
0.959,39171,27,27360,32.4,35.5,20.1,104.4,2.2,882389,34839,50,50,bbr1
0.964,44166,30,25920,33.0,37.1,20.1,104.4,2.8,882389,34842,50,50,bbr1
0.972,44166,30,27360,33.7,38.4,20.1,104.4,3.5,882389,34847,50,50,bbr1
0.978,44166,30,27360,34.4,39.3,20.1,104.4,4.0,1102986,34851,50,50,bbr1
0.991,33475,23,23040,33.9,32.4,20.1,104.4,3.1,1102986,34856,50,50,bbr1
0.999,37747,26,28800,33.7,32.1,20.1,104.4,2.8,1102986,34863,50,50,bbr1
1.003,43443,30,27360,33.5,32.3,20.1,104.4,2.4,1102986,34866,50,50,bbr1
1.011,44166,30,30240,33.4,33.1,20.1,104.4,1.9,1102986,34872,50,50,bbr1
1.018,44166,30,31680,33.6,34.6,20.1,104.4,1.7,1102986,34877,50,50,bbr1
1.025,44166,30,33120,33.2,30.8,20.1,104.4,2.0,661791,34882,50,50,bbr1
1.035,32051,22,27415,33.1,33.5,20.1,104.4,1.5,661791,34886,50,50,bbr1
1.042,37747,26,27415,33.4,35.0,20.1,104.4,1.6,661791,34890,50,50,bbr1
1.051,43443,30,27415,33.8,36.5,20.1,104.4,2.0,661791,34894,50,50,bbr1
1.057,44166,30,25975,34.3,37.9,20.1,104.4,2.5,661791,34897,50,50,bbr1
1.063,44166,30,24535,34.9,39.7,20.1,104.4,3.2,882389,34900,50,50,bbr1
1.069,26394,18,25920,35.3,37.8,20.1,104.4,3.1,882389,34904,50,50,bbr1
1.074,32090,22,21600,35.2,34.6,20.1,104.4,2.5,882389,34905,50,50,bbr1
1.082,36362,25,25920,34.9,33.0,20.1,104.4,2.4,882389,34911,50,50,bbr1
1.086,42058,29,23040,34.4,31.0,20.1,104.4,2.8,882389,34913,50,50,bbr1
1.094,44166,30,24480,33.8,29.4,20.1,104.4,3.4,1102986,34918,50,50,bbr1
1.100,43750,30,25920,33.3,30.1,20.1,104.4,3.5,1090076,34923,50,50,bbr1
1.107,27571,19,27360,32.8,28.8,20.1,104.4,3.7,1090076,34928,50,50,bbr1
1.113,33267,23,23040,32.3,29.1,20.1,104.4,3.7,1090076,34929,50,50,bbr1
1.121,38963,27,27360,32.0,29.3,20.1,104.4,3.5,1090076,34936,50,50,bbr1
1.128,43750,30,28800,31.8,30.6,20.1,104.4,3.0,1090076,34941,50,50,bbr1
1.134,43750,30,30240,31.8,32.1,20.1,104.4,2.3,1090076,34946,50,50,bbr1
1.141,43750,30,31680,32.0,33.7,20.1,104.4,2.2,1090076,34951,50,50,bbr1
1.148,43750,30,33120,31.9,31.1,20.1,104.4,1.9,654045,34956,50,50,bbr1
1.161,33267,23,25920,32.3,34.1,20.1,104.4,1.7,654045,34959,50,50,bbr1
1.169,38963,27,27360,32.7,35.6,20.1,104.4,2.1,872061,34964,50,50,bbr1
1.175,43750,30,27360,33.2,37.1,20.1,104.4,2.7,872061,34968,50,50,bbr1
1.182,43750,30,27360,33.9,38.4,20.1,104.4,3.3,872061,34972,50,50,bbr1
1.189,43750,30,27360,34.5,39.1,20.1,104.4,3.8,1090076,34976,50,50,bbr1
1.201,33267,23,23040,33.9,31.7,20.1,104.4,3.2,1090076,34981,50,50,bbr1
1.209,37539,26,28800,33.7,32.5,20.1,104.4,2.8,1090076,34988,50,50,bbr1
1.213,43235,30,27360,33.5,32.1,20.1,104.4,2.5,1090076,34991,50,50,bbr1
1.220,43750,30,28800,33.4,32.3,20.1,104.4,2.2,1090076,34996,50,50,bbr1
1.228,43750,30,31680,33.5,34.2,20.1,104.4,1.8,1090076,35002,50,50,bbr1
1.235,43750,30,34560,32.9,28.7,20.1,104.4,2.6,654045,35007,50,50,bbr1
1.245,33267,23,25975,32.8,33.3,20.1,104.4,1.8,654045,35010,50,50,bbr1
1.252,38963,27,25975,33.1,34.8,20.1,104.4,1.8,872061,35014,50,50,bbr1
1.260,43750,30,27415,33.5,36.4,20.1,104.4,2.2,872061,35019,50,50,bbr1
1.268,43750,30,27415,34.1,38.2,20.1,104.4,2.8,872061,35024,50,50,bbr1
1.275,43868,30,27415,34.6,38.6,20.1,104.4,3.2,874972,35028,50,50,bbr1
1.286,31941,22,23040,34.1,32.4,20.1,104.4,2.8,1093715,35032,50,50,bbr1
1.294,37637,26,27360,33.9,32.8,20.1,104.4,2.4,1093715,35039,50,50,bbr1
1.301,43333,30,28800,33.8,32.7,20.1,104.4,2.1,1093715,35044,50,50,bbr1
1.307,43868,30,30240,33.6,32.8,20.1,104.4,1.8,1093715,35049,50,50,bbr1
1.314,43868,30,31680,33.6,33.5,20.1,104.4,1.4,1093715,35054,50,50,bbr1
1.327,33326,23,27360,33.2,32.6,20.1,104.4,1.4,656229,35059,50,50,bbr1
1.336,39022,27,28800,33.4,34.2,20.1,104.4,1.3,656229,35064,50,50,bbr1
1.342,43868,30,27360,33.6,35.7,20.1,104.4,1.6,656229,35067,50,50,bbr1
1.349,43868,30,25920,34.1,37.2,20.1,104.4,2.1,656229,35070,50,50,bbr1
1.355,43868,30,24480,34.7,38.7,20.1,104.4,2.7,874972,35073,50,50,bbr1
1.361,27630,19,24480,34.6,33.9,20.1,104.4,2.2,1093715,35077,50,50,bbr1
1.366,31902,22,24480,34.6,34.5,20.1,104.4,1.7,1093715,35080,50,50,bbr1
1.373,36174,25,28800,34.4,32.9,20.1,104.4,1.7,1093715,35086,50,50,bbr1
0.007,3072,2,0,33.0,34.2,20.1,104.4,1.8,1093715,35090,51,51,bbr1
0.009,5760,4,0,32.4,28.3,20.1,104.4,2.5,1093715,35092,51,51,bbr1
0.035,12880,8,0,31.3,23.9,20.1,104.4,4.0,1093715,35097,51,51,bbr1
0.060,20000,13,5760,30.1,21.2,20.1,104.4,5.5,1093715,35106,51,51,bbr1
0.067,25696,17,8640,29.2,22.6,20.1,104.4,6.0,1093715,35112,51,51,bbr1
0.085,32816,22,18720,28.2,21.2,20.1,104.4,6.5,1093715,35124,51,51,bbr1
0.092,38512,26,21600,27.5,22.6,20.1,104.4,6.3,1093715,35130,51,51,bbr1
0.100,43868,30,24480,27.0,24.1,20.1,104.4,5.5,1093715,35136,51,51,bbr1
0.107,43868,30,25920,26.9,25.7,20.1,104.4,4.5,1093715,35141,51,51,bbr1
0.113,43868,30,27360,26.7,25.5,20.1,104.4,3.7,1093715,35146,51,51,bbr1
0.120,43868,30,28800,26.7,27.0,20.1,104.4,2.9,1093715,35151,51,51,bbr1
0.126,43868,30,30240,27.0,28.5,20.1,104.4,2.6,1093715,35156,51,51,bbr1
0.133,43868,30,31680,27.4,30.1,20.1,104.4,2.7,1093715,35161,51,51,bbr1
0.140,43868,30,33120,27.9,31.5,20.1,104.4,3.1,656229,35166,51,51,bbr1
0.147,43868,30,31680,28.5,32.7,20.1,104.4,3.5,656229,35169,51,51,bbr1
0.153,43868,30,30240,29.2,34.6,20.1,104.4,4.2,656229,35172,51,51,bbr1
0.160,43868,30,28800,30.1,36.0,20.1,104.4,4.8,656229,35175,51,51,bbr1
0.167,43868,30,27360,31.0,37.6,20.1,104.4,5.5,656229,35178,51,51,bbr1
0.173,43868,30,25920,32.0,39.0,20.1,104.4,6.1,656229,35181,51,51,bbr1
0.181,43868,30,25920,33.0,39.5,20.1,104.4,6.5,874972,35185,51,51,bbr1
0.187,43868,30,24480,33.5,37.3,20.1,104.4,5.9,874972,35188,51,51,bbr1
0.197,43868,30,25920,33.8,35.7,20.1,104.4,5.0,874972,35193,51,51,bbr1
0.202,43868,30,25920,33.8,33.8,20.1,104.4,3.8,1093715,35197,51,51,bbr1
0.208,43868,30,27360,33.5,31.8,20.1,104.4,3.3,1093715,35202,51,51,bbr1
0.221,33326,23,23040,32.8,30.6,20.1,104.4,3.1,1093715,35207,51,51,bbr1
0.229,39022,27,27360,32.3,29.0,20.1,104.4,3.3,1093715,35214,51,51,bbr1
0.235,43868,30,28800,32.2,31.4,20.1,104.4,2.7,1093715,35219,51,51,bbr1
0.242,43868,30,30240,32.3,32.6,20.1,104.4,2.1,1093715,35224,51,51,bbr1
0.249,43868,30,31680,32.6,34.7,20.1,104.4,2.2,1093715,35229,51,51,bbr1
0.256,42688,29,33120,32.4,31.2,20.1,104.4,2.0,634251,35234,51,51,bbr1
0.263,42688,29,31680,32.4,32.6,20.1,104.4,1.6,634251,35237,51,51,bbr1
0.275,32736,22,24480,33.0,35.6,20.1,104.4,1.9,634251,35240,51,51,bbr1
0.282,38432,26,24480,33.5,36.7,20.1,104.4,2.4,845668,35244,51,51,bbr1
0.289,42688,29,24480,34.1,38.6,20.1,104.4,3.1,845668,35248,51,51,bbr1
0.295,42688,29,24480,34.7,39.0,20.1,104.4,3.5,845668,35252,51,51,bbr1
0.302,42688,29,24480,35.0,36.8,20.1,104.4,3.2,845668,35256,51,51,bbr1
0.309,27040,18,24480,34.6,31.6,20.1,104.4,3.2,1057085,35260,51,51,bbr1
0.316,32736,22,21600,34.0,30.5,20.1,104.4,3.4,1057085,35262,51,51,bbr1
0.322,38432,26,24480,33.6,30.3,20.1,104.4,3.5,1057085,35268,51,51,bbr1
0.329,42688,29,25920,33.2,30.3,20.1,104.4,3.4,1057085,35273,51,51,bbr1
0.336,42688,29,28800,32.9,30.8,20.1,104.4,3.2,1057085,35278,51,51,bbr1
0.342,42688,29,28800,32.7,31.6,20.1,104.4,2.7,1057085,35282,51,51,bbr1
0.355,32736,22,24480,32.1,30.7,20.1,104.4,2.6,634251,35287,51,51,bbr1
0.361,37008,25,25920,32.0,31.7,20.1,104.4,2.0,634251,35291,51,51,bbr1
0.369,42688,29,24480,32.2,33.1,20.1,104.4,1.8,634251,35294,51,51,bbr1
0.375,44123,30,23040,32.4,34.3,20.1,104.4,1.9,660979,35297,51,51,bbr1
0.381,44123,30,21600,32.8,35.6,20.1,104.4,2.2,881306,35300,51,51,bbr1
0.387,27757,19,21600,32.5,30.5,20.1,104.4,2.2,1101632,35304,51,51,bbr1
0.394,33453,23,23040,32.2,29.7,20.1,104.4,2.4,1101632,35309,51,51,bbr1
0.402,39149,27,25920,31.6,27.4,20.1,104.4,3.0,1101632,35315,51,51,bbr1
0.408,44123,30,27360,30.9,25.9,20.1,104.4,3.6,1101632,35320,51,51,bbr1
0.415,44123,30,28800,30.3,26.6,20.1,104.4,3.8,1101632,35325,51,51,bbr1
0.427,33453,23,24480,30.0,29.7,20.1,104.4,2.6,1101632,35330,51,51,bbr1
0.435,39149,27,28800,30.2,31.2,20.1,104.4,2.3,1101632,35337,51,51,bbr1
0.442,43421,30,31680,30.5,32.4,20.1,104.4,2.3,1101632,35342,51,51,bbr1
0.447,44123,30,30240,30.9,34.1,20.1,104.4,2.6,660979,35345,51,51,bbr1
0.453,44123,30,28800,31.5,35.7,20.1,104.4,3.2,660979,35348,51,51,bbr1
0.460,27757,19,27360,31.4,30.7,20.1,104.4,2.6,660979,35351,51,51,bbr1
0.466,33453,23,23040,31.7,33.7,20.1,104.4,2.5,660979,35352,51,51,bbr1
0.475,39149,27,24480,32.1,35.2,20.1,104.4,2.8,881306,35357,51,51,bbr1
0.481,44123,30,24480,32.6,36.2,20.1,104.4,3.1,881306,35361,51,51,bbr1
0.488,44123,30,24480,33.0,35.3,20.1,104.4,3.0,881306,35365,51,51,bbr1
0.494,27757,19,24480,33.0,33.5,20.1,104.4,2.4,1101632,35369,51,51,bbr1
0.500,33453,23,23040,32.6,29.3,20.1,104.4,2.7,1101632,35372,51,51,bbr1
0.508,39149,27,27360,32.1,29.1,20.1,104.4,2.9,1101632,35379,51,51,bbr1
0.515,44123,30,28800,31.8,29.3,20.1,104.4,2.9,1101632,35384,51,51,bbr1
0.522,44123,30,30240,31.4,28.8,20.1,104.4,2.9,1101632,35389,51,51,bbr1
0.534,32029,22,27360,31.2,30.7,20.1,104.4,1.9,660979,35394,51,51,bbr1
0.541,37725,26,27360,31.4,32.1,20.1,104.4,1.7,660979,35398,51,51,bbr1
0.547,43421,30,25920,31.6,33.7,20.1,104.4,1.8,660979,35401,51,51,bbr1
0.554,44123,30,24480,32.1,35.2,20.1,104.4,2.3,660979,35404,51,51,bbr1
0.560,44123,30,23040,32.7,36.7,20.1,104.4,2.9,881306,35407,51,51,bbr1
0.568,44123,30,25920,33.3,38.1,20.1,104.4,3.5,881306,35412,51,51,bbr1
0.571,27757,19,23040,33.3,32.9,20.1,104.4,2.7,1101632,35414,51,51,bbr1
0.578,33453,23,23040,33.0,30.9,20.1,104.4,2.6,1101632,35418,51,51,bbr1
0.586,39149,27,27360,32.5,28.9,20.1,104.4,3.0,1101632,35425,51,51,bbr1
0.593,44123,30,28800,32.0,28.7,20.1,104.4,3.2,1101632,35430,51,51,bbr1
0.599,44123,30,31680,31.5,28.3,20.1,104.4,3.3,1101632,35435,51,51,bbr1
0.610,32029,22,27360,31.0,28.7,20.1,104.4,2.9,660979,35439,51,51,bbr1
0.617,37725,26,27360,31.1,31.9,20.1,104.4,2.4,660979,35443,51,51,bbr1
0.623,43421,30,25920,31.4,33.5,20.1,104.4,2.4,660979,35446,51,51,bbr1
0.629,44123,30,24480,31.8,34.9,20.1,104.4,2.7,881306,35449,51,51,bbr1
0.636,44123,30,24480,32.4,36.1,20.1,104.4,3.1,881306,35453,51,51,bbr1
0.642,27757,19,24480,32.4,32.2,20.1,104.4,2.4,1103875,35457,51,51,bbr1
0.648,32029,22,24480,32.4,32.9,20.1,104.4,1.9,1103875,35460,51,51,bbr1
0.654,37725,26,27360,32.2,30.9,20.1,104.4,1.8,1103875,35466,51,51,bbr1
0.662,43421,30,30240,31.9,29.6,20.1,104.4,2.0,1103875,35472,51,51,bbr1
0.669,44195,30,31680,31.7,29.9,20.1,104.4,2.0,1103875,35477,51,51,bbr1
0.681,33489,23,27360,31.7,32.4,20.1,104.4,1.5,662325,35482,51,51,bbr1
0.690,39185,27,28800,31.9,33.9,20.1,104.4,1.7,662325,35487,51,51,bbr1
0.697,44195,30,27360,32.4,35.4,20.1,104.4,2.1,662325,35490,51,51,bbr1
0.703,44195,30,25920,33.0,37.0,20.1,104.4,2.7,662325,35493,51,51,bbr1
0.710,44195,30,24480,33.6,38.3,20.1,104.4,3.4,883100,35496,51,51,bbr1
0.715,27793,19,24480,33.6,33.8,20.1,104.4,2.6,1103875,35500,51,51,bbr1
0.720,32065,22,24480,33.8,34.5,20.1,104.4,2.1,1103875,35503,51,51,bbr1
0.727,37761,26,27360,33.6,32.5,20.1,104.4,1.9,1103875,35509,51,51,bbr1
0.735,43457,30,30240,33.2,30.7,20.1,104.4,2.2,1103875,35515,51,51,bbr1
0.742,44195,30,31680,32.8,29.8,20.1,104.4,2.5,1103875,35520,51,51,bbr1
0.749,44195,30,33120,32.5,30.8,20.1,104.4,2.4,662325,35525,51,51,bbr1
0.761,33489,23,25920,32.7,33.8,20.1,104.4,1.7,662325,35528,51,51,bbr1
0.769,39185,27,27360,33.0,35.4,20.1,104.4,2.0,883100,35533,51,51,bbr1
0.775,44195,30,25920,33.5,37.0,20.1,104.4,2.5,883100,35536,51,51,bbr1
0.782,44195,30,27360,34.1,38.4,20.1,104.4,3.1,883100,35541,51,51,bbr1
0.788,44195,30,27360,34.8,39.3,20.1,104.4,3.6,1103875,35545,51,51,bbr1
0.802,33489,23,23040,34.2,32.5,20.1,104.4,3.0,1103875,35550,51,51,bbr1
0.810,39185,27,27360,34.0,32.6,20.1,104.4,2.6,1103875,35557,51,51,bbr1
0.816,44195,30,28800,33.8,32.8,20.1,104.4,2.3,1103875,35562,51,51,bbr1
0.823,44195,30,30240,33.8,33.5,20.1,104.4,1.8,1103875,35567,51,51,bbr1
0.829,44195,30,33120,33.9,34.7,20.1,104.4,1.6,1103875,35572,51,51,bbr1
0.835,44195,30,33120,33.5,30.7,20.1,104.4,2.0,662325,35576,51,51,bbr1
0.847,33489,23,25920,33.4,33.9,20.1,104.4,1.5,662325,35579,51,51,bbr1
0.856,39185,27,27360,33.7,35.4,20.1,104.4,1.6,883100,35584,51,51,bbr1
0.862,44195,30,27360,34.0,36.6,20.1,104.4,1.9,883100,35588,51,51,bbr1
0.869,44195,30,27360,34.6,38.5,20.1,104.4,2.6,883100,35592,51,51,bbr1
0.876,44195,30,27360,35.2,39.1,20.1,104.4,3.1,883100,35596,51,51,bbr1
0.881,27793,19,27360,34.8,32.1,20.1,104.4,3.1,1103875,35600,51,51,bbr1
0.888,33489,23,23040,34.5,32.4,20.1,104.4,2.9,1103875,35601,51,51,bbr1
0.896,39185,27,27360,34.2,32.5,20.1,104.4,2.7,1103875,35608,51,51,bbr1
0.903,44195,30,28800,34.0,32.7,20.1,104.4,2.4,1103875,35613,51,51,bbr1
0.909,44195,30,30240,33.9,32.8,20.1,104.4,2.1,1103875,35618,51,51,bbr1
0.916,44195,30,31680,33.8,33.6,20.1,104.4,1.6,1103875,35623,51,51,bbr1
0.929,33489,23,27360,33.4,32.6,20.1,104.4,1.7,662325,35628,51,51,bbr1
0.938,39185,27,28800,33.5,34.2,20.1,104.4,1.4,662325,35633,51,51,bbr1
0.944,44195,30,27360,33.8,35.8,20.1,104.4,1.7,662325,35636,51,51,bbr1
0.950,44195,30,25920,34.2,37.2,20.1,104.4,2.1,662325,35639,51,51,bbr1
0.957,44195,30,24480,34.8,38.8,20.1,104.4,2.7,883100,35642,51,51,bbr1
0.963,27793,19,24480,34.7,33.8,20.1,104.4,2.3,1103875,35646,51,51,bbr1
0.968,32065,22,24480,34.6,34.5,20.1,104.4,1.7,1103875,35649,51,51,bbr1
0.974,37761,26,27360,34.4,32.5,20.1,104.4,1.8,1103875,35655,51,51,bbr1
0.982,43457,30,30240,33.9,30.8,20.1,104.4,2.3,1103875,35661,51,51,bbr1
0.989,44195,30,31680,33.4,29.8,20.1,104.4,2.7,1103875,35666,51,51,bbr1
0.996,43947,30,33120,33.1,30.8,20.1,104.4,2.7,657702,35671,51,51,bbr1
1.008,33365,23,25920,33.1,33.8,20.1,104.4,1.9,657702,35674,51,51,bbr1
1.016,39061,27,27360,33.4,35.4,20.1,104.4,2.0,876937,35679,51,51,bbr1
1.022,43333,30,27360,33.8,36.5,20.1,104.4,2.3,876937,35682,51,51,bbr1
1.028,43947,30,27360,34.3,37.8,20.1,104.4,2.7,876937,35686,51,51,bbr1
1.035,43947,30,27360,35.0,39.7,20.1,104.4,3.4,876937,35690,51,51,bbr1
1.042,27669,19,27360,34.6,32.1,20.1,104.4,3.3,876937,35694,51,51,bbr1
1.046,31941,22,24480,34.4,32.9,20.1,104.4,2.9,876937,35695,51,51,bbr1
1.054,36213,25,28800,34.1,31.9,20.1,104.4,2.8,876937,35701,51,51,bbr1
1.057,41909,29,25920,33.8,32.2,20.1,104.4,2.6,876937,35703,51,51,bbr1
1.065,43947,30,27360,33.7,32.9,20.1,104.4,2.2,1096171,35708,51,51,bbr1
1.072,43947,30,28800,33.6,32.6,20.1,104.4,1.9,1096171,35713,51,51,bbr1
1.085,33365,23,24480,33.1,32.3,20.1,104.4,1.9,1096171,35718,51,51,bbr1
1.092,39061,27,28800,33.0,32.5,20.1,104.4,1.5,1096171,35725,51,51,bbr1
1.099,43947,30,30240,33.0,32.8,20.1,104.4,1.2,1096171,35730,51,51,bbr1
1.106,43947,30,31680,33.2,34.6,20.1,104.4,1.3,1096171,35735,51,51,bbr1
1.113,43947,30,34560,33.5,35.6,20.1,104.4,1.6,657702,35740,51,51,bbr1
1.124,33365,23,25975,33.2,33.6,20.1,104.4,1.6,657702,35743,51,51,bbr1
1.130,39061,27,25975,33.4,35.2,20.1,104.4,1.7,876937,35747,51,51,bbr1
1.138,43947,30,27415,33.8,36.5,20.1,104.4,2.1,876937,35752,51,51,bbr1
1.145,43947,30,28855,34.3,37.8,20.1,104.4,2.6,876937,35756,51,51,bbr1
1.149,43947,30,27415,34.9,39.4,20.1,104.4,3.2,876937,35759,51,51,bbr1
1.161,30556,21,24480,35.0,33.2,20.1,104.4,2.8,1096171,35763,51,51,bbr1
1.166,34828,24,27360,34.7,32.8,20.1,104.4,2.7,1096171,35768,51,51,bbr1
1.171,40524,28,27360,34.5,32.9,20.1,104.4,2.5,1096171,35772,51,51,bbr1
1.179,43947,30,30240,34.3,33.1,20.1,104.4,2.2,1096171,35778,51,51,bbr1
1.186,43947,30,31680,34.2,33.0,20.1,104.4,2.0,1096171,35783,51,51,bbr1
1.200,33365,23,27360,33.3,32.0,20.1,104.4,2.5,657702,35788,51,51,bbr1
1.205,39061,27,25920,33.3,33.4,20.1,104.4,1.9,657702,35791,51,51,bbr1
1.213,43333,30,27360,33.5,34.6,20.1,104.4,1.8,876937,35795,51,51,bbr1
1.218,43947,30,25920,33.8,36.2,20.1,104.4,2.0,876937,35798,51,51,bbr1
1.225,43947,30,25920,34.3,37.7,20.1,104.4,2.5,876937,35802,51,51,bbr1
1.231,43947,30,25920,34.9,39.2,20.1,104.4,3.1,876937,35806,51,51,bbr1
1.238,27669,19,25920,34.6,32.1,20.1,104.4,3.0,844036,35810,51,51,bbr1
1.244,33365,23,23040,34.1,30.7,20.1,104.4,3.2,844036,35812,51,51,bbr1
1.251,39061,27,24480,33.6,30.5,20.1,104.4,3.3,844036,35817,51,51,bbr1
1.257,42622,29,25920,33.3,30.9,20.1,104.4,3.2,1055045,35821,51,51,bbr1
1.263,42622,29,25920,33.0,31.0,20.1,104.4,2.9,1055045,35825,51,51,bbr1
1.269,42622,29,27360,32.8,31.1,20.1,104.4,2.7,1055045,35830,51,51,bbr1
1.283,32703,22,24480,32.1,29.9,20.1,104.4,2.7,633027,35836,51,51,bbr1
1.290,38399,26,24480,31.9,30.9,20.1,104.4,2.3,633027,35840,51,51,bbr1
1.296,42622,29,23040,32.0,32.3,20.1,104.4,1.8,633027,35843,51,51,bbr1
1.306,42622,29,23040,32.2,33.6,20.1,104.4,1.8,844036,35847,51,51,bbr1
1.310,42622,29,23040,32.5,34.6,20.1,104.4,1.9,844036,35850,51,51,bbr1
1.315,27007,18,21600,32.2,30.5,20.1,104.4,1.9,1055045,35853,51,51,bbr1
1.322,32703,22,21600,31.9,29.8,20.1,104.4,2.1,1055045,35857,51,51,bbr1
1.329,38399,26,24480,31.4,27.4,20.1,104.4,2.7,1055045,35863,51,51,bbr1
1.336,42622,29,25920,30.8,26.4,20.1,104.4,3.2,1055045,35868,51,51,bbr1
1.342,42622,29,27360,30.3,27.0,20.1,104.4,3.4,1055045,35873,51,51,bbr1
1.354,31279,21,24480,29.8,29.5,20.1,104.4,2.6,1055045,35878,51,51,bbr1
1.361,36975,25,25920,29.9,30.7,20.1,104.4,2.2,1055045,35883,51,51,bbr1
1.369,42622,29,28800,30.2,31.9,20.1,104.4,2.1,1055045,35889,51,51,bbr1
1.375,42622,29,30240,30.6,33.2,20.1,104.4,2.3,1055045,35894,51,51,bbr1
1.383,42622,29,31680,31.1,34.6,20.1,104.4,2.8,633027,35899,51,51,bbr1
1.395,32703,22,24480,31.4,33.3,20.1,104.4,2.2,638813,35902,51,51,bbr1
0.008,42933,29,2366,33.4,36.4,20.1,104.4,3.4,1064688,35903,51,51,bbr1
0.009,42933,29,2880,34.0,38.7,20.1,104.4,3.9,1064688,35905,51,51,bbr1
0.035,42933,29,24480,32.7,23.6,20.1,104.4,5.5,1064688,35925,51,51,bbr1
0.041,42933,29,25920,31.8,24.9,20.1,104.4,6.1,1064688,35930,51,51,bbr1
0.049,42933,29,27360,31.1,26.4,20.1,104.4,5.9,1064688,35935,51,51,bbr1
0.055,42933,29,28800,30.7,27.7,20.1,104.4,5.3,1064688,35940,51,51,bbr1
0.062,42933,29,30240,30.5,29.1,20.1,104.4,4.3,1064688,35945,51,51,bbr1
0.069,42933,29,31680,30.4,30.3,20.1,104.4,3.3,638813,35950,51,51,bbr1
0.076,42933,29,30240,30.6,31.9,20.1,104.4,2.8,638813,35953,51,51,bbr1
0.083,42933,29,28800,30.9,32.6,20.1,104.4,2.6,638813,35956,51,51,bbr1
0.090,42933,29,27360,31.3,34.6,20.1,104.4,2.9,638813,35959,51,51,bbr1
0.096,42933,29,25920,31.9,35.9,20.1,104.4,3.3,638813,35962,51,51,bbr1
0.103,42933,29,24480,32.6,37.3,20.1,104.4,3.8,638813,35965,51,51,bbr1
0.110,42933,29,23040,33.1,36.9,20.1,104.4,4.0,851751,35968,51,51,bbr1
0.116,42933,29,23040,33.3,34.6,20.1,104.4,3.3,851751,35972,51,51,bbr1
0.123,42933,29,24480,33.3,32.9,20.1,104.4,2.6,851751,35976,51,51,bbr1
0.128,42933,29,23040,32.9,30.8,20.1,104.4,2.6,851751,35979,51,51,bbr1
0.135,42933,29,23040,32.4,28.5,20.1,104.4,3.0,851751,35983,51,51,bbr1
0.142,42933,29,23040,31.8,27.9,20.1,104.4,3.4,851751,35987,51,51,bbr1
0.147,27162,18,21600,31.3,27.5,20.1,104.4,3.6,1064688,35990,51,51,bbr1
0.154,32858,22,21600,30.6,25.9,20.1,104.4,4.1,1064688,35994,51,51,bbr1
0.161,38554,26,24480,30.2,27.4,20.1,104.4,3.8,1064688,36000,51,51,bbr1
0.169,42933,29,27360,29.8,27.3,20.1,104.4,3.6,1064688,36006,51,51,bbr1
0.176,42933,29,28800,29.5,27.2,20.1,104.4,3.4,1064688,36011,51,51,bbr1
0.187,31434,21,24535,29.2,29.3,20.1,104.4,2.4,1064688,36016,51,51,bbr1
0.193,35706,24,27415,29.4,30.4,20.1,104.4,2.1,1064688,36021,51,51,bbr1
0.199,41402,28,28855,29.7,31.9,20.1,104.4,2.2,1064688,36026,51,51,bbr1
0.206,42933,29,30295,30.1,33.2,20.1,104.4,2.6,1064688,36031,51,51,bbr1
0.213,42933,29,31735,30.7,34.6,20.1,104.4,3.0,638813,36036,51,51,bbr1
0.226,32897,22,24480,30.8,32.0,20.1,104.4,2.1,659978,36039,51,51,bbr1
0.232,37169,25,25920,31.2,34.3,20.1,104.4,2.4,879971,36043,51,51,bbr1
0.238,42865,29,25920,31.8,35.8,20.1,104.4,3.0,879971,36047,51,51,bbr1
0.245,44069,30,25920,32.5,37.0,20.1,104.4,3.5,879971,36051,51,51,bbr1
0.251,44069,30,25920,33.1,37.5,20.1,104.4,3.9,879971,36055,51,51,bbr1
0.258,27730,19,25920,32.8,30.4,20.1,104.4,3.6,1099963,36059,51,51,bbr1
0.264,33426,23,23040,32.5,31.0,20.1,104.4,3.1,1099963,36061,51,51,bbr1
0.272,39122,27,27360,32.4,31.2,20.1,104.4,2.7,1099963,36068,51,51,bbr1
0.279,44069,30,28800,32.3,31.5,20.1,104.4,2.2,1099963,36073,51,51,bbr1
0.285,44069,30,30240,32.1,31.3,20.1,104.4,1.9,1099963,36078,51,51,bbr1
0.297,32002,22,27360,32.0,31.0,20.1,104.4,1.4,659978,36083,51,51,bbr1
0.304,37698,26,27360,32.1,32.5,20.1,104.4,1.2,659978,36087,51,51,bbr1
0.310,43394,30,25920,32.3,34.1,20.1,104.4,1.4,659978,36090,51,51,bbr1
0.317,44069,30,24480,32.7,35.7,20.1,104.4,1.9,879971,36093,51,51,bbr1
0.324,44069,30,25920,33.3,37.0,20.1,104.4,2.5,879971,36098,51,51,bbr1
0.331,27730,19,25920,33.3,33.5,20.1,104.4,1.9,879971,36102,51,51,bbr1
0.336,32002,22,24480,33.3,33.7,20.1,104.4,1.5,879971,36104,51,51,bbr1
0.342,37698,26,25920,33.1,31.7,20.1,104.4,1.5,879971,36109,51,51,bbr1
0.350,43394,30,27360,32.9,31.2,20.1,104.4,1.6,879971,36114,51,51,bbr1
0.356,44069,30,27360,32.7,31.4,20.1,104.4,1.6,1099963,36117,51,51,bbr1
0.362,44069,30,28800,32.5,31.1,20.1,104.4,1.6,1099963,36122,51,51,bbr1
0.375,33426,23,24480,32.2,32.1,20.1,104.4,1.3,1099963,36127,51,51,bbr1
0.382,39122,27,28800,32.2,32.4,20.1,104.4,1.1,1099963,36134,51,51,bbr1
0.389,44069,30,30240,32.2,32.1,20.1,104.4,0.8,1099963,36139,51,51,bbr1
0.396,44069,30,31680,32.5,34.5,20.1,104.4,1.2,1099963,36144,51,51,bbr1
0.403,44069,30,34560,32.9,35.6,20.1,104.4,1.7,659978,36149,51,51,bbr1
0.413,33426,23,25920,32.7,33.6,20.1,104.4,1.7,659978,36151,51,51,bbr1
0.422,37698,26,28800,32.9,34.7,20.1,104.4,1.8,879971,36156,51,51,bbr1
0.425,43394,30,25920,33.3,36.1,20.1,104.4,2.1,879971,36158,51,51,bbr1
0.433,44069,30,27360,33.9,37.8,20.1,104.4,2.7,879971,36163,51,51,bbr1
0.440,44069,30,28800,34.5,38.6,20.1,104.4,3.2,879971,36167,51,51,bbr1
0.444,44069,30,27360,35.0,38.8,20.1,104.4,3.5,1099963,36170,51,51,bbr1
0.458,33426,23,23040,34.4,32.2,20.1,104.4,3.0,1099963,36175,51,51,bbr1
0.465,39122,27,27360,34.2,32.7,20.1,104.4,2.7,1099963,36182,51,51,bbr1
0.472,44069,30,28800,34.0,32.3,20.1,104.4,2.5,1099963,36187,51,51,bbr1
0.479,44069,30,30240,33.9,33.4,20.1,104.4,2.0,1099963,36192,51,51,bbr1
0.485,44069,30,33120,34.0,34.6,20.1,104.4,1.7,1099963,36197,51,51,bbr1
0.491,44069,30,33120,33.6,30.6,20.1,104.4,2.1,659978,36201,51,51,bbr1
0.503,33426,23,25920,33.4,33.8,20.1,104.4,1.5,659978,36204,51,51,bbr1
0.511,39122,27,27360,33.7,35.3,20.1,104.4,1.6,879971,36209,51,51,bbr1
0.517,44069,30,25920,34.1,36.7,20.1,104.4,2.0,879971,36212,51,51,bbr1
0.524,44069,30,27360,34.6,38.0,20.1,104.4,2.5,879971,36216,51,51,bbr1
0.530,44069,30,27360,35.2,39.4,20.1,104.4,3.1,879971,36220,51,51,bbr1
0.536,27730,19,27360,34.8,32.0,20.1,104.4,3.1,1099963,36224,51,51,bbr1
0.540,32002,22,24480,34.5,32.7,20.1,104.4,2.8,1099963,36225,51,51,bbr1
0.547,37698,26,27360,34.2,32.3,20.1,104.4,2.7,1099963,36231,51,51,bbr1
0.555,43394,30,30240,34.0,32.6,20.1,104.4,2.4,1099963,36237,51,51,bbr1
0.562,44069,30,31680,33.8,32.3,20.1,104.4,2.2,1099963,36242,51,51,bbr1
0.569,44069,30,33120,33.7,33.1,20.1,104.4,1.8,659978,36247,51,51,bbr1
0.581,32002,22,27360,33.6,33.6,20.1,104.4,1.3,659978,36250,51,51,bbr1
0.588,37698,26,27360,33.8,35.2,20.1,104.4,1.4,659978,36254,51,51,bbr1
0.594,43394,30,25920,34.1,36.6,20.1,104.4,1.8,656271,36257,51,51,bbr1
0.601,43870,30,25920,34.6,37.8,20.1,104.4,2.2,875028,36260,51,51,bbr1
0.605,43870,30,24480,35.2,39.4,20.1,104.4,2.9,875028,36263,51,51,bbr1
0.612,43870,30,25920,35.6,38.7,20.1,104.4,3.0,875028,36267,51,51,bbr1
0.617,27631,19,24480,35.3,33.3,20.1,104.4,2.9,1093785,36270,51,51,bbr1
0.623,33327,23,23040,34.8,31.3,20.1,104.4,3.2,1093785,36273,51,51,bbr1
0.631,39023,27,27360,34.1,29.3,20.1,104.4,3.8,1093785,36280,51,51,bbr1
0.638,43870,30,28800,33.5,29.4,20.1,104.4,4.0,1093785,36285,51,51,bbr1
0.645,43870,30,30240,33.1,29.8,20.1,104.4,3.9,1093785,36290,51,51,bbr1
0.657,33327,23,25920,32.6,31.1,20.1,104.4,3.0,656271,36295,51,51,bbr1
0.666,39023,27,27360,32.7,32.7,20.1,104.4,2.2,656271,36300,51,51,bbr1
0.673,43870,30,25920,32.8,34.2,20.1,104.4,2.0,656271,36303,51,51,bbr1
0.679,43870,30,24480,33.2,35.6,20.1,104.4,2.2,875028,36306,51,51,bbr1
0.686,43870,30,24480,33.7,37.2,20.1,104.4,2.7,875028,36310,51,51,bbr1
0.692,27631,19,24480,33.5,32.2,20.1,104.4,2.4,1093785,36314,51,51,bbr1
0.698,33327,23,23040,33.3,31.7,20.1,104.4,2.2,1093785,36317,51,51,bbr1
0.706,39023,27,27360,32.8,29.6,20.1,104.4,2.6,1093785,36324,51,51,bbr1
0.713,43870,30,28800,32.3,29.0,20.1,104.4,2.9,1093785,36329,51,51,bbr1
0.719,43870,30,30240,31.9,29.2,20.1,104.4,3.0,1093785,36334,51,51,bbr1
0.732,31903,22,27415,31.7,30.8,20.1,104.4,2.1,655288,36340,51,51,bbr1
0.739,37599,26,27415,31.8,32.3,20.1,104.4,1.8,655288,36344,51,51,bbr1
0.745,43295,30,25975,32.0,33.9,20.1,104.4,1.9,655288,36347,51,51,bbr1
0.752,43817,30,24535,32.4,35.3,20.1,104.4,2.2,655288,36350,51,51,bbr1
0.758,43817,30,23095,33.0,36.7,20.1,104.4,2.7,873718,36353,51,51,bbr1
0.764,26219,18,24480,33.6,38.4,20.1,104.4,3.4,873718,36357,51,51,bbr1
0.769,31915,22,21600,33.6,33.0,20.1,104.4,2.7,873750,36359,51,51,bbr1
0.776,37611,26,23040,33.2,31.0,20.1,104.4,2.7,873750,36364,51,51,bbr1
0.784,43307,30,24480,32.7,29.0,20.1,104.4,3.0,873750,36369,51,51,bbr1
0.791,43818,30,24480,32.2,28.6,20.1,104.4,3.3,1092187,36373,51,51,bbr1
0.798,27605,19,25920,31.5,26.8,20.1,104.4,3.8,1092187,36378,51,51,bbr1
0.802,31877,22,24480,31.2,28.6,20.1,104.4,3.6,1092187,36380,51,51,bbr1
0.808,37573,26,27360,30.9,28.7,20.1,104.4,3.3,1092187,36386,51,51,bbr1
0.815,43269,30,28800,30.6,28.9,20.1,104.4,3.0,1092187,36391,51,51,bbr1
0.823,43818,30,31680,30.5,29.5,20.1,104.4,2.5,1092187,36397,51,51,bbr1
0.830,43818,30,33120,30.5,30.8,20.1,104.4,2.0,655312,36402,51,51,bbr1
0.842,33301,23,25920,31.1,33.7,20.1,104.4,2.2,655312,36405,51,51,bbr1
0.850,38997,27,27360,31.6,35.1,20.1,104.4,2.6,873750,36410,51,51,bbr1
0.856,43818,30,25920,32.2,36.6,20.1,104.4,3.2,873750,36413,51,51,bbr1
0.864,43818,30,27360,33.0,38.1,20.1,104.4,3.9,873750,36418,51,51,bbr1
0.869,43818,30,25920,33.7,38.5,20.1,104.4,4.3,873750,36421,51,51,bbr1
0.877,27605,19,27360,33.4,31.9,20.1,104.4,3.7,1092187,36426,51,51,bbr1
0.883,33301,23,23040,33.3,32.1,20.1,104.4,3.1,1092187,36427,51,51,bbr1
0.891,38997,27,27360,33.1,31.7,20.1,104.4,2.7,1092187,36434,51,51,bbr1
0.897,43818,30,28800,33.0,32.4,20.1,104.4,2.2,1092187,36439,51,51,bbr1
0.904,43818,30,30240,32.9,32.6,20.1,104.4,1.7,1092187,36444,51,51,bbr1
0.917,33301,23,25920,32.7,31.2,20.1,104.4,1.4,655312,36449,51,51,bbr1
0.926,38997,27,27360,32.7,32.8,20.1,104.4,1.1,655312,36454,51,51,bbr1
0.932,43818,30,25920,32.9,34.2,20.1,104.4,1.2,655312,36457,51,51,bbr1
0.938,43818,30,24480,33.3,35.7,20.1,104.4,1.6,873750,36460,51,51,bbr1
0.945,43818,30,24480,33.8,37.2,20.1,104.4,2.2,873750,36464,51,51,bbr1
0.952,27605,19,24480,33.5,32.0,20.1,104.4,2.1,873750,36468,51,51,bbr1
0.958,33301,23,23040,33.3,31.9,20.1,104.4,2.0,873750,36471,51,51,bbr1
0.965,38997,27,24480,32.9,29.6,20.1,104.4,2.4,873750,36476,51,51,bbr1
0.971,43818,30,24480,32.4,29.2,20.1,104.4,2.7,1092187,36480,51,51,bbr1
0.979,43818,30,27360,32.0,29.6,20.1,104.4,2.7,1092187,36486,51,51,bbr1
0.991,33301,23,23040,31.5,29.8,20.1,104.4,2.6,1092187,36491,51,51,bbr1
0.998,38997,27,25920,31.3,29.9,20.1,104.4,2.3,1092187,36497,51,51,bbr1
1.006,43818,30,28800,31.2,30.9,20.1,104.4,1.8,1092187,36503,51,51,bbr1
1.013,43818,30,30240,31.4,32.5,20.1,104.4,1.7,1092187,36508,51,51,bbr1
1.019,43818,30,31680,31.7,34.2,20.1,104.4,2.0,1092187,36513,51,51,bbr1
1.026,43818,30,33120,31.6,31.1,20.1,104.4,1.6,655312,36518,51,51,bbr1
1.039,33301,23,25920,32.0,34.1,20.1,104.4,1.7,655312,36521,51,51,bbr1
1.047,38997,27,27360,32.5,35.6,20.1,104.4,2.1,873750,36526,51,51,bbr1
1.053,43818,30,27360,33.1,37.1,20.1,104.4,2.8,873750,36530,51,51,bbr1
1.060,43818,30,27360,33.7,38.5,20.1,104.4,3.4,873750,36534,51,51,bbr1
1.066,43818,30,27360,34.4,39.3,20.1,104.4,4.0,1092187,36538,51,51,bbr1
1.080,33301,23,23040,34.0,32.6,20.1,104.4,3.0,1092187,36543,51,51,bbr1
1.086,38997,27,25920,33.8,32.6,20.1,104.4,2.6,1092187,36549,51,51,bbr1
1.094,43818,30,28800,33.6,32.4,20.1,104.4,2.3,1092187,36555,51,51,bbr1
1.101,43818,30,30240,33.6,33.2,20.1,104.4,1.8,1092187,36560,51,51,bbr1
1.107,43818,30,31680,33.7,34.5,20.1,104.4,1.6,1092187,36565,51,51,bbr1
1.115,43818,30,33120,33.3,30.7,20.1,104.4,1.9,655312,36571,51,51,bbr1
1.127,33301,23,25920,33.3,33.7,20.1,104.4,1.4,635979,36574,51,51,bbr1
1.133,38997,27,25920,33.5,35.2,20.1,104.4,1.5,635979,36578,51,51,bbr1
1.140,42781,29,24480,33.9,36.7,20.1,104.4,2.0,635979,36581,51,51,bbr1
1.147,42781,29,24480,34.4,37.8,20.1,104.4,2.4,847972,36584,51,51,bbr1
1.153,42781,29,24480,35.0,39.3,20.1,104.4,3.1,847972,36588,51,51,bbr1
1.160,27086,18,24480,34.7,32.4,20.1,104.4,2.9,1059965,36592,51,51,bbr1
1.164,31358,21,23040,34.4,32.6,20.1,104.4,2.7,1059965,36594,51,51,bbr1
1.171,37054,25,25920,33.9,30.4,20.1,104.4,3.0,1059965,36600,51,51,bbr1
1.178,42750,29,27360,33.3,29.3,20.1,104.4,3.4,1059965,36605,51,51,bbr1
1.184,42781,29,28800,32.8,28.8,20.1,104.4,3.7,1059965,36610,51,51,bbr1
1.191,42697,29,30240,32.4,29.4,20.1,104.4,3.6,1057372,36615,51,51,bbr1
1.205,32740,22,25920,32.2,32.3,20.1,104.4,2.3,634423,36620,51,51,bbr1
1.211,38436,26,25920,32.4,33.6,20.1,104.4,2.1,634423,36624,51,51,bbr1
1.218,42697,29,24480,32.7,34.9,20.1,104.4,2.2,634423,36627,51,51,bbr1
1.225,42697,29,23040,33.1,36.2,20.1,104.4,2.6,845898,36630,51,51,bbr1
1.232,42697,29,23040,33.7,37.7,20.1,104.4,3.0,845898,36634,51,51,bbr1
1.238,27044,18,23040,33.5,32.1,20.1,104.4,2.7,845898,36638,51,51,bbr1
1.245,32740,22,21600,33.2,31.4,20.1,104.4,2.5,845898,36641,51,51,bbr1
1.252,38436,26,23040,32.7,29.2,20.1,104.4,2.9,845898,36646,51,51,bbr1
1.259,42697,29,23040,32.3,29.0,20.1,104.4,3.1,1057372,36650,51,51,bbr1
1.267,42697,29,25920,31.9,29.1,20.1,104.4,3.1,1057372,36656,51,51,bbr1
1.278,31316,21,23040,30.9,28.6,20.1,104.4,3.3,1057372,36661,51,51,bbr1
1.285,37012,25,25920,30.6,28.6,20.1,104.4,3.1,1057372,36667,51,51,bbr1
1.292,42697,29,27360,30.5,29.6,20.1,104.4,2.6,1057372,36672,51,51,bbr1
1.299,42697,29,28800,30.5,30.9,20.1,104.4,2.0,1057372,36677,51,51,bbr1
1.306,42697,29,30240,30.7,32.2,20.1,104.4,1.9,1057372,36682,51,51,bbr1
1.313,42866,29,31680,30.7,30.6,20.1,104.4,1.5,637573,36687,51,51,bbr1
1.325,32825,22,24480,31.1,32.7,20.1,104.4,1.5,637573,36690,51,51,bbr1
1.331,38521,26,24480,31.5,34.6,20.1,104.4,2.0,850098,36694,51,51,bbr1
1.339,42866,29,25920,32.1,35.9,20.1,104.4,2.6,850098,36699,51,51,bbr1
1.346,42866,29,25920,32.7,37.2,20.1,104.4,3.2,850098,36703,51,51,bbr1
1.353,42866,29,25920,33.2,36.5,20.1,104.4,3.4,1062622,36707,51,51,bbr1
1.364,31401,21,23040,32.6,31.0,20.1,104.4,2.9,1062622,36712,51,51,bbr1
1.370,37097,25,25920,32.4,31.0,20.1,104.4,2.6,1062622,36718,51,51,bbr1
1.377,42793,29,27360,32.2,31.0,20.1,104.4,2.3,1062622,36723,51,51,bbr1
1.384,42866,29,28800,32.1,31.0,20.1,104.4,2.0,1062622,36728,51,51,bbr1
1.392,42866,29,31680,32.2,32.9,20.1,104.4,1.7,1062622,36734,51,51,bbr1
1.399,42866,29,33120,32.0,30.7,20.1,104.4,1.6,637573,36738,51,51,bbr1
1.409,32825,22,24480,32.2,33.4,20.1,104.4,1.3,637573,36740,51,51,bbr1
0.849,38521,26,24480,32.5,34.8,20.1,104.4,1.6,850098,36744,51,51,bbr1
0.007,29851,20,0,33.4,30.4,20.1,104.4,3.1,1096058,36745,51,51,bbr1
0.033,36971,25,23040,32.2,23.8,20.1,104.4,4.7,1096058,36766,51,51,bbr1
0.039,42667,29,25920,31.3,25.2,20.1,104.4,5.3,1096058,36772,51,51,bbr1
0.047,43943,30,28800,30.7,26.7,20.1,104.4,5.1,1096058,36778,51,51,bbr1
0.054,43943,30,30240,30.4,28.3,20.1,104.4,4.4,1096058,36783,51,51,bbr1
0.061,43943,30,31680,30.3,29.8,20.1,104.4,3.5,1096058,36788,51,51,bbr1
0.068,43943,30,33120,30.4,31.0,20.1,104.4,2.8,657635,36793,51,51,bbr1
0.074,43943,30,31680,30.7,32.6,20.1,104.4,2.6,657635,36796,51,51,bbr1
0.081,43943,30,31680,31.1,33.7,20.1,104.4,2.7,657635,36799,51,51,bbr1
0.085,43943,30,28800,31.6,35.2,20.1,104.4,3.1,657635,36801,51,51,bbr1
0.092,43943,30,27360,32.2,36.6,20.1,104.4,3.6,657635,36804,51,51,bbr1
0.101,43943,30,27360,32.9,37.8,20.1,104.4,4.1,657635,36808,51,51,bbr1
0.108,43943,30,25920,33.8,39.8,20.1,104.4,4.8,657635,36811,51,51,bbr1
0.113,43943,30,24480,34.3,37.8,20.1,104.4,4.6,876847,36814,51,51,bbr1
0.120,43997,30,24480,34.4,35.6,20.1,104.4,3.8,878176,36818,51,51,bbr1
0.127,43997,30,24480,34.4,33.8,20.1,104.4,3.0,878176,36822,51,51,bbr1
0.133,43997,30,24480,34.0,31.7,20.1,104.4,2.9,878176,36826,51,51,bbr1
0.139,43997,30,24480,33.5,29.5,20.1,104.4,3.3,878176,36830,51,51,bbr1
0.146,27694,19,24480,32.9,28.9,20.1,104.4,3.6,1097720,36834,51,51,bbr1
0.153,33390,23,23040,32.4,29.3,20.1,104.4,3.6,1097720,36837,51,51,bbr1
0.161,39086,27,27360,32.1,29.4,20.1,104.4,3.5,1097720,36844,51,51,bbr1
0.168,43997,30,28800,31.8,30.2,20.1,104.4,3.1,1097720,36849,51,51,bbr1
0.174,43997,30,30240,31.6,30.4,20.1,104.4,2.7,1097720,36854,51,51,bbr1
0.185,31966,22,27360,31.5,30.7,20.1,104.4,1.8,658632,36859,51,51,bbr1
0.192,37662,26,27360,31.6,32.3,20.1,104.4,1.6,658632,36863,51,51,bbr1
0.201,43358,30,27360,31.8,33.8,20.1,104.4,1.7,658632,36867,51,51,bbr1
0.207,43997,30,25920,32.3,35.3,20.1,104.4,2.1,658632,36870,51,51,bbr1
0.213,43997,30,24480,32.8,36.7,20.1,104.4,2.7,878176,36873,51,51,bbr1
0.219,27694,19,24480,33.0,33.9,20.1,104.4,2.3,1097720,36877,51,51,bbr1
0.224,31966,22,24480,33.1,34.5,20.1,104.4,2.1,1097720,36880,51,51,bbr1
0.231,37662,26,27360,33.1,32.6,20.1,104.4,1.7,1097720,36886,51,51,bbr1
0.238,43358,30,28800,32.7,30.1,20.1,104.4,2.0,1097720,36891,51,51,bbr1
0.245,43997,30,31680,32.3,29.7,20.1,104.4,2.3,1097720,36897,51,51,bbr1
0.253,43997,30,33120,32.1,30.6,20.1,104.4,2.1,658632,36902,51,51,bbr1
0.265,33390,23,25920,32.3,33.6,20.1,104.4,1.6,658632,36905,51,51,bbr1
0.273,39086,27,27360,32.7,35.2,20.1,104.4,1.9,878176,36910,51,51,bbr1
0.279,43997,30,27360,33.2,36.7,20.1,104.4,2.4,878176,36914,51,51,bbr1
0.286,43997,30,27360,33.8,38.2,20.1,104.4,3.1,878176,36918,51,51,bbr1
0.293,43997,30,27360,34.4,38.4,20.1,104.4,3.5,878176,36922,51,51,bbr1
0.299,27694,19,27360,34.1,32.1,20.1,104.4,3.2,1097720,36926,51,51,bbr1
0.305,31966,22,24480,33.8,32.2,20.1,104.4,2.8,1097720,36927,51,51,bbr1
0.310,37662,26,25920,33.7,32.4,20.1,104.4,2.5,1097720,36932,51,51,bbr1
0.318,43358,30,28800,33.5,32.2,20.1,104.4,2.2,1097720,36938,51,51,bbr1
0.325,43997,30,30240,33.3,32.3,20.1,104.4,2.0,1097720,36943,51,51,bbr1
0.331,43997,30,30240,33.3,33.1,20.1,104.4,1.5,1097720,36947,51,51,bbr1
0.344,31966,22,27360,32.9,32.0,20.1,104.4,1.6,658632,36952,51,51,bbr1
0.351,37662,26,27360,33.0,33.6,20.1,104.4,1.4,658632,36956,51,51,bbr1
0.357,41934,29,27360,33.2,34.7,20.1,104.4,1.4,658632,36959,51,51,bbr1
0.362,43997,30,24480,33.5,36.2,20.1,104.4,1.8,658632,36961,51,51,bbr1
0.368,43997,30,23040,34.0,36.8,20.1,104.4,2.2,878176,36964,51,51,bbr1
0.376,43997,30,25920,34.5,38.0,20.1,104.4,2.7,878176,36969,51,51,bbr1
0.381,27694,19,24480,34.3,33.3,20.1,104.4,2.3,1097720,36972,51,51,bbr1
0.387,31966,22,24480,34.0,31.8,20.1,104.4,2.3,1097720,36975,51,51,bbr1
0.392,37662,26,25920,33.4,29.3,20.1,104.4,2.9,1097720,36980,51,51,bbr1
0.398,43358,30,27360,32.9,29.0,20.1,104.4,3.3,1097720,36985,51,51,bbr1
0.406,43997,30,30240,32.4,29.2,20.1,104.4,3.4,1097720,36991,51,51,bbr1
0.413,43997,30,31680,32.1,29.9,20.1,104.4,3.2,1097720,36996,51,51,bbr1
0.426,33390,23,27360,32.0,32.4,20.1,104.4,2.1,658632,37001,51,51,bbr1
0.434,39086,27,28800,32.2,33.8,20.1,104.4,2.0,658632,37006,51,51,bbr1
0.441,43997,30,27360,32.6,35.4,20.1,104.4,2.3,658632,37009,51,51,bbr1
0.448,43997,30,25920,33.2,36.9,20.1,104.4,2.8,658632,37012,51,51,bbr1
0.454,43997,30,24480,33.8,38.4,20.1,104.4,3.4,878176,37015,51,51,bbr1
0.460,27694,19,24480,33.8,33.8,20.1,104.4,2.6,1097720,37019,51,51,bbr1
0.465,31966,22,24480,33.9,34.5,20.1,104.4,2.1,1097720,37022,51,51,bbr1
0.472,37662,26,27360,33.7,32.5,20.1,104.4,1.9,1089866,37028,51,51,bbr1
0.478,43358,30,28800,33.3,30.0,20.1,104.4,2.3,1089866,37033,51,51,bbr1
0.485,43744,30,31680,32.8,29.4,20.1,104.4,2.7,1089866,37038,51,51,bbr1
0.491,43744,30,31680,32.4,30.1,20.1,104.4,2.7,653919,37042,51,51,bbr1
0.503,31840,22,25975,32.4,32.7,20.1,104.4,1.8,653919,37046,51,51,bbr1
0.510,37536,26,25975,32.6,34.3,20.1,104.4,1.8,871893,37050,51,51,bbr1
0.516,43232,30,25975,33.0,35.8,20.1,104.4,2.1,871893,37054,51,51,bbr1
0.523,44002,30,25975,33.5,37.2,20.1,104.4,2.6,878305,37058,51,51,bbr1
0.529,44002,30,25975,34.1,37.8,20.1,104.4,3.0,1097881,37062,51,51,bbr1
0.543,33432,23,23040,33.4,31.4,20.1,104.4,2.9,1097881,37068,51,51,bbr1
0.550,39128,27,27360,33.1,31.5,20.1,104.4,2.6,1097881,37075,51,51,bbr1
0.557,44002,30,28800,32.9,31.3,20.1,104.4,2.4,1097881,37080,51,51,bbr1
0.564,44002,30,30240,32.9,32.6,20.1,104.4,1.9,1097881,37085,51,51,bbr1
0.570,44002,30,31680,33.0,34.2,20.1,104.4,1.8,1097881,37090,51,51,bbr1
0.577,44002,30,33120,32.8,31.2,20.1,104.4,1.8,658728,37095,51,51,bbr1
0.590,33393,23,25920,33.0,34.2,20.1,104.4,1.4,658728,37098,51,51,bbr1
0.597,39089,27,25920,33.3,35.7,20.1,104.4,1.7,878305,37102,51,51,bbr1
0.605,44002,30,27360,33.8,37.3,20.1,104.4,2.3,878305,37107,51,51,bbr1
0.611,44002,30,27360,34.4,38.8,20.1,104.4,3.0,878305,37111,51,51,bbr1
0.617,44002,30,27360,35.1,39.5,20.1,104.4,3.5,1097881,37115,51,51,bbr1
0.631,33393,23,24480,34.4,32.8,20.1,104.4,3.0,1097881,37121,51,51,bbr1
0.638,39089,27,28800,34.2,32.8,20.1,104.4,2.7,1097881,37128,51,51,bbr1
0.645,44002,30,30240,34.0,32.7,20.1,104.4,2.4,1097881,37133,51,51,bbr1
0.652,44002,30,31680,34.0,33.8,20.1,104.4,1.9,1097881,37138,51,51,bbr1
0.659,44002,30,33120,34.2,35.2,20.1,104.4,1.7,658728,37143,51,51,bbr1
0.671,33393,23,25920,34.0,34.0,20.1,104.4,1.3,658728,37146,51,51,bbr1
0.679,39089,27,27360,34.2,35.5,20.1,104.4,1.3,878305,37151,51,51,bbr1
0.685,43361,30,27360,34.5,36.6,20.1,104.4,1.6,878305,37154,51,51,bbr1
0.691,44002,30,27360,34.9,37.7,20.1,104.4,2.0,878305,37158,51,51,bbr1
0.698,44002,30,27360,35.5,39.7,20.1,104.4,2.7,878305,37162,51,51,bbr1
0.704,27697,19,27360,35.1,32.2,20.1,104.4,2.9,878305,37166,51,51,bbr1
0.709,31969,22,24480,34.8,32.8,20.1,104.4,2.7,878305,37167,51,51,bbr1
0.717,37665,26,27360,34.5,32.6,20.1,104.4,2.6,878305,37173,51,51,bbr1
0.722,43361,30,25920,34.3,32.8,20.1,104.4,2.4,878305,37176,51,51,bbr1
0.730,44002,30,27360,34.1,33.0,20.1,104.4,2.1,1097881,37181,51,51,bbr1
0.737,44002,30,28800,34.0,33.2,20.1,104.4,1.8,1097881,37186,51,51,bbr1
0.749,33393,23,24480,33.5,32.3,20.1,104.4,1.8,1097881,37191,51,51,bbr1
0.757,39089,27,28800,33.4,32.5,20.1,104.4,1.6,1097881,37198,51,51,bbr1
0.764,44002,30,30240,33.3,32.7,20.1,104.4,1.4,1097881,37203,51,51,bbr1
0.771,44002,30,31680,33.5,34.6,20.1,104.4,1.4,1097881,37208,51,51,bbr1
0.778,44002,30,33120,33.8,36.1,20.1,104.4,1.7,658728,37213,51,51,bbr1
0.790,33393,23,25920,33.7,34.0,20.1,104.4,1.3,658728,37216,51,51,bbr1
0.799,39089,27,27360,33.9,35.6,20.1,104.4,1.4,878305,37221,51,51,bbr1
0.805,44002,30,27360,34.3,37.1,20.1,104.4,1.9,878305,37225,51,51,bbr1
0.811,44002,30,27360,34.8,38.4,20.1,104.4,2.4,878305,37229,51,51,bbr1
0.818,44002,30,27360,35.4,39.3,20.1,104.4,3.0,878305,37233,51,51,bbr1
0.825,44002,30,27360,35.0,32.1,20.1,104.4,3.0,878305,37237,51,51,bbr1
0.831,27697,19,27360,34.6,31.8,20.1,104.4,3.1,878305,37241,51,51,bbr1
0.837,33393,23,23040,34.3,32.5,20.1,104.4,2.8,878305,37242,51,51,bbr1
0.844,39089,27,24480,34.1,32.6,20.1,104.4,2.5,878305,37247,51,51,bbr1
0.851,44002,30,24480,33.9,32.6,20.1,104.4,2.3,1097881,37251,51,51,bbr1
0.858,44002,30,27360,33.8,32.6,20.1,104.4,2.0,1097881,37257,51,51,bbr1
0.871,33393,23,23040,33.3,30.4,20.1,104.4,2.1,1053253,37262,51,51,bbr1
0.878,39089,27,25920,32.9,30.2,20.1,104.4,2.3,1053253,37268,51,51,bbr1
0.885,42564,29,27360,32.7,31.6,20.1,104.4,2.1,1053253,37273,51,51,bbr1
0.892,42564,29,28800,32.8,33.4,20.1,104.4,1.7,1053253,37278,51,51,bbr1
0.898,42564,29,30240,33.1,34.9,20.1,104.4,1.8,1053253,37283,51,51,bbr1
0.906,42564,29,31680,32.8,31.0,20.1,104.4,1.9,631952,37288,51,51,bbr1
0.919,32674,22,24480,32.9,33.7,20.1,104.4,1.4,631952,37291,51,51,bbr1
0.925,38370,26,24480,33.2,35.0,20.1,104.4,1.5,842603,37295,51,51,bbr1
0.932,42564,29,24480,33.5,36.2,20.1,104.4,1.9,842603,37299,51,51,bbr1
0.939,42564,29,24480,34.0,37.6,20.1,104.4,2.4,842603,37303,51,51,bbr1
0.946,42564,29,24480,34.4,37.1,20.1,104.4,2.6,842603,37307,51,51,bbr1
0.952,26978,18,24480,34.1,31.5,20.1,104.4,2.7,842603,37311,51,51,bbr1
0.959,32674,22,21600,33.6,30.3,20.1,104.4,3.0,842603,37313,51,51,bbr1
0.966,38370,26,23040,33.2,30.4,20.1,104.4,3.0,842603,37318,51,51,bbr1
0.973,42564,29,23040,32.8,30.3,20.1,104.4,3.0,842603,37322,51,51,bbr1
0.980,42564,29,23040,32.5,30.3,20.1,104.4,2.8,842603,37326,51,51,bbr1
0.986,26978,18,23040,31.8,26.9,20.1,104.4,3.5,1053253,37330,51,51,bbr1
0.991,31250,21,23040,31.4,28.5,20.1,104.4,3.5,1053253,37333,51,51,bbr1
0.999,36946,25,25920,31.0,28.5,20.1,104.4,3.3,1053253,37339,51,51,bbr1
1.006,42564,29,27360,30.7,28.4,20.1,104.4,3.2,1053253,37344,51,51,bbr1
1.013,42564,29,28800,30.4,28.4,20.1,104.4,3.0,1053253,37349,51,51,bbr1
1.025,32674,22,24480,30.3,30.6,20.1,104.4,1.9,631952,37354,51,51,bbr1
1.032,38370,26,24480,30.5,31.6,20.1,104.4,1.8,631952,37358,51,51,bbr1
1.039,42564,29,23040,30.8,32.7,20.1,104.4,1.9,631952,37361,51,51,bbr1
1.046,42564,29,21600,31.2,34.5,20.1,104.4,2.4,842603,37364,51,51,bbr1
1.052,42564,29,21600,31.8,35.9,20.1,104.4,2.9,842603,37368,51,51,bbr1
1.059,26978,18,21600,31.8,31.6,20.1,104.4,2.3,842603,37372,51,51,bbr1
1.066,32674,22,21600,31.5,29.2,20.1,104.4,2.3,842603,37376,51,51,bbr1
1.073,38370,26,21600,30.9,27.0,20.1,104.4,2.9,842603,37380,51,51,bbr1
1.079,42564,29,21600,30.4,26.9,20.1,104.4,3.1,842603,37384,51,51,bbr1
1.086,42564,29,21600,30.0,26.9,20.1,104.4,3.2,842603,37388,51,51,bbr1
1.093,26978,18,21600,29.6,27.0,20.1,104.4,3.2,842603,37392,51,51,bbr1
1.100,32674,22,21600,29.3,26.9,20.1,104.4,3.0,842603,37396,51,51,bbr1
1.107,38370,26,21600,29.0,27.1,20.1,104.4,2.8,842603,37400,51,51,bbr1
1.114,42564,29,21600,28.8,27.1,20.1,104.4,2.6,842603,37404,51,51,bbr1
1.120,42564,29,21600,28.5,27.0,20.1,104.4,2.4,842603,37408,51,51,bbr1
1.127,25554,17,23040,28.3,26.5,20.1,104.4,2.3,1053253,37412,51,51,bbr1
1.132,31250,21,20160,28.1,26.5,20.1,104.4,2.2,1053253,37414,51,51,bbr1
1.139,36946,25,23040,27.8,26.4,20.1,104.4,2.0,1053253,37420,51,51,bbr1
1.146,42564,29,24480,27.7,26.4,20.1,104.4,1.9,1053253,37425,51,51,bbr1
1.152,42564,29,25920,27.5,26.3,20.1,104.4,1.8,1053253,37430,51,51,bbr1
1.166,31250,21,23040,27.3,28.0,20.1,104.4,1.6,1053253,37435,51,51,bbr1
1.171,36946,25,24480,27.6,29.3,20.1,104.4,1.7,1052942,37440,51,51,bbr1
1.178,41218,28,27360,27.9,30.3,20.1,104.4,2.0,1052942,37445,51,51,bbr1
1.184,42554,29,27360,28.4,31.6,20.1,104.4,2.4,1052942,37449,51,51,bbr1
1.191,42554,29,28800,28.9,32.9,20.1,104.4,2.9,1052942,37454,51,51,bbr1
1.197,42562,29,31680,28.7,27.0,20.1,104.4,2.7,1053185,37459,51,51,bbr1
1.202,42562,29,30240,28.9,30.0,20.1,104.4,2.3,631911,37462,51,51,bbr1
1.215,32673,22,23040,29.6,32.7,20.1,104.4,2.7,657213,37465,51,51,bbr1
1.223,38369,26,24480,30.2,34.0,20.1,104.4,3.1,876284,37470,51,51,bbr1
1.229,43920,30,23040,30.8,35.3,20.1,104.4,3.6,876284,37473,51,51,bbr1
1.236,43920,30,24480,31.5,36.5,20.1,104.4,4.1,876284,37478,51,51,bbr1
1.242,43920,30,24480,32.0,35.6,20.1,104.4,4.1,876284,37481,51,51,bbr1
1.248,43920,30,25920,31.6,28.6,20.1,104.4,4.0,876284,37485,51,51,bbr1
1.253,27656,19,24480,31.3,28.9,20.1,104.4,3.6,876284,37488,51,51,bbr1
1.259,33352,23,23040,31.0,28.9,20.1,104.4,3.3,876284,37491,51,51,bbr1
1.266,39048,27,24480,30.7,29.2,20.1,104.4,2.9,876284,37496,51,51,bbr1
1.273,43920,30,24480,30.6,29.3,20.1,104.4,2.6,876284,37500,51,51,bbr1
1.279,43920,30,24480,30.4,29.5,20.1,104.4,2.2,876284,37504,51,51,bbr1
1.291,31928,22,21600,30.3,29.9,20.1,104.4,1.5,1095355,37509,51,51,bbr1
1.299,37624,26,25920,30.2,29.6,20.1,104.4,1.3,1095355,37516,51,51,bbr1
1.306,43320,30,27360,30.2,29.9,20.1,104.4,1.0,1095355,37521,51,51,bbr1
0.006,3072,2,0,30.8,32.9,20.1,104.4,1.4,1095355,37523,52,52,bbr1
0.008,5760,4,0,30.4,27.2,20.1,104.4,2.0,1095355,37525,52,52,bbr1
0.034,12880,8,0,29.5,23.7,20.1,104.4,3.2,1095355,37530,52,52,bbr1
0.059,20000,13,5760,28.5,21.5,20.1,104.4,4.4,1095355,37539,52,52,bbr1
0.066,25696,17,8640,27.8,22.8,20.1,104.4,4.7,1095355,37545,52,52,bbr1
0.084,32816,22,18720,27.0,21.2,20.1,104.4,5.2,1095355,37557,52,52,bbr1
0.091,38512,26,21600,26.5,22.7,20.1,104.4,4.9,1095355,37563,52,52,bbr1
0.099,42784,29,25920,26.1,23.8,20.1,104.4,4.4,1095355,37569,52,52,bbr1
0.103,43920,30,24480,26.0,25.3,20.1,104.4,3.5,1095355,37572,52,52,bbr1
0.111,43920,30,27360,25.7,23.4,20.1,104.4,3.2,1095355,37578,52,52,bbr1
0.117,43920,30,28800,25.8,26.6,20.1,104.4,2.7,1095355,37583,52,52,bbr1
0.124,43920,30,30240,26.1,28.2,20.1,104.4,2.6,1095355,37588,52,52,bbr1
0.131,44251,30,31680,26.6,29.7,20.1,104.4,2.8,1105623,37593,52,52,bbr1
0.138,44251,30,33120,27.1,31.1,20.1,104.4,3.3,663374,37598,52,52,bbr1
0.144,44251,30,33120,27.8,32.3,20.1,104.4,3.7,663374,37601,52,52,bbr1
0.149,44251,30,30240,28.5,33.9,20.1,104.4,4.3,663374,37603,52,52,bbr1
0.157,44251,30,30240,29.4,35.4,20.1,104.4,5.0,663374,37607,52,52,bbr1
0.164,44251,30,28800,30.3,36.6,20.1,104.4,5.5,663374,37610,52,52,bbr1
0.170,44251,30,27360,31.2,37.8,20.1,104.4,6.0,663374,37613,52,52,bbr1
0.177,44251,30,25920,32.3,40.0,20.1,104.4,6.7,663374,37616,52,52,bbr1
0.183,44251,30,24480,33.0,37.9,20.1,104.4,6.4,884499,37619,52,52,bbr1
0.189,44251,30,24480,33.4,36.1,20.1,104.4,5.6,884499,37623,52,52,bbr1
0.196,44251,30,25920,33.6,34.6,20.1,104.4,4.5,884499,37627,52,52,bbr1
0.201,44251,30,24480,33.4,32.5,20.1,104.4,3.6,884499,37630,52,52,bbr1
0.209,44251,30,25920,33.1,30.9,20.1,104.4,3.4,884499,37635,52,52,bbr1
0.216,27821,19,25920,32.7,29.6,20.1,104.4,3.4,884499,37639,52,52,bbr1
0.221,33517,23,23040,32.3,29.8,20.1,104.4,3.3,884499,37641,52,52,bbr1
0.230,37789,26,27360,32.1,30.5,20.1,104.4,2.9,884499,37647,52,52,bbr1
0.234,43485,30,25920,31.9,30.8,20.1,104.4,2.5,884499,37650,52,52,bbr1
0.241,44251,30,27360,31.8,30.5,20.1,104.4,2.2,1105623,37654,52,52,bbr1
0.246,44251,30,27360,31.6,30.7,20.1,104.4,1.9,1105623,37658,52,52,bbr1
0.259,33517,23,23040,31.2,30.7,20.1,104.4,1.8,1105623,37663,52,52,bbr1
0.267,39213,27,27360,31.2,30.9,20.1,104.4,1.4,1105623,37670,52,52,bbr1
0.273,44251,30,28800,31.2,31.1,20.1,104.4,1.1,1105623,37675,52,52,bbr1
0.280,44251,30,28800,31.5,34.0,20.1,104.4,1.5,1105623,37679,52,52,bbr1
0.287,44251,30,31680,31.9,34.7,20.1,104.4,1.9,1105623,37685,52,52,bbr1
0.295,44251,30,33120,31.8,31.1,20.1,104.4,1.6,663374,37690,52,52,bbr1
0.307,33517,23,25920,32.2,34.3,20.1,104.4,1.7,663374,37693,52,52,bbr1
0.313,39213,27,25920,32.7,35.8,20.1,104.4,2.2,884499,37697,52,52,bbr1
0.320,44251,30,25920,33.2,36.6,20.1,104.4,2.6,884499,37701,52,52,bbr1
0.328,44251,30,27360,33.8,38.2,20.1,104.4,3.2,884499,37706,52,52,bbr1
0.333,44251,30,25920,34.4,38.5,20.1,104.4,3.6,884499,37709,52,52,bbr1
0.341,27821,19,27360,34.0,31.0,20.1,104.4,3.5,1105623,37714,52,52,bbr1
0.347,33517,23,23040,33.6,31.4,20.1,104.4,3.3,1105623,37715,52,52,bbr1
0.355,39213,27,27360,33.6,33.4,20.1,104.4,2.5,1105623,37722,52,52,bbr1
0.361,44251,30,28800,33.5,32.4,20.1,104.4,2.2,1105623,37727,52,52,bbr1
0.368,44251,30,30240,33.4,32.7,20.1,104.4,1.9,1105623,37732,52,52,bbr1
0.381,33517,23,25975,33.0,31.2,20.1,104.4,1.7,663374,37738,52,52,bbr1
0.389,39213,27,27415,32.9,32.0,20.1,104.4,1.5,663374,37743,52,52,bbr1
0.007,3072,2,0,33.2,31.5,20.1,104.4,2.0,884499,37746,53,53,bbr1
0.007,5760,4,0,32.6,27.9,20.1,104.4,2.9,884499,37748,53,53,bbr1
0.032,5760,4,0,31.4,22.9,20.1,104.4,4.5,884499,37753,53,53,bbr1
0.058,5760,4,0,30.0,20.4,20.1,104.4,6.2,884499,37758,53,53,bbr1
0.083,5760,4,1440,28.7,20.1,20.1,104.4,7.1,884499,37763,53,53,bbr1
0.088,5760,4,5760,28.3,25.2,20.1,104.4,6.2,884499,37767,53,53,bbr1
0.109,5760,4,1440,27.3,20.3,20.1,104.4,6.7,877657,37768,53,53,bbr1
0.114,5760,4,5760,26.4,20.2,20.1,104.4,6.8,877657,37772,53,53,bbr1
0.134,5760,4,1440,25.6,20.2,20.1,104.4,6.6,877657,37773,53,53,bbr1
0.139,5760,4,5760,25.0,20.3,20.1,104.4,6.3,877657,37777,53,53,bbr1
0.159,5760,4,1440,24.4,20.2,20.1,104.4,5.9,877657,37778,53,53,bbr1
0.165,5760,4,5760,23.8,20.1,20.1,104.4,5.5,877657,37782,53,53,bbr1
0.185,11456,7,1440,23.4,20.2,20.1,104.4,5.0,877657,37783,53,53,bbr1
0.190,12880,8,5760,23.0,20.2,20.1,104.4,4.6,877657,37787,53,53,bbr1
0.210,20000,13,5760,22.6,20.2,20.1,104.4,4.1,877657,37792,53,53,bbr1
0.218,24272,16,10080,22.4,20.4,20.1,104.4,3.7,877657,37798,53,53,bbr1
0.223,25696,17,12960,22.1,20.2,20.1,104.4,3.3,877657,37801,53,53,bbr1
0.237,31392,21,18720,21.8,20.2,20.1,104.4,2.9,877657,37809,53,53,bbr1
0.241,37088,25,17280,21.6,20.2,20.1,104.4,2.6,877657,37812,53,53,bbr1
0.248,42784,29,17280,21.5,20.6,20.1,104.4,2.2,877657,37816,53,53,bbr1
0.255,43949,30,17280,21.4,20.7,20.1,104.4,1.9,877657,37820,53,53,bbr1
0.261,43949,30,17280,21.3,20.6,20.1,104.4,1.6,1097071,37824,53,53,bbr1
0.269,43949,30,20160,21.2,20.8,20.1,104.4,1.3,1097071,37830,53,53,bbr1
0.276,43949,30,21600,21.3,21.4,20.1,104.4,1.1,1097071,37835,53,53,bbr1
0.282,43949,30,23040,21.2,21.1,20.1,104.4,0.8,1097071,37840,53,53,bbr1
0.288,43035,29,25920,21.4,22.8,20.1,104.4,1.0,1068667,37845,53,53,bbr1
0.294,43035,29,25920,21.8,24.4,20.1,104.4,1.5,1068667,37849,53,53,bbr1
0.301,43035,29,27360,22.3,25.8,20.1,104.4,2.1,1068667,37854,53,53,bbr1
0.308,43035,29,28800,22.9,27.3,20.1,104.4,2.8,1068667,37859,53,53,bbr1
0.314,43035,29,30240,23.7,28.7,20.1,104.4,3.6,1068667,37864,53,53,bbr1
0.321,44167,30,31680,24.5,30.3,20.1,104.4,4.3,1103841,37869,53,53,bbr1
0.328,44167,30,33120,25.4,31.6,20.1,104.4,5.0,662304,37874,53,53,bbr1
0.335,44167,30,31680,26.3,32.7,20.1,104.4,5.6,662304,37877,53,53,bbr1
0.342,44167,30,30240,27.3,34.5,20.1,104.4,6.3,662304,37880,53,53,bbr1
0.348,44167,30,28800,28.4,35.8,20.1,104.4,6.8,662304,37883,53,53,bbr1
0.354,44167,30,27360,29.5,37.1,20.1,104.4,7.3,662304,37886,53,53,bbr1
0.363,44167,30,27360,30.6,38.3,20.1,104.4,7.7,662304,37890,53,53,bbr1
0.370,44167,30,27360,31.7,39.9,20.1,104.4,8.1,662304,37893,53,53,bbr1
0.374,44167,30,24480,32.5,37.9,20.1,104.4,7.6,662304,37895,53,53,bbr1
0.380,44167,30,23040,32.9,35.6,20.1,104.4,6.5,883073,37898,53,53,bbr1
0.386,44167,30,23040,33.0,34.1,20.1,104.4,5.2,883073,37902,53,53,bbr1
0.394,44167,30,24480,32.9,32.2,20.1,104.4,4.1,883073,37907,53,53,bbr1
0.400,27779,19,23040,32.6,30.0,20.1,104.4,3.8,883073,37910,53,53,bbr1
0.407,33475,23,23040,32.0,28.4,20.1,104.4,3.9,883073,37914,53,53,bbr1
0.414,39171,27,24480,31.6,28.1,20.1,104.4,3.9,883073,37919,53,53,bbr1
0.420,44167,30,24480,31.2,28.4,20.1,104.4,3.7,883073,37923,53,53,bbr1
0.427,44167,30,24480,30.9,29.1,20.1,104.4,3.3,883073,37927,53,53,bbr1
0.434,44167,30,25920,30.6,28.8,20.1,104.4,3.0,883073,37931,53,53,bbr1
0.440,44167,30,25920,30.5,29.7,20.1,104.4,2.5,883073,37935,53,53,bbr1
0.447,44167,30,25920,30.4,29.9,20.1,104.4,2.0,1103841,37939,53,53,bbr1
0.453,44167,30,27360,30.3,29.6,20.1,104.4,1.7,1103841,37944,53,53,bbr1
0.459,44167,30,28800,30.3,29.9,20.1,104.4,1.4,1103841,37949,53,53,bbr1
0.466,44215,30,30240,30.3,30.6,20.1,104.4,1.1,1105315,37954,53,53,bbr1
0.474,44215,30,33120,30.3,30.3,20.1,104.4,0.9,1105315,37960,53,53,bbr1
0.481,44215,30,34560,30.5,31.5,20.1,104.4,0.9,663189,37965,53,53,bbr1
0.488,44215,30,33120,30.7,32.7,20.1,104.4,1.3,663189,37968,53,53,bbr1
0.494,44215,30,31680,31.3,34.8,20.1,104.4,2.0,663189,37971,53,53,bbr1
0.501,44215,30,30240,31.9,36.3,20.1,104.4,2.8,663189,37974,53,53,bbr1
0.513,32075,22,24480,33.4,39.1,20.1,104.4,4.3,663189,37977,53,53,bbr1
0.519,37771,26,24480,34.3,40.6,20.1,104.4,5.0,884252,37981,53,53,bbr1
0.526,42043,29,25920,35.0,39.8,20.1,104.4,5.1,884252,37985,53,53,bbr1
0.531,44215,30,24480,35.4,38.2,20.1,104.4,4.6,884252,37988,53,53,bbr1
0.537,44215,30,24480,35.5,36.2,20.1,104.4,3.7,884252,37992,53,53,bbr1
0.544,44215,30,24480,34.7,28.7,20.1,104.4,4.4,884252,37996,53,53,bbr1
0.552,27803,19,25920,34.0,29.7,20.1,104.4,4.6,1105315,38001,53,53,bbr1
0.557,33499,23,23040,33.5,30.0,20.1,104.4,4.5,1105315,38003,53,53,bbr1
0.006,44215,30,0,32.2,31.9,20.1,104.4,1.9,1105315,38009,53,53,bbr1
0.008,44215,30,0,31.5,27.0,20.1,104.4,2.7,1105315,38011,53,53,bbr1
0.034,44215,30,25920,30.6,23.7,20.1,104.4,4.0,1105315,38034,53,53,bbr1
0.041,44215,30,27360,29.9,25.3,20.1,104.4,4.3,1105315,38039,53,53,bbr1
0.047,44215,30,28800,29.5,26.9,20.1,104.4,4.0,1105315,38044,53,53,bbr1
0.053,44215,30,30240,29.4,28.5,20.1,104.4,3.2,1105315,38049,53,53,bbr1
0.061,44215,30,33120,29.5,30.0,20.1,104.4,2.6,1105315,38055,53,53,bbr1
0.069,44215,30,34560,29.7,31.5,20.1,104.4,2.4,663189,38060,53,53,bbr1
0.076,44215,30,33120,30.1,32.6,20.1,104.4,2.6,663189,38063,53,53,bbr1
0.082,44215,30,31680,30.7,34.7,20.1,104.4,3.1,663189,38066,53,53,bbr1
0.088,44215,30,30240,31.4,36.3,20.1,104.4,3.7,663189,38069,53,53,bbr1
0.095,44215,30,28800,32.2,37.9,20.1,104.4,4.4,663189,38072,53,53,bbr1
0.101,44215,30,27360,33.1,39.4,20.1,104.4,5.1,663189,38075,53,53,bbr1
0.108,44215,30,25920,34.1,40.9,20.1,104.4,5.8,663189,38078,53,53,bbr1
0.114,44215,30,24480,34.6,38.5,20.1,104.4,5.5,884252,38081,53,53,bbr1
0.122,44215,30,25920,34.9,37.1,20.1,104.4,4.7,884252,38086,53,53,bbr1
0.128,44215,30,25920,35.0,35.2,20.1,104.4,3.6,884252,38090,53,53,bbr1
0.135,44215,30,25920,34.7,33.3,20.1,104.4,3.1,884252,38094,53,53,bbr1
0.141,27803,19,25920,34.3,31.3,20.1,104.4,3.2,884252,38098,53,53,bbr1
0.148,33499,23,23040,33.9,30.6,20.1,104.4,3.3,884252,38100,53,53,bbr1
0.156,39195,27,25920,33.5,31.4,20.1,104.4,3.1,884252,38106,53,53,bbr1
0.162,44215,30,24480,33.2,31.2,20.1,104.4,2.9,1105315,38109,53,53,bbr1
0.169,44215,30,27360,33.0,31.4,20.1,104.4,2.7,1105315,38115,53,53,bbr1
0.176,44215,30,30240,32.8,31.7,20.1,104.4,2.3,1105315,38121,53,53,bbr1
0.184,44215,30,31680,32.7,32.1,20.1,104.4,1.9,1105315,38126,53,53,bbr1
0.191,44215,30,34560,32.5,30.8,20.1,104.4,1.9,663189,38131,53,53,bbr1
0.195,44215,30,31680,32.4,31.6,20.1,104.4,1.7,663189,38133,53,53,bbr1
0.202,44215,30,30240,32.5,33.2,20.1,104.4,1.5,663189,38136,53,53,bbr1
0.208,44215,30,28800,32.8,34.8,20.1,104.4,1.7,663189,38139,53,53,bbr1
0.214,27803,19,27360,33.2,36.3,20.1,104.4,2.1,663189,38142,53,53,bbr1
0.221,33499,23,23040,33.7,37.3,20.1,104.4,2.6,663189,38143,53,53,bbr1
0.229,39195,27,24480,34.4,39.4,20.1,104.4,3.4,884252,38148,53,53,bbr1
0.235,44215,30,23040,34.8,37.4,20.1,104.4,3.3,884252,38151,53,53,bbr1
0.242,44215,30,24480,34.9,35.3,20.1,104.4,2.6,884252,38156,53,53,bbr1
0.249,44215,30,24480,34.7,33.7,20.1,104.4,2.2,884252,38160,53,53,bbr1
0.255,44215,30,24480,34.1,29.4,20.1,104.4,3.0,884252,38164,53,53,bbr1
0.262,44215,30,24480,33.4,29.1,20.1,104.4,3.5,884252,38168,53,53,bbr1
0.268,27803,19,24480,32.9,28.9,20.1,104.4,3.7,1105315,38172,53,53,bbr1
0.275,32075,22,24480,32.5,29.6,20.1,104.4,3.6,1105315,38175,53,53,bbr1
0.280,37771,26,25920,32.1,29.9,20.1,104.4,3.4,1105315,38180,53,53,bbr1
0.287,43467,30,27360,31.8,29.6,20.1,104.4,3.1,1105315,38185,53,53,bbr1
0.295,44215,30,30240,31.6,30.0,20.1,104.4,2.8,1105315,38191,53,53,bbr1
0.302,44215,30,31680,31.5,31.0,20.1,104.4,2.3,1105315,38196,53,53,bbr1
0.309,44215,30,33120,31.4,30.7,20.1,104.4,1.9,663189,38201,53,53,bbr1
0.321,33499,23,25920,31.8,33.9,20.1,104.4,1.8,657125,38204,53,53,bbr1
0.330,37771,26,28800,32.2,35.1,20.1,104.4,2.2,876167,38209,53,53,bbr1
0.333,43467,30,25920,32.8,36.8,20.1,104.4,2.8,876167,38211,53,53,bbr1
0.340,43889,30,25920,33.4,37.9,20.1,104.4,3.3,876167,38215,53,53,bbr1
0.347,43889,30,27360,34.2,39.7,20.1,104.4,4.1,876167,38220,53,53,bbr1
0.354,43889,30,27360,34.0,32.1,20.1,104.4,3.6,1095208,38224,53,53,bbr1
0.365,31912,22,23040,33.6,32.0,20.1,104.4,2.7,1095208,38228,53,53,bbr1
0.373,37608,26,27360,33.4,32.0,20.1,104.4,2.4,1095208,38235,53,53,bbr1
0.380,43304,30,28800,33.2,32.2,20.1,104.4,2.1,1095208,38240,53,53,bbr1
0.386,43889,30,30240,33.1,32.5,20.1,104.4,1.8,1095208,38245,53,53,bbr1
0.393,43889,30,31680,33.3,34.5,20.1,104.4,1.7,1095208,38250,53,53,bbr1
0.400,43889,30,33120,33.0,31.2,20.1,104.4,1.8,657125,38255,53,53,bbr1
0.407,43889,30,31680,33.0,32.7,20.1,104.4,1.4,657125,38258,53,53,bbr1
0.413,43889,30,30240,33.2,34.2,20.1,104.4,1.4,657125,38261,53,53,bbr1
0.420,43889,30,28800,33.5,35.7,20.1,104.4,1.7,657125,38264,53,53,bbr1
0.426,43889,30,27360,33.9,37.2,20.1,104.4,2.2,657125,38267,53,53,bbr1
0.433,43889,30,25920,34.5,38.8,20.1,104.4,2.8,657125,38270,53,53,bbr1
0.439,27640,19,24480,35.1,39.4,20.1,104.4,3.3,876167,38273,53,53,bbr1
0.446,33336,23,23040,35.4,37.3,20.1,104.4,3.0,876167,38276,53,53,bbr1
0.454,39032,27,25920,35.4,35.2,20.1,104.4,2.3,876167,38282,53,53,bbr1
0.460,43889,30,24480,35.1,33.4,20.1,104.4,2.2,1095208,38285,53,53,bbr1
0.467,43889,30,27360,34.7,31.5,20.1,104.4,2.6,1095208,38291,53,53,bbr1
0.474,43889,30,28800,34.2,30.5,20.1,104.4,3.0,1095208,38296,53,53,bbr1
0.480,43889,30,30240,33.7,30.5,20.1,104.4,3.2,1095208,38301,53,53,bbr1
0.488,43889,30,33120,33.3,30.2,20.1,104.4,3.2,1095208,38307,53,53,bbr1
0.496,43889,30,34560,33.0,31.5,20.1,104.4,2.9,657125,38312,53,53,bbr1
0.503,43889,30,33120,33.1,33.5,20.1,104.4,2.3,657125,38315,53,53,bbr1
0.514,33336,23,25975,33.7,36.4,20.1,104.4,2.4,657125,38319,53,53,bbr1
0.523,39032,27,27415,34.2,37.9,20.1,104.4,2.8,876167,38324,53,53,bbr1
0.529,43889,30,27415,34.9,39.5,20.1,104.4,3.4,876167,38328,53,53,bbr1
0.535,43889,30,27415,35.7,41.0,20.1,104.4,4.1,876167,38332,53,53,bbr1
0.542,43889,30,27415,36.0,38.5,20.1,104.4,3.8,1095208,38336,53,53,bbr1
0.548,43889,30,28800,35.5,32.2,20.1,104.4,3.8,1095208,38341,53,53,bbr1
0.555,43889,30,30240,35.1,31.9,20.1,104.4,3.7,1095208,38346,53,53,bbr1
0.563,43889,30,33120,34.8,32.7,20.1,104.4,3.4,1095208,38352,53,53,bbr1
0.575,33336,23,28800,34.3,32.9,20.1,104.4,2.7,652632,38357,53,53,bbr1
0.582,39032,27,28800,34.4,34.9,20.1,104.4,2.2,652632,38361,53,53,bbr1
0.591,43648,30,28800,34.6,36.4,20.1,104.4,2.1,652632,38365,53,53,bbr1
0.597,43648,30,27360,35.1,37.9,20.1,104.4,2.4,652632,38368,53,53,bbr1
0.604,43648,30,25920,35.6,39.5,20.1,104.4,2.9,652632,38371,53,53,bbr1
0.610,43648,30,24480,36.3,40.9,20.1,104.4,3.5,870176,38374,53,53,bbr1
0.617,43648,30,24480,36.2,36.1,20.1,104.4,2.7,870176,38378,53,53,bbr1
0.624,27520,19,24480,36.0,34.1,20.1,104.4,2.5,870176,38382,53,53,bbr1
0.629,31792,22,24480,35.5,32.4,20.1,104.4,2.8,870176,38385,53,53,bbr1
0.635,37488,26,24480,34.9,30.1,20.1,104.4,3.5,870176,38389,53,53,bbr1
0.641,43184,29,24480,34.2,29.6,20.1,104.4,3.9,870176,38393,53,53,bbr1
0.648,42522,29,24480,33.6,29.7,20.1,104.4,4.1,1052735,38397,53,53,bbr1
0.656,42522,29,27360,33.2,29.8,20.1,104.4,4.0,1052735,38403,53,53,bbr1
0.663,42522,29,28800,32.7,29.6,20.1,104.4,3.9,1052735,38408,53,53,bbr1
0.670,42522,29,30240,32.4,30.2,20.1,104.4,3.6,1052735,38413,53,53,bbr1
0.682,32653,22,24480,32.0,31.3,20.1,104.4,2.6,632401,38417,53,53,bbr1
0.689,38349,26,24480,32.1,32.6,20.1,104.4,2.1,632401,38421,53,53,bbr1
0.695,42563,29,23040,32.3,33.9,20.1,104.4,2.0,843202,38424,53,53,bbr1
0.702,42563,29,23040,32.7,35.2,20.1,104.4,2.3,843202,38428,53,53,bbr1
0.709,42563,29,23040,33.2,36.6,20.1,104.4,2.7,843202,38432,53,53,bbr1
0.716,42563,29,23040,33.0,31.7,20.1,104.4,2.4,1054002,38436,53,53,bbr1
0.724,42563,29,25920,32.5,29.4,20.1,104.4,2.7,1054002,38442,53,53,bbr1
0.736,32673,22,21600,31.7,29.2,20.1,104.4,2.9,1054002,38447,53,53,bbr1
0.743,38369,26,24480,31.4,29.1,20.1,104.4,2.8,1054002,38453,53,53,bbr1
0.750,42563,29,25920,31.3,30.3,20.1,104.4,2.4,1054002,38458,53,53,bbr1
0.756,42632,29,27360,31.3,31.3,20.1,104.4,1.8,1056128,38463,53,53,bbr1
0.765,42632,29,30240,30.8,27.4,20.1,104.4,2.3,1056128,38469,53,53,bbr1
0.770,42632,29,30240,30.6,29.3,20.1,104.4,2.1,633677,38472,53,53,bbr1
0.782,32708,22,23095,30.8,31.9,20.1,104.4,1.5,633677,38476,53,53,bbr1
0.788,38404,26,23095,31.1,33.2,20.1,104.4,1.8,844903,38480,53,53,bbr1
0.795,42632,29,23095,31.5,34.6,20.1,104.4,2.2,844903,38484,53,53,bbr1
0.802,42794,29,23095,32.1,35.9,20.1,104.4,2.7,848937,38488,53,53,bbr1
0.809,42794,29,23095,32.4,34.5,20.1,104.4,2.7,1061171,38492,53,53,bbr1
0.816,27132,18,25920,32.0,29.4,20.1,104.4,2.8,1061171,38498,53,53,bbr1
0.822,32828,22,21600,31.7,29.4,20.1,104.4,2.7,1061171,38499,53,53,bbr1
0.829,38524,26,24480,31.4,29.3,20.1,104.4,2.6,1061171,38505,53,53,bbr1
0.837,42794,29,27360,31.1,29.4,20.1,104.4,2.5,1061171,38511,53,53,bbr1
0.843,42794,29,27360,31.1,30.6,20.1,104.4,2.0,1061171,38515,53,53,bbr1
0.850,42794,29,28800,30.6,27.1,20.1,104.4,2.5,1061171,38520,53,53,bbr1
0.855,42794,29,30240,30.4,29.5,20.1,104.4,2.1,1061171,38524,53,53,bbr1
0.863,42794,29,31680,30.5,30.8,20.1,104.4,1.7,636702,38529,53,53,bbr1
0.869,42794,29,30240,30.7,32.2,20.1,104.4,1.7,636702,38532,53,53,bbr1
0.876,42794,29,28800,31.0,33.5,20.1,104.4,2.0,636702,38535,53,53,bbr1
0.889,32789,22,21655,32.1,36.3,20.1,104.4,3.0,636702,38539,53,53,bbr1
0.895,38485,26,21655,32.8,37.5,20.1,104.4,3.6,848937,38543,53,53,bbr1
0.902,42794,29,21655,33.3,37.0,20.1,104.4,3.8,848937,38547,53,53,bbr1
0.909,42794,29,21655,33.5,34.8,20.1,104.4,3.2,848937,38551,53,53,bbr1
0.916,25708,17,23040,33.4,32.6,20.1,104.4,2.6,1061171,38555,53,53,bbr1
0.921,29980,20,21600,32.8,28.3,20.1,104.4,3.2,1061171,38557,53,53,bbr1
0.926,35676,24,23040,32.1,27.2,20.1,104.4,3.8,1061171,38562,53,53,bbr1
0.933,41372,28,24480,31.4,27.1,20.1,104.4,4.1,1061171,38567,53,53,bbr1
0.940,42794,29,25920,30.9,27.2,20.1,104.4,4.1,1061171,38572,53,53,bbr1
0.947,42794,29,27360,30.2,25.3,20.1,104.4,4.5,1061171,38577,53,53,bbr1
0.952,42794,29,28800,29.9,27.7,20.1,104.4,4.0,1061171,38581,53,53,bbr1
0.965,32789,22,24480,29.9,30.3,20.1,104.4,2.5,636702,38586,53,53,bbr1
0.972,38485,26,24480,30.1,31.7,20.1,104.4,2.4,636702,38590,53,53,bbr1
0.978,42757,29,24480,30.4,32.7,20.1,104.4,2.4,636702,38593,53,53,bbr1
0.986,42794,29,23040,30.9,34.1,20.1,104.4,2.7,636702,38596,53,53,bbr1
0.991,42794,29,21600,31.4,35.4,20.1,104.4,3.2,848937,38599,53,53,bbr1
0.998,42794,29,21600,31.3,30.5,20.1,104.4,2.6,848937,38603,53,53,bbr1
1.004,42794,29,20160,31.1,29.8,20.1,104.4,2.3,848937,38606,53,53,bbr1
1.012,25669,17,23040,30.8,28.3,20.1,104.4,2.5,1061171,38611,53,53,bbr1
1.016,31365,21,20160,30.2,25.8,20.1,104.4,3.1,1061171,38613,53,53,bbr1
1.022,37061,25,23040,29.6,25.5,20.1,104.4,3.5,1061171,38619,53,53,bbr1
1.029,42757,29,24480,29.0,25.4,20.1,104.4,3.7,1061171,38624,53,53,bbr1
1.036,42794,29,25920,28.6,25.4,20.1,104.4,3.7,1061171,38629,53,53,bbr1
1.043,42794,29,27360,28.2,25.4,20.1,104.4,3.5,1061171,38634,53,53,bbr1
1.056,32789,22,23040,28.4,29.7,20.1,104.4,2.4,1061171,38639,53,53,bbr1
1.063,37061,25,27360,28.7,30.7,20.1,104.4,2.4,1061171,38645,53,53,bbr1
1.069,42757,29,27360,29.1,32.1,20.1,104.4,2.6,1061171,38649,53,53,bbr1
1.075,42794,29,30240,29.6,33.1,20.1,104.4,3.0,1061171,38654,53,53,bbr1
1.082,42794,29,30240,30.2,34.5,20.1,104.4,3.5,636702,38658,53,53,bbr1
1.089,42794,29,28800,30.0,28.7,20.1,104.4,3.0,636702,38661,53,53,bbr1
1.096,42794,29,27360,30.2,31.7,20.1,104.4,2.6,636702,38664,53,53,bbr1
1.102,27093,18,25920,30.6,33.2,20.1,104.4,2.7,656896,38667,53,53,bbr1
1.107,32789,22,21600,31.1,34.4,20.1,104.4,3.0,875862,38668,53,53,bbr1
1.115,38485,26,24480,31.7,35.8,20.1,104.4,3.4,877049,38674,53,53,bbr1
1.121,43925,30,23040,32.0,34.2,20.1,104.4,3.2,877049,38677,53,53,bbr1
1.129,43925,30,24480,32.0,31.8,20.1,104.4,2.5,1096311,38682,53,53,bbr1
1.135,43925,30,25920,31.4,27.1,20.1,104.4,3.1,1096311,38687,53,53,bbr1
1.140,43925,30,27360,31.0,28.9,20.1,104.4,2.9,1096311,38691,53,53,bbr1
1.153,33354,23,23040,30.5,28.8,20.1,104.4,2.6,1096311,38696,53,53,bbr1
1.161,39050,27,27360,30.4,30.0,20.1,104.4,2.1,1096311,38703,53,53,bbr1
1.168,43925,30,28800,30.6,31.8,20.1,104.4,1.9,1096311,38708,53,53,bbr1
1.174,43925,30,30240,30.9,32.7,20.1,104.4,1.9,1096311,38713,53,53,bbr1
1.181,43925,30,31680,31.3,34.7,20.1,104.4,2.4,1096311,38718,53,53,bbr1
1.189,43925,30,33120,31.6,33.2,20.1,104.4,2.3,657786,38723,53,53,bbr1
1.199,31930,22,27415,31.9,33.9,20.1,104.4,2.0,657786,38727,53,53,bbr1
1.205,37626,26,27415,32.4,35.3,20.1,104.4,2.3,657786,38731,53,53,bbr1
1.214,43322,30,27415,32.9,36.6,20.1,104.4,2.8,657786,38735,53,53,bbr1
1.221,43925,30,25975,33.5,37.9,20.1,104.4,3.4,657786,38738,53,53,bbr1
1.227,43925,30,24535,34.3,39.9,20.1,104.4,4.1,877049,38741,53,53,bbr1
0.011,3072,2,0,33.5,29.6,20.1,104.4,3.3,1096311,38743,54,54,bbr1
0.010,5760,4,0,33.5,33.2,20.1,104.4,2.5,1096311,38745,54,54,bbr1
0.035,12880,8,0,32.3,23.8,20.1,104.4,4.3,1096311,38750,54,54,bbr1
0.061,20000,13,5760,30.9,21.2,20.1,104.4,6.0,1096311,38759,54,54,bbr1
0.067,25696,17,8640,29.9,22.7,20.1,104.4,6.6,1096311,38765,54,54,bbr1
0.086,32816,22,18720,28.8,21.2,20.1,104.4,7.1,1096311,38777,54,54,bbr1
0.093,38512,26,21600,28.0,22.6,20.1,104.4,6.8,1096311,38783,54,54,bbr1
0.100,43925,30,24480,27.5,24.2,20.1,104.4,6.1,1096311,38789,54,54,bbr1
0.107,43925,30,25920,27.3,25.7,20.1,104.4,5.0,1096311,38794,54,54,bbr1
0.114,43925,30,28800,26.8,23.4,20.1,104.4,4.7,1096311,38799,54,54,bbr1
0.119,43925,30,28800,26.8,26.6,20.1,104.4,3.6,1096311,38803,54,54,bbr1
0.126,43925,30,30240,27.0,28.1,20.1,104.4,3.0,1096311,38808,54,54,bbr1
0.132,43925,30,31680,27.3,29.7,20.1,104.4,3.0,1096311,38813,54,54,bbr1
0.139,43925,30,33120,27.8,31.2,20.1,104.4,3.2,657786,38818,54,54,bbr1
0.146,43925,30,31680,28.4,32.7,20.1,104.4,3.6,657786,38821,54,54,bbr1
0.153,43925,30,30240,29.1,34.2,20.1,104.4,4.2,657786,38824,54,54,bbr1
0.160,43925,30,28800,29.9,35.8,20.1,104.4,4.8,657786,38827,54,54,bbr1
0.166,43925,30,27360,30.9,37.3,20.1,104.4,5.4,657786,38830,54,54,bbr1
0.172,43925,30,25920,31.9,38.8,20.1,104.4,6.0,657786,38833,54,54,bbr1
0.181,43925,30,25920,32.8,39.4,20.1,104.4,6.4,877049,38837,54,54,bbr1
0.187,43925,30,25920,33.4,37.3,20.1,104.4,5.9,877049,38841,54,54,bbr1
0.192,43925,30,24480,33.6,35.3,20.1,104.4,4.9,877049,38844,54,54,bbr1
0.200,43925,30,27360,33.6,33.5,20.1,104.4,3.7,1096311,38849,54,54,bbr1
0.205,43925,30,27360,33.4,32.0,20.1,104.4,3.2,1096311,38853,54,54,bbr1
0.212,43925,30,28800,33.0,30.1,20.1,104.4,3.2,1096311,38858,54,54,bbr1
0.225,33354,23,24535,32.5,31.0,20.1,104.4,2.7,1096311,38864,54,54,bbr1
0.233,39050,27,28855,32.3,31.0,20.1,104.4,2.4,1096311,38871,54,54,bbr1
0.239,43925,30,30295,32.4,32.7,20.1,104.4,1.9,1096311,38876,54,54,bbr1
0.246,43925,30,31735,32.6,34.6,20.1,104.4,2.0,1096311,38881,54,54,bbr1
0.253,43925,30,33175,33.1,36.0,20.1,104.4,2.3,657786,38886,54,54,bbr1
0.260,43906,30,33120,32.7,30.5,20.1,104.4,2.4,657432,38889,54,54,bbr1
0.270,33345,23,24480,33.2,35.3,20.1,104.4,2.1,657432,38891,54,54,bbr1
0.279,37617,26,27360,33.5,36.3,20.1,104.4,2.4,876577,38896,54,54,bbr1
0.284,43313,30,25920,34.1,37.9,20.1,104.4,2.9,876577,38899,54,54,bbr1
0.289,43906,30,24480,34.7,39.4,20.1,104.4,3.5,876577,38902,54,54,bbr1
0.297,43906,30,27360,35.3,38.8,20.1,104.4,3.6,876577,38907,54,54,bbr1
0.302,43906,30,25920,34.7,30.4,20.1,104.4,3.9,876577,38910,54,54,bbr1
0.306,26225,18,25920,34.2,31.0,20.1,104.4,3.9,1095721,38913,54,54,bbr1
0.313,31921,22,21600,33.8,30.7,20.1,104.4,3.8,1095721,38914,54,54,bbr1
0.321,37617,26,25920,33.4,30.5,20.1,104.4,3.6,1095721,38921,54,54,bbr1
0.327,43313,30,27360,33.1,31.1,20.1,104.4,3.3,1095721,38926,54,54,bbr1
0.334,43906,30,28800,32.8,31.0,20.1,104.4,3.0,1095721,38931,54,54,bbr1
0.341,43906,30,30240,32.1,27.0,20.1,104.4,3.7,1095721,38936,54,54,bbr1
0.352,31921,22,25920,31.7,31.0,20.1,104.4,2.8,657432,38940,54,54,bbr1
0.361,37617,26,27360,31.8,32.5,20.1,104.4,2.3,657432,38945,54,54,bbr1
0.367,43313,30,25920,32.1,34.1,20.1,104.4,2.3,657432,38948,54,54,bbr1
0.373,43906,30,24480,32.5,35.5,20.1,104.4,2.6,876577,38951,54,54,bbr1
0.380,43906,30,24480,33.0,36.7,20.1,104.4,3.0,876577,38955,54,54,bbr1
0.386,27649,19,24480,32.9,32.1,20.1,104.4,2.5,1095721,38959,54,54,bbr1
0.393,33345,23,23040,32.8,31.8,20.1,104.4,2.1,1095721,38962,54,54,bbr1
0.399,37617,26,27360,32.4,30.0,20.1,104.4,2.3,1095721,38968,54,54,bbr1
0.404,43313,30,27360,32.0,28.9,20.1,104.4,2.6,1095721,38972,54,54,bbr1
0.411,43906,30,28800,31.7,29.6,20.1,104.4,2.5,1095721,38977,54,54,bbr1
0.419,43906,30,31680,31.5,30.5,20.1,104.4,2.2,1095721,38983,54,54,bbr1
0.431,33345,23,27415,31.5,32.1,20.1,104.4,1.6,660482,38989,54,54,bbr1
0.440,39041,27,28855,31.7,33.5,20.1,104.4,1.7,660482,38994,54,54,bbr1
0.447,44070,30,27415,32.2,35.1,20.1,104.4,2.1,660482,38997,54,54,bbr1
0.454,44070,30,25975,32.7,36.5,20.1,104.4,2.7,660482,39000,54,54,bbr1
0.459,44070,30,24535,33.4,38.1,20.1,104.4,3.3,880643,39003,54,54,bbr1
0.466,44070,30,25975,34.1,39.2,20.1,104.4,4.0,880643,39007,54,54,bbr1
0.471,44070,30,24480,34.2,34.5,20.1,104.4,3.1,880643,39010,54,54,bbr1
0.477,26307,18,25920,34.0,33.0,20.1,104.4,2.6,1100803,39014,54,54,bbr1
0.482,32003,22,21600,33.6,31.0,20.1,104.4,2.7,1100803,39015,54,54,bbr1
0.490,37699,26,25920,33.1,29.5,20.1,104.4,3.1,1100803,39022,54,54,bbr1
0.497,43395,30,27360,32.7,29.4,20.1,104.4,3.2,1100803,39027,54,54,bbr1
0.504,44070,30,30240,32.4,30.2,20.1,104.4,3.0,1100803,39032,54,54,bbr1
0.509,44070,30,30240,32.1,30.5,20.1,104.4,2.7,1100803,39036,54,54,bbr1
0.521,33427,23,25920,31.7,31.0,20.1,104.4,2.2,660482,39041,54,54,bbr1
0.530,39123,27,27360,31.8,32.6,20.1,104.4,1.9,660482,39046,54,54,bbr1
0.537,44070,30,25920,32.1,34.1,20.1,104.4,2.0,660482,39049,54,54,bbr1
0.543,44070,30,24480,32.5,35.5,20.1,104.4,2.3,880643,39052,54,54,bbr1
0.549,44070,30,24480,33.1,37.1,20.1,104.4,2.9,880643,39056,54,54,bbr1
0.556,44070,30,24480,33.0,32.1,20.1,104.4,2.4,880643,39060,54,54,bbr1
0.562,27731,19,24480,32.8,31.8,20.1,104.4,2.1,880643,39064,54,54,bbr1
0.569,33427,23,23040,32.4,29.7,20.1,104.4,2.4,880643,39067,54,54,bbr1
0.577,39123,27,25920,32.1,29.5,20.1,104.4,2.5,880643,39073,54,54,bbr1
0.582,44070,30,24480,31.7,29.3,20.1,104.4,2.6,1100803,39076,54,54,bbr1
0.589,44070,30,27360,31.5,29.8,20.1,104.4,2.4,1100803,39082,54,54,bbr1
0.603,33427,23,23040,31.2,30.5,20.1,104.4,1.8,1100803,39087,54,54,bbr1
0.610,39123,27,27360,31.1,30.2,20.1,104.4,1.6,1100803,39094,54,54,bbr1
0.617,44070,30,28800,31.1,31.6,20.1,104.4,1.3,1100803,39099,54,54,bbr1
0.624,44070,30,30240,31.4,33.5,20.1,104.4,1.6,1100803,39104,54,54,bbr1
0.630,44070,30,31680,31.9,35.0,20.1,104.4,2.1,1100803,39109,54,54,bbr1
0.637,44070,30,33120,31.8,31.1,20.1,104.4,1.7,660482,39114,54,54,bbr1
0.650,33427,23,25920,32.2,34.2,20.1,104.4,1.7,660482,39117,54,54,bbr1
0.658,39123,27,27360,32.6,35.8,20.1,104.4,2.2,880643,39122,54,54,bbr1
0.663,44070,30,25920,33.2,37.2,20.1,104.4,2.8,880643,39125,54,54,bbr1
0.671,44070,30,27360,33.9,38.9,20.1,104.4,3.5,880643,39130,54,54,bbr1
0.677,44070,30,27360,34.6,39.6,20.1,104.4,4.0,1100803,39134,54,54,bbr1
0.684,44070,30,28800,34.3,32.1,20.1,104.4,3.7,1100803,39139,54,54,bbr1
0.697,33427,23,24535,33.9,32.6,20.1,104.4,2.8,1100803,39145,54,54,bbr1
0.705,39123,27,28855,33.7,32.7,20.1,104.4,2.4,1100803,39152,54,54,bbr1
0.712,44070,30,30295,33.7,33.4,20.1,104.4,1.9,1100803,39157,54,54,bbr1
0.719,44070,30,31735,33.8,34.9,20.1,104.4,1.7,1100803,39162,54,54,bbr1
0.726,44070,30,34615,34.1,36.1,20.1,104.4,1.8,660482,39167,54,54,bbr1
0.731,44070,30,31680,33.7,30.4,20.1,104.4,2.3,660482,39169,54,54,bbr1
0.743,33427,23,24480,33.9,35.3,20.1,104.4,1.7,660482,39172,54,54,bbr1
0.751,39123,27,25920,34.2,36.9,20.1,104.4,2.0,880643,39177,54,54,bbr1
0.757,44070,30,24480,34.7,38.0,20.1,104.4,2.5,880643,39180,54,54,bbr1
0.765,44070,30,25920,35.4,39.9,20.1,104.4,3.1,880643,39185,54,54,bbr1
0.771,43967,30,25920,35.6,37.4,20.1,104.4,2.9,1097607,39189,54,54,bbr1
0.777,27679,19,27360,35.1,31.6,20.1,104.4,3.2,1097607,39194,54,54,bbr1
0.784,33375,23,23040,34.5,30.2,20.1,104.4,3.6,1097607,39195,54,54,bbr1
0.792,39071,27,27360,34.0,30.9,20.1,104.4,3.6,1097607,39202,54,54,bbr1
0.799,43967,30,28800,33.6,30.7,20.1,104.4,3.5,1097607,39207,54,54,bbr1
0.805,43967,30,30240,33.4,32.0,20.1,104.4,3.0,1097607,39212,54,54,bbr1
0.811,43967,30,31680,33.5,33.6,20.1,104.4,2.3,1097607,39217,54,54,bbr1
0.819,43967,30,33120,33.2,31.2,20.1,104.4,2.3,658564,39222,54,54,bbr1
0.831,33375,23,25920,33.3,34.2,20.1,104.4,1.7,658564,39225,54,54,bbr1
0.839,39071,27,27360,33.6,35.8,20.1,104.4,1.9,878086,39230,54,54,bbr1
0.845,43967,30,25920,34.0,37.2,20.1,104.4,2.3,878086,39233,54,54,bbr1
0.853,43967,30,27360,34.6,38.9,20.1,104.4,3.0,878086,39238,54,54,bbr1
0.859,43967,30,27360,35.2,39.4,20.1,104.4,3.4,878086,39242,54,54,bbr1
0.866,43967,30,27360,34.8,32.1,20.1,104.4,3.3,878086,39246,54,54,bbr1
0.872,27679,19,27360,34.5,32.4,20.1,104.4,3.1,1097607,39250,54,54,bbr1
0.879,33375,23,23040,34.3,32.6,20.1,104.4,2.8,1052553,39251,54,54,bbr1
0.886,39071,27,25920,34.1,32.6,20.1,104.4,2.5,1052553,39257,54,54,bbr1
0.892,42517,29,27360,33.9,32.8,20.1,104.4,2.2,1052553,39262,54,54,bbr1
0.899,42517,29,28800,33.8,32.7,20.1,104.4,2.0,1052553,39267,54,54,bbr1
0.913,32650,22,24535,33.4,31.2,20.1,104.4,1.8,631532,39273,54,54,bbr1
0.920,38346,26,24535,33.3,32.4,20.1,104.4,1.6,631532,39277,54,54,bbr1
0.926,42517,29,23095,33.4,33.7,20.1,104.4,1.3,631532,39280,54,54,bbr1
0.933,42517,29,21655,33.6,35.0,20.1,104.4,1.4,842043,39283,54,54,bbr1
0.940,42518,29,21655,33.9,36.3,20.1,104.4,1.7,842084,39287,54,54,bbr1
0.949,42518,29,24480,33.5,30.4,20.1,104.4,2.1,842084,39292,54,54,bbr1
0.952,26955,18,21600,33.0,29.8,20.1,104.4,2.5,842084,39294,54,54,bbr1
0.958,32651,22,21600,32.3,27.4,20.1,104.4,3.3,842084,39298,54,54,bbr1
0.965,38347,26,21600,31.7,27.3,20.1,104.4,3.7,842084,39302,54,54,bbr1
0.972,42518,29,21600,31.1,26.8,20.1,104.4,4.0,842084,39306,54,54,bbr1
0.979,42518,29,21600,30.6,27.0,20.1,104.4,4.0,842084,39310,54,54,bbr1
0.986,26955,18,21600,30.1,27.0,20.1,104.4,3.9,1052605,39314,54,54,bbr1
0.992,31227,21,23040,29.7,26.7,20.1,104.4,3.8,1052605,39318,54,54,bbr1
0.998,36923,25,24480,29.3,26.8,20.1,104.4,3.6,1052605,39323,54,54,bbr1
1.005,41195,28,27360,29.0,26.9,20.1,104.4,3.3,1052605,39328,54,54,bbr1
1.010,42518,29,27360,28.8,26.9,20.1,104.4,3.0,1052605,39332,54,54,bbr1
1.021,31227,21,24480,28.4,27.1,20.1,104.4,2.3,1108956,39337,54,54,bbr1
1.028,36923,25,25920,28.6,30.1,20.1,104.4,2.1,1108956,39342,54,54,bbr1
1.036,41195,28,31680,28.9,31.0,20.1,104.4,2.2,1108956,39349,54,54,bbr1
1.042,44332,30,31680,29.3,32.3,20.1,104.4,2.5,665373,39353,54,54,bbr1
1.049,44332,30,30240,29.9,33.6,20.1,104.4,2.9,665373,39356,54,54,bbr1
1.060,33558,23,23040,30.2,32.1,20.1,104.4,2.3,665373,39359,54,54,bbr1
1.066,37830,26,24480,30.7,34.6,20.1,104.4,2.8,887165,39363,54,54,bbr1
1.073,43526,30,24480,31.4,36.2,20.1,104.4,3.5,887165,39367,54,54,bbr1
1.079,44332,30,25920,32.2,37.3,20.1,104.4,4.1,887165,39371,54,54,bbr1
1.084,44332,30,24480,32.5,35.1,20.1,104.4,3.8,887165,39374,54,54,bbr1
1.092,27862,19,25920,32.1,28.9,20.1,104.4,3.8,887165,39379,54,54,bbr1
1.097,33558,23,23040,31.8,29.6,20.1,104.4,3.4,887165,39381,54,54,bbr1
1.105,39254,27,25920,31.5,29.9,20.1,104.4,3.0,887165,39387,54,54,bbr1
1.112,44332,30,25920,31.3,29.7,20.1,104.4,2.7,1108956,39391,54,54,bbr1
1.118,44332,30,27360,31.2,30.7,20.1,104.4,2.2,1108956,39396,54,54,bbr1
1.131,33558,23,23040,31.0,30.5,20.1,104.4,1.6,1108956,39401,54,54,bbr1
1.139,39254,27,27360,30.9,30.2,20.1,104.4,1.4,1108956,39408,54,54,bbr1
1.146,44332,30,28800,31.0,31.5,20.1,104.4,1.2,1108956,39413,54,54,bbr1
1.152,44332,30,30240,31.3,33.4,20.1,104.4,1.5,1108956,39418,54,54,bbr1
1.158,44332,30,31680,31.7,34.9,20.1,104.4,2.0,1108956,39423,54,54,bbr1
1.167,44332,30,34560,31.7,31.2,20.1,104.4,1.6,665373,39429,54,54,bbr1
1.174,44332,30,33120,31.8,32.8,20.1,104.4,1.5,665373,39432,54,54,bbr1
1.185,33558,23,25920,32.6,35.9,20.1,104.4,2.3,665373,39435,54,54,bbr1
1.194,39254,27,27360,33.2,37.5,20.1,104.4,2.9,887165,39440,54,54,bbr1
1.199,44332,30,25920,33.9,39.1,20.1,104.4,3.7,887165,39443,54,54,bbr1
1.207,44332,30,27360,34.8,40.7,20.1,104.4,4.4,887165,39448,54,54,bbr1
1.213,44332,30,27360,35.2,38.4,20.1,104.4,4.2,1108956,39452,54,54,bbr1
1.226,33558,23,24535,34.5,32.5,20.1,104.4,3.6,1108956,39459,54,54,bbr1
1.234,39254,27,28855,34.3,32.6,20.1,104.4,3.2,1108956,39466,54,54,bbr1
1.241,44332,30,30295,34.1,32.6,20.1,104.4,2.8,1108956,39471,54,54,bbr1
1.247,44332,30,33175,34.0,33.2,20.1,104.4,2.3,1108956,39476,54,54,bbr1
1.253,44332,30,33175,34.1,34.8,20.1,104.4,2.0,665373,39480,54,54,bbr1
1.259,44332,30,31680,33.6,30.5,20.1,104.4,2.4,665373,39483,54,54,bbr1
1.270,32134,22,25920,33.8,35.0,20.1,104.4,1.7,665373,39486,54,54,bbr1
1.277,37830,26,25920,34.1,36.3,20.1,104.4,1.9,887165,39490,54,54,bbr1
1.284,42102,29,28800,34.5,37.8,20.1,104.4,2.4,887165,39495,54,54,bbr1
1.289,44332,30,27360,35.1,39.3,20.1,104.4,3.0,887165,39498,54,54,bbr1
1.296,44332,30,27360,35.5,38.3,20.1,104.4,3.0,887165,39502,54,54,bbr1
1.303,44332,30,30240,35.7,36.9,20.1,104.4,2.6,1108956,39507,54,54,bbr1
1.314,33558,23,24480,35.0,32.7,20.1,104.4,2.7,1108956,39511,54,54,bbr1
1.322,39254,27,28800,34.8,33.4,20.1,104.4,2.4,1108956,39518,54,54,bbr1
1.329,44332,30,30240,34.7,33.7,20.1,104.4,2.1,1108956,39523,54,54,bbr1
1.335,44332,30,31680,34.5,33.6,20.1,104.4,1.8,1108956,39528,54,54,bbr1
1.342,44332,30,33120,34.6,35.3,20.1,104.4,1.6,665373,39533,54,54,bbr1
1.355,33558,23,25920,34.3,34.1,20.1,104.4,1.3,665373,39536,54,54,bbr1
1.363,39254,27,27360,34.5,35.7,20.1,104.4,1.3,887165,39541,54,54,bbr1
1.368,44332,30,25920,34.8,37.2,20.1,104.4,1.7,887165,39544,54,54,bbr1
1.376,44332,30,27360,35.3,38.8,20.1,104.4,2.3,887165,39549,54,54,bbr1
1.382,43941,30,27360,35.8,39.5,20.1,104.4,2.7,1096822,39553,54,54,bbr1
1.396,33362,23,23040,35.0,32.4,20.1,104.4,3.0,1096822,39558,54,54,bbr1
1.403,39058,27,27360,34.7,32.7,20.1,104.4,2.8,1096822,39565,54,54,bbr1
1.410,43941,30,28800,34.5,32.8,20.1,104.4,2.6,1096822,39570,54,54,bbr1
1.417,43679,30,30240,34.4,33.7,20.1,104.4,2.1,1088678,39575,54,54,bbr1
1.423,43679,30,31680,34.5,35.2,20.1,104.4,1.8,1088678,39580,54,54,bbr1
1.431,43679,30,33120,34.1,31.2,20.1,104.4,2.2,653207,39585,54,54,bbr1
1.443,33231,23,25920,33.9,34.3,20.1,104.4,1.6,653207,39588,54,54,bbr1
1.451,38927,27,27360,34.2,35.8,20.1,104.4,1.6,870943,39593,54,54,bbr1
1.457,43679,30,25920,34.5,37.0,20.1,104.4,1.9,870943,39596,54,54,bbr1
1.463,43679,30,25920,35.0,38.7,20.1,104.4,2.5,870943,39600,54,54,bbr1
1.470,43679,30,25920,35.6,39.4,20.1,104.4,3.0,1088678,39604,54,54,bbr1
0.008,3072,2,0,34.3,35.0,20.1,104.4,1.8,1088678,39611,55,55,bbr1
0.021,5760,4,0,33.6,29.1,20.1,104.4,2.7,1088678,39613,55,55,bbr1
0.046,12880,8,0,32.4,23.9,20.1,104.4,4.4,1088678,39618,55,55,bbr1
0.072,20000,13,5760,31.0,21.3,20.1,104.4,6.1,1088678,39627,55,55,bbr1
0.078,25696,17,8640,30.0,22.7,20.1,104.4,6.6,1088678,39633,55,55,bbr1
0.097,32816,22,18720,28.9,21.3,20.1,104.4,7.1,1088678,39645,55,55,bbr1
0.104,38512,26,21600,28.1,22.6,20.1,104.4,6.9,1088678,39651,55,55,bbr1
0.112,42784,29,25920,27.6,23.8,20.1,104.4,6.3,1088678,39657,55,55,bbr1
0.116,43679,30,24480,27.3,25.3,20.1,104.4,5.3,1088678,39660,55,55,bbr1
0.124,43679,30,27360,26.8,23.4,20.1,104.4,4.9,1088678,39666,55,55,bbr1
0.130,43679,30,30240,26.7,26.4,20.1,104.4,3.8,1088678,39671,55,55,bbr1
0.135,43679,30,30240,26.9,27.7,20.1,104.4,3.1,1088678,39675,55,55,bbr1
0.142,44330,30,31680,27.2,29.2,20.1,104.4,2.9,1108888,39680,55,55,bbr1
0.150,44330,30,33120,27.6,30.7,20.1,104.4,3.1,665333,39685,55,55,bbr1
0.156,44330,30,31680,28.2,32.2,20.1,104.4,3.4,665333,39688,55,55,bbr1
0.162,44330,30,30240,28.9,33.7,20.1,104.4,4.0,665333,39691,55,55,bbr1
0.169,44330,30,28800,29.7,35.2,20.1,104.4,4.5,665333,39694,55,55,bbr1
0.176,44330,30,27360,30.5,36.6,20.1,104.4,5.2,665333,39697,55,55,bbr1
0.182,44330,30,25920,31.5,38.2,20.1,104.4,5.8,665333,39700,55,55,bbr1
0.188,44330,30,24480,32.4,38.5,20.1,104.4,6.1,887111,39703,55,55,bbr1
0.196,44330,30,25920,32.9,37.1,20.1,104.4,5.7,887111,39708,55,55,bbr1
0.202,44330,30,25920,33.2,35.3,20.1,104.4,4.9,887111,39712,55,55,bbr1
0.209,44330,30,25920,33.2,32.8,20.1,104.4,3.8,1108888,39716,55,55,bbr1
0.217,44330,30,28800,33.0,31.4,20.1,104.4,3.3,1108888,39722,55,55,bbr1
0.223,44330,30,30240,32.7,30.6,20.1,104.4,3.1,1108888,39727,55,55,bbr1
0.236,33557,23,25975,32.3,31.2,20.1,104.4,2.3,665333,39733,55,55,bbr1
0.245,39253,27,27415,32.4,32.6,20.1,104.4,1.8,665333,39738,55,55,bbr1
0.251,44330,30,25975,32.6,34.2,20.1,104.4,1.8,665333,39741,55,55,bbr1
0.257,44330,30,24535,33.0,35.7,20.1,104.4,2.1,887111,39744,55,55,bbr1
0.264,44330,30,24535,33.5,37.4,20.1,104.4,2.7,887111,39748,55,55,bbr1
0.270,44330,30,24480,33.4,32.1,20.1,104.4,2.4,887111,39752,55,55,bbr1
0.277,27861,19,24480,33.2,31.8,20.1,104.4,2.2,887111,39756,55,55,bbr1
0.283,33557,23,23040,32.7,29.7,20.1,104.4,2.5,887111,39759,55,55,bbr1
0.291,39253,27,25920,32.3,29.2,20.1,104.4,2.8,887111,39765,55,55,bbr1
0.297,44330,30,24480,32.0,30.0,20.1,104.4,2.6,1108888,39768,55,55,bbr1
0.304,44330,30,28800,31.7,29.8,20.1,104.4,2.5,1108888,39774,55,55,bbr1
0.315,33557,23,23040,31.4,29.9,20.1,104.4,2.1,1108888,39778,55,55,bbr1
0.323,39253,27,27360,31.3,30.7,20.1,104.4,1.7,1108888,39785,55,55,bbr1
0.330,44330,30,28800,31.3,31.7,20.1,104.4,1.4,1108888,39790,55,55,bbr1
0.336,44330,30,30240,31.6,33.3,20.1,104.4,1.5,1108888,39795,55,55,bbr1
0.344,44330,30,33120,32.0,35.1,20.1,104.4,2.0,1108888,39801,55,55,bbr1
0.350,44330,30,34560,31.9,30.8,20.1,104.4,1.8,665333,39805,55,55,bbr1
0.354,44330,30,31680,31.9,32.4,20.1,104.4,1.5,665333,39807,55,55,bbr1
0.368,32133,22,27360,32.5,35.0,20.1,104.4,2.0,665333,39811,55,55,bbr1
0.375,37829,26,27360,33.1,36.7,20.1,104.4,2.5,665333,39815,55,55,bbr1
0.381,43525,30,25920,33.7,38.3,20.1,104.4,3.2,665333,39818,55,55,bbr1
0.387,44330,30,24480,34.5,40.0,20.1,104.4,4.0,887111,39821,55,55,bbr1
0.394,44330,30,24480,35.1,38.9,20.1,104.4,4.1,887111,39825,55,55,bbr1
0.401,29285,20,24480,34.7,32.0,20.1,104.4,3.8,1108888,39830,55,55,bbr1
0.409,34981,24,24480,34.3,31.8,20.1,104.4,3.6,1108888,39834,55,55,bbr1
0.417,40677,28,28800,33.8,29.9,20.1,104.4,3.8,1108888,39841,55,55,bbr1
0.423,44330,30,30240,33.3,29.7,20.1,104.4,3.9,1108888,39846,55,55,bbr1
0.430,44330,30,31680,32.9,30.0,20.1,104.4,3.7,1108888,39851,55,55,bbr1
0.437,44330,30,33120,32.7,31.7,20.1,104.4,3.1,665333,39856,55,55,bbr1
0.450,33557,23,25975,32.9,34.1,20.1,104.4,2.1,665333,39860,55,55,bbr1
0.456,39253,27,25975,33.2,35.8,20.1,104.4,2.3,887111,39864,55,55,bbr1
0.464,44330,30,27415,33.7,37.3,20.1,104.4,2.8,887111,39869,55,55,bbr1
0.470,44330,30,27415,34.3,38.6,20.1,104.4,3.3,887111,39873,55,55,bbr1
0.477,44330,30,27415,35.0,39.6,20.1,104.4,3.8,887111,39877,55,55,bbr1
0.490,33596,23,23040,34.4,33.0,20.1,104.4,3.1,1108888,39882,55,55,bbr1
0.498,39292,27,27360,34.3,33.2,20.1,104.4,2.6,1098680,39889,55,55,bbr1
0.505,43564,30,30240,34.2,33.4,20.1,104.4,2.2,1098680,39894,55,55,bbr1
0.510,44001,30,30240,34.1,33.6,20.1,104.4,1.8,1098680,39898,55,55,bbr1
0.517,44001,30,31680,34.1,33.8,20.1,104.4,1.4,1098680,39903,55,55,bbr1
0.529,33392,23,27360,33.5,32.4,20.1,104.4,1.7,659208,39908,55,55,bbr1
0.536,39088,27,27360,33.5,33.9,20.1,104.4,1.4,653343,39912,55,55,bbr1
0.545,43893,30,27360,33.8,35.3,20.1,104.4,1.5,657196,39916,55,55,bbr1
0.551,43893,30,25920,34.1,36.8,20.1,104.4,1.9,657196,39919,55,55,bbr1
0.557,43893,30,24480,34.7,38.4,20.1,104.4,2.5,876262,39922,55,55,bbr1
0.564,43893,30,24480,34.6,33.7,20.1,104.4,2.1,876262,39926,55,55,bbr1
0.568,26218,18,24480,34.5,34.2,20.1,104.4,1.7,1095327,39929,55,55,bbr1
0.575,31914,22,21600,34.2,32.3,20.1,104.4,1.8,1095327,39931,55,55,bbr1
0.583,37610,26,25920,33.7,30.1,20.1,104.4,2.4,1095327,39938,55,55,bbr1
0.589,43306,30,27360,33.2,29.5,20.1,104.4,2.8,1095327,39943,55,55,bbr1
0.596,43893,30,28800,32.8,29.6,20.1,104.4,3.0,1095327,39948,55,55,bbr1
0.607,31914,22,25975,31.7,29.5,20.1,104.4,3.4,1095327,39954,55,55,bbr1
0.614,37610,26,27415,31.6,31.0,20.1,104.4,2.7,1095327,39959,55,55,bbr1
0.622,43306,30,31735,31.7,32.5,20.1,104.4,2.3,1095327,39966,55,55,bbr1
0.630,43893,30,33175,32.0,34.0,20.1,104.4,2.3,657196,39971,55,55,bbr1
0.636,43893,30,31735,32.5,35.5,20.1,104.4,2.6,657196,39974,55,55,bbr1
0.648,33377,23,24480,32.6,33.9,20.1,104.4,1.9,657196,39977,55,55,bbr1
0.654,37649,26,25920,33.1,36.4,20.1,104.4,2.4,876262,39981,55,55,bbr1
0.661,43345,30,25920,33.7,37.9,20.1,104.4,3.0,876262,39985,55,55,bbr1
0.667,43893,30,25920,34.4,39.4,20.1,104.4,3.7,876262,39989,55,55,bbr1
0.673,43893,30,25920,34.7,36.9,20.1,104.4,3.4,1095327,39993,55,55,bbr1
0.687,33338,23,23040,33.8,31.1,20.1,104.4,3.5,1095327,39999,55,55,bbr1
0.695,39034,27,27360,33.5,31.4,20.1,104.4,3.2,1095327,40006,55,55,bbr1
0.701,43893,30,28800,33.3,31.6,20.1,104.4,2.9,1095327,40011,55,55,bbr1
0.708,43893,30,30240,33.1,32.4,20.1,104.4,2.4,1095327,40016,55,55,bbr1
0.715,43893,30,31680,33.2,33.9,20.1,104.4,2.0,1095327,40021,55,55,bbr1
0.722,43893,30,33120,33.0,31.2,20.1,104.4,2.0,657196,40026,55,55,bbr1
0.728,43893,30,31680,32.9,32.6,20.1,104.4,1.6,657196,40029,55,55,bbr1
0.741,33338,23,24480,33.4,35.7,20.1,104.4,1.8,657196,40032,55,55,bbr1
0.749,39034,27,25920,33.9,37.2,20.1,104.4,2.3,876262,40037,55,55,bbr1
0.754,43893,30,24480,34.5,38.4,20.1,104.4,2.8,876262,40040,55,55,bbr1
0.762,43893,30,25920,35.1,39.4,20.1,104.4,3.4,876262,40045,55,55,bbr1
0.769,43893,30,25920,35.4,37.3,20.1,104.4,3.1,1095327,40049,55,55,bbr1
0.775,27642,19,27360,34.9,31.7,20.1,104.4,3.2,1095327,40054,55,55,bbr1
0.782,33338,23,23040,34.3,30.3,20.1,104.4,3.6,1095327,40055,55,55,bbr1
0.789,39034,27,27360,33.8,30.4,20.1,104.4,3.6,1095327,40062,55,55,bbr1
0.796,43893,30,28800,33.4,30.6,20.1,104.4,3.5,1095327,40067,55,55,bbr1
0.803,43893,30,30240,33.2,31.6,20.1,104.4,3.1,1095327,40072,55,55,bbr1
0.810,43893,30,31680,33.3,33.6,20.1,104.4,2.4,1095327,40077,55,55,bbr1
0.817,43893,30,33120,33.0,31.1,20.1,104.4,2.4,657196,40082,55,55,bbr1
0.829,33338,23,25920,33.1,34.3,20.1,104.4,1.7,657196,40085,55,55,bbr1
0.838,39034,27,27360,33.4,35.6,20.1,104.4,1.9,876262,40090,55,55,bbr1
0.844,43893,30,27360,33.9,37.1,20.1,104.4,2.4,876262,40094,55,55,bbr1
0.850,43893,30,25920,34.4,38.3,20.1,104.4,2.9,876262,40097,55,55,bbr1
0.857,43893,30,27360,35.1,39.4,20.1,104.4,3.4,876262,40102,55,55,bbr1
0.864,43893,30,27360,34.7,32.0,20.1,104.4,3.3,876262,40106,55,55,bbr1
0.875,31914,22,23095,34.1,32.4,20.1,104.4,2.8,1095327,40111,55,55,bbr1
0.883,37610,26,27415,33.9,31.8,20.1,104.4,2.7,1095327,40118,55,55,bbr1
0.889,43306,30,28855,33.7,32.8,20.1,104.4,2.3,1095327,40123,55,55,bbr1
0.896,43893,30,30295,33.6,33.0,20.1,104.4,1.9,1095327,40128,55,55,bbr1
0.902,43893,30,31735,33.6,33.3,20.1,104.4,1.5,1095327,40133,55,55,bbr1
0.914,31953,22,28800,33.1,32.4,20.1,104.4,1.6,632667,40138,55,55,bbr1
0.921,37649,26,27360,33.2,33.9,20.1,104.4,1.4,632667,40141,55,55,bbr1
0.927,42577,29,27360,33.5,35.4,20.1,104.4,1.6,632667,40145,55,55,bbr1
0.934,42603,29,25920,33.9,37.0,20.1,104.4,2.0,633144,40148,55,55,bbr1
0.941,42603,29,24480,34.5,38.5,20.1,104.4,2.7,633144,40151,55,55,bbr1
0.948,42603,29,23040,35.2,40.0,20.1,104.4,3.4,844193,40154,55,55,bbr1
0.956,26997,18,24480,35.0,33.9,20.1,104.4,2.9,1055241,40159,55,55,bbr1
0.961,32693,22,21600,34.9,33.9,20.1,104.4,2.5,1055241,40161,55,55,bbr1
0.968,38389,26,24480,34.5,31.5,20.1,104.4,2.7,1055241,40167,55,55,bbr1
0.975,42603,29,25920,33.8,29.1,20.1,104.4,3.3,1055241,40172,55,55,bbr1
0.982,42603,29,27360,33.1,28.5,20.1,104.4,3.8,1055241,40177,55,55,bbr1
0.993,31269,21,24480,31.9,29.1,20.1,104.4,4.2,1055241,40182,55,55,bbr1
1.000,36965,25,25920,31.7,30.4,20.1,104.4,3.5,1055241,40187,55,55,bbr1
1.007,42603,29,28800,31.7,31.7,20.1,104.4,2.6,1055241,40193,55,55,bbr1
1.014,42603,29,30240,31.9,33.0,20.1,104.4,2.3,1055241,40198,55,55,bbr1
1.022,42603,29,31680,32.2,34.4,20.1,104.4,2.3,633144,40203,55,55,bbr1
1.034,32693,22,24535,32.4,33.7,20.1,104.4,1.7,633144,40207,55,55,bbr1
1.041,38389,26,24535,32.7,35.0,20.1,104.4,1.9,844193,40211,55,55,bbr1
1.048,42603,29,24535,33.2,36.2,20.1,104.4,2.3,844193,40215,55,55,bbr1
1.054,42603,29,24535,33.7,37.6,20.1,104.4,2.8,844193,40219,55,55,bbr1
1.061,42603,29,24535,34.1,37.1,20.1,104.4,3.0,844193,40223,55,55,bbr1
1.073,31308,21,20160,33.3,31.0,20.1,104.4,3.0,1055241,40227,55,55,bbr1
1.080,35580,24,24480,33.0,30.4,20.1,104.4,3.0,1055241,40233,55,55,bbr1
1.085,41276,28,24480,32.7,30.5,20.1,104.4,2.9,1055241,40237,55,55,bbr1
1.094,42603,29,27360,32.4,30.8,20.1,104.4,2.6,1055241,40242,55,55,bbr1
1.097,42603,29,25920,32.2,30.7,20.1,104.4,2.4,1055241,40245,55,55,bbr1
1.110,32693,22,21600,31.3,29.0,20.1,104.4,2.8,1055241,40250,55,55,bbr1
1.117,38389,26,24480,31.2,30.2,20.1,104.4,2.4,1055241,40256,55,55,bbr1
1.124,42603,29,25920,31.0,29.6,20.1,104.4,2.2,1055241,40261,55,55,bbr1
1.129,42603,29,27360,31.1,31.9,20.1,104.4,1.9,1055241,40265,55,55,bbr1
1.137,42603,29,28800,31.4,33.3,20.1,104.4,2.0,1055241,40270,55,55,bbr1
1.144,42603,29,30240,31.1,29.3,20.1,104.4,2.0,1055241,40275,55,55,bbr1
1.151,42603,29,33120,31.0,30.3,20.1,104.4,1.7,633144,40280,55,55,bbr1
1.161,32693,22,24480,31.3,32.9,20.1,104.4,1.5,633144,40282,55,55,bbr1
1.168,38389,26,24480,31.7,34.2,20.1,104.4,1.9,844602,40286,55,55,bbr1
1.175,42620,29,24480,32.1,35.4,20.1,104.4,2.3,844602,40290,55,55,bbr1
1.181,42620,29,24480,32.7,36.6,20.1,104.4,2.9,844602,40294,55,55,bbr1
1.188,43950,30,24480,33.2,36.8,20.1,104.4,3.2,1097100,40298,55,55,bbr1
1.195,27671,19,27360,33.0,31.5,20.1,104.4,2.8,1097100,40304,55,55,bbr1
1.202,33367,23,23040,32.7,30.5,20.1,104.4,2.7,1097100,40305,55,55,bbr1
1.210,39063,27,27360,32.4,30.6,20.1,104.4,2.6,1097100,40312,55,55,bbr1
1.216,43950,30,28800,32.2,30.3,20.1,104.4,2.5,1097100,40317,55,55,bbr1
1.223,43950,30,30240,32.1,31.6,20.1,104.4,2.0,1097100,40322,55,55,bbr1
1.229,43950,30,31680,32.3,33.6,20.1,104.4,1.9,1097100,40327,55,55,bbr1
1.237,43950,30,33120,32.1,31.2,20.1,104.4,1.7,658260,40332,55,55,bbr1
1.249,33367,23,25920,32.5,34.3,20.1,104.4,1.5,658260,40335,55,55,bbr1
1.257,39063,27,27360,32.9,35.7,20.1,104.4,2.0,877680,40340,55,55,bbr1
1.263,43950,30,25920,33.4,37.1,20.1,104.4,2.5,877680,40343,55,55,bbr1
1.271,43950,30,27360,34.1,39.0,20.1,104.4,3.3,877680,40348,55,55,bbr1
1.277,43950,30,27360,34.8,39.5,20.1,104.4,3.8,1097100,40352,55,55,bbr1
1.290,33367,23,23040,34.2,32.3,20.1,104.4,3.2,1097100,40357,55,55,bbr1
1.298,39063,27,27360,33.9,32.5,20.1,104.4,2.8,1097100,40364,55,55,bbr1
1.304,43950,30,28800,33.8,32.5,20.1,104.4,2.5,1097100,40369,55,55,bbr1
1.311,43950,30,30240,33.6,32.7,20.1,104.4,2.1,1097100,40374,55,55,bbr1
1.318,43950,30,31680,33.8,34.8,20.1,104.4,1.9,1097100,40379,55,55,bbr1
1.325,43950,30,34560,33.4,30.8,20.1,104.4,2.1,658260,40384,55,55,bbr1
1.336,33367,23,25920,33.3,33.9,20.1,104.4,1.6,658260,40386,55,55,bbr1
1.344,39063,27,27360,33.6,35.4,20.1,104.4,1.7,877680,40391,55,55,bbr1
1.350,43950,30,27360,34.0,36.7,20.1,104.4,2.0,877680,40395,55,55,bbr1
1.357,43950,30,27360,34.5,38.0,20.1,104.4,2.5,877680,40399,55,55,bbr1
1.363,43950,30,27360,35.2,40.1,20.1,104.4,3.3,1097100,40403,55,55,bbr1
1.376,33367,23,23040,34.5,32.4,20.1,104.4,3.0,1097100,40408,55,55,bbr1
1.384,39063,27,27360,34.3,32.5,20.1,104.4,2.7,1097100,40415,55,55,bbr1
1.391,43950,30,28800,34.0,32.5,20.1,104.4,2.5,1097100,40420,55,55,bbr1
1.398,43950,30,30240,33.9,33.3,20.1,104.4,2.1,1097100,40425,55,55,bbr1
1.404,43950,30,33120,34.0,34.5,20.1,104.4,1.7,1097100,40430,55,55,bbr1
1.411,43950,30,33120,33.6,30.7,20.1,104.4,2.1,658260,40434,55,55,bbr1
1.422,31943,22,27360,33.4,33.4,20.1,104.4,1.4,658260,40437,55,55,bbr1
1.429,37639,26,27360,33.6,34.9,20.1,104.4,1.4,658260,40441,55,55,bbr1
1.435,43335,30,25920,33.9,36.1,20.1,104.4,1.7,658260,40444,55,55,bbr1
1.442,43950,30,24480,34.4,38.0,20.1,104.4,2.3,877680,40447,55,55,bbr1
1.448,43950,30,24480,35.0,39.4,20.1,104.4,3.0,877680,40451,55,55,bbr1
1.454,27671,19,24480,34.7,32.0,20.1,104.4,3.0,877680,40455,55,55,bbr1
1.459,30519,21,25920,34.5,33.2,20.1,104.4,2.6,877680,40458,55,55,bbr1
1.464,36215,25,24480,34.1,31.2,20.1,104.4,2.8,877680,40461,55,55,bbr1
1.472,41911,29,25920,33.5,29.3,20.1,104.4,3.3,877680,40466,55,55,bbr1
1.479,43950,30,27360,33.0,29.9,20.1,104.4,3.3,1097100,40470,55,55,bbr1
1.484,43950,30,27360,32.6,29.7,20.1,104.4,3.3,1097100,40474,55,55,bbr1
1.496,33367,23,23040,32.1,30.6,20.1,104.4,2.8,1097100,40479,55,55,bbr1
1.504,37639,26,28800,31.9,30.7,20.1,104.4,2.4,1097100,40486,55,55,bbr1
1.508,43335,30,27360,31.7,30.4,20.1,104.4,2.2,1097100,40489,55,55,bbr1
1.516,44001,30,30240,31.8,32.6,20.1,104.4,1.8,1098676,40495,55,55,bbr1
1.523,44001,30,31680,32.1,34.0,20.1,104.4,1.9,1098676,40500,55,55,bbr1
1.530,44001,30,33120,32.0,31.0,20.1,104.4,1.7,659205,40505,55,55,bbr1
1.542,33392,23,25920,32.3,33.8,20.1,104.4,1.5,659205,40508,55,55,bbr1
1.550,39088,27,27360,32.7,35.4,20.1,104.4,1.9,878941,40513,55,55,bbr1
1.556,43360,30,27360,33.1,36.4,20.1,104.4,2.4,878941,40516,55,55,bbr1
1.562,44001,30,27360,33.7,37.8,20.1,104.4,2.9,878941,40520,55,55,bbr1
0.006,3072,2,0,34.0,32.9,20.1,104.4,2.3,1098676,40522,56,56,bbr1
0.014,5760,4,0,33.2,27.1,20.1,104.4,3.5,1098676,40524,56,56,bbr1
0.040,12880,8,0,32.0,23.9,20.1,104.4,4.9,1098676,40529,56,56,bbr1
0.065,20000,13,5760,30.7,21.3,20.1,104.4,6.4,1098676,40538,56,56,bbr1
0.072,24272,16,10080,29.6,22.4,20.1,104.4,6.8,1098676,40544,56,56,bbr1
0.078,25696,17,15840,28.8,23.0,20.1,104.4,6.8,1098676,40549,56,56,bbr1
0.091,32816,22,18720,27.8,21.2,20.1,104.4,7.0,1098676,40556,56,56,bbr1
0.097,37088,25,23040,27.1,22.3,20.1,104.4,6.6,1098676,40562,56,56,bbr1
0.102,42784,29,23040,26.7,23.8,20.1,104.4,5.8,1098676,40566,56,56,bbr1
0.110,44001,30,25920,26.6,25.4,20.1,104.4,4.7,1098676,40572,56,56,bbr1
0.117,44001,30,27360,26.2,23.5,20.1,104.4,4.3,1098676,40577,56,56,bbr1
0.124,44001,30,28800,26.2,26.7,20.1,104.4,3.3,1098676,40582,56,56,bbr1
0.130,44219,30,30240,26.5,28.2,20.1,104.4,3.0,1105452,40587,56,56,bbr1
0.136,44219,30,31680,26.9,29.7,20.1,104.4,3.0,1105452,40592,56,56,bbr1
0.144,44219,30,33120,27.4,31.2,20.1,104.4,3.4,663271,40597,56,56,bbr1
0.151,44219,30,33120,28.1,32.4,20.1,104.4,3.8,663271,40600,56,56,bbr1
0.155,44219,30,30240,28.8,33.9,20.1,104.4,4.3,663271,40602,56,56,bbr1
0.163,44219,30,30240,29.6,35.5,20.1,104.4,4.9,663271,40606,56,56,bbr1
0.170,44219,30,28800,30.5,36.7,20.1,104.4,5.4,663271,40609,56,56,bbr1
0.176,44219,30,27360,31.5,38.7,20.1,104.4,6.1,663271,40612,56,56,bbr1
0.183,44219,30,25920,32.6,40.2,20.1,104.4,6.8,663271,40615,56,56,bbr1
0.189,44219,30,23040,33.3,38.0,20.1,104.4,6.4,884362,40617,56,56,bbr1
0.195,44219,30,24480,33.7,36.4,20.1,104.4,5.6,884362,40622,56,56,bbr1
0.202,44219,30,24480,33.8,34.3,20.1,104.4,4.3,884362,40626,56,56,bbr1
0.210,44219,30,25920,33.6,32.6,20.1,104.4,3.5,1105452,40631,56,56,bbr1
0.216,44219,30,27360,33.2,30.5,20.1,104.4,3.4,1105452,40636,56,56,bbr1
0.229,33501,23,23040,32.5,30.1,20.1,104.4,3.2,1105452,40641,56,56,bbr1
0.237,39197,27,27360,32.3,31.0,20.1,104.4,2.8,1105452,40648,56,56,bbr1
0.244,44219,30,28800,32.2,31.7,20.1,104.4,2.2,1105452,40653,56,56,bbr1
0.250,44219,30,30240,32.4,33.6,20.1,104.4,2.0,1105452,40658,56,56,bbr1
0.258,44219,30,33120,32.7,35.1,20.1,104.4,2.2,1105452,40664,56,56,bbr1
0.265,44219,30,34560,32.5,31.3,20.1,104.4,2.0,663271,40669,56,56,bbr1
0.277,33501,23,27415,32.8,34.2,20.1,104.4,1.6,663271,40673,56,56,bbr1
0.285,39197,27,28855,33.1,35.8,20.1,104.4,1.9,663271,40678,56,56,bbr1
0.292,44219,30,27415,33.7,37.5,20.1,104.4,2.5,663271,40681,56,56,bbr1
0.299,44219,30,25975,34.3,39.0,20.1,104.4,3.2,663271,40684,56,56,bbr1
0.305,44219,30,24535,35.1,40.6,20.1,104.4,4.0,884362,40687,56,56,bbr1
0.311,26420,18,25920,35.5,38.4,20.1,104.4,3.8,1105452,40691,56,56,bbr1
0.316,32116,22,21600,35.4,34.6,20.1,104.4,3.1,1105452,40692,56,56,bbr1
0.324,37812,26,25920,35.1,32.5,20.1,104.4,3.1,1105452,40699,56,56,bbr1
0.330,43508,30,27360,34.4,30.2,20.1,104.4,3.5,1105452,40704,56,56,bbr1
0.337,44219,30,28800,33.9,29.9,20.1,104.4,3.8,1105452,40709,56,56,bbr1
0.343,44219,30,30240,33.0,27.0,20.1,104.4,4.5,1105452,40714,56,56,bbr1
0.355,32077,22,25920,32.4,31.0,20.1,104.4,3.6,663271,40718,56,56,bbr1
0.363,37773,26,27360,32.4,32.5,20.1,104.4,2.8,663271,40723,56,56,bbr1
0.370,43469,30,25920,32.6,34.1,20.1,104.4,2.5,663271,40726,56,56,bbr1
0.376,44219,30,24480,33.0,35.5,20.1,104.4,2.6,884362,40729,56,56,bbr1
0.383,44219,30,25920,33.4,36.8,20.1,104.4,2.9,884362,40733,56,56,bbr1
0.387,27805,19,24480,33.3,32.1,20.1,104.4,2.5,884362,40736,56,56,bbr1
0.392,32077,22,24480,33.2,32.8,20.1,104.4,2.0,884362,40739,56,56,bbr1
0.399,37773,26,24480,32.9,30.9,20.1,104.4,2.1,884362,40743,56,56,bbr1
0.405,42045,29,25920,32.5,29.2,20.1,104.4,2.5,884362,40747,56,56,bbr1
0.412,44219,30,25920,32.1,29.8,20.1,104.4,2.5,1105452,40751,56,56,bbr1
0.418,44219,30,27360,31.9,30.1,20.1,104.4,2.4,1105452,40756,56,56,bbr1
0.431,33501,23,23095,31.4,29.9,20.1,104.4,2.2,1105452,40762,56,56,bbr1
0.439,39197,27,27415,31.3,30.8,20.1,104.4,1.8,1105452,40769,56,56,bbr1
0.446,44219,30,28855,31.4,31.5,20.1,104.4,1.4,1105452,40774,56,56,bbr1
0.452,44219,30,30295,31.6,33.2,20.1,104.4,1.5,1105452,40779,56,56,bbr1
0.458,44219,30,33175,31.9,34.4,20.1,104.4,1.8,1105452,40784,56,56,bbr1
0.464,44219,30,33120,31.8,30.9,20.1,104.4,1.6,663271,40788,56,56,bbr1
0.477,33501,23,25920,32.2,34.0,20.1,104.4,1.6,663271,40791,56,56,bbr1
0.485,39197,27,27360,32.6,35.5,20.1,104.4,2.0,884362,40796,56,56,bbr1
0.490,44170,30,25920,33.2,37.2,20.1,104.4,2.7,883128,40799,56,56,bbr1
0.498,44170,30,27360,33.9,38.7,20.1,104.4,3.4,883128,40804,56,56,bbr1
0.505,44170,30,27360,34.6,39.4,20.1,104.4,3.9,883128,40808,56,56,bbr1
0.511,44170,30,27360,34.2,32.1,20.1,104.4,3.6,883128,40812,56,56,bbr1
0.517,27781,19,27360,34.0,32.4,20.1,104.4,3.1,883128,40816,56,56,bbr1
0.524,33477,23,23040,33.8,32.6,20.1,104.4,2.7,883128,40817,56,56,bbr1
0.532,39173,27,25920,33.7,32.7,20.1,104.4,2.3,883128,40823,56,56,bbr1
0.539,44170,30,25920,33.6,32.8,20.1,104.4,2.0,1103910,40827,56,56,bbr1
0.545,44170,30,27360,33.6,33.5,20.1,104.4,1.5,1103910,40832,56,56,bbr1
0.558,33477,23,23040,33.2,30.5,20.1,104.4,1.6,1103910,40837,56,56,bbr1
0.566,39173,27,27360,32.8,30.3,20.1,104.4,1.9,1103910,40844,56,56,bbr1
0.573,44170,30,28800,32.7,31.5,20.1,104.4,1.8,1103910,40849,56,56,bbr1
0.579,44170,30,30240,32.8,33.3,20.1,104.4,1.5,1103910,40854,56,56,bbr1
0.585,44170,30,31680,33.0,34.8,20.1,104.4,1.6,1103910,40859,56,56,bbr1
0.593,44170,30,34560,32.7,30.9,20.1,104.4,1.7,662346,40864,56,56,bbr1
0.604,33477,23,25920,32.8,33.8,20.1,104.4,1.4,662346,40866,56,56,bbr1
0.612,39173,27,27360,33.2,35.4,20.1,104.4,1.7,883128,40871,56,56,bbr1
0.617,44170,30,25920,33.6,36.7,20.1,104.4,2.1,883128,40874,56,56,bbr1
0.625,44170,30,27360,34.2,38.5,20.1,104.4,2.8,883128,40879,56,56,bbr1
0.632,44170,30,27360,35.0,40.1,20.1,104.4,3.6,883128,40883,56,56,bbr1
0.638,27781,19,27360,34.6,32.0,20.1,104.4,3.4,883128,40887,56,56,bbr1
0.644,33477,23,23040,34.3,32.3,20.1,104.4,3.1,883128,40888,56,56,bbr1
0.653,39173,27,25920,34.1,32.5,20.1,104.4,2.8,883128,40894,56,56,bbr1
0.658,44170,30,24480,33.9,32.6,20.1,104.4,2.5,883128,40897,56,56,bbr1
0.666,44170,30,25920,33.8,32.7,20.1,104.4,2.1,883128,40902,56,56,bbr1
0.672,27781,19,25920,33.7,33.4,20.1,104.4,1.7,1103910,40906,56,56,bbr1
0.678,33477,23,23040,33.3,30.5,20.1,104.4,2.1,1103910,40908,56,56,bbr1
0.686,39173,27,27360,32.9,30.4,20.1,104.4,2.3,1103910,40915,56,56,bbr1
0.693,44170,30,28800,32.6,30.5,20.1,104.4,2.3,1103910,40920,56,56,bbr1
0.699,44170,30,30240,32.5,31.4,20.1,104.4,2.1,1103910,40925,56,56,bbr1
0.712,33477,23,25920,32.3,31.2,20.1,104.4,1.5,662346,40930,56,56,bbr1
0.721,39173,27,27360,32.3,32.7,20.1,104.4,1.2,662346,40935,56,56,bbr1
0.728,44170,30,25920,32.6,34.2,20.1,104.4,1.4,662346,40938,56,56,bbr1
0.733,44170,30,24480,33.0,35.8,20.1,104.4,1.9,883128,40941,56,56,bbr1
0.740,44170,30,24480,33.5,37.5,20.1,104.4,2.5,883128,40945,56,56,bbr1
0.748,44170,30,25920,33.4,32.7,20.1,104.4,2.1,883128,40950,56,56,bbr1
0.753,27781,19,24480,33.2,31.8,20.1,104.4,2.0,883128,40953,56,56,bbr1
0.760,33477,23,23040,32.8,29.7,20.1,104.4,2.4,883128,40956,56,56,bbr1
0.768,39173,27,25920,32.4,29.5,20.1,104.4,2.6,883128,40962,56,56,bbr1
0.774,44170,30,25920,32.1,29.9,20.1,104.4,2.6,883128,40966,56,56,bbr1
0.781,43863,30,25920,31.8,30.1,20.1,104.4,2.4,875511,40970,56,56,bbr1
0.788,27627,19,25920,31.6,30.3,20.1,104.4,2.2,875511,40974,56,56,bbr1
0.794,33323,23,23040,31.4,29.7,20.1,104.4,2.1,875511,40976,56,56,bbr1
0.802,39019,27,25920,31.2,30.0,20.1,104.4,1.9,875511,40982,56,56,bbr1
0.808,43863,30,25920,31.1,30.2,20.1,104.4,1.7,875511,40986,56,56,bbr1
0.815,43863,30,25920,31.0,30.6,20.1,104.4,1.4,875511,40990,56,56,bbr1
0.822,27627,19,25920,31.1,31.2,20.1,104.4,1.1,1094388,40994,56,56,bbr1
0.827,33323,23,23040,31.0,30.5,20.1,104.4,1.0,1094388,40996,56,56,bbr1
0.834,39019,27,25920,30.9,30.0,20.1,104.4,1.0,1094388,41002,56,56,bbr1
0.842,43863,30,28800,30.8,30.3,20.1,104.4,0.9,1094388,41008,56,56,bbr1
0.849,42603,29,30240,30.8,30.5,20.1,104.4,0.7,1055252,41013,56,56,bbr1
0.861,32693,22,25975,30.9,31.1,20.1,104.4,0.7,633151,41019,56,56,bbr1
0.868,38389,26,25975,31.1,32.6,20.1,104.4,0.9,633151,41023,56,56,bbr1
0.875,42603,29,24535,31.5,34.1,20.1,104.4,1.4,633151,41026,56,56,bbr1
0.881,42603,29,23095,32.0,35.6,20.1,104.4,2.1,844202,41029,56,56,bbr1
0.888,42603,29,23095,32.6,37.1,20.1,104.4,2.8,844202,41033,56,56,bbr1
0.895,27036,18,23040,32.6,32.2,20.1,104.4,2.2,844202,41037,56,56,bbr1
0.902,32732,22,21600,32.5,31.6,20.1,104.4,1.9,844202,41040,56,56,bbr1
0.909,38428,26,23040,32.1,29.3,20.1,104.4,2.2,844202,41045,56,56,bbr1
0.916,42603,29,23040,31.7,29.3,20.1,104.4,2.4,844202,41049,56,56,bbr1
0.922,42603,29,23040,31.4,29.2,20.1,104.4,2.4,844202,41053,56,56,bbr1
0.929,26997,18,23040,30.9,27.0,20.1,104.4,2.9,844202,41057,56,56,bbr1
0.934,31269,21,23040,30.6,28.8,20.1,104.4,2.7,844202,41060,56,56,bbr1
0.941,36965,25,23040,30.3,28.7,20.1,104.4,2.5,844202,41064,56,56,bbr1
0.948,42603,29,23040,30.1,28.6,20.1,104.4,2.3,844202,41068,56,56,bbr1
0.955,42603,29,23040,29.9,28.6,20.1,104.4,2.1,844202,41072,56,56,bbr1
0.962,25573,17,24480,29.7,28.0,20.1,104.4,2.1,844202,41076,56,56,bbr1
0.966,31269,21,20160,29.5,28.5,20.1,104.4,1.8,844202,41077,56,56,bbr1
0.973,35541,24,23040,29.4,28.0,20.1,104.4,1.8,844202,41082,56,56,bbr1
0.978,41237,28,21600,29.2,28.0,20.1,104.4,1.7,844202,41085,56,56,bbr1
0.987,42603,29,23040,29.0,27.9,20.1,104.4,1.6,1055252,41090,56,56,bbr1
0.992,26997,18,23040,28.6,25.2,20.1,104.4,2.1,1055252,41094,56,56,bbr1
0.997,31269,21,23040,28.4,27.0,20.1,104.4,2.0,1055252,41097,56,56,bbr1
1.005,36965,25,25920,28.2,26.8,20.1,104.4,1.9,1055252,41103,56,56,bbr1
1.011,42603,29,27360,27.9,26.4,20.1,104.4,1.8,1055252,41108,56,56,bbr1
1.018,42603,29,28800,27.9,27.9,20.1,104.4,1.4,1055252,41113,56,56,bbr1
1.025,42603,29,30240,28.1,29.1,20.1,104.4,1.3,1055252,41118,56,56,bbr1
1.033,42603,29,31680,28.4,30.4,20.1,104.4,1.6,633151,41123,56,56,bbr1
1.044,32693,22,24480,29.3,32.7,20.1,104.4,2.5,633151,41126,56,56,bbr1
1.051,38389,26,24480,29.9,34.4,20.1,104.4,3.1,844202,41130,56,56,bbr1
1.058,42603,29,24480,30.6,35.6,20.1,104.4,3.8,844202,41134,56,56,bbr1
1.065,42603,29,24480,31.4,37.0,20.1,104.4,4.4,844202,41138,56,56,bbr1
1.071,42603,29,24480,32.0,36.3,20.1,104.4,4.5,844202,41142,56,56,bbr1
1.080,26997,18,25920,32.0,31.5,20.1,104.4,3.5,844202,41147,56,56,bbr1
1.085,32693,22,21600,31.8,30.4,20.1,104.4,3.0,844202,41148,56,56,bbr1
1.092,38389,26,23040,31.6,30.3,20.1,104.4,2.6,844202,41153,56,56,bbr1
1.099,42603,29,23040,31.4,30.4,20.1,104.4,2.3,844202,41157,56,56,bbr1
1.105,42603,29,24480,31.4,30.8,20.1,104.4,1.9,844202,41161,56,56,bbr1
1.110,26997,18,23040,31.3,30.7,20.1,104.4,1.6,844202,41164,56,56,bbr1
1.117,32693,22,21600,31.0,28.7,20.1,104.4,1.8,844202,41167,56,56,bbr1
1.124,38389,26,23040,30.7,28.7,20.1,104.4,1.9,843914,41172,56,56,bbr1
1.131,42592,29,23040,30.4,28.6,20.1,104.4,2.0,1054892,41176,56,56,bbr1
1.137,42592,29,24480,30.2,28.5,20.1,104.4,1.9,1054892,41181,56,56,bbr1
1.144,26992,18,25920,29.8,27.0,20.1,104.4,2.3,1054892,41186,56,56,bbr1
1.151,32688,22,21600,29.6,28.0,20.1,104.4,2.1,1054892,41187,56,56,bbr1
1.158,38384,26,24480,29.4,28.0,20.1,104.4,2.0,1054892,41193,56,56,bbr1
1.165,42592,29,25920,29.4,29.6,20.1,104.4,1.6,1054892,41198,56,56,bbr1
1.171,42592,29,27360,29.6,31.0,20.1,104.4,1.6,1054892,41203,56,56,bbr1
1.178,42592,29,30240,29.9,32.0,20.1,104.4,1.8,1054892,41208,56,56,bbr1
1.185,42592,29,30240,29.8,29.4,20.1,104.4,1.5,632935,41212,56,56,bbr1
1.197,32688,22,23040,30.2,32.1,20.1,104.4,1.5,632935,41215,56,56,bbr1
1.203,38384,26,23040,30.6,33.3,20.1,104.4,1.9,843914,41219,56,56,bbr1
1.210,42592,29,23040,31.1,34.7,20.1,104.4,2.5,843914,41223,56,56,bbr1
1.217,43844,30,23040,31.7,36.0,20.1,104.4,3.1,875028,41227,56,56,bbr1
1.224,43844,30,24480,32.1,35.1,20.1,104.4,3.2,875028,41231,56,56,bbr1
1.230,27618,19,24480,31.8,29.8,20.1,104.4,3.0,875028,41235,56,56,bbr1
1.236,33314,23,23040,31.4,28.6,20.1,104.4,3.0,875028,41238,56,56,bbr1
1.244,39010,27,24480,31.1,28.7,20.1,104.4,3.0,875028,41243,56,56,bbr1
1.250,43844,30,24480,30.8,28.7,20.1,104.4,2.8,875028,41247,56,56,bbr1
1.256,43844,30,24480,30.6,28.8,20.1,104.4,2.6,875028,41251,56,56,bbr1
1.263,26194,18,25920,30.4,29.5,20.1,104.4,2.2,1093785,41255,56,56,bbr1
1.268,31890,22,21600,30.3,29.7,20.1,104.4,1.8,1093785,41256,56,56,bbr1
1.275,37586,26,24480,30.3,29.8,20.1,104.4,1.5,1093785,41262,56,56,bbr1
1.282,43282,30,27360,30.2,29.6,20.1,104.4,1.3,1093785,41268,56,56,bbr1
1.289,43844,30,28800,30.1,29.8,20.1,104.4,1.1,1093785,41273,56,56,bbr1
1.300,31890,22,25920,29.7,29.3,20.1,104.4,1.3,1093785,41278,56,56,bbr1
1.307,37586,26,27360,29.8,30.8,20.1,104.4,1.3,1093785,41283,56,56,bbr1
1.315,43282,30,31680,30.1,32.4,20.1,104.4,1.6,1093785,41290,56,56,bbr1
1.322,43844,30,33120,30.6,33.8,20.1,104.4,2.1,656271,41295,56,56,bbr1
1.329,43844,30,31680,31.2,35.4,20.1,104.4,2.8,656271,41298,56,56,bbr1
1.341,33314,23,24480,31.6,33.8,20.1,104.4,2.4,656271,41301,56,56,bbr1
1.347,37586,26,25920,32.2,36.3,20.1,104.4,2.9,875028,41305,56,56,bbr1
1.354,43282,30,25920,32.9,37.8,20.1,104.4,3.6,875028,41309,56,56,bbr1
1.360,43844,30,25920,33.7,39.2,20.1,104.4,4.3,875028,41313,56,56,bbr1
1.366,43844,30,25920,34.1,36.9,20.1,104.4,4.0,875028,41317,56,56,bbr1
1.373,27618,19,25920,33.6,30.4,20.1,104.4,3.9,875028,41321,56,56,bbr1
1.380,33314,23,23040,33.3,31.2,20.1,104.4,3.6,875028,41323,56,56,bbr1
1.388,39010,27,25920,33.1,31.3,20.1,104.4,3.2,875028,41329,56,56,bbr1
1.394,43282,30,27360,32.8,31.1,20.1,104.4,2.9,1093785,41333,56,56,bbr1
1.399,43844,30,27360,32.7,31.7,20.1,104.4,2.4,1093785,41337,56,56,bbr1
1.406,43844,30,28800,32.6,31.9,20.1,104.4,2.0,1093785,41342,56,56,bbr1
1.419,33314,23,24480,32.0,30.1,20.1,104.4,2.2,1093785,41347,56,56,bbr1
1.427,39010,27,28800,31.9,31.0,20.1,104.4,1.9,1093785,41354,56,56,bbr1
1.433,43844,30,30240,32.0,32.7,20.1,104.4,1.6,1093785,41359,56,56,bbr1
0.006,43844,30,0,33.9,37.0,20.1,104.4,2.5,1093785,41362,56,56,bbr1
0.009,43844,30,0,33.1,27.3,20.1,104.4,3.5,1093785,41364,56,56,bbr1
0.062,5760,4,2880,30.2,29.8,20.1,104.4,3.4,875028,41387,56,56,bbr1
0.069,5760,4,4320,30.3,30.5,20.1,104.4,2.6,875028,41390,56,56,bbr1
0.087,5760,4,2880,29.0,20.2,20.1,104.4,4.5,875028,41392,56,56,bbr1
0.094,5760,4,4320,27.9,20.3,20.1,104.4,5.6,875028,41395,56,56,bbr1
0.113,5760,4,2880,26.9,20.3,20.1,104.4,6.1,875028,41397,56,56,bbr1
0.120,5760,4,4320,26.1,20.4,20.1,104.4,6.2,875028,41400,56,56,bbr1
0.138,5760,4,2880,25.4,20.2,20.1,104.4,6.1,875028,41402,56,56,bbr1
0.145,5760,4,4320,24.8,20.3,20.1,104.4,5.8,875028,41405,56,56,bbr1
0.164,5760,4,2880,24.2,20.3,20.1,104.4,5.5,843128,41407,56,56,bbr1
0.171,5760,4,4320,23.7,20.2,20.1,104.4,5.1,843128,41410,56,56,bbr1
0.189,5760,4,2880,23.3,20.2,20.1,104.4,4.7,843128,41412,56,56,bbr1
0.196,5760,4,4320,22.9,20.3,20.1,104.4,4.3,843128,41415,56,56,bbr1
0.215,5760,4,2880,22.5,20.1,20.1,104.4,3.9,841994,41417,56,56,bbr1
0.221,5760,4,4320,22.3,20.2,20.1,104.4,3.5,841994,41420,56,56,bbr1
0.240,5760,4,2880,22.0,20.3,20.1,104.4,3.1,841994,41422,56,56,bbr1
0.247,5760,4,4320,21.8,20.3,20.1,104.4,2.8,841994,41425,56,56,bbr1
0.266,42527,29,2880,21.6,20.3,20.1,104.4,2.5,840965,41427,56,56,bbr1
0.272,42527,29,7200,21.4,20.2,20.1,104.4,2.2,840965,41432,56,56,bbr1
0.291,42527,29,17280,21.3,20.4,20.1,104.4,1.9,840965,41443,56,56,bbr1
0.297,42527,29,15840,21.2,20.2,20.1,104.4,1.7,840965,41446,56,56,bbr1
0.303,42527,29,15840,21.0,20.2,20.1,104.4,1.5,840965,41450,56,56,bbr1
0.310,42527,29,15840,20.9,20.2,20.1,104.4,1.4,840965,41454,56,56,bbr1
0.317,42482,29,17280,20.8,20.1,20.1,104.4,1.2,840635,41458,56,56,bbr1
0.322,42482,29,17280,20.7,20.2,20.1,104.4,1.1,840635,41461,56,56,bbr1
0.327,42482,29,15840,20.7,20.1,20.1,104.4,1.0,840635,41464,56,56,bbr1
0.336,42482,29,17280,20.8,22.0,20.1,104.4,1.1,840635,41469,56,56,bbr1
0.341,42119,29,15840,20.8,20.1,20.1,104.4,1.0,1039516,41472,56,56,bbr1
0.348,42119,29,18720,20.7,20.2,20.1,104.4,0.9,1039516,41477,56,56,bbr1
0.353,42119,29,18720,20.6,20.3,20.1,104.4,0.7,1039516,41481,56,56,bbr1
0.360,42119,29,20160,20.6,20.2,20.1,104.4,0.7,1039516,41486,56,56,bbr1
0.367,42676,29,21600,20.6,21.1,20.1,104.4,0.6,1056838,41491,56,56,bbr1
0.374,42676,29,24480,20.8,22.0,20.1,104.4,0.8,1056838,41496,56,56,bbr1
0.378,43062,29,23040,21.1,23.2,20.1,104.4,1.2,1068811,41499,56,56,bbr1
0.385,43516,30,24480,21.5,24.4,20.1,104.4,1.7,1082900,41504,56,56,bbr1
0.393,43516,30,27360,22.0,25.7,20.1,104.4,2.4,1082900,41510,56,56,bbr1
0.399,43516,30,28800,22.7,27.0,20.1,104.4,3.0,1082900,41515,56,56,bbr1
0.406,44152,30,30240,23.4,28.4,20.1,104.4,3.7,1102645,41520,56,56,bbr1
0.413,44152,30,33120,24.1,29.4,20.1,104.4,4.3,1102645,41525,56,56,bbr1
0.419,44152,30,33120,25.0,30.8,20.1,104.4,4.9,661587,41529,56,56,bbr1
0.425,44152,30,31680,25.9,32.3,20.1,104.4,5.5,661587,41532,56,56,bbr1
0.431,44152,30,30240,26.9,33.8,20.1,104.4,6.1,661587,41535,56,56,bbr1
0.438,44152,30,30240,27.9,34.8,20.1,104.4,6.5,661587,41538,56,56,bbr1
0.442,44152,30,27360,28.9,36.1,20.1,104.4,7.0,661587,41540,56,56,bbr1
0.449,44152,30,27360,30.0,37.5,20.1,104.4,7.4,661587,41543,56,56,bbr1
0.455,44152,30,25920,31.1,39.0,20.1,104.4,7.8,661587,41546,56,56,bbr1
0.462,44152,30,24480,31.9,37.7,20.1,104.4,7.5,882116,41549,56,56,bbr1
0.468,44152,30,24480,32.4,36.1,20.1,104.4,6.7,882116,41553,56,56,bbr1
0.474,44152,30,24480,32.6,34.1,20.1,104.4,5.4,882116,41557,56,56,bbr1
0.483,44152,30,25920,32.6,32.2,20.1,104.4,4.2,882116,41562,56,56,bbr1
0.489,44152,30,25920,32.3,30.2,20.1,104.4,3.7,882116,41566,56,56,bbr1
0.496,27772,19,25920,31.9,29.4,20.1,104.4,3.5,882116,41570,56,56,bbr1
0.502,33468,23,23040,31.7,30.2,20.1,104.4,3.0,882116,41572,56,56,bbr1
0.510,39164,27,25920,31.5,30.4,20.1,104.4,2.6,882116,41578,56,56,bbr1
0.516,44152,30,25920,31.4,30.7,20.1,104.4,2.2,1102645,41582,56,56,bbr1
0.523,44152,30,27360,31.3,30.5,20.1,104.4,1.9,1102645,41587,56,56,bbr1
0.535,33468,23,23040,31.1,30.4,20.1,104.4,1.4,1102645,41592,56,56,bbr1
0.543,39164,27,27360,31.1,30.7,20.1,104.4,1.2,1102645,41599,56,56,bbr1
0.550,44152,30,28800,31.1,31.7,20.1,104.4,1.0,1102645,41604,56,56,bbr1
0.557,44152,30,30240,31.3,32.6,20.1,104.4,1.2,1102645,41609,56,56,bbr1
0.563,44152,30,31680,31.8,34.7,20.1,104.4,1.7,1102645,41614,56,56,bbr1
0.570,44152,30,33120,31.7,31.2,20.1,104.4,1.4,661587,41619,56,56,bbr1
0.583,33468,23,25920,32.1,34.4,20.1,104.4,1.6,661587,41622,56,56,bbr1
0.592,39164,27,27360,32.6,35.8,20.1,104.4,2.1,882116,41627,56,56,bbr1
0.598,44152,30,27360,33.2,37.2,20.1,104.4,2.8,882116,41631,56,56,bbr1
0.603,44152,30,25920,33.9,39.0,20.1,104.4,3.5,882116,41634,56,56,bbr1
0.611,44152,30,27360,34.6,39.5,20.1,104.4,4.0,882116,41639,56,56,bbr1
0.617,27772,19,27360,34.3,32.0,20.1,104.4,3.7,882116,41643,56,56,bbr1
0.623,33468,23,23040,34.0,31.8,20.1,104.4,3.4,882116,41644,56,56,bbr1
0.632,39164,27,25920,33.8,32.5,20.1,104.4,2.9,882116,41650,56,56,bbr1
0.637,44152,30,24480,33.6,32.5,20.1,104.4,2.5,882116,41653,56,56,bbr1
0.645,44152,30,25920,33.5,32.7,20.1,104.4,2.1,882116,41658,56,56,bbr1
0.651,27772,19,25920,33.5,33.3,20.1,104.4,1.6,1102645,41662,56,56,bbr1
0.657,33468,23,23040,33.1,30.6,20.1,104.4,2.0,1102645,41664,56,56,bbr1
0.665,39164,27,27360,32.8,30.3,20.1,104.4,2.2,1102645,41671,56,56,bbr1
0.672,44152,30,28800,32.5,30.5,20.1,104.4,2.2,1102645,41676,56,56,bbr1
0.679,44152,30,31680,32.3,31.1,20.1,104.4,2.0,1102645,41681,56,56,bbr1
0.685,44152,30,31680,32.2,31.8,20.1,104.4,1.6,661587,41685,56,56,bbr1
0.696,33468,23,24480,32.1,32.3,20.1,104.4,1.3,661587,41688,56,56,bbr1
0.704,39164,27,25920,32.3,33.8,20.1,104.4,1.4,882116,41693,56,56,bbr1
0.710,44152,30,24480,32.7,35.4,20.1,104.4,1.8,882116,41696,56,56,bbr1
0.718,44152,30,25920,33.2,36.6,20.1,104.4,2.3,882116,41701,56,56,bbr1
0.724,44152,30,25920,33.6,36.2,20.1,104.4,2.5,882116,41705,56,56,bbr1
0.731,27772,19,25920,33.3,31.7,20.1,104.4,2.4,882116,41709,56,56,bbr1
0.737,33468,23,23040,32.9,30.3,20.1,104.4,2.5,882116,41711,56,56,bbr1
0.745,39164,27,25920,32.6,30.5,20.1,104.4,2.5,882116,41717,56,56,bbr1
0.751,44152,30,24480,32.5,31.3,20.1,104.4,2.2,1102645,41720,56,56,bbr1
0.757,43999,30,27360,32.4,31.5,20.1,104.4,1.9,1097890,41726,56,56,bbr1
0.771,33391,23,23040,32.0,30.6,20.1,104.4,1.7,1097890,41731,56,56,bbr1
0.778,37663,26,27360,31.8,30.7,20.1,104.4,1.6,1097890,41737,56,56,bbr1
0.783,43359,30,27360,31.8,31.6,20.1,104.4,1.3,1097890,41741,56,56,bbr1
0.791,43999,30,30240,32.0,33.2,20.1,104.4,1.3,1097890,41747,56,56,bbr1
0.797,43999,30,31680,32.3,34.7,20.1,104.4,1.6,1097890,41752,56,56,bbr1
0.805,43999,30,33120,32.1,30.7,20.1,104.4,1.6,658734,41757,56,56,bbr1
0.817,33391,23,25920,32.3,33.6,20.1,104.4,1.3,658734,41760,56,56,bbr1
0.825,37663,26,28800,32.6,34.7,20.1,104.4,1.6,878312,41765,56,56,bbr1
0.828,43359,30,25920,33.1,36.3,20.1,104.4,2.1,878312,41767,56,56,bbr1
0.836,43999,30,27360,33.7,37.9,20.1,104.4,2.8,878312,41772,56,56,bbr1
0.843,43999,30,27360,34.4,39.3,20.1,104.4,3.5,878312,41776,56,56,bbr1
0.850,27695,19,27360,34.1,32.1,20.1,104.4,3.2,878312,41780,56,56,bbr1
0.854,31967,22,24480,33.9,32.8,20.1,104.4,2.7,878312,41781,56,56,bbr1
0.863,37663,26,27360,33.7,32.1,20.1,104.4,2.5,878312,41787,56,56,bbr1
0.869,43359,30,27360,33.5,32.2,20.1,104.4,2.3,878312,41791,56,56,bbr1
0.875,43999,30,27360,33.4,32.8,20.1,104.4,1.9,878312,41795,56,56,bbr1
0.882,43999,30,27360,33.4,33.1,20.1,104.4,1.5,878312,41799,56,56,bbr1
0.889,27695,19,27360,33.2,31.5,20.1,104.4,1.6,878312,41803,56,56,bbr1
0.894,33391,23,23040,33.0,31.8,20.1,104.4,1.5,878312,41804,56,56,bbr1
0.903,39087,27,25920,32.9,32.5,20.1,104.4,1.3,878312,41810,56,56,bbr1
0.908,43359,30,25920,32.8,32.3,20.1,104.4,1.1,1097890,41813,56,56,bbr1
0.914,43999,30,27360,32.8,32.4,20.1,104.4,1.0,1097890,41818,56,56,bbr1
0.921,43999,30,28800,32.8,33.1,20.1,104.4,0.8,1097890,41823,56,56,bbr1
0.933,33391,23,24535,32.2,30.6,20.1,104.4,1.4,1097890,41829,56,56,bbr1
0.941,39087,27,28855,32.1,31.5,20.1,104.4,1.3,1097890,41836,56,56,bbr1
0.948,43999,30,30295,32.2,32.7,20.1,104.4,1.1,1097890,41841,56,56,bbr1
0.955,43999,30,33175,32.5,34.2,20.1,104.4,1.3,1097890,41846,56,56,bbr1
0.961,43999,30,33175,32.8,35.5,20.1,104.4,1.7,658734,41850,56,56,bbr1
0.967,43999,30,31680,32.6,30.6,20.1,104.4,1.9,658734,41853,56,56,bbr1
0.979,33391,23,24480,33.0,35.4,20.1,104.4,1.9,658734,41856,56,56,bbr1
0.988,39087,27,25920,33.5,36.7,20.1,104.4,2.4,878312,41861,56,56,bbr1
0.994,43999,30,25920,34.1,38.0,20.1,104.4,2.9,878312,41865,56,56,bbr1
1.001,43999,30,25920,34.8,39.9,20.1,104.4,3.6,878312,41869,56,56,bbr1
1.007,43999,30,25920,35.1,37.1,20.1,104.4,3.3,878312,41873,56,56,bbr1
1.014,27695,19,25920,34.6,31.6,20.1,104.4,3.4,878312,41877,56,56,bbr1
1.020,33391,23,23040,34.1,30.6,20.1,104.4,3.5,878312,41879,56,56,bbr1
1.028,39087,27,25920,33.7,30.5,20.1,104.4,3.6,878312,41885,56,56,bbr1
1.033,43999,30,24480,33.4,31.1,20.1,104.4,3.3,878312,41888,56,56,bbr1
1.041,43999,30,25920,33.1,31.3,20.1,104.4,3.0,878312,41893,56,56,bbr1
1.048,27695,19,25920,32.9,31.5,20.1,104.4,2.6,878312,41897,56,56,bbr1
1.054,33391,23,23040,32.6,30.6,20.1,104.4,2.6,877360,41899,56,56,bbr1
1.060,39087,27,24480,32.3,30.2,20.1,104.4,2.5,877360,41904,56,56,bbr1
1.068,43960,30,25920,32.1,30.5,20.1,104.4,2.3,1096700,41909,56,56,bbr1
1.075,43960,30,27360,32.0,31.2,20.1,104.4,2.0,1096700,41914,56,56,bbr1
1.088,33372,23,23040,31.7,30.3,20.1,104.4,1.6,1096700,41919,56,56,bbr1
1.096,39068,27,27360,31.6,30.7,20.1,104.4,1.5,1096700,41926,56,56,bbr1
1.102,43960,30,28800,31.6,31.5,20.1,104.4,1.1,1096700,41931,56,56,bbr1
1.109,43960,30,30240,31.7,32.7,20.1,104.4,1.1,1096700,41936,56,56,bbr1
1.115,43960,30,31680,32.1,34.5,20.1,104.4,1.6,1096700,41941,56,56,bbr1
1.123,43960,30,33120,32.0,31.1,20.1,104.4,1.4,658020,41946,56,56,bbr1
1.135,33372,23,25920,32.3,34.2,20.1,104.4,1.5,658020,41949,56,56,bbr1
1.144,39068,27,27360,32.7,35.7,20.1,104.4,2.0,877360,41954,56,56,bbr1
1.150,43960,30,27360,33.3,37.3,20.1,104.4,2.6,877360,41958,56,56,bbr1
1.155,43960,30,25920,34.0,38.7,20.1,104.4,3.3,877360,41961,56,56,bbr1
1.163,43867,30,27360,34.7,39.4,20.1,104.4,3.8,875041,41966,56,56,bbr1
1.170,27629,19,27360,34.3,32.0,20.1,104.4,3.6,875041,41970,56,56,bbr1
1.176,33325,23,23040,34.0,31.7,20.1,104.4,3.3,875041,41971,56,56,bbr1
1.182,39021,27,24480,33.8,32.4,20.1,104.4,2.9,875041,41976,56,56,bbr1
1.191,43867,30,25920,33.7,32.7,20.1,104.4,2.4,875041,41981,56,56,bbr1
1.196,43867,30,24480,33.6,32.8,20.1,104.4,2.1,875041,41984,56,56,bbr1
1.204,27629,19,25920,33.5,32.7,20.1,104.4,1.8,1093801,41989,56,56,bbr1
1.210,33325,23,23040,33.1,30.4,20.1,104.4,2.1,1093801,41991,56,56,bbr1
1.217,37597,26,28800,32.7,30.0,20.1,104.4,2.3,1093801,41998,56,56,bbr1
1.221,43293,30,27360,32.4,30.7,20.1,104.4,2.2,1093801,42001,56,56,bbr1
1.229,43867,30,30240,32.3,31.0,20.1,104.4,2.0,1093801,42007,56,56,bbr1
1.242,33325,23,25920,32.0,30.9,20.1,104.4,1.7,656280,42012,56,56,bbr1
1.248,39021,27,25920,32.0,32.3,20.1,104.4,1.3,656280,42016,56,56,bbr1
1.257,43867,30,25920,32.2,33.8,20.1,104.4,1.4,656280,42020,56,56,bbr1
1.263,43867,30,24480,32.6,35.4,20.1,104.4,1.9,875041,42023,56,56,bbr1
1.270,43867,30,24480,33.2,36.9,20.1,104.4,2.5,875041,42027,56,56,bbr1
1.277,27629,19,24480,33.0,32.0,20.1,104.4,2.1,875041,42031,56,56,bbr1
1.282,31901,22,24480,32.9,32.2,20.1,104.4,1.8,875041,42034,56,56,bbr1
1.288,37597,26,24480,32.5,30.0,20.1,104.4,2.1,875041,42038,56,56,bbr1
1.295,43293,30,24480,32.1,28.8,20.1,104.4,2.5,875041,42042,56,56,bbr1
1.301,43867,30,24480,31.7,29.5,20.1,104.4,2.5,875041,42046,56,56,bbr1
1.310,27629,19,25920,31.5,29.7,20.1,104.4,2.4,875041,42051,56,56,bbr1
1.315,33325,23,23040,31.3,29.8,20.1,104.4,2.2,875041,42053,56,56,bbr1
1.323,39021,27,25920,31.1,29.6,20.1,104.4,2.1,875041,42059,56,56,bbr1
1.329,43867,30,25920,31.0,30.2,20.1,104.4,1.8,875041,42063,56,56,bbr1
1.335,42596,29,24480,30.9,30.4,20.1,104.4,1.5,843476,42066,56,56,bbr1
1.342,26994,18,24480,30.8,30.6,20.1,104.4,1.2,1054345,42070,56,56,bbr1
1.348,32690,22,21600,30.8,30.5,20.1,104.4,1.0,1054345,42072,56,56,bbr1
1.355,38386,26,24480,30.8,30.6,20.1,104.4,0.8,1054345,42078,56,56,bbr1
1.362,42596,29,25920,30.7,30.5,20.1,104.4,0.7,1054345,42083,56,56,bbr1
1.369,42596,29,27360,30.7,30.4,20.1,104.4,0.6,1054345,42088,56,56,bbr1
1.381,31266,21,24480,30.1,29.5,20.1,104.4,1.2,1054345,42093,56,56,bbr1
1.387,36962,25,25920,30.2,30.7,20.1,104.4,1.0,1054345,42098,56,56,bbr1
1.394,42658,29,28800,30.4,32.0,20.1,104.4,1.2,1056280,42104,56,56,bbr1
1.401,42658,29,30240,30.8,33.4,20.1,104.4,1.6,1056280,42109,56,56,bbr1
1.409,42658,29,31680,31.3,34.7,20.1,104.4,2.2,633768,42114,56,56,bbr1
1.421,32721,22,24480,31.7,33.8,20.1,104.4,2.0,633768,42117,56,56,bbr1
1.428,38417,26,24480,32.1,35.1,20.1,104.4,2.4,845024,42121,56,56,bbr1
1.435,42658,29,24480,32.7,36.4,20.1,104.4,2.8,845024,42125,56,56,bbr1
1.442,42658,29,25920,33.3,37.4,20.1,104.4,3.3,845024,42129,56,56,bbr1
1.448,42658,29,25920,33.8,37.7,20.1,104.4,3.6,845024,42133,56,56,bbr1
1.454,27025,18,24480,33.4,30.3,20.1,104.4,3.6,845024,42136,56,56,bbr1
1.460,32721,22,21600,33.1,30.8,20.1,104.4,3.3,845024,42138,56,56,bbr1
1.467,38417,26,23040,32.8,30.8,20.1,104.4,3.0,845024,42143,56,56,bbr1
1.474,42658,29,23040,32.5,30.7,20.1,104.4,2.8,845024,42147,56,56,bbr1
1.481,42658,29,23040,32.2,30.4,20.1,104.4,2.6,845024,42151,56,56,bbr1
1.488,25601,17,24480,32.1,30.7,20.1,104.4,2.4,845024,42155,56,56,bbr1
1.493,31297,21,20160,31.6,28.7,20.1,104.4,2.6,845024,42156,56,56,bbr1
1.499,36993,25,21600,31.3,28.7,20.1,104.4,2.7,845024,42161,56,56,bbr1
1.506,42658,29,21600,30.9,28.6,20.1,104.4,2.7,845024,42165,56,56,bbr1
1.513,42658,29,21600,30.6,28.6,20.1,104.4,2.6,1056280,42169,56,56,bbr1
1.520,27025,18,23040,29.9,25.1,20.1,104.4,3.3,1056280,42174,56,56,bbr1
1.526,32721,22,21600,29.6,26.8,20.1,104.4,3.3,1056280,42177,56,56,bbr1
1.533,38417,26,24480,29.2,26.7,20.1,104.4,3.2,1056280,42183,56,56,bbr1
1.540,42658,29,25920,28.9,26.9,20.1,104.4,2.9,1056280,42188,56,56,bbr1
1.547,42658,29,27360,28.8,28.3,20.1,104.4,2.4,1056280,42193,56,56,bbr1
1.554,42658,29,28800,28.6,27.0,20.1,104.4,2.2,1056280,42198,56,56,bbr1
1.560,42658,29,30240,28.7,29.3,20.1,104.4,1.9,1056280,42202,56,56,bbr1
1.567,42658,29,31680,29.0,30.8,20.1,104.4,1.9,633768,42207,56,56,bbr1
1.574,42658,29,30240,29.3,32.0,20.1,104.4,2.2,633768,42210,56,56,bbr1
0.006,42658,29,0,32.7,34.3,20.1,104.4,3.8,845024,42213,56,56,bbr1
0.007,42658,29,0,32.0,27.2,20.1,104.4,4.2,845024,42215,56,56,bbr1
0.033,42658,29,18720,30.9,22.9,20.1,104.4,5.5,845024,42233,56,56,bbr1
0.039,42658,29,18720,29.9,22.9,20.1,104.4,6.1,845024,42237,56,56,bbr1
0.047,42658,29,18720,29.0,22.8,20.1,104.4,6.3,845024,42241,56,56,bbr1
0.054,42658,29,18720,28.2,22.8,20.1,104.4,6.3,845024,42245,56,56,bbr1
0.060,42658,29,18720,27.6,23.2,20.1,104.4,6.0,845024,42249,56,56,bbr1
0.067,42658,29,18720,27.0,23.1,20.1,104.4,5.6,845024,42253,56,56,bbr1
0.073,42658,29,20160,26.5,23.1,20.1,104.4,5.2,1056280,42257,56,56,bbr1
0.079,42658,29,20160,26.1,23.0,20.1,104.4,4.8,1056280,42261,56,56,bbr1
0.086,42658,29,21600,25.7,23.0,20.1,104.4,4.4,1056280,42266,56,56,bbr1
0.093,42658,29,23040,25.4,23.0,20.1,104.4,3.9,1056280,42271,56,56,bbr1
0.099,43143,29,24480,25.2,23.6,20.1,104.4,3.4,1071320,42276,56,56,bbr1
0.106,43143,29,25920,25.1,24.8,20.1,104.4,2.6,1071320,42281,56,56,bbr1
0.113,43143,29,27360,25.2,26.0,20.1,104.4,2.2,1071320,42286,56,56,bbr1
0.120,43143,29,28800,25.5,27.6,20.1,104.4,2.2,1071320,42291,56,56,bbr1
0.126,43143,29,30240,25.9,28.9,20.1,104.4,2.5,1071320,42296,56,56,bbr1
0.134,43143,29,31680,26.5,30.2,20.1,104.4,3.0,642792,42301,56,56,bbr1
0.140,43143,29,30240,27.1,31.5,20.1,104.4,3.5,642792,42304,56,56,bbr1
0.147,43143,29,28800,27.8,32.7,20.1,104.4,4.0,642792,42307,56,56,bbr1
0.154,43143,29,27360,28.6,34.5,20.1,104.4,4.7,642792,42310,56,56,bbr1
0.161,43143,29,27360,29.5,35.5,20.1,104.4,5.2,642792,42313,56,56,bbr1
0.165,43143,29,24480,30.4,36.7,20.1,104.4,5.7,642792,42315,56,56,bbr1
0.171,43143,29,23040,31.2,36.9,20.1,104.4,5.9,857056,42318,56,56,bbr1
0.178,43143,29,23040,31.7,35.2,20.1,104.4,5.4,857056,42322,56,56,bbr1
0.185,43143,29,23040,31.9,33.1,20.1,104.4,4.4,857056,42326,56,56,bbr1
0.193,43143,29,24480,31.8,30.9,20.1,104.4,3.6,857056,42331,56,56,bbr1
0.200,43143,29,25920,31.4,28.8,20.1,104.4,3.4,857056,42335,56,56,bbr1
0.205,43143,29,24480,31.1,28.7,20.1,104.4,3.2,857056,42338,56,56,bbr1
0.211,27267,18,24480,30.8,28.8,20.1,104.4,3.0,857056,42342,56,56,bbr1
0.217,31539,21,23040,30.5,28.3,20.1,104.4,2.9,857056,42344,56,56,bbr1
0.222,37235,25,23040,30.2,28.3,20.1,104.4,2.7,857056,42348,56,56,bbr1
0.231,42931,29,24480,30.0,28.4,20.1,104.4,2.4,857056,42353,56,56,bbr1
0.237,43143,29,24480,29.8,28.9,20.1,104.4,2.1,857056,42357,56,56,bbr1
0.243,27267,18,24480,29.7,28.5,20.1,104.4,1.9,1071320,42361,56,56,bbr1
0.249,32963,22,21600,29.5,28.7,20.1,104.4,1.7,1071320,42363,56,56,bbr1
0.256,38659,26,24480,29.4,28.4,20.1,104.4,1.5,1071320,42369,56,56,bbr1
0.264,43143,29,27360,29.3,28.4,20.1,104.4,1.4,1071320,42375,56,56,bbr1
0.271,43143,29,28800,29.2,28.4,20.1,104.4,1.3,1071320,42380,56,56,bbr1
0.281,31539,21,25920,29.0,29.4,20.1,104.4,1.2,642792,42385,56,56,bbr1
0.288,37235,25,25920,29.2,30.8,20.1,104.4,1.4,642792,42389,56,56,bbr1
0.295,42931,29,24480,29.6,32.3,20.1,104.4,1.8,642792,42392,56,56,bbr1
0.302,43143,29,23040,30.1,33.7,20.1,104.4,2.4,857056,42395,56,56,bbr1
0.309,43143,29,24480,30.7,35.0,20.1,104.4,3.0,857056,42400,56,56,bbr1
0.316,27267,18,24480,30.9,31.9,20.1,104.4,2.6,857056,42404,56,56,bbr1
0.322,32963,22,21600,30.9,31.5,20.1,104.4,2.1,857056,42406,56,56,bbr1
0.329,38659,26,23040,30.7,29.2,20.1,104.4,2.0,857056,42411,56,56,bbr1
0.335,43143,29,23040,30.5,29.2,20.1,104.4,1.9,857056,42415,56,56,bbr1
0.344,43143,29,24480,30.4,29.3,20.1,104.4,1.7,857056,42420,56,56,bbr1
0.350,27267,18,24480,30.0,27.0,20.1,104.4,2.1,1071320,42424,56,56,bbr1
0.354,31539,21,23040,29.8,28.7,20.1,104.4,1.9,1071320,42426,56,56,bbr1
0.361,37235,25,25920,29.7,28.8,20.1,104.4,1.7,1071320,42432,56,56,bbr1
0.368,42931,29,27360,29.6,28.8,20.1,104.4,1.5,1071320,42437,56,56,bbr1
0.374,43143,29,28800,29.5,28.9,20.1,104.4,1.3,1071320,42442,56,56,bbr1
0.388,32963,22,25920,29.7,31.1,20.1,104.4,1.1,642792,42448,56,56,bbr1
0.395,38659,26,25920,30.0,32.4,20.1,104.4,1.5,642792,42452,56,56,bbr1
0.401,43143,29,24480,30.5,33.7,20.1,104.4,2.1,642792,42455,56,56,bbr1
0.410,43143,29,24480,31.1,35.2,20.1,104.4,2.7,857056,42459,56,56,bbr1
0.417,43143,29,24480,31.8,36.6,20.1,104.4,3.4,857056,42463,56,56,bbr1
0.423,27267,18,24480,31.8,32.1,20.1,104.4,2.6,853231,42467,56,56,bbr1
0.429,32963,22,21600,31.8,31.5,20.1,104.4,2.1,853231,42469,56,56,bbr1
0.435,38659,26,23040,31.5,29.3,20.1,104.4,2.2,853231,42474,56,56,bbr1
0.443,42989,29,24480,31.1,28.5,20.1,104.4,2.4,1066538,42479,56,56,bbr1
0.449,42989,29,24480,30.8,28.4,20.1,104.4,2.4,1066538,42483,56,56,bbr1
0.461,31462,21,23040,30.1,28.7,20.1,104.4,2.4,1066538,42489,56,56,bbr1
0.468,37158,25,25920,29.9,28.8,20.1,104.4,2.2,1066538,42495,56,56,bbr1
0.474,42854,29,27360,29.9,29.5,20.1,104.4,1.7,1066538,42500,56,56,bbr1
0.481,42989,29,28800,30.0,30.9,20.1,104.4,1.6,1066538,42505,56,56,bbr1
0.488,42989,29,30240,30.3,32.2,20.1,104.4,1.7,1066538,42510,56,56,bbr1
0.496,42989,29,31680,30.4,31.0,20.1,104.4,1.5,639923,42515,56,56,bbr1
0.508,32886,22,24535,31.0,33.8,20.1,104.4,2.0,639923,42519,56,56,bbr1
0.515,38582,26,24535,31.6,35.2,20.1,104.4,2.6,853231,42523,56,56,bbr1
0.523,42989,29,25975,32.2,36.6,20.1,104.4,3.2,853231,42528,56,56,bbr1
0.530,42989,29,25975,32.9,37.9,20.1,104.4,3.8,853231,42532,56,56,bbr1
0.536,42989,29,25975,33.5,37.4,20.1,104.4,4.0,1066538,42536,56,56,bbr1
0.543,42989,29,28800,33.1,30.6,20.1,104.4,3.7,1066538,42541,56,56,bbr1
0.554,32886,22,23040,32.6,31.1,20.1,104.4,2.9,1066538,42545,56,56,bbr1
0.561,38582,26,25920,32.4,31.1,20.1,104.4,2.6,1066538,42551,56,56,bbr1
0.568,42989,29,27360,32.3,31.1,20.1,104.4,2.2,1066538,42556,56,56,bbr1
0.576,42989,29,30240,32.3,32.9,20.1,104.4,1.8,1066538,42562,56,56,bbr1
0.582,43865,30,31680,32.6,34.3,20.1,104.4,1.9,1093757,42567,56,56,bbr1
0.590,43865,30,33120,32.4,31.1,20.1,104.4,1.8,656254,42572,56,56,bbr1
0.601,33324,23,25920,32.6,33.8,20.1,104.4,1.4,656254,42575,56,56,bbr1
0.610,39020,27,27360,32.9,35.2,20.1,104.4,1.7,875006,42580,56,56,bbr1
0.615,43865,30,25920,33.4,36.6,20.1,104.4,2.2,875006,42583,56,56,bbr1
0.622,43865,30,25920,33.9,38.0,20.1,104.4,2.8,875006,42587,56,56,bbr1
0.630,43865,30,27360,34.5,38.5,20.1,104.4,3.2,1093757,42592,56,56,bbr1
0.642,33324,23,23040,34.0,32.3,20.1,104.4,2.7,1093757,42597,56,56,bbr1
0.650,39020,27,27360,33.8,32.5,20.1,104.4,2.4,1093757,42604,56,56,bbr1
0.657,43865,30,28800,33.7,32.7,20.1,104.4,2.1,1093757,42609,56,56,bbr1
0.664,43865,30,30240,33.5,32.8,20.1,104.4,1.8,1093757,42614,56,56,bbr1
0.670,43865,30,31680,33.7,34.7,20.1,104.4,1.6,1093757,42619,56,56,bbr1
0.677,43865,30,33120,33.4,31.2,20.1,104.4,1.9,656254,42624,56,56,bbr1
0.690,33324,23,25920,33.4,34.2,20.1,104.4,1.4,656254,42627,56,56,bbr1
0.696,37596,26,27360,33.6,35.3,20.1,104.4,1.5,875006,42631,56,56,bbr1
0.702,41868,29,28800,33.9,36.0,20.1,104.4,1.7,875006,42635,56,56,bbr1
0.708,43865,30,27360,34.4,38.0,20.1,104.4,2.3,875006,42638,56,56,bbr1
0.714,43865,30,27360,35.1,39.4,20.1,104.4,3.0,875006,42642,56,56,bbr1
0.720,43865,30,27360,35.5,38.3,20.1,104.4,3.1,875006,42646,56,56,bbr1
0.727,27628,19,27360,35.1,32.8,20.1,104.4,3.0,1093757,42650,56,56,bbr1
0.734,33324,23,23040,34.8,32.4,20.1,104.4,2.9,1093757,42651,56,56,bbr1
0.741,39020,27,27360,34.5,32.7,20.1,104.4,2.7,1093757,42658,56,56,bbr1
0.748,43865,30,28800,34.3,32.7,20.1,104.4,2.5,1093757,42663,56,56,bbr1
0.755,43865,30,30240,34.2,33.5,20.1,104.4,2.1,1093757,42668,56,56,bbr1
0.762,43865,30,31680,34.1,33.7,20.1,104.4,1.7,1093757,42673,56,56,bbr1
0.774,33324,23,27415,33.6,32.6,20.1,104.4,1.8,656254,42679,56,56,bbr1
0.783,39020,27,28855,33.7,34.1,20.1,104.4,1.5,656254,42684,56,56,bbr1
0.790,43865,30,27415,33.9,35.6,20.1,104.4,1.6,656254,42687,56,56,bbr1
0.797,43865,30,25975,34.3,37.2,20.1,104.4,2.0,656254,42690,56,56,bbr1
0.802,43865,30,24535,34.8,38.4,20.1,104.4,2.5,875006,42693,56,56,bbr1
0.809,26243,18,25920,35.4,39.4,20.1,104.4,3.0,875006,42697,56,56,bbr1
0.813,31939,22,21600,35.3,34.6,20.1,104.4,2.5,875006,42698,56,56,bbr1
0.822,37635,26,24480,35.0,32.5,20.1,104.4,2.5,875006,42704,56,56,bbr1
0.828,43331,30,24480,34.4,30.2,20.1,104.4,3.1,875006,42708,56,56,bbr1
0.834,43865,30,23040,33.8,29.7,20.1,104.4,3.5,875006,42711,56,56,bbr1
0.842,43865,30,25920,33.2,29.5,20.1,104.4,3.7,875006,42716,56,56,bbr1
0.846,27628,19,24480,32.7,28.8,20.1,104.4,3.9,1093757,42719,56,56,bbr1
0.852,33324,23,23040,32.2,29.0,20.1,104.4,3.8,1093757,42722,56,56,bbr1
0.860,39020,27,27360,31.8,28.6,20.1,104.4,3.8,1093757,42729,56,56,bbr1
0.867,43865,30,28800,31.4,28.8,20.1,104.4,3.6,1093757,42734,56,56,bbr1
0.874,43865,30,30240,31.2,29.5,20.1,104.4,3.1,1093757,42739,56,56,bbr1
0.886,33324,23,25920,31.1,31.0,20.1,104.4,1.9,656254,42744,56,56,bbr1
0.895,39020,27,27360,31.3,32.6,20.1,104.4,1.8,656254,42749,56,56,bbr1
0.902,43865,30,25920,31.6,34.1,20.1,104.4,2.0,656254,42752,56,56,bbr1
0.908,43865,30,24480,32.1,35.6,20.1,104.4,2.5,875006,42755,56,56,bbr1
0.914,43865,30,24480,32.8,37.1,20.1,104.4,3.1,875006,42759,56,56,bbr1
0.921,43865,30,24480,32.7,32.2,20.1,104.4,2.5,875006,42763,56,56,bbr1
0.928,27628,19,24480,32.6,31.7,20.1,104.4,2.1,844777,42767,56,56,bbr1
0.933,33324,23,23040,32.2,29.6,20.1,104.4,2.3,844777,42770,56,56,bbr1
0.941,39020,27,24480,31.8,29.4,20.1,104.4,2.4,844777,42775,56,56,bbr1
0.947,42649,29,24480,31.5,29.2,20.1,104.4,2.5,1055971,42779,56,56,bbr1
0.954,42649,29,25920,31.2,29.4,20.1,104.4,2.4,1055971,42784,56,56,bbr1
0.967,32716,22,21600,30.8,29.3,20.1,104.4,2.1,1055971,42789,56,56,bbr1
0.974,38412,26,24480,30.6,29.3,20.1,104.4,1.9,1055971,42795,56,56,bbr1
0.982,42649,29,27360,30.6,30.8,20.1,104.4,1.5,1055971,42801,56,56,bbr1
0.988,42649,29,27360,30.8,32.0,20.1,104.4,1.5,1055971,42805,56,56,bbr1
0.995,42649,29,28800,30.4,27.1,20.1,104.4,2.0,1055971,42810,56,56,bbr1
1.000,42649,29,30240,30.2,29.4,20.1,104.4,1.8,1055971,42814,56,56,bbr1
1.008,42649,29,31680,30.3,30.8,20.1,104.4,1.4,633582,42819,56,56,bbr1
1.019,31292,21,25920,30.8,33.1,20.1,104.4,1.7,633582,42822,56,56,bbr1
1.025,36988,25,25920,31.3,34.4,20.1,104.4,2.2,633582,42826,56,56,bbr1
1.032,42649,29,24480,31.8,35.7,20.1,104.4,2.8,633582,42829,56,56,bbr1
1.039,42649,29,23040,32.5,37.0,20.1,104.4,3.4,844777,42832,56,56,bbr1
1.047,42649,29,24480,33.1,37.5,20.1,104.4,3.8,844777,42837,56,56,bbr1
1.052,27020,18,23040,32.9,31.8,20.1,104.4,3.2,847997,42840,56,56,bbr1
1.059,32716,22,21600,32.7,31.1,20.1,104.4,2.8,847997,42843,56,56,bbr1
1.066,38412,26,23040,32.2,28.8,20.1,104.4,3.1,847997,42848,56,56,bbr1
1.072,42778,29,23040,31.7,28.4,20.1,104.4,3.3,847997,42852,56,56,bbr1
1.079,42778,29,23040,31.3,28.3,20.1,104.4,3.3,847997,42856,56,56,bbr1
1.086,25661,17,24480,31.0,28.7,20.1,104.4,3.1,1059996,42860,56,56,bbr1
1.091,31357,21,20160,30.7,28.7,20.1,104.4,2.9,1059996,42861,56,56,bbr1
1.098,37053,25,23040,30.4,28.6,20.1,104.4,2.7,1059996,42867,56,56,bbr1
1.105,42749,29,24480,30.2,28.7,20.1,104.4,2.5,1059996,42872,56,56,bbr1
1.111,42778,29,25920,30.0,28.6,20.1,104.4,2.3,1059996,42877,56,56,bbr1
1.125,32781,22,21600,29.3,28.4,20.1,104.4,2.4,1059996,42882,56,56,bbr1
1.132,38477,26,24480,29.3,29.6,20.1,104.4,1.9,1059996,42888,56,56,bbr1
1.139,42778,29,25920,29.5,31.0,20.1,104.4,1.8,1059996,42893,56,56,bbr1
1.145,42778,29,27360,29.9,32.4,20.1,104.4,2.1,1059996,42898,56,56,bbr1
1.152,42778,29,28800,29.5,27.0,20.1,104.4,2.3,1059996,42903,56,56,bbr1
1.158,42778,29,30240,29.5,29.4,20.1,104.4,1.8,1059996,42907,56,56,bbr1
1.165,42778,29,31680,29.6,30.6,20.1,104.4,1.6,635997,42912,56,56,bbr1
1.177,32781,22,24480,30.4,33.3,20.1,104.4,2.2,635997,42915,56,56,bbr1
1.184,38477,26,24480,30.9,34.7,20.1,104.4,2.7,847997,42919,56,56,bbr1
1.192,42778,29,25920,31.5,36.0,20.1,104.4,3.3,847997,42924,56,56,bbr1
1.198,42778,29,24480,32.3,37.3,20.1,104.4,3.9,847997,42927,56,56,bbr1
1.204,42778,29,24480,32.8,36.8,20.1,104.4,4.1,847997,42931,56,56,bbr1
1.211,27085,18,24480,32.7,31.6,20.1,104.4,3.4,1059996,42935,56,56,bbr1
1.218,32781,22,21600,32.4,30.5,20.1,104.4,3.1,1059996,42937,56,56,bbr1
1.225,38477,26,24480,32.2,30.5,20.1,104.4,2.8,1059996,42943,56,56,bbr1
1.232,42778,29,25920,31.9,30.4,20.1,104.4,2.5,1059996,42948,56,56,bbr1
1.238,42778,29,27360,31.8,30.5,20.1,104.4,2.3,1059996,42953,56,56,bbr1
1.250,31357,21,24535,30.9,29.4,20.1,104.4,2.6,1059996,42959,56,56,bbr1
1.257,37053,25,25975,30.9,30.7,20.1,104.4,2.0,1059996,42964,56,56,bbr1
1.264,42749,29,28855,31.0,32.0,20.1,104.4,1.8,1059996,42970,56,56,bbr1
1.271,42778,29,30295,31.3,33.4,20.1,104.4,1.9,1059996,42975,56,56,bbr1
1.278,42778,29,31735,31.8,34.7,20.1,104.4,2.3,635997,42980,56,56,bbr1
1.289,31396,21,25920,31.7,32.2,20.1,104.4,1.7,635997,42983,56,56,bbr1
1.296,37092,25,25920,32.1,35.0,20.1,104.4,2.1,635997,42987,56,56,bbr1
1.303,42778,29,24480,32.6,36.1,20.1,104.4,2.6,635997,42990,56,56,bbr1
1.310,42778,29,23040,33.2,37.5,20.1,104.4,3.2,847997,42993,56,56,bbr1
1.316,42778,29,23040,33.8,37.9,20.1,104.4,3.6,847997,42997,56,56,bbr1
1.323,27085,18,23040,33.6,32.1,20.1,104.4,3.1,1059996,43001,56,56,bbr1
1.330,32781,22,21600,33.3,31.5,20.1,104.4,2.9,1059996,43004,56,56,bbr1
1.337,38477,26,24480,32.8,29.2,20.1,104.4,3.2,1059996,43010,56,56,bbr1
1.344,42778,29,25920,32.3,29.1,20.1,104.4,3.3,1059996,43015,56,56,bbr1
1.350,42778,29,27360,31.9,29.1,20.1,104.4,3.3,1059996,43020,56,56,bbr1
1.362,31357,21,24480,31.1,29.4,20.1,104.4,3.3,1059996,43025,56,56,bbr1
1.369,35629,24,27360,31.0,30.4,20.1,104.4,2.6,1059996,43030,56,56,bbr1
1.374,41325,28,28800,31.1,31.7,20.1,104.4,2.1,1059996,43035,56,56,bbr1
1.381,42778,29,30240,31.3,33.1,20.1,104.4,2.1,1059996,43040,56,56,bbr1
1.389,42605,29,31680,31.7,34.4,20.1,104.4,2.3,632763,43045,56,56,bbr1
1.401,32694,22,24480,31.6,32.1,20.1,104.4,1.7,663168,43048,56,56,bbr1
0.005,44237,30,0,33.4,31.6,20.1,104.4,3.0,1105280,43051,56,56,bbr1
0.008,44237,30,0,32.5,26.6,20.1,104.4,4.0,1105280,43053,56,56,bbr1
0.035,44237,30,25920,31.4,23.8,20.1,104.4,5.2,1105280,43076,56,56,bbr1
0.041,44237,30,27360,30.7,25.3,20.1,104.4,5.4,1105280,43081,56,56,bbr1
0.047,44237,30,28800,30.2,26.9,20.1,104.4,5.0,1105280,43086,56,56,bbr1
0.054,44237,30,30240,30.0,28.5,20.1,104.4,4.2,1105280,43091,56,56,bbr1
0.062,44237,30,33120,30.0,30.0,20.1,104.4,3.1,1105280,43097,56,56,bbr1
0.069,44237,30,34560,30.2,31.3,20.1,104.4,2.7,663168,43102,56,56,bbr1
0.076,44237,30,33120,30.5,32.7,20.1,104.4,2.7,663168,43105,56,56,bbr1
0.082,44237,30,33120,31.0,34.3,20.1,104.4,3.0,663168,43108,56,56,bbr1
0.086,44237,30,30240,31.6,35.9,20.1,104.4,3.5,663168,43110,56,56,bbr1
0.093,44237,30,28800,32.3,37.4,20.1,104.4,4.0,663168,43113,56,56,bbr1
0.099,44237,30,27360,33.1,39.0,20.1,104.4,4.7,663168,43116,56,56,bbr1
0.108,44237,30,27360,34.1,40.6,20.1,104.4,5.4,663168,43120,56,56,bbr1
0.115,44237,30,25920,34.7,39.4,20.1,104.4,5.4,663168,43123,56,56,bbr1
0.121,44237,30,24480,35.1,37.6,20.1,104.4,4.7,884224,43126,56,56,bbr1
0.128,44237,30,24480,35.2,35.7,20.1,104.4,3.7,884224,43130,56,56,bbr1
0.134,44237,30,24480,35.0,33.8,20.1,104.4,3.1,884224,43134,56,56,bbr1
0.140,44237,30,25920,34.7,32.3,20.1,104.4,3.0,884224,43138,56,56,bbr1
0.146,27814,19,25920,34.1,30.1,20.1,104.4,3.4,1105280,43142,56,56,bbr1
0.152,33510,23,23040,33.5,29.6,20.1,104.4,3.7,1105280,43144,56,56,bbr1
0.160,39206,27,27360,33.1,29.8,20.1,104.4,3.7,1105280,43151,56,56,bbr1
0.167,43478,30,30240,32.7,30.1,20.1,104.4,3.5,1105280,43156,56,56,bbr1
0.172,44237,30,30240,32.4,30.4,20.1,104.4,3.2,1105280,43160,56,56,bbr1
0.179,44237,30,31680,32.2,30.9,20.1,104.4,2.8,1105280,43165,56,56,bbr1
0.191,33510,23,27415,32.1,32.4,20.1,104.4,1.9,663168,43171,56,56,bbr1
0.200,39206,27,28855,32.3,33.9,20.1,104.4,1.9,663168,43176,56,56,bbr1
0.207,44237,30,27415,32.7,35.5,20.1,104.4,2.2,663168,43179,56,56,bbr1
0.213,44237,30,25975,33.2,37.0,20.1,104.4,2.7,663168,43182,56,56,bbr1
0.219,44237,30,24535,33.9,38.3,20.1,104.4,3.3,884224,43185,56,56,bbr1
0.225,44237,30,25920,34.6,39.3,20.1,104.4,3.8,884224,43189,56,56,bbr1
0.230,27814,19,24480,34.5,34.5,20.1,104.4,2.9,1105280,43192,56,56,bbr1
0.237,33510,23,23040,34.3,32.7,20.1,104.4,2.6,1105280,43195,56,56,bbr1
0.245,39206,27,27360,33.9,30.8,20.1,104.4,2.9,1105280,43202,56,56,bbr1
0.252,44237,30,28800,33.4,30.1,20.1,104.4,3.1,1105280,43207,56,56,bbr1
0.258,44237,30,30240,32.9,29.7,20.1,104.4,3.2,1105280,43212,56,56,bbr1
0.271,32086,22,27360,32.5,30.9,20.1,104.4,2.5,663168,43217,56,56,bbr1
0.277,37782,26,27360,32.5,32.5,20.1,104.4,1.9,663168,43221,56,56,bbr1
0.284,43478,30,25920,32.7,34.0,20.1,104.4,1.8,663168,43224,56,56,bbr1
0.290,44237,30,24480,33.0,35.5,20.1,104.4,2.1,663168,43227,56,56,bbr1
0.296,44237,30,23040,33.6,37.1,20.1,104.4,2.6,884224,43230,56,56,bbr1
0.304,27814,19,24480,33.4,32.2,20.1,104.4,2.3,1105280,43235,56,56,bbr1
0.308,32086,22,24480,33.3,32.8,20.1,104.4,1.8,1105280,43238,56,56,bbr1
0.316,37782,26,27360,33.0,31.0,20.1,104.4,2.0,1105280,43244,56,56,bbr1
0.323,42054,29,30240,32.6,29.3,20.1,104.4,2.4,1105280,43249,56,56,bbr1
0.328,44237,30,30240,32.0,28.2,20.1,104.4,2.9,1105280,43253,56,56,bbr1
0.334,44237,30,31680,31.7,29.3,20.1,104.4,2.8,1105280,43258,56,56,bbr1
0.347,33510,23,27415,31.7,32.4,20.1,104.4,2.0,663168,43264,56,56,bbr1
0.356,39206,27,28855,32.0,34.0,20.1,104.4,2.0,663168,43269,56,56,bbr1
0.363,44237,30,27415,32.4,35.5,20.1,104.4,2.4,663168,43272,56,56,bbr1
0.369,44237,30,25975,33.0,37.1,20.1,104.4,3.0,663168,43275,56,56,bbr1
0.375,44237,30,25975,33.6,37.8,20.1,104.4,3.4,884224,43278,56,56,bbr1
0.380,44237,30,24535,34.4,39.9,20.1,104.4,4.1,884224,43281,56,56,bbr1
0.386,27853,19,24480,34.4,34.7,20.1,104.4,3.2,1105280,43285,56,56,bbr1
0.393,33549,23,23040,34.2,32.7,20.1,104.4,2.8,1105280,43288,56,56,bbr1
0.401,39245,27,27360,33.8,30.8,20.1,104.4,3.0,1098538,43295,56,56,bbr1
0.407,44019,30,28800,33.3,30.0,20.1,104.4,3.2,1098538,43300,56,56,bbr1
0.414,44019,30,30240,32.9,30.3,20.1,104.4,3.1,1098538,43305,56,56,bbr1
0.427,33401,23,25920,32.5,31.1,20.1,104.4,2.4,659123,43310,56,56,bbr1
0.435,39097,27,27360,32.5,32.7,20.1,104.4,1.9,659123,43315,56,56,bbr1
0.442,43369,30,27360,32.7,34.0,20.1,104.4,1.7,659123,43318,56,56,bbr1
0.446,44019,30,24480,33.1,35.4,20.1,104.4,2.0,659123,43320,56,56,bbr1
0.452,44019,30,23040,33.5,36.7,20.1,104.4,2.4,878831,43323,56,56,bbr1
0.459,27705,19,23040,33.3,32.1,20.1,104.4,2.1,1098538,43327,56,56,bbr1
0.464,31977,22,24480,33.3,32.8,20.1,104.4,1.7,1098538,43331,56,56,bbr1
0.472,37673,26,27360,33.0,30.8,20.1,104.4,1.9,1098538,43337,56,56,bbr1
0.478,43369,30,28800,32.4,28.8,20.1,104.4,2.5,1098538,43342,56,56,bbr1
0.485,44019,30,30240,32.0,28.6,20.1,104.4,2.8,1098538,43347,56,56,bbr1
0.498,33401,23,25920,31.7,31.3,20.1,104.4,2.1,659123,43352,56,56,bbr1
0.507,39097,27,27360,31.8,32.8,20.1,104.4,1.8,659123,43357,56,56,bbr1
0.513,44019,30,25920,32.1,34.4,20.1,104.4,2.0,659123,43360,56,56,bbr1
0.519,44019,30,24480,32.6,35.9,20.1,104.4,2.5,878831,43363,56,56,bbr1
0.526,44019,30,24480,33.2,37.3,20.1,104.4,3.0,878831,43367,56,56,bbr1
0.532,27705,19,24480,33.0,32.1,20.1,104.4,2.5,1098538,43371,56,56,bbr1
0.538,33401,23,23040,32.9,31.7,20.1,104.4,2.2,1097498,43374,56,56,bbr1
0.546,39097,27,27360,32.5,29.7,20.1,104.4,2.5,1097498,43381,56,56,bbr1
0.553,43986,30,28800,32.1,29.4,20.1,104.4,2.6,1097498,43386,56,56,bbr1
0.560,43986,30,30240,31.7,29.2,20.1,104.4,2.7,1097498,43391,56,56,bbr1
0.571,31961,22,27360,31.5,30.9,20.1,104.4,1.9,658499,43396,56,56,bbr1
0.577,37657,26,27360,31.6,32.3,20.1,104.4,1.6,658499,43400,56,56,bbr1
0.586,43353,30,27360,31.9,33.9,20.1,104.4,1.8,658499,43404,56,56,bbr1
0.593,43986,30,25920,32.3,35.3,20.1,104.4,2.2,658499,43407,56,56,bbr1
0.599,43986,30,24480,32.9,36.7,20.1,104.4,2.8,877999,43410,56,56,bbr1
0.605,27689,19,24480,33.0,34.0,20.1,104.4,2.3,1097498,43414,56,56,bbr1
0.610,31961,22,24480,33.2,34.5,20.1,104.4,2.1,1097498,43417,56,56,bbr1
0.617,37657,26,27360,33.1,32.4,20.1,104.4,1.8,1097498,43423,56,56,bbr1
0.623,43353,30,28800,32.7,30.1,20.1,104.4,2.1,1097498,43428,56,56,bbr1
0.631,43986,30,31680,32.3,29.6,20.1,104.4,2.3,1097498,43434,56,56,bbr1
0.639,43980,30,33120,32.1,30.5,20.1,104.4,2.2,658378,43439,56,56,bbr1
0.650,33382,23,25920,32.3,33.6,20.1,104.4,1.6,658378,43442,56,56,bbr1
0.658,37654,26,28800,32.6,34.7,20.1,104.4,1.8,877838,43447,56,56,bbr1
0.663,43350,30,27360,33.0,36.2,20.1,104.4,2.3,877838,43450,56,56,bbr1
0.669,43980,30,25920,33.6,37.8,20.1,104.4,2.9,877838,43453,56,56,bbr1
0.677,43980,30,27360,34.3,39.2,20.1,104.4,3.6,877838,43458,56,56,bbr1
0.683,27686,19,27360,34.0,32.1,20.1,104.4,3.2,877838,43462,56,56,bbr1
0.688,31958,22,24480,33.9,32.9,20.1,104.4,2.7,877838,43463,56,56,bbr1
0.694,36230,25,27360,33.6,31.8,20.1,104.4,2.6,877838,43468,56,56,bbr1
0.699,41926,29,25920,33.5,32.6,20.1,104.4,2.2,877838,43471,56,56,bbr1
0.706,43980,30,25920,33.4,32.8,20.1,104.4,1.8,1097297,43475,56,56,bbr1
0.713,43980,30,28800,33.3,32.5,20.1,104.4,1.6,1097297,43481,56,56,bbr1
0.727,33382,23,24480,32.8,32.1,20.1,104.4,1.6,635903,43486,56,56,bbr1
0.733,39078,27,24480,32.8,32.4,20.1,104.4,1.4,635903,43490,56,56,bbr1
0.740,42773,29,23040,32.8,33.3,20.1,104.4,1.1,635903,43493,56,56,bbr1
0.747,42773,29,21600,33.1,34.8,20.1,104.4,1.3,847871,43496,56,56,bbr1
0.754,42773,29,21600,33.5,36.2,20.1,104.4,1.8,847871,43500,56,56,bbr1
0.760,27082,18,21600,33.2,31.3,20.1,104.4,1.9,1059838,43504,56,56,bbr1
0.767,31354,21,23040,32.8,29.8,20.1,104.4,2.3,1059838,43508,56,56,bbr1
0.773,37050,25,24480,32.1,27.4,20.1,104.4,3.0,1059838,43513,56,56,bbr1
0.779,42746,29,25920,31.5,27.4,20.1,104.4,3.5,1059838,43518,56,56,bbr1
0.786,42773,29,27360,31.0,27.4,20.1,104.4,3.6,1059838,43523,56,56,bbr1
0.799,32778,22,23040,30.5,29.4,20.1,104.4,2.8,1059838,43528,56,56,bbr1
0.806,37050,25,27360,30.5,30.4,20.1,104.4,2.1,1059838,43534,56,56,bbr1
0.811,42746,29,27360,30.7,31.7,20.1,104.4,1.9,1059838,43538,56,56,bbr1
0.818,42773,29,30240,30.9,32.7,20.1,104.4,1.9,1059838,43543,56,56,bbr1
0.825,42773,29,30240,31.3,34.1,20.1,104.4,2.2,635903,43547,56,56,bbr1
0.837,32778,22,23040,31.1,31.8,20.1,104.4,1.9,635903,43550,56,56,bbr1
0.843,38474,26,23040,31.3,33.0,20.1,104.4,1.9,878682,43554,56,56,bbr1
0.851,44013,30,24480,31.7,34.4,20.1,104.4,2.2,878682,43559,56,56,bbr1
0.858,44013,30,24480,32.2,35.8,20.1,104.4,2.7,878682,43563,56,56,bbr1
0.864,44013,30,24480,32.5,34.2,20.1,104.4,2.5,1098352,43567,56,56,bbr1
0.872,27702,19,27360,32.1,29.3,20.1,104.4,2.7,1098352,43573,56,56,bbr1
0.877,33398,23,23040,31.7,29.1,20.1,104.4,2.8,1098352,43574,56,56,bbr1
0.885,39094,27,27360,31.4,29.3,20.1,104.4,2.7,1098352,43581,56,56,bbr1
0.892,44013,30,28800,31.2,29.5,20.1,104.4,2.5,1098352,43586,56,56,bbr1
0.899,44013,30,30240,31.2,31.2,20.1,104.4,1.9,1098352,43591,56,56,bbr1
0.905,44013,30,31680,31.5,33.8,20.1,104.4,2.1,1098352,43596,56,56,bbr1
0.912,44013,30,33120,31.4,31.1,20.1,104.4,1.6,659011,43601,56,56,bbr1
0.925,33398,23,25975,31.9,34.1,20.1,104.4,1.8,659011,43605,56,56,bbr1
0.933,39094,27,27415,32.4,35.7,20.1,104.4,2.3,878682,43610,56,56,bbr1
0.938,44013,30,25975,33.0,37.3,20.1,104.4,2.9,878682,43613,56,56,bbr1
0.946,44013,30,28855,33.6,37.7,20.1,104.4,3.4,878682,43618,56,56,bbr1
0.951,44013,30,27415,34.4,39.9,20.1,104.4,4.1,878682,43621,56,56,bbr1
0.957,44013,30,28855,34.9,38.5,20.1,104.4,4.1,1098352,43625,56,56,bbr1
0.969,33437,23,23040,34.4,32.6,20.1,104.4,3.2,1098352,43629,56,56,bbr1
0.977,39133,27,27360,34.2,32.7,20.1,104.4,2.8,1098352,43636,56,56,bbr1
0.983,44013,30,28800,34.0,33.0,20.1,104.4,2.4,1098352,43641,56,56,bbr1
0.990,44013,30,30240,33.9,33.2,20.1,104.4,2.0,1098352,43646,56,56,bbr1
0.996,44013,30,31680,34.0,34.7,20.1,104.4,1.7,1098352,43651,56,56,bbr1
1.004,44013,30,33120,33.7,31.2,20.1,104.4,2.0,659011,43656,56,56,bbr1
1.016,33398,23,25920,33.6,34.2,20.1,104.4,1.5,659011,43659,56,56,bbr1
1.024,39094,27,27360,33.9,35.7,20.1,104.4,1.6,878682,43664,56,56,bbr1
1.030,44013,30,25920,34.3,37.3,20.1,104.4,2.1,878682,43667,56,56,bbr1
1.037,44013,30,27360,34.9,38.8,20.1,104.4,2.7,878682,43672,56,56,bbr1
1.044,44013,30,27360,35.4,39.4,20.1,104.4,3.1,1098352,43676,56,56,bbr1
1.057,31974,22,24480,34.7,32.3,20.1,104.4,3.1,1098352,43681,56,56,bbr1
1.062,37670,26,25920,34.4,32.1,20.1,104.4,2.9,1098352,43686,56,56,bbr1
1.069,43366,30,27360,34.1,32.2,20.1,104.4,2.7,1098352,43691,56,56,bbr1
1.077,44013,30,30240,33.9,32.5,20.1,104.4,2.5,1098352,43697,56,56,bbr1
1.083,44013,30,31680,34.0,34.5,20.1,104.4,2.0,1098352,43702,56,56,bbr1
1.090,44013,30,33120,33.6,30.8,20.1,104.4,2.3,659011,43707,56,56,bbr1
1.103,33398,23,25920,33.5,33.8,20.1,104.4,1.6,659011,43710,56,56,bbr1
1.111,39094,27,27360,33.7,35.3,20.1,104.4,1.7,878682,43715,56,56,bbr1
1.116,44013,30,25920,34.1,36.9,20.1,104.4,2.1,878682,43718,56,56,bbr1
1.124,44013,30,27360,34.6,38.4,20.1,104.4,2.6,878682,43723,56,56,bbr1
1.131,44013,30,28800,35.3,39.6,20.1,104.4,3.2,1098352,43727,56,56,bbr1
1.140,31974,22,24480,34.6,32.8,20.1,104.4,2.9,1098352,43731,56,56,bbr1
1.147,37670,26,27360,34.3,32.4,20.1,104.4,2.7,1098352,43737,56,56,bbr1
1.154,43366,30,30240,34.1,32.6,20.1,104.4,2.5,1098352,43743,56,56,bbr1
1.161,44013,30,31680,34.0,32.8,20.1,104.4,2.2,1098352,43748,56,56,bbr1
1.169,44013,30,33120,33.9,33.9,20.1,104.4,1.7,659011,43753,56,56,bbr1
1.180,33398,23,25920,33.7,33.8,20.1,104.4,1.3,659011,43756,56,56,bbr1
1.189,39094,27,27360,33.9,35.4,20.1,104.4,1.4,878682,43761,56,56,bbr1
1.194,44013,30,25920,34.3,36.9,20.1,104.4,1.8,878682,43764,56,56,bbr1
1.202,44013,30,27360,34.8,38.4,20.1,104.4,2.3,878682,43769,56,56,bbr1
1.208,44013,30,28800,35.4,39.6,20.1,104.4,2.9,1098352,43773,56,56,bbr1
1.218,31974,22,24480,34.7,32.8,20.1,104.4,2.8,1080242,43777,56,56,bbr1
1.224,37670,26,27360,34.4,32.4,20.1,104.4,2.7,1080242,43783,56,56,bbr1
1.231,43366,30,28800,34.2,32.6,20.1,104.4,2.5,1080242,43788,56,56,bbr1
1.239,43430,30,31680,34.0,32.4,20.1,104.4,2.3,1080242,43794,56,56,bbr1
1.247,43430,30,33120,34.0,34.2,20.1,104.4,1.8,648145,43799,56,56,bbr1
1.258,31683,22,27360,33.8,33.5,20.1,104.4,1.4,648145,43802,56,56,bbr1
1.266,37379,25,27360,33.9,34.9,20.1,104.4,1.3,648145,43806,56,56,bbr1
1.272,43075,29,25920,34.2,36.4,20.1,104.4,1.6,648145,43809,56,56,bbr1
1.278,43430,30,24480,34.7,37.8,20.1,104.4,2.1,864194,43812,56,56,bbr1
1.285,43430,30,24480,35.2,39.2,20.1,104.4,2.7,864194,43816,56,56,bbr1
1.291,27411,19,24480,34.8,32.1,20.1,104.4,2.8,1080242,43820,56,56,bbr1
1.296,31683,22,24480,34.6,32.7,20.1,104.4,2.6,1080242,43823,56,56,bbr1
1.303,35955,24,28800,34.1,31.0,20.1,104.4,2.9,1080242,43829,56,56,bbr1
1.309,41651,28,28800,33.5,29.3,20.1,104.4,3.4,1080242,43833,56,56,bbr1
1.315,43430,30,30240,33.0,29.3,20.1,104.4,3.6,1080242,43838,56,56,bbr1
1.321,43430,30,33120,32.6,29.7,20.1,104.4,3.5,1080242,43843,56,56,bbr1
1.333,33107,22,27360,32.4,32.7,20.1,104.4,2.5,631594,43847,56,56,bbr1
1.340,37379,25,28800,32.5,33.7,20.1,104.4,2.2,631918,43851,56,56,bbr1
1.347,42570,29,27360,32.8,34.8,20.1,104.4,2.2,632122,43854,56,56,bbr1
1.354,42570,29,25920,33.2,36.2,20.1,104.4,2.5,632122,43857,56,56,bbr1
1.361,42570,29,24480,33.9,38.5,20.1,104.4,3.2,632122,43860,56,56,bbr1
1.365,43838,30,21600,34.6,39.5,20.1,104.4,3.8,874334,43862,56,56,bbr1
1.372,27615,19,23040,34.5,34.3,20.1,104.4,2.9,1092917,43867,56,56,bbr1
1.379,33311,23,23040,34.2,31.7,20.1,104.4,2.9,1092917,43871,56,56,bbr1
1.387,39007,27,27360,33.6,29.5,20.1,104.4,3.3,1092917,43878,56,56,bbr1
1.393,43838,30,28800,32.8,27.0,20.1,104.4,4.1,1092917,43883,56,56,bbr1
0.008,3072,2,0,33.0,36.0,20.1,104.4,2.9,1092917,43889,57,57,bbr1
0.008,5760,4,0,32.5,28.7,20.1,104.4,3.2,1092917,43891,57,57,bbr1
0.034,12880,8,0,31.4,23.8,20.1,104.4,4.6,1092917,43896,57,57,bbr1
0.059,20000,13,5760,30.1,21.4,20.1,104.4,6.0,1092917,43905,57,57,bbr1
0.066,25696,17,8640,29.2,22.6,20.1,104.4,6.3,1092917,43911,57,57,bbr1
0.085,32816,22,18720,28.2,21.2,20.1,104.4,6.8,1092917,43923,57,57,bbr1
0.091,38512,26,21600,27.5,22.7,20.1,104.4,6.5,1092917,43929,57,57,bbr1
0.099,43838,30,24480,27.1,24.2,20.1,104.4,5.7,1092917,43935,57,57,bbr1
0.106,43838,30,25920,26.9,25.7,20.1,104.4,4.6,1092917,43940,57,57,bbr1
0.113,43838,30,27360,26.8,25.6,20.1,104.4,3.8,1092917,43945,57,57,bbr1
0.119,43838,30,28800,26.8,27.1,20.1,104.4,2.9,1092917,43950,57,57,bbr1
0.125,43838,30,30240,27.0,28.6,20.1,104.4,2.6,1092917,43955,57,57,bbr1
0.132,43838,30,31680,27.4,30.1,20.1,104.4,2.7,1092917,43960,57,57,bbr1
0.140,43838,30,33120,27.9,31.5,20.1,104.4,3.1,655750,43965,57,57,bbr1
0.146,43838,30,33120,28.5,32.8,20.1,104.4,3.5,655750,43968,57,57,bbr1
0.151,43838,30,30240,29.2,34.2,20.1,104.4,4.1,655750,43970,57,57,bbr1
0.159,43838,30,30240,30.0,35.6,20.1,104.4,4.6,655750,43974,57,57,bbr1
0.166,43838,30,30240,30.9,36.8,20.1,104.4,5.2,655750,43977,57,57,bbr1
0.170,43838,30,27360,31.8,38.3,20.1,104.4,5.7,655750,43979,57,57,bbr1
0.177,43838,30,25920,32.8,39.9,20.1,104.4,6.3,655750,43982,57,57,bbr1
0.183,43838,30,24480,33.5,38.6,20.1,104.4,6.2,874334,43985,57,57,bbr1
0.189,43838,30,24480,33.9,36.6,20.1,104.4,5.4,874334,43989,57,57,bbr1
0.198,43838,30,25920,34.0,34.5,20.1,104.4,4.2,874334,43994,57,57,bbr1
0.204,43838,30,25920,33.8,32.7,20.1,104.4,3.5,1092917,43998,57,57,bbr1
0.211,43838,30,27360,33.4,30.6,20.1,104.4,3.4,1092917,44003,57,57,bbr1
0.223,31887,22,24535,32.7,30.1,20.1,104.4,3.2,1092917,44009,57,57,bbr1
0.229,37583,26,25975,32.3,30.1,20.1,104.4,3.1,1092917,44014,57,57,bbr1
0.235,43279,30,27415,32.1,30.6,20.1,104.4,2.7,1092917,44019,57,57,bbr1
0.243,43838,30,30295,32.2,32.7,20.1,104.4,2.2,1092917,44025,57,57,bbr1
0.250,43838,30,31735,32.4,34.2,20.1,104.4,2.1,1092917,44030,57,57,bbr1
0.258,43838,30,34560,32.0,28.8,20.1,104.4,2.5,655750,44035,57,57,bbr1
0.268,33311,23,25920,32.2,33.6,20.1,104.4,1.8,655750,44037,57,57,bbr1
0.276,39007,27,27360,32.5,35.0,20.1,104.4,2.1,874334,44042,57,57,bbr1
0.282,43838,30,27360,33.0,36.5,20.1,104.4,2.5,874334,44046,57,57,bbr1
0.288,43838,30,25920,33.7,38.0,20.1,104.4,3.1,874334,44049,57,57,bbr1
0.296,43838,30,27360,34.4,39.5,20.1,104.4,3.8,874334,44054,57,57,bbr1
0.302,27615,19,27360,34.1,32.1,20.1,104.4,3.4,1092917,44058,57,57,bbr1
0.308,33311,23,23040,33.8,31.7,20.1,104.4,3.2,1092917,44059,57,57,bbr1
0.316,39007,27,27360,33.6,32.4,20.1,104.4,2.7,1092917,44066,57,57,bbr1
0.323,43838,30,28800,33.5,32.6,20.1,104.4,2.3,1092917,44071,57,57,bbr1
0.330,43838,30,30240,33.4,32.8,20.1,104.4,1.9,1092917,44076,57,57,bbr1
0.342,33311,23,25920,33.1,31.1,20.1,104.4,1.6,632961,44081,57,57,bbr1
0.349,39007,27,25920,33.1,32.6,20.1,104.4,1.4,632961,44085,57,57,bbr1
0.356,42615,29,24480,33.2,34.1,20.1,104.4,1.3,632961,44088,57,57,bbr1
0.362,42615,29,23040,33.5,35.6,20.1,104.4,1.6,843949,44091,57,57,bbr1
0.369,42615,29,23040,33.9,37.1,20.1,104.4,2.1,843949,44095,57,57,bbr1
0.376,27003,18,23040,33.7,32.1,20.1,104.4,2.0,1054936,44099,57,57,bbr1
0.383,32699,22,21600,33.4,31.4,20.1,104.4,2.1,1054936,44102,57,57,bbr1
0.389,38395,26,24480,32.9,29.1,20.1,104.4,2.7,1054936,44108,57,57,bbr1
0.396,42615,29,25920,32.4,29.0,20.1,104.4,3.0,1054936,44113,57,57,bbr1
0.403,42615,29,27360,32.0,29.0,20.1,104.4,3.1,1054936,44118,57,57,bbr1
0.415,31275,21,24480,31.1,29.4,20.1,104.4,3.2,1054936,44123,57,57,bbr1
0.422,36971,25,25920,31.0,30.7,20.1,104.4,2.5,1054936,44128,57,57,bbr1
0.428,42615,29,28800,31.2,32.0,20.1,104.4,2.1,1054936,44134,57,57,bbr1
0.435,42615,29,30240,31.4,33.3,20.1,104.4,2.1,1054936,44139,57,57,bbr1
0.443,42615,29,31680,31.8,34.6,20.1,104.4,2.4,632961,44144,57,57,bbr1
0.456,32699,22,24480,32.1,33.7,20.1,104.4,1.9,632961,44147,57,57,bbr1
0.462,38395,26,24480,32.5,35.0,20.1,104.4,2.1,843949,44151,57,57,bbr1
0.469,42615,29,24480,33.0,36.3,20.1,104.4,2.5,843949,44155,57,57,bbr1
0.476,42615,29,24480,33.5,37.6,20.1,104.4,3.1,843949,44159,57,57,bbr1
0.483,42615,29,24480,34.0,37.1,20.1,104.4,3.2,843949,44163,57,57,bbr1
0.489,27003,18,24480,33.7,31.5,20.1,104.4,3.0,1054936,44167,57,57,bbr1
0.496,32699,22,21600,33.3,30.4,20.1,104.4,3.1,1054936,44169,57,57,bbr1
0.503,38395,26,24480,32.9,30.5,20.1,104.4,3.0,1054936,44175,57,57,bbr1
0.510,42615,29,25920,32.6,30.3,20.1,104.4,2.9,1054936,44180,57,57,bbr1
0.517,42615,29,27360,32.3,30.3,20.1,104.4,2.8,1054936,44185,57,57,bbr1
0.528,31275,21,24480,31.3,29.3,20.1,104.4,3.1,1053687,44190,57,57,bbr1
0.535,36971,25,25920,31.2,30.7,20.1,104.4,2.5,1053687,44195,57,57,bbr1
0.542,42575,29,28800,31.3,32.0,20.1,104.4,2.1,1053687,44201,57,57,bbr1
0.549,42575,29,30240,31.6,33.3,20.1,104.4,2.0,1053687,44206,57,57,bbr1
0.556,42575,29,31680,32.0,34.6,20.1,104.4,2.3,632212,44211,57,57,bbr1
0.569,32679,22,24480,32.2,33.7,20.1,104.4,1.8,631890,44214,57,57,bbr1
0.576,38375,26,24480,32.6,35.1,20.1,104.4,2.1,842520,44218,57,57,bbr1
0.582,42558,29,24480,33.1,36.4,20.1,104.4,2.5,842520,44222,57,57,bbr1
0.589,42558,29,24480,33.6,37.7,20.1,104.4,3.0,842520,44226,57,57,bbr1
0.596,42558,29,25920,34.2,37.8,20.1,104.4,3.3,842520,44230,57,57,bbr1
0.603,26975,18,25920,33.7,30.5,20.1,104.4,3.4,842520,44234,57,57,bbr1
0.608,32671,22,21600,33.3,30.9,20.1,104.4,3.3,842520,44235,57,57,bbr1
0.615,38367,26,23040,33.0,30.9,20.1,104.4,3.1,842520,44240,57,57,bbr1
0.621,42558,29,23040,32.7,30.7,20.1,104.4,2.9,1053150,44244,57,57,bbr1
0.629,42558,29,25920,32.5,30.6,20.1,104.4,2.7,1053150,44250,57,57,bbr1
0.640,31247,21,23040,31.4,28.7,20.1,104.4,3.3,1053150,44255,57,57,bbr1
0.647,36943,25,25920,31.1,28.6,20.1,104.4,3.2,1053150,44261,57,57,bbr1
0.654,42558,29,27360,30.9,29.6,20.1,104.4,2.8,1053150,44266,57,57,bbr1
0.661,42558,29,28800,30.9,30.9,20.1,104.4,2.1,1053150,44271,57,57,bbr1
0.667,42558,29,30240,31.0,32.2,20.1,104.4,1.9,1053150,44276,57,57,bbr1
0.675,42558,29,33120,31.0,30.7,20.1,104.4,1.5,631890,44281,57,57,bbr1
0.686,32671,22,24480,31.4,33.4,20.1,104.4,1.6,631890,44283,57,57,bbr1
0.693,38367,26,24480,31.8,34.6,20.1,104.4,2.0,842520,44287,57,57,bbr1
0.699,42558,29,24480,32.3,35.9,20.1,104.4,2.5,842520,44291,57,57,bbr1
0.706,42558,29,25920,32.9,36.9,20.1,104.4,3.0,842520,44295,57,57,bbr1
0.711,42558,29,24480,33.6,38.2,20.1,104.4,3.6,842520,44298,57,57,bbr1
0.718,26975,18,24480,33.1,30.1,20.1,104.4,3.6,841669,44302,57,57,bbr1
0.725,31247,21,23040,32.8,30.4,20.1,104.4,3.4,841669,44304,57,57,bbr1
0.730,36943,25,23040,32.5,30.4,20.1,104.4,3.1,841669,44308,57,57,bbr1
0.737,42523,29,23040,32.2,30.5,20.1,104.4,2.8,841669,44312,57,57,bbr1
0.744,42523,29,24480,32.0,30.3,20.1,104.4,2.6,841669,44316,57,57,bbr1
0.749,42523,29,23040,31.8,30.3,20.1,104.4,2.4,841669,44319,57,57,bbr1
0.756,26957,18,23040,31.3,28.2,20.1,104.4,2.7,841669,44323,57,57,bbr1
0.762,32653,22,21600,31.0,28.6,20.1,104.4,2.7,841669,44326,57,57,bbr1
0.769,38349,26,23040,30.7,28.5,20.1,104.4,2.6,841669,44331,57,57,bbr1
0.776,42523,29,24480,30.4,28.1,20.1,104.4,2.6,1052086,44335,57,57,bbr1
0.781,42523,29,24480,30.1,28.5,20.1,104.4,2.4,1052086,44339,57,57,bbr1
0.788,26957,18,25920,29.9,28.3,20.1,104.4,2.3,1052086,44344,57,57,bbr1
0.794,32653,22,21600,29.7,28.3,20.1,104.4,2.1,1052086,44345,57,57,bbr1
0.801,38349,26,24480,29.5,28.2,20.1,104.4,2.0,1052086,44351,57,57,bbr1
0.808,42524,29,27360,29.4,28.8,20.1,104.4,1.6,1052107,44356,57,57,bbr1
0.813,42524,29,27360,29.5,30.2,20.1,104.4,1.4,1052107,44360,57,57,bbr1
0.821,42524,29,28800,29.7,31.1,20.1,104.4,1.4,1052107,44365,57,57,bbr1
0.827,42524,29,30240,29.7,29.3,20.1,104.4,1.2,1052107,44370,57,57,bbr1
0.835,42524,29,31680,29.8,30.7,20.1,104.4,1.1,631264,44375,57,57,bbr1
0.847,32654,22,24480,30.5,33.3,20.1,104.4,1.9,662921,44378,57,57,bbr1
0.855,38350,26,25920,31.0,34.6,20.1,104.4,2.4,883895,44383,57,57,bbr1
0.861,44046,30,25920,31.6,35.9,20.1,104.4,3.0,883895,44387,57,57,bbr1
0.868,44223,30,25920,32.3,37.2,20.1,104.4,3.7,883895,44391,57,57,bbr1
0.875,44223,30,25920,32.8,36.4,20.1,104.4,3.8,883895,44395,57,57,bbr1
0.881,27807,19,25920,32.7,31.6,20.1,104.4,3.1,883895,44399,57,57,bbr1
0.887,33503,23,23040,32.3,30.0,20.1,104.4,3.0,883895,44401,57,57,bbr1
0.895,39199,27,25920,32.1,30.5,20.1,104.4,2.7,883895,44407,57,57,bbr1
0.901,44223,30,24480,32.0,31.3,20.1,104.4,2.2,1104868,44410,57,57,bbr1
0.908,44223,30,27360,31.9,31.6,20.1,104.4,1.8,1104868,44416,57,57,bbr1
0.921,33503,23,23040,31.7,30.5,20.1,104.4,1.5,1104868,44421,57,57,bbr1
0.929,39199,27,27360,31.5,30.3,20.1,104.4,1.4,1104868,44428,57,57,bbr1
0.936,44223,30,28800,31.6,32.0,20.1,104.4,1.2,1104868,44433,57,57,bbr1
0.943,44223,30,30240,31.8,33.6,20.1,104.4,1.4,1104868,44438,57,57,bbr1
0.949,44223,30,31680,32.3,35.2,20.1,104.4,1.9,1104868,44443,57,57,bbr1
0.956,44223,30,33120,32.1,31.1,20.1,104.4,1.7,662921,44448,57,57,bbr1
0.969,33503,23,25920,32.4,34.3,20.1,104.4,1.6,662921,44451,57,57,bbr1
0.975,39199,27,25920,32.9,35.8,20.1,104.4,2.0,883895,44455,57,57,bbr1
0.983,44223,30,27360,33.4,37.3,20.1,104.4,2.6,883895,44460,57,57,bbr1
0.989,44223,30,27360,34.1,38.9,20.1,104.4,3.3,883895,44464,57,57,bbr1
0.996,44223,30,27360,34.8,39.5,20.1,104.4,3.9,883895,44468,57,57,bbr1
1.009,33503,23,23040,34.2,32.8,20.1,104.4,3.1,1104868,44473,57,57,bbr1
1.017,39199,27,27360,34.1,32.7,20.1,104.4,2.7,1104868,44480,57,57,bbr1
1.024,44223,30,28800,34.0,33.4,20.1,104.4,2.2,1104868,44485,57,57,bbr1
1.031,44223,30,30240,33.9,33.7,20.1,104.4,1.7,1104868,44490,57,57,bbr1
1.037,44223,30,33120,33.9,33.4,20.1,104.4,1.4,1104868,44495,57,57,bbr1
1.048,33503,23,27360,33.3,32.3,20.1,104.4,1.7,662921,44499,57,57,bbr1
1.057,39199,27,28800,33.4,33.8,20.1,104.4,1.4,662921,44504,57,57,bbr1
1.064,44223,30,27360,33.6,35.4,20.1,104.4,1.5,662921,44507,57,57,bbr1
1.070,44223,30,25920,34.0,36.6,20.1,104.4,1.9,662921,44510,57,57,bbr1
1.076,44223,30,24480,34.6,38.5,20.1,104.4,2.6,883895,44513,57,57,bbr1
1.082,27807,19,24480,34.5,33.9,20.1,104.4,2.1,883895,44517,57,57,bbr1
1.088,32079,22,24480,34.5,34.6,20.1,104.4,1.6,883895,44520,57,57,bbr1
1.094,37775,26,24480,34.3,32.6,20.1,104.4,1.7,883895,44524,57,57,bbr1
1.101,43471,30,24480,33.8,30.7,20.1,104.4,2.1,883895,44528,57,57,bbr1
1.109,44223,30,25920,33.3,29.9,20.1,104.4,2.6,883895,44533,57,57,bbr1
1.115,44223,30,27360,32.9,30.1,20.1,104.4,2.7,883895,44537,57,57,bbr1
1.120,27807,19,25920,32.6,30.3,20.1,104.4,2.7,1104868,44540,57,57,bbr1
1.126,33503,23,23040,32.3,30.5,20.1,104.4,2.5,1104868,44542,57,57,bbr1
1.134,39199,27,27360,32.2,30.8,20.1,104.4,2.3,1104868,44549,57,57,bbr1
1.141,44223,30,28800,32.0,31.0,20.1,104.4,2.0,1104868,44554,57,57,bbr1
1.147,44223,30,30240,31.9,31.0,20.1,104.4,1.8,1104868,44559,57,57,bbr1
1.160,33503,23,25920,31.8,31.3,20.1,104.4,1.2,662921,44564,57,57,bbr1
1.169,39199,27,27360,32.0,32.8,20.1,104.4,1.2,657601,44569,57,57,bbr1
1.176,43938,30,25920,32.3,34.3,20.1,104.4,1.5,657601,44572,57,57,bbr1
1.181,43938,30,24480,32.7,35.9,20.1,104.4,2.0,876802,44575,57,57,bbr1
1.188,43938,30,24480,33.3,37.5,20.1,104.4,2.7,876802,44579,57,57,bbr1
1.194,27665,19,24480,33.2,32.2,20.1,104.4,2.3,876802,44583,57,57,bbr1
1.201,33361,23,23040,33.0,31.6,20.1,104.4,2.1,876802,44586,57,57,bbr1
1.208,39057,27,24480,32.6,29.6,20.1,104.4,2.4,876802,44591,57,57,bbr1
1.215,43938,30,25920,32.2,29.5,20.1,104.4,2.6,1096002,44596,57,57,bbr1
1.222,43938,30,27360,31.8,29.3,20.1,104.4,2.7,1096002,44601,57,57,bbr1
1.235,33361,23,23040,31.4,30.2,20.1,104.4,2.2,1096002,44606,57,57,bbr1
1.242,39057,27,27360,31.3,30.4,20.1,104.4,1.9,1096002,44613,57,57,bbr1
1.249,43938,30,28800,31.3,31.2,20.1,104.4,1.4,1096002,44618,57,57,bbr1
1.256,43938,30,31680,31.4,32.4,20.1,104.4,1.3,1096002,44623,57,57,bbr1
1.262,43938,30,31680,31.7,33.9,20.1,104.4,1.6,657601,44627,57,57,bbr1
1.272,31937,22,25920,31.4,31.9,20.1,104.4,1.6,657601,44630,57,57,bbr1
1.281,37633,26,27360,31.7,33.4,20.1,104.4,1.7,876802,44635,57,57,bbr1
1.287,43329,30,27360,32.1,34.9,20.1,104.4,2.1,876802,44639,57,57,bbr1
1.292,43989,30,25920,32.6,36.2,20.1,104.4,2.6,878069,44642,57,57,bbr1
1.300,43989,30,27360,33.1,36.8,20.1,104.4,3.0,878069,44647,57,57,bbr1
1.307,27690,19,27360,33.0,32.0,20.1,104.4,2.5,878069,44651,57,57,bbr1
1.312,33386,23,23040,32.8,31.8,20.1,104.4,2.2,878069,44652,57,57,bbr1
1.321,39082,27,25920,32.8,32.4,20.1,104.4,1.7,878069,44658,57,57,bbr1
1.327,43989,30,25920,32.8,32.7,20.1,104.4,1.3,1097586,44662,57,57,bbr1
1.334,43989,30,27360,32.8,32.7,20.1,104.4,1.0,1097586,44667,57,57,bbr1
1.346,33386,23,23040,32.5,30.5,20.1,104.4,1.1,1097586,44672,57,57,bbr1
1.354,39082,27,27360,32.3,30.8,20.1,104.4,1.3,1097586,44679,57,57,bbr1
1.361,43989,30,28800,32.2,31.7,20.1,104.4,1.1,1097586,44684,57,57,bbr1
1.368,43989,30,30240,32.3,32.8,20.1,104.4,1.0,1097586,44689,57,57,bbr1
1.374,43989,30,31680,32.6,34.6,20.1,104.4,1.3,1097586,44694,57,57,bbr1
1.381,43989,30,33120,32.4,31.2,20.1,104.4,1.3,658551,44699,57,57,bbr1
1.394,33386,23,25920,32.6,34.2,20.1,104.4,1.2,658551,44702,57,57,bbr1
1.402,39082,27,27360,33.0,35.7,20.1,104.4,1.7,878069,44707,57,57,bbr1
1.409,43989,30,27360,33.5,37.2,20.1,104.4,2.3,878069,44711,57,57,bbr1
1.415,43989,30,27360,34.1,38.4,20.1,104.4,3.0,878069,44715,57,57,bbr1
1.422,43989,30,27360,34.8,39.3,20.1,104.4,3.5,878069,44719,57,57,bbr1
1.428,27690,19,27360,34.5,32.1,20.1,104.4,3.3,1097586,44723,57,57,bbr1
1.434,33386,23,23040,34.2,32.3,20.1,104.4,3.0,1097586,44724,57,57,bbr1
1.442,39082,27,27360,34.0,32.5,20.1,104.4,2.7,1097586,44731,57,57,bbr1
0.007,38420,26,0,33.3,32.7,20.1,104.4,1.5,1097586,44732,57,57,bbr1
0.010,40998,28,0,32.6,28.0,20.1,104.4,2.4,1097586,44734,57,57,bbr1
0.036,43989,30,25920,31.5,23.8,20.1,104.4,4.0,1097586,44757,57,57,bbr1
0.043,43989,30,27360,30.7,25.3,20.1,104.4,4.6,1097586,44762,57,57,bbr1
0.050,43989,30,28800,30.2,26.8,20.1,104.4,4.4,1097586,44767,57,57,bbr1
0.056,43989,30,30240,30.0,28.3,20.1,104.4,3.8,1097586,44772,57,57,bbr1
0.062,43989,30,31680,30.0,29.8,20.1,104.4,2.9,1097586,44777,57,57,bbr1
0.070,43989,30,33120,30.2,31.4,20.1,104.4,2.5,658551,44782,57,57,bbr1
0.077,43989,30,31680,30.5,32.7,20.1,104.4,2.5,658551,44785,57,57,bbr1
0.083,43989,30,30240,31.0,34.4,20.1,104.4,2.9,658551,44788,57,57,bbr1
0.090,43989,30,28800,31.6,36.0,20.1,104.4,3.4,658551,44791,57,57,bbr1
0.096,43989,30,27360,32.3,37.5,20.1,104.4,4.0,658551,44794,57,57,bbr1
0.105,43989,30,27360,33.2,39.0,20.1,104.4,4.7,658551,44798,57,57,bbr1
0.112,43989,30,25920,34.0,39.5,20.1,104.4,5.1,658551,44801,57,57,bbr1
0.117,43989,30,24480,34.4,37.4,20.1,104.4,4.7,878069,44804,57,57,bbr1
0.124,43989,30,24480,34.5,35.7,20.1,104.4,3.8,878069,44808,57,57,bbr1
0.131,43989,30,24480,34.4,33.7,20.1,104.4,3.1,878069,44812,57,57,bbr1
0.137,43989,30,24480,34.1,31.7,20.1,104.4,3.0,878069,44816,57,57,bbr1
0.144,27690,19,24480,33.5,29.6,20.1,104.4,3.4,878069,44820,57,57,bbr1
0.150,33386,23,23040,33.0,29.5,20.1,104.4,3.5,878069,44823,57,57,bbr1
0.158,39082,27,25920,32.6,29.2,20.1,104.4,3.6,878069,44829,57,57,bbr1
0.164,43989,30,24480,32.2,29.4,20.1,104.4,3.5,1097586,44832,57,57,bbr1
0.171,43989,30,27360,31.9,30.1,20.1,104.4,3.1,1097586,44838,57,57,bbr1
0.182,31962,22,24480,31.4,29.9,20.1,104.4,2.6,1097586,44843,57,57,bbr1
0.189,37658,26,27360,31.3,30.6,20.1,104.4,2.1,1097586,44849,57,57,bbr1
0.197,43354,30,30240,31.3,31.1,20.1,104.4,1.7,1097586,44855,57,57,bbr1
0.204,43989,30,31680,31.5,33.0,20.1,104.4,1.7,1097586,44860,57,57,bbr1
0.211,43989,30,33120,31.9,34.6,20.1,104.4,2.0,658551,44865,57,57,bbr1
0.223,31962,22,27360,32.2,33.6,20.1,104.4,1.7,658551,44868,57,57,bbr1
0.230,37658,26,27360,32.6,35.2,20.1,104.4,2.0,658551,44872,57,57,bbr1
0.236,41930,29,27360,33.0,36.2,20.1,104.4,2.4,658551,44875,57,57,bbr1
0.241,43989,30,24480,33.6,37.9,20.1,104.4,3.0,658551,44877,57,57,bbr1
0.247,43989,30,23040,34.4,39.4,20.1,104.4,3.7,878069,44880,57,57,bbr1
0.254,43989,30,23040,34.9,38.3,20.1,104.4,3.8,878069,44884,57,57,bbr1
0.261,27690,19,24480,34.6,32.8,20.1,104.4,3.4,842852,44889,57,57,bbr1
0.267,33386,23,23040,34.1,30.9,20.1,104.4,3.4,842852,44892,57,57,bbr1
0.274,37658,26,24480,33.5,28.9,20.1,104.4,3.9,842852,44896,57,57,bbr1
0.280,42571,29,24480,32.9,28.6,20.1,104.4,4.1,842852,44900,57,57,bbr1
0.286,42571,29,23040,32.4,28.7,20.1,104.4,4.1,842852,44903,57,57,bbr1
0.293,42571,29,23040,31.9,28.9,20.1,104.4,4.0,842852,44907,57,57,bbr1
0.299,26981,18,23040,31.5,28.8,20.1,104.4,3.7,842852,44911,57,57,bbr1
0.306,32677,22,21600,31.2,28.8,20.1,104.4,3.5,842852,44914,57,57,bbr1
0.313,38373,26,23040,30.9,29.2,20.1,104.4,3.1,842852,44919,57,57,bbr1
0.320,42571,29,23040,30.7,29.1,20.1,104.4,2.8,1053565,44923,57,57,bbr1
0.328,42571,29,25920,30.5,29.1,20.1,104.4,2.5,1053565,44929,57,57,bbr1
0.338,31253,21,23040,29.9,28.7,20.1,104.4,2.4,1053565,44934,57,57,bbr1
0.345,35525,24,27360,29.7,28.3,20.1,104.4,2.2,1053565,44940,57,57,bbr1
0.351,41221,28,27360,29.7,29.2,20.1,104.4,1.8,1053565,44944,57,57,bbr1
0.358,42571,29,28800,29.8,30.6,20.1,104.4,1.6,1053565,44949,57,57,bbr1
0.365,42571,29,30240,30.0,31.9,20.1,104.4,1.7,1053565,44954,57,57,bbr1
0.373,42571,29,31680,30.1,30.7,20.1,104.4,1.4,632139,44959,57,57,bbr1
0.384,32677,22,24480,30.6,32.7,20.1,104.4,1.8,663539,44962,57,57,bbr1
0.391,36949,25,25920,31.1,34.2,20.1,104.4,2.2,884719,44966,57,57,bbr1
0.397,42645,29,25920,31.6,35.4,20.1,104.4,2.7,884719,44970,57,57,bbr1
0.404,44257,30,25920,32.2,36.5,20.1,104.4,3.3,884719,44974,57,57,bbr1
0.410,44257,30,25920,32.8,36.8,20.1,104.4,3.6,884719,44978,57,57,bbr1
0.416,27824,19,25920,32.5,30.2,20.1,104.4,3.3,884719,44982,57,57,bbr1
0.423,33520,23,23040,32.3,31.0,20.1,104.4,2.9,884719,44984,57,57,bbr1
0.431,39216,27,25920,32.2,31.2,20.1,104.4,2.4,884719,44990,57,57,bbr1
0.436,44257,30,24480,32.1,31.5,20.1,104.4,2.0,884719,44993,57,57,bbr1
0.444,44257,30,27360,32.0,31.8,20.1,104.4,1.6,884719,44998,57,57,bbr1
0.449,27824,19,25920,32.0,32.0,20.1,104.4,1.2,1105898,45001,57,57,bbr1
0.455,33520,23,23040,31.8,30.1,20.1,104.4,1.4,1105898,45003,57,57,bbr1
0.463,39216,27,27360,31.7,30.7,20.1,104.4,1.3,1105898,45010,57,57,bbr1
0.470,44257,30,28800,31.6,31.0,20.1,104.4,1.1,1105898,45015,57,57,bbr1
0.477,44257,30,30240,31.5,31.0,20.1,104.4,1.0,1105898,45020,57,57,bbr1
0.489,33520,23,25920,31.5,31.1,20.1,104.4,0.8,663539,45025,57,57,bbr1
0.498,39216,27,27360,31.7,32.8,20.1,104.4,0.9,663539,45030,57,57,bbr1
0.505,44257,30,25920,32.0,34.2,20.1,104.4,1.3,663539,45033,57,57,bbr1
0.510,44257,30,24480,32.5,35.8,20.1,104.4,1.9,884719,45036,57,57,bbr1
0.517,44257,30,25920,33.0,36.7,20.1,104.4,2.5,884719,45040,57,57,bbr1
0.522,27824,19,24480,32.9,32.0,20.1,104.4,2.1,884719,45043,57,57,bbr1
0.527,32096,22,24480,32.9,32.7,20.1,104.4,1.6,884719,45046,57,57,bbr1
0.533,37792,26,24480,32.6,30.6,20.1,104.4,1.8,884719,45050,57,57,bbr1
0.541,43488,30,25920,32.2,29.2,20.1,104.4,2.2,884719,45055,57,57,bbr1
0.547,44257,30,24480,31.8,29.3,20.1,104.4,2.3,884719,45058,57,57,bbr1
0.554,27824,19,25920,31.5,29.5,20.1,104.4,2.3,884719,45063,57,57,bbr1
0.560,33520,23,23040,31.4,30.2,20.1,104.4,2.1,884719,45065,57,57,bbr1
0.568,39216,27,25920,31.3,30.5,20.1,104.4,1.8,884719,45071,57,57,bbr1
0.574,44257,30,24480,31.1,30.2,20.1,104.4,1.6,1105898,45074,57,57,bbr1
0.581,44257,30,27360,31.1,30.6,20.1,104.4,1.3,1105898,45080,57,57,bbr1
0.594,33520,23,23040,31.0,30.5,20.1,104.4,0.9,1105898,45085,57,57,bbr1
0.602,39216,27,27360,30.9,30.3,20.1,104.4,0.9,1105898,45092,57,57,bbr1
0.609,44257,30,28800,31.1,32.0,20.1,104.4,0.9,1105898,45097,57,57,bbr1
0.615,44257,30,30240,31.4,33.7,20.1,104.4,1.3,1105898,45102,57,57,bbr1
0.621,44257,30,31680,31.9,35.2,20.1,104.4,2.0,1105898,45107,57,57,bbr1
0.630,44257,30,34560,31.8,31.3,20.1,104.4,1.6,663539,45113,57,57,bbr1
0.641,33520,23,27360,32.2,34.3,20.1,104.4,1.7,663539,45116,57,57,bbr1
0.650,39216,27,28800,32.6,35.7,20.1,104.4,2.1,663539,45121,57,57,bbr1
0.657,43488,30,28800,33.2,37.0,20.1,104.4,2.7,663539,45124,57,57,bbr1
0.661,44257,30,25920,33.8,38.5,20.1,104.4,3.3,663539,45126,57,57,bbr1
0.667,44257,30,24480,34.6,40.1,20.1,104.4,4.1,884719,45129,57,57,bbr1
0.675,44257,30,25920,35.2,39.1,20.1,104.4,4.2,884719,45134,57,57,bbr1
0.681,27824,19,24480,35.1,34.5,20.1,104.4,3.3,884719,45137,57,57,bbr1
0.687,33520,23,23040,34.8,32.7,20.1,104.4,3.1,884719,45140,57,57,bbr1
0.695,39216,27,25920,34.3,30.6,20.1,104.4,3.4,884719,45146,57,57,bbr1
0.701,44257,30,24480,33.8,30.4,20.1,104.4,3.5,884719,45149,57,57,bbr1
0.708,44257,30,25920,33.3,30.1,20.1,104.4,3.5,884719,45154,57,57,bbr1
0.715,27824,19,25920,33.0,30.9,20.1,104.4,3.2,1105898,45158,57,57,bbr1
0.721,33520,23,23040,32.7,30.5,20.1,104.4,3.1,1054501,45160,57,57,bbr1
0.728,39216,27,25920,32.4,30.2,20.1,104.4,2.9,1054501,45166,57,57,bbr1
0.735,42601,29,27360,32.2,30.4,20.1,104.4,2.7,1054501,45171,57,57,bbr1
0.742,42601,29,28800,32.0,31.2,20.1,104.4,2.2,1054501,45176,57,57,bbr1
0.755,32692,22,24480,31.9,31.0,20.1,104.4,1.6,632700,45181,57,57,bbr1
0.762,36964,25,25920,31.9,32.0,20.1,104.4,1.2,632700,45185,57,57,bbr1
0.769,42601,29,24480,32.1,33.3,20.1,104.4,1.2,632700,45188,57,57,bbr1
0.776,42601,29,23040,32.4,34.6,20.1,104.4,1.6,632700,45191,57,57,bbr1
0.782,42601,29,21600,32.9,36.0,20.1,104.4,2.1,843601,45194,57,57,bbr1
0.787,26996,18,20160,32.6,30.5,20.1,104.4,2.1,843601,45197,57,57,bbr1
0.794,32692,22,20160,32.2,29.8,20.1,104.4,2.3,843601,45201,57,57,bbr1
0.801,38388,26,20160,31.6,27.5,20.1,104.4,2.9,843601,45205,57,57,bbr1
0.808,42601,29,20160,31.0,26.5,20.1,104.4,3.5,1054501,45209,57,57,bbr1
0.815,42601,29,23040,30.3,25.7,20.1,104.4,3.9,1054501,45215,57,57,bbr1
0.822,26996,18,24480,29.7,25.6,20.1,104.4,4.1,1054501,45220,57,57,bbr1
0.828,32692,22,21600,29.2,25.6,20.1,104.4,4.1,1054501,45222,57,57,bbr1
0.835,38388,26,24480,28.8,26.2,20.1,104.4,3.9,1069108,45228,57,57,bbr1
0.841,43341,30,25920,28.7,27.5,20.1,104.4,3.2,1077481,45233,57,57,bbr1
0.848,43341,30,27360,28.7,28.8,20.1,104.4,2.5,1077481,45238,57,57,bbr1
0.856,43341,30,30240,28.5,27.0,20.1,104.4,2.3,1077481,45244,57,57,bbr1
0.860,43341,30,30240,28.6,29.3,20.1,104.4,1.9,1077481,45247,57,57,bbr1
0.867,43341,30,31680,28.8,30.7,20.1,104.4,2.0,1077481,45252,57,57,bbr1
0.876,43341,30,34560,29.3,32.1,20.1,104.4,2.3,646488,45258,57,57,bbr1
0.882,43341,30,33120,29.8,33.5,20.1,104.4,2.8,646488,45261,57,57,bbr1
0.889,43341,30,31680,30.4,35.0,20.1,104.4,3.4,646488,45264,57,57,bbr1
0.896,43341,30,30240,31.2,36.4,20.1,104.4,4.0,646488,45267,57,57,bbr1
0.903,43341,30,28800,32.0,37.8,20.1,104.4,4.7,646488,45270,57,57,bbr1
0.910,43341,30,27360,32.9,39.3,20.1,104.4,5.3,646488,45273,57,57,bbr1
0.916,43341,30,25920,33.9,40.6,20.1,104.4,5.9,646488,45276,57,57,bbr1
0.922,43341,30,24480,34.5,38.5,20.1,104.4,5.6,861985,45279,57,57,bbr1
0.929,43341,30,24480,34.7,36.3,20.1,104.4,4.7,861985,45283,57,57,bbr1
0.936,43341,30,24480,34.6,34.3,20.1,104.4,3.6,861985,45287,57,57,bbr1
0.942,27366,19,24480,34.3,31.7,20.1,104.4,3.4,1077481,45291,57,57,bbr1
0.948,33062,22,23040,33.7,29.5,20.1,104.4,3.8,1077481,45294,57,57,bbr1
0.955,38758,26,25920,33.1,29.1,20.1,104.4,4.0,1077481,45300,57,57,bbr1
0.963,43341,30,28800,32.6,29.2,20.1,104.4,4.0,1077481,45306,57,57,bbr1
0.969,43341,30,30240,32.2,29.2,20.1,104.4,3.8,1077481,45311,57,57,bbr1
0.982,33062,22,25920,31.9,31.1,20.1,104.4,2.6,646488,45316,57,57,bbr1
0.989,38758,26,25920,32.0,32.4,20.1,104.4,2.1,646488,45320,57,57,bbr1
0.998,43341,30,25920,32.2,33.9,20.1,104.4,2.1,646488,45324,57,57,bbr1
1.004,43341,30,25920,32.6,35.0,20.1,104.4,2.2,861985,45327,57,57,bbr1
1.007,43341,30,23040,33.0,36.5,20.1,104.4,2.6,861985,45329,57,57,bbr1
1.014,43341,30,23040,32.9,32.1,20.1,104.4,2.2,861985,45333,57,57,bbr1
1.020,25942,18,24480,32.9,32.7,20.1,104.4,1.7,1077481,45337,57,57,bbr1
1.026,31638,21,21600,32.6,30.6,20.1,104.4,1.9,1077481,45339,57,57,bbr1
1.034,37334,25,25920,32.1,28.4,20.1,104.4,2.4,1077481,45346,57,57,bbr1
1.041,43030,29,27360,31.6,28.6,20.1,104.4,2.7,1077481,45351,57,57,bbr1
1.047,43341,30,28800,31.3,28.7,20.1,104.4,2.8,1077481,45356,57,57,bbr1
1.058,31638,21,25920,30.6,29.5,20.1,104.4,2.7,1077481,45361,57,57,bbr1
0.007,3072,2,0,31.7,32.1,20.1,104.4,2.0,1077481,45363,58,58,bbr1
0.008,5760,4,0,31.2,27.6,20.1,104.4,2.5,1077481,45365,58,58,bbr1
0.034,12880,8,0,30.3,23.8,20.1,104.4,3.8,1077481,45370,58,58,bbr1
0.059,20000,13,5760,29.1,21.1,20.1,104.4,5.1,1077481,45379,58,58,bbr1
0.066,25696,17,8640,28.3,22.5,20.1,104.4,5.5,1077481,45385,58,58,bbr1
0.085,32816,22,18720,27.4,21.2,20.1,104.4,5.9,1077481,45397,58,58,bbr1
0.110,5760,4,5760,25.9,23.5,20.1,104.4,3.7,861985,45403,58,58,bbr1
0.117,5760,4,1440,26.0,26.6,20.1,104.4,3.0,861985,45404,58,58,bbr1
0.135,5760,4,5760,25.3,20.3,20.1,104.4,3.6,845737,45408,58,58,bbr1
0.142,5760,4,1440,24.6,20.2,20.1,104.4,4.0,845737,45409,58,58,bbr1
0.161,5760,4,5760,24.1,20.2,20.1,104.4,4.1,845737,45413,58,58,bbr1
0.167,5760,4,1440,23.6,20.2,20.1,104.4,4.0,845737,45414,58,58,bbr1
0.186,5760,4,5760,23.2,20.2,20.1,104.4,3.9,845737,45418,58,58,bbr1
0.193,5760,4,1440,22.8,20.2,20.1,104.4,3.7,845737,45419,58,58,bbr1
0.211,5760,4,5760,22.5,20.2,20.1,104.4,3.4,845737,45423,58,58,bbr1
0.218,5760,4,1440,22.2,20.2,20.1,104.4,3.1,845737,45424,58,58,bbr1
0.237,5760,4,5760,22.0,20.2,20.1,104.4,2.8,845737,45428,58,58,bbr1
0.244,5760,4,1440,21.7,20.3,20.1,104.4,2.5,845737,45429,58,58,bbr1
0.262,5760,4,5760,21.6,20.2,20.1,104.4,2.3,845737,45433,58,58,bbr1
0.270,5760,4,1440,21.4,20.2,20.1,104.4,2.0,845737,45434,58,58,bbr1
0.288,5760,4,5760,21.2,20.2,20.1,104.4,1.8,845737,45438,58,58,bbr1
0.295,5760,4,1440,21.1,20.1,20.1,104.4,1.6,845737,45439,58,58,bbr1
0.313,34240,23,5760,21.0,20.2,20.1,104.4,1.5,845737,45443,58,58,bbr1
0.322,39936,27,8640,20.9,20.4,20.1,104.4,1.3,845737,45449,58,58,bbr1
0.339,42714,29,17280,20.8,20.2,20.1,104.4,1.1,845737,45459,58,58,bbr1
0.344,42714,29,15840,20.7,20.2,20.1,104.4,1.0,845737,45462,58,58,bbr1
0.351,42714,29,15840,20.7,20.1,20.1,104.4,0.9,845737,45466,58,58,bbr1
0.360,42687,29,17280,20.6,20.1,20.1,104.4,0.8,845737,45471,58,58,bbr1
0.364,42270,29,17280,20.5,20.2,20.1,104.4,0.7,835386,45474,58,58,bbr1
0.369,42498,29,15840,20.5,20.2,20.1,104.4,0.6,841044,45477,58,58,bbr1
0.376,42498,29,17280,20.5,20.2,20.1,104.4,0.5,841044,45481,58,58,bbr1
0.381,42498,29,15840,20.4,20.2,20.1,104.4,0.5,841044,45484,58,58,bbr1
0.388,42498,29,15840,20.4,20.5,20.1,104.4,0.4,1051305,45488,58,58,bbr1
0.395,42493,29,18720,20.4,20.1,20.1,104.4,0.4,1051305,45493,58,58,bbr1
0.402,42493,29,20160,20.4,20.1,20.1,104.4,0.3,1051305,45498,58,58,bbr1
0.407,42493,29,21600,20.3,20.2,20.1,104.4,0.3,1051305,45502,58,58,bbr1
0.413,42493,29,21600,20.4,20.6,20.1,104.4,0.3,1051305,45506,58,58,bbr1
0.418,45412,31,21600,20.5,21.8,20.1,104.4,0.6,1141952,45510,58,58,bbr1
0.426,45412,31,25920,20.8,22.8,20.1,104.4,1.0,1141952,45516,58,58,bbr1
0.431,45412,31,25920,21.2,24.1,20.1,104.4,1.6,1141952,45520,58,58,bbr1
0.437,45412,31,27360,21.8,25.4,20.1,104.4,2.2,1141952,45525,58,58,bbr1
0.445,45412,31,30240,22.4,26.7,20.1,104.4,2.9,1141952,45531,58,58,bbr1
0.451,45412,31,31680,23.1,28.4,20.1,104.4,3.7,1141952,45536,58,58,bbr1
0.458,45412,31,33120,24.0,29.9,20.1,104.4,4.5,685171,45541,58,58,bbr1
0.464,45412,31,31680,24.9,31.7,20.1,104.4,5.3,685171,45544,58,58,bbr1
0.470,45412,31,30240,26.0,33.6,20.1,104.4,6.1,685171,45547,58,58,bbr1
0.479,45412,31,31680,27.1,34.9,20.1,104.4,6.8,685171,45551,58,58,bbr1
0.483,45412,31,28800,28.3,36.6,20.1,104.4,7.5,685171,45553,58,58,bbr1
0.489,45412,31,27360,29.6,38.4,20.1,104.4,8.1,685171,45556,58,58,bbr1
0.498,45412,31,27360,30.9,40.1,20.1,104.4,8.7,685171,45560,58,58,bbr1
0.504,45412,31,25920,31.8,38.4,20.1,104.4,8.4,685171,45563,58,58,bbr1
0.510,45412,31,24480,32.4,36.7,20.1,104.4,7.5,913562,45566,58,58,bbr1
0.518,45412,31,25920,32.8,35.2,20.1,104.4,6.3,913562,45571,58,58,bbr1
0.524,45412,31,25920,32.9,33.6,20.1,104.4,5.0,913562,45575,58,58,bbr1
0.531,45412,31,25920,32.7,31.7,20.1,104.4,4.0,913562,45579,58,58,bbr1
0.537,45412,31,25920,32.4,30.3,20.1,104.4,3.6,913562,45583,58,58,bbr1
0.548,32674,22,21600,31.9,30.5,20.1,104.4,2.9,913562,45587,58,58,bbr1
0.556,38370,26,24480,31.8,31.0,20.1,104.4,2.4,913562,45593,58,58,bbr1
0.563,44066,30,24480,31.7,31.0,20.1,104.4,2.0,913562,45597,58,58,bbr1
0.569,45412,31,24480,31.8,32.0,20.1,104.4,1.6,1141952,45601,58,58,bbr1
0.577,45412,31,27360,31.2,27.1,20.1,104.4,2.4,1141952,45607,58,58,bbr1
0.582,45412,31,28800,30.8,28.4,20.1,104.4,2.5,1141952,45611,58,58,bbr1
0.587,45412,31,30240,30.7,29.5,20.1,104.4,2.2,1141952,45616,58,58,bbr1
0.601,34098,23,27360,30.6,31.0,20.1,104.4,1.5,685171,45622,58,58,bbr1
0.610,39794,27,28800,30.9,32.8,20.1,104.4,1.6,685171,45627,58,58,bbr1
0.616,44066,30,28800,31.3,33.9,20.1,104.4,2.0,685171,45630,58,58,bbr1
0.620,45412,31,25920,31.8,35.6,20.1,104.4,2.6,685171,45632,58,58,bbr1
0.626,45412,31,24480,32.5,37.6,20.1,104.4,3.4,913562,45635,58,58,bbr1
0.633,45412,31,25920,33.4,39.3,20.1,104.4,4.2,913562,45640,58,58,bbr1
0.640,28402,19,25920,33.5,34.5,20.1,104.4,3.4,913562,45644,58,58,bbr1
0.647,34098,23,23040,33.4,32.6,20.1,104.4,2.8,913562,45646,58,58,bbr1
0.653,38370,26,25920,33.2,31.8,20.1,104.4,2.5,913562,45651,58,58,bbr1
0.660,44066,30,25920,32.9,30.9,20.1,104.4,2.5,913562,45655,58,58,bbr1
0.665,45412,31,25920,32.8,31.7,20.1,104.4,2.1,1141952,45659,58,58,bbr1
0.673,45412,31,30240,32.7,32.1,20.1,104.4,1.8,1141952,45665,58,58,bbr1
0.678,45412,31,30240,32.2,28.8,20.1,104.4,2.3,1141952,45669,58,58,bbr1
0.691,34098,23,25975,31.9,31.1,20.1,104.4,1.8,685171,45675,58,58,bbr1
0.699,38370,26,28855,31.8,31.7,20.1,104.4,1.4,685171,45680,58,58,bbr1
0.704,44066,30,25975,32.0,33.5,20.1,104.4,1.5,685171,45682,58,58,bbr1
0.710,45412,31,24535,32.4,35.0,20.1,104.4,1.8,685171,45685,58,58,bbr1
0.718,45412,31,24535,32.9,36.6,20.1,104.4,2.4,913562,45689,58,58,bbr1
0.724,27017,18,25920,33.6,38.6,20.1,104.4,3.2,1141952,45693,58,58,bbr1
0.728,32713,22,21600,33.6,33.0,20.1,104.4,2.6,1141952,45694,58,58,bbr1
0.736,38409,26,25920,33.3,31.2,20.1,104.4,2.5,1141952,45701,58,58,bbr1
0.742,44105,30,27360,32.8,29.7,20.1,104.4,2.8,1141952,45706,58,58,bbr1
0.748,45412,31,28800,32.3,28.6,20.1,104.4,3.1,1141952,45711,58,58,bbr1
0.756,44232,30,31680,31.6,26.9,20.1,104.4,3.7,1105315,45717,58,58,bbr1
0.767,32084,22,27360,31.3,30.9,20.1,104.4,2.6,663189,45721,58,58,bbr1
0.774,37780,26,27360,31.5,32.9,20.1,104.4,2.4,663189,45725,58,58,bbr1
0.783,43476,30,27360,31.9,34.7,20.1,104.4,2.6,663189,45729,58,58,bbr1
0.789,44232,30,25920,32.5,36.4,20.1,104.4,3.1,663189,45732,58,58,bbr1
0.795,44232,30,25920,33.1,37.7,20.1,104.4,3.6,884252,45735,58,58,bbr1
0.800,44062,30,24480,33.9,39.2,20.1,104.4,4.2,880027,45738,58,58,bbr1
0.806,44062,30,24480,34.0,34.5,20.1,104.4,3.3,880027,45742,58,58,bbr1
0.813,44062,30,24480,33.8,32.5,20.1,104.4,2.8,880027,45746,58,58,bbr1
0.821,27727,19,25920,33.4,30.7,20.1,104.4,2.9,880027,45751,58,58,bbr1
0.826,33423,23,23040,32.9,29.8,20.1,104.4,3.1,880027,45753,58,58,bbr1
0.835,39119,27,25920,32.6,30.1,20.1,104.4,3.0,880027,45759,58,58,bbr1
0.840,44062,30,24480,32.3,30.2,20.1,104.4,2.8,1100033,45762,58,58,bbr1
0.847,44062,30,27360,32.1,30.6,20.1,104.4,2.6,1100033,45768,58,58,bbr1
0.860,33423,23,23040,31.7,30.4,20.1,104.4,2.1,1100033,45773,58,58,bbr1
0.868,39119,27,27360,31.5,30.2,20.1,104.4,2.0,1100033,45780,58,58,bbr1
0.875,44062,30,28800,31.5,31.6,20.1,104.4,1.5,1100033,45785,58,58,bbr1
0.882,44062,30,30240,31.7,33.5,20.1,104.4,1.6,1100033,45790,58,58,bbr1
0.888,44062,30,31680,32.2,35.1,20.1,104.4,2.1,1100033,45795,58,58,bbr1
0.895,44062,30,34560,32.0,30.9,20.1,104.4,1.9,660020,45800,58,58,bbr1
0.899,44062,30,33120,32.0,32.1,20.1,104.4,1.4,660020,45802,58,58,bbr1
0.911,33423,23,25920,32.5,35.0,20.1,104.4,1.8,660020,45805,58,58,bbr1
0.920,39119,27,27360,33.0,36.1,20.1,104.4,2.2,880027,45810,58,58,bbr1
0.926,44062,30,27360,33.6,38.2,20.1,104.4,3.0,880027,45814,58,58,bbr1
0.932,44062,30,27360,34.4,39.7,20.1,104.4,3.7,880027,45818,58,58,bbr1
0.939,44062,30,27360,34.9,38.6,20.1,104.4,3.8,880027,45822,58,58,bbr1
0.946,44062,30,27360,34.6,32.1,20.1,104.4,3.6,880027,45826,58,58,bbr1
0.952,44062,30,27360,34.2,31.8,20.1,104.4,3.4,880027,45830,58,58,bbr1
0.958,27727,19,27360,34.0,32.6,20.1,104.4,2.9,880027,45834,58,58,bbr1
0.965,33423,23,23040,33.8,32.7,20.1,104.4,2.5,880027,45835,58,58,bbr1
0.973,37695,26,27360,33.7,32.5,20.1,104.4,2.2,880027,45841,58,58,bbr1
0.978,43391,30,25920,33.6,33.2,20.1,104.4,1.8,880027,45844,58,58,bbr1
0.984,44062,30,24480,33.6,33.4,20.1,104.4,1.4,1100033,45847,58,58,bbr1
0.991,44062,30,28800,33.6,33.6,20.1,104.4,1.1,1100033,45853,58,58,bbr1
0.996,44062,30,28800,33.0,28.7,20.1,104.4,2.0,1100033,45857,58,58,bbr1
1.009,33423,23,24480,32.5,31.0,20.1,104.4,2.0,1100033,45862,58,58,bbr1
1.017,39119,27,28800,32.4,31.9,20.1,104.4,1.6,1100033,45869,58,58,bbr1
1.024,44062,30,30240,32.5,33.4,20.1,104.4,1.5,1100033,45874,58,58,bbr1
1.031,44062,30,31680,32.8,34.9,20.1,104.4,1.7,1100033,45879,58,58,bbr1
1.038,44062,30,33120,33.3,36.3,20.1,104.4,2.2,660020,45884,58,58,bbr1
1.044,44062,30,31680,33.1,32.4,20.1,104.4,1.8,660020,45887,58,58,bbr1
1.057,33423,23,24535,33.5,35.4,20.1,104.4,1.7,659445,45891,58,58,bbr1
1.065,39119,27,25975,33.9,37.0,20.1,104.4,2.2,879261,45896,58,58,bbr1
1.070,44032,30,24535,34.5,38.3,20.1,104.4,2.7,879261,45899,58,58,bbr1
