timestamp,dst_port,state,cc_algo,rto_ms,rtt_ms,rtt_var_ms,min_rtt_ms,mss_bytes,cwnd_pkts,cwnd_bytes,ssthresh_bytes,bytes_sent,bytes_acked,bytes_received,bytes_retrans,segs_out,segs_in,data_segs_out,data_segs_in,retrans_outstanding,retrans_total,pacing_rate_bps,delivery_rate_bps,delivered_pkts,snd_wnd_bytes,rcv_wnd_bytes,unacked_pkts,notsent_bytes
2026-04-01 22:10:21.206,52850,ESTAB,prague,224,20.85,4.936,20.118,1448,10,14480,NaN,2883,2883,408,NaN,4,6,3,1,NaN,NaN,11510400,1585832,4,48640,43520,NaN,NaN
2026-04-01 22:10:21.903,52862,ESTAB,prague,228,25.155,0.262,20.071,1448,19,27512,27512,117160,95620,822,NaN,83,40,82,2,NaN,NaN,9063608,6688496,68,111616,43520,15,85974
2026-04-01 22:10:22.155,52862,ESTAB,prague,224,23.015,1.155,20.022,1448,14,20272,20272,278862,258758,1644,NaN,196,99,195,4,NaN,NaN,7299376,6707856,182,111616,43520,14,145036
2026-04-01 22:10:22.390,52862,ESTAB,prague,228,24.532,0.994,20.017,1448,13,18824,18824,475594,456926,1644,NaN,333,171,332,4,NaN,NaN,6358872,6685464,320,111616,43520,13,166576
2026-04-01 22:10:22.619,52862,ESTAB,prague,224,23.939,1.173,20.017,1448,13,18824,18824,666582,647914,1644,NaN,466,239,465,4,NaN,NaN,6516328,6718416,453,111616,43520,13,193860
2026-04-01 22:10:22.842,52862,ESTAB,prague,224,22.286,0.832,20.017,1448,14,20272,17376,850390,830286,1644,NaN,594,309,593,4,NaN,NaN,7538272,6728688,580,111616,43520,14,119188
2026-04-01 22:10:23.067,52862,ESTAB,prague,228,24.331,1.132,20.017,1448,13,18824,18824,1037070,1019838,1644,NaN,724,378,723,4,NaN,NaN,6411288,6681880,712,111616,43520,12,150780
2026-04-01 22:10:23.289,52862,ESTAB,prague,228,24.12,1.018,20.017,1448,13,18824,18824,1186414,1167746,1644,NaN,828,433,827,4,NaN,NaN,6467552,6179648,815,111616,43520,13,110572
2026-04-01 22:10:23.511,52862,ESTAB,prague,224,23.195,1.111,20.017,1448,14,20272,18824,1361606,1344374,1644,NaN,950,497,949,4,NaN,NaN,7242704,6063696,938,111616,43520,12,22351
2026-04-01 22:10:23.738,52862,ESTAB,prague,228,24.142,1.106,20.017,1448,13,18824,18824,1530429,1513197,2060,NaN,1068,559,1067,5,NaN,NaN,6461520,6701480,1056,111616,43520,12,182372
2026-04-01 22:10:23.977,52862,ESTAB,prague,224,23.533,1.383,20.017,1448,14,20272,18824,1725725,1707057,2060,NaN,1204,628,1203,5,NaN,NaN,7138768,6157160,1191,111616,43520,13,205348
2026-04-01 22:10:24.221,52862,ESTAB,prague,224,23.725,0.986,20.017,1448,13,18824,18824,1922457,1903789,2060,NaN,1341,704,1340,5,NaN,NaN,6575088,6714248,1328,111616,43520,13,117752
2026-04-01 22:10:24.443,52862,ESTAB,prague,224,23.321,0.556,20.017,1448,15,21720,18824,2109137,2089033,2060,NaN,1471,772,1470,5,NaN,NaN,7718040,6691256,1457,111616,43520,14,149344
2026-04-01 22:10:24.683,52862,ESTAB,prague,224,23.905,0.827,20.017,1448,14,20272,18824,2277664,2266176,2476,NaN,1589,838,1588,6,NaN,NaN,7027664,6189960,1581,112128,43520,8,213964
2026-04-01 22:10:24.920,52862,ESTAB,prague,228,24.078,1.123,20.017,1448,13,18824,18824,2478704,2460036,2476,NaN,1729,908,1728,6,NaN,NaN,6478888,6696504,1716,111616,43520,13,124932
2026-04-01 22:10:25.160,52862,ESTAB,prague,224,23.787,1.072,20.017,1448,13,18824,18824,2679744,2661076,2476,NaN,1869,980,1868,6,NaN,NaN,6558032,6680776,1856,111616,43520,13,147908
2026-04-01 22:10:25.403,52862,ESTAB,prague,224,23.186,0.53,20.017,1448,15,21720,18824,2880784,2862116,2476,NaN,2009,1052,2008,6,NaN,NaN,7763280,6698160,1996,111616,43520,13,170884
2026-04-01 22:10:25.648,52862,ESTAB,prague,224,23.026,0.435,20.017,1448,15,21720,18824,3073915,3066028,2476,NaN,2144,1126,2143,6,NaN,NaN,7816920,6704808,2138,111616,43520,6,NaN
2026-04-01 22:10:25.897,52862,ESTAB,prague,224,22.764,0.66,20.017,1448,16,23168,18824,3112698,3094030,3300,NaN,2172,1138,2171,8,NaN,NaN,8434304,6703424,2159,112128,43520,13,189552
2026-04-01 22:10:26.125,52862,ESTAB,prague,224,23.598,0.648,20.017,1448,15,21720,18824,3306558,3286454,3300,NaN,2307,1217,2306,8,NaN,NaN,7627560,6690976,2293,111616,43520,14,107700
2026-04-01 22:10:26.355,52862,ESTAB,prague,224,23.063,0.819,20.017,1448,15,21720,18824,3493238,3474570,3300,NaN,2437,1285,2436,8,NaN,NaN,7804560,6530400,2424,111616,43520,13,145036
2026-04-01 22:10:26.597,52862,ESTAB,prague,224,23.41,1.098,20.017,1448,14,20272,18824,3694278,3674174,3300,NaN,2577,1357,2576,8,NaN,NaN,7176400,6045200,2563,111616,43520,14,168012
2026-04-01 22:10:26.835,52862,ESTAB,prague,224,23.29,0.537,20.017,1448,15,21720,18824,3892446,3872342,3300,NaN,2715,1427,2714,8,NaN,NaN,7728480,6681608,2701,111616,43520,14,193860
2026-04-01 22:10:27.069,52862,ESTAB,prague,224,23.031,0.688,20.017,1448,15,21720,18824,4089178,4069074,3300,NaN,2852,1498,2851,8,NaN,NaN,7815240,6632960,2838,111616,43520,14,89520
2026-04-01 22:10:27.299,52862,ESTAB,prague,228,27.604,11.308,20.017,1448,15,21720,17376,4178698,4178698,3300,NaN,2915,1539,2914,8,NaN,NaN,6520680,2271848,2915,112128,43520,NaN,NaN
2026-04-01 22:10:27.549,52862,ESTAB,prague,228,27.604,11.308,20.017,1448,15,21720,17376,4178698,4178698,3300,NaN,2915,1539,2914,8,NaN,NaN,6520680,2271848,2915,112128,43520,NaN,NaN
2026-04-01 22:10:27.789,52862,ESTAB,prague,228,27.604,11.308,20.017,1448,15,21720,17376,4178698,4178698,3300,NaN,2915,1539,2914,8,NaN,NaN,6520680,2271848,2915,112128,43520,NaN,NaN
2026-04-01 22:10:28.035,52862,ESTAB,prague,224,23.565,1.256,20.017,1448,14,20272,18824,4307949,4290717,4124,NaN,3006,1590,3005,10,NaN,NaN,7129136,6142848,2994,111616,43520,12,99084
2026-04-01 22:10:28.273,52862,ESTAB,prague,228,24.024,1.185,20.017,1448,13,18824,18824,4501809,4483141,4124,NaN,3141,1660,3140,10,NaN,NaN,6493344,6481336,3128,111616,43520,13,129240
2026-04-01 22:10:28.518,52862,ESTAB,prague,228,24.106,1.021,20.017,1448,14,20272,18824,4708593,4688489,4124,NaN,3285,1736,3284,10,NaN,NaN,6969088,6152136,3271,111616,43520,14,146472
2026-04-01 22:10:28.760,52862,ESTAB,prague,228,24.145,1.229,20.017,1448,13,18824,18824,4911069,4892401,4124,NaN,3426,1810,3425,10,NaN,NaN,6460896,6688992,3413,111616,43520,13,41897
2026-04-01 22:10:28.990,52862,ESTAB,prague,228,24.354,1.154,20.017,1448,13,18824,18824,4952966,4952966,4124,NaN,3456,1833,3455,10,NaN,NaN,6405256,6434016,3456,112128,43520,NaN,NaN
2026-04-01 22:10:29.223,52862,ESTAB,prague,228,24.354,1.154,20.017,1448,13,18824,18824,4952966,4952966,4124,NaN,3456,1833,3455,10,NaN,NaN,6405256,6434016,3456,112128,43520,NaN,NaN
2026-04-01 22:10:29.457,52862,ESTAB,prague,228,24.354,1.154,20.017,1448,13,18824,18824,4952966,4952966,4124,NaN,3456,1833,3455,10,NaN,NaN,6405256,6434016,3456,112128,43520,NaN,NaN
2026-04-01 22:10:29.699,52862,ESTAB,prague,228,24.354,1.154,20.017,1448,13,18824,18824,4952966,4952966,4124,NaN,3456,1833,3455,10,NaN,NaN,6405256,6434016,3456,112128,43520,NaN,NaN
2026-04-01 22:10:29.927,52862,ESTAB,prague,228,24.086,1.195,20.017,1448,13,18824,18824,4965901,4955849,4948,NaN,3466,1836,3465,12,NaN,NaN,6476600,6434016,3459,112128,43520,7,215400
2026-04-01 22:10:30.168,52862,ESTAB,prague,224,22.572,0.894,20.017,1448,15,21720,17376,5166941,5146837,4948,NaN,3606,1910,3605,12,NaN,NaN,7974360,6815832,3592,111616,43520,14,126368
2026-04-01 22:10:30.422,52862,ESTAB,prague,224,23.386,0.678,20.017,1448,15,21720,18824,5378033,5357929,4948,NaN,3753,1986,3752,12,NaN,NaN,7696680,6681608,3739,111616,43520,14,139292
2026-04-01 22:10:30.675,52862,ESTAB,prague,224,23.737,1.055,20.017,1448,14,20272,18824,5586253,5567585,4948,NaN,3898,2061,3897,12,NaN,NaN,7077280,6097328,3885,111616,43520,13,155088
2026-04-01 22:10:30.921,52862,ESTAB,prague,224,23.477,0.958,20.017,1448,14,20272,18824,5793037,5772933,4948,NaN,4042,2136,4041,12,NaN,NaN,7155680,6112184,4028,111616,43520,14,172320
2026-04-01 22:10:31.155,52862,ESTAB,prague,228,24.477,1.055,20.017,1448,13,18824,18824,5985461,5966793,4948,NaN,4176,2205,4175,12,NaN,NaN,6373016,6699048,4163,111616,43520,13,165159
2026-04-01 22:10:31.408,52862,ESTAB,prague,224,23.134,0.538,20.017,1448,15,21720,18824,6150620,6150620,4948,NaN,4292,2271,4291,12,NaN,NaN,7780440,6670888,4292,112128,43520,NaN,NaN
2026-04-01 22:10:31.663,52862,ESTAB,prague,224,23.134,0.538,20.017,1448,15,21720,18824,6150620,6150620,4948,NaN,4292,2271,4291,12,NaN,NaN,7780440,6670888,4292,112128,43520,NaN,NaN
2026-04-01 22:10:31.898,52862,ESTAB,prague,224,23.134,0.538,20.017,1448,15,21720,18824,6150620,6150620,4948,NaN,4292,2271,4291,12,NaN,NaN,7780440,6670888,4292,112128,43520,NaN,NaN
2026-04-01 22:10:32.129,52862,ESTAB,prague,224,23.825,1.403,20.017,1448,13,18824,18824,6312899,6294231,5772,NaN,4406,2333,4405,14,NaN,NaN,6547528,6428136,4393,111616,43520,13,178064
2026-04-01 22:10:32.365,52862,ESTAB,prague,228,24.325,1.13,20.017,1448,13,18824,18824,6506759,6488091,5772,NaN,4541,2403,4540,14,NaN,NaN,6413056,6704736,4528,111616,43520,13,208220
2026-04-01 22:10:32.606,52862,ESTAB,prague,228,24.324,1.162,20.017,1448,13,18824,18824,6709235,6690567,5772,NaN,4682,2476,4681,14,NaN,NaN,6413264,6693112,4669,111616,43520,13,117752
2026-04-01 22:10:32.839,52862,ESTAB,prague,224,23.361,0.596,20.017,1448,15,21720,18824,6904531,6882991,5772,NaN,4818,2545,4817,14,NaN,NaN,7704960,6731528,4803,111616,43520,15,146472
2026-04-01 22:10:33.065,52862,ESTAB,prague,224,23.74,0.772,20.017,1448,14,20272,18824,7091211,7071107,5772,NaN,4948,2612,4947,14,NaN,NaN,7076608,6044608,4934,111616,43520,14,183808
2026-04-01 22:10:33.294,52862,ESTAB,prague,228,24.106,1.072,20.017,1448,13,18824,18824,7280763,7263531,5772,NaN,5080,2681,5079,14,NaN,NaN,6471192,6158424,5068,111616,43520,12,106264
2026-04-01 22:10:33.525,52862,ESTAB,prague,228,24.307,1.012,20.017,1448,13,18824,18824,7398137,7398137,5772,NaN,5162,2729,5161,14,NaN,NaN,6417632,6719776,5162,111616,43520,NaN,NaN
2026-04-01 22:10:33.757,52862,ESTAB,prague,228,24.307,1.012,20.017,1448,13,18824,18824,7398137,7398137,5772,NaN,5162,2729,5161,14,NaN,NaN,6417632,6719776,5162,111616,43520,NaN,NaN
2026-04-01 22:10:33.997,52862,ESTAB,prague,224,23.566,1.131,20.017,1448,13,18824,18824,7418252,7401020,6596,NaN,5177,2733,5176,16,NaN,NaN,6619496,6719776,5165,112128,43520,12,208220
2026-04-01 22:10:34.229,52862,ESTAB,prague,224,23.907,1.044,20.017,1448,13,18824,18824,7612112,7593444,6596,NaN,5312,2802,5311,16,NaN,NaN,6525168,6695688,5299,111616,43520,13,126368
2026-04-01 22:10:34.465,52862,ESTAB,prague,224,23.325,0.582,20.017,1448,15,21720,18824,7810280,7790176,6596,NaN,5450,2872,5449,16,NaN,NaN,7716960,6698160,5436,111616,43520,14,152216
2026-04-01 22:10:34.697,52862,ESTAB,prague,224,23.088,0.842,20.017,1448,14,20272,18824,8002704,7984036,6596,NaN,5584,2941,5583,16,NaN,NaN,7276416,6454080,5571,111616,43520,13,183808
2026-04-01 22:10:34.921,52862,ESTAB,prague,224,23.267,0.479,20.017,1448,15,21720,18824,8189384,8170716,6596,NaN,5714,3007,5713,16,NaN,NaN,7736160,6694568,5701,111616,43520,13,109136
2026-04-01 22:10:35.151,52862,ESTAB,prague,224,23.657,1.614,20.017,1448,14,20272,20272,8381808,8361704,6596,NaN,5848,3076,5847,16,NaN,NaN,7101248,6717696,5834,111616,43520,14,140728
2026-04-01 22:10:35.373,52862,ESTAB,prague,224,23.209,0.423,20.017,1448,15,21720,18824,8555382,8544076,6596,NaN,5969,3148,5968,16,NaN,NaN,7755600,6742440,5961,111616,43520,8,NaN
2026-04-01 22:10:35.598,52862,ESTAB,prague,224,23.577,0.618,20.017,1448,14,20272,20272,8555382,8555382,6596,NaN,5969,3152,5968,16,NaN,NaN,7125328,6744400,5969,111616,43520,NaN,NaN
2026-04-01 22:10:35.830,52862,ESTAB,prague,224,23.577,0.618,20.017,1448,14,20272,20272,8555382,8555382,6596,NaN,5969,3152,5968,16,NaN,NaN,7125328,6744400,5969,111616,43520,NaN,NaN
2026-04-01 22:10:36.061,52862,ESTAB,prague,224,22.137,0.48,20.017,1448,14,20272,18824,8607089,8586985,7420,NaN,6006,3166,6005,18,NaN,NaN,7588896,6940384,5992,112128,43520,14,176628
2026-04-01 22:10:36.285,52862,ESTAB,prague,224,23.13,0.808,20.017,1448,14,20272,18824,8793769,8775101,7420,NaN,6136,3241,6135,18,NaN,NaN,7263200,6535400,6123,111616,43520,13,101956
2026-04-01 22:10:36.509,52862,ESTAB,prague,224,23.875,1.134,20.017,1448,14,20272,18824,8979013,8961781,7420,NaN,6265,3308,6264,18,NaN,NaN,7036400,6131840,6253,111616,43520,12,140728
2026-04-01 22:10:36.734,52862,ESTAB,prague,224,23.587,0.902,20.017,1448,13,18824,18824,9165693,9147025,7420,NaN,6395,3374,6394,18,NaN,NaN,6613568,6711984,6382,111616,43520,13,178064
2026-04-01 22:10:36.962,52862,ESTAB,prague,224,22.998,0.718,20.017,1448,15,21720,18824,9355245,9336577,7420,NaN,6527,3442,6526,18,NaN,NaN,7826400,6609712,6514,111616,43520,13,100520
2026-04-01 22:10:37.189,52862,ESTAB,prague,228,24.035,1.128,20.017,1448,13,18824,18824,9543361,9524693,7420,NaN,6658,3510,6657,18,NaN,NaN,6490328,6159936,6645,111616,43520,13,136420
2026-04-01 22:10:37.418,52862,ESTAB,prague,224,23.447,0.689,20.017,1448,15,21720,18824,9734349,9712809,7420,NaN,6791,3577,6790,18,NaN,NaN,7676640,6684632,6776,111616,43520,15,96896
2026-04-01 22:10:37.657,52862,ESTAB,prague,228,27.952,10.285,20.017,1448,14,20272,18824,9831245,9831245,7420,NaN,6859,3620,6858,18,NaN,NaN,6010256,2374736,6859,112128,43520,NaN,NaN
2026-04-01 22:10:37.895,52862,ESTAB,prague,228,27.952,10.285,20.017,1448,14,20272,18824,9831245,9831245,7420,NaN,6859,3620,6858,18,NaN,NaN,6010256,2374736,6859,112128,43520,NaN,NaN
2026-04-01 22:10:38.123,52862,ESTAB,prague,224,22.733,0.998,20.017,1448,16,23168,18824,9905928,9885824,8244,NaN,6912,3643,6911,20,NaN,NaN,8445824,6830760,6898,112128,43520,14,153652
2026-04-01 22:10:38.356,52862,ESTAB,prague,224,23.387,1.363,20.017,1448,14,20272,18824,10096916,10076812,8244,NaN,7045,3717,7044,20,NaN,NaN,7183232,6128848,7031,111616,43520,14,186680
2026-04-01 22:10:38.594,52862,ESTAB,prague,224,23.225,0.628,20.017,1448,14,20272,18824,10292212,10272108,8244,NaN,7181,3792,7180,20,NaN,NaN,7233408,6386136,7167,111616,43520,14,103392
2026-04-01 22:10:38.835,52862,ESTAB,prague,224,23.222,0.977,20.017,1448,14,20272,18824,10494688,10474584,8244,NaN,7322,3865,7321,20,NaN,NaN,7234416,6407664,7308,111616,43520,14,124932
2026-04-01 22:10:39.066,52862,ESTAB,prague,228,24.092,1.108,20.017,1448,14,20272,18824,10685676,10668444,8244,NaN,7455,3935,7454,20,NaN,NaN,6973120,6137088,7443,111616,43520,12,157960
2026-04-01 22:10:39.293,52862,ESTAB,prague,224,23.55,1.38,20.017,1448,14,20272,18824,10873792,10853688,8244,NaN,7586,4001,7585,20,NaN,NaN,7133504,6150624,7572,111616,43520,14,80855
2026-04-01 22:10:39.531,52862,ESTAB,prague,224,23.605,0.664,20.017,1448,14,20272,20272,10954647,10954647,8244,NaN,7643,4038,7642,20,NaN,NaN,7117040,6699272,7643,112128,43520,NaN,NaN
2026-04-01 22:10:39.758,52862,ESTAB,prague,224,23.605,0.664,20.017,1448,14,20272,20272,10954647,10954647,8244,NaN,7643,4038,7642,20,NaN,NaN,7117040,6699272,7643,112128,43520,NaN,NaN
2026-04-01 22:10:39.999,52862,ESTAB,prague,224,23.605,0.664,20.017,1448,14,20272,20272,10954647,10954647,8244,NaN,7643,4038,7642,20,NaN,NaN,7117040,6699272,7643,112128,43520,NaN,NaN
2026-04-01 22:10:40.232,52862,ESTAB,prague,224,23.124,1.252,20.017,1448,13,18824,17376,11099694,11081026,9068,NaN,7745,4092,7744,22,NaN,NaN,6745960,5325976,7732,111616,43520,13,195296
2026-04-01 22:10:40.482,52862,ESTAB,prague,228,24.007,1.101,20.017,1448,13,18824,18824,11306478,11289246,9068,NaN,7889,4167,7888,22,NaN,NaN,6497920,6710080,7877,111616,43520,12,100520
2026-04-01 22:10:40.716,52862,ESTAB,prague,224,23.909,1.208,20.017,1448,13,18824,18824,11503210,11485978,9068,NaN,8026,4238,8025,22,NaN,NaN,6524648,6681328,8014,111616,43520,12,127804
2026-04-01 22:10:40.956,52862,ESTAB,prague,224,23.46,0.619,20.017,1448,15,21720,18824,11704250,11685582,9068,NaN,8166,4309,8165,22,NaN,NaN,7672440,6724272,8153,111616,43520,13,150780
2026-04-01 22:10:41.187,52862,ESTAB,prague,224,23.035,0.678,20.017,1448,15,21720,18824,11898110,11878006,9068,NaN,8301,4378,8300,22,NaN,NaN,7813800,6655824,8287,111616,43520,14,180936
2026-04-01 22:10:41.412,52862,ESTAB,prague,224,23.694,1.083,20.017,1448,13,18824,18824,12081918,12064686,9068,NaN,8429,4447,8428,22,NaN,NaN,6583720,6136088,8417,111616,43520,12,107920
2026-04-01 22:10:41.641,52862,ESTAB,prague,228,27.121,10.393,20.017,1448,14,20272,17376,12189838,12189838,9068,NaN,8505,4493,8504,22,NaN,NaN,6194272,2349104,8505,112128,43520,NaN,NaN
2026-04-01 22:10:41.873,52862,ESTAB,prague,228,27.121,10.393,20.017,1448,14,20272,17376,12189838,12189838,9068,NaN,8505,4493,8504,22,NaN,NaN,6194272,2349104,8505,112128,43520,NaN,NaN
2026-04-01 22:10:42.102,52862,ESTAB,prague,228,24.824,7.838,20.017,1448,14,20272,17376,12198465,12192721,9892,NaN,8512,4498,8511,24,NaN,NaN,6767600,2349104,8508,112128,43520,4,219708
2026-04-01 22:10:42.332,52862,ESTAB,prague,228,24.6,0.997,20.017,1448,13,18824,18824,12389453,12372221,9892,NaN,8645,4569,8644,24,NaN,NaN,6341296,6680504,8633,111616,43520,12,140728
2026-04-01 22:10:42.569,52862,ESTAB,prague,228,24.311,1.192,20.017,1448,13,18824,18824,12586185,12568953,9892,NaN,8782,4640,8781,24,NaN,NaN,6416696,6677480,8770,111616,43520,12,168012
2026-04-01 22:10:42.803,52862,ESTAB,prague,224,23.565,0.854,20.017,1448,14,20272,20272,12784353,12765685,9892,NaN,8920,4711,8919,24,NaN,NaN,7129024,6710080,8907,111616,43520,13,193860
2026-04-01 22:10:43.031,52862,ESTAB,prague,224,23.092,0.958,20.017,1448,14,20272,18824,12971033,12950929,9892,NaN,9050,4777,9049,24,NaN,NaN,7275072,6462480,9036,111616,43520,14,119188
2026-04-01 22:10:43.262,52862,ESTAB,prague,228,24.36,1.038,20.017,1448,13,18824,18824,13162021,13143353,9892,NaN,9183,4846,9182,24,NaN,NaN,6403800,6374800,9170,111616,43520,13,152216
2026-04-01 22:10:43.499,52862,ESTAB,prague,224,23.709,1.014,20.017,1448,13,18824,18824,13356553,13340085,9892,NaN,9319,4916,9318,24,NaN,NaN,6579664,6684360,9307,111616,43520,12,NaN
2026-04-01 22:10:43.736,52862,ESTAB,prague,228,24.637,1.152,20.017,1448,13,18824,18824,13356553,13356553,9892,NaN,9319,4922,9318,24,NaN,NaN,6331832,6573280,9319,112128,43520,NaN,NaN
2026-04-01 22:10:43.975,52862,ESTAB,prague,228,24.637,1.152,20.017,1448,13,18824,18824,13356553,13356553,9892,NaN,9319,4922,9318,24,NaN,NaN,6331832,6573280,9319,112128,43520,NaN,NaN
2026-04-01 22:10:44.210,52862,ESTAB,prague,224,22.416,0.651,20.017,1448,15,21720,18824,13431236,13411132,10716,NaN,9372,4944,9371,26,NaN,NaN,8029680,6969016,9358,112128,43520,14,153652
2026-04-01 22:10:44.456,52862,ESTAB,prague,224,22.458,0.831,20.017,1448,14,20272,17376,13626532,13609300,10716,NaN,9508,5022,9507,26,NaN,NaN,7480480,6224608,9496,111616,43520,12,182372
2026-04-01 22:10:44.691,52862,ESTAB,prague,228,24.403,1.108,20.017,1448,13,18824,18824,13826136,13807468,10716,NaN,9647,5093,9646,26,NaN,NaN,6392464,6703144,9634,111616,43520,13,206784
2026-04-01 22:10:44.928,52862,ESTAB,prague,224,23.935,1.016,20.017,1448,13,18824,18824,14024304,14007072,10716,NaN,9785,5165,9784,26,NaN,NaN,6517368,6700080,9773,111616,43520,12,120624
2026-04-01 22:10:45.161,52862,ESTAB,prague,224,23.231,0.494,20.017,1448,15,21720,18824,14221036,14200932,10716,NaN,9922,5235,9921,26,NaN,NaN,7747920,6712024,9908,111616,43520,14,147908
2026-04-01 22:10:45.388,52862,ESTAB,prague,224,23.402,1.104,20.017,1448,14,20272,18824,14407716,14390484,10716,NaN,10052,5303,10051,26,NaN,NaN,7178640,6060280,10040,111616,43520,12,168295
2026-04-01 22:10:45.626,52862,ESTAB,prague,224,22.086,0.46,20.017,1448,14,20272,17376,14576011,14575728,10716,NaN,10170,5369,10169,26,NaN,NaN,7606480,6889080,10169,111616,43520,1,NaN
2026-04-01 22:10:45.855,52862,ESTAB,prague,228,27.345,10.864,20.017,1448,14,20272,17376,14576011,14576011,10716,NaN,10170,5370,10169,26,NaN,NaN,6143536,2290088,10170,112128,43520,NaN,NaN
2026-04-01 22:10:46.096,52862,ESTAB,prague,228,27.345,10.864,20.017,1448,14,20272,17376,14576011,14576011,10716,NaN,10170,5370,10169,26,NaN,NaN,6143536,2290088,10170,112128,43520,NaN,NaN
2026-04-01 22:10:46.332,52862,ESTAB,prague,224,23.619,0.363,20.017,1448,15,21720,18824,14728238,14708134,11540,NaN,10277,5427,10276,28,NaN,NaN,7620960,6703696,10263,111616,43520,14,188116
2026-04-01 22:10:46.573,52862,ESTAB,prague,224,23.32,0.579,20.017,1448,15,21720,18824,14932150,14910610,11540,NaN,10419,5501,10418,28,NaN,NaN,7718520,6701208,10404,111616,43520,15,96212
2026-04-01 22:10:46.802,52862,ESTAB,prague,224,23.11,0.731,20.017,1448,15,21720,18824,15121702,15100162,11540,NaN,10551,5569,10550,28,NaN,NaN,7788600,6586896,10536,111616,43520,15,130676
2026-04-01 22:10:47.031,52862,ESTAB,prague,224,23.703,1.135,20.017,1448,14,20272,18824,15308382,15291150,11540,NaN,10681,5638,10680,28,NaN,NaN,7087472,6118392,10669,111616,43520,12,168012
2026-04-01 22:10:47.257,52862,ESTAB,prague,224,23.952,1.169,20.017,1448,13,18824,18824,15497934,15480702,11540,NaN,10813,5706,10812,28,NaN,NaN,6512896,6682984,10801,111616,43520,12,26398
2026-04-01 22:10:47.487,52862,ESTAB,prague,224,23.013,0.684,20.017,1448,15,21720,18824,15524332,15524332,11540,NaN,10832,5722,10831,28,NaN,NaN,7821480,6630520,10832,112128,43520,NaN,NaN
2026-04-01 22:10:47.723,52862,ESTAB,prague,224,23.013,0.684,20.017,1448,15,21720,18824,15524332,15524332,11540,NaN,10832,5722,10831,28,NaN,NaN,7821480,6630520,10832,112128,43520,NaN,NaN
2026-04-01 22:10:47.956,52862,ESTAB,prague,224,23.013,0.684,20.017,1448,15,21720,18824,15524332,15524332,11540,NaN,10832,5722,10831,28,NaN,NaN,7821480,6630520,10832,112128,43520,NaN,NaN
2026-04-01 22:10:48.186,52862,ESTAB,prague,224,22.919,0.686,20.017,1448,15,21720,18824,15527215,15527204,11948,NaN,10835,5724,10834,29,NaN,NaN,7853400,6630520,10834,112128,43520,1,NaN
2026-04-01 22:10:48.415,52862,ESTAB,prague,224,23.528,1.648,20.017,1448,13,18824,18824,15715331,15696663,12364,NaN,10966,5792,10965,30,NaN,NaN,6630312,6681272,10953,111616,43520,13,149344
2026-04-01 22:10:48.650,52862,ESTAB,prague,224,23.306,0.614,20.017,1448,15,21720,18824,15910627,15891959,12364,NaN,11102,5863,11101,30,NaN,NaN,7723080,6711744,11089,111616,43520,13,178064
2026-04-01 22:10:48.889,52862,ESTAB,prague,224,23.067,0.816,20.017,1448,14,20272,18824,16108795,16088691,12364,NaN,11240,5933,11239,30,NaN,NaN,7282800,6498432,11226,111616,43520,14,203912
2026-04-01 22:10:49.122,52862,ESTAB,prague,224,23.876,1.082,20.017,1448,14,20272,18824,16302655,16283987,12364,NaN,11375,6003,11374,30,NaN,NaN,7036176,6129096,11362,111616,43520,13,122060
2026-04-01 22:10:49.353,52862,ESTAB,prague,224,23.779,0.927,20.017,1448,13,18824,18824,16493643,16474975,12364,NaN,11508,6071,11507,30,NaN,NaN,6560320,6719528,11495,111616,43520,13,155088
2026-04-01 22:10:49.581,52862,ESTAB,prague,224,23.06,0.484,20.017,1448,15,21720,18824,16684631,16663091,12364,NaN,11641,6139,11640,30,NaN,NaN,7805400,6706472,11626,111616,43520,15,78417
2026-04-01 22:10:49.815,52862,ESTAB,prague,228,24.169,1.208,20.017,1448,13,18824,18824,16763048,16763048,12364,NaN,11696,6175,11695,30,NaN,NaN,6454448,6719256,11696,111616,43520,NaN,NaN
2026-04-01 22:10:50.055,52862,ESTAB,prague,228,24.169,1.208,20.017,1448,13,18824,18824,16763048,16763048,12364,NaN,11696,6175,11695,30,NaN,NaN,6454448,6719256,11696,111616,43520,NaN,NaN
2026-04-01 22:10:50.298,52862,ESTAB,prague,224,22.826,0.985,20.017,1448,15,21720,18824,16837731,16817627,13188,NaN,11749,6197,11748,32,NaN,NaN,7885440,6750016,11735,112128,43520,14,153652
2026-04-01 22:10:50.526,52862,ESTAB,prague,224,23.224,0.58,20.017,1448,15,21720,18824,17027283,17005743,13188,NaN,11881,6265,11880,32,NaN,NaN,7750320,6642200,11866,111616,43520,15,188116
2026-04-01 22:10:50.759,52862,ESTAB,prague,224,23.432,1.103,20.017,1448,14,20272,18824,17219707,17199603,13188,NaN,12015,6335,12014,32,NaN,NaN,7169344,6053216,12001,111616,43520,14,107700
2026-04-01 22:10:50.983,52862,ESTAB,prague,224,23.882,1.266,20.017,1448,13,18824,18824,17404951,17386283,13188,NaN,12144,6401,12143,32,NaN,NaN,6531824,6700096,12131,111616,43520,13,146472
2026-04-01 22:10:51.204,52862,ESTAB,prague,224,22.993,0.58,20.017,1448,15,21720,18824,17591631,17571527,13188,NaN,12274,6468,12273,32,NaN,NaN,7828320,6721480,12260,111616,43520,14,183808
2026-04-01 22:10:51.429,52862,ESTAB,prague,228,24.016,1.134,20.017,1448,13,18824,18824,17774003,17756771,13188,NaN,12401,6535,12400,32,NaN,NaN,6495632,6122120,12389,111616,43520,12,113444
2026-04-01 22:10:51.658,52862,ESTAB,prague,224,23.543,0.722,20.017,1448,14,20272,20272,17958556,17946323,13188,NaN,12530,6602,12529,32,NaN,NaN,7135520,6692360,12521,111616,43520,9,NaN
2026-04-01 22:10:51.891,52862,ESTAB,prague,232,29.552,11.486,20.017,1448,13,18824,18824,17958556,17958556,13188,NaN,12530,6607,12529,32,NaN,NaN,5278728,2513192,12530,112128,43520,NaN,NaN
2026-04-01 22:10:52.122,52862,ESTAB,prague,232,29.552,11.486,20.017,1448,13,18824,18824,17958556,17958556,13188,NaN,12530,6607,12529,32,NaN,NaN,5278728,2513192,12530,112128,43520,NaN,NaN
2026-04-01 22:10:52.368,52862,ESTAB,prague,224,23.571,1.645,20.017,1448,14,20272,20272,18066267,18046163,14012,NaN,12606,6642,12605,34,NaN,NaN,7127120,6716400,12592,111616,43520,14,120624
2026-04-01 22:10:52.602,52862,ESTAB,prague,224,23.406,0.657,20.017,1448,15,21720,18824,18260127,18238587,14012,NaN,12741,6717,12740,34,NaN,NaN,7689960,6700928,12726,111616,43520,15,150780
2026-04-01 22:10:52.837,52862,ESTAB,prague,224,23.14,0.857,20.017,1448,14,20272,18824,18453987,18433883,14012,NaN,12876,6787,12875,34,NaN,NaN,7259840,6461576,12862,111616,43520,14,180936
2026-04-01 22:10:53.069,52862,ESTAB,prague,224,23.61,1.168,20.017,1448,14,20272,18824,18646411,18629179,14012,NaN,13010,6858,13009,34,NaN,NaN,7115584,6141096,12998,111616,43520,12,100520
2026-04-01 22:10:53.300,52862,ESTAB,prague,228,24.052,1.166,20.017,1448,13,18824,18824,18835963,18817295,14012,NaN,13142,6926,13141,34,NaN,NaN,6485856,6701112,13129,111616,43520,13,134984
2026-04-01 22:10:53.535,52862,ESTAB,prague,224,22.289,0.707,20.017,1448,14,20272,17376,19031259,19014027,14012,NaN,13278,6996,13277,34,NaN,NaN,7537264,6442112,13266,111616,43520,12,44183
2026-04-01 22:10:53.762,52862,ESTAB,prague,232,29.633,11.932,20.017,1448,13,18824,18824,19075442,19075442,14012,NaN,13309,7018,13308,34,NaN,NaN,5264272,2495008,13309,112128,43520,NaN,NaN
2026-04-01 22:10:53.996,52862,ESTAB,prague,232,29.633,11.932,20.017,1448,13,18824,18824,19075442,19075442,14012,NaN,13309,7018,13308,34,NaN,NaN,5264272,2495008,13309,112128,43520,NaN,NaN
2026-04-01 22:10:54.235,52862,ESTAB,prague,232,29.633,11.932,20.017,1448,13,18824,18824,19075442,19075442,14012,NaN,13309,7018,13308,34,NaN,NaN,5264272,2495008,13309,112128,43520,NaN,NaN
2026-04-01 22:10:54.473,52862,ESTAB,prague,224,23.565,1.232,20.017,1448,13,18824,18824,19240593,19221925,14836,NaN,13425,7081,13424,36,NaN,NaN,6619704,6137088,13412,111616,43520,13,175192
2026-04-01 22:10:54.705,52862,ESTAB,prague,228,24.343,1.154,20.017,1448,13,18824,18824,19433017,19415785,14836,NaN,13559,7154,13558,36,NaN,NaN,6408168,6691048,13547,111616,43520,12,206784
2026-04-01 22:10:54.932,52862,ESTAB,prague,224,23.323,0.624,20.017,1448,15,21720,18824,19622569,19603901,14836,NaN,13691,7221,13690,36,NaN,NaN,7717320,6673080,13678,111616,43520,13,129240
2026-04-01 22:10:55.164,52862,ESTAB,prague,224,23.131,0.875,20.017,1448,14,20272,18824,19814993,19796325,14836,NaN,13825,7290,13824,36,NaN,NaN,7262640,6468792,13812,111616,43520,13,160832
2026-04-01 22:10:55.404,52862,ESTAB,prague,224,23.588,1.032,20.017,1448,14,20272,18824,20010289,19993057,14836,NaN,13961,7361,13960,36,NaN,NaN,7122192,6056624,13949,111616,43520,12,189552
2026-04-01 22:10:55.643,52862,ESTAB,prague,228,24.545,1.068,20.017,1448,13,18824,18824,20209893,20192661,14836,NaN,14100,7433,14099,36,NaN,NaN,6355544,6683808,14088,111616,43520,12,101956
2026-04-01 22:10:55.884,52862,ESTAB,prague,228,24.091,1.037,20.017,1448,13,18824,18824,20341212,20341212,14836,NaN,14192,7487,14191,36,NaN,NaN,6475144,6166744,14192,112128,43520,NaN,NaN
2026-04-01 22:10:56.117,52862,ESTAB,prague,228,24.091,1.037,20.017,1448,13,18824,18824,20341212,20341212,14836,NaN,14192,7487,14191,36,NaN,NaN,6475144,6166744,14192,112128,43520,NaN,NaN
2026-04-01 22:10:56.358,52862,ESTAB,prague,224,22.324,0.677,20.017,1448,15,21720,18824,20391483,20372815,15660,NaN,14228,7500,14227,38,NaN,NaN,8062680,6905808,14215,112128,43520,13,178064
2026-04-01 22:10:56.586,52862,ESTAB,prague,224,23.5,1.125,20.017,1448,14,20272,18824,20581035,20563803,15660,NaN,14360,7569,14359,38,NaN,NaN,7148848,6080344,14348,111616,43520,12,100520
2026-04-01 22:10:56.822,52862,ESTAB,prague,228,24.386,1.127,20.017,1448,13,18824,18824,20773459,20754791,15660,NaN,14494,7637,14493,38,NaN,NaN,6396832,6702592,14481,111616,43520,13,132112
2026-04-01 22:10:57.069,52862,ESTAB,prague,224,23.767,0.883,20.017,1448,13,18824,18824,20977371,20958703,15660,NaN,14636,7710,14635,38,NaN,NaN,6563440,6686160,14623,111616,43520,13,152216
2026-04-01 22:10:57.301,52862,ESTAB,prague,224,23.205,0.486,20.017,1448,15,21720,18824,21176975,21156871,15660,NaN,14775,7782,14774,38,NaN,NaN,7756800,6676376,14761,111616,43520,14,176628
2026-04-01 22:10:57.527,52862,ESTAB,prague,224,23.55,1.115,20.017,1448,14,20272,18824,21362219,21343551,15660,NaN,14904,7849,14903,38,NaN,NaN,7133616,6037928,14891,111616,43520,13,33619
2026-04-01 22:10:57.751,52862,ESTAB,prague,232,29.298,11.067,20.017,1448,13,18824,18824,21395838,21395838,15660,NaN,14928,7869,14927,38,NaN,NaN,5324488,2584096,14928,112128,43520,NaN,NaN
2026-04-01 22:10:57.973,52862,ESTAB,prague,232,29.298,11.067,20.017,1448,13,18824,18824,21395838,21395838,15660,NaN,14928,7869,14927,38,NaN,NaN,5324488,2584096,14928,112128,43520,NaN,NaN
2026-04-01 22:10:58.200,52862,ESTAB,prague,232,29.298,11.067,20.017,1448,13,18824,18824,21395838,21395838,15660,NaN,14928,7869,14927,38,NaN,NaN,5324488,2584096,14928,112128,43520,NaN,NaN
2026-04-01 22:10:58.434,52862,ESTAB,prague,224,22.141,0.728,20.017,1448,15,21720,18824,21477701,21456161,16484,NaN,14986,7894,14985,40,NaN,NaN,8129640,7207816,14971,112128,43520,15,146472
2026-04-01 22:10:58.659,52862,ESTAB,prague,224,23.586,0.822,20.017,1448,13,18824,17376,21660073,21642841,16484,NaN,15113,7967,15112,40,NaN,NaN,6613880,6191064,15101,111616,43520,12,188116
2026-04-01 22:10:58.885,52862,ESTAB,prague,224,23.282,0.461,20.017,1448,15,21720,18824,21851061,21830957,16484,NaN,15246,8035,15245,40,NaN,NaN,7731000,6690152,15232,111616,43520,14,109136
2026-04-01 22:10:59.113,52862,ESTAB,prague,224,23.236,0.93,20.017,1448,14,20272,18824,22039177,22019073,16484,NaN,15377,8103,15376,40,NaN,NaN,7230160,6407368,15363,111616,43520,14,145036
2026-04-01 22:10:59.344,52862,ESTAB,prague,228,24.1,1.046,20.017,1448,13,18824,18824,22228729,22211497,16484,NaN,15509,8172,15508,40,NaN,NaN,6472752,6158424,15497,111616,43520,12,179500
2026-04-01 22:10:59.581,52862,ESTAB,prague,224,23.163,0.878,20.017,1448,14,20272,18824,22425461,22405357,16484,NaN,15646,8241,15645,40,NaN,NaN,7252672,6429304,15632,111616,43520,14,5257
2026-04-01 22:10:59.829,52862,ESTAB,prague,224,23.822,0.899,20.017,1448,13,18824,18824,22430718,22430718,16484,NaN,15650,8250,15649,40,NaN,NaN,6548360,6698160,15650,111616,43520,NaN,NaN
2026-04-01 22:11:00.077,52862,ESTAB,prague,224,23.822,0.899,20.017,1448,13,18824,18824,22430718,22430718,16484,NaN,15650,8250,15649,40,NaN,NaN,6548360,6698160,15650,111616,43520,NaN,NaN
2026-04-01 22:11:00.327,52862,ESTAB,prague,224,23.822,0.899,20.017,1448,13,18824,18824,22430718,22430718,16484,NaN,15650,8250,15649,40,NaN,NaN,6548360,6698160,15650,111616,43520,NaN,NaN
2026-04-01 22:11:00.586,52862,ESTAB,prague,224,23.22,0.987,20.017,1448,14,20272,18824,22608793,22588689,17308,NaN,15775,8309,15774,42,NaN,NaN,7234864,6269360,15761,111616,43520,14,162268
2026-04-01 22:11:00.824,52862,ESTAB,prague,224,23.159,0.843,20.017,1448,14,20272,18824,22812705,22794037,17308,NaN,15917,8382,15916,42,NaN,NaN,7253904,6527240,15904,111616,43520,13,182372
2026-04-01 22:11:01.065,52862,ESTAB,prague,224,23.397,1.1,20.017,1448,14,20272,18824,23010873,22993641,17308,NaN,16055,8454,16054,42,NaN,NaN,7180208,6061984,16043,111616,43520,12,208220
2026-04-01 22:11:01.303,52862,ESTAB,prague,228,24.339,1.014,20.017,1448,13,18824,18824,23209041,23191809,17308,NaN,16193,8525,16192,42,NaN,NaN,6409312,6377496,16181,111616,43520,12,122060
2026-04-01 22:11:01.540,52862,ESTAB,prague,224,23.435,0.56,20.017,1448,14,20272,20272,23407209,23387105,17308,NaN,16331,8595,16330,42,NaN,NaN,7168448,6721592,16317,111616,43520,14,147908
2026-04-01 22:11:01.776,52862,ESTAB,prague,224,22.912,0.496,20.017,1448,15,21720,18824,23602505,23583837,17308,NaN,16467,8665,16466,42,NaN,NaN,7856040,6702312,16454,111616,43520,13,35901
2026-04-01 22:11:02.024,52862,ESTAB,prague,224,23.335,1.044,20.017,1448,14,20272,18824,23638406,23638406,17308,NaN,16493,8685,16492,42,NaN,NaN,7199248,6017896,16493,112128,43520,NaN,NaN
2026-04-01 22:11:02.278,52862,ESTAB,prague,224,23.335,1.044,20.017,1448,14,20272,18824,23638406,23638406,17308,NaN,16493,8685,16492,42,NaN,NaN,7199248,6017896,16493,112128,43520,NaN,NaN
2026-04-01 22:11:02.512,52862,ESTAB,prague,224,23.131,0.795,20.017,1448,14,20272,18824,23741809,23721705,18132,NaN,16566,8717,16565,44,NaN,NaN,7262752,6602712,16552,111616,43520,14,124932
2026-04-01 22:11:02.742,52862,ESTAB,prague,224,23.688,1.154,20.017,1448,14,20272,18824,23932797,23914129,18132,NaN,16699,8786,16698,44,NaN,NaN,7091952,6120624,16686,111616,43520,13,157960
2026-04-01 22:11:02.966,52862,ESTAB,prague,224,23.767,0.988,20.017,1448,13,18824,18824,24118041,24099373,18132,NaN,16828,8852,16827,44,NaN,NaN,6563544,6727056,16815,111616,43520,13,160272
2026-04-01 22:11:03.191,52862,ESTAB,prague,224,23.796,0.896,20.017,1448,13,18824,18824,24278313,24277437,18132,NaN,16940,8916,16939,44,NaN,NaN,6555536,6690704,16939,111616,43520,1,NaN
2026-04-01 22:11:03.421,52862,ESTAB,prague,232,29.096,11.272,20.017,1448,13,18824,18824,24278313,24278313,18132,NaN,16940,8917,16939,44,NaN,NaN,5361408,2537344,16940,112128,43520,NaN,NaN
2026-04-01 22:11:03.663,52862,ESTAB,prague,232,29.096,11.272,20.017,1448,13,18824,18824,24278313,24278313,18132,NaN,16940,8917,16939,44,NaN,NaN,5361408,2537344,16940,112128,43520,NaN,NaN
2026-04-01 22:11:03.899,52862,ESTAB,prague,232,29.096,11.272,20.017,1448,13,18824,18824,24278313,24278313,18132,NaN,16940,8917,16939,44,NaN,NaN,5361408,2537344,16940,112128,43520,NaN,NaN
2026-04-01 22:11:04.125,52862,ESTAB,prague,232,29.096,11.272,20.017,1448,13,18824,18824,24278313,24278313,18132,NaN,16940,8917,16939,44,NaN,NaN,5361408,2537344,16940,112128,43520,NaN,NaN
2026-04-01 22:11:04.365,52862,ESTAB,prague,232,29.096,11.272,20.017,1448,13,18824,18824,24278313,24278313,18132,NaN,16940,8917,16939,44,NaN,NaN,5361408,2537344,16940,112128,43520,NaN,NaN
2026-04-01 22:11:04.613,52862,ESTAB,prague,224,22.777,0.406,20.017,1448,14,20272,17376,24436284,24417616,18956,NaN,17051,8976,17050,46,NaN,NaN,7375648,6686288,17038,111616,43520,13,182372
2026-04-01 22:11:04.861,52862,ESTAB,prague,224,23.687,1.022,20.017,1448,12,17376,17376,24640196,24622964,18956,NaN,17193,9059,17192,46,NaN,NaN,6079008,6713416,17181,111616,43520,12,202476
2026-04-01 22:11:05.105,52862,ESTAB,prague,224,23.118,0.559,20.017,1448,14,20272,18824,24845544,24826876,18956,NaN,17336,9134,17335,46,NaN,NaN,7267008,6620504,17323,111616,43520,13,109136
2026-04-01 22:11:05.342,52862,ESTAB,prague,224,23.431,1.085,20.017,1448,14,20272,18824,25040840,25020736,18956,NaN,17472,9204,17471,46,NaN,NaN,7169904,6045440,17458,111616,43520,14,137856
2026-04-01 22:11:05.595,52862,ESTAB,prague,224,23.21,0.917,20.017,1448,14,20272,18824,25220741,25220741,18956,NaN,17598,9280,17597,46,NaN,NaN,7238000,6419504,17598,112128,43520,NaN,NaN
2026-04-01 22:11:05.844,52862,ESTAB,prague,224,23.21,0.917,20.017,1448,14,20272,18824,25220741,25220741,18956,NaN,17598,9280,17597,46,NaN,NaN,7238000,6419504,17598,112128,43520,NaN,NaN
2026-04-01 22:11:06.093,52862,ESTAB,prague,224,23.21,0.917,20.017,1448,14,20272,18824,25220741,25220741,18956,NaN,17598,9280,17597,46,NaN,NaN,7238000,6419504,17598,112128,43520,NaN,NaN
2026-04-01 22:11:06.343,52862,ESTAB,prague,224,23.21,0.917,20.017,1448,14,20272,18824,25220741,25220741,18956,NaN,17598,9280,17597,46,NaN,NaN,7238000,6419504,17598,112128,43520,NaN,NaN
2026-04-01 22:11:06.580,52862,ESTAB,prague,224,23.41,0.739,20.017,1448,12,17376,17376,25322708,25306912,19780,NaN,17670,9319,17669,48,NaN,NaN,6151008,6692080,17659,111616,43520,11,126368
2026-04-01 22:11:06.806,52862,ESTAB,prague,224,23.986,1.09,20.017,1448,13,18824,18824,25510824,25492156,19780,NaN,17801,9386,17800,48,NaN,NaN,6503640,6170784,17788,111616,43520,13,162268
2026-04-01 22:11:07.034,52862,ESTAB,prague,224,23.767,1.052,20.017,1448,13,18824,18824,25700376,25681708,19780,NaN,17933,9453,17932,48,NaN,NaN,6563648,6705640,17920,111616,43520,13,196732
2026-04-01 22:11:07.270,52862,ESTAB,prague,224,23.114,0.421,20.017,1448,15,21720,18824,25895672,25875568,19780,NaN,18069,9522,18068,48,NaN,NaN,7787400,6698712,18055,111616,43520,14,113444
2026-04-01 22:11:07.515,52862,ESTAB,prague,224,23.053,0.818,20.017,1448,15,21720,18824,26099584,26079480,19780,NaN,18211,9595,18210,48,NaN,NaN,7807800,6545160,18197,111616,43520,14,133548
2026-04-01 22:11:07.770,52862,ESTAB,prague,224,23.061,0.81,20.017,1448,14,20272,18824,26304932,26286264,19780,NaN,18354,9671,18353,48,NaN,NaN,7262528,6535664,18341,111616,43520,13,9986
2026-04-01 22:11:08.028,52862,ESTAB,prague,224,23.993,1.184,20.017,1448,13,18824,18824,26314918,26314918,19780,NaN,18361,9681,18360,48,NaN,NaN,6501768,6689048,18361,111616,43520,NaN,NaN
2026-04-01 22:11:08.288,52862,ESTAB,prague,224,23.993,1.184,20.017,1448,13,18824,18824,26314918,26314918,19780,NaN,18361,9681,18360,48,NaN,NaN,6501768,6689048,18361,111616,43520,NaN,NaN
2026-04-01 22:11:08.537,52862,ESTAB,prague,224,22.487,0.878,20.017,1448,14,20272,18824,26359445,26340777,20604,NaN,18393,9692,18392,50,NaN,NaN,7470624,6670248,18380,112128,43520,13,183808
2026-04-01 22:11:08.785,52862,ESTAB,prague,224,23.142,0.754,20.017,1448,14,20272,18824,26566229,26547561,20604,NaN,18537,9772,18536,50,NaN,NaN,7259392,6603792,18524,111616,43520,13,201040
2026-04-01 22:11:09.027,52862,ESTAB,prague,224,23.031,0.968,20.017,1448,13,18824,17376,26765833,26748601,20604,NaN,18676,9845,18675,50,NaN,NaN,6773312,6064392,18664,111616,43520,12,113444
2026-04-01 22:11:09.254,52862,ESTAB,prague,224,23.98,0.945,20.017,1448,13,18824,18824,26956821,26939589,20604,NaN,18809,9917,18808,50,NaN,NaN,6505200,6716136,18797,111616,43520,12,146472
2026-04-01 22:11:09.483,52862,ESTAB,prague,224,23.244,0.452,20.017,1448,15,21720,18824,27147809,27129141,20604,NaN,18942,9985,18941,50,NaN,NaN,7743600,6718696,18929,111616,43520,13,179500
2026-04-01 22:11:09.714,52862,ESTAB,prague,224,23.424,1.079,20.017,1448,14,20272,18824,27335925,27317257,20604,NaN,19073,10053,19072,50,NaN,NaN,7171808,6063944,19060,111616,43520,13,103392
2026-04-01 22:11:09.953,52862,ESTAB,prague,228,24.624,1.033,20.017,1448,13,18824,18824,27507881,27507881,20604,NaN,19193,10122,19192,50,NaN,NaN,6335056,6669792,19193,111616,43520,NaN,NaN
2026-04-01 22:11:10.181,52862,ESTAB,prague,228,24.624,1.033,20.017,1448,13,18824,18824,27507881,27507881,20604,NaN,19193,10122,19192,50,NaN,NaN,6335056,6669792,19193,111616,43520,NaN,NaN
2026-04-01 22:11:10.424,52862,ESTAB,prague,228,24.624,1.033,20.017,1448,13,18824,18824,27507881,27507881,20604,NaN,19193,10122,19192,50,NaN,NaN,6335056,6669792,19193,111616,43520,NaN,NaN
2026-04-01 22:11:10.660,52862,ESTAB,prague,224,23.173,0.99,20.017,1448,14,20272,18824,27628516,27609848,21428,NaN,19278,10161,19277,52,NaN,NaN,7249760,6426328,19265,111616,43520,13,107700
2026-04-01 22:11:10.890,52862,ESTAB,prague,228,24.082,1.075,20.017,1448,13,18824,18824,27818068,27799400,21428,NaN,19410,10230,19409,52,NaN,NaN,6477744,6122368,19397,111616,43520,13,142164
2026-04-01 22:11:11.123,52862,ESTAB,prague,224,23.928,1.172,20.017,1448,13,18824,18824,28011928,27994696,21428,NaN,19545,10299,19544,52,NaN,NaN,6519448,6683256,19533,111616,43520,12,172320
2026-04-01 22:11:11.354,52862,ESTAB,prague,224,22.998,0.46,20.017,1448,15,21720,18824,28205788,28185684,21428,NaN,19680,10367,19679,52,NaN,NaN,7826520,6694848,19666,111616,43520,14,202476
2026-04-01 22:11:11.583,52862,ESTAB,prague,224,23.698,1.103,20.017,1448,14,20272,18824,28391032,28373800,21428,NaN,19809,10435,19808,52,NaN,NaN,7089152,6087720,19797,111616,43520,12,129240
2026-04-01 22:11:11.825,52862,ESTAB,prague,228,24.431,1.108,20.017,1448,13,18824,18824,28593508,28574840,21428,NaN,19950,10507,19949,52,NaN,NaN,6385288,6663848,19937,111616,43520,13,46946
2026-04-01 22:11:12.055,52862,ESTAB,prague,228,24.186,1.171,20.017,1448,13,18824,18824,28640454,28640454,21428,NaN,19983,10531,19982,52,NaN,NaN,6449768,6690024,19983,111616,43520,NaN,NaN
2026-04-01 22:11:12.287,52862,ESTAB,prague,228,24.186,1.171,20.017,1448,13,18824,18824,28640454,28640454,21428,NaN,19983,10531,19982,52,NaN,NaN,6449768,6690024,19983,111616,43520,NaN,NaN
2026-04-01 22:11:12.545,52862,ESTAB,prague,228,24.186,1.171,20.017,1448,13,18824,18824,28643337,28640454,21836,NaN,19986,10532,19985,53,NaN,NaN,6449768,6690024,19983,112128,43520,3,NaN
2026-04-01 22:11:12.788,52862,ESTAB,prague,224,23.205,0.455,20.017,1448,15,21720,18824,28837197,28815657,22252,NaN,20121,10597,20120,54,NaN,NaN,7756800,6666496,20106,111616,43520,15,143600
2026-04-01 22:11:13.026,52862,ESTAB,prague,224,23.209,1.005,20.017,1448,14,20272,18824,29033929,29013825,22252,NaN,20258,10668,20257,54,NaN,NaN,7238336,6429304,20244,111616,43520,14,170884
2026-04-01 22:11:13.260,52862,ESTAB,prague,228,24.099,1.041,20.017,1448,13,18824,18824,29226353,29207685,22252,NaN,20392,10737,20391,54,NaN,NaN,6473168,6146608,20379,111616,43520,13,202476
2026-04-01 22:11:13.491,52862,ESTAB,prague,224,23.776,1.089,20.017,1448,13,18824,18824,29418777,29400109,22252,NaN,20526,10805,20525,54,NaN,NaN,6561152,6688496,20513,111616,43520,13,122060
2026-04-01 22:11:13.729,52862,ESTAB,prague,224,23.191,0.403,20.017,1448,15,21720,18824,29616945,29595405,22252,NaN,20664,10876,20663,54,NaN,NaN,7761240,6689872,20649,111616,43520,15,147908
2026-04-01 22:11:13.966,52862,ESTAB,prague,224,23.15,0.851,20.017,1448,14,20272,18824,29815113,29795009,22252,NaN,20802,10948,20801,54,NaN,NaN,7256928,6494784,20788,111616,43520,14,83980
2026-04-01 22:11:14.196,52862,ESTAB,prague,232,28.968,10.87,20.017,1448,13,18824,18824,29899093,29899093,22252,NaN,20861,10986,20860,54,NaN,NaN,5385120,2499936,20861,112128,43520,NaN,NaN
2026-04-01 22:11:14.433,52862,ESTAB,prague,232,28.968,10.87,20.017,1448,13,18824,18824,29899093,29899093,22252,NaN,20861,10986,20860,54,NaN,NaN,5385120,2499936,20861,112128,43520,NaN,NaN
2026-04-01 22:11:14.667,52862,ESTAB,prague,224,22.242,0.919,20.017,1448,15,21720,18824,29973776,29953672,23076,NaN,20914,11009,20913,56,NaN,NaN,8092440,6986128,20900,112128,43520,14,153652
2026-04-01 22:11:14.911,52862,ESTAB,prague,224,23.171,0.42,20.017,1448,15,21720,18824,30174816,30153276,23076,NaN,21054,11086,21053,56,NaN,NaN,7767960,6688496,21039,111616,43520,15,176628
2026-04-01 22:11:15.140,52862,ESTAB,prague,228,24.333,1.083,20.017,1448,13,18824,18824,30365804,30348572,23076,NaN,21187,11155,21186,56,NaN,NaN,6410976,6727056,21175,111616,43520,12,209656
2026-04-01 22:11:15.369,52862,ESTAB,prague,224,23.594,0.649,20.017,1448,14,20272,20272,30558228,30538124,23076,NaN,21321,11223,21320,56,NaN,NaN,7120400,6713688,21307,111616,43520,14,129240
2026-04-01 22:11:15.603,52862,ESTAB,prague,224,22.997,0.567,20.017,1448,15,21720,18824,30750652,30730548,23076,NaN,21455,11292,21454,56,NaN,NaN,7827000,6717304,21441,111616,43520,14,160832
2026-04-01 22:11:15.834,52862,ESTAB,prague,224,23.56,1.123,20.017,1448,14,20272,18824,30941640,30924408,23076,NaN,21588,11361,21587,56,NaN,NaN,7130480,6079608,21576,111616,43520,12,176074
2026-04-01 22:11:16.066,52862,ESTAB,prague,224,23.116,0.57,20.017,1448,15,21720,18824,31117714,31116832,23076,NaN,21711,11429,21710,56,NaN,NaN,7786560,6707024,21710,111616,43520,1,NaN
2026-04-01 22:11:16.299,52862,ESTAB,prague,232,28.422,11.04,20.017,1448,15,21720,18824,31117714,31117714,23076,NaN,21711,11430,21710,56,NaN,NaN,6332880,2269552,21711,112128,43520,NaN,NaN
2026-04-01 22:11:16.535,52862,ESTAB,prague,232,28.422,11.04,20.017,1448,15,21720,18824,31117714,31117714,23076,NaN,21711,11430,21710,56,NaN,NaN,6332880,2269552,21711,112128,43520,NaN,NaN
2026-04-01 22:11:16.774,52862,ESTAB,prague,224,23.216,1.048,20.017,1448,14,20272,18824,31261325,31242657,23900,NaN,21812,11485,21811,58,NaN,NaN,7236208,6076664,21799,111616,43520,13,196732
2026-04-01 22:11:17.017,52862,ESTAB,prague,228,24.625,0.937,20.017,1448,14,20272,20272,31459493,31439389,23900,NaN,21950,11556,21949,58,NaN,NaN,6822032,6700096,21936,111616,43520,14,110572
2026-04-01 22:11:17.247,52862,ESTAB,prague,228,24.066,1.131,20.017,1448,13,18824,18824,31654789,31637557,23900,NaN,22086,11634,22085,58,NaN,NaN,6482112,6666224,22074,111616,43520,12,139292
2026-04-01 22:11:17.470,52862,ESTAB,prague,224,23.325,1.045,20.017,1448,14,20272,18824,31809734,31808441,23900,NaN,22194,11695,22193,58,NaN,NaN,7202496,6003984,22193,111616,43520,1,NaN
2026-04-01 22:11:17.698,52862,ESTAB,prague,232,28.404,10.941,20.017,1448,14,20272,18824,31809734,31809734,23900,NaN,22194,11696,22193,58,NaN,NaN,5914608,2301008,22194,112128,43520,NaN,NaN
2026-04-01 22:11:17.920,52862,ESTAB,prague,232,28.404,10.941,20.017,1448,14,20272,18824,31809734,31809734,23900,NaN,22194,11696,22193,58,NaN,NaN,5914608,2301008,22194,112128,43520,NaN,NaN
2026-04-01 22:11:18.152,52862,ESTAB,prague,232,28.404,10.941,20.017,1448,14,20272,18824,31809734,31809734,23900,NaN,22194,11696,22193,58,NaN,NaN,5914608,2301008,22194,112128,43520,NaN,NaN
2026-04-01 22:11:18.404,52862,ESTAB,prague,232,28.404,10.941,20.017,1448,14,20272,18824,31809734,31809734,23900,NaN,22194,11696,22193,58,NaN,NaN,5914608,2301008,22194,112128,43520,NaN,NaN
2026-04-01 22:11:18.650,52862,ESTAB,prague,228,25.678,8.714,20.017,1448,14,20272,18824,31821233,31812617,24724,NaN,22203,11701,22202,60,NaN,NaN,6542368,2301008,22197,112128,43520,6,216836
2026-04-01 22:11:18.893,52862,ESTAB,prague,228,24.219,1.175,20.017,1448,13,18824,18824,32025145,32006477,24724,NaN,22345,11776,22344,60,NaN,NaN,6441136,6699544,22332,111616,43520,13,124932
2026-04-01 22:11:19.135,52862,ESTAB,prague,224,22.191,0.58,20.017,1448,14,20272,17376,32226185,32206081,24724,NaN,22485,11848,22484,60,NaN,NaN,7570416,6809440,22471,111616,43520,14,147908
2026-04-01 22:11:19.381,52862,ESTAB,prague,224,23.22,0.962,20.017,1448,14,20272,18824,32431533,32412865,24724,NaN,22628,11923,22627,60,NaN,NaN,7234864,6436448,22615,111616,43520,13,166576
2026-04-01 22:11:19.616,52862,ESTAB,prague,224,23.565,1.071,20.017,1448,14,20272,18824,32628265,32609597,24724,NaN,22765,11994,22764,60,NaN,NaN,7128912,6062232,22752,111616,43520,13,77738
2026-04-01 22:11:19.853,52862,ESTAB,prague,232,28.87,11.588,20.017,1448,15,21720,18824,32706003,32706003,24724,NaN,22820,12029,22819,60,NaN,NaN,6234720,2187976,22820,112128,43520,NaN,NaN
2026-04-01 22:11:20.091,52862,ESTAB,prague,232,28.87,11.588,20.017,1448,15,21720,18824,32706003,32706003,24724,NaN,22820,12029,22819,60,NaN,NaN,6234720,2187976,22820,112128,43520,NaN,NaN
2026-04-01 22:11:20.332,52862,ESTAB,prague,232,28.87,11.588,20.017,1448,15,21720,18824,32706003,32706003,24724,NaN,22820,12029,22819,60,NaN,NaN,6234720,2187976,22820,112128,43520,NaN,NaN
2026-04-01 22:11:20.580,52862,ESTAB,prague,232,28.87,11.588,20.017,1448,15,21720,18824,32706003,32706003,24724,NaN,22820,12029,22819,60,NaN,NaN,6234720,2187976,22820,112128,43520,NaN,NaN
2026-04-01 22:11:20.815,52862,ESTAB,prague,228,24.121,1.215,20.017,1448,13,18824,18824,32835254,32816586,25548,NaN,22911,12079,22910,62,NaN,NaN,6467344,6441608,22898,111616,43520,13,99084
2026-04-01 22:11:21.053,52862,ESTAB,prague,228,24.118,1.084,20.017,1448,13,18824,18824,33031986,33014754,25548,NaN,23048,12153,23047,62,NaN,NaN,6468072,6708688,23036,111616,43520,12,126368
2026-04-01 22:11:21.292,52862,ESTAB,prague,224,23.843,0.884,20.017,1448,13,18824,18824,33231590,33212922,25548,NaN,23187,12225,23186,62,NaN,NaN,6542640,6688216,23174,111616,43520,13,150780
2026-04-01 22:11:21.535,52862,ESTAB,prague,224,23.203,0.594,20.017,1448,15,21720,18824,33432630,33412526,25548,NaN,23327,12297,23326,62,NaN,NaN,7757280,6697608,23313,111616,43520,14,173756
2026-04-01 22:11:21.775,52862,ESTAB,prague,224,23.87,1.114,20.017,1448,14,20272,18824,33633670,33615002,25548,NaN,23467,12370,23466,62,NaN,NaN,7037856,6142848,23454,111616,43520,13,196732
2026-04-01 22:11:22.001,52862,ESTAB,prague,228,24.371,1.143,20.017,1448,13,18824,18824,33818914,33801682,25548,NaN,23596,12437,23595,62,NaN,NaN,6400784,6695400,23584,111616,43520,12,123496
2026-04-01 22:11:22.236,52862,ESTAB,prague,224,22.696,1.143,20.017,1448,13,18824,18824,33964075,33964075,25548,NaN,23698,12496,23697,62,NaN,NaN,6873152,6680208,23698,112128,43520,NaN,NaN
2026-04-01 22:11:22.474,52862,ESTAB,prague,224,22.696,1.143,20.017,1448,13,18824,18824,33964075,33964075,25548,NaN,23698,12496,23697,62,NaN,NaN,6873152,6680208,23698,112128,43520,NaN,NaN
2026-04-01 22:11:22.715,52862,ESTAB,prague,224,22.731,1.368,20.017,1448,13,18824,18824,33982754,33966958,26372,NaN,23712,12499,23711,64,NaN,NaN,6862856,6680208,23701,112128,43520,11,209656
2026-04-01 22:11:22.949,52862,ESTAB,prague,228,24.011,1.461,20.017,1448,13,18824,18824,34180922,34162254,26372,NaN,23850,12577,23849,64,NaN,NaN,6496776,6369136,23837,111616,43520,13,123496
2026-04-01 22:11:23.177,52862,ESTAB,prague,228,24.127,1.092,20.017,1448,13,18824,18824,34369038,34350370,26372,NaN,23981,12644,23980,64,NaN,NaN,6465680,6715912,23968,111616,43520,13,159396
2026-04-01 22:11:23.414,52862,ESTAB,prague,224,23.224,0.561,20.017,1448,15,21720,18824,34567206,34547102,26372,NaN,24119,12714,24118,64,NaN,NaN,7750440,6687392,24105,111616,43520,14,185244
2026-04-01 22:11:23.642,52862,ESTAB,prague,224,23.213,0.982,20.017,1448,14,20272,18824,34756758,34736654,26372,NaN,24251,12782,24250,64,NaN,NaN,7237104,6448088,24237,111616,43520,14,107700
2026-04-01 22:11:23.873,52862,ESTAB,prague,228,24.589,0.968,20.017,1448,13,18824,18824,34947746,34930514,26372,NaN,24384,12851,24383,64,NaN,NaN,6344000,6708416,24372,111616,43520,12,140728
2026-04-01 22:11:24.103,52862,ESTAB,prague,224,23.387,0.713,20.017,1448,15,21720,18824,35140170,35118630,26372,NaN,24518,12918,24517,64,NaN,NaN,7696440,6684360,24503,111616,43520,15,20065
2026-04-01 22:11:24.336,52862,ESTAB,prague,224,23.299,1.043,20.017,1448,14,20272,18824,35160235,35160235,26372,NaN,24532,12933,24531,64,NaN,NaN,7210448,6030912,24532,111616,43520,NaN,NaN
2026-04-01 22:11:24.566,52862,ESTAB,prague,224,23.299,1.043,20.017,1448,14,20272,18824,35160235,35160235,26372,NaN,24532,12933,24531,64,NaN,NaN,7210448,6030912,24532,111616,43520,NaN,NaN
2026-04-01 22:11:24.796,52862,ESTAB,prague,228,24.041,1.492,20.017,1448,13,18824,18824,35227738,35209070,27196,NaN,24580,12952,24579,66,NaN,NaN,6488768,6728456,24567,111616,43520,13,160832
2026-04-01 22:11:25.028,52862,ESTAB,prague,224,23.701,0.831,20.017,1448,13,18824,18824,35420162,35401494,27196,NaN,24714,13021,24713,66,NaN,NaN,6581848,6698528,24701,111616,43520,13,192424
2026-04-01 22:11:25.256,52862,ESTAB,prague,224,23.024,0.441,20.017,1448,15,21720,18824,35612586,35592482,27196,NaN,24848,13090,24847,66,NaN,NaN,7817640,6727896,24834,111616,43520,14,112008
2026-04-01 22:11:25.485,52862,ESTAB,prague,224,23.72,1.098,20.017,1448,14,20272,18824,35800702,35782034,27196,NaN,24979,13158,24978,66,NaN,NaN,7082544,6085752,24966,111616,43520,13,147908
2026-04-01 22:11:25.713,52862,ESTAB,prague,224,23.903,1.113,20.017,1448,13,18824,18824,35988818,35970150,27196,NaN,25110,13225,25109,66,NaN,NaN,6526208,6707856,25097,111616,43520,13,183808
2026-04-01 22:11:25.936,52862,ESTAB,prague,224,23.762,1.675,20.017,1448,13,18824,18824,36175498,36156830,27196,NaN,25240,13292,25239,66,NaN,NaN,6565000,6689248,25227,111616,43520,13,109136
2026-04-01 22:11:26.157,52862,ESTAB,prague,224,23.215,0.532,20.017,1448,15,21720,18824,36360742,36339202,27196,NaN,25369,13360,25368,66,NaN,NaN,7753560,6663208,25354,111616,43520,15,20465
2026-04-01 22:11:26.381,52862,ESTAB,prague,232,29.583,11.887,20.017,1448,14,20272,18824,36381207,36381207,27196,NaN,25384,13376,25383,66,NaN,NaN,5678736,2148824,25384,112128,43520,NaN,NaN
2026-04-01 22:11:26.605,52862,ESTAB,prague,232,29.583,11.887,20.017,1448,14,20272,18824,36381207,36381207,27196,NaN,25384,13376,25383,66,NaN,NaN,5678736,2148824,25384,112128,43520,NaN,NaN
2026-04-01 22:11:26.837,52862,ESTAB,prague,224,22.221,0.752,20.017,1448,16,23168,18824,36458762,36438658,28020,NaN,25439,13400,25438,68,NaN,NaN,8640256,7140856,25425,112128,43520,14,150780
2026-04-01 22:11:27.065,52862,ESTAB,prague,224,23.347,0.635,20.017,1448,15,21720,18824,36648314,36628210,28020,NaN,25571,13476,25570,68,NaN,NaN,7709520,6689320,25557,111616,43520,14,185244
2026-04-01 22:11:27.287,52862,ESTAB,prague,224,23.288,1.077,20.017,1448,14,20272,18824,36830686,36813454,28020,NaN,25698,13543,25697,68,NaN,NaN,7213920,5981328,25686,111616,43520,12,114880
2026-04-01 22:11:27.511,52862,ESTAB,prague,228,24.353,1.161,20.017,1448,13,18824,18824,37015930,36997262,28020,NaN,25827,13609,25826,68,NaN,NaN,6405776,6704256,25814,111616,43520,13,153652
2026-04-01 22:11:27.743,52862,ESTAB,prague,224,23.435,0.653,20.017,1448,15,21720,18824,37209790,37188250,28020,NaN,25962,13679,25961,68,NaN,NaN,7680720,6715640,25947,111616,43520,15,183808
2026-04-01 22:11:27.990,52862,ESTAB,prague,224,22.561,0.805,20.017,1448,13,18824,17376,37405086,37387854,28020,NaN,26098,13753,26097,68,NaN,NaN,6914232,5926328,26086,111616,43520,12,63798
2026-04-01 22:11:28.223,52862,ESTAB,prague,224,23.413,1.287,20.017,1448,14,20272,18824,37468884,37468884,28020,NaN,26143,13782,26142,68,NaN,NaN,7175392,6112928,26143,112128,43520,NaN,NaN
2026-04-01 22:11:28.457,52862,ESTAB,prague,224,23.413,1.287,20.017,1448,14,20272,18824,37468884,37468884,28020,NaN,26143,13782,26142,68,NaN,NaN,7175392,6112928,26143,112128,43520,NaN,NaN
2026-04-01 22:11:28.698,52862,ESTAB,prague,224,23.413,1.287,20.017,1448,14,20272,18824,37468884,37468884,28020,NaN,26143,13782,26142,68,NaN,NaN,7175392,6112928,26143,112128,43520,NaN,NaN
2026-04-01 22:11:28.935,52862,ESTAB,prague,224,22.953,1.181,20.017,1448,13,18824,17376,37598135,37580903,28844,NaN,26234,13831,26233,70,NaN,NaN,6796192,5354624,26222,111616,43520,12,99084
2026-04-01 22:11:29.165,52862,ESTAB,prague,224,23.342,0.616,20.017,1448,15,21720,18824,37791995,37770455,28844,NaN,26369,13898,26368,70,NaN,NaN,7711320,6744960,26354,111616,43520,15,129240
2026-04-01 22:11:29.395,52862,ESTAB,prague,224,22.994,0.687,20.017,1448,15,21720,18824,37982983,37961443,28844,NaN,26502,13967,26501,70,NaN,NaN,7828080,6634048,26487,111616,43520,15,162268
2026-04-01 22:11:29.624,52862,ESTAB,prague,224,23.47,0.645,20.017,1448,15,21720,18824,38172535,38152431,28844,NaN,26634,14035,26633,70,NaN,NaN,7669200,6685464,26620,111616,43520,14,196732
2026-04-01 22:11:29.854,52862,ESTAB,prague,224,23.037,0.818,20.017,1448,15,21720,18824,38363523,38343419,28844,NaN,26767,14104,26766,70,NaN,NaN,7813200,6568488,26753,111616,43520,14,117752
2026-04-01 22:11:30.085,52862,ESTAB,prague,224,23.906,1.07,20.017,1448,14,20272,18824,38534403,38532971,28844,NaN,26886,14172,26885,70,NaN,NaN,7027328,6140344,26885,111616,43520,1,NaN
2026-04-01 22:11:30.313,52862,ESTAB,prague,232,28.612,10.214,20.017,1448,14,20272,18824,38534403,38534403,28844,NaN,26886,14173,26885,70,NaN,NaN,5871600,2257752,26886,112128,43520,NaN,NaN
2026-04-01 22:11:30.537,52862,ESTAB,prague,232,28.612,10.214,20.017,1448,14,20272,18824,38534403,38534403,28844,NaN,26886,14173,26885,70,NaN,NaN,5871600,2257752,26886,112128,43520,NaN,NaN
2026-04-01 22:11:30.765,52862,ESTAB,prague,232,28.612,10.214,20.017,1448,14,20272,18824,38534403,38534403,28844,NaN,26886,14173,26885,70,NaN,NaN,5871600,2257752,26886,112128,43520,NaN,NaN
2026-04-01 22:11:30.999,52862,ESTAB,prague,224,23.049,1.29,20.017,1448,13,18824,17376,38692374,38676578,29668,NaN,26997,14234,26996,72,NaN,NaN,6767904,5365648,26986,111616,43520,11,182372
2026-04-01 22:11:31.227,52862,ESTAB,prague,224,23.493,0.714,20.017,1448,15,21720,18824,38886234,38866130,29668,NaN,27132,14302,27131,72,NaN,NaN,7661640,6684360,27118,111616,43520,14,100520
2026-04-01 22:11:31.460,52862,ESTAB,prague,224,23.142,0.85,20.017,1448,14,20272,18824,39075786,39055682,29668,NaN,27264,14370,27263,72,NaN,NaN,7259280,6536192,27250,111616,43520,14,40594
2026-04-01 22:11:31.699,52862,ESTAB,prague,232,28.821,11.608,20.017,1448,14,20272,18824,39116380,39116380,29668,NaN,27293,14393,27292,72,NaN,NaN,5828816,2088304,27293,112128,43520,NaN,NaN
2026-04-01 22:11:31.930,52862,ESTAB,prague,232,28.821,11.608,20.017,1448,14,20272,18824,39116380,39116380,29668,NaN,27293,14393,27292,72,NaN,NaN,5828816,2088304,27293,112128,43520,NaN,NaN
2026-04-01 22:11:32.163,52862,ESTAB,prague,232,28.821,11.608,20.017,1448,14,20272,18824,39116380,39116380,29668,NaN,27293,14393,27292,72,NaN,NaN,5828816,2088304,27293,112128,43520,NaN,NaN
2026-04-01 22:11:32.398,52862,ESTAB,prague,232,28.821,11.608,20.017,1448,14,20272,18824,39116380,39116380,29668,NaN,27293,14393,27292,72,NaN,NaN,5828816,2088304,27293,112128,43520,NaN,NaN
2026-04-01 22:11:32.643,52862,ESTAB,prague,232,28.821,11.608,20.017,1448,14,20272,18824,39116380,39116380,29668,NaN,27293,14393,27292,72,NaN,NaN,5828816,2088304,27293,112128,43520,NaN,NaN
2026-04-01 22:11:32.893,52862,ESTAB,prague,224,23.269,2.872,20.017,1448,14,20272,18824,39160907,39142239,30492,NaN,27325,14406,27324,74,NaN,NaN,7219744,6563168,27312,112128,43520,13,183808
2026-04-01 22:11:33.153,52862,ESTAB,prague,224,23.027,0.704,20.017,1448,15,21720,18824,39373435,39353331,30492,NaN,27473,14487,27472,74,NaN,NaN,7816680,6622400,27459,111616,43520,14,195296
2026-04-01 22:11:33.401,52862,ESTAB,prague,224,23.213,0.393,20.017,1448,15,21720,18824,39583091,39561551,30492,NaN,27619,14565,27618,74,NaN,NaN,7754040,6718976,27604,111616,43520,15,97648
2026-04-01 22:11:33.651,52862,ESTAB,prague,224,23.514,0.66,20.017,1448,15,21720,18824,39792747,39772643,30492,NaN,27765,14643,27764,74,NaN,NaN,7654920,6700928,27751,111616,43520,14,112008
2026-04-01 22:11:33.891,52862,ESTAB,prague,224,23.012,0.457,20.017,1448,15,21720,18824,39993787,39972247,30492,NaN,27905,14715,27904,74,NaN,NaN,7821720,6687112,27890,111616,43520,15,134984
2026-04-01 22:11:34.120,52862,ESTAB,prague,228,24.046,0.644,20.017,1448,14,20272,18824,40181903,40163235,30492,NaN,28036,14784,28035,74,NaN,NaN,6986448,5890912,28023,111616,43520,13,61689
2026-04-01 22:11:34.357,52862,ESTAB,prague,228,27.998,10.245,20.017,1448,15,21720,18824,40243592,40243592,30492,NaN,28079,14813,28078,74,NaN,NaN,6428880,2384856,28079,112128,43520,NaN,NaN
2026-04-01 22:11:34.592,52862,ESTAB,prague,228,27.998,10.245,20.017,1448,15,21720,18824,40243592,40243592,30492,NaN,28079,14813,28078,74,NaN,NaN,6428880,2384856,28079,112128,43520,NaN,NaN
2026-04-01 22:11:34.834,52862,ESTAB,prague,228,27.998,10.245,20.017,1448,15,21720,18824,40243592,40243592,30492,NaN,28079,14813,28078,74,NaN,NaN,6428880,2384856,28079,112128,43520,NaN,NaN
2026-04-01 22:11:35.076,52862,ESTAB,prague,224,21.967,0.467,20.017,1448,15,21720,17376,40417359,40398691,31316,NaN,28201,14878,28200,76,NaN,NaN,8193720,7190560,28188,111616,43520,13,166576
2026-04-01 22:11:35.326,52862,ESTAB,prague,224,23.117,0.448,20.017,1448,15,21720,18824,40624143,40605475,31316,NaN,28345,14953,28344,76,NaN,NaN,7786320,6693464,28332,111616,43520,13,183808
2026-04-01 22:11:35.573,52862,ESTAB,prague,224,22.962,0.643,20.017,1448,15,21720,18824,40832363,40812259,31316,NaN,28490,15027,28489,76,NaN,NaN,7838880,6670064,28476,111616,43520,14,199604
2026-04-01 22:11:35.810,52862,ESTAB,prague,224,23.921,0.884,20.017,1448,12,17376,17376,41023351,41008991,31316,NaN,28623,15098,28622,76,NaN,NaN,6019584,5908192,28613,111616,43520,10,120624
2026-04-01 22:11:36.055,52862,ESTAB,prague,224,23.893,0.921,20.017,1448,13,18824,18824,41152950,41152950,31316,NaN,28714,15149,28713,76,NaN,NaN,6528912,6700656,28714,112128,43520,NaN,NaN
2026-04-01 22:11:36.306,52862,ESTAB,prague,224,23.893,0.921,20.017,1448,13,18824,18824,41152950,41152950,31316,NaN,28714,15149,28713,76,NaN,NaN,6528912,6700656,28714,112128,43520,NaN,NaN
2026-04-01 22:11:36.553,52862,ESTAB,prague,224,23.893,0.921,20.017,1448,13,18824,18824,41152950,41152950,31316,NaN,28714,15149,28713,76,NaN,NaN,6528912,6700656,28714,112128,43520,NaN,NaN
2026-04-01 22:11:36.802,52862,ESTAB,prague,224,23.893,0.921,20.017,1448,13,18824,18824,41152950,41152950,31316,NaN,28714,15149,28713,76,NaN,NaN,6528912,6700656,28714,112128,43520,NaN,NaN
2026-04-01 22:11:37.050,52862,ESTAB,prague,228,24.198,1.24,20.017,1448,12,17376,17376,41275021,41259225,32140,NaN,28800,15196,28799,78,NaN,NaN,5950752,6704528,28789,111616,43520,11,106264
2026-04-01 22:11:37.299,52862,ESTAB,prague,224,22.303,0.703,20.017,1448,14,20272,17376,41481805,41464573,32140,NaN,28944,15271,28943,78,NaN,NaN,7532336,6591488,28932,111616,43520,12,123496
2026-04-01 22:11:37.547,52862,ESTAB,prague,224,23.715,1.428,20.017,1448,14,20272,18824,41687153,41668485,32140,NaN,29087,15350,29086,78,NaN,NaN,7084000,6158672,29074,111616,43520,13,142164
2026-04-01 22:11:37.801,52862,ESTAB,prague,224,23.704,1.112,20.017,1448,14,20272,18824,41898245,41881013,32140,NaN,29234,15427,29233,78,NaN,NaN,7087248,6110944,29222,111616,43520,12,155088
2026-04-01 22:11:38.044,52862,ESTAB,prague,228,24.524,1.015,20.017,1448,12,17376,17376,42096413,42079181,32140,NaN,29372,15498,29371,78,NaN,NaN,5871648,6687032,29360,111616,43520,12,180936
2026-04-01 22:11:38.280,52862,ESTAB,prague,224,23.15,0.78,20.017,1448,15,21720,18824,42298889,42277349,32140,NaN,29513,15569,29512,78,NaN,NaN,7775280,6568752,29498,111616,43520,15,14290
2026-04-01 22:11:38.514,52862,ESTAB,prague,228,24.372,1.155,20.017,1448,13,18824,18824,42313179,42313179,32140,NaN,29523,15582,29522,78,NaN,NaN,6400576,6641944,29523,111616,43520,NaN,NaN
2026-04-01 22:11:38.752,52862,ESTAB,prague,228,24.372,1.155,20.017,1448,13,18824,18824,42313179,42313179,32140,NaN,29523,15582,29522,78,NaN,NaN,6400576,6641944,29523,111616,43520,NaN,NaN
2026-04-01 22:11:38.985,52862,ESTAB,prague,224,22.27,0.751,20.017,1448,15,21720,18824,42366322,42347654,32964,NaN,29561,15597,29560,80,NaN,NaN,8082240,6955864,29548,112128,43520,13,175192
2026-04-01 22:11:39.211,52862,ESTAB,prague,224,23.719,1.437,20.017,1448,14,20272,18824,42550130,42532898,32964,NaN,29689,15670,29688,80,NaN,NaN,7082768,6130592,29677,111616,43520,12,103392
2026-04-01 22:11:39.444,52862,ESTAB,prague,228,24.41,1.106,20.017,1448,13,18824,18824,42743990,42725322,32964,NaN,29824,15740,29823,80,NaN,NaN,6390696,6687944,29811,111616,43520,13,133548
2026-04-01 22:11:39.679,52862,ESTAB,prague,224,23.213,0.635,20.017,1448,15,21720,18824,42940722,42920618,32964,NaN,29961,15810,29960,80,NaN,NaN,7753920,6708136,29947,111616,43520,14,144616
2026-04-01 22:11:39.904,52862,ESTAB,prague,228,24.46,1.071,20.017,1448,13,18824,18824,43085338,43084322,32964,NaN,30062,15868,30061,80,NaN,NaN,6377592,6703144,30061,111616,43520,1,NaN
2026-04-01 22:11:40.137,52862,ESTAB,prague,232,29.769,11.422,20.017,1448,13,18824,18824,43085338,43085338,32964,NaN,30062,15869,30061,80,NaN,NaN,5240144,2505080,30062,112128,43520,NaN,NaN
2026-04-01 22:11:40.381,52862,ESTAB,prague,232,29.769,11.422,20.017,1448,13,18824,18824,43085338,43085338,32964,NaN,30062,15869,30061,80,NaN,NaN,5240144,2505080,30062,112128,43520,NaN,NaN
2026-04-01 22:11:40.625,52862,ESTAB,prague,232,29.769,11.422,20.017,1448,13,18824,18824,43085338,43085338,32964,NaN,30062,15869,30061,80,NaN,NaN,5240144,2505080,30062,112128,43520,NaN,NaN
2026-04-01 22:11:40.872,52862,ESTAB,prague,232,29.769,11.422,20.017,1448,13,18824,18824,43085338,43085338,32964,NaN,30062,15869,30061,80,NaN,NaN,5240144,2505080,30062,112128,43520,NaN,NaN
2026-04-01 22:11:41.119,52862,ESTAB,prague,224,23.475,0.867,20.017,1448,14,20272,20272,43217461,43197357,33788,NaN,30155,15916,30154,82,NaN,NaN,7156240,6375608,30141,111616,43520,14,96212
2026-04-01 22:11:41.377,52862,ESTAB,prague,224,23.203,0.908,20.017,1448,14,20272,18824,43431425,43411321,33788,NaN,30304,15996,30303,82,NaN,NaN,7240352,6459176,30290,111616,43520,14,106264
2026-04-01 22:11:41.622,52862,ESTAB,prague,224,23.541,1.09,20.017,1448,14,20272,18824,43635337,43616669,33788,NaN,30446,16069,30445,82,NaN,NaN,7136192,6070296,30433,111616,43520,13,126368
2026-04-01 22:11:41.858,52862,ESTAB,prague,228,24.301,1.038,20.017,1448,13,18824,18824,43832069,43814837,33788,NaN,30583,16140,30582,82,NaN,NaN,6419192,6360800,30571,111616,43520,12,153652
2026-04-01 22:11:42.087,52862,ESTAB,prague,224,22.372,0.822,20.017,1448,14,20272,17376,44020185,44001517,33788,NaN,30714,16206,30713,82,NaN,NaN,7509040,6453776,30701,111616,43520,13,24502
2026-04-01 22:11:42.319,52862,ESTAB,prague,224,22.704,1.128,20.017,1448,13,18824,18824,44044687,44044687,33788,NaN,30732,16222,30731,82,NaN,NaN,6870864,6666312,30732,112128,43520,NaN,NaN
2026-04-01 22:11:42.561,52862,ESTAB,prague,224,22.704,1.128,20.017,1448,13,18824,18824,44044687,44044687,33788,NaN,30732,16222,30731,82,NaN,NaN,6870864,6666312,30732,112128,43520,NaN,NaN
2026-04-01 22:11:42.809,52862,ESTAB,prague,224,22.704,1.128,20.017,1448,13,18824,18824,44044687,44044687,33788,NaN,30732,16222,30731,82,NaN,NaN,6870864,6666312,30732,112128,43520,NaN,NaN
2026-04-01 22:11:43.065,52862,ESTAB,prague,224,22.964,1.082,20.017,1448,14,20272,20272,44110754,44090650,34612,NaN,30779,16240,30778,84,NaN,NaN,7315616,6718144,30765,111616,43520,14,162268
2026-04-01 22:11:43.302,52862,ESTAB,prague,228,24.254,1.039,20.017,1448,13,18824,18824,44306050,44288818,34612,NaN,30915,16323,30914,84,NaN,NaN,6431776,6422648,30903,111616,43520,12,190988
2026-04-01 22:11:43.540,52862,ESTAB,prague,228,24.494,1.044,20.017,1448,13,18824,18824,44505654,44486986,34612,NaN,31054,16394,31053,84,NaN,NaN,6368648,6705640,31041,111616,43520,13,103392
2026-04-01 22:11:43.778,52862,ESTAB,prague,224,23.829,0.79,20.017,1448,13,18824,18824,44702386,44685154,34612,NaN,31191,16465,31190,84,NaN,NaN,6546488,6694656,31179,111616,43520,12,130676
2026-04-01 22:11:44.017,52862,ESTAB,prague,224,23.51,1.151,20.017,1448,14,20272,18824,44900554,44883322,34612,NaN,31329,16536,31328,84,NaN,NaN,7145712,6093880,31317,111616,43520,12,156524
2026-04-01 22:11:44.257,52862,ESTAB,prague,228,24.121,1.047,20.017,1448,14,20272,18824,45098722,45081490,34612,NaN,31467,16607,31466,84,NaN,NaN,6964608,6153640,31455,111616,43520,12,166062
2026-04-01 22:11:44.498,52862,ESTAB,prague,224,23.389,0.625,20.017,1448,14,20272,20272,45264784,45263862,34612,NaN,31583,16673,31582,84,NaN,NaN,7182784,6690024,31582,111616,43520,1,NaN
2026-04-01 22:11:44.743,52862,ESTAB,prague,232,29.289,12.269,20.017,1448,13,18824,18824,45264784,45264784,34612,NaN,31583,16674,31582,84,NaN,NaN,5326152,2271400,31583,112128,43520,NaN,NaN
2026-04-01 22:11:44.982,52862,ESTAB,prague,232,29.289,12.269,20.017,1448,13,18824,18824,45264784,45264784,34612,NaN,31583,16674,31582,84,NaN,NaN,5326152,2271400,31583,112128,43520,NaN,NaN
2026-04-01 22:11:45.220,52862,ESTAB,prague,228,24.103,0.895,20.017,1448,13,18824,18824,45431371,45414139,35436,NaN,31700,16737,31699,86,NaN,NaN,6471920,5900168,31688,111616,43520,12,173756
2026-04-01 22:11:45.449,52862,ESTAB,prague,224,23.516,0.512,20.017,1448,14,20272,20272,45623795,45603691,35436,NaN,31834,16805,31833,86,NaN,NaN,7143920,6697496,31820,111616,43520,14,93340
2026-04-01 22:11:45.685,52862,ESTAB,prague,224,23.07,0.503,20.017,1448,15,21720,18824,45817655,45796115,35436,NaN,31969,16874,31968,86,NaN,NaN,7802160,6722872,31954,111616,43520,15,123496
2026-04-01 22:11:45.927,52862,ESTAB,prague,228,24.207,1.122,20.017,1448,13,18824,18824,46018695,46001463,35436,NaN,32109,16948,32108,86,NaN,NaN,6444360,6697056,32097,111616,43520,12,51568
2026-04-01 22:11:46.164,52862,ESTAB,prague,228,24.497,1.114,20.017,1448,13,18824,18824,46070263,46070263,35436,NaN,32145,16973,32144,86,NaN,NaN,6367920,6706288,32145,111616,43520,NaN,NaN
2026-04-01 22:11:46.409,52862,ESTAB,prague,228,24.497,1.114,20.017,1448,13,18824,18824,46070263,46070263,35436,NaN,32145,16973,32144,86,NaN,NaN,6367920,6706288,32145,111616,43520,NaN,NaN
2026-04-01 22:11:46.650,52862,ESTAB,prague,228,24.497,1.114,20.017,1448,13,18824,18824,46070263,46070263,35436,NaN,32145,16973,32144,86,NaN,NaN,6367920,6706288,32145,111616,43520,NaN,NaN
2026-04-01 22:11:46.893,52862,ESTAB,prague,228,24.497,1.114,20.017,1448,13,18824,18824,46070263,46070263,35436,NaN,32145,16973,32144,86,NaN,NaN,6367920,6706288,32145,111616,43520,NaN,NaN
2026-04-01 22:11:47.142,52862,ESTAB,prague,224,22.829,1.058,20.017,1448,15,21720,18824,46144946,46124842,36260,NaN,32198,16995,32197,88,NaN,NaN,7884600,6735440,32184,112128,43520,14,153652
2026-04-01 22:11:47.389,52862,ESTAB,prague,224,23.726,0.809,20.017,1448,13,18824,18824,46348858,46330190,36260,NaN,32340,17076,32339,88,NaN,NaN,6574776,6702592,32327,111616,43520,13,173756
2026-04-01 22:11:47.632,52862,ESTAB,prague,224,23.337,0.57,20.017,1448,15,21720,18824,46551334,46529794,36260,NaN,32481,17147,32480,88,NaN,NaN,7712760,6715912,32466,111616,43520,15,195296
2026-04-01 22:11:47.872,52862,ESTAB,prague,224,23.018,0.442,20.017,1448,15,21720,18824,46750938,46730834,36260,NaN,32620,17220,32619,88,NaN,NaN,7819920,6695120,32606,111616,43520,14,107700
2026-04-01 22:11:48.106,52862,ESTAB,prague,224,23.312,1.065,20.017,1448,14,20272,18824,46944798,46927566,36260,NaN,32755,17290,32754,88,NaN,NaN,7206304,6008296,32743,111616,43520,12,137856
2026-04-01 22:11:48.339,52862,ESTAB,prague,228,24.552,1.044,20.017,1448,13,18824,18824,47119060,47119060,36260,NaN,32877,17358,32876,88,NaN,NaN,6353776,6686288,32877,112128,43520,NaN,NaN
2026-04-01 22:11:48.573,52862,ESTAB,prague,224,23.123,0.901,20.017,1448,14,20272,18824,47311484,47292816,36676,NaN,33011,17421,33010,89,NaN,NaN,7265440,6472712,32998,111616,43520,13,145036
2026-04-01 22:11:48.820,52862,ESTAB,prague,224,23.539,1.125,20.017,1448,14,20272,18824,47516832,47498164,36676,NaN,33154,17494,33153,89,NaN,NaN,7136752,6073232,33141,111616,43520,13,163704
2026-04-01 22:11:49.060,52862,ESTAB,prague,228,24.285,1.054,20.017,1448,13,18824,18824,47716436,47697768,36676,NaN,33293,17565,33292,89,NaN,NaN,6423560,6373992,33280,111616,43520,13,188116
2026-04-01 22:11:49.299,52862,ESTAB,prague,228,24.151,1.114,20.017,1448,13,18824,18824,47911732,47893064,36676,NaN,33429,17635,33428,89,NaN,NaN,6459232,6685184,33416,111616,43520,13,104828
2026-04-01 22:11:49.546,52862,ESTAB,prague,224,23.051,1.389,20.017,1448,14,20272,20272,48090397,48071729,37092,NaN,33554,17700,33553,90,NaN,NaN,7287952,6687704,33541,111616,43520,13,176628
2026-04-01 22:11:49.782,52862,ESTAB,prague,224,23.594,0.698,20.017,1448,14,20272,20272,48291437,48271333,37092,NaN,33694,17777,33693,90,NaN,NaN,7120288,6672256,33680,111616,43520,14,199604
2026-04-01 22:11:50.021,52862,ESTAB,prague,224,22.722,0.934,20.017,1448,13,18824,17376,48483861,48466629,37092,NaN,33828,17847,33827,90,NaN,NaN,6865352,5862840,33816,111616,43520,12,119188
2026-04-01 22:11:50.268,52862,ESTAB,prague,228,24.324,1.033,20.017,1448,14,20272,18824,48692081,48674849,37092,NaN,33973,17921,33972,90,NaN,NaN,6906592,6382096,33961,111616,43520,12,134984
2026-04-01 22:11:50.504,52862,ESTAB,prague,228,24.483,1.091,20.017,1448,13,18824,18824,48890249,48873017,37092,NaN,34111,17992,34110,90,NaN,NaN,6371664,6691824,34099,111616,43520,12,160832
2026-04-01 22:11:50.730,52862,ESTAB,prague,224,23.27,0.6,20.017,1448,15,21720,18824,49079801,49059697,37092,NaN,34243,18059,34242,90,NaN,NaN,7735080,6729008,34229,111616,43520,14,58526
2026-04-01 22:11:50.968,52862,ESTAB,prague,232,29.443,12.24,20.017,1448,13,18824,18824,49138327,49138327,37092,NaN,34284,18088,34283,90,NaN,NaN,5298280,2384120,34284,112128,43520,NaN,NaN
2026-04-01 22:11:51.205,52862,ESTAB,prague,224,22.214,0.825,20.017,1448,15,21720,18824,49217318,49195778,37916,NaN,34340,18112,34339,92,NaN,NaN,8102880,7012104,34325,112128,43520,15,149344
2026-04-01 22:11:51.460,52862,ESTAB,prague,224,23.559,0.685,20.017,1448,15,21720,18824,49426974,49406870,37916,NaN,34486,18193,34485,92,NaN,NaN,7640160,6689320,34472,111616,43520,14,163704
2026-04-01 22:11:51.704,52862,ESTAB,prague,224,23.626,0.644,20.017,1448,14,20272,20272,49632322,49612218,37916,NaN,34629,18268,34628,92,NaN,NaN,7110544,6697608,34615,111616,43520,14,182372
2026-04-01 22:11:51.937,52862,ESTAB,prague,224,22.729,0.922,20.017,1448,13,18824,17376,49824746,49806078,37916,NaN,34763,18338,34762,92,NaN,NaN,6863272,6011416,34750,111616,43520,13,101956
2026-04-01 22:11:52.164,52862,ESTAB,prague,224,23.42,0.615,20.017,1448,15,21720,18824,50014298,49992758,37916,NaN,34895,18404,34894,92,NaN,NaN,7685400,6707304,34880,111616,43520,15,136420
2026-04-01 22:11:52.396,52862,ESTAB,prague,224,23.088,0.47,20.017,1448,15,21720,18824,50205286,50183746,37916,NaN,35028,18472,35027,92,NaN,NaN,7796160,6722320,35013,111616,43520,15,73244
2026-04-01 22:11:52.641,52862,ESTAB,prague,224,22.014,0.43,20.017,1448,14,20272,17376,50278530,50278530,37916,NaN,35080,18506,35079,92,NaN,NaN,7631232,7018168,35080,112128,43520,NaN,NaN
2026-04-01 22:11:52.885,52862,ESTAB,prague,224,22.014,0.43,20.017,1448,14,20272,17376,50278530,50278530,37916,NaN,35080,18506,35079,92,NaN,NaN,7631232,7018168,35080,112128,43520,NaN,NaN
2026-04-01 22:11:53.132,52862,ESTAB,prague,224,22.014,0.43,20.017,1448,14,20272,17376,50281413,50278530,38324,NaN,35083,18507,35082,93,NaN,NaN,7631232,7018168,35080,112128,43520,3,NaN
2026-04-01 22:11:53.379,52862,ESTAB,prague,224,23.947,1.677,20.017,1448,13,18824,18824,50473837,50455169,38740,NaN,35217,18577,35216,94,NaN,NaN,6514144,6690704,35204,111616,43520,13,145036
2026-04-01 22:11:53.619,52862,ESTAB,prague,228,24.48,0.875,20.017,1448,13,18824,18824,50674877,50656209,38740,NaN,35357,18651,35356,94,NaN,NaN,6372288,6686416,35344,111616,43520,13,168012
2026-04-01 22:11:53.855,52862,ESTAB,prague,224,23.137,0.905,20.017,1448,15,21720,18824,50871609,50851505,38740,NaN,35494,18720,35493,94,NaN,NaN,7779480,6556008,35480,111616,43520,14,195296
2026-04-01 22:11:54.099,52862,ESTAB,prague,224,23.486,0.744,20.017,1448,12,17376,17376,51071213,51055417,38740,NaN,35633,18799,35632,94,NaN,NaN,6131136,6667320,35622,111616,43520,11,107700
2026-04-01 22:11:54.334,52862,ESTAB,prague,224,23.49,1.143,20.017,1448,14,20272,18824,51266509,51249277,38740,NaN,35769,18869,35768,94,NaN,NaN,7151872,6089440,35757,111616,43520,12,136420
2026-04-01 22:11:54.567,52862,ESTAB,prague,224,23.48,0.719,20.017,1448,15,21720,18824,51430070,51430070,38740,NaN,35883,18933,35882,94,NaN,NaN,7665960,6703144,35883,111616,43520,NaN,NaN
2026-04-01 22:11:54.798,52862,ESTAB,prague,224,23.48,0.719,20.017,1448,15,21720,18824,51430070,51430070,38740,NaN,35883,18933,35882,94,NaN,NaN,7665960,6703144,35883,111616,43520,NaN,NaN
2026-04-01 22:11:55.038,52862,ESTAB,prague,224,23.48,0.719,20.017,1448,15,21720,18824,51430070,51430070,38740,NaN,35883,18933,35882,94,NaN,NaN,7665960,6703144,35883,111616,43520,NaN,NaN
2026-04-01 22:11:55.288,52862,ESTAB,prague,224,23.469,0.746,20.017,1448,13,18824,18824,51524857,51507625,39564,NaN,35950,18969,35949,96,NaN,NaN,6647056,6703976,35938,111616,43520,12,133548
2026-04-01 22:11:55.522,52862,ESTAB,prague,224,23.027,0.468,20.017,1448,15,21720,18824,51720153,51701485,39564,NaN,36086,19039,36085,96,NaN,NaN,7816800,6671432,36073,111616,43520,13,162268
2026-04-01 22:11:55.758,52862,ESTAB,prague,224,23.594,0.986,20.017,1448,14,20272,18824,51914013,51896781,39564,NaN,36221,19109,36220,96,NaN,NaN,7120288,6065648,36209,111616,43520,12,192424
2026-04-01 22:11:55.995,52862,ESTAB,prague,224,23.82,0.972,20.017,1448,13,18824,18824,52112181,52094949,39564,NaN,36359,19182,36358,96,NaN,NaN,6548984,6381552,36347,111616,43520,12,106264
2026-04-01 22:11:56.229,52862,ESTAB,prague,228,24.144,1.252,20.017,1448,13,18824,18824,52306041,52287373,39564,NaN,36494,19251,36493,96,NaN,NaN,6461104,6690976,36481,111616,43520,13,136420
2026-04-01 22:11:56.466,52862,ESTAB,prague,224,23.219,0.53,20.017,1448,15,21720,18824,52504209,52484105,39564,NaN,36632,19322,36631,96,NaN,NaN,7752000,6685464,36618,111616,43520,14,66515
2026-04-01 22:11:56.704,52862,ESTAB,prague,232,29.24,11.314,20.017,1448,13,18824,18824,52570724,52570724,39564,NaN,36679,19354,36678,96,NaN,NaN,5334992,2440200,36679,112128,43520,NaN,NaN
2026-04-01 22:11:56.939,52862,ESTAB,prague,232,29.24,11.314,20.017,1448,13,18824,18824,52570724,52570724,39564,NaN,36679,19354,36678,96,NaN,NaN,5334992,2440200,36679,112128,43520,NaN,NaN
2026-04-01 22:11:57.172,52862,ESTAB,prague,232,29.24,11.314,20.017,1448,13,18824,18824,52570724,52570724,39564,NaN,36679,19354,36678,96,NaN,NaN,5334992,2440200,36679,112128,43520,NaN,NaN
2026-04-01 22:11:57.412,52862,ESTAB,prague,224,23.037,1.274,20.017,1448,13,18824,17376,52741619,52724387,40388,NaN,36799,19419,36798,98,NaN,NaN,6771440,5367304,36787,111616,43520,12,169448
2026-04-01 22:11:57.651,52862,ESTAB,prague,228,24.15,1.108,20.017,1448,13,18824,18824,52941223,52923991,40388,NaN,36938,19491,36937,98,NaN,NaN,6459336,6690424,36926,111616,43520,12,193860
2026-04-01 22:11:57.889,52862,ESTAB,prague,224,23.541,1.381,20.017,1448,14,20272,18824,53140827,53122159,40388,NaN,37077,19562,37076,98,NaN,NaN,7136192,6131344,37064,111616,43520,13,106264
2026-04-01 22:11:58.117,52862,ESTAB,prague,224,22.137,0.461,20.017,1448,15,21720,17376,53331815,53311711,40388,NaN,37210,19629,37209,98,NaN,NaN,8131080,6961232,37196,111616,43520,14,139292
2026-04-01 22:11:58.356,52862,ESTAB,prague,224,23.514,1.092,20.017,1448,13,18824,18824,53527111,53509879,40388,NaN,37346,19707,37345,98,NaN,NaN,6634160,6692632,37334,111616,43520,12,168012
2026-04-01 22:11:58.582,52862,ESTAB,prague,224,22.097,0.635,20.017,1448,14,20272,17376,53715227,53695123,40388,NaN,37477,19775,37476,98,NaN,NaN,7602784,6862896,37463,111616,43520,14,34201
2026-04-01 22:11:58.822,52862,ESTAB,prague,224,23.859,1.504,20.017,1448,14,20272,18824,53749428,53749428,40388,NaN,37501,19795,37500,98,NaN,NaN,7041216,6156656,37501,111616,43520,NaN,NaN
2026-04-01 22:11:59.061,52862,ESTAB,prague,224,23.859,1.504,20.017,1448,14,20272,18824,53749428,53749428,40388,NaN,37501,19795,37500,98,NaN,NaN,7041216,6156656,37501,111616,43520,NaN,NaN
2026-04-01 22:11:59.311,52862,ESTAB,prague,224,23.273,0.962,20.017,1448,14,20272,20272,53815495,53795391,41212,NaN,37548,19813,37547,100,NaN,NaN,7218624,6710912,37534,111616,43520,14,162268
2026-04-01 22:11:59.562,52862,ESTAB,prague,224,23.553,0.694,20.017,1448,13,18824,18824,54020843,54002175,41212,NaN,37691,19895,37690,100,NaN,NaN,6623032,6695120,37678,111616,43520,13,180936
2026-04-01 22:11:59.793,52862,ESTAB,prague,224,23.13,0.509,20.017,1448,15,21720,18824,54214703,54193163,41212,NaN,37826,19964,37825,100,NaN,NaN,7781760,6675552,37811,111616,43520,15,99084
2026-04-01 22:12:00.042,52862,ESTAB,prague,224,23.627,0.639,20.017,1448,15,21720,18824,54418615,54399947,41212,NaN,37968,20040,37967,100,NaN,NaN,7618080,6701208,37955,111616,43520,13,119188
2026-04-01 22:12:00.278,52862,ESTAB,prague,224,23.092,0.421,20.017,1448,15,21720,18824,54616783,54598115,41212,NaN,38106,20111,38105,100,NaN,NaN,7794600,6732920,38093,111616,43520,13,145036
2026-04-01 22:12:00.515,52862,ESTAB,prague,224,23.092,0.899,20.017,1448,14,20272,18824,54813515,54796283,41212,NaN,38243,20183,38242,100,NaN,NaN,7275072,6463080,38231,111616,43520,12,28664
2026-04-01 22:12:00.754,52862,ESTAB,prague,228,24.499,1.133,20.017,1448,13,18824,18824,54842179,54842179,41212,NaN,38263,20199,38262,100,NaN,NaN,6367400,6664032,38263,111616,43520,NaN,NaN
2026-04-01 22:12:00.999,52862,ESTAB,prague,228,24.499,1.133,20.017,1448,13,18824,18824,54842179,54842179,41212,NaN,38263,20199,38262,100,NaN,NaN,6367400,6664032,38263,111616,43520,NaN,NaN
2026-04-01 22:12:01.232,52862,ESTAB,prague,228,24.499,1.133,20.017,1448,13,18824,18824,54842179,54842179,41212,NaN,38263,20199,38262,100,NaN,NaN,6367400,6664032,38263,111616,43520,NaN,NaN
2026-04-01 22:12:01.489,52862,ESTAB,prague,224,23.441,0.36,20.017,1448,15,21720,18824,55030306,55011638,42036,NaN,38395,20267,38394,102,NaN,NaN,7678680,6675832,38382,111616,43520,13,42528
2026-04-01 22:12:01.732,52862,ESTAB,prague,232,28.47,10.461,20.017,1448,14,20272,18824,55118050,55118050,42036,NaN,38457,20309,38456,102,NaN,NaN,5900720,2237296,38457,112128,43520,NaN,NaN
2026-04-01 22:12:01.965,52862,ESTAB,prague,228,24.218,4.149,20.017,1448,14,20272,18824,55139722,55139722,42036,NaN,38473,20317,38472,102,NaN,NaN,6936720,5987072,38473,112128,43520,NaN,NaN
2026-04-01 22:12:02.187,52862,ESTAB,prague,224,22.988,2.315,20.017,1448,14,20272,18824,55153028,55153028,42036,NaN,38483,20322,38482,102,NaN,NaN,7308000,5987072,38483,112128,43520,NaN,NaN
2026-04-01 22:12:02.416,52862,ESTAB,prague,224,22.988,2.315,20.017,1448,14,20272,18824,55153028,55153028,42036,NaN,38483,20322,38482,102,NaN,NaN,7308000,5987072,38483,112128,43520,NaN,NaN
2026-04-01 22:12:02.650,52862,ESTAB,prague,224,22.988,2.315,20.017,1448,14,20272,18824,55153028,55153028,42036,NaN,38483,20322,38482,102,NaN,NaN,7308000,5987072,38483,112128,43520,NaN,NaN
2026-04-01 22:12:02.887,52862,ESTAB,prague,224,22.988,2.315,20.017,1448,14,20272,18824,55153028,55153028,42036,NaN,38483,20322,38482,102,NaN,NaN,7308000,5987072,38483,112128,43520,NaN,NaN
2026-04-01 22:12:03.127,52862,ESTAB,prague,224,22.988,2.315,20.017,1448,14,20272,18824,55153028,55153028,42036,NaN,38483,20322,38482,102,NaN,NaN,7308000,5987072,38483,112128,43520,NaN,NaN
2026-04-01 22:12:03.362,52862,ESTAB,prague,224,23.18,1.054,20.017,1448,14,20272,20272,55217659,55198991,42860,NaN,38529,20346,38528,104,NaN,NaN,7247408,6718696,38516,111616,43520,13,76875
2026-04-01 22:12:03.608,52862,ESTAB,prague,224,23.711,4.145,20.017,1448,15,21720,18824,55318451,55318451,42860,NaN,38600,20396,38599,104,NaN,NaN,7591200,6737288,38600,112128,43520,NaN,NaN
2026-04-01 22:12:03.862,52862,ESTAB,prague,228,24.973,0.518,20.017,1448,14,20272,20272,55407483,55387379,42860,NaN,38662,20420,38661,104,NaN,NaN,6727056,6693736,38648,111616,43520,14,17564
2026-04-01 22:12:04.108,52862,ESTAB,prague,224,23.62,1.227,20.017,1448,14,20272,18824,55512643,55493975,42860,NaN,38736,20459,38735,104,NaN,NaN,7112560,6114416,38723,111616,43520,13,10351
2026-04-01 22:12:04.357,52862,ESTAB,prague,224,23.209,0.58,20.017,1448,15,21720,18824,55522994,55522994,42860,NaN,38744,20470,38743,104,NaN,NaN,7755360,6642784,38744,112128,43520,NaN,NaN
2026-04-01 22:12:04.616,52862,ESTAB,prague,224,23.209,0.58,20.017,1448,15,21720,18824,55522994,55522994,42860,NaN,38744,20470,38743,104,NaN,NaN,7755360,6642784,38744,112128,43520,NaN,NaN
2026-04-01 22:12:04.887,52862,ESTAB,prague,224,23.209,0.58,20.017,1448,15,21720,18824,55522994,55522994,42860,NaN,38744,20470,38743,104,NaN,NaN,7755360,6642784,38744,112128,43520,NaN,NaN
2026-04-01 22:12:05.151,52862,ESTAB,prague,224,23.209,0.58,20.017,1448,15,21720,18824,55522994,55522994,42860,NaN,38744,20470,38743,104,NaN,NaN,7755360,6642784,38744,112128,43520,NaN,NaN
2026-04-01 22:12:05.409,52862,ESTAB,prague,224,23.587,0.793,20.017,1448,14,20272,20272,55601985,55583317,43684,NaN,38800,20499,38799,106,NaN,NaN,7122304,6389408,38787,111616,43520,13,149344
2026-04-01 22:12:05.663,52862,ESTAB,prague,224,23.252,0.451,20.017,1448,15,21720,18824,55811641,55790101,43684,NaN,38946,20578,38945,106,NaN,NaN,7740960,6705920,38931,111616,43520,15,163704
2026-04-01 22:12:05.921,52862,ESTAB,prague,224,23.416,0.629,20.017,1448,15,21720,18824,56027041,56006937,43684,NaN,39096,20655,39095,106,NaN,NaN,7686840,6680776,39082,111616,43520,14,172320
2026-04-01 22:12:06.170,52862,ESTAB,prague,224,23.031,0.47,20.017,1448,15,21720,18824,56233825,56212285,43684,NaN,39240,20729,39239,106,NaN,NaN,7815360,6695400,39225,111616,43520,15,189552
2026-04-01 22:12:06.429,52862,ESTAB,prague,224,22.997,0.485,20.017,1448,15,21720,18824,56442045,56421941,43684,NaN,39385,20804,39384,106,NaN,NaN,7827000,6694848,39371,111616,43520,14,105021
2026-04-01 22:12:06.673,52862,ESTAB,prague,224,23.349,1.618,20.017,1448,13,18824,18824,56547066,56547066,43684,NaN,39459,20849,39458,106,NaN,NaN,6681064,6711744,39459,112128,43520,NaN,NaN
2026-04-01 22:12:06.912,52862,ESTAB,prague,224,23.349,1.618,20.017,1448,13,18824,18824,56547066,56547066,43684,NaN,39459,20849,39458,106,NaN,NaN,6681064,6711744,39459,112128,43520,NaN,NaN
2026-04-01 22:12:07.155,52862,ESTAB,prague,224,23.349,1.618,20.017,1448,13,18824,18824,56547066,56547066,43684,NaN,39459,20849,39458,106,NaN,NaN,6681064,6711744,39459,112128,43520,NaN,NaN
2026-04-01 22:12:07.403,52862,ESTAB,prague,224,22.547,1.17,20.017,1448,14,20272,18824,56588721,56570053,44508,NaN,39489,20859,39488,108,NaN,NaN,7450800,6655872,39476,112128,45568,13,186680
2026-04-01 22:12:07.654,52862,ESTAB,prague,224,23.16,0.409,20.017,1448,15,21720,18824,56798377,56776837,44508,NaN,39635,20939,39634,108,NaN,NaN,7771920,6713136,39620,111616,45568,15,201040
2026-04-01 22:12:07.902,52862,ESTAB,prague,224,22.534,1.003,20.017,1448,14,20272,17376,57000853,56980749,44508,NaN,39776,21018,39775,108,NaN,NaN,7455280,6250352,39762,111616,45568,14,110572
2026-04-01 22:12:08.155,52862,ESTAB,prague,224,23.912,1.115,20.017,1448,14,20272,18824,57209073,57190405,44508,NaN,39921,21094,39920,108,NaN,NaN,7025760,6135336,39908,111616,45568,13,126368
2026-04-01 22:12:08.407,52862,ESTAB,prague,224,23.577,1.064,20.017,1448,14,20272,18824,57423037,57404369,44508,NaN,40070,21171,40069,108,NaN,NaN,7125440,6082064,40057,111616,45568,13,136420
2026-04-01 22:12:08.636,52862,ESTAB,prague,224,23.968,1.207,20.017,1448,13,18824,18824,57612589,57593921,44508,NaN,40202,21238,40201,108,NaN,NaN,6508632,6703976,40189,111616,45568,13,145534
2026-04-01 22:12:08.868,52862,ESTAB,prague,224,23.898,1.076,20.017,1448,14,20272,18824,57758123,57757625,44508,NaN,40304,21297,40303,108,NaN,NaN,7029792,6129592,40303,111616,45568,1,NaN
2026-04-01 22:12:09.107,52862,ESTAB,prague,232,29.369,11.749,20.017,1448,14,20272,18824,57758123,57758123,44508,NaN,40304,21298,40303,108,NaN,NaN,5720288,2054168,40304,112128,45568,NaN,NaN
2026-04-01 22:12:09.341,52862,ESTAB,prague,232,29.369,11.749,20.017,1448,14,20272,18824,57758123,57758123,44508,NaN,40304,21298,40303,108,NaN,NaN,5720288,2054168,40304,112128,45568,NaN,NaN
2026-04-01 22:12:09.583,52862,ESTAB,prague,224,22.846,1.138,20.017,1448,13,18824,17376,57929018,57910350,45332,NaN,40424,21362,40423,110,NaN,NaN,6828120,6057784,40411,111616,51200,13,169448
2026-04-01 22:12:09.817,52862,ESTAB,prague,228,24.252,1.181,20.017,1448,13,18824,18824,58125750,58108518,45332,NaN,40561,21434,40560,110,NaN,NaN,6432296,6658560,40549,111616,51200,12,196732
2026-04-01 22:12:10.048,52862,ESTAB,prague,224,23.123,0.509,20.017,1448,15,21720,18824,58319610,58298070,45332,NaN,40696,21502,40695,110,NaN,NaN,7784160,6689872,40681,111616,51200,15,114880
2026-04-01 22:12:10.283,52862,ESTAB,prague,224,23.069,0.59,20.017,1448,14,20272,18824,58513470,58493366,45332,NaN,40831,21573,40830,110,NaN,NaN,7282240,6596000,40817,111616,51200,14,145036
2026-04-01 22:12:10.522,52862,ESTAB,prague,224,23.401,1.112,20.017,1448,14,20272,18824,58710202,58691534,45332,NaN,40968,21645,40967,110,NaN,NaN,7179088,6072008,40955,111616,51200,13,172320
2026-04-01 22:12:10.761,52862,ESTAB,prague,228,24.28,1.013,20.017,1448,13,18824,18824,58909806,58891138,45332,NaN,41107,21717,41106,110,NaN,NaN,6424912,6383992,41094,111616,51200,13,119216
2026-04-01 22:12:10.989,52862,ESTAB,prague,228,24.523,1.095,20.017,1448,13,18824,18824,59029022,59029022,45332,NaN,41191,21767,41190,110,NaN,NaN,6361264,6335240,41191,112128,51200,NaN,NaN
2026-04-01 22:12:11.230,52862,ESTAB,prague,228,24.523,1.095,20.017,1448,13,18824,18824,59029022,59029022,45332,NaN,41191,21767,41190,110,NaN,NaN,6361264,6335240,41191,112128,51200,NaN,NaN
2026-04-01 22:12:11.472,52862,ESTAB,prague,224,22.161,0.58,20.017,1448,15,21720,18824,59090781,59072113,46156,NaN,41235,21784,41234,112,NaN,NaN,8122080,7097416,41222,112128,56832,13,166576
2026-04-01 22:12:11.710,52862,ESTAB,prague,224,23.13,0.845,20.017,1448,14,20272,18824,59286077,59267409,46156,NaN,41371,21854,41370,112,NaN,NaN,7263088,6558920,41358,111616,56832,13,195296
2026-04-01 22:12:11.953,52862,ESTAB,prague,224,23.286,1.131,20.017,1448,14,20272,18824,59489989,59469885,46156,NaN,41513,21926,41512,112,NaN,NaN,7214368,6035504,41499,111616,56832,14,103392
2026-04-01 22:12:12.188,52862,ESTAB,prague,228,24.586,0.976,20.017,1448,13,18824,18824,59683849,59666617,46156,NaN,41648,21996,41647,112,NaN,NaN,6344936,6702040,41636,111616,56832,12,133548
2026-04-01 22:12:12.433,52862,ESTAB,prague,224,23.873,0.957,20.017,1448,13,18824,18824,59883453,59864785,46156,NaN,41787,22067,41786,112,NaN,NaN,6534424,6697056,41774,111616,56832,13,157960
2026-04-01 22:12:12.681,52862,ESTAB,prague,224,23.785,0.821,20.017,1448,14,20272,18824,60087365,60068697,46156,NaN,41929,22140,41928,112,NaN,NaN,7062944,6064672,41916,111616,56832,13,116824
2026-04-01 22:12:12.917,52862,ESTAB,prague,224,23.589,1.087,20.017,1448,14,20272,18824,60204189,60204189,46156,NaN,42011,22189,42010,112,NaN,NaN,7121744,6091656,42011,112128,56832,NaN,NaN
2026-04-01 22:12:13.155,52862,ESTAB,prague,224,23.589,1.087,20.017,1448,14,20272,18824,60204189,60204189,46156,NaN,42011,22189,42010,112,NaN,NaN,7121744,6091656,42011,112128,56832,NaN,NaN
2026-04-01 22:12:13.394,52862,ESTAB,prague,224,23.589,1.087,20.017,1448,14,20272,18824,60204189,60204189,46156,NaN,42011,22189,42010,112,NaN,NaN,7121744,6091656,42011,112128,56832,NaN,NaN
2026-04-01 22:12:13.634,52862,ESTAB,prague,224,23.211,0.98,20.017,1448,14,20272,18824,60375084,60354980,46980,NaN,42131,22245,42130,114,NaN,NaN,7237776,6464880,42117,111616,62976,14,169448
2026-04-01 22:12:13.873,52862,ESTAB,prague,224,23.906,0.99,20.017,1448,12,17376,17376,60570380,60553148,46980,NaN,42267,22316,42266,114,NaN,NaN,6023520,5897664,42255,111616,62976,12,198168
2026-04-01 22:12:14.100,52862,ESTAB,prague,228,24.259,1.441,20.017,1448,14,20272,20272,60764240,60744136,46980,NaN,42402,22383,42401,114,NaN,NaN,6925184,6695672,42388,111616,62976,14,116316
2026-04-01 22:12:14.332,52862,ESTAB,prague,228,24.198,1.071,20.017,1448,13,18824,18824,60952356,60935124,46980,NaN,42533,22457,42532,114,NaN,NaN,6446544,6700928,42521,111616,62976,12,152216
2026-04-01 22:12:14.571,52862,ESTAB,prague,224,23.492,0.694,20.017,1448,15,21720,18824,61151960,61133292,46980,NaN,42672,22528,42671,114,NaN,NaN,7662000,6681328,42659,111616,62976,13,176628
2026-04-01 22:12:14.805,52862,ESTAB,prague,224,23.038,0.444,20.017,1448,15,21720,18824,61347256,61328588,46980,NaN,42808,22598,42807,114,NaN,NaN,7812960,6684912,42795,111616,62976,13,51446
2026-04-01 22:12:15.039,52862,ESTAB,prague,224,23.226,0.383,20.017,1448,15,21720,18824,61398702,61398702,46980,NaN,42844,22624,42843,114,NaN,NaN,7749600,6700096,42844,111616,62976,NaN,NaN
2026-04-01 22:12:15.273,52862,ESTAB,prague,224,23.226,0.383,20.017,1448,15,21720,18824,61398702,61398702,46980,NaN,42844,22624,42843,114,NaN,NaN,7749600,6700096,42844,111616,62976,NaN,NaN
2026-04-01 22:12:15.502,52862,ESTAB,prague,224,22.941,1.532,20.017,1448,15,21720,18824,61430305,61410201,47804,NaN,42867,22630,42866,116,NaN,NaN,7845960,6700096,42853,112128,68608,14,196732
2026-04-01 22:12:15.737,52862,ESTAB,prague,224,23.146,0.732,20.017,1448,14,20272,18824,61624165,61604061,47804,NaN,43002,22705,43001,116,NaN,NaN,7258160,6456176,42988,111616,68608,14,114880
2026-04-01 22:12:15.971,52862,ESTAB,prague,224,23.58,1.04,20.017,1448,14,20272,18824,61818025,61800793,47804,NaN,43137,22777,43136,116,NaN,NaN,7124544,6041072,43125,111616,68608,12,145036
2026-04-01 22:12:16.203,52862,ESTAB,prague,228,24.249,1.171,20.017,1448,13,18824,18824,62007577,61988909,47804,NaN,43269,22844,43268,116,NaN,NaN,6433128,6699272,43256,111616,68608,13,179500
2026-04-01 22:12:16.448,52862,ESTAB,prague,224,23.348,0.489,20.017,1448,14,20272,20272,62212925,62192821,47804,NaN,43412,22917,43411,116,NaN,NaN,7195328,6793600,43398,111616,68608,14,198168
2026-04-01 22:12:16.691,52862,ESTAB,prague,224,23.103,0.428,20.017,1448,15,21720,18824,62415401,62393861,47804,NaN,43553,22989,43552,116,NaN,NaN,7791000,6692632,43538,111616,68608,15,107700
2026-04-01 22:12:16.934,52862,ESTAB,prague,228,24.226,1.081,20.017,1448,13,18824,18824,62571992,62571992,47804,NaN,43663,23053,43662,116,NaN,NaN,6439160,6209976,43663,112128,68608,NaN,NaN
2026-04-01 22:12:17.169,52862,ESTAB,prague,228,24.226,1.081,20.017,1448,13,18824,18824,62571992,62571992,47804,NaN,43663,23053,43662,116,NaN,NaN,6439160,6209976,43663,112128,68608,NaN,NaN
2026-04-01 22:12:17.404,52862,ESTAB,prague,228,24.226,1.081,20.017,1448,13,18824,18824,62571992,62571992,47804,NaN,43663,23053,43662,116,NaN,NaN,6439160,6209976,43663,112128,68608,NaN,NaN
2026-04-01 22:12:17.639,52862,ESTAB,prague,224,23.155,0.586,20.017,1448,15,21720,18824,62695499,62676831,48628,NaN,43750,23092,43749,118,NaN,NaN,7773600,6700928,43737,111616,74240,13,104828
2026-04-01 22:12:17.878,52862,ESTAB,prague,228,24.201,1.096,20.017,1448,13,18824,18824,62892231,62874999,48628,NaN,43887,23162,43886,118,NaN,NaN,6445712,6698160,43875,111616,74240,12,132112
2026-04-01 22:12:18.115,52862,ESTAB,prague,224,23.565,0.663,20.017,1448,14,20272,20272,63090399,63070295,48628,NaN,44025,23232,44024,118,NaN,NaN,7129136,6698160,44011,111616,74240,14,157960
2026-04-01 22:12:18.349,52862,ESTAB,prague,224,23.01,0.537,20.017,1448,15,21720,18824,63285695,63265591,48628,NaN,44161,23302,44160,118,NaN,NaN,7822320,6706192,44147,111616,74240,14,186680
2026-04-01 22:12:18.581,52862,ESTAB,prague,224,23.406,1.112,20.017,1448,14,20272,18824,63476683,63459451,48628,NaN,44294,23371,44293,118,NaN,NaN,7177296,6032360,44282,111616,74240,12,107700
2026-04-01 22:12:18.810,52862,ESTAB,prague,228,24.235,1.146,20.017,1448,13,18824,18824,63667671,63649003,48628,NaN,44427,23442,44426,118,NaN,NaN,6436768,6708968,44414,111616,74240,13,76265
2026-04-01 22:12:19.055,52862,ESTAB,prague,232,28.35,10.94,20.017,1448,14,20272,18824,63743936,63743936,48628,NaN,44481,23477,44480,118,NaN,NaN,5925808,2301184,44481,112128,74240,NaN,NaN
2026-04-01 22:12:19.286,52862,ESTAB,prague,232,28.35,10.94,20.017,1448,14,20272,18824,63743936,63743936,48628,NaN,44481,23477,44480,118,NaN,NaN,5925808,2301184,44481,112128,74240,NaN,NaN
2026-04-01 22:12:19.516,52862,ESTAB,prague,232,28.35,10.94,20.017,1448,14,20272,18824,63746819,63743936,49036,NaN,44484,23478,44483,119,NaN,NaN,5925808,2301184,44481,112128,77312,3,NaN
2026-04-01 22:12:19.747,52862,ESTAB,prague,224,23.245,0.603,20.017,1448,15,21720,18824,63934935,63914831,49452,NaN,44615,23548,44614,120,NaN,NaN,7743480,6709248,44601,111616,80384,14,149344
2026-04-01 22:12:19.984,52862,ESTAB,prague,224,23.056,0.659,20.017,1448,15,21720,18824,64130231,64108691,49452,NaN,44751,23620,44750,120,NaN,NaN,7806720,6600568,44736,111616,80384,15,178064
2026-04-01 22:12:20.221,52862,ESTAB,prague,224,23.698,0.971,20.017,1448,12,17376,17376,64325527,64309731,49452,NaN,44887,23692,44886,120,NaN,NaN,6076416,6163064,44876,111616,80384,11,206784
2026-04-01 22:12:20.454,52862,ESTAB,prague,224,23.121,0.442,20.017,1448,15,21720,18824,64520823,64502155,49452,NaN,45023,23760,45022,120,NaN,NaN,7785000,6706192,45010,111616,80384,13,123496
2026-04-01 22:12:20.685,52862,ESTAB,prague,224,23.341,1.636,20.017,1448,13,18824,18824,64710375,64691707,49452,NaN,45155,23828,45154,120,NaN,NaN,6683456,6683808,45142,111616,80384,13,157960
2026-04-01 22:12:20.916,52862,ESTAB,prague,224,23.517,0.538,20.017,1448,14,20272,20272,64904235,64884131,49452,NaN,45290,23899,45289,120,NaN,NaN,7143584,6673320,45276,111616,80384,14,22351
2026-04-01 22:12:21.148,52862,ESTAB,prague,232,28.636,11.539,20.017,1448,14,20272,18824,64926586,64926586,49452,NaN,45306,23915,45305,120,NaN,NaN,5866560,2202696,45306,112128,80384,NaN,NaN
2026-04-01 22:12:21.385,52862,ESTAB,prague,232,28.636,11.539,20.017,1448,14,20272,18824,64926586,64926586,49452,NaN,45306,23915,45305,120,NaN,NaN,5866560,2202696,45306,112128,80384,NaN,NaN
2026-04-01 22:12:21.622,52862,ESTAB,prague,224,22.418,1.294,20.017,1448,15,21720,18824,64989781,64969677,50276,NaN,45351,23934,45350,122,NaN,NaN,8028960,6996376,45337,112128,86016,14,165140
2026-04-01 22:12:21.876,52862,ESTAB,prague,224,23.537,0.671,20.017,1448,15,21720,18824,65195129,65173589,50276,NaN,45494,24014,45493,122,NaN,NaN,7647480,6708688,45479,111616,86016,15,183808
2026-04-01 22:12:22.130,52862,ESTAB,prague,224,23.391,0.591,20.017,1448,14,20272,20272,65404785,65384681,50276,NaN,45640,24090,45639,122,NaN,NaN,7182112,6684104,45626,111616,86016,14,198168
2026-04-01 22:12:22.385,52862,ESTAB,prague,224,23.268,0.808,20.017,1448,14,20272,18824,65618749,65598645,50276,NaN,45789,24169,45788,122,NaN,NaN,7219968,6195200,45775,111616,86016,14,96212
2026-04-01 22:12:22.618,52862,ESTAB,prague,224,23.85,0.901,20.017,1448,13,18824,18824,65811688,65796813,50276,NaN,45924,24240,45923,122,NaN,NaN,6540872,6679680,45913,111616,86016,11,NaN
2026-04-01 22:12:22.851,52862,ESTAB,prague,232,29.977,11.588,20.017,1448,13,18824,18824,65811688,65811688,50276,NaN,45924,24246,45923,122,NaN,NaN,5203952,2478352,45924,112128,86016,NaN,NaN
2026-04-01 22:12:23.084,52862,ESTAB,prague,232,29.977,11.588,20.017,1448,13,18824,18824,65811688,65811688,50276,NaN,45924,24246,45923,122,NaN,NaN,5203952,2478352,45924,112128,86016,NaN,NaN
2026-04-01 22:12:23.317,52862,ESTAB,prague,232,29.977,11.588,20.017,1448,13,18824,18824,65811688,65811688,50276,NaN,45924,24246,45923,122,NaN,NaN,5203952,2478352,45924,112128,86016,NaN,NaN
2026-04-01 22:12:23.554,52862,ESTAB,prague,232,29.977,11.588,20.017,1448,13,18824,18824,65811688,65811688,50276,NaN,45924,24246,45923,122,NaN,NaN,5203952,2478352,45924,112128,86016,NaN,NaN
2026-04-01 22:12:23.793,52862,ESTAB,prague,224,23.068,1.275,20.017,1448,13,18824,17376,65981147,65963915,51100,NaN,46043,24310,46042,124,NaN,NaN,6762392,5346872,46031,111616,91648,12,170884
2026-04-01 22:12:24.033,52862,ESTAB,prague,224,23.889,1.111,20.017,1448,13,18824,18824,66183623,66164955,51100,NaN,46184,24384,46183,124,NaN,NaN,6530056,6722112,46171,111616,91648,13,192424
2026-04-01 22:12:24.277,52862,ESTAB,prague,224,23.978,1.041,20.017,1448,13,18824,18824,66381791,66363123,51100,NaN,46322,24457,46321,124,NaN,NaN,6505720,6706752,46309,111616,91648,13,106264
2026-04-01 22:12:24.518,52862,ESTAB,prague,224,23.306,1.033,20.017,1448,14,20272,18824,66585703,66567035,51100,NaN,46464,24529,46463,124,NaN,NaN,7208208,5980856,46451,111616,91648,13,36607
2026-04-01 22:12:24.764,52862,ESTAB,prague,232,28.663,10.057,20.017,1448,14,20272,18824,66622310,66622310,51100,NaN,46490,24550,46489,124,NaN,NaN,5861184,2279304,46490,112128,91648,NaN,NaN
2026-04-01 22:12:25.012,52862,ESTAB,prague,232,28.663,10.057,20.017,1448,14,20272,18824,66622310,66622310,51100,NaN,46490,24550,46489,124,NaN,NaN,5861184,2279304,46490,112128,91648,NaN,NaN
2026-04-01 22:12:25.253,52862,ESTAB,prague,232,28.663,10.057,20.017,1448,14,20272,18824,66622310,66622310,51100,NaN,46490,24550,46489,124,NaN,NaN,5861184,2279304,46490,112128,91648,NaN,NaN
2026-04-01 22:12:25.500,52862,ESTAB,prague,232,28.663,10.057,20.017,1448,14,20272,18824,66622310,66622310,51100,NaN,46490,24550,46489,124,NaN,NaN,5861184,2279304,46490,112128,91648,NaN,NaN
2026-04-01 22:12:25.745,52862,ESTAB,prague,228,24.355,1.318,20.017,1448,14,20272,20272,66730021,66709917,51924,NaN,46566,24585,46565,126,NaN,NaN,6897856,6711192,46552,111616,97280,14,120624
2026-04-01 22:12:25.987,52862,ESTAB,prague,224,23.937,0.973,20.017,1448,14,20272,18824,66931061,66913829,51924,NaN,46706,24664,46705,126,NaN,NaN,7018368,6101040,46694,111616,97280,12,143600
2026-04-01 22:12:26.232,52862,ESTAB,prague,228,24.514,1.021,20.017,1448,13,18824,18824,67132101,67114869,51924,NaN,46846,24736,46845,126,NaN,NaN,6363448,6713968,46834,111616,97280,12,166576
2026-04-01 22:12:26.476,52862,ESTAB,prague,228,24.379,1.156,20.017,1448,13,18824,18824,67337449,67320217,51924,NaN,46989,24810,46988,126,NaN,NaN,6398808,6694016,46977,111616,97280,12,185244
2026-04-01 22:12:26.710,52862,ESTAB,prague,224,23.144,0.521,20.017,1448,15,21720,18824,67532745,67512641,51924,NaN,47125,24879,47124,126,NaN,NaN,7777320,6700928,47111,111616,97280,14,101956
2026-04-01 22:12:26.942,52862,ESTAB,prague,224,23.166,0.905,20.017,1448,14,20272,18824,67726605,67706501,51924,NaN,47260,24948,47259,126,NaN,NaN,7251776,6436448,47246,111616,97280,14,488
2026-04-01 22:12:27.168,52862,ESTAB,prague,232,28.264,10.444,20.017,1448,15,21720,18824,67727093,67727093,51924,NaN,47261,24956,47260,126,NaN,NaN,6368280,2379616,47261,112128,97280,NaN,NaN
2026-04-01 22:12:27.407,52862,ESTAB,prague,232,28.264,10.444,20.017,1448,15,21720,18824,67727093,67727093,51924,NaN,47261,24956,47260,126,NaN,NaN,6368280,2379616,47261,112128,97280,NaN,NaN
2026-04-01 22:12:27.666,52862,ESTAB,prague,228,25.592,8.421,20.017,1448,15,21720,18824,67741464,67729976,52748,NaN,47272,24961,47271,128,NaN,NaN,7033320,2379616,47264,112128,103424,8,213964
2026-04-01 22:12:27.899,52862,ESTAB,prague,224,23.262,1.039,20.017,1448,14,20272,18824,67939632,67920964,52748,NaN,47410,25038,47409,128,NaN,NaN,7221872,6046656,47397,111616,103424,13,127804
2026-04-01 22:12:28.134,52862,ESTAB,prague,228,24.531,1.031,20.017,1448,13,18824,18824,68129184,68111952,52748,NaN,47542,25106,47541,128,NaN,NaN,6359288,6704528,47530,111616,103424,12,162268
2026-04-01 22:12:28.375,52862,ESTAB,prague,228,24.168,1.204,20.017,1448,13,18824,18824,68331660,68314428,52748,NaN,47683,25178,47682,128,NaN,NaN,6454760,6700656,47671,111616,103424,12,169701
2026-04-01 22:12:28.608,52862,ESTAB,prague,224,23.008,0.539,20.017,1448,15,21720,18824,68501361,68501361,52748,NaN,47802,25246,47801,128,NaN,NaN,7823280,6703976,47802,112128,103424,NaN,NaN
2026-04-01 22:12:28.846,52862,ESTAB,prague,224,23.008,0.539,20.017,1448,15,21720,18824,68501361,68501361,52748,NaN,47802,25246,47801,128,NaN,NaN,7823280,6703976,47802,112128,103424,NaN,NaN
2026-04-01 22:12:29.081,52862,ESTAB,prague,224,23.008,0.539,20.017,1448,15,21720,18824,68501361,68501361,52748,NaN,47802,25246,47801,128,NaN,NaN,7823280,6703976,47802,112128,103424,NaN,NaN
2026-04-01 22:12:29.322,52862,ESTAB,prague,224,23.008,0.539,20.017,1448,15,21720,18824,68501361,68501361,52748,NaN,47802,25246,47801,128,NaN,NaN,7823280,6703976,47802,112128,103424,NaN,NaN
2026-04-01 22:12:29.564,52862,ESTAB,prague,224,23.008,0.539,20.017,1448,15,21720,18824,68501361,68501361,52748,NaN,47802,25246,47801,128,NaN,NaN,7823280,6703976,47802,112128,103424,NaN,NaN
2026-04-01 22:12:29.804,52862,ESTAB,prague,224,23.988,1.018,20.017,1448,12,17376,17376,68606200,68588968,53572,NaN,47876,25287,47875,130,NaN,NaN,6002688,6691528,47864,111616,109056,12,123496
2026-04-01 22:12:30.038,52862,ESTAB,prague,224,22.991,0.577,20.017,1448,15,21720,18824,68802932,68782828,53572,NaN,48013,25356,48012,130,NaN,NaN,7828800,6711464,47999,111616,109056,14,150780
2026-04-01 22:12:30.275,52862,ESTAB,prague,224,23.305,1.032,20.017,1448,14,20272,18824,68998228,68980996,53572,NaN,48149,25427,48148,130,NaN,NaN,7208656,5979192,48137,111616,109056,12,179500
2026-04-01 22:12:30.516,52862,ESTAB,prague,228,24.291,1.062,20.017,1448,13,18824,18824,69196396,69177728,53572,NaN,48287,25497,48286,130,NaN,NaN,6421896,6392120,48274,111616,109056,13,205348
2026-04-01 22:12:30.769,52862,ESTAB,prague,228,24.37,0.963,20.017,1448,13,18824,18824,69404616,69385948,53572,NaN,48432,25572,48431,130,NaN,NaN,6401096,6395104,48419,111616,109056,13,109136
2026-04-01 22:12:31.019,52862,ESTAB,prague,228,24.392,1.153,20.017,1448,13,18824,18824,69614272,69595604,53572,NaN,48578,25647,48577,130,NaN,NaN,6395376,6692336,48565,111616,109056,13,84743
2026-04-01 22:12:31.271,52862,ESTAB,prague,232,28.136,10.699,20.017,1448,15,21720,18824,69699015,69699015,53572,NaN,48638,25685,48637,130,NaN,NaN,6397320,2316800,48638,112128,109056,NaN,NaN
2026-04-01 22:12:31.508,52862,ESTAB,prague,232,28.136,10.699,20.017,1448,15,21720,18824,69699015,69699015,53572,NaN,48638,25685,48637,130,NaN,NaN,6397320,2316800,48638,112128,109056,NaN,NaN
2026-04-01 22:12:31.741,52862,ESTAB,prague,224,23.685,4.044,20.017,1448,15,21720,18824,69733490,69716258,54396,NaN,48663,25695,48662,132,NaN,NaN,7599600,3398960,48651,112128,114688,12,193860
2026-04-01 22:12:31.965,52862,ESTAB,prague,224,23.512,0.538,20.017,1448,15,21720,18824,69923042,69902938,54396,NaN,48795,25770,48794,132,NaN,NaN,7655400,6702592,48781,111616,114688,14,116316
2026-04-01 22:12:32.189,52862,ESTAB,prague,224,23.223,0.937,20.017,1448,14,20272,18824,70106850,70086746,54396,NaN,48923,25836,48922,132,NaN,NaN,7233968,6445400,48909,111616,114688,14,156524
2026-04-01 22:12:32.419,52862,ESTAB,prague,224,23.706,1.099,20.017,1448,14,20272,18824,70297838,70279170,54396,NaN,49056,25905,49055,132,NaN,NaN,7086688,6137336,49043,111616,114688,13,189552
2026-04-01 22:12:32.649,52862,ESTAB,prague,228,24.201,1.146,20.017,1448,13,18824,18824,70488826,70471594,54396,NaN,49189,25974,49188,132,NaN,NaN,6445920,6709912,49177,111616,114688,12,110572
2026-04-01 22:12:32.881,52862,ESTAB,prague,224,23.187,0.483,20.017,1448,15,21720,18824,70682686,70662582,54396,NaN,49324,26044,49323,132,NaN,NaN,7762560,6691256,49310,111616,114688,14,140728
2026-04-01 22:12:33.114,52862,ESTAB,prague,224,23.217,0.984,20.017,1448,14,20272,18824,70872238,70853570,54396,NaN,49456,26112,49455,132,NaN,NaN,7235760,6429600,49443,111616,114688,13,74294
2026-04-01 22:12:33.363,52862,ESTAB,prague,224,23.374,0.602,20.017,1448,15,21720,18824,70946532,70946532,54396,NaN,49508,26145,49507,132,NaN,NaN,7700640,6676376,49508,111616,114688,NaN,NaN
2026-04-01 22:12:33.600,52862,ESTAB,prague,224,23.374,0.602,20.017,1448,15,21720,18824,70946532,70946532,54396,NaN,49508,26145,49507,132,NaN,NaN,7700640,6676376,49508,111616,114688,NaN,NaN
2026-04-01 22:12:33.834,52862,ESTAB,prague,224,23.529,0.688,20.017,1448,15,21720,20272,71032703,71012599,55220,NaN,49569,26174,49568,134,NaN,NaN,7650120,6622672,49555,111616,120832,14,142164
2026-04-01 22:12:34.067,52862,ESTAB,prague,224,23.306,1.036,20.017,1448,14,20272,18824,71223691,71203587,55220,NaN,49702,26247,49701,134,NaN,NaN,7208320,5990608,49688,111616,120832,14,175192
2026-04-01 22:12:34.310,52862,ESTAB,prague,224,23.851,1.15,20.017,1448,13,18824,18824,71423295,71404627,55220,NaN,49841,26319,49840,134,NaN,NaN,6540456,6135088,49828,111616,120832,13,199604
2026-04-01 22:12:34.549,52862,ESTAB,prague,228,24.546,1.02,20.017,1448,13,18824,18824,71622899,71605667,55220,NaN,49980,26391,49979,134,NaN,NaN,6355128,6698712,49968,111616,120832,12,112008
2026-04-01 22:12:34.781,52862,ESTAB,prague,228,24.372,1.083,20.017,1448,13,18824,18824,71816759,71798091,55220,NaN,50115,26464,50114,134,NaN,NaN,6400472,6683256,50102,111616,120832,13,142164
2026-04-01 22:12:35.008,52862,ESTAB,prague,224,23.27,0.528,20.017,1448,15,21720,18824,72006311,71986207,55220,NaN,50247,26531,50246,134,NaN,NaN,7734960,6692632,50233,111616,120832,14,97466
2026-04-01 22:12:35.239,52862,ESTAB,prague,232,28.34,10.881,20.017,1448,14,20272,18824,72103777,72103777,55220,NaN,50315,26574,50314,134,NaN,NaN,5927824,2294384,50315,112128,120832,NaN,NaN
2026-04-01 22:12:35.468,52862,ESTAB,prague,232,28.34,10.881,20.017,1448,14,20272,18824,72103777,72103777,55220,NaN,50315,26574,50314,134,NaN,NaN,5927824,2294384,50315,112128,120832,NaN,NaN
2026-04-01 22:12:35.703,52862,ESTAB,prague,232,28.34,10.881,20.017,1448,14,20272,18824,72103777,72103777,55220,NaN,50315,26574,50314,134,NaN,NaN,5927824,2294384,50315,112128,120832,NaN,NaN
2026-04-01 22:12:35.936,52862,ESTAB,prague,224,23.742,1.27,20.017,1448,13,18824,18824,72248824,72231592,56044,NaN,50417,26630,50416,136,NaN,NaN,6570408,6155152,50405,111616,126464,12,195296
2026-04-01 22:12:36.166,52862,ESTAB,prague,224,23.407,0.692,20.017,1448,15,21720,18824,72438376,72418272,56044,NaN,50549,26698,50548,136,NaN,NaN,7689720,6681880,50535,111616,126464,14,117752
2026-04-01 22:12:36.411,52862,ESTAB,prague,224,23.42,0.631,20.017,1448,15,21720,18824,72643724,72623620,56044,NaN,50692,26773,50691,136,NaN,NaN,7685400,6687392,50678,111616,126464,14,136420
2026-04-01 22:12:36.641,52862,ESTAB,prague,224,23.113,0.921,20.017,1448,14,20272,18824,72833276,72813172,56044,NaN,50824,26842,50823,136,NaN,NaN,7268576,6465184,50810,111616,126464,14,170884
2026-04-01 22:12:36.877,52862,ESTAB,prague,224,23.877,1.107,20.017,1448,14,20272,18824,73028572,73009904,56044,NaN,50960,26912,50959,136,NaN,NaN,7035952,6131592,50947,111616,126464,13,199604
2026-04-01 22:12:37.103,52862,ESTAB,prague,224,23.696,0.975,20.017,1448,13,18824,18824,73216688,73198020,56044,NaN,51091,26979,51090,136,NaN,NaN,6583096,6695952,51078,111616,126464,13,123496
2026-04-01 22:12:37.336,52862,ESTAB,prague,224,23.135,0.909,20.017,1448,14,20272,18824,73379640,73378956,56044,NaN,51205,27045,51204,136,NaN,NaN,7261520,6454976,51204,111616,126464,1,NaN
2026-04-01 22:12:37.569,52862,ESTAB,prague,232,28.671,11.754,20.017,1448,14,20272,18824,73379640,73379640,56044,NaN,51205,27046,51204,136,NaN,NaN,5859392,2173920,51205,112128,126464,NaN,NaN
2026-04-01 22:12:37.803,52862,ESTAB,prague,228,25.855,9.189,20.017,1448,14,20272,18824,73389703,73382523,56868,NaN,51213,27051,51212,138,NaN,NaN,6497680,2173920,51208,112128,132096,5,218272
2026-04-01 22:12:38.038,52862,ESTAB,prague,224,22.114,0.549,20.017,1448,14,20272,15928,73583563,73564895,56868,NaN,51348,27122,51347,138,NaN,NaN,7596736,6745336,51335,111616,132096,13,136420
2026-04-01 22:12:38.276,52862,ESTAB,prague,224,23.512,0.873,20.017,1448,14,20272,18824,73781731,73761627,56868,NaN,51486,27196,51485,138,NaN,NaN,7144928,6090920,51472,111616,132096,14,162268
2026-04-01 22:12:38.514,52862,ESTAB,prague,224,23.476,0.518,20.017,1448,14,20272,20272,73978463,73958359,56868,NaN,51623,27267,51622,138,NaN,NaN,7156128,6724192,51609,111616,132096,14,189552
2026-04-01 22:12:38.751,52862,ESTAB,prague,224,23.426,0.662,20.017,1448,15,21720,18824,74176631,74156527,56868,NaN,51761,27338,51760,138,NaN,NaN,7683480,6687944,51747,111616,132096,14,103392
2026-04-01 22:12:38.989,52862,ESTAB,prague,224,22.984,0.469,20.017,1448,15,21720,18824,74374799,74356131,56868,NaN,51899,27410,51898,138,NaN,NaN,7834200,6696776,51886,111616,132096,13,128243
2026-04-01 22:12:39.218,52862,ESTAB,prague,232,29.182,11.329,20.017,1448,14,20272,18824,74503042,74503042,56868,NaN,51989,27463,51988,138,NaN,NaN,5756800,2140224,51989,112128,132096,NaN,NaN
2026-04-01 22:12:39.451,52862,ESTAB,prague,232,29.182,11.329,20.017,1448,14,20272,18824,74503042,74503042,56868,NaN,51989,27463,51988,138,NaN,NaN,5756800,2140224,51989,112128,132096,NaN,NaN
2026-04-01 22:12:39.684,52862,ESTAB,prague,232,29.182,11.329,20.017,1448,14,20272,18824,74503042,74503042,56868,NaN,51989,27463,51988,138,NaN,NaN,5756800,2140224,51989,112128,132096,NaN,NaN
2026-04-01 22:12:39.911,52862,ESTAB,prague,224,22.457,0.662,20.017,1448,15,21720,18824,74587777,74569109,57692,NaN,52049,27490,52048,140,NaN,NaN,8015040,6898752,52036,112128,138240,13,143600
2026-04-01 22:12:40.137,52862,ESTAB,prague,224,23.21,0.456,20.017,1448,15,21720,18824,74773021,74754353,57692,NaN,52178,27563,52177,140,NaN,NaN,7755000,6704528,52165,111616,138240,13,182372
2026-04-01 22:12:40.378,52862,ESTAB,prague,224,23.017,0.7,20.017,1448,15,21720,18824,74972625,74952521,57692,NaN,52317,27634,52316,140,NaN,NaN,7820040,6634048,52303,111616,138240,14,94776
2026-04-01 22:12:40.619,52862,ESTAB,prague,224,23.204,0.945,20.017,1448,14,20272,18824,75172229,75153561,57692,NaN,52456,27706,52455,140,NaN,NaN,7239904,6462176,52443,111616,138240,13,119188
2026-04-01 22:12:40.860,52862,ESTAB,prague,224,23.724,1.113,20.017,1448,14,20272,18824,75370397,75353165,57692,NaN,52594,27777,52593,140,NaN,NaN,7081200,6111440,52582,111616,138240,12,145036
2026-04-01 22:12:41.100,52862,ESTAB,prague,224,23.177,0.462,20.017,1448,15,21720,18824,75572873,75551333,57692,NaN,52735,27847,52734,140,NaN,NaN,7766040,6710360,52720,111616,138240,15,165360
2026-04-01 22:12:41.334,52862,ESTAB,prague,224,23.334,1.062,20.017,1448,14,20272,18824,75738233,75738013,57692,NaN,52851,27915,52850,140,NaN,NaN,7199696,6000632,52850,111616,138240,1,NaN
2026-04-01 22:12:41.565,52862,ESTAB,prague,232,28.114,10.358,20.017,1448,14,20272,18824,75738233,75738233,57692,NaN,52851,27916,52850,140,NaN,NaN,5975424,2383424,52851,112128,138240,NaN,NaN
2026-04-01 22:12:41.792,52862,ESTAB,prague,232,28.114,10.358,20.017,1448,14,20272,18824,75738233,75738233,57692,NaN,52851,27916,52850,140,NaN,NaN,5975424,2383424,52851,112128,138240,NaN,NaN
2026-04-01 22:12:42.023,52862,ESTAB,prague,224,23.439,1.16,20.017,1448,13,18824,18824,75889024,75870356,58516,NaN,52957,27974,52956,142,NaN,NaN,6655376,6105240,52944,111616,143872,13,189552
2026-04-01 22:12:42.262,52862,ESTAB,prague,228,24.41,1.14,20.017,1448,13,18824,18824,76085756,76068524,58516,NaN,53094,28045,53093,142,NaN,NaN,6390592,6719528,53082,111616,143872,12,104828
2026-04-01 22:12:42.499,52862,ESTAB,prague,224,23.38,0.583,20.017,1448,14,20272,20272,76285360,76265256,58516,NaN,53233,28116,53232,142,NaN,NaN,7185472,6700336,53219,111616,143872,14,129240
2026-04-01 22:12:42.732,52862,ESTAB,prague,224,22.989,0.606,20.017,1448,15,21720,18824,76479220,76460552,58516,NaN,53368,28186,53367,142,NaN,NaN,7829760,6654192,53355,111616,143872,13,159396
2026-04-01 22:12:42.958,52862,ESTAB,prague,224,23.869,1.1,20.017,1448,14,20272,18824,76664464,76647232,58516,NaN,53497,28254,53496,142,NaN,NaN,7038080,6114168,53485,111616,143872,12,198168
2026-04-01 22:12:43.187,52862,ESTAB,prague,228,24.085,1.114,20.017,1448,13,18824,18824,76855452,76836784,58516,NaN,53630,28323,53629,142,NaN,NaN,6476808,6681528,53617,111616,143872,13,49496
2026-04-01 22:12:43.419,52862,ESTAB,prague,232,29.272,11.501,20.017,1448,13,18824,18824,76904948,76904948,58516,NaN,53665,28348,53664,142,NaN,NaN,5329168,2513120,53665,112128,143872,NaN,NaN
2026-04-01 22:12:43.657,52862,ESTAB,prague,232,29.272,11.501,20.017,1448,13,18824,18824,76904948,76904948,58516,NaN,53665,28348,53664,142,NaN,NaN,5329168,2513120,53665,112128,143872,NaN,NaN
2026-04-01 22:12:43.892,52862,ESTAB,prague,228,26.271,9.362,20.017,1448,13,18824,18824,76912139,76907831,59340,NaN,53671,28353,53670,144,NaN,NaN,5937984,2513120,53668,112128,149504,3,221144
2026-04-01 22:12:44.120,52862,ESTAB,prague,224,22.826,0.932,20.017,1448,13,18824,18824,77104563,77085895,59340,NaN,53805,28417,53804,144,NaN,NaN,6834256,6692680,53792,111616,149504,13,140728
2026-04-01 22:12:44.349,52862,ESTAB,prague,224,22.821,0.976,20.017,1448,13,18824,17376,77286935,77269703,59340,NaN,53932,28483,53931,144,NaN,NaN,6835712,5971128,53920,111616,149504,12,182372
2026-04-01 22:12:44.584,52862,ESTAB,prague,224,23.851,1.746,20.017,1448,13,18824,18824,77486539,77467871,59340,NaN,54071,28559,54070,144,NaN,NaN,6540456,6682704,54058,111616,149504,13,206784
2026-04-01 22:12:44.815,52862,ESTAB,prague,224,23.309,0.664,20.017,1448,15,21720,18824,77678963,77658859,59340,NaN,54205,28628,54204,144,NaN,NaN,7722120,6615376,54191,111616,149504,14,126368
2026-04-01 22:12:45.047,52862,ESTAB,prague,224,23.017,0.856,20.017,1448,15,21720,18824,77871387,77852719,59340,NaN,54339,28697,54338,144,NaN,NaN,7820040,6519112,54326,111616,149504,13,157960
2026-04-01 22:12:45.280,52862,ESTAB,prague,224,23.735,1.054,20.017,1448,14,20272,18824,78063811,78045143,59340,NaN,54473,28766,54472,144,NaN,NaN,7078064,6089440,54460,111616,149504,13,60595
2026-04-01 22:12:45.508,52862,ESTAB,prague,232,28.174,10.311,20.017,1448,14,20272,18824,78124406,78124406,59340,NaN,54516,28795,54515,144,NaN,NaN,5962880,2267296,54516,112128,149504,NaN,NaN
2026-04-01 22:12:45.738,52862,ESTAB,prague,232,28.174,10.311,20.017,1448,14,20272,18824,78124406,78124406,59340,NaN,54516,28795,54515,144,NaN,NaN,5962880,2267296,54516,112128,149504,NaN,NaN
2026-04-01 22:12:45.974,52862,ESTAB,prague,224,22.389,1.216,20.017,1448,15,21720,18824,78186165,78167497,60164,NaN,54560,28814,54559,146,NaN,NaN,8039520,7029120,54547,112128,155648,13,166576
2026-04-01 22:12:46.214,52862,ESTAB,prague,224,23.185,0.489,20.017,1448,15,21720,18824,78385769,78365665,60164,NaN,54699,28891,54698,146,NaN,NaN,7763280,6699544,54685,111616,155648,14,190988
2026-04-01 22:12:46.451,52862,ESTAB,prague,224,23.102,0.852,20.017,1448,14,20272,18824,78582501,78562397,60164,NaN,54836,28964,54835,146,NaN,NaN,7271712,6589568,54822,111616,155648,14,106264
2026-04-01 22:12:46.684,52862,ESTAB,prague,224,23.725,1.131,20.017,1448,14,20272,18824,78774925,78756257,60164,NaN,54970,29033,54969,146,NaN,NaN,7080976,6110696,54957,111616,155648,13,137856
2026-04-01 22:12:46.921,52862,ESTAB,prague,224,23.97,1.096,20.017,1448,13,18824,18824,78970221,78951553,60164,NaN,55106,29103,55105,146,NaN,NaN,6508008,6684360,55093,111616,155648,13,102506
2026-04-01 22:12:47.159,52862,ESTAB,prague,232,28.772,10.955,20.017,1448,14,20272,18824,79072727,79072727,60164,NaN,55178,29147,55177,146,NaN,NaN,5838896,2203496,55178,112128,155648,NaN,NaN
2026-04-01 22:12:47.385,52862,ESTAB,prague,232,28.772,10.955,20.017,1448,14,20272,18824,79072727,79072727,60164,NaN,55178,29147,55177,146,NaN,NaN,5838896,2203496,55178,112128,155648,NaN,NaN
2026-04-01 22:12:47.615,52862,ESTAB,prague,232,28.772,10.955,20.017,1448,14,20272,18824,79072727,79072727,60164,NaN,55178,29147,55177,146,NaN,NaN,5838896,2203496,55178,112128,155648,NaN,NaN
2026-04-01 22:12:47.846,52862,ESTAB,prague,232,28.772,10.955,20.017,1448,14,20272,18824,79072727,79072727,60164,NaN,55178,29147,55177,146,NaN,NaN,5838896,2203496,55178,112128,155648,NaN,NaN
2026-04-01 22:12:48.076,52862,ESTAB,prague,224,23.609,0.824,20.017,1448,14,20272,20272,79190490,79171822,60988,NaN,55261,29189,55260,148,NaN,NaN,7115920,6667048,55248,111616,161280,13,110572
2026-04-01 22:12:48.309,52862,ESTAB,prague,224,23.427,1.077,20.017,1448,14,20272,18824,79382914,79364246,60988,NaN,55395,29261,55394,148,NaN,NaN,7170912,6035024,55382,111616,161280,13,142164
2026-04-01 22:12:48.541,52862,ESTAB,prague,224,23.936,1.089,20.017,1448,14,20272,18824,79575338,79558106,60988,NaN,55529,29330,55528,148,NaN,NaN,7018480,6124360,55517,111616,161280,12,173756
2026-04-01 22:12:48.770,52862,ESTAB,prague,228,24.143,1.211,20.017,1448,13,18824,18824,79766326,79747658,60988,NaN,55662,29398,55661,148,NaN,NaN,6461416,6692080,55649,111616,161280,13,206784
2026-04-01 22:12:49.016,52862,ESTAB,prague,224,23.12,0.547,20.017,1448,15,21720,18824,79967366,79945826,60988,NaN,55802,29469,55801,148,NaN,NaN,7785240,6690704,55787,111616,161280,15,117752
2026-04-01 22:12:49.254,52862,ESTAB,prague,224,23.092,0.441,20.017,1448,15,21720,18824,80166970,80148302,60988,NaN,55941,29543,55940,148,NaN,NaN,7794600,6687112,55928,111616,161280,13,142164
2026-04-01 22:12:49.491,52862,ESTAB,prague,224,23.514,1.032,20.017,1448,13,18824,18824,80311443,80311443,60988,NaN,56042,29602,56041,148,NaN,NaN,6634160,6646280,56042,111616,161280,NaN,NaN
2026-04-01 22:12:49.719,52862,ESTAB,prague,224,23.514,1.032,20.017,1448,13,18824,18824,80311443,80311443,60988,NaN,56042,29602,56041,148,NaN,NaN,6634160,6646280,56042,111616,161280,NaN,NaN
2026-04-01 22:12:49.949,52862,ESTAB,prague,224,23.514,1.032,20.017,1448,13,18824,18824,80314326,80311443,61396,NaN,56045,29603,56044,149,NaN,NaN,6634160,6646280,56042,112128,164352,3,NaN
2026-04-01 22:12:50.181,52862,ESTAB,prague,224,22.025,0.605,20.017,1448,15,21720,17376,80495262,80475158,61812,NaN,56171,29668,56170,150,NaN,NaN,8172360,7004528,56157,111616,166912,14,156524
2026-04-01 22:12:50.408,52862,ESTAB,prague,224,23.857,1.108,20.017,1448,14,20272,18824,80683378,80664710,61812,NaN,56302,29736,56301,150,NaN,NaN,7041776,6130840,56289,111616,166912,13,192424
2026-04-01 22:12:50.636,52862,ESTAB,prague,228,24.087,1.118,20.017,1448,13,18824,18824,80871494,80854262,61812,NaN,56433,29804,56432,150,NaN,NaN,6476288,6692856,56421,111616,166912,12,116316
2026-04-01 22:12:50.868,52862,ESTAB,prague,224,22.972,0.448,20.017,1448,15,21720,18824,81066790,81046686,61812,NaN,56569,29873,56568,150,NaN,NaN,7835520,6699824,56555,111616,166912,14,145036
2026-04-01 22:12:51.099,52862,ESTAB,prague,224,23.521,1.102,20.017,1448,14,20272,18824,81254906,81236238,61812,NaN,56700,29941,56699,150,NaN,NaN,7142352,6089192,56687,111616,166912,13,180936
2026-04-01 22:12:51.333,52862,ESTAB,prague,228,24.257,1.187,20.017,1448,13,18824,18824,81448766,81430098,61812,NaN,56835,30010,56834,150,NaN,NaN,6430840,6676104,56822,111616,166912,13,58185
2026-04-01 22:12:51.585,52862,ESTAB,prague,232,29.463,10.754,20.017,1448,13,18824,18824,81506951,81506951,61812,NaN,56876,30038,56875,150,NaN,NaN,5294536,2608968,56876,112128,166912,NaN,NaN
2026-04-01 22:12:51.819,52862,ESTAB,prague,232,29.463,10.754,20.017,1448,13,18824,18824,81506951,81506951,61812,NaN,56876,30038,56875,150,NaN,NaN,5294536,2608968,56876,112128,166912,NaN,NaN
2026-04-01 22:12:52.050,52862,ESTAB,prague,224,23.513,3.007,20.017,1448,14,20272,18824,81550042,81532810,62636,NaN,56907,30051,56906,152,NaN,NaN,7144816,5990688,56895,112128,173056,12,185244
2026-04-01 22:12:52.278,52862,ESTAB,prague,224,22.826,1.144,20.017,1448,14,20272,20272,81743902,81723798,62636,NaN,57042,30125,57041,152,NaN,NaN,7359856,6689320,57028,111616,173056,14,103392
2026-04-01 22:12:52.508,52862,ESTAB,prague,228,24.447,1.036,20.017,1448,13,18824,18824,81929146,81910478,62636,NaN,57171,30192,57170,152,NaN,NaN,6381128,6710632,57158,111616,173056,13,142164
2026-04-01 22:12:52.746,52862,ESTAB,prague,224,23.085,1.3,20.017,1448,13,18824,17376,82124442,82107210,62636,NaN,57307,30268,57306,152,NaN,NaN,6757608,5372704,57295,111616,173056,12,170884
2026-04-01 22:12:52.979,52862,ESTAB,prague,224,23.201,0.485,20.017,1448,15,21720,18824,82322610,82302506,62636,NaN,57445,30338,57444,152,NaN,NaN,7758240,6697056,57431,111616,173056,14,196732
2026-04-01 22:12:53.212,52862,ESTAB,prague,224,23.14,0.891,20.017,1448,14,20272,18824,82515034,82494930,62636,NaN,57579,30409,57578,152,NaN,NaN,7259952,6444504,57565,111616,173056,14,108803
2026-04-01 22:12:53.445,52862,ESTAB,prague,232,28.88,11.711,20.017,1448,14,20272,18824,82623837,82623837,62636,NaN,57655,30457,57654,152,NaN,NaN,5816944,2072080,57655,112128,173056,NaN,NaN
2026-04-01 22:12:53.680,52862,ESTAB,prague,232,28.88,11.711,20.017,1448,14,20272,18824,82623837,82623837,62636,NaN,57655,30457,57654,152,NaN,NaN,5816944,2072080,57655,112128,173056,NaN,NaN
2026-04-01 22:12:53.910,52862,ESTAB,prague,232,28.88,11.711,20.017,1448,14,20272,18824,82623837,82623837,62636,NaN,57655,30457,57654,152,NaN,NaN,5816944,2072080,57655,112128,173056,NaN,NaN
2026-04-01 22:12:54.135,52862,ESTAB,prague,224,23.703,1.545,20.017,1448,14,20272,20272,82720060,82699956,63460,NaN,57723,30488,57722,154,NaN,NaN,7087472,6722896,57709,111616,178688,14,132112
2026-04-01 22:12:54.368,52862,ESTAB,prague,228,24.403,1.069,20.017,1448,13,18824,18824,82913920,82895252,63460,NaN,57858,30564,57857,154,NaN,NaN,6392568,6678704,57845,111616,178688,13,162268
2026-04-01 22:12:54.594,52862,ESTAB,prague,224,23.317,0.595,20.017,1448,15,21720,18824,83102036,83081932,63460,NaN,57989,30631,57988,154,NaN,NaN,7719360,6697056,57975,111616,178688,14,198168
2026-04-01 22:12:54.829,52862,ESTAB,prague,224,23.037,0.856,20.017,1448,14,20272,18824,83295896,83275792,63460,NaN,58124,30700,58123,154,NaN,NaN,7292544,6495696,58110,111616,178688,14,116316
2026-04-01 22:12:55.062,52862,ESTAB,prague,224,23.699,1.119,20.017,1448,14,20272,18824,83488320,83471088,63460,NaN,58258,30771,58257,154,NaN,NaN,7088816,6106232,58246,111616,178688,12,147908
2026-04-01 22:12:55.292,52862,ESTAB,prague,228,24.353,1.114,20.017,1448,13,18824,18824,83680744,83663512,63460,NaN,58392,30839,58391,154,NaN,NaN,6405568,6726224,58380,111616,178688,12,179500
2026-04-01 22:12:55.520,52862,ESTAB,prague,224,23.036,0.397,20.017,1448,15,21720,18824,83871732,83850192,63460,NaN,58525,30906,58524,154,NaN,NaN,7813680,6716192,58510,111616,178688,15,17875
2026-04-01 22:12:55.750,52862,ESTAB,prague,224,23.883,1.089,20.017,1448,14,20272,18824,83889607,83889607,63460,NaN,58538,30921,58537,154,NaN,NaN,7034048,6154648,58538,112128,178688,NaN,NaN
2026-04-01 22:12:55.987,52862,ESTAB,prague,224,23.883,1.089,20.017,1448,14,20272,18824,83889607,83889607,63460,NaN,58538,30921,58537,154,NaN,NaN,7034048,6154648,58538,112128,178688,NaN,NaN
2026-04-01 22:12:56.212,52862,ESTAB,prague,228,24.053,1.113,20.017,1448,13,18824,18824,84030346,84011678,64284,NaN,58637,30968,58636,156,NaN,NaN,6485440,6738520,58624,111616,184320,13,199604
2026-04-01 22:12:56.455,52862,ESTAB,prague,224,23.396,0.626,20.017,1448,12,17376,17376,84225642,84208410,64284,NaN,58773,31043,58772,156,NaN,NaN,6154752,6662664,58761,111616,184320,12,116316
2026-04-01 22:12:56.687,52862,ESTAB,prague,224,23.361,0.586,20.017,1448,15,21720,18824,84425246,84405142,64284,NaN,58912,31120,58911,156,NaN,NaN,7704840,6699272,58898,111616,184320,14,140728
2026-04-01 22:12:56.917,52862,ESTAB,prague,224,23.114,0.566,20.017,1448,15,21720,18824,84614798,84594694,64284,NaN,59044,31189,59043,156,NaN,NaN,7787280,6680776,59030,111616,184320,14,175192
2026-04-01 22:12:57.150,52862,ESTAB,prague,224,23.523,0.944,20.017,1448,12,17376,17376,84805786,84789990,64284,NaN,59177,31260,59176,156,NaN,NaN,6121536,6183624,59166,111616,184320,11,138447
2026-04-01 22:12:57.379,52862,ESTAB,prague,228,24.507,1.017,20.017,1448,13,18824,18824,84944233,84943642,64284,NaN,59274,31314,59273,156,NaN,NaN,6365424,6725944,59273,111616,184320,1,NaN
2026-04-01 22:12:57.612,52862,ESTAB,prague,232,29.782,11.313,20.017,1448,13,18824,18824,84944233,84944233,64284,NaN,59274,31315,59273,156,NaN,NaN,5237856,2518144,59274,112128,184320,NaN,NaN
2026-04-01 22:12:57.840,52862,ESTAB,prague,232,29.782,11.313,20.017,1448,13,18824,18824,84944233,84944233,64284,NaN,59274,31315,59273,156,NaN,NaN,5237856,2518144,59274,112128,184320,NaN,NaN
2026-04-01 22:12:58.071,52862,ESTAB,prague,228,27.518,10.29,20.017,1448,13,18824,18824,84947116,84947105,64692,NaN,59277,31318,59276,157,NaN,NaN,5668936,2518144,59276,111616,187392,1,NaN
2026-04-01 22:12:58.307,52862,ESTAB,prague,224,22.3,0.831,20.017,1448,14,20272,17376,85136668,85118000,65108,NaN,59409,31387,59408,158,NaN,NaN,7533344,6709520,59396,111616,189952,13,147908
2026-04-01 22:12:58.541,52862,ESTAB,prague,224,23.927,1.121,20.017,1448,14,20272,18824,85331964,85313296,65108,NaN,59545,31457,59544,158,NaN,NaN,7021056,6125104,59532,111616,189952,13,176628
2026-04-01 22:12:58.774,52862,ESTAB,prague,228,24.215,1.18,20.017,1448,13,18824,18824,85524388,85505720,65108,NaN,59679,31526,59678,158,NaN,NaN,6442072,6699048,59666,111616,189952,13,208220
2026-04-01 22:12:59.001,52862,ESTAB,prague,224,23.108,0.43,20.017,1448,15,21720,18824,85716812,85696708,65108,NaN,59813,31594,59812,158,NaN,NaN,7789320,6729008,59799,111616,189952,14,127804
2026-04-01 22:12:59.227,52862,ESTAB,prague,224,23.461,0.961,20.017,1448,14,20272,18824,85900620,85880516,65108,NaN,59941,31660,59940,158,NaN,NaN,7160496,6012616,59927,111616,189952,14,78493
2026-04-01 22:12:59.457,52862,ESTAB,prague,224,23.562,0.68,20.017,1448,15,21720,18824,85979113,85979113,65108,NaN,59996,31695,59995,158,NaN,NaN,7639320,6713688,59996,111616,189952,NaN,NaN
2026-04-01 22:12:59.695,52862,ESTAB,prague,224,23.562,0.68,20.017,1448,15,21720,18824,85979113,85979113,65108,NaN,59996,31695,59995,158,NaN,NaN,7639320,6713688,59996,111616,189952,NaN,NaN
2026-04-01 22:12:59.935,52862,ESTAB,prague,224,23.562,0.68,20.017,1448,15,21720,18824,85979113,85979113,65108,NaN,59996,31695,59995,158,NaN,NaN,7639320,6713688,59996,111616,189952,NaN,NaN
2026-04-01 22:13:00.170,52862,ESTAB,prague,224,23.761,1.401,20.017,1448,14,20272,20272,86033692,86013588,65932,NaN,60035,31709,60034,160,NaN,NaN,7070224,6709248,60021,111616,196096,14,173756
2026-04-01 22:13:00.405,52862,ESTAB,prague,224,23.975,0.912,20.017,1448,13,18824,18824,86227552,86210320,65932,NaN,60170,31788,60169,160,NaN,NaN,6506656,6710168,60158,111616,196096,12,203912
2026-04-01 22:13:00.643,52862,ESTAB,prague,224,23.206,0.917,20.017,1448,14,20272,18824,86425720,86405616,65932,NaN,60308,31858,60307,160,NaN,NaN,7239456,6445096,60294,111616,196096,14,117752
2026-04-01 22:13:00.880,52862,ESTAB,prague,224,23.548,1.1,20.017,1448,14,20272,18824,86622452,86603784,65932,NaN,60445,31929,60444,160,NaN,NaN,7134288,6061256,60432,111616,196096,13,145036
2026-04-01 22:13:01.118,52862,ESTAB,prague,228,24.088,1.096,20.017,1448,13,18824,18824,86819184,86801952,65932,NaN,60582,32000,60581,160,NaN,NaN,6476184,6149120,60570,111616,196096,12,172320
2026-04-01 22:13:01.355,52862,ESTAB,prague,228,24.406,1.057,20.017,1448,13,18824,18824,87015916,86997248,65932,NaN,60719,32072,60718,160,NaN,NaN,6391736,6705360,60706,111616,196096,13,170885
2026-04-01 22:13:01.594,52862,ESTAB,prague,224,22.32,0.713,20.017,1448,14,20272,17376,87186801,87186801,65932,NaN,60839,32140,60838,160,NaN,NaN,7526512,6432272,60839,112128,196096,NaN,NaN
2026-04-01 22:13:01.822,52862,ESTAB,prague,224,22.32,0.713,20.017,1448,14,20272,17376,87186801,87186801,65932,NaN,60839,32140,60838,160,NaN,NaN,7526512,6432272,60839,112128,196096,NaN,NaN
2026-04-01 22:13:02.061,52862,ESTAB,prague,224,22.32,0.713,20.017,1448,14,20272,17376,87186801,87186801,65932,NaN,60839,32140,60838,160,NaN,NaN,7526512,6432272,60839,112128,196096,NaN,NaN
2026-04-01 22:13:02.313,52862,ESTAB,prague,224,23.973,0.937,20.017,1448,14,20272,20272,87337592,87317488,66756,NaN,60945,32196,60944,162,NaN,NaN,7007728,6672256,60931,111616,201728,14,189552
2026-04-01 22:13:02.547,52862,ESTAB,prague,224,23.897,1.016,20.017,1448,14,20272,18824,87528580,87509912,66756,NaN,61078,32269,61077,162,NaN,NaN,7029904,6124608,61065,111616,201728,13,110572
2026-04-01 22:13:02.780,52862,ESTAB,prague,228,24.227,1.096,20.017,1448,13,18824,18824,87722440,87703772,66756,NaN,61213,32338,61212,162,NaN,NaN,6438848,6715096,61200,111616,201728,13,104268
2026-04-01 22:13:03.010,52862,ESTAB,prague,224,23.345,0.723,20.017,1448,15,21720,18824,87826708,87826708,66756,NaN,61286,32382,61285,162,NaN,NaN,7710120,6656104,61286,111616,201728,NaN,NaN
2026-04-01 22:13:03.243,52862,ESTAB,prague,224,23.345,0.723,20.017,1448,15,21720,18824,87826708,87826708,66756,NaN,61286,32382,61285,162,NaN,NaN,7710120,6656104,61286,111616,201728,NaN,NaN
2026-04-01 22:13:03.476,52862,ESTAB,prague,224,23.345,0.723,20.017,1448,15,21720,18824,87826708,87826708,66756,NaN,61286,32382,61285,162,NaN,NaN,7710120,6656104,61286,111616,201728,NaN,NaN
2026-04-01 22:13:03.708,52862,ESTAB,prague,224,23.345,0.723,20.017,1448,15,21720,18824,87826708,87826708,66756,NaN,61286,32382,61285,162,NaN,NaN,7710120,6656104,61286,111616,201728,NaN,NaN
2026-04-01 22:13:03.936,52862,ESTAB,prague,224,23.345,0.723,20.017,1448,15,21720,18824,87826708,87826708,66756,NaN,61286,32382,61285,162,NaN,NaN,7710120,6656104,61286,111616,201728,NaN,NaN
2026-04-01 22:13:04.178,52862,ESTAB,prague,224,22.968,0.724,20.017,1448,15,21720,18824,87829591,87829591,67580,NaN,61289,32385,61288,164,NaN,NaN,7836600,6656104,61289,112128,204800,NaN,NaN
2026-04-01 22:13:04.416,52862,ESTAB,prague,224,23.303,1.067,20.017,1448,14,20272,18824,88034939,88016271,67580,NaN,61432,32458,61431,164,NaN,NaN,7209328,5995376,61419,111616,207360,13,132112
2026-04-01 22:13:04.662,52862,ESTAB,prague,224,23.721,1.087,20.017,1448,14,20272,18824,88237415,88218747,67580,NaN,61573,32530,61572,164,NaN,NaN,7081984,6110200,61560,111616,207360,13,153652
2026-04-01 22:13:04.905,52862,ESTAB,prague,228,24.392,1.008,20.017,1448,13,18824,18824,88441327,88424095,67580,NaN,61715,32604,61714,164,NaN,NaN,6395272,6385072,61703,111616,207360,12,173756
2026-04-01 22:13:05.138,52862,ESTAB,prague,224,23.537,0.725,20.017,1448,14,20272,20272,88633751,88613647,67580,NaN,61849,32671,61848,164,NaN,NaN,7137424,6675280,61835,111616,207360,14,93340
2026-04-01 22:13:05.383,52862,ESTAB,prague,228,24.293,1.204,20.017,1448,13,18824,18824,88769136,88769136,67580,NaN,61944,32727,61943,164,NaN,NaN,6421376,6714320,61944,112128,207360,NaN,NaN
2026-04-01 22:13:05.612,52862,ESTAB,prague,228,24.293,1.204,20.017,1448,13,18824,18824,88769136,88769136,67580,NaN,61944,32727,61943,164,NaN,NaN,6421376,6714320,61944,112128,207360,NaN,NaN
2026-04-01 22:13:05.848,52862,ESTAB,prague,228,24.293,1.204,20.017,1448,13,18824,18824,88769136,88769136,67580,NaN,61944,32727,61943,164,NaN,NaN,6421376,6714320,61944,112128,207360,NaN,NaN
2026-04-01 22:13:06.097,52862,ESTAB,prague,228,24.293,1.204,20.017,1448,13,18824,18824,88769136,88769136,67580,NaN,61944,32727,61943,164,NaN,NaN,6421376,6714320,61944,112128,207360,NaN,NaN
2026-04-01 22:13:06.350,52862,ESTAB,prague,224,23.198,0.49,20.017,1448,15,21720,18824,88898387,88878283,68404,NaN,62035,32769,62034,166,NaN,NaN,7759080,6666224,62021,111616,213504,14,99084
2026-04-01 22:13:06.598,52862,ESTAB,prague,224,23.048,0.535,20.017,1448,15,21720,18824,89103735,89083631,68404,NaN,62178,32844,62177,166,NaN,NaN,7809480,6691256,62164,111616,213504,14,117752
2026-04-01 22:13:06.844,52862,ESTAB,prague,224,23.068,0.758,20.017,1448,15,21720,18824,89307647,89288979,68404,NaN,62320,32918,62319,166,NaN,NaN,7802880,6562640,62307,111616,213504,13,137856
2026-04-01 22:13:07.083,52862,ESTAB,prague,224,23.549,1.104,20.017,1448,14,20272,18824,89505815,89488583,68404,NaN,62458,32990,62457,166,NaN,NaN,7133840,6067608,62446,111616,213504,12,163704
2026-04-01 22:13:07.326,52862,ESTAB,prague,224,23.933,1.101,20.017,1448,12,17376,17376,89703983,89688187,68404,NaN,62596,33064,62595,166,NaN,NaN,6016704,6604040,62585,111616,213504,11,159330
2026-04-01 22:13:07.583,52862,ESTAB,prague,224,23.635,1.151,20.017,1448,14,20272,18824,89863313,89863313,68404,NaN,62707,33127,62706,166,NaN,NaN,7107968,6128600,62707,111616,213504,NaN,NaN
2026-04-01 22:13:07.816,52862,ESTAB,prague,224,23.635,1.151,20.017,1448,14,20272,18824,89863313,89863313,68404,NaN,62707,33127,62706,166,NaN,NaN,7107968,6128600,62707,111616,213504,NaN,NaN
2026-04-01 22:13:08.052,52862,ESTAB,prague,224,23.635,1.151,20.017,1448,14,20272,18824,89863313,89863313,68404,NaN,62707,33127,62706,166,NaN,NaN,7107968,6128600,62707,111616,213504,NaN,NaN
2026-04-01 22:13:08.298,52862,ESTAB,prague,224,22.726,0.597,20.017,1448,15,21720,18824,89919328,89897788,69228,NaN,62747,33141,62746,168,NaN,NaN,7920120,6757328,62732,112128,219136,15,172320
2026-04-01 22:13:08.550,52862,ESTAB,prague,224,23.636,0.661,20.017,1448,14,20272,20272,90127548,90107444,69228,NaN,62892,33222,62891,168,NaN,NaN,7107520,6697336,62878,111616,219136,14,188116
2026-04-01 22:13:08.796,52862,ESTAB,prague,224,23.448,0.641,20.017,1448,15,21720,18824,90332896,90312792,69228,NaN,63035,33296,63034,168,NaN,NaN,7676280,6698712,63021,111616,219136,14,94776
2026-04-01 22:13:09.043,52862,ESTAB,prague,224,23.216,0.531,20.017,1448,15,21720,18824,90536808,90516704,69228,NaN,63177,33369,63176,168,NaN,NaN,7753080,6732088,63163,111616,219136,14,114880
2026-04-01 22:13:09.303,52862,ESTAB,prague,224,23.213,0.475,20.017,1448,15,21720,18824,90747900,90727796,69228,NaN,63324,33446,63323,168,NaN,NaN,7753920,6679680,63310,111616,219136,14,127804
2026-04-01 22:13:09.540,52862,ESTAB,prague,224,23.025,0.676,20.017,1448,15,21720,18824,90951812,90930272,69228,NaN,63466,33519,63465,168,NaN,NaN,7817280,6618888,63451,111616,219136,15,104464
2026-04-01 22:13:09.775,52862,ESTAB,prague,232,29.053,11.787,20.017,1448,14,20272,18824,91056276,91056276,69228,NaN,63539,33565,63538,168,NaN,NaN,5782336,2060384,63539,112128,219136,NaN,NaN
2026-04-01 22:13:10.016,52862,ESTAB,prague,232,29.053,11.787,20.017,1448,14,20272,18824,91056276,91056276,69228,NaN,63539,33565,63538,168,NaN,NaN,5782336,2060384,63539,112128,219136,NaN,NaN
2026-04-01 22:13:10.246,52862,ESTAB,prague,232,29.053,11.787,20.017,1448,14,20272,18824,91059159,91056276,69636,NaN,63542,33566,63541,169,NaN,NaN,5782336,2060384,63539,112128,222208,3,NaN
2026-04-01 22:13:10.481,52862,ESTAB,prague,224,22.138,0.654,20.017,1448,14,20272,17376,91247275,91228607,70052,NaN,63673,33636,63672,170,NaN,NaN,7588560,6950496,63660,111616,224768,13,149344
2026-04-01 22:13:10.721,52862,ESTAB,prague,224,23.436,1.082,20.017,1448,14,20272,18824,91444007,91423903,70052,NaN,63810,33707,63809,170,NaN,NaN,7168336,6103760,63796,111616,224768,14,176628
2026-04-01 22:13:10.963,52862,ESTAB,prague,224,23.698,1.072,20.017,1448,14,20272,18824,91646483,91626379,70052,NaN,63951,33781,63950,170,NaN,NaN,7089152,6137088,63937,111616,224768,14,198168
2026-04-01 22:13:11.200,52862,ESTAB,prague,228,24.581,1.045,20.017,1448,13,18824,18824,91843215,91825983,70052,NaN,64088,33852,64087,170,NaN,NaN,6346184,6690424,64076,111616,224768,12,113444
2026-04-01 22:13:11.450,52862,ESTAB,prague,228,24.142,1.161,20.017,1448,13,18824,18824,92044255,92027023,70052,NaN,64228,33924,64227,170,NaN,NaN,6461624,6663488,64216,111616,224768,12,136420
2026-04-01 22:13:11.689,52862,ESTAB,prague,224,23.909,1.083,20.017,1448,14,20272,18824,92188849,92188849,70052,NaN,64329,33982,64328,170,NaN,NaN,7026432,6120624,64329,111616,224768,NaN,NaN
2026-04-01 22:13:11.943,52862,ESTAB,prague,224,23.909,1.083,20.017,1448,14,20272,18824,92188849,92188849,70052,NaN,64329,33982,64328,170,NaN,NaN,7026432,6120624,64329,111616,224768,NaN,NaN
2026-04-01 22:13:12.183,52862,ESTAB,prague,224,23.909,1.083,20.017,1448,14,20272,18824,92188849,92188849,70052,NaN,64329,33982,64328,170,NaN,NaN,7026432,6120624,64329,111616,224768,NaN,NaN
2026-04-01 22:13:12.415,52862,ESTAB,prague,224,23.092,0.567,20.017,1448,15,21720,18824,92300868,92282200,70876,NaN,64408,34017,64407,172,NaN,NaN,7794600,6659384,64395,111616,230912,13,116316
2026-04-01 22:13:12.653,52862,ESTAB,prague,224,23.558,1.12,20.017,1448,14,20272,18824,92497600,92477496,70876,NaN,64545,34087,64544,172,NaN,NaN,7131040,6061496,64531,111616,230912,14,143600
2026-04-01 22:13:12.892,52862,ESTAB,prague,228,24.076,1.06,20.017,1448,13,18824,18824,92694332,92677100,70876,NaN,64682,34159,64681,172,NaN,NaN,6479304,6145856,64670,111616,230912,12,170884
2026-04-01 22:13:13.135,52862,ESTAB,prague,228,24.255,1.177,20.017,1448,13,18824,18824,92896808,92879576,70876,NaN,64823,34231,64822,172,NaN,NaN,6431568,6700928,64811,111616,230912,12,192424
2026-04-01 22:13:13.388,52862,ESTAB,prague,224,23.913,1.053,20.017,1448,13,18824,18824,93105028,93086360,70876,NaN,64968,34305,64967,172,NaN,NaN,6523400,6673576,64955,111616,230912,13,208220
2026-04-01 22:13:13.622,52862,ESTAB,prague,224,23.016,0.435,20.017,1448,15,21720,18824,93303196,93281656,70876,NaN,65106,34375,65105,172,NaN,NaN,7820280,6695952,65091,111616,230912,15,122060
2026-04-01 22:13:13.862,52862,ESTAB,prague,232,29.047,10.911,20.017,1448,13,18824,18824,93447488,93447488,70876,NaN,65207,34435,65206,172,NaN,NaN,5370560,2503256,65207,112128,230912,NaN,NaN
2026-04-01 22:13:14.101,52862,ESTAB,prague,232,29.047,10.911,20.017,1448,13,18824,18824,93447488,93447488,70876,NaN,65207,34435,65206,172,NaN,NaN,5370560,2503256,65207,112128,230912,NaN,NaN
2026-04-01 22:13:14.348,52862,ESTAB,prague,228,26.129,8.973,20.017,1448,13,18824,18824,93466167,93450371,71700,NaN,65221,34440,65220,174,NaN,NaN,5970120,2503256,65210,112128,236544,11,209656
2026-04-01 22:13:14.591,52862,ESTAB,prague,224,22.218,0.56,20.017,1448,15,21720,17376,93672951,93651411,71700,NaN,65365,34517,65364,174,NaN,NaN,8101440,7074808,65350,111616,236544,15,114880
2026-04-01 22:13:14.823,52862,ESTAB,prague,224,23.077,0.808,20.017,1448,14,20272,18824,93863939,93845271,71700,NaN,65498,34587,65497,174,NaN,NaN,7279776,6538560,65485,111616,236544,13,147908
2026-04-01 22:13:15.064,52862,ESTAB,prague,224,23.772,0.913,20.017,1448,13,18824,18824,94062107,94043439,71700,NaN,65636,34657,65635,174,NaN,NaN,6562088,6684912,65623,111616,236544,13,173756
2026-04-01 22:13:15.303,52862,ESTAB,prague,224,23.528,0.667,20.017,1448,14,20272,20272,94263147,94243043,71700,NaN,65776,34728,65775,174,NaN,NaN,7140112,6709248,65762,111616,236544,14,196732
2026-04-01 22:13:15.536,52862,ESTAB,prague,224,23.128,0.448,20.017,1448,15,21720,18824,94457007,94436903,71700,NaN,65911,34798,65910,174,NaN,NaN,7782360,6703696,65897,111616,236544,14,114880
2026-04-01 22:13:15.771,52862,ESTAB,prague,224,23.046,0.808,20.017,1448,15,21720,18824,94652303,94630763,71700,NaN,66047,34869,66046,174,NaN,NaN,7810320,6575944,66032,111616,236544,15,13806
2026-04-01 22:13:16.005,52862,ESTAB,prague,232,29.225,10.816,20.017,1448,13,18824,18824,94666109,94666109,71700,NaN,66057,34882,66056,174,NaN,NaN,5337696,2618872,66057,112128,236544,NaN,NaN
2026-04-01 22:13:16.239,52862,ESTAB,prague,232,29.225,10.816,20.017,1448,13,18824,18824,94666109,94666109,71700,NaN,66057,34882,66056,174,NaN,NaN,5337696,2618872,66057,112128,236544,NaN,NaN
2026-04-01 22:13:16.469,52862,ESTAB,prague,224,23.677,1.697,20.017,1448,14,20272,20272,94772384,94752280,72524,NaN,66132,34916,66131,176,NaN,NaN,7095424,6722040,66118,111616,242176,14,122060
2026-04-01 22:13:16.699,52862,ESTAB,prague,224,23.466,0.665,20.017,1448,13,18824,18824,94960500,94941832,72524,NaN,66263,34990,66262,176,NaN,NaN,6647784,6714160,66250,111616,242176,13,157960
2026-04-01 22:13:16.932,52862,ESTAB,prague,224,23.173,0.442,20.017,1448,15,21720,18824,95154360,95135692,72524,NaN,66398,35060,66397,176,NaN,NaN,7767600,6695120,66385,111616,242176,13,188116
2026-04-01 22:13:17.166,52862,ESTAB,prague,224,23.315,1.043,20.017,1448,14,20272,18824,95346784,95328116,72524,NaN,66532,35129,66531,176,NaN,NaN,7205632,6001832,66519,111616,242176,13,11345
2026-04-01 22:13:17.402,52862,ESTAB,prague,232,28.554,11.125,20.017,1448,15,21720,18824,95358129,95358129,72524,NaN,66540,35140,66539,176,NaN,NaN,6303600,2286992,66540,112128,242176,NaN,NaN
2026-04-01 22:13:17.643,52862,ESTAB,prague,232,28.554,11.125,20.017,1448,15,21720,18824,95358129,95358129,72524,NaN,66540,35140,66539,176,NaN,NaN,6303600,2286992,66540,112128,242176,NaN,NaN
2026-04-01 22:13:17.880,52862,ESTAB,prague,232,28.554,11.125,20.017,1448,15,21720,18824,95358129,95358129,72524,NaN,66540,35140,66539,176,NaN,NaN,6303600,2286992,66540,112128,242176,NaN,NaN
2026-04-01 22:13:18.118,52862,ESTAB,prague,232,28.554,11.125,20.017,1448,15,21720,18824,95358129,95358129,72524,NaN,66540,35140,66539,176,NaN,NaN,6303600,2286992,66540,112128,242176,NaN,NaN
2026-04-01 22:13:18.384,52862,ESTAB,prague,228,25.784,8.858,20.017,1448,15,21720,18824,95361012,95361012,72932,NaN,66543,35144,66542,177,NaN,NaN,6981000,2286992,66543,112128,245248,NaN,NaN
2026-04-01 22:13:18.628,52862,ESTAB,prague,228,24.445,1.11,20.017,1448,13,18824,18824,95559180,95540512,73348,NaN,66681,35216,66680,178,NaN,NaN,6381544,6701208,66668,111616,248320,13,139292
2026-04-01 22:13:18.872,52862,ESTAB,prague,228,24.31,1.176,20.017,1448,13,18824,18824,95763092,95744424,73348,NaN,66823,35289,66822,178,NaN,NaN,6417008,6699272,66810,111616,248320,13,159396
2026-04-01 22:13:19.109,52862,ESTAB,prague,224,23.278,0.587,20.017,1448,15,21720,18824,95959824,95941156,73348,NaN,66960,35360,66959,178,NaN,NaN,7732320,6711464,66947,111616,248320,13,186680
2026-04-01 22:13:19.350,52862,ESTAB,prague,228,24.531,1.014,20.017,1448,13,18824,18824,96159428,96140760,73348,NaN,67099,35431,67098,178,NaN,NaN,6359080,6671432,67086,111616,248320,13,94970
2026-04-01 22:13:19.580,52862,ESTAB,prague,224,23.299,0.57,20.017,1448,15,21720,18824,96254398,96254398,73348,NaN,67166,35472,67165,178,NaN,NaN,7725360,6679400,67166,112128,248320,NaN,NaN
2026-04-01 22:13:19.811,52862,ESTAB,prague,224,23.299,0.57,20.017,1448,15,21720,18824,96254398,96254398,73348,NaN,67166,35472,67165,178,NaN,NaN,7725360,6679400,67166,112128,248320,NaN,NaN
2026-04-01 22:13:20.060,52862,ESTAB,prague,224,23.299,0.57,20.017,1448,15,21720,18824,96254398,96254398,73348,NaN,67166,35472,67165,178,NaN,NaN,7725360,6679400,67166,112128,248320,NaN,NaN
2026-04-01 22:13:20.298,52862,ESTAB,prague,224,23.299,0.57,20.017,1448,15,21720,18824,96254398,96254398,73348,NaN,67166,35472,67165,178,NaN,NaN,7725360,6679400,67166,112128,248320,NaN,NaN
2026-04-01 22:13:20.543,52862,ESTAB,prague,224,23.431,0.789,20.017,1448,13,18824,18824,96363545,96346313,74172,NaN,67243,35510,67242,180,NaN,NaN,6657768,6358648,67231,111616,253952,12,119188
2026-04-01 22:13:20.776,52862,ESTAB,prague,228,24.321,1.142,20.017,1448,13,18824,18824,96555969,96537301,74172,NaN,67377,35580,67376,180,NaN,NaN,6413992,6701888,67364,111616,253952,13,150780
2026-04-01 22:13:21.011,52862,ESTAB,prague,224,23.61,0.808,20.017,1448,15,21720,18824,96755573,96735469,74172,NaN,67516,35650,67515,180,NaN,NaN,7623600,6249792,67502,111616,253952,14,175192
2026-04-01 22:13:21.239,52862,ESTAB,prague,224,22.401,0.682,20.017,1448,14,20272,17376,96942253,96923585,74172,NaN,67646,35721,67645,180,NaN,NaN,7499408,6634272,67633,111616,253952,13,100520
2026-04-01 22:13:21.462,52862,ESTAB,prague,224,23.994,1.486,20.017,1448,13,18824,18824,97126061,97107393,74172,NaN,67774,35794,67773,180,NaN,NaN,6501456,6392120,67761,111616,253952,13,140728
2026-04-01 22:13:21.690,52862,ESTAB,prague,224,23.108,0.736,20.017,1448,15,21720,18824,97315613,97296945,74172,NaN,67906,35861,67905,180,NaN,NaN,7789200,6624560,67893,111616,253952,13,175192
2026-04-01 22:13:21.922,52862,ESTAB,prague,224,23.405,1.306,20.017,1448,14,20272,18824,97508037,97487933,74172,NaN,68040,35935,68039,180,NaN,NaN,7177856,6095112,68026,111616,253952,14,4433
2026-04-01 22:13:22.143,52862,ESTAB,prague,224,23.193,0.51,20.017,1448,15,21720,18824,97512470,97512470,74172,NaN,68044,35944,68043,180,NaN,NaN,7760760,6680504,68044,112128,253952,NaN,NaN
2026-04-01 22:13:22.365,52862,ESTAB,prague,224,23.193,0.51,20.017,1448,15,21720,18824,97512470,97512470,74172,NaN,68044,35944,68043,180,NaN,NaN,7760760,6680504,68044,112128,253952,NaN,NaN
2026-04-01 22:13:22.589,52862,ESTAB,prague,224,22.77,1.084,20.017,1448,13,18824,17376,97640285,97623053,74996,NaN,68134,35992,68133,182,NaN,NaN,6851000,6055672,68122,111616,259584,12,100520
2026-04-01 22:13:22.814,52862,ESTAB,prague,224,22.163,0.598,20.017,1448,14,20272,17376,97829837,97809733,74996,NaN,68266,36059,68265,182,NaN,NaN,7579936,6823816,68252,111616,259584,14,134984
2026-04-01 22:13:23.037,52862,ESTAB,prague,228,24.168,0.954,20.017,1448,12,17376,17376,98013645,97997849,74996,NaN,68394,36129,68393,182,NaN,NaN,5958144,6321904,68383,111616,259584,11,175192
2026-04-01 22:13:23.264,52862,ESTAB,prague,224,22.053,0.576,20.017,1448,14,20272,17376,98203197,98184529,74996,NaN,68526,36201,68525,182,NaN,NaN,7617904,6993656,68513,111616,259584,13,97648
2026-04-01 22:13:23.505,52862,ESTAB,prague,224,23.441,1.026,20.017,1448,14,20272,18824,98398493,98379825,74996,NaN,68662,36273,68661,182,NaN,NaN,7166656,6061744,68649,111616,259584,13,126368
2026-04-01 22:13:23.753,52862,ESTAB,prague,224,23.653,1.126,20.017,1448,12,17376,17376,98600969,98585173,74996,NaN,68803,36347,68802,182,NaN,NaN,6087840,6343648,68792,111616,259584,11,107661
2026-04-01 22:13:23.990,52862,ESTAB,prague,232,28.281,10.739,20.017,1448,15,21720,18824,98708630,98708630,74996,NaN,68878,36392,68877,182,NaN,NaN,6364560,2309688,68878,112128,259584,NaN,NaN
2026-04-01 22:13:24.232,52862,ESTAB,prague,232,28.281,10.739,20.017,1448,15,21720,18824,98708630,98708630,74996,NaN,68878,36392,68877,182,NaN,NaN,6364560,2309688,68878,112128,259584,NaN,NaN
2026-04-01 22:13:24.474,52862,ESTAB,prague,228,25.618,8.524,20.017,1448,15,21720,18824,98712949,98711513,75820,NaN,68882,36397,68881,184,NaN,NaN,7026000,2309688,68881,112128,265728,1,224016
2026-04-01 22:13:24.704,52862,ESTAB,prague,228,24.548,0.966,20.017,1448,13,18824,18824,98906809,98889577,75820,NaN,69017,36466,69016,184,NaN,NaN,6354608,6717864,69005,111616,265728,12,142164
2026-04-01 22:13:24.936,52862,ESTAB,prague,224,23.994,1.029,20.017,1448,13,18824,18824,99100669,99082001,75820,NaN,69152,36535,69151,184,NaN,NaN,6501456,6708416,69139,111616,265728,13,172320
2026-04-01 22:13:25.172,52862,ESTAB,prague,228,24.154,1.122,20.017,1448,14,20272,18824,99293093,99274425,75820,NaN,69286,36604,69285,184,NaN,NaN,6955200,6156656,69273,111616,265728,13,203912
2026-04-01 22:13:25.403,52862,ESTAB,prague,224,23.934,1.023,20.017,1448,13,18824,18824,99486953,99469721,75820,NaN,69421,36674,69420,184,NaN,NaN,6517680,6687664,69409,111616,265728,12,122060
2026-04-01 22:13:25.635,52862,ESTAB,prague,224,23.504,0.525,20.017,1448,14,20272,20272,99682249,99662145,75820,NaN,69557,36743,69556,184,NaN,NaN,7147392,6698528,69543,111616,265728,14,150780
2026-04-01 22:13:25.863,52862,ESTAB,prague,224,23.039,0.685,20.017,1448,15,21720,18824,99870365,99850261,75820,NaN,69688,36810,69687,184,NaN,NaN,7812480,6556272,69674,111616,265728,14,59237
2026-04-01 22:13:26.090,52862,ESTAB,prague,224,23.065,0.433,20.017,1448,15,21720,18824,99929602,99929602,75820,NaN,69730,36839,69729,184,NaN,NaN,7803840,6705920,69730,112128,265728,NaN,NaN
2026-04-01 22:13:26.316,52862,ESTAB,prague,224,23.065,0.433,20.017,1448,15,21720,18824,99929602,99929602,75820,NaN,69730,36839,69729,184,NaN,NaN,7803840,6705920,69730,112128,265728,NaN,NaN
2026-04-01 22:13:26.551,52862,ESTAB,prague,224,23.246,0.804,20.017,1448,15,21720,21720,99978437,99959769,76644,NaN,69765,36852,69764,186,NaN,NaN,7743240,6811440,69752,111616,271360,13,179500
2026-04-01 22:13:26.782,52862,ESTAB,prague,224,23.465,0.672,20.017,1448,15,21720,18824,100170861,100149321,76644,NaN,69899,36927,69898,186,NaN,NaN,7670760,6684360,69884,111616,271360,15,99084
2026-04-01 22:13:27.011,52862,ESTAB,prague,224,23.842,1.609,20.017,1448,13,18824,18824,100358977,100341745,76644,NaN,70030,36999,70029,186,NaN,NaN,6542848,6689872,70018,111616,271360,12,134984
2026-04-01 22:13:27.237,52862,ESTAB,prague,224,23.563,0.782,20.017,1448,14,20272,20272,100547093,100526989,76644,NaN,70161,37066,70160,186,NaN,NaN,7129584,6709800,70147,111616,271360,14,170884
2026-04-01 22:13:27.467,52862,ESTAB,prague,224,23.009,0.545,20.017,1448,15,21720,18824,100739517,100717977,76644,NaN,70295,37134,70294,186,NaN,NaN,7822920,6702872,70280,111616,271360,15,202476
2026-04-01 22:13:27.695,52862,ESTAB,prague,224,23.446,1.049,20.017,1448,14,20272,18824,100926197,100907529,76644,NaN,70425,37204,70424,186,NaN,NaN,7165200,6037680,70412,111616,271360,13,91082
2026-04-01 22:13:27.926,52862,ESTAB,prague,224,23.789,1.085,20.017,1448,13,18824,18824,101017279,101017279,76644,NaN,70489,37243,70488,186,NaN,NaN,6557408,6697888,70489,112128,271360,NaN,NaN
2026-04-01 22:13:28.162,52862,ESTAB,prague,224,23.789,1.085,20.017,1448,13,18824,18824,101017279,101017279,76644,NaN,70489,37243,70488,186,NaN,NaN,6557408,6697888,70489,112128,271360,NaN,NaN
2026-04-01 22:13:28.397,52862,ESTAB,prague,224,23.789,1.085,20.017,1448,13,18824,18824,101017279,101017279,76644,NaN,70489,37243,70488,186,NaN,NaN,6557408,6697888,70489,112128,271360,NaN,NaN
2026-04-01 22:13:28.627,52862,ESTAB,prague,224,23.99,1.527,20.017,1448,14,20272,20272,101102014,101083346,77468,NaN,70549,37269,70548,188,NaN,NaN,7002688,6688768,70536,111616,276992,13,143600
2026-04-01 22:13:28.858,52862,ESTAB,prague,224,23.47,0.693,20.017,1448,13,18824,18824,101291566,101272898,77468,NaN,70681,37343,70680,188,NaN,NaN,6646744,6704592,70668,111616,276992,13,178064
2026-04-01 22:13:29.090,52862,ESTAB,prague,224,23.219,0.504,20.017,1448,15,21720,18824,101485426,101466758,77468,NaN,70816,37413,70815,188,NaN,NaN,7751880,6667320,70803,111616,276992,13,96212
2026-04-01 22:13:29.323,52862,ESTAB,prague,224,23.225,0.965,20.017,1448,14,20272,18824,101677850,101657746,77468,NaN,70950,37481,70949,188,NaN,NaN,7233408,6448088,70936,111616,276992,14,127804
2026-04-01 22:13:29.554,52862,ESTAB,prague,228,24.22,1.097,20.017,1448,13,18824,18824,101868838,101850170,77468,NaN,71083,37550,71082,188,NaN,NaN,6440720,6404624,71070,111616,276992,13,160832
2026-04-01 22:13:29.784,52862,ESTAB,prague,224,23.279,0.692,20.017,1448,15,21720,18824,102061262,102041158,77468,NaN,71217,37618,71216,188,NaN,NaN,7732200,6680232,71203,111616,276992,14,21536
2026-04-01 22:13:30.021,52862,ESTAB,prague,224,23.305,1.03,20.017,1448,14,20272,18824,102082798,102082798,77468,NaN,71232,37633,71231,188,NaN,NaN,7208544,6030432,71232,111616,276992,NaN,NaN
2026-04-01 22:13:30.259,52862,ESTAB,prague,224,23.305,1.03,20.017,1448,14,20272,18824,102082798,102082798,77468,NaN,71232,37633,71231,188,NaN,NaN,7208544,6030432,71232,111616,276992,NaN,NaN
2026-04-01 22:13:30.491,52862,ESTAB,prague,224,23.305,1.03,20.017,1448,14,20272,18824,102082798,102082798,77468,NaN,71232,37633,71231,188,NaN,NaN,7208544,6030432,71232,111616,276992,NaN,NaN
2026-04-01 22:13:30.729,52862,ESTAB,prague,224,23.882,1.161,20.017,1448,14,20272,18824,102232153,102213485,78292,NaN,71337,37682,71336,190,NaN,NaN,7034384,6142848,71324,111616,282624,13,190988
2026-04-01 22:13:30.963,52862,ESTAB,prague,228,24.479,1.049,20.017,1448,13,18824,18824,102427449,102410217,78292,NaN,71473,37752,71472,190,NaN,NaN,6372600,6693888,71461,111616,282624,12,107700
2026-04-01 22:13:31.197,52862,ESTAB,prague,224,23.326,0.771,20.017,1448,15,21720,18824,102625617,102604077,78292,NaN,71611,37821,71610,190,NaN,NaN,7716480,6667872,71596,111616,282624,15,39158
2026-04-01 22:13:31.442,52862,ESTAB,prague,232,28.914,11.729,20.017,1448,15,21720,18824,102664775,102664775,78292,NaN,71639,37844,71638,190,NaN,NaN,6225240,2173040,71639,112128,282624,NaN,NaN
2026-04-01 22:13:31.693,52862,ESTAB,prague,232,28.914,11.729,20.017,1448,15,21720,18824,102664775,102664775,78292,NaN,71639,37844,71638,190,NaN,NaN,6225240,2173040,71639,112128,282624,NaN,NaN
2026-04-01 22:13:31.931,52862,ESTAB,prague,232,28.914,11.729,20.017,1448,15,21720,18824,102664775,102664775,78292,NaN,71639,37844,71638,190,NaN,NaN,6225240,2173040,71639,112128,282624,NaN,NaN
2026-04-01 22:13:32.161,52862,ESTAB,prague,232,28.914,11.729,20.017,1448,15,21720,18824,102664775,102664775,78292,NaN,71639,37844,71638,190,NaN,NaN,6225240,2173040,71639,112128,282624,NaN,NaN
2026-04-01 22:13:32.400,52862,ESTAB,prague,232,28.914,11.729,20.017,1448,15,21720,18824,102664775,102664775,78292,NaN,71639,37844,71638,190,NaN,NaN,6225240,2173040,71639,112128,282624,NaN,NaN
2026-04-01 22:13:32.648,52862,ESTAB,prague,224,22.983,1.218,20.017,1448,16,23168,18824,102722226,102702122,79116,NaN,71680,37861,71679,192,NaN,NaN,8353792,6800680,71666,112128,288768,14,170884
2026-04-01 22:13:32.897,52862,ESTAB,prague,224,23.814,1.064,20.017,1448,13,18824,18824,102927574,102908906,79116,NaN,71823,37941,71822,192,NaN,NaN,6550544,6722872,71810,111616,288768,13,189552
2026-04-01 22:13:33.146,52862,ESTAB,prague,224,23.375,0.676,20.017,1448,15,21720,18824,103134358,103114254,79116,NaN,71967,38014,71966,192,NaN,NaN,7700520,6705088,71953,111616,288768,14,94776
2026-04-01 22:13:33.394,52862,ESTAB,prague,224,23.15,0.493,20.017,1448,15,21720,18824,103341142,103321038,79116,NaN,72111,38088,72110,192,NaN,NaN,7775040,6698440,72097,111616,288768,14,112008
2026-04-01 22:13:33.642,52862,ESTAB,prague,224,23.014,0.441,20.017,1448,15,21720,18824,103547926,103527822,79116,NaN,72255,38162,72254,192,NaN,NaN,7821240,6683528,72241,111616,288768,14,129240
2026-04-01 22:13:33.886,52862,ESTAB,prague,224,23.245,0.974,20.017,1448,14,20272,18824,103750402,103730298,79116,NaN,72396,38234,72395,192,NaN,NaN,7227024,6431976,72382,111616,288768,14,41585
2026-04-01 22:13:34.118,52862,ESTAB,prague,232,28.69,10.779,20.017,1448,14,20272,18824,103791987,103791987,79116,NaN,72425,38257,72424,192,NaN,NaN,5855472,2188856,72425,112128,288768,NaN,NaN
2026-04-01 22:13:34.361,52862,ESTAB,prague,232,28.69,10.779,20.017,1448,14,20272,18824,103791987,103791987,79116,NaN,72425,38257,72424,192,NaN,NaN,5855472,2188856,72425,112128,288768,NaN,NaN
2026-04-01 22:13:34.605,52862,ESTAB,prague,228,27.614,10.237,20.017,1448,14,20272,18824,103794870,103793423,79524,NaN,72428,38259,72427,193,NaN,NaN,6083840,2188856,72426,111616,291328,2,NaN
2026-04-01 22:13:34.849,52862,ESTAB,prague,224,22.266,0.607,20.017,1448,15,21720,17376,103994474,103974370,79940,NaN,72567,38334,72566,194,NaN,NaN,8083800,6994560,72553,111616,294400,14,137856
2026-04-01 22:13:35.088,52862,ESTAB,prague,224,23.926,1.467,20.017,1448,14,20272,20272,104192642,104173974,79940,NaN,72705,38406,72704,194,NaN,NaN,7021392,6699544,72692,111616,294400,13,163704
2026-04-01 22:13:35.324,52862,ESTAB,prague,228,24.074,1.076,20.017,1448,13,18824,18824,104386502,104367834,79940,NaN,72840,38482,72839,194,NaN,NaN,6479824,6734320,72827,111616,294400,13,193860
2026-04-01 22:13:35.556,52862,ESTAB,prague,224,23.288,0.586,20.017,1448,15,21720,18824,104580362,104560258,79940,NaN,72975,38551,72974,194,NaN,NaN,7729200,6711192,72961,111616,294400,14,112008
2026-04-01 22:13:35.797,52862,ESTAB,prague,224,23.384,0.404,20.017,1448,13,18824,18824,104701345,104701345,79940,NaN,73060,38608,73059,194,NaN,NaN,6671184,6718416,73060,112128,294400,NaN,NaN
2026-04-01 22:13:36.036,52862,ESTAB,prague,224,23.384,0.404,20.017,1448,13,18824,18824,104701345,104701345,79940,NaN,73060,38608,73059,194,NaN,NaN,6671184,6718416,73060,112128,294400,NaN,NaN
2026-04-01 22:13:36.281,52862,ESTAB,prague,224,23.384,0.404,20.017,1448,13,18824,18824,104701345,104701345,79940,NaN,73060,38608,73059,194,NaN,NaN,6671184,6718416,73060,112128,294400,NaN,NaN
2026-04-01 22:13:36.530,52862,ESTAB,prague,224,23.384,0.404,20.017,1448,13,18824,18824,104701345,104701345,79940,NaN,73060,38608,73059,194,NaN,NaN,6671184,6718416,73060,112128,294400,NaN,NaN
2026-04-01 22:13:36.778,52862,ESTAB,prague,224,23.198,0.681,20.017,1448,15,21720,18824,104819108,104797568,80764,NaN,73143,38647,73142,196,NaN,NaN,7758960,6438104,73128,111616,300032,15,110572
2026-04-01 22:13:37.027,52862,ESTAB,prague,224,23.157,0.416,20.017,1448,15,21720,18824,105025892,105005788,80764,NaN,73287,38722,73286,196,NaN,NaN,7772760,6706472,73273,111616,300032,14,127804
2026-04-01 22:13:37.274,52862,ESTAB,prague,224,23.062,0.487,20.017,1448,15,21720,18824,105231240,105209700,80764,NaN,73430,38795,73429,196,NaN,NaN,7804800,6708688,73415,111616,300032,15,146472
2026-04-01 22:13:37.513,52862,ESTAB,prague,224,23.212,0.974,20.017,1448,14,20272,18824,105427972,105410740,80764,NaN,73567,38867,73566,196,NaN,NaN,7237328,6462480,73555,111616,300032,12,173756
2026-04-01 22:13:37.753,52862,ESTAB,prague,224,23.908,1.113,20.017,1448,13,18824,18824,105626140,105608908,80764,NaN,73705,38938,73704,196,NaN,NaN,6524960,6125856,73693,111616,300032,12,199604
2026-04-01 22:13:37.993,52862,ESTAB,prague,228,24.369,1.134,20.017,1448,13,18824,18824,105828616,105809948,80764,NaN,73846,39009,73845,196,NaN,NaN,6401512,6676376,73833,111616,300032,13,32958
2026-04-01 22:13:38.223,52862,ESTAB,prague,232,28.319,10.341,20.017,1448,15,21720,18824,105861574,105861574,80764,NaN,73869,39028,73868,196,NaN,NaN,6355920,2395328,73869,112128,300032,NaN,NaN
2026-04-01 22:13:38.472,52862,ESTAB,prague,232,28.319,10.341,20.017,1448,15,21720,18824,105861574,105861574,80764,NaN,73869,39028,73868,196,NaN,NaN,6355920,2395328,73869,112128,300032,NaN,NaN
2026-04-01 22:13:38.717,52862,ESTAB,prague,224,23.076,2.042,20.017,1448,16,23168,18824,105910409,105890305,81588,NaN,73904,39042,73903,198,NaN,NaN,8320128,6873024,73890,112128,306176,14,179500
2026-04-01 22:13:38.955,52862,ESTAB,prague,224,23.875,1.448,20.017,1448,14,20272,18824,106104269,106085601,81588,NaN,74039,39119,74038,198,NaN,NaN,7036400,6168264,74026,111616,306176,13,97648
2026-04-01 22:13:39.187,52862,ESTAB,prague,224,22.758,1.086,20.017,1448,13,18824,17376,106292385,106275153,81588,NaN,74170,39193,74169,198,NaN,NaN,6854536,6033328,74158,111616,306176,12,133548
2026-04-01 22:13:39.428,52862,ESTAB,prague,228,24.155,1.119,20.017,1448,13,18824,18824,106493425,106474757,81588,NaN,74310,39265,74309,198,NaN,NaN,6458088,6718144,74297,111616,306176,13,140308
2026-04-01 22:13:39.666,52862,ESTAB,prague,224,23.932,1.079,20.017,1448,14,20272,18824,106633733,106633733,81588,NaN,74408,39322,74407,198,NaN,NaN,7019600,6139344,74408,111616,306176,NaN,NaN
2026-04-01 22:13:39.890,52862,ESTAB,prague,224,23.932,1.079,20.017,1448,14,20272,18824,106633733,106633733,81588,NaN,74408,39322,74407,198,NaN,NaN,7019600,6139344,74408,111616,306176,NaN,NaN
2026-04-01 22:13:40.125,52862,ESTAB,prague,224,23.932,1.079,20.017,1448,14,20272,18824,106633733,106633733,81588,NaN,74408,39322,74407,198,NaN,NaN,7019600,6139344,74408,111616,306176,NaN,NaN
2026-04-01 22:13:40.369,52862,ESTAB,prague,224,23.932,1.079,20.017,1448,14,20272,18824,106633733,106633733,81588,NaN,74408,39322,74407,198,NaN,NaN,7019600,6139344,74408,111616,306176,NaN,NaN
2026-04-01 22:13:40.602,52862,ESTAB,prague,224,23.932,1.079,20.017,1448,14,20272,18824,106633733,106633733,81588,NaN,74408,39322,74407,198,NaN,NaN,7019600,6139344,74408,111616,306176,NaN,NaN
2026-04-01 22:13:40.829,52862,ESTAB,prague,224,23.018,0.979,20.017,1448,13,18824,17376,106744316,106725648,82412,NaN,74486,39357,74485,200,NaN,NaN,6777264,6057256,74473,111616,311808,13,117752
