timestamp,dst_port,state,cc_algo,rto_ms,rtt_ms,rtt_var_ms,min_rtt_ms,mss_bytes,cwnd_pkts,cwnd_bytes,ssthresh_bytes,bytes_sent,bytes_acked,bytes_received,bytes_retrans,segs_out,segs_in,data_segs_out,data_segs_in,retrans_outstanding,retrans_total,pacing_rate_bps,delivery_rate_bps,delivered_pkts,snd_wnd_bytes,rcv_wnd_bytes,unacked_pkts,notsent_bytes
2026-04-27 18:25:11.360,50318,ESTAB,cubic,224,20.923,6.308,20.137,1448,10,14480,NaN,2883,2883,408,NaN,3,5,2,1,NaN,NaN,11072584,1053568,3,48640,43520,NaN,NaN
2026-04-27 18:25:11.629,50318,ESTAB,cubic,224,20.923,6.308,20.137,1448,10,14480,NaN,2883,2883,408,NaN,3,5,2,1,NaN,NaN,11072584,1053568,3,48640,43520,NaN,NaN
2026-04-27 18:25:12.530,50328,ESTAB,cubic,232,29.117,1.894,20.145,1448,36,52128,NaN,99272,76104,822,NaN,70,31,69,2,NaN,NaN,28643848,6249312,54,113664,43520,16,90374
2026-04-27 18:25:12.760,50328,ESTAB,cubic,232,29.482,1.555,20.145,1448,36,52128,52128,246926,225206,1644,NaN,173,84,172,4,NaN,NaN,16974040,6670648,158,114176,43520,15,236024
2026-04-27 18:25:12.990,50328,ESTAB,cubic,232,29.357,1.005,20.145,1448,37,53576,52128,422134,398966,1644,NaN,294,128,293,4,NaN,NaN,17519528,6720552,278,284672,43520,16,230232
2026-04-27 18:25:13.212,50328,ESTAB,cubic,232,30.116,0.547,20.145,1448,37,53576,52128,610374,584310,1644,NaN,424,192,423,4,NaN,NaN,17078208,6693776,406,411136,43520,18,181000
2026-04-27 18:25:13.431,50328,ESTAB,cubic,232,28.892,0.222,20.145,1448,37,53576,52128,789926,769654,1644,NaN,548,256,547,4,NaN,NaN,17801792,6676656,534,411136,43520,14,262088
2026-04-27 18:25:13.669,50328,ESTAB,cubic,232,30.007,0.779,20.145,1448,37,53576,52128,982510,957894,1644,NaN,681,321,680,4,NaN,NaN,17140032,6696920,664,411136,43520,17,199824
2026-04-27 18:25:13.920,50328,ESTAB,cubic,232,28.962,0.328,20.145,1448,37,53576,52128,1196814,1157718,1644,NaN,829,390,828,4,NaN,NaN,17758616,6687360,802,411136,43520,27,246160
2026-04-27 18:25:14.188,50328,ESTAB,cubic,232,29.39,0.442,20.145,1448,37,53576,52128,1418358,1395190,1644,NaN,982,465,981,4,NaN,NaN,17499704,6700680,966,411136,43520,16,28100
2026-04-27 18:25:14.427,50328,ESTAB,cubic,228,27.621,0.498,20.145,1448,37,53576,52128,1449341,1449341,2468,NaN,1004,486,1003,6,NaN,NaN,18620792,5512624,1004,411648,43520,NaN,NaN
2026-04-27 18:25:14.666,50328,ESTAB,cubic,232,30.137,0.606,20.145,1448,37,53576,52128,1653261,1631541,2468,NaN,1145,549,1144,6,NaN,NaN,17065888,6694744,1130,411648,43520,15,262088
2026-04-27 18:25:14.906,50328,ESTAB,cubic,232,28.878,0.212,20.145,1448,37,53576,52128,1855981,1831365,2468,NaN,1285,618,1284,6,NaN,NaN,17810120,6694232,1268,411648,43520,17,189688
2026-04-27 18:25:15.142,50328,ESTAB,cubic,232,28.923,0.227,20.145,1448,37,53576,52128,2054357,2029741,2468,NaN,1422,684,1421,6,NaN,NaN,17782488,6688864,1405,411648,43520,17,251952
2026-04-27 18:25:15.370,50328,ESTAB,cubic,232,28.991,0.312,20.145,1448,37,53576,52128,2239701,2219429,2468,NaN,1550,744,1549,6,NaN,NaN,17740472,6695304,1536,411648,43520,14,196928
2026-04-27 18:25:15.602,50328,ESTAB,cubic,232,30.153,0.638,20.145,1448,37,53576,52128,2435181,2413461,2468,NaN,1685,811,1684,6,NaN,NaN,17057112,6687496,1670,411648,43520,15,229898
2026-04-27 18:25:15.830,50328,ESTAB,cubic,232,28.985,0.307,20.145,1448,37,53576,52128,2627765,2604597,2468,NaN,1818,877,1817,6,NaN,NaN,17744448,6688432,1802,411648,43520,16,37314
2026-04-27 18:25:16.063,50328,ESTAB,cubic,232,29.964,0.878,20.145,1448,37,53576,52128,2665079,2665079,2468,NaN,1844,898,1843,6,NaN,NaN,17164552,5858112,1844,411648,43520,NaN,NaN
2026-04-27 18:25:16.294,50328,ESTAB,cubic,232,29.964,0.878,20.145,1448,37,53576,52128,2665079,2665079,2468,NaN,1844,898,1843,6,NaN,NaN,17164552,5858112,1844,411648,43520,NaN,NaN
2026-04-27 18:25:16.539,50328,ESTAB,cubic,232,28.222,0.999,20.145,1448,36,52128,52128,2737218,2714050,3292,NaN,1894,917,1893,8,NaN,NaN,17731704,6697672,1878,411648,43520,16,266432
2026-04-27 18:25:16.778,50328,ESTAB,cubic,232,28.986,0.326,20.145,1448,36,52128,52128,2937042,2913874,3292,NaN,2032,986,2031,8,NaN,NaN,17264048,6696168,2016,411648,43520,16,196928
2026-04-27 18:25:17.005,50328,ESTAB,cubic,232,30.053,0.776,20.145,1448,36,52128,52128,3129626,3105010,3292,NaN,2165,1052,2164,8,NaN,NaN,16651328,6694744,2148,411648,43520,17,227473
2026-04-27 18:25:17.249,50328,ESTAB,cubic,232,28.999,0.316,20.145,1448,36,52128,52128,3328002,3304834,3292,NaN,2302,1121,2301,8,NaN,NaN,17256312,6689936,2286,411648,43520,16,29097
2026-04-27 18:25:17.482,50328,ESTAB,cubic,236,34.551,10.217,20.145,1448,36,52128,52128,3357099,3357099,3292,NaN,2323,1140,2322,8,NaN,NaN,14483400,2813256,2323,411648,43520,NaN,NaN
2026-04-27 18:25:17.713,50328,ESTAB,cubic,236,34.551,10.217,20.145,1448,36,52128,52128,3357099,3357099,3292,NaN,2323,1140,2322,8,NaN,NaN,14483400,2813256,2323,411648,43520,NaN,NaN
2026-04-27 18:25:17.952,50328,ESTAB,cubic,236,34.551,10.217,20.145,1448,36,52128,52128,3357099,3357099,3292,NaN,2323,1140,2322,8,NaN,NaN,14483400,2813256,2323,411648,43520,NaN,NaN
2026-04-27 18:25:18.185,50328,ESTAB,cubic,236,34.551,10.217,20.145,1448,36,52128,52128,3357099,3357099,3292,NaN,2323,1140,2322,8,NaN,NaN,14483400,2813256,2323,411648,43520,NaN,NaN
2026-04-27 18:25:18.437,50328,ESTAB,cubic,236,34.551,10.217,20.145,1448,36,52128,52128,3357099,3357099,3292,NaN,2323,1140,2322,8,NaN,NaN,14483400,2813256,2323,411648,43520,NaN,NaN
2026-04-27 18:25:18.670,50328,ESTAB,cubic,232,28.828,0.034,20.145,1448,36,52128,52128,3517566,3492950,4116,NaN,2434,1190,2433,10,NaN,NaN,17358816,6692080,2417,411648,43520,17,308424
2026-04-27 18:25:18.905,50328,ESTAB,cubic,232,30.363,0.36,20.145,1448,36,52128,52128,3710150,3686982,4116,NaN,2567,1257,2566,10,NaN,NaN,16481528,6693776,2551,411648,43520,16,246160
2026-04-27 18:25:19.143,50328,ESTAB,cubic,232,28.893,0.152,20.145,1448,36,52128,52128,3911422,3886806,4116,NaN,2706,1326,2705,10,NaN,NaN,17320064,6684360,2689,411648,43520,17,305528
2026-04-27 18:25:19.383,50328,ESTAB,cubic,232,30.408,0.247,20.145,1448,36,52128,52128,4112694,4086630,4116,NaN,2845,1395,2844,10,NaN,NaN,16456800,5858112,2827,411648,43520,18,140674
2026-04-27 18:25:19.617,50328,ESTAB,cubic,232,28.835,0.429,20.145,1448,36,52128,52128,4253368,4253368,4116,NaN,2943,1453,2942,10,NaN,NaN,17354752,6300144,2943,411648,43520,NaN,NaN
2026-04-27 18:25:19.855,50328,ESTAB,cubic,232,28.835,0.429,20.145,1448,36,52128,52128,4253368,4253368,4116,NaN,2943,1453,2942,10,NaN,NaN,17354752,6300144,2943,411648,43520,NaN,NaN
2026-04-27 18:25:20.103,50328,ESTAB,cubic,232,28.835,0.429,20.145,1448,36,52128,52128,4253368,4253368,4116,NaN,2943,1453,2942,10,NaN,NaN,17354752,6300144,2943,411648,43520,NaN,NaN
2026-04-27 18:25:20.337,50328,ESTAB,cubic,232,28.835,0.429,20.145,1448,36,52128,52128,4253368,4253368,4116,NaN,2943,1453,2942,10,NaN,NaN,17354752,6300144,2943,411648,43520,NaN,NaN
2026-04-27 18:25:20.581,50328,ESTAB,cubic,228,27.617,1.626,20.145,1448,34,49232,52128,4313923,4290755,4940,NaN,2985,1468,2984,12,NaN,NaN,17113632,5587840,2969,411648,43520,16,278016
2026-04-27 18:25:20.821,50328,ESTAB,cubic,232,29.123,0.41,20.145,1448,36,52128,52128,4513747,4490579,4940,NaN,3123,1537,3122,12,NaN,NaN,17183208,6681784,3107,411648,43520,16,208512
2026-04-27 18:25:21.059,50328,ESTAB,cubic,232,29.969,0.846,20.145,1448,36,52128,52128,4715019,4690403,4940,NaN,3262,1606,3261,12,NaN,NaN,16698208,6684600,3245,411648,43520,17,267880
2026-04-27 18:25:21.302,50328,ESTAB,cubic,232,28.971,0.345,20.145,1448,36,52128,52128,4916291,4893123,4940,NaN,3401,1676,3400,12,NaN,NaN,17273136,6694448,3385,411648,43520,16,196928
2026-04-27 18:25:21.546,50328,ESTAB,cubic,232,30.242,0.48,20.145,1448,36,52128,52128,5119011,5095843,4940,NaN,3541,1746,3540,12,NaN,NaN,16547128,6686288,3525,411648,43520,16,254848
2026-04-27 18:25:21.789,50328,ESTAB,cubic,232,28.879,0.164,20.145,1448,36,52128,52128,5326075,5301459,4940,NaN,3684,1817,3683,12,NaN,NaN,17328240,6688000,3667,411648,43520,17,185365
2026-04-27 18:25:22.018,50328,ESTAB,cubic,232,30.265,0.367,20.145,1448,36,52128,52128,5511440,5492595,4940,NaN,3813,1883,3812,12,NaN,NaN,16534624,6701272,3799,411648,43520,14,NaN
2026-04-27 18:25:22.248,50328,ESTAB,cubic,232,29.426,0.426,20.145,1448,36,52128,52128,5511440,5511440,4940,NaN,3813,1890,3812,12,NaN,NaN,17005840,6694984,3813,411648,43520,NaN,NaN
2026-04-27 18:25:22.480,50328,ESTAB,cubic,232,29.426,0.426,20.145,1448,36,52128,52128,5511440,5511440,4940,NaN,3813,1890,3812,12,NaN,NaN,17005840,6694984,3813,411648,43520,NaN,NaN
2026-04-27 18:25:22.706,50328,ESTAB,cubic,232,28.762,0.062,20.145,1448,36,52128,52128,5657427,5632811,5764,NaN,3914,1934,3913,14,NaN,NaN,17398952,6695088,3897,411648,43520,17,192584
2026-04-27 18:25:22.951,50328,ESTAB,cubic,232,30.217,0.549,20.145,1448,36,52128,52128,5855803,5829739,5764,NaN,4051,2002,4050,14,NaN,NaN,16561160,6688456,4033,411648,43520,18,254848
2026-04-27 18:25:23.184,50328,ESTAB,cubic,232,28.919,0.216,20.145,1448,36,52128,52128,6057075,6032459,5764,NaN,4190,2072,4189,14,NaN,NaN,17304416,6695952,4173,411648,43520,17,183896
2026-04-27 18:25:23.408,50328,ESTAB,cubic,232,30.175,0.524,20.145,1448,36,52128,52128,6246763,6220699,5764,NaN,4321,2137,4320,14,NaN,NaN,16583800,6684600,4303,411648,43520,18,254848
2026-04-27 18:25:23.633,50328,ESTAB,cubic,232,28.999,0.355,20.145,1448,36,52128,52128,6432107,6408939,5764,NaN,4449,2202,4448,14,NaN,NaN,17256608,6675368,4433,411648,43520,16,199824
2026-04-27 18:25:23.876,50328,ESTAB,cubic,232,30.175,0.676,20.145,1448,36,52128,52128,6630483,6608763,5764,NaN,4586,2271,4585,14,NaN,NaN,16584080,6690632,4571,411648,43520,15,77117
2026-04-27 18:25:24.108,50328,ESTAB,cubic,236,33.877,10.617,20.145,1448,36,52128,52128,6707600,6707600,5764,NaN,4640,2306,4639,14,NaN,NaN,14771656,2778016,4640,411648,43520,NaN,NaN
2026-04-27 18:25:24.350,50328,ESTAB,cubic,236,33.877,10.617,20.145,1448,36,52128,52128,6707600,6707600,5764,NaN,4640,2306,4639,14,NaN,NaN,14771656,2778016,4640,411648,43520,NaN,NaN
2026-04-27 18:25:24.580,50328,ESTAB,cubic,232,30.889,10.592,20.145,1448,10,14480,52128,6724715,6710483,6588,NaN,4652,2310,4651,16,NaN,NaN,7500192,2778016,4642,411648,43520,10,321456
2026-04-27 18:25:24.814,50328,ESTAB,cubic,232,30.189,0.582,20.145,1448,36,52128,52128,6918747,6895579,6588,NaN,4786,2374,4785,16,NaN,NaN,16576384,6673528,4770,411648,43520,16,257744
2026-04-27 18:25:25.047,50328,ESTAB,cubic,232,28.949,0.273,20.145,1448,36,52128,52128,7117123,7092507,6588,NaN,4923,2442,4922,16,NaN,NaN,17286192,6667896,4906,411648,43520,17,189688
2026-04-27 18:25:25.272,50328,ESTAB,cubic,232,30.107,0.719,20.145,1448,36,52128,52128,7305363,7280747,6588,NaN,5053,2507,5052,16,NaN,NaN,16621672,6672808,5036,411648,43520,17,262088
2026-04-27 18:25:25.499,50328,ESTAB,cubic,232,29.13,0.341,20.145,1448,36,52128,52128,7492155,7468987,6588,NaN,5182,2572,5181,16,NaN,NaN,17179080,6665984,5166,411648,43520,16,205616
2026-04-27 18:25:25.726,50328,ESTAB,cubic,232,29.806,1.021,20.145,1448,36,52128,52128,7684739,7660123,6588,NaN,5315,2638,5314,16,NaN,NaN,16789104,6687496,5298,411648,43520,17,243833
2026-04-27 18:25:25.954,50328,ESTAB,cubic,232,29.222,0.485,20.145,1448,36,52128,52128,7874427,7851259,6588,NaN,5446,2704,5445,16,NaN,NaN,17124624,6673232,5430,411648,43520,16,54145
2026-04-27 18:25:26.184,50328,ESTAB,cubic,232,30.033,0.778,20.145,1448,36,52128,52128,7928572,7928572,6588,NaN,5484,2731,5483,16,NaN,NaN,16662416,5859592,5484,411648,43520,NaN,NaN
2026-04-27 18:25:26.413,50328,ESTAB,cubic,232,30.033,0.778,20.145,1448,36,52128,52128,7928572,7928572,6588,NaN,5484,2731,5483,16,NaN,NaN,16662416,5859592,5484,411648,43520,NaN,NaN
2026-04-27 18:25:26.641,50328,ESTAB,cubic,228,27.678,1.842,20.145,1448,22,31856,52128,7974647,7948583,7412,NaN,5516,2740,5515,18,NaN,NaN,11048968,5236648,5498,411648,43520,18,292496
2026-04-27 18:25:26.868,50328,ESTAB,cubic,232,29.986,0.347,20.145,1448,36,52128,52128,8162887,8139719,7412,NaN,5646,2806,5645,18,NaN,NaN,16688400,6708064,5630,411648,43520,16,234576
2026-04-27 18:25:27.092,50328,ESTAB,cubic,232,28.87,0.145,20.145,1448,36,52128,52128,8352575,8327959,7412,NaN,5777,2871,5776,18,NaN,NaN,17333792,6695736,5760,411648,43520,17,305528
2026-04-27 18:25:27.338,50328,ESTAB,cubic,232,30.397,0.282,20.145,1448,36,52128,52128,8550951,8524887,7412,NaN,5914,2938,5913,18,NaN,NaN,16463024,6669688,5896,411648,43520,18,237472
2026-04-27 18:25:27.571,50328,ESTAB,cubic,232,28.458,0.26,20.145,1448,36,52128,52128,8752223,8727607,7412,NaN,6053,3008,6052,18,NaN,NaN,17584736,6301000,6036,411648,43520,17,264026
2026-04-27 18:25:27.797,50328,ESTAB,cubic,232,30.374,0.301,20.145,1448,36,52128,52128,8941911,8915847,7412,NaN,6184,3073,6183,18,NaN,NaN,16475496,6678096,6166,411648,43520,18,74338
2026-04-27 18:25:28.030,50328,ESTAB,cubic,232,30.019,0.888,20.145,1448,36,52128,52128,9016249,9016249,7412,NaN,6236,3108,6235,18,NaN,NaN,16670120,5846280,6236,411648,43520,NaN,NaN
2026-04-27 18:25:28.266,50328,ESTAB,cubic,232,30.019,0.888,20.145,1448,36,52128,52128,9016249,9016249,7412,NaN,6236,3108,6235,18,NaN,NaN,16670120,5846280,6236,411648,43520,NaN,NaN
2026-04-27 18:25:28.500,50328,ESTAB,cubic,232,30.019,0.888,20.145,1448,36,52128,52128,9016249,9016249,7412,NaN,6236,3108,6235,18,NaN,NaN,16670120,5846280,6236,411648,43520,NaN,NaN
2026-04-27 18:25:28.736,50328,ESTAB,cubic,232,28.492,0.512,20.145,1448,36,52128,52128,9108660,9085492,8236,NaN,6300,3134,6299,20,NaN,NaN,17563368,6682216,6284,411648,43520,16,246160
2026-04-27 18:25:28.966,50328,ESTAB,cubic,232,28.882,0.235,20.145,1448,36,52128,52128,9301244,9276628,8236,NaN,6433,3200,6432,20,NaN,NaN,17326512,6700256,6416,411648,43520,17,183896
2026-04-27 18:25:29.199,50328,ESTAB,cubic,232,30.303,0.379,20.145,1448,36,52128,52128,9496724,9473556,8236,NaN,6568,3268,6567,20,NaN,NaN,16514160,6694256,6552,411648,43520,16,249056
2026-04-27 18:25:29.431,50328,ESTAB,cubic,232,28.852,0.167,20.145,1448,36,52128,52128,9689308,9667588,8236,NaN,6701,3335,6700,20,NaN,NaN,17344456,6694656,6686,411648,43520,15,186792
2026-04-27 18:25:29.662,50328,ESTAB,cubic,232,30.274,0.413,20.145,1448,36,52128,52128,9884788,9861620,8236,NaN,6836,3402,6835,20,NaN,NaN,16529576,6694984,6820,411648,43520,16,196980
2026-04-27 18:25:29.888,50328,ESTAB,cubic,232,28.941,0.32,20.145,1448,36,52128,52128,10074476,10049860,8236,NaN,6967,3467,6966,20,NaN,NaN,17291120,6700040,6950,411648,43520,17,7292
2026-04-27 18:25:30.109,50328,ESTAB,cubic,236,33.816,10.504,20.145,1448,36,52128,52128,10081768,10081768,8236,NaN,6973,3479,6972,20,NaN,NaN,14798576,2796912,6973,411648,43520,NaN,NaN
2026-04-27 18:25:30.337,50328,ESTAB,cubic,236,33.816,10.504,20.145,1448,36,52128,52128,10081768,10081768,8236,NaN,6973,3479,6972,20,NaN,NaN,14798576,2796912,6973,411648,43520,NaN,NaN
2026-04-27 18:25:30.572,50328,ESTAB,cubic,236,33.816,10.504,20.145,1448,36,52128,52128,10081768,10081768,8236,NaN,6973,3479,6972,20,NaN,NaN,14798576,2796912,6973,411648,43520,NaN,NaN
2026-04-27 18:25:30.803,50328,ESTAB,cubic,232,28.747,0.051,20.145,1448,36,52128,52128,10206035,10182867,9060,NaN,7059,3517,7058,22,NaN,NaN,17407808,6699176,7043,411648,43520,16,214304
2026-04-27 18:25:31.029,50328,ESTAB,cubic,232,29.462,1.245,20.145,1448,36,52128,52128,10395723,10374003,9060,NaN,7190,3583,7189,22,NaN,NaN,16985344,6302288,7175,411648,43520,15,268022
2026-04-27 18:25:31.254,50328,ESTAB,cubic,232,30.314,0.303,20.145,1448,36,52128,52128,10582515,10560795,9060,NaN,7319,3647,7318,22,NaN,NaN,16507896,6686400,7304,411648,43520,15,81230
2026-04-27 18:25:31.486,50328,ESTAB,cubic,232,28.73,0.318,20.145,1448,36,52128,52128,10663745,10663745,9060,NaN,7376,3683,7375,22,NaN,NaN,17417800,6300568,7376,411648,43520,NaN,NaN
2026-04-27 18:25:31.723,50328,ESTAB,cubic,232,28.73,0.318,20.145,1448,36,52128,52128,10663745,10663745,9060,NaN,7376,3683,7375,22,NaN,NaN,17417800,6300568,7376,411648,43520,NaN,NaN
2026-04-27 18:25:31.987,50328,ESTAB,cubic,232,28.73,0.318,20.145,1448,36,52128,52128,10663745,10663745,9060,NaN,7376,3683,7375,22,NaN,NaN,17417800,6300568,7376,411648,43520,NaN,NaN
2026-04-27 18:25:32.232,50328,ESTAB,cubic,232,28.73,0.318,20.145,1448,36,52128,52128,10663745,10663745,9060,NaN,7376,3683,7375,22,NaN,NaN,17417800,6300568,7376,411648,43520,NaN,NaN
2026-04-27 18:25:32.489,50328,ESTAB,cubic,232,28.73,0.318,20.145,1448,36,52128,52128,10663745,10663745,9060,NaN,7376,3683,7375,22,NaN,NaN,17417800,6300568,7376,411648,43520,NaN,NaN
2026-04-27 18:25:32.734,50328,ESTAB,cubic,228,27.867,1.865,20.145,1448,20,28960,52128,10701132,10680860,9884,NaN,7402,3691,7401,24,NaN,NaN,9976304,6300568,7388,411648,43520,14,301184
2026-04-27 18:25:32.976,50328,ESTAB,cubic,232,29.874,0.366,20.145,1448,36,52128,52128,10900956,10877788,9884,NaN,7540,3759,7539,24,NaN,NaN,16751168,6696168,7524,411648,43520,16,231680
2026-04-27 18:25:33.233,50328,ESTAB,cubic,232,29.635,1.077,20.145,1448,36,52128,52128,11113812,11092092,9884,NaN,7687,3833,7686,24,NaN,NaN,16886408,6696920,7672,411648,43520,15,279464
2026-04-27 18:25:33.484,50328,ESTAB,cubic,232,29.004,0.343,20.145,1448,36,52128,52128,11326668,11303500,9884,NaN,7834,3906,7833,24,NaN,NaN,17253704,6693800,7818,411648,43520,16,196928
2026-04-27 18:25:33.731,50328,ESTAB,cubic,232,30.293,0.449,20.145,1448,36,52128,52128,11532284,11509116,9884,NaN,7976,3977,7975,24,NaN,NaN,16519136,6694744,7960,411648,43520,16,251952
2026-04-27 18:25:33.970,50328,ESTAB,cubic,232,28.874,0.184,20.145,1448,36,52128,52128,11736452,11711836,9884,NaN,8117,4047,8116,24,NaN,NaN,17331392,6695520,8100,411648,43520,17,54505
2026-04-27 18:25:34.201,50328,ESTAB,cubic,236,34.578,9.702,20.145,1448,36,52128,52128,11790957,11790957,9884,NaN,8155,4075,8154,24,NaN,NaN,14472456,2493360,8155,411648,43520,NaN,NaN
2026-04-27 18:25:34.441,50328,ESTAB,cubic,236,34.578,9.702,20.145,1448,36,52128,52128,11790957,11790957,9884,NaN,8155,4075,8154,24,NaN,NaN,14472456,2493360,8155,411648,43520,NaN,NaN
2026-04-27 18:25:34.686,50328,ESTAB,cubic,236,34.578,9.702,20.145,1448,36,52128,52128,11790957,11790957,9884,NaN,8155,4075,8154,24,NaN,NaN,14472456,2493360,8155,411648,43520,NaN,NaN
2026-04-27 18:25:34.929,50328,ESTAB,cubic,232,29.264,1.184,20.137,1448,36,52128,52128,11974592,11949976,10708,NaN,8282,4133,8281,26,NaN,NaN,17100120,6300784,8265,411648,43520,17,285256
2026-04-27 18:25:35.161,50328,ESTAB,cubic,232,29.359,0.418,20.137,1448,36,52128,52128,12170072,12146904,10708,NaN,8417,4201,8416,26,NaN,NaN,17045080,6700896,8401,411648,43520,16,220096
2026-04-27 18:25:35.391,50328,ESTAB,cubic,232,29.161,1.109,20.137,1448,36,52128,52128,12362656,12338040,10708,NaN,8550,4267,8549,26,NaN,NaN,17160448,6297576,8533,411648,43520,17,288152
2026-04-27 18:25:35.622,50328,ESTAB,cubic,232,29.561,0.428,20.137,1448,36,52128,52128,12555240,12532072,10708,NaN,8683,4334,8682,26,NaN,NaN,16928392,6694016,8667,411648,43520,16,145075
2026-04-27 18:25:35.854,50328,ESTAB,cubic,232,28.794,0.305,20.137,1448,36,52128,52128,12700315,12700040,10708,NaN,8784,4392,8783,26,NaN,NaN,17379392,6437560,8783,411648,43520,1,NaN
2026-04-27 18:25:36.089,50328,ESTAB,cubic,236,33.347,9.334,20.137,1448,36,52128,52128,12700315,12700315,10708,NaN,8784,4393,8783,26,NaN,NaN,15006704,2285672,8784,411648,43520,NaN,NaN
2026-04-27 18:25:36.329,50328,ESTAB,cubic,236,33.347,9.334,20.137,1448,36,52128,52128,12700315,12700315,10708,NaN,8784,4393,8783,26,NaN,NaN,15006704,2285672,8784,411648,43520,NaN,NaN
2026-04-27 18:25:36.569,50328,ESTAB,cubic,236,33.347,9.334,20.137,1448,36,52128,52128,12700315,12700315,10708,NaN,8784,4393,8783,26,NaN,NaN,15006704,2285672,8784,411648,43520,NaN,NaN
2026-04-27 18:25:36.808,50328,ESTAB,cubic,232,28.05,1.996,20.137,1448,32,46336,52128,12757974,12734806,11532,NaN,8824,4408,8823,28,NaN,NaN,15858232,5579960,8808,411648,43520,16,280912
2026-04-27 18:25:37.051,50328,ESTAB,cubic,232,29.21,0.451,20.137,1448,36,52128,52128,12960694,12934630,11532,NaN,8964,4477,8963,28,NaN,NaN,17132104,6702624,8946,411648,43520,18,208512
2026-04-27 18:25:37.307,50328,ESTAB,cubic,232,30.245,0.585,20.137,1448,36,52128,52128,13172102,13148934,11532,NaN,9110,4551,9109,28,NaN,NaN,16545488,6691840,9094,411648,43520,16,257744
2026-04-27 18:25:37.544,50328,ESTAB,cubic,232,28.884,0.201,20.137,1448,36,52128,52128,13373374,13351654,11532,NaN,9249,4621,9248,28,NaN,NaN,17324936,6689720,9234,411648,43520,15,186792
2026-04-27 18:25:37.785,50328,ESTAB,cubic,232,30.301,0.465,20.137,1448,36,52128,52128,13574646,13548582,11532,NaN,9388,4689,9387,28,NaN,NaN,16515256,6686768,9370,411648,43520,18,246160
2026-04-27 18:25:38.034,50328,ESTAB,cubic,232,28.472,0.26,20.137,1448,36,52128,52128,13784606,13759990,11532,NaN,9533,4762,9532,28,NaN,NaN,17576088,6300360,9516,411648,43520,17,75938
2026-04-27 18:25:38.289,50328,ESTAB,cubic,232,28.473,0.333,20.137,1448,36,52128,52128,13860544,13860544,11532,NaN,9586,4797,9585,28,NaN,NaN,17575400,6176688,9586,411648,43520,NaN,NaN
2026-04-27 18:25:38.534,50328,ESTAB,cubic,232,28.473,0.333,20.137,1448,36,52128,52128,13860544,13860544,11532,NaN,9586,4797,9585,28,NaN,NaN,17575400,6176688,9586,411648,43520,NaN,NaN
2026-04-27 18:25:38.778,50328,ESTAB,cubic,228,27.66,0.526,20.137,1448,10,14480,52128,13870419,13863427,12356,NaN,9593,4800,9592,30,NaN,NaN,8375728,6176688,9588,411648,43520,5,328696
2026-04-27 18:25:39.014,50328,ESTAB,cubic,232,30.111,0.721,20.137,1448,36,52128,52128,14067347,14042731,12356,NaN,9729,4862,9728,30,NaN,NaN,16619464,6694256,9712,411648,43520,17,262088
2026-04-27 18:25:39.246,50328,ESTAB,cubic,232,29.031,0.361,20.137,1448,36,52128,52128,14259931,14236763,12356,NaN,9862,4929,9861,30,NaN,NaN,17237216,6695952,9846,411648,43520,16,199824
2026-04-27 18:25:39.484,50328,ESTAB,cubic,232,30.143,0.699,20.137,1448,36,52128,52128,14458307,14433691,12356,NaN,9999,4997,9998,30,NaN,NaN,16601616,6674728,9982,411648,43520,17,174396
2026-04-27 18:25:39.726,50328,ESTAB,cubic,232,28.794,0.354,20.137,1448,36,52128,52128,14632703,14632703,12356,NaN,10120,5066,10119,30,NaN,NaN,17379240,6303568,10120,411648,43520,NaN,NaN
2026-04-27 18:25:39.951,50328,ESTAB,cubic,232,28.794,0.354,20.137,1448,36,52128,52128,14632703,14632703,12356,NaN,10120,5066,10119,30,NaN,NaN,17379240,6303568,10120,411648,43520,NaN,NaN
2026-04-27 18:25:40.183,50328,ESTAB,cubic,232,28.794,0.354,20.137,1448,36,52128,52128,14632703,14632703,12356,NaN,10120,5066,10119,30,NaN,NaN,17379240,6303568,10120,411648,43520,NaN,NaN
2026-04-27 18:25:40.432,50328,ESTAB,cubic,232,28.794,0.354,20.137,1448,36,52128,52128,14632703,14632703,12356,NaN,10120,5066,10119,30,NaN,NaN,17379240,6303568,10120,411648,43520,NaN,NaN
2026-04-27 18:25:40.682,50328,ESTAB,cubic,232,28.794,0.354,20.137,1448,36,52128,52128,14632703,14632703,12356,NaN,10120,5066,10119,30,NaN,NaN,17379240,6303568,10120,411648,43520,NaN,NaN
2026-04-27 18:25:40.928,50328,ESTAB,cubic,232,28.696,0.224,20.137,1448,36,52128,52128,14742490,14719322,13180,NaN,10196,5098,10195,32,NaN,NaN,17438968,6690360,10180,411648,43520,16,228784
2026-04-27 18:25:41.165,50328,ESTAB,cubic,232,28.945,1.01,20.137,1448,36,52128,52128,14940866,14916250,13180,NaN,10333,5166,10332,32,NaN,NaN,17288952,6283480,10316,411648,43520,17,291048
2026-04-27 18:25:41.395,50328,ESTAB,cubic,236,35.749,1.684,20.137,1448,25,36200,36200,15039330,15023402,13180,NaN,10401,5206,10400,32,NaN,NaN,9721104,3346200,10390,411648,43520,11,192584
2026-04-27 18:25:41.645,50328,ESTAB,cubic,240,36.979,0.73,20.137,1448,11,15928,15928,15143586,15130554,13180,NaN,10473,5247,10472,32,NaN,NaN,4134928,3347088,10464,411648,43520,9,218648
2026-04-27 18:25:41.889,50328,ESTAB,cubic,236,34.039,2.257,20.137,1448,13,18824,15928,15249290,15231914,13180,NaN,10546,5291,10545,32,NaN,NaN,5308880,3352816,10534,411648,43520,12,243264
2026-04-27 18:25:42.122,50328,ESTAB,cubic,236,33.023,1.63,20.137,1448,11,15928,13032,15343410,15328930,13180,NaN,10611,5329,10610,32,NaN,NaN,4630248,3297088,10601,411648,43520,10,248642
2026-04-27 18:25:42.373,50328,ESTAB,cubic,236,33.623,2.022,20.137,1448,6,8688,8688,15441874,15433186,13180,NaN,10679,5372,10678,32,NaN,NaN,2480560,2779120,10673,411136,43520,6,150178
2026-04-27 18:25:42.623,50328,ESTAB,cubic,232,29.64,1.836,20.137,1448,10,14480,8688,15551922,15537442,13180,NaN,10755,5416,10754,32,NaN,NaN,4689816,3347544,10745,411648,43520,10,40130
2026-04-27 18:25:42.870,50328,ESTAB,cubic,232,30.462,2.766,20.137,1448,12,17376,8688,15617855,15600479,14004,NaN,10801,5444,10800,34,NaN,NaN,5475984,2677832,10789,411648,43520,12,312768
2026-04-27 18:25:43.110,50328,ESTAB,cubic,236,32.299,2.156,20.137,1448,10,14480,13032,15717767,15703287,14004,NaN,10870,5484,10869,34,NaN,NaN,4303664,3339864,10860,411648,43520,10,212856
2026-04-27 18:25:43.350,50328,ESTAB,cubic,236,35.121,2.011,20.137,1448,9,13032,13032,15814783,15803199,14004,NaN,10937,5524,10936,34,NaN,NaN,3562144,3068456,10929,411136,43520,8,246160
2026-04-27 18:25:43.593,50328,ESTAB,cubic,236,33.805,2.832,20.137,1448,12,17376,13032,15920487,15904559,14004,NaN,11010,5564,11009,34,NaN,NaN,4934408,3351584,10999,411648,43520,11,270776
2026-04-27 18:25:43.837,50328,ESTAB,cubic,236,35.304,2.392,20.137,1448,14,20272,13032,16021847,16007367,14004,NaN,11080,5606,11079,34,NaN,NaN,5512360,3349584,11070,411648,43520,10,299736
2026-04-27 18:25:44.077,50328,ESTAB,cubic,236,33.001,1.401,20.137,1448,11,15928,13032,16121759,16107279,14004,NaN,11149,5646,11148,34,NaN,NaN,4633352,3294560,11139,411648,43520,10,199824
2026-04-27 18:25:44.338,50328,ESTAB,cubic,240,36.43,1.679,20.137,1448,9,13032,13032,16224567,16211535,14004,NaN,11220,5689,11219,34,NaN,NaN,3434128,3347488,11211,411648,43520,9,227336
2026-04-27 18:25:44.580,50328,ESTAB,cubic,232,28.141,2.772,20.137,1448,10,14480,8688,16330271,16315791,14004,NaN,11293,5731,11292,34,NaN,NaN,4939536,3352600,11283,411648,43520,10,251952
2026-04-27 18:25:44.825,50328,ESTAB,cubic,232,29.415,1.768,20.137,1448,10,14480,10136,16431631,16417151,14004,NaN,11363,5773,11362,34,NaN,NaN,4725608,3352600,11353,411648,43520,10,280912
2026-04-27 18:25:45.085,51120,ESTAB,cubic,224,22.201,7.389,20.541,1448,10,14480,NaN,2883,2883,408,NaN,3,5,2,1,NaN,NaN,10435448,902952,3,48640,43520,NaN,NaN
2026-04-27 18:25:45.325,51120,ESTAB,cubic,224,22.201,7.389,20.541,1448,10,14480,NaN,2883,2883,408,NaN,3,5,2,1,NaN,NaN,10435448,902952,3,48640,43520,NaN,NaN
2026-04-27 18:25:45.559,51120,ESTAB,cubic,224,22.201,7.389,20.541,1448,10,14480,NaN,2883,2883,408,NaN,3,5,2,1,NaN,NaN,10435448,902952,3,48640,43520,NaN,NaN
2026-04-27 18:25:45.787,51120,ESTAB,cubic,224,22.201,7.389,20.541,1448,10,14480,NaN,2883,2883,408,NaN,3,5,2,1,NaN,NaN,10435448,902952,3,48640,43520,NaN,NaN
2026-04-27 18:25:46.022,51120,ESTAB,cubic,224,22.201,7.389,20.541,1448,10,14480,NaN,2883,2883,408,NaN,3,5,2,1,NaN,NaN,10435448,902952,3,48640,43520,NaN,NaN
2026-04-27 18:25:46.271,51120,ESTAB,cubic,224,22.201,7.389,20.541,1448,10,14480,NaN,2883,2883,408,NaN,3,5,2,1,NaN,NaN,10435448,902952,3,48640,43520,NaN,NaN
2026-04-27 18:25:46.499,51120,ESTAB,cubic,224,22.201,7.389,20.541,1448,10,14480,NaN,2883,2883,408,NaN,3,5,2,1,NaN,NaN,10435448,902952,3,48640,43520,NaN,NaN
2026-04-27 18:25:46.746,51120,ESTAB,cubic,224,22.201,7.389,20.541,1448,10,14480,NaN,2883,2883,408,NaN,3,5,2,1,NaN,NaN,10435448,902952,3,48640,43520,NaN,NaN
2026-04-27 18:25:47.006,51120,ESTAB,cubic,224,22.738,5.442,20.541,1448,10,14480,NaN,5766,5766,816,NaN,5,8,4,2,NaN,NaN,10189048,902952,5,53248,43520,NaN,NaN
2026-04-27 18:25:47.260,51120,ESTAB,cubic,224,22.738,5.442,20.541,1448,10,14480,NaN,5766,5766,816,NaN,5,8,4,2,NaN,NaN,10189048,902952,5,53248,43520,NaN,NaN
2026-04-27 18:25:47.499,51120,ESTAB,cubic,224,22.738,5.442,20.541,1448,10,14480,NaN,5766,5766,816,NaN,5,8,4,2,NaN,NaN,10189048,902952,5,53248,43520,NaN,NaN
2026-04-27 18:25:47.742,51120,ESTAB,cubic,224,22.738,5.442,20.541,1448,10,14480,NaN,5766,5766,816,NaN,5,8,4,2,NaN,NaN,10189048,902952,5,53248,43520,NaN,NaN
2026-04-27 18:25:47.997,51120,ESTAB,cubic,224,22.738,5.442,20.541,1448,10,14480,NaN,5766,5766,816,NaN,5,8,4,2,NaN,NaN,10189048,902952,5,53248,43520,NaN,NaN
2026-04-27 18:25:48.253,51120,ESTAB,cubic,224,22.738,5.442,20.541,1448,10,14480,NaN,5766,5766,816,NaN,5,8,4,2,NaN,NaN,10189048,902952,5,53248,43520,NaN,NaN
2026-04-27 18:25:48.489,51120,ESTAB,cubic,224,22.738,5.442,20.541,1448,10,14480,NaN,5766,5766,816,NaN,5,8,4,2,NaN,NaN,10189048,902952,5,53248,43520,NaN,NaN
2026-04-27 18:25:48.746,51120,ESTAB,cubic,224,22.738,5.442,20.541,1448,10,14480,NaN,5766,5766,816,NaN,5,8,4,2,NaN,NaN,10189048,902952,5,53248,43520,NaN,NaN
2026-04-27 18:25:48.999,51120,ESTAB,cubic,224,22.738,5.442,20.541,1448,10,14480,NaN,5766,5766,816,NaN,5,8,4,2,NaN,NaN,10189048,902952,5,53248,43520,NaN,NaN
2026-04-27 18:25:49.252,51120,ESTAB,cubic,224,22.738,5.442,20.541,1448,10,14480,NaN,5766,5766,816,NaN,5,8,4,2,NaN,NaN,10189048,902952,5,53248,43520,NaN,NaN
2026-04-27 18:25:49.504,51120,ESTAB,cubic,224,22.738,5.442,20.541,1448,10,14480,NaN,5766,5766,816,NaN,5,8,4,2,NaN,NaN,10189048,902952,5,53248,43520,NaN,NaN
2026-04-27 18:25:49.758,51120,ESTAB,cubic,224,22.738,5.442,20.541,1448,10,14480,NaN,5766,5766,816,NaN,5,8,4,2,NaN,NaN,10189048,902952,5,53248,43520,NaN,NaN
2026-04-27 18:25:50.019,51120,ESTAB,cubic,224,22.738,5.442,20.541,1448,10,14480,NaN,5766,5766,816,NaN,5,8,4,2,NaN,NaN,10189048,902952,5,53248,43520,NaN,NaN
2026-04-27 18:25:50.280,51120,ESTAB,cubic,224,22.738,5.442,20.541,1448,10,14480,NaN,5766,5766,816,NaN,5,8,4,2,NaN,NaN,10189048,902952,5,53248,43520,NaN,NaN
2026-04-27 18:25:50.542,51120,ESTAB,cubic,224,22.738,5.442,20.541,1448,10,14480,NaN,5766,5766,816,NaN,5,8,4,2,NaN,NaN,10189048,902952,5,53248,43520,NaN,NaN
2026-04-27 18:25:50.804,51120,ESTAB,cubic,224,22.738,5.442,20.541,1448,10,14480,NaN,5766,5766,816,NaN,5,8,4,2,NaN,NaN,10189048,902952,5,53248,43520,NaN,NaN
2026-04-27 18:25:51.076,51120,ESTAB,cubic,224,22.738,5.442,20.541,1448,10,14480,NaN,5766,5766,816,NaN,5,8,4,2,NaN,NaN,10189048,902952,5,53248,43520,NaN,NaN
2026-04-27 18:25:51.337,51120,ESTAB,cubic,224,22.738,5.442,20.541,1448,10,14480,NaN,5766,5766,816,NaN,5,8,4,2,NaN,NaN,10189048,902952,5,53248,43520,NaN,NaN
2026-04-27 18:25:51.605,51120,ESTAB,cubic,224,22.738,5.442,20.541,1448,10,14480,NaN,5766,5766,816,NaN,5,8,4,2,NaN,NaN,10189048,902952,5,53248,43520,NaN,NaN
2026-04-27 18:25:51.859,51120,ESTAB,cubic,224,22.738,5.442,20.541,1448,10,14480,NaN,5766,5766,816,NaN,5,8,4,2,NaN,NaN,10189048,902952,5,53248,43520,NaN,NaN
2026-04-27 18:25:52.112,51120,ESTAB,cubic,224,22.738,5.442,20.541,1448,10,14480,NaN,5766,5766,816,NaN,5,8,4,2,NaN,NaN,10189048,902952,5,53248,43520,NaN,NaN
2026-04-27 18:25:52.369,51120,ESTAB,cubic,224,22.738,5.442,20.541,1448,10,14480,NaN,5766,5766,816,NaN,5,8,4,2,NaN,NaN,10189048,902952,5,53248,43520,NaN,NaN
2026-04-27 18:25:52.633,51120,ESTAB,cubic,224,22.738,5.442,20.541,1448,10,14480,NaN,5766,5766,816,NaN,5,8,4,2,NaN,NaN,10189048,902952,5,53248,43520,NaN,NaN
2026-04-27 18:25:52.904,51120,ESTAB,cubic,224,22.738,5.442,20.541,1448,10,14480,NaN,5766,5766,816,NaN,5,8,4,2,NaN,NaN,10189048,902952,5,53248,43520,NaN,NaN
2026-04-27 18:25:53.171,51120,ESTAB,cubic,224,22.738,5.442,20.541,1448,10,14480,NaN,5766,5766,816,NaN,5,8,4,2,NaN,NaN,10189048,902952,5,53248,43520,NaN,NaN
2026-04-27 18:25:53.437,51120,ESTAB,cubic,224,22.738,5.442,20.541,1448,10,14480,NaN,5766,5766,816,NaN,5,8,4,2,NaN,NaN,10189048,902952,5,53248,43520,NaN,NaN
2026-04-27 18:25:53.690,51120,ESTAB,cubic,224,22.738,5.442,20.541,1448,10,14480,NaN,5766,5766,816,NaN,5,8,4,2,NaN,NaN,10189048,902952,5,53248,43520,NaN,NaN
2026-04-27 18:25:53.935,51120,ESTAB,cubic,224,22.738,5.442,20.541,1448,10,14480,NaN,5766,5766,816,NaN,5,8,4,2,NaN,NaN,10189048,902952,5,53248,43520,NaN,NaN
2026-04-27 18:25:54.159,51120,ESTAB,cubic,224,22.738,5.442,20.541,1448,10,14480,NaN,5766,5766,816,NaN,5,8,4,2,NaN,NaN,10189048,902952,5,53248,43520,NaN,NaN
2026-04-27 18:25:54.402,51120,ESTAB,cubic,224,22.738,5.442,20.541,1448,10,14480,NaN,5766,5766,816,NaN,5,8,4,2,NaN,NaN,10189048,902952,5,53248,43520,NaN,NaN
2026-04-27 18:25:54.668,51120,ESTAB,cubic,224,22.738,5.442,20.541,1448,10,14480,NaN,5766,5766,816,NaN,5,8,4,2,NaN,NaN,10189048,902952,5,53248,43520,NaN,NaN
2026-04-27 18:25:54.913,51120,ESTAB,cubic,224,22.738,5.442,20.541,1448,10,14480,NaN,5766,5766,816,NaN,5,8,4,2,NaN,NaN,10189048,902952,5,53248,43520,NaN,NaN
2026-04-27 18:25:55.166,51120,ESTAB,cubic,224,22.738,5.442,20.541,1448,10,14480,NaN,5766,5766,816,NaN,5,8,4,2,NaN,NaN,10189048,902952,5,53248,43520,NaN,NaN
2026-04-27 18:25:55.419,51120,ESTAB,cubic,224,22.738,5.442,20.541,1448,10,14480,NaN,5766,5766,816,NaN,5,8,4,2,NaN,NaN,10189048,902952,5,53248,43520,NaN,NaN
2026-04-27 18:25:55.674,51120,ESTAB,cubic,224,22.738,5.442,20.541,1448,10,14480,NaN,5766,5766,816,NaN,5,8,4,2,NaN,NaN,10189048,902952,5,53248,43520,NaN,NaN
2026-04-27 18:25:55.936,51120,ESTAB,cubic,224,22.738,5.442,20.541,1448,10,14480,NaN,5766,5766,816,NaN,5,8,4,2,NaN,NaN,10189048,902952,5,53248,43520,NaN,NaN
2026-04-27 18:25:56.200,51120,ESTAB,cubic,224,22.738,5.442,20.541,1448,10,14480,NaN,5766,5766,816,NaN,5,8,4,2,NaN,NaN,10189048,902952,5,53248,43520,NaN,NaN
2026-04-27 18:25:56.454,51120,ESTAB,cubic,224,22.738,5.442,20.541,1448,10,14480,NaN,5766,5766,816,NaN,5,8,4,2,NaN,NaN,10189048,902952,5,53248,43520,NaN,NaN
2026-04-27 18:25:56.702,51120,ESTAB,cubic,224,22.738,5.442,20.541,1448,10,14480,NaN,5766,5766,816,NaN,5,8,4,2,NaN,NaN,10189048,902952,5,53248,43520,NaN,NaN
2026-04-27 18:25:56.970,51120,ESTAB,cubic,224,22.738,5.442,20.541,1448,10,14480,NaN,5766,5766,816,NaN,5,8,4,2,NaN,NaN,10189048,902952,5,53248,43520,NaN,NaN
2026-04-27 18:25:57.234,51120,ESTAB,cubic,224,22.863,4.294,20.494,1448,10,14480,NaN,8649,8649,1224,NaN,7,11,6,3,NaN,NaN,10133008,902952,7,53248,43520,NaN,NaN
2026-04-27 18:25:57.487,51120,ESTAB,cubic,224,22.863,4.294,20.494,1448,10,14480,NaN,8649,8649,1224,NaN,7,11,6,3,NaN,NaN,10133008,902952,7,53248,43520,NaN,NaN
2026-04-27 18:25:57.729,51120,ESTAB,cubic,224,22.863,4.294,20.494,1448,10,14480,NaN,8649,8649,1224,NaN,7,11,6,3,NaN,NaN,10133008,902952,7,53248,43520,NaN,NaN
2026-04-27 18:25:57.981,51120,ESTAB,cubic,224,22.863,4.294,20.494,1448,10,14480,NaN,8649,8649,1224,NaN,7,11,6,3,NaN,NaN,10133008,902952,7,53248,43520,NaN,NaN
2026-04-27 18:25:58.234,51120,ESTAB,cubic,224,22.863,4.294,20.494,1448,10,14480,NaN,8649,8649,1224,NaN,7,11,6,3,NaN,NaN,10133008,902952,7,53248,43520,NaN,NaN
2026-04-27 18:25:58.478,51120,ESTAB,cubic,224,22.863,4.294,20.494,1448,10,14480,NaN,8649,8649,1224,NaN,7,11,6,3,NaN,NaN,10133008,902952,7,53248,43520,NaN,NaN
2026-04-27 18:25:58.723,51120,ESTAB,cubic,224,22.863,4.294,20.494,1448,10,14480,NaN,8649,8649,1224,NaN,7,11,6,3,NaN,NaN,10133008,902952,7,53248,43520,NaN,NaN
2026-04-27 18:25:58.973,51120,ESTAB,cubic,224,22.863,4.294,20.494,1448,10,14480,NaN,8649,8649,1224,NaN,7,11,6,3,NaN,NaN,10133008,902952,7,53248,43520,NaN,NaN
2026-04-27 18:25:59.234,51120,ESTAB,cubic,224,22.863,4.294,20.494,1448,10,14480,NaN,8649,8649,1224,NaN,7,11,6,3,NaN,NaN,10133008,902952,7,53248,43520,NaN,NaN
2026-04-27 18:25:59.500,51120,ESTAB,cubic,224,22.863,4.294,20.494,1448,10,14480,NaN,8649,8649,1224,NaN,7,11,6,3,NaN,NaN,10133008,902952,7,53248,43520,NaN,NaN
2026-04-27 18:25:59.762,51120,ESTAB,cubic,224,22.863,4.294,20.494,1448,10,14480,NaN,8649,8649,1224,NaN,7,11,6,3,NaN,NaN,10133008,902952,7,53248,43520,NaN,NaN
2026-04-27 18:26:00.024,51120,ESTAB,cubic,224,22.863,4.294,20.494,1448,10,14480,NaN,8649,8649,1224,NaN,7,11,6,3,NaN,NaN,10133008,902952,7,53248,43520,NaN,NaN
2026-04-27 18:26:00.286,51120,ESTAB,cubic,224,22.863,4.294,20.494,1448,10,14480,NaN,8649,8649,1224,NaN,7,11,6,3,NaN,NaN,10133008,902952,7,53248,43520,NaN,NaN
2026-04-27 18:26:00.546,51120,ESTAB,cubic,224,22.863,4.294,20.494,1448,10,14480,NaN,8649,8649,1224,NaN,7,11,6,3,NaN,NaN,10133008,902952,7,53248,43520,NaN,NaN
2026-04-27 18:26:00.807,51120,ESTAB,cubic,224,22.863,4.294,20.494,1448,10,14480,NaN,8649,8649,1224,NaN,7,11,6,3,NaN,NaN,10133008,902952,7,53248,43520,NaN,NaN
2026-04-27 18:26:01.078,51120,ESTAB,cubic,224,22.863,4.294,20.494,1448,10,14480,NaN,8649,8649,1224,NaN,7,11,6,3,NaN,NaN,10133008,902952,7,53248,43520,NaN,NaN
2026-04-27 18:26:01.349,51120,ESTAB,cubic,224,22.863,4.294,20.494,1448,10,14480,NaN,8649,8649,1224,NaN,7,11,6,3,NaN,NaN,10133008,902952,7,53248,43520,NaN,NaN
2026-04-27 18:26:01.612,51120,ESTAB,cubic,224,22.863,4.294,20.494,1448,10,14480,NaN,8649,8649,1224,NaN,7,11,6,3,NaN,NaN,10133008,902952,7,53248,43520,NaN,NaN
2026-04-27 18:26:01.868,51120,ESTAB,cubic,224,22.863,4.294,20.494,1448,10,14480,NaN,8649,8649,1224,NaN,7,11,6,3,NaN,NaN,10133008,902952,7,53248,43520,NaN,NaN
2026-04-27 18:26:02.135,51120,ESTAB,cubic,224,22.863,4.294,20.494,1448,10,14480,NaN,8649,8649,1224,NaN,7,11,6,3,NaN,NaN,10133008,902952,7,53248,43520,NaN,NaN
2026-04-27 18:26:02.385,51120,ESTAB,cubic,224,22.863,4.294,20.494,1448,10,14480,NaN,8649,8649,1224,NaN,7,11,6,3,NaN,NaN,10133008,902952,7,53248,43520,NaN,NaN
2026-04-27 18:26:02.632,51120,ESTAB,cubic,224,22.863,4.294,20.494,1448,10,14480,NaN,8649,8649,1224,NaN,7,11,6,3,NaN,NaN,10133008,902952,7,53248,43520,NaN,NaN
2026-04-27 18:26:02.889,51120,ESTAB,cubic,224,22.863,4.294,20.494,1448,10,14480,NaN,8649,8649,1224,NaN,7,11,6,3,NaN,NaN,10133008,902952,7,53248,43520,NaN,NaN
2026-04-27 18:26:03.146,51120,ESTAB,cubic,224,22.863,4.294,20.494,1448,10,14480,NaN,8649,8649,1224,NaN,7,11,6,3,NaN,NaN,10133008,902952,7,53248,43520,NaN,NaN
2026-04-27 18:26:03.402,51120,ESTAB,cubic,224,22.863,4.294,20.494,1448,10,14480,NaN,8649,8649,1224,NaN,7,11,6,3,NaN,NaN,10133008,902952,7,53248,43520,NaN,NaN
2026-04-27 18:26:03.658,51120,ESTAB,cubic,224,22.863,4.294,20.494,1448,10,14480,NaN,8649,8649,1224,NaN,7,11,6,3,NaN,NaN,10133008,902952,7,53248,43520,NaN,NaN
2026-04-27 18:26:03.914,51120,ESTAB,cubic,224,22.863,4.294,20.494,1448,10,14480,NaN,8649,8649,1224,NaN,7,11,6,3,NaN,NaN,10133008,902952,7,53248,43520,NaN,NaN
2026-04-27 18:26:04.174,51120,ESTAB,cubic,224,22.863,4.294,20.494,1448,10,14480,NaN,8649,8649,1224,NaN,7,11,6,3,NaN,NaN,10133008,902952,7,53248,43520,NaN,NaN
2026-04-27 18:26:04.431,51120,ESTAB,cubic,224,22.863,4.294,20.494,1448,10,14480,NaN,8649,8649,1224,NaN,7,11,6,3,NaN,NaN,10133008,902952,7,53248,43520,NaN,NaN
2026-04-27 18:26:04.680,51120,ESTAB,cubic,224,22.863,4.294,20.494,1448,10,14480,NaN,8649,8649,1224,NaN,7,11,6,3,NaN,NaN,10133008,902952,7,53248,43520,NaN,NaN
2026-04-27 18:26:04.936,51120,ESTAB,cubic,224,22.863,4.294,20.494,1448,10,14480,NaN,8649,8649,1224,NaN,7,11,6,3,NaN,NaN,10133008,902952,7,53248,43520,NaN,NaN
2026-04-27 18:26:05.193,51120,ESTAB,cubic,224,22.863,4.294,20.494,1448,10,14480,NaN,8649,8649,1224,NaN,7,11,6,3,NaN,NaN,10133008,902952,7,53248,43520,NaN,NaN
2026-04-27 18:26:05.450,51120,ESTAB,cubic,224,22.863,4.294,20.494,1448,10,14480,NaN,8649,8649,1224,NaN,7,11,6,3,NaN,NaN,10133008,902952,7,53248,43520,NaN,NaN
2026-04-27 18:26:05.707,51120,ESTAB,cubic,224,22.863,4.294,20.494,1448,10,14480,NaN,8649,8649,1224,NaN,7,11,6,3,NaN,NaN,10133008,902952,7,53248,43520,NaN,NaN
2026-04-27 18:26:05.965,51120,ESTAB,cubic,224,22.863,4.294,20.494,1448,10,14480,NaN,8649,8649,1224,NaN,7,11,6,3,NaN,NaN,10133008,902952,7,53248,43520,NaN,NaN
2026-04-27 18:26:06.235,51120,ESTAB,cubic,224,22.863,4.294,20.494,1448,10,14480,NaN,8649,8649,1224,NaN,7,11,6,3,NaN,NaN,10133008,902952,7,53248,43520,NaN,NaN
2026-04-27 18:26:06.477,51120,ESTAB,cubic,224,22.863,4.294,20.494,1448,10,14480,NaN,8649,8649,1224,NaN,7,11,6,3,NaN,NaN,10133008,902952,7,53248,43520,NaN,NaN
2026-04-27 18:26:06.721,51120,ESTAB,cubic,224,22.863,4.294,20.494,1448,10,14480,NaN,8649,8649,1224,NaN,7,11,6,3,NaN,NaN,10133008,902952,7,53248,43520,NaN,NaN
2026-04-27 18:26:06.976,51120,ESTAB,cubic,224,22.863,4.294,20.494,1448,10,14480,NaN,8649,8649,1224,NaN,7,11,6,3,NaN,NaN,10133008,902952,7,53248,43520,NaN,NaN
2026-04-27 18:26:07.235,51120,ESTAB,cubic,224,22.863,4.294,20.494,1448,10,14480,NaN,8649,8649,1224,NaN,7,11,6,3,NaN,NaN,10133008,902952,7,53248,43520,NaN,NaN
2026-04-27 18:26:07.492,51120,ESTAB,cubic,224,22.863,4.294,20.494,1448,10,14480,NaN,8649,8649,1224,NaN,7,11,6,3,NaN,NaN,10133008,902952,7,53248,43520,NaN,NaN
2026-04-27 18:26:07.747,51120,ESTAB,cubic,224,22.863,4.294,20.494,1448,10,14480,NaN,8649,8649,1224,NaN,7,11,6,3,NaN,NaN,10133008,902952,7,53248,43520,NaN,NaN
2026-04-27 18:26:08.005,51120,ESTAB,cubic,224,22.863,4.294,20.494,1448,10,14480,NaN,8649,8649,1224,NaN,7,11,6,3,NaN,NaN,10133008,902952,7,53248,43520,NaN,NaN
2026-04-27 18:26:08.272,51120,ESTAB,cubic,224,22.863,4.294,20.494,1448,10,14480,NaN,8649,8649,1224,NaN,7,11,6,3,NaN,NaN,10133008,902952,7,53248,43520,NaN,NaN
2026-04-27 18:26:08.544,51120,ESTAB,cubic,224,22.863,4.294,20.494,1448,10,14480,NaN,8649,8649,1224,NaN,7,11,6,3,NaN,NaN,10133008,902952,7,53248,43520,NaN,NaN
2026-04-27 18:26:08.793,51120,ESTAB,cubic,224,22.863,4.294,20.494,1448,10,14480,NaN,8649,8649,1224,NaN,7,11,6,3,NaN,NaN,10133008,902952,7,53248,43520,NaN,NaN
2026-04-27 18:26:09.055,51120,ESTAB,cubic,224,22.863,4.294,20.494,1448,10,14480,NaN,8649,8649,1224,NaN,7,11,6,3,NaN,NaN,10133008,902952,7,53248,43520,NaN,NaN
2026-04-27 18:26:09.325,51120,ESTAB,cubic,224,22.863,4.294,20.494,1448,10,14480,NaN,8649,8649,1224,NaN,7,11,6,3,NaN,NaN,10133008,902952,7,53248,43520,NaN,NaN
2026-04-27 18:26:09.590,51120,ESTAB,cubic,224,22.863,4.294,20.494,1448,10,14480,NaN,8649,8649,1224,NaN,7,11,6,3,NaN,NaN,10133008,902952,7,53248,43520,NaN,NaN
2026-04-27 18:26:09.852,51120,ESTAB,cubic,224,22.863,4.294,20.494,1448,10,14480,NaN,8649,8649,1224,NaN,7,11,6,3,NaN,NaN,10133008,902952,7,53248,43520,NaN,NaN
2026-04-27 18:26:10.114,51120,ESTAB,cubic,224,22.863,4.294,20.494,1448,10,14480,NaN,8649,8649,1224,NaN,7,11,6,3,NaN,NaN,10133008,902952,7,53248,43520,NaN,NaN
2026-04-27 18:26:10.384,51120,ESTAB,cubic,224,22.863,4.294,20.494,1448,10,14480,NaN,8649,8649,1224,NaN,7,11,6,3,NaN,NaN,10133008,902952,7,53248,43520,NaN,NaN
2026-04-27 18:26:10.643,51120,ESTAB,cubic,224,22.863,4.294,20.494,1448,10,14480,NaN,8649,8649,1224,NaN,7,11,6,3,NaN,NaN,10133008,902952,7,53248,43520,NaN,NaN
2026-04-27 18:26:10.904,51120,ESTAB,cubic,224,22.863,4.294,20.494,1448,10,14480,NaN,8649,8649,1224,NaN,7,11,6,3,NaN,NaN,10133008,902952,7,53248,43520,NaN,NaN
2026-04-27 18:26:11.165,51120,ESTAB,cubic,224,22.863,4.294,20.494,1448,10,14480,NaN,8649,8649,1224,NaN,7,11,6,3,NaN,NaN,10133008,902952,7,53248,43520,NaN,NaN
2026-04-27 18:26:11.425,51120,ESTAB,cubic,224,22.863,4.294,20.494,1448,10,14480,NaN,8649,8649,1224,NaN,7,11,6,3,NaN,NaN,10133008,902952,7,53248,43520,NaN,NaN
2026-04-27 18:26:11.693,51120,ESTAB,cubic,224,22.863,4.294,20.494,1448,10,14480,NaN,8649,8649,1224,NaN,7,11,6,3,NaN,NaN,10133008,902952,7,53248,43520,NaN,NaN
2026-04-27 18:26:11.942,51120,ESTAB,cubic,224,22.863,4.294,20.494,1448,10,14480,NaN,8649,8649,1224,NaN,7,11,6,3,NaN,NaN,10133008,902952,7,53248,43520,NaN,NaN
2026-04-27 18:26:12.212,51120,ESTAB,cubic,224,22.863,4.294,20.494,1448,10,14480,NaN,8649,8649,1224,NaN,7,11,6,3,NaN,NaN,10133008,902952,7,53248,43520,NaN,NaN
2026-04-27 18:26:12.464,51120,ESTAB,cubic,224,22.863,4.294,20.494,1448,10,14480,NaN,8649,8649,1224,NaN,8,12,6,3,NaN,NaN,10133008,902952,7,53248,43520,NaN,NaN
2026-04-27 18:26:12.718,51120,ESTAB,cubic,224,22.863,4.294,20.494,1448,10,14480,NaN,8649,8649,1224,NaN,8,12,6,3,NaN,NaN,10133008,902952,7,53248,43520,NaN,NaN
2026-04-27 18:26:12.978,51120,ESTAB,cubic,224,22.863,4.294,20.494,1448,10,14480,NaN,8649,8649,1224,NaN,8,12,6,3,NaN,NaN,10133008,902952,7,53248,43520,NaN,NaN
2026-04-27 18:26:13.236,51120,ESTAB,cubic,224,22.863,4.294,20.494,1448,10,14480,NaN,8649,8649,1224,NaN,8,12,6,3,NaN,NaN,10133008,902952,7,53248,43520,NaN,NaN
2026-04-27 18:26:13.493,51120,ESTAB,cubic,224,22.863,4.294,20.494,1448,10,14480,NaN,8649,8649,1224,NaN,8,12,6,3,NaN,NaN,10133008,902952,7,53248,43520,NaN,NaN
2026-04-27 18:26:13.754,51120,ESTAB,cubic,224,22.863,4.294,20.494,1448,10,14480,NaN,8649,8649,1224,NaN,8,12,6,3,NaN,NaN,10133008,902952,7,53248,43520,NaN,NaN
2026-04-27 18:26:14.014,51120,ESTAB,cubic,224,22.863,4.294,20.494,1448,10,14480,NaN,8649,8649,1224,NaN,8,12,6,3,NaN,NaN,10133008,902952,7,53248,43520,NaN,NaN
2026-04-27 18:26:14.271,51120,ESTAB,cubic,224,22.863,4.294,20.494,1448,10,14480,NaN,8649,8649,1224,NaN,8,12,6,3,NaN,NaN,10133008,902952,7,53248,43520,NaN,NaN
2026-04-27 18:26:14.526,51120,ESTAB,cubic,224,22.863,4.294,20.494,1448,10,14480,NaN,8649,8649,1224,NaN,8,12,6,3,NaN,NaN,10133008,902952,7,53248,43520,NaN,NaN
2026-04-27 18:26:14.782,51120,ESTAB,cubic,224,22.863,4.294,20.494,1448,10,14480,NaN,8649,8649,1224,NaN,8,12,6,3,NaN,NaN,10133008,902952,7,53248,43520,NaN,NaN
2026-04-27 18:26:15.047,51120,ESTAB,cubic,224,22.863,4.294,20.494,1448,10,14480,NaN,8649,8649,1224,NaN,8,12,6,3,NaN,NaN,10133008,902952,7,53248,43520,NaN,NaN
2026-04-27 18:26:15.313,51120,ESTAB,cubic,224,22.863,4.294,20.494,1448,10,14480,NaN,8649,8649,1224,NaN,8,12,6,3,NaN,NaN,10133008,902952,7,53248,43520,NaN,NaN
2026-04-27 18:26:15.567,51120,ESTAB,cubic,224,22.863,4.294,20.494,1448,10,14480,NaN,8649,8649,1224,NaN,8,12,6,3,NaN,NaN,10133008,902952,7,53248,43520,NaN,NaN
2026-04-27 18:26:15.810,51120,ESTAB,cubic,224,22.863,4.294,20.494,1448,10,14480,NaN,8649,8649,1224,NaN,8,12,6,3,NaN,NaN,10133008,902952,7,53248,43520,NaN,NaN
2026-04-27 18:26:16.077,51120,ESTAB,cubic,224,22.863,4.294,20.494,1448,10,14480,NaN,8649,8649,1224,NaN,8,12,6,3,NaN,NaN,10133008,902952,7,53248,43520,NaN,NaN
2026-04-27 18:26:16.343,51120,ESTAB,cubic,224,22.863,4.294,20.494,1448,10,14480,NaN,8649,8649,1224,NaN,8,12,6,3,NaN,NaN,10133008,902952,7,53248,43520,NaN,NaN
2026-04-27 18:26:16.597,51120,ESTAB,cubic,224,22.863,4.294,20.494,1448,10,14480,NaN,8649,8649,1224,NaN,8,12,6,3,NaN,NaN,10133008,902952,7,53248,43520,NaN,NaN
2026-04-27 18:26:16.854,51120,ESTAB,cubic,224,22.863,4.294,20.494,1448,10,14480,NaN,8649,8649,1224,NaN,8,12,6,3,NaN,NaN,10133008,902952,7,53248,43520,NaN,NaN
2026-04-27 18:26:17.121,51120,ESTAB,cubic,224,22.863,4.294,20.494,1448,10,14480,NaN,8649,8649,1224,NaN,8,12,6,3,NaN,NaN,10133008,902952,7,53248,43520,NaN,NaN
2026-04-27 18:26:17.380,51120,ESTAB,cubic,224,22.863,4.294,20.494,1448,10,14480,NaN,8649,8649,1224,NaN,8,12,6,3,NaN,NaN,10133008,902952,7,53248,43520,NaN,NaN
2026-04-27 18:26:17.642,51120,ESTAB,cubic,224,22.863,4.294,20.494,1448,10,14480,NaN,8649,8649,1224,NaN,8,12,6,3,NaN,NaN,10133008,902952,7,53248,43520,NaN,NaN
2026-04-27 18:26:17.916,51120,ESTAB,cubic,224,22.863,4.294,20.494,1448,10,14480,NaN,8649,8649,1224,NaN,8,12,6,3,NaN,NaN,10133008,902952,7,53248,43520,NaN,NaN
2026-04-27 18:26:18.174,51120,ESTAB,cubic,224,22.863,4.294,20.494,1448,10,14480,NaN,8649,8649,1224,NaN,8,12,6,3,NaN,NaN,10133008,902952,7,53248,43520,NaN,NaN
2026-04-27 18:26:18.435,51120,ESTAB,cubic,224,22.863,4.294,20.494,1448,10,14480,NaN,8649,8649,1224,NaN,8,12,6,3,NaN,NaN,10133008,902952,7,53248,43520,NaN,NaN
2026-04-27 18:26:18.684,51120,ESTAB,cubic,224,22.863,4.294,20.494,1448,10,14480,NaN,8649,8649,1224,NaN,8,12,6,3,NaN,NaN,10133008,902952,7,53248,43520,NaN,NaN
2026-04-27 18:26:18.938,51120,ESTAB,cubic,224,22.863,4.294,20.494,1448,10,14480,NaN,8649,8649,1224,NaN,8,12,6,3,NaN,NaN,10133008,902952,7,53248,43520,NaN,NaN
2026-04-27 18:26:19.198,51120,ESTAB,cubic,224,22.863,4.294,20.494,1448,10,14480,NaN,8649,8649,1224,NaN,8,12,6,3,NaN,NaN,10133008,902952,7,53248,43520,NaN,NaN
2026-04-27 18:26:19.463,51120,ESTAB,cubic,224,22.863,4.294,20.494,1448,10,14480,NaN,8649,8649,1224,NaN,8,12,6,3,NaN,NaN,10133008,902952,7,53248,43520,NaN,NaN
2026-04-27 18:26:19.719,51120,ESTAB,cubic,224,22.863,4.294,20.494,1448,10,14480,NaN,8649,8649,1224,NaN,8,12,6,3,NaN,NaN,10133008,902952,7,53248,43520,NaN,NaN
2026-04-27 18:26:19.998,51120,ESTAB,cubic,224,22.863,4.294,20.494,1448,10,14480,NaN,8649,8649,1224,NaN,8,12,6,3,NaN,NaN,10133008,902952,7,53248,43520,NaN,NaN
2026-04-27 18:26:20.268,51120,ESTAB,cubic,224,22.863,4.294,20.494,1448,10,14480,NaN,8649,8649,1224,NaN,8,12,6,3,NaN,NaN,10133008,902952,7,53248,43520,NaN,NaN
2026-04-27 18:26:20.527,51120,ESTAB,cubic,224,22.863,4.294,20.494,1448,10,14480,NaN,8649,8649,1224,NaN,8,12,6,3,NaN,NaN,10133008,902952,7,53248,43520,NaN,NaN
2026-04-27 18:26:20.797,51120,ESTAB,cubic,224,22.863,4.294,20.494,1448,10,14480,NaN,8649,8649,1224,NaN,8,12,6,3,NaN,NaN,10133008,902952,7,53248,43520,NaN,NaN
2026-04-27 18:26:21.063,51120,ESTAB,cubic,224,22.863,4.294,20.494,1448,10,14480,NaN,8649,8649,1224,NaN,8,12,6,3,NaN,NaN,10133008,902952,7,53248,43520,NaN,NaN
2026-04-27 18:26:21.328,51120,ESTAB,cubic,224,22.863,4.294,20.494,1448,10,14480,NaN,8649,8649,1224,NaN,8,12,6,3,NaN,NaN,10133008,902952,7,53248,43520,NaN,NaN
2026-04-27 18:26:21.582,51120,ESTAB,cubic,224,22.863,4.294,20.494,1448,10,14480,NaN,8649,8649,1224,NaN,8,12,6,3,NaN,NaN,10133008,902952,7,53248,43520,NaN,NaN
2026-04-27 18:26:21.843,51120,ESTAB,cubic,224,22.863,4.294,20.494,1448,10,14480,NaN,8649,8649,1224,NaN,8,12,6,3,NaN,NaN,10133008,902952,7,53248,43520,NaN,NaN
2026-04-27 18:26:22.105,51120,ESTAB,cubic,224,22.863,4.294,20.494,1448,10,14480,NaN,8649,8649,1224,NaN,8,12,6,3,NaN,NaN,10133008,902952,7,53248,43520,NaN,NaN
2026-04-27 18:26:22.369,51120,ESTAB,cubic,224,22.863,4.294,20.494,1448,10,14480,NaN,8649,8649,1224,NaN,8,12,6,3,NaN,NaN,10133008,902952,7,53248,43520,NaN,NaN
2026-04-27 18:26:22.618,51120,ESTAB,cubic,224,22.863,4.294,20.494,1448,10,14480,NaN,8649,8649,1224,NaN,8,12,6,3,NaN,NaN,10133008,902952,7,53248,43520,NaN,NaN
2026-04-27 18:26:22.874,51120,ESTAB,cubic,224,22.863,4.294,20.494,1448,10,14480,NaN,8649,8649,1224,NaN,8,12,6,3,NaN,NaN,10133008,902952,7,53248,43520,NaN,NaN
2026-04-27 18:26:23.126,51120,ESTAB,cubic,224,22.863,4.294,20.494,1448,10,14480,NaN,8649,8649,1224,NaN,8,12,6,3,NaN,NaN,10133008,902952,7,53248,43520,NaN,NaN
2026-04-27 18:26:23.367,51120,ESTAB,cubic,224,22.863,4.294,20.494,1448,10,14480,NaN,8649,8649,1224,NaN,8,12,6,3,NaN,NaN,10133008,902952,7,53248,43520,NaN,NaN
2026-04-27 18:26:23.624,51120,ESTAB,cubic,224,22.863,4.294,20.494,1448,10,14480,NaN,8649,8649,1224,NaN,8,12,6,3,NaN,NaN,10133008,902952,7,53248,43520,NaN,NaN
2026-04-27 18:26:23.885,51120,ESTAB,cubic,224,22.863,4.294,20.494,1448,10,14480,NaN,8649,8649,1224,NaN,8,12,6,3,NaN,NaN,10133008,902952,7,53248,43520,NaN,NaN
2026-04-27 18:26:24.138,51120,ESTAB,cubic,224,22.863,4.294,20.494,1448,10,14480,NaN,8649,8649,1224,NaN,8,12,6,3,NaN,NaN,10133008,902952,7,53248,43520,NaN,NaN
2026-04-27 18:26:24.389,51120,ESTAB,cubic,224,22.863,4.294,20.494,1448,10,14480,NaN,8649,8649,1224,NaN,8,12,6,3,NaN,NaN,10133008,902952,7,53248,43520,NaN,NaN
2026-04-27 18:26:24.652,51120,ESTAB,cubic,224,22.863,4.294,20.494,1448,10,14480,NaN,8649,8649,1224,NaN,8,12,6,3,NaN,NaN,10133008,902952,7,53248,43520,NaN,NaN
2026-04-27 18:26:24.913,51120,ESTAB,cubic,224,22.863,4.294,20.494,1448,10,14480,NaN,8649,8649,1224,NaN,8,12,6,3,NaN,NaN,10133008,902952,7,53248,43520,NaN,NaN
2026-04-27 18:26:25.165,51120,ESTAB,cubic,224,22.863,4.294,20.494,1448,10,14480,NaN,8649,8649,1224,NaN,8,12,6,3,NaN,NaN,10133008,902952,7,53248,43520,NaN,NaN
2026-04-27 18:26:25.437,51120,ESTAB,cubic,224,22.863,4.294,20.494,1448,10,14480,NaN,8649,8649,1224,NaN,8,12,6,3,NaN,NaN,10133008,902952,7,53248,43520,NaN,NaN
2026-04-27 18:26:25.689,51120,ESTAB,cubic,224,22.863,4.294,20.494,1448,10,14480,NaN,8649,8649,1224,NaN,8,12,6,3,NaN,NaN,10133008,902952,7,53248,43520,NaN,NaN
2026-04-27 18:26:25.957,51120,ESTAB,cubic,224,22.863,4.294,20.494,1448,10,14480,NaN,8649,8649,1224,NaN,8,12,6,3,NaN,NaN,10133008,902952,7,53248,43520,NaN,NaN
2026-04-27 18:26:26.225,51120,ESTAB,cubic,224,22.863,4.294,20.494,1448,10,14480,NaN,8649,8649,1224,NaN,8,12,6,3,NaN,NaN,10133008,902952,7,53248,43520,NaN,NaN
2026-04-27 18:26:26.480,51120,ESTAB,cubic,224,22.863,4.294,20.494,1448,10,14480,NaN,8649,8649,1224,NaN,8,12,6,3,NaN,NaN,10133008,902952,7,53248,43520,NaN,NaN
2026-04-27 18:26:26.731,51120,ESTAB,cubic,224,22.863,4.294,20.494,1448,10,14480,NaN,8649,8649,1224,NaN,8,12,6,3,NaN,NaN,10133008,902952,7,53248,43520,NaN,NaN
2026-04-27 18:26:26.992,51120,ESTAB,cubic,224,22.863,4.294,20.494,1448,10,14480,NaN,8649,8649,1224,NaN,8,12,6,3,NaN,NaN,10133008,902952,7,53248,43520,NaN,NaN
2026-04-27 18:26:27.254,51120,ESTAB,cubic,224,22.863,4.294,20.494,1448,10,14480,NaN,8649,8649,1224,NaN,8,12,6,3,NaN,NaN,10133008,902952,7,53248,43520,NaN,NaN
2026-04-27 18:26:27.516,51120,ESTAB,cubic,224,22.863,4.294,20.494,1448,10,14480,NaN,8649,8649,1224,NaN,9,13,6,3,NaN,NaN,10133008,902952,7,53248,43520,NaN,NaN
2026-04-27 18:26:27.758,51120,ESTAB,cubic,224,22.863,4.294,20.494,1448,10,14480,NaN,8649,8649,1224,NaN,9,13,6,3,NaN,NaN,10133008,902952,7,53248,43520,NaN,NaN
2026-04-27 18:26:28.020,51120,ESTAB,cubic,224,22.863,4.294,20.494,1448,10,14480,NaN,8649,8649,1224,NaN,9,13,6,3,NaN,NaN,10133008,902952,7,53248,43520,NaN,NaN
2026-04-27 18:26:28.288,51120,ESTAB,cubic,224,22.863,4.294,20.494,1448,10,14480,NaN,8649,8649,1224,NaN,9,13,6,3,NaN,NaN,10133008,902952,7,53248,43520,NaN,NaN
2026-04-27 18:26:28.569,51120,ESTAB,cubic,224,22.863,4.294,20.494,1448,10,14480,NaN,8649,8649,1224,NaN,9,13,6,3,NaN,NaN,10133008,902952,7,53248,43520,NaN,NaN
2026-04-27 18:26:28.835,51120,ESTAB,cubic,224,22.863,4.294,20.494,1448,10,14480,NaN,8649,8649,1224,NaN,9,13,6,3,NaN,NaN,10133008,902952,7,53248,43520,NaN,NaN
2026-04-27 18:26:29.106,51120,ESTAB,cubic,224,22.863,4.294,20.494,1448,10,14480,NaN,8649,8649,1224,NaN,9,13,6,3,NaN,NaN,10133008,902952,7,53248,43520,NaN,NaN
2026-04-27 18:26:29.362,51120,ESTAB,cubic,224,22.863,4.294,20.494,1448,10,14480,NaN,8649,8649,1224,NaN,9,13,6,3,NaN,NaN,10133008,902952,7,53248,43520,NaN,NaN
2026-04-27 18:26:29.639,51120,ESTAB,cubic,224,22.863,4.294,20.494,1448,10,14480,NaN,8649,8649,1224,NaN,9,13,6,3,NaN,NaN,10133008,902952,7,53248,43520,NaN,NaN
2026-04-27 18:26:29.896,51120,ESTAB,cubic,224,22.863,4.294,20.494,1448,10,14480,NaN,8649,8649,1224,NaN,9,13,6,3,NaN,NaN,10133008,902952,7,53248,43520,NaN,NaN
2026-04-27 18:26:30.161,51120,ESTAB,cubic,224,22.863,4.294,20.494,1448,10,14480,NaN,8649,8649,1224,NaN,9,13,6,3,NaN,NaN,10133008,902952,7,53248,43520,NaN,NaN
2026-04-27 18:26:30.430,51120,ESTAB,cubic,224,22.863,4.294,20.494,1448,10,14480,NaN,8649,8649,1224,NaN,9,13,6,3,NaN,NaN,10133008,902952,7,53248,43520,NaN,NaN
2026-04-27 18:26:30.679,51120,ESTAB,cubic,224,22.863,4.294,20.494,1448,10,14480,NaN,8649,8649,1224,NaN,9,13,6,3,NaN,NaN,10133008,902952,7,53248,43520,NaN,NaN
2026-04-27 18:26:30.933,51120,ESTAB,cubic,224,22.863,4.294,20.494,1448,10,14480,NaN,8649,8649,1224,NaN,9,13,6,3,NaN,NaN,10133008,902952,7,53248,43520,NaN,NaN
2026-04-27 18:26:31.193,51120,ESTAB,cubic,224,22.863,4.294,20.494,1448,10,14480,NaN,8649,8649,1224,NaN,9,13,6,3,NaN,NaN,10133008,902952,7,53248,43520,NaN,NaN
2026-04-27 18:26:31.445,51120,ESTAB,cubic,224,22.863,4.294,20.494,1448,10,14480,NaN,8649,8649,1224,NaN,9,13,6,3,NaN,NaN,10133008,902952,7,53248,43520,NaN,NaN
2026-04-27 18:26:31.694,51120,ESTAB,cubic,224,22.863,4.294,20.494,1448,10,14480,NaN,8649,8649,1224,NaN,9,13,6,3,NaN,NaN,10133008,902952,7,53248,43520,NaN,NaN
2026-04-27 18:26:31.967,51120,ESTAB,cubic,224,22.863,4.294,20.494,1448,10,14480,NaN,8649,8649,1224,NaN,9,13,6,3,NaN,NaN,10133008,902952,7,53248,43520,NaN,NaN
2026-04-27 18:26:32.229,51120,ESTAB,cubic,224,22.863,4.294,20.494,1448,10,14480,NaN,8649,8649,1224,NaN,9,13,6,3,NaN,NaN,10133008,902952,7,53248,43520,NaN,NaN
2026-04-27 18:26:32.508,51120,ESTAB,cubic,224,22.863,4.294,20.494,1448,10,14480,NaN,8649,8649,1224,NaN,9,13,6,3,NaN,NaN,10133008,902952,7,53248,43520,NaN,NaN
2026-04-27 18:26:32.769,51120,ESTAB,cubic,224,22.863,4.294,20.494,1448,10,14480,NaN,8649,8649,1224,NaN,9,13,6,3,NaN,NaN,10133008,902952,7,53248,43520,NaN,NaN
2026-04-27 18:26:33.023,51120,ESTAB,cubic,224,22.863,4.294,20.494,1448,10,14480,NaN,8649,8649,1224,NaN,9,13,6,3,NaN,NaN,10133008,902952,7,53248,43520,NaN,NaN
2026-04-27 18:26:33.281,51120,ESTAB,cubic,224,22.863,4.294,20.494,1448,10,14480,NaN,8649,8649,1224,NaN,9,13,6,3,NaN,NaN,10133008,902952,7,53248,43520,NaN,NaN
2026-04-27 18:26:33.560,51120,ESTAB,cubic,224,22.863,4.294,20.494,1448,10,14480,NaN,8649,8649,1224,NaN,9,13,6,3,NaN,NaN,10133008,902952,7,53248,43520,NaN,NaN
2026-04-27 18:26:33.831,51120,ESTAB,cubic,224,22.863,4.294,20.494,1448,10,14480,NaN,8649,8649,1224,NaN,9,13,6,3,NaN,NaN,10133008,902952,7,53248,43520,NaN,NaN
2026-04-27 18:26:34.089,51120,ESTAB,cubic,224,22.863,4.294,20.494,1448,10,14480,NaN,8649,8649,1224,NaN,9,13,6,3,NaN,NaN,10133008,902952,7,53248,43520,NaN,NaN
2026-04-27 18:26:34.350,51120,ESTAB,cubic,224,22.863,4.294,20.494,1448,10,14480,NaN,8649,8649,1224,NaN,9,13,6,3,NaN,NaN,10133008,902952,7,53248,43520,NaN,NaN
2026-04-27 18:26:34.619,51120,ESTAB,cubic,224,22.863,4.294,20.494,1448,10,14480,NaN,8649,8649,1224,NaN,9,13,6,3,NaN,NaN,10133008,902952,7,53248,43520,NaN,NaN
2026-04-27 18:26:34.888,51120,ESTAB,cubic,224,22.863,4.294,20.494,1448,10,14480,NaN,8649,8649,1224,NaN,9,13,6,3,NaN,NaN,10133008,902952,7,53248,43520,NaN,NaN
2026-04-27 18:26:35.138,51120,ESTAB,cubic,224,22.863,4.294,20.494,1448,10,14480,NaN,8649,8649,1224,NaN,9,13,6,3,NaN,NaN,10133008,902952,7,53248,43520,NaN,NaN
2026-04-27 18:26:35.390,51120,ESTAB,cubic,224,22.863,4.294,20.494,1448,10,14480,NaN,8649,8649,1224,NaN,9,13,6,3,NaN,NaN,10133008,902952,7,53248,43520,NaN,NaN
2026-04-27 18:26:35.651,51120,ESTAB,cubic,224,22.863,4.294,20.494,1448,10,14480,NaN,8649,8649,1224,NaN,9,13,6,3,NaN,NaN,10133008,902952,7,53248,43520,NaN,NaN
2026-04-27 18:26:35.913,51120,ESTAB,cubic,224,22.863,4.294,20.494,1448,10,14480,NaN,8649,8649,1224,NaN,9,13,6,3,NaN,NaN,10133008,902952,7,53248,43520,NaN,NaN
2026-04-27 18:26:36.178,51120,ESTAB,cubic,224,22.863,4.294,20.494,1448,10,14480,NaN,8649,8649,1224,NaN,9,13,6,3,NaN,NaN,10133008,902952,7,53248,43520,NaN,NaN
2026-04-27 18:26:36.444,51120,ESTAB,cubic,224,22.863,4.294,20.494,1448,10,14480,NaN,8649,8649,1224,NaN,9,13,6,3,NaN,NaN,10133008,902952,7,53248,43520,NaN,NaN
2026-04-27 18:26:36.688,51120,ESTAB,cubic,224,22.863,4.294,20.494,1448,10,14480,NaN,8649,8649,1224,NaN,9,13,6,3,NaN,NaN,10133008,902952,7,53248,43520,NaN,NaN
2026-04-27 18:26:36.962,51120,ESTAB,cubic,224,22.863,4.294,20.494,1448,10,14480,NaN,8649,8649,1224,NaN,9,13,6,3,NaN,NaN,10133008,902952,7,53248,43520,NaN,NaN
2026-04-27 18:26:37.230,51120,ESTAB,cubic,224,22.863,4.294,20.494,1448,10,14480,NaN,8649,8649,1224,NaN,9,13,6,3,NaN,NaN,10133008,902952,7,53248,43520,NaN,NaN
2026-04-27 18:26:37.496,51120,ESTAB,cubic,224,22.863,4.294,20.494,1448,10,14480,NaN,8649,8649,1224,NaN,9,13,6,3,NaN,NaN,10133008,902952,7,53248,43520,NaN,NaN
2026-04-27 18:26:37.754,51120,ESTAB,cubic,224,22.863,4.294,20.494,1448,10,14480,NaN,8649,8649,1224,NaN,9,13,6,3,NaN,NaN,10133008,902952,7,53248,43520,NaN,NaN
2026-04-27 18:26:38.010,51120,ESTAB,cubic,224,22.863,4.294,20.494,1448,10,14480,NaN,8649,8649,1224,NaN,9,13,6,3,NaN,NaN,10133008,902952,7,53248,43520,NaN,NaN
2026-04-27 18:26:38.278,51120,ESTAB,cubic,224,22.863,4.294,20.494,1448,10,14480,NaN,8649,8649,1224,NaN,9,13,6,3,NaN,NaN,10133008,902952,7,53248,43520,NaN,NaN
2026-04-27 18:26:38.539,51120,ESTAB,cubic,224,22.863,4.294,20.494,1448,10,14480,NaN,8649,8649,1224,NaN,9,13,6,3,NaN,NaN,10133008,902952,7,53248,43520,NaN,NaN
2026-04-27 18:26:38.792,51120,ESTAB,cubic,224,22.863,4.294,20.494,1448,10,14480,NaN,8649,8649,1224,NaN,9,13,6,3,NaN,NaN,10133008,902952,7,53248,43520,NaN,NaN
2026-04-27 18:26:39.058,51120,ESTAB,cubic,224,22.863,4.294,20.494,1448,10,14480,NaN,8649,8649,1224,NaN,9,13,6,3,NaN,NaN,10133008,902952,7,53248,43520,NaN,NaN
2026-04-27 18:26:39.321,51120,ESTAB,cubic,224,22.863,4.294,20.494,1448,10,14480,NaN,8649,8649,1224,NaN,9,13,6,3,NaN,NaN,10133008,902952,7,53248,43520,NaN,NaN
2026-04-27 18:26:39.593,51120,ESTAB,cubic,224,22.863,4.294,20.494,1448,10,14480,NaN,8649,8649,1224,NaN,9,13,6,3,NaN,NaN,10133008,902952,7,53248,43520,NaN,NaN
2026-04-27 18:26:39.850,51120,ESTAB,cubic,224,22.863,4.294,20.494,1448,10,14480,NaN,8649,8649,1224,NaN,9,13,6,3,NaN,NaN,10133008,902952,7,53248,43520,NaN,NaN
2026-04-27 18:26:40.116,51120,ESTAB,cubic,224,22.863,4.294,20.494,1448,10,14480,NaN,8649,8649,1224,NaN,9,13,6,3,NaN,NaN,10133008,902952,7,53248,43520,NaN,NaN
2026-04-27 18:26:40.374,51120,ESTAB,cubic,224,22.863,4.294,20.494,1448,10,14480,NaN,8649,8649,1224,NaN,9,13,6,3,NaN,NaN,10133008,902952,7,53248,43520,NaN,NaN
2026-04-27 18:26:40.630,51120,ESTAB,cubic,224,22.863,4.294,20.494,1448,10,14480,NaN,8649,8649,1224,NaN,9,13,6,3,NaN,NaN,10133008,902952,7,53248,43520,NaN,NaN
2026-04-27 18:26:40.886,51120,ESTAB,cubic,224,22.863,4.294,20.494,1448,10,14480,NaN,8649,8649,1224,NaN,9,13,6,3,NaN,NaN,10133008,902952,7,53248,43520,NaN,NaN
2026-04-27 18:26:41.154,51120,ESTAB,cubic,224,22.863,4.294,20.494,1448,10,14480,NaN,8649,8649,1224,NaN,9,13,6,3,NaN,NaN,10133008,902952,7,53248,43520,NaN,NaN
2026-04-27 18:26:41.415,51120,ESTAB,cubic,224,22.863,4.294,20.494,1448,10,14480,NaN,8649,8649,1224,NaN,9,13,6,3,NaN,NaN,10133008,902952,7,53248,43520,NaN,NaN
2026-04-27 18:26:41.676,51120,ESTAB,cubic,224,22.863,4.294,20.494,1448,10,14480,NaN,8649,8649,1224,NaN,9,13,6,3,NaN,NaN,10133008,902952,7,53248,43520,NaN,NaN
2026-04-27 18:26:41.938,51120,ESTAB,cubic,224,22.863,4.294,20.494,1448,10,14480,NaN,8649,8649,1224,NaN,9,13,6,3,NaN,NaN,10133008,902952,7,53248,43520,NaN,NaN
2026-04-27 18:26:42.199,51120,ESTAB,cubic,224,22.863,4.294,20.494,1448,10,14480,NaN,8649,8649,1224,NaN,9,13,6,3,NaN,NaN,10133008,902952,7,53248,43520,NaN,NaN
2026-04-27 18:26:42.460,51120,ESTAB,cubic,224,22.863,4.294,20.494,1448,10,14480,NaN,8649,8649,1224,NaN,10,14,6,3,NaN,NaN,10133008,902952,7,53248,43520,NaN,NaN
2026-04-27 18:26:42.727,51120,ESTAB,cubic,224,22.863,4.294,20.494,1448,10,14480,NaN,8649,8649,1224,NaN,11,15,6,3,NaN,NaN,10133008,902952,7,53248,43520,NaN,NaN
2026-04-27 18:26:42.971,51120,ESTAB,cubic,224,22.863,4.294,20.494,1448,10,14480,NaN,8649,8649,1224,NaN,11,15,6,3,NaN,NaN,10133008,902952,7,53248,43520,NaN,NaN
2026-04-27 18:26:43.228,51120,ESTAB,cubic,224,22.863,4.294,20.494,1448,10,14480,NaN,8649,8649,1224,NaN,11,15,6,3,NaN,NaN,10133008,902952,7,53248,43520,NaN,NaN
2026-04-27 18:26:43.481,51120,ESTAB,cubic,224,22.863,4.294,20.494,1448,10,14480,NaN,8649,8649,1224,NaN,11,15,6,3,NaN,NaN,10133008,902952,7,53248,43520,NaN,NaN
2026-04-27 18:26:43.728,51120,ESTAB,cubic,224,22.863,4.294,20.494,1448,10,14480,NaN,8649,8649,1224,NaN,11,15,6,3,NaN,NaN,10133008,902952,7,53248,43520,NaN,NaN
2026-04-27 18:26:43.998,51120,ESTAB,cubic,224,22.863,4.294,20.494,1448,10,14480,NaN,8649,8649,1224,NaN,11,15,6,3,NaN,NaN,10133008,902952,7,53248,43520,NaN,NaN
2026-04-27 18:26:44.260,51120,ESTAB,cubic,224,22.863,4.294,20.494,1448,10,14480,NaN,8649,8649,1224,NaN,11,15,6,3,NaN,NaN,10133008,902952,7,53248,43520,NaN,NaN
2026-04-27 18:26:44.520,51120,ESTAB,cubic,224,22.863,4.294,20.494,1448,10,14480,NaN,8649,8649,1224,NaN,11,15,6,3,NaN,NaN,10133008,902952,7,53248,43520,NaN,NaN
2026-04-27 18:26:44.769,51120,ESTAB,cubic,224,22.863,4.294,20.494,1448,10,14480,NaN,8649,8649,1224,NaN,11,15,6,3,NaN,NaN,10133008,902952,7,53248,43520,NaN,NaN
2026-04-27 18:26:45.022,51120,ESTAB,cubic,224,22.863,4.294,20.494,1448,10,14480,NaN,8649,8649,1224,NaN,11,15,6,3,NaN,NaN,10133008,902952,7,53248,43520,NaN,NaN
2026-04-27 18:26:45.284,51120,ESTAB,cubic,224,22.863,4.294,20.494,1448,10,14480,NaN,8649,8649,1224,NaN,11,15,6,3,NaN,NaN,10133008,902952,7,53248,43520,NaN,NaN
2026-04-27 18:26:45.546,51120,ESTAB,cubic,224,22.863,4.294,20.494,1448,10,14480,NaN,8649,8649,1224,NaN,11,15,6,3,NaN,NaN,10133008,902952,7,53248,43520,NaN,NaN
2026-04-27 18:26:45.800,51120,ESTAB,cubic,224,22.863,4.294,20.494,1448,10,14480,NaN,8649,8649,1224,NaN,11,15,6,3,NaN,NaN,10133008,902952,7,53248,43520,NaN,NaN
2026-04-27 18:26:46.046,51120,ESTAB,cubic,224,22.863,4.294,20.494,1448,10,14480,NaN,8649,8649,1224,NaN,11,15,6,3,NaN,NaN,10133008,902952,7,53248,43520,NaN,NaN
2026-04-27 18:26:46.307,51120,ESTAB,cubic,224,22.863,4.294,20.494,1448,10,14480,NaN,8649,8649,1224,NaN,11,15,6,3,NaN,NaN,10133008,902952,7,53248,43520,NaN,NaN
2026-04-27 18:26:46.568,51120,ESTAB,cubic,224,22.863,4.294,20.494,1448,10,14480,NaN,8649,8649,1224,NaN,11,15,6,3,NaN,NaN,10133008,902952,7,53248,43520,NaN,NaN
2026-04-27 18:26:46.830,51120,ESTAB,cubic,224,22.863,4.294,20.494,1448,10,14480,NaN,8649,8649,1224,NaN,11,15,6,3,NaN,NaN,10133008,902952,7,53248,43520,NaN,NaN
2026-04-27 18:26:47.090,51120,ESTAB,cubic,224,22.863,4.294,20.494,1448,10,14480,NaN,8649,8649,1224,NaN,11,15,6,3,NaN,NaN,10133008,902952,7,53248,43520,NaN,NaN
2026-04-27 18:26:47.352,51120,ESTAB,cubic,224,22.863,4.294,20.494,1448,10,14480,NaN,8649,8649,1224,NaN,11,15,6,3,NaN,NaN,10133008,902952,7,53248,43520,NaN,NaN
2026-04-27 18:26:47.613,51120,ESTAB,cubic,224,22.863,4.294,20.494,1448,10,14480,NaN,8649,8649,1224,NaN,11,15,6,3,NaN,NaN,10133008,902952,7,53248,43520,NaN,NaN
2026-04-27 18:26:47.874,51120,ESTAB,cubic,224,22.863,4.294,20.494,1448,10,14480,NaN,8649,8649,1224,NaN,11,15,6,3,NaN,NaN,10133008,902952,7,53248,43520,NaN,NaN
2026-04-27 18:26:48.135,51120,ESTAB,cubic,224,22.863,4.294,20.494,1448,10,14480,NaN,8649,8649,1224,NaN,11,15,6,3,NaN,NaN,10133008,902952,7,53248,43520,NaN,NaN
2026-04-27 18:26:48.391,51120,ESTAB,cubic,224,22.863,4.294,20.494,1448,10,14480,NaN,8649,8649,1224,NaN,11,15,6,3,NaN,NaN,10133008,902952,7,53248,43520,NaN,NaN
2026-04-27 18:26:48.650,51120,ESTAB,cubic,224,22.863,4.294,20.494,1448,10,14480,NaN,8649,8649,1224,NaN,11,15,6,3,NaN,NaN,10133008,902952,7,53248,43520,NaN,NaN
2026-04-27 18:26:48.929,51120,ESTAB,cubic,224,22.863,4.294,20.494,1448,10,14480,NaN,8649,8649,1224,NaN,11,15,6,3,NaN,NaN,10133008,902952,7,53248,43520,NaN,NaN
2026-04-27 18:26:49.214,51120,ESTAB,cubic,224,22.863,4.294,20.494,1448,10,14480,NaN,8649,8649,1224,NaN,11,15,6,3,NaN,NaN,10133008,902952,7,53248,43520,NaN,NaN
2026-04-27 18:26:49.475,51120,ESTAB,cubic,224,22.863,4.294,20.494,1448,10,14480,NaN,8649,8649,1224,NaN,11,15,6,3,NaN,NaN,10133008,902952,7,53248,43520,NaN,NaN
2026-04-27 18:26:49.747,51120,ESTAB,cubic,224,22.863,4.294,20.494,1448,10,14480,NaN,8649,8649,1224,NaN,11,15,6,3,NaN,NaN,10133008,902952,7,53248,43520,NaN,NaN
2026-04-27 18:26:50.021,51120,ESTAB,cubic,224,22.863,4.294,20.494,1448,10,14480,NaN,8649,8649,1224,NaN,11,15,6,3,NaN,NaN,10133008,902952,7,53248,43520,NaN,NaN
2026-04-27 18:26:50.276,51120,ESTAB,cubic,224,22.863,4.294,20.494,1448,10,14480,NaN,8649,8649,1224,NaN,11,15,6,3,NaN,NaN,10133008,902952,7,53248,43520,NaN,NaN
2026-04-27 18:26:50.525,51120,ESTAB,cubic,224,22.863,4.294,20.494,1448,10,14480,NaN,8649,8649,1224,NaN,11,15,6,3,NaN,NaN,10133008,902952,7,53248,43520,NaN,NaN
2026-04-27 18:26:50.782,51120,ESTAB,cubic,224,22.863,4.294,20.494,1448,10,14480,NaN,8649,8649,1224,NaN,11,15,6,3,NaN,NaN,10133008,902952,7,53248,43520,NaN,NaN
2026-04-27 18:26:51.039,51120,ESTAB,cubic,224,22.863,4.294,20.494,1448,10,14480,NaN,8649,8649,1224,NaN,11,15,6,3,NaN,NaN,10133008,902952,7,53248,43520,NaN,NaN
2026-04-27 18:26:51.296,51120,ESTAB,cubic,224,22.863,4.294,20.494,1448,10,14480,NaN,8649,8649,1224,NaN,11,15,6,3,NaN,NaN,10133008,902952,7,53248,43520,NaN,NaN
2026-04-27 18:26:51.553,51120,ESTAB,cubic,224,22.863,4.294,20.494,1448,10,14480,NaN,8649,8649,1224,NaN,11,15,6,3,NaN,NaN,10133008,902952,7,53248,43520,NaN,NaN
2026-04-27 18:26:51.792,51120,ESTAB,cubic,224,22.863,4.294,20.494,1448,10,14480,NaN,8649,8649,1224,NaN,11,15,6,3,NaN,NaN,10133008,902952,7,53248,43520,NaN,NaN
2026-04-27 18:26:52.045,51120,ESTAB,cubic,224,22.863,4.294,20.494,1448,10,14480,NaN,8649,8649,1224,NaN,11,15,6,3,NaN,NaN,10133008,902952,7,53248,43520,NaN,NaN
2026-04-27 18:26:52.305,51120,ESTAB,cubic,224,22.863,4.294,20.494,1448,10,14480,NaN,8649,8649,1224,NaN,11,15,6,3,NaN,NaN,10133008,902952,7,53248,43520,NaN,NaN
2026-04-27 18:26:52.566,51120,ESTAB,cubic,224,22.863,4.294,20.494,1448,10,14480,NaN,8649,8649,1224,NaN,11,15,6,3,NaN,NaN,10133008,902952,7,53248,43520,NaN,NaN
2026-04-27 18:26:52.828,51120,ESTAB,cubic,224,22.863,4.294,20.494,1448,10,14480,NaN,8649,8649,1224,NaN,11,15,6,3,NaN,NaN,10133008,902952,7,53248,43520,NaN,NaN
2026-04-27 18:26:53.089,51120,ESTAB,cubic,224,22.863,4.294,20.494,1448,10,14480,NaN,8649,8649,1224,NaN,11,15,6,3,NaN,NaN,10133008,902952,7,53248,43520,NaN,NaN
2026-04-27 18:26:53.348,51120,ESTAB,cubic,224,22.863,4.294,20.494,1448,10,14480,NaN,8649,8649,1224,NaN,11,15,6,3,NaN,NaN,10133008,902952,7,53248,43520,NaN,NaN
2026-04-27 18:26:53.605,51120,ESTAB,cubic,224,22.863,4.294,20.494,1448,10,14480,NaN,8649,8649,1224,NaN,11,15,6,3,NaN,NaN,10133008,902952,7,53248,43520,NaN,NaN
2026-04-27 18:26:53.862,51120,ESTAB,cubic,224,22.863,4.294,20.494,1448,10,14480,NaN,8649,8649,1224,NaN,11,15,6,3,NaN,NaN,10133008,902952,7,53248,43520,NaN,NaN
2026-04-27 18:26:54.129,51120,ESTAB,cubic,224,22.863,4.294,20.494,1448,10,14480,NaN,8649,8649,1224,NaN,11,15,6,3,NaN,NaN,10133008,902952,7,53248,43520,NaN,NaN
2026-04-27 18:26:54.389,51120,ESTAB,cubic,224,22.863,4.294,20.494,1448,10,14480,NaN,8649,8649,1224,NaN,11,15,6,3,NaN,NaN,10133008,902952,7,53248,43520,NaN,NaN
2026-04-27 18:26:54.660,51120,ESTAB,cubic,224,22.863,4.294,20.494,1448,10,14480,NaN,8649,8649,1224,NaN,11,15,6,3,NaN,NaN,10133008,902952,7,53248,43520,NaN,NaN
2026-04-27 18:26:54.920,51120,ESTAB,cubic,224,22.863,4.294,20.494,1448,10,14480,NaN,8649,8649,1224,NaN,11,15,6,3,NaN,NaN,10133008,902952,7,53248,43520,NaN,NaN
2026-04-27 18:26:55.171,51120,ESTAB,cubic,224,22.863,4.294,20.494,1448,10,14480,NaN,8649,8649,1224,NaN,11,15,6,3,NaN,NaN,10133008,902952,7,53248,43520,NaN,NaN
2026-04-27 18:26:55.430,51120,ESTAB,cubic,224,22.863,4.294,20.494,1448,10,14480,NaN,8649,8649,1224,NaN,11,15,6,3,NaN,NaN,10133008,902952,7,53248,43520,NaN,NaN
2026-04-27 18:26:55.686,51120,ESTAB,cubic,224,22.863,4.294,20.494,1448,10,14480,NaN,8649,8649,1224,NaN,11,15,6,3,NaN,NaN,10133008,902952,7,53248,43520,NaN,NaN
2026-04-27 18:26:55.942,51120,ESTAB,cubic,224,22.863,4.294,20.494,1448,10,14480,NaN,8649,8649,1224,NaN,11,15,6,3,NaN,NaN,10133008,902952,7,53248,43520,NaN,NaN
2026-04-27 18:26:56.203,51120,ESTAB,cubic,224,22.863,4.294,20.494,1448,10,14480,NaN,8649,8649,1224,NaN,11,15,6,3,NaN,NaN,10133008,902952,7,53248,43520,NaN,NaN
2026-04-27 18:26:56.466,51120,ESTAB,cubic,224,22.863,4.294,20.494,1448,10,14480,NaN,8649,8649,1224,NaN,11,15,6,3,NaN,NaN,10133008,902952,7,53248,43520,NaN,NaN
2026-04-27 18:26:56.729,51120,ESTAB,cubic,224,22.863,4.294,20.494,1448,10,14480,NaN,8649,8649,1224,NaN,11,15,6,3,NaN,NaN,10133008,902952,7,53248,43520,NaN,NaN
2026-04-27 18:26:57.016,51120,ESTAB,cubic,224,22.863,4.294,20.494,1448,10,14480,NaN,8649,8649,1224,NaN,11,15,6,3,NaN,NaN,10133008,902952,7,53248,43520,NaN,NaN
2026-04-27 18:26:57.269,51120,ESTAB,cubic,224,22.863,4.294,20.494,1448,10,14480,NaN,8649,8649,1224,NaN,11,15,6,3,NaN,NaN,10133008,902952,7,53248,43520,NaN,NaN
2026-04-27 18:26:57.522,51120,ESTAB,cubic,224,22.863,4.294,20.494,1448,10,14480,NaN,8649,8649,1224,NaN,11,15,6,3,NaN,NaN,10133008,902952,7,53248,43520,NaN,NaN
2026-04-27 18:26:57.764,51120,ESTAB,cubic,224,22.863,4.294,20.494,1448,10,14480,NaN,8649,8649,1224,NaN,12,16,6,3,NaN,NaN,10133008,902952,7,53248,43520,NaN,NaN
2026-04-27 18:26:58.017,51120,ESTAB,cubic,224,22.863,4.294,20.494,1448,10,14480,NaN,8649,8649,1224,NaN,12,16,6,3,NaN,NaN,10133008,902952,7,53248,43520,NaN,NaN
2026-04-27 18:26:58.270,51120,ESTAB,cubic,224,22.863,4.294,20.494,1448,10,14480,NaN,8649,8649,1224,NaN,12,16,6,3,NaN,NaN,10133008,902952,7,53248,43520,NaN,NaN
2026-04-27 18:26:58.532,51120,ESTAB,cubic,224,22.863,4.294,20.494,1448,10,14480,NaN,8649,8649,1224,NaN,12,16,6,3,NaN,NaN,10133008,902952,7,53248,43520,NaN,NaN
2026-04-27 18:26:58.783,51120,ESTAB,cubic,224,22.863,4.294,20.494,1448,10,14480,NaN,8649,8649,1224,NaN,12,16,6,3,NaN,NaN,10133008,902952,7,53248,43520,NaN,NaN
2026-04-27 18:26:59.029,51120,ESTAB,cubic,224,22.863,4.294,20.494,1448,10,14480,NaN,8649,8649,1224,NaN,12,16,6,3,NaN,NaN,10133008,902952,7,53248,43520,NaN,NaN
2026-04-27 18:26:59.288,51120,ESTAB,cubic,224,22.863,4.294,20.494,1448,10,14480,NaN,8649,8649,1224,NaN,12,16,6,3,NaN,NaN,10133008,902952,7,53248,43520,NaN,NaN
2026-04-27 18:26:59.544,51120,ESTAB,cubic,224,22.863,4.294,20.494,1448,10,14480,NaN,8649,8649,1224,NaN,12,16,6,3,NaN,NaN,10133008,902952,7,53248,43520,NaN,NaN
2026-04-27 18:26:59.810,51120,ESTAB,cubic,224,22.863,4.294,20.494,1448,10,14480,NaN,8649,8649,1224,NaN,12,16,6,3,NaN,NaN,10133008,902952,7,53248,43520,NaN,NaN
2026-04-27 18:27:00.060,51120,ESTAB,cubic,224,22.863,4.294,20.494,1448,10,14480,NaN,8649,8649,1224,NaN,12,16,6,3,NaN,NaN,10133008,902952,7,53248,43520,NaN,NaN
2026-04-27 18:27:00.321,51120,ESTAB,cubic,224,22.863,4.294,20.494,1448,10,14480,NaN,8649,8649,1224,NaN,12,16,6,3,NaN,NaN,10133008,902952,7,53248,43520,NaN,NaN
2026-04-27 18:27:00.598,51120,ESTAB,cubic,224,22.863,4.294,20.494,1448,10,14480,NaN,8649,8649,1224,NaN,12,16,6,3,NaN,NaN,10133008,902952,7,53248,43520,NaN,NaN
2026-04-27 18:27:00.871,51120,ESTAB,cubic,224,22.863,4.294,20.494,1448,10,14480,NaN,8649,8649,1224,NaN,12,16,6,3,NaN,NaN,10133008,902952,7,53248,43520,NaN,NaN
2026-04-27 18:27:01.135,51120,ESTAB,cubic,224,22.863,4.294,20.494,1448,10,14480,NaN,8649,8649,1224,NaN,12,16,6,3,NaN,NaN,10133008,902952,7,53248,43520,NaN,NaN
2026-04-27 18:27:01.392,51120,ESTAB,cubic,224,22.863,4.294,20.494,1448,10,14480,NaN,8649,8649,1224,NaN,12,16,6,3,NaN,NaN,10133008,902952,7,53248,43520,NaN,NaN
2026-04-27 18:27:01.667,51120,ESTAB,cubic,224,22.863,4.294,20.494,1448,10,14480,NaN,8649,8649,1224,NaN,12,16,6,3,NaN,NaN,10133008,902952,7,53248,43520,NaN,NaN
2026-04-27 18:27:01.946,51120,ESTAB,cubic,224,22.863,4.294,20.494,1448,10,14480,NaN,8649,8649,1224,NaN,12,16,6,3,NaN,NaN,10133008,902952,7,53248,43520,NaN,NaN
2026-04-27 18:27:02.205,51120,ESTAB,cubic,224,22.863,4.294,20.494,1448,10,14480,NaN,8649,8649,1224,NaN,12,16,6,3,NaN,NaN,10133008,902952,7,53248,43520,NaN,NaN
2026-04-27 18:27:02.454,51120,ESTAB,cubic,224,22.863,4.294,20.494,1448,10,14480,NaN,8649,8649,1224,NaN,12,16,6,3,NaN,NaN,10133008,902952,7,53248,43520,NaN,NaN
2026-04-27 18:27:02.704,51120,ESTAB,cubic,224,22.863,4.294,20.494,1448,10,14480,NaN,8649,8649,1224,NaN,12,16,6,3,NaN,NaN,10133008,902952,7,53248,43520,NaN,NaN
2026-04-27 18:27:02.966,51120,ESTAB,cubic,224,22.863,4.294,20.494,1448,10,14480,NaN,8649,8649,1224,NaN,12,16,6,3,NaN,NaN,10133008,902952,7,53248,43520,NaN,NaN
2026-04-27 18:27:03.231,51120,ESTAB,cubic,224,22.863,4.294,20.494,1448,10,14480,NaN,8649,8649,1224,NaN,12,16,6,3,NaN,NaN,10133008,902952,7,53248,43520,NaN,NaN
2026-04-27 18:27:03.486,51120,ESTAB,cubic,224,22.863,4.294,20.494,1448,10,14480,NaN,8649,8649,1224,NaN,12,16,6,3,NaN,NaN,10133008,902952,7,53248,43520,NaN,NaN
2026-04-27 18:27:03.735,51120,ESTAB,cubic,224,22.863,4.294,20.494,1448,10,14480,NaN,8649,8649,1224,NaN,12,16,6,3,NaN,NaN,10133008,902952,7,53248,43520,NaN,NaN
2026-04-27 18:27:03.985,51120,ESTAB,cubic,224,22.863,4.294,20.494,1448,10,14480,NaN,8649,8649,1224,NaN,12,16,6,3,NaN,NaN,10133008,902952,7,53248,43520,NaN,NaN
2026-04-27 18:27:04.228,51120,ESTAB,cubic,224,22.863,4.294,20.494,1448,10,14480,NaN,8649,8649,1224,NaN,12,16,6,3,NaN,NaN,10133008,902952,7,53248,43520,NaN,NaN
2026-04-27 18:27:04.484,51120,ESTAB,cubic,224,22.863,4.294,20.494,1448,10,14480,NaN,8649,8649,1224,NaN,12,16,6,3,NaN,NaN,10133008,902952,7,53248,43520,NaN,NaN
2026-04-27 18:27:04.726,51120,ESTAB,cubic,224,22.863,4.294,20.494,1448,10,14480,NaN,8649,8649,1224,NaN,12,16,6,3,NaN,NaN,10133008,902952,7,53248,43520,NaN,NaN
2026-04-27 18:27:04.988,51120,ESTAB,cubic,224,22.863,4.294,20.494,1448,10,14480,NaN,8649,8649,1224,NaN,12,16,6,3,NaN,NaN,10133008,902952,7,53248,43520,NaN,NaN
2026-04-27 18:27:05.259,51120,ESTAB,cubic,224,22.863,4.294,20.494,1448,10,14480,NaN,8649,8649,1224,NaN,12,16,6,3,NaN,NaN,10133008,902952,7,53248,43520,NaN,NaN
2026-04-27 18:27:05.532,51120,ESTAB,cubic,224,22.863,4.294,20.494,1448,10,14480,NaN,8649,8649,1224,NaN,12,16,6,3,NaN,NaN,10133008,902952,7,53248,43520,NaN,NaN
2026-04-27 18:27:05.804,51120,ESTAB,cubic,224,22.863,4.294,20.494,1448,10,14480,NaN,8649,8649,1224,NaN,12,16,6,3,NaN,NaN,10133008,902952,7,53248,43520,NaN,NaN
2026-04-27 18:27:06.062,51120,ESTAB,cubic,224,22.863,4.294,20.494,1448,10,14480,NaN,8649,8649,1224,NaN,12,16,6,3,NaN,NaN,10133008,902952,7,53248,43520,NaN,NaN
2026-04-27 18:27:06.319,51120,ESTAB,cubic,224,22.863,4.294,20.494,1448,10,14480,NaN,8649,8649,1224,NaN,12,16,6,3,NaN,NaN,10133008,902952,7,53248,43520,NaN,NaN
2026-04-27 18:27:06.577,51120,ESTAB,cubic,224,22.863,4.294,20.494,1448,10,14480,NaN,8649,8649,1224,NaN,12,16,6,3,NaN,NaN,10133008,902952,7,53248,43520,NaN,NaN
2026-04-27 18:27:06.840,51120,ESTAB,cubic,224,22.863,4.294,20.494,1448,10,14480,NaN,8649,8649,1224,NaN,12,16,6,3,NaN,NaN,10133008,902952,7,53248,43520,NaN,NaN
2026-04-27 18:27:07.102,51120,ESTAB,cubic,224,22.863,4.294,20.494,1448,10,14480,NaN,8649,8649,1224,NaN,12,16,6,3,NaN,NaN,10133008,902952,7,53248,43520,NaN,NaN
2026-04-27 18:27:07.368,51120,ESTAB,cubic,224,22.863,4.294,20.494,1448,10,14480,NaN,8649,8649,1224,NaN,12,16,6,3,NaN,NaN,10133008,902952,7,53248,43520,NaN,NaN
2026-04-27 18:27:07.622,51120,ESTAB,cubic,224,22.863,4.294,20.494,1448,10,14480,NaN,8649,8649,1224,NaN,12,16,6,3,NaN,NaN,10133008,902952,7,53248,43520,NaN,NaN
2026-04-27 18:27:07.889,51120,ESTAB,cubic,224,22.863,4.294,20.494,1448,10,14480,NaN,8649,8649,1224,NaN,12,16,6,3,NaN,NaN,10133008,902952,7,53248,43520,NaN,NaN
2026-04-27 18:27:08.150,51120,ESTAB,cubic,224,22.863,4.294,20.494,1448,10,14480,NaN,8649,8649,1224,NaN,12,16,6,3,NaN,NaN,10133008,902952,7,53248,43520,NaN,NaN
2026-04-27 18:27:08.409,51120,ESTAB,cubic,224,22.863,4.294,20.494,1448,10,14480,NaN,8649,8649,1224,NaN,12,16,6,3,NaN,NaN,10133008,902952,7,53248,43520,NaN,NaN
2026-04-27 18:27:08.665,51120,ESTAB,cubic,224,22.863,4.294,20.494,1448,10,14480,NaN,8649,8649,1224,NaN,12,16,6,3,NaN,NaN,10133008,902952,7,53248,43520,NaN,NaN
2026-04-27 18:27:08.924,51120,ESTAB,cubic,224,22.863,4.294,20.494,1448,10,14480,NaN,8649,8649,1224,NaN,12,16,6,3,NaN,NaN,10133008,902952,7,53248,43520,NaN,NaN
2026-04-27 18:27:09.164,51120,ESTAB,cubic,224,22.863,4.294,20.494,1448,10,14480,NaN,8649,8649,1224,NaN,12,16,6,3,NaN,NaN,10133008,902952,7,53248,43520,NaN,NaN
2026-04-27 18:27:09.394,51120,ESTAB,cubic,224,22.863,4.294,20.494,1448,10,14480,NaN,8649,8649,1224,NaN,12,16,6,3,NaN,NaN,10133008,902952,7,53248,43520,NaN,NaN
2026-04-27 18:27:09.651,51120,ESTAB,cubic,224,22.863,4.294,20.494,1448,10,14480,NaN,8649,8649,1224,NaN,12,16,6,3,NaN,NaN,10133008,902952,7,53248,43520,NaN,NaN
2026-04-27 18:27:09.907,51120,ESTAB,cubic,224,22.863,4.294,20.494,1448,10,14480,NaN,8649,8649,1224,NaN,12,16,6,3,NaN,NaN,10133008,902952,7,53248,43520,NaN,NaN
2026-04-27 18:27:10.165,51120,ESTAB,cubic,224,22.863,4.294,20.494,1448,10,14480,NaN,8649,8649,1224,NaN,12,16,6,3,NaN,NaN,10133008,902952,7,53248,43520,NaN,NaN
2026-04-27 18:27:10.420,51120,ESTAB,cubic,224,22.863,4.294,20.494,1448,10,14480,NaN,8649,8649,1224,NaN,12,16,6,3,NaN,NaN,10133008,902952,7,53248,43520,NaN,NaN
2026-04-27 18:27:10.687,51120,ESTAB,cubic,224,22.863,4.294,20.494,1448,10,14480,NaN,8649,8649,1224,NaN,12,16,6,3,NaN,NaN,10133008,902952,7,53248,43520,NaN,NaN
2026-04-27 18:27:10.954,51120,ESTAB,cubic,224,22.863,4.294,20.494,1448,10,14480,NaN,8649,8649,1224,NaN,12,16,6,3,NaN,NaN,10133008,902952,7,53248,43520,NaN,NaN
2026-04-27 18:27:11.219,51120,ESTAB,cubic,224,22.863,4.294,20.494,1448,10,14480,NaN,8649,8649,1224,NaN,12,16,6,3,NaN,NaN,10133008,902952,7,53248,43520,NaN,NaN
2026-04-27 18:27:11.476,51120,ESTAB,cubic,224,22.863,4.294,20.494,1448,10,14480,NaN,8649,8649,1224,NaN,12,16,6,3,NaN,NaN,10133008,902952,7,53248,43520,NaN,NaN
2026-04-27 18:27:11.733,51120,ESTAB,cubic,224,22.863,4.294,20.494,1448,10,14480,NaN,8649,8649,1224,NaN,12,16,6,3,NaN,NaN,10133008,902952,7,53248,43520,NaN,NaN
2026-04-27 18:27:11.993,51120,ESTAB,cubic,224,22.863,4.294,20.494,1448,10,14480,NaN,8649,8649,1224,NaN,12,16,6,3,NaN,NaN,10133008,902952,7,53248,43520,NaN,NaN
2026-04-27 18:27:12.240,51120,ESTAB,cubic,224,22.863,4.294,20.494,1448,10,14480,NaN,8649,8649,1224,NaN,12,16,6,3,NaN,NaN,10133008,902952,7,53248,43520,NaN,NaN
2026-04-27 18:27:12.492,51120,ESTAB,cubic,224,22.863,4.294,20.494,1448,10,14480,NaN,8649,8649,1224,NaN,12,16,6,3,NaN,NaN,10133008,902952,7,53248,43520,NaN,NaN
2026-04-27 18:27:12.742,51120,ESTAB,cubic,224,22.863,4.294,20.494,1448,10,14480,NaN,8649,8649,1224,NaN,13,17,6,3,NaN,NaN,10133008,902952,7,53248,43520,NaN,NaN
2026-04-27 18:27:12.996,51120,ESTAB,cubic,224,22.863,4.294,20.494,1448,10,14480,NaN,8649,8649,1224,NaN,13,17,6,3,NaN,NaN,10133008,902952,7,53248,43520,NaN,NaN
2026-04-27 18:27:13.257,51120,ESTAB,cubic,224,22.863,4.294,20.494,1448,10,14480,NaN,8649,8649,1224,NaN,13,17,6,3,NaN,NaN,10133008,902952,7,53248,43520,NaN,NaN
2026-04-27 18:27:13.510,51120,ESTAB,cubic,224,22.863,4.294,20.494,1448,10,14480,NaN,8649,8649,1224,NaN,13,17,6,3,NaN,NaN,10133008,902952,7,53248,43520,NaN,NaN
2026-04-27 18:27:13.756,51120,ESTAB,cubic,224,22.863,4.294,20.494,1448,10,14480,NaN,8649,8649,1224,NaN,13,17,6,3,NaN,NaN,10133008,902952,7,53248,43520,NaN,NaN
2026-04-27 18:27:14.024,51120,ESTAB,cubic,224,22.863,4.294,20.494,1448,10,14480,NaN,8649,8649,1224,NaN,13,17,6,3,NaN,NaN,10133008,902952,7,53248,43520,NaN,NaN
2026-04-27 18:27:14.268,51120,ESTAB,cubic,224,22.863,4.294,20.494,1448,10,14480,NaN,8649,8649,1224,NaN,13,17,6,3,NaN,NaN,10133008,902952,7,53248,43520,NaN,NaN
2026-04-27 18:27:14.510,51120,ESTAB,cubic,224,22.863,4.294,20.494,1448,10,14480,NaN,8649,8649,1224,NaN,13,17,6,3,NaN,NaN,10133008,902952,7,53248,43520,NaN,NaN
2026-04-27 18:27:14.746,51120,ESTAB,cubic,224,22.863,4.294,20.494,1448,10,14480,NaN,8649,8649,1224,NaN,13,17,6,3,NaN,NaN,10133008,902952,7,53248,43520,NaN,NaN
2026-04-27 18:27:15.001,51120,ESTAB,cubic,224,22.863,4.294,20.494,1448,10,14480,NaN,8649,8649,1224,NaN,13,17,6,3,NaN,NaN,10133008,902952,7,53248,43520,NaN,NaN
2026-04-27 18:27:15.262,51120,ESTAB,cubic,224,22.863,4.294,20.494,1448,10,14480,NaN,8649,8649,1224,NaN,13,17,6,3,NaN,NaN,10133008,902952,7,53248,43520,NaN,NaN
2026-04-27 18:27:15.511,51120,ESTAB,cubic,224,22.863,4.294,20.494,1448,10,14480,NaN,8649,8649,1224,NaN,13,17,6,3,NaN,NaN,10133008,902952,7,53248,43520,NaN,NaN
2026-04-27 18:27:15.764,51120,ESTAB,cubic,224,22.863,4.294,20.494,1448,10,14480,NaN,8649,8649,1224,NaN,13,17,6,3,NaN,NaN,10133008,902952,7,53248,43520,NaN,NaN
2026-04-27 18:27:16.024,51120,ESTAB,cubic,224,22.863,4.294,20.494,1448,10,14480,NaN,8649,8649,1224,NaN,13,17,6,3,NaN,NaN,10133008,902952,7,53248,43520,NaN,NaN
2026-04-27 18:27:16.293,51120,ESTAB,cubic,224,22.863,4.294,20.494,1448,10,14480,NaN,8649,8649,1224,NaN,13,17,6,3,NaN,NaN,10133008,902952,7,53248,43520,NaN,NaN
2026-04-27 18:27:16.549,51120,ESTAB,cubic,224,22.863,4.294,20.494,1448,10,14480,NaN,8649,8649,1224,NaN,13,17,6,3,NaN,NaN,10133008,902952,7,53248,43520,NaN,NaN
2026-04-27 18:27:16.791,51120,ESTAB,cubic,224,22.863,4.294,20.494,1448,10,14480,NaN,8649,8649,1224,NaN,13,17,6,3,NaN,NaN,10133008,902952,7,53248,43520,NaN,NaN
2026-04-27 18:27:17.047,51120,ESTAB,cubic,224,22.863,4.294,20.494,1448,10,14480,NaN,8649,8649,1224,NaN,13,17,6,3,NaN,NaN,10133008,902952,7,53248,43520,NaN,NaN
2026-04-27 18:27:17.315,51120,ESTAB,cubic,224,22.863,4.294,20.494,1448,10,14480,NaN,8649,8649,1224,NaN,13,17,6,3,NaN,NaN,10133008,902952,7,53248,43520,NaN,NaN
2026-04-27 18:27:17.582,51120,ESTAB,cubic,224,22.863,4.294,20.494,1448,10,14480,NaN,8649,8649,1224,NaN,13,17,6,3,NaN,NaN,10133008,902952,7,53248,43520,NaN,NaN
2026-04-27 18:27:17.843,51120,ESTAB,cubic,224,22.863,4.294,20.494,1448,10,14480,NaN,8649,8649,1224,NaN,13,17,6,3,NaN,NaN,10133008,902952,7,53248,43520,NaN,NaN
2026-04-27 18:27:18.104,51120,ESTAB,cubic,224,22.863,4.294,20.494,1448,10,14480,NaN,8649,8649,1224,NaN,13,17,6,3,NaN,NaN,10133008,902952,7,53248,43520,NaN,NaN
2026-04-27 18:27:18.367,51120,ESTAB,cubic,224,22.863,4.294,20.494,1448,10,14480,NaN,8649,8649,1224,NaN,13,17,6,3,NaN,NaN,10133008,902952,7,53248,43520,NaN,NaN
2026-04-27 18:27:18.631,51120,ESTAB,cubic,224,22.863,4.294,20.494,1448,10,14480,NaN,8649,8649,1224,NaN,13,17,6,3,NaN,NaN,10133008,902952,7,53248,43520,NaN,NaN
2026-04-27 18:27:18.886,51120,ESTAB,cubic,224,22.863,4.294,20.494,1448,10,14480,NaN,8649,8649,1224,NaN,13,17,6,3,NaN,NaN,10133008,902952,7,53248,43520,NaN,NaN
2026-04-27 18:27:19.148,51120,ESTAB,cubic,224,22.863,4.294,20.494,1448,10,14480,NaN,8649,8649,1224,NaN,13,17,6,3,NaN,NaN,10133008,902952,7,53248,43520,NaN,NaN
2026-04-27 18:27:19.414,51120,ESTAB,cubic,224,22.863,4.294,20.494,1448,10,14480,NaN,8649,8649,1224,NaN,13,17,6,3,NaN,NaN,10133008,902952,7,53248,43520,NaN,NaN
2026-04-27 18:27:19.677,51120,ESTAB,cubic,224,22.863,4.294,20.494,1448,10,14480,NaN,8649,8649,1224,NaN,13,17,6,3,NaN,NaN,10133008,902952,7,53248,43520,NaN,NaN
2026-04-27 18:27:19.943,51120,ESTAB,cubic,224,22.863,4.294,20.494,1448,10,14480,NaN,8649,8649,1224,NaN,13,17,6,3,NaN,NaN,10133008,902952,7,53248,43520,NaN,NaN
2026-04-27 18:27:20.209,51120,ESTAB,cubic,224,22.863,4.294,20.494,1448,10,14480,NaN,8649,8649,1224,NaN,13,17,6,3,NaN,NaN,10133008,902952,7,53248,43520,NaN,NaN
2026-04-27 18:27:20.474,51120,ESTAB,cubic,224,22.863,4.294,20.494,1448,10,14480,NaN,8649,8649,1224,NaN,13,17,6,3,NaN,NaN,10133008,902952,7,53248,43520,NaN,NaN
2026-04-27 18:27:20.723,51120,ESTAB,cubic,224,22.863,4.294,20.494,1448,10,14480,NaN,8649,8649,1224,NaN,13,17,6,3,NaN,NaN,10133008,902952,7,53248,43520,NaN,NaN
2026-04-27 18:27:20.977,51120,ESTAB,cubic,224,22.863,4.294,20.494,1448,10,14480,NaN,8649,8649,1224,NaN,13,17,6,3,NaN,NaN,10133008,902952,7,53248,43520,NaN,NaN
2026-04-27 18:27:21.240,51120,ESTAB,cubic,224,22.863,4.294,20.494,1448,10,14480,NaN,8649,8649,1224,NaN,13,17,6,3,NaN,NaN,10133008,902952,7,53248,43520,NaN,NaN
2026-04-27 18:27:21.496,51120,ESTAB,cubic,224,22.863,4.294,20.494,1448,10,14480,NaN,8649,8649,1224,NaN,13,17,6,3,NaN,NaN,10133008,902952,7,53248,43520,NaN,NaN
2026-04-27 18:27:21.742,51120,ESTAB,cubic,224,22.863,4.294,20.494,1448,10,14480,NaN,8649,8649,1224,NaN,13,17,6,3,NaN,NaN,10133008,902952,7,53248,43520,NaN,NaN
2026-04-27 18:27:21.991,51120,ESTAB,cubic,224,22.863,4.294,20.494,1448,10,14480,NaN,8649,8649,1224,NaN,13,17,6,3,NaN,NaN,10133008,902952,7,53248,43520,NaN,NaN
2026-04-27 18:27:22.248,51120,ESTAB,cubic,224,22.863,4.294,20.494,1448,10,14480,NaN,8649,8649,1224,NaN,13,17,6,3,NaN,NaN,10133008,902952,7,53248,43520,NaN,NaN
2026-04-27 18:27:22.504,51120,ESTAB,cubic,224,22.863,4.294,20.494,1448,10,14480,NaN,8649,8649,1224,NaN,13,17,6,3,NaN,NaN,10133008,902952,7,53248,43520,NaN,NaN
2026-04-27 18:27:22.769,51120,ESTAB,cubic,224,22.863,4.294,20.494,1448,10,14480,NaN,8649,8649,1224,NaN,13,17,6,3,NaN,NaN,10133008,902952,7,53248,43520,NaN,NaN
2026-04-27 18:27:23.026,51120,ESTAB,cubic,224,22.863,4.294,20.494,1448,10,14480,NaN,8649,8649,1224,NaN,13,17,6,3,NaN,NaN,10133008,902952,7,53248,43520,NaN,NaN
2026-04-27 18:27:23.284,51120,ESTAB,cubic,224,22.863,4.294,20.494,1448,10,14480,NaN,8649,8649,1224,NaN,13,17,6,3,NaN,NaN,10133008,902952,7,53248,43520,NaN,NaN
2026-04-27 18:27:23.546,51120,ESTAB,cubic,224,22.863,4.294,20.494,1448,10,14480,NaN,8649,8649,1224,NaN,13,17,6,3,NaN,NaN,10133008,902952,7,53248,43520,NaN,NaN
2026-04-27 18:27:23.795,51120,ESTAB,cubic,224,22.863,4.294,20.494,1448,10,14480,NaN,8649,8649,1224,NaN,13,17,6,3,NaN,NaN,10133008,902952,7,53248,43520,NaN,NaN
2026-04-27 18:27:24.035,51120,ESTAB,cubic,224,22.863,4.294,20.494,1448,10,14480,NaN,8649,8649,1224,NaN,13,17,6,3,NaN,NaN,10133008,902952,7,53248,43520,NaN,NaN
2026-04-27 18:27:24.278,51120,ESTAB,cubic,224,22.863,4.294,20.494,1448,10,14480,NaN,8649,8649,1224,NaN,13,17,6,3,NaN,NaN,10133008,902952,7,53248,43520,NaN,NaN
2026-04-27 18:27:24.527,51120,ESTAB,cubic,224,22.863,4.294,20.494,1448,10,14480,NaN,8649,8649,1224,NaN,13,17,6,3,NaN,NaN,10133008,902952,7,53248,43520,NaN,NaN
2026-04-27 18:27:24.784,51120,ESTAB,cubic,224,22.863,4.294,20.494,1448,10,14480,NaN,8649,8649,1224,NaN,13,17,6,3,NaN,NaN,10133008,902952,7,53248,43520,NaN,NaN
2026-04-27 18:27:25.057,51120,ESTAB,cubic,224,22.863,4.294,20.494,1448,10,14480,NaN,8649,8649,1224,NaN,13,17,6,3,NaN,NaN,10133008,902952,7,53248,43520,NaN,NaN
2026-04-27 18:27:25.318,51120,ESTAB,cubic,224,22.863,4.294,20.494,1448,10,14480,NaN,8649,8649,1224,NaN,13,17,6,3,NaN,NaN,10133008,902952,7,53248,43520,NaN,NaN
2026-04-27 18:27:25.580,51120,ESTAB,cubic,224,22.863,4.294,20.494,1448,10,14480,NaN,8649,8649,1224,NaN,13,17,6,3,NaN,NaN,10133008,902952,7,53248,43520,NaN,NaN
2026-04-27 18:27:25.847,51120,ESTAB,cubic,224,22.863,4.294,20.494,1448,10,14480,NaN,8649,8649,1224,NaN,13,17,6,3,NaN,NaN,10133008,902952,7,53248,43520,NaN,NaN
2026-04-27 18:27:26.113,51120,ESTAB,cubic,224,22.863,4.294,20.494,1448,10,14480,NaN,8649,8649,1224,NaN,13,17,6,3,NaN,NaN,10133008,902952,7,53248,43520,NaN,NaN
2026-04-27 18:27:26.372,51120,ESTAB,cubic,224,22.863,4.294,20.494,1448,10,14480,NaN,8649,8649,1224,NaN,13,17,6,3,NaN,NaN,10133008,902952,7,53248,43520,NaN,NaN
2026-04-27 18:27:26.628,51120,ESTAB,cubic,224,22.863,4.294,20.494,1448,10,14480,NaN,8649,8649,1224,NaN,13,17,6,3,NaN,NaN,10133008,902952,7,53248,43520,NaN,NaN
2026-04-27 18:27:26.881,51120,ESTAB,cubic,224,22.863,4.294,20.494,1448,10,14480,NaN,8649,8649,1224,NaN,13,17,6,3,NaN,NaN,10133008,902952,7,53248,43520,NaN,NaN
2026-04-27 18:27:27.132,51120,ESTAB,cubic,224,22.863,4.294,20.494,1448,10,14480,NaN,8649,8649,1224,NaN,13,17,6,3,NaN,NaN,10133008,902952,7,53248,43520,NaN,NaN
2026-04-27 18:27:27.388,51120,ESTAB,cubic,224,22.863,4.294,20.494,1448,10,14480,NaN,8649,8649,1224,NaN,13,17,6,3,NaN,NaN,10133008,902952,7,53248,43520,NaN,NaN
2026-04-27 18:27:27.646,51120,ESTAB,cubic,224,22.863,4.294,20.494,1448,10,14480,NaN,8649,8649,1224,NaN,13,17,6,3,NaN,NaN,10133008,902952,7,53248,43520,NaN,NaN
2026-04-27 18:27:27.904,51120,ESTAB,cubic,224,22.863,4.294,20.494,1448,10,14480,NaN,8649,8649,1224,NaN,14,18,6,3,NaN,NaN,10133008,902952,7,53248,43520,NaN,NaN
2026-04-27 18:27:28.173,51120,ESTAB,cubic,224,22.863,4.294,20.494,1448,10,14480,NaN,8649,8649,1224,NaN,14,18,6,3,NaN,NaN,10133008,902952,7,53248,43520,NaN,NaN
2026-04-27 18:27:28.443,51120,ESTAB,cubic,224,22.863,4.294,20.494,1448,10,14480,NaN,8649,8649,1224,NaN,15,19,6,3,NaN,NaN,10133008,902952,7,53248,43520,NaN,NaN
2026-04-27 18:27:28.703,51120,ESTAB,cubic,224,22.863,4.294,20.494,1448,10,14480,NaN,8649,8649,1224,NaN,15,19,6,3,NaN,NaN,10133008,902952,7,53248,43520,NaN,NaN
2026-04-27 18:27:28.979,51120,ESTAB,cubic,224,22.863,4.294,20.494,1448,10,14480,NaN,8649,8649,1224,NaN,15,19,6,3,NaN,NaN,10133008,902952,7,53248,43520,NaN,NaN
2026-04-27 18:27:29.240,51120,ESTAB,cubic,224,22.863,4.294,20.494,1448,10,14480,NaN,8649,8649,1224,NaN,15,19,6,3,NaN,NaN,10133008,902952,7,53248,43520,NaN,NaN
2026-04-27 18:27:29.489,51120,ESTAB,cubic,224,22.863,4.294,20.494,1448,10,14480,NaN,8649,8649,1224,NaN,15,19,6,3,NaN,NaN,10133008,902952,7,53248,43520,NaN,NaN
2026-04-27 18:27:29.745,51120,ESTAB,cubic,224,22.863,4.294,20.494,1448,10,14480,NaN,8649,8649,1224,NaN,15,19,6,3,NaN,NaN,10133008,902952,7,53248,43520,NaN,NaN
2026-04-27 18:27:30.006,51120,ESTAB,cubic,224,22.863,4.294,20.494,1448,10,14480,NaN,8649,8649,1224,NaN,15,19,6,3,NaN,NaN,10133008,902952,7,53248,43520,NaN,NaN
2026-04-27 18:27:30.281,51120,ESTAB,cubic,224,22.863,4.294,20.494,1448,10,14480,NaN,8649,8649,1224,NaN,15,19,6,3,NaN,NaN,10133008,902952,7,53248,43520,NaN,NaN
2026-04-27 18:27:30.551,51120,ESTAB,cubic,224,22.863,4.294,20.494,1448,10,14480,NaN,8649,8649,1224,NaN,15,19,6,3,NaN,NaN,10133008,902952,7,53248,43520,NaN,NaN
2026-04-27 18:27:30.829,51120,ESTAB,cubic,224,22.863,4.294,20.494,1448,10,14480,NaN,8649,8649,1224,NaN,15,19,6,3,NaN,NaN,10133008,902952,7,53248,43520,NaN,NaN
2026-04-27 18:27:31.089,51120,ESTAB,cubic,224,22.863,4.294,20.494,1448,10,14480,NaN,8649,8649,1224,NaN,15,19,6,3,NaN,NaN,10133008,902952,7,53248,43520,NaN,NaN
2026-04-27 18:27:31.342,51120,ESTAB,cubic,224,22.863,4.294,20.494,1448,10,14480,NaN,8649,8649,1224,NaN,15,19,6,3,NaN,NaN,10133008,902952,7,53248,43520,NaN,NaN
2026-04-27 18:27:31.599,51120,ESTAB,cubic,224,22.863,4.294,20.494,1448,10,14480,NaN,8649,8649,1224,NaN,15,19,6,3,NaN,NaN,10133008,902952,7,53248,43520,NaN,NaN
2026-04-27 18:27:31.858,51120,ESTAB,cubic,224,22.863,4.294,20.494,1448,10,14480,NaN,8649,8649,1224,NaN,15,19,6,3,NaN,NaN,10133008,902952,7,53248,43520,NaN,NaN
2026-04-27 18:27:32.109,51120,ESTAB,cubic,224,22.863,4.294,20.494,1448,10,14480,NaN,8649,8649,1224,NaN,15,19,6,3,NaN,NaN,10133008,902952,7,53248,43520,NaN,NaN
2026-04-27 18:27:32.376,51120,ESTAB,cubic,224,22.863,4.294,20.494,1448,10,14480,NaN,8649,8649,1224,NaN,15,19,6,3,NaN,NaN,10133008,902952,7,53248,43520,NaN,NaN
2026-04-27 18:27:32.649,51120,ESTAB,cubic,224,22.863,4.294,20.494,1448,10,14480,NaN,8649,8649,1224,NaN,15,19,6,3,NaN,NaN,10133008,902952,7,53248,43520,NaN,NaN
2026-04-27 18:27:32.920,51120,ESTAB,cubic,224,22.863,4.294,20.494,1448,10,14480,NaN,8649,8649,1224,NaN,15,19,6,3,NaN,NaN,10133008,902952,7,53248,43520,NaN,NaN
2026-04-27 18:27:33.167,51120,ESTAB,cubic,224,22.863,4.294,20.494,1448,10,14480,NaN,8649,8649,1224,NaN,15,19,6,3,NaN,NaN,10133008,902952,7,53248,43520,NaN,NaN
2026-04-27 18:27:33.437,51120,ESTAB,cubic,224,22.863,4.294,20.494,1448,10,14480,NaN,8649,8649,1224,NaN,15,19,6,3,NaN,NaN,10133008,902952,7,53248,43520,NaN,NaN
2026-04-27 18:27:33.688,51120,ESTAB,cubic,224,22.863,4.294,20.494,1448,10,14480,NaN,8649,8649,1224,NaN,15,19,6,3,NaN,NaN,10133008,902952,7,53248,43520,NaN,NaN
2026-04-27 18:27:33.952,51120,ESTAB,cubic,224,22.863,4.294,20.494,1448,10,14480,NaN,8649,8649,1224,NaN,15,19,6,3,NaN,NaN,10133008,902952,7,53248,43520,NaN,NaN
2026-04-27 18:27:34.222,51120,ESTAB,cubic,224,22.863,4.294,20.494,1448,10,14480,NaN,8649,8649,1224,NaN,15,19,6,3,NaN,NaN,10133008,902952,7,53248,43520,NaN,NaN
2026-04-27 18:27:34.484,51120,ESTAB,cubic,224,22.863,4.294,20.494,1448,10,14480,NaN,8649,8649,1224,NaN,15,19,6,3,NaN,NaN,10133008,902952,7,53248,43520,NaN,NaN
2026-04-27 18:27:34.745,51120,ESTAB,cubic,224,22.863,4.294,20.494,1448,10,14480,NaN,8649,8649,1224,NaN,15,19,6,3,NaN,NaN,10133008,902952,7,53248,43520,NaN,NaN
2026-04-27 18:27:35.008,51120,ESTAB,cubic,224,22.863,4.294,20.494,1448,10,14480,NaN,8649,8649,1224,NaN,15,19,6,3,NaN,NaN,10133008,902952,7,53248,43520,NaN,NaN
2026-04-27 18:27:35.257,51120,ESTAB,cubic,224,22.863,4.294,20.494,1448,10,14480,NaN,8649,8649,1224,NaN,15,19,6,3,NaN,NaN,10133008,902952,7,53248,43520,NaN,NaN
2026-04-27 18:27:35.491,51120,ESTAB,cubic,224,22.863,4.294,20.494,1448,10,14480,NaN,8649,8649,1224,NaN,15,19,6,3,NaN,NaN,10133008,902952,7,53248,43520,NaN,NaN
2026-04-27 18:27:35.744,51120,ESTAB,cubic,224,22.863,4.294,20.494,1448,10,14480,NaN,8649,8649,1224,NaN,15,19,6,3,NaN,NaN,10133008,902952,7,53248,43520,NaN,NaN
2026-04-27 18:27:36.009,51120,ESTAB,cubic,224,22.863,4.294,20.494,1448,10,14480,NaN,8649,8649,1224,NaN,15,19,6,3,NaN,NaN,10133008,902952,7,53248,43520,NaN,NaN
2026-04-27 18:27:36.270,51120,ESTAB,cubic,224,22.863,4.294,20.494,1448,10,14480,NaN,8649,8649,1224,NaN,15,19,6,3,NaN,NaN,10133008,902952,7,53248,43520,NaN,NaN
2026-04-27 18:27:36.538,51120,ESTAB,cubic,224,22.863,4.294,20.494,1448,10,14480,NaN,8649,8649,1224,NaN,15,19,6,3,NaN,NaN,10133008,902952,7,53248,43520,NaN,NaN
2026-04-27 18:27:36.813,51120,ESTAB,cubic,224,22.863,4.294,20.494,1448,10,14480,NaN,8649,8649,1224,NaN,15,19,6,3,NaN,NaN,10133008,902952,7,53248,43520,NaN,NaN
2026-04-27 18:27:37.084,51120,ESTAB,cubic,224,22.863,4.294,20.494,1448,10,14480,NaN,8649,8649,1224,NaN,15,19,6,3,NaN,NaN,10133008,902952,7,53248,43520,NaN,NaN
2026-04-27 18:27:37.334,51120,ESTAB,cubic,224,22.863,4.294,20.494,1448,10,14480,NaN,8649,8649,1224,NaN,15,19,6,3,NaN,NaN,10133008,902952,7,53248,43520,NaN,NaN
2026-04-27 18:27:37.590,51120,ESTAB,cubic,224,22.863,4.294,20.494,1448,10,14480,NaN,8649,8649,1224,NaN,15,19,6,3,NaN,NaN,10133008,902952,7,53248,43520,NaN,NaN
2026-04-27 18:27:37.850,51120,ESTAB,cubic,224,22.863,4.294,20.494,1448,10,14480,NaN,8649,8649,1224,NaN,15,19,6,3,NaN,NaN,10133008,902952,7,53248,43520,NaN,NaN
2026-04-27 18:27:38.108,51120,ESTAB,cubic,224,22.863,4.294,20.494,1448,10,14480,NaN,8649,8649,1224,NaN,15,19,6,3,NaN,NaN,10133008,902952,7,53248,43520,NaN,NaN
2026-04-27 18:27:38.356,51120,ESTAB,cubic,224,22.863,4.294,20.494,1448,10,14480,NaN,8649,8649,1224,NaN,15,19,6,3,NaN,NaN,10133008,902952,7,53248,43520,NaN,NaN
2026-04-27 18:27:38.617,51120,ESTAB,cubic,224,22.863,4.294,20.494,1448,10,14480,NaN,8649,8649,1224,NaN,15,19,6,3,NaN,NaN,10133008,902952,7,53248,43520,NaN,NaN
2026-04-27 18:27:38.878,51120,ESTAB,cubic,224,22.863,4.294,20.494,1448,10,14480,NaN,8649,8649,1224,NaN,15,19,6,3,NaN,NaN,10133008,902952,7,53248,43520,NaN,NaN
2026-04-27 18:27:39.149,51120,ESTAB,cubic,224,22.863,4.294,20.494,1448,10,14480,NaN,8649,8649,1224,NaN,15,19,6,3,NaN,NaN,10133008,902952,7,53248,43520,NaN,NaN
2026-04-27 18:27:39.413,51120,ESTAB,cubic,224,22.863,4.294,20.494,1448,10,14480,NaN,8649,8649,1224,NaN,15,19,6,3,NaN,NaN,10133008,902952,7,53248,43520,NaN,NaN
2026-04-27 18:27:39.668,51120,ESTAB,cubic,224,22.863,4.294,20.494,1448,10,14480,NaN,8649,8649,1224,NaN,15,19,6,3,NaN,NaN,10133008,902952,7,53248,43520,NaN,NaN
2026-04-27 18:27:39.912,51120,ESTAB,cubic,224,22.863,4.294,20.494,1448,10,14480,NaN,8649,8649,1224,NaN,15,19,6,3,NaN,NaN,10133008,902952,7,53248,43520,NaN,NaN
2026-04-27 18:27:40.172,51120,ESTAB,cubic,224,22.863,4.294,20.494,1448,10,14480,NaN,8649,8649,1224,NaN,15,19,6,3,NaN,NaN,10133008,902952,7,53248,43520,NaN,NaN
2026-04-27 18:27:40.441,51120,ESTAB,cubic,224,22.863,4.294,20.494,1448,10,14480,NaN,8649,8649,1224,NaN,15,19,6,3,NaN,NaN,10133008,902952,7,53248,43520,NaN,NaN
2026-04-27 18:27:40.693,51120,ESTAB,cubic,224,22.863,4.294,20.494,1448,10,14480,NaN,8649,8649,1224,NaN,15,19,6,3,NaN,NaN,10133008,902952,7,53248,43520,NaN,NaN
2026-04-27 18:27:40.966,51120,ESTAB,cubic,224,22.863,4.294,20.494,1448,10,14480,NaN,8649,8649,1224,NaN,15,19,6,3,NaN,NaN,10133008,902952,7,53248,43520,NaN,NaN
2026-04-27 18:27:41.249,51120,ESTAB,cubic,224,22.863,4.294,20.494,1448,10,14480,NaN,8649,8649,1224,NaN,15,19,6,3,NaN,NaN,10133008,902952,7,53248,43520,NaN,NaN
2026-04-27 18:27:41.523,51120,ESTAB,cubic,224,22.863,4.294,20.494,1448,10,14480,NaN,8649,8649,1224,NaN,15,19,6,3,NaN,NaN,10133008,902952,7,53248,43520,NaN,NaN
2026-04-27 18:27:41.800,51120,ESTAB,cubic,224,22.863,4.294,20.494,1448,10,14480,NaN,8649,8649,1224,NaN,15,19,6,3,NaN,NaN,10133008,902952,7,53248,43520,NaN,NaN
2026-04-27 18:27:42.064,51120,ESTAB,cubic,224,22.863,4.294,20.494,1448,10,14480,NaN,8649,8649,1224,NaN,15,19,6,3,NaN,NaN,10133008,902952,7,53248,43520,NaN,NaN
2026-04-27 18:27:42.313,51120,ESTAB,cubic,224,22.863,4.294,20.494,1448,10,14480,NaN,8649,8649,1224,NaN,15,19,6,3,NaN,NaN,10133008,902952,7,53248,43520,NaN,NaN
2026-04-27 18:27:42.570,51120,ESTAB,cubic,224,22.863,4.294,20.494,1448,10,14480,NaN,8649,8649,1224,NaN,15,19,6,3,NaN,NaN,10133008,902952,7,53248,43520,NaN,NaN
2026-04-27 18:27:42.828,51120,ESTAB,cubic,224,22.863,4.294,20.494,1448,10,14480,NaN,8649,8649,1224,NaN,15,19,6,3,NaN,NaN,10133008,902952,7,53248,43520,NaN,NaN
2026-04-27 18:27:43.087,51120,ESTAB,cubic,224,22.863,4.294,20.494,1448,10,14480,NaN,8649,8649,1224,NaN,16,20,6,3,NaN,NaN,10133008,902952,7,53248,43520,NaN,NaN
2026-04-27 18:27:43.345,51120,ESTAB,cubic,224,22.863,4.294,20.494,1448,10,14480,NaN,8649,8649,1224,NaN,16,20,6,3,NaN,NaN,10133008,902952,7,53248,43520,NaN,NaN
2026-04-27 18:27:43.603,51120,ESTAB,cubic,224,22.863,4.294,20.494,1448,10,14480,NaN,8649,8649,1224,NaN,16,20,6,3,NaN,NaN,10133008,902952,7,53248,43520,NaN,NaN
2026-04-27 18:27:43.843,51120,ESTAB,cubic,224,22.863,4.294,20.494,1448,10,14480,NaN,8649,8649,1224,NaN,16,20,6,3,NaN,NaN,10133008,902952,7,53248,43520,NaN,NaN
2026-04-27 18:27:44.102,51120,ESTAB,cubic,224,22.863,4.294,20.494,1448,10,14480,NaN,8649,8649,1224,NaN,16,20,6,3,NaN,NaN,10133008,902952,7,53248,43520,NaN,NaN
2026-04-27 18:27:44.358,51120,ESTAB,cubic,224,22.863,4.294,20.494,1448,10,14480,NaN,8649,8649,1224,NaN,16,20,6,3,NaN,NaN,10133008,902952,7,53248,43520,NaN,NaN
2026-04-27 18:27:44.626,51120,ESTAB,cubic,224,22.863,4.294,20.494,1448,10,14480,NaN,8649,8649,1224,NaN,16,20,6,3,NaN,NaN,10133008,902952,7,53248,43520,NaN,NaN
2026-04-27 18:27:44.889,51120,ESTAB,cubic,224,22.863,4.294,20.494,1448,10,14480,NaN,8649,8649,1224,NaN,16,20,6,3,NaN,NaN,10133008,902952,7,53248,43520,NaN,NaN
2026-04-27 18:27:45.162,51120,ESTAB,cubic,224,22.863,4.294,20.494,1448,10,14480,NaN,8649,8649,1224,NaN,16,20,6,3,NaN,NaN,10133008,902952,7,53248,43520,NaN,NaN
2026-04-27 18:27:45.428,51120,ESTAB,cubic,224,22.863,4.294,20.494,1448,10,14480,NaN,8649,8649,1224,NaN,16,20,6,3,NaN,NaN,10133008,902952,7,53248,43520,NaN,NaN
2026-04-27 18:27:45.690,51120,ESTAB,cubic,224,22.863,4.294,20.494,1448,10,14480,NaN,8649,8649,1224,NaN,16,20,6,3,NaN,NaN,10133008,902952,7,53248,43520,NaN,NaN
2026-04-27 18:27:45.955,51120,ESTAB,cubic,224,22.863,4.294,20.494,1448,10,14480,NaN,8649,8649,1224,NaN,16,20,6,3,NaN,NaN,10133008,902952,7,53248,43520,NaN,NaN
2026-04-27 18:27:46.211,51120,ESTAB,cubic,224,22.863,4.294,20.494,1448,10,14480,NaN,8649,8649,1224,NaN,16,20,6,3,NaN,NaN,10133008,902952,7,53248,43520,NaN,NaN
2026-04-27 18:27:46.468,51120,ESTAB,cubic,224,22.863,4.294,20.494,1448,10,14480,NaN,8649,8649,1224,NaN,16,20,6,3,NaN,NaN,10133008,902952,7,53248,43520,NaN,NaN
2026-04-27 18:27:46.725,51120,ESTAB,cubic,224,22.863,4.294,20.494,1448,10,14480,NaN,8649,8649,1224,NaN,16,20,6,3,NaN,NaN,10133008,902952,7,53248,43520,NaN,NaN
2026-04-27 18:27:46.977,51120,ESTAB,cubic,224,22.863,4.294,20.494,1448,10,14480,NaN,8649,8649,1224,NaN,16,20,6,3,NaN,NaN,10133008,902952,7,53248,43520,NaN,NaN
2026-04-27 18:27:47.230,51120,ESTAB,cubic,224,22.863,4.294,20.494,1448,10,14480,NaN,8649,8649,1224,NaN,16,20,6,3,NaN,NaN,10133008,902952,7,53248,43520,NaN,NaN
2026-04-27 18:27:47.482,51120,ESTAB,cubic,224,22.863,4.294,20.494,1448,10,14480,NaN,8649,8649,1224,NaN,16,20,6,3,NaN,NaN,10133008,902952,7,53248,43520,NaN,NaN
2026-04-27 18:27:47.734,51120,ESTAB,cubic,224,22.863,4.294,20.494,1448,10,14480,NaN,8649,8649,1224,NaN,16,20,6,3,NaN,NaN,10133008,902952,7,53248,43520,NaN,NaN
2026-04-27 18:27:47.997,51120,ESTAB,cubic,224,22.863,4.294,20.494,1448,10,14480,NaN,8649,8649,1224,NaN,16,20,6,3,NaN,NaN,10133008,902952,7,53248,43520,NaN,NaN
2026-04-27 18:27:48.252,51120,ESTAB,cubic,224,22.863,4.294,20.494,1448,10,14480,NaN,8649,8649,1224,NaN,16,20,6,3,NaN,NaN,10133008,902952,7,53248,43520,NaN,NaN
2026-04-27 18:27:48.507,51120,ESTAB,cubic,224,22.863,4.294,20.494,1448,10,14480,NaN,8649,8649,1224,NaN,16,20,6,3,NaN,NaN,10133008,902952,7,53248,43520,NaN,NaN
2026-04-27 18:27:48.764,51120,ESTAB,cubic,224,22.863,4.294,20.494,1448,10,14480,NaN,8649,8649,1224,NaN,16,20,6,3,NaN,NaN,10133008,902952,7,53248,43520,NaN,NaN
2026-04-27 18:27:49.026,51120,ESTAB,cubic,224,22.863,4.294,20.494,1448,10,14480,NaN,8649,8649,1224,NaN,16,20,6,3,NaN,NaN,10133008,902952,7,53248,43520,NaN,NaN
2026-04-27 18:27:49.261,51120,ESTAB,cubic,224,22.863,4.294,20.494,1448,10,14480,NaN,8649,8649,1224,NaN,16,20,6,3,NaN,NaN,10133008,902952,7,53248,43520,NaN,NaN
2026-04-27 18:27:49.506,51120,ESTAB,cubic,224,22.863,4.294,20.494,1448,10,14480,NaN,8649,8649,1224,NaN,16,20,6,3,NaN,NaN,10133008,902952,7,53248,43520,NaN,NaN
2026-04-27 18:27:49.754,51120,ESTAB,cubic,224,22.863,4.294,20.494,1448,10,14480,NaN,8649,8649,1224,NaN,16,20,6,3,NaN,NaN,10133008,902952,7,53248,43520,NaN,NaN
2026-04-27 18:27:50.020,51120,ESTAB,cubic,224,22.863,4.294,20.494,1448,10,14480,NaN,8649,8649,1224,NaN,16,20,6,3,NaN,NaN,10133008,902952,7,53248,43520,NaN,NaN
2026-04-27 18:27:50.285,51120,ESTAB,cubic,224,22.863,4.294,20.494,1448,10,14480,NaN,8649,8649,1224,NaN,16,20,6,3,NaN,NaN,10133008,902952,7,53248,43520,NaN,NaN
2026-04-27 18:27:50.538,51120,ESTAB,cubic,224,22.863,4.294,20.494,1448,10,14480,NaN,8649,8649,1224,NaN,16,20,6,3,NaN,NaN,10133008,902952,7,53248,43520,NaN,NaN
2026-04-27 18:27:50.794,51120,ESTAB,cubic,224,22.863,4.294,20.494,1448,10,14480,NaN,8649,8649,1224,NaN,16,20,6,3,NaN,NaN,10133008,902952,7,53248,43520,NaN,NaN
2026-04-27 18:27:51.062,51120,ESTAB,cubic,224,22.863,4.294,20.494,1448,10,14480,NaN,8649,8649,1224,NaN,16,20,6,3,NaN,NaN,10133008,902952,7,53248,43520,NaN,NaN
2026-04-27 18:27:51.334,51120,ESTAB,cubic,224,22.863,4.294,20.494,1448,10,14480,NaN,8649,8649,1224,NaN,16,20,6,3,NaN,NaN,10133008,902952,7,53248,43520,NaN,NaN
2026-04-27 18:27:51.614,51120,ESTAB,cubic,224,22.863,4.294,20.494,1448,10,14480,NaN,8649,8649,1224,NaN,16,20,6,3,NaN,NaN,10133008,902952,7,53248,43520,NaN,NaN
2026-04-27 18:27:51.873,51120,ESTAB,cubic,224,22.863,4.294,20.494,1448,10,14480,NaN,8649,8649,1224,NaN,16,20,6,3,NaN,NaN,10133008,902952,7,53248,43520,NaN,NaN
2026-04-27 18:27:52.114,51120,ESTAB,cubic,224,22.863,4.294,20.494,1448,10,14480,NaN,8649,8649,1224,NaN,16,20,6,3,NaN,NaN,10133008,902952,7,53248,43520,NaN,NaN
2026-04-27 18:27:52.380,51120,ESTAB,cubic,224,22.863,4.294,20.494,1448,10,14480,NaN,8649,8649,1224,NaN,16,20,6,3,NaN,NaN,10133008,902952,7,53248,43520,NaN,NaN
2026-04-27 18:27:52.638,51120,ESTAB,cubic,224,22.863,4.294,20.494,1448,10,14480,NaN,8649,8649,1224,NaN,16,20,6,3,NaN,NaN,10133008,902952,7,53248,43520,NaN,NaN
2026-04-27 18:27:52.906,51120,ESTAB,cubic,224,22.863,4.294,20.494,1448,10,14480,NaN,8649,8649,1224,NaN,16,20,6,3,NaN,NaN,10133008,902952,7,53248,43520,NaN,NaN
2026-04-27 18:27:53.180,51120,ESTAB,cubic,224,22.863,4.294,20.494,1448,10,14480,NaN,8649,8649,1224,NaN,16,20,6,3,NaN,NaN,10133008,902952,7,53248,43520,NaN,NaN
2026-04-27 18:27:53.426,51120,ESTAB,cubic,224,22.863,4.294,20.494,1448,10,14480,NaN,8649,8649,1224,NaN,16,20,6,3,NaN,NaN,10133008,902952,7,53248,43520,NaN,NaN
2026-04-27 18:27:53.662,51120,ESTAB,cubic,224,22.863,4.294,20.494,1448,10,14480,NaN,8649,8649,1224,NaN,16,20,6,3,NaN,NaN,10133008,902952,7,53248,43520,NaN,NaN
2026-04-27 18:27:53.931,51120,ESTAB,cubic,224,22.863,4.294,20.494,1448,10,14480,NaN,8649,8649,1224,NaN,16,20,6,3,NaN,NaN,10133008,902952,7,53248,43520,NaN,NaN
2026-04-27 18:27:54.197,51120,ESTAB,cubic,224,22.863,4.294,20.494,1448,10,14480,NaN,8649,8649,1224,NaN,16,20,6,3,NaN,NaN,10133008,902952,7,53248,43520,NaN,NaN
2026-04-27 18:27:54.464,51120,ESTAB,cubic,224,22.863,4.294,20.494,1448,10,14480,NaN,8649,8649,1224,NaN,16,20,6,3,NaN,NaN,10133008,902952,7,53248,43520,NaN,NaN
2026-04-27 18:27:54.707,51120,ESTAB,cubic,224,22.863,4.294,20.494,1448,10,14480,NaN,8649,8649,1224,NaN,16,20,6,3,NaN,NaN,10133008,902952,7,53248,43520,NaN,NaN
2026-04-27 18:27:54.977,51120,ESTAB,cubic,224,22.863,4.294,20.494,1448,10,14480,NaN,8649,8649,1224,NaN,16,20,6,3,NaN,NaN,10133008,902952,7,53248,43520,NaN,NaN
2026-04-27 18:27:55.246,51120,ESTAB,cubic,224,22.863,4.294,20.494,1448,10,14480,NaN,8649,8649,1224,NaN,16,20,6,3,NaN,NaN,10133008,902952,7,53248,43520,NaN,NaN
2026-04-27 18:27:55.485,51120,ESTAB,cubic,224,22.863,4.294,20.494,1448,10,14480,NaN,8649,8649,1224,NaN,16,20,6,3,NaN,NaN,10133008,902952,7,53248,43520,NaN,NaN
2026-04-27 18:27:55.731,51120,ESTAB,cubic,224,22.863,4.294,20.494,1448,10,14480,NaN,8649,8649,1224,NaN,16,20,6,3,NaN,NaN,10133008,902952,7,53248,43520,NaN,NaN
2026-04-27 18:27:56.009,51120,ESTAB,cubic,224,22.863,4.294,20.494,1448,10,14480,NaN,8649,8649,1224,NaN,16,20,6,3,NaN,NaN,10133008,902952,7,53248,43520,NaN,NaN
2026-04-27 18:27:56.276,51120,ESTAB,cubic,224,22.863,4.294,20.494,1448,10,14480,NaN,8649,8649,1224,NaN,16,20,6,3,NaN,NaN,10133008,902952,7,53248,43520,NaN,NaN
2026-04-27 18:27:56.530,51120,ESTAB,cubic,224,22.863,4.294,20.494,1448,10,14480,NaN,8649,8649,1224,NaN,16,20,6,3,NaN,NaN,10133008,902952,7,53248,43520,NaN,NaN
2026-04-27 18:27:56.775,51120,ESTAB,cubic,224,22.863,4.294,20.494,1448,10,14480,NaN,8649,8649,1224,NaN,16,20,6,3,NaN,NaN,10133008,902952,7,53248,43520,NaN,NaN
2026-04-27 18:27:57.021,51120,ESTAB,cubic,224,22.863,4.294,20.494,1448,10,14480,NaN,8649,8649,1224,NaN,16,20,6,3,NaN,NaN,10133008,902952,7,53248,43520,NaN,NaN
2026-04-27 18:27:57.268,51120,ESTAB,cubic,224,22.863,4.294,20.494,1448,10,14480,NaN,8649,8649,1224,NaN,16,20,6,3,NaN,NaN,10133008,902952,7,53248,43520,NaN,NaN
2026-04-27 18:27:57.518,51120,ESTAB,cubic,224,22.863,4.294,20.494,1448,10,14480,NaN,8649,8649,1224,NaN,16,20,6,3,NaN,NaN,10133008,902952,7,53248,43520,NaN,NaN
2026-04-27 18:27:57.780,51120,ESTAB,cubic,224,22.863,4.294,20.494,1448,10,14480,NaN,8649,8649,1224,NaN,16,20,6,3,NaN,NaN,10133008,902952,7,53248,43520,NaN,NaN
2026-04-27 18:27:58.045,51120,ESTAB,cubic,224,22.863,4.294,20.494,1448,10,14480,NaN,8649,8649,1224,NaN,17,21,6,3,NaN,NaN,10133008,902952,7,53248,43520,NaN,NaN
2026-04-27 18:27:58.286,51120,ESTAB,cubic,224,22.863,4.294,20.494,1448,10,14480,NaN,8649,8649,1224,NaN,17,21,6,3,NaN,NaN,10133008,902952,7,53248,43520,NaN,NaN
2026-04-27 18:27:58.546,51120,ESTAB,cubic,224,22.863,4.294,20.494,1448,10,14480,NaN,8649,8649,1224,NaN,17,21,6,3,NaN,NaN,10133008,902952,7,53248,43520,NaN,NaN
2026-04-27 18:27:58.813,51120,ESTAB,cubic,224,22.863,4.294,20.494,1448,10,14480,NaN,8649,8649,1224,NaN,17,21,6,3,NaN,NaN,10133008,902952,7,53248,43520,NaN,NaN
2026-04-27 18:27:59.079,51120,ESTAB,cubic,224,22.863,4.294,20.494,1448,10,14480,NaN,8649,8649,1224,NaN,17,21,6,3,NaN,NaN,10133008,902952,7,53248,43520,NaN,NaN
2026-04-27 18:27:59.359,51120,ESTAB,cubic,224,22.863,4.294,20.494,1448,10,14480,NaN,8649,8649,1224,NaN,17,21,6,3,NaN,NaN,10133008,902952,7,53248,43520,NaN,NaN
2026-04-27 18:27:59.630,51120,ESTAB,cubic,224,22.863,4.294,20.494,1448,10,14480,NaN,8649,8649,1224,NaN,17,21,6,3,NaN,NaN,10133008,902952,7,53248,43520,NaN,NaN
2026-04-27 18:27:59.890,51120,ESTAB,cubic,224,22.863,4.294,20.494,1448,10,14480,NaN,8649,8649,1224,NaN,17,21,6,3,NaN,NaN,10133008,902952,7,53248,43520,NaN,NaN
2026-04-27 18:28:00.162,51120,ESTAB,cubic,224,22.863,4.294,20.494,1448,10,14480,NaN,8649,8649,1224,NaN,17,21,6,3,NaN,NaN,10133008,902952,7,53248,43520,NaN,NaN
2026-04-27 18:28:00.412,51120,ESTAB,cubic,224,22.863,4.294,20.494,1448,10,14480,NaN,8649,8649,1224,NaN,17,21,6,3,NaN,NaN,10133008,902952,7,53248,43520,NaN,NaN
2026-04-27 18:28:00.663,51120,ESTAB,cubic,224,22.863,4.294,20.494,1448,10,14480,NaN,8649,8649,1224,NaN,17,21,6,3,NaN,NaN,10133008,902952,7,53248,43520,NaN,NaN
2026-04-27 18:28:00.909,51120,ESTAB,cubic,224,22.863,4.294,20.494,1448,10,14480,NaN,8649,8649,1224,NaN,17,21,6,3,NaN,NaN,10133008,902952,7,53248,43520,NaN,NaN
2026-04-27 18:28:01.147,51120,ESTAB,cubic,224,22.863,4.294,20.494,1448,10,14480,NaN,8649,8649,1224,NaN,17,21,6,3,NaN,NaN,10133008,902952,7,53248,43520,NaN,NaN
2026-04-27 18:28:01.398,51120,ESTAB,cubic,224,22.863,4.294,20.494,1448,10,14480,NaN,8649,8649,1224,NaN,17,21,6,3,NaN,NaN,10133008,902952,7,53248,43520,NaN,NaN
2026-04-27 18:28:01.666,51120,ESTAB,cubic,224,22.863,4.294,20.494,1448,10,14480,NaN,8649,8649,1224,NaN,17,21,6,3,NaN,NaN,10133008,902952,7,53248,43520,NaN,NaN
2026-04-27 18:28:01.932,51120,ESTAB,cubic,224,22.863,4.294,20.494,1448,10,14480,NaN,8649,8649,1224,NaN,17,21,6,3,NaN,NaN,10133008,902952,7,53248,43520,NaN,NaN
2026-04-27 18:28:02.198,51120,ESTAB,cubic,224,22.863,4.294,20.494,1448,10,14480,NaN,8649,8649,1224,NaN,17,21,6,3,NaN,NaN,10133008,902952,7,53248,43520,NaN,NaN
2026-04-27 18:28:02.464,51120,ESTAB,cubic,224,22.863,4.294,20.494,1448,10,14480,NaN,8649,8649,1224,NaN,17,21,6,3,NaN,NaN,10133008,902952,7,53248,43520,NaN,NaN
2026-04-27 18:28:02.718,51120,ESTAB,cubic,224,22.863,4.294,20.494,1448,10,14480,NaN,8649,8649,1224,NaN,17,21,6,3,NaN,NaN,10133008,902952,7,53248,43520,NaN,NaN
2026-04-27 18:28:02.981,51120,ESTAB,cubic,224,22.863,4.294,20.494,1448,10,14480,NaN,8649,8649,1224,NaN,17,21,6,3,NaN,NaN,10133008,902952,7,53248,43520,NaN,NaN
2026-04-27 18:28:03.250,51120,ESTAB,cubic,224,22.863,4.294,20.494,1448,10,14480,NaN,8649,8649,1224,NaN,17,21,6,3,NaN,NaN,10133008,902952,7,53248,43520,NaN,NaN
2026-04-27 18:28:03.532,51120,ESTAB,cubic,224,22.863,4.294,20.494,1448,10,14480,NaN,8649,8649,1224,NaN,17,21,6,3,NaN,NaN,10133008,902952,7,53248,43520,NaN,NaN
2026-04-27 18:28:03.788,51120,ESTAB,cubic,224,22.863,4.294,20.494,1448,10,14480,NaN,8649,8649,1224,NaN,17,21,6,3,NaN,NaN,10133008,902952,7,53248,43520,NaN,NaN
2026-04-27 18:28:04.062,51120,ESTAB,cubic,224,22.863,4.294,20.494,1448,10,14480,NaN,8649,8649,1224,NaN,17,21,6,3,NaN,NaN,10133008,902952,7,53248,43520,NaN,NaN
2026-04-27 18:28:04.333,51120,ESTAB,cubic,224,22.863,4.294,20.494,1448,10,14480,NaN,8649,8649,1224,NaN,17,21,6,3,NaN,NaN,10133008,902952,7,53248,43520,NaN,NaN
2026-04-27 18:28:04.600,51120,ESTAB,cubic,224,22.863,4.294,20.494,1448,10,14480,NaN,8649,8649,1224,NaN,17,21,6,3,NaN,NaN,10133008,902952,7,53248,43520,NaN,NaN
2026-04-27 18:28:04.870,51120,ESTAB,cubic,224,22.863,4.294,20.494,1448,10,14480,NaN,8649,8649,1224,NaN,17,21,6,3,NaN,NaN,10133008,902952,7,53248,43520,NaN,NaN
2026-04-27 18:28:05.126,51120,ESTAB,cubic,224,22.863,4.294,20.494,1448,10,14480,NaN,8649,8649,1224,NaN,17,21,6,3,NaN,NaN,10133008,902952,7,53248,43520,NaN,NaN
2026-04-27 18:28:05.392,51120,ESTAB,cubic,224,22.863,4.294,20.494,1448,10,14480,NaN,8649,8649,1224,NaN,17,21,6,3,NaN,NaN,10133008,902952,7,53248,43520,NaN,NaN
2026-04-27 18:28:05.656,51120,ESTAB,cubic,224,22.863,4.294,20.494,1448,10,14480,NaN,8649,8649,1224,NaN,17,21,6,3,NaN,NaN,10133008,902952,7,53248,43520,NaN,NaN
2026-04-27 18:28:05.912,51120,ESTAB,cubic,224,22.863,4.294,20.494,1448,10,14480,NaN,8649,8649,1224,NaN,17,21,6,3,NaN,NaN,10133008,902952,7,53248,43520,NaN,NaN
2026-04-27 18:28:06.169,51120,ESTAB,cubic,224,22.863,4.294,20.494,1448,10,14480,NaN,8649,8649,1224,NaN,17,21,6,3,NaN,NaN,10133008,902952,7,53248,43520,NaN,NaN
2026-04-27 18:28:06.426,51120,ESTAB,cubic,224,22.863,4.294,20.494,1448,10,14480,NaN,8649,8649,1224,NaN,17,21,6,3,NaN,NaN,10133008,902952,7,53248,43520,NaN,NaN
2026-04-27 18:28:06.692,51120,ESTAB,cubic,224,22.863,4.294,20.494,1448,10,14480,NaN,8649,8649,1224,NaN,17,21,6,3,NaN,NaN,10133008,902952,7,53248,43520,NaN,NaN
2026-04-27 18:28:06.966,51120,ESTAB,cubic,224,22.863,4.294,20.494,1448,10,14480,NaN,8649,8649,1224,NaN,17,21,6,3,NaN,NaN,10133008,902952,7,53248,43520,NaN,NaN
2026-04-27 18:28:07.237,51120,ESTAB,cubic,224,22.863,4.294,20.494,1448,10,14480,NaN,8649,8649,1224,NaN,17,21,6,3,NaN,NaN,10133008,902952,7,53248,43520,NaN,NaN
2026-04-27 18:28:07.494,51120,ESTAB,cubic,224,22.863,4.294,20.494,1448,10,14480,NaN,8649,8649,1224,NaN,17,21,6,3,NaN,NaN,10133008,902952,7,53248,43520,NaN,NaN
2026-04-27 18:28:07.756,51120,ESTAB,cubic,224,22.863,4.294,20.494,1448,10,14480,NaN,8649,8649,1224,NaN,17,21,6,3,NaN,NaN,10133008,902952,7,53248,43520,NaN,NaN
2026-04-27 18:28:08.029,51120,ESTAB,cubic,224,22.863,4.294,20.494,1448,10,14480,NaN,8649,8649,1224,NaN,17,21,6,3,NaN,NaN,10133008,902952,7,53248,43520,NaN,NaN
2026-04-27 18:28:08.282,51120,ESTAB,cubic,224,22.863,4.294,20.494,1448,10,14480,NaN,8649,8649,1224,NaN,17,21,6,3,NaN,NaN,10133008,902952,7,53248,43520,NaN,NaN
2026-04-27 18:28:08.545,51120,ESTAB,cubic,224,22.863,4.294,20.494,1448,10,14480,NaN,8649,8649,1224,NaN,17,21,6,3,NaN,NaN,10133008,902952,7,53248,43520,NaN,NaN
2026-04-27 18:28:08.798,51120,ESTAB,cubic,224,22.863,4.294,20.494,1448,10,14480,NaN,8649,8649,1224,NaN,17,21,6,3,NaN,NaN,10133008,902952,7,53248,43520,NaN,NaN
2026-04-27 18:28:09.049,51120,ESTAB,cubic,224,22.863,4.294,20.494,1448,10,14480,NaN,8649,8649,1632,NaN,17,22,6,4,NaN,NaN,10133008,902952,7,53248,43520,NaN,NaN
2026-04-27 18:28:09.310,51120,ESTAB,cubic,224,23.236,3.664,20.494,1448,10,14480,NaN,11532,11532,1632,NaN,19,24,8,4,NaN,NaN,9970464,902952,9,53248,43520,NaN,NaN
2026-04-27 18:28:09.574,51120,ESTAB,cubic,224,23.236,3.664,20.494,1448,10,14480,NaN,11532,11532,1632,NaN,19,24,8,4,NaN,NaN,9970464,902952,9,53248,43520,NaN,NaN
2026-04-27 18:28:09.835,51120,ESTAB,cubic,224,23.236,3.664,20.494,1448,10,14480,NaN,11532,11532,1632,NaN,19,24,8,4,NaN,NaN,9970464,902952,9,53248,43520,NaN,NaN
2026-04-27 18:28:10.106,51120,ESTAB,cubic,224,23.236,3.664,20.494,1448,10,14480,NaN,11532,11532,1632,NaN,19,24,8,4,NaN,NaN,9970464,902952,9,53248,43520,NaN,NaN
2026-04-27 18:28:10.363,51120,ESTAB,cubic,224,23.236,3.664,20.494,1448,10,14480,NaN,11532,11532,1632,NaN,19,24,8,4,NaN,NaN,9970464,902952,9,53248,43520,NaN,NaN
2026-04-27 18:28:10.620,51120,ESTAB,cubic,224,23.236,3.664,20.494,1448,10,14480,NaN,11532,11532,1632,NaN,19,24,8,4,NaN,NaN,9970464,902952,9,53248,43520,NaN,NaN
2026-04-27 18:28:10.877,51120,ESTAB,cubic,224,23.236,3.664,20.494,1448,10,14480,NaN,11532,11532,1632,NaN,19,24,8,4,NaN,NaN,9970464,902952,9,53248,43520,NaN,NaN
2026-04-27 18:28:11.122,51120,ESTAB,cubic,224,23.236,3.664,20.494,1448,10,14480,NaN,11532,11532,1632,NaN,19,24,8,4,NaN,NaN,9970464,902952,9,53248,43520,NaN,NaN
2026-04-27 18:28:11.343,51120,ESTAB,cubic,224,23.236,3.664,20.494,1448,10,14480,NaN,11532,11532,1632,NaN,19,24,8,4,NaN,NaN,9970464,902952,9,53248,43520,NaN,NaN
2026-04-27 18:28:11.572,51120,ESTAB,cubic,224,23.236,3.664,20.494,1448,10,14480,NaN,11532,11532,1632,NaN,19,24,8,4,NaN,NaN,9970464,902952,9,53248,43520,NaN,NaN
2026-04-27 18:28:11.794,51120,ESTAB,cubic,224,23.236,3.664,20.494,1448,10,14480,NaN,11532,11532,1632,NaN,19,24,8,4,NaN,NaN,9970464,902952,9,53248,43520,NaN,NaN
2026-04-27 18:28:12.041,51120,ESTAB,cubic,224,23.236,3.664,20.494,1448,10,14480,NaN,11532,11532,1632,NaN,19,24,8,4,NaN,NaN,9970464,902952,9,53248,43520,NaN,NaN
2026-04-27 18:28:12.281,51120,ESTAB,cubic,224,23.236,3.664,20.494,1448,10,14480,NaN,11532,11532,1632,NaN,19,24,8,4,NaN,NaN,9970464,902952,9,53248,43520,NaN,NaN
2026-04-27 18:28:12.541,51120,ESTAB,cubic,224,23.236,3.664,20.494,1448,10,14480,NaN,11532,11532,1632,NaN,19,24,8,4,NaN,NaN,9970464,902952,9,53248,43520,NaN,NaN
2026-04-27 18:28:12.797,51120,ESTAB,cubic,224,23.236,3.664,20.494,1448,10,14480,NaN,11532,11532,1632,NaN,19,24,8,4,NaN,NaN,9970464,902952,9,53248,43520,NaN,NaN
2026-04-27 18:28:13.053,51120,ESTAB,cubic,224,23.236,3.664,20.494,1448,10,14480,NaN,11532,11532,1632,NaN,19,24,8,4,NaN,NaN,9970464,902952,9,53248,43520,NaN,NaN
2026-04-27 18:28:13.330,51120,ESTAB,cubic,224,23.236,3.664,20.494,1448,10,14480,NaN,11532,11532,1632,NaN,19,24,8,4,NaN,NaN,9970464,902952,9,53248,43520,NaN,NaN
2026-04-27 18:28:13.599,51120,ESTAB,cubic,224,23.236,3.664,20.494,1448,10,14480,NaN,11532,11532,1632,NaN,19,24,8,4,NaN,NaN,9970464,902952,9,53248,43520,NaN,NaN
2026-04-27 18:28:13.867,51120,ESTAB,cubic,224,23.236,3.664,20.494,1448,10,14480,NaN,11532,11532,1632,NaN,19,24,8,4,NaN,NaN,9970464,902952,9,53248,43520,NaN,NaN
2026-04-27 18:28:14.128,51120,ESTAB,cubic,224,23.236,3.664,20.494,1448,10,14480,NaN,11532,11532,1632,NaN,19,24,8,4,NaN,NaN,9970464,902952,9,53248,43520,NaN,NaN
2026-04-27 18:28:14.389,51120,ESTAB,cubic,224,23.236,3.664,20.494,1448,10,14480,NaN,11532,11532,1632,NaN,19,24,8,4,NaN,NaN,9970464,902952,9,53248,43520,NaN,NaN
2026-04-27 18:28:14.649,51120,ESTAB,cubic,224,23.236,3.664,20.494,1448,10,14480,NaN,11532,11532,1632,NaN,19,24,8,4,NaN,NaN,9970464,902952,9,53248,43520,NaN,NaN
2026-04-27 18:28:14.909,51120,ESTAB,cubic,224,23.236,3.664,20.494,1448,10,14480,NaN,11532,11532,1632,NaN,19,24,8,4,NaN,NaN,9970464,902952,9,53248,43520,NaN,NaN
2026-04-27 18:28:15.171,51120,ESTAB,cubic,224,23.236,3.664,20.494,1448,10,14480,NaN,11532,11532,1632,NaN,19,24,8,4,NaN,NaN,9970464,902952,9,53248,43520,NaN,NaN
2026-04-27 18:28:15.431,51120,ESTAB,cubic,224,23.236,3.664,20.494,1448,10,14480,NaN,11532,11532,1632,NaN,19,24,8,4,NaN,NaN,9970464,902952,9,53248,43520,NaN,NaN
2026-04-27 18:28:15.679,51120,ESTAB,cubic,224,23.236,3.664,20.494,1448,10,14480,NaN,11532,11532,1632,NaN,19,24,8,4,NaN,NaN,9970464,902952,9,53248,43520,NaN,NaN
2026-04-27 18:28:15.929,51120,ESTAB,cubic,224,23.236,3.664,20.494,1448,10,14480,NaN,11532,11532,1632,NaN,19,24,8,4,NaN,NaN,9970464,902952,9,53248,43520,NaN,NaN
2026-04-27 18:28:16.187,51120,ESTAB,cubic,224,23.236,3.664,20.494,1448,10,14480,NaN,11532,11532,1632,NaN,19,24,8,4,NaN,NaN,9970464,902952,9,53248,43520,NaN,NaN
2026-04-27 18:28:16.441,51120,ESTAB,cubic,224,23.236,3.664,20.494,1448,10,14480,NaN,11532,11532,1632,NaN,19,24,8,4,NaN,NaN,9970464,902952,9,53248,43520,NaN,NaN
2026-04-27 18:28:16.698,51120,ESTAB,cubic,224,23.236,3.664,20.494,1448,10,14480,NaN,11532,11532,1632,NaN,19,24,8,4,NaN,NaN,9970464,902952,9,53248,43520,NaN,NaN
2026-04-27 18:28:16.963,51120,ESTAB,cubic,224,23.236,3.664,20.494,1448,10,14480,NaN,11532,11532,1632,NaN,19,24,8,4,NaN,NaN,9970464,902952,9,53248,43520,NaN,NaN
2026-04-27 18:28:17.229,51120,ESTAB,cubic,224,23.236,3.664,20.494,1448,10,14480,NaN,11532,11532,1632,NaN,19,24,8,4,NaN,NaN,9970464,902952,9,53248,43520,NaN,NaN
2026-04-27 18:28:17.477,51120,ESTAB,cubic,224,23.236,3.664,20.494,1448,10,14480,NaN,11532,11532,1632,NaN,19,24,8,4,NaN,NaN,9970464,902952,9,53248,43520,NaN,NaN
2026-04-27 18:28:17.738,51120,ESTAB,cubic,224,23.236,3.664,20.494,1448,10,14480,NaN,11532,11532,1632,NaN,19,24,8,4,NaN,NaN,9970464,902952,9,53248,43520,NaN,NaN
2026-04-27 18:28:18.004,51120,ESTAB,cubic,224,23.236,3.664,20.494,1448,10,14480,NaN,11532,11532,1632,NaN,19,24,8,4,NaN,NaN,9970464,902952,9,53248,43520,NaN,NaN
2026-04-27 18:28:18.268,51120,ESTAB,cubic,224,23.236,3.664,20.494,1448,10,14480,NaN,11532,11532,1632,NaN,19,24,8,4,NaN,NaN,9970464,902952,9,53248,43520,NaN,NaN
2026-04-27 18:28:18.536,51120,ESTAB,cubic,224,23.236,3.664,20.494,1448,10,14480,NaN,11532,11532,1632,NaN,19,24,8,4,NaN,NaN,9970464,902952,9,53248,43520,NaN,NaN
2026-04-27 18:28:18.791,51120,ESTAB,cubic,224,23.236,3.664,20.494,1448,10,14480,NaN,11532,11532,1632,NaN,19,24,8,4,NaN,NaN,9970464,902952,9,53248,43520,NaN,NaN
2026-04-27 18:28:19.062,51120,ESTAB,cubic,224,23.236,3.664,20.494,1448,10,14480,NaN,11532,11532,1632,NaN,19,24,8,4,NaN,NaN,9970464,902952,9,53248,43520,NaN,NaN
2026-04-27 18:28:19.324,51120,ESTAB,cubic,224,23.236,3.664,20.494,1448,10,14480,NaN,11532,11532,1632,NaN,19,24,8,4,NaN,NaN,9970464,902952,9,53248,43520,NaN,NaN
2026-04-27 18:28:19.579,51120,ESTAB,cubic,224,23.236,3.664,20.494,1448,10,14480,NaN,11532,11532,1632,NaN,19,24,8,4,NaN,NaN,9970464,902952,9,53248,43520,NaN,NaN
2026-04-27 18:28:19.830,51120,ESTAB,cubic,224,23.236,3.664,20.494,1448,10,14480,NaN,11532,11532,1632,NaN,19,24,8,4,NaN,NaN,9970464,902952,9,53248,43520,NaN,NaN
2026-04-27 18:28:20.071,51120,ESTAB,cubic,224,23.236,3.664,20.494,1448,10,14480,NaN,11532,11532,1632,NaN,19,24,8,4,NaN,NaN,9970464,902952,9,53248,43520,NaN,NaN
2026-04-27 18:28:20.313,51120,ESTAB,cubic,224,23.236,3.664,20.494,1448,10,14480,NaN,11532,11532,1632,NaN,19,24,8,4,NaN,NaN,9970464,902952,9,53248,43520,NaN,NaN
2026-04-27 18:28:20.567,51120,ESTAB,cubic,224,23.236,3.664,20.494,1448,10,14480,NaN,11532,11532,1632,NaN,19,24,8,4,NaN,NaN,9970464,902952,9,53248,43520,NaN,NaN
2026-04-27 18:28:20.823,51120,ESTAB,cubic,224,23.236,3.664,20.494,1448,10,14480,NaN,11532,11532,1632,NaN,19,24,8,4,NaN,NaN,9970464,902952,9,53248,43520,NaN,NaN
2026-04-27 18:28:21.096,51120,ESTAB,cubic,224,23.236,3.664,20.494,1448,10,14480,NaN,11532,11532,1632,NaN,19,24,8,4,NaN,NaN,9970464,902952,9,53248,43520,NaN,NaN
2026-04-27 18:28:21.351,51120,ESTAB,cubic,224,23.236,3.664,20.494,1448,10,14480,NaN,11532,11532,1632,NaN,19,24,8,4,NaN,NaN,9970464,902952,9,53248,43520,NaN,NaN
2026-04-27 18:28:21.597,51120,ESTAB,cubic,224,23.236,3.664,20.494,1448,10,14480,NaN,11532,11532,1632,NaN,19,24,8,4,NaN,NaN,9970464,902952,9,53248,43520,NaN,NaN
2026-04-27 18:28:21.841,51120,ESTAB,cubic,224,23.236,3.664,20.494,1448,10,14480,NaN,11532,11532,1632,NaN,19,24,8,4,NaN,NaN,9970464,902952,9,53248,43520,NaN,NaN
2026-04-27 18:28:22.077,51120,ESTAB,cubic,224,23.236,3.664,20.494,1448,10,14480,NaN,11532,11532,1632,NaN,19,24,8,4,NaN,NaN,9970464,902952,9,53248,43520,NaN,NaN
2026-04-27 18:28:22.322,51120,ESTAB,cubic,224,23.236,3.664,20.494,1448,10,14480,NaN,11532,11532,1632,NaN,19,24,8,4,NaN,NaN,9970464,902952,9,53248,43520,NaN,NaN
2026-04-27 18:28:22.583,51120,ESTAB,cubic,224,23.236,3.664,20.494,1448,10,14480,NaN,11532,11532,1632,NaN,19,24,8,4,NaN,NaN,9970464,902952,9,53248,43520,NaN,NaN
2026-04-27 18:28:22.834,51120,ESTAB,cubic,224,23.236,3.664,20.494,1448,10,14480,NaN,11532,11532,1632,NaN,19,24,8,4,NaN,NaN,9970464,902952,9,53248,43520,NaN,NaN
2026-04-27 18:28:23.081,51120,ESTAB,cubic,224,23.236,3.664,20.494,1448,10,14480,NaN,11532,11532,1632,NaN,19,24,8,4,NaN,NaN,9970464,902952,9,53248,43520,NaN,NaN
2026-04-27 18:28:23.321,51120,ESTAB,cubic,224,23.236,3.664,20.494,1448,10,14480,NaN,11532,11532,1632,NaN,19,24,8,4,NaN,NaN,9970464,902952,9,53248,43520,NaN,NaN
2026-04-27 18:28:23.555,51120,ESTAB,cubic,224,23.236,3.664,20.494,1448,10,14480,NaN,11532,11532,1632,NaN,19,24,8,4,NaN,NaN,9970464,902952,9,53248,43520,NaN,NaN
2026-04-27 18:28:23.799,51120,ESTAB,cubic,224,23.236,3.664,20.494,1448,10,14480,NaN,11532,11532,1632,NaN,19,24,8,4,NaN,NaN,9970464,902952,9,53248,43520,NaN,NaN
2026-04-27 18:28:24.060,51120,ESTAB,cubic,224,23.236,3.664,20.494,1448,10,14480,NaN,11532,11532,1632,NaN,19,24,8,4,NaN,NaN,9970464,902952,9,53248,43520,NaN,NaN
2026-04-27 18:28:24.297,51120,ESTAB,cubic,224,23.236,3.664,20.494,1448,10,14480,NaN,11532,11532,1632,NaN,20,25,8,4,NaN,NaN,9970464,902952,9,53248,43520,NaN,NaN
2026-04-27 18:28:24.542,51120,ESTAB,cubic,224,23.236,3.664,20.494,1448,10,14480,NaN,11532,11532,1632,NaN,20,25,8,4,NaN,NaN,9970464,902952,9,53248,43520,NaN,NaN
2026-04-27 18:28:24.795,51120,ESTAB,cubic,224,23.236,3.664,20.494,1448,10,14480,NaN,11532,11532,1632,NaN,20,25,8,4,NaN,NaN,9970464,902952,9,53248,43520,NaN,NaN
2026-04-27 18:28:25.075,51120,ESTAB,cubic,224,23.236,3.664,20.494,1448,10,14480,NaN,11532,11532,1632,NaN,20,25,8,4,NaN,NaN,9970464,902952,9,53248,43520,NaN,NaN
2026-04-27 18:28:25.356,51120,ESTAB,cubic,224,23.236,3.664,20.494,1448,10,14480,NaN,11532,11532,1632,NaN,20,25,8,4,NaN,NaN,9970464,902952,9,53248,43520,NaN,NaN
2026-04-27 18:28:25.616,51120,ESTAB,cubic,224,23.236,3.664,20.494,1448,10,14480,NaN,11532,11532,1632,NaN,20,25,8,4,NaN,NaN,9970464,902952,9,53248,43520,NaN,NaN
2026-04-27 18:28:25.868,51120,ESTAB,cubic,224,23.236,3.664,20.494,1448,10,14480,NaN,11532,11532,1632,NaN,20,25,8,4,NaN,NaN,9970464,902952,9,53248,43520,NaN,NaN
2026-04-27 18:28:26.114,51120,ESTAB,cubic,224,23.236,3.664,20.494,1448,10,14480,NaN,11532,11532,1632,NaN,20,25,8,4,NaN,NaN,9970464,902952,9,53248,43520,NaN,NaN
2026-04-27 18:28:26.348,51120,ESTAB,cubic,224,23.236,3.664,20.494,1448,10,14480,NaN,11532,11532,1632,NaN,20,25,8,4,NaN,NaN,9970464,902952,9,53248,43520,NaN,NaN
2026-04-27 18:28:26.581,51120,ESTAB,cubic,224,23.236,3.664,20.494,1448,10,14480,NaN,11532,11532,1632,NaN,20,25,8,4,NaN,NaN,9970464,902952,9,53248,43520,NaN,NaN
2026-04-27 18:28:26.816,51120,ESTAB,cubic,224,23.236,3.664,20.494,1448,10,14480,NaN,11532,11532,1632,NaN,20,25,8,4,NaN,NaN,9970464,902952,9,53248,43520,NaN,NaN
2026-04-27 18:28:27.075,51120,ESTAB,cubic,224,23.236,3.664,20.494,1448,10,14480,NaN,11532,11532,1632,NaN,20,25,8,4,NaN,NaN,9970464,902952,9,53248,43520,NaN,NaN
2026-04-27 18:28:27.358,51120,ESTAB,cubic,224,23.236,3.664,20.494,1448,10,14480,NaN,11532,11532,1632,NaN,20,25,8,4,NaN,NaN,9970464,902952,9,53248,43520,NaN,NaN
2026-04-27 18:28:27.620,51120,ESTAB,cubic,224,23.236,3.664,20.494,1448,10,14480,NaN,11532,11532,1632,NaN,20,25,8,4,NaN,NaN,9970464,902952,9,53248,43520,NaN,NaN
2026-04-27 18:28:27.872,51120,ESTAB,cubic,224,23.236,3.664,20.494,1448,10,14480,NaN,11532,11532,1632,NaN,20,25,8,4,NaN,NaN,9970464,902952,9,53248,43520,NaN,NaN
2026-04-27 18:28:28.114,51120,ESTAB,cubic,224,23.236,3.664,20.494,1448,10,14480,NaN,11532,11532,1632,NaN,20,25,8,4,NaN,NaN,9970464,902952,9,53248,43520,NaN,NaN
2026-04-27 18:28:28.372,51120,ESTAB,cubic,224,23.236,3.664,20.494,1448,10,14480,NaN,11532,11532,1632,NaN,20,25,8,4,NaN,NaN,9970464,902952,9,53248,43520,NaN,NaN
2026-04-27 18:28:28.628,51120,ESTAB,cubic,224,23.236,3.664,20.494,1448,10,14480,NaN,11532,11532,1632,NaN,20,25,8,4,NaN,NaN,9970464,902952,9,53248,43520,NaN,NaN
2026-04-27 18:28:28.884,51120,ESTAB,cubic,224,23.236,3.664,20.494,1448,10,14480,NaN,11532,11532,1632,NaN,20,25,8,4,NaN,NaN,9970464,902952,9,53248,43520,NaN,NaN
2026-04-27 18:28:29.135,51120,ESTAB,cubic,224,23.236,3.664,20.494,1448,10,14480,NaN,11532,11532,1632,NaN,20,25,8,4,NaN,NaN,9970464,902952,9,53248,43520,NaN,NaN
2026-04-27 18:28:29.389,51120,ESTAB,cubic,224,23.236,3.664,20.494,1448,10,14480,NaN,11532,11532,1632,NaN,20,25,8,4,NaN,NaN,9970464,902952,9,53248,43520,NaN,NaN
2026-04-27 18:28:29.641,51120,ESTAB,cubic,224,23.236,3.664,20.494,1448,10,14480,NaN,11532,11532,1632,NaN,20,25,8,4,NaN,NaN,9970464,902952,9,53248,43520,NaN,NaN
2026-04-27 18:28:29.884,51120,ESTAB,cubic,224,23.236,3.664,20.494,1448,10,14480,NaN,11532,11532,1632,NaN,20,25,8,4,NaN,NaN,9970464,902952,9,53248,43520,NaN,NaN
2026-04-27 18:28:30.131,51120,ESTAB,cubic,224,23.236,3.664,20.494,1448,10,14480,NaN,11532,11532,1632,NaN,20,25,8,4,NaN,NaN,9970464,902952,9,53248,43520,NaN,NaN
2026-04-27 18:28:30.381,51120,ESTAB,cubic,224,23.236,3.664,20.494,1448,10,14480,NaN,11532,11532,1632,NaN,20,25,8,4,NaN,NaN,9970464,902952,9,53248,43520,NaN,NaN
2026-04-27 18:28:30.647,51120,ESTAB,cubic,224,23.236,3.664,20.494,1448,10,14480,NaN,11532,11532,1632,NaN,20,25,8,4,NaN,NaN,9970464,902952,9,53248,43520,NaN,NaN
2026-04-27 18:28:30.915,51120,ESTAB,cubic,224,23.236,3.664,20.494,1448,10,14480,NaN,11532,11532,1632,NaN,20,25,8,4,NaN,NaN,9970464,902952,9,53248,43520,NaN,NaN
