Starting TC Qdisc Monitoring for s1-eth2
Timestamp, Qdisc Stats
======================================================================
Timestamp: 2026-04-10 15:56:09
qdisc htb 1: root refcnt 13 r2q 10 default 0x10 direct_packets_stat 0 direct_qlen 1000
 Sent 3299 bytes 29 pkt (dropped 0, overlimits 0 requeues 0) 
 backlog 0b 0p requeues 0
qdisc fq_codel 20: parent 1:10 limit 10240p flows 1024 quantum 1514 target 5ms interval 100ms memory_limit 32Mb ecn drop_batch 64 
 Sent 3299 bytes 29 pkt (dropped 0, overlimits 0 requeues 0) 
 backlog 0b 0p requeues 0
  maxpacket 221 drop_overlimit 0 new_flow_count 23 ecn_mark 0
  new_flows_len 1 old_flows_len 0
======================================================================
Timestamp: 2026-04-10 15:56:10
qdisc htb 1: root refcnt 13 r2q 10 default 0x10 direct_packets_stat 0 direct_qlen 1000
 Sent 6562 bytes 35 pkt (dropped 0, overlimits 1 requeues 0) 
 backlog 0b 0p requeues 0
qdisc fq_codel 20: parent 1:10 limit 10240p flows 1024 quantum 1514 target 5ms interval 100ms memory_limit 32Mb ecn drop_batch 64 
 Sent 6562 bytes 35 pkt (dropped 0, overlimits 0 requeues 0) 
 backlog 0b 0p requeues 0
  maxpacket 1514 drop_overlimit 0 new_flow_count 26 ecn_mark 0
  new_flows_len 0 old_flows_len 1
======================================================================
Timestamp: 2026-04-10 15:56:11
qdisc htb 1: root refcnt 13 r2q 10 default 0x10 direct_packets_stat 0 direct_qlen 1000
 Sent 577415 bytes 416 pkt (dropped 0, overlimits 375 requeues 0) 
 backlog 0b 0p requeues 0
qdisc fq_codel 20: parent 1:10 limit 10240p flows 1024 quantum 1514 target 5ms interval 100ms memory_limit 32Mb ecn drop_batch 64 
 Sent 577415 bytes 416 pkt (dropped 0, overlimits 0 requeues 0) 
 backlog 0b 0p requeues 0
  maxpacket 1514 drop_overlimit 0 new_flow_count 29 ecn_mark 1
  new_flows_len 0 old_flows_len 1
======================================================================
Timestamp: 2026-04-10 15:56:12
qdisc htb 1: root refcnt 13 r2q 10 default 0x10 direct_packets_stat 0 direct_qlen 1000
 Sent 1420713 bytes 973 pkt (dropped 0, overlimits 929 requeues 0) 
 backlog 6056b 4p requeues 0
qdisc fq_codel 20: parent 1:10 limit 10240p flows 1024 quantum 1514 target 5ms interval 100ms memory_limit 32Mb ecn drop_batch 64 
 Sent 1420713 bytes 973 pkt (dropped 0, overlimits 0 requeues 0) 
 backlog 6056b 4p requeues 0
  maxpacket 1514 drop_overlimit 0 new_flow_count 29 ecn_mark 1 memory_used 9376
  new_flows_len 0 old_flows_len 1
======================================================================
Timestamp: 2026-04-10 15:56:13
qdisc htb 1: root refcnt 13 r2q 10 default 0x10 direct_packets_stat 0 direct_qlen 1000
 Sent 2189380 bytes 1481 pkt (dropped 0, overlimits 1435 requeues 0) 
 backlog 6056b 4p requeues 0
qdisc fq_codel 20: parent 1:10 limit 10240p flows 1024 quantum 1514 target 5ms interval 100ms memory_limit 32Mb ecn drop_batch 64 
 Sent 2189380 bytes 1481 pkt (dropped 0, overlimits 0 requeues 0) 
 backlog 6056b 4p requeues 0
  maxpacket 1514 drop_overlimit 0 new_flow_count 29 ecn_mark 1 memory_used 9376
  new_flows_len 0 old_flows_len 1
======================================================================
Timestamp: 2026-04-10 15:56:14
qdisc htb 1: root refcnt 13 r2q 10 default 0x10 direct_packets_stat 0 direct_qlen 1000
 Sent 2796146 bytes 1882 pkt (dropped 0, overlimits 1836 requeues 0) 
 backlog 0b 0p requeues 0
qdisc fq_codel 20: parent 1:10 limit 10240p flows 1024 quantum 1514 target 5ms interval 100ms memory_limit 32Mb ecn drop_batch 64 
 Sent 2796146 bytes 1882 pkt (dropped 0, overlimits 0 requeues 0) 
 backlog 0b 0p requeues 0
  maxpacket 1514 drop_overlimit 0 new_flow_count 29 ecn_mark 1
  new_flows_len 0 old_flows_len 1
======================================================================
Timestamp: 2026-04-10 15:56:15
qdisc htb 1: root refcnt 13 r2q 10 default 0x10 direct_packets_stat 0 direct_qlen 1000
 Sent 3398457 bytes 2280 pkt (dropped 0, overlimits 2231 requeues 0) 
 backlog 7570b 5p requeues 0
qdisc fq_codel 20: parent 1:10 limit 10240p flows 1024 quantum 1514 target 5ms interval 100ms memory_limit 32Mb ecn drop_batch 64 
 Sent 3398457 bytes 2280 pkt (dropped 0, overlimits 0 requeues 0) 
 backlog 7570b 5p requeues 0
  maxpacket 1514 drop_overlimit 0 new_flow_count 29 ecn_mark 2 memory_used 11720
  new_flows_len 0 old_flows_len 1
======================================================================
Timestamp: 2026-04-10 15:56:16
qdisc htb 1: root refcnt 13 r2q 10 default 0x10 direct_packets_stat 0 direct_qlen 1000
 Sent 4045245 bytes 2709 pkt (dropped 0, overlimits 2659 requeues 0) 
 backlog 0b 0p requeues 0
qdisc fq_codel 20: parent 1:10 limit 10240p flows 1024 quantum 1514 target 5ms interval 100ms memory_limit 32Mb ecn drop_batch 64 
 Sent 4045245 bytes 2709 pkt (dropped 0, overlimits 0 requeues 0) 
 backlog 0b 0p requeues 0
  maxpacket 1514 drop_overlimit 0 new_flow_count 30 ecn_mark 2
  new_flows_len 1 old_flows_len 1
======================================================================
Timestamp: 2026-04-10 15:56:17
qdisc htb 1: root refcnt 13 r2q 10 default 0x10 direct_packets_stat 0 direct_qlen 1000
 Sent 4635584 bytes 3101 pkt (dropped 0, overlimits 3048 requeues 0) 
 backlog 7570b 5p requeues 0
qdisc fq_codel 20: parent 1:10 limit 10240p flows 1024 quantum 1514 target 5ms interval 100ms memory_limit 32Mb ecn drop_batch 64 
 Sent 4635584 bytes 3101 pkt (dropped 0, overlimits 0 requeues 0) 
 backlog 7570b 5p requeues 0
  maxpacket 1514 drop_overlimit 0 new_flow_count 32 ecn_mark 3 memory_used 11720
  new_flows_len 0 old_flows_len 1
======================================================================
Timestamp: 2026-04-10 15:56:18
qdisc htb 1: root refcnt 13 r2q 10 default 0x10 direct_packets_stat 0 direct_qlen 1000
 Sent 5272201 bytes 3522 pkt (dropped 0, overlimits 3469 requeues 0) 
 backlog 0b 0p requeues 0
qdisc fq_codel 20: parent 1:10 limit 10240p flows 1024 quantum 1514 target 5ms interval 100ms memory_limit 32Mb ecn drop_batch 64 
 Sent 5272201 bytes 3522 pkt (dropped 0, overlimits 0 requeues 0) 
 backlog 0b 0p requeues 0
  maxpacket 1514 drop_overlimit 0 new_flow_count 32 ecn_mark 3
  new_flows_len 0 old_flows_len 1
======================================================================
Timestamp: 2026-04-10 15:56:19
qdisc htb 1: root refcnt 13 r2q 10 default 0x10 direct_packets_stat 0 direct_qlen 1000
 Sent 5841311 bytes 3899 pkt (dropped 0, overlimits 3843 requeues 0) 
 backlog 7570b 5p requeues 0
qdisc fq_codel 20: parent 1:10 limit 10240p flows 1024 quantum 1514 target 5ms interval 100ms memory_limit 32Mb ecn drop_batch 64 
 Sent 5841311 bytes 3899 pkt (dropped 0, overlimits 0 requeues 0) 
 backlog 7570b 5p requeues 0
  maxpacket 1514 drop_overlimit 0 new_flow_count 33 ecn_mark 3 memory_used 11720
  new_flows_len 0 old_flows_len 1
======================================================================
Timestamp: 2026-04-10 15:56:20
qdisc htb 1: root refcnt 13 r2q 10 default 0x10 direct_packets_stat 0 direct_qlen 1000
 Sent 6497712 bytes 4333 pkt (dropped 0, overlimits 4277 requeues 0) 
 backlog 0b 0p requeues 0
qdisc fq_codel 20: parent 1:10 limit 10240p flows 1024 quantum 1514 target 5ms interval 100ms memory_limit 32Mb ecn drop_batch 64 
 Sent 6497712 bytes 4333 pkt (dropped 0, overlimits 0 requeues 0) 
 backlog 0b 0p requeues 0
  maxpacket 1514 drop_overlimit 0 new_flow_count 33 ecn_mark 3
  new_flows_len 0 old_flows_len 1
======================================================================
Timestamp: 2026-04-10 15:56:21
qdisc htb 1: root refcnt 13 r2q 10 default 0x10 direct_packets_stat 0 direct_qlen 1000
 Sent 7054603 bytes 4701 pkt (dropped 0, overlimits 4642 requeues 0) 
 backlog 3028b 2p requeues 0
qdisc fq_codel 20: parent 1:10 limit 10240p flows 1024 quantum 1514 target 5ms interval 100ms memory_limit 32Mb ecn drop_batch 64 
 Sent 7054603 bytes 4701 pkt (dropped 0, overlimits 0 requeues 0) 
 backlog 3028b 2p requeues 0
  maxpacket 1514 drop_overlimit 0 new_flow_count 33 ecn_mark 3 memory_used 4688
  new_flows_len 0 old_flows_len 1
======================================================================
Timestamp: 2026-04-10 15:56:22
qdisc htb 1: root refcnt 13 r2q 10 default 0x10 direct_packets_stat 0 direct_qlen 1000
 Sent 7734284 bytes 5150 pkt (dropped 0, overlimits 5091 requeues 0) 
 backlog 0b 0p requeues 0
qdisc fq_codel 20: parent 1:10 limit 10240p flows 1024 quantum 1514 target 5ms interval 100ms memory_limit 32Mb ecn drop_batch 64 
 Sent 7734284 bytes 5150 pkt (dropped 0, overlimits 0 requeues 0) 
 backlog 0b 0p requeues 0
  maxpacket 1514 drop_overlimit 0 new_flow_count 33 ecn_mark 3
  new_flows_len 0 old_flows_len 1
======================================================================
Timestamp: 2026-04-10 15:56:23
qdisc htb 1: root refcnt 13 r2q 10 default 0x10 direct_packets_stat 0 direct_qlen 1000
 Sent 8274521 bytes 5507 pkt (dropped 0, overlimits 5445 requeues 0) 
 backlog 7570b 5p requeues 0
qdisc fq_codel 20: parent 1:10 limit 10240p flows 1024 quantum 1514 target 5ms interval 100ms memory_limit 32Mb ecn drop_batch 64 
 Sent 8274521 bytes 5507 pkt (dropped 0, overlimits 0 requeues 0) 
 backlog 7570b 5p requeues 0
  maxpacket 1514 drop_overlimit 0 new_flow_count 33 ecn_mark 4 memory_used 11720
  new_flows_len 0 old_flows_len 1
======================================================================
Timestamp: 2026-04-10 15:56:24
qdisc htb 1: root refcnt 13 r2q 10 default 0x10 direct_packets_stat 0 direct_qlen 1000
 Sent 8659778 bytes 5762 pkt (dropped 0, overlimits 5700 requeues 0) 
 backlog 0b 0p requeues 0
qdisc fq_codel 20: parent 1:10 limit 10240p flows 1024 quantum 1514 target 5ms interval 100ms memory_limit 32Mb ecn drop_batch 64 
 Sent 8659778 bytes 5762 pkt (dropped 0, overlimits 0 requeues 0) 
 backlog 0b 0p requeues 0
  maxpacket 1514 drop_overlimit 0 new_flow_count 33 ecn_mark 4
  new_flows_len 0 old_flows_len 1
======================================================================
Timestamp: 2026-04-10 15:56:25
qdisc htb 1: root refcnt 13 r2q 10 default 0x10 direct_packets_stat 0 direct_qlen 1000
 Sent 9193959 bytes 6115 pkt (dropped 0, overlimits 6050 requeues 0) 
 backlog 7570b 5p requeues 0
qdisc fq_codel 20: parent 1:10 limit 10240p flows 1024 quantum 1514 target 5ms interval 100ms memory_limit 32Mb ecn drop_batch 64 
 Sent 9193959 bytes 6115 pkt (dropped 0, overlimits 0 requeues 0) 
 backlog 7570b 5p requeues 0
  maxpacket 1514 drop_overlimit 0 new_flow_count 33 ecn_mark 5 memory_used 11720
  new_flows_len 0 old_flows_len 1
======================================================================
Timestamp: 2026-04-10 15:56:26
qdisc htb 1: root refcnt 13 r2q 10 default 0x10 direct_packets_stat 0 direct_qlen 1000
 Sent 9507426 bytes 6323 pkt (dropped 0, overlimits 6258 requeues 0) 
 backlog 0b 0p requeues 0
qdisc fq_codel 20: parent 1:10 limit 10240p flows 1024 quantum 1514 target 5ms interval 100ms memory_limit 32Mb ecn drop_batch 64 
 Sent 9507426 bytes 6323 pkt (dropped 0, overlimits 0 requeues 0) 
 backlog 0b 0p requeues 0
  maxpacket 1514 drop_overlimit 0 new_flow_count 33 ecn_mark 6
  new_flows_len 0 old_flows_len 1
======================================================================
Timestamp: 2026-04-10 15:56:27
qdisc htb 1: root refcnt 13 r2q 10 default 0x10 direct_packets_stat 0 direct_qlen 1000
 Sent 10023439 bytes 6664 pkt (dropped 0, overlimits 6596 requeues 0) 
 backlog 7570b 5p requeues 0
qdisc fq_codel 20: parent 1:10 limit 10240p flows 1024 quantum 1514 target 5ms interval 100ms memory_limit 32Mb ecn drop_batch 64 
 Sent 10023439 bytes 6664 pkt (dropped 0, overlimits 0 requeues 0) 
 backlog 7570b 5p requeues 0
  maxpacket 1514 drop_overlimit 0 new_flow_count 33 ecn_mark 6 memory_used 11720
  new_flows_len 0 old_flows_len 1
======================================================================
Timestamp: 2026-04-10 15:56:28
qdisc htb 1: root refcnt 13 r2q 10 default 0x10 direct_packets_stat 0 direct_qlen 1000
 Sent 10662633 bytes 7087 pkt (dropped 0, overlimits 7019 requeues 0) 
 backlog 0b 0p requeues 0
qdisc fq_codel 20: parent 1:10 limit 10240p flows 1024 quantum 1514 target 5ms interval 100ms memory_limit 32Mb ecn drop_batch 64 
 Sent 10662633 bytes 7087 pkt (dropped 0, overlimits 0 requeues 0) 
 backlog 0b 0p requeues 0
  maxpacket 1514 drop_overlimit 0 new_flow_count 33 ecn_mark 6
  new_flows_len 0 old_flows_len 1
======================================================================
Timestamp: 2026-04-10 15:56:29
qdisc htb 1: root refcnt 13 r2q 10 default 0x10 direct_packets_stat 0 direct_qlen 1000
 Sent 11168048 bytes 7421 pkt (dropped 0, overlimits 7350 requeues 0) 
 backlog 6056b 4p requeues 0
qdisc fq_codel 20: parent 1:10 limit 10240p flows 1024 quantum 1514 target 5ms interval 100ms memory_limit 32Mb ecn drop_batch 64 
 Sent 11168048 bytes 7421 pkt (dropped 0, overlimits 0 requeues 0) 
 backlog 6056b 4p requeues 0
  maxpacket 1514 drop_overlimit 0 new_flow_count 33 ecn_mark 7 memory_used 9376
  new_flows_len 0 old_flows_len 1
======================================================================
Timestamp: 2026-04-10 15:56:30
qdisc htb 1: root refcnt 13 r2q 10 default 0x10 direct_packets_stat 0 direct_qlen 1000
 Sent 11472211 bytes 7622 pkt (dropped 0, overlimits 7551 requeues 0) 
 backlog 0b 0p requeues 0
qdisc fq_codel 20: parent 1:10 limit 10240p flows 1024 quantum 1514 target 5ms interval 100ms memory_limit 32Mb ecn drop_batch 64 
 Sent 11472211 bytes 7622 pkt (dropped 0, overlimits 0 requeues 0) 
 backlog 0b 0p requeues 0
  maxpacket 1514 drop_overlimit 0 new_flow_count 33 ecn_mark 7
  new_flows_len 0 old_flows_len 1
======================================================================
Timestamp: 2026-04-10 15:56:31
qdisc htb 1: root refcnt 13 r2q 10 default 0x10 direct_packets_stat 0 direct_qlen 1000
 Sent 11959458 bytes 7944 pkt (dropped 0, overlimits 7870 requeues 0) 
 backlog 4542b 3p requeues 0
qdisc fq_codel 20: parent 1:10 limit 10240p flows 1024 quantum 1514 target 5ms interval 100ms memory_limit 32Mb ecn drop_batch 64 
 Sent 11959458 bytes 7944 pkt (dropped 0, overlimits 0 requeues 0) 
 backlog 4542b 3p requeues 0
  maxpacket 1514 drop_overlimit 0 new_flow_count 33 ecn_mark 7 memory_used 7032
  new_flows_len 0 old_flows_len 1
======================================================================
Timestamp: 2026-04-10 15:56:32
qdisc htb 1: root refcnt 13 r2q 10 default 0x10 direct_packets_stat 0 direct_qlen 1000
 Sent 12724513 bytes 8450 pkt (dropped 0, overlimits 8376 requeues 0) 
 backlog 0b 0p requeues 0
qdisc fq_codel 20: parent 1:10 limit 10240p flows 1024 quantum 1514 target 5ms interval 100ms memory_limit 32Mb ecn drop_batch 64 
 Sent 12724513 bytes 8450 pkt (dropped 0, overlimits 0 requeues 0) 
 backlog 0b 0p requeues 0
  maxpacket 1514 drop_overlimit 0 new_flow_count 33 ecn_mark 7
  new_flows_len 0 old_flows_len 1
======================================================================
Timestamp: 2026-04-10 15:56:33
qdisc htb 1: root refcnt 13 r2q 10 default 0x10 direct_packets_stat 0 direct_qlen 1000
 Sent 13205704 bytes 8768 pkt (dropped 0, overlimits 8691 requeues 0) 
 backlog 6056b 4p requeues 0
qdisc fq_codel 20: parent 1:10 limit 10240p flows 1024 quantum 1514 target 5ms interval 100ms memory_limit 32Mb ecn drop_batch 64 
 Sent 13205704 bytes 8768 pkt (dropped 0, overlimits 0 requeues 0) 
 backlog 6056b 4p requeues 0
  maxpacket 1514 drop_overlimit 0 new_flow_count 33 ecn_mark 8 memory_used 9376
  new_flows_len 0 old_flows_len 1
======================================================================
Timestamp: 2026-04-10 15:56:34
qdisc htb 1: root refcnt 13 r2q 10 default 0x10 direct_packets_stat 0 direct_qlen 1000
 Sent 14029062 bytes 9314 pkt (dropped 0, overlimits 9237 requeues 0) 
 backlog 0b 0p requeues 0
qdisc fq_codel 20: parent 1:10 limit 10240p flows 1024 quantum 1514 target 5ms interval 100ms memory_limit 32Mb ecn drop_batch 64 
 Sent 14029062 bytes 9314 pkt (dropped 0, overlimits 0 requeues 0) 
 backlog 0b 0p requeues 0
  maxpacket 1514 drop_overlimit 0 new_flow_count 35 ecn_mark 8
  new_flows_len 0 old_flows_len 1
======================================================================
Timestamp: 2026-04-10 15:56:35
qdisc htb 1: root refcnt 13 r2q 10 default 0x10 direct_packets_stat 0 direct_qlen 1000
 Sent 14490678 bytes 9620 pkt (dropped 0, overlimits 9540 requeues 0) 
 backlog 6056b 4p requeues 0
qdisc fq_codel 20: parent 1:10 limit 10240p flows 1024 quantum 1514 target 5ms interval 100ms memory_limit 32Mb ecn drop_batch 64 
 Sent 14490678 bytes 9620 pkt (dropped 0, overlimits 0 requeues 0) 
 backlog 6056b 4p requeues 0
  maxpacket 1514 drop_overlimit 0 new_flow_count 36 ecn_mark 8 memory_used 9376
  new_flows_len 0 old_flows_len 1
======================================================================
Timestamp: 2026-04-10 15:56:36
qdisc htb 1: root refcnt 13 r2q 10 default 0x10 direct_packets_stat 0 direct_qlen 1000
 Sent 15239284 bytes 10116 pkt (dropped 0, overlimits 10036 requeues 0) 
 backlog 0b 0p requeues 0
qdisc fq_codel 20: parent 1:10 limit 10240p flows 1024 quantum 1514 target 5ms interval 100ms memory_limit 32Mb ecn drop_batch 64 
 Sent 15239284 bytes 10116 pkt (dropped 0, overlimits 0 requeues 0) 
 backlog 0b 0p requeues 0
  maxpacket 1514 drop_overlimit 0 new_flow_count 37 ecn_mark 8
  new_flows_len 0 old_flows_len 1
======================================================================
Timestamp: 2026-04-10 15:56:37
qdisc htb 1: root refcnt 13 r2q 10 default 0x10 direct_packets_stat 0 direct_qlen 1000
 Sent 15682625 bytes 10409 pkt (dropped 0, overlimits 10326 requeues 0) 
 backlog 6056b 4p requeues 0
qdisc fq_codel 20: parent 1:10 limit 10240p flows 1024 quantum 1514 target 5ms interval 100ms memory_limit 32Mb ecn drop_batch 64 
 Sent 15682625 bytes 10409 pkt (dropped 0, overlimits 0 requeues 0) 
 backlog 6056b 4p requeues 0
  maxpacket 1514 drop_overlimit 0 new_flow_count 37 ecn_mark 8 memory_used 9376
  new_flows_len 0 old_flows_len 1
======================================================================
Timestamp: 2026-04-10 15:56:38
qdisc htb 1: root refcnt 13 r2q 10 default 0x10 direct_packets_stat 0 direct_qlen 1000
 Sent 16562259 bytes 10990 pkt (dropped 0, overlimits 10907 requeues 0) 
 backlog 6056b 4p requeues 0
qdisc fq_codel 20: parent 1:10 limit 10240p flows 1024 quantum 1514 target 5ms interval 100ms memory_limit 32Mb ecn drop_batch 64 
 Sent 16562259 bytes 10990 pkt (dropped 0, overlimits 0 requeues 0) 
 backlog 6056b 4p requeues 0
  maxpacket 1514 drop_overlimit 0 new_flow_count 37 ecn_mark 8 memory_used 9376
  new_flows_len 0 old_flows_len 1
======================================================================
Timestamp: 2026-04-10 15:56:39
qdisc htb 1: root refcnt 13 r2q 10 default 0x10 direct_packets_stat 0 direct_qlen 1000
 Sent 16994887 bytes 11287 pkt (dropped 0, overlimits 11201 requeues 0) 
 backlog 3094b 3p requeues 0
qdisc fq_codel 20: parent 1:10 limit 10240p flows 1024 quantum 1514 target 5ms interval 100ms memory_limit 32Mb ecn drop_batch 64 
 Sent 16994887 bytes 11287 pkt (dropped 0, overlimits 0 requeues 0) 
 backlog 3094b 3p requeues 0
  maxpacket 1514 drop_overlimit 0 new_flow_count 45 ecn_mark 8 memory_used 4690
  new_flows_len 1 old_flows_len 1
======================================================================
Timestamp: 2026-04-10 15:56:40
qdisc htb 1: root refcnt 13 r2q 10 default 0x10 direct_packets_stat 0 direct_qlen 1000
 Sent 17873139 bytes 11869 pkt (dropped 0, overlimits 11783 requeues 0) 
 backlog 4542b 3p requeues 0
qdisc fq_codel 20: parent 1:10 limit 10240p flows 1024 quantum 1514 target 5ms interval 100ms memory_limit 32Mb ecn drop_batch 64 
 Sent 17873139 bytes 11869 pkt (dropped 0, overlimits 0 requeues 0) 
 backlog 4542b 3p requeues 0
  maxpacket 1514 drop_overlimit 0 new_flow_count 57 ecn_mark 18 memory_used 7032
  new_flows_len 0 old_flows_len 2
======================================================================
Timestamp: 2026-04-10 15:56:41
qdisc htb 1: root refcnt 13 r2q 10 default 0x10 direct_packets_stat 0 direct_qlen 1000
 Sent 18751285 bytes 12453 pkt (dropped 0, overlimits 12364 requeues 0) 
 backlog 7570b 5p requeues 0
qdisc fq_codel 20: parent 1:10 limit 10240p flows 1024 quantum 1514 target 5ms interval 100ms memory_limit 32Mb ecn drop_batch 64 
 Sent 18751285 bytes 12453 pkt (dropped 0, overlimits 0 requeues 0) 
 backlog 7570b 5p requeues 0
  maxpacket 1514 drop_overlimit 0 new_flow_count 60 ecn_mark 24 memory_used 11720
  new_flows_len 0 old_flows_len 2
======================================================================
Timestamp: 2026-04-10 15:56:42
qdisc htb 1: root refcnt 13 r2q 10 default 0x10 direct_packets_stat 0 direct_qlen 1000
 Sent 19633947 bytes 13036 pkt (dropped 0, overlimits 12947 requeues 0) 
 backlog 6056b 4p requeues 0
qdisc fq_codel 20: parent 1:10 limit 10240p flows 1024 quantum 1514 target 5ms interval 100ms memory_limit 32Mb ecn drop_batch 64 
 Sent 19633947 bytes 13036 pkt (dropped 0, overlimits 0 requeues 0) 
 backlog 6056b 4p requeues 0
  maxpacket 1514 drop_overlimit 0 new_flow_count 60 ecn_mark 32 memory_used 9376
  new_flows_len 0 old_flows_len 2
======================================================================
Timestamp: 2026-04-10 15:56:43
qdisc htb 1: root refcnt 13 r2q 10 default 0x10 direct_packets_stat 0 direct_qlen 1000
 Sent 20518110 bytes 13620 pkt (dropped 0, overlimits 13531 requeues 0) 
 backlog 7570b 5p requeues 0
qdisc fq_codel 20: parent 1:10 limit 10240p flows 1024 quantum 1514 target 5ms interval 100ms memory_limit 32Mb ecn drop_batch 64 
 Sent 20518110 bytes 13620 pkt (dropped 0, overlimits 0 requeues 0) 
 backlog 7570b 5p requeues 0
  maxpacket 1514 drop_overlimit 0 new_flow_count 61 ecn_mark 38 memory_used 11720
  new_flows_len 0 old_flows_len 2
======================================================================
Timestamp: 2026-04-10 15:56:44
qdisc htb 1: root refcnt 13 r2q 10 default 0x10 direct_packets_stat 0 direct_qlen 1000
 Sent 21388394 bytes 14196 pkt (dropped 0, overlimits 14100 requeues 0) 
 backlog 9084b 6p requeues 0
qdisc fq_codel 20: parent 1:10 limit 10240p flows 1024 quantum 1514 target 5ms interval 100ms memory_limit 32Mb ecn drop_batch 64 
 Sent 21388394 bytes 14196 pkt (dropped 0, overlimits 0 requeues 0) 
 backlog 9084b 6p requeues 0
  maxpacket 1514 drop_overlimit 0 new_flow_count 65 ecn_mark 46 memory_used 14064
  new_flows_len 0 old_flows_len 2
======================================================================
Timestamp: 2026-04-10 15:56:45
qdisc htb 1: root refcnt 13 r2q 10 default 0x10 direct_packets_stat 0 direct_qlen 1000
 Sent 22271043 bytes 14779 pkt (dropped 0, overlimits 14683 requeues 0) 
 backlog 6056b 4p requeues 0
qdisc fq_codel 20: parent 1:10 limit 10240p flows 1024 quantum 1514 target 5ms interval 100ms memory_limit 32Mb ecn drop_batch 64 
 Sent 22271043 bytes 14779 pkt (dropped 0, overlimits 0 requeues 0) 
 backlog 6056b 4p requeues 0
  maxpacket 1514 drop_overlimit 0 new_flow_count 66 ecn_mark 53 memory_used 9376
  new_flows_len 0 old_flows_len 2
======================================================================
Timestamp: 2026-04-10 15:56:46
qdisc htb 1: root refcnt 13 r2q 10 default 0x10 direct_packets_stat 0 direct_qlen 1000
 Sent 23153988 bytes 15363 pkt (dropped 0, overlimits 15262 requeues 0) 
 backlog 10598b 7p requeues 0
qdisc fq_codel 20: parent 1:10 limit 10240p flows 1024 quantum 1514 target 5ms interval 100ms memory_limit 32Mb ecn drop_batch 64 
 Sent 23153988 bytes 15363 pkt (dropped 0, overlimits 0 requeues 0) 
 backlog 10598b 7p requeues 0
  maxpacket 1514 drop_overlimit 0 new_flow_count 68 ecn_mark 59 memory_used 16408
  new_flows_len 0 old_flows_len 2
======================================================================
Timestamp: 2026-04-10 15:56:47
qdisc htb 1: root refcnt 13 r2q 10 default 0x10 direct_packets_stat 0 direct_qlen 1000
 Sent 24030984 bytes 15943 pkt (dropped 0, overlimits 15839 requeues 0) 
 backlog 3028b 2p requeues 0
qdisc fq_codel 20: parent 1:10 limit 10240p flows 1024 quantum 1514 target 5ms interval 100ms memory_limit 32Mb ecn drop_batch 64 
 Sent 24030984 bytes 15943 pkt (dropped 0, overlimits 0 requeues 0) 
 backlog 3028b 2p requeues 0
  maxpacket 1514 drop_overlimit 0 new_flow_count 72 ecn_mark 67 memory_used 4688
  new_flows_len 0 old_flows_len 2
======================================================================
Timestamp: 2026-04-10 15:56:48
qdisc htb 1: root refcnt 13 r2q 10 default 0x10 direct_packets_stat 0 direct_qlen 1000
 Sent 24912132 bytes 16525 pkt (dropped 0, overlimits 16421 requeues 0) 
 backlog 6056b 4p requeues 0
qdisc fq_codel 20: parent 1:10 limit 10240p flows 1024 quantum 1514 target 5ms interval 100ms memory_limit 32Mb ecn drop_batch 64 
 Sent 24912132 bytes 16525 pkt (dropped 0, overlimits 0 requeues 0) 
 backlog 6056b 4p requeues 0
  maxpacket 1514 drop_overlimit 0 new_flow_count 72 ecn_mark 73 memory_used 9376
  new_flows_len 0 old_flows_len 2
======================================================================
Timestamp: 2026-04-10 15:56:49
qdisc htb 1: root refcnt 13 r2q 10 default 0x10 direct_packets_stat 0 direct_qlen 1000
 Sent 25787083 bytes 17104 pkt (dropped 0, overlimits 16996 requeues 0) 
 backlog 7570b 5p requeues 0
qdisc fq_codel 20: parent 1:10 limit 10240p flows 1024 quantum 1514 target 5ms interval 100ms memory_limit 32Mb ecn drop_batch 64 
 Sent 25787083 bytes 17104 pkt (dropped 0, overlimits 0 requeues 0) 
 backlog 7570b 5p requeues 0
  maxpacket 1514 drop_overlimit 0 new_flow_count 75 ecn_mark 81 memory_used 11720
  new_flows_len 0 old_flows_len 2
======================================================================
Timestamp: 2026-04-10 15:56:50
qdisc htb 1: root refcnt 13 r2q 10 default 0x10 direct_packets_stat 0 direct_qlen 1000
 Sent 26671259 bytes 17688 pkt (dropped 0, overlimits 17580 requeues 0) 
 backlog 9084b 6p requeues 0
qdisc fq_codel 20: parent 1:10 limit 10240p flows 1024 quantum 1514 target 5ms interval 100ms memory_limit 32Mb ecn drop_batch 64 
 Sent 26671259 bytes 17688 pkt (dropped 0, overlimits 0 requeues 0) 
 backlog 9084b 6p requeues 0
  maxpacket 1514 drop_overlimit 0 new_flow_count 75 ecn_mark 87 memory_used 14064
  new_flows_len 0 old_flows_len 2
======================================================================
Timestamp: 2026-04-10 15:56:51
qdisc htb 1: root refcnt 13 r2q 10 default 0x10 direct_packets_stat 0 direct_qlen 1000
 Sent 27549203 bytes 18269 pkt (dropped 0, overlimits 18156 requeues 0) 
 backlog 7570b 5p requeues 0
qdisc fq_codel 20: parent 1:10 limit 10240p flows 1024 quantum 1514 target 5ms interval 100ms memory_limit 32Mb ecn drop_batch 64 
 Sent 27549203 bytes 18269 pkt (dropped 0, overlimits 0 requeues 0) 
 backlog 7570b 5p requeues 0
  maxpacket 1514 drop_overlimit 0 new_flow_count 78 ecn_mark 94 memory_used 11720
  new_flows_len 0 old_flows_len 2
======================================================================
Timestamp: 2026-04-10 15:56:52
qdisc htb 1: root refcnt 13 r2q 10 default 0x10 direct_packets_stat 0 direct_qlen 1000
 Sent 28431865 bytes 18852 pkt (dropped 0, overlimits 18739 requeues 0) 
 backlog 7570b 5p requeues 0
qdisc fq_codel 20: parent 1:10 limit 10240p flows 1024 quantum 1514 target 5ms interval 100ms memory_limit 32Mb ecn drop_batch 64 
 Sent 28431865 bytes 18852 pkt (dropped 0, overlimits 0 requeues 0) 
 backlog 7570b 5p requeues 0
  maxpacket 1514 drop_overlimit 0 new_flow_count 78 ecn_mark 101 memory_used 11720
  new_flows_len 0 old_flows_len 2
======================================================================
Timestamp: 2026-04-10 15:56:53
qdisc htb 1: root refcnt 13 r2q 10 default 0x10 direct_packets_stat 0 direct_qlen 1000
 Sent 29304163 bytes 19429 pkt (dropped 0, overlimits 19310 requeues 0) 
 backlog 9084b 6p requeues 0
qdisc fq_codel 20: parent 1:10 limit 10240p flows 1024 quantum 1514 target 5ms interval 100ms memory_limit 32Mb ecn drop_batch 64 
 Sent 29304163 bytes 19429 pkt (dropped 0, overlimits 0 requeues 0) 
 backlog 9084b 6p requeues 0
  maxpacket 1514 drop_overlimit 0 new_flow_count 80 ecn_mark 107 memory_used 14064
  new_flows_len 0 old_flows_len 2
======================================================================
Timestamp: 2026-04-10 15:56:54
qdisc htb 1: root refcnt 13 r2q 10 default 0x10 direct_packets_stat 0 direct_qlen 1000
 Sent 30186825 bytes 20012 pkt (dropped 0, overlimits 19893 requeues 0) 
 backlog 10598b 7p requeues 0
qdisc fq_codel 20: parent 1:10 limit 10240p flows 1024 quantum 1514 target 5ms interval 100ms memory_limit 32Mb ecn drop_batch 64 
 Sent 30186825 bytes 20012 pkt (dropped 0, overlimits 0 requeues 0) 
 backlog 10598b 7p requeues 0
  maxpacket 1514 drop_overlimit 0 new_flow_count 80 ecn_mark 114 memory_used 16408
  new_flows_len 0 old_flows_len 2
======================================================================
Timestamp: 2026-04-10 15:56:55
qdisc htb 1: root refcnt 13 r2q 10 default 0x10 direct_packets_stat 0 direct_qlen 1000
 Sent 31068607 bytes 20595 pkt (dropped 0, overlimits 20473 requeues 0) 
 backlog 9084b 6p requeues 0
qdisc fq_codel 20: parent 1:10 limit 10240p flows 1024 quantum 1514 target 5ms interval 100ms memory_limit 32Mb ecn drop_batch 64 
 Sent 31068607 bytes 20595 pkt (dropped 0, overlimits 0 requeues 0) 
 backlog 9084b 6p requeues 0
  maxpacket 1514 drop_overlimit 0 new_flow_count 82 ecn_mark 122 memory_used 14064
  new_flows_len 0 old_flows_len 2
======================================================================
Timestamp: 2026-04-10 15:56:56
qdisc htb 1: root refcnt 13 r2q 10 default 0x10 direct_packets_stat 0 direct_qlen 1000
 Sent 31952783 bytes 21179 pkt (dropped 0, overlimits 21057 requeues 0) 
 backlog 6056b 4p requeues 0
qdisc fq_codel 20: parent 1:10 limit 10240p flows 1024 quantum 1514 target 5ms interval 100ms memory_limit 32Mb ecn drop_batch 64 
 Sent 31952783 bytes 21179 pkt (dropped 0, overlimits 0 requeues 0) 
 backlog 6056b 4p requeues 0
  maxpacket 1514 drop_overlimit 0 new_flow_count 82 ecn_mark 128 memory_used 9376
  new_flows_len 0 old_flows_len 2
======================================================================
Timestamp: 2026-04-10 15:56:57
qdisc htb 1: root refcnt 13 r2q 10 default 0x10 direct_packets_stat 0 direct_qlen 1000
 Sent 32830272 bytes 21759 pkt (dropped 0, overlimits 21635 requeues 0) 
 backlog 10598b 7p requeues 0
qdisc fq_codel 20: parent 1:10 limit 10240p flows 1024 quantum 1514 target 5ms interval 100ms memory_limit 32Mb ecn drop_batch 64 
 Sent 32830272 bytes 21759 pkt (dropped 0, overlimits 0 requeues 0) 
 backlog 10598b 7p requeues 0
  maxpacket 1514 drop_overlimit 0 new_flow_count 84 ecn_mark 135 memory_used 16408
  new_flows_len 0 old_flows_len 2
======================================================================
Timestamp: 2026-04-10 15:56:58
qdisc htb 1: root refcnt 13 r2q 10 default 0x10 direct_packets_stat 0 direct_qlen 1000
 Sent 33715962 bytes 22344 pkt (dropped 0, overlimits 22220 requeues 0) 
 backlog 4542b 3p requeues 0
qdisc fq_codel 20: parent 1:10 limit 10240p flows 1024 quantum 1514 target 5ms interval 100ms memory_limit 32Mb ecn drop_batch 64 
 Sent 33715962 bytes 22344 pkt (dropped 0, overlimits 0 requeues 0) 
 backlog 4542b 3p requeues 0
  maxpacket 1514 drop_overlimit 0 new_flow_count 84 ecn_mark 142 memory_used 7032
  new_flows_len 0 old_flows_len 2
======================================================================
Timestamp: 2026-04-10 15:56:59
qdisc htb 1: root refcnt 13 r2q 10 default 0x10 direct_packets_stat 0 direct_qlen 1000
 Sent 34603153 bytes 22930 pkt (dropped 0, overlimits 22806 requeues 0) 
 backlog 7968b 6p requeues 0
qdisc fq_codel 20: parent 1:10 limit 10240p flows 1024 quantum 1514 target 5ms interval 100ms memory_limit 32Mb ecn drop_batch 64 
 Sent 34603153 bytes 22930 pkt (dropped 0, overlimits 0 requeues 0) 
 backlog 7968b 6p requeues 0
  maxpacket 1514 drop_overlimit 0 new_flow_count 85 ecn_mark 148 memory_used 12948
  new_flows_len 0 old_flows_len 2
======================================================================
Timestamp: 2026-04-10 15:57:00
qdisc htb 1: root refcnt 13 r2q 10 default 0x10 direct_packets_stat 0 direct_qlen 1000
 Sent 35481423 bytes 23511 pkt (dropped 0, overlimits 23385 requeues 0) 
 backlog 4542b 3p requeues 0
qdisc fq_codel 20: parent 1:10 limit 10240p flows 1024 quantum 1514 target 5ms interval 100ms memory_limit 32Mb ecn drop_batch 64 
 Sent 35481423 bytes 23511 pkt (dropped 0, overlimits 0 requeues 0) 
 backlog 4542b 3p requeues 0
  maxpacket 1514 drop_overlimit 0 new_flow_count 88 ecn_mark 156 memory_used 7032
  new_flows_len 0 old_flows_len 2
======================================================================
Timestamp: 2026-04-10 15:57:01
qdisc htb 1: root refcnt 13 r2q 10 default 0x10 direct_packets_stat 0 direct_qlen 1000
 Sent 36359530 bytes 24091 pkt (dropped 0, overlimits 23965 requeues 0) 
 backlog 7570b 5p requeues 0
qdisc fq_codel 20: parent 1:10 limit 10240p flows 1024 quantum 1514 target 5ms interval 100ms memory_limit 32Mb ecn drop_batch 64 
 Sent 36359530 bytes 24091 pkt (dropped 0, overlimits 0 requeues 0) 
 backlog 7570b 5p requeues 0
  maxpacket 1514 drop_overlimit 0 new_flow_count 89 ecn_mark 163 memory_used 11720
  new_flows_len 0 old_flows_len 2
======================================================================
Timestamp: 2026-04-10 15:57:02
qdisc htb 1: root refcnt 13 r2q 10 default 0x10 direct_packets_stat 0 direct_qlen 1000
 Sent 37241828 bytes 24674 pkt (dropped 0, overlimits 24544 requeues 0) 
 backlog 7570b 5p requeues 0
qdisc fq_codel 20: parent 1:10 limit 10240p flows 1024 quantum 1514 target 5ms interval 100ms memory_limit 32Mb ecn drop_batch 64 
 Sent 37241828 bytes 24674 pkt (dropped 0, overlimits 0 requeues 0) 
 backlog 7570b 5p requeues 0
  maxpacket 1514 drop_overlimit 0 new_flow_count 90 ecn_mark 170 memory_used 11720
  new_flows_len 0 old_flows_len 2
======================================================================
Timestamp: 2026-04-10 15:57:03
qdisc htb 1: root refcnt 13 r2q 10 default 0x10 direct_packets_stat 0 direct_qlen 1000
 Sent 38125991 bytes 25258 pkt (dropped 0, overlimits 25128 requeues 0) 
 backlog 4542b 3p requeues 0
qdisc fq_codel 20: parent 1:10 limit 10240p flows 1024 quantum 1514 target 5ms interval 100ms memory_limit 32Mb ecn drop_batch 64 
 Sent 38125991 bytes 25258 pkt (dropped 0, overlimits 0 requeues 0) 
 backlog 4542b 3p requeues 0
  maxpacket 1514 drop_overlimit 0 new_flow_count 91 ecn_mark 176 memory_used 7032
  new_flows_len 0 old_flows_len 2
======================================================================
Timestamp: 2026-04-10 15:57:04
qdisc htb 1: root refcnt 13 r2q 10 default 0x10 direct_packets_stat 0 direct_qlen 1000
 Sent 39000055 bytes 25836 pkt (dropped 0, overlimits 25701 requeues 0) 
 backlog 6056b 4p requeues 0
qdisc fq_codel 20: parent 1:10 limit 10240p flows 1024 quantum 1514 target 5ms interval 100ms memory_limit 32Mb ecn drop_batch 64 
 Sent 39000055 bytes 25836 pkt (dropped 0, overlimits 0 requeues 0) 
 backlog 6056b 4p requeues 0
  maxpacket 1514 drop_overlimit 0 new_flow_count 94 ecn_mark 183 memory_used 9376
  new_flows_len 0 old_flows_len 2
======================================================================
Timestamp: 2026-04-10 15:57:05
qdisc htb 1: root refcnt 13 r2q 10 default 0x10 direct_packets_stat 0 direct_qlen 1000
 Sent 39868808 bytes 26411 pkt (dropped 0, overlimits 26270 requeues 0) 
 backlog 6056b 4p requeues 0
qdisc fq_codel 20: parent 1:10 limit 10240p flows 1024 quantum 1514 target 5ms interval 100ms memory_limit 32Mb ecn drop_batch 64 
 Sent 39868808 bytes 26411 pkt (dropped 0, overlimits 0 requeues 0) 
 backlog 6056b 4p requeues 0
  maxpacket 1514 drop_overlimit 0 new_flow_count 98 ecn_mark 190 memory_used 9376
  new_flows_len 0 old_flows_len 2
======================================================================
Timestamp: 2026-04-10 15:57:06
qdisc htb 1: root refcnt 13 r2q 10 default 0x10 direct_packets_stat 0 direct_qlen 1000
 Sent 40749956 bytes 26993 pkt (dropped 0, overlimits 26852 requeues 0) 
 backlog 7570b 5p requeues 0
qdisc fq_codel 20: parent 1:10 limit 10240p flows 1024 quantum 1514 target 5ms interval 100ms memory_limit 32Mb ecn drop_batch 64 
 Sent 40749956 bytes 26993 pkt (dropped 0, overlimits 0 requeues 0) 
 backlog 7570b 5p requeues 0
  maxpacket 1514 drop_overlimit 0 new_flow_count 98 ecn_mark 197 memory_used 11720
  new_flows_len 0 old_flows_len 2
======================================================================
Timestamp: 2026-04-10 15:57:07
qdisc htb 1: root refcnt 13 r2q 10 default 0x10 direct_packets_stat 0 direct_qlen 1000
 Sent 41631071 bytes 27577 pkt (dropped 0, overlimits 27432 requeues 0) 
 backlog 7570b 5p requeues 0
qdisc fq_codel 20: parent 1:10 limit 10240p flows 1024 quantum 1514 target 5ms interval 100ms memory_limit 32Mb ecn drop_batch 64 
 Sent 41631071 bytes 27577 pkt (dropped 0, overlimits 0 requeues 0) 
 backlog 7570b 5p requeues 0
  maxpacket 1514 drop_overlimit 0 new_flow_count 101 ecn_mark 205 memory_used 11720
  new_flows_len 0 old_flows_len 2
======================================================================
Timestamp: 2026-04-10 15:57:08
qdisc htb 1: root refcnt 13 r2q 10 default 0x10 direct_packets_stat 0 direct_qlen 1000
 Sent 42504711 bytes 28155 pkt (dropped 0, overlimits 28007 requeues 0) 
 backlog 7570b 5p requeues 0
qdisc fq_codel 20: parent 1:10 limit 10240p flows 1024 quantum 1514 target 5ms interval 100ms memory_limit 32Mb ecn drop_batch 64 
 Sent 42504711 bytes 28155 pkt (dropped 0, overlimits 0 requeues 0) 
 backlog 7570b 5p requeues 0
  maxpacket 1514 drop_overlimit 0 new_flow_count 103 ecn_mark 211 memory_used 11720
  new_flows_len 0 old_flows_len 2
======================================================================
Timestamp: 2026-04-10 15:57:09
qdisc htb 1: root refcnt 13 r2q 10 default 0x10 direct_packets_stat 0 direct_qlen 1000
 Sent 43385986 bytes 28739 pkt (dropped 0, overlimits 28591 requeues 0) 
 backlog 7570b 5p requeues 0
qdisc fq_codel 20: parent 1:10 limit 10240p flows 1024 quantum 1514 target 5ms interval 100ms memory_limit 32Mb ecn drop_batch 64 
 Sent 43385986 bytes 28739 pkt (dropped 0, overlimits 0 requeues 0) 
 backlog 7570b 5p requeues 0
  maxpacket 1514 drop_overlimit 0 new_flow_count 106 ecn_mark 217 memory_used 11720
  new_flows_len 0 old_flows_len 2
======================================================================
Timestamp: 2026-04-10 15:57:10
qdisc htb 1: root refcnt 13 r2q 10 default 0x10 direct_packets_stat 0 direct_qlen 1000
 Sent 44263678 bytes 29320 pkt (dropped 0, overlimits 29169 requeues 0) 
 backlog 6056b 4p requeues 0
qdisc fq_codel 20: parent 1:10 limit 10240p flows 1024 quantum 1514 target 5ms interval 100ms memory_limit 32Mb ecn drop_batch 64 
 Sent 44263678 bytes 29320 pkt (dropped 0, overlimits 0 requeues 0) 
 backlog 6056b 4p requeues 0
  maxpacket 1514 drop_overlimit 0 new_flow_count 108 ecn_mark 225 memory_used 9376
  new_flows_len 0 old_flows_len 2
======================================================================
Timestamp: 2026-04-10 15:57:11
qdisc htb 1: root refcnt 13 r2q 10 default 0x10 direct_packets_stat 0 direct_qlen 1000
 Sent 45149355 bytes 29905 pkt (dropped 0, overlimits 29754 requeues 0) 
 backlog 7570b 5p requeues 0
qdisc fq_codel 20: parent 1:10 limit 10240p flows 1024 quantum 1514 target 5ms interval 100ms memory_limit 32Mb ecn drop_batch 64 
 Sent 45149355 bytes 29905 pkt (dropped 0, overlimits 0 requeues 0) 
 backlog 7570b 5p requeues 0
  maxpacket 1514 drop_overlimit 0 new_flow_count 109 ecn_mark 231 memory_used 11720
  new_flows_len 0 old_flows_len 2
======================================================================
Timestamp: 2026-04-10 15:57:12
qdisc htb 1: root refcnt 13 r2q 10 default 0x10 direct_packets_stat 0 direct_qlen 1000
 Sent 46028291 bytes 30486 pkt (dropped 0, overlimits 30332 requeues 0) 
 backlog 4542b 3p requeues 0
qdisc fq_codel 20: parent 1:10 limit 10240p flows 1024 quantum 1514 target 5ms interval 100ms memory_limit 32Mb ecn drop_batch 64 
 Sent 46028291 bytes 30486 pkt (dropped 0, overlimits 0 requeues 0) 
 backlog 4542b 3p requeues 0
  maxpacket 1514 drop_overlimit 0 new_flow_count 110 ecn_mark 239 memory_used 7032
  new_flows_len 0 old_flows_len 2
======================================================================
Timestamp: 2026-04-10 15:57:13
qdisc htb 1: root refcnt 13 r2q 10 default 0x10 direct_packets_stat 0 direct_qlen 1000
 Sent 46911010 bytes 31070 pkt (dropped 0, overlimits 30916 requeues 0) 
 backlog 4542b 3p requeues 0
qdisc fq_codel 20: parent 1:10 limit 10240p flows 1024 quantum 1514 target 5ms interval 100ms memory_limit 32Mb ecn drop_batch 64 
 Sent 46911010 bytes 31070 pkt (dropped 0, overlimits 0 requeues 0) 
 backlog 4542b 3p requeues 0
  maxpacket 1514 drop_overlimit 0 new_flow_count 112 ecn_mark 245 memory_used 7032
  new_flows_len 0 old_flows_len 2
======================================================================
Timestamp: 2026-04-10 15:57:14
qdisc htb 1: root refcnt 13 r2q 10 default 0x10 direct_packets_stat 0 direct_qlen 1000
 Sent 47789513 bytes 31651 pkt (dropped 0, overlimits 31495 requeues 0) 
 backlog 7570b 5p requeues 0
qdisc fq_codel 20: parent 1:10 limit 10240p flows 1024 quantum 1514 target 5ms interval 100ms memory_limit 32Mb ecn drop_batch 64 
 Sent 47789513 bytes 31651 pkt (dropped 0, overlimits 0 requeues 0) 
 backlog 7570b 5p requeues 0
  maxpacket 1514 drop_overlimit 0 new_flow_count 113 ecn_mark 253 memory_used 11720
  new_flows_len 0 old_flows_len 2
======================================================================
Timestamp: 2026-04-10 15:57:15
qdisc htb 1: root refcnt 13 r2q 10 default 0x10 direct_packets_stat 0 direct_qlen 1000
 Sent 48670648 bytes 32233 pkt (dropped 0, overlimits 32077 requeues 0) 
 backlog 7570b 5p requeues 0
qdisc fq_codel 20: parent 1:10 limit 10240p flows 1024 quantum 1514 target 5ms interval 100ms memory_limit 32Mb ecn drop_batch 64 
 Sent 48670648 bytes 32233 pkt (dropped 0, overlimits 0 requeues 0) 
 backlog 7570b 5p requeues 0
  maxpacket 1514 drop_overlimit 0 new_flow_count 118 ecn_mark 259 memory_used 11720
  new_flows_len 0 old_flows_len 2
======================================================================
Timestamp: 2026-04-10 15:57:16
qdisc htb 1: root refcnt 13 r2q 10 default 0x10 direct_packets_stat 0 direct_qlen 1000
 Sent 49544352 bytes 32811 pkt (dropped 0, overlimits 32651 requeues 0) 
 backlog 4542b 3p requeues 0
qdisc fq_codel 20: parent 1:10 limit 10240p flows 1024 quantum 1514 target 5ms interval 100ms memory_limit 32Mb ecn drop_batch 64 
 Sent 49544352 bytes 32811 pkt (dropped 0, overlimits 0 requeues 0) 
 backlog 4542b 3p requeues 0
  maxpacket 1514 drop_overlimit 0 new_flow_count 120 ecn_mark 266 memory_used 7032
  new_flows_len 0 old_flows_len 2
======================================================================
Timestamp: 2026-04-10 15:57:17
qdisc htb 1: root refcnt 13 r2q 10 default 0x10 direct_packets_stat 0 direct_qlen 1000
 Sent 50427001 bytes 33394 pkt (dropped 0, overlimits 33234 requeues 0) 
 backlog 6056b 4p requeues 0
qdisc fq_codel 20: parent 1:10 limit 10240p flows 1024 quantum 1514 target 5ms interval 100ms memory_limit 32Mb ecn drop_batch 64 
 Sent 50427001 bytes 33394 pkt (dropped 0, overlimits 0 requeues 0) 
 backlog 6056b 4p requeues 0
  maxpacket 1514 drop_overlimit 0 new_flow_count 121 ecn_mark 273 memory_used 9376
  new_flows_len 0 old_flows_len 2
======================================================================
Timestamp: 2026-04-10 15:57:18
qdisc htb 1: root refcnt 13 r2q 10 default 0x10 direct_packets_stat 0 direct_qlen 1000
 Sent 51306566 bytes 33976 pkt (dropped 0, overlimits 33813 requeues 0) 
 backlog 7570b 5p requeues 0
qdisc fq_codel 20: parent 1:10 limit 10240p flows 1024 quantum 1514 target 5ms interval 100ms memory_limit 32Mb ecn drop_batch 64 
 Sent 51306566 bytes 33976 pkt (dropped 0, overlimits 0 requeues 0) 
 backlog 7570b 5p requeues 0
  maxpacket 1514 drop_overlimit 0 new_flow_count 122 ecn_mark 279 memory_used 11720
  new_flows_len 0 old_flows_len 2
======================================================================
Timestamp: 2026-04-10 15:57:19
qdisc htb 1: root refcnt 13 r2q 10 default 0x10 direct_packets_stat 0 direct_qlen 1000
 Sent 52189215 bytes 34559 pkt (dropped 0, overlimits 34396 requeues 0) 
 backlog 7570b 5p requeues 0
qdisc fq_codel 20: parent 1:10 limit 10240p flows 1024 quantum 1514 target 5ms interval 100ms memory_limit 32Mb ecn drop_batch 64 
 Sent 52189215 bytes 34559 pkt (dropped 0, overlimits 0 requeues 0) 
 backlog 7570b 5p requeues 0
  maxpacket 1514 drop_overlimit 0 new_flow_count 123 ecn_mark 286 memory_used 11720
  new_flows_len 0 old_flows_len 2
======================================================================
Timestamp: 2026-04-10 15:57:20
qdisc htb 1: root refcnt 13 r2q 10 default 0x10 direct_packets_stat 0 direct_qlen 1000
 Sent 53062878 bytes 35137 pkt (dropped 0, overlimits 34970 requeues 0) 
 backlog 6056b 4p requeues 0
qdisc fq_codel 20: parent 1:10 limit 10240p flows 1024 quantum 1514 target 5ms interval 100ms memory_limit 32Mb ecn drop_batch 64 
 Sent 53062878 bytes 35137 pkt (dropped 0, overlimits 0 requeues 0) 
 backlog 6056b 4p requeues 0
  maxpacket 1514 drop_overlimit 0 new_flow_count 125 ecn_mark 293 memory_used 9376
  new_flows_len 0 old_flows_len 2
======================================================================
Timestamp: 2026-04-10 15:57:21
qdisc htb 1: root refcnt 13 r2q 10 default 0x10 direct_packets_stat 0 direct_qlen 1000
 Sent 53944013 bytes 35719 pkt (dropped 0, overlimits 35552 requeues 0) 
 backlog 9084b 6p requeues 0
qdisc fq_codel 20: parent 1:10 limit 10240p flows 1024 quantum 1514 target 5ms interval 100ms memory_limit 32Mb ecn drop_batch 64 
 Sent 53944013 bytes 35719 pkt (dropped 0, overlimits 0 requeues 0) 
 backlog 9084b 6p requeues 0
  maxpacket 1514 drop_overlimit 0 new_flow_count 126 ecn_mark 299 memory_used 14064
  new_flows_len 0 old_flows_len 2
======================================================================
Timestamp: 2026-04-10 15:57:22
qdisc htb 1: root refcnt 13 r2q 10 default 0x10 direct_packets_stat 0 direct_qlen 1000
 Sent 54819724 bytes 36298 pkt (dropped 0, overlimits 36128 requeues 0) 
 backlog 6056b 4p requeues 0
qdisc fq_codel 20: parent 1:10 limit 10240p flows 1024 quantum 1514 target 5ms interval 100ms memory_limit 32Mb ecn drop_batch 64 
 Sent 54819724 bytes 36298 pkt (dropped 0, overlimits 0 requeues 0) 
 backlog 6056b 4p requeues 0
  maxpacket 1514 drop_overlimit 0 new_flow_count 128 ecn_mark 306 memory_used 9376
  new_flows_len 0 old_flows_len 2
======================================================================
Timestamp: 2026-04-10 15:57:23
qdisc htb 1: root refcnt 13 r2q 10 default 0x10 direct_packets_stat 0 direct_qlen 1000
 Sent 55701100 bytes 36881 pkt (dropped 0, overlimits 36710 requeues 0) 
 backlog 0b 0p requeues 0
qdisc fq_codel 20: parent 1:10 limit 10240p flows 1024 quantum 1514 target 5ms interval 100ms memory_limit 32Mb ecn drop_batch 64 
 Sent 55701100 bytes 36881 pkt (dropped 0, overlimits 0 requeues 0) 
 backlog 0b 0p requeues 0
  maxpacket 1514 drop_overlimit 0 new_flow_count 129 ecn_mark 312
  new_flows_len 0 old_flows_len 1
======================================================================
Timestamp: 2026-04-10 15:57:24
qdisc htb 1: root refcnt 13 r2q 10 default 0x10 direct_packets_stat 0 direct_qlen 1000
 Sent 56578972 bytes 37461 pkt (dropped 0, overlimits 37287 requeues 0) 
 backlog 6056b 4p requeues 0
qdisc fq_codel 20: parent 1:10 limit 10240p flows 1024 quantum 1514 target 5ms interval 100ms memory_limit 32Mb ecn drop_batch 64 
 Sent 56578972 bytes 37461 pkt (dropped 0, overlimits 0 requeues 0) 
 backlog 6056b 4p requeues 0
  maxpacket 1514 drop_overlimit 0 new_flow_count 131 ecn_mark 319 memory_used 9376
  new_flows_len 0 old_flows_len 2
======================================================================
Timestamp: 2026-04-10 15:57:25
qdisc htb 1: root refcnt 13 r2q 10 default 0x10 direct_packets_stat 0 direct_qlen 1000
 Sent 57457226 bytes 38042 pkt (dropped 0, overlimits 37868 requeues 0) 
 backlog 0b 0p requeues 0
qdisc fq_codel 20: parent 1:10 limit 10240p flows 1024 quantum 1514 target 5ms interval 100ms memory_limit 32Mb ecn drop_batch 64 
 Sent 57457226 bytes 38042 pkt (dropped 0, overlimits 0 requeues 0) 
 backlog 0b 0p requeues 0
  maxpacket 1514 drop_overlimit 0 new_flow_count 132 ecn_mark 326
  new_flows_len 0 old_flows_len 1
======================================================================
Timestamp: 2026-04-10 15:57:26
qdisc htb 1: root refcnt 13 r2q 10 default 0x10 direct_packets_stat 0 direct_qlen 1000
 Sent 58333584 bytes 38621 pkt (dropped 0, overlimits 38445 requeues 0) 
 backlog 12112b 8p requeues 0
qdisc fq_codel 20: parent 1:10 limit 10240p flows 1024 quantum 1514 target 5ms interval 100ms memory_limit 32Mb ecn drop_batch 64 
 Sent 58333584 bytes 38621 pkt (dropped 0, overlimits 0 requeues 0) 
 backlog 12112b 8p requeues 0
  maxpacket 1514 drop_overlimit 0 new_flow_count 133 ecn_mark 332 memory_used 18752
  new_flows_len 0 old_flows_len 2
======================================================================
Timestamp: 2026-04-10 15:57:27
qdisc htb 1: root refcnt 13 r2q 10 default 0x10 direct_packets_stat 0 direct_qlen 1000
 Sent 59214719 bytes 39203 pkt (dropped 0, overlimits 39027 requeues 0) 
 backlog 4542b 3p requeues 0
qdisc fq_codel 20: parent 1:10 limit 10240p flows 1024 quantum 1514 target 5ms interval 100ms memory_limit 32Mb ecn drop_batch 64 
 Sent 59214719 bytes 39203 pkt (dropped 0, overlimits 0 requeues 0) 
 backlog 4542b 3p requeues 0
  maxpacket 1514 drop_overlimit 0 new_flow_count 134 ecn_mark 340 memory_used 7032
  new_flows_len 0 old_flows_len 2
======================================================================
Timestamp: 2026-04-10 15:57:28
qdisc htb 1: root refcnt 13 r2q 10 default 0x10 direct_packets_stat 0 direct_qlen 1000
 Sent 60088517 bytes 39781 pkt (dropped 0, overlimits 39600 requeues 0) 
 backlog 10598b 7p requeues 0
qdisc fq_codel 20: parent 1:10 limit 10240p flows 1024 quantum 1514 target 5ms interval 100ms memory_limit 32Mb ecn drop_batch 64 
 Sent 60088517 bytes 39781 pkt (dropped 0, overlimits 0 requeues 0) 
 backlog 10598b 7p requeues 0
  maxpacket 1514 drop_overlimit 0 new_flow_count 136 ecn_mark 347 memory_used 16408
  new_flows_len 0 old_flows_len 2
======================================================================
Timestamp: 2026-04-10 15:57:29
qdisc htb 1: root refcnt 13 r2q 10 default 0x10 direct_packets_stat 0 direct_qlen 1000
 Sent 60966624 bytes 40361 pkt (dropped 0, overlimits 40180 requeues 0) 
 backlog 9084b 6p requeues 0
qdisc fq_codel 20: parent 1:10 limit 10240p flows 1024 quantum 1514 target 5ms interval 100ms memory_limit 32Mb ecn drop_batch 64 
 Sent 60966624 bytes 40361 pkt (dropped 0, overlimits 0 requeues 0) 
 backlog 9084b 6p requeues 0
  maxpacket 1514 drop_overlimit 0 new_flow_count 137 ecn_mark 353 memory_used 14064
  new_flows_len 0 old_flows_len 2
======================================================================
Timestamp: 2026-04-10 15:57:30
qdisc htb 1: root refcnt 13 r2q 10 default 0x10 direct_packets_stat 0 direct_qlen 1000
 Sent 61847859 bytes 40944 pkt (dropped 0, overlimits 40761 requeues 0) 
 backlog 9084b 6p requeues 0
qdisc fq_codel 20: parent 1:10 limit 10240p flows 1024 quantum 1514 target 5ms interval 100ms memory_limit 32Mb ecn drop_batch 64 
 Sent 61847859 bytes 40944 pkt (dropped 0, overlimits 0 requeues 0) 
 backlog 9084b 6p requeues 0
  maxpacket 1514 drop_overlimit 0 new_flow_count 138 ecn_mark 360 memory_used 14064
  new_flows_len 0 old_flows_len 2
======================================================================
Timestamp: 2026-04-10 15:57:31
qdisc htb 1: root refcnt 13 r2q 10 default 0x10 direct_packets_stat 0 direct_qlen 1000
 Sent 62699705 bytes 41507 pkt (dropped 0, overlimits 41309 requeues 0) 
 backlog 13626b 9p requeues 0
qdisc fq_codel 20: parent 1:10 limit 10240p flows 1024 quantum 1514 target 5ms interval 100ms memory_limit 32Mb ecn drop_batch 64 
 Sent 62699705 bytes 41507 pkt (dropped 0, overlimits 0 requeues 0) 
 backlog 13626b 9p requeues 0
  maxpacket 1514 drop_overlimit 0 new_flow_count 140 ecn_mark 365 memory_used 21096
  new_flows_len 0 old_flows_len 2
======================================================================
Timestamp: 2026-04-10 15:57:32
qdisc htb 1: root refcnt 13 r2q 10 default 0x10 direct_packets_stat 0 direct_qlen 1000
 Sent 63582367 bytes 42090 pkt (dropped 0, overlimits 41892 requeues 0) 
 backlog 4542b 3p requeues 0
qdisc fq_codel 20: parent 1:10 limit 10240p flows 1024 quantum 1514 target 5ms interval 100ms memory_limit 32Mb ecn drop_batch 64 
 Sent 63582367 bytes 42090 pkt (dropped 0, overlimits 0 requeues 0) 
 backlog 4542b 3p requeues 0
  maxpacket 1514 drop_overlimit 0 new_flow_count 140 ecn_mark 372 memory_used 7032
  new_flows_len 0 old_flows_len 2
======================================================================
Timestamp: 2026-04-10 15:57:33
qdisc htb 1: root refcnt 13 r2q 10 default 0x10 direct_packets_stat 0 direct_qlen 1000
 Sent 64450915 bytes 42664 pkt (dropped 0, overlimits 42454 requeues 0) 
 backlog 10598b 7p requeues 0
qdisc fq_codel 20: parent 1:10 limit 10240p flows 1024 quantum 1514 target 5ms interval 100ms memory_limit 32Mb ecn drop_batch 64 
 Sent 64450915 bytes 42664 pkt (dropped 0, overlimits 0 requeues 0) 
 backlog 10598b 7p requeues 0
  maxpacket 1514 drop_overlimit 0 new_flow_count 142 ecn_mark 377 memory_used 16408
  new_flows_len 0 old_flows_len 2
======================================================================
Timestamp: 2026-04-10 15:57:34
qdisc htb 1: root refcnt 13 r2q 10 default 0x10 direct_packets_stat 0 direct_qlen 1000
 Sent 65335091 bytes 43248 pkt (dropped 0, overlimits 43038 requeues 0) 
 backlog 7570b 5p requeues 0
qdisc fq_codel 20: parent 1:10 limit 10240p flows 1024 quantum 1514 target 5ms interval 100ms memory_limit 32Mb ecn drop_batch 64 
 Sent 65335091 bytes 43248 pkt (dropped 0, overlimits 0 requeues 0) 
 backlog 7570b 5p requeues 0
  maxpacket 1514 drop_overlimit 0 new_flow_count 142 ecn_mark 385 memory_used 11720
  new_flows_len 0 old_flows_len 2
======================================================================
Timestamp: 2026-04-10 15:57:35
qdisc htb 1: root refcnt 13 r2q 10 default 0x10 direct_packets_stat 0 direct_qlen 1000
 Sent 66175723 bytes 43804 pkt (dropped 0, overlimits 43576 requeues 0) 
 backlog 10598b 7p requeues 0
qdisc fq_codel 20: parent 1:10 limit 10240p flows 1024 quantum 1514 target 5ms interval 100ms memory_limit 32Mb ecn drop_batch 64 
 Sent 66175723 bytes 43804 pkt (dropped 0, overlimits 0 requeues 0) 
 backlog 10598b 7p requeues 0
  maxpacket 1514 drop_overlimit 0 new_flow_count 144 ecn_mark 390 memory_used 16408
  new_flows_len 0 old_flows_len 2
======================================================================
Timestamp: 2026-04-10 15:57:36
qdisc htb 1: root refcnt 13 r2q 10 default 0x10 direct_packets_stat 0 direct_qlen 1000
 Sent 67059899 bytes 44388 pkt (dropped 0, overlimits 44160 requeues 0) 
 backlog 7570b 5p requeues 0
qdisc fq_codel 20: parent 1:10 limit 10240p flows 1024 quantum 1514 target 5ms interval 100ms memory_limit 32Mb ecn drop_batch 64 
 Sent 67059899 bytes 44388 pkt (dropped 0, overlimits 0 requeues 0) 
 backlog 7570b 5p requeues 0
  maxpacket 1514 drop_overlimit 0 new_flow_count 144 ecn_mark 397 memory_used 11720
  new_flows_len 0 old_flows_len 2
======================================================================
Timestamp: 2026-04-10 15:57:37
qdisc htb 1: root refcnt 13 r2q 10 default 0x10 direct_packets_stat 0 direct_qlen 1000
 Sent 67941034 bytes 44970 pkt (dropped 0, overlimits 44742 requeues 0) 
 backlog 9084b 6p requeues 0
qdisc fq_codel 20: parent 1:10 limit 10240p flows 1024 quantum 1514 target 5ms interval 100ms memory_limit 32Mb ecn drop_batch 64 
 Sent 67941034 bytes 44970 pkt (dropped 0, overlimits 0 requeues 0) 
 backlog 9084b 6p requeues 0
  maxpacket 1514 drop_overlimit 0 new_flow_count 145 ecn_mark 404 memory_used 14064
  new_flows_len 0 old_flows_len 2
======================================================================
Timestamp: 2026-04-10 15:57:38
qdisc htb 1: root refcnt 13 r2q 10 default 0x10 direct_packets_stat 0 direct_qlen 1000
 Sent 68822242 bytes 45554 pkt (dropped 0, overlimits 45324 requeues 0) 
 backlog 10598b 7p requeues 0
qdisc fq_codel 20: parent 1:10 limit 10240p flows 1024 quantum 1514 target 5ms interval 100ms memory_limit 32Mb ecn drop_batch 64 
 Sent 68822242 bytes 45554 pkt (dropped 0, overlimits 0 requeues 0) 
 backlog 10598b 7p requeues 0
  maxpacket 1514 drop_overlimit 0 new_flow_count 147 ecn_mark 410 memory_used 16408
  new_flows_len 0 old_flows_len 2
======================================================================
Timestamp: 2026-04-10 15:57:39
qdisc htb 1: root refcnt 13 r2q 10 default 0x10 direct_packets_stat 0 direct_qlen 1000
 Sent 69698393 bytes 46133 pkt (dropped 0, overlimits 45895 requeues 0) 
 backlog 12112b 8p requeues 0
qdisc fq_codel 20: parent 1:10 limit 10240p flows 1024 quantum 1514 target 5ms interval 100ms memory_limit 32Mb ecn drop_batch 64 
 Sent 69698393 bytes 46133 pkt (dropped 0, overlimits 0 requeues 0) 
 backlog 12112b 8p requeues 0
  maxpacket 1514 drop_overlimit 0 new_flow_count 149 ecn_mark 415 memory_used 18752
  new_flows_len 0 old_flows_len 2
======================================================================
Timestamp: 2026-04-10 15:57:40
qdisc htb 1: root refcnt 13 r2q 10 default 0x10 direct_packets_stat 0 direct_qlen 1000
 Sent 70582569 bytes 46717 pkt (dropped 0, overlimits 46479 requeues 0) 
 backlog 9084b 6p requeues 0
qdisc fq_codel 20: parent 1:10 limit 10240p flows 1024 quantum 1514 target 5ms interval 100ms memory_limit 32Mb ecn drop_batch 64 
 Sent 70582569 bytes 46717 pkt (dropped 0, overlimits 0 requeues 0) 
 backlog 9084b 6p requeues 0
  maxpacket 1514 drop_overlimit 0 new_flow_count 155 ecn_mark 423 memory_used 14064
  new_flows_len 0 old_flows_len 2
======================================================================
Timestamp: 2026-04-10 15:57:42
qdisc htb 1: root refcnt 13 r2q 10 default 0x10 direct_packets_stat 0 direct_qlen 1000
 Sent 71416660 bytes 47269 pkt (dropped 0, overlimits 47008 requeues 0) 
 backlog 10598b 7p requeues 0
qdisc fq_codel 20: parent 1:10 limit 10240p flows 1024 quantum 1514 target 5ms interval 100ms memory_limit 32Mb ecn drop_batch 64 
 Sent 71416660 bytes 47269 pkt (dropped 0, overlimits 0 requeues 0) 
 backlog 10598b 7p requeues 0
  maxpacket 1514 drop_overlimit 0 new_flow_count 157 ecn_mark 428 memory_used 16408
  new_flows_len 0 old_flows_len 2
======================================================================
Timestamp: 2026-04-10 15:57:43
qdisc htb 1: root refcnt 13 r2q 10 default 0x10 direct_packets_stat 0 direct_qlen 1000
 Sent 72299322 bytes 47852 pkt (dropped 0, overlimits 47591 requeues 0) 
 backlog 9084b 6p requeues 0
qdisc fq_codel 20: parent 1:10 limit 10240p flows 1024 quantum 1514 target 5ms interval 100ms memory_limit 32Mb ecn drop_batch 64 
 Sent 72299322 bytes 47852 pkt (dropped 0, overlimits 0 requeues 0) 
 backlog 9084b 6p requeues 0
  maxpacket 1514 drop_overlimit 0 new_flow_count 157 ecn_mark 435 memory_used 14064
  new_flows_len 0 old_flows_len 2
======================================================================
Timestamp: 2026-04-10 15:57:44
qdisc htb 1: root refcnt 13 r2q 10 default 0x10 direct_packets_stat 0 direct_qlen 1000
 Sent 73163475 bytes 48423 pkt (dropped 0, overlimits 48156 requeues 0) 
 backlog 10598b 7p requeues 0
qdisc fq_codel 20: parent 1:10 limit 10240p flows 1024 quantum 1514 target 5ms interval 100ms memory_limit 32Mb ecn drop_batch 64 
 Sent 73163475 bytes 48423 pkt (dropped 0, overlimits 0 requeues 0) 
 backlog 10598b 7p requeues 0
  maxpacket 1514 drop_overlimit 0 new_flow_count 159 ecn_mark 441 memory_used 16408
  new_flows_len 0 old_flows_len 2
======================================================================
Timestamp: 2026-04-10 15:57:45
qdisc htb 1: root refcnt 13 r2q 10 default 0x10 direct_packets_stat 0 direct_qlen 1000
 Sent 74041595 bytes 49003 pkt (dropped 0, overlimits 48736 requeues 0) 
 backlog 4542b 3p requeues 0
qdisc fq_codel 20: parent 1:10 limit 10240p flows 1024 quantum 1514 target 5ms interval 100ms memory_limit 32Mb ecn drop_batch 64 
 Sent 74041595 bytes 49003 pkt (dropped 0, overlimits 0 requeues 0) 
 backlog 4542b 3p requeues 0
  maxpacket 1514 drop_overlimit 0 new_flow_count 159 ecn_mark 449 memory_used 7032
  new_flows_len 0 old_flows_len 2
======================================================================
Timestamp: 2026-04-10 15:57:46
qdisc htb 1: root refcnt 13 r2q 10 default 0x10 direct_packets_stat 0 direct_qlen 1000
 Sent 74893382 bytes 49566 pkt (dropped 0, overlimits 49283 requeues 0) 
 backlog 9084b 6p requeues 0
qdisc fq_codel 20: parent 1:10 limit 10240p flows 1024 quantum 1514 target 5ms interval 100ms memory_limit 32Mb ecn drop_batch 64 
 Sent 74893382 bytes 49566 pkt (dropped 0, overlimits 0 requeues 0) 
 backlog 9084b 6p requeues 0
  maxpacket 1514 drop_overlimit 0 new_flow_count 161 ecn_mark 455 memory_used 14064
  new_flows_len 0 old_flows_len 2
======================================================================
Timestamp: 2026-04-10 15:57:47
qdisc htb 1: root refcnt 13 r2q 10 default 0x10 direct_packets_stat 0 direct_qlen 1000
 Sent 75774530 bytes 50148 pkt (dropped 0, overlimits 49865 requeues 0) 
 backlog 10598b 7p requeues 0
qdisc fq_codel 20: parent 1:10 limit 10240p flows 1024 quantum 1514 target 5ms interval 100ms memory_limit 32Mb ecn drop_batch 64 
 Sent 75774530 bytes 50148 pkt (dropped 0, overlimits 0 requeues 0) 
 backlog 10598b 7p requeues 0
  maxpacket 1514 drop_overlimit 0 new_flow_count 161 ecn_mark 462 memory_used 16408
  new_flows_len 0 old_flows_len 2
======================================================================
Timestamp: 2026-04-10 15:57:48
qdisc htb 1: root refcnt 13 r2q 10 default 0x10 direct_packets_stat 0 direct_qlen 1000
 Sent 76648585 bytes 50726 pkt (dropped 0, overlimits 50428 requeues 0) 
 backlog 13626b 9p requeues 0
qdisc fq_codel 20: parent 1:10 limit 10240p flows 1024 quantum 1514 target 5ms interval 100ms memory_limit 32Mb ecn drop_batch 64 
 Sent 76648585 bytes 50726 pkt (dropped 0, overlimits 0 requeues 0) 
 backlog 13626b 9p requeues 0
  maxpacket 1514 drop_overlimit 0 new_flow_count 163 ecn_mark 468 memory_used 21096
  new_flows_len 0 old_flows_len 2
======================================================================
Timestamp: 2026-04-10 15:57:49
qdisc htb 1: root refcnt 13 r2q 10 default 0x10 direct_packets_stat 0 direct_qlen 1000
 Sent 77532761 bytes 51310 pkt (dropped 0, overlimits 51012 requeues 0) 
 backlog 6056b 4p requeues 0
qdisc fq_codel 20: parent 1:10 limit 10240p flows 1024 quantum 1514 target 5ms interval 100ms memory_limit 32Mb ecn drop_batch 64 
 Sent 77532761 bytes 51310 pkt (dropped 0, overlimits 0 requeues 0) 
 backlog 6056b 4p requeues 0
  maxpacket 1514 drop_overlimit 0 new_flow_count 163 ecn_mark 475 memory_used 9376
  new_flows_len 0 old_flows_len 2
======================================================================
Timestamp: 2026-04-10 15:57:50
qdisc htb 1: root refcnt 13 r2q 10 default 0x10 direct_packets_stat 0 direct_qlen 1000
 Sent 78396243 bytes 51881 pkt (dropped 0, overlimits 51571 requeues 0) 
 backlog 7322b 5p requeues 0
qdisc fq_codel 20: parent 1:10 limit 10240p flows 1024 quantum 1514 target 5ms interval 100ms memory_limit 32Mb ecn drop_batch 64 
 Sent 78396243 bytes 51881 pkt (dropped 0, overlimits 0 requeues 0) 
 backlog 7322b 5p requeues 0
  maxpacket 1514 drop_overlimit 0 new_flow_count 165 ecn_mark 481 memory_used 11472
  new_flows_len 1 old_flows_len 1
======================================================================
Timestamp: 2026-04-10 15:57:51
qdisc htb 1: root refcnt 13 r2q 10 default 0x10 direct_packets_stat 0 direct_qlen 1000
 Sent 79281685 bytes 52466 pkt (dropped 0, overlimits 52156 requeues 0) 
 backlog 4542b 3p requeues 0
qdisc fq_codel 20: parent 1:10 limit 10240p flows 1024 quantum 1514 target 5ms interval 100ms memory_limit 32Mb ecn drop_batch 64 
 Sent 79281685 bytes 52466 pkt (dropped 0, overlimits 0 requeues 0) 
 backlog 4542b 3p requeues 0
  maxpacket 1514 drop_overlimit 0 new_flow_count 165 ecn_mark 489 memory_used 7032
  new_flows_len 0 old_flows_len 2
======================================================================
Timestamp: 2026-04-10 15:57:52
qdisc htb 1: root refcnt 13 r2q 10 default 0x10 direct_packets_stat 0 direct_qlen 1000
 Sent 80137676 bytes 53032 pkt (dropped 0, overlimits 52708 requeues 0) 
 backlog 0b 0p requeues 0
qdisc fq_codel 20: parent 1:10 limit 10240p flows 1024 quantum 1514 target 5ms interval 100ms memory_limit 32Mb ecn drop_batch 64 
 Sent 80137676 bytes 53032 pkt (dropped 0, overlimits 0 requeues 0) 
 backlog 0b 0p requeues 0
  maxpacket 1514 drop_overlimit 0 new_flow_count 166 ecn_mark 494
  new_flows_len 0 old_flows_len 1
======================================================================
Timestamp: 2026-04-10 15:57:53
qdisc htb 1: root refcnt 13 r2q 10 default 0x10 direct_packets_stat 0 direct_qlen 1000
 Sent 81021670 bytes 53617 pkt (dropped 0, overlimits 53292 requeues 0) 
 backlog 7570b 5p requeues 0
qdisc fq_codel 20: parent 1:10 limit 10240p flows 1024 quantum 1514 target 5ms interval 100ms memory_limit 32Mb ecn drop_batch 64 
 Sent 81021670 bytes 53617 pkt (dropped 0, overlimits 0 requeues 0) 
 backlog 7570b 5p requeues 0
  maxpacket 1514 drop_overlimit 0 new_flow_count 168 ecn_mark 502 memory_used 11720
  new_flows_len 0 old_flows_len 2
======================================================================
Timestamp: 2026-04-10 15:57:54
qdisc htb 1: root refcnt 13 r2q 10 default 0x10 direct_packets_stat 0 direct_qlen 1000
 Sent 81908214 bytes 54203 pkt (dropped 0, overlimits 53878 requeues 0) 
 backlog 1514b 1p requeues 0
qdisc fq_codel 20: parent 1:10 limit 10240p flows 1024 quantum 1514 target 5ms interval 100ms memory_limit 32Mb ecn drop_batch 64 
 Sent 81908214 bytes 54203 pkt (dropped 0, overlimits 0 requeues 0) 
 backlog 1514b 1p requeues 0
  maxpacket 1514 drop_overlimit 0 new_flow_count 169 ecn_mark 509 memory_used 2344
  new_flows_len 0 old_flows_len 1
======================================================================
Timestamp: 2026-04-10 15:57:55
qdisc htb 1: root refcnt 13 r2q 10 default 0x10 direct_packets_stat 0 direct_qlen 1000
 Sent 82792142 bytes 54787 pkt (dropped 0, overlimits 54459 requeues 0) 
 backlog 7570b 5p requeues 0
qdisc fq_codel 20: parent 1:10 limit 10240p flows 1024 quantum 1514 target 5ms interval 100ms memory_limit 32Mb ecn drop_batch 64 
 Sent 82792142 bytes 54787 pkt (dropped 0, overlimits 0 requeues 0) 
 backlog 7570b 5p requeues 0
  maxpacket 1514 drop_overlimit 0 new_flow_count 172 ecn_mark 516 memory_used 11720
  new_flows_len 0 old_flows_len 2
======================================================================
Timestamp: 2026-04-10 15:57:56
qdisc htb 1: root refcnt 13 r2q 10 default 0x10 direct_packets_stat 0 direct_qlen 1000
 Sent 83676557 bytes 55372 pkt (dropped 0, overlimits 55044 requeues 0) 
 backlog 1514b 1p requeues 0
qdisc fq_codel 20: parent 1:10 limit 10240p flows 1024 quantum 1514 target 5ms interval 100ms memory_limit 32Mb ecn drop_batch 64 
 Sent 83676557 bytes 55372 pkt (dropped 0, overlimits 0 requeues 0) 
 backlog 1514b 1p requeues 0
  maxpacket 1514 drop_overlimit 0 new_flow_count 173 ecn_mark 522 memory_used 2344
  new_flows_len 0 old_flows_len 1
======================================================================
Timestamp: 2026-04-10 15:57:57
qdisc htb 1: root refcnt 13 r2q 10 default 0x10 direct_packets_stat 0 direct_qlen 1000
 Sent 84558971 bytes 55955 pkt (dropped 0, overlimits 55625 requeues 0) 
 backlog 9084b 6p requeues 0
qdisc fq_codel 20: parent 1:10 limit 10240p flows 1024 quantum 1514 target 5ms interval 100ms memory_limit 32Mb ecn drop_batch 64 
 Sent 84558971 bytes 55955 pkt (dropped 0, overlimits 0 requeues 0) 
 backlog 9084b 6p requeues 0
  maxpacket 1514 drop_overlimit 0 new_flow_count 174 ecn_mark 531 memory_used 14064
  new_flows_len 0 old_flows_len 2
======================================================================
Timestamp: 2026-04-10 15:57:58
qdisc htb 1: root refcnt 13 r2q 10 default 0x10 direct_packets_stat 0 direct_qlen 1000
 Sent 85440119 bytes 56537 pkt (dropped 0, overlimits 56207 requeues 0) 
 backlog 4542b 3p requeues 0
qdisc fq_codel 20: parent 1:10 limit 10240p flows 1024 quantum 1514 target 5ms interval 100ms memory_limit 32Mb ecn drop_batch 64 
 Sent 85440119 bytes 56537 pkt (dropped 0, overlimits 0 requeues 0) 
 backlog 4542b 3p requeues 0
  maxpacket 1514 drop_overlimit 0 new_flow_count 174 ecn_mark 539 memory_used 7032
  new_flows_len 0 old_flows_len 2
======================================================================
Timestamp: 2026-04-10 15:57:59
qdisc htb 1: root refcnt 13 r2q 10 default 0x10 direct_packets_stat 0 direct_qlen 1000
 Sent 86315416 bytes 57116 pkt (dropped 0, overlimits 56783 requeues 0) 
 backlog 4542b 3p requeues 0
qdisc fq_codel 20: parent 1:10 limit 10240p flows 1024 quantum 1514 target 5ms interval 100ms memory_limit 32Mb ecn drop_batch 64 
 Sent 86315416 bytes 57116 pkt (dropped 0, overlimits 0 requeues 0) 
 backlog 4542b 3p requeues 0
  maxpacket 1514 drop_overlimit 0 new_flow_count 176 ecn_mark 545 memory_used 7032
  new_flows_len 0 old_flows_len 2
======================================================================
Timestamp: 2026-04-10 15:58:00
qdisc htb 1: root refcnt 13 r2q 10 default 0x10 direct_packets_stat 0 direct_qlen 1000
 Sent 87201106 bytes 57701 pkt (dropped 0, overlimits 57368 requeues 0) 
 backlog 7570b 5p requeues 0
qdisc fq_codel 20: parent 1:10 limit 10240p flows 1024 quantum 1514 target 5ms interval 100ms memory_limit 32Mb ecn drop_batch 64 
 Sent 87201106 bytes 57701 pkt (dropped 0, overlimits 0 requeues 0) 
 backlog 7570b 5p requeues 0
  maxpacket 1514 drop_overlimit 0 new_flow_count 176 ecn_mark 552 memory_used 11720
  new_flows_len 0 old_flows_len 2
======================================================================
Timestamp: 2026-04-10 15:58:01
qdisc htb 1: root refcnt 13 r2q 10 default 0x10 direct_packets_stat 0 direct_qlen 1000
 Sent 88077556 bytes 58281 pkt (dropped 0, overlimits 57945 requeues 0) 
 backlog 4542b 3p requeues 0
qdisc fq_codel 20: parent 1:10 limit 10240p flows 1024 quantum 1514 target 5ms interval 100ms memory_limit 32Mb ecn drop_batch 64 
 Sent 88077556 bytes 58281 pkt (dropped 0, overlimits 0 requeues 0) 
 backlog 4542b 3p requeues 0
  maxpacket 1514 drop_overlimit 0 new_flow_count 179 ecn_mark 559 memory_used 7032
  new_flows_len 0 old_flows_len 2
======================================================================
Timestamp: 2026-04-10 15:58:02
qdisc htb 1: root refcnt 13 r2q 10 default 0x10 direct_packets_stat 0 direct_qlen 1000
 Sent 88961732 bytes 58865 pkt (dropped 0, overlimits 58529 requeues 0) 
 backlog 10598b 7p requeues 0
qdisc fq_codel 20: parent 1:10 limit 10240p flows 1024 quantum 1514 target 5ms interval 100ms memory_limit 32Mb ecn drop_batch 64 
 Sent 88961732 bytes 58865 pkt (dropped 0, overlimits 0 requeues 0) 
 backlog 10598b 7p requeues 0
  maxpacket 1514 drop_overlimit 0 new_flow_count 179 ecn_mark 565 memory_used 16408
  new_flows_len 0 old_flows_len 2
======================================================================
Timestamp: 2026-04-10 15:58:03
qdisc htb 1: root refcnt 13 r2q 10 default 0x10 direct_packets_stat 0 direct_qlen 1000
 Sent 89818983 bytes 59433 pkt (dropped 0, overlimits 59080 requeues 0) 
 backlog 0b 0p requeues 0
qdisc fq_codel 20: parent 1:10 limit 10240p flows 1024 quantum 1514 target 5ms interval 100ms memory_limit 32Mb ecn drop_batch 64 
 Sent 89818983 bytes 59433 pkt (dropped 0, overlimits 0 requeues 0) 
 backlog 0b 0p requeues 0
  maxpacket 1514 drop_overlimit 0 new_flow_count 181 ecn_mark 571
  new_flows_len 0 old_flows_len 1
======================================================================
Timestamp: 2026-04-10 15:58:04
qdisc htb 1: root refcnt 13 r2q 10 default 0x10 direct_packets_stat 0 direct_qlen 1000
 Sent 90700131 bytes 60015 pkt (dropped 0, overlimits 59662 requeues 0) 
 backlog 6056b 4p requeues 0
qdisc fq_codel 20: parent 1:10 limit 10240p flows 1024 quantum 1514 target 5ms interval 100ms memory_limit 32Mb ecn drop_batch 64 
 Sent 90700131 bytes 60015 pkt (dropped 0, overlimits 0 requeues 0) 
 backlog 6056b 4p requeues 0
  maxpacket 1514 drop_overlimit 0 new_flow_count 181 ecn_mark 572 memory_used 9376
  new_flows_len 0 old_flows_len 1
======================================================================
Timestamp: 2026-04-10 15:58:05
qdisc htb 1: root refcnt 13 r2q 10 default 0x10 direct_packets_stat 0 direct_qlen 1000
 Sent 91556481 bytes 60581 pkt (dropped 0, overlimits 60210 requeues 0) 
 backlog 0b 0p requeues 0
qdisc fq_codel 20: parent 1:10 limit 10240p flows 1024 quantum 1514 target 5ms interval 100ms memory_limit 32Mb ecn drop_batch 64 
 Sent 91556481 bytes 60581 pkt (dropped 0, overlimits 0 requeues 0) 
 backlog 0b 0p requeues 0
  maxpacket 1514 drop_overlimit 0 new_flow_count 183 ecn_mark 579
  new_flows_len 0 old_flows_len 1
======================================================================
Timestamp: 2026-04-10 15:58:06
qdisc htb 1: root refcnt 13 r2q 10 default 0x10 direct_packets_stat 0 direct_qlen 1000
 Sent 92439143 bytes 61164 pkt (dropped 0, overlimits 60792 requeues 0) 
 backlog 7570b 5p requeues 0
qdisc fq_codel 20: parent 1:10 limit 10240p flows 1024 quantum 1514 target 5ms interval 100ms memory_limit 32Mb ecn drop_batch 64 
 Sent 92439143 bytes 61164 pkt (dropped 0, overlimits 0 requeues 0) 
 backlog 7570b 5p requeues 0
  maxpacket 1514 drop_overlimit 0 new_flow_count 183 ecn_mark 579 memory_used 11720
  new_flows_len 0 old_flows_len 1
======================================================================
Timestamp: 2026-04-10 15:58:07
qdisc htb 1: root refcnt 13 r2q 10 default 0x10 direct_packets_stat 0 direct_qlen 1000
 Sent 93323100 bytes 61749 pkt (dropped 0, overlimits 61377 requeues 0) 
 backlog 3028b 2p requeues 0
qdisc fq_codel 20: parent 1:10 limit 10240p flows 1024 quantum 1514 target 5ms interval 100ms memory_limit 32Mb ecn drop_batch 64 
 Sent 93323100 bytes 61749 pkt (dropped 0, overlimits 0 requeues 0) 
 backlog 3028b 2p requeues 0
  maxpacket 1514 drop_overlimit 0 new_flow_count 192 ecn_mark 586 memory_used 4688
  new_flows_len 0 old_flows_len 2
======================================================================
Timestamp: 2026-04-10 15:58:08
qdisc htb 1: root refcnt 13 r2q 10 default 0x10 direct_packets_stat 0 direct_qlen 1000
 Sent 94203116 bytes 62331 pkt (dropped 0, overlimits 61959 requeues 0) 
 backlog 6056b 4p requeues 0
qdisc fq_codel 20: parent 1:10 limit 10240p flows 1024 quantum 1514 target 5ms interval 100ms memory_limit 32Mb ecn drop_batch 64 
 Sent 94203116 bytes 62331 pkt (dropped 0, overlimits 0 requeues 0) 
 backlog 6056b 4p requeues 0
  maxpacket 1514 drop_overlimit 0 new_flow_count 192 ecn_mark 593 memory_used 9376
  new_flows_len 0 old_flows_len 1
======================================================================
Timestamp: 2026-04-10 15:58:09
qdisc htb 1: root refcnt 13 r2q 10 default 0x10 direct_packets_stat 0 direct_qlen 1000
 Sent 95077947 bytes 62909 pkt (dropped 0, overlimits 62525 requeues 0) 
 backlog 7570b 5p requeues 0
qdisc fq_codel 20: parent 1:10 limit 10240p flows 1024 quantum 1514 target 5ms interval 100ms memory_limit 32Mb ecn drop_batch 64 
 Sent 95077947 bytes 62909 pkt (dropped 0, overlimits 0 requeues 0) 
 backlog 7570b 5p requeues 0
  maxpacket 1514 drop_overlimit 0 new_flow_count 194 ecn_mark 600 memory_used 11720
  new_flows_len 0 old_flows_len 2
======================================================================
Timestamp: 2026-04-10 15:58:10
qdisc htb 1: root refcnt 13 r2q 10 default 0x10 direct_packets_stat 0 direct_qlen 1000
 Sent 95960609 bytes 63492 pkt (dropped 0, overlimits 63108 requeues 0) 
 backlog 7570b 5p requeues 0
qdisc fq_codel 20: parent 1:10 limit 10240p flows 1024 quantum 1514 target 5ms interval 100ms memory_limit 32Mb ecn drop_batch 64 
 Sent 95960609 bytes 63492 pkt (dropped 0, overlimits 0 requeues 0) 
 backlog 7570b 5p requeues 0
  maxpacket 1514 drop_overlimit 0 new_flow_count 194 ecn_mark 606 memory_used 11720
  new_flows_len 0 old_flows_len 2
======================================================================
Timestamp: 2026-04-10 15:58:11
qdisc htb 1: root refcnt 13 r2q 10 default 0x10 direct_packets_stat 0 direct_qlen 1000
 Sent 96830025 bytes 64068 pkt (dropped 0, overlimits 63675 requeues 0) 
 backlog 9084b 6p requeues 0
qdisc fq_codel 20: parent 1:10 limit 10240p flows 1024 quantum 1514 target 5ms interval 100ms memory_limit 32Mb ecn drop_batch 64 
 Sent 96830025 bytes 64068 pkt (dropped 0, overlimits 0 requeues 0) 
 backlog 9084b 6p requeues 0
  maxpacket 1514 drop_overlimit 0 new_flow_count 197 ecn_mark 614 memory_used 14064
  new_flows_len 0 old_flows_len 2
======================================================================
Timestamp: 2026-04-10 15:58:12
qdisc htb 1: root refcnt 13 r2q 10 default 0x10 direct_packets_stat 0 direct_qlen 1000
 Sent 97711173 bytes 64650 pkt (dropped 0, overlimits 64257 requeues 0) 
 backlog 6056b 4p requeues 0
qdisc fq_codel 20: parent 1:10 limit 10240p flows 1024 quantum 1514 target 5ms interval 100ms memory_limit 32Mb ecn drop_batch 64 
 Sent 97711173 bytes 64650 pkt (dropped 0, overlimits 0 requeues 0) 
 backlog 6056b 4p requeues 0
  maxpacket 1514 drop_overlimit 0 new_flow_count 197 ecn_mark 620 memory_used 9376
  new_flows_len 0 old_flows_len 2
======================================================================
Timestamp: 2026-04-10 15:58:13
qdisc htb 1: root refcnt 13 r2q 10 default 0x10 direct_packets_stat 0 direct_qlen 1000
 Sent 98590008 bytes 65231 pkt (dropped 0, overlimits 64837 requeues 0) 
 backlog 12112b 8p requeues 0
qdisc fq_codel 20: parent 1:10 limit 10240p flows 1024 quantum 1514 target 5ms interval 100ms memory_limit 32Mb ecn drop_batch 64 
 Sent 98590008 bytes 65231 pkt (dropped 0, overlimits 0 requeues 0) 
 backlog 12112b 8p requeues 0
  maxpacket 1514 drop_overlimit 0 new_flow_count 199 ecn_mark 627 memory_used 18752
  new_flows_len 0 old_flows_len 2
======================================================================
Timestamp: 2026-04-10 15:58:14
qdisc htb 1: root refcnt 13 r2q 10 default 0x10 direct_packets_stat 0 direct_qlen 1000
 Sent 99469642 bytes 65812 pkt (dropped 0, overlimits 65418 requeues 0) 
 backlog 5758b 4p requeues 0
qdisc fq_codel 20: parent 1:10 limit 10240p flows 1024 quantum 1514 target 5ms interval 100ms memory_limit 32Mb ecn drop_batch 64 
 Sent 99469642 bytes 65812 pkt (dropped 0, overlimits 0 requeues 0) 
 backlog 5758b 4p requeues 0
  maxpacket 1514 drop_overlimit 0 new_flow_count 199 ecn_mark 634 memory_used 9078
  new_flows_len 0 old_flows_len 2
======================================================================
Timestamp: 2026-04-10 15:58:15
qdisc htb 1: root refcnt 13 r2q 10 default 0x10 direct_packets_stat 0 direct_qlen 1000
 Sent 100322979 bytes 66376 pkt (dropped 0, overlimits 65968 requeues 0) 
 backlog 7570b 5p requeues 0
qdisc fq_codel 20: parent 1:10 limit 10240p flows 1024 quantum 1514 target 5ms interval 100ms memory_limit 32Mb ecn drop_batch 64 
 Sent 100322979 bytes 66376 pkt (dropped 0, overlimits 0 requeues 0) 
 backlog 7570b 5p requeues 0
  maxpacket 1514 drop_overlimit 0 new_flow_count 201 ecn_mark 640 memory_used 11720
  new_flows_len 0 old_flows_len 2
======================================================================
Timestamp: 2026-04-10 15:58:16
qdisc htb 1: root refcnt 13 r2q 10 default 0x10 direct_packets_stat 0 direct_qlen 1000
 Sent 101208669 bytes 66961 pkt (dropped 0, overlimits 66553 requeues 0) 
 backlog 6056b 4p requeues 0
qdisc fq_codel 20: parent 1:10 limit 10240p flows 1024 quantum 1514 target 5ms interval 100ms memory_limit 32Mb ecn drop_batch 64 
 Sent 101208669 bytes 66961 pkt (dropped 0, overlimits 0 requeues 0) 
 backlog 6056b 4p requeues 0
  maxpacket 1514 drop_overlimit 0 new_flow_count 201 ecn_mark 648 memory_used 9376
  new_flows_len 0 old_flows_len 2
======================================================================
Timestamp: 2026-04-10 15:58:17
qdisc htb 1: root refcnt 13 r2q 10 default 0x10 direct_packets_stat 0 direct_qlen 1000
 Sent 102077427 bytes 67535 pkt (dropped 0, overlimits 67115 requeues 0) 
 backlog 3028b 2p requeues 0
qdisc fq_codel 20: parent 1:10 limit 10240p flows 1024 quantum 1514 target 5ms interval 100ms memory_limit 32Mb ecn drop_batch 64 
 Sent 102077427 bytes 67535 pkt (dropped 0, overlimits 0 requeues 0) 
 backlog 3028b 2p requeues 0
  maxpacket 1514 drop_overlimit 0 new_flow_count 203 ecn_mark 654 memory_used 4688
  new_flows_len 0 old_flows_len 2
======================================================================
Timestamp: 2026-04-10 15:58:18
qdisc htb 1: root refcnt 13 r2q 10 default 0x10 direct_packets_stat 0 direct_qlen 1000
 Sent 102960089 bytes 68118 pkt (dropped 0, overlimits 67698 requeues 0) 
 backlog 10598b 7p requeues 0
qdisc fq_codel 20: parent 1:10 limit 10240p flows 1024 quantum 1514 target 5ms interval 100ms memory_limit 32Mb ecn drop_batch 64 
 Sent 102960089 bytes 68118 pkt (dropped 0, overlimits 0 requeues 0) 
 backlog 10598b 7p requeues 0
  maxpacket 1514 drop_overlimit 0 new_flow_count 203 ecn_mark 660 memory_used 16408
  new_flows_len 0 old_flows_len 2
======================================================================
Timestamp: 2026-04-10 15:58:19
qdisc htb 1: root refcnt 13 r2q 10 default 0x10 direct_packets_stat 0 direct_qlen 1000
 Sent 103834669 bytes 68697 pkt (dropped 0, overlimits 68269 requeues 0) 
 backlog 9084b 6p requeues 0
qdisc fq_codel 20: parent 1:10 limit 10240p flows 1024 quantum 1514 target 5ms interval 100ms memory_limit 32Mb ecn drop_batch 64 
 Sent 103834669 bytes 68697 pkt (dropped 0, overlimits 0 requeues 0) 
 backlog 9084b 6p requeues 0
  maxpacket 1514 drop_overlimit 0 new_flow_count 206 ecn_mark 667 memory_used 14064
  new_flows_len 0 old_flows_len 2
======================================================================
Timestamp: 2026-04-10 15:58:20
qdisc htb 1: root refcnt 13 r2q 10 default 0x10 direct_packets_stat 0 direct_qlen 1000
 Sent 104717331 bytes 69280 pkt (dropped 0, overlimits 68852 requeues 0) 
 backlog 7570b 5p requeues 0
qdisc fq_codel 20: parent 1:10 limit 10240p flows 1024 quantum 1514 target 5ms interval 100ms memory_limit 32Mb ecn drop_batch 64 
 Sent 104717331 bytes 69280 pkt (dropped 0, overlimits 0 requeues 0) 
 backlog 7570b 5p requeues 0
  maxpacket 1514 drop_overlimit 0 new_flow_count 206 ecn_mark 674 memory_used 11720
  new_flows_len 0 old_flows_len 2
======================================================================
Timestamp: 2026-04-10 15:58:21
qdisc htb 1: root refcnt 13 r2q 10 default 0x10 direct_packets_stat 0 direct_qlen 1000
 Sent 105595040 bytes 69861 pkt (dropped 0, overlimits 69430 requeues 0) 
 backlog 10598b 7p requeues 0
qdisc fq_codel 20: parent 1:10 limit 10240p flows 1024 quantum 1514 target 5ms interval 100ms memory_limit 32Mb ecn drop_batch 64 
 Sent 105595040 bytes 69861 pkt (dropped 0, overlimits 0 requeues 0) 
 backlog 10598b 7p requeues 0
  maxpacket 1514 drop_overlimit 0 new_flow_count 209 ecn_mark 681 memory_used 16408
  new_flows_len 0 old_flows_len 2
======================================================================
Timestamp: 2026-04-10 15:58:22
qdisc htb 1: root refcnt 13 r2q 10 default 0x10 direct_packets_stat 0 direct_qlen 1000
 Sent 106476188 bytes 70443 pkt (dropped 0, overlimits 70012 requeues 0) 
 backlog 1514b 1p requeues 0
qdisc fq_codel 20: parent 1:10 limit 10240p flows 1024 quantum 1514 target 5ms interval 100ms memory_limit 32Mb ecn drop_batch 64 
 Sent 106476188 bytes 70443 pkt (dropped 0, overlimits 0 requeues 0) 
 backlog 1514b 1p requeues 0
  maxpacket 1514 drop_overlimit 0 new_flow_count 209 ecn_mark 689 memory_used 2344
  new_flows_len 0 old_flows_len 2
======================================================================
Timestamp: 2026-04-10 15:58:23
qdisc htb 1: root refcnt 13 r2q 10 default 0x10 direct_packets_stat 0 direct_qlen 1000
 Sent 107350908 bytes 71021 pkt (dropped 0, overlimits 70588 requeues 0) 
 backlog 6056b 4p requeues 0
qdisc fq_codel 20: parent 1:10 limit 10240p flows 1024 quantum 1514 target 5ms interval 100ms memory_limit 32Mb ecn drop_batch 64 
 Sent 107350908 bytes 71021 pkt (dropped 0, overlimits 0 requeues 0) 
 backlog 6056b 4p requeues 0
  maxpacket 1514 drop_overlimit 0 new_flow_count 211 ecn_mark 695 memory_used 9376
  new_flows_len 0 old_flows_len 2
======================================================================
Timestamp: 2026-04-10 15:58:24
qdisc htb 1: root refcnt 13 r2q 10 default 0x10 direct_packets_stat 0 direct_qlen 1000
 Sent 108230647 bytes 71603 pkt (dropped 0, overlimits 71170 requeues 0) 
 backlog 0b 0p requeues 0
qdisc fq_codel 20: parent 1:10 limit 10240p flows 1024 quantum 1514 target 5ms interval 100ms memory_limit 32Mb ecn drop_batch 64 
 Sent 108230647 bytes 71603 pkt (dropped 0, overlimits 0 requeues 0) 
 backlog 0b 0p requeues 0
  maxpacket 1514 drop_overlimit 0 new_flow_count 211 ecn_mark 702
  new_flows_len 0 old_flows_len 1
======================================================================
Timestamp: 2026-04-10 15:58:25
qdisc htb 1: root refcnt 13 r2q 10 default 0x10 direct_packets_stat 0 direct_qlen 1000
 Sent 109061642 bytes 72153 pkt (dropped 0, overlimits 71702 requeues 0) 
 backlog 6056b 4p requeues 0
qdisc fq_codel 20: parent 1:10 limit 10240p flows 1024 quantum 1514 target 5ms interval 100ms memory_limit 32Mb ecn drop_batch 64 
 Sent 109061642 bytes 72153 pkt (dropped 0, overlimits 0 requeues 0) 
 backlog 6056b 4p requeues 0
  maxpacket 1514 drop_overlimit 0 new_flow_count 214 ecn_mark 708 memory_used 9376
  new_flows_len 0 old_flows_len 2
======================================================================
Timestamp: 2026-04-10 15:58:26
qdisc htb 1: root refcnt 13 r2q 10 default 0x10 direct_packets_stat 0 direct_qlen 1000
 Sent 109940300 bytes 72734 pkt (dropped 0, overlimits 72277 requeues 0) 
 backlog 3028b 2p requeues 0
qdisc fq_codel 20: parent 1:10 limit 10240p flows 1024 quantum 1514 target 5ms interval 100ms memory_limit 32Mb ecn drop_batch 64 
 Sent 109940300 bytes 72734 pkt (dropped 0, overlimits 0 requeues 0) 
 backlog 3028b 2p requeues 0
  maxpacket 1514 drop_overlimit 0 new_flow_count 214 ecn_mark 714 memory_used 4688
  new_flows_len 0 old_flows_len 1
======================================================================
Timestamp: 2026-04-10 15:58:27
qdisc htb 1: root refcnt 13 r2q 10 default 0x10 direct_packets_stat 0 direct_qlen 1000
 Sent 110822701 bytes 73317 pkt (dropped 0, overlimits 72860 requeues 0) 
 backlog 7570b 5p requeues 0
qdisc fq_codel 20: parent 1:10 limit 10240p flows 1024 quantum 1514 target 5ms interval 100ms memory_limit 32Mb ecn drop_batch 64 
 Sent 110822701 bytes 73317 pkt (dropped 0, overlimits 0 requeues 0) 
 backlog 7570b 5p requeues 0
  maxpacket 1514 drop_overlimit 0 new_flow_count 220 ecn_mark 721 memory_used 11720
  new_flows_len 0 old_flows_len 2
======================================================================
Timestamp: 2026-04-10 15:58:28
qdisc htb 1: root refcnt 13 r2q 10 default 0x10 direct_packets_stat 0 direct_qlen 1000
 Sent 111706877 bytes 73901 pkt (dropped 0, overlimits 73444 requeues 0) 
 backlog 6056b 4p requeues 0
qdisc fq_codel 20: parent 1:10 limit 10240p flows 1024 quantum 1514 target 5ms interval 100ms memory_limit 32Mb ecn drop_batch 64 
 Sent 111706877 bytes 73901 pkt (dropped 0, overlimits 0 requeues 0) 
 backlog 6056b 4p requeues 0
  maxpacket 1514 drop_overlimit 0 new_flow_count 220 ecn_mark 727 memory_used 9376
  new_flows_len 0 old_flows_len 2
======================================================================
Timestamp: 2026-04-10 15:58:29
qdisc htb 1: root refcnt 13 r2q 10 default 0x10 direct_packets_stat 0 direct_qlen 1000
 Sent 112571204 bytes 74473 pkt (dropped 0, overlimits 74003 requeues 0) 
 backlog 4542b 3p requeues 0
qdisc fq_codel 20: parent 1:10 limit 10240p flows 1024 quantum 1514 target 5ms interval 100ms memory_limit 32Mb ecn drop_batch 64 
 Sent 112571204 bytes 74473 pkt (dropped 0, overlimits 0 requeues 0) 
 backlog 4542b 3p requeues 0
  maxpacket 1514 drop_overlimit 0 new_flow_count 222 ecn_mark 734 memory_used 7032
  new_flows_len 0 old_flows_len 2
======================================================================
Timestamp: 2026-04-10 15:58:30
qdisc htb 1: root refcnt 13 r2q 10 default 0x10 direct_packets_stat 0 direct_qlen 1000
 Sent 113443043 bytes 75049 pkt (dropped 0, overlimits 74564 requeues 0) 
 backlog 6056b 4p requeues 0
qdisc fq_codel 20: parent 1:10 limit 10240p flows 1024 quantum 1514 target 5ms interval 100ms memory_limit 32Mb ecn drop_batch 64 
 Sent 113443043 bytes 75049 pkt (dropped 0, overlimits 0 requeues 0) 
 backlog 6056b 4p requeues 0
  maxpacket 1514 drop_overlimit 0 new_flow_count 222 ecn_mark 738 memory_used 9376
  new_flows_len 0 old_flows_len 1
======================================================================
Timestamp: 2026-04-10 15:58:31
qdisc htb 1: root refcnt 13 r2q 10 default 0x10 direct_packets_stat 0 direct_qlen 1000
 Sent 114326958 bytes 75633 pkt (dropped 0, overlimits 75148 requeues 0) 
 backlog 9084b 6p requeues 0
qdisc fq_codel 20: parent 1:10 limit 10240p flows 1024 quantum 1514 target 5ms interval 100ms memory_limit 32Mb ecn drop_batch 64 
 Sent 114326958 bytes 75633 pkt (dropped 0, overlimits 0 requeues 0) 
 backlog 9084b 6p requeues 0
  maxpacket 1514 drop_overlimit 0 new_flow_count 228 ecn_mark 745 memory_used 14064
  new_flows_len 0 old_flows_len 2
======================================================================
Timestamp: 2026-04-10 15:58:32
qdisc htb 1: root refcnt 13 r2q 10 default 0x10 direct_packets_stat 0 direct_qlen 1000
 Sent 115206592 bytes 76214 pkt (dropped 0, overlimits 75729 requeues 0) 
 backlog 7570b 5p requeues 0
qdisc fq_codel 20: parent 1:10 limit 10240p flows 1024 quantum 1514 target 5ms interval 100ms memory_limit 32Mb ecn drop_batch 64 
 Sent 115206592 bytes 76214 pkt (dropped 0, overlimits 0 requeues 0) 
 backlog 7570b 5p requeues 0
  maxpacket 1514 drop_overlimit 0 new_flow_count 228 ecn_mark 751 memory_used 11720
  new_flows_len 0 old_flows_len 2
======================================================================
Timestamp: 2026-04-10 15:58:33
qdisc htb 1: root refcnt 13 r2q 10 default 0x10 direct_packets_stat 0 direct_qlen 1000
 Sent 116083990 bytes 76794 pkt (dropped 0, overlimits 76305 requeues 0) 
 backlog 6056b 4p requeues 0
qdisc fq_codel 20: parent 1:10 limit 10240p flows 1024 quantum 1514 target 5ms interval 100ms memory_limit 32Mb ecn drop_batch 64 
 Sent 116083990 bytes 76794 pkt (dropped 0, overlimits 0 requeues 0) 
 backlog 6056b 4p requeues 0
  maxpacket 1514 drop_overlimit 0 new_flow_count 230 ecn_mark 757 memory_used 9376
  new_flows_len 0 old_flows_len 2
======================================================================
Timestamp: 2026-04-10 15:58:34
qdisc htb 1: root refcnt 13 r2q 10 default 0x10 direct_packets_stat 0 direct_qlen 1000
 Sent 116966652 bytes 77377 pkt (dropped 0, overlimits 76888 requeues 0) 
 backlog 9084b 6p requeues 0
qdisc fq_codel 20: parent 1:10 limit 10240p flows 1024 quantum 1514 target 5ms interval 100ms memory_limit 32Mb ecn drop_batch 64 
 Sent 116966652 bytes 77377 pkt (dropped 0, overlimits 0 requeues 0) 
 backlog 9084b 6p requeues 0
  maxpacket 1514 drop_overlimit 0 new_flow_count 230 ecn_mark 763 memory_used 14064
  new_flows_len 0 old_flows_len 2
======================================================================
Timestamp: 2026-04-10 15:58:35
qdisc htb 1: root refcnt 13 r2q 10 default 0x10 direct_packets_stat 0 direct_qlen 1000
 Sent 117817212 bytes 77939 pkt (dropped 0, overlimits 77430 requeues 0) 
 backlog 10598b 7p requeues 0
qdisc fq_codel 20: parent 1:10 limit 10240p flows 1024 quantum 1514 target 5ms interval 100ms memory_limit 32Mb ecn drop_batch 64 
 Sent 117817212 bytes 77939 pkt (dropped 0, overlimits 0 requeues 0) 
 backlog 10598b 7p requeues 0
  maxpacket 1514 drop_overlimit 0 new_flow_count 233 ecn_mark 770 memory_used 16408
  new_flows_len 0 old_flows_len 2
======================================================================
Timestamp: 2026-04-10 15:58:36
qdisc htb 1: root refcnt 13 r2q 10 default 0x10 direct_packets_stat 0 direct_qlen 1000
 Sent 118698360 bytes 78521 pkt (dropped 0, overlimits 78012 requeues 0) 
 backlog 4542b 3p requeues 0
qdisc fq_codel 20: parent 1:10 limit 10240p flows 1024 quantum 1514 target 5ms interval 100ms memory_limit 32Mb ecn drop_batch 64 
 Sent 118698360 bytes 78521 pkt (dropped 0, overlimits 0 requeues 0) 
 backlog 4542b 3p requeues 0
  maxpacket 1514 drop_overlimit 0 new_flow_count 233 ecn_mark 778 memory_used 7032
  new_flows_len 0 old_flows_len 2
======================================================================
Timestamp: 2026-04-10 15:58:37
qdisc htb 1: root refcnt 13 r2q 10 default 0x10 direct_packets_stat 0 direct_qlen 1000
 Sent 119548008 bytes 79083 pkt (dropped 0, overlimits 78556 requeues 0) 
 backlog 9084b 6p requeues 0
qdisc fq_codel 20: parent 1:10 limit 10240p flows 1024 quantum 1514 target 5ms interval 100ms memory_limit 32Mb ecn drop_batch 64 
 Sent 119548008 bytes 79083 pkt (dropped 0, overlimits 0 requeues 0) 
 backlog 9084b 6p requeues 0
  maxpacket 1514 drop_overlimit 0 new_flow_count 235 ecn_mark 783 memory_used 14064
  new_flows_len 0 old_flows_len 2
======================================================================
Timestamp: 2026-04-10 15:58:38
qdisc htb 1: root refcnt 13 r2q 10 default 0x10 direct_packets_stat 0 direct_qlen 1000
 Sent 120429222 bytes 79666 pkt (dropped 0, overlimits 79139 requeues 0) 
 backlog 7570b 5p requeues 0
qdisc fq_codel 20: parent 1:10 limit 10240p flows 1024 quantum 1514 target 5ms interval 100ms memory_limit 32Mb ecn drop_batch 64 
 Sent 120429222 bytes 79666 pkt (dropped 0, overlimits 0 requeues 0) 
 backlog 7570b 5p requeues 0
  maxpacket 1514 drop_overlimit 0 new_flow_count 236 ecn_mark 790 memory_used 11720
  new_flows_len 0 old_flows_len 2
======================================================================
Timestamp: 2026-04-10 15:58:39
qdisc htb 1: root refcnt 13 r2q 10 default 0x10 direct_packets_stat 0 direct_qlen 1000
 Sent 121278296 bytes 80227 pkt (dropped 0, overlimits 79684 requeues 0) 
 backlog 7570b 5p requeues 0
qdisc fq_codel 20: parent 1:10 limit 10240p flows 1024 quantum 1514 target 5ms interval 100ms memory_limit 32Mb ecn drop_batch 64 
 Sent 121278296 bytes 80227 pkt (dropped 0, overlimits 0 requeues 0) 
 backlog 7570b 5p requeues 0
  maxpacket 1514 drop_overlimit 0 new_flow_count 238 ecn_mark 796 memory_used 11720
  new_flows_len 0 old_flows_len 2
======================================================================
Timestamp: 2026-04-10 15:58:40
qdisc htb 1: root refcnt 13 r2q 10 default 0x10 direct_packets_stat 0 direct_qlen 1000
 Sent 122159444 bytes 80809 pkt (dropped 0, overlimits 80266 requeues 0) 
 backlog 7570b 5p requeues 0
qdisc fq_codel 20: parent 1:10 limit 10240p flows 1024 quantum 1514 target 5ms interval 100ms memory_limit 32Mb ecn drop_batch 64 
 Sent 122159444 bytes 80809 pkt (dropped 0, overlimits 0 requeues 0) 
 backlog 7570b 5p requeues 0
  maxpacket 1514 drop_overlimit 0 new_flow_count 238 ecn_mark 802 memory_used 11720
  new_flows_len 0 old_flows_len 2
======================================================================
Timestamp: 2026-04-10 15:58:41
qdisc htb 1: root refcnt 13 r2q 10 default 0x10 direct_packets_stat 0 direct_qlen 1000
 Sent 123030018 bytes 81385 pkt (dropped 0, overlimits 80831 requeues 0) 
 backlog 9084b 6p requeues 0
qdisc fq_codel 20: parent 1:10 limit 10240p flows 1024 quantum 1514 target 5ms interval 100ms memory_limit 32Mb ecn drop_batch 64 
 Sent 123030018 bytes 81385 pkt (dropped 0, overlimits 0 requeues 0) 
 backlog 9084b 6p requeues 0
  maxpacket 1514 drop_overlimit 0 new_flow_count 240 ecn_mark 808 memory_used 14064
  new_flows_len 0 old_flows_len 2
======================================================================
Timestamp: 2026-04-10 15:58:42
qdisc htb 1: root refcnt 13 r2q 10 default 0x10 direct_packets_stat 0 direct_qlen 1000
 Sent 123912680 bytes 81968 pkt (dropped 0, overlimits 81414 requeues 0) 
 backlog 1514b 1p requeues 0
qdisc fq_codel 20: parent 1:10 limit 10240p flows 1024 quantum 1514 target 5ms interval 100ms memory_limit 32Mb ecn drop_batch 64 
 Sent 123912680 bytes 81968 pkt (dropped 0, overlimits 0 requeues 0) 
 backlog 1514b 1p requeues 0
  maxpacket 1514 drop_overlimit 0 new_flow_count 240 ecn_mark 816 memory_used 2344
  new_flows_len 0 old_flows_len 2
======================================================================
Timestamp: 2026-04-10 15:58:43
qdisc htb 1: root refcnt 13 r2q 10 default 0x10 direct_packets_stat 0 direct_qlen 1000
 Sent 124784794 bytes 82545 pkt (dropped 0, overlimits 81980 requeues 0) 
 backlog 10598b 7p requeues 0
qdisc fq_codel 20: parent 1:10 limit 10240p flows 1024 quantum 1514 target 5ms interval 100ms memory_limit 32Mb ecn drop_batch 64 
 Sent 124784794 bytes 82545 pkt (dropped 0, overlimits 0 requeues 0) 
 backlog 10598b 7p requeues 0
  maxpacket 1514 drop_overlimit 0 new_flow_count 242 ecn_mark 821 memory_used 16408
  new_flows_len 0 old_flows_len 2
======================================================================
Timestamp: 2026-04-10 15:58:44
qdisc htb 1: root refcnt 13 r2q 10 default 0x10 direct_packets_stat 0 direct_qlen 1000
 Sent 125668970 bytes 83129 pkt (dropped 0, overlimits 82564 requeues 0) 
 backlog 6056b 4p requeues 0
qdisc fq_codel 20: parent 1:10 limit 10240p flows 1024 quantum 1514 target 5ms interval 100ms memory_limit 32Mb ecn drop_batch 64 
 Sent 125668970 bytes 83129 pkt (dropped 0, overlimits 0 requeues 0) 
 backlog 6056b 4p requeues 0
  maxpacket 1514 drop_overlimit 0 new_flow_count 242 ecn_mark 829 memory_used 9376
  new_flows_len 0 old_flows_len 2
======================================================================
Timestamp: 2026-04-10 15:58:45
qdisc htb 1: root refcnt 13 r2q 10 default 0x10 direct_packets_stat 0 direct_qlen 1000
 Sent 126509944 bytes 83686 pkt (dropped 0, overlimits 83098 requeues 0) 
 backlog 6056b 4p requeues 0
qdisc fq_codel 20: parent 1:10 limit 10240p flows 1024 quantum 1514 target 5ms interval 100ms memory_limit 32Mb ecn drop_batch 64 
 Sent 126509944 bytes 83686 pkt (dropped 0, overlimits 0 requeues 0) 
 backlog 6056b 4p requeues 0
  maxpacket 1514 drop_overlimit 0 new_flow_count 245 ecn_mark 835 memory_used 9376
  new_flows_len 0 old_flows_len 2
======================================================================
Timestamp: 2026-04-10 15:58:46
qdisc htb 1: root refcnt 13 r2q 10 default 0x10 direct_packets_stat 0 direct_qlen 1000
 Sent 127395634 bytes 84271 pkt (dropped 0, overlimits 83683 requeues 0) 
 backlog 4542b 3p requeues 0
qdisc fq_codel 20: parent 1:10 limit 10240p flows 1024 quantum 1514 target 5ms interval 100ms memory_limit 32Mb ecn drop_batch 64 
 Sent 127395634 bytes 84271 pkt (dropped 0, overlimits 0 requeues 0) 
 backlog 4542b 3p requeues 0
  maxpacket 1514 drop_overlimit 0 new_flow_count 245 ecn_mark 842 memory_used 7032
  new_flows_len 0 old_flows_len 2
======================================================================
Timestamp: 2026-04-10 15:58:47
qdisc htb 1: root refcnt 13 r2q 10 default 0x10 direct_packets_stat 0 direct_qlen 1000
 Sent 128272659 bytes 84851 pkt (dropped 0, overlimits 84251 requeues 0) 
 backlog 4542b 3p requeues 0
qdisc fq_codel 20: parent 1:10 limit 10240p flows 1024 quantum 1514 target 5ms interval 100ms memory_limit 32Mb ecn drop_batch 64 
 Sent 128272659 bytes 84851 pkt (dropped 0, overlimits 0 requeues 0) 
 backlog 4542b 3p requeues 0
  maxpacket 1514 drop_overlimit 0 new_flow_count 247 ecn_mark 848 memory_used 7032
  new_flows_len 0 old_flows_len 2
======================================================================
Timestamp: 2026-04-10 15:58:48
qdisc htb 1: root refcnt 13 r2q 10 default 0x10 direct_packets_stat 0 direct_qlen 1000
 Sent 129153807 bytes 85433 pkt (dropped 0, overlimits 84833 requeues 0) 
 backlog 9084b 6p requeues 0
qdisc fq_codel 20: parent 1:10 limit 10240p flows 1024 quantum 1514 target 5ms interval 100ms memory_limit 32Mb ecn drop_batch 64 
 Sent 129153807 bytes 85433 pkt (dropped 0, overlimits 0 requeues 0) 
 backlog 9084b 6p requeues 0
  maxpacket 1514 drop_overlimit 0 new_flow_count 247 ecn_mark 855 memory_used 14064
  new_flows_len 0 old_flows_len 2
======================================================================
Timestamp: 2026-04-10 15:58:49
qdisc htb 1: root refcnt 13 r2q 10 default 0x10 direct_packets_stat 0 direct_qlen 1000
 Sent 130022702 bytes 86008 pkt (dropped 0, overlimits 85400 requeues 0) 
 backlog 6056b 4p requeues 0
qdisc fq_codel 20: parent 1:10 limit 10240p flows 1024 quantum 1514 target 5ms interval 100ms memory_limit 32Mb ecn drop_batch 64 
 Sent 130022702 bytes 86008 pkt (dropped 0, overlimits 0 requeues 0) 
 backlog 6056b 4p requeues 0
  maxpacket 1514 drop_overlimit 0 new_flow_count 249 ecn_mark 861 memory_used 9376
  new_flows_len 0 old_flows_len 2
======================================================================
Timestamp: 2026-04-10 15:58:50
qdisc htb 1: root refcnt 13 r2q 10 default 0x10 direct_packets_stat 0 direct_qlen 1000
 Sent 130905364 bytes 86591 pkt (dropped 0, overlimits 85983 requeues 0) 
 backlog 9084b 6p requeues 0
qdisc fq_codel 20: parent 1:10 limit 10240p flows 1024 quantum 1514 target 5ms interval 100ms memory_limit 32Mb ecn drop_batch 64 
 Sent 130905364 bytes 86591 pkt (dropped 0, overlimits 0 requeues 0) 
 backlog 9084b 6p requeues 0
  maxpacket 1514 drop_overlimit 0 new_flow_count 249 ecn_mark 868 memory_used 14064
  new_flows_len 0 old_flows_len 2
======================================================================
Timestamp: 2026-04-10 15:58:51
qdisc htb 1: root refcnt 13 r2q 10 default 0x10 direct_packets_stat 0 direct_qlen 1000
 Sent 131783308 bytes 87172 pkt (dropped 0, overlimits 86560 requeues 0) 
 backlog 3028b 2p requeues 0
qdisc fq_codel 20: parent 1:10 limit 10240p flows 1024 quantum 1514 target 5ms interval 100ms memory_limit 32Mb ecn drop_batch 64 
 Sent 131783308 bytes 87172 pkt (dropped 0, overlimits 0 requeues 0) 
 backlog 3028b 2p requeues 0
  maxpacket 1514 drop_overlimit 0 new_flow_count 251 ecn_mark 875 memory_used 4688
  new_flows_len 0 old_flows_len 2
======================================================================
Timestamp: 2026-04-10 15:58:52
qdisc htb 1: root refcnt 13 r2q 10 default 0x10 direct_packets_stat 0 direct_qlen 1000
 Sent 132664456 bytes 87754 pkt (dropped 0, overlimits 87141 requeues 0) 
 backlog 7570b 5p requeues 0
qdisc fq_codel 20: parent 1:10 limit 10240p flows 1024 quantum 1514 target 5ms interval 100ms memory_limit 32Mb ecn drop_batch 64 
 Sent 132664456 bytes 87754 pkt (dropped 0, overlimits 0 requeues 0) 
 backlog 7570b 5p requeues 0
  maxpacket 1514 drop_overlimit 0 new_flow_count 251 ecn_mark 881 memory_used 11720
  new_flows_len 0 old_flows_len 2
======================================================================
Timestamp: 2026-04-10 15:58:53
qdisc htb 1: root refcnt 13 r2q 10 default 0x10 direct_packets_stat 0 direct_qlen 1000
 Sent 133541296 bytes 88334 pkt (dropped 0, overlimits 87719 requeues 0) 
 backlog 9084b 6p requeues 0
qdisc fq_codel 20: parent 1:10 limit 10240p flows 1024 quantum 1514 target 5ms interval 100ms memory_limit 32Mb ecn drop_batch 64 
 Sent 133541296 bytes 88334 pkt (dropped 0, overlimits 0 requeues 0) 
 backlog 9084b 6p requeues 0
  maxpacket 1514 drop_overlimit 0 new_flow_count 253 ecn_mark 888 memory_used 14064
  new_flows_len 0 old_flows_len 2
======================================================================
Timestamp: 2026-04-10 15:58:54
qdisc htb 1: root refcnt 13 r2q 10 default 0x10 direct_packets_stat 0 direct_qlen 1000
 Sent 134422444 bytes 88916 pkt (dropped 0, overlimits 88301 requeues 0) 
 backlog 6056b 4p requeues 0
qdisc fq_codel 20: parent 1:10 limit 10240p flows 1024 quantum 1514 target 5ms interval 100ms memory_limit 32Mb ecn drop_batch 64 
 Sent 134422444 bytes 88916 pkt (dropped 0, overlimits 0 requeues 0) 
 backlog 6056b 4p requeues 0
  maxpacket 1514 drop_overlimit 0 new_flow_count 253 ecn_mark 895 memory_used 9376
  new_flows_len 0 old_flows_len 2
======================================================================
Timestamp: 2026-04-10 15:58:55
qdisc htb 1: root refcnt 13 r2q 10 default 0x10 direct_packets_stat 0 direct_qlen 1000
 Sent 135301198 bytes 89497 pkt (dropped 0, overlimits 88881 requeues 0) 
 backlog 3028b 2p requeues 0
qdisc fq_codel 20: parent 1:10 limit 10240p flows 1024 quantum 1514 target 5ms interval 100ms memory_limit 32Mb ecn drop_batch 64 
 Sent 135301198 bytes 89497 pkt (dropped 0, overlimits 0 requeues 0) 
 backlog 3028b 2p requeues 0
  maxpacket 1514 drop_overlimit 0 new_flow_count 255 ecn_mark 902 memory_used 4688
  new_flows_len 0 old_flows_len 2
======================================================================
Timestamp: 2026-04-10 15:58:56
qdisc htb 1: root refcnt 13 r2q 10 default 0x10 direct_packets_stat 0 direct_qlen 1000
 Sent 136183860 bytes 90080 pkt (dropped 0, overlimits 89464 requeues 0) 
 backlog 7570b 5p requeues 0
qdisc fq_codel 20: parent 1:10 limit 10240p flows 1024 quantum 1514 target 5ms interval 100ms memory_limit 32Mb ecn drop_batch 64 
 Sent 136183860 bytes 90080 pkt (dropped 0, overlimits 0 requeues 0) 
 backlog 7570b 5p requeues 0
  maxpacket 1514 drop_overlimit 0 new_flow_count 255 ecn_mark 908 memory_used 11720
  new_flows_len 0 old_flows_len 2
======================================================================
Timestamp: 2026-04-10 15:58:57
qdisc htb 1: root refcnt 13 r2q 10 default 0x10 direct_packets_stat 0 direct_qlen 1000
 Sent 137064377 bytes 90662 pkt (dropped 0, overlimits 90045 requeues 0) 
 backlog 3028b 2p requeues 0
qdisc fq_codel 20: parent 1:10 limit 10240p flows 1024 quantum 1514 target 5ms interval 100ms memory_limit 32Mb ecn drop_batch 64 
 Sent 137064377 bytes 90662 pkt (dropped 0, overlimits 0 requeues 0) 
 backlog 3028b 2p requeues 0
  maxpacket 1514 drop_overlimit 0 new_flow_count 258 ecn_mark 916 memory_used 4688
  new_flows_len 0 old_flows_len 2
======================================================================
Timestamp: 2026-04-10 15:58:58
qdisc htb 1: root refcnt 13 r2q 10 default 0x10 direct_packets_stat 0 direct_qlen 1000
 Sent 137945525 bytes 91244 pkt (dropped 0, overlimits 90627 requeues 0) 
 backlog 7570b 5p requeues 0
qdisc fq_codel 20: parent 1:10 limit 10240p flows 1024 quantum 1514 target 5ms interval 100ms memory_limit 32Mb ecn drop_batch 64 
 Sent 137945525 bytes 91244 pkt (dropped 0, overlimits 0 requeues 0) 
 backlog 7570b 5p requeues 0
  maxpacket 1514 drop_overlimit 0 new_flow_count 258 ecn_mark 922 memory_used 11720
  new_flows_len 0 old_flows_len 2
======================================================================
Timestamp: 2026-04-10 15:58:59
qdisc htb 1: root refcnt 13 r2q 10 default 0x10 direct_packets_stat 0 direct_qlen 1000
 Sent 138826810 bytes 91827 pkt (dropped 0, overlimits 91209 requeues 0) 
 backlog 12112b 8p requeues 0
qdisc fq_codel 20: parent 1:10 limit 10240p flows 1024 quantum 1514 target 5ms interval 100ms memory_limit 32Mb ecn drop_batch 64 
 Sent 138826810 bytes 91827 pkt (dropped 0, overlimits 0 requeues 0) 
 backlog 12112b 8p requeues 0
  maxpacket 1514 drop_overlimit 0 new_flow_count 260 ecn_mark 928 memory_used 18752
  new_flows_len 0 old_flows_len 2
======================================================================
Timestamp: 2026-04-10 15:59:00
qdisc htb 1: root refcnt 13 r2q 10 default 0x10 direct_packets_stat 0 direct_qlen 1000
 Sent 139712500 bytes 92412 pkt (dropped 0, overlimits 91794 requeues 0) 
 backlog 4542b 3p requeues 0
qdisc fq_codel 20: parent 1:10 limit 10240p flows 1024 quantum 1514 target 5ms interval 100ms memory_limit 32Mb ecn drop_batch 64 
 Sent 139712500 bytes 92412 pkt (dropped 0, overlimits 0 requeues 0) 
 backlog 4542b 3p requeues 0
  maxpacket 1514 drop_overlimit 0 new_flow_count 260 ecn_mark 936 memory_used 7032
  new_flows_len 0 old_flows_len 2
======================================================================
Timestamp: 2026-04-10 15:59:01
qdisc htb 1: root refcnt 13 r2q 10 default 0x10 direct_packets_stat 0 direct_qlen 1000
 Sent 140599691 bytes 92998 pkt (dropped 0, overlimits 92380 requeues 0) 
 backlog 7570b 5p requeues 0
qdisc fq_codel 20: parent 1:10 limit 10240p flows 1024 quantum 1514 target 5ms interval 100ms memory_limit 32Mb ecn drop_batch 64 
 Sent 140599691 bytes 92998 pkt (dropped 0, overlimits 0 requeues 0) 
 backlog 7570b 5p requeues 0
  maxpacket 1514 drop_overlimit 0 new_flow_count 261 ecn_mark 943 memory_used 11720
  new_flows_len 0 old_flows_len 2
======================================================================
Timestamp: 2026-04-10 15:59:02
qdisc htb 1: root refcnt 13 r2q 10 default 0x10 direct_packets_stat 0 direct_qlen 1000
 Sent 141477447 bytes 93578 pkt (dropped 0, overlimits 92956 requeues 0) 
 backlog 10598b 7p requeues 0
qdisc fq_codel 20: parent 1:10 limit 10240p flows 1024 quantum 1514 target 5ms interval 100ms memory_limit 32Mb ecn drop_batch 64 
 Sent 141477447 bytes 93578 pkt (dropped 0, overlimits 0 requeues 0) 
 backlog 10598b 7p requeues 0
  maxpacket 1514 drop_overlimit 0 new_flow_count 264 ecn_mark 949 memory_used 16408
  new_flows_len 0 old_flows_len 2
======================================================================
Timestamp: 2026-04-10 15:59:03
qdisc htb 1: root refcnt 13 r2q 10 default 0x10 direct_packets_stat 0 direct_qlen 1000
 Sent 142360096 bytes 94161 pkt (dropped 0, overlimits 93539 requeues 0) 
 backlog 7570b 5p requeues 0
qdisc fq_codel 20: parent 1:10 limit 10240p flows 1024 quantum 1514 target 5ms interval 100ms memory_limit 32Mb ecn drop_batch 64 
 Sent 142360096 bytes 94161 pkt (dropped 0, overlimits 0 requeues 0) 
 backlog 7570b 5p requeues 0
  maxpacket 1514 drop_overlimit 0 new_flow_count 265 ecn_mark 956 memory_used 11720
  new_flows_len 0 old_flows_len 2
======================================================================
Timestamp: 2026-04-10 15:59:04
qdisc htb 1: root refcnt 13 r2q 10 default 0x10 direct_packets_stat 0 direct_qlen 1000
 Sent 143237580 bytes 94741 pkt (dropped 0, overlimits 94117 requeues 0) 
 backlog 7570b 5p requeues 0
qdisc fq_codel 20: parent 1:10 limit 10240p flows 1024 quantum 1514 target 5ms interval 100ms memory_limit 32Mb ecn drop_batch 64 
 Sent 143237580 bytes 94741 pkt (dropped 0, overlimits 0 requeues 0) 
 backlog 7570b 5p requeues 0
  maxpacket 1514 drop_overlimit 0 new_flow_count 266 ecn_mark 963 memory_used 11720
  new_flows_len 0 old_flows_len 2
======================================================================
Timestamp: 2026-04-10 15:59:05
qdisc htb 1: root refcnt 13 r2q 10 default 0x10 direct_packets_stat 0 direct_qlen 1000
 Sent 144117250 bytes 95323 pkt (dropped 0, overlimits 94698 requeues 0) 
 backlog 6056b 4p requeues 0
qdisc fq_codel 20: parent 1:10 limit 10240p flows 1024 quantum 1514 target 5ms interval 100ms memory_limit 32Mb ecn drop_batch 64 
 Sent 144117250 bytes 95323 pkt (dropped 0, overlimits 0 requeues 0) 
 backlog 6056b 4p requeues 0
  maxpacket 1514 drop_overlimit 0 new_flow_count 269 ecn_mark 970 memory_used 9376
  new_flows_len 0 old_flows_len 2
======================================================================
Timestamp: 2026-04-10 15:59:06
qdisc htb 1: root refcnt 13 r2q 10 default 0x10 direct_packets_stat 0 direct_qlen 1000
 Sent 144999912 bytes 95906 pkt (dropped 0, overlimits 95281 requeues 0) 
 backlog 4542b 3p requeues 0
qdisc fq_codel 20: parent 1:10 limit 10240p flows 1024 quantum 1514 target 5ms interval 100ms memory_limit 32Mb ecn drop_batch 64 
 Sent 144999912 bytes 95906 pkt (dropped 0, overlimits 0 requeues 0) 
 backlog 4542b 3p requeues 0
  maxpacket 1514 drop_overlimit 0 new_flow_count 269 ecn_mark 977 memory_used 7032
  new_flows_len 0 old_flows_len 2
======================================================================
Timestamp: 2026-04-10 15:59:07
qdisc htb 1: root refcnt 13 r2q 10 default 0x10 direct_packets_stat 0 direct_qlen 1000
 Sent 145873350 bytes 96484 pkt (dropped 0, overlimits 95853 requeues 0) 
 backlog 6056b 4p requeues 0
qdisc fq_codel 20: parent 1:10 limit 10240p flows 1024 quantum 1514 target 5ms interval 100ms memory_limit 32Mb ecn drop_batch 64 
 Sent 145873350 bytes 96484 pkt (dropped 0, overlimits 0 requeues 0) 
 backlog 6056b 4p requeues 0
  maxpacket 1514 drop_overlimit 0 new_flow_count 272 ecn_mark 983 memory_used 9376
  new_flows_len 0 old_flows_len 2
======================================================================
Timestamp: 2026-04-10 15:59:08
qdisc htb 1: root refcnt 13 r2q 10 default 0x10 direct_packets_stat 0 direct_qlen 1000
 Sent 146754498 bytes 97066 pkt (dropped 0, overlimits 96435 requeues 0) 
 backlog 7570b 5p requeues 0
qdisc fq_codel 20: parent 1:10 limit 10240p flows 1024 quantum 1514 target 5ms interval 100ms memory_limit 32Mb ecn drop_batch 64 
 Sent 146754498 bytes 97066 pkt (dropped 0, overlimits 0 requeues 0) 
 backlog 7570b 5p requeues 0
  maxpacket 1514 drop_overlimit 0 new_flow_count 272 ecn_mark 990 memory_used 11720
  new_flows_len 0 old_flows_len 2
======================================================================
Timestamp: 2026-04-10 15:59:09
qdisc htb 1: root refcnt 13 r2q 10 default 0x10 direct_packets_stat 0 direct_qlen 1000
 Sent 147623650 bytes 97642 pkt (dropped 0, overlimits 97006 requeues 0) 
 backlog 10598b 7p requeues 0
qdisc fq_codel 20: parent 1:10 limit 10240p flows 1024 quantum 1514 target 5ms interval 100ms memory_limit 32Mb ecn drop_batch 64 
 Sent 147623650 bytes 97642 pkt (dropped 0, overlimits 0 requeues 0) 
 backlog 10598b 7p requeues 0
  maxpacket 1514 drop_overlimit 0 new_flow_count 275 ecn_mark 996 memory_used 16408
  new_flows_len 0 old_flows_len 2
======================================================================
Timestamp: 2026-04-10 15:59:10
qdisc htb 1: root refcnt 13 r2q 10 default 0x10 direct_packets_stat 0 direct_qlen 1000
 Sent 148433601 bytes 98185 pkt (dropped 0, overlimits 97532 requeues 0) 
 backlog 6056b 4p requeues 0
qdisc fq_codel 20: parent 1:10 limit 10240p flows 1024 quantum 1514 target 5ms interval 100ms memory_limit 32Mb ecn drop_batch 64 
 Sent 148433601 bytes 98185 pkt (dropped 0, overlimits 0 requeues 0) 
 backlog 6056b 4p requeues 0
  maxpacket 1514 drop_overlimit 0 new_flow_count 280 ecn_mark 997 memory_used 9376
  new_flows_len 0 old_flows_len 1
======================================================================
Timestamp: 2026-04-10 15:59:11
qdisc htb 1: root refcnt 13 r2q 10 default 0x10 direct_packets_stat 0 direct_qlen 1000
 Sent 149317764 bytes 98769 pkt (dropped 0, overlimits 98116 requeues 0) 
 backlog 4542b 3p requeues 0
qdisc fq_codel 20: parent 1:10 limit 10240p flows 1024 quantum 1514 target 5ms interval 100ms memory_limit 32Mb ecn drop_batch 64 
 Sent 149317764 bytes 98769 pkt (dropped 0, overlimits 0 requeues 0) 
 backlog 4542b 3p requeues 0
  maxpacket 1514 drop_overlimit 0 new_flow_count 281 ecn_mark 997 memory_used 7032
  new_flows_len 0 old_flows_len 1
======================================================================
Timestamp: 2026-04-10 15:59:12
qdisc htb 1: root refcnt 13 r2q 10 default 0x10 direct_packets_stat 0 direct_qlen 1000
 Sent 150181060 bytes 99340 pkt (dropped 0, overlimits 98686 requeues 0) 
 backlog 7570b 5p requeues 0
qdisc fq_codel 20: parent 1:10 limit 10240p flows 1024 quantum 1514 target 5ms interval 100ms memory_limit 32Mb ecn drop_batch 64 
 Sent 150181060 bytes 99340 pkt (dropped 0, overlimits 0 requeues 0) 
 backlog 7570b 5p requeues 0
  maxpacket 1514 drop_overlimit 0 new_flow_count 281 ecn_mark 997 memory_used 11720
  new_flows_len 0 old_flows_len 1
======================================================================
Timestamp: 2026-04-10 15:59:13
qdisc htb 1: root refcnt 13 r2q 10 default 0x10 direct_packets_stat 0 direct_qlen 1000
 Sent 151038377 bytes 99907 pkt (dropped 0, overlimits 99252 requeues 0) 
 backlog 7570b 5p requeues 0
qdisc fq_codel 20: parent 1:10 limit 10240p flows 1024 quantum 1514 target 5ms interval 100ms memory_limit 32Mb ecn drop_batch 64 
 Sent 151038377 bytes 99907 pkt (dropped 0, overlimits 0 requeues 0) 
 backlog 7570b 5p requeues 0
  maxpacket 1514 drop_overlimit 0 new_flow_count 282 ecn_mark 997 memory_used 11720
  new_flows_len 0 old_flows_len 1
======================================================================
Timestamp: 2026-04-10 15:59:14
qdisc htb 1: root refcnt 13 r2q 10 default 0x10 direct_packets_stat 0 direct_qlen 1000
 Sent 151918011 bytes 100488 pkt (dropped 0, overlimits 99833 requeues 0) 
 backlog 7570b 5p requeues 0
qdisc fq_codel 20: parent 1:10 limit 10240p flows 1024 quantum 1514 target 5ms interval 100ms memory_limit 32Mb ecn drop_batch 64 
 Sent 151918011 bytes 100488 pkt (dropped 0, overlimits 0 requeues 0) 
 backlog 7570b 5p requeues 0
  maxpacket 1514 drop_overlimit 0 new_flow_count 282 ecn_mark 997 memory_used 11720
  new_flows_len 0 old_flows_len 1
======================================================================
Timestamp: 2026-04-10 15:59:15
qdisc htb 1: root refcnt 13 r2q 10 default 0x10 direct_packets_stat 0 direct_qlen 1000
 Sent 152435204 bytes 100830 pkt (dropped 0, overlimits 100172 requeues 0) 
 backlog 6056b 4p requeues 0
qdisc fq_codel 20: parent 1:10 limit 10240p flows 1024 quantum 1514 target 5ms interval 100ms memory_limit 32Mb ecn drop_batch 64 
 Sent 152435204 bytes 100830 pkt (dropped 0, overlimits 0 requeues 0) 
 backlog 6056b 4p requeues 0
  maxpacket 1514 drop_overlimit 0 new_flow_count 282 ecn_mark 997 memory_used 9376
  new_flows_len 0 old_flows_len 1
======================================================================
Timestamp: 2026-04-10 15:59:16
qdisc htb 1: root refcnt 13 r2q 10 default 0x10 direct_packets_stat 0 direct_qlen 1000
 Sent 152724581 bytes 101022 pkt (dropped 0, overlimits 100364 requeues 0) 
 backlog 0b 0p requeues 0
qdisc fq_codel 20: parent 1:10 limit 10240p flows 1024 quantum 1514 target 5ms interval 100ms memory_limit 32Mb ecn drop_batch 64 
 Sent 152724581 bytes 101022 pkt (dropped 0, overlimits 0 requeues 0) 
 backlog 0b 0p requeues 0
  maxpacket 1514 drop_overlimit 0 new_flow_count 282 ecn_mark 997
  new_flows_len 0 old_flows_len 1
======================================================================
Timestamp: 2026-04-10 15:59:17
qdisc htb 1: root refcnt 13 r2q 10 default 0x10 direct_packets_stat 0 direct_qlen 1000
 Sent 153151268 bytes 101304 pkt (dropped 0, overlimits 100643 requeues 0) 
 backlog 7570b 5p requeues 0
qdisc fq_codel 20: parent 1:10 limit 10240p flows 1024 quantum 1514 target 5ms interval 100ms memory_limit 32Mb ecn drop_batch 64 
 Sent 153151268 bytes 101304 pkt (dropped 0, overlimits 0 requeues 0) 
 backlog 7570b 5p requeues 0
  maxpacket 1514 drop_overlimit 0 new_flow_count 282 ecn_mark 997 memory_used 11720
  new_flows_len 0 old_flows_len 1
======================================================================
Timestamp: 2026-04-10 15:59:18
qdisc htb 1: root refcnt 13 r2q 10 default 0x10 direct_packets_stat 0 direct_qlen 1000
 Sent 153661770 bytes 101642 pkt (dropped 0, overlimits 100981 requeues 0) 
 backlog 0b 0p requeues 0
qdisc fq_codel 20: parent 1:10 limit 10240p flows 1024 quantum 1514 target 5ms interval 100ms memory_limit 32Mb ecn drop_batch 64 
 Sent 153661770 bytes 101642 pkt (dropped 0, overlimits 0 requeues 0) 
 backlog 0b 0p requeues 0
  maxpacket 1514 drop_overlimit 0 new_flow_count 282 ecn_mark 997
  new_flows_len 0 old_flows_len 1
======================================================================
Timestamp: 2026-04-10 15:59:19
qdisc htb 1: root refcnt 13 r2q 10 default 0x10 direct_packets_stat 0 direct_qlen 1000
 Sent 154061205 bytes 101906 pkt (dropped 0, overlimits 101242 requeues 0) 
 backlog 6056b 4p requeues 0
qdisc fq_codel 20: parent 1:10 limit 10240p flows 1024 quantum 1514 target 5ms interval 100ms memory_limit 32Mb ecn drop_batch 64 
 Sent 154061205 bytes 101906 pkt (dropped 0, overlimits 0 requeues 0) 
 backlog 6056b 4p requeues 0
  maxpacket 1514 drop_overlimit 0 new_flow_count 282 ecn_mark 998 memory_used 9376
  new_flows_len 0 old_flows_len 1
======================================================================
Timestamp: 2026-04-10 15:59:20
qdisc htb 1: root refcnt 13 r2q 10 default 0x10 direct_packets_stat 0 direct_qlen 1000
 Sent 154945381 bytes 102490 pkt (dropped 0, overlimits 101826 requeues 0) 
 backlog 7570b 5p requeues 0
qdisc fq_codel 20: parent 1:10 limit 10240p flows 1024 quantum 1514 target 5ms interval 100ms memory_limit 32Mb ecn drop_batch 64 
 Sent 154945381 bytes 102490 pkt (dropped 0, overlimits 0 requeues 0) 
 backlog 7570b 5p requeues 0
  maxpacket 1514 drop_overlimit 0 new_flow_count 282 ecn_mark 998 memory_used 11720
  new_flows_len 0 old_flows_len 1
======================================================================
Timestamp: 2026-04-10 15:59:21
qdisc htb 1: root refcnt 13 r2q 10 default 0x10 direct_packets_stat 0 direct_qlen 1000
 Sent 155373669 bytes 102774 pkt (dropped 0, overlimits 102107 requeues 0) 
 backlog 6056b 4p requeues 0
qdisc fq_codel 20: parent 1:10 limit 10240p flows 1024 quantum 1514 target 5ms interval 100ms memory_limit 32Mb ecn drop_batch 64 
 Sent 155373669 bytes 102774 pkt (dropped 0, overlimits 0 requeues 0) 
 backlog 6056b 4p requeues 0
  maxpacket 1514 drop_overlimit 0 new_flow_count 282 ecn_mark 999 memory_used 9376
  new_flows_len 0 old_flows_len 1
======================================================================
Timestamp: 2026-04-10 15:59:22
qdisc htb 1: root refcnt 13 r2q 10 default 0x10 direct_packets_stat 0 direct_qlen 1000
 Sent 156228004 bytes 103339 pkt (dropped 0, overlimits 102672 requeues 0) 
 backlog 0b 0p requeues 0
qdisc fq_codel 20: parent 1:10 limit 10240p flows 1024 quantum 1514 target 5ms interval 100ms memory_limit 32Mb ecn drop_batch 64 
 Sent 156228004 bytes 103339 pkt (dropped 0, overlimits 0 requeues 0) 
 backlog 0b 0p requeues 0
  maxpacket 1514 drop_overlimit 0 new_flow_count 282 ecn_mark 999
  new_flows_len 0 old_flows_len 1
======================================================================
Timestamp: 2026-04-10 15:59:23
qdisc htb 1: root refcnt 13 r2q 10 default 0x10 direct_packets_stat 0 direct_qlen 1000
 Sent 156613813 bytes 103594 pkt (dropped 0, overlimits 102924 requeues 0) 
 backlog 4542b 3p requeues 0
qdisc fq_codel 20: parent 1:10 limit 10240p flows 1024 quantum 1514 target 5ms interval 100ms memory_limit 32Mb ecn drop_batch 64 
 Sent 156613813 bytes 103594 pkt (dropped 0, overlimits 0 requeues 0) 
 backlog 4542b 3p requeues 0
  maxpacket 1514 drop_overlimit 0 new_flow_count 282 ecn_mark 1000 memory_used 7032
  new_flows_len 0 old_flows_len 1
======================================================================
Timestamp: 2026-04-10 15:59:24
qdisc htb 1: root refcnt 13 r2q 10 default 0x10 direct_packets_stat 0 direct_qlen 1000
 Sent 157494961 bytes 104176 pkt (dropped 0, overlimits 103506 requeues 0) 
 backlog 6056b 4p requeues 0
qdisc fq_codel 20: parent 1:10 limit 10240p flows 1024 quantum 1514 target 5ms interval 100ms memory_limit 32Mb ecn drop_batch 64 
 Sent 157494961 bytes 104176 pkt (dropped 0, overlimits 0 requeues 0) 
 backlog 6056b 4p requeues 0
  maxpacket 1514 drop_overlimit 0 new_flow_count 282 ecn_mark 1000 memory_used 9376
  new_flows_len 0 old_flows_len 1
======================================================================
Timestamp: 2026-04-10 15:59:25
qdisc htb 1: root refcnt 13 r2q 10 default 0x10 direct_packets_stat 0 direct_qlen 1000
 Sent 157875349 bytes 104428 pkt (dropped 0, overlimits 103755 requeues 0) 
 backlog 7570b 5p requeues 0
qdisc fq_codel 20: parent 1:10 limit 10240p flows 1024 quantum 1514 target 5ms interval 100ms memory_limit 32Mb ecn drop_batch 64 
 Sent 157875349 bytes 104428 pkt (dropped 0, overlimits 0 requeues 0) 
 backlog 7570b 5p requeues 0
  maxpacket 1514 drop_overlimit 0 new_flow_count 282 ecn_mark 1000 memory_used 11720
  new_flows_len 0 old_flows_len 1
======================================================================
Timestamp: 2026-04-10 15:59:26
qdisc htb 1: root refcnt 13 r2q 10 default 0x10 direct_packets_stat 0 direct_qlen 1000
 Sent 158641989 bytes 104935 pkt (dropped 0, overlimits 104262 requeues 0) 
 backlog 0b 0p requeues 0
qdisc fq_codel 20: parent 1:10 limit 10240p flows 1024 quantum 1514 target 5ms interval 100ms memory_limit 32Mb ecn drop_batch 64 
 Sent 158641989 bytes 104935 pkt (dropped 0, overlimits 0 requeues 0) 
 backlog 0b 0p requeues 0
  maxpacket 1514 drop_overlimit 0 new_flow_count 282 ecn_mark 1000
  new_flows_len 0 old_flows_len 1
======================================================================
Timestamp: 2026-04-10 15:59:27
qdisc htb 1: root refcnt 13 r2q 10 default 0x10 direct_packets_stat 0 direct_qlen 1000
 Sent 158999032 bytes 105171 pkt (dropped 0, overlimits 104495 requeues 0) 
 backlog 6056b 4p requeues 0
qdisc fq_codel 20: parent 1:10 limit 10240p flows 1024 quantum 1514 target 5ms interval 100ms memory_limit 32Mb ecn drop_batch 64 
 Sent 158999032 bytes 105171 pkt (dropped 0, overlimits 0 requeues 0) 
 backlog 6056b 4p requeues 0
  maxpacket 1514 drop_overlimit 0 new_flow_count 282 ecn_mark 1000 memory_used 9376
  new_flows_len 0 old_flows_len 1
======================================================================
Timestamp: 2026-04-10 15:59:28
qdisc htb 1: root refcnt 13 r2q 10 default 0x10 direct_packets_stat 0 direct_qlen 1000
 Sent 159756216 bytes 105673 pkt (dropped 0, overlimits 104997 requeues 0) 
 backlog 0b 0p requeues 0
qdisc fq_codel 20: parent 1:10 limit 10240p flows 1024 quantum 1514 target 5ms interval 100ms memory_limit 32Mb ecn drop_batch 64 
 Sent 159756216 bytes 105673 pkt (dropped 0, overlimits 0 requeues 0) 
 backlog 0b 0p requeues 0
  maxpacket 1514 drop_overlimit 0 new_flow_count 283 ecn_mark 1000
  new_flows_len 0 old_flows_len 1
