timestamp,dst_port,state,cc_algo,rto_ms,rtt_ms,rtt_var_ms,min_rtt_ms,mss_bytes,cwnd_pkts,cwnd_bytes,ssthresh_bytes,bytes_sent,bytes_acked,bytes_received,bytes_retrans,segs_out,segs_in,data_segs_out,data_segs_in,retrans_outstanding,retrans_total,pacing_rate_bps,delivery_rate_bps,delivered_pkts,snd_wnd_bytes,rcv_wnd_bytes,unacked_pkts,notsent_bytes
2026-04-02 13:40:29.149,45536,ESTAB,prague,224,20.985,4.913,20.219,1448,10,14480,NaN,2883,2883,408,NaN,4,6,3,1,NaN,NaN,11436720,1601248,4,48640,43520,NaN,NaN
2026-04-02 13:40:29.611,45548,ESTAB,prague,224,20.948,10.474,20.948,1448,10,14480,NaN,1056,NaN,406,NaN,2,3,1,1,NaN,NaN,11456880,NaN,1,42496,43520,1,NaN
2026-04-02 13:40:29.845,45548,ESTAB,prague,228,25.279,0.035,20.029,1448,30,43440,NaN,181780,161676,822,NaN,128,61,127,2,NaN,NaN,28482000,6694848,114,111616,43520,14,2528
2026-04-02 13:40:30.084,45548,ESTAB,prague,228,25.261,0.048,20.029,1448,30,43440,NaN,343324,323220,1644,NaN,241,119,240,4,NaN,NaN,28502160,6685184,227,111616,43520,14,225452
2026-04-02 13:40:30.304,45548,ESTAB,prague,228,25.274,0.036,20.029,1448,30,43440,NaN,527132,507028,1644,NaN,369,183,368,4,NaN,NaN,28486560,6695120,355,111616,43520,14,150780
2026-04-02 13:40:30.528,45548,ESTAB,prague,228,25.236,0.024,20.029,1448,30,43440,NaN,712376,690836,1644,NaN,498,247,497,4,NaN,NaN,28530480,6695120,483,111616,43520,15,183808
2026-04-02 13:40:30.754,45548,ESTAB,prague,228,25.267,0.059,20.029,1448,24,34752,34752,899056,878952,1644,NaN,628,310,627,4,NaN,NaN,11397696,6724272,614,183296,43520,14,57693
2026-04-02 13:40:30.978,45548,ESTAB,prague,232,30.214,9.968,20.029,1448,24,34752,34752,956749,956749,1644,NaN,669,338,668,4,NaN,NaN,9531648,2292776,669,183808,43520,NaN,NaN
2026-04-02 13:40:31.211,45548,ESTAB,prague,232,30.214,9.968,20.029,1448,24,34752,34752,956749,956749,1644,NaN,669,338,668,4,NaN,NaN,9531648,2292776,669,183808,43520,NaN,NaN
2026-04-02 13:40:31.450,45548,ESTAB,prague,232,30.214,9.968,20.029,1448,24,34752,34752,956749,956749,1644,NaN,669,338,668,4,NaN,NaN,9531648,2292776,669,183808,43520,NaN,NaN
2026-04-02 13:40:31.697,45548,ESTAB,prague,228,25.338,6.082,20.029,1448,24,34752,34752,989788,968248,2468,NaN,693,346,692,6,NaN,NaN,11366016,2571168,678,183808,43520,15,229760
2026-04-02 13:40:31.935,45548,ESTAB,prague,228,25.31,0.023,20.029,1448,24,34752,34752,1187956,1166416,2468,NaN,831,415,830,6,NaN,NaN,11378496,6694288,816,183808,43520,15,160832
2026-04-02 13:40:32.170,45548,ESTAB,prague,228,25.313,0.036,20.029,1448,24,34752,34752,1383252,1363148,2468,NaN,967,482,966,6,NaN,NaN,11377152,6695672,953,183808,43520,14,224016
2026-04-02 13:40:32.395,45548,ESTAB,prague,228,25.206,0.092,20.029,1448,24,34752,34752,1571368,1549828,2468,NaN,1098,547,1097,6,NaN,NaN,11425536,6701208,1083,183808,43520,15,165140
2026-04-02 13:40:32.623,45548,ESTAB,prague,228,25.304,0.028,20.029,1448,24,34752,34752,1758048,1739380,2468,NaN,1228,613,1227,6,NaN,NaN,11381184,6677480,1215,183808,43520,13,236940
2026-04-02 13:40:32.855,45548,ESTAB,prague,228,25.298,0.024,20.029,1448,24,34752,34752,1950472,1931804,2468,NaN,1362,680,1361,6,NaN,NaN,11383872,6694568,1349,183808,43520,13,173756
2026-04-02 13:40:33.091,45548,ESTAB,prague,228,25.314,0.016,20.029,1448,24,34752,34752,2147204,2127100,2468,NaN,1499,748,1498,6,NaN,NaN,11376576,6679400,1485,183808,43520,14,7199
2026-04-02 13:40:33.325,45548,ESTAB,prague,228,25.291,0.051,20.029,1448,24,34752,34752,2316671,2295131,2884,NaN,1618,808,1617,7,NaN,NaN,11386944,6658832,1603,183808,43520,15,226888
2026-04-02 13:40:33.558,45548,ESTAB,prague,228,25.298,0.029,20.029,1448,24,34752,34752,2510531,2490427,2884,NaN,1753,876,1752,7,NaN,NaN,11384064,6695400,1739,183808,43520,14,162268
2026-04-02 13:40:33.791,45548,ESTAB,prague,228,25.329,0.087,20.029,1448,24,34752,34752,2701519,2679979,2884,NaN,1886,942,1885,7,NaN,NaN,11369856,6682984,1871,183296,43520,15,229760
2026-04-02 13:40:34.021,45548,ESTAB,prague,228,25.264,0.045,20.029,1448,24,34752,34752,2891071,2872403,2884,NaN,2018,1009,2017,7,NaN,NaN,11399424,6669512,2005,183296,43520,13,169448
2026-04-02 13:40:34.245,45548,ESTAB,prague,228,25.251,0.13,20.029,1448,24,34752,34752,3079187,3059083,2884,NaN,2149,1074,2148,7,NaN,NaN,11405184,6675832,2135,183296,43520,14,239812
2026-04-02 13:40:34.469,45548,ESTAB,prague,228,25.274,0.042,20.029,1448,24,34752,34752,3262995,3242891,2884,NaN,2277,1138,2276,7,NaN,NaN,11394624,6698440,2263,183296,43520,14,136042
2026-04-02 13:40:34.694,45548,ESTAB,prague,228,24.37,0.449,20.029,1448,24,34752,34752,3432065,3410525,3300,NaN,2395,1197,2394,8,NaN,NaN,11817408,6124128,2380,183808,43520,15,226888
2026-04-02 13:40:34.920,45548,ESTAB,prague,228,25.329,0.033,20.029,1448,24,34752,34752,3618745,3597205,3300,NaN,2525,1262,2524,8,NaN,NaN,11370048,6248592,2510,183808,43520,15,169448
2026-04-02 13:40:35.155,45548,ESTAB,prague,228,25.335,0.031,20.029,1448,24,34752,34752,3814041,3792501,3300,NaN,2661,1330,2660,8,NaN,NaN,11367168,6531712,2646,183808,43520,15,232632
2026-04-02 13:40:35.379,45548,ESTAB,prague,228,25.311,0.05,20.029,1448,24,34752,34752,4000721,3979181,3300,NaN,2791,1395,2790,8,NaN,NaN,11378112,6694016,2776,183808,43520,15,175192
2026-04-02 13:40:35.603,45548,ESTAB,prague,228,25.19,0.073,20.029,1448,24,34752,34752,4187401,4165861,3300,NaN,2921,1460,2920,8,NaN,NaN,11432640,6659656,2906,183808,43520,15,246992
2026-04-02 13:40:35.826,45548,ESTAB,prague,228,25.317,0.081,20.029,1448,24,34752,34752,4368337,4349669,3300,NaN,3047,1524,3046,8,NaN,NaN,11375424,6697608,3034,183296,43520,13,185062
2026-04-02 13:40:36.052,45548,ESTAB,prague,228,24.998,0.241,20.029,1448,24,34752,34752,4553399,4533477,3300,NaN,3176,1588,3175,8,NaN,NaN,11520768,6250520,3162,183296,43520,14,NaN
2026-04-02 13:40:36.286,45548,ESTAB,prague,228,25.298,0.043,20.029,1448,24,34752,34752,4731463,4711359,3716,NaN,3300,1651,3299,9,NaN,NaN,11384256,6695120,3286,183808,43520,14,211092
2026-04-02 13:40:36.513,45548,ESTAB,prague,228,25.245,0.067,20.029,1448,24,34752,34752,4919579,4900911,3716,NaN,3431,1717,3430,9,NaN,NaN,11408064,6700928,3418,183808,43520,13,152216
2026-04-02 13:40:36.740,45548,ESTAB,prague,228,25.317,0.036,20.029,1448,24,34752,34752,5107695,5087591,3716,NaN,3562,1782,3561,9,NaN,NaN,11375424,6670064,3548,183808,43520,14,222580
2026-04-02 13:40:36.970,45548,ESTAB,prague,228,25.318,0.026,20.029,1448,24,34752,34752,5298683,5277143,3716,NaN,3695,1848,3694,9,NaN,NaN,11375040,6686560,3680,183808,43520,15,160832
2026-04-02 13:40:37.198,45548,ESTAB,prague,228,25.279,0.031,20.029,1448,24,34752,34752,5488235,5466695,3716,NaN,3827,1914,3826,9,NaN,NaN,11392512,6712304,3812,183808,43520,15,229760
2026-04-02 13:40:37.425,45548,ESTAB,prague,228,25.303,0.068,20.029,1448,24,34752,34752,5676351,5656247,3716,NaN,3958,1980,3957,9,NaN,NaN,11381568,6705640,3944,183808,43520,14,150028
2026-04-02 13:40:37.652,45548,ESTAB,prague,228,25.282,0.049,20.029,1448,24,34752,34752,5826379,5825695,3716,NaN,4063,2039,4062,9,NaN,NaN,11391360,6685464,4062,183808,43520,1,NaN
2026-04-02 13:40:37.881,45548,ESTAB,prague,228,25.411,0.191,20.029,1448,24,34752,34752,5909678,5889574,4540,NaN,4122,2065,4121,11,NaN,NaN,11333376,6699824,4108,183808,43520,14,179500
2026-04-02 13:40:38.110,45548,ESTAB,prague,228,25.241,0.101,20.029,1448,24,34752,34752,6099230,6079126,4540,NaN,4254,2131,4253,11,NaN,NaN,11409792,6707584,4240,183808,43520,14,248428
2026-04-02 13:40:38.342,45548,ESTAB,prague,228,25.293,0.059,20.029,1448,24,34752,34752,6291654,6271550,4540,NaN,4388,2198,4387,11,NaN,NaN,11386176,6665952,4374,183808,43520,14,185244
2026-04-02 13:40:38.586,45548,ESTAB,prague,228,25.362,0.067,20.029,1448,24,34752,34752,6491258,6469718,4540,NaN,4527,2267,4526,11,NaN,NaN,11355456,6652280,4512,183808,43520,15,244120
2026-04-02 13:40:38.821,45548,ESTAB,prague,228,25.244,0.12,20.029,1448,24,34752,34752,6687990,6667886,4540,NaN,4664,2336,4663,11,NaN,NaN,11408448,6247144,4650,183808,43520,14,176628
2026-04-02 13:40:39.055,45548,ESTAB,prague,228,25.353,0.048,20.029,1448,24,34752,34752,6884722,6863182,4540,NaN,4801,2404,4800,11,NaN,NaN,11359296,6671712,4786,183808,43520,15,65059
2026-04-02 13:40:39.283,45548,ESTAB,prague,232,30.704,10.771,20.029,1448,24,34752,34752,6949781,6949781,4540,NaN,4847,2435,4846,11,NaN,NaN,9379584,2462648,4847,183808,43520,NaN,NaN
2026-04-02 13:40:39.516,45548,ESTAB,prague,232,30.704,10.771,20.029,1448,24,34752,34752,6949781,6949781,4540,NaN,4847,2435,4846,11,NaN,NaN,9379584,2462648,4847,183808,43520,NaN,NaN
2026-04-02 13:40:39.751,45548,ESTAB,prague,232,30.704,10.771,20.029,1448,24,34752,34752,6949781,6949781,4540,NaN,4847,2435,4846,11,NaN,NaN,9379584,2462648,4847,183808,43520,NaN,NaN
2026-04-02 13:40:39.998,45548,ESTAB,prague,228,25.287,0.149,20.029,1448,24,34752,34752,7107752,7087648,5364,NaN,4958,2487,4957,13,NaN,NaN,11389056,6715640,4944,183808,43520,14,234068
2026-04-02 13:40:40.230,45548,ESTAB,prague,228,25.317,0.043,20.029,1448,24,34752,34752,7303048,7282944,5364,NaN,5094,2555,5093,13,NaN,NaN,11375616,6690976,5080,183808,43520,14,168012
2026-04-02 13:40:40.465,45548,ESTAB,prague,228,25.312,0.023,20.029,1448,24,34752,34752,7498344,7478240,5364,NaN,5230,2623,5229,13,NaN,NaN,11377536,6694568,5216,183808,43520,14,231196
2026-04-02 13:40:40.693,45548,ESTAB,prague,228,25.305,0.051,20.029,1448,24,34752,34752,7689332,7667792,5364,NaN,5363,2689,5362,13,NaN,NaN,11380800,6654464,5348,183808,43520,15,169448
2026-04-02 13:40:40.921,45548,ESTAB,prague,228,25.324,0.038,20.029,1448,24,34752,34752,7877448,7857344,5364,NaN,5494,2755,5493,13,NaN,NaN,11372352,6692360,5480,183808,43520,14,239812
2026-04-02 13:40:41.168,45548,ESTAB,prague,228,25.381,0.076,20.029,1448,24,34752,34752,8075616,8055512,5364,NaN,5632,2824,5631,13,NaN,NaN,11346816,6683808,5618,183808,43520,14,109356
2026-04-02 13:40:41.406,45548,ESTAB,prague,232,30.716,10.912,20.029,1448,24,34752,34752,8184972,8184972,5364,NaN,5709,2870,5708,13,NaN,NaN,9376128,2169848,5709,183808,43520,NaN,NaN
2026-04-02 13:40:41.655,45548,ESTAB,prague,232,30.716,10.912,20.029,1448,24,34752,34752,8184972,8184972,5364,NaN,5709,2870,5708,13,NaN,NaN,9376128,2169848,5709,183808,43520,NaN,NaN
2026-04-02 13:40:41.885,45548,ESTAB,prague,228,25.383,3.919,20.029,1448,24,34752,34752,8222319,8202215,6188,NaN,5736,2880,5735,15,NaN,NaN,11345856,3414488,5722,183808,43520,14,225452
2026-04-02 13:40:42.114,45548,ESTAB,prague,228,25.275,0.143,20.029,1448,24,34752,34752,8410435,8388895,6188,NaN,5867,2945,5866,15,NaN,NaN,11394432,6695400,5852,183808,43520,15,166576
2026-04-02 13:40:42.352,45548,ESTAB,prague,228,25.321,0.044,20.029,1448,24,34752,34752,8610039,8589935,6188,NaN,6006,3015,6005,15,NaN,NaN,11373696,6686008,5992,183808,43520,14,225452
2026-04-02 13:40:42.594,45548,ESTAB,prague,228,25.358,0.05,20.029,1448,24,34752,34752,8808207,8788103,6188,NaN,6144,3084,6143,15,NaN,NaN,11356992,6649824,6130,183808,43520,14,156524
2026-04-02 13:40:42.823,45548,ESTAB,prague,228,25.335,0.03,20.029,1448,24,34752,34752,9002067,8980527,6188,NaN,6279,3151,6278,15,NaN,NaN,11367360,6694848,6264,183808,43520,15,221144
2026-04-02 13:40:43.052,45548,ESTAB,prague,228,25.229,0.13,20.029,1448,24,34752,34752,9190183,9170079,6188,NaN,6410,3217,6409,15,NaN,NaN,11414976,6690152,6396,183808,43520,14,161504
2026-04-02 13:40:43.283,45548,ESTAB,prague,228,25.294,0.036,20.029,1448,24,34752,34752,9351687,9351015,6188,NaN,6523,3280,6522,15,NaN,NaN,11385792,6703976,6522,183808,43520,1,NaN
2026-04-02 13:40:43.508,45548,ESTAB,prague,232,30.3,10.039,20.029,1448,24,34752,34752,9351687,9351687,6188,NaN,6523,3281,6522,15,NaN,NaN,9504768,2567672,6523,183808,43520,NaN,NaN
2026-04-02 13:40:43.740,45548,ESTAB,prague,232,30.3,10.039,20.029,1448,24,34752,34752,9351687,9351687,6188,NaN,6523,3281,6522,15,NaN,NaN,9504768,2567672,6523,183808,43520,NaN,NaN
2026-04-02 13:40:43.972,45548,ESTAB,prague,228,25.238,0.085,20.029,1448,24,34752,34752,9443602,9423498,7012,NaN,6588,3310,6587,17,NaN,NaN,11410944,6664856,6574,183808,43520,14,170884
2026-04-02 13:40:44.199,45548,ESTAB,prague,228,25.316,0.023,20.029,1448,24,34752,34752,9631718,9610178,7012,NaN,6719,3375,6718,17,NaN,NaN,11375808,6689320,6704,183808,43520,15,241248
2026-04-02 13:40:44.427,45548,ESTAB,prague,228,25.309,0.047,20.029,1448,24,34752,34752,9819834,9799730,7012,NaN,6850,3441,6849,17,NaN,NaN,11379072,6692912,6836,183808,43520,14,182372
2026-04-02 13:40:44.659,45548,ESTAB,prague,228,25.318,0.025,20.029,1448,24,34752,34752,10012258,9992154,7012,NaN,6984,3508,6983,17,NaN,NaN,11375040,6688496,6970,183808,43520,14,248428
2026-04-02 13:40:44.891,45548,ESTAB,prague,228,25.322,0.025,20.029,1448,24,34752,34752,10204682,10184578,7012,NaN,7118,3575,7117,17,NaN,NaN,11373312,6695400,7104,183808,43520,14,185244
2026-04-02 13:40:45.120,45548,ESTAB,prague,228,25.326,0.065,20.029,1448,24,34752,34752,10394234,10374130,7012,NaN,7250,3641,7249,17,NaN,NaN,11371584,6694568,7236,183808,43520,14,176911
2026-04-02 13:40:45.353,45548,ESTAB,prague,228,25.306,0.036,20.029,1448,24,34752,34752,10571145,10569426,7012,NaN,7374,3709,7373,17,NaN,NaN,11380416,6695672,7372,183808,43520,2,NaN
2026-04-02 13:40:45.581,45548,ESTAB,prague,228,25.303,0.034,20.029,1448,24,34752,34752,10571145,10571145,7012,NaN,7374,3710,7373,17,NaN,NaN,11381760,6694848,7374,183808,43520,NaN,NaN
2026-04-02 13:40:45.808,45548,ESTAB,prague,228,25.303,0.034,20.029,1448,24,34752,34752,10571145,10571145,7012,NaN,7374,3710,7373,17,NaN,NaN,11381760,6694848,7374,183808,43520,NaN,NaN
2026-04-02 13:40:46.052,45548,ESTAB,prague,228,25.281,0.082,20.029,1448,24,34752,34752,10694652,10674548,7836,NaN,7461,3748,7460,19,NaN,NaN,11391936,6688216,7447,183808,43520,14,139292
2026-04-02 13:40:46.285,45548,ESTAB,prague,228,25.352,0.043,20.029,1448,24,34752,34752,10888512,10869844,7836,NaN,7596,3816,7595,19,NaN,NaN,11359488,6677200,7583,183808,43520,13,203912
2026-04-02 13:40:46.518,45548,ESTAB,prague,228,25.295,0.04,20.029,1448,24,34752,34752,11083808,11065140,7836,NaN,7732,3884,7731,19,NaN,NaN,11385408,6684360,7719,183808,43520,13,267096
2026-04-02 13:40:46.753,45548,ESTAB,prague,228,25.34,0.041,20.029,1448,24,34752,34752,11279104,11257564,7836,NaN,7868,3951,7867,19,NaN,NaN,11365248,6682152,7853,183808,43520,15,201040
2026-04-02 13:40:46.991,45548,ESTAB,prague,228,25.231,0.131,20.029,1448,24,34752,34752,11475836,11455732,7836,NaN,8005,4020,8004,19,NaN,NaN,11414400,6693736,7991,183808,43520,14,43630
2026-04-02 13:40:47.225,45548,ESTAB,prague,232,30.248,9.871,20.029,1448,24,34752,34752,11519466,11519466,7836,NaN,8036,4043,8035,19,NaN,NaN,9521088,2590448,8036,183808,43520,NaN,NaN
2026-04-02 13:40:47.449,45548,ESTAB,prague,232,30.248,9.871,20.029,1448,24,34752,34752,11519466,11519466,7836,NaN,8036,4043,8035,19,NaN,NaN,9521088,2590448,8036,183808,43520,NaN,NaN
2026-04-02 13:40:47.694,45548,ESTAB,prague,232,30.248,9.871,20.029,1448,24,34752,34752,11519466,11519466,7836,NaN,8036,4043,8035,19,NaN,NaN,9521088,2590448,8036,183808,43520,NaN,NaN
2026-04-02 13:40:47.924,45548,ESTAB,prague,228,26.9,9.16,20.029,1448,24,34752,34752,11522349,11522349,8244,NaN,8039,4047,8038,20,NaN,NaN,10706112,2590448,8039,183808,43520,NaN,NaN
2026-04-02 13:40:48.151,45548,ESTAB,prague,228,25.19,0.106,20.029,1448,24,34752,34752,11709029,11688925,8660,NaN,8169,4106,8168,21,NaN,NaN,11433024,6695952,8155,183808,43520,14,202476
2026-04-02 13:40:48.387,45548,ESTAB,prague,228,25.33,0.014,20.029,1448,24,34752,34752,11905761,11884221,8660,NaN,8306,4174,8305,21,NaN,NaN,11369856,6677200,8291,183808,43520,15,264224
2026-04-02 13:40:48.627,45548,ESTAB,prague,228,25.209,0.086,20.029,1448,24,34752,34752,12103929,12085261,8660,NaN,8444,4244,8443,21,NaN,NaN,11424384,6681328,8431,183808,43520,13,195296
2026-04-02 13:40:48.877,45548,ESTAB,prague,228,25.357,0.067,20.029,1448,24,34752,34752,12309277,12289173,8660,NaN,8587,4315,8586,21,NaN,NaN,11357568,6679680,8573,183808,43520,14,248428
2026-04-02 13:40:49.110,45548,ESTAB,prague,228,25.323,0.021,20.029,1448,24,34752,34752,12506009,12484469,8660,NaN,8724,4383,8723,21,NaN,NaN,11372736,6703424,8709,183808,43520,15,180936
2026-04-02 13:40:49.343,45548,ESTAB,prague,228,25.34,0.042,20.029,1448,24,34752,34752,12699869,12679765,8660,NaN,8859,4451,8858,21,NaN,NaN,11365056,6646552,8845,183808,43520,14,58313
2026-04-02 13:40:49.572,45548,ESTAB,prague,232,30.35,10.063,20.029,1448,24,34752,34752,12758182,12758182,8660,NaN,8900,4479,8899,21,NaN,NaN,9489216,2560144,8900,183808,43520,NaN,NaN
2026-04-02 13:40:49.806,45548,ESTAB,prague,232,30.35,10.063,20.029,1448,24,34752,34752,12758182,12758182,8660,NaN,8900,4479,8899,21,NaN,NaN,9489216,2560144,8900,183808,43520,NaN,NaN
2026-04-02 13:40:50.038,45548,ESTAB,prague,228,25.302,0.161,20.029,1448,24,34752,34752,12829993,12809889,9484,NaN,8951,4501,8950,23,NaN,NaN,11382336,6693464,8937,183808,43520,14,190988
2026-04-02 13:40:50.271,45548,ESTAB,prague,228,25.19,0.072,20.029,1448,24,34752,34752,13023853,13002313,9484,NaN,9086,4568,9085,23,NaN,NaN,11432832,6679400,9071,183808,43520,15,255608
2026-04-02 13:40:50.502,45548,ESTAB,prague,228,25.314,0.03,20.029,1448,24,34752,34752,13214841,13194737,9484,NaN,9219,4635,9218,23,NaN,NaN,11376576,6679952,9205,183808,43520,14,193860
2026-04-02 13:40:50.736,45548,ESTAB,prague,228,25.217,0.04,20.029,1448,24,34752,34752,13408701,13387161,9484,NaN,9354,4702,9353,23,NaN,NaN,11420544,6694848,9339,183808,43520,15,258480
2026-04-02 13:40:50.969,45548,ESTAB,prague,228,25.29,0.03,20.029,1448,24,34752,34752,13602561,13582457,9484,NaN,9489,4770,9488,23,NaN,NaN,11387712,6694568,9475,183808,43520,14,193860
2026-04-02 13:40:51.203,45548,ESTAB,prague,228,25.319,0.044,20.029,1448,24,34752,34752,13796421,13774881,9484,NaN,9624,4837,9623,23,NaN,NaN,11374464,6686288,9609,183808,43520,15,157269
2026-04-02 13:40:51.450,45548,ESTAB,prague,228,25.331,0.035,20.029,1448,24,34752,34752,13953690,13952945,9484,NaN,9734,4899,9733,23,NaN,NaN,11368896,6679680,9733,183808,43520,1,NaN
2026-04-02 13:40:51.685,45548,ESTAB,prague,232,31.049,11.462,20.029,1448,24,34752,34752,13953690,13953690,9484,NaN,9734,4900,9733,23,NaN,NaN,9275328,2366168,9734,183808,43520,NaN,NaN
2026-04-02 13:40:51.920,45548,ESTAB,prague,232,31.049,11.462,20.029,1448,24,34752,34752,13953690,13953690,9484,NaN,9734,4900,9733,23,NaN,NaN,9275328,2366168,9734,183808,43520,NaN,NaN
2026-04-02 13:40:52.143,45548,ESTAB,prague,228,25.295,0.028,20.029,1448,24,34752,34752,14091557,14071453,10308,NaN,9831,4945,9830,25,NaN,NaN,11385408,6678856,9817,183808,43520,14,254172
2026-04-02 13:40:52.371,45548,ESTAB,prague,228,25.301,0.026,20.029,1448,24,34752,34752,14281109,14261005,10308,NaN,9963,5011,9962,25,NaN,NaN,11382720,6694568,9949,183808,43520,14,193860
2026-04-02 13:40:52.598,45548,ESTAB,prague,228,25.309,0.043,20.029,1448,24,34752,34752,14469225,14447685,10308,NaN,10094,5076,10093,25,NaN,NaN,11379072,6697888,10079,183808,43520,15,264224
2026-04-02 13:40:52.825,45548,ESTAB,prague,228,25.309,0.046,20.029,1448,24,34752,34752,14657341,14637237,10308,NaN,10225,5142,10224,25,NaN,NaN,11378880,6694288,10211,183808,43520,14,205348
2026-04-02 13:40:53.057,45548,ESTAB,prague,228,25.285,0.049,20.029,1448,24,34752,34752,14849765,14829661,10308,NaN,10359,5209,10358,25,NaN,NaN,11390016,6686840,10345,183808,43520,14,142164
2026-04-02 13:40:53.286,45548,ESTAB,prague,228,25.311,0.06,20.029,1448,24,34752,34752,15039317,15019213,10308,NaN,10491,5275,10490,25,NaN,NaN,11378112,6674184,10477,183808,43520,14,31259
2026-04-02 13:40:53.518,45548,ESTAB,prague,228,25.274,0.072,20.029,1448,24,34752,34752,15070576,15070576,10308,NaN,10513,5293,10512,25,NaN,NaN,11394816,6690152,10513,183808,43520,NaN,NaN
2026-04-02 13:40:53.752,45548,ESTAB,prague,228,25.274,0.072,20.029,1448,24,34752,34752,15070576,15070576,10308,NaN,10513,5293,10512,25,NaN,NaN,11394816,6690152,10513,183808,43520,NaN,NaN
2026-04-02 13:40:53.985,45548,ESTAB,prague,228,25.274,0.072,20.029,1448,24,34752,34752,15070576,15070576,10308,NaN,10513,5293,10512,25,NaN,NaN,11394816,6690152,10513,183808,43520,NaN,NaN
2026-04-02 13:40:54.219,45548,ESTAB,prague,228,25.32,0.04,20.029,1448,24,34752,34752,15244343,15225675,11132,NaN,10635,5349,10634,27,NaN,NaN,11374080,6693464,10622,183808,43520,13,218272
2026-04-02 13:40:54.452,45548,ESTAB,prague,228,25.264,0.067,20.029,1448,24,34752,34752,15439639,15418099,11132,NaN,10771,5416,10770,27,NaN,NaN,11399424,6696776,10756,183808,43520,15,152216
2026-04-02 13:40:54.680,45548,ESTAB,prague,228,25.312,0.017,20.029,1448,24,34752,34752,15627755,15607651,11132,NaN,10902,5482,10901,27,NaN,NaN,11377536,6694848,10888,183808,43520,14,222580
2026-04-02 13:40:54.909,45548,ESTAB,prague,228,25.256,0.062,20.029,1448,24,34752,34752,15818743,15800075,11132,NaN,11035,5549,11034,27,NaN,NaN,11402880,6695952,11022,183808,43520,13,160832
2026-04-02 13:40:55.135,45548,ESTAB,prague,228,25.259,0.065,20.029,1448,24,34752,34752,16006859,15986755,11132,NaN,11166,5614,11165,27,NaN,NaN,11401344,6677200,11152,183808,43520,14,231196
2026-04-02 13:40:55.362,45548,ESTAB,prague,228,25.324,0.04,20.029,1448,24,34752,34752,16194975,16173435,11132,NaN,11297,5679,11296,27,NaN,NaN,11372160,6703696,11282,183808,43520,15,141371
2026-04-02 13:40:55.591,45548,ESTAB,prague,228,25.301,0.034,20.029,1448,24,34752,34752,16336346,16336346,11132,NaN,11396,5736,11395,27,NaN,NaN,11382720,6696776,11396,183808,43520,NaN,NaN
2026-04-02 13:40:55.832,45548,ESTAB,prague,228,25.301,0.034,20.029,1448,24,34752,34752,16336346,16336346,11132,NaN,11396,5736,11395,27,NaN,NaN,11382720,6696776,11396,183808,43520,NaN,NaN
2026-04-02 13:40:56.076,45548,ESTAB,prague,224,23.835,0.334,20.029,1448,24,34752,34752,16369385,16347845,11956,NaN,11420,5742,11419,29,NaN,NaN,12082944,6696776,11405,183808,43520,15,229760
2026-04-02 13:40:56.304,45548,ESTAB,prague,228,25.309,0.032,20.029,1448,24,34752,34752,16557501,16537397,11956,NaN,11551,5808,11550,29,NaN,NaN,11379264,6695400,11537,183808,43520,14,170884
2026-04-02 13:40:56.532,45548,ESTAB,prague,228,25.241,0.099,20.029,1448,24,34752,34752,16747053,16726949,11956,NaN,11683,5874,11682,29,NaN,NaN,11409792,6687392,11669,183808,43520,14,239812
2026-04-02 13:40:56.757,45548,ESTAB,prague,228,25.282,0.066,20.029,1448,24,34752,34752,16933733,16913629,11956,NaN,11813,5939,11812,29,NaN,NaN,11391360,6688216,11799,183808,43520,14,182372
2026-04-02 13:40:56.994,45548,ESTAB,prague,228,25.364,0.055,20.029,1448,24,34752,34752,17127593,17106053,11956,NaN,11948,6006,11947,29,NaN,NaN,11354496,6249552,11933,183808,43520,15,246992
2026-04-02 13:40:57.224,45548,ESTAB,prague,228,25.309,0.048,20.029,1448,24,34752,34752,17321453,17301349,11956,NaN,12083,6074,12082,29,NaN,NaN,11378880,6703424,12069,183808,43520,14,69519
2026-04-02 13:40:57.451,45548,ESTAB,prague,232,31.038,11.492,20.029,1448,24,34752,34752,17390972,17390972,11956,NaN,12132,6106,12131,29,NaN,NaN,9278784,2366784,12132,183808,43520,NaN,NaN
2026-04-02 13:40:57.677,45548,ESTAB,prague,232,31.038,11.492,20.029,1448,24,34752,34752,17390972,17390972,11956,NaN,12132,6106,12131,29,NaN,NaN,9278784,2366784,12132,183808,43520,NaN,NaN
2026-04-02 13:40:57.904,45548,ESTAB,prague,232,31.038,11.492,20.029,1448,24,34752,34752,17390972,17390972,11956,NaN,12132,6106,12131,29,NaN,NaN,9278784,2366784,12132,183808,43520,NaN,NaN
2026-04-02 13:40:58.127,45548,ESTAB,prague,228,25.432,1.365,20.029,1448,24,34752,34752,17438371,17419703,12780,NaN,12166,6120,12165,31,NaN,NaN,11323968,6670888,12153,183808,43520,13,215400
2026-04-02 13:40:58.361,45548,ESTAB,prague,228,25.189,0.127,20.029,1448,24,34752,34752,17629359,17609255,12780,NaN,12299,6186,12298,31,NaN,NaN,11433216,6267664,12285,183808,43520,14,153652
2026-04-02 13:40:58.588,45548,ESTAB,prague,228,25.314,0.037,20.029,1448,24,34752,34752,17820347,17801679,12780,NaN,12432,6253,12431,31,NaN,NaN,11376960,6686560,12419,183808,43520,13,221144
2026-04-02 13:40:58.827,45548,ESTAB,prague,228,25.323,0.179,20.029,1448,24,34752,34752,18012771,17994103,12780,NaN,12566,6320,12565,31,NaN,NaN,11372928,6593056,12553,183808,43520,13,157960
2026-04-02 13:40:59.057,45548,ESTAB,prague,224,23.207,0.59,20.029,1448,8,11584,11584,18183655,18152063,12780,14360,12685,6393,12684,31,6,10,4136512,3568384,12667,177664,43520,12,256557
2026-04-02 13:40:59.286,45548,ESTAB,prague,224,22.669,1.297,20.029,1448,7,10136,7240,18261199,18239659,12780,14360,12739,6432,12738,31,0,10,3705464,3080168,12724,183296,43520,5,179013
2026-04-02 13:40:59.535,45548,ESTAB,prague,224,22.425,1.533,20.029,1448,7,10136,10136,18380387,18355975,12780,14360,12822,6485,12821,31,0,10,3745784,3886688,12805,183296,43520,7,59825
2026-04-02 13:40:59.772,45548,ESTAB,prague,232,28.708,10.261,20.029,1448,9,13032,10136,18440212,18425852,12780,14360,12864,6512,12863,31,0,10,3761928,1289584,12854,184832,43520,NaN,NaN
2026-04-02 13:41:00.010,45548,ESTAB,prague,232,28.708,10.261,20.029,1448,9,13032,10136,18440212,18425852,12780,14360,12864,6512,12863,31,0,10,3761928,1289584,12854,184832,43520,NaN,NaN
2026-04-02 13:41:00.246,45548,ESTAB,prague,224,22.669,1.737,20.029,1448,8,11584,11584,18519203,18494791,13604,14360,12920,6547,12919,33,0,10,4234752,4263128,12903,183296,43520,7,183808
2026-04-02 13:41:00.492,45548,ESTAB,prague,224,22.918,1.469,20.029,1448,9,13032,10136,18647007,18619723,13604,14360,13009,6602,13008,33,0,10,4712400,3843392,12990,183296,43520,9,185244
2026-04-02 13:41:00.728,45548,ESTAB,prague,224,22.694,1.656,20.029,1448,8,11584,10136,18761887,18736039,13604,14360,13089,6654,13088,33,0,10,4230080,3126344,13071,183296,43520,8,199604
2026-04-02 13:41:00.979,45548,ESTAB,prague,224,22.661,1.42,20.029,1448,8,11584,10136,18873895,18848047,13604,14360,13167,6703,13166,33,0,10,4236160,4133632,13149,183296,43520,8,216836
2026-04-02 13:41:01.209,45548,ESTAB,prague,224,23.393,1.672,20.029,1448,7,10136,8688,18972979,18948567,13604,14360,13236,6749,13235,33,0,10,3590720,3129480,13219,183296,43520,7,246992
2026-04-02 13:41:01.438,45548,ESTAB,prague,224,23.146,1.601,20.029,1448,8,11584,11584,19084987,19059139,13604,14360,13314,6794,13313,33,0,10,4147456,3904840,13296,183296,43520,8,264224
2026-04-02 13:41:01.665,45548,ESTAB,prague,224,22.997,1.874,20.029,1448,7,10136,8688,19185507,19162531,13604,14360,13384,6840,13383,33,0,10,3652600,3623552,13368,183296,43520,6,163704
2026-04-02 13:41:01.896,45548,ESTAB,prague,224,23.167,1.618,20.029,1448,7,10136,10136,19280283,19257307,13604,14360,13450,6880,13449,33,0,10,3625776,3354760,13434,183296,43520,6,198168
2026-04-02 13:41:02.120,45548,ESTAB,prague,224,22.658,1.977,20.029,1448,7,10136,8688,19377931,19353519,13604,14360,13518,6928,13517,33,0,10,3707200,3342656,13501,183296,43520,7,229760
2026-04-02 13:41:02.350,45548,ESTAB,prague,224,22.998,3.172,20.029,1448,5,7240,7240,19454039,19432499,13604,14360,13571,6964,13570,33,0,10,2608920,2227048,13556,183296,43520,5,193861
2026-04-02 13:41:02.585,45548,ESTAB,prague,224,22.242,1.2,20.029,1448,5,7240,7240,19535891,19514351,13604,14360,13628,7001,13627,33,0,10,2697520,3350392,13613,183296,43520,5,112009
2026-04-02 13:41:02.820,45548,ESTAB,prague,224,23.434,1.707,20.029,1448,8,11584,10136,19636411,19611999,13604,14360,13698,7044,13697,33,0,10,4096576,3183288,13681,183296,43520,7,11489
2026-04-02 13:41:03.058,45548,ESTAB,prague,224,23.459,1.053,20.029,1448,6,8688,8688,19716448,19693472,14426,14360,13755,7080,13754,35,0,10,3069120,2742680,13739,183296,43520,6,192424
2026-04-02 13:41:03.300,45548,ESTAB,prague,224,23.758,1.414,20.029,1448,7,10136,8688,19806916,19782504,14426,14360,13818,7116,13817,35,0,10,3535560,3326664,13801,183296,43520,7,231196
2026-04-02 13:41:03.533,45548,ESTAB,prague,224,22.633,0.788,20.029,1448,9,13032,13032,19924668,19897384,14426,14360,13900,7163,13899,35,0,10,4771728,4139360,13881,183296,43520,9,242684
2026-04-02 13:41:03.767,45548,ESTAB,prague,224,23.042,1.178,20.029,1448,9,13032,13032,20051036,20025188,14426,14360,13988,7216,13987,35,0,10,4687056,4301344,13970,183296,43520,8,198823
2026-04-02 13:41:04.014,45548,ESTAB,prague,224,22.699,1.288,20.029,1448,8,11584,11584,20174532,20148684,14426,14360,14074,7268,14073,35,0,10,4229184,4307384,14056,183296,43520,8,75327
2026-04-02 13:41:04.251,45548,ESTAB,prague,224,23.651,1.016,20.029,1448,9,13032,10136,20285759,20261347,14842,14360,14152,7318,14151,36,0,10,4566168,3825464,14135,183296,43520,7,224016
2026-04-02 13:41:04.496,45548,ESTAB,prague,224,21.896,1.439,20.029,1448,7,10136,10136,20406383,20383407,14842,14360,14236,7374,14235,36,0,10,3836168,3676432,14220,183296,43520,6,232632
2026-04-02 13:41:04.754,45548,ESTAB,prague,224,23.852,1.583,20.029,1448,7,10136,8688,20505467,20482491,14842,14360,14305,7416,14304,36,0,10,3521560,3348616,14289,183296,43520,6,262788
2026-04-02 13:41:04.998,45548,ESTAB,prague,224,22.982,1.095,20.029,1448,7,10136,10136,20611731,20587319,14842,14360,14379,7462,14378,36,0,10,3654952,3909544,14362,183296,43520,7,156524
2026-04-02 13:41:05.248,45548,ESTAB,prague,224,22.693,1.171,20.029,1448,7,10136,10136,20730919,20707943,14842,14360,14462,7516,14461,36,0,10,3701488,3096632,14446,183296,43520,6,166576
2026-04-02 13:41:05.490,45548,ESTAB,prague,224,23.046,1.558,20.029,1448,7,10136,10136,20834311,20809899,14842,14360,14534,7560,14533,36,0,10,3644760,3248064,14517,183296,43520,7,192424
2026-04-02 13:41:05.759,45548,ESTAB,prague,224,22.323,1.291,20.029,1448,9,13032,11584,20963551,20940575,14842,14360,14624,7615,14623,36,0,10,4837968,4356728,14608,183296,43520,6,68035
2026-04-02 13:41:06.004,45548,ESTAB,prague,224,22.99,1.362,20.029,1448,8,11584,10136,21031586,21017226,14842,14360,14672,7649,14671,36,0,10,4175680,3601824,14662,183808,43520,NaN,NaN
2026-04-02 13:41:06.256,45548,ESTAB,prague,224,22.892,1.361,20.029,1448,7,10136,10136,21058881,21034469,15666,14360,14692,7658,14691,38,0,10,3669232,4135480,14675,183296,43520,7,235504
2026-04-02 13:41:06.508,45548,ESTAB,prague,224,22.127,1.365,20.029,1448,6,8688,7240,21147913,21126373,15666,14360,14754,7702,14753,38,0,10,3253824,2065528,14739,183296,43520,5,275712
2026-04-02 13:41:06.759,45548,ESTAB,prague,228,24.375,1.939,20.029,1448,7,10136,7240,21231201,21206789,15666,14360,14812,7734,14811,38,0,10,3446128,2511432,14795,183296,43520,7,192424
2026-04-02 13:41:07.006,45548,ESTAB,prague,224,23.049,1.329,20.029,1448,7,10136,8688,21330285,21307309,15666,14360,14881,7778,14880,38,0,10,3644256,3367768,14865,183296,43520,6,222580
2026-04-02 13:41:07.250,45548,ESTAB,prague,224,23.947,0.991,20.029,1448,9,13032,11584,21446601,21420753,15666,14360,14962,7823,14961,38,0,10,4509792,4282264,14944,183296,43520,8,235504
2026-04-02 13:41:07.507,45548,ESTAB,prague,224,23.012,0.721,20.029,1448,7,10136,10136,21565789,21541377,15666,14360,15045,7874,15044,38,0,10,3650248,3765160,15028,183296,43520,7,220188
2026-04-02 13:41:07.758,45548,ESTAB,prague,224,22.066,1.939,20.029,1448,7,10136,8688,21672053,21649077,15666,14360,15119,7925,15118,38,0,10,3806656,3004664,15103,183296,43520,6,113924
2026-04-02 13:41:08.007,45548,ESTAB,prague,224,22.489,1.639,20.029,1448,7,10136,8688,21772573,21748161,15666,14360,15189,7966,15188,38,0,10,3735088,3343624,15172,183296,43520,7,13404
2026-04-02 13:41:08.254,45548,ESTAB,prague,228,26.168,8.939,20.029,1448,6,8688,7240,21796040,21774500,16490,14360,15207,7982,15206,40,0,10,2751408,1295696,15192,184832,43520,5,252736
2026-04-02 13:41:08.506,45548,ESTAB,prague,224,21.936,0.687,20.029,1448,7,10136,8688,21900868,21876456,16490,14360,15280,8029,15279,40,0,10,3829224,3592728,15263,183296,43520,7,277148
2026-04-02 13:41:08.758,45548,ESTAB,prague,228,24.11,2.028,20.029,1448,7,10136,8688,22005696,21982720,16490,14360,15353,8075,15352,40,0,10,3483872,2869568,15337,183296,43520,6,172320
2026-04-02 13:41:09.014,45548,ESTAB,prague,224,23.329,2.673,20.029,1448,6,8688,7240,22101908,22078932,16490,14360,15420,8120,15419,40,0,10,3086208,2580872,15404,183296,43520,6,205348
2026-04-02 13:41:09.258,45548,ESTAB,prague,224,23.86,1.78,20.029,1448,7,10136,7240,22179452,22155040,16490,14360,15474,8153,15473,40,0,10,3520384,3020856,15457,183296,43520,7,257044
2026-04-02 13:41:09.511,45548,ESTAB,prague,224,22.306,1.545,20.029,1448,6,8688,8688,22278536,22255560,16490,14360,15543,8199,15542,40,0,10,3227712,3089184,15527,183296,43520,6,287200
2026-04-02 13:41:09.765,45548,ESTAB,prague,224,23.368,2.14,20.029,1448,6,8688,7240,22374748,22353208,16490,14360,15610,8245,15609,40,0,10,3081024,2051536,15595,183296,43520,5,190988
2026-04-02 13:41:10.022,45548,ESTAB,prague,224,22.421,2.013,20.029,1448,7,10136,8688,22475268,22450856,16490,14360,15680,8289,15679,40,0,10,3746456,3338808,15663,183296,43520,7,102282
2026-04-02 13:41:10.261,45548,ESTAB,prague,224,22.834,2.287,20.029,1448,5,7240,7240,22567172,22545632,16490,14360,15744,8335,15743,40,0,10,2627560,3097464,15729,183296,43520,5,10378
2026-04-02 13:41:10.510,45548,ESTAB,prague,224,23.345,1.087,20.029,1448,6,8688,8688,22634610,22611634,17312,14360,15792,8365,15791,42,0,10,3084048,2753608,15776,183296,43520,6,203912
2026-04-02 13:41:10.769,45548,ESTAB,prague,224,22.581,1.296,20.029,1448,7,10136,8688,22736566,22712154,17312,14360,15863,8413,15862,42,0,10,3719800,2761112,15846,183296,43520,7,231196
2026-04-02 13:41:11.022,45548,ESTAB,prague,224,23.59,3.379,20.029,1448,6,8688,8688,22839958,22818418,17312,14360,15935,8460,15934,42,0,10,3052128,2888056,15920,183296,43520,5,176820
2026-04-02 13:41:11.277,45548,ESTAB,prague,224,22.767,2.061,20.029,1448,6,8688,8688,22939042,22917502,17312,14360,16004,8506,16003,42,0,10,3162384,3045208,15989,183296,43520,5,77736
2026-04-02 13:41:11.530,45548,ESTAB,prague,224,23.374,1.653,20.029,1448,8,11584,8688,23017834,23002418,17718,14360,16060,8546,16059,43,0,10,4107072,3060848,16049,184832,43520,1,NaN
2026-04-02 13:41:11.785,45548,ESTAB,prague,232,28.954,12.401,20.029,1448,8,11584,8688,23017834,23003474,17718,14360,16060,8547,16059,43,0,10,3315456,3060848,16050,184832,43520,NaN,NaN
2026-04-02 13:41:12.037,45548,ESTAB,prague,232,28.954,12.401,20.029,1448,8,11584,8688,23017834,23003474,17718,14360,16060,8547,16059,43,0,10,3315456,3060848,16050,184832,43520,NaN,NaN
2026-04-02 13:41:12.294,45548,ESTAB,prague,232,28.954,12.401,20.029,1448,8,11584,8688,23020717,23003474,18126,14360,16063,8548,16062,44,0,10,3315456,3060848,16050,184832,43520,3,NaN
2026-04-02 13:41:12.553,45548,ESTAB,prague,224,22.388,1.608,20.029,1448,6,8688,8688,23122673,23099697,18542,14360,16134,8592,16133,45,0,10,3215952,2697464,16118,183296,43520,6,157960
2026-04-02 13:41:12.814,45548,ESTAB,prague,224,22.695,1.755,20.029,1448,7,10136,8688,23227501,23204525,18542,14360,16207,8641,16206,45,0,10,3701208,2969368,16191,183296,43520,6,182372
2026-04-02 13:41:13.066,45548,ESTAB,prague,224,22.544,1.702,20.029,1448,8,11584,10136,23336637,23315097,18542,14360,16283,8690,16282,45,0,10,4258304,3918048,16268,183296,43520,5,202476
2026-04-02 13:41:13.322,45548,ESTAB,prague,224,23.275,1.674,20.029,1448,7,10136,7240,23442901,23418489,18542,14360,16357,8736,16356,45,0,10,3608976,3074168,16340,183296,43520,7,225452
2026-04-02 13:41:13.586,45548,ESTAB,prague,224,22.68,1.443,20.029,1448,8,11584,11584,23580757,23554909,18542,14360,16453,8795,16452,45,0,10,4232704,4055312,16435,183296,43520,8,216836
2026-04-02 13:41:13.840,45548,ESTAB,prague,224,22.971,1.391,20.029,1448,7,10136,8688,23691329,23668353,18542,14360,16530,8847,16529,45,0,10,3656744,3132216,16514,183296,43520,6,127553
2026-04-02 13:41:14.093,45548,ESTAB,prague,224,22.911,0.803,20.029,1448,11,15928,13032,23818882,23799029,18542,14360,16619,8897,16618,45,0,10,5761360,5000208,16605,183296,43520,4,NaN
2026-04-02 13:41:14.338,45548,ESTAB,prague,224,23.121,1.504,20.029,1448,9,13032,13032,23828945,23807405,19366,14360,16627,8903,16626,47,0,10,4670928,4798872,16612,184832,43520,5,252736
2026-04-02 13:41:14.585,45548,ESTAB,prague,224,23.28,1.861,20.029,1448,9,13032,11584,23949569,23925157,19366,14360,16711,8954,16710,47,0,10,4638960,4103616,16694,183296,43520,7,261352
2026-04-02 13:41:14.881,45548,ESTAB,prague,224,22.428,1.53,20.029,1448,7,10136,8688,24085989,24063013,19366,14360,16806,9020,16805,47,0,10,3745280,3092088,16790,183296,43520,6,254172
2026-04-02 13:41:15.161,45548,ESTAB,prague,224,22.364,1.468,20.029,1448,9,13032,11584,24202305,24176457,19366,14360,16887,9069,16886,47,0,10,4829040,3607752,16869,183296,43520,8,267096
2026-04-02 13:41:15.409,45548,ESTAB,prague,224,22.178,0.948,20.029,1448,7,10136,10136,24320057,24297081,19366,14360,16969,9127,16968,47,0,10,3787504,4115640,16953,183296,43520,6,278584
2026-04-02 13:41:15.650,45548,ESTAB,prague,224,22.483,2.09,20.029,1448,7,10136,10136,24420577,24396165,19366,14360,17039,9175,17038,47,0,10,3735984,3350736,17022,183296,43520,7,178064
2026-04-02 13:41:15.898,45548,ESTAB,prague,224,22.294,0.472,20.029,1448,7,10136,10136,24529713,24505301,19366,14360,17115,9222,17114,47,0,10,3767680,4121136,17098,183296,43520,7,156568
2026-04-02 13:41:16.133,45548,ESTAB,prague,224,23.011,1.673,20.029,1448,7,10136,8688,24624489,24602949,19366,14360,17181,9266,17180,47,0,10,3650248,3044280,17166,183296,43520,5,61792
2026-04-02 13:41:16.377,45548,ESTAB,prague,224,23.275,1.519,20.029,1448,8,11584,8688,24697780,24674804,20190,14360,17234,9303,17233,49,0,10,4124544,3143552,17218,184832,43520,6,251300
2026-04-02 13:41:16.617,45548,ESTAB,prague,224,22.914,0.963,20.029,1448,9,13032,13032,24814096,24788248,20190,14360,17315,9350,17314,49,0,10,4713264,4313624,17297,183296,43520,8,264224
2026-04-02 13:41:16.868,45548,ESTAB,prague,224,23.303,1.127,20.029,1448,10,14480,13032,24960568,24934720,20190,14360,17417,9408,17416,49,0,10,5149440,4632360,17399,183296,43520,8,246992
2026-04-02 13:41:17.115,45548,ESTAB,prague,224,23.048,1.598,20.029,1448,7,10136,10136,25085500,25063960,20190,14360,17504,9469,17503,49,0,10,3644480,3619352,17489,183296,43520,5,251300
2026-04-02 13:41:17.359,45548,ESTAB,prague,224,22.949,1.517,20.029,1448,6,8688,8688,25175968,25152992,20190,14360,17567,9505,17566,49,0,10,3137376,3025440,17551,183296,43520,6,160832
2026-04-02 13:41:17.604,45548,ESTAB,prague,224,23.379,1.524,20.029,1448,8,11584,8688,25273616,25247768,20190,14360,17635,9548,17634,49,0,10,4106176,3356056,17617,183296,43520,8,68461
2026-04-02 13:41:17.861,45548,ESTAB,prague,232,28.262,11.691,20.029,1448,8,11584,10136,25342077,25327717,20190,14360,17683,9582,17682,49,0,10,3396736,1224856,17673,184832,43520,NaN,NaN
2026-04-02 13:41:18.103,45548,ESTAB,prague,232,28.262,11.691,20.029,1448,8,11584,10136,25342077,25327717,20190,14360,17683,9582,17682,49,0,10,3396736,1224856,17673,184832,43520,NaN,NaN
2026-04-02 13:41:18.349,45548,ESTAB,prague,232,28.262,11.691,20.029,1448,8,11584,10136,25342077,25327717,20190,14360,17683,9582,17682,49,0,10,3396736,1224856,17673,184832,43520,NaN,NaN
2026-04-02 13:41:18.599,45548,ESTAB,prague,224,22.44,1.489,20.029,1448,7,10136,10136,25433992,25409580,21014,14360,17748,9625,17747,51,0,10,3743208,3340384,17731,183296,43520,7,170884
2026-04-02 13:41:18.856,45548,ESTAB,prague,224,23.666,1.045,20.029,1448,9,13032,11584,25547436,25521588,21014,14360,17827,9673,17826,51,0,10,4563360,4032544,17809,183296,43520,8,186680
2026-04-02 13:41:19.105,45548,ESTAB,prague,224,23.242,1.276,20.029,1448,9,13032,13032,25682420,25655136,21014,14360,17921,9733,17920,51,0,10,4646664,4659896,17902,183296,43520,9,180936
2026-04-02 13:41:19.352,45548,ESTAB,prague,224,22.358,1.223,20.029,1448,9,13032,13032,25826020,25798736,21014,14360,18021,9797,18020,51,0,10,4830336,5138392,18002,183296,43520,9,166576
2026-04-02 13:41:19.598,45548,ESTAB,prague,224,23.019,1.479,20.029,1448,7,10136,10136,25959568,25935156,21014,14360,18114,9858,18113,51,0,10,3649072,3601824,18097,183296,43520,7,123891
2026-04-02 13:41:19.836,45548,ESTAB,prague,224,23.169,1.271,20.029,1448,9,13032,10136,26061524,26037112,21014,14360,18185,9905,18184,51,0,10,4661208,3890672,18168,183296,43520,7,21935
2026-04-02 13:41:20.089,45548,ESTAB,prague,224,22.403,1.039,20.029,1448,8,11584,11584,26083459,26069099,21014,14360,18201,9919,18200,51,0,10,4284928,3901272,18191,183808,43520,NaN,NaN
2026-04-02 13:41:20.341,45548,ESTAB,prague,224,22.403,1.039,20.029,1448,8,11584,11584,26083459,26069099,21014,14360,18201,9919,18200,51,0,10,4284928,3901272,18191,183808,43520,NaN,NaN
2026-04-02 13:41:20.591,45548,ESTAB,prague,224,22.064,1.047,20.029,1448,8,11584,11584,26162450,26136602,21838,14360,18257,9953,18256,53,0,10,4350912,4117656,18239,183296,43520,8,183808
2026-04-02 13:41:20.836,45548,ESTAB,prague,224,22.701,1.123,20.029,1448,7,10136,10136,26274458,26250046,21838,14360,18335,10001,18334,53,0,10,3700144,4408328,18318,183296,43520,7,201040
2026-04-02 13:41:21.086,45548,ESTAB,prague,224,23.609,1.686,20.029,1448,8,11584,11584,26385030,26360618,21838,14360,18412,10048,18411,53,0,10,4066176,3342592,18395,183296,43520,7,219708
2026-04-02 13:41:21.342,45548,ESTAB,prague,224,22.233,1.589,20.029,1448,7,10136,10136,26511398,26486986,21838,14360,18500,10109,18499,53,0,10,3778096,4460744,18483,183296,43520,7,222580
2026-04-02 13:41:21.588,45548,ESTAB,prague,224,22.903,1.654,20.029,1448,8,11584,8688,26624842,26598994,21838,14360,18579,10158,18578,53,0,10,4191488,3916344,18561,183296,43520,8,238376
2026-04-02 13:41:21.836,45548,ESTAB,prague,224,23.802,1.412,20.029,1448,7,10136,10136,26738286,26713874,21838,14360,18658,10208,18657,53,0,10,3529064,3605192,18641,183296,43520,7,162385
2026-04-02 13:41:22.084,45548,ESTAB,prague,224,22.967,1.608,20.029,1448,8,11584,11584,26850294,26824446,21838,14360,18736,10256,18735,53,0,10,4179840,3905216,18718,183296,43520,8,50377
2026-04-02 13:41:22.331,45548,ESTAB,prague,224,22.369,1.405,20.029,1448,8,11584,11584,26900671,26886311,21838,14360,18772,10286,18771,53,0,10,4291520,4453240,18762,183808,43520,NaN,NaN
2026-04-02 13:41:22.579,45548,ESTAB,prague,224,22.823,1.799,20.029,1448,6,8688,8688,26952378,26929402,22662,14360,18809,10307,18808,55,0,10,3154608,2756648,18793,183296,43520,6,211092
2026-04-02 13:41:22.815,45548,ESTAB,prague,224,23.486,1.797,20.029,1448,7,10136,8688,27039974,27016998,22662,14360,18870,10345,18869,55,0,10,3576440,3073760,18854,183296,43520,6,252736
2026-04-02 13:41:23.059,45548,ESTAB,prague,224,23.708,1.297,20.029,1448,7,10136,10136,27146238,27121826,22662,14360,18944,10385,18943,55,0,10,3543064,3909360,18927,183296,43520,7,275712
2026-04-02 13:41:23.304,45548,ESTAB,prague,224,22.964,1.616,20.029,1448,6,8688,8688,27236706,27213730,22662,14360,19007,10424,19006,55,0,10,3135312,3047616,18991,183296,43520,6,185244
2026-04-02 13:41:23.566,45548,ESTAB,prague,224,22.131,1.187,20.029,1448,8,11584,11584,27351586,27325738,22662,14360,19087,10473,19086,55,0,10,4337792,3540032,19069,183296,43520,8,199604
2026-04-02 13:41:23.802,45548,ESTAB,prague,224,22.945,0.716,20.029,1448,8,11584,11584,27459286,27433438,22662,14360,19162,10517,19161,55,0,10,4183744,3958648,19144,183296,43520,8,220323
2026-04-02 13:41:24.044,45548,ESTAB,prague,224,23.179,1.082,20.029,1448,9,13032,13032,27582782,27555498,22662,14360,19248,10569,19247,55,0,10,4659264,4359392,19229,183296,43520,9,96827
2026-04-02 13:41:24.295,45548,ESTAB,prague,224,22.772,1.707,20.029,1448,7,10136,10136,27679609,27665249,22662,14360,19316,10621,19315,55,0,10,3688720,4084984,19306,183808,43520,NaN,NaN
2026-04-02 13:41:24.539,45548,ESTAB,prague,224,22.583,1.349,20.029,1448,6,8688,8688,27702596,27681056,23486,14360,19333,10630,19332,57,0,10,3188112,2996888,19318,183296,43520,5,239812
2026-04-02 13:41:24.772,45548,ESTAB,prague,224,22.87,2.476,20.029,1448,7,10136,8688,27793064,27768652,23486,14360,19396,10671,19395,57,0,10,3672816,2664088,19379,183296,43520,7,278584
2026-04-02 13:41:25.006,45548,ESTAB,prague,228,24.316,2.265,20.029,1448,8,11584,10136,27899328,27874916,23486,14360,19470,10718,19469,57,0,10,3947968,3350184,19453,183296,43520,7,172320
2026-04-02 13:41:25.247,45548,ESTAB,prague,224,23.686,1.905,20.029,1448,8,11584,11584,28009900,27985488,23486,14360,19547,10767,19546,57,0,10,4052928,3899960,19530,183296,43520,7,190988
2026-04-02 13:41:25.501,45548,ESTAB,prague,224,23.201,2.06,20.029,1448,7,10136,8688,28126216,28101804,23486,14360,19628,10824,19627,57,0,10,3620456,3353952,19611,183296,43520,7,203912
2026-04-02 13:41:25.742,45548,ESTAB,prague,224,23.229,1.056,20.029,1448,10,14480,11584,28239660,28210940,23486,14360,19707,10869,19706,57,0,10,5165920,4334720,19687,183296,43520,10,219708
2026-04-02 13:41:25.992,45548,ESTAB,prague,224,22.59,1.505,20.029,1448,8,11584,10136,28370336,28345924,23486,14360,19798,10928,19797,57,0,10,4249536,4049992,19781,183296,43520,7,144589
2026-04-02 13:41:26.231,45548,ESTAB,prague,224,23.253,1.51,20.029,1448,7,10136,8688,28472292,28447880,23486,14360,19869,10978,19868,57,0,10,3612336,2869336,19852,183296,43520,7,42633
2026-04-02 13:41:26.484,45548,ESTAB,prague,224,23.067,2.692,20.029,1448,6,8688,7240,28514925,28500565,23486,14360,19899,11002,19898,57,0,10,3121296,2790112,19889,183296,43520,NaN,NaN
2026-04-02 13:41:26.726,45548,ESTAB,prague,224,23.145,1.794,20.029,1448,7,10136,10136,28601096,28576684,24310,14360,19960,11038,19959,59,0,10,3629136,3446736,19943,183296,43520,7,176628
2026-04-02 13:41:26.966,45548,ESTAB,prague,224,22.482,1.176,20.029,1448,8,11584,11584,28715976,28690128,24310,14360,20040,11088,20039,59,0,10,4269952,3821680,20022,183296,43520,8,190988
2026-04-02 13:41:27.211,45548,ESTAB,prague,228,24.009,1.488,20.029,1448,9,13032,13032,28839472,28813624,24310,14360,20126,11137,20125,59,0,10,4498272,4311840,20108,183296,43520,8,196732
2026-04-02 13:41:27.448,45548,ESTAB,prague,224,22.994,1.121,20.029,1448,8,11584,11584,28970148,28944300,24310,14360,20217,11191,20216,59,0,10,4174784,3717416,20199,183296,43520,8,195296
2026-04-02 13:41:27.687,45548,ESTAB,prague,224,22.924,2.073,20.029,1448,7,10136,8688,29074976,29053436,24310,14360,20290,11241,20289,59,0,10,3664136,3327456,20275,183296,43520,5,219708
2026-04-02 13:41:27.932,45548,ESTAB,prague,224,23.026,1.202,20.029,1448,7,10136,8688,29166880,29142468,24310,14360,20354,11280,20353,59,0,10,3648008,3029152,20337,183296,43520,7,206850
2026-04-02 13:41:28.176,45548,ESTAB,prague,224,22.318,1.949,20.029,1448,5,7240,7240,29248732,29227192,24310,14360,20411,11321,20410,59,0,10,2688320,2227944,20396,183296,43520,5,124998
2026-04-02 13:41:28.432,45548,ESTAB,prague,224,21.884,1.43,20.029,1448,8,11584,10136,29362176,29337764,24310,14360,20490,11369,20489,59,0,10,4386560,3909168,20473,183296,43520,7,11554
2026-04-02 13:41:28.687,45548,ESTAB,prague,224,23.05,1.337,20.029,1448,8,11584,11584,29436925,29412513,25134,14360,20544,11402,20543,61,0,10,4164800,3344104,20527,183296,43520,7,199604
2026-04-02 13:41:28.947,45548,ESTAB,prague,224,23.869,1.757,20.029,1448,7,10136,8688,29550369,29525957,25134,14360,20623,11455,20622,61,0,10,3519040,3324432,20606,183296,43520,7,215400
2026-04-02 13:41:29.181,45548,ESTAB,prague,224,23.565,1.382,20.029,1448,7,10136,8688,29646581,29623605,25134,14360,20690,11498,20689,61,0,10,3564512,2719248,20674,183296,43520,6,248428
2026-04-02 13:41:29.419,45548,ESTAB,prague,224,21.99,1.154,20.029,1448,7,10136,10136,29745665,29721253,25134,14360,20759,11542,20758,61,0,10,3819872,3781736,20742,183296,43520,7,278584
2026-04-02 13:41:29.683,45548,ESTAB,prague,224,22.557,1.105,20.029,1448,8,11584,11584,29872033,29849057,25134,14360,20847,11595,20846,61,0,10,4255808,4320952,20831,183296,43520,6,281456
2026-04-02 13:41:29.918,45548,ESTAB,prague,224,23.725,1.221,20.029,1448,7,10136,10136,29985477,29962501,25134,14360,20926,11643,20925,61,0,10,3540544,3602784,20910,183296,43520,6,168012
2026-04-02 13:41:30.150,45548,ESTAB,prague,224,21.819,1.017,20.029,1448,5,7240,7240,30073073,30051533,25134,14360,20987,11687,20986,61,0,10,2749800,2723720,20972,183296,43520,5,202769
2026-04-02 13:41:30.398,45548,ESTAB,prague,228,24.373,2.233,20.029,1448,6,8688,7240,30156361,30134821,25134,14360,21045,11723,21044,61,0,10,2953968,2571592,21030,183296,43520,5,119481
2026-04-02 13:41:30.668,45548,ESTAB,prague,224,23.229,1.425,20.029,1448,7,10136,8688,30256881,30233905,25134,14360,21115,11766,21114,61,0,10,3616144,2905680,21099,183296,43520,6,18961
2026-04-02 13:41:30.912,45548,ESTAB,prague,224,23.431,1.515,20.029,1448,6,8688,8688,30339026,30316050,25550,14360,21173,11802,21172,62,0,10,3072816,2787288,21157,183296,43520,6,196732
2026-04-02 13:41:31.177,45548,ESTAB,prague,224,23.342,1.816,20.029,1448,6,8688,7240,30428058,30405082,25550,14360,21235,11841,21234,62,0,10,3084480,2953968,21219,183296,43520,6,236940
2026-04-02 13:41:31.429,45548,ESTAB,prague,224,23.328,1.53,20.029,1448,7,10136,7240,30511346,30489806,25550,14360,21293,11879,21292,62,0,10,3600744,2625368,21278,183296,43520,5,282892
2026-04-02 13:41:31.674,45548,ESTAB,prague,224,22.923,1.175,20.029,1448,6,8688,8688,30601814,30580274,25550,14360,21356,11919,21355,62,0,10,3140832,3115528,21341,183296,43520,5,192424
2026-04-02 13:41:31.914,45548,ESTAB,prague,228,24.771,0.962,20.029,1448,8,11584,8688,30699462,30673614,25550,14360,21424,11958,21423,62,0,10,3875456,3312552,21406,183296,43520,8,147817
2026-04-02 13:41:32.146,45548,ESTAB,prague,224,22.3,1.072,20.029,1448,8,11584,11584,30812906,30788494,25550,14360,21503,12007,21502,62,0,10,4304832,3820888,21486,183296,43520,7,34373
2026-04-02 13:41:32.389,45548,ESTAB,prague,224,22.629,2.011,20.029,1448,7,10136,10136,30847279,30832919,25550,14360,21527,12029,21526,62,0,10,3711960,3898456,21517,183296,43520,NaN,NaN
2026-04-02 13:41:32.648,45548,ESTAB,prague,224,22.727,2.082,20.029,1448,6,8688,8688,30858778,30835802,26374,14360,21536,12033,21535,64,0,10,3168000,3898456,21520,184832,43520,6,251300
2026-04-02 13:41:32.894,45548,ESTAB,prague,224,22.304,0.921,20.029,1448,6,8688,8688,30949246,30926270,26374,14360,21599,12073,21598,64,0,10,3228048,3255232,21583,183296,43520,6,160832
2026-04-02 13:41:33.136,45548,ESTAB,prague,224,22.165,2.288,20.029,1448,5,7240,5792,31035406,31013866,26374,14360,21659,12115,21658,64,0,10,2310744,2226296,21644,183296,43520,5,203912
2026-04-02 13:41:33.380,45548,ESTAB,prague,224,23.473,2.32,20.029,1448,5,7240,7240,31102898,31081358,26374,14360,21706,12146,21705,64,0,10,2556000,2118312,21691,183296,43520,5,265660
2026-04-02 13:41:33.638,45548,ESTAB,prague,224,23.031,1.292,20.029,1448,6,8688,7240,31187622,31166082,26374,14360,21765,12183,21764,64,0,10,3126192,2514616,21750,183296,43520,5,180936
2026-04-02 13:41:33.888,45548,ESTAB,prague,228,24.244,3.13,20.029,1448,6,8688,7240,31266602,31243626,26374,14360,21820,12219,21819,64,0,10,2969760,2246808,21804,183296,43520,6,231196
2026-04-02 13:41:34.141,45548,ESTAB,prague,224,22.557,2.085,20.029,1448,7,10136,8688,31364250,31339838,26374,14360,21888,12262,21887,64,0,10,3723776,3271848,21871,183296,43520,7,262788
2026-04-02 13:41:34.386,45548,ESTAB,prague,224,22.572,3.095,20.029,1448,6,8688,7240,31461898,31438922,26374,14360,21956,12309,21955,64,0,10,3189696,2736200,21940,183296,43520,6,165140
2026-04-02 13:41:34.635,45548,ESTAB,prague,224,22.382,1.605,20.029,1448,9,13032,11584,31582522,31555238,26374,14360,22040,12361,22039,64,0,10,4825152,3821208,22021,183296,43520,9,62117
2026-04-02 13:41:34.883,45548,ESTAB,prague,228,24.325,1.779,20.029,1448,8,11584,10136,31678723,31654311,27196,14360,22108,12404,22107,66,0,10,3946432,3578464,22091,183296,43520,7,226888
2026-04-02 13:41:35.131,45548,ESTAB,prague,224,22.132,1.291,20.029,1448,7,10136,10136,31797911,31773499,27196,14360,22191,12458,22190,66,0,10,3795232,3829736,22174,183296,43520,7,231119
2026-04-02 13:41:35.378,45548,ESTAB,prague,224,23.914,2.915,20.029,1448,6,8688,7240,31896995,31876891,27196,14360,22260,12504,22259,66,0,10,3010752,2231232,22246,183296,43520,4,132035
2026-04-02 13:41:35.624,45548,ESTAB,prague,224,22.318,1.858,20.029,1448,7,10136,10136,31988899,31964487,27196,14360,22324,12544,22323,66,0,10,3763592,3506200,22307,183296,43520,7,40131
2026-04-02 13:41:35.869,45548,ESTAB,prague,232,28.478,11.036,20.029,1448,7,10136,8688,32030086,32015726,27602,14360,22353,12567,22352,67,0,10,2949576,2709176,22343,184832,43520,NaN,NaN
2026-04-02 13:41:36.113,45548,ESTAB,prague,232,28.478,11.036,20.029,1448,7,10136,8688,32030086,32015726,27602,14360,22353,12567,22352,67,0,10,2949576,2709176,22343,184832,43520,NaN,NaN
2026-04-02 13:41:36.358,45548,ESTAB,prague,232,28.478,11.036,20.029,1448,7,10136,8688,32030086,32015726,27602,14360,22353,12567,22352,67,0,10,2949576,2709176,22343,184832,43520,NaN,NaN
2026-04-02 13:41:36.607,45548,ESTAB,prague,232,28.478,11.036,20.029,1448,7,10136,8688,32030086,32015726,27602,14360,22353,12567,22352,67,0,10,2949576,2709176,22343,184832,43520,NaN,NaN
2026-04-02 13:41:36.855,45548,ESTAB,prague,224,23.446,1.035,20.029,1448,10,14480,11584,32107641,32080357,28426,14360,22408,12597,22407,69,0,10,5118000,4471072,22389,183296,43520,9,185244
2026-04-02 13:41:37.098,45548,ESTAB,prague,224,23.214,1.469,20.029,1448,9,13032,11584,32246933,32221085,28426,14360,22505,12657,22504,69,0,10,4652280,4451744,22487,183296,43520,8,175192
2026-04-02 13:41:37.339,45548,ESTAB,prague,224,23.0,2.02,20.029,1448,8,11584,10136,32357505,32335965,28426,14360,22582,12711,22581,69,0,10,4173696,3893032,22567,183296,43520,5,193860
2026-04-02 13:41:37.596,45548,ESTAB,prague,224,23.182,1.428,20.029,1448,9,13032,11584,32470949,32445101,28426,14360,22661,12759,22660,69,0,10,4658688,4302936,22643,183296,43520,8,209656
2026-04-02 13:41:37.847,45548,ESTAB,prague,224,23.11,1.935,20.029,1448,9,13032,11584,32601625,32574341,28426,14360,22752,12817,22751,69,0,10,4673160,4117472,22733,183296,43520,9,208220
2026-04-02 13:41:38.088,45548,ESTAB,prague,224,21.968,1.082,20.029,1448,8,11584,11584,32725121,32699273,28426,14360,22838,12872,22837,69,0,10,4369856,3727448,22820,183296,43520,8,207008
2026-04-02 13:41:38.322,45548,ESTAB,prague,224,23.226,0.977,20.029,1448,8,11584,8688,32818461,32795485,28426,14360,22903,12912,22902,69,0,10,4133120,3215688,22887,183296,43520,6,113668
2026-04-02 13:41:38.575,45548,ESTAB,prague,224,23.84,1.653,20.029,1448,6,8688,8688,32913237,32890261,28426,14360,22969,12952,22968,69,0,10,3020016,3120088,22953,183296,43520,6,18892
2026-04-02 13:41:38.830,45548,ESTAB,prague,224,23.284,1.751,20.029,1448,8,11584,11584,32979528,32953680,29250,14360,23017,12984,23016,71,0,10,4122816,3574752,22999,183296,43520,8,215400
2026-04-02 13:41:39.077,45548,ESTAB,prague,224,23.365,0.973,20.029,1448,9,13032,11584,33104460,33078612,29250,14360,23104,13037,23103,71,0,10,4622256,4458592,23086,183296,43520,8,219708
2026-04-02 13:41:39.322,45548,ESTAB,prague,224,22.531,1.505,20.029,1448,6,8688,8688,33215032,33192056,29250,14360,23181,13091,23180,71,0,10,3195504,3303416,23165,183296,43520,6,238376
2026-04-02 13:41:39.560,45548,ESTAB,prague,224,22.944,0.956,20.029,1448,9,13032,11584,33316988,33291140,29250,14360,23252,13132,23251,71,0,10,4706928,4470856,23234,183296,43520,8,193886
2026-04-02 13:41:39.809,45548,ESTAB,prague,224,23.532,0.71,20.029,1448,9,13032,11584,33447664,33420380,29250,14360,23343,13184,23342,71,0,10,4589424,4274536,23324,183296,43520,9,63210
2026-04-02 13:41:40.057,45548,ESTAB,prague,224,22.861,1.488,20.029,1448,8,11584,11584,33510874,33496514,29250,14360,23388,13218,23387,71,0,10,4199104,4121496,23378,184320,43520,NaN,NaN
2026-04-02 13:41:40.298,45548,ESTAB,prague,224,22.861,1.488,20.029,1448,8,11584,11584,33510874,33496514,29250,14360,23388,13218,23387,71,0,10,4199104,4121496,23378,184320,43520,NaN,NaN
2026-04-02 13:41:40.554,45548,ESTAB,prague,224,22.861,1.488,20.029,1448,8,11584,11584,33510874,33496514,29250,14360,23388,13218,23387,71,0,10,4199104,4121496,23378,184320,43520,NaN,NaN
2026-04-02 13:41:40.814,45548,ESTAB,prague,224,22.494,0.815,20.029,1448,8,11584,10136,33538169,33513757,30074,14360,23408,13228,23407,73,0,10,4267712,3830048,23391,183296,43520,7,235504
2026-04-02 13:41:41.053,45548,ESTAB,prague,224,22.481,1.221,20.029,1448,7,10136,10136,33647305,33624329,30074,14360,23484,13278,23483,73,0,10,3736320,4109616,23468,183296,43520,6,255608
2026-04-02 13:41:41.314,45548,ESTAB,prague,224,23.424,1.221,20.029,1448,8,11584,11584,33756441,33730593,30074,14360,23560,13324,23559,73,0,10,4098176,3925112,23542,183296,43520,8,275712
2026-04-02 13:41:41.572,45548,ESTAB,prague,224,22.575,1.938,20.029,1448,7,10136,10136,33877065,33852653,30074,14360,23644,13382,23643,73,0,10,3720864,4112720,23627,183296,43520,7,284328
2026-04-02 13:41:41.824,45548,ESTAB,prague,224,22.828,1.782,20.029,1448,8,11584,10136,33989073,33963225,30074,14360,23722,13432,23721,73,0,10,4205184,3838480,23704,183296,43520,8,172320
2026-04-02 13:41:42.081,45548,ESTAB,prague,224,22.47,0.701,20.029,1448,9,13032,13032,34118313,34091029,30074,14360,23812,13483,23811,73,0,10,4806216,5093656,23793,183296,43520,9,126508
2026-04-02 13:41:42.330,45548,ESTAB,prague,224,23.483,1.164,20.029,1448,9,13032,11584,34244821,34221705,30074,14360,23901,13538,23900,73,0,10,4598928,4524016,23884,183296,43520,7,NaN
2026-04-02 13:41:42.581,45548,ESTAB,prague,232,28.007,11.107,20.029,1448,9,13032,11584,34244821,34230461,30074,14360,23901,13543,23900,73,0,10,3856104,1578672,23891,184832,43520,NaN,NaN
2026-04-02 13:41:42.830,45548,ESTAB,prague,228,25.284,5.202,20.029,1448,9,13032,11584,34264936,34239088,30898,14360,23916,13550,23915,75,0,10,4271328,1578672,23898,184832,43520,8,242684
2026-04-02 13:41:43.079,45548,ESTAB,prague,224,22.435,1.266,20.029,1448,8,11584,11584,34401356,34376944,30898,14360,24011,13611,24010,75,0,10,4278912,4317152,23994,183296,43520,7,235504
2026-04-02 13:41:43.335,45548,ESTAB,prague,224,23.141,1.421,20.029,1448,5,7240,7240,34501876,34480336,30898,14360,24081,13658,24080,75,0,10,2592800,2569424,24066,183296,43520,5,264224
2026-04-02 13:41:43.594,45548,ESTAB,prague,224,23.39,2.937,20.029,1448,5,7240,7240,34582292,34562188,30898,14360,24137,13698,24136,75,0,10,2565120,2386872,24123,183296,43520,4,183808
2026-04-02 13:41:43.850,45548,ESTAB,prague,224,22.85,1.561,20.029,1448,6,8688,7240,34665580,34644040,30898,14360,24195,13735,24194,75,0,10,3150912,2875624,24180,183296,43520,5,229760
2026-04-02 13:41:44.100,45548,ESTAB,prague,228,24.004,1.331,20.029,1448,8,11584,10136,34760356,34734508,30898,14360,24261,13772,24260,75,0,10,3999168,3517760,24243,183296,43520,8,264224
2026-04-02 13:41:44.334,45548,ESTAB,prague,224,22.727,1.434,20.029,1448,7,10136,10136,34878108,34855132,30898,14360,24343,13828,24342,75,0,10,3695888,3834488,24327,183296,43520,6,193180
2026-04-02 13:41:44.586,45548,ESTAB,prague,224,23.46,1.408,20.029,1448,9,13032,11584,34997296,34971448,30898,14360,24426,13873,24425,75,0,10,4603392,3823096,24408,183296,43520,8,73992
2026-04-02 13:41:44.832,45548,ESTAB,prague,228,25.385,5.363,20.029,1448,7,10136,10136,35074171,35059811,31722,14360,24481,13917,24480,77,0,10,3308928,1563040,24471,184832,43520,NaN,NaN
2026-04-02 13:41:45.078,45548,ESTAB,prague,224,22.982,1.005,20.029,1448,8,11584,11584,35187615,35161767,31722,14360,24560,13960,24559,77,0,10,4176960,3762120,24542,183296,43520,8,275712
2026-04-02 13:41:45.333,45548,ESTAB,prague,224,23.434,1.577,20.029,1448,8,11584,10136,35305367,35280955,31722,14360,24642,14010,24641,77,0,10,4096576,3765160,24625,183296,43520,7,157960
2026-04-02 13:41:45.590,45548,ESTAB,prague,224,22.863,1.136,20.029,1448,7,10136,10136,35420247,35397271,31722,14360,24722,14061,24721,77,0,10,3673936,3652112,24706,183296,43520,6,172320
2026-04-02 13:41:45.840,45548,ESTAB,prague,224,23.197,1.166,20.029,1448,6,8688,8688,35520767,35497791,31722,14360,24792,14101,24791,77,0,10,3103776,3116848,24776,183296,43520,6,201040
2026-04-02 13:41:46.091,45548,ESTAB,prague,224,23.267,1.862,20.029,1448,7,10136,10136,35612671,35588259,31722,14360,24856,14140,24855,77,0,10,3610096,3302160,24839,183296,43520,7,238376
2026-04-02 13:41:46.342,45548,ESTAB,prague,224,22.146,1.507,20.029,1448,8,11584,10136,35730423,35707447,31722,14360,24938,14197,24937,77,0,10,4334720,4015944,24922,183296,43520,6,138118
2026-04-02 13:41:46.589,45548,ESTAB,prague,224,21.954,1.16,20.029,1448,8,11584,10136,35845303,35819455,31722,14360,25018,14249,25017,77,0,10,4372736,3900520,25000,183296,43520,8,23238
2026-04-02 13:41:46.832,45548,ESTAB,prague,224,22.6,1.068,20.029,1448,7,10136,10136,35868541,35854181,32130,14360,25035,14267,25034,78,0,10,3716720,3597032,25025,184832,43520,NaN,NaN
2026-04-02 13:41:47.082,45548,ESTAB,prague,224,23.344,1.805,20.029,1448,8,11584,10136,35967636,35943224,32546,14360,25105,14308,25104,79,0,10,4112192,3473456,25088,183296,43520,7,163704
2026-04-02 13:41:47.341,45548,ESTAB,prague,224,22.802,0.884,20.029,1448,8,11584,10136,36083952,36059540,32546,14360,25186,14357,25185,79,0,10,4210048,3901456,25169,183296,43520,7,176628
2026-04-02 13:41:47.591,45548,ESTAB,prague,224,22.551,1.329,20.029,1448,7,10136,10136,36200268,36177292,32546,14360,25267,14411,25266,79,0,10,3724840,3503024,25251,183296,43520,6,189552
2026-04-02 13:41:47.848,45548,ESTAB,prague,228,25.264,1.94,20.029,1448,6,8688,7240,36290736,36267760,32546,14360,25330,14450,25329,79,0,10,2849760,2646072,25314,183296,43520,6,228324
2026-04-02 13:41:48.091,45548,ESTAB,prague,224,23.0,1.013,20.029,1448,7,10136,10136,36386948,36362536,32546,14360,25397,14489,25396,79,0,10,3652152,3860040,25380,183296,43520,7,261352
2026-04-02 13:41:48.335,45548,ESTAB,prague,224,22.789,1.651,20.029,1448,6,8688,8688,36486032,36463056,32546,14360,25466,14534,25465,79,0,10,3159264,2697088,25450,183296,43520,6,162268
2026-04-02 13:41:48.584,45548,ESTAB,prague,224,23.281,1.664,20.029,1448,7,10136,10136,36589424,36565012,32546,14360,25538,14579,25537,79,0,10,3607968,3346200,25521,183296,43520,7,64344
2026-04-02 13:41:48.838,45548,ESTAB,prague,224,22.548,2.228,20.029,1448,7,10136,8688,36653768,36639408,32546,14360,25583,14616,25582,79,0,10,3725232,3352496,25573,183296,43520,NaN,NaN
2026-04-02 13:41:49.078,45548,ESTAB,prague,224,23.9,2.308,20.029,1448,5,7240,7240,36721271,36699731,33370,14360,25631,14645,25630,81,0,10,2510360,2777136,25616,183296,43520,5,195296
2026-04-02 13:41:49.321,45548,ESTAB,prague,228,24.681,2.475,20.029,1448,6,8688,8688,36798815,36775839,33370,14360,25685,14678,25684,81,0,10,2917200,2694784,25669,183296,43520,6,246992
2026-04-02 13:41:49.572,45548,ESTAB,prague,224,22.101,1.263,20.029,1448,6,8688,7240,36893591,36872051,33370,14360,25751,14725,25750,81,0,10,3257712,3102160,25736,183296,43520,5,281456
2026-04-02 13:41:49.820,45548,ESTAB,prague,224,23.506,2.837,20.029,1448,6,8688,7240,36979751,36958211,33370,14360,25811,14765,25810,81,0,10,3062976,2290504,25796,183296,43520,5,195296
2026-04-02 13:41:50.077,45548,ESTAB,prague,224,23.257,1.211,20.029,1448,6,8688,8688,37068783,37045807,33370,14360,25873,14801,25872,81,0,10,3095808,3083992,25857,183296,43520,6,235504
2026-04-02 13:41:50.313,45548,ESTAB,prague,224,23.237,1.921,20.029,1448,6,8688,7240,37153507,37131967,33370,14360,25932,14839,25931,81,0,10,3098448,2575704,25917,183296,43520,5,280020
2026-04-02 13:41:50.562,45548,ESTAB,prague,224,23.738,1.388,20.029,1448,9,13032,11584,37271259,37245411,33370,14360,26014,14886,26013,81,0,10,4549608,3632480,25996,183296,43520,8,162268
2026-04-02 13:41:50.808,45548,ESTAB,prague,228,24.299,1.223,20.029,1448,9,13032,10136,37390447,37364599,33370,14360,26097,14936,26096,81,0,10,4444416,3636760,26079,183296,43520,8,67149
2026-04-02 13:41:51.049,45548,ESTAB,prague,224,22.262,0.853,20.029,1448,10,14480,11584,37507856,37482008,33786,14360,26179,14990,26178,82,0,10,5390320,4131056,26161,183296,43520,8,209656
2026-04-02 13:41:51.298,45548,ESTAB,prague,224,22.674,1.653,20.029,1448,9,13032,11584,37637096,37612684,33786,14360,26269,15048,26268,82,0,10,4763016,4299032,26252,183296,43520,7,209656
2026-04-02 13:41:51.546,45548,ESTAB,prague,224,23.603,1.502,20.029,1448,9,13032,13032,37766336,37739052,33786,14360,26359,15102,26358,82,0,10,4575600,4043984,26340,183296,43520,9,209656
2026-04-02 13:41:51.792,45548,ESTAB,prague,228,24.085,2.282,20.029,1448,8,11584,8688,37878344,37852496,33786,14360,26437,15153,26436,82,0,10,3985728,3115792,26419,183296,43520,8,226888
2026-04-02 13:41:52.036,45548,ESTAB,prague,224,22.303,1.46,20.029,1448,7,10136,10136,37983172,37958760,33786,14360,26510,15201,26509,82,0,10,3766224,3606152,26493,183296,43520,7,251300
2026-04-02 13:41:52.278,45548,ESTAB,prague,224,22.91,1.396,20.029,1448,9,13032,13032,38105232,38077948,33786,14360,26595,15251,26594,82,0,10,4713912,4300632,26576,183296,43520,9,150492
2026-04-02 13:41:52.524,45548,ESTAB,prague,224,22.337,1.529,20.029,1448,7,10136,10136,38220112,38195700,33786,14360,26675,15304,26674,82,0,10,3760400,3609680,26658,183296,43520,7,35612
2026-04-02 13:41:52.770,45548,ESTAB,prague,224,23.333,1.539,20.029,1448,9,13032,10136,38255724,38241364,33786,14360,26700,15323,26699,82,0,10,4628520,3572000,26690,183296,43520,NaN,NaN
2026-04-02 13:41:53.015,45548,ESTAB,prague,224,23.502,1.353,20.029,1448,8,11584,11584,38284455,38258607,34610,14360,26721,15332,26720,84,0,10,4084736,4333096,26703,183296,43520,8,234068
2026-04-02 13:41:53.256,45548,ESTAB,prague,224,23.083,1.423,20.029,1448,8,11584,11584,38397899,38372051,34610,14360,26800,15382,26799,84,0,10,4158848,3910488,26782,183296,43520,8,249864
2026-04-02 13:41:53.501,45548,ESTAB,prague,224,22.896,1.467,20.029,1448,6,8688,7240,38501291,38479751,34610,14360,26872,15429,26871,84,0,10,3144624,2963032,26857,183296,43520,5,275712
2026-04-02 13:41:53.747,45548,ESTAB,prague,224,23.445,0.768,20.029,1448,9,13032,7240,38594631,38567347,34610,14360,26937,15465,26936,84,0,10,4606416,4181760,26918,183296,43520,9,182372
2026-04-02 13:41:54.000,45548,ESTAB,prague,224,22.347,0.809,20.029,1448,9,13032,11584,38735359,38709511,34610,14360,27035,15527,27034,84,0,10,4832640,4287192,27017,183296,43520,8,170884
2026-04-02 13:41:54.232,45548,ESTAB,prague,224,22.16,1.109,20.029,1448,9,13032,13032,38857419,38830135,34610,14360,27120,15581,27119,84,0,10,4873464,4528144,27101,183296,43520,9,178064
2026-04-02 13:41:54.478,45548,ESTAB,prague,224,23.266,1.321,20.029,1448,8,11584,11584,38978043,38952195,34610,14360,27204,15632,27203,84,0,10,4126080,3758056,27186,183296,43520,8,120957
2026-04-02 13:41:54.731,45548,ESTAB,prague,224,23.528,1.169,20.029,1448,10,14480,13032,39099000,39084307,34610,14360,27289,15687,27288,84,0,10,5100080,4078688,27278,183296,43520,1,NaN
2026-04-02 13:41:54.985,45548,ESTAB,prague,232,28.466,10.753,20.029,1448,10,14480,13032,39101883,39084640,35018,14360,27292,15689,27291,85,0,10,4215440,1563968,27279,184832,43520,3,NaN
2026-04-02 13:41:55.234,45548,ESTAB,prague,224,22.955,1.061,20.029,1448,9,13032,11584,39236867,39209583,35434,14360,27386,15748,27385,86,0,10,4704768,4654696,27367,183296,43520,9,254172
2026-04-02 13:41:55.473,45548,ESTAB,prague,224,22.606,1.833,20.029,1448,6,8688,8688,39343131,39320155,35434,14360,27460,15804,27459,86,0,10,3184896,2871112,27444,183296,43520,6,277148
2026-04-02 13:41:55.732,45548,ESTAB,prague,224,22.191,0.759,20.029,1448,7,10136,10136,39450831,39426419,35434,14360,27535,15850,27534,86,0,10,3785264,4110896,27518,183296,43520,7,169448
2026-04-02 13:41:55.975,45548,ESTAB,prague,224,22.354,1.363,20.029,1448,6,8688,7240,39547043,39524067,35434,14360,27602,15897,27601,86,0,10,3220800,2768768,27586,183296,43520,6,202476
2026-04-02 13:41:56.221,45548,ESTAB,prague,224,23.559,1.984,20.029,1448,7,10136,7240,39633203,39608791,35434,14360,27662,15933,27661,86,0,10,3565464,3063192,27645,183296,43520,7,245556
2026-04-02 13:41:56.468,45548,ESTAB,prague,224,23.365,2.054,20.029,1448,5,7240,7240,39713619,39692079,35434,14360,27718,15973,27717,86,0,10,2567880,2784344,27703,183296,43520,5,165140
2026-04-02 13:41:56.722,45548,ESTAB,prague,228,24.204,1.902,20.029,1448,7,10136,8688,39805523,39782547,35434,14360,27782,16011,27781,86,0,10,3470320,2571704,27766,183296,43520,6,124554
2026-04-02 13:41:56.968,45548,ESTAB,prague,224,23.17,1.991,20.029,1448,6,8688,7240,39897427,39874451,35434,14360,27846,16053,27845,86,0,10,3107376,2666296,27830,183296,43520,6,32650
2026-04-02 13:41:57.218,45548,ESTAB,prague,224,22.188,1.619,20.029,1448,6,8688,8688,39986081,39963105,35850,14360,27908,16096,27907,87,0,10,3244896,3134920,27892,183296,43520,6,203912
2026-04-02 13:41:57.465,45548,ESTAB,prague,224,23.351,1.457,20.029,1448,7,10136,8688,40077985,40055009,35850,14360,27972,16139,27971,87,0,10,3597160,3350552,27956,183296,43520,6,241248
2026-04-02 13:41:57.731,45548,ESTAB,prague,224,23.028,1.614,20.029,1448,6,8688,8688,40192865,40169889,35850,14360,28052,16187,28051,87,0,10,3126624,3017976,28036,183296,43520,6,255608
2026-04-02 13:41:57.974,45548,ESTAB,prague,224,23.294,1.528,20.029,1448,9,13032,10136,40297693,40271845,35850,14360,28125,16230,28124,87,0,10,4636368,4081024,28107,183296,43520,8,280020
2026-04-02 13:41:58.219,45548,ESTAB,prague,224,23.488,1.292,20.029,1448,8,11584,11584,40414009,40388161,35850,14360,28206,16278,28205,87,0,10,4087104,4067408,28188,183296,43520,8,163704
2026-04-02 13:41:58.469,45548,ESTAB,prague,224,22.825,1.17,20.029,1448,11,15928,14480,40548993,40518837,35850,14360,28300,16335,28299,87,0,10,5782920,5579416,28279,183296,43520,11,157960
2026-04-02 13:41:58.727,45548,ESTAB,prague,224,22.966,0.961,20.029,1448,9,13032,13032,40705517,40679669,35850,14360,28409,16406,28408,87,0,10,4702392,4348752,28391,183296,43520,8,83376
2026-04-02 13:41:58.977,45548,ESTAB,prague,224,22.778,0.847,20.029,1448,11,15928,14480,40788893,40774533,35850,14360,28468,16443,28467,87,0,10,5794976,5160136,28458,183808,43520,NaN,NaN
2026-04-02 13:41:59.229,45548,ESTAB,prague,224,22.76,1.573,20.029,1448,10,14480,14480,40898040,40870756,36674,14360,28545,16490,28544,89,0,10,5272320,4714048,28526,183296,43520,9,153652
2026-04-02 13:41:59.465,45548,ESTAB,prague,224,23.199,1.644,20.029,1448,9,13032,11584,41025844,40999996,36674,14360,28634,16549,28633,89,0,10,4655232,3573928,28616,183296,43520,8,155088
2026-04-02 13:41:59.719,45548,ESTAB,prague,224,22.479,1.823,20.029,1448,7,10136,10136,41143596,41120620,36674,14360,28716,16605,28715,89,0,10,3736656,3606312,28700,183296,43520,6,166576
2026-04-02 13:41:59.967,45548,ESTAB,prague,224,22.705,2.322,20.029,1448,7,10136,8688,41246988,41222576,36674,14360,28788,16652,28787,89,0,10,3699472,3337360,28771,183296,43520,7,192424
2026-04-02 13:42:00.215,45548,ESTAB,prague,224,22.12,1.297,20.029,1448,9,13032,13032,41377664,41350380,36674,14360,28879,16708,28878,89,0,10,4882320,4774936,28860,183296,43520,9,190988
2026-04-02 13:42:00.472,45548,ESTAB,prague,224,23.194,1.781,20.029,1448,7,10136,10136,41502596,41479620,36674,14360,28966,16770,28965,89,0,10,3621520,3336880,28950,183296,43520,6,144739
2026-04-02 13:42:00.716,45548,ESTAB,prague,224,23.15,1.589,20.029,1448,7,10136,10136,41603116,41578704,36674,14360,29036,16812,29035,89,0,10,3628408,3356544,29019,183296,43520,7,44219
2026-04-02 13:42:00.967,45548,ESTAB,prague,224,23.063,0.78,20.029,1448,9,13032,11584,41719135,41693287,37090,14360,29117,16857,29116,90,0,10,4682664,4122048,29099,183296,43520,8,188116
2026-04-02 13:42:01.226,45548,ESTAB,prague,224,22.687,1.037,20.029,1448,9,13032,11584,41845503,41821091,37090,14360,29205,16908,29204,90,0,10,4760352,4459024,29188,183296,43520,7,190988
2026-04-02 13:42:01.459,45548,ESTAB,prague,224,22.839,1.274,20.029,1448,9,13032,13032,41984795,41958947,37090,14360,29302,16967,29301,90,0,10,4728600,4308272,29284,183296,43520,8,180936
2026-04-02 13:42:01.689,45548,ESTAB,prague,224,23.044,1.689,20.029,1448,7,10136,10136,42102547,42078135,37090,14360,29384,17019,29383,90,0,10,3645152,3822312,29367,183296,43520,7,192424
2026-04-02 13:42:01.941,45548,ESTAB,prague,224,23.161,2.308,20.029,1448,6,8688,7240,42207375,42184399,37090,14360,29457,17069,29456,90,0,10,3108624,2735944,29441,183296,43520,6,216836
2026-04-02 13:42:02.195,45548,ESTAB,prague,224,22.019,1.147,20.029,1448,7,10136,10136,42316511,42292099,37090,14360,29533,17117,29532,90,0,10,3814720,3885752,29516,183296,43520,7,189447
2026-04-02 13:42:02.433,45548,ESTAB,prague,224,22.986,1.407,20.029,1448,7,10136,10136,42427083,42402671,37090,14360,29610,17169,29609,90,0,10,3654280,3911624,29593,183296,43520,7,78875
2026-04-02 13:42:02.681,45548,ESTAB,prague,224,23.098,1.83,20.029,1448,7,10136,8688,42524626,42503086,37506,14360,29678,17216,29677,91,0,10,3636528,3347648,29663,183296,43520,5,234733
2026-04-02 13:42:02.934,45548,ESTAB,prague,224,22.826,1.316,20.029,1448,6,8688,8688,42623710,42600734,37506,14360,29747,17260,29746,91,0,10,3154224,3351040,29731,183296,43520,6,135649
2026-04-02 13:42:03.187,45548,ESTAB,prague,224,23.41,1.173,20.029,1448,8,11584,11584,42738590,42712742,37506,14360,29827,17308,29826,91,0,10,4100736,4130136,29809,183296,43520,8,20769
2026-04-02 13:42:03.439,45548,ESTAB,prague,224,23.703,2.271,20.029,1448,8,11584,10136,42852699,42826851,37922,14360,29907,17358,29906,92,0,10,4050112,3343696,29889,183296,43520,8,28617
2026-04-02 13:42:03.695,45548,ESTAB,prague,224,22.895,1.68,20.029,1448,7,10136,8688,42901803,42887443,37922,14360,29942,17385,29941,92,0,10,3668784,2526824,29932,183808,43520,NaN,NaN
2026-04-02 13:42:03.955,45548,ESTAB,prague,228,24.941,2.282,20.029,1448,7,10136,7240,42973603,42950627,37922,14360,29992,17411,29991,92,0,10,3367840,2568128,29976,183296,43520,6,21456
2026-04-02 13:42:04.209,45548,ESTAB,prague,224,23.972,1.117,20.029,1448,8,11584,11584,43077358,43062998,37922,14360,30065,17453,30064,92,0,10,4004544,3563752,30055,183808,43520,NaN,NaN
2026-04-02 13:42:04.455,45548,ESTAB,prague,224,23.972,1.117,20.029,1448,8,11584,11584,43077358,43062998,37922,14360,30065,17453,30064,92,0,10,4004544,3563752,30055,183808,43520,NaN,NaN
2026-04-02 13:42:04.721,45548,ESTAB,prague,224,23.972,1.117,20.029,1448,8,11584,11584,43077358,43062998,37922,14360,30065,17453,30064,92,0,10,4004544,3563752,30055,183808,43520,NaN,NaN
2026-04-02 13:42:04.977,45548,ESTAB,prague,224,23.972,1.117,20.029,1448,8,11584,11584,43077358,43062998,37922,14360,30065,17453,30064,92,0,10,4004544,3563752,30055,183808,43520,NaN,NaN
2026-04-02 13:42:05.226,45548,ESTAB,prague,224,23.863,1.481,20.029,1448,7,10136,10136,43104653,43080241,38746,14360,30085,17462,30084,94,0,10,3520048,3496824,30068,183296,43520,7,235504
2026-04-02 13:42:05.488,45548,ESTAB,prague,224,22.663,1.443,20.029,1448,8,11584,11584,43229585,43205173,38746,14360,30172,17521,30171,94,0,10,4235776,3836552,30155,183296,43520,7,239812
2026-04-02 13:42:05.737,45548,ESTAB,prague,224,22.969,1.648,20.029,1448,8,11584,11584,43355953,43330105,38746,14360,30260,17580,30259,94,0,10,4179328,4085704,30242,183296,43520,8,242684
2026-04-02 13:42:06.002,45548,ESTAB,prague,224,23.654,2.259,20.029,1448,6,8688,7240,43450729,43429189,38746,14360,30326,17625,30325,94,0,10,3043776,2367944,30311,183296,43520,5,277148
2026-04-02 13:42:06.261,45548,ESTAB,prague,224,22.534,1.39,20.029,1448,6,8688,8688,43554121,43531145,38746,14360,30398,17671,30397,94,0,10,3195072,3605352,30382,183296,43520,6,173756
2026-04-02 13:42:06.511,45548,ESTAB,prague,224,23.058,2.526,20.029,1448,6,8688,8688,43648897,43625921,38746,14360,30464,17717,30463,94,0,10,3122448,3048816,30448,183296,43520,6,208220
2026-04-02 13:42:06.759,45548,ESTAB,prague,224,23.792,1.548,20.029,1448,8,11584,8688,43746545,43722133,38746,14360,30532,17758,30531,94,0,10,4034816,3273696,30515,183296,43520,7,147540
2026-04-02 13:42:07.008,45548,ESTAB,prague,224,23.071,1.723,20.029,1448,8,11584,10136,43858553,43835577,38746,14360,30610,17808,30609,94,0,10,4161024,3723216,30594,183296,43520,6,35532
2026-04-02 13:42:07.257,45548,ESTAB,prague,224,23.312,1.296,20.029,1448,8,11584,11584,43921380,43895532,39570,14360,30655,17834,30654,96,0,10,4117952,3881288,30637,183296,43520,8,235504
2026-04-02 13:42:07.507,45548,ESTAB,prague,224,22.576,1.344,20.029,1448,8,11584,10136,44042004,44019028,39570,14360,30739,17889,30738,96,0,10,4252160,3609360,30723,183296,43520,6,244120
2026-04-02 13:42:07.760,45548,ESTAB,prague,224,22.724,1.759,20.029,1448,7,10136,8688,44151140,44126728,39570,14360,30815,17938,30814,96,0,10,3696392,3066032,30798,183296,43520,7,264224
2026-04-02 13:42:08.021,45548,ESTAB,prague,224,23.496,1.497,20.029,1448,7,10136,7240,44244480,44221504,39570,14360,30880,17979,30879,96,0,10,3574928,3100504,30864,183296,43520,6,170884
2026-04-02 13:42:08.281,45548,ESTAB,prague,224,23.593,0.917,20.029,1448,7,10136,10136,44350744,44326332,39570,14360,30954,18023,30953,96,0,10,3560200,3355872,30937,183296,43520,7,193860
2026-04-02 13:42:08.532,45548,ESTAB,prague,224,21.621,1.364,20.029,1448,7,10136,8688,44469932,44448392,39570,14360,31037,18081,31036,96,0,10,3885000,3613384,31022,183296,43520,5,203912
2026-04-02 13:42:08.784,45548,ESTAB,prague,224,23.326,1.193,20.029,1448,8,11584,11584,44583376,44557528,39570,14360,31116,18123,31115,96,0,10,4115520,4092560,31098,183296,43520,8,136276
2026-04-02 13:42:09.041,45548,ESTAB,prague,224,23.429,1.492,20.029,1448,8,11584,11584,44706872,44681024,39570,14360,31202,18174,31201,96,0,10,4097408,3857656,31184,183296,43520,8,12780
2026-04-02 13:42:09.285,45548,ESTAB,prague,228,24.538,4.126,20.029,1448,10,14480,14480,44748383,44722535,40394,14360,31232,18193,31231,98,0,10,4890320,2720904,31214,183296,43520,8,234068
2026-04-02 13:42:09.533,45548,ESTAB,prague,224,21.853,1.503,20.029,1448,9,13032,13032,44897727,44870443,40394,14360,31336,18266,31335,98,0,10,4941936,4311728,31317,183296,43520,9,213964
2026-04-02 13:42:09.790,45548,ESTAB,prague,224,23.183,1.262,20.029,1448,8,11584,10136,45021223,44998247,40394,14360,31422,18322,31421,98,0,10,4140864,3889296,31406,183296,43520,6,219708
2026-04-02 13:42:10.034,45548,ESTAB,prague,228,24.512,2.491,20.029,1448,6,8688,7240,45104511,45082971,40394,14360,31480,18358,31479,98,0,10,2937264,2255560,31465,183296,43520,5,265660
2026-04-02 13:42:10.278,45548,ESTAB,prague,224,22.975,1.772,20.029,1448,6,8688,8688,45199287,45176311,40394,14360,31546,18399,31545,98,0,10,3133728,3363688,31530,183296,43520,6,170884
2026-04-02 13:42:10.535,45548,ESTAB,prague,224,23.844,0.989,20.029,1448,7,10136,8688,45292627,45269651,40394,14360,31611,18440,31610,98,0,10,3522792,2971520,31595,183296,43520,6,206784
2026-04-02 13:42:10.793,45548,ESTAB,prague,224,22.451,1.534,20.029,1448,6,8688,8688,45400327,45377351,40394,14360,31686,18487,31685,98,0,10,3206928,3113376,31670,183296,43520,6,159814
2026-04-02 13:42:11.042,45548,ESTAB,prague,224,23.208,1.15,20.029,1448,7,10136,8688,45493667,45470691,40394,14360,31751,18525,31750,98,0,10,3619392,3087008,31735,183296,43520,6,66474
2026-04-02 13:42:11.304,45548,ESTAB,prague,224,22.945,1.454,20.029,1448,8,11584,10136,45577384,45551536,41218,14360,31811,18565,31810,100,0,10,4183872,3599744,31793,184832,43520,8,245556
2026-04-02 13:42:11.548,45548,ESTAB,prague,224,23.271,1.82,20.029,1448,7,10136,10136,45686520,45662108,41218,14360,31887,18617,31886,100,0,10,3609592,3347696,31870,183296,43520,7,265660
2026-04-02 13:42:11.802,45548,ESTAB,prague,224,22.649,1.763,20.029,1448,6,8688,7240,45789912,45766936,41218,14360,31959,18667,31958,100,0,10,3178848,2874440,31943,183296,43520,6,162268
2026-04-02 13:42:12.041,45548,ESTAB,prague,224,23.181,1.829,20.029,1448,7,10136,10136,45891868,45867456,41218,14360,32030,18710,32029,100,0,10,3623480,3574480,32013,183296,43520,7,189552
2026-04-02 13:42:12.284,45548,ESTAB,prague,224,22.423,1.155,20.029,1448,6,8688,8688,45999568,45978028,41218,14360,32105,18757,32104,100,0,10,3210960,3885008,32090,183296,43520,5,211092
2026-04-02 13:42:12.538,45548,ESTAB,prague,224,23.26,0.843,20.029,1448,7,10136,10136,46105832,46081420,41218,14360,32179,18799,32178,100,0,10,3611272,3346864,32162,183296,43520,7,234068
2026-04-02 13:42:12.788,45548,ESTAB,prague,224,22.088,1.475,20.029,1448,8,11584,11584,46230764,46204916,41218,14360,32266,18858,32265,100,0,10,4346048,3927776,32248,183296,43520,8,126666
2026-04-02 13:42:13.026,45548,ESTAB,prague,224,22.872,1.792,20.029,1448,7,10136,10136,46342772,46319796,41218,14360,32344,18912,32343,100,0,10,3672536,3329688,32328,183296,43520,6,14658
2026-04-02 13:42:13.275,45548,ESTAB,prague,224,23.642,2.205,20.029,1448,8,11584,10136,46360302,46343070,41626,14360,32357,18924,32356,101,0,10,4060416,3344104,32345,184832,43520,2,11
2026-04-02 13:42:13.527,45548,ESTAB,prague,224,22.407,1.248,20.029,1448,8,11584,10136,46468013,46443601,42042,14360,32433,18967,32432,102,0,10,4284288,4124616,32416,183296,43520,7,281456
2026-04-02 13:42:13.784,45548,ESTAB,prague,228,24.379,1.649,20.029,1448,7,10136,8688,46580021,46557045,42042,14360,32511,19020,32510,102,0,10,3445568,2676312,32495,183296,43520,6,169448
2026-04-02 13:42:14.036,45548,ESTAB,prague,224,23.014,1.717,20.029,1448,7,10136,8688,46684849,46661873,42042,14360,32584,19068,32583,102,0,10,3649800,2877296,32568,183296,43520,6,193860
2026-04-02 13:42:14.285,45548,ESTAB,prague,224,21.29,0.973,20.029,1448,8,11584,10136,46804037,46778189,42042,14360,32667,19124,32666,102,0,10,4508992,4121312,32649,183296,43520,8,203912
2026-04-02 13:42:14.540,45548,ESTAB,prague,224,23.107,1.57,20.029,1448,8,11584,10136,46918917,46894505,42042,14360,32747,19176,32746,102,0,10,4154560,3346456,32730,183296,43520,7,218272
2026-04-02 13:42:14.792,45548,ESTAB,prague,224,21.644,0.9,20.029,1448,7,10136,10136,47046721,47022309,42042,14360,32836,19237,32835,102,0,10,3880912,4011080,32819,183296,43520,7,129999
2026-04-02 13:42:15.045,45548,ESTAB,prague,224,23.357,1.2,20.029,1448,8,11584,11584,47163037,47138625,42042,14360,32917,19288,32916,102,0,10,4109952,4110552,32900,183296,43520,7,13683
2026-04-02 13:42:15.299,45548,ESTAB,prague,232,28.52,11.639,20.029,1448,9,13032,11584,47176720,47162360,42042,14360,32927,19299,32926,102,0,10,3786768,1519256,32917,184832,43520,NaN,NaN
2026-04-02 13:42:15.547,45548,ESTAB,prague,224,23.684,2.246,20.029,1448,10,14480,13032,47297355,47271507,42866,14360,33012,19350,33011,104,0,10,5066640,4631128,32994,183296,43520,8,271404
2026-04-02 13:42:15.791,45548,ESTAB,prague,224,23.081,1.405,20.029,1448,7,10136,10136,47413671,47389259,42866,14360,33093,19401,33092,104,0,10,3639272,3693288,33076,183296,43520,7,284328
2026-04-02 13:42:16.037,45548,ESTAB,prague,224,23.457,1.783,20.029,1448,7,10136,10136,47525679,47504139,42866,14360,33171,19451,33170,104,0,10,3580920,3351296,33156,183296,43520,5,172320
2026-04-02 13:42:16.277,45548,ESTAB,prague,224,23.587,1.631,20.029,1448,8,11584,10136,47634815,47610403,42866,14360,33247,19499,33246,104,0,10,4069824,3614024,33230,183296,43520,7,192424
2026-04-02 13:42:16.521,45548,ESTAB,prague,224,22.992,1.574,20.029,1448,8,11584,10136,47751131,47726719,42866,14360,33328,19549,33327,104,0,10,4175360,3272160,33311,183296,43520,7,205348
2026-04-02 13:42:16.765,45548,ESTAB,prague,224,22.573,0.805,20.029,1448,8,11584,10136,47867447,47841599,42866,14360,33409,19598,33408,104,0,10,4252736,3814912,33391,183296,43520,8,139843
2026-04-02 13:42:17.012,45548,ESTAB,prague,224,23.38,1.346,20.029,1448,8,11584,10136,47970839,47946427,42866,14360,33481,19644,33480,104,0,10,4106048,3926584,33464,183296,43520,7,36451
2026-04-02 13:42:17.260,45548,ESTAB,prague,224,23.459,0.758,20.029,1448,8,11584,11584,48007290,47992930,42866,14360,33507,19661,33506,104,0,10,4092096,4127192,33497,183808,43520,NaN,NaN
2026-04-02 13:42:17.513,45548,ESTAB,prague,224,23.242,1.068,20.029,1448,9,13032,11584,48081973,48056125,43690,14360,33560,19690,33559,106,0,10,4646664,4111080,33542,183296,43520,8,188116
2026-04-02 13:42:17.768,45548,ESTAB,prague,224,22.302,1.545,20.029,1448,7,10136,10136,48208341,48185365,43690,14360,33648,19746,33647,106,0,10,3766280,3828944,33632,183296,43520,6,190988
2026-04-02 13:42:18.027,45548,ESTAB,prague,224,23.817,1.819,20.029,1448,7,10136,7240,48305989,48281577,43690,14360,33716,19792,33715,106,0,10,3526824,3076072,33699,183296,43520,7,222580
2026-04-02 13:42:18.286,45548,ESTAB,prague,224,23.719,1.712,20.029,1448,7,10136,8688,48400765,48377789,43690,14360,33782,19833,33781,106,0,10,3541440,2913600,33766,183296,43520,6,257044
2026-04-02 13:42:18.538,45548,ESTAB,prague,224,22.93,1.085,20.029,1448,8,11584,11584,48514209,48488361,43690,14360,33861,19881,33860,106,0,10,4186560,3912752,33843,183296,43520,8,272840
2026-04-02 13:42:18.789,45548,ESTAB,prague,224,22.313,1.28,20.029,1448,8,11584,10136,48642013,48616165,43690,14360,33950,19940,33949,106,0,10,4302272,4113632,33932,183296,43520,8,274276
2026-04-02 13:42:19.048,45548,ESTAB,prague,224,23.193,1.478,20.029,1448,9,13032,11584,48765509,48738225,43690,14360,34036,19989,34035,106,0,10,4656456,4008304,34017,183296,43520,9,165124
2026-04-02 13:42:19.282,45548,ESTAB,prague,224,22.917,1.514,20.029,1448,9,13032,11584,48886133,48858849,43690,14360,34120,20042,34119,106,0,10,4712544,3826728,34101,183296,43520,9,44500
2026-04-02 13:42:19.527,45548,ESTAB,prague,232,28.549,11.452,20.029,1448,9,13032,13032,48930633,48916273,43690,14360,34151,20066,34150,106,0,10,3782880,1544576,34141,184832,43520,NaN,NaN
2026-04-02 13:42:19.773,45548,ESTAB,prague,232,28.549,11.452,20.029,1448,9,13032,13032,48930633,48916273,43690,14360,34151,20066,34150,106,0,10,3782880,1544576,34141,184832,43520,NaN,NaN
2026-04-02 13:42:20.023,45548,ESTAB,prague,232,28.549,11.452,20.029,1448,9,13032,13032,48930633,48916273,43690,14360,34151,20066,34150,106,0,10,3782880,1544576,34141,184832,43520,NaN,NaN
2026-04-02 13:42:20.291,45548,ESTAB,prague,232,28.549,11.452,20.029,1448,9,13032,13032,48930633,48916273,43690,14360,34151,20066,34150,106,0,10,3782880,1544576,34141,184832,43520,NaN,NaN
2026-04-02 13:42:20.550,45548,ESTAB,prague,232,28.549,11.452,20.029,1448,9,13032,13032,48930633,48916273,43690,14360,34151,20066,34150,106,0,10,3782880,1544576,34141,184832,43520,NaN,NaN
2026-04-02 13:42:20.797,45548,ESTAB,prague,232,28.549,11.452,20.029,1448,9,13032,13032,48930633,48916273,43690,14360,34151,20066,34150,106,0,10,3782880,1544576,34141,184832,43520,NaN,NaN
2026-04-02 13:42:21.056,45548,ESTAB,prague,232,28.549,11.452,20.029,1448,9,13032,13032,48930633,48916273,43690,14360,34151,20066,34150,106,0,10,3782880,1544576,34141,184832,43520,NaN,NaN
2026-04-02 13:42:21.295,45548,ESTAB,prague,232,28.549,11.452,20.029,1448,9,13032,13032,48930633,48916273,43690,14360,34151,20066,34150,106,0,10,3782880,1544576,34141,184832,43520,NaN,NaN
2026-04-02 13:42:21.551,45548,ESTAB,prague,232,28.549,11.452,20.029,1448,9,13032,13032,48930633,48916273,43690,14360,34151,20066,34150,106,0,10,3782880,1544576,34141,184832,43520,NaN,NaN
2026-04-02 13:42:21.793,45548,ESTAB,prague,232,28.549,11.452,20.029,1448,9,13032,13032,48930633,48916273,43690,14360,34151,20066,34150,106,0,10,3782880,1544576,34141,184832,43520,NaN,NaN
2026-04-02 13:42:22.044,45548,ESTAB,prague,232,28.549,11.452,20.029,1448,9,13032,13032,48930633,48916273,43690,14360,34151,20066,34150,106,0,10,3782880,1544576,34141,184832,43520,NaN,NaN
2026-04-02 13:42:22.307,45548,ESTAB,prague,232,28.549,11.452,20.029,1448,9,13032,13032,48930633,48916273,43690,14360,34151,20066,34150,106,0,10,3782880,1544576,34141,184832,43520,NaN,NaN
2026-04-02 13:42:22.554,45548,ESTAB,prague,232,28.549,11.452,20.029,1448,9,13032,13032,48930633,48916273,43690,14360,34151,20066,34150,106,0,10,3782880,1544576,34141,184832,43520,NaN,NaN
2026-04-02 13:42:22.808,45548,ESTAB,prague,232,28.549,11.452,20.029,1448,9,13032,13032,48930633,48916273,43690,14360,34151,20066,34150,106,0,10,3782880,1544576,34141,184832,43520,NaN,NaN
2026-04-02 13:42:23.050,45548,ESTAB,prague,232,28.549,11.452,20.029,1448,9,13032,13032,48930633,48916273,43690,14360,34151,20066,34150,106,0,10,3782880,1544576,34141,184832,43520,NaN,NaN
2026-04-02 13:42:23.294,45548,ESTAB,prague,232,28.549,11.452,20.029,1448,9,13032,13032,48930633,48916273,43690,14360,34151,20066,34150,106,0,10,3782880,1544576,34141,184832,43520,NaN,NaN
2026-04-02 13:42:23.550,45548,ESTAB,prague,232,28.549,11.452,20.029,1448,9,13032,13032,48930633,48916273,43690,14360,34151,20066,34150,106,0,10,3782880,1544576,34141,184832,43520,NaN,NaN
2026-04-02 13:42:23.802,45548,ESTAB,prague,232,28.549,11.452,20.029,1448,9,13032,13032,48930633,48916273,43690,14360,34151,20066,34150,106,0,10,3782880,1544576,34141,184832,43520,NaN,NaN
2026-04-02 13:42:24.044,45548,ESTAB,prague,232,28.549,11.452,20.029,1448,9,13032,13032,48930633,48916273,43690,14360,34151,20066,34150,106,0,10,3782880,1544576,34141,184832,43520,NaN,NaN
2026-04-02 13:42:24.286,45548,ESTAB,prague,232,28.549,11.452,20.029,1448,9,13032,13032,48930633,48916273,43690,14360,34151,20066,34150,106,0,10,3782880,1544576,34141,184832,43520,NaN,NaN
2026-04-02 13:42:24.544,45548,ESTAB,prague,232,28.549,11.452,20.029,1448,9,13032,13032,48930633,48916273,43690,14360,34151,20066,34150,106,0,10,3782880,1544576,34141,184832,43520,NaN,NaN
2026-04-02 13:42:24.793,45548,ESTAB,prague,232,28.549,11.452,20.029,1448,9,13032,13032,48930633,48916273,43690,14360,34151,20066,34150,106,0,10,3782880,1544576,34141,184832,43520,NaN,NaN
2026-04-02 13:42:25.036,45548,ESTAB,prague,232,28.549,11.452,20.029,1448,9,13032,13032,48930633,48916273,43690,14360,34151,20066,34150,106,0,10,3782880,1544576,34141,184832,43520,NaN,NaN
2026-04-02 13:42:25.296,45548,ESTAB,prague,232,28.549,11.452,20.029,1448,9,13032,13032,48930633,48916273,43690,14360,34151,20066,34150,106,0,10,3782880,1544576,34141,184832,43520,NaN,NaN
2026-04-02 13:42:25.553,45548,ESTAB,prague,232,28.549,11.452,20.029,1448,9,13032,13032,48930633,48916273,43690,14360,34151,20066,34150,106,0,10,3782880,1544576,34141,184832,43520,NaN,NaN
2026-04-02 13:42:25.805,45548,ESTAB,prague,232,28.549,11.452,20.029,1448,9,13032,13032,48930633,48916273,43690,14360,34151,20066,34150,106,0,10,3782880,1544576,34141,184832,43520,NaN,NaN
2026-04-02 13:42:26.061,45548,ESTAB,prague,232,28.549,11.452,20.029,1448,9,13032,13032,48930633,48916273,43690,14360,34151,20066,34150,106,0,10,3782880,1544576,34141,184832,43520,NaN,NaN
2026-04-02 13:42:26.322,45548,ESTAB,prague,232,28.549,11.452,20.029,1448,9,13032,13032,48930633,48916273,43690,14360,34151,20066,34150,106,0,10,3782880,1544576,34141,184832,43520,NaN,NaN
2026-04-02 13:42:26.573,45548,ESTAB,prague,232,28.549,11.452,20.029,1448,9,13032,13032,48930633,48916273,43690,14360,34151,20066,34150,106,0,10,3782880,1544576,34141,184832,43520,NaN,NaN
2026-04-02 13:42:26.814,45548,ESTAB,prague,232,28.549,11.452,20.029,1448,9,13032,13032,48930633,48916273,43690,14360,34151,20066,34150,106,0,10,3782880,1544576,34141,184832,43520,NaN,NaN
2026-04-02 13:42:27.059,45548,ESTAB,prague,232,28.549,11.452,20.029,1448,9,13032,13032,48930633,48916273,43690,14360,34151,20066,34150,106,0,10,3782880,1544576,34141,184832,43520,NaN,NaN
2026-04-02 13:42:27.305,45548,ESTAB,prague,232,28.549,11.452,20.029,1448,9,13032,13032,48930633,48916273,43690,14360,34151,20066,34150,106,0,10,3782880,1544576,34141,184832,43520,NaN,NaN
2026-04-02 13:42:27.554,45548,ESTAB,prague,232,28.549,11.452,20.029,1448,9,13032,13032,48930633,48916273,43690,14360,34151,20066,34150,106,0,10,3782880,1544576,34141,184832,43520,NaN,NaN
2026-04-02 13:42:27.815,45548,ESTAB,prague,232,28.549,11.452,20.029,1448,9,13032,13032,48930633,48916273,43690,14360,34151,20066,34150,106,0,10,3782880,1544576,34141,184832,43520,NaN,NaN
2026-04-02 13:42:28.064,45548,ESTAB,prague,232,28.549,11.452,20.029,1448,9,13032,13032,48930633,48916273,43690,14360,34151,20066,34150,106,0,10,3782880,1544576,34141,184832,43520,NaN,NaN
2026-04-02 13:42:28.316,45548,ESTAB,prague,232,28.549,11.452,20.029,1448,9,13032,13032,48930633,48916273,43690,14360,34151,20066,34150,106,0,10,3782880,1544576,34141,184832,43520,NaN,NaN
2026-04-02 13:42:28.570,45548,ESTAB,prague,232,28.549,11.452,20.029,1448,9,13032,13032,48930633,48916273,43690,14360,34151,20066,34150,106,0,10,3782880,1544576,34141,184832,43520,NaN,NaN
2026-04-02 13:42:28.839,45548,ESTAB,prague,232,28.549,11.452,20.029,1448,9,13032,13032,48930633,48916273,43690,14360,34151,20066,34150,106,0,10,3782880,1544576,34141,184832,43520,NaN,NaN
2026-04-02 13:42:29.070,45548,ESTAB,prague,232,28.549,11.452,20.029,1448,9,13032,13032,48930633,48916273,43690,14360,34151,20066,34150,106,0,10,3782880,1544576,34141,184832,43520,NaN,NaN
2026-04-02 13:42:29.319,45548,ESTAB,prague,232,28.549,11.452,20.029,1448,9,13032,13032,48930633,48916273,43690,14360,34151,20066,34150,106,0,10,3782880,1544576,34141,184832,43520,NaN,NaN
2026-04-02 13:42:29.562,45548,ESTAB,prague,232,28.549,11.452,20.029,1448,9,13032,13032,48930633,48916273,43690,14360,34151,20066,34150,106,0,10,3782880,1544576,34141,184832,43520,NaN,NaN
2026-04-02 13:42:29.815,45548,ESTAB,prague,232,28.549,11.452,20.029,1448,9,13032,13032,48930633,48916273,43690,14360,34151,20066,34150,106,0,10,3782880,1544576,34141,184832,43520,NaN,NaN
2026-04-02 13:42:30.067,45548,ESTAB,prague,232,28.549,11.452,20.029,1448,9,13032,13032,48930633,48916273,43690,14360,34151,20066,34150,106,0,10,3782880,1544576,34141,184832,43520,NaN,NaN
2026-04-02 13:42:30.317,45548,ESTAB,prague,232,28.549,11.452,20.029,1448,9,13032,13032,48930633,48916273,43690,14360,34151,20066,34150,106,0,10,3782880,1544576,34141,184832,43520,NaN,NaN
2026-04-02 13:42:30.580,45548,ESTAB,prague,232,28.549,11.452,20.029,1448,9,13032,13032,48930633,48916273,43690,14360,34151,20066,34150,106,0,10,3782880,1544576,34141,184832,43520,NaN,NaN
2026-04-02 13:42:30.822,45548,ESTAB,prague,232,28.549,11.452,20.029,1448,9,13032,13032,48930633,48916273,43690,14360,34151,20066,34150,106,0,10,3782880,1544576,34141,184832,43520,NaN,NaN
2026-04-02 13:42:31.073,45548,ESTAB,prague,232,28.549,11.452,20.029,1448,9,13032,13032,48930633,48916273,43690,14360,34151,20066,34150,106,0,10,3782880,1544576,34141,184832,43520,NaN,NaN
2026-04-02 13:42:31.321,45548,ESTAB,prague,232,28.549,11.452,20.029,1448,9,13032,13032,48930633,48916273,43690,14360,34151,20066,34150,106,0,10,3782880,1544576,34141,184832,43520,NaN,NaN
2026-04-02 13:42:31.560,45548,ESTAB,prague,232,28.549,11.452,20.029,1448,9,13032,13032,48930633,48916273,43690,14360,34151,20066,34150,106,0,10,3782880,1544576,34141,184832,43520,NaN,NaN
2026-04-02 13:42:31.805,45548,ESTAB,prague,232,28.549,11.452,20.029,1448,9,13032,13032,48930633,48916273,43690,14360,34151,20066,34150,106,0,10,3782880,1544576,34141,184832,43520,NaN,NaN
2026-04-02 13:42:32.063,45548,ESTAB,prague,232,28.549,11.452,20.029,1448,9,13032,13032,48930633,48916273,43690,14360,34151,20066,34150,106,0,10,3782880,1544576,34141,184832,43520,NaN,NaN
2026-04-02 13:42:32.325,45548,ESTAB,prague,232,28.549,11.452,20.029,1448,9,13032,13032,48930633,48916273,43690,14360,34151,20066,34150,106,0,10,3782880,1544576,34141,184832,43520,NaN,NaN
2026-04-02 13:42:32.568,45548,ESTAB,prague,232,28.549,11.452,20.029,1448,9,13032,13032,48930633,48916273,43690,14360,34151,20066,34150,106,0,10,3782880,1544576,34141,184832,43520,NaN,NaN
2026-04-02 13:42:32.811,45548,ESTAB,prague,232,28.549,11.452,20.029,1448,9,13032,13032,48930633,48916273,43690,14360,34151,20066,34150,106,0,10,3782880,1544576,34141,184832,43520,NaN,NaN
2026-04-02 13:42:33.062,45548,ESTAB,prague,232,28.549,11.452,20.029,1448,9,13032,13032,48930633,48916273,43690,14360,34151,20066,34150,106,0,10,3782880,1544576,34141,184832,43520,NaN,NaN
2026-04-02 13:42:33.323,45548,ESTAB,prague,232,28.549,11.452,20.029,1448,9,13032,13032,48930633,48916273,43690,14360,34151,20066,34150,106,0,10,3782880,1544576,34141,184832,43520,NaN,NaN
2026-04-02 13:42:33.588,45548,ESTAB,prague,232,28.549,11.452,20.029,1448,9,13032,13032,48930633,48916273,43690,14360,34151,20066,34150,106,0,10,3782880,1544576,34141,184832,43520,NaN,NaN
2026-04-02 13:42:33.831,45548,ESTAB,prague,232,28.549,11.452,20.029,1448,9,13032,13032,48930633,48916273,43690,14360,34151,20066,34150,106,0,10,3782880,1544576,34141,184832,43520,NaN,NaN
2026-04-02 13:42:34.087,45548,ESTAB,prague,232,28.549,11.452,20.029,1448,9,13032,13032,48930633,48916273,43690,14360,34151,20066,34150,106,0,10,3782880,1544576,34141,184832,43520,NaN,NaN
2026-04-02 13:42:34.340,45548,ESTAB,prague,232,28.549,11.452,20.029,1448,9,13032,13032,48930633,48916273,43690,14360,34151,20066,34150,106,0,10,3782880,1544576,34141,184832,43520,NaN,NaN
2026-04-02 13:42:34.594,45548,ESTAB,prague,232,28.549,11.452,20.029,1448,9,13032,13032,48930633,48916273,43690,14360,34151,20066,34150,106,0,10,3782880,1544576,34141,184832,43520,NaN,NaN
2026-04-02 13:42:34.838,45548,ESTAB,prague,232,28.549,11.452,20.029,1448,9,13032,13032,48930633,48916273,43690,14360,34152,20067,34150,106,0,10,3782880,1544576,34141,184832,43520,NaN,NaN
2026-04-02 13:42:35.083,45548,ESTAB,prague,232,28.549,11.452,20.029,1448,9,13032,13032,48930633,48916273,43690,14360,34152,20067,34150,106,0,10,3782880,1544576,34141,184832,43520,NaN,NaN
2026-04-02 13:42:35.325,45548,ESTAB,prague,232,28.549,11.452,20.029,1448,9,13032,13032,48930633,48916273,43690,14360,34152,20067,34150,106,0,10,3782880,1544576,34141,184832,43520,NaN,NaN
2026-04-02 13:42:35.564,45548,ESTAB,prague,232,28.549,11.452,20.029,1448,9,13032,13032,48930633,48916273,43690,14360,34152,20067,34150,106,0,10,3782880,1544576,34141,184832,43520,NaN,NaN
2026-04-02 13:42:35.811,45548,ESTAB,prague,232,28.549,11.452,20.029,1448,9,13032,13032,48930633,48916273,43690,14360,34152,20067,34150,106,0,10,3782880,1544576,34141,184832,43520,NaN,NaN
2026-04-02 13:42:36.060,45548,ESTAB,prague,232,28.549,11.452,20.029,1448,9,13032,13032,48930633,48916273,43690,14360,34152,20067,34150,106,0,10,3782880,1544576,34141,184832,43520,NaN,NaN
2026-04-02 13:42:36.307,45548,ESTAB,prague,232,28.549,11.452,20.029,1448,9,13032,13032,48930633,48916273,43690,14360,34152,20067,34150,106,0,10,3782880,1544576,34141,184832,43520,NaN,NaN
2026-04-02 13:42:36.560,45548,ESTAB,prague,232,28.549,11.452,20.029,1448,9,13032,13032,48930633,48916273,43690,14360,34152,20067,34150,106,0,10,3782880,1544576,34141,184832,43520,NaN,NaN
2026-04-02 13:42:36.800,45548,ESTAB,prague,232,28.549,11.452,20.029,1448,9,13032,13032,48930633,48916273,43690,14360,34152,20067,34150,106,0,10,3782880,1544576,34141,184832,43520,NaN,NaN
2026-04-02 13:42:37.045,45548,ESTAB,prague,232,28.549,11.452,20.029,1448,9,13032,13032,48930633,48916273,43690,14360,34152,20067,34150,106,0,10,3782880,1544576,34141,184832,43520,NaN,NaN
2026-04-02 13:42:37.287,45548,ESTAB,prague,232,28.549,11.452,20.029,1448,9,13032,13032,48930633,48916273,43690,14360,34152,20067,34150,106,0,10,3782880,1544576,34141,184832,43520,NaN,NaN
2026-04-02 13:42:37.527,45548,ESTAB,prague,232,28.549,11.452,20.029,1448,9,13032,13032,48930633,48916273,43690,14360,34152,20067,34150,106,0,10,3782880,1544576,34141,184832,43520,NaN,NaN
2026-04-02 13:42:37.767,45548,ESTAB,prague,228,26.855,7.143,20.029,1448,7,10136,10136,48933516,48919156,44098,14360,34155,20071,34153,107,0,10,3127768,1544576,34144,184320,43520,NaN,NaN
2026-04-02 13:42:38.012,45548,ESTAB,prague,228,26.855,7.143,20.029,1448,7,10136,10136,48933516,48919156,44098,14360,34155,20071,34153,107,0,10,3127768,1544576,34144,184320,43520,NaN,NaN
2026-04-02 13:42:38.260,45548,ESTAB,prague,228,26.855,7.143,20.029,1448,7,10136,10136,48933516,48919156,44098,14360,34155,20071,34153,107,0,10,3127768,1544576,34144,184320,43520,NaN,NaN
2026-04-02 13:42:38.506,45548,ESTAB,prague,228,26.855,7.143,20.029,1448,7,10136,10136,48933516,48919156,44098,14360,34155,20071,34153,107,0,10,3127768,1544576,34144,184320,43520,NaN,NaN
2026-04-02 13:42:38.764,45548,ESTAB,prague,228,26.855,7.143,20.029,1448,7,10136,10136,48933516,48919156,44098,14360,34155,20071,34153,107,0,10,3127768,1544576,34144,184320,43520,NaN,NaN
2026-04-02 13:42:39.019,45548,ESTAB,prague,228,26.855,7.143,20.029,1448,7,10136,10136,48933516,48919156,44098,14360,34155,20071,34153,107,0,10,3127768,1544576,34144,184320,43520,NaN,NaN
2026-04-02 13:42:39.262,45548,ESTAB,prague,228,26.855,7.143,20.029,1448,7,10136,10136,48933516,48919156,44098,14360,34155,20071,34153,107,0,10,3127768,1544576,34144,184320,43520,NaN,NaN
2026-04-02 13:42:39.516,45548,ESTAB,prague,228,26.855,7.143,20.029,1448,7,10136,10136,48933516,48919156,44098,14360,34155,20071,34153,107,0,10,3127768,1544576,34144,184320,43520,NaN,NaN
2026-04-02 13:42:39.757,45548,ESTAB,prague,228,26.855,7.143,20.029,1448,7,10136,10136,48933516,48919156,44098,14360,34155,20071,34153,107,0,10,3127768,1544576,34144,184320,43520,NaN,NaN
2026-04-02 13:42:40.011,45548,ESTAB,prague,228,26.855,7.143,20.029,1448,7,10136,10136,48933516,48919156,44098,14360,34155,20071,34153,107,0,10,3127768,1544576,34144,184320,43520,NaN,NaN
2026-04-02 13:42:40.264,45548,ESTAB,prague,228,26.855,7.143,20.029,1448,7,10136,10136,48933516,48919156,44098,14360,34155,20071,34153,107,0,10,3127768,1544576,34144,184320,43520,NaN,NaN
2026-04-02 13:42:40.523,45548,ESTAB,prague,228,26.855,7.143,20.029,1448,7,10136,10136,48933516,48919156,44098,14360,34155,20071,34153,107,0,10,3127768,1544576,34144,184320,43520,NaN,NaN
2026-04-02 13:42:40.773,45548,ESTAB,prague,228,26.855,7.143,20.029,1448,7,10136,10136,48933516,48919156,44098,14360,34155,20071,34153,107,0,10,3127768,1544576,34144,184320,43520,NaN,NaN
2026-04-02 13:42:41.023,45548,ESTAB,prague,228,26.855,7.143,20.029,1448,7,10136,10136,48933516,48919156,44098,14360,34155,20071,34153,107,0,10,3127768,1544576,34144,184320,43520,NaN,NaN
2026-04-02 13:42:41.278,45548,ESTAB,prague,228,26.855,7.143,20.029,1448,7,10136,10136,48933516,48919156,44098,14360,34155,20071,34153,107,0,10,3127768,1544576,34144,184320,43520,NaN,NaN
2026-04-02 13:42:41.534,45548,ESTAB,prague,228,26.855,7.143,20.029,1448,7,10136,10136,48933516,48919156,44098,14360,34155,20071,34153,107,0,10,3127768,1544576,34144,184320,43520,NaN,NaN
2026-04-02 13:42:41.794,45548,ESTAB,prague,228,26.855,7.143,20.029,1448,7,10136,10136,48933516,48919156,44098,14360,34155,20071,34153,107,0,10,3127768,1544576,34144,184320,43520,NaN,NaN
2026-04-02 13:42:42.042,45548,ESTAB,prague,228,26.855,7.143,20.029,1448,7,10136,10136,48933516,48919156,44098,14360,34155,20071,34153,107,0,10,3127768,1544576,34144,184320,43520,NaN,NaN
2026-04-02 13:42:42.285,45548,ESTAB,prague,228,26.855,7.143,20.029,1448,7,10136,10136,48933516,48919156,44098,14360,34155,20071,34153,107,0,10,3127768,1544576,34144,184320,43520,NaN,NaN
2026-04-02 13:42:42.535,45548,ESTAB,prague,228,26.855,7.143,20.029,1448,7,10136,10136,48933516,48919156,44098,14360,34155,20071,34153,107,0,10,3127768,1544576,34144,184320,43520,NaN,NaN
2026-04-02 13:42:42.781,45548,ESTAB,prague,228,26.855,7.143,20.029,1448,7,10136,10136,48933516,48919156,44098,14360,34155,20071,34153,107,0,10,3127768,1544576,34144,184320,43520,NaN,NaN
2026-04-02 13:42:43.023,45548,ESTAB,prague,228,26.855,7.143,20.029,1448,7,10136,10136,48933516,48919156,44098,14360,34155,20071,34153,107,0,10,3127768,1544576,34144,184320,43520,NaN,NaN
2026-04-02 13:42:43.266,45548,ESTAB,prague,228,26.855,7.143,20.029,1448,7,10136,10136,48933516,48919156,44098,14360,34155,20071,34153,107,0,10,3127768,1544576,34144,184320,43520,NaN,NaN
2026-04-02 13:42:43.505,45548,ESTAB,prague,228,26.855,7.143,20.029,1448,7,10136,10136,48933516,48919156,44098,14360,34155,20071,34153,107,0,10,3127768,1544576,34144,184320,43520,NaN,NaN
2026-04-02 13:42:43.741,45548,ESTAB,prague,228,26.855,7.143,20.029,1448,7,10136,10136,48933516,48919156,44098,14360,34155,20071,34153,107,0,10,3127768,1544576,34144,184320,43520,NaN,NaN
2026-04-02 13:42:43.978,45548,ESTAB,prague,228,26.855,7.143,20.029,1448,7,10136,10136,48933516,48919156,44098,14360,34155,20071,34153,107,0,10,3127768,1544576,34144,184320,43520,NaN,NaN
2026-04-02 13:42:44.220,45548,ESTAB,prague,228,26.855,7.143,20.029,1448,7,10136,10136,48933516,48919156,44098,14360,34155,20071,34153,107,0,10,3127768,1544576,34144,184320,43520,NaN,NaN
2026-04-02 13:42:44.459,45548,ESTAB,prague,228,26.855,7.143,20.029,1448,7,10136,10136,48933516,48919156,44098,14360,34155,20071,34153,107,0,10,3127768,1544576,34144,184320,43520,NaN,NaN
2026-04-02 13:42:44.710,45548,ESTAB,prague,228,26.855,7.143,20.029,1448,7,10136,10136,48933516,48919156,44098,14360,34155,20071,34153,107,0,10,3127768,1544576,34144,184320,43520,NaN,NaN
2026-04-02 13:42:44.959,45548,ESTAB,prague,228,26.855,7.143,20.029,1448,7,10136,10136,48933516,48919156,44098,14360,34155,20071,34153,107,0,10,3127768,1544576,34144,184320,43520,NaN,NaN
2026-04-02 13:42:45.208,45548,ESTAB,prague,228,26.855,7.143,20.029,1448,7,10136,10136,48933516,48919156,44098,14360,34155,20071,34153,107,0,10,3127768,1544576,34144,184320,43520,NaN,NaN
2026-04-02 13:42:45.457,45548,ESTAB,prague,228,26.855,7.143,20.029,1448,7,10136,10136,48933516,48919156,44098,14360,34155,20071,34153,107,0,10,3127768,1544576,34144,184320,43520,NaN,NaN
2026-04-02 13:42:45.709,45548,ESTAB,prague,228,26.855,7.143,20.029,1448,7,10136,10136,48933516,48919156,44098,14360,34155,20071,34153,107,0,10,3127768,1544576,34144,184320,43520,NaN,NaN
2026-04-02 13:42:45.949,45548,ESTAB,prague,228,26.855,7.143,20.029,1448,7,10136,10136,48933516,48919156,44098,14360,34155,20071,34153,107,0,10,3127768,1544576,34144,184320,43520,NaN,NaN
2026-04-02 13:42:46.187,45548,ESTAB,prague,228,26.855,7.143,20.029,1448,7,10136,10136,48933516,48919156,44098,14360,34155,20071,34153,107,0,10,3127768,1544576,34144,184320,43520,NaN,NaN
2026-04-02 13:42:46.433,45548,ESTAB,prague,228,26.855,7.143,20.029,1448,7,10136,10136,48933516,48919156,44098,14360,34155,20071,34153,107,0,10,3127768,1544576,34144,184320,43520,NaN,NaN
2026-04-02 13:42:46.673,45548,ESTAB,prague,228,26.855,7.143,20.029,1448,7,10136,10136,48933516,48919156,44098,14360,34155,20071,34153,107,0,10,3127768,1544576,34144,184320,43520,NaN,NaN
2026-04-02 13:42:46.910,45548,ESTAB,prague,228,26.855,7.143,20.029,1448,7,10136,10136,48933516,48919156,44098,14360,34155,20071,34153,107,0,10,3127768,1544576,34144,184320,43520,NaN,NaN
2026-04-02 13:42:47.137,45548,ESTAB,prague,228,26.855,7.143,20.029,1448,7,10136,10136,48933516,48919156,44098,14360,34155,20071,34153,107,0,10,3127768,1544576,34144,184320,43520,NaN,NaN
2026-04-02 13:42:47.370,45548,ESTAB,prague,228,26.855,7.143,20.029,1448,7,10136,10136,48933516,48919156,44098,14360,34155,20071,34153,107,0,10,3127768,1544576,34144,184320,43520,NaN,NaN
2026-04-02 13:42:47.609,45548,ESTAB,prague,228,26.855,7.143,20.029,1448,7,10136,10136,48933516,48919156,44098,14360,34155,20071,34153,107,0,10,3127768,1544576,34144,184320,43520,NaN,NaN
2026-04-02 13:42:47.850,45548,ESTAB,prague,228,26.855,7.143,20.029,1448,7,10136,10136,48933516,48919156,44098,14360,34155,20071,34153,107,0,10,3127768,1544576,34144,184320,43520,NaN,NaN
2026-04-02 13:42:48.104,45548,ESTAB,prague,228,26.855,7.143,20.029,1448,7,10136,10136,48933516,48919156,44098,14360,34155,20071,34153,107,0,10,3127768,1544576,34144,184320,43520,NaN,NaN
2026-04-02 13:42:48.346,45548,ESTAB,prague,228,26.855,7.143,20.029,1448,7,10136,10136,48933516,48919156,44098,14360,34155,20071,34153,107,0,10,3127768,1544576,34144,184320,43520,NaN,NaN
2026-04-02 13:42:48.590,45548,ESTAB,prague,228,26.855,7.143,20.029,1448,7,10136,10136,48933516,48919156,44098,14360,34155,20071,34153,107,0,10,3127768,1544576,34144,184320,43520,NaN,NaN
2026-04-02 13:42:48.844,45548,ESTAB,prague,228,26.855,7.143,20.029,1448,7,10136,10136,48933516,48919156,44098,14360,34155,20071,34153,107,0,10,3127768,1544576,34144,184320,43520,NaN,NaN
2026-04-02 13:42:49.095,45548,ESTAB,prague,228,26.855,7.143,20.029,1448,7,10136,10136,48933516,48919156,44098,14360,34155,20071,34153,107,0,10,3127768,1544576,34144,184320,43520,NaN,NaN
2026-04-02 13:42:49.342,45548,ESTAB,prague,228,26.855,7.143,20.029,1448,7,10136,10136,48933516,48919156,44098,14360,34155,20071,34153,107,0,10,3127768,1544576,34144,184320,43520,NaN,NaN
2026-04-02 13:42:49.602,45548,ESTAB,prague,228,26.855,7.143,20.029,1448,7,10136,10136,48933516,48919156,44098,14360,34155,20071,34153,107,0,10,3127768,1544576,34144,184320,43520,NaN,NaN
2026-04-02 13:42:49.842,45548,ESTAB,prague,228,26.855,7.143,20.029,1448,7,10136,10136,48933516,48919156,44098,14360,34155,20071,34153,107,0,10,3127768,1544576,34144,184320,43520,NaN,NaN
2026-04-02 13:42:50.083,45548,ESTAB,prague,228,25.177,5.47,20.029,1448,6,8688,8688,48936399,48922039,44506,14360,34158,20075,34156,108,0,10,2859744,1544576,34147,184320,43520,NaN,NaN
2026-04-02 13:42:50.319,45548,ESTAB,prague,228,25.177,5.47,20.029,1448,6,8688,8688,48936399,48922039,44506,14360,34158,20075,34156,108,0,10,2859744,1544576,34147,184320,43520,NaN,NaN
2026-04-02 13:42:50.552,45548,ESTAB,prague,228,25.177,5.47,20.029,1448,6,8688,8688,48936399,48922039,44506,14360,34158,20075,34156,108,0,10,2859744,1544576,34147,184320,43520,NaN,NaN
2026-04-02 13:42:50.786,45548,ESTAB,prague,228,25.177,5.47,20.029,1448,6,8688,8688,48936399,48922039,44506,14360,34158,20075,34156,108,0,10,2859744,1544576,34147,184320,43520,NaN,NaN
2026-04-02 13:42:51.019,45548,ESTAB,prague,228,25.177,5.47,20.029,1448,6,8688,8688,48936399,48922039,44506,14360,34158,20075,34156,108,0,10,2859744,1544576,34147,184320,43520,NaN,NaN
2026-04-02 13:42:51.250,45548,ESTAB,prague,228,25.177,5.47,20.029,1448,6,8688,8688,48936399,48922039,44506,14360,34158,20075,34156,108,0,10,2859744,1544576,34147,184320,43520,NaN,NaN
2026-04-02 13:42:51.476,45548,ESTAB,prague,228,25.177,5.47,20.029,1448,6,8688,8688,48936399,48922039,44506,14360,34158,20075,34156,108,0,10,2859744,1544576,34147,184320,43520,NaN,NaN
2026-04-02 13:42:51.704,45548,ESTAB,prague,228,25.177,5.47,20.029,1448,6,8688,8688,48936399,48922039,44506,14360,34158,20075,34156,108,0,10,2859744,1544576,34147,184320,43520,NaN,NaN
2026-04-02 13:42:51.935,45548,ESTAB,prague,228,24.674,3.151,20.029,1448,5,7240,7240,48939282,48924922,44914,14360,34161,20079,34159,109,0,10,2431680,1544576,34150,184320,46592,NaN,NaN
2026-04-02 13:42:52.169,45548,ESTAB,prague,228,24.674,3.151,20.029,1448,5,7240,7240,48939282,48924922,44914,14360,34161,20079,34159,109,0,10,2431680,1544576,34150,184320,46592,NaN,NaN
2026-04-02 13:42:52.410,45548,ESTAB,prague,228,24.674,3.151,20.029,1448,5,7240,7240,48939282,48924922,44914,14360,34161,20079,34159,109,0,10,2431680,1544576,34150,184320,46592,NaN,NaN
2026-04-02 13:42:52.656,45548,ESTAB,prague,228,24.674,3.151,20.029,1448,5,7240,7240,48939282,48924922,44914,14360,34161,20079,34159,109,0,10,2431680,1544576,34150,184320,46592,NaN,NaN
2026-04-02 13:42:52.901,45548,ESTAB,prague,228,24.674,3.151,20.029,1448,5,7240,7240,48939282,48924922,44914,14360,34161,20079,34159,109,0,10,2431680,1544576,34150,184320,46592,NaN,NaN
2026-04-02 13:42:53.143,45548,ESTAB,prague,228,24.674,3.151,20.029,1448,5,7240,7240,48939282,48924922,44914,14360,34161,20079,34159,109,0,10,2431680,1544576,34150,184320,46592,NaN,NaN
2026-04-02 13:42:53.387,45548,ESTAB,prague,228,24.674,3.151,20.029,1448,5,7240,7240,48939282,48924922,44914,14360,34161,20079,34159,109,0,10,2431680,1544576,34150,184320,46592,NaN,NaN
2026-04-02 13:42:53.629,45548,ESTAB,prague,228,24.674,3.151,20.029,1448,5,7240,7240,48939282,48924922,44914,14360,34161,20079,34159,109,0,10,2431680,1544576,34150,184320,46592,NaN,NaN
2026-04-02 13:42:53.871,45548,ESTAB,prague,228,24.674,3.151,20.029,1448,5,7240,7240,48939282,48924922,44914,14360,34161,20079,34159,109,0,10,2431680,1544576,34150,184320,46592,NaN,NaN
2026-04-02 13:42:54.120,45548,ESTAB,prague,228,24.619,1.629,20.029,1448,5,7240,7240,48942165,48927805,45322,14360,34164,20083,34162,110,0,10,2437080,1544576,34153,184320,49152,NaN,NaN
2026-04-02 13:42:54.350,45548,ESTAB,prague,228,24.619,1.629,20.029,1448,5,7240,7240,48942165,48927805,45322,14360,34164,20083,34162,110,0,10,2437080,1544576,34153,184320,49152,NaN,NaN
2026-04-02 13:42:54.579,45548,ESTAB,prague,228,24.619,1.629,20.029,1448,5,7240,7240,48942165,48927805,45322,14360,34164,20083,34162,110,0,10,2437080,1544576,34153,184320,49152,NaN,NaN
2026-04-02 13:42:54.805,45548,ESTAB,prague,228,24.619,1.629,20.029,1448,5,7240,7240,48942165,48927805,45322,14360,34164,20083,34162,110,0,10,2437080,1544576,34153,184320,49152,NaN,NaN
2026-04-02 13:42:55.033,45548,ESTAB,prague,228,24.619,1.629,20.029,1448,5,7240,7240,48942165,48927805,45322,14360,34164,20083,34162,110,0,10,2437080,1544576,34153,184320,49152,NaN,NaN
2026-04-02 13:42:55.265,45548,ESTAB,prague,228,24.619,1.629,20.029,1448,5,7240,7240,48942165,48927805,45322,14360,34164,20083,34162,110,0,10,2437080,1544576,34153,184320,49152,NaN,NaN
2026-04-02 13:42:55.502,45548,ESTAB,prague,228,24.619,1.629,20.029,1448,5,7240,7240,48942165,48927805,45322,14360,34164,20083,34162,110,0,10,2437080,1544576,34153,184320,49152,NaN,NaN
2026-04-02 13:42:55.738,45548,ESTAB,prague,228,24.619,1.629,20.029,1448,5,7240,7240,48942165,48927805,45322,14360,34164,20083,34162,110,0,10,2437080,1544576,34153,184320,49152,NaN,NaN
2026-04-02 13:42:55.988,45548,ESTAB,prague,228,24.619,1.629,20.029,1448,5,7240,7240,48945048,48927805,45730,14360,34167,20084,34165,111,0,10,2437080,1544576,34153,184832,52224,3,NaN
2026-04-02 13:42:56.230,45548,ESTAB,prague,224,23.866,1.33,20.029,1448,4,5792,5792,48945048,48930688,45730,14360,34167,20087,34165,111,0,10,2050616,1544576,34156,184320,52224,NaN,NaN
2026-04-02 13:42:56.486,45548,ESTAB,prague,224,23.866,1.33,20.029,1448,4,5792,5792,48945048,48930688,45730,14360,34167,20087,34165,111,0,10,2050616,1544576,34156,184320,52224,NaN,NaN
2026-04-02 13:42:56.738,45548,ESTAB,prague,224,23.866,1.33,20.029,1448,4,5792,5792,48945048,48930688,45730,14360,34167,20087,34165,111,0,10,2050616,1544576,34156,184320,52224,NaN,NaN
2026-04-02 13:42:56.984,45548,ESTAB,prague,224,23.866,1.33,20.029,1448,4,5792,5792,48945048,48930688,45730,14360,34167,20087,34165,111,0,10,2050616,1544576,34156,184320,52224,NaN,NaN
2026-04-02 13:42:57.229,45548,ESTAB,prague,224,23.866,1.33,20.029,1448,4,5792,5792,48945048,48930688,45730,14360,34167,20087,34165,111,0,10,2050616,1544576,34156,184320,52224,NaN,NaN
2026-04-02 13:42:57.479,45548,ESTAB,prague,224,23.866,1.33,20.029,1448,4,5792,5792,48945048,48930688,45730,14360,34167,20087,34165,111,0,10,2050616,1544576,34156,184320,52224,NaN,NaN
2026-04-02 13:42:57.724,45548,ESTAB,prague,224,23.866,1.33,20.029,1448,4,5792,5792,48945048,48930688,45730,14360,34167,20087,34165,111,0,10,2050616,1544576,34156,184320,52224,NaN,NaN
2026-04-02 13:42:57.954,45548,ESTAB,prague,224,23.866,1.33,20.029,1448,4,5792,5792,48945048,48930688,45730,14360,34167,20087,34165,111,0,10,2050616,1544576,34156,184320,52224,NaN,NaN
2026-04-02 13:42:58.186,45548,ESTAB,prague,224,23.584,0.979,20.029,1448,4,5792,5792,48947931,48933571,46138,14360,34170,20091,34168,112,0,10,2050616,1544576,34159,184320,55296,NaN,NaN
2026-04-02 13:42:58.433,45548,ESTAB,prague,224,23.584,0.979,20.029,1448,4,5792,5792,48947931,48933571,46138,14360,34170,20091,34168,112,0,10,2050616,1544576,34159,184320,55296,NaN,NaN
2026-04-02 13:42:58.678,45548,ESTAB,prague,224,23.584,0.979,20.029,1448,4,5792,5792,48947931,48933571,46138,14360,34170,20091,34168,112,0,10,2050616,1544576,34159,184320,55296,NaN,NaN
2026-04-02 13:42:58.912,45548,ESTAB,prague,224,23.584,0.979,20.029,1448,4,5792,5792,48947931,48933571,46138,14360,34170,20091,34168,112,0,10,2050616,1544576,34159,184320,55296,NaN,NaN
2026-04-02 13:42:59.142,45548,ESTAB,prague,224,23.584,0.979,20.029,1448,4,5792,5792,48947931,48933571,46138,14360,34170,20091,34168,112,0,10,2050616,1544576,34159,184320,55296,NaN,NaN
2026-04-02 13:42:59.382,45548,ESTAB,prague,224,23.584,0.979,20.029,1448,4,5792,5792,48947931,48933571,46138,14360,34170,20091,34168,112,0,10,2050616,1544576,34159,184320,55296,NaN,NaN
2026-04-02 13:42:59.616,45548,ESTAB,prague,224,23.584,0.979,20.029,1448,4,5792,5792,48947931,48933571,46138,14360,34170,20091,34168,112,0,10,2050616,1544576,34159,184320,55296,NaN,NaN
2026-04-02 13:42:59.860,45548,ESTAB,prague,224,23.584,0.979,20.029,1448,4,5792,5792,48947931,48933571,46138,14360,34170,20091,34168,112,0,10,2050616,1544576,34159,184320,55296,NaN,NaN
2026-04-02 13:43:00.110,45548,ESTAB,prague,224,22.927,0.905,20.029,1448,4,5792,5792,48950814,48936454,46546,14360,34173,20095,34171,113,0,10,1716096,1544576,34162,184320,57856,NaN,NaN
2026-04-02 13:43:00.351,45548,ESTAB,prague,224,22.927,0.905,20.029,1448,4,5792,5792,48950814,48936454,46546,14360,34173,20095,34171,113,0,10,1716096,1544576,34162,184320,57856,NaN,NaN
2026-04-02 13:43:00.596,45548,ESTAB,prague,224,22.927,0.905,20.029,1448,4,5792,5792,48950814,48936454,46546,14360,34173,20095,34171,113,0,10,1716096,1544576,34162,184320,57856,NaN,NaN
2026-04-02 13:43:00.839,45548,ESTAB,prague,224,22.927,0.905,20.029,1448,4,5792,5792,48950814,48936454,46546,14360,34173,20095,34171,113,0,10,1716096,1544576,34162,184320,57856,NaN,NaN
2026-04-02 13:43:01.094,45548,ESTAB,prague,224,22.927,0.905,20.029,1448,4,5792,5792,48950814,48936454,46546,14360,34173,20095,34171,113,0,10,1716096,1544576,34162,184320,57856,NaN,NaN
2026-04-02 13:43:01.347,45548,ESTAB,prague,224,22.927,0.905,20.029,1448,4,5792,5792,48950814,48936454,46546,14360,34173,20095,34171,113,0,10,1716096,1544576,34162,184320,57856,NaN,NaN
2026-04-02 13:43:01.599,45548,ESTAB,prague,224,22.927,0.905,20.029,1448,4,5792,5792,48950814,48936454,46546,14360,34173,20095,34171,113,0,10,1716096,1544576,34162,184320,57856,NaN,NaN
2026-04-02 13:43:01.848,45548,ESTAB,prague,224,22.927,0.905,20.029,1448,4,5792,5792,48950814,48936454,46546,14360,34173,20095,34171,113,0,10,1716096,1544576,34162,184320,57856,NaN,NaN
2026-04-02 13:43:02.093,45548,ESTAB,prague,224,22.927,0.905,20.029,1448,4,5792,5792,48953697,48936454,46954,14360,34176,20096,34174,114,0,10,1716096,1544576,34162,184832,60928,3,NaN
2026-04-02 13:43:02.335,45548,ESTAB,prague,224,22.844,0.49,20.029,1448,3,4344,4344,48953697,48939337,46954,14360,34176,20099,34174,114,0,10,1436144,1544576,34165,184320,60928,NaN,NaN
2026-04-02 13:43:02.583,45548,ESTAB,prague,224,22.844,0.49,20.029,1448,3,4344,4344,48953697,48939337,46954,14360,34176,20099,34174,114,0,10,1436144,1544576,34165,184320,60928,NaN,NaN
2026-04-02 13:43:02.834,45548,ESTAB,prague,224,22.844,0.49,20.029,1448,3,4344,4344,48953697,48939337,46954,14360,34176,20099,34174,114,0,10,1436144,1544576,34165,184320,60928,NaN,NaN
2026-04-02 13:43:03.086,45548,ESTAB,prague,224,22.844,0.49,20.029,1448,3,4344,4344,48953697,48939337,46954,14360,34176,20099,34174,114,0,10,1436144,1544576,34165,184320,60928,NaN,NaN
2026-04-02 13:43:03.328,45548,ESTAB,prague,224,22.844,0.49,20.029,1448,3,4344,4344,48953697,48939337,46954,14360,34176,20099,34174,114,0,10,1436144,1544576,34165,184320,60928,NaN,NaN
2026-04-02 13:43:03.571,45548,ESTAB,prague,224,22.844,0.49,20.029,1448,3,4344,4344,48953697,48939337,46954,14360,34176,20099,34174,114,0,10,1436144,1544576,34165,184320,60928,NaN,NaN
2026-04-02 13:43:03.826,45548,ESTAB,prague,224,22.844,0.49,20.029,1448,3,4344,4344,48953697,48939337,46954,14360,34176,20099,34174,114,0,10,1436144,1544576,34165,184320,60928,NaN,NaN
2026-04-02 13:43:04.059,45548,ESTAB,prague,224,22.844,0.49,20.029,1448,3,4344,4344,48953697,48939337,46954,14360,34176,20099,34174,114,0,10,1436144,1544576,34165,184320,60928,NaN,NaN
2026-04-02 13:43:04.300,45548,ESTAB,prague,224,22.844,0.49,20.029,1448,3,4344,4344,48953697,48939337,46954,14360,34176,20099,34174,114,0,10,1436144,1544576,34165,184320,60928,NaN,NaN
2026-04-02 13:43:04.545,45548,ESTAB,prague,224,22.844,0.49,20.029,1448,3,4344,4344,48953697,48939337,46954,14360,34176,20099,34174,114,0,10,1436144,1544576,34165,184320,60928,NaN,NaN
2026-04-02 13:43:04.798,45548,ESTAB,prague,224,22.844,0.49,20.029,1448,3,4344,4344,48953697,48939337,46954,14360,34176,20099,34174,114,0,10,1436144,1544576,34165,184320,60928,NaN,NaN
2026-04-02 13:43:05.062,45548,ESTAB,prague,224,22.844,0.49,20.029,1448,3,4344,4344,48953697,48939337,46954,14360,34176,20099,34174,114,0,10,1436144,1544576,34165,184320,60928,NaN,NaN
2026-04-02 13:43:05.309,45548,ESTAB,prague,224,22.844,0.49,20.029,1448,3,4344,4344,48953697,48939337,46954,14360,34176,20099,34174,114,0,10,1436144,1544576,34165,184320,60928,NaN,NaN
2026-04-02 13:43:05.563,45548,ESTAB,prague,224,22.844,0.49,20.029,1448,3,4344,4344,48953697,48939337,46954,14360,34176,20099,34174,114,0,10,1436144,1544576,34165,184320,60928,NaN,NaN
2026-04-02 13:43:05.819,45548,ESTAB,prague,224,22.844,0.49,20.029,1448,3,4344,4344,48953697,48939337,46954,14360,34176,20099,34174,114,0,10,1436144,1544576,34165,184320,60928,NaN,NaN
2026-04-02 13:43:06.077,45548,ESTAB,prague,224,22.844,0.49,20.029,1448,3,4344,4344,48953697,48939337,46954,14360,34176,20099,34174,114,0,10,1436144,1544576,34165,184320,60928,NaN,NaN
2026-04-02 13:43:06.320,45548,ESTAB,prague,224,22.844,0.49,20.029,1448,3,4344,4344,48953697,48939337,46954,14360,34176,20099,34174,114,0,10,1436144,1544576,34165,184320,60928,NaN,NaN
2026-04-02 13:43:06.578,45548,ESTAB,prague,224,22.844,0.49,20.029,1448,3,4344,4344,48953697,48939337,46954,14360,34176,20099,34174,114,0,10,1436144,1544576,34165,184320,60928,NaN,NaN
2026-04-02 13:43:06.839,45548,ESTAB,prague,224,22.844,0.49,20.029,1448,3,4344,4344,48953697,48939337,46954,14360,34176,20099,34174,114,0,10,1436144,1544576,34165,184320,60928,NaN,NaN
2026-04-02 13:43:07.078,45548,ESTAB,prague,224,22.844,0.49,20.029,1448,3,4344,4344,48953697,48939337,46954,14360,34176,20099,34174,114,0,10,1436144,1544576,34165,184320,60928,NaN,NaN
2026-04-02 13:43:07.322,45548,ESTAB,prague,224,22.844,0.49,20.029,1448,3,4344,4344,48953697,48939337,46954,14360,34176,20099,34174,114,0,10,1436144,1544576,34165,184320,60928,NaN,NaN
2026-04-02 13:43:07.578,45548,ESTAB,prague,224,22.844,0.49,20.029,1448,3,4344,4344,48953697,48939337,46954,14360,34176,20099,34174,114,0,10,1436144,1544576,34165,184320,60928,NaN,NaN
2026-04-02 13:43:07.832,45548,ESTAB,prague,224,22.844,0.49,20.029,1448,3,4344,4344,48953697,48939337,46954,14360,34176,20099,34174,114,0,10,1436144,1544576,34165,184320,60928,NaN,NaN
2026-04-02 13:43:08.098,45548,ESTAB,prague,224,22.844,0.49,20.029,1448,3,4344,4344,48953697,48939337,46954,14360,34176,20099,34174,114,0,10,1436144,1544576,34165,184320,60928,NaN,NaN
2026-04-02 13:43:08.341,45548,ESTAB,prague,224,22.844,0.49,20.029,1448,3,4344,4344,48953697,48939337,46954,14360,34176,20099,34174,114,0,10,1436144,1544576,34165,184320,60928,NaN,NaN
2026-04-02 13:43:08.593,45548,ESTAB,prague,224,22.844,0.49,20.029,1448,3,4344,4344,48953697,48939337,46954,14360,34176,20099,34174,114,0,10,1436144,1544576,34165,184320,60928,NaN,NaN
2026-04-02 13:43:08.843,45548,ESTAB,prague,224,22.844,0.49,20.029,1448,3,4344,4344,48953697,48939337,46954,14360,34176,20099,34174,114,0,10,1436144,1544576,34165,184320,60928,NaN,NaN
2026-04-02 13:43:09.094,45548,ESTAB,prague,224,22.844,0.49,20.029,1448,3,4344,4344,48953697,48939337,46954,14360,34176,20099,34174,114,0,10,1436144,1544576,34165,184320,60928,NaN,NaN
2026-04-02 13:43:09.353,45548,ESTAB,prague,224,22.844,0.49,20.029,1448,3,4344,4344,48953697,48939337,46954,14360,34176,20099,34174,114,0,10,1436144,1544576,34165,184320,60928,NaN,NaN
2026-04-02 13:43:09.598,45548,ESTAB,prague,224,22.844,0.49,20.029,1448,3,4344,4344,48953697,48939337,46954,14360,34176,20099,34174,114,0,10,1436144,1544576,34165,184320,60928,NaN,NaN
2026-04-02 13:43:09.853,45548,ESTAB,prague,224,22.844,0.49,20.029,1448,3,4344,4344,48953697,48939337,46954,14360,34176,20099,34174,114,0,10,1436144,1544576,34165,184320,60928,NaN,NaN
2026-04-02 13:43:10.096,45548,ESTAB,prague,224,22.844,0.49,20.029,1448,3,4344,4344,48953697,48939337,46954,14360,34176,20099,34174,114,0,10,1436144,1544576,34165,184320,60928,NaN,NaN
2026-04-02 13:43:10.339,45548,ESTAB,prague,224,22.844,0.49,20.029,1448,3,4344,4344,48953697,48939337,46954,14360,34176,20099,34174,114,0,10,1436144,1544576,34165,184320,60928,NaN,NaN
2026-04-02 13:43:10.597,45548,ESTAB,prague,224,22.844,0.49,20.029,1448,3,4344,4344,48953697,48939337,46954,14360,34176,20099,34174,114,0,10,1436144,1544576,34165,184320,60928,NaN,NaN
2026-04-02 13:43:10.840,45548,ESTAB,prague,224,22.844,0.49,20.029,1448,3,4344,4344,48953697,48939337,46954,14360,34176,20099,34174,114,0,10,1436144,1544576,34165,184320,60928,NaN,NaN
2026-04-02 13:43:11.088,45548,ESTAB,prague,224,22.844,0.49,20.029,1448,3,4344,4344,48953697,48939337,46954,14360,34176,20099,34174,114,0,10,1436144,1544576,34165,184320,60928,NaN,NaN
2026-04-02 13:43:11.332,45548,ESTAB,prague,224,22.844,0.49,20.029,1448,3,4344,4344,48953697,48939337,46954,14360,34176,20099,34174,114,0,10,1436144,1544576,34165,184320,60928,NaN,NaN
2026-04-02 13:43:11.589,45548,ESTAB,prague,224,22.844,0.49,20.029,1448,3,4344,4344,48953697,48939337,46954,14360,34176,20099,34174,114,0,10,1436144,1544576,34165,184320,60928,NaN,NaN
2026-04-02 13:43:11.835,45548,ESTAB,prague,224,22.844,0.49,20.029,1448,3,4344,4344,48953697,48939337,46954,14360,34176,20099,34174,114,0,10,1436144,1544576,34165,184320,60928,NaN,NaN
2026-04-02 13:43:12.070,45548,ESTAB,prague,224,22.844,0.49,20.029,1448,3,4344,4344,48953697,48939337,46954,14360,34176,20099,34174,114,0,10,1436144,1544576,34165,184320,60928,NaN,NaN
2026-04-02 13:43:12.302,45548,ESTAB,prague,224,22.542,0.562,20.029,1448,4,5792,4344,48959452,48942220,47778,14360,34181,20104,34179,116,0,10,1755440,1544576,34168,184832,66560,2,257044
2026-04-02 13:43:12.550,45548,ESTAB,prague,224,22.583,1.39,20.029,1448,8,11584,10136,49055664,49031252,47778,14360,34248,20142,34246,116,0,10,4250880,3889856,34230,183296,66560,7,160832
2026-04-02 13:43:12.805,45548,ESTAB,prague,224,23.236,1.289,20.029,1448,8,11584,10136,49170544,49146132,47778,14360,34328,20193,34326,116,0,10,4131328,3941664,34310,183296,66560,7,175192
2026-04-02 13:43:13.067,45548,ESTAB,prague,224,22.605,1.205,20.029,1448,9,13032,11584,49305528,49278244,47778,14360,34422,20252,34420,116,0,10,4777704,4112904,34402,183296,66560,9,169448
2026-04-02 13:43:13.313,45548,ESTAB,prague,224,23.228,1.304,20.029,1448,7,10136,10136,49423280,49398868,47778,14360,34504,20301,34502,116,0,10,3616200,3877976,34486,183296,66560,7,180936
2026-04-02 13:43:13.555,45548,ESTAB,prague,224,22.969,1.534,20.029,1448,7,10136,10136,49523800,49500824,47778,14360,34574,20343,34572,116,0,10,3657080,3585264,34557,183296,66560,6,209656
2026-04-02 13:43:13.803,45548,ESTAB,prague,224,21.942,1.643,20.029,1448,6,8688,8688,49625756,49602780,47778,14360,34645,20392,34643,116,0,10,3281232,3097872,34628,183296,66560,6,128989
2026-04-02 13:43:14.055,45548,ESTAB,prague,224,22.418,1.089,20.029,1448,7,10136,10136,49733456,49709044,47778,14360,34720,20438,34718,116,0,10,3746960,3468112,34702,183296,66560,7,21289
2026-04-02 13:43:14.301,45548,ESTAB,prague,224,22.744,1.663,20.029,1448,7,10136,8688,49757628,49740385,48186,14360,34738,20455,34736,117,0,10,3693088,3353624,34724,184832,69632,3,NaN
2026-04-02 13:43:14.551,45548,ESTAB,prague,224,23.067,1.141,20.029,1448,8,11584,11584,49861020,49835172,48602,14360,34810,20495,34808,118,0,10,4161664,3749776,34791,183296,72704,8,156524
2026-04-02 13:43:14.804,45548,ESTAB,prague,224,22.714,0.67,20.029,1448,8,11584,11584,49980208,49954360,48602,14360,34893,20547,34891,118,0,10,4226432,4135480,34874,183296,72704,8,166576
2026-04-02 13:43:15.058,45548,ESTAB,prague,224,22.484,2.105,20.029,1448,7,10136,10136,50110884,50086472,48602,14360,34984,20611,34982,118,0,10,3735872,3918616,34966,183296,72704,7,165140
2026-04-02 13:43:15.302,45548,ESTAB,prague,224,22.686,1.525,20.029,1448,8,11584,10136,50215712,50191300,48602,14360,35057,20657,35055,118,0,10,4231552,3905216,35039,183296,72704,7,189552
2026-04-02 13:43:15.549,45548,ESTAB,prague,224,23.615,1.646,20.029,1448,7,10136,10136,50334900,50310488,48602,14360,35140,20709,35138,118,0,10,3557008,3864824,35122,183296,72704,7,199604
2026-04-02 13:43:15.797,45548,ESTAB,prague,224,22.826,0.609,20.029,1448,10,14480,13032,50475628,50448344,48602,14360,35238,20765,35236,118,0,10,5256960,4250032,35218,183296,72704,9,146516
2026-04-02 13:43:16.044,45548,ESTAB,prague,224,23.474,1.035,20.029,1448,8,11584,11584,50613484,50589072,48602,14360,35334,20823,35332,118,0,10,4089472,4348344,35316,183296,72704,7,8660
2026-04-02 13:43:16.295,45548,ESTAB,prague,232,28.153,10.738,20.029,1448,8,11584,11584,50622144,50607784,48602,14360,35341,20832,35339,118,0,10,3409792,1420168,35330,184832,72704,NaN,NaN
2026-04-02 13:43:16.542,45548,ESTAB,prague,224,23.571,1.06,20.029,1448,8,11584,11584,50716931,50692519,49426,14360,35408,20869,35406,120,0,10,4072704,4449296,35390,183296,78336,7,168012
2026-04-02 13:43:16.786,45548,ESTAB,prague,224,23.442,2.155,20.029,1448,9,13032,10136,50838991,50811707,49426,14360,35493,20925,35491,120,0,10,4606920,3905784,35473,183296,78336,9,175192
2026-04-02 13:43:17.044,45548,ESTAB,prague,224,23.081,2.031,20.029,1448,8,11584,10136,50963923,50938075,49426,14360,35580,20982,35578,120,0,10,4159232,3896768,35561,183296,78336,8,179500
2026-04-02 13:43:17.285,45548,ESTAB,prague,224,23.784,2.084,20.029,1448,7,10136,10136,51077367,51052955,49426,14360,35659,21030,35657,120,0,10,3531696,3179792,35641,183296,78336,7,195296
2026-04-02 13:43:17.536,45548,ESTAB,prague,224,23.15,1.964,20.029,1448,8,11584,10136,51183631,51159219,49426,14360,35733,21075,35731,120,0,10,4146752,3478080,35715,183296,78336,7,94309
2026-04-02 13:43:17.788,45548,ESTAB,prague,228,24.048,2.601,20.029,1448,7,10136,10136,51277940,51263580,49426,14360,35799,21120,35797,120,0,10,3492944,3606472,35788,183296,78336,NaN,NaN
2026-04-02 13:43:18.039,45548,ESTAB,prague,228,24.048,2.601,20.029,1448,7,10136,10136,51277940,51263580,49426,14360,35799,21120,35797,120,0,10,3492944,3606472,35788,183296,78336,NaN,NaN
2026-04-02 13:43:18.297,45548,ESTAB,prague,228,24.048,2.601,20.029,1448,7,10136,10136,51277940,51263580,49426,14360,35799,21120,35797,120,0,10,3492944,3606472,35788,183296,78336,NaN,NaN
2026-04-02 13:43:18.562,45548,ESTAB,prague,224,23.235,2.093,20.029,1448,8,11584,10136,51356931,51331083,50250,14360,35855,21152,35853,122,0,10,4131584,4130688,35836,183296,83968,8,183808
2026-04-02 13:43:18.813,45548,ESTAB,prague,224,22.129,1.348,20.029,1448,8,11584,10136,51470375,51444527,50250,14360,35934,21205,35932,122,0,10,4337984,3588912,35915,183296,83968,8,199604
2026-04-02 13:43:19.049,45548,ESTAB,prague,224,23.118,1.707,20.029,1448,7,10136,10136,51578075,51553663,50250,14360,36009,21253,36007,122,0,10,3633448,3824184,35991,183296,83968,7,221144
2026-04-02 13:43:19.297,45548,ESTAB,prague,224,22.929,1.783,20.029,1448,8,11584,8688,51684339,51661363,50250,14360,36083,21302,36081,122,0,10,4186624,3901080,36066,183296,83968,6,244120
2026-04-02 13:43:19.546,45548,ESTAB,prague,224,23.494,0.713,20.029,1448,10,14480,11584,51816451,51789167,50250,14360,36175,21353,36173,122,0,10,5107600,4454096,36155,183296,83968,9,202871
2026-04-02 13:43:19.799,45548,ESTAB,prague,224,22.23,1.155,20.029,1448,9,13032,13032,51954307,51927023,50250,14360,36271,21418,36269,122,0,10,4858128,5024864,36251,183296,83968,9,65015
2026-04-02 13:43:20.045,45548,ESTAB,prague,232,28.99,11.846,20.029,1448,8,11584,10136,52019322,52004962,50250,14360,36317,21452,36315,122,0,10,3311360,1151256,36306,184832,83968,NaN,NaN
2026-04-02 13:43:20.284,45548,ESTAB,prague,232,28.99,11.846,20.029,1448,8,11584,10136,52019322,52004962,50250,14360,36317,21452,36315,122,0,10,3311360,1151256,36306,184832,83968,NaN,NaN
2026-04-02 13:43:20.542,45548,ESTAB,prague,224,22.348,1.419,20.029,1448,7,10136,10136,52073901,52049489,51074,14360,36356,21478,36354,124,0,10,3758664,3258960,36338,183296,90112,7,208220
2026-04-02 13:43:20.792,45548,ESTAB,prague,224,23.146,2.061,20.029,1448,6,8688,7240,52171549,52148573,51074,14360,36424,21524,36422,124,0,10,3110592,3027968,36407,183296,90112,6,239812
2026-04-02 13:43:21.053,45548,ESTAB,prague,224,23.276,1.419,20.029,1448,7,10136,10136,52272069,52247657,51074,14360,36494,21566,36492,124,0,10,3608808,3854424,36476,183296,90112,7,268532
2026-04-02 13:43:21.317,45548,ESTAB,prague,224,22.213,1.459,20.029,1448,7,10136,10136,52388385,52363973,51074,14360,36575,21622,36573,124,0,10,3781512,3698736,36557,183296,90112,7,281456
2026-04-02 13:43:21.565,45548,ESTAB,prague,224,23.511,2.259,20.029,1448,5,7240,7240,52470237,52448697,51074,14360,36632,21663,36630,124,0,10,2551960,2576624,36616,183296,90112,5,199604
2026-04-02 13:43:21.799,45548,ESTAB,prague,224,23.669,1.479,20.029,1448,7,10136,8688,52559269,52536293,51074,14360,36694,21700,36692,124,0,10,3548888,3209456,36677,183296,90112,6,239812
2026-04-02 13:43:22.038,45548,ESTAB,prague,224,23.541,1.391,20.029,1448,7,10136,8688,52651173,52629633,51074,14360,36758,21738,36756,124,0,10,3568152,2666048,36742,183296,90112,5,185361
2026-04-02 13:43:22.277,45548,ESTAB,prague,224,22.562,0.913,20.029,1448,8,11584,11584,52767489,52741641,51074,14360,36839,21786,36837,124,0,10,4254720,4384760,36820,183296,90112,8,69045
2026-04-02 13:43:22.507,45548,ESTAB,prague,224,22.769,2.019,20.029,1448,6,8688,8688,52856638,52835098,51490,14360,36902,21832,36900,125,0,10,3162096,3221952,36886,183296,92672,5,239812
2026-04-02 13:43:22.734,45548,ESTAB,prague,224,23.429,1.643,20.029,1448,7,10136,10136,52947106,52924130,51490,14360,36965,21870,36963,125,0,10,3585176,3610648,36948,183296,92672,6,278584
2026-04-02 13:43:22.971,45548,ESTAB,prague,224,23.435,0.772,20.029,1448,8,11584,11584,53050498,53026086,51490,14360,37037,21913,37035,125,0,10,4096320,4292840,37019,183296,92672,7,175192
2026-04-02 13:43:23.208,45548,ESTAB,prague,224,22.74,1.15,20.029,1448,9,13032,11584,53178302,53151018,51490,14360,37126,21968,37124,125,0,10,4749192,4123704,37106,183296,92672,9,176628
2026-04-02 13:43:23.440,45548,ESTAB,prague,224,23.309,0.986,20.02,1448,11,15928,11584,53306106,53278822,51490,14360,37215,22019,37213,125,0,10,5662976,4812024,37195,183296,92672,9,178064
2026-04-02 13:43:23.667,45548,ESTAB,prague,224,22.658,1.02,20.02,1448,10,14480,14480,53451142,53422422,51490,14360,37316,22080,37314,125,0,10,5295920,4786992,37295,183296,92672,10,161447
2026-04-02 13:43:23.911,45548,ESTAB,prague,224,22.686,1.791,20.02,1448,7,10136,10136,53577510,53553098,51490,14360,37404,22139,37402,125,0,10,3702552,3346728,37386,183296,92672,7,35079
2026-04-02 13:43:24.148,45548,ESTAB,prague,232,28.396,11.386,20.02,1448,7,10136,8688,53613645,53599285,51896,14360,37430,22160,37428,126,0,10,2958088,3343624,37419,184832,95744,NaN,NaN
2026-04-02 13:43:24.392,45548,ESTAB,prague,232,28.396,11.386,20.02,1448,7,10136,8688,53613645,53599285,51896,14360,37430,22160,37428,126,0,10,2958088,3343624,37419,184832,95744,NaN,NaN
2026-04-02 13:43:24.636,45548,ESTAB,prague,224,22.851,2.104,20.02,1448,7,10136,10136,53684020,53659608,52720,14360,37480,22190,37478,128,0,10,3675952,3181976,37462,183296,101376,7,192424
2026-04-02 13:43:24.879,45548,ESTAB,prague,224,22.939,1.551,20.02,1448,6,8688,8688,53778796,53755820,52720,14360,37546,22234,37544,128,0,10,3138720,3125736,37529,183296,101376,6,226888
2026-04-02 13:43:25.129,45548,ESTAB,prague,224,23.826,2.036,20.02,1448,6,8688,8688,53872136,53849160,52720,14360,37611,22275,37609,128,0,10,3021888,2774872,37594,183296,101376,6,262788
2026-04-02 13:43:25.371,45548,ESTAB,prague,224,23.65,1.743,20.02,1448,7,10136,8688,53966912,53942500,52720,14360,37677,22314,37675,128,0,10,3551688,3046544,37659,183296,101376,7,168012
2026-04-02 13:43:25.612,45548,ESTAB,prague,228,24.107,2.859,20.02,1448,7,10136,8688,54064560,54040148,52720,14360,37745,22356,37743,128,0,10,3484376,2682408,37727,183296,101376,7,199604
2026-04-02 13:43:25.849,45548,ESTAB,prague,224,23.465,2.061,20.02,1448,6,8688,7240,54150720,54127744,52720,14360,37805,22393,37803,128,0,10,3068304,2393880,37788,183296,101376,6,242684
2026-04-02 13:43:26.082,45548,ESTAB,prague,224,23.748,0.925,20.02,1448,7,10136,10136,54245496,54221084,52720,14360,37871,22430,37869,128,0,10,3537016,3356568,37853,183296,101376,7,277148
2026-04-02 13:43:26.327,45548,ESTAB,prague,228,24.848,2.041,20.02,1448,6,8688,7240,54323040,54300064,52720,14360,37925,22465,37923,128,0,10,2897520,2478280,37908,183296,101376,6,199604
2026-04-02 13:43:26.560,45548,ESTAB,prague,224,22.393,0.997,20.02,1448,8,11584,10136,54423560,54399148,52720,14360,37995,22509,37993,128,0,10,4286976,3856552,37977,183296,101376,7,228324
2026-04-02 13:43:26.787,45548,ESTAB,prague,224,23.348,1.891,20.02,1448,7,10136,8688,54514028,54489616,52720,14360,38058,22551,38056,128,0,10,3597664,3133832,38040,183296,101376,7,267096
2026-04-02 13:43:27.015,45548,ESTAB,prague,224,22.75,1.529,20.02,1448,7,10136,10136,54608804,54584392,52720,14360,38124,22593,38122,128,0,10,3692248,3096360,38106,183296,101376,7,172320
2026-04-02 13:43:27.241,45548,ESTAB,prague,224,22.951,1.912,20.02,1448,7,10136,8688,54702144,54677732,52720,14360,38189,22636,38187,128,0,10,3659880,3093184,38171,183296,101376,7,132473
2026-04-02 13:43:27.465,45548,ESTAB,prague,224,23.909,1.972,20.02,1448,7,10136,8688,54799792,54775380,52720,14360,38257,22675,38255,128,0,10,3513216,3097464,38239,183296,101376,7,34825
2026-04-02 13:43:27.689,45548,ESTAB,prague,224,22.263,0.729,20.02,1448,9,13032,13032,54893113,54865829,53542,14360,38323,22714,38321,130,0,10,4851072,4546504,38303,183296,107520,9,202476
2026-04-02 13:43:27.935,45548,ESTAB,prague,224,22.683,1.564,20.02,1448,7,10136,10136,55007993,54985017,53542,14360,38403,22768,38401,130,0,10,3703168,3594480,38386,183296,107520,6,216836
2026-04-02 13:43:28.187,45548,ESTAB,prague,224,22.6,1.045,20.02,1448,9,13032,11584,55147285,55120001,53542,14360,38500,22823,38498,130,0,10,4778568,4356520,38480,183296,107520,9,206784
2026-04-02 13:43:28.432,45548,ESTAB,prague,224,23.751,1.446,20.02,1448,9,13032,10136,55265037,55239189,53542,14360,38582,22870,38580,130,0,10,4547160,4081560,38563,183296,107520,8,218272
2026-04-02 13:43:28.677,45548,ESTAB,prague,224,22.52,0.954,20.02,1448,9,13032,13032,55411509,55384225,53542,14360,38684,22930,38682,130,0,10,4748832,4575032,38664,183296,107520,9,201040
2026-04-02 13:43:28.913,45548,ESTAB,prague,224,23.024,1.079,20.02,1448,9,13032,13032,55545057,55517773,53542,14360,38777,22988,38775,130,0,10,4690728,4658648,38757,183296,107520,9,146538
2026-04-02 13:43:29.135,45548,ESTAB,prague,224,22.929,1.548,20.02,1448,6,8688,8688,55647013,55624037,53542,14360,38848,23034,38846,130,0,10,3139968,3605512,38831,183296,107520,6,44582
2026-04-02 13:43:29.367,45548,ESTAB,prague,224,23.559,1.965,20.02,1448,7,10136,8688,55717063,55695523,54364,14360,38898,23067,38896,132,0,10,3565408,3068608,38882,184832,113152,5,235504
2026-04-02 13:43:29.588,45548,ESTAB,prague,224,22.569,0.984,20.02,1448,15,21720,8688,55872151,55839123,54364,14360,39006,23117,39004,132,0,10,7975200,6833064,38982,184832,113152,13,209656
2026-04-02 13:43:29.810,45548,ESTAB,prague,228,25.247,0.01,20.02,1448,16,23168,8688,56055959,56022931,54364,14360,39134,23181,39132,132,0,10,7604608,6694288,39110,184832,113152,13,155088
2026-04-02 13:43:30.034,45548,ESTAB,prague,228,25.283,0.042,20.02,1448,16,23168,8688,56242639,56206739,54364,14360,39264,23245,39262,132,0,10,7593984,6691528,39238,184832,113152,15,226888
2026-04-02 13:43:30.261,45548,ESTAB,prague,228,25.227,0.051,20.02,1448,16,23168,8688,56430755,56396291,54364,14360,39395,23311,39393,132,0,10,7610752,6686288,39370,184832,113152,14,168012
2026-04-02 13:43:30.483,45548,ESTAB,prague,228,25.278,0.025,20.02,1448,16,23168,8688,56615999,56580099,54364,14360,39524,23375,39522,132,0,10,7595392,6692912,39498,184832,113152,15,139288
2026-04-02 13:43:30.709,45548,ESTAB,prague,228,24.818,0.382,20.02,1448,16,23168,8688,56778263,56743799,54780,14360,39637,23433,39635,133,0,10,7736064,6068304,39612,184832,116224,14,236940
2026-04-02 13:43:30.934,45548,ESTAB,prague,228,25.239,0.02,20.02,1448,16,23168,8688,56969251,56933351,54780,14360,39770,23499,39768,133,0,10,7607040,6693184,39744,184832,116224,15,175192
2026-04-02 13:43:31.161,45548,ESTAB,prague,228,25.279,0.039,20.02,1448,16,23168,8688,57154495,57120031,54780,14360,39899,23564,39897,133,0,10,7595008,6679680,39874,184832,116224,14,179886
2026-04-02 13:43:31.385,45548,ESTAB,prague,228,25.176,0.067,20.02,1448,16,23168,8688,57334381,57309583,54780,14360,40025,23630,40023,133,0,10,7626112,6694016,40006,184832,116224,8,NaN
2026-04-02 13:43:31.608,45548,ESTAB,prague,228,25.213,0.065,20.02,1448,16,23168,8688,57334381,57320021,54780,14360,40025,23634,40023,133,0,10,7614976,6701208,40014,184832,116224,NaN,NaN
2026-04-02 13:43:31.830,45548,ESTAB,prague,228,25.213,0.065,20.02,1448,16,23168,8688,57334381,57320021,54780,14360,40025,23634,40023,133,0,10,7614976,6701208,40014,184832,116224,NaN,NaN
2026-04-02 13:43:32.051,45548,ESTAB,prague,228,25.213,0.065,20.02,1448,16,23168,8688,57334381,57320021,54780,14360,40025,23634,40023,133,0,10,7614976,6701208,40014,184832,116224,NaN,NaN
2026-04-02 13:43:32.272,45548,ESTAB,prague,228,25.213,0.065,20.02,1448,16,23168,8688,57334381,57320021,54780,14360,40025,23634,40023,133,0,10,7614976,6701208,40014,184832,116224,NaN,NaN
2026-04-02 13:43:32.495,45548,ESTAB,prague,228,25.213,0.065,20.02,1448,16,23168,8688,57334381,57320021,54780,14360,40025,23634,40023,133,0,10,7614976,6701208,40014,184832,116224,NaN,NaN
2026-04-02 13:43:32.716,45548,ESTAB,prague,228,25.044,0.382,20.02,1448,16,23168,8688,57427732,57391832,55604,14360,40091,23661,40089,135,0,10,7666176,6699272,40065,184832,121856,15,169448
2026-04-02 13:43:32.937,45548,ESTAB,prague,228,25.261,0.022,20.02,1448,16,23168,8688,57610104,57575640,55604,14360,40218,23725,40216,135,0,10,7600512,6702040,40193,184832,121856,14,245556
2026-04-02 13:43:33.161,45548,ESTAB,prague,228,25.134,0.074,20.02,1448,16,23168,8688,57793912,57759448,55604,14360,40346,23789,40344,135,0,10,7639040,6687664,40321,184832,121856,14,190988
2026-04-02 13:43:33.382,45548,ESTAB,prague,228,25.264,0.016,20.02,1448,16,23168,8688,57980592,57946128,55604,14360,40476,23854,40474,135,0,10,7599488,6686560,40451,184832,121856,14,262788
2026-04-02 13:43:33.604,45548,ESTAB,prague,228,25.25,0.018,20.02,1448,16,23168,8688,58164400,58129936,55604,14360,40604,23918,40602,135,0,10,7603840,6694848,40579,184832,121856,14,208220
2026-04-02 13:43:33.826,45548,ESTAB,prague,228,25.146,0.051,20.02,1448,16,23168,8688,58346772,58313744,55604,14360,40731,23982,40729,135,0,10,7635200,6550976,40707,184832,121856,13,114821
2026-04-02 13:43:34.046,45548,ESTAB,prague,232,30.078,9.772,20.02,1448,16,23168,8688,58461593,58447233,55604,14360,40811,24029,40809,135,0,10,6383232,2611792,40800,184832,121856,NaN,NaN
2026-04-02 13:43:34.268,45548,ESTAB,prague,232,30.078,9.772,20.02,1448,16,23168,8688,58461593,58447233,55604,14360,40811,24029,40809,135,0,10,6383232,2611792,40800,184832,121856,NaN,NaN
2026-04-02 13:43:34.492,45548,ESTAB,prague,232,30.078,9.772,20.02,1448,16,23168,8688,58461593,58447233,55604,14360,40811,24029,40809,135,0,10,6383232,2611792,40800,184832,121856,NaN,NaN
2026-04-02 13:43:34.713,45548,ESTAB,prague,228,24.138,1.296,20.02,1448,16,23168,8688,58529096,58493196,56428,14360,40859,24049,40857,137,0,10,7953920,6704808,40833,184832,127488,15,195296
2026-04-02 13:43:34.934,45548,ESTAB,prague,228,25.235,0.015,20.02,1448,16,23168,8688,58712904,58677004,56428,14360,40987,24113,40985,137,0,10,7608192,6686288,40961,184832,127488,15,140728
2026-04-02 13:43:35.154,45548,ESTAB,prague,228,25.275,0.049,20.02,1448,16,23168,8688,58895276,58860812,56428,14360,41114,24177,41112,137,0,10,7596416,6663760,41089,184832,127488,14,216836
2026-04-02 13:43:35.376,45548,ESTAB,prague,228,25.267,0.023,20.02,1448,16,23168,8688,59079084,59044620,56428,14360,41242,24241,41240,137,0,10,7598720,6687664,41217,184832,127488,14,162268
2026-04-02 13:43:35.597,45548,ESTAB,prague,228,25.208,0.07,20.02,1448,16,23168,8688,59262892,59228428,56428,14360,41370,24305,41368,137,0,10,7616256,6697056,41345,184832,127488,14,108059
2026-04-02 13:43:35.819,45548,ESTAB,prague,228,25.265,0.031,20.02,1448,16,23168,8688,59370951,59356591,56428,14360,41446,24350,41444,137,0,10,7599104,6684632,41435,184832,127488,NaN,NaN
2026-04-02 13:43:36.042,45548,ESTAB,prague,228,25.265,0.031,20.02,1448,16,23168,8688,59370951,59356591,56428,14360,41446,24350,41444,137,0,10,7599104,6684632,41435,184832,127488,NaN,NaN
2026-04-02 13:43:36.264,45548,ESTAB,prague,228,25.265,0.031,20.02,1448,16,23168,8688,59370951,59356591,56428,14360,41446,24350,41444,137,0,10,7599104,6684632,41435,184832,127488,NaN,NaN
2026-04-02 13:43:36.485,45548,ESTAB,prague,228,25.265,0.031,20.02,1448,16,23168,8688,59370951,59356591,56428,14360,41446,24350,41444,137,0,10,7599104,6684632,41435,184832,127488,NaN,NaN
2026-04-02 13:43:36.706,45548,ESTAB,prague,224,23.233,0.464,20.02,1448,16,23168,8688,59408298,59373834,57252,14360,41473,24358,41471,139,0,10,8263808,6684632,41448,184832,133120,14,225452
2026-04-02 13:43:36.927,45548,ESTAB,prague,228,25.175,0.085,20.02,1448,16,23168,8688,59592106,59557642,57252,14360,41601,24422,41599,139,0,10,7626496,6695672,41576,184832,133120,14,170884
2026-04-02 13:43:37.148,45548,ESTAB,prague,228,25.286,0.025,20.02,1448,16,23168,8688,59775914,59741450,57252,14360,41729,24486,41727,139,0,10,7592960,6687664,41704,184832,133120,14,245556
2026-04-02 13:43:37.369,45548,ESTAB,prague,228,25.287,0.018,20.02,1448,16,23168,8688,59959722,59925258,57252,14360,41857,24550,41855,139,0,10,7592576,6694016,41832,184832,133120,14,190988
2026-04-02 13:43:37.591,45548,ESTAB,prague,228,25.272,0.026,20.02,1448,16,23168,8688,60142094,60109066,57252,14360,41984,24614,41982,139,0,10,7597184,6695120,41960,184832,133120,13,267096
2026-04-02 13:43:37.811,45548,ESTAB,prague,228,25.255,0.055,20.02,1448,16,23168,8688,60325902,60292874,57252,14360,42112,24678,42110,139,0,10,7602304,6688216,42088,184832,133120,13,205278
2026-04-02 13:43:38.033,45548,ESTAB,prague,228,25.231,0.054,20.02,1448,16,23168,8688,60509710,60476682,57252,14360,42240,24742,42238,139,0,10,7609472,6700096,42216,184832,133120,13,21470
2026-04-02 13:43:38.254,45548,ESTAB,prague,228,25.277,0.047,20.02,1448,16,23168,8688,60531180,60516820,57252,14360,42255,24756,42253,139,0,10,7595648,6687112,42244,184832,133120,NaN,NaN
2026-04-02 13:43:38.476,45548,ESTAB,prague,228,25.277,0.047,20.02,1448,16,23168,8688,60531180,60516820,57252,14360,42255,24756,42253,139,0,10,7595648,6687112,42244,184832,133120,NaN,NaN
2026-04-02 13:43:38.697,45548,ESTAB,prague,228,24.429,0.251,20.02,1448,16,23168,8688,60538371,60519703,58076,14360,42261,24759,42259,141,0,10,7859200,6687112,42247,184832,139264,3,255608
2026-04-02 13:43:38.918,45548,ESTAB,prague,228,25.263,0.025,20.02,1448,16,23168,8688,60725051,60689151,58076,14360,42391,24818,42389,141,0,10,7599744,6690424,42365,184832,139264,15,198168
2026-04-02 13:43:39.141,45548,ESTAB,prague,228,25.19,0.133,20.02,1448,16,23168,8688,60908859,60872959,58076,14360,42519,24882,42517,141,0,10,7622016,6691256,42493,184832,139264,15,143600
2026-04-02 13:43:39.362,45548,ESTAB,prague,228,25.29,0.071,20.02,1448,16,23168,8688,61094103,61059639,58076,14360,42648,24947,42646,141,0,10,7591808,6692632,42623,184832,139264,14,209236
2026-04-02 13:43:39.593,45548,ESTAB,prague,228,25.301,0.041,20.02,1448,16,23168,8688,61279347,61246319,58076,14360,42777,25012,42775,141,0,10,7588480,6688496,42753,184832,139264,13,23992
2026-04-02 13:43:39.853,45548,ESTAB,prague,228,25.331,0.041,20.02,1448,16,23168,8688,61303339,61288979,58076,14360,42794,25027,42792,141,0,10,7579520,6679400,42783,184832,139264,NaN,NaN
2026-04-02 13:43:40.091,45548,ESTAB,prague,228,25.331,0.041,20.02,1448,16,23168,8688,61303339,61288979,58076,14360,42794,25027,42792,141,0,10,7579520,6679400,42783,184832,139264,NaN,NaN
2026-04-02 13:43:40.333,45548,ESTAB,prague,228,25.331,0.041,20.02,1448,16,23168,8688,61303339,61288979,58076,14360,42794,25027,42792,141,0,10,7579520,6679400,42783,184832,139264,NaN,NaN
2026-04-02 13:43:40.570,45548,ESTAB,prague,228,25.331,0.041,20.02,1448,16,23168,8688,61303339,61288979,58076,14360,42794,25027,42792,141,0,10,7579520,6679400,42783,184832,139264,NaN,NaN
2026-04-02 13:43:40.816,45548,ESTAB,prague,228,24.964,0.632,20.02,1448,16,23168,8688,61385202,61349302,58900,14360,42852,25050,42850,143,0,10,7690880,6683528,42826,184832,144896,15,180936
2026-04-02 13:43:41.063,45548,ESTAB,prague,228,25.327,0.032,20.02,1448,16,23168,8688,61589114,61553214,58900,14360,42994,25121,42992,143,0,10,7580672,6671984,42968,184832,144896,15,235504
2026-04-02 13:43:41.309,45548,ESTAB,prague,228,25.33,0.032,20.02,1448,16,23168,8688,61793026,61757126,58900,14360,43136,25192,43134,143,0,10,7579776,6692080,43110,184832,144896,15,160832
2026-04-02 13:43:41.561,45548,ESTAB,prague,228,25.345,0.019,20.02,1448,16,23168,8688,62001246,61966782,58900,14360,43281,25265,43279,143,0,10,7575424,6693464,43256,184832,144896,14,211092
2026-04-02 13:43:41.802,45548,ESTAB,prague,228,25.366,0.138,20.02,1448,17,24616,8688,62205158,62170694,58900,14360,43423,25336,43421,143,0,10,8042224,6717024,43398,184832,144896,14,57530
2026-04-02 13:43:42.033,45548,ESTAB,prague,232,30.336,9.956,20.02,1448,17,24616,8688,62262688,62248328,58900,14360,43464,25364,43462,143,0,10,6724656,2294384,43453,184832,144896,NaN,NaN
2026-04-02 13:43:42.282,45548,ESTAB,prague,232,30.336,9.956,20.02,1448,17,24616,8688,62262688,62248328,58900,14360,43464,25364,43462,143,0,10,6724656,2294384,43453,184832,144896,NaN,NaN
2026-04-02 13:43:42.526,45548,ESTAB,prague,232,30.336,9.956,20.02,1448,17,24616,8688,62262688,62248328,58900,14360,43464,25364,43462,143,0,10,6724656,2294384,43453,184832,144896,NaN,NaN
2026-04-02 13:43:42.773,45548,ESTAB,prague,228,26.959,9.243,20.02,1448,17,24616,8688,62282803,62251211,59724,14360,43479,25369,43477,145,0,10,7566904,2294384,43456,184832,150528,12,242684
2026-04-02 13:43:43.011,45548,ESTAB,prague,228,25.256,0.053,20.02,1448,17,24616,8688,62483843,62449379,59724,14360,43619,25438,43617,145,0,10,8077040,6696224,43594,184832,150528,14,170884
2026-04-02 13:43:43.245,45548,ESTAB,prague,228,25.349,0.055,20.02,1448,17,24616,8688,62677703,62644675,59724,14360,43754,25506,43752,145,0,10,8047256,6694848,43730,184832,150528,13,235504
2026-04-02 13:43:43.480,45548,ESTAB,prague,228,25.308,0.038,20.02,1448,17,24616,8688,62872999,62837099,59724,14360,43890,25573,43888,145,0,10,8060312,6694848,43864,184832,150528,15,169448
2026-04-02 13:43:43.715,45548,ESTAB,prague,228,25.314,0.025,20.02,1448,17,24616,8688,63068295,63032395,59724,14360,44026,25641,44024,145,0,10,8058408,6679952,44000,184832,150528,15,232632
2026-04-02 13:43:43.963,45548,ESTAB,prague,228,25.258,0.172,20.02,1448,17,24616,8688,63270771,63236307,59724,14360,44167,25712,44165,145,0,10,8076496,6248352,44142,184832,150528,14,159396
2026-04-02 13:43:44.196,45548,ESTAB,prague,228,25.236,0.085,20.02,1448,17,24616,8688,63467503,63431603,59724,14360,44304,25780,44302,145,0,10,8083432,6673360,44278,184832,150528,15,15282
2026-04-02 13:43:44.431,45548,ESTAB,prague,228,25.221,0.093,20.02,1448,17,24616,8688,63482785,63468425,59724,14360,44315,25793,44313,145,0,10,8088192,6689320,44304,184832,150528,NaN,NaN
2026-04-02 13:43:44.665,45548,ESTAB,prague,228,25.221,0.093,20.02,1448,17,24616,8688,63482785,63468425,59724,14360,44315,25793,44313,145,0,10,8088192,6689320,44304,184832,150528,NaN,NaN
2026-04-02 13:43:44.898,45548,ESTAB,prague,228,25.231,0.232,20.02,1448,17,24616,8688,63581880,63545980,60548,14360,44385,25822,44383,147,0,10,8085200,6693464,44359,184832,156672,15,163704
2026-04-02 13:43:45.122,45548,ESTAB,prague,228,25.297,0.067,20.02,1448,17,24616,8688,63768560,63732660,60548,14360,44515,25887,44513,147,0,10,8063984,6676104,44489,184832,156672,15,235504
2026-04-02 13:43:45.349,45548,ESTAB,prague,228,25.319,0.042,20.02,1448,17,24616,8688,63955240,63919340,60548,14360,44645,25952,44643,147,0,10,8056912,6684912,44619,184832,156672,15,178064
2026-04-02 13:43:45.593,45548,ESTAB,prague,228,25.285,0.065,20.02,1448,17,24616,8688,64154844,64120380,60548,14360,44784,26022,44782,147,0,10,8067928,6694568,44759,184832,156672,14,133420
2026-04-02 13:43:45.843,45548,ESTAB,prague,232,30.357,10.235,20.02,1448,17,24616,8688,64288264,64273904,60548,14360,44877,26076,44875,147,0,10,6719896,2525616,44866,184832,156672,NaN,NaN
2026-04-02 13:43:46.083,45548,ESTAB,prague,232,30.357,10.235,20.02,1448,17,24616,8688,64288264,64273904,60548,14360,44877,26076,44875,147,0,10,6719896,2525616,44866,184832,156672,NaN,NaN
2026-04-02 13:43:46.318,45548,ESTAB,prague,232,30.357,10.235,20.02,1448,17,24616,8688,64288264,64273904,60548,14360,44877,26076,44875,147,0,10,6719896,2525616,44866,184832,156672,NaN,NaN
2026-04-02 13:43:46.561,45548,ESTAB,prague,232,30.357,10.235,20.02,1448,17,24616,8688,64288264,64273904,60548,14360,44877,26076,44875,147,0,10,6719896,2525616,44866,184832,156672,NaN,NaN
2026-04-02 13:43:46.801,45548,ESTAB,prague,232,30.357,10.235,20.02,1448,17,24616,8688,64291147,64273904,60956,14360,44880,26077,44878,148,0,10,6719896,2525616,44866,184832,159232,3,NaN
2026-04-02 13:43:47.043,45548,ESTAB,prague,228,25.289,0.025,20.02,1448,17,24616,8688,64480699,64446235,61372,14360,45012,26140,45010,149,0,10,8066568,6695120,44987,184832,162304,14,199604
2026-04-02 13:43:47.291,45548,ESTAB,prague,228,25.359,0.032,20.02,1448,17,24616,8688,64684611,64650147,61372,14360,45154,26211,45152,149,0,10,8044400,6673904,45129,184832,162304,14,254172
2026-04-02 13:43:47.525,45548,ESTAB,prague,228,25.287,0.024,20.02,1448,17,24616,8688,64882779,64848315,61372,14360,45292,26280,45290,149,0,10,8067112,6698440,45267,184832,162304,14,185244
2026-04-02 13:43:47.753,45548,ESTAB,prague,228,25.334,0.023,20.02,1448,17,24616,8688,65073767,65037867,61372,14360,45425,26346,45423,149,0,10,8052288,6700928,45399,184832,162304,15,252736
2026-04-02 13:43:47.979,45548,ESTAB,prague,228,25.34,0.056,20.02,1448,17,24616,8688,65260447,65224547,61372,14360,45555,26411,45553,149,0,10,8050384,6689048,45529,184832,162304,15,76614
2026-04-02 13:43:48.223,45548,ESTAB,prague,232,30.976,11.284,20.02,1448,17,24616,8688,65337061,65322701,61372,14360,45609,26446,45607,149,0,10,6585664,2388216,45598,184832,162304,NaN,NaN
2026-04-02 13:43:48.469,45548,ESTAB,prague,232,30.976,11.284,20.02,1448,17,24616,8688,65337061,65322701,61372,14360,45609,26446,45607,149,0,10,6585664,2388216,45598,184832,162304,NaN,NaN
2026-04-02 13:43:48.697,45548,ESTAB,prague,232,30.976,11.284,20.02,1448,17,24616,8688,65337061,65322701,61372,14360,45609,26446,45607,149,0,10,6585664,2388216,45598,184832,162304,NaN,NaN
