timestamp,dst_port,state,cc_algo,rto_ms,rtt_ms,rtt_var_ms,min_rtt_ms,mss_bytes,cwnd_pkts,cwnd_bytes,ssthresh_bytes,bytes_sent,bytes_acked,bytes_received,bytes_retrans,segs_out,segs_in,data_segs_out,data_segs_in,retrans_outstanding,retrans_total,pacing_rate_bps,delivery_rate_bps,delivered_pkts,snd_wnd_bytes,rcv_wnd_bytes,unacked_pkts,notsent_bytes
2026-04-27 19:49:43.481,42642,ESTAB,bbr,224,21.044,6.465,20.149,1448,12,17376,NaN,2883,2883,408,NaN,3,5,2,1,NaN,NaN,15529336,1149032,3,48640,43520,NaN,NaN
2026-04-27 19:49:43.765,42642,ESTAB,bbr,224,21.044,6.465,20.149,1448,12,17376,NaN,2883,2883,408,NaN,3,5,2,1,NaN,NaN,15529336,1149032,3,48640,43520,NaN,NaN
2026-04-27 19:49:44.453,42650,ESTAB,bbr,232,29.511,1.209,20.131,1448,38,55024,28960,145608,122440,822,NaN,102,47,101,2,NaN,NaN,7050192,6325608,86,86016,43520,16,70239
2026-04-27 19:49:44.676,42650,ESTAB,bbr,228,26.407,2.177,20.131,1448,36,52128,28960,293647,269031,1644,NaN,205,99,204,4,NaN,NaN,8338520,6685320,188,86528,43520,17,388064
2026-04-27 19:49:44.898,42650,ESTAB,bbr,232,29.46,1.187,20.131,1448,36,52128,28960,477543,454375,1644,NaN,332,163,331,4,NaN,NaN,8340232,6705400,316,86528,43520,16,372136
2026-04-27 19:49:45.123,42650,ESTAB,bbr,232,29.108,1.175,20.131,1448,36,52128,28960,668679,645511,1644,NaN,464,229,463,4,NaN,NaN,8308616,6691840,448,86528,43520,16,348968
2026-04-27 19:49:45.369,42650,ESTAB,bbr,228,27.15,1.788,20.131,1448,56,81088,28960,875743,851127,1644,NaN,607,291,606,4,NaN,NaN,8334248,6173192,590,367104,43520,17,143756
2026-04-27 19:49:45.591,42650,ESTAB,bbr,232,28.357,0.27,20.131,1448,54,78192,28960,1019499,1019095,1644,NaN,707,349,706,4,NaN,NaN,8325704,5812160,706,387072,43520,1,NaN
2026-04-27 19:49:45.828,42650,ESTAB,bbr,236,33.442,10.372,20.131,1448,54,78192,28960,1019499,1019499,1644,NaN,707,350,706,4,NaN,NaN,8325704,2730744,707,387584,43520,NaN,NaN
2026-04-27 19:49:46.071,42650,ESTAB,bbr,236,33.442,10.372,20.131,1448,54,78192,28960,1019499,1019499,1644,NaN,707,350,706,4,NaN,NaN,8325704,2730744,707,387584,43520,NaN,NaN
2026-04-27 19:49:46.295,42650,ESTAB,bbr,236,33.442,10.372,20.131,1448,54,78192,28960,1022382,1019499,2052,NaN,709,351,708,5,NaN,NaN,6660560,2730744,707,387584,43520,2,NaN
2026-04-27 19:49:46.527,42650,ESTAB,bbr,232,29.028,0.394,20.105,1448,54,78192,28960,1204830,1178766,2468,NaN,835,408,834,6,NaN,NaN,8435072,6679008,817,387584,43520,18,537208
2026-04-27 19:49:46.788,42650,ESTAB,bbr,232,29.358,1.214,20.105,1448,48,69504,28960,1422030,1398862,2468,NaN,985,478,984,6,NaN,NaN,8351336,6694016,969,387584,43520,16,580648
2026-04-27 19:49:47.029,42650,ESTAB,bbr,232,28.874,0.053,20.105,1448,46,66608,28960,1623302,1598686,2468,NaN,1124,547,1123,6,NaN,NaN,8334248,6685432,1107,387584,43520,17,444994
2026-04-27 19:49:47.265,42650,ESTAB,bbr,232,30.221,0.504,20.105,1448,48,69504,28960,1821678,1798510,2468,NaN,1261,616,1260,6,NaN,NaN,8306048,6691840,1245,387584,43520,16,246618
2026-04-27 19:49:47.508,42650,ESTAB,bbr,232,28.791,0.106,20.105,1448,46,66608,28960,2025846,2001230,2468,NaN,1402,686,1401,6,NaN,NaN,8312888,6674512,1385,387584,43520,17,42450
2026-04-27 19:49:47.754,42650,ESTAB,bbr,236,34.668,8.837,20.105,1448,46,66608,28960,2068296,2068296,2468,NaN,1432,710,1431,6,NaN,NaN,8312888,2589560,1432,387584,43520,NaN,NaN
2026-04-27 19:49:47.983,42650,ESTAB,bbr,236,34.668,8.837,20.105,1448,46,66608,28960,2068296,2068296,2468,NaN,1432,710,1431,6,NaN,NaN,8312888,2589560,1432,387584,43520,NaN,NaN
2026-04-27 19:49:48.217,42650,ESTAB,bbr,236,34.668,8.837,20.105,1448,46,66608,28960,2068296,2068296,2468,NaN,1432,710,1431,6,NaN,NaN,8312888,2589560,1432,387584,43520,NaN,NaN
2026-04-27 19:49:48.468,42650,ESTAB,bbr,228,27.593,1.873,20.105,1448,46,66608,28960,2173987,2149371,3292,NaN,1505,741,1504,8,NaN,NaN,8340232,6214800,1488,387584,43520,17,616848
2026-04-27 19:49:48.703,42650,ESTAB,bbr,232,29.18,0.568,20.105,1448,36,52128,28960,2369467,2346299,3292,NaN,1640,809,1639,8,NaN,NaN,8340232,6699392,1624,387584,43520,16,624225
2026-04-27 19:49:48.942,42650,ESTAB,bbr,232,28.967,0.933,20.105,1448,36,52128,28960,2570739,2546123,3292,NaN,1779,878,1778,8,NaN,NaN,8316304,6294152,1762,387584,43520,17,422953
2026-04-27 19:49:49.172,42650,ESTAB,bbr,232,29.122,0.518,20.105,1448,36,52128,28960,2763323,2740155,3292,NaN,1912,945,1911,8,NaN,NaN,8338520,6697240,1896,387584,43520,16,230369
2026-04-27 19:49:49.409,42650,ESTAB,bbr,232,28.965,0.969,20.105,1448,36,52128,28960,2961699,2937083,3292,NaN,2049,1013,2048,8,NaN,NaN,8387224,6291800,2032,387584,43520,17,31993
2026-04-27 19:49:49.643,42650,ESTAB,bbr,232,29.204,0.557,20.105,1448,36,52128,28960,2993692,2993692,3292,NaN,2072,1033,2071,8,NaN,NaN,8387224,6688704,2072,388096,43520,NaN,NaN
2026-04-27 19:49:49.884,42650,ESTAB,bbr,232,29.204,0.557,20.105,1448,36,52128,28960,2993692,2993692,3292,NaN,2072,1033,2071,8,NaN,NaN,8387224,6688704,2072,388096,43520,NaN,NaN
2026-04-27 19:49:50.120,42650,ESTAB,bbr,232,29.204,0.557,20.105,1448,36,52128,28960,2993692,2993692,3292,NaN,2072,1033,2071,8,NaN,NaN,8387224,6688704,2072,388096,43520,NaN,NaN
2026-04-27 19:49:50.348,42650,ESTAB,bbr,232,29.204,0.557,20.105,1448,36,52128,28960,2993692,2993692,3292,NaN,2072,1033,2071,8,NaN,NaN,8387224,6688704,2072,388096,43520,NaN,NaN
2026-04-27 19:49:50.579,42650,ESTAB,bbr,232,29.042,0.523,20.105,1448,36,52128,28960,3173231,3147167,4116,NaN,2196,1088,2195,10,NaN,NaN,8346208,6685000,2178,388096,43520,18,543000
2026-04-27 19:49:50.822,42650,ESTAB,bbr,232,29.593,1.192,20.105,1448,36,52128,28960,3377399,3352783,4116,NaN,2337,1159,2336,10,NaN,NaN,8367568,6687256,2320,388096,43520,17,599472
2026-04-27 19:49:51.060,42650,ESTAB,bbr,232,28.495,0.529,20.105,1448,36,52128,28960,3575775,3549711,4116,NaN,2474,1227,2473,10,NaN,NaN,8330832,6714280,2456,388096,43520,18,517554
2026-04-27 19:49:51.295,42650,ESTAB,bbr,232,29.837,1.06,20.105,1448,36,52128,28960,3774151,3749535,4116,NaN,2611,1296,2610,10,NaN,NaN,8331688,6710008,2594,388096,43520,17,319178
2026-04-27 19:49:51.527,42650,ESTAB,bbr,232,29.007,0.297,20.105,1448,36,52128,28960,3963839,3940671,4116,NaN,2742,1362,2741,10,NaN,NaN,8331688,6716872,2726,388096,43520,16,129490
2026-04-27 19:49:51.777,42650,ESTAB,bbr,232,28.606,0.186,20.105,1448,36,52128,28960,4093329,4093329,4116,NaN,2832,1415,2831,10,NaN,NaN,8318016,6306576,2832,388096,43520,NaN,NaN
2026-04-27 19:49:52.005,42650,ESTAB,bbr,232,28.606,0.186,20.105,1448,36,52128,28960,4093329,4093329,4116,NaN,2832,1415,2831,10,NaN,NaN,8318016,6306576,2832,388096,43520,NaN,NaN
2026-04-27 19:49:52.229,42650,ESTAB,bbr,232,28.606,0.186,20.105,1448,36,52128,28960,4093329,4093329,4116,NaN,2832,1415,2831,10,NaN,NaN,8318016,6306576,2832,388096,43520,NaN,NaN
2026-04-27 19:49:52.457,42650,ESTAB,bbr,224,23.673,1.191,20.105,1448,36,52128,28960,4142548,4119380,4940,NaN,2866,1426,2865,12,NaN,NaN,8357320,6753672,2850,388096,43520,16,673320
2026-04-27 19:49:52.687,42650,ESTAB,bbr,232,29.147,1.113,20.105,1448,36,52128,28960,4338028,4313412,4940,NaN,3001,1493,3000,12,NaN,NaN,8357320,6294152,2984,388096,43520,17,477840
2026-04-27 19:49:52.922,42650,ESTAB,bbr,232,29.07,0.474,20.105,1448,36,52128,28960,4533508,4510340,4940,NaN,3136,1561,3135,12,NaN,NaN,8335104,6703488,3120,388096,43520,16,543000
2026-04-27 19:49:53.163,42650,ESTAB,bbr,232,29.409,1.29,20.105,1448,36,52128,28960,4731884,4710164,4940,NaN,3273,1630,3272,12,NaN,NaN,8535896,6707824,3258,388096,43520,15,501648
2026-04-27 19:49:53.402,42650,ESTAB,bbr,232,28.965,0.292,20.105,1448,36,52128,28960,4936052,4912884,4940,NaN,3414,1700,3413,12,NaN,NaN,8336808,6708232,3398,388096,43520,16,297480
2026-04-27 19:49:53.634,42650,ESTAB,bbr,232,29.613,1.159,20.105,1448,36,52128,28960,5128636,5104020,4940,NaN,3547,1766,3546,12,NaN,NaN,8336808,6693776,3530,388096,43520,17,104896
2026-04-27 19:49:53.871,42650,ESTAB,bbr,232,29.607,1.21,20.105,1448,36,52128,28960,5233532,5233532,4940,NaN,3620,1811,3619,12,NaN,NaN,8379536,5712832,3620,388096,43520,NaN,NaN
2026-04-27 19:49:54.106,42650,ESTAB,bbr,232,29.607,1.21,20.105,1448,36,52128,28960,5233532,5233532,4940,NaN,3620,1811,3619,12,NaN,NaN,8379536,5712832,3620,388096,43520,NaN,NaN
2026-04-27 19:49:54.338,42650,ESTAB,bbr,232,29.607,1.21,20.105,1448,36,52128,28960,5233532,5233532,4940,NaN,3620,1811,3619,12,NaN,NaN,8379536,5712832,3620,388096,43520,NaN,NaN
2026-04-27 19:49:54.573,42650,ESTAB,bbr,232,29.329,1.76,20.105,1448,36,52128,28960,5359495,5334879,5764,NaN,3707,1848,3706,14,NaN,NaN,8379536,6707824,3690,388096,43520,17,596576
2026-04-27 19:49:54.809,42650,ESTAB,bbr,232,28.877,0.253,20.105,1448,36,52128,28960,5557871,5534703,5764,NaN,3844,1917,3843,14,NaN,NaN,8346208,6726624,3828,388096,43520,16,658840
2026-04-27 19:49:55.041,42650,ESTAB,bbr,232,29.798,1.037,20.105,1448,36,52128,28960,5750455,5728735,5764,NaN,3977,1984,3976,14,NaN,NaN,8323992,6681704,3962,388096,43520,15,466256
2026-04-27 19:49:55.286,42650,ESTAB,bbr,232,28.945,0.164,20.105,1448,36,52128,28960,5951727,5928559,5764,NaN,4116,2053,4115,14,NaN,NaN,8323136,6685216,4100,388096,43520,16,433345
2026-04-27 19:49:55.523,42650,ESTAB,bbr,232,30.077,0.772,20.105,1448,36,52128,28960,6150103,6128383,5764,NaN,4253,2122,4252,14,NaN,NaN,8341080,6696192,4238,388096,43520,15,234969
2026-04-27 19:49:55.770,42650,ESTAB,bbr,232,28.846,0.094,20.105,1448,36,52128,28960,6358615,6336895,5764,NaN,4397,2194,4396,14,NaN,NaN,8310320,6695304,4382,388096,43520,15,26457
2026-04-27 19:49:56.013,42650,ESTAB,bbr,232,29.98,0.889,20.105,1448,36,52128,28960,6385072,6385072,5764,NaN,4416,2211,4415,14,NaN,NaN,8310320,5859592,4416,388096,43520,NaN,NaN
2026-04-27 19:49:56.251,42650,ESTAB,bbr,232,29.98,0.889,20.105,1448,36,52128,28960,6385072,6385072,5764,NaN,4416,2211,4415,14,NaN,NaN,8310320,5859592,4416,388096,43520,NaN,NaN
2026-04-27 19:49:56.483,42650,ESTAB,bbr,228,27.676,1.401,20.079,1448,36,52128,28960,6408227,6390851,6588,NaN,4432,2215,4431,16,NaN,NaN,8310320,5859592,4420,388096,43520,12,699384
2026-04-27 19:49:56.712,42650,ESTAB,bbr,232,28.81,0.081,20.079,1448,36,52128,28960,6603707,6579091,6588,NaN,4567,2280,4566,16,NaN,NaN,8330832,6695304,4550,388096,43520,17,503904
2026-04-27 19:49:56.947,42650,ESTAB,bbr,232,30.15,0.456,20.079,1448,36,52128,28960,6802083,6778915,6588,NaN,4704,2349,4703,16,NaN,NaN,8391496,6698856,4688,388096,43520,16,566168
2026-04-27 19:49:57.173,42650,ESTAB,bbr,232,28.85,0.096,20.079,1448,36,52128,28960,6991771,6967155,6588,NaN,4835,2414,4834,16,NaN,NaN,8341936,6692296,4818,388096,43520,17,533955
2026-04-27 19:49:57.403,42650,ESTAB,bbr,232,30.208,0.553,20.079,1448,36,52128,28960,7181459,7158291,6588,NaN,4966,2480,4965,16,NaN,NaN,8319720,6695224,4950,388096,43520,16,344267
2026-04-27 19:49:57.639,42650,ESTAB,bbr,232,28.842,0.124,20.079,1448,36,52128,28960,7379835,7355219,6588,NaN,5103,2548,5102,16,NaN,NaN,8330832,6694872,5086,388096,43520,17,145891
2026-04-27 19:49:57.878,42650,ESTAB,bbr,232,29.629,1.187,20.079,1448,36,52128,28960,7525726,7525726,6588,NaN,5204,2607,5203,16,NaN,NaN,8330832,6097984,5204,388096,43520,NaN,NaN
2026-04-27 19:49:58.106,42650,ESTAB,bbr,232,29.629,1.187,20.079,1448,36,52128,28960,7525726,7525726,6588,NaN,5204,2607,5203,16,NaN,NaN,8330832,6097984,5204,388096,43520,NaN,NaN
2026-04-27 19:49:58.341,42650,ESTAB,bbr,232,29.629,1.187,20.079,1448,36,52128,28960,7525726,7525726,6588,NaN,5204,2607,5203,16,NaN,NaN,8330832,6097984,5204,388096,43520,NaN,NaN
2026-04-27 19:49:58.572,42650,ESTAB,bbr,232,28.462,1.442,20.079,1448,36,52128,28960,7528609,7528609,6996,NaN,5206,2609,5205,17,NaN,NaN,8330832,6097984,5206,388096,43520,NaN,NaN
2026-04-27 19:49:58.813,42650,ESTAB,bbr,232,29.293,0.722,20.079,1448,36,52128,28960,7690785,7667617,7412,NaN,5318,2658,5317,18,NaN,NaN,8317160,6693048,5302,388096,43520,16,557480
2026-04-27 19:49:59.048,42650,ESTAB,bbr,232,28.492,0.399,20.079,1448,36,52128,28960,7889161,7867441,7412,NaN,5455,2727,5454,18,NaN,NaN,8341080,6186792,5440,388096,43520,15,619744
2026-04-27 19:49:59.280,42650,ESTAB,bbr,232,29.52,0.496,20.079,1448,36,52128,28960,8081745,8058577,7412,NaN,5588,2793,5587,18,NaN,NaN,8356464,6693776,5572,388096,43520,16,622685
2026-04-27 19:49:59.523,42650,ESTAB,bbr,232,28.972,0.98,20.079,1448,36,52128,28960,8288809,8264193,7412,NaN,5731,2864,5730,18,NaN,NaN,8323136,6299288,5714,388096,43520,17,415621
2026-04-27 19:49:59.754,42650,ESTAB,bbr,232,29.159,0.561,20.079,1448,36,52128,28960,8481393,8455329,7412,NaN,5864,2930,5863,18,NaN,NaN,8329976,6678792,5846,388096,43520,18,223037
2026-04-27 19:49:59.989,42650,ESTAB,bbr,232,28.75,0.697,20.079,1448,36,52128,28960,8676873,8652257,7412,NaN,5999,2998,5998,18,NaN,NaN,8326560,6301216,5982,388096,43520,17,27557
2026-04-27 19:50:00.227,42650,ESTAB,bbr,236,34.462,8.443,20.079,1448,36,52128,28960,8704430,8704430,7412,NaN,6019,3017,6018,18,NaN,NaN,8320576,2361000,6019,388096,43520,NaN,NaN
2026-04-27 19:50:00.465,42650,ESTAB,bbr,236,34.462,8.443,20.079,1448,36,52128,28960,8704430,8704430,7412,NaN,6019,3017,6018,18,NaN,NaN,8320576,2361000,6019,388096,43520,NaN,NaN
2026-04-27 19:50:00.700,42650,ESTAB,bbr,228,26.464,7.097,20.079,1448,36,52128,28960,8744961,8721793,8236,NaN,6047,3026,6046,20,NaN,NaN,8320576,3412072,6031,388096,43520,16,682008
2026-04-27 19:50:00.926,42650,ESTAB,bbr,232,28.394,0.248,20.079,1448,36,52128,28960,8937545,8912929,8236,NaN,6180,3092,6179,20,NaN,NaN,8353048,6076648,6163,388096,43520,17,489424
2026-04-27 19:50:01.158,42650,ESTAB,bbr,232,29.823,0.573,20.079,1448,36,52128,28960,9127233,9104065,8236,NaN,6311,3158,6310,20,NaN,NaN,8318864,6517928,6295,388096,43520,16,560376
2026-04-27 19:50:01.395,42650,ESTAB,bbr,232,28.337,0.192,20.079,1448,36,52128,28960,9325609,9300993,8236,NaN,6448,3226,6447,20,NaN,NaN,8341936,5948136,6431,388096,43520,17,471572
2026-04-27 19:50:01.654,42650,ESTAB,bbr,232,29.021,0.415,20.079,1448,36,52128,28960,9538465,9512401,8236,NaN,6595,3299,6594,20,NaN,NaN,8312888,6669816,6577,388096,43520,18,258716
2026-04-27 19:50:01.890,42650,ESTAB,bbr,232,29.799,1.001,20.079,1448,36,52128,28960,9742633,9720913,8236,NaN,6736,3371,6735,20,NaN,NaN,8338520,6689904,6721,388096,43520,15,54548
2026-04-27 19:50:02.114,42650,ESTAB,bbr,236,33.122,8.883,20.079,1448,36,52128,28960,9797181,9797181,8236,NaN,6774,3398,6773,20,NaN,NaN,8338520,2631448,6774,388096,43520,NaN,NaN
2026-04-27 19:50:02.348,42650,ESTAB,bbr,236,33.122,8.883,20.079,1448,36,52128,28960,9797181,9797181,8236,NaN,6774,3398,6773,20,NaN,NaN,8338520,2631448,6774,388096,43520,NaN,NaN
2026-04-27 19:50:02.580,42650,ESTAB,bbr,236,33.122,8.883,20.079,1448,36,52128,28960,9797181,9797181,8236,NaN,6774,3398,6773,20,NaN,NaN,8338520,2631448,6774,388096,43520,NaN,NaN
2026-04-27 19:50:02.816,42650,ESTAB,bbr,232,29.189,1.92,20.079,1448,36,52128,28960,9920248,9895632,9060,NaN,6859,3435,6858,22,NaN,NaN,8354752,6700552,6842,388096,43520,17,187782
2026-04-27 19:50:03.067,42650,ESTAB,bbr,232,28.943,0.199,20.079,1448,36,52128,28960,10108030,10101248,9060,NaN,6989,3506,6988,22,NaN,NaN,8313744,6708880,6984,388096,43520,5,NaN
2026-04-27 19:50:03.307,42650,ESTAB,bbr,236,33.736,9.747,20.079,1448,36,52128,28960,10108030,10108030,9060,NaN,6989,3509,6988,22,NaN,NaN,8313744,2488536,6989,388096,43520,NaN,NaN
2026-04-27 19:50:03.552,42650,ESTAB,bbr,236,33.736,9.747,20.079,1448,36,52128,28960,10108030,10108030,9060,NaN,6989,3509,6988,22,NaN,NaN,8313744,2488536,6989,388096,43520,NaN,NaN
2026-04-27 19:50:03.795,42650,ESTAB,bbr,236,33.736,9.747,20.079,1448,36,52128,28960,10108030,10108030,9060,NaN,6989,3509,6988,22,NaN,NaN,8313744,2488536,6989,388096,43520,NaN,NaN
2026-04-27 19:50:04.038,42650,ESTAB,bbr,236,33.736,9.747,20.079,1448,36,52128,28960,10108030,10108030,9060,NaN,6989,3509,6988,22,NaN,NaN,8313744,2488536,6989,388096,43520,NaN,NaN
2026-04-27 19:50:04.289,42650,ESTAB,bbr,236,33.736,9.747,20.079,1448,36,52128,28960,10108030,10108030,9060,NaN,6989,3509,6988,22,NaN,NaN,8313744,2488536,6989,388096,43520,NaN,NaN
2026-04-27 19:50:04.542,42650,ESTAB,bbr,236,33.736,9.747,20.079,1448,36,52128,28960,10108030,10108030,9060,NaN,6989,3509,6988,22,NaN,NaN,8313744,2488536,6989,388096,43520,NaN,NaN
2026-04-27 19:50:04.800,42650,ESTAB,bbr,228,26.176,2.616,20.079,1448,36,52128,28960,10190553,10165937,9884,NaN,7046,3532,7045,24,NaN,NaN,8320576,6685000,7029,388096,43520,17,287443
2026-04-27 19:50:05.051,42650,ESTAB,bbr,232,29.49,0.526,20.079,1448,36,52128,28960,10403409,10380241,9884,NaN,7193,3606,7192,24,NaN,NaN,8320576,6689904,7177,388096,43520,16,74587
2026-04-27 19:50:05.303,42650,ESTAB,bbr,232,29.915,0.942,20.079,1448,36,52128,28960,10477996,10477996,9884,NaN,7245,3640,7244,24,NaN,NaN,8318016,6244016,7245,388096,43520,NaN,NaN
2026-04-27 19:50:05.565,42650,ESTAB,bbr,232,29.915,0.942,20.079,1448,36,52128,28960,10477996,10477996,9884,NaN,7245,3640,7244,24,NaN,NaN,8318016,6244016,7245,388096,43520,NaN,NaN
2026-04-27 19:50:05.825,42650,ESTAB,bbr,232,29.915,0.942,20.079,1448,36,52128,28960,10477996,10477996,9884,NaN,7245,3640,7244,24,NaN,NaN,8318016,6244016,7245,388096,43520,NaN,NaN
2026-04-27 19:50:06.075,42650,ESTAB,bbr,232,29.915,0.942,20.079,1448,36,52128,28960,10477996,10477996,9884,NaN,7245,3640,7244,24,NaN,NaN,8318016,6244016,7245,388096,43520,NaN,NaN
2026-04-27 19:50:06.345,42650,ESTAB,bbr,232,29.915,0.942,20.079,1448,36,52128,28960,10477996,10477996,9884,NaN,7245,3640,7244,24,NaN,NaN,8318016,6244016,7245,388096,43520,NaN,NaN
2026-04-27 19:50:06.613,42650,ESTAB,bbr,232,29.915,0.942,20.079,1448,36,52128,28960,10477996,10477996,9884,NaN,7245,3640,7244,24,NaN,NaN,8318016,6244016,7245,388096,43520,NaN,NaN
2026-04-27 19:50:06.886,42650,ESTAB,bbr,232,29.158,2.002,20.079,1448,36,52128,28960,10601063,10576447,10708,NaN,7330,3676,7329,26,NaN,NaN,8318016,6655792,7313,388096,43520,17,599472
2026-04-27 19:50:07.156,42650,ESTAB,bbr,232,28.827,0.037,20.079,1448,36,52128,28960,10826951,10802335,10708,NaN,7486,3754,7485,26,NaN,NaN,8320576,6696168,7469,388096,43520,17,634224
2026-04-27 19:50:07.406,42650,ESTAB,bbr,232,29.222,0.537,20.079,1448,36,52128,28960,11039807,11016639,10708,NaN,7633,3828,7632,26,NaN,NaN,8340232,6689504,7617,388096,43520,16,462261
2026-04-27 19:50:07.655,42650,ESTAB,bbr,232,29.503,1.22,20.079,1448,36,52128,28960,11249767,11225151,10708,NaN,7778,3900,7777,26,NaN,NaN,8318016,6690632,7761,388096,43520,17,252301
2026-04-27 19:50:07.908,42650,ESTAB,bbr,232,28.894,0.145,20.079,1448,36,52128,28960,11459727,11439455,10708,NaN,7923,3974,7922,26,NaN,NaN,8325704,6689288,7909,388096,43520,14,42341
2026-04-27 19:50:08.158,42650,ESTAB,bbr,232,30.059,0.783,20.079,1448,36,52128,28960,11502068,11502068,10708,NaN,7953,3996,7952,26,NaN,NaN,8325704,5851768,7953,388096,43520,NaN,NaN
2026-04-27 19:50:08.407,42650,ESTAB,bbr,232,30.059,0.783,20.079,1448,36,52128,28960,11502068,11502068,10708,NaN,7953,3996,7952,26,NaN,NaN,8325704,5851768,7953,388096,43520,NaN,NaN
2026-04-27 19:50:08.635,42650,ESTAB,bbr,232,30.059,0.783,20.079,1448,36,52128,28960,11502068,11502068,10708,NaN,7953,3996,7952,26,NaN,NaN,8325704,5851768,7953,388096,43520,NaN,NaN
2026-04-27 19:50:08.862,42650,ESTAB,bbr,228,25.608,2.334,20.079,1448,36,52128,28960,11581695,11557079,11532,NaN,8008,4017,8007,28,NaN,NaN,8333392,6711896,7991,388096,43520,17,642912
2026-04-27 19:50:09.098,42650,ESTAB,bbr,232,30.237,0.46,20.079,1448,36,52128,28960,11780071,11756903,11532,NaN,8145,4086,8144,28,NaN,NaN,8354752,6698368,8129,388096,43520,16,444536
2026-04-27 19:50:09.329,42650,ESTAB,bbr,232,28.866,0.13,20.079,1448,36,52128,28960,11972655,11948039,11532,NaN,8278,4152,8277,28,NaN,NaN,8334248,6695088,8261,388096,43520,17,512592
2026-04-27 19:50:09.569,42650,ESTAB,bbr,232,30.265,0.438,20.079,1448,36,52128,28960,12173927,12150759,11532,NaN,8417,4222,8416,28,NaN,NaN,8324848,6693528,8401,388096,43520,16,539198
2026-04-27 19:50:09.808,42650,ESTAB,bbr,232,28.808,0.076,20.079,1448,36,52128,28960,12375199,12353479,11532,NaN,8556,4292,8555,28,NaN,NaN,8317160,6692944,8541,388096,43520,15,337926
2026-04-27 19:50:10.037,42650,ESTAB,bbr,232,30.19,0.52,20.079,1448,36,52128,28960,12567783,12544615,11532,NaN,8689,4358,8688,28,NaN,NaN,8337664,6695464,8673,388096,43520,16,145342
2026-04-27 19:50:10.268,42650,ESTAB,bbr,232,28.917,0.292,20.079,1448,36,52128,28960,12713125,12712583,11532,NaN,8790,4416,8789,28,NaN,NaN,8337664,6729232,8789,388096,43520,1,NaN
2026-04-27 19:50:10.508,42650,ESTAB,bbr,236,33.72,9.824,20.079,1448,36,52128,28960,12713125,12713125,11532,NaN,8790,4417,8789,28,NaN,NaN,8337664,2492752,8790,388096,43520,NaN,NaN
2026-04-27 19:50:10.750,42650,ESTAB,bbr,236,33.72,9.824,20.079,1448,36,52128,28960,12713125,12713125,11532,NaN,8790,4417,8789,28,NaN,NaN,8337664,2492752,8790,388096,43520,NaN,NaN
2026-04-27 19:50:10.993,42650,ESTAB,bbr,232,29.163,0.671,20.079,1448,36,52128,28960,12886872,12860808,12356,NaN,8910,4471,8909,30,NaN,NaN,8327416,6712112,8892,388096,43520,18,548792
2026-04-27 19:50:11.228,42650,ESTAB,bbr,232,28.741,0.713,20.079,1448,36,52128,28960,13082352,13057736,12356,NaN,9045,4539,9044,30,NaN,NaN,8346208,6299712,9028,388096,43520,17,613952
2026-04-27 19:50:11.468,42650,ESTAB,bbr,232,29.039,0.433,20.079,1448,36,52128,28960,13283624,13260456,12356,NaN,9184,4609,9183,30,NaN,NaN,8346208,6687792,9168,388096,43520,16,673320
2026-04-27 19:50:11.705,42650,ESTAB,bbr,232,29.315,1.221,20.079,1448,36,52128,28960,13482000,13457384,12356,NaN,9321,4677,9320,30,NaN,NaN,8329976,6301424,9304,388096,43520,17,474944
2026-04-27 19:50:11.945,42650,ESTAB,bbr,232,29.001,0.358,20.079,1448,36,52128,28960,13683272,13657208,12356,NaN,9460,4746,9459,30,NaN,NaN,8386368,6697240,9442,388096,43520,18,300752
2026-04-27 19:50:12.183,42650,ESTAB,bbr,232,29.817,1.033,20.079,1448,36,52128,28960,13884544,13859928,12356,NaN,9599,4816,9598,30,NaN,NaN,8319720,6699824,9582,388096,43520,17,99480
2026-04-27 19:50:12.406,42650,ESTAB,bbr,232,29.646,1.179,20.079,1448,36,52128,28960,13984024,13984024,12356,NaN,9668,4859,9667,30,NaN,NaN,8326560,6086768,9668,388096,43520,NaN,NaN
2026-04-27 19:50:12.636,42650,ESTAB,bbr,232,29.646,1.179,20.079,1448,36,52128,28960,13984024,13984024,12356,NaN,9668,4859,9667,30,NaN,NaN,8326560,6086768,9668,388096,43520,NaN,NaN
2026-04-27 19:50:12.871,42650,ESTAB,bbr,228,24.28,2.084,20.079,1448,36,52128,28960,14030347,14007179,13180,NaN,9700,4869,9699,32,NaN,NaN,8326560,6086768,9684,388096,43520,16,676216
2026-04-27 19:50:13.108,42650,ESTAB,bbr,232,29.149,1.14,20.079,1448,36,52128,28960,14228723,14204107,13180,NaN,9837,4937,9836,32,NaN,NaN,8335104,6290736,9820,388096,43520,17,477840
2026-04-27 19:50:13.344,42650,ESTAB,bbr,232,29.162,0.507,20.079,1448,36,52128,28960,14409723,14395243,13180,NaN,9962,5003,9961,32,NaN,NaN,8326560,6680072,9952,388096,43520,10,557480
2026-04-27 19:50:13.571,42650,ESTAB,bbr,244,43.252,3.042,20.079,1448,36,52128,28960,14471987,14458955,13180,NaN,10005,5028,10004,32,NaN,NaN,8326560,2235376,9996,387072,43520,9,495216
2026-04-27 19:50:13.815,42650,ESTAB,bbr,240,36.74,0.952,20.079,1448,36,52128,28960,14571899,14557419,13180,NaN,10074,5073,10073,32,NaN,NaN,8265896,3344832,10064,388096,43520,10,587292
2026-04-27 19:50:14.044,42650,ESTAB,bbr,236,35.661,1.33,20.079,1448,26,37648,28960,14667467,14652987,13180,NaN,10140,5113,10139,32,NaN,NaN,4727640,3347448,10130,387072,43520,10,491724
2026-04-27 19:50:14.277,42650,ESTAB,bbr,244,42.906,3.465,20.079,1448,24,34752,28960,14738419,14726835,13180,NaN,10189,5145,10188,32,NaN,NaN,4157720,2231552,10181,387072,43520,8,420772
2026-04-27 19:50:14.515,42650,ESTAB,bbr,244,43.986,2.36,20.079,1448,24,34752,28960,14806475,14791995,13180,NaN,10236,5175,10235,32,NaN,NaN,4151744,2233144,10226,388096,43520,10,352716
2026-04-27 19:50:14.751,42650,ESTAB,bbr,244,40.493,3.161,20.079,1448,26,37648,28960,14889011,14875979,13180,NaN,10293,5213,10292,32,NaN,NaN,4245728,2152488,10284,387072,43520,9,270180
2026-04-27 19:50:14.988,59504,ESTAB,bbr,224,21.985,7.292,21.244,1448,12,17376,NaN,2883,2883,408,NaN,3,5,2,1,NaN,NaN,15487896,878136,3,48640,43520,NaN,NaN
2026-04-27 19:50:15.224,59504,ESTAB,bbr,224,21.985,7.292,21.244,1448,12,17376,NaN,2883,2883,408,NaN,3,5,2,1,NaN,NaN,15487896,878136,3,48640,43520,NaN,NaN
2026-04-27 19:50:15.465,59504,ESTAB,bbr,224,21.985,7.292,21.244,1448,12,17376,NaN,2883,2883,408,NaN,3,5,2,1,NaN,NaN,15487896,878136,3,48640,43520,NaN,NaN
2026-04-27 19:50:15.717,59504,ESTAB,bbr,224,21.985,7.292,21.244,1448,12,17376,NaN,2883,2883,408,NaN,3,5,2,1,NaN,NaN,15487896,878136,3,48640,43520,NaN,NaN
2026-04-27 19:50:15.961,59504,ESTAB,bbr,224,21.985,7.292,21.244,1448,12,17376,NaN,2883,2883,408,NaN,3,5,2,1,NaN,NaN,15487896,878136,3,48640,43520,NaN,NaN
2026-04-27 19:50:16.220,59504,ESTAB,bbr,224,21.985,7.292,21.244,1448,12,17376,NaN,2883,2883,408,NaN,3,5,2,1,NaN,NaN,15487896,878136,3,48640,43520,NaN,NaN
2026-04-27 19:50:16.496,59504,ESTAB,bbr,224,21.985,7.292,21.244,1448,12,17376,NaN,2883,2883,408,NaN,3,5,2,1,NaN,NaN,15487896,878136,3,48640,43520,NaN,NaN
2026-04-27 19:50:16.749,59504,ESTAB,bbr,224,21.985,7.292,21.244,1448,12,17376,NaN,2883,2883,408,NaN,3,5,2,1,NaN,NaN,15487896,878136,3,48640,43520,NaN,NaN
2026-04-27 19:50:17.014,59504,ESTAB,bbr,224,22.32,5.364,20.631,1448,14,20272,NaN,5766,5766,816,NaN,5,8,4,2,NaN,NaN,15487896,896208,5,53248,43520,NaN,NaN
2026-04-27 19:50:17.241,59504,ESTAB,bbr,224,22.32,5.364,20.631,1448,14,20272,NaN,5766,5766,816,NaN,5,8,4,2,NaN,NaN,15487896,896208,5,53248,43520,NaN,NaN
2026-04-27 19:50:17.479,59504,ESTAB,bbr,224,22.32,5.364,20.631,1448,14,20272,NaN,5766,5766,816,NaN,5,8,4,2,NaN,NaN,15487896,896208,5,53248,43520,NaN,NaN
2026-04-27 19:50:17.719,59504,ESTAB,bbr,224,22.32,5.364,20.631,1448,14,20272,NaN,5766,5766,816,NaN,5,8,4,2,NaN,NaN,15487896,896208,5,53248,43520,NaN,NaN
2026-04-27 19:50:17.994,59504,ESTAB,bbr,224,22.32,5.364,20.631,1448,14,20272,NaN,5766,5766,816,NaN,5,8,4,2,NaN,NaN,15487896,896208,5,53248,43520,NaN,NaN
2026-04-27 19:50:18.264,59504,ESTAB,bbr,224,22.32,5.364,20.631,1448,14,20272,NaN,5766,5766,816,NaN,5,8,4,2,NaN,NaN,15487896,896208,5,53248,43520,NaN,NaN
2026-04-27 19:50:18.514,59504,ESTAB,bbr,224,22.32,5.364,20.631,1448,14,20272,NaN,5766,5766,816,NaN,5,8,4,2,NaN,NaN,15487896,896208,5,53248,43520,NaN,NaN
2026-04-27 19:50:18.777,59504,ESTAB,bbr,224,22.32,5.364,20.631,1448,14,20272,NaN,5766,5766,816,NaN,5,8,4,2,NaN,NaN,15487896,896208,5,53248,43520,NaN,NaN
2026-04-27 19:50:19.046,59504,ESTAB,bbr,224,22.639,4.252,20.631,1448,16,23168,NaN,8649,8649,1224,NaN,7,11,6,3,NaN,NaN,15487896,896208,7,53248,43520,NaN,NaN
2026-04-27 19:50:19.300,59504,ESTAB,bbr,224,22.639,4.252,20.631,1448,16,23168,NaN,8649,8649,1224,NaN,7,11,6,3,NaN,NaN,15487896,896208,7,53248,43520,NaN,NaN
2026-04-27 19:50:19.541,59504,ESTAB,bbr,224,22.639,4.252,20.631,1448,16,23168,NaN,8649,8649,1224,NaN,7,11,6,3,NaN,NaN,15487896,896208,7,53248,43520,NaN,NaN
2026-04-27 19:50:19.806,59504,ESTAB,bbr,224,22.639,4.252,20.631,1448,16,23168,NaN,8649,8649,1224,NaN,7,11,6,3,NaN,NaN,15487896,896208,7,53248,43520,NaN,NaN
2026-04-27 19:50:20.069,59504,ESTAB,bbr,224,22.639,4.252,20.631,1448,16,23168,NaN,8649,8649,1224,NaN,7,11,6,3,NaN,NaN,15487896,896208,7,53248,43520,NaN,NaN
2026-04-27 19:50:20.331,59504,ESTAB,bbr,224,22.639,4.252,20.631,1448,16,23168,NaN,8649,8649,1224,NaN,7,11,6,3,NaN,NaN,15487896,896208,7,53248,43520,NaN,NaN
2026-04-27 19:50:20.579,59504,ESTAB,bbr,224,22.639,4.252,20.631,1448,16,23168,NaN,8649,8649,1224,NaN,7,11,6,3,NaN,NaN,15487896,896208,7,53248,43520,NaN,NaN
2026-04-27 19:50:20.825,59504,ESTAB,bbr,224,22.639,4.252,20.631,1448,16,23168,NaN,8649,8649,1224,NaN,7,11,6,3,NaN,NaN,15487896,896208,7,53248,43520,NaN,NaN
2026-04-27 19:50:21.089,59504,ESTAB,bbr,224,22.934,3.65,20.631,1448,18,26064,NaN,11532,11532,1632,NaN,9,14,8,4,NaN,NaN,15487896,896208,9,53248,43520,NaN,NaN
2026-04-27 19:50:21.346,59504,ESTAB,bbr,224,22.934,3.65,20.631,1448,18,26064,NaN,11532,11532,1632,NaN,9,14,8,4,NaN,NaN,15487896,896208,9,53248,43520,NaN,NaN
2026-04-27 19:50:21.602,59504,ESTAB,bbr,224,22.934,3.65,20.631,1448,18,26064,NaN,11532,11532,1632,NaN,9,14,8,4,NaN,NaN,15487896,896208,9,53248,43520,NaN,NaN
2026-04-27 19:50:21.859,59504,ESTAB,bbr,224,22.934,3.65,20.631,1448,18,26064,NaN,11532,11532,1632,NaN,9,14,8,4,NaN,NaN,15487896,896208,9,53248,43520,NaN,NaN
2026-04-27 19:50:22.118,59504,ESTAB,bbr,224,22.934,3.65,20.631,1448,18,26064,NaN,11532,11532,1632,NaN,9,14,8,4,NaN,NaN,15487896,896208,9,53248,43520,NaN,NaN
2026-04-27 19:50:22.363,59504,ESTAB,bbr,224,22.934,3.65,20.631,1448,18,26064,NaN,11532,11532,1632,NaN,9,14,8,4,NaN,NaN,15487896,896208,9,53248,43520,NaN,NaN
2026-04-27 19:50:22.616,59504,ESTAB,bbr,224,22.934,3.65,20.631,1448,18,26064,NaN,11532,11532,1632,NaN,9,14,8,4,NaN,NaN,15487896,896208,9,53248,43520,NaN,NaN
2026-04-27 19:50:22.869,59504,ESTAB,bbr,224,22.934,3.65,20.631,1448,18,26064,NaN,11532,11532,1632,NaN,9,14,8,4,NaN,NaN,15487896,896208,9,53248,43520,NaN,NaN
2026-04-27 19:50:23.121,59504,ESTAB,bbr,224,23.286,3.327,20.631,1448,18,26064,NaN,14415,14415,2040,NaN,11,17,10,5,NaN,NaN,15487896,896208,11,53248,43520,NaN,NaN
2026-04-27 19:50:23.377,59504,ESTAB,bbr,224,23.286,3.327,20.631,1448,18,26064,NaN,14415,14415,2040,NaN,11,17,10,5,NaN,NaN,15487896,896208,11,53248,43520,NaN,NaN
2026-04-27 19:50:23.647,59504,ESTAB,bbr,224,23.286,3.327,20.631,1448,18,26064,NaN,14415,14415,2040,NaN,11,17,10,5,NaN,NaN,15487896,896208,11,53248,43520,NaN,NaN
2026-04-27 19:50:23.909,59504,ESTAB,bbr,224,23.286,3.327,20.631,1448,18,26064,NaN,14415,14415,2040,NaN,11,17,10,5,NaN,NaN,15487896,896208,11,53248,43520,NaN,NaN
2026-04-27 19:50:24.169,59504,ESTAB,bbr,224,23.286,3.327,20.631,1448,18,26064,NaN,14415,14415,2040,NaN,11,17,10,5,NaN,NaN,15487896,896208,11,53248,43520,NaN,NaN
2026-04-27 19:50:24.429,59504,ESTAB,bbr,224,23.286,3.327,20.631,1448,18,26064,NaN,14415,14415,2040,NaN,11,17,10,5,NaN,NaN,15487896,896208,11,53248,43520,NaN,NaN
2026-04-27 19:50:24.691,59504,ESTAB,bbr,224,23.286,3.327,20.631,1448,18,26064,NaN,14415,14415,2040,NaN,11,17,10,5,NaN,NaN,15487896,896208,11,53248,43520,NaN,NaN
2026-04-27 19:50:24.955,59504,ESTAB,bbr,224,23.286,3.327,20.631,1448,18,26064,NaN,14415,14415,2040,NaN,11,17,10,5,NaN,NaN,15487896,896208,11,53248,43520,NaN,NaN
2026-04-27 19:50:25.215,59504,ESTAB,bbr,224,23.406,3.079,20.631,1448,18,26064,NaN,17298,17298,2448,NaN,13,20,12,6,NaN,NaN,15487896,896208,13,53248,43520,NaN,NaN
2026-04-27 19:50:25.466,59504,ESTAB,bbr,224,23.406,3.079,20.631,1448,18,26064,NaN,17298,17298,2448,NaN,13,20,12,6,NaN,NaN,15487896,896208,13,53248,43520,NaN,NaN
2026-04-27 19:50:25.728,59504,ESTAB,bbr,224,23.406,3.079,20.631,1448,18,26064,NaN,17298,17298,2448,NaN,13,20,12,6,NaN,NaN,15487896,896208,13,53248,43520,NaN,NaN
2026-04-27 19:50:25.996,59504,ESTAB,bbr,224,23.406,3.079,20.631,1448,18,26064,NaN,17298,17298,2448,NaN,13,20,12,6,NaN,NaN,15487896,896208,13,53248,43520,NaN,NaN
2026-04-27 19:50:26.257,59504,ESTAB,bbr,224,23.406,3.079,20.631,1448,18,26064,NaN,17298,17298,2448,NaN,13,20,12,6,NaN,NaN,15487896,896208,13,53248,43520,NaN,NaN
2026-04-27 19:50:26.508,59504,ESTAB,bbr,224,23.406,3.079,20.631,1448,18,26064,NaN,17298,17298,2448,NaN,13,20,12,6,NaN,NaN,15487896,896208,13,53248,43520,NaN,NaN
2026-04-27 19:50:26.756,59504,ESTAB,bbr,224,23.406,3.079,20.631,1448,18,26064,NaN,17298,17298,2448,NaN,13,20,12,6,NaN,NaN,15487896,896208,13,53248,43520,NaN,NaN
2026-04-27 19:50:27.035,59504,ESTAB,bbr,224,23.406,3.079,20.631,1448,18,26064,NaN,17298,17298,2448,NaN,13,20,12,6,NaN,NaN,15487896,896208,13,53248,43520,NaN,NaN
2026-04-27 19:50:27.301,59504,ESTAB,bbr,224,23.406,3.079,20.631,1448,18,26064,NaN,17298,17298,2448,NaN,13,20,12,6,NaN,NaN,15487896,896208,13,53248,43520,NaN,NaN
2026-04-27 19:50:27.555,59504,ESTAB,bbr,224,23.406,3.079,20.631,1448,18,26064,NaN,17298,17298,2448,NaN,13,20,12,6,NaN,NaN,15487896,896208,13,53248,43520,NaN,NaN
2026-04-27 19:50:27.815,59504,ESTAB,bbr,224,23.406,3.079,20.631,1448,18,26064,NaN,17298,17298,2448,NaN,13,20,12,6,NaN,NaN,15487896,896208,13,53248,43520,NaN,NaN
2026-04-27 19:50:28.081,59504,ESTAB,bbr,224,23.406,3.079,20.631,1448,18,26064,NaN,17298,17298,2448,NaN,13,20,12,6,NaN,NaN,15487896,896208,13,53248,43520,NaN,NaN
2026-04-27 19:50:28.341,59504,ESTAB,bbr,224,23.406,3.079,20.631,1448,18,26064,NaN,17298,17298,2448,NaN,13,20,12,6,NaN,NaN,15487896,896208,13,53248,43520,NaN,NaN
2026-04-27 19:50:28.603,59504,ESTAB,bbr,224,23.406,3.079,20.631,1448,18,26064,NaN,17298,17298,2448,NaN,13,20,12,6,NaN,NaN,15487896,896208,13,53248,43520,NaN,NaN
2026-04-27 19:50:28.864,59504,ESTAB,bbr,224,23.406,3.079,20.631,1448,18,26064,NaN,17298,17298,2448,NaN,13,20,12,6,NaN,NaN,15487896,896208,13,53248,43520,NaN,NaN
2026-04-27 19:50:29.108,59504,ESTAB,bbr,224,23.402,2.934,20.631,1448,18,26064,NaN,20181,20181,2856,NaN,15,23,14,7,NaN,NaN,15487896,898152,15,53248,43520,NaN,NaN
2026-04-27 19:50:29.370,59504,ESTAB,bbr,224,23.402,2.934,20.631,1448,18,26064,NaN,20181,20181,2856,NaN,15,23,14,7,NaN,NaN,15487896,898152,15,53248,43520,NaN,NaN
2026-04-27 19:50:29.630,59504,ESTAB,bbr,224,23.402,2.934,20.631,1448,18,26064,NaN,20181,20181,2856,NaN,15,23,14,7,NaN,NaN,15487896,898152,15,53248,43520,NaN,NaN
2026-04-27 19:50:29.895,59504,ESTAB,bbr,224,23.402,2.934,20.631,1448,18,26064,NaN,20181,20181,2856,NaN,15,23,14,7,NaN,NaN,15487896,898152,15,53248,43520,NaN,NaN
2026-04-27 19:50:30.166,59504,ESTAB,bbr,224,23.402,2.934,20.631,1448,18,26064,NaN,20181,20181,2856,NaN,15,23,14,7,NaN,NaN,15487896,898152,15,53248,43520,NaN,NaN
2026-04-27 19:50:30.426,59504,ESTAB,bbr,224,23.402,2.934,20.631,1448,18,26064,NaN,20181,20181,2856,NaN,15,23,14,7,NaN,NaN,15487896,898152,15,53248,43520,NaN,NaN
2026-04-27 19:50:30.684,59504,ESTAB,bbr,224,23.402,2.934,20.631,1448,18,26064,NaN,20181,20181,2856,NaN,15,23,14,7,NaN,NaN,15487896,898152,15,53248,43520,NaN,NaN
2026-04-27 19:50:30.948,59504,ESTAB,bbr,224,23.402,2.934,20.631,1448,18,26064,NaN,20181,20181,2856,NaN,15,23,14,7,NaN,NaN,15487896,898152,15,53248,43520,NaN,NaN
2026-04-27 19:50:31.213,59504,ESTAB,bbr,224,23.402,2.934,20.631,1448,18,26064,NaN,20181,20181,2856,NaN,15,23,14,7,NaN,NaN,15487896,898152,15,53248,43520,NaN,NaN
2026-04-27 19:50:31.481,59504,ESTAB,bbr,224,23.402,2.934,20.631,1448,18,26064,NaN,20181,20181,2856,NaN,15,23,14,7,NaN,NaN,15487896,898152,15,53248,43520,NaN,NaN
2026-04-27 19:50:31.747,59504,ESTAB,bbr,224,23.402,2.934,20.631,1448,18,26064,NaN,20181,20181,2856,NaN,15,23,14,7,NaN,NaN,15487896,898152,15,53248,43520,NaN,NaN
2026-04-27 19:50:32.020,59504,ESTAB,bbr,224,23.402,2.934,20.631,1448,18,26064,NaN,20181,20181,2856,NaN,15,23,14,7,NaN,NaN,15487896,898152,15,53248,43520,NaN,NaN
2026-04-27 19:50:32.293,59504,ESTAB,bbr,224,23.402,2.934,20.631,1448,18,26064,NaN,20181,20181,2856,NaN,15,23,14,7,NaN,NaN,15487896,898152,15,53248,43520,NaN,NaN
2026-04-27 19:50:32.558,59504,ESTAB,bbr,224,23.402,2.934,20.631,1448,18,26064,NaN,20181,20181,2856,NaN,15,23,14,7,NaN,NaN,15487896,898152,15,53248,43520,NaN,NaN
2026-04-27 19:50:32.823,59504,ESTAB,bbr,224,23.402,2.934,20.631,1448,18,26064,NaN,20181,20181,2856,NaN,15,23,14,7,NaN,NaN,15487896,898152,15,53248,43520,NaN,NaN
2026-04-27 19:50:33.099,59504,ESTAB,bbr,224,23.402,2.934,20.631,1448,18,26064,NaN,20181,20181,2856,NaN,15,23,14,7,NaN,NaN,15487896,898152,15,53248,43520,NaN,NaN
2026-04-27 19:50:33.356,59504,ESTAB,bbr,224,23.402,2.934,20.631,1448,18,26064,NaN,20181,20181,2856,NaN,15,23,14,7,NaN,NaN,15487896,898152,15,53248,43520,NaN,NaN
2026-04-27 19:50:33.613,59504,ESTAB,bbr,224,23.402,2.934,20.631,1448,18,26064,NaN,20181,20181,2856,NaN,15,23,14,7,NaN,NaN,15487896,898152,15,53248,43520,NaN,NaN
2026-04-27 19:50:33.869,59504,ESTAB,bbr,224,23.402,2.934,20.631,1448,18,26064,NaN,20181,20181,2856,NaN,15,23,14,7,NaN,NaN,15487896,898152,15,53248,43520,NaN,NaN
2026-04-27 19:50:34.125,59504,ESTAB,bbr,224,23.402,2.934,20.631,1448,18,26064,NaN,20181,20181,2856,NaN,15,23,14,7,NaN,NaN,15487896,898152,15,53248,43520,NaN,NaN
2026-04-27 19:50:34.382,59504,ESTAB,bbr,224,23.402,2.934,20.631,1448,18,26064,NaN,20181,20181,2856,NaN,15,23,14,7,NaN,NaN,15487896,898152,15,53248,43520,NaN,NaN
2026-04-27 19:50:34.637,59504,ESTAB,bbr,224,23.402,2.934,20.631,1448,18,26064,NaN,20181,20181,2856,NaN,15,23,14,7,NaN,NaN,15487896,898152,15,53248,43520,NaN,NaN
2026-04-27 19:50:34.900,59504,ESTAB,bbr,224,23.402,2.934,20.631,1448,18,26064,NaN,20181,20181,2856,NaN,15,23,14,7,NaN,NaN,15487896,898152,15,53248,43520,NaN,NaN
2026-04-27 19:50:35.173,59504,ESTAB,bbr,224,23.402,2.934,20.631,1448,18,26064,NaN,20181,20181,2856,NaN,15,23,14,7,NaN,NaN,15487896,898152,15,53248,43520,NaN,NaN
2026-04-27 19:50:35.444,59504,ESTAB,bbr,224,23.402,2.934,20.631,1448,18,26064,NaN,20181,20181,2856,NaN,15,23,14,7,NaN,NaN,15487896,898152,15,53248,43520,NaN,NaN
2026-04-27 19:50:35.707,59504,ESTAB,bbr,224,23.402,2.934,20.631,1448,18,26064,NaN,20181,20181,2856,NaN,15,23,14,7,NaN,NaN,15487896,898152,15,53248,43520,NaN,NaN
2026-04-27 19:50:35.973,59504,ESTAB,bbr,224,23.402,2.934,20.631,1448,18,26064,NaN,20181,20181,2856,NaN,15,23,14,7,NaN,NaN,15487896,898152,15,53248,43520,NaN,NaN
2026-04-27 19:50:36.245,59504,ESTAB,bbr,224,23.402,2.934,20.631,1448,18,26064,NaN,20181,20181,2856,NaN,15,23,14,7,NaN,NaN,15487896,898152,15,53248,43520,NaN,NaN
2026-04-27 19:50:36.502,59504,ESTAB,bbr,224,23.402,2.934,20.631,1448,18,26064,NaN,20181,20181,2856,NaN,15,23,14,7,NaN,NaN,15487896,898152,15,53248,43520,NaN,NaN
2026-04-27 19:50:36.781,59504,ESTAB,bbr,224,23.402,2.934,20.631,1448,18,26064,NaN,20181,20181,2856,NaN,15,23,14,7,NaN,NaN,15487896,898152,15,53248,43520,NaN,NaN
2026-04-27 19:50:37.068,59504,ESTAB,bbr,224,23.402,2.934,20.631,1448,18,26064,NaN,20181,20181,2856,NaN,15,23,14,7,NaN,NaN,15487896,898152,15,53248,43520,NaN,NaN
2026-04-27 19:50:37.337,59504,ESTAB,bbr,224,23.402,2.934,20.631,1448,18,26064,NaN,20181,20181,2856,NaN,15,23,14,7,NaN,NaN,15487896,898152,15,53248,43520,NaN,NaN
2026-04-27 19:50:37.601,59504,ESTAB,bbr,224,23.402,2.934,20.631,1448,18,26064,NaN,20181,20181,2856,NaN,15,23,14,7,NaN,NaN,15487896,898152,15,53248,43520,NaN,NaN
2026-04-27 19:50:37.866,59504,ESTAB,bbr,224,23.402,2.934,20.631,1448,18,26064,NaN,20181,20181,2856,NaN,15,23,14,7,NaN,NaN,15487896,898152,15,53248,43520,NaN,NaN
2026-04-27 19:50:38.128,59504,ESTAB,bbr,224,23.402,2.934,20.631,1448,18,26064,NaN,20181,20181,2856,NaN,15,23,14,7,NaN,NaN,15487896,898152,15,53248,43520,NaN,NaN
2026-04-27 19:50:38.389,59504,ESTAB,bbr,224,23.402,2.934,20.631,1448,18,26064,NaN,20181,20181,2856,NaN,15,23,14,7,NaN,NaN,15487896,898152,15,53248,43520,NaN,NaN
2026-04-27 19:50:38.650,59504,ESTAB,bbr,224,23.402,2.934,20.631,1448,18,26064,NaN,20181,20181,2856,NaN,15,23,14,7,NaN,NaN,15487896,898152,15,53248,43520,NaN,NaN
2026-04-27 19:50:38.911,59504,ESTAB,bbr,224,23.402,2.934,20.631,1448,18,26064,NaN,20181,20181,2856,NaN,15,23,14,7,NaN,NaN,15487896,898152,15,53248,43520,NaN,NaN
2026-04-27 19:50:39.173,59504,ESTAB,bbr,224,23.402,2.934,20.631,1448,18,26064,NaN,20181,20181,2856,NaN,15,23,14,7,NaN,NaN,15487896,898152,15,53248,43520,NaN,NaN
2026-04-27 19:50:39.434,59504,ESTAB,bbr,224,23.402,2.934,20.631,1448,18,26064,NaN,20181,20181,2856,NaN,15,23,14,7,NaN,NaN,15487896,898152,15,53248,43520,NaN,NaN
2026-04-27 19:50:39.703,59504,ESTAB,bbr,224,23.402,2.934,20.631,1448,18,26064,NaN,20181,20181,2856,NaN,15,23,14,7,NaN,NaN,15487896,898152,15,53248,43520,NaN,NaN
2026-04-27 19:50:39.964,59504,ESTAB,bbr,224,23.402,2.934,20.631,1448,18,26064,NaN,20181,20181,2856,NaN,15,23,14,7,NaN,NaN,15487896,898152,15,53248,43520,NaN,NaN
2026-04-27 19:50:40.228,59504,ESTAB,bbr,224,23.402,2.934,20.631,1448,18,26064,NaN,20181,20181,2856,NaN,15,23,14,7,NaN,NaN,15487896,898152,15,53248,43520,NaN,NaN
2026-04-27 19:50:40.500,59504,ESTAB,bbr,224,23.402,2.934,20.631,1448,18,26064,NaN,20181,20181,2856,NaN,15,23,14,7,NaN,NaN,15487896,898152,15,53248,43520,NaN,NaN
2026-04-27 19:50:40.764,59504,ESTAB,bbr,224,23.402,2.934,20.631,1448,18,26064,NaN,20181,20181,2856,NaN,15,23,14,7,NaN,NaN,15487896,898152,15,53248,43520,NaN,NaN
2026-04-27 19:50:41.035,59504,ESTAB,bbr,224,23.402,2.934,20.631,1448,18,26064,NaN,20181,20181,2856,NaN,15,23,14,7,NaN,NaN,15487896,898152,15,53248,43520,NaN,NaN
2026-04-27 19:50:41.299,59504,ESTAB,bbr,224,23.402,2.934,20.631,1448,18,26064,NaN,20181,20181,2856,NaN,15,23,14,7,NaN,NaN,15487896,898152,15,53248,43520,NaN,NaN
2026-04-27 19:50:41.561,59504,ESTAB,bbr,224,23.402,2.934,20.631,1448,18,26064,NaN,20181,20181,2856,NaN,15,23,14,7,NaN,NaN,15487896,898152,15,53248,43520,NaN,NaN
2026-04-27 19:50:41.821,59504,ESTAB,bbr,224,23.402,2.934,20.631,1448,18,26064,NaN,20181,20181,2856,NaN,15,23,14,7,NaN,NaN,15487896,898152,15,53248,43520,NaN,NaN
2026-04-27 19:50:42.085,59504,ESTAB,bbr,224,23.402,2.934,20.631,1448,18,26064,NaN,20181,20181,2856,NaN,15,23,14,7,NaN,NaN,15487896,898152,15,53248,43520,NaN,NaN
2026-04-27 19:50:42.333,59504,ESTAB,bbr,224,23.402,2.934,20.631,1448,18,26064,NaN,20181,20181,2856,NaN,15,23,14,7,NaN,NaN,15487896,898152,15,53248,43520,NaN,NaN
2026-04-27 19:50:42.590,59504,ESTAB,bbr,224,23.402,2.934,20.631,1448,18,26064,NaN,20181,20181,2856,NaN,15,23,14,7,NaN,NaN,15487896,898152,15,53248,43520,NaN,NaN
2026-04-27 19:50:42.846,59504,ESTAB,bbr,224,23.402,2.934,20.631,1448,18,26064,NaN,20181,20181,2856,NaN,15,23,14,7,NaN,NaN,15487896,898152,15,53248,43520,NaN,NaN
2026-04-27 19:50:43.102,59504,ESTAB,bbr,224,23.402,2.934,20.631,1448,18,26064,NaN,20181,20181,2856,NaN,15,23,14,7,NaN,NaN,15487896,898152,15,53248,43520,NaN,NaN
2026-04-27 19:50:43.365,59504,ESTAB,bbr,224,23.402,2.934,20.631,1448,18,26064,NaN,20181,20181,2856,NaN,15,23,14,7,NaN,NaN,15487896,898152,15,53248,43520,NaN,NaN
2026-04-27 19:50:43.615,59504,ESTAB,bbr,224,23.402,2.934,20.631,1448,18,26064,NaN,20181,20181,2856,NaN,15,23,14,7,NaN,NaN,15487896,898152,15,53248,43520,NaN,NaN
2026-04-27 19:50:43.870,59504,ESTAB,bbr,224,23.402,2.934,20.631,1448,18,26064,NaN,20181,20181,2856,NaN,15,23,14,7,NaN,NaN,15487896,898152,15,53248,43520,NaN,NaN
2026-04-27 19:50:44.119,59504,ESTAB,bbr,224,23.402,2.934,20.631,1448,18,26064,NaN,20181,20181,2856,NaN,15,23,14,7,NaN,NaN,15487896,898152,15,53248,43520,NaN,NaN
2026-04-27 19:50:44.370,59504,ESTAB,bbr,224,23.402,2.934,20.631,1448,18,26064,NaN,20181,20181,2856,NaN,16,24,14,7,NaN,NaN,15487896,898152,15,53248,43520,NaN,NaN
2026-04-27 19:50:44.631,59504,ESTAB,bbr,224,23.402,2.934,20.631,1448,18,26064,NaN,20181,20181,2856,NaN,16,24,14,7,NaN,NaN,15487896,898152,15,53248,43520,NaN,NaN
2026-04-27 19:50:44.892,59504,ESTAB,bbr,224,23.402,2.934,20.631,1448,18,26064,NaN,20181,20181,2856,NaN,16,24,14,7,NaN,NaN,15487896,898152,15,53248,43520,NaN,NaN
2026-04-27 19:50:45.153,59504,ESTAB,bbr,224,23.402,2.934,20.631,1448,18,26064,NaN,20181,20181,2856,NaN,16,24,14,7,NaN,NaN,15487896,898152,15,53248,43520,NaN,NaN
2026-04-27 19:50:45.422,59504,ESTAB,bbr,224,23.402,2.934,20.631,1448,18,26064,NaN,20181,20181,2856,NaN,16,24,14,7,NaN,NaN,15487896,898152,15,53248,43520,NaN,NaN
2026-04-27 19:50:45.700,59504,ESTAB,bbr,224,23.402,2.934,20.631,1448,18,26064,NaN,20181,20181,2856,NaN,16,24,14,7,NaN,NaN,15487896,898152,15,53248,43520,NaN,NaN
2026-04-27 19:50:45.968,59504,ESTAB,bbr,224,23.402,2.934,20.631,1448,18,26064,NaN,20181,20181,2856,NaN,16,24,14,7,NaN,NaN,15487896,898152,15,53248,43520,NaN,NaN
2026-04-27 19:50:46.230,59504,ESTAB,bbr,224,23.402,2.934,20.631,1448,18,26064,NaN,20181,20181,2856,NaN,16,24,14,7,NaN,NaN,15487896,898152,15,53248,43520,NaN,NaN
2026-04-27 19:50:46.492,59504,ESTAB,bbr,224,23.402,2.934,20.631,1448,18,26064,NaN,20181,20181,2856,NaN,16,24,14,7,NaN,NaN,15487896,898152,15,53248,43520,NaN,NaN
2026-04-27 19:50:46.748,59504,ESTAB,bbr,224,23.402,2.934,20.631,1448,18,26064,NaN,20181,20181,2856,NaN,16,24,14,7,NaN,NaN,15487896,898152,15,53248,43520,NaN,NaN
2026-04-27 19:50:47.007,59504,ESTAB,bbr,224,23.402,2.934,20.631,1448,18,26064,NaN,20181,20181,2856,NaN,16,24,14,7,NaN,NaN,15487896,898152,15,53248,43520,NaN,NaN
2026-04-27 19:50:47.282,59504,ESTAB,bbr,224,23.402,2.934,20.631,1448,18,26064,NaN,20181,20181,2856,NaN,16,24,14,7,NaN,NaN,15487896,898152,15,53248,43520,NaN,NaN
2026-04-27 19:50:47.549,59504,ESTAB,bbr,224,23.402,2.934,20.631,1448,18,26064,NaN,20181,20181,2856,NaN,16,24,14,7,NaN,NaN,15487896,898152,15,53248,43520,NaN,NaN
2026-04-27 19:50:47.795,59504,ESTAB,bbr,224,23.402,2.934,20.631,1448,18,26064,NaN,20181,20181,2856,NaN,16,24,14,7,NaN,NaN,15487896,898152,15,53248,43520,NaN,NaN
2026-04-27 19:50:48.056,59504,ESTAB,bbr,224,23.402,2.934,20.631,1448,18,26064,NaN,20181,20181,2856,NaN,16,24,14,7,NaN,NaN,15487896,898152,15,53248,43520,NaN,NaN
2026-04-27 19:50:48.317,59504,ESTAB,bbr,224,23.402,2.934,20.631,1448,18,26064,NaN,20181,20181,2856,NaN,16,24,14,7,NaN,NaN,15487896,898152,15,53248,43520,NaN,NaN
2026-04-27 19:50:48.578,59504,ESTAB,bbr,224,23.402,2.934,20.631,1448,18,26064,NaN,20181,20181,2856,NaN,16,24,14,7,NaN,NaN,15487896,898152,15,53248,43520,NaN,NaN
2026-04-27 19:50:48.839,59504,ESTAB,bbr,224,23.402,2.934,20.631,1448,18,26064,NaN,20181,20181,2856,NaN,16,24,14,7,NaN,NaN,15487896,898152,15,53248,43520,NaN,NaN
2026-04-27 19:50:49.101,59504,ESTAB,bbr,224,23.402,2.934,20.631,1448,18,26064,NaN,20181,20181,2856,NaN,16,24,14,7,NaN,NaN,15487896,898152,15,53248,43520,NaN,NaN
2026-04-27 19:50:49.361,59504,ESTAB,bbr,224,23.402,2.934,20.631,1448,18,26064,NaN,20181,20181,2856,NaN,16,24,14,7,NaN,NaN,15487896,898152,15,53248,43520,NaN,NaN
2026-04-27 19:50:49.621,59504,ESTAB,bbr,224,23.402,2.934,20.631,1448,18,26064,NaN,20181,20181,2856,NaN,16,24,14,7,NaN,NaN,15487896,898152,15,53248,43520,NaN,NaN
2026-04-27 19:50:49.881,59504,ESTAB,bbr,224,23.402,2.934,20.631,1448,18,26064,NaN,20181,20181,2856,NaN,16,24,14,7,NaN,NaN,15487896,898152,15,53248,43520,NaN,NaN
2026-04-27 19:50:50.142,59504,ESTAB,bbr,224,23.402,2.934,20.631,1448,18,26064,NaN,20181,20181,2856,NaN,16,24,14,7,NaN,NaN,15487896,898152,15,53248,43520,NaN,NaN
2026-04-27 19:50:50.403,59504,ESTAB,bbr,224,23.402,2.934,20.631,1448,18,26064,NaN,20181,20181,2856,NaN,16,24,14,7,NaN,NaN,15487896,898152,15,53248,43520,NaN,NaN
2026-04-27 19:50:50.669,59504,ESTAB,bbr,224,23.402,2.934,20.631,1448,18,26064,NaN,20181,20181,2856,NaN,16,24,14,7,NaN,NaN,15487896,898152,15,53248,43520,NaN,NaN
2026-04-27 19:50:50.934,59504,ESTAB,bbr,224,23.402,2.934,20.631,1448,18,26064,NaN,20181,20181,2856,NaN,16,24,14,7,NaN,NaN,15487896,898152,15,53248,43520,NaN,NaN
2026-04-27 19:50:51.195,59504,ESTAB,bbr,224,23.402,2.934,20.631,1448,18,26064,NaN,20181,20181,2856,NaN,16,24,14,7,NaN,NaN,15487896,898152,15,53248,43520,NaN,NaN
2026-04-27 19:50:51.456,59504,ESTAB,bbr,224,23.402,2.934,20.631,1448,18,26064,NaN,20181,20181,2856,NaN,16,24,14,7,NaN,NaN,15487896,898152,15,53248,43520,NaN,NaN
2026-04-27 19:50:51.714,59504,ESTAB,bbr,224,23.402,2.934,20.631,1448,18,26064,NaN,20181,20181,2856,NaN,16,24,14,7,NaN,NaN,15487896,898152,15,53248,43520,NaN,NaN
2026-04-27 19:50:51.976,59504,ESTAB,bbr,224,23.402,2.934,20.631,1448,18,26064,NaN,20181,20181,2856,NaN,16,24,14,7,NaN,NaN,15487896,898152,15,53248,43520,NaN,NaN
2026-04-27 19:50:52.228,59504,ESTAB,bbr,224,23.402,2.934,20.631,1448,18,26064,NaN,20181,20181,2856,NaN,16,24,14,7,NaN,NaN,15487896,898152,15,53248,43520,NaN,NaN
2026-04-27 19:50:52.489,59504,ESTAB,bbr,224,23.402,2.934,20.631,1448,18,26064,NaN,20181,20181,2856,NaN,16,24,14,7,NaN,NaN,15487896,898152,15,53248,43520,NaN,NaN
2026-04-27 19:50:52.751,59504,ESTAB,bbr,224,23.402,2.934,20.631,1448,18,26064,NaN,20181,20181,2856,NaN,16,24,14,7,NaN,NaN,15487896,898152,15,53248,43520,NaN,NaN
2026-04-27 19:50:53.013,59504,ESTAB,bbr,224,23.402,2.934,20.631,1448,18,26064,NaN,20181,20181,2856,NaN,16,24,14,7,NaN,NaN,15487896,898152,15,53248,43520,NaN,NaN
2026-04-27 19:50:53.273,59504,ESTAB,bbr,224,23.402,2.934,20.631,1448,18,26064,NaN,20181,20181,2856,NaN,16,24,14,7,NaN,NaN,15487896,898152,15,53248,43520,NaN,NaN
2026-04-27 19:50:53.535,59504,ESTAB,bbr,224,23.402,2.934,20.631,1448,18,26064,NaN,20181,20181,2856,NaN,16,24,14,7,NaN,NaN,15487896,898152,15,53248,43520,NaN,NaN
2026-04-27 19:50:53.793,59504,ESTAB,bbr,224,23.402,2.934,20.631,1448,18,26064,NaN,20181,20181,2856,NaN,16,24,14,7,NaN,NaN,15487896,898152,15,53248,43520,NaN,NaN
2026-04-27 19:50:54.052,59504,ESTAB,bbr,224,23.402,2.934,20.631,1448,18,26064,NaN,20181,20181,2856,NaN,16,24,14,7,NaN,NaN,15487896,898152,15,53248,43520,NaN,NaN
2026-04-27 19:50:54.313,59504,ESTAB,bbr,224,23.402,2.934,20.631,1448,18,26064,NaN,20181,20181,2856,NaN,16,24,14,7,NaN,NaN,15487896,898152,15,53248,43520,NaN,NaN
2026-04-27 19:50:54.571,59504,ESTAB,bbr,224,23.402,2.934,20.631,1448,18,26064,NaN,20181,20181,2856,NaN,16,24,14,7,NaN,NaN,15487896,898152,15,53248,43520,NaN,NaN
2026-04-27 19:50:54.827,59504,ESTAB,bbr,224,23.402,2.934,20.631,1448,18,26064,NaN,20181,20181,2856,NaN,16,24,14,7,NaN,NaN,15487896,898152,15,53248,43520,NaN,NaN
2026-04-27 19:50:55.093,59504,ESTAB,bbr,224,23.402,2.934,20.631,1448,18,26064,NaN,20181,20181,2856,NaN,16,24,14,7,NaN,NaN,15487896,898152,15,53248,43520,NaN,NaN
2026-04-27 19:50:55.335,59504,ESTAB,bbr,224,23.402,2.934,20.631,1448,18,26064,NaN,20181,20181,2856,NaN,16,24,14,7,NaN,NaN,15487896,898152,15,53248,43520,NaN,NaN
2026-04-27 19:50:55.588,59504,ESTAB,bbr,224,23.402,2.934,20.631,1448,18,26064,NaN,20181,20181,2856,NaN,16,24,14,7,NaN,NaN,15487896,898152,15,53248,43520,NaN,NaN
2026-04-27 19:50:55.835,59504,ESTAB,bbr,224,23.402,2.934,20.631,1448,18,26064,NaN,20181,20181,2856,NaN,16,24,14,7,NaN,NaN,15487896,898152,15,53248,43520,NaN,NaN
2026-04-27 19:50:56.101,59504,ESTAB,bbr,224,23.402,2.934,20.631,1448,18,26064,NaN,20181,20181,2856,NaN,16,24,14,7,NaN,NaN,15487896,898152,15,53248,43520,NaN,NaN
2026-04-27 19:50:56.367,59504,ESTAB,bbr,224,23.402,2.934,20.631,1448,18,26064,NaN,20181,20181,2856,NaN,16,24,14,7,NaN,NaN,15487896,898152,15,53248,43520,NaN,NaN
2026-04-27 19:50:56.631,59504,ESTAB,bbr,224,23.402,2.934,20.631,1448,18,26064,NaN,20181,20181,2856,NaN,16,24,14,7,NaN,NaN,15487896,898152,15,53248,43520,NaN,NaN
2026-04-27 19:50:56.893,59504,ESTAB,bbr,224,23.402,2.934,20.631,1448,18,26064,NaN,20181,20181,2856,NaN,16,24,14,7,NaN,NaN,15487896,898152,15,53248,43520,NaN,NaN
2026-04-27 19:50:57.153,59504,ESTAB,bbr,224,23.402,2.934,20.631,1448,18,26064,NaN,20181,20181,2856,NaN,16,24,14,7,NaN,NaN,15487896,898152,15,53248,43520,NaN,NaN
2026-04-27 19:50:57.413,59504,ESTAB,bbr,224,23.402,2.934,20.631,1448,18,26064,NaN,20181,20181,2856,NaN,16,24,14,7,NaN,NaN,15487896,898152,15,53248,43520,NaN,NaN
2026-04-27 19:50:57.674,59504,ESTAB,bbr,224,23.402,2.934,20.631,1448,18,26064,NaN,20181,20181,2856,NaN,16,24,14,7,NaN,NaN,15487896,898152,15,53248,43520,NaN,NaN
2026-04-27 19:50:57.935,59504,ESTAB,bbr,224,23.402,2.934,20.631,1448,18,26064,NaN,20181,20181,2856,NaN,16,24,14,7,NaN,NaN,15487896,898152,15,53248,43520,NaN,NaN
2026-04-27 19:50:58.195,59504,ESTAB,bbr,224,23.402,2.934,20.631,1448,18,26064,NaN,20181,20181,2856,NaN,16,24,14,7,NaN,NaN,15487896,898152,15,53248,43520,NaN,NaN
2026-04-27 19:50:58.463,59504,ESTAB,bbr,224,23.402,2.934,20.631,1448,18,26064,NaN,20181,20181,2856,NaN,16,24,14,7,NaN,NaN,15487896,898152,15,53248,43520,NaN,NaN
2026-04-27 19:50:58.741,59504,ESTAB,bbr,224,23.402,2.934,20.631,1448,18,26064,NaN,20181,20181,2856,NaN,16,24,14,7,NaN,NaN,15487896,898152,15,53248,43520,NaN,NaN
2026-04-27 19:50:58.999,59504,ESTAB,bbr,224,23.402,2.934,20.631,1448,18,26064,NaN,20181,20181,2856,NaN,16,24,14,7,NaN,NaN,15487896,898152,15,53248,43520,NaN,NaN
2026-04-27 19:50:59.260,59504,ESTAB,bbr,224,23.402,2.934,20.631,1448,18,26064,NaN,20181,20181,2856,NaN,17,24,14,7,NaN,NaN,15487896,898152,15,53248,43520,NaN,NaN
2026-04-27 19:50:59.528,59504,ESTAB,bbr,224,23.402,2.934,20.631,1448,18,26064,NaN,20181,20181,2856,NaN,17,25,14,7,NaN,NaN,15487896,898152,15,53248,43520,NaN,NaN
2026-04-27 19:50:59.798,59504,ESTAB,bbr,224,23.402,2.934,20.631,1448,18,26064,NaN,20181,20181,2856,NaN,17,25,14,7,NaN,NaN,15487896,898152,15,53248,43520,NaN,NaN
2026-04-27 19:51:00.051,59504,ESTAB,bbr,224,23.402,2.934,20.631,1448,18,26064,NaN,20181,20181,2856,NaN,17,25,14,7,NaN,NaN,15487896,898152,15,53248,43520,NaN,NaN
2026-04-27 19:51:00.300,59504,ESTAB,bbr,224,23.402,2.934,20.631,1448,18,26064,NaN,20181,20181,2856,NaN,17,25,14,7,NaN,NaN,15487896,898152,15,53248,43520,NaN,NaN
2026-04-27 19:51:00.560,59504,ESTAB,bbr,224,23.402,2.934,20.631,1448,18,26064,NaN,20181,20181,2856,NaN,17,25,14,7,NaN,NaN,15487896,898152,15,53248,43520,NaN,NaN
2026-04-27 19:51:00.801,59504,ESTAB,bbr,224,23.402,2.934,20.631,1448,18,26064,NaN,20181,20181,2856,NaN,17,25,14,7,NaN,NaN,15487896,898152,15,53248,43520,NaN,NaN
2026-04-27 19:51:01.062,59504,ESTAB,bbr,224,23.402,2.934,20.631,1448,18,26064,NaN,20181,20181,2856,NaN,17,25,14,7,NaN,NaN,15487896,898152,15,53248,43520,NaN,NaN
2026-04-27 19:51:01.322,59504,ESTAB,bbr,224,23.402,2.934,20.631,1448,18,26064,NaN,20181,20181,2856,NaN,17,25,14,7,NaN,NaN,15487896,898152,15,53248,43520,NaN,NaN
2026-04-27 19:51:01.578,59504,ESTAB,bbr,224,23.402,2.934,20.631,1448,18,26064,NaN,20181,20181,2856,NaN,17,25,14,7,NaN,NaN,15487896,898152,15,53248,43520,NaN,NaN
2026-04-27 19:51:01.829,59504,ESTAB,bbr,224,23.402,2.934,20.631,1448,18,26064,NaN,20181,20181,2856,NaN,17,25,14,7,NaN,NaN,15487896,898152,15,53248,43520,NaN,NaN
2026-04-27 19:51:02.090,59504,ESTAB,bbr,224,23.402,2.934,20.631,1448,18,26064,NaN,20181,20181,2856,NaN,17,25,14,7,NaN,NaN,15487896,898152,15,53248,43520,NaN,NaN
2026-04-27 19:51:02.352,59504,ESTAB,bbr,224,23.402,2.934,20.631,1448,18,26064,NaN,20181,20181,2856,NaN,17,25,14,7,NaN,NaN,15487896,898152,15,53248,43520,NaN,NaN
2026-04-27 19:51:02.606,59504,ESTAB,bbr,224,23.402,2.934,20.631,1448,18,26064,NaN,20181,20181,2856,NaN,17,25,14,7,NaN,NaN,15487896,898152,15,53248,43520,NaN,NaN
2026-04-27 19:51:02.848,59504,ESTAB,bbr,224,23.402,2.934,20.631,1448,18,26064,NaN,20181,20181,2856,NaN,17,25,14,7,NaN,NaN,15487896,898152,15,53248,43520,NaN,NaN
2026-04-27 19:51:03.100,59504,ESTAB,bbr,224,23.402,2.934,20.631,1448,18,26064,NaN,20181,20181,2856,NaN,17,25,14,7,NaN,NaN,15487896,898152,15,53248,43520,NaN,NaN
2026-04-27 19:51:03.353,59504,ESTAB,bbr,224,23.402,2.934,20.631,1448,18,26064,NaN,20181,20181,2856,NaN,17,25,14,7,NaN,NaN,15487896,898152,15,53248,43520,NaN,NaN
2026-04-27 19:51:03.605,59504,ESTAB,bbr,224,23.402,2.934,20.631,1448,18,26064,NaN,20181,20181,2856,NaN,17,25,14,7,NaN,NaN,15487896,898152,15,53248,43520,NaN,NaN
2026-04-27 19:51:03.858,59504,ESTAB,bbr,224,23.402,2.934,20.631,1448,18,26064,NaN,20181,20181,2856,NaN,17,25,14,7,NaN,NaN,15487896,898152,15,53248,43520,NaN,NaN
2026-04-27 19:51:04.119,59504,ESTAB,bbr,224,23.402,2.934,20.631,1448,18,26064,NaN,20181,20181,2856,NaN,17,25,14,7,NaN,NaN,15487896,898152,15,53248,43520,NaN,NaN
2026-04-27 19:51:04.382,59504,ESTAB,bbr,224,23.402,2.934,20.631,1448,18,26064,NaN,20181,20181,2856,NaN,17,25,14,7,NaN,NaN,15487896,898152,15,53248,43520,NaN,NaN
2026-04-27 19:51:04.642,59504,ESTAB,bbr,224,23.402,2.934,20.631,1448,18,26064,NaN,20181,20181,2856,NaN,17,25,14,7,NaN,NaN,15487896,898152,15,53248,43520,NaN,NaN
2026-04-27 19:51:04.902,59504,ESTAB,bbr,224,23.402,2.934,20.631,1448,18,26064,NaN,20181,20181,2856,NaN,17,25,14,7,NaN,NaN,15487896,898152,15,53248,43520,NaN,NaN
2026-04-27 19:51:05.162,59504,ESTAB,bbr,224,23.402,2.934,20.631,1448,18,26064,NaN,20181,20181,2856,NaN,17,25,14,7,NaN,NaN,15487896,898152,15,53248,43520,NaN,NaN
2026-04-27 19:51:05.422,59504,ESTAB,bbr,224,23.402,2.934,20.631,1448,18,26064,NaN,20181,20181,2856,NaN,17,25,14,7,NaN,NaN,15487896,898152,15,53248,43520,NaN,NaN
2026-04-27 19:51:05.688,59504,ESTAB,bbr,224,23.402,2.934,20.631,1448,18,26064,NaN,20181,20181,2856,NaN,17,25,14,7,NaN,NaN,15487896,898152,15,53248,43520,NaN,NaN
2026-04-27 19:51:05.960,59504,ESTAB,bbr,224,23.402,2.934,20.631,1448,18,26064,NaN,20181,20181,2856,NaN,17,25,14,7,NaN,NaN,15487896,898152,15,53248,43520,NaN,NaN
2026-04-27 19:51:06.217,59504,ESTAB,bbr,224,23.402,2.934,20.631,1448,18,26064,NaN,20181,20181,2856,NaN,17,25,14,7,NaN,NaN,15487896,898152,15,53248,43520,NaN,NaN
2026-04-27 19:51:06.472,59504,ESTAB,bbr,224,23.402,2.934,20.631,1448,18,26064,NaN,20181,20181,2856,NaN,17,25,14,7,NaN,NaN,15487896,898152,15,53248,43520,NaN,NaN
2026-04-27 19:51:06.733,59504,ESTAB,bbr,224,23.402,2.934,20.631,1448,18,26064,NaN,20181,20181,2856,NaN,17,25,14,7,NaN,NaN,15487896,898152,15,53248,43520,NaN,NaN
2026-04-27 19:51:06.993,59504,ESTAB,bbr,224,23.402,2.934,20.631,1448,18,26064,NaN,20181,20181,2856,NaN,17,25,14,7,NaN,NaN,15487896,898152,15,53248,43520,NaN,NaN
2026-04-27 19:51:07.248,59504,ESTAB,bbr,224,23.402,2.934,20.631,1448,18,26064,NaN,20181,20181,2856,NaN,17,25,14,7,NaN,NaN,15487896,898152,15,53248,43520,NaN,NaN
2026-04-27 19:51:07.499,59504,ESTAB,bbr,224,23.402,2.934,20.631,1448,18,26064,NaN,20181,20181,2856,NaN,17,25,14,7,NaN,NaN,15487896,898152,15,53248,43520,NaN,NaN
2026-04-27 19:51:07.748,59504,ESTAB,bbr,224,23.402,2.934,20.631,1448,18,26064,NaN,20181,20181,2856,NaN,17,25,14,7,NaN,NaN,15487896,898152,15,53248,43520,NaN,NaN
2026-04-27 19:51:07.994,59504,ESTAB,bbr,224,23.402,2.934,20.631,1448,18,26064,NaN,20181,20181,2856,NaN,17,25,14,7,NaN,NaN,15487896,898152,15,53248,43520,NaN,NaN
2026-04-27 19:51:08.255,59504,ESTAB,bbr,224,23.402,2.934,20.631,1448,18,26064,NaN,20181,20181,2856,NaN,17,25,14,7,NaN,NaN,15487896,898152,15,53248,43520,NaN,NaN
2026-04-27 19:51:08.517,59504,ESTAB,bbr,224,23.402,2.934,20.631,1448,18,26064,NaN,20181,20181,2856,NaN,17,25,14,7,NaN,NaN,15487896,898152,15,53248,43520,NaN,NaN
2026-04-27 19:51:08.778,59504,ESTAB,bbr,224,23.402,2.934,20.631,1448,18,26064,NaN,20181,20181,2856,NaN,17,25,14,7,NaN,NaN,15487896,898152,15,53248,43520,NaN,NaN
2026-04-27 19:51:09.047,59504,ESTAB,bbr,224,23.402,2.934,20.631,1448,18,26064,NaN,20181,20181,2856,NaN,17,25,14,7,NaN,NaN,15487896,898152,15,53248,43520,NaN,NaN
2026-04-27 19:51:09.327,59504,ESTAB,bbr,224,23.402,2.934,20.631,1448,18,26064,NaN,20181,20181,2856,NaN,17,25,14,7,NaN,NaN,15487896,898152,15,53248,43520,NaN,NaN
2026-04-27 19:51:09.577,59504,ESTAB,bbr,224,23.402,2.934,20.631,1448,18,26064,NaN,20181,20181,2856,NaN,17,25,14,7,NaN,NaN,15487896,898152,15,53248,43520,NaN,NaN
2026-04-27 19:51:09.827,59504,ESTAB,bbr,224,23.402,2.934,20.631,1448,18,26064,NaN,20181,20181,2856,NaN,17,25,14,7,NaN,NaN,15487896,898152,15,53248,43520,NaN,NaN
2026-04-27 19:51:10.087,59504,ESTAB,bbr,224,23.402,2.934,20.631,1448,18,26064,NaN,20181,20181,2856,NaN,17,25,14,7,NaN,NaN,15487896,898152,15,53248,43520,NaN,NaN
2026-04-27 19:51:10.354,59504,ESTAB,bbr,224,23.402,2.934,20.631,1448,18,26064,NaN,20181,20181,2856,NaN,17,25,14,7,NaN,NaN,15487896,898152,15,53248,43520,NaN,NaN
2026-04-27 19:51:10.613,59504,ESTAB,bbr,224,23.402,2.934,20.631,1448,18,26064,NaN,20181,20181,2856,NaN,17,25,14,7,NaN,NaN,15487896,898152,15,53248,43520,NaN,NaN
2026-04-27 19:51:10.859,59504,ESTAB,bbr,224,23.402,2.934,20.631,1448,18,26064,NaN,20181,20181,2856,NaN,17,25,14,7,NaN,NaN,15487896,898152,15,53248,43520,NaN,NaN
2026-04-27 19:51:11.112,59504,ESTAB,bbr,224,23.402,2.934,20.631,1448,18,26064,NaN,20181,20181,2856,NaN,17,25,14,7,NaN,NaN,15487896,898152,15,53248,43520,NaN,NaN
2026-04-27 19:51:11.366,59504,ESTAB,bbr,224,23.402,2.934,20.631,1448,18,26064,NaN,20181,20181,2856,NaN,17,25,14,7,NaN,NaN,15487896,898152,15,53248,43520,NaN,NaN
2026-04-27 19:51:11.636,59504,ESTAB,bbr,224,23.402,2.934,20.631,1448,18,26064,NaN,20181,20181,2856,NaN,17,25,14,7,NaN,NaN,15487896,898152,15,53248,43520,NaN,NaN
2026-04-27 19:51:11.876,59504,ESTAB,bbr,224,23.402,2.934,20.631,1448,18,26064,NaN,20181,20181,2856,NaN,17,25,14,7,NaN,NaN,15487896,898152,15,53248,43520,NaN,NaN
2026-04-27 19:51:12.117,59504,ESTAB,bbr,224,23.402,2.934,20.631,1448,18,26064,NaN,20181,20181,2856,NaN,17,25,14,7,NaN,NaN,15487896,898152,15,53248,43520,NaN,NaN
2026-04-27 19:51:12.369,59504,ESTAB,bbr,224,23.402,2.934,20.631,1448,18,26064,NaN,20181,20181,2856,NaN,17,25,14,7,NaN,NaN,15487896,898152,15,53248,43520,NaN,NaN
2026-04-27 19:51:12.622,59504,ESTAB,bbr,224,23.402,2.934,20.631,1448,18,26064,NaN,20181,20181,2856,NaN,17,25,14,7,NaN,NaN,15487896,898152,15,53248,43520,NaN,NaN
2026-04-27 19:51:12.883,59504,ESTAB,bbr,224,23.402,2.934,20.631,1448,18,26064,NaN,20181,20181,2856,NaN,17,25,14,7,NaN,NaN,15487896,898152,15,53248,43520,NaN,NaN
2026-04-27 19:51:13.128,59504,ESTAB,bbr,224,23.402,2.934,20.631,1448,18,26064,NaN,20181,20181,2856,NaN,17,25,14,7,NaN,NaN,15487896,898152,15,53248,43520,NaN,NaN
2026-04-27 19:51:13.397,59504,ESTAB,bbr,224,23.402,2.934,20.631,1448,18,26064,NaN,20181,20181,2856,NaN,17,25,14,7,NaN,NaN,15487896,898152,15,53248,43520,NaN,NaN
2026-04-27 19:51:13.656,59504,ESTAB,bbr,224,23.402,2.934,20.631,1448,18,26064,NaN,20181,20181,2856,NaN,17,25,14,7,NaN,NaN,15487896,898152,15,53248,43520,NaN,NaN
2026-04-27 19:51:13.919,59504,ESTAB,bbr,224,23.402,2.934,20.631,1448,18,26064,NaN,20181,20181,2856,NaN,17,25,14,7,NaN,NaN,15487896,898152,15,53248,43520,NaN,NaN
2026-04-27 19:51:14.182,59504,ESTAB,bbr,224,23.402,2.934,20.631,1448,18,26064,NaN,20181,20181,2856,NaN,18,26,14,7,NaN,NaN,15487896,898152,15,53248,43520,NaN,NaN
2026-04-27 19:51:14.448,59504,ESTAB,bbr,224,23.402,2.934,20.631,1448,18,26064,NaN,20181,20181,2856,NaN,19,27,14,7,NaN,NaN,15487896,898152,15,53248,43520,NaN,NaN
2026-04-27 19:51:14.725,59504,ESTAB,bbr,224,23.402,2.934,20.631,1448,18,26064,NaN,20181,20181,2856,NaN,19,27,14,7,NaN,NaN,15487896,898152,15,53248,43520,NaN,NaN
2026-04-27 19:51:14.976,59504,ESTAB,bbr,224,23.402,2.934,20.631,1448,18,26064,NaN,20181,20181,2856,NaN,19,27,14,7,NaN,NaN,15487896,898152,15,53248,43520,NaN,NaN
2026-04-27 19:51:15.228,59504,ESTAB,bbr,224,23.402,2.934,20.631,1448,18,26064,NaN,20181,20181,2856,NaN,19,27,14,7,NaN,NaN,15487896,898152,15,53248,43520,NaN,NaN
2026-04-27 19:51:15.499,59504,ESTAB,bbr,224,23.402,2.934,20.631,1448,18,26064,NaN,20181,20181,2856,NaN,19,27,14,7,NaN,NaN,15487896,898152,15,53248,43520,NaN,NaN
2026-04-27 19:51:15.756,59504,ESTAB,bbr,224,23.402,2.934,20.631,1448,18,26064,NaN,20181,20181,2856,NaN,19,27,14,7,NaN,NaN,15487896,898152,15,53248,43520,NaN,NaN
2026-04-27 19:51:16.021,59504,ESTAB,bbr,224,23.402,2.934,20.631,1448,18,26064,NaN,20181,20181,2856,NaN,19,27,14,7,NaN,NaN,15487896,898152,15,53248,43520,NaN,NaN
2026-04-27 19:51:16.291,59504,ESTAB,bbr,224,23.402,2.934,20.631,1448,18,26064,NaN,20181,20181,2856,NaN,19,27,14,7,NaN,NaN,15487896,898152,15,53248,43520,NaN,NaN
2026-04-27 19:51:16.547,59504,ESTAB,bbr,224,23.402,2.934,20.631,1448,18,26064,NaN,20181,20181,2856,NaN,19,27,14,7,NaN,NaN,15487896,898152,15,53248,43520,NaN,NaN
2026-04-27 19:51:16.801,59504,ESTAB,bbr,224,23.402,2.934,20.631,1448,18,26064,NaN,20181,20181,2856,NaN,19,27,14,7,NaN,NaN,15487896,898152,15,53248,43520,NaN,NaN
2026-04-27 19:51:17.058,59504,ESTAB,bbr,224,23.402,2.934,20.631,1448,18,26064,NaN,20181,20181,2856,NaN,19,27,14,7,NaN,NaN,15487896,898152,15,53248,43520,NaN,NaN
2026-04-27 19:51:17.306,59504,ESTAB,bbr,224,23.402,2.934,20.631,1448,18,26064,NaN,20181,20181,2856,NaN,19,27,14,7,NaN,NaN,15487896,898152,15,53248,43520,NaN,NaN
2026-04-27 19:51:17.559,59504,ESTAB,bbr,224,23.402,2.934,20.631,1448,18,26064,NaN,20181,20181,2856,NaN,19,27,14,7,NaN,NaN,15487896,898152,15,53248,43520,NaN,NaN
2026-04-27 19:51:17.818,59504,ESTAB,bbr,224,23.402,2.934,20.631,1448,18,26064,NaN,20181,20181,2856,NaN,19,27,14,7,NaN,NaN,15487896,898152,15,53248,43520,NaN,NaN
2026-04-27 19:51:18.064,59504,ESTAB,bbr,224,23.402,2.934,20.631,1448,18,26064,NaN,20181,20181,2856,NaN,19,27,14,7,NaN,NaN,15487896,898152,15,53248,43520,NaN,NaN
2026-04-27 19:51:18.322,59504,ESTAB,bbr,224,23.402,2.934,20.631,1448,18,26064,NaN,20181,20181,2856,NaN,19,27,14,7,NaN,NaN,15487896,898152,15,53248,43520,NaN,NaN
2026-04-27 19:51:18.582,59504,ESTAB,bbr,224,23.402,2.934,20.631,1448,18,26064,NaN,20181,20181,2856,NaN,19,27,14,7,NaN,NaN,15487896,898152,15,53248,43520,NaN,NaN
2026-04-27 19:51:18.845,59504,ESTAB,bbr,224,23.402,2.934,20.631,1448,18,26064,NaN,20181,20181,2856,NaN,19,27,14,7,NaN,NaN,15487896,898152,15,53248,43520,NaN,NaN
2026-04-27 19:51:19.101,59504,ESTAB,bbr,224,23.402,2.934,20.631,1448,18,26064,NaN,20181,20181,2856,NaN,19,27,14,7,NaN,NaN,15487896,898152,15,53248,43520,NaN,NaN
2026-04-27 19:51:19.366,59504,ESTAB,bbr,224,23.402,2.934,20.631,1448,18,26064,NaN,20181,20181,2856,NaN,19,27,14,7,NaN,NaN,15487896,898152,15,53248,43520,NaN,NaN
2026-04-27 19:51:19.630,59504,ESTAB,bbr,224,23.402,2.934,20.631,1448,18,26064,NaN,20181,20181,2856,NaN,19,27,14,7,NaN,NaN,15487896,898152,15,53248,43520,NaN,NaN
2026-04-27 19:51:19.897,59504,ESTAB,bbr,224,23.402,2.934,20.631,1448,18,26064,NaN,20181,20181,2856,NaN,19,27,14,7,NaN,NaN,15487896,898152,15,53248,43520,NaN,NaN
2026-04-27 19:51:20.154,59504,ESTAB,bbr,224,23.402,2.934,20.631,1448,18,26064,NaN,20181,20181,2856,NaN,19,27,14,7,NaN,NaN,15487896,898152,15,53248,43520,NaN,NaN
2026-04-27 19:51:20.432,59504,ESTAB,bbr,224,23.402,2.934,20.631,1448,18,26064,NaN,20181,20181,2856,NaN,19,27,14,7,NaN,NaN,15487896,898152,15,53248,43520,NaN,NaN
2026-04-27 19:51:20.702,59504,ESTAB,bbr,224,23.402,2.934,20.631,1448,18,26064,NaN,20181,20181,2856,NaN,19,27,14,7,NaN,NaN,15487896,898152,15,53248,43520,NaN,NaN
2026-04-27 19:51:20.962,59504,ESTAB,bbr,224,23.402,2.934,20.631,1448,18,26064,NaN,20181,20181,2856,NaN,19,27,14,7,NaN,NaN,15487896,898152,15,53248,43520,NaN,NaN
2026-04-27 19:51:21.222,59504,ESTAB,bbr,224,23.402,2.934,20.631,1448,18,26064,NaN,20181,20181,2856,NaN,19,27,14,7,NaN,NaN,15487896,898152,15,53248,43520,NaN,NaN
2026-04-27 19:51:21.483,59504,ESTAB,bbr,224,23.402,2.934,20.631,1448,18,26064,NaN,20181,20181,2856,NaN,19,27,14,7,NaN,NaN,15487896,898152,15,53248,43520,NaN,NaN
2026-04-27 19:51:21.752,59504,ESTAB,bbr,224,23.402,2.934,20.631,1448,18,26064,NaN,20181,20181,2856,NaN,19,27,14,7,NaN,NaN,15487896,898152,15,53248,43520,NaN,NaN
2026-04-27 19:51:21.994,59504,ESTAB,bbr,224,23.402,2.934,20.631,1448,18,26064,NaN,20181,20181,2856,NaN,19,27,14,7,NaN,NaN,15487896,898152,15,53248,43520,NaN,NaN
2026-04-27 19:51:22.251,59504,ESTAB,bbr,224,23.402,2.934,20.631,1448,18,26064,NaN,20181,20181,2856,NaN,19,27,14,7,NaN,NaN,15487896,898152,15,53248,43520,NaN,NaN
2026-04-27 19:51:22.513,59504,ESTAB,bbr,224,23.402,2.934,20.631,1448,18,26064,NaN,20181,20181,2856,NaN,19,27,14,7,NaN,NaN,15487896,898152,15,53248,43520,NaN,NaN
2026-04-27 19:51:22.780,59504,ESTAB,bbr,224,23.402,2.934,20.631,1448,18,26064,NaN,20181,20181,2856,NaN,19,27,14,7,NaN,NaN,15487896,898152,15,53248,43520,NaN,NaN
2026-04-27 19:51:23.047,59504,ESTAB,bbr,224,23.402,2.934,20.631,1448,18,26064,NaN,20181,20181,2856,NaN,19,27,14,7,NaN,NaN,15487896,898152,15,53248,43520,NaN,NaN
2026-04-27 19:51:23.309,59504,ESTAB,bbr,224,23.402,2.934,20.631,1448,18,26064,NaN,20181,20181,2856,NaN,19,27,14,7,NaN,NaN,15487896,898152,15,53248,43520,NaN,NaN
2026-04-27 19:51:23.553,59504,ESTAB,bbr,224,23.402,2.934,20.631,1448,18,26064,NaN,20181,20181,2856,NaN,19,27,14,7,NaN,NaN,15487896,898152,15,53248,43520,NaN,NaN
2026-04-27 19:51:23.810,59504,ESTAB,bbr,224,23.402,2.934,20.631,1448,18,26064,NaN,20181,20181,2856,NaN,19,27,14,7,NaN,NaN,15487896,898152,15,53248,43520,NaN,NaN
2026-04-27 19:51:24.077,59504,ESTAB,bbr,224,23.402,2.934,20.631,1448,18,26064,NaN,20181,20181,2856,NaN,19,27,14,7,NaN,NaN,15487896,898152,15,53248,43520,NaN,NaN
2026-04-27 19:51:24.357,59504,ESTAB,bbr,224,23.402,2.934,20.631,1448,18,26064,NaN,20181,20181,2856,NaN,19,27,14,7,NaN,NaN,15487896,898152,15,53248,43520,NaN,NaN
2026-04-27 19:51:24.620,59504,ESTAB,bbr,224,23.402,2.934,20.631,1448,18,26064,NaN,20181,20181,2856,NaN,19,27,14,7,NaN,NaN,15487896,898152,15,53248,43520,NaN,NaN
2026-04-27 19:51:24.876,59504,ESTAB,bbr,224,23.402,2.934,20.631,1448,18,26064,NaN,20181,20181,2856,NaN,19,27,14,7,NaN,NaN,15487896,898152,15,53248,43520,NaN,NaN
2026-04-27 19:51:25.132,59504,ESTAB,bbr,224,23.402,2.934,20.631,1448,18,26064,NaN,20181,20181,2856,NaN,19,27,14,7,NaN,NaN,15487896,898152,15,53248,43520,NaN,NaN
2026-04-27 19:51:25.388,59504,ESTAB,bbr,224,23.402,2.934,20.631,1448,18,26064,NaN,20181,20181,2856,NaN,19,27,14,7,NaN,NaN,15487896,898152,15,53248,43520,NaN,NaN
2026-04-27 19:51:25.649,59504,ESTAB,bbr,224,23.402,2.934,20.631,1448,18,26064,NaN,20181,20181,2856,NaN,19,27,14,7,NaN,NaN,15487896,898152,15,53248,43520,NaN,NaN
2026-04-27 19:51:25.922,59504,ESTAB,bbr,224,23.402,2.934,20.631,1448,18,26064,NaN,20181,20181,2856,NaN,19,27,14,7,NaN,NaN,15487896,898152,15,53248,43520,NaN,NaN
2026-04-27 19:51:26.193,59504,ESTAB,bbr,224,23.402,2.934,20.631,1448,18,26064,NaN,20181,20181,2856,NaN,19,27,14,7,NaN,NaN,15487896,898152,15,53248,43520,NaN,NaN
2026-04-27 19:51:26.455,59504,ESTAB,bbr,224,23.402,2.934,20.631,1448,18,26064,NaN,20181,20181,2856,NaN,19,27,14,7,NaN,NaN,15487896,898152,15,53248,43520,NaN,NaN
2026-04-27 19:51:26.710,59504,ESTAB,bbr,224,23.402,2.934,20.631,1448,18,26064,NaN,20181,20181,2856,NaN,19,27,14,7,NaN,NaN,15487896,898152,15,53248,43520,NaN,NaN
2026-04-27 19:51:26.968,59504,ESTAB,bbr,224,23.402,2.934,20.631,1448,18,26064,NaN,20181,20181,2856,NaN,19,27,14,7,NaN,NaN,15487896,898152,15,53248,43520,NaN,NaN
2026-04-27 19:51:27.227,59504,ESTAB,bbr,224,23.402,2.934,20.631,1448,18,26064,NaN,20181,20181,2856,NaN,19,27,14,7,NaN,NaN,15487896,898152,15,53248,43520,NaN,NaN
2026-04-27 19:51:27.471,59504,ESTAB,bbr,224,23.402,2.934,20.631,1448,18,26064,NaN,20181,20181,2856,NaN,19,27,14,7,NaN,NaN,15487896,898152,15,53248,43520,NaN,NaN
2026-04-27 19:51:27.727,59504,ESTAB,bbr,224,23.402,2.934,20.631,1448,18,26064,NaN,20181,20181,2856,NaN,19,27,14,7,NaN,NaN,15487896,898152,15,53248,43520,NaN,NaN
2026-04-27 19:51:27.988,59504,ESTAB,bbr,224,23.402,2.934,20.631,1448,18,26064,NaN,20181,20181,2856,NaN,19,27,14,7,NaN,NaN,15487896,898152,15,53248,43520,NaN,NaN
2026-04-27 19:51:28.249,59504,ESTAB,bbr,224,23.402,2.934,20.631,1448,18,26064,NaN,20181,20181,2856,NaN,19,27,14,7,NaN,NaN,15487896,898152,15,53248,43520,NaN,NaN
2026-04-27 19:51:28.509,59504,ESTAB,bbr,224,23.402,2.934,20.631,1448,18,26064,NaN,20181,20181,2856,NaN,19,27,14,7,NaN,NaN,15487896,898152,15,53248,43520,NaN,NaN
2026-04-27 19:51:28.755,59504,ESTAB,bbr,224,23.402,2.934,20.631,1448,18,26064,NaN,20181,20181,2856,NaN,19,27,14,7,NaN,NaN,15487896,898152,15,53248,43520,NaN,NaN
2026-04-27 19:51:29.015,59504,ESTAB,bbr,224,23.402,2.934,20.631,1448,18,26064,NaN,20181,20181,2856,NaN,19,27,14,7,NaN,NaN,15487896,898152,15,53248,43520,NaN,NaN
2026-04-27 19:51:29.284,59504,ESTAB,bbr,224,23.402,2.934,20.631,1448,18,26064,NaN,20181,20181,2856,NaN,19,27,14,7,NaN,NaN,15487896,898152,15,53248,43520,NaN,NaN
2026-04-27 19:51:29.558,59504,ESTAB,bbr,224,23.402,2.934,20.631,1448,18,26064,NaN,20181,20181,2856,NaN,20,28,14,7,NaN,NaN,15487896,898152,15,53248,43520,NaN,NaN
2026-04-27 19:51:29.800,59504,ESTAB,bbr,224,23.402,2.934,20.631,1448,18,26064,NaN,20181,20181,2856,NaN,20,28,14,7,NaN,NaN,15487896,898152,15,53248,43520,NaN,NaN
2026-04-27 19:51:30.057,59504,ESTAB,bbr,224,23.402,2.934,20.631,1448,18,26064,NaN,20181,20181,2856,NaN,20,28,14,7,NaN,NaN,15487896,898152,15,53248,43520,NaN,NaN
2026-04-27 19:51:30.314,59504,ESTAB,bbr,224,23.402,2.934,20.631,1448,18,26064,NaN,20181,20181,2856,NaN,20,28,14,7,NaN,NaN,15487896,898152,15,53248,43520,NaN,NaN
2026-04-27 19:51:30.567,59504,ESTAB,bbr,224,23.402,2.934,20.631,1448,18,26064,NaN,20181,20181,2856,NaN,20,28,14,7,NaN,NaN,15487896,898152,15,53248,43520,NaN,NaN
2026-04-27 19:51:30.813,59504,ESTAB,bbr,224,23.402,2.934,20.631,1448,18,26064,NaN,20181,20181,2856,NaN,20,28,14,7,NaN,NaN,15487896,898152,15,53248,43520,NaN,NaN
2026-04-27 19:51:31.094,59504,ESTAB,bbr,224,23.402,2.934,20.631,1448,18,26064,NaN,20181,20181,2856,NaN,20,28,14,7,NaN,NaN,15487896,898152,15,53248,43520,NaN,NaN
2026-04-27 19:51:31.361,59504,ESTAB,bbr,224,23.402,2.934,20.631,1448,18,26064,NaN,20181,20181,2856,NaN,20,28,14,7,NaN,NaN,15487896,898152,15,53248,43520,NaN,NaN
2026-04-27 19:51:31.615,59504,ESTAB,bbr,224,23.402,2.934,20.631,1448,18,26064,NaN,20181,20181,2856,NaN,20,28,14,7,NaN,NaN,15487896,898152,15,53248,43520,NaN,NaN
2026-04-27 19:51:31.865,59504,ESTAB,bbr,224,23.402,2.934,20.631,1448,18,26064,NaN,20181,20181,2856,NaN,20,28,14,7,NaN,NaN,15487896,898152,15,53248,43520,NaN,NaN
2026-04-27 19:51:32.127,59504,ESTAB,bbr,224,23.402,2.934,20.631,1448,18,26064,NaN,20181,20181,2856,NaN,20,28,14,7,NaN,NaN,15487896,898152,15,53248,43520,NaN,NaN
2026-04-27 19:51:32.367,59504,ESTAB,bbr,224,23.402,2.934,20.631,1448,18,26064,NaN,20181,20181,2856,NaN,20,28,14,7,NaN,NaN,15487896,898152,15,53248,43520,NaN,NaN
2026-04-27 19:51:32.599,59504,ESTAB,bbr,224,23.402,2.934,20.631,1448,18,26064,NaN,20181,20181,2856,NaN,20,28,14,7,NaN,NaN,15487896,898152,15,53248,43520,NaN,NaN
2026-04-27 19:51:32.849,59504,ESTAB,bbr,224,23.402,2.934,20.631,1448,18,26064,NaN,20181,20181,2856,NaN,20,28,14,7,NaN,NaN,15487896,898152,15,53248,43520,NaN,NaN
2026-04-27 19:51:33.097,59504,ESTAB,bbr,224,23.402,2.934,20.631,1448,18,26064,NaN,20181,20181,2856,NaN,20,28,14,7,NaN,NaN,15487896,898152,15,53248,43520,NaN,NaN
2026-04-27 19:51:33.364,59504,ESTAB,bbr,224,23.402,2.934,20.631,1448,18,26064,NaN,20181,20181,2856,NaN,20,28,14,7,NaN,NaN,15487896,898152,15,53248,43520,NaN,NaN
2026-04-27 19:51:33.625,59504,ESTAB,bbr,224,23.402,2.934,20.631,1448,18,26064,NaN,20181,20181,2856,NaN,20,28,14,7,NaN,NaN,15487896,898152,15,53248,43520,NaN,NaN
2026-04-27 19:51:33.858,59504,ESTAB,bbr,224,23.402,2.934,20.631,1448,18,26064,NaN,20181,20181,2856,NaN,20,28,14,7,NaN,NaN,15487896,898152,15,53248,43520,NaN,NaN
2026-04-27 19:51:34.113,59504,ESTAB,bbr,224,23.402,2.934,20.631,1448,18,26064,NaN,20181,20181,2856,NaN,20,28,14,7,NaN,NaN,15487896,898152,15,53248,43520,NaN,NaN
2026-04-27 19:51:34.372,59504,ESTAB,bbr,224,23.402,2.934,20.631,1448,18,26064,NaN,20181,20181,2856,NaN,20,28,14,7,NaN,NaN,15487896,898152,15,53248,43520,NaN,NaN
2026-04-27 19:51:34.617,59504,ESTAB,bbr,224,23.402,2.934,20.631,1448,18,26064,NaN,20181,20181,2856,NaN,20,28,14,7,NaN,NaN,15487896,898152,15,53248,43520,NaN,NaN
2026-04-27 19:51:34.870,59504,ESTAB,bbr,224,23.402,2.934,20.631,1448,18,26064,NaN,20181,20181,2856,NaN,20,28,14,7,NaN,NaN,15487896,898152,15,53248,43520,NaN,NaN
2026-04-27 19:51:35.131,59504,ESTAB,bbr,224,23.402,2.934,20.631,1448,18,26064,NaN,20181,20181,2856,NaN,20,28,14,7,NaN,NaN,15487896,898152,15,53248,43520,NaN,NaN
2026-04-27 19:51:35.397,59504,ESTAB,bbr,224,23.402,2.934,20.631,1448,18,26064,NaN,20181,20181,2856,NaN,20,28,14,7,NaN,NaN,15487896,898152,15,53248,43520,NaN,NaN
2026-04-27 19:51:35.654,59504,ESTAB,bbr,224,23.402,2.934,20.631,1448,18,26064,NaN,20181,20181,2856,NaN,20,28,14,7,NaN,NaN,15487896,898152,15,53248,43520,NaN,NaN
2026-04-27 19:51:35.897,59504,ESTAB,bbr,224,23.402,2.934,20.631,1448,18,26064,NaN,20181,20181,2856,NaN,20,28,14,7,NaN,NaN,15487896,898152,15,53248,43520,NaN,NaN
2026-04-27 19:51:36.166,59504,ESTAB,bbr,224,23.402,2.934,20.631,1448,18,26064,NaN,20181,20181,2856,NaN,20,28,14,7,NaN,NaN,15487896,898152,15,53248,43520,NaN,NaN
2026-04-27 19:51:36.426,59504,ESTAB,bbr,224,23.402,2.934,20.631,1448,18,26064,NaN,20181,20181,2856,NaN,20,28,14,7,NaN,NaN,15487896,898152,15,53248,43520,NaN,NaN
2026-04-27 19:51:36.681,59504,ESTAB,bbr,224,23.402,2.934,20.631,1448,18,26064,NaN,20181,20181,2856,NaN,20,28,14,7,NaN,NaN,15487896,898152,15,53248,43520,NaN,NaN
2026-04-27 19:51:36.948,59504,ESTAB,bbr,224,23.402,2.934,20.631,1448,18,26064,NaN,20181,20181,2856,NaN,20,28,14,7,NaN,NaN,15487896,898152,15,53248,43520,NaN,NaN
2026-04-27 19:51:37.206,59504,ESTAB,bbr,224,23.402,2.934,20.631,1448,18,26064,NaN,20181,20181,2856,NaN,20,28,14,7,NaN,NaN,15487896,898152,15,53248,43520,NaN,NaN
2026-04-27 19:51:37.477,59504,ESTAB,bbr,224,23.402,2.934,20.631,1448,18,26064,NaN,20181,20181,2856,NaN,20,28,14,7,NaN,NaN,15487896,898152,15,53248,43520,NaN,NaN
2026-04-27 19:51:37.728,59504,ESTAB,bbr,224,23.402,2.934,20.631,1448,18,26064,NaN,20181,20181,2856,NaN,20,28,14,7,NaN,NaN,15487896,898152,15,53248,43520,NaN,NaN
2026-04-27 19:51:37.989,59504,ESTAB,bbr,224,23.402,2.934,20.631,1448,18,26064,NaN,20181,20181,2856,NaN,20,28,14,7,NaN,NaN,15487896,898152,15,53248,43520,NaN,NaN
2026-04-27 19:51:38.250,59504,ESTAB,bbr,224,23.402,2.934,20.631,1448,18,26064,NaN,20181,20181,2856,NaN,20,28,14,7,NaN,NaN,15487896,898152,15,53248,43520,NaN,NaN
2026-04-27 19:51:38.510,59504,ESTAB,bbr,224,23.402,2.934,20.631,1448,18,26064,NaN,20181,20181,2856,NaN,20,28,14,7,NaN,NaN,15487896,898152,15,53248,43520,NaN,NaN
2026-04-27 19:51:38.780,59504,ESTAB,bbr,224,23.402,2.934,20.631,1448,18,26064,NaN,20181,20181,2856,NaN,20,28,14,7,NaN,NaN,15487896,898152,15,53248,43520,NaN,NaN
2026-04-27 19:51:39.045,59504,ESTAB,bbr,224,23.402,2.934,20.631,1448,18,26064,NaN,20181,20181,2856,NaN,20,28,14,7,NaN,NaN,15487896,898152,15,53248,43520,NaN,NaN
2026-04-27 19:51:39.306,59504,ESTAB,bbr,224,23.402,2.934,20.631,1448,18,26064,NaN,20181,20181,2856,NaN,20,28,14,7,NaN,NaN,15487896,898152,15,53248,43520,NaN,NaN
2026-04-27 19:51:39.572,59504,ESTAB,bbr,224,23.402,2.934,20.631,1448,18,26064,NaN,20181,20181,2856,NaN,20,28,14,7,NaN,NaN,15487896,898152,15,53248,43520,NaN,NaN
2026-04-27 19:51:39.823,59504,ESTAB,bbr,224,23.402,2.934,20.631,1448,18,26064,NaN,20181,20181,2856,NaN,20,28,14,7,NaN,NaN,15487896,898152,15,53248,43520,NaN,NaN
2026-04-27 19:51:40.086,59504,ESTAB,bbr,224,23.402,2.934,20.631,1448,18,26064,NaN,20181,20181,2856,NaN,20,28,14,7,NaN,NaN,15487896,898152,15,53248,43520,NaN,NaN
2026-04-27 19:51:40.353,59504,ESTAB,bbr,224,23.402,2.934,20.631,1448,18,26064,NaN,20181,20181,2856,NaN,20,28,14,7,NaN,NaN,15487896,898152,15,53248,43520,NaN,NaN
2026-04-27 19:51:40.602,59504,ESTAB,bbr,224,23.402,2.934,20.631,1448,18,26064,NaN,20181,20181,2856,NaN,20,28,14,7,NaN,NaN,15487896,898152,15,53248,43520,NaN,NaN
2026-04-27 19:51:40.860,59504,ESTAB,bbr,224,23.402,2.934,20.631,1448,18,26064,NaN,20181,20181,2856,NaN,20,28,14,7,NaN,NaN,15487896,898152,15,53248,43520,NaN,NaN
2026-04-27 19:51:41.126,59504,ESTAB,bbr,224,23.402,2.934,20.631,1448,18,26064,NaN,20181,20181,2856,NaN,20,28,14,7,NaN,NaN,15487896,898152,15,53248,43520,NaN,NaN
2026-04-27 19:51:41.386,59504,ESTAB,bbr,224,23.402,2.934,20.631,1448,18,26064,NaN,20181,20181,2856,NaN,20,28,14,7,NaN,NaN,15487896,898152,15,53248,43520,NaN,NaN
2026-04-27 19:51:41.637,59504,ESTAB,bbr,224,23.402,2.934,20.631,1448,18,26064,NaN,20181,20181,2856,NaN,20,28,14,7,NaN,NaN,15487896,898152,15,53248,43520,NaN,NaN
2026-04-27 19:51:41.890,59504,ESTAB,bbr,224,23.402,2.934,20.631,1448,18,26064,NaN,20181,20181,2856,NaN,20,28,14,7,NaN,NaN,15487896,898152,15,53248,43520,NaN,NaN
2026-04-27 19:51:42.157,59504,ESTAB,bbr,224,23.402,2.934,20.631,1448,18,26064,NaN,20181,20181,2856,NaN,20,28,14,7,NaN,NaN,15487896,898152,15,53248,43520,NaN,NaN
2026-04-27 19:51:42.421,59504,ESTAB,bbr,224,23.402,2.934,20.631,1448,18,26064,NaN,20181,20181,2856,NaN,20,28,14,7,NaN,NaN,15487896,898152,15,53248,43520,NaN,NaN
2026-04-27 19:51:42.682,59504,ESTAB,bbr,224,23.402,2.934,20.631,1448,18,26064,NaN,20181,20181,2856,NaN,20,28,14,7,NaN,NaN,15487896,898152,15,53248,43520,NaN,NaN
2026-04-27 19:51:42.942,59504,ESTAB,bbr,224,23.402,2.934,20.631,1448,18,26064,NaN,20181,20181,2856,NaN,20,28,14,7,NaN,NaN,15487896,898152,15,53248,43520,NaN,NaN
2026-04-27 19:51:43.203,59504,ESTAB,bbr,224,23.402,2.934,20.631,1448,18,26064,NaN,20181,20181,2856,NaN,20,28,14,7,NaN,NaN,15487896,898152,15,53248,43520,NaN,NaN
2026-04-27 19:51:43.464,59504,ESTAB,bbr,224,23.402,2.934,20.631,1448,18,26064,NaN,20181,20181,2856,NaN,20,28,14,7,NaN,NaN,15487896,898152,15,53248,43520,NaN,NaN
2026-04-27 19:51:43.726,59504,ESTAB,bbr,224,23.402,2.934,20.631,1448,18,26064,NaN,20181,20181,2856,NaN,20,28,14,7,NaN,NaN,15487896,898152,15,53248,43520,NaN,NaN
2026-04-27 19:51:43.993,59504,ESTAB,bbr,224,23.402,2.934,20.631,1448,18,26064,NaN,20181,20181,2856,NaN,20,28,14,7,NaN,NaN,15487896,898152,15,53248,43520,NaN,NaN
2026-04-27 19:51:44.269,59504,ESTAB,bbr,224,23.402,2.934,20.631,1448,18,26064,NaN,20181,20181,2856,NaN,20,28,14,7,NaN,NaN,15487896,898152,15,53248,43520,NaN,NaN
2026-04-27 19:51:44.531,59504,ESTAB,bbr,224,23.402,2.934,20.631,1448,18,26064,NaN,20181,20181,2856,NaN,20,28,14,7,NaN,NaN,15487896,898152,15,53248,43520,NaN,NaN
2026-04-27 19:51:44.782,59504,ESTAB,bbr,224,23.402,2.934,20.631,1448,18,26064,NaN,20181,20181,2856,NaN,21,29,14,7,NaN,NaN,15487896,898152,15,53248,43520,NaN,NaN
2026-04-27 19:51:45.038,59504,ESTAB,bbr,224,23.402,2.934,20.631,1448,18,26064,NaN,20181,20181,2856,NaN,21,29,14,7,NaN,NaN,15487896,898152,15,53248,43520,NaN,NaN
2026-04-27 19:51:45.263,59504,ESTAB,bbr,224,23.402,2.934,20.631,1448,18,26064,NaN,20181,20181,2856,NaN,21,29,14,7,NaN,NaN,15487896,898152,15,53248,43520,NaN,NaN
2026-04-27 19:51:45.509,59504,ESTAB,bbr,224,23.402,2.934,20.631,1448,18,26064,NaN,20181,20181,2856,NaN,21,29,14,7,NaN,NaN,15487896,898152,15,53248,43520,NaN,NaN
2026-04-27 19:51:45.772,59504,ESTAB,bbr,224,23.402,2.934,20.631,1448,18,26064,NaN,20181,20181,2856,NaN,21,29,14,7,NaN,NaN,15487896,898152,15,53248,43520,NaN,NaN
2026-04-27 19:51:46.037,59504,ESTAB,bbr,224,23.402,2.934,20.631,1448,18,26064,NaN,20181,20181,2856,NaN,21,29,14,7,NaN,NaN,15487896,898152,15,53248,43520,NaN,NaN
2026-04-27 19:51:46.306,59504,ESTAB,bbr,224,23.402,2.934,20.631,1448,18,26064,NaN,20181,20181,2856,NaN,21,29,14,7,NaN,NaN,15487896,898152,15,53248,43520,NaN,NaN
2026-04-27 19:51:46.562,59504,ESTAB,bbr,224,23.402,2.934,20.631,1448,18,26064,NaN,20181,20181,2856,NaN,21,29,14,7,NaN,NaN,15487896,898152,15,53248,43520,NaN,NaN
2026-04-27 19:51:46.798,59504,ESTAB,bbr,224,23.402,2.934,20.631,1448,18,26064,NaN,20181,20181,2856,NaN,21,29,14,7,NaN,NaN,15487896,898152,15,53248,43520,NaN,NaN
2026-04-27 19:51:47.054,59504,ESTAB,bbr,224,23.402,2.934,20.631,1448,18,26064,NaN,20181,20181,2856,NaN,21,29,14,7,NaN,NaN,15487896,898152,15,53248,43520,NaN,NaN
2026-04-27 19:51:47.331,59504,ESTAB,bbr,224,23.402,2.934,20.631,1448,18,26064,NaN,20181,20181,2856,NaN,21,29,14,7,NaN,NaN,15487896,898152,15,53248,43520,NaN,NaN
2026-04-27 19:51:47.588,59504,ESTAB,bbr,224,23.402,2.934,20.631,1448,18,26064,NaN,20181,20181,2856,NaN,21,29,14,7,NaN,NaN,15487896,898152,15,53248,43520,NaN,NaN
2026-04-27 19:51:47.837,59504,ESTAB,bbr,224,23.402,2.934,20.631,1448,18,26064,NaN,20181,20181,2856,NaN,21,29,14,7,NaN,NaN,15487896,898152,15,53248,43520,NaN,NaN
2026-04-27 19:51:48.093,59504,ESTAB,bbr,224,23.402,2.934,20.631,1448,18,26064,NaN,20181,20181,2856,NaN,21,29,14,7,NaN,NaN,15487896,898152,15,53248,43520,NaN,NaN
2026-04-27 19:51:48.349,59504,ESTAB,bbr,224,23.402,2.934,20.631,1448,18,26064,NaN,20181,20181,2856,NaN,21,29,14,7,NaN,NaN,15487896,898152,15,53248,43520,NaN,NaN
2026-04-27 19:51:48.598,59504,ESTAB,bbr,224,23.402,2.934,20.631,1448,18,26064,NaN,20181,20181,2856,NaN,21,29,14,7,NaN,NaN,15487896,898152,15,53248,43520,NaN,NaN
2026-04-27 19:51:48.838,59504,ESTAB,bbr,224,23.402,2.934,20.631,1448,18,26064,NaN,20181,20181,2856,NaN,21,29,14,7,NaN,NaN,15487896,898152,15,53248,43520,NaN,NaN
2026-04-27 19:51:49.106,59504,ESTAB,bbr,224,23.402,2.934,20.631,1448,18,26064,NaN,20181,20181,2856,NaN,21,29,14,7,NaN,NaN,15487896,898152,15,53248,43520,NaN,NaN
2026-04-27 19:51:49.367,59504,ESTAB,bbr,224,23.402,2.934,20.631,1448,18,26064,NaN,20181,20181,2856,NaN,21,29,14,7,NaN,NaN,15487896,898152,15,53248,43520,NaN,NaN
2026-04-27 19:51:49.623,59504,ESTAB,bbr,224,23.402,2.934,20.631,1448,18,26064,NaN,20181,20181,2856,NaN,21,29,14,7,NaN,NaN,15487896,898152,15,53248,43520,NaN,NaN
2026-04-27 19:51:49.869,59504,ESTAB,bbr,224,23.402,2.934,20.631,1448,18,26064,NaN,20181,20181,2856,NaN,21,29,14,7,NaN,NaN,15487896,898152,15,53248,43520,NaN,NaN
2026-04-27 19:51:50.123,59504,ESTAB,bbr,224,23.402,2.934,20.631,1448,18,26064,NaN,20181,20181,2856,NaN,21,29,14,7,NaN,NaN,15487896,898152,15,53248,43520,NaN,NaN
2026-04-27 19:51:50.389,59504,ESTAB,bbr,224,23.402,2.934,20.631,1448,18,26064,NaN,20181,20181,2856,NaN,21,29,14,7,NaN,NaN,15487896,898152,15,53248,43520,NaN,NaN
2026-04-27 19:51:50.633,59504,ESTAB,bbr,224,23.402,2.934,20.631,1448,18,26064,NaN,20181,20181,2856,NaN,21,29,14,7,NaN,NaN,15487896,898152,15,53248,43520,NaN,NaN
2026-04-27 19:51:50.893,59504,ESTAB,bbr,224,23.402,2.934,20.631,1448,18,26064,NaN,20181,20181,2856,NaN,21,29,14,7,NaN,NaN,15487896,898152,15,53248,43520,NaN,NaN
2026-04-27 19:51:51.148,59504,ESTAB,bbr,224,23.402,2.934,20.631,1448,18,26064,NaN,20181,20181,2856,NaN,21,29,14,7,NaN,NaN,15487896,898152,15,53248,43520,NaN,NaN
2026-04-27 19:51:51.408,59504,ESTAB,bbr,224,23.402,2.934,20.631,1448,18,26064,NaN,20181,20181,2856,NaN,21,29,14,7,NaN,NaN,15487896,898152,15,53248,43520,NaN,NaN
2026-04-27 19:51:51.670,59504,ESTAB,bbr,224,23.402,2.934,20.631,1448,18,26064,NaN,20181,20181,2856,NaN,21,29,14,7,NaN,NaN,15487896,898152,15,53248,43520,NaN,NaN
2026-04-27 19:51:51.930,59504,ESTAB,bbr,224,23.402,2.934,20.631,1448,18,26064,NaN,20181,20181,2856,NaN,21,29,14,7,NaN,NaN,15487896,898152,15,53248,43520,NaN,NaN
2026-04-27 19:51:52.191,59504,ESTAB,bbr,224,23.402,2.934,20.631,1448,18,26064,NaN,20181,20181,2856,NaN,21,29,14,7,NaN,NaN,15487896,898152,15,53248,43520,NaN,NaN
2026-04-27 19:51:52.446,59504,ESTAB,bbr,224,23.402,2.934,20.631,1448,18,26064,NaN,20181,20181,2856,NaN,21,29,14,7,NaN,NaN,15487896,898152,15,53248,43520,NaN,NaN
2026-04-27 19:51:52.690,59504,ESTAB,bbr,224,23.402,2.934,20.631,1448,18,26064,NaN,20181,20181,2856,NaN,21,29,14,7,NaN,NaN,15487896,898152,15,53248,43520,NaN,NaN
2026-04-27 19:51:52.947,59504,ESTAB,bbr,224,23.402,2.934,20.631,1448,18,26064,NaN,20181,20181,2856,NaN,21,29,14,7,NaN,NaN,15487896,898152,15,53248,43520,NaN,NaN
2026-04-27 19:51:53.202,59504,ESTAB,bbr,224,23.402,2.934,20.631,1448,18,26064,NaN,20181,20181,2856,NaN,21,29,14,7,NaN,NaN,15487896,898152,15,53248,43520,NaN,NaN
2026-04-27 19:51:53.462,59504,ESTAB,bbr,224,23.402,2.934,20.631,1448,18,26064,NaN,20181,20181,2856,NaN,21,29,14,7,NaN,NaN,15487896,898152,15,53248,43520,NaN,NaN
2026-04-27 19:51:53.731,59504,ESTAB,bbr,224,23.402,2.934,20.631,1448,18,26064,NaN,20181,20181,2856,NaN,21,29,14,7,NaN,NaN,15487896,898152,15,53248,43520,NaN,NaN
2026-04-27 19:51:54.010,59504,ESTAB,bbr,224,23.402,2.934,20.631,1448,18,26064,NaN,20181,20181,2856,NaN,21,29,14,7,NaN,NaN,15487896,898152,15,53248,43520,NaN,NaN
2026-04-27 19:51:54.283,59504,ESTAB,bbr,224,23.402,2.934,20.631,1448,18,26064,NaN,20181,20181,2856,NaN,21,29,14,7,NaN,NaN,15487896,898152,15,53248,43520,NaN,NaN
2026-04-27 19:51:54.539,59504,ESTAB,bbr,224,23.402,2.934,20.631,1448,18,26064,NaN,20181,20181,2856,NaN,21,29,14,7,NaN,NaN,15487896,898152,15,53248,43520,NaN,NaN
2026-04-27 19:51:54.792,59504,ESTAB,bbr,224,23.402,2.934,20.631,1448,18,26064,NaN,20181,20181,2856,NaN,21,29,14,7,NaN,NaN,15487896,898152,15,53248,43520,NaN,NaN
2026-04-27 19:51:55.044,59504,ESTAB,bbr,224,23.402,2.934,20.631,1448,18,26064,NaN,20181,20181,2856,NaN,21,29,14,7,NaN,NaN,15487896,898152,15,53248,43520,NaN,NaN
2026-04-27 19:51:55.290,59504,ESTAB,bbr,224,23.402,2.934,20.631,1448,18,26064,NaN,20181,20181,2856,NaN,21,29,14,7,NaN,NaN,15487896,898152,15,53248,43520,NaN,NaN
2026-04-27 19:51:55.559,59504,ESTAB,bbr,224,23.402,2.934,20.631,1448,18,26064,NaN,20181,20181,2856,NaN,21,29,14,7,NaN,NaN,15487896,898152,15,53248,43520,NaN,NaN
2026-04-27 19:51:55.813,59504,ESTAB,bbr,224,23.402,2.934,20.631,1448,18,26064,NaN,20181,20181,2856,NaN,21,29,14,7,NaN,NaN,15487896,898152,15,53248,43520,NaN,NaN
2026-04-27 19:51:56.079,59504,ESTAB,bbr,224,23.402,2.934,20.631,1448,18,26064,NaN,20181,20181,2856,NaN,21,29,14,7,NaN,NaN,15487896,898152,15,53248,43520,NaN,NaN
2026-04-27 19:51:56.340,59504,ESTAB,bbr,224,23.402,2.934,20.631,1448,18,26064,NaN,20181,20181,2856,NaN,21,29,14,7,NaN,NaN,15487896,898152,15,53248,43520,NaN,NaN
2026-04-27 19:51:56.587,59504,ESTAB,bbr,224,23.402,2.934,20.631,1448,18,26064,NaN,20181,20181,2856,NaN,21,29,14,7,NaN,NaN,15487896,898152,15,53248,43520,NaN,NaN
2026-04-27 19:51:56.833,59504,ESTAB,bbr,224,23.402,2.934,20.631,1448,18,26064,NaN,20181,20181,2856,NaN,21,29,14,7,NaN,NaN,15487896,898152,15,53248,43520,NaN,NaN
2026-04-27 19:51:57.103,59504,ESTAB,bbr,224,23.402,2.934,20.631,1448,18,26064,NaN,20181,20181,2856,NaN,21,29,14,7,NaN,NaN,15487896,898152,15,53248,43520,NaN,NaN
2026-04-27 19:51:57.356,59504,ESTAB,bbr,224,23.402,2.934,20.631,1448,18,26064,NaN,20181,20181,2856,NaN,21,29,14,7,NaN,NaN,15487896,898152,15,53248,43520,NaN,NaN
2026-04-27 19:51:57.604,59504,ESTAB,bbr,224,23.402,2.934,20.631,1448,18,26064,NaN,20181,20181,2856,NaN,21,29,14,7,NaN,NaN,15487896,898152,15,53248,43520,NaN,NaN
2026-04-27 19:51:57.848,59504,ESTAB,bbr,224,23.402,2.934,20.631,1448,18,26064,NaN,20181,20181,2856,NaN,21,29,14,7,NaN,NaN,15487896,898152,15,53248,43520,NaN,NaN
2026-04-27 19:51:58.103,59504,ESTAB,bbr,224,23.402,2.934,20.631,1448,18,26064,NaN,20181,20181,2856,NaN,21,29,14,7,NaN,NaN,15487896,898152,15,53248,43520,NaN,NaN
2026-04-27 19:51:58.362,59504,ESTAB,bbr,224,23.402,2.934,20.631,1448,18,26064,NaN,20181,20181,2856,NaN,21,29,14,7,NaN,NaN,15487896,898152,15,53248,43520,NaN,NaN
2026-04-27 19:51:58.622,59504,ESTAB,bbr,224,23.402,2.934,20.631,1448,18,26064,NaN,20181,20181,2856,NaN,21,29,14,7,NaN,NaN,15487896,898152,15,53248,43520,NaN,NaN
2026-04-27 19:51:58.883,59504,ESTAB,bbr,224,23.402,2.934,20.631,1448,18,26064,NaN,20181,20181,2856,NaN,21,29,14,7,NaN,NaN,15487896,898152,15,53248,43520,NaN,NaN
2026-04-27 19:51:59.143,59504,ESTAB,bbr,224,23.402,2.934,20.631,1448,18,26064,NaN,20181,20181,2856,NaN,21,29,14,7,NaN,NaN,15487896,898152,15,53248,43520,NaN,NaN
2026-04-27 19:51:59.404,59504,ESTAB,bbr,224,23.402,2.934,20.631,1448,18,26064,NaN,20181,20181,2856,NaN,22,30,14,7,NaN,NaN,15487896,898152,15,53248,43520,NaN,NaN
2026-04-27 19:51:59.662,59504,ESTAB,bbr,224,23.402,2.934,20.631,1448,18,26064,NaN,20181,20181,2856,NaN,22,30,14,7,NaN,NaN,15487896,898152,15,53248,43520,NaN,NaN
2026-04-27 19:51:59.927,59504,ESTAB,bbr,224,23.402,2.934,20.631,1448,18,26064,NaN,20181,20181,2856,NaN,23,31,14,7,NaN,NaN,15487896,898152,15,53248,43520,NaN,NaN
2026-04-27 19:52:00.182,59504,ESTAB,bbr,224,23.402,2.934,20.631,1448,18,26064,NaN,20181,20181,2856,NaN,23,31,14,7,NaN,NaN,15487896,898152,15,53248,43520,NaN,NaN
2026-04-27 19:52:00.443,59504,ESTAB,bbr,224,23.402,2.934,20.631,1448,18,26064,NaN,20181,20181,2856,NaN,23,31,14,7,NaN,NaN,15487896,898152,15,53248,43520,NaN,NaN
2026-04-27 19:52:00.703,59504,ESTAB,bbr,224,23.402,2.934,20.631,1448,18,26064,NaN,20181,20181,2856,NaN,23,31,14,7,NaN,NaN,15487896,898152,15,53248,43520,NaN,NaN
2026-04-27 19:52:00.964,59504,ESTAB,bbr,224,23.402,2.934,20.631,1448,18,26064,NaN,20181,20181,2856,NaN,23,31,14,7,NaN,NaN,15487896,898152,15,53248,43520,NaN,NaN
2026-04-27 19:52:01.230,59504,ESTAB,bbr,224,23.402,2.934,20.631,1448,18,26064,NaN,20181,20181,2856,NaN,23,31,14,7,NaN,NaN,15487896,898152,15,53248,43520,NaN,NaN
2026-04-27 19:52:01.492,59504,ESTAB,bbr,224,23.402,2.934,20.631,1448,18,26064,NaN,20181,20181,2856,NaN,23,31,14,7,NaN,NaN,15487896,898152,15,53248,43520,NaN,NaN
2026-04-27 19:52:01.764,59504,ESTAB,bbr,224,23.402,2.934,20.631,1448,18,26064,NaN,20181,20181,2856,NaN,23,31,14,7,NaN,NaN,15487896,898152,15,53248,43520,NaN,NaN
2026-04-27 19:52:02.022,59504,ESTAB,bbr,224,23.402,2.934,20.631,1448,18,26064,NaN,20181,20181,2856,NaN,23,31,14,7,NaN,NaN,15487896,898152,15,53248,43520,NaN,NaN
2026-04-27 19:52:02.274,59504,ESTAB,bbr,224,23.402,2.934,20.631,1448,18,26064,NaN,20181,20181,2856,NaN,23,31,14,7,NaN,NaN,15487896,898152,15,53248,43520,NaN,NaN
2026-04-27 19:52:02.531,59504,ESTAB,bbr,224,23.402,2.934,20.631,1448,18,26064,NaN,20181,20181,2856,NaN,23,31,14,7,NaN,NaN,15487896,898152,15,53248,43520,NaN,NaN
2026-04-27 19:52:02.790,59504,ESTAB,bbr,224,23.402,2.934,20.631,1448,18,26064,NaN,20181,20181,2856,NaN,23,31,14,7,NaN,NaN,15487896,898152,15,53248,43520,NaN,NaN
2026-04-27 19:52:03.050,59504,ESTAB,bbr,224,23.402,2.934,20.631,1448,18,26064,NaN,20181,20181,2856,NaN,23,31,14,7,NaN,NaN,15487896,898152,15,53248,43520,NaN,NaN
2026-04-27 19:52:03.307,59504,ESTAB,bbr,224,23.402,2.934,20.631,1448,18,26064,NaN,20181,20181,2856,NaN,23,31,14,7,NaN,NaN,15487896,898152,15,53248,43520,NaN,NaN
2026-04-27 19:52:03.556,59504,ESTAB,bbr,224,23.402,2.934,20.631,1448,18,26064,NaN,20181,20181,2856,NaN,23,31,14,7,NaN,NaN,15487896,898152,15,53248,43520,NaN,NaN
2026-04-27 19:52:03.805,59504,ESTAB,bbr,224,23.402,2.934,20.631,1448,18,26064,NaN,20181,20181,2856,NaN,23,31,14,7,NaN,NaN,15487896,898152,15,53248,43520,NaN,NaN
2026-04-27 19:52:04.071,59504,ESTAB,bbr,224,23.402,2.934,20.631,1448,18,26064,NaN,20181,20181,2856,NaN,23,31,14,7,NaN,NaN,15487896,898152,15,53248,43520,NaN,NaN
2026-04-27 19:52:04.344,59504,ESTAB,bbr,224,23.402,2.934,20.631,1448,18,26064,NaN,20181,20181,2856,NaN,23,31,14,7,NaN,NaN,15487896,898152,15,53248,43520,NaN,NaN
2026-04-27 19:52:04.588,59504,ESTAB,bbr,224,23.402,2.934,20.631,1448,18,26064,NaN,20181,20181,2856,NaN,23,31,14,7,NaN,NaN,15487896,898152,15,53248,43520,NaN,NaN
2026-04-27 19:52:04.854,59504,ESTAB,bbr,224,23.402,2.934,20.631,1448,18,26064,NaN,20181,20181,2856,NaN,23,31,14,7,NaN,NaN,15487896,898152,15,53248,43520,NaN,NaN
2026-04-27 19:52:05.108,59504,ESTAB,bbr,224,23.402,2.934,20.631,1448,18,26064,NaN,20181,20181,2856,NaN,23,31,14,7,NaN,NaN,15487896,898152,15,53248,43520,NaN,NaN
2026-04-27 19:52:05.385,59504,ESTAB,bbr,224,23.402,2.934,20.631,1448,18,26064,NaN,20181,20181,2856,NaN,23,31,14,7,NaN,NaN,15487896,898152,15,53248,43520,NaN,NaN
2026-04-27 19:52:05.651,59504,ESTAB,bbr,224,23.402,2.934,20.631,1448,18,26064,NaN,20181,20181,2856,NaN,23,31,14,7,NaN,NaN,15487896,898152,15,53248,43520,NaN,NaN
2026-04-27 19:52:05.902,59504,ESTAB,bbr,224,23.402,2.934,20.631,1448,18,26064,NaN,20181,20181,2856,NaN,23,31,14,7,NaN,NaN,15487896,898152,15,53248,43520,NaN,NaN
2026-04-27 19:52:06.167,59504,ESTAB,bbr,224,23.402,2.934,20.631,1448,18,26064,NaN,20181,20181,2856,NaN,23,31,14,7,NaN,NaN,15487896,898152,15,53248,43520,NaN,NaN
2026-04-27 19:52:06.415,59504,ESTAB,bbr,224,23.402,2.934,20.631,1448,18,26064,NaN,20181,20181,2856,NaN,23,31,14,7,NaN,NaN,15487896,898152,15,53248,43520,NaN,NaN
2026-04-27 19:52:06.667,59504,ESTAB,bbr,224,23.402,2.934,20.631,1448,18,26064,NaN,20181,20181,2856,NaN,23,31,14,7,NaN,NaN,15487896,898152,15,53248,43520,NaN,NaN
2026-04-27 19:52:06.918,59504,ESTAB,bbr,224,23.402,2.934,20.631,1448,18,26064,NaN,20181,20181,2856,NaN,23,31,14,7,NaN,NaN,15487896,898152,15,53248,43520,NaN,NaN
2026-04-27 19:52:07.185,59504,ESTAB,bbr,224,23.402,2.934,20.631,1448,18,26064,NaN,20181,20181,2856,NaN,23,31,14,7,NaN,NaN,15487896,898152,15,53248,43520,NaN,NaN
2026-04-27 19:52:07.457,59504,ESTAB,bbr,224,23.402,2.934,20.631,1448,18,26064,NaN,20181,20181,2856,NaN,23,31,14,7,NaN,NaN,15487896,898152,15,53248,43520,NaN,NaN
2026-04-27 19:52:07.708,59504,ESTAB,bbr,224,23.402,2.934,20.631,1448,18,26064,NaN,20181,20181,2856,NaN,23,31,14,7,NaN,NaN,15487896,898152,15,53248,43520,NaN,NaN
2026-04-27 19:52:07.969,59504,ESTAB,bbr,224,23.402,2.934,20.631,1448,18,26064,NaN,20181,20181,2856,NaN,23,31,14,7,NaN,NaN,15487896,898152,15,53248,43520,NaN,NaN
2026-04-27 19:52:08.231,59504,ESTAB,bbr,224,23.402,2.934,20.631,1448,18,26064,NaN,20181,20181,2856,NaN,23,31,14,7,NaN,NaN,15487896,898152,15,53248,43520,NaN,NaN
2026-04-27 19:52:08.500,59504,ESTAB,bbr,224,23.402,2.934,20.631,1448,18,26064,NaN,20181,20181,2856,NaN,23,31,14,7,NaN,NaN,15487896,898152,15,53248,43520,NaN,NaN
2026-04-27 19:52:08.764,59504,ESTAB,bbr,224,23.402,2.934,20.631,1448,18,26064,NaN,20181,20181,2856,NaN,23,31,14,7,NaN,NaN,15487896,898152,15,53248,43520,NaN,NaN
2026-04-27 19:52:09.013,59504,ESTAB,bbr,224,23.402,2.934,20.631,1448,18,26064,NaN,20181,20181,2856,NaN,23,31,14,7,NaN,NaN,15487896,898152,15,53248,43520,NaN,NaN
2026-04-27 19:52:09.278,59504,ESTAB,bbr,224,23.402,2.934,20.631,1448,18,26064,NaN,20181,20181,2856,NaN,23,31,14,7,NaN,NaN,15487896,898152,15,53248,43520,NaN,NaN
2026-04-27 19:52:09.549,59504,ESTAB,bbr,224,23.402,2.934,20.631,1448,18,26064,NaN,20181,20181,2856,NaN,23,31,14,7,NaN,NaN,15487896,898152,15,53248,43520,NaN,NaN
2026-04-27 19:52:09.809,59504,ESTAB,bbr,224,23.402,2.934,20.631,1448,18,26064,NaN,20181,20181,2856,NaN,23,31,14,7,NaN,NaN,15487896,898152,15,53248,43520,NaN,NaN
2026-04-27 19:52:10.069,59504,ESTAB,bbr,224,23.402,2.934,20.631,1448,18,26064,NaN,20181,20181,2856,NaN,23,31,14,7,NaN,NaN,15487896,898152,15,53248,43520,NaN,NaN
2026-04-27 19:52:10.331,59504,ESTAB,bbr,224,23.402,2.934,20.631,1448,18,26064,NaN,20181,20181,2856,NaN,23,31,14,7,NaN,NaN,15487896,898152,15,53248,43520,NaN,NaN
2026-04-27 19:52:10.592,59504,ESTAB,bbr,224,23.402,2.934,20.631,1448,18,26064,NaN,20181,20181,2856,NaN,23,31,14,7,NaN,NaN,15487896,898152,15,53248,43520,NaN,NaN
2026-04-27 19:52:10.852,59504,ESTAB,bbr,224,23.402,2.934,20.631,1448,18,26064,NaN,20181,20181,2856,NaN,23,31,14,7,NaN,NaN,15487896,898152,15,53248,43520,NaN,NaN
2026-04-27 19:52:11.121,59504,ESTAB,bbr,224,23.402,2.934,20.631,1448,18,26064,NaN,20181,20181,2856,NaN,23,31,14,7,NaN,NaN,15487896,898152,15,53248,43520,NaN,NaN
2026-04-27 19:52:11.381,59504,ESTAB,bbr,224,23.402,2.934,20.631,1448,18,26064,NaN,20181,20181,2856,NaN,23,31,14,7,NaN,NaN,15487896,898152,15,53248,43520,NaN,NaN
2026-04-27 19:52:11.654,59504,ESTAB,bbr,224,23.402,2.934,20.631,1448,18,26064,NaN,20181,20181,2856,NaN,23,31,14,7,NaN,NaN,15487896,898152,15,53248,43520,NaN,NaN
2026-04-27 19:52:11.912,59504,ESTAB,bbr,224,23.402,2.934,20.631,1448,18,26064,NaN,20181,20181,2856,NaN,23,31,14,7,NaN,NaN,15487896,898152,15,53248,43520,NaN,NaN
2026-04-27 19:52:12.174,59504,ESTAB,bbr,224,23.402,2.934,20.631,1448,18,26064,NaN,20181,20181,2856,NaN,23,31,14,7,NaN,NaN,15487896,898152,15,53248,43520,NaN,NaN
2026-04-27 19:52:12.430,59504,ESTAB,bbr,224,23.402,2.934,20.631,1448,18,26064,NaN,20181,20181,2856,NaN,23,31,14,7,NaN,NaN,15487896,898152,15,53248,43520,NaN,NaN
2026-04-27 19:52:12.686,59504,ESTAB,bbr,224,23.402,2.934,20.631,1448,18,26064,NaN,20181,20181,2856,NaN,23,31,14,7,NaN,NaN,15487896,898152,15,53248,43520,NaN,NaN
2026-04-27 19:52:12.945,59504,ESTAB,bbr,224,23.402,2.934,20.631,1448,18,26064,NaN,20181,20181,2856,NaN,23,31,14,7,NaN,NaN,15487896,898152,15,53248,43520,NaN,NaN
2026-04-27 19:52:13.211,59504,ESTAB,bbr,224,23.402,2.934,20.631,1448,18,26064,NaN,20181,20181,2856,NaN,23,31,14,7,NaN,NaN,15487896,898152,15,53248,43520,NaN,NaN
2026-04-27 19:52:13.469,59504,ESTAB,bbr,224,23.402,2.934,20.631,1448,18,26064,NaN,20181,20181,2856,NaN,23,31,14,7,NaN,NaN,15487896,898152,15,53248,43520,NaN,NaN
2026-04-27 19:52:13.730,59504,ESTAB,bbr,224,23.402,2.934,20.631,1448,18,26064,NaN,20181,20181,2856,NaN,23,31,14,7,NaN,NaN,15487896,898152,15,53248,43520,NaN,NaN
2026-04-27 19:52:13.995,59504,ESTAB,bbr,224,23.402,2.934,20.631,1448,18,26064,NaN,20181,20181,2856,NaN,23,31,14,7,NaN,NaN,15487896,898152,15,53248,43520,NaN,NaN
2026-04-27 19:52:14.263,59504,ESTAB,bbr,224,23.402,2.934,20.631,1448,18,26064,NaN,20181,20181,2856,NaN,23,31,14,7,NaN,NaN,15487896,898152,15,53248,43520,NaN,NaN
2026-04-27 19:52:14.524,59504,ESTAB,bbr,224,23.402,2.934,20.631,1448,18,26064,NaN,20181,20181,2856,NaN,23,31,14,7,NaN,NaN,15487896,898152,15,53248,43520,NaN,NaN
2026-04-27 19:52:14.783,59504,ESTAB,bbr,224,23.402,2.934,20.631,1448,18,26064,NaN,20181,20181,2856,NaN,24,31,14,7,NaN,NaN,15487896,898152,15,53248,43520,NaN,NaN
2026-04-27 19:52:15.020,59504,ESTAB,bbr,224,23.402,2.934,20.631,1448,18,26064,NaN,20181,20181,2856,NaN,24,32,14,7,NaN,NaN,15487896,898152,15,53248,43520,NaN,NaN
2026-04-27 19:52:15.278,59504,ESTAB,bbr,224,23.402,2.934,20.631,1448,18,26064,NaN,20181,20181,2856,NaN,24,32,14,7,NaN,NaN,15487896,898152,15,53248,43520,NaN,NaN
2026-04-27 19:52:15.540,59504,ESTAB,bbr,224,23.402,2.934,20.631,1448,18,26064,NaN,20181,20181,2856,NaN,24,32,14,7,NaN,NaN,15487896,898152,15,53248,43520,NaN,NaN
2026-04-27 19:52:15.790,59504,ESTAB,bbr,224,23.402,2.934,20.631,1448,18,26064,NaN,20181,20181,2856,NaN,24,32,14,7,NaN,NaN,15487896,898152,15,53248,43520,NaN,NaN
2026-04-27 19:52:16.056,59504,ESTAB,bbr,224,23.402,2.934,20.631,1448,18,26064,NaN,20181,20181,2856,NaN,24,32,14,7,NaN,NaN,15487896,898152,15,53248,43520,NaN,NaN
2026-04-27 19:52:16.305,59504,ESTAB,bbr,224,23.402,2.934,20.631,1448,18,26064,NaN,20181,20181,2856,NaN,24,32,14,7,NaN,NaN,15487896,898152,15,53248,43520,NaN,NaN
2026-04-27 19:52:16.566,59504,ESTAB,bbr,224,23.402,2.934,20.631,1448,18,26064,NaN,20181,20181,2856,NaN,24,32,14,7,NaN,NaN,15487896,898152,15,53248,43520,NaN,NaN
2026-04-27 19:52:16.827,59504,ESTAB,bbr,224,23.402,2.934,20.631,1448,18,26064,NaN,20181,20181,2856,NaN,24,32,14,7,NaN,NaN,15487896,898152,15,53248,43520,NaN,NaN
2026-04-27 19:52:17.098,59504,ESTAB,bbr,224,23.402,2.934,20.631,1448,18,26064,NaN,20181,20181,2856,NaN,24,32,14,7,NaN,NaN,15487896,898152,15,53248,43520,NaN,NaN
2026-04-27 19:52:17.365,59504,ESTAB,bbr,224,23.402,2.934,20.631,1448,18,26064,NaN,20181,20181,2856,NaN,24,32,14,7,NaN,NaN,15487896,898152,15,53248,43520,NaN,NaN
2026-04-27 19:52:17.627,59504,ESTAB,bbr,224,23.402,2.934,20.631,1448,18,26064,NaN,20181,20181,2856,NaN,24,32,14,7,NaN,NaN,15487896,898152,15,53248,43520,NaN,NaN
2026-04-27 19:52:17.884,59504,ESTAB,bbr,224,23.402,2.934,20.631,1448,18,26064,NaN,20181,20181,2856,NaN,24,32,14,7,NaN,NaN,15487896,898152,15,53248,43520,NaN,NaN
2026-04-27 19:52:18.145,59504,ESTAB,bbr,224,23.402,2.934,20.631,1448,18,26064,NaN,20181,20181,2856,NaN,24,32,14,7,NaN,NaN,15487896,898152,15,53248,43520,NaN,NaN
2026-04-27 19:52:18.406,59504,ESTAB,bbr,224,23.402,2.934,20.631,1448,18,26064,NaN,20181,20181,2856,NaN,24,32,14,7,NaN,NaN,15487896,898152,15,53248,43520,NaN,NaN
2026-04-27 19:52:18.662,59504,ESTAB,bbr,224,23.402,2.934,20.631,1448,18,26064,NaN,20181,20181,2856,NaN,24,32,14,7,NaN,NaN,15487896,898152,15,53248,43520,NaN,NaN
2026-04-27 19:52:18.911,59504,ESTAB,bbr,224,23.402,2.934,20.631,1448,18,26064,NaN,20181,20181,2856,NaN,24,32,14,7,NaN,NaN,15487896,898152,15,53248,43520,NaN,NaN
2026-04-27 19:52:19.157,59504,ESTAB,bbr,224,23.402,2.934,20.631,1448,18,26064,NaN,20181,20181,2856,NaN,24,32,14,7,NaN,NaN,15487896,898152,15,53248,43520,NaN,NaN
2026-04-27 19:52:19.417,59504,ESTAB,bbr,224,23.402,2.934,20.631,1448,18,26064,NaN,20181,20181,2856,NaN,24,32,14,7,NaN,NaN,15487896,898152,15,53248,43520,NaN,NaN
2026-04-27 19:52:19.673,59504,ESTAB,bbr,224,23.402,2.934,20.631,1448,18,26064,NaN,20181,20181,2856,NaN,24,32,14,7,NaN,NaN,15487896,898152,15,53248,43520,NaN,NaN
2026-04-27 19:52:19.912,59504,ESTAB,bbr,224,23.402,2.934,20.631,1448,18,26064,NaN,20181,20181,2856,NaN,24,32,14,7,NaN,NaN,15487896,898152,15,53248,43520,NaN,NaN
2026-04-27 19:52:20.146,59504,ESTAB,bbr,224,23.402,2.934,20.631,1448,18,26064,NaN,20181,20181,2856,NaN,24,32,14,7,NaN,NaN,15487896,898152,15,53248,43520,NaN,NaN
2026-04-27 19:52:20.398,59504,ESTAB,bbr,224,23.402,2.934,20.631,1448,18,26064,NaN,20181,20181,2856,NaN,24,32,14,7,NaN,NaN,15487896,898152,15,53248,43520,NaN,NaN
2026-04-27 19:52:20.658,59504,ESTAB,bbr,224,23.402,2.934,20.631,1448,18,26064,NaN,20181,20181,2856,NaN,24,32,14,7,NaN,NaN,15487896,898152,15,53248,43520,NaN,NaN
2026-04-27 19:52:20.928,59504,ESTAB,bbr,224,23.402,2.934,20.631,1448,18,26064,NaN,20181,20181,2856,NaN,24,32,14,7,NaN,NaN,15487896,898152,15,53248,43520,NaN,NaN
2026-04-27 19:52:21.184,59504,ESTAB,bbr,224,23.402,2.934,20.631,1448,18,26064,NaN,20181,20181,2856,NaN,24,32,14,7,NaN,NaN,15487896,898152,15,53248,43520,NaN,NaN
2026-04-27 19:52:21.433,59504,ESTAB,bbr,224,23.402,2.934,20.631,1448,18,26064,NaN,20181,20181,2856,NaN,24,32,14,7,NaN,NaN,15487896,898152,15,53248,43520,NaN,NaN
2026-04-27 19:52:21.689,59504,ESTAB,bbr,224,23.402,2.934,20.631,1448,18,26064,NaN,20181,20181,2856,NaN,24,32,14,7,NaN,NaN,15487896,898152,15,53248,43520,NaN,NaN
2026-04-27 19:52:21.947,59504,ESTAB,bbr,224,23.402,2.934,20.631,1448,18,26064,NaN,20181,20181,2856,NaN,24,32,14,7,NaN,NaN,15487896,898152,15,53248,43520,NaN,NaN
2026-04-27 19:52:22.211,59504,ESTAB,bbr,224,23.402,2.934,20.631,1448,18,26064,NaN,20181,20181,2856,NaN,24,32,14,7,NaN,NaN,15487896,898152,15,53248,43520,NaN,NaN
2026-04-27 19:52:22.475,59504,ESTAB,bbr,224,23.402,2.934,20.631,1448,18,26064,NaN,20181,20181,2856,NaN,24,32,14,7,NaN,NaN,15487896,898152,15,53248,43520,NaN,NaN
2026-04-27 19:52:22.732,59504,ESTAB,bbr,224,23.402,2.934,20.631,1448,18,26064,NaN,20181,20181,2856,NaN,24,32,14,7,NaN,NaN,15487896,898152,15,53248,43520,NaN,NaN
2026-04-27 19:52:22.983,59504,ESTAB,bbr,224,23.402,2.934,20.631,1448,18,26064,NaN,20181,20181,2856,NaN,24,32,14,7,NaN,NaN,15487896,898152,15,53248,43520,NaN,NaN
2026-04-27 19:52:23.245,59504,ESTAB,bbr,224,23.402,2.934,20.631,1448,18,26064,NaN,20181,20181,2856,NaN,24,32,14,7,NaN,NaN,15487896,898152,15,53248,43520,NaN,NaN
2026-04-27 19:52:23.513,59504,ESTAB,bbr,224,23.402,2.934,20.631,1448,18,26064,NaN,20181,20181,2856,NaN,24,32,14,7,NaN,NaN,15487896,898152,15,53248,43520,NaN,NaN
2026-04-27 19:52:23.768,59504,ESTAB,bbr,224,23.402,2.934,20.631,1448,18,26064,NaN,20181,20181,2856,NaN,24,32,14,7,NaN,NaN,15487896,898152,15,53248,43520,NaN,NaN
2026-04-27 19:52:24.028,59504,ESTAB,bbr,224,23.402,2.934,20.631,1448,18,26064,NaN,20181,20181,2856,NaN,24,32,14,7,NaN,NaN,15487896,898152,15,53248,43520,NaN,NaN
2026-04-27 19:52:24.285,59504,ESTAB,bbr,224,23.402,2.934,20.631,1448,18,26064,NaN,20181,20181,2856,NaN,24,32,14,7,NaN,NaN,15487896,898152,15,53248,43520,NaN,NaN
2026-04-27 19:52:24.564,59504,ESTAB,bbr,224,23.402,2.934,20.631,1448,18,26064,NaN,20181,20181,2856,NaN,24,32,14,7,NaN,NaN,15487896,898152,15,53248,43520,NaN,NaN
2026-04-27 19:52:24.816,59504,ESTAB,bbr,224,23.402,2.934,20.631,1448,18,26064,NaN,20181,20181,2856,NaN,24,32,14,7,NaN,NaN,15487896,898152,15,53248,43520,NaN,NaN
2026-04-27 19:52:25.072,59504,ESTAB,bbr,224,23.402,2.934,20.631,1448,18,26064,NaN,20181,20181,2856,NaN,24,32,14,7,NaN,NaN,15487896,898152,15,53248,43520,NaN,NaN
2026-04-27 19:52:25.335,59504,ESTAB,bbr,224,23.402,2.934,20.631,1448,18,26064,NaN,20181,20181,2856,NaN,24,32,14,7,NaN,NaN,15487896,898152,15,53248,43520,NaN,NaN
2026-04-27 19:52:25.592,59504,ESTAB,bbr,224,23.402,2.934,20.631,1448,18,26064,NaN,20181,20181,2856,NaN,24,32,14,7,NaN,NaN,15487896,898152,15,53248,43520,NaN,NaN
2026-04-27 19:52:25.850,59504,ESTAB,bbr,224,23.402,2.934,20.631,1448,18,26064,NaN,20181,20181,2856,NaN,24,32,14,7,NaN,NaN,15487896,898152,15,53248,43520,NaN,NaN
2026-04-27 19:52:26.114,59504,ESTAB,bbr,224,23.402,2.934,20.631,1448,18,26064,NaN,20181,20181,2856,NaN,24,32,14,7,NaN,NaN,15487896,898152,15,53248,43520,NaN,NaN
2026-04-27 19:52:26.364,59504,ESTAB,bbr,224,23.402,2.934,20.631,1448,18,26064,NaN,20181,20181,2856,NaN,24,32,14,7,NaN,NaN,15487896,898152,15,53248,43520,NaN,NaN
2026-04-27 19:52:26.601,59504,ESTAB,bbr,224,23.402,2.934,20.631,1448,18,26064,NaN,20181,20181,2856,NaN,24,32,14,7,NaN,NaN,15487896,898152,15,53248,43520,NaN,NaN
2026-04-27 19:52:26.847,59504,ESTAB,bbr,224,23.402,2.934,20.631,1448,18,26064,NaN,20181,20181,2856,NaN,24,32,14,7,NaN,NaN,15487896,898152,15,53248,43520,NaN,NaN
2026-04-27 19:52:27.118,59504,ESTAB,bbr,224,23.402,2.934,20.631,1448,18,26064,NaN,20181,20181,2856,NaN,24,32,14,7,NaN,NaN,15487896,898152,15,53248,43520,NaN,NaN
2026-04-27 19:52:27.379,59504,ESTAB,bbr,224,23.402,2.934,20.631,1448,18,26064,NaN,20181,20181,2856,NaN,24,32,14,7,NaN,NaN,15487896,898152,15,53248,43520,NaN,NaN
2026-04-27 19:52:27.632,59504,ESTAB,bbr,224,23.402,2.934,20.631,1448,18,26064,NaN,20181,20181,2856,NaN,24,32,14,7,NaN,NaN,15487896,898152,15,53248,43520,NaN,NaN
2026-04-27 19:52:27.892,59504,ESTAB,bbr,224,23.402,2.934,20.631,1448,18,26064,NaN,20181,20181,2856,NaN,24,32,14,7,NaN,NaN,15487896,898152,15,53248,43520,NaN,NaN
2026-04-27 19:52:28.138,59504,ESTAB,bbr,224,23.402,2.934,20.631,1448,18,26064,NaN,20181,20181,2856,NaN,24,32,14,7,NaN,NaN,15487896,898152,15,53248,43520,NaN,NaN
2026-04-27 19:52:28.381,59504,ESTAB,bbr,224,23.402,2.934,20.631,1448,18,26064,NaN,20181,20181,2856,NaN,24,32,14,7,NaN,NaN,15487896,898152,15,53248,43520,NaN,NaN
2026-04-27 19:52:28.633,59504,ESTAB,bbr,224,23.402,2.934,20.631,1448,18,26064,NaN,20181,20181,2856,NaN,24,32,14,7,NaN,NaN,15487896,898152,15,53248,43520,NaN,NaN
2026-04-27 19:52:28.894,59504,ESTAB,bbr,224,23.402,2.934,20.631,1448,18,26064,NaN,20181,20181,2856,NaN,24,32,14,7,NaN,NaN,15487896,898152,15,53248,43520,NaN,NaN
2026-04-27 19:52:29.162,59504,ESTAB,bbr,224,23.402,2.934,20.631,1448,18,26064,NaN,20181,20181,2856,NaN,24,32,14,7,NaN,NaN,15487896,898152,15,53248,43520,NaN,NaN
2026-04-27 19:52:29.442,59504,ESTAB,bbr,224,23.402,2.934,20.631,1448,18,26064,NaN,20181,20181,2856,NaN,24,32,14,7,NaN,NaN,15487896,898152,15,53248,43520,NaN,NaN
2026-04-27 19:52:29.705,59504,ESTAB,bbr,224,23.402,2.934,20.631,1448,18,26064,NaN,20181,20181,2856,NaN,24,32,14,7,NaN,NaN,15487896,898152,15,53248,43520,NaN,NaN
2026-04-27 19:52:29.967,59504,ESTAB,bbr,224,23.402,2.934,20.631,1448,18,26064,NaN,20181,20181,2856,NaN,25,33,14,7,NaN,NaN,15487896,898152,15,53248,43520,NaN,NaN
2026-04-27 19:52:30.233,59504,ESTAB,bbr,224,23.402,2.934,20.631,1448,18,26064,NaN,20181,20181,2856,NaN,25,33,14,7,NaN,NaN,15487896,898152,15,53248,43520,NaN,NaN
2026-04-27 19:52:30.493,59504,ESTAB,bbr,224,23.402,2.934,20.631,1448,18,26064,NaN,20181,20181,2856,NaN,25,33,14,7,NaN,NaN,15487896,898152,15,53248,43520,NaN,NaN
2026-04-27 19:52:30.749,59504,ESTAB,bbr,224,23.402,2.934,20.631,1448,18,26064,NaN,20181,20181,2856,NaN,25,33,14,7,NaN,NaN,15487896,898152,15,53248,43520,NaN,NaN
2026-04-27 19:52:31.000,59504,ESTAB,bbr,224,23.402,2.934,20.631,1448,18,26064,NaN,20181,20181,2856,NaN,25,33,14,7,NaN,NaN,15487896,898152,15,53248,43520,NaN,NaN
2026-04-27 19:52:31.260,59504,ESTAB,bbr,224,23.402,2.934,20.631,1448,18,26064,NaN,20181,20181,2856,NaN,25,33,14,7,NaN,NaN,15487896,898152,15,53248,43520,NaN,NaN
2026-04-27 19:52:31.518,59504,ESTAB,bbr,224,23.402,2.934,20.631,1448,18,26064,NaN,20181,20181,2856,NaN,25,33,14,7,NaN,NaN,15487896,898152,15,53248,43520,NaN,NaN
2026-04-27 19:52:31.782,59504,ESTAB,bbr,224,23.402,2.934,20.631,1448,18,26064,NaN,20181,20181,2856,NaN,25,33,14,7,NaN,NaN,15487896,898152,15,53248,43520,NaN,NaN
2026-04-27 19:52:32.033,59504,ESTAB,bbr,224,23.402,2.934,20.631,1448,18,26064,NaN,20181,20181,2856,NaN,25,33,14,7,NaN,NaN,15487896,898152,15,53248,43520,NaN,NaN
2026-04-27 19:52:32.310,59504,ESTAB,bbr,224,23.402,2.934,20.631,1448,18,26064,NaN,20181,20181,2856,NaN,25,33,14,7,NaN,NaN,15487896,898152,15,53248,43520,NaN,NaN
2026-04-27 19:52:32.570,59504,ESTAB,bbr,224,23.402,2.934,20.631,1448,18,26064,NaN,20181,20181,2856,NaN,25,33,14,7,NaN,NaN,15487896,898152,15,53248,43520,NaN,NaN
2026-04-27 19:52:32.811,59504,ESTAB,bbr,224,23.402,2.934,20.631,1448,18,26064,NaN,20181,20181,2856,NaN,25,33,14,7,NaN,NaN,15487896,898152,15,53248,43520,NaN,NaN
2026-04-27 19:52:33.071,59504,ESTAB,bbr,224,23.402,2.934,20.631,1448,18,26064,NaN,23064,20181,3264,NaN,27,34,16,8,NaN,NaN,15487896,898152,15,53248,43520,2,NaN
2026-04-27 19:52:33.327,59504,ESTAB,bbr,224,23.453,2.862,20.631,1448,18,26064,NaN,23064,23064,3264,NaN,27,36,16,8,NaN,NaN,15487896,898152,17,53248,43520,NaN,NaN
2026-04-27 19:52:33.570,59504,ESTAB,bbr,224,23.453,2.862,20.631,1448,18,26064,NaN,23064,23064,3264,NaN,27,36,16,8,NaN,NaN,15487896,898152,17,53248,43520,NaN,NaN
2026-04-27 19:52:33.811,59504,ESTAB,bbr,224,23.453,2.862,20.631,1448,18,26064,NaN,23064,23064,3264,NaN,27,36,16,8,NaN,NaN,15487896,898152,17,53248,43520,NaN,NaN
2026-04-27 19:52:34.060,59504,ESTAB,bbr,224,23.453,2.862,20.631,1448,18,26064,NaN,23064,23064,3264,NaN,27,36,16,8,NaN,NaN,15487896,898152,17,53248,43520,NaN,NaN
2026-04-27 19:52:34.309,59504,ESTAB,bbr,224,23.453,2.862,20.631,1448,18,26064,NaN,23064,23064,3264,NaN,27,36,16,8,NaN,NaN,15487896,898152,17,53248,43520,NaN,NaN
2026-04-27 19:52:34.562,59504,ESTAB,bbr,224,23.453,2.862,20.631,1448,18,26064,NaN,23064,23064,3264,NaN,27,36,16,8,NaN,NaN,15487896,898152,17,53248,43520,NaN,NaN
2026-04-27 19:52:34.812,59504,ESTAB,bbr,224,23.453,2.862,20.631,1448,18,26064,NaN,23064,23064,3264,NaN,27,36,16,8,NaN,NaN,15487896,898152,17,53248,43520,NaN,NaN
2026-04-27 19:52:35.077,59504,ESTAB,bbr,224,23.453,2.862,20.631,1448,18,26064,NaN,23064,23064,3264,NaN,27,36,16,8,NaN,NaN,15487896,898152,17,53248,43520,NaN,NaN
2026-04-27 19:52:35.338,59504,ESTAB,bbr,224,23.566,2.833,20.631,1448,18,26064,NaN,25947,25947,3672,NaN,29,39,18,9,NaN,NaN,15487896,898152,19,53248,43520,NaN,NaN
2026-04-27 19:52:35.572,59504,ESTAB,bbr,224,23.566,2.833,20.631,1448,18,26064,NaN,25947,25947,3672,NaN,29,39,18,9,NaN,NaN,15487896,898152,19,53248,43520,NaN,NaN
2026-04-27 19:52:35.813,59504,ESTAB,bbr,224,23.566,2.833,20.631,1448,18,26064,NaN,25947,25947,3672,NaN,29,39,18,9,NaN,NaN,15487896,898152,19,53248,43520,NaN,NaN
2026-04-27 19:52:36.052,59504,ESTAB,bbr,224,23.566,2.833,20.631,1448,18,26064,NaN,25947,25947,3672,NaN,29,39,18,9,NaN,NaN,15487896,898152,19,53248,43520,NaN,NaN
2026-04-27 19:52:36.313,59504,ESTAB,bbr,224,23.566,2.833,20.631,1448,18,26064,NaN,25947,25947,3672,NaN,29,39,18,9,NaN,NaN,15487896,898152,19,53248,43520,NaN,NaN
2026-04-27 19:52:36.570,59504,ESTAB,bbr,224,23.566,2.833,20.631,1448,18,26064,NaN,25947,25947,3672,NaN,29,39,18,9,NaN,NaN,15487896,898152,19,53248,43520,NaN,NaN
2026-04-27 19:52:36.808,59504,ESTAB,bbr,224,23.566,2.833,20.631,1448,18,26064,NaN,25947,25947,3672,NaN,29,39,18,9,NaN,NaN,15487896,898152,19,53248,43520,NaN,NaN
2026-04-27 19:52:37.069,59504,ESTAB,bbr,224,23.566,2.833,20.631,1448,18,26064,NaN,25947,25947,3672,NaN,29,39,18,9,NaN,NaN,15487896,898152,19,53248,43520,NaN,NaN
2026-04-27 19:52:37.328,59504,ESTAB,bbr,224,23.566,2.833,20.631,1448,18,26064,NaN,25947,25947,3672,NaN,29,39,18,9,NaN,NaN,15487896,898152,19,53248,43520,NaN,NaN
2026-04-27 19:52:37.584,59504,ESTAB,bbr,224,23.566,2.833,20.631,1448,18,26064,NaN,25947,25947,3672,NaN,29,39,18,9,NaN,NaN,15487896,898152,19,53248,43520,NaN,NaN
2026-04-27 19:52:37.836,59504,ESTAB,bbr,224,23.566,2.833,20.631,1448,18,26064,NaN,25947,25947,3672,NaN,29,39,18,9,NaN,NaN,15487896,898152,19,53248,43520,NaN,NaN
2026-04-27 19:52:38.093,59504,ESTAB,bbr,224,23.566,2.833,20.631,1448,18,26064,NaN,25947,25947,3672,NaN,29,39,18,9,NaN,NaN,15487896,898152,19,53248,43520,NaN,NaN
2026-04-27 19:52:38.360,59504,ESTAB,bbr,224,23.566,2.833,20.631,1448,18,26064,NaN,25947,25947,3672,NaN,29,39,18,9,NaN,NaN,15487896,898152,19,53248,43520,NaN,NaN
2026-04-27 19:52:38.624,59504,ESTAB,bbr,224,23.566,2.833,20.631,1448,18,26064,NaN,25947,25947,3672,NaN,29,39,18,9,NaN,NaN,15487896,898152,19,53248,43520,NaN,NaN
2026-04-27 19:52:38.878,59504,ESTAB,bbr,224,23.566,2.833,20.631,1448,18,26064,NaN,25947,25947,3672,NaN,29,39,18,9,NaN,NaN,15487896,898152,19,53248,43520,NaN,NaN
2026-04-27 19:52:39.118,59504,ESTAB,bbr,224,23.566,2.833,20.631,1448,18,26064,NaN,25947,25947,3672,NaN,29,39,18,9,NaN,NaN,15487896,898152,19,53248,43520,NaN,NaN
2026-04-27 19:52:39.366,59504,ESTAB,bbr,224,23.566,2.833,20.631,1448,18,26064,NaN,25947,25947,3672,NaN,29,39,18,9,NaN,NaN,15487896,898152,19,53248,43520,NaN,NaN
2026-04-27 19:52:39.618,59504,ESTAB,bbr,224,23.566,2.833,20.631,1448,18,26064,NaN,25947,25947,3672,NaN,29,39,18,9,NaN,NaN,15487896,898152,19,53248,43520,NaN,NaN
2026-04-27 19:52:39.863,59504,ESTAB,bbr,224,23.566,2.833,20.631,1448,18,26064,NaN,25947,25947,3672,NaN,29,39,18,9,NaN,NaN,15487896,898152,19,53248,43520,NaN,NaN
2026-04-27 19:52:40.122,59504,ESTAB,bbr,224,23.566,2.833,20.631,1448,18,26064,NaN,25947,25947,3672,NaN,29,39,18,9,NaN,NaN,15487896,898152,19,53248,43520,NaN,NaN
2026-04-27 19:52:40.394,59504,ESTAB,bbr,224,23.566,2.833,20.631,1448,18,26064,NaN,25947,25947,3672,NaN,29,39,18,9,NaN,NaN,15487896,898152,19,53248,43520,NaN,NaN
2026-04-27 19:52:40.650,59504,ESTAB,bbr,224,23.566,2.833,20.631,1448,18,26064,NaN,25947,25947,3672,NaN,29,39,18,9,NaN,NaN,15487896,898152,19,53248,43520,NaN,NaN
2026-04-27 19:52:40.907,59504,ESTAB,bbr,224,23.566,2.833,20.631,1448,18,26064,NaN,25947,25947,3672,NaN,29,39,18,9,NaN,NaN,15487896,898152,19,53248,43520,NaN,NaN
2026-04-27 19:52:41.169,59504,ESTAB,bbr,224,23.566,2.833,20.631,1448,18,26064,NaN,25947,25947,3672,NaN,29,39,18,9,NaN,NaN,15487896,898152,19,53248,43520,NaN,NaN
2026-04-27 19:52:41.417,59504,ESTAB,bbr,224,23.566,2.833,20.631,1448,18,26064,NaN,25947,25947,3672,NaN,29,39,18,9,NaN,NaN,15487896,898152,19,53248,43520,NaN,NaN
2026-04-27 19:52:41.673,59504,ESTAB,bbr,224,23.566,2.833,20.631,1448,18,26064,NaN,25947,25947,3672,NaN,29,39,18,9,NaN,NaN,15487896,898152,19,53248,43520,NaN,NaN
2026-04-27 19:52:41.925,59504,ESTAB,bbr,224,23.566,2.833,20.631,1448,18,26064,NaN,25947,25947,3672,NaN,29,39,18,9,NaN,NaN,15487896,898152,19,53248,43520,NaN,NaN
2026-04-27 19:52:42.191,59504,ESTAB,bbr,224,23.566,2.833,20.631,1448,18,26064,NaN,25947,25947,3672,NaN,29,39,18,9,NaN,NaN,15487896,898152,19,53248,43520,NaN,NaN
2026-04-27 19:52:42.457,59504,ESTAB,bbr,224,23.566,2.833,20.631,1448,18,26064,NaN,25947,25947,3672,NaN,29,39,18,9,NaN,NaN,15487896,898152,19,53248,43520,NaN,NaN
2026-04-27 19:52:42.712,59504,ESTAB,bbr,224,23.566,2.833,20.631,1448,18,26064,NaN,25947,25947,3672,NaN,29,39,18,9,NaN,NaN,15487896,898152,19,53248,43520,NaN,NaN
2026-04-27 19:52:42.950,59504,ESTAB,bbr,224,23.566,2.833,20.631,1448,18,26064,NaN,25947,25947,3672,NaN,29,39,18,9,NaN,NaN,15487896,898152,19,53248,43520,NaN,NaN
2026-04-27 19:52:43.195,59504,ESTAB,bbr,224,23.566,2.833,20.631,1448,18,26064,NaN,25947,25947,3672,NaN,29,39,18,9,NaN,NaN,15487896,898152,19,53248,43520,NaN,NaN
2026-04-27 19:52:43.416,59504,ESTAB,bbr,224,23.566,2.833,20.631,1448,18,26064,NaN,25947,25947,3672,NaN,29,39,18,9,NaN,NaN,15487896,898152,19,53248,43520,NaN,NaN
2026-04-27 19:52:43.644,59504,ESTAB,bbr,224,23.566,2.833,20.631,1448,18,26064,NaN,25947,25947,3672,NaN,29,39,18,9,NaN,NaN,15487896,898152,19,53248,43520,NaN,NaN
2026-04-27 19:52:43.886,59504,ESTAB,bbr,224,23.566,2.833,20.631,1448,18,26064,NaN,25947,25947,3672,NaN,29,39,18,9,NaN,NaN,15487896,898152,19,53248,43520,NaN,NaN
2026-04-27 19:52:44.157,59504,ESTAB,bbr,224,23.566,2.833,20.631,1448,18,26064,NaN,25947,25947,3672,NaN,29,39,18,9,NaN,NaN,15487896,898152,19,53248,43520,NaN,NaN
2026-04-27 19:52:44.415,59504,ESTAB,bbr,224,23.566,2.833,20.631,1448,18,26064,NaN,25947,25947,3672,NaN,29,39,18,9,NaN,NaN,15487896,898152,19,53248,43520,NaN,NaN
2026-04-27 19:52:44.671,59504,ESTAB,bbr,224,23.566,2.833,20.631,1448,18,26064,NaN,25947,25947,3672,NaN,29,39,18,9,NaN,NaN,15487896,898152,19,53248,43520,NaN,NaN
2026-04-27 19:52:44.941,59504,ESTAB,bbr,224,23.566,2.833,20.631,1448,18,26064,NaN,25947,25947,3672,NaN,29,39,18,9,NaN,NaN,15487896,898152,19,53248,43520,NaN,NaN
2026-04-27 19:52:45.200,59504,ESTAB,bbr,224,23.566,2.833,20.631,1448,18,26064,NaN,25947,25947,3672,NaN,29,39,18,9,NaN,NaN,15487896,898152,19,53248,43520,NaN,NaN
2026-04-27 19:52:45.438,59504,ESTAB,bbr,224,23.566,2.833,20.631,1448,18,26064,NaN,25947,25947,3672,NaN,29,39,18,9,NaN,NaN,15487896,898152,19,53248,43520,NaN,NaN
2026-04-27 19:52:45.683,59504,ESTAB,bbr,224,23.566,2.833,20.631,1448,18,26064,NaN,25947,25947,3672,NaN,29,39,18,9,NaN,NaN,15487896,898152,19,53248,43520,NaN,NaN
2026-04-27 19:52:45.945,59504,ESTAB,bbr,224,23.566,2.833,20.631,1448,18,26064,NaN,25947,25947,3672,NaN,29,39,18,9,NaN,NaN,15487896,898152,19,53248,43520,NaN,NaN
2026-04-27 19:52:46.195,59504,ESTAB,bbr,224,23.566,2.833,20.631,1448,18,26064,NaN,25947,25947,3672,NaN,29,39,18,9,NaN,NaN,15487896,898152,19,53248,43520,NaN,NaN
2026-04-27 19:52:46.450,59504,ESTAB,bbr,224,23.566,2.833,20.631,1448,18,26064,NaN,25947,25947,3672,NaN,29,39,18,9,NaN,NaN,15487896,898152,19,53248,43520,NaN,NaN
2026-04-27 19:52:46.704,59504,ESTAB,bbr,224,23.566,2.833,20.631,1448,18,26064,NaN,25947,25947,3672,NaN,29,39,18,9,NaN,NaN,15487896,898152,19,53248,43520,NaN,NaN
2026-04-27 19:52:46.965,59504,ESTAB,bbr,224,23.566,2.833,20.631,1448,18,26064,NaN,25947,25947,3672,NaN,29,39,18,9,NaN,NaN,15487896,898152,19,53248,43520,NaN,NaN
2026-04-27 19:52:47.211,59504,ESTAB,bbr,224,23.566,2.833,20.631,1448,18,26064,NaN,25947,25947,3672,NaN,29,39,18,9,NaN,NaN,15487896,898152,19,53248,43520,NaN,NaN
2026-04-27 19:52:47.480,59504,ESTAB,bbr,224,23.566,2.833,20.631,1448,18,26064,NaN,25947,25947,3672,NaN,29,39,18,9,NaN,NaN,15487896,898152,19,53248,43520,NaN,NaN
2026-04-27 19:52:47.738,59504,ESTAB,bbr,224,23.566,2.833,20.631,1448,18,26064,NaN,25947,25947,3672,NaN,29,39,18,9,NaN,NaN,15487896,898152,19,53248,43520,NaN,NaN
2026-04-27 19:52:48.000,59504,ESTAB,bbr,224,23.566,2.833,20.631,1448,18,26064,NaN,25947,25947,3672,NaN,29,39,18,9,NaN,NaN,15487896,898152,19,53248,43520,NaN,NaN
2026-04-27 19:52:48.274,59504,ESTAB,bbr,224,23.566,2.833,20.631,1448,18,26064,NaN,25947,25947,3672,NaN,29,39,18,9,NaN,NaN,15487896,898152,19,53248,43520,NaN,NaN
2026-04-27 19:52:48.543,59504,ESTAB,bbr,224,23.566,2.833,20.631,1448,18,26064,NaN,25947,25947,3672,NaN,29,39,18,9,NaN,NaN,15487896,898152,19,53248,43520,NaN,NaN
2026-04-27 19:52:48.808,59504,ESTAB,bbr,224,23.566,2.833,20.631,1448,18,26064,NaN,25947,25947,3672,NaN,29,39,18,9,NaN,NaN,15487896,898152,19,53248,43520,NaN,NaN
2026-04-27 19:52:49.080,59504,ESTAB,bbr,224,23.566,2.833,20.631,1448,18,26064,NaN,25947,25947,3672,NaN,29,39,18,9,NaN,NaN,15487896,898152,19,53248,43520,NaN,NaN
2026-04-27 19:52:49.341,59504,ESTAB,bbr,224,23.566,2.833,20.631,1448,18,26064,NaN,25947,25947,3672,NaN,29,39,18,9,NaN,NaN,15487896,898152,19,53248,43520,NaN,NaN
2026-04-27 19:52:49.593,59504,ESTAB,bbr,224,23.566,2.833,20.631,1448,18,26064,NaN,25947,25947,3672,NaN,29,39,18,9,NaN,NaN,15487896,898152,19,53248,43520,NaN,NaN
2026-04-27 19:52:49.840,59504,ESTAB,bbr,224,23.566,2.833,20.631,1448,18,26064,NaN,25947,25947,3672,NaN,29,39,18,9,NaN,NaN,15487896,898152,19,53248,43520,NaN,NaN
2026-04-27 19:52:50.106,59504,ESTAB,bbr,224,23.566,2.833,20.631,1448,18,26064,NaN,25947,25947,3672,NaN,29,39,18,9,NaN,NaN,15487896,898152,19,53248,43520,NaN,NaN
2026-04-27 19:52:50.372,59504,ESTAB,bbr,224,23.566,2.833,20.631,1448,18,26064,NaN,25947,25947,3672,NaN,30,39,18,9,NaN,NaN,15487896,898152,19,53248,43520,NaN,NaN
2026-04-27 19:52:50.646,59504,ESTAB,bbr,224,23.566,2.833,20.631,1448,18,26064,NaN,25947,25947,3672,NaN,30,40,18,9,NaN,NaN,15487896,898152,19,53248,43520,NaN,NaN
2026-04-27 19:52:50.915,59504,ESTAB,bbr,224,23.566,2.833,20.631,1448,18,26064,NaN,25947,25947,3672,NaN,30,40,18,9,NaN,NaN,15487896,898152,19,53248,43520,NaN,NaN
2026-04-27 19:52:51.179,59504,ESTAB,bbr,224,23.566,2.833,20.631,1448,18,26064,NaN,25947,25947,3672,NaN,30,40,18,9,NaN,NaN,15487896,898152,19,53248,43520,NaN,NaN
2026-04-27 19:52:51.438,59504,ESTAB,bbr,224,23.566,2.833,20.631,1448,18,26064,NaN,25947,25947,3672,NaN,30,40,18,9,NaN,NaN,15487896,898152,19,53248,43520,NaN,NaN
2026-04-27 19:52:51.699,59504,ESTAB,bbr,224,23.566,2.833,20.631,1448,18,26064,NaN,25947,25947,3672,NaN,30,40,18,9,NaN,NaN,15487896,898152,19,53248,43520,NaN,NaN
2026-04-27 19:52:51.968,59504,ESTAB,bbr,224,23.566,2.833,20.631,1448,18,26064,NaN,25947,25947,3672,NaN,30,40,18,9,NaN,NaN,15487896,898152,19,53248,43520,NaN,NaN
2026-04-27 19:52:52.234,59504,ESTAB,bbr,224,23.566,2.833,20.631,1448,18,26064,NaN,25947,25947,3672,NaN,30,40,18,9,NaN,NaN,15487896,898152,19,53248,43520,NaN,NaN
2026-04-27 19:52:52.500,59504,ESTAB,bbr,224,23.566,2.833,20.631,1448,18,26064,NaN,25947,25947,3672,NaN,30,40,18,9,NaN,NaN,15487896,898152,19,53248,43520,NaN,NaN
2026-04-27 19:52:52.767,59504,ESTAB,bbr,224,23.566,2.833,20.631,1448,18,26064,NaN,25947,25947,3672,NaN,30,40,18,9,NaN,NaN,15487896,898152,19,53248,43520,NaN,NaN
2026-04-27 19:52:53.040,59504,ESTAB,bbr,224,23.566,2.833,20.631,1448,18,26064,NaN,25947,25947,3672,NaN,30,40,18,9,NaN,NaN,15487896,898152,19,53248,43520,NaN,NaN
2026-04-27 19:52:53.311,59504,ESTAB,bbr,224,23.566,2.833,20.631,1448,18,26064,NaN,25947,25947,3672,NaN,30,40,18,9,NaN,NaN,15487896,898152,19,53248,43520,NaN,NaN
2026-04-27 19:52:53.578,59504,ESTAB,bbr,224,23.566,2.833,20.631,1448,18,26064,NaN,25947,25947,3672,NaN,30,40,18,9,NaN,NaN,15487896,898152,19,53248,43520,NaN,NaN
2026-04-27 19:52:53.837,59504,ESTAB,bbr,224,23.566,2.833,20.631,1448,18,26064,NaN,25947,25947,3672,NaN,30,40,18,9,NaN,NaN,15487896,898152,19,53248,43520,NaN,NaN
2026-04-27 19:52:54.086,59504,ESTAB,bbr,224,23.566,2.833,20.631,1448,18,26064,NaN,25947,25947,3672,NaN,30,40,18,9,NaN,NaN,15487896,898152,19,53248,43520,NaN,NaN
2026-04-27 19:52:54.335,59504,ESTAB,bbr,224,23.566,2.833,20.631,1448,18,26064,NaN,25947,25947,3672,NaN,30,40,18,9,NaN,NaN,15487896,898152,19,53248,43520,NaN,NaN
2026-04-27 19:52:54.592,59504,ESTAB,bbr,224,23.566,2.833,20.631,1448,18,26064,NaN,25947,25947,3672,NaN,30,40,18,9,NaN,NaN,15487896,898152,19,53248,43520,NaN,NaN
2026-04-27 19:52:54.857,59504,ESTAB,bbr,224,23.566,2.833,20.631,1448,18,26064,NaN,25947,25947,3672,NaN,30,40,18,9,NaN,NaN,15487896,898152,19,53248,43520,NaN,NaN
2026-04-27 19:52:55.132,59504,ESTAB,bbr,224,23.566,2.833,20.631,1448,18,26064,NaN,25947,25947,3672,NaN,30,40,18,9,NaN,NaN,15487896,898152,19,53248,43520,NaN,NaN
2026-04-27 19:52:55.393,59504,ESTAB,bbr,224,23.566,2.833,20.631,1448,18,26064,NaN,25947,25947,3672,NaN,30,40,18,9,NaN,NaN,15487896,898152,19,53248,43520,NaN,NaN
2026-04-27 19:52:55.655,59504,ESTAB,bbr,224,23.566,2.833,20.631,1448,18,26064,NaN,25947,25947,3672,NaN,30,40,18,9,NaN,NaN,15487896,898152,19,53248,43520,NaN,NaN
2026-04-27 19:52:55.906,59504,ESTAB,bbr,224,23.566,2.833,20.631,1448,18,26064,NaN,25947,25947,3672,NaN,30,40,18,9,NaN,NaN,15487896,898152,19,53248,43520,NaN,NaN
2026-04-27 19:52:56.168,59504,ESTAB,bbr,224,23.566,2.833,20.631,1448,18,26064,NaN,25947,25947,3672,NaN,30,40,18,9,NaN,NaN,15487896,898152,19,53248,43520,NaN,NaN
2026-04-27 19:52:56.418,59504,ESTAB,bbr,224,23.566,2.833,20.631,1448,18,26064,NaN,25947,25947,3672,NaN,30,40,18,9,NaN,NaN,15487896,898152,19,53248,43520,NaN,NaN
2026-04-27 19:52:56.674,59504,ESTAB,bbr,224,23.566,2.833,20.631,1448,18,26064,NaN,25947,25947,3672,NaN,30,40,18,9,NaN,NaN,15487896,898152,19,53248,43520,NaN,NaN
2026-04-27 19:52:56.938,59504,ESTAB,bbr,224,23.566,2.833,20.631,1448,18,26064,NaN,25947,25947,3672,NaN,30,40,18,9,NaN,NaN,15487896,898152,19,53248,43520,NaN,NaN
2026-04-27 19:52:57.201,59504,ESTAB,bbr,224,23.566,2.833,20.631,1448,18,26064,NaN,25947,25947,3672,NaN,30,40,18,9,NaN,NaN,15487896,898152,19,53248,43520,NaN,NaN
2026-04-27 19:52:57.462,59504,ESTAB,bbr,224,23.566,2.833,20.631,1448,18,26064,NaN,25947,25947,3672,NaN,30,40,18,9,NaN,NaN,15487896,898152,19,53248,43520,NaN,NaN
2026-04-27 19:52:57.722,59504,ESTAB,bbr,224,23.566,2.833,20.631,1448,18,26064,NaN,25947,25947,3672,NaN,30,40,18,9,NaN,NaN,15487896,898152,19,53248,43520,NaN,NaN
2026-04-27 19:52:57.982,59504,ESTAB,bbr,224,23.566,2.833,20.631,1448,18,26064,NaN,25947,25947,3672,NaN,30,40,18,9,NaN,NaN,15487896,898152,19,53248,43520,NaN,NaN
2026-04-27 19:52:58.240,59504,ESTAB,bbr,224,23.566,2.833,20.631,1448,18,26064,NaN,25947,25947,3672,NaN,30,40,18,9,NaN,NaN,15487896,898152,19,53248,43520,NaN,NaN
2026-04-27 19:52:58.487,59504,ESTAB,bbr,224,23.566,2.833,20.631,1448,18,26064,NaN,25947,25947,3672,NaN,30,40,18,9,NaN,NaN,15487896,898152,19,53248,43520,NaN,NaN
2026-04-27 19:52:58.749,59504,ESTAB,bbr,224,23.566,2.833,20.631,1448,18,26064,NaN,25947,25947,3672,NaN,30,40,18,9,NaN,NaN,15487896,898152,19,53248,43520,NaN,NaN
2026-04-27 19:52:59.017,59504,ESTAB,bbr,224,23.566,2.833,20.631,1448,18,26064,NaN,25947,25947,3672,NaN,30,40,18,9,NaN,NaN,15487896,898152,19,53248,43520,NaN,NaN
2026-04-27 19:52:59.267,59504,ESTAB,bbr,224,23.566,2.833,20.631,1448,18,26064,NaN,25947,25947,3672,NaN,30,40,18,9,NaN,NaN,15487896,898152,19,53248,43520,NaN,NaN
2026-04-27 19:52:59.523,59504,ESTAB,bbr,224,23.566,2.833,20.631,1448,18,26064,NaN,25947,25947,3672,NaN,30,40,18,9,NaN,NaN,15487896,898152,19,53248,43520,NaN,NaN
2026-04-27 19:52:59.786,59504,ESTAB,bbr,224,23.566,2.833,20.631,1448,18,26064,NaN,25947,25947,3672,NaN,30,40,18,9,NaN,NaN,15487896,898152,19,53248,43520,NaN,NaN
2026-04-27 19:53:00.039,59504,ESTAB,bbr,224,23.566,2.833,20.631,1448,18,26064,NaN,25947,25947,3672,NaN,30,40,18,9,NaN,NaN,15487896,898152,19,53248,43520,NaN,NaN
2026-04-27 19:53:00.283,59504,ESTAB,bbr,224,23.566,2.833,20.631,1448,18,26064,NaN,25947,25947,3672,NaN,30,40,18,9,NaN,NaN,15487896,898152,19,53248,43520,NaN,NaN
2026-04-27 19:53:00.534,59504,ESTAB,bbr,224,23.566,2.833,20.631,1448,18,26064,NaN,25947,25947,3672,NaN,30,40,18,9,NaN,NaN,15487896,898152,19,53248,43520,NaN,NaN
2026-04-27 19:53:00.790,59504,ESTAB,bbr,224,23.566,2.833,20.631,1448,18,26064,NaN,25947,25947,3672,NaN,30,40,18,9,NaN,NaN,15487896,898152,19,53248,43520,NaN,NaN
2026-04-27 19:53:01.039,59504,ESTAB,bbr,224,23.566,2.833,20.631,1448,18,26064,NaN,25947,25947,3672,NaN,30,40,18,9,NaN,NaN,15487896,898152,19,53248,43520,NaN,NaN
2026-04-27 19:53:01.302,59504,ESTAB,bbr,224,23.566,2.833,20.631,1448,18,26064,NaN,25947,25947,3672,NaN,30,40,18,9,NaN,NaN,15487896,898152,19,53248,43520,NaN,NaN
2026-04-27 19:53:01.565,59504,ESTAB,bbr,224,23.566,2.833,20.631,1448,18,26064,NaN,25947,25947,3672,NaN,30,40,18,9,NaN,NaN,15487896,898152,19,53248,43520,NaN,NaN
2026-04-27 19:53:01.832,59504,ESTAB,bbr,224,23.566,2.833,20.631,1448,18,26064,NaN,25947,25947,3672,NaN,30,40,18,9,NaN,NaN,15487896,898152,19,53248,43520,NaN,NaN
2026-04-27 19:53:02.072,59504,ESTAB,bbr,224,23.566,2.833,20.631,1448,18,26064,NaN,25947,25947,3672,NaN,30,40,18,9,NaN,NaN,15487896,898152,19,53248,43520,NaN,NaN
2026-04-27 19:53:02.341,59504,ESTAB,bbr,224,23.566,2.833,20.631,1448,18,26064,NaN,25947,25947,3672,NaN,30,40,18,9,NaN,NaN,15487896,898152,19,53248,43520,NaN,NaN
2026-04-27 19:53:02.581,59504,ESTAB,bbr,224,23.566,2.833,20.631,1448,18,26064,NaN,25947,25947,3672,NaN,30,40,18,9,NaN,NaN,15487896,898152,19,53248,43520,NaN,NaN
2026-04-27 19:53:02.828,59504,ESTAB,bbr,224,23.566,2.833,20.631,1448,18,26064,NaN,25947,25947,3672,NaN,30,40,18,9,NaN,NaN,15487896,898152,19,53248,43520,NaN,NaN
2026-04-27 19:53:03.081,59504,ESTAB,bbr,224,23.566,2.833,20.631,1448,18,26064,NaN,25947,25947,3672,NaN,30,40,18,9,NaN,NaN,15487896,898152,19,53248,43520,NaN,NaN
