time_s,cwnd_bytes,cwnd_pkts,bytes_in_flight,srtt_ms,rtt_sample_ms,rtt_min_ms,rtt_max_ms,rtt_var_ms,pacing_rate_Bps,pkts_sent,pkts_lost,timer_losses,cc_algo
0.006,24946,17,0,23.8,25.9,20.7,25.9,5.0,1312671,5,0,0,cubic
0.005,25441,17,55,24.3,28.2,20.7,28.2,4.9,1308101,8,0,0,cubic
0.006,20274,14,110,25.9,30.3,20.7,30.3,3.9,781994,17,0,0,cubic
0.006,20274,14,0,25.7,26.9,20.7,30.3,2.5,789055,18,0,0,cubic
0.028,20743,14,18720,26.0,27.9,20.7,30.3,2.4,798883,33,0,0,cubic
0.031,20758,14,18720,25.9,25.3,20.7,30.3,2.0,802179,35,0,0,cubic
0.035,20773,14,18720,26.2,28.6,20.7,30.3,2.2,792197,37,0,0,cubic
0.038,20788,14,18720,26.5,28.8,20.7,30.3,2.3,783300,39,0,0,cubic
0.041,20803,14,18720,26.8,28.8,20.7,30.3,2.3,775681,41,0,0,cubic
0.045,20818,14,18720,27.0,28.4,20.7,30.3,2.1,770437,43,0,0,cubic
0.048,20833,14,18720,27.2,28.5,20.7,30.3,1.9,765637,45,0,0,cubic
0.052,20848,14,18720,26.8,23.6,20.7,30.3,2.4,779160,47,0,0,cubic
0.055,20863,14,18720,26.4,23.6,20.7,30.3,2.6,791464,49,0,0,cubic
0.058,20877,14,18720,26.0,23.6,20.7,30.3,2.6,802529,51,0,0,cubic
0.062,20892,14,18720,25.7,23.6,20.7,30.3,2.6,812380,53,0,0,cubic
0.065,20907,14,18720,25.4,23.6,20.7,30.3,2.5,821525,55,0,0,cubic
0.068,20921,14,18720,25.2,23.6,20.7,30.3,2.3,829540,57,0,0,cubic
0.072,20936,14,18720,25.0,23.7,20.7,30.3,2.1,836636,59,0,0,cubic
0.075,20950,14,18720,24.8,23.6,20.7,30.3,1.9,843329,61,0,0,cubic
0.079,20965,14,18720,24.7,23.6,20.7,30.3,1.8,849335,63,0,0,cubic
0.082,20979,14,18720,24.6,23.7,20.7,30.3,1.6,854263,65,0,0,cubic
0.085,20993,14,18720,24.4,23.6,20.7,30.3,1.4,859101,67,0,0,cubic
0.089,21007,14,18720,24.4,23.8,20.7,30.3,1.2,862710,69,0,0,cubic
0.092,21022,14,18720,24.3,23.7,20.7,30.3,1.1,866207,71,0,0,cubic
0.096,21035,14,18720,24.2,23.6,20.7,30.3,1.0,869610,73,0,0,cubic
0.099,21049,14,18720,24.1,23.6,20.7,30.3,0.9,872750,75,0,0,cubic
0.102,21063,14,18720,24.1,23.6,20.7,30.3,0.8,875618,77,0,0,cubic
0.106,21077,14,18720,24.0,23.6,20.7,30.3,0.7,878135,79,0,0,cubic
0.109,21091,14,18720,24.0,23.7,20.7,30.3,0.6,880295,81,0,0,cubic
0.113,21105,14,18720,23.9,23.6,20.7,30.3,0.5,882537,83,0,0,cubic
0.116,21118,14,18720,23.9,23.6,20.7,30.3,0.5,884523,85,0,0,cubic
0.119,21132,14,18720,23.8,23.6,20.7,30.3,0.4,886223,87,0,0,cubic
0.123,21146,14,18720,23.8,23.7,20.7,30.3,0.4,887666,89,0,0,cubic
0.126,21159,14,18720,23.8,23.7,20.7,30.3,0.3,888958,91,0,0,cubic
0.129,21172,14,18720,23.8,23.6,20.7,30.3,0.3,890253,93,0,0,cubic
0.133,21186,14,18720,23.8,23.6,20.7,30.3,0.2,891479,95,0,0,cubic
0.136,21199,14,18720,23.8,23.7,20.7,30.3,0.2,892551,97,0,0,cubic
0.140,21357,14,18720,23.7,23.7,20.7,30.3,0.2,899431,99,0,0,cubic
0.146,21549,14,18720,23.7,23.7,20.7,30.3,0.1,907746,101,0,0,cubic
0.147,21740,15,18720,23.8,23.8,20.7,30.3,0.1,915368,103,0,0,cubic
0.150,21928,15,20160,23.7,23.6,20.7,30.3,0.1,923867,106,0,0,cubic
0.153,22115,15,20160,23.7,23.7,20.7,30.3,0.1,931864,108,0,0,cubic
0.157,22301,15,20160,23.7,23.7,20.7,30.3,0.1,939899,110,0,0,cubic
0.160,22485,15,20160,23.7,23.6,20.7,30.3,0.1,948334,113,0,0,cubic
0.163,22667,15,20160,23.7,23.6,20.7,30.3,0.1,956534,115,0,0,cubic
0.167,22848,15,20160,23.3,20.4,20.4,30.3,0.9,981021,117,0,0,cubic
0.170,23028,15,20160,23.3,23.5,20.4,30.3,0.7,987605,119,0,0,cubic
0.173,23206,16,20160,23.5,24.8,20.4,30.3,0.9,987657,121,0,0,cubic
0.177,23382,16,21600,23.8,25.6,20.4,30.3,1.2,984173,124,0,0,cubic
0.180,23558,16,21600,24.0,25.9,20.4,30.3,1.4,980643,126,0,0,cubic
0.184,23732,16,21600,24.3,25.9,20.4,30.3,1.5,978558,128,0,0,cubic
0.187,23905,16,21600,24.5,26.0,20.4,30.3,1.6,976990,130,0,0,cubic
0.190,24076,16,21600,24.8,26.9,20.4,30.3,1.8,971707,132,0,0,cubic
0.194,24247,16,21600,25.1,27.1,20.4,30.3,1.9,967519,134,0,0,cubic
0.197,24416,16,21600,25.3,27.0,20.4,30.3,1.9,964792,136,0,0,cubic
0.201,24584,17,21600,25.5,27.0,20.4,30.3,1.9,963171,138,0,0,cubic
0.204,24751,17,23040,25.7,27.0,20.4,30.3,1.8,962924,141,0,0,cubic
0.211,25082,17,20160,25.9,27.0,20.4,30.3,1.7,969727,143,0,0,cubic
0.218,25409,17,20160,26.0,27.0,20.4,30.3,1.5,977118,147,0,0,cubic
0.005,25409,17,0,26.4,24.0,20.4,30.4,1.7,961769,152,0,0,cubic
0.009,25409,17,0,26.5,27.0,20.4,30.4,1.4,959373,153,0,0,cubic
0.034,25732,17,20160,27.5,34.2,20.4,34.2,3.0,937379,171,0,0,cubic
0.041,26050,18,20160,28.0,31.9,20.4,34.2,3.4,929925,175,0,0,cubic
0.048,26365,18,21600,28.7,33.3,20.4,34.2,3.9,919313,180,0,0,cubic
0.055,26676,18,21600,29.4,34.1,20.4,34.2,4.3,908583,184,0,0,cubic
0.061,26984,18,21600,29.1,27.0,20.4,34.2,3.8,928529,188,0,0,cubic
0.068,27288,18,21600,28.8,26.9,20.4,34.2,3.4,947829,192,0,0,cubic
0.075,27588,19,21600,28.6,27.0,20.4,34.2,3.0,965966,196,0,0,cubic
0.082,27886,19,23040,28.4,27.0,20.4,34.2,2.6,983251,201,0,0,cubic
0.089,28180,19,23040,28.2,27.0,20.4,34.2,2.3,999787,205,0,0,cubic
0.095,28471,19,23040,28.0,27.0,20.4,34.2,2.1,1015660,209,0,0,cubic
0.102,28759,19,23040,27.9,27.0,20.4,34.2,1.8,1030640,213,0,0,cubic
0.109,29044,20,23040,28.6,33.5,20.4,34.2,2.7,1015631,217,0,0,cubic
0.116,29327,20,24480,29.2,33.6,20.4,34.2,3.3,1003421,222,0,0,cubic
0.122,29606,20,24480,29.8,33.6,20.4,34.2,3.6,994190,226,0,0,cubic
0.129,29883,20,24480,30.3,33.7,20.4,34.2,3.7,987117,230,0,0,cubic
0.136,30158,20,24480,30.7,33.8,20.4,34.2,3.6,982057,234,0,0,cubic
0.143,30430,21,24480,31.1,33.7,20.4,34.2,3.5,978991,238,0,0,cubic
0.149,30699,21,25920,31.4,33.8,20.4,34.2,3.3,977177,243,0,0,cubic
0.156,30966,21,25920,31.7,33.7,20.4,34.2,3.0,976937,247,0,0,cubic
0.163,31231,21,25920,32.0,33.8,20.4,34.2,2.8,977343,251,0,0,cubic
0.170,31494,21,25920,32.2,33.8,20.4,34.2,2.5,978712,255,0,0,cubic
0.177,31754,22,25920,32.4,33.7,20.4,34.2,2.3,980909,259,0,0,cubic
0.183,32013,22,27360,32.5,33.8,20.4,34.2,2.1,983502,264,0,0,cubic
0.190,32269,22,27360,32.7,33.8,20.4,34.2,1.9,986638,268,0,0,cubic
0.197,32523,22,27360,32.8,33.8,20.4,34.2,1.7,990105,272,0,0,cubic
0.204,32775,22,27360,33.0,33.8,20.4,34.2,1.5,994055,276,0,0,cubic
0.211,28678,19,27360,33.1,33.8,20.4,34.2,1.3,867112,280,0,0,cubic
0.217,28720,19,23040,33.2,33.7,20.4,34.2,1.2,866312,281,0,0,cubic
0.224,28763,19,23040,33.2,33.6,20.4,34.2,1.0,866094,285,0,0,cubic
0.231,28805,20,23040,33.3,33.7,20.4,34.2,0.9,865925,289,0,0,cubic
0.238,28848,20,24480,33.3,33.8,20.4,34.2,0.8,865526,294,0,0,cubic
0.244,28891,20,24480,33.4,33.6,20.4,34.2,0.6,865985,298,0,0,cubic
0.251,28931,20,24480,33.4,33.7,20.4,34.2,0.6,866067,302,0,0,cubic
0.258,28972,20,24480,33.4,33.6,20.4,34.2,0.5,866672,306,0,0,cubic
0.265,29013,20,24480,33.5,33.8,20.4,34.2,0.4,866732,310,0,0,cubic
0.271,29054,20,24480,33.5,33.7,20.4,34.2,0.4,867257,315,0,0,cubic
0.285,22280,15,18720,33.5,33.7,20.4,34.2,0.3,664142,319,0,0,cubic
0.292,22316,15,17280,33.6,33.8,20.4,34.2,0.3,664720,322,0,0,cubic
0.299,22352,15,17280,33.6,33.9,20.4,34.2,0.3,665079,326,0,0,cubic
0.305,22388,15,17280,33.6,33.8,20.4,34.2,0.2,665794,330,0,0,cubic
0.312,22423,15,17280,32.8,26.9,20.4,34.2,1.9,683899,334,0,0,cubic
0.320,22458,15,17280,32.0,26.7,20.4,34.2,2.9,701286,338,0,0,cubic
0.326,22493,15,15840,31.1,24.8,20.4,34.2,4.0,722852,341,0,0,cubic
0.334,22527,15,15840,30.1,22.6,20.4,34.2,5.1,749475,345,0,0,cubic
0.339,22562,15,14400,29.0,21.3,20.4,34.2,6.0,778993,348,0,0,cubic
0.347,22596,15,15840,28.1,21.9,20.4,34.2,6.3,804872,352,0,0,cubic
0.352,22622,15,15840,27.2,21.1,20.4,34.2,6.5,831568,355,0,0,cubic
0.359,22653,15,17280,26.5,21.7,20.4,34.2,6.2,854411,359,0,0,cubic
0.365,22682,15,17280,25.9,21.9,20.4,34.2,5.8,874672,362,0,0,cubic
0.371,22710,15,17280,25.3,20.5,20.4,34.2,5.7,899299,366,0,0,cubic
0.377,22744,15,17280,24.6,20.1,20.1,34.2,5.6,924026,370,0,0,cubic
0.383,22777,15,17280,24.1,20.6,20.1,34.2,5.2,944398,374,0,0,cubic
0.390,22809,15,17280,23.7,20.8,20.1,34.2,4.7,962283,378,0,0,cubic
0.397,22841,15,17280,23.4,21.2,20.1,34.2,4.2,976695,382,0,0,cubic
0.404,22873,15,18720,23.1,21.2,20.1,34.2,3.7,989916,386,0,0,cubic
0.409,23211,16,17280,23.0,22.3,20.1,34.2,3.0,1009086,389,0,0,cubic
0.415,23564,16,18720,23.0,23.0,20.1,34.2,2.2,1024521,394,0,0,cubic
0.422,23912,16,18720,23.1,23.9,20.1,34.2,1.9,1034345,398,0,0,cubic
0.429,24255,16,18720,23.3,24.8,20.1,34.2,1.9,1039559,402,0,0,cubic
0.436,24593,17,18720,23.6,25.6,20.1,34.2,2.0,1041370,406,0,0,cubic
0.442,24927,17,20160,24.0,27.0,20.1,34.2,2.3,1037242,411,0,0,cubic
0.449,25256,17,20160,24.4,27.0,20.1,34.2,2.5,1035081,415,0,0,cubic
0.456,25581,17,20160,24.7,27.1,20.1,34.2,2.5,1034327,419,0,0,cubic
0.463,25901,17,20160,25.0,26.9,20.1,34.2,2.4,1035667,423,0,0,cubic
0.470,26218,18,20160,25.2,26.9,20.1,34.2,2.3,1038418,427,0,0,cubic
0.476,26531,18,21600,25.5,26.9,20.1,34.2,2.1,1042393,432,0,0,cubic
0.483,26840,18,21600,25.6,27.0,20.1,34.2,2.0,1046679,436,0,0,cubic
0.490,27146,18,21600,25.8,26.9,20.1,34.2,1.8,1051925,440,0,0,cubic
0.497,27448,19,21600,26.0,27.0,20.1,34.2,1.7,1057481,444,0,0,cubic
0.503,27747,19,23040,26.1,27.0,20.1,34.2,1.5,1063837,449,0,0,cubic
0.510,28042,19,23040,26.2,27.1,20.1,34.2,1.4,1070141,453,0,0,cubic
0.517,28335,19,23040,26.3,26.9,20.1,34.2,1.2,1077745,457,0,0,cubic
0.524,28624,19,23040,26.4,26.9,20.1,34.2,1.1,1085558,461,0,0,cubic
0.530,28911,20,23040,27.2,33.4,20.1,34.2,2.5,1061109,465,0,0,cubic
0.537,29194,20,24480,28.1,33.8,20.1,34.2,3.5,1040339,470,0,0,cubic
0.544,29475,20,24480,28.8,33.6,20.1,34.2,4.0,1025110,474,0,0,cubic
0.551,29754,20,24480,29.4,33.7,20.1,34.2,4.3,1012971,478,0,0,cubic
0.558,30029,20,24480,29.9,33.7,20.1,34.2,4.3,1003743,482,0,0,cubic
0.564,30302,21,24480,30.4,33.8,20.1,34.2,4.2,996612,486,0,0,cubic
0.571,30573,21,25920,30.8,33.8,20.1,34.2,4.0,991792,491,0,0,cubic
0.578,30841,21,25920,31.2,33.7,20.1,34.2,3.7,989064,495,0,0,cubic
0.585,31107,21,25920,31.5,33.8,20.1,34.2,3.4,987210,499,0,0,cubic
0.592,31371,21,25920,31.8,33.7,20.1,34.2,3.1,987006,503,0,0,cubic
0.598,31632,21,25920,32.0,33.8,20.1,34.2,2.8,987574,507,0,0,cubic
0.605,31892,22,25920,32.2,33.7,20.1,34.2,2.5,989390,511,0,0,cubic
0.612,32149,22,27360,32.4,33.7,20.1,34.2,2.3,991579,516,0,0,cubic
0.619,32404,22,27360,32.6,33.8,20.1,34.2,2.0,994353,520,0,0,cubic
0.625,32657,22,27360,32.7,33.7,20.1,34.2,1.8,998013,524,0,0,cubic
0.632,28574,19,27360,32.9,33.8,20.1,34.2,1.6,869779,528,0,0,cubic
0.639,28616,19,23040,33.0,33.7,20.1,34.2,1.4,868177,529,0,0,cubic
0.646,28660,19,23040,33.1,33.7,20.1,34.2,1.3,866961,533,0,0,cubic
0.653,28703,19,23040,33.1,33.7,20.1,34.2,1.1,866035,537,0,0,cubic
0.659,28744,19,23040,33.2,33.7,20.1,34.2,1.0,865574,541,0,0,cubic
0.666,28786,19,23040,33.3,33.7,20.1,34.2,0.8,865275,545,0,0,cubic
0.673,28827,20,23040,33.3,33.8,20.1,34.2,0.8,864818,549,0,0,cubic
0.680,28869,20,24480,33.4,33.6,20.1,34.2,0.6,865118,554,0,0,cubic
0.686,28910,20,24480,33.4,33.6,20.1,34.2,0.6,865517,558,0,0,cubic
0.693,28950,20,24480,33.4,33.8,20.1,34.2,0.5,865496,562,0,0,cubic
0.707,22200,15,18720,33.5,33.8,20.1,34.2,0.4,662251,566,0,0,cubic
0.713,22236,15,17280,33.6,33.8,20.1,34.2,0.4,662633,569,0,0,cubic
0.720,22272,15,17280,33.6,33.7,20.1,34.2,0.3,663449,573,0,0,cubic
0.727,22308,15,17280,33.6,33.8,20.1,34.2,0.3,664007,577,0,0,cubic
0.734,22343,15,17280,32.8,27.0,20.1,34.2,1.9,681895,581,0,0,cubic
0.742,22378,15,17280,32.0,26.7,20.1,34.2,2.9,699268,585,0,0,cubic
0.748,22413,15,15840,31.1,24.7,20.1,34.2,4.0,721023,588,0,0,cubic
0.754,22447,15,14400,30.0,22.5,20.1,34.2,5.2,747809,591,0,0,cubic
0.761,22481,15,14400,28.9,21.2,20.1,34.2,6.1,777647,595,0,0,cubic
0.769,22515,15,15840,28.0,21.5,20.1,34.2,6.4,804538,599,0,0,cubic
0.774,22542,15,15840,27.1,21.0,20.1,34.2,6.5,831255,602,0,0,cubic
0.781,22574,15,17280,26.5,21.9,20.1,34.2,6.2,853169,606,0,0,cubic
0.786,22601,15,17280,25.7,20.2,20.1,34.2,6.2,880409,609,0,0,cubic
0.792,22629,15,18720,25.0,20.4,20.1,34.2,6.0,904942,613,0,0,cubic
0.797,22654,15,17280,24.4,20.5,20.1,34.2,5.6,927036,616,0,0,cubic
0.803,22688,15,17280,23.9,20.1,20.1,34.2,5.3,949368,620,0,0,cubic
0.810,22720,15,17280,23.4,20.3,20.1,34.2,4.9,968911,624,0,0,cubic
0.817,22752,15,17280,23.2,21.2,20.1,34.2,4.2,982341,628,0,0,cubic
0.824,22819,15,17280,22.9,21.1,20.1,34.2,3.7,996158,632,0,0,cubic
0.830,23179,16,17280,22.8,22.4,20.1,34.2,2.9,1014442,636,0,0,cubic
0.837,23532,16,18720,22.9,23.3,20.1,34.2,2.3,1027553,641,0,0,cubic
0.844,23881,16,18720,23.1,24.2,20.1,34.2,2.0,1035737,645,0,0,cubic
0.851,24224,16,18720,23.3,25.1,20.1,34.2,2.0,1039121,649,0,0,cubic
0.858,24563,17,18720,23.6,26.0,20.1,34.2,2.2,1038956,653,0,0,cubic
0.864,24897,17,20160,24.1,27.0,20.1,34.2,2.5,1034530,658,0,0,cubic
0.871,25226,17,20160,24.4,26.9,20.1,34.2,2.6,1032794,662,0,0,cubic
0.878,25551,17,20160,24.7,26.9,20.1,34.2,2.6,1032864,666,0,0,cubic
0.885,25872,17,20160,25.0,26.8,20.1,34.2,2.4,1034880,670,0,0,cubic
0.891,26189,18,20160,25.2,26.9,20.1,34.2,2.3,1037557,674,0,0,cubic
0.898,26503,18,21600,25.4,26.8,20.1,34.2,2.1,1041825,679,0,0,cubic
0.905,26812,18,21600,25.6,27.0,20.1,34.2,2.0,1046199,683,0,0,cubic
0.912,27118,18,21600,25.8,27.1,20.1,34.2,1.9,1050515,687,0,0,cubic
0.918,27421,19,21600,25.9,26.9,20.1,34.2,1.7,1056808,691,0,0,cubic
0.925,27720,19,23040,26.1,27.0,20.1,34.2,1.5,1062801,696,0,0,cubic
0.932,28016,19,23040,26.2,27.0,20.1,34.2,1.4,1069231,700,0,0,cubic
0.939,28308,19,23040,26.3,27.0,20.1,34.2,1.2,1076472,704,0,0,cubic
0.946,28598,19,23040,26.4,26.9,20.1,34.2,1.1,1084161,708,0,0,cubic
0.952,28885,20,23040,27.3,33.4,20.1,34.2,2.6,1059805,712,0,0,cubic
0.959,29169,20,24480,28.1,33.7,20.1,34.2,3.5,1039596,717,0,0,cubic
0.966,29450,20,24480,28.8,33.7,20.1,34.2,4.1,1023742,721,0,0,cubic
0.973,29729,20,24480,29.4,33.5,20.1,34.2,4.2,1012775,725,0,0,cubic
0.980,30004,20,24480,29.9,33.8,20.1,34.2,4.3,1003344,729,0,0,cubic
0.986,30278,21,24480,30.4,33.7,20.1,34.2,4.1,996773,733,0,0,cubic
0.993,30549,21,25920,30.8,33.8,20.1,34.2,4.0,991754,738,0,0,cubic
1.000,30817,21,25920,31.2,33.7,20.1,34.2,3.7,988897,742,0,0,cubic
1.007,31083,21,25920,31.5,33.7,20.1,34.2,3.4,987420,746,0,0,cubic
1.013,31347,21,25920,31.8,33.7,20.1,34.2,3.1,987213,750,0,0,cubic
1.020,31609,21,25920,32.0,33.7,20.1,34.2,2.8,987873,754,0,0,cubic
1.027,31868,22,25920,32.2,33.6,20.1,34.2,2.5,989689,758,0,0,cubic
1.034,32126,22,27360,32.4,33.8,20.1,34.2,2.3,991665,763,0,0,cubic
1.040,32381,22,27360,32.6,33.8,20.1,34.2,2.0,994349,767,0,0,cubic
1.047,32634,22,27360,32.7,33.7,20.1,34.2,1.8,997737,771,0,0,cubic
1.054,28554,19,27360,32.8,33.7,20.1,34.2,1.6,869806,775,0,0,cubic
1.061,28597,19,23040,32.9,33.8,20.1,34.2,1.4,867917,776,0,0,cubic
1.068,28639,19,23040,33.0,33.6,20.1,34.2,1.3,866929,780,0,0,cubic
1.074,28682,19,23040,33.1,33.8,20.1,34.2,1.1,865793,784,0,0,cubic
1.081,28724,19,23040,33.2,33.7,20.1,34.2,1.0,865363,788,0,0,cubic
1.088,28766,19,23040,33.2,33.5,20.1,34.2,0.8,865611,792,0,0,cubic
1.095,28807,20,23040,33.3,33.6,20.1,34.2,0.7,865725,796,0,0,cubic
1.101,28848,20,24480,33.3,33.8,20.1,34.2,0.6,865396,801,0,0,cubic
1.108,28889,20,24480,33.4,33.7,20.1,34.2,0.6,865588,805,0,0,cubic
1.115,28930,20,24480,33.4,33.7,20.1,34.2,0.5,865908,809,0,0,cubic
1.128,22185,15,18720,33.5,33.7,20.1,34.2,0.4,662852,813,0,0,cubic
1.135,22221,15,17280,33.5,33.7,20.1,34.2,0.3,663372,816,0,0,cubic
1.142,22257,15,17280,33.5,33.7,20.1,34.2,0.3,663892,820,0,0,cubic
1.149,22293,15,17280,33.5,33.7,20.1,34.2,0.3,664470,824,0,0,cubic
1.156,22328,15,17280,32.7,27.0,20.1,34.2,1.9,682229,828,0,0,cubic
1.163,22363,15,17280,32.0,26.6,20.1,34.2,2.9,699696,832,0,0,cubic
1.170,22397,15,15840,31.0,24.6,20.1,34.2,4.0,721599,835,0,0,cubic
1.180,22432,15,14400,30.0,22.5,20.1,34.2,5.2,748406,838,0,0,cubic
1.183,22466,15,14400,28.9,21.1,20.1,34.2,6.1,778474,842,0,0,cubic
1.191,22499,15,15840,27.8,20.1,20.1,34.2,6.8,810220,846,0,0,cubic
1.196,22527,15,15840,26.9,21.0,20.1,34.2,6.7,836626,849,0,0,cubic
1.205,22577,15,17280,26.5,23.7,20.1,34.2,5.9,851223,854,0,0,cubic
1.212,22609,15,17280,26.1,22.8,20.1,34.2,5.3,867741,858,0,0,cubic
1.219,22642,15,17280,25.6,22.5,20.1,34.2,4.9,884211,862,0,0,cubic
1.226,22675,15,17280,25.2,22.3,20.1,34.2,4.5,900230,866,0,0,cubic
1.232,22707,15,17280,24.8,22.2,20.1,34.2,4.1,914903,870,0,0,cubic
1.239,22739,15,17280,24.5,22.3,20.1,34.2,3.7,927933,874,0,0,cubic
1.246,22770,15,17280,24.3,23.1,20.1,34.2,3.1,935766,878,0,0,cubic
1.253,23085,16,17280,24.2,22.9,20.1,34.2,2.7,955742,882,0,0,cubic
1.259,23440,16,18720,24.1,23.4,20.1,34.2,2.2,974190,887,0,0,cubic
1.266,23790,16,18720,24.1,24.5,20.1,34.2,1.8,986522,891,0,0,cubic
1.273,24135,16,18720,24.2,24.6,20.1,34.2,1.4,998551,895,0,0,cubic
1.280,24475,16,18720,24.4,25.7,20.1,34.2,1.5,1004555,899,0,0,cubic
1.286,24810,17,18720,24.7,26.8,20.1,34.2,1.7,1005919,903,0,0,cubic
1.293,25141,17,20160,25.0,27.0,20.1,34.2,1.9,1007493,908,0,0,cubic
1.300,25467,17,20160,25.2,26.9,20.1,34.2,1.9,1010555,912,0,0,cubic
1.307,25789,17,20160,25.4,27.0,20.1,34.2,1.9,1014236,916,0,0,cubic
1.314,26107,18,20160,25.6,27.0,20.1,34.2,1.8,1019048,920,0,0,cubic
1.320,26421,18,21600,25.8,27.0,20.1,34.2,1.7,1024665,925,0,0,cubic
1.327,26732,18,21600,25.9,26.9,20.1,34.2,1.5,1031207,929,0,0,cubic
1.334,27038,18,21600,26.1,26.9,20.1,34.2,1.4,1037927,933,0,0,cubic
1.341,27342,18,21600,26.2,26.9,20.1,34.2,1.3,1045383,937,0,0,cubic
1.347,27642,19,21600,26.3,27.0,20.1,34.2,1.1,1052787,941,0,0,cubic
1.354,27938,19,23040,26.3,26.9,20.1,34.2,1.0,1060708,946,0,0,cubic
1.361,28232,19,23040,26.4,26.9,20.1,34.2,0.9,1068948,950,0,0,cubic
1.368,28523,19,23040,26.5,26.8,20.1,34.2,0.8,1077844,954,0,0,cubic
0.008,28523,19,0,29.3,32.1,20.1,34.2,3.7,974845,957,0,0,cubic
0.009,28523,19,0,29.2,29.0,20.1,34.2,2.8,976046,958,0,0,cubic
0.034,28810,20,23040,29.8,34.0,20.1,34.2,3.3,966227,979,0,0,cubic
0.041,29095,20,24480,30.1,31.9,20.1,34.2,3.0,967189,984,0,0,cubic
0.048,29377,20,24480,30.6,34.3,20.1,34.3,3.3,959875,988,0,0,cubic
0.055,29656,20,24480,31.2,35.1,20.1,35.1,3.6,951610,992,0,0,cubic
0.061,29932,20,24480,31.8,36.0,20.1,36.0,3.9,942324,996,0,0,cubic
0.068,30206,20,24480,32.0,33.7,20.1,36.0,3.4,943937,1000,0,0,cubic
0.075,30478,21,24480,32.2,33.7,20.1,36.0,3.0,946110,1004,0,0,cubic
0.082,30747,21,25920,32.4,33.7,20.1,36.0,2.6,949010,1009,0,0,cubic
0.088,31014,21,25920,32.6,33.7,20.1,36.0,2.3,952401,1013,0,0,cubic
0.095,31278,21,25920,32.7,33.8,20.1,36.0,2.0,955841,1017,0,0,cubic
0.102,31541,21,25920,32.9,33.8,20.1,36.0,1.8,959947,1021,0,0,cubic
0.109,31801,22,25920,33.0,33.8,20.1,36.0,1.6,964455,1025,0,0,cubic
0.116,32059,22,27360,33.1,33.8,20.1,36.0,1.4,969340,1030,0,0,cubic
0.122,32314,22,27360,33.2,33.7,20.1,36.0,1.2,974751,1034,0,0,cubic
0.129,32568,22,27360,33.2,33.8,20.1,36.0,1.0,980166,1038,0,0,cubic
0.136,32820,22,27360,33.3,33.7,20.1,36.0,0.9,985881,1042,0,0,cubic
0.143,28717,19,27360,33.4,33.8,20.1,36.0,0.8,860976,1046,0,0,cubic
0.149,28760,19,23040,33.4,33.7,20.1,36.0,0.7,861026,1047,0,0,cubic
0.156,28803,20,23040,33.4,33.6,20.1,36.0,0.6,861539,1051,0,0,cubic
0.163,28845,20,24480,33.5,33.7,20.1,36.0,0.5,861842,1056,0,0,cubic
0.170,28888,20,24480,33.5,33.7,20.1,36.0,0.5,862328,1060,0,0,cubic
0.176,28930,20,24480,33.5,33.8,20.1,36.0,0.4,862783,1064,0,0,cubic
0.183,28972,20,24480,33.6,33.8,20.1,36.0,0.4,863315,1068,0,0,cubic
0.190,29013,20,24480,33.6,33.8,20.1,36.0,0.3,863867,1072,0,0,cubic
0.197,29054,20,24480,33.6,33.9,20.1,36.0,0.3,864213,1076,0,0,cubic
0.204,29095,20,24480,33.6,33.7,20.1,36.0,0.3,865175,1080,0,0,cubic
0.217,22312,15,18720,33.6,33.6,20.1,36.0,0.2,663297,1084,0,0,cubic
0.224,22348,15,17280,33.6,33.7,20.1,36.0,0.1,664249,1087,0,0,cubic
0.231,22384,15,17335,33.7,33.7,20.1,36.0,0.1,665101,1092,0,0,cubic
0.237,22420,15,17335,33.7,33.8,20.1,36.0,0.1,665736,1096,0,0,cubic
0.244,22454,15,17335,32.8,26.9,20.1,36.0,1.8,683864,1100,0,0,cubic
0.252,22490,15,17335,32.1,26.7,20.1,36.0,2.9,701431,1104,0,0,cubic
0.258,22526,15,15840,31.2,24.9,20.1,36.0,4.0,722751,1107,0,0,cubic
0.266,22560,15,15840,30.1,22.7,20.1,36.0,5.1,749227,1111,0,0,cubic
0.272,22594,15,14400,29.0,21.2,20.1,36.0,6.0,779049,1114,0,0,cubic
0.279,22628,15,15840,27.9,20.2,20.1,36.0,6.7,811126,1118,0,0,cubic
0.285,22654,15,15840,26.9,20.2,20.1,36.0,7.0,841124,1121,0,0,cubic
0.291,22687,15,17280,26.1,20.1,20.1,36.0,6.9,869766,1125,0,0,cubic
0.296,22717,15,15840,25.3,20.1,20.1,36.0,6.7,896487,1128,0,0,cubic
0.304,22751,15,18720,24.7,20.4,20.1,36.0,6.2,920161,1133,0,0,cubic
0.309,22776,15,17280,24.1,20.1,20.1,36.0,5.8,943144,1136,0,0,cubic
0.315,22809,15,17280,23.7,20.7,20.1,36.0,5.2,961715,1140,0,0,cubic
0.322,22841,15,17280,23.4,21.0,20.1,36.0,4.6,976862,1144,0,0,cubic
0.329,22873,15,17280,23.1,21.0,20.1,36.0,4.0,990988,1148,0,0,cubic
0.336,22958,15,17280,23.0,22.2,20.1,36.0,3.3,999651,1152,0,0,cubic
0.342,23315,16,17280,23.0,23.0,20.1,36.0,2.5,1015107,1156,0,0,cubic
0.349,23667,16,18720,23.1,23.9,20.1,36.0,2.1,1025477,1161,0,0,cubic
0.356,24014,16,18720,23.3,24.6,20.1,36.0,1.9,1031795,1165,0,0,cubic
0.363,24355,16,18720,23.6,25.8,20.1,36.0,2.1,1032604,1169,0,0,cubic
0.369,24692,17,18720,24.0,26.8,20.1,36.0,2.4,1029176,1173,0,0,cubic
0.376,25024,17,20160,24.4,26.9,20.1,36.0,2.5,1027426,1178,0,0,cubic
0.383,25352,17,20160,24.7,27.0,20.1,36.0,2.5,1027186,1182,0,0,cubic
0.390,25675,17,20160,25.0,27.0,20.1,36.0,2.5,1028357,1186,0,0,cubic
0.396,25995,18,20160,25.2,26.9,20.1,36.0,2.3,1031056,1190,0,0,cubic
0.403,26310,18,21600,25.4,27.0,20.1,36.0,2.2,1034320,1195,0,0,cubic
0.410,26622,18,21600,25.6,27.0,20.1,36.0,2.0,1038623,1199,0,0,cubic
0.417,26930,18,21600,25.8,26.9,20.1,36.0,1.8,1044284,1203,0,0,cubic
0.424,27235,18,21600,25.9,27.0,20.1,36.0,1.7,1049963,1207,0,0,cubic
0.430,27536,19,21600,26.1,26.9,20.1,36.0,1.5,1056476,1211,0,0,cubic
0.437,27834,19,23040,26.2,27.2,20.1,36.0,1.4,1062366,1216,0,0,cubic
0.444,28129,19,23040,26.3,27.0,20.1,36.0,1.3,1069543,1220,0,0,cubic
0.451,28420,19,23040,26.4,27.0,20.1,36.0,1.1,1077045,1224,0,0,cubic
0.457,28709,19,23040,26.5,27.0,20.1,36.0,1.0,1084832,1228,0,0,cubic
0.464,28994,20,23040,27.3,33.5,20.1,36.0,2.5,1060342,1232,0,0,cubic
0.471,29277,20,24480,28.1,33.7,20.1,36.0,3.5,1040405,1237,0,0,cubic
0.478,29557,20,24480,28.8,33.7,20.1,36.0,4.0,1025252,1241,0,0,cubic
0.485,29835,20,24480,29.4,33.7,20.1,36.0,4.2,1013727,1245,0,0,cubic
0.491,30110,20,24480,30.0,33.8,20.1,36.0,4.2,1004503,1249,0,0,cubic
0.498,30382,21,24480,30.4,33.7,20.1,36.0,4.1,998061,1253,0,0,cubic
0.505,30652,21,25920,30.8,33.6,20.1,36.0,3.9,994065,1258,0,0,cubic
0.512,30920,21,25920,31.2,33.7,20.1,36.0,3.6,991375,1262,0,0,cubic
0.519,31185,21,25920,31.5,33.8,20.1,36.0,3.3,989717,1266,0,0,cubic
0.525,31448,21,25920,31.8,33.8,20.1,36.0,3.1,989179,1270,0,0,cubic
0.532,31709,22,25920,32.0,33.8,20.1,36.0,2.8,989700,1274,0,0,cubic
0.539,31968,22,27360,32.3,33.7,20.1,36.0,2.5,991225,1279,0,0,cubic
0.546,32224,22,27360,32.4,33.8,20.1,36.0,2.3,993372,1283,0,0,cubic
0.552,32479,22,27360,32.6,33.7,20.1,36.0,2.0,996532,1287,0,0,cubic
0.559,32731,22,27360,32.7,33.8,20.1,36.0,1.8,999480,1291,0,0,cubic
0.566,28639,19,27360,32.9,33.8,20.1,36.0,1.6,871068,1295,0,0,cubic
0.573,28682,19,23040,33.0,33.7,20.1,36.0,1.4,869625,1296,0,0,cubic
0.579,28725,19,23040,33.1,33.7,20.1,36.0,1.2,868664,1300,0,0,cubic
0.586,28767,19,23040,33.1,33.6,20.1,36.0,1.1,868123,1304,0,0,cubic
0.593,28809,20,23040,33.2,33.8,20.1,36.0,1.0,867375,1308,0,0,cubic
0.600,28851,20,24480,33.3,33.6,20.1,36.0,0.8,867229,1313,0,0,cubic
0.606,28892,20,24480,33.3,33.7,20.1,36.0,0.7,867054,1317,0,0,cubic
0.614,28935,20,24480,33.4,33.7,20.1,36.0,0.6,867018,1321,0,0,cubic
0.620,28976,20,24480,33.4,33.8,20.1,36.0,0.6,866947,1325,0,0,cubic
0.627,29016,20,24480,33.5,33.8,20.1,36.0,0.5,866796,1329,0,0,cubic
0.640,22251,15,18720,33.6,33.8,20.1,36.0,0.4,663140,1333,0,0,cubic
0.647,22287,15,17280,33.5,33.5,20.1,36.0,0.3,664371,1336,0,0,cubic
0.654,22323,15,17280,33.6,33.7,20.1,36.0,0.3,665147,1340,0,0,cubic
0.661,22358,15,17280,33.6,33.7,20.1,36.0,0.3,665832,1344,0,0,cubic
0.667,22394,15,18720,32.5,25.2,20.1,36.0,2.3,688347,1348,0,0,cubic
0.673,22421,15,17280,31.6,25.2,20.1,36.0,3.5,709054,1351,0,0,cubic
0.679,22455,15,15840,30.8,25.2,20.1,36.0,4.3,728727,1354,0,0,cubic
0.687,22489,15,15840,29.9,23.1,20.1,36.0,5.1,753274,1358,0,0,cubic
0.693,22524,15,14400,28.8,21.7,20.1,36.0,5.9,781242,1361,0,0,cubic
0.700,22558,15,14400,27.7,20.2,20.1,36.0,6.6,813018,1365,0,0,cubic
0.707,22594,15,15840,26.8,20.5,20.1,36.0,6.7,841866,1369,0,0,cubic
0.713,22622,15,15840,26.0,20.5,20.1,36.0,6.7,868740,1372,0,0,cubic
0.719,22650,15,17280,25.4,20.7,20.1,36.0,6.3,892857,1376,0,0,cubic
0.724,22676,15,17280,24.7,20.1,20.1,36.0,6.1,917536,1379,0,0,cubic
0.730,22702,15,18720,24.2,20.5,20.1,36.0,5.6,938409,1383,0,0,cubic
0.735,22728,15,18720,23.9,21.8,20.1,36.0,4.8,951081,1386,0,0,cubic
0.740,22753,15,17280,23.5,21.0,20.1,36.0,4.3,966937,1389,0,0,cubic
0.746,22785,15,17280,23.3,21.3,20.1,36.0,3.8,979747,1393,0,0,cubic
0.753,22817,15,17280,23.1,21.9,20.1,36.0,3.2,988347,1397,0,0,cubic
0.760,23019,15,17280,23.0,22.6,20.1,36.0,2.5,999609,1401,0,0,cubic
0.767,23375,16,17280,23.1,23.4,20.1,36.0,2.0,1012957,1405,0,0,cubic
0.774,23726,16,18720,23.2,24.4,20.1,36.0,1.8,1021131,1410,0,0,cubic
0.780,24071,16,18720,23.5,25.3,20.1,36.0,1.9,1024690,1414,0,0,cubic
0.787,24412,16,18720,23.8,25.8,20.1,36.0,2.0,1026749,1418,0,0,cubic
0.794,24748,17,18720,24.2,26.9,20.1,36.0,2.3,1023871,1422,0,0,cubic
0.801,25080,17,20160,24.5,26.9,20.1,36.0,2.4,1023255,1427,0,0,cubic
0.807,25407,17,20160,24.8,26.9,20.1,36.0,2.4,1024145,1431,0,0,cubic
0.814,25730,17,20160,25.1,27.0,20.1,36.0,2.3,1025753,1435,0,0,cubic
0.821,26048,18,20160,25.3,27.0,20.1,36.0,2.2,1028873,1439,0,0,cubic
0.828,26363,18,21600,25.5,27.0,20.1,36.0,2.1,1032951,1444,0,0,cubic
0.835,26674,18,21600,25.7,27.0,20.1,36.0,1.9,1037535,1448,0,0,cubic
0.841,26982,18,21600,25.9,26.9,20.1,36.0,1.7,1043629,1452,0,0,cubic
0.848,27286,18,21600,26.0,27.0,20.1,36.0,1.6,1049582,1457,0,0,cubic
0.855,27586,19,21600,26.1,26.9,20.1,36.0,1.4,1056530,1461,0,0,cubic
0.862,27884,19,23040,26.2,26.9,20.1,36.0,1.3,1063828,1466,0,0,cubic
0.868,28178,19,23040,26.3,27.0,20.1,36.0,1.1,1071203,1470,0,0,cubic
0.875,28469,19,23040,26.4,27.0,20.1,36.0,1.0,1078902,1474,0,0,cubic
0.882,28757,19,23040,26.5,26.9,20.1,36.0,0.9,1087180,1478,0,0,cubic
0.889,29042,20,23040,27.3,33.4,20.1,36.0,2.4,1062991,1482,0,0,cubic
0.896,29325,20,24480,28.1,33.7,20.1,36.0,3.4,1042814,1487,0,0,cubic
0.902,29604,20,24480,28.8,33.8,20.1,36.0,4.0,1026811,1491,0,0,cubic
0.909,29881,20,24480,29.5,33.8,20.1,36.0,4.2,1014497,1495,0,0,cubic
0.916,30156,20,24480,30.0,33.9,20.1,36.0,4.3,1004932,1499,0,0,cubic
0.923,30428,21,24480,30.5,33.7,20.1,36.0,4.1,998752,1503,0,0,cubic
0.929,30697,21,25920,30.9,33.7,20.1,36.0,3.9,994460,1508,0,0,cubic
0.936,30965,21,25920,31.2,33.6,20.1,36.0,3.6,992086,1512,0,0,cubic
0.943,31230,21,25920,31.5,33.7,20.1,36.0,3.3,990579,1516,0,0,cubic
0.950,31492,21,25920,31.8,33.8,20.1,36.0,3.1,990158,1520,0,0,cubic
0.957,31753,22,25920,32.0,33.7,20.1,36.0,2.8,991104,1524,0,0,cubic
0.738,32011,22,27360,32.3,33.8,20.1,36.0,2.5,992466,1529,0,0,cubic
0.006,28009,19,0,32.5,29.1,20.1,36.0,2.0,862213,1532,0,0,cubic
0.007,28009,19,0,31.8,27.3,20.1,36.0,2.8,879817,1533,0,0,cubic
0.033,28579,19,23040,31.9,32.6,20.1,36.0,2.3,895191,1553,0,0,cubic
0.039,28617,19,23040,31.9,31.9,20.1,36.0,1.7,896354,1557,0,0,cubic
0.046,28655,19,23040,32.1,33.1,20.1,36.0,1.6,893458,1561,0,0,cubic
0.053,28694,19,23040,32.2,33.3,20.1,36.0,1.5,890564,1565,0,0,cubic
0.060,28731,19,23040,32.4,33.5,20.1,36.0,1.4,887197,1569,0,0,cubic
0.067,28768,19,23040,32.6,33.7,20.1,36.0,1.4,883782,1573,0,0,cubic
0.073,28805,20,23040,32.7,33.8,20.1,36.0,1.4,880832,1577,0,0,cubic
0.080,28842,20,24480,32.8,33.8,20.1,36.0,1.3,878391,1582,0,0,cubic
0.087,28878,20,24480,32.9,33.7,20.1,36.0,1.2,876551,1586,0,0,cubic
0.094,28914,20,24480,33.0,33.7,20.1,36.0,1.1,875147,1590,0,0,cubic
0.100,28950,20,24480,33.1,33.8,20.1,36.0,1.0,873777,1594,0,0,cubic
0.107,28985,20,24480,33.2,33.8,20.1,36.0,0.9,872779,1598,0,0,cubic
0.114,29020,20,24480,33.3,33.7,20.1,36.0,0.8,872178,1602,0,0,cubic
0.121,29056,20,24480,33.3,33.7,20.1,36.0,0.7,871819,1606,0,0,cubic
0.128,29090,20,24480,33.4,33.8,20.1,36.0,0.6,871401,1610,0,0,cubic
0.134,29125,20,24480,33.4,33.7,20.1,36.0,0.6,871327,1614,0,0,cubic
0.148,22334,15,20160,33.3,32.1,20.1,36.0,0.7,670771,1618,0,0,cubic
0.153,22362,15,17280,33.1,32.0,20.1,36.0,0.9,674997,1620,0,0,cubic
0.160,22398,15,17280,33.0,32.0,20.1,36.0,0.9,678974,1624,0,0,cubic
0.167,22434,15,17280,32.9,32.0,20.1,36.0,0.9,682548,1628,0,0,cubic
0.173,22469,15,17280,31.9,25.3,20.1,36.0,2.6,703938,1632,0,0,cubic
0.180,22504,15,17280,31.3,26.7,20.1,36.0,3.3,719851,1636,0,0,cubic
0.188,22539,15,17280,30.4,24.7,20.1,36.0,4.1,740488,1640,0,0,cubic
0.194,22573,15,15840,29.5,23.3,20.1,36.0,4.9,764046,1643,0,0,cubic
0.202,22608,15,15840,28.6,21.6,20.1,36.0,5.6,791873,1647,0,0,cubic
0.207,22642,15,14400,27.5,20.3,20.1,36.0,6.3,822956,1650,0,0,cubic
0.214,22676,15,15840,26.6,20.2,20.1,36.0,6.6,852673,1654,0,0,cubic
0.221,22704,15,17280,25.8,20.1,20.1,36.0,6.5,880477,1658,0,0,cubic
0.225,22732,15,17280,25.1,20.2,20.1,36.0,6.3,906307,1661,0,0,cubic
0.231,22758,15,17280,24.5,20.3,20.1,36.0,5.9,929277,1664,0,0,cubic
0.236,22785,15,18720,24.0,20.5,20.1,36.0,5.4,949731,1668,0,0,cubic
0.241,22810,15,18720,23.5,20.2,20.1,36.0,5.0,970019,1671,0,0,cubic
0.247,22835,15,17280,23.2,20.9,20.1,36.0,4.4,984861,1674,0,0,cubic
0.253,22866,15,17280,23.0,21.3,20.1,36.0,3.8,996166,1678,0,0,cubic
0.260,22899,15,17280,22.8,22.1,20.1,36.0,3.1,1002495,1682,0,0,cubic
0.267,23052,16,17280,22.9,22.9,20.1,36.0,2.3,1008840,1686,0,0,cubic
0.274,23408,16,18720,23.0,23.8,20.1,36.0,2.0,1019423,1691,0,0,cubic
0.282,23758,16,18720,23.2,24.8,20.1,36.0,1.9,1024449,1695,0,0,cubic
0.287,24104,16,18720,23.5,25.9,20.1,36.0,2.1,1024655,1699,0,0,cubic
0.294,24444,16,18720,23.9,26.9,20.1,36.0,2.4,1020839,1703,0,0,cubic
0.301,24780,17,18720,24.3,27.0,20.1,36.0,2.6,1018746,1707,0,0,cubic
0.307,25111,17,20160,24.5,25.5,20.1,36.0,2.2,1026111,1712,0,0,cubic
0.314,25437,17,20160,24.8,27.0,20.1,36.0,2.3,1026430,1716,0,0,cubic
0.321,25760,17,20160,25.0,26.9,20.1,36.0,2.3,1028425,1720,0,0,cubic
0.328,25998,18,21600,25.1,25.3,20.1,36.0,1.8,1036685,1724,0,0,cubic
0.333,26314,18,21600,25.1,25.3,20.1,36.0,1.4,1048408,1728,0,0,cubic
0.340,26626,18,21600,25.1,25.3,20.1,36.0,1.1,1059952,1732,0,0,cubic
0.346,26934,18,21600,25.1,25.2,20.1,36.0,0.8,1071573,1736,0,0,cubic
0.353,27238,18,21600,25.1,25.3,20.1,36.0,0.6,1083021,1740,0,0,cubic
0.360,27539,19,21600,25.4,26.9,20.1,36.0,0.9,1085451,1744,0,0,cubic
0.367,27837,19,23040,25.6,27.0,20.1,36.0,1.1,1088701,1749,0,0,cubic
0.374,28132,19,23040,25.8,27.1,20.1,36.0,1.2,1092123,1753,0,0,cubic
0.380,28423,19,23040,25.9,27.0,20.1,36.0,1.2,1096566,1757,0,0,cubic
0.387,28712,19,23040,26.1,27.0,20.1,36.0,1.2,1101976,1761,0,0,cubic
0.394,28998,20,23040,27.0,33.5,20.1,36.0,2.7,1074756,1765,0,0,cubic
0.401,29280,20,24480,27.8,33.8,20.1,36.0,3.8,1051875,1770,0,0,cubic
0.407,29561,20,24480,28.6,33.8,20.1,36.0,4.3,1034360,1774,0,0,cubic
0.414,29838,20,24480,29.2,33.8,20.1,36.0,4.5,1020975,1778,0,0,cubic
0.421,30113,20,24480,29.8,33.7,20.1,36.0,4.5,1010910,1782,0,0,cubic
0.428,30385,21,24480,30.3,33.7,20.1,36.0,4.4,1003401,1786,0,0,cubic
0.434,30655,21,25920,30.7,33.7,20.1,36.0,4.1,998306,1791,0,0,cubic
0.441,30923,21,25920,31.1,33.7,20.1,36.0,3.8,995044,1795,0,0,cubic
0.448,31188,21,25920,31.4,33.7,20.1,36.0,3.5,993090,1799,0,0,cubic
0.455,31451,21,25920,31.7,33.7,20.1,36.0,3.2,992395,1803,0,0,cubic
0.462,31712,22,25920,32.0,33.8,20.1,36.0,3.0,992302,1807,0,0,cubic
0.468,31970,22,27360,32.2,33.7,20.1,36.0,2.7,993443,1812,0,0,cubic
0.475,32227,22,27360,32.4,33.8,20.1,36.0,2.4,995274,1816,0,0,cubic
0.482,32482,22,27360,32.6,33.9,20.1,36.0,2.2,997512,1820,0,0,cubic
0.489,32734,22,27360,32.7,33.8,20.1,36.0,1.9,1000641,1824,0,0,cubic
0.496,28642,19,27360,32.9,33.8,20.1,36.0,1.7,871902,1828,0,0,cubic
0.502,28685,19,23040,33.0,33.7,20.1,36.0,1.5,870350,1829,0,0,cubic
0.509,28727,19,23040,33.1,33.7,20.1,36.0,1.3,869040,1833,0,0,cubic
0.516,28770,19,23040,33.1,33.7,20.1,36.0,1.2,868108,1837,0,0,cubic
0.523,28812,20,23040,33.2,33.8,20.1,36.0,1.0,867361,1841,0,0,cubic
0.529,28853,20,24480,33.3,33.6,20.1,36.0,0.9,867394,1846,0,0,cubic
0.536,28896,20,24480,33.3,33.7,20.1,36.0,0.8,867252,1850,0,0,cubic
0.543,28937,20,24480,33.4,33.8,20.1,36.0,0.7,867052,1854,0,0,cubic
0.550,28978,20,24480,33.4,33.7,20.1,36.0,0.6,867241,1858,0,0,cubic
0.556,29019,20,24480,33.5,33.8,20.1,36.0,0.5,867352,1862,0,0,cubic
0.570,22254,15,18720,33.5,33.7,20.1,36.0,0.4,663723,1866,0,0,cubic
0.577,22290,15,17280,33.5,33.7,20.1,36.0,0.4,664381,1869,0,0,cubic
0.584,22326,15,17280,33.6,33.7,20.1,36.0,0.3,665018,1873,0,0,cubic
0.590,22361,15,17280,33.6,33.7,20.1,36.0,0.3,665624,1877,0,0,cubic
0.597,22396,15,17280,32.8,27.0,20.1,36.0,1.9,683534,1881,0,0,cubic
0.605,22432,15,17280,32.0,26.7,20.1,36.0,2.9,700868,1885,0,0,cubic
0.611,22466,15,15840,31.1,24.8,20.1,36.0,4.0,722240,1888,0,0,cubic
0.619,22501,15,15840,30.1,22.8,20.1,36.0,5.1,748461,1892,0,0,cubic
0.625,22535,15,14400,29.0,21.3,20.1,36.0,6.0,777900,1895,0,0,cubic
0.632,22569,15,15840,27.9,20.1,20.1,36.0,6.7,809911,1899,0,0,cubic
0.637,22595,15,15840,26.9,20.1,20.1,36.0,7.0,839962,1902,0,0,cubic
0.644,22626,15,17280,26.2,21.6,20.1,36.0,6.5,862369,1906,0,0,cubic
0.649,22655,15,17280,25.5,20.2,20.1,36.0,6.4,889128,1909,0,0,cubic
0.654,22683,15,17280,24.8,20.3,20.1,36.0,6.1,913495,1912,0,0,cubic
0.660,22709,15,17280,24.3,20.6,20.1,36.0,5.6,934372,1916,0,0,cubic
0.666,22741,15,17280,23.8,20.1,20.1,36.0,5.3,956267,1920,0,0,cubic
0.673,22774,15,17280,23.4,20.9,20.1,36.0,4.7,972375,1924,0,0,cubic
0.680,22806,15,17280,23.1,21.3,20.1,36.0,4.0,985182,1928,0,0,cubic
0.687,22841,15,17280,22.9,21.4,20.1,36.0,3.5,996292,1932,0,0,cubic
0.694,23200,16,17280,22.9,22.7,20.1,36.0,2.7,1013056,1936,0,0,cubic
0.700,23553,16,18720,23.0,23.6,20.1,36.0,2.2,1024667,1941,0,0,cubic
0.707,23902,16,18720,23.2,24.5,20.1,36.0,2.0,1031592,1945,0,0,cubic
0.714,24245,16,18720,23.5,25.5,20.1,36.0,2.1,1033417,1949,0,0,cubic
0.721,24583,17,18720,23.9,26.6,20.1,36.0,2.3,1030733,1953,0,0,cubic
0.727,24917,17,20160,24.2,27.0,20.1,36.0,2.5,1027801,1958,0,0,cubic
0.734,25246,17,20160,24.6,27.0,20.1,36.0,2.6,1026761,1962,0,0,cubic
0.741,25571,17,20160,24.9,27.0,20.1,36.0,2.5,1027360,1966,0,0,cubic
0.748,25892,17,20160,25.1,27.0,20.1,36.0,2.4,1029543,1970,0,0,cubic
0.754,26208,18,20160,25.4,26.8,20.1,36.0,2.2,1033438,1974,0,0,cubic
0.761,26521,18,21600,25.6,26.9,20.1,36.0,2.1,1037922,1979,0,0,cubic
0.768,26831,18,21600,25.7,26.9,20.1,36.0,1.9,1043114,1983,0,0,cubic
0.775,27136,18,21600,25.9,27.0,20.1,36.0,1.7,1048612,1987,0,0,cubic
0.782,27438,19,21600,26.0,27.0,20.1,36.0,1.6,1054618,1991,0,0,cubic
0.788,27737,19,23040,26.1,27.0,20.1,36.0,1.4,1061053,1996,0,0,cubic
0.795,28033,19,23040,26.2,27.0,20.1,36.0,1.3,1067923,2000,0,0,cubic
0.802,28326,19,23040,26.4,27.1,20.1,36.0,1.2,1074868,2004,0,0,cubic
0.809,28615,19,23040,26.4,26.9,20.1,36.0,1.0,1082835,2008,0,0,cubic
0.816,28902,20,23040,27.3,33.5,20.1,36.0,2.5,1058526,2012,0,0,cubic
0.822,29186,20,24480,28.1,33.7,20.1,36.0,3.5,1038389,2017,0,0,cubic
0.829,29467,20,24480,28.8,33.6,20.1,36.0,4.0,1023266,2021,0,0,cubic
0.836,29745,20,24480,29.4,33.7,20.1,36.0,4.2,1011425,2025,0,0,cubic
0.843,30021,20,24480,29.9,33.7,20.1,36.0,4.3,1002404,2029,0,0,cubic
0.849,30294,21,24480,30.4,33.7,20.1,36.0,4.1,996021,2033,0,0,cubic
0.856,30565,21,25920,30.8,33.8,20.1,36.0,3.9,991083,2038,0,0,cubic
0.863,30833,21,25920,31.2,33.7,20.1,36.0,3.7,988237,2042,0,0,cubic
0.870,31099,21,25920,31.5,33.8,20.1,36.0,3.4,986706,2046,0,0,cubic
0.877,31363,21,25920,31.8,33.6,20.1,36.0,3.1,986754,2050,0,0,cubic
0.883,31624,21,25920,32.0,33.8,20.1,36.0,2.8,987201,2054,0,0,cubic
0.890,31884,22,25920,32.2,33.7,20.1,36.0,2.5,988835,2058,0,0,cubic
0.897,32141,22,27360,32.4,33.8,20.1,36.0,2.3,990782,2063,0,0,cubic
0.904,32396,22,27360,32.6,33.7,20.1,36.0,2.0,993833,2067,0,0,cubic
0.910,32649,22,27360,32.7,33.7,20.1,36.0,1.8,997525,2071,0,0,cubic
0.917,28567,19,27360,32.8,33.7,20.1,36.0,1.6,869751,2075,0,0,cubic
0.924,28610,19,23040,32.9,33.7,20.1,36.0,1.4,868364,2076,0,0,cubic
0.931,28653,19,23040,33.0,33.7,20.1,36.0,1.2,867064,2080,0,0,cubic
0.937,28695,19,23040,33.1,33.7,20.1,36.0,1.1,866107,2084,0,0,cubic
0.944,28737,19,23040,33.2,33.5,20.1,36.0,0.9,866094,2088,0,0,cubic
0.951,28780,19,23040,33.2,33.7,20.1,36.0,0.8,865720,2092,0,0,cubic
0.958,28821,20,23040,33.3,33.7,20.1,36.0,0.7,865469,2096,0,0,cubic
0.964,28862,20,24480,33.4,33.7,20.1,36.0,0.6,865401,2101,0,0,cubic
0.971,28903,20,24480,33.4,33.7,20.1,36.0,0.6,865411,2105,0,0,cubic
0.978,28944,20,24480,33.4,33.7,20.1,36.0,0.5,865602,2109,0,0,cubic
0.992,22196,15,18775,33.5,33.7,20.1,36.0,0.4,662765,2114,0,0,cubic
0.998,22232,15,17335,33.5,33.8,20.1,36.0,0.4,663008,2117,0,0,cubic
1.005,22268,15,17335,33.6,33.7,20.1,36.0,0.3,663705,2121,0,0,cubic
1.012,22303,15,17335,33.6,33.7,20.1,36.0,0.3,664392,2125,0,0,cubic
1.019,22338,15,17280,32.7,27.0,20.1,36.0,1.9,682180,2129,0,0,cubic
1.027,22374,15,17280,32.0,26.8,20.1,36.0,2.9,699274,2133,0,0,cubic
1.033,22409,15,15840,31.1,24.9,20.1,36.0,4.0,720500,2136,0,0,cubic
1.041,22443,15,15840,30.1,22.9,20.1,36.0,5.0,746085,2140,0,0,cubic
1.047,22476,15,14400,28.9,20.8,20.1,36.0,6.1,777312,2143,0,0,cubic
1.054,22511,15,15840,27.8,20.2,20.1,36.0,6.8,809166,2147,0,0,cubic
1.059,22538,15,15840,26.9,20.2,20.1,36.0,7.0,839029,2150,0,0,cubic
1.066,22569,15,17280,26.0,20.2,20.1,36.0,6.9,867271,2154,0,0,cubic
1.071,22598,15,17280,25.3,20.6,20.1,36.0,6.5,891615,2157,0,0,cubic
1.076,22623,15,17280,24.7,20.4,20.1,36.0,6.1,914873,2160,0,0,cubic
1.082,22651,15,17280,24.2,20.5,20.1,36.0,5.6,935837,2164,0,0,cubic
1.088,22684,15,17280,23.7,20.2,20.1,36.0,5.2,957050,2168,0,0,cubic
1.095,22716,15,17280,23.4,20.9,20.1,36.0,4.6,972764,2172,0,0,cubic
1.102,22748,15,17280,23.1,21.4,20.1,36.0,4.0,984548,2176,0,0,cubic
1.109,22820,15,17280,23.0,22.0,20.1,36.0,3.2,993512,2180,0,0,cubic
1.115,23179,16,17280,22.9,22.7,20.1,36.0,2.5,1010418,2184,0,0,cubic
1.122,23533,16,18720,23.0,23.6,20.1,36.0,2.0,1022284,2189,0,0,cubic
1.129,23882,16,18720,23.2,24.5,20.1,36.0,1.9,1029174,2193,0,0,cubic
1.136,24225,16,18720,23.5,25.5,20.1,36.0,2.0,1031114,2197,0,0,cubic
1.142,24564,17,18720,23.9,26.6,20.1,36.0,2.3,1028470,2201,0,0,cubic
1.149,24897,17,20160,24.3,26.9,20.1,36.0,2.5,1026214,2206,0,0,cubic
1.156,25227,17,20160,24.6,26.9,20.1,36.0,2.5,1025612,2210,0,0,cubic
1.163,25552,17,20160,24.9,26.9,20.1,36.0,2.5,1026597,2214,0,0,cubic
1.169,25873,17,20160,25.1,27.0,20.1,36.0,2.4,1028788,2218,0,0,cubic
1.176,26190,18,20160,25.4,27.0,20.1,36.0,2.2,1032036,2222,0,0,cubic
1.183,26503,18,21600,25.6,26.9,20.1,36.0,2.1,1036407,2227,0,0,cubic
1.190,26813,18,21600,25.8,27.0,20.1,36.0,1.9,1041200,2231,0,0,cubic
1.197,27119,18,21600,25.9,27.0,20.1,36.0,1.7,1046782,2235,0,0,cubic
1.203,27421,19,21600,26.0,27.0,20.1,36.0,1.6,1053033,2239,0,0,cubic
1.210,27720,19,23040,26.2,26.9,20.1,36.0,1.4,1059957,2244,0,0,cubic
1.217,28016,19,23040,26.2,26.9,20.1,36.0,1.2,1067316,2248,0,0,cubic
1.224,28309,19,23040,26.3,26.9,20.1,36.0,1.1,1075120,2252,0,0,cubic
1.230,28599,19,23040,26.4,26.9,20.1,36.0,1.0,1083213,2256,0,0,cubic
1.237,28885,20,23040,27.3,33.4,20.1,36.0,2.5,1058873,2260,0,0,cubic
1.244,29169,20,24480,28.1,33.8,20.1,36.0,3.5,1038227,2265,0,0,cubic
1.251,29451,20,24480,28.8,33.8,20.1,36.0,4.0,1022284,2269,0,0,cubic
1.258,29729,20,24480,29.4,33.7,20.1,36.0,4.3,1010468,2273,0,0,cubic
1.264,30005,20,24480,30.0,33.7,20.1,36.0,4.3,1001468,2277,0,0,cubic
1.271,30278,21,24480,30.4,33.9,20.1,36.0,4.2,994384,2281,0,0,cubic
1.278,30549,21,25920,30.9,33.7,20.1,36.0,4.0,989954,2286,0,0,cubic
1.285,30818,21,25920,31.2,33.7,20.1,36.0,3.7,987281,2290,0,0,cubic
1.291,31084,21,25920,31.5,33.8,20.1,36.0,3.4,985729,2294,0,0,cubic
1.298,31348,21,25920,31.8,33.7,20.1,36.0,3.1,985507,2298,0,0,cubic
1.305,31609,21,25920,32.0,33.6,20.1,36.0,2.8,986794,2302,0,0,cubic
1.312,31869,22,25920,32.2,33.8,20.1,36.0,2.5,988308,2306,0,0,cubic
1.319,32126,22,27360,32.4,33.8,20.1,36.0,2.3,990473,2311,0,0,cubic
1.325,32381,22,27360,32.6,33.7,20.1,36.0,2.0,993556,2315,0,0,cubic
1.332,32635,22,27360,32.7,33.7,20.1,36.0,1.8,997097,2319,0,0,cubic
1.339,28555,19,27360,32.9,33.7,20.1,36.0,1.6,869095,2323,0,0,cubic
1.346,28598,19,23040,33.0,33.7,20.1,36.0,1.4,867473,2324,0,0,cubic
1.352,28641,19,23040,33.1,33.7,20.1,36.0,1.2,866360,2328,0,0,cubic
1.359,28683,19,23040,33.1,33.7,20.1,36.0,1.1,865536,2332,0,0,cubic
1.366,28725,19,23040,33.2,33.7,20.1,36.0,1.0,864872,2336,0,0,cubic
1.373,28767,19,23040,33.3,33.8,20.1,36.0,0.9,864315,2340,0,0,cubic
1.379,28808,20,23040,33.3,33.8,20.1,36.0,0.8,863833,2344,0,0,cubic
1.386,28850,20,24480,33.4,33.7,20.1,36.0,0.7,863850,2349,0,0,cubic
1.393,28890,20,24480,33.4,33.7,20.1,36.0,0.6,864167,2353,0,0,cubic
1.400,28931,20,24480,33.5,33.8,20.1,36.0,0.5,864282,2357,0,0,cubic
1.413,22186,15,18720,33.5,33.8,20.1,36.0,0.4,661695,2361,0,0,cubic
1.420,22222,15,17280,33.5,33.6,20.1,36.0,0.3,662473,2364,0,0,cubic
1.427,22257,15,17280,33.6,33.8,20.1,36.0,0.3,662884,2368,0,0,cubic
1.434,22293,15,17280,33.6,33.7,20.1,36.0,0.3,663659,2372,0,0,cubic
1.440,22329,15,17280,32.8,27.0,20.1,36.0,1.8,681447,2376,0,0,cubic
1.448,22364,15,17280,32.0,26.7,20.1,36.0,2.9,698634,2380,0,0,cubic
1.454,22398,15,15840,31.1,24.7,20.1,36.0,4.0,720169,2383,0,0,cubic
1.461,22432,15,14400,30.0,22.7,20.1,36.0,5.1,746588,2386,0,0,cubic
1.468,22466,15,14400,28.9,20.6,20.1,36.0,6.2,778204,2390,0,0,cubic
1.475,22500,15,15840,27.8,20.1,20.1,36.0,6.8,810081,2394,0,0,cubic
1.481,22527,15,15840,26.8,20.1,20.1,36.0,7.0,839964,2397,0,0,cubic
0.005,22527,15,0,24.1,20.5,20.1,36.0,5.7,933336,2399,0,0,cubic
0.005,22527,15,0,24.4,26.4,20.1,36.0,4.8,922632,2400,0,0,cubic
0.005,22527,15,0,24.9,28.0,20.1,36.0,4.5,906008,2402,0,0,cubic
0.006,22527,15,0,25.0,26.1,20.1,36.0,3.7,900251,2403,0,0,cubic
0.032,22644,15,17280,25.0,25.2,20.1,36.0,2.8,904168,2419,0,0,cubic
0.038,22677,15,17280,25.6,29.7,20.1,36.0,3.3,885059,2423,0,0,cubic
0.045,22709,15,17280,26.2,30.1,20.1,36.0,3.6,867318,2427,0,0,cubic
0.052,22741,15,17280,26.8,30.9,20.1,36.0,3.9,849590,2431,0,0,cubic
0.066,22804,15,17280,26.8,26.9,20.1,36.0,2.2,851435,2439,0,0,cubic
0.072,22835,15,17280,26.8,26.7,20.1,36.0,1.7,852943,2443,0,0,cubic
0.079,23085,16,17280,26.8,26.7,20.1,36.0,1.3,862571,2447,0,0,cubic
0.086,23441,16,18720,26.8,26.7,20.1,36.0,1.0,876135,2452,0,0,cubic
0.093,23791,16,18720,26.7,26.7,20.1,36.0,0.7,889516,2456,0,0,cubic
0.099,24135,16,18720,26.8,26.8,20.1,36.0,0.6,902175,2460,0,0,cubic
0.106,24475,16,18720,26.8,26.8,20.1,36.0,0.4,914577,2464,0,0,cubic
0.113,24810,17,18720,26.8,26.9,20.1,36.0,0.4,926333,2468,0,0,cubic
0.120,25141,17,20160,26.8,27.0,20.1,36.0,0.3,937817,2473,0,0,cubic
0.126,25467,17,20160,26.8,27.0,20.1,36.0,0.3,949198,2477,0,0,cubic
0.140,26107,18,20160,26.8,27.0,20.1,36.0,0.2,972472,2485,0,0,cubic
0.147,26421,18,21600,26.9,26.9,20.1,36.0,0.2,983839,2490,0,0,cubic
0.154,26732,18,21600,26.9,27.0,20.1,36.0,0.2,994679,2494,0,0,cubic
0.160,27039,18,21600,26.9,27.0,20.1,36.0,0.2,1005541,2498,0,0,cubic
0.167,27342,18,21600,26.9,27.0,20.1,36.0,0.1,1016431,2502,0,0,cubic
0.174,27642,19,21600,26.9,26.9,20.1,36.0,0.1,1027736,2506,0,0,cubic
0.181,27939,19,23040,26.9,26.9,20.1,36.0,0.1,1038894,2511,0,0,cubic
0.188,28232,19,23040,26.9,26.9,20.1,36.0,0.1,1049594,2515,0,0,cubic
0.194,28523,19,23040,26.9,27.0,20.1,36.0,0.1,1059979,2519,0,0,cubic
0.201,28810,20,23040,26.9,27.0,20.1,36.0,0.1,1070208,2523,0,0,cubic
0.208,29095,20,24480,27.7,33.4,20.1,36.0,1.7,1049111,2528,0,0,cubic
0.215,29377,20,24480,28.5,33.7,20.1,36.0,2.7,1031713,2532,0,0,cubic
0.221,29656,20,24480,29.1,33.7,20.1,36.0,3.4,1018301,2536,0,0,cubic
0.228,29933,20,24480,29.7,33.7,20.1,36.0,3.7,1007912,2540,0,0,cubic
0.235,30207,20,24480,30.2,33.7,20.1,36.0,3.8,1000264,2544,0,0,cubic
0.242,30478,21,24480,30.6,33.8,20.1,36.0,3.7,994485,2548,0,0,cubic
0.248,30747,21,25920,31.0,33.7,20.1,36.0,3.6,990815,2553,0,0,cubic
0.255,31014,21,25920,31.4,33.8,20.1,36.0,3.4,988305,2557,0,0,cubic
0.262,31279,21,25920,31.7,33.7,20.1,36.0,3.1,987809,2561,0,0,cubic
0.269,31541,21,25920,31.9,33.7,20.1,36.0,2.8,988064,2565,0,0,cubic
0.276,31801,22,25920,32.1,33.7,20.1,36.0,2.6,989329,2569,0,0,cubic
0.282,32059,22,27360,32.3,33.7,20.1,36.0,2.3,991219,2574,0,0,cubic
0.289,32315,22,27360,32.5,33.8,20.1,36.0,2.1,993635,2578,0,0,cubic
0.296,32568,22,27360,32.7,33.7,20.1,36.0,1.9,996877,2582,0,0,cubic
0.303,32820,22,27360,32.8,33.8,20.1,36.0,1.7,1000274,2586,0,0,cubic
0.309,28717,19,27360,32.9,33.7,20.1,36.0,1.5,872300,2590,0,0,cubic
0.316,28760,19,23040,33.0,33.8,20.1,36.0,1.3,870644,2591,0,0,cubic
0.323,28803,20,23040,33.1,33.8,20.1,36.0,1.2,869288,2595,0,0,cubic
0.330,28845,20,24480,33.2,33.8,20.1,36.0,1.1,868432,2600,0,0,cubic
0.337,28888,20,24480,33.3,33.7,20.1,36.0,0.9,868185,2604,0,0,cubic
0.343,28930,20,24480,33.3,33.7,20.1,36.0,0.8,868038,2608,0,0,cubic
0.350,28971,20,24480,33.4,33.8,20.1,36.0,0.7,867862,2612,0,0,cubic
0.357,29013,20,24480,33.4,33.8,20.1,36.0,0.6,867899,2616,0,0,cubic
0.364,29054,20,24480,33.5,33.8,20.1,36.0,0.6,868009,2620,0,0,cubic
0.370,29095,20,24480,33.5,33.7,20.1,36.0,0.5,868611,2624,0,0,cubic
0.384,22312,15,18720,33.5,33.8,20.1,36.0,0.3,665235,2628,0,0,cubic
0.391,22348,15,17280,33.6,33.7,20.1,36.0,0.3,665812,2631,0,0,cubic
0.398,22384,15,17280,33.6,33.8,20.1,36.0,0.3,666428,2635,0,0,cubic
0.404,22420,15,17280,33.6,33.7,20.1,36.0,0.2,667261,2639,0,0,cubic
0.411,22454,15,17280,32.8,26.9,20.1,36.0,1.8,685325,2643,0,0,cubic
0.419,22490,15,17280,32.0,26.7,20.1,36.0,2.9,702724,2647,0,0,cubic
0.425,22525,15,15840,31.1,24.7,20.1,36.0,4.0,724486,2650,0,0,cubic
0.433,22559,15,15840,30.0,22.5,20.1,36.0,5.2,751590,2654,0,0,cubic
0.438,22594,15,14400,28.9,21.3,20.1,36.0,6.1,781231,2657,0,0,cubic
0.446,22628,15,15840,27.8,20.2,20.1,36.0,6.7,812991,2661,0,0,cubic
0.451,22654,15,15840,26.9,20.1,20.1,36.0,7.0,843065,2664,0,0,cubic
0.458,22686,15,17280,26.0,20.2,20.1,36.0,6.9,871332,2668,0,0,cubic
0.463,22714,15,15840,25.3,20.3,20.1,36.0,6.6,897077,2671,0,0,cubic
0.471,22749,15,18720,24.7,20.5,20.1,36.0,6.1,920229,2676,0,0,cubic
0.475,22775,15,17280,24.2,20.2,20.1,36.0,5.7,942751,2679,0,0,cubic
0.482,22808,15,17280,23.7,20.7,20.1,36.0,5.2,961227,2683,0,0,cubic
0.489,22840,15,17280,23.4,21.1,20.1,36.0,4.5,976235,2687,0,0,cubic
0.495,22872,15,17280,23.1,21.0,20.1,36.0,4.0,990472,2691,0,0,cubic
0.502,22955,15,17280,23.0,22.3,20.1,36.0,3.2,998260,2695,0,0,cubic
0.509,23313,16,17280,23.0,23.0,20.1,36.0,2.4,1013696,2699,0,0,cubic
0.516,23665,16,18720,23.1,23.9,20.1,36.0,2.0,1023882,2704,0,0,cubic
0.523,24011,16,18720,23.3,24.7,20.1,36.0,1.9,1029852,2708,0,0,cubic
0.529,24353,16,18720,23.6,25.7,20.1,36.0,2.1,1031163,2712,0,0,cubic
0.536,24690,17,18720,24.0,26.8,20.1,36.0,2.3,1027893,2716,0,0,cubic
0.543,25022,17,20160,24.4,27.1,20.1,36.0,2.5,1025071,2721,0,0,cubic
0.550,25350,17,20160,24.7,27.0,20.1,36.0,2.6,1024780,2725,0,0,cubic
0.557,25673,17,20160,25.0,27.2,20.1,36.0,2.5,1024993,2729,0,0,cubic
0.563,25993,18,20160,25.3,27.1,20.1,36.0,2.4,1027188,2733,0,0,cubic
0.570,26308,18,21600,25.5,27.0,20.1,36.0,2.2,1030837,2738,0,0,cubic
0.577,26620,18,21600,25.7,27.0,20.1,36.0,2.0,1035717,2742,0,0,cubic
0.584,26928,18,21600,25.9,27.0,20.1,36.0,1.8,1041379,2746,0,0,cubic
0.591,27233,18,21600,26.0,27.0,20.1,36.0,1.7,1047503,2750,0,0,cubic
0.597,27534,19,21600,26.1,26.9,20.1,36.0,1.5,1054578,2754,0,0,cubic
0.604,27832,19,23040,26.2,27.0,20.1,36.0,1.3,1061520,2759,0,0,cubic
0.611,28126,19,23040,26.3,27.0,20.1,36.0,1.2,1068698,2763,0,0,cubic
0.618,28418,19,23040,26.4,26.9,20.1,36.0,1.0,1076928,2767,0,0,cubic
0.624,28707,19,23040,26.5,27.0,20.1,36.0,0.9,1084879,2771,0,0,cubic
0.631,28992,20,23040,27.3,33.4,20.1,36.0,2.4,1060695,2775,0,0,cubic
0.638,29275,20,24480,28.1,33.7,20.1,36.0,3.4,1040962,2780,0,0,cubic
0.645,29556,20,24480,28.8,33.8,20.1,36.0,4.0,1025253,2784,0,0,cubic
0.652,29833,20,24480,29.4,33.7,20.1,36.0,4.2,1013521,2788,0,0,cubic
0.658,30108,20,24480,30.0,33.7,20.1,36.0,4.2,1004738,2792,0,0,cubic
0.665,30380,21,24480,30.4,33.7,20.1,36.0,4.1,998225,2796,0,0,cubic
0.672,30650,21,25920,30.8,33.6,20.1,36.0,3.9,994226,2801,0,0,cubic
0.679,30918,21,25920,31.2,33.7,20.1,36.0,3.6,991342,2805,0,0,cubic
0.685,31183,21,25920,31.5,33.7,20.1,36.0,3.3,989747,2809,0,0,cubic
0.692,31446,21,25920,31.8,33.7,20.1,36.0,3.1,989334,2813,0,0,cubic
0.699,31707,22,25920,32.0,33.6,20.1,36.0,2.8,990317,2817,0,0,cubic
0.706,31966,22,27360,32.2,33.8,20.1,36.0,2.5,991593,2822,0,0,cubic
0.712,32222,22,27360,32.4,33.8,20.1,36.0,2.3,993433,2826,0,0,cubic
0.719,32477,22,27360,32.6,33.8,20.1,36.0,2.0,996257,2830,0,0,cubic
0.726,32729,22,27360,32.7,33.7,20.1,36.0,1.8,999602,2834,0,0,cubic
0.733,28637,19,27360,32.9,33.8,20.1,36.0,1.6,870981,2838,0,0,cubic
0.740,28681,19,23040,33.0,33.7,20.1,36.0,1.4,869648,2839,0,0,cubic
0.746,28723,19,23040,33.1,33.7,20.1,36.0,1.3,868420,2843,0,0,cubic
0.753,28766,19,23040,33.2,33.7,20.1,36.0,1.1,867595,2847,0,0,cubic
0.760,28808,20,23040,33.2,33.7,20.1,36.0,1.0,867162,2851,0,0,cubic
0.767,28850,20,24480,33.3,33.8,20.1,36.0,0.9,866652,2856,0,0,cubic
0.773,28892,20,24480,33.3,33.7,20.1,36.0,0.7,866742,2860,0,0,cubic
0.780,28933,20,24480,33.4,33.8,20.1,36.0,0.7,866335,2864,0,0,cubic
0.787,28974,20,24480,33.4,33.8,20.1,36.0,0.6,866317,2868,0,0,cubic
0.794,29014,20,24480,33.5,33.7,20.1,36.0,0.5,866555,2872,0,0,cubic
0.807,22250,15,18720,33.5,33.7,20.1,36.0,0.4,663288,2876,0,0,cubic
0.814,22285,15,17280,33.6,33.7,20.1,36.0,0.3,663915,2879,0,0,cubic
0.821,22322,15,17280,33.6,33.7,20.1,36.0,0.3,664602,2883,0,0,cubic
0.828,22357,15,17280,33.6,33.8,20.1,36.0,0.3,665030,2887,0,0,cubic
0.834,22392,15,17280,32.8,26.9,20.1,36.0,1.9,683182,2891,0,0,cubic
0.009,22392,15,0,29.0,21.6,20.1,36.0,6.0,772430,2893,0,0,cubic
0.006,22392,15,0,29.3,31.3,20.1,36.0,5.0,764806,2895,0,0,cubic
0.008,22392,15,0,29.0,26.9,20.1,36.0,4.4,772537,2896,0,0,cubic
0.034,22495,15,17280,28.5,25.2,20.1,36.0,4.2,788883,2912,0,0,cubic
0.041,22529,15,17280,28.7,29.7,20.1,36.0,3.5,786133,2916,0,0,cubic
0.047,22563,15,17280,28.7,28.7,20.1,36.0,2.6,787237,2920,0,0,cubic
0.054,22596,15,17280,28.6,28.5,20.1,36.0,2.0,789021,2924,0,0,cubic
0.061,22630,15,17280,28.4,26.6,20.1,36.0,2.0,797252,2928,0,0,cubic
0.068,22663,15,17280,28.0,25.6,20.1,36.0,2.2,808440,2932,0,0,cubic
0.075,22696,15,17280,27.7,25.6,20.1,36.0,2.3,818670,2936,0,0,cubic
0.081,22728,15,17280,27.3,24.7,20.1,36.0,2.5,831218,2940,0,0,cubic
0.088,22760,15,17280,27.0,24.6,20.1,36.0,2.5,843025,2944,0,0,cubic
0.095,22792,15,17280,26.6,24.2,20.1,36.0,2.6,855330,2948,0,0,cubic
0.102,22825,15,17280,26.3,23.5,20.1,36.0,2.7,869291,2952,0,0,cubic
0.108,22856,15,17280,25.9,23.4,20.1,36.0,2.8,882300,2956,0,0,cubic
0.115,22933,15,17280,25.6,23.3,20.1,36.0,2.7,896380,2960,0,0,cubic
0.122,23291,16,17280,25.4,23.8,20.1,36.0,2.5,918595,2964,0,0,cubic
0.129,23643,16,18720,25.1,23.5,20.1,36.0,2.3,941277,2969,0,0,cubic
0.136,23990,16,18720,24.9,23.6,20.1,36.0,2.1,962371,2973,0,0,cubic
0.142,24332,16,18720,24.9,24.5,20.1,36.0,1.7,978092,2977,0,0,cubic
0.149,24669,17,18720,24.8,24.0,20.1,36.0,1.5,995882,2981,0,0,cubic
0.156,25001,17,20160,24.9,25.6,20.1,36.0,1.3,1005065,2986,0,0,cubic
0.163,25329,17,20160,25.1,26.4,20.1,36.0,1.4,1010653,2990,0,0,cubic
0.169,25653,17,20160,25.3,26.9,20.1,36.0,1.5,1014152,2994,0,0,cubic
0.176,25973,18,20160,25.5,27.1,20.1,36.0,1.6,1017910,2998,0,0,cubic
0.183,26289,18,21600,25.7,26.9,20.1,36.0,1.5,1023356,3003,0,0,cubic
0.190,26601,18,21600,25.8,27.0,20.1,36.0,1.5,1029092,3007,0,0,cubic
0.196,26909,18,21600,26.0,27.0,20.1,36.0,1.4,1035359,3011,0,0,cubic
0.203,27214,18,21600,26.1,26.9,20.1,36.0,1.3,1042522,3015,0,0,cubic
0.210,27515,19,21600,26.2,26.9,20.1,36.0,1.1,1050150,3019,0,0,cubic
0.217,27813,19,23040,26.3,26.9,20.1,36.0,1.0,1057890,3024,0,0,cubic
0.224,28108,19,23040,26.4,27.0,20.1,36.0,0.9,1065665,3028,0,0,cubic
0.230,28400,19,23040,26.5,27.2,20.1,36.0,0.9,1072831,3032,0,0,cubic
0.237,28689,19,23040,26.5,27.0,20.1,36.0,0.8,1080890,3036,0,0,cubic
0.244,28975,20,23040,27.4,33.5,20.1,36.0,2.4,1056941,3040,0,0,cubic
0.251,29258,20,24480,28.2,33.7,20.1,36.0,3.3,1037370,3045,0,0,cubic
0.257,29538,20,24480,28.9,33.7,20.1,36.0,3.9,1022252,3049,0,0,cubic
0.264,29816,20,24480,29.5,33.7,20.1,36.0,4.1,1010951,3053,0,0,cubic
0.271,30091,20,24480,30.0,33.8,20.1,36.0,4.2,1001931,3057,0,0,cubic
0.278,30363,21,24480,30.5,33.6,20.1,36.0,4.0,996096,3061,0,0,cubic
0.285,30634,21,25920,30.9,33.7,20.1,36.0,3.8,991905,3066,0,0,cubic
0.291,30901,21,25920,31.2,33.7,20.1,36.0,3.6,989148,3070,0,0,cubic
0.298,31167,21,25920,31.5,33.7,20.1,36.0,3.3,988048,3074,0,0,cubic
0.305,31430,21,25920,31.8,33.7,20.1,36.0,3.0,987991,3078,0,0,cubic
0.312,31691,22,25920,32.1,33.8,20.1,36.0,2.8,988490,3082,0,0,cubic
0.318,31950,22,27360,32.3,33.7,20.1,36.0,2.5,990145,3087,0,0,cubic
0.325,32206,22,27360,32.4,33.7,20.1,36.0,2.2,992664,3091,0,0,cubic
0.332,32461,22,27360,32.6,33.8,20.1,36.0,2.0,995278,3095,0,0,cubic
0.339,32714,22,27360,32.7,33.7,20.1,36.0,1.8,999053,3099,0,0,cubic
0.345,28624,19,27360,32.9,33.7,20.1,36.0,1.6,870983,3103,0,0,cubic
0.352,28668,19,23040,33.0,33.7,20.1,36.0,1.4,869649,3104,0,0,cubic
0.359,28710,19,23040,33.1,33.7,20.1,36.0,1.2,868499,3108,0,0,cubic
0.366,28753,19,23040,33.1,33.6,20.1,36.0,1.1,867962,3112,0,0,cubic
0.373,28795,19,23040,33.2,33.8,20.1,36.0,0.9,867162,3116,0,0,cubic
0.379,28837,20,23040,33.3,33.8,20.1,36.0,0.9,866470,3120,0,0,cubic
0.386,28878,20,24480,33.3,33.7,20.1,36.0,0.8,866270,3125,0,0,cubic
0.393,28920,20,24480,33.4,33.8,20.1,36.0,0.7,865997,3129,0,0,cubic
0.400,28961,20,24480,33.4,33.6,20.1,36.0,0.6,866447,3133,0,0,cubic
0.406,29001,20,24480,33.5,33.8,20.1,36.0,0.5,866529,3137,0,0,cubic
0.420,22239,15,18720,33.5,33.7,20.1,36.0,0.4,663375,3141,0,0,cubic
0.427,22276,15,17280,33.5,33.7,20.1,36.0,0.3,664122,3144,0,0,cubic
0.434,22311,15,17280,33.6,33.7,20.1,36.0,0.3,664730,3148,0,0,cubic
0.440,22347,15,17280,33.6,33.7,20.1,36.0,0.2,665505,3152,0,0,cubic
0.447,22383,15,17280,32.8,27.0,20.1,36.0,1.8,683200,3156,0,0,cubic
0.455,22417,15,17280,32.0,26.7,20.1,36.0,2.9,700509,3160,0,0,cubic
0.461,22453,15,15840,31.1,24.8,20.1,36.0,4.0,722007,3163,0,0,cubic
0.469,22487,15,15840,30.1,22.8,20.1,36.0,5.1,748219,3167,0,0,cubic
0.475,22520,15,14400,28.9,21.1,20.1,36.0,6.0,778215,3170,0,0,cubic
0.482,22555,15,15840,27.8,20.2,20.1,36.0,6.7,810107,3174,0,0,cubic
0.488,22582,15,15840,26.9,20.1,20.1,36.0,7.0,840166,3177,0,0,cubic
0.494,22613,15,17280,26.0,20.2,20.1,36.0,6.9,868494,3181,0,0,cubic
0.499,22641,15,17280,25.5,21.7,20.1,36.0,6.3,887986,3184,0,0,cubic
0.504,22669,15,17280,24.9,20.4,20.1,36.0,6.0,911939,3187,0,0,cubic
0.511,22695,15,17280,24.3,20.6,20.1,36.0,5.5,933105,3191,0,0,cubic
0.516,22727,15,17280,23.8,20.2,20.1,36.0,5.2,954675,3195,0,0,cubic
0.523,22760,15,17280,23.5,21.0,20.1,36.0,4.6,970451,3199,0,0,cubic
0.530,22793,15,17280,23.2,21.3,20.1,36.0,4.0,983134,3203,0,0,cubic
0.537,22835,15,17280,23.0,21.4,20.1,36.0,3.4,994339,3207,0,0,cubic
0.544,23194,16,17280,22.9,22.8,20.1,36.0,2.6,1011116,3211,0,0,cubic
0.550,23548,16,18720,23.0,23.6,20.1,36.0,2.1,1023025,3216,0,0,cubic
0.557,23896,16,18720,23.2,24.5,20.1,36.0,2.0,1029778,3220,0,0,cubic
0.564,24239,16,18720,23.5,25.5,20.1,36.0,2.0,1031798,3224,0,0,cubic
0.571,24578,17,18720,23.9,26.6,20.1,36.0,2.3,1029488,3228,0,0,cubic
0.577,24912,17,20160,24.3,26.9,20.1,36.0,2.5,1027214,3233,0,0,cubic
0.584,25241,17,20160,24.6,26.9,20.1,36.0,2.5,1026766,3237,0,0,cubic
0.591,25566,17,20160,24.9,26.9,20.1,36.0,2.5,1027861,3241,0,0,cubic
0.598,25887,17,20160,25.1,26.9,20.1,36.0,2.4,1030041,3245,0,0,cubic
0.605,26203,18,20160,25.4,27.0,20.1,36.0,2.2,1033241,3249,0,0,cubic
0.611,26516,18,21600,25.6,27.0,20.1,36.0,2.1,1037158,3254,0,0,cubic
0.618,26826,18,21600,25.8,27.0,20.1,36.0,1.9,1041786,3258,0,0,cubic
0.625,27131,18,21600,25.9,27.0,20.1,36.0,1.8,1047488,3262,0,0,cubic
0.632,27434,19,21600,26.0,26.9,20.1,36.0,1.6,1054221,3266,0,0,cubic
0.639,27733,19,23040,26.1,27.0,20.1,36.0,1.4,1060941,3271,0,0,cubic
0.645,28029,19,23040,26.2,27.0,20.1,36.0,1.3,1067771,3275,0,0,cubic
0.652,28321,19,23040,26.3,26.9,20.1,36.0,1.1,1075739,3279,0,0,cubic
0.659,28611,19,23040,26.4,26.9,20.1,36.0,1.0,1083626,3283,0,0,cubic
0.666,28897,20,23040,27.3,33.4,20.1,36.0,2.5,1059274,3287,0,0,cubic
0.672,29181,20,24480,28.1,33.6,20.1,36.0,3.4,1039801,3292,0,0,cubic
0.679,29462,20,24480,28.8,33.7,20.1,36.0,4.0,1024052,3296,0,0,cubic
0.686,29741,20,24480,29.4,33.7,20.1,36.0,4.2,1012080,3300,0,0,cubic
0.693,30017,20,24480,29.9,33.8,20.1,36.0,4.3,1002739,3304,0,0,cubic
0.699,30290,21,24480,30.4,33.7,20.1,36.0,4.1,996283,3308,0,0,cubic
0.706,30561,21,25920,30.8,33.8,20.1,36.0,3.9,991532,3313,0,0,cubic
0.713,30829,21,25920,31.2,33.8,20.1,36.0,3.7,988330,3317,0,0,cubic
0.720,31095,21,25920,31.5,33.7,20.1,36.0,3.4,986860,3321,0,0,cubic
0.727,31359,21,25920,31.8,33.7,20.1,36.0,3.1,986566,3325,0,0,cubic
0.733,31620,21,25920,32.0,33.7,20.1,36.0,2.8,987415,3329,0,0,cubic
0.740,31880,22,25920,32.2,33.6,20.1,36.0,2.5,989539,3333,0,0,cubic
0.747,32137,22,27360,32.4,33.7,20.1,36.0,2.2,991790,3338,0,0,cubic
0.754,32392,22,27360,32.6,33.6,20.1,36.0,2.0,994901,3342,0,0,cubic
0.760,32645,22,27360,32.7,33.7,20.1,36.0,1.8,998348,3346,0,0,cubic
0.767,28564,19,27360,32.8,33.8,20.1,36.0,1.6,869951,3350,0,0,cubic
0.774,28607,19,23040,32.9,33.7,20.1,36.0,1.4,868325,3351,0,0,cubic
0.781,28650,19,23040,33.1,33.8,20.1,36.0,1.3,866842,3355,0,0,cubic
0.788,28693,19,23040,33.1,33.7,20.1,36.0,1.1,866099,3359,0,0,cubic
0.794,28735,19,23040,33.2,33.7,20.1,36.0,1.0,865433,3363,0,0,cubic
0.801,28776,19,23040,33.3,33.8,20.1,36.0,0.9,864871,3367,0,0,cubic
0.808,28818,20,23040,33.3,33.7,20.1,36.0,0.8,864782,3371,0,0,cubic
0.815,28859,20,24480,33.4,33.7,20.1,36.0,0.7,864974,3376,0,0,cubic
0.821,28900,20,24480,33.4,33.7,20.1,36.0,0.6,865062,3380,0,0,cubic
0.828,28941,20,24480,33.5,33.8,20.1,36.0,0.5,865098,3384,0,0,cubic
0.842,22194,15,18775,33.5,33.7,20.1,36.0,0.4,662033,3389,0,0,cubic
0.849,22230,15,17335,33.5,33.7,20.1,36.0,0.4,662632,3392,0,0,cubic
0.855,22266,15,17335,33.6,33.7,20.1,36.0,0.3,663330,3396,0,0,cubic
0.862,22301,15,17335,33.6,33.7,20.1,36.0,0.3,663957,3400,0,0,cubic
0.869,22336,15,17280,32.8,27.0,20.1,36.0,1.9,681786,3404,0,0,cubic
0.877,22372,15,17280,32.0,26.7,20.1,36.0,2.9,699015,3408,0,0,cubic
0.883,22406,15,15840,31.1,24.9,20.1,36.0,4.0,720172,3411,0,0,cubic
0.889,22441,15,14400,30.1,22.8,20.1,36.0,5.1,746291,3414,0,0,cubic
0.896,22475,15,14400,28.9,20.7,20.1,36.0,6.1,777654,3418,0,0,cubic
0.904,22509,15,15840,27.8,20.2,20.1,36.0,6.8,809239,3422,0,0,cubic
0.005,22509,15,0,24.8,20.3,20.1,36.0,6.1,906597,3423,0,0,cubic
0.005,22509,15,0,25.0,26.6,20.1,36.0,5.0,898742,3424,0,0,cubic
0.005,22509,15,0,25.2,26.1,20.1,36.0,4.0,894278,3425,0,0,cubic
0.005,22509,15,0,25.3,26.1,20.1,36.0,3.2,890141,3426,0,0,cubic
0.006,22509,15,0,25.4,26.2,20.1,36.0,2.6,886285,3427,0,0,cubic
0.005,22509,15,0,25.8,28.4,20.1,36.0,2.7,873525,3429,0,0,cubic
0.009,22509,15,0,25.8,26.2,20.1,36.0,2.1,871833,3430,0,0,cubic
0.034,22658,15,17280,25.7,25.2,20.1,36.0,1.8,880400,3446,0,0,cubic
0.041,22690,15,17280,26.2,29.8,20.1,36.0,2.3,864776,3450,0,0,cubic
0.048,22722,15,17280,26.7,29.9,20.1,36.0,2.7,851106,3454,0,0,cubic
0.055,22754,15,17280,27.1,30.0,20.1,36.0,2.8,839383,3458,0,0,cubic
0.061,22786,15,17280,27.1,26.9,20.1,36.0,2.2,841557,3462,0,0,cubic
0.068,22817,15,17280,27.1,26.9,20.1,36.0,1.7,843449,3466,0,0,cubic
0.075,22849,15,17280,27.0,26.9,20.1,36.0,1.3,845288,3470,0,0,cubic
0.084,22879,15,17280,27.0,26.8,20.1,36.0,1.0,847276,3474,0,0,cubic
0.088,23181,16,17280,27.0,26.7,20.1,36.0,0.8,859669,3478,0,0,cubic
0.095,23535,16,18720,26.9,26.7,20.1,36.0,0.7,873932,3483,0,0,cubic
0.102,23883,16,18720,26.9,26.9,20.1,36.0,0.5,886986,3487,0,0,cubic
0.109,24227,16,18720,26.7,25.2,20.1,36.0,0.8,907208,3491,0,0,cubic
0.116,24565,17,18720,26.5,24.9,20.1,36.0,1.1,927786,3495,0,0,cubic
0.122,24899,17,20160,26.3,25.0,20.1,36.0,1.2,947090,3500,0,0,cubic
0.129,25229,17,20160,26.2,25.7,20.1,36.0,1.0,962277,3504,0,0,cubic
0.136,25554,17,20160,26.2,25.8,20.1,36.0,0.9,976573,3508,0,0,cubic
0.143,25875,17,20160,26.2,26.6,20.1,36.0,0.8,986729,3512,0,0,cubic
0.150,26192,18,20160,26.3,26.9,20.1,36.0,0.8,995401,3516,0,0,cubic
0.156,26505,18,21600,26.4,26.9,20.1,36.0,0.7,1004281,3521,0,0,cubic
0.163,26814,18,21600,26.5,27.0,20.1,36.0,0.7,1013187,3525,0,0,cubic
0.170,27120,18,21600,26.5,26.9,20.1,36.0,0.6,1022662,3529,0,0,cubic
0.177,27423,19,21600,26.6,27.0,20.1,36.0,0.6,1031832,3533,0,0,cubic
0.183,27722,19,23040,26.6,26.9,20.1,36.0,0.5,1041280,3538,0,0,cubic
0.190,28018,19,23040,26.7,27.0,20.1,36.0,0.5,1050740,3542,0,0,cubic
0.197,28310,19,23040,26.7,26.9,20.1,36.0,0.4,1060379,3546,0,0,cubic
0.204,28600,19,23040,26.7,26.9,20.1,36.0,0.4,1070038,3550,0,0,cubic
0.211,28887,20,23040,27.6,33.4,20.1,36.0,1.9,1048187,3554,0,0,cubic
0.217,29171,20,24480,28.3,33.9,20.1,36.0,3.0,1028995,3559,0,0,cubic
0.224,29452,20,24480,29.0,33.8,20.1,36.0,3.6,1014571,3563,0,0,cubic
0.231,29730,20,24480,29.6,33.8,20.1,36.0,3.9,1003578,3567,0,0,cubic
0.238,30006,20,24480,30.1,33.8,20.1,36.0,4.0,995488,3571,0,0,cubic
0.244,30280,21,24480,30.6,33.8,20.1,36.0,3.9,989639,3575,0,0,cubic
0.251,30551,21,25920,31.0,33.7,20.1,36.0,3.7,986056,3580,0,0,cubic
0.258,30819,21,25920,31.3,33.7,20.1,36.0,3.5,983909,3584,0,0,cubic
0.265,31085,21,25920,31.6,33.8,20.1,36.0,3.2,982862,3588,0,0,cubic
0.272,31349,21,25920,31.9,33.8,20.1,36.0,2.9,982758,3592,0,0,cubic
0.278,31611,21,25920,32.1,33.7,20.1,36.0,2.7,983938,3596,0,0,cubic
0.285,31870,22,25920,32.3,33.7,20.1,36.0,2.4,986168,3600,0,0,cubic
0.292,32127,22,27360,32.5,33.8,20.1,36.0,2.2,988371,3605,0,0,cubic
0.299,32383,22,27360,32.6,33.6,20.1,36.0,1.9,991913,3609,0,0,cubic
0.305,32636,22,27360,32.8,33.8,20.1,36.0,1.7,995212,3613,0,0,cubic
0.312,28556,19,27360,32.9,33.7,20.1,36.0,1.5,867805,3617,0,0,cubic
0.319,28599,19,23040,33.0,33.8,20.1,36.0,1.4,866216,3618,0,0,cubic
0.326,28642,19,23040,33.1,33.8,20.1,36.0,1.2,864899,3622,0,0,cubic
0.333,28684,19,23040,33.2,33.7,20.1,36.0,1.1,864262,3626,0,0,cubic
0.339,28726,19,23040,33.3,33.7,20.1,36.0,0.9,863861,3630,0,0,cubic
0.346,28768,19,23040,33.3,33.7,20.1,36.0,0.8,863800,3634,0,0,cubic
0.353,28809,20,23040,33.4,33.7,20.1,36.0,0.7,863708,3638,0,0,cubic
0.360,28851,20,24480,33.4,33.7,20.1,36.0,0.6,863828,3643,0,0,cubic
0.366,28892,20,24480,33.4,33.7,20.1,36.0,0.5,864098,3647,0,0,cubic
0.373,28932,20,24480,33.5,33.8,20.1,36.0,0.5,864106,3651,0,0,cubic
0.387,22186,15,18720,33.5,33.7,20.1,36.0,0.4,661498,3655,0,0,cubic
0.394,22223,15,17280,33.6,33.7,20.1,36.0,0.3,662226,3658,0,0,cubic
0.400,22258,15,17280,33.6,33.7,20.1,36.0,0.3,662854,3662,0,0,cubic
0.407,22294,15,17280,33.6,33.8,20.1,36.0,0.3,663393,3666,0,0,cubic
0.417,22345,15,17280,33.2,30.1,20.1,36.0,1.1,673772,3670,0,0,cubic
0.422,22363,15,17280,32.3,26.6,20.1,36.0,2.5,691432,3674,0,0,cubic
0.428,22398,15,15840,31.4,24.7,20.1,36.0,3.8,713743,3677,0,0,cubic
0.434,22433,15,14400,30.3,22.7,20.1,36.0,5.0,740583,3680,0,0,cubic
0.444,22474,15,15840,29.3,22.0,20.1,36.0,5.8,768289,3685,0,0,cubic
0.449,22508,15,14400,28.2,20.6,20.1,36.0,6.5,798920,3688,0,0,cubic
0.456,22542,15,15840,27.2,20.2,20.1,36.0,6.9,829512,3692,0,0,cubic
0.462,22570,15,15840,26.3,20.4,20.1,36.0,6.9,857132,3695,0,0,cubic
0.468,22597,15,17280,25.6,20.1,20.1,36.0,6.7,884215,3699,0,0,cubic
0.475,22626,15,17280,24.9,20.3,20.1,36.0,6.3,908565,3703,0,0,cubic
0.481,22660,15,18720,24.5,21.8,20.1,36.0,5.5,924445,3707,0,0,cubic
0.486,22685,15,18720,24.0,20.5,20.1,36.0,5.1,944775,3710,0,0,cubic
0.491,22709,15,17280,23.6,20.8,20.1,36.0,4.7,962123,3713,0,0,cubic
0.497,22741,15,17280,23.2,20.5,20.1,36.0,4.3,979624,3717,0,0,cubic
0.504,22814,15,17280,23.0,21.6,20.1,36.0,3.6,991481,3721,0,0,cubic
0.511,23173,16,17280,22.9,22.2,20.1,36.0,2.9,1011303,3725,0,0,cubic
0.518,23527,16,18720,22.9,23.0,20.1,36.0,2.2,1026259,3730,0,0,cubic
0.525,23876,16,18720,23.1,23.9,20.1,36.0,1.9,1035790,3734,0,0,cubic
0.531,24219,16,18720,23.3,24.9,20.1,36.0,1.9,1040469,3738,0,0,cubic
0.538,24558,17,18720,23.6,25.8,20.1,36.0,2.0,1041078,3742,0,0,cubic
0.545,24892,17,20160,24.0,27.0,20.1,36.0,2.4,1036734,3747,0,0,cubic
0.552,25221,17,20160,24.4,26.9,20.1,36.0,2.5,1035047,3751,0,0,cubic
0.558,25547,17,20160,24.7,27.0,20.1,36.0,2.5,1034291,3755,0,0,cubic
0.565,25868,17,20160,25.0,27.0,20.1,36.0,2.5,1035175,3759,0,0,cubic
0.572,26185,18,20160,25.2,27.0,20.1,36.0,2.4,1037399,3763,0,0,cubic
0.579,26498,18,21600,25.5,27.0,20.1,36.0,2.2,1040524,3768,0,0,cubic
0.586,26808,18,21600,25.7,27.0,20.1,36.0,2.0,1045023,3772,0,0,cubic
0.592,27113,18,21600,25.8,26.9,20.1,36.0,1.8,1050484,3776,0,0,cubic
0.599,27416,19,21600,25.9,26.9,20.1,36.0,1.6,1056819,3780,0,0,cubic
0.606,27715,19,23040,26.1,26.9,20.1,36.0,1.5,1063507,3785,0,0,cubic
0.613,28011,19,23040,26.2,27.0,20.1,36.0,1.3,1070061,3789,0,0,cubic
0.619,28304,19,23040,26.3,27.0,20.1,36.0,1.2,1077016,3793,0,0,cubic
0.626,28594,19,23040,26.4,27.0,20.1,36.0,1.1,1084420,3797,0,0,cubic
0.633,28881,20,23040,27.2,33.4,20.1,36.0,2.6,1060164,3801,0,0,cubic
0.640,29165,20,24480,28.1,33.7,20.1,36.0,3.5,1039676,3806,0,0,cubic
0.647,29446,20,24480,28.8,33.8,20.1,36.0,4.1,1023710,3810,0,0,cubic
0.653,29724,20,24480,29.4,33.8,20.1,36.0,4.3,1011364,3814,0,0,cubic
0.660,30000,20,24480,29.9,33.6,20.1,36.0,4.3,1002640,3818,0,0,cubic
0.667,30274,21,24480,30.4,33.7,20.1,36.0,4.2,995986,3822,0,0,cubic
0.674,30545,21,25920,30.8,33.8,20.1,36.0,4.0,991141,3827,0,0,cubic
0.680,30813,21,25920,31.2,33.7,20.1,36.0,3.7,988388,3831,0,0,cubic
0.687,31079,21,25920,31.5,33.6,20.1,36.0,3.4,987293,3835,0,0,cubic
0.694,31343,21,25920,31.8,33.7,20.1,36.0,3.1,986870,3839,0,0,cubic
0.701,31605,21,25920,32.0,33.7,20.1,36.0,2.8,987656,3843,0,0,cubic
0.707,31864,22,25920,32.2,33.6,20.1,36.0,2.5,989473,3847,0,0,cubic
0.714,32122,22,27360,32.4,33.6,20.1,36.0,2.2,992001,3852,0,0,cubic
0.721,32377,22,27360,32.5,33.7,20.1,36.0,2.0,994837,3856,0,0,cubic
0.728,32631,22,27360,32.7,33.7,20.1,36.0,1.8,998164,3860,0,0,cubic
0.735,28552,19,27360,32.8,33.8,20.1,36.0,1.6,869824,3864,0,0,cubic
0.741,28595,19,23040,32.9,33.7,20.1,36.0,1.4,868093,3865,0,0,cubic
0.748,28637,19,23040,33.0,33.7,20.1,36.0,1.3,866815,3869,0,0,cubic
0.755,28680,19,23040,33.1,33.7,20.1,36.0,1.1,866020,3873,0,0,cubic
0.762,28722,19,23040,33.2,33.7,20.1,36.0,1.0,865355,3877,0,0,cubic
0.768,28763,19,23040,33.3,33.7,20.1,36.0,0.9,864974,3881,0,0,cubic
0.775,28805,20,23040,33.3,33.7,20.1,36.0,0.8,864677,3885,0,0,cubic
0.782,28846,20,24480,33.4,33.7,20.1,36.0,0.7,864558,3890,0,0,cubic
0.789,28888,20,24480,33.4,33.8,20.1,36.0,0.6,864573,3894,0,0,cubic
0.796,28928,20,24480,33.4,33.7,20.1,36.0,0.5,864864,3898,0,0,cubic
0.809,22184,15,18720,33.5,33.7,20.1,36.0,0.4,661715,3902,0,0,cubic
0.816,22220,15,17280,33.6,33.8,20.1,36.0,0.4,662216,3905,0,0,cubic
0.823,22256,15,17280,33.6,33.7,20.1,36.0,0.3,662953,3909,0,0,cubic
0.829,22291,15,17280,33.6,33.7,20.1,36.0,0.3,663679,3913,0,0,cubic
0.836,22326,15,17280,32.7,26.9,20.1,36.0,1.9,681730,3917,0,0,cubic
0.844,22362,15,17280,32.0,26.6,20.1,36.0,2.9,699205,3921,0,0,cubic
0.850,22396,15,15840,31.1,24.7,20.1,36.0,4.0,720731,3924,0,0,cubic
0.857,22430,15,14400,30.0,22.7,20.1,36.0,5.1,746994,3927,0,0,cubic
0.864,22465,15,14400,28.9,20.7,20.1,36.0,6.2,778520,3931,0,0,cubic
0.871,22499,15,15840,27.8,20.2,20.1,36.0,6.8,810220,3935,0,0,cubic
0.877,22526,15,15840,26.8,20.2,20.1,36.0,7.0,839801,3938,0,0,cubic
0.883,22557,15,17280,26.0,20.2,20.1,36.0,6.9,867910,3942,0,0,cubic
0.888,22585,15,17280,25.3,20.2,20.1,36.0,6.6,894101,3945,0,0,cubic
0.893,22613,15,17280,24.6,20.3,20.1,36.0,6.2,917623,3948,0,0,cubic
0.899,22639,15,17280,24.1,20.6,20.1,36.0,5.7,938093,3952,0,0,cubic
0.905,22671,15,17280,23.6,20.2,20.1,36.0,5.3,959213,3956,0,0,cubic
0.912,22704,15,17280,23.3,20.9,20.1,36.0,4.6,974671,3960,0,0,cubic
0.919,22736,15,17280,23.0,20.9,20.1,36.0,4.1,988822,3964,0,0,cubic
0.926,22812,15,17280,22.9,22.1,20.1,36.0,3.3,997158,3968,0,0,cubic
0.933,23172,16,17280,22.9,22.8,20.1,36.0,2.5,1013205,3972,0,0,cubic
0.939,23437,16,20160,23.0,23.5,20.1,36.0,2.0,1021042,3977,0,0,cubic
0.945,23787,16,18720,23.1,24.0,20.1,36.0,1.8,1030632,3980,0,0,cubic
0.951,24132,16,18720,23.4,25.3,20.1,36.0,1.9,1033092,3984,0,0,cubic
0.958,24472,16,18720,23.6,25.3,20.1,36.0,1.9,1036993,3988,0,0,cubic
0.965,24807,17,18720,23.8,25.3,20.1,36.0,1.8,1041741,3992,0,0,cubic
0.972,25138,17,20160,24.2,27.0,20.1,36.0,2.2,1038417,3997,0,0,cubic
0.978,25464,17,20160,24.5,26.9,20.1,36.0,2.3,1037314,4001,0,0,cubic
0.985,25786,17,20160,24.8,26.9,20.1,36.0,2.3,1038000,4005,0,0,cubic
0.992,26104,18,20160,25.1,26.9,20.1,36.0,2.3,1039917,4009,0,0,cubic
0.999,26418,18,21600,25.3,27.0,20.1,36.0,2.2,1042788,4014,0,0,cubic
1.006,26729,18,21600,25.5,26.9,20.1,36.0,2.0,1046841,4018,0,0,cubic
1.012,27036,18,21600,25.7,27.0,20.1,36.0,1.9,1051329,4022,0,0,cubic
1.019,27339,18,21600,25.9,27.0,20.1,36.0,1.7,1056743,4026,0,0,cubic
1.026,27639,19,21600,26.0,27.0,20.1,36.0,1.6,1062343,4030,0,0,cubic
1.033,27936,19,23040,26.1,26.9,20.1,36.0,1.4,1069197,4035,0,0,cubic
1.039,28229,19,23040,26.2,27.0,20.1,36.0,1.3,1076005,4039,0,0,cubic
1.046,28520,19,23040,26.3,26.8,20.1,36.0,1.1,1084122,4043,0,0,cubic
1.053,28808,20,23040,26.4,27.0,20.1,36.0,1.0,1091418,4047,0,0,cubic
1.060,29092,20,24480,27.3,33.5,20.1,36.0,2.5,1066383,4052,0,0,cubic
1.067,29374,20,24480,28.1,33.7,20.1,36.0,3.5,1045896,4056,0,0,cubic
1.073,29653,20,24480,28.8,33.8,20.1,36.0,4.0,1029868,4060,0,0,cubic
1.080,29930,20,24480,29.4,33.7,20.1,36.0,4.3,1017750,4064,0,0,cubic
1.087,30204,20,24480,29.9,33.7,20.1,36.0,4.3,1008514,4068,0,0,cubic
1.094,30476,21,24480,30.4,33.6,20.1,36.0,4.1,1002236,4072,0,0,cubic
1.100,30745,21,25920,30.8,33.7,20.1,36.0,3.9,997663,4077,0,0,cubic
1.107,31012,21,25920,31.2,33.7,20.1,36.0,3.7,994580,4081,0,0,cubic
1.114,31276,21,25920,31.5,33.7,20.1,36.0,3.4,993014,4085,0,0,cubic
1.121,31538,21,25920,31.8,33.8,20.1,36.0,3.1,992447,4089,0,0,cubic
1.127,31798,22,25920,32.0,33.6,20.1,36.0,2.8,993377,4093,0,0,cubic
1.134,32056,22,27360,32.2,33.7,20.1,36.0,2.5,994909,4098,0,0,cubic
1.141,32312,22,27360,32.4,33.6,20.1,36.0,2.2,997345,4102,0,0,cubic
1.148,32566,22,27360,32.6,33.7,20.1,36.0,2.0,1000030,4106,0,0,cubic
1.155,32818,22,27360,32.7,33.7,20.1,36.0,1.8,1003455,4110,0,0,cubic
1.161,28715,19,27360,32.9,33.9,20.1,36.0,1.6,874071,4114,0,0,cubic
1.168,28758,19,23040,33.0,33.8,20.1,36.0,1.5,872406,4115,0,0,cubic
1.175,28801,20,23040,33.1,33.8,20.1,36.0,1.3,870857,4119,0,0,cubic
1.182,28844,20,24480,33.2,33.8,20.1,36.0,1.2,869790,4124,0,0,cubic
1.188,28886,20,24480,33.2,33.7,20.1,36.0,1.0,869457,4128,0,0,cubic
1.195,28928,20,24480,33.3,33.7,20.1,36.0,0.9,869126,4132,0,0,cubic
1.202,28970,20,24480,33.3,33.7,20.1,36.0,0.8,868952,4136,0,0,cubic
1.209,29011,20,24480,33.4,33.7,20.1,36.0,0.7,869087,4140,0,0,cubic
1.215,29052,20,24480,33.4,33.7,20.1,36.0,0.6,869429,4144,0,0,cubic
1.222,29093,20,24480,33.5,33.8,20.1,36.0,0.5,869485,4148,0,0,cubic
1.236,22310,15,18720,33.5,33.7,20.1,36.0,0.4,665552,4152,0,0,cubic
1.243,22346,15,17280,33.6,33.8,20.1,36.0,0.4,666030,4155,0,0,cubic
1.250,22382,15,17280,33.6,33.8,20.1,36.0,0.3,666388,4159,0,0,cubic
1.256,22417,15,17280,33.6,33.8,20.1,36.0,0.3,666934,4163,0,0,cubic
1.263,22453,15,17280,32.8,27.0,20.1,36.0,1.9,684855,4167,0,0,cubic
1.271,22488,15,17280,32.0,26.7,20.1,36.0,2.9,702332,4171,0,0,cubic
1.277,22523,15,15840,31.1,24.7,20.1,36.0,4.0,724072,4174,0,0,cubic
1.285,22557,15,15840,30.1,22.7,20.1,36.0,5.1,750573,4178,0,0,cubic
1.290,22591,15,14400,29.0,21.3,20.1,36.0,6.0,780291,4181,0,0,cubic
1.298,22626,15,15840,27.9,20.2,20.1,36.0,6.7,812336,4185,0,0,cubic
1.303,22652,15,15840,26.9,20.1,20.1,36.0,7.0,842488,4188,0,0,cubic
1.310,22684,15,17280,26.0,20.2,20.1,36.0,6.9,870887,4192,0,0,cubic
1.315,22712,15,17280,25.3,20.2,20.1,36.0,6.7,897246,4195,0,0,cubic
1.320,22739,15,17280,24.7,20.2,20.1,36.0,6.3,921652,4198,0,0,cubic
1.326,22764,15,17280,24.1,20.4,20.1,36.0,5.8,942842,4202,0,0,cubic
1.332,22798,15,17280,23.6,20.1,20.1,36.0,5.3,964300,4206,0,0,cubic
1.339,22830,15,17280,23.3,20.9,20.1,36.0,4.7,979954,4210,0,0,cubic
1.346,22863,15,17280,23.0,20.9,20.1,36.0,4.1,994173,4214,0,0,cubic
1.352,22894,15,17280,22.9,22.1,20.1,36.0,3.3,1000174,4218,0,0,cubic
1.359,23223,16,17280,22.9,23.0,20.1,36.0,2.5,1013927,4222,0,0,cubic
1.366,23576,16,18720,23.0,23.9,20.1,36.0,2.1,1023886,4227,0,0,cubic
1.373,23924,16,18720,23.2,24.7,20.1,36.0,2.0,1029742,4231,0,0,cubic
1.380,24267,16,18720,23.5,25.8,20.1,36.0,2.1,1030533,4235,0,0,cubic
1.386,24605,17,18720,24.0,26.9,20.1,36.0,2.4,1026919,4239,0,0,cubic
1.393,24938,17,20160,24.3,26.9,20.1,36.0,2.5,1025200,4244,0,0,cubic
1.400,25267,17,20160,24.6,26.9,20.1,36.0,2.6,1025279,4248,0,0,cubic
1.407,25592,17,20160,24.9,27.0,20.1,36.0,2.5,1026266,4252,0,0,cubic
1.413,25912,17,20160,25.2,26.9,20.1,36.0,2.4,1029111,4256,0,0,cubic
1.420,26229,18,20160,25.4,26.9,20.1,36.0,2.2,1032841,4260,0,0,cubic
1.427,26541,18,21600,25.6,26.9,20.1,36.0,2.0,1037446,4265,0,0,cubic
1.434,26850,18,21600,25.8,26.9,20.1,36.0,1.9,1042637,4269,0,0,cubic
1.441,27156,18,21600,25.9,27.0,20.1,36.0,1.7,1048129,4273,0,0,cubic
1.447,27458,19,21600,26.0,26.9,20.1,36.0,1.5,1054576,4277,0,0,cubic
1.454,27757,19,23040,26.1,26.9,20.1,36.0,1.4,1061615,4282,0,0,cubic
1.461,28052,19,23040,26.2,26.9,20.1,36.0,1.2,1068851,4286,0,0,cubic
1.468,28344,19,23040,26.3,26.8,20.1,36.0,1.1,1076981,4290,0,0,cubic
1.474,28634,19,23040,26.4,26.9,20.1,36.0,1.0,1084785,4294,0,0,cubic
1.481,28920,20,23040,27.3,33.4,20.1,36.0,2.5,1060506,4298,0,0,cubic
1.488,29204,20,24480,28.1,33.7,20.1,36.0,3.5,1040250,4303,0,0,cubic
1.495,29485,20,24480,28.8,33.7,20.1,36.0,4.0,1024424,4307,0,0,cubic
1.501,29763,20,24480,29.4,33.7,20.1,36.0,4.2,1012450,4311,0,0,cubic
1.508,30038,20,24480,29.9,33.7,20.1,36.0,4.2,1003541,4315,0,0,cubic
1.515,30312,21,24480,30.4,33.8,20.1,36.0,4.1,996810,4319,0,0,cubic
0.005,30582,21,1837,32.0,33.6,20.1,36.0,2.8,955538,4325,0,0,cubic
0.005,30582,21,0,31.1,26.5,20.1,36.0,3.3,983565,4326,0,0,cubic
0.006,30582,21,0,30.5,26.2,20.1,36.0,3.7,1003313,4327,0,0,cubic
0.006,30582,21,0,30.0,27.0,20.1,36.0,3.6,1017737,4328,0,0,cubic
0.006,30582,21,0,29.7,26.9,20.1,36.0,3.5,1031085,4329,0,0,cubic
0.006,30582,21,0,29.3,26.8,20.1,36.0,3.3,1043504,4330,0,0,cubic
0.006,30582,21,0,29.2,28.8,20.1,36.0,2.6,1045681,4332,0,0,cubic
0.007,30582,21,0,28.9,26.6,20.1,36.0,2.6,1057688,4333,0,0,cubic
0.033,30850,21,25920,29.4,32.8,20.1,36.0,2.9,1049355,4355,0,0,cubic
0.040,31116,21,25920,29.7,32.0,20.1,36.0,2.8,1047006,4359,0,0,cubic
0.047,31380,21,25920,30.6,36.5,20.1,36.5,3.8,1026563,4363,0,0,cubic
0.053,31641,21,25920,31.5,37.8,20.1,37.8,4.7,1005561,4367,0,0,cubic
0.060,31900,22,25920,32.4,39.1,20.1,39.1,5.4,983808,4371,0,0,cubic
0.067,32157,22,27360,32.6,33.7,20.1,39.1,4.4,986895,4376,0,0,cubic
0.074,32413,22,27360,32.7,33.7,20.1,39.1,3.6,990405,4380,0,0,cubic
0.080,32666,22,27360,32.8,33.7,20.1,39.1,2.9,994580,4384,0,0,cubic
0.087,32917,22,27360,32.9,33.7,20.1,39.1,2.4,999119,4388,0,0,cubic
0.094,33166,23,27360,33.0,33.7,20.1,39.1,2.0,1003813,4392,0,0,cubic
0.101,33413,23,28800,33.1,33.7,20.1,39.1,1.7,1008694,4397,0,0,cubic
0.108,33659,23,28800,33.2,33.7,20.1,39.1,1.4,1013886,4401,0,0,cubic
0.114,33902,23,28800,33.3,33.8,20.1,39.1,1.2,1019026,4405,0,0,cubic
0.121,34144,23,28800,33.3,33.7,20.1,39.1,1.0,1024791,4409,0,0,cubic
0.128,34384,23,28800,33.4,33.7,20.1,39.1,0.8,1030664,4413,0,0,cubic
0.134,34623,24,28800,34.3,40.5,20.1,40.5,2.4,1010801,4417,0,0,cubic
0.142,30295,21,30240,35.0,40.5,20.1,40.5,3.4,864608,4422,0,0,cubic
0.148,30339,21,25920,35.7,40.4,20.1,40.5,3.9,849546,4423,0,0,cubic
0.155,30383,21,25920,36.3,40.4,20.1,40.5,4.1,837135,4427,0,0,cubic
0.162,30427,21,25920,36.8,40.6,20.1,40.6,4.1,826214,4431,0,0,cubic
0.168,30471,21,25920,37.3,40.5,20.1,40.6,4.0,817245,4435,0,0,cubic
0.175,30514,21,25920,37.7,40.6,20.1,40.6,3.8,809454,4439,0,0,cubic
0.182,30558,21,25920,37.2,33.7,20.1,40.6,3.9,821606,4443,0,0,cubic
0.189,30601,21,25920,36.8,33.8,20.1,40.6,3.8,832204,4447,0,0,cubic
0.196,30643,21,25920,36.4,33.8,20.1,40.6,3.6,842002,4451,0,0,cubic
0.202,30686,21,25920,36.1,33.7,20.1,40.6,3.3,850970,4455,0,0,cubic
0.216,23531,16,20160,35.5,33.8,20.1,40.6,2.8,662378,4459,0,0,cubic
0.223,23569,16,18720,35.3,33.7,20.1,40.6,2.6,667695,4462,0,0,cubic
0.229,23606,16,18720,35.1,33.8,20.1,40.6,2.3,672344,4466,0,0,cubic
0.236,23643,16,18720,34.9,33.7,20.1,40.6,2.1,676693,4470,0,0,cubic
0.243,23679,16,18720,34.0,27.1,20.1,40.6,3.5,697425,4474,0,0,cubic
0.250,23716,16,18720,33.1,26.9,20.1,40.6,4.4,717058,4478,0,0,cubic
0.258,23752,16,18720,32.3,26.9,20.1,40.6,4.8,735264,4482,0,0,cubic
0.264,23787,16,17280,31.5,25.6,20.1,40.6,5.3,755958,4485,0,0,cubic
0.271,23823,16,17280,30.5,23.8,20.1,40.6,5.9,780928,4489,0,0,cubic
0.279,23858,16,17280,29.5,22.6,20.1,40.6,6.4,808279,4493,0,0,cubic
0.284,23893,16,15840,28.5,21.4,20.1,40.6,6.8,838380,4496,0,0,cubic
0.291,23928,16,15840,27.5,20.9,20.1,40.6,7.0,868593,4500,0,0,cubic
0.297,23963,16,17280,26.6,20.1,20.1,40.6,7.1,900086,4504,0,0,cubic
0.304,23989,16,18720,25.8,20.4,20.1,40.6,6.9,928295,4508,0,0,cubic
0.308,24016,16,18720,25.2,20.4,20.1,40.6,6.5,954531,4511,0,0,cubic
0.314,24043,16,18720,24.6,20.3,20.1,40.6,6.1,979069,4515,0,0,cubic
0.320,24077,16,18720,24.1,20.6,20.1,40.6,5.6,1000872,4519,0,0,cubic
0.327,24110,16,18720,23.7,21.5,20.1,40.6,4.8,1015628,4523,0,0,cubic
0.333,24142,16,18720,23.6,22.2,20.1,40.6,4.0,1025094,4527,0,0,cubic
0.340,24175,16,18720,23.5,23.1,20.1,40.6,3.1,1029117,4531,0,0,cubic
0.347,24242,16,18720,23.6,24.1,20.1,40.6,2.5,1028860,4535,0,0,cubic
0.354,24581,17,18720,23.8,25.1,20.1,40.6,2.2,1034684,4539,0,0,cubic
0.361,24914,17,20160,24.0,25.9,20.1,40.6,2.2,1036959,4544,0,0,cubic
0.368,25244,17,20160,24.4,27.1,20.1,40.6,2.4,1034251,4548,0,0,cubic
0.374,25569,17,20160,24.7,27.1,20.1,40.6,2.5,1033550,4552,0,0,cubic
0.381,25889,17,20160,25.0,27.0,20.1,40.6,2.4,1034566,4556,0,0,cubic
0.388,26206,18,20160,25.3,26.9,20.1,40.6,2.3,1037532,4560,0,0,cubic
0.394,26519,18,21600,25.5,26.9,20.1,40.6,2.1,1041553,4565,0,0,cubic
0.401,26828,18,21600,25.6,26.8,20.1,40.6,1.9,1046701,4569,0,0,cubic
0.408,27134,18,21600,25.8,26.9,20.1,40.6,1.8,1051950,4573,0,0,cubic
0.415,27436,19,21600,25.9,26.9,20.1,40.6,1.6,1057793,4577,0,0,cubic
0.422,27735,19,23040,26.1,27.0,20.1,40.6,1.5,1063825,4582,0,0,cubic
0.428,28031,19,23040,26.2,26.9,20.1,40.6,1.3,1071152,4586,0,0,cubic
0.435,28324,19,23040,26.3,26.9,20.1,40.6,1.2,1078516,4590,0,0,cubic
0.442,28613,19,23040,26.3,26.9,20.1,40.6,1.0,1086129,4594,0,0,cubic
0.449,28900,20,23040,27.2,33.3,20.1,40.6,2.5,1061797,4598,0,0,cubic
0.455,29184,20,24480,28.0,33.6,20.1,40.6,3.5,1041690,4603,0,0,cubic
0.462,29465,20,24480,28.7,33.7,20.1,40.6,4.0,1025904,4607,0,0,cubic
0.469,29743,20,24480,29.4,33.9,20.1,40.6,4.3,1012872,4611,0,0,cubic
0.476,30019,20,24480,29.9,33.7,20.1,40.6,4.3,1003677,4615,0,0,cubic
0.483,30292,21,24480,30.4,33.8,20.1,40.6,4.2,996742,4619,0,0,cubic
0.489,30563,21,25920,30.8,33.8,20.1,40.6,4.0,991886,4624,0,0,cubic
0.006,23399,16,55,32.0,32.0,20.1,40.6,2.1,730990,4626,0,0,cubic
0.006,23399,16,0,31.4,26.8,20.1,40.6,2.9,746189,4627,0,0,cubic
0.005,23399,16,0,30.8,26.7,20.1,40.6,3.4,760423,4628,0,0,cubic
0.006,23399,16,0,30.2,26.5,20.1,40.6,3.6,773955,4629,0,0,cubic
0.006,23399,16,0,29.8,26.7,20.1,40.6,3.6,785306,4630,0,0,cubic
0.006,23399,16,0,29.4,26.9,20.1,40.6,3.4,795100,4631,0,0,cubic
0.006,23399,16,0,29.1,26.8,20.1,40.6,3.2,804144,4632,0,0,cubic
0.006,23399,16,0,29.0,28.6,20.1,40.6,2.5,805889,4634,0,0,cubic
0.007,23399,16,0,28.8,26.8,20.1,40.6,2.5,813623,4635,0,0,cubic
0.032,23919,16,18720,29.2,32.1,20.1,40.6,2.7,819733,4652,0,0,cubic
0.039,23955,16,18720,29.5,31.9,20.1,40.6,2.7,811511,4656,0,0,cubic
0.046,23987,16,18720,29.8,31.6,20.1,40.6,2.5,805527,4661,0,0,cubic
0.053,24020,16,18720,30.0,31.3,20.1,40.6,2.3,801441,4665,0,0,cubic
0.059,24052,16,18720,29.6,27.0,20.1,40.6,2.5,812567,4669,0,0,cubic
0.066,24085,16,18720,29.2,26.5,20.1,40.6,2.6,824433,4673,0,0,cubic
0.073,24117,16,18720,28.9,26.9,20.1,40.6,2.5,833632,4677,0,0,cubic
0.080,24149,16,18720,28.7,27.0,20.1,40.6,2.4,841721,4681,0,0,cubic
0.086,24181,16,18720,28.5,26.9,20.1,40.6,2.2,849469,4685,0,0,cubic
0.093,24212,16,18720,28.3,26.9,20.1,40.6,2.1,856334,4689,0,0,cubic
0.100,24244,16,18720,28.1,27.0,20.1,40.6,1.9,862284,4693,0,0,cubic
0.107,24275,16,18720,28.0,26.9,20.1,40.6,1.7,867956,4697,0,0,cubic
0.114,24306,16,18720,27.8,27.0,20.1,40.6,1.5,872997,4701,0,0,cubic
0.120,24336,16,18720,27.7,27.0,20.1,40.6,1.3,877352,4705,0,0,cubic
0.127,24366,16,18720,27.7,27.1,20.1,40.6,1.2,881070,4709,0,0,cubic
0.134,24396,16,18720,27.6,26.9,20.1,40.6,1.1,885003,4713,0,0,cubic
0.141,24426,16,18720,27.5,26.9,20.1,40.6,1.0,888702,4717,0,0,cubic
0.147,24456,16,18720,27.4,27.0,20.1,40.6,0.8,891871,4721,0,0,cubic
0.154,24484,17,18720,27.3,26.8,20.1,40.6,0.8,895275,4725,0,0,cubic
0.161,24514,17,20160,27.3,27.0,20.1,40.6,0.7,897915,4730,0,0,cubic
0.168,24543,17,20160,27.3,27.0,20.1,40.6,0.6,900264,4734,0,0,cubic
0.174,24571,17,20160,27.2,26.9,20.1,40.6,0.5,902648,4738,0,0,cubic
0.181,24796,17,20160,27.2,27.1,20.1,40.6,0.4,911651,4742,0,0,cubic
0.188,25126,17,20160,27.2,27.0,20.1,40.6,0.4,924497,4746,0,0,cubic
0.195,25453,17,20160,27.1,26.9,20.1,40.6,0.3,937633,4750,0,0,cubic
0.202,25775,17,20160,27.1,27.1,20.1,40.6,0.3,949530,4754,0,0,cubic
0.208,26093,18,20160,27.1,27.0,20.1,40.6,0.2,961882,4758,0,0,cubic
0.215,26408,18,21600,27.1,27.0,20.1,40.6,0.2,974033,4763,0,0,cubic
0.222,26718,18,21600,27.1,27.0,20.1,40.6,0.2,985904,4767,0,0,cubic
0.229,27025,18,21600,27.1,26.9,20.1,40.6,0.2,998190,4771,0,0,cubic
0.236,27329,18,21600,27.1,27.0,20.1,40.6,0.2,1009866,4775,0,0,cubic
0.242,27629,19,21600,27.0,26.9,20.1,40.6,0.2,1021669,4779,0,0,cubic
0.249,27926,19,23040,27.0,26.9,20.1,40.6,0.1,1033148,4784,0,0,cubic
0.256,28219,19,23040,27.0,26.9,20.1,40.6,0.1,1044529,4788,0,0,cubic
0.263,28510,19,23040,27.0,26.9,20.1,40.6,0.1,1055769,4792,0,0,cubic
0.269,28798,19,23040,27.0,26.9,20.1,40.6,0.1,1066750,4796,0,0,cubic
0.276,29083,20,23040,27.8,33.4,20.1,40.6,1.7,1046339,4800,0,0,cubic
0.283,29365,20,24480,28.5,33.7,20.1,40.6,2.7,1029267,4805,0,0,cubic
0.290,29644,20,24480,29.2,33.7,20.1,40.6,3.3,1015936,4809,0,0,cubic
0.296,29921,20,24480,29.7,33.7,20.1,40.6,3.6,1005916,4813,0,0,cubic
0.303,30195,20,24480,30.2,33.8,20.1,40.6,3.7,998247,4817,0,0,cubic
0.310,30466,21,24480,30.7,33.8,20.1,40.6,3.7,992765,4821,0,0,cubic
0.317,30736,21,25920,31.1,33.8,20.1,40.6,3.5,989218,4826,0,0,cubic
0.324,31002,21,25920,31.4,33.7,20.1,40.6,3.3,987230,4830,0,0,cubic
0.330,31267,21,25920,31.7,33.7,20.1,40.6,3.1,986714,4834,0,0,cubic
0.337,31529,21,25920,31.9,33.7,20.1,40.6,2.8,987070,4838,0,0,cubic
0.344,31789,22,25920,32.2,33.7,20.1,40.6,2.5,988279,4842,0,0,cubic
0.351,32047,22,27360,32.4,33.6,20.1,40.6,2.3,990603,4847,0,0,cubic
0.357,32303,22,27360,32.5,33.7,20.1,40.6,2.0,993418,4851,0,0,cubic
0.364,32557,22,27360,32.7,33.7,20.1,40.6,1.8,996541,4855,0,0,cubic
0.371,32809,22,27360,32.8,33.8,20.1,40.6,1.6,1000121,4859,0,0,cubic
0.378,28707,19,27360,32.9,33.7,20.1,40.6,1.5,871996,4863,0,0,cubic
0.385,28751,19,23040,33.0,33.7,20.1,40.6,1.3,870688,4864,0,0,cubic
0.391,28793,19,23040,33.1,33.8,20.1,40.6,1.2,869380,4868,0,0,cubic
0.398,28836,20,23040,33.2,33.7,20.1,40.6,1.0,868737,4872,0,0,cubic
0.405,28879,20,24480,33.3,33.7,20.1,40.6,0.9,868462,4877,0,0,cubic
0.412,28920,20,24480,33.3,33.7,20.1,40.6,0.8,868259,4881,0,0,cubic
0.418,28962,20,24480,33.4,33.7,20.1,40.6,0.7,868113,4885,0,0,cubic
0.425,29003,20,24480,33.4,33.8,20.1,40.6,0.6,868067,4889,0,0,cubic
0.432,29044,20,24480,33.4,33.6,20.1,40.6,0.5,868670,4893,0,0,cubic
0.439,29085,20,24480,33.5,33.7,20.1,40.6,0.4,869116,4897,0,0,cubic
0.452,22305,15,18720,33.5,33.7,20.1,40.6,0.4,665205,4901,0,0,cubic
0.459,22341,15,17280,33.6,33.8,20.1,40.6,0.3,665742,4904,0,0,cubic
0.466,22377,15,17280,33.6,33.7,20.1,40.6,0.3,666458,4908,0,0,cubic
0.473,22412,15,17280,33.6,33.7,20.1,40.6,0.2,667162,4912,0,0,cubic
0.479,22447,15,17280,32.8,26.9,20.1,40.6,1.9,685383,4916,0,0,cubic
0.487,22483,15,17280,32.0,26.6,20.1,40.6,2.9,702879,4920,0,0,cubic
0.493,22517,15,15840,31.1,24.7,20.1,40.6,4.0,724671,4923,0,0,cubic
0.500,22552,15,14400,30.0,22.8,20.1,40.6,5.1,750807,4926,0,0,cubic
0.507,22586,15,14400,28.9,21.3,20.1,40.6,6.0,780388,4930,0,0,cubic
0.514,22620,15,15840,27.8,20.2,20.1,40.6,6.7,812324,4934,0,0,cubic
0.520,22647,15,15840,26.9,20.2,20.1,40.6,6.9,842302,4937,0,0,cubic
0.526,22679,15,17280,26.0,20.2,20.1,40.6,6.9,870661,4941,0,0,cubic
0.531,22706,15,17280,25.3,20.2,20.1,40.6,6.6,896974,4944,0,0,cubic
0.536,22734,15,15840,24.7,20.5,20.1,40.6,6.2,919846,4947,0,0,cubic
0.543,22767,15,18720,24.2,20.6,20.1,40.6,5.7,940785,4952,0,0,cubic
0.548,22792,15,17280,23.8,20.7,20.1,40.6,5.1,959340,4955,0,0,cubic
0.555,22825,15,17280,23.4,20.8,20.1,40.6,4.6,975677,4959,0,0,cubic
0.005,22825,15,2641,23.0,22.9,20.1,40.6,2.5,994423,4962,0,0,cubic
0.006,22825,15,0,23.7,26.0,20.1,40.6,2.6,964586,4963,0,0,cubic
0.005,22825,15,0,24.0,26.6,20.1,40.6,2.7,949814,4964,0,0,cubic
0.006,22825,15,0,24.3,26.1,20.1,40.6,2.6,939532,4965,0,0,cubic
0.006,22825,15,0,24.6,27.1,20.1,40.6,2.6,926001,4966,0,0,cubic
0.005,22825,15,0,24.9,26.7,20.1,40.6,2.5,916298,4967,0,0,cubic
0.008,22825,15,0,25.3,28.4,20.1,40.6,2.7,900465,4969,0,0,cubic
0.007,22825,15,0,25.9,29.6,20.1,40.6,3.1,882159,4970,0,0,cubic
0.033,22738,15,17280,25.8,25.2,20.1,40.6,2.5,881659,4986,0,0,cubic
0.040,22861,15,17280,26.3,29.8,20.1,40.6,2.9,869702,4990,0,0,cubic
0.046,23220,16,17280,26.8,30.0,20.1,40.6,3.1,867972,4994,0,0,cubic
0.053,23573,16,18720,27.2,30.4,20.1,40.6,3.2,866590,4999,0,0,cubic
0.060,23921,16,18720,27.2,27.0,20.1,40.6,2.5,880354,5003,0,0,cubic
0.067,24264,16,18720,27.1,26.9,20.1,40.6,1.9,894228,5007,0,0,cubic
0.074,24602,17,18720,27.1,27.0,20.1,40.6,1.5,907421,5011,0,0,cubic
0.080,24936,17,20160,27.1,27.0,20.1,40.6,1.1,920147,5016,0,0,cubic
0.087,25265,17,20160,27.1,27.1,20.1,40.6,0.9,932494,5020,0,0,cubic
0.094,25589,17,20160,27.1,26.8,20.1,40.6,0.7,945709,5024,0,0,cubic
0.101,25910,17,20160,27.0,27.0,20.1,40.6,0.6,958068,5028,0,0,cubic
0.107,26226,18,20160,27.0,27.0,20.1,40.6,0.4,969932,5032,0,0,cubic
0.114,26539,18,21600,27.0,27.0,20.1,40.6,0.3,981907,5037,0,0,cubic
0.121,26848,18,21600,27.0,27.0,20.1,40.6,0.3,993413,5041,0,0,cubic
0.128,27154,18,21600,27.0,26.9,20.1,40.6,0.2,1005294,5045,0,0,cubic
0.135,27456,19,21600,27.0,26.9,20.1,40.6,0.2,1016813,5049,0,0,cubic
0.141,27754,19,23040,27.0,27.0,20.1,40.6,0.1,1028002,5054,0,0,cubic
0.148,28050,19,23040,27.0,26.9,20.1,40.6,0.1,1039620,5058,0,0,cubic
0.155,28342,19,23040,27.0,27.0,20.1,40.6,0.1,1050520,5062,0,0,cubic
0.162,28632,19,23040,27.0,26.9,20.1,40.6,0.1,1061505,5066,0,0,cubic
0.168,28918,20,23040,27.8,33.4,20.1,40.6,1.7,1041189,5070,0,0,cubic
0.175,29202,20,24480,28.5,33.8,20.1,40.6,2.8,1023841,5075,0,0,cubic
0.182,29483,20,24480,29.2,33.7,20.1,40.6,3.4,1010834,5079,0,0,cubic
0.189,29761,20,24480,29.7,33.6,20.1,40.6,3.6,1001278,5083,0,0,cubic
0.195,30037,20,24480,30.2,33.8,20.1,40.6,3.7,993615,5087,0,0,cubic
0.202,30310,21,24480,30.7,33.7,20.1,40.6,3.7,988519,5091,0,0,cubic
0.209,30580,21,25920,31.0,33.7,20.1,40.6,3.5,984990,5096,0,0,cubic
0.216,30848,21,25920,31.4,33.7,20.1,40.6,3.3,983234,5100,0,0,cubic
0.223,31114,21,25920,31.7,33.8,20.1,40.6,3.1,982071,5104,0,0,cubic
0.229,31378,21,25920,31.9,33.8,20.1,40.6,2.8,982127,5108,0,0,cubic
0.236,31639,21,25920,32.2,33.7,20.1,40.6,2.6,983463,5112,0,0,cubic
0.243,31899,22,25920,32.4,33.8,20.1,40.6,2.3,985327,5116,0,0,cubic
0.250,32156,22,27360,32.5,33.8,20.1,40.6,2.1,987956,5121,0,0,cubic
0.256,32411,22,27360,32.7,33.7,20.1,40.6,1.9,991283,5125,0,0,cubic
0.263,32664,22,27360,32.8,33.6,20.1,40.6,1.6,995671,5129,0,0,cubic
0.272,28580,19,25920,33.1,35.4,20.1,40.6,1.9,862688,5133,0,0,cubic
0.278,28624,19,23040,33.4,35.6,20.1,40.6,2.0,856134,5135,0,0,cubic
0.285,28666,19,23040,33.7,35.3,20.1,40.6,2.0,851406,5139,0,0,cubic
0.292,28709,19,23040,33.9,35.4,20.1,40.6,1.9,847198,5143,0,0,cubic
0.299,28751,19,23040,34.1,35.5,20.1,40.6,1.9,843310,5147,0,0,cubic
0.305,28792,19,23040,34.0,33.8,20.1,40.6,1.5,845580,5151,0,0,cubic
0.312,28835,20,23040,34.0,33.8,20.1,40.6,1.2,847664,5155,0,0,cubic
0.319,28876,20,24480,34.0,33.7,20.1,40.6,0.9,849793,5160,0,0,cubic
0.326,28917,20,24480,33.9,33.6,20.1,40.6,0.8,852053,5164,0,0,cubic
0.333,28957,20,24480,33.9,33.6,20.1,40.6,0.7,854213,5168,0,0,cubic
0.346,22206,15,18720,33.9,33.6,20.1,40.6,0.5,655895,5172,0,0,cubic
0.353,22242,15,17280,33.8,33.7,20.1,40.6,0.4,657424,5175,0,0,cubic
0.360,22277,15,17280,33.8,33.7,20.1,40.6,0.3,658829,5179,0,0,cubic
0.367,22313,15,17280,33.8,33.8,20.1,40.6,0.3,659991,5183,0,0,cubic
0.373,22348,15,17280,32.9,26.9,20.1,40.6,1.9,678342,5187,0,0,cubic
0.381,22383,15,17280,32.1,26.6,20.1,40.6,3.0,696270,5191,0,0,cubic
0.388,22418,15,15840,31.2,24.7,20.1,40.6,4.1,718272,5194,0,0,cubic
0.394,22452,15,14400,30.1,22.6,20.1,40.6,5.3,744948,5197,0,0,cubic
0.402,22487,15,14400,28.9,20.6,20.1,40.6,6.3,776914,5201,0,0,cubic
0.407,22521,15,14400,27.9,20.2,20.1,40.6,6.9,808624,5204,0,0,cubic
0.414,22551,15,15840,26.9,20.3,20.1,40.6,7.1,838015,5208,0,0,cubic
0.419,22579,15,15840,26.1,20.1,20.1,40.6,7.0,866323,5211,0,0,cubic
0.426,22607,15,17280,25.4,20.4,20.1,40.6,6.7,891583,5215,0,0,cubic
0.432,22634,15,18720,24.8,20.7,20.1,40.6,6.2,913840,5219,0,0,cubic
0.436,22661,15,17280,24.2,20.2,20.1,40.6,5.8,936753,5222,0,0,cubic
0.443,22694,15,17280,23.7,20.2,20.1,40.6,5.3,958118,5226,0,0,cubic
0.450,22726,15,17280,23.3,20.4,20.1,40.6,4.8,976412,5230,0,0,cubic
0.456,22759,15,17280,23.0,21.3,20.1,40.6,4.1,988275,5234,0,0,cubic
0.463,22821,15,17280,22.9,21.9,20.1,40.6,3.4,996898,5238,0,0,cubic
0.470,23181,16,17280,22.9,22.7,20.1,40.6,2.6,1013465,5242,0,0,cubic
0.477,23535,16,18720,23.0,23.6,20.1,40.6,2.1,1024954,5247,0,0,cubic
0.484,23883,16,18720,23.2,24.5,20.1,40.6,2.0,1031484,5251,0,0,cubic
0.490,24226,16,18720,23.5,25.6,20.1,40.6,2.1,1032827,5255,0,0,cubic
0.497,24565,17,18720,23.9,26.6,20.1,40.6,2.3,1029935,5259,0,0,cubic
0.504,24899,17,20160,24.2,26.9,20.1,40.6,2.5,1027355,5264,0,0,cubic
0.511,25228,17,20160,24.6,26.9,20.1,40.6,2.5,1027115,5268,0,0,cubic
0.517,25553,17,20160,24.9,26.9,20.1,40.6,2.5,1028248,5272,0,0,cubic
0.524,25874,17,20160,25.1,27.0,20.1,40.6,2.4,1030179,5276,0,0,cubic
0.531,26191,18,20160,25.3,26.9,20.1,40.6,2.2,1033542,5280,0,0,cubic
0.538,26505,18,21600,25.5,27.0,20.1,40.6,2.1,1037661,5285,0,0,cubic
0.544,26814,18,21600,25.7,27.0,20.1,40.6,1.9,1042372,5289,0,0,cubic
0.551,27120,18,21600,25.9,27.0,20.1,40.6,1.8,1047913,5293,0,0,cubic
0.558,27422,19,21600,26.0,27.0,20.1,40.6,1.6,1054084,5297,0,0,cubic
0.565,27721,19,23040,26.1,26.9,20.1,40.6,1.4,1060847,5302,0,0,cubic
0.572,28017,19,23040,26.2,26.9,20.1,40.6,1.3,1068128,5306,0,0,cubic
0.578,28310,19,23040,26.3,27.0,20.1,40.6,1.1,1075444,5310,0,0,cubic
0.585,28600,19,23040,26.4,27.1,20.1,40.6,1.0,1082595,5314,0,0,cubic
0.592,28887,20,23040,27.3,33.5,20.1,40.6,2.5,1058170,5318,0,0,cubic
0.599,29171,20,24480,28.1,33.8,20.1,40.6,3.5,1037892,5323,0,0,cubic
0.606,29452,20,24480,28.8,33.7,20.1,40.6,4.0,1022319,5327,0,0,cubic
0.612,29730,20,24480,29.4,33.8,20.1,40.6,4.3,1010296,5331,0,0,cubic
0.619,30006,20,24480,30.0,33.7,20.1,40.6,4.3,1001568,5335,0,0,cubic
0.626,30279,21,24480,30.4,33.7,20.1,40.6,4.1,995168,5339,0,0,cubic
0.633,30550,21,25920,30.8,33.7,20.1,40.6,3.9,990628,5344,0,0,cubic
0.639,30819,21,25920,31.2,33.7,20.1,40.6,3.7,987883,5348,0,0,cubic
0.646,31085,21,25920,31.5,33.7,20.1,40.6,3.4,986668,5352,0,0,cubic
0.653,31349,21,25920,31.8,33.8,20.1,40.6,3.1,986220,5356,0,0,cubic
0.660,31610,21,25920,32.0,33.7,20.1,40.6,2.8,986948,5360,0,0,cubic
0.667,31870,22,25920,32.2,33.7,20.1,40.6,2.5,988738,5364,0,0,cubic
0.673,32127,22,27360,32.4,33.8,20.1,40.6,2.3,990840,5369,0,0,cubic
0.680,32383,22,27360,32.6,33.8,20.1,40.6,2.0,993617,5373,0,0,cubic
0.687,32636,22,27360,32.7,33.6,20.1,40.6,1.8,997554,5377,0,0,cubic
0.694,28556,19,27360,32.8,33.7,20.1,40.6,1.6,869549,5381,0,0,cubic
0.700,28599,19,23040,33.0,33.8,20.1,40.6,1.4,867819,5382,0,0,cubic
0.707,28642,19,23040,33.0,33.6,20.1,40.6,1.2,866967,5386,0,0,cubic
0.714,28684,19,23040,33.1,33.8,20.1,40.6,1.1,865749,5390,0,0,cubic
0.721,28727,19,23040,33.2,33.8,20.1,40.6,1.0,864828,5394,0,0,cubic
0.728,28768,19,23040,33.3,33.7,20.1,40.6,0.9,864604,5398,0,0,cubic
0.734,28810,20,23040,33.3,33.7,20.1,40.6,0.8,864334,5402,0,0,cubic
0.741,28851,20,24480,33.4,33.7,20.1,40.6,0.7,864449,5407,0,0,cubic
0.748,28891,20,24480,33.4,33.7,20.1,40.6,0.6,864689,5411,0,0,cubic
0.755,28933,20,24480,33.4,33.7,20.1,40.6,0.5,865143,5415,0,0,cubic
0.768,22188,15,18720,33.5,33.7,20.1,40.6,0.4,662348,5419,0,0,cubic
0.775,22224,15,17280,33.5,33.7,20.1,40.6,0.3,662947,5422,0,0,cubic
0.782,22260,15,17280,33.6,33.9,20.1,40.6,0.3,663230,5426,0,0,cubic
0.788,22296,15,17280,33.6,33.7,20.1,40.6,0.3,664065,5430,0,0,cubic
0.795,22330,15,17280,32.7,26.8,20.1,40.6,1.9,682227,5434,0,0,cubic
0.803,22365,15,17280,32.0,26.6,20.1,40.6,2.9,699562,5438,0,0,cubic
0.809,22400,15,15840,31.1,24.7,20.1,40.6,4.0,721161,5441,0,0,cubic
0.815,22434,15,14400,30.0,22.6,20.1,40.6,5.1,747625,5444,0,0,cubic
0.823,22469,15,14400,28.8,20.6,20.1,40.6,6.2,779388,5448,0,0,cubic
0.830,22502,15,15840,27.9,21.7,20.1,40.6,6.4,805570,5452,0,0,cubic
0.836,22529,15,15840,27.0,20.1,20.1,40.6,6.8,835676,5455,0,0,cubic
0.842,22561,15,17280,26.1,20.2,20.1,40.6,6.8,864075,5459,0,0,cubic
0.847,22589,15,17280,25.4,20.2,20.1,40.6,6.6,890382,5462,0,0,cubic
0.852,22617,15,17280,24.8,20.5,20.1,40.6,6.1,913596,5465,0,0,cubic
0.859,22642,15,17280,24.2,20.5,20.1,40.6,5.7,934847,5469,0,0,cubic
0.867,22685,15,17280,24.0,22.2,20.1,40.6,4.8,946588,5473,0,0,cubic
0.871,22708,15,17280,23.6,20.9,20.1,40.6,4.3,963060,5477,0,0,cubic
0.878,22739,15,17280,23.2,20.8,20.1,40.6,4.0,978905,5481,0,0,cubic
0.885,22814,15,17280,23.1,21.9,20.1,40.6,3.3,989031,5485,0,0,cubic
0.892,23173,16,17280,23.0,22.9,20.1,40.6,2.5,1005467,5489,0,0,cubic
0.899,23527,16,18720,23.1,23.7,20.1,40.6,2.0,1017295,5494,0,0,cubic
0.905,23876,16,18720,23.3,24.6,20.1,40.6,1.9,1024281,5498,0,0,cubic
0.912,24219,16,18720,23.6,25.6,20.1,40.6,2.0,1026359,5502,0,0,cubic
0.919,24558,17,18720,24.0,26.6,20.1,40.6,2.3,1024359,5506,0,0,cubic
0.926,24892,17,20160,24.3,27.0,20.1,40.6,2.4,1022300,5511,0,0,cubic
0.933,25222,17,20160,24.7,27.1,20.1,40.6,2.5,1021505,5515,0,0,cubic
0.939,25547,17,20160,25.0,27.0,20.1,40.6,2.5,1022780,5519,0,0,cubic
0.946,25868,17,20160,25.2,26.9,20.1,40.6,2.3,1025571,5523,0,0,cubic
0.953,26185,18,20160,25.4,27.0,20.1,40.6,2.2,1029284,5527,0,0,cubic
0.960,26498,18,21600,25.6,27.0,20.1,40.6,2.0,1033664,5532,0,0,cubic
0.966,26808,18,21600,25.8,26.9,20.1,40.6,1.8,1039230,5536,0,0,cubic
0.973,27114,18,21600,25.9,26.8,20.1,40.6,1.6,1046024,5540,0,0,cubic
0.980,27416,19,21600,26.0,26.9,20.1,40.6,1.5,1052841,5544,0,0,cubic
0.987,27715,19,23040,26.2,27.1,20.1,40.6,1.4,1059158,5549,0,0,cubic
0.994,28011,19,23040,26.3,27.0,20.1,40.6,1.2,1066192,5553,0,0,cubic
1.000,28304,19,23040,26.4,27.0,20.1,40.6,1.1,1073422,5557,0,0,cubic
1.007,28594,19,23040,26.4,26.9,20.1,40.6,1.0,1081917,5561,0,0,cubic
1.014,28881,20,23040,27.3,33.4,20.1,40.6,2.5,1057989,5565,0,0,cubic
1.021,29165,20,24480,28.1,33.9,20.1,40.6,3.5,1037014,5570,0,0,cubic
1.028,29446,20,24480,28.8,33.8,20.1,40.6,4.0,1021260,5574,0,0,cubic
1.034,29724,20,24480,29.4,33.7,20.1,40.6,4.3,1009441,5578,0,0,cubic
1.041,30000,20,24480,30.0,33.8,20.1,40.6,4.3,1000233,5582,0,0,cubic
1.048,30274,21,24480,30.4,33.7,20.1,40.6,4.1,994220,5586,0,0,cubic
1.055,30545,21,25920,30.8,33.5,20.1,40.6,3.9,990530,5591,0,0,cubic
1.061,30813,21,25920,31.2,33.7,20.1,40.6,3.6,987881,5595,0,0,cubic
1.068,31079,21,25920,31.5,33.8,20.1,40.6,3.4,986259,5599,0,0,cubic
1.075,31343,21,25920,31.8,33.7,20.1,40.6,3.1,986094,5603,0,0,cubic
1.082,31605,21,25920,32.0,33.7,20.1,40.6,2.8,987101,5607,0,0,cubic
1.088,31865,22,25920,32.2,33.7,20.1,40.6,2.5,988797,5611,0,0,cubic
1.095,32122,22,27360,32.4,33.7,20.1,40.6,2.2,991297,5616,0,0,cubic
1.102,32377,22,27360,32.6,33.9,20.1,40.6,2.0,993525,5620,0,0,cubic
1.109,32631,22,27360,32.7,33.7,20.1,40.6,1.8,997097,5624,0,0,cubic
1.116,28552,19,27360,32.9,33.8,20.1,40.6,1.6,869030,5628,0,0,cubic
1.122,28595,19,23040,33.0,33.7,20.1,40.6,1.4,867461,5629,0,0,cubic
1.129,28637,19,23040,33.1,33.8,20.1,40.6,1.3,866108,5633,0,0,cubic
1.136,28680,19,23040,33.1,33.6,20.1,40.6,1.1,865706,5637,0,0,cubic
1.143,28722,19,23040,33.2,33.8,20.1,40.6,1.0,864886,5641,0,0,cubic
1.149,28764,19,23040,33.3,33.6,20.1,40.6,0.8,864822,5645,0,0,cubic
1.156,28805,20,23040,33.3,33.7,20.1,40.6,0.7,864547,5649,0,0,cubic
1.163,28846,20,24480,33.4,33.8,20.1,40.6,0.7,864377,5654,0,0,cubic
1.170,28887,20,24480,33.4,33.7,20.1,40.6,0.6,864621,5658,0,0,cubic
1.176,28928,20,24480,33.5,33.7,20.1,40.6,0.5,864787,5662,0,0,cubic
1.190,22184,15,18720,33.5,33.8,20.1,40.6,0.4,661695,5666,0,0,cubic
1.197,22219,15,17280,33.6,33.8,20.1,40.6,0.4,662048,5669,0,0,cubic
1.204,22255,15,17280,33.6,33.7,20.1,40.6,0.3,662765,5673,0,0,cubic
1.210,22291,15,17280,33.6,33.7,20.1,40.6,0.3,663442,5677,0,0,cubic
1.217,22326,15,17280,32.8,26.9,20.1,40.6,1.9,681418,5681,0,0,cubic
1.225,22361,15,17280,32.0,26.6,20.1,40.6,3.0,698934,5685,0,0,cubic
1.231,22395,15,15840,31.1,24.7,20.1,40.6,4.0,720420,5688,0,0,cubic
1.238,22430,15,14400,30.0,22.8,20.1,40.6,5.1,746497,5691,0,0,cubic
1.245,22465,15,14400,28.9,20.7,20.1,40.6,6.2,777981,5695,0,0,cubic
1.252,22498,15,15840,27.8,20.2,20.1,40.6,6.8,809426,5699,0,0,cubic
1.258,22525,15,15840,26.8,20.1,20.1,40.6,7.0,839326,5702,0,0,cubic
1.264,22556,15,17280,26.2,21.7,20.1,40.6,6.5,861146,5706,0,0,cubic
1.270,22584,15,17280,25.4,20.2,20.1,40.6,6.4,887596,5709,0,0,cubic
1.276,22613,15,18720,24.8,20.5,20.1,40.6,6.0,910969,5713,0,0,cubic
1.281,22638,15,17280,24.3,20.4,20.1,40.6,5.6,932756,5716,0,0,cubic
1.287,22671,15,17280,23.8,20.1,20.1,40.6,5.3,954528,5720,0,0,cubic
1.293,22703,15,17280,23.3,20.4,20.1,40.6,4.8,973208,5724,0,0,cubic
1.300,22735,15,17280,23.1,21.1,20.1,40.6,4.1,986162,5728,0,0,cubic
1.307,22812,15,17280,22.9,21.9,20.1,40.6,3.4,995722,5732,0,0,cubic
1.314,23172,16,17280,22.9,22.6,20.1,40.6,2.6,1013293,5736,0,0,cubic
1.320,23526,16,18720,22.9,23.5,20.1,40.6,2.1,1025321,5741,0,0,cubic
0.005,23526,16,2766,23.8,26.5,20.1,40.6,2.3,988113,5742,0,0,cubic
0.005,23526,16,0,24.7,26.3,20.1,40.6,2.8,951044,5743,0,0,cubic
0.005,23526,16,0,24.9,26.2,20.1,40.6,2.5,943833,5744,0,0,cubic
0.005,23526,16,0,25.1,26.1,20.1,40.6,2.2,938150,5745,0,0,cubic
0.006,23526,16,0,25.3,26.5,20.1,40.6,2.0,931538,5746,0,0,cubic
0.006,23526,16,0,25.5,26.9,20.1,40.6,1.9,924037,5747,0,0,cubic
0.006,23526,16,0,25.7,27.0,20.1,40.6,1.8,916907,5748,0,0,cubic
0.006,23526,16,0,25.8,27.0,20.1,40.6,1.7,910836,5749,0,0,cubic
0.006,23526,16,0,26.2,28.8,20.1,40.6,2.0,898076,5751,0,0,cubic
0.007,23526,16,0,26.2,26.5,20.1,40.6,1.6,896843,5752,0,0,cubic
0.033,23874,16,18720,27.0,32.4,20.1,40.6,2.7,884091,5769,0,0,cubic
0.039,24218,16,18720,27.6,32.0,20.1,40.6,3.3,876637,5773,0,0,cubic
0.046,24557,17,18720,28.2,31.9,20.1,40.6,3.5,871897,5777,0,0,cubic
0.053,24891,17,20160,28.7,32.6,20.1,40.6,3.8,866527,5782,0,0,cubic
0.060,25138,17,21600,28.3,25.2,20.1,40.6,3.7,888676,5786,0,0,cubic
0.065,25464,17,20160,27.9,25.2,20.1,40.6,3.6,912622,5789,0,0,cubic
0.071,25786,17,20160,27.6,25.3,20.1,40.6,3.3,935291,5793,0,0,cubic
0.078,26104,18,20160,27.3,25.2,20.1,40.6,3.1,956926,5797,0,0,cubic
0.085,26418,18,21600,27.0,25.2,20.1,40.6,2.8,977575,5802,0,0,cubic
0.092,26729,18,21600,27.0,26.8,20.1,40.6,2.2,990146,5806,0,0,cubic
0.099,27036,18,21600,27.0,26.9,20.1,40.6,1.6,1001927,5810,0,0,cubic
0.105,27339,18,21600,27.0,27.0,20.1,40.6,1.2,1013306,5814,0,0,cubic
0.112,27639,19,21600,27.0,26.9,20.1,40.6,0.9,1024691,5818,0,0,cubic
0.119,27936,19,23040,27.0,27.4,20.1,40.6,0.8,1033671,5823,0,0,cubic
0.126,28229,19,23040,27.0,27.0,20.1,40.6,0.6,1044474,5827,0,0,cubic
0.132,28520,19,23040,27.0,27.1,20.1,40.6,0.5,1055006,5831,0,0,cubic
0.139,28808,20,23040,27.0,27.1,20.1,40.6,0.4,1065305,5835,0,0,cubic
0.146,29092,20,24480,27.9,33.5,20.1,40.6,1.9,1044446,5840,0,0,cubic
0.153,29374,20,24480,28.5,33.2,20.1,40.6,2.8,1029763,5844,0,0,cubic
0.159,29654,20,24480,29.2,33.7,20.1,40.6,3.4,1016383,5848,0,0,cubic
0.166,29930,20,24480,29.7,33.7,20.1,40.6,3.7,1006321,5852,0,0,cubic
0.173,30204,20,24480,30.2,33.7,20.1,40.6,3.7,998875,5856,0,0,cubic
0.180,30476,21,24480,30.7,33.7,20.1,40.6,3.7,993512,5860,0,0,cubic
0.187,30745,21,25920,31.0,33.6,20.1,40.6,3.5,990336,5865,0,0,cubic
0.193,31012,21,25920,31.4,33.8,20.1,40.6,3.3,987863,5869,0,0,cubic
0.200,31276,21,25920,31.7,33.7,20.1,40.6,3.1,987278,5873,0,0,cubic
0.207,31538,21,25920,31.9,33.8,20.1,40.6,2.8,987444,5877,0,0,cubic
0.214,31798,22,25920,32.2,33.8,20.1,40.6,2.6,988497,5881,0,0,cubic
0.221,32056,22,27360,32.4,33.7,20.1,40.6,2.3,990452,5886,0,0,cubic
0.227,32312,22,27360,32.5,33.7,20.1,40.6,2.1,993298,5890,0,0,cubic
0.234,32566,22,27360,32.7,33.7,20.1,40.6,1.8,996633,5894,0,0,cubic
0.241,32818,22,27360,32.8,33.7,20.1,40.6,1.7,1000274,5898,0,0,cubic
0.248,28715,19,27360,32.9,33.7,20.1,40.6,1.5,872319,5902,0,0,cubic
0.255,28759,19,23040,33.0,33.7,20.1,40.6,1.3,871247,5903,0,0,cubic
0.261,28801,20,23040,33.1,33.7,20.1,40.6,1.1,870304,5907,0,0,cubic
0.268,28844,20,24480,33.2,33.7,20.1,40.6,1.0,869502,5912,0,0,cubic
0.275,28886,20,24480,33.2,33.6,20.1,40.6,0.9,869300,5916,0,0,cubic
0.281,28928,20,24480,33.3,33.7,20.1,40.6,0.8,868995,5920,0,0,cubic
0.288,28970,20,24480,33.3,33.6,20.1,40.6,0.7,869160,5924,0,0,cubic
0.295,29011,20,24480,33.4,33.8,20.1,40.6,0.6,869009,5928,0,0,cubic
0.302,29052,20,24480,33.4,33.7,20.1,40.6,0.5,869221,5932,0,0,cubic
0.309,29093,20,24480,33.5,33.7,20.1,40.6,0.5,869485,5936,0,0,cubic
0.322,22310,15,18720,33.5,33.7,20.1,40.6,0.4,665632,5940,0,0,cubic
0.329,22347,15,17280,33.5,33.8,20.1,40.6,0.3,666120,5943,0,0,cubic
0.336,22383,15,17280,33.6,33.8,20.1,40.6,0.3,666557,5947,0,0,cubic
0.342,22418,15,17280,33.6,33.7,20.1,40.6,0.3,667222,5951,0,0,cubic
0.349,22454,15,17280,32.8,27.1,20.1,40.6,1.8,684990,5955,0,0,cubic
0.357,22489,15,17280,32.0,26.7,20.1,40.6,2.9,702473,5959,0,0,cubic
0.363,22523,15,15840,31.1,24.5,20.1,40.6,4.1,724678,5962,0,0,cubic
0.371,22558,15,15840,30.0,22.6,20.1,40.6,5.2,751507,5966,0,0,cubic
0.377,22592,15,14400,28.9,21.3,20.1,40.6,6.1,781054,5969,0,0,cubic
0.384,22626,15,14400,27.8,20.1,20.1,40.6,6.7,813153,5973,0,0,cubic
0.391,22663,15,15840,26.9,20.2,20.1,40.6,7.0,843525,5977,0,0,cubic
0.398,22693,15,17280,26.0,20.2,20.1,40.6,6.9,871902,5981,0,0,cubic
0.403,22720,15,17280,25.3,20.2,20.1,40.6,6.6,898307,5984,0,0,cubic
0.408,22748,15,17280,24.7,20.5,20.1,40.6,6.2,921120,5987,0,0,cubic
0.414,22773,15,18720,24.2,20.4,20.1,40.6,5.7,942591,5991,0,0,cubic
0.418,22798,15,17280,23.7,20.6,20.1,40.6,5.2,961535,5994,0,0,cubic
0.425,22831,15,17280,23.3,20.3,20.1,40.6,4.7,980460,5998,0,0,cubic
0.432,22863,15,17280,23.0,21.3,20.1,40.6,4.0,992360,6002,0,0,cubic
0.439,22894,15,17280,22.9,22.0,20.1,40.6,3.3,999301,6006,0,0,cubic
0.445,23223,16,17280,22.9,22.8,20.1,40.6,2.5,1014281,6010,0,0,cubic
0.452,23576,16,18720,23.0,23.7,20.1,40.6,2.1,1025355,6015,0,0,cubic
0.459,23924,16,18720,23.2,24.7,20.1,40.6,2.0,1031162,6019,0,0,cubic
0.466,24267,16,18720,23.5,25.6,20.1,40.6,2.1,1032374,6023,0,0,cubic
0.473,24605,17,18720,23.9,26.8,20.1,40.6,2.4,1028981,6027,0,0,cubic
0.479,24938,17,20160,24.3,27.0,20.1,40.6,2.6,1026381,6032,0,0,cubic
0.486,25267,17,20160,24.6,26.9,20.1,40.6,2.6,1025946,6036,0,0,cubic
0.493,25592,17,20160,24.9,27.0,20.1,40.6,2.5,1026760,6040,0,0,cubic
0.500,25912,17,20160,25.2,26.9,20.1,40.6,2.4,1029356,6044,0,0,cubic
0.507,26229,18,20160,25.4,27.0,20.1,40.6,2.3,1032434,6048,0,0,cubic
0.513,26541,18,21600,25.6,26.9,20.1,40.6,2.1,1036879,6053,0,0,cubic
0.520,26850,18,21600,25.8,27.0,20.1,40.6,1.9,1041747,6057,0,0,cubic
0.527,27156,18,21600,25.9,26.9,20.1,40.6,1.7,1048089,6061,0,0,cubic
0.534,27458,19,21600,26.0,26.9,20.1,40.6,1.5,1054454,6065,0,0,cubic
0.540,27757,19,23040,26.1,26.9,20.1,40.6,1.4,1061453,6070,0,0,cubic
0.547,28052,19,23040,26.2,26.9,20.1,40.6,1.2,1068891,6074,0,0,cubic
0.554,28345,19,23040,26.4,27.1,20.1,40.6,1.1,1075711,6078,0,0,cubic
0.561,28634,19,23040,26.4,26.6,20.1,40.6,0.9,1085443,6082,0,0,cubic
0.567,28920,20,23040,27.2,33.1,20.1,40.6,2.4,1062493,6086,0,0,cubic
0.574,29204,20,24480,28.0,33.7,20.1,40.6,3.4,1042032,6091,0,0,cubic
0.581,29485,20,24480,28.7,33.7,20.1,40.6,4.0,1026064,6095,0,0,cubic
0.588,29763,20,24480,29.4,33.8,20.1,40.6,4.2,1013657,6099,0,0,cubic
0.595,30039,20,24480,29.9,33.7,20.1,40.6,4.3,1004514,6103,0,0,cubic
0.601,30312,21,24480,30.4,33.8,20.1,40.6,4.2,997564,6107,0,0,cubic
0.608,30582,21,25920,30.8,33.6,20.1,40.6,3.9,993180,6112,0,0,cubic
0.615,30850,21,25920,31.2,33.7,20.1,40.6,3.7,990337,6116,0,0,cubic
0.622,31116,21,25920,31.5,33.7,20.1,40.6,3.4,988594,6120,0,0,cubic
0.628,31380,21,25920,31.8,33.8,20.1,40.6,3.1,987693,6124,0,0,cubic
0.635,31641,21,25920,32.0,33.6,20.1,40.6,2.8,988657,6128,0,0,cubic
0.642,31900,22,25920,32.2,33.7,20.1,40.6,2.5,990283,6132,0,0,cubic
0.649,32158,22,27360,32.4,33.7,20.1,40.6,2.3,992469,6137,0,0,cubic
0.656,32413,22,27360,32.6,33.7,20.1,40.6,2.0,995210,6141,0,0,cubic
0.662,32666,22,27360,32.7,33.7,20.1,40.6,1.8,998563,6145,0,0,cubic
0.669,28582,19,27360,32.8,33.8,20.1,40.6,1.6,870102,6149,0,0,cubic
0.676,28625,19,23040,32.9,33.6,20.1,40.6,1.4,868766,6150,0,0,cubic
0.683,28667,19,23040,33.0,33.7,20.1,40.6,1.3,867566,6154,0,0,cubic
0.689,28710,19,23040,33.1,33.7,20.1,40.6,1.1,866716,6158,0,0,cubic
0.696,28752,19,23040,33.2,33.7,20.1,40.6,1.0,865971,6162,0,0,cubic
0.703,28795,19,23040,33.3,33.7,20.1,40.6,0.9,865546,6166,0,0,cubic
0.710,28836,20,23040,33.3,33.9,20.1,40.6,0.8,864855,6170,0,0,cubic
0.717,28877,20,24480,33.4,33.8,20.1,40.6,0.7,864477,6175,0,0,cubic
0.723,28918,20,24480,33.4,33.7,20.1,40.6,0.6,864746,6179,0,0,cubic
0.730,28959,20,24480,33.5,33.9,20.1,40.6,0.6,864576,6183,0,0,cubic
0.744,22207,15,18720,33.6,33.7,20.1,40.6,0.4,661690,6187,0,0,cubic
0.751,22244,15,17280,33.6,33.8,20.1,40.6,0.4,662220,6190,0,0,cubic
0.757,22279,15,17280,33.6,33.8,20.1,40.6,0.3,662690,6194,0,0,cubic
0.764,22315,15,17280,33.6,33.8,20.1,40.6,0.3,663366,6198,0,0,cubic
0.771,22350,15,17280,32.8,27.0,20.1,40.6,1.9,681236,6202,0,0,cubic
0.779,22385,15,17280,32.0,26.6,20.1,40.6,3.0,698810,6206,0,0,cubic
0.785,22420,15,15840,31.1,24.6,20.1,40.6,4.1,720784,6209,0,0,cubic
0.791,22454,15,14400,30.0,22.6,20.1,40.6,5.2,747519,6212,0,0,cubic
0.799,22488,15,14400,28.9,20.5,20.1,40.6,6.3,779480,6216,0,0,cubic
0.806,22522,15,15840,27.8,20.2,20.1,40.6,6.9,811019,6220,0,0,cubic
0.811,22553,15,15840,26.8,20.2,20.1,40.6,7.0,840808,6223,0,0,cubic
0.816,22580,15,15840,26.0,20.5,20.1,40.6,6.9,867493,6226,0,0,cubic
0.822,22609,15,15840,25.4,20.7,20.1,40.6,6.5,891557,6229,0,0,cubic
0.828,22636,15,17280,24.7,20.3,20.1,40.6,6.1,915621,6233,0,0,cubic
0.835,22662,15,18720,24.2,20.4,20.1,40.6,5.7,936910,6237,0,0,cubic
0.839,22687,15,17280,23.8,20.7,20.1,40.6,5.1,955161,6240,0,0,cubic
0.848,22730,15,17280,23.6,22.6,20.1,40.6,4.1,962646,6244,0,0,cubic
0.854,22762,15,17280,23.5,23.0,20.1,40.6,3.3,967319,6248,0,0,cubic
0.861,22793,15,17280,23.6,24.1,20.1,40.6,2.6,965518,6252,0,0,cubic
0.868,23091,16,17280,23.8,24.9,20.1,40.6,2.3,971475,6256,0,0,cubic
0.875,23447,16,18720,24.0,25.7,20.1,40.6,2.2,976754,6261,0,0,cubic
0.881,23796,16,18720,24.3,26.5,20.1,40.6,2.3,978695,6265,0,0,cubic
0.888,24141,16,18720,24.6,26.9,20.1,40.6,2.3,979708,6269,0,0,cubic
0.895,24481,17,18720,24.9,26.9,20.1,40.6,2.3,982304,6273,0,0,cubic
0.902,24816,17,20160,25.2,26.9,20.1,40.6,2.2,986053,6278,0,0,cubic
0.908,25146,17,20160,25.4,27.0,20.1,40.6,2.1,990116,6282,0,0,cubic
0.915,25473,17,20160,25.6,26.9,20.1,40.6,2.0,995661,6286,0,0,cubic
0.922,25795,17,20160,25.8,27.0,20.1,40.6,1.8,1001436,6290,0,0,cubic
0.929,26113,18,20160,25.9,26.9,20.1,40.6,1.7,1008301,6294,0,0,cubic
0.936,26427,18,21600,26.0,27.0,20.1,40.6,1.5,1015290,6299,0,0,cubic
0.942,26737,18,21600,26.1,26.9,20.1,40.6,1.4,1022721,6303,0,0,cubic
0.949,27044,18,21600,26.2,26.9,20.1,40.6,1.2,1030561,6307,0,0,cubic
0.956,27347,18,21600,26.3,27.0,20.1,40.6,1.1,1038625,6311,0,0,cubic
0.963,27647,19,21600,26.4,26.9,20.1,40.6,1.0,1047155,6315,0,0,cubic
0.969,27944,19,23040,26.5,27.0,20.1,40.6,0.9,1055605,6320,0,0,cubic
0.976,28237,19,23040,26.5,27.1,20.1,40.6,0.8,1063740,6324,0,0,cubic
0.983,28528,19,23040,26.6,27.0,20.1,40.6,0.7,1072199,6328,0,0,cubic
0.990,28815,20,23040,26.7,27.0,20.1,40.6,0.6,1081116,6332,0,0,cubic
0.997,29100,20,24480,27.5,33.5,20.1,40.6,2.2,1057874,6337,0,0,cubic
1.003,29382,20,24480,28.3,33.8,20.1,40.6,3.2,1038563,6341,0,0,cubic
1.010,29661,20,24480,29.0,33.7,20.1,40.6,3.8,1024029,6345,0,0,cubic
1.017,29937,20,24480,29.6,33.8,20.1,40.6,4.0,1012513,6349,0,0,cubic
1.024,30211,20,24480,30.1,33.8,20.1,40.6,4.1,1003821,6353,0,0,cubic
1.031,30483,21,24480,30.6,33.7,20.1,40.6,4.0,997806,6357,0,0,cubic
1.037,30752,21,25920,31.0,33.8,20.1,40.6,3.8,993474,6362,0,0,cubic
1.044,31019,21,25920,31.3,33.7,20.1,40.6,3.5,991085,6366,0,0,cubic
1.051,31283,21,25920,31.6,33.7,20.1,40.6,3.2,990093,6370,0,0,cubic
1.057,31545,21,25920,31.9,33.7,20.1,40.6,3.0,990112,6374,0,0,cubic
1.064,31805,22,25920,32.1,33.6,20.1,40.6,2.7,991365,6378,0,0,cubic
1.071,32063,22,27360,32.3,33.7,20.1,40.6,2.4,993062,6383,0,0,cubic
1.078,32319,22,27360,32.5,33.7,20.1,40.6,2.2,995625,6387,0,0,cubic
1.085,32573,22,27360,32.6,33.7,20.1,40.6,1.9,998712,6391,0,0,cubic
0.005,28501,19,55,33.2,33.7,20.1,40.6,1.1,859343,6393,0,0,cubic
0.006,28501,19,0,32.3,26.3,20.1,40.6,2.5,882028,6394,0,0,cubic
0.005,28501,19,0,31.6,26.5,20.1,40.6,3.3,902244,6395,0,0,cubic
0.006,28501,19,0,30.9,26.5,20.1,40.6,3.8,920931,6396,0,0,cubic
0.005,28501,19,0,30.5,27.0,20.1,40.6,3.8,935931,6397,0,0,cubic
0.006,28501,19,0,29.9,26.0,20.1,40.6,4.0,953561,6398,0,0,cubic
0.006,28501,19,0,29.5,26.6,20.1,40.6,3.8,966955,6399,0,0,cubic
0.006,28501,19,0,29.2,27.7,20.1,40.6,3.3,974393,6400,0,0,cubic
0.006,28501,19,0,29.2,29.0,20.1,40.6,2.5,975426,6402,0,0,cubic
0.005,28501,19,0,28.9,26.6,20.1,40.6,2.6,986364,6403,0,0,cubic
0.031,29091,20,23040,29.2,31.0,20.1,40.6,2.4,997907,6423,0,0,cubic
0.038,29130,20,24480,29.5,31.9,20.1,40.6,2.5,987491,6428,0,0,cubic
0.045,29168,20,24480,30.1,34.2,20.1,40.6,3.1,969326,6432,0,0,cubic
0.051,29206,20,24480,30.7,35.1,20.1,40.6,3.6,950716,6436,0,0,cubic
0.058,29243,20,24480,31.4,36.1,20.1,40.6,4.0,931543,6440,0,0,cubic
0.065,29282,20,24480,31.7,33.7,20.1,40.6,3.6,924159,6444,0,0,cubic
0.072,29318,20,24480,31.9,33.8,20.1,40.6,3.2,917764,6448,0,0,cubic
0.079,29356,20,24480,32.2,33.7,20.1,40.6,2.9,912555,6452,0,0,cubic
0.085,29392,20,24480,32.4,33.7,20.1,40.6,2.5,908141,6456,0,0,cubic
0.092,29429,20,24480,32.5,33.8,20.1,40.6,2.3,904311,6460,0,0,cubic
0.099,29465,20,24480,32.7,33.7,20.1,40.6,2.0,901401,6464,0,0,cubic
0.106,29500,20,24480,32.8,33.8,20.1,40.6,1.8,898732,6468,0,0,cubic
0.112,29536,20,24480,32.9,33.7,20.1,40.6,1.5,896823,6472,0,0,cubic
0.119,29572,20,24480,33.0,33.7,20.1,40.6,1.3,895307,6476,0,0,cubic
0.126,29606,20,24480,33.1,33.7,20.1,40.6,1.2,894116,6480,0,0,cubic
0.133,29642,20,24480,33.2,33.8,20.1,40.6,1.0,893046,6484,0,0,cubic
0.146,22731,15,18720,33.3,33.7,20.1,40.6,0.8,682366,6488,0,0,cubic
0.153,22768,15,17280,33.4,33.8,20.1,40.6,0.7,682330,6491,0,0,cubic
0.160,22804,15,17280,33.4,33.8,20.1,40.6,0.6,682325,6495,0,0,cubic
0.167,22840,15,17280,33.5,33.7,20.1,40.6,0.5,682789,6499,0,0,cubic
0.173,22876,15,17280,32.6,27.0,20.1,40.6,2.0,700793,6503,0,0,cubic
0.180,22911,15,17280,31.9,26.7,20.1,40.6,3.0,718123,6507,0,0,cubic
0.188,22947,15,17280,31.0,24.8,20.1,40.6,4.0,739939,6511,0,0,cubic
0.194,22982,15,15840,30.1,23.4,20.1,40.6,4.9,764385,6514,0,0,cubic
0.202,23016,15,15840,29.0,21.6,20.1,40.6,5.8,793381,6518,0,0,cubic
0.207,23051,16,14400,27.9,20.3,20.1,40.6,6.5,825756,6521,0,0,cubic
0.214,23085,16,15840,26.9,20.2,20.1,40.6,6.8,856649,6525,0,0,cubic
0.221,23113,16,17280,26.1,20.1,20.1,40.6,6.8,885725,6529,0,0,cubic
0.225,23142,16,17280,25.4,20.2,20.1,40.6,6.6,912827,6532,0,0,cubic
0.232,23168,16,18720,24.7,20.5,20.1,40.6,6.2,936232,6536,0,0,cubic
0.236,23194,16,17280,24.2,20.5,20.1,40.6,5.7,957677,6539,0,0,cubic
0.244,23228,16,18720,23.8,20.8,20.1,40.6,5.1,976417,6544,0,0,cubic
0.250,23261,16,18720,23.4,20.6,20.1,40.6,4.6,994314,6548,0,0,cubic
0.257,23293,16,18720,23.1,21.2,20.1,40.6,4.0,1007526,6552,0,0,cubic
0.263,23326,16,18720,23.0,22.5,20.1,40.6,3.2,1012193,6556,0,0,cubic
0.270,23483,16,18720,23.1,23.4,20.1,40.6,2.4,1017328,6560,0,0,cubic
0.277,23832,16,18720,23.2,24.4,20.1,40.6,2.2,1025385,6564,0,0,cubic
0.284,24176,16,18720,23.5,25.4,20.1,40.6,2.1,1028415,6568,0,0,cubic
0.290,24515,17,18720,23.9,26.5,20.1,40.6,2.3,1026806,6572,0,0,cubic
0.297,24850,17,20160,24.2,26.9,20.1,40.6,2.5,1024742,6577,0,0,cubic
0.304,25180,17,20160,24.6,27.0,20.1,40.6,2.6,1023951,6581,0,0,cubic
0.311,25506,17,20160,24.9,27.0,20.1,40.6,2.5,1024625,6585,0,0,cubic
0.318,25827,17,20160,25.1,26.9,20.1,40.6,2.4,1026918,6589,0,0,cubic
0.324,26145,18,20160,25.4,26.9,20.1,40.6,2.3,1030385,6593,0,0,cubic
0.331,26458,18,21600,25.6,27.0,20.1,40.6,2.1,1034606,6598,0,0,cubic
0.338,26768,18,21600,25.7,26.9,20.1,40.6,1.9,1039978,6602,0,0,cubic
0.345,27075,18,21600,25.9,26.9,20.1,40.6,1.7,1045810,6606,0,0,cubic
0.351,27378,19,21600,26.0,27.0,20.1,40.6,1.6,1051988,6610,0,0,cubic
0.006,27378,19,0,27.1,32.1,20.1,40.6,2.2,1009141,6614,0,0,cubic
0.007,27378,19,0,27.2,27.6,20.1,40.6,1.8,1006877,6615,0,0,cubic
0.006,27378,19,0,27.3,27.7,20.1,40.6,1.4,1004549,6616,0,0,cubic
0.006,27378,19,0,27.2,27.0,20.1,40.6,1.1,1005730,6617,0,0,cubic
0.007,27378,19,0,27.3,27.7,20.1,40.6,1.0,1003702,6618,0,0,cubic
0.005,27378,19,0,27.4,28.7,20.1,40.6,1.1,997377,6619,0,0,cubic
0.005,27378,19,0,27.3,26.5,20.1,40.6,1.0,1001792,6620,0,0,cubic
0.005,27378,19,0,27.2,26.0,20.1,40.6,1.1,1007952,6621,0,0,cubic
0.005,27378,19,0,27.0,26.0,20.1,40.6,1.1,1013286,6622,0,0,cubic
0.006,27378,19,0,26.9,26.0,20.1,40.6,1.1,1017996,6623,0,0,cubic
0.005,27378,19,0,27.1,28.2,20.1,40.6,1.2,1011714,6625,0,0,cubic
0.006,27378,19,0,26.9,26.2,20.1,40.6,1.1,1015956,6626,0,0,cubic
0.031,27677,19,23040,27.5,31.2,20.1,40.6,1.9,1007132,6646,0,0,cubic
0.038,27974,19,23040,28.0,32.0,20.1,40.6,2.5,997575,6650,0,0,cubic
0.045,28267,19,23040,28.8,34.1,20.1,40.6,3.4,981322,6654,0,0,cubic
0.052,28557,19,23040,29.6,35.2,20.1,40.6,4.2,964600,6658,0,0,cubic
0.058,28844,20,23040,30.4,36.4,20.1,40.6,4.8,947288,6662,0,0,cubic
0.065,29129,20,24480,30.9,33.8,20.1,40.6,4.4,943724,6667,0,0,cubic
0.072,29410,20,24480,31.2,33.6,20.1,40.6,4.0,942205,6671,0,0,cubic
0.079,29689,20,24480,31.5,33.7,20.1,40.6,3.7,941641,6675,0,0,cubic
0.086,29965,20,24480,31.8,33.8,20.1,40.6,3.3,941851,6679,0,0,cubic
0.092,30239,20,24480,32.1,33.7,20.1,40.6,3.0,943435,6683,0,0,cubic
0.099,30510,21,24480,32.3,33.8,20.1,40.6,2.6,945636,6687,0,0,cubic
0.106,30779,21,25920,32.4,33.7,20.1,40.6,2.3,948680,6692,0,0,cubic
0.113,31046,21,25920,32.6,33.8,20.1,40.6,2.1,951922,6696,0,0,cubic
0.119,31310,21,25920,32.8,33.8,20.1,40.6,1.9,955680,6700,0,0,cubic
0.126,31572,21,25920,32.9,33.8,20.1,40.6,1.7,960043,6704,0,0,cubic
0.133,31832,22,25920,33.0,33.8,20.1,40.6,1.5,964781,6708,0,0,cubic
0.140,27852,19,27360,33.1,33.7,20.1,40.6,1.3,841984,6713,0,0,cubic
0.147,27895,19,23040,33.2,33.7,20.1,40.6,1.1,841275,6714,0,0,cubic
0.153,27937,19,23040,33.2,33.7,20.1,40.6,1.0,840868,6718,0,0,cubic
0.160,27979,19,23040,33.3,33.6,20.1,40.6,0.8,840917,6722,0,0,cubic
0.167,28020,19,23040,33.3,33.7,20.1,40.6,0.7,840860,6726,0,0,cubic
0.174,28062,19,23040,33.4,33.8,20.1,40.6,0.6,840758,6730,0,0,cubic
0.180,28102,19,23040,33.4,33.8,20.1,40.6,0.6,840773,6734,0,0,cubic
0.187,28143,19,23040,33.5,33.7,20.1,40.6,0.5,841018,6738,0,0,cubic
0.194,28183,19,23040,33.5,33.7,20.1,40.6,0.4,841409,6742,0,0,cubic
0.201,28223,19,23040,33.5,33.7,20.1,40.6,0.4,841849,6746,0,0,cubic
0.214,21643,15,17280,33.6,33.7,20.1,40.6,0.3,644866,6750,0,0,cubic
0.221,21679,15,17280,33.6,33.7,20.1,40.6,0.2,645650,6754,0,0,cubic
0.228,21714,15,17280,33.6,33.7,20.1,40.6,0.2,646307,6758,0,0,cubic
0.235,21749,15,17280,33.6,33.8,20.1,40.6,0.2,646848,6762,0,0,cubic
0.242,21783,15,15840,32.7,26.3,20.1,40.6,2.0,665922,6765,0,0,cubic
0.250,21818,15,15840,31.7,24.3,20.1,40.6,3.6,689156,6769,0,0,cubic
0.256,21852,15,14400,30.5,22.1,20.1,40.6,5.1,717423,6772,0,0,cubic
0.262,21886,15,14400,29.2,20.5,20.1,40.6,6.3,749161,6775,0,0,cubic
0.268,21912,15,14400,28.1,20.1,20.1,40.6,7.0,780341,6778,0,0,cubic
0.273,21943,15,14400,27.1,20.2,20.1,40.6,7.2,810003,6781,0,0,cubic
0.281,21974,15,15840,26.2,20.1,20.1,40.6,7.2,838030,6785,0,0,cubic
0.287,22004,15,17280,25.5,20.1,20.1,40.6,6.9,864223,6789,0,0,cubic
0.292,22033,15,17280,25.0,21.6,20.1,40.6,6.1,881955,6792,0,0,cubic
0.297,22058,15,17280,24.6,21.6,20.1,40.6,5.4,897980,6795,0,0,cubic
0.304,22084,15,18720,24.0,20.2,20.1,40.6,5.2,919706,6799,0,0,cubic
0.308,22110,15,17280,23.6,20.6,20.1,40.6,4.7,937301,6802,0,0,cubic
0.315,22141,15,17280,23.2,20.3,20.1,40.6,4.4,955053,6806,0,0,cubic
0.322,22173,15,17280,22.9,20.7,20.1,40.6,3.9,969608,6810,0,0,cubic
0.328,22314,15,17280,22.6,21.1,20.1,40.6,3.4,985339,6814,0,0,cubic
0.335,22682,15,17280,22.6,22.1,20.1,40.6,2.7,1004561,6818,0,0,cubic
0.342,23044,16,17280,22.6,23.0,20.1,40.6,2.1,1018294,6822,0,0,cubic
0.349,23399,16,18720,22.8,23.9,20.1,40.6,1.9,1027037,6827,0,0,cubic
0.355,23750,16,18720,23.0,24.8,20.1,40.6,1.9,1031263,6831,0,0,cubic
0.362,24095,16,18720,23.4,25.8,20.1,40.6,2.1,1030537,6835,0,0,cubic
0.369,24436,16,18720,23.8,27.0,20.1,40.6,2.5,1025387,6839,0,0,cubic
0.376,24771,17,18720,24.2,26.9,20.1,40.6,2.6,1022792,6843,0,0,cubic
0.383,25103,17,20160,24.6,27.0,20.1,40.6,2.7,1021693,6848,0,0,cubic
0.389,25429,17,20160,24.9,27.0,20.1,40.6,2.6,1022476,6852,0,0,cubic
0.396,25752,17,20160,25.1,26.9,20.1,40.6,2.5,1024832,6856,0,0,cubic
0.403,26070,18,20160,25.4,27.0,20.1,40.6,2.3,1028037,6860,0,0,cubic
0.410,26385,18,21600,25.6,27.0,20.1,40.6,2.1,1032236,6865,0,0,cubic
0.417,26696,18,21600,25.7,26.9,20.1,40.6,1.9,1037624,6869,0,0,cubic
0.423,27003,18,21600,25.9,26.9,20.1,40.6,1.8,1043594,6873,0,0,cubic
0.430,27307,18,21600,26.0,26.8,20.1,40.6,1.6,1050430,6877,0,0,cubic
0.437,27607,19,21600,26.1,26.9,20.1,40.6,1.4,1057415,6881,0,0,cubic
0.444,27904,19,23040,26.2,26.9,20.1,40.6,1.2,1064672,6886,0,0,cubic
0.450,28198,19,23040,26.3,26.9,20.1,40.6,1.1,1072289,6890,0,0,cubic
0.457,28489,19,23040,26.3,26.5,20.1,40.6,0.9,1082326,6894,0,0,cubic
0.464,28777,19,23040,26.4,26.9,20.1,40.6,0.8,1090326,6898,0,0,cubic
0.471,29062,20,23040,27.3,33.4,20.1,40.6,2.3,1065947,6902,0,0,cubic
0.477,29344,20,24480,28.1,33.8,20.1,40.6,3.4,1045051,6907,0,0,cubic
0.484,29624,20,24480,28.8,33.7,20.1,40.6,4.0,1029147,6911,0,0,cubic
0.491,29901,20,24480,29.4,33.8,20.1,40.6,4.2,1016764,6915,0,0,cubic
0.006,29901,20,0,29.8,20.2,20.1,40.6,5.5,1002951,6918,0,0,cubic
0.005,29901,20,0,29.4,26.7,20.1,40.6,4.9,1016349,6919,0,0,cubic
0.005,29901,20,0,29.0,26.3,20.1,40.6,4.5,1030109,6920,0,0,cubic
0.005,29901,20,0,28.7,26.2,20.1,40.6,4.0,1042645,6921,0,0,cubic
0.005,29901,20,0,28.4,26.2,20.1,40.6,3.7,1054188,6922,0,0,cubic
0.005,29901,20,0,28.1,25.9,20.1,40.6,3.4,1065685,6923,0,0,cubic
0.005,29901,20,0,27.8,25.9,20.1,40.6,3.1,1076156,6924,0,0,cubic
0.005,29901,20,0,27.6,25.9,20.1,40.6,2.8,1085217,6925,0,0,cubic
0.006,29901,20,0,27.4,26.3,20.1,40.6,2.4,1091396,6926,0,0,cubic
0.006,29901,20,0,27.6,28.6,20.1,40.6,2.1,1085296,6928,0,0,cubic
0.007,29901,20,0,27.4,26.6,20.1,40.6,1.8,1089924,6929,0,0,cubic
0.033,30175,20,24480,28.1,32.7,20.1,40.6,2.7,1073996,6950,0,0,cubic
0.040,30447,21,24480,28.6,31.9,20.1,40.6,3.0,1065698,6954,0,0,cubic
0.046,30716,21,25920,29.5,36.4,20.1,40.6,4.2,1039564,6959,0,0,cubic
0.053,30983,21,25920,30.6,37.8,20.1,40.6,5.2,1013079,6963,0,0,cubic
0.060,31248,21,25920,31.7,39.3,20.1,40.6,6.1,986550,6967,0,0,cubic
0.067,31510,21,25920,31.9,33.8,20.1,40.6,5.1,986475,6971,0,0,cubic
0.074,31771,22,25920,32.2,33.8,20.1,40.6,4.3,987474,6975,0,0,cubic
0.080,32029,22,27360,32.4,33.8,20.1,40.6,3.6,989343,6980,0,0,cubic
0.087,32285,22,27360,32.5,33.7,20.1,40.6,3.0,992072,6984,0,0,cubic
0.094,32539,22,27360,32.7,33.7,20.1,40.6,2.6,995533,6988,0,0,cubic
0.101,32791,22,27360,32.8,33.8,20.1,40.6,2.2,999116,6992,0,0,cubic
0.107,33041,22,27360,32.9,33.7,20.1,40.6,1.9,1003340,6996,0,0,cubic
0.114,33289,23,27360,33.0,33.8,20.1,40.6,1.6,1007383,7000,0,0,cubic
0.121,33536,23,28800,33.1,33.8,20.1,40.6,1.4,1012071,7005,0,0,cubic
0.128,33780,23,28800,33.2,33.7,20.1,40.6,1.2,1017255,7009,0,0,cubic
0.135,34023,23,28800,33.3,33.8,20.1,40.6,1.0,1022356,7013,0,0,cubic
0.141,29770,20,28800,33.3,33.8,20.1,40.6,0.9,892948,7017,0,0,cubic
0.148,29814,20,24480,33.4,33.8,20.1,40.6,0.8,892821,7018,0,0,cubic
0.155,29858,20,24480,34.3,40.6,20.1,40.6,2.4,870597,7022,0,0,cubic
0.162,29902,20,24480,35.1,40.5,20.1,40.6,3.3,852661,7026,0,0,cubic
0.168,29944,20,24480,35.7,40.5,20.1,40.6,3.9,837617,7030,0,0,cubic
0.175,29988,20,24480,36.3,40.5,20.1,40.6,4.1,825024,7034,0,0,cubic
0.182,30030,20,24480,36.0,33.7,20.1,40.6,3.7,833726,7038,0,0,cubic
0.189,30073,20,24480,35.7,33.7,20.1,40.6,3.4,841579,7042,0,0,cubic
0.196,30115,20,24480,35.5,33.7,20.1,40.6,3.0,848883,7046,0,0,cubic
0.202,30156,20,24480,35.3,33.8,20.1,40.6,2.7,854980,7050,0,0,cubic
0.216,23125,16,18720,34.9,33.7,20.1,40.6,2.1,662512,7054,0,0,cubic
0.223,23162,16,18720,34.8,33.7,20.1,40.6,1.9,666532,7058,0,0,cubic
0.229,23199,16,18720,34.6,33.7,20.1,40.6,1.7,670239,7062,0,0,cubic
0.236,23236,16,18720,34.5,33.7,20.1,40.6,1.5,673429,7066,0,0,cubic
0.244,23271,16,18720,33.6,27.0,20.1,40.6,3.0,693373,7070,0,0,cubic
0.250,23307,16,17280,32.7,27.0,20.1,40.6,3.9,711816,7073,0,0,cubic
0.258,23343,16,17280,31.8,25.4,20.1,40.6,4.8,733572,7077,0,0,cubic
0.264,23378,16,15840,30.8,23.6,20.1,40.6,5.6,759173,7080,0,0,cubic
0.271,23413,16,15840,29.7,21.7,20.1,40.6,6.5,789459,7084,0,0,cubic
0.277,23449,16,14400,28.5,20.4,20.1,40.6,7.2,822714,7087,0,0,cubic
0.284,23483,16,15840,27.5,20.2,20.1,40.6,7.5,855140,7091,0,0,cubic
0.290,23512,16,17280,26.5,20.2,20.1,40.6,7.4,885641,7095,0,0,cubic
0.295,23541,16,17280,25.7,20.2,20.1,40.6,7.2,914284,7098,0,0,cubic
0.302,23568,16,18720,25.1,20.3,20.1,40.6,6.7,940012,7102,0,0,cubic
0.306,23595,16,18720,24.5,20.4,20.1,40.6,6.2,963375,7105,0,0,cubic
0.312,23621,16,18720,24.0,20.6,20.1,40.6,5.6,984126,7109,0,0,cubic
0.318,23654,16,18720,23.6,21.0,20.1,40.6,5.0,1000930,7113,0,0,cubic
0.325,23687,16,18720,23.4,21.6,20.1,40.6,4.2,1012957,7117,0,0,cubic
0.332,23719,16,18720,23.3,22.5,20.1,40.6,3.4,1019382,7121,0,0,cubic
0.338,23752,16,18720,23.3,23.3,20.1,40.6,2.6,1020669,7125,0,0,cubic
0.345,23904,16,18720,23.4,24.3,20.1,40.6,2.2,1021713,7129,0,0,cubic
0.352,24247,16,18720,23.6,25.4,20.1,40.6,2.1,1025503,7133,0,0,cubic
0.359,24585,17,18720,24.0,26.5,20.1,40.6,2.3,1024246,7137,0,0,cubic
0.365,24919,17,20160,24.4,26.9,20.1,40.6,2.5,1022779,7142,0,0,cubic
0.372,25248,17,20160,24.7,27.0,20.1,40.6,2.5,1022641,7146,0,0,cubic
0.379,25573,17,20160,25.0,27.0,20.1,40.6,2.5,1023698,7150,0,0,cubic
0.386,25894,17,20160,25.2,26.8,20.1,40.6,2.3,1027132,7154,0,0,cubic
0.392,26210,18,20160,25.4,27.0,20.1,40.6,2.2,1030307,7158,0,0,cubic
0.399,26523,18,21600,25.6,26.9,20.1,40.6,2.0,1035165,7163,0,0,cubic
0.406,26833,18,21600,25.8,27.0,20.1,40.6,1.8,1040401,7167,0,0,cubic
0.413,27138,18,21600,25.9,27.0,20.1,40.6,1.7,1046102,7171,0,0,cubic
0.420,27440,19,21600,26.1,27.0,20.1,40.6,1.5,1052510,7175,0,0,cubic
0.426,27739,19,23040,26.2,27.0,20.1,40.6,1.4,1059346,7180,0,0,cubic
0.433,28035,19,23040,26.3,27.0,20.1,40.6,1.2,1066577,7184,0,0,cubic
0.440,28328,19,23040,26.4,27.0,20.1,40.6,1.1,1074128,7188,0,0,cubic
0.447,28617,19,23040,26.4,26.9,20.1,40.6,1.0,1082378,7192,0,0,cubic
0.453,28904,20,23040,27.3,33.4,20.1,40.6,2.5,1058366,7196,0,0,cubic
0.460,29188,20,24480,28.1,33.6,20.1,40.6,3.4,1038644,7201,0,0,cubic
0.467,29469,20,24480,28.8,33.8,20.1,40.6,4.0,1022909,7205,0,0,cubic
0.474,29747,20,24480,29.4,33.7,20.1,40.6,4.2,1010908,7209,0,0,cubic
0.480,30023,20,24480,30.0,33.7,20.1,40.6,4.2,1002102,7213,0,0,cubic
0.487,30296,21,24480,30.4,33.7,20.1,40.6,4.1,995531,7217,0,0,cubic
0.494,30567,21,25920,30.8,33.8,20.1,40.6,3.9,990922,7222,0,0,cubic
0.501,30835,21,25920,31.2,33.8,20.1,40.6,3.7,987699,7226,0,0,cubic
0.508,31101,21,25920,31.5,33.8,20.1,40.6,3.4,986081,7230,0,0,cubic
0.514,31365,21,25920,31.8,33.8,20.1,40.6,3.1,985514,7234,0,0,cubic
0.521,27444,19,25920,32.1,33.7,20.1,40.6,2.8,855966,7238,0,0,cubic
0.528,27486,19,23040,32.3,33.7,20.1,40.6,2.5,851803,7240,0,0,cubic
0.535,27528,19,23040,32.5,33.7,20.1,40.6,2.3,848268,7244,0,0,cubic
0.541,27569,19,23040,32.6,33.7,20.1,40.6,2.0,845493,7248,0,0,cubic
0.548,27610,19,23040,32.7,33.7,20.1,40.6,1.8,843207,7252,0,0,cubic
0.555,27650,19,23040,32.9,33.7,20.1,40.6,1.6,841294,7256,0,0,cubic
0.562,27691,19,23040,33.0,33.7,20.1,40.6,1.4,840012,7260,0,0,cubic
0.569,27731,19,23040,33.1,33.7,20.1,40.6,1.2,838909,7264,0,0,cubic
0.575,27771,19,23040,33.1,33.7,20.1,40.6,1.1,838167,7268,0,0,cubic
0.589,21297,14,17280,33.3,33.8,20.1,40.6,0.9,639953,7272,0,0,cubic
0.596,21332,14,15840,33.3,33.8,20.1,40.6,0.8,639870,7275,0,0,cubic
0.602,21367,14,15840,33.4,33.7,20.1,40.6,0.7,640152,7279,0,0,cubic
0.609,21402,14,15840,33.4,33.7,20.1,40.6,0.6,640356,7283,0,0,cubic
0.616,21436,14,15840,31.8,20.2,20.1,40.6,3.7,674660,7287,0,0,cubic
0.623,21470,14,14400,30.3,20.2,20.1,40.6,5.7,708066,7290,0,0,cubic
0.631,21504,14,14400,29.1,20.2,20.1,40.6,6.8,739986,7294,0,0,cubic
0.637,21537,14,14400,28.0,20.2,20.1,40.6,7.3,770499,7297,0,0,cubic
0.642,21564,14,14400,27.0,20.2,20.1,40.6,7.4,799258,7300,0,0,cubic
0.649,21594,14,15840,26.2,21.1,20.1,40.6,7.1,822973,7304,0,0,cubic
0.655,21626,15,15840,25.5,20.3,20.1,40.6,6.8,848311,7307,0,0,cubic
0.662,21655,15,17280,24.8,20.2,20.1,40.6,6.4,872306,7311,0,0,cubic
0.666,21681,15,15840,24.3,20.4,20.1,40.6,5.9,893251,7314,0,0,cubic
0.674,21715,15,18720,23.8,20.2,20.1,40.6,5.5,913930,7319,0,0,cubic
0.679,21739,15,17280,23.3,20.2,20.1,40.6,5.0,932204,7322,0,0,cubic
0.685,21771,15,17280,22.9,20.3,20.1,40.6,4.5,948875,7327,0,0,cubic
0.692,21802,15,17280,22.7,21.1,20.1,40.6,3.8,959890,7331,0,0,cubic
0.699,21988,15,17280,22.5,20.9,20.1,40.6,3.3,977896,7335,0,0,cubic
0.706,22361,15,17280,22.4,22.1,20.1,40.6,2.6,996612,7339,0,0,cubic
0.712,22728,15,17280,22.5,22.8,20.1,40.6,2.0,1011032,7343,0,0,cubic
0.719,23089,16,17280,22.6,23.6,20.1,40.6,1.8,1020959,7347,0,0,cubic
0.726,23444,16,18720,22.8,24.5,20.1,40.6,1.8,1026085,7352,0,0,cubic
0.733,23794,16,18720,23.2,25.4,20.1,40.6,2.0,1027020,7356,0,0,cubic
0.740,24139,16,18720,23.6,26.6,20.1,40.6,2.3,1023142,7360,0,0,cubic
0.746,24478,16,18720,24.0,27.0,20.1,40.6,2.6,1019364,7364,0,0,cubic
0.753,24813,17,18720,24.4,26.9,20.1,40.6,2.7,1018010,7368,0,0,cubic
0.760,25144,17,20160,24.7,26.9,20.1,40.6,2.6,1018635,7373,0,0,cubic
0.767,25470,17,20160,24.9,26.8,20.1,40.6,2.5,1020841,7377,0,0,cubic
0.773,25792,17,20160,25.2,26.9,20.1,40.6,2.4,1023735,7381,0,0,cubic
0.780,26110,18,20160,25.4,27.0,20.1,40.6,2.2,1027063,7385,0,0,cubic
0.787,26424,18,21600,25.6,27.0,20.1,40.6,2.1,1031462,7390,0,0,cubic
0.794,26735,18,21600,25.8,26.9,20.1,40.6,1.9,1037245,7394,0,0,cubic
0.801,27042,18,21600,25.9,26.9,20.1,40.6,1.7,1043568,7398,0,0,cubic
0.807,27345,18,21600,26.0,26.9,20.1,40.6,1.5,1050276,7402,0,0,cubic
0.814,27645,19,21600,26.1,26.9,20.1,40.6,1.3,1057331,7406,0,0,cubic
0.821,27941,19,23040,26.2,26.9,20.1,40.6,1.2,1064621,7411,0,0,cubic
0.828,28235,19,23040,26.3,26.9,20.1,40.6,1.1,1072432,7415,0,0,cubic
0.834,28526,19,23040,26.4,26.9,20.1,40.6,1.0,1080407,7419,0,0,cubic
0.841,28813,20,23040,26.5,26.9,20.1,40.6,0.8,1088556,7423,0,0,cubic
0.848,29098,20,24480,27.3,33.4,20.1,40.6,2.4,1064340,7428,0,0,cubic
0.855,29380,20,24480,28.1,33.7,20.1,40.6,3.4,1044213,7432,0,0,cubic
0.862,29659,20,24480,28.8,33.8,20.1,40.6,3.9,1028469,7436,0,0,cubic
0.868,29935,20,24480,29.4,33.7,20.1,40.6,4.2,1016606,7440,0,0,cubic
0.875,30209,20,24480,30.0,33.7,20.1,40.6,4.2,1007705,7444,0,0,cubic
0.882,30481,21,24480,30.4,33.6,20.1,40.6,4.1,1001478,7448,0,0,cubic
0.889,30750,21,25920,30.8,33.7,20.1,40.6,3.9,997081,7453,0,0,cubic
0.895,31017,21,25920,31.2,33.7,20.1,40.6,3.6,994230,7457,0,0,cubic
0.902,31281,21,25920,31.5,33.8,20.1,40.6,3.4,992291,7461,0,0,cubic
0.909,31543,21,25920,31.8,33.8,20.1,40.6,3.1,991824,7465,0,0,cubic
0.916,27600,19,25920,32.0,33.6,20.1,40.6,2.8,861638,7469,0,0,cubic
0.923,27642,19,23040,32.2,33.7,20.1,40.6,2.5,857302,7471,0,0,cubic
0.929,27684,19,23040,32.4,33.7,20.1,40.6,2.2,853917,7475,0,0,cubic
0.936,27726,19,23040,32.6,33.8,20.1,40.6,2.0,850803,7479,0,0,cubic
0.943,27767,19,23040,32.7,33.8,20.1,40.6,1.8,848106,7483,0,0,cubic
0.950,27808,19,23040,32.9,33.7,20.1,40.6,1.6,846128,7487,0,0,cubic
0.956,27848,19,23040,33.0,33.7,20.1,40.6,1.4,844723,7491,0,0,cubic
0.963,27889,19,23040,33.1,33.7,20.1,40.6,1.2,843715,7495,0,0,cubic
0.970,27928,19,23040,33.1,33.6,20.1,40.6,1.1,843083,7499,0,0,cubic
0.984,21417,14,17280,33.3,33.6,20.1,40.6,0.8,644023,7503,0,0,cubic
0.990,21453,14,15840,33.3,33.8,20.1,40.6,0.8,643808,7506,0,0,cubic
0.997,21487,14,15840,33.4,33.6,20.1,40.6,0.6,644075,7510,0,0,cubic
1.004,21522,14,15840,33.4,33.8,20.1,40.6,0.6,644178,7514,0,0,cubic
1.011,21556,14,15840,31.8,20.2,20.1,40.6,3.7,678800,7518,0,0,cubic
1.017,21591,14,14400,30.3,20.3,20.1,40.6,5.7,712080,7521,0,0,cubic
1.025,21625,15,14400,29.1,20.3,20.1,40.6,6.8,744098,7525,0,0,cubic
1.031,21658,15,14400,28.0,20.3,20.1,40.6,7.3,774440,7528,0,0,cubic
1.036,21685,15,14400,27.0,20.2,20.1,40.6,7.4,803267,7531,0,0,cubic
1.044,21716,15,15840,26.1,20.2,20.1,40.6,7.2,830598,7535,0,0,cubic
1.050,21747,15,17280,25.4,20.1,20.1,40.6,6.9,856349,7539,0,0,cubic
1.056,21775,15,17280,24.7,20.2,20.1,40.6,6.5,879869,7542,0,0,cubic
1.060,21800,15,17280,24.2,20.2,20.1,40.6,6.0,901720,7545,0,0,cubic
1.066,21826,15,17280,23.7,20.1,20.1,40.6,5.5,922017,7548,0,0,cubic
1.071,21851,15,18720,23.3,20.5,20.1,40.6,4.9,938576,7552,0,0,cubic
1.076,21875,15,17280,22.9,20.2,20.1,40.6,4.5,955573,7555,0,0,cubic
1.083,21907,15,17280,22.6,20.5,20.1,40.6,4.0,969722,7559,0,0,cubic
1.090,21939,15,17280,22.5,21.5,20.1,40.6,3.2,976977,7563,0,0,cubic
1.097,22223,15,17280,22.4,22.2,20.1,40.6,2.5,991257,7567,0,0,cubic
1.103,22592,15,17280,22.5,22.9,20.1,40.6,2.0,1005250,7571,0,0,cubic
0.005,22955,15,0,23.6,26.5,20.1,40.6,2.4,971681,7575,0,0,cubic
0.007,22955,15,0,24.0,26.4,20.1,40.6,2.5,957495,7576,0,0,cubic
0.032,23312,16,17280,24.1,25.2,20.1,40.6,2.2,966420,7592,0,0,cubic
0.039,23664,16,18720,24.9,30.4,20.1,40.6,3.2,949903,7597,0,0,cubic
0.046,24010,16,18720,25.7,31.2,20.1,40.6,4.0,934495,7601,0,0,cubic
0.052,24352,16,18720,26.5,32.0,20.1,40.6,4.5,919811,7605,0,0,cubic
0.059,24689,17,18720,26.5,26.9,20.1,40.6,3.5,930641,7609,0,0,cubic
0.066,25021,17,20160,26.6,26.9,20.1,40.6,2.7,941311,7614,0,0,cubic
0.073,25349,17,20160,26.6,26.9,20.1,40.6,2.1,952075,7618,0,0,cubic
0.079,25672,17,20160,26.7,27.0,20.1,40.6,1.7,962327,7622,0,0,cubic
0.086,25992,18,20160,26.7,27.0,20.1,40.6,1.4,972681,7626,0,0,cubic
0.093,26307,18,21600,26.7,26.9,20.1,40.6,1.1,983807,7631,0,0,cubic
0.100,26619,18,21600,26.8,27.0,20.1,40.6,0.9,994322,7635,0,0,cubic
0.107,26927,18,21600,26.8,27.0,20.1,40.6,0.7,1004813,7639,0,0,cubic
0.113,27232,18,21600,26.8,27.0,20.1,40.6,0.6,1015361,7643,0,0,cubic
0.120,27533,19,21600,26.8,27.0,20.1,40.6,0.5,1025934,7647,0,0,cubic
0.127,27831,19,23040,26.9,27.0,20.1,40.6,0.4,1036227,7652,0,0,cubic
0.134,28126,19,23040,26.9,27.0,20.1,40.6,0.3,1046354,7656,0,0,cubic
0.140,28417,19,23040,26.9,26.9,20.1,40.6,0.3,1057258,7660,0,0,cubic
0.147,28706,19,23040,26.9,27.0,20.1,40.6,0.2,1067296,7664,0,0,cubic
0.154,28992,20,23040,27.7,33.5,20.1,40.6,1.8,1046076,7668,0,0,cubic
0.161,29275,20,24480,28.5,33.8,20.1,40.6,2.9,1028130,7673,0,0,cubic
0.168,29555,20,24480,29.1,33.8,20.1,40.6,3.5,1014241,7677,0,0,cubic
0.174,29832,20,24480,29.7,33.7,20.1,40.6,3.8,1003971,7681,0,0,cubic
0.181,30107,20,24480,30.2,33.7,20.1,40.6,3.8,996458,7685,0,0,cubic
0.188,30380,21,24480,30.6,33.7,20.1,40.6,3.7,991223,7689,0,0,cubic
0.195,30650,21,25920,31.0,33.7,20.1,40.6,3.6,987881,7694,0,0,cubic
0.201,30917,21,25920,31.4,33.8,20.1,40.6,3.4,985590,7698,0,0,cubic
0.208,31183,21,25920,31.6,33.6,20.1,40.6,3.1,985338,7702,0,0,cubic
0.215,31446,21,25920,31.9,33.6,20.1,40.6,2.8,986200,7706,0,0,cubic
0.222,31707,22,25920,32.1,33.7,20.1,40.6,2.5,987326,7710,0,0,cubic
0.228,31965,22,27360,32.3,33.8,20.1,40.6,2.3,988740,7715,0,0,cubic
0.235,32222,22,27360,32.5,33.7,20.1,40.6,2.1,991446,7719,0,0,cubic
0.242,32476,22,27360,32.7,33.8,20.1,40.6,1.9,994183,7723,0,0,cubic
0.249,32729,22,27360,32.8,33.8,20.1,40.6,1.7,997804,7727,0,0,cubic
0.256,28637,19,27360,32.9,33.7,20.1,40.6,1.5,869976,7731,0,0,cubic
0.262,28679,19,23040,33.0,33.7,20.1,40.6,1.3,868534,7732,0,0,cubic
0.269,28723,19,23040,33.1,33.7,20.1,40.6,1.2,867607,7736,0,0,cubic
0.276,28766,19,23040,33.2,33.7,20.1,40.6,1.0,867020,7740,0,0,cubic
0.283,28807,20,23040,33.2,33.7,20.1,40.6,0.9,866532,7744,0,0,cubic
0.290,28850,20,24480,33.3,33.7,20.1,40.6,0.8,866366,7749,0,0,cubic
0.296,28891,20,24480,33.4,33.8,20.1,40.6,0.7,865907,7753,0,0,cubic
0.303,28933,20,24480,33.4,33.7,20.1,40.6,0.6,865946,7757,0,0,cubic
0.310,28973,20,24480,33.5,33.7,20.1,40.6,0.6,866132,7761,0,0,cubic
0.317,29014,20,24480,33.5,33.8,20.1,40.6,0.5,866218,7765,0,0,cubic
0.330,22249,15,18720,33.5,33.6,20.1,40.6,0.3,663574,7769,0,0,cubic
0.337,22285,15,17280,33.5,33.7,20.1,40.6,0.3,664331,7772,0,0,cubic
0.344,22321,15,17280,33.6,33.7,20.1,40.6,0.3,665028,7776,0,0,cubic
0.350,22357,15,17280,33.6,33.7,20.1,40.6,0.2,665703,7780,0,0,cubic
0.357,22393,15,17280,32.8,27.1,20.1,40.6,1.8,683150,7784,0,0,cubic
0.365,22427,15,17280,32.0,26.7,20.1,40.6,2.9,700515,7788,0,0,cubic
0.371,22462,15,15840,31.1,24.8,20.1,40.6,3.9,721925,7791,0,0,cubic
0.379,22496,15,15840,30.1,22.7,20.1,40.6,5.1,748270,7795,0,0,cubic
0.385,22530,15,14400,29.0,21.3,20.1,40.6,6.0,777754,7798,0,0,cubic
0.392,22565,15,15840,27.9,20.2,20.1,40.6,6.7,809564,7802,0,0,cubic
0.398,22591,15,15840,27.0,21.1,20.1,40.6,6.7,835805,7805,0,0,cubic
0.404,22622,15,17280,26.2,20.3,20.1,40.6,6.7,863995,7809,0,0,cubic
0.409,22652,15,17280,25.4,20.2,20.1,40.6,6.5,890723,7812,0,0,cubic
0.414,22679,15,17280,24.8,20.3,20.1,40.6,6.2,914955,7815,0,0,cubic
0.420,22705,15,17280,24.3,20.7,20.1,40.6,5.7,935324,7819,0,0,cubic
0.427,22738,15,17280,23.8,20.2,20.1,40.6,5.3,956785,7823,0,0,cubic
0.433,22770,15,17280,23.4,20.9,20.1,40.6,4.7,972702,7827,0,0,cubic
0.440,22802,15,17280,23.1,21.3,20.1,40.6,4.0,985393,7831,0,0,cubic
0.447,22839,15,17280,23.0,22.0,20.1,40.6,3.3,993129,7835,0,0,cubic
0.454,23198,16,17280,23.0,22.8,20.1,40.6,2.5,1010101,7839,0,0,cubic
0.460,23552,16,18720,23.1,23.6,20.1,40.6,2.1,1021734,7844,0,0,cubic
0.467,23900,16,18720,23.2,24.6,20.1,40.6,1.9,1028355,7848,0,0,cubic
0.474,24243,16,18720,23.5,25.5,20.1,40.6,2.0,1030608,7852,0,0,cubic
0.481,24582,17,18720,23.9,26.6,20.1,40.6,2.3,1028234,7856,0,0,cubic
0.488,24915,17,20160,24.3,27.0,20.1,40.6,2.5,1025646,7861,0,0,cubic
0.494,25244,17,20160,24.6,26.9,20.1,40.6,2.5,1025345,7865,0,0,cubic
0.501,25569,17,20160,24.9,27.0,20.1,40.6,2.5,1026043,7869,0,0,cubic
0.508,25890,17,20160,25.2,27.1,20.1,40.6,2.4,1027952,7873,0,0,cubic
0.515,26207,18,20160,25.4,26.9,20.1,40.6,2.2,1031812,7877,0,0,cubic
0.521,26520,18,21600,25.6,26.9,20.1,40.6,2.0,1036382,7882,0,0,cubic
0.528,26829,18,21600,25.8,27.0,20.1,40.6,1.9,1041255,7886,0,0,cubic
0.535,27135,18,21600,25.9,26.9,20.1,40.6,1.7,1047602,7890,0,0,cubic
0.542,27437,19,21600,26.0,26.9,20.1,40.6,1.5,1054215,7894,0,0,cubic
0.548,27736,19,23040,26.1,26.9,20.1,40.6,1.4,1061015,7899,0,0,cubic
0.555,28032,19,23040,26.2,27.0,20.1,40.6,1.2,1068170,7903,0,0,cubic
0.562,28324,19,23040,26.3,27.0,20.1,40.6,1.1,1075526,7907,0,0,cubic
0.569,28614,19,23040,26.4,26.9,20.1,40.6,1.0,1083453,7911,0,0,cubic
0.576,28901,20,23040,27.3,33.4,20.1,40.6,2.5,1059226,7915,0,0,cubic
0.582,29184,20,24480,28.1,33.8,20.1,40.6,3.5,1038465,7920,0,0,cubic
0.589,29466,20,24480,28.8,33.8,20.1,40.6,4.0,1022663,7924,0,0,cubic
0.596,29744,20,24480,29.4,33.6,20.1,40.6,4.2,1011219,7928,0,0,cubic
0.603,30020,20,24480,30.0,33.8,20.1,40.6,4.3,1002103,7932,0,0,cubic
0.610,30293,21,24480,30.4,33.7,20.1,40.6,4.1,995857,7936,0,0,cubic
0.616,30564,21,25920,30.8,33.7,20.1,40.6,3.9,991404,7941,0,0,cubic
0.623,30832,21,25920,31.2,33.8,20.1,40.6,3.7,988078,7945,0,0,cubic
0.630,31098,21,25920,31.5,33.7,20.1,40.6,3.4,986830,7949,0,0,cubic
0.637,31362,21,25920,31.8,33.7,20.1,40.6,3.1,986691,7953,0,0,cubic
0.643,31623,21,25920,32.0,33.7,20.1,40.6,2.8,987385,7957,0,0,cubic
0.650,31883,22,25920,32.2,33.7,20.1,40.6,2.5,989172,7961,0,0,cubic
0.657,32140,22,27360,32.4,33.7,20.1,40.6,2.2,991638,7966,0,0,cubic
0.664,32395,22,27360,32.6,33.7,20.1,40.6,2.0,994413,7970,0,0,cubic
0.671,32648,22,27360,32.7,33.8,20.1,40.6,1.8,997586,7974,0,0,cubic
0.677,28566,19,27360,32.9,33.8,20.1,40.6,1.6,869218,7978,0,0,cubic
0.684,28610,19,23040,33.0,33.7,20.1,40.6,1.4,867837,7979,0,0,cubic
0.691,28653,19,23040,33.1,33.7,20.1,40.6,1.3,866775,7983,0,0,cubic
0.698,28695,19,23040,33.1,33.7,20.1,40.6,1.1,866107,7987,0,0,cubic
0.704,28737,19,23040,33.2,33.7,20.1,40.6,1.0,865363,7991,0,0,cubic
0.711,28778,19,23040,33.3,33.7,20.1,40.6,0.9,864905,7995,0,0,cubic
0.718,28820,20,23040,33.3,33.6,20.1,40.6,0.7,864997,7999,0,0,cubic
0.725,28862,20,24480,33.4,33.7,20.1,40.6,0.6,865167,8004,0,0,cubic
0.732,28903,20,24480,33.4,33.6,20.1,40.6,0.5,865618,8008,0,0,cubic
0.738,28943,20,24480,33.4,33.8,20.1,40.6,0.5,865649,8012,0,0,cubic
0.752,22195,15,18720,33.5,33.8,20.1,40.6,0.4,662142,8016,0,0,cubic
0.759,22232,15,17280,33.5,33.4,20.1,40.6,0.4,663641,8019,0,0,cubic
0.765,22267,15,17280,33.5,33.6,20.1,40.6,0.3,664369,8023,0,0,cubic
0.772,22302,15,17280,33.5,33.7,20.1,40.6,0.3,664858,8027,0,0,cubic
0.779,22338,15,17280,32.7,27.0,20.1,40.6,1.8,682597,8031,0,0,cubic
0.787,22373,15,17280,32.0,26.6,20.1,40.6,2.9,699965,8035,0,0,cubic
0.793,22408,15,15840,31.0,24.7,20.1,40.6,4.0,721697,8038,0,0,cubic
0.799,22441,15,14400,30.0,22.6,20.1,40.6,5.1,748158,8041,0,0,cubic
0.806,22476,15,14400,28.9,21.1,20.1,40.6,6.1,778227,8045,0,0,cubic
0.814,22510,15,15840,27.8,20.2,20.1,40.6,6.7,809828,8049,0,0,cubic
0.819,22537,15,15840,26.9,20.3,20.1,40.6,6.9,839210,8052,0,0,cubic
0.826,22568,15,17280,26.2,21.7,20.1,40.6,6.5,861045,8056,0,0,cubic
0.831,22596,15,17280,25.7,21.8,20.1,40.6,6.0,880832,8059,0,0,cubic
0.836,22624,15,17280,25.0,20.3,20.1,40.6,5.8,905394,8062,0,0,cubic
0.843,22650,15,17280,24.4,20.6,20.1,40.6,5.5,926986,8066,0,0,cubic
0.848,22683,15,17280,23.9,20.2,20.1,40.6,5.2,948960,8070,0,0,cubic
0.855,22715,15,17280,23.5,20.8,20.1,40.6,4.6,965814,8074,0,0,cubic
0.862,22747,15,17280,23.2,21.2,20.1,40.6,4.1,979334,8078,0,0,cubic
0.869,22817,15,17280,23.0,21.8,20.1,40.6,3.4,989934,8082,0,0,cubic
0.875,23176,16,17280,23.0,22.5,20.1,40.6,2.7,1008441,8086,0,0,cubic
0.882,23530,16,18720,23.0,23.4,20.1,40.6,2.1,1021577,8091,0,0,cubic
0.889,23879,16,18720,23.2,24.2,20.1,40.6,1.9,1030066,8095,0,0,cubic
0.896,24222,16,18720,23.4,25.2,20.1,40.6,1.9,1033582,8099,0,0,cubic
0.903,24561,17,18720,23.7,25.8,20.1,40.6,2.0,1034931,8103,0,0,cubic
0.909,24895,17,20160,24.1,26.9,20.1,40.6,2.3,1031617,8108,0,0,cubic
0.916,25224,17,20160,24.5,27.0,20.1,40.6,2.5,1030181,8112,0,0,cubic
0.923,25550,17,20160,24.8,26.9,20.1,40.6,2.5,1030615,8116,0,0,cubic
0.930,25871,17,20160,25.1,26.9,20.1,40.6,2.4,1032774,8120,0,0,cubic
0.936,26188,18,20160,25.3,26.9,20.1,40.6,2.2,1036040,8124,0,0,cubic
0.943,26501,18,21600,25.5,26.9,20.1,40.6,2.1,1039948,8129,0,0,cubic
0.950,26810,18,21600,25.7,27.0,20.1,40.6,1.9,1044450,8133,0,0,cubic
0.957,27116,18,21600,25.8,26.9,20.1,40.6,1.8,1049909,8137,0,0,cubic
0.964,27419,19,21600,26.0,27.0,20.1,40.6,1.6,1055876,8141,0,0,cubic
0.970,27718,19,23040,26.1,27.0,20.1,40.6,1.5,1062155,8146,0,0,cubic
0.977,28014,19,23040,26.2,27.0,20.1,40.6,1.3,1068951,8150,0,0,cubic
0.984,28307,19,23040,26.3,26.9,20.1,40.6,1.2,1076434,8154,0,0,cubic
0.991,28596,19,23040,26.4,26.9,20.1,40.6,1.0,1084249,8158,0,0,cubic
0.997,28883,20,23040,27.2,33.3,20.1,40.6,2.5,1060160,8162,0,0,cubic
1.004,29167,20,24480,28.1,33.7,20.1,40.6,3.5,1039784,8167,0,0,cubic
1.011,29448,20,24480,28.8,33.8,20.1,40.6,4.1,1023601,8171,0,0,cubic
1.018,29727,20,24480,29.4,33.7,20.1,40.6,4.3,1011810,8175,0,0,cubic
1.024,30003,20,24480,29.9,33.7,20.1,40.6,4.3,1002740,8179,0,0,cubic
1.031,30276,21,24480,30.4,33.8,20.1,40.6,4.2,995921,8183,0,0,cubic
1.038,30547,21,25920,30.8,33.6,20.1,40.6,3.9,991785,8188,0,0,cubic
1.045,30816,21,25920,31.2,33.7,20.1,40.6,3.7,988738,8192,0,0,cubic
1.052,31082,21,25920,31.5,33.7,20.1,40.6,3.4,987200,8196,0,0,cubic
1.058,31346,21,25920,31.8,33.7,20.1,40.6,3.1,986747,8200,0,0,cubic
1.065,31607,21,25920,32.0,33.6,20.1,40.6,2.8,987687,8204,0,0,cubic
1.072,31867,22,25920,32.2,33.8,20.1,40.6,2.6,988859,8208,0,0,cubic
1.079,32124,22,27360,32.4,33.9,20.1,40.6,2.3,990533,8213,0,0,cubic
0.360,32379,22,27360,32.6,33.7,20.1,40.6,2.1,993403,8217,0,0,cubic
0.005,28331,19,55,33.1,33.8,20.1,40.6,1.1,854939,8219,0,0,cubic
0.007,28331,19,0,32.3,26.1,20.1,40.6,2.6,878153,8220,0,0,cubic
0.032,28912,20,23040,32.2,31.9,20.1,40.6,2.0,897358,8240,0,0,cubic
0.039,28951,20,24480,32.2,32.0,20.1,40.6,1.6,899406,8245,0,0,cubic
0.046,28989,20,24480,32.3,33.2,20.1,40.6,1.4,896936,8249,0,0,cubic
0.052,29028,20,24480,32.5,33.4,20.1,40.6,1.4,894324,8253,0,0,cubic
0.059,29065,20,24480,32.6,33.7,20.1,40.6,1.3,891263,8257,0,0,cubic
0.066,29103,20,24480,32.8,33.8,20.1,40.6,1.3,888424,8261,0,0,cubic
0.073,29140,20,24480,32.9,33.8,20.1,40.6,1.2,886145,8265,0,0,cubic
0.080,29177,20,24480,33.0,33.7,20.1,40.6,1.1,884392,8269,0,0,cubic
0.086,29214,20,24480,33.1,33.7,20.1,40.6,1.0,883158,8273,0,0,cubic
0.093,29249,20,24480,33.2,33.7,20.1,40.6,0.9,882083,8277,0,0,cubic
0.100,29286,20,24480,33.2,33.7,20.1,40.6,0.8,881285,8281,0,0,cubic
0.107,29322,20,24480,33.3,33.8,20.1,40.6,0.8,880566,8285,0,0,cubic
0.113,29357,20,24480,33.4,33.8,20.1,40.6,0.7,880137,8289,0,0,cubic
0.120,29393,20,24480,33.4,33.7,20.1,40.6,0.6,880135,8293,0,0,cubic
0.127,29427,20,24480,33.4,33.7,20.1,40.6,0.5,880020,8297,0,0,cubic
0.134,29462,20,24480,33.5,33.7,20.1,40.6,0.5,880356,8301,0,0,cubic
0.147,22593,15,18720,33.5,33.6,20.1,40.6,0.3,674116,8305,0,0,cubic
0.154,22630,15,17280,33.5,33.7,20.1,40.6,0.3,674797,8308,0,0,cubic
0.161,22666,15,17280,33.6,33.8,20.1,40.6,0.3,675166,8312,0,0,cubic
0.168,22702,15,17280,33.6,33.7,20.1,40.6,0.2,675976,8316,0,0,cubic
0.174,22737,15,17280,32.7,26.9,20.1,40.6,1.9,694365,8320,0,0,cubic
0.182,22773,15,17280,32.0,26.7,20.1,40.6,2.9,711878,8324,0,0,cubic
0.188,22808,15,15840,31.1,24.7,20.1,40.6,4.0,733824,8327,0,0,cubic
0.196,22842,15,15840,30.1,23.2,20.1,40.6,5.0,759046,8331,0,0,cubic
0.201,22877,15,14400,29.0,21.6,20.1,40.6,5.9,788155,8334,0,0,cubic
0.208,22911,15,14400,27.9,20.2,20.1,40.6,6.6,820418,8338,0,0,cubic
0.215,22947,15,15840,27.0,20.4,20.1,40.6,6.8,850392,8342,0,0,cubic
0.222,22976,15,17280,26.2,20.5,20.1,40.6,6.8,878052,8346,0,0,cubic
0.227,23004,15,17280,25.4,20.2,20.1,40.6,6.6,905099,8349,0,0,cubic
0.234,23032,15,17280,24.8,20.5,20.1,40.6,6.1,928485,8353,0,0,cubic
0.239,23065,16,18720,24.2,20.2,20.1,40.6,5.8,952076,8357,0,0,cubic
0.246,23091,16,18720,23.8,20.8,20.1,40.6,5.2,970413,8361,0,0,cubic
0.251,23123,16,18720,23.4,20.9,20.1,40.6,4.6,986981,8365,0,0,cubic
0.258,23155,16,18720,23.1,21.0,20.1,40.6,4.1,1001253,8369,0,0,cubic
0.265,23187,16,18720,23.0,22.3,20.1,40.6,3.3,1007210,8373,0,0,cubic
0.272,23427,16,18720,23.0,23.1,20.1,40.6,2.5,1017061,8377,0,0,cubic
0.278,23777,16,18720,23.2,24.1,20.1,40.6,2.1,1026374,8381,0,0,cubic
0.285,24122,16,18720,23.4,25.0,20.1,40.6,2.1,1030942,8385,0,0,cubic
0.292,24462,16,18720,23.7,25.8,20.1,40.6,2.1,1032326,8389,0,0,cubic
0.299,24797,17,18720,24.1,27.0,20.1,40.6,2.4,1028537,8393,0,0,cubic
0.305,25128,17,20160,24.5,27.0,20.1,40.6,2.5,1027099,8398,0,0,cubic
0.312,25454,17,20160,24.8,27.0,20.1,40.6,2.5,1027033,8402,0,0,cubic
0.319,25776,17,20160,25.0,26.9,20.1,40.6,2.4,1029064,8406,0,0,cubic
0.326,26095,18,20160,25.3,27.0,20.1,40.6,2.3,1031912,8410,0,0,cubic
0.333,26409,18,21600,25.5,27.0,20.1,40.6,2.1,1035687,8415,0,0,cubic
0.339,26719,18,21600,25.7,27.0,20.1,40.6,2.0,1040418,8419,0,0,cubic
0.346,27026,18,21600,25.9,27.1,20.1,40.6,1.8,1045210,8423,0,0,cubic
0.353,27330,18,21600,26.0,27.0,20.1,40.6,1.7,1051396,8427,0,0,cubic
0.360,27630,19,21600,26.1,27.1,20.1,40.6,1.5,1057243,8431,0,0,cubic
0.367,27927,19,23040,26.3,27.2,20.1,40.6,1.4,1063359,8436,0,0,cubic
0.374,28147,19,24480,27.0,32.3,20.1,40.6,2.6,1041902,8440,0,0,cubic
0.379,28439,19,23040,27.7,32.3,20.1,40.6,3.2,1027606,8443,0,0,cubic
0.386,28727,19,23040,28.2,32.2,20.1,40.6,3.5,1017389,8447,0,0,cubic
0.392,29012,20,23040,28.7,31.9,20.1,40.6,3.6,1010906,8451,0,0,cubic
0.399,29295,20,24480,29.1,32.0,20.1,40.6,3.5,1006493,8456,0,0,cubic
0.406,29575,20,24480,29.5,31.9,20.1,40.6,3.3,1004074,8460,0,0,cubic
0.413,29852,20,24480,30.0,33.6,20.1,40.6,3.5,995929,8464,0,0,cubic
0.419,30127,20,24480,30.4,33.5,20.1,40.6,3.5,990400,8468,0,0,cubic
0.426,30399,21,24480,30.8,33.4,20.1,40.6,3.4,987236,8472,0,0,cubic
0.433,30669,21,25920,31.1,33.6,20.1,40.6,3.2,984843,8477,0,0,cubic
0.440,30937,21,25920,31.5,33.7,20.1,40.6,3.1,983469,8481,0,0,cubic
0.446,31202,21,25920,31.7,33.5,20.1,40.6,2.8,984041,8485,0,0,cubic
0.453,31465,21,25920,31.9,33.5,20.1,40.6,2.6,985190,8489,0,0,cubic
0.460,31725,22,25920,32.1,33.6,20.1,40.6,2.3,987087,8493,0,0,cubic
0.467,31984,22,27360,32.3,33.6,20.1,40.6,2.1,989481,8498,0,0,cubic
0.474,32240,22,27360,32.5,33.6,20.1,40.6,1.9,992671,8502,0,0,cubic
0.480,32495,22,27360,32.6,33.5,20.1,40.6,1.7,996442,8506,0,0,cubic
0.487,32747,22,27360,32.7,33.5,20.1,40.6,1.5,1000733,8510,0,0,cubic
0.494,28653,19,27360,32.8,33.7,20.1,40.6,1.4,872476,8514,0,0,cubic
0.501,28696,19,23040,32.9,33.7,20.1,40.6,1.2,871001,8515,0,0,cubic
0.507,28738,19,23040,33.0,33.6,20.1,40.6,1.1,870241,8519,0,0,cubic
0.514,28782,19,23040,33.1,33.7,20.1,40.6,1.0,869415,8523,0,0,cubic
0.521,28824,20,23040,33.2,33.7,20.1,40.6,0.9,868611,8527,0,0,cubic
0.528,28866,20,24480,33.2,33.6,20.1,40.6,0.8,868672,8532,0,0,cubic
0.535,28908,20,24480,33.2,33.3,20.1,40.6,0.6,869596,8536,0,0,cubic
0.541,28947,20,24480,33.3,33.5,20.1,40.6,0.5,870063,8540,0,0,cubic
0.548,28988,20,24480,33.3,33.3,20.1,40.6,0.4,871321,8544,0,0,cubic
0.555,29029,20,24480,33.3,33.3,20.1,40.6,0.3,872422,8548,0,0,cubic
0.568,22261,15,18775,33.3,33.2,20.1,40.6,0.2,669081,8553,0,0,cubic
0.575,22297,15,17335,33.3,33.6,20.1,40.6,0.2,669338,8556,0,0,cubic
0.582,22333,15,17335,33.3,33.6,20.1,40.6,0.2,669795,8560,0,0,cubic
0.588,22368,15,17335,33.4,33.6,20.1,40.6,0.2,670101,8564,0,0,cubic
0.595,22404,15,17280,32.6,27.0,20.1,40.6,1.8,687492,8568,0,0,cubic
0.603,22439,15,17280,31.9,26.7,20.1,40.6,2.8,704499,8572,0,0,cubic
0.609,22474,15,15840,31.0,24.9,20.1,40.6,3.8,725506,8575,0,0,cubic
0.617,22508,15,15840,30.0,22.8,20.1,40.6,4.9,751443,8579,0,0,cubic
0.622,22542,15,14400,28.9,21.3,20.1,40.6,5.9,780675,8582,0,0,cubic
0.630,22577,15,14400,27.8,20.2,20.1,40.6,6.5,812268,8586,0,0,cubic
0.637,22613,15,15840,26.8,20.2,20.1,40.6,6.8,842511,8590,0,0,cubic
0.643,22642,15,17280,26.0,20.3,20.1,40.6,6.7,870009,8594,0,0,cubic
0.648,22671,15,17280,25.3,20.2,20.1,40.6,6.5,896157,8597,0,0,cubic
0.654,22698,15,17280,24.7,20.6,20.1,40.6,6.1,918538,8600,0,0,cubic
0.659,22723,15,18720,24.2,20.5,20.1,40.6,5.6,939782,8604,0,0,cubic
0.664,22748,15,18720,23.7,20.1,20.1,40.6,5.2,960885,8607,0,0,cubic
0.669,22773,15,17280,23.3,20.9,20.1,40.6,4.6,976292,8610,0,0,cubic
0.676,22805,15,17280,23.0,21.1,20.1,40.6,4.0,989542,8614,0,0,cubic
0.683,22837,15,17280,22.9,21.8,20.1,40.6,3.3,997510,8618,0,0,cubic
0.690,23116,16,17280,22.9,22.6,20.1,40.6,2.6,1011552,8622,0,0,cubic
0.697,23471,16,18720,22.9,23.4,20.1,40.6,2.1,1023816,8627,0,0,cubic
0.703,23820,16,18720,23.1,24.4,20.1,40.6,1.9,1030767,8631,0,0,cubic
0.710,24164,16,18720,23.4,25.4,20.1,40.6,2.0,1032826,8635,0,0,cubic
0.717,24504,17,18720,23.8,26.5,20.1,40.6,2.3,1030315,8639,0,0,cubic
0.724,24838,17,20160,24.2,26.8,20.1,40.6,2.5,1028148,8644,0,0,cubic
0.730,25169,17,20160,24.5,27.1,20.1,40.6,2.6,1026510,8648,0,0,cubic
0.737,25495,17,20160,24.8,26.9,20.1,40.6,2.5,1027278,8652,0,0,cubic
0.744,25816,17,20160,25.1,26.9,20.1,40.6,2.4,1029305,8656,0,0,cubic
0.751,26134,18,20160,25.3,27.0,20.1,40.6,2.3,1032148,8660,0,0,cubic
0.757,26448,18,21600,25.5,27.0,20.1,40.6,2.1,1036120,8665,0,0,cubic
0.764,26758,18,21600,25.7,26.9,20.1,40.6,2.0,1041045,8669,0,0,cubic
0.771,27065,18,21600,25.8,26.9,20.1,40.6,1.8,1047042,8673,0,0,cubic
0.778,27368,19,21600,26.0,26.9,20.1,40.6,1.6,1053223,8677,0,0,cubic
0.785,27667,19,23040,26.1,27.0,20.1,40.6,1.5,1059429,8682,0,0,cubic
0.791,27964,19,23040,26.2,26.9,20.1,40.6,1.3,1066636,8686,0,0,cubic
0.798,28257,19,23040,26.3,26.9,20.1,40.6,1.1,1074288,8690,0,0,cubic
0.805,28547,19,23040,26.4,27.0,20.1,40.6,1.0,1081940,8694,0,0,cubic
0.812,28835,20,23040,27.3,33.3,20.1,40.6,2.5,1058009,8698,0,0,cubic
0.818,29119,20,24480,28.1,33.7,20.1,40.6,3.5,1037925,8703,0,0,cubic
0.825,29401,20,24480,28.8,33.7,20.1,40.6,4.0,1022252,8707,0,0,cubic
0.832,29680,20,24480,29.4,33.7,20.1,40.6,4.2,1010486,8711,0,0,cubic
0.839,29956,20,24480,29.9,33.7,20.1,40.6,4.3,1001270,8715,0,0,cubic
0.846,30230,20,24480,30.4,33.7,20.1,40.6,4.1,994931,8719,0,0,cubic
0.852,30501,21,24480,30.8,33.8,20.1,40.6,3.9,990099,8723,0,0,cubic
0.859,30770,21,25920,31.2,33.7,20.1,40.6,3.7,987103,8728,0,0,cubic
0.866,31037,21,25920,31.5,33.7,20.1,40.6,3.4,985614,8732,0,0,cubic
0.873,31301,21,25920,31.8,33.8,20.1,40.6,3.1,985113,8736,0,0,cubic
0.880,31563,21,25920,32.0,33.6,20.1,40.6,2.8,986189,8740,0,0,cubic
0.886,31823,22,25920,32.2,33.7,20.1,40.6,2.5,987893,8744,0,0,cubic
0.893,32081,22,27360,32.4,33.7,20.1,40.6,2.3,990123,8749,0,0,cubic
0.900,32336,22,27360,32.6,33.7,20.1,40.6,2.0,993150,8753,0,0,cubic
0.907,32590,22,27360,32.7,33.7,20.1,40.6,1.8,996636,8757,0,0,cubic
0.913,28516,19,27360,32.8,33.6,20.1,40.6,1.6,869045,8761,0,0,cubic
0.920,28559,19,23040,32.9,33.7,20.1,40.6,1.4,867395,8762,0,0,cubic
0.927,28601,19,23040,33.0,33.7,20.1,40.6,1.2,866119,8766,0,0,cubic
0.007,28601,19,0,32.4,25.7,20.1,40.6,2.5,883756,8770,0,0,cubic
0.007,28601,19,0,32.0,29.8,20.1,40.6,2.5,892526,8772,0,0,cubic
0.032,28850,20,23040,32.0,31.9,20.1,40.6,1.9,900718,8792,0,0,cubic
0.039,28891,20,24480,32.0,32.0,20.1,40.6,1.4,902167,8797,0,0,cubic
0.045,28931,20,24480,32.2,33.3,20.1,40.6,1.4,899036,8801,0,0,cubic
0.052,28971,20,24480,32.4,34.1,20.1,40.6,1.5,893615,8805,0,0,cubic
0.059,29011,20,24480,32.7,34.3,20.1,40.6,1.6,888273,8809,0,0,cubic
0.066,29050,20,24480,32.8,33.7,20.1,40.6,1.5,886102,8813,0,0,cubic
0.073,29089,20,24480,32.9,33.7,20.1,40.6,1.3,884271,8817,0,0,cubic
0.080,29129,20,24480,33.0,33.8,20.1,40.6,1.2,882509,8821,0,0,cubic
0.086,29166,20,24480,33.1,33.7,20.1,40.6,1.1,881227,8825,0,0,cubic
0.093,29205,20,24480,33.2,33.7,20.1,40.6,1.0,880437,8829,0,0,cubic
0.100,29243,20,24480,33.2,33.7,20.1,40.6,0.9,879700,8833,0,0,cubic
0.107,29281,20,24480,33.3,33.8,20.1,40.6,0.8,879045,8837,0,0,cubic
0.113,29318,20,24480,33.3,33.5,20.1,40.6,0.6,879390,8841,0,0,cubic
0.120,29355,20,24480,33.4,33.8,20.1,40.6,0.6,878918,8845,0,0,cubic
0.127,29392,20,24480,33.4,33.8,20.1,40.6,0.6,878737,8849,0,0,cubic
0.134,29429,20,24480,33.5,33.8,20.1,40.6,0.5,878608,8853,0,0,cubic
0.147,22567,15,18720,33.6,33.8,20.1,40.6,0.4,672537,8857,0,0,cubic
0.154,22604,15,17280,33.6,33.7,20.1,40.6,0.3,673218,8860,0,0,cubic
0.161,22640,15,17280,33.6,33.7,20.1,40.6,0.3,673929,8864,0,0,cubic
0.167,22676,15,17280,33.6,33.7,20.1,40.6,0.2,674720,8868,0,0,cubic
0.174,22712,15,17280,32.8,27.0,20.1,40.6,1.8,692734,8872,0,0,cubic
0.182,22747,15,17280,32.0,26.9,20.1,40.6,2.8,709734,8876,0,0,cubic
0.188,22782,15,15840,31.1,24.8,20.1,40.6,3.9,731528,8879,0,0,cubic
0.196,22817,15,15840,30.2,23.3,20.1,40.6,4.9,756607,8883,0,0,cubic
0.203,22851,15,15840,29.1,21.7,20.1,40.6,5.8,785284,8887,0,0,cubic
0.208,22885,15,14400,28.0,20.2,20.1,40.6,6.6,817905,8890,0,0,cubic
0.215,22922,15,15840,27.0,20.2,20.1,40.6,6.9,848900,8894,0,0,cubic
0.222,22950,15,17280,26.2,20.5,20.1,40.6,6.8,876322,8898,0,0,cubic
0.227,22978,15,17280,25.5,20.6,20.1,40.6,6.5,901310,8901,0,0,cubic
0.233,23005,15,18720,24.8,20.2,20.1,40.6,6.2,926649,8905,0,0,cubic
0.238,23031,15,18720,24.3,20.5,20.1,40.6,5.7,948324,8908,0,0,cubic
0.243,23057,16,17280,23.8,20.6,20.1,40.6,5.2,968008,8911,0,0,cubic
0.250,23089,16,18720,23.4,20.5,20.1,40.6,4.7,986498,8916,0,0,cubic
0.256,23122,16,18720,23.2,21.5,20.1,40.6,4.0,998273,8920,0,0,cubic
0.263,23154,16,18720,23.0,22.1,20.1,40.6,3.3,1005166,8924,0,0,cubic
0.270,23327,16,18720,23.0,23.0,20.1,40.6,2.5,1012720,8928,0,0,cubic
0.277,23679,16,18720,23.1,23.8,20.1,40.6,2.0,1023646,8932,0,0,cubic
0.283,24025,16,18720,23.3,24.6,20.1,40.6,1.9,1030364,8936,0,0,cubic
0.290,24367,16,18720,23.6,25.9,20.1,40.6,2.1,1030796,8940,0,0,cubic
0.297,24703,17,18720,24.0,26.9,20.1,40.6,2.4,1027279,8944,0,0,cubic
0.304,25035,17,20160,24.4,27.0,20.1,40.6,2.5,1025142,8949,0,0,cubic
0.311,25363,17,20160,24.8,27.1,20.1,40.6,2.6,1024726,8953,0,0,cubic
0.317,25686,17,20160,25.0,26.9,20.1,40.6,2.5,1026536,8957,0,0,cubic
0.324,26006,18,20160,25.3,26.9,20.1,40.6,2.3,1029573,8961,0,0,cubic
0.331,26321,18,21600,25.5,27.0,20.1,40.6,2.2,1033371,8966,0,0,cubic
0.338,26633,18,21600,25.7,26.9,20.1,40.6,2.0,1038161,8970,0,0,cubic
0.344,26941,18,21600,25.8,27.0,20.1,40.6,1.8,1043577,8974,0,0,cubic
0.351,27245,18,21600,25.9,26.9,20.1,40.6,1.6,1050105,8978,0,0,cubic
0.358,27546,19,21600,26.1,27.0,20.1,40.6,1.5,1056373,8982,0,0,cubic
0.365,27844,19,23040,26.2,26.8,20.1,40.6,1.3,1064047,8987,0,0,cubic
0.372,28138,19,23040,26.3,27.1,20.1,40.6,1.2,1070700,8991,0,0,cubic
0.378,28430,19,23040,26.4,26.9,20.1,40.6,1.1,1078609,8995,0,0,cubic
0.385,28718,19,23040,26.4,26.9,20.1,40.6,0.9,1086486,8999,0,0,cubic
0.392,29004,20,23040,27.3,33.4,20.1,40.6,2.4,1062223,9003,0,0,cubic
0.399,29287,20,24480,28.1,33.7,20.1,40.6,3.4,1041982,9008,0,0,cubic
0.406,29567,20,24480,28.8,33.9,20.1,40.6,4.0,1025705,9012,0,0,cubic
0.412,29844,20,24480,29.4,33.8,20.1,40.6,4.2,1013688,9016,0,0,cubic
0.419,30119,20,24480,30.0,33.7,20.1,40.6,4.3,1004703,9020,0,0,cubic
0.426,30391,21,24480,30.4,33.7,20.1,40.6,4.1,998226,9024,0,0,cubic
0.433,30661,21,25920,30.9,33.7,20.1,40.6,3.9,993712,9029,0,0,cubic
0.439,30929,21,25920,31.2,33.6,20.1,40.6,3.6,991218,9033,0,0,cubic
0.446,31194,21,25920,31.5,33.7,20.1,40.6,3.3,989908,9037,0,0,cubic
0.453,31457,21,25920,31.8,33.8,20.1,40.6,3.1,989338,9041,0,0,cubic
0.460,31718,22,25920,32.0,33.7,20.1,40.6,2.8,990228,9045,0,0,cubic
0.466,31976,22,27360,32.2,33.8,20.1,40.6,2.5,991596,9050,0,0,cubic
0.473,32233,22,27360,32.4,33.8,20.1,40.6,2.3,993772,9054,0,0,cubic
0.480,32487,22,27360,32.6,33.8,20.1,40.6,2.0,996289,9058,0,0,cubic
0.487,32740,22,27360,32.7,33.7,20.1,40.6,1.8,999908,9062,0,0,cubic
0.494,28647,19,27360,32.9,33.7,20.1,40.6,1.6,871709,9066,0,0,cubic
0.500,28690,19,23040,33.0,33.7,20.1,40.6,1.4,870264,9067,0,0,cubic
0.507,28733,19,23040,33.1,33.7,20.1,40.6,1.2,869169,9071,0,0,cubic
0.514,28775,19,23040,33.1,33.7,20.1,40.6,1.1,868259,9075,0,0,cubic
0.521,28818,20,23040,33.2,33.7,20.1,40.6,1.0,867672,9079,0,0,cubic
0.527,28860,20,24480,33.3,33.7,20.1,40.6,0.9,867265,9084,0,0,cubic
0.534,28901,20,24480,33.3,33.7,20.1,40.6,0.8,866986,9088,0,0,cubic
0.541,28942,20,24480,33.4,33.7,20.1,40.6,0.7,867098,9092,0,0,cubic
0.548,28983,20,24480,33.4,33.7,20.1,40.6,0.6,867209,9096,0,0,cubic
0.555,29024,20,24480,33.5,33.7,20.1,40.6,0.5,867475,9100,0,0,cubic
0.568,22257,15,18775,33.5,33.7,20.1,40.6,0.4,664169,9105,0,0,cubic
0.575,22294,15,17335,33.5,33.7,20.1,40.6,0.3,664817,9108,0,0,cubic
0.582,22329,15,17335,33.5,33.6,20.1,40.6,0.3,665702,9112,0,0,cubic
0.588,22365,15,17335,33.5,33.6,20.1,40.6,0.2,666636,9116,0,0,cubic
0.595,22400,15,17280,32.7,27.0,20.1,40.6,1.8,684324,9120,0,0,cubic
0.603,22435,15,17280,32.0,26.8,20.1,40.6,2.8,701247,9124,0,0,cubic
0.609,22471,15,15840,31.1,25.0,20.1,40.6,3.9,722238,9127,0,0,cubic
0.617,22505,15,15840,30.1,22.8,20.1,40.6,5.0,748271,9131,0,0,cubic
0.623,22539,15,14400,29.0,21.4,20.1,40.6,5.9,777609,9134,0,0,cubic
0.630,22573,15,15840,27.9,20.2,20.1,40.6,6.6,809590,9138,0,0,cubic
0.636,22599,15,15840,26.9,20.3,20.1,40.6,6.9,839206,9141,0,0,cubic
0.642,22630,15,17280,26.1,20.1,20.1,40.6,6.9,867747,9145,0,0,cubic
0.647,22659,15,17280,25.3,20.2,20.1,40.6,6.6,894234,9148,0,0,cubic
0.652,22687,15,15840,24.7,20.5,20.1,40.6,6.2,917424,9151,0,0,cubic
0.660,22720,15,17280,24.2,20.2,20.1,40.6,5.8,940475,9156,0,0,cubic
0.666,22753,15,17280,23.7,20.7,20.1,40.6,5.2,959151,9160,0,0,cubic
0.673,22785,15,17280,23.3,20.5,20.1,40.6,4.7,977142,9164,0,0,cubic
0.680,22818,15,17280,23.1,21.5,20.1,40.6,4.0,988048,9168,0,0,cubic
0.686,22936,15,17280,23.0,22.2,20.1,40.6,3.2,998128,9172,0,0,cubic
0.693,23293,16,17280,23.0,23.1,20.1,40.6,2.4,1013223,9176,0,0,cubic
0.700,23645,16,18720,23.1,23.8,20.1,40.6,2.0,1023814,9181,0,0,cubic
0.707,23992,16,18720,23.3,24.6,20.1,40.6,1.9,1030451,9185,0,0,cubic
0.714,24334,16,18720,23.6,25.8,20.1,40.6,2.1,1031232,9189,0,0,cubic
0.720,24671,17,18720,24.0,26.9,20.1,40.6,2.4,1027787,9193,0,0,cubic
0.727,25004,17,20160,24.4,27.0,20.1,40.6,2.5,1025552,9198,0,0,cubic
0.734,25332,17,20160,24.7,27.0,20.1,40.6,2.5,1025379,9202,0,0,cubic
0.741,25656,17,20160,25.0,27.0,20.1,40.6,2.5,1026773,9206,0,0,cubic
0.747,25975,18,20160,25.2,26.9,20.1,40.6,2.3,1029773,9210,0,0,cubic
0.754,26291,18,21600,25.4,26.9,20.1,40.6,2.2,1033776,9215,0,0,cubic
0.761,26603,18,21600,25.6,26.9,20.1,40.6,2.0,1038449,9219,0,0,cubic
0.768,26911,18,21600,25.8,26.9,20.1,40.6,1.8,1044073,9223,0,0,cubic
0.775,27216,18,21600,25.9,26.9,20.1,40.6,1.6,1049959,9227,0,0,cubic
0.781,27517,19,21600,26.1,27.0,20.1,40.6,1.5,1056193,9231,0,0,cubic
0.788,27816,19,23040,26.2,26.9,20.1,40.6,1.3,1063262,9236,0,0,cubic
0.795,28110,19,23040,26.3,27.0,20.1,40.6,1.2,1070204,9240,0,0,cubic
0.802,28402,19,23040,26.4,26.9,20.1,40.6,1.1,1077874,9244,0,0,cubic
0.808,28691,19,23040,26.4,26.8,20.1,40.6,0.9,1086286,9248,0,0,cubic
0.815,28977,20,23040,27.3,33.3,20.1,40.6,2.4,1062518,9252,0,0,cubic
0.822,29260,20,24480,28.1,33.6,20.1,40.6,3.4,1042728,9257,0,0,cubic
0.829,29540,20,24480,28.8,33.7,20.1,40.6,4.0,1026978,9261,0,0,cubic
0.835,29748,20,25920,29.2,31.9,20.1,40.6,3.8,1020199,9265,0,0,cubic
0.841,30024,20,24480,29.5,32.0,20.1,40.6,3.5,1017107,9268,0,0,cubic
0.847,30297,21,24480,29.8,32.0,20.1,40.6,3.3,1015757,9272,0,0,cubic
0.854,30568,21,25920,30.1,32.1,20.1,40.6,3.0,1015076,9277,0,0,cubic
0.861,30836,21,25920,30.3,32.0,20.1,40.6,2.7,1016113,9281,0,0,cubic
0.868,31102,21,25920,30.6,32.1,20.1,40.6,2.5,1017635,9285,0,0,cubic
0.874,31366,21,25920,30.9,33.6,20.1,40.6,2.6,1013506,9289,0,0,cubic
0.881,31628,21,25920,31.3,33.8,20.1,40.6,2.7,1010350,9293,0,0,cubic
0.888,31887,22,25920,31.6,33.8,20.1,40.6,2.6,1008763,9297,0,0,cubic
0.895,32144,22,27360,31.9,33.8,20.1,40.6,2.5,1008344,9302,0,0,cubic
0.902,32399,22,27360,32.1,33.8,20.1,40.6,2.3,1008937,9306,0,0,cubic
0.908,32652,22,27360,32.3,33.7,20.1,40.6,2.2,1010553,9310,0,0,cubic
0.915,28570,19,27360,32.5,33.7,20.1,40.6,2.0,879509,9314,0,0,cubic
0.922,28613,19,23040,32.6,33.7,20.1,40.6,1.8,876811,9315,0,0,cubic
0.929,28656,19,23040,32.8,33.7,20.1,40.6,1.6,874431,9319,0,0,cubic
0.935,28698,19,23040,32.9,33.6,20.1,40.6,1.4,872889,9323,0,0,cubic
0.942,28740,19,23040,33.0,33.7,20.1,40.6,1.3,871463,9327,0,0,cubic
0.949,28782,19,23040,33.0,33.5,20.1,40.6,1.1,870967,9331,0,0,cubic
0.956,28823,20,23040,33.1,33.7,20.1,40.6,1.0,870023,9335,0,0,cubic
0.963,28865,20,24480,33.2,33.7,20.1,40.6,0.9,869584,9340,0,0,cubic
0.969,28906,20,24480,33.3,33.9,20.1,40.6,0.8,868621,9344,0,0,cubic
0.976,28947,20,24480,33.4,33.9,20.1,40.6,0.8,867949,9348,0,0,cubic
0.990,22199,15,18720,33.4,33.8,20.1,40.6,0.6,663865,9352,0,0,cubic
0.997,22235,15,17280,33.5,33.8,20.1,40.6,0.5,664167,9355,0,0,cubic
1.003,22270,15,17280,33.5,33.6,20.1,40.6,0.4,664815,9359,0,0,cubic
1.010,22306,15,17280,33.5,33.6,20.1,40.6,0.4,665572,9363,0,0,cubic
1.017,22341,15,17280,32.7,27.0,20.1,40.6,1.9,683294,9367,0,0,cubic
1.025,22376,15,17280,31.9,26.7,20.1,40.6,2.9,700563,9371,0,0,cubic
1.031,22411,15,15840,31.0,24.7,20.1,40.6,4.0,722189,9374,0,0,cubic
1.037,22445,15,14400,30.0,22.7,20.1,40.6,5.1,748316,9377,0,0,cubic
1.044,22479,15,14400,28.9,21.2,20.1,40.6,6.0,778062,9381,0,0,cubic
1.052,22513,15,15840,27.8,20.2,20.1,40.6,6.7,809674,9385,0,0,cubic
1.057,22540,15,15840,26.9,20.2,20.1,40.6,6.9,839322,9388,0,0,cubic
1.064,22572,15,17280,26.0,20.2,20.1,40.6,6.9,867486,9392,0,0,cubic
1.069,22600,15,17280,25.3,20.2,20.1,40.6,6.6,893457,9395,0,0,cubic
1.074,22627,15,15840,24.7,20.4,20.1,40.6,6.2,916592,9398,0,0,cubic
1.081,22661,15,18720,24.2,20.6,20.1,40.6,5.6,937334,9403,0,0,cubic
1.086,22686,15,17280,23.7,20.3,20.1,40.6,5.2,957821,9406,0,0,cubic
1.093,22718,15,17280,23.4,21.0,20.1,40.6,4.6,972725,9410,0,0,cubic
1.100,22751,15,17280,23.1,20.9,20.1,40.6,4.0,986942,9414,0,0,cubic
1.107,22818,15,17280,22.9,22.1,20.1,40.6,3.3,995158,9418,0,0,cubic
1.113,23178,16,17280,22.9,22.8,20.1,40.6,2.5,1011521,9422,0,0,cubic
1.120,23531,16,18720,23.0,23.6,20.1,40.6,2.0,1022953,9427,0,0,cubic
1.127,23793,16,20160,23.1,24.0,20.1,40.6,1.8,1029019,9431,0,0,cubic
1.132,24138,16,18720,23.4,25.3,20.1,40.6,1.9,1031847,9434,0,0,cubic
1.139,24477,16,18720,23.6,25.3,20.1,40.6,1.9,1036063,9438,0,0,cubic
1.145,24813,17,18720,23.8,25.4,20.1,40.6,1.8,1040682,9442,0,0,cubic
1.152,25143,17,20160,24.0,25.5,20.1,40.6,1.8,1045533,9447,0,0,cubic
1.159,25469,17,20160,24.4,26.9,20.1,40.6,2.1,1043554,9451,0,0,cubic
0.006,25469,17,0,26.0,29.0,20.1,40.6,2.5,980104,9454,0,0,cubic
0.007,25469,17,0,26.5,30.2,20.1,40.6,2.9,960586,9456,0,0,cubic
0.033,25711,17,21600,27.3,32.5,20.1,40.6,3.7,942969,9474,0,0,cubic
0.041,25870,17,23040,27.7,30.4,20.1,40.6,3.5,935522,9477,0,0,cubic
0.048,26029,18,23040,28.8,37.2,20.1,40.6,5.0,902374,9479,0,0,cubic
0.055,26186,18,24480,30.6,42.9,20.1,42.9,7.3,855695,9482,0,0,cubic
0.062,26343,18,24480,32.7,47.0,20.1,47.0,9.6,806632,9484,0,0,cubic
0.069,26499,18,24480,34.9,50.9,20.1,50.9,11.8,758392,9486,0,0,cubic
0.075,26653,18,24480,37.4,54.8,20.1,54.8,13.8,712304,9488,0,0,cubic
0.082,26807,18,24480,40.1,58.6,20.1,58.6,15.6,669087,9490,0,0,cubic
0.089,26960,18,24480,41.7,53.0,20.1,58.6,14.9,646848,9492,0,0,cubic
0.096,27112,18,24480,43.9,59.8,20.1,59.8,15.7,616924,9494,0,0,cubic
0.103,27264,18,24480,45.7,58.1,20.1,59.8,15.3,596390,9496,0,0,cubic
0.110,27414,19,24480,47.3,58.1,20.1,59.8,14.6,579981,9498,0,0,cubic
0.117,27564,19,25920,48.6,58.2,20.1,59.8,13.7,566833,9501,0,0,cubic
0.123,27712,19,25920,49.8,58.1,20.1,59.8,12.6,556309,9503,0,0,cubic
0.130,27860,19,25920,50.9,58.1,20.1,59.8,11.5,547885,9505,0,0,cubic
0.137,28008,19,25920,51.8,58.1,20.1,59.8,10.5,541112,9507,0,0,cubic
0.158,21515,14,20160,53.9,58.1,20.1,59.8,7.6,399454,9509,0,0,cubic
0.165,21550,14,18720,54.4,58.1,20.1,59.8,6.7,396248,9510,0,0,cubic
0.171,21585,14,17280,55.3,61.4,20.1,61.4,6.8,390579,9512,0,0,cubic
0.180,21628,15,18720,56.0,61.5,20.1,61.5,6.7,385917,9515,0,0,cubic
0.187,21663,15,20160,56.7,61.5,20.1,61.5,6.4,381861,9518,0,0,cubic
0.194,21697,15,20160,57.3,61.5,20.1,61.5,6.0,378491,9520,0,0,cubic
0.200,21730,15,20160,57.6,59.7,20.1,61.5,5.1,377119,9522,0,0,cubic
0.207,21764,15,20160,56.2,46.0,20.1,61.5,6.7,387466,9524,0,0,cubic
0.228,16723,11,14400,52.6,44.4,20.1,61.5,8.2,317782,9526,0,0,cubic
0.235,16754,11,14400,52.3,50.2,20.1,61.5,6.8,320252,9528,0,0,cubic
0.242,16783,11,14400,52.0,49.9,20.1,61.5,5.7,322663,9530,0,0,cubic
0.248,16812,11,14400,51.6,49.1,20.1,61.5,5.0,325536,9532,0,0,cubic
0.255,16841,11,14400,51.2,48.1,20.1,61.5,4.6,328912,9534,0,0,cubic
0.264,16870,11,14400,50.8,47.7,20.1,61.5,4.4,332309,9536,0,0,cubic
0.277,12947,8,8640,46.9,35.7,20.1,61.5,9.1,276291,9538,0,0,cubic
0.288,12972,9,7200,44.1,24.9,20.1,61.5,12.3,294062,9541,0,0,cubic
0.293,12997,9,5760,41.1,20.2,20.1,61.5,15.2,316090,9542,0,0,cubic
0.306,13040,9,7200,38.6,20.8,20.1,61.5,16.5,338060,9545,0,0,cubic
0.310,13065,9,5760,36.4,21.5,20.1,61.5,16.7,358564,9546,0,0,cubic
0.319,13096,9,5760,34.5,21.0,20.1,61.5,16.3,379506,9548,0,0,cubic
0.329,13131,9,7200,32.8,20.7,20.1,61.5,15.7,400542,9551,0,0,cubic
0.336,13155,9,7200,31.2,20.2,20.1,61.5,14.9,421540,9553,0,0,cubic
0.347,13187,9,8640,30.0,21.3,20.1,61.5,13.7,439947,9556,0,0,cubic
0.353,13431,9,8640,28.7,20.2,20.1,61.5,12.7,467197,9558,0,0,cubic
0.359,13584,9,10080,27.7,20.2,20.1,61.5,11.7,490822,9560,0,0,cubic
0.365,13735,9,11520,27.2,23.5,20.1,61.5,9.8,505744,9562,0,0,cubic
0.370,14183,9,10080,26.7,23.7,20.1,61.5,8.2,530642,9564,0,0,cubic
0.379,14617,10,10080,26.2,22.8,20.1,61.5,7.1,557007,9567,0,0,cubic
0.386,15037,10,10080,25.5,20.6,20.1,61.5,6.8,588901,9570,0,0,cubic
0.396,15310,10,12960,24.9,20.5,20.1,61.5,6.3,614810,9574,0,0,cubic
0.401,15712,10,11520,24.3,20.5,20.1,61.5,5.9,645362,9576,0,0,cubic
0.407,15842,11,14400,23.8,20.2,20.1,61.5,5.4,664792,9579,0,0,cubic
0.412,16101,11,14400,24.1,25.8,20.1,61.5,4.6,668673,9581,0,0,cubic
0.419,16356,11,14400,24.5,27.8,20.1,61.5,4.4,666395,9583,0,0,cubic
0.426,16481,11,15840,24.9,27.1,20.1,61.5,3.9,662925,9585,0,0,cubic
0.431,16855,11,12960,25.4,29.2,20.1,61.5,4.0,663530,9586,0,0,cubic
0.439,17098,11,14400,26.3,32.8,20.1,61.5,4.9,649521,9589,0,0,cubic
0.446,17338,12,14400,27.2,33.6,20.1,61.5,5.5,636724,9591,0,0,cubic
0.453,17693,12,14400,28.1,34.2,20.1,61.5,5.8,629756,9594,0,0,cubic
0.460,17808,12,17280,29.1,35.8,20.1,61.5,6.3,612822,9597,0,0,cubic
0.465,18154,12,14400,29.5,32.3,20.1,61.5,5.5,616246,9598,0,0,cubic
0.475,18380,12,15840,29.8,32.3,20.1,61.5,4.9,616364,9601,0,0,cubic
0.482,18603,12,15840,30.1,32.4,20.1,61.5,4.3,617158,9603,0,0,cubic
0.489,18823,13,15840,31.3,39.3,20.1,61.5,5.5,601739,9605,0,0,cubic
0.496,19041,13,17280,32.3,39.1,20.1,61.5,6.1,590253,9608,0,0,cubic
0.509,16691,11,12960,34.5,44.4,20.1,61.5,7.5,483208,9610,0,0,cubic
0.518,16728,11,14400,35.3,40.9,20.1,61.5,7.3,473371,9613,0,0,cubic
0.525,16758,11,14400,36.0,40.9,20.1,61.5,6.8,465034,9615,0,0,cubic
0.533,16795,11,14400,36.6,40.9,20.1,61.5,6.3,458366,9617,0,0,cubic
0.540,16824,11,14400,37.2,41.0,20.1,61.5,5.8,452440,9619,0,0,cubic
0.547,16853,11,14400,36.8,34.1,20.1,61.5,5.2,458011,9621,0,0,cubic
0.554,16882,11,12960,36.7,35.9,20.1,61.5,4.1,460213,9623,0,0,cubic
0.571,12957,8,10080,36.7,35.8,20.1,61.5,2.7,353369,9626,0,0,cubic
0.580,12988,9,10080,36.8,37.6,20.1,61.5,2.3,353107,9628,0,0,cubic
0.587,13014,9,11520,36.9,37.6,20.1,61.5,1.9,352883,9631,0,0,cubic
0.595,13038,9,11520,37.0,37.5,20.1,61.5,1.6,352817,9633,0,0,cubic
0.603,13063,9,11520,35.8,27.3,20.1,61.5,3.6,365398,9635,0,0,cubic
0.607,13087,9,10080,34.5,25.5,20.1,61.5,5.3,379740,9636,0,0,cubic
0.614,13111,9,8640,33.5,26.9,20.1,61.5,5.8,391127,9638,0,0,cubic
0.625,13141,9,10080,32.3,23.5,20.1,61.5,6.9,407270,9641,0,0,cubic
0.632,13170,9,10080,31.3,24.2,20.1,61.5,7.2,421264,9643,0,0,cubic
0.639,13194,9,10080,30.3,23.2,20.1,61.5,7.4,436122,9645,0,0,cubic
0.646,13419,9,10080,29.3,22.8,20.1,61.5,7.4,457736,9647,0,0,cubic
0.651,13725,9,10080,28.5,22.6,20.1,61.5,7.2,481917,9649,0,0,cubic
0.660,14024,9,11520,27.8,22.8,20.1,61.5,6.8,505041,9652,0,0,cubic
0.666,14316,9,11520,27.1,22.8,20.1,61.5,6.4,527351,9654,0,0,cubic
0.672,14603,10,11520,26.6,22.7,20.1,61.5,5.9,549150,9656,0,0,cubic
0.679,14884,10,12960,26.2,23.9,20.1,61.5,5.1,567031,9659,0,0,cubic
0.686,15297,10,11520,26.1,25.0,20.1,61.5,4.1,586226,9661,0,0,cubic
0.692,15565,10,12960,25.9,24.4,20.1,61.5,3.5,601383,9664,0,0,cubic
0.699,15828,10,12960,25.8,25.6,20.1,61.5,2.7,612443,9666,0,0,cubic
0.708,16088,11,12960,26.3,29.8,20.1,61.5,3.0,610735,9668,0,0,cubic
0.715,16342,11,14400,27.0,31.5,20.1,61.5,3.6,605438,9671,0,0,cubic
0.722,16593,11,14400,27.7,33.0,20.1,61.5,4.2,598096,9673,0,0,cubic
0.728,16841,11,14400,28.5,34.2,20.1,61.5,4.7,590001,9675,0,0,cubic
0.735,17084,11,14400,29.3,34.2,20.1,61.5,5.0,584008,9677,0,0,cubic
0.742,17444,12,12960,29.9,34.1,20.1,61.5,4.9,584192,9679,0,0,cubic
0.751,17679,12,15840,30.4,34.2,20.1,61.5,4.8,581584,9683,0,0,cubic
0.759,17911,12,15840,30.9,34.1,20.1,61.5,4.5,580432,9685,0,0,cubic
0.766,18140,12,15840,31.3,34.1,20.1,61.5,4.2,580164,9687,0,0,cubic
0.773,18366,12,15840,31.6,34.1,20.1,61.5,3.9,580871,9689,0,0,cubic
0.780,16070,11,15840,31.9,34.2,20.1,61.5,3.5,503209,9691,0,0,cubic
0.787,16100,11,14400,33.1,41.0,20.1,61.5,4.9,486846,9692,0,0,cubic
0.794,16129,11,14400,33.8,39.3,20.1,61.5,5.2,476498,9694,0,0,cubic
0.800,16158,11,14400,34.3,37.5,20.1,61.5,4.8,470996,9696,0,0,cubic
0.807,16186,11,14400,34.7,37.5,20.1,61.5,4.4,466401,9698,0,0,cubic
0.814,16215,11,14400,35.1,37.5,20.1,61.5,4.0,462558,9700,0,0,cubic
0.821,16244,11,14400,35.4,37.5,20.1,61.5,3.6,459337,9702,0,0,cubic
0.828,16272,11,14400,35.6,37.5,20.1,61.5,3.3,456732,9704,0,0,cubic
0.835,16299,11,14400,35.9,37.5,20.1,61.5,2.9,454542,9706,0,0,cubic
0.848,12503,8,11520,36.2,37.6,20.1,61.5,2.3,344929,9708,0,0,cubic
0.855,12528,8,8640,36.0,34.2,20.1,61.5,2.3,348125,9709,0,0,cubic
0.865,12565,8,10080,36.2,37.6,20.1,61.5,2.1,347243,9712,0,0,cubic
0.874,12595,8,8640,36.6,39.3,20.1,61.5,2.3,344360,9714,0,0,cubic
0.884,12619,8,10080,35.2,25.7,20.1,61.5,4.5,358341,9717,0,0,cubic
0.891,9660,6,8640,34.0,25.6,20.1,61.5,5.8,358341,9719,0,0,cubic
0.898,9681,6,7200,32.5,22.2,20.1,61.5,7.3,358341,9720,0,0,cubic
0.906,9707,6,7200,31.8,27.1,20.1,61.5,6.8,358341,9722,0,0,cubic
0.913,9727,6,8640,30.9,24.2,20.1,61.5,7.0,358341,9724,0,0,cubic
0.919,9743,6,7200,30.0,23.9,20.1,61.5,7.0,358341,9725,0,0,cubic
0.927,9767,6,7200,29.4,25.2,20.1,61.5,6.5,358341,9727,0,0,cubic
0.933,9972,6,7200,28.7,23.5,20.1,61.5,6.3,358341,9729,0,0,cubic
0.940,10177,7,8640,27.8,21.8,20.1,61.5,6.5,358341,9731,0,0,cubic
0.946,10580,7,8640,27.3,23.5,20.1,61.5,5.9,358341,9733,0,0,cubic
0.952,10968,7,8640,26.6,22.2,20.1,61.5,5.7,358341,9735,0,0,cubic
0.959,11342,7,8640,26.1,22.2,20.1,61.5,5.4,358341,9737,0,0,cubic
0.966,11884,8,7200,25.4,20.4,20.1,61.5,5.5,468648,9739,0,0,cubic
0.975,12229,8,10080,24.7,20.4,20.1,61.5,5.3,494300,9743,0,0,cubic
0.981,12564,8,10080,24.4,22.2,20.1,61.5,4.7,514559,9745,0,0,cubic
0.988,12891,8,10080,23.9,20.5,20.1,61.5,4.5,538741,9747,0,0,cubic
0.995,13209,9,10080,24.0,24.1,20.1,61.5,3.4,551431,9749,0,0,cubic
1.002,13519,9,11520,24.1,25.3,20.1,61.5,2.9,560489,9752,0,0,cubic
1.009,13823,9,11520,24.3,25.6,20.1,61.5,2.5,568777,9754,0,0,cubic
1.016,14119,9,11520,24.5,25.5,20.1,61.5,2.2,577298,9756,0,0,cubic
1.022,14410,10,11520,24.6,25.6,20.1,61.5,1.9,585748,9758,0,0,cubic
1.029,14694,10,12960,25.3,30.4,20.1,61.5,2.9,580354,9761,0,0,cubic
1.036,14974,10,12960,26.2,32.3,20.1,61.5,3.9,571766,9763,0,0,cubic
1.043,15247,10,12960,26.8,30.8,20.1,61.5,4.1,569789,9765,0,0,cubic
1.050,15516,10,12960,27.3,30.8,20.1,61.5,4.1,569227,9767,0,0,cubic
1.057,15781,10,12960,27.7,30.7,20.1,61.5,3.9,569875,9769,0,0,cubic
1.064,16041,11,12960,28.1,30.8,20.1,61.5,3.7,571362,9771,0,0,cubic
1.071,16296,11,14400,28.4,30.8,20.1,61.5,3.5,573378,9774,0,0,cubic
1.077,16548,11,14400,28.7,30.7,20.1,61.5,3.2,576605,9776,0,0,cubic
1.084,14479,10,12960,29.4,34.2,20.1,61.5,3.7,492801,9778,0,0,cubic
1.093,14514,10,12960,30.0,34.1,20.1,61.5,4.0,484300,9780,0,0,cubic
1.100,14541,10,12960,30.5,34.1,20.1,61.5,4.0,476957,9782,0,0,cubic
1.108,14575,10,12960,30.9,34.0,20.1,61.5,3.9,471347,9784,0,0,cubic
1.115,14602,10,12960,31.3,34.1,20.1,61.5,3.7,466323,9786,0,0,cubic
1.122,14628,10,12960,31.7,34.2,20.1,61.5,3.5,461800,9788,0,0,cubic
1.135,11222,7,8640,32.3,35.9,20.1,61.5,3.1,461800,9790,0,0,cubic
1.144,11250,7,8640,32.5,34.1,20.1,61.5,2.8,461800,9792,0,0,cubic
1.151,11273,7,8640,32.9,35.9,20.1,61.5,2.9,461800,9794,0,0,cubic
1.158,11296,7,8640,33.3,35.8,20.1,61.5,2.9,461800,9796,0,0,cubic
1.165,8646,6,8640,32.8,29.0,20.1,61.5,3.3,461800,9798,0,0,cubic
1.171,8666,6,7200,32.1,27.4,20.1,61.5,3.8,461800,9799,0,0,cubic
1.178,8685,6,7200,31.5,27.3,20.1,61.5,4.0,461800,9801,0,0,cubic
1.185,8704,6,7200,31.0,27.4,20.1,61.5,4.1,461800,9803,0,0,cubic
1.192,8723,6,7200,29.7,20.5,20.1,61.5,5.7,461800,9805,0,0,cubic
1.199,9119,6,7200,28.5,20.5,20.1,61.5,6.5,461800,9807,0,0,cubic
1.206,9569,6,7200,27.5,20.6,20.1,61.5,6.9,461800,9809,0,0,cubic
1.213,9997,6,7200,26.6,20.3,20.1,61.5,7.0,461800,9811,0,0,cubic
1.219,10408,7,7200,25.9,20.5,20.1,61.5,6.8,461800,9813,0,0,cubic
1.226,10802,7,8640,25.2,20.5,20.1,61.5,6.4,461800,9816,0,0,cubic
1.233,11181,7,8640,24.6,20.4,20.1,61.5,6.0,461800,9818,0,0,cubic
1.240,11548,8,8640,24.1,20.5,20.1,61.5,5.5,479667,9820,0,0,cubic
1.247,11903,8,10080,24.0,23.9,20.1,61.5,4.2,494988,9823,0,0,cubic
1.254,12248,8,10080,24.0,23.9,20.1,61.5,3.2,509759,9825,0,0,cubic
1.259,12582,8,10080,23.9,22.8,20.1,61.5,2.7,526906,9827,0,0,cubic
1.266,13071,9,8640,23.6,21.3,20.1,61.5,2.6,554796,9829,0,0,cubic
1.275,13385,9,11520,23.9,26.4,20.1,61.5,2.7,559854,9833,0,0,cubic
1.282,13538,9,12960,23.8,23.4,20.1,61.5,2.1,567702,9835,0,0,cubic
1.288,13841,9,11520,23.9,24.4,20.1,61.5,1.7,578588,9836,0,0,cubic
1.294,14137,9,11520,24.0,24.4,20.1,61.5,1.4,589459,9838,0,0,cubic
1.301,14428,10,11520,24.6,29.1,20.1,61.5,2.3,586075,9840,0,0,cubic
1.306,14712,10,12960,25.2,29.0,20.1,61.5,2.9,584644,9843,0,0,cubic
1.313,14991,10,12960,25.6,29.0,20.1,61.5,3.1,584740,9845,0,0,cubic
1.320,15401,10,11520,25.4,23.8,20.1,61.5,2.8,606290,9847,0,0,cubic
1.328,15667,10,12960,25.2,23.8,20.1,61.5,2.5,621533,9850,0,0,cubic
1.335,15929,11,12960,25.7,29.5,20.1,61.5,2.9,618625,9852,0,0,cubic
1.342,16186,11,14400,26.9,34.6,20.1,61.5,4.4,602650,9855,0,0,cubic
1.349,16440,11,14400,28.0,35.9,20.1,61.5,5.6,587478,9857,0,0,cubic
1.356,16689,11,14400,29.0,35.9,20.1,61.5,6.2,575919,9859,0,0,cubic
1.363,16935,11,14400,29.6,34.2,20.1,61.5,5.9,571587,9861,0,0,cubic
1.370,17177,11,14400,30.0,32.4,20.1,61.5,5.1,572948,9863,0,0,cubic
1.376,17416,12,14400,31.1,38.7,20.1,61.5,6.0,560558,9865,0,0,cubic
1.383,15238,10,14400,31.5,34.1,20.1,61.5,5.3,484499,9868,0,0,cubic
1.390,15267,10,12960,31.8,34.2,20.1,61.5,4.7,480200,9869,0,0,cubic
1.397,15295,10,12960,32.1,34.1,20.1,61.5,4.1,476747,9871,0,0,cubic
1.407,15337,10,12960,32.3,34.1,20.1,61.5,3.6,474315,9873,0,0,cubic
1.414,15365,10,12960,32.6,34.2,20.1,61.5,3.1,471840,9875,0,0,cubic
1.421,15393,10,12960,33.6,41.0,20.1,61.5,4.4,457934,9877,0,0,cubic
1.428,15419,10,12960,33.7,34.1,20.1,61.5,3.5,457903,9879,0,0,cubic
1.435,15447,10,11520,34.2,37.5,20.1,61.5,3.6,452274,9881,0,0,cubic
1.443,15480,10,12960,34.2,34.2,20.1,61.5,2.7,453214,9884,0,0,cubic
1.450,15506,10,12960,33.9,32.3,20.1,61.5,2.5,457026,9886,0,0,cubic
1.455,15526,10,12960,33.7,32.3,20.1,61.5,2.2,460302,9888,0,0,cubic
1.471,11917,8,10080,33.4,32.5,20.1,61.5,1.8,356465,9890,0,0,cubic
1.477,11940,8,10080,33.1,30.7,20.1,61.5,2.0,360888,9892,0,0,cubic
1.484,11964,8,10080,32.8,30.8,20.1,61.5,2.1,364822,9894,0,0,cubic
1.491,11987,8,8640,33.2,35.9,20.1,61.5,2.3,361271,9896,0,0,cubic
1.502,12017,8,11520,32.0,23.8,20.1,61.5,4.1,375449,9899,0,0,cubic
1.506,12034,8,10080,31.2,25.6,20.1,61.5,4.7,385680,9900,0,0,cubic
1.513,12057,8,10080,30.5,25.6,20.1,61.5,4.9,395350,9902,0,0,cubic
1.521,12079,8,10080,29.9,25.6,20.1,61.5,4.9,404209,9904,0,0,cubic
1.527,12101,8,10080,29.1,23.4,20.1,61.5,5.3,416314,9906,0,0,cubic
1.534,12350,8,10080,28.7,26.1,20.1,61.5,4.7,430343,9908,0,0,cubic
1.543,12682,8,10080,28.6,27.6,20.1,61.5,3.8,444032,9910,0,0,cubic
1.549,13167,9,8640,27.9,23.6,20.1,61.5,4.1,471242,9912,0,0,cubic
1.559,13790,9,8640,27.0,20.2,20.1,61.5,5.0,511327,9916,0,0,cubic
1.570,14087,9,11520,26.4,22.3,20.1,61.5,4.9,533800,9920,0,0,cubic
1.576,14524,10,10080,25.9,22.3,20.1,61.5,4.7,561118,9922,0,0,cubic
1.586,14806,10,12960,25.4,22.2,20.1,61.5,4.4,582340,9926,0,0,cubic
1.592,15083,10,12960,25.2,23.3,20.1,61.5,3.9,599530,9928,0,0,cubic
1.598,15355,10,12960,25.5,28.1,20.1,61.5,3.6,601543,9930,0,0,cubic
1.605,15622,10,12960,26.0,28.9,20.1,61.5,3.6,601934,9932,0,0,cubic
1.612,15885,11,12960,26.6,31.5,20.1,61.5,4.1,596283,9934,0,0,cubic
1.619,16014,11,15840,27.1,30.1,20.1,61.5,3.9,591664,9937,0,0,cubic
1.624,16398,11,12960,27.7,32.4,20.1,61.5,4.3,591238,9938,0,0,cubic
1.631,16773,11,12960,28.1,30.7,20.1,61.5,3.9,596861,9941,0,0,cubic
1.639,17018,11,14400,28.6,32.4,20.1,61.5,4.0,594183,9944,0,0,cubic
1.646,14890,10,14400,29.1,32.3,20.1,61.5,3.9,511719,9946,0,0,cubic
1.655,14926,10,12960,29.5,32.4,20.1,61.5,3.8,505863,9947,0,0,cubic
1.662,14953,10,12960,30.1,34.0,20.1,61.5,3.9,497306,9949,0,0,cubic
1.669,14981,10,12960,30.6,34.1,20.1,61.5,4.0,489959,9951,0,0,cubic
1.676,15009,10,11520,31.2,35.9,20.1,61.5,4.3,480441,9953,0,0,cubic
1.682,15035,10,11520,30.5,25.5,20.1,61.5,4.7,492530,9956,0,0,cubic
1.691,15069,10,11520,30.3,28.9,20.1,61.5,3.9,496998,9959,0,0,cubic
1.698,15096,10,12960,30.2,29.1,20.1,61.5,3.2,500497,9962,0,0,cubic
1.706,15128,10,12960,30.2,30.5,20.1,61.5,2.5,500777,9964,0,0,cubic
1.713,15154,10,12960,30.3,30.7,20.1,61.5,2.0,500660,9966,0,0,cubic
1.720,15180,10,12960,30.7,34.1,20.1,61.5,2.5,493787,9968,0,0,cubic
1.727,15205,10,14400,30.7,30.7,20.1,61.5,1.9,494664,9970,0,0,cubic
1.732,15225,10,12960,31.2,34.3,20.1,61.5,2.3,488293,9971,0,0,cubic
1.739,15250,10,12960,31.7,35.3,20.1,61.5,2.7,481239,9973,0,0,cubic
1.752,11699,8,10080,32.7,35.9,20.1,61.5,3.2,358107,9975,0,0,cubic
1.759,11723,8,10080,33.1,35.8,20.1,61.5,3.2,354544,9977,0,0,cubic
1.766,11746,8,10080,32.8,30.9,20.1,61.5,3.0,358164,9979,0,0,cubic
1.773,11770,8,10080,32.5,30.8,20.1,61.5,2.7,361708,9981,0,0,cubic
1.780,11792,8,10080,31.5,23.9,20.1,61.5,4.2,374849,9983,0,0,cubic
1.788,11815,8,10080,30.5,23.9,20.1,61.5,5.0,387237,9985,0,0,cubic
1.796,11838,8,10080,29.7,23.8,20.1,61.5,5.5,398935,9987,0,0,cubic
1.802,11860,8,8640,28.7,22.2,20.1,61.5,6.0,412693,9989,0,0,cubic
1.809,12095,8,8640,27.8,21.0,20.1,61.5,6.4,435573,9991,0,0,cubic
1.815,12434,8,8640,27.0,21.6,20.1,61.5,6.4,460569,9993,0,0,cubic
1.822,12764,8,8640,26.1,20.1,20.1,61.5,6.5,488331,9995,0,0,cubic
1.830,13085,9,10080,25.5,20.9,20.1,61.5,6.2,513560,9998,0,0,cubic
1.836,13399,9,10080,25.1,22.7,20.1,61.5,5.3,533060,10000,0,0,cubic
1.844,13705,9,11520,25.1,25.1,20.1,61.5,4.0,545299,10003,0,0,cubic
1.851,14004,9,11520,25.2,25.9,20.1,61.5,3.2,555031,10005,0,0,cubic
1.858,14297,9,11520,25.5,27.0,20.1,61.5,2.8,561746,10007,0,0,cubic
1.864,14584,10,11520,25.6,26.8,20.1,61.5,2.5,569353,10009,0,0,cubic
1.870,14865,10,12960,25.7,26.5,20.1,61.5,2.1,577820,10012,0,0,cubic
1.876,15279,10,11520,25.7,25.6,20.1,61.5,1.6,594421,10014,0,0,cubic
1.883,15547,10,12960,25.2,22.0,20.1,61.5,2.1,615869,10017,0,0,cubic
1.890,15943,11,11520,25.1,23.9,20.1,61.5,1.9,635939,10019,0,0,cubic
1.899,16200,11,14400,25.6,28.9,20.1,61.5,2.4,633976,10023,0,0,cubic
1.905,16327,11,15840,26.0,29.5,20.1,61.5,2.8,626996,10025,0,0,cubic
1.911,16578,11,14400,26.6,30.7,20.1,61.5,3.3,622741,10026,0,0,cubic
1.917,16825,11,14400,27.1,30.7,20.1,61.5,3.5,620139,10028,0,0,cubic
1.924,17069,11,14400,27.6,30.7,20.1,61.5,3.5,619070,10030,0,0,cubic
1.931,14935,10,14400,28.7,37.0,20.1,61.5,5.0,519496,10032,0,0,cubic
1.938,14963,10,11520,30.1,39.3,20.1,61.5,6.3,497738,10033,0,0,cubic
1.946,14998,10,12960,30.3,32.3,20.1,61.5,5.3,494265,10036,0,0,cubic
1.953,15026,10,12960,30.8,34.1,20.1,61.5,4.9,487603,10038,0,0,cubic
1.962,15060,10,12960,31.2,34.1,20.1,61.5,4.5,482197,10040,0,0,cubic
1.969,15087,10,12960,31.6,34.1,20.1,61.5,4.1,477557,10042,0,0,cubic
1.976,15114,10,12960,31.9,34.1,20.1,61.5,3.7,473644,10044,0,0,cubic
1.982,15140,10,12960,32.0,32.4,20.1,61.5,2.9,473480,10046,0,0,cubic
1.997,11615,8,10080,31.9,30.7,20.1,61.5,2.1,364632,10048,0,0,cubic
2.003,11638,8,10080,31.7,30.7,20.1,61.5,1.8,367001,10050,0,0,cubic
2.010,11661,8,8640,32.0,34.2,20.1,61.5,2.0,364224,10052,0,0,cubic
2.018,8926,6,8640,30.7,21.7,20.1,61.5,4.1,364224,10055,0,0,cubic
2.029,8955,6,7200,29.9,23.8,20.1,61.5,4.8,364224,10056,0,0,cubic
2.036,8975,6,7200,29.1,23.9,20.1,61.5,5.1,364224,10058,0,0,cubic
2.042,8995,6,7200,28.5,24.2,20.1,61.5,5.0,364224,10060,0,0,cubic
2.049,9020,6,7200,27.5,20.5,20.1,61.5,5.8,364224,10062,0,0,cubic
2.056,9247,6,8640,26.8,22.1,20.1,61.5,5.7,364224,10064,0,0,cubic
2.061,9691,6,7200,26.2,22.1,20.1,61.5,5.4,364224,10065,0,0,cubic
2.068,10114,7,7200,25.7,22.2,20.1,61.5,5.1,364224,10067,0,0,cubic
2.075,10519,7,8640,25.3,22.2,20.1,61.5,4.7,364224,10070,0,0,cubic
2.082,10909,7,8640,24.7,20.4,20.1,61.5,4.7,364224,10072,0,0,cubic
2.089,11285,7,8640,24.2,20.5,20.1,61.5,4.6,364224,10074,0,0,cubic
2.095,11648,8,8640,24.3,25.6,20.1,61.5,3.8,478534,10076,0,0,cubic
2.102,12001,8,10080,24.5,25.6,20.1,61.5,3.2,489976,10079,0,0,cubic
2.109,12342,8,10080,24.6,25.6,20.1,61.5,2.7,500974,10081,0,0,cubic
2.116,12675,8,10080,24.8,25.6,20.1,61.5,2.2,512038,10083,0,0,cubic
2.123,12998,9,10080,24.9,25.5,20.1,61.5,1.9,523037,10085,0,0,cubic
2.130,13314,9,11520,24.9,25.6,20.1,61.5,1.6,533798,10088,0,0,cubic
2.136,13622,9,11520,25.0,25.5,20.1,61.5,1.3,544727,10090,0,0,cubic
2.143,13923,9,11520,25.1,25.6,20.1,61.5,1.1,555232,10092,0,0,cubic
2.150,14217,9,11520,24.9,23.9,20.1,61.5,1.1,570322,10094,0,0,cubic
2.157,14506,10,11520,25.4,28.6,20.1,61.5,1.8,571327,10096,0,0,cubic
2.164,14788,10,12960,26.0,30.2,20.1,61.5,2.5,569031,10099,0,0,cubic
2.171,15066,10,12960,26.6,30.8,20.1,61.5,3.1,566603,10101,0,0,cubic
2.178,15338,10,12960,27.1,30.7,20.1,61.5,3.4,565915,10103,0,0,cubic
2.184,15605,10,12960,27.6,30.7,20.1,61.5,3.4,566424,10105,0,0,cubic
2.191,13654,9,12960,27.9,30.6,20.1,61.5,3.3,488882,10107,0,0,cubic
2.198,13680,9,11520,28.3,30.6,20.1,61.5,3.2,483939,10108,0,0,cubic
2.205,13707,9,11520,28.6,30.6,20.1,61.5,3.0,479970,10110,0,0,cubic
2.212,13733,9,10080,29.2,34.1,20.1,61.5,3.6,469504,10112,0,0,cubic
2.222,13772,9,11520,30.3,37.6,20.1,61.5,4.8,454701,10115,0,0,cubic
2.236,13810,9,8640,29.9,27.2,20.1,61.5,4.4,461842,10117,0,0,cubic
2.241,13835,9,10080,29.6,27.2,20.1,61.5,3.9,467904,10120,0,0,cubic
2.255,10614,7,8640,30.4,32.4,20.1,61.5,3.6,467904,10123,0,0,cubic
2.263,10641,7,8640,29.5,23.6,20.1,61.5,4.4,467904,10125,0,0,cubic
2.270,10663,7,8640,29.2,27.0,20.1,61.5,3.9,467904,10127,0,0,cubic
2.277,10685,7,8640,29.0,27.5,20.1,61.5,3.4,467904,10129,0,0,cubic
2.284,10707,7,8640,28.6,25.6,20.1,61.5,3.4,467904,10131,0,0,cubic
2.291,10728,7,8640,28.2,25.6,20.1,61.5,3.3,467904,10133,0,0,cubic
2.297,10749,7,8640,27.9,25.6,20.1,61.5,3.1,467904,10135,0,0,cubic
2.304,11120,7,8640,27.4,23.9,20.1,61.5,3.3,467904,10137,0,0,cubic
2.311,11489,7,8640,27.1,25.5,20.1,61.5,2.9,467904,10139,0,0,cubic
2.318,12025,8,7200,26.3,20.3,20.1,61.5,3.9,457380,10141,0,0,cubic
2.327,12366,8,10080,25.6,20.4,20.1,61.5,4.4,483897,10145,0,0,cubic
2.333,12697,8,10080,24.9,20.4,20.1,61.5,4.6,509735,10147,0,0,cubic
2.340,13020,9,10080,24.4,20.5,20.1,61.5,4.5,534526,10149,0,0,cubic
2.347,13335,9,11520,24.3,24.2,20.1,61.5,3.5,547953,10152,0,0,cubic
2.354,13643,9,11520,24.7,27.0,20.1,61.5,3.3,552952,10154,0,0,cubic
2.361,13793,9,12960,24.8,25.3,20.1,61.5,2.6,557180,10156,0,0,cubic
2.366,14090,9,11520,25.0,26.8,20.1,61.5,2.5,563239,10157,0,0,cubic
2.373,14381,9,11520,25.4,27.8,20.1,61.5,2.6,566895,10159,0,0,cubic
2.380,14667,10,11520,25.8,29.1,20.1,61.5,2.9,567784,10161,0,0,cubic
2.386,14946,10,12960,26.2,28.9,20.1,61.5,2.9,570153,10164,0,0,cubic
2.393,15358,10,11520,26.3,27.2,20.1,61.5,2.4,583067,10166,0,0,cubic
2.402,13438,9,12960,26.5,27.3,20.1,61.5,2.1,507899,10169,0,0,cubic
2.409,13464,9,11520,26.6,27.3,20.1,61.5,1.8,506927,10170,0,0,cubic
2.417,13497,9,11520,27.4,33.0,20.1,61.5,2.9,493221,10172,0,0,cubic
2.424,13522,9,11520,28.2,34.1,20.1,61.5,3.9,479401,10174,0,0,cubic
2.431,13548,9,11520,28.9,34.1,20.1,61.5,4.4,468092,10176,0,0,cubic
2.438,13573,9,11520,29.4,32.5,20.1,61.5,4.2,461918,10178,0,0,cubic
2.445,13598,9,11520,29.8,32.4,20.1,61.5,3.9,456937,10180,0,0,cubic
2.452,13623,9,11520,29.9,30.7,20.1,61.5,3.2,455893,10182,0,0,cubic
2.465,10451,7,8640,30.1,30.7,20.1,61.5,2.1,455893,10184,0,0,cubic
2.472,10473,7,8640,30.1,30.6,20.1,61.5,1.7,455893,10186,0,0,cubic
2.479,10494,7,7200,29.8,27.2,20.1,61.5,2.0,455893,10188,0,0,cubic
2.487,10522,7,8640,28.6,20.5,20.1,61.5,3.8,455893,10191,0,0,cubic
2.494,10543,7,8640,27.6,20.4,20.1,61.5,4.9,455893,10193,0,0,cubic
2.501,10687,7,7200,26.9,22.2,20.1,61.5,5.0,455893,10195,0,0,cubic
2.510,11071,7,8640,26.1,20.5,20.1,61.5,5.4,455893,10198,0,0,cubic
2.517,11627,8,7200,25.6,22.1,20.1,61.5,5.0,453966,10200,0,0,cubic
2.527,11979,8,10080,25.4,23.9,20.1,61.5,4.2,471595,10204,0,0,cubic
2.534,9169,6,8640,25.0,22.1,20.1,61.5,4.0,471595,10206,0,0,cubic
2.544,9199,6,7200,25.0,25.4,20.1,61.5,3.1,471595,10207,0,0,cubic
2.552,9225,6,7200,25.2,26.0,20.1,61.5,2.6,471595,10209,0,0,cubic
2.559,9244,6,5760,25.2,25.4,20.1,61.5,2.0,471595,10211,0,0,cubic
2.569,9357,6,7200,24.8,22.2,20.1,61.5,2.2,471595,10214,0,0,cubic
2.579,9795,6,7200,24.6,23.4,20.1,61.5,2.0,471595,10216,0,0,cubic
2.585,10214,7,7200,24.7,25.4,20.1,61.5,1.7,471595,10218,0,0,cubic
2.595,10615,7,8640,24.4,22.0,20.1,61.5,2.0,471595,10221,0,0,cubic
2.602,11002,7,8640,23.9,20.8,20.1,61.5,2.4,471595,10223,0,0,cubic
2.609,11374,7,8640,23.5,20.4,20.1,61.5,2.7,471595,10225,0,0,cubic
2.615,11735,8,8640,24.0,27.3,20.1,61.5,3.0,489529,10227,0,0,cubic
2.622,12259,8,8640,23.5,20.5,20.1,61.5,3.1,520928,10230,0,0,cubic
2.631,12594,8,10080,23.1,20.3,20.1,61.5,3.1,544511,10233,0,0,cubic
2.638,12919,8,10080,23.0,21.8,20.1,61.5,2.7,562772,10235,0,0,cubic
2.646,13237,9,10080,23.0,23.7,20.1,61.5,2.2,574323,10237,0,0,cubic
2.653,13546,9,11520,23.3,25.4,20.1,61.5,2.2,580426,10240,0,0,cubic
2.660,13849,9,11520,24.0,28.7,20.1,61.5,3.0,576945,10242,0,0,cubic
2.667,14145,9,11520,24.6,28.7,20.1,61.5,3.4,575304,10244,0,0,cubic
2.673,14435,10,11520,24.9,27.3,20.1,61.5,3.2,579090,10246,0,0,cubic
2.680,14719,10,12960,25.8,32.0,20.1,61.5,4.2,570327,10249,0,0,cubic
2.694,12903,8,10080,27.4,32.4,20.1,61.5,5.0,471652,10251,0,0,cubic
2.701,12929,8,8640,27.3,27.2,20.1,61.5,3.8,472862,10253,0,0,cubic
2.707,12954,8,10080,28.0,32.8,20.1,61.5,4.2,462279,10256,0,0,cubic
2.716,12985,9,10080,28.6,32.4,20.1,61.5,4.2,454593,10258,0,0,cubic
2.723,13009,9,12960,28.0,23.9,20.1,61.5,4.4,465005,10261,0,0,cubic
2.728,13028,9,11520,27.5,23.9,20.1,61.5,4.3,474349,10262,0,0,cubic
2.735,13052,9,11520,27.6,28.4,20.1,61.5,3.5,473190,10264,0,0,cubic
2.742,13076,9,11520,27.7,28.7,20.1,61.5,2.9,471751,10266,0,0,cubic
2.749,13100,9,10080,27.9,29.4,20.1,61.5,2.6,469130,10268,0,0,cubic
2.766,10055,6,7200,28.2,29.0,20.1,61.5,1.9,469130,10271,0,0,cubic
2.773,10076,6,7200,28.3,28.9,20.1,61.5,1.6,469130,10273,0,0,cubic
2.779,10098,7,7200,28.3,28.9,20.1,61.5,1.4,469130,10275,0,0,cubic
2.788,10124,7,8640,27.4,20.4,20.1,61.5,3.0,469130,10278,0,0,cubic
2.795,10144,7,8640,26.5,20.5,20.1,61.5,4.0,469130,10280,0,0,cubic
2.802,10327,7,8640,25.7,20.5,20.1,61.5,4.5,469130,10282,0,0,cubic
2.808,10724,7,8640,25.9,27.2,20.1,61.5,3.7,469130,10284,0,0,cubic
2.815,11106,7,8640,25.9,25.5,20.1,61.5,2.9,469130,10286,0,0,cubic
2.822,11476,7,8640,25.8,25.5,20.1,61.5,2.3,469130,10288,0,0,cubic
2.829,12012,8,7200,25.2,20.5,20.1,61.5,3.0,477500,10290,0,0,cubic
2.839,12353,8,10080,24.6,20.5,20.1,61.5,3.5,502726,10294,0,0,cubic
2.846,12685,8,10080,24.1,20.4,20.1,61.5,3.6,527311,10296,0,0,cubic
2.853,13008,9,10080,23.6,20.4,20.1,61.5,3.6,551139,10298,0,0,cubic
2.860,13324,9,11520,23.7,24.1,20.1,61.5,2.8,563168,10301,0,0,cubic
2.867,13631,9,11520,23.7,23.9,20.1,61.5,2.2,575390,10303,0,0,cubic
2.874,13932,9,11520,23.7,23.8,20.1,61.5,1.7,587798,10305,0,0,cubic
2.881,14227,9,11520,23.7,23.9,20.1,61.5,1.3,599612,10307,0,0,cubic
2.887,14515,10,11520,24.3,28.6,20.1,61.5,2.2,596588,10309,0,0,cubic
2.894,14797,10,12960,25.1,30.4,20.1,61.5,3.2,589733,10312,0,0,cubic
2.901,15075,10,12960,25.8,30.6,20.1,61.5,3.8,584710,10314,0,0,cubic
2.908,15483,10,11520,26.0,27.2,20.1,61.5,3.2,596486,10316,0,0,cubic
2.916,13547,9,12960,26.1,27.2,20.1,61.5,2.7,518843,10319,0,0,cubic
2.925,13580,9,11520,27.0,32.8,20.1,61.5,3.7,503877,10320,0,0,cubic
2.932,13606,9,11520,27.8,34.1,20.1,61.5,4.5,488738,10322,0,0,cubic
0.942,13632,9,11520,28.6,34.1,20.1,61.5,5.0,476310,10324,0,0,cubic
0.005,13632,9,3148,29.8,30.7,20.1,61.5,3.7,457050,10325,0,0,cubic
0.006,10436,7,0,29.9,26.6,20.1,61.5,3.6,457050,10326,0,0,cubic
0.033,10603,7,7200,30.0,31.0,20.1,61.5,3.0,457050,10334,0,0,cubic
0.041,10628,7,8640,31.0,37.9,20.1,61.5,4.2,457050,10337,0,0,cubic
0.048,10648,7,7200,33.2,48.1,20.1,61.5,7.4,457050,10339,0,0,cubic
0.058,10678,7,7200,32.2,25.5,20.1,61.5,7.5,457050,10342,0,0,cubic
0.067,10703,7,8640,31.1,23.8,20.1,61.5,7.7,457050,10345,0,0,cubic
0.074,10722,7,8640,30.2,23.9,20.1,61.5,7.6,457050,10347,0,0,cubic
0.081,10899,7,8640,29.0,20.5,20.1,61.5,8.1,457050,10349,0,0,cubic
0.089,11275,7,8640,28.8,27.4,20.1,61.5,6.5,457050,10351,0,0,cubic
0.096,11639,8,8640,28.4,25.5,20.1,61.5,5.7,409795,10353,0,0,cubic
0.103,11991,8,10080,28.0,25.5,20.1,61.5,5.0,427593,10356,0,0,cubic
0.110,12333,8,10080,27.7,25.5,20.1,61.5,4.4,444881,10358,0,0,cubic
0.117,12832,8,8640,26.8,20.3,20.1,61.5,5.1,478823,10360,0,0,cubic
0.125,13151,9,10080,26.4,23.8,20.1,61.5,4.6,497785,10363,0,0,cubic
0.133,13463,9,11520,26.3,25.6,20.1,61.5,3.7,511551,10366,0,0,cubic
0.139,13768,9,11520,26.3,26.0,20.1,61.5,2.8,523956,10368,0,0,cubic
0.146,14066,9,11520,26.4,26.9,20.1,61.5,2.3,533814,10370,0,0,cubic
0.153,14357,9,11520,26.5,27.3,20.1,61.5,1.9,542469,10372,0,0,cubic
0.160,14643,10,11520,26.5,26.8,20.1,61.5,1.5,552399,10374,0,0,cubic
0.166,14923,10,12960,26.9,29.7,20.1,61.5,1.9,554717,10377,0,0,cubic
0.173,15198,10,12960,27.4,31.0,20.1,61.5,2.5,554287,10379,0,0,cubic
0.180,15468,10,12960,28.1,32.9,20.1,61.5,3.2,550501,10381,0,0,cubic
0.187,15733,10,12960,28.9,34.2,20.1,61.5,3.9,545167,10383,0,0,cubic
0.194,13766,9,12960,29.5,34.2,20.1,61.5,4.3,466296,10385,0,0,cubic
0.201,13792,9,11520,30.1,34.2,20.1,61.5,4.4,458084,10386,0,0,cubic
0.208,13819,9,11520,30.6,34.3,20.1,61.5,4.3,451232,10388,0,0,cubic
0.214,13845,9,11520,31.1,34.3,20.1,61.5,4.2,445477,10390,0,0,cubic
0.223,13871,9,11520,31.5,34.2,20.1,61.5,3.9,440825,10392,0,0,cubic
0.228,13897,9,11520,31.6,32.4,20.1,61.5,3.1,440043,10394,0,0,cubic
0.235,13922,9,11520,31.7,32.5,20.1,61.5,2.6,439304,10396,0,0,cubic
0.242,13947,9,11520,31.5,30.6,20.1,61.5,2.2,442088,10398,0,0,cubic
0.249,13973,9,11520,31.4,30.6,20.1,61.5,1.9,444504,10400,0,0,cubic
0.255,13997,9,11520,31.1,28.5,20.1,61.5,2.2,450585,10402,0,0,cubic
0.262,14022,9,11520,30.9,30.1,20.1,61.5,1.9,453170,10404,0,0,cubic
0.269,14046,9,11520,30.9,30.4,20.1,61.5,1.5,454945,10406,0,0,cubic
0.276,14071,9,11520,30.9,30.8,20.1,61.5,1.2,455844,10408,0,0,cubic
0.283,14094,9,11520,30.8,30.7,20.1,61.5,0.9,456944,10410,0,0,cubic
0.296,10812,7,8640,30.8,30.6,20.1,61.5,0.6,456944,10412,0,0,cubic
0.303,10835,7,8640,30.8,30.7,20.1,61.5,0.5,456944,10414,0,0,cubic
0.310,10857,7,8640,30.8,30.5,20.1,61.5,0.4,456944,10416,0,0,cubic
0.317,10879,7,8640,30.7,30.7,20.1,61.5,0.3,456944,10418,0,0,cubic
0.324,10901,7,8640,29.9,23.8,20.1,61.5,2.0,456944,10420,0,0,cubic
0.331,10922,7,8640,29.1,23.8,20.1,61.5,3.0,456944,10422,0,0,cubic
0.338,10944,7,8640,28.5,23.8,20.1,61.5,3.6,456944,10424,0,0,cubic
0.344,11199,7,8640,27.9,23.8,20.1,61.5,3.8,456944,10426,0,0,cubic
0.351,11565,8,8640,27.4,23.9,20.1,61.5,3.9,422434,10428,0,0,cubic
0.358,11920,8,10080,26.9,23.8,20.1,61.5,3.8,442645,10431,0,0,cubic
0.365,12264,8,10080,26.5,23.8,20.1,61.5,3.6,462112,10433,0,0,cubic
0.372,12598,8,10080,26.2,23.8,20.1,61.5,3.4,480858,10435,0,0,cubic
0.379,12924,8,10080,25.9,23.8,20.1,61.5,3.1,498919,10437,0,0,cubic
0.386,13241,9,10080,25.6,23.9,20.1,61.5,2.9,516278,10439,0,0,cubic
0.392,13551,9,11520,25.4,23.9,20.1,61.5,2.6,532916,10442,0,0,cubic
0.399,14005,9,10080,25.2,23.4,20.1,61.5,2.5,556394,10444,0,0,cubic
0.408,14298,9,11520,25.2,25.0,20.1,61.5,1.9,568463,10447,0,0,cubic
0.415,14585,10,11520,25.2,25.5,20.1,61.5,1.5,578884,10449,0,0,cubic
0.421,14866,10,12960,25.2,25.5,20.1,61.5,1.2,589055,10452,0,0,cubic
0.428,15142,10,12960,25.3,25.5,20.1,61.5,1.0,599113,10454,0,0,cubic
0.435,15683,10,10080,25.5,27.1,20.1,61.5,1.2,614874,10456,0,0,cubic
0.444,15814,10,14400,25.3,23.9,20.1,61.5,1.3,625034,10460,0,0,cubic
0.450,16073,11,12960,26.0,31.3,20.1,61.5,2.5,617124,10461,0,0,cubic
0.457,16456,11,12960,26.4,29.0,20.1,61.5,2.6,623050,10464,0,0,cubic
0.464,16830,11,12960,26.5,27.3,20.1,61.5,2.2,634615,10467,0,0,cubic
0.474,16952,11,15840,27.3,33.0,20.1,61.5,3.2,620202,10470,0,0,cubic
0.480,17315,12,12960,27.5,29.0,20.1,61.5,2.8,628813,10471,0,0,cubic
0.486,17670,12,14400,27.5,27.1,20.1,61.5,2.2,642872,10475,0,0,cubic
0.495,18018,12,14400,27.9,30.6,20.1,61.5,2.4,646455,10478,0,0,cubic
0.502,18473,12,12960,27.1,21.9,20.1,61.5,3.3,680931,10481,0,0,cubic
0.509,18695,12,15840,26.9,25.4,20.1,61.5,2.9,694748,10485,0,0,cubic
0.515,19024,13,14400,27.2,28.8,20.1,61.5,2.7,700674,10487,0,0,cubic
0.522,19455,13,14400,27.1,26.7,20.1,61.5,2.1,718029,10491,0,0,cubic
0.529,19666,13,17280,26.7,23.7,20.1,61.5,2.4,737355,10495,0,0,cubic
0.538,19875,13,17280,27.1,30.2,20.1,61.5,2.7,733205,10497,0,0,cubic
0.544,20184,14,15840,27.3,28.9,20.1,61.5,2.5,738366,10499,0,0,cubic
0.551,20387,14,18720,28.4,35.9,20.1,61.5,4.0,717725,10503,0,0,cubic
0.560,20589,14,18720,29.3,35.9,20.1,61.5,4.9,701833,10505,0,0,cubic
0.565,18015,12,15840,30.1,35.8,20.1,61.5,5.3,597651,10507,0,0,cubic
0.572,18046,12,15840,30.6,34.0,20.1,61.5,4.9,589237,10509,0,0,cubic
0.580,18086,12,15840,31.0,34.0,20.1,61.5,4.5,582573,10511,0,0,cubic
0.589,18125,12,14400,32.6,43.1,20.1,61.5,6.4,556801,10513,0,0,cubic
0.597,18165,12,12960,33.2,37.4,20.1,61.5,6.0,547765,10516,0,0,cubic
0.604,18195,12,15840,33.5,35.8,20.1,61.5,5.2,543247,10520,0,0,cubic
0.611,18225,12,14400,32.9,29.0,20.1,61.5,5.0,553513,10522,0,0,cubic
0.620,18263,12,14400,32.4,28.9,20.1,61.5,4.8,563238,10525,0,0,cubic
0.637,14016,9,12960,32.4,35.7,20.1,61.5,4.3,432085,10528,0,0,cubic
0.644,14042,9,11520,32.8,35.7,20.1,61.5,4.0,427510,10529,0,0,cubic
0.650,14069,9,10080,33.4,37.5,20.1,61.5,4.2,420950,10531,0,0,cubic
0.659,14101,9,10080,34.1,39.2,20.1,61.5,4.6,412937,10534,0,0,cubic
0.667,14127,9,11520,33.1,25.4,20.1,61.5,5.6,427313,10537,0,0,cubic
0.673,14153,9,10080,31.5,20.4,20.1,61.5,7.4,449644,10539,0,0,cubic
0.682,14185,9,8640,30.2,21.5,20.1,61.5,8.0,469158,10542,0,0,cubic
0.691,14222,9,10080,29.5,24.5,20.1,61.5,7.5,481856,10545,0,0,cubic
0.700,14247,9,12960,28.7,23.1,20.1,61.5,7.2,496203,10548,0,0,cubic
0.703,14265,9,11520,28.1,23.7,20.1,61.5,6.6,507813,10549,0,0,cubic
0.710,14290,9,11520,27.6,24.4,20.1,61.5,5.9,517191,10551,0,0,cubic
0.717,14451,10,11520,27.3,25.0,20.1,61.5,5.1,529418,10553,0,0,cubic
0.724,14735,10,12960,27.1,25.8,20.1,61.5,4.2,543666,10556,0,0,cubic
0.731,15152,10,11520,27.1,27.3,20.1,61.5,3.2,558475,10558,0,0,cubic
0.739,15423,10,12960,27.1,27.2,20.1,61.5,2.4,568422,10561,0,0,cubic
0.748,15689,10,12960,27.1,27.2,20.1,61.5,1.8,577948,10563,0,0,cubic
0.755,15950,11,12960,27.6,30.9,20.1,61.5,2.3,577459,10565,0,0,cubic
0.762,16207,11,14400,28.3,33.0,20.1,61.5,3.1,572867,10568,0,0,cubic
0.775,12432,8,11520,29.4,32.4,20.1,61.5,3.7,422182,10570,0,0,cubic
0.782,12458,8,10080,29.6,30.7,20.1,61.5,3.1,420821,10571,0,0,cubic
0.789,12482,8,10080,29.7,30.7,20.1,61.5,2.6,419633,10573,0,0,cubic
0.796,12506,8,8640,30.3,34.2,20.1,61.5,3.0,412793,10575,0,0,cubic
0.804,12536,8,10080,29.9,27.3,20.1,61.5,3.0,418969,10578,0,0,cubic
0.811,12559,8,8640,29.0,22.2,20.1,61.5,4.2,433756,10580,0,0,cubic
0.821,12595,8,10080,28.3,23.8,20.1,61.5,4.4,444942,10583,0,0,cubic
0.828,12618,8,8640,27.8,23.9,20.1,61.5,4.4,454669,10585,0,0,cubic
0.837,12736,8,10080,27.3,23.8,20.1,61.5,4.3,467153,10588,0,0,cubic
0.844,13058,9,10080,27.1,25.9,20.1,61.5,3.6,481987,10590,0,0,cubic
0.851,13372,9,11520,27.0,26.2,20.1,61.5,2.9,495571,10593,0,0,cubic
0.857,13679,9,11520,27.0,26.8,20.1,61.5,2.2,507287,10595,0,0,cubic
0.864,13978,9,11520,26.8,25.6,20.1,61.5,2.0,521645,10597,0,0,cubic
0.871,14272,9,11520,26.9,27.3,20.1,61.5,1.6,531268,10599,0,0,cubic
0.880,14559,10,11520,27.3,30.7,20.1,61.5,2.2,532516,10601,0,0,cubic
0.886,14841,10,12960,27.9,31.8,20.1,61.5,2.8,531935,10604,0,0,cubic
0.893,15117,10,12960,28.5,33.0,20.1,61.5,3.3,529770,10606,0,0,cubic
0.900,11573,8,11520,28.6,28.9,20.1,61.5,2.6,404905,10608,0,0,cubic
0.909,11603,8,10080,28.4,27.1,20.1,61.5,2.3,408527,10609,0,0,cubic
0.916,11626,8,10080,28.9,32.7,20.1,61.5,2.8,401658,10611,0,0,cubic
0.922,11649,8,10080,29.6,34.1,20.1,61.5,3.4,393680,10613,0,0,cubic
0.929,11672,8,10080,30.2,34.1,20.1,61.5,3.7,387041,10615,0,0,cubic
0.938,11701,8,10080,29.6,25.6,20.1,61.5,3.9,395544,10617,0,0,cubic
0.952,8976,6,7200,28.7,25.7,20.1,61.5,3.8,395544,10619,0,0,cubic
0.958,8996,6,7200,28.3,25.6,20.1,61.5,3.6,395544,10621,0,0,cubic
0.965,9016,6,5760,28.1,27.2,20.1,61.5,3.0,395544,10623,0,0,cubic
0.977,9050,6,7200,27.4,22.3,20.1,61.5,3.7,395544,10626,0,0,cubic
0.984,9477,6,7200,26.8,22.2,20.1,61.5,4.1,395544,10628,0,0,cubic
0.991,10126,7,5760,26.6,25.6,20.1,61.5,3.3,395544,10630,0,0,cubic
1.003,10531,7,8640,26.3,24.0,20.1,61.5,3.2,395544,10634,0,0,cubic
1.010,10920,7,8640,26.0,23.9,20.1,61.5,3.0,395544,10636,0,0,cubic
1.017,11484,7,7200,25.9,25.7,20.1,61.5,2.3,395544,10638,0,0,cubic
1.027,8790,6,8640,25.2,20.3,20.1,61.5,3.1,395544,10641,0,0,cubic
1.034,8810,6,5760,25.1,23.8,20.1,61.5,2.7,395544,10642,0,0,cubic
1.042,8834,6,7200,24.9,23.9,20.1,61.5,2.3,395544,10645,0,0,cubic
1.049,8854,6,7200,24.4,20.5,20.1,61.5,2.9,395544,10647,0,0,cubic
1.060,9203,6,5760,24.5,25.7,20.1,61.5,2.5,395544,10649,0,0,cubic
1.068,9426,6,8640,24.0,20.4,20.1,61.5,2.9,395544,10652,0,0,cubic
1.073,9861,6,7200,23.6,20.4,20.1,61.5,3.1,395544,10653,0,0,cubic
1.080,10277,7,7200,23.2,20.3,20.1,61.5,3.1,395544,10655,0,0,cubic
1.087,10676,7,8640,23.2,23.7,20.1,61.5,2.5,395544,10658,0,0,cubic
1.094,11060,7,8640,22.9,20.5,20.1,61.5,2.5,395544,10660,0,0,cubic
1.101,11431,7,8640,22.6,20.6,20.1,61.5,2.5,395544,10662,0,0,cubic
1.107,11789,8,8640,22.8,23.9,20.1,61.5,2.2,518175,10664,0,0,cubic
1.114,12311,8,8640,22.5,20.5,20.1,61.5,2.2,547910,10667,0,0,cubic
1.123,12644,8,10080,22.2,20.5,20.1,61.5,2.1,569062,10670,0,0,cubic
1.130,12969,9,10080,22.2,22.2,20.1,61.5,1.6,583847,10672,0,0,cubic
1.138,13285,9,11520,22.7,25.9,20.1,61.5,2.1,586068,10675,0,0,cubic
1.145,13593,9,11520,23.3,27.9,20.1,61.5,2.9,582915,10677,0,0,cubic
1.152,13895,9,11520,23.8,27.2,20.1,61.5,3.1,583676,10679,0,0,cubic
1.159,14190,9,11520,24.2,27.3,20.1,61.5,3.2,585275,10681,0,0,cubic
1.166,14479,10,11520,25.2,32.1,20.1,61.5,4.4,574085,10683,0,0,cubic
1.173,14763,10,12960,25.9,30.7,20.1,61.5,4.7,569758,10686,0,0,cubic
1.186,12943,8,10080,27.0,30.8,20.1,61.5,4.6,478555,10688,0,0,cubic
1.193,12968,9,10080,27.5,30.6,20.1,61.5,4.3,471666,10690,0,0,cubic
1.200,12993,9,10080,28.2,32.8,20.1,61.5,4.6,461448,10693,0,0,cubic
1.208,13024,9,11520,28.9,34.1,20.1,61.5,4.9,450641,10696,0,0,cubic
1.215,13049,9,11520,28.7,27.3,20.1,61.5,4.1,454716,10698,0,0,cubic
1.222,13073,9,11520,28.5,27.3,20.1,61.5,3.4,458283,10700,0,0,cubic
1.229,13097,9,10080,28.1,25.2,20.1,61.5,3.4,465985,10702,0,0,cubic
1.238,13127,9,11520,28.0,27.3,20.1,61.5,2.8,468754,10705,0,0,cubic
1.244,13151,9,10080,27.9,26.9,20.1,61.5,2.3,471937,10707,0,0,cubic
1.251,13174,9,10080,26.9,20.4,20.1,61.5,3.6,489266,10710,0,0,cubic
1.263,13214,9,11520,26.9,26.4,20.1,61.5,2.8,491885,10713,0,0,cubic
1.270,13590,9,10080,26.7,25.6,20.1,61.5,2.5,508950,10715,0,0,cubic
1.277,13892,9,11520,26.9,28.2,20.1,61.5,2.2,516738,10718,0,0,cubic
1.285,14187,9,11520,27.0,27.5,20.1,61.5,1.8,526126,10720,0,0,cubic
1.292,14621,10,10080,27.2,28.9,20.1,61.5,1.9,537299,10722,0,0,cubic
1.299,15041,10,11520,26.9,25.0,20.1,61.5,1.9,558356,10726,0,0,cubic
1.308,15314,10,12960,26.9,26.6,20.1,61.5,1.5,569293,10729,0,0,cubic
1.314,15850,11,10080,26.3,22.1,20.1,61.5,2.4,602730,10731,0,0,cubic
1.323,16108,11,14400,25.6,21.1,20.1,61.5,3.1,628090,10736,0,0,cubic
1.328,16363,11,14400,25.8,26.7,20.1,61.5,2.6,634889,10738,0,0,cubic
1.335,16614,11,14400,26.0,27.3,20.1,61.5,2.3,640033,10740,0,0,cubic
1.342,16860,11,14400,26.1,27.3,20.1,61.5,2.1,645210,10742,0,0,cubic
1.349,17104,11,14400,26.9,32.0,20.1,61.5,3.0,636546,10744,0,0,cubic
1.356,17343,12,14400,27.6,32.8,20.1,61.5,3.7,628164,10746,0,0,cubic
1.362,17580,12,15840,28.3,33.3,20.1,61.5,4.2,620740,10749,0,0,cubic
1.369,15382,10,12960,29.0,34.1,20.1,61.5,4.6,529664,10751,0,0,cubic
1.376,15410,10,12960,29.7,34.1,20.1,61.5,4.7,519362,10753,0,0,cubic
1.385,15446,10,12960,30.0,32.4,20.1,61.5,4.2,514660,10755,0,0,cubic
1.391,15474,10,12960,30.7,35.7,20.1,61.5,4.6,503628,10757,0,0,cubic
1.398,15502,10,12960,31.4,35.8,20.1,61.5,4.7,494323,10759,0,0,cubic
1.405,15529,10,12960,31.9,35.7,20.1,61.5,4.6,486833,10761,0,0,cubic
1.412,15557,10,12960,32.4,35.9,20.1,61.5,4.5,480139,10763,0,0,cubic
1.426,11934,8,10080,32.4,32.4,20.1,61.5,2.5,368344,10765,0,0,cubic
1.432,11958,8,10080,32.4,32.4,20.1,61.5,1.9,369051,10767,0,0,cubic
1.439,11982,8,10080,32.4,32.5,20.1,61.5,1.4,369655,10769,0,0,cubic
1.446,12006,8,10080,32.4,32.5,20.1,61.5,1.1,370326,10771,0,0,cubic
1.453,12029,8,10080,31.8,27.2,20.1,61.5,2.1,378627,10773,0,0,cubic
1.460,12052,8,11520,31.4,28.9,20.1,61.5,2.3,383748,10775,0,0,cubic
1.465,12069,8,10080,31.0,27.9,20.1,61.5,2.6,389712,10776,0,0,cubic
1.479,9259,6,5760,29.9,25.7,20.1,61.5,3.4,389712,10778,0,0,cubic
1.488,9285,6,7200,29.3,25.5,20.1,61.5,3.7,389712,10781,0,0,cubic
1.494,9304,6,7200,28.8,24.9,20.1,61.5,3.8,389712,10783,0,0,cubic
1.506,9379,6,5760,28.6,27.4,20.1,61.5,3.2,389712,10785,0,0,cubic
1.516,9816,6,7200,28.2,25.4,20.1,61.5,3.2,389712,10788,0,0,cubic
1.523,10234,7,7200,27.8,25.4,20.1,61.5,3.1,389712,10790,0,0,cubic
1.534,10835,7,7200,27.7,27.0,20.1,61.5,2.5,389712,10793,0,0,cubic
1.542,11214,7,8640,27.1,22.3,20.1,61.5,3.3,389712,10796,0,0,cubic
1.549,11579,8,8640,26.7,24.0,20.1,61.5,3.2,433946,10798,0,0,cubic
1.556,11933,8,10080,26.1,22.2,20.1,61.5,3.5,456887,10801,0,0,cubic
1.563,12277,8,10080,26.3,27.4,20.1,61.5,3.0,467196,10803,0,0,cubic
1.570,12611,8,10080,26.2,25.4,20.1,61.5,2.5,481979,10805,0,0,cubic
1.576,12936,8,10080,25.9,23.8,20.1,61.5,2.4,500096,10807,0,0,cubic
1.581,13253,9,10080,25.8,25.5,20.1,61.5,1.9,513184,10809,0,0,cubic
1.588,13408,9,12960,25.6,24.0,20.1,61.5,1.9,523872,10812,0,0,cubic
1.593,13714,9,11520,25.5,24.9,20.1,61.5,1.6,537593,10813,0,0,cubic
1.600,14013,9,11520,25.6,26.0,20.1,61.5,1.3,547982,10815,0,0,cubic
1.607,12261,8,11520,25.8,27.1,20.1,61.5,1.4,475878,10817,0,0,cubic
1.614,12285,8,10080,26.0,27.8,20.1,61.5,1.5,472064,10818,0,0,cubic
1.621,12309,8,10080,26.4,29.1,20.1,61.5,1.9,466144,10820,0,0,cubic
1.628,12334,8,10080,26.9,30.6,20.1,61.5,2.5,457934,10822,0,0,cubic
1.635,12358,8,10080,27.4,30.8,20.1,61.5,2.8,450824,10824,0,0,cubic
1.641,12382,8,10080,27.0,23.8,20.1,61.5,3.0,459204,10826,0,0,cubic
1.648,12405,8,10080,26.6,23.9,20.1,61.5,3.0,466704,10828,0,0,cubic
1.655,12429,8,10080,26.2,23.8,20.1,61.5,3.0,473720,10830,0,0,cubic
1.662,12452,8,10080,25.9,23.8,20.1,61.5,2.8,480141,10832,0,0,cubic
1.669,12475,8,10080,25.7,24.1,20.1,61.5,2.6,485446,10834,0,0,cubic
1.676,12498,8,10080,25.5,23.9,20.1,61.5,2.4,490694,10836,0,0,cubic
1.682,12520,8,10080,25.3,23.9,20.1,61.5,2.2,495370,10838,0,0,cubic
1.689,12577,8,10080,25.1,23.9,20.1,61.5,2.0,501035,10840,0,0,cubic
1.696,12903,8,10080,24.9,23.9,20.1,61.5,1.8,517175,10842,0,0,cubic
1.703,13220,9,10080,24.8,23.6,20.1,61.5,1.7,533559,10844,0,0,cubic
1.710,13531,9,11520,24.7,23.9,20.1,61.5,1.5,548546,10847,0,0,cubic
1.717,13834,9,11520,24.6,23.8,20.1,61.5,1.3,563227,10849,0,0,cubic
1.723,14278,9,10080,24.9,27.2,20.1,61.5,1.6,573713,10851,0,0,cubic
1.732,14566,10,11520,25.0,25.5,20.1,61.5,1.4,583597,10854,0,0,cubic
1.739,14847,10,12960,25.0,25.6,20.1,61.5,1.2,592954,10857,0,0,cubic
1.746,15123,10,12960,25.1,25.5,20.1,61.5,1.0,602461,10859,0,0,cubic
1.753,15395,10,12960,25.2,25.6,20.1,61.5,0.9,611738,10861,0,0,cubic
1.759,15661,10,12960,25.9,31.1,20.1,61.5,2.2,604508,10863,0,0,cubic
1.766,15923,11,12960,26.5,30.7,20.1,61.5,2.8,600595,10865,0,0,cubic
1.773,16180,11,14400,27.0,30.7,20.1,61.5,3.2,598483,10868,0,0,cubic
1.780,16434,11,14400,27.5,30.7,20.1,61.5,3.3,597882,10870,0,0,cubic
1.794,14407,10,11520,28.3,30.8,20.1,61.5,3.2,509946,10872,0,0,cubic
1.801,14434,10,12960,28.6,30.7,20.1,61.5,3.0,505339,10875,0,0,cubic
1.807,14460,10,11520,29.2,34.0,20.1,61.5,3.6,494392,10877,0,0,cubic
1.818,14501,10,12960,30.3,37.6,20.1,61.5,4.8,478738,10880,0,0,cubic
1.825,14527,10,12960,30.3,30.6,20.1,61.5,3.7,479027,10882,0,0,cubic
1.840,11144,7,8640,30.6,30.7,20.1,61.5,2.5,479027,10884,0,0,cubic
1.847,11168,7,8640,31.4,37.1,20.1,61.5,3.5,479027,10886,0,0,cubic
1.855,11196,7,8640,32.0,35.9,20.1,61.5,3.7,479027,10888,0,0,cubic
1.862,11218,7,7200,30.7,22.3,20.1,61.5,5.2,479027,10890,0,0,cubic
0.006,11218,7,55,27.6,21.9,20.1,61.5,6.8,479027,10893,0,0,cubic
0.006,11218,7,0,27.6,27.0,20.1,61.5,5.2,479027,10894,0,0,cubic
0.005,11218,7,0,27.4,26.7,20.1,61.5,4.1,479027,10895,0,0,cubic
0.005,11218,7,0,27.5,28.0,20.1,61.5,3.2,479027,10897,0,0,cubic
0.007,11218,7,0,27.5,27.7,20.1,61.5,2.5,479027,10898,0,0,cubic
0.034,11422,7,7200,28.3,33.9,20.1,61.5,3.4,479027,10906,0,0,cubic
0.042,11447,7,8640,29.9,40.6,20.1,61.5,5.7,479027,10909,0,0,cubic
0.049,11538,8,8640,32.1,47.5,20.1,61.5,8.7,359809,10911,0,0,cubic
0.058,11894,8,10080,30.8,22.1,20.1,61.5,9.0,385843,10914,0,0,cubic
0.065,12238,8,10080,30.6,29.0,20.1,61.5,7.2,400013,10916,0,0,cubic
0.072,12574,8,10080,30.2,27.3,20.1,61.5,6.2,416605,10918,0,0,cubic
0.078,12900,8,10080,29.8,27.2,20.1,61.5,5.4,432740,10920,0,0,cubic
0.085,13218,9,10080,29.3,25.6,20.1,61.5,5.1,451341,10922,0,0,cubic
0.098,13528,9,11520,29.6,31.4,20.1,61.5,4.4,457722,10925,0,0,cubic
0.101,13831,9,11520,29.1,25.5,20.1,61.5,4.3,476060,10927,0,0,cubic
0.107,14128,9,11520,28.6,25.6,20.1,61.5,4.1,493537,10929,0,0,cubic
0.113,14418,10,11520,28.2,25.6,20.1,61.5,3.8,510371,10931,0,0,cubic
0.121,14702,10,12960,28.2,28.1,20.1,61.5,2.9,520885,10934,0,0,cubic
0.126,14981,10,12960,28.0,26.6,20.1,61.5,2.6,534653,10936,0,0,cubic
0.133,15255,10,12960,28.0,27.9,20.1,61.5,2.0,544801,10938,0,0,cubic
0.140,15524,10,12960,28.1,28.9,20.1,61.5,1.7,552141,10940,0,0,cubic
0.147,15788,10,12960,28.4,30.1,20.1,61.5,1.8,556601,10942,0,0,cubic
0.154,16048,11,12960,28.7,31.4,20.1,61.5,2.1,558404,10944,0,0,cubic
0.161,16303,11,14400,29.2,32.5,20.1,61.5,2.5,558168,10947,0,0,cubic
0.167,16555,11,14400,29.6,32.4,20.1,61.5,2.7,559063,10949,0,0,cubic
0.174,14485,10,14400,30.0,32.4,20.1,61.5,2.7,483461,10951,0,0,cubic
0.181,14513,10,12960,30.3,32.4,20.1,61.5,2.7,479451,10952,0,0,cubic
0.188,14540,10,12960,30.5,32.5,20.1,61.5,2.5,475956,10954,0,0,cubic
0.195,14567,10,12960,31.6,38.7,20.1,61.5,4.0,461433,10956,0,0,cubic
0.202,14594,10,12960,32.5,39.2,20.1,61.5,4.9,448769,10958,0,0,cubic
0.209,14621,10,12960,33.4,39.3,20.1,61.5,5.3,438239,10960,0,0,cubic
0.215,14647,10,12960,33.2,32.4,20.1,61.5,4.2,440590,10962,0,0,cubic
0.222,14673,10,12960,33.1,32.3,20.1,61.5,3.4,442931,10964,0,0,cubic
0.229,14699,10,12960,33.0,32.4,20.1,61.5,2.7,444979,10966,0,0,cubic
0.236,14725,10,11520,33.2,34.1,20.1,61.5,2.3,443992,10968,0,0,cubic
0.251,11297,7,10080,33.4,34.2,20.1,61.5,1.7,443992,10971,0,0,cubic
0.258,11319,7,8640,33.5,34.2,20.1,61.5,1.5,443992,10972,0,0,cubic
0.265,11342,7,8640,33.6,34.1,20.1,61.5,1.3,443992,10974,0,0,cubic
0.272,11365,7,8640,33.6,34.2,20.1,61.5,1.1,443992,10976,0,0,cubic
0.279,11388,7,8640,32.6,25.5,20.1,61.5,2.9,443992,10978,0,0,cubic
0.286,11410,7,8640,31.7,25.6,20.1,61.5,3.9,443992,10980,0,0,cubic
0.292,11432,7,8640,31.0,25.6,20.1,61.5,4.5,443992,10982,0,0,cubic
0.299,11581,8,7200,29.7,20.4,20.1,61.5,6.0,390419,10984,0,0,cubic
0.310,11935,8,10080,28.5,20.5,20.1,61.5,6.8,418595,10988,0,0,cubic
0.317,12279,8,10080,27.5,20.4,20.1,61.5,7.1,446460,10990,0,0,cubic
0.323,12613,8,10080,26.6,20.2,20.1,61.5,7.2,474369,10992,0,0,cubic
0.330,12938,8,10080,26.1,22.9,20.1,61.5,6.3,495082,10994,0,0,cubic
0.337,13255,9,10080,26.0,24.8,20.1,61.5,5.0,510416,10996,0,0,cubic
0.345,13565,9,11520,25.8,24.9,20.1,61.5,4.0,524940,10999,0,0,cubic
0.352,13867,9,11520,25.8,25.6,20.1,61.5,3.1,537189,11001,0,0,cubic
0.359,14163,9,11520,25.8,25.6,20.1,61.5,2.4,549187,11003,0,0,cubic
0.366,14597,10,10080,26.0,27.7,20.1,61.5,2.3,560689,11005,0,0,cubic
0.374,15018,10,11520,26.3,28.5,20.1,61.5,2.3,570072,11009,0,0,cubic
0.381,15155,10,14400,26.0,23.8,20.1,61.5,2.4,582235,11012,0,0,cubic
0.386,15696,10,10080,25.3,20.3,20.1,61.5,3.2,620101,11013,0,0,cubic
0.397,16088,11,11520,25.4,26.3,20.1,61.5,2.7,632414,11017,0,0,cubic
0.407,16343,11,14400,26.3,32.1,20.1,61.5,3.6,622211,11021,0,0,cubic
0.414,16468,11,15840,26.9,31.3,20.1,61.5,4.0,612329,11023,0,0,cubic
0.419,16717,11,14400,27.1,28.9,20.1,61.5,3.5,615795,11024,0,0,cubic
0.426,16963,11,14400,28.1,34.7,20.1,61.5,4.5,603987,11026,0,0,cubic
0.433,17325,12,12960,29.1,35.8,20.1,61.5,5.3,596282,11028,0,0,cubic
0.441,15159,10,14400,29.7,34.1,20.1,61.5,5.3,510575,11032,0,0,cubic
0.450,15195,10,12960,30.2,34.2,20.1,61.5,5.1,502314,11033,0,0,cubic
0.456,15223,10,12960,30.7,34.0,20.1,61.5,4.7,495475,11035,0,0,cubic
0.463,15250,10,12960,31.1,34.0,20.1,61.5,4.4,489771,11037,0,0,cubic
0.470,15278,10,12960,31.9,37.6,20.1,61.5,4.9,478274,11039,0,0,cubic
0.477,15305,10,12960,33.0,40.3,20.1,61.5,5.8,463984,11041,0,0,cubic
0.484,15332,10,11520,33.1,34.0,20.1,61.5,4.6,463006,11043,0,0,cubic
0.491,15359,10,12960,33.2,34.1,20.1,61.5,3.7,462119,11046,0,0,cubic
0.498,15386,10,11520,32.3,25.5,20.1,61.5,4.7,476804,11048,0,0,cubic
0.506,11779,8,11520,31.9,29.0,20.1,61.5,4.3,369769,11051,0,0,cubic
0.515,11809,8,10080,31.7,30.8,20.1,61.5,3.5,372253,11052,0,0,cubic
0.525,11845,8,10080,31.6,30.7,20.1,61.5,2.9,374865,11054,0,0,cubic
0.532,11868,8,10080,31.5,30.7,20.1,61.5,2.4,376977,11056,0,0,cubic
0.539,11891,8,10080,31.9,34.9,20.1,61.5,2.6,372711,11058,0,0,cubic
0.545,11914,8,10080,31.3,27.2,20.1,61.5,3.2,380480,11060,0,0,cubic
0.559,9140,6,5760,29.8,26.1,20.1,61.5,4.2,380480,11062,0,0,cubic
0.568,9165,6,5760,28.9,22.1,20.1,61.5,5.1,380480,11065,0,0,cubic
0.578,9194,6,8640,28.4,25.0,20.1,61.5,4.8,380480,11068,0,0,cubic
0.585,9341,6,5760,28.0,25.6,20.1,61.5,4.3,380480,11069,0,0,cubic
0.595,9780,6,7200,27.5,24.0,20.1,61.5,4.2,380480,11072,0,0,cubic
0.602,10199,7,7200,26.7,20.5,20.1,61.5,4.9,380480,11074,0,0,cubic
0.611,10802,7,7200,26.5,25.7,20.1,61.5,4.0,380480,11077,0,0,cubic
0.621,11182,7,8640,26.0,22.1,20.1,61.5,4.1,380480,11080,0,0,cubic
0.628,11549,8,8640,25.5,22.2,20.1,61.5,4.0,452653,11082,0,0,cubic
0.641,8860,6,7200,25.2,27.3,20.1,61.5,3.8,452653,11085,0,0,cubic
0.648,8879,6,7200,25.0,23.9,20.1,61.5,3.2,452653,11087,0,0,cubic
0.655,8899,6,7200,24.9,23.9,20.1,61.5,2.7,452653,11089,0,0,cubic
0.662,8918,6,7200,24.3,20.5,20.1,61.5,3.1,452653,11091,0,0,cubic
0.669,9195,6,7200,23.8,20.4,20.1,61.5,3.3,452653,11093,0,0,cubic
0.676,9641,6,7200,23.4,20.4,20.1,61.5,3.3,452653,11095,0,0,cubic
0.682,10066,6,7200,23.0,20.5,20.1,61.5,3.2,452653,11097,0,0,cubic
0.689,10473,7,7200,22.7,20.5,20.1,61.5,3.1,452653,11099,0,0,cubic
0.696,10865,7,8640,22.4,20.5,20.1,61.5,2.8,452653,11102,0,0,cubic
0.703,11242,7,8640,22.2,20.4,20.1,61.5,2.6,452653,11104,0,0,cubic
0.710,11607,8,8640,22.0,20.4,20.1,61.5,2.4,528143,11106,0,0,cubic
0.717,11960,8,10080,22.4,25.6,20.1,61.5,2.7,533261,11109,0,0,cubic
0.723,12303,8,10080,22.8,25.6,20.1,61.5,2.8,538943,11111,0,0,cubic
0.730,12637,8,10080,23.2,25.6,20.1,61.5,2.8,545215,11113,0,0,cubic
0.737,12961,9,10080,23.5,25.6,20.1,61.5,2.7,552025,11115,0,0,cubic
0.744,13278,9,11520,23.7,25.6,20.1,61.5,2.6,559285,11118,0,0,cubic
0.751,13586,9,11520,24.0,25.6,20.1,61.5,2.4,566815,11120,0,0,cubic
0.758,13888,9,11520,24.2,25.6,20.1,61.5,2.2,574620,11122,0,0,cubic
0.765,14184,9,11520,24.3,25.6,20.1,61.5,2.0,582624,11124,0,0,cubic
0.771,14473,10,11520,24.9,28.5,20.1,61.5,2.5,582039,11126,0,0,cubic
0.778,14756,10,12960,25.6,30.5,20.1,61.5,3.3,577195,11129,0,0,cubic
0.785,15034,10,12960,26.2,30.8,20.1,61.5,3.8,573466,11131,0,0,cubic
0.792,15307,10,12960,26.8,30.8,20.1,61.5,4.0,571519,11133,0,0,cubic
0.799,15575,10,12960,27.3,30.7,20.1,61.5,4.0,571014,11135,0,0,cubic
0.806,13627,9,11520,28.0,32.9,20.1,61.5,4.4,487148,11137,0,0,cubic
0.816,13668,9,11520,29.2,37.6,20.1,61.5,5.7,468370,11139,0,0,cubic
0.825,13700,9,11520,30.2,37.7,20.1,61.5,6.4,452892,11141,0,0,cubic
0.831,13726,9,11520,31.2,37.6,20.1,61.5,6.6,440444,11143,0,0,cubic
0.840,13758,9,11520,32.0,37.7,20.1,61.5,6.6,430273,11145,0,0,cubic
0.847,13783,9,10080,31.8,30.7,20.1,61.5,5.3,433305,11147,0,0,cubic
0.855,13815,9,11520,31.7,30.6,20.1,61.5,4.2,436313,11150,0,0,cubic
0.869,10598,7,8640,31.0,27.1,20.1,61.5,3.7,436313,11152,0,0,cubic
0.878,10626,7,8640,30.7,29.0,20.1,61.5,3.2,436313,11154,0,0,cubic
0.884,10648,7,7200,30.5,29.0,20.1,61.5,2.9,436313,11156,0,0,cubic
0.902,8173,5,5760,28.4,20.4,20.1,61.5,5.4,436313,11159,0,0,cubic
0.908,8191,5,4320,27.8,24.0,20.1,61.5,5.2,436313,11161,0,0,cubic
0.917,8214,5,7200,27.7,27.4,20.1,61.5,4.0,436313,11164,0,0,cubic
0.927,8459,5,5760,27.1,22.3,20.1,61.5,4.4,436313,11165,0,0,cubic
0.934,9186,6,4320,26.9,25.6,20.1,61.5,3.6,436313,11167,0,0,cubic
0.945,9410,6,8640,26.3,22.3,20.1,61.5,3.9,436313,11171,0,0,cubic
0.953,9845,6,7200,25.8,22.2,20.1,61.5,3.9,436313,11172,0,0,cubic
0.006,9845,6,55,24.7,20.4,20.1,61.5,3.6,436313,11174,0,0,cubic
0.006,9845,6,0,25.2,28.5,20.1,61.5,3.6,436313,11175,0,0,cubic
0.005,9845,6,0,25.5,27.9,20.1,61.5,3.4,436313,11176,0,0,cubic
0.006,9845,6,0,25.7,26.5,20.1,61.5,2.8,436313,11177,0,0,cubic
0.005,9845,6,0,25.8,26.6,20.1,61.5,2.3,436313,11178,0,0,cubic
0.006,9845,6,0,26.0,27.6,20.1,61.5,2.2,436313,11179,0,0,cubic
0.006,9845,6,0,26.1,27.0,20.1,61.5,1.9,436313,11180,0,0,cubic
0.006,9845,6,0,26.2,27.1,20.1,61.5,1.7,436313,11181,0,0,cubic
0.005,9845,6,0,26.5,28.2,20.1,61.5,1.7,436313,11182,0,0,cubic
0.006,9845,6,0,26.6,27.1,20.1,61.5,1.4,436313,11183,0,0,cubic
0.005,9845,6,0,26.7,27.8,20.1,61.5,1.4,436313,11184,0,0,cubic
0.006,9845,6,0,26.8,27.3,20.1,61.5,1.2,436313,11185,0,0,cubic
0.005,9845,6,0,27.2,29.8,20.1,61.5,1.6,436313,11187,0,0,cubic
0.007,9845,6,0,27.2,27.8,20.1,61.5,1.4,436313,11188,0,0,cubic
0.034,10470,7,5760,27.9,32.3,20.1,61.5,2.3,436313,11195,0,0,cubic
0.043,10862,7,8640,29.3,39.2,20.1,61.5,4.6,436313,11199,0,0,cubic
0.050,11239,7,8640,31.4,46.1,20.1,61.5,7.6,436313,11201,0,0,cubic
0.060,11787,8,7200,30.5,23.9,20.1,61.5,7.6,386890,11203,0,0,cubic
0.071,12135,8,10080,29.4,22.2,20.1,61.5,7.8,412278,11207,0,0,cubic
0.078,12473,8,10080,28.5,22.1,20.1,61.5,7.6,437311,11209,0,0,cubic
0.084,12801,8,10080,27.5,20.4,20.1,61.5,7.8,465389,11211,0,0,cubic
0.090,13122,9,10080,26.8,21.9,20.1,61.5,7.2,489572,11213,0,0,cubic
0.096,13434,9,10080,26.1,21.6,20.1,61.5,6.7,513787,11215,0,0,cubic
0.104,13740,9,11520,25.6,21.7,20.1,61.5,6.2,536970,11218,0,0,cubic
0.110,14038,9,11520,25.1,21.7,20.1,61.5,5.6,559171,11220,0,0,cubic
0.116,14330,9,11520,24.8,22.9,20.1,61.5,4.8,577263,11222,0,0,cubic
0.123,14616,10,11520,24.7,24.0,20.1,61.5,3.8,591381,11224,0,0,cubic
0.130,14897,10,12960,24.8,25.3,20.1,61.5,3.0,601024,11227,0,0,cubic
0.137,15172,10,12960,25.0,26.2,20.1,61.5,2.6,607706,11229,0,0,cubic
0.144,15443,10,12960,25.4,28.5,20.1,61.5,2.8,607848,11231,0,0,cubic
0.151,15708,10,12960,26.0,30.3,20.1,61.5,3.3,603782,11233,0,0,cubic
0.157,15969,11,12960,26.6,30.6,20.1,61.5,3.7,600518,11235,0,0,cubic
0.164,16226,11,14400,27.1,30.7,20.1,61.5,3.8,598546,11238,0,0,cubic
0.171,16479,11,14400,27.6,30.8,20.1,61.5,3.7,597801,11240,0,0,cubic
0.178,16728,11,14400,28.0,30.7,20.1,61.5,3.6,598368,11242,0,0,cubic
0.185,16973,11,14400,28.3,30.7,20.1,61.5,3.4,599667,11244,0,0,cubic
0.192,17214,11,14400,28.6,30.7,20.1,61.5,3.1,601761,11246,0,0,cubic
0.199,17572,12,12960,29.1,32.4,20.1,61.5,3.3,604243,11248,0,0,cubic
0.207,17805,12,15840,29.5,32.3,20.1,61.5,3.3,604009,11252,0,0,cubic
0.214,18035,12,15840,29.8,32.4,20.1,61.5,3.2,604430,11254,0,0,cubic
0.221,18263,12,15840,30.2,32.4,20.1,61.5,3.0,605697,11256,0,0,cubic
0.228,18487,12,15840,30.4,32.3,20.1,61.5,2.8,607625,11258,0,0,cubic
0.234,18709,12,15840,30.7,32.3,20.1,61.5,2.6,610308,11260,0,0,cubic
0.241,18928,13,15840,31.7,39.1,20.1,61.5,4.0,596890,11262,0,0,cubic
0.255,16592,11,14400,33.1,37.5,20.1,61.5,4.6,501814,11265,0,0,cubic
0.262,16622,11,14400,33.6,37.6,20.1,61.5,4.6,494216,11267,0,0,cubic
0.269,16651,11,14400,34.1,37.6,20.1,61.5,4.4,487941,11269,0,0,cubic
0.275,16680,11,14400,34.5,37.5,20.1,61.5,4.2,482834,11271,0,0,cubic
0.282,16710,11,14400,34.9,37.5,20.1,61.5,3.9,478508,11273,0,0,cubic
0.289,16739,11,14400,36.1,44.4,20.1,61.5,5.3,463607,11275,0,0,cubic
0.296,16768,11,14400,36.3,37.5,20.1,61.5,4.3,462246,11277,0,0,cubic
0.303,16796,11,14400,36.4,37.5,20.1,61.5,3.5,461099,11279,0,0,cubic
0.310,16824,11,14400,36.6,37.5,20.1,61.5,2.9,460200,11281,0,0,cubic
0.324,12906,8,11520,36.8,37.5,20.1,61.5,2.0,350782,11283,0,0,cubic
0.330,12931,8,10080,36.9,37.6,20.1,61.5,1.7,350471,11284,0,0,cubic
0.337,12956,8,10080,37.0,37.6,20.1,61.5,1.5,350342,11286,0,0,cubic
0.344,12981,9,10080,37.0,37.5,20.1,61.5,1.2,350430,11288,0,0,cubic
0.354,13005,9,10080,35.8,27.2,20.1,61.5,3.4,363116,11291,0,0,cubic
0.358,13030,9,8640,34.5,25.6,20.1,61.5,5.1,377298,11292,0,0,cubic
0.369,13060,9,10080,33.6,27.0,20.1,61.5,5.7,388829,11295,0,0,cubic
0.376,13084,9,8640,32.2,22.8,20.1,61.5,7.0,405843,11297,0,0,cubic
0.383,13119,9,10080,31.2,24.3,20.1,61.5,7.2,419928,11299,0,0,cubic
0.390,13137,9,10080,30.2,23.2,20.1,61.5,7.4,434453,11301,0,0,cubic
0.396,13242,9,10080,29.3,22.5,20.1,61.5,7.5,452439,11303,0,0,cubic
0.403,13707,9,8640,28.4,22.4,20.1,61.5,7.4,482572,11305,0,0,cubic
0.412,14155,9,8640,27.4,20.2,20.1,61.5,7.6,517096,11308,0,0,cubic
0.420,14300,9,11520,26.5,20.1,20.1,61.5,7.5,540295,11311,0,0,cubic
0.425,14587,10,11520,26.2,24.1,20.1,61.5,6.2,557351,11313,0,0,cubic
0.433,14868,10,12960,26.0,24.8,20.1,61.5,5.0,571714,11316,0,0,cubic
0.438,15144,10,12960,25.9,25.5,20.1,61.5,3.9,583808,11318,0,0,cubic
0.444,15415,10,12960,26.1,27.1,20.1,61.5,3.2,591088,11320,0,0,cubic
0.451,15681,10,12960,26.4,28.4,20.1,61.5,3.0,594788,11322,0,0,cubic
0.458,15942,11,12960,26.8,30.0,20.1,61.5,3.1,594495,11324,0,0,cubic
0.468,16200,11,14400,27.7,33.8,20.1,61.5,4.1,584985,11327,0,0,cubic
0.475,16453,11,14400,28.7,35.9,20.1,61.5,5.1,573015,11329,0,0,cubic
0.484,16702,11,14400,29.6,35.9,20.1,61.5,5.6,564066,11331,0,0,cubic
0.489,16948,11,14400,30.4,35.8,20.1,61.5,5.8,557811,11333,0,0,cubic
0.496,17310,12,12960,31.3,37.6,20.1,61.5,6.1,553406,11335,0,0,cubic
0.506,17547,12,15840,32.1,37.6,20.1,61.5,6.2,547232,11339,0,0,cubic
0.513,17781,12,15840,32.8,37.6,20.1,61.5,6.0,542931,11341,0,0,cubic
0.520,18012,12,15840,32.7,32.5,20.1,61.5,4.6,550472,11343,0,0,cubic
0.527,18353,12,14400,33.3,37.5,20.1,61.5,4.6,550760,11345,0,0,cubic
0.533,18800,13,12960,33.5,34.4,20.1,61.5,3.7,561881,11348,0,0,cubic
0.541,19018,13,17280,33.1,30.6,20.1,61.5,3.5,574544,11353,0,0,cubic
0.547,19342,13,15840,32.4,27.2,20.1,61.5,4.1,597676,11355,0,0,cubic
0.554,19660,13,15840,31.5,25.4,20.1,61.5,4.8,624206,11358,0,0,cubic
0.562,19868,13,17280,31.0,27.1,20.1,61.5,4.7,641917,11361,0,0,cubic
0.571,20075,13,17280,31.3,33.6,20.1,61.5,4.2,641722,11363,0,0,cubic
0.578,20381,14,15840,31.9,36.3,20.1,61.5,4.4,638682,11365,0,0,cubic
0.586,20582,14,18720,32.8,39.3,20.1,61.5,5.2,626754,11369,0,0,cubic
0.593,20782,14,18720,34.0,41.9,20.1,61.5,6.1,611793,11371,0,0,cubic
0.600,20979,14,18720,35.0,42.2,20.1,61.5,6.7,599348,11373,0,0,cubic
0.607,21175,14,18720,36.0,42.8,20.1,61.5,6.9,588603,11375,0,0,cubic
0.614,21368,14,18720,36.6,40.9,20.1,61.5,6.4,583920,11377,0,0,cubic
0.620,21464,14,20160,37.6,44.3,20.1,61.5,6.8,571504,11379,0,0,cubic
0.626,21655,15,18720,38.6,46.1,20.1,61.5,7.2,560574,11380,0,0,cubic
0.633,21845,15,20160,40.3,51.8,20.1,61.5,8.7,542328,11383,0,0,cubic
0.639,22126,15,18720,41.0,46.1,20.1,61.5,8.0,539566,11385,0,0,cubic
0.650,22312,15,20160,41.6,46.1,20.1,61.5,7.3,535779,11388,0,0,cubic
0.657,22587,15,18720,42.6,49.5,20.1,61.5,7.4,529850,11390,0,0,cubic
0.672,19797,13,17280,43.8,46.2,20.1,61.5,6.2,451501,11393,0,0,cubic
0.681,19839,13,17280,44.8,51.3,20.1,61.5,6.5,442993,11395,0,0,cubic
0.687,19872,13,17280,45.6,51.3,20.1,61.5,6.5,435808,11397,0,0,cubic
0.694,19906,13,17280,46.3,51.3,20.1,61.5,6.3,429851,11399,0,0,cubic
0.701,19939,13,17280,46.5,47.8,20.1,61.5,5.1,428887,11401,0,0,cubic
0.708,19971,13,17280,46.7,47.8,20.1,61.5,4.1,428075,11403,0,0,cubic
0.715,20004,13,17280,47.7,54.8,20.1,61.5,5.1,419679,11405,0,0,cubic
0.722,20035,13,17280,47.5,46.2,20.1,61.5,4.2,421967,11407,0,0,cubic
0.728,20067,13,17280,47.1,44.3,20.1,61.5,3.9,426159,11409,0,0,cubic
0.742,15392,10,12960,46.0,41.0,20.1,61.5,4.2,334339,11411,0,0,cubic
0.751,15427,10,12960,45.4,40.9,20.1,61.5,4.4,339816,11413,0,0,cubic
0.758,15455,10,12960,44.8,40.9,20.1,61.5,4.4,344723,11415,0,0,cubic
0.764,15483,10,11520,44.6,42.6,20.1,61.5,3.9,347518,11417,0,0,cubic
0.773,15511,10,11520,42.6,28.9,20.1,61.5,6.8,364184,11420,0,0,cubic
0.780,15538,10,11520,40.2,23.7,20.1,61.5,9.8,386200,11422,0,0,cubic
0.788,15566,10,10080,38.4,25.5,20.1,61.5,11.1,405491,11424,0,0,cubic
0.795,15592,10,8640,36.2,21.2,20.1,61.5,12.6,430242,11426,0,0,cubic
0.801,15619,10,8640,34.4,21.2,20.1,61.5,13.2,454489,11428,0,0,cubic
0.807,15647,10,10080,32.6,20.1,20.1,61.5,13.5,480160,11430,0,0,cubic
0.813,15673,10,10080,31.1,21.1,20.1,61.5,13.0,503194,11432,0,0,cubic
0.821,15699,10,11520,29.9,21.2,20.1,61.5,12.2,525067,11435,0,0,cubic
0.827,15725,10,11520,28.9,21.8,20.1,61.5,11.2,544437,11437,0,0,cubic
0.835,15750,10,11520,28.1,22.7,20.1,61.5,10.0,560418,11440,0,0,cubic
0.843,16093,11,11520,27.4,22.2,20.1,61.5,8.9,587979,11443,0,0,cubic
0.850,16348,11,12960,26.9,23.8,20.1,61.5,7.6,607303,11446,0,0,cubic
0.857,16724,11,12960,26.2,20.9,20.1,61.5,7.2,639272,11449,0,0,cubic
0.864,17092,11,12960,25.8,23.3,20.1,61.5,6.1,662531,11452,0,0,cubic
0.874,17332,12,14400,26.2,29.3,20.1,61.5,5.5,660669,11455,0,0,cubic
0.881,17569,12,15840,26.9,31.3,20.1,61.5,5.4,653803,11458,0,0,cubic
0.888,17802,12,15840,27.7,33.5,20.1,61.5,5.7,642764,11460,0,0,cubic
0.895,18032,12,15840,28.7,35.8,20.1,61.5,6.3,628073,11462,0,0,cubic
0.901,18260,12,15840,29.6,35.9,20.1,61.5,6.5,616725,11464,0,0,cubic
0.908,18484,12,15840,30.5,36.8,20.1,61.5,6.7,605814,11466,0,0,cubic
0.915,18706,12,15840,31.6,39.3,20.1,61.5,7.2,591868,11468,0,0,cubic
0.922,19035,13,14400,32.6,39.2,20.1,61.5,7.3,584613,11470,0,0,cubic
0.931,19250,13,17280,33.4,39.2,20.1,61.5,7.1,576537,11474,0,0,cubic
0.937,19464,13,17280,34.3,41.0,20.1,61.5,7.3,566868,11476,0,0,cubic
0.005,14902,10,0,38.9,37.0,20.1,61.5,5.7,383410,11478,0,0,cubic
0.006,14902,10,0,37.9,31.1,20.1,61.5,6.2,393286,11480,0,0,cubic
0.034,15120,10,11520,36.4,25.6,20.1,61.5,7.7,415864,11491,0,0,cubic
0.045,15160,10,12960,35.6,30.2,20.1,61.5,7.3,425974,11494,0,0,cubic
0.052,15186,10,12960,34.9,29.8,20.1,61.5,6.9,435590,11496,0,0,cubic
0.058,15211,10,12960,34.2,29.2,20.1,61.5,6.6,445352,11498,0,0,cubic
0.064,15236,10,12960,33.5,28.7,20.1,61.5,6.3,455227,11500,0,0,cubic
0.071,15261,10,12960,32.9,28.6,20.1,61.5,6.0,464424,11502,0,0,cubic
0.077,15287,10,12960,32.3,28.6,20.1,61.5,5.6,472974,11504,0,0,cubic
0.084,15311,10,12960,31.8,28.4,20.1,61.5,5.1,481024,11506,0,0,cubic
0.090,15336,10,12960,31.4,28.6,20.1,61.5,4.7,487972,11508,0,0,cubic
0.097,15360,10,12960,31.2,29.5,20.1,61.5,4.0,492528,11510,0,0,cubic
0.104,15384,10,12960,31.0,29.6,20.1,61.5,3.4,496370,11512,0,0,cubic
0.111,15408,10,12960,31.0,30.7,20.1,61.5,2.6,497738,11514,0,0,cubic
0.118,15431,10,12960,30.9,30.6,20.1,61.5,2.0,499126,11516,0,0,cubic
0.125,15455,10,12960,30.9,30.8,20.1,61.5,1.6,500210,11518,0,0,cubic
0.132,15477,10,12960,30.9,30.7,20.1,61.5,1.2,501344,11520,0,0,cubic
0.138,15500,10,12960,30.8,30.7,20.1,61.5,1.0,502512,11522,0,0,cubic
0.145,15523,10,12960,30.8,30.7,20.1,61.5,0.8,503650,11524,0,0,cubic
0.152,15766,10,12960,30.8,30.7,20.1,61.5,0.6,511816,11526,0,0,cubic
0.159,16157,11,11520,31.2,34.0,20.1,61.5,1.2,517869,11528,0,0,cubic
0.166,16410,11,14400,31.3,32.4,20.1,61.5,1.2,523578,11532,0,0,cubic
0.181,12588,8,11520,32.0,34.1,20.1,61.5,1.8,393534,11534,0,0,cubic
0.188,12613,8,10080,32.3,34.1,20.1,61.5,1.9,391076,11535,0,0,cubic
0.195,12638,8,10080,32.5,34.2,20.1,61.5,1.9,388969,11537,0,0,cubic
0.202,12662,8,10080,33.1,37.3,20.1,61.5,2.6,382607,11539,0,0,cubic
0.209,12686,8,10080,33.8,38.9,20.1,61.5,3.4,375103,11541,0,0,cubic
0.215,12710,8,10080,32.8,25.6,20.1,61.5,4.6,387629,11543,0,0,cubic
0.222,12734,8,10080,31.9,25.6,20.1,61.5,5.3,399322,11545,0,0,cubic
0.229,12758,8,10080,31.1,25.6,20.1,61.5,5.5,410185,11547,0,0,cubic
0.236,12781,8,10080,30.4,25.6,20.1,61.5,5.5,420247,11549,0,0,cubic
0.243,12804,8,10080,29.6,23.8,20.1,61.5,5.8,432684,11551,0,0,cubic
0.250,12948,8,10080,28.9,23.9,20.1,61.5,5.8,448384,11553,0,0,cubic
0.256,13265,9,10080,28.2,23.8,20.1,61.5,5.6,469690,11555,0,0,cubic
0.264,13574,9,11520,27.7,23.9,20.1,61.5,5.3,490089,11558,0,0,cubic
0.270,13876,9,11520,27.2,23.8,20.1,61.5,4.9,510072,11560,0,0,cubic
0.277,14171,9,11520,26.8,23.9,20.1,61.5,4.5,529084,11562,0,0,cubic
0.284,14461,10,11520,26.4,23.8,20.1,61.5,4.2,547474,11564,0,0,cubic
0.291,14744,10,12960,26.4,26.4,20.1,61.5,3.1,558104,11567,0,0,cubic
0.298,15022,10,12960,26.5,27.3,20.1,61.5,2.6,566290,11569,0,0,cubic
0.304,15295,10,12960,26.8,28.5,20.1,61.5,2.4,571156,11571,0,0,cubic
0.311,15698,10,11520,26.8,27.3,20.1,61.5,1.9,584807,11573,0,0,cubic
0.320,15959,11,12960,27.5,32.0,20.1,61.5,2.7,580665,11576,0,0,cubic
0.327,16216,11,14400,28.3,34.1,20.1,61.5,3.7,572861,11579,0,0,cubic
0.333,16469,11,14400,29.0,33.9,20.1,61.5,4.2,567700,11581,0,0,cubic
0.340,16718,11,14400,29.4,32.4,20.1,61.5,4.0,568021,11583,0,0,cubic
0.347,16963,11,14400,30.2,35.9,20.1,61.5,4.6,560945,11585,0,0,cubic
0.357,17205,11,14400,30.9,35.9,20.1,61.5,4.9,555932,11587,0,0,cubic
0.364,17443,12,14400,32.3,41.7,20.1,61.5,6.3,540231,11589,0,0,cubic
0.373,15262,10,14400,33.2,39.4,20.1,61.5,6.5,460017,11592,0,0,cubic
0.383,15305,10,12960,34.2,41.0,20.1,61.5,6.9,448091,11593,0,0,cubic
0.390,15333,10,12960,35.0,41.1,20.1,61.5,6.9,437835,11595,0,0,cubic
0.399,15368,10,11520,35.8,41.0,20.1,61.5,6.7,429621,11597,0,0,cubic
0.405,15396,10,10080,35.3,32.4,20.1,61.5,5.8,435567,11600,0,0,cubic
0.417,15437,10,11520,34.1,25.5,20.1,61.5,6.8,452459,11604,0,0,cubic
0.422,15463,10,8640,32.7,22.5,20.1,61.5,8.0,473352,11606,0,0,cubic
0.431,15497,10,10080,31.6,24.3,20.1,61.5,8.1,490101,11609,0,0,cubic
0.441,15530,10,10080,30.3,20.9,20.1,61.5,8.8,512930,11612,0,0,cubic
0.448,15562,10,11520,29.5,23.7,20.1,61.5,8.2,528259,11615,0,0,cubic
0.457,15588,10,14400,28.8,24.0,20.1,61.5,7.5,541644,11618,0,0,cubic
0.460,15608,10,12960,28.3,25.0,20.1,61.5,6.6,551344,11619,0,0,cubic
0.467,15633,10,10080,27.7,23.8,20.1,61.5,6.1,563371,11621,0,0,cubic
0.475,15665,10,12960,27.4,25.2,20.1,61.5,5.2,571069,11625,0,0,cubic
0.482,15689,10,11520,27.2,25.3,20.1,61.5,4.4,577693,11627,0,0,cubic
0.489,16005,11,11520,26.3,20.4,20.1,61.5,5.0,608346,11630,0,0,cubic
0.498,16389,11,12960,26.2,25.3,20.1,61.5,4.0,625916,11634,0,0,cubic
0.510,16765,11,12960,26.3,27.3,20.1,61.5,3.3,636943,11637,0,0,cubic
0.518,17009,11,14400,27.2,33.5,20.1,61.5,4.3,624871,11640,0,0,cubic
0.525,17250,11,14400,28.3,35.6,20.1,61.5,5.3,610252,11642,0,0,cubic
0.532,17369,12,15840,29.1,35.0,20.1,61.5,5.6,596811,11644,0,0,cubic
0.537,17723,12,14400,30.2,38.2,20.1,61.5,6.5,586174,11646,0,0,cubic
0.546,17955,12,15840,30.7,34.2,20.1,61.5,5.9,584244,11649,0,0,cubic
0.552,18183,12,15840,31.8,39.1,20.1,61.5,6.5,572188,11651,0,0,cubic
0.559,18521,12,14400,32.1,34.1,20.1,61.5,5.5,577481,11653,0,0,cubic
0.566,18743,13,15840,32.3,34.2,20.1,61.5,4.6,579704,11656,0,0,cubic
0.575,18962,13,17280,32.8,35.8,20.1,61.5,4.3,578727,11659,0,0,cubic
0.590,16621,11,14400,34.9,40.9,20.1,61.5,6.0,476683,11661,0,0,cubic
0.597,16652,11,14400,35.6,40.9,20.1,61.5,6.0,467424,11663,0,0,cubic
0.604,16681,11,12960,36.7,44.4,20.1,61.5,6.7,454201,11665,0,0,cubic
0.612,16718,11,14400,37.7,44.4,20.1,61.5,7.0,443601,11668,0,0,cubic
0.619,16747,11,12960,38.5,44.4,20.1,61.5,6.9,434659,11670,0,0,cubic
0.628,16783,11,14400,38.2,35.8,20.1,61.5,5.9,439483,11673,0,0,cubic
0.634,16812,11,14400,37.9,35.8,20.1,61.5,5.0,443740,11675,0,0,cubic
0.650,12896,8,11520,37.2,34.2,20.1,61.5,4.1,346657,11677,0,0,cubic
0.657,12922,8,10080,36.8,34.2,20.1,61.5,3.8,350921,11678,0,0,cubic
0.664,12947,8,8640,36.7,35.9,20.1,61.5,3.1,352692,11680,0,0,cubic
0.672,12978,9,10080,36.6,35.9,20.1,61.5,2.5,354493,11683,0,0,cubic
0.680,13002,9,10080,35.7,29.1,20.1,61.5,3.8,364559,11685,0,0,cubic
0.693,9975,6,7200,34.1,28.7,20.1,61.5,4.9,364559,11687,0,0,cubic
0.699,9996,6,7200,33.2,27.3,20.1,61.5,5.4,364559,11689,0,0,cubic
0.706,10017,6,7200,32.3,26.2,20.1,61.5,5.8,364559,11691,0,0,cubic
0.713,10038,6,7200,30.9,20.4,20.1,61.5,7.3,364559,11693,0,0,cubic
0.720,10058,6,7200,29.6,20.5,20.1,61.5,8.1,364559,11695,0,0,cubic
0.727,10079,6,8640,28.6,22.2,20.1,61.5,7.9,364559,11697,0,0,cubic
0.732,10279,7,7200,27.8,22.2,20.1,61.5,7.5,364559,11698,0,0,cubic
0.739,10678,7,8640,27.1,22.2,20.1,61.5,7.1,364559,11701,0,0,cubic
0.746,11062,7,8640,26.5,22.2,20.1,61.5,6.5,364559,11703,0,0,cubic
0.753,11433,7,8640,25.8,20.5,20.1,61.5,6.4,364559,11705,0,0,cubic
0.759,11792,8,8640,25.5,23.8,20.1,61.5,5.3,462177,11707,0,0,cubic
0.766,12140,8,10080,25.3,23.9,20.1,61.5,4.4,479709,11710,0,0,cubic
0.773,12477,8,10080,25.1,23.9,20.1,61.5,3.6,496597,11712,0,0,cubic
0.780,12806,8,10080,25.0,23.9,20.1,61.5,3.0,512752,11714,0,0,cubic
0.787,13126,9,10080,24.8,23.9,20.1,61.5,2.5,528507,11716,0,0,cubic
0.794,13439,9,11520,24.7,23.9,20.1,61.5,2.2,543780,11719,0,0,cubic
0.801,13744,9,11520,24.6,23.8,20.1,61.5,1.8,558608,11721,0,0,cubic
0.807,14042,9,11520,24.5,23.8,20.1,61.5,1.6,573049,11723,0,0,cubic
0.814,14334,9,11520,24.4,23.9,20.1,61.5,1.3,586905,11725,0,0,cubic
0.821,14620,10,11520,24.9,28.5,20.1,61.5,2.0,586324,11727,0,0,cubic
0.828,14901,10,12960,25.6,30.2,20.1,61.5,2.8,582138,11730,0,0,cubic
0.835,15176,10,12960,26.2,30.7,20.1,61.5,3.4,578441,11732,0,0,cubic
0.842,15446,10,12960,26.8,30.7,20.1,61.5,3.7,576515,11734,0,0,cubic
0.848,15712,10,12960,27.3,30.7,20.1,61.5,3.7,575931,11736,0,0,cubic
0.855,15973,11,12960,27.7,30.5,20.1,61.5,3.6,576892,11738,0,0,cubic
0.862,16230,11,14400,28.1,30.7,20.1,61.5,3.5,578362,11741,0,0,cubic
0.869,16609,11,12960,28.8,34.1,20.1,61.5,4.1,576401,11743,0,0,cubic
0.878,14532,10,14400,29.5,34.1,20.1,61.5,4.4,492977,11746,0,0,cubic
0.884,14560,10,12960,30.1,34.1,20.1,61.5,4.5,484461,11747,0,0,cubic
0.891,14587,10,12960,30.6,34.1,20.1,61.5,4.4,477323,11749,0,0,cubic
0.898,14615,10,12960,31.0,34.2,20.1,61.5,4.2,471299,11751,0,0,cubic
0.905,14642,10,12960,31.4,34.1,20.1,61.5,3.9,466290,11753,0,0,cubic
0.912,14668,10,12960,32.6,40.7,20.1,61.5,5.3,450380,11755,0,0,cubic
0.919,14695,10,12960,32.6,32.5,20.1,61.5,4.0,451417,11757,0,0,cubic
0.934,11279,7,8640,32.9,34.1,20.1,61.5,2.9,451417,11759,0,0,cubic
0.941,11302,7,10080,32.7,30.7,20.1,61.5,2.7,451417,11761,0,0,cubic
0.946,11319,7,8640,32.4,30.7,20.1,61.5,2.5,451417,11762,0,0,cubic
0.953,11342,7,8640,32.2,30.7,20.1,61.5,2.3,451417,11764,0,0,cubic
0.960,11364,7,8640,30.9,22.1,20.1,61.5,4.3,451417,11766,0,0,cubic
0.967,11387,7,8640,29.8,22.2,20.1,61.5,5.4,451417,11768,0,0,cubic
0.973,11408,7,8640,29.1,23.8,20.1,61.5,5.5,451417,11770,0,0,cubic
0.980,11430,7,8640,28.4,23.9,20.1,61.5,5.5,451417,11772,0,0,cubic
0.987,11754,8,8640,27.9,23.9,20.1,61.5,5.2,421637,11774,0,0,cubic
0.006,3072,2,0,26.1,20.4,20.1,61.5,5.1,450017,11776,1,1,cubic
0.005,27426,19,0,26.2,26.8,20.1,61.5,4.0,1046474,11777,1,1,cubic
0.006,27497,19,0,26.3,26.7,20.1,61.5,3.1,1046508,11778,1,1,cubic
0.005,27923,19,0,26.7,29.5,20.1,61.5,3.1,1046510,11780,1,1,cubic
0.006,28000,19,0,26.8,27.3,20.1,61.5,2.5,1046494,11781,1,1,cubic
0.032,32985,22,24480,27.4,32.2,20.1,61.5,3.2,1202208,11801,1,1,cubic
0.075,17932,12,15840,39.5,59.0,20.1,61.5,15.8,453744,11807,1,1,cubic
0.082,18160,12,15840,42.5,63.1,20.1,63.1,17.7,427585,11809,1,1,cubic
0.089,18386,12,15840,45.3,65.4,20.1,65.4,19.0,405594,11811,1,1,cubic
0.096,18609,12,15840,47.2,59.9,20.1,65.4,17.9,394668,11813,1,1,cubic
0.103,18830,13,15840,49.6,66.8,20.1,66.8,18.3,379583,11815,1,1,cubic
0.110,19047,13,17280,52.6,73.7,20.1,73.7,19.8,362020,11818,1,1,cubic
0.117,19263,13,17280,50.7,37.6,20.1,73.7,18.6,379671,11820,1,1,cubic
0.124,19476,13,17280,49.1,37.7,20.1,73.7,17.2,396603,11822,1,1,cubic
0.130,19686,13,17280,47.7,37.8,20.1,73.7,15.7,412730,11824,1,1,cubic
0.137,19894,13,17280,46.4,37.4,20.1,73.7,14.3,428620,11826,1,1,cubic
0.144,17407,12,17280,45.3,37.3,20.1,73.7,13.0,384447,11828,1,1,cubic
0.151,17438,12,15840,45.0,42.8,20.1,73.7,10.4,387769,11829,1,1,cubic
0.157,17468,12,15840,44.6,41.7,20.1,73.7,8.6,392054,11831,1,1,cubic
0.164,17499,12,14400,44.0,40.4,20.1,73.7,7.5,397361,11833,1,1,cubic
0.174,17536,12,15840,43.6,40.4,20.1,73.7,6.5,402395,11836,1,1,cubic
0.181,17567,12,15840,43.2,40.4,20.1,73.7,5.7,406822,11838,1,1,cubic
0.188,17597,12,15840,42.8,40.1,20.1,73.7,5.0,411154,11840,1,1,cubic
0.195,17626,12,15840,42.4,39.5,20.1,73.7,4.6,415844,11842,1,1,cubic
0.202,17656,12,15840,41.9,38.6,20.1,73.7,4.4,421233,11844,1,1,cubic
0.208,17685,12,15840,41.5,38.7,20.1,73.7,4.1,426062,11846,1,1,cubic
0.221,13566,9,12960,40.7,38.0,20.1,73.7,3.7,333276,11848,1,1,cubic
0.227,13592,9,11520,40.3,37.8,20.1,73.7,3.5,336902,11849,1,1,cubic
0.234,13618,9,11520,40.0,37.2,20.1,73.7,3.4,340876,11851,1,1,cubic
0.241,13644,9,11520,39.6,37.1,20.1,73.7,3.3,344606,11853,1,1,cubic
0.248,13669,9,11520,39.4,37.7,20.1,73.7,2.9,347307,11855,1,1,cubic
0.255,13694,9,11520,38.3,30.6,20.1,73.7,4.4,357919,11857,1,1,cubic
0.263,13719,9,11520,37.3,30.7,20.1,73.7,5.2,367712,11859,1,1,cubic
0.275,10525,7,8640,35.5,28.6,20.1,73.7,6.2,367712,11861,1,1,cubic
0.282,10547,7,8640,34.5,27.7,20.1,73.7,6.6,367712,11863,1,1,cubic
0.289,10569,7,8640,33.5,26.1,20.1,73.7,7.0,367712,11865,1,1,cubic
0.296,10590,7,8640,32.4,25.3,20.1,73.7,7.3,367712,11867,1,1,cubic
0.303,10612,7,8640,31.4,23.8,20.1,73.7,7.6,367712,11869,1,1,cubic
0.310,10633,7,7200,30.0,20.4,20.1,73.7,8.5,367712,11871,1,1,cubic
0.318,10902,7,8640,28.8,20.4,20.1,73.7,8.7,367712,11874,1,1,cubic
0.325,11278,7,8640,27.7,20.5,20.1,73.7,8.6,367712,11876,1,1,cubic
0.332,11642,8,8640,26.8,20.4,20.1,73.7,8.3,433901,11878,1,1,cubic
0.339,11994,8,10080,26.9,27.3,20.1,73.7,6.3,446155,11881,1,1,cubic
0.346,12336,8,10080,26.7,25.6,20.1,73.7,5.1,461590,11883,1,1,cubic
0.352,12668,8,10080,26.6,25.6,20.1,73.7,4.1,476598,11885,1,1,cubic
0.359,12992,9,10080,26.2,23.8,20.1,73.7,3.8,495178,11887,1,1,cubic
0.366,13308,9,11520,26.4,27.2,20.1,73.7,3.1,504798,11890,1,1,cubic
0.373,13616,9,11520,26.0,23.8,20.1,73.7,2.9,522747,11892,1,1,cubic
0.380,13917,9,11520,25.8,23.9,20.1,73.7,2.7,539941,11894,1,1,cubic
0.387,14212,9,11520,25.5,23.9,20.1,73.7,2.5,556547,11896,1,1,cubic
0.394,14500,10,11520,25.7,27.2,20.1,73.7,2.3,563216,11898,1,1,cubic
0.400,14783,10,12960,26.1,28.5,20.1,73.7,2.4,566637,11901,1,1,cubic
0.407,15060,10,12960,26.5,29.6,20.1,73.7,2.7,567809,11903,1,1,cubic
0.414,15333,10,12960,27.0,30.7,20.1,73.7,3.1,566902,11905,1,1,cubic
0.421,15600,10,12960,27.5,30.5,20.1,73.7,3.2,567685,11907,1,1,cubic
0.428,15863,11,12960,27.9,30.7,20.1,73.7,3.2,568953,11909,1,1,cubic
0.435,16122,11,14400,28.2,30.7,20.1,73.7,3.1,571054,11912,1,1,cubic
0.441,16376,11,14400,28.5,30.7,20.1,73.7,2.9,573871,11914,1,1,cubic
0.455,14356,9,11520,29.0,30.7,20.1,73.7,2.5,494386,11916,1,1,cubic
0.462,14383,9,11520,29.2,30.7,20.1,73.7,2.3,491827,11918,1,1,cubic
0.469,14410,10,11520,30.1,36.4,20.1,73.7,3.5,478165,11920,1,1,cubic
0.006,11032,7,1415,31.6,30.6,20.1,73.7,3.3,452191,11921,1,1,cubic
0.005,11032,7,0,31.3,26.9,20.1,73.7,3.6,452191,11922,1,1,cubic
0.006,11032,7,0,30.9,28.0,20.1,73.7,3.5,452191,11923,1,1,cubic
0.006,11032,7,0,30.7,29.2,20.1,73.7,3.1,452191,11925,1,1,cubic
0.006,11032,7,0,30.3,28.1,20.1,73.7,2.9,452191,11926,1,1,cubic
0.033,11334,7,7200,30.4,31.0,20.1,73.7,2.4,452191,11934,1,1,cubic
0.041,11359,7,8640,31.4,37.9,20.1,73.7,3.6,452191,11937,1,1,cubic
0.048,11379,7,8640,33.0,44.7,20.1,73.7,6.1,452191,11939,1,1,cubic
0.055,11398,7,8640,31.5,20.4,20.1,73.7,7.7,452191,11941,1,1,cubic
0.062,11418,7,8640,30.7,25.5,20.1,73.7,7.3,452191,11943,1,1,cubic
0.069,11437,7,8640,29.9,23.9,20.1,73.7,7.2,452191,11945,1,1,cubic
0.076,11456,7,8640,29.1,23.9,20.1,73.7,6.9,452191,11947,1,1,cubic
0.083,11475,7,8640,28.5,23.9,20.1,73.7,6.5,452191,11949,1,1,cubic
0.089,11493,7,8640,27.9,23.9,20.1,73.7,6.0,452191,11951,1,1,cubic
0.096,11848,8,8640,27.4,23.8,20.1,73.7,5.5,432914,11953,1,1,cubic
0.103,12194,8,10080,26.9,23.9,20.1,73.7,5.0,452702,11956,1,1,cubic
0.110,12530,8,10080,26.5,23.8,20.1,73.7,4.5,472135,11958,1,1,cubic
0.117,12857,8,10080,26.2,23.8,20.1,73.7,4.1,490856,11960,1,1,cubic
0.124,13176,9,10080,25.9,23.8,20.1,73.7,3.7,508843,11962,1,1,cubic
0.130,13488,9,11520,25.6,23.8,20.1,73.7,3.3,526094,11965,1,1,cubic
0.137,13792,9,11520,25.4,23.9,20.1,73.7,2.9,542607,11967,1,1,cubic
0.144,14089,9,11520,25.2,23.9,20.1,73.7,2.5,558488,11969,1,1,cubic
0.151,14380,9,11520,25.1,23.8,20.1,73.7,2.3,574006,11971,1,1,cubic
0.158,14665,10,11520,25.4,27.6,20.1,73.7,2.3,578136,11973,1,1,cubic
0.165,14945,10,12960,25.9,29.5,20.1,73.7,2.8,577406,11976,1,1,cubic
0.172,15357,10,11520,25.8,25.6,20.1,73.7,2.2,594265,11978,1,1,cubic
0.180,15624,10,12960,25.8,25.6,20.1,73.7,1.7,605370,11981,1,1,cubic
0.187,15886,11,12960,25.8,25.6,20.1,73.7,1.3,616261,11983,1,1,cubic
0.194,16144,11,14400,26.5,31.3,20.1,73.7,2.4,609990,11986,1,1,cubic
0.201,16398,11,14400,27.2,32.5,20.1,73.7,3.3,602402,11988,1,1,cubic
0.208,16648,11,14400,27.9,32.5,20.1,73.7,3.8,597216,11990,1,1,cubic
0.214,16895,11,14400,28.2,30.7,20.1,73.7,3.5,598519,11992,1,1,cubic
0.221,17137,11,14400,28.5,30.8,20.1,73.7,3.3,600287,11994,1,1,cubic
0.228,17377,12,14400,29.5,36.5,20.1,73.7,4.5,588193,11996,1,1,cubic
0.235,17613,12,15840,30.5,37.5,20.1,73.7,5.3,576662,11999,1,1,cubic
0.242,17846,12,15840,31.4,37.4,20.1,73.7,5.7,568289,12001,1,1,cubic
0.249,18075,12,15840,32.2,37.4,20.1,73.7,5.8,562103,12003,1,1,cubic
0.255,18302,12,15840,32.8,37.6,20.1,73.7,5.7,557274,12005,1,1,cubic
0.262,18526,12,15840,33.4,37.6,20.1,73.7,5.5,554123,12007,1,1,cubic
0.269,18748,13,15840,34.0,37.6,20.1,73.7,5.2,552126,12009,1,1,cubic
0.276,18966,13,17280,34.4,37.5,20.1,73.7,4.8,551337,12012,1,1,cubic
0.283,19183,13,17280,34.8,37.5,20.1,73.7,4.3,551378,12014,1,1,cubic
0.290,19396,13,17280,35.1,37.6,20.1,73.7,4.0,551947,12016,1,1,cubic
0.303,17002,11,14400,35.7,37.6,20.1,73.7,3.2,476286,12018,1,1,cubic
0.310,17032,11,14400,35.9,37.4,20.1,73.7,2.8,474230,12020,1,1,cubic
0.317,17062,11,14400,37.0,44.3,20.1,73.7,4.2,461634,12022,1,1,cubic
0.324,17093,11,14400,37.9,44.4,20.1,73.7,5.0,451181,12024,1,1,cubic
0.331,17122,11,12960,38.3,40.9,20.1,73.7,4.5,447458,12026,1,1,cubic
0.339,17159,11,14400,37.5,32.4,20.1,73.7,4.9,457219,12029,1,1,cubic
0.346,17187,11,14400,36.9,32.4,20.1,73.7,4.9,465923,12031,1,1,cubic
0.353,17217,11,14400,36.3,32.5,20.1,73.7,4.8,473853,12033,1,1,cubic
0.360,13181,9,12960,36.3,35.8,20.1,73.7,3.7,363493,12035,1,1,cubic
0.368,13214,9,11520,36.4,37.6,20.1,73.7,3.1,362772,12036,1,1,cubic
0.375,13239,9,11520,36.4,35.9,20.1,73.7,2.5,364088,12038,1,1,cubic
0.382,13265,9,11520,36.3,35.9,20.1,73.7,2.0,365326,12040,1,1,cubic
0.389,13290,9,11520,36.0,34.1,20.1,73.7,2.0,368767,12042,1,1,cubic
0.396,13315,9,11520,36.0,35.9,20.1,73.7,1.5,369594,12044,1,1,cubic
0.406,13352,9,8640,35.4,30.7,20.1,73.7,2.5,377665,12046,1,1,cubic
0.418,13382,9,11520,34.6,29.6,20.1,73.7,3.3,386416,12050,1,1,cubic
0.421,13406,9,10080,33.6,26.7,20.1,73.7,4.5,398454,12051,1,1,cubic
0.428,13430,9,8640,32.2,22.1,20.1,73.7,6.2,417080,12053,1,1,cubic
0.435,13688,9,7200,30.7,20.1,20.1,73.7,7.7,445993,12055,1,1,cubic
0.444,13837,9,10080,29.4,20.2,20.1,73.7,8.4,471030,12058,1,1,cubic
0.450,14134,9,10080,28.4,21.8,20.1,73.7,8.2,497238,12060,1,1,cubic
0.456,14424,10,10080,27.4,20.1,20.1,73.7,8.2,526634,12062,1,1,cubic
0.462,14566,10,11520,26.5,20.2,20.1,73.7,8.0,549930,12064,1,1,cubic
0.467,14848,10,11520,26.1,23.2,20.1,73.7,6.8,569390,12066,1,1,cubic
0.475,15262,10,11520,25.9,24.3,20.1,73.7,5.5,590177,12069,1,1,cubic
0.484,15665,10,11520,25.4,22.5,20.1,73.7,5.0,615786,12072,1,1,cubic
0.492,16189,11,10080,25.1,22.8,20.1,73.7,4.4,644646,12075,1,1,cubic
0.499,16569,11,12960,24.5,20.5,20.1,73.7,4.4,675238,12080,1,1,cubic
0.506,16692,11,15840,24.0,20.2,20.1,73.7,4.4,695615,12083,1,1,cubic
0.512,17061,11,12960,24.3,26.2,20.1,73.7,3.9,703082,12084,1,1,cubic
0.519,17542,12,11520,24.2,24.0,20.1,73.7,3.0,724008,12087,1,1,cubic
0.526,17659,12,17280,24.1,23.4,20.1,73.7,2.4,731979,12092,1,1,cubic
0.533,17891,12,15840,24.6,27.9,20.1,73.7,2.8,727305,12093,1,1,cubic
0.540,18120,12,15840,25.3,30.4,20.1,73.7,3.5,715385,12095,1,1,cubic
0.546,18346,12,15840,26.0,30.5,20.1,73.7,4.0,706212,12097,1,1,cubic
0.553,18682,12,14400,27.0,34.1,20.1,73.7,5.0,692182,12099,1,1,cubic
0.562,19121,13,12960,28.1,35.9,20.1,73.7,6.0,680486,12102,1,1,cubic
0.569,19335,13,17280,28.6,32.1,20.1,73.7,5.5,676096,12107,1,1,cubic
0.575,19653,13,15840,28.6,28.9,20.1,73.7,4.2,686375,12109,1,1,cubic
0.582,20071,13,14400,28.7,28.8,20.1,73.7,3.2,700411,12112,1,1,cubic
0.589,20275,14,17280,28.0,23.7,20.1,73.7,3.6,723074,12116,1,1,cubic
0.597,20477,14,18720,28.4,30.9,20.1,73.7,3.4,721148,12119,1,1,cubic
0.604,20678,14,18720,28.9,32.3,20.1,73.7,3.5,715823,12121,1,1,cubic
0.611,20876,14,18720,29.3,32.4,20.1,73.7,3.5,711786,12123,1,1,cubic
0.618,21072,14,18720,30.5,38.8,20.1,73.7,5.0,690613,12125,1,1,cubic
0.625,21364,14,17280,32.0,42.6,20.1,73.7,6.8,667062,12127,1,1,cubic
0.633,21556,14,18720,33.4,42.8,20.1,73.7,7.8,645930,12130,1,1,cubic
0.640,21746,15,18720,35.0,46.8,20.1,73.7,9.2,620498,12132,1,1,cubic
0.647,22029,15,18720,35.8,41.0,20.1,73.7,8.4,615438,12135,1,1,cubic
0.656,22309,15,18720,36.9,44.4,20.1,73.7,8.4,605170,12138,1,1,cubic
0.662,22492,15,20160,37.8,44.4,20.1,73.7,8.2,594979,12141,1,1,cubic
0.673,22675,15,20160,38.6,44.4,20.1,73.7,7.8,587039,12143,1,1,cubic
0.680,22856,15,20160,39.1,42.7,20.1,73.7,6.9,584089,12145,1,1,cubic
0.687,23035,15,20160,39.6,42.7,20.1,73.7,6.0,582015,12147,1,1,cubic
0.693,23213,16,20160,40.8,49.5,20.1,73.7,7.0,568681,12149,1,1,cubic
0.700,20311,14,20160,42.3,53.0,20.1,73.7,8.3,479745,12152,1,1,cubic
0.709,20354,14,18720,43.7,53.0,20.1,73.7,8.9,466043,12153,1,1,cubic
0.716,20388,14,18720,44.8,53.0,20.1,73.7,9.0,454703,12155,1,1,cubic
0.722,20422,14,18720,45.4,49.5,20.1,73.7,7.9,449596,12157,1,1,cubic
0.729,20456,14,18720,45.7,47.9,20.1,73.7,6.6,447340,12159,1,1,cubic
0.736,20490,14,18720,46.0,47.8,20.1,73.7,5.4,445512,12161,1,1,cubic
0.743,20523,14,18720,46.2,47.8,20.1,73.7,4.5,444086,12163,1,1,cubic
0.750,20556,14,18720,47.3,54.7,20.1,73.7,5.5,434854,12165,1,1,cubic
0.757,20589,14,18720,47.1,46.2,20.1,73.7,4.4,436827,12167,1,1,cubic
0.764,20621,14,18720,47.0,46.1,20.1,73.7,3.6,438716,12169,1,1,cubic
0.777,15818,10,14400,47.0,48.0,20.1,73.7,2.4,336259,12171,1,1,cubic
0.786,15853,11,11520,46.3,40.9,20.1,73.7,3.4,342582,12172,1,1,cubic
0.798,15903,11,14400,46.3,46.1,20.1,73.7,2.6,343833,12176,1,1,cubic
0.806,15938,11,14400,46.2,45.9,20.1,73.7,2.0,344896,12178,1,1,cubic
0.813,15966,11,14400,46.2,46.1,20.1,73.7,1.5,345591,12180,1,1,cubic
0.820,15994,11,14400,45.3,39.1,20.1,73.7,2.9,352982,12182,1,1,cubic
0.834,12270,8,10135,43.3,35.9,20.1,73.7,5.2,283502,12185,1,1,cubic
0.841,12294,8,10135,41.9,32.4,20.1,73.7,6.6,293258,12187,1,1,cubic
0.849,12324,8,10135,41.2,35.8,20.1,73.7,6.5,299424,12189,1,1,cubic
0.859,12348,8,10135,40.3,33.9,20.1,73.7,6.7,306729,12191,1,1,cubic
0.863,12372,8,8640,38.6,27.2,20.1,73.7,8.3,320310,12192,1,1,cubic
0.872,12396,8,8640,37.2,27.4,20.1,73.7,9.0,333046,12194,1,1,cubic
0.881,12419,8,8640,35.8,25.5,20.1,73.7,9.7,347336,12196,1,1,cubic
0.885,12442,8,7200,33.9,20.9,20.1,73.7,11.0,367096,12197,1,1,cubic
0.892,12465,8,7200,32.3,20.8,20.1,73.7,11.5,386427,12199,1,1,cubic
0.899,12668,8,7200,30.8,20.6,20.1,73.7,11.5,411231,12201,1,1,cubic
0.910,12992,9,8640,29.6,21.1,20.1,73.7,11.1,439126,12204,1,1,cubic
0.916,13308,9,8640,28.6,21.8,20.1,73.7,10.3,465038,12206,1,1,cubic
0.922,13616,9,8640,27.7,21.3,20.1,73.7,9.5,491516,12208,1,1,cubic
0.931,13917,9,10080,26.8,20.1,20.1,73.7,9.0,520145,12211,1,1,cubic
0.936,14212,9,10080,26.2,22.0,20.1,73.7,8.0,543126,12213,1,1,cubic
0.944,14500,10,11520,25.7,22.3,20.1,73.7,6.9,564597,12216,1,1,cubic
0.951,14925,10,11520,25.3,22.5,20.1,73.7,6.0,590340,12219,1,1,cubic
0.959,15199,10,12960,25.0,23.4,20.1,73.7,5.0,606819,12222,1,1,cubic
0.968,15469,10,12960,25.0,24.9,20.1,73.7,3.8,618092,12224,1,1,cubic
0.974,15734,10,12960,25.3,27.0,20.1,73.7,3.3,622512,12226,1,1,cubic
0.981,15995,11,12960,25.7,28.5,20.1,73.7,3.3,622761,12228,1,1,cubic
0.988,16251,11,14400,26.3,30.7,20.1,73.7,3.7,617720,12231,1,1,cubic
0.995,16504,11,14400,27.1,32.7,20.1,73.7,4.4,608891,12233,1,1,cubic
0.006,17712,12,0,45.5,24.8,20.1,86.8,22.7,389548,12236,1,1,cubic
0.005,17712,12,0,43.3,28.4,20.1,86.8,21.3,408722,12237,1,1,cubic
0.006,17712,12,0,41.4,28.0,20.1,86.8,19.8,427578,12238,1,1,cubic
0.005,17712,12,0,39.8,28.4,20.1,86.8,18.1,445092,12239,1,1,cubic
0.005,17712,12,0,38.4,28.8,20.1,86.8,16.3,460985,12241,1,1,cubic
0.006,17712,12,0,37.0,26.9,20.1,86.8,15.1,478961,12242,1,1,cubic
0.033,18060,12,14400,36.4,32.3,20.1,86.8,12.5,496153,12255,1,1,cubic
0.043,18287,12,15840,35.9,32.6,20.1,86.8,10.3,509018,12258,1,1,cubic
0.050,18511,12,15840,35.7,34.1,20.1,86.8,8.2,518515,12260,1,1,cubic
0.056,18733,13,15840,35.6,34.6,20.1,86.8,6.4,526725,12262,1,1,cubic
0.063,18952,13,17280,35.6,35.9,20.1,86.8,4.9,532359,12265,1,1,cubic
0.070,19168,13,17280,35.7,36.4,20.1,86.8,3.9,536888,12267,1,1,cubic
0.077,19382,13,17280,35.9,37.5,20.1,86.8,3.3,539587,12269,1,1,cubic
0.084,19594,13,17280,36.1,37.6,20.1,86.8,2.9,542304,12271,1,1,cubic
0.091,19803,13,17280,36.3,37.5,20.1,86.8,2.5,545462,12273,1,1,cubic
0.098,20113,13,15840,36.9,40.9,20.1,86.8,3.1,545378,12275,1,1,cubic
0.106,20317,14,17280,37.4,41.1,20.1,86.8,3.3,543206,12278,1,1,cubic
0.113,20519,14,18720,37.8,41.0,20.1,86.8,3.4,542127,12281,1,1,cubic
0.120,20719,14,18720,38.2,41.0,20.1,86.8,3.3,541843,12283,1,1,cubic
0.127,20917,14,18720,38.6,40.9,20.1,86.8,3.2,542242,12285,1,1,cubic
0.133,21113,14,18720,38.9,40.9,20.1,86.8,2.9,543309,12287,1,1,cubic
0.147,18506,12,15895,40.0,46.0,20.1,86.8,3.8,462904,12290,1,1,cubic
0.154,18538,12,15895,40.5,44.3,20.1,86.8,3.9,457457,12292,1,1,cubic
0.161,18570,12,15895,41.0,44.3,20.1,86.8,3.9,452971,12294,1,1,cubic
0.168,18602,12,15895,41.4,44.4,20.1,86.8,3.8,449063,12296,1,1,cubic
0.174,18633,12,15895,41.8,44.4,20.1,86.8,3.6,445818,12298,1,1,cubic
0.181,18665,12,15895,42.1,44.4,20.1,86.8,3.3,443086,12300,1,1,cubic
0.188,18695,12,15840,41.6,37.6,20.1,86.8,3.6,449777,12302,1,1,cubic
0.195,18727,13,15840,41.1,37.6,20.1,86.8,3.7,455944,12304,1,1,cubic
0.202,18757,13,17280,40.6,37.7,20.1,86.8,3.6,461460,12307,1,1,cubic
0.209,18787,13,17280,40.3,37.6,20.1,86.8,3.5,466583,12309,1,1,cubic
0.223,14411,10,14400,39.6,37.6,20.1,86.8,3.0,363473,12311,1,1,cubic
0.229,14438,10,12960,39.4,37.6,20.1,86.8,2.8,366539,12312,1,1,cubic
0.236,14465,10,12960,39.1,37.4,20.1,86.8,2.6,369523,12314,1,1,cubic
0.243,14492,10,12960,39.8,44.3,20.1,86.8,3.2,364257,12316,1,1,cubic
0.250,14518,10,12960,40.3,44.3,20.1,86.8,3.5,359810,12318,1,1,cubic
0.257,14545,10,12960,40.9,44.4,20.1,86.8,3.7,356058,12320,1,1,cubic
0.264,14570,10,11520,40.0,34.1,20.1,86.8,4.4,364204,12322,1,1,cubic
0.281,11177,7,10080,39.4,37.6,20.1,86.8,3.5,364204,12325,1,1,cubic
0.289,11206,7,8640,39.1,36.5,20.1,86.8,3.4,364204,12326,1,1,cubic
0.296,11229,7,8640,38.6,35.2,20.1,86.8,3.5,364204,12328,1,1,cubic
0.303,11251,7,8640,38.0,33.6,20.1,86.8,3.9,364204,12330,1,1,cubic
0.310,11274,7,8640,36.6,27.4,20.1,86.8,5.5,364204,12332,1,1,cubic
0.317,11296,7,8640,35.2,25.5,20.1,86.8,6.9,364204,12334,1,1,cubic
0.324,11317,7,8640,34.0,25.6,20.1,86.8,7.6,364204,12336,1,1,cubic
0.330,11534,8,7200,32.3,20.4,20.1,86.8,9.1,356659,12338,1,1,cubic
0.343,11889,8,10080,30.8,20.4,20.1,86.8,9.8,385468,12342,1,1,cubic
0.350,12234,8,10080,29.5,20.5,20.1,86.8,10.0,414094,12344,1,1,cubic
0.356,12569,8,10080,28.4,20.4,20.1,86.8,9.7,442492,12346,1,1,cubic
0.363,12895,8,10080,27.7,23.1,20.1,86.8,8.6,464902,12348,1,1,cubic
0.369,13214,9,10080,27.0,21.9,20.1,86.8,7.9,489334,12350,1,1,cubic
0.377,13524,9,11520,26.4,21.8,20.1,86.8,7.3,513244,12353,1,1,cubic
0.383,13827,9,11520,25.8,21.8,20.1,86.8,6.6,536408,12355,1,1,cubic
0.389,14272,9,10080,25.4,22.9,20.1,86.8,5.7,561624,12357,1,1,cubic
0.396,14559,10,11520,24.8,20.3,20.1,86.8,5.5,587814,12360,1,1,cubic
0.404,14841,10,12960,24.7,24.5,20.1,86.8,4.2,600000,12363,1,1,cubic
0.412,15117,10,12960,24.9,25.8,20.1,86.8,3.4,607914,12365,1,1,cubic
0.419,15389,10,12960,25.1,26.9,20.1,86.8,3.1,612643,12367,1,1,cubic
0.426,15655,10,12960,25.6,29.2,20.1,86.8,3.3,610902,12369,1,1,cubic
0.433,15917,11,12960,26.3,31.1,20.1,86.8,3.9,604979,12371,1,1,cubic
0.439,16304,11,12960,27.2,33.7,20.1,86.8,4.7,598707,12374,1,1,cubic
0.448,16555,11,14400,28.3,35.8,20.1,86.8,5.7,584837,12377,1,1,cubic
0.457,17051,11,11520,28.6,30.6,20.1,86.8,4.8,596397,12379,1,1,cubic
0.467,17291,12,14400,29.3,34.2,20.1,86.8,5.0,590297,12383,1,1,cubic
0.474,17528,12,15840,29.7,32.5,20.1,86.8,4.6,590406,12386,1,1,cubic
0.481,17996,12,12960,30.0,32.3,20.1,86.8,4.1,599506,12388,1,1,cubic
0.487,18224,12,15840,29.7,27.2,20.1,86.8,3.8,614264,12392,1,1,cubic
0.494,18562,12,14400,29.3,27.1,20.1,86.8,3.5,632630,12394,1,1,cubic
0.501,19003,13,12960,29.1,27.1,20.1,86.8,3.2,653900,12397,1,1,cubic
0.508,19219,13,17280,28.4,23.7,20.1,86.8,3.7,676987,12402,1,1,cubic
0.515,19433,13,17280,28.6,30.1,20.1,86.8,3.2,679404,12404,1,1,cubic
0.523,19749,13,15840,28.6,29.0,20.1,86.8,2.5,689415,12406,1,1,cubic
0.534,19957,13,17280,29.5,35.7,20.1,86.8,3.6,675752,12409,1,1,cubic
0.540,20265,14,15840,30.8,39.4,20.1,86.8,5.2,658810,12411,1,1,cubic
0.547,20569,14,17280,31.6,37.5,20.1,86.8,5.6,650773,12415,1,1,cubic
0.556,20868,14,17280,32.8,41.0,20.1,86.8,6.5,636588,12418,1,1,cubic
0.563,21261,14,15840,32.3,28.9,20.1,86.8,5.9,658398,12421,1,1,cubic
0.569,21454,14,18720,31.4,25.4,20.1,86.8,6.1,682639,12425,1,1,cubic
0.576,21645,15,18720,32.0,35.8,20.1,86.8,5.7,677040,12427,1,1,cubic
0.583,21834,15,20160,32.4,35.7,20.1,86.8,5.2,673120,12430,1,1,cubic
0.590,22022,15,20160,33.6,41.4,20.1,86.8,6.1,656276,12432,1,1,cubic
0.597,22208,15,20160,34.5,41.0,20.1,86.8,6.5,643990,12434,1,1,cubic
0.604,22393,15,20160,35.3,40.9,20.1,86.8,6.5,634506,12436,1,1,cubic
0.610,22576,15,20160,36.6,46.1,20.1,86.8,7.5,616157,12438,1,1,cubic
0.617,22758,15,20160,37.6,44.4,20.1,86.8,7.6,605121,12440,1,1,cubic
0.624,23118,16,17280,38.9,47.7,20.1,86.8,8.2,594736,12442,1,1,cubic
0.631,23296,16,21600,40.0,47.8,20.1,86.8,8.4,582633,12447,1,1,cubic
0.638,23472,16,21600,40.7,46.1,20.1,86.8,7.8,576084,12449,1,1,cubic
0.655,20590,14,18720,42.4,47.8,20.1,86.8,7.2,485750,12451,1,1,cubic
0.662,20624,14,18720,43.1,47.8,20.1,86.8,6.8,478981,12453,1,1,cubic
0.669,20659,14,18720,43.6,47.8,20.1,86.8,6.3,473330,12455,1,1,cubic
0.675,20693,14,18720,44.2,47.7,20.1,86.8,5.7,468633,12457,1,1,cubic
0.682,20726,14,18720,45.5,54.6,20.1,86.8,6.9,455877,12459,1,1,cubic
0.689,20760,14,17280,46.7,55.3,20.1,86.8,7.6,444577,12461,1,1,cubic
0.696,20793,14,18720,47.9,56.4,20.1,86.8,8.2,433983,12464,1,1,cubic
0.710,15948,11,15840,47.9,47.8,20.1,86.8,4.6,332957,12466,1,1,cubic
0.716,15978,11,14400,47.9,47.8,20.1,86.8,3.5,333646,12467,1,1,cubic
0.723,16007,11,14400,47.9,47.8,20.1,86.8,2.6,334335,12469,1,1,cubic
0.730,16035,11,14400,47.9,47.8,20.1,86.8,2.0,335018,12471,1,1,cubic
0.737,16063,11,14400,47.9,47.8,20.1,86.8,1.5,335673,12473,1,1,cubic
0.744,16092,11,14400,47.8,47.8,20.1,86.8,1.2,336350,12475,1,1,cubic
0.758,12345,8,11520,46.2,41.0,20.1,86.8,3.4,266970,12477,1,1,cubic
0.764,12369,8,10080,45.6,41.0,20.1,86.8,3.9,271345,12478,1,1,cubic
0.771,12393,8,10080,45.0,40.8,20.1,86.8,4.1,275504,12480,1,1,cubic
0.779,12417,8,10080,44.2,38.9,20.1,86.8,4.6,280775,12482,1,1,cubic
0.789,12442,8,10080,43.3,37.2,20.1,86.8,5.2,287025,12484,1,1,cubic
0.794,12465,8,8640,41.3,27.3,20.1,86.8,7.9,301538,12485,1,1,cubic
0.799,12488,8,7200,39.2,23.9,20.1,86.8,10.3,318888,12486,1,1,cubic
0.808,12512,8,5760,36.9,21.0,20.1,86.8,12.2,339115,12488,1,1,cubic
0.816,12543,8,5760,34.9,20.6,20.1,86.8,13.3,359841,12490,1,1,cubic
0.828,12691,8,7200,33.1,20.6,20.1,86.8,13.5,383761,12493,1,1,cubic
0.835,12852,8,8640,31.5,20.1,20.1,86.8,13.4,408596,12495,1,1,cubic
0.842,13172,9,8640,30.3,22.2,20.1,86.8,12.3,434690,12497,1,1,cubic
0.852,13483,9,10080,29.1,20.8,20.1,86.8,11.6,463031,12500,1,1,cubic
0.857,13787,9,10080,28.2,21.9,20.1,86.8,10.5,488658,12502,1,1,cubic
0.863,14084,9,10080,27.2,20.5,20.1,86.8,9.8,516919,12504,1,1,cubic
0.869,14521,10,8640,26.4,20.8,20.1,86.8,9.0,549205,12506,1,1,cubic
0.879,14804,10,11520,25.8,21.1,20.1,86.8,8.1,574421,12510,1,1,cubic
0.886,15219,10,11520,25.2,21.0,20.1,86.8,7.2,604408,12513,1,1,cubic
0.893,15354,10,14400,24.6,20.2,20.1,86.8,6.7,625188,12516,1,1,cubic
0.896,15621,10,12960,24.2,21.8,20.1,86.8,5.7,645255,12517,1,1,cubic
0.903,15884,11,12960,24.1,23.4,20.1,86.8,4.5,658868,12519,1,1,cubic
0.910,16142,11,14400,24.7,28.7,20.1,86.8,4.5,653866,12522,1,1,cubic
0.917,16269,11,15840,25.1,27.9,20.1,86.8,4.2,648503,12524,1,1,cubic
0.922,16521,11,14400,25.7,30.0,20.1,86.8,4.4,642790,12525,1,1,cubic
0.929,16769,11,14400,26.5,32.1,20.1,86.8,4.9,632696,12527,1,1,cubic
0.936,17136,11,12960,27.2,32.4,20.1,86.8,5.1,629144,12529,1,1,cubic
0.945,17375,12,14400,28.6,38.2,20.1,86.8,6.6,607283,12532,1,1,cubic
0.953,17611,12,15840,29.9,39.3,20.1,86.8,7.6,588190,12535,1,1,cubic
0.960,17844,12,15840,30.5,34.1,20.1,86.8,6.8,585702,12537,1,1,cubic
0.967,18189,12,14400,31.4,37.6,20.1,86.8,6.8,580117,12539,1,1,cubic
0.975,18527,12,14400,32.3,39.2,20.1,86.8,7.1,572899,12542,1,1,cubic
0.982,16211,11,15840,33.0,37.3,20.1,86.8,6.6,491808,12545,1,1,cubic
0.992,16255,11,14400,33.3,35.9,20.1,86.8,5.7,487771,12546,1,1,cubic
0.999,16285,11,14400,33.6,35.8,20.1,86.8,4.9,484211,12548,1,1,cubic
1.006,16314,11,14400,33.9,35.9,20.1,86.8,4.2,480997,12550,1,1,cubic
1.013,16343,11,14400,35.0,42.7,20.1,86.8,5.4,466702,12552,1,1,cubic
0.006,12512,8,0,36.7,35.9,20.1,86.8,2.4,341112,12553,1,1,cubic
0.005,12512,8,0,35.5,27.2,20.1,86.8,4.2,352510,12554,1,1,cubic
0.005,12512,8,0,34.5,27.5,20.1,86.8,5.1,362698,12555,1,1,cubic
0.006,12512,8,0,33.7,27.8,20.1,86.8,5.5,371706,12556,1,1,cubic
0.005,12512,8,0,33.0,28.6,20.1,86.8,5.4,378841,12558,1,1,cubic
0.006,12512,8,0,32.2,26.5,20.1,86.8,5.7,388438,12559,1,1,cubic
0.032,12842,8,8640,31.5,26.5,20.1,86.8,5.7,407773,12568,1,1,cubic
0.041,12869,8,10080,31.1,28.7,20.1,86.8,5.0,413209,12571,1,1,cubic
0.048,12891,8,10080,30.8,28.2,20.1,86.8,4.5,418947,12573,1,1,cubic
0.055,12912,8,10080,30.4,27.5,20.1,86.8,4.2,425226,12575,1,1,cubic
0.062,12934,8,10080,30.0,27.3,20.1,86.8,3.9,431320,12577,1,1,cubic
0.069,12955,8,10080,29.4,25.6,20.1,86.8,4.0,440002,12579,1,1,cubic
0.075,12975,9,10080,29.0,25.6,20.1,86.8,3.9,447923,12581,1,1,cubic
0.083,12996,9,11520,28.6,25.7,20.1,86.8,3.8,455057,12584,1,1,cubic
0.089,13016,9,11520,28.0,23.8,20.1,86.8,4.0,465488,12586,1,1,cubic
0.096,13036,9,11520,27.4,23.7,20.1,86.8,4.1,475367,12588,1,1,cubic
0.103,13056,9,11520,27.0,23.8,20.1,86.8,4.0,484003,12590,1,1,cubic
0.110,13094,9,11520,26.9,26.4,20.1,86.8,3.1,486693,12592,1,1,cubic
0.116,13407,9,11520,26.9,27.1,20.1,86.8,2.4,497901,12594,1,1,cubic
0.123,13713,9,11520,27.0,27.6,20.1,86.8,2.0,507682,12596,1,1,cubic
0.130,14012,9,11520,27.2,28.5,20.1,86.8,1.8,515317,12598,1,1,cubic
0.137,14305,9,11520,27.5,29.4,20.1,86.8,1.9,520711,12600,1,1,cubic
0.144,14592,10,11520,27.8,30.3,20.1,86.8,2.2,524307,12602,1,1,cubic
0.151,14873,10,12960,28.2,30.7,20.1,86.8,2.3,527561,12605,1,1,cubic
0.157,15286,10,11520,28.1,27.3,20.1,86.8,2.0,544315,12607,1,1,cubic
0.166,15555,10,12960,28.0,27.1,20.1,86.8,1.7,556250,12610,1,1,cubic
0.173,15818,10,12960,27.9,27.2,20.1,86.8,1.5,567584,12612,1,1,cubic
0.180,16077,11,12960,28.5,32.8,20.1,86.8,2.3,564501,12614,1,1,cubic
0.187,16333,11,14400,29.2,34.1,20.1,86.8,3.2,559732,12617,1,1,cubic
0.193,16584,11,14400,29.8,34.2,20.1,86.8,3.6,556435,12619,1,1,cubic
0.200,16831,11,14400,30.1,32.4,20.1,86.8,3.4,558575,12621,1,1,cubic
0.207,17075,11,14400,30.2,30.6,20.1,86.8,2.6,565509,12623,1,1,cubic
0.214,14940,10,14400,30.7,34.1,20.1,86.8,3.0,486962,12625,1,1,cubic
0.222,14976,10,14400,31.5,37.5,20.1,86.8,3.9,474855,12626,1,1,cubic
0.228,14997,10,12960,32.5,39.2,20.1,86.8,4.9,461488,12627,1,1,cubic
0.234,15024,10,12960,33.3,39.2,20.1,86.8,5.3,450765,12629,1,1,cubic
0.241,15052,10,12960,34.1,39.3,20.1,86.8,5.5,441679,12631,1,1,cubic
0.248,15079,10,12960,34.7,39.3,20.1,86.8,5.4,434152,12633,1,1,cubic
0.255,15106,10,12960,35.3,39.4,20.1,86.8,5.2,427786,12635,1,1,cubic
0.262,15133,10,12960,35.0,32.4,20.1,86.8,4.6,432965,12637,1,1,cubic
0.269,15159,10,12960,34.6,32.5,20.1,86.8,4.1,437602,12639,1,1,cubic
0.276,15186,10,12960,34.4,32.4,20.1,86.8,3.6,441915,12641,1,1,cubic
0.282,15211,10,12960,34.1,32.4,20.1,86.8,3.2,445769,12643,1,1,cubic
0.296,11668,8,10080,33.5,30.6,20.1,86.8,2.9,348028,12645,1,1,cubic
0.303,11692,8,10080,33.2,30.6,20.1,86.8,2.9,352540,12647,1,1,cubic
0.310,11716,8,10080,32.9,30.7,20.1,86.8,2.8,356618,12649,1,1,cubic
0.317,11739,8,8640,33.0,34.1,20.1,86.8,2.4,355630,12651,1,1,cubic
0.328,11767,8,10080,32.3,27.3,20.1,86.8,3.2,364359,12654,1,1,cubic
0.332,11790,8,8640,31.5,26.0,20.1,86.8,4.0,374143,12655,1,1,cubic
0.340,11813,8,8640,30.7,24.9,20.1,86.8,4.7,385026,12657,1,1,cubic
0.347,11835,8,8640,29.7,23.1,20.1,86.8,5.4,397975,12659,1,1,cubic
0.355,12085,8,8640,28.8,22.4,20.1,86.8,5.9,419297,12661,1,1,cubic
0.361,12424,8,8640,28.1,23.1,20.1,86.8,5.8,442119,12663,1,1,cubic
0.370,12919,8,8640,27.2,20.8,20.1,86.8,6.2,475137,12666,1,1,cubic
0.377,13237,9,8640,26.3,20.2,20.1,86.8,6.4,503116,12668,1,1,cubic
0.385,13546,9,10080,25.5,20.2,20.1,86.8,6.3,530342,12671,1,1,cubic
0.390,13849,9,10080,25.1,22.0,20.1,86.8,5.6,551709,12673,1,1,cubic
0.398,14293,9,10080,24.6,21.4,20.1,86.8,5.2,580120,12676,1,1,cubic
0.406,14580,10,11520,24.1,20.2,20.1,86.8,5.0,605356,12679,1,1,cubic
0.413,14862,10,12960,24.0,23.1,20.1,86.8,4.0,620309,12682,1,1,cubic
0.421,15275,10,11520,24.1,25.5,20.1,86.8,3.4,632583,12684,1,1,cubic
0.428,15544,10,12960,24.3,25.6,20.1,86.8,2.9,638882,12687,1,1,cubic
0.436,15808,10,12960,25.1,30.7,20.1,86.8,3.8,629124,12689,1,1,cubic
0.443,16067,11,12960,25.9,31.5,20.1,86.8,4.4,619725,12691,1,1,cubic
0.448,16450,11,12960,25.9,25.6,20.1,86.8,3.4,635576,12694,1,1,cubic
0.457,16824,11,12960,26.3,29.0,20.1,86.8,3.3,640255,12697,1,1,cubic
0.464,17312,12,11520,25.5,20.4,20.1,86.8,4.0,677891,12700,1,1,cubic
0.470,17548,12,15840,25.3,23.3,20.1,86.8,3.5,694695,12705,1,1,cubic
0.477,17899,12,14400,25.5,26.8,20.1,86.8,3.0,703272,12707,1,1,cubic
0.484,18128,12,15840,25.2,23.7,20.1,86.8,2.7,718424,12710,1,1,cubic
0.491,18354,12,15840,25.5,27.3,20.1,86.8,2.6,719990,12712,1,1,cubic
0.498,18466,12,17280,25.9,29.0,20.1,86.8,2.8,712230,12714,1,1,cubic
0.503,18688,12,15840,26.9,33.6,20.1,86.8,4.0,695057,12715,1,1,cubic
0.510,19017,13,14400,28.2,37.7,20.1,86.8,5.7,673501,12717,1,1,cubic
0.518,19233,13,17280,29.6,39.2,20.1,86.8,7.0,649609,12721,1,1,cubic
0.525,19659,13,14400,30.2,34.0,20.1,86.8,6.4,651823,12723,1,1,cubic
0.532,19868,13,17280,30.6,34.1,20.1,86.8,5.8,648243,12727,1,1,cubic
0.539,20074,13,17280,31.3,35.7,20.1,86.8,5.6,641628,12729,1,1,cubic
0.546,20483,14,14400,31.6,34.2,20.1,86.8,4.9,647253,12731,1,1,cubic
0.552,20683,14,18720,31.9,34.0,20.1,86.8,4.3,647456,12736,1,1,cubic
0.570,18130,12,15840,33.2,39.8,20.1,86.8,4.7,546660,12738,1,1,cubic
0.576,18161,12,15840,34.1,41.0,20.1,86.8,5.5,531832,12740,1,1,cubic
0.583,18193,12,15840,35.0,40.8,20.1,86.8,5.8,520156,12742,1,1,cubic
0.590,18224,12,14400,36.2,44.4,20.1,86.8,6.7,504107,12744,1,1,cubic
0.599,18262,12,15840,37.6,47.8,20.1,86.8,7.9,485588,12747,1,1,cubic
0.606,18293,12,15840,39.2,50.2,20.1,86.8,9.1,466944,12749,1,1,cubic
0.614,18331,12,15840,39.4,40.8,20.1,86.8,7.2,465513,12751,1,1,cubic
0.628,14061,9,12960,39.7,40.9,20.1,86.8,4.7,353851,12753,1,1,cubic
0.635,14088,9,11520,39.9,41.0,20.1,86.8,3.8,353118,12754,1,1,cubic
0.641,14114,9,11520,39.8,39.3,20.1,86.8,3.0,354391,12756,1,1,cubic
0.648,14141,9,10080,40.2,42.7,20.1,86.8,3.0,351923,12758,1,1,cubic
0.657,14167,9,11520,40.1,39.2,20.1,86.8,2.5,353600,12761,1,1,cubic
0.666,14199,9,12960,38.9,30.6,20.1,86.8,4.2,365191,12763,1,1,cubic
0.676,10893,7,8640,37.0,30.7,20.1,86.8,5.7,365191,12764,1,1,cubic
0.682,10915,7,7200,35.9,28.8,20.1,86.8,6.3,365191,12766,1,1,cubic
0.691,10943,7,7200,34.6,25.2,20.1,86.8,7.4,365191,12769,1,1,cubic
0.701,10976,7,8640,33.0,22.1,20.1,86.8,8.7,365191,12772,1,1,cubic
0.708,10998,7,7200,32.1,25.6,20.1,86.8,8.4,365191,12774,1,1,cubic
0.719,11066,7,8640,31.1,23.9,20.1,86.8,8.3,365191,12777,1,1,cubic
0.725,11437,7,8640,29.8,20.4,20.1,86.8,8.9,365191,12779,1,1,cubic
0.732,11795,8,8640,28.6,20.5,20.1,86.8,9.0,412427,12781,1,1,cubic
0.739,12143,8,10080,28.4,27.3,20.1,86.8,7.1,426969,12784,1,1,cubic
0.746,12481,8,10080,27.9,23.9,20.1,86.8,6.4,447764,12786,1,1,cubic
0.753,12974,9,8640,26.9,20.4,20.1,86.8,6.7,481481,12788,1,1,cubic
0.764,13290,9,11520,26.8,25.7,20.1,86.8,5.3,496191,12792,1,1,cubic
0.770,13598,9,11520,26.7,25.9,20.1,86.8,4.2,509689,12794,1,1,cubic
0.777,13900,9,11520,26.6,25.8,20.1,86.8,3.4,523067,12796,1,1,cubic
0.784,14195,9,11520,26.6,26.9,20.1,86.8,2.6,533365,12798,1,1,cubic
0.791,14484,10,11520,26.7,27.5,20.1,86.8,2.2,541923,12800,1,1,cubic
0.797,14767,10,12960,27.0,28.7,20.1,86.8,2.1,547554,12803,1,1,cubic
0.804,15045,10,12960,27.4,30.2,20.1,86.8,2.4,549568,12805,1,1,cubic
0.811,15317,10,12960,27.9,31.3,20.1,86.8,2.8,549587,12807,1,1,cubic
0.818,15719,10,11520,27.8,27.2,20.1,86.8,2.3,565818,12809,1,1,cubic
0.826,15980,11,12960,28.4,32.8,20.1,86.8,3.0,562517,12812,1,1,cubic
0.833,16236,11,14400,29.1,34.1,20.1,86.8,3.6,557516,12815,1,1,cubic
0.847,14233,9,11520,30.3,34.1,20.1,86.8,4.1,469782,12817,1,1,cubic
0.854,14260,9,11520,30.8,34.2,20.1,86.8,4.0,463212,12819,1,1,cubic
0.861,14287,9,11520,31.0,32.4,20.1,86.8,3.4,461108,12821,1,1,cubic
0.868,14313,9,11520,31.9,38.2,20.1,86.8,4.4,448922,12823,1,1,cubic
0.874,14340,9,11520,32.8,39.4,20.1,86.8,5.2,436902,12825,1,1,cubic
0.881,14366,9,11520,32.6,30.7,20.1,86.8,4.4,441243,12827,1,1,cubic
0.897,11027,7,8640,32.9,34.1,20.1,86.8,3.1,441243,12829,1,1,cubic
0.903,11049,7,8640,33.3,35.9,20.1,86.8,3.1,441243,12831,1,1,cubic
0.912,11078,7,8640,33.6,35.9,20.1,86.8,3.0,441243,12833,1,1,cubic
0.919,11099,7,5760,32.2,22.1,20.1,86.8,5.1,441243,12835,1,1,cubic
0.929,11133,7,8640,31.4,25.6,20.1,86.8,5.5,441243,12839,1,1,cubic
0.938,11160,7,8640,30.4,24.0,20.1,86.8,5.9,441243,12841,1,1,cubic
0.945,11489,7,7200,29.8,25.7,20.1,86.8,5.7,441243,12843,1,1,cubic
0.955,11846,8,8640,28.9,22.2,20.1,86.8,6.2,410180,12846,1,1,cubic
0.962,12192,8,10080,27.8,20.3,20.1,86.8,6.8,438403,12849,1,1,cubic
0.968,12528,8,10080,27.1,22.2,20.1,86.8,6.5,462185,12851,1,1,cubic
0.975,12856,8,10080,27.3,29.0,20.1,86.8,5.3,470226,12853,1,1,cubic
0.982,13175,9,10080,26.9,23.8,20.1,86.8,4.9,489776,12855,1,1,cubic
0.989,13486,9,11520,26.9,27.3,20.1,86.8,3.8,500426,12858,1,1,cubic
0.996,13790,9,11520,26.8,25.6,20.1,86.8,3.1,514821,12860,1,1,cubic
1.003,14087,9,11520,26.4,23.8,20.1,86.8,3.1,533255,12862,1,1,cubic
1.010,14379,9,11520,26.1,23.9,20.1,86.8,3.0,550982,12864,1,1,cubic
1.017,14664,10,11520,26.1,26.4,20.1,86.8,2.3,561065,12866,1,1,cubic
1.023,14943,10,12960,26.3,27.6,20.1,86.8,2.1,567700,12869,1,1,cubic
1.030,15218,10,12960,26.7,29.3,20.1,86.8,2.3,569983,12871,1,1,cubic
1.037,15487,10,12960,27.2,30.7,20.1,86.8,2.7,569375,12873,1,1,cubic
1.044,15752,10,12960,27.6,30.6,20.1,86.8,2.9,570208,12875,1,1,cubic
0.006,13782,9,55,29.1,30.8,20.1,86.8,2.4,473185,12877,1,1,cubic
0.032,13913,9,10080,28.8,26.3,20.1,86.8,2.5,483577,12887,1,1,cubic
0.041,13945,9,11520,29.0,31.0,20.1,86.8,2.4,480100,12890,1,1,cubic
0.048,13970,9,11520,29.4,31.5,20.1,86.8,2.4,475882,12892,1,1,cubic
0.055,13995,9,11520,29.7,32.1,20.1,86.8,2.5,471148,12894,1,1,cubic
0.061,14020,9,11520,29.4,27.3,20.1,86.8,2.5,476870,12896,1,1,cubic
0.068,14044,9,11520,29.7,31.9,20.1,86.8,2.5,472750,12898,1,1,cubic
0.077,14075,9,11520,30.1,32.5,20.1,86.8,2.6,468354,12900,1,1,cubic
0.084,10775,7,10080,29.9,28.9,20.1,86.8,2.2,468354,12902,1,1,cubic
0.092,10803,7,8640,29.8,29.0,20.1,86.8,1.9,468354,12903,1,1,cubic
0.099,10826,7,8640,29.7,29.0,20.1,86.8,1.6,468354,12905,1,1,cubic
0.106,10848,7,8640,29.4,27.2,20.1,86.8,1.8,468354,12907,1,1,cubic
0.113,10870,7,8640,29.1,27.4,20.1,86.8,1.9,468354,12909,1,1,cubic
0.121,10897,7,8640,28.7,25.6,20.1,86.8,2.3,468354,12911,1,1,cubic
0.128,10919,7,8640,28.3,25.8,20.1,86.8,2.4,468354,12913,1,1,cubic
0.135,11018,7,8640,28.0,25.6,20.1,86.8,2.5,468354,12915,1,1,cubic
0.142,11390,7,8640,27.7,25.6,20.1,86.8,2.5,468354,12917,1,1,cubic
0.149,11750,8,8640,27.2,23.9,20.1,86.8,2.8,431604,12919,1,1,cubic
0.155,12099,8,10080,26.8,23.8,20.1,86.8,2.9,451505,12922,1,1,cubic
0.162,12438,8,10080,26.4,23.9,20.1,86.8,2.9,470619,12924,1,1,cubic
0.169,12768,8,10080,26.1,23.9,20.1,86.8,2.9,489064,12926,1,1,cubic
0.176,13089,9,10080,25.8,23.9,20.1,86.8,2.7,506795,12928,1,1,cubic
0.183,13402,9,11520,25.6,24.0,20.1,86.8,2.5,523597,12931,1,1,cubic
0.190,13861,9,10080,25.5,25.2,20.1,86.8,2.0,542589,12933,1,1,cubic
0.198,14157,9,11520,25.6,26.1,20.1,86.8,1.6,552748,12936,1,1,cubic
0.205,14447,10,11520,25.6,25.5,20.1,86.8,1.2,564490,12938,1,1,cubic
0.212,14731,10,12960,25.6,25.4,20.1,86.8,1.0,576104,12941,1,1,cubic
0.219,15009,10,12960,25.6,25.6,20.1,86.8,0.7,586862,12943,1,1,cubic
0.226,15282,10,12960,26.1,29.9,20.1,86.8,1.6,585136,12945,1,1,cubic
0.233,15551,10,12960,26.7,30.7,20.1,86.8,2.4,582543,12947,1,1,cubic
0.239,15814,10,12960,27.2,30.7,20.1,86.8,2.8,581375,12949,1,1,cubic
0.246,16074,11,12960,27.6,30.7,20.1,86.8,3.0,581485,12951,1,1,cubic
0.253,16329,11,14400,28.0,30.7,20.1,86.8,3.0,582783,12954,1,1,cubic
0.260,16580,11,14400,28.4,30.7,20.1,86.8,2.9,584832,12956,1,1,cubic
0.267,16827,11,14400,28.6,30.6,20.1,86.8,2.8,587637,12958,1,1,cubic
0.274,17071,11,14400,28.9,30.7,20.1,86.8,2.6,590937,12960,1,1,cubic
0.281,14937,10,14400,29.1,30.7,20.1,86.8,2.4,513140,12962,1,1,cubic
0.287,14965,10,12960,30.1,36.9,20.1,86.8,3.7,497374,12963,1,1,cubic
0.294,14993,10,11520,30.6,34.1,20.1,86.8,3.8,490175,12965,1,1,cubic
0.303,15027,10,12960,31.2,35.9,20.1,86.8,4.2,480925,12968,1,1,cubic
0.310,15054,10,12960,31.8,35.7,20.1,86.8,4.3,473277,12970,1,1,cubic
0.323,11548,8,10080,32.8,35.8,20.1,86.8,4.0,352524,12972,1,1,cubic
0.330,11572,8,10080,33.1,35.9,20.1,86.8,3.8,349122,12974,1,1,cubic
0.337,11595,8,10080,33.1,32.4,20.1,86.8,3.0,350789,12976,1,1,cubic
0.344,11618,8,10080,33.0,32.5,20.1,86.8,2.4,352220,12978,1,1,cubic
0.352,11641,8,10080,32.0,25.5,20.1,86.8,3.7,363213,12980,1,1,cubic
0.360,11663,8,8640,31.3,25.8,20.1,86.8,4.3,372929,12982,1,1,cubic
0.368,11697,8,7200,30.3,23.8,20.1,86.8,5.1,385479,12984,1,1,cubic
0.375,11866,8,7200,29.3,21.6,20.1,86.8,6.0,405647,12986,1,1,cubic
0.381,12212,8,7200,28.2,21.2,20.1,86.8,6.5,432420,12988,1,1,cubic
0.391,12380,8,10080,27.2,20.2,20.1,86.8,6.9,454645,12991,1,1,cubic
0.398,12711,8,10080,26.4,20.2,20.1,86.8,6.9,482390,12993,1,1,cubic
0.400,12872,8,10080,25.6,20.1,20.1,86.8,6.8,503323,12994,1,1,cubic
0.407,13191,9,10080,25.5,25.0,20.1,86.8,5.2,517212,12996,1,1,cubic
0.414,13346,9,12960,25.2,23.3,20.1,86.8,4.5,528994,12999,1,1,cubic
0.419,13654,9,11520,25.0,23.7,20.1,86.8,3.7,545309,13000,1,1,cubic
0.425,14104,9,10080,25.0,24.9,20.1,86.8,2.8,563551,13002,1,1,cubic
0.434,14395,9,11520,25.1,25.6,20.1,86.8,2.2,573620,13005,1,1,cubic
0.443,14680,10,11520,25.3,27.1,20.1,86.8,2.2,579138,13007,1,1,cubic
0.450,14959,10,12960,25.6,27.2,20.1,86.8,2.1,584747,13010,1,1,cubic
0.456,15370,10,11520,26.2,30.7,20.1,86.8,2.9,586171,13012,1,1,cubic
0.466,15504,10,14400,27.2,33.7,20.1,86.8,4.0,570965,13015,1,1,cubic
0.472,15768,10,12960,28.5,37.6,20.1,86.8,5.6,554138,13016,1,1,cubic
0.480,16158,11,11520,29.2,34.6,20.1,86.8,5.8,552844,13018,1,1,cubic
0.489,14138,9,12960,29.4,30.8,20.1,86.8,4.7,480590,13022,1,1,cubic
0.497,14171,9,10080,29.6,30.7,20.1,86.8,3.9,479041,13023,1,1,cubic
0.504,14198,9,11520,29.5,29.0,20.1,86.8,3.0,481190,13026,1,1,cubic
0.511,14225,9,10080,29.4,28.5,20.1,86.8,2.5,484271,13028,1,1,cubic
0.519,14258,9,11520,29.3,28.9,20.1,86.8,2.0,486438,13031,1,1,cubic
0.526,14284,9,12960,28.6,23.9,20.1,86.8,2.9,498934,13033,1,1,cubic
0.532,14303,9,11520,28.6,28.5,20.1,86.8,2.2,499860,13034,1,1,cubic
0.538,14329,9,11520,28.7,29.6,20.1,86.8,1.9,498642,13036,1,1,cubic
0.545,14354,9,10080,29.0,30.9,20.1,86.8,2.0,494863,13038,1,1,cubic
0.554,14386,9,11520,29.4,32.3,20.1,86.8,2.3,489120,13041,1,1,cubic
0.561,14411,10,10080,29.4,29.0,20.1,86.8,1.8,490854,13043,1,1,cubic
0.576,11061,7,10080,29.3,28.9,20.1,86.8,1.2,490854,13047,1,1,cubic
0.583,11084,7,7200,29.2,29.0,20.1,86.8,1.0,490854,13048,1,1,cubic
0.593,11118,7,8640,29.6,32.5,20.1,86.8,1.5,490854,13051,1,1,cubic
0.600,11140,7,8640,30.3,34.7,20.1,86.8,2.4,490854,13053,1,1,cubic
0.607,11162,7,8640,29.5,23.9,20.1,86.8,3.4,490854,13055,1,1,cubic
0.614,11184,7,8640,29.4,29.1,20.1,86.8,2.6,490854,13057,1,1,cubic
0.621,11206,7,8640,29.0,25.7,20.1,86.8,2.9,490854,13059,1,1,cubic
0.627,11488,7,8640,28.6,25.8,20.1,86.8,3.0,490854,13061,1,1,cubic
0.636,11845,8,8640,28.2,25.7,20.1,86.8,3.0,420139,13063,1,1,cubic
0.643,12365,8,8640,27.4,22.0,20.1,86.8,3.8,450898,13066,1,1,cubic
0.652,12696,8,10080,27.0,23.8,20.1,86.8,3.7,470658,13069,1,1,cubic
0.658,13019,9,10080,26.1,20.2,20.1,86.8,4.5,498315,13071,1,1,cubic
0.664,13492,9,8640,25.4,20.2,20.1,86.8,4.8,531578,13073,1,1,cubic
0.675,13796,9,11520,25.0,22.3,20.1,86.8,4.4,551840,13077,1,1,cubic
0.682,14093,9,11520,24.7,22.7,20.1,86.8,3.9,570197,13079,1,1,cubic
0.689,14384,9,11520,24.6,23.8,20.1,86.8,3.1,584691,13081,1,1,cubic
0.696,14669,10,11520,24.7,25.2,20.1,86.8,2.5,594584,13083,1,1,cubic
0.702,14949,10,12960,24.9,26.6,20.1,86.8,2.3,600216,13086,1,1,cubic
0.709,15223,10,12960,25.4,28.6,20.1,86.8,2.7,600134,13088,1,1,cubic
0.716,15492,10,12960,26.0,30.4,20.1,86.8,3.3,596006,13090,1,1,cubic
0.723,15757,10,12960,26.6,30.6,20.1,86.8,3.6,593171,13092,1,1,cubic
0.730,16017,11,12960,27.1,30.6,20.1,86.8,3.7,591753,13094,1,1,cubic
0.737,16401,11,12960,27.9,34.1,20.1,86.8,4.5,586881,13097,1,1,cubic
0.745,16651,11,14400,28.5,32.5,20.1,86.8,4.5,584040,13100,1,1,cubic
0.752,16898,11,14400,29.0,32.4,20.1,86.8,4.4,582790,13102,1,1,cubic
0.759,14785,10,14400,29.4,32.4,20.1,86.8,4.1,502463,13104,1,1,cubic
0.766,14813,10,12960,29.8,32.4,20.1,86.8,3.8,497214,13105,1,1,cubic
0.773,14841,10,12960,30.1,32.4,20.1,86.8,3.5,492712,13107,1,1,cubic
0.779,14868,10,12960,31.1,38.1,20.1,86.8,4.6,477855,13109,1,1,cubic
0.786,14895,10,11520,31.5,34.1,20.1,86.8,4.2,472962,13111,1,1,cubic
0.800,11421,7,10080,31.7,30.6,20.1,86.8,3.2,472962,13114,1,1,cubic
0.808,11450,7,8640,32.2,35.8,20.1,86.8,3.4,472962,13115,1,1,cubic
0.815,11473,7,10080,32.0,30.6,20.1,86.8,3.0,472962,13117,1,1,cubic
0.821,11491,7,8640,31.8,30.8,20.1,86.8,2.5,472962,13118,1,1,cubic
0.827,11513,7,8640,32.4,36.4,20.1,86.8,3.0,472962,13120,1,1,cubic
0.834,8812,6,8640,31.1,22.2,20.1,86.8,4.8,472962,13122,1,1,cubic
0.841,8832,6,7200,30.0,22.3,20.1,86.8,5.8,472962,13123,1,1,cubic
0.848,8852,6,7200,29.2,23.8,20.1,86.8,5.9,472962,13125,1,1,cubic
0.855,8871,6,7200,28.6,23.8,20.1,86.8,5.8,472962,13127,1,1,cubic
0.862,8890,6,7200,27.5,20.4,20.1,86.8,6.4,472962,13129,1,1,cubic
0.868,9184,6,7200,26.7,20.5,20.1,86.8,6.5,472962,13131,1,1,cubic
0.875,9630,6,7200,25.9,20.2,20.1,86.8,6.5,472962,13133,1,1,cubic
0.882,10056,6,7200,25.2,20.3,20.1,86.8,6.3,472962,13135,1,1,cubic
0.889,10464,7,7200,24.6,20.3,20.1,86.8,5.9,472962,13137,1,1,cubic
0.896,10856,7,8640,24.0,20.2,20.1,86.8,5.5,472962,13140,1,1,cubic
0.902,11045,7,10080,23.8,22.0,20.1,86.8,4.7,472962,13142,1,1,cubic
0.910,11602,8,7200,23.5,21.6,20.1,86.8,4.0,494059,13143,1,1,cubic
0.919,11955,8,10080,24.3,30.2,20.1,86.8,4.7,491611,13147,1,1,cubic
0.926,12298,8,10080,24.8,28.5,20.1,86.8,4.6,495088,13149,1,1,cubic
0.933,12632,8,10080,24.3,20.4,20.1,86.8,4.5,520070,13151,1,1,cubic
0.940,13281,9,7200,23.8,20.2,20.1,86.8,4.4,558424,13153,1,1,cubic
0.951,13590,9,11520,23.5,21.7,20.1,86.8,3.8,577732,13158,1,1,cubic
0.958,14042,9,10080,23.6,24.1,20.1,86.8,3.0,595277,13160,1,1,cubic
0.968,14334,9,11520,24.0,26.9,20.1,86.8,3.1,597274,13163,1,1,cubic
0.977,14620,10,11520,24.7,29.4,20.1,86.8,3.6,592646,13165,1,1,cubic
0.984,14901,10,12960,25.2,29.0,20.1,86.8,3.8,591004,13168,1,1,cubic
0.991,15176,10,12960,25.7,29.1,20.1,86.8,3.8,590620,13170,1,1,cubic
0.997,15446,10,12960,26.8,34.5,20.1,86.8,5.1,576386,13172,1,1,cubic
1.004,15845,11,11520,26.8,27.2,20.1,86.8,3.9,590240,13174,1,1,cubic
1.013,16104,11,14400,27.6,32.9,20.1,86.8,4.4,583414,13178,1,1,cubic
1.028,14125,9,11520,29.1,34.0,20.1,86.8,5.1,484928,13180,1,1,cubic
1.035,14151,9,11520,29.8,34.1,20.1,86.8,5.1,475583,13182,1,1,cubic
1.042,14178,9,11520,30.3,34.1,20.1,86.8,4.9,467951,13184,1,1,cubic
1.049,14204,9,11520,31.2,37.6,20.1,86.8,5.5,455023,13186,1,1,cubic
1.056,14230,9,11520,32.2,39.2,20.1,86.8,6.1,441678,13188,1,1,cubic
1.069,10916,7,8695,31.9,30.7,20.1,86.8,4.1,441678,13191,1,1,cubic
1.076,10939,7,8695,31.7,30.7,20.1,86.8,3.3,441678,13193,1,1,cubic
1.083,10961,7,8695,31.6,30.7,20.1,86.8,2.8,441678,13195,1,1,cubic
0.262,10984,7,7200,30.2,20.5,20.1,86.8,4.9,441678,13197,1,1,cubic
0.006,10984,7,0,27.2,22.2,20.1,86.8,6.4,441678,13199,1,1,cubic
0.032,11024,7,7200,27.7,31.4,20.1,86.8,5.9,441678,13207,1,1,cubic
0.040,11051,7,8640,29.3,40.0,20.1,86.8,7.5,441678,13210,1,1,cubic
0.050,11259,7,8640,31.5,46.8,20.1,86.8,10.0,441678,13212,1,1,cubic
0.057,11806,8,7200,30.7,25.6,20.1,86.8,8.9,384097,13214,1,1,cubic
0.064,12153,8,8640,29.4,20.4,20.1,86.8,9.3,412763,13217,1,1,cubic
0.071,12490,8,8640,28.3,20.3,20.1,86.8,9.3,441436,13219,1,1,cubic
0.077,12819,8,8640,27.3,20.1,20.1,86.8,9.0,469990,13221,1,1,cubic
0.086,13139,9,10080,26.4,20.2,20.1,86.8,8.5,497934,13224,1,1,cubic
0.092,13451,9,10080,25.6,20.1,20.1,86.8,8.0,525347,13226,1,1,cubic
0.098,13756,9,10080,24.9,20.2,20.1,86.8,7.3,551895,13228,1,1,cubic
0.107,14054,9,11520,24.8,24.2,20.1,86.8,5.7,565803,13231,1,1,cubic
0.113,14346,9,11520,24.9,25.2,20.1,86.8,4.3,576561,13233,1,1,cubic
0.122,14631,10,11520,25.1,26.5,20.1,86.8,3.6,583396,13235,1,1,cubic
0.129,15052,10,11520,25.5,28.7,20.1,86.8,3.6,589442,13238,1,1,cubic
0.137,15461,10,11520,26.0,29.6,20.1,86.8,3.7,593694,13241,1,1,cubic
0.144,15726,10,12960,26.6,30.7,20.1,86.8,4.0,590714,13244,1,1,cubic
0.151,16117,11,11520,26.8,27.7,20.1,86.8,3.3,602234,13246,1,1,cubic
0.158,16371,11,14400,27.0,29.0,20.1,86.8,3.0,605436,13250,1,1,cubic
0.165,16622,11,14400,26.6,23.7,20.1,86.8,3.1,624394,13252,1,1,cubic
0.172,16869,11,14400,27.4,32.9,20.1,86.8,3.9,615656,13254,1,1,cubic
0.178,17112,11,14400,28.2,34.2,20.1,86.8,4.6,605755,13256,1,1,cubic
0.185,17351,12,14400,29.0,34.1,20.1,86.8,4.9,598681,13258,1,1,cubic
0.192,17588,12,15840,29.9,36.3,20.1,86.8,5.5,588365,13261,1,1,cubic
0.199,17821,12,15840,30.9,38.3,20.1,86.8,6.2,576004,13263,1,1,cubic
0.206,18051,12,15840,31.8,37.5,20.1,86.8,6.3,568392,13265,1,1,cubic
0.213,18392,12,14400,31.8,32.3,20.1,86.8,4.9,577892,13267,1,1,cubic
0.221,16092,11,15840,32.1,34.1,20.1,86.8,4.2,501152,13270,1,1,cubic
0.228,16122,11,15840,32.8,37.5,20.1,86.8,4.5,491854,13271,1,1,cubic
0.233,16144,11,14400,33.4,37.5,20.1,86.8,4.6,483773,13272,1,1,cubic
0.240,16174,11,14400,33.9,37.5,20.1,86.8,4.5,477292,13274,1,1,cubic
0.247,16203,11,14400,34.3,37.5,20.1,86.8,4.3,471785,13276,1,1,cubic
0.254,16231,11,12960,35.2,41.0,20.1,86.8,4.9,461383,13278,1,1,cubic
0.262,16266,11,14400,35.7,39.3,20.1,86.8,4.7,455783,13281,1,1,cubic
0.274,12478,8,11520,34.9,32.4,20.1,86.8,4.0,357412,13283,1,1,cubic
0.281,12502,8,10080,34.6,32.4,20.1,86.8,3.6,361339,13284,1,1,cubic
0.365,12787,8,2880,61.9,85.5,20.1,110.0,34.5,206648,13286,1,1,cubic
0.391,12866,8,4320,57.3,25.1,20.1,110.0,35.1,224635,13291,1,1,cubic
0.403,12897,8,4320,52.7,21.1,20.1,110.0,35.4,244502,13293,1,1,cubic
0.615,13448,9,1440,107.1,210.0,20.1,225.4,95.7,125555,13295,1,1,cubic
0.645,13503,9,2880,97.0,26.6,20.1,225.4,91.9,139141,13299,1,1,cubic
0.654,13524,9,2880,87.9,23.6,20.1,225.4,87.3,153910,13300,1,1,cubic
0.663,13541,9,2880,79.5,21.0,20.1,225.4,82.2,170294,13301,1,1,cubic
0.006,13691,9,0,55.1,20.8,20.1,225.4,57.8,248376,13303,1,1,cubic
0.007,13691,9,0,52.0,30.5,20.1,225.4,49.5,263055,13305,1,1,cubic
0.036,14140,9,7200,48.7,25.4,20.1,225.4,43.8,290271,13313,1,1,cubic
0.041,14430,10,5760,45.7,24.6,20.1,225.4,38.9,315741,13314,1,1,cubic
0.049,14714,10,5760,42.6,20.6,20.1,225.4,35.4,345691,13316,1,1,cubic
0.057,14993,10,5760,39.8,20.5,20.1,225.4,32.1,376661,13318,1,1,cubic
0.069,15267,10,7200,37.5,21.6,20.1,225.4,28.6,406772,13321,1,1,cubic
0.075,15535,10,7200,35.4,20.2,20.1,225.4,25.8,439325,13323,1,1,cubic
0.085,15799,10,8640,33.6,21.2,20.1,225.4,22.9,470390,13326,1,1,cubic
0.091,16059,11,8640,32.1,21.8,20.1,225.4,20.1,499984,13328,1,1,cubic
0.099,16314,11,10080,30.7,20.5,20.1,225.4,18.0,532059,13331,1,1,cubic
0.107,16566,11,11520,29.4,21.0,20.1,225.4,15.9,562512,13334,1,1,cubic
0.115,16813,11,12960,28.4,21.3,20.1,225.4,14.0,591299,13337,1,1,cubic
0.122,17057,11,14400,27.7,22.5,20.1,225.4,12.0,616020,13340,1,1,cubic
0.127,17297,12,14400,27.2,23.9,20.1,225.4,9.9,635662,13342,1,1,cubic
0.133,17535,12,15840,27.0,25.5,20.1,225.4,7.9,649636,13345,1,1,cubic
0.140,17768,12,15840,27.0,27.1,20.1,225.4,5.9,657879,13347,1,1,cubic
0.147,17999,12,15840,27.2,28.5,20.1,225.4,4.8,661727,13349,1,1,cubic
0.154,18227,12,15840,27.7,30.9,20.1,225.4,4.6,658894,13351,1,1,cubic
0.161,18452,12,15840,28.3,33.1,20.1,225.4,4.8,651024,13353,1,1,cubic
0.168,18674,12,15840,29.2,35.4,20.1,225.4,5.4,638907,13355,1,1,cubic
0.175,18894,13,15840,30.3,37.5,20.1,225.4,6.1,624409,13357,1,1,cubic
0.181,19111,13,17280,31.2,37.6,20.1,225.4,6.4,613062,13360,1,1,cubic
0.188,19326,13,17280,32.0,37.6,20.1,225.4,6.4,604352,13362,1,1,cubic
0.195,19538,13,17280,32.7,37.6,20.1,225.4,6.2,597803,13364,1,1,cubic
0.307,20766,14,2880,83.3,113.8,20.1,225.4,46.7,249423,13366,1,1,cubic
0.332,21161,14,7200,76.0,25.0,20.1,225.4,49.6,278544,13373,1,1,cubic
0.342,21354,14,7200,70.2,29.6,20.1,225.4,48.8,304326,13375,1,1,cubic
0.346,21546,14,5760,64.1,21.4,20.1,225.4,48.8,336283,13376,1,1,cubic
0.354,21737,15,5760,58.6,20.4,20.1,225.4,47.5,370849,13378,1,1,cubic
0.366,21925,15,7200,53.9,20.5,20.1,225.4,45.2,407149,13381,1,1,cubic
0.373,22112,15,7200,49.6,20.2,20.1,225.4,42.3,445375,13383,1,1,cubic
0.382,22205,15,10080,46.0,20.3,20.1,225.4,39.1,483000,13386,1,1,cubic
0.388,22390,15,10080,42.7,20.1,20.1,225.4,35.8,523840,13388,1,1,cubic
0.396,22665,15,10080,39.9,20.2,20.1,225.4,32.4,567660,13391,1,1,cubic
0.403,22846,15,11520,37.7,22.2,20.1,225.4,28.8,605866,13394,1,1,cubic
0.412,23025,15,14400,35.8,22.7,20.1,225.4,25.3,642617,13398,1,1,cubic
0.558,23988,16,1440,98.4,140.0,20.1,225.4,62.9,243693,13400,1,1,cubic
0.586,24245,16,8640,89.1,23.7,20.1,225.4,65.8,272146,13408,1,1,cubic
0.590,24414,16,7200,81.8,30.5,20.1,225.4,64.0,298576,13409,1,1,cubic
0.600,24582,17,7200,74.8,26.1,20.1,225.4,61.9,328570,13411,1,1,cubic
0.604,24748,17,5760,68.1,21.3,20.1,225.4,59.8,363241,13412,1,1,cubic
0.615,24831,17,8640,62.3,21.4,20.1,225.4,56.5,398648,13415,1,1,cubic
0.618,24997,17,7200,57.2,21.8,20.1,225.4,52.5,436773,13416,1,1,cubic
0.628,25161,17,8640,52.9,22.3,20.1,225.4,48.1,475984,13419,1,1,cubic
0.637,25324,17,10080,48.9,20.9,20.1,225.4,44.1,518286,13422,1,1,cubic
0.642,25486,17,10080,45.4,21.1,20.1,225.4,40.0,561427,13424,1,1,cubic
0.650,25646,17,11520,42.4,21.5,20.1,225.4,36.0,604787,13427,1,1,cubic
0.005,25646,17,0,34.5,25.8,20.1,225.4,21.2,742781,13428,1,1,cubic
0.007,25646,17,0,34.0,29.9,20.1,225.4,17.1,755405,13430,1,1,cubic
0.034,25886,17,21600,33.9,33.5,20.1,225.4,12.9,763666,13448,1,1,cubic
0.044,26045,18,23040,33.8,33.1,20.1,225.4,9.9,770516,13451,1,1,cubic
0.051,26202,18,24480,34.6,40.0,20.1,225.4,8.9,757896,13454,1,1,cubic
0.058,26359,18,24480,35.9,45.4,20.1,225.4,9.4,733620,13456,1,1,cubic
0.065,26514,18,24480,37.4,48.0,20.1,225.4,10.1,708097,13458,1,1,cubic
0.071,26669,18,24480,39.2,51.3,20.1,225.4,11.0,680678,13460,1,1,cubic
0.078,26823,18,24480,41.1,54.6,20.1,225.4,12.1,652595,13462,1,1,cubic
0.085,26976,18,24480,43.1,57.2,20.1,225.4,13.1,625646,13464,1,1,cubic
0.092,27128,18,24480,44.6,54.7,20.1,225.4,12.7,608715,13466,1,1,cubic
0.099,27279,18,24480,46.7,61.5,20.1,225.4,13.8,584295,13468,1,1,cubic
0.106,27429,19,24480,48.1,58.1,20.1,225.4,13.2,570083,13470,1,1,cubic
0.112,27653,19,24480,49.8,61.6,20.1,225.4,13.3,555281,13473,1,1,cubic
0.121,27802,19,25920,51.3,61.5,20.1,225.4,12.9,542340,13476,1,1,cubic
0.128,27949,19,25920,52.5,61.5,20.1,225.4,12.2,531966,13478,1,1,cubic
0.135,28096,19,25920,53.7,61.6,20.1,225.4,11.4,523544,13480,1,1,cubic
0.148,24623,17,23095,55.5,61.4,20.1,225.4,9.6,443745,13483,1,1,cubic
0.155,24662,17,23095,56.2,61.5,20.1,225.4,8.7,438505,13485,1,1,cubic
0.162,24700,17,23095,56.9,61.5,20.1,225.4,7.8,434094,13487,1,1,cubic
0.169,24739,17,23095,57.3,59.8,20.1,225.4,6.6,432069,13489,1,1,cubic
0.176,24777,17,23095,57.6,59.8,20.1,225.4,5.6,430357,13491,1,1,cubic
0.183,24815,17,23095,58.7,66.6,20.1,225.4,6.4,422728,13493,1,1,cubic
0.190,24853,17,23095,59.5,64.9,20.1,225.4,6.4,417830,13495,1,1,cubic
0.196,24890,17,23095,60.2,64.9,20.1,225.4,6.1,413778,13497,1,1,cubic
0.203,24927,17,23095,60.7,64.8,20.1,225.4,5.8,410456,13499,1,1,cubic
0.210,24964,17,23040,60.4,58.1,20.1,225.4,5.0,413263,13501,1,1,cubic
0.231,19179,13,17280,59.7,58.2,20.1,225.4,3.2,321380,13503,1,1,cubic
0.238,19212,13,17280,59.5,58.2,20.1,225.4,2.8,322950,13505,1,1,cubic
0.244,19244,13,17280,59.3,58.2,20.1,225.4,2.4,324338,13507,1,1,cubic
0.251,19277,13,17280,59.2,58.2,20.1,225.4,2.1,325674,13509,1,1,cubic
0.258,19308,13,17280,59.1,58.2,20.1,225.4,1.8,326883,13511,1,1,cubic
0.265,19340,13,17280,59.0,58.2,20.1,225.4,1.6,328041,13513,1,1,cubic
0.274,19371,13,17280,58.9,58.1,20.1,225.4,1.4,329158,13515,1,1,cubic
0.282,19402,13,15840,56.6,40.9,20.1,225.4,5.5,342743,13517,1,1,cubic
0.290,19441,13,15840,54.7,41.0,20.1,225.4,8.0,355703,13519,1,1,cubic
0.294,19471,13,14400,52.9,40.9,20.1,225.4,9.5,367842,13520,1,1,cubic
0.302,19502,13,14400,51.4,40.9,20.1,225.4,10.1,379165,13522,1,1,cubic
0.310,19532,13,14400,50.1,41.0,20.1,225.4,10.2,389650,13524,1,1,cubic
0.317,19562,13,14400,48.7,39.0,20.1,225.4,10.4,401420,13526,1,1,cubic
0.325,14977,10,14400,47.4,37.7,20.1,225.4,10.6,316270,13528,1,1,cubic
0.329,15005,10,12960,46.0,36.1,20.1,225.4,10.7,326536,13529,1,1,cubic
0.338,15033,10,12960,44.4,33.4,20.1,225.4,11.2,338748,13531,1,1,cubic
0.342,15061,10,11520,42.9,32.3,20.1,225.4,11.4,351342,13532,1,1,cubic
0.350,15088,10,11520,41.5,32.3,20.1,225.4,11.2,363207,13534,1,1,cubic
0.358,15115,10,11520,40.3,32.0,20.1,225.4,10.8,374662,13536,1,1,cubic
0.366,15142,10,11520,39.0,29.6,20.1,225.4,10.8,388316,13538,1,1,cubic
0.374,11592,8,11520,37.6,27.6,20.1,225.4,11.0,308601,13540,1,1,cubic
0.378,11616,8,10080,36.2,26.5,20.1,225.4,11.0,321087,13541,1,1,cubic
0.387,11640,8,10080,34.8,25.4,20.1,225.4,10.9,334156,13543,1,1,cubic
0.391,11663,8,8640,33.5,24.4,20.1,225.4,10.8,347879,13544,1,1,cubic
0.399,11686,8,8640,32.4,24.2,20.1,225.4,10.4,361136,13546,1,1,cubic
0.408,11709,8,8640,31.0,21.6,20.1,225.4,10.5,377514,13548,1,1,cubic
0.411,11732,8,7200,29.8,21.5,20.1,225.4,10.3,393334,13549,1,1,cubic
0.418,11754,8,7200,28.6,20.2,20.1,225.4,10.1,410562,13551,1,1,cubic
0.429,11782,8,8640,27.6,20.7,20.1,225.4,9.5,426266,13554,1,1,cubic
0.435,11884,8,8640,26.9,21.4,20.1,225.4,8.7,442425,13556,1,1,cubic
0.441,12056,8,10080,26.0,20.1,20.1,225.4,8.2,463371,13558,1,1,cubic
0.447,12567,8,8640,25.4,21.5,20.1,225.4,7.3,493849,13560,1,1,cubic
0.456,12893,8,10080,25.0,21.5,20.1,225.4,6.5,516567,13563,1,1,cubic
0.462,13211,9,10080,24.4,20.2,20.1,225.4,6.0,542301,13565,1,1,cubic
0.467,13521,9,10080,23.8,20.1,20.1,225.4,5.6,567346,13567,1,1,cubic
0.477,13825,9,11520,23.9,24.3,20.1,225.4,4.3,578548,13570,1,1,cubic
0.485,14121,9,11520,24.1,25.7,20.1,225.4,3.7,585399,13572,1,1,cubic
0.492,14702,10,8640,24.3,25.4,20.1,225.4,3.1,605643,13574,1,1,cubic
0.504,14981,10,12960,24.9,29.0,20.1,225.4,3.5,602541,13579,1,1,cubic
0.511,15392,10,11520,24.9,25.5,20.1,225.4,2.8,617012,13581,1,1,cubic
0.521,15791,10,11520,25.4,29.0,20.1,225.4,3.1,620569,13584,1,1,cubic
0.531,16181,11,11520,26.2,31.7,20.1,225.4,3.9,616889,13587,1,1,cubic
0.542,16561,11,12960,26.8,30.8,20.1,225.4,4.0,618063,13591,1,1,cubic
0.550,17056,11,11520,27.1,28.9,20.1,225.4,3.6,630279,13594,1,1,cubic
0.557,17297,12,14400,26.4,22.0,20.1,225.4,3.9,654495,13598,1,1,cubic
0.564,17652,12,14400,26.8,29.6,20.1,225.4,3.7,658067,13601,1,1,cubic
0.571,18117,12,12960,26.0,20.3,20.1,225.4,4.4,696513,13604,1,1,cubic
0.577,18343,12,15840,25.7,23.6,20.1,225.4,3.9,713319,13608,1,1,cubic
0.584,18567,12,15840,25.7,25.5,20.1,225.4,3.0,722732,13610,1,1,cubic
0.591,18788,13,15840,26.3,30.2,20.1,225.4,3.4,715706,13612,1,1,cubic
0.598,19006,13,17280,27.2,34.1,20.1,225.4,4.5,698031,13615,1,1,cubic
0.605,19222,13,17280,28.1,34.1,20.1,225.4,5.1,684349,13617,1,1,cubic
0.612,19435,13,17280,29.3,38.0,20.1,225.4,6.3,662609,13619,1,1,cubic
0.619,19857,13,14400,29.9,34.1,20.1,225.4,5.9,663581,13621,1,1,cubic
0.625,20064,13,17280,30.4,34.1,20.1,225.4,5.5,659067,13625,1,1,cubic
0.634,20370,14,15840,31.1,35.8,20.1,225.4,5.4,654710,13627,1,1,cubic
0.641,17823,12,15840,30.8,28.9,20.1,225.4,4.6,577993,13631,1,1,cubic
0.649,17863,12,15840,30.6,28.9,20.1,225.4,4.0,583872,13633,1,1,cubic
0.658,17902,12,15840,31.7,39.2,20.1,225.4,5.1,565213,13635,1,1,cubic
0.665,17934,12,15840,32.4,37.6,20.1,225.4,5.3,553364,13637,1,1,cubic
0.672,17964,12,12960,33.0,37.4,20.1,225.4,5.2,543819,13639,1,1,cubic
0.678,17994,12,15840,33.2,34.1,20.1,225.4,4.2,542609,13643,1,1,cubic
0.694,13809,9,8640,32.7,28.8,20.1,225.4,3.6,422229,13645,1,1,cubic
0.702,13835,9,11520,31.8,25.3,20.1,225.4,4.6,435281,13649,1,1,cubic
0.709,13862,9,10080,31.2,27.2,20.1,225.4,4.6,444095,13651,1,1,cubic
0.719,13894,9,11520,30.1,22.1,20.1,225.4,5.7,461932,13654,1,1,cubic
0.725,13920,9,11520,29.7,26.9,20.1,225.4,5.1,468955,13656,1,1,cubic
0.731,13945,9,11520,29.4,27.1,20.1,225.4,4.4,475014,13658,1,1,cubic
0.737,13970,9,11520,29.1,27.0,20.1,225.4,3.9,480795,13660,1,1,cubic
0.743,13995,9,11520,28.6,25.7,20.1,225.4,3.8,488669,13662,1,1,cubic
0.750,14020,9,11520,28.3,26.2,20.1,225.4,3.4,494759,13664,1,1,cubic
0.757,14087,9,8640,27.6,22.8,20.1,225.4,4.0,509567,13666,1,1,cubic
0.766,14233,9,12960,26.9,21.5,20.1,225.4,4.5,529521,13670,1,1,cubic
0.769,14665,10,10080,26.4,23.0,20.1,225.4,4.4,555681,13671,1,1,cubic
0.779,14945,10,12960,26.3,25.7,20.1,225.4,3.4,568056,13675,1,1,cubic
0.788,15219,10,12960,26.4,26.9,20.1,225.4,2.7,576761,13677,1,1,cubic
0.801,11675,8,10080,26.8,29.0,20.1,225.4,2.4,434887,13679,1,1,cubic
0.808,11699,8,10080,27.4,31.4,20.1,225.4,2.9,426830,13681,1,1,cubic
0.814,11717,8,10080,28.1,32.6,20.1,225.4,3.5,417584,13683,1,1,cubic
0.820,11740,8,10080,28.4,30.8,20.1,225.4,3.3,413453,13685,1,1,cubic
0.827,11763,8,10080,27.6,22.2,20.1,225.4,4.0,425917,13687,1,1,cubic
0.834,11786,8,10080,27.4,25.7,20.1,225.4,3.5,430491,13689,1,1,cubic
0.841,11809,8,10080,26.9,23.9,20.1,225.4,3.5,438360,13691,1,1,cubic
0.848,11831,8,8640,26.7,25.2,20.1,225.4,3.1,442760,13693,1,1,cubic
0.856,12435,8,7200,26.0,20.6,20.1,225.4,3.8,479024,13696,1,1,cubic
0.870,12765,8,10080,25.7,24.0,20.1,225.4,3.4,496538,13700,1,1,cubic
0.876,13086,9,10080,25.5,24.0,20.1,225.4,2.9,513196,13702,1,1,cubic
0.883,13399,9,11520,25.2,23.5,20.1,225.4,2.7,530800,13705,1,1,cubic
0.890,13859,9,10080,25.3,26.0,20.1,225.4,2.2,547008,13707,1,1,cubic
0.899,14154,9,11520,25.8,28.9,20.1,225.4,2.6,548902,13710,1,1,cubic
0.907,14734,10,8640,25.5,23.9,20.1,225.4,2.4,576808,13712,1,1,cubic
0.916,15012,10,12960,24.9,20.4,20.1,225.4,3.1,603012,13717,1,1,cubic
0.923,15285,10,12960,25.1,26.9,20.1,225.4,2.8,607971,13719,1,1,cubic
0.929,15688,10,11520,24.8,22.1,20.1,225.4,2.9,633628,13721,1,1,cubic
0.940,15949,11,12960,25.1,27.9,20.1,225.4,2.9,634205,13724,1,1,cubic
0.947,16206,11,14400,25.7,29.7,20.1,225.4,3.3,630191,13727,1,1,cubic
0.953,16459,11,14400,26.5,31.7,20.1,225.4,4.0,621939,13729,1,1,cubic
0.960,16709,11,14400,27.4,33.9,20.1,225.4,4.8,610062,13731,1,1,cubic
0.967,16954,11,14400,28.2,34.2,20.1,225.4,5.3,600332,13733,1,1,cubic
0.974,17196,11,14400,28.5,30.7,20.1,225.4,4.6,602353,13735,1,1,cubic
0.006,3072,2,0,33.5,37.6,20.1,225.4,5.7,449617,13738,2,2,cubic
0.006,34585,24,0,33.0,30.1,20.1,225.4,5.1,1046508,13740,2,2,cubic
0.032,38857,26,31680,32.7,30.6,20.1,225.4,4.4,1186871,13765,2,2,cubic
0.082,20860,14,18720,44.6,63.4,20.1,225.4,15.2,467545,13770,2,2,cubic
0.089,21057,14,18720,47.5,67.4,20.1,225.4,17.1,443622,13772,2,2,cubic
0.096,21252,14,18720,50.5,71.5,20.1,225.4,18.8,421031,13774,2,2,cubic
0.103,21445,14,18720,53.6,75.6,20.1,225.4,20.4,399958,13776,2,2,cubic
0.110,21636,15,18720,56.9,79.8,20.1,225.4,21.8,380346,13778,2,2,cubic
0.116,21825,15,20160,59.8,80.4,20.1,225.4,22.3,364844,13781,2,2,cubic
0.123,22013,15,20160,63.2,87.2,20.1,225.4,23.5,348086,13783,2,2,cubic
0.130,22200,15,20160,60.9,44.4,20.1,225.4,22.4,364651,13785,2,2,cubic
0.137,22384,15,20160,58.8,44.4,20.1,225.4,20.9,380557,13787,2,2,cubic
0.145,19585,13,18720,57.4,47.8,20.1,225.4,18.4,340964,13789,2,2,cubic
0.152,19628,13,17280,56.2,47.8,20.1,225.4,16.2,349010,13790,2,2,cubic
0.159,19661,13,17280,55.2,47.7,20.1,225.4,14.3,356338,13792,2,2,cubic
0.166,19694,13,17280,54.3,47.9,20.1,225.4,12.5,362916,13794,2,2,cubic
0.173,19727,13,17280,53.5,47.9,20.1,225.4,11.0,368935,13796,2,2,cubic
0.181,19760,13,17280,52.8,47.9,20.1,225.4,9.6,374405,13798,2,2,cubic
0.189,19792,13,17280,52.2,47.8,20.1,225.4,8.5,379455,13800,2,2,cubic
0.196,19824,13,17280,51.5,46.7,20.1,225.4,7.7,385096,13802,2,2,cubic
0.203,19856,13,17280,50.5,43.4,20.1,225.4,7.8,393476,13804,2,2,cubic
0.207,19888,13,15840,49.5,42.4,20.1,225.4,7.9,402167,13805,2,2,cubic
0.221,15255,10,12960,47.4,40.0,20.1,225.4,8.1,321944,13807,2,2,cubic
0.227,15283,10,12960,46.4,39.1,20.1,225.4,8.1,329716,13809,2,2,cubic
0.234,15311,10,12960,45.3,38.2,20.1,225.4,8.1,337767,13811,2,2,cubic
0.241,15339,10,12960,44.4,38.1,20.1,225.4,7.9,345270,13813,2,2,cubic
0.249,15366,10,12960,43.6,37.5,20.1,225.4,7.6,352714,13815,2,2,cubic
0.257,15394,10,12960,42.0,30.8,20.1,225.4,8.9,366829,13817,2,2,cubic
0.265,15421,10,12960,40.6,30.8,20.1,225.4,9.5,380061,13819,2,2,cubic
0.270,11806,8,11520,39.4,30.9,20.1,225.4,9.5,299949,13820,2,2,cubic
0.275,11830,8,10080,38.3,30.8,20.1,225.4,9.3,308982,13821,2,2,cubic
0.283,11854,8,10080,37.2,29.7,20.1,225.4,9.1,318578,13823,2,2,cubic
0.292,11878,8,10080,36.1,28.6,20.1,225.4,9.0,328757,13825,2,2,cubic
0.297,11901,8,8640,35.1,27.6,20.1,225.4,8.9,339388,13826,2,2,cubic
0.305,11924,8,8640,33.7,23.9,20.1,225.4,9.5,354185,13828,2,2,cubic
0.313,11947,8,7200,32.2,21.6,20.1,225.4,10.1,371486,13830,2,2,cubic
0.320,11975,8,8640,30.7,20.6,20.1,225.4,10.5,389836,13832,2,2,cubic
0.324,11992,8,7200,29.4,20.4,20.1,225.4,10.4,407447,13833,2,2,cubic
0.334,12016,8,7200,28.5,21.6,20.1,225.4,9.8,422280,13835,2,2,cubic
0.341,12317,8,8640,27.5,21.1,20.1,225.4,9.2,447256,13838,2,2,cubic
0.347,12650,8,8640,26.7,20.8,20.1,225.4,8.6,473942,13840,2,2,cubic
0.357,12812,8,11520,26.0,20.9,20.1,225.4,7.9,493319,13843,2,2,cubic
0.361,13292,9,8640,25.6,22.7,20.1,225.4,6.7,519888,13844,2,2,cubic
0.371,13601,9,11520,25.2,22.9,20.1,225.4,5.7,539016,13848,2,2,cubic
0.378,13902,9,11520,25.1,23.8,20.1,225.4,4.6,554859,13850,2,2,cubic
0.384,14197,9,11520,25.0,24.3,20.1,225.4,3.6,568698,13852,2,2,cubic
0.391,14486,10,11520,25.1,26.2,20.1,225.4,3.0,576855,13854,2,2,cubic
0.398,14769,10,12960,25.4,27.5,20.1,225.4,2.9,581365,13857,2,2,cubic
0.405,15047,10,12960,25.8,28.7,20.1,225.4,3.0,582923,13859,2,2,cubic
0.412,15320,10,12960,26.4,30.6,20.1,225.4,3.4,580017,13861,2,2,cubic
0.419,15587,10,12960,27.0,30.8,20.1,225.4,3.7,578152,13863,2,2,cubic
0.426,15850,11,12960,27.4,30.8,20.1,225.4,3.7,577644,13865,2,2,cubic
0.432,16109,11,14400,27.9,30.8,20.1,225.4,3.6,578274,13868,2,2,cubic
0.438,16491,11,12960,28.2,30.7,20.1,225.4,3.4,584538,13870,2,2,cubic
0.443,16615,11,15840,27.9,25.5,20.1,225.4,3.2,596011,13873,2,2,cubic
0.448,16985,11,12960,28.0,29.0,20.1,225.4,2.7,606217,13874,2,2,cubic
0.455,17106,11,15840,27.5,23.9,20.1,225.4,3.1,622104,13877,2,2,cubic
0.460,17586,12,11520,27.5,27.3,20.1,225.4,2.4,640119,13878,2,2,cubic
0.470,17819,12,15840,27.9,30.8,20.1,225.4,2.6,638879,13883,2,2,cubic
0.479,18049,12,15840,28.5,32.6,20.1,225.4,3.1,633787,13885,2,2,cubic
0.485,18276,12,15840,29.2,34.2,20.1,225.4,3.8,625976,13887,2,2,cubic
0.492,18501,12,15840,29.8,34.2,20.1,225.4,4.1,620297,13889,2,2,cubic
0.499,18833,13,14400,31.0,39.4,20.1,225.4,5.5,607163,13891,2,2,cubic
0.508,19051,13,17280,32.4,41.9,20.1,225.4,6.8,588466,13895,2,2,cubic
0.513,19266,13,17280,33.2,39.2,20.1,225.4,6.8,579794,13897,2,2,cubic
0.520,19585,13,15840,33.4,34.2,20.1,225.4,5.4,587256,13899,2,2,cubic
0.528,19795,13,17280,33.5,34.2,20.1,225.4,4.2,591743,13902,2,2,cubic
0.535,17320,12,17280,33.3,32.5,20.1,225.4,3.4,519667,13904,2,2,cubic
0.542,17351,12,17280,33.9,37.6,20.1,225.4,3.6,512418,13905,2,2,cubic
0.547,17374,12,15840,34.9,42.2,20.1,225.4,4.8,497779,13906,2,2,cubic
0.554,17405,12,15840,35.9,42.8,20.1,225.4,5.6,485021,13908,2,2,cubic
0.561,17435,12,15840,37.0,44.5,20.1,225.4,6.3,471738,13910,2,2,cubic
0.568,17466,12,15840,37.9,44.4,20.1,225.4,6.6,460941,13912,2,2,cubic
0.573,17488,12,15840,38.5,42.8,20.1,225.4,6.2,454245,13914,2,2,cubic
0.580,17518,12,17280,39.5,46.1,20.1,225.4,6.5,444010,13916,2,2,cubic
0.585,17540,12,15840,39.4,39.3,20.1,225.4,4.9,444805,13917,2,2,cubic
0.592,17569,12,15840,39.6,41.1,20.1,225.4,4.1,443213,13919,2,2,cubic
0.605,13477,9,12960,40.0,41.0,20.1,225.4,2.9,337186,13921,2,2,cubic
0.612,13503,9,11520,40.1,41.0,20.1,225.4,2.4,336741,13922,2,2,cubic
0.619,13529,9,11520,40.4,42.7,20.1,225.4,2.5,334677,13924,2,2,cubic
0.626,13554,9,11520,40.1,37.6,20.1,225.4,2.6,338224,13926,2,2,cubic
0.633,13580,9,10080,40.2,41.1,20.1,225.4,2.2,337844,13928,2,2,cubic
0.641,13605,9,10080,38.4,25.6,20.1,225.4,5.3,354546,13930,2,2,cubic
0.646,10415,7,8640,37.0,27.0,20.1,225.4,6.8,354546,13932,2,2,cubic
0.653,10437,7,8640,35.0,21.8,20.1,225.4,8.9,354546,13934,2,2,cubic
0.660,10459,7,8640,33.4,21.5,20.1,225.4,10.1,354546,13936,2,2,cubic
0.666,10478,7,8640,31.7,20.2,20.1,225.4,10.8,354546,13938,2,2,cubic
0.672,10496,7,8640,30.5,22.0,20.1,225.4,10.6,354546,13940,2,2,cubic
0.681,10525,7,10080,29.5,22.9,20.1,225.4,9.8,354546,13942,2,2,cubic
0.686,10542,7,8640,28.7,22.9,20.1,225.4,9.0,354546,13943,2,2,cubic
0.693,10678,7,8640,28.1,23.8,20.1,225.4,8.0,354546,13945,2,2,cubic
0.700,11062,7,8640,27.7,24.8,20.1,225.4,6.8,354546,13947,2,2,cubic
0.707,11618,8,7200,26.8,20.4,20.1,225.4,6.9,433977,13949,2,2,cubic
0.717,11971,8,10080,26.0,20.5,20.1,225.4,6.8,460653,13953,2,2,cubic
0.723,12485,8,8640,25.5,21.9,20.1,225.4,6.1,490088,13955,2,2,cubic
0.734,12978,9,8640,25.0,22.0,20.1,225.4,5.5,518394,13958,2,2,cubic
0.743,13294,9,11520,24.9,24.0,20.1,225.4,4.3,533788,13962,2,2,cubic
0.751,13602,9,11520,24.8,24.3,20.1,225.4,3.4,547827,13964,2,2,cubic
0.758,13904,9,11520,24.9,25.7,20.1,225.4,2.8,557565,13966,2,2,cubic
0.765,14199,9,11520,25.2,27.1,20.1,225.4,2.6,563295,13968,2,2,cubic
0.771,14632,10,10080,25.6,28.8,20.1,225.4,2.9,570448,13970,2,2,cubic
0.780,14912,10,12960,25.9,27.4,20.1,225.4,2.6,576487,13974,2,2,cubic
0.787,15462,10,10080,25.4,22.1,20.1,225.4,2.9,608955,13976,2,2,cubic
0.794,15595,10,14400,25.2,23.8,20.1,225.4,2.6,618996,13980,2,2,cubic
0.799,15858,11,12960,25.0,23.8,20.1,225.4,2.3,633736,13981,2,2,cubic
0.806,16117,11,14400,25.5,28.8,20.1,225.4,2.6,632287,13984,2,2,cubic
0.813,16371,11,14400,26.3,32.3,20.1,225.4,3.7,621644,13986,2,2,cubic
0.819,16496,11,15840,26.5,27.3,20.1,225.4,3.0,623502,13988,2,2,cubic
0.824,16745,11,14400,27.3,33.1,20.1,225.4,3.9,613684,13989,2,2,cubic
0.831,17112,11,12960,27.9,32.5,20.1,225.4,4.2,612608,13991,2,2,cubic
0.840,17352,12,14400,29.3,38.8,20.1,225.4,5.9,592440,13994,2,2,cubic
0.847,17706,12,14400,29.9,34.2,20.1,225.4,5.6,592173,13997,2,2,cubic
0.854,17822,12,17280,30.6,35.9,20.1,225.4,5.7,581582,14000,2,2,cubic
0.866,15616,10,13015,31.1,32.4,20.1,225.4,3.9,502736,14002,2,2,cubic
0.872,15644,10,13015,32.1,39.2,20.1,225.4,5.0,487747,14004,2,2,cubic
0.879,15673,10,13015,32.8,37.6,20.1,225.4,5.1,478404,14006,2,2,cubic
0.886,15702,10,13015,33.4,37.6,20.1,225.4,5.0,470584,14008,2,2,cubic
0.893,15730,10,13015,34.7,44.0,20.1,225.4,6.5,453301,14010,2,2,cubic
0.905,12061,8,11520,35.4,36.1,20.1,225.4,4.7,340802,14012,2,2,cubic
0.912,12085,8,10080,35.5,36.1,20.1,225.4,3.7,340652,14013,2,2,cubic
0.919,12109,8,10080,35.5,36.0,20.1,225.4,2.9,340705,14015,2,2,cubic
0.926,12133,8,10080,35.6,36.0,20.1,225.4,2.3,340833,14017,2,2,cubic
0.933,12151,8,10080,35.6,36.0,20.1,225.4,1.8,340879,14019,2,2,cubic
0.941,12174,8,10080,34.2,23.9,20.1,225.4,4.3,356246,14021,2,2,cubic
0.944,9319,6,7200,32.9,24.4,20.1,225.4,5.7,356246,14022,2,2,cubic
0.953,9344,6,7200,31.9,24.2,20.1,225.4,6.4,356246,14024,2,2,cubic
0.963,9375,6,5760,30.7,22.3,20.1,225.4,7.2,356246,14026,2,2,cubic
0.972,9400,6,7200,30.0,25.7,20.1,225.4,6.7,356246,14029,2,2,cubic
0.979,9420,6,7200,29.3,24.0,20.1,225.4,6.5,356246,14031,2,2,cubic
0.989,9853,6,7200,28.4,22.2,20.1,225.4,6.7,356246,14033,2,2,cubic
0.994,10478,7,5760,27.6,22.2,20.1,225.4,6.5,356246,14035,2,2,cubic
1.004,10869,7,8640,27.2,24.0,20.1,225.4,5.8,356246,14039,2,2,cubic
1.015,11435,7,7200,26.3,20.5,20.1,225.4,6.0,356246,14041,2,2,cubic
1.023,11794,8,8640,26.5,27.4,20.1,225.4,4.8,445746,14044,2,2,cubic
1.030,12141,8,10080,26.1,23.9,20.1,225.4,4.2,464442,14047,2,2,cubic
1.037,12479,8,10080,25.4,20.5,20.1,225.4,4.6,490603,14049,2,2,cubic
1.044,12808,8,10080,25.7,27.3,20.1,225.4,3.9,498870,14051,2,2,cubic
1.051,13128,9,10080,25.7,25.6,20.1,225.4,2.9,511434,14053,2,2,cubic
1.057,13440,9,11520,25.7,25.6,20.1,225.4,2.2,523731,14056,2,2,cubic
1.064,13745,9,11520,25.7,25.7,20.1,225.4,1.7,535491,14058,2,2,cubic
1.071,14044,9,11520,25.5,24.0,20.1,225.4,1.7,551567,14060,2,2,cubic
1.078,14336,9,11520,25.3,23.9,20.1,225.4,1.6,567357,14062,2,2,cubic
1.085,14622,10,11520,25.7,28.7,20.1,225.4,2.1,569148,14064,2,2,cubic
0.006,14622,10,0,27.7,27.3,20.1,225.4,2.6,528289,14067,2,2,cubic
0.007,14622,10,0,28.1,30.8,20.1,225.4,2.8,521023,14069,2,2,cubic
0.034,15043,10,11520,27.7,25.2,20.1,225.4,2.8,542990,14080,2,2,cubic
0.042,15315,10,12960,28.1,30.8,20.1,225.4,2.8,545328,14083,2,2,cubic
0.049,15583,10,12960,28.6,32.1,20.1,225.4,3.1,545222,14085,2,2,cubic
0.056,15846,11,12960,29.2,33.4,20.1,225.4,3.6,542950,14087,2,2,cubic
0.063,16105,11,14400,29.9,34.7,20.1,225.4,4.0,539061,14090,2,2,cubic
0.070,16360,11,14400,30.2,32.5,20.1,225.4,3.7,541721,14092,2,2,cubic
0.076,16610,11,14400,30.3,30.7,20.1,225.4,2.9,548836,14094,2,2,cubic
0.083,16857,11,14400,30.3,30.8,20.1,225.4,2.3,555877,14096,2,2,cubic
0.090,17100,11,14400,30.4,30.7,20.1,225.4,1.8,562925,14098,2,2,cubic
0.097,17340,12,14400,31.1,36.3,20.1,225.4,2.8,557359,14100,2,2,cubic
0.104,17577,12,15840,31.9,37.7,20.1,225.4,3.8,550519,14103,2,2,cubic
0.111,17810,12,15840,32.6,37.6,20.1,225.4,4.2,545616,14105,2,2,cubic
0.118,18040,12,15840,33.3,37.6,20.1,225.4,4.4,542328,14107,2,2,cubic
0.124,18268,12,15840,33.8,37.6,20.1,225.4,4.4,540329,14109,2,2,cubic
0.131,18492,12,15840,34.3,37.6,20.1,225.4,4.3,539376,14111,2,2,cubic
0.138,18714,12,15840,34.7,37.7,20.1,225.4,4.0,539230,14113,2,2,cubic
0.145,16374,11,15840,35.1,37.6,20.1,225.4,3.8,466881,14115,2,2,cubic
0.152,16404,11,12960,35.8,41.0,20.1,225.4,4.3,457982,14116,2,2,cubic
0.160,16441,11,14400,36.5,41.1,20.1,225.4,4.5,450759,14119,2,2,cubic
0.167,16471,11,14400,37.0,41.1,20.1,225.4,4.6,444561,14121,2,2,cubic
0.174,16500,11,14400,37.5,41.1,20.1,225.4,4.4,439414,14123,2,2,cubic
0.181,16529,11,14400,38.0,41.1,20.1,225.4,4.2,435088,14125,2,2,cubic
0.188,16557,11,14400,37.5,34.2,20.1,225.4,4.1,441308,14127,2,2,cubic
0.195,16586,11,14400,37.9,40.6,20.1,225.4,3.8,437613,14129,2,2,cubic
0.201,16614,11,14400,37.9,37.6,20.1,225.4,2.9,438757,14131,2,2,cubic
0.208,16642,11,14400,37.8,37.6,20.1,225.4,2.3,439915,14133,2,2,cubic
0.222,12766,8,11520,37.8,37.7,20.1,225.4,1.3,337715,14135,2,2,cubic
0.229,12791,8,10080,37.8,37.7,20.1,225.4,1.0,338547,14136,2,2,cubic
0.236,12816,8,10080,37.8,37.7,20.1,225.4,0.8,339361,14138,2,2,cubic
0.242,12841,8,10080,37.8,37.7,20.1,225.4,0.6,340149,14140,2,2,cubic
0.249,12865,8,10080,37.7,37.7,20.1,225.4,0.5,340821,14142,2,2,cubic
0.257,12889,8,10080,36.0,23.9,20.1,225.4,3.8,357868,14144,2,2,cubic
0.265,12913,8,10080,34.5,23.9,20.1,225.4,5.9,374257,14146,2,2,cubic
0.269,12931,8,8640,33.2,24.0,20.1,225.4,7.0,389617,14147,2,2,cubic
0.276,12955,8,8640,32.0,23.9,20.1,225.4,7.6,404414,14149,2,2,cubic
0.283,12978,9,8640,30.9,22.8,20.1,225.4,8.0,420258,14151,2,2,cubic
0.290,13020,9,8640,29.5,20.1,20.1,225.4,8.7,440773,14153,2,2,cubic
0.300,13335,9,10080,28.4,20.8,20.1,225.4,8.7,468782,14156,2,2,cubic
0.306,13643,9,10080,27.4,20.2,20.1,225.4,8.6,497738,14158,2,2,cubic
0.311,13943,9,10080,27.0,24.2,20.1,225.4,7.2,516177,14160,2,2,cubic
0.320,14237,9,11520,26.7,24.5,20.1,225.4,6.1,533340,14163,2,2,cubic
0.325,14381,9,12960,26.2,22.9,20.1,225.4,5.5,548516,14165,2,2,cubic
0.330,14667,10,11520,25.8,23.2,20.1,225.4,4.9,567674,14166,2,2,cubic
0.336,14946,10,12960,25.7,24.7,20.1,225.4,3.9,581646,14169,2,2,cubic
0.342,15221,10,12960,25.7,25.6,20.1,225.4,3.0,592648,14171,2,2,cubic
0.348,15490,10,12960,25.8,27.0,20.1,225.4,2.6,599342,14173,2,2,cubic
0.355,15755,10,12960,26.2,28.9,20.1,225.4,2.7,600739,14175,2,2,cubic
0.360,16015,11,12960,26.6,28.9,20.1,225.4,2.7,602860,14177,2,2,cubic
0.367,16271,11,14400,26.9,29.1,20.1,225.4,2.7,605297,14180,2,2,cubic
0.374,16397,11,15840,27.4,31.3,20.1,225.4,3.1,597667,14182,2,2,cubic
0.379,16647,11,14400,28.2,33.7,20.1,225.4,3.9,589858,14183,2,2,cubic
0.386,16894,11,14400,29.0,34.2,20.1,225.4,4.4,583275,14185,2,2,cubic
0.393,17136,11,14400,29.6,34.2,20.1,225.4,4.6,578625,14187,2,2,cubic
0.400,17376,12,14400,30.4,35.9,20.1,225.4,5.0,571522,14189,2,2,cubic
0.407,17612,12,15840,31.1,35.9,20.1,225.4,5.2,566429,14192,2,2,cubic
0.412,17845,12,15840,31.7,35.9,20.1,225.4,5.1,562987,14194,2,2,cubic
0.419,18074,12,15840,32.4,37.5,20.1,225.4,5.3,557409,14196,2,2,cubic
0.425,18301,12,15840,33.1,37.6,20.1,225.4,5.2,553318,14198,2,2,cubic
0.432,16013,11,15840,33.6,37.6,20.1,225.4,5.1,475925,14200,2,2,cubic
0.439,16043,11,14400,34.1,37.7,20.1,225.4,4.8,469807,14201,2,2,cubic
0.448,16079,11,14400,34.8,39.3,20.1,225.4,4.9,462093,14203,2,2,cubic
0.455,16108,11,14400,35.6,41.1,20.1,225.4,5.2,452700,14205,2,2,cubic
0.461,16137,11,14400,36.3,41.1,20.1,225.4,5.3,444949,14207,2,2,cubic
0.468,16165,11,14400,36.9,41.2,20.1,225.4,5.2,438289,14209,2,2,cubic
0.475,16193,11,14400,37.2,39.4,20.1,225.4,4.5,435365,14211,2,2,cubic
0.482,16222,11,14400,37.5,39.3,20.1,225.4,3.9,433106,14213,2,2,cubic
0.489,16249,11,14400,37.5,37.6,20.1,225.4,3.0,433607,14215,2,2,cubic
0.503,12464,8,11520,37.5,37.7,20.1,225.4,1.8,332178,14217,2,2,cubic
0.509,12489,8,10080,37.5,37.6,20.1,225.4,1.3,332800,14218,2,2,cubic
0.516,12514,8,10080,37.6,37.7,20.1,225.4,1.0,333253,14220,2,2,cubic
0.523,12538,8,10080,37.5,37.5,20.1,225.4,0.8,333981,14222,2,2,cubic
0.530,12562,8,10080,37.5,37.6,20.1,225.4,0.6,334594,14224,2,2,cubic
0.539,12586,8,10080,35.8,23.9,20.1,225.4,3.9,351220,14226,2,2,cubic
0.550,9655,6,7200,33.1,24.1,20.1,225.4,7.0,351220,14228,2,2,cubic
0.557,9676,6,7200,31.9,23.6,20.1,225.4,7.6,351220,14230,2,2,cubic
0.564,9697,6,7200,30.6,21.8,20.1,225.4,8.2,351220,14232,2,2,cubic
0.571,9717,6,7200,29.3,20.5,20.1,225.4,8.7,351220,14234,2,2,cubic
0.578,9738,6,7200,28.2,20.6,20.1,225.4,8.7,351220,14236,2,2,cubic
0.585,9758,6,8640,27.5,22.3,20.1,225.4,8.0,351220,14238,2,2,cubic
0.590,10153,7,7200,26.8,22.1,20.1,225.4,7.4,351220,14239,2,2,cubic
0.597,10557,7,8640,26.3,22.2,20.1,225.4,6.7,351220,14242,2,2,cubic
0.604,10946,7,8640,25.7,22.2,20.1,225.4,6.0,351220,14244,2,2,cubic
0.610,11133,7,10080,25.1,20.4,20.1,225.4,5.8,351220,14246,2,2,cubic
0.615,11686,8,7200,25.2,25.7,20.1,225.4,4.5,464578,14247,2,2,cubic
0.625,12037,8,10080,25.0,23.8,20.1,225.4,3.7,481826,14251,2,2,cubic
0.631,12377,8,10080,24.8,23.9,20.1,225.4,3.1,498088,14253,2,2,cubic
0.638,12709,8,10080,24.3,20.5,20.1,225.4,3.4,522853,14255,2,2,cubic
0.645,13031,9,10080,24.1,22.5,20.1,225.4,3.0,541244,14257,2,2,cubic
0.651,13346,9,11520,23.9,22.8,20.1,225.4,2.6,557989,14260,2,2,cubic
0.658,13653,9,11520,23.9,23.9,20.1,225.4,1.9,570801,14262,2,2,cubic
0.665,13954,9,11520,23.9,23.9,20.1,225.4,1.4,583312,14264,2,2,cubic
0.672,14248,9,11520,23.9,24.0,20.1,225.4,1.1,595353,14266,2,2,cubic
0.679,14535,10,11520,24.5,28.5,20.1,225.4,2.0,593241,14268,2,2,cubic
0.686,14818,10,12960,25.1,29.7,20.1,225.4,2.8,589278,14271,2,2,cubic
0.693,15094,10,12960,25.8,30.7,20.1,225.4,3.5,584020,14273,2,2,cubic
0.699,15366,10,12960,26.5,30.8,20.1,225.4,3.8,580681,14275,2,2,cubic
0.706,15633,10,12960,27.0,30.8,20.1,225.4,4.0,579000,14277,2,2,cubic
0.713,15895,11,12960,27.5,30.7,20.1,225.4,3.9,578799,14279,2,2,cubic
0.720,16153,11,14400,27.9,30.8,20.1,225.4,3.8,579396,14282,2,2,cubic
0.727,16407,11,14400,28.2,30.8,20.1,225.4,3.5,580963,14284,2,2,cubic
0.734,16657,11,14400,28.6,30.7,20.1,225.4,3.3,583412,14286,2,2,cubic
0.740,14574,10,14400,28.8,30.8,20.1,225.4,3.0,505497,14288,2,2,cubic
0.747,14602,10,12960,29.1,30.7,20.1,225.4,2.7,502304,14289,2,2,cubic
0.754,14630,10,11520,29.7,34.2,20.1,225.4,3.3,492360,14291,2,2,cubic
0.763,14664,10,12960,30.3,34.2,20.1,225.4,3.6,484392,14294,2,2,cubic
0.769,14687,10,12960,30.7,33.3,20.1,225.4,3.5,479168,14296,2,2,cubic
0.776,14717,10,11520,30.4,29.0,20.1,225.4,3.0,483348,14298,2,2,cubic
0.785,14750,10,14400,30.7,32.5,20.1,225.4,2.8,480440,14301,2,2,cubic
0.802,11333,7,8695,32.1,35.9,20.1,225.4,3.6,480440,14303,2,2,cubic
0.807,11350,7,7255,32.0,30.7,20.1,225.4,3.0,480440,14305,2,2,cubic
0.816,11379,7,7200,31.2,25.6,20.1,225.4,3.9,480440,14308,2,2,cubic
0.829,11422,7,7200,29.8,20.3,20.1,225.4,5.6,480440,14311,2,2,cubic
0.838,11451,7,7200,28.8,22.1,20.1,225.4,6.1,480440,14314,2,2,cubic
0.845,11611,8,8640,28.4,25.5,20.1,225.4,5.4,408420,14317,2,2,cubic
0.856,11964,8,10080,28.0,24.7,20.1,225.4,5.0,427789,14320,2,2,cubic
0.861,12307,8,10080,27.3,22.6,20.1,225.4,5.1,450789,14322,2,2,cubic
0.867,12473,8,11520,26.9,24.4,20.1,225.4,4.5,463129,14324,2,2,cubic
0.873,12966,9,8640,27.0,27.8,20.1,225.4,3.6,479600,14325,2,2,cubic
0.881,13283,9,11520,26.4,22.1,20.1,225.4,3.9,502705,14329,2,2,cubic
0.888,13900,9,8640,25.7,20.4,20.1,225.4,4.5,541424,14331,2,2,cubic
0.900,14490,10,8640,25.1,21.4,20.1,225.4,4.4,576303,14335,2,2,cubic
0.910,14773,10,12960,25.1,24.4,20.1,225.4,3.5,589646,14340,2,2,cubic
0.915,14912,10,14400,24.6,21.8,20.1,225.4,3.4,604998,14342,2,2,cubic
0.920,15049,10,14400,24.8,25.8,20.1,225.4,2.9,606936,14343,2,2,cubic
0.925,15322,10,12960,25.2,27.7,20.1,225.4,2.9,609151,14344,2,2,cubic
0.932,15590,10,12960,26.1,32.5,20.1,225.4,4.0,598028,14346,2,2,cubic
0.939,15984,11,11520,26.8,32.1,20.1,225.4,4.5,595928,14348,2,2,cubic
0.947,16241,11,14400,27.7,33.9,20.1,225.4,5.1,586296,14352,2,2,cubic
0.954,16620,11,12960,27.6,27.1,20.1,225.4,4.0,601716,14354,2,2,cubic
0.961,16866,11,14400,27.6,27.1,20.1,225.4,3.1,612018,14357,2,2,cubic
0.968,17109,11,14400,27.5,27.2,20.1,225.4,2.4,621919,14359,2,2,cubic
0.976,17469,12,12960,28.0,31.8,20.1,225.4,2.9,622958,14361,2,2,cubic
0.006,17469,12,0,32.4,36.9,20.1,225.4,5.7,538817,14363,2,2,cubic
0.007,17469,12,0,32.0,28.9,20.1,225.4,5.2,546333,14365,2,2,cubic
0.032,17704,12,15840,31.6,28.9,20.1,225.4,4.7,560483,14378,2,2,cubic
0.038,17935,12,15840,31.3,29.1,20.1,225.4,4.1,573516,14380,2,2,cubic
0.044,18164,12,15840,31.7,34.8,20.1,225.4,4.0,572852,14382,2,2,cubic
0.051,18390,12,15840,32.3,36.3,20.1,225.4,4.1,569596,14384,2,2,cubic
0.058,18613,12,15840,33.0,37.9,20.1,225.4,4.5,564321,14386,2,2,cubic
0.065,18833,13,15840,33.8,39.5,20.1,225.4,5.0,557321,14388,2,2,cubic
0.072,19051,13,17280,34.3,37.7,20.1,225.4,4.7,555844,14391,2,2,cubic
0.079,19266,13,17280,34.9,39.2,20.1,225.4,4.8,552113,14393,2,2,cubic
0.085,19585,13,15840,35.7,41.0,20.1,225.4,5.1,549214,14395,2,2,cubic
0.096,19795,13,17280,36.3,41.1,20.1,225.4,5.2,544746,14398,2,2,cubic
0.103,20002,13,17280,36.9,41.1,20.1,225.4,5.1,541663,14400,2,2,cubic
0.109,20207,14,17280,37.5,41.1,20.1,225.4,4.9,539543,14402,2,2,cubic
0.116,20410,14,18720,37.9,40.9,20.1,225.4,4.5,538692,14405,2,2,cubic
0.123,20611,14,18720,38.3,41.0,20.1,225.4,4.2,538497,14407,2,2,cubic
0.130,20810,14,18720,38.6,41.0,20.1,225.4,3.8,538826,14409,2,2,cubic
0.137,21007,14,18720,39.8,47.8,20.1,225.4,5.2,528172,14411,2,2,cubic
0.150,18413,12,15840,40.9,44.4,20.1,225.4,4.8,450526,14413,2,2,cubic
0.157,18445,12,15840,41.3,44.5,20.1,225.4,4.5,446415,14415,2,2,cubic
0.164,18477,12,14400,42.1,47.9,20.1,225.4,5.0,438435,14417,2,2,cubic
0.173,18517,12,15840,42.9,47.9,20.1,225.4,5.2,432034,14420,2,2,cubic
0.179,18548,12,15840,43.5,47.9,20.1,225.4,5.2,426508,14422,2,2,cubic
0.186,18579,12,15840,44.0,47.9,20.1,225.4,5.0,421895,14424,2,2,cubic
0.193,18609,12,15840,43.7,41.1,20.1,225.4,4.5,426176,14426,2,2,cubic
0.200,18640,12,15840,43.3,41.0,20.1,225.4,4.0,430226,14428,2,2,cubic
0.207,18670,12,15840,43.0,41.0,20.1,225.4,3.6,433812,14430,2,2,cubic
0.219,14321,9,12960,41.8,37.7,20.1,225.4,4.2,342919,14432,2,2,cubic
0.227,14355,9,11520,41.5,39.4,20.1,225.4,3.8,346237,14433,2,2,cubic
0.234,14382,9,11520,41.2,39.3,20.1,225.4,3.4,349179,14435,2,2,cubic
0.241,14408,10,11520,41.0,39.4,20.1,225.4,3.0,351697,14437,2,2,cubic
0.250,14435,10,12960,40.8,39.4,20.1,225.4,2.6,354024,14440,2,2,cubic
0.258,14461,10,12960,39.7,32.6,20.1,225.4,4.0,363826,14442,2,2,cubic
0.262,14487,10,11520,38.6,30.8,20.1,225.4,5.3,375067,14443,2,2,cubic
0.269,11090,7,10080,37.2,27.4,20.1,225.4,6.8,375067,14445,2,2,cubic
0.277,11119,7,10080,36.3,29.7,20.1,225.4,7.0,375067,14446,2,2,cubic
0.282,11136,7,8640,35.5,30.5,20.1,225.4,6.7,375067,14447,2,2,cubic
0.289,11159,7,8640,34.8,29.4,20.1,225.4,6.5,375067,14449,2,2,cubic
0.296,11181,7,8640,34.0,28.2,20.1,225.4,6.5,375067,14451,2,2,cubic
0.303,11203,7,8640,32.7,23.9,20.1,225.4,7.4,375067,14453,2,2,cubic
0.310,11226,7,8640,31.8,25.7,20.1,225.4,7.3,375067,14455,2,2,cubic
0.316,11247,7,8640,31.0,25.5,20.1,225.4,7.1,375067,14457,2,2,cubic
0.323,11329,7,8640,30.4,25.6,20.1,225.4,6.7,375067,14459,2,2,cubic
0.330,11691,8,8640,29.8,25.7,20.1,225.4,6.2,392684,14461,2,2,cubic
0.337,12042,8,10080,29.3,25.7,20.1,225.4,5.6,411579,14464,2,2,cubic
0.344,12382,8,10080,28.8,25.7,20.1,225.4,5.1,429706,14466,2,2,cubic
0.351,12713,8,10080,28.2,24.0,20.1,225.4,5.0,450528,14468,2,2,cubic
0.358,13036,9,10080,27.7,24.0,20.1,225.4,4.8,470732,14470,2,2,cubic
0.366,13508,9,10080,27.2,23.8,20.1,225.4,4.6,496544,14473,2,2,cubic
0.374,13812,9,11520,26.8,23.9,20.1,225.4,4.3,515565,14476,2,2,cubic
0.380,14108,9,11520,26.5,24.2,20.1,225.4,3.9,533121,14478,2,2,cubic
0.385,14544,10,10080,25.7,20.1,20.1,225.4,4.5,566553,14480,2,2,cubic
0.393,14826,10,11520,25.0,20.5,20.1,225.4,4.6,592423,14483,2,2,cubic
0.400,15241,10,11520,24.5,20.4,20.1,225.4,4.6,623302,14486,2,2,cubic
0.408,15510,10,12960,24.3,23.5,20.1,225.4,3.7,637379,14489,2,2,cubic
0.415,15775,10,12960,24.7,27.5,20.1,225.4,3.6,638044,14491,2,2,cubic
0.422,15905,11,14400,24.9,26.1,20.1,225.4,3.0,638985,14493,2,2,cubic
0.427,16292,11,12960,25.5,29.6,20.1,225.4,3.4,639554,14495,2,2,cubic
0.436,16543,11,14400,26.0,29.9,20.1,225.4,3.7,635584,14498,2,2,cubic
0.443,16915,11,12960,26.7,31.3,20.1,225.4,4.1,633947,14500,2,2,cubic
0.448,17158,11,14400,27.0,28.9,20.1,225.4,3.6,636353,14503,2,2,cubic
0.454,17516,12,12960,26.8,25.6,20.1,225.4,3.1,653899,14505,2,2,cubic
0.463,17867,12,14400,26.9,27.3,20.1,225.4,2.4,665288,14509,2,2,cubic
0.470,18097,12,15840,26.5,23.8,20.1,225.4,2.6,683627,14512,2,2,cubic
0.477,18210,12,17280,26.8,29.0,20.1,225.4,2.6,679908,14514,2,2,cubic
0.482,18435,12,15840,27.3,30.6,20.1,225.4,2.9,676191,14515,2,2,cubic
0.489,18658,12,15840,27.7,30.7,20.1,225.4,3.0,673768,14517,2,2,cubic
0.496,18878,13,15840,28.9,37.7,20.1,225.4,4.8,652337,14519,2,2,cubic
0.502,19203,13,15840,30.2,39.3,20.1,225.4,6.2,635208,14522,2,2,cubic
0.511,19417,13,17280,31.2,37.7,20.1,225.4,6.5,623058,14525,2,2,cubic
0.518,19734,13,15840,31.8,36.0,20.1,225.4,6.1,621210,14527,2,2,cubic
0.525,19942,13,17280,32.3,35.8,20.1,225.4,5.6,617877,14530,2,2,cubic
0.531,20147,13,17280,32.3,32.4,20.1,225.4,4.2,624016,14532,2,2,cubic
0.538,20351,14,17280,33.4,41.0,20.1,225.4,5.3,609767,14534,2,2,cubic
0.554,17838,12,15840,34.9,39.3,20.1,225.4,5.7,510473,14537,2,2,cubic
0.560,17869,12,15840,35.5,39.2,20.1,225.4,5.3,503635,14539,2,2,cubic
0.567,17901,12,15840,36.8,46.1,20.1,225.4,6.7,486308,14541,2,2,cubic
0.573,17924,12,15840,38.0,46.2,20.1,225.4,7.3,471882,14543,2,2,cubic
0.579,17954,12,15840,39.0,46.1,20.1,225.4,7.5,460323,14545,2,2,cubic
0.586,17985,12,14400,40.1,47.9,20.1,225.4,7.9,448347,14547,2,2,cubic
0.596,18030,12,17280,39.8,37.6,20.1,225.4,6.5,452958,14550,2,2,cubic
0.602,18053,12,15840,39.5,37.6,20.1,225.4,5.4,456644,14551,2,2,cubic
0.615,13854,9,11520,39.7,41.0,20.1,225.4,3.5,349037,14553,2,2,cubic
0.622,13881,9,11520,39.9,41.1,20.1,225.4,3.0,348173,14555,2,2,cubic
0.629,13907,9,11520,40.0,41.0,20.1,225.4,2.5,347596,14557,2,2,cubic
0.638,13940,9,11520,39.7,37.6,20.1,225.4,2.5,351036,14559,2,2,cubic
0.644,13966,9,11520,39.7,39.4,20.1,225.4,1.9,352045,14561,2,2,cubic
0.651,13991,9,11520,38.8,32.6,20.1,225.4,3.2,360741,14563,2,2,cubic
0.665,10733,7,8640,37.2,31.4,20.1,225.4,4.6,360741,14565,2,2,cubic
0.672,10756,7,8640,36.2,29.7,20.1,225.4,5.4,360741,14567,2,2,cubic
0.679,10778,7,8640,35.3,28.6,20.1,225.4,5.9,360741,14569,2,2,cubic
0.685,10800,7,8640,34.3,27.5,20.1,225.4,6.4,360741,14571,2,2,cubic
0.692,10821,7,8640,33.0,23.9,20.1,225.4,7.4,360741,14573,2,2,cubic
0.699,10843,7,8640,31.9,23.9,20.1,225.4,7.8,360741,14575,2,2,cubic
0.706,10864,7,8640,30.9,23.9,20.1,225.4,7.9,360741,14577,2,2,cubic
0.713,11168,7,8640,30.0,23.9,20.1,225.4,7.6,360741,14579,2,2,cubic
0.720,11535,8,8640,29.2,23.9,20.1,225.4,7.2,394439,14581,2,2,cubic
0.727,11891,8,10080,28.6,23.9,20.1,225.4,6.8,416176,14584,2,2,cubic
0.734,12235,8,10080,28.0,23.9,20.1,225.4,6.3,437245,14586,2,2,cubic
0.740,12571,8,10080,27.5,23.8,20.1,225.4,5.7,457793,14588,2,2,cubic
0.747,12897,8,10080,27.0,23.9,20.1,225.4,5.2,477366,14590,2,2,cubic
0.754,13215,9,10080,26.6,23.6,20.1,225.4,4.7,497010,14592,2,2,cubic
0.761,13525,9,11520,26.2,23.7,20.1,225.4,4.3,515630,14595,2,2,cubic
0.766,13828,9,11520,25.9,23.9,20.1,225.4,3.8,533199,14597,2,2,cubic
0.776,14125,9,11520,26.1,27.4,20.1,225.4,3.2,540897,14599,2,2,cubic
0.783,14270,9,12960,26.4,28.6,20.1,225.4,3.0,540039,14601,2,2,cubic
0.788,14557,10,11520,26.8,29.7,20.1,225.4,3.1,542584,14602,2,2,cubic
0.795,14839,10,12960,27.3,30.8,20.1,225.4,3.3,543075,14605,2,2,cubic
0.802,15116,10,12960,27.9,32.2,20.1,225.4,3.7,541074,14607,2,2,cubic
0.809,15387,10,12960,28.1,29.1,20.1,225.4,3.1,547931,14609,2,2,cubic
0.816,15653,10,12960,28.2,29.0,20.1,225.4,2.5,555031,14611,2,2,cubic
0.822,15915,11,12960,28.5,30.6,20.1,225.4,2.5,558323,14613,2,2,cubic
0.829,16173,11,14400,28.8,30.7,20.1,225.4,2.4,561894,14616,2,2,cubic
0.843,14178,9,11520,29.2,30.7,20.1,225.4,2.2,484916,14618,2,2,cubic
0.850,14205,9,10080,29.9,34.2,20.1,225.4,2.9,475831,14620,2,2,cubic
0.858,14238,9,11520,30.4,34.2,20.1,225.4,3.2,468370,14623,2,2,cubic
0.865,14264,9,11520,30.7,32.5,20.1,225.4,2.9,465216,14625,2,2,cubic
0.872,14291,9,11520,30.0,25.6,20.1,225.4,3.5,475859,14627,2,2,cubic
0.879,14317,9,11520,29.5,25.7,20.1,225.4,3.7,485503,14629,2,2,cubic
0.886,14342,9,11520,29.6,30.4,20.1,225.4,3.0,484543,14631,2,2,cubic
0.893,14367,9,11520,29.7,30.7,20.1,225.4,2.5,483086,14633,2,2,cubic
0.899,14393,9,11520,29.9,30.8,20.1,225.4,2.1,481903,14635,2,2,cubic
0.906,14418,10,11520,30.0,30.7,20.1,225.4,1.8,481016,14637,2,2,cubic
0.913,14443,10,12960,30.1,30.7,20.1,225.4,1.6,480376,14640,2,2,cubic
0.920,14468,10,12960,30.1,30.7,20.1,225.4,1.3,479994,14642,2,2,cubic
0.927,14492,10,11520,29.8,27.4,20.1,225.4,1.7,486406,14644,2,2,cubic
0.949,11135,7,8640,31.1,34.3,20.1,225.4,2.8,486406,14647,2,2,cubic
0.956,11157,7,10080,31.8,36.6,20.1,225.4,3.4,486406,14649,2,2,cubic
0.961,11174,7,8640,32.5,37.6,20.1,225.4,4.0,486406,14650,2,2,cubic
0.968,11197,7,7200,33.3,38.9,20.1,225.4,4.6,486406,14652,2,2,cubic
0.977,11224,7,8640,32.3,25.6,20.1,225.4,5.4,486406,14655,2,2,cubic
0.983,11246,7,8640,30.9,20.5,20.1,225.4,7.0,486406,14657,2,2,cubic
0.007,11246,7,0,28.1,24.9,20.1,225.4,5.6,486406,14659,2,2,cubic
0.005,11246,7,0,28.0,27.7,20.1,225.4,4.3,486406,14660,2,2,cubic
0.005,11246,7,0,28.0,28.1,20.1,225.4,3.3,486406,14661,2,2,cubic
0.005,11246,7,0,27.8,26.1,20.1,225.4,2.9,486406,14662,2,2,cubic
0.005,11246,7,0,27.7,27.4,20.1,225.4,2.3,486406,14663,2,2,cubic
0.008,11246,7,0,27.7,27.2,20.1,225.4,1.9,486406,14664,2,2,cubic
0.005,11246,7,0,27.8,28.7,20.1,225.4,1.7,486406,14665,2,2,cubic
0.006,11246,7,0,27.7,27.1,20.1,225.4,1.4,486406,14666,2,2,cubic
0.006,11246,7,0,27.8,28.2,20.1,225.4,1.2,486406,14667,2,2,cubic
0.008,11246,7,0,27.8,27.6,20.1,225.4,0.9,486406,14668,2,2,cubic
0.006,11246,7,0,28.2,31.2,20.1,225.4,1.6,486406,14670,2,2,cubic
0.005,11246,7,0,28.1,27.4,20.1,225.4,1.4,486406,14671,2,2,cubic
0.033,11388,7,7200,28.7,32.7,20.1,225.4,2.2,486406,14679,2,2,cubic
0.043,11690,8,8640,30.0,39.6,20.1,225.4,4.3,389290,14682,2,2,cubic
0.051,12040,8,10080,32.1,46.4,20.1,225.4,7.3,375393,14685,2,2,cubic
0.058,12381,8,10080,30.6,20.5,20.1,225.4,8.4,404343,14687,2,2,cubic
0.065,12712,8,10080,30.2,27.3,20.1,225.4,7.1,420899,14689,2,2,cubic
0.071,13035,9,10080,29.4,23.9,20.1,225.4,6.9,443156,14691,2,2,cubic
0.078,13349,9,10080,28.6,22.9,20.1,225.4,6.8,466797,14693,2,2,cubic
0.084,13657,9,10080,27.9,22.8,20.1,225.4,6.6,490060,14695,2,2,cubic
0.093,13957,9,11520,27.2,22.7,20.1,225.4,6.2,512747,14698,2,2,cubic
0.098,14251,9,11520,26.7,22.8,20.1,225.4,5.8,534325,14700,2,2,cubic
0.105,14539,10,11520,26.2,22.9,20.1,225.4,5.3,554944,14702,2,2,cubic
0.111,14821,10,12960,25.9,24.0,20.1,225.4,4.5,571731,14705,2,2,cubic
0.118,15097,10,12960,25.8,24.6,20.1,225.4,3.7,586063,14707,2,2,cubic
0.125,15369,10,12960,25.8,26.3,20.1,225.4,2.9,594936,14709,2,2,cubic
0.132,15636,10,12960,26.0,27.3,20.1,225.4,2.6,600968,14711,2,2,cubic
0.139,15898,11,12960,26.5,29.5,20.1,225.4,2.8,600876,14713,2,2,cubic
0.146,16285,11,12960,26.9,30.3,20.1,225.4,3.1,604558,14716,2,2,cubic
0.154,16537,11,14400,27.6,32.3,20.1,225.4,3.6,599036,14719,2,2,cubic
0.161,16785,11,14400,28.2,32.4,20.1,225.4,3.9,595233,14721,2,2,cubic
0.168,17029,11,14400,28.7,32.3,20.1,225.4,4.0,593076,14723,2,2,cubic
0.175,17270,11,14400,29.2,32.3,20.1,225.4,3.9,592229,14725,2,2,cubic
0.182,17507,12,14400,29.6,32.4,20.1,225.4,3.7,592233,14727,2,2,cubic
0.188,17742,12,15840,30.6,38.1,20.1,225.4,4.9,579217,14730,2,2,cubic
0.195,17973,12,15840,31.5,37.5,20.1,225.4,5.4,570734,14732,2,2,cubic
0.202,18201,12,15840,32.3,37.7,20.1,225.4,5.6,564109,14734,2,2,cubic
0.209,18426,12,15840,32.9,37.6,20.1,225.4,5.5,559516,14736,2,2,cubic
0.216,18649,12,15840,33.5,37.5,20.1,225.4,5.3,556537,14738,2,2,cubic
0.223,18869,13,15840,34.0,37.6,20.1,225.4,5.0,554644,14740,2,2,cubic
0.238,16548,11,15840,35.9,44.5,20.1,225.4,6.3,460805,14743,2,2,cubic
0.243,16570,11,14400,37.2,46.2,20.1,225.4,7.3,445466,14744,2,2,cubic
0.250,16600,11,14400,38.3,46.3,20.1,225.4,7.7,433081,14746,2,2,cubic
0.257,16629,11,15840,38.9,42.9,20.1,225.4,6.9,427502,14748,2,2,cubic
0.262,16651,11,14400,39.4,42.8,20.1,225.4,6.2,422775,14749,2,2,cubic
0.269,16680,11,12960,40.2,46.2,20.1,225.4,6.3,414605,14751,2,2,cubic
0.278,16716,11,14400,39.9,37.6,20.1,225.4,5.4,418863,14754,2,2,cubic
0.284,16744,11,12960,39.2,34.2,20.1,225.4,5.5,427240,14756,2,2,cubic
0.291,16772,11,12960,37.7,27.3,20.1,225.4,7.1,444833,14759,2,2,cubic
0.299,16800,11,14400,36.2,25.6,20.1,225.4,8.3,464216,14762,2,2,cubic
0.317,12906,8,8695,34.4,32.4,20.1,225.4,6.1,375010,14765,2,2,cubic
0.324,12931,8,8695,33.7,28.5,20.1,225.4,6.0,383925,14768,2,2,cubic
0.335,12962,9,8640,32.6,25.1,20.1,225.4,6.6,397448,14771,2,2,cubic
0.346,13004,9,8640,31.3,22.0,20.1,225.4,7.6,415649,14774,2,2,cubic
0.349,13022,9,8640,29.9,20.2,20.1,225.4,8.5,435460,14775,2,2,cubic
0.355,13041,9,8640,28.7,20.2,20.1,225.4,8.8,454485,14777,2,2,cubic
0.361,13061,9,10080,27.6,20.2,20.1,225.4,8.7,472676,14779,2,2,cubic
0.368,13080,9,10080,27.1,23.7,20.1,225.4,7.5,481874,14781,2,2,cubic
0.374,13104,9,10080,26.7,23.4,20.1,225.4,6.6,491191,14783,2,2,cubic
0.383,13247,9,11520,26.4,24.1,20.1,225.4,5.6,502732,14786,2,2,cubic
0.388,13402,9,12960,25.9,22.6,20.1,225.4,5.1,517791,14788,2,2,cubic
0.391,13861,9,10080,25.6,23.6,20.1,225.4,4.4,541572,14789,2,2,cubic
0.400,14157,9,11520,25.5,24.5,20.1,225.4,3.6,556005,14792,2,2,cubic
0.407,14736,10,8640,25.0,21.7,20.1,225.4,3.6,589510,14794,2,2,cubic
0.416,15014,10,12960,24.6,22.2,20.1,225.4,3.4,609284,14799,2,2,cubic
0.422,15288,10,12960,24.6,24.7,20.1,225.4,2.6,620353,14801,2,2,cubic
0.436,11728,8,11520,24.9,23.9,20.1,225.4,2.3,470966,14803,2,2,cubic
0.441,11746,8,10080,25.4,29.3,20.1,225.4,2.8,461532,14804,2,2,cubic
0.448,11769,8,10080,26.2,31.2,20.1,225.4,3.6,449661,14806,2,2,cubic
0.455,11792,8,10080,27.1,33.3,20.1,225.4,4.5,435724,14808,2,2,cubic
0.461,11815,8,8640,26.9,25.6,20.1,225.4,3.7,439578,14810,2,2,cubic
0.468,11838,8,10080,26.7,25.6,20.1,225.4,3.1,443105,14813,2,2,cubic
0.475,11861,8,10080,26.6,25.6,20.1,225.4,2.6,446388,14815,2,2,cubic
0.482,11883,8,8640,25.8,20.5,20.1,225.4,3.5,460385,14817,2,2,cubic
0.490,11935,8,11520,25.4,22.2,20.1,225.4,3.5,470567,14820,2,2,cubic
0.494,12279,8,10080,25.0,22.2,20.1,225.4,3.4,491789,14821,2,2,cubic
0.501,12446,8,11520,24.9,24.2,20.1,225.4,2.8,500402,14823,2,2,cubic
0.506,12775,8,10080,24.9,25.0,20.1,225.4,2.1,513361,14824,2,2,cubic
0.513,13096,9,10080,24.9,25.3,20.1,225.4,1.7,525184,14826,2,2,cubic
0.520,13410,9,11520,25.1,26.3,20.1,225.4,1.6,534262,14829,2,2,cubic
0.527,13868,9,10080,25.2,25.7,20.1,225.4,1.3,550863,14831,2,2,cubic
0.535,14164,9,11520,25.5,27.4,20.1,225.4,1.6,556520,14834,2,2,cubic
0.542,14454,10,11520,25.7,27.3,20.1,225.4,1.6,562828,14836,2,2,cubic
0.549,14879,10,11520,26.0,28.5,20.1,225.4,1.9,571565,14839,2,2,cubic
0.557,15155,10,12960,26.4,29.0,20.1,225.4,2.2,574009,14842,2,2,cubic
0.566,15425,10,12960,26.5,27.4,20.1,225.4,1.9,581395,14844,2,2,cubic
0.573,15691,10,12960,26.6,27.4,20.1,225.4,1.6,589067,14846,2,2,cubic
0.580,15953,11,12960,27.4,32.9,20.1,225.4,2.8,581695,14848,2,2,cubic
0.586,16210,11,14400,28.3,34.2,20.1,225.4,3.8,573439,14851,2,2,cubic
0.593,16463,11,14400,28.8,32.5,20.1,225.4,3.9,571572,14853,2,2,cubic
0.600,16712,11,14400,29.1,30.8,20.1,225.4,3.4,575244,14855,2,2,cubic
0.607,17080,11,12960,29.7,34.1,20.1,225.4,3.8,575297,14857,2,2,cubic
0.615,17200,11,15840,29.8,30.8,20.1,225.4,3.2,576658,14860,2,2,cubic
0.621,15049,10,14400,30.9,38.7,20.1,225.4,4.6,486408,14861,2,2,cubic
0.628,15078,10,12960,32.0,39.3,20.1,225.4,5.5,471511,14862,2,2,cubic
0.634,15106,10,12960,32.9,39.4,20.1,225.4,6.0,459121,14864,2,2,cubic
0.641,15134,10,12960,33.7,39.3,20.1,225.4,6.1,449053,14866,2,2,cubic
0.648,15161,10,12960,34.4,39.4,20.1,225.4,6.0,440598,14868,2,2,cubic
0.655,15188,10,12960,34.8,37.6,20.1,225.4,5.3,436286,14870,2,2,cubic
0.662,15216,10,12960,34.5,32.5,20.1,225.4,4.6,440813,14872,2,2,cubic
0.675,11673,8,10080,33.8,30.8,20.1,225.4,3.8,345028,14874,2,2,cubic
0.682,11697,8,10080,33.5,30.8,20.1,225.4,3.6,349665,14876,2,2,cubic
0.689,11720,8,8640,33.6,34.3,20.1,225.4,2.9,349287,14878,2,2,cubic
0.700,11749,8,10080,33.6,34.3,20.1,225.4,2.4,349215,14881,2,2,cubic
0.708,11778,8,10080,32.9,27.4,20.1,225.4,3.3,358462,14883,2,2,cubic
0.716,11800,8,10080,32.0,26.1,20.1,225.4,4.2,368554,14885,2,2,cubic
0.720,11822,8,8640,31.0,24.3,20.1,225.4,5.1,380753,14886,2,2,cubic
0.728,11845,8,8640,30.1,23.3,20.1,225.4,5.7,393796,14888,2,2,cubic
0.735,12087,8,8640,29.0,21.8,20.1,225.4,6.4,416104,14890,2,2,cubic
0.742,12426,8,8640,28.0,20.9,20.1,225.4,6.8,443342,14892,2,2,cubic
0.747,12756,8,8640,27.2,21.6,20.1,225.4,6.7,468557,14894,2,2,cubic
0.757,13078,9,10080,26.5,21.5,20.1,225.4,6.5,493397,14897,2,2,cubic
0.762,13391,9,10080,25.9,21.4,20.1,225.4,6.1,517666,14899,2,2,cubic
0.768,13698,9,10080,25.3,21.3,20.1,225.4,5.7,541358,14901,2,2,cubic
0.773,13997,9,10080,24.9,22.3,20.1,225.4,5.0,561429,14903,2,2,cubic
0.783,14290,9,11520,24.7,22.8,20.1,225.4,4.3,579433,14906,2,2,cubic
0.788,14433,10,12960,24.5,23.1,20.1,225.4,3.6,589920,14908,2,2,cubic
0.793,14718,10,12960,24.4,24.2,20.1,225.4,2.8,602480,14910,2,2,cubic
0.800,14996,10,12960,24.6,26.1,20.1,225.4,2.5,608678,14912,2,2,cubic
0.814,11504,7,10080,25.3,27.4,20.1,225.4,2.6,608678,14914,2,2,cubic
0.821,11528,8,7200,26.2,32.5,20.1,225.4,3.8,439463,14915,2,2,cubic
0.830,11556,8,10080,27.2,34.1,20.1,225.4,4.8,424525,14919,2,2,cubic
0.838,11579,8,10080,27.9,32.5,20.1,225.4,4.9,415315,14921,2,2,cubic
0.841,11596,8,8640,26.9,20.4,20.1,225.4,5.6,430326,14922,2,2,cubic
0.851,11619,8,10080,26.4,22.3,20.1,225.4,5.3,440764,14925,2,2,cubic
0.857,11641,8,10080,25.9,22.5,20.1,225.4,5.0,449945,14927,2,2,cubic
0.863,11669,8,10080,25.6,23.7,20.1,225.4,4.3,455838,14929,2,2,cubic
0.870,12020,8,10080,25.4,24.2,20.1,225.4,3.6,472800,14931,2,2,cubic
0.877,12362,8,10080,25.3,24.3,20.1,225.4,2.9,488945,14933,2,2,cubic
0.884,12693,8,10080,25.2,24.9,20.1,225.4,2.3,502912,14935,2,2,cubic
0.891,13016,9,10080,25.0,23.7,20.1,225.4,2.1,519766,14937,2,2,cubic
0.896,13332,9,11520,24.9,24.0,20.1,225.4,1.9,535249,14940,2,2,cubic
0.903,13639,9,11520,24.8,24.1,20.1,225.4,1.6,549915,14942,2,2,cubic
0.909,13940,9,11520,24.7,23.9,20.1,225.4,1.4,564532,14944,2,2,cubic
0.916,14234,9,11520,24.6,24.0,20.1,225.4,1.2,578429,14946,2,2,cubic
0.923,14522,10,11520,25.1,28.7,20.1,225.4,1.9,578151,14948,2,2,cubic
0.932,14805,10,12960,26.0,31.9,20.1,225.4,3.2,570168,14951,2,2,cubic
0.939,15082,10,12960,26.9,33.1,20.1,225.4,4.1,561650,14953,2,2,cubic
0.945,15353,10,12960,27.8,34.3,20.1,225.4,5.0,552663,14955,2,2,cubic
0.952,15621,10,12960,28.6,34.4,20.1,225.4,5.4,546169,14957,2,2,cubic
0.959,15883,11,12960,29.1,32.5,20.1,225.4,5.0,545920,14959,2,2,cubic
0.964,16141,11,14400,29.3,30.8,20.1,225.4,4.2,550718,14962,2,2,cubic
0.006,14123,9,0,31.5,36.0,20.1,225.4,3.7,448762,14963,2,2,cubic
0.006,14123,9,0,31.0,27.7,20.1,225.4,3.7,455624,14964,2,2,cubic
0.005,14123,9,0,31.0,30.8,20.1,225.4,2.8,455904,14966,2,2,cubic
0.032,14334,9,10080,30.4,26.6,20.1,225.4,3.2,471017,14976,2,2,cubic
0.042,14371,9,11520,30.4,30.3,20.1,225.4,2.4,472481,14979,2,2,cubic
0.049,14396,9,11520,30.5,30.9,20.1,225.4,2.0,472294,14981,2,2,cubic
0.056,14421,10,11520,30.6,31.4,20.1,225.4,1.7,471259,14983,2,2,cubic
0.063,14445,10,12960,30.2,27.3,20.1,225.4,2.1,478564,14986,2,2,cubic
0.070,14469,10,12960,30.4,32.0,20.1,225.4,2.0,475781,14988,2,2,cubic
0.077,14493,10,12960,30.4,30.7,20.1,225.4,1.6,475976,14990,2,2,cubic
0.083,14517,10,12960,30.5,30.7,20.1,225.4,1.3,476295,14992,2,2,cubic
0.090,14541,10,12960,30.5,30.8,20.1,225.4,1.0,476504,14994,2,2,cubic
0.097,14564,10,12960,30.5,30.7,20.1,225.4,0.8,476867,14996,2,2,cubic
0.104,14587,10,12960,30.6,30.8,20.1,225.4,0.7,477120,14998,2,2,cubic
0.111,14610,10,12960,30.6,30.8,20.1,225.4,0.6,477513,15000,2,2,cubic
0.118,14633,10,12960,30.6,30.9,20.1,225.4,0.5,477718,15002,2,2,cubic
0.125,14655,10,12960,30.6,30.7,20.1,225.4,0.4,478327,15004,2,2,cubic
0.131,14677,10,12960,30.7,30.8,20.1,225.4,0.3,478795,15006,2,2,cubic
0.138,14699,10,12960,30.7,30.8,20.1,225.4,0.3,479247,15008,2,2,cubic
0.154,11282,7,8640,31.1,32.4,20.1,225.4,0.9,479247,15010,2,2,cubic
0.160,11305,7,8640,31.3,32.5,20.1,225.4,1.0,479247,15012,2,2,cubic
0.167,11328,7,8640,31.4,32.4,20.1,225.4,1.1,479247,15014,2,2,cubic
0.176,11350,7,8640,31.6,32.5,20.1,225.4,1.1,479247,15016,2,2,cubic
0.181,11373,7,8640,30.6,23.9,20.1,225.4,2.7,479247,15018,2,2,cubic
0.188,11395,7,8640,29.8,23.9,20.1,225.4,3.7,479247,15020,2,2,cubic
0.195,11417,7,8640,29.0,23.9,20.1,225.4,4.2,479247,15022,2,2,cubic
0.203,11762,8,7200,28.2,22.2,20.1,225.4,4.9,417432,15024,2,2,cubic
0.220,9023,6,7200,26.8,22.3,20.1,225.4,5.1,417432,15028,2,2,cubic
0.227,9043,6,7200,26.0,20.5,20.1,225.4,5.4,417432,15030,2,2,cubic
0.234,9063,6,7200,25.8,24.1,20.1,225.4,4.6,417432,15032,2,2,cubic
0.241,9083,6,8640,25.8,25.7,20.1,225.4,3.4,417432,15034,2,2,cubic
0.246,9097,6,7200,25.3,22.3,20.1,225.4,3.4,417432,15035,2,2,cubic
0.253,9480,6,7200,24.9,22.2,20.1,225.4,3.4,417432,15037,2,2,cubic
0.260,9912,6,7200,24.6,22.2,20.1,225.4,3.2,417432,15039,2,2,cubic
0.267,10119,7,8640,24.1,20.5,20.1,225.4,3.4,417432,15041,2,2,cubic
0.272,10525,7,8640,23.8,22.2,20.1,225.4,3.0,417432,15043,2,2,cubic
0.279,10914,7,8640,23.6,22.2,20.1,225.4,2.7,417432,15045,2,2,cubic
0.285,11290,7,8640,23.5,22.2,20.1,225.4,2.4,417432,15047,2,2,cubic
0.292,11653,8,8640,23.3,22.2,20.1,225.4,2.1,500042,15049,2,2,cubic
0.298,12005,8,10080,23.2,22.9,20.1,225.4,1.7,516366,15052,2,2,cubic
0.304,12347,8,10080,23.1,21.9,20.1,225.4,1.6,535081,15054,2,2,cubic
0.314,12845,8,8640,22.7,20.2,20.1,225.4,1.9,565336,15056,2,2,cubic
0.320,13164,9,10080,22.4,20.4,20.1,225.4,2.0,586814,15059,2,2,cubic
0.326,13320,9,12960,22.5,23.0,20.1,225.4,1.7,591789,15062,2,2,cubic
0.332,13628,9,11520,22.7,24.1,20.1,225.4,1.6,600299,15063,2,2,cubic
0.338,13929,9,11520,22.4,20.6,20.1,225.4,1.7,620666,15065,2,2,cubic
0.345,14223,9,11520,22.8,25.4,20.1,225.4,2.0,623651,15067,2,2,cubic
0.352,14511,10,11520,23.3,27.0,20.1,225.4,2.6,621935,15069,2,2,cubic
0.357,14794,10,12960,24.0,29.0,20.1,225.4,3.4,615263,15072,2,2,cubic
0.364,15071,10,12960,24.9,30.8,20.1,225.4,4.2,605650,15074,2,2,cubic
0.371,15479,10,11520,24.7,23.8,20.1,225.4,3.4,625616,15076,2,2,cubic
0.379,15744,10,12960,24.6,23.9,20.1,225.4,2.8,639142,15079,2,2,cubic
0.386,16005,11,12960,25.3,29.7,20.1,225.4,3.3,633585,15081,2,2,cubic
0.393,16133,11,15840,26.0,30.8,20.1,225.4,3.9,621623,15084,2,2,cubic
0.398,16387,11,14400,26.6,30.8,20.1,225.4,4.1,616887,15085,2,2,cubic
0.405,16637,11,14400,27.1,30.8,20.1,225.4,4.2,614138,15087,2,2,cubic
0.412,16884,11,14400,28.3,36.6,20.1,225.4,5.5,597135,15089,2,2,cubic
0.419,17248,11,12960,28.8,32.4,20.1,225.4,5.2,599076,15091,2,2,cubic
0.427,17486,12,14400,30.0,38.8,20.1,225.4,6.4,582109,15094,2,2,cubic
0.434,17838,12,14400,30.8,35.9,20.1,225.4,6.2,579663,15097,2,2,cubic
0.441,17953,12,17280,30.8,30.8,20.1,225.4,4.7,583306,15100,2,2,cubic
0.446,18181,12,15840,30.8,30.7,20.1,225.4,3.5,590944,15101,2,2,cubic
0.453,18407,12,15840,31.0,32.5,20.1,225.4,3.1,594176,15103,2,2,cubic
0.465,16128,11,14400,31.9,34.2,20.1,225.4,3.3,505405,15105,2,2,cubic
0.472,16158,11,14400,33.1,41.0,20.1,225.4,4.8,488880,15107,2,2,cubic
0.006,16158,11,0,35.0,32.5,20.1,225.4,3.8,461828,15108,2,2,cubic
0.006,16158,11,0,34.2,28.4,20.1,225.4,4.5,472953,15110,2,2,cubic
0.032,16336,11,12960,33.1,25.3,20.1,225.4,5.6,494161,15122,2,2,cubic
0.042,16377,11,14400,32.8,31.1,20.1,225.4,4.7,499085,15125,2,2,cubic
0.049,16405,11,14400,32.8,32.3,20.1,225.4,3.6,500916,15127,2,2,cubic
0.056,16432,11,14400,32.8,33.0,20.1,225.4,2.8,501357,15129,2,2,cubic
0.063,16459,11,14400,32.9,33.5,20.1,225.4,2.3,500730,15131,2,2,cubic
0.070,16485,11,14400,33.0,34.2,20.1,225.4,2.0,498955,15133,2,2,cubic
0.076,16511,11,14400,33.4,35.7,20.1,225.4,2.2,494845,15135,2,2,cubic
0.083,16538,11,12960,33.5,34.2,20.1,225.4,1.9,494084,15137,2,2,cubic
0.092,16570,11,14400,33.6,34.2,20.1,225.4,1.6,493639,15140,2,2,cubic
0.099,16595,11,14400,33.6,34.2,20.1,225.4,1.3,493238,15142,2,2,cubic
0.106,16621,11,14400,33.7,34.2,20.1,225.4,1.2,492956,15144,2,2,cubic
0.112,16645,11,14400,33.8,34.2,20.1,225.4,1.0,492805,15146,2,2,cubic
0.119,16670,11,14400,33.8,34.2,20.1,225.4,0.8,492801,15148,2,2,cubic
0.126,16695,11,14400,34.7,40.7,20.1,225.4,2.4,481276,15150,2,2,cubic
0.133,16719,11,14400,35.3,39.4,20.1,225.4,2.9,474002,15152,2,2,cubic
0.147,12825,8,11575,36.0,37.5,20.1,225.4,2.9,356240,15155,2,2,cubic
0.153,12850,8,10135,36.2,37.6,20.1,225.4,2.5,354972,15156,2,2,cubic
0.160,12875,8,10135,36.4,37.7,20.1,225.4,2.3,353893,15158,2,2,cubic
0.167,12900,8,10135,36.5,37.6,20.1,225.4,2.0,353134,15160,2,2,cubic
0.174,12925,8,10135,36.7,37.7,20.1,225.4,1.8,352439,15162,2,2,cubic
0.181,12949,8,10080,35.1,24.1,20.1,225.4,4.5,368948,15164,2,2,cubic
0.189,12973,9,10080,33.7,24.1,20.1,225.4,6.1,384738,15166,2,2,cubic
0.196,12997,9,10080,32.5,24.0,20.1,225.4,7.0,399809,15168,2,2,cubic
0.203,13020,9,10080,31.4,23.9,20.1,225.4,7.4,414240,15170,2,2,cubic
0.210,13044,9,10080,30.5,24.0,20.1,225.4,7.4,427700,15172,2,2,cubic
0.216,13067,9,10080,29.5,22.8,20.1,225.4,7.5,442394,15174,2,2,cubic
0.223,13363,9,10080,28.7,22.7,20.1,225.4,7.3,465950,15176,2,2,cubic
0.229,13670,9,10080,27.9,22.5,20.1,225.4,7.1,489964,15178,2,2,cubic
0.238,13970,9,11520,27.2,22.4,20.1,225.4,6.7,513338,15181,2,2,cubic
0.243,14264,9,11520,26.6,22.7,20.1,225.4,6.1,535234,15183,2,2,cubic
0.249,14551,10,11520,26.2,22.9,20.1,225.4,5.5,555890,15185,2,2,cubic
0.256,14833,10,12960,25.9,23.9,20.1,225.4,4.7,572835,15188,2,2,cubic
0.263,15109,10,12960,25.7,24.6,20.1,225.4,3.9,587122,15190,2,2,cubic
0.270,15381,10,12960,25.8,26.3,20.1,225.4,3.0,596116,15192,2,2,cubic
0.277,15781,10,11520,26.0,27.3,20.1,225.4,2.7,607101,15194,2,2,cubic
0.285,16041,11,12960,26.4,29.6,20.1,225.4,2.9,606556,15197,2,2,cubic
0.292,16296,11,14400,26.9,30.3,20.1,225.4,3.1,605259,15200,2,2,cubic
0.299,16422,11,15840,27.4,30.7,20.1,225.4,3.3,599343,15202,2,2,cubic
0.304,16672,11,14400,28.0,32.4,20.1,225.4,3.7,594791,15203,2,2,cubic
0.311,16918,11,14400,28.6,32.5,20.1,225.4,3.9,591890,15205,2,2,cubic
0.320,17160,11,14400,30.0,39.9,20.1,225.4,5.8,572038,15207,2,2,cubic
0.326,17399,12,14400,31.2,39.4,20.1,225.4,6.7,558196,15209,2,2,cubic
0.333,17635,12,15840,32.0,37.6,20.1,225.4,6.6,551472,15212,2,2,cubic
0.340,17867,12,15840,32.9,39.4,20.1,225.4,6.8,542888,15214,2,2,cubic
0.347,18097,12,15840,33.9,41.1,20.1,225.4,7.2,533362,15216,2,2,cubic
0.354,18324,12,15840,34.6,39.4,20.1,225.4,6.7,529350,15218,2,2,cubic
0.361,18547,12,15840,35.2,39.4,20.1,225.4,6.2,526738,15220,2,2,cubic
0.368,18769,13,15840,35.7,39.4,20.1,225.4,5.7,525183,15222,2,2,cubic
0.374,18987,13,17280,36.0,37.7,20.1,225.4,4.8,527739,15225,2,2,cubic
0.388,16643,11,14400,36.8,39.4,20.1,225.4,4.1,452624,15227,2,2,cubic
0.395,16673,11,15840,37.5,42.7,20.1,225.4,4.5,444423,15229,2,2,cubic
0.400,16696,11,14400,38.2,42.8,20.1,225.4,4.7,437411,15230,2,2,cubic
0.407,16725,11,14400,38.7,42.7,20.1,225.4,4.7,431724,15232,2,2,cubic
0.414,16754,11,14400,39.2,42.7,20.1,225.4,4.5,427038,15234,2,2,cubic
0.421,16784,11,14400,39.7,42.8,20.1,225.4,4.3,423037,15236,2,2,cubic
0.428,16812,11,14400,39.2,35.9,20.1,225.4,4.1,428855,15238,2,2,cubic
0.434,16841,11,14400,38.8,36.0,20.1,225.4,3.9,434091,15240,2,2,cubic
0.441,16869,11,14400,38.6,37.6,20.1,225.4,3.2,436534,15242,2,2,cubic
0.453,12934,8,11520,38.4,37.6,20.1,225.4,2.2,336831,15244,2,2,cubic
0.460,12959,8,10080,38.3,37.5,20.1,225.4,1.9,338425,15245,2,2,cubic
0.467,12985,9,10080,38.2,37.6,20.1,225.4,1.6,339868,15247,2,2,cubic
0.476,13009,9,11520,38.1,37.7,20.1,225.4,1.3,341103,15250,2,2,cubic
0.485,13034,9,11520,38.1,37.6,20.1,225.4,1.1,342369,15252,2,2,cubic
0.488,13058,9,10080,36.5,25.6,20.1,225.4,4.0,357586,15253,2,2,cubic
0.493,13077,9,8640,35.1,25.5,20.1,225.4,5.7,372087,15254,2,2,cubic
0.006,3072,2,0,30.4,22.3,20.1,225.4,8.3,430192,15256,3,3,cubic
0.005,31969,22,0,30.5,31.6,20.1,225.4,6.5,1046482,15258,3,3,cubic
0.031,36241,25,28800,30.4,29.0,20.1,225.4,5.3,1193787,15281,3,3,cubic
0.080,19649,13,17280,42.6,61.2,20.1,225.4,15.4,461070,15287,3,3,cubic
0.087,19858,13,17280,45.5,65.3,20.1,225.4,17.2,436862,15289,3,3,cubic
0.094,20064,13,17280,48.5,69.4,20.1,225.4,18.9,414117,15291,3,3,cubic
0.101,20269,14,17280,51.6,73.4,20.1,225.4,20.4,393023,15293,3,3,cubic
0.108,20471,14,18720,54.3,73.6,20.1,225.4,20.8,376852,15296,3,3,cubic
0.115,20671,14,18720,57.6,80.4,20.1,225.4,22.1,359021,15298,3,3,cubic
0.122,20870,14,18720,61.2,86.8,20.1,225.4,23.9,340857,15300,3,3,cubic
0.129,21066,14,18720,59.1,44.4,20.1,225.4,22.1,356283,15302,3,3,cubic
0.137,21261,14,18720,57.3,44.4,20.1,225.4,20.3,371124,15304,3,3,cubic
0.145,18603,12,17280,55.3,41.0,20.1,225.4,19.3,336675,15306,3,3,cubic
0.151,18643,12,15840,54.3,47.9,20.1,225.4,16.3,343137,15307,3,3,cubic
0.157,18676,12,15840,53.5,47.5,20.1,225.4,13.9,349221,15309,3,3,cubic
0.166,18708,12,15840,52.6,46.3,20.1,225.4,12.2,355766,15311,3,3,cubic
0.174,18739,13,15840,51.6,44.7,20.1,225.4,11.1,363172,15313,3,3,cubic
0.181,18771,13,15840,50.6,43.5,20.1,225.4,10.4,371107,15315,3,3,cubic
0.185,18802,13,14400,49.6,42.4,20.1,225.4,9.8,379409,15316,3,3,cubic
0.193,18833,13,14400,48.3,39.4,20.1,225.4,9.9,390070,15318,3,3,cubic
0.200,18864,13,14400,46.9,37.6,20.1,225.4,10.1,401849,15320,3,3,cubic
0.207,18894,13,14400,45.6,36.5,20.1,225.4,10.2,414033,15322,3,3,cubic
0.215,14465,10,14400,44.3,35.3,20.1,225.4,10.2,326214,15324,3,3,cubic
0.219,14493,10,12960,43.1,34.3,20.1,225.4,10.2,336365,15325,3,3,cubic
0.228,14520,10,12960,41.9,33.2,20.1,225.4,10.1,346895,15327,3,3,cubic
0.236,14547,10,12960,40.8,33.1,20.1,225.4,9.8,356902,15329,3,3,cubic
0.240,14574,10,11520,39.7,32.2,20.1,225.4,9.5,367214,15330,3,3,cubic
0.248,14601,10,11520,38.8,32.4,20.1,225.4,8.9,376527,15332,3,3,cubic
0.255,14627,10,11520,37.8,30.7,20.1,225.4,8.7,387234,15334,3,3,cubic
0.262,14653,10,11520,36.6,28.7,20.1,225.4,8.8,399907,15336,3,3,cubic
0.274,11241,7,8640,34.4,26.6,20.1,225.4,8.8,399907,15338,3,3,cubic
0.281,11264,7,8640,33.3,25.6,20.1,225.4,8.8,399907,15340,3,3,cubic
0.288,11287,7,8640,32.3,25.4,20.1,225.4,8.6,399907,15342,3,3,cubic
0.294,11309,7,8640,31.3,24.6,20.1,225.4,8.4,399907,15344,3,3,cubic
0.301,11332,7,7200,30.0,20.5,20.1,225.4,9.0,399907,15346,3,3,cubic
0.310,11359,7,7200,29.0,22.2,20.1,225.4,8.7,399907,15349,3,3,cubic
0.321,11396,7,8640,28.3,23.5,20.1,225.4,7.9,399907,15352,3,3,cubic
0.327,11564,8,10080,27.3,20.1,20.1,225.4,8.0,423651,15354,3,3,cubic
0.332,12273,8,7200,26.6,21.9,20.1,225.4,7.3,460992,15356,3,3,cubic
0.342,12440,8,11520,26.7,27.0,20.1,225.4,5.6,466336,15360,3,3,cubic
0.347,12770,8,10080,26.3,24.1,20.1,225.4,4.9,484685,15361,3,3,cubic
0.352,12931,8,11520,25.6,20.5,20.1,225.4,5.1,504683,15363,3,3,cubic
0.357,13248,9,10080,25.2,22.3,20.1,225.4,4.7,525630,15364,3,3,cubic
0.364,13557,9,11520,25.2,24.9,20.1,225.4,3.6,538810,15367,3,3,cubic
0.371,14011,9,10080,25.0,24.0,20.1,225.4,3.0,560193,15369,3,3,cubic
0.380,14304,9,11520,25.1,25.6,20.1,225.4,2.4,570175,15372,3,3,cubic
0.392,10968,7,8640,25.2,23.9,20.1,225.4,2.1,570175,15374,3,3,cubic
0.398,10990,7,7200,25.4,27.3,20.1,225.4,2.1,570175,15376,3,3,cubic
0.407,11019,7,10080,25.9,29.3,20.1,225.4,2.6,570175,15379,3,3,cubic
0.412,11035,7,8640,26.8,32.5,20.1,225.4,3.6,570175,15380,3,3,cubic
0.419,11057,7,10080,26.2,22.3,20.1,225.4,3.8,570175,15382,3,3,cubic
0.424,11074,7,8640,25.7,22.2,20.1,225.4,3.8,570175,15383,3,3,cubic
0.431,11095,7,8640,26.1,29.0,20.1,225.4,3.7,570175,15385,3,3,cubic
0.438,11273,7,7200,26.1,25.6,20.1,225.4,2.9,570175,15387,3,3,cubic
0.446,11637,8,8640,25.4,20.4,20.1,225.4,3.6,459017,15390,3,3,cubic
0.453,11989,8,10080,24.7,20.5,20.1,225.4,3.9,484580,15393,3,3,cubic
0.458,12160,8,11520,24.4,22.2,20.1,225.4,3.6,497850,15395,3,3,cubic
0.465,12666,8,8640,24.7,26.9,20.1,225.4,3.3,512026,15396,3,3,cubic
0.473,12828,8,11520,24.4,21.9,20.1,225.4,3.2,526190,15399,3,3,cubic
0.485,9841,6,7200,25.1,27.8,20.1,225.4,3.1,526190,15400,3,3,cubic
0.492,9862,6,7200,25.2,25.6,20.1,225.4,2.4,526190,15402,3,3,cubic
0.499,9883,6,7200,25.8,30.2,20.1,225.4,3.1,526190,15404,3,3,cubic
0.506,9903,6,8640,26.0,27.3,20.1,225.4,2.7,526190,15406,3,3,cubic
0.511,9919,6,7200,25.5,22.2,20.1,225.4,3.0,526190,15407,3,3,cubic
0.518,9939,6,7200,25.1,22.3,20.1,225.4,3.1,526190,15409,3,3,cubic
0.525,10226,7,7200,24.8,22.2,20.1,225.4,3.0,526190,15411,3,3,cubic
0.006,10426,7,0,24.0,25.6,20.1,225.4,2.5,526190,15414,3,3,cubic
0.006,10426,7,0,24.9,31.2,20.1,225.4,3.7,526190,15416,3,3,cubic
0.034,10820,7,8640,25.7,31.0,20.1,225.4,4.3,526190,15424,3,3,cubic
0.038,11009,7,10080,26.5,32.7,20.1,225.4,5.0,526190,15426,3,3,cubic
0.043,11382,7,8640,28.2,39.5,20.1,225.4,7.0,526190,15427,3,3,cubic
0.050,11742,8,8640,30.4,46.4,20.1,225.4,9.8,385717,15429,3,3,cubic
0.057,12091,8,10080,29.3,21.2,20.1,225.4,9.6,412831,15432,3,3,cubic
0.064,12430,8,10080,28.4,22.2,20.1,225.4,9.0,437676,15434,3,3,cubic
0.070,12760,8,10080,27.8,24.0,20.1,225.4,7.9,458251,15436,3,3,cubic
0.077,13082,9,10080,27.3,23.9,20.1,225.4,6.9,478370,15438,3,3,cubic
0.085,13395,9,11520,26.9,23.6,20.1,225.4,6.1,498270,15441,3,3,cubic
0.091,13701,9,11520,26.5,23.7,20.1,225.4,5.4,517331,15443,3,3,cubic
0.098,14001,9,11520,26.2,23.9,20.1,225.4,4.7,535226,15445,3,3,cubic
0.105,14294,9,11520,25.9,23.9,20.1,225.4,4.1,552510,15447,3,3,cubic
0.111,14580,10,11520,25.8,25.5,20.1,225.4,3.1,564525,15449,3,3,cubic
0.118,14862,10,12960,25.9,26.5,20.1,225.4,2.5,573689,15452,3,3,cubic
0.125,15138,10,12960,26.1,27.6,20.1,225.4,2.3,579489,15454,3,3,cubic
0.132,15544,10,11520,26.3,27.3,20.1,225.4,2.0,591633,15456,3,3,cubic
0.140,15808,10,12960,26.4,27.3,20.1,225.4,1.8,598742,15459,3,3,cubic
0.147,16067,11,12960,27.2,33.0,20.1,225.4,3.0,590091,15461,3,3,cubic
0.154,16323,11,14400,28.1,34.2,20.1,225.4,4.0,580951,15464,3,3,cubic
0.161,16574,11,14400,28.9,34.2,20.1,225.4,4.5,574389,15466,3,3,cubic
0.168,16821,11,14400,29.5,34.2,20.1,225.4,4.7,569778,15468,3,3,cubic
0.175,17065,11,14400,29.9,32.6,20.1,225.4,4.3,570583,15470,3,3,cubic
0.182,17305,12,14400,30.2,32.5,20.1,225.4,3.9,572349,15472,3,3,cubic
0.188,17542,12,15840,31.3,38.9,20.1,225.4,5.1,560143,15475,3,3,cubic
0.195,17776,12,15840,32.3,39.4,20.1,225.4,5.8,549863,15477,3,3,cubic
0.202,18007,12,15840,33.0,37.6,20.1,225.4,5.7,545914,15479,3,3,cubic
0.209,18235,12,15840,33.6,37.6,20.1,225.4,5.4,543371,15481,3,3,cubic
0.216,18459,12,15840,34.1,37.6,20.1,225.4,5.1,541828,15483,3,3,cubic
0.223,18682,12,15840,34.5,37.6,20.1,225.4,4.7,541303,15485,3,3,cubic
0.230,16346,11,15840,34.9,37.6,20.1,225.4,4.3,468326,15487,3,3,cubic
0.237,16377,11,14400,35.2,37.6,20.1,225.4,3.9,464674,15488,3,3,cubic
0.243,16406,11,14400,35.5,37.7,20.1,225.4,3.5,461542,15490,3,3,cubic
0.250,16436,11,14400,35.8,37.4,20.1,225.4,3.1,459465,15492,3,3,cubic
0.257,16465,11,14400,36.0,37.6,20.1,225.4,2.8,457310,15494,3,3,cubic
0.264,16493,11,14400,36.2,37.6,20.1,225.4,2.5,455632,15496,3,3,cubic
0.271,16522,11,14400,36.4,37.6,20.1,225.4,2.2,454175,15498,3,3,cubic
0.006,3072,2,0,35.8,37.6,20.1,225.4,1.9,353811,15501,4,4,cubic
0.007,36904,25,0,35.3,31.4,20.1,225.4,2.5,1046506,15503,4,4,cubic
0.033,41176,28,33120,35.0,33.3,20.1,225.4,2.4,1175718,15529,4,4,cubic
0.085,21944,15,21600,47.3,66.7,20.1,225.4,15.4,464020,15535,4,4,cubic
0.092,22131,15,20160,50.2,70.7,20.1,225.4,17.4,440663,15536,4,4,cubic
0.098,22316,15,20160,53.3,74.8,20.1,225.4,19.2,418765,15538,4,4,cubic
0.105,22500,15,20160,56.5,78.9,20.1,225.4,20.8,398272,15540,4,4,cubic
0.112,22682,15,20160,59.8,83.0,20.1,225.4,22.2,379291,15542,4,4,cubic
0.119,22863,15,20160,62.6,82.0,20.1,225.4,22.2,365340,15544,4,4,cubic
0.126,23042,16,20160,65.9,88.9,20.1,225.4,23.3,349799,15546,4,4,cubic
0.133,23220,16,21600,69.6,95.8,20.1,225.4,24.9,333553,15549,4,4,cubic
0.141,23397,16,21600,67.3,51.3,20.1,225.4,23.3,347543,15551,4,4,cubic
0.149,20472,14,20160,64.9,47.9,20.1,225.4,22.3,315487,15553,4,4,cubic
0.155,20516,14,18720,62.8,47.9,20.1,225.4,21.0,326838,15554,4,4,cubic
0.162,20550,14,18720,60.9,47.9,20.1,225.4,19.4,337371,15556,4,4,cubic
0.171,20584,14,18720,59.3,47.9,20.1,225.4,17.8,347192,15558,4,4,cubic
0.179,20618,14,18720,57.9,47.9,20.1,225.4,16.2,356324,15560,4,4,cubic
0.183,20652,14,17280,57.2,52.5,20.1,225.4,13.5,361067,15561,4,4,cubic
0.191,20685,14,17280,56.5,51.3,20.1,225.4,11.6,366339,15563,4,4,cubic
0.198,20718,14,17280,55.6,49.5,20.1,225.4,10.4,372692,15565,4,4,cubic
0.206,20751,14,17280,54.2,44.5,20.1,225.4,10.6,382866,15567,4,4,cubic
0.210,20784,14,15840,52.9,44.2,20.1,225.4,10.5,392550,15568,4,4,cubic
0.218,15912,11,15840,51.6,42.4,20.1,225.4,10.5,308228,15570,4,4,cubic
0.223,15941,11,14400,50.3,41.2,20.1,225.4,10.5,316761,15571,4,4,cubic
0.231,15971,11,14400,49.0,40.0,20.1,225.4,10.4,325679,15573,4,4,cubic
0.240,16000,11,14400,47.8,39.0,20.1,225.4,10.3,334868,15575,4,4,cubic
0.244,16028,11,12960,46.6,38.0,20.1,225.4,10.2,344221,15576,4,4,cubic
0.253,16057,11,12960,45.4,37.6,20.1,225.4,9.9,353351,15578,4,4,cubic
0.261,16085,11,12960,44.3,36.2,20.1,225.4,9.7,363215,15580,4,4,cubic
0.264,16113,11,11520,42.9,33.5,20.1,225.4,10.0,375279,15581,4,4,cubic
0.274,12336,8,11520,41.6,31.9,20.1,225.4,10.2,296816,15583,4,4,cubic
0.278,12361,8,10080,40.2,30.3,20.1,225.4,10.5,307824,15584,4,4,cubic
0.287,12391,8,10080,38.7,28.6,20.1,225.4,10.7,320065,15586,4,4,cubic
0.296,12416,8,10080,37.3,27.7,20.1,225.4,10.8,332592,15588,4,4,cubic
0.300,12440,8,8640,36.0,26.6,20.1,225.4,10.8,345603,15589,4,4,cubic
0.309,12463,8,8640,34.5,24.2,20.1,225.4,11.0,361016,15591,4,4,cubic
0.312,12487,8,7200,32.9,21.9,20.1,225.4,11.4,379071,15592,4,4,cubic
0.319,12510,8,7200,31.5,21.6,20.1,225.4,11.4,396878,15594,4,4,cubic
0.327,12534,8,7200,30.3,21.9,20.1,225.4,11.0,413485,15596,4,4,cubic
0.006,12534,8,0,27.2,21.9,20.1,225.4,9.2,460318,15597,4,4,cubic
0.006,12534,8,0,27.7,30.7,20.1,225.4,7.8,453079,15599,4,4,cubic
0.033,12528,8,8640,27.5,26.8,20.1,225.4,6.0,454753,15608,4,4,cubic
0.043,12697,8,10080,27.9,30.4,20.1,225.4,5.2,455089,15611,4,4,cubic
0.050,13020,9,10080,28.3,31.1,20.1,225.4,4.7,460151,15613,4,4,cubic
0.057,13335,9,11520,28.7,31.6,20.1,225.4,4.4,464488,15616,4,4,cubic
0.064,13643,9,11520,28.5,27.3,20.1,225.4,3.6,478114,15618,4,4,cubic
0.071,13943,9,11520,28.0,24.0,20.1,225.4,3.8,498534,15620,4,4,cubic
0.078,14237,9,11520,27.5,23.9,20.1,225.4,3.9,518519,15622,4,4,cubic
0.084,14525,10,11520,27.6,28.4,20.1,225.4,3.2,526859,15624,4,4,cubic
0.091,14808,10,12960,27.7,28.7,20.1,225.4,2.6,534391,15627,4,4,cubic
0.098,15085,10,12960,27.9,29.6,20.1,225.4,2.5,539868,15629,4,4,cubic
0.105,15357,10,12960,28.3,30.7,20.1,225.4,2.5,542841,15631,4,4,cubic
0.112,15624,10,12960,28.6,30.7,20.1,225.4,2.5,546484,15633,4,4,cubic
0.119,15886,11,12960,28.9,30.8,20.1,225.4,2.4,550336,15635,4,4,cubic
0.125,16144,11,14400,29.1,30.8,20.1,225.4,2.3,554662,15638,4,4,cubic
0.132,16398,11,14400,29.3,30.8,20.1,225.4,2.2,559296,15640,4,4,cubic
0.139,16648,11,14400,29.5,30.8,20.1,225.4,2.0,564185,15642,4,4,cubic
0.146,16895,11,14400,29.7,30.8,20.1,225.4,1.8,569372,15644,4,4,cubic
0.151,17137,11,14400,29.8,30.8,20.1,225.4,1.6,574893,15646,4,4,cubic
0.158,17496,12,12960,30.1,32.5,20.1,225.4,1.9,580452,15648,4,4,cubic
0.168,17731,12,15840,30.4,32.4,20.1,225.4,2.0,582834,15652,4,4,cubic
0.175,17962,12,15840,30.7,32.4,20.1,225.4,2.0,585615,15654,4,4,cubic
0.182,18190,12,15840,30.9,32.5,20.1,225.4,2.0,588577,15656,4,4,cubic
0.189,15916,11,15840,31.3,34.2,20.1,225.4,2.3,508319,15658,4,4,cubic
0.196,15945,11,14400,31.7,34.2,20.1,225.4,2.4,503473,15659,4,4,cubic
0.202,15974,11,14400,32.8,41.0,20.1,225.4,4.1,486507,15661,4,4,cubic
0.209,16003,11,14400,33.4,37.7,20.1,225.4,4.3,478515,15663,4,4,cubic
0.216,16032,11,14400,34.0,37.6,20.1,225.4,4.3,472126,15665,4,4,cubic
0.223,16060,11,14400,34.4,37.6,20.1,225.4,4.1,466711,15667,4,4,cubic
0.230,16089,11,14400,34.8,37.6,20.1,225.4,3.9,462181,15669,4,4,cubic
0.237,16116,11,14400,35.1,37.5,20.1,225.4,3.6,458583,15671,4,4,cubic
0.243,16144,11,14400,35.5,37.6,20.1,225.4,3.3,455337,15673,4,4,cubic
0.250,16172,11,14400,35.7,37.6,20.1,225.4,3.0,452743,15675,4,4,cubic
0.264,12406,8,11520,36.2,37.6,20.1,225.4,2.5,342972,15677,4,4,cubic
0.271,12430,8,8640,35.9,34.2,20.1,225.4,2.3,345969,15678,4,4,cubic
0.279,12455,8,8640,35.5,32.4,20.1,225.4,2.6,350953,15681,4,4,cubic
0.287,12479,8,8640,34.9,30.7,20.1,225.4,3.2,357625,15683,4,4,cubic
0.294,12509,8,8640,33.1,20.5,20.1,225.4,6.0,378018,15685,4,4,cubic
0.302,12532,8,8640,31.7,22.1,20.1,225.4,7.2,395069,15687,4,4,cubic
0.305,12550,8,7200,30.3,20.5,20.1,225.4,8.2,413986,15688,4,4,cubic
0.316,12579,8,8640,29.2,21.1,20.1,225.4,8.5,431334,15691,4,4,cubic
0.323,12602,8,8640,28.0,20.2,20.1,225.4,8.6,449493,15693,4,4,cubic
0.328,12886,8,8640,27.1,20.2,20.1,225.4,8.4,476324,15695,4,4,cubic
0.338,13204,9,10080,26.4,21.8,20.1,225.4,7.6,500246,15698,4,4,cubic
0.343,13515,9,10080,25.6,20.2,20.1,225.4,7.3,527579,15700,4,4,cubic
0.348,13818,9,10080,24.9,20.2,20.1,225.4,6.8,554071,15702,4,4,cubic
0.358,14115,9,11520,24.7,22.9,20.1,225.4,5.6,571897,15705,4,4,cubic
0.365,14551,10,10080,24.7,24.4,20.1,225.4,4.3,590280,15707,4,4,cubic
0.375,14832,10,12960,24.7,25.3,20.1,225.4,3.4,599805,15711,4,4,cubic
0.382,15247,10,11520,25.2,28.3,20.1,225.4,3.4,605712,15713,4,4,cubic
0.390,15516,10,12960,25.7,29.6,20.1,225.4,3.7,603101,15716,4,4,cubic
0.397,15780,10,12960,26.4,30.8,20.1,225.4,4.0,598702,15718,4,4,cubic
0.404,16040,11,12960,27.1,32.3,20.1,225.4,4.5,591860,15720,4,4,cubic
0.409,16296,11,14400,27.8,32.5,20.1,225.4,4.7,586566,15723,4,4,cubic
0.416,16548,11,14400,28.4,32.4,20.1,225.4,4.7,583518,15725,4,4,cubic
0.425,16672,11,15840,29.4,36.5,20.1,225.4,5.6,567596,15727,4,4,cubic
0.430,16918,11,14400,30.2,36.0,20.1,225.4,5.8,560291,15728,4,4,cubic
0.006,14803,10,0,33.7,35.9,20.1,225.4,4.6,439284,15730,4,4,cubic
0.006,14803,10,0,33.4,31.4,20.1,225.4,4.0,443044,15732,4,4,cubic
0.031,15014,10,12960,32.7,27.9,20.1,225.4,4.4,458905,15743,4,4,cubic
0.037,15033,10,12960,32.3,29.1,20.1,225.4,4.2,466009,15745,4,4,cubic
0.043,15059,10,12960,32.0,30.4,20.1,225.4,3.6,470255,15747,4,4,cubic
0.050,15085,10,12960,31.9,30.8,20.1,225.4,3.0,473388,15749,4,4,cubic
0.057,15110,10,12960,31.8,31.1,20.1,225.4,2.5,475650,15751,4,4,cubic
0.064,15136,10,12960,31.7,30.9,20.1,225.4,2.1,478185,15753,4,4,cubic
0.069,15154,10,14400,31.5,30.1,20.1,225.4,2.0,481798,15755,4,4,cubic
0.074,15173,10,12960,31.4,30.8,20.1,225.4,1.6,483709,15756,4,4,cubic
0.081,15198,10,12960,31.3,31.1,20.1,225.4,1.3,485094,15758,4,4,cubic
0.088,15222,10,12960,31.4,32.0,20.1,225.4,1.1,484576,15760,4,4,cubic
0.095,15246,10,12960,31.6,33.0,20.1,225.4,1.3,482269,15762,4,4,cubic
0.101,15270,10,12960,31.9,33.9,20.1,225.4,1.5,478773,15764,4,4,cubic
0.108,15294,10,12960,31.7,30.7,20.1,225.4,1.4,481715,15766,4,4,cubic
0.115,15318,10,12960,31.6,30.7,20.1,225.4,1.3,484455,15768,4,4,cubic
0.122,15341,10,12960,31.5,30.7,20.1,225.4,1.2,486907,15770,4,4,cubic
0.129,15364,10,11520,31.8,34.2,20.1,225.4,1.6,482446,15772,4,4,cubic
0.146,11793,8,10080,32.4,34.3,20.1,225.4,1.9,363936,15775,4,4,cubic
0.153,11816,8,10080,32.6,34.2,20.1,225.4,1.9,362098,15777,4,4,cubic
0.160,11840,8,10080,32.8,34.2,20.1,225.4,1.8,360623,15779,4,4,cubic
0.167,11863,8,10080,33.0,34.2,20.1,225.4,1.7,359517,15781,4,4,cubic
0.174,11886,8,10080,31.9,23.9,20.1,225.4,3.5,373081,15783,4,4,cubic
0.181,11909,8,10080,30.9,23.9,20.1,225.4,4.6,385916,15785,4,4,cubic
0.189,11932,8,10080,30.0,23.9,20.1,225.4,5.2,397905,15787,4,4,cubic
0.196,11954,8,10080,29.2,24.0,20.1,225.4,5.4,408879,15789,4,4,cubic
0.203,12130,8,8640,28.4,22.9,20.1,225.4,5.6,426377,15791,4,4,cubic
0.209,12468,8,8640,27.6,22.0,20.1,225.4,5.8,450971,15793,4,4,cubic
0.219,12797,8,10080,27.0,22.1,20.1,225.4,5.8,474683,15796,4,4,cubic
0.225,13117,9,10080,26.3,22.0,20.1,225.4,5.6,498082,15798,4,4,cubic
0.230,13430,9,10080,25.8,22.1,20.1,225.4,5.2,520421,15800,4,4,cubic
0.239,13735,9,11520,25.4,22.6,20.1,225.4,4.7,540684,15803,4,4,cubic
0.244,14034,9,11520,25.1,23.2,20.1,225.4,4.1,558500,15805,4,4,cubic
0.250,14326,9,11520,24.9,23.6,20.1,225.4,3.4,574418,15807,4,4,cubic
0.257,14613,10,11520,24.8,23.6,20.1,225.4,2.9,589971,15809,4,4,cubic
0.264,14893,10,12960,24.8,24.9,20.1,225.4,2.2,600911,15812,4,4,cubic
0.271,15169,10,12960,25.0,26.4,20.1,225.4,2.1,606978,15814,4,4,cubic
0.278,15439,10,12960,25.3,27.6,20.1,225.4,2.2,609851,15816,4,4,cubic
0.285,15705,10,12960,25.9,29.7,20.1,225.4,2.8,607285,15818,4,4,cubic
0.006,15705,10,0,27.3,20.2,20.1,225.4,5.3,575675,15820,4,4,cubic
0.006,15705,10,0,27.5,28.7,20.1,225.4,4.3,571985,15822,4,4,cubic
0.032,16096,11,11520,27.2,25.7,20.1,225.4,3.7,591004,15833,4,4,cubic
0.043,16351,11,14400,27.8,31.5,20.1,225.4,3.8,588928,15837,4,4,cubic
0.050,16602,11,14400,28.5,33.7,20.1,225.4,4.4,582301,15839,4,4,cubic
0.056,16849,11,14400,29.4,35.5,20.1,225.4,5.0,573524,15841,4,4,cubic
0.063,17092,11,14400,30.4,37.3,20.1,225.4,5.7,562792,15843,4,4,cubic
0.070,17332,12,14400,30.8,34.2,20.1,225.4,5.3,561869,15845,4,4,cubic
0.077,17569,12,15840,31.8,38.1,20.1,225.4,5.8,553267,15848,4,4,cubic
0.084,17802,12,15840,32.5,37.6,20.1,225.4,5.8,548057,15850,4,4,cubic
0.091,18033,12,15840,33.1,37.5,20.1,225.4,5.6,544655,15852,4,4,cubic
0.097,18260,12,15840,33.7,37.6,20.1,225.4,5.3,542322,15854,4,4,cubic
0.104,18485,12,15840,34.2,37.7,20.1,225.4,5.0,540987,15856,4,4,cubic
0.111,18706,12,15840,34.6,37.6,20.1,225.4,4.6,540667,15858,4,4,cubic
0.118,18926,13,15840,35.0,37.7,20.1,225.4,4.2,540943,15860,4,4,cubic
0.125,19142,13,17280,35.3,37.7,20.1,225.4,3.8,541928,15863,4,4,cubic
0.132,19357,13,17280,35.6,37.7,20.1,225.4,3.5,543537,15865,4,4,cubic
0.139,19568,13,17280,35.9,37.7,20.1,225.4,3.1,545510,15867,4,4,cubic
0.145,17121,11,15840,36.5,41.0,20.1,225.4,3.6,468875,15869,4,4,cubic
0.154,17159,11,14400,37.1,41.0,20.1,225.4,3.8,462881,15870,4,4,cubic
0.161,17190,11,14400,37.4,39.3,20.1,225.4,3.4,460240,15872,4,4,cubic
0.168,17221,11,14400,37.6,39.3,20.1,225.4,3.1,458054,15874,4,4,cubic
0.175,17251,11,14400,37.8,39.4,20.1,225.4,2.8,456074,15876,4,4,cubic
0.181,17281,12,14400,38.0,39.3,20.1,225.4,2.4,454643,15878,4,4,cubic
0.188,17310,12,15840,38.2,39.2,20.1,225.4,2.1,453616,15881,4,4,cubic
0.195,17339,12,15840,38.1,37.7,20.1,225.4,1.7,455079,15883,4,4,cubic
0.202,17369,12,15840,38.1,37.7,20.1,225.4,1.4,456430,15885,4,4,cubic
0.209,17397,12,15840,38.0,37.6,20.1,225.4,1.1,457839,15887,4,4,cubic
0.222,13345,9,12960,37.9,37.6,20.1,225.4,0.8,352082,15889,4,4,cubic
0.229,13371,9,11520,37.9,37.7,20.1,225.4,0.7,353011,15890,4,4,cubic
0.236,13396,9,11520,37.8,37.6,20.1,225.4,0.6,354026,15892,4,4,cubic
0.243,13422,9,11520,37.8,37.5,20.1,225.4,0.5,355079,15894,4,4,cubic
0.250,13447,9,11520,37.8,37.6,20.1,225.4,0.4,355966,15896,4,4,cubic
0.257,13472,9,11520,36.9,30.7,20.1,225.4,2.1,365154,15898,4,4,cubic
0.264,13497,9,11520,36.1,30.8,20.1,225.4,3.1,373598,15900,4,4,cubic
0.277,10355,7,8640,34.7,29.5,20.1,225.4,4.2,373598,15902,4,4,cubic
0.284,10376,7,8640,33.8,27.7,20.1,225.4,4.9,373598,15904,4,4,cubic
0.291,10398,7,8640,32.9,26.7,20.1,225.4,5.5,373598,15906,4,4,cubic
0.298,10419,7,8640,32.1,26.1,20.1,225.4,5.8,373598,15908,4,4,cubic
0.305,10440,7,7200,30.6,20.5,20.1,225.4,7.3,373598,15910,4,4,cubic
0.311,10461,7,10080,29.6,22.2,20.1,225.4,7.6,373598,15913,4,4,cubic
0.318,10839,7,7200,28.5,20.5,20.1,225.4,7.9,373598,15914,4,4,cubic
0.327,11217,7,8640,27.5,20.5,20.1,225.4,7.9,373598,15917,4,4,cubic
0.334,11583,8,8640,27.5,27.4,20.1,225.4,6.0,421951,15919,4,4,cubic
0.341,11937,8,10080,26.8,22.1,20.1,225.4,5.8,445626,15922,4,4,cubic
0.347,12280,8,10080,27.1,29.0,20.1,225.4,4.9,453772,15924,4,4,cubic
0.354,12447,8,11520,26.5,22.2,20.1,225.4,4.9,470479,15926,4,4,cubic
0.359,12777,8,10080,25.9,22.3,20.1,225.4,4.7,492635,15927,4,4,cubic
0.366,13098,9,10080,25.9,25.7,20.1,225.4,3.6,505655,15929,4,4,cubic
0.373,13411,9,11520,25.9,25.9,20.1,225.4,2.7,517759,15932,4,4,cubic
0.380,13870,9,10080,25.9,25.6,20.1,225.4,2.1,536162,15934,4,4,cubic
0.388,14165,9,11520,26.1,27.4,20.1,225.4,1.9,543678,15937,4,4,cubic
0.395,14744,10,8640,25.6,22.1,20.1,225.4,2.4,576771,15939,4,4,cubic
0.404,15022,10,12960,25.0,21.2,20.1,225.4,2.9,600567,15944,4,4,cubic
0.410,15295,10,12960,25.1,26.0,20.1,225.4,2.4,608586,15946,4,4,cubic
0.417,15698,10,11520,24.5,20.2,20.1,225.4,3.0,640264,15948,4,4,cubic
0.422,15959,11,12960,24.7,25.9,20.1,225.4,2.6,646218,15951,4,4,cubic
0.431,16087,11,15840,25.0,26.9,20.1,225.4,2.5,644098,15954,4,4,cubic
0.436,16342,11,14400,25.4,28.4,20.1,225.4,2.8,643157,15955,4,4,cubic
0.443,16719,11,12960,26.2,32.0,20.1,225.4,3.7,637351,15957,4,4,cubic
0.450,16964,11,14400,26.7,29.7,20.1,225.4,3.7,636285,15960,4,4,cubic
0.457,17085,11,15840,27.5,33.8,20.1,225.4,4.5,620190,15962,4,4,cubic
0.462,17325,12,14400,28.6,35.8,20.1,225.4,5.5,606087,15963,4,4,cubic
0.469,17562,12,15840,29.3,34.2,20.1,225.4,5.5,599692,15966,4,4,cubic
0.475,17795,12,15840,30.1,35.9,20.1,225.4,5.8,591078,15968,4,4,cubic
0.007,15873,11,0,32.8,35.8,20.1,225.4,4.0,484375,15970,4,4,cubic
0.006,15873,11,0,32.4,29.7,20.1,225.4,3.8,490073,15972,4,4,cubic
0.032,16094,11,14400,32.1,30.2,20.1,225.4,3.4,501198,15984,4,4,cubic
0.037,16115,11,15840,31.3,25.9,20.1,225.4,4.1,514281,15986,4,4,cubic
0.042,16135,11,14400,31.4,31.6,20.1,225.4,3.1,514344,15987,4,4,cubic
0.049,16162,11,14400,31.5,32.7,20.1,225.4,2.7,512396,15989,4,4,cubic
0.056,16189,11,14400,31.8,33.4,20.1,225.4,2.5,509520,15991,4,4,cubic
0.063,16216,11,14400,32.1,34.7,20.1,225.4,2.6,504526,15993,4,4,cubic
0.070,16242,11,14400,32.4,34.2,20.1,225.4,2.5,501404,15995,4,4,cubic
0.076,16268,11,14400,32.8,35.9,20.1,225.4,2.7,495492,15997,4,4,cubic
0.083,16294,11,14400,33.4,37.6,20.1,225.4,3.2,487494,15999,4,4,cubic
0.090,16320,11,14400,34.0,37.6,20.1,225.4,3.5,480692,16001,4,4,cubic
0.097,16345,11,14400,34.4,37.5,20.1,225.4,3.5,475172,16003,4,4,cubic
0.104,16370,11,14400,34.8,37.6,20.1,225.4,3.4,470496,16005,4,4,cubic
0.111,16395,11,14400,35.1,37.6,20.1,225.4,3.3,466588,16007,4,4,cubic
0.117,16419,11,14400,35.4,37.5,20.1,225.4,3.0,463329,16009,4,4,cubic
0.124,16444,11,14400,35.7,37.6,20.1,225.4,2.8,460551,16011,4,4,cubic
0.131,16468,11,14400,35.9,37.6,20.1,225.4,2.6,458157,16013,4,4,cubic
0.138,16492,11,14400,36.2,37.6,20.1,225.4,2.4,456134,16015,4,4,cubic
0.153,12657,8,10080,35.5,32.5,20.1,225.4,2.5,356695,16017,4,4,cubic
0.160,12682,8,10080,35.1,32.5,20.1,225.4,2.7,361248,16019,4,4,cubic
0.167,12707,8,10080,34.8,32.5,20.1,225.4,2.7,365416,16021,4,4,cubic
0.174,12731,8,10080,34.5,32.5,20.1,225.4,2.6,369164,16023,4,4,cubic
0.181,12756,8,10080,33.2,23.9,20.1,225.4,4.6,384599,16025,4,4,cubic
0.188,12779,8,10080,32.0,23.9,20.1,225.4,5.7,399281,16027,4,4,cubic
0.195,12803,8,10080,31.0,23.9,20.1,225.4,6.3,413093,16029,4,4,cubic
0.201,12827,8,10080,30.1,23.9,20.1,225.4,6.5,426117,16031,4,4,cubic
0.208,12850,8,10080,29.3,23.8,20.1,225.4,6.5,438312,16033,4,4,cubic
0.215,12873,8,10080,28.6,23.9,20.1,225.4,6.2,449429,16035,4,4,cubic
0.222,13140,9,10080,28.1,23.9,20.1,225.4,5.8,468432,16037,4,4,cubic
0.230,13452,9,11520,27.5,23.9,20.1,225.4,5.4,488559,16040,4,4,cubic
0.236,13757,9,11520,27.1,23.9,20.1,225.4,5.0,507975,16042,4,4,cubic
0.242,14055,9,11520,26.7,24.0,20.1,225.4,4.5,526601,16044,4,4,cubic
0.249,14347,9,11520,26.4,24.0,20.1,225.4,4.1,544478,16046,4,4,cubic
0.256,14632,10,11520,26.2,25.5,20.1,225.4,3.2,557536,16048,4,4,cubic
0.263,14913,10,12960,26.3,26.5,20.1,225.4,2.5,567508,16051,4,4,cubic
0.270,15188,10,12960,26.4,27.5,20.1,225.4,2.2,574519,16053,4,4,cubic
0.277,15458,10,12960,26.7,28.7,20.1,225.4,2.2,578647,16055,4,4,cubic
0.284,15723,10,12960,27.2,30.7,20.1,225.4,2.7,577690,16057,4,4,cubic
0.290,15984,11,12960,27.7,30.8,20.1,225.4,2.9,577665,16059,4,4,cubic
0.297,16240,11,14400,28.1,30.8,20.1,225.4,3.0,578801,16062,4,4,cubic
0.304,16493,11,14400,28.4,30.8,20.1,225.4,2.9,580821,16064,4,4,cubic
0.309,16742,11,14400,28.7,30.8,20.1,225.4,2.8,583385,16066,4,4,cubic
0.314,16864,11,15840,29.2,32.5,20.1,225.4,3.0,578068,16068,4,4,cubic
0.319,17107,11,14400,29.6,32.4,20.1,225.4,3.1,578290,16069,4,4,cubic
0.326,17347,12,14400,29.9,32.5,20.1,225.4,3.0,579334,16071,4,4,cubic
0.333,17583,12,15840,30.3,32.5,20.1,225.4,2.9,581006,16074,4,4,cubic
0.347,15413,10,12960,31.0,34.2,20.1,225.4,3.0,497049,16076,4,4,cubic
0.354,15442,10,12960,31.6,35.8,20.1,225.4,3.5,488469,16078,4,4,cubic
0.361,15470,10,12960,32.4,37.7,20.1,225.4,4.1,477867,16080,4,4,cubic
0.367,15498,10,12960,33.0,37.7,20.1,225.4,4.4,469096,16082,4,4,cubic
0.374,15526,10,12960,33.6,37.6,20.1,225.4,4.5,461918,16084,4,4,cubic
0.381,15553,10,12960,33.3,30.8,20.1,225.4,4.1,467675,16086,4,4,cubic
0.388,15581,10,12960,32.9,30.8,20.1,225.4,3.7,472896,16088,4,4,cubic
0.395,15608,10,12960,32.7,30.7,20.1,225.4,3.3,477732,16090,4,4,cubic
0.408,11973,8,10135,32.2,30.8,20.1,225.4,2.6,371555,16093,4,4,cubic
0.415,11997,8,10135,32.0,30.8,20.1,225.4,2.3,374426,16095,4,4,cubic
0.422,12021,8,10135,31.9,30.8,20.1,225.4,2.0,376928,16097,4,4,cubic
0.429,12045,8,8695,32.2,34.2,20.1,225.4,2.1,374265,16099,4,4,cubic
0.439,12074,8,10080,31.6,27.5,20.1,225.4,2.8,382161,16102,4,4,cubic
0.443,12092,8,7200,30.2,20.1,20.1,225.4,4.9,400915,16103,4,4,cubic
0.449,12113,8,8640,29.0,20.5,20.1,225.4,6.1,418309,16105,4,4,cubic
0.456,12135,8,8640,28.0,21.2,20.1,225.4,6.5,433547,16107,4,4,cubic
0.463,12216,8,8640,27.1,20.6,20.1,225.4,6.7,451341,16109,4,4,cubic
0.469,12551,8,8640,26.3,21.1,20.1,225.4,6.5,476861,16111,4,4,cubic
0.479,12715,8,11520,26.1,24.6,20.1,225.4,5.3,487183,16114,4,4,cubic
0.484,13037,9,10080,26.1,26.4,20.1,225.4,4.1,498775,16115,4,4,cubic
0.498,9996,6,5760,25.4,20.9,20.1,225.4,3.8,498775,16118,4,4,cubic
0.506,10023,6,7200,24.8,20.5,20.1,225.4,4.0,498775,16121,4,4,cubic
0.512,10038,6,7200,24.4,21.6,20.1,225.4,3.8,498775,16123,4,4,cubic
0.527,10084,7,5760,24.9,28.6,20.1,225.4,3.9,498775,16125,4,4,cubic
0.533,10534,7,7200,24.3,20.2,20.1,225.4,4.1,498775,16129,4,4,cubic
0.005,10728,7,0,24.6,29.5,20.1,225.4,3.3,498775,16132,4,4,cubic
0.006,10728,7,0,25.3,30.5,20.1,225.4,3.9,498775,16134,4,4,cubic
0.032,11302,7,7200,25.9,30.3,20.1,225.4,4.2,498775,16142,4,4,cubic
0.041,11665,8,8640,27.3,37.1,20.1,225.4,5.9,426929,16145,4,4,cubic
0.047,12016,8,10080,29.4,43.9,20.1,225.4,8.6,408749,16148,4,4,cubic
0.054,12357,8,10080,28.3,20.4,20.1,225.4,8.7,436982,16150,4,4,cubic
0.061,12689,8,10080,27.9,25.6,20.1,225.4,7.2,454184,16152,4,4,cubic
0.068,13012,9,10080,27.4,23.9,20.1,225.4,6.4,474336,16154,4,4,cubic
0.076,13328,9,11520,27.0,24.0,20.1,225.4,5.7,493647,16157,4,4,cubic
0.082,13635,9,11520,26.6,23.9,20.1,225.4,5.0,512324,16159,4,4,cubic
0.088,13936,9,11520,26.3,23.9,20.1,225.4,4.4,530329,16161,4,4,cubic
0.095,14230,9,11520,26.0,23.9,20.1,225.4,3.9,547729,16163,4,4,cubic
0.102,14519,10,11520,25.9,25.6,20.1,225.4,3.0,559930,16165,4,4,cubic
0.109,14801,10,12960,26.0,26.5,20.1,225.4,2.4,569225,16168,4,4,cubic
0.116,15078,10,12960,26.2,27.7,20.1,225.4,2.2,575210,16170,4,4,cubic
0.123,15350,10,12960,26.6,29.4,20.1,225.4,2.5,576720,16172,4,4,cubic
0.130,15617,10,12960,27.1,30.8,20.1,225.4,2.9,575550,16174,4,4,cubic
0.136,15880,11,12960,27.6,30.8,20.1,225.4,3.1,575612,16176,4,4,cubic
0.143,16138,11,14400,28.0,30.7,20.1,225.4,3.1,576727,16179,4,4,cubic
0.150,16392,11,14400,28.3,30.8,20.1,225.4,3.0,578609,16181,4,4,cubic
0.157,16642,11,14400,28.6,30.8,20.1,225.4,2.9,581055,16183,4,4,cubic
0.164,16889,11,14400,28.9,30.7,20.1,225.4,2.7,584414,16185,4,4,cubic
0.171,17253,11,12960,29.3,32.5,20.1,225.4,2.9,587976,16187,4,4,cubic
0.179,17491,12,14400,29.7,32.5,20.1,225.4,3.0,588209,16190,4,4,cubic
0.186,17725,12,15840,30.1,32.5,20.1,225.4,2.9,589281,16193,4,4,cubic
0.193,17957,12,15840,30.4,32.5,20.1,225.4,2.8,591099,16195,4,4,cubic
0.200,18185,12,15840,30.6,32.4,20.1,225.4,2.6,593582,16197,4,4,cubic
0.207,18410,12,15840,30.9,32.5,20.1,225.4,2.4,596468,16199,4,4,cubic
0.213,18633,12,15840,31.9,39.3,20.1,225.4,3.9,583832,16201,4,4,cubic
0.220,16303,11,15840,32.6,37.6,20.1,225.4,4.4,499693,16203,4,4,cubic
0.227,16333,11,14400,33.5,39.3,20.1,225.4,4.9,488222,16204,4,4,cubic
0.236,16370,11,15840,34.8,44.4,20.1,225.4,6.4,470078,16206,4,4,cubic
0.241,16392,11,14400,36.3,46.3,20.1,225.4,7.7,452155,16207,4,4,cubic
0.248,16421,11,14400,37.5,46.2,20.1,225.4,8.3,437905,16209,4,4,cubic
0.253,16443,11,15840,37.9,41.1,20.1,225.4,7.1,433337,16211,4,4,cubic
0.258,16465,11,14400,38.3,41.0,20.1,225.4,6.1,429559,16212,4,4,cubic
0.265,16493,11,14400,38.7,41.0,20.1,225.4,5.2,426517,16214,4,4,cubic
0.272,16522,11,14400,39.0,41.2,20.1,225.4,4.6,423836,16216,4,4,cubic
0.278,16549,11,14400,38.4,34.2,20.1,225.4,4.6,431098,16218,4,4,cubic
0.292,12695,8,11520,37.6,35.9,20.1,225.4,3.9,337453,16220,4,4,cubic
0.299,12720,8,10080,37.6,37.7,20.1,225.4,2.9,338073,16221,4,4,cubic
0.304,12739,8,10080,37.6,37.7,20.1,225.4,2.2,338506,16223,4,4,cubic
0.311,12763,8,10080,37.8,39.3,20.1,225.4,2.1,337252,16225,4,4,cubic
0.320,12788,8,11520,37.4,34.3,20.1,225.4,2.4,341906,16227,4,4,cubic
0.324,12806,8,10080,36.1,27.4,20.1,225.4,4.3,354275,16228,4,4,cubic
0.332,12830,8,10080,35.0,27.3,20.1,225.4,5.5,366100,16230,4,4,cubic
0.339,12853,8,10080,34.0,26.6,20.1,225.4,6.2,378174,16232,4,4,cubic
0.347,12877,8,10080,32.8,24.9,20.1,225.4,6.9,392029,16234,4,4,cubic
0.350,12900,8,8640,31.7,23.5,20.1,225.4,7.5,407248,16235,4,4,cubic
0.357,12923,8,8640,30.4,21.8,20.1,225.4,8.1,424456,16237,4,4,cubic
0.367,13148,9,10080,29.3,21.4,20.1,225.4,8.4,448599,16240,4,4,cubic
0.373,13460,9,10080,28.2,20.8,20.1,225.4,8.4,476493,16242,4,4,cubic
0.376,13765,9,8640,27.3,20.6,20.1,225.4,8.2,504341,16243,4,4,cubic
0.385,14063,9,10080,26.5,20.6,20.1,225.4,7.8,531501,16246,4,4,cubic
0.390,14355,9,10080,25.8,20.9,20.1,225.4,7.3,557259,16248,4,4,cubic
0.398,14640,10,11520,25.2,21.5,20.1,225.4,6.5,580238,16251,4,4,cubic
0.406,14920,10,12960,25.1,24.1,20.1,225.4,5.2,594706,16254,4,4,cubic
0.410,15058,10,14400,24.8,22.7,20.1,225.4,4.5,607569,16256,4,4,cubic
0.415,15330,10,12960,24.8,24.6,20.1,225.4,3.4,619043,16257,4,4,cubic
0.422,15598,10,12960,24.9,25.8,20.1,225.4,2.8,626727,16259,4,4,cubic
0.429,15861,11,12960,25.3,28.1,20.1,225.4,2.9,627189,16261,4,4,cubic
0.436,16119,11,14400,25.9,30.0,20.1,225.4,3.4,622836,16264,4,4,cubic
0.443,16501,11,12960,26.7,32.6,20.1,225.4,4.2,617667,16266,4,4,cubic
0.450,16749,11,14400,27.4,32.5,20.1,225.4,4.6,610453,16269,4,4,cubic
0.458,16994,11,14400,28.3,34.3,20.1,225.4,5.2,600643,16271,4,4,cubic
0.465,17235,11,14400,29.0,34.3,20.1,225.4,5.4,593430,16273,4,4,cubic
0.472,17473,12,14400,29.7,34.2,20.1,225.4,5.3,588514,16275,4,4,cubic
0.479,17708,12,15840,30.2,34.1,20.1,225.4,5.1,585446,16278,4,4,cubic
0.486,17940,12,15840,31.5,40.7,20.1,225.4,6.4,568639,16280,4,4,cubic
0.493,18168,12,15840,32.7,41.0,20.1,225.4,7.2,555104,16282,4,4,cubic
0.499,15896,11,15840,33.6,39.4,20.1,225.4,7.1,473630,16284,4,4,cubic
0.506,15926,11,14400,34.3,39.3,20.1,225.4,6.7,464612,16285,4,4,cubic
0.513,15955,11,14400,34.7,37.6,20.1,225.4,5.9,459917,16287,4,4,cubic
0.005,15955,11,0,36.7,37.7,20.1,225.4,3.5,434409,16288,4,4,cubic
0.006,15955,11,0,35.8,29.3,20.1,225.4,4.4,445608,16290,4,4,cubic
0.033,16125,11,12960,34.4,24.7,20.1,225.4,6.1,468464,16302,4,4,cubic
0.042,16159,11,14400,33.9,30.4,20.1,225.4,5.6,476357,16305,4,4,cubic
0.048,16186,11,14400,33.6,31.1,20.1,225.4,4.9,482185,16307,4,4,cubic
0.055,16213,11,14400,33.3,31.5,20.1,225.4,4.2,486789,16309,4,4,cubic
0.062,16240,11,14400,33.1,31.9,20.1,225.4,3.5,490219,16311,4,4,cubic
0.069,16266,11,14400,33.0,32.4,20.1,225.4,2.8,492371,16313,4,4,cubic
0.076,16292,11,14400,33.0,33.0,20.1,225.4,2.1,493248,16315,4,4,cubic
0.083,16318,11,14400,33.1,33.4,20.1,225.4,1.7,493288,16317,4,4,cubic
0.089,16344,11,14400,33.3,34.5,20.1,225.4,1.6,491356,16319,4,4,cubic
0.096,16369,11,14400,33.5,35.4,20.1,225.4,1.8,488116,16321,4,4,cubic
0.103,16394,11,14400,33.9,36.5,20.1,225.4,2.1,483598,16323,4,4,cubic
0.110,16419,11,14400,34.4,37.7,20.1,225.4,2.5,477713,16325,4,4,cubic
0.117,16444,11,14400,34.8,37.6,20.1,225.4,2.7,472950,16327,4,4,cubic
0.124,16468,11,14400,35.1,37.6,20.1,225.4,2.7,468879,16329,4,4,cubic
0.130,16492,11,14400,35.4,37.6,20.1,225.4,2.6,465546,16331,4,4,cubic
0.137,16517,11,14400,35.7,37.6,20.1,225.4,2.5,462712,16333,4,4,cubic
0.151,12670,8,11520,36.1,37.5,20.1,225.4,2.2,350639,16335,4,4,cubic
0.158,12695,8,8640,35.9,34.1,20.1,225.4,2.1,353788,16336,4,4,cubic
0.166,12726,8,10080,35.7,34.2,20.1,225.4,2.0,356730,16339,4,4,cubic
0.173,12751,8,10080,35.5,34.1,20.1,225.4,1.9,359375,16341,4,4,cubic
0.181,12775,8,10080,34.5,27.4,20.1,225.4,3.4,370601,16343,4,4,cubic
0.189,12799,8,10080,33.6,27.4,20.1,225.4,4.4,381115,16345,4,4,cubic
0.196,12823,8,10080,32.6,25.7,20.1,225.4,5.2,393367,16347,4,4,cubic
0.204,12846,8,10080,31.5,23.9,20.1,225.4,6.1,407641,16349,4,4,cubic
0.211,12870,8,10080,30.4,22.8,20.1,225.4,6.7,423007,16351,4,4,cubic
0.217,12893,8,10080,29.4,21.8,20.1,225.4,7.2,439254,16353,4,4,cubic
0.223,13146,9,10080,28.4,21.5,20.1,225.4,7.4,463327,16355,4,4,cubic
0.229,13458,9,10080,27.4,20.8,20.1,225.4,7.4,490612,16357,4,4,cubic
0.235,13763,9,10080,26.6,20.8,20.1,225.4,7.2,517386,16359,4,4,cubic
0.244,14061,9,11520,25.9,20.8,20.1,225.4,6.9,543483,16362,4,4,cubic
0.249,14352,9,11520,25.4,21.7,20.1,225.4,6.2,566042,16364,4,4,cubic
0.255,14638,10,11520,25.0,22.6,20.1,225.4,5.3,585332,16366,4,4,cubic
0.262,14918,10,12960,24.8,23.6,20.1,225.4,4.3,600636,16369,4,4,cubic
0.269,15193,10,12960,24.8,24.8,20.1,225.4,3.3,611683,16371,4,4,cubic
0.276,15463,10,12960,25.0,26.4,20.1,225.4,2.8,617605,16373,4,4,cubic
0.283,15728,10,12960,25.4,28.2,20.1,225.4,2.9,618360,16375,4,4,cubic
0.290,15989,11,12960,26.0,29.6,20.1,225.4,3.2,616098,16377,4,4,cubic
0.296,16245,11,14400,26.6,30.7,20.1,225.4,3.6,611841,16380,4,4,cubic
0.303,16498,11,14400,27.1,30.8,20.1,225.4,3.8,609276,16382,4,4,cubic
0.310,16871,11,12960,28.0,34.2,20.1,225.4,4.6,603246,16384,4,4,cubic
0.319,17114,11,14400,28.7,34.2,20.1,225.4,5.0,595290,16387,4,4,cubic
0.326,17353,12,14400,29.4,34.2,20.1,225.4,5.1,589556,16389,4,4,cubic
0.332,17590,12,15840,30.0,34.2,20.1,225.4,5.0,585728,16392,4,4,cubic
0.339,17823,12,15840,30.6,34.2,20.1,225.4,4.8,583366,16394,4,4,cubic
0.346,18053,12,15840,31.0,34.1,20.1,225.4,4.5,582523,16396,4,4,cubic
0.353,18280,12,15840,32.2,40.7,20.1,225.4,5.8,567525,16398,4,4,cubic
0.360,18504,12,15840,33.1,39.4,20.1,225.4,6.1,558948,16400,4,4,cubic
0.367,18726,13,15840,33.9,39.3,20.1,225.4,6.2,552650,16402,4,4,cubic
0.373,18945,13,17280,34.3,37.6,20.1,225.4,5.5,551624,16405,4,4,cubic
0.380,16576,11,14400,34.3,34.1,20.1,225.4,4.2,482997,16407,4,4,cubic
0.389,16614,11,12960,34.3,34.1,20.1,225.4,3.2,484443,16409,4,4,cubic
0.396,16644,11,12960,33.6,28.9,20.1,225.4,3.7,495003,16412,4,4,cubic
0.402,16673,11,11520,33.0,28.9,20.1,225.4,4.0,504752,16415,4,4,cubic
0.409,16702,11,12960,32.1,25.4,20.1,225.4,4.9,520652,16418,4,4,cubic
0.417,16738,11,14400,31.4,26.9,20.1,225.4,5.0,532497,16421,4,4,cubic
0.426,16773,11,12960,31.3,30.3,20.1,225.4,4.0,536084,16423,4,4,cubic
0.436,16816,11,14400,31.2,30.4,20.1,225.4,3.2,539354,16426,4,4,cubic
0.443,16844,11,12960,31.5,33.8,20.1,225.4,3.1,534560,16428,4,4,cubic
0.450,16872,11,12960,31.4,30.7,20.1,225.4,2.5,537290,16431,4,4,cubic
0.458,16906,11,12960,31.5,32.4,20.1,225.4,2.1,536221,16434,4,4,cubic
0.465,16934,11,11520,30.3,22.1,20.1,225.4,4.0,558049,16437,4,4,cubic
0.472,16960,11,14400,29.7,25.2,20.1,225.4,4.3,570986,16441,4,4,cubic
0.479,16988,11,14400,29.6,29.0,20.1,225.4,3.4,573686,16443,4,4,cubic
0.486,17014,11,14400,29.1,25.5,20.1,225.4,3.6,584673,16445,4,4,cubic
0.493,17040,11,12960,28.9,27.2,20.1,225.4,3.1,590272,16447,4,4,cubic
0.499,17066,11,14400,28.8,28.5,20.1,225.4,2.4,592158,16450,4,4,cubic
0.506,17281,12,12960,28.9,29.7,20.1,225.4,2.0,597462,16452,4,4,cubic
0.008,3072,2,0,31.3,34.2,20.1,225.4,3.4,552638,16454,5,5,cubic
0.006,33109,22,0,31.6,34.2,20.1,225.4,3.3,1046494,16456,5,5,cubic
0.032,35957,24,30240,31.4,30.0,20.1,225.4,2.9,1144143,16479,5,5,cubic
0.076,19412,13,17280,41.8,60.0,20.1,225.4,13.8,464190,16483,5,5,cubic
0.083,19623,13,17280,44.6,64.1,20.1,225.4,15.9,439947,16485,5,5,cubic
0.090,19832,13,17280,47.5,68.2,20.1,225.4,17.8,417094,16487,5,5,cubic
0.097,20039,13,17280,50.6,72.3,20.1,225.4,19.6,395714,16489,5,5,cubic
0.104,20244,14,17280,53.9,76.4,20.1,225.4,21.1,375856,16491,5,5,cubic
0.110,20446,14,18720,56.5,75.3,20.1,225.4,21.2,361632,16494,5,5,cubic
0.117,20647,14,18720,59.7,82.2,20.1,225.4,22.3,345596,16496,5,5,cubic
0.124,20845,14,18720,57.8,44.5,20.1,225.4,20.5,360409,16498,5,5,cubic
0.132,21042,14,18720,56.2,44.5,20.1,225.4,18.7,374592,16500,5,5,cubic
0.140,21237,14,18720,54.7,44.5,20.1,225.4,17.0,388117,16502,5,5,cubic
0.148,18582,12,17280,52.8,39.4,20.1,225.4,16.6,351931,16504,5,5,cubic
0.153,18623,12,15840,51.9,45.7,20.1,225.4,14.2,358776,16505,5,5,cubic
0.160,18655,12,15840,50.9,44.1,20.1,225.4,12.6,366272,16507,5,5,cubic
0.167,18687,12,15840,50.0,43.1,20.1,225.4,11.4,374106,16509,5,5,cubic
0.175,18719,12,15840,48.9,41.7,20.1,225.4,10.6,382606,16511,5,5,cubic
0.183,18750,13,15840,47.9,40.7,20.1,225.4,10.0,391497,16513,5,5,cubic
0.190,18782,13,15840,46.9,40.0,20.1,225.4,9.5,400392,16515,5,5,cubic
0.197,18812,13,15840,45.7,37.6,20.1,225.4,9.4,411236,16517,5,5,cubic
0.204,18843,13,15840,44.7,37.6,20.1,225.4,9.1,421270,16519,5,5,cubic
0.211,18873,13,15840,43.8,37.2,20.1,225.4,8.7,431047,16521,5,5,cubic
0.222,14477,10,12960,41.9,35.6,20.1,225.4,8.1,345117,16523,5,5,cubic
0.229,14504,10,12960,41.1,35.4,20.1,225.4,7.7,352646,16525,5,5,cubic
0.235,14531,10,12960,40.4,35.2,20.1,225.4,7.3,359820,16527,5,5,cubic
0.242,14558,10,12960,39.7,34.6,20.1,225.4,6.9,367033,16529,5,5,cubic
0.250,14585,10,12960,39.0,34.7,20.1,225.4,6.4,373610,16531,5,5,cubic
0.258,14611,10,12960,38.0,30.8,20.1,225.4,6.9,384459,16533,5,5,cubic
0.265,14637,10,12960,37.1,30.7,20.1,225.4,7.0,394634,16535,5,5,cubic
0.277,11229,7,10080,35.6,30.8,20.1,225.4,6.5,394634,16537,5,5,cubic
0.283,11252,7,8640,34.9,29.7,20.1,225.4,6.4,394634,16538,5,5,cubic
0.290,11275,7,8640,34.1,28.7,20.1,225.4,6.3,394634,16540,5,5,cubic
0.297,11297,7,8640,33.4,28.6,20.1,225.4,6.1,394634,16542,5,5,cubic
0.304,11320,7,8640,32.2,24.0,20.1,225.4,6.9,394634,16544,5,5,cubic
0.311,11342,7,7200,30.8,20.5,20.1,225.4,8.1,394634,16546,5,5,cubic
0.319,11378,7,7200,29.7,22.2,20.1,225.4,8.2,394634,16549,5,5,cubic
0.330,11739,8,8640,28.7,22.1,20.1,225.4,8.1,408369,16552,5,5,cubic
0.337,12263,8,8640,28.2,24.6,20.1,225.4,7.1,434472,16555,5,5,cubic
0.346,12597,8,10080,28.0,26.3,20.1,225.4,5.8,450053,16558,5,5,cubic
0.352,12760,8,11520,28.0,28.0,20.1,225.4,4.3,455958,16560,5,5,cubic
0.358,13242,9,8640,27.6,24.6,20.1,225.4,4.1,480531,16561,5,5,cubic
0.367,13552,9,11520,27.0,23.1,20.1,225.4,4.2,502037,16565,5,5,cubic
0.373,14157,9,8640,26.2,20.5,20.1,225.4,4.8,540838,16567,5,5,cubic
0.385,14591,10,10080,25.5,21.0,20.1,225.4,4.9,571635,16571,5,5,cubic
0.393,14732,10,14400,25.2,22.9,20.1,225.4,4.3,584603,16575,5,5,cubic
0.398,15010,10,12960,25.1,24.3,20.1,225.4,3.5,598222,16576,5,5,cubic
0.405,15283,10,12960,25.2,26.1,20.1,225.4,2.9,605987,16578,5,5,cubic
0.412,13372,9,12960,25.5,27.7,20.1,225.4,2.7,523899,16580,5,5,cubic
0.419,13398,9,11520,26.0,29.5,20.1,225.4,3.1,514911,16581,5,5,cubic
0.426,13424,9,11520,26.7,31.3,20.1,225.4,3.6,503242,16583,5,5,cubic
0.433,13450,9,11520,27.2,30.8,20.1,225.4,3.7,494594,16585,5,5,cubic
0.439,13475,9,11520,27.6,30.8,20.1,225.4,3.7,487359,16587,5,5,cubic
0.446,13500,9,11520,28.0,30.7,20.1,225.4,3.6,481540,16589,5,5,cubic
0.453,13525,9,11520,28.4,30.8,20.1,225.4,3.4,476601,16591,5,5,cubic
0.460,13550,9,11520,28.7,30.7,20.1,225.4,3.1,472553,16593,5,5,cubic
0.465,13568,9,11520,28.9,30.8,20.1,225.4,2.9,468880,16595,5,5,cubic
0.006,13568,9,0,28.8,22.3,20.1,225.4,3.3,471405,16597,5,5,cubic
0.006,13568,9,0,29.1,31.7,20.1,225.4,3.2,465598,16599,5,5,cubic
0.032,13569,9,10080,28.7,25.8,20.1,225.4,3.2,472359,16609,5,5,cubic
0.042,13605,9,11520,28.9,30.2,20.1,225.4,2.8,470663,16612,5,5,cubic
0.049,13629,9,11520,29.1,30.8,20.1,225.4,2.6,467691,16614,5,5,cubic
0.056,13653,9,11520,29.4,31.4,20.1,225.4,2.5,464072,16616,5,5,cubic
0.063,13677,9,11520,29.2,27.5,20.1,225.4,2.3,468807,16618,5,5,cubic
0.069,13713,9,11520,29.6,32.2,20.1,225.4,2.5,464013,16620,5,5,cubic
0.076,14013,9,11520,29.7,30.7,20.1,225.4,2.2,471913,16622,5,5,cubic
0.083,14305,9,11520,29.8,30.8,20.1,225.4,1.9,479615,16624,5,5,cubic
0.090,14592,10,11520,29.9,30.7,20.1,225.4,1.6,487391,16626,5,5,cubic
0.097,14873,10,12960,30.0,30.6,20.1,225.4,1.4,495419,16629,5,5,cubic
0.104,15149,10,12960,30.1,30.8,20.1,225.4,1.2,503021,16631,5,5,cubic
0.110,15419,10,12960,30.2,30.8,20.1,225.4,1.1,510478,16633,5,5,cubic
0.117,15685,10,12960,30.3,30.7,20.1,225.4,1.0,518135,16635,5,5,cubic
0.124,15947,11,12960,30.3,30.8,20.1,225.4,0.8,525713,16637,5,5,cubic
0.131,16204,11,14400,30.4,30.8,20.1,225.4,0.7,533219,16640,5,5,cubic
0.138,16457,11,14400,30.4,30.8,20.1,225.4,0.7,540726,16642,5,5,cubic
0.145,14399,9,12960,30.9,34.3,20.1,225.4,1.4,465791,16644,5,5,cubic
0.153,14434,10,11520,31.3,34.3,20.1,225.4,1.9,460664,16645,5,5,cubic
0.160,14461,10,12960,31.7,34.4,20.1,225.4,2.2,455995,16648,5,5,cubic
0.167,14488,10,12960,32.0,34.2,20.1,225.4,2.3,452340,16650,5,5,cubic
0.174,14515,10,12960,32.3,34.4,20.1,225.4,2.3,448949,16652,5,5,cubic
0.181,14541,10,12960,32.6,34.4,20.1,225.4,2.2,446261,16654,5,5,cubic
0.188,14568,10,12960,32.6,32.3,20.1,225.4,1.7,447502,16656,5,5,cubic
0.194,14594,10,12960,32.5,32.3,20.1,225.4,1.4,448714,16658,5,5,cubic
0.201,14619,10,12960,32.3,30.7,20.1,225.4,1.5,452614,16660,5,5,cubic
0.208,14645,10,12960,32.1,30.7,20.1,225.4,1.5,456315,16662,5,5,cubic
0.222,11235,7,10080,31.8,30.6,20.1,225.4,1.4,456315,16664,5,5,cubic
0.229,11257,7,8640,31.6,30.6,20.1,225.4,1.4,456315,16665,5,5,cubic
0.235,11280,7,8640,31.5,30.6,20.1,225.4,1.3,456315,16667,5,5,cubic
0.242,11303,7,8640,31.4,30.6,20.1,225.4,1.2,456315,16669,5,5,cubic
0.249,11325,7,8640,30.4,23.8,20.1,225.4,2.8,456315,16671,5,5,cubic
0.256,11347,7,8640,29.6,23.9,20.1,225.4,3.7,456315,16673,5,5,cubic
0.263,11369,7,8640,28.9,23.9,20.1,225.4,4.2,456315,16675,5,5,cubic
0.270,11391,7,8640,28.3,23.9,20.1,225.4,4.4,456315,16677,5,5,cubic
0.276,11731,8,8640,27.7,23.9,20.1,225.4,4.4,423089,16679,5,5,cubic
0.283,12080,8,10080,27.2,23.9,20.1,225.4,4.2,443302,16682,5,5,cubic
0.290,12420,8,10080,26.8,24.0,20.1,225.4,4.0,462759,16684,5,5,cubic
0.297,12750,8,10080,26.5,23.9,20.1,225.4,3.7,481622,16686,5,5,cubic
0.304,13072,9,10080,26.2,23.9,20.1,225.4,3.4,499866,16688,5,5,cubic
0.311,13385,9,11520,25.9,23.9,20.1,225.4,3.2,517514,16691,5,5,cubic
0.316,13692,9,11520,25.6,23.9,20.1,225.4,2.9,534572,16693,5,5,cubic
0.323,13991,9,11520,25.4,23.8,20.1,225.4,2.6,551043,16695,5,5,cubic
0.329,14284,9,11520,25.2,23.9,20.1,225.4,2.3,566870,16697,5,5,cubic
0.336,14572,10,11520,25.5,27.4,20.1,225.4,2.3,572191,16699,5,5,cubic
0.343,14853,10,12960,25.9,28.7,20.1,225.4,2.5,574139,16702,5,5,cubic
0.350,15129,10,12960,26.4,30.2,20.1,225.4,3.0,572721,16704,5,5,cubic
0.357,15536,10,11520,26.3,25.6,20.1,225.4,2.4,590295,16706,5,5,cubic
0.365,15932,11,11520,26.7,29.0,20.1,225.4,2.5,597801,16709,5,5,cubic
0.372,16189,11,14400,26.5,25.5,20.1,225.4,2.1,610652,16713,5,5,cubic
0.379,16569,11,12960,26.6,27.2,20.1,225.4,1.8,623011,16715,5,5,cubic
0.388,17064,11,11520,26.0,22.1,20.1,225.4,2.5,655500,16718,5,5,cubic
0.394,17184,11,15840,25.7,23.8,20.1,225.4,2.4,667391,16722,5,5,cubic
0.401,17423,12,14400,26.2,29.3,20.1,225.4,2.7,665076,16723,5,5,cubic
0.408,17658,12,15840,26.8,31.2,20.1,225.4,3.3,658291,16726,5,5,cubic
0.413,18007,12,14400,27.6,32.9,20.1,225.4,4.0,652687,16728,5,5,cubic
0.005,18007,12,0,29.6,35.9,20.1,225.4,3.7,609105,16730,5,5,cubic
0.006,18007,12,0,29.5,28.9,20.1,225.4,2.9,610903,16732,5,5,cubic
0.032,18234,12,15840,29.6,30.7,20.1,225.4,2.5,615369,16745,5,5,cubic
0.038,18347,12,17280,30.0,32.3,20.1,225.4,2.6,612178,16747,5,5,cubic
0.043,18570,12,15840,30.4,33.3,20.1,225.4,2.8,611036,16748,5,5,cubic
0.049,18791,13,15840,31.2,36.9,20.1,225.4,3.7,602159,16750,5,5,cubic
0.056,19009,13,17280,32.2,39.1,20.1,225.4,4.7,590561,16753,5,5,cubic
0.063,19225,13,17280,33.3,41.2,20.1,225.4,5.8,577067,16755,5,5,cubic
0.070,19438,13,17280,34.6,43.3,20.1,225.4,6.9,562409,16757,5,5,cubic
0.077,19649,13,17280,35.4,41.1,20.1,225.4,6.8,555433,16759,5,5,cubic
0.084,19858,13,17280,35.7,37.6,20.1,225.4,5.6,556901,16761,5,5,cubic
0.091,20065,13,17280,35.9,37.7,20.1,225.4,4.8,558649,16763,5,5,cubic
0.097,20269,14,17280,37.0,44.5,20.1,225.4,5.7,547884,16765,5,5,cubic
0.104,20471,14,18720,37.9,44.5,20.1,225.4,6.2,539633,16768,5,5,cubic
0.111,20772,14,17280,38.3,41.0,20.1,225.4,5.4,542109,16770,5,5,cubic
0.120,20969,14,18720,38.7,41.0,20.1,225.4,4.7,542423,16773,5,5,cubic
0.127,21165,14,18720,39.0,41.1,20.1,225.4,4.2,543235,16775,5,5,cubic
0.133,21359,14,18720,39.2,41.0,20.1,225.4,3.6,544622,16777,5,5,cubic
0.147,18721,13,15840,40.5,48.0,20.1,225.4,4.5,461984,16779,5,5,cubic
0.154,18754,13,17280,41.5,47.9,20.1,225.4,5.3,452448,16782,5,5,cubic
0.161,18786,13,17280,42.3,47.9,20.1,225.4,5.6,444533,16784,5,5,cubic
0.168,18818,13,17280,42.8,46.2,20.1,225.4,5.2,440115,16786,5,5,cubic
0.174,18849,13,17280,43.0,44.4,20.1,225.4,4.3,438756,16788,5,5,cubic
0.181,18881,13,17280,43.1,44.5,20.1,225.4,3.6,437597,16790,5,5,cubic
0.188,18912,13,17280,42.5,37.6,20.1,225.4,4.1,445491,16792,5,5,cubic
0.195,18943,13,17280,42.7,44.4,20.1,225.4,3.5,443671,16794,5,5,cubic
0.202,18974,13,17280,42.9,44.5,20.1,225.4,3.1,442129,16796,5,5,cubic
0.209,19004,13,17280,43.1,44.4,20.1,225.4,2.7,440948,16798,5,5,cubic
0.222,14577,10,14400,43.4,44.5,20.1,225.4,2.1,335705,16800,5,5,cubic
0.229,14605,10,12960,43.6,44.5,20.1,225.4,1.8,335353,16801,5,5,cubic
0.236,14632,10,12960,43.7,44.4,20.1,225.4,1.6,335127,16803,5,5,cubic
0.243,14658,10,12960,43.8,44.4,20.1,225.4,1.4,335017,16805,5,5,cubic
0.250,14685,10,12960,43.8,44.4,20.1,225.4,1.2,334998,16807,5,5,cubic
0.257,14712,10,11520,42.6,34.2,20.1,225.4,3.3,345125,16809,5,5,cubic
0.265,14745,10,11520,41.6,34.1,20.1,225.4,4.6,354719,16811,5,5,cubic
0.279,11312,7,8640,39.7,33.0,20.1,225.4,5.9,354719,16813,5,5,cubic
0.286,11335,7,8640,38.6,31.1,20.1,225.4,6.6,354719,16815,5,5,cubic
0.293,11358,7,8640,37.5,29.7,20.1,225.4,7.1,354719,16817,5,5,cubic
0.299,11381,7,8640,36.4,28.4,20.1,225.4,7.6,354719,16819,5,5,cubic
0.306,11403,7,8640,35.0,25.7,20.1,225.4,8.4,354719,16821,5,5,cubic
0.313,11425,7,8640,33.8,25.6,20.1,225.4,8.6,354719,16823,5,5,cubic
0.320,11447,7,8640,32.8,25.7,20.1,225.4,8.5,354719,16825,5,5,cubic
0.327,11469,7,8640,31.7,23.9,20.1,225.4,8.6,354719,16827,5,5,cubic
0.334,11761,8,8640,30.7,23.9,20.1,225.4,8.4,382645,16829,5,5,cubic
0.341,12284,8,8640,29.5,20.5,20.1,225.4,8.9,417071,16832,5,5,cubic
0.351,12618,8,10080,28.3,20.5,20.1,225.4,8.9,445425,16835,5,5,cubic
0.359,12943,8,10080,27.6,22.1,20.1,225.4,8.2,469732,16837,5,5,cubic
0.366,13260,9,10080,27.2,25.0,20.1,225.4,6.8,486998,16839,5,5,cubic
0.373,13569,9,11520,27.0,25.4,20.1,225.4,5.6,502667,16842,5,5,cubic
0.380,14023,9,10080,26.8,25.7,20.1,225.4,4.5,522602,16844,5,5,cubic
0.387,14315,9,11520,26.5,24.5,20.1,225.4,4.0,539232,16847,5,5,cubic
0.394,14745,10,10080,26.3,24.2,20.1,225.4,3.6,561692,16849,5,5,cubic
0.401,15023,10,12960,25.7,21.8,20.1,225.4,3.8,584802,16853,5,5,cubic
0.407,15432,10,11520,25.2,22.0,20.1,225.4,3.8,611822,16855,5,5,cubic
0.416,15698,10,12960,25.2,25.1,20.1,225.4,2.9,622911,16858,5,5,cubic
0.424,15959,11,12960,25.5,27.2,20.1,225.4,2.7,626949,16860,5,5,cubic
0.006,16216,11,0,27.8,31.9,20.1,225.4,4.0,584065,16863,5,5,cubic
0.005,16216,11,0,28.0,29.8,20.1,225.4,3.5,578750,16865,5,5,cubic
0.032,16469,11,14400,28.1,28.6,20.1,225.4,2.8,586398,16877,5,5,cubic
0.039,16718,11,14400,28.3,30.0,20.1,225.4,2.6,590241,16879,5,5,cubic
0.046,16964,11,14400,29.0,33.8,20.1,225.4,3.3,584723,16881,5,5,cubic
0.053,17205,11,14400,29.8,35.7,20.1,225.4,4.1,576420,16883,5,5,cubic
0.059,17444,12,14400,30.8,37.6,20.1,225.4,5.0,566143,16885,5,5,cubic
0.066,17679,12,15840,31.9,39.5,20.1,225.4,5.9,554304,16888,5,5,cubic
0.073,17911,12,15840,32.6,37.6,20.1,225.4,5.9,549282,16890,5,5,cubic
0.080,18140,12,15840,33.2,37.6,20.1,225.4,5.7,545777,16892,5,5,cubic
0.087,18366,12,15840,33.8,37.5,20.1,225.4,5.3,543823,16894,5,5,cubic
0.094,18589,12,15840,34.2,37.6,20.1,225.4,4.9,542792,16896,5,5,cubic
0.100,18810,13,15840,34.7,37.6,20.1,225.4,4.5,542606,16898,5,5,cubic
0.107,19028,13,17280,35.0,37.6,20.1,225.4,4.1,543145,16901,5,5,cubic
0.114,19243,13,17280,35.4,37.6,20.1,225.4,3.7,544341,16903,5,5,cubic
0.121,19456,13,17280,35.6,37.6,20.1,225.4,3.4,545949,16905,5,5,cubic
0.128,19667,13,17280,35.9,37.7,20.1,225.4,3.0,547934,16907,5,5,cubic
0.135,19876,13,17280,36.1,37.6,20.1,225.4,2.7,550444,16909,5,5,cubic
0.142,17391,12,17280,36.3,37.6,20.1,225.4,2.4,479130,16911,5,5,cubic
0.148,17422,12,15840,37.3,44.5,20.1,225.4,3.9,466777,16912,5,5,cubic
0.155,17453,12,15840,38.2,44.5,20.1,225.4,4.7,456597,16914,5,5,cubic
0.162,17484,12,15840,39.0,44.5,20.1,225.4,5.1,448227,16916,5,5,cubic
0.169,17514,12,15840,39.7,44.5,20.1,225.4,5.2,441269,16918,5,5,cubic
0.176,17544,12,15840,40.3,44.4,20.1,225.4,5.1,435594,16920,5,5,cubic
0.183,17574,12,15840,40.8,44.5,20.1,225.4,4.8,430745,16922,5,5,cubic
0.190,17604,12,15840,40.4,37.7,20.1,225.4,4.4,435667,16924,5,5,cubic
0.196,17633,12,15840,40.1,37.6,20.1,225.4,4.0,440241,16926,5,5,cubic
0.203,17663,12,14400,39.9,39.2,20.1,225.4,3.2,442138,16928,5,5,cubic
0.219,13549,9,12960,39.8,39.3,20.1,225.4,2.1,340504,16931,5,5,cubic
0.224,13568,9,11520,39.7,39.4,20.1,225.4,1.7,341453,16932,5,5,cubic
0.232,13601,9,11520,39.7,39.2,20.1,225.4,1.4,342888,16934,5,5,cubic
0.239,13627,9,11520,39.6,39.3,20.1,225.4,1.1,343942,16936,5,5,cubic
0.246,13652,9,10080,40.0,42.7,20.1,225.4,1.6,341223,16938,5,5,cubic
0.256,13683,9,12960,38.9,30.8,20.1,225.4,3.5,352119,16941,5,5,cubic
0.260,13702,9,11520,38.5,36.0,20.1,225.4,3.4,355914,16942,5,5,cubic
0.275,10512,7,8640,37.5,34.2,20.1,225.4,3.6,355914,16944,5,5,cubic
0.282,10534,7,8640,36.9,32.6,20.1,225.4,3.9,355914,16946,5,5,cubic
0.289,10556,7,8640,36.2,31.2,20.1,225.4,4.4,355914,16948,5,5,cubic
0.296,10577,7,8640,35.4,29.9,20.1,225.4,4.9,355914,16950,5,5,cubic
0.303,10599,7,10080,33.7,22.3,20.1,225.4,6.9,355914,16952,5,5,cubic
0.308,10615,7,8640,32.5,24.0,20.1,225.4,7.6,355914,16953,5,5,cubic
0.315,10701,7,7200,31.7,25.7,20.1,225.4,7.4,355914,16955,5,5,cubic
0.323,11276,7,7200,30.3,20.5,20.1,225.4,8.4,355914,16958,5,5,cubic
0.333,11639,8,8640,29.3,22.2,20.1,225.4,8.3,397629,16961,5,5,cubic
0.340,12168,8,8640,28.6,23.6,20.1,225.4,7.6,426005,16964,5,5,cubic
0.351,12336,8,11520,27.5,20.2,20.1,225.4,7.8,448272,16967,5,5,cubic
0.354,12835,8,8640,26.6,20.2,20.1,225.4,7.7,482446,16968,5,5,cubic
0.362,12995,9,11520,26.0,21.9,20.1,225.4,6.9,499442,16971,5,5,cubic
0.368,13310,9,11520,25.7,23.5,20.1,225.4,5.8,517777,16973,5,5,cubic
0.373,13464,9,12960,25.4,23.6,20.1,225.4,4.9,529245,16975,5,5,cubic
0.378,13921,9,10080,25.2,23.9,20.1,225.4,4.1,551523,16976,5,5,cubic
0.386,14216,9,11520,25.2,25.1,20.1,225.4,3.1,563523,16979,5,5,cubic
0.393,14360,9,12960,25.2,25.3,20.1,225.4,2.3,568983,16981,5,5,cubic
0.398,14931,10,8640,25.1,24.5,20.1,225.4,1.9,593866,16982,5,5,cubic
0.406,15343,10,11520,24.8,22.0,20.1,225.4,2.2,619919,16987,5,5,cubic
0.417,15610,10,12960,25.0,26.8,20.1,225.4,2.2,624125,16990,5,5,cubic
0.423,16005,11,11520,25.1,25.3,20.1,225.4,1.7,638922,16992,5,5,cubic
0.430,16133,11,15840,25.2,25.9,20.1,225.4,1.5,641190,16996,5,5,cubic
0.435,16260,11,15840,25.6,28.7,20.1,225.4,2.0,635057,16997,5,5,cubic
0.440,16512,11,14400,26.3,30.9,20.1,225.4,2.8,628717,16998,5,5,cubic
0.447,16760,11,14400,27.1,33.1,20.1,225.4,3.8,618108,17000,5,5,cubic
0.454,17005,11,14400,28.0,34.0,20.1,225.4,4.6,607820,17002,5,5,cubic
0.461,17246,11,14400,28.8,34.2,20.1,225.4,5.0,599673,17004,5,5,cubic
0.468,17484,12,14400,29.9,38.2,20.1,225.4,6.1,583889,17006,5,5,cubic
0.475,17719,12,15840,30.7,36.0,20.1,225.4,6.1,577241,17009,5,5,cubic
0.482,18066,12,14400,31.1,34.2,20.1,225.4,5.5,580284,17011,5,5,cubic
0.499,15837,10,12960,31.8,34.2,20.1,225.4,4.3,497252,17014,5,5,cubic
0.504,15865,11,12960,32.1,34.2,20.1,225.4,3.8,493560,17016,5,5,cubic
0.511,15894,11,12960,32.6,35.9,20.1,225.4,3.8,487426,17019,5,5,cubic
0.519,15930,11,14400,33.0,35.9,20.1,225.4,3.7,482449,17022,5,5,cubic
0.526,15958,11,14400,34.2,42.7,20.1,225.4,5.2,466144,17024,5,5,cubic
0.533,15986,11,14400,33.9,31.8,20.1,225.4,4.5,471188,17026,5,5,cubic
0.006,12238,8,0,34.5,36.0,20.1,225.4,2.5,355157,17027,5,5,cubic
0.006,12238,8,0,34.1,31.8,20.1,225.4,2.6,358559,17029,5,5,cubic
0.033,12428,8,8640,33.2,26.8,20.1,225.4,3.7,374179,17038,5,5,cubic
0.043,12462,8,10080,32.6,27.9,20.1,225.4,4.1,382821,17041,5,5,cubic
0.051,12484,8,10080,31.8,26.6,20.1,225.4,4.6,392529,17043,5,5,cubic
0.058,12507,8,10080,31.0,25.1,20.1,225.4,5.1,403868,17045,5,5,cubic
0.065,12529,8,10080,30.1,24.2,20.1,225.4,5.5,415969,17047,5,5,cubic
0.071,12551,8,10080,29.4,24.0,20.1,225.4,5.7,427602,17049,5,5,cubic
0.078,12572,8,10080,28.5,22.8,20.1,225.4,5.9,440550,17051,5,5,cubic
0.085,12594,8,10080,27.8,22.9,20.1,225.4,5.8,452533,17053,5,5,cubic
0.091,12615,8,10080,27.2,22.8,20.1,225.4,5.6,463684,17055,5,5,cubic
0.098,12636,8,10080,26.6,22.8,20.1,225.4,5.3,474146,17057,5,5,cubic
0.105,12662,8,10080,26.2,22.8,20.1,225.4,5.0,483891,17059,5,5,cubic
0.111,12986,9,10080,25.8,23.4,20.1,225.4,4.4,503001,17061,5,5,cubic
0.118,13302,9,11520,25.6,23.9,20.1,225.4,3.8,520157,17064,5,5,cubic
0.125,13610,9,11520,25.4,23.9,20.1,225.4,3.3,536650,17066,5,5,cubic
0.132,13912,9,11520,25.2,24.0,20.1,225.4,2.8,552392,17068,5,5,cubic
0.139,14206,9,11520,25.0,23.9,20.1,225.4,2.4,567740,17070,5,5,cubic
0.144,14495,10,11520,25.3,27.4,20.1,225.4,2.4,572449,17072,5,5,cubic
0.151,14778,10,12960,25.7,28.7,20.1,225.4,2.6,574170,17075,5,5,cubic
0.158,15055,10,12960,26.3,30.5,20.1,225.4,3.2,571824,17077,5,5,cubic
0.164,15328,10,12960,26.9,30.8,20.1,225.4,3.5,570174,17079,5,5,cubic
0.171,15595,10,12960,27.4,30.8,20.1,225.4,3.6,569617,17081,5,5,cubic
0.176,15727,10,14400,27.4,27.3,20.1,225.4,2.7,574544,17083,5,5,cubic
0.182,15988,11,12960,28.1,33.0,20.1,225.4,3.4,569454,17084,5,5,cubic
0.188,16244,11,14400,28.8,34.2,20.1,225.4,4.1,563186,17087,5,5,cubic
0.195,16497,11,14400,29.5,34.2,20.1,225.4,4.4,559068,17089,5,5,cubic
0.202,16745,11,14400,30.1,34.1,20.1,225.4,4.5,556552,17091,5,5,cubic
0.209,16990,11,14400,30.6,34.2,20.1,225.4,4.4,555210,17093,5,5,cubic
0.216,17231,11,14400,30.6,30.8,20.1,225.4,3.3,562644,17095,5,5,cubic
0.223,17469,12,14400,31.4,37.1,20.1,225.4,4.1,555718,17097,5,5,cubic
0.230,17704,12,15840,32.2,37.6,20.1,225.4,4.6,549642,17100,5,5,cubic
0.236,17936,12,15840,32.9,37.5,20.1,225.4,4.8,545548,17102,5,5,cubic
0.250,15723,10,13015,34.0,37.6,20.1,225.4,4.6,462672,17105,5,5,cubic
0.257,15752,10,13015,34.4,37.6,20.1,225.4,4.4,457388,17107,5,5,cubic
0.264,15780,10,13015,34.8,37.6,20.1,225.4,4.1,452992,17109,5,5,cubic
0.271,15809,10,13015,35.2,37.6,20.1,225.4,3.7,449451,17111,5,5,cubic
0.277,15837,10,11575,35.9,41.0,20.1,225.4,4.3,441117,17113,5,5,cubic
0.286,15872,11,12960,35.7,34.3,20.1,225.4,3.6,444631,17116,5,5,cubic
0.293,15900,11,14400,35.5,34.3,20.1,225.4,3.1,447635,17119,5,5,cubic
0.300,15927,11,14400,35.2,32.6,20.1,225.4,3.0,453063,17121,5,5,cubic
0.305,15947,11,14400,34.8,32.5,20.1,225.4,2.9,457931,17123,5,5,cubic
0.313,15981,11,15840,34.3,30.9,20.1,225.4,3.2,465497,17125,5,5,cubic
0.326,12260,8,11520,34.8,36.0,20.1,225.4,2.6,352389,17126,5,5,cubic
0.332,12284,8,8640,35.0,36.2,20.1,225.4,2.3,351262,17127,5,5,cubic
0.341,12315,8,8640,35.1,36.1,20.1,225.4,2.0,350694,17130,5,5,cubic
0.352,12344,8,10080,35.0,34.3,20.1,225.4,1.7,352605,17133,5,5,cubic
0.356,12368,8,8640,33.6,23.8,20.1,225.4,4.1,367985,17134,5,5,cubic
0.364,12391,8,10080,32.6,25.5,20.1,225.4,5.1,380115,17136,5,5,cubic
0.368,12408,8,8640,31.5,23.8,20.1,225.4,6.0,393979,17137,5,5,cubic
0.375,12431,8,7200,30.4,22.6,20.1,225.4,6.7,409156,17139,5,5,cubic
0.386,12502,8,8640,29.3,21.5,20.1,225.4,7.3,427141,17142,5,5,cubic
0.392,12830,8,8640,28.1,20.2,20.1,225.4,7.7,455999,17144,5,5,cubic
0.398,12990,9,10080,27.1,20.2,20.1,225.4,7.8,478611,17146,5,5,cubic
0.404,13305,9,10080,26.5,22.0,20.1,225.4,7.1,502227,17148,5,5,cubic
0.410,13459,9,11520,25.9,21.9,20.1,225.4,6.5,519411,17150,5,5,cubic
0.415,13764,9,11520,25.4,21.7,20.1,225.4,5.9,542167,17152,5,5,cubic
0.421,14062,9,11520,25.0,22.5,20.1,225.4,5.2,561918,17154,5,5,cubic
0.428,14354,9,11520,24.8,23.2,20.1,225.4,4.3,578977,17156,5,5,cubic
0.435,14639,10,11520,24.7,23.9,20.1,225.4,3.5,593056,17158,5,5,cubic
0.441,14920,10,12960,24.8,25.7,20.1,225.4,2.9,601346,17161,5,5,cubic
0.451,15194,10,12960,25.1,27.2,20.1,225.4,2.7,605073,17163,5,5,cubic
0.455,15599,10,11520,25.2,25.5,20.1,225.4,2.2,619918,17165,5,5,cubic
0.462,15731,10,14400,25.6,29.0,20.1,225.4,2.6,613605,17168,5,5,cubic
0.467,15861,11,14400,25.8,27.2,20.1,225.4,2.3,613887,17169,5,5,cubic
0.472,16120,11,14400,26.7,33.0,20.1,225.4,3.5,603067,17171,5,5,cubic
0.479,16374,11,14400,27.7,34.2,20.1,225.4,4.5,591845,17173,5,5,cubic
0.486,16625,11,14400,28.1,31.2,20.1,225.4,4.3,591531,17175,5,5,cubic
0.493,16871,11,14400,28.9,34.3,20.1,225.4,4.8,584175,17177,5,5,cubic
0.500,17236,11,12960,29.1,30.8,20.1,225.4,4.0,591976,17179,5,5,cubic
0.508,17474,12,14400,29.5,32.5,20.1,225.4,3.9,591556,17182,5,5,cubic
0.006,3072,2,0,32.5,37.5,20.1,225.4,4.6,537033,17185,6,6,cubic
0.006,33531,23,0,32.0,28.6,20.1,225.4,4.4,1046502,17187,6,6,cubic
0.032,37803,26,30240,32.0,31.8,20.1,225.4,3.4,1181085,17211,6,6,cubic
0.081,20371,14,18720,45.0,64.3,20.1,225.4,15.9,452789,17218,6,6,cubic
0.088,20572,14,18720,47.7,66.7,20.1,225.4,17.4,431242,17220,6,6,cubic
0.095,20771,14,18720,50.6,70.8,20.1,225.4,18.8,410615,17222,6,6,cubic
0.102,20969,14,18720,53.6,74.9,20.1,225.4,20.2,391044,17224,6,6,cubic
0.109,21165,14,18720,56.1,73.5,20.1,225.4,20.1,377205,17226,6,6,cubic
0.116,21358,14,18720,59.1,80.4,20.1,225.4,21.1,361106,17228,6,6,cubic
0.123,21550,14,18720,62.6,87.2,20.1,225.4,22.9,343974,17230,6,6,cubic
0.129,21741,15,18720,60.4,44.5,20.1,225.4,21.7,360057,17232,6,6,cubic
0.137,21929,15,20160,58.4,44.5,20.1,225.4,20.2,375490,17235,6,6,cubic
0.145,19187,13,18720,57.1,47.9,20.1,225.4,17.8,336124,17237,6,6,cubic
0.152,19229,13,17280,55.9,47.8,20.1,225.4,15.7,343835,17238,6,6,cubic
0.158,19262,13,17280,54.9,47.8,20.1,225.4,13.8,350785,17240,6,6,cubic
0.166,19295,13,17280,54.0,47.9,20.1,225.4,12.1,357123,17242,6,6,cubic
0.174,19327,13,17280,53.3,47.9,20.1,225.4,10.6,362887,17244,6,6,cubic
0.182,19359,13,17280,52.6,47.7,20.1,225.4,9.3,368258,17246,6,6,cubic
0.186,19391,13,15840,51.8,46.7,20.1,225.4,8.5,374090,17247,6,6,cubic
0.194,19423,13,15840,51.0,45.4,20.1,225.4,8.0,380589,17249,6,6,cubic
0.201,19454,13,15840,50.1,44.0,20.1,225.4,7.7,387916,17251,6,6,cubic
0.208,19485,13,15840,49.1,42.1,20.1,225.4,7.8,396495,17253,6,6,cubic
0.220,14946,10,12960,47.1,40.0,20.1,225.4,8.0,317297,17255,6,6,cubic
0.227,14974,10,12960,46.1,39.4,20.1,225.4,7.9,324548,17257,6,6,cubic
0.234,15001,10,12960,45.2,38.3,20.1,225.4,7.9,332218,17259,6,6,cubic
0.243,15029,10,12960,44.2,37.9,20.1,225.4,7.7,339669,17261,6,6,cubic
0.252,15056,10,12960,43.4,37.3,20.1,225.4,7.5,347096,17263,6,6,cubic
0.255,15083,10,11520,41.8,30.8,20.1,225.4,8.8,360785,17264,6,6,cubic
0.263,15110,10,10080,40.5,31.0,20.1,225.4,9.3,373446,17266,6,6,cubic
0.272,11568,8,10080,39.1,29.5,20.1,225.4,9.7,295962,17268,6,6,cubic
0.277,11591,8,8640,37.7,27.7,20.1,225.4,10.1,307731,17269,6,6,cubic
0.286,11615,8,7200,35.7,22.1,20.1,225.4,11.5,325204,17271,6,6,cubic
0.294,11644,8,7200,33.9,21.1,20.1,225.4,12.3,343572,17273,6,6,cubic
0.303,11667,8,8640,32.4,21.9,20.1,225.4,12.2,360259,17275,6,6,cubic
0.306,11688,8,7200,31.1,21.8,20.1,225.4,11.8,376303,17276,6,6,cubic
0.314,11711,8,7200,29.7,20.4,20.1,225.4,11.5,393991,17278,6,6,cubic
0.321,11739,8,7200,28.6,20.5,20.1,225.4,10.9,410828,17280,6,6,cubic
0.331,11766,8,8640,27.6,20.8,20.1,225.4,10.1,426258,17283,6,6,cubic
0.338,11879,8,8640,26.8,21.4,20.1,225.4,9.2,442899,17285,6,6,cubic
0.344,12225,8,8640,26.0,20.1,20.1,225.4,8.5,470445,17287,6,6,cubic
0.353,12560,8,10080,25.5,21.8,20.1,225.4,7.5,493361,17290,6,6,cubic
0.360,12887,8,10080,25.0,21.9,20.1,225.4,6.5,515315,17292,6,6,cubic
0.367,13205,9,10080,24.7,22.3,20.1,225.4,5.6,535395,17294,6,6,cubic
0.374,13515,9,11520,24.4,22.9,20.1,225.4,4.6,552919,17297,6,6,cubic
0.380,13819,9,11520,24.4,23.8,20.1,225.4,3.6,567212,17299,6,6,cubic
0.387,14116,9,11520,24.3,24.0,20.1,225.4,2.8,580499,17301,6,6,cubic
0.394,14406,10,11520,24.3,23.9,20.1,225.4,2.2,593596,17303,6,6,cubic
0.401,14691,10,12960,24.9,29.5,20.1,225.4,3.0,589550,17306,6,6,cubic
0.406,14830,10,14400,25.2,27.3,20.1,225.4,2.8,588188,17308,6,6,cubic
0.411,15107,10,12960,25.5,27.3,20.1,225.4,2.6,592919,17309,6,6,cubic
0.418,15378,10,12960,25.7,27.4,20.1,225.4,2.5,597970,17311,6,6,cubic
0.425,15645,10,12960,25.9,27.4,20.1,225.4,2.2,603564,17313,6,6,cubic
0.432,15907,11,12960,26.8,33.0,20.1,225.4,3.5,593345,17315,6,6,cubic
0.439,16294,11,12960,27.5,32.5,20.1,225.4,4.0,592078,17318,6,6,cubic
0.447,16546,11,14400,28.4,34.2,20.1,225.4,4.7,583489,17321,6,6,cubic
0.456,16793,11,14400,29.1,34.1,20.1,225.4,4.9,577614,17323,6,6,cubic
0.463,17038,11,14400,29.7,34.2,20.1,225.4,5.0,573322,17325,6,6,cubic
0.469,17278,11,14400,30.3,34.2,20.1,225.4,4.9,570626,17327,6,6,cubic
0.476,15118,10,14400,30.8,34.3,20.1,225.4,4.7,491210,17329,6,6,cubic
0.483,15146,10,11520,31.2,34.2,20.1,225.4,4.3,485464,17330,6,6,cubic
0.492,15181,10,12960,31.6,34.2,20.1,225.4,4.0,480822,17333,6,6,cubic
0.499,15209,10,12960,31.9,34.2,20.1,225.4,3.7,476726,17335,6,6,cubic
0.505,15236,10,12960,32.2,34.2,20.1,225.4,3.3,473329,17337,6,6,cubic
0.512,15264,10,12960,32.4,34.1,20.1,225.4,3.0,470718,17339,6,6,cubic
0.519,15291,10,12960,32.6,34.1,20.1,225.4,2.7,468474,17341,6,6,cubic
0.526,15318,10,12960,32.6,32.4,20.1,225.4,2.0,469661,17343,6,6,cubic
0.540,11751,8,10135,32.6,32.6,20.1,225.4,1.2,360482,17346,6,6,cubic
0.546,11775,8,10135,32.6,32.5,20.1,225.4,0.9,361307,17348,6,6,cubic
0.553,11798,8,10135,32.6,32.5,20.1,225.4,0.7,362157,17350,6,6,cubic
0.005,11798,8,0,29.6,24.0,20.1,225.4,4.5,398325,17351,6,6,cubic
0.007,11798,8,0,29.8,30.7,20.1,225.4,3.7,396464,17353,6,6,cubic
0.035,11919,8,8640,29.5,27.5,20.1,225.4,3.3,404308,17362,6,6,cubic
0.043,11946,8,10080,29.6,30.3,20.1,225.4,2.7,403908,17365,6,6,cubic
0.050,11968,8,10080,29.6,29.8,20.1,225.4,2.1,404269,17367,6,6,cubic
0.057,11990,8,10080,29.6,29.4,20.1,225.4,1.6,405341,17369,6,6,cubic
0.064,12011,8,10080,29.3,27.3,20.1,225.4,1.8,409973,17371,6,6,cubic
0.071,12118,8,10080,28.8,25.6,20.1,225.4,2.2,420194,17373,6,6,cubic
0.078,12456,8,10080,28.4,25.7,20.1,225.4,2.5,437882,17375,6,6,cubic
0.084,12785,8,10080,28.1,25.7,20.1,225.4,2.5,454966,17377,6,6,cubic
0.091,13106,9,10080,27.8,25.7,20.1,225.4,2.5,471404,17379,6,6,cubic
0.098,13419,9,11520,27.5,25.6,20.1,225.4,2.4,487502,17382,6,6,cubic
0.105,13725,9,11520,27.1,23.9,20.1,225.4,2.7,507000,17384,6,6,cubic
0.112,14023,9,11520,26.7,23.9,20.1,225.4,2.8,525639,17386,6,6,cubic
0.119,14316,9,11520,26.3,24.0,20.1,225.4,2.8,543487,17388,6,6,cubic
0.125,14602,10,11520,26.4,26.6,20.1,225.4,2.2,553651,17390,6,6,cubic
0.132,14883,10,12960,26.5,27.3,20.1,225.4,1.9,561771,17393,6,6,cubic
0.139,15159,10,12960,26.8,28.7,20.1,225.4,1.9,566268,17395,6,6,cubic
0.146,15429,10,12960,27.1,29.6,20.1,225.4,2.2,568936,17397,6,6,cubic
0.153,15695,10,12960,27.8,32.5,20.1,225.4,3.0,564791,17399,6,6,cubic
0.161,15956,11,12960,28.6,34.3,20.1,225.4,3.8,557921,17401,6,6,cubic
0.170,16213,11,14400,29.3,34.2,20.1,225.4,4.3,553344,17404,6,6,cubic
0.177,16466,11,14400,29.9,34.2,20.1,225.4,4.4,550555,17406,6,6,cubic
0.184,16715,11,14400,30.5,34.3,20.1,225.4,4.4,548896,17408,6,6,cubic
0.191,16961,11,14400,30.9,34.2,20.1,225.4,4.2,548615,17410,6,6,cubic
0.197,17202,11,14400,31.1,32.6,20.1,225.4,3.6,552710,17412,6,6,cubic
0.204,17560,12,12960,31.5,34.1,20.1,225.4,3.4,557584,17414,6,6,cubic
0.213,17910,12,14400,32.0,35.9,20.1,225.4,3.7,558936,17418,6,6,cubic
0.221,18139,12,15840,32.5,35.8,20.1,225.4,3.7,557831,17421,6,6,cubic
0.228,18478,12,14400,32.1,29.0,20.1,225.4,3.6,575961,17423,6,6,cubic
0.235,16168,11,14400,31.9,30.7,20.1,225.4,3.1,506659,17426,6,6,cubic
0.245,16212,11,14400,32.5,36.9,20.1,225.4,3.5,498370,17428,6,6,cubic
0.252,16242,11,14400,33.2,37.6,20.1,225.4,3.9,489792,17430,6,6,cubic
0.261,16278,11,14400,33.5,35.9,20.1,225.4,3.6,485866,17432,6,6,cubic
0.268,16307,11,14400,33.8,35.9,20.1,225.4,3.3,482427,17434,6,6,cubic
0.274,16335,11,12960,34.5,39.3,20.1,225.4,3.9,473560,17436,6,6,cubic
0.283,16371,11,14400,34.7,35.9,20.1,225.4,3.3,472126,17439,6,6,cubic
0.290,16398,11,14400,34.6,34.1,20.1,225.4,2.6,473807,17441,6,6,cubic
0.297,16426,11,12960,34.5,34.1,20.1,225.4,2.1,475523,17443,6,6,cubic
0.310,12594,8,11520,34.4,32.4,20.1,225.4,2.0,365934,17446,6,6,cubic
0.317,12619,8,11520,34.8,37.1,20.1,225.4,2.2,363084,17447,6,6,cubic
0.322,12638,8,10080,34.9,35.9,20.1,225.4,1.9,362120,17448,6,6,cubic
0.329,12663,8,10080,35.0,35.9,20.1,225.4,1.7,361552,17450,6,6,cubic
0.336,12687,8,10080,35.1,35.9,20.1,225.4,1.5,361164,17452,6,6,cubic
0.343,12711,8,10080,34.4,29.1,20.1,225.4,2.6,369849,17454,6,6,cubic
0.349,12729,8,10080,33.1,23.9,20.1,225.4,4.6,385050,17456,6,6,cubic
0.357,12759,8,8640,32.1,25.5,20.1,225.4,5.3,397352,17458,6,6,cubic
0.365,12776,8,8640,30.7,20.7,20.1,225.4,6.9,416414,17460,6,6,cubic
0.370,12801,8,8640,29.4,20.4,20.1,225.4,7.7,435511,17462,6,6,cubic
0.377,12824,8,10080,28.4,21.9,20.1,225.4,7.7,450755,17464,6,6,cubic
0.383,13113,9,10080,27.8,23.3,20.1,225.4,7.0,471622,17466,6,6,cubic
0.392,13426,9,11520,27.1,21.9,20.1,225.4,6.8,496101,17469,6,6,cubic
0.398,13884,9,10080,26.6,23.5,20.1,225.4,6.0,521562,17471,6,6,cubic
0.406,14179,9,11520,26.3,23.7,20.1,225.4,5.2,540049,17474,6,6,cubic
0.411,14468,10,11520,25.6,20.8,20.1,225.4,5.3,565775,17476,6,6,cubic
0.419,14894,10,11520,24.9,20.4,20.1,225.4,5.2,597624,17479,6,6,cubic
0.426,15169,10,12960,24.7,23.2,20.1,225.4,4.4,614079,17482,6,6,cubic
0.430,15439,10,12960,24.3,21.2,20.1,225.4,4.2,636318,17484,6,6,cubic
0.438,15705,10,12960,24.3,24.9,20.1,225.4,3.3,645048,17486,6,6,cubic
0.443,15966,11,12960,24.2,23.1,20.1,225.4,2.8,660079,17488,6,6,cubic
0.450,16223,11,14400,24.8,28.7,20.1,225.4,3.2,655368,17491,6,6,cubic
0.456,16476,11,14400,25.5,30.7,20.1,225.4,3.9,646117,17493,6,6,cubic
0.463,16725,11,14400,26.4,32.9,20.1,225.4,4.8,632779,17495,6,6,cubic
0.470,16847,11,15840,27.2,32.4,20.1,225.4,5.1,619785,17497,6,6,cubic
0.475,17091,11,14400,28.1,34.2,20.1,225.4,5.6,609022,17498,6,6,cubic
0.482,17331,12,14400,29.0,35.9,20.1,225.4,6.1,596859,17500,6,6,cubic
0.489,17567,12,15840,29.9,35.8,20.1,225.4,6.3,587859,17503,6,6,cubic
0.006,3072,2,0,34.9,41.1,20.1,225.4,5.8,440391,17506,7,7,cubic
0.005,35953,24,0,34.4,30.5,20.1,225.4,5.5,1046483,17508,7,7,cubic
0.032,38801,26,33120,33.8,30.3,20.1,225.4,5.1,1146330,17533,7,7,cubic
0.076,20735,14,20160,43.3,61.0,20.1,225.4,13.5,478934,17537,7,7,cubic
0.083,20933,14,18720,46.0,65.1,20.1,225.4,15.6,454897,17538,7,7,cubic
0.090,21129,14,18720,48.9,69.1,20.1,225.4,17.5,432032,17540,7,7,cubic
0.097,21323,14,18720,51.9,73.2,20.1,225.4,19.2,410476,17542,7,7,cubic
0.104,21515,14,18720,55.1,77.4,20.1,225.4,20.8,390273,17544,7,7,cubic
0.111,21706,15,18720,58.4,81.5,20.1,225.4,22.2,371531,17546,7,7,cubic
0.118,21989,15,18720,61.8,85.6,20.1,225.4,23.4,355676,17549,7,7,cubic
0.127,22176,15,20160,60.1,48.0,20.1,225.4,21.0,369052,17552,7,7,cubic
0.135,22360,15,20160,58.6,48.0,20.1,225.4,18.8,381745,17554,7,7,cubic
0.147,19598,13,17280,55.9,46.2,20.1,225.4,15.3,350853,17556,7,7,cubic
0.154,19632,13,17280,54.6,46.2,20.1,225.4,13.9,359251,17558,7,7,cubic
0.160,19665,13,17280,53.6,46.1,20.1,225.4,12.6,366993,17560,7,7,cubic
0.167,19698,13,17280,52.6,46.1,20.1,225.4,11.3,374166,17562,7,7,cubic
0.174,19731,13,17280,52.0,47.5,20.1,225.4,9.8,379405,17564,7,7,cubic
0.182,19763,13,17280,51.3,46.1,20.1,225.4,8.8,385506,17566,7,7,cubic
0.189,19795,13,17280,50.6,45.9,20.1,225.4,7.9,391244,17568,7,7,cubic
0.197,19827,13,17280,49.8,44.4,20.1,225.4,7.5,397940,17570,7,7,cubic
0.204,19859,13,17280,49.0,43.3,20.1,225.4,7.2,405178,17572,7,7,cubic
0.210,19890,13,17280,48.2,42.3,20.1,225.4,7.1,412929,17574,7,7,cubic
0.222,15256,10,14400,46.4,40.3,20.1,225.4,7.0,328538,17576,7,7,cubic
0.229,15285,10,12960,45.6,40.1,20.1,225.4,6.9,334874,17577,7,7,cubic
0.236,15312,10,12960,44.8,39.2,20.1,225.4,6.8,341473,17579,7,7,cubic
0.243,15341,10,12960,44.2,39.3,20.1,225.4,6.4,347466,17581,7,7,cubic
0.249,15368,10,12960,43.5,39.0,20.1,225.4,6.1,353181,17583,7,7,cubic
0.256,15396,10,12960,42.9,38.9,20.1,225.4,5.7,358546,17585,7,7,cubic
0.264,15423,10,12960,41.4,30.7,20.1,225.4,7.3,372410,17587,7,7,cubic
0.272,11807,8,11520,40.5,34.2,20.1,225.4,7.3,291401,17589,7,7,cubic
0.278,11837,8,10080,39.6,33.0,20.1,225.4,7.4,299072,17590,7,7,cubic
0.287,11861,8,10080,38.6,31.9,20.1,225.4,7.4,307168,17592,7,7,cubic
0.296,11885,8,8640,37.3,28.0,20.1,225.4,8.2,318795,17594,7,7,cubic
0.305,11914,8,10080,36.1,28.1,20.1,225.4,8.5,329771,17596,7,7,cubic
0.309,11931,8,8640,34.8,25.7,20.1,225.4,9.0,342657,17597,7,7,cubic
0.313,11954,8,7200,33.3,22.5,20.1,225.4,9.8,359227,17598,7,7,cubic
0.321,11977,8,7200,31.8,21.5,20.1,225.4,10.3,376552,17600,7,7,cubic
0.329,11999,8,7200,30.5,21.5,20.1,225.4,10.3,393126,17602,7,7,cubic
0.339,12158,8,8640,29.4,21.9,20.1,225.4,9.9,412877,17605,7,7,cubic
0.343,12326,8,8640,28.3,20.2,20.1,225.4,9.7,435763,17606,7,7,cubic
0.349,12659,8,8640,27.4,20.9,20.1,225.4,9.1,462632,17608,7,7,cubic
0.355,12983,9,8640,26.5,20.2,20.1,225.4,8.6,490553,17610,7,7,cubic
0.364,13299,9,10080,25.9,21.6,20.1,225.4,7.7,514308,17613,7,7,cubic
0.369,13607,9,10080,25.1,20.2,20.1,225.4,7.2,541098,17615,7,7,cubic
0.374,13909,9,10080,24.5,20.2,20.1,225.4,6.6,567089,17617,7,7,cubic
0.382,14056,9,12960,24.0,20.1,20.1,225.4,6.1,586179,17620,7,7,cubic
0.386,14494,10,10080,23.5,20.2,20.1,225.4,5.5,616739,17621,7,7,cubic
0.393,14777,10,12960,23.1,20.2,20.1,225.4,4.9,639946,17625,7,7,cubic
0.400,14915,10,14400,23.0,22.2,20.1,225.4,3.9,649240,17627,7,7,cubic
0.405,15190,10,12960,23.1,23.8,20.1,225.4,3.2,658088,17628,7,7,cubic
0.412,15595,10,11520,23.5,26.1,20.1,225.4,3.1,664861,17630,7,7,cubic
0.418,15990,11,11520,23.7,25.4,20.1,225.4,2.8,674569,17633,7,7,cubic
0.427,16503,11,11520,23.5,22.1,20.1,225.4,2.5,702285,17637,7,7,cubic
0.434,16876,11,12960,23.3,21.9,20.1,225.4,2.3,724385,17641,7,7,cubic
0.440,16997,11,15840,23.2,22.4,20.1,225.4,1.9,732945,17644,7,7,cubic
0.447,17480,12,11520,23.5,25.9,20.1,225.4,2.1,742786,17645,7,7,cubic
0.006,3072,2,0,25.2,27.3,20.1,225.4,3.0,694891,17647,8,8,cubic
0.006,26901,18,0,25.7,29.6,20.1,225.4,3.3,1046487,17649,8,8,cubic
0.031,31877,22,23040,26.4,31.1,20.1,225.4,3.8,1208423,17668,8,8,cubic
0.076,17424,12,15840,38.4,57.7,20.1,225.4,15.7,454270,17675,8,8,cubic
0.083,17659,12,15840,41.3,61.8,20.1,225.4,17.7,427734,17677,8,8,cubic
0.089,17892,12,15840,44.4,65.9,20.1,225.4,19.4,403381,17679,8,8,cubic
0.096,18121,12,15840,46.5,61.6,20.1,225.4,18.9,389623,17681,8,8,cubic
0.103,18347,12,15840,49.2,68.4,20.1,225.4,19.6,372588,17683,8,8,cubic
0.108,18571,12,15840,52.4,74.7,20.1,225.4,21.1,354273,17685,8,8,cubic
0.115,18792,13,15840,50.6,37.6,20.1,225.4,19.5,371618,17687,8,8,cubic
0.125,19010,13,17280,48.9,37.6,20.1,225.4,17.9,388395,17690,8,8,cubic
0.129,19226,13,15840,47.5,37.6,20.1,225.4,16.2,404536,17691,8,8,cubic
0.136,19439,13,15840,46.3,37.7,20.1,225.4,14.6,419930,17693,8,8,cubic
0.149,17039,11,14400,44.5,39.4,20.1,225.4,11.3,383045,17696,8,8,cubic
0.156,17070,11,14400,43.6,37.7,20.1,225.4,10.2,391253,17698,8,8,cubic
0.163,17100,11,14400,43.4,41.5,20.1,225.4,8.2,394327,17700,8,8,cubic
0.172,17138,11,15840,43.1,41.5,20.1,225.4,6.6,397393,17702,8,8,cubic
0.177,17160,11,14400,43.1,43.0,20.1,225.4,5.0,398060,17703,8,8,cubic
0.184,17190,11,14400,43.1,43.0,20.1,225.4,3.8,398932,17705,8,8,cubic
0.190,17219,11,14400,42.6,39.5,20.1,225.4,3.7,403860,17707,8,8,cubic
0.197,17248,11,14400,42.2,39.4,20.1,225.4,3.6,408362,17709,8,8,cubic
0.204,17277,11,14400,41.9,39.5,20.1,225.4,3.4,412457,17711,8,8,cubic
0.218,13253,9,11520,41.1,39.4,20.1,225.4,3.2,322284,17713,8,8,cubic
0.225,13278,9,11520,40.9,39.3,20.1,225.4,2.8,324701,17715,8,8,cubic
0.231,13304,9,11520,40.7,39.3,20.1,225.4,2.5,326911,17717,8,8,cubic
0.239,13329,9,11520,40.5,39.3,20.1,225.4,2.2,328924,17719,8,8,cubic
0.247,13354,9,11520,40.1,37.5,20.1,225.4,2.4,332602,17721,8,8,cubic
0.256,13379,9,11520,39.0,30.7,20.1,225.4,4.2,343332,17723,8,8,cubic
0.260,13404,9,8640,37.5,27.3,20.1,225.4,6.0,357325,17724,8,8,cubic
0.267,10261,7,8640,36.2,27.1,20.1,225.4,7.1,357325,17726,8,8,cubic
0.274,10283,7,8640,34.9,25.3,20.1,225.4,8.1,357325,17728,8,8,cubic
0.281,10305,7,8640,33.4,23.3,20.1,225.4,8.9,357325,17730,8,8,cubic
0.288,10326,7,8640,32.0,22.4,20.1,225.4,9.5,357325,17732,8,8,cubic
0.295,10347,7,8640,31.2,25.7,20.1,225.4,8.7,357325,17734,8,8,cubic
0.302,10369,7,8640,30.5,25.6,20.1,225.4,7.9,357325,17736,8,8,cubic
0.308,10413,7,7200,29.2,20.2,20.1,225.4,8.5,357325,17738,8,8,cubic
0.315,10610,7,10080,28.3,21.9,20.1,225.4,8.2,357325,17741,8,8,cubic
0.320,10996,7,8640,27.5,21.9,20.1,225.4,7.8,357325,17742,8,8,cubic
0.328,11369,7,8640,27.0,23.4,20.1,225.4,6.9,357325,17744,8,8,cubic
0.334,11910,8,7200,26.6,23.6,20.1,225.4,6.0,448165,17746,8,8,cubic
0.343,12082,8,11520,25.8,20.2,20.1,225.4,6.1,468712,17750,8,8,cubic
0.348,12252,8,11520,25.4,22.9,20.1,225.4,5.3,482001,17751,8,8,cubic
0.353,12587,8,10080,24.9,21.4,20.1,225.4,5.0,505096,17752,8,8,cubic
0.360,12913,8,10080,24.7,22.9,20.1,225.4,4.2,523492,17754,8,8,cubic
0.367,13230,9,10080,24.9,26.6,20.1,225.4,3.7,531154,17756,8,8,cubic
0.374,13540,9,11520,25.2,26.9,20.1,225.4,3.2,538219,17759,8,8,cubic
0.379,13994,9,10080,25.0,23.9,20.1,225.4,2.8,559916,17761,8,8,cubic
0.389,14434,10,10080,24.6,21.9,20.1,225.4,2.8,586628,17764,8,8,cubic
0.396,14860,10,11520,24.0,20.1,20.1,225.4,3.2,617956,17768,8,8,cubic
0.402,15136,10,12960,23.6,20.1,20.1,225.4,3.4,642499,17771,8,8,cubic
0.411,15407,10,12960,23.8,25.3,20.1,225.4,3.0,648197,17773,8,8,cubic
0.418,15806,10,11520,24.3,27.8,20.1,225.4,3.2,651176,17775,8,8,cubic
0.425,15936,11,14400,24.6,27.1,20.1,225.4,3.1,647199,17778,8,8,cubic
0.430,16193,11,14400,25.6,32.7,20.1,225.4,4.4,631798,17780,8,8,cubic
0.437,16573,11,12960,26.5,32.7,20.1,225.4,5.0,624995,17782,8,8,cubic
0.444,16821,11,14400,26.8,28.9,20.1,225.4,4.4,627181,17785,8,8,cubic
0.450,17065,11,14400,27.3,30.8,20.1,225.4,4.3,624611,17787,8,8,cubic
0.457,17545,12,11520,27.3,27.2,20.1,225.4,3.2,642509,17789,8,8,cubic
0.006,17545,12,0,28.2,30.2,20.1,225.4,2.0,623135,17793,8,8,cubic
0.007,17545,12,0,28.5,31.2,20.1,225.4,2.3,614880,17795,8,8,cubic
0.033,17896,12,14400,29.1,33.2,20.1,225.4,2.9,614518,17808,8,8,cubic
0.044,18125,12,15840,29.7,33.4,20.1,225.4,3.2,611216,17811,8,8,cubic
0.050,18351,12,15840,30.7,37.6,20.1,225.4,4.4,598688,17813,8,8,cubic
0.057,18575,12,15840,31.8,39.8,20.1,225.4,5.6,584211,17815,8,8,cubic
0.064,18795,13,15840,33.1,42.0,20.1,225.4,6.7,568408,17817,8,8,cubic
0.071,19014,13,17280,34.5,44.2,20.1,225.4,7.8,551754,17820,8,8,cubic
0.078,19229,13,17280,35.3,40.9,20.1,225.4,7.5,545209,17822,8,8,cubic
0.085,19443,13,17280,35.6,37.6,20.1,225.4,6.2,546858,17824,8,8,cubic
0.092,19654,13,17280,35.8,37.6,20.1,225.4,5.2,548871,17826,8,8,cubic
0.098,19862,13,17280,36.0,37.6,20.1,225.4,4.3,551201,17828,8,8,cubic
0.105,20069,13,17280,36.2,37.6,20.1,225.4,3.6,553887,17830,8,8,cubic
0.112,20273,14,17280,37.3,44.5,20.1,225.4,4.8,544022,17832,8,8,cubic
0.119,20475,14,18720,38.1,44.3,20.1,225.4,5.4,536767,17835,8,8,cubic
0.126,20676,14,18720,38.9,44.5,20.1,225.4,5.6,531011,17837,8,8,cubic
0.133,20874,14,18720,39.6,44.5,20.1,225.4,5.6,526708,17839,8,8,cubic
0.139,21070,14,18720,40.2,44.4,20.1,225.4,5.4,523777,17841,8,8,cubic
0.146,18436,12,17280,40.3,41.0,20.1,225.4,4.2,457174,17843,8,8,cubic
0.155,18476,12,15840,40.4,41.0,20.1,225.4,3.3,457258,17844,8,8,cubic
0.162,18508,12,15840,41.3,47.8,20.1,225.4,4.4,447777,17846,8,8,cubic
0.168,18540,12,15840,42.2,47.9,20.1,225.4,4.9,439774,17848,8,8,cubic
0.175,18572,12,15840,42.9,47.8,20.1,225.4,5.1,433226,17850,8,8,cubic
0.182,18603,12,15840,43.5,47.8,20.1,225.4,5.1,427783,17852,8,8,cubic
0.189,18634,12,15840,43.8,46.1,20.1,225.4,4.5,425249,17854,8,8,cubic
0.196,18665,12,15840,43.1,37.7,20.1,225.4,4.9,433515,17856,8,8,cubic
0.203,18695,12,15840,42.4,37.7,20.1,225.4,5.0,441096,17858,8,8,cubic
0.210,18726,13,15840,41.8,37.7,20.1,225.4,4.9,448086,17860,8,8,cubic
0.230,14391,9,11520,40.4,37.7,20.1,225.4,4.1,356001,17863,8,8,cubic
0.237,14418,10,11520,40.1,37.7,20.1,225.4,3.8,359739,17865,8,8,cubic
0.244,14445,10,12960,39.8,37.6,20.1,225.4,3.5,363195,17868,8,8,cubic
0.252,14471,10,12960,39.5,37.6,20.1,225.4,3.1,366298,17870,8,8,cubic
0.260,14497,10,12960,40.1,44.4,20.1,225.4,3.6,361340,17872,8,8,cubic
0.268,14523,10,12960,38.9,30.7,20.1,225.4,5.0,372939,17874,8,8,cubic
0.278,11141,7,8640,37.0,30.5,20.1,225.4,6.2,372939,17875,8,8,cubic
0.285,11164,7,8640,36.0,29.4,20.1,225.4,6.6,372939,17877,8,8,cubic
0.292,11187,7,8640,35.1,28.4,20.1,225.4,6.8,372939,17879,8,8,cubic
0.299,11209,7,8640,34.1,27.3,20.1,225.4,7.1,372939,17881,8,8,cubic
0.305,11231,7,8640,32.8,23.8,20.1,225.4,7.9,372939,17883,8,8,cubic
0.312,11253,7,7200,31.3,20.4,20.1,225.4,9.0,372939,17885,8,8,cubic
0.321,11281,7,8640,29.9,20.6,20.1,225.4,9.4,372939,17888,8,8,cubic
0.328,11520,8,8640,28.8,20.5,20.1,225.4,9.4,400625,17890,8,8,cubic
0.335,11876,8,10080,27.7,20.5,20.1,225.4,9.1,428288,17893,8,8,cubic
0.341,12221,8,10080,27.5,25.6,20.1,225.4,7.4,445014,17895,8,8,cubic
0.348,12557,8,10080,27.0,23.9,20.1,225.4,6.4,464867,17897,8,8,cubic
0.355,12883,8,10080,26.6,23.9,20.1,225.4,5.6,483850,17899,8,8,cubic
0.362,13202,9,10080,26.3,23.9,20.1,225.4,4.9,502320,17901,8,8,cubic
0.369,13512,9,11520,26.0,24.0,20.1,225.4,4.2,519852,17904,8,8,cubic
0.376,13816,9,11520,25.7,24.0,20.1,225.4,3.7,536710,17906,8,8,cubic
0.382,14113,9,11520,25.5,24.0,20.1,225.4,3.2,553038,17908,8,8,cubic
0.389,14403,10,11520,25.3,23.9,20.1,225.4,2.8,568951,17910,8,8,cubic
0.396,14688,10,12960,25.6,27.3,20.1,225.4,2.6,574625,17913,8,8,cubic
0.403,14967,10,12960,25.9,28.7,20.1,225.4,2.7,576763,17915,8,8,cubic
0.410,15241,10,12960,26.5,30.3,20.1,225.4,3.1,575240,17917,8,8,cubic
0.417,15510,10,12960,27.0,30.8,20.1,225.4,3.4,573615,17919,8,8,cubic
0.422,15907,11,11520,27.3,29.5,20.1,225.4,3.2,581821,17921,8,8,cubic
0.430,16422,11,11520,27.3,27.3,20.1,225.4,2.4,600724,17925,8,8,cubic
0.437,16672,11,14400,26.9,23.8,20.1,225.4,2.7,620007,17929,8,8,cubic
0.442,16918,11,14400,26.5,23.8,20.1,225.4,2.8,638222,17931,8,8,cubic
0.451,17039,11,15840,26.2,23.9,20.1,225.4,2.7,650890,17933,8,8,cubic
0.456,17280,12,14400,26.6,29.6,20.1,225.4,2.9,649379,17934,8,8,cubic
0.463,17517,12,15840,26.9,29.0,20.1,225.4,2.8,650899,17937,8,8,cubic
0.006,17517,12,0,28.8,26.2,20.1,225.4,3.4,608039,17939,8,8,cubic
0.006,17517,12,0,29.0,30.6,20.1,225.4,3.0,603327,17941,8,8,cubic
0.032,17751,12,15840,29.2,30.6,20.1,225.4,2.7,607411,17954,8,8,cubic
0.037,17867,12,17280,29.6,32.2,20.1,225.4,2.7,603635,17956,8,8,cubic
0.043,18096,12,15840,30.1,33.3,20.1,225.4,3.0,602036,17957,8,8,cubic
0.049,18323,12,15840,30.9,36.5,20.1,225.4,3.8,593803,17959,8,8,cubic
0.056,18547,12,15840,31.8,38.5,20.1,225.4,4.8,582964,17961,8,8,cubic
0.063,18768,13,15840,32.9,40.6,20.1,225.4,5.8,570195,17963,8,8,cubic
0.070,18987,13,17280,34.1,42.7,20.1,225.4,6.8,556102,17966,8,8,cubic
0.077,19203,13,17280,35.0,41.1,20.1,225.4,6.8,548531,17968,8,8,cubic
0.084,19416,13,17280,35.3,37.6,20.1,225.4,5.8,549514,17970,8,8,cubic
0.091,19627,13,17280,35.6,37.6,20.1,225.4,4.9,551041,17972,8,8,cubic
0.097,19836,13,17280,35.9,37.6,20.1,225.4,4.2,552981,17974,8,8,cubic
0.104,20043,13,17280,36.1,37.7,20.1,225.4,3.6,555284,17976,8,8,cubic
0.111,20248,14,17280,37.1,44.5,20.1,225.4,4.8,545121,17978,8,8,cubic
0.118,20450,14,18720,38.1,44.6,20.1,225.4,5.4,537168,17981,8,8,cubic
0.127,20651,14,18720,38.9,44.5,20.1,225.4,5.7,531229,17983,8,8,cubic
0.132,20849,14,18720,39.6,44.4,20.1,225.4,5.6,526968,17985,8,8,cubic
0.138,21046,14,18720,40.2,44.5,20.1,225.4,5.5,523832,17987,8,8,cubic
0.145,18415,12,17280,40.3,41.0,20.1,225.4,4.3,457152,17989,8,8,cubic
0.154,18455,12,15840,40.4,41.1,20.1,225.4,3.4,457033,17990,8,8,cubic
0.161,18487,12,15840,41.3,47.9,20.1,225.4,4.4,447475,17992,8,8,cubic
0.167,18519,12,15840,41.9,46.1,20.1,225.4,4.5,441864,17994,8,8,cubic
0.174,18551,12,15840,42.2,44.1,20.1,225.4,3.9,439763,17996,8,8,cubic
0.181,18582,12,15840,42.7,46.2,20.1,225.4,4.0,435359,17998,8,8,cubic
0.188,18613,12,15840,43.1,46.2,20.1,225.4,3.8,431615,18000,8,8,cubic
0.195,18644,12,15840,42.4,37.7,20.1,225.4,4.3,439302,18002,8,8,cubic
0.202,18674,12,15840,41.8,37.6,20.1,225.4,4.4,446319,18004,8,8,cubic
0.209,18704,12,15840,41.3,37.7,20.1,225.4,4.3,452651,18006,8,8,cubic
0.222,14347,9,12960,40.4,37.6,20.1,225.4,4.0,354816,18008,8,8,cubic
0.229,14374,9,11520,40.1,37.5,20.1,225.4,3.7,358704,18009,8,8,cubic
0.236,14401,10,11520,39.8,37.6,20.1,225.4,3.4,362161,18011,8,8,cubic
0.243,14428,10,12960,39.5,37.6,20.1,225.4,3.1,365386,18014,8,8,cubic
0.251,14454,10,12960,39.3,37.6,20.1,225.4,2.8,368217,18016,8,8,cubic
0.259,14481,10,12960,38.2,30.8,20.1,225.4,4.2,379143,18018,8,8,cubic
0.266,14507,10,12960,37.3,30.8,20.1,225.4,5.0,389313,18020,8,8,cubic
0.277,11129,7,10080,35.7,30.6,20.1,225.4,5.5,389313,18022,8,8,cubic
0.284,11152,7,8640,35.0,29.6,20.1,225.4,5.7,389313,18023,8,8,cubic
0.291,11175,7,8640,34.2,28.7,20.1,225.4,5.8,389313,18025,8,8,cubic
0.298,11197,7,8640,33.4,27.7,20.1,225.4,6.0,389313,18027,8,8,cubic
0.304,11219,7,8640,32.2,23.9,20.1,225.4,6.8,389313,18029,8,8,cubic
0.311,11241,7,8640,31.1,23.9,20.1,225.4,7.2,389313,18031,8,8,cubic
0.316,11257,7,8640,30.2,23.9,20.1,225.4,7.2,389313,18033,8,8,cubic
0.323,11327,7,8640,29.5,24.0,20.1,225.4,7.0,389313,18035,8,8,cubic
0.330,11689,8,8640,28.8,24.0,20.1,225.4,6.6,406192,18037,8,8,cubic
0.337,12040,8,10080,28.2,24.0,20.1,225.4,6.1,427314,18040,8,8,cubic
0.344,12380,8,10080,27.9,25.7,20.1,225.4,5.2,444332,18042,8,8,cubic
0.351,12712,8,10080,27.6,25.6,20.1,225.4,4.5,460863,18044,8,8,cubic
0.358,13196,9,8640,27.1,23.9,20.1,225.4,4.3,486488,18046,8,8,cubic
0.368,13506,9,11520,26.7,24.0,20.1,225.4,4.0,505218,18050,8,8,cubic
0.375,13962,9,10080,26.4,24.0,20.1,225.4,3.7,528943,18052,8,8,cubic
0.381,14402,10,10080,25.7,20.7,20.1,225.4,4.2,560716,18055,8,8,cubic
0.389,14687,10,11520,25.0,20.2,20.1,225.4,4.5,587597,18058,8,8,cubic
0.396,14966,10,12960,24.4,20.2,20.1,225.4,4.6,613335,18061,8,8,cubic
0.401,15377,10,11520,24.0,20.9,20.1,225.4,4.3,641777,18063,8,8,cubic
0.408,15644,10,12960,23.5,20.2,20.1,225.4,4.2,666098,18066,8,8,cubic
0.412,15775,10,14400,23.1,20.2,20.1,225.4,4.0,683610,18068,8,8,cubic
0.417,15905,11,14400,23.1,22.9,20.1,225.4,3.0,689872,18069,8,8,cubic
0.423,16163,11,14400,23.4,25.5,20.1,225.4,2.9,691968,18071,8,8,cubic
0.006,3072,2,0,26.9,30.7,20.1,225.4,4.9,601525,18073,9,9,cubic
0.006,28555,19,0,27.3,30.2,20.1,225.4,4.5,1046507,18075,9,9,cubic
0.032,33417,23,24480,27.9,31.8,20.1,225.4,4.5,1199892,18095,9,9,cubic
0.076,18130,12,17280,39.2,58.1,20.1,225.4,15.3,462653,18102,9,9,cubic
0.083,18356,12,15840,42.1,62.2,20.1,225.4,17.2,436434,18103,9,9,cubic
0.090,18580,12,15840,45.1,66.3,20.1,225.4,19.0,412101,18105,9,9,cubic
0.097,18801,13,15840,47.1,61.6,20.1,225.4,18.3,398799,18107,9,9,cubic
0.104,19019,13,17280,49.8,68.4,20.1,225.4,19.1,381892,18110,9,9,cubic
0.111,19234,13,17280,53.0,75.2,20.1,225.4,20.7,363049,18112,9,9,cubic
0.117,19448,13,17280,56.4,80.7,20.1,225.4,22.4,344590,18114,9,9,cubic
0.125,19658,13,17280,54.1,37.7,20.1,225.4,21.5,363424,18116,9,9,cubic
0.133,19867,13,17280,52.0,37.7,20.1,225.4,20.2,381771,18118,9,9,cubic
0.140,20073,13,17280,50.2,37.6,20.1,225.4,18.8,399613,18120,9,9,cubic
0.148,17563,12,15840,49.1,41.1,20.1,225.4,16.4,357822,18122,9,9,cubic
0.156,17602,12,15840,48.1,41.0,20.1,225.4,14.3,366128,18124,9,9,cubic
0.163,17633,12,15840,47.0,39.3,20.1,225.4,12.9,375337,18126,9,9,cubic
0.167,17664,12,14400,45.9,38.2,20.1,225.4,11.9,384995,18127,9,9,cubic
0.175,17695,12,14400,44.9,37.9,20.1,225.4,10.9,394291,18129,9,9,cubic
0.182,17725,12,14400,43.9,37.2,20.1,225.4,10.1,403565,18131,9,9,cubic
0.189,17755,12,14400,43.0,36.2,20.1,225.4,9.5,413387,18133,9,9,cubic
0.196,17785,12,14400,42.0,35.4,20.1,225.4,9.0,423361,18135,9,9,cubic
0.202,17814,12,14400,41.1,34.5,20.1,225.4,8.6,433757,18137,9,9,cubic
0.209,17844,12,14400,40.1,33.5,20.1,225.4,8.4,444776,18139,9,9,cubic
0.222,13688,9,11520,38.5,33.2,20.1,225.4,7.5,355394,18141,9,9,cubic
0.229,13714,9,11520,37.8,33.0,20.1,225.4,7.0,362564,18143,9,9,cubic
0.235,13740,9,11520,37.2,33.0,20.1,225.4,6.4,369096,18145,9,9,cubic
0.242,13766,9,11520,36.7,33.3,20.1,225.4,5.8,374799,18147,9,9,cubic
0.249,13791,9,11520,36.3,33.5,20.1,225.4,5.2,379708,18149,9,9,cubic
0.256,13817,9,11520,35.6,30.8,20.1,225.4,5.3,387812,18151,9,9,cubic
0.263,13842,9,11520,35.0,30.8,20.1,225.4,5.2,395180,18153,9,9,cubic
0.277,10619,7,8640,33.7,29.4,20.1,225.4,5.1,395180,18155,9,9,cubic
0.283,10641,7,8640,33.1,28.7,20.1,225.4,5.1,395180,18157,9,9,cubic
0.290,10663,7,8640,32.4,27.7,20.1,225.4,5.2,395180,18159,9,9,cubic
0.297,10685,7,8640,31.8,27.6,20.1,225.4,5.1,395180,18161,9,9,cubic
0.304,10706,7,8640,30.8,23.9,20.1,225.4,5.8,395180,18163,9,9,cubic
0.311,10727,7,7200,29.5,20.5,20.1,225.4,6.9,395180,18165,9,9,cubic
0.319,10939,7,8640,28.4,20.5,20.1,225.4,7.5,395180,18168,9,9,cubic
0.326,11314,7,8640,27.4,20.5,20.1,225.4,7.6,395180,18170,9,9,cubic
0.333,11858,8,7200,26.8,22.2,20.1,225.4,7.0,443057,18172,9,9,cubic
0.343,12031,8,11520,26.8,27.3,20.1,225.4,5.4,448365,18176,9,9,cubic
0.348,12201,8,11520,26.5,23.9,20.1,225.4,4.8,460971,18177,9,9,cubic
0.354,12537,8,10080,26.4,25.7,20.1,225.4,3.8,475372,18178,9,9,cubic
0.360,12865,8,10080,26.3,25.6,20.1,225.4,3.0,489517,18180,9,9,cubic
0.366,13024,9,11520,26.4,27.3,20.1,225.4,2.5,493146,18182,9,9,cubic
0.373,13339,9,11520,26.8,29.6,20.1,225.4,2.7,497482,18184,9,9,cubic
0.379,13646,9,11520,26.9,27.4,20.1,225.4,2.2,507550,18186,9,9,cubic
0.384,13797,9,12960,26.7,25.6,20.1,225.4,1.9,516180,18188,9,9,cubic
0.390,14094,9,11520,26.6,25.8,20.1,225.4,1.7,529730,18189,9,9,cubic
0.396,14385,9,11520,26.7,27.5,20.1,225.4,1.5,538401,18191,9,9,cubic
0.403,14670,10,11520,26.8,27.4,20.1,225.4,1.3,547265,18193,9,9,cubic
0.410,14949,10,12960,26.9,27.4,20.1,225.4,1.1,556221,18196,9,9,cubic
0.417,15361,10,11520,26.9,27.4,20.1,225.4,1.0,570235,18198,9,9,cubic
0.424,15761,10,11520,26.8,25.6,20.1,225.4,1.1,588800,18201,9,9,cubic
0.433,16022,11,12960,26.9,27.6,20.1,225.4,1.0,596344,18204,9,9,cubic
0.438,16406,11,12960,26.7,25.5,20.1,225.4,1.1,614502,18207,9,9,cubic
0.443,16780,11,12960,26.2,22.8,20.1,225.4,1.8,640262,18210,9,9,cubic
0.453,16903,11,15840,25.9,23.6,20.1,225.4,2.0,653230,18213,9,9,cubic
0.458,17267,11,12960,25.8,25.0,20.1,225.4,1.7,670042,18214,9,9,cubic
0.466,17385,12,15840,26.1,28.4,20.1,225.4,1.9,666091,18217,9,9,cubic
0.471,17621,12,15840,26.6,30.4,20.1,225.4,2.5,661622,18219,9,9,cubic
0.478,17854,12,15840,27.6,34.6,20.1,225.4,3.9,646228,18221,9,9,cubic
0.485,18084,12,15840,28.8,36.8,20.1,225.4,5.2,628353,18223,9,9,cubic
0.492,18424,12,14400,29.4,34.0,20.1,225.4,5.2,625900,18225,9,9,cubic
0.500,18646,12,15840,30.6,39.1,20.1,225.4,6.3,608471,18228,9,9,cubic
0.507,18866,13,15840,31.7,39.4,20.1,225.4,6.9,594523,18230,9,9,cubic
0.006,16507,11,0,35.4,27.7,20.1,225.4,7.6,466457,18233,9,9,cubic
0.007,16507,11,0,34.8,30.6,20.1,225.4,6.9,474557,18235,9,9,cubic
0.034,16749,11,12960,33.8,26.6,20.1,225.4,7.2,496046,18247,9,9,cubic
0.042,16784,11,14400,33.7,33.1,20.1,225.4,5.6,498366,18250,9,9,cubic
0.049,16812,11,14400,33.7,33.7,20.1,225.4,4.2,499109,18252,9,9,cubic
0.056,16839,11,14400,33.8,34.4,20.1,225.4,3.3,498637,18254,9,9,cubic
0.063,16866,11,14400,33.9,34.9,20.1,225.4,2.8,497331,18256,9,9,cubic
0.070,16893,11,14400,33.9,34.2,20.1,225.4,2.2,497628,18258,9,9,cubic
0.076,16920,11,14400,34.3,36.8,20.1,225.4,2.3,493193,18260,9,9,cubic
0.083,16947,11,14400,34.8,38.2,20.1,225.4,2.7,487122,18262,9,9,cubic
0.090,16973,11,14400,35.1,37.6,20.1,225.4,2.7,482983,18264,9,9,cubic
0.097,16999,11,14400,35.5,37.7,20.1,225.4,2.7,479344,18266,9,9,cubic
0.104,17025,11,14400,35.7,37.7,20.1,225.4,2.6,476410,18268,9,9,cubic
0.111,17050,11,14400,36.0,37.6,20.1,225.4,2.4,474058,18270,9,9,cubic
0.117,17076,11,14400,36.2,37.6,20.1,225.4,2.2,472051,18272,9,9,cubic
0.124,17101,11,14400,36.4,37.7,20.1,225.4,2.0,470324,18274,9,9,cubic
0.131,17126,11,14400,36.5,37.6,20.1,225.4,1.8,468961,18276,9,9,cubic
0.138,17150,11,14400,36.7,37.6,20.1,225.4,1.6,467901,18278,9,9,cubic
0.152,13156,9,11520,36.9,37.6,20.1,225.4,1.3,356772,18280,9,9,cubic
0.159,13181,9,11520,37.0,37.6,20.1,225.4,1.2,356522,18282,9,9,cubic
0.165,13207,9,10080,36.6,34.1,20.1,225.4,1.6,360709,18284,9,9,cubic
0.175,13238,9,11520,36.3,34.2,20.1,225.4,1.8,364532,18287,9,9,cubic
0.183,13263,9,11520,35.2,27.3,20.1,225.4,3.6,376854,18289,9,9,cubic
0.190,13288,9,11520,34.2,27.3,20.1,225.4,4.7,388435,18291,9,9,cubic
0.198,13312,9,11520,33.4,27.4,20.1,225.4,5.2,399136,18293,9,9,cubic
0.204,13336,9,11520,32.8,28.9,20.1,225.4,5.0,406684,18295,9,9,cubic
0.211,13360,9,11520,32.2,27.9,20.1,225.4,5.0,415203,18297,9,9,cubic
0.218,13384,9,11520,31.5,27.1,20.1,225.4,5.0,424363,18299,9,9,cubic
0.225,13407,9,11520,30.9,26.0,20.1,225.4,5.1,434586,18301,9,9,cubic
0.232,13650,9,11520,30.3,26.1,20.1,225.4,5.0,451075,18303,9,9,cubic
0.238,13950,9,11520,29.7,26.0,20.1,225.4,4.9,469349,18305,9,9,cubic
0.244,14244,9,11520,29.2,25.8,20.1,225.4,4.6,487190,18307,9,9,cubic
0.250,14532,10,11520,28.8,25.9,20.1,225.4,4.3,504268,18309,9,9,cubic
0.258,14814,10,12960,28.3,24.4,20.1,225.4,4.3,524129,18312,9,9,cubic
0.263,15091,10,12960,27.8,24.5,20.1,225.4,4.2,542919,18314,9,9,cubic
0.270,15363,10,12960,27.5,25.4,20.1,225.4,3.7,558634,18316,9,9,cubic
0.277,15630,10,12960,27.4,26.3,20.1,225.4,3.1,571376,18318,9,9,cubic
0.005,3072,2,0,28.6,30.8,20.1,225.4,2.5,547096,18320,10,10,cubic
0.006,30057,20,0,28.7,29.8,20.1,225.4,2.2,1046480,18322,10,10,cubic
0.033,34676,24,25920,29.1,31.4,20.1,225.4,2.3,1193542,18343,10,10,cubic
0.083,18931,13,15840,43.2,63.1,20.1,225.4,16.7,438308,18350,10,10,cubic
0.090,19147,13,17280,46.0,66.0,20.1,225.4,18.2,415814,18353,10,10,cubic
0.097,19361,13,17280,49.2,71.3,20.1,225.4,20.0,393500,18355,10,10,cubic
0.103,19573,13,17280,51.4,66.7,20.1,225.4,19.3,380879,18357,10,10,cubic
0.110,19783,13,17280,54.2,73.5,20.1,225.4,20.0,365296,18359,10,10,cubic
0.117,19990,13,17280,57.4,80.4,20.1,225.4,21.6,348021,18361,10,10,cubic
0.124,20195,14,17280,55.0,37.7,20.1,225.4,21.1,367415,18363,10,10,cubic
0.132,20398,14,17280,53.7,44.5,20.1,225.4,18.5,380169,18365,10,10,cubic
0.139,20599,14,17280,52.5,44.5,20.1,225.4,16.2,392324,18367,10,10,cubic
0.147,18024,12,15840,51.1,41.0,20.1,225.4,15.0,352913,18369,10,10,cubic
0.155,18063,12,15840,49.8,40.8,20.1,225.4,13.8,362827,18371,10,10,cubic
0.163,18095,12,15840,48.7,41.1,20.1,225.4,12.5,371591,18373,10,10,cubic
0.171,18127,12,15840,47.7,40.9,20.1,225.4,11.3,379813,18375,10,10,cubic
0.174,18158,12,14400,46.8,40.0,20.1,225.4,10.4,388356,18376,10,10,cubic
0.181,18188,12,14400,45.9,39.8,20.1,225.4,9.6,396382,18378,10,10,cubic
0.188,18219,12,14400,45.0,38.8,20.1,225.4,8.9,404848,18380,10,10,cubic
0.195,18249,12,14400,44.0,37.3,20.1,225.4,8.6,414429,18382,10,10,cubic
0.202,18279,12,14400,42.8,34.5,20.1,225.4,8.9,426670,18384,10,10,cubic
0.209,18309,12,14400,41.7,33.6,20.1,225.4,9.0,439275,18386,10,10,cubic
0.221,14044,9,11520,39.7,33.1,20.1,225.4,8.5,354065,18388,10,10,cubic
0.228,14071,9,11520,38.8,32.8,20.1,225.4,8.1,362617,18390,10,10,cubic
0.235,14098,9,11520,38.0,32.7,20.1,225.4,7.6,370561,18392,10,10,cubic
0.242,14124,9,11520,37.4,32.8,20.1,225.4,7.0,377717,18394,10,10,cubic
0.249,14150,9,11520,36.9,33.1,20.1,225.4,6.3,383905,18396,10,10,cubic
0.256,14176,9,11520,36.1,30.8,20.1,225.4,6.3,392741,18398,10,10,cubic
0.263,14201,9,11520,35.4,30.7,20.1,225.4,6.0,400909,18400,10,10,cubic
0.276,10894,7,8640,33.9,28.7,20.1,225.4,6.0,400909,18402,10,10,cubic
0.283,10917,7,8640,33.2,28.3,20.1,225.4,5.9,400909,18404,10,10,cubic
0.290,10939,7,8640,32.5,27.7,20.1,225.4,5.8,400909,18406,10,10,cubic
0.297,10961,7,8640,31.9,27.6,20.1,225.4,5.6,400909,18408,10,10,cubic
0.304,10983,7,8640,30.9,23.9,20.1,225.4,6.2,400909,18410,10,10,cubic
0.310,11005,7,7200,29.6,20.5,20.1,225.4,7.3,400909,18412,10,10,cubic
0.319,11051,7,8640,28.5,20.5,20.1,225.4,7.7,400909,18415,10,10,cubic
0.326,11422,7,8640,27.5,20.5,20.1,225.4,7.8,400909,18417,10,10,cubic
0.333,11781,8,8640,26.6,20.5,20.1,225.4,7.6,442695,18419,10,10,cubic
0.006,11781,8,55,25.9,23.9,20.1,225.4,3.7,454023,18422,10,10,cubic
0.032,12482,8,7200,25.9,25.3,20.1,225.4,2.9,482582,18431,10,10,cubic
0.040,12975,9,8640,25.2,20.9,20.1,225.4,3.5,513963,18435,10,10,cubic
0.048,13291,9,10080,25.0,23.2,20.1,225.4,3.1,531746,18438,10,10,cubic
0.057,13754,9,10080,24.5,21.1,20.1,225.4,3.3,561319,18441,10,10,cubic
0.064,13903,9,12960,24.0,20.1,20.1,225.4,3.6,580355,18444,10,10,cubic
0.068,14050,9,12960,23.8,22.6,20.1,225.4,3.0,590559,18445,10,10,cubic
0.073,14342,9,11520,23.8,23.9,20.1,225.4,2.3,602377,18446,10,10,cubic
0.080,14628,10,11520,23.9,24.9,20.1,225.4,2.0,611002,18448,10,10,cubic
0.087,14908,10,12960,24.2,26.2,20.1,225.4,2.1,615346,18451,10,10,cubic
0.094,15183,10,12960,24.8,28.6,20.1,225.4,2.6,612959,18453,10,10,cubic
0.101,15453,10,12960,25.3,29.2,20.1,225.4,3.1,610356,18455,10,10,cubic
0.107,15852,11,11520,25.6,27.3,20.1,225.4,2.8,619945,18457,10,10,cubic
0.116,16110,11,14400,26.5,33.1,20.1,225.4,4.0,607763,18461,10,10,cubic
0.124,16365,11,14400,27.5,34.1,20.1,225.4,4.9,596022,18463,10,10,cubic
0.131,16615,11,14400,28.3,34.3,20.1,225.4,5.4,586750,18465,10,10,cubic
0.138,16862,11,14400,29.0,34.2,20.1,225.4,5.5,580507,18467,10,10,cubic
0.145,17105,11,14400,29.7,34.2,20.1,225.4,5.4,576139,18469,10,10,cubic
0.152,17345,12,14400,30.7,37.7,20.1,225.4,6.1,565057,18471,10,10,cubic
0.159,17582,12,15840,31.8,39.3,20.1,225.4,6.7,553502,18474,10,10,cubic
0.172,15413,10,12960,33.1,37.6,20.1,225.4,6.1,465284,18476,10,10,cubic
0.179,15441,10,12960,33.7,37.6,20.1,225.4,5.7,458407,18478,10,10,cubic
0.186,15469,10,11520,33.7,34.2,20.1,225.4,4.4,458449,18480,10,10,cubic
0.193,15497,10,12960,34.4,39.3,20.1,225.4,4.7,449970,18483,10,10,cubic
0.201,15532,10,12960,35.3,41.1,20.1,225.4,5.2,440399,18485,10,10,cubic
0.208,15559,10,12960,35.1,34.1,20.1,225.4,4.2,442948,18487,10,10,cubic
0.215,15587,10,12960,35.0,34.1,20.1,225.4,3.4,445355,18489,10,10,cubic
0.227,11951,8,11520,34.9,34.8,20.1,225.4,2.1,342553,18491,10,10,cubic
0.232,11969,8,11520,34.8,34.2,20.1,225.4,1.7,343897,18492,10,10,cubic
0.237,11987,8,10080,34.7,34.2,20.1,225.4,1.4,345138,18493,10,10,cubic
0.244,12011,8,10080,34.7,34.2,20.1,225.4,1.2,346457,18495,10,10,cubic
0.251,12034,8,10080,34.6,34.3,20.1,225.4,1.0,347642,18497,10,10,cubic
0.258,12058,8,10080,33.9,29.1,20.1,225.4,2.1,355441,18499,10,10,cubic
0.266,12081,8,10080,32.9,25.6,20.1,225.4,3.7,367348,18501,10,10,cubic
0.274,12104,8,10080,32.0,25.7,20.1,225.4,4.6,378462,18503,10,10,cubic
0.281,12126,8,10080,31.2,25.6,20.1,225.4,5.0,388815,18505,10,10,cubic
0.288,12149,8,10080,30.5,25.7,20.1,225.4,5.1,398380,18507,10,10,cubic
0.295,12530,8,8640,29.5,22.2,20.1,225.4,5.9,425322,18509,10,10,cubic
0.302,12694,8,10080,28.5,21.9,20.1,225.4,6.3,445262,18511,10,10,cubic
0.308,13017,9,10080,27.6,21.5,20.1,225.4,6.5,471050,18513,10,10,cubic
0.314,13332,9,10080,26.8,20.9,20.1,225.4,6.6,497574,18515,10,10,cubic
0.320,13640,9,10080,26.1,20.9,20.1,225.4,6.4,523528,18517,10,10,cubic
0.328,13940,9,11520,25.4,21.1,20.1,225.4,6.0,548085,18520,10,10,cubic
0.333,14235,9,11520,25.2,23.5,20.1,225.4,5.0,565194,18522,10,10,cubic
0.342,14379,9,12960,25.2,25.4,20.1,225.4,3.8,570187,18524,10,10,cubic
0.347,14664,10,11520,25.4,26.4,20.1,225.4,3.2,578233,18525,10,10,cubic
0.354,15223,10,10080,25.4,25.9,20.1,225.4,2.5,598647,18528,10,10,cubic
0.364,15493,10,12960,25.9,29.1,20.1,225.4,2.8,598601,18532,10,10,cubic
0.548,16656,11,2880,82.2,189.6,20.1,225.4,85.1,202575,18534,10,10,cubic
0.576,17025,11,7200,75.1,25.2,20.1,225.4,78.1,226733,18540,10,10,cubic
0.582,17266,11,5760,69.5,30.8,20.1,225.4,69.6,248267,18541,10,10,cubic
0.593,17503,12,5760,63.8,23.4,20.1,225.4,63.8,274453,18543,10,10,cubic
0.006,3072,2,0,46.2,21.0,20.1,225.4,43.1,379008,18545,11,11,cubic
0.006,46388,32,55,44.3,31.3,20.1,225.4,36.1,1046495,18548,11,11,cubic
0.007,46388,32,11520,41.8,23.9,20.1,225.4,32.2,1110531,18556,11,11,cubic
0.034,46388,32,44640,40.2,29.1,20.1,225.4,27.3,1154217,18581,11,11,cubic
0.089,24656,17,23095,51.8,71.3,20.1,225.4,17.4,476241,18584,11,11,cubic
0.096,24822,17,23095,54.7,75.6,20.1,225.4,19.0,453411,18586,11,11,cubic
0.103,24987,17,23095,57.9,79.8,20.1,225.4,20.5,431710,18588,11,11,cubic
0.110,25151,17,23095,61.2,84.1,20.1,225.4,21.9,411293,18590,11,11,cubic
0.116,25314,17,23095,64.6,88.4,20.1,225.4,23.3,392155,18592,11,11,cubic
0.123,25476,17,23095,68.1,92.6,20.1,225.4,24.5,374344,18594,11,11,cubic
0.130,25637,17,23095,71.7,96.9,20.1,225.4,25.5,357778,18596,11,11,cubic
0.137,25797,17,23095,75.3,101.2,20.1,225.4,26.5,342375,18598,11,11,cubic
0.151,22609,15,20160,76.5,58.3,20.1,225.4,25.8,295480,18600,11,11,cubic
0.158,22647,15,20160,74.2,58.3,20.1,225.4,23.9,305055,18602,11,11,cubic
0.164,22683,15,20160,72.2,58.3,20.1,225.4,21.9,313973,18604,11,11,cubic
0.171,22719,15,18720,70.1,54.8,20.1,225.4,20.8,324256,18606,11,11,cubic
0.180,22764,15,20160,68.2,54.8,20.1,225.4,19.4,333998,18609,11,11,cubic
0.188,22800,15,20160,66.5,54.8,20.1,225.4,17.9,342960,18611,11,11,cubic
0.197,22835,15,20160,65.0,54.8,20.1,225.4,16.4,351205,18613,11,11,cubic
0.200,22871,15,18720,62.9,47.9,20.1,225.4,16.5,363712,18614,11,11,cubic
0.208,22905,15,18720,61.0,47.9,20.1,225.4,16.1,375430,18616,11,11,cubic
0.221,17568,12,15840,57.7,46.2,20.1,225.4,14.8,304297,18618,11,11,cubic
0.228,17599,12,15840,56.6,48.9,20.1,225.4,13.3,310799,18620,11,11,cubic
0.236,17630,12,15840,55.4,47.2,20.1,225.4,12.3,317955,18622,11,11,cubic
0.245,17660,12,15840,54.2,45.6,20.1,225.4,11.7,325710,18624,11,11,cubic
0.249,17691,12,14400,53.0,44.5,20.1,225.4,11.2,333792,18625,11,11,cubic
0.257,17721,12,14400,51.8,43.4,20.1,225.4,10.8,342091,18627,11,11,cubic
0.265,17751,12,14400,50.0,37.6,20.1,225.4,11.7,354842,18629,11,11,cubic
0.271,13590,9,12960,48.5,37.7,20.1,225.4,11.8,280316,18630,11,11,cubic
0.276,13616,9,11520,47.0,36.5,20.1,225.4,11.9,289782,18631,11,11,cubic
0.286,13642,9,11520,45.4,34.5,20.1,225.4,12.0,300339,18633,11,11,cubic
0.290,13668,9,10080,43.9,33.0,20.1,225.4,12.1,311521,18634,11,11,cubic
0.350,13888,9,1440,54.7,59.3,20.1,225.4,15.7,254023,18635,11,11,cubic
0.376,13975,9,5760,50.8,23.5,20.1,225.4,19.6,275206,18641,11,11,cubic
0.386,14003,9,5760,47.0,20.9,20.1,225.4,22.2,297663,18643,11,11,cubic
0.395,14025,9,7200,43.8,20.8,20.1,225.4,23.2,320454,18645,11,11,cubic
0.400,14048,9,5760,40.8,20.2,20.1,225.4,23.3,344153,18646,11,11,cubic
0.407,14076,9,7200,38.2,20.2,20.1,225.4,22.6,368134,18648,11,11,cubic
0.415,14096,9,7200,36.0,20.4,20.1,225.4,21.4,391468,18650,11,11,cubic
0.422,14123,9,8640,34.1,21.1,20.1,225.4,19.8,413666,18652,11,11,cubic
0.601,14843,10,1440,96.5,176.5,20.1,225.4,86.1,153808,18654,11,11,cubic
0.631,15255,10,4320,79.6,25.1,20.1,225.4,77.7,191672,18659,11,11,cubic
0.638,15523,10,2880,72.2,20.3,20.1,225.4,73.1,215059,18660,11,11,cubic
0.650,15656,10,4320,65.8,21.3,20.1,225.4,67.5,237857,18662,11,11,cubic
0.662,15787,10,5760,60.2,20.6,20.1,225.4,61.9,262360,18664,11,11,cubic
0.667,15916,11,5760,55.2,20.4,20.1,225.4,56.4,288349,18665,11,11,cubic
0.672,16174,11,4320,50.8,20.3,20.1,225.4,51.0,318197,18666,11,11,cubic
0.685,16301,11,7200,47.1,21.0,20.1,225.4,45.7,346093,18669,11,11,cubic
0.850,16921,11,1440,99.1,164.6,20.1,225.4,80.6,170801,18670,11,11,cubic
0.883,17283,12,5760,81.9,26.6,20.1,225.4,75.0,210989,18676,11,11,cubic
0.889,17520,12,4320,74.7,24.6,20.1,225.4,70.6,234400,18677,11,11,cubic
0.895,17637,12,4320,68.1,21.3,20.1,225.4,66.3,259146,18678,11,11,cubic
0.906,17754,12,5760,62.2,21.5,20.1,225.4,61.4,285278,18680,11,11,cubic
0.006,3072,2,0,42.2,20.9,20.1,225.4,37.3,420980,18682,12,12,cubic
0.005,42470,29,0,40.6,29.5,20.1,225.4,31.1,1046497,18684,12,12,cubic
0.033,42470,29,38880,39.5,31.6,20.1,225.4,25.6,1076334,18714,12,12,cubic
0.088,22733,15,20215,51.5,68.6,20.1,225.4,16.9,441451,18718,12,12,cubic
0.095,22914,15,20215,54.1,72.7,20.1,225.4,18.0,423189,18720,12,12,cubic
0.102,23093,16,20215,57.0,76.8,20.1,225.4,19.2,405275,18722,12,12,cubic
0.109,23270,16,20215,60.0,80.9,20.1,225.4,20.4,388053,18724,12,12,cubic
0.116,23446,16,21655,63.1,85.0,20.1,225.4,21.5,371621,18727,12,12,cubic
0.122,23621,16,21655,66.3,89.1,20.1,225.4,22.6,356059,18729,12,12,cubic
0.129,23795,16,21655,69.7,92.9,20.1,225.4,23.6,341577,18731,12,12,cubic
0.136,23967,16,21655,73.1,97.4,20.1,225.4,24.6,327740,18733,12,12,cubic
0.150,21006,14,18720,68.0,51.5,20.1,225.4,22.7,308698,18735,12,12,cubic
0.157,21041,14,18720,66.0,51.5,20.1,225.4,21.2,318933,18737,12,12,cubic
0.164,21076,14,18720,64.2,51.5,20.1,225.4,19.5,328481,18739,12,12,cubic
0.172,21111,14,18720,62.6,51.4,20.1,225.4,17.8,337419,18741,12,12,cubic
0.180,21145,14,18720,61.2,51.4,20.1,225.4,16.2,345698,18743,12,12,cubic
0.188,21178,14,18720,59.9,51.3,20.1,225.4,14.6,353343,18745,12,12,cubic
0.192,21212,14,17280,58.9,51.4,20.1,225.4,13.1,360313,18746,12,12,cubic
0.200,21246,14,17280,57.1,44.5,20.1,225.4,13.4,372253,18748,12,12,cubic
0.208,21279,14,15840,55.7,46.4,20.1,225.4,12.7,381754,18750,12,12,cubic
0.216,16291,11,14400,54.0,41.6,20.1,225.4,13.1,301858,18752,12,12,cubic
0.226,16328,11,14400,52.3,40.3,20.1,225.4,13.2,312431,18754,12,12,cubic
0.230,16358,11,12960,50.6,38.7,20.1,225.4,13.3,323478,18755,12,12,cubic
0.239,16387,11,12960,48.9,37.5,20.1,225.4,13.2,334859,18757,12,12,cubic
0.243,16416,11,11520,47.4,36.5,20.1,225.4,13.0,346497,18758,12,12,cubic
0.251,16452,11,11520,46.2,37.9,20.1,225.4,12.1,356119,18760,12,12,cubic
0.259,16480,11,11520,44.8,35.2,20.1,225.4,11.9,367676,18762,12,12,cubic
0.267,16509,11,11520,43.3,33.0,20.1,225.4,11.9,380927,18764,12,12,cubic
0.275,12639,8,11520,41.8,31.1,20.1,225.4,12.0,302346,18766,12,12,cubic
0.295,12726,8,2880,39.4,26.8,20.1,225.4,10.4,323356,18767,12,12,cubic
0.303,12745,8,5760,37.5,24.6,20.1,225.4,11.5,339730,18770,12,12,cubic
0.324,12823,8,8640,36.3,27.7,20.1,225.4,11.0,353338,18775,12,12,cubic
0.332,12847,8,8640,34.9,25.1,20.1,225.4,11.1,368161,18777,12,12,cubic
0.340,12870,8,8640,33.5,23.4,20.1,225.4,11.2,384638,18779,12,12,cubic
0.343,12893,8,7200,32.0,21.8,20.1,225.4,11.3,402830,18780,12,12,cubic
0.350,12916,8,7200,30.5,20.3,20.1,225.4,11.4,422879,18782,12,12,cubic
0.360,12939,8,10080,29.3,20.2,20.1,225.4,11.1,442343,18785,12,12,cubic
0.545,13762,9,1440,96.4,182.5,20.1,225.4,89.4,142725,18786,12,12,cubic
0.571,14209,9,2880,87.6,26.2,20.1,225.4,84.6,162131,18790,12,12,cubic
0.587,14353,9,4320,79.6,23.4,20.1,225.4,79.5,180307,18792,12,12,cubic
0.594,14496,10,4320,72.4,21.9,20.1,225.4,74.1,200262,18793,12,12,cubic
0.601,14637,10,4320,65.9,20.7,20.1,225.4,68.5,222035,18794,12,12,cubic
0.606,14778,10,4320,60.3,21.1,20.1,225.4,62.6,244977,18795,12,12,cubic
0.612,14916,10,4320,55.3,20.3,20.1,225.4,56.9,269601,18796,12,12,cubic
0.622,15054,10,5760,51.0,21.0,20.1,225.4,51.3,294945,18798,12,12,cubic
0.631,15326,10,5760,47.2,20.2,20.1,225.4,46.1,324792,18800,12,12,cubic
0.795,15986,11,1440,87.7,162.7,20.1,225.4,79.5,182313,18802,12,12,cubic
0.820,16371,11,4320,79.9,25.6,20.1,225.4,75.1,204842,18807,12,12,cubic
0.833,16621,11,4320,72.8,22.8,20.1,225.4,70.6,228392,18809,12,12,cubic
0.839,16745,11,4320,66.4,21.5,20.1,225.4,65.8,252343,18810,12,12,cubic
0.849,16867,11,5760,60.6,20.6,20.1,225.4,60.8,278181,18812,12,12,cubic
0.854,16989,11,5760,55.7,21.3,20.1,225.4,55.4,304915,18813,12,12,cubic
0.863,17230,11,5760,51.3,20.7,20.1,225.4,50.3,335644,18815,12,12,cubic
0.871,17349,12,7200,47.5,20.7,20.1,225.4,45.4,365188,18817,12,12,cubic
0.875,17467,12,7200,44.2,20.8,20.1,225.4,40.7,395449,18818,12,12,cubic
0.006,17467,12,0,34.6,20.7,20.1,225.4,25.5,505410,18819,12,12,cubic
0.006,17467,12,0,34.1,30.5,20.1,225.4,20.1,512965,18821,12,12,cubic
0.033,17819,12,14400,33.9,32.6,20.1,225.4,15.4,526146,18834,12,12,cubic
0.043,18050,12,15840,33.8,33.5,20.1,225.4,11.7,533628,18837,12,12,cubic
0.050,18277,12,15840,34.0,34.9,20.1,225.4,9.0,538287,18839,12,12,cubic
0.057,18501,12,15840,34.2,36.1,20.1,225.4,7.3,540601,18841,12,12,cubic
0.064,18723,13,15840,34.6,37.3,20.1,225.4,6.2,540986,18843,12,12,cubic
0.070,18942,13,17280,35.1,38.6,20.1,225.4,5.7,539519,18846,12,12,cubic
0.077,19158,13,17280,35.7,39.9,20.1,225.4,5.5,536518,18848,12,12,cubic
0.084,19372,13,17280,35.9,37.6,20.1,225.4,4.6,538889,18850,12,12,cubic
0.091,19584,13,17280,36.2,37.6,20.1,225.4,3.8,541667,18852,12,12,cubic
0.098,19794,13,17280,36.3,37.5,20.1,225.4,3.2,544868,18854,12,12,cubic
0.105,20001,13,17280,36.5,37.6,20.1,225.4,2.7,548152,18856,12,12,cubic
0.111,20206,14,17280,37.5,44.5,20.1,225.4,4.0,539056,18858,12,12,cubic
0.118,20409,14,18720,38.3,44.4,20.1,225.4,4.8,532191,18861,12,12,cubic
0.125,20610,14,18720,39.1,44.5,20.1,225.4,5.1,526948,18863,12,12,cubic
0.132,20809,14,18720,39.8,44.4,20.1,225.4,5.2,523167,18865,12,12,cubic
0.139,21006,14,18720,40.4,44.5,20.1,225.4,5.0,520401,18867,12,12,cubic
0.151,18412,12,15840,41.3,44.4,20.1,225.4,4.5,445649,18869,12,12,cubic
0.158,18444,12,15840,41.7,44.5,20.1,225.4,4.2,442153,18871,12,12,cubic
0.163,18468,12,17280,42.3,46.2,20.1,225.4,4.2,436915,18873,12,12,cubic
0.168,18492,12,15840,42.8,46.2,20.1,225.4,4.1,432500,18874,12,12,cubic
0.175,18524,12,15840,43.2,46.2,20.1,225.4,4.0,428935,18876,12,12,cubic
0.182,18555,12,15840,43.6,46.1,20.1,225.4,3.7,426022,18878,12,12,cubic
0.188,18585,12,15840,43.9,46.1,20.1,225.4,3.4,423657,18880,12,12,cubic
0.195,18616,12,15840,43.5,41.1,20.1,225.4,3.3,427757,18882,12,12,cubic
0.202,18646,12,15840,43.2,41.0,20.1,225.4,3.1,431550,18884,12,12,cubic
0.209,18677,12,15840,42.5,37.7,20.1,225.4,3.7,439314,18886,12,12,cubic
0.223,14326,9,12960,41.4,37.6,20.1,225.4,4.1,346364,18888,12,12,cubic
0.230,14354,9,11520,40.9,37.7,20.1,225.4,4.0,350936,18889,12,12,cubic
0.236,14380,9,11520,40.5,37.6,20.1,225.4,3.8,355158,18891,12,12,cubic
0.243,14407,10,11520,40.1,37.7,20.1,225.4,3.5,358874,18893,12,12,cubic
0.252,14434,10,12960,39.8,37.6,20.1,225.4,3.3,362417,18896,12,12,cubic
0.260,14460,10,12960,38.7,30.8,20.1,225.4,4.7,373662,18898,12,12,cubic
0.267,14486,10,12960,37.7,30.8,20.1,225.4,5.5,384131,18900,12,12,cubic
0.277,11113,7,8640,36.0,30.4,20.1,225.4,6.0,384131,18901,12,12,cubic
0.284,11136,7,7200,35.1,28.6,20.1,225.4,6.4,384131,18903,12,12,cubic
0.293,11164,7,8640,34.2,27.8,20.1,225.4,6.6,384131,18906,12,12,cubic
0.300,11186,7,8640,32.5,20.4,20.1,225.4,8.4,384131,18908,12,12,cubic
0.305,11203,7,10080,31.2,22.2,20.1,225.4,8.9,384131,18910,12,12,cubic
0.311,11222,7,7200,30.4,24.6,20.1,225.4,8.3,384131,18911,12,12,cubic
0.318,11246,7,8640,29.3,21.9,20.1,225.4,8.3,384131,18914,12,12,cubic
0.325,11331,7,10080,28.2,20.3,20.1,225.4,8.5,384131,18916,12,12,cubic
0.332,11693,8,8640,27.6,23.6,20.1,225.4,7.5,423582,18917,12,12,cubic
0.339,12219,8,8640,27.7,28.1,20.1,225.4,5.8,441613,18920,12,12,cubic
0.349,12555,8,10080,27.2,23.9,20.1,225.4,5.3,461563,18923,12,12,cubic
0.354,12718,8,11520,26.6,22.2,20.1,225.4,5.2,478570,18925,12,12,cubic
0.359,13202,9,8640,26.2,23.6,20.1,225.4,4.6,503816,18926,12,12,cubic
0.366,13667,9,8640,25.4,20.2,20.1,225.4,5.0,537055,18929,12,12,cubic
0.490,14832,10,1440,66.7,116.7,20.1,225.4,53.8,222245,18932,12,12,cubic
0.518,15247,10,5760,61.5,25.2,20.1,225.4,50.7,247753,18938,12,12,cubic
0.530,15516,10,5760,56.9,24.5,20.1,225.4,47.3,272636,18940,12,12,cubic
0.534,15780,10,4320,52.3,20.1,20.1,225.4,44.7,301640,18941,12,12,cubic
0.548,15910,11,7200,48.3,20.2,20.1,225.4,41.5,329379,18944,12,12,cubic
0.552,16168,11,5760,44.9,21.1,20.1,225.4,37.9,360024,18945,12,12,cubic
0.559,16422,11,5760,41.8,20.2,20.1,225.4,34.6,392673,18947,12,12,cubic
0.739,17038,11,1440,88.9,178.2,20.1,225.4,84.6,191746,18949,12,12,cubic
0.769,17399,12,5760,80.9,25.3,20.1,225.4,79.3,215025,18955,12,12,cubic
0.775,17635,12,4320,73.8,24.3,20.1,225.4,73.6,238823,18956,12,12,cubic
0.787,17751,12,5760,67.4,22.0,20.1,225.4,68.2,263520,18958,12,12,cubic
0.792,17867,12,5760,61.6,21.4,20.1,225.4,62.6,290006,18959,12,12,cubic
0.796,17982,12,5760,56.6,21.6,20.1,225.4,57.0,317686,18960,12,12,cubic
0.805,18096,12,7200,52.1,20.6,20.1,225.4,51.7,347298,18962,12,12,cubic
0.007,3072,2,0,39.1,21.2,20.1,225.4,33.3,465548,18964,13,13,cubic
0.006,39886,27,0,38.1,31.1,20.1,225.4,26.9,1046492,18966,13,13,cubic
0.033,42734,29,37440,37.2,31.0,20.1,225.4,22.0,1148177,18994,13,13,cubic
0.084,22857,15,20215,48.4,68.8,20.1,225.4,16.7,472652,18999,13,13,cubic
0.093,23036,15,20215,51.4,72.8,20.1,225.4,18.6,448031,19001,13,13,cubic
0.099,23214,16,20215,54.6,77.0,20.1,225.4,20.4,425079,19003,13,13,cubic
0.106,23391,16,21655,57.9,81.1,20.1,225.4,21.9,403871,19006,13,13,cubic
0.113,23566,16,21655,61.3,85.1,20.1,225.4,23.2,384330,19008,13,13,cubic
0.120,23740,16,21655,64.8,89.2,20.1,225.4,24.4,366318,19010,13,13,cubic
0.127,23913,16,21655,68.3,92.4,20.1,225.4,25.2,350327,19012,13,13,cubic
0.134,24085,16,21655,72.0,97.9,20.1,225.4,26.3,334657,19014,13,13,cubic
0.147,21109,14,18720,67.8,53.3,20.1,225.4,22.2,311553,19016,13,13,cubic
0.154,21145,14,18720,65.9,53.2,20.1,225.4,20.3,320723,19018,13,13,cubic
0.161,21180,14,18720,64.1,51.3,20.1,225.4,18.9,330405,19020,13,13,cubic
0.168,21214,14,18720,62.5,51.4,20.1,225.4,17.3,339353,19022,13,13,cubic
0.175,21249,14,18720,61.1,51.4,20.1,225.4,15.8,347609,19024,13,13,cubic
0.184,21283,14,18720,59.9,51.4,20.1,225.4,14.2,355237,19026,13,13,cubic
0.192,21317,14,18720,58.8,51.4,20.1,225.4,12.8,362250,19028,13,13,cubic
0.195,21350,14,17280,57.0,44.4,20.1,225.4,13.2,374265,19029,13,13,cubic
0.203,21384,14,17280,55.5,44.5,20.1,225.4,13.1,385498,19031,13,13,cubic
0.210,21417,14,17280,54.1,44.5,20.1,225.4,12.5,395921,19033,13,13,cubic
0.223,16427,11,14400,51.8,44.2,20.1,225.4,11.0,317050,19035,13,13,cubic
0.230,16457,11,14400,50.6,42.4,20.1,225.4,10.6,325018,19037,13,13,cubic
0.237,16486,11,14400,49.5,41.4,20.1,225.4,10.3,333218,19039,13,13,cubic
0.245,16515,11,14400,48.3,40.3,20.1,225.4,10.0,341727,19041,13,13,cubic
0.253,16544,11,14400,47.3,40.2,20.1,225.4,9.5,349730,19043,13,13,cubic
0.257,16573,11,12960,46.3,39.2,20.1,225.4,9.2,358040,19044,13,13,cubic
0.265,16601,11,12960,45.2,37.5,20.1,225.4,9.1,367368,19046,13,13,cubic
0.278,12735,8,8640,42.6,32.9,20.1,225.4,9.7,299055,19048,13,13,cubic
0.288,12766,8,10080,41.2,31.2,20.1,225.4,10.1,310170,19051,13,13,cubic
0.297,12791,8,10080,39.8,30.0,20.1,225.4,10.4,321689,19053,13,13,cubic
0.301,12815,8,8640,38.4,29.0,20.1,225.4,10.5,333584,19054,13,13,cubic
0.310,12839,8,8640,36.9,26.2,20.1,225.4,10.9,348034,19056,13,13,cubic
0.314,12863,8,7200,35.2,23.7,20.1,225.4,11.5,365063,19057,13,13,cubic
0.322,12888,8,7200,33.5,21.6,20.1,225.4,12.0,384360,19059,13,13,cubic
0.329,12911,8,7200,32.0,21.5,20.1,225.4,12.0,403166,19061,13,13,cubic
0.336,12940,8,7200,30.6,20.2,20.1,225.4,12.0,423540,19063,13,13,cubic
0.346,12969,9,8640,29.6,22.8,20.1,225.4,10.9,438364,19066,13,13,cubic
0.356,13172,9,10080,28.6,22.0,20.1,225.4,10.1,460012,19069,13,13,cubic
0.362,13484,9,10080,27.8,22.2,20.1,225.4,9.2,484478,19071,13,13,cubic
0.368,13788,9,10080,27.4,24.1,20.1,225.4,7.8,503965,19073,13,13,cubic
0.376,14234,9,10080,26.8,22.7,20.1,225.4,7.0,531595,19076,13,13,cubic
0.385,14666,10,10080,26.4,23.5,20.1,225.4,6.1,556141,19079,13,13,cubic
0.432,15758,10,1440,35.2,46.8,20.1,225.4,15.0,447835,19081,13,13,cubic
0.459,16279,11,10080,33.8,23.8,20.1,225.4,14.1,482140,19091,13,13,cubic
0.468,16530,11,11520,32.8,26.2,20.1,225.4,12.5,503702,19094,13,13,cubic
0.682,17027,11,10064,31.5,22.1,20.1,225.4,12.1,541020,19097,13,13,cubic
0.682,17854,12,1440,106.1,203.3,20.1,225.4,99.7,168237,19098,13,13,cubic
0.714,18198,12,5760,95.9,24.3,20.1,225.4,95.2,189762,19104,13,13,cubic
0.721,18423,12,4320,87.2,26.4,20.1,225.4,88.8,211255,19105,13,13,cubic
0.727,18535,12,4320,79.0,21.7,20.1,225.4,83.0,234557,19106,13,13,cubic
0.739,18645,12,5760,71.9,21.8,20.1,225.4,76.5,259437,19108,13,13,cubic
0.744,18755,13,5760,65.5,21.0,20.1,225.4,70.1,286279,19109,13,13,cubic
0.748,18865,13,5760,59.9,20.7,20.1,225.4,63.8,314867,19110,13,13,cubic
0.757,18973,13,7200,55.2,21.9,20.1,225.4,57.3,343981,19112,13,13,cubic
0.761,19190,13,5760,50.8,20.2,20.1,225.4,51.7,377852,19113,13,13,cubic
0.772,19296,13,8640,47.0,20.4,20.1,225.4,46.4,410649,19116,13,13,cubic
0.776,19403,13,8640,43.7,21.0,20.1,225.4,41.3,443649,19117,13,13,cubic
0.006,3072,2,0,34.4,21.5,20.1,225.4,25.2,569810,19120,14,14,cubic
0.006,35470,24,0,33.9,30.2,20.1,225.4,19.9,1046497,19122,14,14,cubic
0.033,38318,26,33120,33.4,29.8,20.1,225.4,16.0,1147932,19147,14,14,cubic
0.079,20610,14,18720,45.3,64.2,20.1,225.4,16.7,454595,19151,14,14,cubic
0.086,20908,14,17280,48.2,68.6,20.1,225.4,18.4,433353,19153,14,14,cubic
0.097,21104,14,18720,51.3,72.7,20.1,225.4,19.9,411343,19156,14,14,cubic
0.103,21299,14,18720,54.5,76.8,20.1,225.4,21.3,390914,19158,14,14,cubic
0.110,21491,14,18720,57.8,80.8,20.1,225.4,22.6,371945,19160,14,14,cubic
0.117,21682,15,18720,60.6,80.4,20.1,225.4,22.6,357729,19162,14,14,cubic
0.124,21871,15,20160,63.9,87.2,20.1,225.4,23.6,342071,19165,14,14,cubic
0.131,22059,15,20160,61.9,47.8,20.1,225.4,21.7,356273,19167,14,14,cubic
0.139,22245,15,20160,60.1,47.8,20.1,225.4,19.8,369831,19169,14,14,cubic
0.148,19464,13,18720,58.6,47.8,20.1,225.4,18.0,332121,19171,14,14,cubic
0.153,19506,13,17280,57.3,47.9,20.1,225.4,16.1,340609,19172,14,14,cubic
0.160,19539,13,17280,56.1,47.9,20.1,225.4,14.5,348338,19174,14,14,cubic
0.168,19572,13,17280,55.1,47.9,20.1,225.4,12.9,355434,19176,14,14,cubic
0.176,19605,13,17280,54.2,48.0,20.1,225.4,11.4,361862,19178,14,14,cubic
0.377,15666,10,1440,145.9,203.4,20.1,244.3,86.6,107341,19179,14,14,cubic
0.406,15771,10,4320,130.4,21.7,20.1,244.3,96.0,120929,19183,14,14,cubic
0.418,15792,10,2880,117.2,24.4,20.1,244.3,98.5,134787,19184,14,14,cubic
0.427,15848,11,2880,105.2,21.6,20.1,244.3,97.8,150614,19185,14,14,cubic
0.435,15897,11,2880,94.8,21.8,20.1,244.3,94.2,167696,19186,14,14,cubic
0.444,15937,11,2880,85.6,20.9,20.1,244.3,89.1,186273,19187,14,14,cubic
0.458,15971,11,4320,77.4,20.6,20.1,244.3,83.1,206258,19189,14,14,cubic
0.464,16009,11,4320,70.4,21.5,20.1,244.3,76.3,227264,19190,14,14,cubic
0.476,16041,11,5760,64.4,21.8,20.1,244.3,69.4,249211,19192,14,14,cubic
0.482,16067,11,5760,59.0,21.6,20.1,244.3,62.7,272229,19193,14,14,cubic
0.486,16087,11,5760,54.2,20.2,20.1,244.3,56.7,296988,19194,14,14,cubic
0.491,16113,11,5760,50.0,20.5,20.1,244.3,51.0,322511,19195,14,14,cubic
0.500,16138,11,7200,46.4,21.3,20.1,244.3,45.4,347959,19197,14,14,cubic
0.503,16157,11,7200,43.2,20.7,20.1,244.3,40.5,374307,19198,14,14,cubic
0.507,16176,11,5760,40.4,20.8,20.1,244.3,35.9,400693,19199,14,14,cubic
0.628,16574,11,1440,60.6,122.8,20.1,244.3,55.0,273656,19200,14,14,cubic
0.006,16574,11,0,52.4,25.9,20.1,244.3,45.1,316442,19204,14,14,cubic
0.006,16574,11,0,49.5,29.4,20.1,244.3,39.6,334807,19206,14,14,cubic
0.035,15890,11,10080,46.6,26.6,20.1,244.3,35.4,340658,19216,14,14,cubic
0.043,15923,11,10080,44.6,30.4,20.1,244.3,30.6,356889,19218,14,14,cubic
0.051,15950,11,10080,42.6,28.6,20.1,244.3,26.9,374246,19220,14,14,cubic
0.055,15977,11,8640,40.4,25.1,20.1,244.3,24.6,395167,19221,14,14,cubic
0.062,16003,11,8640,38.3,23.5,20.1,244.3,22.7,417625,19223,14,14,cubic
0.072,16030,11,10080,36.3,21.9,20.1,244.3,21.1,442011,19226,14,14,cubic
0.079,16191,11,10080,34.3,20.9,20.1,244.3,19.7,471422,19228,14,14,cubic
0.084,16445,11,10080,32.6,20.5,20.1,244.3,18.2,504154,19230,14,14,cubic
0.090,16694,11,10080,31.1,20.6,20.1,244.3,16.7,536612,19232,14,14,cubic
0.098,16940,11,11520,29.8,20.6,20.1,244.3,15.1,568437,19235,14,14,cubic
0.105,17182,11,12960,28.7,20.8,20.1,244.3,13.6,599177,19238,14,14,cubic
0.110,17420,12,12960,27.8,21.9,20.1,244.3,11.9,626010,19240,14,14,cubic
0.117,17656,12,14400,27.3,23.5,20.1,244.3,10.0,647214,19243,14,14,cubic
0.123,17888,12,15840,27.0,24.9,20.1,244.3,8.1,662862,19246,14,14,cubic
0.130,18117,12,15840,26.9,26.6,20.1,244.3,6.2,672519,19248,14,14,cubic
0.137,18344,12,15840,27.2,28.7,20.1,244.3,5.1,675479,19250,14,14,cubic
0.144,18679,12,14400,27.7,31.9,20.1,244.3,5.0,673214,19252,14,14,cubic
0.153,18899,13,15840,28.6,34.2,20.1,244.3,5.3,661891,19255,14,14,cubic
0.159,19116,13,17280,29.6,36.7,20.1,244.3,6.0,646487,19258,14,14,cubic
0.166,19330,13,17280,30.7,39.0,20.1,244.3,6.9,628761,19260,14,14,cubic
0.173,19542,13,17280,32.0,41.1,20.1,244.3,7.7,610001,19262,14,14,cubic
0.180,19752,13,17280,33.2,41.0,20.1,244.3,8.1,595711,19264,14,14,cubic
0.187,19960,13,17280,34.1,41.1,20.1,244.3,8.0,584531,19266,14,14,cubic
0.194,20165,14,17280,34.8,39.3,20.1,244.3,7.3,579620,19268,14,14,cubic
0.200,20369,14,18720,36.2,46.1,20.1,244.3,8.3,562648,19271,14,14,cubic
0.207,20570,14,18720,37.2,44.6,20.1,244.3,8.3,552214,19273,14,14,cubic
0.214,20769,14,18720,38.2,44.5,20.1,244.3,8.0,544389,19275,14,14,cubic
0.221,20967,14,18720,38.9,44.5,20.1,244.3,7.6,538402,19277,14,14,cubic
0.228,21162,14,18720,39.6,44.5,20.1,244.3,7.1,533948,19279,14,14,cubic
0.235,21356,14,18720,40.2,44.4,20.1,244.3,6.5,530926,19281,14,14,cubic
0.248,18718,12,15840,41.2,44.5,20.1,244.3,5.4,454033,19283,14,14,cubic
0.255,18751,13,15840,41.6,44.5,20.1,244.3,4.9,450344,19285,14,14,cubic
0.321,19051,13,4320,64.0,67.9,20.1,244.3,17.7,297685,19288,14,14,cubic
0.350,19159,13,11520,67.2,89.4,20.1,244.3,19.6,285223,19296,14,14,cubic
0.359,19194,13,11520,62.5,30.1,20.1,244.3,24.0,306892,19298,14,14,cubic
0.363,19223,13,8640,58.7,31.9,20.1,244.3,25.6,327383,19299,14,14,cubic
0.572,19979,13,1440,111.0,211.0,20.1,244.3,88.6,179945,19300,14,14,cubic
0.599,20055,13,5760,100.1,23.6,20.1,244.3,88.3,200351,19306,14,14,cubic
0.606,20076,13,4320,91.1,27.9,20.1,244.3,84.3,220426,19307,14,14,cubic
0.612,20096,13,4320,82.4,21.5,20.1,244.3,80.6,243933,19308,14,14,cubic
0.618,20116,13,4320,74.6,20.2,20.1,244.3,76.0,269608,19309,14,14,cubic
0.627,20140,13,5760,68.0,22.0,20.1,244.3,70.2,296050,19311,14,14,cubic
0.006,20159,13,0,48.7,21.2,20.1,244.3,47.5,414333,19313,14,14,cubic
0.005,20159,13,0,46.6,32.1,20.1,244.3,39.8,432745,19315,14,14,cubic
0.035,18933,13,15840,44.4,28.8,20.1,244.3,34.3,426745,19328,14,14,cubic
0.039,18956,13,14400,42.6,30.1,20.1,244.3,29.3,445185,19329,14,14,cubic
0.045,18987,13,14400,41.5,33.9,20.1,244.3,24.1,457584,19331,14,14,cubic
0.054,19017,13,15840,40.6,34.5,20.1,244.3,19.9,468237,19334,14,14,cubic
0.060,19047,13,15840,39.9,34.7,20.1,244.3,16.4,477691,19336,14,14,cubic
0.066,19077,13,15840,39.2,34.8,20.1,244.3,13.5,486112,19338,14,14,cubic
0.072,19106,13,15840,38.7,34.6,20.1,244.3,11.3,494180,19340,14,14,cubic
0.081,19135,13,17280,38.2,35.2,20.1,244.3,9.4,500549,19343,14,14,cubic
0.086,19164,13,17280,37.9,35.9,20.1,244.3,7.6,505153,19345,14,14,cubic
0.093,19186,13,18720,37.5,34.4,20.1,244.3,6.6,511653,19347,14,14,cubic
0.096,19208,13,17280,37.2,34.9,20.1,244.3,5.6,516691,19348,14,14,cubic
0.103,19364,13,17280,37.0,35.9,20.1,244.3,4.5,523125,19350,14,14,cubic
0.109,19576,13,17280,37.0,36.8,20.1,244.3,3.4,529309,19352,14,14,cubic
0.116,19785,13,17280,37.1,37.7,20.1,244.3,2.7,533719,19354,14,14,cubic
0.123,19993,13,17280,37.3,38.9,20.1,244.3,2.5,535990,19356,14,14,cubic
0.130,20198,14,17280,37.6,39.9,20.1,244.3,2.6,536738,19358,14,14,cubic
0.137,20401,14,18720,38.0,40.7,20.1,244.3,2.7,536670,19361,14,14,cubic
0.157,15677,10,12960,39.9,44.5,20.1,244.3,4.1,393133,19363,14,14,cubic
0.162,15698,10,12960,40.4,44.4,20.1,244.3,4.2,388132,19365,14,14,cubic
0.169,15727,10,12960,41.0,44.5,20.1,244.3,4.2,384006,19367,14,14,cubic
0.176,15755,10,12960,41.4,44.5,20.1,244.3,4.0,380564,19369,14,14,cubic
0.183,15783,10,12960,41.8,44.6,20.1,244.3,3.8,377646,19371,14,14,cubic
0.190,15810,10,12960,40.4,30.8,20.1,244.3,5.6,391181,19373,14,14,cubic
0.197,15838,10,12960,39.4,32.5,20.1,244.3,6.2,401765,19375,14,14,cubic
0.203,15865,11,12960,38.5,32.4,20.1,244.3,6.4,411554,19377,14,14,cubic
0.217,12170,8,11520,37.1,32.5,20.1,244.3,6.0,327714,19380,14,14,cubic
0.224,12195,8,10080,36.6,32.6,20.1,244.3,5.7,333506,19381,14,14,cubic
0.231,12219,8,8640,35.9,31.2,20.1,244.3,5.6,340428,19383,14,14,cubic
0.241,12254,8,10080,35.3,31.1,20.1,244.3,5.4,347207,19386,14,14,cubic
0.249,12278,8,10080,34.3,27.4,20.1,244.3,6.0,357886,19388,14,14,cubic
0.257,12302,8,10080,33.4,27.4,20.1,244.3,6.2,367904,19390,14,14,cubic
0.264,12325,8,10080,32.5,26.2,20.1,244.3,6.5,378892,19392,14,14,cubic
0.272,12347,8,10080,31.5,23.9,20.1,244.3,7.0,392529,19394,14,14,cubic
0.275,12370,8,8640,30.5,23.4,20.1,244.3,7.3,406226,19395,14,14,cubic
0.282,12623,8,8640,29.4,21.9,20.1,244.3,7.6,429675,19397,14,14,cubic
0.292,12948,8,10080,28.4,21.4,20.1,244.3,7.7,456140,19400,14,14,cubic
0.298,13264,9,10080,27.4,20.9,20.1,244.3,7.6,483311,19402,14,14,cubic
0.304,13573,9,10080,26.6,20.6,20.1,244.3,7.4,510551,19404,14,14,cubic
0.313,14027,9,10080,25.9,20.8,20.1,244.3,7.0,542441,19407,14,14,cubic
0.320,14319,9,11520,25.3,21.1,20.1,244.3,6.5,566819,19410,14,14,cubic
0.325,14605,10,11520,24.9,22.0,20.1,244.3,5.7,587513,19412,14,14,cubic
0.332,14886,10,12960,24.6,23.1,20.1,244.3,4.7,604188,19415,14,14,cubic
0.339,15162,10,12960,24.6,24.3,20.1,244.3,3.6,616617,19417,14,14,cubic
0.346,15432,10,12960,24.8,25.9,20.1,244.3,3.0,623439,19419,14,14,cubic
0.354,15698,10,12960,25.6,31.5,20.1,244.3,4.0,613179,19421,14,14,cubic
0.361,15959,11,12960,26.4,31.9,20.1,244.3,4.5,604920,19423,14,14,cubic
0.370,16345,11,12960,27.4,34.9,20.1,244.3,5.5,595663,19426,14,14,cubic
0.380,16721,11,12960,28.3,34.3,20.1,244.3,5.8,591015,19429,14,14,cubic
0.388,17211,11,11520,28.2,27.3,20.1,244.3,4.6,610947,19432,14,14,cubic
0.395,17688,12,11520,27.8,25.4,20.1,244.3,4.2,635595,19436,14,14,cubic
0.513,18710,12,1440,66.4,112.6,20.1,244.3,50.1,281785,19438,14,14,cubic
0.542,19149,13,7200,61.2,25.1,20.1,244.3,47.9,312708,19446,14,14,cubic
0.551,19256,13,8640,56.8,26.0,20.1,244.3,44.7,338805,19448,14,14,cubic
0.554,19469,13,7200,52.6,22.7,20.1,244.3,42.1,370337,19449,14,14,cubic
0.562,19679,13,7200,48.6,20.9,20.1,244.3,39.5,404767,19451,14,14,cubic
0.569,19888,13,7200,45.1,20.7,20.1,244.3,36.6,440750,19453,14,14,cubic
0.006,3072,2,0,35.0,20.9,20.1,244.3,24.8,573999,19457,15,15,cubic
0.007,35950,24,0,34.4,29.8,20.1,244.3,19.9,1046487,19459,15,15,cubic
0.033,40222,27,31680,34.2,33.0,20.1,244.3,15.2,1176494,19484,15,15,cubic
0.083,21497,14,20160,46.1,64.4,20.1,244.3,16.4,466757,19490,15,15,cubic
0.090,21688,15,18720,48.9,68.5,20.1,244.3,17.9,443862,19491,15,15,cubic
0.096,21877,15,20160,51.8,72.6,20.1,244.3,19.4,422132,19494,15,15,cubic
0.103,22064,15,20160,54.9,76.7,20.1,244.3,20.7,401652,19496,15,15,cubic
0.110,22250,15,20160,58.2,80.8,20.1,244.3,22.0,382519,19498,15,15,cubic
0.117,22435,15,20160,60.9,80.2,20.1,244.3,22.0,368269,19500,15,15,cubic
0.124,22617,15,20160,64.2,87.0,20.1,244.3,23.0,352383,19502,15,15,cubic
0.131,22799,15,20160,67.9,93.8,20.1,244.3,24.7,335817,19504,15,15,cubic
0.138,22979,15,20160,65.0,44.4,20.1,244.3,24.4,353757,19506,15,15,cubic
0.149,20132,13,17280,61.8,51.3,20.1,244.3,19.3,326019,19508,15,15,cubic
0.156,20166,14,17280,60.4,51.3,20.1,244.3,17.1,333636,19510,15,15,cubic
0.163,20200,14,17280,59.3,51.3,20.1,244.3,15.1,340640,19512,15,15,cubic
0.171,20233,14,17280,58.3,51.3,20.1,244.3,13.3,347037,19514,15,15,cubic
0.180,20267,14,17280,57.3,50.2,20.1,244.3,12.0,353773,19516,15,15,cubic
0.184,20300,14,15840,56.1,48.2,20.1,244.3,11.3,361531,19517,15,15,cubic
0.192,20333,14,15840,55.0,47.0,20.1,244.3,10.8,369684,19519,15,15,cubic
0.199,20365,14,15840,53.8,45.0,20.1,244.3,10.6,378841,19521,15,15,cubic
0.207,20397,14,15840,52.5,43.7,20.1,244.3,10.4,388536,19523,15,15,cubic
0.210,20421,14,15840,51.1,41.0,20.1,244.3,10.7,399941,19524,15,15,cubic
0.221,15663,10,12960,48.2,38.0,20.1,244.3,11.1,325086,19526,15,15,cubic
0.228,15692,10,12960,46.8,36.9,20.1,244.3,11.1,335499,19528,15,15,cubic
0.235,15721,10,12960,45.4,35.8,20.1,244.3,11.1,346277,19530,15,15,cubic
0.244,15749,10,12960,44.2,35.4,20.1,244.3,10.8,356683,19532,15,15,cubic
0.252,15777,10,12960,43.0,35.0,20.1,244.3,10.4,366864,19534,15,15,cubic
0.256,15805,10,11520,41.5,30.8,20.1,244.3,10.8,381054,19535,15,15,cubic
0.263,15833,10,11520,40.4,32.5,20.1,244.3,10.4,392313,19537,15,15,cubic
0.270,15860,11,12960,39.4,32.8,20.1,244.3,9.7,402415,19539,15,15,cubic
0.281,12167,8,10080,37.3,29.7,20.1,244.3,9.1,326026,19541,15,15,cubic
0.288,12191,8,8640,36.2,28.3,20.1,244.3,9.1,336833,19543,15,15,cubic
0.300,12221,8,10080,35.4,29.6,20.1,244.3,8.5,345489,19546,15,15,cubic
0.308,12257,8,10080,34.9,31.6,20.1,244.3,7.3,351203,19548,15,15,cubic
0.316,12280,8,10080,34.2,29.6,20.1,244.3,6.8,358676,19550,15,15,cubic
0.328,9421,6,8640,32.6,27.0,20.1,244.3,6.6,358676,19552,15,15,cubic
0.333,9436,6,5760,31.6,24.6,20.1,244.3,7.0,358676,19553,15,15,cubic
0.340,9456,6,7200,30.2,20.1,20.1,244.3,8.1,358676,19556,15,15,cubic
0.345,9474,6,8640,28.9,20.2,20.1,244.3,8.6,358676,19558,15,15,cubic
0.355,9500,6,7200,27.8,20.2,20.1,244.3,8.6,358676,19559,15,15,cubic
0.360,9645,6,7200,27.3,23.6,20.1,244.3,7.5,358676,19561,15,15,cubic
0.365,10070,6,7200,26.6,22.0,20.1,244.3,7.0,358676,19563,15,15,cubic
0.371,10274,7,8640,26.5,25.2,20.1,244.3,5.6,358676,19565,15,15,cubic
0.381,10873,7,7200,25.8,21.4,20.1,244.3,5.5,358676,19567,15,15,cubic
0.390,11250,7,8640,25.5,22.9,20.1,244.3,4.8,358676,19570,15,15,cubic
0.398,11615,8,8640,25.5,25.8,20.1,244.3,3.7,455508,19572,15,15,cubic
0.405,12144,8,8640,25.1,22.1,20.1,244.3,3.6,484287,19575,15,15,cubic
0.410,12313,8,10080,24.9,23.8,20.1,244.3,3.0,494101,19577,15,15,cubic
0.418,12646,8,10080,25.0,25.2,20.1,244.3,2.3,506731,19579,15,15,cubic
0.427,12970,9,10080,25.2,26.9,20.1,244.3,2.2,514682,19581,15,15,cubic
0.434,13287,9,11520,25.4,27.0,20.1,244.3,2.1,522575,19584,15,15,cubic
0.461,14192,9,5760,29.8,32.2,20.1,244.3,6.7,475666,19586,15,15,cubic
0.463,14625,10,4320,29.8,29.2,20.1,244.3,5.2,491580,19588,15,15,cubic
0.486,14906,10,12960,28.8,22.2,20.1,244.3,5.8,517407,19596,15,15,cubic
0.492,15181,10,12960,28.6,26.9,20.1,244.3,4.8,531287,19598,15,15,cubic
0.500,15451,10,12960,28.8,30.2,20.1,244.3,4.0,536977,19600,15,15,cubic
0.006,15451,10,0,30.2,32.4,20.1,244.3,2.8,511707,19601,15,15,cubic
0.006,15451,10,0,30.4,31.6,20.1,244.3,2.4,508725,19603,15,15,cubic
0.031,15716,10,12960,30.3,29.6,20.1,244.3,2.0,519176,19614,15,15,cubic
0.036,15977,11,12960,30.3,30.6,20.1,244.3,1.6,527119,19616,15,15,cubic
0.043,16106,11,15840,30.4,31.2,20.1,244.3,1.4,529454,19619,15,15,cubic
0.048,16360,11,14400,30.7,32.6,20.1,244.3,1.6,532951,19620,15,15,cubic
0.055,16611,11,14400,31.1,33.9,20.1,244.3,2.0,534253,19622,15,15,cubic
0.062,16858,11,14400,31.6,35.0,20.1,244.3,2.5,533852,19624,15,15,cubic
0.069,17101,11,14400,31.9,34.2,20.1,244.3,2.5,536098,19626,15,15,cubic
0.076,17341,12,14400,32.4,35.9,20.1,244.3,2.9,535331,19628,15,15,cubic
0.083,17577,12,15840,32.8,35.9,20.1,244.3,3.0,535394,19631,15,15,cubic
0.089,17811,12,15840,33.4,37.5,20.1,244.3,3.4,532960,19633,15,15,cubic
0.096,18041,12,15840,33.9,37.5,20.1,244.3,3.6,531665,19635,15,15,cubic
0.103,18268,12,15840,34.4,37.5,20.1,244.3,3.6,531355,19637,15,15,cubic
0.110,18493,12,15840,34.8,37.6,20.1,244.3,3.5,531683,19639,15,15,cubic
0.117,18715,12,15840,35.1,37.6,20.1,244.3,3.3,532705,19641,15,15,cubic
0.124,18934,13,15840,35.4,37.6,20.1,244.3,3.1,534209,19643,15,15,cubic
0.131,19150,13,17280,35.7,37.6,20.1,244.3,2.9,536264,19646,15,15,cubic
0.137,19365,13,17280,36.0,37.7,20.1,244.3,2.6,538604,19648,15,15,cubic
0.144,16944,11,15840,36.4,39.3,20.1,244.3,2.8,465840,19650,15,15,cubic
0.153,16982,11,14400,36.7,39.4,20.1,244.3,2.9,462132,19651,15,15,cubic
0.160,17012,11,14400,37.1,39.4,20.1,244.3,2.8,458866,19653,15,15,cubic
0.166,17042,11,14400,37.4,39.3,20.1,244.3,2.7,456229,19655,15,15,cubic
0.173,17072,11,14400,37.6,39.3,20.1,244.3,2.5,454054,19657,15,15,cubic
0.180,17102,11,14400,37.8,39.2,20.1,244.3,2.3,452397,19659,15,15,cubic
0.187,17131,11,14400,38.0,39.3,20.1,244.3,2.1,450946,19661,15,15,cubic
0.194,17160,11,14400,37.9,37.6,20.1,244.3,1.7,452340,19663,15,15,cubic
0.201,17189,11,14400,37.9,37.7,20.1,244.3,1.3,453451,19665,15,15,cubic
0.208,17218,11,14400,37.9,37.7,20.1,244.3,1.0,454552,19667,15,15,cubic
0.221,13208,9,11520,37.8,37.6,20.1,244.3,0.7,349334,19669,15,15,cubic
0.228,13234,9,11520,37.8,37.7,20.1,244.3,0.5,350133,19671,15,15,cubic
0.235,13259,9,11520,37.8,37.6,20.1,244.3,0.5,351036,19673,15,15,cubic
0.242,13284,9,11520,37.7,37.5,20.1,244.3,0.4,351977,19675,15,15,cubic
0.249,13309,9,11520,37.7,37.6,20.1,244.3,0.3,352761,19677,15,15,cubic
0.257,13334,9,10080,36.4,27.3,20.1,244.3,2.9,366077,19679,15,15,cubic
0.264,13359,9,10080,35.1,25.6,20.1,244.3,4.8,380945,19681,15,15,cubic
0.272,13383,9,10080,33.9,25.7,20.1,244.3,6.0,394883,19683,15,15,cubic
0.279,13407,9,8640,32.3,21.4,20.1,244.3,7.6,414769,19685,15,15,cubic
0.286,13431,9,8640,30.9,20.9,20.1,244.3,8.6,434660,19687,15,15,cubic
0.292,13520,9,8640,29.8,21.8,20.1,244.3,8.7,454316,19689,15,15,cubic
0.302,13824,9,10080,28.7,21.7,20.1,244.3,8.6,480884,19692,15,15,cubic
0.308,14120,9,10080,27.9,21.6,20.1,244.3,8.2,506947,19694,15,15,cubic
0.316,14411,10,11520,27.1,21.8,20.1,244.3,7.7,531967,19697,15,15,cubic
0.321,14838,10,10080,26.5,22.6,20.1,244.3,6.9,559460,19699,15,15,cubic
0.332,15114,10,12960,26.1,23.1,20.1,244.3,6.0,579169,19703,15,15,cubic
0.336,15521,10,11520,25.5,21.7,20.1,244.3,5.6,607642,19705,15,15,cubic
0.343,15785,10,12960,24.9,20.2,20.1,244.3,5.6,634674,19708,15,15,cubic
0.348,16045,11,12960,24.5,22.3,20.1,244.3,4.8,653670,19710,15,15,cubic
0.355,16556,11,11520,24.0,20.6,20.1,244.3,4.6,688513,19713,15,15,cubic
0.365,16804,11,14400,24.1,24.5,20.1,244.3,3.6,697174,19717,15,15,cubic
0.373,17048,11,14400,24.4,26.7,20.1,244.3,3.3,697944,19719,15,15,cubic
0.380,17289,12,14400,25.0,29.0,20.1,244.3,3.6,691532,19721,15,15,cubic
0.387,17644,12,14400,25.9,32.5,20.1,244.3,4.6,680394,19724,15,15,cubic
0.396,17877,12,15840,27.1,35.0,20.1,244.3,5.7,660423,19727,15,15,cubic
0.406,18221,12,14400,28.6,39.0,20.1,244.3,7.3,637856,19729,15,15,cubic
0.409,18559,12,14400,28.4,27.3,20.1,244.3,5.8,653324,19732,15,15,cubic
0.418,18780,13,15840,29.6,37.6,20.1,244.3,6.6,635532,19735,15,15,cubic
0.425,18998,13,17280,30.3,35.9,20.1,244.3,6.5,626170,19738,15,15,cubic
0.431,19214,13,17280,30.8,34.2,20.1,244.3,5.9,623385,19740,15,15,cubic
0.437,19534,13,15840,30.6,29.3,20.1,244.3,4.8,637636,19742,15,15,cubic
0.445,19849,13,15840,31.0,33.8,20.1,244.3,4.4,639774,19745,15,15,cubic
0.454,20159,13,15840,31.6,35.8,20.1,244.3,4.5,637458,19748,15,15,cubic
0.006,20159,13,0,35.4,28.3,20.1,244.3,7.4,570107,19751,15,15,cubic
0.006,20159,13,0,34.7,29.9,20.1,244.3,6.9,581403,19753,15,15,cubic
0.032,20464,14,15840,34.2,30.5,20.1,244.3,6.2,599133,19767,15,15,cubic
0.041,20664,14,18720,33.8,31.4,20.1,244.3,5.4,611180,19771,15,15,cubic
0.048,20863,14,18720,34.0,35.6,20.1,244.3,4.5,613004,19773,15,15,cubic
0.055,21059,14,18720,34.5,37.5,20.1,244.3,4.2,610972,19775,15,15,cubic
0.061,21254,14,18720,35.1,39.3,20.1,244.3,4.4,605941,19777,15,15,cubic
0.068,21447,14,18720,35.9,41.3,20.1,244.3,4.8,598225,19779,15,15,cubic
0.075,21638,15,18720,36.3,39.3,20.1,244.3,4.5,596301,19781,15,15,cubic
0.082,21828,15,20160,37.4,45.0,20.1,244.3,5.6,583964,19784,15,15,cubic
0.089,22016,15,20160,38.3,44.4,20.1,244.3,5.9,575446,19786,15,15,cubic
0.096,22202,15,20160,39.0,44.5,20.1,244.3,6.0,568800,19788,15,15,cubic
0.103,22387,15,20160,39.7,44.4,20.1,244.3,5.8,563804,19790,15,15,cubic
0.109,22570,15,20160,40.3,44.5,20.1,244.3,5.6,560021,19792,15,15,cubic
0.116,22752,15,20160,40.8,44.5,20.1,244.3,5.2,557332,19794,15,15,cubic
0.123,22932,15,20160,41.3,44.5,20.1,244.3,4.8,555455,19796,15,15,cubic
0.130,23111,16,20160,42.5,51.4,20.1,244.3,6.2,543187,19798,15,15,cubic
0.137,23288,16,21600,43.6,51.3,20.1,244.3,6.8,533687,19801,15,15,cubic
0.144,20376,14,20160,44.2,47.9,20.1,244.3,6.2,461339,19803,15,15,cubic
0.152,20420,14,18720,44.6,47.8,20.1,244.3,5.5,457580,19804,15,15,cubic
0.159,20454,14,18720,45.0,47.9,20.1,244.3,5.0,454210,19806,15,15,cubic
0.166,20488,14,18720,45.4,47.8,20.1,244.3,4.4,451466,19808,15,15,cubic
0.173,20522,14,18720,45.7,47.8,20.1,244.3,3.9,449206,19810,15,15,cubic
0.180,20555,14,18720,46.0,47.9,20.1,244.3,3.5,447226,19812,15,15,cubic
0.186,20589,14,18720,47.1,54.7,20.1,244.3,4.8,437523,19814,15,15,cubic
0.193,20622,14,18720,48.0,54.9,20.1,244.3,5.6,429329,19816,15,15,cubic
0.200,20655,14,18720,47.6,44.5,20.1,244.3,5.1,434065,19818,15,15,cubic
0.207,20687,14,18720,47.2,44.4,20.1,244.3,4.6,438358,19820,15,15,cubic
0.221,15867,11,15840,46.6,44.5,20.1,244.3,3.7,340837,19822,15,15,cubic
0.227,15896,11,14400,46.3,44.5,20.1,244.3,3.3,343392,19823,15,15,cubic
0.234,15925,11,14400,46.1,44.4,20.1,244.3,2.9,345752,19825,15,15,cubic
0.241,15954,11,14400,45.9,44.4,20.1,244.3,2.6,347907,19827,15,15,cubic
0.248,15982,11,14400,45.7,44.3,20.1,244.3,2.3,349983,19829,15,15,cubic
0.255,16010,11,14400,45.5,44.4,20.1,244.3,2.1,351806,19831,15,15,cubic
0.262,16038,11,14400,44.5,37.7,20.1,244.3,3.5,360194,19833,15,15,cubic
0.275,12303,8,11520,42.9,37.6,20.1,244.3,4.8,286743,19835,15,15,cubic
0.281,12322,8,10080,42.5,39.3,20.1,244.3,4.5,290209,19836,15,15,cubic
0.291,12358,8,10080,41.9,38.3,20.1,244.3,4.4,294694,19838,15,15,cubic
0.296,12376,8,10080,41.1,35.3,20.1,244.3,5.0,301111,19840,15,15,cubic
0.304,12394,8,8640,39.0,23.9,20.1,244.3,8.0,318194,19842,15,15,cubic
0.313,12423,8,8640,37.3,25.6,20.1,244.3,9.4,333243,19844,15,15,cubic
0.317,12446,8,7200,35.4,21.9,20.1,244.3,10.9,351989,19845,15,15,cubic
0.325,12469,8,7200,33.8,23.0,20.1,244.3,11.2,368807,19847,15,15,cubic
0.333,12492,8,7200,32.2,21.1,20.1,244.3,11.6,387757,19849,15,15,cubic
0.340,12675,8,7200,30.8,20.7,20.1,244.3,11.6,411833,19851,15,15,cubic
0.347,12999,9,7200,29.5,20.4,20.1,244.3,11.3,441017,19853,15,15,cubic
0.356,13156,9,10080,28.4,20.6,20.1,244.3,10.7,463794,19856,15,15,cubic
0.362,13468,9,10080,27.6,22.1,20.1,244.3,9.6,488342,19858,15,15,cubic
0.368,13773,9,10080,26.9,21.8,20.1,244.3,8.6,512941,19860,15,15,cubic
0.377,14070,9,11520,26.3,22.1,20.1,244.3,7.7,535897,19863,15,15,cubic
0.382,14508,10,10080,25.6,21.3,20.1,244.3,7.0,565967,19865,15,15,cubic
0.390,14790,10,11520,25.2,22.1,20.1,244.3,6.1,586997,19868,15,15,cubic
0.396,15206,10,11520,24.6,20.4,20.1,244.3,5.8,618079,19871,15,15,cubic
0.403,15341,10,14400,24.1,20.2,20.1,244.3,5.4,637773,19874,15,15,cubic
0.408,15876,11,10080,23.6,20.3,20.1,244.3,5.0,673253,19875,15,15,cubic
0.418,16263,11,12960,23.6,23.8,20.1,244.3,3.8,689022,19880,15,15,cubic
0.428,16389,11,15840,24.0,26.6,20.1,244.3,3.6,683615,19883,15,15,cubic
0.433,16639,11,14400,24.6,28.8,20.1,244.3,3.9,676987,19884,15,15,cubic
0.006,16886,11,0,28.7,34.1,20.1,244.3,5.8,587686,19886,15,15,cubic
0.006,16886,11,0,28.8,28.9,20.1,244.3,4.4,587216,19888,15,15,cubic
0.032,17250,11,12960,28.5,26.5,20.1,244.3,3.9,605794,19900,15,15,cubic
0.043,17488,12,14400,29.1,33.2,20.1,244.3,4.1,601706,19903,15,15,cubic
0.050,17722,12,15840,29.8,35.2,20.1,244.3,4.6,594139,19906,15,15,cubic
0.056,17954,12,15840,30.7,37.0,20.1,244.3,5.2,584287,19908,15,15,cubic
0.063,18182,12,15840,31.8,39.0,20.1,244.3,6.0,572481,19910,15,15,cubic
0.070,18408,12,15840,32.1,34.2,20.1,244.3,5.1,574173,19912,15,15,cubic
0.077,18631,12,15840,33.2,41.0,20.1,244.3,6.0,561631,19914,15,15,cubic
0.084,18851,13,15840,33.7,37.6,20.1,244.3,5.6,558962,19916,15,15,cubic
0.091,19068,13,17280,34.2,37.6,20.1,244.3,5.2,557462,19919,15,15,cubic
0.097,19283,13,17280,34.6,37.6,20.1,244.3,4.7,556861,19921,15,15,cubic
0.104,19496,13,17280,35.0,37.6,20.1,244.3,4.3,557092,19923,15,15,cubic
0.111,19706,13,17280,35.3,37.6,20.1,244.3,3.9,557911,19925,15,15,cubic
0.118,19914,13,17280,35.6,37.6,20.1,244.3,3.5,559366,19927,15,15,cubic
0.125,20120,13,17280,35.9,37.6,20.1,244.3,3.1,561227,19929,15,15,cubic
0.132,20324,14,17280,36.9,44.4,20.1,244.3,4.5,550442,19931,15,15,cubic
0.139,20526,14,18720,37.9,44.4,20.1,244.3,5.2,542212,19934,15,15,cubic
0.145,17960,12,17280,38.2,41.0,20.1,244.3,4.7,469567,19936,15,15,cubic
0.154,17999,12,15840,38.6,41.0,20.1,244.3,4.2,466367,19937,15,15,cubic
0.161,18031,12,15840,38.9,41.0,20.1,244.3,3.8,463533,19939,15,15,cubic
0.168,18062,12,15840,39.2,41.0,20.1,244.3,3.4,461247,19941,15,15,cubic
0.174,18093,12,15840,39.4,41.1,20.1,244.3,3.0,459236,19943,15,15,cubic
0.181,18124,12,15840,40.5,48.0,20.1,244.3,4.4,447826,19945,15,15,cubic
0.188,18154,12,15840,41.4,47.9,20.1,244.3,5.1,438544,19947,15,15,cubic
0.195,18185,12,15840,41.1,39.3,20.1,244.3,4.4,442113,19949,15,15,cubic
0.202,18215,12,15840,40.7,37.6,20.1,244.3,4.2,447696,19951,15,15,cubic
0.209,18244,12,15840,40.3,37.6,20.1,244.3,3.9,452704,19953,15,15,cubic
0.222,13994,9,12960,39.7,37.5,20.1,244.3,3.3,352840,19955,15,15,cubic
0.229,14021,9,11520,39.4,37.6,20.1,244.3,3.0,355826,19956,15,15,cubic
0.236,14048,9,11520,39.2,37.6,20.1,244.3,2.7,358541,19958,15,15,cubic
0.243,14074,9,11520,39.0,37.6,20.1,244.3,2.4,361010,19960,15,15,cubic
0.250,14100,9,11520,38.8,37.7,20.1,244.3,2.1,363205,19962,15,15,cubic
0.257,14126,9,11520,37.8,30.7,20.1,244.3,3.6,373664,19964,15,15,cubic
0.263,14151,9,11520,36.9,30.7,20.1,244.3,4.5,383360,19966,15,15,cubic
0.277,10856,7,8640,35.3,29.6,20.1,244.3,5.3,383360,19968,15,15,cubic
0.285,10880,7,8640,34.5,28.8,20.1,244.3,5.6,383360,19970,15,15,cubic
0.291,10901,7,8640,33.7,28.2,20.1,244.3,5.8,383360,19972,15,15,cubic
0.298,10923,7,8640,32.9,27.6,20.1,244.3,5.9,383360,19974,15,15,cubic
0.305,10945,7,8640,31.8,23.9,20.1,244.3,6.7,383360,19976,15,15,cubic
0.311,10967,7,7200,30.4,20.5,20.1,244.3,7.8,383360,19978,15,15,cubic
0.320,11035,7,8640,29.2,20.6,20.1,244.3,8.3,383360,19981,15,15,cubic
0.327,11407,7,8640,28.1,20.5,20.1,244.3,8.4,383360,19983,15,15,cubic
0.334,11766,8,8640,27.1,20.5,20.1,244.3,8.2,433465,19985,15,15,cubic
0.340,12115,8,10080,27.2,27.3,20.1,244.3,6.2,446043,19988,15,15,cubic
0.347,12623,8,8640,26.3,20.5,20.1,244.3,6.3,479415,19990,15,15,cubic
0.356,13110,9,8640,25.8,22.2,20.1,244.3,5.8,507962,19993,15,15,cubic
0.364,13423,9,10080,25.1,20.5,20.1,244.3,5.7,533845,19996,15,15,cubic
0.369,13728,9,10080,24.5,20.2,20.1,244.3,5.5,559732,19998,15,15,cubic
0.376,14176,9,10080,24.0,20.2,20.1,244.3,5.2,590986,20001,15,15,cubic
0.386,14321,9,12960,23.9,23.3,20.1,244.3,4.1,599330,20004,15,15,cubic
0.392,14607,10,11520,24.0,24.4,20.1,244.3,3.2,609641,20005,15,15,cubic
0.398,14888,10,12960,24.2,26.1,20.1,244.3,2.9,614673,20008,15,15,cubic
0.405,13026,9,12960,24.6,27.3,20.1,244.3,2.9,529469,20010,15,15,cubic
0.412,13052,9,10080,25.4,30.8,20.1,244.3,3.8,514242,20011,15,15,cubic
0.419,13078,9,10080,25.4,25.6,20.1,244.3,2.9,514800,20014,15,15,cubic
0.427,13109,9,10080,25.8,28.9,20.1,244.3,3.0,507216,20017,15,15,cubic
0.434,13134,9,10080,25.4,21.9,20.1,244.3,3.3,518024,20020,15,15,cubic
0.442,13158,9,11520,24.7,20.2,20.1,244.3,3.7,532561,20023,15,15,cubic
0.449,13188,9,12960,24.7,24.3,20.1,244.3,2.9,534858,20025,15,15,cubic
0.455,13207,9,11520,24.5,23.5,20.1,244.3,2.5,538687,20026,15,15,cubic
0.461,13231,9,10080,24.8,27.2,20.1,244.3,2.5,532456,20028,15,15,cubic
0.470,13260,9,11520,25.3,28.4,20.1,244.3,2.8,524317,20031,15,15,cubic
0.477,13284,9,11520,25.9,29.8,20.1,244.3,3.2,513887,20033,15,15,cubic
0.484,13307,9,11520,26.0,27.3,20.1,244.3,2.8,511237,20035,15,15,cubic
0.491,13477,9,11520,26.2,27.3,20.1,244.3,2.4,514742,20037,15,15,cubic
0.497,13781,9,11520,26.9,32.0,20.1,244.3,3.2,512133,20039,15,15,cubic
0.504,14079,9,11520,27.6,32.5,20.1,244.3,3.8,509887,20041,15,15,cubic
0.513,14370,9,11520,28.2,32.5,20.1,244.3,4.1,509069,20043,15,15,cubic
0.005,3072,2,0,28.6,25.6,20.1,244.3,3.0,509069,20045,16,16,cubic
0.006,30014,20,0,28.7,29.2,20.1,244.3,2.4,1046476,20047,16,16,cubic
0.032,32890,22,27360,28.7,28.9,20.1,244.3,1.9,1145713,20068,16,16,cubic
0.073,17888,12,15840,40.3,59.6,20.1,244.3,15.0,443837,20072,16,16,cubic
0.080,18117,12,15840,43.2,63.7,20.1,244.3,17.1,419103,20074,16,16,cubic
0.087,18344,12,15840,46.3,67.8,20.1,244.3,19.0,396190,20076,16,16,cubic
0.094,18567,12,15840,49.5,71.9,20.1,244.3,20.6,375083,20078,16,16,cubic
0.101,18788,13,15840,51.7,66.8,20.1,244.3,19.8,363699,20080,16,16,cubic
0.108,19006,13,17280,54.2,71.8,20.1,244.3,19.9,350800,20083,16,16,cubic
0.116,19222,13,17280,52.1,37.7,20.1,244.3,19.0,368774,20085,16,16,cubic
0.123,19435,13,17280,50.3,37.7,20.1,244.3,17.9,386258,20087,16,16,cubic
0.131,19646,13,17280,48.7,37.6,20.1,244.3,16.6,403151,20089,16,16,cubic
0.138,19855,13,17280,47.3,37.7,20.1,244.3,15.2,419341,20091,16,16,cubic
0.145,17373,12,17280,46.1,37.6,20.1,244.3,13.8,376601,20093,16,16,cubic
0.149,17396,12,15840,45.5,41.3,20.1,244.3,11.6,382102,20094,16,16,cubic
0.156,17427,12,15840,44.9,40.4,20.1,244.3,10.0,388215,20096,16,16,cubic
0.164,17458,12,15840,44.2,39.3,20.1,244.3,8.9,395102,20098,16,16,cubic
0.171,17489,12,15840,43.5,38.9,20.1,244.3,8.0,401768,20100,16,16,cubic
0.178,17519,12,15840,42.9,38.1,20.1,244.3,7.3,408844,20102,16,16,cubic
0.181,17548,12,14400,42.4,39.0,20.1,244.3,6.5,414131,20103,16,16,cubic
0.188,17578,12,14400,41.7,37.3,20.1,244.3,6.1,421120,20105,16,16,cubic
0.195,17608,12,14400,41.2,37.2,20.1,244.3,5.7,427617,20107,16,16,cubic
0.205,17637,12,15840,40.6,36.3,20.1,244.3,5.5,434772,20110,16,16,cubic
0.216,13529,9,12960,39.5,36.1,20.1,244.3,4.9,342177,20112,16,16,cubic
0.222,13555,9,11520,39.1,36.1,20.1,244.3,4.5,346648,20113,16,16,cubic
0.229,13581,9,11520,38.7,36.0,20.1,244.3,4.2,350803,20115,16,16,cubic
0.236,13607,9,11520,38.4,36.1,20.1,244.3,3.8,354422,20117,16,16,cubic
0.243,13632,9,11520,38.1,36.2,20.1,244.3,3.4,357588,20119,16,16,cubic
0.250,13657,9,11520,37.4,32.5,20.1,244.3,3.9,364955,20121,16,16,cubic
0.257,13682,9,10080,36.2,27.3,20.1,244.3,5.5,378457,20123,16,16,cubic
0.274,10496,7,8640,34.1,27.4,20.1,244.3,6.7,378457,20126,16,16,cubic
0.281,10518,7,8640,33.2,27.3,20.1,244.3,6.7,378457,20128,16,16,cubic
0.287,10540,7,8640,32.4,26.9,20.1,244.3,6.6,378457,20130,16,16,cubic
0.006,3072,2,0,28.4,23.9,20.1,244.3,7.4,378457,20133,17,17,cubic
0.006,30056,20,0,28.7,30.9,20.1,244.3,6.2,1046481,20135,17,17,cubic
0.032,33116,22,27360,28.9,30.3,20.1,244.3,5.1,1144971,20156,17,17,cubic
0.073,17993,12,15840,39.8,57.7,20.1,244.3,14.7,451688,20160,17,17,cubic
0.080,18221,12,15840,42.6,61.8,20.1,244.3,16.5,427954,20162,17,17,cubic
0.087,18446,12,15840,45.5,65.8,20.1,244.3,18.2,405575,20164,17,17,cubic
0.094,18668,12,15840,48.5,69.9,20.1,244.3,19.8,384621,20166,17,17,cubic
0.101,18888,13,15840,50.6,65.0,20.1,244.3,18.9,373295,20168,17,17,cubic
0.107,19105,13,17280,53.3,71.9,20.1,244.3,19.5,358725,20171,17,17,cubic
0.114,19319,13,17280,51.3,37.6,20.1,244.3,18.6,376610,20173,17,17,cubic
0.122,19532,13,17280,49.6,37.6,20.1,244.3,17.3,393877,20175,17,17,cubic
0.129,19742,13,17280,48.1,37.6,20.1,244.3,16.0,410479,20177,17,17,cubic
0.136,20053,13,15840,47.2,41.1,20.1,244.3,13.8,424716,20179,17,17,cubic
0.147,17546,12,17280,46.4,41.1,20.1,244.3,11.9,377780,20182,17,17,cubic
0.150,17578,12,15840,45.8,41.2,20.1,244.3,10.2,383941,20183,17,17,cubic
0.158,17609,12,15840,45.2,40.9,20.1,244.3,8.9,389795,20185,17,17,cubic
0.165,17640,12,15840,44.5,39.9,20.1,244.3,8.0,396270,20187,17,17,cubic
0.173,17670,12,15840,43.9,39.9,20.1,244.3,7.1,402139,20189,17,17,cubic
0.180,17701,12,15840,43.4,39.9,20.1,244.3,6.3,407500,20191,17,17,cubic
0.186,17730,12,15840,43.0,40.0,20.1,244.3,5.6,412268,20193,17,17,cubic
0.193,17760,12,15840,42.5,39.2,20.1,244.3,5.2,417567,20195,17,17,cubic
0.200,17790,12,15840,42.0,38.3,20.1,244.3,4.9,423591,20197,17,17,cubic
0.207,17819,12,15840,41.5,38.2,20.1,244.3,4.7,429145,20199,17,17,cubic
0.219,13668,9,12960,40.5,37.3,20.1,244.3,4.4,337298,20201,17,17,cubic
0.226,13695,9,11520,39.9,35.7,20.1,244.3,4.5,343121,20202,17,17,cubic
0.232,13721,9,11520,39.4,35.6,20.1,244.3,4.4,348522,20204,17,17,cubic
0.239,13747,9,11520,38.9,35.5,20.1,244.3,4.3,353475,20206,17,17,cubic
0.246,13772,9,11520,38.5,35.6,20.1,244.3,4.1,357956,20208,17,17,cubic
0.253,13798,9,11520,37.5,30.8,20.1,244.3,5.0,367799,20210,17,17,cubic
0.260,13823,9,11520,36.7,30.8,20.1,244.3,5.4,376956,20212,17,17,cubic
0.268,13848,9,11520,35.9,30.7,20.1,244.3,5.5,385426,20214,17,17,cubic
0.280,10624,7,8640,34.3,28.5,20.1,244.3,6.0,385426,20216,17,17,cubic
0.287,10646,7,7200,33.4,27.1,20.1,244.3,6.3,385426,20218,17,17,cubic
0.296,10673,7,8640,32.5,26.2,20.1,244.3,6.5,385426,20221,17,17,cubic
0.303,10695,7,8640,31.0,20.5,20.1,244.3,7.9,385426,20223,17,17,cubic
0.309,10716,7,8640,29.7,20.4,20.1,244.3,8.6,385426,20225,17,17,cubic
0.316,10738,7,8640,29.4,27.3,20.1,244.3,7.0,385426,20227,17,17,cubic
0.323,10945,7,8640,28.9,25.7,20.1,244.3,6.2,385426,20229,17,17,cubic
0.330,11319,7,8640,28.5,25.7,20.1,244.3,5.4,385426,20231,17,17,cubic
0.337,11682,8,8640,28.2,25.8,20.1,244.3,4.8,414578,20233,17,17,cubic
0.344,12033,8,10080,27.9,25.6,20.1,244.3,4.2,431925,20236,17,17,cubic
0.351,12373,8,10080,27.6,25.7,20.1,244.3,3.7,448394,20238,17,17,cubic
0.357,12705,8,10080,27.4,25.7,20.1,244.3,3.2,464482,20240,17,17,cubic
0.364,13028,9,10080,27.1,25.6,20.1,244.3,2.9,480135,20242,17,17,cubic
0.371,13342,9,11520,26.7,24.0,20.1,244.3,2.9,498859,20245,17,17,cubic
0.378,13650,9,11520,26.4,23.9,20.1,244.3,2.9,517241,20247,17,17,cubic
0.385,13950,9,11520,26.1,23.9,20.1,244.3,2.8,534831,20249,17,17,cubic
0.392,14244,9,11520,25.8,24.0,20.1,244.3,2.6,551708,20251,17,17,cubic
0.399,14532,10,11520,25.9,26.3,20.1,244.3,2.1,561427,20253,17,17,cubic
0.405,14814,10,12960,26.1,27.3,20.1,244.3,1.9,568501,20256,17,17,cubic
0.412,15230,10,11520,26.2,27.3,20.1,244.3,1.7,581075,20258,17,17,cubic
0.421,15633,10,11520,26.6,29.0,20.1,244.3,2.0,588636,20261,17,17,cubic
0.429,16158,11,10080,26.2,23.8,20.1,244.3,2.2,616458,20264,17,17,cubic
0.439,16412,11,14400,26.1,25.6,20.1,244.3,1.8,628018,20269,17,17,cubic
0.446,16662,11,14400,26.8,31.2,20.1,244.3,2.6,622482,20271,17,17,cubic
0.005,3072,2,0,27.0,25.6,20.1,244.3,2.1,617889,20273,18,18,cubic
0.006,28682,19,0,27.4,30.5,20.1,244.3,2.5,1046482,20275,18,18,cubic
0.032,33569,23,24480,28.0,32.1,20.1,244.3,3.0,1199106,20295,18,18,cubic
0.075,18200,12,17280,38.7,57.0,20.1,244.3,14.4,470734,20302,18,18,cubic
0.082,18426,12,15840,41.5,61.2,20.1,244.3,16.4,444235,20303,18,18,cubic
0.089,18648,12,15840,44.4,65.2,20.1,244.3,18.2,419631,20305,18,18,cubic
0.095,18868,13,15840,46.4,59.8,20.1,244.3,17.5,406980,20307,18,18,cubic
0.102,19085,13,17280,48.9,66.7,20.1,244.3,18.2,390294,20310,18,18,cubic
0.109,19300,13,17280,52.0,73.5,20.1,244.3,19.8,371318,20312,18,18,cubic
0.116,19513,13,17280,55.3,79.0,20.1,244.3,21.6,352544,20314,18,18,cubic
0.123,19723,13,17280,53.1,37.5,20.1,244.3,20.7,371333,20316,18,18,cubic
0.131,19931,13,17280,51.2,37.6,20.1,244.3,19.4,389437,20318,18,18,cubic
0.137,20137,13,17280,49.5,37.5,20.1,244.3,17.9,407038,20320,18,18,cubic
0.145,17619,12,15840,48.4,41.0,20.1,244.3,15.6,363908,20322,18,18,cubic
0.153,17659,12,15840,47.5,41.0,20.1,244.3,13.5,371838,20324,18,18,cubic
0.161,17690,12,15840,46.7,41.2,20.1,244.3,11.7,378808,20326,18,18,cubic
0.168,17721,12,15840,46.0,41.0,20.1,244.3,10.2,385306,20328,18,18,cubic
0.175,17751,12,15840,45.2,39.9,20.1,244.3,9.2,392443,20330,18,18,cubic
0.179,17782,12,14400,44.6,40.1,20.1,244.3,8.2,398797,20331,18,18,cubic
0.186,17812,12,14400,43.9,39.0,20.1,244.3,7.5,405888,20333,18,18,cubic
0.193,17842,12,14400,43.2,38.2,20.1,244.3,7.1,413257,20335,18,18,cubic
0.200,17871,12,14400,42.2,35.5,20.1,244.3,7.2,423282,20337,18,18,cubic
0.207,17901,12,14400,41.3,35.2,20.1,244.3,7.2,432956,20339,18,18,cubic
0.220,13731,9,12960,39.7,34.2,20.1,244.3,6.8,345616,20342,18,18,cubic
0.227,13758,9,11520,39.0,34.0,20.1,244.3,6.6,352624,20343,18,18,cubic
0.234,13784,9,11520,38.4,33.9,20.1,244.3,6.2,359145,20345,18,18,cubic
0.241,13810,9,11520,37.8,33.9,20.1,244.3,5.8,365121,20347,18,18,cubic
0.248,13836,9,11520,37.4,34.2,20.1,244.3,5.2,370233,20349,18,18,cubic
0.255,13861,9,11520,36.5,30.7,20.1,244.3,5.6,379316,20351,18,18,cubic
0.261,13886,9,11520,35.8,30.7,20.1,244.3,5.6,387757,20353,18,18,cubic
0.277,10664,7,8640,35.1,33.1,20.1,244.3,4.4,387757,20355,18,18,cubic
0.285,10686,7,8640,34.7,32.1,20.1,244.3,4.0,387757,20357,18,18,cubic
0.291,10708,7,7200,33.8,27.3,20.1,244.3,4.9,387757,20359,18,18,cubic
0.296,10724,7,10080,32.8,26.0,20.1,244.3,5.6,387757,20362,18,18,cubic
0.302,10745,7,10080,31.3,20.2,20.1,244.3,7.4,387757,20363,18,18,cubic
0.307,10760,7,7200,30.1,21.9,20.1,244.3,7.9,387757,20364,18,18,cubic
0.316,10962,7,7200,29.3,23.7,20.1,244.3,7.5,387757,20367,18,18,cubic
0.325,11150,7,10080,28.6,23.7,20.1,244.3,7.0,387757,20370,18,18,cubic
0.330,11517,7,8640,27.6,20.6,20.1,244.3,7.3,387757,20371,18,18,cubic
0.336,11873,8,8640,27.3,25.7,20.1,244.3,5.9,434335,20373,18,18,cubic
0.343,12391,8,8640,27.3,27.4,20.1,244.3,4.5,453251,20376,18,18,cubic
0.352,12888,8,8640,26.7,21.9,20.1,244.3,4.7,483547,20379,18,18,cubic
0.363,13206,9,10080,26.3,23.5,20.1,244.3,4.3,503028,20382,18,18,cubic
0.370,13672,9,10080,25.5,20.2,20.1,244.3,4.8,536219,20385,18,18,cubic
0.375,13972,9,10080,24.8,20.2,20.1,244.3,4.9,562570,20387,18,18,cubic
0.383,14265,9,11520,24.3,20.5,20.1,244.3,4.7,587157,20390,18,18,cubic
0.389,14697,10,10080,24.0,22.2,20.1,244.3,4.1,611610,20392,18,18,cubic
0.006,3072,2,0,24.5,24.1,20.1,244.3,2.1,611689,20397,19,19,cubic
0.006,26488,18,0,25.3,31.1,20.1,244.3,3.2,1046501,20399,19,19,cubic
0.032,31660,21,23040,26.2,32.2,20.1,244.3,4.1,1209735,20418,19,19,cubic
0.077,17325,12,14400,38.6,58.2,20.1,244.3,16.2,448973,20424,19,19,cubic
0.084,17680,12,14400,41.8,64.3,20.1,244.3,18.6,422905,20427,19,19,cubic
0.092,17912,12,15840,43.8,58.1,20.1,244.3,18.0,408539,20430,19,19,cubic
0.099,18141,12,15840,46.5,64.9,20.1,244.3,18.8,390313,20432,19,19,cubic
0.106,18367,12,15840,49.6,71.8,20.1,244.3,20.4,369974,20434,19,19,cubic
0.113,18590,12,15840,47.7,34.2,20.1,244.3,19.2,389613,20436,19,19,cubic
0.121,18811,13,15840,46.9,41.0,20.1,244.3,16.0,401258,20438,19,19,cubic
0.128,19029,13,15840,46.2,41.1,20.1,244.3,13.5,412293,20440,19,19,cubic
0.134,19245,13,15840,45.3,39.4,20.1,244.3,11.8,424750,20442,19,19,cubic
0.141,16839,11,15840,44.6,39.5,20.1,244.3,10.3,377691,20444,19,19,cubic
0.147,16869,11,14400,43.7,37.7,20.1,244.3,9.4,385788,20445,19,19,cubic
0.154,16899,11,14400,42.9,37.5,20.1,244.3,8.6,393530,20447,19,19,cubic
0.161,16929,11,14400,42.1,36.6,20.1,244.3,8.1,401703,20449,19,19,cubic
0.167,16959,11,14400,41.4,36.4,20.1,244.3,7.5,409341,20451,19,19,cubic
0.174,16989,11,14400,40.8,36.5,20.1,244.3,6.8,416254,20453,19,19,cubic
0.181,17018,11,14400,40.3,36.5,20.1,244.3,6.2,422586,20455,19,19,cubic
0.188,17047,11,14400,39.7,35.5,20.1,244.3,5.9,429698,20457,19,19,cubic
0.195,17076,11,14400,39.1,35.3,20.1,244.3,5.5,436391,20459,19,19,cubic
0.202,17104,11,14400,38.5,34.4,20.1,244.3,5.3,443764,20461,19,19,cubic
0.209,17133,11,14400,38.0,34.5,20.1,244.3,5.0,450394,20463,19,19,cubic
0.222,13143,9,11520,37.2,34.4,20.1,244.3,4.2,353315,20465,19,19,cubic
0.229,13168,9,11520,36.9,34.5,20.1,244.3,3.9,357272,20467,19,19,cubic
0.236,13193,9,11520,36.6,35.2,20.1,244.3,3.3,359992,20469,19,19,cubic
0.243,13219,9,11520,36.5,35.5,20.1,244.3,2.8,362174,20471,19,19,cubic
0.250,13244,9,11520,36.4,35.5,20.1,244.3,2.3,364156,20473,19,19,cubic
0.257,13268,9,10080,35.2,27.4,20.1,244.3,4.0,376439,20475,19,19,cubic
0.268,13299,9,11520,34.3,27.4,20.1,244.3,5.0,388155,20478,19,19,cubic
0.272,10181,7,10080,33.4,27.4,20.1,244.3,5.4,388155,20479,19,19,cubic
0.279,10202,7,8640,32.4,25.6,20.1,244.3,6.0,388155,20480,19,19,cubic
0.286,10224,7,8640,32.0,28.7,20.1,244.3,5.5,388155,20482,19,19,cubic
0.295,10251,7,8640,31.4,27.9,20.1,244.3,5.1,388155,20484,19,19,cubic
0.301,10272,7,10080,31.0,27.6,20.1,244.3,4.8,388155,20486,19,19,cubic
0.306,10288,7,8640,30.3,25.7,20.1,244.3,4.9,388155,20487,19,19,cubic
0.313,10308,7,8640,29.7,25.6,20.1,244.3,4.8,388155,20489,19,19,cubic
0.320,10371,7,8640,28.7,21.4,20.1,244.3,5.7,388155,20491,19,19,cubic
0.327,10766,7,8640,28.1,23.9,20.1,244.3,5.5,388155,20493,19,19,cubic
0.333,11147,7,8640,27.8,25.6,20.1,244.3,4.7,388155,20495,19,19,cubic
0.340,11515,7,8640,27.3,23.9,20.1,244.3,4.5,388155,20497,19,19,cubic
0.347,11871,8,8640,27.1,25.5,20.1,244.3,3.8,438626,20499,19,19,cubic
0.354,12216,8,10080,26.9,25.7,20.1,244.3,3.2,454345,20502,19,19,cubic
0.361,12384,8,11520,26.3,22.3,20.1,244.3,3.6,470695,20504,19,19,cubic
0.366,12715,8,10080,25.8,22.3,20.1,244.3,3.7,492772,20505,19,19,cubic
0.373,13038,9,10080,25.4,22.3,20.1,244.3,3.6,513974,20507,19,19,cubic
0.380,13352,9,11520,25.5,26.0,20.1,244.3,2.9,524595,20510,19,19,cubic
0.387,13660,9,11520,25.6,26.6,20.1,244.3,2.5,533760,20512,19,19,cubic
0.393,13960,9,11520,25.4,23.9,20.1,244.3,2.3,550082,20514,19,19,cubic
0.006,3072,2,0,27.2,30.9,20.1,244.3,3.5,512990,20517,20,20,cubic
0.005,29102,20,0,27.8,32.0,20.1,244.3,3.8,1046495,20520,20,20,cubic
0.031,33600,23,25920,28.0,29.5,20.1,244.3,3.3,1198929,20541,20,20,cubic
0.074,18215,12,17280,38.9,56.9,20.1,244.3,14.3,467951,20547,20,20,cubic
0.081,18440,12,15840,41.7,61.0,20.1,244.3,16.2,442365,20548,20,20,cubic
0.088,18662,12,15840,44.6,65.1,20.1,244.3,18.0,418271,20550,20,20,cubic
0.095,18882,13,15840,47.7,69.2,20.1,244.3,19.7,395973,20552,20,20,cubic
0.101,19099,13,17280,50.1,66.6,20.1,244.3,19.5,381575,20555,20,20,cubic
0.108,19314,13,17280,53.0,73.5,20.1,244.3,20.5,364538,20557,20,20,cubic
0.115,19526,13,17280,56.4,80.1,20.1,244.3,22.1,346371,20559,20,20,cubic
0.123,19736,13,17280,54.0,37.6,20.1,244.3,21.3,365319,20561,20,20,cubic
0.130,19944,13,17280,52.0,37.5,20.1,244.3,20.1,383811,20563,20,20,cubic
0.138,20150,13,17280,50.2,37.6,20.1,244.3,18.7,401642,20565,20,20,cubic
0.146,17631,12,17280,49.4,44.3,20.1,244.3,15.5,356664,20567,20,20,cubic
0.150,17654,12,15840,48.7,43.3,20.1,244.3,13.1,362803,20568,20,20,cubic
0.158,17686,12,15840,47.9,42.3,20.1,244.3,11.4,369474,20570,20,20,cubic
0.165,17716,12,15840,47.0,41.0,20.1,244.3,10.3,376864,20572,20,20,cubic
0.168,17747,12,14400,46.1,40.0,20.1,244.3,9.5,384675,20573,20,20,cubic
0.176,17778,12,14400,45.2,38.9,20.1,244.3,8.9,393014,20575,20,20,cubic
0.183,17808,12,14400,44.5,39.0,20.1,244.3,8.2,400539,20577,20,20,cubic
0.191,17838,12,14400,43.6,37.3,20.1,244.3,7.9,409419,20579,20,20,cubic
0.198,17868,12,14400,42.7,36.3,20.1,244.3,7.8,418895,20581,20,20,cubic
0.201,17890,12,14400,41.7,34.6,20.1,244.3,7.8,429521,20582,20,20,cubic
0.207,17912,12,14400,40.7,33.9,20.1,244.3,7.8,440303,20584,20,20,cubic
0.220,13740,9,11520,38.9,33.0,20.1,244.3,7.5,353313,20586,20,20,cubic
0.225,13760,9,12960,38.1,32.2,20.1,244.3,7.3,361553,20588,20,20,cubic
0.230,13780,9,12960,37.5,33.9,20.1,244.3,6.5,367133,20589,20,20,cubic
0.235,13799,9,12960,37.3,35.9,20.1,244.3,5.3,369698,20590,20,20,cubic
0.240,13819,9,11520,37.4,37.7,20.1,244.3,4.1,369739,20591,20,20,cubic
0.247,13845,9,11520,37.5,38.1,20.1,244.3,3.2,369515,20593,20,20,cubic
0.256,13876,9,11520,36.9,32.6,20.1,244.3,3.6,376410,20595,20,20,cubic
0.262,13901,9,11520,36.5,34.3,20.1,244.3,3.4,380442,20597,20,20,cubic
0.274,10659,7,8640,35.4,32.5,20.1,244.3,3.8,380442,20599,20,20,cubic
0.281,10681,7,8640,35.0,32.1,20.1,244.3,3.7,380442,20601,20,20,cubic
0.288,10703,7,8640,34.5,30.8,20.1,244.3,3.8,380442,20603,20,20,cubic
0.295,10725,7,8640,34.0,30.8,20.1,244.3,3.8,380442,20605,20,20,cubic
0.302,10747,7,8640,33.2,27.3,20.1,244.3,4.5,380442,20607,20,20,cubic
0.309,10768,7,10080,31.8,22.2,20.1,244.3,6.1,380442,20609,20,20,cubic
0.314,10784,7,7200,31.0,25.6,20.1,244.3,6.1,380442,20610,20,20,cubic
0.006,3072,2,0,27.5,23.5,20.1,244.3,6.5,380442,20613,21,21,cubic
0.006,29282,20,0,28.0,31.5,20.1,244.3,5.9,1046495,20615,21,21,cubic
0.031,32130,22,27360,28.0,27.9,20.1,244.3,4.5,1148771,20636,21,21,cubic
0.071,17540,12,15840,38.0,55.0,20.1,244.3,13.6,461773,20640,21,21,cubic
0.078,17774,12,15840,40.6,59.1,20.1,244.3,15.5,437492,20642,21,21,cubic
0.084,18004,12,15840,43.4,63.2,20.1,244.3,17.3,414389,20644,21,21,cubic
0.091,18232,12,15840,46.4,67.2,20.1,244.3,18.9,392761,20646,21,21,cubic
0.098,18457,12,15840,48.5,63.2,20.1,244.3,18.4,380391,20648,21,21,cubic
0.105,18679,12,15840,51.2,70.1,20.1,244.3,19.2,364696,20650,21,21,cubic
0.112,18899,13,15840,49.5,37.7,20.1,244.3,17.8,381620,20652,21,21,cubic
0.119,19116,13,17280,48.0,37.6,20.1,244.3,16.3,397968,20655,21,21,cubic
0.126,19330,13,17280,46.7,37.6,20.1,244.3,14.8,413670,20657,21,21,cubic
0.133,19542,13,17280,45.6,37.7,20.1,244.3,13.4,428609,20659,21,21,cubic
0.146,17130,11,14400,43.7,37.5,20.1,244.3,10.8,391829,20661,21,21,cubic
0.153,17160,11,14400,42.9,37.5,20.1,244.3,9.6,399571,20663,21,21,cubic
0.160,17190,11,14400,42.7,41.1,20.1,244.3,7.7,402453,20665,21,21,cubic
0.167,17221,11,14400,42.4,40.3,20.1,244.3,6.4,406098,20667,21,21,cubic
0.173,17250,11,14400,42.2,40.6,20.1,244.3,5.2,408903,20669,21,21,cubic
0.180,17280,12,14400,42.0,40.8,20.1,244.3,4.3,411360,20671,21,21,cubic
0.187,17309,12,15840,41.5,37.6,20.1,244.3,4.3,417577,20674,21,21,cubic
0.197,17338,12,15840,41.0,37.7,20.1,244.3,4.2,423115,20676,21,21,cubic
0.201,17367,12,14400,39.9,32.5,20.1,244.3,5.3,435132,20678,21,21,cubic
0.214,13322,9,12960,38.2,32.5,20.1,244.3,6.0,348917,20681,21,21,cubic
0.223,13355,9,11520,38.3,39.0,20.1,244.3,4.7,348840,20682,21,21,cubic
0.230,13380,9,11520,38.4,38.9,20.1,244.3,3.7,348800,20684,21,21,cubic
0.237,13405,9,11520,38.3,38.1,20.1,244.3,2.8,349753,20686,21,21,cubic
0.244,13430,9,11520,38.4,38.9,20.1,244.3,2.3,349721,20688,21,21,cubic
0.251,13455,9,11520,37.9,34.2,20.1,244.3,2.7,355191,20690,21,21,cubic
0.259,13480,9,11520,37.2,32.4,20.1,244.3,3.4,362433,20692,21,21,cubic
0.267,13504,9,11520,36.6,32.4,20.1,244.3,3.8,369042,20694,21,21,cubic
0.278,10360,7,8640,35.0,29.4,20.1,244.3,4.9,369042,20696,21,21,cubic
0.285,10382,7,8640,34.2,28.3,20.1,244.3,5.3,369042,20698,21,21,cubic
0.292,10403,7,8640,33.1,25.3,20.1,244.3,6.2,369042,20700,21,21,cubic
0.298,10425,7,7200,31.5,20.6,20.1,244.3,7.8,369042,20702,21,21,cubic
0.307,10451,7,10080,30.6,24.0,20.1,244.3,7.7,369042,20705,21,21,cubic
0.312,10467,7,8640,29.7,24.0,20.1,244.3,7.4,369042,20706,21,21,cubic
0.317,10641,7,8640,29.0,24.0,20.1,244.3,7.0,369042,20708,21,21,cubic
0.326,11027,7,8640,28.6,25.7,20.1,244.3,6.1,369042,20710,21,21,cubic
0.333,11399,7,8640,27.8,22.2,20.1,244.3,6.2,369042,20712,21,21,cubic
0.338,11758,8,8640,27.4,24.6,20.1,244.3,5.4,429045,20714,21,21,cubic
0.345,12107,8,10080,27.0,24.6,20.1,244.3,4.8,447595,20717,21,21,cubic
0.352,12446,8,10080,26.7,24.6,20.1,244.3,4.2,465479,20719,21,21,cubic
0.358,12775,8,10080,26.1,21.9,20.1,244.3,4.4,488752,20721,21,21,cubic
0.364,13257,9,8640,25.4,20.4,20.1,244.3,4.7,521539,20723,21,21,cubic
0.374,13721,9,10080,24.8,20.3,20.1,244.3,4.8,553869,20727,21,21,cubic
0.382,14020,9,11520,24.2,20.5,20.1,244.3,4.7,578358,20730,21,21,cubic
0.387,14166,9,12960,23.7,20.2,20.1,244.3,4.5,596915,20732,21,21,cubic
0.006,3072,2,0,25.5,29.9,20.1,244.3,3.7,572167,20734,22,22,cubic
0.006,27127,18,0,25.9,28.8,20.1,244.3,3.6,1046485,20736,22,22,cubic
0.032,33562,23,21600,26.6,31.6,20.1,244.3,4.1,1260402,20755,22,22,cubic
0.052,18206,12,17280,29.1,35.5,20.1,244.3,5.6,626238,20764,22,22,cubic
0.059,18657,12,12960,28.8,27.1,20.1,244.3,4.7,647295,20765,22,22,cubic
0.066,19097,13,11520,29.5,34.2,20.1,244.3,4.9,647333,20768,22,22,cubic
0.075,19419,13,15840,30.9,40.5,20.1,244.3,6.4,628975,20774,22,22,cubic
0.081,19735,13,15840,29.5,20.3,20.1,244.3,7.5,667873,20777,22,22,cubic
0.087,19943,13,17280,28.8,23.6,20.1,244.3,7.1,692200,20780,22,22,cubic
0.092,20252,14,15840,28.2,23.7,20.1,244.3,6.6,719022,20782,22,22,cubic
0.098,20555,14,15840,27.5,22.8,20.1,244.3,6.3,747672,20785,22,22,cubic
0.103,20955,14,14400,26.6,20.5,20.1,244.3,6.5,787160,20788,22,22,cubic
0.109,21248,14,14400,25.8,20.2,20.1,244.3,6.4,822896,20791,22,22,cubic
0.115,21538,14,15840,25.1,20.2,20.1,244.3,6.2,857438,20795,22,22,cubic
0.122,21823,15,17280,24.5,20.3,20.1,244.3,5.9,890044,20799,22,22,cubic
0.127,22105,15,17280,24.0,20.2,20.1,244.3,5.5,921848,20802,22,22,cubic
0.133,22383,15,18720,23.5,20.2,20.1,244.3,5.1,952143,20806,22,22,cubic
0.138,22750,15,17280,23.2,20.7,20.1,244.3,4.5,982381,20809,22,22,cubic
0.145,23110,16,17280,22.9,21.3,20.1,244.3,3.8,1007981,20813,22,22,cubic
0.152,23465,16,18720,22.8,21.8,20.1,244.3,3.1,1029753,20818,22,22,cubic
0.159,23815,16,18720,22.7,22.5,20.1,244.3,2.4,1046905,20822,22,22,cubic
0.166,24159,16,18720,22.8,23.4,20.1,244.3,2.0,1058305,20826,22,22,cubic
0.172,24499,17,18720,22.8,22.6,20.1,244.3,1.5,1074564,20830,22,22,cubic
0.179,24834,17,20160,23.2,25.7,20.1,244.3,1.9,1072465,20835,22,22,cubic
0.186,25164,17,20160,23.6,26.9,20.1,244.3,2.3,1065458,20839,22,22,cubic
0.193,25490,17,20160,24.0,27.0,20.1,244.3,2.6,1060227,20843,22,22,cubic
0.199,25812,17,20160,24.4,27.0,20.1,244.3,2.7,1057565,20847,22,22,cubic
0.206,26129,18,20160,24.7,27.0,20.1,244.3,2.7,1056314,20851,22,22,cubic
0.213,26443,18,21600,25.0,27.0,20.1,244.3,2.6,1056790,20856,22,22,cubic
0.220,26753,18,21600,25.3,27.0,20.1,244.3,2.4,1058602,20860,22,22,cubic
0.226,27060,18,21600,25.5,27.0,20.1,244.3,2.3,1061676,20864,22,22,cubic
0.233,27363,19,21600,25.7,27.0,20.1,244.3,2.1,1065537,20868,22,22,cubic
0.240,27663,19,23040,25.9,27.2,20.1,244.3,1.9,1069514,20873,22,22,cubic
0.247,27959,19,23040,26.0,26.9,20.1,244.3,1.7,1075428,20877,22,22,cubic
0.254,28253,19,23040,26.1,27.1,20.1,244.3,1.5,1081247,20881,22,22,cubic
0.260,28470,19,24480,26.9,32.1,20.1,244.3,2.7,1059309,20885,22,22,cubic
0.265,28758,19,23040,27.5,32.0,20.1,244.3,3.3,1045099,20888,22,22,cubic
0.006,3072,2,0,29.3,28.8,20.1,244.3,2.8,980130,20890,23,23,cubic
0.005,30625,21,0,29.3,28.7,20.1,244.3,2.3,1046507,20892,23,23,cubic
0.031,36509,25,25920,29.4,30.7,20.1,244.3,2.1,1239947,20914,23,23,cubic
0.049,25270,17,21600,31.1,35.9,20.1,244.3,3.5,813377,20922,23,23,cubic
0.056,25309,17,20160,31.8,37.2,20.1,244.3,4.2,794980,20925,23,23,cubic
0.063,25347,17,21600,32.6,38.2,20.1,244.3,4.7,776848,20929,23,23,cubic
0.068,25376,17,20160,33.2,37.1,20.1,244.3,4.7,764498,20932,23,23,cubic
0.075,25414,17,20160,34.2,41.6,20.1,244.3,5.6,742144,20936,23,23,cubic
0.082,25452,17,20160,33.1,25.4,20.1,244.3,6.4,768060,20940,23,23,cubic
0.088,25489,17,20160,32.2,25.4,20.1,244.3,6.8,792395,20944,23,23,cubic
0.095,25526,17,21600,31.3,25.4,20.1,244.3,6.8,815006,20948,23,23,cubic
0.100,25554,17,20160,30.6,25.3,20.1,244.3,6.6,835862,20951,23,23,cubic
0.107,25591,17,20160,29.9,25.3,20.1,244.3,6.2,855514,20955,23,23,cubic
0.114,25628,17,20160,29.4,25.5,20.1,244.3,5.8,872858,20959,23,23,cubic
0.120,25663,17,20160,28.9,25.4,20.1,244.3,5.3,889039,20963,23,23,cubic
0.127,25699,17,20160,28.6,27.0,20.1,244.3,4.5,897436,20967,23,23,cubic
0.134,25734,17,21600,28.2,25.4,20.1,244.3,4.2,911712,20971,23,23,cubic
0.139,25760,17,20160,27.8,25.1,20.1,244.3,3.9,925453,20974,23,23,cubic
0.146,25796,17,20160,27.5,25.3,20.1,244.3,3.6,937320,20978,23,23,cubic
0.153,25831,17,20160,27.3,25.4,20.1,244.3,3.2,947717,20982,23,23,cubic
0.159,25865,17,20160,27.0,25.4,20.1,244.3,2.9,957253,20986,23,23,cubic
0.166,25899,17,21600,26.8,25.4,20.1,244.3,2.6,965767,20990,23,23,cubic
0.171,26007,18,20160,26.6,25.4,20.1,244.3,2.3,976385,20993,23,23,cubic
0.178,26244,18,23040,27.0,29.2,20.1,244.3,2.4,973478,20998,23,23,cubic
0.183,26556,18,21600,27.4,30.4,20.1,244.3,2.6,969550,21001,23,23,cubic
0.190,26865,18,21600,27.8,30.4,20.1,244.3,2.7,967445,21005,23,23,cubic
0.197,27094,18,23040,27.9,28.6,20.1,244.3,2.3,971877,21009,23,23,cubic
0.202,27397,19,21600,28.2,30.4,20.1,244.3,2.3,971559,21012,23,23,cubic
0.005,3072,2,0,29.5,32.2,20.1,244.3,2.0,929657,21017,24,24,cubic
0.006,30647,21,0,29.3,28.0,20.1,244.3,1.8,1046508,21019,24,24,cubic
0.032,36660,25,25920,29.6,31.7,20.1,244.3,2.0,1239015,21041,24,24,cubic
0.052,21079,14,20160,31.5,37.3,20.1,244.3,4.0,669429,21049,24,24,cubic
0.059,21114,14,15840,32.4,38.6,20.1,244.3,4.8,652089,21050,24,24,cubic
0.066,21148,14,15840,32.6,33.8,20.1,244.3,3.9,649648,21054,24,24,cubic
0.072,21181,14,15840,33.6,40.6,20.1,244.3,5.0,631194,21058,24,24,cubic
0.080,21261,14,15840,31.9,20.2,20.1,244.3,7.0,666656,21062,24,24,cubic
0.086,21647,15,14400,30.4,20.3,20.1,244.3,8.2,711206,21065,24,24,cubic
0.094,22026,15,14400,29.2,20.2,20.1,244.3,8.7,755349,21069,24,24,cubic
0.102,22305,15,15840,28.1,20.5,20.1,244.3,8.7,794479,21073,24,24,cubic
0.106,22581,15,14400,27.1,20.2,20.1,244.3,8.5,833739,21075,24,24,cubic
0.113,22853,15,15840,26.2,20.2,20.1,244.3,8.1,871653,21079,24,24,cubic
0.119,23122,16,17280,25.5,20.1,20.1,244.3,7.6,908241,21083,24,24,cubic
0.125,23388,16,18720,24.8,20.2,20.1,244.3,7.0,943102,21087,24,24,cubic
0.129,23651,16,18720,24.3,20.7,20.1,244.3,6.3,974093,21090,24,24,cubic
0.135,23911,16,20160,23.8,20.2,20.1,244.3,5.8,1006101,21094,24,24,cubic
0.140,24255,16,18720,23.4,20.6,20.1,244.3,5.1,1038002,21097,24,24,cubic
0.146,24593,17,18720,23.1,21.4,20.1,244.3,4.3,1063435,21101,24,24,cubic
0.153,24926,17,20160,23.0,22.3,20.1,244.3,3.4,1082797,21106,24,24,cubic
0.160,25255,17,20160,23.0,23.2,20.1,244.3,2.6,1096184,21110,24,24,cubic
0.167,25499,17,21600,23.2,24.1,20.1,244.3,2.2,1100517,21114,24,24,cubic
0.172,25820,17,20160,23.4,25.3,20.1,244.3,2.2,1101441,21117,24,24,cubic
0.179,26059,18,21600,23.8,26.4,20.1,244.3,2.4,1094410,21121,24,24,cubic
0.184,26373,18,21600,24.3,27.8,20.1,244.3,2.8,1084951,21125,24,24,cubic
0.190,26684,18,21600,24.9,29.3,20.1,244.3,3.3,1070442,21129,24,24,cubic
0.197,26992,18,21600,25.0,25.3,20.1,244.3,2.6,1080847,21133,24,24,cubic
0.204,27220,18,23040,25.6,30.4,20.1,244.3,3.3,1061208,21137,24,24,cubic
0.209,27521,19,21600,26.2,30.4,20.1,244.3,3.7,1048578,21140,24,24,cubic
0.216,27745,19,24480,26.8,30.5,20.1,244.3,3.8,1036382,21145,24,24,cubic
0.006,27745,19,0,27.4,20.7,20.1,244.3,4.0,1011705,21149,24,24,cubic
0.006,27745,19,0,27.5,28.4,20.1,244.3,3.2,1007407,21151,24,24,cubic
0.035,28040,19,23040,28.5,34.8,20.1,244.3,4.2,985484,21171,24,24,cubic
0.042,28333,19,23040,28.9,31.9,20.1,244.3,4.1,980787,21175,24,24,cubic
0.048,28622,19,23040,29.5,34.1,20.1,244.3,4.3,968890,21179,24,24,cubic
0.055,28909,20,23040,30.2,35.2,20.1,244.3,4.7,955732,21183,24,24,cubic
0.062,29193,20,24480,31.0,36.3,20.1,244.3,5.0,941709,21188,24,24,cubic
0.069,29473,20,24480,31.3,33.8,20.1,244.3,4.5,940247,21192,24,24,cubic
0.076,29752,20,24480,31.7,33.8,20.1,244.3,4.0,939912,21196,24,24,cubic
0.082,30027,20,24480,31.9,33.8,20.1,244.3,3.5,940489,21200,24,24,cubic
0.089,30301,21,24480,32.2,33.8,20.1,244.3,3.1,942048,21204,24,24,cubic
0.096,30571,21,25920,32.4,33.8,20.1,244.3,2.7,944569,21209,24,24,cubic
0.103,30840,21,25920,32.5,33.8,20.1,244.3,2.4,947640,21213,24,24,cubic
0.109,31106,21,25920,32.7,33.7,20.1,244.3,2.1,951486,21217,24,24,cubic
0.116,31303,21,27360,32.6,32.1,20.1,244.3,1.7,959655,21221,24,24,cubic
0.121,31565,21,25920,32.5,32.1,20.1,244.3,1.4,969798,21224,24,24,cubic
0.128,31825,22,25920,32.5,32.1,20.1,244.3,1.2,979351,21228,24,24,cubic
0.135,32083,22,27360,32.4,32.1,20.1,244.3,1.0,988842,21233,24,24,cubic
0.142,28072,19,27360,32.4,32.2,20.1,244.3,0.8,866152,21237,24,24,cubic
0.148,28114,19,23040,32.4,32.1,20.1,244.3,0.7,868412,21238,24,24,cubic
0.155,28157,19,23040,32.6,33.9,20.1,244.3,0.9,864799,21242,24,24,cubic
0.162,28198,19,23040,32.7,33.8,20.1,244.3,1.0,862007,21246,24,24,cubic
0.169,28241,19,23040,32.9,33.9,20.1,244.3,1.0,859538,21250,24,24,cubic
0.176,28282,19,23040,33.0,33.8,20.1,244.3,1.0,857758,21254,24,24,cubic
0.182,28323,19,23040,33.1,33.8,20.1,244.3,1.0,856274,21258,24,24,cubic
0.189,28364,19,23040,33.2,33.8,20.1,244.3,0.9,855238,21262,24,24,cubic
0.196,28404,19,23040,33.2,33.8,20.1,244.3,0.8,854281,21266,24,24,cubic
0.203,28444,19,23040,33.3,33.7,20.1,244.3,0.7,854071,21270,24,24,cubic
0.216,21813,15,17280,33.4,33.8,20.1,244.3,0.6,652732,21274,24,24,cubic
0.223,21848,15,17280,33.5,33.8,20.1,244.3,0.6,652919,21278,24,24,cubic
0.230,21884,15,17280,33.5,33.8,20.1,244.3,0.5,653156,21282,24,24,cubic
0.006,3072,2,0,29.6,22.4,20.1,244.3,5.6,739599,21287,25,25,cubic
0.006,30828,21,0,29.5,28.5,20.1,244.3,4.5,1046506,21289,25,25,cubic
0.032,36851,25,25920,29.8,32.0,20.1,244.3,4.0,1237815,21311,25,25,cubic
0.059,20145,13,14400,32.6,38.8,20.1,244.3,5.4,618475,21319,25,25,cubic
0.066,20553,14,14400,32.7,33.7,20.1,244.3,4.4,628205,21323,25,25,cubic
0.074,20952,14,15840,33.7,40.5,20.1,244.3,5.2,621905,21328,25,25,cubic
0.081,21147,14,17280,34.7,41.6,20.1,244.3,5.9,609845,21331,25,25,cubic
0.086,21535,14,14400,33.3,24.1,20.1,244.3,7.1,645746,21333,25,25,cubic
0.092,21916,15,12960,31.9,21.8,20.1,244.3,8.2,686978,21336,25,25,cubic
0.098,22197,15,12960,30.4,20.1,20.1,244.3,9.1,729468,21339,25,25,cubic
0.104,22474,15,12960,29.1,20.2,20.1,244.3,9.4,771030,21342,25,25,cubic
0.112,22748,15,14400,28.0,20.2,20.1,244.3,9.3,811732,21346,25,25,cubic
0.119,23018,15,15840,27.0,20.2,20.1,244.3,8.9,851162,21350,25,25,cubic
0.124,23285,16,15840,26.2,20.2,20.1,244.3,8.4,889351,21353,25,25,cubic
0.130,23549,16,17280,25.4,20.1,20.1,244.3,7.8,926177,21357,25,25,cubic
0.136,23811,16,18720,24.8,20.6,20.1,244.3,7.1,959038,21361,25,25,cubic
0.142,24155,16,18720,24.3,20.4,20.1,244.3,6.4,994892,21365,25,25,cubic
0.148,24495,17,18720,23.8,20.3,20.1,244.3,5.8,1029937,21369,25,25,cubic
0.155,24830,17,20160,23.4,20.7,20.1,244.3,5.1,1061201,21374,25,25,cubic
0.161,25160,17,20160,23.2,22.0,20.1,244.3,4.2,1083502,21378,25,25,cubic
0.168,25486,17,20160,23.2,22.9,20.1,244.3,3.2,1099245,21382,25,25,cubic
0.175,25808,17,20160,23.3,24.1,20.1,244.3,2.6,1107782,21386,25,25,cubic
0.182,26126,18,20160,23.6,25.3,20.1,244.3,2.5,1109384,21390,25,25,cubic
0.188,26439,18,21600,23.9,26.7,20.1,244.3,2.7,1103970,21395,25,25,cubic
0.195,26750,18,21600,24.3,27.0,20.1,244.3,2.8,1099510,21399,25,25,cubic
0.202,27056,18,21600,24.7,27.0,20.1,244.3,2.7,1097294,21403,25,25,cubic
0.209,27359,18,21600,24.9,27.0,20.1,244.3,2.6,1096816,21407,25,25,cubic
0.215,27659,19,21600,25.2,27.0,20.1,244.3,2.5,1097622,21411,25,25,cubic
0.222,27956,19,23040,25.4,27.0,20.1,244.3,2.3,1099547,21416,25,25,cubic
0.229,28249,19,23040,25.6,27.0,20.1,244.3,2.1,1102313,21420,25,25,cubic
0.236,28540,19,23040,25.8,27.1,20.1,244.3,2.0,1105730,21424,25,25,cubic
0.242,28827,20,23040,26.0,27.0,20.1,244.3,1.8,1110695,21428,25,25,cubic
0.006,28827,20,0,29.3,30.5,20.1,244.3,3.9,982816,21430,25,25,cubic
0.006,28827,20,0,29.2,28.3,20.1,244.3,3.2,987158,21432,25,25,cubic
0.031,29111,20,24480,29.4,31.1,20.1,244.3,2.9,988791,21453,25,25,cubic
0.038,29393,20,24480,29.8,32.0,20.1,244.3,2.8,987833,21457,25,25,cubic
0.045,29672,20,24480,30.3,34.4,20.1,244.3,3.2,978240,21461,25,25,cubic
0.051,29949,20,24480,31.0,35.3,20.1,244.3,3.7,967469,21465,25,25,cubic
0.058,30223,20,24480,31.6,36.3,20.1,244.3,4.1,955547,21469,25,25,cubic
0.065,30494,21,24480,31.9,33.8,20.1,244.3,3.6,955984,21473,25,25,cubic
0.072,30763,21,25920,32.1,33.8,20.1,244.3,3.2,957215,21478,25,25,cubic
0.079,31030,21,25920,32.3,33.7,20.1,244.3,2.8,959552,21482,25,25,cubic
0.085,31294,21,25920,32.5,33.9,20.1,244.3,2.5,962093,21486,25,25,cubic
0.092,31490,21,27360,32.5,32.0,20.1,244.3,2.0,969967,21490,25,25,cubic
0.097,31751,22,25920,32.4,32.1,20.1,244.3,1.6,979394,21493,25,25,cubic
0.104,32009,22,27360,32.4,32.1,20.1,244.3,1.3,988756,21498,25,25,cubic
0.111,32266,22,27360,32.4,32.2,20.1,244.3,1.0,997218,21502,25,25,cubic
0.117,32520,22,27360,32.3,32.1,20.1,244.3,0.8,1006001,21506,25,25,cubic
0.124,32772,22,27360,32.3,32.1,20.1,244.3,0.7,1014738,21510,25,25,cubic
0.131,33022,22,27360,32.5,33.8,20.1,244.3,0.9,1016436,21514,25,25,cubic
0.138,28894,20,28800,33.3,38.9,20.1,244.3,2.3,867870,21518,25,25,cubic
0.143,28927,20,24480,34.0,38.9,20.1,244.3,3.1,850944,21519,25,25,cubic
0.150,28970,20,24480,34.6,38.8,20.1,244.3,3.5,837404,21523,25,25,cubic
0.157,29013,20,24480,35.1,38.9,20.1,244.3,3.7,825687,21527,25,25,cubic
0.163,29055,20,24480,35.6,38.9,20.1,244.3,3.7,815945,21531,25,25,cubic
0.170,29097,20,24480,36.0,38.8,20.1,244.3,3.6,807980,21535,25,25,cubic
0.177,29139,20,24480,35.7,33.8,20.1,244.3,3.3,815555,21539,25,25,cubic
0.184,29181,20,24480,35.5,33.8,20.1,244.3,2.9,822347,21543,25,25,cubic
0.190,29222,20,24480,35.3,33.8,20.1,244.3,2.6,828569,21547,25,25,cubic
0.197,29263,20,24480,35.1,33.8,20.1,244.3,2.4,834155,21551,25,25,cubic
0.204,29304,20,25920,34.7,32.1,20.1,244.3,2.5,844203,21555,25,25,cubic
0.216,22472,15,20160,33.9,30.4,20.1,244.3,2.9,663047,21558,25,25,cubic
0.221,22499,15,17280,33.5,30.4,20.1,244.3,3.0,672535,21560,25,25,cubic
0.228,22535,15,17280,33.1,30.4,20.1,244.3,3.0,681268,21564,25,25,cubic
0.234,22571,15,17280,32.7,30.4,20.1,244.3,2.9,689338,21568,25,25,cubic
0.006,22607,15,0,28.8,23.6,20.1,244.3,5.4,783632,21572,25,25,cubic
0.007,22607,15,0,28.9,29.0,20.1,244.3,4.1,783062,21574,25,25,cubic
0.032,22723,15,17280,28.4,25.2,20.1,244.3,4.0,799711,21590,25,25,cubic
0.039,22757,15,17280,28.6,29.8,20.1,244.3,3.3,796200,21594,25,25,cubic
0.046,22791,15,17280,28.7,29.4,20.1,244.3,2.7,794554,21598,25,25,cubic
0.052,22825,15,17280,28.7,28.9,20.1,244.3,2.1,795074,21602,25,25,cubic
0.059,22859,15,17280,28.5,27.0,20.1,244.3,2.0,802379,21606,25,25,cubic
0.066,22892,15,17280,28.2,26.5,20.1,244.3,2.0,810709,21610,25,25,cubic
0.073,22925,15,18720,27.9,25.3,20.1,244.3,2.2,822451,21614,25,25,cubic
0.078,22950,15,17280,27.5,25.2,20.1,244.3,2.3,833182,21617,25,25,cubic
0.085,22982,15,17280,27.3,25.2,20.1,244.3,2.3,843283,21621,25,25,cubic
0.091,23014,15,17280,27.0,24.9,20.1,244.3,2.3,853825,21625,25,25,cubic
0.098,23046,16,17280,26.6,24.2,20.1,244.3,2.4,866163,21629,25,25,cubic
0.105,23078,16,18720,26.3,24.5,20.1,244.3,2.4,876157,21634,25,25,cubic
0.112,23110,16,18720,26.1,24.4,20.1,244.3,2.3,885610,21638,25,25,cubic
0.118,23201,16,18720,25.9,24.4,20.1,244.3,2.1,896483,21642,25,25,cubic
0.125,23554,16,18720,25.7,24.6,20.1,244.3,1.9,915892,21646,25,25,cubic
0.132,23903,16,18720,25.6,24.7,20.1,244.3,1.7,934002,21650,25,25,cubic
0.139,24246,16,18720,25.5,24.5,20.1,244.3,1.5,952317,21654,25,25,cubic
0.146,24584,17,18720,25.4,24.8,20.1,244.3,1.3,968560,21658,25,25,cubic
0.152,24918,17,20160,25.4,25.8,20.1,244.3,1.1,979904,21663,25,25,cubic
0.159,25247,17,20160,25.5,25.8,20.1,244.3,0.9,991166,21667,25,25,cubic
0.166,25572,17,20160,25.7,27.0,20.1,244.3,1.1,996376,21671,25,25,cubic
0.173,25812,17,21600,25.6,25.3,20.1,244.3,0.9,1007572,21675,25,25,cubic
0.178,26130,18,20160,25.6,25.3,20.1,244.3,0.7,1021461,21678,25,25,cubic
0.184,26365,18,23040,26.0,29.1,20.1,244.3,1.4,1013025,21683,25,25,cubic
0.190,26676,18,21600,26.5,30.1,20.1,244.3,2.1,1005086,21686,25,25,cubic
0.196,26984,18,21600,27.0,30.4,20.1,244.3,2.6,998445,21690,25,25,cubic
0.203,27288,18,21600,26.8,25.3,20.1,244.3,2.4,1017981,21694,25,25,cubic
0.210,27588,19,21600,27.3,30.9,20.1,244.3,2.8,1009846,21698,25,25,cubic
0.217,27811,19,24480,27.7,30.5,20.1,244.3,2.9,1003644,21703,25,25,cubic
0.222,28106,19,23040,28.2,32.0,20.1,244.3,3.2,994937,21706,25,25,cubic
0.228,28398,19,23040,28.7,32.1,20.1,244.3,3.4,988581,21710,25,25,cubic
0.006,3072,2,0,30.8,33.9,20.1,244.3,3.3,932728,21715,26,26,cubic
0.006,31953,22,0,30.5,29.0,20.1,244.3,3.0,1046507,21717,26,26,cubic
0.032,37776,26,27360,30.7,31.5,20.1,244.3,2.5,1232294,21740,26,26,cubic
0.057,22097,15,17280,32.8,38.4,20.1,244.3,4.2,673915,21748,26,26,cubic
0.064,22132,15,17280,33.6,39.7,20.1,244.3,4.9,657731,21752,26,26,cubic
0.070,22166,15,17280,34.3,38.8,20.1,244.3,5.0,646408,21756,26,26,cubic
0.077,22201,15,17280,35.5,43.9,20.1,244.3,6.1,625574,21760,26,26,cubic
0.084,22236,15,15840,34.4,26.7,20.1,244.3,6.8,646602,21763,26,26,cubic
0.093,22398,15,15840,33.2,24.8,20.1,244.3,7.5,674923,21767,26,26,cubic
0.100,22764,15,14400,31.9,22.5,20.1,244.3,8.3,714657,21770,26,26,cubic
0.105,23124,16,12960,30.4,20.2,20.1,244.3,9.1,760632,21773,26,26,cubic
0.113,23390,16,14400,29.1,20.2,20.1,244.3,9.4,802952,21777,26,26,cubic
0.118,23653,16,14400,28.0,20.2,20.1,244.3,9.3,844207,21780,26,26,cubic
0.125,23913,16,15840,27.1,20.5,20.1,244.3,8.8,883082,21784,26,26,cubic
0.131,24170,16,17280,26.2,20.2,20.1,244.3,8.3,921991,21788,26,26,cubic
0.138,24425,16,18720,25.5,20.2,20.1,244.3,7.8,959310,21792,26,26,cubic
0.143,24761,17,18720,24.8,20.2,20.1,244.3,7.1,998507,21796,26,26,cubic
0.149,25092,17,18720,24.2,20.3,20.1,244.3,6.5,1035233,21800,26,26,cubic
0.156,25419,17,20160,23.8,20.7,20.1,244.3,5.7,1068114,21805,26,26,cubic
0.162,25742,17,20160,23.6,22.0,20.1,244.3,4.7,1091826,21809,26,26,cubic
0.169,26060,18,20160,23.5,22.9,20.1,244.3,3.7,1109030,21813,26,26,cubic
0.176,26375,18,21600,23.6,24.0,20.1,244.3,2.9,1119292,21818,26,26,cubic
0.183,26686,18,21600,23.8,25.4,20.1,244.3,2.7,1121543,21822,26,26,cubic
0.189,26993,18,21600,24.2,26.9,20.1,244.3,2.8,1116474,21826,26,26,cubic
0.196,27297,18,21600,24.5,27.0,20.1,244.3,2.8,1112619,21830,26,26,cubic
0.203,27598,19,21600,24.9,27.1,20.1,244.3,2.7,1110181,21834,26,26,cubic
0.210,27895,19,23040,25.1,26.9,20.1,244.3,2.6,1110558,21839,26,26,cubic
0.216,28115,19,24480,26.0,32.1,20.1,244.3,3.7,1081845,21843,26,26,cubic
0.222,28407,19,23040,26.8,32.1,20.1,244.3,4.3,1061943,21846,26,26,cubic
0.228,28696,19,23040,27.4,32.1,20.1,244.3,4.6,1046382,21850,26,26,cubic
0.235,28982,20,23040,28.0,32.1,20.1,244.3,4.6,1034738,21854,26,26,cubic
0.006,28982,20,0,30.4,32.1,20.1,244.3,3.8,954925,21857,26,26,cubic
0.006,28982,20,0,30.1,28.3,20.1,244.3,3.3,963209,21859,26,26,cubic
0.031,29265,20,24480,30.2,31.3,20.1,244.3,2.8,967917,21880,26,26,cubic
0.038,29545,20,24480,30.4,32.0,20.1,244.3,2.5,970311,21884,26,26,cubic
0.045,29822,20,24480,30.9,34.4,20.1,244.3,2.9,963740,21888,26,26,cubic
0.052,30098,20,24480,31.5,35.1,20.1,244.3,3.2,956494,21892,26,26,cubic
0.058,30370,21,24480,32.0,35.9,20.1,244.3,3.5,948469,21896,26,26,cubic
0.065,30573,21,27360,32.0,32.0,20.1,244.3,2.6,954749,21901,26,26,cubic
0.070,30841,21,25920,32.0,32.0,20.1,244.3,2.0,963089,21904,26,26,cubic
0.077,31040,21,27360,31.8,30.3,20.1,244.3,1.9,975916,21908,26,26,cubic
0.082,31305,21,25920,31.6,30.4,20.1,244.3,1.8,989599,21911,26,26,cubic
0.089,31501,21,27360,32.1,35.5,20.1,244.3,2.3,980820,21915,26,26,cubic
0.094,31761,22,25920,32.5,35.5,20.1,244.3,2.6,976060,21918,26,26,cubic
0.101,32020,22,27360,32.9,35.5,20.1,244.3,2.7,972897,21923,26,26,cubic
0.107,32212,22,28800,33.2,35.5,20.1,244.3,2.6,969248,21927,26,26,cubic
0.113,32466,22,27360,33.5,35.5,20.1,244.3,2.5,968729,21930,26,26,cubic
0.119,32719,22,27360,34.0,37.2,20.1,244.3,2.8,963031,21934,26,26,cubic
0.126,32907,22,28800,34.2,35.5,20.1,244.3,2.5,963094,21938,26,26,cubic
0.131,33156,23,27360,34.5,37.2,20.1,244.3,2.6,959791,21941,26,26,cubic
0.138,29011,20,28800,34.9,37.2,20.1,244.3,2.6,831785,21946,26,26,cubic
0.145,29055,20,24480,35.2,37.3,20.1,244.3,2.6,825989,21947,26,26,cubic
0.152,29097,20,24480,35.6,38.9,20.1,244.3,2.9,816482,21951,26,26,cubic
0.158,29141,20,24480,36.0,38.9,20.1,244.3,3.0,808416,21955,26,26,cubic
0.165,29183,20,25920,36.2,37.2,20.1,244.3,2.5,806293,21959,26,26,cubic
0.170,29215,20,24480,36.5,38.9,20.1,244.3,2.6,799644,21962,26,26,cubic
0.177,29257,20,24480,36.0,32.1,20.1,244.3,3.0,813236,21966,26,26,cubic
0.184,29298,20,25920,35.3,30.5,20.1,244.3,3.7,830324,21970,26,26,cubic
0.189,29330,20,24480,34.7,30.4,20.1,244.3,4.0,845951,21973,26,26,cubic
0.196,29371,20,25920,34.8,35.4,20.1,244.3,3.2,844771,21977,26,26,cubic
0.201,29402,20,24480,34.2,30.5,20.1,244.3,3.5,859004,21980,26,26,cubic
0.214,22547,15,18720,33.3,30.4,20.1,244.3,3.5,676376,21984,26,26,cubic
0.221,22584,15,17280,33.2,32.2,20.1,244.3,2.9,680507,21987,26,26,cubic
0.228,22620,15,17280,33.1,32.2,20.1,244.3,2.4,684169,21991,26,26,cubic
0.235,22656,15,17280,33.2,33.8,20.1,244.3,2.0,683315,21995,26,26,cubic
0.241,22691,15,17280,32.4,27.0,20.1,244.3,3.0,700598,21999,26,26,cubic
0.248,22726,15,18720,31.5,25.3,20.1,244.3,4.0,721368,22003,26,26,cubic
0.254,22753,15,17280,30.7,25.2,20.1,244.3,4.6,740729,22006,26,26,cubic
0.005,3072,2,0,27.1,20.5,20.1,244.3,6.5,840648,22009,27,27,cubic
0.006,28455,19,0,27.2,28.1,20.1,244.3,5.1,1046485,22011,27,27,cubic
0.031,34663,24,23040,27.7,31.1,20.1,244.3,4.8,1252276,22031,27,27,cubic
0.057,19043,13,14400,30.7,36.7,20.1,244.3,5.8,620798,22040,27,27,cubic
0.063,19366,13,15840,30.6,30.4,20.1,244.3,4.4,632028,22044,27,27,cubic
0.068,19789,13,14400,31.4,37.1,20.1,244.3,4.9,629220,22047,27,27,cubic
0.076,20100,13,15840,32.4,38.7,20.1,244.3,5.5,621290,22051,27,27,cubic
0.083,20406,14,15840,31.3,23.6,20.1,244.3,6.3,652741,22054,27,27,cubic
0.088,20808,14,12960,30.0,21.5,20.1,244.3,7.2,692745,22056,27,27,cubic
0.094,21104,14,12960,29.0,21.9,20.1,244.3,7.4,727398,22059,27,27,cubic
0.100,21395,14,12960,27.9,20.2,20.1,244.3,7.8,766653,22062,27,27,cubic
0.108,21683,15,14400,26.9,20.1,20.1,244.3,7.8,804982,22066,27,27,cubic
0.114,21966,15,15840,26.1,20.2,20.1,244.3,7.5,841867,22070,27,27,cubic
0.119,22246,15,15840,25.5,21.1,20.1,244.3,6.9,873351,22073,27,27,cubic
0.126,22523,15,17280,24.8,20.2,20.1,244.3,6.5,907746,22077,27,27,cubic
0.132,22796,15,18720,24.3,20.6,20.1,244.3,5.9,938841,22081,27,27,cubic
0.137,23066,16,18720,23.8,20.1,20.1,244.3,5.5,970668,22084,27,27,cubic
0.143,23422,16,18720,23.3,20.2,20.1,244.3,5.0,1004632,22088,27,27,cubic
0.148,23772,16,18720,23.0,21.0,20.1,244.3,4.3,1032308,22092,27,27,cubic
0.155,24117,16,18720,22.9,21.6,20.1,244.3,3.6,1055356,22096,27,27,cubic
0.162,24457,16,18720,22.8,22.3,20.1,244.3,2.8,1073287,22100,27,27,cubic
0.169,24792,17,18720,22.9,23.3,20.1,244.3,2.3,1084751,22104,27,27,cubic
0.175,25123,17,20160,23.1,24.5,20.1,244.3,2.1,1089462,22109,27,27,cubic
0.182,25450,17,20160,23.4,25.7,20.1,244.3,2.2,1087839,22113,27,27,cubic
0.189,25772,17,20160,23.8,27.0,20.1,244.3,2.6,1080632,22117,27,27,cubic
0.196,26090,18,20160,24.2,27.0,20.1,244.3,2.7,1076186,22121,27,27,cubic
0.203,26404,18,21600,24.6,27.0,20.1,244.3,2.7,1073988,22126,27,27,cubic
0.209,26715,18,21600,24.9,27.1,20.1,244.3,2.7,1072977,22130,27,27,cubic
0.216,27022,18,21600,25.2,27.0,20.1,244.3,2.5,1073792,22134,27,27,cubic
0.223,27326,18,21600,25.4,27.1,20.1,244.3,2.4,1075615,22138,27,27,cubic
0.230,27626,19,21600,25.6,27.1,20.1,244.3,2.2,1078508,22142,27,27,cubic
0.236,27923,19,23040,25.8,26.9,20.1,244.3,2.0,1083126,22147,27,27,cubic
0.243,28216,19,23040,25.9,27.0,20.1,244.3,1.8,1087866,22151,27,27,cubic
0.006,3072,2,0,29.0,33.9,20.1,244.3,4.1,974208,22156,28,28,cubic
0.005,30312,21,0,29.0,29.0,20.1,244.3,3.1,1046504,22158,28,28,cubic
0.031,36227,25,25920,29.2,30.6,20.1,244.3,2.8,1241713,22180,28,28,cubic
0.051,24805,17,20160,30.9,36.2,20.1,244.3,4.1,801583,22188,28,28,cubic
0.058,24843,17,21600,31.7,37.2,20.1,244.3,4.6,782974,22192,28,28,cubic
0.063,24872,17,20160,31.8,32.2,20.1,244.3,3.6,782556,22195,28,28,cubic
0.070,24910,17,20160,32.7,39.0,20.1,244.3,4.5,762239,22199,28,28,cubic
0.076,24947,17,20160,31.8,25.4,20.1,244.3,5.2,785385,22203,28,28,cubic
0.083,24984,17,20160,31.0,25.3,20.1,244.3,5.5,807054,22207,28,28,cubic
0.006,24984,17,0,29.1,25.4,20.1,244.3,4.3,857819,22208,28,28,cubic
0.005,24984,17,0,29.1,29.0,20.1,244.3,3.2,858468,22210,28,28,cubic
0.031,25001,17,20160,29.3,30.7,20.1,244.3,2.8,853305,22228,28,28,cubic
0.037,25038,17,21600,29.4,30.2,20.1,244.3,2.3,851285,22232,28,28,cubic
0.043,25065,17,20160,29.6,31.3,20.1,244.3,2.2,845419,22235,28,28,cubic
0.049,25101,17,20160,29.9,31.4,20.1,244.3,2.1,840566,22239,28,28,cubic
0.056,25137,17,20160,29.3,25.3,20.1,244.3,2.7,858328,22243,28,28,cubic
0.063,25173,17,20160,28.8,25.4,20.1,244.3,3.0,873971,22247,28,28,cubic
0.070,25208,17,20160,28.6,27.0,20.1,244.3,2.7,881922,22251,28,28,cubic
0.077,25244,17,20160,28.4,27.1,20.1,244.3,2.4,888935,22255,28,28,cubic
0.083,25279,17,20160,28.2,27.1,20.1,244.3,2.1,895117,22259,28,28,cubic
0.090,25313,17,20160,28.1,26.9,20.1,244.3,1.9,901524,22263,28,28,cubic
0.097,25347,17,20160,28.0,27.1,20.1,244.3,1.7,906609,22267,28,28,cubic
0.104,25509,17,20160,27.8,26.9,20.1,244.3,1.5,916567,22271,28,28,cubic
0.110,25831,17,20160,27.7,27.0,20.1,244.3,1.3,931484,22275,28,28,cubic
0.005,3072,2,0,27.6,28.7,20.1,244.3,0.9,936312,22279,29,29,cubic
0.006,28948,20,0,27.7,28.2,20.1,244.3,0.8,1046489,22281,29,29,cubic
0.032,35183,24,24480,28.2,31.8,20.1,244.3,1.7,1248642,22302,29,29,cubic
0.052,19876,13,18720,30.5,37.0,20.1,244.3,4.4,652442,22310,29,29,cubic
0.059,19909,13,14400,31.4,38.2,20.1,244.3,5.2,633439,22311,29,29,cubic
0.066,19942,13,15840,31.5,32.1,20.1,244.3,4.1,632898,22315,29,29,cubic
0.071,20121,13,14400,32.4,38.8,20.1,244.3,4.9,620520,22318,29,29,cubic
0.079,20427,14,15840,31.3,23.7,20.1,244.3,5.9,651953,22322,29,29,cubic
0.085,20828,14,14400,30.4,24.1,20.1,244.3,6.2,684546,22325,29,29,cubic
0.091,21222,14,12960,29.2,20.3,20.1,244.3,7.2,727877,22328,29,29,cubic
0.099,21512,14,14400,28.0,20.2,20.1,244.3,7.6,767135,22332,29,29,cubic
0.105,21798,15,14400,27.1,20.2,20.1,244.3,7.7,805483,22335,29,29,cubic
0.112,22080,15,15840,26.2,20.2,20.1,244.3,7.5,842651,22339,29,29,cubic
0.117,22359,15,15840,25.4,20.2,20.1,244.3,7.1,878684,22342,29,29,cubic
0.123,22634,15,17280,24.8,20.2,20.1,244.3,6.7,913250,22346,29,29,cubic
0.130,22905,15,18720,24.2,20.2,20.1,244.3,6.2,946292,22350,29,29,cubic
0.134,23174,16,18720,23.7,20.2,20.1,244.3,5.6,977640,22353,29,29,cubic
0.140,23439,16,20160,23.3,20.6,20.1,244.3,5.0,1005490,22357,29,29,cubic
0.144,23789,16,18720,23.0,20.9,20.1,244.3,4.3,1033854,22360,29,29,cubic
0.151,24134,16,18720,22.8,21.3,20.1,244.3,3.7,1058787,22364,29,29,cubic
0.158,24474,16,18720,22.7,22.2,20.1,244.3,2.9,1077011,22368,29,29,cubic
0.164,24809,17,18720,22.8,23.2,20.1,244.3,2.3,1088925,22372,29,29,cubic
0.171,25140,17,20160,23.0,24.4,20.1,244.3,2.1,1093756,22377,29,29,cubic
0.178,25466,17,20160,23.3,25.6,20.1,244.3,2.3,1092305,22381,29,29,cubic
0.185,25708,17,21600,23.6,25.4,20.1,244.3,2.2,1090708,22385,29,29,cubic
0.190,26027,18,20160,23.8,25.3,20.1,244.3,2.1,1094169,22388,29,29,cubic
0.197,26342,18,21600,24.0,25.3,20.1,244.3,1.9,1098911,22393,29,29,cubic
0.203,26575,18,23040,24.8,30.4,20.1,244.3,3.1,1072653,22397,29,29,cubic
0.208,26884,18,21600,25.5,30.4,20.1,244.3,3.7,1055226,22400,29,29,cubic
0.215,27189,18,21600,25.5,25.4,20.1,244.3,2.8,1067784,22404,29,29,cubic
0.222,27415,19,23040,26.1,30.5,20.1,244.3,3.4,1050785,22408,29,29,cubic
0.227,27714,19,23040,26.6,30.5,20.1,244.3,3.6,1040393,22412,29,29,cubic
0.234,28010,19,23040,27.1,30.4,20.1,244.3,3.7,1033236,22416,29,29,cubic
0.241,28230,19,24480,27.5,30.5,20.1,244.3,3.6,1025277,22420,29,29,cubic
0.006,28230,19,0,29.1,28.7,20.1,244.3,2.6,970970,22421,29,29,cubic
0.006,28230,19,0,29.1,29.0,20.1,244.3,2.0,971171,22423,29,29,cubic
0.031,28521,19,23040,29.3,31.1,20.1,244.3,2.0,972516,22443,29,29,cubic
0.038,28808,20,23040,29.7,32.0,20.1,244.3,2.2,971110,22447,29,29,cubic
0.045,29093,20,24480,30.2,34.1,20.1,244.3,2.8,962611,22452,29,29,cubic
0.052,29375,20,24480,30.8,35.0,20.1,244.3,3.3,953145,22456,29,29,cubic
0.058,29654,20,24480,31.4,35.9,20.1,244.3,3.7,942923,22460,29,29,cubic
0.065,29931,20,24480,31.7,33.8,20.1,244.3,3.4,942975,22464,29,29,cubic
0.072,30205,20,24480,32.0,33.7,20.1,244.3,3.0,944230,22468,29,29,cubic
0.079,30476,21,24480,32.2,33.8,20.1,244.3,2.7,945960,22472,29,29,cubic
0.085,30745,21,25920,32.4,33.8,20.1,244.3,2.4,948480,22477,29,29,cubic
0.092,31012,21,25920,32.6,33.8,20.1,244.3,2.2,951667,22481,29,29,cubic
0.099,31210,21,27360,32.5,32.1,20.1,244.3,1.8,959569,22485,29,29,cubic
0.104,31473,21,25920,32.5,32.1,20.1,244.3,1.4,969175,22488,29,29,cubic
0.111,31734,22,25920,32.4,32.1,20.1,244.3,1.2,978659,22492,29,29,cubic
0.118,31992,22,27360,32.4,32.1,20.1,244.3,1.0,988017,22497,29,29,cubic
0.124,32249,22,27360,32.3,32.1,20.1,244.3,0.8,997062,22501,29,29,cubic
0.131,32503,22,27360,32.3,32.2,20.1,244.3,0.6,1005444,22505,29,29,cubic
0.138,28440,19,27360,32.5,33.8,20.1,244.3,0.8,874727,22509,29,29,cubic
0.145,28482,19,23040,32.7,33.8,20.1,244.3,1.0,871648,22510,29,29,cubic
0.152,28525,19,23040,32.8,33.8,20.1,244.3,1.0,869214,22514,29,29,cubic
0.158,28567,19,23040,32.9,33.8,20.1,244.3,1.0,867111,22518,29,29,cubic
0.165,28610,19,23040,33.0,33.8,20.1,244.3,1.0,865684,22522,29,29,cubic
0.172,28651,19,23040,33.1,33.7,20.1,244.3,0.9,864648,22526,29,29,cubic
0.179,28693,19,23040,33.2,33.9,20.1,244.3,0.9,863466,22530,29,29,cubic
0.185,28734,19,23040,33.3,33.8,20.1,244.3,0.8,862882,22534,29,29,cubic
0.192,28774,19,23040,33.4,33.8,20.1,244.3,0.7,862555,22538,29,29,cubic
0.199,28814,20,23040,33.4,33.6,20.1,244.3,0.6,862952,22542,29,29,cubic
0.212,22096,15,18720,33.5,33.8,20.1,244.3,0.5,659798,22547,29,29,cubic
0.219,22133,15,17280,33.5,33.8,20.1,244.3,0.5,660174,22550,29,29,cubic
0.226,22168,15,17280,33.6,33.8,20.1,244.3,0.4,660528,22554,29,29,cubic
0.233,22203,15,17280,33.6,33.9,20.1,244.3,0.4,660783,22558,29,29,cubic
0.240,22238,15,17280,32.8,27.0,20.1,244.3,1.9,678525,22562,29,29,cubic
0.248,22273,15,17280,32.0,26.7,20.1,244.3,3.0,695857,22566,29,29,cubic
0.254,22308,15,15840,31.1,24.7,20.1,244.3,4.1,717391,22569,29,29,cubic
0.260,22342,15,14400,30.0,22.7,20.1,244.3,5.1,743518,22572,29,29,cubic
0.268,22376,15,14400,28.9,20.8,20.1,244.3,6.2,774497,22576,29,29,cubic
0.273,22410,15,14400,27.8,20.2,20.1,244.3,6.8,806173,22579,29,29,cubic
0.006,3072,2,0,24.7,20.6,20.1,244.3,6.1,905783,22582,30,30,cubic
0.006,26372,18,0,25.2,28.4,20.1,244.3,5.5,1046507,22584,30,30,cubic
0.031,32871,22,21600,26.0,31.4,20.1,244.3,5.7,1265827,22603,30,30,cubic
0.052,17889,12,15840,28.6,35.3,20.1,244.3,6.5,625686,22611,30,30,cubic
0.058,18348,12,12960,28.4,27.0,20.1,244.3,5.3,646329,22613,30,30,cubic
0.065,18795,13,12960,29.1,33.8,20.1,244.3,5.3,646587,22617,30,30,cubic
0.074,19231,13,14400,28.0,20.2,20.1,244.3,6.2,687951,22622,30,30,cubic
0.080,19444,13,15840,27.0,20.3,20.1,244.3,6.6,720281,22625,30,30,cubic
0.086,19866,13,14400,26.1,20.2,20.1,244.3,6.6,759955,22628,30,30,cubic
0.093,20279,14,14400,25.4,20.5,20.1,244.3,6.4,797099,22632,30,30,cubic
0.100,20582,14,15840,24.8,20.3,20.1,244.3,6.1,829852,22636,30,30,cubic
0.105,20881,14,15840,24.2,20.2,20.1,244.3,5.7,862103,22639,30,30,cubic
0.112,21176,14,17280,23.7,20.1,20.1,244.3,5.3,893087,22643,30,30,cubic
0.117,21466,14,17280,23.3,20.4,20.1,244.3,4.8,921248,22646,30,30,cubic
0.122,21753,15,17280,22.9,20.3,20.1,244.3,4.4,949042,22649,30,30,cubic
0.128,22036,15,18720,22.6,20.7,20.1,244.3,3.8,973278,22653,30,30,cubic
0.133,22408,15,17280,22.4,20.6,20.1,244.3,3.4,1001116,22656,30,30,cubic
0.140,22774,15,17280,22.2,21.3,20.1,244.3,2.8,1023964,22660,30,30,cubic
0.146,23134,16,17280,22.2,21.8,20.1,244.3,2.2,1042964,22664,30,30,cubic
0.153,23489,16,18720,22.2,22.7,20.1,244.3,1.8,1055970,22669,30,30,cubic
0.160,23751,16,20160,22.4,23.5,20.1,244.3,1.7,1060549,22673,30,30,cubic
0.165,24096,16,18720,22.6,24.1,20.1,244.3,1.7,1065628,22676,30,30,cubic
0.172,24436,16,18720,23.0,25.3,20.1,244.3,1.9,1064656,22680,30,30,cubic
0.179,24772,17,18720,23.2,25.3,20.1,244.3,2.0,1065691,22684,30,30,cubic
0.185,25103,17,20160,23.5,25.4,20.1,244.3,2.1,1067576,22689,30,30,cubic
0.192,25348,17,21600,23.7,25.3,20.1,244.3,2.0,1067823,22693,30,30,cubic
0.197,25672,17,20160,23.9,25.4,20.1,244.3,1.9,1071944,22696,30,30,cubic
0.204,25991,18,20160,24.1,25.4,20.1,244.3,1.8,1077347,22700,30,30,cubic
0.211,26307,18,21600,24.3,25.3,20.1,244.3,1.6,1083662,22705,30,30,cubic
0.218,26619,18,21600,24.4,25.5,20.1,244.3,1.5,1089825,22709,30,30,cubic
0.224,26927,18,21600,24.7,27.0,20.1,244.3,1.8,1088399,22713,30,30,cubic
0.231,27231,18,21600,25.0,27.1,20.1,244.3,1.9,1087630,22717,30,30,cubic
0.238,27533,19,21600,25.3,27.0,20.1,244.3,1.9,1088949,22721,30,30,cubic
0.245,27830,19,23040,25.5,27.0,20.1,244.3,1.9,1091586,22726,30,30,cubic
0.005,27830,19,0,27.4,30.4,20.1,244.3,3.1,1016955,22728,30,30,cubic
0.007,27830,19,0,27.5,28.2,20.1,244.3,2.6,1013031,22730,30,30,cubic
0.032,28125,19,23040,28.0,31.9,20.1,244.3,3.0,1003711,22750,30,30,cubic
0.039,28417,19,23040,28.5,32.0,20.1,244.3,3.3,996528,22754,30,30,cubic
0.046,28705,19,23040,29.2,34.2,20.1,244.3,3.9,982039,22758,30,30,cubic
0.052,28991,20,23040,30.0,35.3,20.1,244.3,4.4,966753,22762,30,30,cubic
0.059,29274,20,24480,30.8,36.4,20.1,244.3,4.9,950670,22767,30,30,cubic
0.066,29554,20,24480,31.2,33.9,20.1,244.3,4.5,947972,22771,30,30,cubic
0.073,29832,20,24480,31.5,33.7,20.1,244.3,4.0,947137,22775,30,30,cubic
0.079,30107,20,24480,31.8,33.8,20.1,244.3,3.6,947327,22779,30,30,cubic
0.086,30379,21,24480,32.0,33.8,20.1,244.3,3.2,948217,22783,30,30,cubic
0.093,30649,21,25920,32.3,33.8,20.1,244.3,2.8,949973,22788,30,30,cubic
0.100,30850,21,27360,32.2,32.1,20.1,244.3,2.2,956707,22792,30,30,cubic
0.105,31116,21,25920,32.2,32.2,20.1,244.3,1.6,965196,22795,30,30,cubic
0.112,31379,21,25920,32.2,32.1,20.1,244.3,1.3,973988,22799,30,30,cubic
0.118,31641,21,25920,32.2,32.1,20.1,244.3,1.0,982700,22803,30,30,cubic
0.125,31900,22,25920,32.2,32.1,20.1,244.3,0.8,991237,22807,30,30,cubic
0.132,32093,22,28800,32.8,37.1,20.1,244.3,1.8,978445,22812,30,30,cubic
0.137,28081,19,27360,32.7,32.1,20.1,244.3,1.5,858352,22815,30,30,cubic
0.144,28123,19,23040,32.6,32.1,20.1,244.3,1.3,861637,22816,30,30,cubic
0.151,28165,19,23040,32.6,32.1,20.1,244.3,1.1,864779,22820,30,30,cubic
0.157,28208,19,23040,32.5,32.1,20.1,244.3,0.9,867511,22824,30,30,cubic
0.164,28249,19,23040,33.3,38.9,20.1,244.3,2.3,848089,22828,30,30,cubic
0.171,28291,19,23040,33.4,33.8,20.1,244.3,1.8,847822,22832,30,30,cubic
0.178,28331,19,23040,33.4,33.8,20.1,244.3,1.5,847573,22836,30,30,cubic
0.184,28372,19,23040,33.5,33.9,20.1,244.3,1.2,847456,22840,30,30,cubic
0.191,28413,19,23040,33.5,33.8,20.1,244.3,1.0,847719,22844,30,30,cubic
0.198,28453,19,23040,33.5,33.8,20.1,244.3,0.8,848153,22848,30,30,cubic
0.205,28493,19,23040,33.6,33.8,20.1,244.3,0.7,848536,22852,30,30,cubic
0.218,21850,15,17280,33.6,33.8,20.1,244.3,0.5,649698,22856,30,30,cubic
0.225,21886,15,17280,33.7,33.8,20.1,244.3,0.4,650343,22860,30,30,cubic
0.232,21921,15,17280,33.7,33.8,20.1,244.3,0.3,651073,22864,30,30,cubic
0.239,21956,15,17280,33.7,33.7,20.1,244.3,0.3,651977,22868,30,30,cubic
0.245,21991,15,15840,32.8,26.5,20.1,244.3,2.0,670866,22871,30,30,cubic
0.254,22026,15,15840,31.7,24.5,20.1,244.3,3.6,693928,22875,30,30,cubic
0.006,22026,15,0,27.2,20.4,20.1,244.3,7.2,810136,22878,30,30,cubic
0.006,22026,15,0,27.5,29.3,20.1,244.3,5.9,802258,22880,30,30,cubic
0.031,22088,15,17280,27.2,25.2,20.1,244.3,5.0,812925,22896,30,30,cubic
0.038,22122,15,17280,27.5,29.6,20.1,244.3,4.4,805373,22900,30,30,cubic
0.045,22155,15,17280,27.7,29.1,20.1,244.3,3.7,800628,22904,30,30,cubic
0.051,22189,15,18720,27.9,29.2,20.1,244.3,3.1,796560,22908,30,30,cubic
0.056,22213,15,17280,27.5,25.4,20.1,244.3,3.0,806455,22911,30,30,cubic
0.063,22246,15,17280,27.3,25.4,20.1,244.3,2.8,815708,22915,30,30,cubic
0.070,22279,15,18720,26.8,23.7,20.1,244.3,3.0,830562,22919,30,30,cubic
0.075,22303,15,17280,26.4,23.6,20.1,244.3,3.0,844011,22922,30,30,cubic
0.082,22335,15,17280,26.3,25.2,20.1,244.3,2.6,849950,22926,30,30,cubic
0.089,22367,15,17280,26.1,25.0,20.1,244.3,2.2,856218,22930,30,30,cubic
0.095,22398,15,17280,26.0,24.8,20.1,244.3,2.0,862755,22934,30,30,cubic
0.102,22587,15,17280,25.8,24.4,20.1,244.3,1.9,876688,22938,30,30,cubic
0.109,22950,15,17280,25.6,24.4,20.1,244.3,1.8,896869,22942,30,30,cubic
0.116,23308,16,17280,25.4,24.3,20.1,244.3,1.6,916447,22946,30,30,cubic
0.123,23660,16,18720,25.3,24.5,20.1,244.3,1.5,934734,22951,30,30,cubic
0.129,24006,16,18720,25.2,24.6,20.1,244.3,1.3,951674,22955,30,30,cubic
0.136,24348,16,18720,25.3,25.5,20.1,244.3,1.0,964162,22959,30,30,cubic
0.143,24685,17,18720,25.3,25.8,20.1,244.3,0.9,974767,22963,30,30,cubic
0.150,25017,17,20160,25.5,26.5,20.1,244.3,1.0,982098,22968,30,30,cubic
0.156,25345,17,20160,25.7,27.1,20.1,244.3,1.1,987147,22972,30,30,cubic
0.163,25669,17,20160,25.8,27.0,20.1,244.3,1.2,993382,22976,30,30,cubic
0.170,25988,18,20160,26.0,27.1,20.1,244.3,1.2,999769,22980,30,30,cubic
0.177,26304,18,21600,26.1,27.0,20.1,244.3,1.1,1007044,22985,30,30,cubic
0.184,26616,18,21600,26.2,27.0,20.1,244.3,1.1,1014715,22989,30,30,cubic
0.190,26924,18,21600,26.3,27.0,20.1,244.3,1.0,1022520,22993,30,30,cubic
0.197,27228,18,21600,26.4,26.9,20.1,244.3,0.9,1031090,22997,30,30,cubic
0.204,27530,19,21600,26.5,27.0,20.1,244.3,0.8,1039417,23001,30,30,cubic
0.211,27828,19,23040,26.5,27.0,20.1,244.3,0.8,1048254,23006,30,30,cubic
0.217,28122,19,23040,26.6,27.1,20.1,244.3,0.7,1056781,23010,30,30,cubic
0.224,28414,19,23040,26.7,27.1,20.1,244.3,0.6,1065311,23014,30,30,cubic
0.231,28703,19,23040,26.7,27.0,20.1,244.3,0.6,1074455,23018,30,30,cubic
0.238,28988,20,23040,27.6,33.5,20.1,244.3,2.1,1051890,23022,30,30,cubic
0.006,28988,20,0,30.6,33.8,20.1,244.3,3.9,947722,23026,30,30,cubic
0.006,28988,20,0,30.3,28.5,20.1,244.3,3.5,955690,23028,30,30,cubic
0.031,29201,20,25920,30.2,29.2,20.1,244.3,2.9,967080,23049,30,30,cubic
0.036,29482,20,24480,30.2,30.2,20.1,244.3,2.2,976225,23052,30,30,cubic
0.043,29690,20,25920,30.6,33.6,20.1,244.3,2.5,969627,23056,30,30,cubic
0.048,29966,20,24480,31.1,34.3,20.1,244.3,2.8,964032,23059,30,30,cubic
0.055,30240,21,24480,31.6,35.0,20.1,244.3,3.1,957659,23063,30,30,cubic
0.061,30444,21,27360,32.1,35.7,20.1,244.3,3.3,948795,23068,30,30,cubic
0.067,30713,21,25920,31.9,30.4,20.1,244.3,2.9,963635,23071,30,30,cubic
0.073,30980,21,25920,31.7,30.4,20.1,244.3,2.6,977688,23075,30,30,cubic
0.080,31245,21,25920,31.7,32.1,20.1,244.3,2.0,984280,23079,30,30,cubic
0.087,31507,21,25920,31.8,32.1,20.1,244.3,1.6,990973,23083,30,30,cubic
0.094,31768,22,25920,31.8,32.1,20.1,244.3,1.3,998052,23087,30,30,cubic
0.100,32026,22,27360,32.1,33.8,20.1,244.3,1.5,998347,23092,30,30,cubic
0.107,32282,22,27360,32.3,33.9,20.1,244.3,1.5,999411,23096,30,30,cubic
0.114,32536,22,27360,32.5,33.8,20.1,244.3,1.5,1001415,23100,30,30,cubic
0.121,32788,22,27360,32.7,33.8,20.1,244.3,1.5,1004134,23104,30,30,cubic
0.128,33038,22,27360,32.8,33.9,20.1,244.3,1.4,1007133,23108,30,30,cubic
0.134,33287,23,27360,32.9,33.8,20.1,244.3,1.3,1011025,23112,30,30,cubic
0.141,29126,20,28800,33.0,33.8,20.1,244.3,1.2,881857,23117,30,30,cubic
0.148,29169,20,24480,33.1,33.8,20.1,244.3,1.1,880759,23118,30,30,cubic
0.155,29212,20,24480,33.2,33.8,20.1,244.3,1.0,879773,23122,30,30,cubic
0.161,29255,20,24480,33.3,33.7,20.1,244.3,0.9,879426,23126,30,30,cubic
0.168,29298,20,24480,33.3,33.8,20.1,244.3,0.8,878896,23130,30,30,cubic
0.175,29341,20,24480,34.2,40.6,20.1,244.3,2.4,856846,23134,30,30,cubic
0.182,29383,20,24480,34.2,33.8,20.1,244.3,1.9,859554,23138,30,30,cubic
0.189,29425,20,24480,34.1,33.9,20.1,244.3,1.5,861740,23142,30,30,cubic
0.195,29466,20,24480,34.1,33.8,20.1,244.3,1.2,863902,23146,30,30,cubic
0.202,29507,20,24480,34.1,33.8,20.1,244.3,1.0,866019,23150,30,30,cubic
0.216,22628,15,18720,34.0,33.8,20.1,244.3,0.7,665470,23154,30,30,cubic
0.222,22664,15,17280,34.0,33.8,20.1,244.3,0.6,667098,23157,30,30,cubic
0.229,22700,15,18720,33.7,32.0,20.1,244.3,0.9,672931,23161,30,30,cubic
0.234,22728,15,17280,33.5,32.1,20.1,244.3,1.1,677759,23164,30,30,cubic
0.241,22763,15,17280,32.5,25.4,20.1,244.3,2.8,700076,23168,30,30,cubic
0.005,22763,15,0,29.1,23.1,20.1,244.3,5.5,780891,23170,30,30,cubic
0.006,22763,15,0,29.0,28.1,20.1,244.3,4.4,784552,23172,30,30,cubic
0.032,22881,15,17280,28.5,25.3,20.1,244.3,4.2,801548,23188,30,30,cubic
0.038,22915,15,17280,28.7,29.7,20.1,244.3,3.5,798654,23192,30,30,cubic
0.045,22949,15,17280,28.7,29.1,20.1,244.3,2.7,798253,23196,30,30,cubic
0.052,22984,15,17280,28.7,28.7,20.1,244.3,2.1,799805,23200,30,30,cubic
0.059,23017,15,17280,28.5,26.8,20.1,244.3,2.0,807755,23204,30,30,cubic
0.065,23051,16,17280,28.2,26.5,20.1,244.3,2.0,816109,23208,30,30,cubic
0.072,23084,16,18720,27.9,25.9,20.1,244.3,2.1,826021,23213,30,30,cubic
0.079,23117,16,18720,27.7,25.6,20.1,244.3,2.2,835876,23217,30,30,cubic
0.086,23149,16,18720,27.3,24.9,20.1,244.3,2.3,847638,23221,30,30,cubic
0.093,23182,16,18720,27.0,24.6,20.1,244.3,2.4,859356,23225,30,30,cubic
0.099,23214,16,18720,26.7,24.4,20.1,244.3,2.4,870808,23229,30,30,cubic
0.106,23246,16,18720,26.4,24.6,20.1,244.3,2.3,880430,23233,30,30,cubic
0.113,23277,16,18720,26.2,24.5,20.1,244.3,2.2,889623,23237,30,30,cubic
0.120,23354,16,18720,26.0,24.6,20.1,244.3,2.1,899337,23241,30,30,cubic
0.126,23705,16,18720,25.8,24.8,20.1,244.3,1.8,918086,23245,30,30,cubic
0.133,24051,16,18720,25.7,24.6,20.1,244.3,1.7,937258,23249,30,30,cubic
0.140,24392,16,18720,25.5,24.7,20.1,244.3,1.5,954938,23253,30,30,cubic
0.147,24728,17,18720,25.6,25.6,20.1,244.3,1.2,967638,23257,30,30,cubic
0.153,25060,17,20160,25.6,25.7,20.1,244.3,0.9,979786,23262,30,30,cubic
0.160,25387,17,20160,25.7,26.6,20.1,244.3,0.9,987513,23266,30,30,cubic
0.167,25710,17,20160,25.9,27.1,20.1,244.3,1.0,993546,23270,30,30,cubic
0.174,25950,18,21600,25.8,25.4,20.1,244.3,0.9,1005151,23274,30,30,cubic
0.179,26266,18,21600,25.8,25.4,20.1,244.3,0.8,1019563,23278,30,30,cubic
0.186,26500,18,23040,26.2,29.2,20.1,244.3,1.5,1011604,23282,30,30,cubic
0.191,26809,18,21600,26.7,30.4,20.1,244.3,2.1,1003255,23285,30,30,cubic
0.198,27115,18,21600,27.2,30.5,20.1,244.3,2.5,997241,23289,30,30,cubic
0.204,27418,19,21600,27.6,30.4,20.1,244.3,2.7,993729,23293,30,30,cubic
0.211,27717,19,23040,28.2,32.1,20.1,244.3,3.2,984373,23298,30,30,cubic
0.218,28013,19,23040,28.0,27.0,20.1,244.3,2.7,1000035,23302,30,30,cubic
0.225,28306,19,23040,27.9,27.0,20.1,244.3,2.2,1015061,23306,30,30,cubic
0.231,28595,19,23040,27.8,27.0,20.1,244.3,1.9,1029485,23310,30,30,cubic
0.238,28882,20,23040,28.5,33.4,20.1,244.3,2.8,1014008,23314,30,30,cubic
0.005,28882,20,758,29.8,28.8,20.1,244.3,2.2,970073,23316,30,30,cubic
0.006,28882,20,7200,30.3,34.1,20.1,244.3,2.7,952761,23321,30,30,cubic
0.031,29095,20,25920,30.1,29.0,20.1,244.3,2.4,965104,23337,30,30,cubic
0.036,29377,20,24480,30.2,30.2,20.1,244.3,1.8,974199,23340,30,30,cubic
0.043,29656,20,24480,30.5,33.0,20.1,244.3,2.1,972041,23344,30,30,cubic
0.049,29933,20,24480,31.0,34.3,20.1,244.3,2.5,966235,23348,30,30,cubic
0.056,30207,20,24480,31.5,35.0,20.1,244.3,2.9,959622,23352,30,30,cubic
0.063,30478,21,24480,31.6,32.1,20.1,244.3,2.3,965685,23356,30,30,cubic
0.070,30680,21,27360,31.6,32.1,20.1,244.3,1.9,970057,23361,30,30,cubic
0.075,30948,21,25920,31.7,32.2,20.1,244.3,1.5,976431,23364,30,30,cubic
0.082,31146,21,27360,31.5,30.4,20.1,244.3,1.5,987695,23368,30,30,cubic
0.087,31410,21,25920,31.4,30.4,20.1,244.3,1.4,1000382,23371,30,30,cubic
0.093,31671,21,25920,31.3,30.4,20.1,244.3,1.3,1012629,23375,30,30,cubic
0.100,31930,22,25920,32.0,37.2,20.1,244.3,2.4,997407,23379,30,30,cubic
0.107,32187,22,27360,32.0,32.2,20.1,244.3,1.9,1004901,23384,30,30,cubic
0.114,32442,22,27360,32.0,32.1,20.1,244.3,1.4,1012483,23388,30,30,cubic
0.121,32694,22,27360,32.3,33.7,20.1,244.3,1.5,1013641,23392,30,30,cubic
0.127,32945,22,27360,32.4,33.8,20.1,244.3,1.5,1015316,23396,30,30,cubic
0.134,33194,23,27360,32.6,33.8,20.1,244.3,1.5,1017877,23400,30,30,cubic
0.141,29044,20,28800,32.8,33.8,20.1,244.3,1.4,886650,23405,30,30,cubic
0.148,29088,20,24480,32.9,33.8,20.1,244.3,1.3,884456,23406,30,30,cubic
0.154,29131,20,24480,33.0,33.8,20.1,244.3,1.2,882784,23410,30,30,cubic
0.161,29174,20,24480,33.1,33.8,20.1,244.3,1.1,881522,23414,30,30,cubic
0.168,29216,20,24480,33.2,33.8,20.1,244.3,1.0,880530,23418,30,30,cubic
0.175,29259,20,24480,34.1,40.6,20.1,244.3,2.6,857909,23422,30,30,cubic
0.181,29300,20,24480,34.1,33.7,20.1,244.3,2.0,860271,23426,30,30,cubic
0.188,29343,20,24480,34.0,33.9,20.1,244.3,1.6,862040,23430,30,30,cubic
0.195,29384,20,24480,34.0,33.9,20.1,244.3,1.2,863727,23434,30,30,cubic
0.393,23324,16,5760,119.5,199.1,20.1,244.3,94.3,195103,23438,30,30,cubic
0.423,23462,16,10080,132.4,222.6,20.1,244.3,96.4,177174,23445,30,30,cubic
0.430,23498,16,5760,119.8,31.8,20.1,244.3,97.5,196065,23446,30,30,cubic
0.437,23538,16,4320,107.5,20.8,20.1,244.3,97.9,219015,23447,30,30,cubic
0.443,23579,16,4320,96.6,20.2,20.1,244.3,95.2,244195,23448,30,30,cubic
0.448,23624,16,4320,87.0,20.2,20.1,244.3,90.5,271505,23449,30,30,cubic
0.458,23660,16,5760,78.7,20.2,20.1,244.3,84.6,300780,23451,30,30,cubic
0.462,23697,16,5760,71.4,20.2,20.1,244.3,78.1,332109,23452,30,30,cubic
0.470,23727,16,7200,65.0,20.2,20.1,244.3,71.3,365294,23454,30,30,cubic
0.642,24529,17,1440,102.4,170.4,20.1,244.3,85.3,239545,23455,30,30,cubic
0.670,24631,17,7200,92.7,25.2,20.1,244.3,83.3,265574,23463,30,30,cubic
0.675,24658,17,4320,83.7,20.2,20.1,244.3,80.6,294659,23464,30,30,cubic
0.684,24698,17,5760,75.8,20.2,20.1,244.3,76.3,326033,23466,30,30,cubic
0.693,24722,17,7200,68.8,20.2,20.1,244.3,71.1,359263,23468,30,30,cubic
0.697,24743,17,5760,62.7,20.2,20.1,244.3,65.5,394398,23469,30,30,cubic
0.006,24743,17,0,45.1,20.2,20.1,244.3,43.7,548284,23472,30,30,cubic
0.006,24743,17,0,43.1,29.2,20.1,244.3,36.7,573670,23474,30,30,cubic
0.033,23617,16,17280,41.7,31.4,20.1,244.3,30.5,566912,23490,30,30,cubic
0.039,23653,16,15840,40.0,28.7,20.1,244.3,26.1,590763,23493,30,30,cubic
0.047,23688,16,14400,38.2,25.5,20.1,244.3,23.2,619715,23496,30,30,cubic
0.054,23722,16,12960,36.2,22.3,20.1,244.3,21.4,654725,23499,30,30,cubic
0.060,23757,16,12960,34.2,20.2,20.1,244.3,20.1,694222,23502,30,30,cubic
0.066,23789,16,12960,32.5,20.2,20.1,244.3,18.6,732668,23505,30,30,cubic
0.072,23827,16,12960,30.9,20.2,20.1,244.3,17.0,770327,23508,30,30,cubic
0.079,23860,16,14400,29.6,20.2,20.1,244.3,15.4,806408,23512,30,30,cubic
0.086,23890,16,15840,28.5,21.0,20.1,244.3,13.7,837922,23516,30,30,cubic
0.091,23921,16,15840,27.5,20.2,20.1,244.3,12.4,870836,23519,30,30,cubic
0.098,23951,16,17280,26.6,20.1,20.1,244.3,11.1,902041,23523,30,30,cubic
0.103,24160,16,15840,25.8,20.4,20.1,244.3,9.9,936906,23526,30,30,cubic
0.110,24414,16,18720,25.1,20.2,20.1,244.3,8.8,973289,23531,30,30,cubic
0.117,24750,17,18720,24.5,20.7,20.1,244.3,7.7,1008804,23535,30,30,cubic
0.359,25810,17,1440,117.5,242.7,20.1,257.3,122.4,219609,23536,30,30,cubic
0.610,26206,18,1440,148.0,245.3,20.1,257.3,121.5,177042,23541,30,30,cubic
0.859,26751,18,1440,178.5,232.0,20.1,257.3,96.0,149883,23548,30,30,cubic
0.890,27058,18,5760,159.3,25.1,20.1,257.3,110.4,169844,23555,30,30,cubic
0.898,27284,18,2880,127.2,20.2,20.1,257.3,117.8,214432,23556,30,30,cubic
0.006,27360,19,0,82.9,20.2,20.1,257.3,95.0,329908,23558,30,30,cubic
0.005,27360,19,0,76.2,29.1,20.1,257.3,84.7,359040,23560,30,30,cubic
0.033,27659,19,11520,70.5,30.6,20.1,257.3,75.0,392331,23572,30,30,cubic
0.040,27956,19,8640,64.7,24.3,20.1,257.3,67.8,431933,23574,30,30,cubic
0.046,28103,19,8640,59.5,22.8,20.1,257.3,61.3,472446,23576,30,30,cubic
0.052,28249,19,8640,54.6,20.2,20.1,257.3,55.8,517674,23578,30,30,cubic
0.060,28394,19,10080,50.3,20.2,20.1,257.3,50.5,564852,23581,30,30,cubic
0.065,28538,19,10080,46.7,21.9,20.1,257.3,44.9,610791,23583,30,30,cubic
0.072,28682,19,11520,43.4,20.1,20.1,257.3,40.3,660906,23586,30,30,cubic
0.078,28825,20,12960,40.7,22.1,20.1,257.3,35.6,707622,23589,30,30,cubic
0.084,28967,20,14400,38.2,20.1,20.1,257.3,31.8,759113,23592,30,30,cubic
0.088,29180,20,12960,35.9,20.2,20.1,257.3,28.4,812564,23594,30,30,cubic
0.095,29390,20,14400,34.0,20.8,20.1,257.3,25.0,863725,23598,30,30,cubic
0.103,29600,20,17280,32.3,20.3,20.1,257.3,22.2,916153,23603,30,30,cubic
0.108,29807,20,17280,31.0,21.5,20.1,257.3,19.4,962913,23606,30,30,cubic
0.114,30014,20,18720,29.6,20.4,20.1,257.3,17.2,1012652,23610,30,30,cubic
0.119,30219,20,20160,28.6,21.7,20.1,257.3,14.9,1054985,23614,30,30,cubic
0.125,30490,21,20160,27.7,20.9,20.1,257.3,13.1,1101557,23618,30,30,cubic
0.131,30759,21,21600,26.9,21.5,20.1,257.3,11.3,1143032,23623,30,30,cubic
0.304,31747,22,1440,90.2,172.5,20.1,257.3,84.7,352149,23624,30,30,cubic
0.555,32389,22,1440,140.1,232.5,20.1,257.3,109.7,231179,23634,30,30,cubic
0.581,32642,22,8640,125.7,25.1,20.1,257.3,111.0,259619,23643,30,30,cubic
0.587,32894,22,4320,112.9,23.3,20.1,257.3,108.9,291282,23644,30,30,cubic
0.804,33142,23,1440,157.2,212.5,20.1,257.3,90.7,210869,23646,30,30,cubic
0.006,3072,2,0,112.8,20.3,20.1,257.3,105.3,293856,23655,31,31,cubic
0.006,106998,74,55,102.2,28.5,20.1,257.3,100.0,1046506,23658,31,31,cubic
0.006,106998,74,23040,92.5,24.2,20.1,257.3,94.5,1156922,23674,31,31,cubic
0.033,106998,74,53280,84.9,31.6,20.1,257.3,86.1,1260653,23699,31,31,cubic
0.045,53805,37,48960,74.8,45.1,20.1,257.3,65.7,719173,23704,31,31,cubic
0.052,53957,37,48960,72.0,51.9,20.1,257.3,55.0,749892,23708,31,31,cubic
0.059,54109,37,48960,69.5,52.3,20.1,257.3,46.1,778557,23712,31,31,cubic
0.066,54261,37,48960,67.8,55.5,20.1,257.3,38.1,800841,23716,31,31,cubic
0.072,54412,37,48960,66.5,57.4,20.1,257.3,31.2,818779,23720,31,31,cubic
0.079,54563,37,48960,65.5,59.1,20.1,257.3,25.2,832578,23724,31,31,cubic
0.088,54713,37,48960,65.0,60.9,20.1,257.3,20.1,842282,23728,31,31,cubic
0.093,54863,38,48960,64.7,62.7,20.1,257.3,15.6,848353,23732,31,31,cubic
0.099,54975,38,51840,64.6,63.8,20.1,257.3,11.9,851559,23737,31,31,cubic
0.104,55124,38,50400,63.9,59.2,20.1,257.3,10.3,862889,23740,31,31,cubic
0.111,55273,38,50400,63.3,59.2,20.1,257.3,8.9,873246,23744,31,31,cubic
0.118,55421,38,50400,62.8,59.1,20.1,257.3,7.7,882851,23748,31,31,cubic
0.125,55532,38,51840,62.8,62.9,20.1,257.3,5.8,884337,23752,31,31,cubic
0.130,55680,38,50400,62.8,62.7,20.1,257.3,4.4,886892,23755,31,31,cubic
0.251,48665,33,2880,120.3,120.0,20.1,257.3,20.4,404570,23757,31,31,cubic
0.278,48891,33,18720,108.4,25.0,20.1,257.3,39.1,451128,23772,31,31,cubic
0.284,48951,33,15840,98.8,31.7,20.1,257.3,48.5,495500,23774,31,31,cubic
0.502,50714,35,1440,150.9,212.3,20.1,257.3,80.6,336090,23776,31,31,cubic
0.751,52315,36,11520,189.4,458.6,20.1,458.6,137.4,276278,23784,31,31,cubic
0.006,52315,36,0,167.7,20.2,20.1,458.6,138.2,311989,23790,31,31,cubic
0.006,52315,36,0,150.3,28.5,20.1,458.6,138.5,348102,23792,31,31,cubic
0.033,49153,34,18720,135.2,29.9,20.1,458.6,133.9,363444,23808,31,31,cubic
0.037,49197,34,14400,122.9,36.6,20.1,458.6,125.1,400278,23809,31,31,cubic
0.043,49255,34,12960,112.0,35.3,20.1,458.6,115.7,439945,23811,31,31,cubic
0.050,49299,34,10080,101.5,28.1,20.1,458.6,107.8,485824,23813,31,31,cubic
0.055,49356,34,8640,91.4,20.8,20.1,458.6,101.0,540029,23815,31,31,cubic
0.063,49415,34,10080,82.5,20.3,20.1,458.6,93.5,598889,23818,31,31,cubic
0.070,49471,34,11520,74.7,20.2,20.1,458.6,85.7,662076,23821,31,31,cubic
0.076,49522,34,12960,67.9,20.2,20.1,458.6,77.9,729294,23824,31,31,cubic
0.082,49571,34,14400,61.9,20.2,20.1,458.6,70.4,800255,23827,31,31,cubic
0.087,49615,34,14400,56.7,20.1,20.1,458.6,63.2,874797,23830,31,31,cubic
0.094,49672,34,15840,52.1,20.2,20.1,458.6,56.6,952556,23834,31,31,cubic
0.099,49726,34,17280,48.1,20.1,20.1,458.6,50.4,1032859,23838,31,31,cubic
0.197,50489,35,1440,73.6,91.2,20.1,458.6,38.6,685721,23842,31,31,cubic
0.446,52140,36,1440,144.1,236.0,20.1,458.6,102.9,361832,23858,31,31,cubic
0.697,53402,37,12960,186.0,479.2,20.1,479.2,160.9,287133,23867,31,31,cubic
0.006,3072,2,0,139.4,39.8,20.1,479.2,129.9,383200,23880,32,32,cubic
0.006,131338,91,55,125.5,28.5,20.1,479.2,125.2,1046509,23883,32,32,cubic
0.007,131338,91,23040,112.9,25.0,20.1,479.2,119.0,1162900,23899,32,32,cubic
0.032,131338,91,53280,102.8,31.7,20.1,479.2,109.6,1277830,23924,32,32,cubic
0.040,65793,45,56160,94.7,38.5,20.1,479.2,98.2,694429,23930,32,32,cubic
0.046,65887,45,56160,88.3,43.5,20.1,479.2,86.5,745800,23933,32,32,cubic
0.052,65980,45,56160,83.4,49.0,20.1,479.2,74.7,790918,23936,32,32,cubic
0.055,66105,45,53280,79.1,48.8,20.1,479.2,64.7,835724,23938,32,32,cubic
0.062,66229,45,53280,76.0,54.4,20.1,479.2,54.7,871273,23942,32,32,cubic
0.069,66353,46,53280,73.6,56.6,20.1,479.2,45.9,901706,23946,32,32,cubic
0.077,66476,46,54720,71.7,58.4,20.1,479.2,38.2,927257,23951,32,32,cubic
0.083,66569,46,56160,70.2,59.8,20.1,479.2,31.6,948289,23955,32,32,cubic
0.089,66692,46,56160,69.1,61.6,20.1,479.2,25.9,964802,23959,32,32,cubic
0.095,66784,46,57600,68.3,62.9,20.1,479.2,20.9,977131,23963,32,32,cubic
0.101,66907,46,57600,67.9,65.1,20.1,479.2,16.5,984824,23967,32,32,cubic
0.106,67030,46,57600,67.7,66.4,20.1,479.2,12.8,989431,23971,32,32,cubic
0.114,67152,46,59040,67.4,65.2,20.1,479.2,10.2,995891,23976,32,32,cubic
0.121,67274,46,60480,67.0,64.3,20.1,479.2,8.4,1003430,23981,32,32,cubic
0.143,59020,40,46080,69.6,69.7,20.1,479.2,6.7,848256,23982,32,32,cubic
0.145,59038,40,53280,69.1,65.6,20.1,479.2,6.0,854558,23991,32,32,cubic
0.152,59108,41,53280,68.7,66.3,20.1,479.2,5.2,859877,23995,32,32,cubic
0.393,46911,32,2880,212.3,241.1,20.1,479.2,67.0,220998,23999,32,32,cubic
0.399,46913,32,12960,215.1,235.1,20.1,479.2,56.0,218083,24007,32,32,cubic
0.418,47131,32,12960,191.1,23.2,20.1,479.2,90.0,246597,24010,32,32,cubic
0.423,47176,32,8640,171.0,30.0,20.1,479.2,107.7,275904,24011,32,32,cubic
0.433,47234,32,5760,152.6,24.0,20.1,479.2,117.6,309509,24013,32,32,cubic
0.437,47298,32,5760,136.0,20.1,20.1,479.2,121.3,347659,24014,32,32,cubic
0.643,48910,33,1440,161.4,205.2,20.1,479.2,88.4,303071,24016,32,32,cubic
0.669,49086,34,14400,144.3,25.1,20.1,479.2,100.3,340053,24029,32,32,cubic
