timestamp,dst_port,state,cc_algo,rto_ms,rtt_ms,rtt_var_ms,min_rtt_ms,mss_bytes,cwnd_pkts,cwnd_bytes,ssthresh_bytes,bytes_sent,bytes_acked,bytes_received,bytes_retrans,segs_out,segs_in,data_segs_out,data_segs_in,retrans_outstanding,retrans_total,pacing_rate_bps,delivery_rate_bps,delivered_pkts,snd_wnd_bytes,rcv_wnd_bytes,unacked_pkts,notsent_bytes
2026-05-01 15:20:33.783,55204,ESTAB,prague,224,22.182,5.712,20.209,1448,9,13032,13032,2883,2883,408,NaN,4,6,3,1,NaN,NaN,4868640,1590112,4,48640,43520,NaN,NaN
2026-05-01 15:20:34.193,55204,ESTAB,prague,224,22.182,5.712,20.209,1448,9,13032,13032,2883,2883,408,NaN,4,6,3,1,NaN,NaN,4868640,1590112,4,48640,43520,NaN,NaN
2026-05-01 15:20:34.480,55204,ESTAB,prague,224,22.182,5.712,20.209,1448,9,13032,13032,2883,2883,408,NaN,4,6,3,1,NaN,NaN,4868640,1590112,4,48640,43520,NaN,NaN
2026-05-01 15:20:34.983,55212,ESTAB,prague,224,23.1,1.132,20.063,1448,9,13032,10136,58284,45360,822,NaN,42,22,41,2,NaN,NaN,4675248,3932608,33,52224,43520,9,93340
2026-05-01 15:20:35.234,55212,ESTAB,prague,224,22.643,0.571,20.023,1448,14,20272,18824,224080,224080,822,NaN,158,87,157,2,NaN,NaN,7419216,6139088,158,70144,43520,NaN,NaN
2026-05-01 15:20:35.462,55212,ESTAB,prague,224,23.035,1.492,20.023,1448,13,18824,18824,391712,373044,1644,NaN,275,149,274,4,NaN,NaN,6771960,6825232,262,69632,43520,13,110572
2026-05-01 15:20:35.683,55212,ESTAB,prague,224,21.983,0.29,20.018,1448,14,20272,17376,572648,552544,1644,NaN,401,220,400,4,NaN,NaN,7642096,6928816,387,69632,43520,14,67492
2026-05-01 15:20:35.902,55212,ESTAB,prague,224,22.067,0.555,20.017,1448,14,20272,17376,753584,736352,1644,NaN,527,284,526,4,NaN,NaN,7612864,6703056,515,69632,43520,12,93340
2026-05-01 15:20:36.139,55212,ESTAB,prague,224,21.92,0.48,20.017,1448,13,18824,15928,937392,920160,1644,NaN,655,356,654,4,NaN,NaN,7116512,6579632,643,69632,43520,12,116316
2026-05-01 15:20:36.390,55212,ESTAB,prague,224,21.653,0.615,20.017,1448,13,18824,18824,1154228,1135560,1644,NaN,806,437,805,4,NaN,NaN,7204496,6187776,793,69632,43520,13,106264
2026-05-01 15:20:36.640,55212,ESTAB,prague,224,23.478,1.297,20.017,1448,13,18824,18824,1352396,1333728,1644,NaN,944,508,943,4,NaN,NaN,6644352,6261616,931,69632,43520,13,27102
2026-05-01 15:20:36.873,55212,ESTAB,prague,228,24.157,1.679,20.017,1448,12,17376,15928,1386890,1385834,4486,NaN,970,538,969,11,NaN,NaN,5960928,5295648,969,70144,43520,1,NaN
2026-05-01 15:20:37.105,55212,ESTAB,prague,232,28.74,11.998,20.017,1448,12,17376,15928,1389773,1389773,4894,NaN,973,541,972,12,NaN,NaN,5010336,5295648,973,70144,43520,NaN,NaN
2026-05-01 15:20:37.346,55212,ESTAB,prague,232,28.74,11.998,20.017,1448,12,17376,15928,1389773,1389773,4894,NaN,973,541,972,12,NaN,NaN,5010336,5295648,973,70144,43520,NaN,NaN
2026-05-01 15:20:37.574,55212,ESTAB,prague,232,28.74,11.998,20.017,1448,12,17376,15928,1389773,1389773,4894,NaN,973,541,972,12,NaN,NaN,5010336,5295648,973,70144,43520,NaN,NaN
2026-05-01 15:20:37.803,55212,ESTAB,prague,232,28.74,11.998,20.017,1448,12,17376,15928,1389773,1389773,4894,NaN,973,541,972,12,NaN,NaN,5010336,5295648,973,70144,43520,NaN,NaN
2026-05-01 15:20:38.038,55212,ESTAB,prague,232,28.74,11.998,20.017,1448,12,17376,15928,1389773,1389773,4894,NaN,973,541,972,12,NaN,NaN,5010336,5295648,973,70144,43520,NaN,NaN
2026-05-01 15:20:38.268,55212,ESTAB,prague,232,28.74,11.998,20.017,1448,12,17376,15928,1389773,1389773,4894,NaN,973,541,972,12,NaN,NaN,5010336,5295648,973,70144,43520,NaN,NaN
2026-05-01 15:20:38.506,55212,ESTAB,prague,232,28.74,11.998,20.017,1448,12,17376,15928,1389773,1389773,4894,NaN,973,541,972,12,NaN,NaN,5010336,5295648,973,70144,43520,NaN,NaN
2026-05-01 15:20:38.759,55212,ESTAB,prague,232,28.74,11.998,20.017,1448,12,17376,15928,1389773,1389773,4894,NaN,973,541,972,12,NaN,NaN,5010336,5295648,973,70144,43520,NaN,NaN
2026-05-01 15:20:38.991,55212,ESTAB,prague,228,25.906,9.319,20.017,1448,12,17376,15928,1392656,1392656,5302,NaN,976,545,975,13,NaN,NaN,5558400,5295648,976,70144,43520,NaN,NaN
2026-05-01 15:20:39.217,55212,ESTAB,prague,228,25.906,9.319,20.017,1448,12,17376,15928,1392656,1392656,5302,NaN,976,545,975,13,NaN,NaN,5558400,5295648,976,70144,43520,NaN,NaN
2026-05-01 15:20:39.445,55212,ESTAB,prague,228,25.906,9.319,20.017,1448,12,17376,15928,1392656,1392656,5302,NaN,976,545,975,13,NaN,NaN,5558400,5295648,976,70144,43520,NaN,NaN
2026-05-01 15:20:39.674,55212,ESTAB,prague,228,25.906,9.319,20.017,1448,12,17376,15928,1392656,1392656,5302,NaN,976,545,975,13,NaN,NaN,5558400,5295648,976,70144,43520,NaN,NaN
2026-05-01 15:20:39.905,55212,ESTAB,prague,228,25.906,9.319,20.017,1448,12,17376,15928,1392656,1392656,5302,NaN,976,545,975,13,NaN,NaN,5558400,5295648,976,70144,43520,NaN,NaN
2026-05-01 15:20:40.151,55212,ESTAB,prague,228,25.906,9.319,20.017,1448,12,17376,15928,1392656,1392656,5302,NaN,976,545,975,13,NaN,NaN,5558400,5295648,976,70144,43520,NaN,NaN
2026-05-01 15:20:40.385,55212,ESTAB,prague,228,25.906,9.319,20.017,1448,12,17376,15928,1392656,1392656,5302,NaN,976,545,975,13,NaN,NaN,5558400,5295648,976,70144,43520,NaN,NaN
2026-05-01 15:20:40.629,55212,ESTAB,prague,228,25.906,9.319,20.017,1448,12,17376,15928,1392656,1392656,5302,NaN,976,545,975,13,NaN,NaN,5558400,5295648,976,70144,43520,NaN,NaN
2026-05-01 15:20:40.866,55212,ESTAB,prague,228,25.906,9.319,20.017,1448,12,17376,15928,1392656,1392656,5302,NaN,976,545,975,13,NaN,NaN,5558400,5295648,976,70144,43520,NaN,NaN
2026-05-01 15:20:41.107,55212,ESTAB,prague,224,23.989,6.811,20.017,1448,12,17376,15928,1395539,1395539,5710,NaN,979,549,978,14,NaN,NaN,6002592,5295648,979,70144,43520,NaN,NaN
2026-05-01 15:20:41.340,55212,ESTAB,prague,224,23.989,6.811,20.017,1448,12,17376,15928,1395539,1395539,5710,NaN,979,549,978,14,NaN,NaN,6002592,5295648,979,70144,43520,NaN,NaN
2026-05-01 15:20:41.574,55212,ESTAB,prague,224,23.989,6.811,20.017,1448,12,17376,15928,1395539,1395539,5710,NaN,979,549,978,14,NaN,NaN,6002592,5295648,979,70144,43520,NaN,NaN
2026-05-01 15:20:41.811,55212,ESTAB,prague,224,23.989,6.811,20.017,1448,12,17376,15928,1395539,1395539,5710,NaN,979,549,978,14,NaN,NaN,6002592,5295648,979,70144,43520,NaN,NaN
2026-05-01 15:20:42.051,55212,ESTAB,prague,224,23.989,6.811,20.017,1448,12,17376,15928,1395539,1395539,5710,NaN,979,549,978,14,NaN,NaN,6002592,5295648,979,70144,43520,NaN,NaN
2026-05-01 15:20:42.285,55212,ESTAB,prague,224,23.989,6.811,20.017,1448,12,17376,15928,1395539,1395539,5710,NaN,979,549,978,14,NaN,NaN,6002592,5295648,979,70144,43520,NaN,NaN
2026-05-01 15:20:42.517,55212,ESTAB,prague,224,23.989,6.811,20.017,1448,12,17376,15928,1395539,1395539,5710,NaN,979,549,978,14,NaN,NaN,6002592,5295648,979,70144,43520,NaN,NaN
2026-05-01 15:20:42.750,55212,ESTAB,prague,224,23.989,6.811,20.017,1448,12,17376,15928,1395539,1395539,5710,NaN,979,549,978,14,NaN,NaN,6002592,5295648,979,70144,43520,NaN,NaN
2026-05-01 15:20:42.980,55212,ESTAB,prague,224,23.989,6.811,20.017,1448,12,17376,15928,1398422,1395539,6118,NaN,982,550,981,15,NaN,NaN,6002592,5295648,979,70144,43520,3,NaN
2026-05-01 15:20:43.211,55212,ESTAB,prague,224,22.696,4.817,20.017,1448,12,17376,15928,1398422,1398422,6118,NaN,982,553,981,15,NaN,NaN,6344448,5295648,982,70144,43520,NaN,NaN
2026-05-01 15:20:43.468,55212,ESTAB,prague,224,22.696,4.817,20.017,1448,12,17376,15928,1398422,1398422,6118,NaN,982,553,981,15,NaN,NaN,6344448,5295648,982,70144,43520,NaN,NaN
2026-05-01 15:20:43.723,55212,ESTAB,prague,224,22.696,4.817,20.017,1448,12,17376,15928,1398422,1398422,6118,NaN,982,553,981,15,NaN,NaN,6344448,5295648,982,70144,43520,NaN,NaN
2026-05-01 15:20:43.956,55212,ESTAB,prague,224,22.696,4.817,20.017,1448,12,17376,15928,1398422,1398422,6118,NaN,982,553,981,15,NaN,NaN,6344448,5295648,982,70144,43520,NaN,NaN
2026-05-01 15:20:44.193,55212,ESTAB,prague,224,22.696,4.817,20.017,1448,12,17376,15928,1398422,1398422,6118,NaN,982,553,981,15,NaN,NaN,6344448,5295648,982,70144,43520,NaN,NaN
2026-05-01 15:20:44.437,55212,ESTAB,prague,224,22.696,4.817,20.017,1448,12,17376,15928,1398422,1398422,6118,NaN,982,553,981,15,NaN,NaN,6344448,5295648,982,70144,43520,NaN,NaN
2026-05-01 15:20:44.663,55212,ESTAB,prague,224,22.696,4.817,20.017,1448,12,17376,15928,1398422,1398422,6118,NaN,982,553,981,15,NaN,NaN,6344448,5295648,982,70144,43520,NaN,NaN
2026-05-01 15:20:44.893,55212,ESTAB,prague,224,22.696,4.817,20.017,1448,12,17376,15928,1398422,1398422,6118,NaN,982,553,981,15,NaN,NaN,6344448,5295648,982,70144,43520,NaN,NaN
2026-05-01 15:20:45.127,55212,ESTAB,prague,224,21.859,3.286,20.017,1448,12,17376,15928,1401305,1401305,6526,NaN,985,557,984,16,NaN,NaN,6587616,5295648,985,70144,43520,NaN,NaN
2026-05-01 15:20:45.364,55212,ESTAB,prague,224,21.859,3.286,20.017,1448,12,17376,15928,1401305,1401305,6526,NaN,985,557,984,16,NaN,NaN,6587616,5295648,985,70144,43520,NaN,NaN
2026-05-01 15:20:45.606,55212,ESTAB,prague,224,21.859,3.286,20.017,1448,12,17376,15928,1401305,1401305,6526,NaN,985,557,984,16,NaN,NaN,6587616,5295648,985,70144,43520,NaN,NaN
2026-05-01 15:20:45.839,55212,ESTAB,prague,224,21.859,3.286,20.017,1448,12,17376,15928,1401305,1401305,6526,NaN,985,557,984,16,NaN,NaN,6587616,5295648,985,70144,43520,NaN,NaN
2026-05-01 15:20:46.072,55212,ESTAB,prague,224,21.859,3.286,20.017,1448,12,17376,15928,1401305,1401305,6526,NaN,985,557,984,16,NaN,NaN,6587616,5295648,985,70144,43520,NaN,NaN
2026-05-01 15:20:46.327,55212,ESTAB,prague,224,21.859,3.286,20.017,1448,12,17376,15928,1401305,1401305,6526,NaN,985,557,984,16,NaN,NaN,6587616,5295648,985,70144,43520,NaN,NaN
2026-05-01 15:20:46.577,55212,ESTAB,prague,224,21.859,3.286,20.017,1448,12,17376,15928,1401305,1401305,6526,NaN,985,557,984,16,NaN,NaN,6587616,5295648,985,70144,43520,NaN,NaN
2026-05-01 15:20:46.827,55212,ESTAB,prague,224,21.859,3.286,20.017,1448,12,17376,15928,1401305,1401305,6526,NaN,985,557,984,16,NaN,NaN,6587616,5295648,985,70144,43520,NaN,NaN
2026-05-01 15:20:47.086,55212,ESTAB,prague,224,21.644,2.894,20.017,1448,12,17376,15928,1402361,1402361,6932,NaN,986,559,985,17,NaN,NaN,6652992,5295648,986,69632,43520,NaN,NaN
2026-05-01 15:20:47.349,55212,ESTAB,prague,224,21.644,2.894,20.017,1448,12,17376,15928,1402361,1402361,6932,NaN,986,559,985,17,NaN,NaN,6652992,5295648,986,69632,43520,NaN,NaN
2026-05-01 15:20:47.620,55212,ESTAB,prague,224,21.644,2.894,20.017,1448,12,17376,15928,1402361,1402361,6932,NaN,986,559,985,17,NaN,NaN,6652992,5295648,986,69632,43520,NaN,NaN
2026-05-01 15:20:47.865,55212,ESTAB,prague,224,21.644,2.894,20.017,1448,12,17376,15928,1402361,1402361,6932,NaN,986,559,985,17,NaN,NaN,6652992,5295648,986,69632,43520,NaN,NaN
2026-05-01 15:20:48.092,55212,ESTAB,prague,224,21.644,2.894,20.017,1448,12,17376,15928,1402361,1402361,6932,NaN,986,559,985,17,NaN,NaN,6652992,5295648,986,69632,43520,NaN,NaN
2026-05-01 15:20:48.329,55212,ESTAB,prague,224,21.644,2.894,20.017,1448,12,17376,15928,1402361,1402361,6932,NaN,986,559,985,17,NaN,NaN,6652992,5295648,986,69632,43520,NaN,NaN
2026-05-01 15:20:48.586,55212,ESTAB,prague,224,21.644,2.894,20.017,1448,12,17376,15928,1402361,1402361,6932,NaN,986,559,985,17,NaN,NaN,6652992,5295648,986,69632,43520,NaN,NaN
2026-05-01 15:20:48.836,55212,ESTAB,prague,224,21.644,2.894,20.017,1448,12,17376,15928,1402361,1402361,6932,NaN,986,559,985,17,NaN,NaN,6652992,5295648,986,69632,43520,NaN,NaN
2026-05-01 15:20:49.090,55212,ESTAB,prague,224,21.564,2.257,20.017,1448,11,15928,15928,1405244,1405244,7340,NaN,989,563,988,18,NaN,NaN,6121016,5295648,989,70144,43520,NaN,NaN
2026-05-01 15:20:49.346,55212,ESTAB,prague,224,21.564,2.257,20.017,1448,11,15928,15928,1405244,1405244,7340,NaN,989,563,988,18,NaN,NaN,6121016,5295648,989,70144,43520,NaN,NaN
2026-05-01 15:20:49.601,55212,ESTAB,prague,224,21.564,2.257,20.017,1448,11,15928,15928,1405244,1405244,7340,NaN,989,563,988,18,NaN,NaN,6121016,5295648,989,70144,43520,NaN,NaN
2026-05-01 15:20:49.848,55212,ESTAB,prague,224,21.564,2.257,20.017,1448,11,15928,15928,1405244,1405244,7340,NaN,989,563,988,18,NaN,NaN,6121016,5295648,989,70144,43520,NaN,NaN
2026-05-01 15:20:50.092,55212,ESTAB,prague,224,21.564,2.257,20.017,1448,11,15928,15928,1405244,1405244,7340,NaN,989,563,988,18,NaN,NaN,6121016,5295648,989,70144,43520,NaN,NaN
2026-05-01 15:20:50.331,55212,ESTAB,prague,224,21.564,2.257,20.017,1448,11,15928,15928,1405244,1405244,7340,NaN,989,563,988,18,NaN,NaN,6121016,5295648,989,70144,43520,NaN,NaN
2026-05-01 15:20:50.571,55212,ESTAB,prague,224,21.564,2.257,20.017,1448,11,15928,15928,1405244,1405244,7340,NaN,989,563,988,18,NaN,NaN,6121016,5295648,989,70144,43520,NaN,NaN
2026-05-01 15:20:50.809,55212,ESTAB,prague,224,21.564,2.257,20.017,1448,11,15928,15928,1405244,1405244,7340,NaN,989,563,988,18,NaN,NaN,6121016,5295648,989,70144,43520,NaN,NaN
2026-05-01 15:20:51.044,55212,ESTAB,prague,224,21.564,2.257,20.017,1448,11,15928,15928,1405244,1405244,7340,NaN,989,563,988,18,NaN,NaN,6121016,5295648,989,70144,43520,NaN,NaN
2026-05-01 15:20:51.275,55212,ESTAB,prague,224,22.276,0.987,20.017,1448,14,20272,18824,1540239,1521571,8164,NaN,1084,610,1083,20,NaN,NaN,7541408,6444088,1071,69632,43520,13,76108
2026-05-01 15:20:51.518,55212,ESTAB,prague,224,22.167,1.37,20.017,1448,12,17376,15928,1735535,1719739,8164,NaN,1220,697,1219,20,NaN,NaN,6496128,5472832,1209,69632,43520,11,87596
2026-05-01 15:20:51.755,55212,ESTAB,prague,224,22.262,1.308,20.017,1448,11,15928,15928,1929395,1913599,8164,NaN,1355,772,1354,20,NaN,NaN,5929352,5893800,1344,69632,43520,11,100520
2026-05-01 15:20:51.985,55212,ESTAB,prague,224,21.71,0.603,20.017,1448,11,15928,15928,2120383,2104587,8164,NaN,1488,846,1487,20,NaN,NaN,6080008,6638976,1477,69632,43520,11,116316
2026-05-01 15:20:52.209,55212,ESTAB,prague,224,22.88,1.016,20.017,1448,13,18824,18824,2304191,2286959,8164,NaN,1616,910,1615,20,NaN,NaN,6818032,6712304,1604,69632,43520,12,70364
2026-05-01 15:20:52.438,55212,ESTAB,prague,224,21.961,0.302,20.017,1448,14,20272,17376,2490871,2472203,8164,NaN,1746,982,1745,20,NaN,NaN,7649712,6937216,1733,69632,43520,13,31259
2026-05-01 15:20:52.670,55212,ESTAB,prague,224,21.661,0.835,20.017,1448,11,15928,15928,2522130,2522130,8164,NaN,1768,1006,1767,20,NaN,NaN,6093824,6667048,1768,69632,43520,NaN,NaN
2026-05-01 15:20:52.899,55212,ESTAB,prague,224,21.661,0.835,20.017,1448,11,15928,15928,2522130,2522130,8164,NaN,1768,1006,1767,20,NaN,NaN,6093824,6667048,1768,69632,43520,NaN,NaN
2026-05-01 15:20:53.130,55212,ESTAB,prague,224,21.593,0.761,20.017,1448,11,15928,15928,2525013,2525002,8572,NaN,1771,1008,1770,21,NaN,NaN,6112832,6667048,1770,70144,43520,1,NaN
2026-05-01 15:20:53.367,55212,ESTAB,prague,224,22.216,0.459,20.017,1448,13,18824,15928,2705949,2690153,8988,NaN,1897,1074,1896,22,NaN,NaN,7021768,6115880,1886,69632,43520,11,96212
2026-05-01 15:20:53.604,55212,ESTAB,prague,224,22.019,0.551,20.017,1448,12,17376,15928,2898373,2881141,8988,NaN,2031,1148,2030,22,NaN,NaN,6539616,5108600,2019,69632,43520,12,110572
2026-05-01 15:20:53.838,55212,ESTAB,prague,224,22.279,1.372,20.017,1448,11,15928,15928,3089361,3075001,8988,NaN,2164,1223,2163,22,NaN,NaN,5924688,5597608,2154,69632,43520,10,126368
2026-05-01 15:20:54.075,55212,ESTAB,prague,224,22.16,0.726,20.017,1448,14,20272,17376,3286093,3268861,8988,NaN,2301,1291,2300,22,NaN,NaN,7580944,6588680,2289,69632,43520,12,67492
2026-05-01 15:20:54.314,55212,ESTAB,prague,224,22.328,1.014,20.017,1448,13,18824,17376,3478517,3461285,8988,NaN,2435,1365,2434,22,NaN,NaN,6986616,5546336,2423,69632,43520,12,81852
2026-05-01 15:20:54.549,55212,ESTAB,prague,224,22.276,0.569,20.017,1448,12,17376,15928,3670941,3653709,8988,NaN,2569,1440,2568,22,NaN,NaN,6464064,6085624,2557,69632,43520,12,96212
2026-05-01 15:20:54.773,55212,ESTAB,prague,224,22.671,0.952,20.017,1448,13,18824,18824,3787900,3787900,8988,NaN,2651,1487,2650,22,NaN,NaN,6880848,6823000,2651,70144,43520,NaN,NaN
2026-05-01 15:20:54.999,55212,ESTAB,prague,224,22.671,0.952,20.017,1448,13,18824,18824,3787900,3787900,8988,NaN,2651,1487,2650,22,NaN,NaN,6880848,6823000,2651,70144,43520,NaN,NaN
2026-05-01 15:20:55.225,55212,ESTAB,prague,224,22.175,0.441,20.017,1448,14,20272,18824,3842479,3822375,9812,NaN,2690,1502,2689,24,NaN,NaN,7576016,6754184,2676,70144,43520,14,87596
2026-05-01 15:20:55.458,55212,ESTAB,prague,224,22.199,1.119,20.017,1448,11,15928,15928,4030595,4014799,9812,NaN,2821,1580,2820,24,NaN,NaN,5945984,6718952,2810,69632,43520,11,106264
2026-05-01 15:20:55.699,55212,ESTAB,prague,224,21.666,0.519,20.017,1448,11,15928,15928,4225891,4210095,9812,NaN,2957,1655,2956,24,NaN,NaN,6092240,6679320,2946,69632,43520,11,117752
2026-05-01 15:20:55.953,55212,ESTAB,prague,224,21.671,0.787,20.017,1448,11,15928,15928,4429803,4414007,9812,NaN,3099,1733,3098,24,NaN,NaN,6090920,6691760,3088,69632,43520,11,120624
2026-05-01 15:20:56.190,55212,ESTAB,prague,224,22.714,1.181,20.017,1448,13,18824,17376,4626535,4609303,9812,NaN,3236,1802,3235,24,NaN,NaN,6867952,5850504,3224,69632,43520,12,61748
2026-05-01 15:20:56.434,55212,ESTAB,prague,224,22.092,0.46,20.017,1448,13,18824,15928,4824703,4808907,9812,NaN,3374,1879,3373,24,NaN,NaN,7061184,6146440,3363,69632,43520,11,17823
2026-05-01 15:20:56.671,55212,ESTAB,prague,224,21.865,0.305,20.017,1448,14,20272,15928,4842526,4842526,9812,NaN,3387,1891,3386,24,NaN,NaN,7683200,6923392,3387,70144,43520,NaN,NaN
2026-05-01 15:20:56.908,55212,ESTAB,prague,224,21.865,0.305,20.017,1448,14,20272,15928,4842526,4842526,9812,NaN,3387,1891,3386,24,NaN,NaN,7683200,6923392,3387,70144,43520,NaN,NaN
2026-05-01 15:20:57.144,55212,ESTAB,prague,224,21.865,0.305,20.017,1448,14,20272,15928,4842526,4842526,9812,NaN,3387,1891,3386,24,NaN,NaN,7683200,6923392,3387,70144,43520,NaN,NaN
2026-05-01 15:20:57.379,55212,ESTAB,prague,224,21.728,0.207,20.017,1448,14,20272,15928,4993317,4974649,10636,NaN,3493,1946,3492,26,NaN,NaN,7731920,6766680,3480,69632,43520,13,60312
2026-05-01 15:20:57.609,55212,ESTAB,prague,224,22.266,1.357,20.017,1448,13,18824,18824,5184305,5167073,10636,NaN,3626,2017,3625,26,NaN,NaN,7006064,6188304,3614,69632,43520,12,76108
2026-05-01 15:20:57.838,55212,ESTAB,prague,224,22.434,0.725,20.017,1448,13,18824,18824,5368113,5349445,10636,NaN,3754,2085,3753,26,NaN,NaN,6953440,6960936,3741,69632,43520,13,99084
2026-05-01 15:20:58.077,55212,ESTAB,prague,224,21.999,0.215,20.017,1448,14,20272,17376,5561973,5541869,10636,NaN,3889,2159,3888,26,NaN,NaN,7636384,6916160,3875,69632,43520,14,112008
2026-05-01 15:20:58.307,55212,ESTAB,prague,224,21.723,0.204,20.016,1448,14,20272,15928,5750089,5732857,10636,NaN,4020,2233,4019,26,NaN,NaN,7733600,6829176,4008,69632,43520,12,61748
2026-05-01 15:20:58.532,55212,ESTAB,prague,228,27.138,11.07,20.016,1448,11,15928,15928,5877406,5877406,10636,NaN,4109,2291,4108,26,NaN,NaN,4863936,2359488,4109,70144,43520,NaN,NaN
2026-05-01 15:20:58.752,55212,ESTAB,prague,228,27.138,11.07,20.016,1448,11,15928,15928,5877406,5877406,10636,NaN,4109,2291,4108,26,NaN,NaN,4863936,2359488,4109,70144,43520,NaN,NaN
2026-05-01 15:20:58.978,55212,ESTAB,prague,228,27.138,11.07,20.016,1448,11,15928,15928,5877406,5877406,10636,NaN,4109,2291,4108,26,NaN,NaN,4863936,2359488,4109,70144,43520,NaN,NaN
2026-05-01 15:20:59.216,55212,ESTAB,prague,228,27.138,11.07,20.016,1448,11,15928,15928,5880289,5877406,11044,NaN,4112,2292,4111,27,NaN,NaN,4863936,2359488,4109,70144,43520,3,NaN
2026-05-01 15:20:59.453,55212,ESTAB,prague,224,22.189,0.609,20.016,1448,12,17376,15928,6055481,6039685,11460,NaN,4234,2359,4233,28,NaN,NaN,6489600,5758312,4223,69632,43520,11,101956
2026-05-01 15:20:59.686,55212,ESTAB,prague,224,22.052,1.16,20.016,1448,11,15928,15928,6247905,6233545,11460,NaN,4368,2434,4367,28,NaN,NaN,5985848,5522160,4358,69632,43520,10,116316
2026-05-01 15:20:59.912,55212,ESTAB,prague,224,22.161,0.804,20.016,1448,13,18824,17376,6436021,6417353,11460,NaN,4499,2498,4498,28,NaN,NaN,7039136,6478136,4486,69632,43520,13,66056
2026-05-01 15:21:00.142,55212,ESTAB,prague,224,22.605,1.167,20.016,1448,13,18824,18824,6625573,6606905,11460,NaN,4631,2566,4630,28,NaN,NaN,6900920,6608968,4618,69632,43520,13,83288
2026-05-01 15:21:00.391,55212,ESTAB,prague,224,23.294,1.627,20.016,1448,12,17376,17376,6825177,6807945,11460,NaN,4770,2642,4769,28,NaN,NaN,6181824,6697736,4758,69632,43520,12,90468
2026-05-01 15:21:00.639,55212,ESTAB,prague,224,23.353,1.674,20.016,1448,12,17376,17376,7026217,7010421,11460,NaN,4910,2720,4909,28,NaN,NaN,6166080,6713560,4899,69632,43520,11,58877
2026-05-01 15:21:00.881,55212,ESTAB,prague,228,27.197,10.591,20.016,1448,13,18824,18824,7087206,7086150,12272,NaN,4954,2750,4953,30,NaN,NaN,5735808,2280208,4953,70144,43520,1,NaN
2026-05-01 15:21:01.112,55212,ESTAB,prague,236,33.888,17.474,20.016,1448,13,18824,18824,7091430,7090374,13896,NaN,4958,2756,4957,34,NaN,NaN,4603248,2280208,4957,70144,43520,1,NaN
2026-05-01 15:21:01.347,55212,ESTAB,prague,228,25.329,5.582,20.016,1448,13,18824,18824,7140561,7126201,15938,NaN,4994,2773,4993,39,NaN,NaN,6158880,5138392,4984,70144,43520,10,96212
2026-05-01 15:21:01.584,55212,ESTAB,prague,224,22.28,1.346,20.016,1448,13,18824,17376,7338729,7321497,15938,NaN,5132,2848,5131,39,NaN,NaN,7001592,5833808,5120,72192,43520,12,112008
2026-05-01 15:21:01.822,55212,ESTAB,prague,224,22.549,1.209,20.016,1448,13,18824,17376,7528281,7512485,15938,NaN,5264,2922,5263,39,NaN,NaN,6917976,5709448,5253,72192,43520,11,66056
2026-05-01 15:21:02.075,55212,ESTAB,prague,224,23.323,2.446,20.016,1448,13,18824,17376,7695366,7678134,15938,NaN,5381,2981,5380,39,NaN,NaN,6688448,5974976,5369,72704,43520,12,3018
2026-05-01 15:21:02.319,55212,ESTAB,prague,228,27.822,9.225,20.016,1448,14,20272,17376,7701552,7700496,17156,NaN,5387,2993,5386,42,NaN,NaN,6038368,6620880,5386,72704,43520,1,NaN
2026-05-01 15:21:02.561,55212,ESTAB,prague,240,37.53,20.345,20.016,1448,14,20272,17376,7705776,7705776,18780,NaN,5391,3000,5390,46,NaN,NaN,4476304,6620880,5391,72704,43520,NaN,NaN
2026-05-01 15:21:02.791,55212,ESTAB,prague,244,40.905,22.189,20.016,1448,14,20272,17376,7710000,7710000,20404,NaN,5395,3006,5394,50,NaN,NaN,4107040,6620880,5395,72704,43520,NaN,NaN
2026-05-01 15:21:03.022,55212,ESTAB,prague,244,43.223,22.966,20.016,1448,14,20272,17376,7714224,7714224,22028,NaN,5399,3012,5398,54,NaN,NaN,3886736,6620880,5399,72704,43520,NaN,NaN
2026-05-01 15:21:03.264,55212,ESTAB,prague,248,44.172,21.61,20.016,1448,14,20272,17376,7721320,7718448,24060,NaN,5405,3019,5404,59,NaN,NaN,3803296,6620880,5403,72704,43520,2,11
2026-05-01 15:21:03.502,55212,ESTAB,prague,240,38.697,21.541,20.016,1448,14,20272,17376,7721331,7721331,24060,NaN,5406,3021,5405,59,NaN,NaN,4341344,6620880,5406,72704,43520,NaN,NaN
2026-05-01 15:21:03.740,55212,ESTAB,prague,240,38.697,21.541,20.016,1448,14,20272,17376,7721331,7721331,24060,NaN,5406,3021,5405,59,NaN,NaN,4341344,6620880,5406,72704,43520,NaN,NaN
2026-05-01 15:21:03.986,55212,ESTAB,prague,240,38.697,21.541,20.016,1448,14,20272,17376,7721331,7721331,24060,NaN,5406,3021,5405,59,NaN,NaN,4341344,6620880,5406,72704,43520,NaN,NaN
2026-05-01 15:21:04.241,55212,ESTAB,prague,240,38.697,21.541,20.016,1448,14,20272,17376,7721331,7721331,24060,NaN,5406,3021,5405,59,NaN,NaN,4341344,6620880,5406,72704,43520,NaN,NaN
2026-05-01 15:21:04.510,55212,ESTAB,prague,240,38.697,21.541,20.016,1448,14,20272,17376,7721331,7721331,24060,NaN,5406,3021,5405,59,NaN,NaN,4341344,6620880,5406,72704,43520,NaN,NaN
2026-05-01 15:21:04.785,55212,ESTAB,prague,240,38.697,21.541,20.016,1448,14,20272,17376,7721331,7721331,24060,NaN,5406,3021,5405,59,NaN,NaN,4341344,6620880,5406,72704,43520,NaN,NaN
2026-05-01 15:21:05.055,55212,ESTAB,prague,240,38.697,21.541,20.016,1448,14,20272,17376,7721331,7721331,24060,NaN,5406,3021,5405,59,NaN,NaN,4341344,6620880,5406,72704,43520,NaN,NaN
2026-05-01 15:21:05.316,55212,ESTAB,prague,240,36.451,20.647,20.016,1448,14,20272,17376,7724214,7722767,24468,NaN,5409,3023,5408,60,NaN,NaN,4608912,6620880,5407,72192,43520,2,NaN
2026-05-01 15:21:05.585,55212,ESTAB,prague,236,33.13,17.401,20.016,1448,14,20272,17376,7724214,7724214,24468,NaN,5409,3025,5408,60,NaN,NaN,5070800,6620880,5409,72704,43520,NaN,NaN
2026-05-01 15:21:05.834,55212,ESTAB,prague,236,33.13,17.401,20.016,1448,14,20272,17376,7724214,7724214,24468,NaN,5409,3025,5408,60,NaN,NaN,5070800,6620880,5409,72704,43520,NaN,NaN
2026-05-01 15:21:06.084,55212,ESTAB,prague,236,33.13,17.401,20.016,1448,14,20272,17376,7724214,7724214,24468,NaN,5409,3025,5408,60,NaN,NaN,5070800,6620880,5409,72704,43520,NaN,NaN
2026-05-01 15:21:06.341,55212,ESTAB,prague,236,33.13,17.401,20.016,1448,14,20272,17376,7724214,7724214,24468,NaN,5409,3025,5408,60,NaN,NaN,5070800,6620880,5409,72704,43520,NaN,NaN
2026-05-01 15:21:06.602,55212,ESTAB,prague,236,33.13,17.401,20.016,1448,14,20272,17376,7724214,7724214,24468,NaN,5409,3025,5408,60,NaN,NaN,5070800,6620880,5409,72704,43520,NaN,NaN
2026-05-01 15:21:06.873,55212,ESTAB,prague,236,33.13,17.401,20.016,1448,14,20272,17376,7724214,7724214,24468,NaN,5409,3025,5408,60,NaN,NaN,5070800,6620880,5409,72704,43520,NaN,NaN
2026-05-01 15:21:07.126,55212,ESTAB,prague,236,33.13,17.401,20.016,1448,14,20272,17376,7724214,7724214,24468,NaN,5409,3025,5408,60,NaN,NaN,5070800,6620880,5409,72704,43520,NaN,NaN
2026-05-01 15:21:07.387,55212,ESTAB,prague,232,29.309,12.975,20.016,1448,13,18824,18824,7727097,7727097,24876,NaN,5412,3029,5411,61,NaN,NaN,5322408,6620880,5412,72704,43520,NaN,NaN
2026-05-01 15:21:07.638,55212,ESTAB,prague,232,29.309,12.975,20.016,1448,13,18824,18824,7727097,7727097,24876,NaN,5412,3029,5411,61,NaN,NaN,5322408,6620880,5412,72704,43520,NaN,NaN
2026-05-01 15:21:07.895,55212,ESTAB,prague,232,29.309,12.975,20.016,1448,13,18824,18824,7727097,7727097,24876,NaN,5412,3029,5411,61,NaN,NaN,5322408,6620880,5412,72704,43520,NaN,NaN
2026-05-01 15:21:08.145,55212,ESTAB,prague,232,29.309,12.975,20.016,1448,13,18824,18824,7727097,7727097,24876,NaN,5412,3029,5411,61,NaN,NaN,5322408,6620880,5412,72704,43520,NaN,NaN
2026-05-01 15:21:08.405,55212,ESTAB,prague,232,29.309,12.975,20.016,1448,13,18824,18824,7727097,7727097,24876,NaN,5412,3029,5411,61,NaN,NaN,5322408,6620880,5412,72704,43520,NaN,NaN
2026-05-01 15:21:08.653,55212,ESTAB,prague,232,29.309,12.975,20.016,1448,13,18824,18824,7727097,7727097,24876,NaN,5412,3029,5411,61,NaN,NaN,5322408,6620880,5412,72704,43520,NaN,NaN
2026-05-01 15:21:08.903,55212,ESTAB,prague,232,29.309,12.975,20.016,1448,13,18824,18824,7727097,7727097,24876,NaN,5412,3029,5411,61,NaN,NaN,5322408,6620880,5412,72704,43520,NaN,NaN
2026-05-01 15:21:09.145,55212,ESTAB,prague,232,29.309,12.975,20.016,1448,13,18824,18824,7727097,7727097,24876,NaN,5412,3029,5411,61,NaN,NaN,5322408,6620880,5412,72704,43520,NaN,NaN
2026-05-01 15:21:09.419,55212,ESTAB,prague,228,26.815,9.153,20.016,1448,12,17376,17376,7729980,7729980,25284,NaN,5415,3033,5414,62,NaN,NaN,5369952,6620880,5415,72704,43520,NaN,NaN
2026-05-01 15:21:09.677,55212,ESTAB,prague,228,26.815,9.153,20.016,1448,12,17376,17376,7729980,7729980,25284,NaN,5415,3033,5414,62,NaN,NaN,5369952,6620880,5415,72704,43520,NaN,NaN
2026-05-01 15:21:09.929,55212,ESTAB,prague,228,26.815,9.153,20.016,1448,12,17376,17376,7729980,7729980,25284,NaN,5415,3033,5414,62,NaN,NaN,5369952,6620880,5415,72704,43520,NaN,NaN
2026-05-01 15:21:10.188,55212,ESTAB,prague,228,26.815,9.153,20.016,1448,12,17376,17376,7729980,7729980,25284,NaN,5415,3033,5414,62,NaN,NaN,5369952,6620880,5415,72704,43520,NaN,NaN
2026-05-01 15:21:10.454,55212,ESTAB,prague,228,26.815,9.153,20.016,1448,12,17376,17376,7729980,7729980,25284,NaN,5415,3033,5414,62,NaN,NaN,5369952,6620880,5415,72704,43520,NaN,NaN
2026-05-01 15:21:10.731,55212,ESTAB,prague,228,26.815,9.153,20.016,1448,12,17376,17376,7729980,7729980,25284,NaN,5415,3033,5414,62,NaN,NaN,5369952,6620880,5415,72704,43520,NaN,NaN
2026-05-01 15:21:10.987,55212,ESTAB,prague,228,26.815,9.153,20.016,1448,12,17376,17376,7729980,7729980,25284,NaN,5415,3033,5414,62,NaN,NaN,5369952,6620880,5415,72704,43520,NaN,NaN
2026-05-01 15:21:11.244,55212,ESTAB,prague,228,26.815,9.153,20.016,1448,12,17376,17376,7729980,7729980,25284,NaN,5415,3033,5414,62,NaN,NaN,5369952,6620880,5415,72704,43520,NaN,NaN
2026-05-01 15:21:11.495,55212,ESTAB,prague,228,25.126,6.395,20.016,1448,11,15928,15928,7732863,7732863,25692,NaN,5418,3037,5417,63,NaN,NaN,5253336,6620880,5418,72704,43520,NaN,NaN
2026-05-01 15:21:11.746,55212,ESTAB,prague,228,25.126,6.395,20.016,1448,11,15928,15928,7732863,7732863,25692,NaN,5418,3037,5417,63,NaN,NaN,5253336,6620880,5418,72704,43520,NaN,NaN
2026-05-01 15:21:12.007,55212,ESTAB,prague,228,25.126,6.395,20.016,1448,11,15928,15928,7732863,7732863,25692,NaN,5418,3037,5417,63,NaN,NaN,5253336,6620880,5418,72704,43520,NaN,NaN
2026-05-01 15:21:12.273,55212,ESTAB,prague,228,25.126,6.395,20.016,1448,11,15928,15928,7732863,7732863,25692,NaN,5418,3037,5417,63,NaN,NaN,5253336,6620880,5418,72704,43520,NaN,NaN
2026-05-01 15:21:12.518,55212,ESTAB,prague,228,25.126,6.395,20.016,1448,11,15928,15928,7732863,7732863,25692,NaN,5418,3037,5417,63,NaN,NaN,5253336,6620880,5418,72704,43520,NaN,NaN
2026-05-01 15:21:12.780,55212,ESTAB,prague,228,25.126,6.395,20.016,1448,11,15928,15928,7732863,7732863,25692,NaN,5418,3037,5417,63,NaN,NaN,5253336,6620880,5418,72704,43520,NaN,NaN
2026-05-01 15:21:13.044,55212,ESTAB,prague,228,25.126,6.395,20.016,1448,11,15928,15928,7732863,7732863,25692,NaN,5418,3037,5417,63,NaN,NaN,5253336,6620880,5418,72704,43520,NaN,NaN
2026-05-01 15:21:13.308,55212,ESTAB,prague,228,25.126,6.395,20.016,1448,11,15928,15928,7732863,7732863,25692,NaN,5418,3037,5417,63,NaN,NaN,5253336,6620880,5418,72704,43520,NaN,NaN
2026-05-01 15:21:13.562,55212,ESTAB,prague,228,25.126,6.395,20.016,1448,11,15928,15928,7732863,7732863,25692,NaN,5418,3037,5417,63,NaN,NaN,5253336,6620880,5418,72704,43520,NaN,NaN
2026-05-01 15:21:13.843,55212,ESTAB,prague,228,25.126,6.395,20.016,1448,11,15928,15928,7732863,7732863,25692,NaN,5418,3037,5417,63,NaN,NaN,5253336,6620880,5418,72704,43520,NaN,NaN
2026-05-01 15:21:14.107,55212,ESTAB,prague,228,25.126,6.395,20.016,1448,11,15928,15928,7732863,7732863,25692,NaN,5418,3037,5417,63,NaN,NaN,5253336,6620880,5418,72704,43520,NaN,NaN
2026-05-01 15:21:14.364,55212,ESTAB,prague,228,25.126,6.395,20.016,1448,11,15928,15928,7732863,7732863,25692,NaN,5418,3037,5417,63,NaN,NaN,5253336,6620880,5418,72704,43520,NaN,NaN
2026-05-01 15:21:14.630,55212,ESTAB,prague,228,25.126,6.395,20.016,1448,11,15928,15928,7732863,7732863,25692,NaN,5418,3037,5417,63,NaN,NaN,5253336,6620880,5418,72704,43520,NaN,NaN
2026-05-01 15:21:14.883,55212,ESTAB,prague,228,25.126,6.395,20.016,1448,11,15928,15928,7732863,7732863,25692,NaN,5418,3037,5417,63,NaN,NaN,5253336,6620880,5418,72704,43520,NaN,NaN
2026-05-01 15:21:15.139,55212,ESTAB,prague,228,25.126,6.395,20.016,1448,11,15928,15928,7732863,7732863,25692,NaN,5418,3037,5417,63,NaN,NaN,5253336,6620880,5418,72704,43520,NaN,NaN
2026-05-01 15:21:15.410,55212,ESTAB,prague,228,25.126,6.395,20.016,1448,11,15928,15928,7732863,7732863,25692,NaN,5418,3037,5417,63,NaN,NaN,5253336,6620880,5418,72704,43520,NaN,NaN
2026-05-01 15:21:15.669,55212,ESTAB,prague,228,25.126,6.395,20.016,1448,11,15928,15928,7732863,7732863,25692,NaN,5418,3037,5417,63,NaN,NaN,5253336,6620880,5418,72704,43520,NaN,NaN
2026-05-01 15:21:15.931,55212,ESTAB,prague,228,25.126,6.395,20.016,1448,11,15928,15928,7732863,7732863,25692,NaN,5418,3037,5417,63,NaN,NaN,5253336,6620880,5418,72704,43520,NaN,NaN
2026-05-01 15:21:16.206,55212,ESTAB,prague,228,25.126,6.395,20.016,1448,11,15928,15928,7732863,7732863,25692,NaN,5418,3037,5417,63,NaN,NaN,5253336,6620880,5418,72704,43520,NaN,NaN
2026-05-01 15:21:16.465,55212,ESTAB,prague,228,25.126,6.395,20.016,1448,11,15928,15928,7732863,7732863,25692,NaN,5418,3037,5417,63,NaN,NaN,5253336,6620880,5418,72704,43520,NaN,NaN
2026-05-01 15:21:16.729,55212,ESTAB,prague,228,25.126,6.395,20.016,1448,11,15928,15928,7732863,7732863,25692,NaN,5418,3037,5417,63,NaN,NaN,5253336,6620880,5418,72704,43520,NaN,NaN
2026-05-01 15:21:16.994,55212,ESTAB,prague,228,25.126,6.395,20.016,1448,11,15928,15928,7732863,7732863,25692,NaN,5418,3037,5417,63,NaN,NaN,5253336,6620880,5418,72704,43520,NaN,NaN
2026-05-01 15:21:17.243,55212,ESTAB,prague,228,25.126,6.395,20.016,1448,11,15928,15928,7732863,7732863,25692,NaN,5418,3037,5417,63,NaN,NaN,5253336,6620880,5418,72704,43520,NaN,NaN
2026-05-01 15:21:17.504,55212,ESTAB,prague,228,25.126,6.395,20.016,1448,11,15928,15928,7734299,7732863,26100,NaN,5419,3038,5418,64,NaN,NaN,5253336,6620880,5418,72704,43520,1,1447
2026-05-01 15:21:17.766,55212,ESTAB,prague,228,27.266,10.9,20.016,1448,7,10136,10136,7805475,7802603,26516,NaN,5470,3073,5469,65,NaN,NaN,3080672,1291080,5468,72704,43520,2,1961
2026-05-01 15:21:18.020,55212,ESTAB,prague,228,26.767,7.01,20.016,1448,6,8688,8688,7813180,7807436,26516,NaN,5476,3075,5475,65,NaN,NaN,2689776,1515880,5472,72704,43520,4,4888
2026-05-01 15:21:18.267,55212,ESTAB,prague,224,22.863,3.041,20.016,1448,5,7240,7240,7819124,7819124,26922,NaN,5481,3085,5480,66,NaN,NaN,2624240,2576968,5481,72192,43520,NaN,NaN
2026-05-01 15:21:18.524,55212,ESTAB,prague,224,22.863,3.041,20.016,1448,5,7240,7240,7819124,7819124,26922,NaN,5481,3085,5480,66,NaN,NaN,2624240,2576968,5481,72192,43520,NaN,NaN
2026-05-01 15:21:18.794,55212,ESTAB,prague,224,22.863,3.041,20.016,1448,5,7240,7240,7819124,7819124,26922,NaN,5481,3085,5480,66,NaN,NaN,2624240,2576968,5481,72192,43520,NaN,NaN
2026-05-01 15:21:19.061,55212,ESTAB,prague,224,22.863,3.041,20.016,1448,5,7240,7240,7819124,7819124,26922,NaN,5481,3085,5480,66,NaN,NaN,2624240,2576968,5481,72192,43520,NaN,NaN
2026-05-01 15:21:19.321,55212,ESTAB,prague,224,22.863,3.041,20.016,1448,5,7240,7240,7819124,7819124,26922,NaN,5481,3085,5480,66,NaN,NaN,2624240,2576968,5481,72192,43520,NaN,NaN
2026-05-01 15:21:19.575,55212,ESTAB,prague,224,22.71,2.44,20.016,1448,5,7240,5792,7822007,7822007,27330,NaN,5484,3088,5483,67,NaN,NaN,2153608,2576968,5484,72704,43520,NaN,NaN
2026-05-01 15:21:19.836,55212,ESTAB,prague,228,24.026,3.36,20.016,1448,5,7240,7240,7900987,7895243,27746,NaN,5539,3123,5538,68,NaN,NaN,2497200,2052256,5535,72192,43520,4,137856
2026-05-01 15:21:20.090,55212,ESTAB,prague,224,23.148,2.187,20.016,1448,5,7240,5792,7969915,7962735,27746,NaN,5587,3153,5586,68,NaN,NaN,2078952,2230344,5582,72192,43520,5,140728
2026-05-01 15:21:20.349,55212,ESTAB,prague,228,24.971,2.214,20.016,1448,5,7240,5792,8038843,8033099,27746,NaN,5635,3182,5634,68,NaN,NaN,2402760,1665160,5631,72192,43520,4,143600
2026-05-01 15:21:20.596,55212,ESTAB,prague,224,23.41,1.551,20.016,1448,5,7240,5792,8109207,8103463,27746,NaN,5684,3213,5683,68,NaN,NaN,2562880,2232328,5680,72192,43520,4,123260
2026-05-01 15:21:20.861,55212,ESTAB,prague,224,23.319,2.749,20.016,1448,5,7240,5792,8188187,8182443,27746,NaN,5739,3251,5738,68,NaN,NaN,2572960,2232088,5735,72192,43520,4,44280
2026-05-01 15:21:21.102,55212,ESTAB,prague,228,25.005,2.729,20.016,1448,5,7240,5792,8232467,8232467,27746,NaN,5770,3274,5769,68,NaN,NaN,2399480,2233960,5770,72192,43520,NaN,NaN
2026-05-01 15:21:21.365,55212,ESTAB,prague,228,25.005,2.729,20.016,1448,5,7240,5792,8232467,8232467,27746,NaN,5770,3274,5769,68,NaN,NaN,2399480,2233960,5770,72192,43520,NaN,NaN
2026-05-01 15:21:21.627,55212,ESTAB,prague,228,25.074,2.482,20.016,1448,4,5792,5792,8239658,8235350,28570,NaN,5776,3277,5775,70,NaN,NaN,1998048,2233960,5773,72704,43520,3,140728
2026-05-01 15:21:21.883,55212,ESTAB,prague,232,28.629,5.849,20.016,1448,4,5792,4344,8276994,8272686,28570,NaN,5803,3294,5802,70,NaN,NaN,1506496,1675840,5800,72704,43520,3,103392
2026-05-01 15:21:22.138,55212,ESTAB,prague,224,23.805,4.311,20.016,1448,3,4344,2896,8314330,8311458,28570,NaN,5829,3314,5828,70,NaN,NaN,1362704,1117176,5827,72192,43520,2,137856
2026-05-01 15:21:22.399,55212,ESTAB,prague,228,26.395,5.955,20.016,1448,3,4344,4344,8360282,8355974,28570,NaN,5861,3335,5860,70,NaN,NaN,1209824,1091592,5858,72192,43520,3,91904
2026-05-01 15:21:22.661,55212,ESTAB,prague,228,25.946,2.324,20.016,1448,5,7240,5792,8409106,8404798,28570,NaN,5895,3356,5894,70,NaN,NaN,2097120,1970000,5892,72192,43520,3,114880
2026-05-01 15:21:22.899,55212,ESTAB,prague,224,23.945,2.488,20.016,1448,5,7240,5792,8476598,8472290,28570,NaN,5942,3388,5941,70,NaN,NaN,2505640,2579032,5939,72192,43520,3,119188
2026-05-01 15:21:23.145,55212,ESTAB,prague,224,23.891,2.869,20.016,1448,5,7240,5792,8542654,8535474,28570,NaN,5988,3419,5987,70,NaN,NaN,2511360,2059736,5983,72192,43520,5,102686
2026-05-01 15:21:23.406,55212,ESTAB,prague,228,24.704,4.029,20.016,1448,4,5792,5792,8608710,8602966,28570,NaN,6034,3452,6033,70,NaN,NaN,2057128,2227688,6030,72192,43520,4,36630
2026-05-01 15:21:23.663,55212,ESTAB,prague,228,25.681,3.61,20.016,1448,3,4344,4344,8652151,8649279,29800,NaN,6066,3475,6065,73,NaN,NaN,1191216,1916768,6064,72704,43520,2,77554
2026-05-01 15:21:23.913,55212,ESTAB,prague,228,25.39,3.048,20.016,1448,3,4344,4344,8696667,8693795,29800,NaN,6097,3494,6096,73,NaN,NaN,1322696,1208888,6095,72192,43520,2,46602
2026-05-01 15:21:24.169,55212,ESTAB,prague,228,25.859,4.392,20.016,1448,4,5792,4344,8736875,8732567,29800,NaN,6125,3512,6124,73,NaN,NaN,1549928,1614864,6122,72192,43520,3,23592
2026-05-01 15:21:24.426,55212,ESTAB,prague,228,24.293,2.599,20.016,1448,5,7240,5792,8760467,8760467,29800,NaN,6142,3525,6141,73,NaN,NaN,1993656,1658408,6142,72704,43520,NaN,NaN
2026-05-01 15:21:24.683,55212,ESTAB,prague,228,24.293,2.599,20.016,1448,5,7240,5792,8760467,8760467,29800,NaN,6142,3525,6141,73,NaN,NaN,1993656,1658408,6142,72704,43520,NaN,NaN
2026-05-01 15:21:24.941,55212,ESTAB,prague,228,24.293,2.599,20.016,1448,5,7240,5792,8760467,8760467,29800,NaN,6142,3525,6141,73,NaN,NaN,1993656,1658408,6142,72704,43520,NaN,NaN
2026-05-01 15:21:25.199,55212,ESTAB,prague,228,24.293,2.599,20.016,1448,5,7240,5792,8760467,8760467,29800,NaN,6142,3525,6141,73,NaN,NaN,1993656,1658408,6142,72704,43520,NaN,NaN
2026-05-01 15:21:25.456,55212,ESTAB,prague,228,24.293,2.599,20.016,1448,5,7240,5792,8760467,8760467,29800,NaN,6142,3525,6141,73,NaN,NaN,1993656,1658408,6142,72704,43520,NaN,NaN
2026-05-01 15:21:25.722,55212,ESTAB,prague,224,23.518,2.031,20.016,1448,4,5792,5792,8770530,8764786,30624,NaN,6150,3530,6149,75,NaN,NaN,1558464,1658408,6146,72192,43520,4,66098
2026-05-01 15:21:25.982,55212,ESTAB,prague,228,24.13,3.204,20.016,1448,5,7240,5792,8836586,8832278,30624,NaN,6196,3561,6195,75,NaN,NaN,1953000,2110704,6193,72192,43520,3,11230
2026-05-01 15:21:26.243,55212,ESTAB,prague,232,29.051,12.401,20.016,1448,5,7240,5792,8855932,8855932,30624,NaN,6210,3574,6209,75,NaN,NaN,2065280,800104,6210,72704,43520,NaN,NaN
2026-05-01 15:21:26.513,55212,ESTAB,prague,232,29.051,12.401,20.016,1448,5,7240,5792,8855932,8855932,30624,NaN,6210,3574,6209,75,NaN,NaN,2065280,800104,6210,72704,43520,NaN,NaN
2026-05-01 15:21:26.786,55212,ESTAB,prague,232,29.051,12.401,20.016,1448,5,7240,5792,8855932,8855932,30624,NaN,6210,3574,6209,75,NaN,NaN,2065280,800104,6210,72704,43520,NaN,NaN
2026-05-01 15:21:27.027,55212,ESTAB,prague,232,29.051,12.401,20.016,1448,5,7240,5792,8855932,8855932,30624,NaN,6210,3574,6209,75,NaN,NaN,2065280,800104,6210,72704,43520,NaN,NaN
2026-05-01 15:21:27.282,55212,ESTAB,prague,232,29.051,12.401,20.016,1448,5,7240,5792,8855932,8855932,30624,NaN,6210,3574,6209,75,NaN,NaN,2065280,800104,6210,72704,43520,NaN,NaN
2026-05-01 15:21:27.543,55212,ESTAB,prague,232,29.051,12.401,20.016,1448,5,7240,5792,8855932,8855932,30624,NaN,6210,3574,6209,75,NaN,NaN,2065280,800104,6210,72704,43520,NaN,NaN
2026-05-01 15:21:27.811,55212,ESTAB,prague,228,24.893,4.419,20.016,1448,5,7240,5792,8878919,8873175,31448,NaN,6227,3586,6226,77,NaN,NaN,2410240,1922016,6223,72192,43520,4,78843
2026-05-01 15:21:28.086,55212,ESTAB,prague,224,23.428,2.531,20.016,1448,5,7240,5792,8956463,8949283,31448,NaN,6281,3621,6280,77,NaN,NaN,2561000,2145280,6276,72192,43520,5,10203
2026-05-01 15:21:28.348,55212,ESTAB,prague,224,22.829,1.651,20.016,1448,4,5792,5792,8966666,8966666,31448,NaN,6289,3630,6288,77,NaN,NaN,2102496,2428608,6289,72704,43520,NaN,NaN
2026-05-01 15:21:28.621,55212,ESTAB,prague,224,22.829,1.651,20.016,1448,4,5792,5792,8966666,8966666,31448,NaN,6289,3630,6288,77,NaN,NaN,2102496,2428608,6289,72704,43520,NaN,NaN
2026-05-01 15:21:28.890,55212,ESTAB,prague,224,22.829,1.651,20.016,1448,4,5792,5792,8966666,8966666,31448,NaN,6289,3630,6288,77,NaN,NaN,2102496,2428608,6289,72704,43520,NaN,NaN
2026-05-01 15:21:29.156,55212,ESTAB,prague,224,22.829,1.651,20.016,1448,4,5792,5792,8966666,8966666,31448,NaN,6289,3630,6288,77,NaN,NaN,2102496,2428608,6289,72704,43520,NaN,NaN
2026-05-01 15:21:29.418,55212,ESTAB,prague,224,22.829,1.651,20.016,1448,4,5792,5792,8966666,8966666,31448,NaN,6289,3630,6288,77,NaN,NaN,2102496,2428608,6289,72704,43520,NaN,NaN
2026-05-01 15:21:29.686,55212,ESTAB,prague,224,22.829,1.651,20.016,1448,4,5792,5792,8966666,8966666,31448,NaN,6289,3630,6288,77,NaN,NaN,2102496,2428608,6289,72704,43520,NaN,NaN
2026-05-01 15:21:29.958,55212,ESTAB,prague,228,24.47,3.544,20.016,1448,4,5792,4344,9005449,9001141,32272,NaN,6317,3648,6316,79,NaN,NaN,1781296,1630088,6314,72192,43520,3,14567
2026-05-01 15:21:30.236,55212,ESTAB,prague,228,24.881,4.38,20.016,1448,4,5792,4344,9025702,9025702,32272,NaN,6332,3660,6331,79,NaN,NaN,1932400,1592952,6332,72704,43520,NaN,NaN
2026-05-01 15:21:30.502,55212,ESTAB,prague,228,24.881,4.38,20.016,1448,4,5792,4344,9025702,9025702,32272,NaN,6332,3660,6331,79,NaN,NaN,1932400,1592952,6332,72704,43520,NaN,NaN
2026-05-01 15:21:30.756,55212,ESTAB,prague,228,24.881,4.38,20.016,1448,4,5792,4344,9025702,9025702,32272,NaN,6332,3660,6331,79,NaN,NaN,1932400,1592952,6332,72704,43520,NaN,NaN
2026-05-01 15:21:31.022,55212,ESTAB,prague,228,24.881,4.38,20.016,1448,4,5792,4344,9025702,9025702,32272,NaN,6332,3660,6331,79,NaN,NaN,1932400,1592952,6332,72704,43520,NaN,NaN
2026-05-01 15:21:31.287,55212,ESTAB,prague,228,24.881,4.38,20.016,1448,4,5792,4344,9025702,9025702,32272,NaN,6332,3660,6331,79,NaN,NaN,1932400,1592952,6332,72704,43520,NaN,NaN
2026-05-01 15:21:31.538,55212,ESTAB,prague,228,24.881,4.38,20.016,1448,4,5792,4344,9025702,9025702,32272,NaN,6332,3660,6331,79,NaN,NaN,1932400,1592952,6332,72704,43520,NaN,NaN
2026-05-01 15:21:31.800,55212,ESTAB,prague,228,24.881,4.38,20.016,1448,4,5792,4344,9028585,9025702,32680,NaN,6335,3661,6334,80,NaN,NaN,1932400,1592952,6332,72704,43520,3,NaN
2026-05-01 15:21:32.056,55212,ESTAB,prague,228,25.721,5.068,20.016,1448,3,4344,4344,9067357,9063049,33096,NaN,6362,3680,6361,81,NaN,NaN,1201560,1333024,6359,72192,43520,3,56552
2026-05-01 15:21:32.317,55212,ESTAB,prague,228,25.267,5.0,20.016,1448,4,5792,4344,9111873,9106129,33096,NaN,6393,3701,6392,81,NaN,NaN,1516424,1668760,6389,72192,43520,4,12036
2026-05-01 15:21:32.595,55212,ESTAB,prague,232,30.492,11.583,20.016,1448,5,7240,4344,9123909,9123909,33096,NaN,6402,3709,6401,81,NaN,NaN,1967640,564920,6402,72704,43520,NaN,NaN
2026-05-01 15:21:32.854,55212,ESTAB,prague,232,30.492,11.583,20.016,1448,5,7240,4344,9123909,9123909,33096,NaN,6402,3709,6401,81,NaN,NaN,1967640,564920,6402,72704,43520,NaN,NaN
2026-05-01 15:21:33.104,55212,ESTAB,prague,232,30.492,11.583,20.016,1448,5,7240,4344,9123909,9123909,33096,NaN,6402,3709,6401,81,NaN,NaN,1967640,564920,6402,72704,43520,NaN,NaN
2026-05-01 15:21:33.365,55212,ESTAB,prague,232,30.492,11.583,20.016,1448,5,7240,4344,9123909,9123909,33096,NaN,6402,3709,6401,81,NaN,NaN,1967640,564920,6402,72704,43520,NaN,NaN
2026-05-01 15:21:33.638,55212,ESTAB,prague,232,30.492,11.583,20.016,1448,5,7240,4344,9123909,9123909,33096,NaN,6402,3709,6401,81,NaN,NaN,1967640,564920,6402,72704,43520,NaN,NaN
2026-05-01 15:21:33.888,55212,ESTAB,prague,228,27.313,7.382,20.016,1448,3,4344,4344,9133972,9129664,33920,NaN,6410,3715,6409,83,NaN,NaN,1458304,1165112,6407,72192,43520,3,59554
2026-05-01 15:21:34.138,55212,ESTAB,prague,224,23.252,1.663,20.016,1448,4,5792,5792,9191412,9185668,33920,NaN,6450,3742,6449,83,NaN,NaN,2064320,1913600,6446,72192,43520,4,9374
2026-05-01 15:21:34.406,55212,ESTAB,prague,228,27.981,11.614,20.016,1448,5,7240,5792,9200786,9200786,33920,NaN,6457,3750,6456,83,NaN,NaN,2144240,548704,6457,72704,43520,NaN,NaN
2026-05-01 15:21:34.669,55212,ESTAB,prague,228,27.981,11.614,20.016,1448,5,7240,5792,9200786,9200786,33920,NaN,6457,3750,6456,83,NaN,NaN,2144240,548704,6457,72704,43520,NaN,NaN
2026-05-01 15:21:34.930,55212,ESTAB,prague,228,27.981,11.614,20.016,1448,5,7240,5792,9200786,9200786,33920,NaN,6457,3750,6456,83,NaN,NaN,2144240,548704,6457,72704,43520,NaN,NaN
2026-05-01 15:21:35.191,55212,ESTAB,prague,228,27.981,11.614,20.016,1448,5,7240,5792,9200786,9200786,33920,NaN,6457,3750,6456,83,NaN,NaN,2144240,548704,6457,72704,43520,NaN,NaN
2026-05-01 15:21:35.452,55212,ESTAB,prague,228,27.981,11.614,20.016,1448,5,7240,5792,9200786,9200786,33920,NaN,6457,3750,6456,83,NaN,NaN,2144240,548704,6457,72704,43520,NaN,NaN
2026-05-01 15:21:35.718,55212,ESTAB,prague,228,27.981,11.614,20.016,1448,5,7240,5792,9200786,9200786,33920,NaN,6457,3750,6456,83,NaN,NaN,2144240,548704,6457,72704,43520,NaN,NaN
2026-05-01 15:21:36.000,55212,ESTAB,prague,224,23.866,3.86,20.016,1448,5,7240,5792,9230953,9225209,34744,NaN,6479,3766,6478,85,NaN,NaN,2514000,1967720,6475,72192,43520,4,52286
2026-05-01 15:21:36.263,55212,ESTAB,prague,224,21.876,1.592,20.016,1448,5,7240,5792,9298062,9295573,34744,NaN,6526,3802,6525,85,NaN,NaN,2742600,2066720,6524,72192,43520,2,NaN
2026-05-01 15:21:36.524,55212,ESTAB,prague,228,26.939,10.988,20.016,1448,5,7240,5792,9298062,9298062,34744,NaN,6526,3804,6525,85,NaN,NaN,2227200,748216,6526,72704,43520,NaN,NaN
2026-05-01 15:21:36.786,55212,ESTAB,prague,228,26.939,10.988,20.016,1448,5,7240,5792,9298062,9298062,34744,NaN,6526,3804,6525,85,NaN,NaN,2227200,748216,6526,72704,43520,NaN,NaN
2026-05-01 15:21:37.048,55212,ESTAB,prague,228,26.939,10.988,20.016,1448,5,7240,5792,9298062,9298062,34744,NaN,6526,3804,6525,85,NaN,NaN,2227200,748216,6526,72704,43520,NaN,NaN
2026-05-01 15:21:37.323,55212,ESTAB,prague,228,26.939,10.988,20.016,1448,5,7240,5792,9298062,9298062,34744,NaN,6526,3804,6525,85,NaN,NaN,2227200,748216,6526,72704,43520,NaN,NaN
2026-05-01 15:21:37.598,55212,ESTAB,prague,228,26.939,10.988,20.016,1448,5,7240,5792,9298062,9298062,34744,NaN,6526,3804,6525,85,NaN,NaN,2227200,748216,6526,72704,43520,NaN,NaN
2026-05-01 15:21:37.857,55212,ESTAB,prague,228,26.939,10.988,20.016,1448,5,7240,5792,9298062,9298062,34744,NaN,6526,3804,6525,85,NaN,NaN,2227200,748216,6526,72704,43520,NaN,NaN
2026-05-01 15:21:38.116,55212,ESTAB,prague,224,22.618,2.429,20.016,1448,5,7240,7240,9352641,9346897,35568,NaN,6565,3832,6564,87,NaN,NaN,2652720,2777400,6561,72192,43520,4,16974
2026-05-01 15:21:38.379,55212,ESTAB,prague,224,23.213,2.672,20.016,1448,5,7240,5792,9369615,9369615,35568,NaN,6577,3843,6576,87,NaN,NaN,2584680,2572048,6577,72192,43520,NaN,NaN
2026-05-01 15:21:38.641,55212,ESTAB,prague,224,23.213,2.672,20.016,1448,5,7240,5792,9369615,9369615,35568,NaN,6577,3843,6576,87,NaN,NaN,2584680,2572048,6577,72192,43520,NaN,NaN
2026-05-01 15:21:38.892,55212,ESTAB,prague,224,23.213,2.672,20.016,1448,5,7240,5792,9369615,9369615,35568,NaN,6577,3843,6576,87,NaN,NaN,2584680,2572048,6577,72192,43520,NaN,NaN
2026-05-01 15:21:39.140,55212,ESTAB,prague,224,23.213,2.672,20.016,1448,5,7240,5792,9369615,9369615,35568,NaN,6577,3843,6576,87,NaN,NaN,2584680,2572048,6577,72192,43520,NaN,NaN
2026-05-01 15:21:39.398,55212,ESTAB,prague,224,23.213,2.672,20.016,1448,5,7240,5792,9369615,9369615,35568,NaN,6577,3843,6576,87,NaN,NaN,2584680,2572048,6577,72192,43520,NaN,NaN
2026-05-01 15:21:39.659,55212,ESTAB,prague,224,23.213,2.672,20.016,1448,5,7240,5792,9369615,9369615,35568,NaN,6577,3843,6576,87,NaN,NaN,2584680,2572048,6577,72192,43520,NaN,NaN
2026-05-01 15:21:39.908,55212,ESTAB,prague,224,23.213,2.672,20.016,1448,5,7240,5792,9369615,9369615,35568,NaN,6577,3843,6576,87,NaN,NaN,2584680,2572048,6577,72192,43520,NaN,NaN
2026-05-01 15:21:40.169,55212,ESTAB,prague,224,23.563,2.369,20.016,1448,5,7240,5792,9422758,9417014,36392,NaN,6615,3868,6614,89,NaN,NaN,2546240,2063320,6611,72192,43520,4,30718
2026-05-01 15:21:40.433,55212,ESTAB,prague,228,27.688,11.258,20.016,1448,5,7240,5792,9453476,9453476,36392,NaN,6637,3887,6636,89,NaN,NaN,2166920,823152,6637,72704,43520,NaN,NaN
2026-05-01 15:21:40.691,55212,ESTAB,prague,228,27.688,11.258,20.016,1448,5,7240,5792,9453476,9453476,36392,NaN,6637,3887,6636,89,NaN,NaN,2166920,823152,6637,72704,43520,NaN,NaN
2026-05-01 15:21:40.947,55212,ESTAB,prague,228,27.688,11.258,20.016,1448,5,7240,5792,9453476,9453476,36392,NaN,6637,3887,6636,89,NaN,NaN,2166920,823152,6637,72704,43520,NaN,NaN
2026-05-01 15:21:41.214,55212,ESTAB,prague,228,27.688,11.258,20.016,1448,5,7240,5792,9453476,9453476,36392,NaN,6637,3887,6636,89,NaN,NaN,2166920,823152,6637,72704,43520,NaN,NaN
2026-05-01 15:21:41.487,55212,ESTAB,prague,228,27.688,11.258,20.016,1448,5,7240,5792,9453476,9453476,36392,NaN,6637,3887,6636,89,NaN,NaN,2166920,823152,6637,72704,43520,NaN,NaN
2026-05-01 15:21:41.752,55212,ESTAB,prague,228,27.688,11.258,20.016,1448,5,7240,5792,9453476,9453476,36392,NaN,6637,3887,6636,89,NaN,NaN,2166920,823152,6637,72704,43520,NaN,NaN
2026-05-01 15:21:42.025,55212,ESTAB,prague,228,25.523,8.062,20.016,1448,4,5792,5792,9460667,9456359,37216,NaN,6643,3892,6642,91,NaN,NaN,1837736,1212088,6640,72704,43520,3,104848
2026-05-01 15:21:42.284,55212,ESTAB,prague,224,23.823,1.948,20.016,1448,5,7240,5792,9523851,9516671,37216,NaN,6687,3920,6686,91,NaN,NaN,2518560,2098088,6682,72192,43520,5,41664
2026-05-01 15:21:42.535,55212,ESTAB,prague,228,24.027,2.048,20.016,1448,5,7240,5792,9565515,9565515,37216,NaN,6717,3942,6716,91,NaN,NaN,2497080,1865312,6717,72704,43520,NaN,NaN
2026-05-01 15:21:42.771,55212,ESTAB,prague,228,24.027,2.048,20.016,1448,5,7240,5792,9565515,9565515,37216,NaN,6717,3942,6716,91,NaN,NaN,2497080,1865312,6717,72704,43520,NaN,NaN
2026-05-01 15:21:43.019,55212,ESTAB,prague,228,24.027,2.048,20.016,1448,5,7240,5792,9565515,9565515,37216,NaN,6717,3942,6716,91,NaN,NaN,2497080,1865312,6717,72704,43520,NaN,NaN
2026-05-01 15:21:43.271,55212,ESTAB,prague,228,24.027,2.048,20.016,1448,5,7240,5792,9565515,9565515,37216,NaN,6717,3942,6716,91,NaN,NaN,2497080,1865312,6717,72704,43520,NaN,NaN
2026-05-01 15:21:43.529,55212,ESTAB,prague,228,24.027,2.048,20.016,1448,5,7240,5792,9565515,9565515,37216,NaN,6717,3942,6716,91,NaN,NaN,2497080,1865312,6717,72704,43520,NaN,NaN
2026-05-01 15:21:43.796,55212,ESTAB,prague,228,24.027,2.048,20.016,1448,5,7240,5792,9565515,9565515,37216,NaN,6717,3942,6716,91,NaN,NaN,2497080,1865312,6717,72704,43520,NaN,NaN
2026-05-01 15:21:44.061,55212,ESTAB,prague,228,24.841,2.701,20.016,1448,4,5792,5792,9572706,9568398,38040,NaN,6723,3945,6722,93,NaN,NaN,2046624,1865312,6720,72704,43520,3,75796
2026-05-01 15:21:44.328,55212,ESTAB,prague,224,23.374,2.206,20.016,1448,5,7240,5792,9643070,9637326,38040,NaN,6772,3977,6771,93,NaN,NaN,2566840,2228632,6768,72192,43520,4,5432
2026-05-01 15:21:44.598,55212,ESTAB,prague,232,28.233,12.676,20.016,1448,5,7240,5792,9648502,9648502,38040,NaN,6776,3984,6775,93,NaN,NaN,2196968,814784,6776,72704,43520,NaN,NaN
2026-05-01 15:21:44.845,55212,ESTAB,prague,232,28.233,12.676,20.016,1448,5,7240,5792,9648502,9648502,38040,NaN,6776,3984,6775,93,NaN,NaN,2196968,814784,6776,72704,43520,NaN,NaN
2026-05-01 15:21:45.078,55212,ESTAB,prague,232,28.233,12.676,20.016,1448,5,7240,5792,9648502,9648502,38040,NaN,6776,3984,6775,93,NaN,NaN,2196968,814784,6776,72704,43520,NaN,NaN
2026-05-01 15:21:45.312,55212,ESTAB,prague,232,28.233,12.676,20.016,1448,5,7240,5792,9648502,9648502,38040,NaN,6776,3984,6775,93,NaN,NaN,2196968,814784,6776,72704,43520,NaN,NaN
2026-05-01 15:21:45.550,55212,ESTAB,prague,232,28.233,12.676,20.016,1448,5,7240,5792,9648502,9648502,38040,NaN,6776,3984,6775,93,NaN,NaN,2196968,814784,6776,72704,43520,NaN,NaN
2026-05-01 15:21:45.810,55212,ESTAB,prague,232,28.233,12.676,20.016,1448,5,7240,5792,9648502,9648502,38040,NaN,6776,3984,6775,93,NaN,NaN,2196968,814784,6776,72704,43520,NaN,NaN
2026-05-01 15:21:46.084,55212,ESTAB,prague,228,25.867,8.954,20.016,1448,4,5792,5792,9651385,9651385,38448,NaN,6779,3988,6778,94,NaN,NaN,1805096,1213192,6779,72704,43520,NaN,NaN
2026-05-01 15:21:46.346,55212,ESTAB,prague,228,24.496,4.782,20.016,1448,4,5792,4344,9695901,9690157,38864,NaN,6811,4010,6810,95,NaN,NaN,2088336,1835304,6807,72192,43520,4,50527
2026-05-01 15:21:46.614,55212,ESTAB,prague,228,24.51,2.505,20.016,1448,5,7240,5792,9746428,9746161,38864,NaN,6847,4035,6846,95,NaN,NaN,2110352,2392992,6846,72192,43520,1,NaN
2026-05-01 15:21:46.866,55212,ESTAB,prague,232,29.441,11.741,20.016,1448,5,7240,5792,9746428,9746428,38864,NaN,6847,4036,6846,95,NaN,NaN,2037920,724336,6847,72704,43520,NaN,NaN
2026-05-01 15:21:47.110,55212,ESTAB,prague,232,29.441,11.741,20.016,1448,5,7240,5792,9746428,9746428,38864,NaN,6847,4036,6846,95,NaN,NaN,2037920,724336,6847,72704,43520,NaN,NaN
2026-05-01 15:21:47.364,55212,ESTAB,prague,232,29.441,11.741,20.016,1448,5,7240,5792,9746428,9746428,38864,NaN,6847,4036,6846,95,NaN,NaN,2037920,724336,6847,72704,43520,NaN,NaN
2026-05-01 15:21:47.617,55212,ESTAB,prague,232,29.441,11.741,20.016,1448,5,7240,5792,9746428,9746428,38864,NaN,6847,4036,6846,95,NaN,NaN,2037920,724336,6847,72704,43520,NaN,NaN
2026-05-01 15:21:47.874,55212,ESTAB,prague,232,29.441,11.741,20.016,1448,5,7240,5792,9746428,9746428,38864,NaN,6847,4036,6846,95,NaN,NaN,2037920,724336,6847,72704,43520,NaN,NaN
2026-05-01 15:21:48.145,55212,ESTAB,prague,228,26.855,8.832,20.016,1448,4,5792,5792,9753619,9749311,39688,NaN,6853,4041,6852,97,NaN,NaN,1741272,1158128,6850,72704,43520,3,87217
2026-05-01 15:21:48.404,55212,ESTAB,prague,224,23.554,2.245,20.016,1448,5,7240,5792,9826855,9819675,39688,NaN,6904,4075,6903,97,NaN,NaN,2547280,2194144,6899,72192,43520,5,13981
2026-05-01 15:21:48.676,55212,ESTAB,prague,228,25.233,3.215,20.016,1448,5,7240,7240,9840836,9840836,39688,NaN,6914,4083,6913,97,NaN,NaN,2377800,2617552,6914,72192,43520,NaN,NaN
2026-05-01 15:21:48.938,55212,ESTAB,prague,228,25.233,3.215,20.016,1448,5,7240,7240,9840836,9840836,39688,NaN,6914,4083,6913,97,NaN,NaN,2377800,2617552,6914,72192,43520,NaN,NaN
2026-05-01 15:21:49.200,55212,ESTAB,prague,228,25.233,3.215,20.016,1448,5,7240,7240,9840836,9840836,39688,NaN,6914,4083,6913,97,NaN,NaN,2377800,2617552,6914,72192,43520,NaN,NaN
2026-05-01 15:21:49.462,55212,ESTAB,prague,228,25.233,3.215,20.016,1448,5,7240,7240,9840836,9840836,39688,NaN,6914,4083,6913,97,NaN,NaN,2377800,2617552,6914,72192,43520,NaN,NaN
2026-05-01 15:21:49.723,55212,ESTAB,prague,228,25.233,3.215,20.016,1448,5,7240,7240,9840836,9840836,39688,NaN,6914,4083,6913,97,NaN,NaN,2377800,2617552,6914,72192,43520,NaN,NaN
2026-05-01 15:21:49.984,55212,ESTAB,prague,228,25.233,3.215,20.016,1448,5,7240,7240,9840836,9840836,39688,NaN,6914,4083,6913,97,NaN,NaN,2377800,2617552,6914,72192,43520,NaN,NaN
2026-05-01 15:21:50.227,55212,ESTAB,prague,224,23.389,2.296,20.016,1448,5,7240,5792,9860951,9853771,40512,NaN,6929,4092,6928,99,NaN,NaN,2565200,2056264,6924,72192,43520,5,88934
2026-05-01 15:21:50.500,55212,ESTAB,prague,224,23.82,2.434,20.016,1448,6,8688,7240,9935623,9929879,40512,NaN,6981,4125,6980,99,NaN,NaN,3022560,2393784,6977,72192,43520,4,14262
2026-05-01 15:21:50.763,55212,ESTAB,prague,228,25.001,4.355,20.016,1448,5,7240,7240,9949885,9949885,40512,NaN,6991,4134,6990,99,NaN,NaN,2399880,2323952,6991,72192,43520,NaN,NaN
2026-05-01 15:21:51.008,55212,ESTAB,prague,228,25.001,4.355,20.016,1448,5,7240,7240,9949885,9949885,40512,NaN,6991,4134,6990,99,NaN,NaN,2399880,2323952,6991,72192,43520,NaN,NaN
2026-05-01 15:21:51.282,55212,ESTAB,prague,228,25.001,4.355,20.016,1448,5,7240,7240,9949885,9949885,40512,NaN,6991,4134,6990,99,NaN,NaN,2399880,2323952,6991,72192,43520,NaN,NaN
2026-05-01 15:21:51.549,55212,ESTAB,prague,228,25.001,4.355,20.016,1448,5,7240,7240,9949885,9949885,40512,NaN,6991,4134,6990,99,NaN,NaN,2399880,2323952,6991,72192,43520,NaN,NaN
2026-05-01 15:21:51.809,55212,ESTAB,prague,228,25.001,4.355,20.016,1448,5,7240,7240,9949885,9949885,40512,NaN,6991,4134,6990,99,NaN,NaN,2399880,2323952,6991,72192,43520,NaN,NaN
2026-05-01 15:21:52.066,55212,ESTAB,prague,228,25.001,4.355,20.016,1448,5,7240,7240,9949885,9949885,40512,NaN,6991,4134,6990,99,NaN,NaN,2399880,2323952,6991,72192,43520,NaN,NaN
2026-05-01 15:21:52.323,55212,ESTAB,prague,224,22.916,1.919,20.016,1448,5,7240,7240,9988668,9982924,41336,NaN,7019,4153,7018,101,NaN,NaN,2618240,2662616,7015,72192,43520,4,65388
2026-05-01 15:21:52.589,55212,ESTAB,prague,224,23.747,2.52,20.016,1448,5,7240,7240,10054056,10054056,41336,NaN,7065,4184,7064,101,NaN,NaN,2526560,2573528,7065,72192,43520,NaN,NaN
2026-05-01 15:21:52.842,55212,ESTAB,prague,224,23.747,2.52,20.016,1448,5,7240,7240,10054056,10054056,41336,NaN,7065,4184,7064,101,NaN,NaN,2526560,2573528,7065,72192,43520,NaN,NaN
2026-05-01 15:21:53.103,55212,ESTAB,prague,224,23.747,2.52,20.016,1448,5,7240,7240,10054056,10054056,41336,NaN,7065,4184,7064,101,NaN,NaN,2526560,2573528,7065,72192,43520,NaN,NaN
2026-05-01 15:21:53.358,55212,ESTAB,prague,224,23.747,2.52,20.016,1448,5,7240,7240,10054056,10054056,41336,NaN,7065,4184,7064,101,NaN,NaN,2526560,2573528,7065,72192,43520,NaN,NaN
2026-05-01 15:21:53.635,55212,ESTAB,prague,224,23.747,2.52,20.016,1448,5,7240,7240,10054056,10054056,41336,NaN,7065,4184,7064,101,NaN,NaN,2526560,2573528,7065,72192,43520,NaN,NaN
2026-05-01 15:21:53.893,55212,ESTAB,prague,224,23.747,2.52,20.016,1448,5,7240,7240,10054056,10054056,41336,NaN,7065,4184,7064,101,NaN,NaN,2526560,2573528,7065,72192,43520,NaN,NaN
2026-05-01 15:21:54.140,55212,ESTAB,prague,224,23.747,2.52,20.016,1448,5,7240,7240,10054056,10054056,41336,NaN,7065,4184,7064,101,NaN,NaN,2526560,2573528,7065,72192,43520,NaN,NaN
2026-05-01 15:21:54.402,55212,ESTAB,prague,224,22.441,1.83,20.016,1448,5,7240,7240,10102891,10095711,42160,NaN,7100,4208,7099,103,NaN,NaN,2673640,2236400,7095,72192,43520,5,58898
2026-05-01 15:21:54.653,55212,ESTAB,prague,224,23.081,2.997,20.016,1448,5,7240,5792,10161789,10161789,42160,NaN,7142,4240,7141,103,NaN,NaN,2599480,2168576,7142,72704,43520,NaN,NaN
2026-05-01 15:21:54.905,55212,ESTAB,prague,224,23.081,2.997,20.016,1448,5,7240,5792,10161789,10161789,42160,NaN,7142,4240,7141,103,NaN,NaN,2599480,2168576,7142,72704,43520,NaN,NaN
2026-05-01 15:21:55.159,55212,ESTAB,prague,224,23.081,2.997,20.016,1448,5,7240,5792,10161789,10161789,42160,NaN,7142,4240,7141,103,NaN,NaN,2599480,2168576,7142,72704,43520,NaN,NaN
2026-05-01 15:21:55.426,55212,ESTAB,prague,224,23.081,2.997,20.016,1448,5,7240,5792,10161789,10161789,42160,NaN,7142,4240,7141,103,NaN,NaN,2599480,2168576,7142,72704,43520,NaN,NaN
2026-05-01 15:21:55.687,55212,ESTAB,prague,224,23.081,2.997,20.016,1448,5,7240,5792,10161789,10161789,42160,NaN,7142,4240,7141,103,NaN,NaN,2599480,2168576,7142,72704,43520,NaN,NaN
2026-05-01 15:21:55.949,55212,ESTAB,prague,224,23.081,2.997,20.016,1448,5,7240,5792,10161789,10161789,42160,NaN,7142,4240,7141,103,NaN,NaN,2599480,2168576,7142,72704,43520,NaN,NaN
2026-05-01 15:21:56.211,55212,ESTAB,prague,224,23.081,2.997,20.016,1448,5,7240,5792,10161789,10161789,42160,NaN,7142,4240,7141,103,NaN,NaN,2599480,2168576,7142,72704,43520,NaN,NaN
2026-05-01 15:21:56.472,55212,ESTAB,prague,228,24.048,1.491,20.016,1448,5,7240,7240,10223548,10217804,42984,NaN,7186,4266,7185,105,NaN,NaN,2494880,2579144,7182,72192,43520,4,50707
2026-05-01 15:21:56.734,55212,ESTAB,prague,228,24.056,1.673,20.016,1448,4,5792,5792,10274255,10274255,42984,NaN,7222,4293,7221,105,NaN,NaN,1995328,2358208,7222,72704,43520,NaN,NaN
2026-05-01 15:21:56.995,55212,ESTAB,prague,228,24.056,1.673,20.016,1448,4,5792,5792,10274255,10274255,42984,NaN,7222,4293,7221,105,NaN,NaN,1995328,2358208,7222,72704,43520,NaN,NaN
2026-05-01 15:21:57.255,55212,ESTAB,prague,228,24.056,1.673,20.016,1448,4,5792,5792,10274255,10274255,42984,NaN,7222,4293,7221,105,NaN,NaN,1995328,2358208,7222,72704,43520,NaN,NaN
2026-05-01 15:21:57.516,55212,ESTAB,prague,228,24.056,1.673,20.016,1448,4,5792,5792,10274255,10274255,42984,NaN,7222,4293,7221,105,NaN,NaN,1995328,2358208,7222,72704,43520,NaN,NaN
2026-05-01 15:21:57.778,55212,ESTAB,prague,228,24.056,1.673,20.016,1448,4,5792,5792,10274255,10274255,42984,NaN,7222,4293,7221,105,NaN,NaN,1995328,2358208,7222,72704,43520,NaN,NaN
2026-05-01 15:21:58.038,55212,ESTAB,prague,228,24.056,1.673,20.016,1448,4,5792,5792,10274255,10274255,42984,NaN,7222,4293,7221,105,NaN,NaN,1995328,2358208,7222,72704,43520,NaN,NaN
2026-05-01 15:21:58.295,55212,ESTAB,prague,228,24.056,1.673,20.016,1448,4,5792,5792,10277138,10274255,43392,NaN,7225,4294,7224,106,NaN,NaN,1995328,2358208,7222,72704,43520,3,NaN
2026-05-01 15:21:58.552,55212,ESTAB,prague,228,24.087,1.874,20.016,1448,4,5792,5792,10328834,10323090,43808,NaN,7261,4317,7260,107,NaN,NaN,1992704,1899560,7257,72192,43520,4,58660
2026-05-01 15:21:58.809,55212,ESTAB,prague,224,22.835,1.909,20.016,1448,5,7240,7240,10387494,10387494,43808,NaN,7302,4346,7301,107,NaN,NaN,2627480,2225760,7302,72192,43520,NaN,NaN
2026-05-01 15:21:59.067,55212,ESTAB,prague,224,22.835,1.909,20.016,1448,5,7240,7240,10387494,10387494,43808,NaN,7302,4346,7301,107,NaN,NaN,2627480,2225760,7302,72192,43520,NaN,NaN
2026-05-01 15:21:59.325,55212,ESTAB,prague,224,22.835,1.909,20.016,1448,5,7240,7240,10387494,10387494,43808,NaN,7302,4346,7301,107,NaN,NaN,2627480,2225760,7302,72192,43520,NaN,NaN
2026-05-01 15:21:59.592,55212,ESTAB,prague,224,22.835,1.909,20.016,1448,5,7240,7240,10387494,10387494,43808,NaN,7302,4346,7301,107,NaN,NaN,2627480,2225760,7302,72192,43520,NaN,NaN
2026-05-01 15:21:59.863,55212,ESTAB,prague,224,22.835,1.909,20.016,1448,5,7240,7240,10387494,10387494,43808,NaN,7302,4346,7301,107,NaN,NaN,2627480,2225760,7302,72192,43520,NaN,NaN
2026-05-01 15:22:00.106,55212,ESTAB,prague,224,22.835,1.909,20.016,1448,5,7240,7240,10387494,10387494,43808,NaN,7302,4346,7301,107,NaN,NaN,2627480,2225760,7302,72192,43520,NaN,NaN
2026-05-01 15:22:00.350,55212,ESTAB,prague,224,23.09,2.199,20.016,1448,5,7240,5792,10390377,10390377,44216,NaN,7305,4349,7304,108,NaN,NaN,2184464,2225760,7305,72704,43520,NaN,NaN
2026-05-01 15:22:00.608,55212,ESTAB,prague,224,22.256,1.287,20.016,1448,5,7240,7240,10466485,10460741,44632,NaN,7358,4385,7357,109,NaN,NaN,2695800,2779400,7354,72192,45568,4,31369
2026-05-01 15:22:00.876,55212,ESTAB,prague,232,28.697,12.371,20.016,1448,5,7240,7240,10497854,10497854,44632,NaN,7380,4402,7379,109,NaN,NaN,2090760,861400,7380,72704,45568,NaN,NaN
2026-05-01 15:22:01.129,55212,ESTAB,prague,232,28.697,12.371,20.016,1448,5,7240,7240,10497854,10497854,44632,NaN,7380,4402,7379,109,NaN,NaN,2090760,861400,7380,72704,45568,NaN,NaN
2026-05-01 15:22:01.399,55212,ESTAB,prague,232,28.697,12.371,20.016,1448,5,7240,7240,10497854,10497854,44632,NaN,7380,4402,7379,109,NaN,NaN,2090760,861400,7380,72704,45568,NaN,NaN
2026-05-01 15:22:01.662,55212,ESTAB,prague,232,28.697,12.371,20.016,1448,5,7240,7240,10497854,10497854,44632,NaN,7380,4402,7379,109,NaN,NaN,2090760,861400,7380,72704,45568,NaN,NaN
2026-05-01 15:22:01.913,55212,ESTAB,prague,232,28.697,12.371,20.016,1448,5,7240,7240,10497854,10497854,44632,NaN,7380,4402,7379,109,NaN,NaN,2090760,861400,7380,72704,45568,NaN,NaN
2026-05-01 15:22:02.155,55212,ESTAB,prague,232,28.697,12.371,20.016,1448,5,7240,7240,10497854,10497854,44632,NaN,7380,4402,7379,109,NaN,NaN,2090760,861400,7380,72704,45568,NaN,NaN
2026-05-01 15:22:02.411,55212,ESTAB,prague,228,25.846,7.37,20.016,1448,4,5792,5792,10507917,10503609,45456,NaN,7388,4408,7387,111,NaN,NaN,2092792,1186880,7385,72704,51200,3,34183
2026-05-01 15:22:02.655,55212,ESTAB,prague,228,25.234,4.534,20.016,1448,5,7240,5792,10542100,10542100,45456,NaN,7412,4427,7411,111,NaN,NaN,2377720,2062120,7412,72192,51200,NaN,NaN
2026-05-01 15:22:02.896,55212,ESTAB,prague,228,25.234,4.534,20.016,1448,5,7240,5792,10542100,10542100,45456,NaN,7412,4427,7411,111,NaN,NaN,2377720,2062120,7412,72192,51200,NaN,NaN
2026-05-01 15:22:03.126,55212,ESTAB,prague,228,25.234,4.534,20.016,1448,5,7240,5792,10542100,10542100,45456,NaN,7412,4427,7411,111,NaN,NaN,2377720,2062120,7412,72192,51200,NaN,NaN
2026-05-01 15:22:03.371,55212,ESTAB,prague,228,25.234,4.534,20.016,1448,5,7240,5792,10542100,10542100,45456,NaN,7412,4427,7411,111,NaN,NaN,2377720,2062120,7412,72192,51200,NaN,NaN
2026-05-01 15:22:03.620,55212,ESTAB,prague,228,25.234,4.534,20.016,1448,5,7240,5792,10542100,10542100,45456,NaN,7412,4427,7411,111,NaN,NaN,2377720,2062120,7412,72192,51200,NaN,NaN
2026-05-01 15:22:03.859,55212,ESTAB,prague,228,25.234,4.534,20.016,1448,5,7240,5792,10542100,10542100,45456,NaN,7412,4427,7411,111,NaN,NaN,2377720,2062120,7412,72192,51200,NaN,NaN
2026-05-01 15:22:04.099,55212,ESTAB,prague,228,25.234,4.534,20.016,1448,5,7240,5792,10542100,10542100,45456,NaN,7412,4427,7411,111,NaN,NaN,2377720,2062120,7412,72192,51200,NaN,NaN
2026-05-01 15:22:04.338,55212,ESTAB,prague,228,25.234,4.534,20.016,1448,5,7240,5792,10542100,10542100,45456,NaN,7412,4427,7411,111,NaN,NaN,2377720,2062120,7412,72192,51200,NaN,NaN
2026-05-01 15:22:04.585,55212,ESTAB,prague,224,23.545,2.674,20.016,1448,5,7240,5792,10588063,10580883,46280,NaN,7445,4447,7444,113,NaN,NaN,2548280,1889720,7440,72192,56832,5,10271
2026-05-01 15:22:04.846,55212,ESTAB,prague,224,23.207,2.194,20.016,1448,5,7240,5792,10598334,10598334,46280,NaN,7453,4456,7452,113,NaN,NaN,2585320,1857600,7453,72704,56832,NaN,NaN
2026-05-01 15:22:05.108,55212,ESTAB,prague,224,23.207,2.194,20.016,1448,5,7240,5792,10598334,10598334,46280,NaN,7453,4456,7452,113,NaN,NaN,2585320,1857600,7453,72704,56832,NaN,NaN
2026-05-01 15:22:05.386,55212,ESTAB,prague,224,23.207,2.194,20.016,1448,5,7240,5792,10598334,10598334,46280,NaN,7453,4456,7452,113,NaN,NaN,2585320,1857600,7453,72704,56832,NaN,NaN
2026-05-01 15:22:05.648,55212,ESTAB,prague,224,23.207,2.194,20.016,1448,5,7240,5792,10598334,10598334,46280,NaN,7453,4456,7452,113,NaN,NaN,2585320,1857600,7453,72704,56832,NaN,NaN
2026-05-01 15:22:05.905,55212,ESTAB,prague,224,23.207,2.194,20.016,1448,5,7240,5792,10598334,10598334,46280,NaN,7453,4456,7452,113,NaN,NaN,2585320,1857600,7453,72704,56832,NaN,NaN
2026-05-01 15:22:06.166,55212,ESTAB,prague,224,23.207,2.194,20.016,1448,5,7240,5792,10598334,10598334,46280,NaN,7453,4456,7452,113,NaN,NaN,2585320,1857600,7453,72704,56832,NaN,NaN
2026-05-01 15:22:06.439,55212,ESTAB,prague,224,23.207,2.194,20.016,1448,5,7240,5792,10601217,10598334,46688,NaN,7456,4457,7455,114,NaN,NaN,2585320,1857600,7453,72704,59904,3,NaN
2026-05-01 15:22:06.691,55212,ESTAB,prague,224,23.599,2.433,20.016,1448,5,7240,5792,10660093,10654349,47104,NaN,7497,4483,7496,115,NaN,NaN,2542480,1958208,7493,72192,62976,4,54068
2026-05-01 15:22:06.940,55212,ESTAB,prague,228,25.054,2.684,20.016,1448,4,5792,5792,10714161,10713225,47104,NaN,7535,4511,7534,115,NaN,NaN,1991000,2040152,7534,72192,62976,1,NaN
2026-05-01 15:22:07.197,55212,ESTAB,prague,232,29.516,10.936,20.016,1448,5,7240,5792,10714161,10714161,47104,NaN,7535,4512,7534,115,NaN,NaN,2207376,853408,7535,72704,62976,NaN,NaN
2026-05-01 15:22:07.464,55212,ESTAB,prague,232,29.516,10.936,20.016,1448,5,7240,5792,10714161,10714161,47104,NaN,7535,4512,7534,115,NaN,NaN,2207376,853408,7535,72704,62976,NaN,NaN
2026-05-01 15:22:07.739,55212,ESTAB,prague,232,29.516,10.936,20.016,1448,5,7240,5792,10714161,10714161,47104,NaN,7535,4512,7534,115,NaN,NaN,2207376,853408,7535,72704,62976,NaN,NaN
2026-05-01 15:22:08.002,55212,ESTAB,prague,232,29.516,10.936,20.016,1448,5,7240,5792,10714161,10714161,47104,NaN,7535,4512,7534,115,NaN,NaN,2207376,853408,7535,72704,62976,NaN,NaN
2026-05-01 15:22:08.259,55212,ESTAB,prague,232,29.516,10.936,20.016,1448,5,7240,5792,10714161,10714161,47104,NaN,7535,4512,7534,115,NaN,NaN,2207376,853408,7535,72704,62976,NaN,NaN
2026-05-01 15:22:08.516,55212,ESTAB,prague,228,26.717,8.892,20.016,1448,4,5792,5792,10721352,10717044,47928,NaN,7541,4517,7540,117,NaN,NaN,1789816,1241760,7538,72704,68608,3,103226
2026-05-01 15:22:08.782,55212,ESTAB,prague,224,22.582,1.913,20.016,1448,5,7240,5792,10793152,10785972,47928,NaN,7591,4550,7590,117,NaN,NaN,2656960,2235208,7586,72192,68608,5,31426
2026-05-01 15:22:09.055,55212,ESTAB,prague,224,22.995,2.713,20.016,1448,5,7240,7240,10824578,10824578,47928,NaN,7613,4570,7612,117,NaN,NaN,2609240,2230904,7613,72192,68608,NaN,NaN
2026-05-01 15:22:09.312,55212,ESTAB,prague,224,22.995,2.713,20.016,1448,5,7240,7240,10824578,10824578,47928,NaN,7613,4570,7612,117,NaN,NaN,2609240,2230904,7613,72192,68608,NaN,NaN
2026-05-01 15:22:09.579,55212,ESTAB,prague,224,22.995,2.713,20.016,1448,5,7240,7240,10824578,10824578,47928,NaN,7613,4570,7612,117,NaN,NaN,2609240,2230904,7613,72192,68608,NaN,NaN
2026-05-01 15:22:09.845,55212,ESTAB,prague,224,22.995,2.713,20.016,1448,5,7240,7240,10824578,10824578,47928,NaN,7613,4570,7612,117,NaN,NaN,2609240,2230904,7613,72192,68608,NaN,NaN
2026-05-01 15:22:10.108,55212,ESTAB,prague,224,22.995,2.713,20.016,1448,5,7240,7240,10824578,10824578,47928,NaN,7613,4570,7612,117,NaN,NaN,2609240,2230904,7613,72192,68608,NaN,NaN
2026-05-01 15:22:10.374,55212,ESTAB,prague,224,22.995,2.713,20.016,1448,5,7240,7240,10824578,10824578,47928,NaN,7613,4570,7612,117,NaN,NaN,2609240,2230904,7613,72192,68608,NaN,NaN
2026-05-01 15:22:10.636,55212,ESTAB,prague,224,22.685,2.383,20.016,1448,4,5792,5792,10856181,10850437,48752,NaN,7636,4586,7635,119,NaN,NaN,2115904,2392000,7632,72192,74240,4,77088
2026-05-01 15:22:10.895,55212,ESTAB,prague,228,24.272,2.91,20.016,1448,4,5792,5792,10925109,10919365,48752,NaN,7684,4617,7683,119,NaN,NaN,1977568,1910600,7680,72192,74240,4,8160
2026-05-01 15:22:11.150,55212,ESTAB,prague,224,23.073,2.602,20.016,1448,4,5792,5792,10933269,10933269,48752,NaN,7690,4625,7689,119,NaN,NaN,2080288,2060744,7690,72192,74240,NaN,NaN
2026-05-01 15:22:11.423,55212,ESTAB,prague,224,23.073,2.602,20.016,1448,4,5792,5792,10933269,10933269,48752,NaN,7690,4625,7689,119,NaN,NaN,2080288,2060744,7690,72192,74240,NaN,NaN
2026-05-01 15:22:11.685,55212,ESTAB,prague,224,23.073,2.602,20.016,1448,4,5792,5792,10933269,10933269,48752,NaN,7690,4625,7689,119,NaN,NaN,2080288,2060744,7690,72192,74240,NaN,NaN
2026-05-01 15:22:11.947,55212,ESTAB,prague,224,23.073,2.602,20.016,1448,4,5792,5792,10933269,10933269,48752,NaN,7690,4625,7689,119,NaN,NaN,2080288,2060744,7690,72192,74240,NaN,NaN
2026-05-01 15:22:12.199,55212,ESTAB,prague,224,23.073,2.602,20.016,1448,4,5792,5792,10933269,10933269,48752,NaN,7690,4625,7689,119,NaN,NaN,2080288,2060744,7690,72192,74240,NaN,NaN
2026-05-01 15:22:12.452,55212,ESTAB,prague,224,23.073,2.602,20.016,1448,4,5792,5792,10933269,10933269,48752,NaN,7690,4625,7689,119,NaN,NaN,2080288,2060744,7690,72192,74240,NaN,NaN
2026-05-01 15:22:12.726,55212,ESTAB,prague,228,24.146,2.525,20.016,1448,4,5792,5792,10967744,10962000,49576,NaN,7715,4640,7714,121,NaN,NaN,1987872,1545080,7711,72192,80384,4,73558
2026-05-01 15:22:13.002,55212,ESTAB,prague,228,25.183,4.494,20.016,1448,4,5792,5792,11035236,11029492,49576,NaN,7762,4670,7761,121,NaN,NaN,1926440,1906280,7758,72192,80384,4,6066
2026-05-01 15:22:13.269,55212,ESTAB,prague,228,25.567,3.288,20.016,1448,4,5792,5792,11041302,11041302,49576,NaN,7767,4675,7766,121,NaN,NaN,1898072,1973424,7767,72704,80384,NaN,NaN
2026-05-01 15:22:13.528,55212,ESTAB,prague,228,25.567,3.288,20.016,1448,4,5792,5792,11041302,11041302,49576,NaN,7767,4675,7766,121,NaN,NaN,1898072,1973424,7767,72704,80384,NaN,NaN
2026-05-01 15:22:13.803,55212,ESTAB,prague,228,25.567,3.288,20.016,1448,4,5792,5792,11041302,11041302,49576,NaN,7767,4675,7766,121,NaN,NaN,1898072,1973424,7767,72704,80384,NaN,NaN
2026-05-01 15:22:14.074,55212,ESTAB,prague,228,25.567,3.288,20.016,1448,4,5792,5792,11041302,11041302,49576,NaN,7767,4675,7766,121,NaN,NaN,1898072,1973424,7767,72704,80384,NaN,NaN
2026-05-01 15:22:14.330,55212,ESTAB,prague,228,25.567,3.288,20.016,1448,4,5792,5792,11041302,11041302,49576,NaN,7767,4675,7766,121,NaN,NaN,1898072,1973424,7767,72704,80384,NaN,NaN
2026-05-01 15:22:14.601,55212,ESTAB,prague,228,25.567,3.288,20.016,1448,4,5792,5792,11044185,11041302,49984,NaN,7770,4676,7769,122,NaN,NaN,1898072,1973424,7767,72704,82944,3,NaN
2026-05-01 15:22:14.870,55212,ESTAB,prague,224,23.98,1.885,20.016,1448,5,7240,5792,11107369,11103061,50400,NaN,7814,4705,7813,123,NaN,NaN,2203976,2176520,7811,72192,86016,3,39989
2026-05-01 15:22:15.116,55212,ESTAB,prague,224,23.247,1.9,20.016,1448,5,7240,5792,11147358,11147358,50400,NaN,7842,4726,7841,123,NaN,NaN,2580880,2237672,7842,72192,86016,NaN,NaN
2026-05-01 15:22:15.378,55212,ESTAB,prague,224,23.247,1.9,20.016,1448,5,7240,5792,11147358,11147358,50400,NaN,7842,4726,7841,123,NaN,NaN,2580880,2237672,7842,72192,86016,NaN,NaN
2026-05-01 15:22:15.638,55212,ESTAB,prague,224,23.247,1.9,20.016,1448,5,7240,5792,11147358,11147358,50400,NaN,7842,4726,7841,123,NaN,NaN,2580880,2237672,7842,72192,86016,NaN,NaN
2026-05-01 15:22:15.895,55212,ESTAB,prague,224,23.247,1.9,20.016,1448,5,7240,5792,11147358,11147358,50400,NaN,7842,4726,7841,123,NaN,NaN,2580880,2237672,7842,72192,86016,NaN,NaN
2026-05-01 15:22:16.143,55212,ESTAB,prague,224,23.247,1.9,20.016,1448,5,7240,5792,11147358,11147358,50400,NaN,7842,4726,7841,123,NaN,NaN,2580880,2237672,7842,72192,86016,NaN,NaN
2026-05-01 15:22:16.416,55212,ESTAB,prague,224,23.247,1.9,20.016,1448,5,7240,5792,11147358,11147358,50400,NaN,7842,4726,7841,123,NaN,NaN,2580880,2237672,7842,72192,86016,NaN,NaN
2026-05-01 15:22:16.679,55212,ESTAB,prague,224,22.356,1.573,20.016,1448,4,5792,5792,11157421,11151677,51224,NaN,7850,4732,7849,125,NaN,NaN,2147040,2237672,7846,72192,91648,4,103367
2026-05-01 15:22:16.940,55212,ESTAB,prague,228,24.57,3.016,20.016,1448,4,5792,5792,11230657,11224913,51224,NaN,7901,4766,7900,125,NaN,NaN,1997400,2457256,7897,72192,91648,4,30131
2026-05-01 15:22:17.190,55212,ESTAB,prague,228,24.322,1.846,20.016,1448,4,5792,5792,11260788,11260788,51224,NaN,7922,4782,7921,125,NaN,NaN,2063160,2060568,7922,72192,91648,NaN,NaN
2026-05-01 15:22:17.459,55212,ESTAB,prague,228,24.322,1.846,20.016,1448,4,5792,5792,11260788,11260788,51224,NaN,7922,4782,7921,125,NaN,NaN,2063160,2060568,7922,72192,91648,NaN,NaN
2026-05-01 15:22:17.721,55212,ESTAB,prague,228,24.322,1.846,20.016,1448,4,5792,5792,11260788,11260788,51224,NaN,7922,4782,7921,125,NaN,NaN,2063160,2060568,7922,72192,91648,NaN,NaN
2026-05-01 15:22:17.982,55212,ESTAB,prague,228,24.322,1.846,20.016,1448,4,5792,5792,11260788,11260788,51224,NaN,7922,4782,7921,125,NaN,NaN,2063160,2060568,7922,72192,91648,NaN,NaN
2026-05-01 15:22:18.252,55212,ESTAB,prague,228,24.322,1.846,20.016,1448,4,5792,5792,11260788,11260788,51224,NaN,7922,4782,7921,125,NaN,NaN,2063160,2060568,7922,72192,91648,NaN,NaN
2026-05-01 15:22:18.511,55212,ESTAB,prague,228,24.322,1.846,20.016,1448,4,5792,5792,11260788,11260788,51224,NaN,7922,4782,7921,125,NaN,NaN,2063160,2060568,7922,72192,91648,NaN,NaN
2026-05-01 15:22:18.763,55212,ESTAB,prague,224,23.586,2.571,20.016,1448,3,4344,4344,11276595,11273723,52048,NaN,7934,4792,7933,127,NaN,NaN,1424832,1431888,7932,72192,97280,2,94184
2026-05-01 15:22:19.030,55212,ESTAB,prague,228,24.625,2.978,20.016,1448,5,7240,5792,11335471,11328291,52048,NaN,7975,4816,7974,127,NaN,NaN,2436480,2228120,7970,72192,97280,5,35308
2026-05-01 15:22:19.273,55212,ESTAB,prague,224,23.54,3.17,20.016,1448,5,7240,5792,11370779,11370779,52048,NaN,8000,4838,7999,127,NaN,NaN,2168896,2553672,8000,72192,97280,NaN,NaN
2026-05-01 15:22:19.534,55212,ESTAB,prague,224,23.54,3.17,20.016,1448,5,7240,5792,11370779,11370779,52048,NaN,8000,4838,7999,127,NaN,NaN,2168896,2553672,8000,72192,97280,NaN,NaN
2026-05-01 15:22:19.796,55212,ESTAB,prague,224,23.54,3.17,20.016,1448,5,7240,5792,11370779,11370779,52048,NaN,8000,4838,7999,127,NaN,NaN,2168896,2553672,8000,72192,97280,NaN,NaN
2026-05-01 15:22:20.028,55212,ESTAB,prague,224,23.54,3.17,20.016,1448,5,7240,5792,11370779,11370779,52048,NaN,8000,4838,7999,127,NaN,NaN,2168896,2553672,8000,72192,97280,NaN,NaN
2026-05-01 15:22:20.275,55212,ESTAB,prague,224,23.54,3.17,20.016,1448,5,7240,5792,11370779,11370779,52048,NaN,8000,4838,7999,127,NaN,NaN,2168896,2553672,8000,72192,97280,NaN,NaN
2026-05-01 15:22:20.540,55212,ESTAB,prague,224,23.54,3.17,20.016,1448,5,7240,5792,11370779,11370779,52048,NaN,8000,4838,7999,127,NaN,NaN,2168896,2553672,8000,72192,97280,NaN,NaN
2026-05-01 15:22:20.799,55212,ESTAB,prague,228,24.373,3.128,20.016,1448,6,8688,5792,11395202,11386586,52872,NaN,8018,4848,8017,129,NaN,NaN,2953968,2231872,8012,72192,103424,6,90695
2026-05-01 15:22:21.060,55212,ESTAB,prague,224,23.928,1.662,20.016,1448,5,7240,7240,11477054,11469874,52872,NaN,8075,4885,8074,129,NaN,NaN,2507400,2396656,8070,72192,103424,5,8843
2026-05-01 15:22:21.325,55212,ESTAB,prague,228,24.08,1.733,20.016,1448,6,8688,7240,11485897,11485897,52872,NaN,8082,4892,8081,129,NaN,NaN,2989968,2226192,8082,72704,103424,NaN,NaN
2026-05-01 15:22:21.565,55212,ESTAB,prague,228,24.08,1.733,20.016,1448,6,8688,7240,11485897,11485897,52872,NaN,8082,4892,8081,129,NaN,NaN,2989968,2226192,8082,72704,103424,NaN,NaN
2026-05-01 15:22:21.801,55212,ESTAB,prague,228,24.08,1.733,20.016,1448,6,8688,7240,11485897,11485897,52872,NaN,8082,4892,8081,129,NaN,NaN,2989968,2226192,8082,72704,103424,NaN,NaN
2026-05-01 15:22:22.037,55212,ESTAB,prague,228,24.08,1.733,20.016,1448,6,8688,7240,11485897,11485897,52872,NaN,8082,4892,8081,129,NaN,NaN,2989968,2226192,8082,72704,103424,NaN,NaN
2026-05-01 15:22:22.286,55212,ESTAB,prague,228,24.08,1.733,20.016,1448,6,8688,7240,11485897,11485897,52872,NaN,8082,4892,8081,129,NaN,NaN,2989968,2226192,8082,72704,103424,NaN,NaN
2026-05-01 15:22:22.532,55212,ESTAB,prague,228,24.08,1.733,20.016,1448,6,8688,7240,11485897,11485897,52872,NaN,8082,4892,8081,129,NaN,NaN,2989968,2226192,8082,72704,103424,NaN,NaN
2026-05-01 15:22:22.776,55212,ESTAB,prague,224,23.911,1.592,20.016,1448,5,7240,7240,11491652,11488780,53696,NaN,8087,4896,8086,131,NaN,NaN,2509200,2226192,8085,72704,109056,2,64983
2026-05-01 15:22:23.046,55212,ESTAB,prague,224,22.9,1.695,20.016,1448,5,7240,5792,11556635,11551964,53696,NaN,8133,4925,8132,131,NaN,NaN,2620000,2399536,8129,72192,109056,4,NaN
2026-05-01 15:22:23.318,55212,ESTAB,prague,224,23.743,2.47,20.016,1448,4,5792,5792,11556635,11556635,53696,NaN,8133,4927,8132,131,NaN,NaN,2021600,2228328,8133,72704,109056,NaN,NaN
2026-05-01 15:22:23.581,55212,ESTAB,prague,224,23.743,2.47,20.016,1448,4,5792,5792,11556635,11556635,53696,NaN,8133,4927,8132,131,NaN,NaN,2021600,2228328,8133,72704,109056,NaN,NaN
2026-05-01 15:22:23.842,55212,ESTAB,prague,224,23.743,2.47,20.016,1448,4,5792,5792,11556635,11556635,53696,NaN,8133,4927,8132,131,NaN,NaN,2021600,2228328,8133,72704,109056,NaN,NaN
2026-05-01 15:22:24.108,55212,ESTAB,prague,224,23.743,2.47,20.016,1448,4,5792,5792,11556635,11556635,53696,NaN,8133,4927,8132,131,NaN,NaN,2021600,2228328,8133,72704,109056,NaN,NaN
2026-05-01 15:22:24.347,55212,ESTAB,prague,224,23.743,2.47,20.016,1448,4,5792,5792,11556635,11556635,53696,NaN,8133,4927,8132,131,NaN,NaN,2021600,2228328,8133,72704,109056,NaN,NaN
2026-05-01 15:22:24.586,55212,ESTAB,prague,224,23.743,2.47,20.016,1448,4,5792,5792,11556635,11556635,53696,NaN,8133,4927,8132,131,NaN,NaN,2021600,2228328,8133,72704,109056,NaN,NaN
2026-05-01 15:22:24.814,55212,ESTAB,prague,228,24.115,2.132,20.016,1448,4,5792,5792,11563826,11559518,54520,NaN,8139,4930,8138,133,NaN,NaN,2084768,2228328,8136,72704,114688,3,65870
2026-05-01 15:22:25.070,55212,ESTAB,prague,224,23.59,1.667,20.016,1448,5,7240,5792,11629696,11624138,54520,NaN,8185,4958,8184,133,NaN,NaN,2543320,2118992,8181,72192,114688,4,NaN
2026-05-01 15:22:25.329,55212,ESTAB,prague,224,23.068,1.46,20.016,1448,4,5792,5792,11629696,11629696,54520,NaN,8185,4961,8184,133,NaN,NaN,2091632,2067456,8185,72192,114688,NaN,NaN
2026-05-01 15:22:25.588,55212,ESTAB,prague,224,23.068,1.46,20.016,1448,4,5792,5792,11629696,11629696,54520,NaN,8185,4961,8184,133,NaN,NaN,2091632,2067456,8185,72192,114688,NaN,NaN
2026-05-01 15:22:25.858,55212,ESTAB,prague,224,23.068,1.46,20.016,1448,4,5792,5792,11629696,11629696,54520,NaN,8185,4961,8184,133,NaN,NaN,2091632,2067456,8185,72192,114688,NaN,NaN
2026-05-01 15:22:26.121,55212,ESTAB,prague,224,23.068,1.46,20.016,1448,4,5792,5792,11629696,11629696,54520,NaN,8185,4961,8184,133,NaN,NaN,2091632,2067456,8185,72192,114688,NaN,NaN
2026-05-01 15:22:26.393,55212,ESTAB,prague,224,23.068,1.46,20.016,1448,4,5792,5792,11629696,11629696,54520,NaN,8185,4961,8184,133,NaN,NaN,2091632,2067456,8185,72192,114688,NaN,NaN
2026-05-01 15:22:26.667,55212,ESTAB,prague,224,23.068,1.46,20.016,1448,4,5792,5792,11629696,11629696,54520,NaN,8185,4961,8184,133,NaN,NaN,2091632,2067456,8185,72192,114688,NaN,NaN
2026-05-01 15:22:26.917,55212,ESTAB,prague,224,23.439,2.758,20.016,1448,5,7240,5792,11648375,11642631,55344,NaN,8199,4970,8198,135,NaN,NaN,2180136,1663168,8195,72192,120832,4,81133
2026-05-01 15:22:27.179,55212,ESTAB,prague,224,23.677,2.784,20.016,1448,5,7240,5792,11718739,11711559,55344,NaN,8248,5002,8247,135,NaN,NaN,2534080,2227688,8243,72192,120832,5,10769
2026-05-01 15:22:27.440,55212,ESTAB,prague,224,22.624,1.671,20.016,1448,5,7240,5792,11729508,11729508,55344,NaN,8256,5012,8255,135,NaN,NaN,2266992,2094376,8256,72192,120832,NaN,NaN
2026-05-01 15:22:27.710,55212,ESTAB,prague,224,22.624,1.671,20.016,1448,5,7240,5792,11729508,11729508,55344,NaN,8256,5012,8255,135,NaN,NaN,2266992,2094376,8256,72192,120832,NaN,NaN
2026-05-01 15:22:27.967,55212,ESTAB,prague,224,22.624,1.671,20.016,1448,5,7240,5792,11729508,11729508,55344,NaN,8256,5012,8255,135,NaN,NaN,2266992,2094376,8256,72192,120832,NaN,NaN
2026-05-01 15:22:28.216,55212,ESTAB,prague,224,22.624,1.671,20.016,1448,5,7240,5792,11729508,11729508,55344,NaN,8256,5012,8255,135,NaN,NaN,2266992,2094376,8256,72192,120832,NaN,NaN
2026-05-01 15:22:28.463,55212,ESTAB,prague,224,22.624,1.671,20.016,1448,5,7240,5792,11729508,11729508,55344,NaN,8256,5012,8255,135,NaN,NaN,2266992,2094376,8256,72192,120832,NaN,NaN
2026-05-01 15:22:28.720,55212,ESTAB,prague,224,22.624,1.671,20.016,1448,5,7240,5792,11729508,11729508,55344,NaN,8256,5012,8255,135,NaN,NaN,2266992,2094376,8256,72192,120832,NaN,NaN
2026-05-01 15:22:28.969,55212,ESTAB,prague,224,23.451,2.386,20.016,1448,5,7240,5792,11755367,11749623,56168,NaN,8275,5023,8274,137,NaN,NaN,2558400,2403512,8271,72192,126464,4,42937
2026-05-01 15:22:29.226,55212,ESTAB,prague,232,29.681,12.437,20.016,1448,5,7240,5792,11798304,11798304,56168,NaN,8305,5045,8304,137,NaN,NaN,2021480,704568,8305,72704,126464,NaN,NaN
2026-05-01 15:22:29.482,55212,ESTAB,prague,232,29.681,12.437,20.016,1448,5,7240,5792,11798304,11798304,56168,NaN,8305,5045,8304,137,NaN,NaN,2021480,704568,8305,72704,126464,NaN,NaN
2026-05-01 15:22:29.740,55212,ESTAB,prague,232,29.681,12.437,20.016,1448,5,7240,5792,11798304,11798304,56168,NaN,8305,5045,8304,137,NaN,NaN,2021480,704568,8305,72704,126464,NaN,NaN
2026-05-01 15:22:29.981,55212,ESTAB,prague,232,29.681,12.437,20.016,1448,5,7240,5792,11798304,11798304,56168,NaN,8305,5045,8304,137,NaN,NaN,2021480,704568,8305,72704,126464,NaN,NaN
2026-05-01 15:22:30.250,55212,ESTAB,prague,232,29.681,12.437,20.016,1448,5,7240,5792,11798304,11798304,56168,NaN,8305,5045,8304,137,NaN,NaN,2021480,704568,8305,72704,126464,NaN,NaN
2026-05-01 15:22:30.522,55212,ESTAB,prague,232,29.681,12.437,20.016,1448,5,7240,5792,11798304,11798304,56168,NaN,8305,5045,8304,137,NaN,NaN,2021480,704568,8305,72704,126464,NaN,NaN
2026-05-01 15:22:30.792,55212,ESTAB,prague,232,29.681,12.437,20.016,1448,5,7240,5792,11798304,11798304,56168,NaN,8305,5045,8304,137,NaN,NaN,2021480,704568,8305,72704,126464,NaN,NaN
2026-05-01 15:22:31.067,55212,ESTAB,prague,228,24.416,3.224,20.016,1448,4,5792,5792,11834215,11829907,56992,NaN,8331,5064,8330,139,NaN,NaN,1983144,1964784,8328,72192,132096,3,77528
2026-05-01 15:22:31.347,55212,ESTAB,prague,224,23.698,2.712,20.016,1448,4,5792,5792,11907451,11901707,56992,NaN,8382,5098,8381,139,NaN,NaN,2025440,2202696,8378,72192,132096,4,4292
2026-05-01 15:22:31.604,55212,ESTAB,prague,224,23.82,3.393,20.016,1448,4,5792,5792,11911743,11911743,56992,NaN,8385,5103,8384,139,NaN,NaN,2015072,1868760,8385,72192,132096,NaN,NaN
2026-05-01 15:22:31.863,55212,ESTAB,prague,224,23.82,3.393,20.016,1448,4,5792,5792,11911743,11911743,56992,NaN,8385,5103,8384,139,NaN,NaN,2015072,1868760,8385,72192,132096,NaN,NaN
2026-05-01 15:22:32.129,55212,ESTAB,prague,224,23.82,3.393,20.016,1448,4,5792,5792,11911743,11911743,56992,NaN,8385,5103,8384,139,NaN,NaN,2015072,1868760,8385,72192,132096,NaN,NaN
2026-05-01 15:22:32.403,55212,ESTAB,prague,224,23.82,3.393,20.016,1448,4,5792,5792,11911743,11911743,56992,NaN,8385,5103,8384,139,NaN,NaN,2015072,1868760,8385,72192,132096,NaN,NaN
2026-05-01 15:22:32.665,55212,ESTAB,prague,224,23.82,3.393,20.016,1448,4,5792,5792,11911743,11911743,56992,NaN,8385,5103,8384,139,NaN,NaN,2015072,1868760,8385,72192,132096,NaN,NaN
2026-05-01 15:22:32.927,55212,ESTAB,prague,224,23.82,3.393,20.016,1448,4,5792,5792,11914615,11911743,57400,NaN,8387,5104,8386,140,NaN,NaN,2015072,1868760,8385,72704,135168,2,11
2026-05-01 15:22:33.189,55212,ESTAB,prague,228,24.668,2.742,20.016,1448,4,5792,5792,11963450,11957706,57816,NaN,8422,5127,8421,141,NaN,NaN,2111216,1966248,8418,72192,138240,4,67687
2026-05-01 15:22:33.445,55212,ESTAB,prague,224,23.342,2.714,20.016,1448,4,5792,5792,12029506,12023762,57816,NaN,8468,5161,8467,141,NaN,NaN,2056320,1919944,8464,72192,138240,4,1631
2026-05-01 15:22:33.692,55212,ESTAB,prague,224,23.171,2.39,20.016,1448,4,5792,5792,12031137,12031137,57816,NaN,8470,5165,8469,141,NaN,NaN,2071456,1909656,8470,72704,138240,NaN,NaN
2026-05-01 15:22:33.939,55212,ESTAB,prague,224,23.171,2.39,20.016,1448,4,5792,5792,12031137,12031137,57816,NaN,8470,5165,8469,141,NaN,NaN,2071456,1909656,8470,72704,138240,NaN,NaN
2026-05-01 15:22:34.198,55212,ESTAB,prague,224,23.171,2.39,20.016,1448,4,5792,5792,12031137,12031137,57816,NaN,8470,5165,8469,141,NaN,NaN,2071456,1909656,8470,72704,138240,NaN,NaN
2026-05-01 15:22:34.466,55212,ESTAB,prague,224,23.171,2.39,20.016,1448,4,5792,5792,12031137,12031137,57816,NaN,8470,5165,8469,141,NaN,NaN,2071456,1909656,8470,72704,138240,NaN,NaN
2026-05-01 15:22:34.734,55212,ESTAB,prague,224,23.171,2.39,20.016,1448,4,5792,5792,12031137,12031137,57816,NaN,8470,5165,8469,141,NaN,NaN,2071456,1909656,8470,72704,138240,NaN,NaN
2026-05-01 15:22:35.004,55212,ESTAB,prague,224,23.74,2.909,20.016,1448,4,5792,5792,12036892,12034020,58640,NaN,8475,5169,8474,143,NaN,NaN,1552032,1909656,8473,72704,143872,2,106952
2026-05-01 15:22:35.261,55212,ESTAB,prague,228,24.61,2.472,20.016,1448,5,7240,5792,12094332,12090024,58640,NaN,8515,5193,8514,143,NaN,NaN,2197136,2009360,8512,72192,143872,3,49512
2026-05-01 15:22:35.521,55212,ESTAB,prague,224,23.84,2.799,20.016,1448,5,7240,5792,12143844,12143844,58640,NaN,8550,5218,8549,143,NaN,NaN,2233896,2230048,8550,72192,143872,NaN,NaN
2026-05-01 15:22:35.774,55212,ESTAB,prague,224,23.84,2.799,20.016,1448,5,7240,5792,12143844,12143844,58640,NaN,8550,5218,8549,143,NaN,NaN,2233896,2230048,8550,72192,143872,NaN,NaN
2026-05-01 15:22:36.032,55212,ESTAB,prague,224,23.84,2.799,20.016,1448,5,7240,5792,12143844,12143844,58640,NaN,8550,5218,8549,143,NaN,NaN,2233896,2230048,8550,72192,143872,NaN,NaN
2026-05-01 15:22:36.291,55212,ESTAB,prague,224,23.84,2.799,20.016,1448,5,7240,5792,12143844,12143844,58640,NaN,8550,5218,8549,143,NaN,NaN,2233896,2230048,8550,72192,143872,NaN,NaN
2026-05-01 15:22:36.530,55212,ESTAB,prague,224,23.84,2.799,20.016,1448,5,7240,5792,12143844,12143844,58640,NaN,8550,5218,8549,143,NaN,NaN,2233896,2230048,8550,72192,143872,NaN,NaN
2026-05-01 15:22:36.778,55212,ESTAB,prague,224,23.84,2.799,20.016,1448,5,7240,5792,12143844,12143844,58640,NaN,8550,5218,8549,143,NaN,NaN,2233896,2230048,8550,72192,143872,NaN,NaN
2026-05-01 15:22:37.050,55212,ESTAB,prague,228,24.417,2.762,20.016,1448,4,5792,5792,12149599,12146727,59464,NaN,8555,5221,8554,145,NaN,NaN,2077112,2230048,8553,72704,149504,2,109874
2026-05-01 15:22:37.332,55212,ESTAB,prague,224,23.204,1.546,20.016,1448,5,7240,5792,12227143,12222835,59464,NaN,8609,5256,8608,145,NaN,NaN,2585680,2230952,8606,72192,149504,3,32330
2026-05-01 15:22:37.591,55212,ESTAB,prague,228,24.264,4.311,20.016,1448,5,7240,5792,12259473,12259473,59464,NaN,8632,5274,8631,145,NaN,NaN,2472760,1641328,8632,72192,149504,NaN,NaN
2026-05-01 15:22:37.854,55212,ESTAB,prague,228,24.264,4.311,20.016,1448,5,7240,5792,12259473,12259473,59464,NaN,8632,5274,8631,145,NaN,NaN,2472760,1641328,8632,72192,149504,NaN,NaN
2026-05-01 15:22:38.116,55212,ESTAB,prague,228,24.264,4.311,20.016,1448,5,7240,5792,12259473,12259473,59464,NaN,8632,5274,8631,145,NaN,NaN,2472760,1641328,8632,72192,149504,NaN,NaN
2026-05-01 15:22:38.377,55212,ESTAB,prague,228,24.264,4.311,20.016,1448,5,7240,5792,12259473,12259473,59464,NaN,8632,5274,8631,145,NaN,NaN,2472760,1641328,8632,72192,149504,NaN,NaN
2026-05-01 15:22:38.639,55212,ESTAB,prague,228,24.264,4.311,20.016,1448,5,7240,5792,12259473,12259473,59464,NaN,8632,5274,8631,145,NaN,NaN,2472760,1641328,8632,72192,149504,NaN,NaN
2026-05-01 15:22:38.893,55212,ESTAB,prague,228,24.264,4.311,20.016,1448,5,7240,5792,12259473,12259473,59464,NaN,8632,5274,8631,145,NaN,NaN,2472760,1641328,8632,72192,149504,NaN,NaN
2026-05-01 15:22:39.134,55212,ESTAB,prague,224,22.983,2.582,20.016,1448,5,7240,5792,12278152,12270972,60288,NaN,8646,5284,8645,147,NaN,NaN,2610560,2238448,8641,72192,155648,5,91886
2026-05-01 15:22:39.395,55212,ESTAB,prague,224,22.34,1.939,20.016,1448,5,7240,5792,12349952,12345644,60288,NaN,8696,5323,8695,147,NaN,NaN,2685640,1788136,8693,72192,155648,3,20086
2026-05-01 15:22:39.656,55212,ESTAB,prague,224,22.906,2.365,20.016,1448,4,5792,5792,12411682,12405938,60704,NaN,8739,5354,8738,148,NaN,NaN,2095456,2236984,8735,72192,158208,4,44114
2026-05-01 15:22:39.905,55212,ESTAB,prague,224,23.469,3.564,20.016,1448,4,5792,5792,12472158,12470558,60704,NaN,8782,5384,8781,148,NaN,NaN,2045216,2393288,8780,72192,158208,2,NaN
2026-05-01 15:22:40.143,55212,ESTAB,prague,224,23.603,2.446,20.016,1448,4,5792,5792,12478758,12478758,60704,NaN,8787,5388,8786,148,NaN,NaN,1867704,1670768,8787,72192,158208,NaN,NaN
2026-05-01 15:22:40.405,55212,ESTAB,prague,224,23.603,2.446,20.016,1448,4,5792,5792,12478758,12478758,60704,NaN,8787,5388,8786,148,NaN,NaN,1867704,1670768,8787,72192,158208,NaN,NaN
2026-05-01 15:22:40.666,55212,ESTAB,prague,224,23.603,2.446,20.016,1448,4,5792,5792,12478758,12478758,60704,NaN,8787,5388,8786,148,NaN,NaN,1867704,1670768,8787,72192,158208,NaN,NaN
2026-05-01 15:22:40.927,55212,ESTAB,prague,224,23.603,2.446,20.016,1448,4,5792,5792,12478758,12478758,60704,NaN,8787,5388,8786,148,NaN,NaN,1867704,1670768,8787,72192,158208,NaN,NaN
2026-05-01 15:22:41.188,55212,ESTAB,prague,224,23.458,2.351,20.016,1448,3,4344,4344,12494565,12490257,61528,NaN,8799,5396,8798,150,NaN,NaN,1291424,1117280,8796,72192,164352,3,48902
2026-05-01 15:22:41.450,55212,ESTAB,prague,228,27.643,7.595,20.016,1448,4,5792,4344,12533113,12528805,61528,NaN,8827,5416,8826,150,NaN,NaN,1698984,1552536,8824,72192,164352,3,25280
2026-05-01 15:22:41.720,55212,ESTAB,prague,232,29.124,10.823,20.016,1448,5,7240,5792,12569666,12569666,61528,NaN,8854,5434,8853,150,NaN,NaN,2060120,723840,8854,72704,164352,NaN,NaN
2026-05-01 15:22:42.006,55212,ESTAB,prague,228,25.873,5.05,20.016,1448,4,5792,5792,12580892,12580892,61528,NaN,8862,5440,8861,150,NaN,NaN,1820320,1665400,8862,72192,164352,NaN,NaN
2026-05-01 15:22:42.263,55212,ESTAB,prague,224,23.778,3.584,20.016,1448,5,7240,5792,12593399,12593399,61528,NaN,8871,5447,8870,150,NaN,NaN,2523280,2058000,8871,72704,164352,NaN,NaN
2026-05-01 15:22:42.526,55212,ESTAB,prague,224,23.778,3.584,20.016,1448,5,7240,5792,12593399,12593399,61528,NaN,8871,5447,8870,150,NaN,NaN,2523280,2058000,8871,72704,164352,NaN,NaN
2026-05-01 15:22:42.788,55212,ESTAB,prague,224,23.778,3.584,20.016,1448,5,7240,5792,12593399,12593399,61528,NaN,8871,5447,8870,150,NaN,NaN,2523280,2058000,8871,72704,164352,NaN,NaN
2026-05-01 15:22:43.045,55212,ESTAB,prague,224,23.778,3.584,20.016,1448,5,7240,5792,12593399,12593399,61528,NaN,8871,5447,8870,150,NaN,NaN,2523280,2058000,8871,72704,164352,NaN,NaN
2026-05-01 15:22:43.294,55212,ESTAB,prague,224,23.456,2.36,20.016,1448,5,7240,5792,12630746,12626438,62352,NaN,8898,5466,8897,152,NaN,NaN,2557960,2381768,8895,72192,169984,3,40188
2026-05-01 15:22:43.555,55212,ESTAB,prague,228,24.507,2.274,20.016,1448,5,7240,5792,12683011,12678114,62352,NaN,8935,5489,8934,152,NaN,NaN,2107504,1860224,8931,72192,169984,4,NaN
2026-05-01 15:22:43.816,55212,ESTAB,prague,224,23.501,1.471,20.016,1448,5,7240,5792,12695062,12693063,62352,NaN,8944,5496,8943,152,NaN,NaN,2552960,2168776,8942,72192,169984,2,NaN
2026-05-01 15:22:44.085,55212,ESTAB,prague,224,23.135,1.806,20.016,1448,5,7240,5792,12708654,12708654,62352,NaN,8954,5504,8953,152,NaN,NaN,2593400,2217560,8954,72192,169984,NaN,NaN
2026-05-01 15:22:44.333,55212,ESTAB,prague,224,23.135,1.806,20.016,1448,5,7240,5792,12708654,12708654,62352,NaN,8954,5504,8953,152,NaN,NaN,2593400,2217560,8954,72192,169984,NaN,NaN
2026-05-01 15:22:44.577,55212,ESTAB,prague,224,23.135,1.806,20.016,1448,5,7240,5792,12708654,12708654,62352,NaN,8954,5504,8953,152,NaN,NaN,2593400,2217560,8954,72192,169984,NaN,NaN
2026-05-01 15:22:44.839,55212,ESTAB,prague,224,23.135,1.806,20.016,1448,5,7240,5792,12708654,12708654,62352,NaN,8954,5504,8953,152,NaN,NaN,2593400,2217560,8954,72192,169984,NaN,NaN
2026-05-01 15:22:45.094,55212,ESTAB,prague,224,23.135,1.806,20.016,1448,5,7240,5792,12708654,12708654,62352,NaN,8954,5504,8953,152,NaN,NaN,2593400,2217560,8954,72192,169984,NaN,NaN
2026-05-01 15:22:45.345,55212,ESTAB,prague,224,23.724,3.316,20.016,1448,4,5792,5792,12753181,12747437,63176,NaN,8986,5527,8985,154,NaN,NaN,2061312,1914864,8982,72192,175616,4,32083
2026-05-01 15:22:45.603,55212,ESTAB,prague,224,22.609,1.761,20.016,1448,5,7240,5792,12798509,12798509,63176,NaN,9019,5554,9018,154,NaN,NaN,2653760,2389432,9019,72704,175616,NaN,NaN
2026-05-01 15:22:45.869,55212,ESTAB,prague,224,21.868,0.981,20.016,1448,5,7240,5792,12809930,12809930,63176,NaN,9027,5561,9026,154,NaN,NaN,2743640,2244176,9027,72192,175616,NaN,NaN
2026-05-01 15:22:46.139,55212,ESTAB,prague,224,22.295,1.611,20.016,1448,5,7240,5792,12821837,12821837,63176,NaN,9036,5568,9035,154,NaN,NaN,2366912,1986112,9036,72704,175616,NaN,NaN
2026-05-01 15:22:46.406,55212,ESTAB,prague,224,22.295,1.611,20.016,1448,5,7240,5792,12821837,12821837,63176,NaN,9036,5568,9035,154,NaN,NaN,2366912,1986112,9036,72704,175616,NaN,NaN
2026-05-01 15:22:46.673,55212,ESTAB,prague,224,22.295,1.611,20.016,1448,5,7240,5792,12821837,12821837,63176,NaN,9036,5568,9035,154,NaN,NaN,2366912,1986112,9036,72704,175616,NaN,NaN
2026-05-01 15:22:46.932,55212,ESTAB,prague,224,22.295,1.611,20.016,1448,5,7240,5792,12821837,12821837,63176,NaN,9036,5568,9035,154,NaN,NaN,2366912,1986112,9036,72704,175616,NaN,NaN
2026-05-01 15:22:47.179,55212,ESTAB,prague,224,22.295,1.611,20.016,1448,5,7240,5792,12821837,12821837,63176,NaN,9036,5568,9035,154,NaN,NaN,2366912,1986112,9036,72704,175616,NaN,NaN
2026-05-01 15:22:47.449,55212,ESTAB,prague,224,23.524,2.176,20.016,1448,5,7240,7240,12886468,12879288,64000,NaN,9082,5597,9081,156,NaN,NaN,2550560,2122096,9077,72192,181760,5,10858
2026-05-01 15:22:47.729,55212,ESTAB,prague,232,28.752,12.016,20.016,1448,4,5792,5792,12909701,12909701,64000,NaN,9099,5611,9098,156,NaN,NaN,2097704,714496,9099,72704,181760,NaN,NaN
2026-05-01 15:22:48.001,55212,ESTAB,prague,228,25.847,6.309,20.016,1448,4,5792,4344,12922327,12922327,64000,NaN,9108,5617,9107,156,NaN,NaN,1741696,2025440,9108,72192,181760,NaN,NaN
2026-05-01 15:22:48.262,55212,ESTAB,prague,228,26.262,4.79,20.016,1448,5,7240,4344,12935086,12935086,64000,NaN,9117,5623,9116,156,NaN,NaN,2168904,1458664,9117,72192,181760,NaN,NaN
2026-05-01 15:22:48.534,55212,ESTAB,prague,228,26.262,4.79,20.016,1448,5,7240,4344,12935086,12935086,64000,NaN,9117,5623,9116,156,NaN,NaN,2168904,1458664,9117,72192,181760,NaN,NaN
2026-05-01 15:22:48.796,55212,ESTAB,prague,228,26.262,4.79,20.016,1448,5,7240,4344,12935086,12935086,64000,NaN,9117,5623,9116,156,NaN,NaN,2168904,1458664,9117,72192,181760,NaN,NaN
2026-05-01 15:22:49.063,55212,ESTAB,prague,228,26.262,4.79,20.016,1448,5,7240,4344,12935086,12935086,64000,NaN,9117,5623,9116,156,NaN,NaN,2168904,1458664,9117,72192,181760,NaN,NaN
2026-05-01 15:22:49.330,55212,ESTAB,prague,224,23.183,2.205,20.016,1448,5,7240,5792,12956637,12950893,64824,NaN,9133,5635,9132,158,NaN,NaN,2208080,2225760,9129,72192,187392,4,58992
2026-05-01 15:22:49.609,55212,ESTAB,prague,224,22.489,1.758,20.016,1448,5,7240,5792,13026429,13025565,64824,NaN,9182,5675,9181,158,NaN,NaN,2667960,1967656,9181,72192,187392,1,NaN
2026-05-01 15:22:49.867,55212,ESTAB,prague,228,25.063,4.808,20.016,1448,5,7240,5792,13036880,13036880,64824,NaN,9190,5682,9189,158,NaN,NaN,2393880,1649592,9190,72704,187392,NaN,NaN
2026-05-01 15:22:50.118,55212,ESTAB,prague,228,24.581,1.996,20.016,1448,4,5792,5792,13049074,13049074,64824,NaN,9199,5687,9198,158,NaN,NaN,1952672,1914552,9199,72192,187392,NaN,NaN
2026-05-01 15:22:50.385,55212,ESTAB,prague,228,24.581,1.996,20.016,1448,4,5792,5792,13049074,13049074,64824,NaN,9199,5687,9198,158,NaN,NaN,1952672,1914552,9199,72192,187392,NaN,NaN
2026-05-01 15:22:50.650,55212,ESTAB,prague,228,24.581,1.996,20.016,1448,4,5792,5792,13049074,13049074,64824,NaN,9199,5687,9198,158,NaN,NaN,1952672,1914552,9199,72192,187392,NaN,NaN
2026-05-01 15:22:50.907,55212,ESTAB,prague,228,24.581,1.996,20.016,1448,4,5792,5792,13049074,13049074,64824,NaN,9199,5687,9198,158,NaN,NaN,1952672,1914552,9199,72192,187392,NaN,NaN
2026-05-01 15:22:51.174,55212,ESTAB,prague,228,24.581,1.996,20.016,1448,4,5792,5792,13049074,13049074,64824,NaN,9199,5687,9198,158,NaN,NaN,1952672,1914552,9199,72192,187392,NaN,NaN
2026-05-01 15:22:51.445,55212,ESTAB,prague,228,24.737,4.767,20.016,1448,5,7240,4344,13080677,13076369,65648,NaN,9222,5704,9221,160,NaN,NaN,2024000,1107824,9219,72192,193024,3,46904
2026-05-01 15:22:51.705,55212,ESTAB,prague,224,23.197,1.607,20.016,1448,5,7240,7240,13140968,13140968,65648,NaN,9264,5734,9263,160,NaN,NaN,2586440,2450288,9264,72192,193024,NaN,NaN
2026-05-01 15:22:51.969,55212,ESTAB,prague,224,22.817,1.5,20.016,1448,5,7240,5792,13149607,13149607,65648,NaN,9271,5739,9270,160,NaN,NaN,2629600,2214168,9271,72704,193024,NaN,NaN
2026-05-01 15:22:52.249,55212,ESTAB,prague,228,27.717,11.956,20.016,1448,5,7240,5792,13154053,13154053,65648,NaN,9275,5743,9274,160,NaN,NaN,2164680,2214168,9275,72704,193024,NaN,NaN
2026-05-01 15:22:52.532,55212,ESTAB,prague,228,27.717,11.956,20.016,1448,5,7240,5792,13154053,13154053,65648,NaN,9275,5743,9274,160,NaN,NaN,2164680,2214168,9275,72704,193024,NaN,NaN
2026-05-01 15:22:52.785,55212,ESTAB,prague,228,27.717,11.956,20.016,1448,5,7240,5792,13154053,13154053,65648,NaN,9275,5743,9274,160,NaN,NaN,2164680,2214168,9275,72704,193024,NaN,NaN
2026-05-01 15:22:53.050,55212,ESTAB,prague,228,27.717,11.956,20.016,1448,5,7240,5792,13154053,13154053,65648,NaN,9275,5743,9274,160,NaN,NaN,2164680,2214168,9275,72704,193024,NaN,NaN
2026-05-01 15:22:53.304,55212,ESTAB,prague,228,27.717,11.956,20.016,1448,5,7240,5792,13154053,13154053,65648,NaN,9275,5743,9274,160,NaN,NaN,2164680,2214168,9275,72704,193024,NaN,NaN
2026-05-01 15:22:53.585,55212,ESTAB,prague,224,23.84,2.715,20.016,1448,4,5792,5792,13208632,13204324,66472,NaN,9314,5771,9313,162,NaN,NaN,1778624,1592368,9311,72192,198656,3,38932
2026-05-01 15:22:53.839,55212,ESTAB,prague,224,23.701,2.015,20.016,1448,4,5792,4344,13259014,13259014,66472,NaN,9350,5797,9349,162,NaN,NaN,1600936,1671264,9350,72192,198656,NaN,NaN
2026-05-01 15:22:54.100,55212,ESTAB,prague,228,24.059,3.233,20.016,1448,4,5792,4344,13268889,13267630,66472,NaN,9357,5801,9356,162,NaN,NaN,1871800,1669000,9356,72192,198656,1,NaN
2026-05-01 15:22:54.341,55212,ESTAB,prague,232,29.104,12.514,20.016,1448,4,5792,4344,13268889,13268889,66472,NaN,9357,5802,9356,162,NaN,NaN,1960960,662184,9357,72704,198656,NaN,NaN
2026-05-01 15:22:54.592,55212,ESTAB,prague,232,29.104,12.514,20.016,1448,4,5792,4344,13268889,13268889,66472,NaN,9357,5802,9356,162,NaN,NaN,1960960,662184,9357,72704,198656,NaN,NaN
2026-05-01 15:22:54.828,55212,ESTAB,prague,232,29.104,12.514,20.016,1448,4,5792,4344,13268889,13268889,66472,NaN,9357,5802,9356,162,NaN,NaN,1960960,662184,9357,72704,198656,NaN,NaN
2026-05-01 15:22:55.101,55212,ESTAB,prague,232,29.104,12.514,20.016,1448,4,5792,4344,13268889,13268889,66472,NaN,9357,5802,9356,162,NaN,NaN,1960960,662184,9357,72704,198656,NaN,NaN
2026-05-01 15:22:55.354,55212,ESTAB,prague,232,29.104,12.514,20.016,1448,4,5792,4344,13271761,13268889,66880,NaN,9359,5803,9358,163,NaN,NaN,1960960,662184,9357,72704,201728,2,11
2026-05-01 15:22:55.620,55212,ESTAB,prague,228,24.621,4.291,20.016,1448,4,5792,4344,13316288,13311980,67296,NaN,9391,5826,9390,164,NaN,NaN,1814424,1724512,9388,72192,204800,3,38788
2026-05-01 15:22:55.889,55212,ESTAB,prague,228,24.578,2.811,20.016,1448,4,5792,5792,13364724,13364724,67296,NaN,9425,5851,9424,164,NaN,NaN,2035928,1853080,9425,72192,204800,NaN,NaN
2026-05-01 15:22:56.136,55212,ESTAB,prague,232,28.52,11.459,20.016,1448,3,4344,4344,13367686,13367686,67296,NaN,9428,5854,9427,164,NaN,NaN,1600432,1853080,9428,72704,204800,NaN,NaN
2026-05-01 15:22:56.382,55212,ESTAB,prague,232,28.52,11.459,20.016,1448,3,4344,4344,13367686,13367686,67296,NaN,9428,5854,9427,164,NaN,NaN,1600432,1853080,9428,72704,204800,NaN,NaN
2026-05-01 15:22:56.632,55212,ESTAB,prague,232,28.52,11.459,20.016,1448,3,4344,4344,13367686,13367686,67296,NaN,9428,5854,9427,164,NaN,NaN,1600432,1853080,9428,72704,204800,NaN,NaN
2026-05-01 15:22:56.890,55212,ESTAB,prague,232,28.52,11.459,20.016,1448,3,4344,4344,13367686,13367686,67296,NaN,9428,5854,9427,164,NaN,NaN,1600432,1853080,9428,72704,204800,NaN,NaN
2026-05-01 15:22:57.144,55212,ESTAB,prague,232,28.52,11.459,20.016,1448,3,4344,4344,13367686,13367686,67296,NaN,9428,5854,9427,164,NaN,NaN,1600432,1853080,9428,72704,204800,NaN,NaN
2026-05-01 15:22:57.407,55212,ESTAB,prague,228,27.502,10.63,20.016,1448,4,5792,4344,13370569,13369122,67704,NaN,9431,5856,9430,165,NaN,NaN,1718392,1853080,9429,72192,207360,2,NaN
2026-05-01 15:22:57.670,55212,ESTAB,prague,224,23.008,1.923,20.016,1448,5,7240,5792,13428009,13422265,68120,NaN,9471,5886,9470,166,NaN,NaN,2607720,2550304,9467,72192,210432,4,9539
2026-05-01 15:22:57.933,55212,ESTAB,prague,232,28.241,11.502,20.016,1448,5,7240,5792,13446427,13446427,68120,NaN,9485,5898,9484,166,NaN,NaN,2124480,734768,9485,72704,210432,NaN,NaN
2026-05-01 15:22:58.186,55212,ESTAB,prague,228,24.138,5.266,20.016,1448,5,7240,5792,13457609,13457609,68120,NaN,9493,5905,9492,166,NaN,NaN,2485680,1970568,9493,72192,210432,NaN,NaN
2026-05-01 15:22:58.447,55212,ESTAB,prague,228,24.138,5.266,20.016,1448,5,7240,5792,13457609,13457609,68120,NaN,9493,5905,9492,166,NaN,NaN,2485680,1970568,9493,72192,210432,NaN,NaN
2026-05-01 15:22:58.697,55212,ESTAB,prague,228,24.138,5.266,20.016,1448,5,7240,5792,13457609,13457609,68120,NaN,9493,5905,9492,166,NaN,NaN,2485680,1970568,9493,72192,210432,NaN,NaN
2026-05-01 15:22:58.954,55212,ESTAB,prague,228,24.138,5.266,20.016,1448,5,7240,5792,13457609,13457609,68120,NaN,9493,5905,9492,166,NaN,NaN,2485680,1970568,9493,72192,210432,NaN,NaN
2026-05-01 15:22:59.216,55212,ESTAB,prague,228,24.138,5.266,20.016,1448,5,7240,5792,13457609,13457609,68120,NaN,9493,5905,9492,166,NaN,NaN,2485680,1970568,9493,72192,210432,NaN,NaN
2026-05-01 15:22:59.485,55212,ESTAB,prague,224,23.075,3.832,20.016,1448,4,5792,5792,13466236,13460492,68944,NaN,9500,5910,9499,168,NaN,NaN,2111568,1970568,9496,72704,216064,4,65487
2026-05-01 15:22:59.755,55212,ESTAB,prague,228,24.727,2.629,20.016,1448,5,7240,5792,13540908,13533728,68944,NaN,9552,5947,9551,168,NaN,NaN,2426440,1912024,9547,72192,216064,5,5615
2026-05-01 15:23:00.026,55212,ESTAB,prague,228,24.208,2.212,20.016,1448,5,7240,5792,13562886,13558578,68944,NaN,9568,5959,9567,168,NaN,NaN,2346024,2369496,9565,72704,216064,3,5731
2026-05-01 15:23:00.290,55212,ESTAB,prague,224,23.157,2.222,20.016,1448,4,5792,5792,13568617,13568617,68944,NaN,9572,5965,9571,168,NaN,NaN,2072736,2229664,9572,72192,216064,NaN,NaN
2026-05-01 15:23:00.543,55212,ESTAB,prague,224,23.157,2.222,20.016,1448,4,5792,5792,13568617,13568617,68944,NaN,9572,5965,9571,168,NaN,NaN,2072736,2229664,9572,72192,216064,NaN,NaN
2026-05-01 15:23:00.796,55212,ESTAB,prague,224,23.157,2.222,20.016,1448,4,5792,5792,13568617,13568617,68944,NaN,9572,5965,9571,168,NaN,NaN,2072736,2229664,9572,72192,216064,NaN,NaN
2026-05-01 15:23:01.049,55212,ESTAB,prague,224,23.157,2.222,20.016,1448,4,5792,5792,13568617,13568617,68944,NaN,9572,5965,9571,168,NaN,NaN,2072736,2229664,9572,72192,216064,NaN,NaN
2026-05-01 15:23:01.308,55212,ESTAB,prague,224,23.157,2.222,20.016,1448,4,5792,5792,13568617,13568617,68944,NaN,9572,5965,9571,168,NaN,NaN,2072736,2229664,9572,72192,216064,NaN,NaN
2026-05-01 15:23:01.568,55212,ESTAB,prague,228,24.048,4.018,20.016,1448,4,5792,5792,13587296,13581552,69768,NaN,9586,5974,9585,170,NaN,NaN,1956408,1547968,9582,72192,222208,4,34895
2026-05-01 15:23:01.837,55212,ESTAB,prague,224,22.625,2.07,20.016,1448,4,5792,5792,13627610,13627610,69768,NaN,9615,5997,9614,170,NaN,NaN,2141000,2392200,9615,72192,222208,NaN,NaN
2026-05-01 15:23:02.104,55212,ESTAB,prague,224,23.466,2.816,20.016,1448,4,5792,5792,13632042,13632042,69768,NaN,9619,5999,9618,170,NaN,NaN,1875224,2392200,9619,72704,222208,NaN,NaN
2026-05-01 15:23:02.361,55212,ESTAB,prague,224,23.466,2.816,20.016,1448,4,5792,5792,13632042,13632042,69768,NaN,9619,5999,9618,170,NaN,NaN,1875224,2392200,9619,72704,222208,NaN,NaN
2026-05-01 15:23:02.635,55212,ESTAB,prague,224,23.466,2.816,20.016,1448,4,5792,5792,13632042,13632042,69768,NaN,9619,5999,9618,170,NaN,NaN,1875224,2392200,9619,72704,222208,NaN,NaN
2026-05-01 15:23:02.903,55212,ESTAB,prague,224,23.466,2.816,20.016,1448,4,5792,5792,13632042,13632042,69768,NaN,9619,5999,9618,170,NaN,NaN,1875224,2392200,9619,72704,222208,NaN,NaN
2026-05-01 15:23:03.173,55212,ESTAB,prague,224,23.466,2.816,20.016,1448,4,5792,5792,13632042,13632042,69768,NaN,9619,5999,9618,170,NaN,NaN,1875224,2392200,9619,72704,222208,NaN,NaN
2026-05-01 15:23:03.439,55212,ESTAB,prague,224,23.466,2.816,20.016,1448,4,5792,5792,13632042,13632042,69768,NaN,9619,5999,9618,170,NaN,NaN,1875224,2392200,9619,72704,222208,NaN,NaN
2026-05-01 15:23:03.708,55212,ESTAB,prague,224,23.874,3.728,20.016,1448,5,7240,4344,13672261,13667953,70592,NaN,9648,6019,9647,172,NaN,NaN,2109952,1596616,9645,72192,227840,3,20921
2026-05-01 15:23:03.974,55212,ESTAB,prague,232,29.958,13.689,20.016,1448,5,7240,7240,13698832,13698832,70592,NaN,9667,6034,9666,172,NaN,NaN,2002760,812576,9667,72704,227840,NaN,NaN
2026-05-01 15:23:04.241,55212,ESTAB,prague,228,26.185,9.307,20.016,1448,4,5792,5792,13703732,13703732,70592,NaN,9671,6038,9670,172,NaN,NaN,1667464,1333832,9671,72704,227840,NaN,NaN
2026-05-01 15:23:04.513,55212,ESTAB,prague,228,26.185,9.307,20.016,1448,4,5792,5792,13703732,13703732,70592,NaN,9671,6038,9670,172,NaN,NaN,1667464,1333832,9671,72704,227840,NaN,NaN
2026-05-01 15:23:04.751,55212,ESTAB,prague,228,26.185,9.307,20.016,1448,4,5792,5792,13703732,13703732,70592,NaN,9671,6038,9670,172,NaN,NaN,1667464,1333832,9671,72704,227840,NaN,NaN
2026-05-01 15:23:04.994,55212,ESTAB,prague,228,26.185,9.307,20.016,1448,4,5792,5792,13703732,13703732,70592,NaN,9671,6038,9670,172,NaN,NaN,1667464,1333832,9671,72704,227840,NaN,NaN
2026-05-01 15:23:05.232,55212,ESTAB,prague,228,26.185,9.307,20.016,1448,4,5792,5792,13703732,13703732,70592,NaN,9671,6038,9670,172,NaN,NaN,1667464,1333832,9671,72704,227840,NaN,NaN
2026-05-01 15:23:05.479,55212,ESTAB,prague,228,26.185,9.307,20.016,1448,4,5792,5792,13703732,13703732,70592,NaN,9671,6038,9670,172,NaN,NaN,1667464,1333832,9671,72704,227840,NaN,NaN
2026-05-01 15:23:05.744,55212,ESTAB,prague,228,25.395,3.893,20.016,1448,4,5792,4344,13741079,13736771,71416,NaN,9698,6056,9697,174,NaN,NaN,1580040,1405264,9695,72192,233472,3,33407
2026-05-01 15:23:06.011,55212,ESTAB,prague,232,29.664,11.435,20.016,1448,4,5792,4344,13782527,13782527,71416,NaN,9727,6076,9726,174,NaN,NaN,1985416,562280,9727,72704,233472,NaN,NaN
2026-05-01 15:23:06.293,55212,ESTAB,prague,228,25.739,6.819,20.016,1448,4,5792,4344,13791368,13791368,71416,NaN,9734,6082,9733,174,NaN,NaN,1958288,1852400,9734,72704,233472,NaN,NaN
2026-05-01 15:23:06.561,55212,ESTAB,prague,228,25.739,6.819,20.016,1448,4,5792,4344,13791368,13791368,71416,NaN,9734,6082,9733,174,NaN,NaN,1958288,1852400,9734,72704,233472,NaN,NaN
2026-05-01 15:23:06.823,55212,ESTAB,prague,228,25.739,6.819,20.016,1448,4,5792,4344,13791368,13791368,71416,NaN,9734,6082,9733,174,NaN,NaN,1958288,1852400,9734,72704,233472,NaN,NaN
2026-05-01 15:23:07.088,55212,ESTAB,prague,228,25.739,6.819,20.016,1448,4,5792,4344,13791368,13791368,71416,NaN,9734,6082,9733,174,NaN,NaN,1958288,1852400,9734,72704,233472,NaN,NaN
2026-05-01 15:23:07.362,55212,ESTAB,prague,228,25.739,6.819,20.016,1448,4,5792,4344,13791368,13791368,71416,NaN,9734,6082,9733,174,NaN,NaN,1958288,1852400,9734,72704,233472,NaN,NaN
2026-05-01 15:23:07.619,55212,ESTAB,prague,228,24.179,5.238,20.016,1448,3,4344,4344,13794251,13794251,71824,NaN,9737,6086,9736,175,NaN,NaN,1550536,1852400,9737,72704,236544,NaN,NaN
2026-05-01 15:23:07.887,55212,ESTAB,prague,224,23.473,3.159,20.016,1448,5,7240,5792,13855999,13850255,72240,NaN,9780,6112,9779,176,NaN,NaN,2180432,2063320,9776,72192,239616,4,20083
2026-05-01 15:23:08.137,55212,ESTAB,prague,224,22.563,2.231,20.016,1448,5,7240,5792,13883130,13883130,72240,NaN,9799,6129,9798,176,NaN,NaN,2659200,2268608,9799,72192,239616,NaN,NaN
2026-05-01 15:23:08.390,55212,ESTAB,prague,224,22.563,2.231,20.016,1448,5,7240,5792,13883130,13883130,72240,NaN,9799,6129,9798,176,NaN,NaN,2659200,2268608,9799,72192,239616,NaN,NaN
2026-05-01 15:23:08.661,55212,ESTAB,prague,224,22.563,2.231,20.016,1448,5,7240,5792,13883130,13883130,72240,NaN,9799,6129,9798,176,NaN,NaN,2659200,2268608,9799,72192,239616,NaN,NaN
2026-05-01 15:23:08.915,55212,ESTAB,prague,224,22.563,2.231,20.016,1448,5,7240,5792,13883130,13883130,72240,NaN,9799,6129,9798,176,NaN,NaN,2659200,2268608,9799,72192,239616,NaN,NaN
2026-05-01 15:23:09.172,55212,ESTAB,prague,224,22.563,2.231,20.016,1448,5,7240,5792,13883130,13883130,72240,NaN,9799,6129,9798,176,NaN,NaN,2659200,2268608,9799,72192,239616,NaN,NaN
2026-05-01 15:23:09.433,55212,ESTAB,prague,224,22.563,2.231,20.016,1448,5,7240,5792,13883130,13883130,72240,NaN,9799,6129,9798,176,NaN,NaN,2659200,2268608,9799,72192,239616,NaN,NaN
2026-05-01 15:23:09.703,55212,ESTAB,prague,224,22.614,2.236,20.016,1448,5,7240,5792,13900373,13893193,73064,NaN,9812,6137,9811,178,NaN,NaN,2653160,2268608,9807,72192,245248,5,66844
2026-05-01 15:23:09.971,55212,ESTAB,prague,224,22.583,1.95,20.016,1448,4,5792,5792,13970737,13964993,73064,NaN,9861,6174,9860,178,NaN,NaN,2125440,1913520,9857,72192,245248,4,8972
2026-05-01 15:23:10.231,55212,ESTAB,prague,228,24.015,2.458,20.016,1448,4,5792,5792,13992355,13992355,73064,NaN,9877,6187,9876,178,NaN,NaN,2094536,1910992,9877,72192,245248,NaN,NaN
2026-05-01 15:23:10.480,55212,ESTAB,prague,228,24.015,2.458,20.016,1448,4,5792,5792,13992355,13992355,73064,NaN,9877,6187,9876,178,NaN,NaN,2094536,1910992,9877,72192,245248,NaN,NaN
2026-05-01 15:23:10.732,55212,ESTAB,prague,228,24.015,2.458,20.016,1448,4,5792,5792,13992355,13992355,73064,NaN,9877,6187,9876,178,NaN,NaN,2094536,1910992,9877,72192,245248,NaN,NaN
2026-05-01 15:23:10.992,55212,ESTAB,prague,228,24.015,2.458,20.016,1448,4,5792,5792,13992355,13992355,73064,NaN,9877,6187,9876,178,NaN,NaN,2094536,1910992,9877,72192,245248,NaN,NaN
2026-05-01 15:23:11.249,55212,ESTAB,prague,228,24.015,2.458,20.016,1448,4,5792,5792,13992355,13992355,73064,NaN,9877,6187,9876,178,NaN,NaN,2094536,1910992,9877,72192,245248,NaN,NaN
2026-05-01 15:23:11.512,55212,ESTAB,prague,228,24.015,2.458,20.016,1448,4,5792,5792,13992355,13992355,73064,NaN,9877,6187,9876,178,NaN,NaN,2094536,1910992,9877,72192,245248,NaN,NaN
2026-05-01 15:23:11.782,55212,ESTAB,prague,224,23.438,3.024,20.016,1448,4,5792,4344,14012470,14008162,73888,NaN,9892,6197,9891,180,NaN,NaN,1604728,1508000,9889,72192,250880,3,80612
2026-05-01 15:23:12.043,55212,ESTAB,prague,228,24.106,3.132,20.016,1448,4,5792,4344,14062730,14056986,73888,NaN,9927,6221,9926,180,NaN,NaN,1718528,1487080,9923,72192,250880,4,42399
2026-05-01 15:23:12.304,55212,ESTAB,prague,228,24.098,2.08,20.016,1448,5,7240,5792,14105129,14105129,73888,NaN,9957,6243,9956,180,NaN,NaN,2137576,2196096,9957,72192,250880,NaN,NaN
2026-05-01 15:23:12.559,55212,ESTAB,prague,228,24.098,2.08,20.016,1448,5,7240,5792,14105129,14105129,73888,NaN,9957,6243,9956,180,NaN,NaN,2137576,2196096,9957,72192,250880,NaN,NaN
2026-05-01 15:23:12.801,55212,ESTAB,prague,228,24.098,2.08,20.016,1448,5,7240,5792,14105129,14105129,73888,NaN,9957,6243,9956,180,NaN,NaN,2137576,2196096,9957,72192,250880,NaN,NaN
2026-05-01 15:23:13.060,55212,ESTAB,prague,228,24.098,2.08,20.016,1448,5,7240,5792,14105129,14105129,73888,NaN,9957,6243,9956,180,NaN,NaN,2137576,2196096,9957,72192,250880,NaN,NaN
2026-05-01 15:23:13.303,55212,ESTAB,prague,228,24.098,2.08,20.016,1448,5,7240,5792,14105129,14105129,73888,NaN,9957,6243,9956,180,NaN,NaN,2137576,2196096,9957,72192,250880,NaN,NaN
2026-05-01 15:23:13.553,55212,ESTAB,prague,228,24.098,2.08,20.016,1448,5,7240,5792,14105129,14105129,73888,NaN,9957,6243,9956,180,NaN,NaN,2137576,2196096,9957,72192,250880,NaN,NaN
2026-05-01 15:23:13.797,55212,ESTAB,prague,224,23.734,2.294,20.016,1448,4,5792,4344,14122372,14116628,74712,NaN,9970,6251,9969,182,NaN,NaN,1986968,1383768,9966,72192,257024,4,89468
2026-05-01 15:23:14.060,55212,ESTAB,prague,224,22.558,1.939,20.016,1448,4,5792,5792,14188428,14182684,74712,NaN,10016,6286,10015,182,NaN,NaN,2127744,1924408,10012,72192,257024,4,39413
2026-05-01 15:23:14.330,55212,ESTAB,prague,228,24.328,3.733,20.016,1448,4,5792,5792,14227841,14227841,74712,NaN,10044,6306,10043,182,NaN,NaN,2119360,1785104,10044,72192,257024,NaN,NaN
2026-05-01 15:23:14.594,55212,ESTAB,prague,228,24.328,3.733,20.016,1448,4,5792,5792,14227841,14227841,74712,NaN,10044,6306,10043,182,NaN,NaN,2119360,1785104,10044,72192,257024,NaN,NaN
2026-05-01 15:23:14.839,55212,ESTAB,prague,228,24.328,3.733,20.016,1448,4,5792,5792,14227841,14227841,74712,NaN,10044,6306,10043,182,NaN,NaN,2119360,1785104,10044,72192,257024,NaN,NaN
2026-05-01 15:23:15.091,55212,ESTAB,prague,228,24.328,3.733,20.016,1448,4,5792,5792,14227841,14227841,74712,NaN,10044,6306,10043,182,NaN,NaN,2119360,1785104,10044,72192,257024,NaN,NaN
2026-05-01 15:23:15.352,55212,ESTAB,prague,228,24.328,3.733,20.016,1448,4,5792,5792,14227841,14227841,74712,NaN,10044,6306,10043,182,NaN,NaN,2119360,1785104,10044,72192,257024,NaN,NaN
2026-05-01 15:23:15.616,55212,ESTAB,prague,228,24.328,3.733,20.016,1448,4,5792,5792,14227841,14227841,74712,NaN,10044,6306,10043,182,NaN,NaN,2119360,1785104,10044,72192,257024,NaN,NaN
2026-05-01 15:23:15.862,55212,ESTAB,prague,224,23.807,2.832,20.016,1448,4,5792,4344,14249392,14243648,75536,NaN,10060,6316,10059,184,NaN,NaN,1991280,1296856,10056,72192,262656,4,33294
2026-05-01 15:23:16.112,55212,ESTAB,prague,228,25.37,3.997,20.016,1448,5,7240,5792,14287068,14287068,75536,NaN,10088,6335,10087,184,NaN,NaN,2364920,2544808,10088,72704,262656,NaN,NaN
2026-05-01 15:23:16.377,55212,ESTAB,prague,228,25.37,3.997,20.016,1448,5,7240,5792,14287068,14287068,75536,NaN,10088,6335,10087,184,NaN,NaN,2364920,2544808,10088,72704,262656,NaN,NaN
2026-05-01 15:23:16.644,55212,ESTAB,prague,228,25.37,3.997,20.016,1448,5,7240,5792,14287068,14287068,75536,NaN,10088,6335,10087,184,NaN,NaN,2364920,2544808,10088,72704,262656,NaN,NaN
2026-05-01 15:23:16.910,55212,ESTAB,prague,228,25.37,3.997,20.016,1448,5,7240,5792,14287068,14287068,75536,NaN,10088,6335,10087,184,NaN,NaN,2364920,2544808,10088,72704,262656,NaN,NaN
2026-05-01 15:23:17.172,55212,ESTAB,prague,228,25.37,3.997,20.016,1448,5,7240,5792,14287068,14287068,75536,NaN,10088,6335,10087,184,NaN,NaN,2364920,2544808,10088,72704,262656,NaN,NaN
2026-05-01 15:23:17.433,55212,ESTAB,prague,228,25.37,3.997,20.016,1448,5,7240,5792,14287068,14287068,75536,NaN,10088,6335,10087,184,NaN,NaN,2364920,2544808,10088,72704,262656,NaN,NaN
2026-05-01 15:23:17.695,55212,ESTAB,prague,228,25.37,3.997,20.016,1448,5,7240,5792,14287068,14287068,75536,NaN,10088,6335,10087,184,NaN,NaN,2364920,2544808,10088,72704,262656,NaN,NaN
2026-05-01 15:23:17.958,55212,ESTAB,prague,228,25.169,2.245,20.016,1448,4,5792,5792,14324415,14318671,76360,NaN,10115,6351,10114,186,NaN,NaN,1957864,1898312,10111,72192,268288,4,37226
2026-05-01 15:23:18.220,55212,ESTAB,prague,228,25.729,4.733,20.016,1448,5,7240,5792,14372273,14372273,76360,NaN,10149,6375,10148,186,NaN,NaN,2331920,1474096,10149,72704,268288,NaN,NaN
2026-05-01 15:23:18.481,55212,ESTAB,prague,228,25.729,4.733,20.016,1448,5,7240,5792,14372273,14372273,76360,NaN,10149,6375,10148,186,NaN,NaN,2331920,1474096,10149,72704,268288,NaN,NaN
2026-05-01 15:23:18.741,55212,ESTAB,prague,228,25.729,4.733,20.016,1448,5,7240,5792,14372273,14372273,76360,NaN,10149,6375,10148,186,NaN,NaN,2331920,1474096,10149,72704,268288,NaN,NaN
2026-05-01 15:23:18.999,55212,ESTAB,prague,228,25.729,4.733,20.016,1448,5,7240,5792,14372273,14372273,76360,NaN,10149,6375,10148,186,NaN,NaN,2331920,1474096,10149,72704,268288,NaN,NaN
2026-05-01 15:23:19.260,55212,ESTAB,prague,228,25.729,4.733,20.016,1448,5,7240,5792,14372273,14372273,76360,NaN,10149,6375,10148,186,NaN,NaN,2331920,1474096,10149,72704,268288,NaN,NaN
2026-05-01 15:23:19.522,55212,ESTAB,prague,228,25.729,4.733,20.016,1448,5,7240,5792,14372273,14372273,76360,NaN,10149,6375,10148,186,NaN,NaN,2331920,1474096,10149,72704,268288,NaN,NaN
2026-05-01 15:23:19.779,55212,ESTAB,prague,228,25.729,4.733,20.016,1448,5,7240,5792,14372273,14372273,76360,NaN,10149,6375,10148,186,NaN,NaN,2331920,1474096,10149,72704,268288,NaN,NaN
2026-05-01 15:23:20.034,55212,ESTAB,prague,224,23.894,2.484,20.016,1448,5,7240,5792,14422544,14415364,77184,NaN,10185,6398,10184,188,NaN,NaN,2511000,2190616,10180,72192,274432,5,64866
2026-05-01 15:23:20.307,55212,ESTAB,prague,224,23.62,2.261,20.016,1448,5,7240,5792,14487410,14487410,77184,NaN,10231,6430,10230,188,NaN,NaN,2150368,2519464,10231,72704,274432,NaN,NaN
2026-05-01 15:23:20.581,55212,ESTAB,prague,224,23.62,2.261,20.016,1448,5,7240,5792,14487410,14487410,77184,NaN,10231,6430,10230,188,NaN,NaN,2150368,2519464,10231,72704,274432,NaN,NaN
2026-05-01 15:23:20.856,55212,ESTAB,prague,224,23.62,2.261,20.016,1448,5,7240,5792,14487410,14487410,77184,NaN,10231,6430,10230,188,NaN,NaN,2150368,2519464,10231,72704,274432,NaN,NaN
2026-05-01 15:23:21.113,55212,ESTAB,prague,224,23.62,2.261,20.016,1448,5,7240,5792,14487410,14487410,77184,NaN,10231,6430,10230,188,NaN,NaN,2150368,2519464,10231,72704,274432,NaN,NaN
2026-05-01 15:23:21.370,55212,ESTAB,prague,224,23.62,2.261,20.016,1448,5,7240,5792,14487410,14487410,77184,NaN,10231,6430,10230,188,NaN,NaN,2150368,2519464,10231,72704,274432,NaN,NaN
2026-05-01 15:23:21.627,55212,ESTAB,prague,224,23.62,2.261,20.016,1448,5,7240,5792,14487410,14487410,77184,NaN,10231,6430,10230,188,NaN,NaN,2150368,2519464,10231,72704,274432,NaN,NaN
2026-05-01 15:23:21.884,55212,ESTAB,prague,224,23.044,2.195,20.016,1448,4,5792,5792,14490293,14490282,77592,NaN,10234,6433,10233,189,NaN,NaN,2117280,2519464,10233,72192,276992,1,NaN
2026-05-01 15:23:22.125,55212,ESTAB,prague,228,24.144,3.722,20.016,1448,4,5792,5792,14554913,14549169,78008,NaN,10279,6463,10278,190,NaN,NaN,1988032,1861840,10275,72192,280064,4,42273
2026-05-01 15:23:22.386,55212,ESTAB,prague,228,24.451,3.275,20.016,1448,4,5792,5792,14597186,14597186,78008,NaN,10309,6484,10308,190,NaN,NaN,1963008,1876704,10309,72192,280064,NaN,NaN
2026-05-01 15:23:22.643,55212,ESTAB,prague,228,24.451,3.275,20.016,1448,4,5792,5792,14597186,14597186,78008,NaN,10309,6484,10308,190,NaN,NaN,1963008,1876704,10309,72192,280064,NaN,NaN
2026-05-01 15:23:22.893,55212,ESTAB,prague,228,24.451,3.275,20.016,1448,4,5792,5792,14597186,14597186,78008,NaN,10309,6484,10308,190,NaN,NaN,1963008,1876704,10309,72192,280064,NaN,NaN
2026-05-01 15:23:23.150,55212,ESTAB,prague,228,24.451,3.275,20.016,1448,4,5792,5792,14597186,14597186,78008,NaN,10309,6484,10308,190,NaN,NaN,1963008,1876704,10309,72192,280064,NaN,NaN
2026-05-01 15:23:23.411,55212,ESTAB,prague,228,24.451,3.275,20.016,1448,4,5792,5792,14597186,14597186,78008,NaN,10309,6484,10308,190,NaN,NaN,1963008,1876704,10309,72192,280064,NaN,NaN
2026-05-01 15:23:23.670,55212,ESTAB,prague,228,24.451,3.275,20.016,1448,4,5792,5792,14597186,14597186,78008,NaN,10309,6484,10308,190,NaN,NaN,1963008,1876704,10309,72192,280064,NaN,NaN
2026-05-01 15:23:23.924,55212,ESTAB,prague,224,23.984,2.95,20.016,1448,3,4344,4344,14602941,14600069,78832,NaN,10314,6488,10313,192,NaN,NaN,1488752,1876704,10312,72704,285696,2,91118
2026-05-01 15:23:24.171,55212,ESTAB,prague,224,23.174,1.763,20.016,1448,5,7240,5792,14658945,14653201,78832,NaN,10353,6513,10352,192,NaN,NaN,2589080,1913600,10349,72192,285696,4,52312
2026-05-01 15:23:24.438,55212,ESTAB,prague,228,24.79,3.042,20.016,1448,5,7240,5792,14711257,14711257,78832,NaN,10390,6540,10389,192,NaN,NaN,2420320,2217240,10390,72704,285696,NaN,NaN
2026-05-01 15:23:24.707,55212,ESTAB,prague,228,24.79,3.042,20.016,1448,5,7240,5792,14711257,14711257,78832,NaN,10390,6540,10389,192,NaN,NaN,2420320,2217240,10390,72704,285696,NaN,NaN
2026-05-01 15:23:24.968,55212,ESTAB,prague,228,24.79,3.042,20.016,1448,5,7240,5792,14711257,14711257,78832,NaN,10390,6540,10389,192,NaN,NaN,2420320,2217240,10390,72704,285696,NaN,NaN
2026-05-01 15:23:25.217,55212,ESTAB,prague,228,24.79,3.042,20.016,1448,5,7240,5792,14711257,14711257,78832,NaN,10390,6540,10389,192,NaN,NaN,2420320,2217240,10390,72704,285696,NaN,NaN
2026-05-01 15:23:25.474,55212,ESTAB,prague,228,24.79,3.042,20.016,1448,5,7240,5792,14711257,14711257,78832,NaN,10390,6540,10389,192,NaN,NaN,2420320,2217240,10390,72704,285696,NaN,NaN
2026-05-01 15:23:25.742,55212,ESTAB,prague,228,24.79,3.042,20.016,1448,5,7240,5792,14711257,14711257,78832,NaN,10390,6540,10389,192,NaN,NaN,2420320,2217240,10390,72704,285696,NaN,NaN
2026-05-01 15:23:26.011,55212,ESTAB,prague,228,24.284,2.642,20.016,1448,3,4344,4344,14724192,14719884,79656,NaN,10400,6547,10399,194,NaN,NaN,1576232,2217240,10397,72704,291328,3,74414
2026-05-01 15:23:26.288,55212,ESTAB,prague,228,25.154,3.345,20.016,1448,5,7240,4344,14773016,14767272,79656,NaN,10434,6569,10433,194,NaN,NaN,2281832,1665736,10430,72192,291328,4,33706
2026-05-01 15:23:26.551,55212,ESTAB,prague,232,29.983,11.502,20.016,1448,4,5792,5792,14806722,14806722,79656,NaN,10458,6586,10457,194,NaN,NaN,2001344,839584,10458,72704,291328,NaN,NaN
2026-05-01 15:23:26.813,55212,ESTAB,prague,232,29.983,11.502,20.016,1448,4,5792,5792,14806722,14806722,79656,NaN,10458,6586,10457,194,NaN,NaN,2001344,839584,10458,72704,291328,NaN,NaN
2026-05-01 15:23:27.066,55212,ESTAB,prague,232,29.983,11.502,20.016,1448,4,5792,5792,14806722,14806722,79656,NaN,10458,6586,10457,194,NaN,NaN,2001344,839584,10458,72704,291328,NaN,NaN
2026-05-01 15:23:27.312,55212,ESTAB,prague,232,29.983,11.502,20.016,1448,4,5792,5792,14806722,14806722,79656,NaN,10458,6586,10457,194,NaN,NaN,2001344,839584,10458,72704,291328,NaN,NaN
2026-05-01 15:23:27.590,55212,ESTAB,prague,232,29.983,11.502,20.016,1448,4,5792,5792,14806722,14806722,79656,NaN,10458,6586,10457,194,NaN,NaN,2001344,839584,10458,72704,291328,NaN,NaN
2026-05-01 15:23:27.849,55212,ESTAB,prague,232,29.983,11.502,20.016,1448,4,5792,5792,14806722,14806722,79656,NaN,10458,6586,10457,194,NaN,NaN,2001344,839584,10458,72704,291328,NaN,NaN
2026-05-01 15:23:28.092,55212,ESTAB,prague,228,24.133,4.773,20.016,1419,3,4257,2838,14823878,14819657,80480,NaN,10471,6597,10470,196,NaN,NaN,1199824,1404832,10468,72192,297472,3,93578
2026-05-01 15:23:28.380,55212,ESTAB,prague,228,24.416,2.943,20.016,1448,3,4344,4344,14872789,14868481,80480,NaN,10506,6619,10505,196,NaN,NaN,1470880,1435200,10503,72192,297472,3,44667
2026-05-01 15:23:28.652,55212,ESTAB,prague,228,24.841,3.48,20.016,1448,4,5792,4344,14917456,14917456,80480,NaN,10538,6643,10537,196,NaN,NaN,1819720,1879752,10538,72704,297472,NaN,NaN
2026-05-01 15:23:28.914,55212,ESTAB,prague,228,24.841,3.48,20.016,1448,4,5792,4344,14917456,14917456,80480,NaN,10538,6643,10537,196,NaN,NaN,1819720,1879752,10538,72704,297472,NaN,NaN
2026-05-01 15:23:29.175,55212,ESTAB,prague,228,24.841,3.48,20.016,1448,4,5792,4344,14917456,14917456,80480,NaN,10538,6643,10537,196,NaN,NaN,1819720,1879752,10538,72704,297472,NaN,NaN
2026-05-01 15:23:29.437,55212,ESTAB,prague,228,24.841,3.48,20.016,1448,4,5792,4344,14917456,14917456,80480,NaN,10538,6643,10537,196,NaN,NaN,1819720,1879752,10538,72704,297472,NaN,NaN
2026-05-01 15:23:29.699,55212,ESTAB,prague,228,24.841,3.48,20.016,1448,4,5792,4344,14917456,14917456,80480,NaN,10538,6643,10537,196,NaN,NaN,1819720,1879752,10538,72704,297472,NaN,NaN
2026-05-01 15:23:29.961,55212,ESTAB,prague,228,24.841,3.48,20.016,1448,4,5792,4344,14917456,14917456,80480,NaN,10538,6643,10537,196,NaN,NaN,1819720,1879752,10538,72704,297472,NaN,NaN
2026-05-01 15:23:30.222,55212,ESTAB,prague,228,24.845,4.044,20.016,1448,5,7240,5792,14956239,14950495,81304,NaN,10566,6661,10565,198,NaN,NaN,2190888,2001032,10562,72192,303104,4,20253
2026-05-01 15:23:30.484,55212,ESTAB,prague,224,23.146,2.002,20.016,1448,5,7240,5792,14976492,14976492,81304,NaN,10581,6674,10580,198,NaN,NaN,2592200,1876176,10581,72704,303104,NaN,NaN
2026-05-01 15:23:30.754,55212,ESTAB,prague,224,23.146,2.002,20.016,1448,5,7240,5792,14976492,14976492,81304,NaN,10581,6674,10580,198,NaN,NaN,2592200,1876176,10581,72704,303104,NaN,NaN
2026-05-01 15:23:31.032,55212,ESTAB,prague,224,23.146,2.002,20.016,1448,5,7240,5792,14976492,14976492,81304,NaN,10581,6674,10580,198,NaN,NaN,2592200,1876176,10581,72704,303104,NaN,NaN
2026-05-01 15:23:31.299,55212,ESTAB,prague,224,23.146,2.002,20.016,1448,5,7240,5792,14976492,14976492,81304,NaN,10581,6674,10580,198,NaN,NaN,2592200,1876176,10581,72704,303104,NaN,NaN
2026-05-01 15:23:31.560,55212,ESTAB,prague,224,23.146,2.002,20.016,1448,5,7240,5792,14976492,14976492,81304,NaN,10581,6674,10580,198,NaN,NaN,2592200,1876176,10581,72704,303104,NaN,NaN
2026-05-01 15:23:31.821,55212,ESTAB,prague,224,23.146,2.002,20.016,1448,5,7240,5792,14976492,14976492,81304,NaN,10581,6674,10580,198,NaN,NaN,2592200,1876176,10581,72704,303104,NaN,NaN
2026-05-01 15:23:32.086,55212,ESTAB,prague,224,22.925,1.743,20.016,1448,5,7240,5792,14979375,14979375,81712,NaN,10584,6677,10583,199,NaN,NaN,2128728,1876176,10584,72704,306176,NaN,NaN
2026-05-01 15:23:32.337,55212,ESTAB,prague,224,23.988,2.753,20.016,1448,5,7240,5792,15052611,15045431,82128,NaN,10635,6711,10634,200,NaN,NaN,2501120,2238880,10630,72192,308736,5,22088
2026-05-01 15:23:32.598,55212,ESTAB,prague,228,24.748,2.133,20.016,1448,4,5792,5792,15074699,15074699,82128,NaN,10651,6724,10650,200,NaN,NaN,2022896,1917480,10651,72704,308736,NaN,NaN
2026-05-01 15:23:32.860,55212,ESTAB,prague,228,24.748,2.133,20.016,1448,4,5792,5792,15074699,15074699,82128,NaN,10651,6724,10650,200,NaN,NaN,2022896,1917480,10651,72704,308736,NaN,NaN
2026-05-01 15:23:33.122,55212,ESTAB,prague,228,24.748,2.133,20.016,1448,4,5792,5792,15074699,15074699,82128,NaN,10651,6724,10650,200,NaN,NaN,2022896,1917480,10651,72704,308736,NaN,NaN
2026-05-01 15:23:33.388,55212,ESTAB,prague,228,24.748,2.133,20.016,1448,4,5792,5792,15074699,15074699,82128,NaN,10651,6724,10650,200,NaN,NaN,2022896,1917480,10651,72704,308736,NaN,NaN
2026-05-01 15:23:33.653,55212,ESTAB,prague,228,24.748,2.133,20.016,1448,4,5792,5792,15074699,15074699,82128,NaN,10651,6724,10650,200,NaN,NaN,2022896,1917480,10651,72704,308736,NaN,NaN
2026-05-01 15:23:33.874,55212,ESTAB,prague,228,24.748,2.133,20.016,1448,4,5792,5792,15074699,15074699,82128,NaN,10651,6724,10650,200,NaN,NaN,2022896,1917480,10651,72704,308736,NaN,NaN
2026-05-01 15:23:34.096,55212,ESTAB,prague,228,24.748,2.133,20.016,1448,4,5792,5792,15077582,15074699,82536,NaN,10654,6725,10653,201,NaN,NaN,2022896,1917480,10651,72704,311808,3,NaN
2026-05-01 15:23:34.340,55212,ESTAB,prague,224,22.887,0.366,20.016,1448,11,15928,5792,15151576,15151576,82952,NaN,10706,6754,10705,202,NaN,NaN,5767432,4980864,10706,72704,314880,NaN,NaN
2026-05-01 15:23:34.608,55212,ESTAB,prague,224,22.887,0.366,20.016,1448,11,15928,5792,15151576,15151576,82952,NaN,10706,6754,10705,202,NaN,NaN,5767432,4980864,10706,72704,314880,NaN,NaN
2026-05-01 15:23:34.864,55212,ESTAB,prague,224,22.887,0.366,20.016,1448,11,15928,5792,15151576,15151576,82952,NaN,10706,6754,10705,202,NaN,NaN,5767432,4980864,10706,72704,314880,NaN,NaN
2026-05-01 15:23:35.126,55212,ESTAB,prague,224,22.887,0.366,20.016,1448,11,15928,5792,15151576,15151576,82952,NaN,10706,6754,10705,202,NaN,NaN,5767432,4980864,10706,72704,314880,NaN,NaN
2026-05-01 15:23:35.390,55212,ESTAB,prague,224,22.887,0.366,20.016,1448,11,15928,5792,15151576,15151576,82952,NaN,10706,6754,10705,202,NaN,NaN,5767432,4980864,10706,72704,314880,NaN,NaN
2026-05-01 15:23:35.653,55212,ESTAB,prague,224,22.887,0.366,20.016,1448,11,15928,5792,15151576,15151576,82952,NaN,10706,6754,10705,202,NaN,NaN,5767432,4980864,10706,72704,314880,NaN,NaN
2026-05-01 15:23:35.893,55212,ESTAB,prague,224,22.887,0.366,20.016,1448,11,15928,5792,15151576,15151576,82952,NaN,10706,6754,10705,202,NaN,NaN,5767432,4980864,10706,72704,314880,NaN,NaN
2026-05-01 15:23:36.138,55212,ESTAB,prague,224,22.887,0.366,20.016,1448,11,15928,5792,15154459,15151576,83360,NaN,10709,6755,10708,203,NaN,NaN,5767432,4980864,10706,72704,317440,3,NaN
2026-05-01 15:23:36.402,55212,ESTAB,prague,224,22.722,0.844,20.016,1448,13,18824,18824,15248852,15248852,83776,NaN,10775,6790,10774,204,NaN,NaN,6865352,6855016,10775,72192,320512,NaN,NaN
2026-05-01 15:23:36.672,55212,ESTAB,prague,224,22.722,0.844,20.016,1448,13,18824,18824,15248852,15248852,83776,NaN,10775,6790,10774,204,NaN,NaN,6865352,6855016,10775,72192,320512,NaN,NaN
2026-05-01 15:23:36.931,55212,ESTAB,prague,224,22.722,0.844,20.016,1448,13,18824,18824,15248852,15248852,83776,NaN,10775,6790,10774,204,NaN,NaN,6865352,6855016,10775,72192,320512,NaN,NaN
2026-05-01 15:23:37.164,55212,ESTAB,prague,224,22.722,0.844,20.016,1448,13,18824,18824,15248852,15248852,83776,NaN,10775,6790,10774,204,NaN,NaN,6865352,6855016,10775,72192,320512,NaN,NaN
2026-05-01 15:23:37.413,55212,ESTAB,prague,224,22.722,0.844,20.016,1448,13,18824,18824,15248852,15248852,83776,NaN,10775,6790,10774,204,NaN,NaN,6865352,6855016,10775,72192,320512,NaN,NaN
2026-05-01 15:23:37.686,55212,ESTAB,prague,224,22.722,0.844,20.016,1448,13,18824,18824,15248852,15248852,83776,NaN,10775,6790,10774,204,NaN,NaN,6865352,6855016,10775,72192,320512,NaN,NaN
2026-05-01 15:23:37.959,55212,ESTAB,prague,224,22.722,0.844,20.016,1448,13,18824,18824,15248852,15248852,83776,NaN,10775,6790,10774,204,NaN,NaN,6865352,6855016,10775,72192,320512,NaN,NaN
2026-05-01 15:23:38.222,55212,ESTAB,prague,224,22.095,0.509,20.016,1448,13,18824,18824,15281891,15263223,84600,NaN,10799,6798,10798,206,NaN,NaN,7060040,6855016,10786,72704,326144,13,38514
2026-05-01 15:23:38.503,55212,ESTAB,prague,224,21.919,0.934,20.016,1448,13,18824,18824,15320405,15320405,84600,NaN,10826,6824,10825,206,NaN,NaN,7116928,6470672,10826,72192,326144,NaN,NaN
2026-05-01 15:23:38.764,55212,ESTAB,prague,224,21.919,0.934,20.016,1448,13,18824,18824,15320405,15320405,84600,NaN,10826,6824,10825,206,NaN,NaN,7116928,6470672,10826,72192,326144,NaN,NaN
2026-05-01 15:23:39.030,55212,ESTAB,prague,224,21.919,0.934,20.016,1448,13,18824,18824,15320405,15320405,84600,NaN,10826,6824,10825,206,NaN,NaN,7116928,6470672,10826,72192,326144,NaN,NaN
2026-05-01 15:23:39.278,55212,ESTAB,prague,224,21.919,0.934,20.016,1448,13,18824,18824,15320405,15320405,84600,NaN,10826,6824,10825,206,NaN,NaN,7116928,6470672,10826,72192,326144,NaN,NaN
2026-05-01 15:23:39.532,55212,ESTAB,prague,224,21.919,0.934,20.016,1448,13,18824,18824,15320405,15320405,84600,NaN,10826,6824,10825,206,NaN,NaN,7116928,6470672,10826,72192,326144,NaN,NaN
2026-05-01 15:23:39.798,55212,ESTAB,prague,224,21.919,0.934,20.016,1448,13,18824,18824,15320405,15320405,84600,NaN,10826,6824,10825,206,NaN,NaN,7116928,6470672,10826,72192,326144,NaN,NaN
2026-05-01 15:23:40.064,55212,ESTAB,prague,224,21.919,0.934,20.016,1448,13,18824,18824,15320405,15320405,84600,NaN,10826,6824,10825,206,NaN,NaN,7116928,6470672,10826,72192,326144,NaN,NaN
2026-05-01 15:23:40.329,55212,ESTAB,prague,224,21.826,0.889,20.016,1448,11,15928,15928,15404266,15397960,85424,NaN,10886,6862,10885,208,NaN,NaN,6047624,6721056,10881,72192,332288,5,NaN
2026-05-01 15:23:40.587,55212,ESTAB,prague,228,27.918,12.306,20.016,1448,11,15928,15928,15404266,15404266,85424,NaN,10886,6865,10885,208,NaN,NaN,4727976,2196624,10886,72704,332288,NaN,NaN
2026-05-01 15:23:40.848,55212,ESTAB,prague,228,27.918,12.306,20.016,1448,11,15928,15928,15404266,15404266,85424,NaN,10886,6865,10885,208,NaN,NaN,4727976,2196624,10886,72704,332288,NaN,NaN
2026-05-01 15:23:41.115,55212,ESTAB,prague,228,27.918,12.306,20.016,1448,11,15928,15928,15404266,15404266,85424,NaN,10886,6865,10885,208,NaN,NaN,4727976,2196624,10886,72704,332288,NaN,NaN
2026-05-01 15:23:41.373,55212,ESTAB,prague,228,27.918,12.306,20.016,1448,11,15928,15928,15404266,15404266,85424,NaN,10886,6865,10885,208,NaN,NaN,4727976,2196624,10886,72704,332288,NaN,NaN
2026-05-01 15:23:41.629,55212,ESTAB,prague,228,27.918,12.306,20.016,1448,11,15928,15928,15404266,15404266,85424,NaN,10886,6865,10885,208,NaN,NaN,4727976,2196624,10886,72704,332288,NaN,NaN
2026-05-01 15:23:41.888,55212,ESTAB,prague,228,27.918,12.306,20.016,1448,11,15928,15928,15404266,15404266,85424,NaN,10886,6865,10885,208,NaN,NaN,4727976,2196624,10886,72704,332288,NaN,NaN
2026-05-01 15:23:42.145,55212,ESTAB,prague,228,27.918,12.306,20.016,1448,11,15928,15928,15404266,15404266,85424,NaN,10886,6865,10885,208,NaN,NaN,4727976,2196624,10886,72704,332288,NaN,NaN
2026-05-01 15:23:42.403,55212,ESTAB,prague,224,22.779,1.523,20.016,1448,13,18824,18824,15516305,15509105,86248,NaN,10966,6908,10965,210,NaN,NaN,6848296,6470672,10960,72192,337920,6,NaN
2026-05-01 15:23:42.667,55212,ESTAB,prague,224,21.929,0.967,20.016,1448,13,18824,18824,15516305,15516305,86248,NaN,10966,6914,10965,210,NaN,NaN,7113600,6170536,10966,72704,337920,NaN,NaN
2026-05-01 15:23:42.916,55212,ESTAB,prague,224,21.929,0.967,20.016,1448,13,18824,18824,15516305,15516305,86248,NaN,10966,6914,10965,210,NaN,NaN,7113600,6170536,10966,72704,337920,NaN,NaN
2026-05-01 15:23:43.173,55212,ESTAB,prague,224,21.929,0.967,20.016,1448,13,18824,18824,15516305,15516305,86248,NaN,10966,6914,10965,210,NaN,NaN,7113600,6170536,10966,72704,337920,NaN,NaN
2026-05-01 15:23:43.438,55212,ESTAB,prague,224,21.929,0.967,20.016,1448,13,18824,18824,15516305,15516305,86248,NaN,10966,6914,10965,210,NaN,NaN,7113600,6170536,10966,72704,337920,NaN,NaN
2026-05-01 15:23:43.699,55212,ESTAB,prague,224,21.929,0.967,20.016,1448,13,18824,18824,15516305,15516305,86248,NaN,10966,6914,10965,210,NaN,NaN,7113600,6170536,10966,72704,337920,NaN,NaN
2026-05-01 15:23:43.972,55212,ESTAB,prague,224,21.929,0.967,20.016,1448,13,18824,18824,15516305,15516305,86248,NaN,10966,6914,10965,210,NaN,NaN,7113600,6170536,10966,72704,337920,NaN,NaN
2026-05-01 15:23:44.237,55212,ESTAB,prague,224,21.929,0.967,20.016,1448,13,18824,18824,15516305,15516305,86248,NaN,10966,6914,10965,210,NaN,NaN,7113600,6170536,10966,72704,337920,NaN,NaN
2026-05-01 15:23:44.495,55212,ESTAB,prague,232,28.094,11.985,20.016,1448,11,15928,15928,15599292,15599292,87072,NaN,11025,6953,11024,212,NaN,NaN,4698408,2262632,11025,72704,343552,NaN,NaN
2026-05-01 15:23:44.756,55212,ESTAB,prague,232,28.094,11.985,20.016,1448,11,15928,15928,15599292,15599292,87072,NaN,11025,6953,11024,212,NaN,NaN,4698408,2262632,11025,72704,343552,NaN,NaN
2026-05-01 15:23:45.026,55212,ESTAB,prague,232,28.094,11.985,20.016,1448,11,15928,15928,15599292,15599292,87072,NaN,11025,6953,11024,212,NaN,NaN,4698408,2262632,11025,72704,343552,NaN,NaN
2026-05-01 15:23:45.283,55212,ESTAB,prague,232,28.094,11.985,20.016,1448,11,15928,15928,15599292,15599292,87072,NaN,11025,6953,11024,212,NaN,NaN,4698408,2262632,11025,72704,343552,NaN,NaN
2026-05-01 15:23:45.551,55212,ESTAB,prague,232,28.094,11.985,20.016,1448,11,15928,15928,15599292,15599292,87072,NaN,11025,6953,11024,212,NaN,NaN,4698408,2262632,11025,72704,343552,NaN,NaN
2026-05-01 15:23:45.795,55212,ESTAB,prague,232,28.094,11.985,20.016,1448,11,15928,15928,15599292,15599292,87072,NaN,11025,6953,11024,212,NaN,NaN,4698408,2262632,11025,72704,343552,NaN,NaN
2026-05-01 15:23:46.064,55212,ESTAB,prague,232,28.094,11.985,20.016,1448,11,15928,15928,15599292,15599292,87072,NaN,11025,6953,11024,212,NaN,NaN,4698408,2262632,11025,72704,343552,NaN,NaN
2026-05-01 15:23:46.333,55212,ESTAB,prague,228,25.482,8.98,20.016,1448,11,15928,15928,15609355,15602175,87896,NaN,11033,6958,11032,214,NaN,NaN,5180032,2262632,11028,72704,349696,5,87863
2026-05-01 15:23:46.594,55212,ESTAB,prague,224,23.354,1.701,20.016,1448,13,18824,18824,15697218,15697218,87896,NaN,11095,6992,11094,214,NaN,NaN,6679608,6705488,11095,72704,349696,NaN,NaN
2026-05-01 15:23:46.855,55212,ESTAB,prague,224,23.354,1.701,20.016,1448,13,18824,18824,15697218,15697218,87896,NaN,11095,6992,11094,214,NaN,NaN,6679608,6705488,11095,72704,349696,NaN,NaN
2026-05-01 15:23:47.117,55212,ESTAB,prague,224,23.354,1.701,20.016,1448,13,18824,18824,15697218,15697218,87896,NaN,11095,6992,11094,214,NaN,NaN,6679608,6705488,11095,72704,349696,NaN,NaN
2026-05-01 15:23:47.378,55212,ESTAB,prague,224,23.354,1.701,20.016,1448,13,18824,18824,15697218,15697218,87896,NaN,11095,6992,11094,214,NaN,NaN,6679608,6705488,11095,72704,349696,NaN,NaN
2026-05-01 15:23:47.647,55212,ESTAB,prague,224,23.354,1.701,20.016,1448,13,18824,18824,15697218,15697218,87896,NaN,11095,6992,11094,214,NaN,NaN,6679608,6705488,11095,72704,349696,NaN,NaN
2026-05-01 15:23:47.899,55212,ESTAB,prague,224,23.354,1.701,20.016,1448,13,18824,18824,15697218,15697218,87896,NaN,11095,6992,11094,214,NaN,NaN,6679608,6705488,11095,72704,349696,NaN,NaN
2026-05-01 15:23:48.159,55212,ESTAB,prague,224,23.354,1.701,20.016,1448,13,18824,18824,15697218,15697218,87896,NaN,11095,6992,11094,214,NaN,NaN,6679608,6705488,11095,72704,349696,NaN,NaN
2026-05-01 15:23:48.431,55212,ESTAB,prague,224,22.682,0.734,20.016,1448,13,18824,18824,15764721,15746053,88720,NaN,11143,7012,11142,216,NaN,NaN,6877520,6846912,11130,72192,355328,13,26905
2026-05-01 15:23:48.710,55212,ESTAB,prague,232,28.472,12.746,20.016,1448,11,15928,15928,15791626,15791626,88720,NaN,11162,7035,11161,216,NaN,NaN,4636016,2165416,11162,72704,355328,NaN,NaN
2026-05-01 15:23:48.954,55212,ESTAB,prague,232,28.472,12.746,20.016,1448,11,15928,15928,15791626,15791626,88720,NaN,11162,7035,11161,216,NaN,NaN,4636016,2165416,11162,72704,355328,NaN,NaN
2026-05-01 15:23:49.204,55212,ESTAB,prague,232,28.472,12.746,20.016,1448,11,15928,15928,15791626,15791626,88720,NaN,11162,7035,11161,216,NaN,NaN,4636016,2165416,11162,72704,355328,NaN,NaN
2026-05-01 15:23:49.471,55212,ESTAB,prague,232,28.472,12.746,20.016,1448,11,15928,15928,15791626,15791626,88720,NaN,11162,7035,11161,216,NaN,NaN,4636016,2165416,11162,72704,355328,NaN,NaN
2026-05-01 15:23:49.741,55212,ESTAB,prague,232,28.472,12.746,20.016,1448,11,15928,15928,15791626,15791626,88720,NaN,11162,7035,11161,216,NaN,NaN,4636016,2165416,11162,72704,355328,NaN,NaN
2026-05-01 15:23:50.014,55212,ESTAB,prague,232,28.472,12.746,20.016,1448,11,15928,15928,15791626,15791626,88720,NaN,11162,7035,11161,216,NaN,NaN,4636016,2165416,11162,72704,355328,NaN,NaN
2026-05-01 15:23:50.275,55212,ESTAB,prague,232,28.472,12.746,20.016,1448,11,15928,15928,15791626,15791626,88720,NaN,11162,7035,11161,216,NaN,NaN,4636016,2165416,11162,72704,355328,NaN,NaN
2026-05-01 15:23:50.543,55212,ESTAB,prague,224,23.406,1.354,20.016,1448,13,18824,18824,15900675,15900675,89544,NaN,11239,7077,11238,218,NaN,NaN,6664632,6705360,11239,72192,360960,NaN,NaN
2026-05-01 15:23:50.809,55212,ESTAB,prague,224,23.406,1.354,20.016,1448,13,18824,18824,15900675,15900675,89544,NaN,11239,7077,11238,218,NaN,NaN,6664632,6705360,11239,72192,360960,NaN,NaN
2026-05-01 15:23:51.062,55212,ESTAB,prague,224,23.406,1.354,20.016,1448,13,18824,18824,15900675,15900675,89544,NaN,11239,7077,11238,218,NaN,NaN,6664632,6705360,11239,72192,360960,NaN,NaN
2026-05-01 15:23:51.329,55212,ESTAB,prague,224,23.406,1.354,20.016,1448,13,18824,18824,15900675,15900675,89544,NaN,11239,7077,11238,218,NaN,NaN,6664632,6705360,11239,72192,360960,NaN,NaN
2026-05-01 15:23:51.593,55212,ESTAB,prague,224,23.406,1.354,20.016,1448,13,18824,18824,15900675,15900675,89544,NaN,11239,7077,11238,218,NaN,NaN,6664632,6705360,11239,72192,360960,NaN,NaN
2026-05-01 15:23:51.847,55212,ESTAB,prague,224,23.406,1.354,20.016,1448,13,18824,18824,15900675,15900675,89544,NaN,11239,7077,11238,218,NaN,NaN,6664632,6705360,11239,72192,360960,NaN,NaN
2026-05-01 15:23:52.109,55212,ESTAB,prague,224,23.406,1.354,20.016,1448,13,18824,18824,15900675,15900675,89544,NaN,11239,7077,11238,218,NaN,NaN,6664632,6705360,11239,72192,360960,NaN,NaN
2026-05-01 15:23:52.367,55212,ESTAB,prague,224,23.406,1.354,20.016,1448,13,18824,18824,15900675,15900675,89544,NaN,11239,7077,11238,218,NaN,NaN,6664632,6705360,11239,72192,360960,NaN,NaN
2026-05-01 15:23:52.616,55212,ESTAB,prague,224,22.163,0.928,20.016,1448,12,17376,15928,16004846,16004846,90368,NaN,11313,7124,11312,220,NaN,NaN,6496992,5348328,11313,72192,367104,NaN,NaN
2026-05-01 15:23:52.866,55212,ESTAB,prague,224,22.163,0.928,20.016,1448,12,17376,15928,16004846,16004846,90368,NaN,11313,7124,11312,220,NaN,NaN,6496992,5348328,11313,72192,367104,NaN,NaN
2026-05-01 15:23:53.122,55212,ESTAB,prague,224,22.163,0.928,20.016,1448,12,17376,15928,16004846,16004846,90368,NaN,11313,7124,11312,220,NaN,NaN,6496992,5348328,11313,72192,367104,NaN,NaN
2026-05-01 15:23:53.380,55212,ESTAB,prague,224,22.163,0.928,20.016,1448,12,17376,15928,16004846,16004846,90368,NaN,11313,7124,11312,220,NaN,NaN,6496992,5348328,11313,72192,367104,NaN,NaN
