timestamp,dst_port,state,cc_algo,rto_ms,rtt_ms,rtt_var_ms,min_rtt_ms,mss_bytes,cwnd_pkts,cwnd_bytes,ssthresh_bytes,bytes_sent,bytes_acked,bytes_received,bytes_retrans,segs_out,segs_in,data_segs_out,data_segs_in,retrans_outstanding,retrans_total,pacing_rate_bps,delivery_rate_bps,delivered_pkts,snd_wnd_bytes,rcv_wnd_bytes,unacked_pkts,notsent_bytes
2026-05-01 16:19:21.902,49614,ESTAB,prague,224,20.905,4.885,20.213,1448,9,13032,13032,2883,2883,408,NaN,4,6,3,1,NaN,NaN,5166000,1597712,4,48640,43520,NaN,NaN
2026-05-01 16:19:22.188,49614,ESTAB,prague,224,20.905,4.885,20.213,1448,9,13032,13032,2883,2883,408,NaN,4,6,3,1,NaN,NaN,5166000,1597712,4,48640,43520,NaN,NaN
2026-05-01 16:19:22.909,49626,ESTAB,prague,224,21.426,1.466,20.12,1448,7,10136,8688,32436,23820,822,NaN,24,21,23,2,NaN,NaN,3920392,2938856,18,61440,43520,6,63184
2026-05-01 16:19:23.158,49626,ESTAB,prague,228,24.336,1.309,20.034,1448,13,18824,18824,200119,199063,1228,NaN,142,91,141,3,NaN,NaN,6410144,6215360,141,76288,43520,1,NaN
2026-05-01 16:19:23.383,49626,ESTAB,prague,224,22.097,0.494,20.023,1448,14,20272,17376,369567,350899,1644,NaN,260,146,259,4,NaN,NaN,7602672,6924384,247,76288,43520,13,93340
2026-05-01 16:19:23.607,49626,ESTAB,prague,224,22.077,0.571,20.022,1448,14,20272,17376,554811,534707,1644,NaN,389,217,388,4,NaN,NaN,7609392,6616904,375,76288,43520,14,57440
2026-05-01 16:19:23.830,49626,ESTAB,prague,224,21.846,0.932,20.018,1448,12,17376,17376,718515,701283,1644,NaN,503,276,502,4,NaN,NaN,6591360,6656288,491,76288,43520,12,117752
2026-05-01 16:19:24.071,49626,ESTAB,prague,224,22.064,0.47,20.018,1448,14,20272,17376,912375,893707,1644,NaN,638,343,637,4,NaN,NaN,7613872,6874096,625,76288,43520,13,73236
2026-05-01 16:19:24.306,49626,ESTAB,prague,224,21.706,0.163,20.018,1448,13,18824,15928,1109107,1091875,1644,NaN,775,420,774,4,NaN,NaN,7186712,6678256,763,76288,43520,12,100520
2026-05-01 16:19:24.531,49626,ESTAB,prague,224,22.259,0.572,20.018,1448,12,17376,15928,1290043,1274247,1644,NaN,901,491,900,4,NaN,NaN,6469152,6092296,890,76288,43520,11,68928
2026-05-01 16:19:24.760,49626,ESTAB,prague,228,27.445,11.052,20.018,1448,14,20272,17376,1393396,1393396,1644,NaN,973,533,972,4,NaN,NaN,6121136,2265352,973,76288,43520,NaN,NaN
2026-05-01 16:19:24.985,49626,ESTAB,prague,228,24.065,0.954,20.018,1448,14,20272,20272,1493927,1473823,2468,NaN,1044,564,1043,6,NaN,NaN,6980960,6699544,1030,76288,43520,14,127804
2026-05-01 16:19:25.207,49626,ESTAB,prague,228,27.512,8.019,20.018,1448,12,17376,15928,1654759,1640399,2468,NaN,1156,626,1155,6,NaN,NaN,5234016,3292096,1146,76288,43520,10,116316
2026-05-01 16:19:25.433,49626,ESTAB,prague,224,21.741,0.178,20.018,1448,13,18824,15928,1838567,1821335,2468,NaN,1284,696,1283,6,NaN,NaN,7175168,6597120,1272,76288,43520,12,81852
2026-05-01 16:19:25.657,49626,ESTAB,prague,224,23.229,1.684,20.018,1448,13,18824,17376,2022375,2005143,2468,NaN,1412,762,1411,6,NaN,NaN,6715488,6082696,1400,76288,43520,12,122060
2026-05-01 16:19:25.878,49626,ESTAB,prague,224,22.109,0.492,20.018,1448,14,20272,15928,2206183,2186079,2468,NaN,1540,832,1539,6,NaN,NaN,7598528,6860520,1526,76288,43520,14,87596
2026-05-01 16:19:26.102,49626,ESTAB,prague,224,21.76,0.559,20.018,1448,13,18824,15928,2384247,2365579,2468,NaN,1664,902,1663,6,NaN,NaN,7168928,6604640,1651,76288,43520,13,133548
2026-05-01 16:19:26.332,49626,ESTAB,prague,224,22.192,0.629,20.018,1448,12,17376,15928,2569491,2552259,2468,NaN,1793,975,1792,6,NaN,NaN,6488544,5750024,1781,76288,43520,12,44877
2026-05-01 16:19:26.576,49626,ESTAB,prague,224,22.437,0.866,20.018,1448,12,17376,17376,2614368,2614368,2468,NaN,1825,997,1824,6,NaN,NaN,6417792,6794704,1825,76800,43520,NaN,NaN
2026-05-01 16:19:26.806,49626,ESTAB,prague,224,22.437,0.866,20.018,1448,12,17376,17376,2614368,2614368,2468,NaN,1825,997,1824,6,NaN,NaN,6417792,6794704,1825,76800,43520,NaN,NaN
2026-05-01 16:19:27.033,49626,ESTAB,prague,224,21.99,1.036,20.018,1448,11,15928,15928,2727823,2712027,3292,NaN,1905,1041,1904,8,NaN,NaN,6002656,6728560,1894,76288,43520,11,114880
2026-05-01 16:19:27.262,49626,ESTAB,prague,224,22.306,1.06,20.018,1448,13,18824,18824,2914503,2895835,3292,NaN,2035,1108,2034,8,NaN,NaN,6993480,6397824,2022,76288,43520,13,77544
2026-05-01 16:19:27.493,49626,ESTAB,prague,224,22.225,0.579,20.015,1448,13,18824,18824,3101183,3082515,3292,NaN,2165,1178,2164,8,NaN,NaN,7018960,6978312,2152,76288,43520,13,114880
2026-05-01 16:19:27.728,49626,ESTAB,prague,224,21.999,0.233,20.015,1448,14,20272,17376,3295043,3274939,3292,NaN,2300,1252,2299,8,NaN,NaN,7636608,6914784,2286,76288,43520,14,70364
2026-05-01 16:19:27.952,49626,ESTAB,prague,224,22.258,0.875,20.015,1448,13,18824,17376,3474543,3455875,3292,NaN,2425,1322,2424,8,NaN,NaN,7008456,6169904,2412,76288,43520,13,114880
2026-05-01 16:19:28.185,49626,ESTAB,prague,224,22.147,0.498,20.015,1448,12,17376,15928,3662659,3645427,3292,NaN,2556,1396,2555,8,NaN,NaN,6501696,6060688,2544,76288,43520,12,39386
2026-05-01 16:19:28.425,49626,ESTAB,prague,228,27.465,10.824,20.015,1448,12,17376,17376,3702045,3702045,3292,NaN,2584,1417,2583,8,NaN,NaN,5242944,2530480,2584,76800,43520,NaN,NaN
2026-05-01 16:19:28.665,49626,ESTAB,prague,228,27.465,10.824,20.015,1448,12,17376,17376,3702045,3702045,3292,NaN,2584,1417,2583,8,NaN,NaN,5242944,2530480,2584,76800,43520,NaN,NaN
2026-05-01 16:19:28.904,49626,ESTAB,prague,228,27.465,10.824,20.015,1448,12,17376,17376,3702045,3702045,3292,NaN,2584,1417,2583,8,NaN,NaN,5242944,2530480,2584,76800,43520,NaN,NaN
2026-05-01 16:19:29.153,49626,ESTAB,prague,224,21.807,0.349,20.015,1448,13,18824,17376,3882992,3864324,4116,NaN,2711,1484,2710,10,NaN,NaN,7153536,6685000,2698,76288,43520,13,122060
2026-05-01 16:19:29.398,49626,ESTAB,prague,224,21.724,0.376,20.015,1448,13,18824,15928,4079724,4061056,4116,NaN,2848,1560,2847,10,NaN,NaN,7180888,6426032,2835,76288,43520,13,74672
2026-05-01 16:19:29.631,49626,ESTAB,prague,224,22.122,0.459,20.015,1448,13,18824,15928,4273584,4257788,4116,NaN,2983,1636,2982,10,NaN,NaN,7051512,6311368,2972,76288,43520,11,104828
2026-05-01 16:19:29.864,49626,ESTAB,prague,224,21.985,0.695,20.015,1448,12,17376,15928,4463136,4447340,4116,NaN,3115,1710,3114,10,NaN,NaN,6549792,5291688,3104,76288,43520,11,139292
2026-05-01 16:19:30.099,49626,ESTAB,prague,224,22.023,1.007,20.015,1448,11,15928,15928,4654124,4638328,4116,NaN,3248,1784,3247,10,NaN,NaN,5993680,6719552,3237,76288,43520,11,97648
2026-05-01 16:19:30.340,49626,ESTAB,prague,228,27.266,10.736,20.015,1448,13,18824,17376,4767564,4767564,4116,NaN,3327,1830,3326,10,NaN,NaN,5721248,2266272,3327,76800,43520,NaN,NaN
2026-05-01 16:19:30.580,49626,ESTAB,prague,228,27.266,10.736,20.015,1448,13,18824,17376,4767564,4767564,4116,NaN,3327,1830,3326,10,NaN,NaN,5721248,2266272,3327,76800,43520,NaN,NaN
2026-05-01 16:19:30.819,49626,ESTAB,prague,228,27.266,10.736,20.015,1448,13,18824,17376,4767564,4767564,4116,NaN,3327,1830,3326,10,NaN,NaN,5721248,2266272,3327,76800,43520,NaN,NaN
2026-05-01 16:19:31.049,49626,ESTAB,prague,224,22.271,0.619,20.015,1448,14,20272,20272,4842247,4822143,4940,NaN,3380,1853,3379,12,NaN,NaN,7543200,7065256,3366,76288,43520,14,78980
2026-05-01 16:19:31.278,49626,ESTAB,prague,224,22.019,1.049,20.015,1448,11,15928,15928,5024619,5008823,4940,NaN,3507,1925,3506,12,NaN,NaN,5994560,5530072,3496,76288,43520,11,120624
2026-05-01 16:19:31.502,49626,ESTAB,prague,224,22.001,1.173,20.015,1448,13,18824,18824,5209863,5192631,4940,NaN,3636,1994,3635,12,NaN,NaN,7090304,6227392,3624,76288,43520,12,84724
2026-05-01 16:19:31.733,49626,ESTAB,prague,224,22.069,0.504,20.015,1448,14,20272,17376,5349541,5349155,4940,NaN,3734,2052,3733,12,NaN,NaN,7612304,6750904,3733,76288,43520,1,NaN
2026-05-01 16:19:31.967,49626,ESTAB,prague,228,27.32,10.88,20.015,1448,14,20272,17376,5349541,5349541,4940,NaN,3734,2053,3733,12,NaN,NaN,6149248,2277416,3734,76800,43520,NaN,NaN
2026-05-01 16:19:32.207,49626,ESTAB,prague,228,27.32,10.88,20.015,1448,14,20272,17376,5349541,5349541,4940,NaN,3734,2053,3733,12,NaN,NaN,6149248,2277416,3734,76800,43520,NaN,NaN
2026-05-01 16:19:32.476,49626,ESTAB,prague,228,27.32,10.88,20.015,1448,14,20272,17376,5349541,5349541,4940,NaN,3734,2053,3733,12,NaN,NaN,6149248,2277416,3734,76800,43520,NaN,NaN
2026-05-01 16:19:32.715,49626,ESTAB,prague,228,27.32,10.88,20.015,1448,14,20272,17376,5349541,5349541,4940,NaN,3734,2053,3733,12,NaN,NaN,6149248,2277416,3734,76800,43520,NaN,NaN
2026-05-01 16:19:32.970,49626,ESTAB,prague,228,27.32,10.88,20.015,1448,14,20272,17376,5349541,5349541,4940,NaN,3734,2053,3733,12,NaN,NaN,6149248,2277416,3734,76800,43520,NaN,NaN
2026-05-01 16:19:33.215,49626,ESTAB,prague,224,21.96,0.246,20.015,1448,15,21720,17376,5530488,5511820,5764,NaN,3861,2114,3860,14,NaN,NaN,8196480,7127048,3848,76288,43520,13,122060
2026-05-01 16:19:33.475,49626,ESTAB,prague,224,22.06,0.271,20.015,1448,14,20272,17376,5738708,5718604,5764,NaN,4006,2193,4005,14,NaN,NaN,7615328,6888400,3992,76288,43520,14,63184
2026-05-01 16:19:33.710,49626,ESTAB,prague,224,22.426,1.187,20.015,1448,11,15928,15928,5934004,5919644,5764,NaN,4142,2270,4141,14,NaN,NaN,5885880,6726456,4132,76288,43520,10,91904
2026-05-01 16:19:33.938,49626,ESTAB,prague,224,22.215,0.914,20.015,1448,13,18824,17376,6124992,6107760,5764,NaN,4275,2336,4274,14,NaN,NaN,7021976,6212648,4263,76288,43520,12,124932
2026-05-01 16:19:34.166,49626,ESTAB,prague,224,22.709,1.027,20.015,1448,13,18824,18824,6311672,6293004,5764,NaN,4405,2401,4404,14,NaN,NaN,6869512,6750296,4392,76288,43520,13,87596
2026-05-01 16:19:34.403,49626,ESTAB,prague,224,21.965,0.244,20.015,1448,14,20272,17376,6476753,6476753,5764,NaN,4520,2472,4519,14,NaN,NaN,7648256,6924088,4520,76288,43520,NaN,NaN
2026-05-01 16:19:34.645,49626,ESTAB,prague,224,21.965,0.244,20.015,1448,14,20272,17376,6476753,6476753,5764,NaN,4520,2472,4519,14,NaN,NaN,7648256,6924088,4520,76288,43520,NaN,NaN
2026-05-01 16:19:34.893,49626,ESTAB,prague,224,21.965,0.244,20.015,1448,14,20272,17376,6476753,6476753,5764,NaN,4520,2472,4519,14,NaN,NaN,7648256,6924088,4520,76288,43520,NaN,NaN
2026-05-01 16:19:35.154,49626,ESTAB,prague,224,22.137,1.293,20.015,1448,12,17376,15928,6571540,6557180,6588,NaN,4587,2509,4586,16,NaN,NaN,6504864,5656752,4577,76288,43520,10,133548
2026-05-01 16:19:35.396,49626,ESTAB,prague,224,22.122,1.203,20.015,1448,11,15928,15928,6771144,6755348,6588,NaN,4726,2586,4725,16,NaN,NaN,5966752,5627768,4715,76288,43520,11,83288
2026-05-01 16:19:35.654,49626,ESTAB,prague,224,22.035,1.176,20.015,1448,12,17376,15928,6980800,6966440,6588,NaN,4872,2667,4871,16,NaN,NaN,6534816,5520728,4862,76288,43520,10,97648
2026-05-01 16:19:35.905,49626,ESTAB,prague,224,21.974,0.418,20.015,1448,14,20272,20272,7194764,7176096,6588,NaN,5021,2741,5020,16,NaN,NaN,7645232,6918992,5008,76288,43520,13,107700
2026-05-01 16:19:36.130,49626,ESTAB,prague,224,22.293,0.814,20.015,1448,13,18824,17376,7374264,7355596,6588,NaN,5146,2811,5145,16,NaN,NaN,6997432,6287104,5133,76288,43520,13,11847
2026-05-01 16:19:36.360,49626,ESTAB,prague,224,22.04,0.407,20.015,1448,14,20272,20272,7386111,7386111,6588,NaN,5155,2822,5154,16,NaN,NaN,7622272,7033392,5155,76800,43520,NaN,NaN
2026-05-01 16:19:36.606,49626,ESTAB,prague,224,22.04,0.407,20.015,1448,14,20272,20272,7386111,7386111,6588,NaN,5155,2822,5154,16,NaN,NaN,7622272,7033392,5155,76800,43520,NaN,NaN
2026-05-01 16:19:36.857,49626,ESTAB,prague,224,22.04,0.407,20.015,1448,14,20272,20272,7386111,7386111,6588,NaN,5155,2822,5154,16,NaN,NaN,7622272,7033392,5155,76800,43520,NaN,NaN
2026-05-01 16:19:37.091,49626,ESTAB,prague,224,21.785,0.376,20.015,1448,13,18824,18824,7407662,7388994,7412,NaN,5171,2826,5170,18,NaN,NaN,7160712,7033392,5158,76800,43520,13,132112
2026-05-01 16:19:37.329,49626,ESTAB,prague,224,22.02,1.041,20.015,1448,11,15928,15928,7602958,7587162,7412,NaN,5307,2910,5306,18,NaN,NaN,5994472,6707584,5296,76288,43520,11,86160
2026-05-01 16:19:37.566,49626,ESTAB,prague,224,21.578,0.497,20.015,1448,12,17376,17376,7796818,7779586,7412,NaN,5442,2984,5441,18,NaN,NaN,6673248,6682872,5430,76288,43520,12,116316
2026-05-01 16:19:37.813,49626,ESTAB,prague,224,21.798,0.799,20.015,1448,13,18824,18824,8000730,7982062,7412,NaN,5584,3061,5583,18,NaN,NaN,7156448,6446568,5571,76288,43520,13,61748
2026-05-01 16:19:38.053,49626,ESTAB,prague,224,22.931,1.137,20.015,1448,13,18824,17376,8193154,8175922,7412,NaN,5718,3130,5717,18,NaN,NaN,6802744,6009856,5706,76288,43520,12,93340
2026-05-01 16:19:38.303,49626,ESTAB,prague,224,23.622,1.43,20.015,1448,13,18824,18824,8401374,8382706,7412,NaN,5863,3203,5862,18,NaN,NaN,6603896,6332936,5850,76288,43520,13,109136
2026-05-01 16:19:38.540,49626,ESTAB,prague,224,22.335,1.198,20.015,1448,14,20272,17376,8570752,8552084,7828,NaN,5981,3270,5980,19,NaN,NaN,7521696,5311512,5968,76800,43520,13,126368
2026-05-01 16:19:38.795,49626,ESTAB,prague,224,21.944,0.406,20.015,1448,14,20272,15928,8780408,8761740,7828,NaN,6127,3351,6126,19,NaN,NaN,7655536,6902080,6114,76288,43520,13,66056
2026-05-01 16:19:39.025,49626,ESTAB,prague,224,21.726,0.428,20.015,1448,13,18824,15928,8965652,8946984,7828,NaN,6256,3423,6255,19,NaN,NaN,7179952,6379144,6243,76288,43520,13,104828
2026-05-01 16:19:39.261,49626,ESTAB,prague,224,23.624,1.418,20.015,1448,13,18824,18824,9153768,9136536,7828,NaN,6387,3490,6386,19,NaN,NaN,6603272,6385592,6375,76288,43520,12,66056
2026-05-01 16:19:39.498,49626,ESTAB,prague,224,22.024,0.403,20.015,1448,15,21720,17376,9325668,9315616,8244,NaN,6507,3561,6506,20,NaN,NaN,8172600,6993656,6500,76800,43520,7,140728
2026-05-01 16:19:39.727,49626,ESTAB,prague,224,22.534,1.195,20.015,1448,13,18824,17376,9510912,9492244,8244,NaN,6636,3630,6635,20,NaN,NaN,6922760,6070744,6623,76288,43520,13,104828
2026-05-01 16:19:39.965,49626,ESTAB,prague,224,22.968,1.174,20.015,1448,12,17376,17376,9703336,9687540,8244,NaN,6770,3705,6769,20,NaN,NaN,6269376,5998184,6759,76288,43520,11,136420
2026-05-01 16:19:40.201,49626,ESTAB,prague,224,22.131,0.662,20.015,1448,12,17376,17376,9895760,9878528,8244,NaN,6904,3779,6903,20,NaN,NaN,6506592,6813808,6892,76288,43520,12,93340
2026-05-01 16:19:40.447,49626,ESTAB,prague,224,22.218,1.258,20.015,1448,11,15928,15928,10098236,10083876,8244,NaN,7045,3858,7044,20,NaN,NaN,5940968,5882640,7035,76288,43520,10,114880
2026-05-01 16:19:40.682,49626,ESTAB,prague,224,21.751,0.689,20.015,1448,12,17376,17376,10272082,10272082,8244,NaN,7167,3930,7166,20,NaN,NaN,6620160,6178384,7167,76800,43520,NaN,NaN
2026-05-01 16:19:40.930,49626,ESTAB,prague,224,21.751,0.689,20.015,1448,12,17376,17376,10272082,10272082,8244,NaN,7167,3930,7166,20,NaN,NaN,6620160,6178384,7167,76800,43520,NaN,NaN
2026-05-01 16:19:41.185,49626,ESTAB,prague,224,21.724,0.572,20.015,1448,11,15928,15928,10295069,10280709,9068,NaN,7184,3936,7183,22,NaN,NaN,6076136,6178384,7174,76800,43520,10,130676
2026-05-01 16:19:41.432,49626,ESTAB,prague,224,22.1,1.284,20.015,1448,11,15928,15928,10503289,10487493,9068,NaN,7329,4016,7328,22,NaN,NaN,5972648,5659264,7318,76288,43520,11,71800
2026-05-01 16:19:41.670,49626,ESTAB,prague,224,22.182,1.111,20.015,1448,11,15928,15928,10698585,10684225,9068,NaN,7465,4092,7464,22,NaN,NaN,5950560,6699224,7455,76288,43520,10,100520
2026-05-01 16:19:41.902,49626,ESTAB,prague,224,21.56,0.593,20.015,1448,13,18824,18824,10893881,10875213,9068,NaN,7601,4165,7600,22,NaN,NaN,7235384,6683392,7588,76288,43520,13,129240
2026-05-01 16:19:42.131,49626,ESTAB,prague,224,23.089,1.51,20.015,1448,12,17376,17376,11073381,11057585,9068,NaN,7726,4230,7725,22,NaN,NaN,6236544,6717152,7715,76288,43520,11,99084
2026-05-01 16:19:42.372,49626,ESTAB,prague,224,22.576,1.144,20.015,1448,12,17376,17376,11271549,11254317,9068,NaN,7864,4306,7863,22,NaN,NaN,6378432,6813192,7852,76288,43520,12,124932
2026-05-01 16:19:42.599,49626,ESTAB,prague,224,21.808,0.156,20.015,1448,14,20272,15928,11458229,11438125,9068,NaN,7994,4377,7993,22,NaN,NaN,7703360,6895576,7980,76288,43520,14,33950
2026-05-01 16:19:42.834,49626,ESTAB,prague,224,22.223,0.718,20.015,1448,13,18824,17376,11492179,11492179,9068,NaN,8018,4396,8017,22,NaN,NaN,7019688,6336112,8018,76288,43520,NaN,NaN
2026-05-01 16:19:43.075,49626,ESTAB,prague,224,22.223,0.718,20.015,1448,13,18824,17376,11492179,11492179,9068,NaN,8018,4396,8017,22,NaN,NaN,7019688,6336112,8018,76288,43520,NaN,NaN
2026-05-01 16:19:43.321,49626,ESTAB,prague,224,22.217,1.234,20.015,1448,11,15928,15928,11604198,11588402,9892,NaN,8097,4439,8096,24,NaN,NaN,5941320,5920088,8086,76288,43520,11,116316
2026-05-01 16:19:43.557,49626,ESTAB,prague,224,22.779,1.404,20.015,1448,11,15928,15928,11796622,11783698,9892,NaN,8231,4514,8230,24,NaN,NaN,5794624,6707880,8222,76288,43520,9,73236
2026-05-01 16:19:43.795,49626,ESTAB,prague,224,21.811,0.992,20.015,1448,13,18824,18824,11993354,11974686,9892,NaN,8368,4587,8367,24,NaN,NaN,7152184,5886672,8355,76288,43520,13,100520
2026-05-01 16:19:44.041,49626,ESTAB,prague,224,22.595,1.544,20.015,1448,13,18824,18824,12194394,12175726,9892,NaN,8508,4662,8507,24,NaN,NaN,6904040,6184176,8495,76288,43520,13,86160
2026-05-01 16:19:44.281,49626,ESTAB,prague,224,23.385,1.695,20.015,1448,12,17376,17376,12297658,12297658,9892,NaN,8580,4710,8579,24,NaN,NaN,6157632,6725856,8580,76288,43520,NaN,NaN
2026-05-01 16:19:44.525,49626,ESTAB,prague,224,23.385,1.695,20.015,1448,12,17376,17376,12297658,12297658,9892,NaN,8580,4710,8579,24,NaN,NaN,6157632,6725856,8580,76288,43520,NaN,NaN
2026-05-01 16:19:44.770,49626,ESTAB,prague,224,23.385,1.695,20.015,1448,12,17376,17376,12297658,12297658,9892,NaN,8580,4710,8579,24,NaN,NaN,6157632,6725856,8580,76288,43520,NaN,NaN
2026-05-01 16:19:45.018,49626,ESTAB,prague,224,23.385,1.695,20.015,1448,12,17376,17376,12297658,12297658,9892,NaN,8580,4710,8579,24,NaN,NaN,6157632,6725856,8580,76288,43520,NaN,NaN
2026-05-01 16:19:45.260,49626,ESTAB,prague,224,22.327,0.724,20.015,1448,13,18824,17376,12336441,12317773,10716,NaN,8608,4720,8607,26,NaN,NaN,6986720,6725856,8595,76800,43520,13,114880
2026-05-01 16:19:45.504,49626,ESTAB,prague,224,22.646,1.619,20.015,1448,13,18824,17376,12537481,12520249,10716,NaN,8748,4798,8747,26,NaN,NaN,6888544,5790552,8736,76288,43520,12,137856
2026-05-01 16:19:45.748,49626,ESTAB,prague,224,23.064,1.121,20.015,1448,12,17376,17376,12732777,12715545,10716,NaN,8884,4873,8883,26,NaN,NaN,6243456,6721200,8872,76288,43520,12,91904
2026-05-01 16:19:45.988,49626,ESTAB,prague,224,22.816,1.361,20.015,1448,13,18824,18824,12938125,12919457,10716,NaN,9027,4945,9026,26,NaN,NaN,6837272,6700416,9014,76288,43520,13,110572
2026-05-01 16:19:46.217,49626,ESTAB,prague,224,21.946,0.277,20.015,1448,14,20272,17376,13123369,13103265,10716,NaN,9156,5016,9155,26,NaN,NaN,7654976,6931680,9142,76288,43520,14,74672
2026-05-01 16:19:46.457,49626,ESTAB,prague,224,22.098,0.552,20.015,1448,14,20272,17376,13315793,13298561,10716,NaN,9290,5091,9289,26,NaN,NaN,7602224,6550800,9278,76288,43520,12,30662
2026-05-01 16:19:46.701,49626,ESTAB,prague,232,28.441,10.685,20.015,1448,13,18824,17376,13346455,13346455,10716,NaN,9312,5109,9311,26,NaN,NaN,5484960,2057048,9312,76800,43520,NaN,NaN
2026-05-01 16:19:46.948,49626,ESTAB,prague,232,28.441,10.685,20.015,1448,13,18824,17376,13346455,13346455,10716,NaN,9312,5109,9311,26,NaN,NaN,5484960,2057048,9312,76800,43520,NaN,NaN
2026-05-01 16:19:47.202,49626,ESTAB,prague,232,28.441,10.685,20.015,1448,13,18824,17376,13346455,13346455,10716,NaN,9312,5109,9311,26,NaN,NaN,5484960,2057048,9312,76800,43520,NaN,NaN
2026-05-01 16:19:47.450,49626,ESTAB,prague,224,21.859,0.692,20.015,1448,13,18824,17376,13521658,13504426,11540,NaN,9435,5175,9434,28,NaN,NaN,7136584,6445696,9423,76288,43520,12,127804
2026-05-01 16:19:47.698,49626,ESTAB,prague,224,22.884,1.485,20.015,1448,13,18824,18824,13728442,13711210,11540,NaN,9579,5250,9578,28,NaN,NaN,6816680,6612736,9567,76288,43520,12,70364
2026-05-01 16:19:47.938,49626,ESTAB,prague,224,23.04,1.17,20.015,1448,13,18824,18824,13926610,13909378,11540,NaN,9717,5325,9716,28,NaN,NaN,6770608,6700096,9705,76288,43520,12,96212
2026-05-01 16:19:48.171,49626,ESTAB,prague,224,21.939,0.238,20.015,1448,14,20272,17376,14113290,14093186,11540,NaN,9847,5396,9846,28,NaN,NaN,7657440,7076048,9833,76288,43520,14,133548
2026-05-01 16:19:48.418,49626,ESTAB,prague,224,22.265,0.9,20.015,1448,13,18824,17376,14271851,14271250,11540,NaN,9958,5458,9957,28,NaN,NaN,7006480,6187480,9957,76288,43520,1,NaN
2026-05-01 16:19:48.650,49626,ESTAB,prague,228,27.569,11.284,20.015,1448,13,18824,17376,14271851,14271851,11540,NaN,9958,5459,9957,28,NaN,NaN,5658432,2211368,9958,76800,43520,NaN,NaN
2026-05-01 16:19:48.902,49626,ESTAB,prague,228,27.569,11.284,20.015,1448,13,18824,17376,14271851,14271851,11540,NaN,9958,5459,9957,28,NaN,NaN,5658432,2211368,9958,76800,43520,NaN,NaN
2026-05-01 16:19:49.152,49626,ESTAB,prague,228,27.569,11.284,20.015,1448,13,18824,17376,14271851,14271851,11540,NaN,9958,5459,9957,28,NaN,NaN,5658432,2211368,9958,76800,43520,NaN,NaN
2026-05-01 16:19:49.399,49626,ESTAB,prague,224,23.996,0.585,20.015,1448,14,20272,20272,14385306,14365202,12364,NaN,10038,5496,10037,30,NaN,NaN,7000896,6635400,10024,76288,43520,14,114880
2026-05-01 16:19:49.643,49626,ESTAB,prague,224,21.746,0.255,20.015,1448,13,18824,15928,14580602,14561934,12364,NaN,10174,5572,10173,30,NaN,NaN,7173504,6479344,10161,76288,43520,13,68928
2026-05-01 16:19:49.883,49626,ESTAB,prague,224,21.989,0.462,20.015,1448,13,18824,15928,14774462,14757230,12364,NaN,10309,5648,10308,30,NaN,NaN,7094256,6602136,10297,76288,43520,12,99084
2026-05-01 16:19:50.114,49626,ESTAB,prague,224,22.003,0.635,20.015,1448,12,17376,15928,14962578,14946782,12364,NaN,10440,5722,10439,30,NaN,NaN,6544224,5278760,10429,76288,43520,11,134984
2026-05-01 16:19:50.351,49626,ESTAB,prague,224,22.017,0.518,20.015,1448,14,20272,17376,15163618,15143514,12364,NaN,10580,5791,10579,30,NaN,NaN,7630336,6894208,10566,76288,43520,14,83288
2026-05-01 16:19:50.584,49626,ESTAB,prague,224,21.756,0.583,20.015,1448,13,18824,15928,15348862,15331630,12364,NaN,10709,5864,10708,30,NaN,NaN,7170176,6592736,10697,76288,43520,12,22626
2026-05-01 16:19:50.835,49626,ESTAB,prague,224,22.446,0.83,20.015,1448,12,17376,17376,15371488,15371488,12364,NaN,10725,5878,10724,30,NaN,NaN,6415392,6833640,10725,76288,43520,NaN,NaN
2026-05-01 16:19:51.071,49626,ESTAB,prague,224,22.446,0.83,20.015,1448,12,17376,17376,15371488,15371488,12364,NaN,10725,5878,10724,30,NaN,NaN,6415392,6833640,10725,76288,43520,NaN,NaN
2026-05-01 16:19:51.328,49626,ESTAB,prague,224,22.132,0.706,20.015,1448,12,17376,17376,15391603,15374371,13188,NaN,10740,5882,10739,32,NaN,NaN,6506112,6833640,10728,76800,43520,12,133548
2026-05-01 16:19:51.566,49626,ESTAB,prague,224,22.003,0.463,20.015,1448,12,17376,15928,15591207,15573975,13188,NaN,10879,5959,10878,32,NaN,NaN,6544320,6154608,10867,76288,43520,12,83288
2026-05-01 16:19:51.797,49626,ESTAB,prague,224,22.253,1.046,20.015,1448,10,14480,14480,15770707,15756347,13188,NaN,11004,6028,11003,32,NaN,NaN,5392400,5576048,10994,76288,43520,10,127804
2026-05-01 16:19:52.032,49626,ESTAB,prague,224,23.283,1.916,20.015,1448,5,7240,7240,15853995,15846815,13188,NaN,11062,6069,11061,32,NaN,NaN,2576960,2468040,11057,76288,43520,5,119188
2026-05-01 16:19:52.274,49626,ESTAB,prague,224,23.789,2.26,20.015,1448,6,8688,7240,15932975,15924359,13188,NaN,11117,6103,11116,32,NaN,NaN,3026544,2533344,11111,76288,43520,6,114880
2026-05-01 16:19:52.515,49626,ESTAB,prague,224,23.183,1.915,20.015,1448,5,7240,7240,16006211,15999031,13188,NaN,11168,6137,11167,32,NaN,NaN,2588040,2644744,11163,76288,43520,5,116316
2026-05-01 16:19:52.759,49626,ESTAB,prague,224,23.232,1.911,20.015,1448,6,8688,7240,16088063,16080883,13188,NaN,11225,6173,11224,32,NaN,NaN,3099120,2757832,11220,76288,43520,5,109136
2026-05-01 16:19:53.003,49626,ESTAB,prague,224,23.29,1.75,20.015,1448,6,8688,7240,16165607,16156991,13188,NaN,11279,6206,11278,32,NaN,NaN,3091392,2425560,11273,76288,43520,6,106264
2026-05-01 16:19:53.251,49626,ESTAB,prague,224,23.534,1.78,20.015,1448,7,10136,8688,16254639,16247459,13188,NaN,11341,6244,11340,32,NaN,NaN,3569216,3344264,11336,76288,43520,5,91904
2026-05-01 16:19:53.497,49626,ESTAB,prague,224,23.109,1.379,20.015,1448,6,8688,7240,16339363,16332183,13188,NaN,11400,6281,11399,32,NaN,NaN,3115536,2875984,11395,76288,43520,5,81852
2026-05-01 16:19:53.740,49626,ESTAB,prague,228,24.431,2.261,20.015,1448,6,8688,7240,16418343,16411163,13188,NaN,11455,6317,11454,32,NaN,NaN,2946960,2782200,11450,76288,43520,5,93348
2026-05-01 16:19:53.969,49626,ESTAB,prague,224,23.328,1.726,20.015,1448,6,8688,8688,16495887,16487271,13188,NaN,11509,6349,11508,32,NaN,NaN,3086352,3026512,11503,76288,43520,6,15804
2026-05-01 16:19:54.200,49626,ESTAB,prague,224,23.418,1.936,20.015,1448,5,7240,7240,16561571,16554391,14010,NaN,11556,6384,11555,34,NaN,NaN,2562080,2868976,11551,76288,43520,5,101956
2026-05-01 16:19:54.440,49626,ESTAB,prague,224,23.564,2.171,20.015,1448,7,10136,7240,16644859,16636243,14010,NaN,11614,6420,11613,34,NaN,NaN,3564624,2787696,11608,76288,43520,6,93340
2026-05-01 16:19:54.682,49626,ESTAB,prague,224,23.922,1.977,20.015,1448,6,8688,8688,16731019,16722403,14010,NaN,11674,6458,11673,34,NaN,NaN,3009744,2859304,11668,76288,43520,6,81852
2026-05-01 16:19:54.921,49626,ESTAB,prague,224,23.009,1.716,20.015,1448,5,7240,7240,16801383,16795639,14010,NaN,11723,6491,11722,34,NaN,NaN,2607560,2675488,11719,76288,43520,4,86160
2026-05-01 16:19:55.180,49626,ESTAB,prague,224,23.709,1.849,20.015,1448,5,7240,7240,16881799,16874619,14010,NaN,11779,6524,11778,34,NaN,NaN,2530640,2658096,11774,76288,43520,5,80416
2026-05-01 16:19:55.428,49626,ESTAB,prague,224,23.86,2.402,20.015,1448,4,5792,5792,16942111,16936367,14010,NaN,11821,6552,11820,34,NaN,NaN,2194072,2228656,11817,76288,43520,4,94776
2026-05-01 16:19:55.676,49626,ESTAB,prague,224,23.921,4.378,20.015,1448,4,5792,5792,16996679,16990935,14010,NaN,11859,6577,11858,34,NaN,NaN,1923136,2231872,11855,76288,43520,4,114880
2026-05-01 16:19:55.922,49626,ESTAB,prague,224,23.693,2.842,20.015,1448,4,5792,4344,17045503,17039759,14010,NaN,11893,6601,11892,34,NaN,NaN,2071848,1906592,11889,76288,43520,4,140728
2026-05-01 16:19:56.171,49626,ESTAB,prague,224,23.577,2.97,20.015,1448,5,7240,5792,17105815,17101507,14010,NaN,11935,6629,11934,34,NaN,NaN,2544760,2206048,11932,76288,43520,3,155088
2026-05-01 16:19:56.446,49626,ESTAB,prague,224,23.28,1.96,20.015,1448,5,7240,5792,17173307,17167563,14010,NaN,11982,6659,11981,34,NaN,NaN,2577280,1881584,11978,76288,43520,4,87596
2026-05-01 16:19:56.714,49626,ESTAB,prague,224,22.912,1.55,20.015,1448,5,7240,7240,17250851,17243671,14010,NaN,12036,6697,12035,34,NaN,NaN,2618600,2225872,12031,76288,43520,5,84724
2026-05-01 16:19:56.966,49626,ESTAB,prague,224,23.159,1.393,20.015,1448,4,5792,5792,17316907,17311163,14010,NaN,12082,6728,12081,34,NaN,NaN,2072608,1921776,12078,76288,43520,4,24034
2026-05-01 16:19:57.225,49626,ESTAB,prague,224,22.778,1.671,20.015,1448,4,5792,5792,17375025,17369281,14832,NaN,12123,6759,12122,36,NaN,NaN,2074048,2090744,12119,76288,43520,4,117752
2026-05-01 16:19:57.494,49626,ESTAB,prague,224,23.638,2.324,20.015,1448,5,7240,5792,17445389,17438209,14832,NaN,12172,6791,12171,36,NaN,NaN,2152616,2065528,12167,76288,43520,5,122060
2026-05-01 16:19:57.748,49626,ESTAB,prague,224,23.749,2.202,20.015,1448,4,5792,5792,17508573,17502829,14832,NaN,12216,6819,12215,36,NaN,NaN,2050928,2036568,12212,76288,43520,4,133548
2026-05-01 16:19:58.002,49626,ESTAB,prague,224,23.084,1.778,20.015,1448,4,5792,5792,17576065,17570321,14832,NaN,12263,6851,12262,36,NaN,NaN,2079296,1918112,12259,76288,43520,4,140728
2026-05-01 16:19:58.239,49626,ESTAB,prague,224,23.133,1.394,20.015,1448,4,5792,5792,17636377,17630633,14832,NaN,12305,6879,12304,36,NaN,NaN,2074880,1922496,12301,76288,43520,4,141454
2026-05-01 16:19:58.488,49626,ESTAB,prague,228,24.003,2.783,20.015,1448,4,5792,5792,17699561,17693817,14832,NaN,12349,6907,12348,36,NaN,NaN,2031784,2390912,12345,76288,43520,4,78270
2026-05-01 16:19:58.745,49626,ESTAB,prague,224,23.226,2.305,20.015,1448,5,7240,7240,17769925,17764181,14832,NaN,12398,6940,12397,36,NaN,NaN,2583200,1909896,12394,76288,43520,4,7906
2026-05-01 16:19:58.981,49626,ESTAB,prague,224,23.552,2.648,20.015,1448,4,5792,5792,17825219,17820911,15248,NaN,12437,6970,12436,37,NaN,NaN,2037984,1676832,12434,76288,43520,3,103392
2026-05-01 16:19:59.229,49626,ESTAB,prague,224,23.947,2.84,20.015,1448,4,5792,5792,17886967,17881223,15248,NaN,12480,6999,12479,37,NaN,NaN,2004384,1909496,12476,76288,43520,4,116316
2026-05-01 16:19:59.501,49626,ESTAB,prague,228,24.755,2.829,20.015,1448,4,5792,5792,17951587,17945843,15248,NaN,12525,7027,12524,37,NaN,NaN,1758792,1669224,12521,76288,43520,4,126368
2026-05-01 16:19:59.777,49626,ESTAB,prague,228,24.355,1.853,20.015,1448,5,7240,5792,18016207,18010463,15248,NaN,12570,7054,12569,37,NaN,NaN,2463480,2391408,12566,76288,43520,4,136420
2026-05-01 16:20:00.045,49626,ESTAB,prague,228,24.104,1.979,20.015,1448,4,5792,5792,18082263,18076519,15248,NaN,12616,7083,12615,37,NaN,NaN,1991328,2053080,12612,76288,43520,4,140766
2026-05-01 16:20:00.313,49626,ESTAB,prague,224,23.405,1.55,20.015,1448,5,7240,5792,18154063,18148319,15248,NaN,12666,7117,12665,37,NaN,NaN,2241152,2228440,12662,76288,43520,4,68966
2026-05-01 16:20:00.573,49626,ESTAB,prague,224,23.327,1.832,20.015,1448,5,7240,5792,18221555,18217247,15248,NaN,12713,7149,12712,37,NaN,NaN,2247616,2028224,12710,76288,43520,3,1474
2026-05-01 16:20:00.834,49626,ESTAB,prague,224,22.31,1.911,20.015,1448,5,7240,5792,18284777,18279033,15664,NaN,12758,7181,12757,38,NaN,NaN,2689320,2387856,12754,76288,43520,4,89032
2026-05-01 16:20:01.095,49626,ESTAB,prague,228,25.942,4.742,20.015,1448,4,5792,4344,18343653,18339345,15664,NaN,12799,7208,12798,38,NaN,NaN,1613360,1544184,12796,76288,43520,3,104828
2026-05-01 16:20:01.351,49626,ESTAB,prague,228,26.099,4.527,20.015,1448,4,5792,4344,18393913,18388169,15664,NaN,12834,7230,12833,38,NaN,NaN,1952520,1672936,12830,76288,43520,4,129240
2026-05-01 16:20:01.596,49626,ESTAB,prague,224,23.086,2.576,20.015,1448,5,7240,5792,18452789,18445609,15664,NaN,12875,7258,12874,38,NaN,NaN,2216760,2054168,12870,76288,43520,5,145036
2026-05-01 16:20:01.842,49626,ESTAB,prague,224,23.074,2.294,20.015,1448,5,7240,5792,18518845,18511665,15664,NaN,12921,7288,12920,38,NaN,NaN,2600240,2059448,12916,76288,43520,5,152082
2026-05-01 16:20:02.090,49626,ESTAB,prague,224,22.803,2.328,20.015,1448,5,7240,5792,18583465,18576285,15664,NaN,12966,7320,12965,38,NaN,NaN,2631120,2391800,12961,76288,43520,5,87462
2026-05-01 16:20:02.349,49626,ESTAB,prague,228,24.043,2.253,20.015,1448,4,5792,5792,18646649,18640905,15664,NaN,13010,7350,13009,38,NaN,NaN,1996352,1919384,13006,76288,43520,4,24278
2026-05-01 16:20:02.602,49626,ESTAB,prague,224,23.264,1.687,20.015,1448,5,7240,5792,18708263,18702519,16080,NaN,13053,7380,13052,39,NaN,NaN,2579000,2230088,13049,76288,43520,4,108324
2026-05-01 16:20:02.861,49626,ESTAB,prague,228,24.189,2.781,20.015,1448,5,7240,7240,18778627,18771447,16080,NaN,13102,7411,13101,39,NaN,NaN,2480360,2396952,13097,76288,43520,5,37960
2026-05-01 16:20:03.120,49626,ESTAB,prague,224,23.168,2.264,20.015,1448,5,7240,5792,18816587,18816587,16080,NaN,13129,7433,13128,39,NaN,NaN,2589680,2228976,13129,76800,43520,NaN,NaN
2026-05-01 16:20:03.386,49626,ESTAB,prague,224,23.168,2.264,20.015,1448,5,7240,5792,18816587,18816587,16080,NaN,13129,7433,13128,39,NaN,NaN,2589680,2228976,13129,76800,43520,NaN,NaN
2026-05-01 16:20:03.636,49626,ESTAB,prague,228,24.48,3.706,20.015,1448,4,5792,4344,18848190,18843882,16904,NaN,13152,7448,13151,41,NaN,NaN,2105296,1222584,13149,76288,43520,3,56973
2026-05-01 16:20:03.904,49626,ESTAB,prague,224,23.189,1.795,20.015,1448,4,5792,5792,18914246,18908502,16904,NaN,13198,7476,13197,41,NaN,NaN,2069888,2227344,13194,76288,43520,4,38394
2026-05-01 16:20:04.189,49626,ESTAB,prague,224,23.729,2.503,20.015,1448,5,7240,5792,18988918,18981738,16904,NaN,13250,7512,13249,41,NaN,NaN,2528520,2195184,13245,76288,43520,5,2810
2026-05-01 16:20:04.467,49626,ESTAB,prague,224,23.53,2.485,20.015,1448,5,7240,5792,18992784,18992784,17310,NaN,13253,7518,13252,42,NaN,NaN,2549840,1904632,13253,76288,43520,NaN,NaN
2026-05-01 16:20:04.737,49626,ESTAB,prague,224,23.53,2.485,20.015,1448,5,7240,5792,18992784,18992784,17310,NaN,13253,7518,13252,42,NaN,NaN,2549840,1904632,13253,76288,43520,NaN,NaN
2026-05-01 16:20:04.994,49626,ESTAB,prague,224,23.53,2.485,20.015,1448,5,7240,5792,18992784,18992784,17310,NaN,13253,7518,13252,42,NaN,NaN,2549840,1904632,13253,76288,43520,NaN,NaN
2026-05-01 16:20:05.241,49626,ESTAB,prague,224,23.53,2.485,20.015,1448,5,7240,5792,18992784,18992784,17310,NaN,13253,7518,13252,42,NaN,NaN,2549840,1904632,13253,76288,43520,NaN,NaN
2026-05-01 16:20:05.505,49626,ESTAB,prague,224,23.53,2.485,20.015,1448,5,7240,5792,18992784,18992784,17310,NaN,13253,7518,13252,42,NaN,NaN,2549840,1904632,13253,76288,43520,NaN,NaN
2026-05-01 16:20:05.764,49626,ESTAB,prague,228,24.652,3.612,20.015,1448,5,7240,7240,19063159,19055979,18134,NaN,13303,7549,13302,44,NaN,NaN,2433840,2056088,13298,76288,43520,5,83288
2026-05-01 16:20:06.012,49626,ESTAB,prague,224,23.439,2.831,20.015,1448,5,7240,5792,19124907,19117727,18134,NaN,13346,7579,13345,44,NaN,NaN,2180528,2048632,13341,76288,43520,5,96212
2026-05-01 16:20:06.264,49626,ESTAB,prague,224,23.985,3.664,20.015,1448,4,5792,5792,19186655,19182347,18134,NaN,13389,7609,13388,44,NaN,NaN,2154176,2050440,13386,76288,43520,3,109136
2026-05-01 16:20:06.521,49626,ESTAB,prague,224,22.678,2.346,20.015,1448,5,7240,5792,19252711,19246967,18134,NaN,13435,7642,13434,44,NaN,NaN,2645640,1611200,13431,76288,43520,4,117752
2026-05-01 16:20:06.786,49626,ESTAB,prague,224,23.428,2.981,20.015,1448,5,7240,5792,19323075,19315895,18134,NaN,13484,7676,13483,44,NaN,NaN,2561000,2222136,13479,76288,43520,5,122060
2026-05-01 16:20:07.052,49626,ESTAB,prague,224,23.272,1.628,20.015,1448,5,7240,5792,19404927,19397747,18134,NaN,13541,7715,13540,44,NaN,NaN,2578200,2387760,13536,76288,43520,5,114880
2026-05-01 16:20:07.325,49626,ESTAB,prague,224,23.989,1.783,20.015,1448,5,7240,5792,19473855,19466675,18134,NaN,13589,7746,13588,44,NaN,NaN,2501040,2142104,13584,76288,43520,5,120624
2026-05-01 16:20:07.590,49626,ESTAB,prague,228,24.058,4.192,20.015,1448,4,5792,5792,19544219,19538475,18134,NaN,13638,7783,13637,44,NaN,NaN,1995136,1885416,13634,76288,43520,4,124932
2026-05-01 16:20:07.857,49626,ESTAB,prague,224,23.15,1.608,20.015,1448,6,8688,7240,19623199,19614583,18134,NaN,13693,7818,13692,44,NaN,NaN,3110112,3063872,13687,76288,43520,6,120624
2026-05-01 16:20:08.123,49626,ESTAB,prague,228,25.815,2.011,20.015,1448,6,8688,7240,19707923,19702179,18134,NaN,13752,7853,13751,44,NaN,NaN,2789040,2121120,13748,76288,43520,4,101588
2026-05-01 16:20:08.391,49626,ESTAB,prague,228,24.633,2.3,20.015,1448,4,5792,5792,19782595,19776851,18134,NaN,13804,7885,13803,44,NaN,NaN,1958128,1900024,13800,76288,43520,4,26916
2026-05-01 16:20:08.641,49626,ESTAB,prague,224,23.509,2.745,20.015,1448,4,5792,5792,19836415,19830671,18956,NaN,13842,7913,13841,46,NaN,NaN,2041696,1914552,13838,76288,43520,4,124932
2026-05-01 16:20:08.899,49626,ESTAB,prague,224,23.877,2.286,20.015,1448,4,5792,5792,19899599,19893855,18956,NaN,13886,7942,13885,46,NaN,NaN,2033336,2232520,13882,76288,43520,4,136420
2026-05-01 16:20:09.153,49626,ESTAB,prague,224,23.866,1.725,20.015,1448,4,5792,5792,19962783,19957039,18956,NaN,13930,7969,13929,46,NaN,NaN,2011200,1778864,13926,76288,43520,4,147908
2026-05-01 16:20:09.426,49626,ESTAB,prague,228,24.041,1.657,20.015,1448,4,5792,5792,20034583,20028839,18956,NaN,13980,8002,13979,46,NaN,NaN,1996512,1906672,13976,76288,43520,4,150780
2026-05-01 16:20:09.691,49626,ESTAB,prague,228,24.933,3.265,20.015,1448,4,5792,5792,20102075,20096331,18956,NaN,14027,8032,14026,46,NaN,NaN,1925120,1673864,14023,76288,43520,4,83288
2026-05-01 16:20:09.952,49626,ESTAB,prague,228,24.613,3.301,20.015,1448,4,5792,5792,20169567,20163823,18956,NaN,14074,8064,14073,46,NaN,NaN,2032680,2067000,14070,76288,43520,4,90468
2026-05-01 16:20:10.215,49626,ESTAB,prague,224,23.813,2.477,20.015,1448,5,7240,5792,20244239,20239931,18956,NaN,14126,8098,14125,46,NaN,NaN,2190792,2067088,14123,76288,43520,3,23245
2026-05-01 16:20:10.483,49626,ESTAB,prague,224,23.821,2.968,20.015,1448,5,7240,7240,20313436,20307692,19372,NaN,14175,8130,14174,47,NaN,NaN,2518720,2238712,14171,76288,43520,4,104828
2026-05-01 16:20:10.749,49626,ESTAB,prague,228,24.192,3.42,20.015,1448,4,5792,5792,20389544,20383800,19372,NaN,14228,8166,14227,47,NaN,NaN,1893576,1910520,14224,76288,43520,4,103392
2026-05-01 16:20:11.015,49626,ESTAB,prague,228,24.399,2.597,20.015,1448,5,7240,5792,20455600,20448420,19372,NaN,14274,8193,14273,47,NaN,NaN,2459040,1915416,14269,76288,43520,5,112008
2026-05-01 16:20:11.286,49626,ESTAB,prague,224,22.387,1.817,20.015,1448,5,7240,5792,20524528,20518784,19372,NaN,14322,8227,14321,47,NaN,NaN,2289168,2553904,14318,76288,43520,4,117752
2026-05-01 16:20:11.540,49626,ESTAB,prague,224,23.533,1.897,20.015,1448,6,8688,7240,20606380,20597764,19372,NaN,14379,8261,14378,47,NaN,NaN,3059520,2727824,14373,76288,43520,6,72147
2026-05-01 16:20:11.793,49626,ESTAB,prague,228,24.375,1.298,20.015,1448,6,8688,8688,20685707,20678527,19788,NaN,14435,8295,14434,48,NaN,NaN,2953728,2329608,14430,76800,43520,5,143600
2026-05-01 16:20:12.052,49626,ESTAB,prague,224,23.64,1.285,20.015,1448,7,10136,8688,20770431,20763251,19788,NaN,14494,8333,14493,48,NaN,NaN,3553200,2775272,14489,76288,43520,5,133548
2026-05-01 16:20:12.320,49626,ESTAB,prague,228,24.061,2.913,20.015,1448,5,7240,7240,20859463,20853719,19788,NaN,14556,8374,14555,48,NaN,NaN,2493600,2226744,14552,76288,43520,4,119188
2026-05-01 16:20:12.580,49626,ESTAB,prague,224,23.07,1.635,20.015,1448,5,7240,5792,20926955,20921211,19788,NaN,14603,8404,14602,48,NaN,NaN,2600680,2240072,14599,76288,43520,4,126368
2026-05-01 16:20:12.842,49626,ESTAB,prague,228,24.072,2.856,20.015,1448,5,7240,5792,20994447,20987267,19788,NaN,14650,8434,14649,48,NaN,NaN,2492440,2122288,14645,76288,43520,5,96578
2026-05-01 16:20:13.102,49626,ESTAB,prague,228,24.597,3.445,20.015,1448,4,5792,5792,21059067,21053323,19788,NaN,14695,8464,14694,48,NaN,NaN,1977656,1909264,14691,76288,43520,4,31958
2026-05-01 16:20:13.363,49626,ESTAB,prague,232,29.418,13.305,20.015,1448,4,5792,5792,21091025,21091025,19788,NaN,14718,8482,14717,48,NaN,NaN,2056224,648816,14718,76800,43520,NaN,NaN
2026-05-01 16:20:13.623,49626,ESTAB,prague,232,29.418,13.305,20.015,1448,4,5792,5792,21091025,21091025,19788,NaN,14718,8482,14717,48,NaN,NaN,2056224,648816,14718,76800,43520,NaN,NaN
2026-05-01 16:20:13.883,49626,ESTAB,prague,224,23.714,3.099,20.015,1448,5,7240,4344,21135552,21128372,20612,NaN,14750,8505,14749,50,NaN,NaN,2243848,1816952,14745,76288,43520,5,109136
2026-05-01 16:20:14.143,49626,ESTAB,prague,224,23.259,1.927,20.015,1448,5,7240,5792,21205916,21198736,20612,NaN,14799,8538,14798,50,NaN,NaN,2579520,2230800,14794,76288,43520,5,113444
2026-05-01 16:20:14.400,49626,ESTAB,prague,224,23.689,2.117,20.015,1448,5,7240,5792,21274844,21267664,20612,NaN,14847,8569,14846,50,NaN,NaN,2532720,1956752,14842,76288,43520,5,119188
2026-05-01 16:20:14.665,49626,ESTAB,prague,224,23.75,3.374,20.015,1448,4,5792,5792,21342336,21336592,20612,NaN,14894,8604,14893,50,NaN,NaN,2013000,1965448,14890,76288,43520,4,126368
2026-05-01 16:20:14.926,49626,ESTAB,prague,228,24.27,2.177,20.015,1448,5,7240,5792,21409828,21404084,20612,NaN,14941,8635,14940,50,NaN,NaN,2094056,1988664,14937,76288,43520,4,92558
2026-05-01 16:20:15.195,49626,ESTAB,prague,228,25.075,4.012,20.015,1448,4,5792,5792,21477320,21471576,20612,NaN,14988,8665,14987,50,NaN,NaN,1931496,1672128,14984,76288,43520,4,25066
2026-05-01 16:20:15.442,49626,ESTAB,prague,224,22.495,1.451,20.015,1448,5,7240,5792,21502386,21502386,20612,NaN,15006,8682,15005,50,NaN,NaN,2667200,2230048,15006,76800,43520,NaN,NaN
2026-05-01 16:20:15.709,49626,ESTAB,prague,224,22.495,1.451,20.015,1448,5,7240,5792,21505269,21502386,21020,NaN,15009,8683,15008,51,NaN,NaN,2667200,2230048,15006,76800,43520,3,NaN
2026-05-01 16:20:15.963,49626,ESTAB,prague,224,22.378,1.452,20.015,1448,5,7240,5792,21575633,21568453,21436,NaN,15058,8717,15057,52,NaN,NaN,2681080,2397448,15053,76288,43520,5,80416
2026-05-01 16:20:16.214,49626,ESTAB,prague,224,22.911,1.89,20.015,1448,5,7240,5792,21644561,21638817,21436,NaN,15106,8749,15105,52,NaN,NaN,2618760,2568512,15102,76288,43520,4,86160
2026-05-01 16:20:16.469,49626,ESTAB,prague,224,23.28,2.448,20.015,1448,5,7240,5792,21716361,21709181,21436,NaN,15156,8784,15155,52,NaN,NaN,2260896,2233056,15151,76288,43520,5,89032
2026-05-01 16:20:16.737,49626,ESTAB,prague,224,22.216,1.813,20.015,1448,5,7240,5792,21786725,21780981,21436,NaN,15205,8822,15204,52,NaN,NaN,2303648,1952960,15201,76288,43520,4,93340
2026-05-01 16:20:16.994,49626,ESTAB,prague,224,23.036,1.758,20.015,1448,5,7240,7240,21864269,21857089,21436,NaN,15259,8860,15258,52,NaN,NaN,2604520,2681584,15254,76288,43520,5,70930
2026-05-01 16:20:17.237,49626,ESTAB,prague,228,25.554,3.224,20.015,1448,5,7240,7240,21935199,21930325,21436,NaN,15309,8891,15308,52,NaN,NaN,2347920,2060840,15305,76288,43520,4,NaN
2026-05-01 16:20:17.498,49626,ESTAB,prague,232,30.133,11.703,20.015,1448,5,7240,7240,21935199,21935199,21436,NaN,15309,8894,15308,52,NaN,NaN,1991160,740176,15309,76800,43520,NaN,NaN
2026-05-01 16:20:17.760,49626,ESTAB,prague,228,27.964,10.323,20.015,1448,4,5792,5792,21938082,21938071,21844,NaN,15312,8897,15311,53,NaN,NaN,1716480,963880,15311,76288,43520,1,NaN
2026-05-01 16:20:18.009,49626,ESTAB,prague,224,23.766,2.843,20.015,1448,4,5792,5792,21989778,21984034,22260,NaN,15348,8921,15347,54,NaN,NaN,2042376,1543912,15344,76288,43520,4,99084
2026-05-01 16:20:18.274,49626,ESTAB,prague,224,23.222,2.652,20.015,1448,4,5792,5792,22063014,22057270,22260,NaN,15399,8955,15398,54,NaN,NaN,2066944,2062952,15395,76288,43520,4,100520
2026-05-01 16:20:18.546,49626,ESTAB,prague,224,22.326,1.703,20.015,1448,5,7240,5792,22139122,22133378,22260,NaN,15452,8993,15451,54,NaN,NaN,2687360,2586056,15448,76288,43520,4,99084
2026-05-01 16:20:18.808,49626,ESTAB,prague,224,23.332,1.847,20.015,1448,6,8688,7240,22220974,22213794,22260,NaN,15509,9029,15508,54,NaN,NaN,3085872,2653832,15504,76288,43520,5,91904
2026-05-01 16:20:19.064,49626,ESTAB,prague,224,23.116,1.866,20.015,1448,6,8688,7240,22299954,22294210,22260,NaN,15564,9068,15563,54,NaN,NaN,3114624,2783944,15560,76288,43520,4,87596
2026-05-01 16:20:19.325,49626,ESTAB,prague,228,24.219,1.462,20.015,1448,6,8688,7240,22383242,22374626,22260,NaN,15622,9104,15621,54,NaN,NaN,2972736,2618560,15616,76288,43520,6,17799
2026-05-01 16:20:19.599,49626,ESTAB,prague,232,29.294,11.518,20.015,1448,6,8688,7240,22401041,22401041,22260,NaN,15635,9116,15634,54,NaN,NaN,2457840,753328,15635,76800,43520,NaN,NaN
2026-05-01 16:20:19.870,49626,ESTAB,prague,228,24.009,3.959,20.015,1448,5,7240,7240,22424028,22418284,23084,NaN,15652,9129,15651,56,NaN,NaN,2499000,2229664,15648,76288,43520,4,130676
2026-05-01 16:20:20.138,49626,ESTAB,prague,228,24.494,1.869,20.015,1448,6,8688,7240,22510188,22503008,23084,NaN,15712,9166,15711,56,NaN,NaN,2996160,2212584,15707,76288,43520,5,119188
2026-05-01 16:20:20.399,49626,ESTAB,prague,224,23.485,2.122,20.015,1448,6,8688,7240,22602092,22593476,23084,NaN,15776,9207,15775,56,NaN,NaN,3065664,3058880,15770,76288,43520,6,101956
2026-05-01 16:20:20.665,49626,ESTAB,prague,228,24.235,1.675,20.015,1448,6,8688,7240,22688252,22679636,23084,NaN,15836,9244,15835,56,NaN,NaN,2970816,2778336,15830,76288,43520,6,90468
2026-05-01 16:20:20.927,49626,ESTAB,prague,224,23.124,1.65,20.015,1448,6,8688,8688,22785900,22777284,23084,NaN,15904,9287,15903,56,NaN,NaN,3113520,3284528,15898,76288,43520,6,104518
2026-05-01 16:20:21.166,49626,ESTAB,prague,228,25.058,2.314,20.015,1448,5,7240,7240,22864880,22859136,23084,NaN,15959,9322,15958,56,NaN,NaN,2394360,2781272,15955,76288,43520,4,25538
2026-05-01 16:20:21.445,49626,ESTAB,prague,224,23.871,2.412,20.015,1448,6,8688,7240,22890418,22890418,23084,NaN,15977,9336,15976,56,NaN,NaN,3016176,2225552,15977,76288,43520,NaN,NaN
2026-05-01 16:20:21.712,49626,ESTAB,prague,224,23.871,2.412,20.015,1448,6,8688,7240,22890418,22890418,23084,NaN,15977,9336,15976,56,NaN,NaN,3016176,2225552,15977,76288,43520,NaN,NaN
2026-05-01 16:20:21.976,49626,ESTAB,prague,224,22.916,2.295,20.015,1448,5,7240,7240,22940689,22933509,23908,NaN,16013,9358,16012,58,NaN,NaN,2618200,2239208,16008,76288,43520,5,103392
2026-05-01 16:20:22.225,49626,ESTAB,prague,224,23.855,1.72,20.015,1448,7,10136,8688,23035465,23025413,23908,NaN,16079,9397,16078,58,NaN,NaN,3521224,2748928,16072,76288,43520,7,83288
2026-05-01 16:20:22.481,49626,ESTAB,prague,224,23.969,1.813,20.015,1448,5,7240,7240,23125933,23120189,23908,NaN,16142,9438,16141,58,NaN,NaN,2503160,2514704,16138,76288,43520,4,45492
2026-05-01 16:20:22.748,49626,ESTAB,prague,228,27.862,11.345,20.015,1448,6,8688,7240,23171425,23171425,23908,NaN,16174,9462,16173,58,NaN,NaN,2584080,1065352,16174,76800,43520,NaN,NaN
2026-05-01 16:20:22.999,49626,ESTAB,prague,228,27.862,11.345,20.015,1448,6,8688,7240,23171425,23171425,23908,NaN,16174,9462,16173,58,NaN,NaN,2584080,1065352,16174,76800,43520,NaN,NaN
2026-05-01 16:20:23.241,49626,ESTAB,prague,228,27.862,11.345,20.015,1448,6,8688,7240,23171425,23171425,23908,NaN,16174,9462,16173,58,NaN,NaN,2584080,1065352,16174,76800,43520,NaN,NaN
2026-05-01 16:20:23.502,49626,ESTAB,prague,228,27.862,11.345,20.015,1448,6,8688,7240,23171425,23171425,23908,NaN,16174,9462,16173,58,NaN,NaN,2584080,1065352,16174,76800,43520,NaN,NaN
2026-05-01 16:20:23.768,49626,ESTAB,prague,228,27.862,11.345,20.015,1448,6,8688,7240,23171425,23171425,23908,NaN,16174,9462,16173,58,NaN,NaN,2584080,1065352,16174,76800,43520,NaN,NaN
2026-05-01 16:20:24.006,49626,ESTAB,prague,224,23.212,3.237,20.015,1448,4,5792,5792,23210208,23204464,24732,NaN,16202,9483,16201,60,NaN,NaN,1879384,1831824,16198,76288,43520,4,114880
2026-05-01 16:20:24.247,49626,ESTAB,prague,228,24.236,2.873,20.015,1448,4,5792,5792,23266212,23261904,24732,NaN,16241,9509,16240,60,NaN,NaN,2117552,2392888,16238,76288,43520,3,133548
2026-05-01 16:20:24.524,49626,ESTAB,prague,228,24.697,2.451,20.015,1448,5,7240,5792,23346628,23339448,24732,NaN,16297,9542,16296,60,NaN,NaN,2429400,1911472,16292,76288,43520,5,127804
2026-05-01 16:20:24.811,49626,ESTAB,prague,224,22.318,1.734,20.015,1448,5,7240,5792,23428480,23421300,24732,NaN,16354,9584,16353,60,NaN,NaN,2688320,2189792,16349,76288,43520,5,97029
2026-05-01 16:20:25.082,49626,ESTAB,prague,224,22.747,1.825,20.015,1448,5,7240,7240,23507460,23500280,24732,NaN,16409,9621,16408,60,NaN,NaN,2637600,2396552,16404,76288,43520,5,18049
2026-05-01 16:20:25.342,49626,ESTAB,prague,228,24.204,2.65,20.015,1448,6,8688,7240,23525509,23525509,24732,NaN,16422,9632,16421,60,NaN,NaN,2974560,2551872,16422,76288,43520,NaN,NaN
2026-05-01 16:20:25.603,49626,ESTAB,prague,228,24.204,2.65,20.015,1448,6,8688,7240,23525509,23525509,24732,NaN,16422,9632,16421,60,NaN,NaN,2974560,2551872,16422,76288,43520,NaN,NaN
2026-05-01 16:20:25.865,49626,ESTAB,prague,228,24.204,2.65,20.015,1448,6,8688,7240,23525509,23525509,24732,NaN,16422,9632,16421,60,NaN,NaN,2974560,2551872,16422,76288,43520,NaN,NaN
2026-05-01 16:20:26.128,49626,ESTAB,prague,224,22.465,1.78,20.015,1448,4,5792,5792,23588704,23582960,25556,NaN,16467,9665,16466,62,NaN,NaN,2136640,2399632,16463,76288,43520,4,90468
2026-05-01 16:20:26.389,49626,ESTAB,prague,224,23.018,2.798,20.015,1448,5,7240,5792,23663376,23657632,25556,NaN,16519,9704,16518,62,NaN,NaN,2606560,2146768,16515,76288,43520,4,90468
2026-05-01 16:20:26.649,49626,ESTAB,prague,224,23.534,2.949,20.015,1448,5,7240,5792,23730868,23725124,25556,NaN,16566,9735,16565,62,NaN,NaN,2198696,2140720,16562,76288,43520,4,97648
2026-05-01 16:20:26.915,49626,ESTAB,prague,224,23.523,3.072,20.015,1448,5,7240,5792,23799796,23792616,25556,NaN,16614,9769,16613,62,NaN,NaN,2550600,2184664,16609,76288,43520,5,103392
2026-05-01 16:20:27.186,49626,ESTAB,prague,228,24.91,3.681,20.015,1448,4,5792,5792,23865852,23860108,25556,NaN,16660,9800,16659,62,NaN,NaN,1926880,1633384,16656,76288,43520,4,80712
2026-05-01 16:20:27.469,49626,ESTAB,prague,224,23.453,1.694,20.015,1448,5,7240,5792,23941960,23936216,25556,NaN,16713,9838,16712,62,NaN,NaN,2558200,2403512,16709,76288,43520,4,4604
2026-05-01 16:20:27.724,49626,ESTAB,prague,228,24.378,1.796,20.015,1448,5,7240,5792,23946564,23946564,25556,NaN,16717,9842,16716,62,NaN,NaN,2461160,1894896,16717,76800,43520,NaN,NaN
2026-05-01 16:20:27.987,49626,ESTAB,prague,224,23.679,1.769,20.015,1448,5,7240,5792,23960935,23956627,26380,NaN,16728,9850,16727,64,NaN,NaN,2533840,1894896,16725,76288,43520,3,139292
2026-05-01 16:20:28.234,49626,ESTAB,prague,228,24.132,3.983,20.015,1448,5,7240,5792,24024119,24016939,26380,NaN,16772,9879,16771,64,NaN,NaN,2052360,2145880,16767,76288,43520,5,150780
2026-05-01 16:20:28.495,49626,ESTAB,prague,224,22.543,2.3,20.015,1448,4,5792,4344,24081559,24077251,26380,NaN,16812,9910,16811,64,NaN,NaN,1864184,2064240,16809,76288,43520,3,93340
2026-05-01 16:20:28.765,49626,ESTAB,prague,228,24.111,2.213,20.015,1448,4,5792,5792,24144743,24140435,26380,NaN,16856,9938,16855,64,NaN,NaN,1954896,1984744,16853,76288,43520,3,104828
2026-05-01 16:20:29.030,49626,ESTAB,prague,224,23.762,2.615,20.015,1448,5,7240,5792,24213671,24207927,26380,NaN,16904,9969,16903,64,NaN,NaN,2525000,2093616,16900,76288,43520,4,45418
2026-05-01 16:20:29.277,49626,ESTAB,prague,224,23.996,3.516,20.015,1448,5,7240,5792,24259089,24259089,26380,NaN,16936,9994,16935,64,NaN,NaN,2500320,1584600,16936,76288,43520,NaN,NaN
2026-05-01 16:20:29.531,49626,ESTAB,prague,224,23.996,3.516,20.015,1448,5,7240,5792,24259089,24259089,26380,NaN,16936,9994,16935,64,NaN,NaN,2500320,1584600,16936,76288,43520,NaN,NaN
2026-05-01 16:20:29.804,49626,ESTAB,prague,224,23.996,3.516,20.015,1448,5,7240,5792,24259089,24259089,26380,NaN,16936,9994,16935,64,NaN,NaN,2500320,1584600,16936,76288,43520,NaN,NaN
2026-05-01 16:20:30.046,49626,ESTAB,prague,228,24.209,1.81,20.015,1448,5,7240,5792,24279204,24273460,27204,NaN,16951,10002,16950,66,NaN,NaN,2329376,1764168,16947,76288,43520,4,133548
2026-05-01 16:20:30.299,49626,ESTAB,prague,224,23.694,2.97,20.015,1448,4,5792,5792,24343824,24338080,27204,NaN,16996,10032,16995,66,NaN,NaN,1994800,2331152,16992,76288,43520,4,143600
2026-05-01 16:20:30.565,49626,ESTAB,prague,224,22.851,2.048,20.015,1448,4,5792,5792,24414188,24408444,27204,NaN,17045,10068,17044,66,NaN,NaN,2100512,2056176,17041,76288,43520,4,147908
2026-05-01 16:20:30.824,49626,ESTAB,prague,224,23.429,1.611,20.015,1448,5,7240,5792,24484552,24480244,27204,NaN,17094,10101,17093,66,NaN,NaN,2240256,2229728,17091,76288,43520,3,152216
2026-05-01 16:20:31.084,49626,ESTAB,prague,224,23.342,1.869,20.015,1448,5,7240,5792,24553480,24549172,27204,NaN,17142,10133,17141,66,NaN,NaN,2248112,2033632,17139,76288,43520,3,83288
2026-05-01 16:20:31.346,49626,ESTAB,prague,224,23.259,1.974,20.015,1448,4,5792,5792,24620972,24615228,27204,NaN,17189,10164,17188,66,NaN,NaN,2063680,1786136,17185,76288,43520,4,90468
2026-05-01 16:20:31.615,49626,ESTAB,prague,224,23.546,2.469,20.015,1448,5,7240,5792,24691336,24685592,27204,NaN,17238,10197,17237,66,NaN,NaN,2548160,2396456,17234,76288,43520,4,24433
2026-05-01 16:20:31.871,49626,ESTAB,prague,224,22.106,1.686,20.015,1448,4,5792,5792,24715769,24715769,27204,NaN,17256,10215,17255,66,NaN,NaN,2171328,2387560,17256,76800,43520,NaN,NaN
2026-05-01 16:20:32.140,49626,ESTAB,prague,224,23.273,1.783,20.015,1448,5,7240,7240,24753116,24745936,28028,NaN,17283,10231,17282,68,NaN,NaN,2577960,2232304,17278,76288,43520,5,116316
2026-05-01 16:20:32.400,49626,ESTAB,prague,228,25.155,1.613,20.015,1448,5,7240,5792,24817736,24813428,28028,NaN,17328,10258,17327,68,NaN,NaN,2227472,1901584,17325,76288,43520,3,126368
2026-05-01 16:20:32.661,49626,ESTAB,prague,224,23.02,1.452,20.015,1448,5,7240,7240,24895280,24888100,28028,NaN,17382,10292,17381,68,NaN,NaN,2606320,2658200,17377,76288,43520,5,123496
2026-05-01 16:20:32.922,49626,ESTAB,prague,224,23.707,2.24,20.015,1448,6,8688,7240,24980004,24972824,28028,NaN,17441,10329,17440,68,NaN,NaN,3036960,2791320,17436,76288,43520,5,113444
2026-05-01 16:20:33.190,49626,ESTAB,prague,224,23.788,2.722,20.015,1448,4,5792,5792,25057548,25051804,28028,NaN,17495,10363,17494,68,NaN,NaN,2173480,2206048,17491,76288,43520,4,110572
2026-05-01 16:20:33.462,49626,ESTAB,prague,228,24.313,2.315,20.015,1448,5,7240,5792,25132220,25125040,28028,NaN,17547,10399,17546,68,NaN,NaN,2467760,2382456,17542,76288,43520,5,62391
2026-05-01 16:20:33.723,49626,ESTAB,prague,228,24.451,2.623,20.015,1448,5,7240,5792,25194611,25193968,28028,NaN,17591,10431,17590,68,NaN,NaN,2453800,2140224,17590,76288,43520,1,NaN
2026-05-01 16:20:33.985,49626,ESTAB,prague,232,29.452,11.969,20.015,1448,5,7240,5792,25194611,25194611,28028,NaN,17591,10432,17590,68,NaN,NaN,2037160,539032,17591,76800,43520,NaN,NaN
2026-05-01 16:20:34.240,49626,ESTAB,prague,228,25.222,5.417,20.015,1448,4,5792,5792,25239138,25233394,28852,NaN,17623,10454,17622,70,NaN,NaN,1958632,1723552,17619,76288,43520,4,109136
2026-05-01 16:20:34.496,49626,ESTAB,prague,224,23.629,1.459,20.015,1448,4,5792,5792,25302322,25296578,28852,NaN,17667,10481,17666,70,NaN,NaN,2031360,1913680,17663,76288,43520,4,120624
2026-05-01 16:20:34.755,49626,ESTAB,prague,228,24.469,1.929,20.015,1448,5,7240,5792,25374122,25369814,28852,NaN,17717,10513,17716,70,NaN,NaN,2451960,1880136,17714,76288,43520,3,123496
2026-05-01 16:20:35.006,49626,ESTAB,prague,228,24.768,1.997,20.015,1448,5,7240,5792,25443050,25435870,28852,NaN,17765,10543,17764,70,NaN,NaN,2422440,1667960,17760,76288,43520,5,129240
2026-05-01 16:20:35.256,49626,ESTAB,prague,224,23.893,2.998,20.015,1448,6,8688,7240,25511978,25504798,28852,NaN,17813,10578,17812,70,NaN,NaN,3013344,2646192,17808,76288,43520,5,134984
2026-05-01 16:20:35.525,49626,ESTAB,prague,224,23.986,2.376,20.015,1448,5,7240,7240,25595266,25588086,28852,NaN,17871,10615,17870,70,NaN,NaN,2501360,2116472,17866,76288,43520,5,61245
2026-05-01 16:20:35.797,49626,ESTAB,prague,232,28.639,10.425,20.015,1448,5,7240,7240,25656511,25656511,28852,NaN,17914,10646,17913,70,NaN,NaN,2095000,1110000,17914,76800,43520,NaN,NaN
2026-05-01 16:20:36.059,49626,ESTAB,prague,232,28.639,10.425,20.015,1448,5,7240,7240,25659383,25656511,29260,NaN,17916,10647,17915,71,NaN,NaN,2095000,1110000,17914,76800,43520,2,11
2026-05-01 16:20:36.329,49626,ESTAB,prague,228,24.304,2.068,20.015,1448,5,7240,5792,25718270,25712526,29676,NaN,17958,10674,17957,72,NaN,NaN,2468720,2391016,17954,76288,43520,4,91904
2026-05-01 16:20:36.581,49626,ESTAB,prague,228,24.108,3.722,20.015,1448,5,7240,5792,25782890,25777146,29676,NaN,18003,10704,18002,72,NaN,NaN,2488680,2220320,17999,76288,43520,4,101956
2026-05-01 16:20:36.853,49626,ESTAB,prague,228,24.57,2.978,20.015,1448,5,7240,5792,25858998,25851818,29676,NaN,18056,10739,18055,72,NaN,NaN,2441960,2219256,18051,76288,43520,5,100520
2026-05-01 16:20:37.104,49626,ESTAB,prague,224,22.324,1.85,20.015,1448,6,8688,7240,25935106,25927926,29676,NaN,18109,10778,18108,72,NaN,NaN,3225120,2327224,18104,76288,43520,5,99084
2026-05-01 16:20:37.361,49626,ESTAB,prague,224,23.97,3.343,20.015,1448,5,7240,5792,26012650,26006906,29676,NaN,18163,10814,18162,72,NaN,NaN,2503000,2219792,18159,76288,43520,4,54557
2026-05-01 16:20:37.617,49626,ESTAB,prague,224,22.854,2.042,20.015,1448,5,7240,5792,26067207,26067207,29676,NaN,18201,10844,18200,72,NaN,NaN,2105520,2198304,18201,76288,43520,NaN,NaN
2026-05-01 16:20:37.883,49626,ESTAB,prague,224,22.854,2.042,20.015,1448,5,7240,5792,26067207,26067207,29676,NaN,18201,10844,18200,72,NaN,NaN,2105520,2198304,18201,76288,43520,NaN,NaN
2026-05-01 16:20:38.159,49626,ESTAB,prague,224,22.641,2.332,20.015,1448,5,7240,5792,26080142,26072962,30500,NaN,18211,10850,18210,74,NaN,NaN,2264808,2198304,18206,76288,43520,5,140728
2026-05-01 16:20:38.428,49626,ESTAB,prague,224,22.865,1.679,20.015,1448,5,7240,5792,26157686,26151942,30500,NaN,18265,10888,18264,74,NaN,NaN,2624000,2384808,18261,76288,43520,4,137856
2026-05-01 16:20:38.703,49626,ESTAB,prague,224,23.779,2.062,20.015,1448,5,7240,5792,26228050,26223742,30500,NaN,18314,10921,18313,74,NaN,NaN,2113296,2086224,18311,76288,43520,3,142164
2026-05-01 16:20:38.963,49626,ESTAB,prague,224,23.034,2.455,20.015,1448,5,7240,5792,26295542,26289798,30500,NaN,18361,10954,18360,74,NaN,NaN,2087664,1553648,18357,76288,43520,4,149344
2026-05-01 16:20:39.230,49626,ESTAB,prague,224,23.189,1.396,20.015,1448,5,7240,7240,26373086,26365906,30500,NaN,18415,10989,18414,74,NaN,NaN,2587400,2567712,18410,76288,43520,5,102078
2026-05-01 16:20:39.509,49626,ESTAB,prague,224,23.204,2.345,20.015,1448,5,7240,5792,26446322,26440578,30500,NaN,18466,11025,18465,74,NaN,NaN,2216864,2574904,18462,76288,43520,4,28842
2026-05-01 16:20:39.781,49626,ESTAB,prague,232,28.709,12.618,20.015,1448,4,5792,5792,26475164,26475164,30500,NaN,18487,11043,18486,74,NaN,NaN,1671904,685848,18487,76800,43520,NaN,NaN
2026-05-01 16:20:40.040,49626,ESTAB,prague,232,28.709,12.618,20.015,1448,4,5792,5792,26475164,26475164,30500,NaN,18487,11043,18486,74,NaN,NaN,1671904,685848,18487,76800,43520,NaN,NaN
2026-05-01 16:20:40.292,49626,ESTAB,prague,228,25.392,4.03,20.015,1448,4,5792,4344,26505331,26499587,31324,NaN,18509,11058,18508,76,NaN,NaN,1727792,2033616,18505,76288,43520,4,123496
2026-05-01 16:20:40.553,49626,ESTAB,prague,224,23.123,2.089,20.015,1448,4,5792,5792,26572823,26567079,31324,NaN,18556,11092,18555,76,NaN,NaN,2075808,2226488,18552,76288,43520,4,130676
2026-05-01 16:20:40.815,49626,ESTAB,prague,228,24.075,2.347,20.015,1448,5,7240,5792,26640315,26633135,31324,NaN,18603,11120,18602,76,NaN,NaN,2183264,2051352,18598,76288,43520,5,137856
2026-05-01 16:20:41.075,49626,ESTAB,prague,224,23.94,1.847,20.015,1448,5,7240,5792,26712115,26706371,31324,NaN,18653,11155,18652,76,NaN,NaN,2506200,2143992,18649,76288,43520,4,140728
2026-05-01 16:20:41.336,49626,ESTAB,prague,224,23.561,1.933,20.015,1448,5,7240,5792,26776735,26769555,31324,NaN,18698,11184,18697,76,NaN,NaN,2195128,1672296,18693,76288,43520,5,101505
2026-05-01 16:20:41.585,49626,ESTAB,prague,224,23.045,2.421,20.015,1448,5,7240,5792,26841355,26834175,31324,NaN,18743,11215,18742,76,NaN,NaN,2061312,2542576,18738,76288,43520,5,36885
2026-05-01 16:20:41.822,49626,ESTAB,prague,224,22.918,1.556,20.015,1448,5,7240,5792,26878240,26878240,31324,NaN,18769,11237,18768,76,NaN,NaN,2618000,2143592,18769,76288,43520,NaN,NaN
2026-05-01 16:20:42.069,49626,ESTAB,prague,224,22.918,1.556,20.015,1448,5,7240,5792,26878240,26878240,31324,NaN,18769,11237,18768,76,NaN,NaN,2618000,2143592,18769,76288,43520,NaN,NaN
2026-05-01 16:20:42.329,49626,ESTAB,prague,224,23.663,2.363,20.015,1448,6,8688,7240,26919895,26911279,32148,NaN,18799,11253,18798,78,NaN,NaN,3042672,2795096,18793,76288,43520,6,112008
2026-05-01 16:20:42.606,49626,ESTAB,prague,224,22.579,1.606,20.015,1448,5,7240,5792,26997439,26990259,32148,NaN,18853,11292,18852,78,NaN,NaN,2048080,2571472,18848,76288,43520,5,109136
2026-05-01 16:20:42.875,49626,ESTAB,prague,228,24.385,1.992,20.015,1448,4,5792,5792,27067803,27062059,32148,NaN,18902,11324,18901,78,NaN,NaN,2132560,2076952,18898,76288,43520,4,113444
2026-05-01 16:20:43.137,49626,ESTAB,prague,224,23.338,2.371,20.015,1448,5,7240,5792,27138167,27130987,32148,NaN,18951,11359,18950,78,NaN,NaN,2055048,2207904,18946,76288,43520,5,117752
2026-05-01 16:20:43.401,49626,ESTAB,prague,224,23.477,2.585,20.015,1448,4,5792,5792,27209967,27204223,32148,NaN,19001,11393,19000,78,NaN,NaN,2044448,1890336,18997,76288,43520,4,77749
2026-05-01 16:20:43.654,49626,ESTAB,prague,228,24.535,4.464,20.015,1448,5,7240,5792,27276023,27270279,32148,NaN,19047,11427,19046,78,NaN,NaN,2241432,1851584,19043,76288,43520,4,11693
2026-05-01 16:20:43.915,49626,ESTAB,prague,228,24.734,2.865,20.015,1448,5,7240,5792,27287716,27287716,32148,NaN,19056,11435,19055,78,NaN,NaN,2241720,2387760,19056,76800,43520,NaN,NaN
2026-05-01 16:20:44.181,49626,ESTAB,prague,228,24.734,2.865,20.015,1448,5,7240,5792,27287716,27287716,32148,NaN,19056,11435,19055,78,NaN,NaN,2241720,2387760,19056,76800,43520,NaN,NaN
2026-05-01 16:20:44.436,49626,ESTAB,prague,224,23.98,2.087,20.015,1448,4,5792,5792,27337987,27332243,32972,NaN,19092,11457,19091,80,NaN,NaN,2120720,1894120,19088,76288,43520,4,103392
2026-05-01 16:20:44.717,49626,ESTAB,prague,228,24.077,3.397,20.015,1448,5,7240,5792,27412659,27406915,32972,NaN,19144,11493,19143,80,NaN,NaN,2491920,2330688,19140,76288,43520,4,103392
2026-05-01 16:20:44.988,49626,ESTAB,prague,228,24.205,2.546,20.015,1448,5,7240,5792,27483023,27475843,32972,NaN,19193,11525,19192,80,NaN,NaN,2478800,2233440,19188,76288,43520,5,107700
2026-05-01 16:20:45.253,49626,ESTAB,prague,224,23.712,2.651,20.015,1448,4,5792,5792,27547643,27541899,32972,NaN,19238,11556,19237,80,NaN,NaN,2024224,1913760,19234,76288,43520,4,117752
2026-05-01 16:20:45.501,49626,ESTAB,prague,228,24.826,2.726,20.015,1448,6,8688,7240,27615135,27609391,32972,NaN,19285,11586,19284,80,NaN,NaN,2900112,2063688,19281,76288,43520,4,85977
2026-05-01 16:20:45.766,49626,ESTAB,prague,228,25.404,3.833,20.015,1448,5,7240,7240,27686935,27679755,32972,NaN,19335,11618,19334,80,NaN,NaN,2361800,2226296,19330,76288,43520,5,14177
2026-05-01 16:20:46.015,49626,ESTAB,prague,232,29.764,12.054,20.015,1448,6,8688,7240,27701112,27701112,32972,NaN,19345,11628,19344,80,NaN,NaN,2418960,863800,19345,76800,43520,NaN,NaN
2026-05-01 16:20:46.274,49626,ESTAB,prague,228,27.233,8.915,20.015,1448,5,7240,7240,27705431,27703995,33796,NaN,19349,11633,19348,82,NaN,NaN,2203200,1209600,19348,76800,43520,1,80275
2026-05-01 16:20:46.536,49626,ESTAB,prague,228,24.199,3.672,20.015,1448,3,4344,4344,27764307,27759999,33796,NaN,19390,11657,19389,82,NaN,NaN,1353920,1547072,19387,76288,43520,3,90468
2026-05-01 16:20:46.805,49626,ESTAB,prague,224,23.566,2.571,20.015,1448,5,7240,5792,27824619,27817439,33796,NaN,19432,11683,19431,82,NaN,NaN,2194504,2227256,19427,76288,43520,5,104828
2026-05-01 16:20:47.063,49626,ESTAB,prague,228,25.159,3.872,20.015,1448,5,7240,7240,27905035,27897855,33796,NaN,19488,11718,19487,82,NaN,NaN,2384800,2063320,19483,76288,43520,5,99084
2026-05-01 16:20:47.324,49626,ESTAB,prague,224,23.522,1.932,20.015,1448,5,7240,7240,27984015,27976835,33796,NaN,19543,11754,19542,82,NaN,NaN,2550760,2230048,19538,76288,43520,5,94776
2026-05-01 16:20:47.585,49626,ESTAB,prague,228,24.764,2.929,20.015,1448,6,8688,7240,28067303,28058687,33796,NaN,19601,11790,19600,82,NaN,NaN,2907408,2787696,19595,76288,43520,6,69058
2026-05-01 16:20:47.846,49626,ESTAB,prague,228,24.602,2.49,20.015,1448,6,8688,8688,28136361,28136231,33796,NaN,19650,11823,19649,82,NaN,NaN,2926512,2787560,19649,76288,43520,1,NaN
2026-05-01 16:20:48.115,49626,ESTAB,prague,232,30.128,12.92,20.015,1448,6,8688,8688,28136361,28136361,33796,NaN,19650,11824,19649,82,NaN,NaN,2389728,985648,19650,76800,43520,NaN,NaN
2026-05-01 16:20:48.374,49626,ESTAB,prague,228,25.794,3.835,20.015,1448,5,7240,5792,28156476,28150732,34620,NaN,19665,11834,19664,84,NaN,NaN,2235616,1896216,19661,76288,43520,4,133548
2026-05-01 16:20:48.635,49626,ESTAB,prague,228,24.058,2.829,20.015,1448,5,7240,7240,28225404,28219660,34620,NaN,19713,11864,19712,84,NaN,NaN,2493880,2054624,19709,76288,43520,4,139292
2026-05-01 16:20:48.896,49626,ESTAB,prague,228,24.07,1.487,20.015,1448,5,7240,7240,28305820,28300076,34620,NaN,19769,11899,19768,84,NaN,NaN,2492680,2233096,19765,76288,43520,4,133548
2026-05-01 16:20:49.165,49626,ESTAB,prague,224,23.617,2.145,20.015,1448,5,7240,7240,28384800,28379056,34620,NaN,19824,11936,19823,84,NaN,NaN,2540440,2383048,19820,76288,43520,4,129240
2026-05-01 16:20:49.427,49626,ESTAB,prague,224,23.342,1.958,20.015,1448,5,7240,7240,28466652,28459472,34620,NaN,19881,11972,19880,84,NaN,NaN,2570400,2310048,19876,76288,43520,5,122060
2026-05-01 16:20:49.683,49626,ESTAB,prague,224,23.999,2.218,20.015,1448,5,7240,5792,28538452,28534144,34620,NaN,19931,12006,19930,84,NaN,NaN,2173480,2199688,19928,76288,43520,3,114706
2026-05-01 16:20:49.950,49626,ESTAB,prague,228,24.037,2.571,20.015,1448,5,7240,7240,28615996,28610252,34620,NaN,19985,12044,19984,84,NaN,NaN,2496120,2657280,19981,76288,43520,4,37162
2026-05-01 16:20:50.210,49626,ESTAB,prague,224,22.491,1.299,20.015,1448,6,8688,7240,28653158,28653158,34620,NaN,20011,12065,20010,84,NaN,NaN,3201168,2400032,20011,76288,43520,NaN,NaN
2026-05-01 16:20:50.459,49626,ESTAB,prague,224,22.844,1.597,20.015,1448,5,7240,5792,28689069,28681889,35444,NaN,20037,12081,20036,86,NaN,NaN,2626400,2139240,20032,76288,43520,5,117752
2026-05-01 16:20:50.704,49626,ESTAB,prague,224,23.331,1.823,20.015,1448,5,7240,5792,28752253,28747945,35444,NaN,20081,12111,20080,86,NaN,NaN,2247984,2031848,20078,76288,43520,3,129240
2026-05-01 16:20:50.963,49626,ESTAB,prague,224,22.892,1.589,20.015,1448,5,7240,5792,28818309,28811129,35444,NaN,20127,12141,20126,86,NaN,NaN,2620920,2139632,20122,76288,43520,5,137856
2026-05-01 16:20:51.213,49626,ESTAB,prague,224,23.016,1.496,20.015,1448,5,7240,5792,28885801,28880057,35444,NaN,20174,12173,20173,86,NaN,NaN,2606840,2140328,20170,76288,43520,4,145036
2026-05-01 16:20:51.459,49626,ESTAB,prague,224,23.267,1.981,20.015,1448,4,5792,5792,28948985,28943241,35444,NaN,20218,12202,20217,86,NaN,NaN,2062944,1779552,20214,76288,43520,4,81852
2026-05-01 16:20:51.719,49626,ESTAB,prague,224,23.149,1.424,20.015,1448,4,5792,5792,29017913,29012169,35444,NaN,20266,12234,20265,86,NaN,NaN,2073440,1912416,20262,76288,43520,4,77454
2026-05-01 16:20:51.977,49626,ESTAB,prague,224,23.063,1.79,20.015,1448,4,5792,5792,29086841,29081097,35444,NaN,20314,12266,20313,86,NaN,NaN,2081184,1922256,20310,76288,43520,4,8526
2026-05-01 16:20:52.232,49626,ESTAB,prague,224,22.855,1.623,20.015,1448,5,7240,5792,29095367,29095367,35444,NaN,20320,12273,20319,86,NaN,NaN,2625160,2138448,20320,76288,43520,NaN,NaN
2026-05-01 16:20:52.493,49626,ESTAB,prague,224,23.292,1.563,20.015,1448,5,7240,5792,29129842,29122662,36268,NaN,20345,12287,20344,88,NaN,NaN,2575880,2236032,20340,76288,43520,5,119188
2026-05-01 16:20:52.743,49626,ESTAB,prague,224,23.671,2.325,20.015,1448,4,5792,5792,29195898,29190154,36268,NaN,20391,12319,20390,88,NaN,NaN,2027776,2395856,20387,76288,43520,4,127804
2026-05-01 16:20:52.985,49626,ESTAB,prague,224,23.365,2.526,20.015,1448,4,5792,5792,29257646,29251902,36268,NaN,20434,12349,20433,88,NaN,NaN,2054304,1910048,20430,76288,43520,4,140728
2026-05-01 16:20:53.220,49626,ESTAB,prague,224,23.505,2.132,20.015,1448,4,5792,5792,29319394,29313650,36268,NaN,20477,12377,20476,88,NaN,NaN,2042048,2234736,20473,76288,43520,4,153652
2026-05-01 16:20:53.476,49626,ESTAB,prague,224,23.363,2.353,20.015,1448,5,7240,5792,29381142,29373962,36268,NaN,20520,12405,20519,88,NaN,NaN,2568120,2129016,20515,76288,43520,5,91904
2026-05-01 16:20:53.752,49626,ESTAB,prague,228,24.376,3.197,20.015,1448,4,5792,4344,29445762,29440018,36268,NaN,20565,12434,20564,88,NaN,NaN,1538376,1614712,20561,76288,43520,4,90257
2026-05-01 16:20:54.004,49626,ESTAB,prague,224,22.94,1.916,20.015,1448,5,7240,5792,29513254,29506074,36268,NaN,20612,12466,20611,88,NaN,NaN,2615400,2061208,20607,76288,43520,5,22765
2026-05-01 16:20:54.247,49626,ESTAB,prague,232,28.02,10.935,20.015,1448,5,7240,5792,29536019,29536019,36268,NaN,20628,12480,20627,88,NaN,NaN,2141320,559008,20628,76800,43520,NaN,NaN
2026-05-01 16:20:54.525,49626,ESTAB,prague,228,25.241,4.583,20.015,1448,4,5792,5792,29563314,29557570,37092,NaN,20648,12494,20647,90,NaN,NaN,2073800,1617800,20644,76288,43520,4,126368
2026-05-01 16:20:54.795,49626,ESTAB,prague,228,24.597,3.392,20.015,1448,5,7240,5792,29632242,29627934,37092,NaN,20696,12528,20695,90,NaN,NaN,2060736,2057456,20693,76288,43520,3,132112
2026-05-01 16:20:55.059,49626,ESTAB,prague,224,23.959,2.783,20.015,1448,5,7240,5792,29702606,29695426,37092,NaN,20745,12560,20744,90,NaN,NaN,2504240,2115024,20740,76288,43520,5,136420
2026-05-01 16:20:55.309,49626,ESTAB,prague,224,22.365,1.946,20.015,1448,5,7240,5792,29764354,29758610,37092,NaN,20788,12591,20787,90,NaN,NaN,2288904,2745152,20784,76288,43520,4,149344
2026-05-01 16:20:55.558,49626,ESTAB,prague,228,24.502,2.049,20.015,1448,5,7240,7240,29841898,29837590,37092,NaN,20842,12624,20841,90,NaN,NaN,2448720,2636320,20839,76288,43520,3,109958
2026-05-01 16:20:55.826,49626,ESTAB,prague,224,23.677,2.776,20.015,1448,6,8688,7240,29916570,29909390,37092,NaN,20894,12657,20893,90,NaN,NaN,3040896,2395264,20889,76288,43520,5,35286
2026-05-01 16:20:56.101,49626,ESTAB,prague,228,24.219,2.029,20.015,1448,5,7240,5792,29951856,29951856,37092,NaN,20919,12676,20918,90,NaN,NaN,2108528,2159576,20919,76288,43520,NaN,NaN
2026-05-01 16:20:56.365,49626,ESTAB,prague,228,24.219,2.029,20.015,1448,5,7240,5792,29951856,29951856,37092,NaN,20919,12676,20918,90,NaN,NaN,2108528,2159576,20919,76288,43520,NaN,NaN
2026-05-01 16:20:56.635,49626,ESTAB,prague,224,23.131,2.46,20.015,1448,5,7240,5792,29999255,29993511,37916,NaN,20953,12698,20952,92,NaN,NaN,2593800,1885184,20949,76288,43520,4,106264
2026-05-01 16:20:56.909,49626,ESTAB,prague,224,22.553,1.466,20.015,1448,6,8688,7240,30085415,30076799,37916,NaN,21013,12739,21012,92,NaN,NaN,3192336,2785952,21007,76288,43520,6,94776
2026-05-01 16:20:57.187,49626,ESTAB,prague,224,22.797,2.062,20.015,1448,5,7240,7240,30170139,30162959,37916,NaN,21072,12781,21071,92,NaN,NaN,2631800,2780336,21067,76288,43520,5,84724
2026-05-01 16:20:57.466,49626,ESTAB,prague,228,24.535,2.161,20.015,1448,5,7240,5792,30244811,30237631,37916,NaN,21124,12813,21123,92,NaN,NaN,2054456,2147768,21119,76288,43520,5,84724
2026-05-01 16:20:57.727,49626,ESTAB,prague,228,24.132,2.55,20.015,1448,5,7240,5792,30310867,30303687,37916,NaN,21170,12842,21169,92,NaN,NaN,2193576,2221496,21165,76288,43520,5,93340
2026-05-01 16:20:57.982,49626,ESTAB,prague,228,24.42,2.426,20.015,1448,5,7240,5792,30381231,30375487,37916,NaN,21219,12876,21218,92,NaN,NaN,2456920,2138840,21215,76288,43520,4,40257
2026-05-01 16:20:58.230,49626,ESTAB,prague,224,23.296,2.34,20.015,1448,4,5792,5792,30421488,30421488,37916,NaN,21248,12899,21247,92,NaN,NaN,2060416,1962472,21248,76800,43520,NaN,NaN
2026-05-01 16:20:58.487,49626,ESTAB,prague,224,22.487,2.136,20.015,1448,4,5792,5792,30424371,30424371,38324,NaN,21251,12903,21250,93,NaN,NaN,1681712,1962472,21251,76800,43520,NaN,NaN
2026-05-01 16:20:58.737,49626,ESTAB,prague,224,23.866,3.405,20.015,1448,3,4344,2896,30464579,30460271,38740,NaN,21279,12922,21278,94,NaN,NaN,1275080,1267672,21276,76288,43520,3,110572
2026-05-01 16:20:58.993,49626,ESTAB,prague,228,24.073,2.53,20.015,1448,4,5792,5792,30513403,30507659,38740,NaN,21313,12944,21312,94,NaN,NaN,2137544,1676952,21309,76288,43520,4,136420
2026-05-01 16:20:59.250,49626,ESTAB,prague,228,24.505,2.641,20.015,1448,4,5792,5792,30575151,30570843,38740,NaN,21356,12973,21355,94,NaN,NaN,2043456,2092328,21353,76288,43520,3,149344
2026-05-01 16:20:59.506,49626,ESTAB,prague,228,24.133,3.202,20.015,1448,4,5792,5792,30639771,30634027,38740,NaN,21401,13002,21400,94,NaN,NaN,2166984,2060544,21397,76288,43520,4,84724
2026-05-01 16:20:59.752,49626,ESTAB,prague,224,23.864,3.262,20.015,1448,4,5792,5792,30702955,30697211,38740,NaN,21445,13032,21444,94,NaN,NaN,2170248,1791240,21441,76288,43520,4,96212
2026-05-01 16:21:00.006,49626,ESTAB,prague,228,24.388,2.028,20.015,1448,6,8688,5792,30773319,30764703,38740,NaN,21494,13062,21493,94,NaN,NaN,2952192,2228544,21488,76288,43520,6,100520
2026-05-01 16:21:00.275,49626,ESTAB,prague,224,23.116,1.847,20.015,1448,5,7240,5792,30858043,30850863,38740,NaN,21553,13101,21552,94,NaN,NaN,2595520,2061112,21548,76288,43520,5,20839
2026-05-01 16:21:00.535,49626,ESTAB,prague,224,23.0,1.567,20.015,1448,5,7240,7240,30884637,30881765,39564,NaN,21573,13118,21572,96,NaN,NaN,2608680,2718736,21571,76800,43520,2,147908
2026-05-01 16:21:00.807,49626,ESTAB,prague,224,22.973,1.53,20.015,1448,5,7240,5792,30955001,30947821,39564,NaN,21622,13152,21621,96,NaN,NaN,2611680,2142800,21617,76288,43520,5,152216
2026-05-01 16:21:01.074,49626,ESTAB,prague,224,23.098,1.816,20.015,1448,4,5792,5792,31025365,31019621,39564,NaN,21671,13185,21670,96,NaN,NaN,2078048,1911072,21667,76288,43520,4,81852
2026-05-01 16:21:01.331,49626,ESTAB,prague,224,22.851,1.616,20.015,1448,5,7240,5792,31092857,31085677,39564,NaN,21718,13216,21717,96,NaN,NaN,2625680,2142208,21713,76288,43520,5,89032
2026-05-01 16:21:01.596,49626,ESTAB,prague,228,25.386,3.825,20.015,1448,5,7240,7240,31163221,31156041,39564,NaN,21767,13247,21766,96,NaN,NaN,2363440,2222664,21762,76288,43520,5,93340
2026-05-01 16:21:01.860,49626,ESTAB,prague,228,25.822,4.52,20.015,1448,4,5792,5792,31229277,31223533,39564,NaN,21813,13276,21812,96,NaN,NaN,1918128,1671888,21809,76288,43520,4,101956
2026-05-01 16:21:02.122,49626,ESTAB,prague,224,22.868,1.743,20.015,1448,5,7240,5792,31293897,31289589,39564,NaN,21858,13305,21857,96,NaN,NaN,2623720,2227048,21855,76288,43520,3,61668
2026-05-01 16:21:02.383,49626,ESTAB,prague,224,23.754,1.863,20.015,1448,4,5792,5792,31355565,31354209,39564,NaN,21901,13336,21900,96,NaN,NaN,2020672,1915976,21900,76288,43520,1,NaN
2026-05-01 16:21:02.641,49626,ESTAB,prague,228,25.875,4.408,20.015,1448,4,5792,5792,31375680,31369936,40388,NaN,21916,13346,21915,98,NaN,NaN,1986168,1669560,21912,76288,43520,4,133548
2026-05-01 16:21:02.902,49626,ESTAB,prague,224,22.44,2.414,20.015,1448,5,7240,5792,31444608,31438864,40388,NaN,21964,13381,21963,98,NaN,NaN,2673720,2512792,21960,76288,43520,4,139292
2026-05-01 16:21:03.171,49626,ESTAB,prague,228,24.739,2.274,20.015,1448,5,7240,5792,31516408,31512100,40388,NaN,22014,13411,22013,98,NaN,NaN,2425240,2233592,22011,76288,43520,3,131696
2026-05-01 16:21:03.426,49626,ESTAB,prague,224,23.408,2.067,20.015,1448,5,7240,5792,31588208,31582464,40388,NaN,22064,13446,22063,98,NaN,NaN,2235640,2502264,22060,76288,43520,4,59896
2026-05-01 16:21:03.684,49626,ESTAB,prague,224,22.395,1.792,20.015,1448,5,7240,5792,31648104,31648104,40388,NaN,22106,13478,22105,98,NaN,NaN,2679080,2586632,22106,76288,43520,NaN,NaN
2026-05-01 16:21:03.945,49626,ESTAB,prague,224,22.395,1.792,20.015,1448,5,7240,5792,31648104,31648104,40388,NaN,22106,13478,22105,98,NaN,NaN,2679080,2586632,22106,76288,43520,NaN,NaN
2026-05-01 16:21:04.202,49626,ESTAB,prague,224,22.395,1.792,20.015,1448,5,7240,5792,31648104,31648104,40388,NaN,22106,13478,22105,98,NaN,NaN,2679080,2586632,22106,76288,43520,NaN,NaN
2026-05-01 16:21:04.459,49626,ESTAB,prague,224,22.395,1.792,20.015,1448,5,7240,5792,31648104,31648104,40388,NaN,22106,13478,22105,98,NaN,NaN,2679080,2586632,22106,76288,43520,NaN,NaN
2026-05-01 16:21:04.731,49626,ESTAB,prague,224,23.769,2.133,20.015,1448,4,5792,5792,31684015,31678271,41212,NaN,22132,13495,22131,100,NaN,NaN,2019392,1914232,22128,76288,43520,4,117752
2026-05-01 16:21:04.986,49626,ESTAB,prague,224,22.201,1.769,20.015,1448,5,7240,5792,31750071,31745763,41212,NaN,22178,13529,22177,100,NaN,NaN,2702520,2785016,22175,76288,43520,3,126368
2026-05-01 16:21:05.247,49626,ESTAB,prague,224,22.849,2.047,20.015,1448,4,5792,5792,31820435,31814691,41212,NaN,22227,13562,22226,100,NaN,NaN,2100672,1881432,22223,76288,43520,4,130676
2026-05-01 16:21:05.508,49626,ESTAB,prague,228,24.53,2.271,20.015,1448,5,7240,5792,31889363,31882183,41212,NaN,22275,13592,22274,100,NaN,NaN,2445920,1847600,22270,76288,43520,5,130753
2026-05-01 16:21:05.777,49626,ESTAB,prague,224,23.94,3.371,20.015,1448,4,5792,5792,31955419,31949675,41212,NaN,22321,13624,22320,100,NaN,NaN,2161832,1784000,22317,76288,43520,4,64697
2026-05-01 16:21:06.043,49626,ESTAB,prague,228,24.905,2.503,20.015,1448,4,5792,5792,32020116,32020116,41212,NaN,22367,13657,22366,100,NaN,NaN,2009864,1972616,22367,76800,43520,NaN,NaN
2026-05-01 16:21:06.298,49626,ESTAB,prague,228,24.905,2.503,20.015,1448,4,5792,5792,32020116,32020116,41212,NaN,22367,13657,22366,100,NaN,NaN,2009864,1972616,22367,76800,43520,NaN,NaN
2026-05-01 16:21:06.559,49626,ESTAB,prague,228,24.905,2.503,20.015,1448,4,5792,5792,32020116,32020116,41212,NaN,22367,13657,22366,100,NaN,NaN,2009864,1972616,22367,76800,43520,NaN,NaN
2026-05-01 16:21:06.820,49626,ESTAB,prague,228,24.522,3.629,20.015,1448,3,4344,4344,32051719,32048847,42036,NaN,22390,13673,22389,102,NaN,NaN,1255128,1250784,22388,76288,43520,2,122060
2026-05-01 16:21:07.080,49626,ESTAB,prague,224,22.877,2.012,20.015,1448,5,7240,5792,32104851,32099107,42036,NaN,22427,13698,22426,102,NaN,NaN,2622640,2064424,22423,76288,43520,4,143600
2026-05-01 16:21:07.341,49626,ESTAB,prague,228,24.041,2.225,20.015,1448,5,7240,5792,32176651,32169471,42036,NaN,22477,13731,22476,102,NaN,NaN,2495720,1763488,22472,76288,43520,5,146472
2026-05-01 16:21:07.606,49626,ESTAB,prague,224,23.745,2.644,20.015,1448,6,8688,7240,32255631,32247015,42036,NaN,22532,13768,22531,102,NaN,NaN,3032160,2780064,22526,76288,43520,6,142164
2026-05-01 16:21:07.875,49626,ESTAB,prague,224,23.448,2.492,20.015,1448,6,8688,7240,32343227,32334611,42036,NaN,22593,13808,22592,102,NaN,NaN,3070512,2782200,22587,76288,43520,6,60027
2026-05-01 16:21:08.141,49626,ESTAB,prague,228,24.455,2.912,20.015,1448,5,7240,7240,32403254,32403254,42036,NaN,22635,13837,22634,102,NaN,NaN,2453440,2774208,22635,76288,43520,NaN,NaN
2026-05-01 16:21:08.414,49626,ESTAB,prague,228,24.455,2.912,20.015,1448,5,7240,7240,32403254,32403254,42036,NaN,22635,13837,22634,102,NaN,NaN,2453440,2774208,22635,76288,43520,NaN,NaN
2026-05-01 16:21:08.684,49626,ESTAB,prague,228,24.322,2.678,20.015,1448,5,7240,7240,32410445,32406137,42860,NaN,22641,13841,22640,104,NaN,NaN,2466800,2774208,22638,76800,43520,3,146472
2026-05-01 16:21:08.935,49626,ESTAB,prague,224,22.869,1.549,20.015,1448,5,7240,5792,32475065,32467885,42860,NaN,22686,13870,22685,104,NaN,NaN,2623600,2146576,22681,76288,43520,5,81852
2026-05-01 16:21:09.195,49626,ESTAB,prague,224,22.992,1.46,20.015,1448,5,7240,5792,32543993,32536813,42860,NaN,22734,13902,22733,104,NaN,NaN,2609520,2151360,22729,76288,43520,5,87596
2026-05-01 16:21:09.466,49626,ESTAB,prague,224,23.074,1.784,20.015,1448,4,5792,5792,32614357,32608613,42860,NaN,22783,13935,22782,104,NaN,NaN,2080192,1917320,22779,76288,43520,4,91904
2026-05-01 16:21:09.753,49626,ESTAB,prague,224,22.94,1.983,20.015,1448,5,7240,5792,32690465,32683285,42860,NaN,22836,13970,22835,104,NaN,NaN,2615480,1980672,22831,76288,43520,5,90468
2026-05-01 16:21:10.013,49626,ESTAB,prague,224,22.875,1.615,20.015,1448,5,7240,5792,32759393,32752213,42860,NaN,22884,14002,22883,104,NaN,NaN,2622840,2138056,22879,76288,43520,5,64036
2026-05-01 16:21:10.249,49626,ESTAB,prague,224,23.634,4.023,20.015,1448,4,5792,5792,32819705,32813961,42860,NaN,22926,14033,22925,104,NaN,NaN,2030944,1877008,22922,76288,43520,4,3724
2026-05-01 16:21:10.506,49626,ESTAB,prague,232,28.162,11.717,20.015,1448,4,5792,5792,32823429,32823429,42860,NaN,22929,14038,22928,104,NaN,NaN,2134536,817800,22929,76800,43520,NaN,NaN
2026-05-01 16:21:10.778,49626,ESTAB,prague,228,24.355,4.884,20.015,1448,3,4344,4344,32836364,32833492,43684,NaN,22939,14047,22938,106,NaN,NaN,1530016,1324032,22937,76288,43520,2,140728
2026-05-01 16:21:11.038,49626,ESTAB,prague,228,24.089,3.142,20.015,1448,4,5792,5792,32892368,32886624,43684,NaN,22978,14071,22977,106,NaN,NaN,1897144,1603392,22974,76288,43520,4,84724
2026-05-01 16:21:11.299,49626,ESTAB,prague,228,25.446,4.776,20.015,1448,3,4344,4344,32936884,32932576,43684,NaN,23009,14092,23008,106,NaN,NaN,1402264,1432536,23006,76288,43520,3,114880
2026-05-01 16:21:11.563,49626,ESTAB,prague,224,22.698,2.423,20.015,1448,4,5792,4344,32981400,32975656,43684,NaN,23040,14116,23039,106,NaN,NaN,1590424,1631624,23036,76288,43520,4,145036
2026-05-01 16:21:11.819,49626,ESTAB,prague,228,24.495,2.789,20.015,1448,5,7240,7240,33050328,33044584,43684,NaN,23088,14147,23087,106,NaN,NaN,2449400,2643440,23084,76288,43520,4,150780
2026-05-01 16:21:12.074,49626,ESTAB,prague,228,24.578,3.329,20.015,1448,6,8688,7240,33129308,33123564,43684,NaN,23143,14183,23142,106,NaN,NaN,2929344,2568280,23139,76288,43520,4,135176
2026-05-01 16:21:12.331,49626,ESTAB,prague,224,23.177,1.822,20.015,1448,6,8688,7240,33211160,33202544,43684,NaN,23200,14218,23199,106,NaN,NaN,3106416,2787424,23194,76288,43520,6,53324
2026-05-01 16:21:12.592,49626,ESTAB,prague,224,23.989,2.907,20.015,1448,6,8688,7240,33264484,33264484,43684,NaN,23238,14247,23237,106,NaN,NaN,3001248,2420592,23238,76800,43520,NaN,NaN
2026-05-01 16:21:12.864,49626,ESTAB,prague,224,23.247,1.924,20.015,1448,5,7240,5792,33297523,33290343,44508,NaN,23262,14261,23261,108,NaN,NaN,2580920,2060568,23257,76288,45568,5,120624
2026-05-01 16:21:13.117,49626,ESTAB,prague,224,23.442,3.082,20.015,1448,6,8688,7240,33372195,33365015,44508,NaN,23314,14296,23313,108,NaN,NaN,3071328,2730784,23309,76288,45568,5,120624
2026-05-01 16:21:13.373,49626,ESTAB,prague,228,24.003,2.138,20.015,1448,5,7240,5792,33442559,33435379,44508,NaN,23363,14328,23362,108,NaN,NaN,2499640,2231440,23358,76288,45568,5,124932
2026-05-01 16:21:13.640,49626,ESTAB,prague,224,23.485,1.882,20.015,1448,5,7240,7240,33525847,33518667,44508,NaN,23421,14365,23420,108,NaN,NaN,2554720,2570680,23416,76288,45568,5,116316
2026-05-01 16:21:13.906,49626,ESTAB,prague,224,22.629,1.561,20.015,1448,6,8688,7240,33612007,33603391,44508,NaN,23481,14404,23480,108,NaN,NaN,3181680,2360896,23475,76288,45568,6,80129
2026-05-01 16:21:14.171,49626,ESTAB,prague,224,23.959,2.313,20.015,1448,5,7240,7240,33692136,33690987,44508,NaN,23537,14441,23536,108,NaN,NaN,2504240,2574336,23536,76288,45568,1,NaN
2026-05-01 16:21:14.423,49626,ESTAB,prague,224,23.552,2.342,20.015,1448,5,7240,7240,33692136,33692136,44508,NaN,23537,14442,23536,108,NaN,NaN,2547440,2026144,23537,76288,45568,NaN,NaN
2026-05-01 16:21:14.669,49626,ESTAB,prague,224,23.552,2.342,20.015,1448,5,7240,7240,33692136,33692136,44508,NaN,23537,14442,23536,108,NaN,NaN,2547440,2026144,23537,76288,45568,NaN,NaN
2026-05-01 16:21:14.915,49626,ESTAB,prague,224,23.469,2.562,20.015,1448,5,7240,5792,33729483,33723739,45332,NaN,23564,14461,23563,110,NaN,NaN,2556520,2238776,23560,76288,51200,4,116316
2026-05-01 16:21:15.170,49626,ESTAB,prague,228,25.569,1.584,20.015,1448,4,5792,5792,33792667,33786923,45332,NaN,23608,14488,23607,110,NaN,NaN,1877216,1781944,23604,76288,51200,4,127804
2026-05-01 16:21:15.435,49626,ESTAB,prague,224,23.735,2.784,20.015,1448,5,7240,5792,33860159,33855851,45332,NaN,23655,14519,23654,110,NaN,NaN,2177512,2573648,23652,76288,51200,3,134984
2026-05-01 16:21:15.704,49626,ESTAB,prague,224,23.382,1.879,20.015,1448,5,7240,5792,33934831,33930523,45332,NaN,23707,14553,23706,110,NaN,NaN,2242800,2041520,23704,76288,51200,3,134984
2026-05-01 16:21:15.960,49626,ESTAB,prague,224,23.205,1.996,20.015,1448,5,7240,7240,34006631,34000887,45332,NaN,23757,14586,23756,110,NaN,NaN,2585600,2554352,23753,76288,51200,4,137686
2026-05-01 16:21:16.216,49626,ESTAB,prague,224,23.738,3.477,20.015,1448,5,7240,5792,34079867,34072687,45332,NaN,23808,14620,23807,110,NaN,NaN,2527520,2230584,23803,76288,51200,5,64450
2026-05-01 16:21:16.482,49626,ESTAB,prague,224,23.008,2.0,20.015,1448,5,7240,5792,34144317,34144317,45332,NaN,23853,14654,23852,110,NaN,NaN,2607760,2089384,23853,76288,51200,NaN,NaN
2026-05-01 16:21:16.734,49626,ESTAB,prague,224,23.008,2.0,20.015,1448,5,7240,5792,34144317,34144317,45332,NaN,23853,14654,23852,110,NaN,NaN,2607760,2089384,23853,76288,51200,NaN,NaN
2026-05-01 16:21:16.997,49626,ESTAB,prague,224,23.71,3.11,20.015,1448,5,7240,5792,34196024,34188844,46156,NaN,23890,14678,23889,112,NaN,NaN,2530520,2085400,23885,76288,56832,5,101956
2026-05-01 16:21:17.266,49626,ESTAB,prague,224,23.391,2.351,20.015,1448,4,5792,5792,34263516,34257772,46156,NaN,23937,14709,23936,112,NaN,NaN,1822400,2063776,23933,76288,56832,4,109136
2026-05-01 16:21:17.542,49626,ESTAB,prague,224,22.796,1.857,20.015,1448,5,7240,5792,34336752,34329572,46156,NaN,23988,14741,23987,112,NaN,NaN,2631960,2395368,23983,76288,56832,5,110572
2026-05-01 16:21:17.791,49626,ESTAB,prague,224,23.717,2.444,20.015,1448,4,5792,5792,34399936,34394192,46156,NaN,24032,14770,24031,112,NaN,NaN,2023776,2060104,24028,76288,56832,4,48408
2026-05-01 16:21:18.044,49626,ESTAB,prague,224,23.364,1.459,20.015,1448,5,7240,5792,34448344,34448344,46156,NaN,24066,14794,24065,112,NaN,NaN,2567960,2236896,24066,76288,56832,NaN,NaN
2026-05-01 16:21:18.293,49626,ESTAB,prague,224,23.364,1.459,20.015,1448,5,7240,5792,34448344,34448344,46156,NaN,24066,14794,24065,112,NaN,NaN,2567960,2236896,24066,76288,56832,NaN,NaN
2026-05-01 16:21:18.562,49626,ESTAB,prague,224,23.364,1.459,20.015,1448,5,7240,5792,34448344,34448344,46156,NaN,24066,14794,24065,112,NaN,NaN,2567960,2236896,24066,76288,56832,NaN,NaN
2026-05-01 16:21:18.834,49626,ESTAB,prague,224,23.364,1.459,20.015,1448,5,7240,5792,34451227,34448344,46564,NaN,24069,14795,24068,113,NaN,NaN,2567960,2236896,24066,76800,59904,3,NaN
2026-05-01 16:21:19.106,49626,ESTAB,prague,224,23.171,2.766,20.015,1448,5,7240,5792,34520155,34514411,46980,NaN,24117,14827,24116,114,NaN,NaN,2208312,2137264,24113,76288,62976,4,81852
2026-05-01 16:21:19.376,49626,ESTAB,prague,224,23.386,1.566,20.015,1448,5,7240,5792,34590519,34584775,46980,NaN,24166,14859,24165,114,NaN,NaN,2243392,2230152,24162,76288,62976,4,86160
2026-05-01 16:21:19.638,49626,ESTAB,prague,224,23.328,1.447,20.015,1448,5,7240,5792,34659447,34655139,46980,NaN,24214,14892,24213,114,NaN,NaN,2571880,2229400,24211,76288,62976,3,91904
2026-05-01 16:21:19.899,49626,ESTAB,prague,224,23.495,1.963,20.015,1448,5,7240,5792,34728375,34722631,46980,NaN,24262,14923,24261,114,NaN,NaN,2232272,2231232,24258,76288,62976,4,32060
2026-05-01 16:21:20.159,49626,ESTAB,prague,232,28.74,11.537,20.015,1448,5,7240,5792,34760435,34760435,46980,NaN,24285,14941,24284,114,NaN,NaN,2087640,559304,24285,76800,62976,NaN,NaN
2026-05-01 16:21:20.428,49626,ESTAB,prague,232,28.74,11.537,20.015,1448,5,7240,5792,34760435,34760435,46980,NaN,24285,14941,24284,114,NaN,NaN,2087640,559304,24285,76800,62976,NaN,NaN
2026-05-01 16:21:20.697,49626,ESTAB,prague,232,28.74,11.537,20.015,1448,5,7240,5792,34760435,34760435,46980,NaN,24285,14941,24284,114,NaN,NaN,2087640,559304,24285,76800,62976,NaN,NaN
2026-05-01 16:21:20.970,49626,ESTAB,prague,228,24.5,4.933,20.015,1448,3,4344,4344,34777678,34773370,47804,NaN,24298,14951,24297,116,NaN,NaN,1483584,1385032,24295,76288,68608,3,136420
2026-05-01 16:21:21.228,49626,ESTAB,prague,228,24.514,2.923,20.015,1448,4,5792,5792,34827938,34822194,47804,NaN,24333,14973,24332,116,NaN,NaN,1957984,1782152,24329,76288,68608,4,86160
2026-05-01 16:21:21.491,49626,ESTAB,prague,228,24.758,3.006,20.015,1448,5,7240,5792,34891122,34883942,47804,NaN,24377,15001,24376,116,NaN,NaN,2361272,2224264,24372,76288,68608,5,97648
2026-05-01 16:21:21.768,49626,ESTAB,prague,224,23.96,2.686,20.015,1448,5,7240,5792,34962922,34958614,47804,NaN,24427,15036,24426,116,NaN,NaN,2504080,2392696,24424,76288,68608,3,100520
2026-05-01 16:21:22.019,49626,ESTAB,prague,228,24.518,2.863,20.015,1448,5,7240,5792,35023234,35017490,47804,NaN,24469,15062,24468,116,NaN,NaN,2090888,1784552,24465,76288,68608,4,114880
2026-05-01 16:21:22.276,49626,ESTAB,prague,228,25.423,3.665,20.015,1448,4,5792,4344,35079238,35074930,47804,NaN,24508,15087,24507,116,NaN,NaN,1700608,1737968,24505,76288,68608,3,94540
2026-05-01 16:21:22.541,49626,ESTAB,prague,224,22.88,2.17,20.015,1448,5,7240,5792,35143858,35139550,47804,NaN,24553,15119,24552,116,NaN,NaN,2622360,2233616,24550,76288,68608,3,29920
2026-05-01 16:21:22.808,49626,ESTAB,prague,232,28.285,11.408,20.015,1448,5,7240,5792,35173778,35173778,47804,NaN,24574,15136,24573,116,NaN,NaN,2121240,888464,24574,76800,68608,NaN,NaN
2026-05-01 16:21:23.055,49626,ESTAB,prague,228,24.141,3.248,20.015,1448,4,5792,4344,35202509,35196765,48628,NaN,24595,15151,24594,118,NaN,NaN,1721952,1409288,24591,76288,74240,4,124932
2026-05-01 16:21:23.307,49626,ESTAB,prague,224,23.587,2.344,20.015,1448,3,4344,4344,35254205,35249897,48628,NaN,24631,15176,24630,118,NaN,NaN,1598608,1787856,24628,76288,74240,3,147908
2026-05-01 16:21:23.549,49626,ESTAB,prague,228,25.472,2.205,20.015,1448,4,5792,5792,35313081,35307337,48628,NaN,24672,15200,24671,118,NaN,NaN,1998584,1984152,24668,76288,74240,4,89032
2026-05-01 16:21:23.800,49626,ESTAB,prague,224,22.991,2.802,20.015,1448,5,7240,5792,35379137,35371957,48628,NaN,24718,15233,24717,118,NaN,NaN,2609680,1980760,24713,76288,74240,5,97648
2026-05-01 16:21:24.045,49626,ESTAB,prague,224,23.393,1.555,20.015,1448,5,7240,5792,35442321,35438013,48628,NaN,24762,15263,24761,118,NaN,NaN,2242336,2228976,24759,76288,74240,3,109136
2026-05-01 16:21:24.298,49626,ESTAB,prague,224,22.909,1.956,20.015,1448,5,7240,5792,35508377,35501197,48628,NaN,24808,15293,24807,118,NaN,NaN,2618960,1988752,24803,76288,74240,5,78274
2026-05-01 16:21:24.557,49626,ESTAB,prague,224,22.853,1.594,20.015,1448,5,7240,5792,35577305,35570125,48628,NaN,24856,15325,24855,118,NaN,NaN,2625360,2144192,24851,76288,74240,5,9346
2026-05-01 16:21:24.826,49626,ESTAB,prague,224,22.986,1.478,20.015,1448,5,7240,5792,35586651,35586651,48628,NaN,24863,15333,24862,118,NaN,NaN,2610200,2144688,24863,76288,74240,NaN,NaN
2026-05-01 16:21:25.080,49626,ESTAB,prague,224,23.557,2.57,20.015,1448,4,5792,4344,35613946,35611074,49452,NaN,24883,15348,24882,120,NaN,NaN,1658208,1664360,24881,76288,80384,2,126368
2026-05-01 16:21:25.334,49626,ESTAB,prague,224,23.864,4.264,20.015,1448,4,5792,4344,35655590,35651282,49452,NaN,24912,15368,24911,120,NaN,NaN,1717640,1645840,24909,76288,80384,3,84724
2026-05-01 16:21:25.605,49626,ESTAB,prague,224,22.949,2.504,20.015,1448,5,7240,5792,35731698,35724518,49452,NaN,24965,15403,24964,120,NaN,NaN,2231616,2221064,24960,76288,80384,5,83288
2026-05-01 16:21:25.862,49626,ESTAB,prague,224,22.361,1.446,20.015,1448,5,7240,5792,35806370,35800626,49452,NaN,25017,15444,25016,120,NaN,NaN,2683120,2525832,25013,76288,80384,4,83288
2026-05-01 16:21:26.111,49626,ESTAB,prague,228,24.52,2.319,20.015,1448,5,7240,5792,35868118,35862374,49452,NaN,25060,15471,25059,120,NaN,NaN,2446880,1970984,25056,76288,80384,4,96212
2026-05-01 16:21:26.366,49626,ESTAB,prague,228,26.73,4.693,20.015,1448,4,5792,5792,35928430,35924122,49452,NaN,25102,15498,25101,120,NaN,NaN,1642312,1763568,25099,76288,80384,3,110572
2026-05-01 16:21:26.604,49626,ESTAB,prague,228,26.366,4.208,20.015,1448,4,5792,4344,35974382,35968638,49452,NaN,25134,15519,25133,120,NaN,NaN,2054488,1108672,25130,76288,80384,4,71875
2026-05-01 16:21:26.850,49626,ESTAB,prague,224,23.687,2.727,20.015,1448,5,7240,5792,36036130,36030386,49452,NaN,25177,15548,25176,120,NaN,NaN,2533000,2315040,25173,76288,80384,4,10127
2026-05-01 16:21:27.108,49626,ESTAB,prague,224,22.102,1.429,20.015,1448,5,7240,5792,36080732,36073552,50276,NaN,25210,15573,25209,122,NaN,NaN,2188408,2057088,25205,76288,86016,5,119188
2026-05-01 16:21:27.353,49626,ESTAB,prague,224,23.089,2.238,20.015,1448,5,7240,5792,36146788,36139608,50276,NaN,25256,15605,25255,122,NaN,NaN,2598560,2193624,25251,76288,86016,5,127804
2026-05-01 16:21:27.610,49626,ESTAB,prague,228,24.126,2.763,20.015,1448,6,8688,7240,36224332,36217152,50276,NaN,25310,15642,25309,122,NaN,NaN,2984304,2227904,25305,76288,86016,5,124932
2026-05-01 16:21:27.876,49626,ESTAB,prague,228,24.64,2.653,20.015,1448,5,7240,7240,36304748,36299004,50276,NaN,25366,15679,25365,122,NaN,NaN,2435000,2784344,25362,76288,86016,4,119188
2026-05-01 16:21:28.121,49626,ESTAB,prague,228,24.453,2.137,20.015,1448,5,7240,7240,36380856,36375112,50276,NaN,25419,15711,25418,122,NaN,NaN,2453640,2232304,25415,76288,86016,4,117752
2026-05-01 16:21:28.389,49626,ESTAB,prague,228,24.108,2.218,20.015,1448,5,7240,7240,36459836,36452656,50276,NaN,25474,15747,25473,122,NaN,NaN,2488680,2393088,25469,76288,86016,5,41456
2026-05-01 16:21:28.639,49626,ESTAB,prague,232,29.272,11.925,20.015,1448,6,8688,7240,36501292,36501292,50276,NaN,25503,15768,25502,122,NaN,NaN,2459616,878224,25503,76800,86016,NaN,NaN
2026-05-01 16:21:28.908,49626,ESTAB,prague,232,29.272,11.925,20.015,1448,6,8688,7240,36501292,36501292,50276,NaN,25503,15768,25502,122,NaN,NaN,2459616,878224,25503,76800,86016,NaN,NaN
2026-05-01 16:21:29.167,49626,ESTAB,prague,228,25.304,2.186,20.015,1448,4,5792,5792,36535767,36531459,51100,NaN,25528,15785,25527,124,NaN,NaN,1970264,2058552,25525,76288,91648,3,119188
2026-05-01 16:21:29.431,49626,ESTAB,prague,224,23.836,3.781,20.015,1448,4,5792,5792,36606131,36600387,51100,NaN,25577,15820,25576,124,NaN,NaN,2013728,1903768,25573,76288,91648,4,123496
2026-05-01 16:21:29.682,49626,ESTAB,prague,228,24.773,3.864,20.015,1448,5,7240,5792,36675059,36669315,51100,NaN,25625,15855,25624,124,NaN,NaN,2421920,2225656,25621,76288,91648,4,129240
2026-05-01 16:21:29.933,49626,ESTAB,prague,228,24.174,3.122,20.015,1448,5,7240,5792,36732499,36726755,51100,NaN,25665,15881,25664,124,NaN,NaN,2050840,1581432,25661,76288,91648,4,146472
2026-05-01 16:21:30.191,49626,ESTAB,prague,228,25.102,3.872,20.015,1448,5,7240,5792,36799991,36794247,51100,NaN,25712,15911,25711,124,NaN,NaN,2390240,2321904,25708,76288,91648,4,153652
2026-05-01 16:21:30.458,49626,ESTAB,prague,224,23.231,2.372,20.015,1448,6,8688,7240,36881843,36873227,51100,NaN,25769,15949,25768,124,NaN,NaN,3099216,2785016,25763,76288,91648,6,109573
2026-05-01 16:21:30.718,49626,ESTAB,prague,224,23.347,1.808,20.015,1448,5,7240,7240,36962259,36955079,51100,NaN,25825,15987,25824,124,NaN,NaN,2569840,2389928,25820,76288,91648,5,29157
2026-05-01 16:21:30.979,49626,ESTAB,prague,232,28.664,11.368,20.015,1448,6,8688,7240,36991416,36991416,51100,NaN,25846,16005,25845,124,NaN,NaN,2511840,917616,25846,76800,91648,NaN,NaN
2026-05-01 16:21:31.239,49626,ESTAB,prague,228,24.312,2.523,20.015,1448,5,7240,7240,37044559,37037379,51924,NaN,25884,16029,25883,126,NaN,NaN,2467880,2671792,25879,76288,97280,5,100520
2026-05-01 16:21:31.501,49626,ESTAB,prague,224,23.573,2.59,20.015,1448,5,7240,7240,37130719,37123539,51924,NaN,25944,16067,25943,126,NaN,NaN,2545200,2093088,25939,76288,97280,5,89032
2026-05-01 16:21:31.762,49626,ESTAB,prague,228,24.486,3.066,20.015,1448,7,10136,8688,37216879,37209699,51924,NaN,26004,16105,26003,126,NaN,NaN,3430392,2665680,25999,76288,97280,5,73474
2026-05-01 16:21:32.023,49626,ESTAB,prague,224,23.79,1.672,20.015,1448,6,8688,7240,37296097,37290353,52340,NaN,26060,16140,26059,127,NaN,NaN,3026400,3095808,26056,76800,100352,4,145036
2026-05-01 16:21:32.283,49626,ESTAB,prague,228,24.023,2.794,20.015,1448,6,8688,7240,37379385,37372205,52340,NaN,26118,16176,26117,127,NaN,NaN,2997072,2198936,26113,76288,100352,5,136420
2026-05-01 16:21:32.544,49626,ESTAB,prague,224,23.675,1.777,20.015,1448,5,7240,7240,37464109,37456929,52340,NaN,26177,16213,26176,127,NaN,NaN,2534280,2390520,26172,76288,100352,5,126368
2026-05-01 16:21:32.800,49626,ESTAB,prague,228,24.041,1.59,20.015,1448,6,8688,8688,37560321,37551705,52340,NaN,26244,16251,26243,127,NaN,NaN,2994816,2674568,26238,76288,100352,6,104828
2026-05-01 16:21:33.048,49626,ESTAB,prague,228,25.24,2.251,20.015,1448,6,8688,7240,37645045,37637865,52340,NaN,26303,16287,26302,127,NaN,NaN,2852544,2482104,26298,76288,100352,5,53479
2026-05-01 16:21:33.301,49626,ESTAB,prague,224,23.338,2.27,20.015,1448,5,7240,7240,37717192,37710012,52756,NaN,26354,16321,26353,128,NaN,NaN,2570840,2527712,26349,76288,103424,5,132112
2026-05-01 16:21:33.554,49626,ESTAB,prague,224,22.693,2.034,20.015,1448,5,7240,7240,37796172,37788992,52756,NaN,26409,16356,26408,128,NaN,NaN,2643880,2271992,26404,76288,103424,5,127804
2026-05-01 16:21:33.808,49626,ESTAB,prague,228,24.648,3.371,20.015,1448,5,7240,5792,37865100,37859356,52756,NaN,26457,16390,26456,128,NaN,NaN,2434200,2233704,26453,76288,103424,4,133548
2026-05-01 16:21:34.082,49626,ESTAB,prague,228,24.589,2.826,20.015,1448,5,7240,7240,37946952,37939772,52756,NaN,26514,16427,26513,128,NaN,NaN,2440080,2635120,26509,76288,103424,5,126368
2026-05-01 16:21:34.336,49626,ESTAB,prague,224,22.688,1.277,20.015,1448,6,8688,8688,38033112,38024496,52756,NaN,26574,16468,26573,128,NaN,NaN,3173472,2679928,26568,76288,103424,6,48747
2026-05-01 16:21:34.597,49626,ESTAB,prague,224,23.919,2.294,20.015,1448,6,8688,8688,38081859,38081859,52756,NaN,26608,16493,26607,128,NaN,NaN,3010080,3070912,26608,76288,103424,NaN,NaN
2026-05-01 16:21:34.859,49626,ESTAB,prague,224,23.919,2.294,20.015,1448,6,8688,8688,38081859,38081859,52756,NaN,26608,16493,26607,128,NaN,NaN,3010080,3070912,26608,76288,103424,NaN,NaN
2026-05-01 16:21:35.119,49626,ESTAB,prague,224,23.919,2.294,20.015,1448,6,8688,8688,38084731,38081859,53164,NaN,26610,16494,26609,129,NaN,NaN,3010080,3070912,26608,76800,105984,2,11
2026-05-01 16:21:35.380,49626,ESTAB,prague,224,23.499,2.507,20.015,1448,5,7240,5792,38149362,38143618,53580,NaN,26656,16526,26655,130,NaN,NaN,2077744,1622632,26652,76288,109056,4,86160
2026-05-01 16:21:35.657,49626,ESTAB,prague,228,24.197,1.249,20.015,1448,4,5792,5792,38218290,38212546,53580,NaN,26704,16555,26703,130,NaN,NaN,1983648,2219472,26700,76288,109056,4,91904
2026-05-01 16:21:35.925,49626,ESTAB,prague,224,23.003,1.526,20.015,1448,5,7240,5792,38290090,38284346,53580,NaN,26754,16589,26753,130,NaN,NaN,2608280,2149360,26750,76288,109056,4,94776
2026-05-01 16:21:36.186,49626,ESTAB,prague,224,22.67,1.747,20.015,1448,5,7240,7240,38360454,38353274,53580,NaN,26803,16623,26802,130,NaN,NaN,2646560,2661760,26798,76288,109056,5,99084
2026-05-01 16:21:36.447,49626,ESTAB,prague,224,22.952,1.511,20.015,1448,5,7240,7240,38439434,38432254,53580,NaN,26858,16659,26857,130,NaN,NaN,2614120,2638000,26853,76288,109056,5,70065
2026-05-01 16:21:36.707,49626,ESTAB,prague,228,24.503,3.015,20.015,1448,4,5792,5792,38509499,38509499,53580,NaN,26907,16694,26906,130,NaN,NaN,1958880,2233488,26907,76288,109056,NaN,NaN
2026-05-01 16:21:36.969,49626,ESTAB,prague,228,24.503,3.015,20.015,1448,4,5792,5792,38509499,38509499,53580,NaN,26907,16694,26906,130,NaN,NaN,1958880,2233488,26907,76288,109056,NaN,NaN
2026-05-01 16:21:37.238,49626,ESTAB,prague,224,22.796,2.09,20.015,1448,3,4344,4344,38520998,38516690,54404,NaN,26916,16702,26915,132,NaN,NaN,1557664,2233488,26913,76288,114688,3,133060
2026-05-01 16:21:37.506,49626,ESTAB,prague,224,22.705,2.229,20.015,1448,5,7240,5792,38592798,38585618,54404,NaN,26966,16734,26965,132,NaN,NaN,2257584,2027560,26961,76288,114688,5,93901
2026-05-01 16:21:37.780,49626,ESTAB,prague,224,23.012,1.478,20.015,1448,5,7240,5792,38666034,38658854,54404,NaN,27017,16768,27016,132,NaN,NaN,2607200,2134608,27012,76288,114688,5,105596
2026-05-01 16:21:38.048,49626,ESTAB,prague,224,23.486,1.856,20.015,1448,4,5792,5792,38736398,38730654,54404,NaN,27066,16800,27065,132,NaN,NaN,2043712,1917480,27062,76288,114688,4,55227
2026-05-01 16:21:38.310,49626,ESTAB,prague,224,22.524,1.985,20.015,1448,5,7240,5792,38791625,38791625,54404,NaN,27105,16828,27104,132,NaN,NaN,2663760,1918832,27105,76800,114688,NaN,NaN
2026-05-01 16:21:38.565,49626,ESTAB,prague,224,22.524,1.985,20.015,1448,5,7240,5792,38791625,38791625,54404,NaN,27105,16828,27104,132,NaN,NaN,2663760,1918832,27105,76800,114688,NaN,NaN
2026-05-01 16:21:38.814,49626,ESTAB,prague,224,22.524,1.985,20.015,1448,5,7240,5792,38791625,38791625,54404,NaN,27105,16828,27104,132,NaN,NaN,2663760,1918832,27105,76800,114688,NaN,NaN
2026-05-01 16:21:39.081,49626,ESTAB,prague,224,22.524,1.985,20.015,1448,5,7240,5792,38791625,38791625,54404,NaN,27105,16828,27104,132,NaN,NaN,2663760,1918832,27105,76800,114688,NaN,NaN
2026-05-01 16:21:39.356,49626,ESTAB,prague,224,22.28,1.67,20.015,1448,5,7240,5792,38834716,38827536,55228,NaN,27136,16850,27135,134,NaN,NaN,2692960,2575592,27131,76288,120832,5,110572
2026-05-01 16:21:39.619,49626,ESTAB,prague,228,24.851,3.628,20.015,1448,4,5792,5792,38902208,38896464,55228,NaN,27183,16882,27182,134,NaN,NaN,1931424,1801200,27179,76288,120832,4,117752
2026-05-01 16:21:39.880,49626,ESTAB,prague,228,24.824,3.881,20.015,1448,4,5792,4344,38958212,38952468,55228,NaN,27222,16907,27221,134,NaN,NaN,1645936,1781056,27218,76288,120832,4,136420
2026-05-01 16:21:40.145,49626,ESTAB,prague,224,23.506,1.346,20.015,1448,4,5792,5792,39017088,39011344,55228,NaN,27263,16932,27262,134,NaN,NaN,2150688,1822960,27259,76288,120832,4,136080
2026-05-01 16:21:40.418,49626,ESTAB,prague,224,23.16,2.105,20.015,1448,5,7240,5792,39088888,39081708,55228,NaN,27313,16964,27312,134,NaN,NaN,2590600,2725512,27308,76288,120832,5,64280
2026-05-01 16:21:40.671,49626,ESTAB,prague,228,24.311,3.281,20.015,1448,5,7240,5792,39150636,39146328,55228,NaN,27356,16993,27355,134,NaN,NaN,2190448,1861896,27353,76288,120832,3,2532
2026-05-01 16:21:40.932,49626,ESTAB,prague,232,29.403,13.444,20.015,1448,4,5792,5792,39153168,39153168,55228,NaN,27358,16997,27357,134,NaN,NaN,2086224,751768,27358,76800,120832,NaN,NaN
2026-05-01 16:21:41.190,49626,ESTAB,prague,232,29.403,13.444,20.015,1448,4,5792,5792,39153168,39153168,55228,NaN,27358,16997,27357,134,NaN,NaN,2086224,751768,27358,76800,120832,NaN,NaN
2026-05-01 16:21:41.446,49626,ESTAB,prague,228,24.683,2.584,20.015,1448,4,5792,4344,39194823,39189079,56052,NaN,27388,17017,27387,136,NaN,NaN,1771656,1784552,27384,76288,126464,4,112008
2026-05-01 16:21:41.711,49626,ESTAB,prague,224,22.328,2.182,20.015,1448,5,7240,5792,39265187,39258007,56052,NaN,27437,17052,27436,136,NaN,NaN,2158776,2022696,27432,76288,126464,5,116316
2026-05-01 16:21:41.962,49626,ESTAB,prague,228,24.519,2.942,20.015,1448,4,5792,5792,39331243,39325499,56052,NaN,27483,17082,27482,136,NaN,NaN,1957632,1891648,27479,76288,126464,4,124932
2026-05-01 16:21:42.216,49626,ESTAB,prague,228,24.462,2.185,20.015,1448,5,7240,5792,39397299,39390119,56052,NaN,27529,17113,27528,136,NaN,NaN,2331832,2140720,27524,76288,126464,5,133548
2026-05-01 16:21:42.488,49626,ESTAB,prague,224,23.92,3.386,20.015,1448,5,7240,5792,39469099,39461919,56052,NaN,27579,17146,27578,136,NaN,NaN,2508280,2230688,27574,76288,126464,5,124238
2026-05-01 16:21:42.757,49626,ESTAB,prague,228,24.704,2.176,20.015,1448,5,7240,5792,39538027,39530847,56052,NaN,27627,17176,27626,136,NaN,NaN,2428680,1670040,27622,76288,126464,5,55310
2026-05-01 16:21:42.994,49626,ESTAB,prague,224,23.489,2.669,20.015,1448,5,7240,5792,39593337,39593337,56052,NaN,27666,17206,27665,136,NaN,NaN,2244096,2354944,27666,76288,126464,NaN,NaN
2026-05-01 16:21:43.240,49626,ESTAB,prague,224,23.489,2.669,20.015,1448,5,7240,5792,39593337,39593337,56052,NaN,27666,17206,27665,136,NaN,NaN,2244096,2354944,27666,76288,126464,NaN,NaN
2026-05-01 16:21:43.523,49626,ESTAB,prague,224,22.348,1.888,20.015,1448,4,5792,4344,39647916,39643608,56876,NaN,27705,17236,27704,138,NaN,NaN,1706648,2051712,27702,76288,132096,3,99084
2026-05-01 16:21:43.793,49626,ESTAB,prague,224,23.4,1.665,20.015,1448,4,5792,5792,39709664,39703920,56876,NaN,27748,17263,27747,138,NaN,NaN,2051264,1783936,27744,76288,132096,4,112008
2026-05-01 16:21:44.061,49626,ESTAB,prague,224,23.051,1.945,20.015,1448,5,7240,5792,39784336,39778592,56876,NaN,27800,17297,27799,138,NaN,NaN,2602840,2058552,27796,76288,132096,4,112008
2026-05-01 16:21:44.310,49626,ESTAB,prague,228,24.872,2.168,20.015,1448,5,7240,7240,39856136,39850392,56876,NaN,27850,17332,27849,138,NaN,NaN,2412320,2517160,27846,76288,132096,4,114880
2026-05-01 16:21:44.565,49626,ESTAB,prague,224,23.974,2.916,20.015,1448,5,7240,5792,39919320,39912140,56876,NaN,27894,17361,27893,138,NaN,NaN,2502640,1675192,27889,76288,132096,5,72746
2026-05-01 16:21:44.837,49626,ESTAB,prague,228,24.565,3.476,20.015,1448,4,5792,5792,39985376,39981068,56876,NaN,27940,17391,27939,138,NaN,NaN,1969104,1919784,27937,76288,132096,3,6690
2026-05-01 16:21:45.108,49626,ESTAB,prague,228,24.557,2.695,20.015,1448,5,7240,5792,39992066,39992066,56876,NaN,27945,17396,27944,138,NaN,NaN,2361432,2396848,27945,76288,132096,NaN,NaN
2026-05-01 16:21:45.382,49626,ESTAB,prague,224,23.869,3.584,20.015,1448,4,5792,4344,40007873,40002129,57700,NaN,27957,17404,27956,140,NaN,NaN,1749264,1670928,27953,76288,138240,4,137856
2026-05-01 16:21:45.652,49626,ESTAB,prague,228,24.385,2.177,20.015,1448,5,7240,5792,40072493,40066749,57700,NaN,28002,17432,28001,140,NaN,NaN,2157608,2206728,27998,76288,138240,4,147908
2026-05-01 16:21:45.919,49626,ESTAB,prague,224,23.555,1.855,20.015,1448,5,7240,5792,40144293,40137113,57700,NaN,28052,17463,28051,140,NaN,NaN,2547120,2063040,28047,76288,138240,5,150780
2026-05-01 16:21:46.177,49626,ESTAB,prague,228,24.005,3.174,20.015,1448,4,5792,5792,40210349,40204605,57700,NaN,28098,17495,28097,140,NaN,NaN,2093056,1866152,28094,76288,138240,4,84724
2026-05-01 16:21:46.437,49626,ESTAB,prague,224,22.551,1.986,20.015,1448,5,7240,5792,40277841,40273533,57700,NaN,28145,17530,28144,140,NaN,NaN,2331336,2169592,28142,76288,138240,3,91904
2026-05-01 16:21:46.699,49626,ESTAB,prague,228,25.441,2.031,20.015,1448,4,5792,5792,40349641,40343897,57700,NaN,28195,17563,28194,140,NaN,NaN,1886688,1911392,28191,76288,138240,4,30758
2026-05-01 16:21:46.960,49626,ESTAB,prague,232,29.523,11.954,20.015,1448,5,7240,5792,40380399,40380399,57700,NaN,28217,17581,28216,140,NaN,NaN,2032240,539472,28217,76800,138240,NaN,NaN
2026-05-01 16:21:47.225,49626,ESTAB,prague,232,29.523,11.954,20.015,1448,5,7240,5792,40380399,40380399,57700,NaN,28217,17581,28216,140,NaN,NaN,2032240,539472,28217,76800,138240,NaN,NaN
2026-05-01 16:21:47.492,49626,ESTAB,prague,228,25.323,3.512,20.015,1448,5,7240,5792,40413438,40407694,58524,NaN,28241,17597,28240,142,NaN,NaN,2369360,2063136,28237,76288,143872,4,120624
2026-05-01 16:21:47.760,49626,ESTAB,prague,224,23.641,2.609,20.015,1448,4,5792,5792,40483802,40478058,58524,NaN,28290,17629,28289,142,NaN,NaN,2030336,2396848,28286,76288,143872,4,124932
2026-05-01 16:21:48.021,49626,ESTAB,prague,224,22.883,1.916,20.015,1448,5,7240,5792,40552730,40546986,58524,NaN,28338,17662,28337,142,NaN,NaN,2621920,1895520,28334,76288,143872,4,130676
2026-05-01 16:21:48.297,49626,ESTAB,prague,224,23.87,2.86,20.015,1448,4,5792,5792,40628838,40623094,58524,NaN,28391,17701,28390,142,NaN,NaN,2010816,2342472,28387,76288,143872,4,129240
2026-05-01 16:21:48.560,49626,ESTAB,prague,228,24.385,4.267,20.015,1448,5,7240,5792,40699202,40693458,58524,NaN,28440,17737,28439,142,NaN,NaN,2460440,1631312,28436,76288,143872,4,89939
2026-05-01 16:21:48.832,49626,ESTAB,prague,224,23.006,1.517,20.015,1448,5,7240,5792,40772438,40765258,58524,NaN,28491,17773,28490,142,NaN,NaN,2608000,2133328,28486,76288,143872,5,16703
2026-05-01 16:21:49.103,49626,ESTAB,prague,224,23.307,1.46,20.015,1448,5,7240,5792,40789141,40789141,58524,NaN,28503,17784,28502,142,NaN,NaN,2574240,2234480,28503,76288,143872,NaN,NaN
2026-05-01 16:21:49.352,49626,ESTAB,prague,224,23.307,1.46,20.015,1448,5,7240,5792,40789141,40789141,58524,NaN,28503,17784,28502,142,NaN,NaN,2574240,2234480,28503,76288,143872,NaN,NaN
2026-05-01 16:21:49.630,49626,ESTAB,prague,224,23.291,1.817,20.015,1448,4,5792,5792,40850900,40845156,59348,NaN,28547,17815,28546,144,NaN,NaN,2060832,1908712,28543,76288,149504,4,91904
2026-05-01 16:21:49.901,49626,ESTAB,prague,224,23.307,1.468,20.015,1448,5,7240,5792,40924136,40918392,59348,NaN,28598,17849,28597,144,NaN,NaN,2574240,2229664,28594,76288,149504,4,93340
2026-05-01 16:21:50.162,49626,ESTAB,prague,228,24.51,2.387,20.015,1448,4,5792,5792,40991628,40985884,59348,NaN,28645,17878,28644,144,NaN,NaN,1958336,2224264,28641,76288,149504,4,100520
2026-05-01 16:21:50.424,49626,ESTAB,prague,228,24.399,4.49,20.015,1448,4,5792,5792,41059120,41053376,59348,NaN,28692,17909,28691,144,NaN,NaN,1967232,1761824,28688,76288,149504,4,107700
2026-05-01 16:21:50.690,49626,ESTAB,prague,224,23.281,2.791,20.015,1448,6,8688,7240,41130920,41123740,59348,NaN,28742,17942,28741,144,NaN,NaN,3092496,2053256,28737,76288,149504,5,74727
2026-05-01 16:21:50.971,49626,ESTAB,prague,224,22.63,1.839,20.015,1448,5,7240,5792,41205592,41198412,59348,NaN,28794,17980,28793,144,NaN,NaN,2651280,2060616,28789,76288,149504,5,55
2026-05-01 16:21:51.223,49626,ESTAB,prague,232,28.492,11.862,20.015,1448,5,7240,5792,41205647,41205647,59348,NaN,28795,17984,28794,144,NaN,NaN,2105840,706736,28795,76800,149504,NaN,NaN
2026-05-01 16:21:51.476,49626,ESTAB,prague,224,23.813,5.656,20.015,1448,4,5792,4344,41218582,41214274,60172,NaN,28805,17993,28804,146,NaN,NaN,1661712,1292888,28802,76288,155648,3,140728
2026-05-01 16:21:51.729,49626,ESTAB,prague,228,24.566,3.419,20.015,1448,4,5792,5792,41277458,41273150,60172,NaN,28846,18019,28845,146,NaN,NaN,1964448,1913208,28843,76288,155648,3,156524
2026-05-01 16:21:51.982,49626,ESTAB,prague,224,22.302,1.465,20.015,1448,5,7240,7240,41347822,41340642,60172,NaN,28895,18053,28894,146,NaN,NaN,2690320,2785144,28890,76288,155648,5,86160
2026-05-01 16:21:52.245,49626,ESTAB,prague,224,23.54,2.252,20.015,1448,5,7240,5792,41418186,41413878,60172,NaN,28944,18089,28943,146,NaN,NaN,2548760,1850952,28941,76288,155648,3,90468
2026-05-01 16:21:52.522,49626,ESTAB,prague,224,23.205,1.61,20.015,1448,5,7240,5792,41491422,41485678,60172,NaN,28995,18122,28994,146,NaN,NaN,2585520,1796592,28991,76288,155648,4,91904
2026-05-01 16:21:52.793,49626,ESTAB,prague,224,23.282,2.755,20.015,1448,5,7240,5792,41561786,41557478,60172,NaN,29044,18157,29043,146,NaN,NaN,2270848,1855808,29041,76288,155648,3,78730
2026-05-01 16:21:53.050,49626,ESTAB,prague,224,23.726,2.62,20.015,1448,4,5792,5792,41630714,41624970,60172,NaN,29092,18188,29091,146,NaN,NaN,2023072,2230344,29088,76288,155648,4,9802
2026-05-01 16:21:53.299,49626,ESTAB,prague,228,27.839,11.014,20.015,1448,5,7240,5792,41640516,41640516,60172,NaN,29099,18196,29098,146,NaN,NaN,2155160,562088,29099,76800,155648,NaN,NaN
2026-05-01 16:21:53.547,49626,ESTAB,prague,228,25.458,5.304,20.015,1448,4,5792,4344,41656323,41650579,60996,NaN,29111,18204,29110,148,NaN,NaN,1631576,1674952,29107,76288,161280,4,137856
2026-05-01 16:21:53.799,49626,ESTAB,prague,228,24.672,2.667,20.015,1448,5,7240,5792,41718071,41713763,60996,NaN,29154,18232,29153,148,NaN,NaN,2431880,2226080,29151,76288,161280,3,150780
2026-05-01 16:21:54.055,49626,ESTAB,prague,228,24.172,4.316,20.015,1448,4,5792,4344,41768331,41762587,60996,NaN,29189,18255,29188,148,NaN,NaN,1771240,1545008,29185,76288,161280,4,100520
2026-05-01 16:21:54.311,49626,ESTAB,prague,224,23.78,3.175,20.015,1448,5,7240,7240,41841567,41834387,60996,NaN,29240,18286,29239,148,NaN,NaN,2523040,2386872,29235,76288,161280,5,101956
2026-05-01 16:21:54.566,49626,ESTAB,prague,224,23.506,2.162,20.015,1448,4,5792,5792,41904751,41899007,60996,NaN,29284,18315,29283,148,NaN,NaN,2041984,1916928,29280,76288,161280,4,113444
2026-05-01 16:21:54.823,49626,ESTAB,prague,224,22.578,1.609,20.015,1448,5,7240,5792,41973679,41966499,60996,NaN,29332,18346,29331,148,NaN,NaN,2657400,2529808,29327,76288,161280,5,102519
2026-05-01 16:21:55.079,49626,ESTAB,prague,224,22.85,2.161,20.015,1448,5,7240,5792,42039735,42032555,60996,NaN,29378,18378,29377,148,NaN,NaN,2625800,2225656,29373,76288,161280,5,36463
2026-05-01 16:21:55.345,49626,ESTAB,prague,228,24.108,3.724,20.015,1448,4,5792,5792,42076198,42076198,60996,NaN,29404,18398,29403,148,NaN,NaN,2145496,1783800,29404,76800,161280,NaN,NaN
2026-05-01 16:21:55.633,49626,ESTAB,prague,224,22.487,2.159,20.015,1448,4,5792,4344,42104929,42099185,61820,NaN,29425,18412,29424,150,NaN,NaN,1714288,2028896,29421,76288,166912,4,124932
2026-05-01 16:21:55.891,49626,ESTAB,prague,224,23.903,3.558,20.015,1448,5,7240,4344,42159497,42155189,61820,NaN,29463,18438,29462,150,NaN,NaN,2094632,1612016,29460,76288,166912,3,145036
2026-05-01 16:21:56.158,49626,ESTAB,prague,224,22.423,1.914,20.015,1448,5,7240,5792,42225553,42218373,61820,NaN,29509,18470,29508,150,NaN,NaN,2675720,2201856,29504,76288,166912,5,153652
2026-05-01 16:21:56.399,49626,ESTAB,prague,224,23.331,1.863,20.015,1448,5,7240,5792,42293045,42287301,61820,NaN,29556,18503,29555,150,NaN,NaN,2248840,2021072,29552,76288,166912,4,86160
2026-05-01 16:21:56.648,49626,ESTAB,prague,224,22.883,1.614,20.015,1448,5,7240,5792,42357665,42350485,61820,NaN,29601,18533,29600,150,NaN,NaN,2621920,2124624,29596,76288,166912,5,96212
2026-05-01 16:21:56.902,49626,ESTAB,prague,224,23.327,1.452,20.015,1448,5,7240,5792,42423721,42417977,61820,NaN,29647,18564,29646,150,NaN,NaN,2572080,2235856,29643,76288,166912,4,91194
2026-05-01 16:21:57.174,49626,ESTAB,prague,224,23.174,2.627,20.015,1448,5,7240,5792,42494085,42486905,61820,NaN,29696,18598,29695,150,NaN,NaN,2589080,2488400,29691,76288,166912,5,20830
2026-05-01 16:21:57.432,49626,ESTAB,prague,224,23.672,1.644,20.015,1448,4,5792,5792,42514915,42514915,61820,NaN,29711,18610,29710,150,NaN,NaN,2027712,1910760,29711,76288,166912,NaN,NaN
2026-05-01 16:21:57.697,49626,ESTAB,prague,228,24.742,4.222,20.015,1448,4,5792,4344,42547954,42543646,62644,NaN,29735,18627,29734,152,NaN,NaN,1664568,1788136,29732,76288,173056,3,120624
2026-05-01 16:21:57.954,49626,ESTAB,prague,224,23.007,2.283,20.015,1448,5,7240,5792,42611138,42605394,62644,NaN,29779,18656,29778,152,NaN,NaN,2090696,2121024,29775,76288,173056,4,132112
2026-05-01 16:21:58.216,49626,ESTAB,prague,224,21.834,0.819,20.015,1448,4,5792,5792,42680066,42674322,62644,NaN,29827,18692,29826,152,NaN,NaN,2198368,2403016,29823,76288,173056,4,137856
2026-05-01 16:21:58.485,49626,ESTAB,prague,224,23.262,1.373,20.015,1448,5,7240,5792,42753302,42746122,62644,NaN,29878,18724,29877,152,NaN,NaN,2579240,2395464,29873,76288,173056,5,139292
2026-05-01 16:21:58.730,49626,ESTAB,prague,224,22.723,2.047,20.015,1448,6,8688,7240,42833718,42825102,62644,NaN,29934,18762,29933,152,NaN,NaN,3168432,2594744,29928,76288,173056,6,129278
2026-05-01 16:21:58.980,49626,ESTAB,prague,224,22.591,2.04,20.015,1448,4,5792,5792,42906954,42901210,62644,NaN,29985,18798,29984,152,NaN,NaN,2124704,2383928,29981,76288,173056,4,56042
2026-05-01 16:21:59.237,49626,ESTAB,prague,228,24.85,2.892,20.015,1448,5,7240,5792,42962996,42962996,62644,NaN,30025,18827,30024,152,NaN,NaN,2092040,1918592,30025,76800,173056,NaN,NaN
2026-05-01 16:21:59.506,49626,ESTAB,prague,228,24.85,2.892,20.015,1448,5,7240,5792,42962996,42962996,62644,NaN,30025,18827,30024,152,NaN,NaN,2092040,1918592,30025,76800,173056,NaN,NaN
2026-05-01 16:21:59.771,49626,ESTAB,prague,228,24.434,2.579,20.015,1448,4,5792,5792,43011831,43006087,63468,NaN,30060,18850,30059,154,NaN,NaN,1964416,2064240,30056,76288,178688,4,104828
2026-05-01 16:22:00.026,49626,ESTAB,prague,224,22.182,1.616,20.015,1448,5,7240,5792,43076451,43070707,63468,NaN,30105,18885,30104,154,NaN,NaN,2704800,1912416,30101,76288,178688,4,114880
2026-05-01 16:22:00.279,49626,ESTAB,prague,224,23.948,1.599,20.015,1448,4,5792,5792,43141071,43135327,63468,NaN,30150,18913,30149,154,NaN,NaN,2004256,1914072,30146,76288,178688,4,124932
2026-05-01 16:22:00.532,49626,ESTAB,prague,224,23.816,2.545,20.015,1448,4,5792,5792,43212871,43207127,63468,NaN,30200,18947,30199,154,NaN,NaN,2015360,2209312,30196,76288,178688,4,127804
2026-05-01 16:22:00.790,49626,ESTAB,prague,224,23.299,1.909,20.015,1448,4,5792,5792,43277491,43273183,63468,NaN,30245,18978,30244,154,NaN,NaN,2170704,1974496,30242,76288,178688,3,136286
2026-05-01 16:22:01.047,49626,ESTAB,prague,224,23.176,1.366,20.015,1448,4,5792,5792,43344983,43339239,63468,NaN,30292,19009,30291,154,NaN,NaN,2071072,1916688,30288,76288,178688,4,68794
2026-05-01 16:22:01.308,49626,ESTAB,prague,224,23.099,1.792,20.015,1448,4,5792,5792,43413777,43408167,63468,NaN,30340,19041,30339,154,NaN,NaN,2077984,1915416,30336,76288,178688,4,NaN
2026-05-01 16:22:01.567,49626,ESTAB,prague,224,23.006,1.486,20.015,1448,5,7240,5792,43413777,43413777,63468,NaN,30340,19044,30339,154,NaN,NaN,2607920,2143888,30340,76288,178688,NaN,NaN
2026-05-01 16:22:01.825,49626,ESTAB,prague,228,24.007,3.589,20.015,1448,4,5792,5792,43471228,43465484,64292,NaN,30381,19071,30380,156,NaN,NaN,2148736,2023400,30377,76288,184320,4,79458
2026-05-01 16:22:02.094,49626,ESTAB,prague,224,23.451,2.523,20.015,1448,5,7240,7240,43548772,43541592,64292,NaN,30435,19109,30434,156,NaN,NaN,2558480,2508896,30430,76288,184320,5,13548
2026-05-01 16:22:02.344,49626,ESTAB,prague,224,23.409,1.312,20.015,1448,6,8688,7240,43562320,43562320,64292,NaN,30445,19118,30444,156,NaN,NaN,3075696,2235320,30445,76800,184320,NaN,NaN
2026-05-01 16:22:02.586,49626,ESTAB,prague,224,23.409,1.312,20.015,1448,6,8688,7240,43562320,43562320,64292,NaN,30445,19118,30444,156,NaN,NaN,3075696,2235320,30445,76800,184320,NaN,NaN
2026-05-01 16:22:02.843,49626,ESTAB,prague,224,23.409,1.312,20.015,1448,6,8688,7240,43562320,43562320,64292,NaN,30445,19118,30444,156,NaN,NaN,3075696,2235320,30445,76800,184320,NaN,NaN
2026-05-01 16:22:03.108,49626,ESTAB,prague,224,23.409,1.312,20.015,1448,6,8688,7240,43562320,43562320,64292,NaN,30445,19118,30444,156,NaN,NaN,3075696,2235320,30445,76800,184320,NaN,NaN
2026-05-01 16:22:03.377,49626,ESTAB,prague,224,23.409,1.312,20.015,1448,6,8688,7240,43562320,43562320,64292,NaN,30445,19118,30444,156,NaN,NaN,3075696,2235320,30445,76800,184320,NaN,NaN
2026-05-01 16:22:03.665,49626,ESTAB,prague,224,23.578,1.82,20.015,1448,5,7240,7240,43565203,43565203,64700,NaN,30448,19121,30447,157,NaN,NaN,2544720,2235320,30448,76800,187392,NaN,NaN
2026-05-01 16:22:03.911,49626,ESTAB,prague,224,23.414,1.858,20.015,1448,4,5792,5792,43631259,43625515,65116,NaN,30494,19152,30493,158,NaN,NaN,2049952,1914152,30490,76288,189952,4,67114
2026-05-01 16:22:04.159,49626,ESTAB,prague,224,22.76,2.078,20.015,1448,5,7240,5792,43695879,43691571,65116,NaN,30539,19185,30538,158,NaN,NaN,2636160,2785016,30536,76288,189952,3,41582
2026-05-01 16:22:04.411,49626,ESTAB,prague,232,29.274,12.038,20.015,1448,5,7240,5792,43737461,43737461,65116,NaN,30568,19205,30567,158,NaN,NaN,2266128,715768,30568,76800,189952,NaN,NaN
2026-05-01 16:22:04.662,49626,ESTAB,prague,232,29.274,12.038,20.015,1448,5,7240,5792,43737461,43737461,65116,NaN,30568,19205,30567,158,NaN,NaN,2266128,715768,30568,76800,189952,NaN,NaN
2026-05-01 16:22:04.927,49626,ESTAB,prague,232,29.274,12.038,20.015,1448,5,7240,5792,43737461,43737461,65116,NaN,30568,19205,30567,158,NaN,NaN,2266128,715768,30568,76800,189952,NaN,NaN
2026-05-01 16:22:05.184,49626,ESTAB,prague,232,29.274,12.038,20.015,1448,5,7240,5792,43737461,43737461,65116,NaN,30568,19205,30567,158,NaN,NaN,2266128,715768,30568,76800,189952,NaN,NaN
2026-05-01 16:22:05.444,49626,ESTAB,prague,232,29.274,12.038,20.015,1448,5,7240,5792,43737461,43737461,65116,NaN,30568,19205,30567,158,NaN,NaN,2266128,715768,30568,76800,189952,NaN,NaN
2026-05-01 16:22:05.696,49626,ESTAB,prague,228,26.372,9.48,20.015,1448,5,7240,5792,43740344,43740344,65524,NaN,30571,19209,30570,159,NaN,NaN,2275040,1242648,30571,76800,193024,NaN,NaN
2026-05-01 16:22:05.961,49626,ESTAB,prague,224,23.771,2.779,20.015,1448,5,7240,5792,43806400,43800656,65940,NaN,30617,19239,30616,160,NaN,NaN,2288824,2175800,30613,76288,196096,4,84724
2026-05-01 16:22:06.219,49626,ESTAB,prague,224,22.57,2.004,20.015,1448,5,7240,5792,43871020,43865276,65940,NaN,30662,19271,30661,160,NaN,NaN,2658360,1628408,30658,76288,196096,4,94776
2026-05-01 16:22:06.482,49626,ESTAB,prague,224,22.849,2.141,20.015,1448,4,5792,5792,43947128,43941384,65940,NaN,30715,19311,30714,160,NaN,NaN,2100736,2066816,30711,76288,196096,4,93340
2026-05-01 16:22:06.752,49626,ESTAB,prague,224,23.171,1.446,20.015,1448,4,5792,5792,44016056,44010312,65940,NaN,30763,19342,30762,160,NaN,NaN,2071520,1905184,30759,76288,196096,4,99084
2026-05-01 16:22:07.014,49626,ESTAB,prague,224,23.315,1.854,20.015,1448,5,7240,5792,44086420,44082112,65940,NaN,30812,19375,30811,160,NaN,NaN,2250752,2031424,30809,76288,196096,3,82864
2026-05-01 16:22:07.264,49626,ESTAB,prague,224,22.836,1.801,20.015,1448,5,7240,7240,44156784,44149604,65940,NaN,30861,19407,30860,160,NaN,NaN,2627400,2581792,30856,76288,196096,5,12500
2026-05-01 16:22:07.521,49626,ESTAB,prague,228,25.874,4.019,20.015,1448,6,8688,7240,44169284,44169284,65940,NaN,30870,19414,30869,160,NaN,NaN,2782608,2227472,30870,76288,196096,NaN,NaN
2026-05-01 16:22:07.777,49626,ESTAB,prague,224,23.882,2.52,20.015,1448,4,5792,5792,44183655,44177911,66764,NaN,30881,19421,30880,162,NaN,NaN,1856056,2227472,30877,76288,201728,4,139292
2026-05-01 16:22:08.032,49626,ESTAB,prague,228,24.057,2.415,20.015,1448,4,5792,5792,44241095,44236787,66764,NaN,30921,19448,30920,162,NaN,NaN,2031472,2347784,30918,76288,201728,3,156524
2026-05-01 16:22:08.288,49626,ESTAB,prague,224,23.895,3.249,20.015,1448,4,5792,4344,44298535,44292791,66764,NaN,30961,19476,30960,162,NaN,NaN,1882056,1671168,30957,76288,201728,4,99084
2026-05-01 16:22:08.543,49626,ESTAB,prague,224,23.552,2.848,20.015,1448,4,5792,5792,44364591,44358847,66764,NaN,31007,19508,31006,162,NaN,NaN,1951296,1917640,31003,76288,201728,4,107700
2026-05-01 16:22:08.799,49626,ESTAB,prague,228,24.084,3.537,20.015,1448,4,5792,5792,44427775,44422031,66764,NaN,31051,19538,31050,162,NaN,NaN,2142168,2027472,31047,76288,201728,4,119188
2026-05-01 16:22:09.055,49626,ESTAB,prague,224,23.384,2.699,20.015,1448,4,5792,5792,44499575,44493831,66764,NaN,31101,19574,31100,162,NaN,NaN,2052672,2229664,31097,76288,201728,4,122060
2026-05-01 16:22:09.316,49626,ESTAB,prague,224,23.726,2.243,20.015,1448,4,5792,5792,44567067,44561323,66764,NaN,31148,19605,31147,162,NaN,NaN,2023040,2223928,31144,76288,201728,4,62017
2026-05-01 16:22:09.589,49626,ESTAB,prague,224,23.62,3.203,20.015,1448,4,5792,5792,44629084,44628815,66764,NaN,31192,19638,31191,162,NaN,NaN,2127904,2101056,31191,76288,201728,1,NaN
2026-05-01 16:22:09.864,49626,ESTAB,prague,224,22.586,1.775,20.015,1448,4,5792,5792,44656379,44650635,67588,NaN,31212,19653,31211,164,NaN,NaN,2125120,1910128,31208,76288,207360,4,126368
2026-05-01 16:22:10.141,49626,ESTAB,prague,224,23.89,2.829,20.015,1448,4,5792,5792,44723871,44719563,67588,NaN,31259,19684,31258,164,NaN,NaN,2164280,2363888,31256,76288,207360,3,133548
2026-05-01 16:22:10.418,49626,ESTAB,prague,224,22.399,1.602,20.015,1448,5,7240,5792,44798543,44791363,67588,NaN,31311,19719,31310,164,NaN,NaN,2678640,1876496,31306,76288,207360,5,133548
2026-05-01 16:22:10.688,49626,ESTAB,prague,228,24.991,3.329,20.015,1448,4,5792,5792,44864599,44858855,67588,NaN,31357,19748,31356,164,NaN,NaN,1920640,1670664,31353,76288,207360,4,142164
2026-05-01 16:22:10.958,49626,ESTAB,prague,224,23.079,2.843,20.015,1448,4,5792,5792,44936399,44930655,67588,NaN,31407,19787,31406,164,NaN,NaN,2079776,1912728,31403,76288,207360,4,106611
2026-05-01 16:22:11.225,49626,ESTAB,prague,224,23.319,2.488,20.015,1448,5,7240,5792,45005327,44999583,67588,NaN,31455,19822,31454,164,NaN,NaN,2129760,1854768,31451,76288,207360,4,37683
2026-05-01 16:22:11.490,49626,ESTAB,prague,224,23.065,2.595,20.015,1448,4,5792,5792,45043010,45043010,67588,NaN,31482,19844,31481,164,NaN,NaN,2187368,2578688,31482,76800,207360,NaN,NaN
2026-05-01 16:22:11.755,49626,ESTAB,prague,224,23.065,2.595,20.015,1448,4,5792,5792,45043010,45043010,67588,NaN,31482,19844,31481,164,NaN,NaN,2187368,2578688,31482,76800,207360,NaN,NaN
2026-05-01 16:22:12.007,49626,ESTAB,prague,228,24.851,2.322,20.015,1448,4,5792,5792,45090409,45084665,68412,NaN,31516,19864,31515,166,NaN,NaN,1985992,1783248,31512,76288,213504,4,106264
2026-05-01 16:22:12.275,49626,ESTAB,prague,228,24.119,3.08,20.015,1448,4,5792,5792,45146413,45140669,68412,NaN,31555,19890,31554,166,NaN,NaN,2142136,1780576,31551,76288,213504,4,124932
2026-05-01 16:22:12.531,49626,ESTAB,prague,224,22.828,1.727,20.015,1448,5,7240,5792,45215341,45209597,68412,NaN,31603,19922,31602,166,NaN,NaN,2628320,2392000,31599,76288,213504,4,130676
2026-05-01 16:22:12.793,49626,ESTAB,prague,224,23.578,2.164,20.015,1448,5,7240,5792,45284269,45277089,68412,NaN,31651,19952,31650,166,NaN,NaN,2544680,2056176,31646,76288,213504,5,136420
2026-05-01 16:22:13.054,49626,ESTAB,prague,228,24.013,2.461,20.015,1448,5,7240,5792,45356069,45351761,68412,NaN,31701,19987,31700,166,NaN,NaN,2274488,2186376,31698,76288,213504,3,102322
2026-05-01 16:22:13.316,49626,ESTAB,prague,224,22.811,2.44,20.015,1448,5,7240,5792,45426433,45419253,68412,NaN,31750,20021,31749,166,NaN,NaN,2630280,1966320,31745,76288,213504,5,31958
2026-05-01 16:22:13.578,49626,ESTAB,prague,232,29.085,11.771,20.015,1448,5,7240,5792,45458391,45458391,68412,NaN,31773,20038,31772,166,NaN,NaN,2062880,536576,31773,76800,213504,NaN,NaN
2026-05-01 16:22:13.849,49626,ESTAB,prague,228,26.375,9.117,20.015,1448,4,5792,5792,45461274,45461274,68820,NaN,31776,20042,31775,167,NaN,NaN,1757080,1209264,31776,76800,216064,NaN,NaN
2026-05-01 16:22:14.110,49626,ESTAB,prague,228,24.15,2.189,20.015,1448,4,5792,5792,45523022,45517278,69236,NaN,31819,20068,31818,168,NaN,NaN,1987552,1912648,31815,76288,219136,4,89032
2026-05-01 16:22:14.368,49626,ESTAB,prague,224,23.586,2.466,20.015,1448,4,5792,5792,45587642,45581898,69236,NaN,31864,20098,31863,168,NaN,NaN,2035072,2224264,31860,76288,219136,4,99084
2026-05-01 16:22:14.629,49626,ESTAB,prague,224,22.313,1.697,20.015,1448,5,7240,5792,45656570,45649390,69236,NaN,31912,20132,31911,168,NaN,NaN,2160232,2236936,31907,76288,219136,5,104828
2026-05-01 16:22:14.889,49626,ESTAB,prague,224,23.298,2.183,20.015,1448,5,7240,5792,45725498,45718318,69236,NaN,31960,20163,31959,168,NaN,NaN,2575240,2057816,31955,76288,219136,5,110572
2026-05-01 16:22:15.157,49626,ESTAB,prague,228,24.091,2.618,20.015,1448,3,4344,4344,45784374,45780066,69236,NaN,32001,20190,32000,168,NaN,NaN,1526688,1763832,31998,76288,219136,3,85378
2026-05-01 16:22:15.415,49626,ESTAB,prague,228,25.256,3.505,20.015,1448,4,5792,5792,45841814,45837506,69236,NaN,32041,20215,32040,168,NaN,NaN,1657248,1911864,32038,76288,219136,3,27938
2026-05-01 16:22:15.679,49626,ESTAB,prague,232,29.81,12.995,20.015,1448,4,5792,4344,45869752,45869752,69236,NaN,32061,20231,32060,168,NaN,NaN,1845584,527456,32061,76800,219136,NaN,NaN
2026-05-01 16:22:15.927,49626,ESTAB,prague,228,26.58,7.334,20.015,1448,3,4344,4344,45881251,45876943,70060,NaN,32070,20238,32069,170,NaN,NaN,1473808,1118648,32067,76288,224768,3,142164
2026-05-01 16:22:16.169,49626,ESTAB,prague,224,23.043,1.817,20.015,1448,6,8688,7240,45947307,45940127,70060,NaN,32116,20271,32115,170,NaN,NaN,3124512,2722568,32111,76288,224768,5,150780
2026-05-01 16:22:16.425,49626,ESTAB,prague,224,23.871,2.034,20.015,1448,5,7240,7240,46029159,46021979,70060,NaN,32173,20307,32172,170,NaN,NaN,2513440,2508352,32168,76288,224768,5,143600
2026-05-01 16:22:16.692,49626,ESTAB,prague,224,23.379,1.826,20.015,1448,5,7240,5792,46112447,46105267,70060,NaN,32231,20344,32230,170,NaN,NaN,2052664,2713768,32226,76288,224768,5,134984
2026-05-01 16:22:16.953,49626,ESTAB,prague,228,24.158,3.854,20.015,1448,4,5792,5792,46178503,46172759,70060,NaN,32277,20375,32276,170,NaN,NaN,2139328,1785448,32273,76288,224768,4,124062
2026-05-01 16:22:17.213,49626,ESTAB,prague,224,22.826,1.729,20.015,1448,5,7240,5792,46250303,46243123,70060,NaN,32327,20409,32326,170,NaN,NaN,2628480,2385600,32322,76288,224768,5,52262
2026-05-01 16:22:17.469,49626,ESTAB,prague,228,24.37,2.878,20.015,1448,4,5792,5792,46302565,46302565,70060,NaN,32364,20435,32363,170,NaN,NaN,2117648,2223304,32364,76800,224768,NaN,NaN
2026-05-01 16:22:17.720,49626,ESTAB,prague,228,24.37,2.878,20.015,1448,4,5792,5792,46302565,46302565,70060,NaN,32364,20435,32363,170,NaN,NaN,2117648,2223304,32364,76800,224768,NaN,NaN
2026-05-01 16:22:17.973,49626,ESTAB,prague,228,24.483,3.133,20.015,1448,3,4344,4344,46314064,46311192,70884,NaN,32373,20441,32372,172,NaN,NaN,1463760,2223304,32371,76288,230912,2,142164
2026-05-01 16:22:18.221,49626,ESTAB,prague,224,23.942,1.773,20.015,1448,5,7240,5792,46370068,46362888,70884,NaN,32412,20464,32411,172,NaN,NaN,2506000,1917320,32407,76288,230912,5,86160
2026-05-01 16:22:18.471,49626,ESTAB,prague,224,22.948,2.149,20.015,1448,5,7240,5792,46434688,46427508,70884,NaN,32457,20496,32456,172,NaN,NaN,2614520,1784136,32452,76288,230912,5,96212
2026-05-01 16:22:18.737,49626,ESTAB,prague,224,23.178,2.168,20.015,1448,5,7240,7240,46510796,46505052,70884,NaN,32510,20533,32509,172,NaN,NaN,2588600,2387664,32506,76288,230912,4,94776
2026-05-01 16:22:18.990,49626,ESTAB,prague,228,24.156,2.508,20.015,1448,5,7240,5792,46586904,46581160,70884,NaN,32563,20567,32562,172,NaN,NaN,2483760,2234136,32559,76288,230912,4,93340
2026-05-01 16:22:19.241,49626,ESTAB,prague,224,23.615,2.517,20.015,1448,5,7240,5792,46648652,46641472,70884,NaN,32606,20595,32605,172,NaN,NaN,2540720,1914944,32601,76288,230912,5,106264
2026-05-01 16:22:19.502,49626,ESTAB,prague,224,22.923,2.334,20.015,1448,5,7240,5792,46720452,46714708,70884,NaN,32656,20632,32655,172,NaN,NaN,2617360,2561920,32652,76288,230912,4,47955
2026-05-01 16:22:19.762,49626,ESTAB,prague,232,29.393,12.842,20.015,1448,6,8688,5792,46768407,46768407,70884,NaN,32690,20656,32689,172,NaN,NaN,2449536,803472,32690,76800,230912,NaN,NaN
2026-05-01 16:22:20.010,49626,ESTAB,prague,228,26.48,4.447,20.015,1448,5,7240,5792,46784214,46779906,71708,NaN,32702,20664,32701,174,NaN,NaN,2163984,2197784,32699,76288,236544,3,137856
2026-05-01 16:22:20.249,49626,ESTAB,prague,224,23.169,2.871,20.015,1448,5,7240,5792,46844526,46838782,71708,NaN,32744,20694,32743,174,NaN,NaN,2316224,2130976,32740,76288,236544,4,152216
2026-05-01 16:22:20.506,49626,ESTAB,prague,224,23.404,1.58,20.015,1448,5,7240,5792,46913454,46907710,71708,NaN,32792,20726,32791,174,NaN,NaN,2241976,2218944,32788,76288,236544,4,83288
2026-05-01 16:22:20.771,49626,ESTAB,prague,224,23.323,1.814,20.015,1448,5,7240,5792,46982382,46976638,71708,NaN,32840,20758,32839,174,NaN,NaN,2248344,2028648,32836,76288,236544,4,89032
2026-05-01 16:22:21.033,49626,ESTAB,prague,224,23.244,1.972,20.015,1448,5,7240,5792,47051310,47047002,71708,NaN,32888,20791,32887,174,NaN,NaN,2581280,2235080,32885,76288,236544,3,94776
2026-05-01 16:22:21.297,49626,ESTAB,prague,224,23.826,1.908,20.015,1448,5,7240,5792,47120238,47113058,71708,NaN,32936,20820,32935,174,NaN,NaN,2518200,1673744,32931,76288,236544,5,100520
2026-05-01 16:22:21.575,49626,ESTAB,prague,224,22.942,2.027,20.015,1448,5,7240,5792,47193474,47189166,71708,NaN,32987,20858,32986,174,NaN,NaN,2274080,1914392,32984,76288,236544,3,64310
2026-05-01 16:22:21.815,49626,ESTAB,prague,224,23.968,2.279,20.015,1448,6,8688,5792,47257784,47253786,71708,NaN,33032,20887,33031,174,NaN,NaN,3003936,2301952,33029,76288,236544,3,NaN
2026-05-01 16:22:22.037,49626,ESTAB,prague,228,25.858,5.025,20.015,1448,8,11584,5792,47282207,47272155,72532,NaN,33050,20897,33049,176,NaN,NaN,3712512,3036168,33043,76800,242176,7,129240
2026-05-01 16:22:22.256,49626,ESTAB,prague,224,22.014,0.853,20.015,1448,13,18824,18824,47443039,47425807,72532,NaN,33162,20954,33161,176,NaN,NaN,7086248,6363216,33150,76288,242176,12,95752
2026-05-01 16:22:22.496,49626,ESTAB,prague,224,22.885,1.627,20.015,1448,13,18824,18824,47539847,47539847,72938,NaN,33230,21000,33229,177,NaN,NaN,6816368,6676952,33230,76288,245248,NaN,NaN
2026-05-01 16:22:22.762,49626,ESTAB,prague,224,22.885,1.627,20.015,1448,13,18824,18824,47539847,47539847,72938,NaN,33230,21000,33229,177,NaN,NaN,6816368,6676952,33230,76288,245248,NaN,NaN
2026-05-01 16:22:22.991,49626,ESTAB,prague,224,22.885,1.627,20.015,1448,13,18824,18824,47539847,47539847,72938,NaN,33230,21000,33229,177,NaN,NaN,6816368,6676952,33230,76288,245248,NaN,NaN
2026-05-01 16:22:23.246,49626,ESTAB,prague,224,22.885,1.627,20.015,1448,13,18824,18824,47539847,47539847,72938,NaN,33230,21000,33229,177,NaN,NaN,6816368,6676952,33230,76288,245248,NaN,NaN
2026-05-01 16:22:23.510,49626,ESTAB,prague,224,22.885,1.627,20.015,1448,13,18824,18824,47539847,47539847,72938,NaN,33230,21000,33229,177,NaN,NaN,6816368,6676952,33230,76288,245248,NaN,NaN
2026-05-01 16:22:23.772,49626,ESTAB,prague,224,22.885,1.627,20.015,1448,13,18824,18824,47539847,47539847,72938,NaN,33230,21000,33229,177,NaN,NaN,6816368,6676952,33230,76288,245248,NaN,NaN
2026-05-01 16:22:24.041,49626,ESTAB,prague,224,23.298,2.449,20.015,1448,13,18824,18824,47551346,47542730,73762,NaN,33239,21003,33238,179,NaN,NaN,6695728,6676952,33233,76800,250880,6,142164
2026-05-01 16:22:24.281,49626,ESTAB,prague,224,23.194,1.084,20.015,1448,12,17376,17376,47750950,47735154,73762,NaN,33378,21077,33377,179,NaN,NaN,6208224,6421576,33367,76288,250880,11,91904
2026-05-01 16:22:24.534,49626,ESTAB,prague,224,22.113,0.475,20.015,1448,12,17376,15928,47956298,47940502,73762,NaN,33521,21156,33520,179,NaN,NaN,6511968,6163608,33510,76288,250880,11,110572
2026-05-01 16:22:24.784,49626,ESTAB,prague,224,22.261,0.469,20.015,1448,12,17376,15928,48160210,48144414,73762,NaN,33663,21234,33662,179,NaN,NaN,6468480,6038312,33652,76288,250880,11,130676
2026-05-01 16:22:25.031,49626,ESTAB,prague,224,22.118,0.6,20.015,1448,12,17376,15928,48350469,48344018,73762,NaN,33796,21311,33795,179,NaN,NaN,6510240,5751736,33791,76288,250880,5,NaN
2026-05-01 16:22:25.290,49626,ESTAB,prague,228,27.539,10.986,20.015,1448,12,17376,15928,48350469,48350469,73762,NaN,33796,21314,33795,179,NaN,NaN,5228736,1941608,33796,76800,250880,NaN,NaN
2026-05-01 16:22:25.554,49626,ESTAB,prague,228,27.539,10.986,20.015,1448,12,17376,15928,48350469,48350469,73762,NaN,33796,21314,33795,179,NaN,NaN,5228736,1941608,33796,76800,250880,NaN,NaN
2026-05-01 16:22:25.821,49626,ESTAB,prague,228,27.539,10.986,20.015,1448,12,17376,15928,48350469,48350469,73762,NaN,33796,21314,33795,179,NaN,NaN,5228736,1941608,33796,76800,250880,NaN,NaN
2026-05-01 16:22:26.084,49626,ESTAB,prague,228,24.053,5.012,20.015,1448,13,18824,15928,48376328,48361968,74586,NaN,33815,21322,33814,181,NaN,NaN,6485440,2374256,33805,76800,257024,10,127804
2026-05-01 16:22:26.320,49626,ESTAB,prague,224,23.048,1.109,20.015,1448,12,17376,17376,48573060,48555828,74586,NaN,33952,21396,33951,181,NaN,NaN,6247584,6732920,33940,76288,257024,12,80416
2026-05-01 16:22:26.561,49626,ESTAB,prague,224,22.172,0.564,20.015,1448,12,17376,15928,48769792,48752560,74586,NaN,34089,21472,34088,181,NaN,NaN,6494400,5755160,34077,76288,257024,12,107700
2026-05-01 16:22:26.796,49626,ESTAB,prague,224,22.098,1.262,20.015,1448,11,15928,15928,48963652,48947856,74586,NaN,34224,21548,34223,181,NaN,NaN,5973264,5641968,34213,76288,257024,11,137856
2026-05-01 16:22:27.026,49626,ESTAB,prague,224,21.658,0.601,20.015,1448,11,15928,15928,49151768,49135972,74586,NaN,34355,21621,34354,181,NaN,NaN,6094528,6676360,34344,76288,257024,11,99084
2026-05-01 16:22:27.270,49626,ESTAB,prague,224,22.5,1.2,20.015,1448,13,18824,17376,49348500,49329832,74586,NaN,34492,21689,34491,181,NaN,NaN,6933056,5775872,34479,76288,257024,13,106752
2026-05-01 16:22:27.519,49626,ESTAB,prague,224,23.207,1.199,20.015,1448,13,18824,17376,49455252,49455252,74586,NaN,34567,21733,34566,181,NaN,NaN,6721936,6433168,34567,76800,257024,NaN,NaN
2026-05-01 16:22:27.769,49626,ESTAB,prague,224,23.207,1.199,20.015,1448,13,18824,17376,49455252,49455252,74586,NaN,34567,21733,34566,181,NaN,NaN,6721936,6433168,34567,76800,257024,NaN,NaN
2026-05-01 16:22:28.015,49626,ESTAB,prague,224,23.207,1.199,20.015,1448,13,18824,17376,49455252,49455252,74586,NaN,34567,21733,34566,181,NaN,NaN,6721936,6433168,34567,76800,257024,NaN,NaN
2026-05-01 16:22:28.269,49626,ESTAB,prague,224,22.62,1.178,20.015,1448,13,18824,18824,49614659,49597427,75410,NaN,34679,21786,34678,183,NaN,NaN,6896344,6561736,34667,76288,262656,12,68928
2026-05-01 16:22:28.515,49626,ESTAB,prague,224,22.786,0.99,20.015,1448,13,18824,18824,49815699,49797031,75410,NaN,34819,21861,34818,183,NaN,NaN,6846112,6719528,34806,76288,262656,13,91904
2026-05-01 16:22:28.762,49626,ESTAB,prague,224,22.726,1.237,20.015,1448,12,17376,17376,50015303,49999507,75410,NaN,34958,21939,34957,183,NaN,NaN,6336192,6821520,34947,76288,262656,11,116316
2026-05-01 16:22:29.001,49626,ESTAB,prague,224,21.987,0.49,20.015,1448,13,18824,18824,50212035,50193367,75410,NaN,35095,22014,35094,183,NaN,NaN,7094880,6828640,35082,76288,262656,13,17485
2026-05-01 16:22:29.240,49626,ESTAB,prague,224,22.539,1.164,20.015,1448,13,18824,17376,50229520,50229520,75410,NaN,35108,22027,35107,183,NaN,NaN,6921200,6084032,35108,76800,262656,NaN,NaN
2026-05-01 16:22:29.482,49626,ESTAB,prague,224,22.539,1.164,20.015,1448,13,18824,17376,50229520,50229520,75410,NaN,35108,22027,35107,183,NaN,NaN,6921200,6084032,35108,76800,262656,NaN,NaN
2026-05-01 16:22:29.732,49626,ESTAB,prague,224,22.539,1.164,20.015,1448,13,18824,17376,50229520,50229520,75410,NaN,35108,22027,35107,183,NaN,NaN,6921200,6084032,35108,76800,262656,NaN,NaN
2026-05-01 16:22:29.956,49626,ESTAB,prague,224,22.539,1.164,20.015,1448,13,18824,17376,50229520,50229520,75410,NaN,35108,22027,35107,183,NaN,NaN,6921200,6084032,35108,76800,262656,NaN,NaN
2026-05-01 16:22:30.188,49626,ESTAB,prague,224,22.731,0.888,20.015,1448,13,18824,18824,50292715,50275483,76234,NaN,35153,22045,35152,185,NaN,NaN,6862752,6792712,35141,76288,268288,12,90468
2026-05-01 16:22:30.425,49626,ESTAB,prague,224,22.265,0.556,20.015,1448,13,18824,18824,50486575,50467907,76234,NaN,35288,22119,35287,185,NaN,NaN,7006168,6909336,35275,76288,268288,13,120624
2026-05-01 16:22:30.682,49626,ESTAB,prague,224,22.324,0.778,20.015,1448,12,17376,17376,50693359,50676127,76234,NaN,35432,22199,35431,185,NaN,NaN,6450144,6895232,35420,76288,268288,12,137856
2026-05-01 16:22:30.930,49626,ESTAB,prague,224,22.143,0.488,20.015,1448,13,18824,18824,50894399,50875731,76234,NaN,35572,22276,35571,185,NaN,NaN,7044960,6918768,35559,76288,268288,13,86160
2026-05-01 16:22:31.192,49626,ESTAB,prague,224,22.042,0.53,20.015,1448,12,17376,15928,51106927,51089695,76234,NaN,35720,22358,35719,185,NaN,NaN,6532896,5100224,35708,76288,268288,12,97648
2026-05-01 16:22:31.455,49626,ESTAB,prague,224,22.735,1.044,20.015,1448,13,18824,18824,51322327,51303659,76234,NaN,35870,22433,35869,185,NaN,NaN,6861400,6783048,35857,76288,268288,13,104847
2026-05-01 16:22:31.706,49626,ESTAB,prague,224,22.132,0.714,20.015,1448,12,17376,17376,51427174,51427174,76234,NaN,35944,22484,35943,185,NaN,NaN,6506304,6797200,35944,76800,268288,NaN,NaN
2026-05-01 16:22:31.937,49626,ESTAB,prague,224,22.132,0.714,20.015,1448,12,17376,17376,51427174,51427174,76234,NaN,35944,22484,35943,185,NaN,NaN,6506304,6797200,35944,76800,268288,NaN,NaN
2026-05-01 16:22:32.163,49626,ESTAB,prague,224,21.801,0.477,20.015,1448,12,17376,17376,51453033,51435801,77058,NaN,35963,22490,35962,187,NaN,NaN,6604896,6797200,35951,76800,274432,12,127804
2026-05-01 16:22:32.399,49626,ESTAB,prague,224,23.08,1.135,20.015,1448,12,17376,17376,51644021,51626789,77058,NaN,36096,22564,36095,187,NaN,NaN,6238944,6710080,36084,76288,274432,12,86160
2026-05-01 16:22:32.646,49626,ESTAB,prague,224,23.078,1.172,20.015,1448,12,17376,17376,51843625,51827829,77058,NaN,36235,22641,36234,187,NaN,NaN,6239520,6706192,36224,76288,274432,11,110572
2026-05-01 16:22:32.878,49626,ESTAB,prague,224,21.981,0.448,20.015,1448,13,18824,18824,52036049,52017381,77058,NaN,36369,22715,36368,187,NaN,NaN,7096752,6801192,36356,76288,274432,13,67492
2026-05-01 16:22:33.110,49626,ESTAB,prague,224,21.731,0.158,20.015,1448,14,20272,15928,52224165,52205497,77058,NaN,36500,22788,36499,187,NaN,NaN,7730688,6699824,36487,76288,274432,13,103392
2026-05-01 16:22:33.342,49626,ESTAB,prague,224,22.951,1.327,20.015,1448,13,18824,18824,52416589,52399357,77058,NaN,36634,22857,36633,187,NaN,NaN,6796920,6147528,36622,76288,274432,12,134984
2026-05-01 16:22:33.590,49626,ESTAB,prague,224,22.691,1.235,20.015,1448,12,17376,17376,52610449,52593217,77058,NaN,36769,22931,36768,187,NaN,NaN,6345984,6817200,36757,76288,274432,12,64242
2026-05-01 16:22:33.836,49626,ESTAB,prague,232,28.023,10.957,20.015,1448,13,18824,17376,52674691,52674691,77058,NaN,36814,22960,36813,187,NaN,NaN,5566808,2015656,36814,76800,274432,NaN,NaN
2026-05-01 16:22:34.074,49626,ESTAB,prague,232,28.023,10.957,20.015,1448,13,18824,17376,52674691,52674691,77058,NaN,36814,22960,36813,187,NaN,NaN,5566808,2015656,36814,76800,274432,NaN,NaN
2026-05-01 16:22:34.310,49626,ESTAB,prague,224,22.014,1.319,20.015,1448,14,20272,18824,52796762,52779530,77882,NaN,36900,23005,36899,189,NaN,NaN,7631232,5902168,36888,76288,280064,12,106264
2026-05-01 16:22:34.544,49626,ESTAB,prague,224,22.043,1.276,20.015,1448,13,18824,18824,52990622,52973390,77882,NaN,37035,23080,37034,189,NaN,NaN,7076888,5892664,37023,76288,280064,12,136420
2026-05-01 16:22:34.781,49626,ESTAB,prague,224,23.039,1.188,20.015,1448,13,18824,18824,53183046,53164378,77882,NaN,37169,23150,37168,189,NaN,NaN,6770816,6692080,37156,76288,280064,13,93340
2026-05-01 16:22:35.018,49626,ESTAB,prague,224,22.536,1.056,20.015,1448,12,17376,17376,53374034,53358238,77882,NaN,37302,23225,37301,189,NaN,NaN,6389664,6834216,37291,76288,280064,11,126368
2026-05-01 16:22:35.252,49626,ESTAB,prague,224,21.991,0.303,20.015,1448,14,20272,17376,53572202,53552098,77882,NaN,37440,23293,37439,189,NaN,NaN,7639408,6955560,37426,76288,280064,14,77544
2026-05-01 16:22:35.483,49626,ESTAB,prague,224,22.231,0.744,20.015,1448,14,20272,17376,53756010,53738778,77882,NaN,37568,23366,37567,189,NaN,NaN,7556640,6371544,37556,76288,280064,12,75926
2026-05-01 16:22:35.714,49626,ESTAB,prague,224,22.018,1.103,20.015,1448,11,15928,15928,53831936,53831936,77882,NaN,37621,23406,37620,189,NaN,NaN,5994912,5557808,37621,76288,280064,NaN,NaN
2026-05-01 16:22:35.944,49626,ESTAB,prague,224,22.018,1.103,20.015,1448,11,15928,15928,53831936,53831936,77882,NaN,37621,23406,37620,189,NaN,NaN,5994912,5557808,37621,76288,280064,NaN,NaN
2026-05-01 16:22:36.175,49626,ESTAB,prague,224,22.018,1.103,20.015,1448,11,15928,15928,53834819,53831936,78290,NaN,37624,23407,37623,190,NaN,NaN,5994912,5557808,37621,76800,282624,3,NaN
2026-05-01 16:22:36.427,49626,ESTAB,prague,224,22.064,0.945,20.015,1448,13,18824,18824,54021499,54002831,78706,NaN,37754,23471,37753,191,NaN,NaN,7070024,6294072,37741,76288,285696,13,113444
2026-05-01 16:22:36.660,49626,ESTAB,prague,224,22.709,1.723,20.015,1448,13,18824,17376,54215359,54198127,78706,NaN,37889,23543,37888,191,NaN,NaN,6869408,5944320,37877,76288,285696,12,68928
2026-05-01 16:22:36.892,49626,ESTAB,prague,224,22.921,1.121,20.015,1448,12,17376,17376,54402039,54384807,78706,NaN,38019,23615,38018,191,NaN,NaN,6282336,6734880,38007,76288,285696,12,106264
2026-05-01 16:22:37.133,49626,ESTAB,prague,224,21.997,0.87,20.015,1448,11,15928,15928,54597335,54582975,78706,NaN,38155,23692,38154,191,NaN,NaN,6000720,5417456,38145,76288,285696,10,134984
2026-05-01 16:22:37.374,49626,ESTAB,prague,224,22.364,1.189,20.015,1448,11,15928,15928,54794067,54779707,78706,NaN,38292,23768,38291,191,NaN,NaN,5902248,6693568,38282,76288,285696,10,87596
2026-05-01 16:22:37.617,49626,ESTAB,prague,224,21.628,0.711,20.015,1448,11,15928,15928,54993671,54977875,78706,NaN,38431,23844,38430,191,NaN,NaN,6103152,6680504,38420,76288,285696,11,112008
2026-05-01 16:22:37.845,49626,ESTAB,prague,228,27.18,10.397,20.015,1448,13,18824,17376,55107799,55107799,78706,NaN,38511,23891,38510,191,NaN,NaN,5739448,2077064,38511,76800,285696,NaN,NaN
2026-05-01 16:22:38.078,49626,ESTAB,prague,228,27.18,10.397,20.015,1448,13,18824,17376,55107799,55107799,78706,NaN,38511,23891,38510,191,NaN,NaN,5739448,2077064,38511,76800,285696,NaN,NaN
2026-05-01 16:22:38.313,49626,ESTAB,prague,224,22.103,0.545,20.015,1448,14,20272,20272,55183918,55163814,79530,NaN,38565,23915,38564,193,NaN,NaN,7600768,7089344,38551,76288,291328,14,77544
2026-05-01 16:22:38.546,49626,ESTAB,prague,224,22.037,1.069,20.015,1448,11,15928,15928,55369162,55354802,79530,NaN,38694,23989,38693,193,NaN,NaN,5989808,5544024,38684,76288,291328,10,116316
2026-05-01 16:22:38.779,49626,ESTAB,prague,224,21.813,0.843,20.015,1448,11,15928,15928,55560150,55544354,79530,NaN,38827,24062,38826,193,NaN,NaN,6051232,6709672,38816,76288,291328,11,74672
2026-05-01 16:22:39.007,49626,ESTAB,prague,224,23.038,1.092,20.015,1448,13,18824,18824,55749702,55731034,79530,NaN,38959,24128,38958,193,NaN,NaN,6771336,6627288,38946,76288,291328,13,109136
2026-05-01 16:22:39.234,49626,ESTAB,prague,224,21.968,0.24,20.015,1448,14,20272,17376,55934946,55914842,79530,NaN,39088,24199,39087,193,NaN,NaN,7647360,7102696,39074,76288,291328,14,73236
2026-05-01 16:22:39.462,49626,ESTAB,prague,224,22.281,0.835,20.015,1448,14,20272,17376,56115882,56098650,79530,NaN,39214,24271,39213,193,NaN,NaN,7539952,6470904,39202,76288,291328,12,115319
2026-05-01 16:22:39.692,49626,ESTAB,prague,228,27.081,10.925,20.015,1448,13,18824,15928,56231201,56231201,79530,NaN,39295,24325,39294,193,NaN,NaN,5760248,1984080,39295,76800,291328,NaN,NaN
2026-05-01 16:22:39.919,49626,ESTAB,prague,228,27.081,10.925,20.015,1448,13,18824,15928,56231201,56231201,79530,NaN,39295,24325,39294,193,NaN,NaN,5760248,1984080,39295,76800,291328,NaN,NaN
2026-05-01 16:22:40.152,49626,ESTAB,prague,228,27.081,10.925,20.015,1448,13,18824,15928,56231201,56231201,79530,NaN,39295,24325,39294,193,NaN,NaN,5760248,1984080,39295,76800,291328,NaN,NaN
2026-05-01 16:22:40.394,49626,ESTAB,prague,228,24.065,0.371,20.015,1448,12,17376,17376,56348964,56331732,80354,NaN,39378,24364,39377,195,NaN,NaN,5983776,6683528,39366,76288,297472,12,110572
2026-05-01 16:22:40.631,49626,ESTAB,prague,224,21.755,0.514,20.015,1448,13,18824,15928,56537080,56518412,80354,NaN,39509,24436,39508,195,NaN,NaN,7170696,6594928,39496,76288,297472,13,71800
2026-05-01 16:22:40.867,49626,ESTAB,prague,224,23.26,1.619,20.015,1448,12,17376,17376,56732376,56715144,80354,NaN,39645,24505,39644,195,NaN,NaN,6190752,6715360,39633,76288,297472,12,100520
2026-05-01 16:22:41.104,49626,ESTAB,prague,224,22.125,0.636,20.015,1448,13,18824,18824,56929108,56910440,80354,NaN,39782,24574,39781,195,NaN,NaN,7050784,6941320,39769,76288,297472,13,127804
2026-05-01 16:22:41.337,49626,ESTAB,prague,224,21.989,0.204,20.015,1448,14,20272,17376,57122968,57102864,80354,NaN,39917,24648,39916,195,NaN,NaN,7640080,6930992,39903,76288,297472,14,83288
2026-05-01 16:22:41.566,49626,ESTAB,prague,224,22.413,0.994,20.015,1448,13,18824,17376,57303904,57285236,80354,NaN,40043,24719,40042,195,NaN,NaN,6960200,6311080,40030,76288,297472,13,126368
