timestamp,dst_port,state,cc_algo,rto_ms,rtt_ms,rtt_var_ms,min_rtt_ms,mss_bytes,cwnd_pkts,cwnd_bytes,ssthresh_bytes,bytes_sent,bytes_acked,bytes_received,bytes_retrans,segs_out,segs_in,data_segs_out,data_segs_in,retrans_outstanding,retrans_total,pacing_rate_bps,delivery_rate_bps,delivered_pkts,snd_wnd_bytes,rcv_wnd_bytes,unacked_pkts,notsent_bytes
2026-04-27 17:19:00.999,50902,ESTAB,cubic,224,20.945,6.337,20.211,1448,10,14480,NaN,2883,2883,408,NaN,3,5,2,1,NaN,NaN,11061344,1145392,3,48640,43520,NaN,NaN
2026-04-27 17:19:01.245,50902,ESTAB,cubic,224,20.945,6.337,20.211,1448,10,14480,NaN,2883,2883,408,NaN,3,5,2,1,NaN,NaN,11061344,1145392,3,48640,43520,NaN,NaN
2026-04-27 17:19:01.900,50904,ESTAB,cubic,224,20.82,8.074,20.036,1448,10,14480,NaN,15288,1056,822,NaN,12,5,11,2,NaN,NaN,11127288,578152,2,45568,43520,10,85432
2026-04-27 17:19:02.142,50904,ESTAB,cubic,228,27.99,0.335,20.036,1448,25,36200,36200,184551,184551,822,NaN,129,70,128,2,NaN,NaN,12415640,5858320,129,113664,43520,NaN,NaN
2026-04-27 17:19:02.374,50904,ESTAB,cubic,232,29.764,1.002,20.036,1448,25,36200,36200,366359,341743,1644,NaN,255,126,254,4,NaN,NaN,11675696,6689184,238,113664,43520,17,170864
2026-04-27 17:19:02.596,50904,ESTAB,cubic,232,28.858,0.19,20.036,1448,25,36200,36200,551703,527087,1644,NaN,383,190,382,4,NaN,NaN,12042200,6694656,366,113664,43520,17,211408
2026-04-27 17:19:02.816,50904,ESTAB,cubic,232,29.708,0.44,20.036,1448,25,36200,36200,735599,712431,1644,NaN,510,254,509,4,NaN,NaN,11697856,6696376,494,113664,43520,16,140456
2026-04-27 17:19:03.035,50904,ESTAB,cubic,232,29.439,1.185,20.036,1448,25,36200,36200,919495,894879,1644,NaN,637,317,636,4,NaN,NaN,11804392,6304000,620,113664,43520,17,182448
2026-04-27 17:19:03.258,50904,ESTAB,cubic,232,29.009,0.419,20.036,1448,25,36200,36200,1100495,1080223,1644,NaN,762,381,761,4,NaN,NaN,11979368,6694232,748,113664,43520,14,227336
2026-04-27 17:19:03.503,50904,ESTAB,cubic,232,29.417,0.494,20.036,1448,26,37648,36200,1309007,1285839,1644,NaN,906,445,905,4,NaN,NaN,12285752,6686288,890,219648,43520,16,81405
2026-04-27 17:19:03.730,50904,ESTAB,cubic,236,34.875,10.095,20.036,1448,26,37648,36200,1390412,1390412,1644,NaN,963,482,962,4,NaN,NaN,10363208,2761608,963,220160,43520,NaN,NaN
2026-04-27 17:19:03.961,50904,ESTAB,cubic,232,29.507,3.319,20.036,1448,25,36200,36200,1437935,1413319,2468,NaN,996,493,995,6,NaN,NaN,11777440,6814112,979,220160,43520,17,228784
2026-04-27 17:19:04.197,50904,ESTAB,cubic,232,29.589,0.391,20.036,1448,26,37648,36200,1636311,1613143,2468,NaN,1133,562,1132,6,NaN,NaN,12214440,6702624,1117,220160,43520,16,160728
2026-04-27 17:19:04.434,50904,ESTAB,cubic,232,28.897,0.147,20.036,1448,26,37648,36200,1825999,1789799,2468,NaN,1264,623,1263,6,NaN,NaN,12507152,6666832,1239,220160,43520,25,204320
2026-04-27 17:19:04.675,50904,ESTAB,cubic,232,29.326,1.187,20.036,1448,31,44888,36200,2030167,2008447,2468,NaN,1405,692,1404,6,NaN,NaN,14694096,6300784,1390,220160,43520,15,152
2026-04-27 17:19:04.919,50904,ESTAB,cubic,232,29.577,1.149,20.036,1448,31,44888,36200,2219759,2195143,2884,NaN,1537,758,1536,7,NaN,NaN,14569160,6302928,1520,220160,43520,17,214304
2026-04-27 17:19:05.164,50904,ESTAB,cubic,232,29.085,0.484,20.036,1448,31,44888,36200,2423927,2397863,2884,NaN,1678,828,1677,7,NaN,NaN,14815920,6710384,1660,220160,43520,18,270776
2026-04-27 17:19:05.412,50904,ESTAB,cubic,232,30.146,0.62,20.036,1448,31,44888,36200,2628095,2606375,2884,NaN,1819,900,1818,7,NaN,NaN,14294296,6695464,1804,220160,43520,15,196928
2026-04-27 17:19:05.669,50904,ESTAB,cubic,232,28.784,0.22,20.036,1448,31,44888,36200,2842399,2817783,2884,NaN,1967,973,1966,7,NaN,NaN,14970592,6426848,1950,220160,43520,17,127465
2026-04-27 17:19:05.917,50904,ESTAB,cubic,232,29.281,1.195,20.036,1448,31,44888,36200,2969864,2969864,2884,NaN,2056,1026,2055,7,NaN,NaN,14716744,5207120,2056,220160,43520,NaN,NaN
2026-04-27 17:19:06.156,50904,ESTAB,cubic,232,29.277,1.182,20.036,1448,31,44888,36200,3156395,3131779,3708,NaN,2185,1084,2184,9,NaN,NaN,14718880,6302072,2168,220160,43520,17,220096
2026-04-27 17:19:06.398,50904,ESTAB,cubic,232,29.511,0.445,20.036,1448,31,44888,36200,3351875,3325811,3708,NaN,2320,1151,2319,9,NaN,NaN,14601800,6663848,2302,220160,43520,18,154936
2026-04-27 17:19:06.641,50904,ESTAB,cubic,232,29.927,0.89,20.036,1448,31,44888,36200,3561835,3537219,3708,NaN,2465,1224,2464,9,NaN,NaN,14399072,6695704,2448,220160,43520,17,205616
2026-04-27 17:19:06.874,50904,ESTAB,cubic,232,29.2,0.448,20.036,1448,31,44888,36200,3754419,3728355,3708,NaN,2598,1290,2597,9,NaN,NaN,14757632,6709952,2580,220160,43520,18,143352
2026-04-27 17:19:07.116,50904,ESTAB,cubic,232,29.932,0.836,20.036,1448,31,44888,36200,3955691,3933971,3708,NaN,2737,1361,2736,9,NaN,NaN,14396552,6694744,2722,220160,43520,15,108350
2026-04-27 17:19:07.363,50904,ESTAB,cubic,232,30.065,0.786,20.036,1448,31,44888,36200,4064041,4064041,3708,NaN,2812,1406,2811,9,NaN,NaN,14332920,5851344,2812,220160,43520,NaN,NaN
2026-04-27 17:19:07.607,50904,ESTAB,cubic,232,30.065,0.786,20.036,1448,31,44888,36200,4064041,4064041,3708,NaN,2812,1406,2811,9,NaN,NaN,14332920,5851344,2812,220160,43520,NaN,NaN
2026-04-27 17:19:07.845,50904,ESTAB,cubic,232,30.065,0.786,20.036,1448,31,44888,36200,4064041,4064041,3708,NaN,2812,1406,2811,9,NaN,NaN,14332920,5851344,2812,220160,43520,NaN,NaN
2026-04-27 17:19:08.080,50904,ESTAB,cubic,232,28.457,0.61,20.036,1448,28,40544,36200,4159348,4136180,4532,NaN,2878,1433,2877,11,NaN,NaN,13677440,6694232,2862,220160,43520,16,181000
2026-04-27 17:19:08.315,50904,ESTAB,cubic,232,28.648,0.183,20.036,1448,17,24616,20272,4349036,4327316,4532,NaN,3009,1504,3008,11,NaN,NaN,8248760,6695088,2994,219648,43520,15,251952
2026-04-27 17:19:08.570,50904,ESTAB,cubic,228,26.812,1.263,20.036,1448,18,26064,20272,4566236,4541620,4532,NaN,3159,1591,3158,11,NaN,NaN,9332136,6681640,3142,220160,43520,17,165072
2026-04-27 17:19:08.817,50904,ESTAB,cubic,232,28.355,0.574,20.036,1448,20,28960,20272,4774748,4748684,4532,NaN,3303,1671,3302,11,NaN,NaN,9804784,6699592,3285,220160,43520,18,217200
2026-04-27 17:19:09.060,50904,ESTAB,cubic,232,28.626,0.278,20.036,1448,20,28960,20272,4978916,4955748,4532,NaN,3444,1744,3443,11,NaN,NaN,9711712,6707800,3428,220160,43520,16,143352
2026-04-27 17:19:09.286,50904,ESTAB,cubic,232,28.49,0.486,20.036,1448,20,28960,20272,5168604,5145436,4532,NaN,3575,1811,3574,11,NaN,NaN,9758112,6701648,3559,220160,43520,16,88400
2026-04-27 17:19:09.520,50904,ESTAB,cubic,228,27.867,0.285,20.036,1448,20,28960,20272,5257004,5257004,4532,NaN,3637,1851,3636,11,NaN,NaN,9976440,6316448,3637,220160,43520,NaN,NaN
2026-04-27 17:19:09.759,50904,ESTAB,cubic,228,27.867,0.285,20.036,1448,20,28960,20272,5257004,5257004,4532,NaN,3637,1851,3636,11,NaN,NaN,9976440,6316448,3637,220160,43520,NaN,NaN
2026-04-27 17:19:09.990,50904,ESTAB,cubic,228,27.867,0.285,20.036,1448,10,14480,21720,5259887,5257004,4940,NaN,3639,1852,3638,12,NaN,NaN,9976440,6316448,3637,220160,43520,2,NaN
2026-04-27 17:19:10.223,50904,ESTAB,cubic,228,26.456,0.876,20.036,1448,14,20272,20272,5442087,5421815,5356,NaN,3765,1913,3764,13,NaN,NaN,7355824,5641880,3751,219648,43520,14,221544
2026-04-27 17:19:10.458,50904,ESTAB,cubic,228,27.769,1.143,20.036,1448,18,26064,20272,5643359,5620191,5356,NaN,3904,1991,3903,13,NaN,NaN,9010280,6694128,3888,220160,43520,16,150592
2026-04-27 17:19:10.696,50904,ESTAB,cubic,228,25.471,0.495,20.036,1448,15,21720,20272,5837391,5815671,5356,NaN,4038,2065,4037,13,NaN,NaN,8185968,6713280,4023,220160,43520,15,217200
2026-04-27 17:19:10.942,50904,ESTAB,cubic,232,28.653,0.265,20.036,1448,19,27512,20272,6047351,6021287,5356,NaN,4183,2144,4182,13,NaN,NaN,9217592,6689720,4165,220160,43520,18,267880
2026-04-27 17:19:11.184,50904,ESTAB,cubic,232,28.619,0.248,20.036,1448,20,28960,20272,6248623,6225455,5356,NaN,4322,2216,4321,13,NaN,NaN,9714384,6694232,4306,220160,43520,16,140954
2026-04-27 17:19:11.424,50904,ESTAB,cubic,228,27.396,0.506,20.036,1448,20,28960,20272,6389577,6389577,5356,NaN,4420,2275,4419,13,NaN,NaN,10147864,5516752,4420,220160,43520,NaN,NaN
2026-04-27 17:19:11.666,50904,ESTAB,cubic,228,27.396,0.506,20.036,1448,20,28960,20272,6389577,6389577,5356,NaN,4420,2275,4419,13,NaN,NaN,10147864,5516752,4420,220160,43520,NaN,NaN
2026-04-27 17:19:11.907,50904,ESTAB,cubic,228,27.396,0.506,20.036,1448,20,28960,20272,6389577,6389577,5356,NaN,4420,2275,4419,13,NaN,NaN,10147864,5516752,4420,220160,43520,NaN,NaN
2026-04-27 17:19:12.143,50904,ESTAB,cubic,228,27.808,1.322,20.036,1448,20,28960,21720,6484884,6461716,6180,NaN,4486,2303,4485,15,NaN,NaN,9997560,6719496,4470,220160,43520,16,181000
2026-04-27 17:19:12.378,50904,ESTAB,cubic,232,28.943,0.201,20.036,1448,20,28960,21720,6677468,6652852,6180,NaN,4619,2369,4618,15,NaN,NaN,9605632,6679432,4602,220160,43520,17,249056
2026-04-27 17:19:12.618,50904,ESTAB,cubic,232,30.199,0.396,20.036,1448,20,28960,21720,6881636,6858468,6180,NaN,4760,2440,4759,15,NaN,NaN,9205904,6678096,4744,220160,43520,16,175208
2026-04-27 17:19:12.859,50904,ESTAB,cubic,232,28.439,0.242,20.036,1448,20,28960,21720,7082908,7058292,6180,NaN,4899,2509,4898,15,NaN,NaN,9775656,5950424,4882,220160,43520,17,234576
2026-04-27 17:19:13.098,50904,ESTAB,cubic,232,29.839,0.345,20.036,1448,20,28960,21720,7284180,7258116,6180,NaN,5038,2578,5037,15,NaN,NaN,9317080,6714280,5020,220160,43520,18,163624
2026-04-27 17:19:13.338,50904,ESTAB,cubic,232,29.184,1.16,20.036,1448,20,28960,21720,7482556,7460836,6180,NaN,5175,2648,5174,15,NaN,NaN,9526312,6307864,5160,220160,43520,15,165660
2026-04-27 17:19:13.578,50904,ESTAB,cubic,232,29.617,0.419,20.036,1448,20,28960,21720,7648216,7648216,6180,NaN,5290,2713,5289,15,NaN,NaN,9386880,6685080,5290,220160,43520,NaN,NaN
2026-04-27 17:19:13.815,50904,ESTAB,cubic,232,29.617,0.419,20.036,1448,20,28960,21720,7648216,7648216,6180,NaN,5290,2713,5289,15,NaN,NaN,9386880,6685080,5290,220160,43520,NaN,NaN
2026-04-27 17:19:14.050,50904,ESTAB,cubic,232,29.617,0.419,20.036,1448,10,14480,21720,7651099,7648216,6588,NaN,5292,2714,5291,16,NaN,NaN,9386880,6685080,5290,220160,43520,2,NaN
2026-04-27 17:19:14.289,50904,ESTAB,cubic,228,25.8,0.965,20.036,1448,14,20272,20272,7840539,7820267,7004,NaN,5423,2777,5422,17,NaN,NaN,7543064,5626616,5409,220160,43520,14,214304
2026-04-27 17:19:14.526,50904,ESTAB,cubic,228,27.671,1.095,20.036,1448,18,26064,20272,8043259,8020091,7004,NaN,5563,2855,5562,17,NaN,NaN,9042272,5907992,5547,220160,43520,16,272224
2026-04-27 17:19:14.762,50904,ESTAB,cubic,228,25.626,0.329,20.036,1448,15,21720,20272,8238739,8218467,7004,NaN,5698,2931,5697,17,NaN,NaN,8136536,6684104,5684,220160,43520,14,207064
2026-04-27 17:19:14.993,50904,ESTAB,cubic,232,28.539,0.631,20.036,1448,19,27512,20272,8434219,8411051,7004,NaN,5833,3005,5832,17,NaN,NaN,9254528,6608304,5817,220160,43520,16,272224
2026-04-27 17:19:15.221,50904,ESTAB,cubic,228,25.783,0.223,20.036,1448,16,23168,20272,8623907,8600739,7004,NaN,5964,3078,5963,17,NaN,NaN,8626040,6698792,5948,220160,43520,16,212856
2026-04-27 17:19:15.459,50904,ESTAB,cubic,228,27.234,1.093,20.036,1448,18,26064,20272,8822283,8800563,7004,NaN,6101,3160,6100,17,NaN,NaN,9187272,6693448,6086,220160,43520,15,44554
2026-04-27 17:19:15.695,50904,ESTAB,cubic,228,26.474,1.114,20.036,1448,19,27512,20272,8866837,8866837,7004,NaN,6132,3188,6131,17,NaN,NaN,9976392,5513752,6132,220160,43520,NaN,NaN
2026-04-27 17:19:15.922,50904,ESTAB,cubic,228,26.474,1.114,20.036,1448,19,27512,20272,8866837,8866837,7004,NaN,6132,3188,6131,17,NaN,NaN,9976392,5513752,6132,220160,43520,NaN,NaN
2026-04-27 17:19:16.149,50904,ESTAB,cubic,228,25.434,2.413,20.036,1448,18,26064,20272,8923048,8898432,7828,NaN,6171,3202,6170,19,NaN,NaN,9837544,5931816,6154,220160,43520,17,220096
2026-04-27 17:19:16.378,50904,ESTAB,cubic,232,29.47,0.445,20.036,1448,20,28960,20272,9115632,9092464,7828,NaN,6304,3269,6303,19,NaN,NaN,9433624,6708880,6288,220160,43520,16,157832
2026-04-27 17:19:16.603,50904,ESTAB,cubic,232,28.673,0.689,20.036,1448,20,28960,20272,9305320,9280704,7828,NaN,6435,3334,6434,19,NaN,NaN,9695872,6305504,6418,220160,43520,17,228784
2026-04-27 17:19:16.832,50904,ESTAB,cubic,232,29.973,0.355,20.036,1448,20,28960,20272,9495008,9471840,7828,NaN,6566,3400,6565,19,NaN,NaN,9275272,6695952,6550,220160,43520,16,63849
2026-04-27 17:19:17.064,50904,ESTAB,cubic,236,34.791,10.986,20.036,1448,20,28960,20272,9558857,9558857,7828,NaN,6611,3431,6610,19,NaN,NaN,7990888,2705272,6611,220160,43520,NaN,NaN
2026-04-27 17:19:17.301,50904,ESTAB,cubic,236,34.791,10.986,20.036,1448,20,28960,20272,9558857,9558857,7828,NaN,6611,3431,6610,19,NaN,NaN,7990888,2705272,6611,220160,43520,NaN,NaN
2026-04-27 17:19:17.531,50904,ESTAB,cubic,236,34.791,10.986,20.036,1448,20,28960,20272,9558857,9558857,7828,NaN,6611,3431,6610,19,NaN,NaN,7990888,2705272,6611,220160,43520,NaN,NaN
2026-04-27 17:19:17.765,50904,ESTAB,cubic,236,34.791,10.986,20.036,1448,20,28960,20272,9558857,9558857,7828,NaN,6611,3431,6610,19,NaN,NaN,7990888,2705272,6611,220160,43520,NaN,NaN
2026-04-27 17:19:18.002,50904,ESTAB,cubic,236,34.791,10.986,20.036,1448,20,28960,20272,9558857,9558857,7828,NaN,6611,3431,6610,19,NaN,NaN,7990888,2705272,6611,220160,43520,NaN,NaN
2026-04-27 17:19:18.260,50904,ESTAB,cubic,232,29.101,0.67,20.036,1448,21,30408,21720,9680228,9657060,8652,NaN,6695,3468,6694,21,NaN,NaN,10030984,6699608,6679,220160,43520,16,154936
2026-04-27 17:19:18.504,50904,ESTAB,cubic,232,29.828,1.019,20.036,1448,21,30408,21720,9887292,9862676,8652,NaN,6838,3539,6837,21,NaN,NaN,9786664,6692568,6821,220160,43520,17,208512
2026-04-27 17:19:18.741,50904,ESTAB,cubic,232,29.088,0.393,20.036,1448,21,30408,21720,10085668,10062500,8652,NaN,6975,3608,6974,21,NaN,NaN,10035640,6689720,6959,220160,43520,16,270776
2026-04-27 17:19:18.975,50904,ESTAB,cubic,232,29.968,0.889,20.036,1448,21,30408,21720,10284044,10259428,8652,NaN,7112,3676,7111,21,NaN,NaN,9740744,6672088,7095,220160,43520,17,171082
2026-04-27 17:19:19.207,50904,ESTAB,cubic,232,29.107,0.435,20.036,1448,21,30408,21720,10455126,10450564,8652,NaN,7231,3742,7230,21,NaN,NaN,10029088,6709312,7227,220160,43520,4,NaN
2026-04-27 17:19:19.450,50904,ESTAB,cubic,232,28.819,0.448,20.036,1448,21,30408,21720,10455126,10455126,8652,NaN,7231,3744,7230,21,NaN,NaN,10129136,6302288,7231,220160,43520,NaN,NaN
2026-04-27 17:19:19.706,50904,ESTAB,cubic,232,28.819,0.448,20.036,1448,21,30408,21720,10455126,10455126,8652,NaN,7231,3744,7230,21,NaN,NaN,10129136,6302288,7231,220160,43520,NaN,NaN
2026-04-27 17:19:19.947,50904,ESTAB,cubic,232,28.819,0.448,20.036,1448,21,30408,21720,10455126,10455126,8652,NaN,7231,3744,7230,21,NaN,NaN,10129136,6302288,7231,220160,43520,NaN,NaN
2026-04-27 17:19:20.179,50904,ESTAB,cubic,228,26.375,0.995,20.036,1448,14,20272,21720,10483825,10463553,9476,NaN,7251,3749,7250,23,NaN,NaN,7378616,6302288,7237,220160,43520,14,247608
2026-04-27 17:19:20.428,50904,ESTAB,cubic,228,26.119,0.747,20.036,1448,16,23168,21720,10687993,10666273,9476,NaN,7392,3825,7391,23,NaN,NaN,8515360,6694744,7377,220160,43520,15,173760
2026-04-27 17:19:20.660,50904,ESTAB,cubic,228,26.985,1.106,20.036,1448,19,27512,21720,10890713,10867545,9476,NaN,7532,3908,7531,23,NaN,NaN,9787248,6694128,7516,220160,43520,16,231680
2026-04-27 17:19:20.889,50904,ESTAB,cubic,228,26.016,0.677,20.036,1448,14,20272,20272,11076057,11055785,9476,NaN,7660,3978,7659,23,NaN,NaN,7480328,5642664,7646,220160,43520,14,176656
2026-04-27 17:19:21.130,50904,ESTAB,cubic,228,27.056,0.817,20.036,1448,19,27512,20272,11281673,11257057,9476,NaN,7802,4060,7801,23,NaN,NaN,9761656,6302288,7785,220160,43520,17,231680
2026-04-27 17:19:21.374,50904,ESTAB,cubic,228,25.566,0.702,20.036,1448,15,21720,20272,11482945,11462673,9476,NaN,7941,4137,7940,23,NaN,NaN,8155712,6658832,7927,220160,43520,14,160728
2026-04-27 17:19:21.617,50904,ESTAB,cubic,228,27.21,1.002,20.036,1448,19,27512,20272,11690009,11665393,9476,NaN,8084,4217,8083,23,NaN,NaN,9706320,6692992,8067,220160,43520,17,23189
2026-04-27 17:19:21.859,50904,ESTAB,cubic,228,26.643,1.085,20.036,1448,19,27512,20272,11713198,11713198,9476,NaN,8101,4237,8100,23,NaN,NaN,9912928,5119560,8101,220160,43520,NaN,NaN
2026-04-27 17:19:22.091,50904,ESTAB,cubic,228,26.643,1.085,20.036,1448,19,27512,20272,11713198,11713198,9476,NaN,8101,4237,8100,23,NaN,NaN,9912928,5119560,8101,220160,43520,NaN,NaN
2026-04-27 17:19:22.319,50904,ESTAB,cubic,232,29.148,0.754,20.036,1448,20,28960,20272,11834569,11808505,10300,NaN,8185,4273,8184,25,NaN,NaN,9537872,6680720,8167,220160,43520,18,154936
2026-04-27 17:19:22.557,50904,ESTAB,cubic,232,29.485,1.205,20.036,1448,20,28960,20272,12032945,12008329,10300,NaN,8322,4342,8321,25,NaN,NaN,9428944,6300784,8305,220160,43520,17,217200
2026-04-27 17:19:22.786,50904,ESTAB,cubic,232,29.405,0.411,20.036,1448,20,28960,20272,12228425,12202361,10300,NaN,8457,4409,8456,25,NaN,NaN,9454552,6704992,8439,220160,43520,18,152040
2026-04-27 17:19:23.010,50904,ESTAB,cubic,232,28.979,0.983,20.036,1448,20,28960,20272,12412321,12390601,10300,NaN,8584,4474,8583,25,NaN,NaN,9593576,6305504,8569,220160,43520,15,228784
2026-04-27 17:19:23.234,50904,ESTAB,cubic,232,30.388,0.241,20.036,1448,20,28960,20272,12602009,12575945,10300,NaN,8715,4538,8714,25,NaN,NaN,9148720,5865528,8697,220160,43520,18,169416
2026-04-27 17:19:23.460,50904,ESTAB,cubic,232,28.865,0.182,20.036,1448,20,28960,20272,12788801,12764185,10300,NaN,8844,4603,8843,25,NaN,NaN,9631384,6687576,8827,220160,43520,17,120557
2026-04-27 17:19:23.690,50904,ESTAB,cubic,236,33.982,11.006,20.036,1448,20,28960,20272,12909358,12909358,10300,NaN,8928,4654,8927,25,NaN,NaN,8181176,2699856,8928,220160,43520,NaN,NaN
2026-04-27 17:19:23.927,50904,ESTAB,cubic,236,33.982,11.006,20.036,1448,20,28960,20272,12909358,12909358,10300,NaN,8928,4654,8927,25,NaN,NaN,8181176,2699856,8928,220160,43520,NaN,NaN
2026-04-27 17:19:24.156,50904,ESTAB,cubic,236,33.982,11.006,20.036,1448,20,28960,20272,12909358,12909358,10300,NaN,8928,4654,8927,25,NaN,NaN,8181176,2699856,8928,220160,43520,NaN,NaN
2026-04-27 17:19:24.385,50904,ESTAB,cubic,232,28.606,0.142,20.036,1448,14,20272,20272,13064033,13045209,11124,NaN,9035,4705,9034,27,NaN,NaN,6803096,6689504,9022,219648,43520,13,251952
2026-04-27 17:19:24.618,50904,ESTAB,cubic,228,26.575,1.121,20.036,1448,17,24616,20272,13259513,13236345,11124,NaN,9170,4783,9169,27,NaN,NaN,8892160,6567768,9154,220160,43520,16,186792
2026-04-27 17:19:24.868,50904,ESTAB,cubic,232,28.074,0.435,20.036,1448,20,28960,20272,13469473,13446305,11124,NaN,9315,4865,9314,27,NaN,NaN,9902968,5575840,9299,220160,43520,16,237472
2026-04-27 17:19:25.097,50904,ESTAB,cubic,232,28.741,0.105,20.036,1448,20,28960,20272,13664953,13640337,11124,NaN,9450,4933,9449,27,NaN,NaN,9673064,6678576,9433,220160,43520,17,172312
2026-04-27 17:19:25.327,50904,ESTAB,cubic,232,28.562,0.3,20.036,1448,20,28960,20272,13857537,13832921,11124,NaN,9583,5001,9582,27,NaN,NaN,9733472,6691008,9566,220160,43520,17,240368
2026-04-27 17:19:25.554,50904,ESTAB,cubic,232,28.629,0.209,20.036,1448,20,28960,20272,14047225,14022609,11124,NaN,9714,5068,9713,27,NaN,NaN,9710688,6695736,9697,220160,43520,17,83105
2026-04-27 17:19:25.782,50904,ESTAB,cubic,228,27.802,0.53,20.036,1448,20,28960,20272,14130330,14130330,11124,NaN,9772,5107,9771,27,NaN,NaN,9999720,5234152,9772,220160,43520,NaN,NaN
2026-04-27 17:19:26.007,50904,ESTAB,cubic,228,27.802,0.53,20.036,1448,20,28960,20272,14130330,14130330,11124,NaN,9772,5107,9771,27,NaN,NaN,9999720,5234152,9772,220160,43520,NaN,NaN
2026-04-27 17:19:26.234,50904,ESTAB,cubic,228,25.996,0.941,20.036,1448,10,14480,21720,14133213,14133213,11948,NaN,9774,5111,9773,29,NaN,NaN,5347176,5234152,9774,220160,43520,NaN,NaN
2026-04-27 17:19:26.480,50904,ESTAB,cubic,232,30.119,0.779,20.036,1448,20,28960,21720,14337133,14315413,11948,NaN,9915,5174,9914,29,NaN,NaN,9230584,6664648,9900,220160,43520,15,199824
2026-04-27 17:19:26.713,50904,ESTAB,cubic,232,28.955,0.321,20.036,1448,20,28960,21720,14535509,14515237,11948,NaN,10052,5243,10051,29,NaN,NaN,9601656,6680504,10038,220160,43520,14,262088
2026-04-27 17:19:26.947,50904,ESTAB,cubic,232,30.171,0.633,20.036,1448,20,28960,21720,14730989,14709269,11948,NaN,10187,5310,10186,29,NaN,NaN,9214560,6694496,10172,220160,43520,15,196928
2026-04-27 17:19:27.178,50904,ESTAB,cubic,232,28.933,0.314,20.036,1448,20,28960,21720,14926469,14906197,11948,NaN,10322,5378,10321,29,NaN,NaN,9608664,6697024,10308,220160,43520,14,262088
2026-04-27 17:19:27.403,50904,ESTAB,cubic,232,30.023,0.75,20.036,1448,20,28960,21720,15116157,15094437,11948,NaN,10453,5443,10452,29,NaN,NaN,9259944,6705152,10438,220160,43520,15,101850
2026-04-27 17:19:27.634,50904,ESTAB,cubic,232,29.904,0.941,20.036,1448,20,28960,21720,15218007,15218007,11948,NaN,10524,5486,10523,29,NaN,NaN,9296752,5851344,10524,220160,43520,NaN,NaN
2026-04-27 17:19:27.871,50904,ESTAB,cubic,232,29.904,0.941,20.036,1448,20,28960,21720,15218007,15218007,11948,NaN,10524,5486,10523,29,NaN,NaN,9296752,5851344,10524,220160,43520,NaN,NaN
2026-04-27 17:19:28.105,50904,ESTAB,cubic,232,29.904,0.941,20.036,1448,20,28960,21720,15218007,15218007,11948,NaN,10524,5486,10523,29,NaN,NaN,9296752,5851344,10524,220160,43520,NaN,NaN
2026-04-27 17:19:28.335,50904,ESTAB,cubic,228,27.153,1.901,20.036,1448,20,28960,21720,15282906,15258290,12772,NaN,10569,5502,10568,31,NaN,NaN,10238768,6020000,10552,220160,43520,17,211408
2026-04-27 17:19:28.566,50904,ESTAB,cubic,232,29.316,0.424,20.036,1448,21,30408,21720,15472594,15449426,12772,NaN,10700,5568,10699,31,NaN,NaN,9957288,6700256,10684,220160,43520,16,152040
2026-04-27 17:19:28.807,50904,ESTAB,cubic,232,29.783,0.992,20.036,1448,21,30408,21720,15676762,15652146,12772,NaN,10841,5638,10840,31,NaN,NaN,9801456,6702488,10824,220160,43520,17,208512
2026-04-27 17:19:29.050,50904,ESTAB,cubic,232,29.077,0.353,20.036,1448,21,30408,21720,15878034,15854866,12772,NaN,10980,5708,10979,31,NaN,NaN,10039440,6680928,10964,220160,43520,16,267880
2026-04-27 17:19:29.282,50904,ESTAB,cubic,232,29.063,0.399,20.036,1448,21,30408,21720,16073514,16050346,12772,NaN,11115,5775,11114,31,NaN,NaN,10044272,6688864,11099,220160,43520,16,202720
2026-04-27 17:19:29.523,50904,ESTAB,cubic,232,30.091,0.685,20.036,1448,21,30408,21720,16271890,16250170,12772,NaN,11252,5844,11251,31,NaN,NaN,9701048,6691112,11237,220160,43520,15,11636
2026-04-27 17:19:29.770,50904,ESTAB,cubic,232,29.459,0.452,20.036,1448,21,30408,21720,16283526,16283526,12772,NaN,11261,5856,11260,31,NaN,NaN,9909088,6694496,11261,220160,43520,NaN,NaN
2026-04-27 17:19:30.004,50904,ESTAB,cubic,232,29.459,0.452,20.036,1448,21,30408,21720,16283526,16283526,12772,NaN,11261,5856,11260,31,NaN,NaN,9909088,6694496,11261,220160,43520,NaN,NaN
2026-04-27 17:19:30.246,50904,ESTAB,cubic,232,29.459,0.452,20.036,1448,21,30408,21720,16283526,16283526,12772,NaN,11261,5856,11260,31,NaN,NaN,9909088,6694496,11261,220160,43520,NaN,NaN
2026-04-27 17:19:30.483,50904,ESTAB,cubic,232,28.624,0.152,20.036,1448,15,21720,21720,16446889,16425169,13596,NaN,11374,5908,11373,33,NaN,NaN,7284480,6694656,11359,219648,43520,15,243264
2026-04-27 17:19:30.730,50904,ESTAB,cubic,228,27.544,0.958,20.036,1448,18,26064,21720,16648161,16623545,13596,NaN,11513,5989,11512,33,NaN,NaN,9084128,6274760,11496,220160,43520,17,172312
2026-04-27 17:19:30.964,50904,ESTAB,cubic,236,35.698,2.114,20.036,1448,14,20272,20272,16787169,16769793,13596,NaN,11609,6046,11608,33,NaN,NaN,5451464,3343056,11597,220160,43520,12,78334
2026-04-27 17:19:31.196,50904,ESTAB,cubic,228,26.676,1.709,20.036,1448,7,10136,8688,16865503,16865361,13596,NaN,11664,6085,11663,33,NaN,NaN,3647632,2873248,11663,220160,43520,1,NaN
2026-04-27 17:19:31.430,50904,ESTAB,cubic,228,26.373,1.731,20.036,1448,8,11584,8688,16865503,16865503,13596,NaN,11664,6086,11663,33,NaN,NaN,4216552,3342592,11664,220160,43520,NaN,NaN
2026-04-27 17:19:31.667,50904,ESTAB,cubic,228,26.373,1.731,20.036,1448,8,11584,8688,16865503,16865503,13596,NaN,11664,6086,11663,33,NaN,NaN,4216552,3342592,11664,220160,43520,NaN,NaN
2026-04-27 17:19:31.902,50904,ESTAB,cubic,228,26.373,1.731,20.036,1448,8,11584,8688,16865503,16865503,13596,NaN,11664,6086,11663,33,NaN,NaN,4216552,3342592,11664,220160,43520,NaN,NaN
2026-04-27 17:19:32.131,50904,ESTAB,cubic,228,26.373,1.731,20.036,1448,8,11584,8688,16865503,16865503,13596,NaN,11664,6086,11663,33,NaN,NaN,4216552,3342592,11664,220160,43520,NaN,NaN
2026-04-27 17:19:32.368,50904,ESTAB,cubic,228,25.389,2.27,20.036,1448,8,11584,8688,16885514,16873930,14420,NaN,11678,6092,11677,35,NaN,NaN,4380008,3342592,11670,220160,43520,8,253400
2026-04-27 17:19:32.608,50904,ESTAB,cubic,232,30.016,2.093,20.036,1448,8,11584,10136,16985426,16973842,14420,NaN,11747,6128,11746,35,NaN,NaN,3704888,2352080,11739,219648,43520,8,283808
2026-04-27 17:19:32.866,50904,ESTAB,cubic,236,32.308,2.081,20.036,1448,7,10136,10136,17092578,17082442,14420,NaN,11821,6174,11820,35,NaN,NaN,3011728,3293616,11814,220160,43520,7,176656
2026-04-27 17:19:33.115,50904,ESTAB,cubic,232,31.362,2.214,20.036,1448,10,14480,10136,17199730,17186698,14420,NaN,11895,6217,11894,35,NaN,NaN,4432240,3350976,11886,220160,43520,9,199824
2026-04-27 17:19:33.346,50904,ESTAB,cubic,232,30.436,0.926,20.036,1448,9,13032,11584,17296746,17285162,14420,NaN,11962,6259,11961,35,NaN,NaN,4110416,3350336,11954,220160,43520,8,233128
2026-04-27 17:19:33.571,50904,ESTAB,cubic,232,28.453,1.254,20.036,1448,8,11584,10136,17389418,17377834,14420,NaN,12026,6299,12025,35,NaN,NaN,3908400,3336400,12018,220160,43520,8,270776
2026-04-27 17:19:33.803,50904,ESTAB,cubic,232,29.067,2.178,20.036,1448,8,11584,10136,17487882,17476298,14420,NaN,12094,6340,12093,35,NaN,NaN,3825808,3350328,12086,220160,43520,8,172312
2026-04-27 17:19:34.032,50904,ESTAB,cubic,232,31.768,2.048,20.036,1448,7,10136,10136,17580554,17570418,14420,NaN,12158,6380,12157,35,NaN,NaN,3062920,2928024,12151,219648,43520,7,209960
2026-04-27 17:19:34.266,50904,ESTAB,cubic,232,31.76,2.402,20.036,1448,10,14480,10136,17680466,17667434,14420,NaN,12227,6420,12226,35,NaN,NaN,4376824,3347200,12218,220160,43520,9,240368
2026-04-27 17:19:34.516,50904,ESTAB,cubic,232,29.754,1.615,20.036,1448,10,14480,10136,17786170,17771690,14420,NaN,12300,6463,12299,35,NaN,NaN,4671808,3354112,12290,220160,43520,10,206545
2026-04-27 17:19:34.764,50904,ESTAB,cubic,232,28.229,1.023,20.036,1448,9,13032,10136,17886082,17873050,14420,NaN,12369,6504,12368,35,NaN,NaN,4431808,3344352,12360,220160,43520,9,106633
2026-04-27 17:19:35.011,50904,ESTAB,cubic,232,28.751,1.652,20.036,1448,8,11584,10136,17990338,17978754,14420,NaN,12441,6545,12440,35,NaN,NaN,3867856,3342176,12433,220160,43520,8,2377
2026-04-27 17:19:35.260,50904,ESTAB,cubic,236,33.497,1.28,20.036,1448,12,17376,10136,18078955,18063027,15242,NaN,12503,6577,12502,37,NaN,NaN,4979832,2997384,12492,220160,43520,11,185344
2026-04-27 17:19:35.511,50904,ESTAB,cubic,232,31.194,1.0,20.036,1448,11,15928,11584,18181763,18167283,15242,NaN,12574,6619,12573,37,NaN,NaN,4901760,3354368,12564,220160,43520,10,212856
2026-04-27 17:19:35.749,50904,ESTAB,cubic,232,30.71,0.682,20.036,1448,9,13032,11584,18280227,18267195,15242,NaN,12642,6659,12641,37,NaN,NaN,4073720,3346144,12633,220160,43520,9,244712
2026-04-27 17:19:36.008,50904,ESTAB,cubic,232,29.798,1.623,20.036,1448,10,14480,10136,18387379,18374347,15242,NaN,12716,6704,12715,37,NaN,NaN,4664968,3355080,12707,220160,43520,9,267880
2026-04-27 17:19:36.274,50904,ESTAB,cubic,232,30.325,1.315,20.036,1448,9,13032,11584,18494531,18482947,15242,NaN,12790,6750,12789,37,NaN,NaN,4125512,3350880,12782,220160,43520,8,160728
2026-04-27 17:19:36.542,50904,ESTAB,cubic,232,30.102,1.817,20.036,1448,9,13032,11584,18610371,18597339,15242,NaN,12870,6799,12869,37,NaN,NaN,4156088,3352168,12861,220160,43520,9,148253
2026-04-27 17:19:36.816,50904,ESTAB,cubic,232,31.467,2.664,20.036,1448,9,13032,11584,18723315,18710283,15242,NaN,12948,6845,12947,37,NaN,NaN,3975800,2469272,12939,220160,43520,9,35309
2026-04-27 17:19:37.064,50904,ESTAB,cubic,236,35.792,5.17,20.036,1448,11,15928,11584,18817744,18804712,15658,NaN,13014,6881,13013,38,NaN,NaN,4272040,3293712,13005,220160,43520,9,211408
2026-04-27 17:19:37.333,50904,ESTAB,cubic,232,31.331,3.199,20.036,1448,10,14480,10136,18927792,18913312,15658,NaN,13090,6921,13089,38,NaN,NaN,4436648,3351072,13080,220160,43520,10,231680
2026-04-27 17:19:37.582,50904,ESTAB,cubic,232,29.31,1.786,20.036,1448,10,14480,10136,19036392,19021912,15658,NaN,13165,6965,13164,38,NaN,NaN,4742680,3342712,13155,220160,43520,10,253400
2026-04-27 17:19:37.836,50904,ESTAB,cubic,232,28.373,1.212,20.036,1448,9,13032,10136,19139200,19126168,15658,NaN,13236,7009,13235,38,NaN,NaN,4409232,3348456,13227,220160,43520,9,280912
2026-04-27 17:19:38.094,50904,ESTAB,cubic,232,28.951,1.625,20.036,1448,8,11584,10136,19247800,19236216,15658,NaN,13311,7056,13310,38,NaN,NaN,3841104,2984576,13303,220160,43520,8,172312
2026-04-27 17:19:38.349,50904,ESTAB,cubic,228,27.839,1.899,20.036,1448,8,11584,10136,19352056,19340472,15658,NaN,13383,7100,13382,38,NaN,NaN,3994584,3349424,13375,220160,43520,8,198376
2026-04-27 17:19:38.610,50904,ESTAB,cubic,236,33.175,1.883,20.036,1448,7,10136,10136,19457760,19447624,15658,NaN,13456,7145,13455,38,NaN,NaN,2933064,3351560,13449,219648,43520,7,200024
2026-04-27 17:19:38.875,50904,ESTAB,cubic,236,32.472,2.22,20.036,1448,7,10136,10136,19569256,19559120,15658,NaN,13533,7188,13532,38,NaN,NaN,2996512,3348744,13526,220160,43520,7,88528
2026-04-27 17:19:39.128,50904,ESTAB,cubic,232,30.586,1.91,20.036,1448,10,14480,10136,19658840,19657784,16064,NaN,13596,7229,13595,39,NaN,NaN,4544824,3350880,13595,220160,43520,1,NaN
2026-04-27 17:19:39.390,50904,ESTAB,cubic,232,30.935,0.68,20.036,1448,9,13032,11584,19765744,19754160,16480,NaN,13670,7268,13669,40,NaN,NaN,4044144,3345392,13662,220160,43520,8,163624
2026-04-27 17:19:39.659,50904,ESTAB,cubic,232,28.993,1.644,20.036,1448,9,13032,10136,19880136,19867104,16480,NaN,13749,7315,13748,40,NaN,NaN,4315080,3355080,13740,220160,43520,9,57947
2026-04-27 17:19:39.899,50904,ESTAB,cubic,232,28.564,2.36,20.036,1448,8,11584,10136,19938083,19938083,16480,NaN,13790,7344,13789,40,NaN,NaN,3893112,3264800,13790,220160,43520,NaN,NaN
2026-04-27 17:19:40.149,50904,ESTAB,cubic,232,28.564,2.36,20.036,1448,8,11584,10136,19938083,19938083,16480,NaN,13790,7344,13789,40,NaN,NaN,3893112,3264800,13790,220160,43520,NaN,NaN
2026-04-27 17:19:40.409,50904,ESTAB,cubic,232,28.564,2.36,20.036,1448,8,11584,10136,19938083,19938083,16480,NaN,13790,7344,13789,40,NaN,NaN,3893112,3264800,13790,220160,43520,NaN,NaN
2026-04-27 17:19:40.679,50904,ESTAB,cubic,236,33.049,2.334,20.036,1448,10,14480,10136,20033390,20018910,17304,NaN,13856,7375,13855,42,NaN,NaN,4206048,3348944,13846,220160,43520,10,178104
2026-04-27 17:19:40.947,50904,ESTAB,cubic,232,31.367,2.965,20.036,1448,10,14480,10136,20144886,20130406,17304,NaN,13933,7420,13932,42,NaN,NaN,4431656,3338712,13923,220160,43520,10,154740
2026-04-27 17:19:41.197,50904,ESTAB,cubic,232,29.375,1.823,20.036,1448,10,14480,10136,20253486,20239006,17304,NaN,14008,7465,14007,42,NaN,NaN,4732144,3335976,13998,220160,43520,10,46140
2026-04-27 17:19:41.445,50904,ESTAB,cubic,232,30.048,3.33,20.036,1448,8,11584,10136,20299626,20299626,17304,NaN,14040,7490,14039,42,NaN,NaN,3700896,2873008,14040,219648,43520,NaN,NaN
2026-04-27 17:19:41.693,50904,ESTAB,cubic,232,30.048,3.33,20.036,1448,8,11584,10136,20299626,20299626,17304,NaN,14040,7490,14039,42,NaN,NaN,3700896,2873008,14040,219648,43520,NaN,NaN
2026-04-27 17:19:41.945,50904,ESTAB,cubic,232,30.048,3.33,20.036,1448,8,11584,10136,20299626,20299626,17304,NaN,14040,7490,14039,42,NaN,NaN,3700896,2873008,14040,219648,43520,NaN,NaN
2026-04-27 17:19:42.206,50904,ESTAB,cubic,232,30.048,3.33,20.036,1448,8,11584,10136,20299626,20299626,17304,NaN,14040,7490,14039,42,NaN,NaN,3700896,2873008,14040,219648,43520,NaN,NaN
2026-04-27 17:19:42.466,50904,ESTAB,cubic,232,30.048,3.33,20.036,1448,8,11584,10136,20299626,20299626,17304,NaN,14040,7490,14039,42,NaN,NaN,3700896,2873008,14040,219648,43520,NaN,NaN
2026-04-27 17:19:42.735,50904,ESTAB,cubic,236,33.327,1.77,20.036,1448,7,10136,10136,20399277,20389141,18128,NaN,14109,7525,14108,44,NaN,NaN,2919656,3352336,14102,219648,43520,7,173760
2026-04-27 17:19:43.002,50904,ESTAB,cubic,232,31.948,2.317,20.036,1448,11,15928,10136,20518013,20503533,18128,NaN,14191,7571,14190,44,NaN,NaN,4786152,3299624,14181,220160,43520,10,185344
2026-04-27 17:19:43.273,50904,ESTAB,cubic,232,29.469,1.68,20.036,1448,10,14480,10136,20630957,20616477,18128,NaN,14269,7616,14268,44,NaN,NaN,4717072,3337480,14259,220160,43520,10,108838
2026-04-27 17:19:43.542,50904,ESTAB,cubic,232,28.884,1.548,20.036,1448,9,13032,10136,20739557,20729421,18128,NaN,14344,7664,14343,44,NaN,NaN,4331288,3345920,14337,220160,43520,7,238
2026-04-27 17:19:43.789,50904,ESTAB,cubic,232,29.826,1.376,20.036,1448,10,14480,10136,20739795,20739795,18128,NaN,14345,7669,14344,44,NaN,NaN,4660592,2563152,14345,220160,43520,NaN,NaN
2026-04-27 17:19:44.031,50904,ESTAB,cubic,232,29.826,1.376,20.036,1448,10,14480,10136,20739795,20739795,18128,NaN,14345,7669,14344,44,NaN,NaN,4660592,2563152,14345,220160,43520,NaN,NaN
2026-04-27 17:19:44.286,50904,ESTAB,cubic,232,29.826,1.376,20.036,1448,10,14480,10136,20739795,20739795,18128,NaN,14345,7669,14344,44,NaN,NaN,4660592,2563152,14345,220160,43520,NaN,NaN
2026-04-27 17:19:44.558,50904,ESTAB,cubic,232,28.148,1.703,20.036,1448,10,14480,10136,20752566,20742678,18952,NaN,14354,7673,14353,46,NaN,NaN,4938376,2563152,14347,220160,43520,7,260640
2026-04-27 17:19:44.817,50904,ESTAB,cubic,232,28.988,1.684,20.036,1448,8,11584,10136,20861166,20849582,18952,NaN,14429,7714,14428,46,NaN,NaN,3836224,2938608,14421,220160,43520,8,277358
2026-04-27 17:19:45.090,50904,ESTAB,cubic,236,33.431,2.557,20.036,1448,10,14480,13032,20977006,20963974,18952,NaN,14509,7764,14508,46,NaN,NaN,4157960,3351584,14500,219648,43520,9,161518
2026-04-27 17:19:45.338,50904,ESTAB,cubic,232,28.323,1.167,20.036,1448,8,11584,10136,21079814,21068230,18952,NaN,14580,7809,14579,46,NaN,NaN,3926344,3342904,14572,220160,43520,8,58710
2026-04-27 17:19:45.598,50904,ESTAB,cubic,232,31.665,2.211,20.036,1448,7,10136,10136,21138524,21138524,18952,NaN,14621,7839,14620,46,NaN,NaN,3072904,2704152,14621,220160,43520,NaN,NaN
2026-04-27 17:19:45.857,50904,ESTAB,cubic,232,31.665,2.211,20.036,1448,7,10136,10136,21138524,21138524,18952,NaN,14621,7839,14620,46,NaN,NaN,3072904,2704152,14621,220160,43520,NaN,NaN
2026-04-27 17:19:46.121,50904,ESTAB,cubic,232,31.665,2.211,20.036,1448,7,10136,10136,21138524,21138524,18952,NaN,14621,7839,14620,46,NaN,NaN,3072904,2704152,14621,220160,43520,NaN,NaN
2026-04-27 17:19:46.368,50904,ESTAB,cubic,232,31.665,2.211,20.036,1448,7,10136,10136,21138524,21138524,18952,NaN,14621,7839,14620,46,NaN,NaN,3072904,2704152,14621,220160,43520,NaN,NaN
2026-04-27 17:19:46.618,50904,ESTAB,cubic,232,28.966,3.213,20.036,1448,7,10136,10136,21159983,21149847,19776,NaN,14636,7846,14635,48,NaN,NaN,3359224,2704152,14629,220160,43520,7,251952
2026-04-27 17:19:46.869,50904,ESTAB,cubic,236,33.396,1.811,20.036,1448,7,10136,10136,21267135,21256999,19776,NaN,14710,7884,14709,48,NaN,NaN,2913608,3338328,14703,219648,43520,7,259722
2026-04-27 17:19:47.126,50904,ESTAB,cubic,232,31.772,2.491,20.036,1448,10,14480,10136,21378631,21364151,19776,NaN,14787,7927,14786,48,NaN,NaN,4375104,3346328,14777,220160,43520,10,148226
2026-04-27 17:19:47.370,50904,ESTAB,cubic,232,29.734,1.632,20.036,1448,10,14480,10136,21481439,21466959,19776,NaN,14858,7971,14857,48,NaN,NaN,4675008,3359840,14848,220160,43520,10,45418
2026-04-27 17:19:47.630,50904,ESTAB,cubic,232,29.173,2.895,20.036,1448,8,11584,10136,21526857,21526857,19776,NaN,14890,7997,14889,48,NaN,NaN,3811864,2861888,14890,220160,43520,NaN,NaN
2026-04-27 17:19:47.895,50904,ESTAB,cubic,232,29.173,2.895,20.036,1448,8,11584,10136,21526857,21526857,19776,NaN,14890,7997,14889,48,NaN,NaN,3811864,2861888,14890,220160,43520,NaN,NaN
2026-04-27 17:19:48.156,50904,ESTAB,cubic,232,29.173,2.895,20.036,1448,8,11584,10136,21526857,21526857,19776,NaN,14890,7997,14889,48,NaN,NaN,3811864,2861888,14890,220160,43520,NaN,NaN
2026-04-27 17:19:48.423,50904,ESTAB,cubic,232,29.173,2.895,20.036,1448,8,11584,10136,21526857,21526857,19776,NaN,14890,7997,14889,48,NaN,NaN,3811864,2861888,14890,220160,43520,NaN,NaN
2026-04-27 17:19:48.677,50904,ESTAB,cubic,232,28.845,4.262,20.036,1448,8,11584,10136,21558452,21546868,20600,NaN,14912,8007,14911,50,NaN,NaN,3855192,3300512,14904,220160,43520,8,241816
2026-04-27 17:19:48.943,50904,ESTAB,cubic,228,26.316,1.548,20.036,1448,8,11584,10136,21674292,21664156,20600,NaN,14992,8051,14991,50,NaN,NaN,4225784,3821680,14985,220160,43520,7,256296
2026-04-27 17:19:49.201,50904,ESTAB,cubic,232,28.191,3.27,20.036,1448,8,11584,10136,21779996,21768412,20600,NaN,15065,8093,15064,50,NaN,NaN,3944744,3332560,15057,220160,43520,8,155603
2026-04-27 17:19:49.463,50904,ESTAB,cubic,232,28.862,2.403,20.036,1448,8,11584,10136,21890044,21878460,20600,NaN,15141,8139,15140,50,NaN,NaN,3853016,3352264,15133,220160,43520,8,45555
2026-04-27 17:19:49.723,50904,ESTAB,cubic,232,28.496,1.464,20.036,1448,9,13032,10136,21935599,21935599,20600,NaN,15173,8163,15172,50,NaN,NaN,4390280,3352336,15173,220160,43520,NaN,NaN
2026-04-27 17:19:49.984,50904,ESTAB,cubic,232,28.496,1.464,20.036,1448,9,13032,10136,21935599,21935599,20600,NaN,15173,8163,15172,50,NaN,NaN,4390280,3352336,15173,220160,43520,NaN,NaN
2026-04-27 17:19:50.244,50904,ESTAB,cubic,232,28.496,1.464,20.036,1448,9,13032,10136,21935599,21935599,20600,NaN,15173,8163,15172,50,NaN,NaN,4390280,3352336,15173,220160,43520,NaN,NaN
2026-04-27 17:19:50.504,50904,ESTAB,cubic,232,28.496,1.464,20.036,1448,9,13032,10136,21935599,21935599,20600,NaN,15173,8163,15172,50,NaN,NaN,4390280,3352336,15173,220160,43520,NaN,NaN
2026-04-27 17:19:50.763,50904,ESTAB,cubic,236,33.222,2.51,20.036,1448,11,15928,10136,21994706,21978778,21424,NaN,15214,8181,15213,52,NaN,NaN,4602560,3343912,15203,220160,43520,11,214304
2026-04-27 17:19:51.023,50904,ESTAB,cubic,232,30.372,2.737,20.036,1448,10,14480,10136,22107650,22093170,21424,NaN,15292,8228,15291,52,NaN,NaN,4576728,3353464,15282,220160,43520,10,231680
2026-04-27 17:19:51.292,50904,ESTAB,cubic,232,28.373,1.144,20.036,1448,9,13032,10136,22216250,22203218,21424,NaN,15367,8275,15366,52,NaN,NaN,4409368,3343864,15358,220160,43520,9,135855
2026-04-27 17:19:51.554,50904,ESTAB,cubic,232,28.446,1.342,20.036,1448,8,11584,10136,22326298,22314714,21424,NaN,15443,8321,15442,52,NaN,NaN,3909280,3348816,15435,220160,43520,8,25807
2026-04-27 17:19:51.811,50904,ESTAB,cubic,232,29.872,1.592,20.036,1448,10,14480,10136,22352105,22352105,21424,NaN,15461,8336,15460,52,NaN,NaN,4653312,3343568,15461,220160,43520,NaN,NaN
2026-04-27 17:19:52.069,50904,ESTAB,cubic,232,29.872,1.592,20.036,1448,10,14480,10136,22352105,22352105,21424,NaN,15461,8336,15460,52,NaN,NaN,4653312,3343568,15461,220160,43520,NaN,NaN
2026-04-27 17:19:52.338,50904,ESTAB,cubic,232,29.872,1.592,20.036,1448,10,14480,10136,22352105,22352105,21424,NaN,15461,8336,15460,52,NaN,NaN,4653312,3343568,15461,220160,43520,NaN,NaN
2026-04-27 17:19:52.585,50904,ESTAB,cubic,232,29.872,1.592,20.036,1448,10,14480,10136,22352105,22352105,21424,NaN,15461,8336,15460,52,NaN,NaN,4653312,3343568,15461,220160,43520,NaN,NaN
2026-04-27 17:19:52.840,50904,ESTAB,cubic,240,36.583,1.847,20.036,1448,7,10136,10136,22427140,22417004,22248,NaN,15513,8363,15512,54,NaN,NaN,2659792,3357056,15506,220160,43520,7,198376
2026-04-27 17:19:53.104,50904,ESTAB,cubic,236,32.566,2.295,20.036,1448,11,15928,10136,22540084,22524156,22248,NaN,15591,8407,15590,54,NaN,NaN,4695312,3359040,15580,220160,43520,11,215752
2026-04-27 17:19:53.348,50904,ESTAB,cubic,232,30.259,0.821,20.036,1448,9,13032,11584,22641444,22628412,22248,NaN,15661,8451,15660,54,NaN,NaN,4134488,3341816,15652,220160,43520,9,145530
2026-04-27 17:19:53.608,50904,ESTAB,cubic,232,29.099,1.723,20.036,1448,10,14480,10136,22751492,22737012,22248,NaN,15737,8498,15736,54,NaN,NaN,4776944,3337040,15727,220160,43520,10,35482
2026-04-27 17:19:53.869,50904,ESTAB,cubic,236,32.529,1.953,20.036,1448,7,10136,10136,22786974,22786974,22248,NaN,15762,8520,15761,54,NaN,NaN,2991288,3350296,15762,220160,43520,NaN,NaN
2026-04-27 17:19:54.130,50904,ESTAB,cubic,236,32.529,1.953,20.036,1448,7,10136,10136,22786974,22786974,22248,NaN,15762,8520,15761,54,NaN,NaN,2991288,3350296,15762,220160,43520,NaN,NaN
2026-04-27 17:19:54.391,50904,ESTAB,cubic,236,32.529,1.953,20.036,1448,7,10136,10136,22786974,22786974,22248,NaN,15762,8520,15761,54,NaN,NaN,2991288,3350296,15762,220160,43520,NaN,NaN
2026-04-27 17:19:54.655,50904,ESTAB,cubic,236,32.529,1.953,20.036,1448,7,10136,10136,22786974,22786974,22248,NaN,15762,8520,15761,54,NaN,NaN,2991288,3350296,15762,220160,43520,NaN,NaN
2026-04-27 17:19:54.915,50904,ESTAB,cubic,232,29.875,2.941,20.036,1448,10,14480,10136,22885177,22870697,23072,NaN,15830,8552,15829,56,NaN,NaN,4652984,3342656,15820,220160,43520,10,175208
2026-04-27 17:19:55.175,50904,ESTAB,cubic,232,28.496,1.303,20.036,1448,9,13032,10136,22992329,22980745,23072,NaN,15904,8596,15903,56,NaN,NaN,4390336,3351240,15896,220160,43520,8,198376
2026-04-27 17:19:55.434,50904,ESTAB,cubic,232,30.13,1.801,20.036,1448,9,13032,11584,23100929,23087897,23072,NaN,15979,8639,15978,56,NaN,NaN,4152176,3336400,15970,220160,43520,9,121727
2026-04-27 17:19:55.681,50904,ESTAB,cubic,232,28.617,1.403,20.036,1448,8,11584,10136,23202289,23190705,23072,NaN,16049,8681,16048,56,NaN,NaN,3885952,3350880,16041,220160,43520,8,20367
2026-04-27 17:19:55.938,50904,ESTAB,cubic,232,30.487,2.013,20.036,1448,10,14480,10136,23222656,23222656,23072,NaN,16064,8695,16063,56,NaN,NaN,4559488,3355536,16064,220160,43520,NaN,NaN
2026-04-27 17:19:56.191,50904,ESTAB,cubic,232,30.487,2.013,20.036,1448,10,14480,10136,23222656,23222656,23072,NaN,16064,8695,16063,56,NaN,NaN,4559488,3355536,16064,220160,43520,NaN,NaN
2026-04-27 17:19:56.432,50904,ESTAB,cubic,232,30.487,2.013,20.036,1448,10,14480,10136,23222656,23222656,23072,NaN,16064,8695,16063,56,NaN,NaN,4559488,3355536,16064,220160,43520,NaN,NaN
2026-04-27 17:19:56.684,50904,ESTAB,cubic,232,30.487,2.013,20.036,1448,10,14480,10136,23222656,23222656,23072,NaN,16064,8695,16063,56,NaN,NaN,4559488,3355536,16064,220160,43520,NaN,NaN
2026-04-27 17:19:56.936,50904,ESTAB,cubic,232,30.775,2.836,20.036,1448,8,11584,10136,23315067,23303483,23896,NaN,16128,8728,16127,58,NaN,NaN,3613496,2879080,16120,219648,43520,8,181000
2026-04-27 17:19:57.188,50904,ESTAB,cubic,236,32.894,3.074,20.036,1448,11,15928,10136,23425115,23409187,23896,NaN,16204,8772,16203,58,NaN,NaN,4648496,3355024,16193,220160,43520,11,201272
2026-04-27 17:19:57.439,50904,ESTAB,cubic,232,31.19,1.266,20.036,1448,10,14480,11584,23529371,23514891,23896,NaN,16276,8815,16275,58,NaN,NaN,4456688,3357576,16266,220160,43520,10,132002
2026-04-27 17:19:57.700,50904,ESTAB,cubic,232,28.671,1.381,20.036,1448,9,13032,10136,23633627,23620595,23896,NaN,16348,8861,16347,58,NaN,NaN,4363464,3334240,16339,220160,43520,9,27746
2026-04-27 17:19:57.974,50904,ESTAB,cubic,232,31.876,2.364,20.036,1448,11,15928,10136,23661373,23661373,23896,NaN,16368,8877,16367,58,NaN,NaN,4796912,2603144,16368,220160,43520,NaN,NaN
2026-04-27 17:19:58.230,50904,ESTAB,cubic,232,31.876,2.364,20.036,1448,11,15928,10136,23661373,23661373,23896,NaN,16368,8877,16367,58,NaN,NaN,4796912,2603144,16368,220160,43520,NaN,NaN
2026-04-27 17:19:58.483,50904,ESTAB,cubic,232,31.876,2.364,20.036,1448,11,15928,10136,23661373,23661373,23896,NaN,16368,8877,16367,58,NaN,NaN,4796912,2603144,16368,220160,43520,NaN,NaN
2026-04-27 17:19:58.756,50904,ESTAB,cubic,232,31.876,2.364,20.036,1448,10,14480,10136,23664256,23661373,24304,NaN,16370,8878,16369,59,NaN,NaN,4796912,2603144,16368,220160,43520,2,NaN
2026-04-27 17:19:59.027,50904,ESTAB,cubic,232,30.967,0.608,20.036,1448,9,13032,11584,23776952,23763920,24720,NaN,16448,8918,16447,60,NaN,NaN,4039928,3332672,16439,220160,43520,9,288152
2026-04-27 17:19:59.295,50904,ESTAB,cubic,232,30.166,1.765,20.036,1448,9,13032,11584,23892792,23881208,24720,NaN,16528,8963,16527,60,NaN,NaN,4147272,3337360,16520,220160,43520,8,172312
2026-04-27 17:19:59.554,50904,ESTAB,cubic,232,28.497,1.261,20.036,1448,9,13032,10136,24001392,23988360,24720,NaN,16603,9008,16602,60,NaN,NaN,4390072,3340608,16594,220160,43520,9,108062
2026-04-27 17:19:59.810,50904,ESTAB,cubic,232,28.23,1.031,20.036,1448,8,11584,10136,24108544,24096960,24720,NaN,16677,9052,16676,60,NaN,NaN,3939208,3342656,16669,220160,43520,8,910
2026-04-27 17:20:00.063,50904,ESTAB,cubic,228,27.487,0.727,20.036,1448,8,11584,10136,24109454,24109454,24720,NaN,16678,9057,16677,60,NaN,NaN,4045720,2936160,16678,220160,43520,NaN,NaN
2026-04-27 17:20:00.315,50904,ESTAB,cubic,228,27.487,0.727,20.036,1448,8,11584,10136,24109454,24109454,24720,NaN,16678,9057,16677,60,NaN,NaN,4045720,2936160,16678,220160,43520,NaN,NaN
2026-04-27 17:20:00.577,50904,ESTAB,cubic,228,27.487,0.727,20.036,1448,8,11584,10136,24109454,24109454,24720,NaN,16678,9057,16677,60,NaN,NaN,4045720,2936160,16678,220160,43520,NaN,NaN
2026-04-27 17:20:00.830,50904,ESTAB,cubic,228,26.251,1.314,20.036,1448,9,13032,10136,24130913,24117881,25544,NaN,16693,9063,16692,62,NaN,NaN,4765800,2936160,16684,220160,43520,9,251952
2026-04-27 17:20:01.087,50904,ESTAB,cubic,232,28.463,1.308,20.036,1448,8,11584,10136,24236617,24225033,25544,NaN,16766,9104,16765,62,NaN,NaN,3906928,3342536,16758,220160,43520,8,276568
2026-04-27 17:20:01.345,50904,ESTAB,cubic,232,28.427,1.676,20.036,1448,8,11584,10136,24345217,24333633,25544,NaN,16841,9148,16840,62,NaN,NaN,3911928,2918824,16833,220160,43520,8,167968
2026-04-27 17:20:01.631,50904,ESTAB,cubic,228,27.921,1.124,20.036,1448,8,11584,10136,24462505,24450921,25544,NaN,16922,9197,16921,62,NaN,NaN,3982768,3340488,16914,220160,43520,8,97730
2026-04-27 17:20:01.895,50904,ESTAB,cubic,232,28.004,3.654,20.036,1448,8,11584,10136,24560235,24560235,25544,NaN,16990,9245,16989,62,NaN,NaN,3971072,2875504,16990,220160,43520,NaN,NaN
2026-04-27 17:20:02.153,50904,ESTAB,cubic,232,28.004,3.654,20.036,1448,8,11584,10136,24560235,24560235,25544,NaN,16990,9245,16989,62,NaN,NaN,3971072,2875504,16990,220160,43520,NaN,NaN
2026-04-27 17:20:02.414,50904,ESTAB,cubic,232,28.004,3.654,20.036,1448,8,11584,10136,24560235,24560235,25544,NaN,16990,9245,16989,62,NaN,NaN,3971072,2875504,16990,220160,43520,NaN,NaN
2026-04-27 17:20:02.666,50904,ESTAB,cubic,232,28.004,3.654,20.036,1448,8,11584,10136,24560235,24560235,25544,NaN,16990,9245,16989,62,NaN,NaN,3971072,2875504,16990,220160,43520,NaN,NaN
2026-04-27 17:20:02.930,50904,ESTAB,cubic,228,27.903,0.815,20.036,1448,9,13032,10136,24613550,24600518,26368,NaN,17027,9262,17026,64,NaN,NaN,4483584,3343504,17018,220160,43520,9,95228
2026-04-27 17:20:03.167,50904,ESTAB,cubic,232,28.426,1.377,20.036,1448,8,11584,10136,24708778,24697534,26368,NaN,17093,9299,17092,64,NaN,NaN,3912032,3351360,17085,220160,43520,8,NaN
2026-04-27 17:20:03.420,50904,ESTAB,cubic,232,28.164,1.214,20.036,1448,8,11584,10136,24708778,24708778,26368,NaN,17093,9304,17092,64,NaN,NaN,3948528,3280536,17093,220160,43520,NaN,NaN
2026-04-27 17:20:03.674,50904,ESTAB,cubic,232,28.164,1.214,20.036,1448,8,11584,10136,24708778,24708778,26368,NaN,17093,9304,17092,64,NaN,NaN,3948528,3280536,17093,220160,43520,NaN,NaN
2026-04-27 17:20:03.935,50904,ESTAB,cubic,232,28.164,1.214,20.036,1448,8,11584,10136,24708778,24708778,26368,NaN,17093,9304,17092,64,NaN,NaN,3948528,3280536,17093,220160,43520,NaN,NaN
2026-04-27 17:20:04.190,50904,ESTAB,cubic,232,28.164,1.214,20.036,1448,8,11584,10136,24708778,24708778,26368,NaN,17093,9304,17092,64,NaN,NaN,3948528,3280536,17093,220160,43520,NaN,NaN
2026-04-27 17:20:04.436,50904,ESTAB,cubic,232,28.164,1.214,20.036,1448,8,11584,10136,24708778,24708778,26368,NaN,17093,9304,17092,64,NaN,NaN,3948528,3280536,17093,220160,43520,NaN,NaN
2026-04-27 17:20:04.690,50904,ESTAB,cubic,232,28.164,1.214,20.036,1448,8,11584,10136,24708778,24708778,26368,NaN,17093,9304,17092,64,NaN,NaN,3948528,3280536,17093,220160,43520,NaN,NaN
2026-04-27 17:20:04.949,50904,ESTAB,cubic,232,31.584,4.199,20.036,1448,10,14480,10136,24757749,24743269,27192,NaN,17127,9319,17126,66,NaN,NaN,4401104,3334240,17117,220160,43520,10,126170
2026-04-27 17:20:05.209,50904,ESTAB,cubic,232,29.122,1.742,20.036,1448,10,14480,10136,24864901,24851869,27192,NaN,17201,9362,17200,66,NaN,NaN,4773296,3338432,17192,220160,43520,9,19018
2026-04-27 17:20:05.473,50904,ESTAB,cubic,232,31.887,2.261,20.036,1448,11,15928,10136,24883919,24883919,27192,NaN,17215,9375,17214,66,NaN,NaN,4795328,2306120,17215,220160,43520,NaN,NaN
2026-04-27 17:20:05.718,50904,ESTAB,cubic,232,31.887,2.261,20.036,1448,11,15928,10136,24883919,24883919,27192,NaN,17215,9375,17214,66,NaN,NaN,4795328,2306120,17215,220160,43520,NaN,NaN
2026-04-27 17:20:05.968,50904,ESTAB,cubic,232,31.887,2.261,20.036,1448,11,15928,10136,24883919,24883919,27192,NaN,17215,9375,17214,66,NaN,NaN,4795328,2306120,17215,220160,43520,NaN,NaN
2026-04-27 17:20:06.229,50904,ESTAB,cubic,232,31.887,2.261,20.036,1448,11,15928,10136,24883919,24883919,27192,NaN,17215,9375,17214,66,NaN,NaN,4795328,2306120,17215,220160,43520,NaN,NaN
2026-04-27 17:20:06.486,50904,ESTAB,cubic,232,31.887,2.261,20.036,1448,11,15928,10136,24883919,24883919,27192,NaN,17215,9375,17214,66,NaN,NaN,4795328,2306120,17215,220160,43520,NaN,NaN
2026-04-27 17:20:06.751,50904,ESTAB,cubic,232,31.887,2.261,20.036,1448,11,15928,10136,24883919,24883919,27192,NaN,17215,9375,17214,66,NaN,NaN,4795328,2306120,17215,220160,43520,NaN,NaN
2026-04-27 17:20:07.025,50904,ESTAB,cubic,236,35.673,3.258,20.036,1448,9,13032,11584,24947370,24935786,28016,NaN,17259,9397,17258,68,NaN,NaN,3507000,3349184,17251,219648,43520,8,209960
2026-04-27 17:20:07.285,50904,ESTAB,cubic,236,33.37,3.653,20.036,1448,11,15928,11584,25061762,25045834,28016,NaN,17338,9438,17337,68,NaN,NaN,4582184,3344104,17327,220160,43520,11,225888
2026-04-27 17:20:07.545,50904,ESTAB,cubic,232,30.82,0.302,20.036,1448,10,14480,11584,25167466,25157330,28016,NaN,17411,9484,17410,68,NaN,NaN,4510184,2923032,17404,220160,43520,7,148276
2026-04-27 17:20:07.813,50904,ESTAB,cubic,232,29.002,1.675,20.036,1448,10,14480,10136,25280410,25265930,28016,NaN,17489,9529,17488,68,NaN,NaN,4792920,3345288,17479,220160,43520,10,35332
2026-04-27 17:20:08.095,50904,ESTAB,cubic,232,31.117,2.281,20.036,1448,7,10136,10136,25315742,25315742,28016,NaN,17514,9551,17513,68,NaN,NaN,3127048,2010936,17514,220160,43520,NaN,NaN
2026-04-27 17:20:08.360,50904,ESTAB,cubic,232,31.117,2.281,20.036,1448,7,10136,10136,25315742,25315742,28016,NaN,17514,9551,17513,68,NaN,NaN,3127048,2010936,17514,220160,43520,NaN,NaN
2026-04-27 17:20:08.630,50904,ESTAB,cubic,232,31.117,2.281,20.036,1448,7,10136,10136,25315742,25315742,28016,NaN,17514,9551,17513,68,NaN,NaN,3127048,2010936,17514,220160,43520,NaN,NaN
2026-04-27 17:20:08.894,50904,ESTAB,cubic,232,31.117,2.281,20.036,1448,7,10136,10136,25318625,25315742,28424,NaN,17516,9552,17515,69,NaN,NaN,3127048,2010936,17514,220160,43520,2,NaN
2026-04-27 17:20:09.150,50904,ESTAB,cubic,236,32.355,2.945,20.036,1448,10,14480,10136,25425529,25411049,28840,NaN,17590,9587,17589,70,NaN,NaN,4296264,3350296,17580,220160,43520,10,163624
2026-04-27 17:20:09.398,50904,ESTAB,cubic,232,28.851,1.72,20.036,1448,10,14480,10136,25529785,25515305,28840,NaN,17662,9626,17661,70,NaN,NaN,4817984,3352064,17652,220160,43520,10,189688
2026-04-27 17:20:09.660,50904,ESTAB,cubic,232,28.717,1.455,20.036,1448,9,13032,10136,25635489,25622457,28840,NaN,17735,9669,17734,70,NaN,NaN,4356552,3345800,17726,220160,43520,9,140053
2026-04-27 17:20:09.933,50904,ESTAB,cubic,232,28.567,1.514,20.036,1448,8,11584,10136,25749881,25738297,28840,NaN,17814,9717,17813,70,NaN,NaN,3892720,3344952,17806,220160,43520,8,25661
2026-04-27 17:20:10.185,50904,ESTAB,cubic,232,30.09,2.431,20.036,1448,10,14480,10136,25775542,25775542,28840,NaN,17832,9733,17831,70,NaN,NaN,4619696,3336496,17832,220160,43520,NaN,NaN
2026-04-27 17:20:10.429,50904,ESTAB,cubic,232,30.09,2.431,20.036,1448,10,14480,10136,25775542,25775542,28840,NaN,17832,9733,17831,70,NaN,NaN,4619696,3336496,17832,220160,43520,NaN,NaN
2026-04-27 17:20:10.691,50904,ESTAB,cubic,232,30.09,2.431,20.036,1448,10,14480,10136,25775542,25775542,28840,NaN,17832,9733,17831,70,NaN,NaN,4619696,3336496,17832,220160,43520,NaN,NaN
2026-04-27 17:20:10.956,50904,ESTAB,cubic,232,28.312,2.717,20.036,1448,10,14480,10136,25791209,25778425,29664,NaN,17843,9737,17842,72,NaN,NaN,4909832,3336496,17834,220160,43520,9,257744
2026-04-27 17:20:11.216,50904,ESTAB,cubic,232,30.838,0.437,20.036,1448,9,13032,11584,25895465,25882433,29664,NaN,17915,9779,17914,72,NaN,NaN,4056848,3347976,17906,220160,43520,9,283808
2026-04-27 17:20:11.484,50904,ESTAB,cubic,236,33.455,2.903,20.036,1448,8,11584,11584,26008409,25996825,29664,NaN,17993,9826,17992,72,NaN,NaN,3323968,2165288,17985,219648,43520,8,170864
2026-04-27 17:20:11.746,50904,ESTAB,cubic,236,33.187,3.031,20.036,1448,8,11584,11584,26118457,26106873,29664,NaN,18069,9874,18068,72,NaN,NaN,3350864,3345512,18061,220160,43520,8,71011
2026-04-27 17:20:12.011,50904,ESTAB,cubic,232,30.586,2.12,20.036,1448,11,15928,11584,26189468,26189468,29664,NaN,18119,9907,18118,72,NaN,NaN,4999280,2975304,18119,220160,43520,NaN,NaN
2026-04-27 17:20:12.272,50904,ESTAB,cubic,232,30.586,2.12,20.036,1448,11,15928,11584,26189468,26189468,29664,NaN,18119,9907,18118,72,NaN,NaN,4999280,2975304,18119,220160,43520,NaN,NaN
2026-04-27 17:20:12.538,50904,ESTAB,cubic,232,30.586,2.12,20.036,1448,11,15928,11584,26189468,26189468,29664,NaN,18119,9907,18118,72,NaN,NaN,4999280,2975304,18119,220160,43520,NaN,NaN
2026-04-27 17:20:12.810,50904,ESTAB,cubic,232,30.586,2.12,20.036,1448,11,15928,11584,26189468,26189468,29664,NaN,18119,9907,18118,72,NaN,NaN,4999280,2975304,18119,220160,43520,NaN,NaN
2026-04-27 17:20:13.092,50904,ESTAB,cubic,236,33.364,4.603,20.036,1448,12,17376,11584,26247127,26229751,30488,NaN,18159,9924,18158,74,NaN,NaN,4999664,3300000,18147,220160,43520,12,215752
2026-04-27 17:20:13.343,50904,ESTAB,cubic,228,27.546,1.349,20.036,1448,8,11584,10136,26349935,26338351,30488,NaN,18230,9969,18229,74,NaN,NaN,4037112,3599584,18222,220160,43520,8,243264
2026-04-27 17:20:13.605,50904,ESTAB,cubic,232,30.86,2.202,20.036,1448,7,10136,10136,26458535,26448399,30488,NaN,18305,10015,18304,74,NaN,NaN,3153088,2659488,18298,219648,43520,7,146314
2026-04-27 17:20:13.858,50904,ESTAB,cubic,232,31.488,2.44,20.036,1448,11,15928,10136,26567135,26555551,30488,NaN,18380,10059,18379,74,NaN,NaN,4856056,2701976,18372,220160,43520,8,37714
2026-04-27 17:20:14.115,50904,ESTAB,cubic,236,33.578,2.376,20.036,1448,12,17376,10136,26604849,26604849,30488,NaN,18407,10080,18406,74,NaN,NaN,4967824,3342880,18407,220160,43520,NaN,NaN
2026-04-27 17:20:14.368,50904,ESTAB,cubic,236,33.578,2.376,20.036,1448,12,17376,10136,26604849,26604849,30488,NaN,18407,10080,18406,74,NaN,NaN,4967824,3342880,18407,220160,43520,NaN,NaN
2026-04-27 17:20:14.623,50904,ESTAB,cubic,236,33.578,2.376,20.036,1448,12,17376,10136,26604849,26604849,30488,NaN,18407,10080,18406,74,NaN,NaN,4967824,3342880,18407,220160,43520,NaN,NaN
2026-04-27 17:20:14.872,50904,ESTAB,cubic,236,33.578,2.376,20.036,1448,12,17376,10136,26604849,26604849,30488,NaN,18407,10080,18406,74,NaN,NaN,4967824,3342880,18407,220160,43520,NaN,NaN
2026-04-27 17:20:15.128,50904,ESTAB,cubic,240,36.04,3.06,20.036,1448,14,20272,13032,26666852,26650924,31312,NaN,18450,10099,18449,76,NaN,NaN,5399752,3349024,18439,220160,43520,11,211408
2026-04-27 17:20:15.385,50904,ESTAB,cubic,228,27.879,1.661,20.036,1448,8,11584,10136,26771108,26759524,31312,NaN,18522,10147,18521,76,NaN,NaN,3988840,3359256,18514,220160,43520,8,237472
2026-04-27 17:20:15.627,50904,ESTAB,cubic,232,29.1,3.391,20.036,1448,8,11584,10136,26873916,26862332,31312,NaN,18593,10189,18592,76,NaN,NaN,3821424,3334616,18585,220160,43520,8,142294
2026-04-27 17:20:15.871,50904,ESTAB,cubic,236,32.444,2.058,20.036,1448,7,10136,10136,26973828,26963692,31312,NaN,18662,10233,18661,76,NaN,NaN,2999184,3339960,18655,220160,43520,7,42382
2026-04-27 17:20:16.116,50904,ESTAB,cubic,228,27.757,1.394,20.036,1448,8,11584,10136,27016210,27016210,31312,NaN,18692,10255,18691,76,NaN,NaN,4006352,2945120,18692,220160,43520,NaN,NaN
2026-04-27 17:20:16.369,50904,ESTAB,cubic,228,27.757,1.394,20.036,1448,8,11584,10136,27016210,27016210,31312,NaN,18692,10255,18691,76,NaN,NaN,4006352,2945120,18692,220160,43520,NaN,NaN
2026-04-27 17:20:16.642,50904,ESTAB,cubic,228,27.757,1.394,20.036,1448,8,11584,10136,27016210,27016210,31312,NaN,18692,10255,18691,76,NaN,NaN,4006352,2945120,18692,220160,43520,NaN,NaN
2026-04-27 17:20:16.903,50904,ESTAB,cubic,228,27.757,1.394,20.036,1448,8,11584,10136,27016210,27016210,31312,NaN,18692,10255,18691,76,NaN,NaN,4006352,2945120,18692,220160,43520,NaN,NaN
2026-04-27 17:20:17.156,50904,ESTAB,cubic,236,32.859,3.002,20.036,1448,10,14480,10136,27076765,27062285,32136,NaN,18734,10274,18733,78,NaN,NaN,4230416,3328376,18724,220160,43520,10,212856
2026-04-27 17:20:17.397,50904,ESTAB,cubic,232,28.507,3.111,20.036,1448,10,14480,10136,27179573,27165093,32136,NaN,18805,10315,18804,78,NaN,NaN,4876168,3347760,18795,220160,43520,10,240368
2026-04-27 17:20:17.656,50904,ESTAB,cubic,232,30.407,1.099,20.036,1448,9,13032,11584,27285277,27272245,32136,NaN,18878,10361,18877,78,NaN,NaN,4114368,3345608,18869,220160,43520,9,163746
2026-04-27 17:20:17.917,50904,ESTAB,cubic,232,28.208,1.702,20.036,1448,8,11584,10136,27390981,27379397,32136,NaN,18951,10407,18950,78,NaN,NaN,3942312,3350632,18943,220160,43520,8,58042
2026-04-27 17:20:18.168,50904,ESTAB,cubic,232,30.183,1.997,20.036,1448,10,14480,10136,27449023,27449023,32136,NaN,18992,10438,18991,78,NaN,NaN,4605384,2554832,18992,220160,43520,NaN,NaN
2026-04-27 17:20:18.408,50904,ESTAB,cubic,232,30.183,1.997,20.036,1448,10,14480,10136,27449023,27449023,32136,NaN,18992,10438,18991,78,NaN,NaN,4605384,2554832,18992,220160,43520,NaN,NaN
2026-04-27 17:20:18.669,50904,ESTAB,cubic,232,30.183,1.997,20.036,1448,10,14480,10136,27449023,27449023,32136,NaN,18992,10438,18991,78,NaN,NaN,4605384,2554832,18992,220160,43520,NaN,NaN
2026-04-27 17:20:18.929,50904,ESTAB,cubic,232,30.183,1.997,20.036,1448,10,14480,10136,27449023,27449023,32136,NaN,18992,10438,18991,78,NaN,NaN,4605384,2554832,18992,220160,43520,NaN,NaN
2026-04-27 17:20:19.180,50904,ESTAB,cubic,240,36.914,5.666,20.036,1448,12,17376,10136,27506682,27492202,32960,NaN,19032,10456,19031,80,NaN,NaN,4518848,3341888,19022,220160,43520,10,215752
2026-04-27 17:20:19.414,50904,ESTAB,cubic,232,30.449,1.048,20.036,1448,11,15928,11584,27608042,27592114,32960,NaN,19102,10499,19101,80,NaN,NaN,5021736,3730512,19091,220160,43520,11,244712
2026-04-27 17:20:19.654,50904,ESTAB,cubic,232,31.759,1.315,20.036,1448,10,14480,13032,27705058,27692026,32960,NaN,19169,10539,19168,80,NaN,NaN,4376928,3352384,19160,220160,43520,9,209807
2026-04-27 17:20:19.904,50904,ESTAB,cubic,232,30.851,2.687,20.036,1448,10,14480,10136,27807866,27793386,32960,NaN,19240,10582,19239,80,NaN,NaN,4505728,3345752,19230,220160,43520,10,106999
2026-04-27 17:20:20.154,50904,ESTAB,cubic,232,30.407,1.277,20.036,1448,9,13032,11584,27913570,27900538,32960,NaN,19313,10626,19312,80,NaN,NaN,4114400,3330856,19304,220160,43520,9,1295
2026-04-27 17:20:20.411,50904,ESTAB,cubic,232,29.184,3.112,20.036,1448,8,11584,10136,28008737,27997153,33376,NaN,19379,10664,19378,81,NaN,NaN,3810424,3325728,19371,220160,43520,8,176656
2026-04-27 17:20:20.671,50904,ESTAB,cubic,236,32.393,2.402,20.036,1448,7,10136,10136,28118785,28108649,33376,NaN,19455,10711,19454,81,NaN,NaN,3003872,2650624,19448,220160,43520,7,196928
2026-04-27 17:20:20.932,50904,ESTAB,cubic,236,32.388,2.02,20.036,1448,7,10136,10136,28227385,28217249,33376,NaN,19530,10756,19529,81,NaN,NaN,3004360,3297368,19523,220160,43520,7,173974
2026-04-27 17:20:21.189,50904,ESTAB,cubic,232,31.886,2.375,20.036,1448,10,14480,10136,28337433,28322953,33376,NaN,19606,10800,19605,81,NaN,NaN,4359408,3360600,19596,220160,43520,10,63926
2026-04-27 17:20:21.444,50904,ESTAB,cubic,232,30.248,3.725,20.036,1448,9,13032,11584,28434415,28421383,33792,NaN,19674,10842,19673,82,NaN,NaN,4135960,2898896,19665,220160,43520,9,159331
2026-04-27 17:20:21.696,50904,ESTAB,cubic,232,28.311,1.149,20.036,1448,8,11584,10136,28540119,28528535,33792,NaN,19747,10884,19746,82,NaN,NaN,3927920,3349912,19739,220160,43520,8,71788
2026-04-27 17:20:21.942,50904,ESTAB,cubic,228,27.94,1.399,20.036,1448,8,11584,10136,28642927,28631343,33792,NaN,19818,10927,19817,82,NaN,NaN,3980112,3357680,19810,220160,43520,8,143
2026-04-27 17:20:22.191,50904,ESTAB,cubic,232,29.538,1.978,20.036,1448,10,14480,10136,28679483,28679483,33792,NaN,19845,10948,19844,82,NaN,NaN,4705992,2925616,19845,220160,43520,NaN,NaN
2026-04-27 17:20:22.447,50904,ESTAB,cubic,232,29.538,1.978,20.036,1448,10,14480,10136,28679483,28679483,33792,NaN,19845,10948,19844,82,NaN,NaN,4705992,2925616,19845,220160,43520,NaN,NaN
2026-04-27 17:20:22.702,50904,ESTAB,cubic,232,29.538,1.978,20.036,1448,10,14480,10136,28679483,28679483,33792,NaN,19845,10948,19844,82,NaN,NaN,4705992,2925616,19845,220160,43520,NaN,NaN
2026-04-27 17:20:22.963,50904,ESTAB,cubic,232,29.538,1.978,20.036,1448,10,14480,10136,28679483,28679483,33792,NaN,19845,10948,19844,82,NaN,NaN,4705992,2925616,19845,220160,43520,NaN,NaN
2026-04-27 17:20:23.227,50904,ESTAB,cubic,236,32.504,2.951,20.036,1448,11,15928,10136,28732798,28716870,34616,NaN,19882,10964,19881,84,NaN,NaN,4704304,3001496,19871,220160,43520,11,152098
2026-04-27 17:20:23.490,50904,ESTAB,cubic,232,29.697,1.5,20.036,1448,10,14480,10136,28838502,28824022,34616,NaN,19955,11008,19954,84,NaN,NaN,4680856,3272200,19945,220160,43520,10,84991
2026-04-27 17:20:23.748,50904,ESTAB,cubic,232,28.644,1.38,20.036,1448,9,13032,10136,28945654,28934070,34616,NaN,20029,11054,20028,84,NaN,NaN,4367576,3347008,20021,220160,43520,8,19281
2026-04-27 17:20:23.995,50904,ESTAB,cubic,236,32.259,2.38,20.036,1448,12,17376,10136,29004452,29004452,34616,NaN,20070,11083,20069,84,NaN,NaN,5170904,2738816,20070,220160,43520,NaN,NaN
2026-04-27 17:20:24.266,50904,ESTAB,cubic,236,33.026,2.871,20.036,1448,13,18824,10136,29033567,29033567,34616,NaN,20091,11095,20090,84,NaN,NaN,5471672,3042888,20091,220160,43520,NaN,NaN
2026-04-27 17:20:24.534,50904,ESTAB,cubic,236,33.026,2.871,20.036,1448,13,18824,10136,29033567,29033567,34616,NaN,20091,11095,20090,84,NaN,NaN,5471672,3042888,20091,220160,43520,NaN,NaN
2026-04-27 17:20:24.792,50904,ESTAB,cubic,236,33.026,2.871,20.036,1448,13,18824,10136,29033567,29033567,34616,NaN,20091,11095,20090,84,NaN,NaN,5471672,3042888,20091,220160,43520,NaN,NaN
2026-04-27 17:20:25.052,50904,ESTAB,cubic,236,33.026,2.871,20.036,1448,13,18824,10136,29033567,29033567,34616,NaN,20091,11095,20090,84,NaN,NaN,5471672,3042888,20091,220160,43520,NaN,NaN
2026-04-27 17:20:25.307,50904,ESTAB,cubic,236,35.232,2.163,20.036,1448,9,13032,13032,29102810,29089778,35440,NaN,20139,11119,20138,86,NaN,NaN,3550936,3068528,20130,220160,43520,9,242839
2026-04-27 17:20:25.558,50904,ESTAB,cubic,228,27.641,1.167,20.036,1448,9,13032,10136,29209962,29196930,35440,NaN,20213,11161,20212,86,NaN,NaN,4526040,3156080,20204,220160,43520,9,191848
2026-04-27 17:20:25.815,50904,ESTAB,cubic,232,28.61,1.514,20.036,1448,8,11584,10136,29315666,29304082,35440,NaN,20286,11203,20285,86,NaN,NaN,3886952,3348456,20278,220160,43520,8,110236
2026-04-27 17:20:26.070,50904,ESTAB,cubic,232,29.149,2.538,20.036,1448,8,11584,10136,29424266,29412682,35440,NaN,20361,11248,20360,86,NaN,NaN,3815064,3357400,20353,220160,43520,8,30356
2026-04-27 17:20:26.325,50904,ESTAB,cubic,232,28.338,1.227,20.036,1448,9,13032,10136,29454622,29454622,35440,NaN,20382,11266,20381,86,NaN,NaN,4414736,3285192,20382,220160,43520,NaN,NaN
2026-04-27 17:20:26.577,50904,ESTAB,cubic,232,28.338,1.227,20.036,1448,9,13032,10136,29454622,29454622,35440,NaN,20382,11266,20381,86,NaN,NaN,4414736,3285192,20382,220160,43520,NaN,NaN
2026-04-27 17:20:26.832,50904,ESTAB,cubic,232,28.338,1.227,20.036,1448,9,13032,10136,29454622,29454622,35440,NaN,20382,11266,20381,86,NaN,NaN,4414736,3285192,20382,220160,43520,NaN,NaN
2026-04-27 17:20:27.080,50904,ESTAB,cubic,232,28.338,1.227,20.036,1448,9,13032,10136,29454622,29454622,35440,NaN,20382,11266,20381,86,NaN,NaN,4414736,3285192,20382,220160,43520,NaN,NaN
2026-04-27 17:20:27.332,50904,ESTAB,cubic,236,33.095,1.685,20.036,1448,7,10136,10136,29520969,29510833,36264,NaN,20428,11290,20427,88,NaN,NaN,2940112,3306192,20421,220160,43520,7,118390
2026-04-27 17:20:27.578,50904,ESTAB,cubic,232,31.153,3.287,20.036,1448,10,14480,10136,29631017,29616537,36264,NaN,20504,11333,20503,88,NaN,NaN,4462104,3355536,20494,220160,43520,10,65894
2026-04-27 17:20:27.839,50904,ESTAB,cubic,232,29.407,2.08,20.036,1448,10,14480,10136,29721057,29721057,36264,NaN,20567,11375,20566,88,NaN,NaN,4726912,3076392,20567,220160,43520,NaN,NaN
2026-04-27 17:20:28.099,50904,ESTAB,cubic,236,32.144,2.987,20.036,1448,10,14480,10136,29765697,29751217,36264,NaN,20598,11387,20597,88,NaN,NaN,4324536,3347976,20588,220160,43520,10,1450
2026-04-27 17:20:28.360,50904,ESTAB,cubic,236,32.939,1.936,20.036,1448,3,4344,10136,29767147,29767147,36264,NaN,20600,11394,20599,88,NaN,NaN,1266024,3353208,20600,220160,43520,NaN,NaN
2026-04-27 17:20:28.620,50904,ESTAB,cubic,236,32.939,1.936,20.036,1448,3,4344,10136,29767147,29767147,36264,NaN,20600,11394,20599,88,NaN,NaN,1266024,3353208,20600,220160,43520,NaN,NaN
2026-04-27 17:20:28.880,50904,ESTAB,cubic,236,32.939,1.936,20.036,1448,3,4344,10136,29767147,29767147,36264,NaN,20600,11394,20599,88,NaN,NaN,1266024,3353208,20600,220160,43520,NaN,NaN
2026-04-27 17:20:29.140,50904,ESTAB,cubic,236,32.939,1.936,20.036,1448,3,4344,10136,29767147,29767147,36264,NaN,20600,11394,20599,88,NaN,NaN,1266024,3353208,20600,220160,43520,NaN,NaN
2026-04-27 17:20:29.400,50904,ESTAB,cubic,228,27.863,0.399,20.036,1448,9,13032,10136,29852318,29839286,37088,NaN,20659,11422,20658,90,NaN,NaN,4489960,3343744,20650,220160,43520,9,223412
2026-04-27 17:20:29.660,50904,ESTAB,cubic,232,28.402,1.286,20.036,1448,9,13032,10136,29960918,29949334,37088,NaN,20734,11465,20733,90,NaN,NaN,4404808,3339288,20726,220160,43520,8,170750
2026-04-27 17:20:29.921,50904,ESTAB,cubic,232,28.224,1.009,20.036,1448,8,11584,10136,30069518,30057934,37088,NaN,20809,11510,20808,90,NaN,NaN,3940080,3333880,20801,220160,43520,8,105397
2026-04-27 17:20:30.182,50904,ESTAB,cubic,232,28.923,2.005,20.036,1448,8,11584,10136,30178118,30166534,37088,NaN,20884,11556,20883,90,NaN,NaN,3844912,3353304,20876,220160,43520,8,45709
2026-04-27 17:20:30.441,50904,ESTAB,cubic,232,29.981,1.307,20.036,1448,10,14480,10136,30223827,30223827,37088,NaN,20916,11579,20915,90,NaN,NaN,4636496,2962656,20916,220160,43520,NaN,NaN
2026-04-27 17:20:30.703,50904,ESTAB,cubic,232,29.981,1.307,20.036,1448,10,14480,10136,30223827,30223827,37088,NaN,20916,11579,20915,90,NaN,NaN,4636496,2962656,20916,220160,43520,NaN,NaN
2026-04-27 17:20:30.963,50904,ESTAB,cubic,232,29.981,1.307,20.036,1448,10,14480,10136,30223827,30223827,37088,NaN,20916,11579,20915,90,NaN,NaN,4636496,2962656,20916,220160,43520,NaN,NaN
2026-04-27 17:20:31.230,50904,ESTAB,cubic,232,29.981,1.307,20.036,1448,10,14480,10136,30226710,30223827,37496,NaN,20918,11580,20917,91,NaN,NaN,4636496,2962656,20916,220160,43520,2,NaN
2026-04-27 17:20:31.498,50904,ESTAB,cubic,232,30.803,0.712,20.036,1448,9,13032,11584,30333614,30322030,37912,NaN,20992,11621,20991,92,NaN,NaN,4061456,3350016,20984,220160,43520,8,163624
2026-04-27 17:20:31.743,50904,ESTAB,cubic,236,34.145,2.767,20.036,1448,10,14480,11584,30437870,30424838,37912,NaN,21064,11664,21063,92,NaN,NaN,4071072,3352552,21055,219648,43520,9,150506
2026-04-27 17:20:31.997,50904,ESTAB,cubic,232,28.1,2.101,20.036,1448,8,11584,10136,30542126,30530542,37912,NaN,21136,11707,21135,92,NaN,NaN,3957464,3333656,21128,220160,43520,8,110300
2026-04-27 17:20:32.264,50904,ESTAB,cubic,232,31.104,2.544,20.036,1448,8,11584,10136,30655070,30643486,37912,NaN,21214,11751,21213,92,NaN,NaN,3575264,2389648,21206,220160,43520,8,47599
2026-04-27 17:20:32.519,50904,ESTAB,cubic,232,28.398,1.339,20.036,1448,9,13032,10136,30702669,30702669,37912,NaN,21247,11776,21246,92,NaN,NaN,4405352,3274744,21247,220160,43520,NaN,NaN
2026-04-27 17:20:32.775,50904,ESTAB,cubic,232,28.398,1.339,20.036,1448,9,13032,10136,30702669,30702669,37912,NaN,21247,11776,21246,92,NaN,NaN,4405352,3274744,21247,220160,43520,NaN,NaN
2026-04-27 17:20:33.031,50904,ESTAB,cubic,232,28.398,1.339,20.036,1448,9,13032,10136,30702669,30702669,37912,NaN,21247,11776,21246,92,NaN,NaN,4405352,3274744,21247,220160,43520,NaN,NaN
2026-04-27 17:20:33.289,50904,ESTAB,cubic,228,26.847,1.637,20.036,1448,9,13032,10136,30715440,30705552,38736,NaN,21256,11780,21255,94,NaN,NaN,4659848,3274744,21249,220160,43520,7,260640
2026-04-27 17:20:33.549,50904,ESTAB,cubic,232,28.556,1.441,20.036,1448,8,11584,10136,30821144,30809560,38736,NaN,21329,11820,21328,94,NaN,NaN,3894256,3346520,21321,220160,43520,8,247716
2026-04-27 17:20:33.809,50904,ESTAB,cubic,236,33.435,2.909,20.036,1448,12,17376,10136,30934088,30921056,38736,NaN,21407,11865,21406,94,NaN,NaN,4989064,3345072,21398,220160,43520,9,191452
2026-04-27 17:20:34.066,50904,ESTAB,cubic,232,31.579,1.46,20.036,1448,7,10136,10136,31038344,31028208,38736,NaN,21479,11908,21478,94,NaN,NaN,3081272,3341408,21472,220160,43520,7,126225
2026-04-27 17:20:34.314,50904,ESTAB,cubic,236,32.535,2.354,20.036,1448,11,15928,10136,31144048,31132464,38736,NaN,21552,11951,21551,94,NaN,NaN,4699696,3342856,21544,220160,43520,8,20521
2026-04-27 17:20:34.560,50904,ESTAB,cubic,232,29.068,3.032,20.036,1448,8,11584,10136,31164569,31164569,38736,NaN,21567,11966,21566,94,NaN,NaN,3825664,2872184,21567,220160,43520,NaN,NaN
2026-04-27 17:20:34.821,50904,ESTAB,cubic,232,29.068,3.032,20.036,1448,8,11584,10136,31164569,31164569,38736,NaN,21567,11966,21566,94,NaN,NaN,3825664,2872184,21567,220160,43520,NaN,NaN
2026-04-27 17:20:35.087,50904,ESTAB,cubic,232,29.068,3.032,20.036,1448,8,11584,10136,31164569,31164569,38736,NaN,21567,11966,21566,94,NaN,NaN,3825664,2872184,21567,220160,43520,NaN,NaN
2026-04-27 17:20:35.335,50904,ESTAB,cubic,228,27.208,3.302,20.036,1448,8,11584,10136,31178788,31167452,39560,NaN,21577,11970,21576,96,NaN,NaN,4087192,2872184,21569,220160,43520,8,259192
2026-04-27 17:20:35.571,50904,ESTAB,cubic,232,31.77,1.727,20.036,1448,7,10136,10136,31277252,31267116,39560,NaN,21645,12006,21644,96,NaN,NaN,3062776,2343648,21638,219648,43520,7,229914
2026-04-27 17:20:35.811,50904,ESTAB,cubic,232,31.79,2.246,20.036,1448,11,15928,10136,31381508,31369924,39560,NaN,21717,12047,21716,96,NaN,NaN,4809864,2964088,21709,220160,43520,8,160331
2026-04-27 17:20:36.059,50904,ESTAB,cubic,232,29.77,1.758,20.036,1448,10,14480,10136,31485764,31471284,39560,NaN,21789,12089,21788,96,NaN,NaN,4669376,3353576,21779,220160,43520,10,89501
2026-04-27 17:20:36.314,50904,ESTAB,cubic,232,28.736,1.437,20.036,1448,9,13032,10136,31575265,31575265,39560,NaN,21851,12131,21850,96,NaN,NaN,4353672,3346040,21851,220160,43520,NaN,NaN
2026-04-27 17:20:36.569,50904,ESTAB,cubic,232,28.736,1.437,20.036,1448,9,13032,10136,31575265,31575265,39560,NaN,21851,12131,21850,96,NaN,NaN,4353672,3346040,21851,220160,43520,NaN,NaN
2026-04-27 17:20:36.831,50904,ESTAB,cubic,232,28.736,1.437,20.036,1448,9,13032,10136,31575265,31575265,39560,NaN,21851,12131,21850,96,NaN,NaN,4353672,3346040,21851,220160,43520,NaN,NaN
2026-04-27 17:20:37.094,50904,ESTAB,cubic,232,28.736,1.437,20.036,1448,9,13032,10136,31575265,31575265,39560,NaN,21851,12131,21850,96,NaN,NaN,4353672,3346040,21851,220160,43520,NaN,NaN
2026-04-27 17:20:37.353,50904,ESTAB,cubic,228,26.99,1.777,20.036,1448,9,13032,10136,31585140,31578148,40384,NaN,21858,12135,21857,98,NaN,NaN,4635160,3346040,21853,220160,43520,5,263536
2026-04-27 17:20:37.609,50904,ESTAB,cubic,232,28.65,1.627,20.036,1448,8,11584,10136,31690844,31679260,40384,NaN,21931,12174,21930,98,NaN,NaN,3881464,3339528,21923,220160,43520,8,223388
2026-04-27 17:20:37.865,50904,ESTAB,cubic,236,34.704,2.349,20.036,1448,9,13032,11584,31802340,31790756,40384,NaN,22008,12219,22007,98,NaN,NaN,3604888,2911864,22000,219648,43520,8,147044
2026-04-27 17:20:38.118,50904,ESTAB,cubic,236,32.704,1.909,20.036,1448,11,15928,11584,31910940,31896460,40384,NaN,22083,12264,22082,98,NaN,NaN,4675496,3300472,22073,220160,43520,10,72282
2026-04-27 17:20:38.358,50904,ESTAB,cubic,232,31.041,0.264,20.036,1448,9,13032,11584,31983222,31983222,40384,NaN,22133,12298,22132,98,NaN,NaN,4030352,3342392,22133,220160,43520,NaN,NaN
2026-04-27 17:20:38.635,50904,ESTAB,cubic,232,31.041,0.264,20.036,1448,9,13032,11584,31983222,31983222,40384,NaN,22133,12298,22132,98,NaN,NaN,4030352,3342392,22133,220160,43520,NaN,NaN
2026-04-27 17:20:38.908,50904,ESTAB,cubic,232,31.041,0.264,20.036,1448,9,13032,11584,31983222,31983222,40384,NaN,22133,12298,22132,98,NaN,NaN,4030352,3342392,22133,220160,43520,NaN,NaN
2026-04-27 17:20:39.151,50904,ESTAB,cubic,232,31.041,0.264,20.036,1448,9,13032,11584,31983222,31983222,40384,NaN,22133,12298,22132,98,NaN,NaN,4030352,3342392,22133,220160,43520,NaN,NaN
2026-04-27 17:20:39.406,50904,ESTAB,cubic,232,28.713,0.819,20.036,1448,9,13032,11584,31998889,31986105,41208,NaN,22144,12302,22143,100,NaN,NaN,4357120,3342392,22135,220160,43520,9,257744
2026-04-27 17:20:39.663,50904,ESTAB,cubic,232,28.304,1.169,20.036,1448,8,11584,10136,32108937,32097353,41208,NaN,22220,12345,22219,100,NaN,NaN,3928992,3357192,22212,220160,43520,8,202162
2026-04-27 17:20:39.907,50904,ESTAB,cubic,232,28.856,2.094,20.036,1448,8,11584,10136,32211745,32200161,41208,NaN,22291,12388,22290,100,NaN,NaN,3853752,3343144,22283,220160,43520,8,150681
2026-04-27 17:20:40.162,50904,ESTAB,cubic,232,31.791,2.058,20.036,1448,12,17376,10136,32318897,32307313,41208,NaN,22365,12432,22364,100,NaN,NaN,5246920,3299600,22357,220160,43520,8,67401
2026-04-27 17:20:40.418,50904,ESTAB,cubic,232,30.208,1.196,20.036,1448,9,13032,11584,32386298,32386298,41208,NaN,22412,12466,22411,100,NaN,NaN,4141432,3349048,22412,220160,43520,NaN,NaN
2026-04-27 17:20:40.684,50904,ESTAB,cubic,232,30.208,1.196,20.036,1448,9,13032,11584,32386298,32386298,41208,NaN,22412,12466,22411,100,NaN,NaN,4141432,3349048,22412,220160,43520,NaN,NaN
2026-04-27 17:20:40.948,50904,ESTAB,cubic,232,30.208,1.196,20.036,1448,9,13032,11584,32386298,32386298,41208,NaN,22412,12466,22411,100,NaN,NaN,4141432,3349048,22412,220160,43520,NaN,NaN
2026-04-27 17:20:41.209,50904,ESTAB,cubic,232,30.208,1.196,20.036,1448,9,13032,11584,32386298,32386298,41208,NaN,22412,12466,22411,100,NaN,NaN,4141432,3349048,22412,220160,43520,NaN,NaN
2026-04-27 17:20:41.475,50904,ESTAB,cubic,232,31.954,4.506,20.036,1448,10,14480,11584,32423685,32409205,42032,NaN,22438,12477,22437,102,NaN,NaN,4350216,2897264,22428,220160,43520,10,236024
2026-04-27 17:20:41.723,50904,ESTAB,cubic,232,28.493,1.305,20.036,1448,9,13032,10136,32523597,32510565,42032,NaN,22507,12517,22506,102,NaN,NaN,4390784,3344832,22498,220160,43520,9,201450
2026-04-27 17:20:41.991,50904,ESTAB,cubic,232,28.526,1.381,20.036,1448,8,11584,10136,32633645,32622061,42032,NaN,22583,12563,22582,102,NaN,NaN,3898312,3341624,22575,220160,43520,8,127464
2026-04-27 17:20:42.248,50904,ESTAB,cubic,232,28.373,1.52,20.036,1448,8,11584,10136,32743693,32732109,42032,NaN,22659,12611,22658,102,NaN,NaN,3919368,3342056,22651,220160,43520,8,52081
2026-04-27 17:20:42.509,50904,ESTAB,cubic,232,30.508,2.05,20.036,1448,10,14480,10136,32795774,32795774,42032,NaN,22695,12637,22694,102,NaN,NaN,4556384,2962744,22695,220160,43520,NaN,NaN
2026-04-27 17:20:42.769,50904,ESTAB,cubic,232,30.508,2.05,20.036,1448,10,14480,10136,32795774,32795774,42032,NaN,22695,12637,22694,102,NaN,NaN,4556384,2962744,22695,220160,43520,NaN,NaN
2026-04-27 17:20:43.035,50904,ESTAB,cubic,232,30.508,2.05,20.036,1448,10,14480,10136,32795774,32795774,42032,NaN,22695,12637,22694,102,NaN,NaN,4556384,2962744,22695,220160,43520,NaN,NaN
2026-04-27 17:20:43.306,50904,ESTAB,cubic,232,30.508,2.05,20.036,1448,10,14480,10136,32795774,32795774,42032,NaN,22695,12637,22694,102,NaN,NaN,4556384,2962744,22695,220160,43520,NaN,NaN
2026-04-27 17:20:43.561,50904,ESTAB,cubic,240,37.429,5.244,20.036,1448,12,17376,10136,32859225,32841849,42856,NaN,22739,12656,22738,104,NaN,NaN,4456584,3344592,22727,220160,43520,12,209960
2026-04-27 17:20:43.826,50904,ESTAB,cubic,232,31.76,2.166,20.036,1448,11,15928,11584,32969273,32954793,42856,NaN,22815,12705,22814,104,NaN,NaN,4814432,3348944,22805,220160,43520,10,204420
2026-04-27 17:20:44.089,50904,ESTAB,cubic,236,32.757,2.003,20.036,1448,10,14480,13032,33080769,33066289,42856,NaN,22892,12750,22891,104,NaN,NaN,4243512,3346040,22882,220160,43520,10,128401
2026-04-27 17:20:44.336,50904,ESTAB,cubic,232,28.766,1.476,20.036,1448,9,13032,10136,33183577,33170545,42856,NaN,22963,12793,22962,104,NaN,NaN,4349032,2931064,22954,220160,43520,9,25593
2026-04-27 17:20:44.590,50904,ESTAB,cubic,232,30.969,2.825,20.036,1448,10,14480,10136,33209170,33209170,42856,NaN,22981,12808,22980,104,NaN,NaN,4488504,2957448,22981,220160,43520,NaN,NaN
2026-04-27 17:20:44.862,50904,ESTAB,cubic,232,30.969,2.825,20.036,1448,10,14480,10136,33209170,33209170,42856,NaN,22981,12808,22980,104,NaN,NaN,4488504,2957448,22981,220160,43520,NaN,NaN
2026-04-27 17:20:45.131,50904,ESTAB,cubic,232,30.969,2.825,20.036,1448,10,14480,10136,33209170,33209170,42856,NaN,22981,12808,22980,104,NaN,NaN,4488504,2957448,22981,220160,43520,NaN,NaN
2026-04-27 17:20:45.395,50904,ESTAB,cubic,232,30.969,2.825,20.036,1448,10,14480,10136,33209170,33209170,42856,NaN,22981,12808,22980,104,NaN,NaN,4488504,2957448,22981,220160,43520,NaN,NaN
2026-04-27 17:20:45.657,50904,ESTAB,cubic,236,32.245,3.035,20.036,1448,9,13032,11584,33294341,33282757,43680,NaN,23040,12839,23039,106,NaN,NaN,3879832,2472440,23032,220160,43520,8,188240
2026-04-27 17:20:45.917,50904,ESTAB,cubic,236,33.668,3.147,20.036,1448,12,17376,11584,33408733,33394253,43680,NaN,23119,12888,23118,106,NaN,NaN,4954544,3347624,23109,220160,43520,10,183259
2026-04-27 17:20:46.176,50904,ESTAB,cubic,232,30.793,0.333,20.036,1448,10,14480,11584,33515885,33502853,43680,NaN,23193,12932,23192,106,NaN,NaN,4514176,3349696,23184,220160,43520,9,128534
2026-04-27 17:20:46.436,50904,ESTAB,cubic,232,30.004,1.603,20.036,1448,10,14480,10136,33624485,33610005,43680,NaN,23268,12977,23267,106,NaN,NaN,4632960,3343568,23258,220160,43520,10,19934
2026-04-27 17:20:46.700,50904,ESTAB,cubic,236,32.785,2.021,20.036,1448,7,10136,10136,33644419,33644419,43680,NaN,23282,12990,23281,106,NaN,NaN,2967952,2632352,23282,220160,43520,NaN,NaN
2026-04-27 17:20:46.963,50904,ESTAB,cubic,236,32.785,2.021,20.036,1448,7,10136,10136,33644419,33644419,43680,NaN,23282,12990,23281,106,NaN,NaN,2967952,2632352,23282,220160,43520,NaN,NaN
2026-04-27 17:20:47.233,50904,ESTAB,cubic,236,32.785,2.021,20.036,1448,7,10136,10136,33644419,33644419,43680,NaN,23282,12990,23281,106,NaN,NaN,2967952,2632352,23282,220160,43520,NaN,NaN
2026-04-27 17:20:47.493,50904,ESTAB,cubic,232,30.283,2.51,20.036,1448,7,10136,10136,33647302,33647302,44088,NaN,23284,12993,23283,107,NaN,NaN,3213168,2632352,23284,219648,43520,NaN,NaN
2026-04-27 17:20:47.738,50904,ESTAB,cubic,232,31.429,3.567,20.036,1448,10,14480,10136,33751310,33736830,44504,NaN,23356,13025,23355,108,NaN,NaN,4422880,3289040,23346,220160,45568,10,166520
2026-04-27 17:20:48.009,50904,ESTAB,cubic,232,29.792,1.678,20.036,1448,10,14480,10136,33867150,33852670,44504,NaN,23436,13071,23435,108,NaN,NaN,4665944,3350128,23426,220160,45568,10,181000
2026-04-27 17:20:48.273,50904,ESTAB,cubic,232,29.137,1.714,20.036,1448,10,14480,10136,33977198,33962718,44504,NaN,23512,13118,23511,108,NaN,NaN,4770816,3344752,23502,220160,45568,10,184018
2026-04-27 17:20:48.522,50904,ESTAB,cubic,232,28.428,1.3,20.036,1448,8,11584,10136,34080006,34068422,44504,NaN,23583,13162,23582,108,NaN,NaN,3911808,3349664,23575,220160,45568,8,81210
2026-04-27 17:20:48.774,50904,ESTAB,cubic,236,32.291,2.913,20.036,1448,12,17376,10136,34161216,34161216,44504,NaN,23640,13201,23639,108,NaN,NaN,5165680,2603144,23640,220160,45568,NaN,NaN
2026-04-27 17:20:49.040,50904,ESTAB,cubic,236,32.291,2.913,20.036,1448,12,17376,10136,34161216,34161216,44504,NaN,23640,13201,23639,108,NaN,NaN,5165680,2603144,23640,220160,45568,NaN,NaN
2026-04-27 17:20:49.314,50904,ESTAB,cubic,236,32.291,2.913,20.036,1448,12,17376,10136,34161216,34161216,44504,NaN,23640,13201,23639,108,NaN,NaN,5165680,2603144,23640,220160,45568,NaN,NaN
2026-04-27 17:20:49.590,50904,ESTAB,cubic,236,32.057,6.339,20.036,1448,12,17376,13032,34194259,34178331,45328,NaN,23663,13210,23662,110,NaN,NaN,5203488,2603144,23652,220160,51200,11,240368
2026-04-27 17:20:49.852,50904,ESTAB,cubic,228,27.125,2.591,20.036,1448,8,11584,10136,34302859,34291275,45328,NaN,23738,13255,23737,110,NaN,NaN,4099712,3816640,23730,220160,51200,8,262088
2026-04-27 17:20:50.101,50904,ESTAB,cubic,232,31.519,2.59,20.036,1448,7,10136,10136,34407115,34396979,45328,NaN,23810,13295,23809,110,NaN,NaN,3087176,2620384,23803,220160,51200,7,196310
2026-04-27 17:20:50.345,50904,ESTAB,cubic,236,32.566,2.334,20.036,1448,11,15928,10136,34508475,34496891,45328,NaN,23880,13337,23879,110,NaN,NaN,4695224,3339672,23872,220160,51200,8,94950
2026-04-27 17:20:50.610,50904,ESTAB,cubic,232,30.004,2.198,20.036,1448,10,14480,10136,34603425,34603425,45328,NaN,23946,13382,23945,110,NaN,NaN,4632920,2963080,23946,220160,51200,NaN,NaN
2026-04-27 17:20:50.857,50904,ESTAB,cubic,232,30.004,2.198,20.036,1448,10,14480,10136,34603425,34603425,45328,NaN,23946,13382,23945,110,NaN,NaN,4632920,2963080,23946,220160,51200,NaN,NaN
2026-04-27 17:20:51.100,50904,ESTAB,cubic,232,30.004,2.198,20.036,1448,10,14480,10136,34603425,34603425,45328,NaN,23946,13382,23945,110,NaN,NaN,4632920,2963080,23946,220160,51200,NaN,NaN
2026-04-27 17:20:51.337,50904,ESTAB,cubic,232,30.004,2.198,20.036,1448,10,14480,10136,34603425,34603425,45328,NaN,23946,13382,23945,110,NaN,NaN,4632920,2963080,23946,220160,51200,NaN,NaN
2026-04-27 17:20:51.586,50904,ESTAB,cubic,232,28.299,2.481,20.036,1448,10,14480,10136,34619092,34606308,46152,NaN,23957,13386,23956,112,NaN,NaN,4912072,2963080,23948,220160,56832,9,257744
2026-04-27 17:20:51.840,50904,ESTAB,cubic,232,31.056,0.297,20.036,1448,9,13032,11584,34726244,34713212,46152,NaN,24031,13427,24030,112,NaN,NaN,4028400,3355624,24022,220160,56832,9,280912
2026-04-27 17:20:52.098,50904,ESTAB,cubic,232,30.866,2.146,20.036,1448,9,13032,11584,34834844,34823260,46152,NaN,24106,13473,24105,112,NaN,NaN,4053136,3339768,24098,220160,56832,8,172312
2026-04-27 17:20:52.375,50904,ESTAB,cubic,236,32.168,2.706,20.036,1448,8,11584,11584,34950684,34939100,46152,NaN,24186,13518,24185,112,NaN,NaN,3456992,2158144,24178,219648,56832,8,93393
2026-04-27 17:20:52.626,50904,ESTAB,cubic,232,28.223,1.29,20.036,1448,8,11584,10136,35044077,35044077,46152,NaN,24251,13561,24250,112,NaN,NaN,3940168,3355368,24251,220160,56832,NaN,NaN
2026-04-27 17:20:52.893,50904,ESTAB,cubic,232,28.223,1.29,20.036,1448,8,11584,10136,35044077,35044077,46152,NaN,24251,13561,24250,112,NaN,NaN,3940168,3355368,24251,220160,56832,NaN,NaN
2026-04-27 17:20:53.148,50904,ESTAB,cubic,232,28.223,1.29,20.036,1448,8,11584,10136,35044077,35044077,46152,NaN,24251,13561,24250,112,NaN,NaN,3940168,3355368,24251,220160,56832,NaN,NaN
2026-04-27 17:20:53.395,50904,ESTAB,cubic,232,28.223,1.29,20.036,1448,8,11584,10136,35044077,35044077,46152,NaN,24251,13561,24250,112,NaN,NaN,3940168,3355368,24251,220160,56832,NaN,NaN
2026-04-27 17:20:53.656,50904,ESTAB,cubic,232,28.409,3.916,20.036,1448,9,13032,10136,35077120,35064088,46976,NaN,24274,13571,24273,114,NaN,NaN,4403648,3285656,24265,220160,62976,9,240368
2026-04-27 17:20:53.910,50904,ESTAB,cubic,232,28.427,1.301,20.036,1448,8,11584,10136,35185720,35174136,46976,NaN,24349,13613,24348,114,NaN,NaN,3911928,3350760,24341,220160,62976,8,234654
2026-04-27 17:20:54.136,50904,ESTAB,cubic,236,33.014,2.507,20.036,1448,12,17376,10136,35279840,35268256,46976,NaN,24414,13651,24413,114,NaN,NaN,5052616,3015792,24406,220160,62976,8,180074
2026-04-27 17:20:54.374,50904,ESTAB,cubic,232,30.89,0.242,20.036,1448,9,13032,11584,35376856,35363824,46976,NaN,24481,13692,24480,114,NaN,NaN,4050048,3387568,24472,220160,62976,9,83058
2026-04-27 17:20:54.627,50904,ESTAB,cubic,228,27.91,1.686,20.036,1448,8,11584,10136,35459914,35459914,46976,NaN,24539,13734,24538,114,NaN,NaN,3984440,3306200,24539,220160,62976,NaN,NaN
2026-04-27 17:20:54.879,50904,ESTAB,cubic,228,27.91,1.686,20.036,1448,8,11584,10136,35459914,35459914,46976,NaN,24539,13734,24538,114,NaN,NaN,3984440,3306200,24539,220160,62976,NaN,NaN
2026-04-27 17:20:55.130,50904,ESTAB,cubic,228,27.91,1.686,20.036,1448,8,11584,10136,35459914,35459914,46976,NaN,24539,13734,24538,114,NaN,NaN,3984440,3306200,24539,220160,62976,NaN,NaN
2026-04-27 17:20:55.387,50904,ESTAB,cubic,228,27.91,1.686,20.036,1448,8,11584,10136,35459914,35459914,46976,NaN,24539,13734,24538,114,NaN,NaN,3984440,3306200,24539,220160,62976,NaN,NaN
2026-04-27 17:20:55.652,50904,ESTAB,cubic,228,26.688,1.881,20.036,1448,8,11584,10136,35474133,35462797,47800,NaN,24549,13738,24548,116,NaN,NaN,4166824,3306200,24541,220160,68608,8,259192
2026-04-27 17:20:55.895,50904,ESTAB,cubic,228,27.918,2.326,20.036,1448,8,11584,10136,35575493,35563909,47800,NaN,24619,13775,24618,116,NaN,NaN,3983232,3342456,24611,220160,68608,8,288152
2026-04-27 17:20:56.160,50904,ESTAB,cubic,232,29.694,2.351,20.036,1448,7,10136,10136,35685541,35675405,47800,NaN,24695,13822,24694,116,NaN,NaN,3276928,2647680,24688,220160,68608,7,178104
2026-04-27 17:20:56.432,50904,ESTAB,cubic,236,32.726,1.948,20.036,1448,10,14480,10136,35801381,35788349,47800,NaN,24775,13866,24774,116,NaN,NaN,4247624,2704152,24766,219648,68608,9,128165
2026-04-27 17:20:56.702,50904,ESTAB,cubic,232,31.623,2.222,20.036,1448,10,14480,10136,35917221,35902741,47800,NaN,24855,13914,24854,116,NaN,NaN,4395752,2960720,24845,220160,68608,10,12325
2026-04-27 17:20:56.958,50904,ESTAB,cubic,236,32.419,2.71,20.036,1448,7,10136,10136,35929546,35929546,47800,NaN,24864,13926,24863,116,NaN,NaN,3001416,2696528,24864,220160,68608,NaN,NaN
2026-04-27 17:20:57.206,50904,ESTAB,cubic,236,32.419,2.71,20.036,1448,7,10136,10136,35929546,35929546,47800,NaN,24864,13926,24863,116,NaN,NaN,3001416,2696528,24864,220160,68608,NaN,NaN
2026-04-27 17:20:57.463,50904,ESTAB,cubic,236,32.419,2.71,20.036,1448,7,10136,10136,35929546,35929546,47800,NaN,24864,13926,24863,116,NaN,NaN,3001416,2696528,24864,220160,68608,NaN,NaN
2026-04-27 17:20:57.724,50904,ESTAB,cubic,232,30.002,4.691,20.036,1448,8,11584,10136,35961141,35949557,48624,NaN,24886,13936,24885,118,NaN,NaN,3706568,2170096,24878,220160,74240,8,241816
2026-04-27 17:20:57.981,50904,ESTAB,cubic,232,31.746,1.868,20.036,1448,7,10136,10136,36068293,36058157,48624,NaN,24960,13975,24959,118,NaN,NaN,3065040,2344664,24953,219648,74240,7,264984
2026-04-27 17:20:58.236,50904,ESTAB,cubic,236,32.699,2.284,20.036,1448,11,15928,10136,36181237,36165309,48624,NaN,25038,14018,25037,118,NaN,NaN,4676248,3349424,25027,220160,74240,11,205703
2026-04-27 17:20:58.492,50904,ESTAB,cubic,232,30.416,2.102,20.036,1448,10,14480,10136,36285493,36272461,48624,NaN,25110,14062,25109,118,NaN,NaN,4570184,3344592,25101,220160,74240,9,101447
2026-04-27 17:20:58.752,50904,ESTAB,cubic,232,28.791,1.487,20.036,1448,9,13032,10136,36386940,36379613,48624,NaN,25181,14108,25180,118,NaN,NaN,4345280,3346280,25175,220160,74240,6,NaN
2026-04-27 17:20:59.030,50904,ESTAB,cubic,232,29.703,1.674,20.036,1448,10,14480,10136,36386940,36386940,48624,NaN,25181,14112,25180,118,NaN,NaN,4679928,3353360,25181,220160,74240,NaN,NaN
2026-04-27 17:20:59.294,50904,ESTAB,cubic,232,29.703,1.674,20.036,1448,10,14480,10136,36386940,36386940,48624,NaN,25181,14112,25180,118,NaN,NaN,4679928,3353360,25181,220160,74240,NaN,NaN
2026-04-27 17:20:59.558,50904,ESTAB,cubic,232,29.703,1.674,20.036,1448,10,14480,10136,36386940,36386940,48624,NaN,25181,14112,25180,118,NaN,NaN,4679928,3353360,25181,220160,74240,NaN,NaN
2026-04-27 17:20:59.815,50904,ESTAB,cubic,236,35.043,5.04,20.036,1448,11,15928,10136,36448943,36433015,49448,NaN,25224,14131,25223,120,NaN,NaN,4363408,3291656,25213,220160,80384,11,211408
2026-04-27 17:21:00.069,50904,ESTAB,cubic,232,29.846,1.679,20.036,1448,10,14480,10136,36553199,36540167,49448,NaN,25296,14176,25295,120,NaN,NaN,4657488,3350448,25287,220160,80384,9,237472
2026-04-27 17:21:00.328,50904,ESTAB,cubic,232,28.573,1.352,20.036,1448,9,13032,10136,36661799,36650215,49448,NaN,25371,14222,25370,120,NaN,NaN,4378472,3351728,25363,220160,80384,8,201824
2026-04-27 17:21:00.588,50904,ESTAB,cubic,232,28.506,1.445,20.036,1448,8,11584,10136,36770399,36758815,49448,NaN,25446,14267,25445,120,NaN,NaN,3901032,2926936,25438,220160,80384,8,93224
2026-04-27 17:21:00.847,50904,ESTAB,cubic,232,28.37,2.039,20.036,1448,8,11584,10136,36863623,36863623,49448,NaN,25511,14312,25510,120,NaN,NaN,3919856,3353792,25511,220160,80384,NaN,NaN
2026-04-27 17:21:01.107,50904,ESTAB,cubic,232,28.37,2.039,20.036,1448,8,11584,10136,36863623,36863623,49448,NaN,25511,14312,25510,120,NaN,NaN,3919856,3353792,25511,220160,80384,NaN,NaN
2026-04-27 17:21:01.367,50904,ESTAB,cubic,232,28.37,2.039,20.036,1448,8,11584,10136,36863623,36863623,49448,NaN,25511,14312,25510,120,NaN,NaN,3919856,3353792,25511,220160,80384,NaN,NaN
2026-04-27 17:21:01.636,50904,ESTAB,cubic,232,28.37,2.039,20.036,1448,8,11584,10136,36863623,36863623,49448,NaN,25511,14312,25510,120,NaN,NaN,3919856,3353792,25511,220160,80384,NaN,NaN
2026-04-27 17:21:01.902,50904,ESTAB,cubic,236,33.301,1.969,20.036,1448,11,15928,10136,36947346,36932866,50272,NaN,25569,14339,25568,122,NaN,NaN,4591696,3346328,25559,220160,86016,10,184659
2026-04-27 17:21:02.161,50904,ESTAB,cubic,232,31.885,3.008,20.036,1448,10,14480,10136,37058842,37044362,50272,NaN,25646,14384,25645,122,NaN,NaN,4359648,3301032,25636,220160,86016,10,97320
2026-04-27 17:21:02.410,50904,ESTAB,cubic,232,29.422,1.751,20.036,1448,10,14480,10136,37156162,37147170,50272,NaN,25714,14428,25713,122,NaN,NaN,4724624,3364072,25707,220160,86016,7,NaN
2026-04-27 17:21:02.674,50904,ESTAB,cubic,232,29.643,1.387,20.036,1448,10,14480,10136,37156162,37156162,50272,NaN,25714,14433,25713,122,NaN,NaN,4689280,2967208,25714,220160,86016,NaN,NaN
2026-04-27 17:21:02.917,50904,ESTAB,cubic,232,29.643,1.387,20.036,1448,10,14480,10136,37156162,37156162,50272,NaN,25714,14433,25713,122,NaN,NaN,4689280,2967208,25714,220160,86016,NaN,NaN
2026-04-27 17:21:03.162,50904,ESTAB,cubic,232,29.643,1.387,20.036,1448,10,14480,10136,37156162,37156162,50272,NaN,25714,14433,25713,122,NaN,NaN,4689280,2967208,25714,220160,86016,NaN,NaN
2026-04-27 17:21:03.421,50904,ESTAB,cubic,232,29.643,1.387,20.036,1448,10,14480,10136,37156162,37156162,50272,NaN,25714,14433,25713,122,NaN,NaN,4689280,2967208,25714,220160,86016,NaN,NaN
2026-04-27 17:21:03.691,50904,ESTAB,cubic,232,29.643,1.387,20.036,1448,10,14480,10136,37156162,37156162,50272,NaN,25714,14433,25713,122,NaN,NaN,4689280,2967208,25714,220160,86016,NaN,NaN
2026-04-27 17:21:03.964,50904,ESTAB,cubic,232,29.922,3.023,20.036,1448,8,11584,10136,37250021,37238437,51096,NaN,25779,14467,25778,124,NaN,NaN,3716520,3342592,25771,220160,91648,8,179552
2026-04-27 17:21:04.224,50904,ESTAB,cubic,236,34.822,3.238,20.036,1448,11,15928,10136,37367309,37351381,51096,NaN,25860,14513,25859,124,NaN,NaN,4391120,3348944,25849,220160,91648,11,160865
2026-04-27 17:21:04.476,50904,ESTAB,cubic,232,31.535,1.689,20.036,1448,10,14480,11584,37468669,37454189,51096,NaN,25930,14555,25929,124,NaN,NaN,4407984,3347880,25920,220160,91648,10,59505
2026-04-27 17:21:04.737,50904,ESTAB,cubic,228,27.968,1.651,20.036,1448,8,11584,10136,37528174,37528174,51096,NaN,25972,14587,25971,124,NaN,NaN,3976072,2879744,25972,220160,91648,NaN,NaN
2026-04-27 17:21:05.004,50904,ESTAB,cubic,228,27.968,1.651,20.036,1448,8,11584,10136,37528174,37528174,51096,NaN,25972,14587,25971,124,NaN,NaN,3976072,2879744,25972,220160,91648,NaN,NaN
2026-04-27 17:21:05.276,50904,ESTAB,cubic,228,27.968,1.651,20.036,1448,8,11584,10136,37528174,37528174,51096,NaN,25972,14587,25971,124,NaN,NaN,3976072,2879744,25972,220160,91648,NaN,NaN
2026-04-27 17:21:05.523,50904,ESTAB,cubic,228,27.968,1.651,20.036,1448,8,11584,10136,37528174,37528174,51096,NaN,25972,14587,25971,124,NaN,NaN,3976072,2879744,25972,220160,91648,NaN,NaN
2026-04-27 17:21:05.797,50904,ESTAB,cubic,228,26.477,1.915,20.036,1448,8,11584,10136,37540945,37531057,51920,NaN,25981,14591,25980,126,NaN,NaN,4199992,2879744,25974,220160,97280,7,260640
2026-04-27 17:21:06.060,50904,ESTAB,cubic,232,28.431,1.379,20.036,1448,8,11584,10136,37648097,37636513,51920,NaN,26055,14631,26054,126,NaN,NaN,3911408,3348216,26047,220160,97280,8,263215
2026-04-27 17:21:06.317,50904,ESTAB,cubic,236,33.135,2.83,20.036,1448,8,11584,11584,37758145,37746561,51920,NaN,26131,14676,26130,126,NaN,NaN,3356072,3347976,26123,219648,97280,8,153167
2026-04-27 17:21:06.584,50904,ESTAB,cubic,228,27.678,0.87,20.036,1448,8,11584,10136,37869641,37858057,51920,NaN,26208,14725,26207,126,NaN,NaN,4017808,3354880,26200,220160,97280,8,41671
2026-04-27 17:21:06.839,50904,ESTAB,cubic,232,29.981,1.393,20.036,1448,10,14480,10136,37911312,37911312,51920,NaN,26237,14748,26236,126,NaN,NaN,4636536,3350552,26237,220160,97280,NaN,NaN
2026-04-27 17:21:07.112,50904,ESTAB,cubic,232,29.981,1.393,20.036,1448,10,14480,10136,37911312,37911312,51920,NaN,26237,14748,26236,126,NaN,NaN,4636536,3350552,26237,220160,97280,NaN,NaN
2026-04-27 17:21:07.355,50904,ESTAB,cubic,232,29.981,1.393,20.036,1448,10,14480,10136,37911312,37911312,51920,NaN,26237,14748,26236,126,NaN,NaN,4636536,3350552,26237,220160,97280,NaN,NaN
2026-04-27 17:21:07.614,50904,ESTAB,cubic,232,29.981,1.393,20.036,1448,10,14480,10136,37911312,37911312,51920,NaN,26237,14748,26236,126,NaN,NaN,4636536,3350552,26237,220160,97280,NaN,NaN
2026-04-27 17:21:07.874,50904,ESTAB,cubic,232,31.329,5.195,20.036,1448,11,15928,10136,37945803,37931323,52744,NaN,26261,14758,26260,128,NaN,NaN,4880664,3554568,26251,220160,103424,10,238920
2026-04-27 17:21:08.128,50904,ESTAB,cubic,228,26.643,1.544,20.036,1448,9,13032,10136,38052955,38039923,52744,NaN,26335,14801,26334,128,NaN,NaN,4695576,3837824,26326,220160,103424,9,262088
2026-04-27 17:21:08.373,50904,ESTAB,cubic,232,28.495,1.577,20.036,1448,8,11584,10136,38154315,38142731,52744,NaN,26405,14845,26404,128,NaN,NaN,3902640,3343984,26397,220160,103424,8,177172
2026-04-27 17:21:08.633,50904,ESTAB,cubic,232,28.679,2.154,20.036,1448,8,11584,10136,38261467,38249883,52744,NaN,26479,14888,26478,128,NaN,NaN,3877624,2853904,26471,220160,103424,8,70020
2026-04-27 17:21:08.894,50904,ESTAB,cubic,232,31.547,2.601,20.036,1448,10,14480,10136,38331487,38331487,52744,NaN,26528,14922,26527,128,NaN,NaN,4406248,3351752,26528,220160,103424,NaN,NaN
2026-04-27 17:21:09.137,50904,ESTAB,cubic,232,31.547,2.601,20.036,1448,10,14480,10136,38331487,38331487,52744,NaN,26528,14922,26527,128,NaN,NaN,4406248,3351752,26528,220160,103424,NaN,NaN
2026-04-27 17:21:09.378,50904,ESTAB,cubic,232,31.547,2.601,20.036,1448,10,14480,10136,38331487,38331487,52744,NaN,26528,14922,26527,128,NaN,NaN,4406248,3351752,26528,220160,103424,NaN,NaN
2026-04-27 17:21:09.624,50904,ESTAB,cubic,232,31.547,2.601,20.036,1448,10,14480,10136,38331487,38331487,52744,NaN,26528,14922,26527,128,NaN,NaN,4406248,3351752,26528,220160,103424,NaN,NaN
2026-04-27 17:21:09.888,50904,ESTAB,cubic,232,29.15,3.396,20.036,1448,11,15928,10136,38358738,38342810,53568,NaN,26547,14929,26546,130,NaN,NaN,5245448,3351752,26536,220160,109056,11,246160
2026-04-27 17:21:10.135,50904,ESTAB,cubic,232,30.723,0.497,20.036,1448,9,13032,11584,38458650,38445618,53568,NaN,26616,14971,26615,130,NaN,NaN,4072016,3354112,26607,220160,109056,9,276568
2026-04-27 17:21:10.400,50904,ESTAB,cubic,236,34.472,1.909,20.036,1448,9,13032,13032,38568698,38555666,53568,NaN,26692,15017,26691,130,NaN,NaN,3629200,3351656,26683,220160,109056,9,166520
2026-04-27 17:21:10.670,50904,ESTAB,cubic,232,28.79,1.499,20.036,1448,10,14480,10136,38684538,38671506,53568,NaN,26772,15066,26771,130,NaN,NaN,4828296,3291944,26763,220160,109056,9,88004
2026-04-27 17:21:10.933,50904,ESTAB,cubic,232,28.642,1.422,20.036,1448,8,11584,10136,38772542,38772542,53568,NaN,26833,15107,26832,130,NaN,NaN,3882560,3341488,26833,220160,109056,NaN,NaN
2026-04-27 17:21:11.205,50904,ESTAB,cubic,232,28.642,1.422,20.036,1448,8,11584,10136,38772542,38772542,53568,NaN,26833,15107,26832,130,NaN,NaN,3882560,3341488,26833,220160,109056,NaN,NaN
2026-04-27 17:21:11.474,50904,ESTAB,cubic,232,28.642,1.422,20.036,1448,8,11584,10136,38772542,38772542,53568,NaN,26833,15107,26832,130,NaN,NaN,3882560,3341488,26833,220160,109056,NaN,NaN
2026-04-27 17:21:11.734,50904,ESTAB,cubic,232,28.642,1.422,20.036,1448,8,11584,10136,38772542,38772542,53568,NaN,26833,15107,26832,130,NaN,NaN,3882560,3341488,26833,220160,109056,NaN,NaN
2026-04-27 17:21:11.995,50904,ESTAB,cubic,236,32.538,3.107,20.036,1448,10,14480,10136,38830201,38815721,54392,NaN,26873,15125,26872,132,NaN,NaN,4272072,3348944,26863,220160,114688,10,215752
2026-04-27 17:21:12.253,50904,ESTAB,cubic,232,29.003,2.816,20.036,1448,10,14480,10136,38938801,38925769,54392,NaN,26948,15169,26947,132,NaN,NaN,4792880,3169544,26939,220160,114688,9,237472
2026-04-27 17:21:12.515,50904,ESTAB,cubic,232,30.516,0.784,20.036,1448,9,13032,11584,39045953,39032921,54392,NaN,27022,15215,27021,132,NaN,NaN,4099672,3355296,27013,220160,114688,9,154241
2026-04-27 17:21:12.775,50904,ESTAB,cubic,232,29.136,1.73,20.036,1448,10,14480,10136,39158897,39144417,54392,NaN,27100,15264,27099,132,NaN,NaN,4770856,3345504,27090,220160,114688,10,41297
2026-04-27 17:21:13.031,50904,ESTAB,cubic,236,33.274,2.169,20.036,1448,12,17376,10136,39200194,39200194,54392,NaN,27129,15287,27128,132,NaN,NaN,5013152,3347880,27129,220160,114688,NaN,NaN
2026-04-27 17:21:13.285,50904,ESTAB,cubic,236,33.274,2.169,20.036,1448,12,17376,10136,39200194,39200194,54392,NaN,27129,15287,27128,132,NaN,NaN,5013152,3347880,27129,220160,114688,NaN,NaN
2026-04-27 17:21:13.558,50904,ESTAB,cubic,236,33.274,2.169,20.036,1448,12,17376,10136,39200194,39200194,54392,NaN,27129,15287,27128,132,NaN,NaN,5013152,3347880,27129,220160,114688,NaN,NaN
2026-04-27 17:21:13.830,50904,ESTAB,cubic,236,33.274,2.169,20.036,1448,12,17376,10136,39200194,39200194,54392,NaN,27129,15287,27128,132,NaN,NaN,5013152,3347880,27129,220160,114688,NaN,NaN
2026-04-27 17:21:14.101,50904,ESTAB,cubic,236,32.92,2.328,20.036,1448,9,13032,13032,39286813,39275229,55216,NaN,27189,15319,27188,134,NaN,NaN,3800336,2780456,27181,220160,120832,8,186792
2026-04-27 17:21:14.358,50904,ESTAB,cubic,232,28.421,1.354,20.036,1448,9,13032,10136,39398309,39385277,55216,NaN,27266,15367,27265,134,NaN,NaN,4401808,3346176,27257,220160,120832,9,205616
2026-04-27 17:21:14.630,50904,ESTAB,cubic,232,28.541,1.42,20.036,1448,9,13032,10136,39511253,39499669,55216,NaN,27344,15417,27343,134,NaN,NaN,4383280,3343504,27336,220160,120832,8,141122
2026-04-27 17:21:14.887,50904,ESTAB,cubic,232,28.057,1.122,20.036,1448,8,11584,10136,39618405,39606821,55216,NaN,27418,15462,27417,134,NaN,NaN,3963568,3343864,27410,220160,120832,8,33970
2026-04-27 17:21:15.143,50904,ESTAB,cubic,232,29.024,1.757,20.036,1448,10,14480,10136,39652375,39652375,55216,NaN,27442,15481,27441,134,NaN,NaN,4789408,2629216,27442,220160,120832,NaN,NaN
2026-04-27 17:21:15.400,50904,ESTAB,cubic,232,29.024,1.757,20.036,1448,10,14480,10136,39652375,39652375,55216,NaN,27442,15481,27441,134,NaN,NaN,4789408,2629216,27442,220160,120832,NaN,NaN
2026-04-27 17:21:15.663,50904,ESTAB,cubic,232,29.024,1.757,20.036,1448,10,14480,10136,39652375,39652375,55216,NaN,27442,15481,27441,134,NaN,NaN,4789408,2629216,27442,220160,120832,NaN,NaN
2026-04-27 17:21:15.913,50904,ESTAB,cubic,232,29.024,1.757,20.036,1448,10,14480,10136,39655258,39652375,55624,NaN,27444,15482,27443,135,NaN,NaN,4789408,2629216,27442,220160,123392,2,NaN
2026-04-27 17:21:16.174,50904,ESTAB,cubic,232,29.012,2.161,20.036,1448,8,11584,10136,39756370,39744786,56040,NaN,27514,15519,27513,136,NaN,NaN,3833080,3338568,27506,220160,126464,8,169416
2026-04-27 17:21:16.435,50904,ESTAB,cubic,236,33.774,2.931,20.036,1448,8,11584,11584,39867866,39856282,56040,NaN,27591,15566,27590,136,NaN,NaN,3292632,3360776,27583,219648,126464,8,88536
2026-04-27 17:21:16.695,50904,ESTAB,cubic,232,31.417,1.736,20.036,1448,6,8688,10136,39956402,39956402,56040,NaN,27653,15610,27652,136,NaN,NaN,2654688,2343984,27653,220160,126464,NaN,NaN
2026-04-27 17:21:16.962,50904,ESTAB,cubic,232,31.417,1.736,20.036,1448,6,8688,10136,39956402,39956402,56040,NaN,27653,15610,27652,136,NaN,NaN,2654688,2343984,27653,220160,126464,NaN,NaN
2026-04-27 17:21:17.225,50904,ESTAB,cubic,232,31.417,1.736,20.036,1448,6,8688,10136,39956402,39956402,56040,NaN,27653,15610,27652,136,NaN,NaN,2654688,2343984,27653,220160,126464,NaN,NaN
2026-04-27 17:21:17.490,50904,ESTAB,cubic,232,31.417,1.736,20.036,1448,6,8688,10136,39956402,39956402,56040,NaN,27653,15610,27652,136,NaN,NaN,2654688,2343984,27653,220160,126464,NaN,NaN
2026-04-27 17:21:17.762,50904,ESTAB,cubic,232,31.417,1.736,20.036,1448,6,8688,10136,39956402,39956402,56040,NaN,27653,15610,27652,136,NaN,NaN,2654688,2343984,27653,220160,126464,NaN,NaN
2026-04-27 17:21:18.036,50904,ESTAB,cubic,232,29.51,4.324,20.036,1448,8,11584,10136,39987997,39976413,56864,NaN,27675,15620,27674,138,NaN,NaN,3768344,2167664,27667,220160,132096,8,280496
2026-04-27 17:21:18.311,50904,ESTAB,cubic,232,29.987,2.181,20.036,1448,8,11584,10136,40102389,40090805,56864,NaN,27754,15661,27753,138,NaN,NaN,3708392,2347720,27746,219648,132096,8,166104
2026-04-27 17:21:18.570,50904,ESTAB,cubic,232,31.802,2.053,20.036,1448,7,10136,10136,40212437,40202301,56864,NaN,27830,15708,27829,138,NaN,NaN,3059664,2915216,27823,219648,132096,7,56056
2026-04-27 17:21:18.838,50904,ESTAB,cubic,232,28.778,1.471,20.036,1448,9,13032,10136,40268493,40268493,56864,NaN,27869,15735,27868,138,NaN,NaN,4347200,2920824,27869,220160,132096,NaN,NaN
2026-04-27 17:21:19.098,50904,ESTAB,cubic,232,28.778,1.471,20.036,1448,9,13032,10136,40268493,40268493,56864,NaN,27869,15735,27868,138,NaN,NaN,4347200,2920824,27869,220160,132096,NaN,NaN
2026-04-27 17:21:19.356,50904,ESTAB,cubic,232,28.778,1.471,20.036,1448,9,13032,10136,40268493,40268493,56864,NaN,27869,15735,27868,138,NaN,NaN,4347200,2920824,27869,220160,132096,NaN,NaN
2026-04-27 17:21:19.617,50904,ESTAB,cubic,232,28.778,1.471,20.036,1448,9,13032,10136,40268493,40268493,56864,NaN,27869,15735,27868,138,NaN,NaN,4347200,2920824,27869,220160,132096,NaN,NaN
2026-04-27 17:21:19.877,50904,ESTAB,cubic,232,28.778,1.471,20.036,1448,9,13032,10136,40268493,40268493,56864,NaN,27869,15735,27868,138,NaN,NaN,4347200,2920824,27869,220160,132096,NaN,NaN
2026-04-27 17:21:20.129,50904,ESTAB,cubic,236,33.543,1.959,20.036,1448,11,15928,10136,40333392,40317464,57688,NaN,27914,15755,27913,140,NaN,NaN,4558520,3350200,27903,220160,138240,11,208512
2026-04-27 17:21:20.375,50904,ESTAB,cubic,232,28.645,2.462,20.036,1448,10,14480,10136,40430408,40417376,57688,NaN,27981,15797,27980,140,NaN,NaN,4852656,3349800,27972,220160,138240,9,241816
2026-04-27 17:21:20.646,50904,ESTAB,cubic,232,30.635,0.487,20.036,1448,9,13032,11584,40546248,40533216,57688,NaN,28061,15848,28060,140,NaN,NaN,4083776,3341696,28052,220160,138240,9,135588
2026-04-27 17:21:20.902,50904,ESTAB,cubic,232,28.348,1.122,20.036,1448,8,11584,10136,40651952,40640368,57688,NaN,28134,15895,28133,140,NaN,NaN,3922808,3353664,28126,220160,138240,8,29884
2026-04-27 17:21:21.158,50904,ESTAB,cubic,232,31.044,2.546,20.036,1448,10,14480,10136,40681836,40681836,57688,NaN,28155,15912,28154,140,NaN,NaN,4477680,3346328,28155,220160,138240,NaN,NaN
2026-04-27 17:21:21.413,50904,ESTAB,cubic,232,31.044,2.546,20.036,1448,10,14480,10136,40681836,40681836,57688,NaN,28155,15912,28154,140,NaN,NaN,4477680,3346328,28155,220160,138240,NaN,NaN
2026-04-27 17:21:21.669,50904,ESTAB,cubic,232,31.044,2.546,20.036,1448,10,14480,10136,40681836,40681836,57688,NaN,28155,15912,28154,140,NaN,NaN,4477680,3346328,28155,220160,138240,NaN,NaN
2026-04-27 17:21:21.935,50904,ESTAB,cubic,232,31.044,2.546,20.036,1448,10,14480,10136,40681836,40681836,57688,NaN,28155,15912,28154,140,NaN,NaN,4477680,3346328,28155,220160,138240,NaN,NaN
2026-04-27 17:21:22.176,50904,ESTAB,cubic,240,36.193,2.836,20.036,1448,8,11584,11584,40751079,40739495,58512,NaN,28203,15937,28202,142,NaN,NaN,3072592,3349520,28195,220160,143872,8,204168
2026-04-27 17:21:22.425,50904,ESTAB,cubic,232,28.045,1.699,20.036,1448,8,11584,10136,40853887,40842303,58512,NaN,28274,15981,28273,142,NaN,NaN,3965176,3346728,28266,220160,143872,8,231680
2026-04-27 17:21:22.686,50904,ESTAB,cubic,236,33.34,2.367,20.036,1448,7,10136,10136,40961039,40950903,58512,NaN,28348,16027,28347,142,NaN,NaN,2918504,3346520,28341,220160,143872,7,133670
2026-04-27 17:21:22.946,50904,ESTAB,cubic,236,33.177,2.076,20.036,1448,10,14480,10136,41073983,41060951,58512,NaN,28426,16067,28425,142,NaN,NaN,4189888,3338136,28417,220160,143872,9,20726
2026-04-27 17:21:23.202,50904,ESTAB,cubic,232,28.443,1.998,20.036,1448,8,11584,10136,41094709,41094709,58512,NaN,28441,16082,28440,142,NaN,NaN,3909728,3341576,28441,220160,143872,NaN,NaN
2026-04-27 17:21:23.450,50904,ESTAB,cubic,232,28.443,1.998,20.036,1448,8,11584,10136,41094709,41094709,58512,NaN,28441,16082,28440,142,NaN,NaN,3909728,3341576,28441,220160,143872,NaN,NaN
2026-04-27 17:21:23.706,50904,ESTAB,cubic,232,28.443,1.998,20.036,1448,8,11584,10136,41094709,41094709,58512,NaN,28441,16082,28440,142,NaN,NaN,3909728,3341576,28441,220160,143872,NaN,NaN
2026-04-27 17:21:23.962,50904,ESTAB,cubic,232,28.443,1.998,20.036,1448,8,11584,10136,41094709,41094709,58512,NaN,28441,16082,28440,142,NaN,NaN,3909728,3341576,28441,220160,143872,NaN,NaN
2026-04-27 17:21:24.218,50904,ESTAB,cubic,232,30.888,3.771,20.036,1448,10,14480,10136,41169744,41155264,59336,NaN,28493,16106,28492,144,NaN,NaN,4500272,3348096,28483,220160,149504,10,198376
2026-04-27 17:21:24.483,50904,ESTAB,cubic,232,28.911,1.706,20.036,1448,10,14480,10136,41279792,41266760,59336,NaN,28569,16150,28568,144,NaN,NaN,4808112,3347648,28560,220160,149504,9,218648
2026-04-27 17:21:24.746,50904,ESTAB,cubic,232,28.841,1.541,20.036,1448,9,13032,10136,41389840,41378256,59336,NaN,28645,16196,28644,144,NaN,NaN,4337688,2949080,28637,220160,149504,8,164475
2026-04-27 17:21:25.022,50904,ESTAB,cubic,232,28.389,1.274,20.036,1448,8,11584,10136,41507128,41495544,59336,NaN,28726,16245,28725,144,NaN,NaN,3917176,3357432,28718,220160,149504,8,47187
2026-04-27 17:21:25.262,50904,ESTAB,cubic,232,31.331,2.511,20.036,1448,11,15928,10136,41554315,41554315,59336,NaN,28759,16269,28758,144,NaN,NaN,4880288,2434248,28759,220160,149504,NaN,NaN
2026-04-27 17:21:25.515,50904,ESTAB,cubic,232,31.331,2.511,20.036,1448,11,15928,10136,41554315,41554315,59336,NaN,28759,16269,28758,144,NaN,NaN,4880288,2434248,28759,220160,149504,NaN,NaN
2026-04-27 17:21:25.779,50904,ESTAB,cubic,232,31.331,2.511,20.036,1448,11,15928,10136,41554315,41554315,59336,NaN,28759,16269,28758,144,NaN,NaN,4880288,2434248,28759,220160,149504,NaN,NaN
2026-04-27 17:21:26.040,50904,ESTAB,cubic,232,31.331,2.511,20.036,1448,11,15928,10136,41554315,41554315,59336,NaN,28759,16269,28758,144,NaN,NaN,4880288,2434248,28759,220160,149504,NaN,NaN
2026-04-27 17:21:26.299,50904,ESTAB,cubic,232,31.481,2.341,20.036,1448,9,13032,11584,41648174,41636590,60160,NaN,28824,16304,28823,146,NaN,NaN,3974032,3325032,28816,220160,155648,8,179552
2026-04-27 17:21:26.555,50904,ESTAB,cubic,236,34.684,3.064,20.036,1448,12,17376,11584,41756774,41746638,60160,NaN,28899,16350,28898,146,NaN,NaN,4809392,3351584,28892,220160,155648,7,201272
2026-04-27 17:21:26.805,50904,ESTAB,cubic,232,31.971,1.967,20.036,1448,11,15928,11584,41866822,41850894,60160,NaN,28975,16390,28974,146,NaN,NaN,4782656,3343048,28964,220160,155648,11,142528
2026-04-27 17:21:27.057,50904,ESTAB,cubic,232,29.148,1.741,20.036,1448,10,14480,10136,41966734,41952254,60160,NaN,29044,16431,29043,146,NaN,NaN,4769040,3333200,29034,220160,155648,10,42616
2026-04-27 17:21:27.324,50904,ESTAB,cubic,232,29.366,3.694,20.036,1448,8,11584,10136,42009350,42009350,60160,NaN,29074,16455,29073,146,NaN,NaN,3786904,2991728,29074,220160,155648,NaN,NaN
2026-04-27 17:21:27.586,50904,ESTAB,cubic,232,29.366,3.694,20.036,1448,8,11584,10136,42009350,42009350,60160,NaN,29074,16455,29073,146,NaN,NaN,3786904,2991728,29074,220160,155648,NaN,NaN
2026-04-27 17:21:27.847,50904,ESTAB,cubic,232,29.366,3.694,20.036,1448,8,11584,10136,42009350,42009350,60160,NaN,29074,16455,29073,146,NaN,NaN,3786904,2991728,29074,220160,155648,NaN,NaN
2026-04-27 17:21:28.107,50904,ESTAB,cubic,232,29.366,3.694,20.036,1448,8,11584,10136,42012233,42009350,60568,NaN,29076,16456,29075,147,NaN,NaN,3786904,2991728,29074,220160,158208,2,NaN
2026-04-27 17:21:28.368,50904,ESTAB,cubic,236,33.269,2.216,20.036,1448,11,15928,10136,42122033,42107553,60984,NaN,29152,16492,29151,148,NaN,NaN,4596112,3348072,29142,220160,161280,10,160728
2026-04-27 17:21:28.609,50904,ESTAB,cubic,232,29.861,1.404,20.036,1448,10,14480,10136,42224841,42210361,60984,NaN,29223,16535,29222,148,NaN,NaN,4655168,3331008,29213,220160,161280,10,188240
2026-04-27 17:21:28.869,50904,ESTAB,cubic,232,28.902,1.508,20.036,1448,9,13032,10136,42331993,42318961,60984,NaN,29297,16581,29296,148,NaN,NaN,4328664,2933504,29288,220160,161280,9,167481
2026-04-27 17:21:29.126,50904,ESTAB,cubic,232,28.374,1.268,20.036,1448,8,11584,10136,42439145,42427561,60984,NaN,29371,16627,29370,148,NaN,NaN,3919304,3341936,29363,220160,161280,8,60329
2026-04-27 17:21:29.363,50904,ESTAB,cubic,232,30.424,2.324,20.036,1448,7,10136,10136,42499474,42499474,60984,NaN,29413,16658,29412,148,NaN,NaN,3198248,2279040,29413,220160,161280,NaN,NaN
2026-04-27 17:21:29.624,50904,ESTAB,cubic,232,30.424,2.324,20.036,1448,7,10136,10136,42499474,42499474,60984,NaN,29413,16658,29412,148,NaN,NaN,3198248,2279040,29413,220160,161280,NaN,NaN
2026-04-27 17:21:29.885,50904,ESTAB,cubic,232,30.424,2.324,20.036,1448,7,10136,10136,42499474,42499474,60984,NaN,29413,16658,29412,148,NaN,NaN,3198248,2279040,29413,220160,161280,NaN,NaN
2026-04-27 17:21:30.139,50904,ESTAB,cubic,232,30.424,2.324,20.036,1448,7,10136,10136,42502357,42499474,61392,NaN,29415,16659,29414,149,NaN,NaN,3198248,2279040,29413,220160,164352,2,NaN
2026-04-27 17:21:30.383,50904,ESTAB,cubic,232,31.382,3.497,20.036,1448,10,14480,10136,42603469,42588989,61808,NaN,29485,16692,29484,150,NaN,NaN,4429432,3345192,29475,220160,166912,10,169416
2026-04-27 17:21:30.645,50904,ESTAB,cubic,232,29.547,1.802,20.036,1448,10,14480,10136,42714965,42700485,61808,NaN,29562,16736,29561,150,NaN,NaN,4704600,3346256,29552,220160,166912,10,83446
2026-04-27 17:21:30.901,50904,ESTAB,cubic,232,28.525,1.307,20.036,1448,8,11584,10136,42798411,42798411,61808,NaN,29620,16778,29619,150,NaN,NaN,3898488,3332320,29620,220160,166912,NaN,NaN
2026-04-27 17:21:31.155,50904,ESTAB,cubic,232,28.525,1.307,20.036,1448,8,11584,10136,42798411,42798411,61808,NaN,29620,16778,29619,150,NaN,NaN,3898488,3332320,29620,220160,166912,NaN,NaN
2026-04-27 17:21:31.403,50904,ESTAB,cubic,232,28.525,1.307,20.036,1448,8,11584,10136,42798411,42798411,61808,NaN,29620,16778,29619,150,NaN,NaN,3898488,3332320,29620,220160,166912,NaN,NaN
2026-04-27 17:21:31.663,50904,ESTAB,cubic,232,28.525,1.307,20.036,1448,8,11584,10136,42798411,42798411,61808,NaN,29620,16778,29619,150,NaN,NaN,3898488,3332320,29620,220160,166912,NaN,NaN
2026-04-27 17:21:31.924,50904,ESTAB,cubic,232,28.525,1.307,20.036,1448,8,11584,10136,42798411,42798411,61808,NaN,29620,16778,29619,150,NaN,NaN,3898488,3332320,29620,220160,166912,NaN,NaN
2026-04-27 17:21:32.181,50904,ESTAB,cubic,228,27.152,1.564,20.036,1448,8,11584,10136,42801294,42801294,62216,NaN,29622,16781,29621,151,NaN,NaN,4095696,3332320,29622,219648,169984,NaN,NaN
2026-04-27 17:21:32.438,50904,ESTAB,cubic,232,28.937,2.108,20.036,1448,8,11584,10136,42912542,42900958,62632,NaN,29699,16820,29698,152,NaN,NaN,3842984,3320960,29691,220160,173056,8,289600
2026-04-27 17:21:32.704,50904,ESTAB,cubic,236,32.237,3.256,20.036,1448,7,10136,10136,43021142,43011006,62632,NaN,29774,16865,29773,152,NaN,NaN,3018384,2379688,29767,219648,173056,7,181000
2026-04-27 17:21:32.965,50904,ESTAB,cubic,236,32.244,2.118,20.036,1448,7,10136,10136,43131190,43121054,62632,NaN,29850,16910,29849,152,NaN,NaN,3017776,2968896,29843,219648,173056,7,78275
2026-04-27 17:21:33.226,50904,ESTAB,cubic,232,29.509,1.602,20.036,1448,10,14480,10136,43209465,43209465,62632,NaN,29905,16948,29904,152,NaN,NaN,4710576,2560720,29905,220160,173056,NaN,NaN
2026-04-27 17:21:33.486,50904,ESTAB,cubic,232,29.509,1.602,20.036,1448,10,14480,10136,43209465,43209465,62632,NaN,29905,16948,29904,152,NaN,NaN,4710576,2560720,29905,220160,173056,NaN,NaN
2026-04-27 17:21:33.745,50904,ESTAB,cubic,232,29.509,1.602,20.036,1448,10,14480,10136,43209465,43209465,62632,NaN,29905,16948,29904,152,NaN,NaN,4710576,2560720,29905,220160,173056,NaN,NaN
2026-04-27 17:21:34.005,50904,ESTAB,cubic,232,29.509,1.602,20.036,1448,10,14480,10136,43209465,43209465,62632,NaN,29905,16948,29904,152,NaN,NaN,4710576,2560720,29905,220160,173056,NaN,NaN
2026-04-27 17:21:34.251,50904,ESTAB,cubic,232,29.549,4.927,20.036,1448,10,14480,10136,43238164,43223684,63456,NaN,29925,16956,29924,154,NaN,NaN,4704280,2560720,29915,220160,178688,10,244712
2026-04-27 17:21:34.504,50904,ESTAB,cubic,232,28.742,1.469,20.036,1448,8,11584,10136,43339524,43327940,63456,NaN,29995,16997,29994,154,NaN,NaN,3869000,3330168,29987,220160,178688,8,256159
2026-04-27 17:21:34.748,50904,ESTAB,cubic,236,34.442,2.458,20.036,1448,8,11584,11584,43442332,43430748,63456,NaN,30066,17042,30065,154,NaN,NaN,3228720,3341480,30058,220160,178688,8,153351
2026-04-27 17:21:35.005,50904,ESTAB,cubic,232,28.374,1.331,20.036,1448,8,11584,10136,43550932,43539348,63456,NaN,30141,17085,30140,154,NaN,NaN,3919288,3355728,30133,220160,178688,8,44751
2026-04-27 17:21:35.261,50904,ESTAB,cubic,232,30.59,2.662,20.036,1448,10,14480,10136,43595683,43595683,63456,NaN,30172,17109,30171,154,NaN,NaN,4544152,2921192,30172,220160,178688,NaN,NaN
2026-04-27 17:21:35.516,50904,ESTAB,cubic,232,30.59,2.662,20.036,1448,10,14480,10136,43595683,43595683,63456,NaN,30172,17109,30171,154,NaN,NaN,4544152,2921192,30172,220160,178688,NaN,NaN
2026-04-27 17:21:35.771,50904,ESTAB,cubic,232,30.59,2.662,20.036,1448,10,14480,10136,43595683,43595683,63456,NaN,30172,17109,30171,154,NaN,NaN,4544152,2921192,30172,220160,178688,NaN,NaN
2026-04-27 17:21:36.027,50904,ESTAB,cubic,232,30.59,2.662,20.036,1448,10,14480,10136,43595683,43595683,63456,NaN,30172,17109,30171,154,NaN,NaN,4544152,2921192,30172,220160,178688,NaN,NaN
2026-04-27 17:21:36.292,50904,ESTAB,cubic,232,30.045,5.217,20.036,1448,11,15928,10136,43625830,43609902,64280,NaN,30193,17117,30192,156,NaN,NaN,5089240,2921192,30182,220160,184320,11,243264
2026-04-27 17:21:36.563,50904,ESTAB,cubic,232,29.468,0.79,20.036,1448,10,14480,11584,43743118,43728638,64280,NaN,30274,17166,30273,156,NaN,NaN,4717168,3555552,30264,220160,184320,10,256296
2026-04-27 17:21:36.824,50904,ESTAB,cubic,232,31.663,1.228,20.036,1448,10,14480,13032,43848822,43838686,64280,NaN,30347,17213,30346,156,NaN,NaN,4390176,3350128,30340,220160,184320,7,174501
2026-04-27 17:21:37.084,50904,ESTAB,cubic,232,29.439,1.821,20.036,1448,10,14480,10136,43960318,43945838,64280,NaN,30424,17257,30423,156,NaN,NaN,4721872,3347008,30414,220160,184320,10,63005
2026-04-27 17:21:37.344,50904,ESTAB,cubic,228,27.777,0.98,20.036,1448,8,11584,10136,44023323,44023323,64280,NaN,30468,17291,30467,156,NaN,NaN,4003488,3341096,30468,220160,184320,NaN,NaN
2026-04-27 17:21:37.603,50904,ESTAB,cubic,228,27.777,0.98,20.036,1448,8,11584,10136,44023323,44023323,64280,NaN,30468,17291,30467,156,NaN,NaN,4003488,3341096,30468,220160,184320,NaN,NaN
2026-04-27 17:21:37.864,50904,ESTAB,cubic,228,27.777,0.98,20.036,1448,8,11584,10136,44023323,44023323,64280,NaN,30468,17291,30467,156,NaN,NaN,4003488,3341096,30468,220160,184320,NaN,NaN
2026-04-27 17:21:38.118,50904,ESTAB,cubic,228,27.777,0.98,20.036,1448,8,11584,10136,44023323,44023323,64280,NaN,30468,17291,30467,156,NaN,NaN,4003488,3341096,30468,220160,184320,NaN,NaN
2026-04-27 17:21:38.351,50904,ESTAB,cubic,232,28.08,1.86,20.036,1448,9,13032,10136,44065054,44052022,65104,NaN,30497,17304,30496,158,NaN,NaN,4455280,3340488,30488,220160,189952,9,231680
2026-04-27 17:21:38.579,50904,ESTAB,cubic,232,28.669,1.57,20.036,1448,8,11584,10136,44160622,44149038,65104,NaN,30563,17341,30562,158,NaN,NaN,3878904,2916832,30555,220160,189952,8,144827
2026-04-27 17:21:38.830,50904,ESTAB,cubic,232,31.617,3.763,20.036,1448,7,10136,10136,44260534,44250398,65104,NaN,30632,17382,30631,158,NaN,NaN,3077632,2159288,30625,219648,189952,7,44915
2026-04-27 17:21:39.106,50904,ESTAB,cubic,232,28.41,1.213,20.036,1448,9,13032,10136,44305449,44305449,65104,NaN,30664,17405,30663,158,NaN,NaN,4403632,3355488,30664,220160,189952,NaN,NaN
2026-04-27 17:21:39.354,50904,ESTAB,cubic,232,28.41,1.213,20.036,1448,9,13032,10136,44305449,44305449,65104,NaN,30664,17405,30663,158,NaN,NaN,4403632,3355488,30664,220160,189952,NaN,NaN
2026-04-27 17:21:39.625,50904,ESTAB,cubic,232,28.41,1.213,20.036,1448,9,13032,10136,44305449,44305449,65104,NaN,30664,17405,30663,158,NaN,NaN,4403632,3355488,30664,220160,189952,NaN,NaN
2026-04-27 17:21:39.892,50904,ESTAB,cubic,232,28.41,1.213,20.036,1448,9,13032,10136,44305449,44305449,65104,NaN,30664,17405,30663,158,NaN,NaN,4403632,3355488,30664,220160,189952,NaN,NaN
2026-04-27 17:21:40.140,50904,ESTAB,cubic,232,28.41,1.213,20.036,1448,9,13032,10136,44305449,44305449,65104,NaN,30664,17405,30663,158,NaN,NaN,4403632,3355488,30664,220160,189952,NaN,NaN
2026-04-27 17:21:40.385,50904,ESTAB,cubic,232,31.723,4.699,20.036,1448,10,14480,10136,44345732,44331252,65928,NaN,30692,17417,30691,160,NaN,NaN,4381824,2722360,30682,220160,196096,10,233128
2026-04-27 17:21:40.637,50904,ESTAB,cubic,228,27.288,1.889,20.036,1448,9,13032,10136,44454332,44441300,65928,NaN,30767,17461,30766,160,NaN,NaN,4584672,3588176,30758,220160,196096,9,212660
2026-04-27 17:21:40.905,50904,ESTAB,cubic,232,30.206,2.283,20.036,1448,9,13032,11584,44564380,44551348,65928,NaN,30843,17506,30842,160,NaN,NaN,4141696,3339072,30834,220160,196096,9,102612
2026-04-27 17:21:41.156,50904,ESTAB,cubic,232,28.63,1.506,20.036,1448,9,13032,10136,44666992,44659948,65928,NaN,30914,17550,30913,160,NaN,NaN,4369736,2926728,30909,220160,196096,5,NaN
2026-04-27 17:21:41.398,50904,ESTAB,cubic,232,28.293,1.142,20.036,1448,9,13032,10136,44666992,44666992,65928,NaN,30914,17553,30913,160,NaN,NaN,4421784,3358040,30914,220160,196096,NaN,NaN
2026-04-27 17:21:41.653,50904,ESTAB,cubic,232,28.293,1.142,20.036,1448,9,13032,10136,44666992,44666992,65928,NaN,30914,17553,30913,160,NaN,NaN,4421784,3358040,30914,220160,196096,NaN,NaN
2026-04-27 17:21:41.917,50904,ESTAB,cubic,232,28.293,1.142,20.036,1448,9,13032,10136,44666992,44666992,65928,NaN,30914,17553,30913,160,NaN,NaN,4421784,3358040,30914,220160,196096,NaN,NaN
2026-04-27 17:21:42.177,50904,ESTAB,cubic,232,28.293,1.142,20.036,1448,9,13032,10136,44666992,44666992,65928,NaN,30914,17553,30913,160,NaN,NaN,4421784,3358040,30914,220160,196096,NaN,NaN
2026-04-27 17:21:42.438,50904,ESTAB,cubic,236,32.835,2.899,20.036,1448,11,15928,10136,44718859,44704379,66752,NaN,30950,17569,30949,162,NaN,NaN,4656776,3344400,30940,220160,201728,10,221544
2026-04-27 17:21:42.697,50904,ESTAB,cubic,232,28.68,1.728,20.036,1448,10,14480,10136,44826011,44812979,66752,NaN,31024,17613,31023,162,NaN,NaN,4846728,3345824,31015,220160,201728,9,244712
2026-04-27 17:21:42.957,50904,ESTAB,cubic,232,30.257,1.587,20.036,1448,9,13032,11584,44934611,44923027,66752,NaN,31099,17660,31098,162,NaN,NaN,4134760,3349912,31091,220160,201728,8,172550
2026-04-27 17:21:43.213,50904,ESTAB,cubic,232,28.457,1.561,20.036,1448,8,11584,10136,45043211,45031627,66752,NaN,31174,17705,31173,162,NaN,NaN,3907784,3343968,31166,220160,201728,8,63950
2026-04-27 17:21:43.461,50904,ESTAB,cubic,236,32.237,2.324,20.036,1448,11,15928,10136,45107161,45107161,66752,NaN,31219,17736,31218,162,NaN,NaN,4743232,3343528,31219,220160,201728,NaN,NaN
2026-04-27 17:21:43.713,50904,ESTAB,cubic,236,32.237,2.324,20.036,1448,11,15928,10136,45107161,45107161,66752,NaN,31219,17736,31218,162,NaN,NaN,4743232,3343528,31219,220160,201728,NaN,NaN
2026-04-27 17:21:43.969,50904,ESTAB,cubic,236,32.237,2.324,20.036,1448,11,15928,10136,45107161,45107161,66752,NaN,31219,17736,31218,162,NaN,NaN,4743232,3343528,31219,220160,201728,NaN,NaN
2026-04-27 17:21:44.226,50904,ESTAB,cubic,236,32.237,2.324,20.036,1448,11,15928,10136,45107161,45107161,66752,NaN,31219,17736,31218,162,NaN,NaN,4743232,3343528,31219,220160,201728,NaN,NaN
2026-04-27 17:21:44.472,50904,ESTAB,cubic,240,36.046,5.938,20.036,1448,12,17376,10136,45160476,45144548,67576,NaN,31256,17752,31255,164,NaN,NaN,4627632,3343816,31245,220160,207360,11,220096
2026-04-27 17:21:44.738,50904,ESTAB,cubic,232,30.303,2.17,20.036,1448,7,10136,10136,45266180,45256044,67576,NaN,31329,17800,31328,164,NaN,NaN,3211088,2648024,31322,220160,207360,7,239710
2026-04-27 17:21:45.003,50904,ESTAB,cubic,236,33.249,1.896,20.036,1448,7,10136,10136,45376228,45366092,67576,NaN,31405,17843,31404,164,NaN,NaN,2926560,3338904,31398,219648,207360,7,129662
2026-04-27 17:21:45.253,50904,ESTAB,cubic,232,31.665,2.516,20.036,1448,10,14480,10136,45487724,45473244,67576,NaN,31482,17887,31481,164,NaN,NaN,4389832,3347648,31472,220160,207360,10,18166
2026-04-27 17:21:45.513,50904,ESTAB,cubic,232,29.791,3.3,20.036,1448,8,11584,10136,45505890,45505890,67576,NaN,31495,17901,31494,164,NaN,NaN,3732832,2872064,31495,219648,207360,NaN,NaN
2026-04-27 17:21:45.780,50904,ESTAB,cubic,232,29.791,3.3,20.036,1448,8,11584,10136,45505890,45505890,67576,NaN,31495,17901,31494,164,NaN,NaN,3732832,2872064,31495,219648,207360,NaN,NaN
2026-04-27 17:21:46.055,50904,ESTAB,cubic,232,29.791,3.3,20.036,1448,8,11584,10136,45505890,45505890,67576,NaN,31495,17901,31494,164,NaN,NaN,3732832,2872064,31495,219648,207360,NaN,NaN
2026-04-27 17:21:46.315,50904,ESTAB,cubic,232,29.791,3.3,20.036,1448,8,11584,10136,45505890,45505890,67576,NaN,31495,17901,31494,164,NaN,NaN,3732832,2872064,31495,219648,207360,NaN,NaN
2026-04-27 17:21:46.585,50904,ESTAB,cubic,236,32.469,3.156,20.036,1448,10,14480,10136,45592509,45578029,68400,NaN,31555,17929,31554,166,NaN,NaN,4281168,3346400,31545,220160,213504,10,186792
2026-04-27 17:21:46.847,50904,ESTAB,cubic,232,29.882,1.557,20.036,1448,10,14480,10136,45701109,45688077,68400,NaN,31630,17973,31629,166,NaN,NaN,4651896,3345608,31621,220160,213504,9,193114
2026-04-27 17:21:47.109,50904,ESTAB,cubic,232,28.234,1.078,20.036,1448,8,11584,10136,45808261,45796677,68400,NaN,31704,18019,31703,166,NaN,NaN,3938664,3349304,31696,220160,213504,8,85962
2026-04-27 17:21:47.371,50904,ESTAB,cubic,232,29.144,2.564,20.036,1448,8,11584,10136,45894223,45894223,68400,NaN,31764,18060,31763,166,NaN,NaN,3815736,3346312,31764,220160,213504,NaN,NaN
2026-04-27 17:21:47.646,50904,ESTAB,cubic,232,29.144,2.564,20.036,1448,8,11584,10136,45894223,45894223,68400,NaN,31764,18060,31763,166,NaN,NaN,3815736,3346312,31764,220160,213504,NaN,NaN
2026-04-27 17:21:47.902,50904,ESTAB,cubic,232,29.144,2.564,20.036,1448,8,11584,10136,45894223,45894223,68400,NaN,31764,18060,31763,166,NaN,NaN,3815736,3346312,31764,220160,213504,NaN,NaN
2026-04-27 17:21:48.158,50904,ESTAB,cubic,232,29.144,2.564,20.036,1448,8,11584,10136,45894223,45894223,68400,NaN,31764,18060,31763,166,NaN,NaN,3815736,3346312,31764,220160,213504,NaN,NaN
2026-04-27 17:21:48.414,50904,ESTAB,cubic,232,29.144,2.564,20.036,1448,8,11584,10136,45897106,45894223,68808,NaN,31766,18061,31765,167,NaN,NaN,3815736,3346312,31764,220160,216064,2,NaN
2026-04-27 17:21:48.658,50904,ESTAB,cubic,236,33.313,1.799,20.036,1448,7,10136,10136,45993874,45983738,69224,NaN,31833,18095,31832,168,NaN,NaN,2920944,3350296,31826,219648,219136,7,173760
2026-04-27 17:21:48.919,50904,ESTAB,cubic,232,31.718,2.339,20.036,1448,10,14480,10136,46106818,46093786,69224,NaN,31911,18139,31910,168,NaN,NaN,4382528,3340928,31902,220160,219136,9,191136
2026-04-27 17:21:49.174,50904,ESTAB,cubic,232,30.731,0.758,20.036,1448,9,13032,11584,46213970,46200938,69224,NaN,31985,18183,31984,168,NaN,NaN,4070992,2987584,31976,220160,219136,9,88995
2026-04-27 17:21:49.424,50904,ESTAB,cubic,232,28.171,1.615,20.036,1448,9,13032,10136,46302965,46302965,69224,NaN,32047,18225,32046,168,NaN,NaN,4440848,3346864,32047,220160,219136,NaN,NaN
2026-04-27 17:21:49.683,50904,ESTAB,cubic,232,28.171,1.615,20.036,1448,9,13032,10136,46302965,46302965,69224,NaN,32047,18225,32046,168,NaN,NaN,4440848,3346864,32047,220160,219136,NaN,NaN
2026-04-27 17:21:49.943,50904,ESTAB,cubic,232,28.171,1.615,20.036,1448,9,13032,10136,46302965,46302965,69224,NaN,32047,18225,32046,168,NaN,NaN,4440848,3346864,32047,220160,219136,NaN,NaN
2026-04-27 17:21:50.202,50904,ESTAB,cubic,232,28.171,1.615,20.036,1448,9,13032,10136,46302965,46302965,69224,NaN,32047,18225,32046,168,NaN,NaN,4440848,3346864,32047,220160,219136,NaN,NaN
2026-04-27 17:21:50.463,50904,ESTAB,cubic,228,26.699,1.877,20.036,1448,9,13032,10136,46305848,46305848,70048,NaN,32049,18229,32048,170,NaN,NaN,4685832,3346864,32049,220160,222208,NaN,NaN
2026-04-27 17:21:50.730,50904,ESTAB,cubic,232,28.561,1.425,20.036,1448,8,11584,10136,46421440,46409856,70048,NaN,32129,18269,32128,170,NaN,NaN,3893576,3342536,32121,220160,224768,8,285256
2026-04-27 17:21:50.977,50904,ESTAB,cubic,236,32.49,2.046,20.036,1448,8,11584,11584,46525696,46514112,70048,NaN,32201,18314,32200,170,NaN,NaN,3422760,3347976,32193,220160,224768,8,181000
2026-04-27 17:21:51.230,50904,ESTAB,cubic,228,27.636,1.39,20.036,1448,8,11584,10136,46629952,46618368,70048,NaN,32273,18360,32272,170,NaN,NaN,4023888,3353544,32265,220160,224768,8,89519
2026-04-27 17:21:51.506,50904,ESTAB,cubic,232,31.777,2.533,20.036,1448,11,15928,10136,46719471,46719471,70048,NaN,32335,18401,32334,170,NaN,NaN,4811872,3345456,32335,220160,224768,NaN,NaN
2026-04-27 17:21:51.771,50904,ESTAB,cubic,232,31.777,2.533,20.036,1448,11,15928,10136,46719471,46719471,70048,NaN,32335,18401,32334,170,NaN,NaN,4811872,3345456,32335,220160,224768,NaN,NaN
2026-04-27 17:21:52.030,50904,ESTAB,cubic,232,31.777,2.533,20.036,1448,11,15928,10136,46719471,46719471,70048,NaN,32335,18401,32334,170,NaN,NaN,4811872,3345456,32335,220160,224768,NaN,NaN
2026-04-27 17:21:52.291,50904,ESTAB,cubic,232,31.777,2.533,20.036,1448,11,15928,10136,46719471,46719471,70048,NaN,32335,18401,32334,170,NaN,NaN,4811872,3345456,32335,220160,224768,NaN,NaN
2026-04-27 17:21:52.557,50904,ESTAB,cubic,232,31.838,5.008,20.036,1448,12,17376,10136,46755410,46739482,70872,NaN,32360,18411,32359,172,NaN,NaN,5239320,3556096,32349,220160,230912,11,237472
2026-04-27 17:21:52.822,50904,ESTAB,cubic,232,30.487,1.058,20.036,1448,11,15928,13032,46866906,46853874,70872,NaN,32437,18460,32436,172,NaN,NaN,5015520,3708184,32428,220160,230912,9,256296
2026-04-27 17:21:53.089,50904,ESTAB,cubic,236,32.109,1.954,20.036,1448,10,14480,10136,46978402,46966818,70872,NaN,32514,18506,32513,172,NaN,NaN,4329216,2631904,32506,219648,230912,8,175938
2026-04-27 17:21:53.349,50904,ESTAB,cubic,232,31.535,2.721,20.036,1448,10,14480,10136,47089898,47075418,70872,NaN,32591,18549,32590,172,NaN,NaN,4408016,3337552,32581,220160,230912,10,64442
2026-04-27 17:21:53.604,50904,ESTAB,cubic,232,28.393,1.201,20.036,1448,9,13032,10136,47154340,47154340,70872,NaN,32636,18583,32635,172,NaN,NaN,4406264,3359136,32636,220160,230912,NaN,NaN
2026-04-27 17:21:53.874,50904,ESTAB,cubic,232,28.393,1.201,20.036,1448,9,13032,10136,47154340,47154340,70872,NaN,32636,18583,32635,172,NaN,NaN,4406264,3359136,32636,220160,230912,NaN,NaN
2026-04-27 17:21:54.135,50904,ESTAB,cubic,232,28.393,1.201,20.036,1448,9,13032,10136,47154340,47154340,70872,NaN,32636,18583,32635,172,NaN,NaN,4406264,3359136,32636,220160,230912,NaN,NaN
2026-04-27 17:21:54.384,50904,ESTAB,cubic,232,28.393,1.201,20.036,1448,9,13032,10136,47154340,47154340,70872,NaN,32636,18583,32635,172,NaN,NaN,4406264,3359136,32636,220160,230912,NaN,NaN
2026-04-27 17:21:54.636,50904,ESTAB,cubic,236,32.999,2.669,20.036,1448,10,14480,10136,47209103,47194623,71696,NaN,32674,18600,32673,174,NaN,NaN,4212408,3345264,32664,220160,236544,10,218648
2026-04-27 17:21:54.897,50904,ESTAB,cubic,232,29.886,1.546,20.036,1448,10,14480,10136,47314807,47301775,71696,NaN,32747,18643,32746,174,NaN,NaN,4651192,3353144,32738,220160,236544,9,243264
2026-04-27 17:21:55.158,50904,ESTAB,cubic,232,28.638,1.401,20.036,1448,9,13032,10136,47423407,47410375,71696,NaN,32822,18689,32821,174,NaN,NaN,4368512,3347976,32813,220160,236544,9,166615
2026-04-27 17:21:55.415,50904,ESTAB,cubic,232,30.167,1.533,20.036,1448,9,13032,11584,47530559,47518975,71696,NaN,32896,18735,32895,174,NaN,NaN,4147152,3351632,32888,220160,236544,8,59463
2026-04-27 17:21:55.693,50904,ESTAB,cubic,232,31.526,2.061,20.036,1448,11,15928,11584,47590022,47590022,71696,NaN,32938,18766,32937,174,NaN,NaN,4850160,2307568,32938,220160,236544,NaN,NaN
2026-04-27 17:21:55.945,50904,ESTAB,cubic,232,31.526,2.061,20.036,1448,11,15928,11584,47590022,47590022,71696,NaN,32938,18766,32937,174,NaN,NaN,4850160,2307568,32938,220160,236544,NaN,NaN
2026-04-27 17:21:56.175,50904,ESTAB,cubic,232,31.526,2.061,20.036,1448,11,15928,11584,47590022,47590022,71696,NaN,32938,18766,32937,174,NaN,NaN,4850160,2307568,32938,220160,236544,NaN,NaN
2026-04-27 17:21:56.423,50904,ESTAB,cubic,232,31.526,2.061,20.036,1448,11,15928,11584,47590022,47590022,71696,NaN,32938,18766,32937,174,NaN,NaN,4850160,2307568,32938,220160,236544,NaN,NaN
2026-04-27 17:21:56.699,50904,ESTAB,cubic,236,35.974,2.506,20.036,1448,10,14480,13032,47654921,47641889,72520,NaN,32983,18788,32982,176,NaN,NaN,3864056,3350552,32974,219648,242176,9,208512
2026-04-27 17:21:56.953,50904,ESTAB,cubic,228,27.919,1.599,20.036,1448,9,13032,10136,47763521,47751937,72520,NaN,33058,18836,33057,176,NaN,NaN,4481072,3350512,33050,220160,242176,8,230232
2026-04-27 17:21:57.213,50904,ESTAB,cubic,232,28.373,1.581,20.036,1448,8,11584,10136,47872121,47860537,72520,NaN,33133,18881,33132,176,NaN,NaN,3919352,3347608,33125,220160,242176,8,156618
2026-04-27 17:21:57.475,50904,ESTAB,cubic,232,29.137,2.803,20.036,1448,8,11584,10136,47980721,47969137,72520,NaN,33208,18922,33207,176,NaN,NaN,3816552,3351984,33200,220160,242176,8,48018
2026-04-27 17:21:57.735,50904,ESTAB,cubic,232,28.838,1.771,20.036,1448,10,14480,10136,48028739,48028739,72520,NaN,33242,18948,33241,176,NaN,NaN,4820160,2871080,33242,220160,242176,NaN,NaN
2026-04-27 17:21:57.996,50904,ESTAB,cubic,232,28.838,1.771,20.036,1448,10,14480,10136,48028739,48028739,72520,NaN,33242,18948,33241,176,NaN,NaN,4820160,2871080,33242,220160,242176,NaN,NaN
2026-04-27 17:21:58.260,50904,ESTAB,cubic,232,28.838,1.771,20.036,1448,10,14480,10136,48028739,48028739,72520,NaN,33242,18948,33241,176,NaN,NaN,4820160,2871080,33242,220160,242176,NaN,NaN
2026-04-27 17:21:58.519,50904,ESTAB,cubic,232,28.838,1.771,20.036,1448,10,14480,10136,48028739,48028739,72520,NaN,33242,18948,33241,176,NaN,NaN,4820160,2871080,33242,220160,242176,NaN,NaN
2026-04-27 17:21:58.779,50904,ESTAB,cubic,232,30.956,3.239,20.036,1448,8,11584,10136,48115358,48103774,73344,NaN,33302,18979,33301,178,NaN,NaN,3592344,2883744,33294,219648,248320,8,186792
2026-04-27 17:21:59.040,50904,ESTAB,cubic,236,32.155,2.147,20.036,1448,11,15928,10136,48228302,48213822,73344,NaN,33380,19024,33379,178,NaN,NaN,4755344,3352432,33370,220160,248320,10,204168
2026-04-27 17:21:59.301,50904,ESTAB,cubic,232,30.618,0.431,20.036,1448,10,14480,11584,48338350,48323870,73344,NaN,33456,19071,33455,178,NaN,NaN,4539976,3347432,33446,220160,248320,10,138470
2026-04-27 17:21:59.562,50904,ESTAB,cubic,232,30.866,0.429,20.036,1448,10,14480,11584,48446950,48432470,73344,NaN,33531,19116,33530,178,NaN,NaN,4503480,3347432,33521,220160,248320,10,29870
2026-04-27 17:21:59.822,50904,ESTAB,cubic,232,29.773,3.944,20.036,1448,7,10136,10136,48476820,48476820,73344,NaN,33552,19135,33551,178,NaN,NaN,3268160,1858936,33552,220160,248320,NaN,NaN
2026-04-27 17:22:00.102,50904,ESTAB,cubic,232,29.773,3.944,20.036,1448,7,10136,10136,48476820,48476820,73344,NaN,33552,19135,33551,178,NaN,NaN,3268160,1858936,33552,220160,248320,NaN,NaN
2026-04-27 17:22:00.359,50904,ESTAB,cubic,232,29.773,3.944,20.036,1448,7,10136,10136,48476820,48476820,73344,NaN,33552,19135,33551,178,NaN,NaN,3268160,1858936,33552,220160,248320,NaN,NaN
2026-04-27 17:22:00.619,50904,ESTAB,cubic,232,28.027,4.129,20.036,1448,7,10136,10136,48479703,48479703,73752,NaN,33554,19138,33553,179,NaN,NaN,3471752,1858936,33554,219648,250880,NaN,NaN
2026-04-27 17:22:00.877,50904,ESTAB,cubic,236,33.219,2.48,20.036,1448,11,15928,10136,48592399,48580815,74168,NaN,33632,19174,33631,180,NaN,NaN,4603048,3333040,33624,220160,253952,8,288152
2026-04-27 17:22:01.099,50904,ESTAB,cubic,232,28.924,0.815,20.036,1448,10,14480,11584,48693759,48679279,74168,NaN,33702,19215,33701,180,NaN,NaN,4805904,3350128,33692,220160,253952,10,186792
2026-04-27 17:22:01.321,50904,ESTAB,cubic,228,24.386,0.552,20.036,1448,15,21720,11584,48874759,48854487,74168,NaN,33827,19280,33826,180,NaN,NaN,8550392,6708416,33813,220160,253952,14,52842
2026-04-27 17:22:01.557,50904,ESTAB,cubic,228,25.99,1.074,20.036,1448,17,24616,11584,48927601,48927601,74168,NaN,33864,19312,33863,180,NaN,NaN,9092304,6664856,33864,220160,253952,NaN,NaN
2026-04-27 17:22:01.825,50904,ESTAB,cubic,228,25.99,1.074,20.036,1448,17,24616,11584,48927601,48927601,74168,NaN,33864,19312,33863,180,NaN,NaN,9092304,6664856,33864,220160,253952,NaN,NaN
2026-04-27 17:22:02.091,50904,ESTAB,cubic,228,25.99,1.074,20.036,1448,17,24616,11584,48927601,48927601,74168,NaN,33864,19312,33863,180,NaN,NaN,9092304,6664856,33864,220160,253952,NaN,NaN
2026-04-27 17:22:02.342,50904,ESTAB,cubic,228,25.99,1.074,20.036,1448,17,24616,11584,48927601,48927601,74168,NaN,33864,19312,33863,180,NaN,NaN,9092304,6664856,33864,220160,253952,NaN,NaN
2026-04-27 17:22:02.600,50904,ESTAB,cubic,228,25.99,1.074,20.036,1448,17,24616,11584,48927601,48927601,74168,NaN,33864,19312,33863,180,NaN,NaN,9092304,6664856,33864,220160,253952,NaN,NaN
2026-04-27 17:22:02.863,50904,ESTAB,cubic,232,29.578,1.28,20.036,1448,19,27512,17376,49076144,49075036,74992,NaN,33967,19366,33966,182,NaN,NaN,8929216,5952720,33966,220160,259584,1,NaN
2026-04-27 17:22:03.123,50904,ESTAB,cubic,236,34.954,11.712,20.036,1448,19,27512,17376,49076144,49076144,74992,NaN,33967,19367,33966,182,NaN,NaN,7555912,2630928,33967,220160,259584,NaN,NaN
2026-04-27 17:22:03.385,50904,ESTAB,cubic,236,34.954,11.712,20.036,1448,19,27512,17376,49076144,49076144,74992,NaN,33967,19367,33966,182,NaN,NaN,7555912,2630928,33967,220160,259584,NaN,NaN
2026-04-27 17:22:03.651,50904,ESTAB,cubic,236,34.954,11.712,20.036,1448,19,27512,17376,49076144,49076144,74992,NaN,33967,19367,33966,182,NaN,NaN,7555912,2630928,33967,220160,259584,NaN,NaN
2026-04-27 17:22:03.920,50904,ESTAB,cubic,236,34.954,11.712,20.036,1448,19,27512,17376,49076144,49076144,74992,NaN,33967,19367,33966,182,NaN,NaN,7555912,2630928,33967,220160,259584,NaN,NaN
2026-04-27 17:22:04.177,50904,ESTAB,cubic,236,34.954,11.712,20.036,1448,19,27512,17376,49076144,49076144,74992,NaN,33967,19367,33966,182,NaN,NaN,7555912,2630928,33967,220160,259584,NaN,NaN
2026-04-27 17:22:04.422,50904,ESTAB,cubic,236,34.954,11.712,20.036,1448,19,27512,17376,49076144,49076144,74992,NaN,33967,19367,33966,182,NaN,NaN,7555912,2630928,33967,220160,259584,NaN,NaN
2026-04-27 17:22:04.687,50904,ESTAB,cubic,232,31.497,11.841,20.036,1448,10,14480,18824,49091811,49079027,75816,NaN,33978,19371,33977,184,NaN,NaN,4413296,2630928,33969,220160,265728,9,159474
2026-04-27 17:22:04.936,50904,ESTAB,cubic,232,29.886,0.948,20.036,1448,20,28960,18824,49251285,49251285,75816,NaN,34089,19431,34088,184,NaN,NaN,9302352,5513560,34089,220160,265728,NaN,NaN
2026-04-27 17:22:05.185,50904,ESTAB,cubic,232,29.886,0.948,20.036,1448,20,28960,18824,49251285,49251285,75816,NaN,34089,19431,34088,184,NaN,NaN,9302352,5513560,34089,220160,265728,NaN,NaN
2026-04-27 17:22:05.440,50904,ESTAB,cubic,232,29.886,0.948,20.036,1448,20,28960,18824,49251285,49251285,75816,NaN,34089,19431,34088,184,NaN,NaN,9302352,5513560,34089,220160,265728,NaN,NaN
2026-04-27 17:22:05.705,50904,ESTAB,cubic,232,29.886,0.948,20.036,1448,20,28960,18824,49251285,49251285,75816,NaN,34089,19431,34088,184,NaN,NaN,9302352,5513560,34089,220160,265728,NaN,NaN
2026-04-27 17:22:05.961,50904,ESTAB,cubic,232,29.886,0.948,20.036,1448,20,28960,18824,49251285,49251285,75816,NaN,34089,19431,34088,184,NaN,NaN,9302352,5513560,34089,220160,265728,NaN,NaN
2026-04-27 17:22:06.212,50904,ESTAB,cubic,232,29.886,0.948,20.036,1448,20,28960,18824,49251285,49251285,75816,NaN,34089,19431,34088,184,NaN,NaN,9302352,5513560,34089,220160,265728,NaN,NaN
2026-04-27 17:22:06.472,50904,ESTAB,cubic,232,29.886,0.948,20.036,1448,20,28960,18824,49251285,49251285,75816,NaN,34089,19431,34088,184,NaN,NaN,9302352,5513560,34089,220160,265728,NaN,NaN
2026-04-27 17:22:06.731,50904,ESTAB,cubic,232,28.684,1.218,20.036,1448,10,14480,21720,49268400,49254168,76640,NaN,34101,19434,34100,186,NaN,NaN,4846056,5513560,34091,220160,271360,10,259192
2026-04-27 17:22:06.979,50904,ESTAB,cubic,232,29.885,0.321,20.036,1448,21,30408,21720,49488496,49465328,76640,NaN,34253,19507,34252,186,NaN,NaN,9767792,6690152,34237,220160,271360,16,169416
2026-04-27 17:22:07.208,50904,ESTAB,cubic,232,28.875,0.168,20.036,1448,21,30408,21720,49678184,49653568,76640,NaN,34384,19572,34383,186,NaN,NaN,10109536,6695088,34367,220160,271360,17,4924
2026-04-27 17:22:07.461,50904,ESTAB,cubic,236,34.881,10.692,20.036,1448,21,30408,21720,49684164,49684164,77046,NaN,34389,19584,34388,187,NaN,NaN,8368784,5358728,34389,220160,274432,NaN,NaN
2026-04-27 17:22:07.720,50904,ESTAB,cubic,236,34.881,10.692,20.036,1448,21,30408,21720,49684164,49684164,77046,NaN,34389,19584,34388,187,NaN,NaN,8368784,5358728,34389,220160,274432,NaN,NaN
2026-04-27 17:22:07.978,50904,ESTAB,cubic,236,34.881,10.692,20.036,1448,21,30408,21720,49684164,49684164,77046,NaN,34389,19584,34388,187,NaN,NaN,8368784,5358728,34389,220160,274432,NaN,NaN
2026-04-27 17:22:08.249,50904,ESTAB,cubic,236,34.881,10.692,20.036,1448,21,30408,21720,49684164,49684164,77046,NaN,34389,19584,34388,187,NaN,NaN,8368784,5358728,34389,220160,274432,NaN,NaN
2026-04-27 17:22:08.501,50904,ESTAB,cubic,236,34.881,10.692,20.036,1448,21,30408,21720,49684164,49684164,77046,NaN,34389,19584,34388,187,NaN,NaN,8368784,5358728,34389,220160,274432,NaN,NaN
2026-04-27 17:22:08.743,50904,ESTAB,cubic,232,31.45,10.877,20.036,1448,10,14480,21720,49687047,49687047,77454,NaN,34391,19587,34390,188,NaN,NaN,4419840,5358728,34391,218624,276992,NaN,NaN
2026-04-27 17:22:08.986,50904,ESTAB,cubic,232,30.129,0.676,20.036,1448,21,30408,21720,49890967,49869247,77870,NaN,34532,19651,34531,189,NaN,NaN,9688696,6701760,34517,220160,280064,15,199824
2026-04-27 17:22:09.223,50904,ESTAB,cubic,232,29.008,0.343,20.036,1448,21,30408,21720,50089343,50066175,77870,NaN,34669,19719,34668,189,NaN,NaN,10063096,6692080,34653,220160,280064,16,262088
2026-04-27 17:22:09.480,50904,ESTAB,cubic,232,30.384,0.297,20.036,1448,21,30408,21720,50303647,50280479,77870,NaN,34817,19793,34816,189,NaN,NaN,9607576,6684120,34801,220160,280064,16,178104
2026-04-27 17:22:09.741,50904,ESTAB,cubic,232,29.161,1.167,20.036,1448,21,30408,21720,50509731,50494783,77870,NaN,34960,19867,34959,189,NaN,NaN,10010256,6292656,34949,220160,280064,11,NaN
2026-04-27 17:22:10.002,50904,ESTAB,cubic,236,34.737,10.599,20.036,1448,21,30408,21720,50509731,50509731,77870,NaN,34960,19873,34959,189,NaN,NaN,8403624,2756896,34960,220160,280064,NaN,NaN
2026-04-27 17:22:10.242,50904,ESTAB,cubic,236,34.737,10.599,20.036,1448,21,30408,21720,50509731,50509731,77870,NaN,34960,19873,34959,189,NaN,NaN,8403624,2756896,34960,220160,280064,NaN,NaN
2026-04-27 17:22:10.505,50904,ESTAB,cubic,236,34.737,10.599,20.036,1448,21,30408,21720,50509731,50509731,77870,NaN,34960,19873,34959,189,NaN,NaN,8403624,2756896,34960,220160,280064,NaN,NaN
2026-04-27 17:22:10.778,50904,ESTAB,cubic,232,31.325,10.785,20.036,1448,10,14480,21720,50512614,50512614,78694,NaN,34962,19877,34961,191,NaN,NaN,4437552,2756896,34962,220160,282624,NaN,NaN
2026-04-27 17:22:11.027,50904,ESTAB,cubic,228,26.101,0.328,20.036,1448,16,23168,21720,50723774,50700606,78694,NaN,35108,19946,35107,191,NaN,NaN,8521232,6684616,35092,220160,285696,16,192584
2026-04-27 17:22:11.280,50904,ESTAB,cubic,228,27.958,1.067,20.036,1448,19,27512,21720,50936630,50913462,78694,NaN,35255,20032,35254,191,NaN,NaN,9446808,6681144,35239,220160,285696,16,240368
2026-04-27 17:22:11.531,50904,ESTAB,cubic,228,25.522,0.379,20.036,1448,15,21720,20272,51142246,51121974,78694,NaN,35397,20111,35396,191,NaN,NaN,8169848,6708616,35383,220160,285696,14,165072
2026-04-27 17:22:11.793,50904,ESTAB,cubic,228,27.423,0.831,20.036,1448,20,28960,20272,51350220,51340622,78694,NaN,35541,20201,35540,191,NaN,NaN,10137776,6307864,35534,220160,285696,7,NaN
2026-04-27 17:22:12.055,50904,ESTAB,cubic,228,27.347,1.144,20.036,1448,20,28960,20272,51350220,51350220,78694,NaN,35541,20205,35540,191,NaN,NaN,10166232,5579960,35541,220160,285696,NaN,NaN
2026-04-27 17:22:12.320,50904,ESTAB,cubic,228,27.347,1.144,20.036,1448,20,28960,20272,51350220,51350220,78694,NaN,35541,20205,35540,191,NaN,NaN,10166232,5579960,35541,220160,285696,NaN,NaN
2026-04-27 17:22:12.566,50904,ESTAB,cubic,228,27.347,1.144,20.036,1448,20,28960,20272,51350220,51350220,78694,NaN,35541,20205,35540,191,NaN,NaN,10166232,5579960,35541,220160,285696,NaN,NaN
2026-04-27 17:22:12.805,50904,ESTAB,cubic,228,25.654,1.49,20.036,1448,10,14480,21720,51353103,51353103,79518,NaN,35543,20209,35542,193,NaN,NaN,5418432,5579960,35543,220160,288768,NaN,NaN
2026-04-27 17:22:13.066,50904,ESTAB,cubic,232,30.055,0.795,20.036,1448,20,28960,21720,51559919,51538199,79518,NaN,35686,20273,35685,193,NaN,NaN,9250080,6684120,35671,220160,291328,15,196928
2026-04-27 17:22:13.322,50904,ESTAB,cubic,232,28.836,0.07,20.036,1448,20,28960,21720,51780015,51755399,79518,NaN,35838,20348,35837,193,NaN,NaN,9641232,6694448,35821,220160,291328,17,237472
2026-04-27 17:22:13.574,50904,ESTAB,cubic,232,29.546,0.47,20.036,1448,20,28960,21720,51989975,51966807,79518,NaN,35983,20421,35982,193,NaN,NaN,9409552,6705424,35967,220160,291328,16,157534
2026-04-27 17:22:13.830,50904,ESTAB,cubic,232,28.82,0.079,20.036,1448,20,28960,21720,52147509,52146359,79518,NaN,36092,20483,36091,193,NaN,NaN,9646336,6730096,36091,220160,291328,1,NaN
2026-04-27 17:22:14.099,50904,ESTAB,cubic,236,33.186,8.79,20.036,1448,20,28960,21720,52147509,52147509,79518,NaN,36092,20484,36091,193,NaN,NaN,8377440,2632448,36092,220160,291328,NaN,NaN
2026-04-27 17:22:14.350,50904,ESTAB,cubic,236,33.186,8.79,20.036,1448,20,28960,21720,52147509,52147509,79518,NaN,36092,20484,36091,193,NaN,NaN,8377440,2632448,36092,220160,291328,NaN,NaN
2026-04-27 17:22:14.610,50904,ESTAB,cubic,236,33.186,8.79,20.036,1448,20,28960,21720,52147509,52147509,79518,NaN,36092,20484,36091,193,NaN,NaN,8377440,2632448,36092,220160,291328,NaN,NaN
2026-04-27 17:22:14.865,50904,ESTAB,cubic,232,30.156,8.994,20.036,1448,10,14480,21720,52163176,52150392,80342,NaN,36103,20488,36102,195,NaN,NaN,4609584,2632448,36094,220160,297472,9,260640
2026-04-27 17:22:15.115,50904,ESTAB,cubic,228,25.277,0.725,20.036,1448,15,21720,20272,52376032,52354312,80342,NaN,36250,20563,36249,195,NaN,NaN,8248872,6711208,36235,220160,297472,15,178104
2026-04-27 17:22:15.363,50904,ESTAB,cubic,232,28.431,0.632,20.036,1448,19,27512,20272,52580200,52557032,80342,NaN,36391,20641,36390,195,NaN,NaN,9289520,6697672,36375,220160,297472,16,234576
2026-04-27 17:22:15.631,50904,ESTAB,cubic,228,26.245,1.077,20.036,1448,17,24616,20272,52801744,52781472,80342,NaN,36544,20729,36543,195,NaN,NaN,9004136,6721688,36530,220160,297472,14,165055
2026-04-27 17:22:15.891,50904,ESTAB,cubic,232,28.082,0.278,20.036,1448,20,28960,20272,52966799,52966799,80342,NaN,36658,20797,36657,195,NaN,NaN,9900056,5576552,36658,220160,297472,NaN,NaN
2026-04-27 17:22:16.120,50904,ESTAB,cubic,232,28.082,0.278,20.036,1448,20,28960,20272,52966799,52966799,80342,NaN,36658,20797,36657,195,NaN,NaN,9900056,5576552,36658,220160,297472,NaN,NaN
2026-04-27 17:22:16.359,50904,ESTAB,cubic,232,28.082,0.278,20.036,1448,20,28960,20272,52966799,52966799,80342,NaN,36658,20797,36657,195,NaN,NaN,9900056,5576552,36658,220160,297472,NaN,NaN
2026-04-27 17:22:16.619,50904,ESTAB,cubic,232,28.082,0.278,20.036,1448,20,28960,20272,52966799,52966799,80342,NaN,36658,20797,36657,195,NaN,NaN,9900056,5576552,36658,220160,297472,NaN,NaN
2026-04-27 17:22:16.871,50904,ESTAB,cubic,228,26.239,0.714,20.036,1448,10,14480,21720,52969682,52969682,81166,NaN,36660,20801,36659,197,NaN,NaN,5297584,5576552,36660,220160,300032,NaN,NaN
2026-04-27 17:22:17.107,50904,ESTAB,cubic,232,29.808,1.033,20.036,1448,20,28960,21720,53164914,53140298,81166,NaN,36795,20860,36794,197,NaN,NaN,9326696,6694744,36778,220160,303104,17,208512
2026-04-27 17:22:17.348,50904,ESTAB,cubic,232,29.038,0.368,20.036,1448,20,28960,21720,53366186,53343018,81166,NaN,36934,20930,36933,197,NaN,NaN,9574000,6694232,36918,220160,303104,16,267880
2026-04-27 17:22:17.592,50904,ESTAB,cubic,232,30.176,0.618,20.036,1448,20,28960,21720,53567458,53548634,81166,NaN,37073,21001,37072,197,NaN,NaN,9213072,6683880,37060,220160,303104,13,196928
2026-04-27 17:22:17.838,50904,ESTAB,cubic,232,28.951,0.263,20.036,1448,20,28960,21720,53773074,53748458,81166,NaN,37215,21070,37214,197,NaN,NaN,9602816,6688432,37198,220160,303104,17,24295
2026-04-27 17:22:18.104,50904,ESTAB,cubic,236,34.037,8.723,20.036,1448,20,28960,21720,53798425,53798425,81572,NaN,37233,21089,37232,198,NaN,NaN,8167960,5857896,37233,220160,306176,NaN,NaN
2026-04-27 17:22:18.343,50904,ESTAB,cubic,236,34.037,8.723,20.036,1448,20,28960,21720,53798425,53798425,81572,NaN,37233,21089,37232,198,NaN,NaN,8167960,5857896,37233,220160,306176,NaN,NaN
2026-04-27 17:22:18.592,50904,ESTAB,cubic,236,34.037,8.723,20.036,1448,20,28960,21720,53798425,53798425,81572,NaN,37233,21089,37232,198,NaN,NaN,8167960,5857896,37233,220160,306176,NaN,NaN
2026-04-27 17:22:18.844,50904,ESTAB,cubic,236,34.037,8.723,20.036,1448,20,28960,21720,53798425,53798425,81572,NaN,37233,21089,37232,198,NaN,NaN,8167960,5857896,37233,220160,306176,NaN,NaN
2026-04-27 17:22:19.090,50904,ESTAB,cubic,228,27.851,0.39,20.036,1448,14,20272,20272,53964684,53944412,82396,NaN,37348,21144,37347,200,NaN,NaN,6987520,5578880,37334,220160,311808,14,240368
2026-04-27 17:22:19.337,50904,ESTAB,cubic,228,26.902,1.131,20.036,1448,18,26064,20272,54173196,54152924,82396,NaN,37492,21229,37491,200,NaN,NaN,9300736,6323544,37478,220160,311808,14,162176
2026-04-27 17:22:19.601,50904,ESTAB,cubic,232,28.687,0.316,20.036,1448,20,28960,20272,54396188,54373020,82396,NaN,37646,21313,37645,200,NaN,NaN,9691312,6701112,37630,220160,311808,16,199824
2026-04-27 17:22:19.857,50904,ESTAB,cubic,232,28.777,0.113,20.036,1448,20,28960,20272,54613388,54588772,82396,NaN,37796,21389,37795,200,NaN,NaN,9661048,6666192,37779,220160,311808,17,243264
2026-04-27 17:22:20.098,50904,ESTAB,cubic,232,28.156,0.236,20.036,1448,20,28960,20272,54817556,54794388,82396,NaN,37937,21462,37936,200,NaN,NaN,9873992,6326184,37921,220160,311808,16,152813
2026-04-27 17:22:20.331,50904,ESTAB,cubic,232,28.512,0.208,20.036,1448,20,28960,20272,54970369,54970369,82396,NaN,38043,21524,38042,200,NaN,NaN,9750536,6300784,38043,220160,311808,NaN,NaN
2026-04-27 17:22:20.575,50904,ESTAB,cubic,232,28.512,0.208,20.036,1448,20,28960,20272,54970369,54970369,82396,NaN,38043,21524,38042,200,NaN,NaN,9750536,6300784,38043,220160,311808,NaN,NaN
