timestamp,dst_port,state,cc_algo,rto_ms,rtt_ms,rtt_var_ms,min_rtt_ms,mss_bytes,cwnd_pkts,cwnd_bytes,ssthresh_bytes,bytes_sent,bytes_acked,bytes_received,bytes_retrans,segs_out,segs_in,data_segs_out,data_segs_in,retrans_outstanding,retrans_total,pacing_rate_bps,delivery_rate_bps,delivered_pkts,snd_wnd_bytes,rcv_wnd_bytes,unacked_pkts,notsent_bytes
2026-04-01 10:34:45.021,34866,ESTAB,cubic,224,20.881,6.331,20.135,1448,10,14480,NaN,2883,2883,408,NaN,3,5,2,1,NaN,NaN,11094920,1150232,3,48640,43520,NaN,NaN
2026-04-01 10:34:45.308,34866,ESTAB,cubic,224,20.881,6.331,20.135,1448,10,14480,NaN,2883,2883,408,NaN,3,5,2,1,NaN,NaN,11094920,1150232,3,48640,43520,NaN,NaN
2026-04-01 10:34:45.796,55114,ESTAB,cubic,224,22.473,9.215,20.151,1448,10,14480,NaN,15288,1056,822,NaN,12,5,11,2,NaN,NaN,10309144,574856,2,45568,43520,10,85432
2026-04-01 10:34:46.019,55114,ESTAB,cubic,232,28.708,0.037,20.091,1448,36,52128,52128,185068,183256,822,NaN,130,68,129,2,NaN,NaN,17431608,6699392,128,113664,43520,2,NaN
2026-04-01 10:34:46.244,55114,ESTAB,cubic,232,28.739,0.402,20.091,1448,36,52128,52128,299552,298496,2050,NaN,210,111,209,5,NaN,NaN,17412496,6300784,209,114176,43520,1,NaN
2026-04-01 10:34:46.472,55114,ESTAB,cubic,236,33.224,9.272,20.091,1448,36,52128,52128,299552,299552,2050,NaN,210,112,209,5,NaN,NaN,15061984,6300784,210,114176,43520,NaN,NaN
2026-04-01 10:34:46.701,55114,ESTAB,cubic,236,33.224,9.272,20.091,1448,36,52128,52128,299552,299552,2050,NaN,210,112,209,5,NaN,NaN,15061984,6300784,210,114176,43520,NaN,NaN
2026-04-01 10:34:46.927,55114,ESTAB,cubic,232,30.417,9.369,20.067,1448,10,14480,52128,302720,301664,3268,NaN,213,116,212,8,NaN,NaN,7616600,6300784,212,114176,43520,1,NaN
2026-04-01 10:34:47.169,55114,ESTAB,cubic,228,25.661,3.563,20.067,1448,10,14480,52128,312224,311168,6922,NaN,222,125,221,17,NaN,NaN,9028392,6300784,221,114176,43520,1,NaN
2026-04-01 10:34:47.444,55114,ESTAB,cubic,228,26.547,1.058,20.067,1448,10,14480,52128,323840,322784,11388,NaN,233,136,232,28,NaN,NaN,8727120,6300784,232,114176,43520,1,NaN
2026-04-01 10:34:47.699,55114,ESTAB,cubic,228,26.462,1.702,20.067,1448,10,14480,52128,333344,332288,15042,NaN,242,145,241,37,NaN,NaN,8755072,6300784,241,114176,43520,1,NaN
2026-04-01 10:34:47.953,55120,ESTAB,cubic,232,28.825,1.159,20.146,1448,36,52128,NaN,110856,87688,822,NaN,78,35,77,2,NaN,NaN,28934128,6699392,62,113664,43520,16,260640
2026-04-01 10:34:48.216,55120,ESTAB,cubic,232,28.745,0.023,20.146,1448,36,52128,52128,330952,307784,822,NaN,230,111,229,2,NaN,NaN,17409016,6693800,214,113664,43520,16,102470
2026-04-01 10:34:48.493,55120,ESTAB,cubic,232,30.259,0.486,20.146,1448,36,52128,52128,518214,495046,1644,NaN,360,171,359,4,NaN,NaN,16538040,6694256,344,257536,43520,16,254848
2026-04-01 10:34:48.758,55120,ESTAB,cubic,232,29.706,0.355,20.146,1448,36,52128,52128,739758,716590,1644,NaN,513,242,512,4,NaN,NaN,16845552,6697240,497,257536,43520,16,293944
2026-04-01 10:34:49.019,55120,ESTAB,cubic,232,29.889,0.976,20.146,1448,36,52128,52128,958406,933790,1644,NaN,664,317,663,4,NaN,NaN,16742624,6694744,647,257536,43520,17,205616
2026-04-01 10:34:49.289,55120,ESTAB,cubic,232,28.901,0.173,20.146,1448,36,52128,52128,1181398,1159678,1644,NaN,818,395,817,4,NaN,NaN,17315272,6698312,803,257536,43520,15,243264
2026-04-01 10:34:49.560,55120,ESTAB,cubic,232,29.187,0.454,20.146,1448,36,52128,52128,1408734,1385566,1644,NaN,975,473,974,4,NaN,NaN,17145528,6657896,959,257536,43520,16,261577
2026-04-01 10:34:49.811,55120,ESTAB,cubic,232,29.693,0.946,20.146,1448,36,52128,52128,1618694,1594078,1644,NaN,1120,545,1119,4,NaN,NaN,16853280,6695224,1103,257536,43520,17,51617
2026-04-01 10:34:50.055,55120,ESTAB,cubic,232,29.109,0.444,20.146,1448,36,52128,52128,1803279,1780111,2060,NaN,1248,610,1247,5,NaN,NaN,17191176,6691440,1232,257536,43520,16,205616
2026-04-01 10:34:50.287,55120,ESTAB,cubic,232,29.92,0.976,20.146,1448,36,52128,52128,1998759,1974143,2060,NaN,1383,677,1382,5,NaN,NaN,16725344,6677616,1366,257536,43520,17,270776
2026-04-01 10:34:50.520,55120,ESTAB,cubic,232,29.141,0.447,20.146,1448,36,52128,52128,2194239,2168175,2060,NaN,1518,744,1517,5,NaN,NaN,17172448,6699608,1500,257536,43520,18,205616
2026-04-01 10:34:50.755,55120,ESTAB,cubic,232,29.897,0.945,20.146,1448,36,52128,52128,2389719,2365103,2060,NaN,1653,812,1652,5,NaN,NaN,16738216,6694744,1636,257536,43520,17,270776
2026-04-01 10:34:50.993,55120,ESTAB,cubic,232,29.096,0.392,20.146,1448,36,52128,52128,2588095,2564927,2060,NaN,1790,881,1789,5,NaN,NaN,17198856,6694872,1774,257536,43520,16,202720
2026-04-01 10:34:51.230,55120,ESTAB,cubic,232,30.054,0.783,20.146,1448,36,52128,52128,2786471,2761855,2060,NaN,1927,949,1926,5,NaN,NaN,16650568,6679784,1910,257536,43520,17,76465
2026-04-01 10:34:51.463,55120,ESTAB,cubic,232,28.726,0.686,20.146,1448,36,52128,52128,2862936,2862936,2060,NaN,1980,984,1979,5,NaN,NaN,17420456,5519192,1980,257536,43520,NaN,NaN
2026-04-01 10:34:51.691,55120,ESTAB,cubic,232,28.726,0.686,20.146,1448,36,52128,52128,2862936,2862936,2060,NaN,1980,984,1979,5,NaN,NaN,17420456,5519192,1980,257536,43520,NaN,NaN
2026-04-01 10:34:51.930,55120,ESTAB,cubic,228,26.142,1.933,20.146,1448,30,43440,52128,2917699,2894531,2884,NaN,2018,997,2017,7,NaN,NaN,15952256,5927480,2002,257536,43520,16,286704
2026-04-01 10:34:52.165,55120,ESTAB,cubic,232,29.402,0.425,20.146,1448,36,52128,52128,3114627,3091459,2884,NaN,2154,1065,2153,7,NaN,NaN,17019864,6705424,2138,257536,43520,16,220096
2026-04-01 10:34:52.411,55120,ESTAB,cubic,232,29.649,1.088,20.146,1448,36,52128,52128,3321691,3297075,2884,NaN,2297,1136,2296,7,NaN,NaN,16878432,6695464,2280,257536,43520,17,273672
2026-04-01 10:34:52.652,55120,ESTAB,cubic,232,29.067,0.385,20.146,1448,36,52128,52128,3522963,3499795,2884,NaN,2436,1206,2435,7,NaN,NaN,17216240,6695088,2420,257536,43520,16,202720
2026-04-01 10:34:52.889,55120,ESTAB,cubic,232,30.087,0.648,20.146,1448,36,52128,52128,3724235,3699619,2884,NaN,2575,1275,2574,7,NaN,NaN,16632376,6697888,2558,257536,43520,17,255587
2026-04-01 10:34:53.117,55120,ESTAB,cubic,232,29.089,0.402,20.146,1448,36,52128,52128,3913923,3887859,2884,NaN,2706,1340,2705,7,NaN,NaN,17202848,6688864,2688,257536,43520,18,65899
2026-04-01 10:34:53.361,55120,ESTAB,cubic,232,30.2,0.52,20.146,1448,36,52128,52128,3979822,3979822,2884,NaN,2752,1372,2751,7,NaN,NaN,16570416,5841648,2752,257536,43520,NaN,NaN
2026-04-01 10:34:53.594,55120,ESTAB,cubic,232,30.2,0.52,20.146,1448,36,52128,52128,3979822,3979822,2884,NaN,2752,1372,2751,7,NaN,NaN,16570416,5841648,2752,257536,43520,NaN,NaN
2026-04-01 10:34:53.828,55120,ESTAB,cubic,236,34.09,8.17,20.146,1448,10,14480,52128,3980878,3980878,3290,NaN,2753,1374,2752,8,NaN,NaN,6796120,5841648,2753,257536,43520,NaN,NaN
2026-04-01 10:34:54.062,55120,ESTAB,cubic,232,28.735,0.093,20.145,1448,36,52128,52128,4125417,4102249,4114,NaN,2853,1419,2852,10,NaN,NaN,17414768,6680928,2837,257536,43520,16,196928
2026-04-01 10:34:54.294,55120,ESTAB,cubic,232,30.048,0.767,20.145,1448,36,52128,52128,4318001,4293385,4114,NaN,2986,1485,2985,10,NaN,NaN,16654240,6686048,2969,257536,43520,17,264984
2026-04-01 10:34:54.532,55120,ESTAB,cubic,232,29.006,0.319,20.145,1448,36,52128,52128,4516377,4496105,4114,NaN,3123,1555,3122,10,NaN,NaN,17252368,6689072,3109,257536,43520,14,196928
2026-04-01 10:34:54.759,55120,ESTAB,cubic,232,30.054,0.77,20.145,1448,36,52128,52128,4708961,4684345,4114,NaN,3256,1620,3255,10,NaN,NaN,16650776,6674968,3239,257536,43520,17,92302
2026-04-01 10:34:54.989,55120,ESTAB,cubic,236,34.523,10.756,20.145,1448,36,52128,52128,4801263,4801263,4114,NaN,3320,1661,3319,10,NaN,NaN,14495144,2754616,3320,257536,43520,NaN,NaN
2026-04-01 10:34:55.221,55120,ESTAB,cubic,236,34.523,10.756,20.145,1448,36,52128,52128,4801263,4801263,4114,NaN,3320,1661,3319,10,NaN,NaN,14495144,2754616,3320,257536,43520,NaN,NaN
2026-04-01 10:34:55.454,55120,ESTAB,cubic,236,34.523,10.756,20.145,1448,36,52128,52128,4801263,4801263,4114,NaN,3320,1661,3319,10,NaN,NaN,14495144,2754616,3320,257536,43520,NaN,NaN
2026-04-01 10:34:55.687,55120,ESTAB,cubic,236,34.523,10.756,20.145,1448,36,52128,52128,4801263,4801263,4114,NaN,3320,1661,3319,10,NaN,NaN,14495144,2754616,3320,257536,43520,NaN,NaN
2026-04-01 10:34:55.923,55120,ESTAB,cubic,232,31.159,10.921,20.145,1448,10,14480,52128,4804146,4804146,4522,NaN,3322,1664,3321,11,NaN,NaN,7435352,2754616,3322,256512,43520,NaN,NaN
2026-04-01 10:34:56.156,55120,ESTAB,cubic,232,29.921,0.968,20.145,1448,36,52128,52128,5002274,4977658,4938,NaN,3459,1725,3458,12,NaN,NaN,16724928,6678336,3442,257536,43520,17,270776
2026-04-01 10:34:56.395,55120,ESTAB,cubic,232,29.181,0.417,20.145,1448,36,52128,52128,5197754,5171690,4938,NaN,3594,1792,3593,12,NaN,NaN,17148688,6704992,3576,257536,43520,18,205616
2026-04-01 10:34:56.648,55120,ESTAB,cubic,232,30.29,0.504,20.145,1448,36,52128,52128,5412058,5385994,4938,NaN,3742,1866,3741,12,NaN,NaN,16521048,6677616,3724,257536,43520,18,251952
2026-04-01 10:34:56.891,55120,ESTAB,cubic,232,28.903,0.166,20.145,1448,36,52128,52128,5616226,5591610,4938,NaN,3883,1937,3882,12,NaN,NaN,17313848,6687144,3866,257536,43520,17,108932
2026-04-01 10:34:57.131,55120,ESTAB,cubic,236,33.819,10.18,20.145,1448,36,52128,52128,5725158,5725158,4938,NaN,3959,1984,3958,12,NaN,NaN,14796936,2433576,3959,258048,43520,NaN,NaN
2026-04-01 10:34:57.373,55120,ESTAB,cubic,236,33.819,10.18,20.145,1448,36,52128,52128,5725158,5725158,4938,NaN,3959,1984,3958,12,NaN,NaN,14796936,2433576,3959,258048,43520,NaN,NaN
2026-04-01 10:34:57.620,55120,ESTAB,cubic,236,33.819,10.18,20.145,1448,36,52128,52128,5725158,5725158,4938,NaN,3959,1984,3958,12,NaN,NaN,14796936,2433576,3959,258048,43520,NaN,NaN
2026-04-01 10:34:57.870,55120,ESTAB,cubic,236,33.819,10.18,20.145,1448,36,52128,52128,5725158,5725158,4938,NaN,3959,1984,3958,12,NaN,NaN,14796936,2433576,3959,258048,43520,NaN,NaN
2026-04-01 10:34:58.116,55120,ESTAB,cubic,232,28.801,0.071,20.145,1448,36,52128,52128,5869697,5843633,5762,NaN,4059,2028,4058,14,NaN,NaN,17375088,6697024,4041,258048,43520,18,196928
2026-04-01 10:34:58.346,55120,ESTAB,cubic,232,30.095,0.757,20.145,1448,36,52128,52128,6062281,6037665,5762,NaN,4192,2095,4191,14,NaN,NaN,16628024,6692080,4175,258048,43520,17,264984
2026-04-01 10:34:58.582,55120,ESTAB,cubic,232,29.111,0.398,20.145,1448,36,52128,52128,6254865,6231697,5762,NaN,4325,2162,4324,14,NaN,NaN,17189920,6687576,4309,258048,43520,16,202720
2026-04-01 10:34:58.839,55120,ESTAB,cubic,232,30.164,0.485,20.145,1448,36,52128,52128,6472065,6446001,5762,NaN,4475,2236,4474,14,NaN,NaN,16590192,6680504,4457,258048,43520,18,162060
2026-04-01 10:34:59.090,55120,ESTAB,cubic,232,28.966,0.271,20.145,1448,36,52128,52128,6634125,6634125,5762,NaN,4587,2301,4586,14,NaN,NaN,17276120,6699608,4587,258048,43520,NaN,NaN
2026-04-01 10:34:59.328,55120,ESTAB,cubic,232,28.966,0.271,20.145,1448,36,52128,52128,6634125,6634125,5762,NaN,4587,2301,4586,14,NaN,NaN,17276120,6699608,4587,258048,43520,NaN,NaN
2026-04-01 10:34:59.578,55120,ESTAB,cubic,232,28.966,0.271,20.145,1448,36,52128,52128,6634125,6634125,5762,NaN,4587,2301,4586,14,NaN,NaN,17276120,6699608,4587,258048,43520,NaN,NaN
2026-04-01 10:34:59.806,55120,ESTAB,cubic,232,28.966,0.271,20.145,1448,36,52128,52128,6634125,6634125,5762,NaN,4587,2301,4586,14,NaN,NaN,17276120,6699608,4587,258048,43520,NaN,NaN
2026-04-01 10:35:00.044,55120,ESTAB,cubic,228,26.495,2.113,20.145,1448,22,31856,52128,6680200,6654136,6586,NaN,4619,2310,4618,16,NaN,NaN,11542080,5698256,4601,258048,43520,18,295392
2026-04-01 10:35:00.296,55120,ESTAB,cubic,232,29.501,1.196,20.145,1448,36,52128,52128,6888712,6864096,6586,NaN,4763,2382,4762,16,NaN,NaN,16962896,6298216,4746,258048,43520,17,217200
2026-04-01 10:35:00.553,55120,ESTAB,cubic,232,29.053,0.364,20.145,1448,36,52128,52128,7104464,7081296,6586,NaN,4912,2457,4911,16,NaN,NaN,17224680,6694016,4896,258048,43520,16,262088
2026-04-01 10:35:00.811,55120,ESTAB,cubic,232,30.383,0.309,20.145,1448,36,52128,52128,7318768,7295600,6586,NaN,5060,2531,5059,16,NaN,NaN,16470544,6692568,5044,258048,43520,16,178104
2026-04-01 10:35:01.075,55120,ESTAB,cubic,232,29.472,1.191,20.145,1448,36,52128,52128,7540312,7515696,6586,NaN,5213,2607,5212,16,NaN,NaN,16979440,6300360,5196,258048,43520,17,27124
2026-04-01 10:35:01.332,55120,ESTAB,cubic,232,29.567,0.525,20.145,1448,36,52128,52128,7567436,7567436,6586,NaN,5232,2625,5231,16,NaN,NaN,16924816,6695464,5232,258048,43520,NaN,NaN
2026-04-01 10:35:01.600,55120,ESTAB,cubic,232,29.567,0.525,20.145,1448,36,52128,52128,7567436,7567436,6586,NaN,5232,2625,5231,16,NaN,NaN,16924816,6695464,5232,258048,43520,NaN,NaN
2026-04-01 10:35:01.857,55120,ESTAB,cubic,232,29.567,0.525,20.145,1448,36,52128,52128,7567436,7567436,6586,NaN,5232,2625,5231,16,NaN,NaN,16924816,6695464,5232,258048,43520,NaN,NaN
2026-04-01 10:35:02.116,55120,ESTAB,cubic,232,28.081,1.298,20.145,1448,36,52128,52128,7648263,7625095,7410,NaN,5288,2647,5287,18,NaN,NaN,17820504,6674512,5272,258048,43520,16,260640
2026-04-01 10:35:02.373,55120,ESTAB,cubic,232,28.878,0.083,20.145,1448,36,52128,52128,7864015,7839399,7410,NaN,5437,2721,5436,18,NaN,NaN,17328760,6690792,5420,258048,43520,17,175208
2026-04-01 10:35:02.616,55120,ESTAB,cubic,232,29.758,0.492,20.145,1448,36,52128,52128,8068183,8045015,7410,NaN,5578,2792,5577,18,NaN,NaN,16816472,6689936,5562,258048,43520,16,103039
2026-04-01 10:35:02.863,55120,ESTAB,cubic,232,29.976,0.33,20.145,1448,36,52128,52128,8171222,8171222,7410,NaN,5650,2836,5649,18,NaN,NaN,16694032,6701272,5650,258048,43520,NaN,NaN
2026-04-01 10:35:03.113,55120,ESTAB,cubic,232,29.976,0.33,20.145,1448,36,52128,52128,8171222,8171222,7410,NaN,5650,2836,5649,18,NaN,NaN,16694032,6701272,5650,258048,43520,NaN,NaN
2026-04-01 10:35:03.371,55120,ESTAB,cubic,232,29.976,0.33,20.145,1448,36,52128,52128,8171222,8171222,7410,NaN,5650,2836,5649,18,NaN,NaN,16694032,6701272,5650,258048,43520,NaN,NaN
2026-04-01 10:35:03.624,55120,ESTAB,cubic,232,29.976,0.33,20.145,1448,36,52128,52128,8171222,8171222,7410,NaN,5650,2836,5649,18,NaN,NaN,16694032,6701272,5650,258048,43520,NaN,NaN
2026-04-01 10:35:03.875,55120,ESTAB,cubic,232,29.976,0.33,20.145,1448,36,52128,52128,8171222,8171222,7410,NaN,5650,2836,5649,18,NaN,NaN,16694032,6701272,5650,258048,43520,NaN,NaN
2026-04-01 10:35:04.109,55120,ESTAB,cubic,228,26.128,2.043,20.145,1448,26,37648,52128,8220193,8197025,8234,NaN,5684,2847,5683,20,NaN,NaN,13832368,5834784,5668,258048,43520,16,292496
2026-04-01 10:35:04.346,55120,ESTAB,cubic,232,29.574,0.349,20.145,1448,36,52128,52128,8420017,8393953,8234,NaN,5822,2915,5821,20,NaN,NaN,16920880,6716872,5804,258048,43520,18,222992
2026-04-01 10:35:04.584,55120,ESTAB,cubic,232,29.13,1.102,20.145,1448,36,52128,52128,8615497,8590881,8234,NaN,5957,2983,5956,20,NaN,NaN,17179008,6300784,5940,258048,43520,17,288152
2026-04-01 10:35:04.846,55120,ESTAB,cubic,232,29.048,0.377,20.145,1448,36,52128,52128,8831249,8808081,8234,NaN,6106,3058,6105,20,NaN,NaN,17227576,6701112,6090,258048,43520,16,124583
2026-04-01 10:35:05.102,55120,ESTAB,cubic,236,33.961,10.173,20.145,1448,36,52128,52128,8955832,8955832,8234,NaN,6193,3110,6192,20,NaN,NaN,14735336,2155928,6193,258048,43520,NaN,NaN
2026-04-01 10:35:05.349,55120,ESTAB,cubic,236,33.961,10.173,20.145,1448,36,52128,52128,8955832,8955832,8234,NaN,6193,3110,6192,20,NaN,NaN,14735336,2155928,6193,258048,43520,NaN,NaN
2026-04-01 10:35:05.623,55120,ESTAB,cubic,236,33.961,10.173,20.145,1448,36,52128,52128,8955832,8955832,8234,NaN,6193,3110,6192,20,NaN,NaN,14735336,2155928,6193,258048,43520,NaN,NaN
2026-04-01 10:35:05.890,55120,ESTAB,cubic,236,33.961,10.173,20.145,1448,36,52128,52128,8955832,8955832,8234,NaN,6193,3110,6192,20,NaN,NaN,14735336,2155928,6193,258048,43520,NaN,NaN
2026-04-01 10:35:06.143,55120,ESTAB,cubic,228,26.939,2.732,20.145,1448,30,43440,52128,9010595,8987427,9058,NaN,6231,3124,6230,22,NaN,NaN,15480088,5928128,6215,258048,43520,16,286704
2026-04-01 10:35:06.397,55120,ESTAB,cubic,232,29.112,0.444,20.145,1448,36,52128,52128,9224899,9198835,9058,NaN,6379,3197,6378,22,NaN,NaN,17189328,6693152,6361,258048,43520,18,202720
2026-04-01 10:35:06.655,55120,ESTAB,cubic,232,30.352,0.457,20.145,1448,36,52128,52128,9439203,9413139,9058,NaN,6527,3271,6526,22,NaN,NaN,16487232,6694984,6509,258048,43520,18,249056
2026-04-01 10:35:06.915,55120,ESTAB,cubic,232,28.975,0.992,20.145,1448,36,52128,52128,9657851,9633235,9058,NaN,6678,3347,6677,22,NaN,NaN,17270528,6293080,6661,258048,43520,17,52372
2026-04-01 10:35:07.170,55120,ESTAB,cubic,232,29.053,0.492,20.145,1448,36,52128,52128,9710223,9710223,9058,NaN,6715,3374,6714,22,NaN,NaN,17224384,6709520,6715,258048,43520,NaN,NaN
2026-04-01 10:35:07.432,55120,ESTAB,cubic,232,29.053,0.492,20.145,1448,36,52128,52128,9710223,9710223,9058,NaN,6715,3374,6714,22,NaN,NaN,17224384,6709520,6715,258048,43520,NaN,NaN
2026-04-01 10:35:07.695,55120,ESTAB,cubic,232,29.053,0.492,20.145,1448,36,52128,52128,9710223,9710223,9058,NaN,6715,3374,6714,22,NaN,NaN,17224384,6709520,6715,258048,43520,NaN,NaN
2026-04-01 10:35:07.936,55120,ESTAB,cubic,232,29.053,0.492,20.145,1448,36,52128,52128,9710223,9710223,9058,NaN,6715,3374,6714,22,NaN,NaN,17224384,6709520,6715,258048,43520,NaN,NaN
2026-04-01 10:35:08.179,55120,ESTAB,cubic,228,26.916,2.134,20.145,1448,34,49232,52128,9770778,9747610,9882,NaN,6757,3389,6756,24,NaN,NaN,17559176,6004400,6741,258048,43520,16,280912
2026-04-01 10:35:08.435,55120,ESTAB,cubic,232,28.984,0.311,20.145,1448,36,52128,52128,9985082,9961914,9882,NaN,6905,3463,6904,24,NaN,NaN,17265392,6689720,6889,258048,43520,16,196928
2026-04-01 10:35:08.698,55120,ESTAB,cubic,232,30.435,0.22,20.145,1448,36,52128,52128,10205178,10179114,9882,NaN,7057,3538,7056,24,NaN,NaN,16442536,6691112,7039,258048,43520,18,237472
2026-04-01 10:35:08.954,55120,ESTAB,cubic,232,29.73,1.105,20.145,1448,36,52128,52128,10423826,10402106,9882,NaN,7208,3615,7207,24,NaN,NaN,16832376,6674728,7193,258048,43520,15,77970
2026-04-01 10:35:09.188,55120,ESTAB,cubic,236,33.375,9.223,20.145,1448,36,52128,52128,10501796,10501796,9882,NaN,7262,3650,7261,24,NaN,NaN,14993896,2575592,7262,258048,43520,NaN,NaN
2026-04-01 10:35:09.442,55120,ESTAB,cubic,236,33.375,9.223,20.145,1448,36,52128,52128,10501796,10501796,9882,NaN,7262,3650,7261,24,NaN,NaN,14993896,2575592,7262,258048,43520,NaN,NaN
2026-04-01 10:35:09.713,55120,ESTAB,cubic,236,33.375,9.223,20.145,1448,36,52128,52128,10501796,10501796,9882,NaN,7262,3650,7261,24,NaN,NaN,14993896,2575592,7262,258048,43520,NaN,NaN
2026-04-01 10:35:09.961,55120,ESTAB,cubic,236,33.375,9.223,20.145,1448,36,52128,52128,10501796,10501796,9882,NaN,7262,3650,7261,24,NaN,NaN,14993896,2575592,7262,258048,43520,NaN,NaN
2026-04-01 10:35:10.201,55120,ESTAB,cubic,228,26.816,2.672,20.145,1448,30,43440,52128,10556559,10533391,10706,NaN,7300,3664,7299,26,NaN,NaN,15551016,5932472,7284,258048,43520,16,286704
2026-04-01 10:35:10.448,55120,ESTAB,cubic,232,29.216,0.486,20.145,1448,36,52128,52128,10765071,10739007,10706,NaN,7444,3735,7443,26,NaN,NaN,17128360,6691224,7426,258048,43520,18,208512
2026-04-01 10:35:10.699,55120,ESTAB,cubic,232,30.009,0.774,20.145,1448,36,52128,52128,10972135,10950415,10706,NaN,7587,3808,7586,26,NaN,NaN,16675536,6696192,7572,258048,43520,15,262088
2026-04-01 10:35:10.954,55120,ESTAB,cubic,232,28.917,0.203,20.145,1448,36,52128,52128,11186439,11161823,10706,NaN,7735,3881,7734,26,NaN,NaN,17305688,6654280,7718,258048,43520,17,178104
2026-04-01 10:35:11.200,55120,ESTAB,cubic,232,29.863,0.476,20.145,1448,36,52128,52128,11366989,11366989,10706,NaN,7860,3952,7859,26,NaN,NaN,16757408,6692568,7860,258048,43520,NaN,NaN
2026-04-01 10:35:11.439,55120,ESTAB,cubic,232,29.863,0.476,20.145,1448,36,52128,52128,11366989,11366989,10706,NaN,7860,3952,7859,26,NaN,NaN,16757408,6692568,7860,258048,43520,NaN,NaN
2026-04-01 10:35:11.688,55120,ESTAB,cubic,232,29.863,0.476,20.145,1448,36,52128,52128,11366989,11366989,10706,NaN,7860,3952,7859,26,NaN,NaN,16757408,6692568,7860,258048,43520,NaN,NaN
2026-04-01 10:35:11.927,55120,ESTAB,cubic,232,29.863,0.476,20.145,1448,36,52128,52128,11366989,11366989,10706,NaN,7860,3952,7859,26,NaN,NaN,16757408,6692568,7860,258048,43520,NaN,NaN
2026-04-01 10:35:12.165,55120,ESTAB,cubic,232,29.863,0.476,20.145,1448,10,14480,52128,11369872,11366989,11114,NaN,7862,3953,7861,27,NaN,NaN,16757408,6692568,7860,258048,43520,2,NaN
2026-04-01 10:35:12.406,55120,ESTAB,cubic,232,30.014,0.923,20.145,1448,36,52128,52128,11570896,11546280,11530,NaN,8001,4016,8000,28,NaN,NaN,16672760,6704912,7984,258048,43520,17,267880
2026-04-01 10:35:12.667,55120,ESTAB,cubic,232,28.968,0.195,20.145,1448,36,52128,52128,11782304,11760584,11530,NaN,8147,4090,8146,28,NaN,NaN,17274704,6684576,8132,258048,43520,15,186792
2026-04-01 10:35:12.910,55120,ESTAB,cubic,232,30.386,0.301,20.145,1448,36,52128,52128,11989368,11963304,11530,NaN,8290,4160,8289,28,NaN,NaN,16468784,6704184,8272,258048,43520,18,178669
2026-04-01 10:35:13.163,55120,ESTAB,cubic,232,28.543,0.27,20.145,1448,36,52128,52128,12168037,12168037,11530,NaN,8414,4231,8413,28,NaN,NaN,17532144,5515064,8414,258048,43520,NaN,NaN
2026-04-01 10:35:13.394,55120,ESTAB,cubic,232,28.543,0.27,20.145,1448,36,52128,52128,12168037,12168037,11530,NaN,8414,4231,8413,28,NaN,NaN,17532144,5515064,8414,258048,43520,NaN,NaN
2026-04-01 10:35:13.639,55120,ESTAB,cubic,232,28.543,0.27,20.145,1448,36,52128,52128,12168037,12168037,11530,NaN,8414,4231,8413,28,NaN,NaN,17532144,5515064,8414,258048,43520,NaN,NaN
2026-04-01 10:35:13.884,55120,ESTAB,cubic,232,28.543,0.27,20.145,1448,36,52128,52128,12168037,12168037,11530,NaN,8414,4231,8413,28,NaN,NaN,17532144,5515064,8414,258048,43520,NaN,NaN
2026-04-01 10:35:14.115,55120,ESTAB,cubic,232,28.543,0.27,20.145,1448,36,52128,52128,12168037,12168037,11530,NaN,8414,4231,8413,28,NaN,NaN,17532144,5515064,8414,258048,43520,NaN,NaN
2026-04-01 10:35:14.366,55120,ESTAB,cubic,232,28.805,0.133,20.145,1448,36,52128,52128,12303888,12280720,12354,NaN,8508,4272,8507,30,NaN,NaN,17372456,6693584,8492,258048,43520,16,205616
2026-04-01 10:35:14.613,55120,ESTAB,cubic,232,30.27,1.368,20.145,1448,36,52128,52128,12508056,12487784,12354,NaN,8649,4343,8648,30,NaN,NaN,16531688,6702784,8635,258048,43520,14,262088
2026-04-01 10:35:14.847,55120,ESTAB,cubic,232,30.255,0.442,20.145,1448,36,52128,52128,12710776,12687608,12354,NaN,8789,4411,8788,30,NaN,NaN,16539952,6694496,8773,258048,43520,16,189688
2026-04-01 10:35:15.078,55120,ESTAB,cubic,232,29.006,0.274,20.145,1448,36,52128,52128,12899016,12878744,12354,NaN,8919,4477,8918,30,NaN,NaN,17252592,6694232,8905,258048,43520,14,136420
2026-04-01 10:35:15.321,55120,ESTAB,cubic,236,33.655,10.699,20.145,1448,36,52128,52128,13035436,13035436,12354,NaN,9014,4532,9013,30,NaN,NaN,14869096,2705272,9014,258048,43520,NaN,NaN
2026-04-01 10:35:15.553,55120,ESTAB,cubic,236,33.655,10.699,20.145,1448,36,52128,52128,13035436,13035436,12354,NaN,9014,4532,9013,30,NaN,NaN,14869096,2705272,9014,258048,43520,NaN,NaN
2026-04-01 10:35:15.785,55120,ESTAB,cubic,236,33.655,10.699,20.145,1448,36,52128,52128,13035436,13035436,12354,NaN,9014,4532,9013,30,NaN,NaN,14869096,2705272,9014,258048,43520,NaN,NaN
2026-04-01 10:35:16.017,55120,ESTAB,cubic,236,33.655,10.699,20.145,1448,36,52128,52128,13035436,13035436,12354,NaN,9014,4532,9013,30,NaN,NaN,14869096,2705272,9014,258048,43520,NaN,NaN
2026-04-01 10:35:16.247,55120,ESTAB,cubic,232,30.506,10.815,20.145,1448,10,14480,52128,13051103,13038319,13178,NaN,9025,4536,9024,32,NaN,NaN,7594568,2705272,9016,258048,43520,9,325800
2026-04-01 10:35:16.473,55120,ESTAB,cubic,232,29.957,0.885,20.096,1448,36,52128,52128,13239343,13214727,13178,NaN,9155,4597,9154,32,NaN,NaN,16704552,6694984,9138,258048,43520,17,267880
2026-04-01 10:35:16.714,55120,ESTAB,cubic,232,29.059,0.347,20.096,1448,36,52128,52128,13437719,13414551,13178,NaN,9292,4666,9291,32,NaN,NaN,17220608,6688432,9276,258048,43520,16,199824
2026-04-01 10:35:16.971,55120,ESTAB,cubic,232,30.361,0.307,20.096,1448,36,52128,52128,13654919,13631751,13178,NaN,9442,4741,9441,32,NaN,NaN,16482208,6694016,9426,258048,43520,16,36313
2026-04-01 10:35:17.216,55120,ESTAB,cubic,232,28.649,0.271,20.096,1448,36,52128,52128,13691232,13691232,13178,NaN,9468,4762,9467,32,NaN,NaN,17467200,6308936,9468,258048,43520,NaN,NaN
2026-04-01 10:35:17.454,55120,ESTAB,cubic,232,28.649,0.271,20.096,1448,36,52128,52128,13691232,13691232,13178,NaN,9468,4762,9467,32,NaN,NaN,17467200,6308936,9468,258048,43520,NaN,NaN
2026-04-01 10:35:17.694,55120,ESTAB,cubic,232,28.649,0.271,20.096,1448,36,52128,52128,13691232,13691232,13178,NaN,9468,4762,9467,32,NaN,NaN,17467200,6308936,9468,258048,43520,NaN,NaN
2026-04-01 10:35:17.935,55120,ESTAB,cubic,232,28.649,0.271,20.096,1448,36,52128,52128,13691232,13691232,13178,NaN,9468,4762,9467,32,NaN,NaN,17467200,6308936,9468,258048,43520,NaN,NaN
2026-04-01 10:35:18.170,55120,ESTAB,cubic,232,28.649,0.271,20.096,1448,36,52128,52128,13691232,13691232,13178,NaN,9468,4762,9467,32,NaN,NaN,17467200,6308936,9468,258048,43520,NaN,NaN
2026-04-01 10:35:18.426,55120,ESTAB,cubic,232,28.753,0.112,20.096,1448,36,52128,52128,13827083,13801019,14002,NaN,9562,4802,9561,34,NaN,NaN,17403872,6687360,9544,258048,43520,18,205616
2026-04-01 10:35:18.676,55120,ESTAB,cubic,232,30.203,0.626,20.096,1448,36,52128,52128,14038491,14012427,14002,NaN,9708,4875,9707,34,NaN,NaN,16568704,6697400,9690,258048,43520,18,254848
2026-04-01 10:35:18.939,55120,ESTAB,cubic,232,28.49,0.248,20.096,1448,36,52128,52128,14257139,14232523,14002,NaN,9859,4951,9858,34,NaN,NaN,17564912,6300568,9842,258048,43520,17,175475
2026-04-01 10:35:19.196,55120,ESTAB,cubic,232,29.709,0.403,20.096,1448,36,52128,52128,14432614,14432347,14002,NaN,9981,5020,9980,34,NaN,NaN,16844208,6690576,9980,258048,43520,1,NaN
2026-04-01 10:35:19.461,55120,ESTAB,cubic,236,34.125,9.135,20.096,1448,36,52128,52128,14432614,14432614,14002,NaN,9981,5021,9980,34,NaN,NaN,14664256,2294560,9981,258048,43520,NaN,NaN
2026-04-01 10:35:19.718,55120,ESTAB,cubic,236,34.125,9.135,20.096,1448,36,52128,52128,14432614,14432614,14002,NaN,9981,5021,9980,34,NaN,NaN,14664256,2294560,9981,258048,43520,NaN,NaN
2026-04-01 10:35:19.958,55120,ESTAB,cubic,236,34.125,9.135,20.096,1448,36,52128,52128,14432614,14432614,14002,NaN,9981,5021,9980,34,NaN,NaN,14664256,2294560,9981,258048,43520,NaN,NaN
2026-04-01 10:35:20.192,55120,ESTAB,cubic,236,34.125,9.135,20.096,1448,36,52128,52128,14432614,14432614,14002,NaN,9981,5021,9980,34,NaN,NaN,14664256,2294560,9981,258048,43520,NaN,NaN
2026-04-01 10:35:20.442,55120,ESTAB,cubic,232,28.749,0.132,20.096,1448,36,52128,52128,14562673,14536609,14826,NaN,10071,5060,10070,36,NaN,NaN,17406592,6691008,10053,258048,43520,18,211408
2026-04-01 10:35:20.693,55120,ESTAB,cubic,232,30.112,0.69,20.096,1448,36,52128,52128,14772633,14748017,14826,NaN,10216,5133,10215,36,NaN,NaN,16618912,6694016,10199,258048,43520,17,262088
2026-04-01 10:35:20.953,55120,ESTAB,cubic,232,28.907,0.184,20.096,1448,36,52128,52128,14984041,14962321,14826,NaN,10362,5207,10361,36,NaN,NaN,17311376,6687360,10347,258048,43520,15,181000
2026-04-01 10:35:21.218,55120,ESTAB,cubic,232,29.341,0.422,20.096,1448,36,52128,52128,15211377,15185313,14826,NaN,10519,5284,10518,36,NaN,NaN,17055392,6697456,10501,258048,43520,18,38449
2026-04-01 10:35:21.490,55120,ESTAB,cubic,236,34.5,10.894,20.096,1448,36,52128,52128,15249826,15249826,14826,NaN,10546,5307,10545,36,NaN,NaN,14504808,2741656,10546,258048,43520,NaN,NaN
2026-04-01 10:35:21.741,55120,ESTAB,cubic,236,34.5,10.894,20.096,1448,36,52128,52128,15249826,15249826,14826,NaN,10546,5307,10545,36,NaN,NaN,14504808,2741656,10546,258048,43520,NaN,NaN
2026-04-01 10:35:21.994,55120,ESTAB,cubic,236,34.5,10.894,20.096,1448,36,52128,52128,15249826,15249826,14826,NaN,10546,5307,10545,36,NaN,NaN,14504808,2741656,10546,258048,43520,NaN,NaN
2026-04-01 10:35:22.251,55120,ESTAB,cubic,236,34.5,10.894,20.096,1448,36,52128,52128,15249826,15249826,14826,NaN,10546,5307,10545,36,NaN,NaN,14504808,2741656,10546,258048,43520,NaN,NaN
2026-04-01 10:35:22.508,55120,ESTAB,cubic,232,28.721,0.125,20.096,1448,36,52128,52128,15410293,15388573,15650,NaN,10657,5358,10656,38,NaN,NaN,17423640,6693800,10642,258048,43520,15,181000
2026-04-01 10:35:22.750,55120,ESTAB,cubic,232,30.237,0.386,20.096,1448,36,52128,52128,15614461,15588397,15650,NaN,10798,5427,10797,38,NaN,NaN,16550072,6695952,10780,258048,43520,18,237472
2026-04-01 10:35:22.992,55120,ESTAB,cubic,232,28.723,0.696,20.096,1448,36,52128,52128,15818629,15794013,15650,NaN,10939,5498,10938,38,NaN,NaN,17422424,6285400,10922,258048,43520,17,210135
2026-04-01 10:35:23.235,55120,ESTAB,cubic,232,29.466,0.436,20.096,1448,36,52128,52128,16019901,15993837,15650,NaN,11078,5567,11077,38,NaN,NaN,16983112,6724024,11060,258048,43520,18,8863
2026-04-01 10:35:23.483,55120,ESTAB,cubic,236,33.362,9.084,20.096,1448,36,52128,52128,16028764,16028764,15650,NaN,11085,5580,11084,38,NaN,NaN,14999792,2312456,11085,258048,43520,NaN,NaN
2026-04-01 10:35:23.737,55120,ESTAB,cubic,236,33.362,9.084,20.096,1448,36,52128,52128,16028764,16028764,15650,NaN,11085,5580,11084,38,NaN,NaN,14999792,2312456,11085,258048,43520,NaN,NaN
2026-04-01 10:35:24.001,55120,ESTAB,cubic,236,33.362,9.084,20.096,1448,36,52128,52128,16028764,16028764,15650,NaN,11085,5580,11084,38,NaN,NaN,14999792,2312456,11085,258048,43520,NaN,NaN
2026-04-01 10:35:24.259,55120,ESTAB,cubic,236,33.362,9.084,20.096,1448,36,52128,52128,16028764,16028764,15650,NaN,11085,5580,11084,38,NaN,NaN,14999792,2312456,11085,258048,43520,NaN,NaN
2026-04-01 10:35:24.516,55120,ESTAB,cubic,232,28.718,0.117,20.096,1448,36,52128,52128,16173303,16150135,16474,NaN,11185,5625,11184,40,NaN,NaN,17425304,6696808,11169,258048,43520,16,196928
2026-04-01 10:35:24.760,55120,ESTAB,cubic,232,30.273,0.407,20.096,1448,36,52128,52128,16381815,16358647,16474,NaN,11329,5697,11328,40,NaN,NaN,16530120,6680744,11313,258048,43520,16,249056
2026-04-01 10:35:24.999,55120,ESTAB,cubic,232,28.924,0.181,20.096,1448,36,52128,52128,16580191,16555575,16474,NaN,11466,5765,11465,40,NaN,NaN,17301504,6692944,11449,258048,43520,17,181000
2026-04-01 10:35:25.246,55120,ESTAB,cubic,232,29.981,0.332,20.096,1448,36,52128,52128,16787255,16764087,16474,NaN,11609,5837,11608,40,NaN,NaN,16691528,6694016,11593,258048,43520,16,76825
2026-04-01 10:35:25.494,55120,ESTAB,cubic,232,30.102,0.665,20.096,1448,36,52128,52128,16864080,16864080,16474,NaN,11663,5872,11662,40,NaN,NaN,16624432,5519944,11663,258048,43520,NaN,NaN
2026-04-01 10:35:25.744,55120,ESTAB,cubic,232,30.102,0.665,20.096,1448,36,52128,52128,16864080,16864080,16474,NaN,11663,5872,11662,40,NaN,NaN,16624432,5519944,11663,258048,43520,NaN,NaN
2026-04-01 10:35:26.016,55120,ESTAB,cubic,232,30.102,0.665,20.096,1448,36,52128,52128,16864080,16864080,16474,NaN,11663,5872,11662,40,NaN,NaN,16624432,5519944,11663,258048,43520,NaN,NaN
2026-04-01 10:35:26.268,55120,ESTAB,cubic,232,30.102,0.665,20.096,1448,36,52128,52128,16864080,16864080,16474,NaN,11663,5872,11662,40,NaN,NaN,16624432,5519944,11663,258048,43520,NaN,NaN
2026-04-01 10:35:26.518,55120,ESTAB,cubic,232,28.736,0.144,20.096,1448,36,52128,52128,16991243,16968075,17298,NaN,11751,5910,11750,42,NaN,NaN,17414616,6694232,11735,258048,43520,16,214304
2026-04-01 10:35:26.765,55120,ESTAB,cubic,232,30.015,0.872,20.096,1448,36,52128,52128,17198307,17173691,17298,NaN,11894,5981,11893,42,NaN,NaN,16672480,6700064,11877,258048,43520,17,267880
2026-04-01 10:35:27.020,55120,ESTAB,cubic,232,28.945,0.249,20.096,1448,36,52128,52128,17409715,17385099,17298,NaN,12040,6054,12039,42,NaN,NaN,17288504,6694656,12023,258048,43520,17,186792
2026-04-01 10:35:27.274,55120,ESTAB,cubic,232,29.977,0.345,20.096,1448,36,52128,52128,17622571,17599403,17298,NaN,12187,6128,12186,42,NaN,NaN,16693688,6693048,12171,258048,43520,16,100314
2026-04-01 10:35:27.527,55120,ESTAB,cubic,232,30.398,0.237,20.096,1448,36,52128,52128,17722885,17722885,17298,NaN,12257,6171,12256,42,NaN,NaN,16462416,5865104,12257,258048,43520,NaN,NaN
2026-04-01 10:35:27.780,55120,ESTAB,cubic,232,30.398,0.237,20.096,1448,36,52128,52128,17722885,17722885,17298,NaN,12257,6171,12256,42,NaN,NaN,16462416,5865104,12257,258048,43520,NaN,NaN
2026-04-01 10:35:28.034,55120,ESTAB,cubic,232,30.398,0.237,20.096,1448,36,52128,52128,17722885,17722885,17298,NaN,12257,6171,12256,42,NaN,NaN,16462416,5865104,12257,258048,43520,NaN,NaN
2026-04-01 10:35:28.289,55120,ESTAB,cubic,232,30.398,0.237,20.096,1448,36,52128,52128,17722885,17722885,17298,NaN,12257,6171,12256,42,NaN,NaN,16462416,5865104,12257,258048,43520,NaN,NaN
2026-04-01 10:35:28.534,55120,ESTAB,cubic,232,28.555,0.416,20.096,1448,36,52128,52128,17832672,17809504,18122,NaN,12333,6203,12332,44,NaN,NaN,17524696,6706288,12317,258048,43520,16,231680
2026-04-01 10:35:28.779,55120,ESTAB,cubic,232,29.158,1.116,20.096,1448,36,52128,52128,18036840,18012224,18122,NaN,12474,6273,12473,44,NaN,NaN,17162136,6301216,12457,258048,43520,17,288152
2026-04-01 10:35:29.035,55120,ESTAB,cubic,232,29.122,0.401,20.096,1448,36,52128,52128,18252592,18226528,18122,NaN,12623,6347,12622,44,NaN,NaN,17183504,6690576,12605,258048,43520,18,202720
2026-04-01 10:35:29.282,55120,ESTAB,cubic,232,30.207,0.568,20.096,1448,36,52128,52128,18453864,18435040,18122,NaN,12762,6419,12761,44,NaN,NaN,16566368,6694256,12749,258048,43520,13,171133
2026-04-01 10:35:29.530,55120,ESTAB,cubic,232,28.795,0.379,20.096,1448,36,52128,52128,18624997,18624997,18122,NaN,12881,6485,12880,44,NaN,NaN,17378936,6302072,12881,258048,43520,NaN,NaN
2026-04-01 10:35:29.760,55120,ESTAB,cubic,232,28.795,0.379,20.096,1448,36,52128,52128,18624997,18624997,18122,NaN,12881,6485,12880,44,NaN,NaN,17378936,6302072,12881,258048,43520,NaN,NaN
2026-04-01 10:35:29.989,55120,ESTAB,cubic,232,28.795,0.379,20.096,1448,36,52128,52128,18624997,18624997,18122,NaN,12881,6485,12880,44,NaN,NaN,17378936,6302072,12881,258048,43520,NaN,NaN
2026-04-01 10:35:30.229,55120,ESTAB,cubic,232,28.795,0.379,20.096,1448,36,52128,52128,18624997,18624997,18122,NaN,12881,6485,12880,44,NaN,NaN,17378936,6302072,12881,258048,43520,NaN,NaN
2026-04-01 10:35:30.493,55120,ESTAB,cubic,228,26.019,2.055,20.096,1448,28,40544,52128,18676864,18653696,18946,NaN,12917,6497,12916,46,NaN,NaN,14958944,5911064,12901,258048,43520,16,289600
2026-04-01 10:35:30.757,55120,ESTAB,cubic,232,29.089,0.349,20.096,1448,36,52128,52128,18896960,18873792,18946,NaN,13069,6573,13068,46,NaN,NaN,17203288,6693800,13053,258048,43520,16,199824
2026-04-01 10:35:31.002,55120,ESTAB,cubic,232,30.295,0.473,20.096,1448,36,52128,52128,19105472,19082304,18946,NaN,13213,6645,13212,46,NaN,NaN,16518520,6686288,13197,258048,43520,16,93845
2026-04-01 10:35:31.241,55120,ESTAB,cubic,232,29.774,2.177,20.096,1448,36,52128,52128,19199317,19199317,18946,NaN,13278,6682,13277,46,NaN,NaN,16807576,6722536,13278,258048,43520,NaN,NaN
2026-04-01 10:35:31.474,55120,ESTAB,cubic,232,29.774,2.177,20.096,1448,36,52128,52128,19199317,19199317,18946,NaN,13278,6682,13277,46,NaN,NaN,16807576,6722536,13278,258048,43520,NaN,NaN
2026-04-01 10:35:31.711,55120,ESTAB,cubic,232,29.774,2.177,20.096,1448,36,52128,52128,19199317,19199317,18946,NaN,13278,6682,13277,46,NaN,NaN,16807576,6722536,13278,258048,43520,NaN,NaN
2026-04-01 10:35:31.947,55120,ESTAB,cubic,232,29.774,2.177,20.096,1448,36,52128,52128,19199317,19199317,18946,NaN,13278,6682,13277,46,NaN,NaN,16807576,6722536,13278,258048,43520,NaN,NaN
2026-04-01 10:35:32.186,55120,ESTAB,cubic,232,29.774,2.177,20.096,1448,36,52128,52128,19199317,19199317,18946,NaN,13278,6682,13277,46,NaN,NaN,16807576,6722536,13278,258048,43520,NaN,NaN
2026-04-01 10:35:32.432,55120,ESTAB,cubic,232,29.774,2.177,20.096,1448,36,52128,52128,19199317,19199317,18946,NaN,13278,6682,13277,46,NaN,NaN,16807576,6722536,13278,258048,43520,NaN,NaN
2026-04-01 10:35:32.670,55120,ESTAB,cubic,232,29.06,1.185,20.096,1448,36,52128,52128,19380056,19358336,19770,NaN,13403,6739,13402,48,NaN,NaN,17220312,6300784,13388,258048,43520,15,291048
2026-04-01 10:35:32.904,55120,ESTAB,cubic,232,29.682,0.466,20.096,1448,36,52128,52128,19572640,19549472,19770,NaN,13536,6805,13535,48,NaN,NaN,16859384,6713416,13520,258048,43520,16,228784
2026-04-01 10:35:33.175,55120,ESTAB,cubic,232,30.139,0.823,20.096,1448,36,52128,52128,19797080,19772464,19770,NaN,13691,6882,13690,48,NaN,NaN,16603608,6670168,13674,258048,43520,17,199597
2026-04-01 10:35:33.442,55120,ESTAB,cubic,232,28.892,0.096,20.096,1448,36,52128,52128,19996677,19995456,19770,NaN,13829,6959,13828,48,NaN,NaN,17320216,6700040,13828,258048,43520,1,NaN
2026-04-01 10:35:33.691,55120,ESTAB,cubic,236,33.955,10.198,20.096,1448,36,52128,52128,19996677,19996677,19770,NaN,13829,6960,13828,48,NaN,NaN,14737672,2424272,13829,258048,43520,NaN,NaN
2026-04-01 10:35:33.956,55120,ESTAB,cubic,236,33.955,10.198,20.096,1448,36,52128,52128,19996677,19996677,19770,NaN,13829,6960,13828,48,NaN,NaN,14737672,2424272,13829,258048,43520,NaN,NaN
2026-04-01 10:35:34.213,55120,ESTAB,cubic,236,33.955,10.198,20.096,1448,36,52128,52128,19996677,19996677,19770,NaN,13829,6960,13828,48,NaN,NaN,14737672,2424272,13829,258048,43520,NaN,NaN
2026-04-01 10:35:34.475,55120,ESTAB,cubic,236,33.955,10.198,20.096,1448,10,14480,52128,19999560,19996677,20178,NaN,13831,6961,13830,49,NaN,NaN,14737672,2424272,13829,258048,43520,2,NaN
2026-04-01 10:35:34.729,55120,ESTAB,cubic,232,29.957,0.877,20.096,1448,36,52128,52128,20197688,20175968,20594,NaN,13968,7025,13967,50,NaN,NaN,16704624,6686528,13953,258048,43520,15,270776
2026-04-01 10:35:34.974,55120,ESTAB,cubic,232,28.995,0.273,20.096,1448,36,52128,52128,20401856,20378688,20594,NaN,14109,7095,14108,50,NaN,NaN,17258688,6682216,14093,258048,43520,16,196928
2026-04-01 10:35:35.221,55120,ESTAB,cubic,232,30.354,0.376,20.096,1448,36,52128,52128,20610368,20587200,20594,NaN,14253,7167,14252,50,NaN,NaN,16486352,6689664,14237,258048,43520,16,154045
2026-04-01 10:35:35.452,55120,ESTAB,cubic,232,29.074,0.357,20.096,1448,36,52128,52128,20764413,20763856,20594,NaN,14360,7228,14359,50,NaN,NaN,17211800,6684144,14359,258048,43520,1,NaN
2026-04-01 10:35:35.701,55120,ESTAB,cubic,236,33.872,9.863,20.096,1448,36,52128,52128,20764413,20764413,20594,NaN,14360,7229,14359,50,NaN,NaN,14773840,2487328,14360,258048,43520,NaN,NaN
2026-04-01 10:35:35.955,55120,ESTAB,cubic,236,33.872,9.863,20.096,1448,36,52128,52128,20764413,20764413,20594,NaN,14360,7229,14359,50,NaN,NaN,14773840,2487328,14360,258048,43520,NaN,NaN
2026-04-01 10:35:36.197,55120,ESTAB,cubic,236,33.872,9.863,20.096,1448,36,52128,52128,20764413,20764413,20594,NaN,14360,7229,14359,50,NaN,NaN,14773840,2487328,14360,258048,43520,NaN,NaN
2026-04-01 10:35:36.460,55120,ESTAB,cubic,236,33.872,9.863,20.096,1448,36,52128,52128,20764413,20764413,20594,NaN,14360,7229,14359,50,NaN,NaN,14773840,2487328,14360,258048,43520,NaN,NaN
2026-04-01 10:35:36.727,55120,ESTAB,cubic,232,28.395,0.128,20.096,1448,36,52128,52128,20936464,20911848,21418,NaN,14479,7283,14478,52,NaN,NaN,17623680,5951384,14462,258048,43520,17,299736
2026-04-01 10:35:36.986,55120,ESTAB,cubic,232,29.248,0.436,20.096,1448,36,52128,52128,21155112,21131944,21418,NaN,14630,7359,14629,52,NaN,NaN,17109624,6690152,14614,258048,43520,16,211408
2026-04-01 10:35:37.237,55120,ESTAB,cubic,232,30.128,0.685,20.096,1448,36,52128,52128,21365072,21340456,21418,NaN,14775,7431,14774,52,NaN,NaN,16609744,6694744,14758,258048,43520,17,262088
2026-04-01 10:35:37.499,55120,ESTAB,cubic,232,28.954,0.143,20.096,1448,36,52128,52128,21582272,21557656,21418,NaN,14925,7506,14924,52,NaN,NaN,17283576,6694656,14908,258048,43520,17,84184
2026-04-01 10:35:37.727,55120,ESTAB,cubic,232,28.71,0.399,20.096,1448,36,52128,52128,21666456,21666456,21418,NaN,14984,7544,14983,52,NaN,NaN,17430088,6299496,14984,258048,43520,NaN,NaN
2026-04-01 10:35:37.947,55120,ESTAB,cubic,232,28.71,0.399,20.096,1448,36,52128,52128,21666456,21666456,21418,NaN,14984,7544,14983,52,NaN,NaN,17430088,6299496,14984,258048,43520,NaN,NaN
2026-04-01 10:35:38.167,55120,ESTAB,cubic,232,28.71,0.399,20.096,1448,36,52128,52128,21666456,21666456,21418,NaN,14984,7544,14983,52,NaN,NaN,17430088,6299496,14984,258048,43520,NaN,NaN
2026-04-01 10:35:38.387,55120,ESTAB,cubic,232,28.71,0.399,20.096,1448,36,52128,52128,21666456,21666456,21418,NaN,14984,7544,14983,52,NaN,NaN,17430088,6299496,14984,258048,43520,NaN,NaN
2026-04-01 10:35:38.607,55120,ESTAB,cubic,228,26.446,2.094,20.096,1448,32,46336,52128,21727011,21700947,22242,NaN,15026,7558,15025,54,NaN,NaN,16820064,6012776,15008,258048,43520,18,280912
2026-04-01 10:35:38.826,55120,ESTAB,cubic,232,29.637,0.391,20.096,1448,36,52128,52128,21909459,21886291,22242,NaN,15152,7622,15151,54,NaN,NaN,16884912,6689720,15136,258048,43520,16,228784
2026-04-01 10:35:39.046,55120,ESTAB,cubic,232,28.807,0.152,20.096,1448,36,52128,52128,22093355,22068739,22242,NaN,15279,7685,15278,54,NaN,NaN,17371624,6694016,15262,258048,43520,17,151846
2026-04-01 10:35:39.266,55120,ESTAB,cubic,232,30.083,0.624,20.096,1448,36,52128,52128,22245201,22245201,22242,NaN,15384,7746,15383,54,NaN,NaN,16634656,5859376,15384,258048,43520,NaN,NaN
2026-04-01 10:35:39.486,55120,ESTAB,cubic,232,30.083,0.624,20.096,1448,36,52128,52128,22245201,22245201,22242,NaN,15384,7746,15383,54,NaN,NaN,16634656,5859376,15384,258048,43520,NaN,NaN
2026-04-01 10:35:39.707,55120,ESTAB,cubic,232,30.083,0.624,20.096,1448,36,52128,52128,22245201,22245201,22242,NaN,15384,7746,15383,54,NaN,NaN,16634656,5859376,15384,258048,43520,NaN,NaN
2026-04-01 10:35:39.926,55120,ESTAB,cubic,232,30.083,0.624,20.096,1448,36,52128,52128,22245201,22245201,22242,NaN,15384,7746,15383,54,NaN,NaN,16634656,5859376,15384,258048,43520,NaN,NaN
2026-04-01 10:35:40.146,55120,ESTAB,cubic,232,30.083,0.624,20.096,1448,36,52128,52128,22245201,22245201,22242,NaN,15384,7746,15383,54,NaN,NaN,16634656,5859376,15384,258048,43520,NaN,NaN
2026-04-01 10:35:40.367,55120,ESTAB,cubic,232,30.083,0.624,20.096,1448,36,52128,52128,22245201,22245201,22242,NaN,15384,7746,15383,54,NaN,NaN,16634656,5859376,15384,258048,43520,NaN,NaN
2026-04-01 10:35:40.587,55120,ESTAB,cubic,232,28.841,0.914,20.096,1448,10,14480,52128,22262316,22248084,23066,NaN,15396,7749,15395,56,NaN,NaN,8032792,5859376,15386,258048,43520,10,324352
2026-04-01 10:35:40.806,55120,ESTAB,cubic,232,29.907,0.874,20.069,1448,36,52128,52128,22449108,22424492,23066,NaN,15525,7810,15524,56,NaN,NaN,16732760,6694016,15508,258048,43520,17,267880
2026-04-01 10:35:41.026,55120,ESTAB,cubic,232,29.233,0.476,20.069,1448,36,52128,52128,22633004,22606940,23066,NaN,15652,7873,15651,56,NaN,NaN,17118624,6693800,15634,258048,43520,18,214304
2026-04-01 10:35:41.246,55120,ESTAB,cubic,232,28.905,1.035,20.069,1448,36,52128,52128,22816900,22792284,23066,NaN,15779,7937,15778,56,NaN,NaN,17312880,6300568,15762,258048,43520,17,162248
2026-04-01 10:35:41.466,55120,ESTAB,cubic,232,30.334,0.253,20.069,1448,36,52128,52128,22979148,22977628,23066,NaN,15892,8001,15891,56,NaN,NaN,16496880,5864256,15890,258048,43520,2,NaN
2026-04-01 10:35:41.686,55120,ESTAB,cubic,232,29.917,0.349,20.069,1448,36,52128,52128,22979148,22979148,23066,NaN,15892,8002,15891,56,NaN,NaN,16726816,6702000,15892,258048,43520,NaN,NaN
2026-04-01 10:35:41.905,55120,ESTAB,cubic,232,29.917,0.349,20.069,1448,36,52128,52128,22979148,22979148,23066,NaN,15892,8002,15891,56,NaN,NaN,16726816,6702000,15892,258048,43520,NaN,NaN
2026-04-01 10:35:42.125,55120,ESTAB,cubic,232,29.917,0.349,20.069,1448,36,52128,52128,22979148,22979148,23066,NaN,15892,8002,15891,56,NaN,NaN,16726816,6702000,15892,258048,43520,NaN,NaN
2026-04-01 10:35:42.345,55120,ESTAB,cubic,232,29.917,0.349,20.069,1448,36,52128,52128,22979148,22979148,23066,NaN,15892,8002,15891,56,NaN,NaN,16726816,6702000,15892,258048,43520,NaN,NaN
2026-04-01 10:35:42.565,55120,ESTAB,cubic,232,29.917,0.349,20.069,1448,36,52128,52128,22979148,22979148,23066,NaN,15892,8002,15891,56,NaN,NaN,16726816,6702000,15892,258048,43520,NaN,NaN
2026-04-01 10:35:42.785,55120,ESTAB,cubic,232,28.709,0.044,20.069,1448,36,52128,52128,23142511,23117895,23890,NaN,16005,8052,16004,58,NaN,NaN,17430616,6694656,15988,258048,43520,17,178104
2026-04-01 10:35:43.005,55120,ESTAB,cubic,232,30.174,0.507,20.069,1448,36,52128,52128,23326407,23303239,23890,NaN,16132,8116,16131,58,NaN,NaN,16584560,6684840,16116,258048,43520,16,254848
2026-04-01 10:35:43.224,55120,ESTAB,cubic,232,28.911,0.338,20.069,1448,36,52128,52128,23511751,23485687,23890,NaN,16260,8179,16259,58,NaN,NaN,17308984,6695088,16242,258048,43520,18,199824
2026-04-01 10:35:43.444,55120,ESTAB,cubic,232,29.643,1.097,20.069,1448,36,52128,52128,23695647,23671031,23890,NaN,16387,8243,16386,58,NaN,NaN,16881776,6703944,16370,258048,43520,17,109968
2026-04-01 10:35:43.665,55120,ESTAB,cubic,236,35.331,11.915,20.069,1448,36,52128,52128,23805615,23805615,23890,NaN,16463,8290,16462,58,NaN,NaN,14163864,2624304,16463,258048,43520,NaN,NaN
2026-04-01 10:35:43.885,55120,ESTAB,cubic,236,35.331,11.915,20.069,1448,36,52128,52128,23805615,23805615,23890,NaN,16463,8290,16462,58,NaN,NaN,14163864,2624304,16463,258048,43520,NaN,NaN
2026-04-01 10:35:44.110,55120,ESTAB,cubic,236,35.331,11.915,20.069,1448,36,52128,52128,23805615,23805615,23890,NaN,16463,8290,16462,58,NaN,NaN,14163864,2624304,16463,258048,43520,NaN,NaN
2026-04-01 10:35:44.350,55120,ESTAB,cubic,236,35.331,11.915,20.069,1448,36,52128,52128,23805615,23805615,23890,NaN,16463,8290,16462,58,NaN,NaN,14163864,2624304,16463,258048,43520,NaN,NaN
2026-04-01 10:35:44.570,55120,ESTAB,cubic,236,35.331,11.915,20.069,1448,36,52128,52128,23805615,23805615,23890,NaN,16463,8290,16462,58,NaN,NaN,14163864,2624304,16463,258048,43520,NaN,NaN
2026-04-01 10:35:44.790,55120,ESTAB,cubic,232,28.714,0.064,20.069,1448,36,52128,52128,23950154,23929882,24714,NaN,16563,8336,16562,60,NaN,NaN,17427504,6689720,16549,258048,43520,14,196928
2026-04-01 10:35:45.009,55120,ESTAB,cubic,232,29.697,1.009,20.069,1448,36,52128,52128,24136946,24112330,24714,NaN,16692,8399,16691,60,NaN,NaN,16850728,6701520,16675,258048,43520,17,270776
2026-04-01 10:35:45.229,55120,ESTAB,cubic,232,29.231,0.507,20.069,1448,36,52128,52128,24320842,24297674,24714,NaN,16819,8463,16818,60,NaN,NaN,17119424,6698312,16803,258048,43520,16,217200
2026-04-01 10:35:45.449,55120,ESTAB,cubic,232,28.627,0.7,20.069,1448,36,52128,52128,24504738,24480122,24714,NaN,16946,8526,16945,60,NaN,NaN,17480544,5950808,16929,258048,43520,17,98130
2026-04-01 10:35:45.669,55120,ESTAB,cubic,236,33.642,9.803,20.069,1448,36,52128,52128,24602868,24602868,24714,NaN,17014,8569,17013,60,NaN,NaN,14875008,2482104,17014,258048,43520,NaN,NaN
2026-04-01 10:35:45.889,55120,ESTAB,cubic,236,33.642,9.803,20.069,1448,36,52128,52128,24602868,24602868,24714,NaN,17014,8569,17013,60,NaN,NaN,14875008,2482104,17014,258048,43520,NaN,NaN
2026-04-01 10:35:46.109,55120,ESTAB,cubic,236,33.642,9.803,20.069,1448,36,52128,52128,24602868,24602868,24714,NaN,17014,8569,17013,60,NaN,NaN,14875008,2482104,17014,258048,43520,NaN,NaN
2026-04-01 10:35:46.329,55120,ESTAB,cubic,236,33.642,9.803,20.069,1448,36,52128,52128,24602868,24602868,24714,NaN,17014,8569,17013,60,NaN,NaN,14875008,2482104,17014,258048,43520,NaN,NaN
2026-04-01 10:35:46.549,55120,ESTAB,cubic,236,33.642,9.803,20.069,1448,36,52128,52128,24602868,24602868,24714,NaN,17014,8569,17013,60,NaN,NaN,14875008,2482104,17014,258048,43520,NaN,NaN
2026-04-01 10:35:46.769,55120,ESTAB,cubic,232,30.469,9.979,20.069,1448,10,14480,52128,24605751,24605751,25122,NaN,17016,8572,17015,61,NaN,NaN,7603792,2482104,17016,256512,43520,NaN,NaN
2026-04-01 10:35:46.989,55120,ESTAB,cubic,232,30.469,9.979,20.069,1448,10,14480,52128,24605751,24605751,25122,NaN,17016,8572,17015,61,NaN,NaN,7603792,2482104,17016,256512,43520,NaN,NaN
2026-04-01 10:35:47.209,55120,ESTAB,cubic,232,30.469,9.979,20.069,1448,10,14480,52128,24605751,24605751,25122,NaN,17016,8572,17015,61,NaN,NaN,7603792,2482104,17016,256512,43520,NaN,NaN
2026-04-01 10:35:47.428,55120,ESTAB,cubic,232,30.469,9.979,20.069,1448,10,14480,52128,24605751,24605751,25122,NaN,17016,8572,17015,61,NaN,NaN,7603792,2482104,17016,256512,43520,NaN,NaN
2026-04-01 10:35:47.649,55120,ESTAB,cubic,232,30.469,9.979,20.069,1448,10,14480,52128,24605751,24605751,25122,NaN,17016,8572,17015,61,NaN,NaN,7603792,2482104,17016,256512,43520,NaN,NaN
2026-04-01 10:35:47.868,55120,ESTAB,cubic,232,30.469,9.979,20.069,1448,10,14480,52128,24605751,24605751,25122,NaN,17016,8572,17015,61,NaN,NaN,7603792,2482104,17016,256512,43520,NaN,NaN
2026-04-01 10:35:48.088,55120,ESTAB,cubic,232,30.469,9.979,20.069,1448,10,14480,52128,24605751,24605751,25122,NaN,17016,8572,17015,61,NaN,NaN,7603792,2482104,17016,256512,43520,NaN,NaN
2026-04-01 10:35:48.308,55120,ESTAB,cubic,232,30.469,9.979,20.069,1448,10,14480,52128,24605751,24605751,25122,NaN,17016,8572,17015,61,NaN,NaN,7603792,2482104,17016,256512,43520,NaN,NaN
2026-04-01 10:35:48.527,55120,ESTAB,cubic,232,30.469,9.979,20.069,1448,10,14480,52128,24605751,24605751,25122,NaN,17016,8572,17015,61,NaN,NaN,7603792,2482104,17016,256512,43520,NaN,NaN
2026-04-01 10:35:48.747,55120,ESTAB,cubic,232,30.469,9.979,20.069,1448,10,14480,52128,24605751,24605751,25122,NaN,17016,8572,17015,61,NaN,NaN,7603792,2482104,17016,256512,43520,NaN,NaN
2026-04-01 10:35:48.966,55120,ESTAB,cubic,232,30.469,9.979,20.069,1448,10,14480,52128,24605751,24605751,25122,NaN,17016,8572,17015,61,NaN,NaN,7603792,2482104,17016,256512,43520,NaN,NaN
2026-04-01 10:35:49.186,55120,ESTAB,cubic,232,30.469,9.979,20.069,1448,10,14480,52128,24605751,24605751,25122,NaN,17016,8572,17015,61,NaN,NaN,7603792,2482104,17016,256512,43520,NaN,NaN
2026-04-01 10:35:49.405,55120,ESTAB,cubic,232,30.469,9.979,20.069,1448,10,14480,52128,24605751,24605751,25122,NaN,17016,8572,17015,61,NaN,NaN,7603792,2482104,17016,256512,43520,NaN,NaN
2026-04-01 10:35:49.625,55120,ESTAB,cubic,232,30.469,9.979,20.069,1448,10,14480,52128,24605751,24605751,25122,NaN,17016,8572,17015,61,NaN,NaN,7603792,2482104,17016,256512,43520,NaN,NaN
2026-04-01 10:35:49.844,55120,ESTAB,cubic,232,30.469,9.979,20.069,1448,10,14480,52128,24605751,24605751,25122,NaN,17016,8572,17015,61,NaN,NaN,7603792,2482104,17016,256512,43520,NaN,NaN
2026-04-01 10:35:50.064,55120,ESTAB,cubic,232,30.469,9.979,20.069,1448,10,14480,52128,24605751,24605751,25122,NaN,17016,8572,17015,61,NaN,NaN,7603792,2482104,17016,256512,43520,NaN,NaN
2026-04-01 10:35:50.284,55120,ESTAB,cubic,232,30.469,9.979,20.069,1448,10,14480,52128,24605751,24605751,25122,NaN,17016,8572,17015,61,NaN,NaN,7603792,2482104,17016,256512,43520,NaN,NaN
2026-04-01 10:35:50.504,55120,ESTAB,cubic,232,30.469,9.979,20.069,1448,10,14480,52128,24605751,24605751,25122,NaN,17016,8572,17015,61,NaN,NaN,7603792,2482104,17016,256512,43520,NaN,NaN
2026-04-01 10:35:50.724,55120,ESTAB,cubic,228,27.24,8.921,20.069,1448,10,14480,52128,24622474,24609690,26352,NaN,17028,8577,17027,64,NaN,NaN,8505016,2482104,17019,258048,43520,9,325800
2026-04-01 10:35:50.943,55120,ESTAB,cubic,232,29.757,1.085,20.069,1448,36,52128,52128,24804922,24780306,26352,NaN,17154,8636,17153,64,NaN,NaN,16817176,6687976,17137,258048,43520,17,273672
2026-04-01 10:35:51.164,55120,ESTAB,cubic,232,29.356,0.419,20.069,1448,36,52128,52128,24988818,24965650,26352,NaN,17281,8700,17280,64,NaN,NaN,17046680,6693152,17265,258048,43520,16,220096
2026-04-01 10:35:51.384,55120,ESTAB,cubic,232,28.411,0.231,20.069,1448,36,52128,52128,25172714,25148098,26352,NaN,17408,8763,17407,64,NaN,NaN,17613832,6300144,17391,258048,43520,17,235104
2026-04-01 10:35:51.604,55120,ESTAB,cubic,232,30.296,0.357,20.069,1448,36,52128,52128,25356610,25333442,26352,NaN,17535,8827,17534,64,NaN,NaN,16517776,6692320,17519,258048,43520,16,51208
2026-04-01 10:35:51.824,55120,ESTAB,cubic,232,28.424,0.279,20.069,1448,36,52128,52128,25407818,25407818,26352,NaN,17571,8853,17570,64,NaN,NaN,17605544,5513560,17571,258048,43520,NaN,NaN
2026-04-01 10:35:52.044,55120,ESTAB,cubic,232,28.424,0.279,20.069,1448,36,52128,52128,25407818,25407818,26352,NaN,17571,8853,17570,64,NaN,NaN,17605544,5513560,17571,258048,43520,NaN,NaN
2026-04-01 10:35:52.264,55120,ESTAB,cubic,232,28.424,0.279,20.069,1448,36,52128,52128,25407818,25407818,26352,NaN,17571,8853,17570,64,NaN,NaN,17605544,5513560,17571,258048,43520,NaN,NaN
2026-04-01 10:35:52.484,55120,ESTAB,cubic,232,28.424,0.279,20.069,1448,36,52128,52128,25407818,25407818,26352,NaN,17571,8853,17570,64,NaN,NaN,17605544,5513560,17571,258048,43520,NaN,NaN
2026-04-01 10:35:52.703,55120,ESTAB,cubic,232,28.424,0.279,20.069,1448,10,14480,52128,25410701,25407818,26760,NaN,17573,8854,17572,65,NaN,NaN,17605544,5513560,17571,258048,43520,2,NaN
2026-04-01 10:35:52.923,55120,ESTAB,cubic,232,28.615,0.677,20.069,1448,36,52128,52128,25585661,25561045,27176,NaN,17694,8908,17693,66,NaN,NaN,17488336,6294576,17677,258048,43520,17,293944
2026-04-01 10:35:53.143,55120,ESTAB,cubic,232,30.327,0.26,20.069,1448,36,52128,52128,25769557,25746389,27176,NaN,17821,8972,17820,66,NaN,NaN,16500960,6689664,17805,258048,43520,16,240368
2026-04-01 10:35:53.364,55120,ESTAB,cubic,232,28.867,0.242,20.069,1448,36,52128,52128,25953453,25928837,27176,NaN,17948,9035,17947,66,NaN,NaN,17335664,6696592,17931,258048,43520,17,186792
2026-04-01 10:35:53.583,55120,ESTAB,cubic,232,30.047,0.707,20.069,1448,36,52128,52128,26138797,26114181,27176,NaN,18076,9099,18075,66,NaN,NaN,16654448,6680024,18059,258048,43520,17,112297
2026-04-01 10:35:53.803,55120,ESTAB,cubic,236,35.089,10.28,20.069,1448,36,52128,52128,26251094,26251094,27176,NaN,18154,9147,18153,66,NaN,NaN,14261696,2736744,18154,258048,43520,NaN,NaN
2026-04-01 10:35:54.024,55120,ESTAB,cubic,236,35.089,10.28,20.069,1448,36,52128,52128,26251094,26251094,27176,NaN,18154,9147,18153,66,NaN,NaN,14261696,2736744,18154,258048,43520,NaN,NaN
2026-04-01 10:35:54.244,55120,ESTAB,cubic,236,35.089,10.28,20.069,1448,36,52128,52128,26251094,26251094,27176,NaN,18154,9147,18153,66,NaN,NaN,14261696,2736744,18154,258048,43520,NaN,NaN
2026-04-01 10:35:54.482,55120,ESTAB,cubic,236,35.089,10.28,20.069,1448,36,52128,52128,26251094,26251094,27176,NaN,18154,9147,18153,66,NaN,NaN,14261696,2736744,18154,258048,43520,NaN,NaN
2026-04-01 10:35:54.745,55120,ESTAB,cubic,232,31.035,7.483,20.069,1448,10,14480,52128,26256374,26255318,29206,NaN,18159,9153,18158,71,NaN,NaN,7464992,2736744,18158,258048,43520,1,NaN
2026-04-01 10:35:54.988,55120,ESTAB,cubic,236,34.866,13.275,20.069,1448,10,14480,52128,26256374,26256374,29206,NaN,18159,9154,18158,71,NaN,NaN,6644744,2736744,18159,258048,43520,NaN,NaN
2026-04-01 10:35:55.238,55120,ESTAB,cubic,236,34.866,13.275,20.069,1448,10,14480,52128,26256374,26256374,29206,NaN,18159,9154,18158,71,NaN,NaN,6644744,2736744,18159,258048,43520,NaN,NaN
2026-04-01 10:35:55.488,55120,ESTAB,cubic,236,34.866,13.275,20.069,1448,10,14480,52128,26256374,26256374,29206,NaN,18159,9154,18158,71,NaN,NaN,6644744,2736744,18159,258048,43520,NaN,NaN
2026-04-01 10:35:55.743,55120,ESTAB,cubic,236,34.866,13.275,20.069,1448,10,14480,52128,26256374,26256374,29206,NaN,18159,9154,18158,71,NaN,NaN,6644744,2736744,18159,258048,43520,NaN,NaN
2026-04-01 10:35:55.978,55120,ESTAB,cubic,236,34.866,13.275,20.069,1448,10,14480,52128,26256374,26256374,29206,NaN,18159,9154,18158,71,NaN,NaN,6644744,2736744,18159,258048,43520,NaN,NaN
2026-04-01 10:35:56.242,55120,ESTAB,cubic,236,34.866,13.275,20.069,1448,10,14480,52128,26256374,26256374,29206,NaN,18159,9154,18158,71,NaN,NaN,6644744,2736744,18159,258048,43520,NaN,NaN
2026-04-01 10:35:56.512,55120,ESTAB,cubic,236,34.866,13.275,20.069,1448,10,14480,52128,26256374,26256374,29206,NaN,18159,9154,18158,71,NaN,NaN,6644744,2736744,18159,258048,43520,NaN,NaN
2026-04-01 10:35:56.761,55120,ESTAB,cubic,236,34.866,13.275,20.069,1448,10,14480,52128,26259257,26256374,29614,NaN,18161,9155,18160,72,NaN,NaN,6644744,2736744,18159,258048,43520,2,NaN
2026-04-01 10:35:57.010,55120,ESTAB,cubic,232,31.41,13.215,20.069,1448,10,14480,52128,26259257,26259257,29614,NaN,18161,9157,18160,72,NaN,NaN,7375904,2736744,18161,256512,43520,NaN,NaN
2026-04-01 10:35:57.245,55120,ESTAB,cubic,232,31.41,13.215,20.069,1448,10,14480,52128,26259257,26259257,29614,NaN,18161,9157,18160,72,NaN,NaN,7375904,2736744,18161,256512,43520,NaN,NaN
2026-04-01 10:35:57.490,55120,ESTAB,cubic,232,31.41,13.215,20.069,1448,10,14480,52128,26259257,26259257,29614,NaN,18161,9157,18160,72,NaN,NaN,7375904,2736744,18161,256512,43520,NaN,NaN
2026-04-01 10:35:57.746,55120,ESTAB,cubic,232,31.41,13.215,20.069,1448,10,14480,52128,26259257,26259257,29614,NaN,18161,9157,18160,72,NaN,NaN,7375904,2736744,18161,256512,43520,NaN,NaN
2026-04-01 10:35:58.000,55120,ESTAB,cubic,232,31.41,13.215,20.069,1448,10,14480,52128,26259257,26259257,29614,NaN,18161,9157,18160,72,NaN,NaN,7375904,2736744,18161,256512,43520,NaN,NaN
2026-04-01 10:35:58.228,55120,ESTAB,cubic,232,31.41,13.215,20.069,1448,10,14480,52128,26259257,26259257,29614,NaN,18161,9157,18160,72,NaN,NaN,7375904,2736744,18161,256512,43520,NaN,NaN
2026-04-01 10:35:58.483,55120,ESTAB,cubic,232,31.41,13.215,20.069,1448,10,14480,52128,26259257,26259257,29614,NaN,18161,9157,18160,72,NaN,NaN,7375904,2736744,18161,256512,43520,NaN,NaN
2026-04-01 10:35:58.741,55120,ESTAB,cubic,232,31.41,13.215,20.069,1448,10,14480,52128,26259257,26259257,29614,NaN,18161,9157,18160,72,NaN,NaN,7375904,2736744,18161,256512,43520,NaN,NaN
2026-04-01 10:35:59.004,55120,ESTAB,cubic,232,28.781,11.99,20.069,1448,10,14480,52128,26262140,26262140,30022,NaN,18163,9160,18162,73,NaN,NaN,8049720,2736744,18163,256512,43520,NaN,NaN
2026-04-01 10:35:59.251,55120,ESTAB,cubic,232,28.781,11.99,20.069,1448,10,14480,52128,26262140,26262140,30022,NaN,18163,9160,18162,73,NaN,NaN,8049720,2736744,18163,256512,43520,NaN,NaN
2026-04-01 10:35:59.499,55120,ESTAB,cubic,232,28.781,11.99,20.069,1448,10,14480,52128,26262140,26262140,30022,NaN,18163,9160,18162,73,NaN,NaN,8049720,2736744,18163,256512,43520,NaN,NaN
2026-04-01 10:35:59.754,55120,ESTAB,cubic,232,28.781,11.99,20.069,1448,10,14480,52128,26262140,26262140,30022,NaN,18163,9160,18162,73,NaN,NaN,8049720,2736744,18163,256512,43520,NaN,NaN
2026-04-01 10:36:00.027,55120,ESTAB,cubic,232,28.781,11.99,20.069,1448,10,14480,52128,26262140,26262140,30022,NaN,18163,9160,18162,73,NaN,NaN,8049720,2736744,18163,256512,43520,NaN,NaN
2026-04-01 10:36:00.279,55120,ESTAB,cubic,232,28.781,11.99,20.069,1448,10,14480,52128,26262140,26262140,30022,NaN,18163,9160,18162,73,NaN,NaN,8049720,2736744,18163,256512,43520,NaN,NaN
2026-04-01 10:36:00.527,55120,ESTAB,cubic,232,28.781,11.99,20.069,1448,10,14480,52128,26262140,26262140,30022,NaN,18163,9160,18162,73,NaN,NaN,8049720,2736744,18163,256512,43520,NaN,NaN
2026-04-01 10:36:00.780,55120,ESTAB,cubic,232,28.781,11.99,20.069,1448,10,14480,52128,26262140,26262140,30022,NaN,18163,9160,18162,73,NaN,NaN,8049720,2736744,18163,256512,43520,NaN,NaN
2026-04-01 10:36:01.039,55120,ESTAB,cubic,228,26.762,10.243,20.069,1448,10,14480,52128,26265023,26265023,30430,NaN,18165,9163,18164,74,NaN,NaN,8656848,2736744,18165,256512,43520,NaN,NaN
2026-04-01 10:36:01.297,55120,ESTAB,cubic,228,26.762,10.243,20.069,1448,10,14480,52128,26265023,26265023,30430,NaN,18165,9163,18164,74,NaN,NaN,8656848,2736744,18165,256512,43520,NaN,NaN
2026-04-01 10:36:01.555,55120,ESTAB,cubic,228,26.762,10.243,20.069,1448,10,14480,52128,26265023,26265023,30430,NaN,18165,9163,18164,74,NaN,NaN,8656848,2736744,18165,256512,43520,NaN,NaN
2026-04-01 10:36:01.818,55120,ESTAB,cubic,228,26.762,10.243,20.069,1448,10,14480,52128,26265023,26265023,30430,NaN,18165,9163,18164,74,NaN,NaN,8656848,2736744,18165,256512,43520,NaN,NaN
2026-04-01 10:36:02.070,55120,ESTAB,cubic,228,26.762,10.243,20.069,1448,10,14480,52128,26265023,26265023,30430,NaN,18165,9163,18164,74,NaN,NaN,8656848,2736744,18165,256512,43520,NaN,NaN
2026-04-01 10:36:02.303,55120,ESTAB,cubic,228,26.762,10.243,20.069,1448,10,14480,52128,26265023,26265023,30430,NaN,18165,9163,18164,74,NaN,NaN,8656848,2736744,18165,256512,43520,NaN,NaN
2026-04-01 10:36:02.544,55120,ESTAB,cubic,228,26.762,10.243,20.069,1448,10,14480,52128,26265023,26265023,30430,NaN,18165,9163,18164,74,NaN,NaN,8656848,2736744,18165,256512,43520,NaN,NaN
2026-04-01 10:36:02.804,55120,ESTAB,cubic,228,26.762,10.243,20.069,1448,10,14480,52128,26265023,26265023,30430,NaN,18165,9163,18164,74,NaN,NaN,8656848,2736744,18165,256512,43520,NaN,NaN
2026-04-01 10:36:03.054,55120,ESTAB,cubic,228,25.218,8.438,20.069,1448,10,14480,52128,26267906,26267906,30838,NaN,18167,9166,18166,75,NaN,NaN,9186856,2736744,18167,256512,43520,NaN,NaN
2026-04-01 10:36:03.308,55120,ESTAB,cubic,228,25.218,8.438,20.069,1448,10,14480,52128,26267906,26267906,30838,NaN,18167,9166,18166,75,NaN,NaN,9186856,2736744,18167,256512,43520,NaN,NaN
2026-04-01 10:36:03.566,55120,ESTAB,cubic,228,25.218,8.438,20.069,1448,10,14480,52128,26267906,26267906,30838,NaN,18167,9166,18166,75,NaN,NaN,9186856,2736744,18167,256512,43520,NaN,NaN
2026-04-01 10:36:03.822,55120,ESTAB,cubic,228,25.218,8.438,20.069,1448,10,14480,52128,26267906,26267906,30838,NaN,18167,9166,18166,75,NaN,NaN,9186856,2736744,18167,256512,43520,NaN,NaN
2026-04-01 10:36:04.080,55120,ESTAB,cubic,228,25.218,8.438,20.069,1448,10,14480,52128,26267906,26267906,30838,NaN,18167,9166,18166,75,NaN,NaN,9186856,2736744,18167,256512,43520,NaN,NaN
2026-04-01 10:36:04.340,55120,ESTAB,cubic,228,25.218,8.438,20.069,1448,10,14480,52128,26267906,26267906,30838,NaN,18167,9166,18166,75,NaN,NaN,9186856,2736744,18167,256512,43520,NaN,NaN
2026-04-01 10:36:04.586,55120,ESTAB,cubic,228,25.218,8.438,20.069,1448,10,14480,52128,26267906,26267906,30838,NaN,18167,9166,18166,75,NaN,NaN,9186856,2736744,18167,256512,43520,NaN,NaN
2026-04-01 10:36:04.843,55120,ESTAB,cubic,228,25.218,8.438,20.069,1448,10,14480,52128,26267906,26267906,30838,NaN,18167,9166,18166,75,NaN,NaN,9186856,2736744,18167,256512,43520,NaN,NaN
2026-04-01 10:36:05.096,55120,ESTAB,cubic,228,24.022,6.82,20.069,1448,10,14480,52128,26270789,26270789,31246,NaN,18169,9169,18168,76,NaN,NaN,9644488,2736744,18169,256512,43520,NaN,NaN
2026-04-01 10:36:05.342,55120,ESTAB,cubic,228,24.022,6.82,20.069,1448,10,14480,52128,26270789,26270789,31246,NaN,18169,9169,18168,76,NaN,NaN,9644488,2736744,18169,256512,43520,NaN,NaN
2026-04-01 10:36:05.602,55120,ESTAB,cubic,228,24.022,6.82,20.069,1448,10,14480,52128,26270789,26270789,31246,NaN,18169,9169,18168,76,NaN,NaN,9644488,2736744,18169,256512,43520,NaN,NaN
2026-04-01 10:36:05.858,55120,ESTAB,cubic,228,24.022,6.82,20.069,1448,10,14480,52128,26270789,26270789,31246,NaN,18169,9169,18168,76,NaN,NaN,9644488,2736744,18169,256512,43520,NaN,NaN
2026-04-01 10:36:06.107,55120,ESTAB,cubic,228,24.022,6.82,20.069,1448,10,14480,52128,26270789,26270789,31246,NaN,18169,9169,18168,76,NaN,NaN,9644488,2736744,18169,256512,43520,NaN,NaN
2026-04-01 10:36:06.353,55120,ESTAB,cubic,228,24.022,6.82,20.069,1448,10,14480,52128,26270789,26270789,31246,NaN,18169,9169,18168,76,NaN,NaN,9644488,2736744,18169,256512,43520,NaN,NaN
2026-04-01 10:36:06.598,55120,ESTAB,cubic,228,24.022,6.82,20.069,1448,10,14480,52128,26270789,26270789,31246,NaN,18169,9169,18168,76,NaN,NaN,9644488,2736744,18169,256512,43520,NaN,NaN
2026-04-01 10:36:06.848,55120,ESTAB,cubic,228,24.022,6.82,20.069,1448,10,14480,52128,26270789,26270789,31246,NaN,18169,9169,18168,76,NaN,NaN,9644488,2736744,18169,256512,43520,NaN,NaN
2026-04-01 10:36:07.107,55120,ESTAB,cubic,224,23.115,5.407,20.069,1448,10,14480,52128,26273672,26273672,31654,NaN,18171,9172,18170,77,NaN,NaN,10022760,2736744,18171,256512,43520,NaN,NaN
2026-04-01 10:36:07.365,55120,ESTAB,cubic,224,23.115,5.407,20.069,1448,10,14480,52128,26273672,26273672,31654,NaN,18171,9172,18170,77,NaN,NaN,10022760,2736744,18171,256512,43520,NaN,NaN
2026-04-01 10:36:07.618,55120,ESTAB,cubic,224,23.115,5.407,20.069,1448,10,14480,52128,26273672,26273672,31654,NaN,18171,9172,18170,77,NaN,NaN,10022760,2736744,18171,256512,43520,NaN,NaN
2026-04-01 10:36:07.866,55120,ESTAB,cubic,224,23.115,5.407,20.069,1448,10,14480,52128,26273672,26273672,31654,NaN,18171,9172,18170,77,NaN,NaN,10022760,2736744,18171,256512,43520,NaN,NaN
2026-04-01 10:36:08.118,55120,ESTAB,cubic,224,23.115,5.407,20.069,1448,10,14480,52128,26273672,26273672,31654,NaN,18171,9172,18170,77,NaN,NaN,10022760,2736744,18171,256512,43520,NaN,NaN
2026-04-01 10:36:08.378,55120,ESTAB,cubic,224,23.115,5.407,20.069,1448,10,14480,52128,26273672,26273672,31654,NaN,18171,9172,18170,77,NaN,NaN,10022760,2736744,18171,256512,43520,NaN,NaN
2026-04-01 10:36:08.635,55120,ESTAB,cubic,224,23.115,5.407,20.069,1448,10,14480,52128,26273672,26273672,31654,NaN,18171,9172,18170,77,NaN,NaN,10022760,2736744,18171,256512,43520,NaN,NaN
2026-04-01 10:36:08.891,55120,ESTAB,cubic,224,23.115,5.407,20.069,1448,10,14480,52128,26273672,26273672,31654,NaN,18171,9172,18170,77,NaN,NaN,10022760,2736744,18171,256512,43520,NaN,NaN
2026-04-01 10:36:09.135,55120,ESTAB,cubic,224,22.419,4.249,20.069,1448,10,14480,52128,26276555,26276555,32062,NaN,18173,9175,18172,78,NaN,NaN,10334088,2736744,18173,256512,43520,NaN,NaN
2026-04-01 10:36:09.376,55120,ESTAB,cubic,224,22.419,4.249,20.069,1448,10,14480,52128,26276555,26276555,32062,NaN,18173,9175,18172,78,NaN,NaN,10334088,2736744,18173,256512,43520,NaN,NaN
2026-04-01 10:36:09.628,55120,ESTAB,cubic,224,22.419,4.249,20.069,1448,10,14480,52128,26276555,26276555,32062,NaN,18173,9175,18172,78,NaN,NaN,10334088,2736744,18173,256512,43520,NaN,NaN
2026-04-01 10:36:09.864,55120,ESTAB,cubic,224,22.419,4.249,20.069,1448,10,14480,52128,26276555,26276555,32062,NaN,18173,9175,18172,78,NaN,NaN,10334088,2736744,18173,256512,43520,NaN,NaN
2026-04-01 10:36:10.122,55120,ESTAB,cubic,224,22.419,4.249,20.069,1448,10,14480,52128,26276555,26276555,32062,NaN,18173,9175,18172,78,NaN,NaN,10334088,2736744,18173,256512,43520,NaN,NaN
2026-04-01 10:36:10.375,55120,ESTAB,cubic,224,22.419,4.249,20.069,1448,10,14480,52128,26276555,26276555,32062,NaN,18173,9175,18172,78,NaN,NaN,10334088,2736744,18173,256512,43520,NaN,NaN
2026-04-01 10:36:10.627,55120,ESTAB,cubic,224,22.419,4.249,20.069,1448,10,14480,52128,26276555,26276555,32062,NaN,18173,9175,18172,78,NaN,NaN,10334088,2736744,18173,256512,43520,NaN,NaN
2026-04-01 10:36:10.873,55120,ESTAB,cubic,224,22.419,4.249,20.069,1448,10,14480,52128,26276555,26276555,32062,NaN,18173,9175,18172,78,NaN,NaN,10334088,2736744,18173,256512,43520,NaN,NaN
2026-04-01 10:36:11.122,55120,ESTAB,cubic,232,28.748,0.142,20.069,1448,36,52128,52128,26418198,26395030,32886,NaN,18271,9219,18270,80,NaN,NaN,17407200,6675584,18255,258048,43520,16,199824
2026-04-01 10:36:11.388,55120,ESTAB,cubic,232,30.458,0.259,20.069,1448,36,52128,52128,26641190,26615126,32886,NaN,18425,9295,18424,80,NaN,NaN,16429856,6698368,18407,258048,43520,18,49291
2026-04-01 10:36:11.657,55120,ESTAB,cubic,236,32.98,8.766,20.069,1448,36,52128,52128,26691537,26691537,33292,NaN,18461,9323,18460,81,NaN,NaN,15173416,6054288,18461,258048,43520,NaN,NaN
2026-04-01 10:36:11.928,55120,ESTAB,cubic,236,32.98,8.766,20.069,1448,36,52128,52128,26691537,26691537,33292,NaN,18461,9323,18460,81,NaN,NaN,15173416,6054288,18461,258048,43520,NaN,NaN
2026-04-01 10:36:12.186,55120,ESTAB,cubic,236,32.98,8.766,20.069,1448,36,52128,52128,26691537,26691537,33292,NaN,18461,9323,18460,81,NaN,NaN,15173416,6054288,18461,258048,43520,NaN,NaN
2026-04-01 10:36:12.437,55120,ESTAB,cubic,232,31.38,8.892,20.069,1448,10,14480,52128,26692593,26692593,33698,NaN,18462,9325,18461,82,NaN,NaN,7383040,6054288,18462,257536,43520,NaN,NaN
2026-04-01 10:36:12.700,55120,ESTAB,cubic,228,27.439,3.362,20.069,1448,10,14480,52128,26703153,26702097,37758,NaN,18472,9335,18471,92,NaN,NaN,8443184,6054288,18471,258048,43520,1,NaN
2026-04-01 10:36:12.963,55120,ESTAB,cubic,228,26.771,0.661,20.069,1448,10,14480,52128,26713713,26712657,41818,NaN,18482,9345,18481,102,NaN,NaN,8653976,6054288,18481,258048,43520,1,NaN
2026-04-01 10:36:13.214,55120,ESTAB,cubic,232,29.572,1.215,20.069,1448,36,52128,52128,26904209,26879593,42640,NaN,18614,9404,18613,104,NaN,NaN,16921952,6299712,18597,258048,43520,17,279464
2026-04-01 10:36:13.460,55120,ESTAB,cubic,232,29.169,0.412,20.069,1448,36,52128,52128,27105481,27082313,42640,NaN,18753,9474,18752,104,NaN,NaN,17155664,6700896,18737,258048,43520,16,208512
2026-04-01 10:36:13.723,55120,ESTAB,cubic,232,30.358,0.402,20.069,1448,36,52128,52128,27325577,27302409,42640,NaN,18905,9550,18904,104,NaN,NaN,16484040,6683392,18889,258048,43520,16,183598
2026-04-01 10:36:13.978,55120,ESTAB,cubic,232,28.642,0.172,20.069,1448,36,52128,52128,27510231,27509175,43046,NaN,19033,9622,19032,105,NaN,NaN,17471464,5572440,19032,258048,43520,1,NaN
2026-04-01 10:36:14.233,55120,ESTAB,cubic,236,32.973,8.791,20.069,1448,36,52128,52128,27510231,27510231,43046,NaN,19033,9623,19032,105,NaN,NaN,15176576,5572440,19033,258048,43520,NaN,NaN
2026-04-01 10:36:14.483,55120,ESTAB,cubic,232,28.047,4.344,20.069,1448,18,26064,52128,27519735,27518679,46700,NaN,19042,9633,19041,114,NaN,NaN,8920968,5572440,19041,258048,62976,1,NaN
2026-04-01 10:36:14.752,55120,ESTAB,cubic,228,24.671,2.369,20.069,1448,18,26064,52128,27530295,27529239,50760,NaN,19052,9643,19051,124,NaN,NaN,10141888,5572440,19051,258048,91648,1,NaN
2026-04-01 10:36:15.044,55120,ESTAB,cubic,228,26.12,1.294,20.069,1448,18,26064,52128,27559431,27540855,55236,NaN,19075,9654,19074,135,NaN,NaN,9579368,5572440,19062,258048,123392,13,320008
2026-04-01 10:36:15.305,55120,ESTAB,cubic,232,29.867,0.373,20.069,1448,36,52128,52128,27778079,27754911,55236,NaN,19226,9728,19225,135,NaN,NaN,16755168,6692296,19210,258048,123392,16,171254
2026-04-01 10:36:15.559,55120,ESTAB,cubic,232,28.971,1.187,20.069,1448,36,52128,52128,27950389,27949333,55642,NaN,19346,9796,19345,136,NaN,NaN,17273064,5688104,19345,258048,126464,1,NaN
2026-04-01 10:36:15.812,55120,ESTAB,cubic,236,33.319,9.586,20.069,1448,36,52128,52128,27950389,27950389,55642,NaN,19346,9797,19345,136,NaN,NaN,15019040,5688104,19346,258048,126464,NaN,NaN
2026-04-01 10:36:16.066,55120,ESTAB,cubic,236,33.319,9.586,20.069,1448,36,52128,52128,27950389,27950389,55642,NaN,19346,9797,19345,136,NaN,NaN,15019040,5688104,19346,258048,126464,NaN,NaN
2026-04-01 10:36:16.319,55120,ESTAB,cubic,236,33.319,9.586,20.069,1448,36,52128,52128,27950389,27950389,55642,NaN,19346,9797,19345,136,NaN,NaN,15019040,5688104,19346,258048,126464,NaN,NaN
2026-04-01 10:36:16.573,55120,ESTAB,cubic,232,30.115,4.038,20.069,1448,10,14480,52128,27957781,27956725,58484,NaN,19353,9805,19352,143,NaN,NaN,7693176,5688104,19352,258048,146944,1,NaN
2026-04-01 10:36:16.827,55120,ESTAB,cubic,228,27.633,2.141,20.069,1448,10,14480,52128,27967285,27966229,62138,NaN,19362,9814,19361,152,NaN,NaN,8383944,5688104,19361,258048,173056,1,NaN
2026-04-01 10:36:17.084,55120,ESTAB,cubic,228,25.907,1.283,20.069,1448,16,23168,52128,28004445,27984173,65802,NaN,19390,9826,19389,161,NaN,NaN,14308408,5688104,19376,258048,198656,14,309872
2026-04-01 10:36:17.329,55120,ESTAB,cubic,232,30.426,0.246,20.069,1448,36,52128,52128,28207165,28183997,65802,NaN,19530,9895,19529,161,NaN,NaN,16447064,5857688,19514,258048,198656,16,237472
2026-04-01 10:36:17.586,55120,ESTAB,cubic,232,29.284,1.026,20.069,1448,36,52128,52128,28422917,28398301,65802,NaN,19679,9969,19678,161,NaN,NaN,17088736,6310440,19662,258048,198656,17,282360
2026-04-01 10:36:17.825,55120,ESTAB,cubic,232,29.095,0.399,20.069,1448,36,52128,52128,28627085,28603917,65802,NaN,19820,10040,19819,161,NaN,NaN,17199448,6694016,19804,258048,198656,16,208512
2026-04-01 10:36:18.050,55120,ESTAB,cubic,232,29.47,1.186,20.069,1448,36,52128,52128,28813877,28789261,65802,NaN,19949,10104,19948,161,NaN,NaN,16980592,6307432,19932,258048,198656,17,282360
2026-04-01 10:36:18.283,55120,ESTAB,cubic,232,29.329,0.459,20.069,1448,36,52128,52128,29009357,28986189,65802,NaN,20084,10172,20083,161,NaN,NaN,17062224,6702408,20068,258048,198656,16,136783
2026-04-01 10:36:18.513,55120,ESTAB,cubic,232,28.469,0.345,20.069,1448,36,52128,52128,29157084,29147196,66624,NaN,20187,10229,20186,163,NaN,NaN,17577864,5583368,20180,258048,204800,7,328696
2026-04-01 10:36:18.741,55120,ESTAB,cubic,232,30.031,0.762,20.069,1448,36,52128,52128,29348220,29326500,66624,NaN,20319,10291,20318,163,NaN,NaN,16663456,6694984,20304,258048,204800,15,267880
2026-04-01 10:36:18.969,55120,ESTAB,cubic,232,29.091,0.455,20.069,1448,36,52128,52128,29540804,29517636,66624,NaN,20452,10357,20451,163,NaN,NaN,17202032,6692944,20436,258048,204800,16,205616
2026-04-01 10:36:19.193,55120,ESTAB,cubic,232,29.477,1.188,20.069,1448,36,52128,52128,29724700,29700084,66624,NaN,20579,10420,20578,163,NaN,NaN,16976560,6286896,20562,258048,204800,17,282360
2026-04-01 10:36:19.426,55120,ESTAB,cubic,232,29.33,0.436,20.069,1448,36,52128,52128,29920180,29897012,66624,NaN,20714,10488,20713,163,NaN,NaN,17062008,6714712,20698,258048,204800,16,147476
2026-04-01 10:36:19.660,55120,ESTAB,cubic,232,28.071,0.357,20.069,1448,36,52128,52128,30068712,30068712,67446,NaN,20817,10549,20816,165,NaN,NaN,17826696,6697456,20817,258048,207360,NaN,NaN
2026-04-01 10:36:19.896,55120,ESTAB,cubic,232,30.119,0.717,20.069,1448,36,52128,52128,30275528,30250912,67446,NaN,20960,10612,20959,165,NaN,NaN,16614984,6692808,20943,258048,210432,17,262088
2026-04-01 10:36:20.132,55120,ESTAB,cubic,232,29.022,0.336,20.069,1448,36,52128,52128,30468112,30444944,67446,NaN,21093,10679,21092,165,NaN,NaN,17242784,6685856,21077,258048,210432,16,199824
2026-04-01 10:36:20.386,55120,ESTAB,cubic,232,30.227,0.566,20.069,1448,36,52128,52128,30679520,30653456,67446,NaN,21239,10751,21238,165,NaN,NaN,16555408,6694744,21221,258048,210432,18,249056
2026-04-01 10:36:20.650,55120,ESTAB,cubic,232,29.206,1.102,20.069,1448,36,52128,52128,30901064,30876448,67446,NaN,21392,10828,21391,165,NaN,NaN,17134008,6292656,21375,258048,210432,17,288152
2026-04-01 10:36:20.894,55120,ESTAB,cubic,232,29.16,0.469,20.069,1448,36,52128,52128,31108128,31082064,67446,NaN,21535,10899,21534,165,NaN,NaN,17161480,6705856,21517,258048,210432,18,140351
2026-04-01 10:36:21.143,55120,ESTAB,cubic,236,33.272,8.913,20.069,1448,36,52128,52128,31248479,31248479,67446,NaN,21632,10957,21631,165,NaN,NaN,15040256,2614504,21632,258048,210432,NaN,NaN
2026-04-01 10:36:21.388,55120,ESTAB,cubic,236,33.272,8.913,20.069,1448,36,52128,52128,31248479,31248479,67446,NaN,21632,10957,21631,165,NaN,NaN,15040256,2614504,21632,258048,210432,NaN,NaN
2026-04-01 10:36:21.649,55120,ESTAB,cubic,236,33.272,8.913,20.069,1448,36,52128,52128,31248479,31248479,67446,NaN,21632,10957,21631,165,NaN,NaN,15040256,2614504,21632,258048,210432,NaN,NaN
2026-04-01 10:36:21.892,55120,ESTAB,cubic,236,33.272,8.913,20.069,1448,36,52128,52128,31248479,31248479,67446,NaN,21632,10957,21631,165,NaN,NaN,15040256,2614504,21632,258048,210432,NaN,NaN
2026-04-01 10:36:22.120,55120,ESTAB,cubic,236,33.272,8.913,20.069,1448,36,52128,52128,31248479,31248479,67446,NaN,21632,10957,21631,165,NaN,NaN,15040256,2614504,21632,258048,210432,NaN,NaN
2026-04-01 10:36:22.351,55120,ESTAB,cubic,236,33.272,8.913,20.069,1448,36,52128,52128,31248479,31248479,67446,NaN,21632,10957,21631,165,NaN,NaN,15040256,2614504,21632,258048,210432,NaN,NaN
2026-04-01 10:36:22.586,55120,ESTAB,cubic,236,33.272,8.913,20.069,1448,36,52128,52128,31248479,31248479,67446,NaN,21632,10957,21631,165,NaN,NaN,15040256,2614504,21632,258048,210432,NaN,NaN
2026-04-01 10:36:22.820,55120,ESTAB,cubic,236,33.272,8.913,20.069,1448,36,52128,52128,31248479,31248479,67446,NaN,21632,10957,21631,165,NaN,NaN,15040256,2614504,21632,258048,210432,NaN,NaN
2026-04-01 10:36:23.055,55120,ESTAB,cubic,236,33.272,8.913,20.069,1448,36,52128,52128,31248479,31248479,67446,NaN,21632,10957,21631,165,NaN,NaN,15040256,2614504,21632,258048,210432,NaN,NaN
2026-04-01 10:36:23.292,55120,ESTAB,cubic,236,33.272,8.913,20.069,1448,36,52128,52128,31248479,31248479,67446,NaN,21632,10957,21631,165,NaN,NaN,15040256,2614504,21632,258048,210432,NaN,NaN
2026-04-01 10:36:23.527,55120,ESTAB,cubic,236,33.272,8.913,20.069,1448,36,52128,52128,31248479,31248479,67446,NaN,21632,10957,21631,165,NaN,NaN,15040256,2614504,21632,258048,210432,NaN,NaN
2026-04-01 10:36:23.758,55120,ESTAB,cubic,236,33.272,8.913,20.069,1448,36,52128,52128,31248479,31248479,67446,NaN,21632,10957,21631,165,NaN,NaN,15040256,2614504,21632,258048,210432,NaN,NaN
2026-04-01 10:36:24.004,55120,ESTAB,cubic,236,33.272,8.913,20.069,1448,36,52128,52128,31248479,31248479,67446,NaN,21632,10957,21631,165,NaN,NaN,15040256,2614504,21632,258048,210432,NaN,NaN
2026-04-01 10:36:24.243,55120,ESTAB,cubic,236,33.272,8.913,20.069,1448,36,52128,52128,31248479,31248479,67446,NaN,21632,10957,21631,165,NaN,NaN,15040256,2614504,21632,258048,210432,NaN,NaN
2026-04-01 10:36:24.487,55120,ESTAB,cubic,236,33.272,8.913,20.069,1448,36,52128,52128,31248479,31248479,67446,NaN,21632,10957,21631,165,NaN,NaN,15040256,2614504,21632,258048,210432,NaN,NaN
2026-04-01 10:36:24.736,55120,ESTAB,cubic,236,33.272,8.913,20.069,1448,36,52128,52128,31248479,31248479,67446,NaN,21632,10957,21631,165,NaN,NaN,15040256,2614504,21632,258048,210432,NaN,NaN
2026-04-01 10:36:24.985,55120,ESTAB,cubic,236,33.272,8.913,20.069,1448,36,52128,52128,31248479,31248479,67446,NaN,21632,10957,21631,165,NaN,NaN,15040256,2614504,21632,258048,210432,NaN,NaN
2026-04-01 10:36:25.232,55120,ESTAB,cubic,236,33.272,8.913,20.069,1448,36,52128,52128,31248479,31248479,67446,NaN,21632,10957,21631,165,NaN,NaN,15040256,2614504,21632,258048,210432,NaN,NaN
2026-04-01 10:36:25.471,55120,ESTAB,cubic,236,33.272,8.913,20.069,1448,36,52128,52128,31248479,31248479,67446,NaN,21632,10957,21631,165,NaN,NaN,15040256,2614504,21632,258048,210432,NaN,NaN
2026-04-01 10:36:25.706,55120,ESTAB,cubic,236,33.272,8.913,20.069,1448,36,52128,52128,31248479,31248479,67446,NaN,21632,10957,21631,165,NaN,NaN,15040256,2614504,21632,258048,210432,NaN,NaN
2026-04-01 10:36:25.939,55120,ESTAB,cubic,236,33.272,8.913,20.069,1448,36,52128,52128,31248479,31248479,67446,NaN,21632,10957,21631,165,NaN,NaN,15040256,2614504,21632,258048,210432,NaN,NaN
2026-04-01 10:36:26.170,55120,ESTAB,cubic,236,33.272,8.913,20.069,1448,36,52128,52128,31248479,31248479,67446,NaN,21632,10957,21631,165,NaN,NaN,15040256,2614504,21632,258048,210432,NaN,NaN
2026-04-01 10:36:26.417,55120,ESTAB,cubic,236,33.272,8.913,20.069,1448,36,52128,52128,31248479,31248479,67446,NaN,21632,10957,21631,165,NaN,NaN,15040256,2614504,21632,258048,210432,NaN,NaN
2026-04-01 10:36:26.657,55120,ESTAB,cubic,236,33.272,8.913,20.069,1448,36,52128,52128,31248479,31248479,67446,NaN,21632,10957,21631,165,NaN,NaN,15040256,2614504,21632,258048,210432,NaN,NaN
2026-04-01 10:36:26.893,55120,ESTAB,cubic,236,33.272,8.913,20.069,1448,36,52128,52128,31248479,31248479,67446,NaN,21632,10957,21631,165,NaN,NaN,15040256,2614504,21632,258048,210432,NaN,NaN
2026-04-01 10:36:27.132,55120,ESTAB,cubic,236,33.272,8.913,20.069,1448,36,52128,52128,31248479,31248479,67446,NaN,21632,10957,21631,165,NaN,NaN,15040256,2614504,21632,258048,210432,NaN,NaN
2026-04-01 10:36:27.373,55120,ESTAB,cubic,236,33.272,8.913,20.069,1448,36,52128,52128,31248479,31248479,67446,NaN,21632,10957,21631,165,NaN,NaN,15040256,2614504,21632,258048,210432,NaN,NaN
2026-04-01 10:36:27.627,55120,ESTAB,cubic,236,33.272,8.913,20.069,1448,36,52128,52128,31248479,31248479,67446,NaN,21632,10957,21631,165,NaN,NaN,15040256,2614504,21632,258048,210432,NaN,NaN
2026-04-01 10:36:27.866,55120,ESTAB,cubic,236,33.272,8.913,20.069,1448,36,52128,52128,31248479,31248479,67446,NaN,21632,10957,21631,165,NaN,NaN,15040256,2614504,21632,258048,210432,NaN,NaN
2026-04-01 10:36:28.108,55120,ESTAB,cubic,236,33.272,8.913,20.069,1448,36,52128,52128,31248479,31248479,67446,NaN,21632,10957,21631,165,NaN,NaN,15040256,2614504,21632,258048,210432,NaN,NaN
2026-04-01 10:36:28.350,55120,ESTAB,cubic,236,33.272,8.913,20.069,1448,36,52128,52128,31248479,31248479,67446,NaN,21632,10957,21631,165,NaN,NaN,15040256,2614504,21632,258048,210432,NaN,NaN
2026-04-01 10:36:28.585,55120,ESTAB,cubic,236,33.272,8.913,20.069,1448,36,52128,52128,31248479,31248479,67446,NaN,21632,10957,21631,165,NaN,NaN,15040256,2614504,21632,258048,210432,NaN,NaN
2026-04-01 10:36:28.825,55120,ESTAB,cubic,236,33.272,8.913,20.069,1448,36,52128,52128,31248479,31248479,67446,NaN,21632,10957,21631,165,NaN,NaN,15040256,2614504,21632,258048,210432,NaN,NaN
2026-04-01 10:36:29.066,55120,ESTAB,cubic,236,33.272,8.913,20.069,1448,36,52128,52128,31248479,31248479,67446,NaN,21632,10957,21631,165,NaN,NaN,15040256,2614504,21632,258048,210432,NaN,NaN
2026-04-01 10:36:29.302,55120,ESTAB,cubic,236,33.272,8.913,20.069,1448,36,52128,52128,31248479,31248479,67446,NaN,21632,10957,21631,165,NaN,NaN,15040256,2614504,21632,258048,210432,NaN,NaN
2026-04-01 10:36:29.534,55120,ESTAB,cubic,236,33.272,8.913,20.069,1448,36,52128,52128,31248479,31248479,67446,NaN,21632,10957,21631,165,NaN,NaN,15040256,2614504,21632,258048,210432,NaN,NaN
2026-04-01 10:36:29.781,55120,ESTAB,cubic,236,33.272,8.913,20.069,1448,36,52128,52128,31248479,31248479,67446,NaN,21632,10957,21631,165,NaN,NaN,15040256,2614504,21632,258048,210432,NaN,NaN
2026-04-01 10:36:30.034,55120,ESTAB,cubic,236,33.272,8.913,20.069,1448,36,52128,52128,31248479,31248479,67446,NaN,21632,10957,21631,165,NaN,NaN,15040256,2614504,21632,258048,210432,NaN,NaN
2026-04-01 10:36:30.279,55120,ESTAB,cubic,236,33.272,8.913,20.069,1448,36,52128,52128,31248479,31248479,67446,NaN,21632,10957,21631,165,NaN,NaN,15040256,2614504,21632,258048,210432,NaN,NaN
2026-04-01 10:36:30.518,55120,ESTAB,cubic,236,33.272,8.913,20.069,1448,36,52128,52128,31248479,31248479,67446,NaN,21632,10957,21631,165,NaN,NaN,15040256,2614504,21632,258048,210432,NaN,NaN
2026-04-01 10:36:30.759,55120,ESTAB,cubic,236,33.272,8.913,20.069,1448,36,52128,52128,31248479,31248479,67446,NaN,21632,10957,21631,165,NaN,NaN,15040256,2614504,21632,258048,210432,NaN,NaN
2026-04-01 10:36:30.998,55120,ESTAB,cubic,236,33.272,8.913,20.069,1448,36,52128,52128,31248479,31248479,67446,NaN,21632,10957,21631,165,NaN,NaN,15040256,2614504,21632,258048,210432,NaN,NaN
2026-04-01 10:36:31.252,55120,ESTAB,cubic,236,33.272,8.913,20.069,1448,36,52128,52128,31248479,31248479,67446,NaN,21632,10957,21631,165,NaN,NaN,15040256,2614504,21632,258048,210432,NaN,NaN
2026-04-01 10:36:31.494,55120,ESTAB,cubic,236,33.272,8.913,20.069,1448,36,52128,52128,31248479,31248479,67446,NaN,21632,10957,21631,165,NaN,NaN,15040256,2614504,21632,258048,210432,NaN,NaN
2026-04-01 10:36:31.728,55120,ESTAB,cubic,236,33.272,8.913,20.069,1448,36,52128,52128,31248479,31248479,67446,NaN,21632,10957,21631,165,NaN,NaN,15040256,2614504,21632,258048,210432,NaN,NaN
2026-04-01 10:36:31.959,55120,ESTAB,cubic,236,33.272,8.913,20.069,1448,36,52128,52128,31248479,31248479,67446,NaN,21632,10957,21631,165,NaN,NaN,15040256,2614504,21632,258048,210432,NaN,NaN
2026-04-01 10:36:32.187,55120,ESTAB,cubic,236,33.272,8.913,20.069,1448,36,52128,52128,31248479,31248479,67446,NaN,21632,10957,21631,165,NaN,NaN,15040256,2614504,21632,258048,210432,NaN,NaN
2026-04-01 10:36:32.429,55120,ESTAB,cubic,236,33.272,8.913,20.069,1448,36,52128,52128,31248479,31248479,67446,NaN,21632,10957,21631,165,NaN,NaN,15040256,2614504,21632,258048,210432,NaN,NaN
2026-04-01 10:36:32.665,55120,ESTAB,cubic,236,33.272,8.913,20.069,1448,36,52128,52128,31248479,31248479,67446,NaN,21632,10957,21631,165,NaN,NaN,15040256,2614504,21632,258048,210432,NaN,NaN
2026-04-01 10:36:32.896,55120,ESTAB,cubic,236,33.272,8.913,20.069,1448,36,52128,52128,31248479,31248479,67446,NaN,21632,10957,21631,165,NaN,NaN,15040256,2614504,21632,258048,210432,NaN,NaN
2026-04-01 10:36:33.133,55120,ESTAB,cubic,236,33.272,8.913,20.069,1448,36,52128,52128,31248479,31248479,67446,NaN,21632,10957,21631,165,NaN,NaN,15040256,2614504,21632,258048,210432,NaN,NaN
2026-04-01 10:36:33.369,55120,ESTAB,cubic,236,33.272,8.913,20.069,1448,36,52128,52128,31248479,31248479,67446,NaN,21632,10957,21631,165,NaN,NaN,15040256,2614504,21632,258048,210432,NaN,NaN
2026-04-01 10:36:33.601,55120,ESTAB,cubic,236,33.272,8.913,20.069,1448,36,52128,52128,31248479,31248479,67446,NaN,21632,10957,21631,165,NaN,NaN,15040256,2614504,21632,258048,210432,NaN,NaN
2026-04-01 10:36:33.837,55120,ESTAB,cubic,236,33.272,8.913,20.069,1448,36,52128,52128,31248479,31248479,67446,NaN,21632,10957,21631,165,NaN,NaN,15040256,2614504,21632,258048,210432,NaN,NaN
2026-04-01 10:36:34.069,55120,ESTAB,cubic,236,33.272,8.913,20.069,1448,36,52128,52128,31248479,31248479,67446,NaN,21632,10957,21631,165,NaN,NaN,15040256,2614504,21632,258048,210432,NaN,NaN
2026-04-01 10:36:34.306,55120,ESTAB,cubic,236,33.272,8.913,20.069,1448,36,52128,52128,31248479,31248479,67446,NaN,21632,10957,21631,165,NaN,NaN,15040256,2614504,21632,258048,210432,NaN,NaN
2026-04-01 10:36:34.547,55120,ESTAB,cubic,236,33.272,8.913,20.069,1448,36,52128,52128,31248479,31248479,67446,NaN,21632,10957,21631,165,NaN,NaN,15040256,2614504,21632,258048,210432,NaN,NaN
2026-04-01 10:36:34.785,55120,ESTAB,cubic,236,33.272,8.913,20.069,1448,36,52128,52128,31248479,31248479,67446,NaN,21632,10957,21631,165,NaN,NaN,15040256,2614504,21632,258048,210432,NaN,NaN
2026-04-01 10:36:35.016,55120,ESTAB,cubic,236,33.272,8.913,20.069,1448,36,52128,52128,31248479,31248479,67446,NaN,21632,10957,21631,165,NaN,NaN,15040256,2614504,21632,258048,210432,NaN,NaN
2026-04-01 10:36:35.244,55120,ESTAB,cubic,236,33.272,8.913,20.069,1448,36,52128,52128,31248479,31248479,67446,NaN,21632,10957,21631,165,NaN,NaN,15040256,2614504,21632,258048,210432,NaN,NaN
2026-04-01 10:36:35.481,55120,ESTAB,cubic,236,33.272,8.913,20.069,1448,36,52128,52128,31248479,31248479,67446,NaN,21632,10957,21631,165,NaN,NaN,15040256,2614504,21632,258048,210432,NaN,NaN
2026-04-01 10:36:35.710,55120,ESTAB,cubic,236,33.272,8.913,20.069,1448,36,52128,52128,31248479,31248479,67446,NaN,21632,10957,21631,165,NaN,NaN,15040256,2614504,21632,258048,210432,NaN,NaN
2026-04-01 10:36:35.954,55120,ESTAB,cubic,236,33.272,8.913,20.069,1448,36,52128,52128,31248479,31248479,67446,NaN,21632,10957,21631,165,NaN,NaN,15040256,2614504,21632,258048,210432,NaN,NaN
2026-04-01 10:36:36.188,55120,ESTAB,cubic,236,33.272,8.913,20.069,1448,36,52128,52128,31248479,31248479,67446,NaN,21632,10957,21631,165,NaN,NaN,15040256,2614504,21632,258048,210432,NaN,NaN
2026-04-01 10:36:36.422,55120,ESTAB,cubic,236,33.272,8.913,20.069,1448,36,52128,52128,31248479,31248479,67446,NaN,21633,10958,21631,165,NaN,NaN,15040256,2614504,21632,258048,210432,NaN,NaN
2026-04-01 10:36:36.653,55120,ESTAB,cubic,236,33.272,8.913,20.069,1448,36,52128,52128,31248479,31248479,67446,NaN,21633,10958,21631,165,NaN,NaN,15040256,2614504,21632,258048,210432,NaN,NaN
2026-04-01 10:36:36.886,55120,ESTAB,cubic,236,33.272,8.913,20.069,1448,36,52128,52128,31248479,31248479,67446,NaN,21633,10958,21631,165,NaN,NaN,15040256,2614504,21632,258048,210432,NaN,NaN
2026-04-01 10:36:37.117,55120,ESTAB,cubic,236,33.272,8.913,20.069,1448,36,52128,52128,31248479,31248479,67446,NaN,21633,10958,21631,165,NaN,NaN,15040256,2614504,21632,258048,210432,NaN,NaN
2026-04-01 10:36:37.354,55120,ESTAB,cubic,236,33.272,8.913,20.069,1448,36,52128,52128,31248479,31248479,67446,NaN,21633,10958,21631,165,NaN,NaN,15040256,2614504,21632,258048,210432,NaN,NaN
2026-04-01 10:36:37.613,55120,ESTAB,cubic,236,33.272,8.913,20.069,1448,36,52128,52128,31248479,31248479,67446,NaN,21633,10958,21631,165,NaN,NaN,15040256,2614504,21632,258048,210432,NaN,NaN
2026-04-01 10:36:37.859,55120,ESTAB,cubic,236,33.272,8.913,20.069,1448,36,52128,52128,31248479,31248479,67446,NaN,21633,10958,21631,165,NaN,NaN,15040256,2614504,21632,258048,210432,NaN,NaN
2026-04-01 10:36:38.102,55120,ESTAB,cubic,236,33.272,8.913,20.069,1448,36,52128,52128,31248479,31248479,67446,NaN,21633,10958,21631,165,NaN,NaN,15040256,2614504,21632,258048,210432,NaN,NaN
2026-04-01 10:36:38.342,55120,ESTAB,cubic,236,33.272,8.913,20.069,1448,36,52128,52128,31248479,31248479,67446,NaN,21633,10958,21631,165,NaN,NaN,15040256,2614504,21632,258048,210432,NaN,NaN
2026-04-01 10:36:38.575,55120,ESTAB,cubic,236,33.272,8.913,20.069,1448,36,52128,52128,31248479,31248479,67446,NaN,21633,10958,21631,165,NaN,NaN,15040256,2614504,21632,258048,210432,NaN,NaN
2026-04-01 10:36:38.804,55120,ESTAB,cubic,236,33.272,8.913,20.069,1448,36,52128,52128,31248479,31248479,67446,NaN,21633,10958,21631,165,NaN,NaN,15040256,2614504,21632,258048,210432,NaN,NaN
2026-04-01 10:36:39.031,55120,ESTAB,cubic,236,33.272,8.913,20.069,1448,36,52128,52128,31248479,31248479,67446,NaN,21633,10958,21631,165,NaN,NaN,15040256,2614504,21632,258048,210432,NaN,NaN
2026-04-01 10:36:39.264,55120,ESTAB,cubic,236,33.272,8.913,20.069,1448,36,52128,52128,31248479,31248479,67446,NaN,21633,10958,21631,165,NaN,NaN,15040256,2614504,21632,258048,210432,NaN,NaN
2026-04-01 10:36:39.497,55120,ESTAB,cubic,236,33.272,8.913,20.069,1448,36,52128,52128,31248479,31248479,67446,NaN,21633,10958,21631,165,NaN,NaN,15040256,2614504,21632,258048,210432,NaN,NaN
2026-04-01 10:36:39.731,55120,ESTAB,cubic,236,33.272,8.913,20.069,1448,36,52128,52128,31248479,31248479,67446,NaN,21633,10958,21631,165,NaN,NaN,15040256,2614504,21632,258048,210432,NaN,NaN
2026-04-01 10:36:39.966,55120,ESTAB,cubic,236,33.272,8.913,20.069,1448,36,52128,52128,31248479,31248479,67446,NaN,21633,10958,21631,165,NaN,NaN,15040256,2614504,21632,258048,210432,NaN,NaN
2026-04-01 10:36:40.208,55120,ESTAB,cubic,236,33.272,8.913,20.069,1448,36,52128,52128,31248479,31248479,67446,NaN,21633,10958,21631,165,NaN,NaN,15040256,2614504,21632,258048,210432,NaN,NaN
2026-04-01 10:36:40.452,55120,ESTAB,cubic,236,33.272,8.913,20.069,1448,36,52128,52128,31248479,31248479,67446,NaN,21633,10958,21631,165,NaN,NaN,15040256,2614504,21632,258048,210432,NaN,NaN
2026-04-01 10:36:40.685,55120,ESTAB,cubic,236,33.272,8.913,20.069,1448,36,52128,52128,31248479,31248479,67446,NaN,21633,10958,21631,165,NaN,NaN,15040256,2614504,21632,258048,210432,NaN,NaN
2026-04-01 10:36:40.934,55120,ESTAB,cubic,236,33.272,8.913,20.069,1448,36,52128,52128,31248479,31248479,67446,NaN,21633,10958,21631,165,NaN,NaN,15040256,2614504,21632,258048,210432,NaN,NaN
2026-04-01 10:36:41.167,55120,ESTAB,cubic,236,33.272,8.913,20.069,1448,36,52128,52128,31248479,31248479,67446,NaN,21633,10958,21631,165,NaN,NaN,15040256,2614504,21632,258048,210432,NaN,NaN
2026-04-01 10:36:41.405,55120,ESTAB,cubic,236,33.272,8.913,20.069,1448,36,52128,52128,31248479,31248479,67446,NaN,21633,10958,21631,165,NaN,NaN,15040256,2614504,21632,258048,210432,NaN,NaN
2026-04-01 10:36:41.638,55120,ESTAB,cubic,236,33.272,8.913,20.069,1448,36,52128,52128,31248479,31248479,67446,NaN,21633,10958,21631,165,NaN,NaN,15040256,2614504,21632,258048,210432,NaN,NaN
2026-04-01 10:36:41.871,55120,ESTAB,cubic,236,33.272,8.913,20.069,1448,36,52128,52128,31248479,31248479,67446,NaN,21633,10958,21631,165,NaN,NaN,15040256,2614504,21632,258048,210432,NaN,NaN
2026-04-01 10:36:42.102,55120,ESTAB,cubic,236,33.272,8.913,20.069,1448,36,52128,52128,31248479,31248479,67446,NaN,21633,10958,21631,165,NaN,NaN,15040256,2614504,21632,258048,210432,NaN,NaN
2026-04-01 10:36:42.351,55120,ESTAB,cubic,236,33.272,8.913,20.069,1448,36,52128,52128,31248479,31248479,67446,NaN,21633,10958,21631,165,NaN,NaN,15040256,2614504,21632,258048,210432,NaN,NaN
2026-04-01 10:36:42.601,55120,ESTAB,cubic,236,33.272,8.913,20.069,1448,36,52128,52128,31248479,31248479,67446,NaN,21633,10958,21631,165,NaN,NaN,15040256,2614504,21632,258048,210432,NaN,NaN
2026-04-01 10:36:42.858,55120,ESTAB,cubic,236,33.272,8.913,20.069,1448,36,52128,52128,31248479,31248479,67446,NaN,21633,10958,21631,165,NaN,NaN,15040256,2614504,21632,258048,210432,NaN,NaN
2026-04-01 10:36:43.115,55120,ESTAB,cubic,236,33.272,8.913,20.069,1448,36,52128,52128,31248479,31248479,67446,NaN,21633,10958,21631,165,NaN,NaN,15040256,2614504,21632,258048,210432,NaN,NaN
2026-04-01 10:36:43.372,55120,ESTAB,cubic,236,33.272,8.913,20.069,1448,36,52128,52128,31248479,31248479,67446,NaN,21633,10958,21631,165,NaN,NaN,15040256,2614504,21632,258048,210432,NaN,NaN
2026-04-01 10:36:43.630,55120,ESTAB,cubic,236,33.272,8.913,20.069,1448,36,52128,52128,31248479,31248479,67446,NaN,21633,10958,21631,165,NaN,NaN,15040256,2614504,21632,258048,210432,NaN,NaN
2026-04-01 10:36:43.882,55120,ESTAB,cubic,236,33.272,8.913,20.069,1448,36,52128,52128,31248479,31248479,67446,NaN,21633,10958,21631,165,NaN,NaN,15040256,2614504,21632,258048,210432,NaN,NaN
2026-04-01 10:36:44.117,55120,ESTAB,cubic,236,33.272,8.913,20.069,1448,36,52128,52128,31248479,31248479,67446,NaN,21633,10958,21631,165,NaN,NaN,15040256,2614504,21632,258048,210432,NaN,NaN
2026-04-01 10:36:44.358,55120,ESTAB,cubic,236,33.272,8.913,20.069,1448,36,52128,52128,31248479,31248479,67446,NaN,21633,10958,21631,165,NaN,NaN,15040256,2614504,21632,258048,210432,NaN,NaN
2026-04-01 10:36:44.621,55120,ESTAB,cubic,236,33.272,8.913,20.069,1448,36,52128,52128,31248479,31248479,67446,NaN,21633,10958,21631,165,NaN,NaN,15040256,2614504,21632,258048,210432,NaN,NaN
2026-04-01 10:36:44.888,55120,ESTAB,cubic,236,33.272,8.913,20.069,1448,36,52128,52128,31248479,31248479,67446,NaN,21633,10958,21631,165,NaN,NaN,15040256,2614504,21632,258048,210432,NaN,NaN
2026-04-01 10:36:45.134,55120,ESTAB,cubic,236,33.272,8.913,20.069,1448,36,52128,52128,31248479,31248479,67446,NaN,21633,10958,21631,165,NaN,NaN,15040256,2614504,21632,258048,210432,NaN,NaN
2026-04-01 10:36:45.394,55120,ESTAB,cubic,236,33.272,8.913,20.069,1448,36,52128,52128,31248479,31248479,67446,NaN,21633,10958,21631,165,NaN,NaN,15040256,2614504,21632,258048,210432,NaN,NaN
2026-04-01 10:36:45.649,55120,ESTAB,cubic,236,33.272,8.913,20.069,1448,36,52128,52128,31248479,31248479,67446,NaN,21633,10958,21631,165,NaN,NaN,15040256,2614504,21632,258048,210432,NaN,NaN
2026-04-01 10:36:45.901,55120,ESTAB,cubic,236,33.272,8.913,20.069,1448,36,52128,52128,31248479,31248479,67446,NaN,21633,10958,21631,165,NaN,NaN,15040256,2614504,21632,258048,210432,NaN,NaN
2026-04-01 10:36:46.134,55120,ESTAB,cubic,236,33.272,8.913,20.069,1448,36,52128,52128,31248479,31248479,67446,NaN,21633,10958,21631,165,NaN,NaN,15040256,2614504,21632,258048,210432,NaN,NaN
2026-04-01 10:36:46.389,55120,ESTAB,cubic,236,33.272,8.913,20.069,1448,36,52128,52128,31248479,31248479,67446,NaN,21633,10958,21631,165,NaN,NaN,15040256,2614504,21632,258048,210432,NaN,NaN
2026-04-01 10:36:46.647,55120,ESTAB,cubic,236,33.272,8.913,20.069,1448,36,52128,52128,31248479,31248479,67446,NaN,21633,10958,21631,165,NaN,NaN,15040256,2614504,21632,258048,210432,NaN,NaN
2026-04-01 10:36:46.900,55120,ESTAB,cubic,236,33.272,8.913,20.069,1448,36,52128,52128,31248479,31248479,67446,NaN,21633,10958,21631,165,NaN,NaN,15040256,2614504,21632,258048,210432,NaN,NaN
2026-04-01 10:36:47.146,55120,ESTAB,cubic,236,33.272,8.913,20.069,1448,36,52128,52128,31248479,31248479,67446,NaN,21633,10958,21631,165,NaN,NaN,15040256,2614504,21632,258048,210432,NaN,NaN
2026-04-01 10:36:47.395,55120,ESTAB,cubic,236,33.272,8.913,20.069,1448,36,52128,52128,31248479,31248479,67446,NaN,21633,10958,21631,165,NaN,NaN,15040256,2614504,21632,258048,210432,NaN,NaN
2026-04-01 10:36:47.635,55120,ESTAB,cubic,236,33.272,8.913,20.069,1448,36,52128,52128,31248479,31248479,67446,NaN,21633,10958,21631,165,NaN,NaN,15040256,2614504,21632,258048,210432,NaN,NaN
2026-04-01 10:36:47.877,55120,ESTAB,cubic,236,33.272,8.913,20.069,1448,36,52128,52128,31248479,31248479,67446,NaN,21633,10958,21631,165,NaN,NaN,15040256,2614504,21632,258048,210432,NaN,NaN
2026-04-01 10:36:48.122,55120,ESTAB,cubic,236,33.272,8.913,20.069,1448,36,52128,52128,31248479,31248479,67446,NaN,21633,10958,21631,165,NaN,NaN,15040256,2614504,21632,258048,210432,NaN,NaN
2026-04-01 10:36:48.370,55120,ESTAB,cubic,236,33.272,8.913,20.069,1448,36,52128,52128,31248479,31248479,67446,NaN,21633,10958,21631,165,NaN,NaN,15040256,2614504,21632,258048,210432,NaN,NaN
2026-04-01 10:36:48.625,55120,ESTAB,cubic,236,33.272,8.913,20.069,1448,36,52128,52128,31248479,31248479,67446,NaN,21633,10958,21631,165,NaN,NaN,15040256,2614504,21632,258048,210432,NaN,NaN
2026-04-01 10:36:48.867,55120,ESTAB,cubic,236,33.272,8.913,20.069,1448,36,52128,52128,31248479,31248479,67446,NaN,21633,10958,21631,165,NaN,NaN,15040256,2614504,21632,258048,210432,NaN,NaN
2026-04-01 10:36:49.115,55120,ESTAB,cubic,236,33.272,8.913,20.069,1448,36,52128,52128,31248479,31248479,67446,NaN,21633,10958,21631,165,NaN,NaN,15040256,2614504,21632,258048,210432,NaN,NaN
2026-04-01 10:36:49.366,55120,ESTAB,cubic,236,33.272,8.913,20.069,1448,36,52128,52128,31248479,31248479,67446,NaN,21633,10958,21631,165,NaN,NaN,15040256,2614504,21632,258048,210432,NaN,NaN
2026-04-01 10:36:49.616,55120,ESTAB,cubic,236,33.272,8.913,20.069,1448,36,52128,52128,31248479,31248479,67446,NaN,21633,10958,21631,165,NaN,NaN,15040256,2614504,21632,258048,210432,NaN,NaN
2026-04-01 10:36:49.865,55120,ESTAB,cubic,236,33.272,8.913,20.069,1448,36,52128,52128,31248479,31248479,67446,NaN,21633,10958,21631,165,NaN,NaN,15040256,2614504,21632,258048,210432,NaN,NaN
2026-04-01 10:36:50.107,55120,ESTAB,cubic,236,33.272,8.913,20.069,1448,36,52128,52128,31248479,31248479,67446,NaN,21633,10958,21631,165,NaN,NaN,15040256,2614504,21632,258048,210432,NaN,NaN
2026-04-01 10:36:50.359,55120,ESTAB,cubic,236,33.272,8.913,20.069,1448,36,52128,52128,31248479,31248479,67446,NaN,21633,10958,21631,165,NaN,NaN,15040256,2614504,21632,258048,210432,NaN,NaN
2026-04-01 10:36:50.604,55120,ESTAB,cubic,236,33.272,8.913,20.069,1448,36,52128,52128,31248479,31248479,67446,NaN,21633,10958,21631,165,NaN,NaN,15040256,2614504,21632,258048,210432,NaN,NaN
2026-04-01 10:36:50.861,55120,ESTAB,cubic,236,33.272,8.913,20.069,1448,36,52128,52128,31248479,31248479,67446,NaN,21633,10958,21631,165,NaN,NaN,15040256,2614504,21632,258048,210432,NaN,NaN
2026-04-01 10:36:51.102,55120,ESTAB,cubic,236,33.272,8.913,20.069,1448,36,52128,52128,31248479,31248479,67446,NaN,21633,10958,21631,165,NaN,NaN,15040256,2614504,21632,258048,210432,NaN,NaN
2026-04-01 10:36:51.362,55120,ESTAB,cubic,236,33.272,8.913,20.069,1448,36,52128,52128,31248479,31248479,67446,NaN,21633,10958,21631,165,NaN,NaN,15040256,2614504,21632,258048,210432,NaN,NaN
2026-04-01 10:36:51.611,55120,ESTAB,cubic,236,33.272,8.913,20.069,1448,36,52128,52128,31248479,31248479,67446,NaN,21634,10959,21631,165,NaN,NaN,15040256,2614504,21632,258048,210432,NaN,NaN
2026-04-01 10:36:51.858,55120,ESTAB,cubic,236,33.272,8.913,20.069,1448,36,52128,52128,31248479,31248479,67446,NaN,21634,10959,21631,165,NaN,NaN,15040256,2614504,21632,258048,210432,NaN,NaN
2026-04-01 10:36:52.101,55120,ESTAB,cubic,236,33.272,8.913,20.069,1448,36,52128,52128,31248479,31248479,67446,NaN,21634,10959,21631,165,NaN,NaN,15040256,2614504,21632,258048,210432,NaN,NaN
2026-04-01 10:36:52.342,55120,ESTAB,cubic,236,33.272,8.913,20.069,1448,36,52128,52128,31248479,31248479,67446,NaN,21634,10959,21631,165,NaN,NaN,15040256,2614504,21632,258048,210432,NaN,NaN
2026-04-01 10:36:52.600,55120,ESTAB,cubic,236,33.272,8.913,20.069,1448,36,52128,52128,31248479,31248479,67446,NaN,21634,10959,21631,165,NaN,NaN,15040256,2614504,21632,258048,210432,NaN,NaN
2026-04-01 10:36:52.852,55120,ESTAB,cubic,236,33.272,8.913,20.069,1448,36,52128,52128,31248479,31248479,67446,NaN,21634,10959,21631,165,NaN,NaN,15040256,2614504,21632,258048,210432,NaN,NaN
2026-04-01 10:36:53.102,55120,ESTAB,cubic,236,33.272,8.913,20.069,1448,36,52128,52128,31248479,31248479,67446,NaN,21634,10959,21631,165,NaN,NaN,15040256,2614504,21632,258048,210432,NaN,NaN
2026-04-01 10:36:53.350,55120,ESTAB,cubic,236,33.272,8.913,20.069,1448,36,52128,52128,31248479,31248479,67446,NaN,21634,10959,21631,165,NaN,NaN,15040256,2614504,21632,258048,210432,NaN,NaN
2026-04-01 10:36:53.601,55120,ESTAB,cubic,236,33.272,8.913,20.069,1448,36,52128,52128,31248479,31248479,67446,NaN,21634,10959,21631,165,NaN,NaN,15040256,2614504,21632,258048,210432,NaN,NaN
2026-04-01 10:36:53.859,55120,ESTAB,cubic,236,33.272,8.913,20.069,1448,36,52128,52128,31248479,31248479,67446,NaN,21634,10959,21631,165,NaN,NaN,15040256,2614504,21632,258048,210432,NaN,NaN
2026-04-01 10:36:54.107,55120,ESTAB,cubic,236,33.272,8.913,20.069,1448,36,52128,52128,31248479,31248479,67446,NaN,21634,10959,21631,165,NaN,NaN,15040256,2614504,21632,258048,210432,NaN,NaN
2026-04-01 10:36:54.363,55120,ESTAB,cubic,236,33.272,8.913,20.069,1448,36,52128,52128,31248479,31248479,67446,NaN,21634,10959,21631,165,NaN,NaN,15040256,2614504,21632,258048,210432,NaN,NaN
2026-04-01 10:36:54.622,55120,ESTAB,cubic,236,33.272,8.913,20.069,1448,36,52128,52128,31248479,31248479,67446,NaN,21634,10959,21631,165,NaN,NaN,15040256,2614504,21632,258048,210432,NaN,NaN
2026-04-01 10:36:54.873,55120,ESTAB,cubic,236,33.272,8.913,20.069,1448,36,52128,52128,31248479,31248479,67446,NaN,21634,10959,21631,165,NaN,NaN,15040256,2614504,21632,258048,210432,NaN,NaN
2026-04-01 10:36:55.122,55120,ESTAB,cubic,236,33.272,8.913,20.069,1448,36,52128,52128,31248479,31248479,67446,NaN,21634,10959,21631,165,NaN,NaN,15040256,2614504,21632,258048,210432,NaN,NaN
2026-04-01 10:36:55.366,55120,ESTAB,cubic,236,33.272,8.913,20.069,1448,36,52128,52128,31248479,31248479,67446,NaN,21634,10959,21631,165,NaN,NaN,15040256,2614504,21632,258048,210432,NaN,NaN
2026-04-01 10:36:55.608,55120,ESTAB,cubic,236,33.272,8.913,20.069,1448,36,52128,52128,31248479,31248479,67446,NaN,21634,10959,21631,165,NaN,NaN,15040256,2614504,21632,258048,210432,NaN,NaN
2026-04-01 10:36:55.866,55120,ESTAB,cubic,236,33.272,8.913,20.069,1448,36,52128,52128,31248479,31248479,67446,NaN,21634,10959,21631,165,NaN,NaN,15040256,2614504,21632,258048,210432,NaN,NaN
2026-04-01 10:36:56.108,55120,ESTAB,cubic,236,33.272,8.913,20.069,1448,36,52128,52128,31248479,31248479,67446,NaN,21634,10959,21631,165,NaN,NaN,15040256,2614504,21632,258048,210432,NaN,NaN
2026-04-01 10:36:56.350,55120,ESTAB,cubic,236,33.272,8.913,20.069,1448,36,52128,52128,31248479,31248479,67446,NaN,21634,10959,21631,165,NaN,NaN,15040256,2614504,21632,258048,210432,NaN,NaN
2026-04-01 10:36:56.603,55120,ESTAB,cubic,236,33.272,8.913,20.069,1448,36,52128,52128,31248479,31248479,67446,NaN,21634,10959,21631,165,NaN,NaN,15040256,2614504,21632,258048,210432,NaN,NaN
2026-04-01 10:36:56.862,55120,ESTAB,cubic,236,33.272,8.913,20.069,1448,36,52128,52128,31248479,31248479,67446,NaN,21634,10959,21631,165,NaN,NaN,15040256,2614504,21632,258048,210432,NaN,NaN
2026-04-01 10:36:57.110,55120,ESTAB,cubic,236,33.272,8.913,20.069,1448,36,52128,52128,31248479,31248479,67446,NaN,21634,10959,21631,165,NaN,NaN,15040256,2614504,21632,258048,210432,NaN,NaN
2026-04-01 10:36:57.352,55120,ESTAB,cubic,236,33.272,8.913,20.069,1448,36,52128,52128,31248479,31248479,67446,NaN,21634,10959,21631,165,NaN,NaN,15040256,2614504,21632,258048,210432,NaN,NaN
2026-04-01 10:36:57.605,55120,ESTAB,cubic,236,33.272,8.913,20.069,1448,36,52128,52128,31248479,31248479,67446,NaN,21634,10959,21631,165,NaN,NaN,15040256,2614504,21632,258048,210432,NaN,NaN
2026-04-01 10:36:57.846,55120,ESTAB,cubic,236,33.272,8.913,20.069,1448,36,52128,52128,31248479,31248479,67446,NaN,21634,10959,21631,165,NaN,NaN,15040256,2614504,21632,258048,210432,NaN,NaN
2026-04-01 10:36:58.097,55120,ESTAB,cubic,236,33.272,8.913,20.069,1448,36,52128,52128,31248479,31248479,67446,NaN,21634,10959,21631,165,NaN,NaN,15040256,2614504,21632,258048,210432,NaN,NaN
2026-04-01 10:36:58.344,55120,ESTAB,cubic,236,33.272,8.913,20.069,1448,36,52128,52128,31248479,31248479,67446,NaN,21634,10959,21631,165,NaN,NaN,15040256,2614504,21632,258048,210432,NaN,NaN
2026-04-01 10:36:58.599,55120,ESTAB,cubic,236,33.272,8.913,20.069,1448,36,52128,52128,31248479,31248479,67446,NaN,21634,10959,21631,165,NaN,NaN,15040256,2614504,21632,258048,210432,NaN,NaN
2026-04-01 10:36:58.850,55120,ESTAB,cubic,236,33.272,8.913,20.069,1448,36,52128,52128,31248479,31248479,67446,NaN,21634,10959,21631,165,NaN,NaN,15040256,2614504,21632,258048,210432,NaN,NaN
2026-04-01 10:36:59.093,55120,ESTAB,cubic,236,33.272,8.913,20.069,1448,36,52128,52128,31248479,31248479,67446,NaN,21634,10959,21631,165,NaN,NaN,15040256,2614504,21632,258048,210432,NaN,NaN
2026-04-01 10:36:59.338,55120,ESTAB,cubic,236,33.272,8.913,20.069,1448,36,52128,52128,31248479,31248479,67446,NaN,21634,10959,21631,165,NaN,NaN,15040256,2614504,21632,258048,210432,NaN,NaN
2026-04-01 10:36:59.584,55120,ESTAB,cubic,236,33.272,8.913,20.069,1448,36,52128,52128,31248479,31248479,67446,NaN,21634,10959,21631,165,NaN,NaN,15040256,2614504,21632,258048,210432,NaN,NaN
2026-04-01 10:36:59.823,55120,ESTAB,cubic,236,33.272,8.913,20.069,1448,36,52128,52128,31248479,31248479,67446,NaN,21634,10959,21631,165,NaN,NaN,15040256,2614504,21632,258048,210432,NaN,NaN
2026-04-01 10:37:00.088,55120,ESTAB,cubic,236,33.272,8.913,20.069,1448,36,52128,52128,31248479,31248479,67446,NaN,21634,10959,21631,165,NaN,NaN,15040256,2614504,21632,258048,210432,NaN,NaN
2026-04-01 10:37:00.347,55120,ESTAB,cubic,236,33.272,8.913,20.069,1448,36,52128,52128,31248479,31248479,67446,NaN,21634,10959,21631,165,NaN,NaN,15040256,2614504,21632,258048,210432,NaN,NaN
2026-04-01 10:37:00.608,55120,ESTAB,cubic,236,33.272,8.913,20.069,1448,36,52128,52128,31248479,31248479,67446,NaN,21634,10959,21631,165,NaN,NaN,15040256,2614504,21632,258048,210432,NaN,NaN
2026-04-01 10:37:00.862,55120,ESTAB,cubic,236,33.272,8.913,20.069,1448,36,52128,52128,31248479,31248479,67446,NaN,21634,10959,21631,165,NaN,NaN,15040256,2614504,21632,258048,210432,NaN,NaN
2026-04-01 10:37:01.110,55120,ESTAB,cubic,236,33.272,8.913,20.069,1448,36,52128,52128,31248479,31248479,67446,NaN,21634,10959,21631,165,NaN,NaN,15040256,2614504,21632,258048,210432,NaN,NaN
2026-04-01 10:37:01.364,55120,ESTAB,cubic,236,33.272,8.913,20.069,1448,36,52128,52128,31248479,31248479,67446,NaN,21634,10959,21631,165,NaN,NaN,15040256,2614504,21632,258048,210432,NaN,NaN
2026-04-01 10:37:01.614,55120,ESTAB,cubic,236,33.272,8.913,20.069,1448,36,52128,52128,31248479,31248479,67446,NaN,21634,10959,21631,165,NaN,NaN,15040256,2614504,21632,258048,210432,NaN,NaN
2026-04-01 10:37:01.862,55120,ESTAB,cubic,236,33.272,8.913,20.069,1448,36,52128,52128,31248479,31248479,67446,NaN,21634,10959,21631,165,NaN,NaN,15040256,2614504,21632,258048,210432,NaN,NaN
2026-04-01 10:37:02.108,55120,ESTAB,cubic,236,33.272,8.913,20.069,1448,36,52128,52128,31248479,31248479,67446,NaN,21634,10959,21631,165,NaN,NaN,15040256,2614504,21632,258048,210432,NaN,NaN
2026-04-01 10:37:02.353,55120,ESTAB,cubic,236,33.272,8.913,20.069,1448,36,52128,52128,31248479,31248479,67446,NaN,21634,10959,21631,165,NaN,NaN,15040256,2614504,21632,258048,210432,NaN,NaN
2026-04-01 10:37:02.603,55120,ESTAB,cubic,236,33.272,8.913,20.069,1448,36,52128,52128,31248479,31248479,67446,NaN,21634,10959,21631,165,NaN,NaN,15040256,2614504,21632,258048,210432,NaN,NaN
2026-04-01 10:37:02.851,55120,ESTAB,cubic,236,33.272,8.913,20.069,1448,36,52128,52128,31248479,31248479,67446,NaN,21634,10959,21631,165,NaN,NaN,15040256,2614504,21632,258048,210432,NaN,NaN
2026-04-01 10:37:03.101,55120,ESTAB,cubic,236,33.272,8.913,20.069,1448,36,52128,52128,31248479,31248479,67446,NaN,21634,10959,21631,165,NaN,NaN,15040256,2614504,21632,258048,210432,NaN,NaN
2026-04-01 10:37:03.357,55120,ESTAB,cubic,236,33.272,8.913,20.069,1448,36,52128,52128,31248479,31248479,67446,NaN,21634,10959,21631,165,NaN,NaN,15040256,2614504,21632,258048,210432,NaN,NaN
2026-04-01 10:37:03.618,55120,ESTAB,cubic,236,33.272,8.913,20.069,1448,36,52128,52128,31248479,31248479,67446,NaN,21634,10959,21631,165,NaN,NaN,15040256,2614504,21632,258048,210432,NaN,NaN
2026-04-01 10:37:03.868,55120,ESTAB,cubic,236,33.272,8.913,20.069,1448,36,52128,52128,31248479,31248479,67446,NaN,21634,10959,21631,165,NaN,NaN,15040256,2614504,21632,258048,210432,NaN,NaN
2026-04-01 10:37:04.113,55120,ESTAB,cubic,236,33.272,8.913,20.069,1448,36,52128,52128,31248479,31248479,67446,NaN,21634,10959,21631,165,NaN,NaN,15040256,2614504,21632,258048,210432,NaN,NaN
2026-04-01 10:37:04.360,55120,ESTAB,cubic,236,33.272,8.913,20.069,1448,36,52128,52128,31248479,31248479,67446,NaN,21634,10959,21631,165,NaN,NaN,15040256,2614504,21632,258048,210432,NaN,NaN
2026-04-01 10:37:04.603,55120,ESTAB,cubic,236,33.272,8.913,20.069,1448,36,52128,52128,31248479,31248479,67446,NaN,21634,10959,21631,165,NaN,NaN,15040256,2614504,21632,258048,210432,NaN,NaN
2026-04-01 10:37:04.853,55120,ESTAB,cubic,236,33.272,8.913,20.069,1448,36,52128,52128,31248479,31248479,67446,NaN,21634,10959,21631,165,NaN,NaN,15040256,2614504,21632,258048,210432,NaN,NaN
2026-04-01 10:37:05.104,55120,ESTAB,cubic,236,33.272,8.913,20.069,1448,36,52128,52128,31248479,31248479,67446,NaN,21634,10959,21631,165,NaN,NaN,15040256,2614504,21632,258048,210432,NaN,NaN
2026-04-01 10:37:05.347,55120,ESTAB,cubic,236,33.272,8.913,20.069,1448,36,52128,52128,31248479,31248479,67446,NaN,21634,10959,21631,165,NaN,NaN,15040256,2614504,21632,258048,210432,NaN,NaN
2026-04-01 10:37:05.582,55120,ESTAB,cubic,236,33.272,8.913,20.069,1448,36,52128,52128,31248479,31248479,67446,NaN,21634,10959,21631,165,NaN,NaN,15040256,2614504,21632,258048,210432,NaN,NaN
2026-04-01 10:37:05.825,55120,ESTAB,cubic,236,33.272,8.913,20.069,1448,36,52128,52128,31248479,31248479,67446,NaN,21634,10959,21631,165,NaN,NaN,15040256,2614504,21632,258048,210432,NaN,NaN
2026-04-01 10:37:06.085,55120,ESTAB,cubic,236,33.272,8.913,20.069,1448,36,52128,52128,31248479,31248479,67446,NaN,21634,10959,21631,165,NaN,NaN,15040256,2614504,21632,258048,210432,NaN,NaN
2026-04-01 10:37:06.342,55120,ESTAB,cubic,236,33.272,8.913,20.069,1448,36,52128,52128,31248479,31248479,67446,NaN,21635,10960,21631,165,NaN,NaN,15040256,2614504,21632,258048,210432,NaN,NaN
2026-04-01 10:37:06.591,55120,ESTAB,cubic,236,33.272,8.913,20.069,1448,36,52128,52128,31248479,31248479,67446,NaN,21636,10960,21631,165,NaN,NaN,15040256,2614504,21632,258048,210432,NaN,NaN
2026-04-01 10:37:06.860,55120,ESTAB,cubic,236,33.272,8.913,20.069,1448,36,52128,52128,31248479,31248479,67446,NaN,21636,10961,21631,165,NaN,NaN,15040256,2614504,21632,258048,210432,NaN,NaN
2026-04-01 10:37:07.104,55120,ESTAB,cubic,236,33.272,8.913,20.069,1448,36,52128,52128,31248479,31248479,67446,NaN,21636,10961,21631,165,NaN,NaN,15040256,2614504,21632,258048,210432,NaN,NaN
2026-04-01 10:37:07.351,55120,ESTAB,cubic,236,33.272,8.913,20.069,1448,36,52128,52128,31248479,31248479,67446,NaN,21636,10961,21631,165,NaN,NaN,15040256,2614504,21632,258048,210432,NaN,NaN
2026-04-01 10:37:07.598,55120,ESTAB,cubic,236,33.272,8.913,20.069,1448,36,52128,52128,31248479,31248479,67446,NaN,21636,10961,21631,165,NaN,NaN,15040256,2614504,21632,258048,210432,NaN,NaN
2026-04-01 10:37:07.845,55120,ESTAB,cubic,236,33.272,8.913,20.069,1448,36,52128,52128,31248479,31248479,67446,NaN,21636,10961,21631,165,NaN,NaN,15040256,2614504,21632,258048,210432,NaN,NaN
2026-04-01 10:37:08.094,55120,ESTAB,cubic,236,33.272,8.913,20.069,1448,36,52128,52128,31248479,31248479,67446,NaN,21636,10961,21631,165,NaN,NaN,15040256,2614504,21632,258048,210432,NaN,NaN
2026-04-01 10:37:08.352,55120,ESTAB,cubic,236,33.272,8.913,20.069,1448,36,52128,52128,31248479,31248479,67446,NaN,21636,10961,21631,165,NaN,NaN,15040256,2614504,21632,258048,210432,NaN,NaN
2026-04-01 10:37:08.622,55120,ESTAB,cubic,236,33.272,8.913,20.069,1448,36,52128,52128,31248479,31248479,67446,NaN,21636,10961,21631,165,NaN,NaN,15040256,2614504,21632,258048,210432,NaN,NaN
2026-04-01 10:37:08.882,55120,ESTAB,cubic,236,33.272,8.913,20.069,1448,36,52128,52128,31248479,31248479,67446,NaN,21636,10961,21631,165,NaN,NaN,15040256,2614504,21632,258048,210432,NaN,NaN
2026-04-01 10:37:09.126,55120,ESTAB,cubic,236,33.272,8.913,20.069,1448,36,52128,52128,31248479,31248479,67446,NaN,21636,10961,21631,165,NaN,NaN,15040256,2614504,21632,258048,210432,NaN,NaN
2026-04-01 10:37:09.377,55120,ESTAB,cubic,236,33.272,8.913,20.069,1448,36,52128,52128,31248479,31248479,67446,NaN,21636,10961,21631,165,NaN,NaN,15040256,2614504,21632,258048,210432,NaN,NaN
2026-04-01 10:37:09.632,55120,ESTAB,cubic,236,33.272,8.913,20.069,1448,36,52128,52128,31248479,31248479,67446,NaN,21636,10961,21631,165,NaN,NaN,15040256,2614504,21632,258048,210432,NaN,NaN
2026-04-01 10:37:09.866,55120,ESTAB,cubic,236,33.272,8.913,20.069,1448,36,52128,52128,31248479,31248479,67446,NaN,21636,10961,21631,165,NaN,NaN,15040256,2614504,21632,258048,210432,NaN,NaN
2026-04-01 10:37:10.117,55120,ESTAB,cubic,236,33.272,8.913,20.069,1448,36,52128,52128,31248479,31248479,67446,NaN,21636,10961,21631,165,NaN,NaN,15040256,2614504,21632,258048,210432,NaN,NaN
2026-04-01 10:37:10.375,55120,ESTAB,cubic,236,33.272,8.913,20.069,1448,36,52128,52128,31248479,31248479,67446,NaN,21636,10961,21631,165,NaN,NaN,15040256,2614504,21632,258048,210432,NaN,NaN
2026-04-01 10:37:10.625,55120,ESTAB,cubic,236,33.272,8.913,20.069,1448,36,52128,52128,31248479,31248479,67446,NaN,21636,10961,21631,165,NaN,NaN,15040256,2614504,21632,258048,210432,NaN,NaN
2026-04-01 10:37:10.884,55120,ESTAB,cubic,236,33.272,8.913,20.069,1448,36,52128,52128,31248479,31248479,67446,NaN,21636,10961,21631,165,NaN,NaN,15040256,2614504,21632,258048,210432,NaN,NaN
2026-04-01 10:37:11.118,55120,ESTAB,cubic,236,33.272,8.913,20.069,1448,36,52128,52128,31248479,31248479,67446,NaN,21636,10961,21631,165,NaN,NaN,15040256,2614504,21632,258048,210432,NaN,NaN
2026-04-01 10:37:11.353,55120,ESTAB,cubic,236,33.272,8.913,20.069,1448,36,52128,52128,31248479,31248479,67446,NaN,21636,10961,21631,165,NaN,NaN,15040256,2614504,21632,258048,210432,NaN,NaN
2026-04-01 10:37:11.594,55120,ESTAB,cubic,236,33.272,8.913,20.069,1448,36,52128,52128,31248479,31248479,67446,NaN,21636,10961,21631,165,NaN,NaN,15040256,2614504,21632,258048,210432,NaN,NaN
2026-04-01 10:37:11.848,55120,ESTAB,cubic,236,33.272,8.913,20.069,1448,36,52128,52128,31248479,31248479,67446,NaN,21636,10961,21631,165,NaN,NaN,15040256,2614504,21632,258048,210432,NaN,NaN
2026-04-01 10:37:12.093,55120,ESTAB,cubic,236,33.272,8.913,20.069,1448,36,52128,52128,31248479,31248479,67446,NaN,21636,10961,21631,165,NaN,NaN,15040256,2614504,21632,258048,210432,NaN,NaN
2026-04-01 10:37:12.335,55120,ESTAB,cubic,236,33.272,8.913,20.069,1448,36,52128,52128,31248479,31248479,67446,NaN,21636,10961,21631,165,NaN,NaN,15040256,2614504,21632,258048,210432,NaN,NaN
2026-04-01 10:37:12.582,55120,ESTAB,cubic,236,33.272,8.913,20.069,1448,36,52128,52128,31248479,31248479,67446,NaN,21636,10961,21631,165,NaN,NaN,15040256,2614504,21632,258048,210432,NaN,NaN
2026-04-01 10:37:12.826,55120,ESTAB,cubic,236,33.272,8.913,20.069,1448,36,52128,52128,31248479,31248479,67446,NaN,21636,10961,21631,165,NaN,NaN,15040256,2614504,21632,258048,210432,NaN,NaN
2026-04-01 10:37:13.087,55120,ESTAB,cubic,236,33.272,8.913,20.069,1448,36,52128,52128,31248479,31248479,67446,NaN,21636,10961,21631,165,NaN,NaN,15040256,2614504,21632,258048,210432,NaN,NaN
2026-04-01 10:37:13.342,55120,ESTAB,cubic,236,33.272,8.913,20.069,1448,36,52128,52128,31248479,31248479,67446,NaN,21636,10961,21631,165,NaN,NaN,15040256,2614504,21632,258048,210432,NaN,NaN
2026-04-01 10:37:13.612,55120,ESTAB,cubic,236,33.272,8.913,20.069,1448,36,52128,52128,31248479,31248479,67446,NaN,21636,10961,21631,165,NaN,NaN,15040256,2614504,21632,258048,210432,NaN,NaN
2026-04-01 10:37:13.882,55120,ESTAB,cubic,236,33.272,8.913,20.069,1448,36,52128,52128,31248479,31248479,67446,NaN,21636,10961,21631,165,NaN,NaN,15040256,2614504,21632,258048,210432,NaN,NaN
2026-04-01 10:37:14.112,55120,ESTAB,cubic,236,33.272,8.913,20.069,1448,36,52128,52128,31248479,31248479,67446,NaN,21636,10961,21631,165,NaN,NaN,15040256,2614504,21632,258048,210432,NaN,NaN
2026-04-01 10:37:14.354,55120,ESTAB,cubic,236,33.272,8.913,20.069,1448,36,52128,52128,31248479,31248479,67446,NaN,21636,10961,21631,165,NaN,NaN,15040256,2614504,21632,258048,210432,NaN,NaN
2026-04-01 10:37:14.608,55120,ESTAB,cubic,236,33.272,8.913,20.069,1448,36,52128,52128,31248479,31248479,67446,NaN,21636,10961,21631,165,NaN,NaN,15040256,2614504,21632,258048,210432,NaN,NaN
2026-04-01 10:37:14.847,55120,ESTAB,cubic,236,33.272,8.913,20.069,1448,36,52128,52128,31248479,31248479,67446,NaN,21636,10961,21631,165,NaN,NaN,15040256,2614504,21632,258048,210432,NaN,NaN
2026-04-01 10:37:15.105,55120,ESTAB,cubic,236,33.272,8.913,20.069,1448,36,52128,52128,31248479,31248479,67446,NaN,21636,10961,21631,165,NaN,NaN,15040256,2614504,21632,258048,210432,NaN,NaN
2026-04-01 10:37:15.340,55120,ESTAB,cubic,236,33.272,8.913,20.069,1448,36,52128,52128,31248479,31248479,67446,NaN,21636,10961,21631,165,NaN,NaN,15040256,2614504,21632,258048,210432,NaN,NaN
2026-04-01 10:37:15.576,55120,ESTAB,cubic,236,33.272,8.913,20.069,1448,36,52128,52128,31248479,31248479,67446,NaN,21636,10961,21631,165,NaN,NaN,15040256,2614504,21632,258048,210432,NaN,NaN
2026-04-01 10:37:15.811,55120,ESTAB,cubic,236,33.272,8.913,20.069,1448,36,52128,52128,31248479,31248479,67446,NaN,21636,10961,21631,165,NaN,NaN,15040256,2614504,21632,258048,210432,NaN,NaN
2026-04-01 10:37:16.066,55120,ESTAB,cubic,236,33.272,8.913,20.069,1448,36,52128,52128,31248479,31248479,67446,NaN,21636,10961,21631,165,NaN,NaN,15040256,2614504,21632,258048,210432,NaN,NaN
2026-04-01 10:37:16.321,55120,ESTAB,cubic,236,33.272,8.913,20.069,1448,36,52128,52128,31248479,31248479,67446,NaN,21636,10961,21631,165,NaN,NaN,15040256,2614504,21632,258048,210432,NaN,NaN
2026-04-01 10:37:16.578,55120,ESTAB,cubic,236,33.272,8.913,20.069,1448,36,52128,52128,31248479,31248479,67446,NaN,21636,10961,21631,165,NaN,NaN,15040256,2614504,21632,258048,210432,NaN,NaN
2026-04-01 10:37:16.833,55120,ESTAB,cubic,236,33.272,8.913,20.069,1448,36,52128,52128,31248479,31248479,67446,NaN,21636,10961,21631,165,NaN,NaN,15040256,2614504,21632,258048,210432,NaN,NaN
2026-04-01 10:37:17.092,55120,ESTAB,cubic,236,33.272,8.913,20.069,1448,36,52128,52128,31248479,31248479,67446,NaN,21636,10961,21631,165,NaN,NaN,15040256,2614504,21632,258048,210432,NaN,NaN
2026-04-01 10:37:17.344,55120,ESTAB,cubic,236,33.272,8.913,20.069,1448,36,52128,52128,31248479,31248479,67446,NaN,21636,10961,21631,165,NaN,NaN,15040256,2614504,21632,258048,210432,NaN,NaN
2026-04-01 10:37:17.594,55120,ESTAB,cubic,236,33.272,8.913,20.069,1448,36,52128,52128,31248479,31248479,67446,NaN,21636,10961,21631,165,NaN,NaN,15040256,2614504,21632,258048,210432,NaN,NaN
2026-04-01 10:37:17.845,55120,ESTAB,cubic,236,33.272,8.913,20.069,1448,36,52128,52128,31248479,31248479,67446,NaN,21636,10961,21631,165,NaN,NaN,15040256,2614504,21632,258048,210432,NaN,NaN
2026-04-01 10:37:18.093,55120,ESTAB,cubic,236,33.272,8.913,20.069,1448,36,52128,52128,31248479,31248479,67446,NaN,21636,10961,21631,165,NaN,NaN,15040256,2614504,21632,258048,210432,NaN,NaN
2026-04-01 10:37:18.348,55120,ESTAB,cubic,236,33.272,8.913,20.069,1448,36,52128,52128,31248479,31248479,67446,NaN,21636,10961,21631,165,NaN,NaN,15040256,2614504,21632,258048,210432,NaN,NaN
2026-04-01 10:37:18.614,55120,ESTAB,cubic,236,33.272,8.913,20.069,1448,36,52128,52128,31248479,31248479,67446,NaN,21636,10961,21631,165,NaN,NaN,15040256,2614504,21632,258048,210432,NaN,NaN
2026-04-01 10:37:18.875,55120,ESTAB,cubic,236,33.272,8.913,20.069,1448,36,52128,52128,31248479,31248479,67446,NaN,21636,10961,21631,165,NaN,NaN,15040256,2614504,21632,258048,210432,NaN,NaN
2026-04-01 10:37:19.123,55120,ESTAB,cubic,236,33.272,8.913,20.069,1448,36,52128,52128,31248479,31248479,67446,NaN,21636,10961,21631,165,NaN,NaN,15040256,2614504,21632,258048,210432,NaN,NaN
2026-04-01 10:37:19.374,55120,ESTAB,cubic,236,33.272,8.913,20.069,1448,36,52128,52128,31248479,31248479,67446,NaN,21636,10961,21631,165,NaN,NaN,15040256,2614504,21632,258048,210432,NaN,NaN
2026-04-01 10:37:19.624,55120,ESTAB,cubic,236,33.272,8.913,20.069,1448,36,52128,52128,31248479,31248479,67446,NaN,21636,10961,21631,165,NaN,NaN,15040256,2614504,21632,258048,210432,NaN,NaN
2026-04-01 10:37:19.868,55120,ESTAB,cubic,236,33.272,8.913,20.069,1448,36,52128,52128,31248479,31248479,67446,NaN,21636,10961,21631,165,NaN,NaN,15040256,2614504,21632,258048,210432,NaN,NaN
2026-04-01 10:37:20.112,55120,ESTAB,cubic,236,33.272,8.913,20.069,1448,36,52128,52128,31248479,31248479,67446,NaN,21636,10961,21631,165,NaN,NaN,15040256,2614504,21632,258048,210432,NaN,NaN
2026-04-01 10:37:20.355,55120,ESTAB,cubic,236,33.272,8.913,20.069,1448,36,52128,52128,31248479,31248479,67446,NaN,21636,10961,21631,165,NaN,NaN,15040256,2614504,21632,258048,210432,NaN,NaN
2026-04-01 10:37:20.605,55120,ESTAB,cubic,236,33.272,8.913,20.069,1448,36,52128,52128,31248479,31248479,67446,NaN,21636,10961,21631,165,NaN,NaN,15040256,2614504,21632,258048,210432,NaN,NaN
2026-04-01 10:37:20.865,55120,ESTAB,cubic,236,33.272,8.913,20.069,1448,36,52128,52128,31248479,31248479,67446,NaN,21636,10961,21631,165,NaN,NaN,15040256,2614504,21632,258048,210432,NaN,NaN
2026-04-01 10:37:21.121,55120,ESTAB,cubic,236,33.272,8.913,20.069,1448,36,52128,52128,31248479,31248479,67446,NaN,21636,10961,21631,165,NaN,NaN,15040256,2614504,21632,258048,210432,NaN,NaN
2026-04-01 10:37:21.364,55120,ESTAB,cubic,236,33.272,8.913,20.069,1448,36,52128,52128,31248479,31248479,67446,NaN,21636,10961,21631,165,NaN,NaN,15040256,2614504,21632,258048,210432,NaN,NaN
2026-04-01 10:37:21.617,55120,ESTAB,cubic,236,33.272,8.913,20.069,1448,36,52128,52128,31248479,31248479,67446,NaN,21636,10961,21631,165,NaN,NaN,15040256,2614504,21632,258048,210432,NaN,NaN
2026-04-01 10:37:21.875,55120,ESTAB,cubic,236,33.272,8.913,20.069,1448,36,52128,52128,31248479,31248479,67446,NaN,21637,10962,21631,165,NaN,NaN,15040256,2614504,21632,258048,210432,NaN,NaN
2026-04-01 10:37:22.114,55120,ESTAB,cubic,236,33.272,8.913,20.069,1448,36,52128,52128,31248479,31248479,67446,NaN,21637,10962,21631,165,NaN,NaN,15040256,2614504,21632,258048,210432,NaN,NaN
2026-04-01 10:37:22.356,55120,ESTAB,cubic,236,33.272,8.913,20.069,1448,36,52128,52128,31248479,31248479,67446,NaN,21637,10962,21631,165,NaN,NaN,15040256,2614504,21632,258048,210432,NaN,NaN
2026-04-01 10:37:22.620,55120,ESTAB,cubic,236,33.272,8.913,20.069,1448,36,52128,52128,31248479,31248479,67446,NaN,21637,10962,21631,165,NaN,NaN,15040256,2614504,21632,258048,210432,NaN,NaN
2026-04-01 10:37:22.879,55120,ESTAB,cubic,236,33.272,8.913,20.069,1448,36,52128,52128,31248479,31248479,67446,NaN,21637,10962,21631,165,NaN,NaN,15040256,2614504,21632,258048,210432,NaN,NaN
2026-04-01 10:37:23.126,55120,ESTAB,cubic,236,33.272,8.913,20.069,1448,36,52128,52128,31248479,31248479,67446,NaN,21637,10962,21631,165,NaN,NaN,15040256,2614504,21632,258048,210432,NaN,NaN
2026-04-01 10:37:23.375,55120,ESTAB,cubic,236,33.272,8.913,20.069,1448,36,52128,52128,31248479,31248479,67446,NaN,21637,10962,21631,165,NaN,NaN,15040256,2614504,21632,258048,210432,NaN,NaN
2026-04-01 10:37:23.630,55120,ESTAB,cubic,236,33.272,8.913,20.069,1448,36,52128,52128,31248479,31248479,67446,NaN,21637,10962,21631,165,NaN,NaN,15040256,2614504,21632,258048,210432,NaN,NaN
2026-04-01 10:37:23.876,55120,ESTAB,cubic,236,33.272,8.913,20.069,1448,36,52128,52128,31248479,31248479,67446,NaN,21637,10962,21631,165,NaN,NaN,15040256,2614504,21632,258048,210432,NaN,NaN
2026-04-01 10:37:24.129,55120,ESTAB,cubic,236,33.272,8.913,20.069,1448,36,52128,52128,31248479,31248479,67446,NaN,21637,10962,21631,165,NaN,NaN,15040256,2614504,21632,258048,210432,NaN,NaN
2026-04-01 10:37:24.390,55120,ESTAB,cubic,236,33.272,8.913,20.069,1448,36,52128,52128,31248479,31248479,67446,NaN,21637,10962,21631,165,NaN,NaN,15040256,2614504,21632,258048,210432,NaN,NaN
2026-04-01 10:37:24.630,55120,ESTAB,cubic,236,33.272,8.913,20.069,1448,36,52128,52128,31248479,31248479,67446,NaN,21637,10962,21631,165,NaN,NaN,15040256,2614504,21632,258048,210432,NaN,NaN
2026-04-01 10:37:24.878,55120,ESTAB,cubic,236,33.272,8.913,20.069,1448,36,52128,52128,31248479,31248479,67446,NaN,21637,10962,21631,165,NaN,NaN,15040256,2614504,21632,258048,210432,NaN,NaN
2026-04-01 10:37:25.127,55120,ESTAB,cubic,236,33.272,8.913,20.069,1448,36,52128,52128,31248479,31248479,67446,NaN,21637,10962,21631,165,NaN,NaN,15040256,2614504,21632,258048,210432,NaN,NaN
2026-04-01 10:37:25.367,55120,ESTAB,cubic,236,33.272,8.913,20.069,1448,36,52128,52128,31248479,31248479,67446,NaN,21637,10962,21631,165,NaN,NaN,15040256,2614504,21632,258048,210432,NaN,NaN
2026-04-01 10:37:25.607,55120,ESTAB,cubic,236,33.272,8.913,20.069,1448,36,52128,52128,31248479,31248479,67446,NaN,21637,10962,21631,165,NaN,NaN,15040256,2614504,21632,258048,210432,NaN,NaN
2026-04-01 10:37:25.848,55120,ESTAB,cubic,236,33.272,8.913,20.069,1448,36,52128,52128,31248479,31248479,67446,NaN,21637,10962,21631,165,NaN,NaN,15040256,2614504,21632,258048,210432,NaN,NaN
2026-04-01 10:37:26.085,55120,ESTAB,cubic,236,33.272,8.913,20.069,1448,36,52128,52128,31248479,31248479,67446,NaN,21637,10962,21631,165,NaN,NaN,15040256,2614504,21632,258048,210432,NaN,NaN
2026-04-01 10:37:26.322,55120,ESTAB,cubic,236,33.272,8.913,20.069,1448,36,52128,52128,31248479,31248479,67446,NaN,21637,10962,21631,165,NaN,NaN,15040256,2614504,21632,258048,210432,NaN,NaN
2026-04-01 10:37:26.571,55120,ESTAB,cubic,236,33.272,8.913,20.069,1448,36,52128,52128,31248479,31248479,67446,NaN,21637,10962,21631,165,NaN,NaN,15040256,2614504,21632,258048,210432,NaN,NaN
2026-04-01 10:37:26.809,55120,ESTAB,cubic,236,33.272,8.913,20.069,1448,36,52128,52128,31248479,31248479,67446,NaN,21637,10962,21631,165,NaN,NaN,15040256,2614504,21632,258048,210432,NaN,NaN
2026-04-01 10:37:27.059,55120,ESTAB,cubic,236,33.272,8.913,20.069,1448,36,52128,52128,31248479,31248479,67446,NaN,21637,10962,21631,165,NaN,NaN,15040256,2614504,21632,258048,210432,NaN,NaN
2026-04-01 10:37:27.304,55120,ESTAB,cubic,236,33.272,8.913,20.069,1448,36,52128,52128,31248479,31248479,67446,NaN,21637,10962,21631,165,NaN,NaN,15040256,2614504,21632,258048,210432,NaN,NaN
2026-04-01 10:37:27.551,55120,ESTAB,cubic,236,33.272,8.913,20.069,1448,36,52128,52128,31248479,31248479,67446,NaN,21637,10962,21631,165,NaN,NaN,15040256,2614504,21632,258048,210432,NaN,NaN
2026-04-01 10:37:27.793,55120,ESTAB,cubic,236,33.272,8.913,20.069,1448,36,52128,52128,31248479,31248479,67446,NaN,21637,10962,21631,165,NaN,NaN,15040256,2614504,21632,258048,210432,NaN,NaN
2026-04-01 10:37:28.027,55120,ESTAB,cubic,236,33.272,8.913,20.069,1448,36,52128,52128,31248479,31248479,67446,NaN,21637,10962,21631,165,NaN,NaN,15040256,2614504,21632,258048,210432,NaN,NaN
2026-04-01 10:37:28.274,55120,ESTAB,cubic,236,33.272,8.913,20.069,1448,36,52128,52128,31248479,31248479,67446,NaN,21637,10962,21631,165,NaN,NaN,15040256,2614504,21632,258048,210432,NaN,NaN
2026-04-01 10:37:28.531,55120,ESTAB,cubic,236,33.272,8.913,20.069,1448,36,52128,52128,31248479,31248479,67446,NaN,21637,10962,21631,165,NaN,NaN,15040256,2614504,21632,258048,210432,NaN,NaN
2026-04-01 10:37:28.780,55120,ESTAB,cubic,236,33.272,8.913,20.069,1448,36,52128,52128,31248479,31248479,67446,NaN,21637,10962,21631,165,NaN,NaN,15040256,2614504,21632,258048,210432,NaN,NaN
2026-04-01 10:37:29.026,55120,ESTAB,cubic,236,33.272,8.913,20.069,1448,36,52128,52128,31248479,31248479,67446,NaN,21637,10962,21631,165,NaN,NaN,15040256,2614504,21632,258048,210432,NaN,NaN
2026-04-01 10:37:29.283,55120,ESTAB,cubic,236,33.272,8.913,20.069,1448,36,52128,52128,31248479,31248479,67446,NaN,21637,10962,21631,165,NaN,NaN,15040256,2614504,21632,258048,210432,NaN,NaN
2026-04-01 10:37:29.540,55120,ESTAB,cubic,236,33.272,8.913,20.069,1448,36,52128,52128,31248479,31248479,67446,NaN,21637,10962,21631,165,NaN,NaN,15040256,2614504,21632,258048,210432,NaN,NaN
2026-04-01 10:37:29.786,55120,ESTAB,cubic,236,33.272,8.913,20.069,1448,36,52128,52128,31248479,31248479,67446,NaN,21637,10962,21631,165,NaN,NaN,15040256,2614504,21632,258048,210432,NaN,NaN
2026-04-01 10:37:30.047,55120,ESTAB,cubic,236,33.272,8.913,20.069,1448,36,52128,52128,31248479,31248479,67446,NaN,21637,10962,21631,165,NaN,NaN,15040256,2614504,21632,258048,210432,NaN,NaN
2026-04-01 10:37:30.300,55120,ESTAB,cubic,236,33.272,8.913,20.069,1448,36,52128,52128,31248479,31248479,67446,NaN,21637,10962,21631,165,NaN,NaN,15040256,2614504,21632,258048,210432,NaN,NaN
2026-04-01 10:37:30.555,55120,ESTAB,cubic,236,33.272,8.913,20.069,1448,36,52128,52128,31248479,31248479,67446,NaN,21637,10962,21631,165,NaN,NaN,15040256,2614504,21632,258048,210432,NaN,NaN
2026-04-01 10:37:30.812,55120,ESTAB,cubic,236,33.272,8.913,20.069,1448,36,52128,52128,31248479,31248479,67446,NaN,21637,10962,21631,165,NaN,NaN,15040256,2614504,21632,258048,210432,NaN,NaN
2026-04-01 10:37:31.060,55120,ESTAB,cubic,236,33.272,8.913,20.069,1448,36,52128,52128,31248479,31248479,67446,NaN,21637,10962,21631,165,NaN,NaN,15040256,2614504,21632,258048,210432,NaN,NaN
2026-04-01 10:37:31.302,55120,ESTAB,cubic,236,33.272,8.913,20.069,1448,36,52128,52128,31248479,31248479,67446,NaN,21637,10962,21631,165,NaN,NaN,15040256,2614504,21632,258048,210432,NaN,NaN
2026-04-01 10:37:31.545,55120,ESTAB,cubic,236,33.272,8.913,20.069,1448,36,52128,52128,31248479,31248479,67446,NaN,21637,10962,21631,165,NaN,NaN,15040256,2614504,21632,258048,210432,NaN,NaN
2026-04-01 10:37:31.803,55120,ESTAB,cubic,236,33.272,8.913,20.069,1448,36,52128,52128,31248479,31248479,67446,NaN,21637,10962,21631,165,NaN,NaN,15040256,2614504,21632,258048,210432,NaN,NaN
2026-04-01 10:37:32.070,55120,ESTAB,cubic,236,33.272,8.913,20.069,1448,36,52128,52128,31248479,31248479,67446,NaN,21637,10962,21631,165,NaN,NaN,15040256,2614504,21632,258048,210432,NaN,NaN
2026-04-01 10:37:32.326,55120,ESTAB,cubic,236,33.272,8.913,20.069,1448,36,52128,52128,31248479,31248479,67446,NaN,21637,10962,21631,165,NaN,NaN,15040256,2614504,21632,258048,210432,NaN,NaN
2026-04-01 10:37:32.591,55120,ESTAB,cubic,236,33.272,8.913,20.069,1448,36,52128,52128,31248479,31248479,67446,NaN,21637,10962,21631,165,NaN,NaN,15040256,2614504,21632,258048,210432,NaN,NaN
2026-04-01 10:37:32.869,55120,ESTAB,cubic,236,33.272,8.913,20.069,1448,36,52128,52128,31248479,31248479,67446,NaN,21637,10962,21631,165,NaN,NaN,15040256,2614504,21632,258048,210432,NaN,NaN
2026-04-01 10:37:33.117,55120,ESTAB,cubic,236,33.272,8.913,20.069,1448,36,52128,52128,31248479,31248479,67446,NaN,21637,10962,21631,165,NaN,NaN,15040256,2614504,21632,258048,210432,NaN,NaN
2026-04-01 10:37:33.364,55120,ESTAB,cubic,236,33.272,8.913,20.069,1448,36,52128,52128,31248479,31248479,67446,NaN,21637,10962,21631,165,NaN,NaN,15040256,2614504,21632,258048,210432,NaN,NaN
2026-04-01 10:37:33.633,55120,ESTAB,cubic,236,33.272,8.913,20.069,1448,36,52128,52128,31248479,31248479,67446,NaN,21637,10962,21631,165,NaN,NaN,15040256,2614504,21632,258048,210432,NaN,NaN
2026-04-01 10:37:33.891,55120,ESTAB,cubic,236,33.272,8.913,20.069,1448,36,52128,52128,31248479,31248479,67446,NaN,21637,10962,21631,165,NaN,NaN,15040256,2614504,21632,258048,210432,NaN,NaN
2026-04-01 10:37:34.122,55120,ESTAB,cubic,236,33.272,8.913,20.069,1448,36,52128,52128,31248479,31248479,67446,NaN,21637,10962,21631,165,NaN,NaN,15040256,2614504,21632,258048,210432,NaN,NaN
2026-04-01 10:37:34.358,55120,ESTAB,cubic,236,33.272,8.913,20.069,1448,36,52128,52128,31248479,31248479,67446,NaN,21637,10962,21631,165,NaN,NaN,15040256,2614504,21632,258048,210432,NaN,NaN
2026-04-01 10:37:34.582,55120,ESTAB,cubic,236,33.272,8.913,20.069,1448,36,52128,52128,31248479,31248479,67446,NaN,21637,10962,21631,165,NaN,NaN,15040256,2614504,21632,258048,210432,NaN,NaN
2026-04-01 10:37:34.813,55120,ESTAB,cubic,236,33.272,8.913,20.069,1448,36,52128,52128,31248479,31248479,67446,NaN,21637,10962,21631,165,NaN,NaN,15040256,2614504,21632,258048,210432,NaN,NaN
2026-04-01 10:37:35.055,55120,ESTAB,cubic,236,33.272,8.913,20.069,1448,36,52128,52128,31248479,31248479,67446,NaN,21637,10962,21631,165,NaN,NaN,15040256,2614504,21632,258048,210432,NaN,NaN
2026-04-01 10:37:35.318,55120,ESTAB,cubic,236,33.272,8.913,20.069,1448,36,52128,52128,31248479,31248479,67446,NaN,21637,10962,21631,165,NaN,NaN,15040256,2614504,21632,258048,210432,NaN,NaN
2026-04-01 10:37:35.572,55120,ESTAB,cubic,236,33.272,8.913,20.069,1448,36,52128,52128,31248479,31248479,67446,NaN,21637,10962,21631,165,NaN,NaN,15040256,2614504,21632,258048,210432,NaN,NaN
2026-04-01 10:37:35.823,55120,ESTAB,cubic,236,33.272,8.913,20.069,1448,36,52128,52128,31248479,31248479,67446,NaN,21637,10962,21631,165,NaN,NaN,15040256,2614504,21632,258048,210432,NaN,NaN
2026-04-01 10:37:36.092,55120,ESTAB,cubic,236,33.272,8.913,20.069,1448,36,52128,52128,31248479,31248479,67446,NaN,21637,10962,21631,165,NaN,NaN,15040256,2614504,21632,258048,210432,NaN,NaN
2026-04-01 10:37:36.336,55120,ESTAB,cubic,236,33.272,8.913,20.069,1448,36,52128,52128,31248479,31248479,67446,NaN,21637,10962,21631,165,NaN,NaN,15040256,2614504,21632,258048,210432,NaN,NaN
2026-04-01 10:37:36.587,55120,ESTAB,cubic,236,33.272,8.913,20.069,1448,36,52128,52128,31248479,31248479,67446,NaN,21637,10962,21631,165,NaN,NaN,15040256,2614504,21632,258048,210432,NaN,NaN
2026-04-01 10:37:36.846,55120,ESTAB,cubic,236,33.272,8.913,20.069,1448,36,52128,52128,31248479,31248479,67446,NaN,21638,10963,21631,165,NaN,NaN,15040256,2614504,21632,258048,210432,NaN,NaN
2026-04-01 10:37:37.102,55120,ESTAB,cubic,236,33.272,8.913,20.069,1448,36,52128,52128,31248479,31248479,67446,NaN,21638,10963,21631,165,NaN,NaN,15040256,2614504,21632,258048,210432,NaN,NaN
2026-04-01 10:37:37.346,55120,ESTAB,cubic,236,33.272,8.913,20.069,1448,36,52128,52128,31248479,31248479,67446,NaN,21638,10963,21631,165,NaN,NaN,15040256,2614504,21632,258048,210432,NaN,NaN
2026-04-01 10:37:37.597,55120,ESTAB,cubic,236,33.272,8.913,20.069,1448,36,52128,52128,31248479,31248479,67446,NaN,21638,10963,21631,165,NaN,NaN,15040256,2614504,21632,258048,210432,NaN,NaN
2026-04-01 10:37:37.862,55120,ESTAB,cubic,236,33.272,8.913,20.069,1448,36,52128,52128,31248479,31248479,67446,NaN,21638,10963,21631,165,NaN,NaN,15040256,2614504,21632,258048,210432,NaN,NaN
2026-04-01 10:37:38.106,55120,ESTAB,cubic,236,33.272,8.913,20.069,1448,36,52128,52128,31248479,31248479,67446,NaN,21638,10963,21631,165,NaN,NaN,15040256,2614504,21632,258048,210432,NaN,NaN
2026-04-01 10:37:38.354,55120,ESTAB,cubic,236,33.272,8.913,20.069,1448,36,52128,52128,31248479,31248479,67446,NaN,21638,10963,21631,165,NaN,NaN,15040256,2614504,21632,258048,210432,NaN,NaN
2026-04-01 10:37:38.617,55120,ESTAB,cubic,236,33.272,8.913,20.069,1448,36,52128,52128,31248479,31248479,67446,NaN,21638,10963,21631,165,NaN,NaN,15040256,2614504,21632,258048,210432,NaN,NaN
2026-04-01 10:37:38.879,55120,ESTAB,cubic,236,33.272,8.913,20.069,1448,36,52128,52128,31248479,31248479,67446,NaN,21638,10963,21631,165,NaN,NaN,15040256,2614504,21632,258048,210432,NaN,NaN
2026-04-01 10:37:39.128,55120,ESTAB,cubic,236,33.272,8.913,20.069,1448,36,52128,52128,31248479,31248479,67446,NaN,21638,10963,21631,165,NaN,NaN,15040256,2614504,21632,258048,210432,NaN,NaN
2026-04-01 10:37:39.382,55120,ESTAB,cubic,236,33.272,8.913,20.069,1448,36,52128,52128,31248479,31248479,67446,NaN,21638,10963,21631,165,NaN,NaN,15040256,2614504,21632,258048,210432,NaN,NaN
2026-04-01 10:37:39.637,55120,ESTAB,cubic,236,33.272,8.913,20.069,1448,36,52128,52128,31248479,31248479,67446,NaN,21638,10963,21631,165,NaN,NaN,15040256,2614504,21632,258048,210432,NaN,NaN
2026-04-01 10:37:39.886,55120,ESTAB,cubic,236,33.272,8.913,20.069,1448,36,52128,52128,31248479,31248479,67446,NaN,21638,10963,21631,165,NaN,NaN,15040256,2614504,21632,258048,210432,NaN,NaN
2026-04-01 10:37:40.114,55120,ESTAB,cubic,236,33.272,8.913,20.069,1448,36,52128,52128,31248479,31248479,67446,NaN,21638,10963,21631,165,NaN,NaN,15040256,2614504,21632,258048,210432,NaN,NaN
2026-04-01 10:37:40.350,55120,ESTAB,cubic,236,33.272,8.913,20.069,1448,36,52128,52128,31248479,31248479,67446,NaN,21638,10963,21631,165,NaN,NaN,15040256,2614504,21632,258048,210432,NaN,NaN
2026-04-01 10:37:40.608,55120,ESTAB,cubic,236,33.272,8.913,20.069,1448,36,52128,52128,31248479,31248479,67446,NaN,21638,10963,21631,165,NaN,NaN,15040256,2614504,21632,258048,210432,NaN,NaN
2026-04-01 10:37:40.882,55120,ESTAB,cubic,236,33.272,8.913,20.069,1448,36,52128,52128,31248479,31248479,67446,NaN,21638,10963,21631,165,NaN,NaN,15040256,2614504,21632,258048,210432,NaN,NaN
2026-04-01 10:37:41.130,55120,ESTAB,cubic,236,33.272,8.913,20.069,1448,36,52128,52128,31248479,31248479,67446,NaN,21638,10963,21631,165,NaN,NaN,15040256,2614504,21632,258048,210432,NaN,NaN
2026-04-01 10:37:41.371,55120,ESTAB,cubic,236,33.272,8.913,20.069,1448,36,52128,52128,31248479,31248479,67446,NaN,21638,10963,21631,165,NaN,NaN,15040256,2614504,21632,258048,210432,NaN,NaN
2026-04-01 10:37:41.634,55120,ESTAB,cubic,236,33.272,8.913,20.069,1448,36,52128,52128,31248479,31248479,67446,NaN,21638,10963,21631,165,NaN,NaN,15040256,2614504,21632,258048,210432,NaN,NaN
2026-04-01 10:37:41.881,55120,ESTAB,cubic,236,33.272,8.913,20.069,1448,36,52128,52128,31248479,31248479,67446,NaN,21638,10963,21631,165,NaN,NaN,15040256,2614504,21632,258048,210432,NaN,NaN
2026-04-01 10:37:42.132,55120,ESTAB,cubic,236,33.272,8.913,20.069,1448,36,52128,52128,31248479,31248479,67446,NaN,21638,10963,21631,165,NaN,NaN,15040256,2614504,21632,258048,210432,NaN,NaN
2026-04-01 10:37:42.388,55120,ESTAB,cubic,236,33.272,8.913,20.069,1448,36,52128,52128,31248479,31248479,67446,NaN,21638,10963,21631,165,NaN,NaN,15040256,2614504,21632,258048,210432,NaN,NaN
2026-04-01 10:37:42.639,55120,ESTAB,cubic,236,33.272,8.913,20.069,1448,36,52128,52128,31248479,31248479,67446,NaN,21638,10963,21631,165,NaN,NaN,15040256,2614504,21632,258048,210432,NaN,NaN
2026-04-01 10:37:42.898,55120,ESTAB,cubic,236,33.272,8.913,20.069,1448,36,52128,52128,31248479,31248479,67446,NaN,21638,10963,21631,165,NaN,NaN,15040256,2614504,21632,258048,210432,NaN,NaN
2026-04-01 10:37:43.131,55120,ESTAB,cubic,236,33.272,8.913,20.069,1448,36,52128,52128,31248479,31248479,67446,NaN,21638,10963,21631,165,NaN,NaN,15040256,2614504,21632,258048,210432,NaN,NaN
2026-04-01 10:37:43.373,55120,ESTAB,cubic,236,33.272,8.913,20.069,1448,36,52128,52128,31248479,31248479,67446,NaN,21638,10963,21631,165,NaN,NaN,15040256,2614504,21632,258048,210432,NaN,NaN
2026-04-01 10:37:43.636,55120,ESTAB,cubic,236,33.272,8.913,20.069,1448,36,52128,52128,31248479,31248479,67446,NaN,21638,10963,21631,165,NaN,NaN,15040256,2614504,21632,258048,210432,NaN,NaN
2026-04-01 10:37:43.883,55120,ESTAB,cubic,236,33.272,8.913,20.069,1448,36,52128,52128,31248479,31248479,67446,NaN,21638,10963,21631,165,NaN,NaN,15040256,2614504,21632,258048,210432,NaN,NaN
2026-04-01 10:37:44.116,55120,ESTAB,cubic,236,33.272,8.913,20.069,1448,36,52128,52128,31248479,31248479,67446,NaN,21638,10963,21631,165,NaN,NaN,15040256,2614504,21632,258048,210432,NaN,NaN
2026-04-01 10:37:44.363,55120,ESTAB,cubic,236,33.272,8.913,20.069,1448,36,52128,52128,31248479,31248479,67446,NaN,21638,10963,21631,165,NaN,NaN,15040256,2614504,21632,258048,210432,NaN,NaN
2026-04-01 10:37:44.617,55120,ESTAB,cubic,236,33.272,8.913,20.069,1448,36,52128,52128,31248479,31248479,67446,NaN,21638,10963,21631,165,NaN,NaN,15040256,2614504,21632,258048,210432,NaN,NaN
2026-04-01 10:37:44.875,55120,ESTAB,cubic,236,33.272,8.913,20.069,1448,36,52128,52128,31248479,31248479,67446,NaN,21638,10963,21631,165,NaN,NaN,15040256,2614504,21632,258048,210432,NaN,NaN
2026-04-01 10:37:45.097,55120,ESTAB,cubic,236,33.272,8.913,20.069,1448,36,52128,52128,31248479,31248479,67446,NaN,21638,10963,21631,165,NaN,NaN,15040256,2614504,21632,258048,210432,NaN,NaN
2026-04-01 10:37:45.318,55120,ESTAB,cubic,236,33.272,8.913,20.069,1448,36,52128,52128,31248479,31248479,67446,NaN,21638,10963,21631,165,NaN,NaN,15040256,2614504,21632,258048,210432,NaN,NaN
2026-04-01 10:37:45.559,55120,ESTAB,cubic,236,33.272,8.913,20.069,1448,36,52128,52128,31248479,31248479,67446,NaN,21638,10963,21631,165,NaN,NaN,15040256,2614504,21632,258048,210432,NaN,NaN
2026-04-01 10:37:45.806,55120,ESTAB,cubic,236,33.272,8.913,20.069,1448,36,52128,52128,31248479,31248479,67446,NaN,21638,10963,21631,165,NaN,NaN,15040256,2614504,21632,258048,210432,NaN,NaN
2026-04-01 10:37:46.073,55120,ESTAB,cubic,236,33.272,8.913,20.069,1448,36,52128,52128,31248479,31248479,67446,NaN,21638,10963,21631,165,NaN,NaN,15040256,2614504,21632,258048,210432,NaN,NaN
2026-04-01 10:37:46.321,55120,ESTAB,cubic,236,33.272,8.913,20.069,1448,36,52128,52128,31248479,31248479,67446,NaN,21638,10963,21631,165,NaN,NaN,15040256,2614504,21632,258048,210432,NaN,NaN
2026-04-01 10:37:46.575,55120,ESTAB,cubic,236,33.272,8.913,20.069,1448,36,52128,52128,31248479,31248479,67446,NaN,21638,10963,21631,165,NaN,NaN,15040256,2614504,21632,258048,210432,NaN,NaN
2026-04-01 10:37:46.838,55120,ESTAB,cubic,236,33.272,8.913,20.069,1448,36,52128,52128,31248479,31248479,67446,NaN,21638,10963,21631,165,NaN,NaN,15040256,2614504,21632,258048,210432,NaN,NaN
2026-04-01 10:37:47.101,55120,ESTAB,cubic,236,33.272,8.913,20.069,1448,36,52128,52128,31248479,31248479,67446,NaN,21638,10963,21631,165,NaN,NaN,15040256,2614504,21632,258048,210432,NaN,NaN
2026-04-01 10:37:47.352,55120,ESTAB,cubic,236,33.272,8.913,20.069,1448,36,52128,52128,31248479,31248479,67446,NaN,21638,10963,21631,165,NaN,NaN,15040256,2614504,21632,258048,210432,NaN,NaN
2026-04-01 10:37:47.611,55120,ESTAB,cubic,236,33.272,8.913,20.069,1448,36,52128,52128,31248479,31248479,67446,NaN,21638,10963,21631,165,NaN,NaN,15040256,2614504,21632,258048,210432,NaN,NaN
2026-04-01 10:37:47.872,55120,ESTAB,cubic,236,33.272,8.913,20.069,1448,36,52128,52128,31248479,31248479,67446,NaN,21638,10963,21631,165,NaN,NaN,15040256,2614504,21632,258048,210432,NaN,NaN
2026-04-01 10:37:48.110,55120,ESTAB,cubic,236,33.272,8.913,20.069,1448,36,52128,52128,31248479,31248479,67446,NaN,21638,10963,21631,165,NaN,NaN,15040256,2614504,21632,258048,210432,NaN,NaN
2026-04-01 10:37:48.366,55120,ESTAB,cubic,236,33.272,8.913,20.069,1448,36,52128,52128,31248479,31248479,67446,NaN,21638,10963,21631,165,NaN,NaN,15040256,2614504,21632,258048,210432,NaN,NaN
2026-04-01 10:37:48.614,55120,ESTAB,cubic,236,33.272,8.913,20.069,1448,36,52128,52128,31248479,31248479,67446,NaN,21638,10963,21631,165,NaN,NaN,15040256,2614504,21632,258048,210432,NaN,NaN
2026-04-01 10:37:48.864,55120,ESTAB,cubic,236,33.272,8.913,20.069,1448,36,52128,52128,31248479,31248479,67446,NaN,21638,10963,21631,165,NaN,NaN,15040256,2614504,21632,258048,210432,NaN,NaN
2026-04-01 10:37:49.121,55120,ESTAB,cubic,236,33.272,8.913,20.069,1448,36,52128,52128,31248479,31248479,67446,NaN,21638,10963,21631,165,NaN,NaN,15040256,2614504,21632,258048,210432,NaN,NaN
2026-04-01 10:37:49.379,55120,ESTAB,cubic,236,33.272,8.913,20.069,1448,36,52128,52128,31248479,31248479,67446,NaN,21638,10963,21631,165,NaN,NaN,15040256,2614504,21632,258048,210432,NaN,NaN
2026-04-01 10:37:49.614,55120,ESTAB,cubic,236,33.272,8.913,20.069,1448,36,52128,52128,31248479,31248479,67446,NaN,21638,10963,21631,165,NaN,NaN,15040256,2614504,21632,258048,210432,NaN,NaN
2026-04-01 10:37:49.859,55120,ESTAB,cubic,236,33.272,8.913,20.069,1448,36,52128,52128,31248479,31248479,67446,NaN,21638,10963,21631,165,NaN,NaN,15040256,2614504,21632,258048,210432,NaN,NaN
2026-04-01 10:37:50.108,55120,ESTAB,cubic,236,33.272,8.913,20.069,1448,36,52128,52128,31248479,31248479,67446,NaN,21638,10963,21631,165,NaN,NaN,15040256,2614504,21632,258048,210432,NaN,NaN
2026-04-01 10:37:50.356,55120,ESTAB,cubic,236,33.272,8.913,20.069,1448,36,52128,52128,31248479,31248479,67446,NaN,21638,10963,21631,165,NaN,NaN,15040256,2614504,21632,258048,210432,NaN,NaN
2026-04-01 10:37:50.619,55120,ESTAB,cubic,236,33.272,8.913,20.069,1448,36,52128,52128,31248479,31248479,67446,NaN,21638,10963,21631,165,NaN,NaN,15040256,2614504,21632,258048,210432,NaN,NaN
2026-04-01 10:37:50.881,55120,ESTAB,cubic,236,33.272,8.913,20.069,1448,36,52128,52128,31248479,31248479,67446,NaN,21638,10963,21631,165,NaN,NaN,15040256,2614504,21632,258048,210432,NaN,NaN
2026-04-01 10:37:51.119,55120,ESTAB,cubic,236,33.272,8.913,20.069,1448,36,52128,52128,31248479,31248479,67446,NaN,21638,10963,21631,165,NaN,NaN,15040256,2614504,21632,258048,210432,NaN,NaN
2026-04-01 10:37:51.365,55120,ESTAB,cubic,236,33.272,8.913,20.069,1448,36,52128,52128,31248479,31248479,67446,NaN,21638,10963,21631,165,NaN,NaN,15040256,2614504,21632,258048,210432,NaN,NaN
2026-04-01 10:37:51.609,55120,ESTAB,cubic,236,33.272,8.913,20.069,1448,36,52128,52128,31248479,31248479,67446,NaN,21638,10963,21631,165,NaN,NaN,15040256,2614504,21632,258048,210432,NaN,NaN
2026-04-01 10:37:51.865,55120,ESTAB,cubic,236,33.272,8.913,20.069,1448,36,52128,52128,31248479,31248479,67446,NaN,21638,10963,21631,165,NaN,NaN,15040256,2614504,21632,258048,210432,NaN,NaN
2026-04-01 10:37:52.111,55120,ESTAB,cubic,236,33.272,8.913,20.069,1448,36,52128,52128,31248479,31248479,67446,NaN,21639,10964,21631,165,NaN,NaN,15040256,2614504,21632,258048,210432,NaN,NaN
2026-04-01 10:37:52.363,55120,ESTAB,cubic,236,33.272,8.913,20.069,1448,36,52128,52128,31248479,31248479,67446,NaN,21639,10964,21631,165,NaN,NaN,15040256,2614504,21632,258048,210432,NaN,NaN
2026-04-01 10:37:52.613,55120,ESTAB,cubic,236,33.272,8.913,20.069,1448,36,52128,52128,31248479,31248479,67446,NaN,21640,10965,21631,165,NaN,NaN,15040256,2614504,21632,258048,210432,NaN,NaN
2026-04-01 10:37:52.868,55120,ESTAB,cubic,236,33.272,8.913,20.069,1448,36,52128,52128,31248479,31248479,67446,NaN,21640,10965,21631,165,NaN,NaN,15040256,2614504,21632,258048,210432,NaN,NaN
2026-04-01 10:37:53.131,55120,ESTAB,cubic,236,33.272,8.913,20.069,1448,36,52128,52128,31248479,31248479,67446,NaN,21640,10965,21631,165,NaN,NaN,15040256,2614504,21632,258048,210432,NaN,NaN
2026-04-01 10:37:53.384,55120,ESTAB,cubic,236,33.272,8.913,20.069,1448,36,52128,52128,31248479,31248479,67446,NaN,21640,10965,21631,165,NaN,NaN,15040256,2614504,21632,258048,210432,NaN,NaN
2026-04-01 10:37:53.642,55120,ESTAB,cubic,236,33.272,8.913,20.069,1448,36,52128,52128,31248479,31248479,67446,NaN,21640,10965,21631,165,NaN,NaN,15040256,2614504,21632,258048,210432,NaN,NaN
2026-04-01 10:37:53.889,55120,ESTAB,cubic,236,33.272,8.913,20.069,1448,36,52128,52128,31248479,31248479,67446,NaN,21640,10965,21631,165,NaN,NaN,15040256,2614504,21632,258048,210432,NaN,NaN
2026-04-01 10:37:54.128,55120,ESTAB,cubic,236,33.272,8.913,20.069,1448,36,52128,52128,31248479,31248479,67446,NaN,21640,10965,21631,165,NaN,NaN,15040256,2614504,21632,258048,210432,NaN,NaN
2026-04-01 10:37:54.386,55120,ESTAB,cubic,236,33.272,8.913,20.069,1448,36,52128,52128,31248479,31248479,67446,NaN,21640,10965,21631,165,NaN,NaN,15040256,2614504,21632,258048,210432,NaN,NaN
2026-04-01 10:37:54.644,55120,ESTAB,cubic,236,33.272,8.913,20.069,1448,36,52128,52128,31248479,31248479,67446,NaN,21640,10965,21631,165,NaN,NaN,15040256,2614504,21632,258048,210432,NaN,NaN
2026-04-01 10:37:54.896,55120,ESTAB,cubic,236,33.272,8.913,20.069,1448,36,52128,52128,31248479,31248479,67446,NaN,21640,10965,21631,165,NaN,NaN,15040256,2614504,21632,258048,210432,NaN,NaN
2026-04-01 10:37:55.134,55120,ESTAB,cubic,236,33.272,8.913,20.069,1448,36,52128,52128,31248479,31248479,67446,NaN,21640,10965,21631,165,NaN,NaN,15040256,2614504,21632,258048,210432,NaN,NaN
2026-04-01 10:37:55.385,55120,ESTAB,cubic,236,33.272,8.913,20.069,1448,36,52128,52128,31248479,31248479,67446,NaN,21640,10965,21631,165,NaN,NaN,15040256,2614504,21632,258048,210432,NaN,NaN
2026-04-01 10:37:55.649,55120,ESTAB,cubic,236,33.272,8.913,20.069,1448,36,52128,52128,31248479,31248479,67446,NaN,21640,10965,21631,165,NaN,NaN,15040256,2614504,21632,258048,210432,NaN,NaN
2026-04-01 10:37:55.907,55120,ESTAB,cubic,236,33.272,8.913,20.069,1448,36,52128,52128,31248479,31248479,67446,NaN,21640,10965,21631,165,NaN,NaN,15040256,2614504,21632,258048,210432,NaN,NaN
2026-04-01 10:37:56.147,55120,ESTAB,cubic,236,33.272,8.913,20.069,1448,36,52128,52128,31248479,31248479,67446,NaN,21640,10965,21631,165,NaN,NaN,15040256,2614504,21632,258048,210432,NaN,NaN
2026-04-01 10:37:56.408,55120,ESTAB,cubic,236,33.272,8.913,20.069,1448,36,52128,52128,31248479,31248479,67446,NaN,21640,10965,21631,165,NaN,NaN,15040256,2614504,21632,258048,210432,NaN,NaN
2026-04-01 10:37:56.673,55120,ESTAB,cubic,236,33.272,8.913,20.069,1448,36,52128,52128,31248479,31248479,67446,NaN,21640,10965,21631,165,NaN,NaN,15040256,2614504,21632,258048,210432,NaN,NaN
2026-04-01 10:37:56.927,55120,ESTAB,cubic,236,33.272,8.913,20.069,1448,36,52128,52128,31248479,31248479,67446,NaN,21640,10965,21631,165,NaN,NaN,15040256,2614504,21632,258048,210432,NaN,NaN
2026-04-01 10:37:57.188,55120,ESTAB,cubic,236,33.272,8.913,20.069,1448,36,52128,52128,31248479,31248479,67446,NaN,21640,10965,21631,165,NaN,NaN,15040256,2614504,21632,258048,210432,NaN,NaN
2026-04-01 10:37:57.444,55120,ESTAB,cubic,236,33.272,8.913,20.069,1448,36,52128,52128,31248479,31248479,67446,NaN,21640,10965,21631,165,NaN,NaN,15040256,2614504,21632,258048,210432,NaN,NaN
2026-04-01 10:37:57.716,55120,ESTAB,cubic,236,33.272,8.913,20.069,1448,36,52128,52128,31248479,31248479,67446,NaN,21640,10965,21631,165,NaN,NaN,15040256,2614504,21632,258048,210432,NaN,NaN
2026-04-01 10:37:57.961,55120,ESTAB,cubic,236,33.272,8.913,20.069,1448,36,52128,52128,31248479,31248479,67446,NaN,21640,10965,21631,165,NaN,NaN,15040256,2614504,21632,258048,210432,NaN,NaN
2026-04-01 10:37:58.200,55120,ESTAB,cubic,236,33.272,8.913,20.069,1448,36,52128,52128,31248479,31248479,67446,NaN,21640,10965,21631,165,NaN,NaN,15040256,2614504,21632,258048,210432,NaN,NaN
2026-04-01 10:37:58.458,55120,ESTAB,cubic,236,33.272,8.913,20.069,1448,36,52128,52128,31248479,31248479,67446,NaN,21640,10965,21631,165,NaN,NaN,15040256,2614504,21632,258048,210432,NaN,NaN
2026-04-01 10:37:58.718,55120,ESTAB,cubic,236,33.272,8.913,20.069,1448,36,52128,52128,31248479,31248479,67446,NaN,21640,10965,21631,165,NaN,NaN,15040256,2614504,21632,258048,210432,NaN,NaN
2026-04-01 10:37:58.986,55120,ESTAB,cubic,236,33.272,8.913,20.069,1448,36,52128,52128,31248479,31248479,67446,NaN,21640,10965,21631,165,NaN,NaN,15040256,2614504,21632,258048,210432,NaN,NaN
2026-04-01 10:37:59.237,55120,ESTAB,cubic,236,33.272,8.913,20.069,1448,36,52128,52128,31248479,31248479,67446,NaN,21640,10965,21631,165,NaN,NaN,15040256,2614504,21632,258048,210432,NaN,NaN
2026-04-01 10:37:59.486,55120,ESTAB,cubic,236,33.272,8.913,20.069,1448,36,52128,52128,31248479,31248479,67446,NaN,21640,10965,21631,165,NaN,NaN,15040256,2614504,21632,258048,210432,NaN,NaN
2026-04-01 10:37:59.743,55120,ESTAB,cubic,236,33.272,8.913,20.069,1448,36,52128,52128,31248479,31248479,67446,NaN,21640,10965,21631,165,NaN,NaN,15040256,2614504,21632,258048,210432,NaN,NaN
2026-04-01 10:38:00.012,55120,ESTAB,cubic,236,33.272,8.913,20.069,1448,36,52128,52128,31248479,31248479,67446,NaN,21640,10965,21631,165,NaN,NaN,15040256,2614504,21632,258048,210432,NaN,NaN
2026-04-01 10:38:00.268,55120,ESTAB,cubic,236,33.272,8.913,20.069,1448,36,52128,52128,31248479,31248479,67446,NaN,21640,10965,21631,165,NaN,NaN,15040256,2614504,21632,258048,210432,NaN,NaN
2026-04-01 10:38:00.524,55120,ESTAB,cubic,236,33.272,8.913,20.069,1448,36,52128,52128,31248479,31248479,67446,NaN,21640,10965,21631,165,NaN,NaN,15040256,2614504,21632,258048,210432,NaN,NaN
2026-04-01 10:38:00.775,55120,ESTAB,cubic,236,33.272,8.913,20.069,1448,36,52128,52128,31248479,31248479,67446,NaN,21640,10965,21631,165,NaN,NaN,15040256,2614504,21632,258048,210432,NaN,NaN
2026-04-01 10:38:01.029,55120,ESTAB,cubic,236,33.272,8.913,20.069,1448,36,52128,52128,31248479,31248479,67446,NaN,21640,10965,21631,165,NaN,NaN,15040256,2614504,21632,258048,210432,NaN,NaN
2026-04-01 10:38:01.271,55120,ESTAB,cubic,236,33.272,8.913,20.069,1448,36,52128,52128,31248479,31248479,67446,NaN,21640,10965,21631,165,NaN,NaN,15040256,2614504,21632,258048,210432,NaN,NaN
2026-04-01 10:38:01.525,55120,ESTAB,cubic,236,33.272,8.913,20.069,1448,36,52128,52128,31248479,31248479,67446,NaN,21640,10965,21631,165,NaN,NaN,15040256,2614504,21632,258048,210432,NaN,NaN
2026-04-01 10:38:01.780,55120,ESTAB,cubic,236,33.272,8.913,20.069,1448,36,52128,52128,31248479,31248479,67446,NaN,21640,10965,21631,165,NaN,NaN,15040256,2614504,21632,258048,210432,NaN,NaN
2026-04-01 10:38:02.035,55120,ESTAB,cubic,236,33.272,8.913,20.069,1448,36,52128,52128,31248479,31248479,67446,NaN,21640,10965,21631,165,NaN,NaN,15040256,2614504,21632,258048,210432,NaN,NaN
2026-04-01 10:38:02.288,55120,ESTAB,cubic,236,33.272,8.913,20.069,1448,36,52128,52128,31248479,31248479,67446,NaN,21640,10965,21631,165,NaN,NaN,15040256,2614504,21632,258048,210432,NaN,NaN
2026-04-01 10:38:02.546,55120,ESTAB,cubic,236,33.272,8.913,20.069,1448,36,52128,52128,31248479,31248479,67446,NaN,21640,10965,21631,165,NaN,NaN,15040256,2614504,21632,258048,210432,NaN,NaN
2026-04-01 10:38:02.804,55120,ESTAB,cubic,236,33.272,8.913,20.069,1448,36,52128,52128,31248479,31248479,67446,NaN,21640,10965,21631,165,NaN,NaN,15040256,2614504,21632,258048,210432,NaN,NaN
2026-04-01 10:38:03.073,55120,ESTAB,cubic,236,33.272,8.913,20.069,1448,36,52128,52128,31248479,31248479,67446,NaN,21640,10965,21631,165,NaN,NaN,15040256,2614504,21632,258048,210432,NaN,NaN
2026-04-01 10:38:03.327,55120,ESTAB,cubic,236,33.272,8.913,20.069,1448,36,52128,52128,31248479,31248479,67446,NaN,21640,10965,21631,165,NaN,NaN,15040256,2614504,21632,258048,210432,NaN,NaN
2026-04-01 10:38:03.596,55120,ESTAB,cubic,236,33.272,8.913,20.069,1448,36,52128,52128,31248479,31248479,67446,NaN,21640,10965,21631,165,NaN,NaN,15040256,2614504,21632,258048,210432,NaN,NaN
2026-04-01 10:38:03.865,55120,ESTAB,cubic,236,33.272,8.913,20.069,1448,36,52128,52128,31248479,31248479,67446,NaN,21640,10965,21631,165,NaN,NaN,15040256,2614504,21632,258048,210432,NaN,NaN
2026-04-01 10:38:04.125,55120,ESTAB,cubic,236,33.272,8.913,20.069,1448,36,52128,52128,31248479,31248479,67446,NaN,21640,10965,21631,165,NaN,NaN,15040256,2614504,21632,258048,210432,NaN,NaN
2026-04-01 10:38:04.375,55120,ESTAB,cubic,236,33.272,8.913,20.069,1448,36,52128,52128,31248479,31248479,67446,NaN,21640,10965,21631,165,NaN,NaN,15040256,2614504,21632,258048,210432,NaN,NaN
2026-04-01 10:38:04.653,55120,ESTAB,cubic,236,33.272,8.913,20.069,1448,36,52128,52128,31248479,31248479,67446,NaN,21640,10965,21631,165,NaN,NaN,15040256,2614504,21632,258048,210432,NaN,NaN
