timestamp,dst_port,state,cc_algo,rto_ms,rtt_ms,rtt_var_ms,min_rtt_ms,mss_bytes,cwnd_pkts,cwnd_bytes,ssthresh_bytes,bytes_sent,bytes_acked,bytes_received,bytes_retrans,segs_out,segs_in,data_segs_out,data_segs_in,retrans_outstanding,retrans_total,pacing_rate_bps,delivery_rate_bps,delivered_pkts,snd_wnd_bytes,rcv_wnd_bytes,unacked_pkts,notsent_bytes
2026-04-02 17:40:20.279,53880,ESTAB,prague,224,21.126,10.563,21.126,1448,10,14480,NaN,2883,NaN,408,NaN,4,3,3,1,NaN,NaN,11360400,NaN,1,42496,43520,3,NaN
2026-04-02 17:40:20.519,53880,ESTAB,prague,224,20.997,4.993,20.093,1448,10,14480,NaN,2883,2883,408,NaN,4,6,3,1,NaN,NaN,11429760,1595296,4,48640,43520,NaN,NaN
2026-04-02 17:40:21.225,53894,ESTAB,prague,228,24.203,1.795,20.049,1448,30,43440,NaN,65464,43924,822,NaN,48,20,46,2,NaN,NaN,29747520,6686008,32,67072,43520,15,137670
2026-04-02 17:40:21.464,53894,ESTAB,prague,228,25.092,1.078,20.049,1448,30,43440,NaN,227166,207062,1644,NaN,161,78,159,4,NaN,NaN,28694400,5920064,146,111616,43520,14,251300
2026-04-02 17:40:21.684,53894,ESTAB,prague,228,25.158,0.139,20.049,1448,30,43440,NaN,410974,390870,1644,NaN,289,142,287,4,NaN,NaN,28618320,6697608,274,111616,43520,14,176628
2026-04-02 17:40:21.905,53894,ESTAB,prague,228,25.289,0.022,20.049,1448,30,43440,NaN,593346,571806,1644,NaN,416,205,414,4,NaN,NaN,28470000,6687664,400,111616,43520,15,212528
2026-04-02 17:40:22.130,53894,ESTAB,prague,228,26.648,0.572,20.049,1448,47,68056,NaN,781462,759922,1644,NaN,547,267,545,4,NaN,NaN,42329328,6678336,531,111616,43520,15,297252
2026-04-02 17:40:22.352,53894,ESTAB,prague,228,26.678,0.322,20.049,1448,47,68056,NaN,965270,943730,1644,NaN,675,331,673,4,NaN,NaN,42281576,6694496,659,111616,43520,15,277148
2026-04-02 17:40:22.579,53894,ESTAB,prague,228,26.986,0.032,20.049,1448,47,68056,NaN,1153386,1130410,1644,NaN,806,396,804,4,NaN,NaN,41798792,6680264,789,111616,43520,16,230571
2026-04-02 17:40:22.822,53894,ESTAB,prague,228,26.922,0.111,20.049,1448,62,89776,NaN,1354426,1332886,1644,NaN,946,460,944,4,NaN,NaN,55269776,6703456,930,278016,43520,15,29531
2026-04-02 17:40:23.050,53894,ESTAB,prague,228,27.002,0.052,20.049,1448,62,89776,NaN,1383957,1383957,1644,NaN,967,478,965,4,NaN,NaN,55106096,6676176,966,278528,43520,NaN,NaN
2026-04-02 17:40:23.279,53894,ESTAB,prague,228,27.196,0.282,20.049,1448,62,89776,NaN,1484488,1461512,2468,NaN,1038,507,1036,6,NaN,NaN,54713760,6672328,1021,278528,43520,16,356128
2026-04-02 17:40:23.507,53894,ESTAB,prague,228,27.056,0.152,20.049,1448,62,89776,NaN,1672604,1649628,2468,NaN,1169,567,1167,6,NaN,NaN,54995488,6664408,1152,278528,43520,16,361872
2026-04-02 17:40:23.731,53894,ESTAB,prague,228,27.069,0.04,20.049,1448,62,89776,NaN,1857848,1836308,2468,NaN,1298,632,1296,6,NaN,NaN,54969200,6675688,1282,278528,43520,15,370488
2026-04-02 17:40:23.960,53894,ESTAB,prague,228,27.056,0.049,20.049,1448,62,89776,NaN,2048836,2025860,2468,NaN,1431,698,1429,6,NaN,NaN,54995984,6687736,1414,278528,43520,16,220223
2026-04-02 17:40:24.190,53894,ESTAB,prague,228,26.929,0.193,20.049,1448,62,89776,NaN,2238388,2215412,2468,NaN,1563,764,1561,6,NaN,NaN,55255888,6688704,1546,278528,43520,16,30671
2026-04-02 17:40:24.429,53894,ESTAB,prague,228,25.314,0.063,20.049,1448,31,44888,44888,2414095,2393991,2884,NaN,1686,829,1684,7,NaN,NaN,14694744,6693736,1671,278016,43520,14,439416
2026-04-02 17:40:24.677,53894,ESTAB,prague,228,25.274,0.035,20.049,1448,31,44888,44888,2620879,2600775,2884,NaN,1830,901,1828,7,NaN,NaN,14718552,6694016,1815,278016,43520,14,426492
2026-04-02 17:40:24.918,53894,ESTAB,prague,228,25.29,0.011,20.049,1448,31,44888,44888,2821919,2801815,2884,NaN,1970,971,1968,7,NaN,NaN,14709128,6683528,1955,278016,43520,14,254879
2026-04-02 17:40:25.163,53894,ESTAB,prague,228,25.202,0.061,20.049,1448,31,44888,44888,3022959,3002855,2884,NaN,2110,1041,2108,7,NaN,NaN,14760464,6693464,2095,278016,43520,14,53839
2026-04-02 17:40:25.397,53894,ESTAB,prague,228,25.33,0.023,20.049,1448,31,44888,44888,3195986,3174446,3300,NaN,2231,1102,2229,8,NaN,NaN,14685816,6694568,2215,279040,43520,15,463828
2026-04-02 17:40:25.641,53894,ESTAB,prague,228,25.244,0.122,20.049,1448,31,44888,44888,3398462,3378358,3300,NaN,2372,1173,2370,8,NaN,NaN,14735664,6705360,2357,279040,43520,14,455212
2026-04-02 17:40:25.885,53894,ESTAB,prague,228,25.361,0.022,20.049,1448,31,44888,44888,3600938,3579398,3300,NaN,2513,1243,2511,8,NaN,NaN,14667960,6694568,2497,279040,43520,15,446596
2026-04-02 17:40:26.123,53894,ESTAB,prague,228,25.285,0.046,20.049,1448,31,44888,44888,3800542,3780438,3300,NaN,2652,1313,2650,8,NaN,NaN,14711856,6702040,2637,279040,43520,14,378156
2026-04-02 17:40:26.359,53894,ESTAB,prague,228,25.316,0.042,20.049,1448,31,44888,44888,3991530,3972862,3300,NaN,2785,1380,2783,8,NaN,NaN,14694000,6690704,2771,279040,43520,13,187168
2026-04-02 17:40:26.602,53894,ESTAB,prague,228,25.337,0.021,20.049,1448,31,44888,44888,4178698,4176774,3300,NaN,2916,1451,2914,8,NaN,NaN,14681848,6679952,2913,279040,43520,2,NaN
2026-04-02 17:40:26.863,53894,ESTAB,prague,228,25.332,0.022,20.049,1448,31,44888,44888,4178698,4178698,3300,NaN,2916,1452,2914,8,NaN,NaN,14684328,6692632,2915,279040,43520,NaN,NaN
2026-04-02 17:40:27.107,53894,ESTAB,prague,228,25.332,0.022,20.049,1448,31,44888,44888,4178698,4178698,3300,NaN,2916,1452,2914,8,NaN,NaN,14684328,6692632,2915,279040,43520,NaN,NaN
2026-04-02 17:40:27.345,53894,ESTAB,prague,228,24.998,0.519,20.049,1448,31,44888,44888,4237585,4216045,4124,NaN,2958,1467,2956,10,NaN,NaN,14880744,6675008,2942,279040,43520,15,334451
2026-04-02 17:40:27.581,53894,ESTAB,prague,228,25.342,0.026,20.049,1448,31,44888,44888,4430009,4411341,4124,NaN,3092,1535,3090,10,NaN,NaN,14678872,6694848,3078,279040,43520,13,319511
2026-04-02 17:40:27.815,53894,ESTAB,prague,228,25.375,0.131,20.049,1448,31,44888,44888,4625305,4603765,4124,NaN,3228,1602,3226,10,NaN,NaN,14660024,6590376,3212,279040,43520,15,204073
2026-04-02 17:40:28.071,53894,ESTAB,prague,228,25.377,0.056,20.049,1448,31,44888,44888,4830653,4810549,4124,NaN,3371,1674,3369,10,NaN,NaN,14658536,6687112,3356,279040,43520,14,122313
2026-04-02 17:40:28.311,53894,ESTAB,prague,228,25.396,0.036,20.049,1448,31,44888,44888,4952966,4952966,4124,NaN,3457,1724,3455,10,NaN,NaN,14647376,6249552,3456,279040,43520,NaN,NaN
2026-04-02 17:40:28.536,53894,ESTAB,prague,228,25.396,0.036,20.049,1448,31,44888,44888,4952966,4952966,4124,NaN,3457,1724,3455,10,NaN,NaN,14647376,6249552,3456,279040,43520,NaN,NaN
2026-04-02 17:40:28.769,53894,ESTAB,prague,228,25.396,0.036,20.049,1448,31,44888,44888,4952966,4952966,4124,NaN,3457,1724,3455,10,NaN,NaN,14647376,6249552,3456,279040,43520,NaN,NaN
2026-04-02 17:40:29.000,53894,ESTAB,prague,228,25.396,0.036,20.049,1448,31,44888,44888,4952966,4952966,4124,NaN,3457,1724,3455,10,NaN,NaN,14647376,6249552,3456,279040,43520,NaN,NaN
2026-04-02 17:40:29.239,53894,ESTAB,prague,228,25.396,0.036,20.049,1448,31,44888,44888,4952966,4952966,4124,NaN,3457,1724,3455,10,NaN,NaN,14647376,6249552,3456,279040,43520,NaN,NaN
2026-04-02 17:40:29.468,53894,ESTAB,prague,228,25.256,0.024,20.049,1448,31,44888,44888,5086525,5064985,4948,NaN,3551,1765,3549,12,NaN,NaN,14728720,6692912,3535,279040,43520,15,452340
2026-04-02 17:40:29.693,53894,ESTAB,prague,228,25.283,0.035,20.049,1448,31,44888,44888,5273205,5251665,4948,NaN,3681,1830,3679,12,NaN,NaN,14713344,6687112,3665,279040,43520,15,459520
2026-04-02 17:40:29.917,53894,ESTAB,prague,228,25.271,0.098,20.049,1448,31,44888,44888,5457013,5438345,4948,NaN,3809,1895,3807,12,NaN,NaN,14720040,6687944,3795,279040,43520,13,469572
2026-04-02 17:40:30.158,53894,ESTAB,prague,228,25.333,0.029,20.049,1448,31,44888,44888,5655181,5633641,4948,NaN,3947,1963,3945,12,NaN,NaN,14684080,6694016,3931,279040,43520,15,465264
2026-04-02 17:40:30.408,53894,ESTAB,prague,228,25.373,0.104,20.049,1448,31,44888,44888,5864837,5843297,4948,NaN,4093,2036,4091,12,NaN,NaN,14661016,6620504,4077,279040,43520,15,285783
2026-04-02 17:40:30.643,53894,ESTAB,prague,228,25.33,0.024,20.049,1448,31,44888,44888,6060133,6038593,4948,NaN,4229,2104,4227,12,NaN,NaN,14685568,6687392,4213,279040,43520,15,90487
2026-04-02 17:40:30.889,53894,ESTAB,prague,232,30.243,10.006,20.049,1448,31,44888,44888,6150620,6150620,4948,NaN,4293,2143,4291,12,NaN,NaN,12299808,2288352,4292,279040,43520,NaN,NaN
2026-04-02 17:40:31.125,53894,ESTAB,prague,232,30.243,10.006,20.049,1448,31,44888,44888,6150620,6150620,4948,NaN,4293,2143,4291,12,NaN,NaN,12299808,2288352,4292,279040,43520,NaN,NaN
2026-04-02 17:40:31.367,53894,ESTAB,prague,228,25.657,7.337,20.049,1448,31,44888,44888,6177915,6159247,5772,NaN,4313,2150,4311,14,NaN,NaN,14498328,2288352,4299,279040,43520,13,558604
2026-04-02 17:40:31.599,53894,ESTAB,prague,228,25.346,0.034,20.049,1448,31,44888,44888,6367467,6345927,5772,NaN,4445,2215,4443,14,NaN,NaN,14676392,6689320,4429,279040,43520,15,369052
2026-04-02 17:40:31.827,53894,ESTAB,prague,228,25.237,0.085,20.049,1448,31,44888,44888,6558455,6538351,5772,NaN,4578,2282,4576,14,NaN,NaN,14739880,6695952,4563,279040,43520,14,371924
2026-04-02 17:40:32.059,53894,ESTAB,prague,228,25.32,0.035,20.049,1448,31,44888,44888,6749443,6730775,5772,NaN,4711,2349,4709,14,NaN,NaN,14691768,6695400,4697,279040,43520,13,374796
2026-04-02 17:40:32.293,53894,ESTAB,prague,228,25.301,0.143,20.049,1448,31,44888,44888,6946175,6926071,5772,NaN,4848,2417,4846,14,NaN,NaN,14702928,6246184,4833,279040,43520,14,371924
2026-04-02 17:40:32.522,53894,ESTAB,prague,228,25.318,0.034,20.049,1448,31,44888,44888,7134291,7115623,5772,NaN,4979,2483,4977,14,NaN,NaN,14693008,6674184,4965,279040,43520,13,263846
2026-04-02 17:40:32.761,53894,ESTAB,prague,228,25.095,0.207,20.049,1448,31,44888,44888,7329587,7310919,5772,NaN,5115,2551,5113,14,NaN,NaN,14822960,6698440,5101,279040,43520,13,68550
2026-04-02 17:40:32.995,53894,ESTAB,prague,232,30.262,9.929,20.049,1448,31,44888,44888,7398137,7398137,5772,NaN,5163,2582,5161,14,NaN,NaN,12292368,2583752,5162,279040,43520,NaN,NaN
2026-04-02 17:40:33.226,53894,ESTAB,prague,232,30.262,9.929,20.049,1448,31,44888,44888,7398137,7398137,5772,NaN,5163,2582,5161,14,NaN,NaN,12292368,2583752,5162,279040,43520,NaN,NaN
2026-04-02 17:40:33.460,53894,ESTAB,prague,228,25.362,0.132,20.049,1448,31,44888,44888,7477128,7458460,6596,NaN,5219,2607,5217,16,NaN,NaN,14666968,6700376,5205,279040,43520,13,506908
2026-04-02 17:40:33.687,53894,ESTAB,prague,228,25.326,0.03,20.049,1448,31,44888,44888,7665244,7645140,6596,NaN,5350,2672,5348,16,NaN,NaN,14688296,6686560,5335,279040,43520,14,512652
2026-04-02 17:40:33.912,53894,ESTAB,prague,228,25.3,0.031,20.049,1448,31,44888,44888,7853360,7831820,6596,NaN,5481,2737,5479,16,NaN,NaN,14703176,6684912,5465,279040,43520,15,324536
2026-04-02 17:40:34.136,53894,ESTAB,prague,228,25.458,0.248,20.049,1448,31,44888,44888,8038604,8018500,6596,NaN,5610,2802,5608,16,NaN,NaN,14611912,6458616,5595,279040,43520,14,333152
2026-04-02 17:40:34.365,53894,ESTAB,prague,228,25.321,0.043,20.049,1448,31,44888,44888,8228156,8208052,6596,NaN,5742,2868,5740,16,NaN,NaN,14691272,6694288,5727,279040,43520,14,327226
2026-04-02 17:40:34.595,53894,ESTAB,prague,228,25.319,0.029,20.049,1448,31,44888,44888,8419144,8397604,6596,NaN,5875,2934,5873,16,NaN,NaN,14691768,6694848,5859,279040,43520,15,136238
2026-04-02 17:40:34.820,53894,ESTAB,prague,228,25.349,0.024,20.049,1448,31,44888,44888,8555382,8555382,6596,NaN,5970,2989,5968,16,NaN,NaN,14674904,6688216,5969,279040,43520,NaN,NaN
2026-04-02 17:40:35.045,53894,ESTAB,prague,228,25.349,0.024,20.049,1448,31,44888,44888,8555382,8555382,6596,NaN,5970,2989,5968,16,NaN,NaN,14674904,6688216,5969,279040,43520,NaN,NaN
2026-04-02 17:40:35.285,53894,ESTAB,prague,228,25.349,0.024,20.049,1448,31,44888,44888,8555382,8555382,6596,NaN,5970,2989,5968,16,NaN,NaN,14674904,6688216,5969,279040,43520,NaN,NaN
2026-04-02 17:40:35.516,53894,ESTAB,prague,228,25.261,0.097,20.049,1448,31,44888,44888,8660221,8638681,7420,NaN,6044,3020,6042,18,NaN,NaN,14725992,6680232,6028,279040,43520,15,481060
2026-04-02 17:40:35.743,53894,ESTAB,prague,228,25.302,0.05,20.049,1448,31,44888,44888,8848337,8828233,7420,NaN,6175,3086,6173,18,NaN,NaN,14701936,6694568,6160,279040,43520,14,486804
2026-04-02 17:40:35.970,53894,ESTAB,prague,228,25.333,0.031,20.049,1448,31,44888,44888,9037889,9017785,7420,NaN,6307,3152,6305,18,NaN,NaN,14684080,6694848,6292,279040,43520,14,491112
2026-04-02 17:40:36.198,53894,ESTAB,prague,228,25.335,0.023,20.049,1448,31,44888,44888,9224569,9204465,7420,NaN,6437,3217,6435,18,NaN,NaN,14682840,6694568,6422,279040,43520,14,498292
2026-04-02 17:40:36.436,53894,ESTAB,prague,228,25.288,0.028,20.049,1448,31,44888,44888,9422737,9402633,7420,NaN,6575,3286,6573,18,NaN,NaN,14710368,6687392,6560,279040,43520,14,408508
2026-04-02 17:40:36.673,53894,ESTAB,prague,228,25.374,0.056,20.049,1448,31,44888,44888,9618033,9597929,7420,NaN,6711,3354,6709,18,NaN,NaN,14660520,6709520,6696,279040,43520,14,213212
2026-04-02 17:40:36.902,53894,ESTAB,prague,228,25.295,0.041,20.049,1448,31,44888,44888,9810457,9790353,7420,NaN,6845,3421,6843,18,NaN,NaN,14706400,6715640,6830,279040,43520,14,20788
2026-04-02 17:40:37.132,53894,ESTAB,prague,232,30.976,11.598,20.049,1448,31,44888,44888,9831245,9831245,7420,NaN,6860,3436,6858,18,NaN,NaN,12008904,2357600,6859,279040,43520,NaN,NaN
2026-04-02 17:40:37.363,53894,ESTAB,prague,232,30.976,11.598,20.049,1448,31,44888,44888,9831245,9831245,7420,NaN,6860,3436,6858,18,NaN,NaN,12008904,2357600,6859,279040,43520,NaN,NaN
2026-04-02 17:40:37.598,53894,ESTAB,prague,228,25.32,0.03,20.049,1448,31,44888,44888,9980600,9960496,8244,NaN,6965,3485,6963,20,NaN,NaN,14691768,6247864,6950,279040,43520,14,436544
2026-04-02 17:40:37.826,53894,ESTAB,prague,228,25.285,0.098,20.049,1448,31,44888,44888,10170152,10150048,8244,NaN,7097,3551,7095,20,NaN,NaN,14711856,6692912,7082,279040,43520,14,440852
2026-04-02 17:40:38.052,53894,ESTAB,prague,228,25.336,0.053,20.049,1448,31,44888,44888,10358268,10336728,8244,NaN,7228,3616,7226,20,NaN,NaN,14682096,6693736,7212,279040,43520,15,446596
2026-04-02 17:40:38.278,53894,ESTAB,prague,228,25.34,0.053,20.049,1448,31,44888,44888,10543512,10523408,8244,NaN,7357,3681,7355,20,NaN,NaN,14679864,6681880,7342,279040,43520,14,411135
2026-04-02 17:40:38.517,53894,ESTAB,prague,228,25.311,0.029,20.049,1448,31,44888,44888,10741680,10721576,8244,NaN,7495,3750,7493,20,NaN,NaN,14696728,6677752,7480,279040,43520,14,212967
2026-04-02 17:40:38.758,53894,ESTAB,prague,228,25.382,0.03,20.049,1448,31,44888,44888,10941284,10919744,8244,NaN,7634,3819,7632,20,NaN,NaN,14655808,6673360,7618,279040,43520,15,13363
2026-04-02 17:40:38.993,53894,ESTAB,prague,232,30.922,11.406,20.049,1448,31,44888,44888,10954647,10954647,8244,NaN,7644,3832,7642,20,NaN,NaN,12029736,2378576,7643,279040,43520,NaN,NaN
2026-04-02 17:40:39.238,53894,ESTAB,prague,232,30.922,11.406,20.049,1448,31,44888,44888,10954647,10954647,8244,NaN,7644,3832,7642,20,NaN,NaN,12029736,2378576,7643,279040,43520,NaN,NaN
2026-04-02 17:40:39.480,53894,ESTAB,prague,228,26.528,9.299,20.049,1448,31,44888,44888,10980506,10960402,9068,NaN,7663,3838,7661,22,NaN,NaN,14022416,2378576,7648,279040,43520,14,560040
2026-04-02 17:40:39.714,53894,ESTAB,prague,228,25.341,0.055,20.049,1448,31,44888,44888,11177238,11155698,9068,NaN,7800,3906,7798,22,NaN,NaN,14679616,6698992,7784,279040,43520,15,363308
2026-04-02 17:40:39.943,53894,ESTAB,prague,228,25.298,0.039,20.049,1448,31,44888,44888,11366790,11348122,9068,NaN,7932,3973,7930,22,NaN,NaN,14704664,6683528,7918,279040,43520,13,367616
2026-04-02 17:40:40.178,53894,ESTAB,prague,228,25.337,0.023,20.049,1448,31,44888,44888,11559214,11540546,9068,NaN,8066,4040,8064,22,NaN,NaN,14681600,6696224,8052,279040,43520,13,369052
2026-04-02 17:40:40.417,53894,ESTAB,prague,228,25.356,0.03,20.049,1448,31,44888,44888,11760254,11738714,9068,NaN,8206,4109,8204,22,NaN,NaN,14670688,6693464,8190,279040,43520,15,361872
2026-04-02 17:40:40.650,53894,ESTAB,prague,228,25.327,0.043,20.049,1448,31,44888,44888,11952678,11931138,9068,NaN,8340,4176,8338,22,NaN,NaN,14687552,6694568,8324,279040,43520,15,237160
2026-04-02 17:40:40.885,53894,ESTAB,prague,228,25.335,0.018,20.049,1448,31,44888,44888,12149410,12129306,9068,NaN,8477,4245,8475,22,NaN,NaN,14682840,6693464,8462,279040,43520,14,40428
2026-04-02 17:40:41.114,53894,ESTAB,prague,232,29.893,9.177,20.049,1448,31,44888,44888,12189838,12189838,9068,NaN,8506,4267,8504,22,NaN,NaN,12444144,2408312,8505,279040,43520,NaN,NaN
2026-04-02 17:40:41.345,53894,ESTAB,prague,232,29.893,9.177,20.049,1448,31,44888,44888,12189838,12189838,9068,NaN,8506,4267,8504,22,NaN,NaN,12444144,2408312,8505,279040,43520,NaN,NaN
2026-04-02 17:40:41.577,53894,ESTAB,prague,228,25.334,0.054,20.047,1448,31,44888,44888,12276009,12255905,9892,NaN,8567,4294,8565,24,NaN,NaN,14683088,6694288,8552,279040,43520,14,499728
2026-04-02 17:40:41.811,53894,ESTAB,prague,228,25.314,0.046,20.047,1448,31,44888,44888,12468433,12448329,9892,NaN,8701,4361,8699,24,NaN,NaN,14695240,6684080,8686,279040,43520,14,501164
2026-04-02 17:40:42.045,53894,ESTAB,prague,228,25.343,0.021,20.047,1448,31,44888,44888,12663729,12643625,9892,NaN,8837,4429,8835,24,NaN,NaN,14678376,6681608,8822,279040,43520,14,499728
2026-04-02 17:40:42.277,53894,ESTAB,prague,228,25.269,0.075,20.047,1448,31,44888,44888,12856153,12836049,9892,NaN,8971,4496,8969,24,NaN,NaN,14721032,6692912,8956,279040,43520,14,500400
2026-04-02 17:40:42.512,53894,ESTAB,prague,228,25.263,0.044,20.047,1448,31,44888,44888,13051449,13031345,9892,NaN,9107,4564,9105,24,NaN,NaN,14724504,6691256,9092,279040,43520,14,305104
2026-04-02 17:40:42.748,53894,ESTAB,prague,228,25.297,0.036,20.047,1448,31,44888,44888,13246745,13226641,9892,NaN,9243,4632,9241,24,NaN,NaN,14705160,6695400,9228,279040,43520,14,109808
2026-04-02 17:40:42.988,53894,ESTAB,prague,232,30.633,10.692,20.047,1448,31,44888,44888,13356553,13356553,9892,NaN,9320,4678,9318,24,NaN,NaN,12143568,2470392,9319,279040,43520,NaN,NaN
2026-04-02 17:40:43.217,53894,ESTAB,prague,232,30.633,10.692,20.047,1448,31,44888,44888,13356553,13356553,9892,NaN,9320,4678,9318,24,NaN,NaN,12143568,2470392,9319,279040,43520,NaN,NaN
2026-04-02 17:40:43.446,53894,ESTAB,prague,232,30.633,10.692,20.047,1448,31,44888,44888,13356553,13356553,9892,NaN,9320,4678,9318,24,NaN,NaN,12143568,2470392,9319,279040,43520,NaN,NaN
2026-04-02 17:40:43.678,53894,ESTAB,prague,228,25.281,0.076,20.047,1448,31,44888,44888,13503036,13482932,10716,NaN,9423,4726,9421,26,NaN,NaN,14714088,6690704,9408,279040,43520,14,439416
2026-04-02 17:40:43.902,53894,ESTAB,prague,228,25.295,0.041,20.047,1448,31,44888,44888,13689716,13669612,10716,NaN,9553,4791,9551,26,NaN,NaN,14706152,6694568,9538,279040,43520,14,446596
2026-04-02 17:40:44.126,53894,ESTAB,prague,228,25.294,0.016,20.047,1448,31,44888,44888,13876396,13856292,10716,NaN,9683,4856,9681,26,NaN,NaN,14706648,6704808,9668,279040,43520,14,453776
2026-04-02 17:40:44.359,53894,ESTAB,prague,228,25.236,0.115,20.047,1448,31,44888,44888,14065948,14045844,10716,NaN,9815,4922,9813,26,NaN,NaN,14740128,6665400,9800,279040,43520,14,458084
2026-04-02 17:40:44.588,53894,ESTAB,prague,228,25.311,0.045,20.047,1448,31,44888,44888,14258372,14238268,10716,NaN,9949,4989,9947,26,NaN,NaN,14696976,6699272,9934,279040,43520,14,317639
2026-04-02 17:40:44.821,53894,ESTAB,prague,228,25.293,0.068,20.047,1448,31,44888,44888,14450796,14430692,10716,NaN,10083,5056,10081,26,NaN,NaN,14707144,6691528,10068,279040,43520,14,125215
2026-04-02 17:40:45.052,53894,ESTAB,prague,228,25.327,0.024,20.047,1448,31,44888,44888,14576011,14576011,10716,NaN,10171,5107,10169,26,NaN,NaN,14687552,6694568,10170,279040,43520,NaN,NaN
2026-04-02 17:40:45.283,53894,ESTAB,prague,228,25.327,0.024,20.047,1448,31,44888,44888,14576011,14576011,10716,NaN,10171,5107,10169,26,NaN,NaN,14687552,6694568,10170,279040,43520,NaN,NaN
2026-04-02 17:40:45.515,53894,ESTAB,prague,228,25.327,0.024,20.047,1448,31,44888,44888,14578894,14576011,11124,NaN,10174,5108,10172,27,NaN,NaN,14687552,6694568,10170,279040,43520,3,NaN
2026-04-02 17:40:45.750,53894,ESTAB,prague,228,25.294,0.077,20.047,1448,31,44888,44888,14756958,14736854,11540,NaN,10298,5165,10296,28,NaN,NaN,14706896,6689872,10283,279040,43520,14,404952
2026-04-02 17:40:45.980,53894,ESTAB,prague,228,25.31,0.063,20.047,1448,31,44888,44888,14949382,14929278,11540,NaN,10432,5232,10430,28,NaN,NaN,14697224,6680232,10417,279040,43520,14,406388
2026-04-02 17:40:46.209,53894,ESTAB,prague,228,25.289,0.065,20.047,1448,31,44888,44888,15136062,15115958,11540,NaN,10562,5297,10560,28,NaN,NaN,14709872,6678856,10547,279040,43520,14,388270
2026-04-02 17:40:46.443,53894,ESTAB,prague,228,25.306,0.049,20.047,1448,31,44888,44888,15331358,15311254,11540,NaN,10698,5365,10696,28,NaN,NaN,14699704,6695120,10683,279040,43520,14,192974
2026-04-02 17:40:46.677,53894,ESTAB,prague,228,25.308,0.067,20.047,1448,31,44888,44888,15524332,15506550,11540,NaN,10833,5433,10831,28,NaN,NaN,14698464,6685736,10819,279040,43520,13,NaN
2026-04-02 17:40:46.910,53894,ESTAB,prague,232,30.182,9.795,20.047,1448,31,44888,44888,15524332,15524332,11540,NaN,10833,5440,10831,28,NaN,NaN,12324856,2603848,10832,279040,43520,NaN,NaN
2026-04-02 17:40:47.144,53894,ESTAB,prague,232,30.182,9.795,20.047,1448,31,44888,44888,15524332,15524332,11540,NaN,10833,5440,10831,28,NaN,NaN,12324856,2603848,10832,279040,43520,NaN,NaN
2026-04-02 17:40:47.377,53894,ESTAB,prague,232,30.182,9.795,20.047,1448,31,44888,44888,15524332,15524332,11540,NaN,10833,5440,10831,28,NaN,NaN,12324856,2603848,10832,279040,43520,NaN,NaN
2026-04-02 17:40:47.611,53894,ESTAB,prague,228,25.365,1.454,20.047,1448,31,44888,44888,15568859,15550191,12364,NaN,10865,5453,10863,30,NaN,NaN,14665480,6857912,10851,279040,43520,13,541372
2026-04-02 17:40:47.845,53894,ESTAB,prague,228,25.32,0.044,20.047,1448,31,44888,44888,15764155,15742615,12364,NaN,11001,5520,10999,30,NaN,NaN,14691520,6689048,10985,279040,43520,15,346076
2026-04-02 17:40:48.082,53894,ESTAB,prague,228,25.318,0.024,20.047,1448,31,44888,44888,15958015,15937911,12364,NaN,11136,5588,11134,30,NaN,NaN,14692512,6694848,11121,279040,43520,14,346076
2026-04-02 17:40:48.320,53894,ESTAB,prague,228,25.324,0.045,20.047,1448,31,44888,44888,16159055,16138951,12364,NaN,11276,5658,11274,30,NaN,NaN,14689288,6692360,11261,279040,43520,14,338896
2026-04-02 17:40:48.547,53894,ESTAB,prague,228,25.33,0.037,20.047,1448,31,44888,44888,16345735,16325631,12364,NaN,11406,5723,11404,30,NaN,NaN,14685816,6697336,11391,279040,43520,14,346076
2026-04-02 17:40:48.782,53894,ESTAB,prague,228,25.318,0.023,20.047,1448,31,44888,44888,16541031,16520927,12364,NaN,11542,5791,11540,30,NaN,NaN,14693008,6675832,11527,279040,43520,14,222017
2026-04-02 17:40:49.017,53894,ESTAB,prague,228,25.333,0.036,20.047,1448,31,44888,44888,16736327,16716223,12364,NaN,11678,5859,11676,30,NaN,NaN,14684080,6688768,11663,279040,43520,14,26721
2026-04-02 17:40:49.267,53894,ESTAB,prague,232,30.37,10.244,20.047,1448,31,44888,44888,16763048,16763048,12364,NaN,11697,5876,11695,30,NaN,NaN,12248472,2519936,11696,279040,43520,NaN,NaN
2026-04-02 17:40:49.504,53894,ESTAB,prague,232,30.37,10.244,20.047,1448,31,44888,44888,16763048,16763048,12364,NaN,11697,5876,11695,30,NaN,NaN,12248472,2519936,11696,279040,43520,NaN,NaN
2026-04-02 17:40:49.755,53894,ESTAB,prague,228,25.324,0.052,20.047,1448,31,44888,44888,16900915,16880811,13188,NaN,11794,5921,11792,32,NaN,NaN,14689288,6691808,11779,279040,43520,14,448032
2026-04-02 17:40:49.987,53894,ESTAB,prague,228,25.318,0.039,20.047,1448,31,44888,44888,17096211,17076107,13188,NaN,11930,5989,11928,32,NaN,NaN,14692512,6671432,11915,279040,43520,14,446596
2026-04-02 17:40:50.211,53894,ESTAB,prague,228,25.331,0.035,20.047,1448,31,44888,44888,17280019,17259915,13188,NaN,12058,6053,12056,32,NaN,NaN,14684824,6663208,12043,279040,43520,14,456648
2026-04-02 17:40:50.433,53894,ESTAB,prague,224,23.901,0.604,20.047,1448,7,10136,10136,17433671,17417875,13188,7180,12165,6133,12163,32,0,5,3514448,3103488,12153,278016,43520,6,504036
2026-04-02 17:40:50.663,53894,ESTAB,prague,224,22.558,1.428,20.047,1448,7,10136,10136,17538499,17522703,13188,7180,12238,6180,12236,32,0,5,3723664,3839568,12226,278016,43520,6,399208
2026-04-02 17:40:50.901,53894,ESTAB,prague,224,22.437,1.311,20.047,1448,8,11584,10136,17650507,17631839,13188,7180,12316,6229,12314,32,0,5,4278464,3816080,12302,278016,43520,8,315229
2026-04-02 17:40:51.131,53894,ESTAB,prague,224,22.666,0.943,20.037,1448,9,13032,11584,17763951,17746719,13188,7180,12395,6276,12393,32,0,5,4764744,4319160,12382,278016,43520,7,201785
2026-04-02 17:40:51.361,53894,ESTAB,prague,224,22.752,1.449,20.037,1448,7,10136,8688,17871651,17855855,13188,7180,12470,6326,12468,32,0,5,3691856,3325544,12458,278016,43520,6,94085
2026-04-02 17:40:51.594,53894,ESTAB,prague,224,22.874,1.356,20.037,1448,7,10136,10136,17963555,17946323,13188,7180,12534,6363,12532,32,0,5,3672144,3085912,12521,278016,43520,7,2181
2026-04-02 17:40:51.840,53894,ESTAB,prague,224,23.735,3.87,20.037,1448,5,7240,7240,18044716,18030356,13604,7180,12591,6404,12589,33,0,5,2527840,2225440,12580,278016,43520,5,504036
2026-04-02 17:40:52.091,53894,ESTAB,prague,224,23.121,1.413,20.037,1448,7,10136,10136,18136620,18119388,13604,7180,12655,6443,12653,33,0,5,3633000,3603424,12642,278016,43520,7,412132
2026-04-02 17:40:52.329,53894,ESTAB,prague,224,22.596,1.314,20.037,1448,7,10136,7240,18235704,18218472,13604,7180,12724,6489,12722,33,0,5,3717336,2867560,12711,278016,43520,7,506908
2026-04-02 17:40:52.566,53894,ESTAB,prague,224,22.324,0.847,20.037,1448,8,11584,10136,18340532,18321864,13604,7180,12797,6536,12795,33,0,5,4300224,3101328,12783,278016,43520,8,402080
2026-04-02 17:40:52.802,53894,ESTAB,prague,224,23.12,1.87,20.037,1448,8,11584,11584,18465464,18446796,13604,7180,12884,6592,12882,33,0,5,4152128,4117104,12870,278016,43520,8,471008
2026-04-02 17:40:53.039,53894,ESTAB,prague,224,22.209,1.063,20.037,1448,10,14480,14480,18603320,18581780,13604,7180,12980,6647,12978,33,0,5,5403120,5339472,12964,278016,43520,10,333152
2026-04-02 17:40:53.275,53894,ESTAB,prague,224,23.109,1.05,20.037,1448,10,14480,14480,18754100,18732560,13604,7180,13085,6711,13083,33,0,5,5192640,4963856,13069,278016,43520,10,325639
2026-04-02 17:40:53.506,53894,ESTAB,prague,224,22.086,1.288,20.037,1448,8,11584,11584,18881904,18863236,13604,7180,13174,6773,13172,33,0,5,4346624,3979840,13160,278016,43520,8,197835
2026-04-02 17:40:53.750,53894,ESTAB,prague,224,23.043,2.131,20.037,1448,6,8688,8688,18993912,18978116,13604,7180,13252,6827,13250,33,0,5,3124512,2856600,13240,278016,43520,6,85827
2026-04-02 17:40:53.983,53894,ESTAB,prague,224,22.837,1.945,20.037,1448,6,8688,7240,19074328,19061404,13604,7180,13308,6865,13306,33,0,5,3152688,2782736,13298,278016,43520,4,5411
2026-04-02 17:40:54.232,53894,ESTAB,prague,224,22.966,1.642,20.037,1448,6,8688,7240,19143979,19128183,14426,7180,13357,6897,13355,35,0,5,3135024,3003368,13345,278016,43520,6,519832
2026-04-02 17:40:54.465,53894,ESTAB,prague,224,23.669,1.498,20.037,1448,7,10136,8688,19228703,19211471,14426,7180,13416,6934,13414,35,0,5,3548888,3029288,13403,278016,43520,7,435108
2026-04-02 17:40:54.690,53894,ESTAB,prague,224,22.649,1.751,20.037,1448,6,8688,8688,19320607,19306247,14426,7180,13480,6977,13478,35,0,5,3178848,3805696,13469,278016,43520,5,343204
2026-04-02 17:40:54.928,53894,ESTAB,prague,224,23.826,1.494,20.037,1448,7,10136,8688,19421127,19406767,14426,7180,13550,7020,13548,35,0,5,3525424,2866848,13539,278016,43520,5,436544
2026-04-02 17:40:55.167,53894,ESTAB,prague,224,22.804,1.125,20.037,1448,8,11584,10136,19521647,19502979,14426,7180,13620,7063,13618,35,0,5,4209600,3745680,13606,278016,43520,8,376650
2026-04-02 17:40:55.406,53894,ESTAB,prague,224,23.28,2.24,20.037,1448,6,8688,7240,19612115,19596319,14426,7180,13683,7104,13681,35,0,5,3092640,2802128,13671,278016,43520,6,286182
2026-04-02 17:40:55.643,53894,ESTAB,prague,224,22.039,1.579,20.037,1448,7,10136,8688,19704019,19688223,14426,7180,13747,7148,13745,35,0,5,3811248,3124192,13735,278016,43520,6,194278
2026-04-02 17:40:55.876,53894,ESTAB,prague,224,22.032,1.388,20.037,1448,6,8688,7240,19784435,19768639,14426,7180,13803,7188,13801,35,0,5,3267936,2777136,13791,278016,43520,6,113862
2026-04-02 17:40:56.124,53894,ESTAB,prague,224,22.689,1.147,20.037,1448,7,10136,10136,19873467,19856235,14426,7180,13865,7226,13863,35,0,5,3702104,3227040,13852,278016,43520,7,24830
2026-04-02 17:40:56.388,53894,ESTAB,prague,224,22.947,1.664,20.037,1448,7,10136,8688,19977277,19961481,14842,7180,13938,7274,13936,36,0,5,3660552,3322208,13926,278016,43520,6,504036
2026-04-02 17:40:56.646,53894,ESTAB,prague,224,23.316,2.012,20.037,1448,8,11584,8688,20074925,20056257,14842,7180,14006,7317,14004,36,0,5,4117248,3310496,13992,278016,43520,8,406388
2026-04-02 17:40:56.903,53894,ESTAB,prague,224,22.908,1.577,20.037,1448,8,11584,10136,20195549,20181189,14842,7180,14090,7374,14088,36,0,5,4190528,4087504,14079,278016,43520,5,479624
2026-04-02 17:40:57.163,53894,ESTAB,prague,224,23.415,1.001,20.037,1448,9,13032,11584,20319045,20301813,14842,7180,14176,7426,14174,36,0,5,4612392,3819632,14163,278016,43520,7,356128
2026-04-02 17:40:57.405,53894,ESTAB,prague,224,22.446,1.141,20.037,1448,8,11584,11584,20448285,20429617,14842,7180,14266,7481,14264,36,0,5,4276864,3894152,14252,278016,43520,8,371024
2026-04-02 17:40:57.645,53894,ESTAB,prague,224,21.923,1.502,20.037,1448,6,8688,8688,20558857,20544497,14842,7180,14343,7537,14341,36,0,5,3284208,3547928,14332,278016,43520,5,260452
2026-04-02 17:40:57.885,53894,ESTAB,prague,224,23.014,2.131,20.037,1448,8,11584,11584,20667993,20650761,14842,7180,14419,7582,14417,36,0,5,4171264,3854104,14406,278016,43520,7,151316
2026-04-02 17:40:58.123,53894,ESTAB,prague,224,22.351,1.123,20.037,1448,8,11584,10136,20781437,20762769,14842,7180,14498,7634,14496,36,0,5,4294976,3856184,14484,278016,43520,8,37872
2026-04-02 17:40:58.363,53894,ESTAB,prague,224,22.874,0.776,20.037,1448,8,11584,11584,20882493,20865261,15258,7180,14569,7677,14567,37,0,5,4196800,4252392,14556,278016,43520,7,519832
2026-04-02 17:40:58.601,53894,ESTAB,prague,224,22.426,1.922,20.037,1448,7,10136,10136,20995937,20978705,15258,7180,14648,7728,14646,37,0,5,3745560,4463752,14635,278016,43520,7,406388
2026-04-02 17:40:58.849,53894,ESTAB,prague,224,22.686,1.042,20.037,1448,8,11584,11584,21116561,21099329,15258,7180,14732,7780,14730,37,0,5,4231488,4657192,14719,278016,43520,7,479624
2026-04-02 17:40:59.097,53894,ESTAB,prague,224,23.044,0.683,20.037,1448,9,13032,13032,21245801,21227133,15258,7180,14822,7829,14820,37,0,5,4686624,4699768,14808,278016,43520,8,350384
2026-04-02 17:40:59.345,53894,ESTAB,prague,224,22.733,1.413,20.037,1448,9,13032,11584,21383657,21366425,15258,7180,14918,7888,14916,37,0,5,4750704,4366168,14905,278016,43520,7,341736
2026-04-02 17:40:59.606,53894,ESTAB,prague,224,22.894,1.4,20.037,1448,8,11584,11584,21521513,21504281,15258,7180,15014,7945,15012,37,0,5,4193152,3614352,15001,278016,43520,7,203880
2026-04-02 17:40:59.852,53894,ESTAB,prague,224,23.012,1.976,20.037,1448,5,7240,7240,21619161,21604801,15258,7180,15082,7988,15080,37,0,5,2607240,2773544,15071,278016,43520,5,106232
2026-04-02 17:41:00.094,53894,ESTAB,prague,224,22.074,2.212,20.037,1448,6,8688,8688,21702449,21686653,15258,7180,15140,8025,15138,37,0,5,3261648,2784744,15128,278016,43520,6,22944
2026-04-02 17:41:00.353,53894,ESTAB,prague,228,24.81,1.525,20.037,1448,6,8688,7240,21769909,21754113,15674,7180,15187,8055,15185,38,0,5,2901984,2157248,15175,278016,43520,6,538500
2026-04-02 17:41:00.604,53894,ESTAB,prague,224,23.315,1.498,20.037,1448,7,10136,8688,21873301,21856069,15674,7180,15259,8097,15257,38,0,5,3602760,3217328,15246,278016,43520,7,435108
2026-04-02 17:41:00.842,53894,ESTAB,prague,224,22.557,2.207,20.037,1448,6,8688,8688,21959461,21943665,15674,7180,15319,8140,15317,38,0,5,3191760,3083856,15307,278016,43520,6,348948
2026-04-02 17:41:01.093,53894,ESTAB,prague,224,22.91,1.078,20.037,1448,8,11584,10136,22077213,22058545,15674,7180,15401,8188,15399,38,0,5,4190144,3345904,15387,278016,43520,8,425056
2026-04-02 17:41:01.360,53894,ESTAB,prague,224,23.089,1.133,20.037,1448,7,10136,10136,22199273,22182041,15674,7180,15486,8240,15484,38,0,5,3637984,3525560,15473,278016,43520,7,456548
2026-04-02 17:41:01.608,53894,ESTAB,prague,224,23.092,0.989,20.037,1448,9,13032,10136,22317025,22299793,15674,7180,15568,8291,15566,38,0,5,4676760,3957968,15555,278016,43520,7,338796
2026-04-02 17:41:01.858,53894,ESTAB,prague,224,22.497,1.155,20.037,1448,7,10136,10136,22431905,22414673,15674,7180,15648,8344,15646,38,0,5,3733688,3188800,15635,278016,43520,7,223916
2026-04-02 17:41:02.101,53894,ESTAB,prague,224,23.214,2.703,20.037,1448,6,8688,8688,22533861,22518065,15674,7180,15719,8390,15717,38,0,5,3101472,3103408,15707,278016,43520,6,121960
2026-04-02 17:41:02.351,53894,ESTAB,prague,224,22.948,1.989,20.037,1448,8,11584,10136,22642997,22624329,15674,7180,15795,8438,15793,38,0,5,4183168,3613384,15781,278016,43520,8,12824
2026-04-02 17:41:02.603,53894,ESTAB,prague,224,22.725,1.31,20.037,1448,10,14480,13032,22751653,22730113,16496,7180,15871,8482,15869,40,0,5,5280400,4764528,15855,278016,43520,10,194880
2026-04-02 17:41:02.853,53894,ESTAB,prague,224,22.52,0.875,20.037,1448,8,11584,11584,22889509,22870841,16496,7180,15967,8542,15965,40,0,5,4262848,4463536,15953,278016,43520,8,57024
2026-04-02 17:41:03.105,53894,ESTAB,prague,224,23.476,1.489,20.037,1448,8,11584,11584,22946533,22939353,16496,7180,16007,8575,16005,40,0,5,4089216,3828624,16001,278528,43520,NaN,NaN
2026-04-02 17:41:03.357,53894,ESTAB,prague,224,23.476,1.489,20.037,1448,8,11584,11584,22946533,22939353,16496,7180,16007,8575,16005,40,0,5,4089216,3828624,16001,278528,43520,NaN,NaN
2026-04-02 17:41:03.611,53894,ESTAB,prague,224,23.476,1.489,20.037,1448,8,11584,11584,22946533,22939353,16496,7180,16007,8575,16005,40,0,5,4089216,3828624,16001,278528,43520,NaN,NaN
2026-04-02 17:41:03.859,53894,ESTAB,prague,224,23.803,1.402,20.037,1448,8,11584,11584,22968084,22950852,17320,7180,16023,8581,16021,42,0,5,4033088,3828624,16010,279552,43520,7,319855
2026-04-02 17:41:04.108,53894,ESTAB,prague,228,24.042,2.714,20.037,1448,8,11584,10136,23090144,23072912,17320,7180,16108,8632,16106,42,0,5,3992896,2961520,16095,278016,43520,7,228401
2026-04-02 17:41:04.348,53894,ESTAB,prague,224,22.427,1.461,20.037,1448,7,10136,10136,23199280,23182048,17320,7180,16184,8684,16182,42,0,5,3745392,3619024,16171,278016,43520,7,119265
2026-04-02 17:41:04.598,53894,ESTAB,prague,224,23.374,1.797,20.037,1448,6,8688,8688,23292620,23276824,17320,7180,16249,8729,16247,42,0,5,3080256,3346680,16237,278016,43520,6,25925
2026-04-02 17:41:04.846,53894,ESTAB,prague,228,24.133,1.67,20.037,1448,7,10136,8688,23318545,23311365,17320,7180,16268,8743,16266,42,0,5,3480568,3116608,16262,279040,43520,NaN,NaN
2026-04-02 17:41:05.102,53894,ESTAB,prague,228,24.133,1.67,20.037,1448,7,10136,8688,23318545,23311365,17320,7180,16268,8743,16266,42,0,5,3480568,3116608,16262,279040,43520,NaN,NaN
2026-04-02 17:41:05.350,53894,ESTAB,prague,228,24.133,1.67,20.037,1448,7,10136,8688,23318545,23311365,17320,7180,16268,8743,16266,42,0,5,3480568,3116608,16262,279040,43520,NaN,NaN
2026-04-02 17:41:05.604,53894,ESTAB,prague,228,24.133,1.67,20.037,1448,7,10136,8688,23318545,23311365,17320,7180,16268,8743,16266,42,0,5,3480568,3116608,16262,279040,43520,NaN,NaN
2026-04-02 17:41:05.851,53894,ESTAB,prague,228,24.071,1.377,20.037,1448,7,10136,8688,23321428,23314237,17728,7180,16271,8745,16269,43,0,5,3489584,3116608,16264,279552,43520,1,NaN
2026-04-02 17:41:06.107,53894,ESTAB,prague,224,22.378,1.085,20.037,1448,8,11584,10136,23429128,23410460,18144,7180,16346,8789,16344,44,0,5,4289856,3832264,16332,278016,43520,8,272555
2026-04-02 17:41:06.364,53894,ESTAB,prague,224,22.82,1.433,20.037,1448,8,11584,11584,23554060,23535392,18144,7180,16433,8845,16431,44,0,5,4206720,3775568,16419,278016,43520,8,147623
2026-04-02 17:41:06.618,53894,ESTAB,prague,224,22.72,1.58,20.037,1448,6,8688,8688,23664632,23648836,18144,7180,16510,8900,16508,44,0,5,3168864,2865192,16498,278016,43520,6,37051
2026-04-02 17:41:06.871,53894,ESTAB,prague,224,23.09,1.388,20.037,1448,7,10136,8688,23701683,23694503,18144,7180,16536,8922,16534,44,0,5,3637872,3149104,16530,278528,43520,NaN,NaN
2026-04-02 17:41:07.126,53894,ESTAB,prague,224,23.09,1.388,20.037,1448,7,10136,8688,23701683,23694503,18144,7180,16536,8922,16534,44,0,5,3637872,3149104,16530,278528,43520,NaN,NaN
2026-04-02 17:41:07.381,53894,ESTAB,prague,224,23.09,1.388,20.037,1448,7,10136,8688,23701683,23694503,18144,7180,16536,8922,16534,44,0,5,3637872,3149104,16530,278528,43520,NaN,NaN
2026-04-02 17:41:07.639,53894,ESTAB,prague,224,23.09,1.388,20.037,1448,7,10136,8688,23701683,23694503,18144,7180,16536,8922,16534,44,0,5,3637872,3149104,16530,278528,43520,NaN,NaN
2026-04-02 17:41:07.912,53894,ESTAB,prague,224,23.133,1.484,20.037,1448,6,8688,8688,23708874,23697386,18968,7180,16542,8926,16540,46,0,5,3112272,3149104,16533,279552,43520,3,373814
2026-04-02 17:41:08.180,53894,ESTAB,prague,224,23.034,1.888,20.037,1448,8,11584,11584,23819446,23802214,18968,7180,16619,8971,16617,46,0,5,4167680,3828784,16606,278016,43520,7,302412
2026-04-02 17:41:08.435,53894,ESTAB,prague,224,22.415,1.214,20.037,1448,7,10136,10136,23945814,23928582,18968,7180,16707,9028,16705,46,0,5,3747352,4126824,16694,278016,43520,7,176044
2026-04-02 17:41:08.693,53894,ESTAB,prague,224,21.717,1.362,20.037,1448,7,10136,8688,24060694,24043462,18968,7180,16787,9083,16785,46,0,5,3867752,3286240,16774,278016,43520,7,61164
2026-04-02 17:41:08.941,53894,ESTAB,prague,228,24.031,1.583,20.037,1448,6,8688,8688,24121858,24114678,18968,7180,16830,9115,16828,46,0,5,2996064,3347976,16824,278528,43520,NaN,NaN
2026-04-02 17:41:09.186,53894,ESTAB,prague,228,24.031,1.583,20.037,1448,6,8688,8688,24121858,24114678,18968,7180,16830,9115,16828,46,0,5,2996064,3347976,16824,278528,43520,NaN,NaN
2026-04-02 17:41:09.436,53894,ESTAB,prague,228,24.031,1.583,20.037,1448,6,8688,8688,24121858,24114678,18968,7180,16830,9115,16828,46,0,5,2996064,3347976,16824,278528,43520,NaN,NaN
2026-04-02 17:41:09.700,53894,ESTAB,prague,228,24.031,1.583,20.037,1448,6,8688,8688,24121858,24114678,18968,7180,16830,9115,16828,46,0,5,2996064,3347976,16824,278528,43520,NaN,NaN
2026-04-02 17:41:09.964,53894,ESTAB,prague,224,23.731,1.282,20.037,1448,7,10136,8688,24137665,24120433,19792,7180,16842,9120,16840,48,0,5,3539536,3347976,16829,279552,43520,7,381482
2026-04-02 17:41:10.213,53894,ESTAB,prague,224,22.409,1.098,20.037,1448,9,13032,13032,24272649,24252545,19792,7180,16936,9176,16934,48,0,5,4819392,4087328,16921,278016,43520,9,290264
2026-04-02 17:41:10.453,53894,ESTAB,prague,224,22.989,2.888,20.037,1448,7,10136,8688,24381785,24364553,19792,7180,17012,9231,17010,48,0,5,3653832,2988904,16999,278016,43520,7,181128
2026-04-02 17:41:10.709,53894,ESTAB,prague,224,23.061,1.221,20.037,1448,6,8688,8688,24489485,24473689,19792,7180,17087,9281,17085,48,0,5,3122016,3094152,17075,278016,43520,6,73428
2026-04-02 17:41:10.980,53894,ESTAB,prague,224,23.144,3.605,20.037,1448,5,7240,7240,24562913,24555733,19792,7180,17139,9319,17137,48,0,5,2592360,2218624,17133,279040,43520,NaN,NaN
2026-04-02 17:41:11.242,53894,ESTAB,prague,224,23.144,3.605,20.037,1448,5,7240,7240,24562913,24555733,19792,7180,17139,9319,17137,48,0,5,2592360,2218624,17133,279040,43520,NaN,NaN
2026-04-02 17:41:11.494,53894,ESTAB,prague,224,23.144,3.605,20.037,1448,5,7240,7240,24562913,24555733,19792,7180,17139,9319,17137,48,0,5,2592360,2218624,17133,279040,43520,NaN,NaN
2026-04-02 17:41:11.749,53894,ESTAB,prague,224,23.144,3.605,20.037,1448,5,7240,7240,24562913,24555733,19792,7180,17139,9319,17137,48,0,5,2592360,2218624,17133,279040,43520,NaN,NaN
2026-04-02 17:41:12.004,53894,ESTAB,prague,224,23.157,2.001,20.037,1448,4,5792,5792,24575848,24562924,20616,7180,17149,9325,17147,50,0,5,2236592,2218624,17139,278016,43520,4,367903
2026-04-02 17:41:12.253,53894,ESTAB,prague,224,23.469,2.008,20.037,1448,6,8688,8688,24663444,24649084,20616,7180,17210,9361,17208,50,0,5,3067776,2803752,17199,278016,43520,5,327121
2026-04-02 17:41:12.509,53894,ESTAB,prague,224,22.808,1.124,20.037,1448,8,11584,11584,24781196,24762528,20616,7180,17292,9409,17290,50,0,5,4209024,3897896,17278,278016,43520,8,209369
2026-04-02 17:41:12.768,53894,ESTAB,prague,224,23.414,1.434,20.037,1448,9,13032,11584,24917616,24898948,20616,7180,17387,9465,17385,50,0,5,4612464,3611608,17373,278016,43520,8,72949
2026-04-02 17:41:13.010,53894,ESTAB,prague,224,23.447,1.927,20.037,1448,7,10136,10136,24990565,24983385,20616,7180,17438,9502,17436,50,0,5,3582432,3308920,17432,278528,43520,NaN,NaN
2026-04-02 17:41:13.266,53894,ESTAB,prague,224,23.447,1.927,20.037,1448,7,10136,10136,24990565,24983385,20616,7180,17438,9502,17436,50,0,5,3582432,3308920,17432,278528,43520,NaN,NaN
2026-04-02 17:41:13.514,53894,ESTAB,prague,224,23.447,1.927,20.037,1448,7,10136,10136,24990565,24983385,20616,7180,17438,9502,17436,50,0,5,3582432,3308920,17432,278528,43520,NaN,NaN
2026-04-02 17:41:13.769,53894,ESTAB,prague,224,23.447,1.927,20.037,1448,7,10136,10136,24990565,24983385,20616,7180,17438,9502,17436,50,0,5,3582432,3308920,17432,278528,43520,NaN,NaN
2026-04-02 17:41:14.010,53894,ESTAB,prague,224,23.617,1.868,20.037,1448,7,10136,10136,24999192,24986268,21440,7180,17445,9505,17443,52,0,5,3556616,3308920,17435,279552,43520,4,443554
2026-04-02 17:41:14.264,53894,ESTAB,prague,224,22.378,1.421,20.037,1448,8,11584,11584,25115508,25096840,21440,7180,17526,9552,17524,52,0,5,4289856,4075104,17512,278016,43520,8,327238
2026-04-02 17:41:14.515,53894,ESTAB,prague,224,22.555,1.632,20.037,1448,8,11584,11584,25239004,25220336,21440,7180,17612,9606,17610,52,0,5,4256064,3906720,17598,278016,43520,8,203742
2026-04-02 17:41:14.775,53894,ESTAB,prague,224,23.954,1.503,20.037,1448,7,10136,10136,25353884,25336652,21440,7180,17692,9655,17690,52,0,5,3506720,3569792,17679,278016,43520,7,88862
2026-04-02 17:41:15.019,53894,ESTAB,prague,224,23.28,2.344,20.037,1448,7,10136,10136,25442746,25434300,21440,7180,17754,9699,17752,52,0,5,3608136,3102440,17747,278016,43520,1,NaN
2026-04-02 17:41:15.278,53894,ESTAB,prague,232,28.451,12.1,20.037,1448,8,11584,10136,25442746,25435566,21440,7180,17754,9700,17752,52,0,5,3374144,1059168,17748,279552,43520,NaN,NaN
2026-04-02 17:41:15.526,53894,ESTAB,prague,232,28.451,12.1,20.037,1448,8,11584,10136,25442746,25435566,21440,7180,17754,9700,17752,52,0,5,3374144,1059168,17748,279552,43520,NaN,NaN
2026-04-02 17:41:15.774,53894,ESTAB,prague,232,28.451,12.1,20.037,1448,8,11584,10136,25442746,25435566,21440,7180,17754,9700,17752,52,0,5,3374144,1059168,17748,279552,43520,NaN,NaN
2026-04-02 17:41:16.032,53894,ESTAB,prague,228,25.782,9.108,20.037,1448,8,11584,10136,25445629,25438449,21848,7180,17757,9704,17755,53,0,5,3723456,1358880,17751,279040,43520,NaN,NaN
2026-04-02 17:41:16.280,53894,ESTAB,prague,224,23.0,1.557,20.037,1448,8,11584,11584,25566253,25547585,22264,7180,17841,9751,17839,54,0,5,4173696,4119848,17827,278016,43520,8,180520
2026-04-02 17:41:16.524,53894,ESTAB,prague,224,22.998,1.951,20.037,1448,7,10136,8688,25672517,25655285,22264,7180,17915,9803,17913,54,0,5,3652432,3270776,17902,278016,43520,7,74256
2026-04-02 17:41:16.776,53894,ESTAB,prague,224,23.855,1.435,20.037,1448,10,14480,11584,25746773,25739593,22264,7180,17967,9836,17965,54,0,5,5030320,3763784,17961,278528,43520,NaN,NaN
2026-04-02 17:41:17.031,53894,ESTAB,prague,224,23.855,1.435,20.037,1448,10,14480,11584,25746773,25739593,22264,7180,17967,9836,17965,54,0,5,5030320,3763784,17961,278528,43520,NaN,NaN
2026-04-02 17:41:17.285,53894,ESTAB,prague,224,23.855,1.435,20.037,1448,10,14480,11584,25746773,25739593,22264,7180,17967,9836,17965,54,0,5,5030320,3763784,17961,278528,43520,NaN,NaN
2026-04-02 17:41:17.522,53894,ESTAB,prague,224,23.855,1.435,20.037,1448,10,14480,11584,25746773,25739593,22264,7180,17967,9836,17965,54,0,5,5030320,3763784,17961,278528,43520,NaN,NaN
2026-04-02 17:41:17.775,53894,ESTAB,prague,224,23.855,1.435,20.037,1448,10,14480,11584,25746773,25739593,22264,7180,17967,9836,17965,54,0,5,5030320,3763784,17961,278528,43520,NaN,NaN
2026-04-02 17:41:18.031,53894,ESTAB,prague,224,23.855,1.435,20.037,1448,10,14480,11584,25746773,25739593,22264,7180,17967,9836,17965,54,0,5,5030320,3763784,17961,278528,43520,NaN,NaN
2026-04-02 17:41:18.286,53894,ESTAB,prague,224,22.63,0.732,20.037,1448,10,14480,13032,25874588,25854484,23088,7180,18057,9888,18055,56,0,5,5302560,4886384,18042,278016,43520,9,184276
2026-04-02 17:41:18.542,53894,ESTAB,prague,224,22.032,1.254,20.037,1448,7,10136,10136,26003828,25986596,23088,7180,18147,9951,18145,56,0,5,3812592,4086968,18134,278016,43520,7,55036
2026-04-02 17:41:18.796,53894,ESTAB,prague,232,28.422,11.007,20.037,1448,6,8688,8688,26059920,26052740,23494,7180,18187,9981,18185,57,0,5,2533200,2935312,18181,279552,43520,NaN,NaN
2026-04-02 17:41:19.051,53894,ESTAB,prague,232,28.422,11.007,20.037,1448,6,8688,8688,26059920,26052740,23494,7180,18187,9981,18185,57,0,5,2533200,2935312,18181,279552,43520,NaN,NaN
2026-04-02 17:41:19.306,53894,ESTAB,prague,232,28.422,11.007,20.037,1448,6,8688,8688,26059920,26052740,23494,7180,18187,9981,18185,57,0,5,2533200,2935312,18181,279552,43520,NaN,NaN
2026-04-02 17:41:19.556,53894,ESTAB,prague,232,28.422,11.007,20.037,1448,6,8688,8688,26059920,26052740,23494,7180,18187,9981,18185,57,0,5,2533200,2935312,18181,279552,43520,NaN,NaN
2026-04-02 17:41:19.798,53894,ESTAB,prague,232,28.422,11.007,20.037,1448,6,8688,8688,26059920,26052740,23494,7180,18187,9981,18185,57,0,5,2533200,2935312,18181,279552,43520,NaN,NaN
2026-04-02 17:41:20.041,53894,ESTAB,prague,232,28.422,11.007,20.037,1448,6,8688,8688,26059920,26052740,23494,7180,18187,9981,18185,57,0,5,2533200,2935312,18181,279552,43520,NaN,NaN
2026-04-02 17:41:20.282,53894,ESTAB,prague,224,23.106,1.12,20.037,1448,8,11584,10136,26141783,26124551,24318,7180,18245,10015,18243,59,0,5,4154752,3885384,18232,278016,43520,7,504036
2026-04-02 17:41:20.522,53894,ESTAB,prague,224,22.828,1.893,20.037,1448,7,10136,8688,26239431,26222199,24318,7180,18313,10062,18311,59,0,5,3679536,3550728,18300,278016,43520,7,406388
2026-04-02 17:41:20.777,53894,ESTAB,prague,224,23.299,1.328,20.037,1448,7,10136,10136,26347131,26329899,24318,7180,18388,10111,18386,59,0,5,3605224,3310064,18375,278016,43520,7,492548
2026-04-02 17:41:21.032,53894,ESTAB,prague,224,23.307,1.53,20.037,1448,7,10136,8688,26454831,26437599,24318,7180,18463,10160,18461,59,0,5,3603992,3544984,18450,278016,43520,7,384848
2026-04-02 17:41:21.287,53894,ESTAB,prague,224,22.662,1.453,20.037,1448,7,10136,10136,26563967,26548171,24318,7180,18539,10209,18537,59,0,5,3706584,3899960,18527,278016,43520,6,313165
2026-04-02 17:41:21.542,53894,ESTAB,prague,228,24.05,1.712,20.037,1448,9,13032,8688,26673103,26655871,24318,7180,18615,10254,18613,59,0,5,4490568,4082280,18602,278016,43520,7,204029
2026-04-02 17:41:21.791,53894,ESTAB,prague,224,23.341,2.438,20.037,1448,6,8688,7240,26777931,26765007,24318,7180,18688,10303,18686,59,0,5,3084672,2231120,18678,278016,43520,4,99201
2026-04-02 17:41:22.030,53894,ESTAB,prague,228,24.808,2.599,20.037,1448,5,7240,7240,26849731,26835371,24318,7180,18738,10334,18736,59,0,5,2418480,2608616,18727,278016,43520,5,27401
2026-04-02 17:41:22.271,53894,ESTAB,prague,224,22.695,0.945,20.037,1448,9,13032,13032,26941372,26924140,25140,7180,18803,10373,18801,61,0,5,4758624,5016672,18790,278016,43520,7,346806
2026-04-02 17:41:22.520,53894,ESTAB,prague,224,23.194,1.482,20.037,1448,7,10136,8688,27056252,27039020,25140,7180,18883,10423,18881,61,0,5,3621576,3346520,18870,278016,43520,7,231926
2026-04-02 17:41:22.763,53894,ESTAB,prague,224,22.79,1.237,20.037,1448,7,10136,10136,27159644,27142412,25140,7180,18955,10468,18953,61,0,5,3685752,3562584,18942,278016,43520,7,128534
2026-04-02 17:41:23.002,53894,ESTAB,prague,224,22.572,1.318,20.037,1448,6,8688,8688,27261600,27245804,25140,7180,19026,10517,19024,61,0,5,3189696,3122488,19014,278016,43520,6,26578
2026-04-02 17:41:23.230,53894,ESTAB,prague,224,23.883,1.8,20.037,1448,8,11584,8688,27288178,27280998,25140,7180,19045,10531,19043,61,0,5,4019392,3286392,19039,278528,43520,NaN,NaN
2026-04-02 17:41:23.470,53894,ESTAB,prague,224,23.883,1.8,20.037,1448,8,11584,8688,27288178,27280998,25140,7180,19045,10531,19043,61,0,5,4019392,3286392,19039,278528,43520,NaN,NaN
2026-04-02 17:41:23.707,53894,ESTAB,prague,224,23.883,1.8,20.037,1448,8,11584,8688,27288178,27280998,25140,7180,19045,10531,19043,61,0,5,4019392,3286392,19039,278528,43520,NaN,NaN
2026-04-02 17:41:23.961,53894,ESTAB,prague,224,23.883,1.8,20.037,1448,8,11584,8688,27288178,27280998,25140,7180,19045,10531,19043,61,0,5,4019392,3286392,19039,278528,43520,NaN,NaN
2026-04-02 17:41:24.217,53894,ESTAB,prague,224,23.851,1.231,20.037,1448,9,13032,11584,27319781,27302549,25964,7180,19068,10541,19066,63,0,5,4528080,4012000,19055,278016,43520,7,428003
2026-04-02 17:41:24.462,53894,ESTAB,prague,224,23.054,0.965,20.037,1448,8,11584,11584,27441841,27423173,25964,7180,19153,10592,19151,63,0,5,4163968,4129584,19139,278016,43520,8,305943
2026-04-02 17:41:24.707,53894,ESTAB,prague,224,22.322,0.729,20.037,1448,8,11584,11584,27558157,27540925,25964,7180,19234,10643,19232,63,0,5,4300608,3837208,19221,278016,43520,7,189627
2026-04-02 17:41:24.955,53894,ESTAB,prague,224,23.627,1.238,20.037,1448,10,14480,14480,27688833,27668729,25964,7180,19325,10695,19323,63,0,5,5078800,4304008,19310,278016,43520,9,58951
2026-04-02 17:41:25.209,53894,ESTAB,prague,224,22.478,1.051,20.037,1448,10,14480,14480,27747784,27740604,25964,7180,19367,10726,19365,63,0,5,5338320,5160824,19361,279040,43520,NaN,NaN
2026-04-02 17:41:25.468,53894,ESTAB,prague,224,22.478,1.051,20.037,1448,10,14480,14480,27747784,27740604,25964,7180,19367,10726,19365,63,0,5,5338320,5160824,19361,279040,43520,NaN,NaN
2026-04-02 17:41:25.718,53894,ESTAB,prague,224,22.478,1.051,20.037,1448,10,14480,14480,27747784,27740604,25964,7180,19367,10726,19365,63,0,5,5338320,5160824,19361,279040,43520,NaN,NaN
2026-04-02 17:41:25.969,53894,ESTAB,prague,224,22.478,1.051,20.037,1448,10,14480,14480,27747784,27740604,25964,7180,19367,10726,19365,63,0,5,5338320,5160824,19361,279040,43520,NaN,NaN
2026-04-02 17:41:26.220,53894,ESTAB,prague,224,22.909,1.522,20.037,1448,10,14480,14480,27767899,27746359,26788,7180,19382,10730,19380,65,0,5,5238000,5160824,19366,279552,43520,10,434920
2026-04-02 17:41:26.475,53894,ESTAB,prague,224,22.589,0.952,20.037,1448,9,13032,13032,27925859,27907191,26788,7180,19492,10802,19490,65,0,5,4781016,5066920,19478,278016,43520,8,276960
2026-04-02 17:41:26.739,53894,ESTAB,prague,224,22.586,1.627,20.037,1448,7,10136,8688,28043611,28026379,26788,7180,19574,10857,19572,65,0,5,3718960,3288104,19561,278016,43520,7,159208
2026-04-02 17:41:27.002,53894,ESTAB,prague,224,22.76,1.441,20.037,1448,6,8688,8688,28135515,28119719,26788,7180,19638,10897,19636,65,0,5,3163392,2775408,19626,278016,43520,6,67304
2026-04-02 17:41:27.266,53894,ESTAB,prague,224,23.81,2.292,20.037,1448,7,10136,8688,28202819,28195639,26788,7180,19685,10931,19683,65,0,5,3527832,3338464,19679,278528,43520,NaN,NaN
2026-04-02 17:41:27.525,53894,ESTAB,prague,224,23.81,2.292,20.037,1448,7,10136,8688,28202819,28195639,26788,7180,19685,10931,19683,65,0,5,3527832,3338464,19679,278528,43520,NaN,NaN
2026-04-02 17:41:27.773,53894,ESTAB,prague,224,23.81,2.292,20.037,1448,7,10136,8688,28202819,28195639,26788,7180,19685,10931,19683,65,0,5,3527832,3338464,19679,278528,43520,NaN,NaN
2026-04-02 17:41:28.025,53894,ESTAB,prague,224,23.81,2.292,20.037,1448,7,10136,8688,28202819,28195639,26788,7180,19685,10931,19683,65,0,5,3527832,3338464,19679,278528,43520,NaN,NaN
2026-04-02 17:41:28.279,53894,ESTAB,prague,224,23.295,1.589,20.037,1448,7,10136,8688,28224370,28210010,27612,7180,19701,10940,19699,67,0,5,3605896,3034704,19690,279552,43520,5,468573
2026-04-02 17:41:28.533,53894,ESTAB,prague,228,24.222,1.766,20.037,1448,6,8688,8688,28313402,28297606,27612,7180,19763,10979,19761,67,0,5,2972448,2571592,19751,278016,43520,6,379541
2026-04-02 17:41:28.791,53894,ESTAB,prague,224,22.775,1.613,20.037,1448,7,10136,10136,28422538,28405306,27612,7180,19839,11028,19837,67,0,5,3688160,3315528,19826,278016,43520,7,270405
2026-04-02 17:41:29.045,53894,ESTAB,prague,224,22.612,1.435,20.037,1448,6,8688,8688,28527366,28513006,27612,7180,19912,11079,19910,67,0,5,3184032,3292104,19901,278016,43520,5,165577
2026-04-02 17:41:29.303,53894,ESTAB,prague,224,23.165,1.449,20.037,1448,8,11584,11584,28640810,28623578,27612,7180,19991,11127,19989,67,0,5,4144000,4127192,19978,278016,43520,7,52133
2026-04-02 17:41:29.558,53894,ESTAB,prague,232,28.974,13.273,20.037,1448,9,13032,11584,28692943,28685763,27612,7180,20028,11153,20026,67,0,5,3727368,1448616,20022,279552,43520,NaN,NaN
2026-04-02 17:41:29.804,53894,ESTAB,prague,232,28.974,13.273,20.037,1448,9,13032,11584,28692943,28685763,27612,7180,20028,11153,20026,67,0,5,3727368,1448616,20022,279552,43520,NaN,NaN
2026-04-02 17:41:30.048,53894,ESTAB,prague,232,28.974,13.273,20.037,1448,9,13032,11584,28692943,28685763,27612,7180,20028,11153,20026,67,0,5,3727368,1448616,20022,279552,43520,NaN,NaN
2026-04-02 17:41:30.286,53894,ESTAB,prague,228,25.386,7.191,20.037,1448,7,10136,10136,28710186,28692954,28436,7180,20041,11160,20039,69,0,5,3308760,1448616,20028,278528,43520,7,281694
2026-04-02 17:41:30.512,53894,ESTAB,prague,224,22.578,1.057,20.037,1448,8,11584,11584,28822194,28804962,28436,7180,20119,11216,20117,69,0,5,4251776,4144912,20106,278016,43520,7,169686
2026-04-02 17:41:30.763,53894,ESTAB,prague,224,22.671,2.144,20.037,1448,7,10136,10136,28939946,28922714,28436,7180,20201,11270,20199,69,0,5,3705128,3341624,20188,278016,43520,7,51934
2026-04-02 17:41:31.014,53894,ESTAB,prague,224,23.75,3.553,20.037,1448,6,8688,7240,28991880,28984700,28436,7180,20238,11300,20236,69,0,5,3031488,2228656,20232,279040,43520,NaN,NaN
2026-04-02 17:41:31.262,53894,ESTAB,prague,224,23.75,3.553,20.037,1448,6,8688,7240,28991880,28984700,28436,7180,20238,11300,20236,69,0,5,3031488,2228656,20232,279040,43520,NaN,NaN
2026-04-02 17:41:31.505,53894,ESTAB,prague,224,23.75,3.553,20.037,1448,6,8688,7240,28991880,28984700,28436,7180,20238,11300,20236,69,0,5,3031488,2228656,20232,279040,43520,NaN,NaN
2026-04-02 17:41:31.752,53894,ESTAB,prague,224,23.75,3.553,20.037,1448,6,8688,7240,28991880,28984700,28436,7180,20238,11300,20236,69,0,5,3031488,2228656,20232,279040,43520,NaN,NaN
2026-04-02 17:41:32.002,53894,ESTAB,prague,224,23.75,3.553,20.037,1448,6,8688,7240,28991880,28984700,28436,7180,20238,11300,20236,69,0,5,3031488,2228656,20232,279040,43520,NaN,NaN
2026-04-02 17:41:32.254,53894,ESTAB,prague,224,23.75,3.553,20.037,1448,6,8688,7240,28991880,28984700,28436,7180,20238,11300,20236,69,0,5,3031488,2228656,20232,279040,43520,NaN,NaN
2026-04-02 17:41:32.496,53894,ESTAB,prague,224,23.248,2.484,20.037,1448,6,8688,7240,29059383,29045023,29260,7180,20286,11329,20284,71,0,5,3096960,3061712,20275,278016,43520,5,343551
2026-04-02 17:41:32.746,53894,ESTAB,prague,224,23.326,1.586,20.037,1448,8,11584,10136,29158467,29142671,29260,7180,20355,11370,20353,71,0,5,4115520,3894152,20343,278016,43520,6,244467
2026-04-02 17:41:32.998,53894,ESTAB,prague,224,22.057,1.149,20.037,1448,6,8688,8688,29269039,29253243,29260,7180,20432,11420,20430,71,0,5,3264240,3483760,20420,278016,43520,6,133895
2026-04-02 17:41:33.245,53894,ESTAB,prague,224,23.82,3.965,20.037,1448,5,7240,7240,29358071,29343711,29260,7180,20494,11461,20492,71,0,5,2518760,2234240,20483,278016,43520,5,44863
2026-04-02 17:41:33.501,53894,ESTAB,prague,228,27.496,11.528,20.037,1448,6,8688,7240,29402934,29395754,29260,7180,20526,11488,20524,71,0,5,2618496,900328,20520,279552,43520,NaN,NaN
2026-04-02 17:41:33.774,53894,ESTAB,prague,228,27.496,11.528,20.037,1448,6,8688,7240,29402934,29395754,29260,7180,20526,11488,20524,71,0,5,2618496,900328,20520,279552,43520,NaN,NaN
2026-04-02 17:41:34.014,53894,ESTAB,prague,228,27.496,11.528,20.037,1448,6,8688,7240,29402934,29395754,29260,7180,20526,11488,20524,71,0,5,2618496,900328,20520,279552,43520,NaN,NaN
2026-04-02 17:41:34.272,53894,ESTAB,prague,228,27.496,11.528,20.037,1448,6,8688,7240,29402934,29395754,29260,7180,20526,11488,20524,71,0,5,2618496,900328,20520,279552,43520,NaN,NaN
2026-04-02 17:41:34.535,53894,ESTAB,prague,224,23.902,1.199,20.037,1448,6,8688,8688,29466129,29450333,30084,7180,20571,11516,20569,73,0,5,3012240,2874560,20559,278016,43520,6,323023
2026-04-02 17:41:34.786,53894,ESTAB,prague,224,23.88,1.497,20.037,1448,8,11584,10136,29572393,29553725,30084,7180,20645,11563,20643,73,0,5,4019968,3621448,20631,278016,43520,8,216759
2026-04-02 17:41:35.038,53894,ESTAB,prague,224,23.302,1.422,20.037,1448,7,10136,10136,29693017,29677221,30084,7180,20729,11615,20727,73,0,5,3604832,4125904,20717,278016,43520,6,96135
2026-04-02 17:41:35.285,53894,ESTAB,prague,224,23.855,1.721,20.037,1448,8,11584,10136,29789152,29781972,30084,7180,20796,11657,20794,73,0,5,4024192,3575856,20790,278528,43520,NaN,NaN
2026-04-02 17:41:35.512,53894,ESTAB,prague,224,23.855,1.721,20.037,1448,8,11584,10136,29789152,29781972,30084,7180,20796,11657,20794,73,0,5,4024192,3575856,20790,278528,43520,NaN,NaN
2026-04-02 17:41:35.765,53894,ESTAB,prague,224,23.855,1.721,20.037,1448,8,11584,10136,29789152,29781972,30084,7180,20796,11657,20794,73,0,5,4024192,3575856,20790,278528,43520,NaN,NaN
2026-04-02 17:41:36.024,53894,ESTAB,prague,224,23.855,1.721,20.037,1448,8,11584,10136,29789152,29781972,30084,7180,20796,11657,20794,73,0,5,4024192,3575856,20790,278528,43520,NaN,NaN
2026-04-02 17:41:36.275,53894,ESTAB,prague,224,23.855,1.721,20.037,1448,8,11584,10136,29789152,29781972,30084,7180,20796,11657,20794,73,0,5,4024192,3575856,20790,278528,43520,NaN,NaN
2026-04-02 17:41:36.526,53894,ESTAB,prague,224,22.778,0.943,20.037,1448,8,11584,11584,29876759,29859527,30908,7180,20858,11691,20856,75,0,5,4214464,4472200,20845,278016,43520,7,340033
2026-04-02 17:41:36.777,53894,ESTAB,prague,224,23.934,2.369,20.037,1448,6,8688,8688,29991639,29975843,30908,7180,20938,11741,20936,75,0,5,3008208,2674416,20926,278016,43520,6,225153
2026-04-02 17:41:37.035,53894,ESTAB,prague,224,22.603,2.223,20.037,1448,7,10136,8688,30097903,30080671,30908,7180,21012,11789,21010,75,0,5,3716216,3330808,20999,278016,43520,7,118889
2026-04-02 17:41:37.286,53894,ESTAB,prague,224,23.312,2.61,20.037,1448,7,10136,10136,30201295,30185499,30908,7180,21084,11839,21082,75,0,5,3603208,3262304,21072,278016,43520,6,15497
2026-04-02 17:41:37.534,53894,ESTAB,prague,224,22.947,0.968,20.037,1448,7,10136,8688,30216792,30209612,30908,7180,21095,11849,21093,75,0,5,3660608,3086184,21089,278528,43520,NaN,NaN
2026-04-02 17:41:37.781,53894,ESTAB,prague,224,22.947,0.968,20.037,1448,7,10136,8688,30216792,30209612,30908,7180,21095,11849,21093,75,0,5,3660608,3086184,21089,278528,43520,NaN,NaN
2026-04-02 17:41:38.036,53894,ESTAB,prague,224,22.947,0.968,20.037,1448,7,10136,8688,30216792,30209612,30908,7180,21095,11849,21093,75,0,5,3660608,3086184,21089,278528,43520,NaN,NaN
2026-04-02 17:41:38.286,53894,ESTAB,prague,224,22.947,0.968,20.037,1448,7,10136,8688,30216792,30209612,30908,7180,21095,11849,21093,75,0,5,3660608,3086184,21089,278528,43520,NaN,NaN
2026-04-02 17:41:38.545,53894,ESTAB,prague,224,22.83,2.02,20.037,1448,7,10136,8688,30279987,30265627,31732,7180,21140,11875,21138,77,0,5,3679200,3354760,21129,278016,43520,5,218931
2026-04-02 17:41:38.797,53894,ESTAB,prague,224,22.229,1.033,20.037,1448,7,10136,10136,30386251,30370455,31732,7180,21214,11923,21212,77,0,5,3778824,3765752,21202,278016,43520,6,112667
2026-04-02 17:41:39.049,53894,ESTAB,prague,224,22.993,1.779,20.037,1448,6,8688,8688,30498259,30482463,31732,7180,21292,11976,21290,77,0,5,3131280,3335712,21280,278016,43520,6,659
2026-04-02 17:41:39.309,53894,ESTAB,prague,224,23.183,1.663,20.037,1448,7,10136,8688,30498918,30491738,31732,7180,21293,11980,21291,77,0,5,3623312,2562032,21287,278528,43520,NaN,NaN
2026-04-02 17:41:39.561,53894,ESTAB,prague,224,23.183,1.663,20.037,1448,7,10136,8688,30498918,30491738,31732,7180,21293,11980,21291,77,0,5,3623312,2562032,21287,278528,43520,NaN,NaN
2026-04-02 17:41:39.808,53894,ESTAB,prague,224,23.183,1.663,20.037,1448,7,10136,8688,30498918,30491738,31732,7180,21293,11980,21291,77,0,5,3623312,2562032,21287,278528,43520,NaN,NaN
2026-04-02 17:41:40.056,53894,ESTAB,prague,224,23.183,1.663,20.037,1448,7,10136,8688,30498918,30491738,31732,7180,21293,11980,21291,77,0,5,3623312,2562032,21287,278528,43520,NaN,NaN
2026-04-02 17:41:40.296,53894,ESTAB,prague,224,23.183,1.663,20.037,1448,7,10136,8688,30498918,30491738,31732,7180,21293,11980,21291,77,0,5,3623312,2562032,21287,278528,43520,NaN,NaN
2026-04-02 17:41:40.533,53894,ESTAB,prague,224,23.721,1.209,20.037,1448,7,10136,8688,30542009,30524777,32556,7180,21324,11996,21322,79,0,5,3541048,3332016,21311,278016,43520,7,318452
2026-04-02 17:41:40.788,53894,ESTAB,prague,224,22.551,1.325,20.037,1448,9,13032,13032,30659761,30642529,32556,7180,21406,12047,21404,79,0,5,4789008,4635864,21393,278016,43520,7,200700
2026-04-02 17:41:41.054,53894,ESTAB,prague,224,22.909,1.46,20.037,1448,7,10136,8688,30783257,30766025,32556,7180,21492,12105,21490,79,0,5,3666656,3355408,21479,278016,43520,7,77204
2026-04-02 17:41:41.325,53894,ESTAB,prague,228,25.231,2.013,20.037,1448,6,8688,8688,30860461,30852185,32556,7180,21546,12140,21544,79,0,5,2853600,2609944,21539,278016,43520,1,NaN
2026-04-02 17:41:41.565,53894,ESTAB,prague,232,30.366,11.781,20.037,1448,7,10136,8688,30860461,30853281,32556,7180,21546,12141,21544,79,0,5,2766120,1016032,21540,279552,43520,NaN,NaN
2026-04-02 17:41:41.813,53894,ESTAB,prague,232,30.366,11.781,20.037,1448,7,10136,8688,30860461,30853281,32556,7180,21546,12141,21544,79,0,5,2766120,1016032,21540,279552,43520,NaN,NaN
2026-04-02 17:41:42.069,53894,ESTAB,prague,232,30.366,11.781,20.037,1448,7,10136,8688,30860461,30853281,32556,7180,21546,12141,21544,79,0,5,2766120,1016032,21540,279552,43520,NaN,NaN
2026-04-02 17:41:42.325,53894,ESTAB,prague,232,30.366,11.781,20.037,1448,7,10136,8688,30860461,30853281,32556,7180,21546,12141,21544,79,0,5,2766120,1016032,21540,279552,43520,NaN,NaN
2026-04-02 17:41:42.579,53894,ESTAB,prague,228,24.758,1.744,20.037,1448,7,10136,8688,30900680,30886320,33380,7180,21575,12158,21573,81,0,5,3392816,2859064,21564,278016,43520,5,399950
2026-04-02 17:41:42.833,53894,ESTAB,prague,224,22.416,1.802,20.037,1448,7,10136,8688,30998328,30981096,33380,7180,21643,12204,21641,81,0,5,3747184,3258504,21630,278016,43520,7,302302
2026-04-02 17:41:43.102,53894,ESTAB,prague,224,23.055,0.957,20.037,1448,8,11584,10136,31111772,31094540,33380,7180,21722,12252,21720,81,0,5,4163840,3606792,21709,278016,43520,7,188858
2026-04-02 17:41:43.366,53894,ESTAB,prague,228,24.793,3.161,20.037,1448,6,8688,7240,31206548,31192188,33380,7180,21788,12297,21786,81,0,5,2904000,2786488,21777,278016,43520,5,94082
2026-04-02 17:41:43.636,53894,ESTAB,prague,224,22.676,1.249,20.037,1448,6,8688,8688,31300630,31292708,33380,7180,21854,12342,21852,81,0,5,3175104,3600544,21847,278016,43520,1,NaN
2026-04-02 17:41:43.885,53894,ESTAB,prague,228,27.751,11.086,20.037,1448,6,8688,8688,31300630,31293450,33380,7180,21854,12343,21852,81,0,5,2594496,1098200,21848,279552,43520,NaN,NaN
2026-04-02 17:41:44.125,53894,ESTAB,prague,228,27.751,11.086,20.037,1448,6,8688,8688,31300630,31293450,33380,7180,21854,12343,21852,81,0,5,2594496,1098200,21848,279552,43520,NaN,NaN
2026-04-02 17:41:44.377,53894,ESTAB,prague,228,27.751,11.086,20.037,1448,6,8688,8688,31300630,31293450,33380,7180,21854,12343,21852,81,0,5,2594496,1098200,21848,279552,43520,NaN,NaN
2026-04-02 17:41:44.625,53894,ESTAB,prague,224,23.715,1.514,20.037,1448,8,11584,8688,31350901,31332233,34204,7180,21890,12363,21888,83,0,5,4048000,3094568,21876,278016,43520,8,348458
2026-04-02 17:41:44.866,53894,ESTAB,prague,224,23.617,1.129,20.037,1448,8,11584,11584,31460037,31441369,34204,7180,21966,12410,21964,83,0,5,4064768,3824992,21952,278016,43520,8,239322
2026-04-02 17:41:45.107,53894,ESTAB,prague,224,22.964,1.361,20.037,1448,6,8688,8688,31559121,31543325,34204,7180,22035,12453,22033,83,0,5,3135264,2671176,22023,278016,43520,6,140238
2026-04-02 17:41:45.349,53894,ESTAB,prague,224,22.452,1.639,20.037,1448,6,8688,8688,31653897,31638101,34204,7180,22101,12496,22099,83,0,5,3206784,2867912,22089,278016,43520,6,45462
2026-04-02 17:41:45.597,53894,ESTAB,prague,224,22.733,1.497,20.037,1448,6,8688,8688,31699359,31692179,34204,7180,22133,12521,22131,83,0,5,3167088,3299880,22127,278528,43520,NaN,NaN
2026-04-02 17:41:45.847,53894,ESTAB,prague,224,22.733,1.497,20.037,1448,6,8688,8688,31699359,31692179,34204,7180,22133,12521,22131,83,0,5,3167088,3299880,22127,278528,43520,NaN,NaN
2026-04-02 17:41:46.108,53894,ESTAB,prague,224,22.733,1.497,20.037,1448,6,8688,8688,31699359,31692179,34204,7180,22133,12521,22131,83,0,5,3167088,3299880,22127,278528,43520,NaN,NaN
2026-04-02 17:41:46.357,53894,ESTAB,prague,224,22.733,1.497,20.037,1448,6,8688,8688,31699359,31692179,34204,7180,22133,12521,22131,83,0,5,3167088,3299880,22127,278528,43520,NaN,NaN
2026-04-02 17:41:46.613,53894,ESTAB,prague,224,22.862,1.812,20.037,1448,6,8688,8688,31726654,31710858,35028,7180,22153,12532,22151,85,0,5,3149184,2874440,22141,278016,43520,6,361038
2026-04-02 17:41:46.877,53894,ESTAB,prague,224,22.313,2.026,20.037,1448,6,8688,8688,31828610,31812814,35028,7180,22224,12581,22222,85,0,5,3226800,2966072,22212,278016,43520,6,259082
2026-04-02 17:41:47.124,53894,ESTAB,prague,224,23.194,2.252,20.037,1448,5,7240,7240,31916206,31901846,35028,7180,22285,12622,22283,85,0,5,2586760,2576856,22274,278016,43520,5,171486
2026-04-02 17:41:47.364,53894,ESTAB,prague,224,22.533,1.503,20.037,1448,6,8688,7240,32000930,31985134,35028,7180,22344,12659,22342,85,0,5,3195168,2868976,22332,278016,43520,6,86762
2026-04-02 17:41:47.616,53894,ESTAB,prague,224,23.377,1.734,20.037,1448,6,8688,7240,32087090,32072730,35028,7180,22404,12699,22402,85,0,5,3079824,2134216,22393,278016,43520,5,602
2026-04-02 17:41:47.862,53894,ESTAB,prague,224,23.698,1.225,20.037,1448,6,8688,7240,32087692,32080512,35028,7180,22405,12702,22403,85,0,5,3038160,3090984,22399,278528,43520,NaN,NaN
2026-04-02 17:41:48.112,53894,ESTAB,prague,224,23.698,1.225,20.037,1448,6,8688,7240,32087692,32080512,35028,7180,22405,12702,22403,85,0,5,3038160,3090984,22399,278528,43520,NaN,NaN
2026-04-02 17:41:48.366,53894,ESTAB,prague,224,23.698,1.225,20.037,1448,6,8688,7240,32087692,32080512,35028,7180,22405,12702,22403,85,0,5,3038160,3090984,22399,278528,43520,NaN,NaN
2026-04-02 17:41:48.625,53894,ESTAB,prague,224,23.505,1.29,20.037,1448,6,8688,7240,32109243,32093447,35852,7180,22421,12710,22419,87,0,5,3063120,2502160,22409,278016,43520,6,387191
2026-04-02 17:41:48.873,53894,ESTAB,prague,224,22.884,0.927,20.037,1448,8,11584,11584,32215507,32196839,35852,7180,22495,12752,22493,87,0,5,4194944,4101072,22481,278016,43520,8,280927
2026-04-02 17:41:49.128,53894,ESTAB,prague,228,24.258,2.014,20.037,1448,7,10136,10136,32328951,32313155,35852,7180,22574,12803,22572,87,0,5,3462704,3348616,22562,278016,43520,6,167483
2026-04-02 17:41:49.393,53894,ESTAB,prague,224,22.388,1.844,20.037,1448,7,10136,8688,32433779,32416547,35852,7180,22647,12853,22645,87,0,5,3751888,3596392,22634,278016,43520,7,62655
2026-04-02 17:41:49.646,53894,ESTAB,prague,224,23.255,1.874,20.037,1448,8,11584,8688,32496434,32489254,35852,7180,22691,12885,22689,87,0,5,4127936,3612256,22685,278528,43520,NaN,NaN
2026-04-02 17:41:49.880,53894,ESTAB,prague,224,23.255,1.874,20.037,1448,8,11584,8688,32496434,32489254,35852,7180,22691,12885,22689,87,0,5,4127936,3612256,22685,278528,43520,NaN,NaN
2026-04-02 17:41:50.143,53894,ESTAB,prague,224,23.255,1.874,20.037,1448,8,11584,8688,32496434,32489254,35852,7180,22691,12885,22689,87,0,5,4127936,3612256,22685,278528,43520,NaN,NaN
2026-04-02 17:41:50.415,53894,ESTAB,prague,224,23.255,1.874,20.037,1448,8,11584,8688,32496434,32489254,35852,7180,22691,12885,22689,87,0,5,4127936,3612256,22685,278528,43520,NaN,NaN
2026-04-02 17:41:50.659,53894,ESTAB,prague,224,23.213,0.915,20.037,1448,8,11584,11584,32528037,32510805,36676,7180,22714,12895,22712,89,0,5,4135488,3857656,22701,278016,43520,7,384903
2026-04-02 17:41:50.903,53894,ESTAB,prague,224,22.683,1.233,20.037,1448,8,11584,10136,32641481,32624249,36676,7180,22793,12941,22791,89,0,5,4232064,3882032,22780,278016,43520,7,271459
2026-04-02 17:41:51.148,53894,ESTAB,prague,224,22.743,0.882,20.037,1448,9,13032,13032,32767849,32747745,36676,7180,22881,12993,22879,89,0,5,4748616,4133264,22866,278016,43520,9,145091
2026-04-02 17:41:51.403,53894,ESTAB,prague,224,22.853,1.159,20.037,1448,7,10136,10136,32887037,32871241,36676,7180,22964,13048,22962,89,0,5,3675504,3123328,22952,278016,43520,6,25903
2026-04-02 17:41:51.659,53894,ESTAB,prague,224,23.162,1.854,20.037,1448,8,11584,10136,32912940,32905760,36676,7180,22983,13064,22981,89,0,5,4144640,3465000,22977,279040,43520,NaN,NaN
2026-04-02 17:41:51.908,53894,ESTAB,prague,224,23.162,1.854,20.037,1448,8,11584,10136,32912940,32905760,36676,7180,22983,13064,22981,89,0,5,4144640,3465000,22977,279040,43520,NaN,NaN
2026-04-02 17:41:52.159,53894,ESTAB,prague,224,23.162,1.854,20.037,1448,8,11584,10136,32912940,32905760,36676,7180,22983,13064,22981,89,0,5,4144640,3465000,22977,279040,43520,NaN,NaN
2026-04-02 17:41:52.410,53894,ESTAB,prague,224,23.162,1.854,20.037,1448,8,11584,10136,32912940,32905760,36676,7180,22983,13064,22981,89,0,5,4144640,3465000,22977,279040,43520,NaN,NaN
2026-04-02 17:41:52.661,53894,ESTAB,prague,224,23.502,1.717,20.037,1448,8,11584,10136,32924439,32908643,37500,7180,22992,13067,22990,91,0,5,4084608,3465000,22980,279552,43520,6,423370
2026-04-02 17:41:52.918,53894,ESTAB,prague,224,22.841,1.58,20.037,1448,9,13032,13032,33055115,33035011,37500,7180,23083,13120,23081,91,0,5,4728312,4261080,23068,278016,43520,9,292694
2026-04-02 17:41:53.166,53894,ESTAB,prague,224,22.467,1.282,20.037,1448,8,11584,10136,33181483,33162815,37500,7180,23171,13181,23169,91,0,5,4272896,3589232,23157,278016,43520,8,166326
2026-04-02 17:41:53.417,53894,ESTAB,prague,224,23.089,1.158,20.037,1448,7,10136,10136,33283439,33266207,37500,7180,23242,13225,23240,91,0,5,3637928,3593848,23229,278016,43520,7,64370
2026-04-02 17:41:53.677,53894,ESTAB,prague,224,22.536,0.91,20.037,1448,7,10136,10136,33347809,33340629,37500,7180,23287,13257,23285,91,0,5,3727304,3819000,23281,278528,43520,NaN,NaN
2026-04-02 17:41:53.936,53894,ESTAB,prague,224,22.536,0.91,20.037,1448,7,10136,10136,33347809,33340629,37500,7180,23287,13257,23285,91,0,5,3727304,3819000,23281,278528,43520,NaN,NaN
2026-04-02 17:41:54.195,53894,ESTAB,prague,224,22.536,0.91,20.037,1448,7,10136,10136,33347809,33340629,37500,7180,23287,13257,23285,91,0,5,3727304,3819000,23281,278528,43520,NaN,NaN
2026-04-02 17:41:54.454,53894,ESTAB,prague,224,22.536,0.91,20.037,1448,7,10136,10136,33347809,33340629,37500,7180,23287,13257,23285,91,0,5,3727304,3819000,23281,278528,43520,NaN,NaN
2026-04-02 17:41:54.725,53894,ESTAB,prague,224,23.344,1.437,20.037,1448,8,11584,10136,33369360,33352128,38324,7180,23303,13263,23301,93,0,5,4112384,3819000,23290,279552,43520,7,414131
2026-04-02 17:41:54.980,53894,ESTAB,prague,224,23.077,2.157,20.037,1448,7,10136,10136,33497164,33479932,38324,7180,23392,13322,23390,93,0,5,3639832,3892656,23379,278016,43520,7,286327
2026-04-02 17:41:55.248,53894,ESTAB,prague,224,22.332,1.869,20.037,1448,7,10136,8688,33614916,33599120,38324,7180,23474,13379,23472,93,0,5,3761352,2874672,23462,278016,43520,6,168575
2026-04-02 17:41:55.487,53894,ESTAB,prague,224,22.738,1.401,20.037,1448,7,10136,10136,33708256,33691024,38324,7180,23539,13419,23537,93,0,5,3694152,3082216,23526,278016,43520,7,75235
2026-04-02 17:41:55.742,53894,ESTAB,prague,224,22.808,1.654,20.037,1448,7,10136,8688,33783491,33776311,38324,7180,23592,13461,23590,93,0,5,3682784,3353232,23586,279040,43520,NaN,NaN
2026-04-02 17:41:55.998,53894,ESTAB,prague,224,22.808,1.654,20.037,1448,7,10136,8688,33783491,33776311,38324,7180,23592,13461,23590,93,0,5,3682784,3353232,23586,279040,43520,NaN,NaN
2026-04-02 17:41:56.254,53894,ESTAB,prague,224,22.808,1.654,20.037,1448,7,10136,8688,33783491,33776311,38324,7180,23592,13461,23590,93,0,5,3682784,3353232,23586,279040,43520,NaN,NaN
2026-04-02 17:41:56.514,53894,ESTAB,prague,224,22.808,1.654,20.037,1448,7,10136,8688,33783491,33776311,38324,7180,23592,13461,23590,93,0,5,3682784,3353232,23586,279040,43520,NaN,NaN
2026-04-02 17:41:56.780,53894,ESTAB,prague,224,22.721,2.109,20.037,1448,7,10136,10136,33816530,33799298,39148,7180,23616,13474,23614,95,0,5,3696896,3090576,23603,278016,43520,7,405678
2026-04-02 17:41:57.031,53894,ESTAB,prague,224,22.726,1.175,20.037,1448,8,11584,11584,33927102,33908434,39148,7180,23693,13525,23691,95,0,5,4224064,3720480,23679,278016,43520,8,295106
2026-04-02 17:41:57.277,53894,ESTAB,prague,224,22.269,1.318,20.037,1448,6,8688,8688,34030494,34014698,39148,7180,23765,13575,23763,95,0,5,3233040,3063328,23753,278016,43520,6,191714
2026-04-02 17:41:57.528,53894,ESTAB,prague,224,23.485,1.844,20.037,1448,6,8688,8688,34125270,34110910,39148,7180,23831,13617,23829,95,0,5,3065664,2586056,23820,278016,43520,5,96938
2026-04-02 17:41:57.774,53894,ESTAB,prague,224,22.979,1.489,20.037,1448,8,11584,10136,34222208,34215028,39148,7180,23899,13663,23897,95,0,5,4177536,3278176,23893,278528,43520,NaN,NaN
2026-04-02 17:41:58.030,53894,ESTAB,prague,224,22.979,1.489,20.037,1448,8,11584,10136,34222208,34215028,39148,7180,23899,13663,23897,95,0,5,4177536,3278176,23893,278528,43520,NaN,NaN
2026-04-02 17:41:58.290,53894,ESTAB,prague,224,22.979,1.489,20.037,1448,8,11584,10136,34222208,34215028,39148,7180,23899,13663,23897,95,0,5,4177536,3278176,23893,278528,43520,NaN,NaN
2026-04-02 17:41:58.541,53894,ESTAB,prague,224,22.979,1.489,20.037,1448,8,11584,10136,34222208,34215028,39148,7180,23899,13663,23897,95,0,5,4177536,3278176,23893,278528,43520,NaN,NaN
2026-04-02 17:41:58.790,53894,ESTAB,prague,224,23.186,2.229,20.037,1448,7,10136,8688,34245195,34230835,39972,7180,23916,13673,23914,97,0,5,3622864,3090440,23905,278016,43520,5,425094
2026-04-02 17:41:59.032,53894,ESTAB,prague,224,22.658,1.11,20.037,1448,8,11584,11584,34354331,34338535,39972,7180,23992,13722,23990,97,0,5,4236864,4116920,23980,278016,43520,6,315958
2026-04-02 17:41:59.280,53894,ESTAB,prague,224,23.636,1.775,20.037,1448,6,8688,8688,34463467,34447671,39972,7180,24068,13772,24066,97,0,5,3046128,2907504,24056,278016,43520,6,206822
2026-04-02 17:41:59.529,53894,ESTAB,prague,224,22.348,1.466,20.037,1448,6,8688,8688,34553935,34538139,39972,7180,24131,13815,24129,97,0,5,3221664,2870520,24119,278016,43520,6,116354
2026-04-02 17:41:59.780,53894,ESTAB,prague,224,23.669,2.607,20.037,1448,6,8688,7240,34642967,34628607,39972,7180,24193,13857,24191,97,0,5,3041904,2745016,24182,278016,43520,5,27322
2026-04-02 17:42:00.036,53894,ESTAB,prague,228,27.246,11.651,20.037,1448,6,8688,7240,34670289,34663109,39972,7180,24213,13877,24211,97,0,5,2642544,922536,24207,279552,43520,NaN,NaN
2026-04-02 17:42:00.282,53894,ESTAB,prague,228,27.246,11.651,20.037,1448,6,8688,7240,34670289,34663109,39972,7180,24213,13877,24211,97,0,5,2642544,922536,24207,279552,43520,NaN,NaN
2026-04-02 17:42:00.522,53894,ESTAB,prague,228,27.246,11.651,20.037,1448,6,8688,7240,34670289,34663109,39972,7180,24213,13877,24211,97,0,5,2642544,922536,24207,279552,43520,NaN,NaN
2026-04-02 17:42:00.775,53894,ESTAB,prague,228,25.204,7.955,20.037,1448,6,8688,7240,34673172,34665992,40380,7180,24216,13881,24214,98,0,5,2856624,1242160,24210,279040,43520,NaN,NaN
2026-04-02 17:42:01.018,53894,ESTAB,prague,224,22.259,1.052,20.037,1448,7,10136,10136,34769384,34752152,40796,7180,24283,13922,24281,99,0,5,3773728,3896024,24270,278016,43520,7,351686
2026-04-02 17:42:01.263,53894,ESTAB,prague,224,22.39,1.544,20.037,1448,8,11584,10136,34881392,34862724,40796,7180,24361,13971,24359,99,0,5,4287424,3724072,24347,278016,43520,8,239678
2026-04-02 17:42:01.522,53894,ESTAB,prague,224,23.253,1.545,20.037,1448,7,10136,10136,34999144,34981912,40796,7180,24443,14024,24441,99,0,5,3612392,3340384,24430,278016,43520,7,121926
2026-04-02 17:42:01.779,53894,ESTAB,prague,224,23.519,1.288,20.037,1448,8,11584,10136,35106844,35089612,40796,7180,24518,14068,24516,99,0,5,4081728,3544208,24505,278016,43520,7,14226
2026-04-02 17:42:02.015,53894,ESTAB,prague,224,22.842,1.371,20.037,1448,7,10136,10136,35121070,35113890,40796,7180,24528,14080,24526,99,0,5,3677408,3583880,24522,278528,43520,NaN,NaN
2026-04-02 17:42:02.247,53894,ESTAB,prague,224,22.842,1.371,20.037,1448,7,10136,10136,35121070,35113890,40796,7180,24528,14080,24526,99,0,5,3677408,3583880,24522,278528,43520,NaN,NaN
2026-04-02 17:42:02.490,53894,ESTAB,prague,224,22.842,1.371,20.037,1448,7,10136,10136,35121070,35113890,40796,7180,24528,14080,24526,99,0,5,3677408,3583880,24522,278528,43520,NaN,NaN
2026-04-02 17:42:02.731,53894,ESTAB,prague,224,22.842,1.371,20.037,1448,7,10136,10136,35121070,35113890,40796,7180,24528,14080,24526,99,0,5,3677408,3583880,24522,278528,43520,NaN,NaN
2026-04-02 17:42:02.972,53894,ESTAB,prague,224,23.951,1.863,20.037,1448,8,11584,10136,35194317,35178521,41620,7180,24580,14109,24578,101,0,5,4008000,3281424,24568,278016,43520,6,75296
2026-04-02 17:42:03.215,53894,ESTAB,prague,232,28.121,12.302,20.037,1448,9,13032,11584,35269613,35262433,41620,7180,24633,14147,24631,101,0,5,3840480,1187232,24627,279552,43520,NaN,NaN
2026-04-02 17:42:03.463,53894,ESTAB,prague,232,28.121,12.302,20.037,1448,9,13032,11584,35269613,35262433,41620,7180,24633,14147,24631,101,0,5,3840480,1187232,24627,279552,43520,NaN,NaN
2026-04-02 17:42:03.711,53894,ESTAB,prague,232,28.121,12.302,20.037,1448,9,13032,11584,35269613,35262433,41620,7180,24633,14147,24631,101,0,5,3840480,1187232,24627,279552,43520,NaN,NaN
2026-04-02 17:42:03.960,53894,ESTAB,prague,232,28.121,12.302,20.037,1448,9,13032,11584,35269613,35262433,41620,7180,24633,14147,24631,101,0,5,3840480,1187232,24627,279552,43520,NaN,NaN
2026-04-02 17:42:04.211,53894,ESTAB,prague,232,28.121,12.302,20.037,1448,9,13032,11584,35269613,35262433,41620,7180,24633,14147,24631,101,0,5,3840480,1187232,24627,279552,43520,NaN,NaN
2026-04-02 17:42:04.465,53894,ESTAB,prague,232,28.121,12.302,20.037,1448,9,13032,11584,35269613,35262433,41620,7180,24633,14147,24631,101,0,5,3840480,1187232,24627,279552,43520,NaN,NaN
2026-04-02 17:42:04.725,53894,ESTAB,prague,232,28.121,12.302,20.037,1448,9,13032,11584,35269613,35262433,41620,7180,24633,14147,24631,101,0,5,3840480,1187232,24627,279552,43520,NaN,NaN
2026-04-02 17:42:04.979,53894,ESTAB,prague,224,22.445,1.353,20.037,1448,9,13032,13032,35344296,35325628,42444,7180,24686,14180,24684,103,0,5,4811760,4474504,24672,278016,43520,8,100458
2026-04-02 17:42:05.235,53894,ESTAB,prague,224,22.729,1.925,20.037,1448,7,10136,8688,35444754,35436200,42444,7180,24756,14229,24754,103,0,5,3695552,3272928,24749,278016,43520,1,NaN
2026-04-02 17:42:05.487,53894,ESTAB,prague,228,27.746,11.477,20.037,1448,7,10136,8688,35444754,35437574,42444,7180,24756,14230,24754,103,0,5,3027416,1217624,24750,279552,43520,NaN,NaN
2026-04-02 17:42:05.729,53894,ESTAB,prague,228,27.746,11.477,20.037,1448,7,10136,8688,35444754,35437574,42444,7180,24756,14230,24754,103,0,5,3027416,1217624,24750,279552,43520,NaN,NaN
2026-04-02 17:42:05.983,53894,ESTAB,prague,228,27.746,11.477,20.037,1448,7,10136,8688,35444754,35437574,42444,7180,24756,14230,24754,103,0,5,3027416,1217624,24750,279552,43520,NaN,NaN
2026-04-02 17:42:06.248,53894,ESTAB,prague,228,27.746,11.477,20.037,1448,7,10136,8688,35444754,35437574,42444,7180,24756,14230,24754,103,0,5,3027416,1217624,24750,279552,43520,NaN,NaN
2026-04-02 17:42:06.511,53894,ESTAB,prague,228,27.746,11.477,20.037,1448,7,10136,8688,35444754,35437574,42444,7180,24756,14230,24754,103,0,5,3027416,1217624,24750,279552,43520,NaN,NaN
2026-04-02 17:42:06.779,53894,ESTAB,prague,228,27.746,11.477,20.037,1448,7,10136,8688,35444754,35437574,42444,7180,24756,14230,24754,103,0,5,3027416,1217624,24750,279552,43520,NaN,NaN
2026-04-02 17:42:07.043,53894,ESTAB,prague,224,22.68,1.426,20.037,1448,8,11584,11584,35523745,35505077,43268,7180,24812,14264,24810,105,0,5,4232704,4441928,24798,278016,43520,8,352832
2026-04-02 17:42:07.293,53894,ESTAB,prague,224,22.93,0.745,20.037,1448,10,14480,13032,35658729,35637189,43268,7180,24906,14319,24904,105,0,5,5233280,4769040,24890,278016,43520,10,217848
2026-04-02 17:42:07.542,53894,ESTAB,prague,224,22.884,1.233,20.037,1448,8,11584,11584,35793713,35776481,43268,7180,25000,14383,24998,105,0,5,4194880,4002296,24987,278016,43520,7,82864
2026-04-02 17:42:07.798,53894,ESTAB,prague,224,23.339,1.077,20.037,1448,8,11584,11584,35876577,35869397,43268,7180,25058,14423,25056,105,0,5,4113216,3869392,25052,278528,43520,NaN,NaN
2026-04-02 17:42:08.053,53894,ESTAB,prague,224,23.339,1.077,20.037,1448,8,11584,11584,35876577,35869397,43268,7180,25058,14423,25056,105,0,5,4113216,3869392,25052,278528,43520,NaN,NaN
2026-04-02 17:42:08.307,53894,ESTAB,prague,224,23.339,1.077,20.037,1448,8,11584,11584,35876577,35869397,43268,7180,25058,14423,25056,105,0,5,4113216,3869392,25052,278528,43520,NaN,NaN
2026-04-02 17:42:08.561,53894,ESTAB,prague,224,23.339,1.077,20.037,1448,8,11584,11584,35876577,35869397,43268,7180,25058,14423,25056,105,0,5,4113216,3869392,25052,278528,43520,NaN,NaN
2026-04-02 17:42:08.815,53894,ESTAB,prague,224,23.339,1.077,20.037,1448,8,11584,11584,35876577,35869397,43268,7180,25058,14423,25056,105,0,5,4113216,3869392,25052,278528,43520,NaN,NaN
2026-04-02 17:42:09.068,53894,ESTAB,prague,224,22.522,2.322,20.037,1448,7,10136,10136,35949824,35932592,44092,7180,25110,14456,25108,107,0,5,3729544,3334344,25097,278016,43520,7,386553
2026-04-02 17:42:09.326,53894,ESTAB,prague,224,23.551,2.303,20.037,1448,9,13032,11584,36070448,36051780,44092,7180,25194,14508,25192,107,0,5,4585680,3344384,25180,278016,43520,8,265929
2026-04-02 17:42:09.595,53894,ESTAB,prague,224,22.232,0.478,20.037,1448,9,13032,13032,36209740,36189636,44092,7180,25291,14568,25289,107,0,5,4857696,4645160,25276,278016,43520,9,126637
2026-04-02 17:42:09.841,53894,ESTAB,prague,224,23.294,1.043,20.037,1448,9,13032,13032,36336377,36328928,44092,7180,25380,14628,25378,107,0,5,4636296,4498056,25373,278016,43520,1,NaN
2026-04-02 17:42:10.096,53894,ESTAB,prague,232,28.856,11.906,20.037,1448,9,13032,13032,36336377,36329197,44092,7180,25380,14629,25378,107,0,5,3742632,1491304,25374,279552,43520,NaN,NaN
2026-04-02 17:42:10.354,53894,ESTAB,prague,232,28.856,11.906,20.037,1448,9,13032,13032,36336377,36329197,44092,7180,25380,14629,25378,107,0,5,3742632,1491304,25374,279552,43520,NaN,NaN
2026-04-02 17:42:10.616,53894,ESTAB,prague,232,28.856,11.906,20.037,1448,9,13032,13032,36336377,36329197,44092,7180,25380,14629,25378,107,0,5,3742632,1491304,25374,279552,43520,NaN,NaN
2026-04-02 17:42:10.877,53894,ESTAB,prague,232,28.856,11.906,20.037,1448,9,13032,13032,36336377,36329197,44092,7180,25380,14629,25378,107,0,5,3742632,1491304,25374,279552,43520,NaN,NaN
2026-04-02 17:42:11.134,53894,ESTAB,prague,224,22.687,0.833,20.037,1448,8,11584,10136,36429728,36413932,44916,7180,25446,14673,25444,109,0,5,4231424,3802128,25434,278016,48128,6,320575
2026-04-02 17:42:11.398,53894,ESTAB,prague,224,22.251,1.436,20.037,1448,7,10136,10136,36556096,36538864,44916,7180,25534,14730,25532,109,0,5,3774960,3846128,25521,278016,48128,7,194207
2026-04-02 17:42:11.654,53894,ESTAB,prague,224,23.177,1.682,20.037,1448,8,11584,10136,36666668,36649436,44916,7180,25611,14781,25609,109,0,5,4141888,3834648,25598,278016,48128,7,83635
2026-04-02 17:42:11.908,53894,ESTAB,prague,224,23.818,1.182,20.037,1448,7,10136,10136,36750303,36743123,44916,7180,25670,14824,25668,109,0,5,3526600,3128752,25664,279040,48128,NaN,NaN
2026-04-02 17:42:12.172,53894,ESTAB,prague,224,23.818,1.182,20.037,1448,7,10136,10136,36750303,36743123,44916,7180,25670,14824,25668,109,0,5,3526600,3128752,25664,279040,48128,NaN,NaN
2026-04-02 17:42:12.432,53894,ESTAB,prague,224,23.818,1.182,20.037,1448,7,10136,10136,36750303,36743123,44916,7180,25670,14824,25668,109,0,5,3526600,3128752,25664,279040,48128,NaN,NaN
2026-04-02 17:42:12.681,53894,ESTAB,prague,224,23.818,1.182,20.037,1448,7,10136,10136,36750303,36743123,44916,7180,25670,14824,25668,109,0,5,3526600,3128752,25664,279040,48128,NaN,NaN
2026-04-02 17:42:12.933,53894,ESTAB,prague,224,23.818,1.182,20.037,1448,7,10136,10136,36750303,36743123,44916,7180,25670,14824,25668,109,0,5,3526600,3128752,25664,279040,48128,NaN,NaN
2026-04-02 17:42:13.189,53894,ESTAB,prague,224,23.318,1.84,20.037,1448,7,10136,8688,36842218,36824986,45740,7180,25735,14862,25733,111,0,5,3602256,2801856,25722,278016,54272,7,323466
2026-04-02 17:42:13.438,53894,ESTAB,prague,224,22.24,1.109,20.037,1448,7,10136,10136,36951354,36934122,45740,7180,25811,14908,25809,111,0,5,3776808,3045608,25798,278016,54272,7,214330
2026-04-02 17:42:13.686,53894,ESTAB,prague,224,21.847,1.087,20.037,1448,8,11584,10136,37067670,37049002,45740,7180,25892,14958,25890,111,0,5,4394048,3998272,25878,278016,54272,8,98014
2026-04-02 17:42:13.938,53894,ESTAB,prague,224,23.702,2.415,20.037,1448,7,10136,8688,37165684,37156702,45740,7180,25961,15010,25959,111,0,5,3543848,3022040,25953,278016,54272,2,NaN
2026-04-02 17:42:14.193,53894,ESTAB,prague,224,23.395,1.901,20.037,1448,6,8688,8688,37165684,37158504,45740,7180,25961,15012,25959,111,0,5,3077424,2874560,25955,279040,54272,NaN,NaN
2026-04-02 17:42:14.449,53894,ESTAB,prague,224,23.395,1.901,20.037,1448,6,8688,8688,37165684,37158504,45740,7180,25961,15012,25959,111,0,5,3077424,2874560,25955,279040,54272,NaN,NaN
2026-04-02 17:42:14.698,53894,ESTAB,prague,224,23.395,1.901,20.037,1448,6,8688,8688,37165684,37158504,45740,7180,25961,15012,25959,111,0,5,3077424,2874560,25955,279040,54272,NaN,NaN
2026-04-02 17:42:14.946,53894,ESTAB,prague,224,23.395,1.901,20.037,1448,6,8688,8688,37165684,37158504,45740,7180,25961,15012,25959,111,0,5,3077424,2874560,25955,279040,54272,NaN,NaN
2026-04-02 17:42:15.191,53894,ESTAB,prague,224,22.802,1.62,20.037,1448,8,11584,10136,37244675,37227443,46564,7180,26017,15044,26015,113,0,5,4210048,3764880,26004,278016,59904,7,332370
2026-04-02 17:42:15.434,53894,ESTAB,prague,224,23.675,2.146,20.037,1448,7,10136,10136,37352375,37335143,46564,7180,26092,15087,26090,113,0,5,3547992,3342040,26079,278016,59904,7,224670
2026-04-02 17:42:15.687,53894,ESTAB,prague,224,22.39,2.156,20.037,1448,8,11584,10136,37464383,37448587,46564,7180,26170,15138,26168,113,0,5,4287488,3906344,26158,278016,59904,6,112662
2026-04-02 17:42:15.944,53894,ESTAB,prague,224,22.741,1.506,20.037,1448,7,10136,8688,37577045,37560595,46564,7180,26249,15189,26247,113,0,5,3693592,3351568,26236,278016,59904,7,NaN
2026-04-02 17:42:16.195,53894,ESTAB,prague,228,27.543,11.095,20.037,1448,7,10136,8688,37577045,37569865,46564,7180,26249,15194,26247,113,0,5,3049704,1226728,26243,279552,59904,NaN,NaN
2026-04-02 17:42:16.447,53894,ESTAB,prague,228,27.543,11.095,20.037,1448,7,10136,8688,37577045,37569865,46564,7180,26249,15194,26247,113,0,5,3049704,1226728,26243,279552,59904,NaN,NaN
2026-04-02 17:42:16.697,53894,ESTAB,prague,228,27.543,11.095,20.037,1448,7,10136,8688,37577045,37569865,46564,7180,26249,15194,26247,113,0,5,3049704,1226728,26243,279552,59904,NaN,NaN
2026-04-02 17:42:16.949,53894,ESTAB,prague,228,27.543,11.095,20.037,1448,7,10136,8688,37577045,37569865,46564,7180,26249,15194,26247,113,0,5,3049704,1226728,26243,279552,59904,NaN,NaN
2026-04-02 17:42:17.200,53894,ESTAB,prague,228,24.041,1.879,20.037,1448,8,11584,8688,37644548,37625880,47388,7180,26297,15222,26295,115,0,5,3993088,3340408,26283,278016,65536,8,365310
2026-04-02 17:42:17.451,53894,ESTAB,prague,224,22.652,1.084,20.037,1448,7,10136,10136,37757992,37740760,47388,7180,26376,15273,26374,115,0,5,3708152,3900144,26363,278016,65536,7,251866
2026-04-02 17:42:17.699,53894,ESTAB,prague,228,24.119,2.473,20.037,1448,7,10136,8688,37861384,37845588,47388,7180,26448,15319,26446,115,0,5,3482584,3066984,26436,278016,65536,6,148474
2026-04-02 17:42:17.940,53894,ESTAB,prague,224,22.856,2.049,20.037,1448,6,8688,7240,37956160,37941800,47388,7180,26514,15363,26512,115,0,5,3150096,3031792,26503,278016,65536,5,53698
2026-04-02 17:42:18.191,53894,ESTAB,prague,224,22.406,0.828,20.037,1448,7,10136,8688,38037142,38019910,47804,7180,26571,15398,26569,116,0,5,3748920,3086184,26558,278016,68608,7,435675
2026-04-02 17:42:18.431,53894,ESTAB,prague,224,23.379,2.594,20.037,1448,6,8688,8688,38129046,38113250,47804,7180,26635,15442,26633,116,0,5,3079632,2577200,26623,278016,68608,6,343771
2026-04-02 17:42:18.679,53894,ESTAB,prague,224,22.912,1.103,20.037,1448,6,8688,8688,38220950,38206590,47804,7180,26699,15481,26697,116,0,5,3142416,2871232,26688,278016,68608,5,251867
2026-04-02 17:42:18.930,53894,ESTAB,prague,224,22.501,1.663,20.037,1448,5,7240,7240,38309982,38295622,47804,7180,26761,15523,26759,116,0,5,2666440,2388352,26750,278016,68608,5,162835
2026-04-02 17:42:19.187,53894,ESTAB,prague,224,22.776,1.501,20.037,1448,7,10136,10136,38413374,38396142,47804,7180,26833,15569,26831,116,0,5,3687992,3562112,26820,278016,68608,7,59443
2026-04-02 17:42:19.440,53894,ESTAB,prague,224,22.721,1.987,20.037,1448,6,8688,8688,38514461,38500101,48220,7180,26904,15616,26902,117,0,5,3168864,3068608,26893,278016,71680,5,290362
2026-04-02 17:42:19.680,53894,ESTAB,prague,224,23.467,1.804,20.037,1448,6,8688,7240,38593441,38579081,48220,7180,26959,15651,26957,117,0,5,3068064,2863544,26948,278016,71680,5,263703
2026-04-02 17:42:19.927,53894,ESTAB,prague,224,22.408,0.817,20.037,1448,8,11584,10136,38705449,38688217,48220,7180,27037,15696,27035,117,0,5,4284160,3841000,27024,278016,71680,7,204375
2026-04-02 17:42:20.170,53894,ESTAB,prague,224,22.529,0.978,20.037,1448,8,11584,11584,38831817,38813149,48220,7180,27125,15753,27123,117,0,5,4261120,4637720,27111,278016,71680,8,127494
2026-04-02 17:42:20.419,53894,ESTAB,prague,224,22.236,1.362,20.037,1448,8,11584,11584,38959311,38948133,48220,7180,27214,15812,27212,117,0,5,4317248,4629072,27205,278016,71680,3,NaN
2026-04-02 17:42:20.665,53894,ESTAB,prague,228,27.513,11.201,20.037,1448,9,13032,11584,38959311,38952131,48220,7180,27214,15814,27212,117,0,5,3925368,1471776,27208,279552,71680,NaN,NaN
2026-04-02 17:42:20.922,53894,ESTAB,prague,228,27.513,11.201,20.037,1448,9,13032,11584,38959311,38952131,48220,7180,27214,15814,27212,117,0,5,3925368,1471776,27208,279552,71680,NaN,NaN
2026-04-02 17:42:21.176,53894,ESTAB,prague,224,23.98,1.427,20.037,1448,10,14480,11584,38998094,38979426,49044,7180,27242,15828,27240,119,0,5,5004000,4379168,27228,278016,77312,8,135533
2026-04-02 17:42:21.431,53894,ESTAB,prague,224,22.715,0.947,20.037,1448,8,11584,11584,39148874,39131642,49044,7180,27347,15896,27345,119,0,5,4226176,4294256,27334,278016,77312,7,5707
2026-04-02 17:42:21.680,53894,ESTAB,prague,228,24.479,2.817,20.037,1448,7,10136,8688,39172742,39165562,49044,7180,27364,15912,27362,119,0,5,3431400,2833312,27358,278528,77312,NaN,NaN
2026-04-02 17:42:21.939,53894,ESTAB,prague,224,23.605,2.165,20.037,1448,6,8688,8688,39203905,39196725,49044,7180,27386,15926,27384,119,0,5,3050112,2890576,27380,279552,77312,NaN,NaN
2026-04-02 17:42:22.190,53894,ESTAB,prague,224,23.976,1.534,20.037,1448,6,8688,7240,39240318,39233138,49044,7180,27412,15942,27410,119,0,5,3002928,2357264,27406,279552,77312,NaN,NaN
2026-04-02 17:42:22.432,53894,ESTAB,prague,224,23.976,1.534,20.037,1448,6,8688,7240,39240318,39233138,49044,7180,27412,15942,27410,119,0,5,3002928,2357264,27406,279552,77312,NaN,NaN
2026-04-02 17:42:22.662,53894,ESTAB,prague,224,23.976,1.534,20.037,1448,6,8688,7240,39240318,39233138,49044,7180,27412,15942,27410,119,0,5,3002928,2357264,27406,279552,77312,NaN,NaN
2026-04-02 17:42:22.910,53894,ESTAB,prague,224,23.976,1.534,20.037,1448,6,8688,7240,39240318,39233138,49044,7180,27412,15942,27410,119,0,5,3002928,2357264,27406,279552,77312,NaN,NaN
2026-04-02 17:42:23.167,53894,ESTAB,prague,224,22.981,1.635,20.037,1448,6,8688,7240,39251817,39236021,49868,7180,27421,15947,27419,121,0,5,3132912,2357264,27409,279552,82944,6,193914
2026-04-02 17:42:23.419,53894,ESTAB,prague,224,22.858,1.269,20.037,1448,9,13032,13032,39379621,39359517,49868,7180,27510,15997,27508,121,0,5,4724640,4468056,27495,278016,82944,9,104707
2026-04-02 17:42:23.674,53894,ESTAB,prague,224,22.48,1.562,20.037,1448,9,13032,11584,39507425,39490193,49868,7180,27599,16057,27597,121,0,5,4804128,3845624,27586,278016,82944,7,18345
2026-04-02 17:42:23.928,53894,ESTAB,prague,228,27.62,11.679,20.037,1448,9,13032,11584,39565287,39558107,49868,7180,27640,16091,27638,121,0,5,3910104,1577888,27634,279552,82944,NaN,NaN
2026-04-02 17:42:24.182,53894,ESTAB,prague,224,22.825,1.773,20.037,1448,8,11584,11584,39594402,39587222,49868,7180,27661,16106,27659,121,0,5,4205760,3977848,27655,279040,82944,NaN,NaN
2026-04-02 17:42:24.444,53894,ESTAB,prague,224,22.825,1.773,20.037,1448,8,11584,11584,39594402,39587222,49868,7180,27661,16106,27659,121,0,5,4205760,3977848,27655,279040,82944,NaN,NaN
2026-04-02 17:42:24.687,53894,ESTAB,prague,224,22.825,1.773,20.037,1448,8,11584,11584,39594402,39587222,49868,7180,27661,16106,27659,121,0,5,4205760,3977848,27655,279040,82944,NaN,NaN
2026-04-02 17:42:24.927,53894,ESTAB,prague,224,22.825,1.773,20.037,1448,8,11584,11584,39594402,39587222,49868,7180,27661,16106,27659,121,0,5,4205760,3977848,27655,279040,82944,NaN,NaN
2026-04-02 17:42:25.170,53894,ESTAB,prague,224,22.825,1.773,20.037,1448,8,11584,11584,39597285,39587222,50276,7180,27664,16107,27662,122,0,5,4205760,3977848,27655,279552,86016,3,NaN
2026-04-02 17:42:25.409,53894,ESTAB,prague,224,22.822,0.589,20.037,1448,10,14480,13032,39726525,39704985,50692,7180,27754,16158,27752,123,0,5,5257920,4626608,27738,278016,89088,10,179959
2026-04-02 17:42:25.661,53894,ESTAB,prague,224,22.675,1.404,20.037,1448,7,10136,10136,39844277,39827045,50692,7180,27836,16217,27834,123,0,5,3704400,3342656,27823,278016,89088,7,118368
2026-04-02 17:42:25.914,53894,ESTAB,prague,224,22.442,1.002,20.037,1448,7,10136,8688,39946233,39929001,50692,7180,27907,16259,27905,123,0,5,3742816,3192496,27894,278016,89088,7,40504
2026-04-02 17:42:26.174,53894,ESTAB,prague,224,22.936,1.457,20.037,1448,6,8688,8688,40015457,40008277,50692,7180,27956,16294,27954,123,0,5,3139056,3086864,27950,279040,89088,NaN,NaN
2026-04-02 17:42:26.438,53894,ESTAB,prague,224,22.936,1.457,20.037,1448,6,8688,8688,40015457,40008277,50692,7180,27956,16294,27954,123,0,5,3139056,3086864,27950,279040,89088,NaN,NaN
2026-04-02 17:42:26.697,53894,ESTAB,prague,224,22.936,1.457,20.037,1448,6,8688,8688,40015457,40008277,50692,7180,27956,16294,27954,123,0,5,3139056,3086864,27950,279040,89088,NaN,NaN
2026-04-02 17:42:26.947,53894,ESTAB,prague,224,22.936,1.457,20.037,1448,6,8688,8688,40015457,40008277,50692,7180,27956,16294,27954,123,0,5,3139056,3086864,27950,279040,89088,NaN,NaN
2026-04-02 17:42:27.199,53894,ESTAB,prague,224,22.936,1.457,20.037,1448,6,8688,8688,40018340,40008277,51100,7180,27959,16295,27957,124,0,5,3139056,3086864,27950,279552,91648,3,NaN
2026-04-02 17:42:27.447,53894,ESTAB,prague,224,23.268,1.921,20.037,1448,6,8688,7240,40095884,40080088,51516,7180,28013,16327,28011,125,0,5,3094272,2388744,28001,278016,94720,6,104310
2026-04-02 17:42:27.712,53894,ESTAB,prague,224,22.973,0.942,20.037,1448,7,10136,10136,40200712,40183480,51516,7180,28086,16373,28084,125,0,5,3656296,3348944,28073,278016,94720,7,57034
2026-04-02 17:42:27.973,53894,ESTAB,prague,228,27.029,10.808,20.037,1448,8,11584,10136,40281892,40274712,51516,7180,28143,16415,28141,125,0,5,3551680,1265928,28137,279552,94720,NaN,NaN
2026-04-02 17:42:28.224,53894,ESTAB,prague,224,23.403,1.673,20.037,1448,6,8688,8688,40327982,40320802,51516,7180,28176,16436,28174,125,0,5,3076416,2560792,28170,279552,94720,NaN,NaN
2026-04-02 17:42:28.469,53894,ESTAB,prague,224,23.403,1.673,20.037,1448,6,8688,8688,40327982,40320802,51516,7180,28176,16436,28174,125,0,5,3076416,2560792,28170,279552,94720,NaN,NaN
2026-04-02 17:42:28.714,53894,ESTAB,prague,224,23.403,1.673,20.037,1448,6,8688,8688,40327982,40320802,51516,7180,28176,16436,28174,125,0,5,3076416,2560792,28170,279552,94720,NaN,NaN
2026-04-02 17:42:28.973,53894,ESTAB,prague,224,23.403,1.673,20.037,1448,6,8688,8688,40327982,40320802,51516,7180,28176,16436,28174,125,0,5,3076416,2560792,28170,279552,94720,NaN,NaN
2026-04-02 17:42:29.238,53894,ESTAB,prague,224,23.403,1.673,20.037,1448,6,8688,8688,40330865,40320802,51924,7180,28179,16437,28177,126,0,5,3076416,2560792,28170,279552,97280,3,NaN
2026-04-02 17:42:29.480,53894,ESTAB,prague,224,23.235,1.271,20.037,1448,8,11584,11584,40428513,40411281,52340,7180,28247,16477,28245,127,0,5,4131584,4114544,28234,278016,100352,7,208052
2026-04-02 17:42:29.723,53894,ESTAB,prague,224,23.127,2.414,20.037,1448,9,13032,13032,40562061,40543393,52340,7180,28340,16534,28338,127,0,5,4669848,4118384,28326,278016,100352,8,130442
2026-04-02 17:42:29.971,53894,ESTAB,prague,224,22.642,1.919,20.037,1448,6,8688,8688,40672633,40656837,52340,7180,28417,16587,28415,127,0,5,3179904,3109520,28405,278016,100352,6,63117
2026-04-02 17:42:30.219,53894,ESTAB,prague,224,23.155,1.93,20.037,1448,6,8688,7240,40767409,40753049,52340,7180,28483,16631,28481,127,0,5,3109392,2559208,28472,278016,100352,5,17253
2026-04-02 17:42:30.452,53894,ESTAB,prague,224,23.326,3.26,20.037,1448,6,8688,7240,40784662,40777482,52340,7180,28496,16644,28494,127,0,5,3086640,3050960,28490,279040,100352,NaN,NaN
2026-04-02 17:42:30.694,53894,ESTAB,prague,224,23.326,3.26,20.037,1448,6,8688,7240,40784662,40777482,52340,7180,28496,16644,28494,127,0,5,3086640,3050960,28490,279040,100352,NaN,NaN
2026-04-02 17:42:30.941,53894,ESTAB,prague,224,23.326,3.26,20.037,1448,6,8688,7240,40784662,40777482,52340,7180,28496,16644,28494,127,0,5,3086640,3050960,28490,279040,100352,NaN,NaN
2026-04-02 17:42:31.211,53894,ESTAB,prague,224,23.326,3.26,20.037,1448,6,8688,7240,40784662,40777482,52340,7180,28496,16644,28494,127,0,5,3086640,3050960,28490,279040,100352,NaN,NaN
2026-04-02 17:42:31.465,53894,ESTAB,prague,228,24.228,3.459,20.037,1448,6,8688,7240,40840677,40826317,53164,7180,28536,16670,28534,129,0,5,2971680,2345888,28525,278016,105984,5,247407
2026-04-02 17:42:31.716,53894,ESTAB,prague,224,23.413,2.094,20.037,1448,6,8688,8688,40936889,40921093,53164,7180,28603,16711,28601,129,0,5,3075120,3611936,28591,278016,105984,6,212322
2026-04-02 17:42:31.967,53894,ESTAB,prague,224,22.258,1.443,20.037,1448,7,10136,8688,41035973,41018741,53164,7180,28672,16757,28670,129,0,5,3773728,3612256,28659,278016,105984,7,177288
2026-04-02 17:42:32.207,53894,ESTAB,prague,224,23.065,1.536,20.037,1448,6,8688,8688,41126441,41110645,53164,7180,28735,16798,28733,129,0,5,3121536,2761512,28723,278016,105984,6,137063
2026-04-02 17:42:32.456,53894,ESTAB,prague,224,22.605,1.585,20.037,1448,8,11584,11584,41251373,41234141,53164,7180,28822,16855,28820,129,0,5,4246656,4450032,28809,278016,105984,7,12131
2026-04-02 17:42:32.686,53894,ESTAB,prague,224,22.758,1.55,20.037,1448,8,11584,11584,41263504,41256324,53164,7180,28831,16866,28829,129,0,5,4218176,3907848,28825,278528,105984,NaN,NaN
2026-04-02 17:42:32.924,53894,ESTAB,prague,224,22.758,1.55,20.037,1448,8,11584,11584,41263504,41256324,53164,7180,28831,16866,28829,129,0,5,4218176,3907848,28825,278528,105984,NaN,NaN
2026-04-02 17:42:33.172,53894,ESTAB,prague,224,22.758,1.55,20.037,1448,8,11584,11584,41263504,41256324,53164,7180,28831,16866,28829,129,0,5,4218176,3907848,28825,278528,105984,NaN,NaN
2026-04-02 17:42:33.427,53894,ESTAB,prague,224,22.596,0.977,20.037,1448,9,13032,11584,41320955,41303723,53988,7180,28872,16889,28870,131,0,5,4779432,4124984,28859,278016,112128,7,265256
2026-04-02 17:42:33.691,53894,ESTAB,prague,224,21.936,0.576,20.037,1448,9,13032,13032,41458811,41438707,53988,7180,28968,16950,28966,131,0,5,4923288,4646400,28953,278016,112128,9,170884
2026-04-02 17:42:33.953,53894,ESTAB,prague,224,23.404,1.417,20.037,1448,7,10136,10136,41579435,41562203,53988,7180,29052,17007,29050,131,0,5,3589096,3956280,29039,278016,112128,7,106940
2026-04-02 17:42:34.213,53894,ESTAB,prague,224,22.427,1.401,20.037,1448,6,8688,8688,41684263,41668467,53988,7180,29125,17057,29123,131,0,5,3210384,2867792,29113,278016,112128,6,41141
2026-04-02 17:42:34.462,53894,ESTAB,prague,224,22.665,1.338,20.037,1448,7,10136,8688,41725404,41718224,53988,7180,29154,17078,29152,131,0,5,3706024,3108544,29148,278528,112128,NaN,NaN
2026-04-02 17:42:34.704,53894,ESTAB,prague,224,22.665,1.338,20.037,1448,7,10136,8688,41725404,41718224,53988,7180,29154,17078,29152,131,0,5,3706024,3108544,29148,278528,112128,NaN,NaN
2026-04-02 17:42:34.969,53894,ESTAB,prague,224,22.665,1.338,20.037,1448,7,10136,8688,41725404,41718224,53988,7180,29154,17078,29152,131,0,5,3706024,3108544,29148,278528,112128,NaN,NaN
2026-04-02 17:42:35.223,53894,ESTAB,prague,224,22.665,1.338,20.037,1448,7,10136,8688,41725404,41718224,53988,7180,29154,17078,29152,131,0,5,3706024,3108544,29148,278528,112128,NaN,NaN
2026-04-02 17:42:35.456,53894,ESTAB,prague,224,23.436,2.304,20.037,1448,6,8688,8688,41768495,41752699,54812,7180,29185,17096,29183,133,0,5,3072192,3004272,29173,278016,117760,6,254063
2026-04-02 17:42:35.700,53894,ESTAB,prague,224,22.914,1.496,20.037,1448,7,10136,8688,41858963,41841731,54812,7180,29248,17134,29246,133,0,5,3665816,3069960,29235,278016,117760,7,209038
2026-04-02 17:42:35.954,53894,ESTAB,prague,224,21.869,1.054,20.037,1448,8,11584,10136,41969535,41950867,54812,7180,29325,17187,29323,133,0,5,4389696,3338808,29311,278016,117760,8,133139
2026-04-02 17:42:36.209,53894,ESTAB,prague,224,22.34,0.775,20.037,1448,7,10136,10136,42085851,42068619,54812,7180,29406,17238,29404,133,0,5,3760064,3089472,29393,278016,117760,7,50249
2026-04-02 17:42:36.456,53894,ESTAB,prague,224,23.037,1.592,20.037,1448,7,10136,10136,42136100,42128920,54812,7180,29441,17264,29439,133,0,5,3646160,3651664,29435,278528,117760,NaN,NaN
2026-04-02 17:42:36.691,53894,ESTAB,prague,224,23.037,1.592,20.037,1448,7,10136,10136,42136100,42128920,54812,7180,29441,17264,29439,133,0,5,3646160,3651664,29435,278528,117760,NaN,NaN
2026-04-02 17:42:36.931,53894,ESTAB,prague,224,23.037,1.592,20.037,1448,7,10136,10136,42136100,42128920,54812,7180,29441,17264,29439,133,0,5,3646160,3651664,29435,278528,117760,NaN,NaN
2026-04-02 17:42:37.186,53894,ESTAB,prague,224,23.037,1.592,20.037,1448,7,10136,10136,42136100,42128920,54812,7180,29441,17264,29439,133,0,5,3646160,3651664,29435,278528,117760,NaN,NaN
2026-04-02 17:42:37.445,53894,ESTAB,prague,224,23.643,1.535,20.037,1448,7,10136,10136,42159087,42141855,55636,7180,29458,17271,29456,135,0,5,3552808,3651664,29445,278016,123392,7,268093
2026-04-02 17:42:37.685,53894,ESTAB,prague,224,22.363,1.106,20.037,1448,9,13032,11584,42272531,42253863,55636,7180,29537,17319,29535,135,0,5,4829400,4394120,29523,278016,123392,8,202536
2026-04-02 17:42:37.945,53894,ESTAB,prague,224,23.388,2.788,20.037,1448,6,8688,8688,42391719,42375923,55636,7180,29620,17378,29618,135,0,5,3078432,3344912,29608,278016,123392,6,118500
2026-04-02 17:42:38.193,53894,ESTAB,prague,224,23.329,2.115,20.037,1448,6,8688,8688,42485059,42470699,55636,7180,29685,17420,29683,135,0,5,3086160,3089608,29674,278016,123392,5,58998
2026-04-02 17:42:38.441,53894,ESTAB,prague,224,22.709,1.217,20.037,1448,8,11584,10136,42544057,42536877,55636,7180,29727,17449,29725,135,0,5,4227328,3324232,29721,279040,123392,NaN,NaN
2026-04-02 17:42:38.688,53894,ESTAB,prague,224,22.709,1.217,20.037,1448,8,11584,10136,42544057,42536877,55636,7180,29727,17449,29725,135,0,5,4227328,3324232,29721,279040,123392,NaN,NaN
2026-04-02 17:42:38.939,53894,ESTAB,prague,224,22.709,1.217,20.037,1448,8,11584,10136,42544057,42536877,55636,7180,29727,17449,29725,135,0,5,4227328,3324232,29721,279040,123392,NaN,NaN
2026-04-02 17:42:39.197,53894,ESTAB,prague,224,22.709,1.217,20.037,1448,8,11584,10136,42544057,42536877,55636,7180,29727,17449,29725,135,0,5,4227328,3324232,29721,279040,123392,NaN,NaN
2026-04-02 17:42:39.455,53894,ESTAB,prague,224,22.688,1.018,20.037,1448,8,11584,10136,42559864,42542632,56460,7180,29739,17454,29737,137,0,5,4231232,3324232,29726,279552,129536,7,270197
2026-04-02 17:42:39.706,53894,ESTAB,prague,224,23.063,1.863,20.037,1448,7,10136,10136,42670436,42654640,56460,7180,29816,17503,29814,137,0,5,3642128,3340008,29804,278016,129536,6,201498
2026-04-02 17:42:39.952,53894,ESTAB,prague,224,23.855,1.639,20.037,1448,8,11584,8688,42779572,42760904,56460,7180,29892,17549,29890,137,0,5,4024192,3347488,29878,278016,129536,8,143689
2026-04-02 17:42:40.198,53894,ESTAB,prague,224,23.033,1.377,20.037,1448,7,10136,10136,42900196,42882964,56460,7180,29976,17604,29974,137,0,5,3646832,4059216,29963,278016,129536,7,46937
2026-04-02 17:42:40.450,53894,ESTAB,prague,224,22.768,1.374,20.037,1448,8,11584,10136,42947133,42939953,56460,7180,30009,17628,30007,137,0,5,4216256,4095088,30003,278528,129536,NaN,NaN
2026-04-02 17:42:40.707,53894,ESTAB,prague,224,22.768,1.374,20.037,1448,8,11584,10136,42947133,42939953,56460,7180,30009,17628,30007,137,0,5,4216256,4095088,30003,278528,129536,NaN,NaN
2026-04-02 17:42:40.974,53894,ESTAB,prague,224,22.768,1.374,20.037,1448,8,11584,10136,42947133,42939953,56460,7180,30009,17628,30007,137,0,5,4216256,4095088,30003,278528,129536,NaN,NaN
2026-04-02 17:42:41.233,53894,ESTAB,prague,224,22.768,1.374,20.037,1448,8,11584,10136,42947133,42939953,56460,7180,30009,17628,30007,137,0,5,4216256,4095088,30003,278528,129536,NaN,NaN
2026-04-02 17:42:41.490,53894,ESTAB,prague,224,23.121,1.526,20.037,1448,8,11584,10136,42964376,42945708,57284,7180,30022,17632,30020,139,0,5,4152064,4095088,30008,279552,135168,8,273127
2026-04-02 17:42:41.745,53894,ESTAB,prague,224,22.889,2.24,20.037,1448,9,13032,11584,43095052,43074948,57284,7180,30113,17688,30111,139,0,5,4718304,3547616,30098,278016,135168,9,190830
2026-04-02 17:42:42.003,53894,ESTAB,prague,224,22.802,1.387,20.037,1448,8,11584,10136,43209932,43192700,57284,7180,30193,17740,30191,139,0,5,4209984,3744712,30180,278016,135168,7,112012
2026-04-02 17:42:42.259,53894,ESTAB,prague,224,22.785,1.324,20.037,1448,6,8688,8688,43316196,43300400,57284,7180,30267,17788,30265,139,0,5,3159840,3335760,30255,278016,135168,6,40413
2026-04-02 17:42:42.496,53894,ESTAB,prague,228,27.96,11.289,20.037,1448,7,10136,8688,43356609,43349429,57284,7180,30296,17813,30294,139,0,5,3004232,1065696,30290,279552,135168,NaN,NaN
2026-04-02 17:42:42.734,53894,ESTAB,prague,228,27.96,11.289,20.037,1448,7,10136,8688,43356609,43349429,57284,7180,30296,17813,30294,139,0,5,3004232,1065696,30290,279552,135168,NaN,NaN
2026-04-02 17:42:42.993,53894,ESTAB,prague,228,27.96,11.289,20.037,1448,7,10136,8688,43356609,43349429,57284,7180,30296,17813,30294,139,0,5,3004232,1065696,30290,279552,135168,NaN,NaN
2026-04-02 17:42:43.230,53894,ESTAB,prague,228,27.96,11.289,20.037,1448,7,10136,8688,43356609,43349429,57284,7180,30296,17813,30294,139,0,5,3004232,1065696,30290,279552,135168,NaN,NaN
2026-04-02 17:42:43.476,53894,ESTAB,prague,228,27.96,11.289,20.037,1448,7,10136,8688,43359492,43349429,57692,7180,30299,17814,30297,140,0,5,3004232,1065696,30290,279552,138240,3,NaN
2026-04-02 17:42:43.720,53894,ESTAB,prague,224,22.264,1.791,20.037,1448,8,11584,11584,43475808,43458576,58108,7180,30380,17867,30378,141,0,5,4311680,4090752,30367,278016,140800,7,223184
2026-04-02 17:42:43.979,53894,ESTAB,prague,224,22.498,1.886,20.037,1448,8,11584,10136,43589252,43573456,58108,7180,30459,17919,30457,141,0,5,4266944,3810832,30447,278016,140800,6,145276
2026-04-02 17:42:44.233,53894,ESTAB,prague,224,23.116,1.477,20.037,1448,8,11584,11584,43711312,43692644,58108,7180,30544,17971,30542,141,0,5,4152768,3824520,30530,278016,140800,8,58693
2026-04-02 17:42:44.492,53894,ESTAB,prague,224,23.098,1.097,20.037,1448,9,13032,11584,43770005,43762825,58108,7180,30585,18001,30583,141,0,5,4675536,3799744,30579,278528,140800,NaN,NaN
2026-04-02 17:42:44.736,53894,ESTAB,prague,224,23.098,1.097,20.037,1448,9,13032,11584,43770005,43762825,58108,7180,30585,18001,30583,141,0,5,4675536,3799744,30579,278528,140800,NaN,NaN
2026-04-02 17:42:44.983,53894,ESTAB,prague,224,23.098,1.097,20.037,1448,9,13032,11584,43770005,43762825,58108,7180,30585,18001,30583,141,0,5,4675536,3799744,30579,278528,140800,NaN,NaN
2026-04-02 17:42:45.244,53894,ESTAB,prague,224,23.098,1.097,20.037,1448,9,13032,11584,43770005,43762825,58108,7180,30585,18001,30583,141,0,5,4675536,3799744,30579,278528,140800,NaN,NaN
2026-04-02 17:42:45.490,53894,ESTAB,prague,224,23.098,1.097,20.037,1448,9,13032,11584,43770005,43762825,58108,7180,30585,18001,30583,141,0,5,4675536,3799744,30579,278528,140800,NaN,NaN
2026-04-02 17:42:45.741,53894,ESTAB,prague,224,22.735,0.874,20.037,1448,8,11584,11584,43892076,43874844,58932,7180,30671,18050,30669,143,0,5,4222464,4250808,30658,278016,146944,7,204316
2026-04-02 17:42:45.996,53894,ESTAB,prague,224,22.799,1.575,20.037,1448,7,10136,8688,43998340,43981108,58932,7180,30745,18097,30743,143,0,5,3684296,3086728,30732,278016,146944,7,154487
2026-04-02 17:42:46.247,53894,ESTAB,prague,224,22.959,1.457,20.037,1448,6,8688,8688,44091680,44075884,58932,7180,30810,18141,30808,143,0,5,3135888,3086048,30798,278016,146944,6,113574
2026-04-02 17:42:46.493,53894,ESTAB,prague,224,23.715,2.26,20.037,1448,5,7240,7240,44169224,44154864,58932,7180,30864,18175,30862,143,0,5,2529920,2224160,30853,278016,146944,5,36030
2026-04-02 17:42:46.742,53894,ESTAB,prague,224,23.922,1.084,20.037,1448,7,10136,7240,44205254,44198074,58932,7180,30890,18195,30888,143,0,5,3511368,2867792,30884,279040,146944,NaN,NaN
2026-04-02 17:42:46.983,53894,ESTAB,prague,224,23.922,1.084,20.037,1448,7,10136,7240,44205254,44198074,58932,7180,30890,18195,30888,143,0,5,3511368,2867792,30884,279040,146944,NaN,NaN
2026-04-02 17:42:47.227,53894,ESTAB,prague,224,23.922,1.084,20.037,1448,7,10136,7240,44205254,44198074,58932,7180,30890,18195,30888,143,0,5,3511368,2867792,30884,279040,146944,NaN,NaN
2026-04-02 17:42:47.483,53894,ESTAB,prague,224,23.922,1.084,20.037,1448,7,10136,7240,44205254,44198074,58932,7180,30890,18195,30888,143,0,5,3511368,2867792,30884,279040,146944,NaN,NaN
2026-04-02 17:42:47.750,53894,ESTAB,prague,224,23.671,1.089,20.037,1448,9,13032,10136,44289989,44271321,59756,7180,30950,18227,30948,145,0,5,4562352,3870360,30936,278016,152576,8,316965
2026-04-02 17:42:47.992,53894,ESTAB,prague,224,22.351,1.729,20.037,1448,8,11584,11584,44412049,44393381,59756,7180,31035,18281,31033,145,0,5,4294976,4124984,31021,278016,152576,8,254441
2026-04-02 17:42:48.252,53894,ESTAB,prague,224,23.284,2.092,20.037,1448,7,10136,8688,44518313,44501081,59756,7180,31109,18329,31107,145,0,5,3607576,3083440,31096,278016,152576,7,203738
2026-04-02 17:42:48.497,53894,ESTAB,prague,228,24.122,2.524,20.037,1448,7,10136,8688,44621705,44605909,59756,7180,31181,18378,31179,145,0,5,3482248,3339768,31169,278016,152576,6,100346
2026-04-02 17:42:48.758,53894,ESTAB,prague,228,24.081,1.318,20.037,1448,8,11584,11584,44722051,44714871,59756,7180,31251,18425,31249,145,0,5,3986496,3714344,31245,278528,152576,NaN,NaN
2026-04-02 17:42:49.009,53894,ESTAB,prague,228,24.081,1.318,20.037,1448,8,11584,11584,44722051,44714871,59756,7180,31251,18425,31249,145,0,5,3986496,3714344,31245,278528,152576,NaN,NaN
2026-04-02 17:42:49.261,53894,ESTAB,prague,228,24.081,1.318,20.037,1448,8,11584,11584,44722051,44714871,59756,7180,31251,18425,31249,145,0,5,3986496,3714344,31245,278528,152576,NaN,NaN
2026-04-02 17:42:49.511,53894,ESTAB,prague,228,24.081,1.318,20.037,1448,8,11584,11584,44722051,44714871,59756,7180,31251,18425,31249,145,0,5,3986496,3714344,31245,278528,152576,NaN,NaN
2026-04-02 17:42:49.758,53894,ESTAB,prague,224,22.92,1.067,20.037,1448,10,14480,13032,44812530,44792426,60580,7180,31315,18460,31313,147,0,5,5235520,5022928,31300,278016,158208,9,277789
2026-04-02 17:42:50.020,53894,ESTAB,prague,224,23.826,2.936,20.037,1448,6,8688,8688,44936026,44921666,60580,7180,31401,18523,31399,147,0,5,3021840,3340248,31390,278016,158208,5,228234
2026-04-02 17:42:50.275,53894,ESTAB,prague,224,22.976,2.185,20.037,1448,7,10136,8688,45043726,45026494,60580,7180,31476,18573,31474,147,0,5,3655848,3336560,31463,278016,158208,7,120534
2026-04-02 17:42:50.511,53894,ESTAB,prague,224,23.644,1.439,20.037,1448,7,10136,8688,45129886,45115526,60580,7180,31536,18613,31534,147,0,5,3552584,2823184,31525,278016,158208,5,34374
2026-04-02 17:42:50.763,53894,ESTAB,prague,224,23.31,0.896,20.037,1448,8,11584,11584,45164260,45157080,60580,7180,31560,18629,31558,147,0,5,4118336,4300456,31554,278528,158208,NaN,NaN
2026-04-02 17:42:51.021,53894,ESTAB,prague,224,23.31,0.896,20.037,1448,8,11584,11584,45164260,45157080,60580,7180,31560,18629,31558,147,0,5,4118336,4300456,31554,278528,158208,NaN,NaN
2026-04-02 17:42:51.271,53894,ESTAB,prague,224,23.31,0.896,20.037,1448,8,11584,11584,45164260,45157080,60580,7180,31560,18629,31558,147,0,5,4118336,4300456,31554,278528,158208,NaN,NaN
2026-04-02 17:42:51.506,53894,ESTAB,prague,224,23.31,0.896,20.037,1448,8,11584,11584,45164260,45157080,60580,7180,31560,18629,31558,147,0,5,4118336,4300456,31554,278528,158208,NaN,NaN
2026-04-02 17:42:51.752,53894,ESTAB,prague,224,22.072,1.064,20.037,1448,8,11584,11584,45234635,45215967,61404,7180,31610,18657,31608,149,0,5,4349376,4315760,31596,278016,164352,8,274905
2026-04-02 17:42:51.995,53894,ESTAB,prague,224,22.309,0.905,20.037,1448,8,11584,10136,45350951,45332283,61404,7180,31691,18711,31689,149,0,5,4302976,3546376,31677,278016,164352,8,219235
2026-04-02 17:42:52.253,53894,ESTAB,prague,224,23.248,2.056,20.037,1448,7,10136,8688,45458651,45442855,61404,7180,31766,18762,31764,149,0,5,3613176,3325704,31754,278016,164352,6,146261
2026-04-02 17:42:52.492,53894,ESTAB,prague,224,22.091,1.785,20.037,1448,6,8688,8688,45566351,45550555,61404,7180,31841,18814,31839,149,0,5,3259104,3461600,31829,278016,164352,6,38561
2026-04-02 17:42:52.740,53894,ESTAB,prague,224,23.257,1.628,20.037,1448,6,8688,7240,45604912,45597732,61404,7180,31868,18835,31866,149,0,5,3095712,2793072,31862,278528,164352,NaN,NaN
2026-04-02 17:42:52.980,53894,ESTAB,prague,224,23.257,1.628,20.037,1448,6,8688,7240,45604912,45597732,61404,7180,31868,18835,31866,149,0,5,3095712,2793072,31862,278528,164352,NaN,NaN
2026-04-02 17:42:53.228,53894,ESTAB,prague,224,23.257,1.628,20.037,1448,6,8688,7240,45604912,45597732,61404,7180,31868,18835,31866,149,0,5,3095712,2793072,31862,278528,164352,NaN,NaN
2026-04-02 17:42:53.486,53894,ESTAB,prague,224,23.257,1.628,20.037,1448,6,8688,7240,45604912,45597732,61404,7180,31868,18835,31866,149,0,5,3095712,2793072,31862,278528,164352,NaN,NaN
2026-04-02 17:42:53.748,53894,ESTAB,prague,228,24.147,2.821,20.037,1448,6,8688,7240,45633643,45619283,62228,7180,31889,18847,31887,151,0,5,2981712,2588600,31878,278016,169984,5,307747
2026-04-02 17:42:54.016,53894,ESTAB,prague,224,23.216,1.542,20.037,1448,7,10136,10136,45752831,45735599,62228,7180,31972,18898,31970,151,0,5,3618048,3831160,31959,278016,169984,7,267918
2026-04-02 17:42:54.283,53894,ESTAB,prague,224,23.498,1.843,20.037,1448,7,10136,8688,45866275,45849043,62228,7180,32051,18951,32049,151,0,5,3574648,2793072,32038,278016,169984,7,154474
2026-04-02 17:42:54.527,53894,ESTAB,prague,224,22.643,1.258,20.037,1448,7,10136,8688,45968231,45952435,62228,7180,32122,18997,32120,151,0,5,3709608,3347424,32110,278016,169984,6,52518
2026-04-02 17:42:54.769,53894,ESTAB,prague,224,23.666,2.092,20.037,1448,6,8688,7240,46020749,46013569,62228,7180,32159,19027,32157,151,0,5,3042288,2962528,32153,278528,169984,NaN,NaN
2026-04-02 17:42:55.015,53894,ESTAB,prague,224,23.666,2.092,20.037,1448,6,8688,7240,46020749,46013569,62228,7180,32159,19027,32157,151,0,5,3042288,2962528,32153,278528,169984,NaN,NaN
2026-04-02 17:42:55.268,53894,ESTAB,prague,224,23.666,2.092,20.037,1448,6,8688,7240,46020749,46013569,62228,7180,32159,19027,32157,151,0,5,3042288,2962528,32153,278528,169984,NaN,NaN
2026-04-02 17:42:55.519,53894,ESTAB,prague,224,23.666,2.092,20.037,1448,6,8688,7240,46020749,46013569,62228,7180,32159,19027,32157,151,0,5,3042288,2962528,32153,278528,169984,NaN,NaN
2026-04-02 17:42:55.751,53894,ESTAB,prague,224,23.674,1.684,20.037,1448,7,10136,7240,46043736,46027940,63052,7180,32176,19035,32174,153,0,5,3548104,3063872,32164,279552,175616,6,361995
2026-04-02 17:42:56.000,53894,ESTAB,prague,224,22.083,1.052,20.037,1448,8,11584,11584,46161488,46145692,63052,7180,32258,19090,32256,153,0,5,4347072,4154448,32246,278016,175616,6,309302
2026-04-02 17:42:56.258,53894,ESTAB,prague,224,22.6,1.162,20.037,1448,6,8688,8688,46272060,46256264,63052,7180,32335,19141,32333,153,0,5,3185712,3598632,32323,278016,175616,6,218321
2026-04-02 17:42:56.516,53894,ESTAB,prague,224,23.548,1.481,20.037,1448,7,10136,10136,46365400,46348168,63052,7180,32400,19181,32398,153,0,5,3567144,3145872,32387,278016,175616,7,124981
2026-04-02 17:42:56.775,53894,ESTAB,prague,224,22.821,2.048,20.037,1448,6,8688,8688,46471664,46455868,63052,7180,32474,19232,32472,153,0,5,3154896,2785016,32462,278016,175616,6,18717
2026-04-02 17:42:57.018,53894,ESTAB,prague,224,23.027,2.545,20.037,1448,6,8688,8688,46490381,46483201,63052,7180,32488,19245,32486,153,0,5,3126672,2475104,32482,279040,175616,NaN,NaN
2026-04-02 17:42:57.268,53894,ESTAB,prague,224,23.027,2.545,20.037,1448,6,8688,8688,46490381,46483201,63052,7180,32488,19245,32486,153,0,5,3126672,2475104,32482,279040,175616,NaN,NaN
2026-04-02 17:42:57.517,53894,ESTAB,prague,224,23.027,2.545,20.037,1448,6,8688,8688,46490381,46483201,63052,7180,32488,19245,32486,153,0,5,3126672,2475104,32482,279040,175616,NaN,NaN
2026-04-02 17:42:57.766,53894,ESTAB,prague,224,23.499,1.926,20.037,1448,7,10136,8688,46506188,46491828,63876,7180,32500,19250,32498,155,0,5,3574536,2475104,32489,279552,181760,5,391892
2026-04-02 17:42:58.018,53894,ESTAB,prague,224,22.775,1.013,20.037,1448,8,11584,11584,46613888,46596656,63876,7180,32575,19294,32573,155,0,5,4215104,3824992,32562,278016,181760,7,333887
2026-04-02 17:42:58.264,53894,ESTAB,prague,224,22.649,1.199,20.037,1448,8,11584,8688,46723024,46705792,63876,7180,32651,19346,32649,155,0,5,4238592,3246112,32638,278016,181760,7,224751
2026-04-02 17:42:58.510,53894,ESTAB,prague,224,22.897,1.545,20.037,1448,7,10136,10136,46823544,46806312,63876,7180,32721,19390,32719,155,0,5,3668504,3341856,32708,278016,181760,7,124231
2026-04-02 17:42:58.774,53894,ESTAB,prague,224,23.169,1.26,20.037,1448,9,13032,13032,46947775,46928372,63876,7180,32808,19439,32806,155,0,5,4661208,4453880,32793,278016,181760,9,NaN
2026-04-02 17:42:59.038,53894,ESTAB,prague,228,27.826,10.795,20.037,1448,9,13032,11584,46947775,46940595,63876,7180,32808,19445,32806,155,0,5,3881160,1631184,32802,279552,181760,NaN,NaN
2026-04-02 17:42:59.307,53894,ESTAB,prague,228,27.826,10.795,20.037,1448,9,13032,11584,46947775,46940595,63876,7180,32808,19445,32806,155,0,5,3881160,1631184,32802,279552,181760,NaN,NaN
2026-04-02 17:42:59.561,53894,ESTAB,prague,228,27.826,10.795,20.037,1448,9,13032,11584,46947775,46940595,63876,7180,32808,19445,32806,155,0,5,3881160,1631184,32802,279552,181760,NaN,NaN
2026-04-02 17:42:59.816,53894,ESTAB,prague,224,23.857,3.458,20.037,1448,9,13032,11584,46975070,46956402,64700,7180,32828,19456,32826,157,0,5,4526928,2512248,32814,278016,187392,8,409202
2026-04-02 17:43:00.071,53894,ESTAB,prague,224,22.539,1.261,20.037,1448,8,11584,11584,47111490,47094258,64700,7180,32923,19518,32921,157,0,5,4259072,4083360,32910,278016,187392,7,312968
2026-04-02 17:43:00.338,53894,ESTAB,prague,224,22.684,1.018,20.037,1448,7,10136,10136,47229242,47213446,64700,7180,33005,19571,33003,157,0,5,3702944,3873688,32993,278016,187392,6,195216
2026-04-02 17:43:00.587,53894,ESTAB,prague,224,22.942,1.337,20.037,1448,7,10136,10136,47345558,47329762,64700,7180,33086,19618,33084,157,0,5,3661280,3625496,33074,278016,187392,6,78900
2026-04-02 17:43:00.834,53894,ESTAB,prague,224,23.125,1.496,20.037,1448,8,11584,10136,47424458,47417278,64700,7180,33141,19658,33139,157,0,5,4151168,3351016,33135,278528,187392,NaN,NaN
2026-04-02 17:43:01.094,53894,ESTAB,prague,224,23.125,1.496,20.037,1448,8,11584,10136,47424458,47417278,64700,7180,33141,19658,33139,157,0,5,4151168,3351016,33135,278528,187392,NaN,NaN
2026-04-02 17:43:01.349,53894,ESTAB,prague,224,23.125,1.496,20.037,1448,8,11584,10136,47424458,47417278,64700,7180,33141,19658,33139,157,0,5,4151168,3351016,33135,278528,187392,NaN,NaN
2026-04-02 17:43:01.618,53894,ESTAB,prague,224,23.125,1.496,20.037,1448,8,11584,10136,47424458,47417278,64700,7180,33141,19658,33139,157,0,5,4151168,3351016,33135,278528,187392,NaN,NaN
2026-04-02 17:43:01.866,53894,ESTAB,prague,224,23.53,1.771,20.037,1448,6,8688,8688,47453189,47438829,65524,7180,33162,19669,33160,159,0,5,3059808,2851560,33151,278016,193024,5,239651
2026-04-02 17:43:02.115,53894,ESTAB,prague,224,23.324,3.508,20.037,1448,6,8688,7240,47540785,47524989,65524,7180,33223,19710,33221,159,0,5,3086832,2058552,33211,278016,193024,6,176212
2026-04-02 17:43:02.367,53894,ESTAB,prague,224,23.572,1.535,20.037,1448,7,10136,8688,47634125,47619765,65524,7180,33288,19749,33286,159,0,5,3563448,3184040,33277,278016,193024,5,82872
2026-04-02 17:43:02.619,53894,ESTAB,prague,224,22.57,1.57,20.037,1448,7,10136,8688,47716997,47708797,65524,7180,33346,19793,33344,159,0,5,3721704,2821344,33339,278016,193024,1,NaN
2026-04-02 17:43:02.881,53894,ESTAB,prague,232,28.112,12.262,20.037,1448,7,10136,8688,47716997,47709817,65524,7180,33346,19794,33344,159,0,5,2987992,858832,33340,279552,193024,NaN,NaN
2026-04-02 17:43:03.137,53894,ESTAB,prague,232,28.112,12.262,20.037,1448,7,10136,8688,47716997,47709817,65524,7180,33346,19794,33344,159,0,5,2987992,858832,33340,279552,193024,NaN,NaN
2026-04-02 17:43:03.390,53894,ESTAB,prague,232,28.112,12.262,20.037,1448,7,10136,8688,47716997,47709817,65524,7180,33346,19794,33344,159,0,5,2987992,858832,33340,279552,193024,NaN,NaN
2026-04-02 17:43:03.641,53894,ESTAB,prague,232,28.112,12.262,20.037,1448,7,10136,8688,47716997,47709817,65524,7180,33346,19794,33344,159,0,5,2987992,858832,33340,279552,193024,NaN,NaN
2026-04-02 17:43:03.895,53894,ESTAB,prague,228,24.491,2.834,20.037,1448,6,8688,8688,47742856,47728496,66348,7180,33365,19805,33363,161,0,5,2939760,2938176,33354,278016,198656,5,315547
2026-04-02 17:43:04.147,53894,ESTAB,prague,224,22.604,0.995,20.037,1448,9,13032,11584,47864916,47846248,66348,7180,33450,19854,33448,161,0,5,4777776,3854536,33436,278016,198656,8,224093
2026-04-02 17:43:04.400,53894,ESTAB,prague,224,23.303,1.51,20.037,1448,7,10136,10136,47982668,47965436,66348,7180,33532,19909,33530,161,0,5,3604496,3893032,33519,278016,198656,7,106341
2026-04-02 17:43:04.657,53894,ESTAB,prague,224,22.501,1.582,20.037,1448,6,8688,8688,48083188,48067392,66348,7180,33602,19955,33600,161,0,5,3199776,2783808,33590,278016,198656,6,5821
2026-04-02 17:43:04.915,53894,ESTAB,prague,224,23.208,2.411,20.037,1448,5,7240,7240,48089009,48081829,66348,7180,33607,19962,33605,161,0,5,2585280,2387960,33601,279040,198656,NaN,NaN
2026-04-02 17:43:05.170,53894,ESTAB,prague,224,23.208,2.411,20.037,1448,5,7240,7240,48089009,48081829,66348,7180,33607,19962,33605,161,0,5,2585280,2387960,33601,279040,198656,NaN,NaN
2026-04-02 17:43:05.429,53894,ESTAB,prague,224,23.208,2.411,20.037,1448,5,7240,7240,48089009,48081829,66348,7180,33607,19962,33605,161,0,5,2585280,2387960,33601,279040,198656,NaN,NaN
2026-04-02 17:43:05.680,53894,ESTAB,prague,224,23.208,2.411,20.037,1448,5,7240,7240,48089009,48081829,66348,7180,33607,19962,33605,161,0,5,2585280,2387960,33601,279040,198656,NaN,NaN
2026-04-02 17:43:05.930,53894,ESTAB,prague,224,23.621,1.99,20.037,1448,6,8688,7240,48111996,48099072,67172,7180,33624,19972,33622,163,0,5,3048000,2514432,33614,278016,204800,4,323158
2026-04-02 17:43:06.182,53894,ESTAB,prague,224,23.069,1.078,20.037,1448,7,10136,8688,48215388,48198156,67172,7180,33696,20013,33694,163,0,5,3641176,3302944,33683,278016,204800,7,256759
2026-04-02 17:43:06.434,53894,ESTAB,prague,224,22.718,0.933,20.037,1448,8,11584,10136,48323088,48304420,67172,7180,33771,20057,33769,163,0,5,4225600,3440592,33757,278016,204800,8,149059
2026-04-02 17:43:06.676,53894,ESTAB,prague,224,23.809,1.992,20.037,1448,8,11584,10136,48425044,48407812,67172,7180,33842,20099,33840,163,0,5,4031936,3339128,33829,278016,204800,7,47103
2026-04-02 17:43:06.938,53894,ESTAB,prague,224,23.495,1.136,20.037,1448,8,11584,11584,48472147,48464967,67172,7180,33875,20123,33873,163,0,5,4085824,4012928,33869,278528,204800,NaN,NaN
2026-04-02 17:43:07.195,53894,ESTAB,prague,224,23.495,1.136,20.037,1448,8,11584,11584,48472147,48464967,67172,7180,33875,20123,33873,163,0,5,4085824,4012928,33869,278528,204800,NaN,NaN
2026-04-02 17:43:07.446,53894,ESTAB,prague,224,23.495,1.136,20.037,1448,8,11584,11584,48472147,48464967,67172,7180,33875,20123,33873,163,0,5,4085824,4012928,33869,278528,204800,NaN,NaN
2026-04-02 17:43:07.696,53894,ESTAB,prague,224,23.495,1.136,20.037,1448,8,11584,11584,48472147,48464967,67172,7180,33875,20123,33873,163,0,5,4085824,4012928,33869,278528,204800,NaN,NaN
2026-04-02 17:43:07.947,53894,ESTAB,prague,224,23.44,0.924,20.037,1448,8,11584,10136,48496570,48479338,67996,7180,33893,20131,33891,165,0,5,4095488,4012928,33880,278016,210432,7,356582
2026-04-02 17:43:08.198,53894,ESTAB,prague,224,22.603,0.984,20.037,1448,9,13032,13032,48625810,48607142,67996,7180,33983,20185,33981,165,0,5,4777992,5017368,33969,278016,210432,8,266512
2026-04-02 17:43:08.449,53894,ESTAB,prague,224,22.365,1.349,20.037,1448,7,10136,10136,48753614,48736382,67996,7180,34072,20245,34070,165,0,5,3755864,3839096,34059,278016,210432,7,138708
2026-04-02 17:43:08.699,53894,ESTAB,prague,224,22.798,1.772,20.037,1448,7,10136,8688,48861314,48845518,67996,7180,34147,20290,34145,165,0,5,3684464,3091264,34135,278016,210432,6,31008
2026-04-02 17:43:08.950,53894,ESTAB,prague,224,23.06,1.325,20.037,1448,7,10136,8688,48892322,48885142,67996,7180,34169,20308,34167,165,0,5,3642632,3338968,34163,278528,210432,NaN,NaN
2026-04-02 17:43:09.198,53894,ESTAB,prague,224,23.06,1.325,20.037,1448,7,10136,8688,48892322,48885142,67996,7180,34169,20308,34167,165,0,5,3642632,3338968,34163,278528,210432,NaN,NaN
2026-04-02 17:43:09.447,53894,ESTAB,prague,224,23.06,1.325,20.037,1448,7,10136,8688,48892322,48885142,67996,7180,34169,20308,34167,165,0,5,3642632,3338968,34163,278528,210432,NaN,NaN
2026-04-02 17:43:09.696,53894,ESTAB,prague,224,23.06,1.325,20.037,1448,7,10136,8688,48892322,48885142,67996,7180,34169,20308,34167,165,0,5,3642632,3338968,34163,278528,210432,NaN,NaN
2026-04-02 17:43:09.947,53894,ESTAB,prague,224,23.24,1.489,20.037,1448,7,10136,8688,48900949,48888025,68820,7180,34176,20311,34174,167,0,5,3614352,3338968,34166,279552,216064,4,388662
2026-04-02 17:43:10.207,53894,ESTAB,prague,224,22.22,1.125,20.037,1448,8,11584,11584,49035933,49017265,68820,7180,34270,20366,34268,167,0,5,4320320,4020048,34256,278016,216064,8,297444
2026-04-02 17:43:10.457,53894,ESTAB,prague,224,23.609,0.709,20.037,1448,8,11584,11584,49153685,49136453,68820,7180,34352,20417,34350,167,0,5,4066240,4083720,34339,278016,216064,7,179692
2026-04-02 17:43:10.697,53894,ESTAB,prague,224,23.148,1.511,20.037,1448,7,10136,8688,49259949,49244153,68820,7180,34426,20467,34424,167,0,5,3628688,3336264,34414,278016,216064,6,73428
2026-04-02 17:43:10.945,53894,ESTAB,prague,232,28.96,11.997,20.037,1448,7,10136,10136,49333377,49326197,68820,7180,34478,20501,34476,167,0,5,2900520,1016360,34472,279552,216064,NaN,NaN
2026-04-02 17:43:11.196,53894,ESTAB,prague,232,28.96,11.997,20.037,1448,7,10136,10136,49333377,49326197,68820,7180,34478,20501,34476,167,0,5,2900520,1016360,34472,279552,216064,NaN,NaN
2026-04-02 17:43:11.453,53894,ESTAB,prague,232,28.96,11.997,20.037,1448,7,10136,10136,49333377,49326197,68820,7180,34478,20501,34476,167,0,5,2900520,1016360,34472,279552,216064,NaN,NaN
2026-04-02 17:43:11.701,53894,ESTAB,prague,232,28.96,11.997,20.037,1448,7,10136,10136,49333377,49326197,68820,7180,34478,20501,34476,167,0,5,2900520,1016360,34472,279552,216064,NaN,NaN
2026-04-02 17:43:11.972,53894,ESTAB,prague,228,26.364,8.899,20.037,1448,7,10136,10136,49336260,49329080,69228,7180,34481,20505,34479,168,0,5,3186120,1252232,34475,279040,219136,NaN,NaN
2026-04-02 17:43:12.236,53894,ESTAB,prague,224,22.936,1.167,20.037,1448,8,11584,11584,49464064,49445396,69644,7180,34570,20556,34568,169,0,5,4185344,4126088,34556,278016,222208,8,296965
2026-04-02 17:43:12.481,53894,ESTAB,prague,224,22.785,1.925,20.037,1448,7,10136,10136,49576072,49558840,69644,7180,34648,20607,34646,169,0,5,3686480,3465144,34635,278016,222208,7,184957
2026-04-02 17:43:12.729,53894,ESTAB,prague,224,21.978,1.565,20.037,1448,5,7240,5792,49665104,49652180,69644,7180,34710,20654,34708,169,0,5,2330280,2752720,34700,278016,222208,4,95925
2026-04-02 17:43:12.984,53894,ESTAB,prague,224,22.899,1.821,20.037,1448,6,8688,7240,49749828,49736904,69644,7180,34769,20691,34767,169,0,5,3144096,2790376,34759,278016,222208,4,11201
2026-04-02 17:43:13.236,53894,ESTAB,prague,224,22.734,3.25,20.037,1448,5,7240,7240,49761029,49753849,69644,7180,34777,20700,34775,169,0,5,2639200,2420136,34771,278528,222208,NaN,NaN
2026-04-02 17:43:13.501,53894,ESTAB,prague,224,22.734,3.25,20.037,1448,5,7240,7240,49761029,49753849,69644,7180,34777,20700,34775,169,0,5,2639200,2420136,34771,278528,222208,NaN,NaN
2026-04-02 17:43:13.765,53894,ESTAB,prague,224,22.734,3.25,20.037,1448,5,7240,7240,49761029,49753849,69644,7180,34777,20700,34775,169,0,5,2639200,2420136,34771,278528,222208,NaN,NaN
2026-04-02 17:43:14.021,53894,ESTAB,prague,224,23.044,2.397,20.037,1448,5,7240,7240,49771092,49756732,70468,7180,34785,20703,34783,171,0,5,2603680,2420136,34774,279552,227840,5,442118
2026-04-02 17:43:14.265,53894,ESTAB,prague,224,23.54,1.042,20.037,1448,7,10136,10136,49870176,49852944,70468,7180,34854,20744,34852,171,0,5,3568376,3731656,34841,278016,227840,7,343034
2026-04-02 17:43:14.515,53894,ESTAB,prague,224,22.239,1.46,20.037,1448,6,8688,8688,49975004,49959208,70468,7180,34927,20791,34925,171,0,5,3237408,3359304,34915,278016,227840,6,238206
2026-04-02 17:43:14.766,53894,ESTAB,prague,224,23.711,1.577,20.037,1448,6,8688,8688,50068344,50052548,70468,7180,34992,20829,34990,171,0,5,3036528,2761600,34980,278016,227840,6,144866
2026-04-02 17:43:15.016,53894,ESTAB,prague,228,24.114,3.081,20.037,1448,7,10136,8688,50165992,50150196,70468,7180,35060,20875,35058,171,0,5,3483368,2792128,35048,278016,227840,6,47218
2026-04-02 17:43:15.270,53894,ESTAB,prague,224,22.434,1.999,20.037,1448,6,8688,8688,50213210,50206030,70468,7180,35093,20901,35091,171,0,5,3209280,2649464,35087,278528,227840,NaN,NaN
2026-04-02 17:43:15.519,53894,ESTAB,prague,224,22.434,1.999,20.037,1448,6,8688,8688,50213210,50206030,70468,7180,35093,20901,35091,171,0,5,3209280,2649464,35087,278528,227840,NaN,NaN
2026-04-02 17:43:15.781,53894,ESTAB,prague,224,22.434,1.999,20.037,1448,6,8688,8688,50213210,50206030,70468,7180,35093,20901,35091,171,0,5,3209280,2649464,35087,278528,227840,NaN,NaN
2026-04-02 17:43:16.039,53894,ESTAB,prague,224,22.165,1.262,20.037,1448,5,7240,7240,50216093,50208913,71292,7180,35096,20906,35094,173,0,5,2706840,2649464,35090,279552,230912,NaN,NaN
2026-04-02 17:43:16.299,53894,ESTAB,prague,224,23.392,1.645,20.037,1448,7,10136,10136,50307997,50292201,71292,7180,35160,20942,35158,173,0,5,3590888,3249368,35148,278016,233472,6,209240
2026-04-02 17:43:16.549,53894,ESTAB,prague,224,23.187,0.92,20.037,1448,9,13032,13032,50431493,50411389,71292,7180,35246,20990,35244,173,0,5,4657680,4442136,35231,278016,233472,9,85744
2026-04-02 17:43:16.803,53894,ESTAB,prague,224,23.466,1.073,20.037,1448,7,10136,8688,50517237,50510057,71292,7180,35306,21036,35304,173,0,5,3579576,2868032,35300,278528,233472,NaN,NaN
2026-04-02 17:43:17.068,53894,ESTAB,prague,224,23.466,1.073,20.037,1448,7,10136,8688,50517237,50510057,71292,7180,35306,21036,35304,173,0,5,3579576,2868032,35300,278528,233472,NaN,NaN
2026-04-02 17:43:17.318,53894,ESTAB,prague,224,23.466,1.073,20.037,1448,7,10136,8688,50517237,50510057,71292,7180,35306,21036,35304,173,0,5,3579576,2868032,35300,278528,233472,NaN,NaN
2026-04-02 17:43:17.569,53894,ESTAB,prague,224,23.466,1.073,20.037,1448,7,10136,8688,50517237,50510057,71292,7180,35306,21036,35304,173,0,5,3579576,2868032,35300,278528,233472,NaN,NaN
2026-04-02 17:43:17.825,53894,ESTAB,prague,224,23.466,1.073,20.037,1448,7,10136,8688,50517237,50510057,71292,7180,35306,21036,35304,173,0,5,3579576,2868032,35300,278528,233472,NaN,NaN
2026-04-02 17:43:18.097,53894,ESTAB,prague,224,23.663,1.518,20.037,1448,7,10136,8688,50530172,50512940,72116,7180,35316,21039,35314,175,0,5,3549784,2868032,35303,279552,239616,7,299156
2026-04-02 17:43:18.351,53894,ESTAB,prague,224,22.776,0.992,20.037,1448,9,13032,11584,50665156,50645052,72116,7180,35410,21096,35408,175,0,5,4741776,4125352,35395,278016,239616,9,164172
2026-04-02 17:43:18.614,53894,ESTAB,prague,224,22.402,1.55,20.037,1448,7,10136,10136,50791524,50774292,72116,7180,35498,21154,35496,175,0,5,3749480,4117104,35485,278016,239616,7,37804
2026-04-02 17:43:18.877,53894,ESTAB,prague,228,27.88,12.025,20.037,1448,6,8688,7240,50829328,50822148,72116,7180,35525,21177,35523,175,0,5,2582448,1056944,35519,279552,239616,NaN,NaN
2026-04-02 17:43:19.142,53894,ESTAB,prague,228,27.88,12.025,20.037,1448,6,8688,7240,50829328,50822148,72116,7180,35525,21177,35523,175,0,5,2582448,1056944,35519,279552,239616,NaN,NaN
2026-04-02 17:43:19.402,53894,ESTAB,prague,228,27.88,12.025,20.037,1448,6,8688,7240,50829328,50822148,72116,7180,35525,21177,35523,175,0,5,2582448,1056944,35519,279552,239616,NaN,NaN
2026-04-02 17:43:19.660,53894,ESTAB,prague,228,27.88,12.025,20.037,1448,6,8688,7240,50829328,50822148,72116,7180,35525,21177,35523,175,0,5,2582448,1056944,35519,279552,239616,NaN,NaN
2026-04-02 17:43:19.911,53894,ESTAB,prague,228,27.88,12.025,20.037,1448,6,8688,7240,50829328,50822148,72116,7180,35525,21177,35523,175,0,5,2582448,1056944,35519,279552,239616,NaN,NaN
2026-04-02 17:43:20.153,53894,ESTAB,prague,228,25.189,3.395,20.037,1448,7,10136,7240,50853751,50836519,72940,7180,35543,21186,35541,177,0,5,3334744,2845840,35530,279552,245248,7,388920
2026-04-02 17:43:20.384,53894,ESTAB,prague,224,22.972,1.353,20.037,1448,8,11584,11584,50967195,50948527,72940,7180,35622,21234,35620,177,0,5,4178816,3819792,35608,278016,245248,8,275476
2026-04-02 17:43:20.605,53894,ESTAB,prague,224,23.302,0.976,20.037,1448,9,13032,10136,51073459,51054791,72940,7180,35696,21280,35694,177,0,5,4634640,4096720,35682,278016,245248,8,169212
2026-04-02 17:43:20.836,53894,ESTAB,prague,228,24.833,0.789,20.018,1448,17,24616,10136,51242671,51224239,72940,7180,35814,21339,35812,177,0,5,8214672,6684632,35800,278016,245248,8,NaN
2026-04-02 17:43:21.084,53894,ESTAB,prague,228,25.008,0.478,20.018,1448,17,24616,10136,51242671,51235491,72940,7180,35814,21343,35812,177,0,5,8157144,6690976,35808,278528,245248,NaN,NaN
2026-04-02 17:43:21.324,53894,ESTAB,prague,228,25.008,0.478,20.018,1448,17,24616,10136,51242671,51235491,72940,7180,35814,21343,35812,177,0,5,8157144,6690976,35808,278528,245248,NaN,NaN
2026-04-02 17:43:21.577,53894,ESTAB,prague,228,25.008,0.478,20.018,1448,17,24616,10136,51242671,51235491,72940,7180,35814,21343,35812,177,0,5,8157144,6690976,35808,278528,245248,NaN,NaN
2026-04-02 17:43:21.830,53894,ESTAB,prague,228,25.008,0.478,20.018,1448,17,24616,10136,51242671,51235491,72940,7180,35814,21343,35812,177,0,5,8157144,6690976,35808,278528,245248,NaN,NaN
2026-04-02 17:43:22.082,53894,ESTAB,prague,228,25.008,0.478,20.018,1448,17,24616,10136,51242671,51235491,72940,7180,35814,21343,35812,177,0,5,8157144,6690976,35808,278528,245248,NaN,NaN
2026-04-02 17:43:22.334,53894,ESTAB,prague,228,25.339,0.025,20.018,1448,17,24616,10136,51417874,51390590,73764,7180,35937,21399,35935,179,0,5,8050520,6694016,35917,279552,250880,14,237670
2026-04-02 17:43:22.583,53894,ESTAB,prague,228,25.322,0.019,20.018,1448,17,24616,10136,51624658,51597374,73764,7180,36081,21471,36079,179,0,5,8056096,6693464,36061,279552,250880,14,30886
2026-04-02 17:43:22.831,53894,ESTAB,prague,232,30.341,10.043,20.018,1448,17,24616,10136,51656600,51649420,74170,7180,36104,21491,36102,180,0,5,6723432,6690152,36098,279552,253952,NaN,NaN
2026-04-02 17:43:23.082,53894,ESTAB,prague,232,30.341,10.043,20.018,1448,17,24616,10136,51656600,51649420,74170,7180,36104,21491,36102,180,0,5,6723432,6690152,36098,279552,253952,NaN,NaN
2026-04-02 17:43:23.340,53894,ESTAB,prague,232,30.341,10.043,20.018,1448,17,24616,10136,51656600,51649420,74170,7180,36104,21491,36102,180,0,5,6723432,6690152,36098,279552,253952,NaN,NaN
2026-04-02 17:43:23.609,53894,ESTAB,prague,232,30.341,10.043,20.018,1448,17,24616,10136,51656600,51649420,74170,7180,36104,21491,36102,180,0,5,6723432,6690152,36098,279552,253952,NaN,NaN
2026-04-02 17:43:23.869,53894,ESTAB,prague,232,30.341,10.043,20.018,1448,17,24616,10136,51656600,51649420,74170,7180,36104,21491,36102,180,0,5,6723432,6690152,36098,279552,253952,NaN,NaN
2026-04-02 17:43:24.125,53894,ESTAB,prague,232,30.341,10.043,20.018,1448,17,24616,10136,51656600,51649420,74170,7180,36104,21491,36102,180,0,5,6723432,6690152,36098,279552,253952,NaN,NaN
2026-04-02 17:43:24.369,53894,ESTAB,prague,228,25.329,0.079,20.018,1448,17,24616,10136,51834675,51807391,74994,7180,36229,21550,36227,182,0,5,8053648,6685184,36209,279552,259584,14,407824
2026-04-02 17:43:24.627,53894,ESTAB,prague,228,25.375,0.019,20.018,1448,17,24616,10136,52050075,52022791,74994,7180,36379,21625,36377,182,0,5,8039096,6689600,36359,279552,259584,14,386284
2026-04-02 17:43:24.891,53894,ESTAB,prague,228,25.337,0.04,20.018,1448,17,24616,10136,52265475,52238191,74994,7180,36529,21700,36527,182,0,5,8051336,6692360,36509,279552,259584,14,226441
2026-04-02 17:43:25.149,53894,ESTAB,prague,228,25.331,0.057,20.018,1448,17,24616,10136,52483747,52456463,74994,7180,36681,21776,36679,182,0,5,8053104,6705088,36661,279552,259584,14,8169
2026-04-02 17:43:25.404,53894,ESTAB,prague,228,25.329,0.035,20.018,1448,17,24616,10136,52491916,52484736,74994,7180,36687,21786,36685,182,0,5,8053648,6691808,36681,279552,259584,NaN,NaN
2026-04-02 17:43:25.669,53894,ESTAB,prague,228,25.329,0.035,20.018,1448,17,24616,10136,52491916,52484736,74994,7180,36687,21786,36685,182,0,5,8053648,6691808,36681,279552,259584,NaN,NaN
2026-04-02 17:43:25.930,53894,ESTAB,prague,228,25.329,0.035,20.018,1448,17,24616,10136,52491916,52484736,74994,7180,36687,21786,36685,182,0,5,8053648,6691808,36681,279552,259584,NaN,NaN
2026-04-02 17:43:26.179,53894,ESTAB,prague,228,25.329,0.035,20.018,1448,17,24616,10136,52494799,52484736,75402,7180,36690,21787,36688,183,0,5,8053648,6691808,36681,279552,262656,3,NaN
2026-04-02 17:43:26.429,53894,ESTAB,prague,228,25.301,0.033,20.018,1448,17,24616,10136,52694403,52665683,75818,7180,36829,21851,36827,184,0,5,8062760,6693184,36808,279552,265728,15,383412
2026-04-02 17:43:26.671,53894,ESTAB,prague,228,25.305,0.027,20.018,1448,17,24616,10136,52895443,52866723,75818,7180,36969,21921,36967,184,0,5,8061264,6689048,36948,279552,265728,15,376232
2026-04-02 17:43:26.920,53894,ESTAB,prague,228,25.347,0.023,20.018,1448,17,24616,10136,53100791,53073507,75818,7180,37112,21993,37110,184,0,5,8047936,6690976,37092,279552,265728,14,249930
2026-04-02 17:43:27.162,53894,ESTAB,prague,228,25.325,0.029,20.018,1448,17,24616,10136,53301831,53274547,75818,7180,37252,22063,37250,184,0,5,8054872,6697888,37232,279552,265728,14,48890
2026-04-02 17:43:27.411,53894,ESTAB,prague,232,30.521,10.466,20.018,1448,17,24616,10136,53350721,53343541,75818,7180,37287,22088,37285,184,0,5,6683720,2223184,37281,279552,265728,NaN,NaN
2026-04-02 17:43:27.661,53894,ESTAB,prague,232,30.521,10.466,20.018,1448,17,24616,10136,53350721,53343541,75818,7180,37287,22088,37285,184,0,5,6683720,2223184,37281,279552,265728,NaN,NaN
2026-04-02 17:43:27.910,53894,ESTAB,prague,232,30.521,10.466,20.018,1448,17,24616,10136,53350721,53343541,75818,7180,37287,22088,37285,184,0,5,6683720,2223184,37281,279552,265728,NaN,NaN
2026-04-02 17:43:28.139,53894,ESTAB,prague,232,30.521,10.466,20.018,1448,17,24616,10136,53350721,53343541,75818,7180,37287,22088,37285,184,0,5,6683720,2223184,37281,279552,265728,NaN,NaN
2026-04-02 17:43:28.379,53894,ESTAB,prague,228,25.336,0.045,20.018,1448,17,24616,10136,53488588,53461304,76642,7180,37384,22133,37382,186,0,5,8051608,6700928,37364,279552,271360,14,448032
2026-04-02 17:43:28.631,53894,ESTAB,prague,228,25.377,0.055,20.018,1448,17,24616,10136,53696808,53670960,76642,7180,37529,22206,37527,186,0,5,8038552,6683808,37510,279552,271360,13,433672
2026-04-02 17:43:28.883,53894,ESTAB,prague,228,25.352,0.013,20.018,1448,17,24616,10136,53907900,53880616,76642,7180,37676,22279,37674,186,0,5,8046440,6705360,37656,279552,271360,14,344933
2026-04-02 17:43:29.129,53894,ESTAB,prague,228,25.344,0.038,20.018,1448,17,24616,10136,54110376,54084528,76642,7180,37817,22350,37815,186,0,5,8049160,6675552,37798,279552,271360,13,142457
2026-04-02 17:43:29.382,53894,ESTAB,prague,232,30.425,10.184,20.018,1448,17,24616,10136,54252833,54245653,76642,7180,37917,22407,37915,186,0,5,6704800,2543728,37911,279552,271360,NaN,NaN
2026-04-02 17:43:29.635,53894,ESTAB,prague,232,30.425,10.184,20.018,1448,17,24616,10136,54252833,54245653,76642,7180,37917,22407,37915,186,0,5,6704800,2543728,37911,279552,271360,NaN,NaN
2026-04-02 17:43:29.891,53894,ESTAB,prague,232,30.425,10.184,20.018,1448,17,24616,10136,54252833,54245653,76642,7180,37917,22407,37915,186,0,5,6704800,2543728,37911,279552,271360,NaN,NaN
2026-04-02 17:43:30.127,53894,ESTAB,prague,232,30.425,10.184,20.018,1448,17,24616,10136,54252833,54245653,76642,7180,37917,22407,37915,186,0,5,6704800,2543728,37911,279552,271360,NaN,NaN
2026-04-02 17:43:30.376,53894,ESTAB,prague,228,25.283,0.133,20.018,1448,17,24616,10136,54364852,54337568,77466,7180,37996,22443,37994,188,0,5,8068472,6694016,37976,279552,276992,14,462301
2026-04-02 17:43:30.631,53894,ESTAB,prague,228,25.242,0.058,20.018,1448,17,24616,10136,54577380,54550096,77466,7180,38144,22517,38142,188,0,5,8081528,6694848,38124,279552,276992,14,249773
2026-04-02 17:43:30.884,53894,ESTAB,prague,228,25.353,0.036,20.018,1448,17,24616,10136,54785600,54759752,77466,7180,38289,22590,38287,188,0,5,8046032,6685184,38270,279552,276992,13,41553
2026-04-02 17:43:31.135,53894,ESTAB,prague,228,25.312,0.053,20.018,1448,17,24616,10136,54827153,54819973,77466,7180,38318,22611,38316,188,0,5,8059088,6696776,38312,279552,276992,NaN,NaN
2026-04-02 17:43:31.387,53894,ESTAB,prague,228,25.312,0.053,20.018,1448,17,24616,10136,54827153,54819973,77466,7180,38318,22611,38316,188,0,5,8059088,6696776,38312,279552,276992,NaN,NaN
2026-04-02 17:43:31.637,53894,ESTAB,prague,228,25.312,0.053,20.018,1448,17,24616,10136,54827153,54819973,77466,7180,38318,22611,38316,188,0,5,8059088,6696776,38312,279552,276992,NaN,NaN
2026-04-02 17:43:31.897,53894,ESTAB,prague,228,25.312,0.053,20.018,1448,17,24616,10136,54827153,54819973,77466,7180,38318,22611,38316,188,0,5,8059088,6696776,38312,279552,276992,NaN,NaN
2026-04-02 17:43:32.139,53894,ESTAB,prague,228,25.312,0.053,20.018,1448,17,24616,10136,54827153,54819973,77466,7180,38318,22611,38316,188,0,5,8059088,6696776,38312,279552,276992,NaN,NaN
2026-04-02 17:43:32.397,53894,ESTAB,prague,228,25.247,0.195,20.018,1448,17,24616,10136,54931992,54903272,78290,7180,38392,22642,38390,190,0,5,8079896,6692360,38371,279552,282624,15,481060
2026-04-02 17:43:32.649,53894,ESTAB,prague,228,25.215,0.102,20.018,1448,17,24616,10136,55140212,55112928,78290,7180,38537,22715,38535,190,0,5,8090232,6672256,38517,279552,282624,14,466700
2026-04-02 17:43:32.908,53894,ESTAB,prague,228,25.351,0.026,20.018,1448,17,24616,10136,55354176,55328328,78290,7180,38686,22790,38684,190,0,5,8046984,6679952,38667,279552,282624,13,270337
2026-04-02 17:43:33.176,53894,ESTAB,prague,228,25.305,0.108,20.018,1448,17,24616,10136,55572448,55546600,78290,7180,38838,22866,38836,190,0,5,8061400,6716192,38819,279552,282624,13,52065
2026-04-02 17:43:33.440,53894,ESTAB,prague,228,25.338,0.026,20.018,1448,17,24616,10136,55624513,55617333,78290,7180,38875,22891,38873,190,0,5,8050928,6688216,38869,279552,282624,NaN,NaN
2026-04-02 17:43:33.692,53894,ESTAB,prague,228,25.338,0.026,20.018,1448,17,24616,10136,55624513,55617333,78290,7180,38875,22891,38873,190,0,5,8050928,6688216,38869,279552,282624,NaN,NaN
2026-04-02 17:43:33.936,53894,ESTAB,prague,228,25.338,0.026,20.018,1448,17,24616,10136,55624513,55617333,78290,7180,38875,22891,38873,190,0,5,8050928,6688216,38869,279552,282624,NaN,NaN
2026-04-02 17:43:34.176,53894,ESTAB,prague,228,25.338,0.026,20.018,1448,17,24616,10136,55624513,55617333,78290,7180,38875,22891,38873,190,0,5,8050928,6688216,38869,279552,282624,NaN,NaN
2026-04-02 17:43:34.434,53894,ESTAB,prague,228,25.197,0.26,20.018,1448,17,24616,10136,55737968,55709248,79114,7180,38955,22925,38953,192,0,5,8095944,6680504,38934,279552,288768,15,472444
2026-04-02 17:43:34.673,53894,ESTAB,prague,228,25.351,0.015,20.018,1448,17,24616,10136,55936136,55907416,79114,7180,39093,22994,39091,192,0,5,8046848,6702040,39072,279552,288768,15,456113
2026-04-02 17:43:34.921,53894,ESTAB,prague,228,25.327,0.013,20.018,1448,17,24616,10136,56142920,56114200,79114,7180,39237,23066,39235,192,0,5,8054464,6694848,39216,279552,288768,15,249329
2026-04-02 17:43:35.174,53894,ESTAB,prague,228,25.382,0.034,20.018,1448,17,24616,10136,56351140,56323856,79114,7180,39382,23139,39380,192,0,5,8037056,6695400,39362,279552,288768,14,41109
2026-04-02 17:43:35.435,53894,ESTAB,prague,232,29.904,9.088,20.018,1448,17,24616,10136,56393305,56386125,79520,7180,39412,23162,39410,193,0,5,6821624,5949864,39406,279552,291328,NaN,NaN
2026-04-02 17:43:35.687,53894,ESTAB,prague,232,29.904,9.088,20.018,1448,17,24616,10136,56393305,56386125,79520,7180,39412,23162,39410,193,0,5,6821624,5949864,39406,279552,291328,NaN,NaN
2026-04-02 17:43:35.967,53894,ESTAB,prague,232,29.904,9.088,20.018,1448,17,24616,10136,56393305,56386125,79520,7180,39412,23162,39410,193,0,5,6821624,5949864,39406,279552,291328,NaN,NaN
2026-04-02 17:43:36.229,53894,ESTAB,prague,232,29.904,9.088,20.018,1448,17,24616,10136,56393305,56386125,79520,7180,39412,23162,39410,193,0,5,6821624,5949864,39406,279552,291328,NaN,NaN
2026-04-02 17:43:36.489,53894,ESTAB,prague,228,25.246,0.139,20.018,1448,17,24616,10136,56526864,56498144,80344,7180,39506,23205,39504,195,0,5,8080304,6672808,39485,279552,297472,15,452340
2026-04-02 17:43:36.746,53894,ESTAB,prague,228,25.422,0.136,20.018,1448,17,24616,10136,56737956,56710672,80344,7180,39653,23279,39651,195,0,5,8024272,6684912,39633,279552,297472,14,435108
2026-04-02 17:43:36.998,53894,ESTAB,prague,228,25.298,0.149,20.018,1448,17,24616,10136,56949048,56920328,80344,7180,39800,23352,39798,195,0,5,8063712,6684360,39779,279552,297472,15,417876
2026-04-02 17:43:37.254,53894,ESTAB,prague,228,25.343,0.035,20.018,1448,17,24616,10136,57164448,57135728,80344,7180,39950,23427,39948,195,0,5,8049160,6687392,39929,279552,297472,15,389086
2026-04-02 17:43:37.502,53894,ESTAB,prague,228,25.331,0.035,20.018,1448,17,24616,10136,57369796,57342512,80344,7180,40093,23499,40091,195,0,5,8053104,6697608,40073,279552,297472,14,183738
2026-04-02 17:43:37.759,53894,ESTAB,prague,228,25.285,0.052,20.018,1448,17,24616,10136,57553534,57546354,80344,7180,40221,23570,40219,195,0,5,8067928,6586624,40215,279552,297472,NaN,NaN
2026-04-02 17:43:37.991,53894,ESTAB,prague,228,25.285,0.052,20.018,1448,17,24616,10136,57553534,57546354,80344,7180,40221,23570,40219,195,0,5,8067928,6586624,40215,279552,297472,NaN,NaN
2026-04-02 17:43:38.225,53894,ESTAB,prague,228,25.285,0.052,20.018,1448,17,24616,10136,57553534,57546354,80344,7180,40221,23570,40219,195,0,5,8067928,6586624,40215,279552,297472,NaN,NaN
2026-04-02 17:43:38.457,53894,ESTAB,prague,228,25.099,0.304,20.018,1448,17,24616,10136,57644013,57618165,81168,7180,40285,23597,40283,197,0,5,8127496,6693184,40266,279552,303104,13,495420
2026-04-02 17:43:38.686,53894,ESTAB,prague,228,25.281,0.058,20.018,1448,17,24616,10136,57830693,57804845,81168,7180,40415,23662,40413,197,0,5,8069152,6693736,40396,279552,303104,13,495000
2026-04-02 17:43:38.922,53894,ESTAB,prague,228,25.32,0.029,20.018,1448,17,24616,10136,58025989,57997269,81168,7180,40551,23729,40549,197,0,5,8056504,6689872,40530,279552,303104,15,299704
2026-04-02 17:43:39.165,53894,ESTAB,prague,228,25.321,0.054,20.018,1448,17,24616,10136,58229901,58201181,81168,7180,40693,23800,40691,197,0,5,8056232,6701480,40672,279552,303104,15,95792
2026-04-02 17:43:39.399,53894,ESTAB,prague,228,25.344,0.043,20.018,1448,17,24616,10136,58325693,58318513,81168,7180,40760,23841,40758,197,0,5,8049024,6677752,40754,279552,303104,NaN,NaN
2026-04-02 17:43:39.632,53894,ESTAB,prague,228,25.344,0.043,20.018,1448,17,24616,10136,58325693,58318513,81168,7180,40760,23841,40758,197,0,5,8049024,6677752,40754,279552,303104,NaN,NaN
2026-04-02 17:43:39.871,53894,ESTAB,prague,228,25.344,0.043,20.018,1448,17,24616,10136,58325693,58318513,81168,7180,40760,23841,40758,197,0,5,8049024,6677752,40754,279552,303104,NaN,NaN
2026-04-02 17:43:40.114,53894,ESTAB,prague,228,25.344,0.043,20.018,1448,17,24616,10136,58325693,58318513,81168,7180,40760,23841,40758,197,0,5,8049024,6677752,40754,279552,303104,NaN,NaN
