Starting TC Qdisc Monitoring for s1-eth2
Timestamp, Qdisc Stats
======================================================================
Timestamp: 2026-04-28 21:08:03
qdisc htb 1: root refcnt 13 r2q 10 default 0x10 direct_packets_stat 0 direct_qlen 1000
 Sent 7666 bytes 37 pkt (dropped 0, overlimits 2 requeues 0) 
 backlog 0b 0p requeues 0
qdisc dualpi2 20: parent 1:10 limit 10000p memlimit 30280000B target 15ms tupdate 16ms alpha 0.156250 beta 3.195312 step_thresh 20ms min_qlen_step 0p coupling_factor 2 drop_on_overload drop_dequeue classic_protection 10% l4s_ect split_gso 
 Sent 7666 bytes 37 pkt (dropped 0, overlimits 0 requeues 0) 
 backlog 0b 0p requeues 0
prob 0.000000 delay_c 0us delay_l 0us
pkts_in_c 31 pkts_in_l 6 maxq 0
ecn_mark 0 step_mark 0
credit -121120 (L-queue)
memory_used 0 (max 2304) of memory limit 30280000

======================================================================
Timestamp: 2026-04-28 21:08:04
qdisc htb 1: root refcnt 13 r2q 10 default 0x10 direct_packets_stat 0 direct_qlen 1000
 Sent 121534 bytes 118 pkt (dropped 0, overlimits 68 requeues 0) 
 backlog 0b 18p requeues 0
qdisc dualpi2 20: parent 1:10 limit 10000p memlimit 30280000B target 15ms tupdate 16ms alpha 0.156250 beta 3.195312 step_thresh 20ms min_qlen_step 0p coupling_factor 2 drop_on_overload drop_dequeue classic_protection 10% l4s_ect split_gso 
 Sent 121534 bytes 118 pkt (dropped 0, overlimits 0 requeues 0) 
 backlog 0b 0p requeues 0
prob 0.000000 delay_c 0us delay_l 0us
pkts_in_c 31 pkts_in_l 87 maxq 19
ecn_mark 18 step_mark 15
credit -121120 (L-queue)
memory_used 0 (max 45163) of memory limit 30280000

======================================================================
Timestamp: 2026-04-28 21:08:05
qdisc htb 1: root refcnt 13 r2q 10 default 0x10 direct_packets_stat 0 direct_qlen 1000
 Sent 484217 bytes 364 pkt (dropped 0, overlimits 222 requeues 0) 
 backlog 0b 84p requeues 0
qdisc dualpi2 20: parent 1:10 limit 10000p memlimit 30280000B target 15ms tupdate 16ms alpha 0.156250 beta 3.195312 step_thresh 20ms min_qlen_step 0p coupling_factor 2 drop_on_overload drop_dequeue classic_protection 10% l4s_ect split_gso 
 Sent 484217 bytes 364 pkt (dropped 0, overlimits 0 requeues 0) 
 backlog 0b 0p requeues 0
prob 0.000000 delay_c 0us delay_l 0us
pkts_in_c 31 pkts_in_l 333 maxq 19
ecn_mark 18 step_mark 15
credit -121120 (L-queue)
memory_used 0 (max 45163) of memory limit 30280000

======================================================================
Timestamp: 2026-04-28 21:08:06
qdisc htb 1: root refcnt 13 r2q 10 default 0x10 direct_packets_stat 0 direct_qlen 1000
 Sent 620327 bytes 457 pkt (dropped 0, overlimits 302 requeues 0) 
 backlog 4446b 109p requeues 0
qdisc dualpi2 20: parent 1:10 limit 10000p memlimit 30280000B target 15ms tupdate 16ms alpha 0.156250 beta 3.195312 step_thresh 20ms min_qlen_step 0p coupling_factor 2 drop_on_overload drop_dequeue classic_protection 10% l4s_ect split_gso 
 Sent 620327 bytes 457 pkt (dropped 0, overlimits 0 requeues 0) 
 backlog 4446b 3p requeues 0
prob 0.001975 delay_c 0us delay_l 3212us
pkts_in_c 32 pkts_in_l 428 maxq 19
ecn_mark 18 step_mark 15
credit -121120 (L-queue)
memory_used 6944 (max 45163) of memory limit 30280000

======================================================================
Timestamp: 2026-04-28 21:08:07
qdisc htb 1: root refcnt 13 r2q 10 default 0x10 direct_packets_stat 0 direct_qlen 1000
 Sent 1345029 bytes 951 pkt (dropped 0, overlimits 737 requeues 0) 
 backlog 0b 220p requeues 0
qdisc dualpi2 20: parent 1:10 limit 10000p memlimit 30280000B target 15ms tupdate 16ms alpha 0.156250 beta 3.195312 step_thresh 20ms min_qlen_step 0p coupling_factor 2 drop_on_overload drop_dequeue classic_protection 10% l4s_ect split_gso 
 Sent 1345029 bytes 951 pkt (dropped 0, overlimits 0 requeues 0) 
 backlog 0b 0p requeues 0
prob 0.000000 delay_c 0us delay_l 0us
pkts_in_c 35 pkts_in_l 916 maxq 19
ecn_mark 84 step_mark 64
credit 8180 (C-queue)
memory_used 0 (max 45163) of memory limit 30280000

======================================================================
Timestamp: 2026-04-28 21:08:08
qdisc htb 1: root refcnt 13 r2q 10 default 0x10 direct_packets_stat 0 direct_qlen 1000
 Sent 1404033 bytes 991 pkt (dropped 0, overlimits 767 requeues 0) 
 backlog 0b 230p requeues 0
qdisc dualpi2 20: parent 1:10 limit 10000p memlimit 30280000B target 15ms tupdate 16ms alpha 0.156250 beta 3.195312 step_thresh 20ms min_qlen_step 0p coupling_factor 2 drop_on_overload drop_dequeue classic_protection 10% l4s_ect split_gso 
 Sent 1404033 bytes 991 pkt (dropped 0, overlimits 0 requeues 0) 
 backlog 0b 0p requeues 0
prob 0.000000 delay_c 0us delay_l 0us
pkts_in_c 35 pkts_in_l 956 maxq 19
ecn_mark 84 step_mark 64
credit 8180 (C-queue)
memory_used 0 (max 45163) of memory limit 30280000

======================================================================
Timestamp: 2026-04-28 21:08:09
qdisc htb 1: root refcnt 13 r2q 10 default 0x10 direct_packets_stat 0 direct_qlen 1000
 Sent 2210241 bytes 1535 pkt (dropped 0, overlimits 1267 requeues 0) 
 backlog 17784b 379p requeues 0
qdisc dualpi2 20: parent 1:10 limit 10000p memlimit 30280000B target 15ms tupdate 16ms alpha 0.156250 beta 3.195312 step_thresh 20ms min_qlen_step 0p coupling_factor 2 drop_on_overload drop_dequeue classic_protection 10% l4s_ect split_gso 
 Sent 2210241 bytes 1535 pkt (dropped 0, overlimits 0 requeues 0) 
 backlog 17784b 12p requeues 0
prob 0.031730 delay_c 0us delay_l 16044us
pkts_in_c 35 pkts_in_l 1512 maxq 19
ecn_mark 122 step_mark 91
credit 8180 (C-queue)
memory_used 28032 (max 45163) of memory limit 30280000

======================================================================
Timestamp: 2026-04-28 21:08:10
qdisc htb 1: root refcnt 13 r2q 10 default 0x10 direct_packets_stat 0 direct_qlen 1000
 Sent 2678681 bytes 1853 pkt (dropped 0, overlimits 1582 requeues 0) 
 backlog 8892b 450p requeues 0
qdisc dualpi2 20: parent 1:10 limit 10000p memlimit 30280000B target 15ms tupdate 16ms alpha 0.156250 beta 3.195312 step_thresh 20ms min_qlen_step 0p coupling_factor 2 drop_on_overload drop_dequeue classic_protection 10% l4s_ect split_gso 
 Sent 2678681 bytes 1853 pkt (dropped 0, overlimits 0 requeues 0) 
 backlog 8892b 6p requeues 0
prob 0.023953 delay_c 0us delay_l 10049us
pkts_in_c 36 pkts_in_l 1823 maxq 19
ecn_mark 162 step_mark 114
credit 8180 (C-queue)
memory_used 13952 (max 45163) of memory limit 30280000

======================================================================
Timestamp: 2026-04-28 21:08:11
qdisc htb 1: root refcnt 13 r2q 10 default 0x10 direct_packets_stat 0 direct_qlen 1000
 Sent 3557507 bytes 2446 pkt (dropped 0, overlimits 2175 requeues 0) 
 backlog 10374b 599p requeues 0
qdisc dualpi2 20: parent 1:10 limit 10000p memlimit 30280000B target 15ms tupdate 16ms alpha 0.156250 beta 3.195312 step_thresh 20ms min_qlen_step 0p coupling_factor 2 drop_on_overload drop_dequeue classic_protection 10% l4s_ect split_gso 
 Sent 3557507 bytes 2446 pkt (dropped 0, overlimits 0 requeues 0) 
 backlog 10374b 7p requeues 0
prob 0.030078 delay_c 0us delay_l 12324us
pkts_in_c 36 pkts_in_l 2417 maxq 19
ecn_mark 224 step_mark 142
credit 8180 (C-queue)
memory_used 16352 (max 45163) of memory limit 30280000

======================================================================
Timestamp: 2026-04-28 21:08:12
qdisc htb 1: root refcnt 13 r2q 10 default 0x10 direct_packets_stat 0 direct_qlen 1000
 Sent 3977805 bytes 2731 pkt (dropped 0, overlimits 2458 requeues 0) 
 backlog 11856b 670p requeues 0
qdisc dualpi2 20: parent 1:10 limit 10000p memlimit 30280000B target 15ms tupdate 16ms alpha 0.156250 beta 3.195312 step_thresh 20ms min_qlen_step 0p coupling_factor 2 drop_on_overload drop_dequeue classic_protection 10% l4s_ect split_gso 
 Sent 3977805 bytes 2731 pkt (dropped 0, overlimits 0 requeues 0) 
 backlog 11856b 8p requeues 0
prob 0.018728 delay_c 0us delay_l 12145us
pkts_in_c 36 pkts_in_l 2703 maxq 19
ecn_mark 234 step_mark 142
credit 8180 (C-queue)
memory_used 18432 (max 45163) of memory limit 30280000

======================================================================
Timestamp: 2026-04-28 21:08:13
qdisc htb 1: root refcnt 13 r2q 10 default 0x10 direct_packets_stat 0 direct_qlen 1000
 Sent 4855149 bytes 3323 pkt (dropped 0, overlimits 3050 requeues 0) 
 backlog 13338b 819p requeues 0
qdisc dualpi2 20: parent 1:10 limit 10000p memlimit 30280000B target 15ms tupdate 16ms alpha 0.156250 beta 3.195312 step_thresh 20ms min_qlen_step 0p coupling_factor 2 drop_on_overload drop_dequeue classic_protection 10% l4s_ect split_gso 
 Sent 4855149 bytes 3323 pkt (dropped 0, overlimits 0 requeues 0) 
 backlog 13338b 9p requeues 0
prob 0.026589 delay_c 0us delay_l 8130us
pkts_in_c 36 pkts_in_l 3296 maxq 19
ecn_mark 307 step_mark 161
credit 8180 (C-queue)
memory_used 21024 (max 45163) of memory limit 30280000

======================================================================
Timestamp: 2026-04-28 21:08:14
qdisc htb 1: root refcnt 13 r2q 10 default 0x10 direct_packets_stat 0 direct_qlen 1000
 Sent 5201204 bytes 3558 pkt (dropped 0, overlimits 3283 requeues 0) 
 backlog 0b 867p requeues 0
qdisc dualpi2 20: parent 1:10 limit 10000p memlimit 30280000B target 15ms tupdate 16ms alpha 0.156250 beta 3.195312 step_thresh 20ms min_qlen_step 0p coupling_factor 2 drop_on_overload drop_dequeue classic_protection 10% l4s_ect split_gso 
 Sent 5201204 bytes 3558 pkt (dropped 0, overlimits 0 requeues 0) 
 backlog 0b 0p requeues 0
prob 0.000000 delay_c 0us delay_l 0us
pkts_in_c 36 pkts_in_l 3522 maxq 19
ecn_mark 317 step_mark 161
credit 8180 (C-queue)
memory_used 0 (max 45163) of memory limit 30280000

======================================================================
Timestamp: 2026-04-28 21:08:15
qdisc htb 1: root refcnt 13 r2q 10 default 0x10 direct_packets_stat 0 direct_qlen 1000
 Sent 6048908 bytes 4130 pkt (dropped 0, overlimits 3854 requeues 0) 
 backlog 11856b 1017p requeues 0
qdisc dualpi2 20: parent 1:10 limit 10000p memlimit 30280000B target 15ms tupdate 16ms alpha 0.156250 beta 3.195312 step_thresh 20ms min_qlen_step 0p coupling_factor 2 drop_on_overload drop_dequeue classic_protection 10% l4s_ect split_gso 
 Sent 6048908 bytes 4130 pkt (dropped 0, overlimits 0 requeues 0) 
 backlog 11856b 8p requeues 0
prob 0.041474 delay_c 0us delay_l 8998us
pkts_in_c 36 pkts_in_l 4102 maxq 19
ecn_mark 389 step_mark 190
credit 8180 (C-queue)
memory_used 18688 (max 45163) of memory limit 30280000

======================================================================
Timestamp: 2026-04-28 21:08:16
qdisc htb 1: root refcnt 13 r2q 10 default 0x10 direct_packets_stat 0 direct_qlen 1000
 Sent 6457987 bytes 4407 pkt (dropped 0, overlimits 4131 requeues 0) 
 backlog 0b 1076p requeues 0
qdisc dualpi2 20: parent 1:10 limit 10000p memlimit 30280000B target 15ms tupdate 16ms alpha 0.156250 beta 3.195312 step_thresh 20ms min_qlen_step 0p coupling_factor 2 drop_on_overload drop_dequeue classic_protection 10% l4s_ect split_gso 
 Sent 6457987 bytes 4407 pkt (dropped 0, overlimits 0 requeues 0) 
 backlog 0b 0p requeues 0
prob 0.000000 delay_c 0us delay_l 0us
pkts_in_c 36 pkts_in_l 4371 maxq 19
ecn_mark 402 step_mark 190
credit 8180 (C-queue)
memory_used 0 (max 45163) of memory limit 30280000

======================================================================
Timestamp: 2026-04-28 21:08:17
qdisc htb 1: root refcnt 13 r2q 10 default 0x10 direct_packets_stat 0 direct_qlen 1000
 Sent 7266888 bytes 4953 pkt (dropped 0, overlimits 4675 requeues 0) 
 backlog 11856b 1220p requeues 0
qdisc dualpi2 20: parent 1:10 limit 10000p memlimit 30280000B target 15ms tupdate 16ms alpha 0.156250 beta 3.195312 step_thresh 20ms min_qlen_step 0p coupling_factor 2 drop_on_overload drop_dequeue classic_protection 10% l4s_ect split_gso 
 Sent 7266888 bytes 4953 pkt (dropped 0, overlimits 0 requeues 0) 
 backlog 11856b 8p requeues 0
prob 0.014487 delay_c 0us delay_l 8960us
pkts_in_c 36 pkts_in_l 4925 maxq 19
ecn_mark 471 step_mark 215
credit 8180 (C-queue)
memory_used 18656 (max 45163) of memory limit 30280000

======================================================================
Timestamp: 2026-04-28 21:08:18
qdisc htb 1: root refcnt 13 r2q 10 default 0x10 direct_packets_stat 0 direct_qlen 1000
 Sent 7695085 bytes 5243 pkt (dropped 0, overlimits 4964 requeues 0) 
 backlog 0b 1282p requeues 0
qdisc dualpi2 20: parent 1:10 limit 10000p memlimit 30280000B target 15ms tupdate 16ms alpha 0.156250 beta 3.195312 step_thresh 20ms min_qlen_step 0p coupling_factor 2 drop_on_overload drop_dequeue classic_protection 10% l4s_ect split_gso 
 Sent 7695085 bytes 5243 pkt (dropped 0, overlimits 0 requeues 0) 
 backlog 0b 0p requeues 0
prob 0.000000 delay_c 0us delay_l 0us
pkts_in_c 36 pkts_in_l 5207 maxq 19
ecn_mark 480 step_mark 215
credit 8180 (C-queue)
memory_used 0 (max 45163) of memory limit 30280000

======================================================================
Timestamp: 2026-04-28 21:08:19
qdisc htb 1: root refcnt 13 r2q 10 default 0x10 direct_packets_stat 0 direct_qlen 1000
 Sent 8458044 bytes 5758 pkt (dropped 0, overlimits 5477 requeues 0) 
 backlog 10374b 1417p requeues 0
qdisc dualpi2 20: parent 1:10 limit 10000p memlimit 30280000B target 15ms tupdate 16ms alpha 0.156250 beta 3.195312 step_thresh 20ms min_qlen_step 0p coupling_factor 2 drop_on_overload drop_dequeue classic_protection 10% l4s_ect split_gso 
 Sent 8458044 bytes 5758 pkt (dropped 0, overlimits 0 requeues 0) 
 backlog 10374b 7p requeues 0
prob 0.026788 delay_c 0us delay_l 9258us
pkts_in_c 36 pkts_in_l 5729 maxq 19
ecn_mark 552 step_mark 250
credit 8180 (C-queue)
memory_used 16352 (max 45163) of memory limit 30280000

======================================================================
Timestamp: 2026-04-28 21:08:20
qdisc htb 1: root refcnt 13 r2q 10 default 0x10 direct_packets_stat 0 direct_qlen 1000
 Sent 9311634 bytes 6335 pkt (dropped 0, overlimits 6052 requeues 0) 
 backlog 10374b 1556p requeues 0
qdisc dualpi2 20: parent 1:10 limit 10000p memlimit 30280000B target 15ms tupdate 16ms alpha 0.156250 beta 3.195312 step_thresh 20ms min_qlen_step 0p coupling_factor 2 drop_on_overload drop_dequeue classic_protection 10% l4s_ect split_gso 
 Sent 9311634 bytes 6335 pkt (dropped 0, overlimits 0 requeues 0) 
 backlog 10374b 7p requeues 0
prob 0.034915 delay_c 0us delay_l 11213us
pkts_in_c 36 pkts_in_l 6306 maxq 19
ecn_mark 627 step_mark 292
credit 8180 (C-queue)
memory_used 16352 (max 45163) of memory limit 30280000

======================================================================
Timestamp: 2026-04-28 21:08:21
qdisc htb 1: root refcnt 13 r2q 10 default 0x10 direct_packets_stat 0 direct_qlen 1000
 Sent 10177979 bytes 6924 pkt (dropped 0, overlimits 6641 requeues 0) 
 backlog 0b 1693p requeues 0
qdisc dualpi2 20: parent 1:10 limit 10000p memlimit 30280000B target 15ms tupdate 16ms alpha 0.156250 beta 3.195312 step_thresh 20ms min_qlen_step 0p coupling_factor 2 drop_on_overload drop_dequeue classic_protection 10% l4s_ect split_gso 
 Sent 10177979 bytes 6924 pkt (dropped 0, overlimits 0 requeues 0) 
 backlog 0b 0p requeues 0
prob 0.000000 delay_c 0us delay_l 0us
pkts_in_c 38 pkts_in_l 6886 maxq 19
ecn_mark 688 step_mark 331
credit -4420 (L-queue)
memory_used 0 (max 45163) of memory limit 30280000

======================================================================
Timestamp: 2026-04-28 21:08:22
qdisc htb 1: root refcnt 13 r2q 10 default 0x10 direct_packets_stat 0 direct_qlen 1000
 Sent 11043537 bytes 7509 pkt (dropped 0, overlimits 7225 requeues 0) 
 backlog 14820b 1842p requeues 0
qdisc dualpi2 20: parent 1:10 limit 10000p memlimit 30280000B target 15ms tupdate 16ms alpha 0.156250 beta 3.195312 step_thresh 20ms min_qlen_step 0p coupling_factor 2 drop_on_overload drop_dequeue classic_protection 10% l4s_ect split_gso 
 Sent 11043537 bytes 7509 pkt (dropped 0, overlimits 0 requeues 0) 
 backlog 14820b 10p requeues 0
prob 0.043023 delay_c 0us delay_l 17580us
pkts_in_c 39 pkts_in_l 7480 maxq 19
ecn_mark 743 step_mark 356
credit 4100 (C-queue)
memory_used 23360 (max 45163) of memory limit 30280000

======================================================================
Timestamp: 2026-04-28 21:08:23
qdisc htb 1: root refcnt 13 r2q 10 default 0x10 direct_packets_stat 0 direct_qlen 1000
 Sent 11108327 bytes 7553 pkt (dropped 0, overlimits 7269 requeues 0) 
 backlog 0b 1841p requeues 0
qdisc dualpi2 20: parent 1:10 limit 10000p memlimit 30280000B target 15ms tupdate 16ms alpha 0.156250 beta 3.195312 step_thresh 20ms min_qlen_step 0p coupling_factor 2 drop_on_overload drop_dequeue classic_protection 10% l4s_ect split_gso 
 Sent 11108327 bytes 7553 pkt (dropped 0, overlimits 0 requeues 0) 
 backlog 0b 0p requeues 0
prob 0.000000 delay_c 0us delay_l 0us
pkts_in_c 39 pkts_in_l 7514 maxq 19
ecn_mark 753 step_mark 363
credit 4100 (C-queue)
memory_used 0 (max 45163) of memory limit 30280000

======================================================================
Timestamp: 2026-04-28 21:08:24
qdisc htb 1: root refcnt 13 r2q 10 default 0x10 direct_packets_stat 0 direct_qlen 1000
 Sent 11930566 bytes 8108 pkt (dropped 0, overlimits 7822 requeues 0) 
 backlog 16302b 1982p requeues 0
qdisc dualpi2 20: parent 1:10 limit 10000p memlimit 30280000B target 15ms tupdate 16ms alpha 0.156250 beta 3.195312 step_thresh 20ms min_qlen_step 0p coupling_factor 2 drop_on_overload drop_dequeue classic_protection 10% l4s_ect split_gso 
 Sent 11930566 bytes 8108 pkt (dropped 0, overlimits 0 requeues 0) 
 backlog 16302b 11p requeues 0
prob 0.040500 delay_c 0us delay_l 15622us
pkts_in_c 39 pkts_in_l 8080 maxq 19
ecn_mark 796 step_mark 382
credit 4100 (C-queue)
memory_used 25696 (max 45163) of memory limit 30280000

======================================================================
Timestamp: 2026-04-28 21:08:25
qdisc htb 1: root refcnt 13 r2q 10 default 0x10 direct_packets_stat 0 direct_qlen 1000
 Sent 11962815 bytes 8131 pkt (dropped 0, overlimits 7844 requeues 0) 
 backlog 0b 1974p requeues 0
qdisc dualpi2 20: parent 1:10 limit 10000p memlimit 30280000B target 15ms tupdate 16ms alpha 0.156250 beta 3.195312 step_thresh 20ms min_qlen_step 0p coupling_factor 2 drop_on_overload drop_dequeue classic_protection 10% l4s_ect split_gso 
 Sent 11962815 bytes 8131 pkt (dropped 0, overlimits 0 requeues 0) 
 backlog 0b 0p requeues 0
prob 0.000000 delay_c 0us delay_l 0us
pkts_in_c 39 pkts_in_l 8092 maxq 19
ecn_mark 802 step_mark 387
credit 4100 (C-queue)
memory_used 0 (max 45163) of memory limit 30280000

======================================================================
Timestamp: 2026-04-28 21:08:26
qdisc htb 1: root refcnt 13 r2q 10 default 0x10 direct_packets_stat 0 direct_qlen 1000
 Sent 12745261 bytes 8660 pkt (dropped 0, overlimits 8371 requeues 0) 
 backlog 11856b 2102p requeues 0
qdisc dualpi2 20: parent 1:10 limit 10000p memlimit 30280000B target 15ms tupdate 16ms alpha 0.156250 beta 3.195312 step_thresh 20ms min_qlen_step 0p coupling_factor 2 drop_on_overload drop_dequeue classic_protection 10% l4s_ect split_gso 
 Sent 12745261 bytes 8660 pkt (dropped 0, overlimits 0 requeues 0) 
 backlog 11856b 8p requeues 0
prob 0.030714 delay_c 0us delay_l 11924us
pkts_in_c 40 pkts_in_l 8628 maxq 19
ecn_mark 855 step_mark 403
credit -15790 (L-queue)
memory_used 18688 (max 45163) of memory limit 30280000

======================================================================
Timestamp: 2026-04-28 21:08:27
qdisc htb 1: root refcnt 13 r2q 10 default 0x10 direct_packets_stat 0 direct_qlen 1000
 Sent 13127913 bytes 8920 pkt (dropped 0, overlimits 8631 requeues 0) 
 backlog 0b 2157p requeues 0
qdisc dualpi2 20: parent 1:10 limit 10000p memlimit 30280000B target 15ms tupdate 16ms alpha 0.156250 beta 3.195312 step_thresh 20ms min_qlen_step 0p coupling_factor 2 drop_on_overload drop_dequeue classic_protection 10% l4s_ect split_gso 
 Sent 13127913 bytes 8920 pkt (dropped 0, overlimits 0 requeues 0) 
 backlog 0b 0p requeues 0
prob 0.000000 delay_c 0us delay_l 0us
pkts_in_c 40 pkts_in_l 8880 maxq 19
ecn_mark 872 step_mark 403
credit -15790 (L-queue)
memory_used 0 (max 45163) of memory limit 30280000

======================================================================
Timestamp: 2026-04-28 21:08:28
qdisc htb 1: root refcnt 13 r2q 10 default 0x10 direct_packets_stat 0 direct_qlen 1000
 Sent 13867160 bytes 9419 pkt (dropped 0, overlimits 9128 requeues 0) 
 backlog 14820b 2291p requeues 0
qdisc dualpi2 20: parent 1:10 limit 10000p memlimit 30280000B target 15ms tupdate 16ms alpha 0.156250 beta 3.195312 step_thresh 20ms min_qlen_step 0p coupling_factor 2 drop_on_overload drop_dequeue classic_protection 10% l4s_ect split_gso 
 Sent 13867160 bytes 9419 pkt (dropped 0, overlimits 0 requeues 0) 
 backlog 14820b 10p requeues 0
prob 0.045734 delay_c 0us delay_l 16279us
pkts_in_c 40 pkts_in_l 9389 maxq 19
ecn_mark 915 step_mark 407
credit -15790 (L-queue)
memory_used 23360 (max 45163) of memory limit 30280000

======================================================================
Timestamp: 2026-04-28 21:08:29
qdisc htb 1: root refcnt 13 r2q 10 default 0x10 direct_packets_stat 0 direct_qlen 1000
 Sent 13944035 bytes 9472 pkt (dropped 0, overlimits 9180 requeues 0) 
 backlog 0b 2292p requeues 0
qdisc dualpi2 20: parent 1:10 limit 10000p memlimit 30280000B target 15ms tupdate 16ms alpha 0.156250 beta 3.195312 step_thresh 20ms min_qlen_step 0p coupling_factor 2 drop_on_overload drop_dequeue classic_protection 10% l4s_ect split_gso 
 Sent 13944035 bytes 9472 pkt (dropped 0, overlimits 0 requeues 0) 
 backlog 0b 0p requeues 0
prob 0.000000 delay_c 0us delay_l 0us
pkts_in_c 40 pkts_in_l 9432 maxq 19
ecn_mark 918 step_mark 409
credit -15790 (L-queue)
memory_used 0 (max 45163) of memory limit 30280000

======================================================================
Timestamp: 2026-04-28 21:08:30
qdisc htb 1: root refcnt 13 r2q 10 default 0x10 direct_packets_stat 0 direct_qlen 1000
 Sent 14640304 bytes 9942 pkt (dropped 0, overlimits 9648 requeues 0) 
 backlog 13338b 2418p requeues 0
qdisc dualpi2 20: parent 1:10 limit 10000p memlimit 30280000B target 15ms tupdate 16ms alpha 0.156250 beta 3.195312 step_thresh 20ms min_qlen_step 0p coupling_factor 2 drop_on_overload drop_dequeue classic_protection 10% l4s_ect split_gso 
 Sent 14640304 bytes 9942 pkt (dropped 0, overlimits 0 requeues 0) 
 backlog 13338b 9p requeues 0
prob 0.045559 delay_c 0us delay_l 13807us
pkts_in_c 40 pkts_in_l 9911 maxq 19
ecn_mark 969 step_mark 424
credit -15790 (L-queue)
memory_used 21024 (max 45163) of memory limit 30280000

======================================================================
Timestamp: 2026-04-28 21:08:31
qdisc htb 1: root refcnt 13 r2q 10 default 0x10 direct_packets_stat 0 direct_qlen 1000
 Sent 15206796 bytes 10325 pkt (dropped 0, overlimits 10031 requeues 0) 
 backlog 0b 2503p requeues 0
qdisc dualpi2 20: parent 1:10 limit 10000p memlimit 30280000B target 15ms tupdate 16ms alpha 0.156250 beta 3.195312 step_thresh 20ms min_qlen_step 0p coupling_factor 2 drop_on_overload drop_dequeue classic_protection 10% l4s_ect split_gso 
 Sent 15206796 bytes 10325 pkt (dropped 0, overlimits 0 requeues 0) 
 backlog 0b 0p requeues 0
prob 0.000000 delay_c 0us delay_l 0us
pkts_in_c 40 pkts_in_l 10285 maxq 19
ecn_mark 996 step_mark 424
credit -15790 (L-queue)
memory_used 0 (max 45163) of memory limit 30280000

======================================================================
Timestamp: 2026-04-28 21:08:32
qdisc htb 1: root refcnt 13 r2q 10 default 0x10 direct_packets_stat 0 direct_qlen 1000
 Sent 15864533 bytes 10769 pkt (dropped 0, overlimits 10473 requeues 0) 
 backlog 11856b 2621p requeues 0
qdisc dualpi2 20: parent 1:10 limit 10000p memlimit 30280000B target 15ms tupdate 16ms alpha 0.156250 beta 3.195312 step_thresh 20ms min_qlen_step 0p coupling_factor 2 drop_on_overload drop_dequeue classic_protection 10% l4s_ect split_gso 
 Sent 15864533 bytes 10769 pkt (dropped 0, overlimits 0 requeues 0) 
 backlog 11856b 8p requeues 0
prob 0.057009 delay_c 0us delay_l 12997us
pkts_in_c 40 pkts_in_l 10737 maxq 19
ecn_mark 1044 step_mark 432
credit -15790 (L-queue)
memory_used 18688 (max 45163) of memory limit 30280000

======================================================================
Timestamp: 2026-04-28 21:08:33
qdisc htb 1: root refcnt 13 r2q 10 default 0x10 direct_packets_stat 0 direct_qlen 1000
 Sent 16522167 bytes 11214 pkt (dropped 0, overlimits 10918 requeues 0) 
 backlog 0b 2722p requeues 0
qdisc dualpi2 20: parent 1:10 limit 10000p memlimit 30280000B target 15ms tupdate 16ms alpha 0.156250 beta 3.195312 step_thresh 20ms min_qlen_step 0p coupling_factor 2 drop_on_overload drop_dequeue classic_protection 10% l4s_ect split_gso 
 Sent 16522167 bytes 11214 pkt (dropped 0, overlimits 0 requeues 0) 
 backlog 0b 0p requeues 0
prob 0.000000 delay_c 0us delay_l 0us
pkts_in_c 41 pkts_in_l 11173 maxq 19
ecn_mark 1086 step_mark 433
credit 10070 (C-queue)
memory_used 0 (max 45163) of memory limit 30280000

======================================================================
Timestamp: 2026-04-28 21:08:34
qdisc htb 1: root refcnt 13 r2q 10 default 0x10 direct_packets_stat 0 direct_qlen 1000
 Sent 17138408 bytes 11630 pkt (dropped 0, overlimits 11332 requeues 0) 
 backlog 13338b 2834p requeues 0
qdisc dualpi2 20: parent 1:10 limit 10000p memlimit 30280000B target 15ms tupdate 16ms alpha 0.156250 beta 3.195312 step_thresh 20ms min_qlen_step 0p coupling_factor 2 drop_on_overload drop_dequeue classic_protection 10% l4s_ect split_gso 
 Sent 17138408 bytes 11630 pkt (dropped 0, overlimits 0 requeues 0) 
 backlog 13338b 9p requeues 0
prob 0.051544 delay_c 0us delay_l 19598us
pkts_in_c 41 pkts_in_l 11598 maxq 19
ecn_mark 1140 step_mark 455
credit 10070 (C-queue)
memory_used 21024 (max 45163) of memory limit 30280000

======================================================================
Timestamp: 2026-04-28 21:08:35
qdisc htb 1: root refcnt 13 r2q 10 default 0x10 direct_packets_stat 0 direct_qlen 1000
 Sent 17742276 bytes 12038 pkt (dropped 0, overlimits 11740 requeues 0) 
 backlog 0b 2925p requeues 0
qdisc dualpi2 20: parent 1:10 limit 10000p memlimit 30280000B target 15ms tupdate 16ms alpha 0.156250 beta 3.195312 step_thresh 20ms min_qlen_step 0p coupling_factor 2 drop_on_overload drop_dequeue classic_protection 10% l4s_ect split_gso 
 Sent 17742276 bytes 12038 pkt (dropped 0, overlimits 0 requeues 0) 
 backlog 0b 0p requeues 0
prob 0.000000 delay_c 0us delay_l 0us
pkts_in_c 41 pkts_in_l 11997 maxq 19
ecn_mark 1157 step_mark 458
credit 10070 (C-queue)
memory_used 0 (max 45163) of memory limit 30280000

======================================================================
Timestamp: 2026-04-28 21:08:37
qdisc htb 1: root refcnt 13 r2q 10 default 0x10 direct_packets_stat 0 direct_qlen 1000
 Sent 18317021 bytes 12426 pkt (dropped 0, overlimits 12126 requeues 0) 
 backlog 8892b 3027p requeues 0
qdisc dualpi2 20: parent 1:10 limit 10000p memlimit 30280000B target 15ms tupdate 16ms alpha 0.156250 beta 3.195312 step_thresh 20ms min_qlen_step 0p coupling_factor 2 drop_on_overload drop_dequeue classic_protection 10% l4s_ect split_gso 
 Sent 18317021 bytes 12426 pkt (dropped 0, overlimits 0 requeues 0) 
 backlog 8892b 6p requeues 0
prob 0.039986 delay_c 0us delay_l 13266us
pkts_in_c 41 pkts_in_l 12391 maxq 19
ecn_mark 1220 step_mark 478
credit 10070 (C-queue)
memory_used 14016 (max 45163) of memory limit 30280000

======================================================================
Timestamp: 2026-04-28 21:08:38
qdisc htb 1: root refcnt 13 r2q 10 default 0x10 direct_packets_stat 0 direct_qlen 1000
 Sent 19087588 bytes 12947 pkt (dropped 0, overlimits 12647 requeues 0) 
 backlog 0b 3150p requeues 0
qdisc dualpi2 20: parent 1:10 limit 10000p memlimit 30280000B target 15ms tupdate 16ms alpha 0.156250 beta 3.195312 step_thresh 20ms min_qlen_step 0p coupling_factor 2 drop_on_overload drop_dequeue classic_protection 10% l4s_ect split_gso 
 Sent 19087588 bytes 12947 pkt (dropped 0, overlimits 0 requeues 0) 
 backlog 0b 0p requeues 0
prob 0.000000 delay_c 0us delay_l 0us
pkts_in_c 41 pkts_in_l 12906 maxq 19
ecn_mark 1251 step_mark 478
credit 10070 (C-queue)
memory_used 0 (max 45163) of memory limit 30280000

======================================================================
Timestamp: 2026-04-28 21:08:39
qdisc htb 1: root refcnt 13 r2q 10 default 0x10 direct_packets_stat 0 direct_qlen 1000
 Sent 19619355 bytes 13306 pkt (dropped 0, overlimits 13004 requeues 0) 
 backlog 11856b 3247p requeues 0
qdisc dualpi2 20: parent 1:10 limit 10000p memlimit 30280000B target 15ms tupdate 16ms alpha 0.156250 beta 3.195312 step_thresh 20ms min_qlen_step 0p coupling_factor 2 drop_on_overload drop_dequeue classic_protection 10% l4s_ect split_gso 
 Sent 19619355 bytes 13306 pkt (dropped 0, overlimits 0 requeues 0) 
 backlog 11856b 8p requeues 0
prob 0.036561 delay_c 0us delay_l 9094us
pkts_in_c 41 pkts_in_l 13273 maxq 19
ecn_mark 1308 step_mark 491
credit 10070 (C-queue)
memory_used 18688 (max 45163) of memory limit 30280000

======================================================================
Timestamp: 2026-04-28 21:08:40
qdisc htb 1: root refcnt 13 r2q 10 default 0x10 direct_packets_stat 0 direct_qlen 1000
 Sent 20272093 bytes 13748 pkt (dropped 0, overlimits 13445 requeues 0) 
 backlog 0b 3345p requeues 0
qdisc dualpi2 20: parent 1:10 limit 10000p memlimit 30280000B target 15ms tupdate 16ms alpha 0.156250 beta 3.195312 step_thresh 20ms min_qlen_step 0p coupling_factor 2 drop_on_overload drop_dequeue classic_protection 10% l4s_ect split_gso 
 Sent 20272093 bytes 13748 pkt (dropped 0, overlimits 0 requeues 0) 
 backlog 0b 0p requeues 0
prob 0.000000 delay_c 0us delay_l 0us
pkts_in_c 41 pkts_in_l 13707 maxq 19
ecn_mark 1325 step_mark 491
credit 10070 (C-queue)
memory_used 0 (max 45163) of memory limit 30280000

======================================================================
Timestamp: 2026-04-28 21:08:41
qdisc htb 1: root refcnt 13 r2q 10 default 0x10 direct_packets_stat 0 direct_qlen 1000
 Sent 20765328 bytes 14081 pkt (dropped 0, overlimits 13776 requeues 0) 
 backlog 11856b 3436p requeues 0
qdisc dualpi2 20: parent 1:10 limit 10000p memlimit 30280000B target 15ms tupdate 16ms alpha 0.156250 beta 3.195312 step_thresh 20ms min_qlen_step 0p coupling_factor 2 drop_on_overload drop_dequeue classic_protection 10% l4s_ect split_gso 
 Sent 20765328 bytes 14081 pkt (dropped 0, overlimits 0 requeues 0) 
 backlog 11856b 8p requeues 0
prob 0.020701 delay_c 0us delay_l 9134us
pkts_in_c 41 pkts_in_l 14048 maxq 19
ecn_mark 1389 step_mark 529
credit 10070 (C-queue)
memory_used 18688 (max 45163) of memory limit 30280000

======================================================================
Timestamp: 2026-04-28 21:08:42
qdisc htb 1: root refcnt 13 r2q 10 default 0x10 direct_packets_stat 0 direct_qlen 1000
 Sent 21574490 bytes 14628 pkt (dropped 0, overlimits 14323 requeues 0) 
 backlog 0b 3562p requeues 0
qdisc dualpi2 20: parent 1:10 limit 10000p memlimit 30280000B target 15ms tupdate 16ms alpha 0.156250 beta 3.195312 step_thresh 20ms min_qlen_step 0p coupling_factor 2 drop_on_overload drop_dequeue classic_protection 10% l4s_ect split_gso 
 Sent 21574490 bytes 14628 pkt (dropped 0, overlimits 0 requeues 0) 
 backlog 0b 0p requeues 0
prob 0.000000 delay_c 0us delay_l 0us
pkts_in_c 41 pkts_in_l 14587 maxq 19
ecn_mark 1433 step_mark 555
credit 10070 (C-queue)
memory_used 0 (max 45163) of memory limit 30280000

======================================================================
Timestamp: 2026-04-28 21:08:43
qdisc htb 1: root refcnt 13 r2q 10 default 0x10 direct_packets_stat 0 direct_qlen 1000
 Sent 22024747 bytes 14932 pkt (dropped 0, overlimits 14625 requeues 0) 
 backlog 10374b 3643p requeues 0
qdisc dualpi2 20: parent 1:10 limit 10000p memlimit 30280000B target 15ms tupdate 16ms alpha 0.156250 beta 3.195312 step_thresh 20ms min_qlen_step 0p coupling_factor 2 drop_on_overload drop_dequeue classic_protection 10% l4s_ect split_gso 
 Sent 22024747 bytes 14932 pkt (dropped 0, overlimits 0 requeues 0) 
 backlog 10374b 7p requeues 0
prob 0.019153 delay_c 0us delay_l 11097us
pkts_in_c 41 pkts_in_l 14898 maxq 19
ecn_mark 1456 step_mark 555
credit 10070 (C-queue)
memory_used 16352 (max 45163) of memory limit 30280000

======================================================================
Timestamp: 2026-04-28 21:08:44
qdisc htb 1: root refcnt 13 r2q 10 default 0x10 direct_packets_stat 0 direct_qlen 1000
 Sent 22804705 bytes 15460 pkt (dropped 0, overlimits 15152 requeues 0) 
 backlog 0b 3765p requeues 0
qdisc dualpi2 20: parent 1:10 limit 10000p memlimit 30280000B target 15ms tupdate 16ms alpha 0.156250 beta 3.195312 step_thresh 20ms min_qlen_step 0p coupling_factor 2 drop_on_overload drop_dequeue classic_protection 10% l4s_ect split_gso 
 Sent 22804705 bytes 15460 pkt (dropped 0, overlimits 0 requeues 0) 
 backlog 0b 0p requeues 0
prob 0.000000 delay_c 0us delay_l 0us
pkts_in_c 41 pkts_in_l 15419 maxq 19
ecn_mark 1525 step_mark 586
credit 10070 (C-queue)
memory_used 0 (max 45163) of memory limit 30280000

======================================================================
Timestamp: 2026-04-28 21:08:45
qdisc htb 1: root refcnt 13 r2q 10 default 0x10 direct_packets_stat 0 direct_qlen 1000
 Sent 23214948 bytes 15737 pkt (dropped 0, overlimits 15427 requeues 0) 
 backlog 11856b 3842p requeues 0
qdisc dualpi2 20: parent 1:10 limit 10000p memlimit 30280000B target 15ms tupdate 16ms alpha 0.156250 beta 3.195312 step_thresh 20ms min_qlen_step 0p coupling_factor 2 drop_on_overload drop_dequeue classic_protection 10% l4s_ect split_gso 
 Sent 23214948 bytes 15737 pkt (dropped 0, overlimits 0 requeues 0) 
 backlog 11856b 8p requeues 0
prob 0.008514 delay_c 0us delay_l 13295us
pkts_in_c 41 pkts_in_l 15704 maxq 19
ecn_mark 1540 step_mark 586
credit 10070 (C-queue)
memory_used 18624 (max 45163) of memory limit 30280000

======================================================================
Timestamp: 2026-04-28 21:08:46
qdisc htb 1: root refcnt 13 r2q 10 default 0x10 direct_packets_stat 0 direct_qlen 1000
 Sent 24090425 bytes 16328 pkt (dropped 0, overlimits 16018 requeues 0) 
 backlog 0b 3980p requeues 0
qdisc dualpi2 20: parent 1:10 limit 10000p memlimit 30280000B target 15ms tupdate 16ms alpha 0.156250 beta 3.195312 step_thresh 20ms min_qlen_step 0p coupling_factor 2 drop_on_overload drop_dequeue classic_protection 10% l4s_ect split_gso 
 Sent 24090425 bytes 16328 pkt (dropped 0, overlimits 0 requeues 0) 
 backlog 0b 0p requeues 0
prob 0.012975 delay_c 0us delay_l 0us
pkts_in_c 41 pkts_in_l 16287 maxq 19
ecn_mark 1602 step_mark 627
credit 10070 (C-queue)
memory_used 0 (max 45163) of memory limit 30280000

======================================================================
Timestamp: 2026-04-28 21:08:47
qdisc htb 1: root refcnt 13 r2q 10 default 0x10 direct_packets_stat 0 direct_qlen 1000
 Sent 24456305 bytes 16576 pkt (dropped 0, overlimits 16263 requeues 0) 
 backlog 13338b 4050p requeues 0
qdisc dualpi2 20: parent 1:10 limit 10000p memlimit 30280000B target 15ms tupdate 16ms alpha 0.156250 beta 3.195312 step_thresh 20ms min_qlen_step 0p coupling_factor 2 drop_on_overload drop_dequeue classic_protection 10% l4s_ect split_gso 
 Sent 24456305 bytes 16576 pkt (dropped 0, overlimits 0 requeues 0) 
 backlog 13338b 9p requeues 0
prob 0.030064 delay_c 0us delay_l 16497us
pkts_in_c 41 pkts_in_l 16544 maxq 19
ecn_mark 1616 step_mark 627
credit 10070 (C-queue)
memory_used 21024 (max 45163) of memory limit 30280000

======================================================================
Timestamp: 2026-04-28 21:08:48
qdisc htb 1: root refcnt 13 r2q 10 default 0x10 direct_packets_stat 0 direct_qlen 1000
 Sent 25090323 bytes 17006 pkt (dropped 0, overlimits 16692 requeues 0) 
 backlog 0b 4146p requeues 0
qdisc dualpi2 20: parent 1:10 limit 10000p memlimit 30280000B target 15ms tupdate 16ms alpha 0.156250 beta 3.195312 step_thresh 20ms min_qlen_step 0p coupling_factor 2 drop_on_overload drop_dequeue classic_protection 10% l4s_ect split_gso 
 Sent 25090323 bytes 17006 pkt (dropped 0, overlimits 0 requeues 0) 
 backlog 0b 0p requeues 0
prob 0.000000 delay_c 0us delay_l 0us
pkts_in_c 42 pkts_in_l 16964 maxq 19
ecn_mark 1672 step_mark 646
credit 6290 (C-queue)
memory_used 0 (max 45163) of memory limit 30280000

======================================================================
Timestamp: 2026-04-28 21:08:49
qdisc htb 1: root refcnt 13 r2q 10 default 0x10 direct_packets_stat 0 direct_qlen 1000
 Sent 25416092 bytes 17226 pkt (dropped 0, overlimits 16910 requeues 0) 
 backlog 8892b 4206p requeues 0
qdisc dualpi2 20: parent 1:10 limit 10000p memlimit 30280000B target 15ms tupdate 16ms alpha 0.156250 beta 3.195312 step_thresh 20ms min_qlen_step 0p coupling_factor 2 drop_on_overload drop_dequeue classic_protection 10% l4s_ect split_gso 
 Sent 25416092 bytes 17226 pkt (dropped 0, overlimits 0 requeues 0) 
 backlog 8892b 6p requeues 0
prob 0.019474 delay_c 0us delay_l 12418us
pkts_in_c 42 pkts_in_l 17190 maxq 19
ecn_mark 1682 step_mark 646
credit 6290 (C-queue)
memory_used 14016 (max 45163) of memory limit 30280000

======================================================================
Timestamp: 2026-04-28 21:08:50
qdisc htb 1: root refcnt 13 r2q 10 default 0x10 direct_packets_stat 0 direct_qlen 1000
 Sent 26293436 bytes 17818 pkt (dropped 0, overlimits 17502 requeues 0) 
 backlog 10374b 4356p requeues 0
qdisc dualpi2 20: parent 1:10 limit 10000p memlimit 30280000B target 15ms tupdate 16ms alpha 0.156250 beta 3.195312 step_thresh 20ms min_qlen_step 0p coupling_factor 2 drop_on_overload drop_dequeue classic_protection 10% l4s_ect split_gso 
 Sent 26293436 bytes 17818 pkt (dropped 0, overlimits 0 requeues 0) 
 backlog 10374b 7p requeues 0
prob 0.029042 delay_c 0us delay_l 11419us
pkts_in_c 42 pkts_in_l 17783 maxq 19
ecn_mark 1745 step_mark 675
credit 6290 (C-queue)
memory_used 16352 (max 45163) of memory limit 30280000

======================================================================
Timestamp: 2026-04-28 21:08:51
qdisc htb 1: root refcnt 13 r2q 10 default 0x10 direct_packets_stat 0 direct_qlen 1000
 Sent 26680802 bytes 18082 pkt (dropped 0, overlimits 17762 requeues 0) 
 backlog 13338b 4421p requeues 0
qdisc dualpi2 20: parent 1:10 limit 10000p memlimit 30280000B target 15ms tupdate 16ms alpha 0.156250 beta 3.195312 step_thresh 20ms min_qlen_step 0p coupling_factor 2 drop_on_overload drop_dequeue classic_protection 10% l4s_ect split_gso 
 Sent 26680802 bytes 18082 pkt (dropped 0, overlimits 0 requeues 0) 
 backlog 13338b 9p requeues 0
prob 0.028756 delay_c 0us delay_l 10783us
pkts_in_c 44 pkts_in_l 18047 maxq 19
ecn_mark 1760 step_mark 675
credit 6290 (C-queue)
memory_used 21024 (max 45163) of memory limit 30280000

======================================================================
Timestamp: 2026-04-28 21:08:52
qdisc htb 1: root refcnt 13 r2q 10 default 0x10 direct_packets_stat 0 direct_qlen 1000
 Sent 27558146 bytes 18674 pkt (dropped 0, overlimits 18354 requeues 0) 
 backlog 11856b 4568p requeues 0
qdisc dualpi2 20: parent 1:10 limit 10000p memlimit 30280000B target 15ms tupdate 16ms alpha 0.156250 beta 3.195312 step_thresh 20ms min_qlen_step 0p coupling_factor 2 drop_on_overload drop_dequeue classic_protection 10% l4s_ect split_gso 
 Sent 27558146 bytes 18674 pkt (dropped 0, overlimits 0 requeues 0) 
 backlog 11856b 8p requeues 0
prob 0.011052 delay_c 0us delay_l 11565us
pkts_in_c 44 pkts_in_l 18638 maxq 19
ecn_mark 1824 step_mark 704
credit 6290 (C-queue)
memory_used 18688 (max 45163) of memory limit 30280000

======================================================================
Timestamp: 2026-04-28 21:08:53
qdisc htb 1: root refcnt 13 r2q 10 default 0x10 direct_packets_stat 0 direct_qlen 1000
 Sent 27901406 bytes 18908 pkt (dropped 0, overlimits 18585 requeues 0) 
 backlog 14820b 4626p requeues 0
qdisc dualpi2 20: parent 1:10 limit 10000p memlimit 30280000B target 15ms tupdate 16ms alpha 0.156250 beta 3.195312 step_thresh 20ms min_qlen_step 0p coupling_factor 2 drop_on_overload drop_dequeue classic_protection 10% l4s_ect split_gso 
 Sent 27901406 bytes 18908 pkt (dropped 0, overlimits 0 requeues 0) 
 backlog 14820b 10p requeues 0
prob 0.062957 delay_c 0us delay_l 17953us
pkts_in_c 45 pkts_in_l 18873 maxq 19
ecn_mark 1842 step_mark 708
credit 6290 (C-queue)
memory_used 23360 (max 45163) of memory limit 30280000

======================================================================
Timestamp: 2026-04-28 21:08:54
qdisc htb 1: root refcnt 13 r2q 10 default 0x10 direct_packets_stat 0 direct_qlen 1000
 Sent 28780232 bytes 19501 pkt (dropped 0, overlimits 19178 requeues 0) 
 backlog 10374b 4771p requeues 0
qdisc dualpi2 20: parent 1:10 limit 10000p memlimit 30280000B target 15ms tupdate 16ms alpha 0.156250 beta 3.195312 step_thresh 20ms min_qlen_step 0p coupling_factor 2 drop_on_overload drop_dequeue classic_protection 10% l4s_ect split_gso 
 Sent 28780232 bytes 19501 pkt (dropped 0, overlimits 0 requeues 0) 
 backlog 10374b 7p requeues 0
prob 0.017557 delay_c 0us delay_l 12142us
pkts_in_c 45 pkts_in_l 19463 maxq 19
ecn_mark 1907 step_mark 727
credit 6290 (C-queue)
memory_used 16352 (max 45163) of memory limit 30280000

======================================================================
Timestamp: 2026-04-28 21:08:55
qdisc htb 1: root refcnt 13 r2q 10 default 0x10 direct_packets_stat 0 direct_qlen 1000
 Sent 29037417 bytes 19675 pkt (dropped 0, overlimits 19350 requeues 0) 
 backlog 11856b 4813p requeues 0
qdisc dualpi2 20: parent 1:10 limit 10000p memlimit 30280000B target 15ms tupdate 16ms alpha 0.156250 beta 3.195312 step_thresh 20ms min_qlen_step 0p coupling_factor 2 drop_on_overload drop_dequeue classic_protection 10% l4s_ect split_gso 
 Sent 29037417 bytes 19675 pkt (dropped 0, overlimits 0 requeues 0) 
 backlog 11856b 8p requeues 0
prob 0.054747 delay_c 0us delay_l 12598us
pkts_in_c 45 pkts_in_l 19638 maxq 19
ecn_mark 1917 step_mark 728
credit 6290 (C-queue)
memory_used 18688 (max 45163) of memory limit 30280000

======================================================================
Timestamp: 2026-04-28 21:08:56
qdisc htb 1: root refcnt 13 r2q 10 default 0x10 direct_packets_stat 0 direct_qlen 1000
 Sent 29916243 bytes 20268 pkt (dropped 0, overlimits 19943 requeues 0) 
 backlog 10374b 4961p requeues 0
qdisc dualpi2 20: parent 1:10 limit 10000p memlimit 30280000B target 15ms tupdate 16ms alpha 0.156250 beta 3.195312 step_thresh 20ms min_qlen_step 0p coupling_factor 2 drop_on_overload drop_dequeue classic_protection 10% l4s_ect split_gso 
 Sent 29916243 bytes 20268 pkt (dropped 0, overlimits 0 requeues 0) 
 backlog 10374b 7p requeues 0
prob 0.022523 delay_c 0us delay_l 10252us
pkts_in_c 45 pkts_in_l 20230 maxq 19
ecn_mark 1984 step_mark 755
credit 6290 (C-queue)
memory_used 16352 (max 45163) of memory limit 30280000

======================================================================
Timestamp: 2026-04-28 21:08:57
qdisc htb 1: root refcnt 13 r2q 10 default 0x10 direct_packets_stat 0 direct_qlen 1000
 Sent 30330604 bytes 20549 pkt (dropped 0, overlimits 20221 requeues 0) 
 backlog 11856b 5029p requeues 0
qdisc dualpi2 20: parent 1:10 limit 10000p memlimit 30280000B target 15ms tupdate 16ms alpha 0.156250 beta 3.195312 step_thresh 20ms min_qlen_step 0p coupling_factor 2 drop_on_overload drop_dequeue classic_protection 10% l4s_ect split_gso 
 Sent 30330604 bytes 20549 pkt (dropped 0, overlimits 0 requeues 0) 
 backlog 11856b 8p requeues 0
prob 0.035719 delay_c 0us delay_l 12535us
pkts_in_c 45 pkts_in_l 20512 maxq 19
ecn_mark 2001 step_mark 755
credit 6290 (C-queue)
memory_used 18688 (max 45163) of memory limit 30280000

======================================================================
Timestamp: 2026-04-28 21:08:58
qdisc htb 1: root refcnt 13 r2q 10 default 0x10 direct_packets_stat 0 direct_qlen 1000
 Sent 31207948 bytes 21141 pkt (dropped 0, overlimits 20813 requeues 0) 
 backlog 13338b 5179p requeues 0
qdisc dualpi2 20: parent 1:10 limit 10000p memlimit 30280000B target 15ms tupdate 16ms alpha 0.156250 beta 3.195312 step_thresh 20ms min_qlen_step 0p coupling_factor 2 drop_on_overload drop_dequeue classic_protection 10% l4s_ect split_gso 
 Sent 31207948 bytes 21141 pkt (dropped 0, overlimits 0 requeues 0) 
 backlog 13338b 9p requeues 0
prob 0.032845 delay_c 0us delay_l 9638us
pkts_in_c 45 pkts_in_l 21105 maxq 19
ecn_mark 2064 step_mark 779
credit 6290 (C-queue)
memory_used 21024 (max 45163) of memory limit 30280000

======================================================================
Timestamp: 2026-04-28 21:08:59
qdisc htb 1: root refcnt 13 r2q 10 default 0x10 direct_packets_stat 0 direct_qlen 1000
 Sent 31398302 bytes 21272 pkt (dropped 0, overlimits 20941 requeues 0) 
 backlog 13338b 5208p requeues 0
qdisc dualpi2 20: parent 1:10 limit 10000p memlimit 30280000B target 15ms tupdate 16ms alpha 0.156250 beta 3.195312 step_thresh 20ms min_qlen_step 0p coupling_factor 2 drop_on_overload drop_dequeue classic_protection 10% l4s_ect split_gso 
 Sent 31398302 bytes 21272 pkt (dropped 0, overlimits 0 requeues 0) 
 backlog 13338b 9p requeues 0
prob 0.032132 delay_c 0us delay_l 15944us
pkts_in_c 46 pkts_in_l 21235 maxq 19
ecn_mark 2071 step_mark 779
credit 6290 (C-queue)
memory_used 21024 (max 45163) of memory limit 30280000

======================================================================
Timestamp: 2026-04-28 21:09:00
qdisc htb 1: root refcnt 13 r2q 10 default 0x10 direct_packets_stat 0 direct_qlen 1000
 Sent 32277128 bytes 21865 pkt (dropped 0, overlimits 21534 requeues 0) 
 backlog 10374b 5355p requeues 0
qdisc dualpi2 20: parent 1:10 limit 10000p memlimit 30280000B target 15ms tupdate 16ms alpha 0.156250 beta 3.195312 step_thresh 20ms min_qlen_step 0p coupling_factor 2 drop_on_overload drop_dequeue classic_protection 10% l4s_ect split_gso 
 Sent 32277128 bytes 21865 pkt (dropped 0, overlimits 0 requeues 0) 
 backlog 10374b 7p requeues 0
prob 0.000017 delay_c 0us delay_l 11691us
pkts_in_c 46 pkts_in_l 21826 maxq 19
ecn_mark 2147 step_mark 798
credit 6290 (C-queue)
memory_used 16288 (max 45163) of memory limit 30280000

======================================================================
Timestamp: 2026-04-28 21:09:01
qdisc htb 1: root refcnt 13 r2q 10 default 0x10 direct_packets_stat 0 direct_qlen 1000
 Sent 32450882 bytes 21984 pkt (dropped 0, overlimits 21650 requeues 0) 
 backlog 13338b 5384p requeues 0
qdisc dualpi2 20: parent 1:10 limit 10000p memlimit 30280000B target 15ms tupdate 16ms alpha 0.156250 beta 3.195312 step_thresh 20ms min_qlen_step 0p coupling_factor 2 drop_on_overload drop_dequeue classic_protection 10% l4s_ect split_gso 
 Sent 32450882 bytes 21984 pkt (dropped 0, overlimits 0 requeues 0) 
 backlog 13338b 9p requeues 0
prob 0.032259 delay_c 0us delay_l 13471us
pkts_in_c 46 pkts_in_l 21947 maxq 19
ecn_mark 2149 step_mark 798
credit 6290 (C-queue)
memory_used 20992 (max 45163) of memory limit 30280000

======================================================================
Timestamp: 2026-04-28 21:09:02
qdisc htb 1: root refcnt 13 r2q 10 default 0x10 direct_packets_stat 0 direct_qlen 1000
 Sent 33329750 bytes 22578 pkt (dropped 0, overlimits 22244 requeues 0) 
 backlog 16302b 5534p requeues 0
qdisc dualpi2 20: parent 1:10 limit 10000p memlimit 30280000B target 15ms tupdate 16ms alpha 0.156250 beta 3.195312 step_thresh 20ms min_qlen_step 0p coupling_factor 2 drop_on_overload drop_dequeue classic_protection 10% l4s_ect split_gso 
 Sent 33329750 bytes 22578 pkt (dropped 0, overlimits 0 requeues 0) 
 backlog 16302b 11p requeues 0
prob 0.035755 delay_c 0us delay_l 15818us
pkts_in_c 47 pkts_in_l 22542 maxq 19
ecn_mark 2211 step_mark 814
credit 2510 (C-queue)
memory_used 25696 (max 45163) of memory limit 30280000

======================================================================
Timestamp: 2026-04-28 21:09:03
qdisc htb 1: root refcnt 13 r2q 10 default 0x10 direct_packets_stat 0 direct_qlen 1000
 Sent 33681280 bytes 22816 pkt (dropped 0, overlimits 22480 requeues 0) 
 backlog 10374b 5586p requeues 0
qdisc dualpi2 20: parent 1:10 limit 10000p memlimit 30280000B target 15ms tupdate 16ms alpha 0.156250 beta 3.195312 step_thresh 20ms min_qlen_step 0p coupling_factor 2 drop_on_overload drop_dequeue classic_protection 10% l4s_ect split_gso 
 Sent 33681280 bytes 22816 pkt (dropped 0, overlimits 0 requeues 0) 
 backlog 10374b 7p requeues 0
prob 0.038072 delay_c 0us delay_l 10917us
pkts_in_c 47 pkts_in_l 22776 maxq 19
ecn_mark 2230 step_mark 827
credit 2510 (C-queue)
memory_used 16288 (max 45163) of memory limit 30280000

======================================================================
Timestamp: 2026-04-28 21:09:04
qdisc htb 1: root refcnt 13 r2q 10 default 0x10 direct_packets_stat 0 direct_qlen 1000
 Sent 34535291 bytes 23394 pkt (dropped 0, overlimits 23056 requeues 0) 
 backlog 14820b 5729p requeues 0
qdisc dualpi2 20: parent 1:10 limit 10000p memlimit 30280000B target 15ms tupdate 16ms alpha 0.156250 beta 3.195312 step_thresh 20ms min_qlen_step 0p coupling_factor 2 drop_on_overload drop_dequeue classic_protection 10% l4s_ect split_gso 
 Sent 34535291 bytes 23394 pkt (dropped 0, overlimits 0 requeues 0) 
 backlog 14820b 10p requeues 0
prob 0.047189 delay_c 0us delay_l 16965us
pkts_in_c 47 pkts_in_l 23357 maxq 19
ecn_mark 2274 step_mark 831
credit 2510 (C-queue)
memory_used 23360 (max 45163) of memory limit 30280000

======================================================================
Timestamp: 2026-04-28 21:09:05
qdisc htb 1: root refcnt 13 r2q 10 default 0x10 direct_packets_stat 0 direct_qlen 1000
 Sent 35313960 bytes 23921 pkt (dropped 0, overlimits 23581 requeues 0) 
 backlog 0b 5850p requeues 0
qdisc dualpi2 20: parent 1:10 limit 10000p memlimit 30280000B target 15ms tupdate 16ms alpha 0.156250 beta 3.195312 step_thresh 20ms min_qlen_step 0p coupling_factor 2 drop_on_overload drop_dequeue classic_protection 10% l4s_ect split_gso 
 Sent 35313960 bytes 23921 pkt (dropped 0, overlimits 0 requeues 0) 
 backlog 0b 0p requeues 0
prob 0.000000 delay_c 0us delay_l 0us
pkts_in_c 47 pkts_in_l 23874 maxq 19
ecn_mark 2345 step_mark 855
credit 2510 (C-queue)
memory_used 0 (max 45163) of memory limit 30280000

======================================================================
Timestamp: 2026-04-28 21:09:06
qdisc htb 1: root refcnt 13 r2q 10 default 0x10 direct_packets_stat 0 direct_qlen 1000
 Sent 36182412 bytes 24507 pkt (dropped 0, overlimits 24166 requeues 0) 
 backlog 10374b 6002p requeues 0
qdisc dualpi2 20: parent 1:10 limit 10000p memlimit 30280000B target 15ms tupdate 16ms alpha 0.156250 beta 3.195312 step_thresh 20ms min_qlen_step 0p coupling_factor 2 drop_on_overload drop_dequeue classic_protection 10% l4s_ect split_gso 
 Sent 36182412 bytes 24507 pkt (dropped 0, overlimits 0 requeues 0) 
 backlog 10374b 7p requeues 0
prob 0.018723 delay_c 0us delay_l 12049us
pkts_in_c 47 pkts_in_l 24467 maxq 19
ecn_mark 2411 step_mark 888
credit 2510 (C-queue)
memory_used 16352 (max 45163) of memory limit 30280000

======================================================================
Timestamp: 2026-04-28 21:09:07
qdisc htb 1: root refcnt 13 r2q 10 default 0x10 direct_packets_stat 0 direct_qlen 1000
 Sent 36464920 bytes 24699 pkt (dropped 0, overlimits 24357 requeues 0) 
 backlog 0b 6042p requeues 0
qdisc dualpi2 20: parent 1:10 limit 10000p memlimit 30280000B target 15ms tupdate 16ms alpha 0.156250 beta 3.195312 step_thresh 20ms min_qlen_step 0p coupling_factor 2 drop_on_overload drop_dequeue classic_protection 10% l4s_ect split_gso 
 Sent 36464920 bytes 24699 pkt (dropped 0, overlimits 0 requeues 0) 
 backlog 0b 0p requeues 0
prob 0.000000 delay_c 0us delay_l 0us
pkts_in_c 47 pkts_in_l 24652 maxq 19
ecn_mark 2418 step_mark 888
credit 2510 (C-queue)
memory_used 0 (max 45163) of memory limit 30280000

======================================================================
Timestamp: 2026-04-28 21:09:08
qdisc htb 1: root refcnt 13 r2q 10 default 0x10 direct_packets_stat 0 direct_qlen 1000
 Sent 37293087 bytes 25258 pkt (dropped 0, overlimits 24914 requeues 0) 
 backlog 13338b 6190p requeues 0
qdisc dualpi2 20: parent 1:10 limit 10000p memlimit 30280000B target 15ms tupdate 16ms alpha 0.156250 beta 3.195312 step_thresh 20ms min_qlen_step 0p coupling_factor 2 drop_on_overload drop_dequeue classic_protection 10% l4s_ect split_gso 
 Sent 37293087 bytes 25258 pkt (dropped 0, overlimits 0 requeues 0) 
 backlog 13338b 9p requeues 0
prob 0.031911 delay_c 0us delay_l 11367us
pkts_in_c 47 pkts_in_l 25220 maxq 19
ecn_mark 2478 step_mark 902
credit 2510 (C-queue)
memory_used 21024 (max 45163) of memory limit 30280000

======================================================================
Timestamp: 2026-04-28 21:09:09
qdisc htb 1: root refcnt 13 r2q 10 default 0x10 direct_packets_stat 0 direct_qlen 1000
 Sent 37722769 bytes 25549 pkt (dropped 0, overlimits 25205 requeues 0) 
 backlog 0b 6252p requeues 0
qdisc dualpi2 20: parent 1:10 limit 10000p memlimit 30280000B target 15ms tupdate 16ms alpha 0.156250 beta 3.195312 step_thresh 20ms min_qlen_step 0p coupling_factor 2 drop_on_overload drop_dequeue classic_protection 10% l4s_ect split_gso 
 Sent 37722769 bytes 25549 pkt (dropped 0, overlimits 0 requeues 0) 
 backlog 0b 0p requeues 0
prob 0.000000 delay_c 0us delay_l 0us
pkts_in_c 47 pkts_in_l 25502 maxq 19
ecn_mark 2501 step_mark 902
credit 2510 (C-queue)
memory_used 0 (max 45163) of memory limit 30280000

======================================================================
Timestamp: 2026-04-28 21:09:10
qdisc htb 1: root refcnt 13 r2q 10 default 0x10 direct_packets_stat 0 direct_qlen 1000
 Sent 38512404 bytes 26082 pkt (dropped 0, overlimits 25736 requeues 0) 
 backlog 16302b 6396p requeues 0
qdisc dualpi2 20: parent 1:10 limit 10000p memlimit 30280000B target 15ms tupdate 16ms alpha 0.156250 beta 3.195312 step_thresh 20ms min_qlen_step 0p coupling_factor 2 drop_on_overload drop_dequeue classic_protection 10% l4s_ect split_gso 
 Sent 38512404 bytes 26082 pkt (dropped 0, overlimits 0 requeues 0) 
 backlog 16302b 11p requeues 0
prob 0.046052 delay_c 0us delay_l 14014us
pkts_in_c 47 pkts_in_l 26046 maxq 19
ecn_mark 2558 step_mark 925
credit 2510 (C-queue)
memory_used 25696 (max 45163) of memory limit 30280000

======================================================================
Timestamp: 2026-04-28 21:09:11
qdisc htb 1: root refcnt 13 r2q 10 default 0x10 direct_packets_stat 0 direct_qlen 1000
 Sent 38916908 bytes 26356 pkt (dropped 0, overlimits 26009 requeues 0) 
 backlog 0b 6451p requeues 0
qdisc dualpi2 20: parent 1:10 limit 10000p memlimit 30280000B target 15ms tupdate 16ms alpha 0.156250 beta 3.195312 step_thresh 20ms min_qlen_step 0p coupling_factor 2 drop_on_overload drop_dequeue classic_protection 10% l4s_ect split_gso 
 Sent 38916908 bytes 26356 pkt (dropped 0, overlimits 0 requeues 0) 
 backlog 0b 0p requeues 0
prob 0.000000 delay_c 0us delay_l 0us
pkts_in_c 47 pkts_in_l 26309 maxq 19
ecn_mark 2578 step_mark 925
credit 2510 (C-queue)
memory_used 0 (max 45163) of memory limit 30280000

======================================================================
Timestamp: 2026-04-28 21:09:12
qdisc htb 1: root refcnt 13 r2q 10 default 0x10 direct_packets_stat 0 direct_qlen 1000
 Sent 39663566 bytes 26860 pkt (dropped 0, overlimits 26511 requeues 0) 
 backlog 14820b 6587p requeues 0
qdisc dualpi2 20: parent 1:10 limit 10000p memlimit 30280000B target 15ms tupdate 16ms alpha 0.156250 beta 3.195312 step_thresh 20ms min_qlen_step 0p coupling_factor 2 drop_on_overload drop_dequeue classic_protection 10% l4s_ect split_gso 
 Sent 39663566 bytes 26860 pkt (dropped 0, overlimits 0 requeues 0) 
 backlog 14820b 10p requeues 0
prob 0.034977 delay_c 0us delay_l 15008us
pkts_in_c 47 pkts_in_l 26823 maxq 19
ecn_mark 2634 step_mark 937
credit 2510 (C-queue)
memory_used 23360 (max 45163) of memory limit 30280000

======================================================================
Timestamp: 2026-04-28 21:09:13
qdisc htb 1: root refcnt 13 r2q 10 default 0x10 direct_packets_stat 0 direct_qlen 1000
 Sent 40244073 bytes 27253 pkt (dropped 0, overlimits 26903 requeues 0) 
 backlog 0b 6672p requeues 0
qdisc dualpi2 20: parent 1:10 limit 10000p memlimit 30280000B target 15ms tupdate 16ms alpha 0.156250 beta 3.195312 step_thresh 20ms min_qlen_step 0p coupling_factor 2 drop_on_overload drop_dequeue classic_protection 10% l4s_ect split_gso 
 Sent 40244073 bytes 27253 pkt (dropped 0, overlimits 0 requeues 0) 
 backlog 0b 0p requeues 0
prob 0.000000 delay_c 0us delay_l 0us
pkts_in_c 47 pkts_in_l 27206 maxq 19
ecn_mark 2651 step_mark 938
credit 2510 (C-queue)
memory_used 0 (max 45163) of memory limit 30280000

======================================================================
Timestamp: 2026-04-28 21:09:14
qdisc htb 1: root refcnt 13 r2q 10 default 0x10 direct_packets_stat 0 direct_qlen 1000
 Sent 40946270 bytes 27727 pkt (dropped 0, overlimits 27375 requeues 0) 
 backlog 10374b 6797p requeues 0
qdisc dualpi2 20: parent 1:10 limit 10000p memlimit 30280000B target 15ms tupdate 16ms alpha 0.156250 beta 3.195312 step_thresh 20ms min_qlen_step 0p coupling_factor 2 drop_on_overload drop_dequeue classic_protection 10% l4s_ect split_gso 
 Sent 40946270 bytes 27727 pkt (dropped 0, overlimits 0 requeues 0) 
 backlog 10374b 7p requeues 0
prob 0.022602 delay_c 0us delay_l 10658us
pkts_in_c 47 pkts_in_l 27687 maxq 19
ecn_mark 2706 step_mark 953
credit 2510 (C-queue)
memory_used 16352 (max 45163) of memory limit 30280000

======================================================================
Timestamp: 2026-04-28 21:09:15
qdisc htb 1: root refcnt 13 r2q 10 default 0x10 direct_packets_stat 0 direct_qlen 1000
 Sent 41529053 bytes 28122 pkt (dropped 0, overlimits 27769 requeues 0) 
 backlog 0b 6887p requeues 0
qdisc dualpi2 20: parent 1:10 limit 10000p memlimit 30280000B target 15ms tupdate 16ms alpha 0.156250 beta 3.195312 step_thresh 20ms min_qlen_step 0p coupling_factor 2 drop_on_overload drop_dequeue classic_protection 10% l4s_ect split_gso 
 Sent 41529053 bytes 28122 pkt (dropped 0, overlimits 0 requeues 0) 
 backlog 0b 0p requeues 0
prob 0.000000 delay_c 0us delay_l 0us
pkts_in_c 47 pkts_in_l 28075 maxq 19
ecn_mark 2755 step_mark 977
credit 2510 (C-queue)
memory_used 0 (max 45163) of memory limit 30280000

======================================================================
Timestamp: 2026-04-28 21:09:16
qdisc htb 1: root refcnt 13 r2q 10 default 0x10 direct_packets_stat 0 direct_qlen 1000
 Sent 42192718 bytes 28570 pkt (dropped 0, overlimits 28215 requeues 0) 
 backlog 10374b 7000p requeues 0
qdisc dualpi2 20: parent 1:10 limit 10000p memlimit 30280000B target 15ms tupdate 16ms alpha 0.156250 beta 3.195312 step_thresh 20ms min_qlen_step 0p coupling_factor 2 drop_on_overload drop_dequeue classic_protection 10% l4s_ect split_gso 
 Sent 42192718 bytes 28570 pkt (dropped 0, overlimits 0 requeues 0) 
 backlog 10374b 7p requeues 0
prob 0.022868 delay_c 0us delay_l 12237us
pkts_in_c 47 pkts_in_l 28530 maxq 19
ecn_mark 2776 step_mark 977
credit 2510 (C-queue)
memory_used 16352 (max 45163) of memory limit 30280000

======================================================================
Timestamp: 2026-04-28 21:09:17
qdisc htb 1: root refcnt 13 r2q 10 default 0x10 direct_packets_stat 0 direct_qlen 1000
 Sent 42258440 bytes 28616 pkt (dropped 0, overlimits 28261 requeues 0) 
 backlog 0b 7003p requeues 0
qdisc dualpi2 20: parent 1:10 limit 10000p memlimit 30280000B target 15ms tupdate 16ms alpha 0.156250 beta 3.195312 step_thresh 20ms min_qlen_step 0p coupling_factor 2 drop_on_overload drop_dequeue classic_protection 10% l4s_ect split_gso 
 Sent 42258440 bytes 28616 pkt (dropped 0, overlimits 0 requeues 0) 
 backlog 0b 0p requeues 0
prob 0.000000 delay_c 0us delay_l 0us
pkts_in_c 47 pkts_in_l 28569 maxq 19
ecn_mark 2778 step_mark 977
credit 2510 (C-queue)
memory_used 0 (max 45163) of memory limit 30280000

======================================================================
Timestamp: 2026-04-28 21:09:18
qdisc htb 1: root refcnt 13 r2q 10 default 0x10 direct_packets_stat 0 direct_qlen 1000
 Sent 42879127 bytes 29035 pkt (dropped 0, overlimits 28678 requeues 0) 
 backlog 10374b 7114p requeues 0
qdisc dualpi2 20: parent 1:10 limit 10000p memlimit 30280000B target 15ms tupdate 16ms alpha 0.156250 beta 3.195312 step_thresh 20ms min_qlen_step 0p coupling_factor 2 drop_on_overload drop_dequeue classic_protection 10% l4s_ect split_gso 
 Sent 42879127 bytes 29035 pkt (dropped 0, overlimits 0 requeues 0) 
 backlog 10374b 7p requeues 0
prob 0.022417 delay_c 0us delay_l 11532us
pkts_in_c 47 pkts_in_l 28995 maxq 19
ecn_mark 2840 step_mark 1003
credit 2510 (C-queue)
memory_used 16352 (max 45163) of memory limit 30280000

======================================================================
Timestamp: 2026-04-28 21:09:19
qdisc htb 1: root refcnt 13 r2q 10 default 0x10 direct_packets_stat 0 direct_qlen 1000
 Sent 43203289 bytes 29255 pkt (dropped 0, overlimits 28897 requeues 0) 
 backlog 0b 7160p requeues 0
qdisc dualpi2 20: parent 1:10 limit 10000p memlimit 30280000B target 15ms tupdate 16ms alpha 0.156250 beta 3.195312 step_thresh 20ms min_qlen_step 0p coupling_factor 2 drop_on_overload drop_dequeue classic_protection 10% l4s_ect split_gso 
 Sent 43203289 bytes 29255 pkt (dropped 0, overlimits 0 requeues 0) 
 backlog 0b 0p requeues 0
prob 0.000000 delay_c 0us delay_l 0us
pkts_in_c 47 pkts_in_l 29208 maxq 19
ecn_mark 2849 step_mark 1003
credit 2510 (C-queue)
memory_used 0 (max 45163) of memory limit 30280000

======================================================================
Timestamp: 2026-04-28 21:09:20
qdisc htb 1: root refcnt 13 r2q 10 default 0x10 direct_packets_stat 0 direct_qlen 1000
 Sent 43779517 bytes 29644 pkt (dropped 0, overlimits 29284 requeues 0) 
 backlog 11856b 7264p requeues 0
qdisc dualpi2 20: parent 1:10 limit 10000p memlimit 30280000B target 15ms tupdate 16ms alpha 0.156250 beta 3.195312 step_thresh 20ms min_qlen_step 0p coupling_factor 2 drop_on_overload drop_dequeue classic_protection 10% l4s_ect split_gso 
 Sent 43779517 bytes 29644 pkt (dropped 0, overlimits 0 requeues 0) 
 backlog 11856b 8p requeues 0
prob 0.060587 delay_c 0us delay_l 13435us
pkts_in_c 47 pkts_in_l 29605 maxq 19
ecn_mark 2906 step_mark 1036
credit 2510 (C-queue)
memory_used 18688 (max 45163) of memory limit 30280000

======================================================================
Timestamp: 2026-04-28 21:09:21
qdisc htb 1: root refcnt 13 r2q 10 default 0x10 direct_packets_stat 0 direct_qlen 1000
 Sent 44529887 bytes 30152 pkt (dropped 0, overlimits 29791 requeues 0) 
 backlog 0b 7381p requeues 0
qdisc dualpi2 20: parent 1:10 limit 10000p memlimit 30280000B target 15ms tupdate 16ms alpha 0.156250 beta 3.195312 step_thresh 20ms min_qlen_step 0p coupling_factor 2 drop_on_overload drop_dequeue classic_protection 10% l4s_ect split_gso 
 Sent 44529887 bytes 30152 pkt (dropped 0, overlimits 0 requeues 0) 
 backlog 0b 0p requeues 0
prob 0.000000 delay_c 0us delay_l 0us
pkts_in_c 47 pkts_in_l 30105 maxq 19
ecn_mark 2934 step_mark 1036
credit 2510 (C-queue)
memory_used 0 (max 45163) of memory limit 30280000

======================================================================
Timestamp: 2026-04-28 21:09:22
qdisc htb 1: root refcnt 13 r2q 10 default 0x10 direct_packets_stat 0 direct_qlen 1000
 Sent 45064618 bytes 30513 pkt (dropped 0, overlimits 30150 requeues 0) 
 backlog 16302b 7482p requeues 0
qdisc dualpi2 20: parent 1:10 limit 10000p memlimit 30280000B target 15ms tupdate 16ms alpha 0.156250 beta 3.195312 step_thresh 20ms min_qlen_step 0p coupling_factor 2 drop_on_overload drop_dequeue classic_protection 10% l4s_ect split_gso 
 Sent 45064618 bytes 30513 pkt (dropped 0, overlimits 0 requeues 0) 
 backlog 16302b 11p requeues 0
prob 0.031292 delay_c 0us delay_l 14196us
pkts_in_c 47 pkts_in_l 30477 maxq 19
ecn_mark 2981 step_mark 1045
credit 2510 (C-queue)
memory_used 25696 (max 45163) of memory limit 30280000

======================================================================
Timestamp: 2026-04-28 21:09:23
qdisc htb 1: root refcnt 13 r2q 10 default 0x10 direct_packets_stat 0 direct_qlen 1000
 Sent 45791077 bytes 31004 pkt (dropped 0, overlimits 30641 requeues 0) 
 backlog 0b 7592p requeues 0
qdisc dualpi2 20: parent 1:10 limit 10000p memlimit 30280000B target 15ms tupdate 16ms alpha 0.156250 beta 3.195312 step_thresh 20ms min_qlen_step 0p coupling_factor 2 drop_on_overload drop_dequeue classic_protection 10% l4s_ect split_gso 
 Sent 45791077 bytes 31004 pkt (dropped 0, overlimits 0 requeues 0) 
 backlog 0b 0p requeues 0
prob 0.000000 delay_c 0us delay_l 0us
pkts_in_c 47 pkts_in_l 30957 maxq 19
ecn_mark 3030 step_mark 1050
credit 2510 (C-queue)
memory_used 0 (max 45163) of memory limit 30280000

======================================================================
Timestamp: 2026-04-28 21:09:24
qdisc htb 1: root refcnt 13 r2q 10 default 0x10 direct_packets_stat 0 direct_qlen 1000
 Sent 46282830 bytes 31336 pkt (dropped 0, overlimits 30971 requeues 0) 
 backlog 11856b 7682p requeues 0
qdisc dualpi2 20: parent 1:10 limit 10000p memlimit 30280000B target 15ms tupdate 16ms alpha 0.156250 beta 3.195312 step_thresh 20ms min_qlen_step 0p coupling_factor 2 drop_on_overload drop_dequeue classic_protection 10% l4s_ect split_gso 
 Sent 46282830 bytes 31336 pkt (dropped 0, overlimits 0 requeues 0) 
 backlog 11856b 8p requeues 0
prob 0.039097 delay_c 0us delay_l 11578us
pkts_in_c 47 pkts_in_l 31297 maxq 19
ecn_mark 3054 step_mark 1050
credit 2510 (C-queue)
memory_used 18688 (max 45163) of memory limit 30280000

======================================================================
Timestamp: 2026-04-28 21:09:25
qdisc htb 1: root refcnt 13 r2q 10 default 0x10 direct_packets_stat 0 direct_qlen 1000
 Sent 47078485 bytes 31874 pkt (dropped 0, overlimits 31508 requeues 0) 
 backlog 0b 7806p requeues 0
qdisc dualpi2 20: parent 1:10 limit 10000p memlimit 30280000B target 15ms tupdate 16ms alpha 0.156250 beta 3.195312 step_thresh 20ms min_qlen_step 0p coupling_factor 2 drop_on_overload drop_dequeue classic_protection 10% l4s_ect split_gso 
 Sent 47078485 bytes 31874 pkt (dropped 0, overlimits 0 requeues 0) 
 backlog 0b 0p requeues 0
prob 0.000000 delay_c 0us delay_l 0us
pkts_in_c 47 pkts_in_l 31827 maxq 19
ecn_mark 3099 step_mark 1058
credit 2510 (C-queue)
memory_used 0 (max 45163) of memory limit 30280000

======================================================================
Timestamp: 2026-04-28 21:09:26
qdisc htb 1: root refcnt 13 r2q 10 default 0x10 direct_packets_stat 0 direct_qlen 1000
 Sent 47533188 bytes 32181 pkt (dropped 0, overlimits 31813 requeues 0) 
 backlog 11856b 7890p requeues 0
qdisc dualpi2 20: parent 1:10 limit 10000p memlimit 30280000B target 15ms tupdate 16ms alpha 0.156250 beta 3.195312 step_thresh 20ms min_qlen_step 0p coupling_factor 2 drop_on_overload drop_dequeue classic_protection 10% l4s_ect split_gso 
 Sent 47533188 bytes 32181 pkt (dropped 0, overlimits 0 requeues 0) 
 backlog 11856b 8p requeues 0
prob 0.051553 delay_c 0us delay_l 18540us
pkts_in_c 47 pkts_in_l 32142 maxq 19
ecn_mark 3134 step_mark 1060
credit 2510 (C-queue)
memory_used 18688 (max 45163) of memory limit 30280000

======================================================================
Timestamp: 2026-04-28 21:09:27
qdisc htb 1: root refcnt 13 r2q 10 default 0x10 direct_packets_stat 0 direct_qlen 1000
 Sent 48225253 bytes 32649 pkt (dropped 0, overlimits 32280 requeues 0) 
 backlog 0b 7997p requeues 0
qdisc dualpi2 20: parent 1:10 limit 10000p memlimit 30280000B target 15ms tupdate 16ms alpha 0.156250 beta 3.195312 step_thresh 20ms min_qlen_step 0p coupling_factor 2 drop_on_overload drop_dequeue classic_protection 10% l4s_ect split_gso 
 Sent 48225253 bytes 32649 pkt (dropped 0, overlimits 0 requeues 0) 
 backlog 0b 0p requeues 0
prob 0.000000 delay_c 0us delay_l 0us
pkts_in_c 47 pkts_in_l 32602 maxq 19
ecn_mark 3176 step_mark 1060
credit 2510 (C-queue)
memory_used 0 (max 45163) of memory limit 30280000

======================================================================
Timestamp: 2026-04-28 21:09:28
qdisc htb 1: root refcnt 13 r2q 10 default 0x10 direct_packets_stat 0 direct_qlen 1000
 Sent 48634014 bytes 32925 pkt (dropped 0, overlimits 32554 requeues 0) 
 backlog 14820b 8076p requeues 0
qdisc dualpi2 20: parent 1:10 limit 10000p memlimit 30280000B target 15ms tupdate 16ms alpha 0.156250 beta 3.195312 step_thresh 20ms min_qlen_step 0p coupling_factor 2 drop_on_overload drop_dequeue classic_protection 10% l4s_ect split_gso 
 Sent 48634014 bytes 32925 pkt (dropped 0, overlimits 0 requeues 0) 
 backlog 14820b 10p requeues 0
prob 0.034690 delay_c 0us delay_l 13784us
pkts_in_c 47 pkts_in_l 32888 maxq 19
ecn_mark 3201 step_mark 1060
credit 2510 (C-queue)
memory_used 23360 (max 45163) of memory limit 30280000

======================================================================
Timestamp: 2026-04-28 21:09:29
qdisc htb 1: root refcnt 13 r2q 10 default 0x10 direct_packets_stat 0 direct_qlen 1000
 Sent 49348612 bytes 33408 pkt (dropped 0, overlimits 33037 requeues 0) 
 backlog 0b 8184p requeues 0
qdisc dualpi2 20: parent 1:10 limit 10000p memlimit 30280000B target 15ms tupdate 16ms alpha 0.156250 beta 3.195312 step_thresh 20ms min_qlen_step 0p coupling_factor 2 drop_on_overload drop_dequeue classic_protection 10% l4s_ect split_gso 
 Sent 49348612 bytes 33408 pkt (dropped 0, overlimits 0 requeues 0) 
 backlog 0b 0p requeues 0
prob 0.000000 delay_c 0us delay_l 0us
pkts_in_c 47 pkts_in_l 33361 maxq 19
ecn_mark 3258 step_mark 1089
credit 2510 (C-queue)
memory_used 0 (max 45163) of memory limit 30280000

======================================================================
Timestamp: 2026-04-28 21:09:30
qdisc htb 1: root refcnt 13 r2q 10 default 0x10 direct_packets_stat 0 direct_qlen 1000
 Sent 49715877 bytes 33656 pkt (dropped 0, overlimits 33283 requeues 0) 
 backlog 11856b 8253p requeues 0
qdisc dualpi2 20: parent 1:10 limit 10000p memlimit 30280000B target 15ms tupdate 16ms alpha 0.156250 beta 3.195312 step_thresh 20ms min_qlen_step 0p coupling_factor 2 drop_on_overload drop_dequeue classic_protection 10% l4s_ect split_gso 
 Sent 49715877 bytes 33656 pkt (dropped 0, overlimits 0 requeues 0) 
 backlog 11856b 8p requeues 0
prob 0.027075 delay_c 0us delay_l 10430us
pkts_in_c 47 pkts_in_l 33617 maxq 19
ecn_mark 3268 step_mark 1089
credit 2510 (C-queue)
memory_used 18688 (max 45163) of memory limit 30280000

======================================================================
Timestamp: 2026-04-28 21:09:31
qdisc htb 1: root refcnt 13 r2q 10 default 0x10 direct_packets_stat 0 direct_qlen 1000
 Sent 49961800 bytes 33823 pkt (dropped 0, overlimits 33449 requeues 0) 
 backlog 0b 8284p requeues 0
qdisc dualpi2 20: parent 1:10 limit 10000p memlimit 30280000B target 15ms tupdate 16ms alpha 0.156250 beta 3.195312 step_thresh 20ms min_qlen_step 0p coupling_factor 2 drop_on_overload drop_dequeue classic_protection 10% l4s_ect split_gso 
 Sent 49961800 bytes 33823 pkt (dropped 0, overlimits 0 requeues 0) 
 backlog 0b 0p requeues 0
prob 0.000000 delay_c 0us delay_l 0us
pkts_in_c 48 pkts_in_l 33775 maxq 19
ecn_mark 3281 step_mark 1095
credit 2510 (C-queue)
memory_used 0 (max 45163) of memory limit 30280000

======================================================================
Timestamp: 2026-04-28 21:09:32
qdisc htb 1: root refcnt 13 r2q 10 default 0x10 direct_packets_stat 0 direct_qlen 1000
 Sent 50284605 bytes 34041 pkt (dropped 0, overlimits 33665 requeues 0) 
 backlog 16302b 8349p requeues 0
qdisc dualpi2 20: parent 1:10 limit 10000p memlimit 30280000B target 15ms tupdate 16ms alpha 0.156250 beta 3.195312 step_thresh 20ms min_qlen_step 0p coupling_factor 2 drop_on_overload drop_dequeue classic_protection 10% l4s_ect split_gso 
 Sent 50284605 bytes 34041 pkt (dropped 0, overlimits 0 requeues 0) 
 backlog 16302b 11p requeues 0
prob 0.067040 delay_c 0us delay_l 13936us
pkts_in_c 48 pkts_in_l 34004 maxq 19
ecn_mark 3320 step_mark 1115
credit 2510 (C-queue)
memory_used 25696 (max 45163) of memory limit 30280000

======================================================================
Timestamp: 2026-04-28 21:09:33
qdisc htb 1: root refcnt 13 r2q 10 default 0x10 direct_packets_stat 0 direct_qlen 1000
 Sent 51150291 bytes 34627 pkt (dropped 0, overlimits 34251 requeues 0) 
 backlog 0b 8482p requeues 0
qdisc dualpi2 20: parent 1:10 limit 10000p memlimit 30280000B target 15ms tupdate 16ms alpha 0.156250 beta 3.195312 step_thresh 20ms min_qlen_step 0p coupling_factor 2 drop_on_overload drop_dequeue classic_protection 10% l4s_ect split_gso 
 Sent 51150291 bytes 34627 pkt (dropped 0, overlimits 0 requeues 0) 
 backlog 0b 0p requeues 0
prob 0.000000 delay_c 0us delay_l 0us
pkts_in_c 49 pkts_in_l 34578 maxq 19
ecn_mark 3363 step_mark 1115
credit -1270 (L-queue)
memory_used 0 (max 45163) of memory limit 30280000

======================================================================
Timestamp: 2026-04-28 21:09:34
qdisc htb 1: root refcnt 13 r2q 10 default 0x10 direct_packets_stat 0 direct_qlen 1000
 Sent 51431697 bytes 34818 pkt (dropped 0, overlimits 34439 requeues 0) 
 backlog 16302b 8540p requeues 0
qdisc dualpi2 20: parent 1:10 limit 10000p memlimit 30280000B target 15ms tupdate 16ms alpha 0.156250 beta 3.195312 step_thresh 20ms min_qlen_step 0p coupling_factor 2 drop_on_overload drop_dequeue classic_protection 10% l4s_ect split_gso 
 Sent 51431697 bytes 34818 pkt (dropped 0, overlimits 0 requeues 0) 
 backlog 16302b 11p requeues 0
prob 0.050805 delay_c 0us delay_l 16365us
pkts_in_c 49 pkts_in_l 34780 maxq 19
ecn_mark 3374 step_mark 1117
credit -1270 (L-queue)
memory_used 25696 (max 45163) of memory limit 30280000

======================================================================
Timestamp: 2026-04-28 21:09:35
qdisc htb 1: root refcnt 13 r2q 10 default 0x10 direct_packets_stat 0 direct_qlen 1000
 Sent 52109020 bytes 35276 pkt (dropped 0, overlimits 34896 requeues 0) 
 backlog 0b 8642p requeues 0
qdisc dualpi2 20: parent 1:10 limit 10000p memlimit 30280000B target 15ms tupdate 16ms alpha 0.156250 beta 3.195312 step_thresh 20ms min_qlen_step 0p coupling_factor 2 drop_on_overload drop_dequeue classic_protection 10% l4s_ect split_gso 
 Sent 52109020 bytes 35276 pkt (dropped 0, overlimits 0 requeues 0) 
 backlog 0b 0p requeues 0
prob 0.000000 delay_c 0us delay_l 0us
pkts_in_c 49 pkts_in_l 35227 maxq 19
ecn_mark 3443 step_mark 1147
credit -1270 (L-queue)
memory_used 0 (max 45163) of memory limit 30280000

======================================================================
Timestamp: 2026-04-28 21:09:36
qdisc htb 1: root refcnt 13 r2q 10 default 0x10 direct_packets_stat 0 direct_qlen 1000
 Sent 52344388 bytes 35435 pkt (dropped 0, overlimits 35053 requeues 0) 
 backlog 8892b 8687p requeues 0
qdisc dualpi2 20: parent 1:10 limit 10000p memlimit 30280000B target 15ms tupdate 16ms alpha 0.156250 beta 3.195312 step_thresh 20ms min_qlen_step 0p coupling_factor 2 drop_on_overload drop_dequeue classic_protection 10% l4s_ect split_gso 
 Sent 52344388 bytes 35435 pkt (dropped 0, overlimits 0 requeues 0) 
 backlog 8892b 6p requeues 0
prob 0.022017 delay_c 0us delay_l 10105us
pkts_in_c 49 pkts_in_l 35392 maxq 19
ecn_mark 3454 step_mark 1147
credit -1270 (L-queue)
memory_used 14016 (max 45163) of memory limit 30280000

======================================================================
Timestamp: 2026-04-28 21:09:37
qdisc htb 1: root refcnt 13 r2q 10 default 0x10 direct_packets_stat 0 direct_qlen 1000
 Sent 53223214 bytes 36028 pkt (dropped 0, overlimits 35646 requeues 0) 
 backlog 10374b 8836p requeues 0
qdisc dualpi2 20: parent 1:10 limit 10000p memlimit 30280000B target 15ms tupdate 16ms alpha 0.156250 beta 3.195312 step_thresh 20ms min_qlen_step 0p coupling_factor 2 drop_on_overload drop_dequeue classic_protection 10% l4s_ect split_gso 
 Sent 53223214 bytes 36028 pkt (dropped 0, overlimits 0 requeues 0) 
 backlog 10374b 7p requeues 0
prob 0.016197 delay_c 0us delay_l 12804us
pkts_in_c 49 pkts_in_l 35986 maxq 19
ecn_mark 3513 step_mark 1185
credit -1270 (L-queue)
memory_used 16352 (max 45163) of memory limit 30280000

======================================================================
Timestamp: 2026-04-28 21:09:38
qdisc htb 1: root refcnt 13 r2q 10 default 0x10 direct_packets_stat 0 direct_qlen 1000
 Sent 53526139 bytes 36233 pkt (dropped 0, overlimits 35849 requeues 0) 
 backlog 13338b 8887p requeues 0
qdisc dualpi2 20: parent 1:10 limit 10000p memlimit 30280000B target 15ms tupdate 16ms alpha 0.156250 beta 3.195312 step_thresh 20ms min_qlen_step 0p coupling_factor 2 drop_on_overload drop_dequeue classic_protection 10% l4s_ect split_gso 
 Sent 53526139 bytes 36233 pkt (dropped 0, overlimits 0 requeues 0) 
 backlog 13338b 9p requeues 0
prob 0.042026 delay_c 0us delay_l 16386us
pkts_in_c 49 pkts_in_l 36193 maxq 19
ecn_mark 3525 step_mark 1185
credit -1270 (L-queue)
memory_used 21024 (max 45163) of memory limit 30280000

======================================================================
Timestamp: 2026-04-28 21:09:39
qdisc htb 1: root refcnt 13 r2q 10 default 0x10 direct_packets_stat 0 direct_qlen 1000
 Sent 54146207 bytes 36653 pkt (dropped 0, overlimits 36268 requeues 0) 
 backlog 0b 8980p requeues 0
qdisc dualpi2 20: parent 1:10 limit 10000p memlimit 30280000B target 15ms tupdate 16ms alpha 0.156250 beta 3.195312 step_thresh 20ms min_qlen_step 0p coupling_factor 2 drop_on_overload drop_dequeue classic_protection 10% l4s_ect split_gso 
 Sent 54146207 bytes 36653 pkt (dropped 0, overlimits 0 requeues 0) 
 backlog 0b 0p requeues 0
prob 0.000000 delay_c 0us delay_l 0us
pkts_in_c 49 pkts_in_l 36604 maxq 19
ecn_mark 3570 step_mark 1195
credit -1270 (L-queue)
memory_used 0 (max 45163) of memory limit 30280000

======================================================================
Timestamp: 2026-04-28 21:09:40
qdisc htb 1: root refcnt 13 r2q 10 default 0x10 direct_packets_stat 0 direct_qlen 1000
 Sent 54295619 bytes 36754 pkt (dropped 0, overlimits 36367 requeues 0) 
 backlog 8892b 9010p requeues 0
qdisc dualpi2 20: parent 1:10 limit 10000p memlimit 30280000B target 15ms tupdate 16ms alpha 0.156250 beta 3.195312 step_thresh 20ms min_qlen_step 0p coupling_factor 2 drop_on_overload drop_dequeue classic_protection 10% l4s_ect split_gso 
 Sent 54295619 bytes 36754 pkt (dropped 0, overlimits 0 requeues 0) 
 backlog 8892b 6p requeues 0
prob 0.041228 delay_c 0us delay_l 13316us
pkts_in_c 49 pkts_in_l 36711 maxq 19
ecn_mark 3573 step_mark 1195
credit -1270 (L-queue)
memory_used 14016 (max 45163) of memory limit 30280000

======================================================================
Timestamp: 2026-04-28 21:09:41
qdisc htb 1: root refcnt 13 r2q 10 default 0x10 direct_packets_stat 0 direct_qlen 1000
 Sent 55157613 bytes 37337 pkt (dropped 0, overlimits 36949 requeues 0) 
 backlog 0b 9148p requeues 0
qdisc dualpi2 20: parent 1:10 limit 10000p memlimit 30280000B target 15ms tupdate 16ms alpha 0.156250 beta 3.195312 step_thresh 20ms min_qlen_step 0p coupling_factor 2 drop_on_overload drop_dequeue classic_protection 10% l4s_ect split_gso 
 Sent 55157613 bytes 37337 pkt (dropped 0, overlimits 0 requeues 0) 
 backlog 0b 0p requeues 0
prob 0.000000 delay_c 0us delay_l 0us
pkts_in_c 49 pkts_in_l 37288 maxq 19
ecn_mark 3637 step_mark 1211
credit -1270 (L-queue)
memory_used 0 (max 45163) of memory limit 30280000

======================================================================
Timestamp: 2026-04-28 21:09:42
qdisc htb 1: root refcnt 13 r2q 10 default 0x10 direct_packets_stat 0 direct_qlen 1000
 Sent 55264046 bytes 37409 pkt (dropped 0, overlimits 37019 requeues 0) 
 backlog 10374b 9172p requeues 0
qdisc dualpi2 20: parent 1:10 limit 10000p memlimit 30280000B target 15ms tupdate 16ms alpha 0.156250 beta 3.195312 step_thresh 20ms min_qlen_step 0p coupling_factor 2 drop_on_overload drop_dequeue classic_protection 10% l4s_ect split_gso 
 Sent 55264046 bytes 37409 pkt (dropped 0, overlimits 0 requeues 0) 
 backlog 10374b 7p requeues 0
prob 0.033331 delay_c 0us delay_l 11464us
pkts_in_c 49 pkts_in_l 37367 maxq 19
ecn_mark 3641 step_mark 1211
credit -1270 (L-queue)
memory_used 16352 (max 45163) of memory limit 30280000

======================================================================
Timestamp: 2026-04-28 21:09:43
qdisc htb 1: root refcnt 13 r2q 10 default 0x10 direct_packets_stat 0 direct_qlen 1000
 Sent 56142872 bytes 38002 pkt (dropped 0, overlimits 37612 requeues 0) 
 backlog 8892b 9309p requeues 0
qdisc dualpi2 20: parent 1:10 limit 10000p memlimit 30280000B target 15ms tupdate 16ms alpha 0.156250 beta 3.195312 step_thresh 20ms min_qlen_step 0p coupling_factor 2 drop_on_overload drop_dequeue classic_protection 10% l4s_ect split_gso 
 Sent 56142872 bytes 38002 pkt (dropped 0, overlimits 0 requeues 0) 
 backlog 8892b 6p requeues 0
prob 0.019144 delay_c 0us delay_l 12004us
pkts_in_c 49 pkts_in_l 37959 maxq 19
ecn_mark 3707 step_mark 1241
credit -1270 (L-queue)
memory_used 14016 (max 45163) of memory limit 30280000

======================================================================
Timestamp: 2026-04-28 21:09:44
qdisc htb 1: root refcnt 13 r2q 10 default 0x10 direct_packets_stat 0 direct_qlen 1000
 Sent 56510565 bytes 38252 pkt (dropped 0, overlimits 37859 requeues 0) 
 backlog 10374b 9369p requeues 0
qdisc dualpi2 20: parent 1:10 limit 10000p memlimit 30280000B target 15ms tupdate 16ms alpha 0.156250 beta 3.195312 step_thresh 20ms min_qlen_step 0p coupling_factor 2 drop_on_overload drop_dequeue classic_protection 10% l4s_ect split_gso 
 Sent 56510565 bytes 38252 pkt (dropped 0, overlimits 0 requeues 0) 
 backlog 10374b 7p requeues 0
prob 0.033998 delay_c 0us delay_l 13134us
pkts_in_c 49 pkts_in_l 38210 maxq 19
ecn_mark 3715 step_mark 1241
credit -1270 (L-queue)
memory_used 16352 (max 45163) of memory limit 30280000

======================================================================
Timestamp: 2026-04-28 21:09:45
qdisc htb 1: root refcnt 13 r2q 10 default 0x10 direct_packets_stat 0 direct_qlen 1000
 Sent 57293258 bytes 38782 pkt (dropped 0, overlimits 38388 requeues 0) 
 backlog 0b 9493p requeues 0
qdisc dualpi2 20: parent 1:10 limit 10000p memlimit 30280000B target 15ms tupdate 16ms alpha 0.156250 beta 3.195312 step_thresh 20ms min_qlen_step 0p coupling_factor 2 drop_on_overload drop_dequeue classic_protection 10% l4s_ect split_gso 
 Sent 57293258 bytes 38782 pkt (dropped 0, overlimits 0 requeues 0) 
 backlog 0b 0p requeues 0
prob 0.000000 delay_c 0us delay_l 0us
pkts_in_c 49 pkts_in_l 38733 maxq 19
ecn_mark 3784 step_mark 1262
credit -1270 (L-queue)
memory_used 0 (max 45163) of memory limit 30280000

======================================================================
Timestamp: 2026-04-28 21:09:46
qdisc htb 1: root refcnt 13 r2q 10 default 0x10 direct_packets_stat 0 direct_qlen 1000
 Sent 57318181 bytes 38799 pkt (dropped 0, overlimits 38403 requeues 0) 
 backlog 7410b 9501p requeues 0
qdisc dualpi2 20: parent 1:10 limit 10000p memlimit 30280000B target 15ms tupdate 16ms alpha 0.156250 beta 3.195312 step_thresh 20ms min_qlen_step 0p coupling_factor 2 drop_on_overload drop_dequeue classic_protection 10% l4s_ect split_gso 
 Sent 57318181 bytes 38799 pkt (dropped 0, overlimits 0 requeues 0) 
 backlog 7410b 5p requeues 0
prob 0.032291 delay_c 0us delay_l 11225us
pkts_in_c 49 pkts_in_l 38755 maxq 19
ecn_mark 3784 step_mark 1262
credit -1270 (L-queue)
memory_used 11520 (max 45163) of memory limit 30280000

======================================================================
Timestamp: 2026-04-28 21:09:47
qdisc htb 1: root refcnt 13 r2q 10 default 0x10 direct_packets_stat 0 direct_qlen 1000
 Sent 58197007 bytes 39392 pkt (dropped 0, overlimits 38996 requeues 0) 
 backlog 11856b 9653p requeues 0
qdisc dualpi2 20: parent 1:10 limit 10000p memlimit 30280000B target 15ms tupdate 16ms alpha 0.156250 beta 3.195312 step_thresh 20ms min_qlen_step 0p coupling_factor 2 drop_on_overload drop_dequeue classic_protection 10% l4s_ect split_gso 
 Sent 58197007 bytes 39392 pkt (dropped 0, overlimits 0 requeues 0) 
 backlog 11856b 8p requeues 0
prob 0.037445 delay_c 0us delay_l 10717us
pkts_in_c 49 pkts_in_l 39351 maxq 19
ecn_mark 3849 step_mark 1292
credit -1270 (L-queue)
memory_used 18688 (max 45163) of memory limit 30280000

======================================================================
Timestamp: 2026-04-28 21:09:48
qdisc htb 1: root refcnt 13 r2q 10 default 0x10 direct_packets_stat 0 direct_qlen 1000
 Sent 58401820 bytes 39533 pkt (dropped 0, overlimits 39134 requeues 0) 
 backlog 0b 9679p requeues 0
qdisc dualpi2 20: parent 1:10 limit 10000p memlimit 30280000B target 15ms tupdate 16ms alpha 0.156250 beta 3.195312 step_thresh 20ms min_qlen_step 0p coupling_factor 2 drop_on_overload drop_dequeue classic_protection 10% l4s_ect split_gso 
 Sent 58401820 bytes 39533 pkt (dropped 0, overlimits 0 requeues 0) 
 backlog 0b 0p requeues 0
prob 0.000000 delay_c 0us delay_l 0us
pkts_in_c 50 pkts_in_l 39483 maxq 19
ecn_mark 3858 step_mark 1292
credit -1270 (L-queue)
memory_used 0 (max 45163) of memory limit 30280000

======================================================================
Timestamp: 2026-04-28 21:09:49
qdisc htb 1: root refcnt 13 r2q 10 default 0x10 direct_packets_stat 0 direct_qlen 1000
 Sent 59262862 bytes 40114 pkt (dropped 0, overlimits 39714 requeues 0) 
 backlog 11856b 9831p requeues 0
qdisc dualpi2 20: parent 1:10 limit 10000p memlimit 30280000B target 15ms tupdate 16ms alpha 0.156250 beta 3.195312 step_thresh 20ms min_qlen_step 0p coupling_factor 2 drop_on_overload drop_dequeue classic_protection 10% l4s_ect split_gso 
 Sent 59262862 bytes 40114 pkt (dropped 0, overlimits 0 requeues 0) 
 backlog 11856b 8p requeues 0
prob 0.029962 delay_c 0us delay_l 12888us
pkts_in_c 50 pkts_in_l 40072 maxq 19
ecn_mark 3914 step_mark 1313
credit -1270 (L-queue)
memory_used 18688 (max 45163) of memory limit 30280000

======================================================================
Timestamp: 2026-04-28 21:09:50
qdisc htb 1: root refcnt 13 r2q 10 default 0x10 direct_packets_stat 0 direct_qlen 1000
 Sent 59374706 bytes 40191 pkt (dropped 0, overlimits 39790 requeues 0) 
 backlog 0b 9841p requeues 0
qdisc dualpi2 20: parent 1:10 limit 10000p memlimit 30280000B target 15ms tupdate 16ms alpha 0.156250 beta 3.195312 step_thresh 20ms min_qlen_step 0p coupling_factor 2 drop_on_overload drop_dequeue classic_protection 10% l4s_ect split_gso 
 Sent 59374706 bytes 40191 pkt (dropped 0, overlimits 0 requeues 0) 
 backlog 0b 0p requeues 0
prob 0.000000 delay_c 0us delay_l 0us
pkts_in_c 51 pkts_in_l 40140 maxq 19
ecn_mark 3917 step_mark 1313
credit -1270 (L-queue)
memory_used 0 (max 45163) of memory limit 30280000

======================================================================
Timestamp: 2026-04-28 21:09:51
qdisc htb 1: root refcnt 13 r2q 10 default 0x10 direct_packets_stat 0 direct_qlen 1000
 Sent 60192499 bytes 40743 pkt (dropped 0, overlimits 40340 requeues 0) 
 backlog 11856b 9986p requeues 0
qdisc dualpi2 20: parent 1:10 limit 10000p memlimit 30280000B target 15ms tupdate 16ms alpha 0.156250 beta 3.195312 step_thresh 20ms min_qlen_step 0p coupling_factor 2 drop_on_overload drop_dequeue classic_protection 10% l4s_ect split_gso 
 Sent 60192499 bytes 40743 pkt (dropped 0, overlimits 0 requeues 0) 
 backlog 11856b 8p requeues 0
prob 0.051757 delay_c 0us delay_l 10238us
pkts_in_c 51 pkts_in_l 40700 maxq 19
ecn_mark 3980 step_mark 1332
credit -1270 (L-queue)
memory_used 18688 (max 45163) of memory limit 30280000

======================================================================
Timestamp: 2026-04-28 21:09:52
qdisc htb 1: root refcnt 13 r2q 10 default 0x10 direct_packets_stat 0 direct_qlen 1000
 Sent 60534128 bytes 40975 pkt (dropped 0, overlimits 40572 requeues 0) 
 backlog 0b 10034p requeues 0
qdisc dualpi2 20: parent 1:10 limit 10000p memlimit 30280000B target 15ms tupdate 16ms alpha 0.156250 beta 3.195312 step_thresh 20ms min_qlen_step 0p coupling_factor 2 drop_on_overload drop_dequeue classic_protection 10% l4s_ect split_gso 
 Sent 60534128 bytes 40975 pkt (dropped 0, overlimits 0 requeues 0) 
 backlog 0b 0p requeues 0
prob 0.000000 delay_c 0us delay_l 0us
pkts_in_c 51 pkts_in_l 40924 maxq 19
ecn_mark 3998 step_mark 1332
credit -1270 (L-queue)
memory_used 0 (max 45163) of memory limit 30280000

======================================================================
Timestamp: 2026-04-28 21:09:53
qdisc htb 1: root refcnt 13 r2q 10 default 0x10 direct_packets_stat 0 direct_qlen 1000
 Sent 61313390 bytes 41501 pkt (dropped 0, overlimits 41096 requeues 0) 
 backlog 11856b 10173p requeues 0
qdisc dualpi2 20: parent 1:10 limit 10000p memlimit 30280000B target 15ms tupdate 16ms alpha 0.156250 beta 3.195312 step_thresh 20ms min_qlen_step 0p coupling_factor 2 drop_on_overload drop_dequeue classic_protection 10% l4s_ect split_gso 
 Sent 61313390 bytes 41501 pkt (dropped 0, overlimits 0 requeues 0) 
 backlog 11856b 8p requeues 0
prob 0.028064 delay_c 0us delay_l 12795us
pkts_in_c 51 pkts_in_l 41458 maxq 19
ecn_mark 4042 step_mark 1337
credit -1270 (L-queue)
memory_used 18688 (max 45163) of memory limit 30280000

======================================================================
Timestamp: 2026-04-28 21:09:54
qdisc htb 1: root refcnt 13 r2q 10 default 0x10 direct_packets_stat 0 direct_qlen 1000
 Sent 61736430 bytes 41789 pkt (dropped 0, overlimits 41383 requeues 0) 
 backlog 0b 10235p requeues 0
qdisc dualpi2 20: parent 1:10 limit 10000p memlimit 30280000B target 15ms tupdate 16ms alpha 0.156250 beta 3.195312 step_thresh 20ms min_qlen_step 0p coupling_factor 2 drop_on_overload drop_dequeue classic_protection 10% l4s_ect split_gso 
 Sent 61736430 bytes 41789 pkt (dropped 0, overlimits 0 requeues 0) 
 backlog 0b 0p requeues 0
prob 0.000000 delay_c 0us delay_l 0us
pkts_in_c 52 pkts_in_l 41737 maxq 19
ecn_mark 4075 step_mark 1352
credit -1270 (L-queue)
memory_used 0 (max 45163) of memory limit 30280000

======================================================================
Timestamp: 2026-04-28 21:09:55
qdisc htb 1: root refcnt 13 r2q 10 default 0x10 direct_packets_stat 0 direct_qlen 1000
 Sent 62472713 bytes 42286 pkt (dropped 0, overlimits 41878 requeues 0) 
 backlog 11856b 10366p requeues 0
qdisc dualpi2 20: parent 1:10 limit 10000p memlimit 30280000B target 15ms tupdate 16ms alpha 0.156250 beta 3.195312 step_thresh 20ms min_qlen_step 0p coupling_factor 2 drop_on_overload drop_dequeue classic_protection 10% l4s_ect split_gso 
 Sent 62472713 bytes 42286 pkt (dropped 0, overlimits 0 requeues 0) 
 backlog 11856b 8p requeues 0
prob 0.039329 delay_c 0us delay_l 19378us
pkts_in_c 52 pkts_in_l 42242 maxq 19
ecn_mark 4125 step_mark 1364
credit -1270 (L-queue)
memory_used 18688 (max 45163) of memory limit 30280000

======================================================================
Timestamp: 2026-04-28 21:09:56
qdisc htb 1: root refcnt 13 r2q 10 default 0x10 direct_packets_stat 0 direct_qlen 1000
 Sent 62950613 bytes 42610 pkt (dropped 0, overlimits 42202 requeues 0) 
 backlog 0b 10437p requeues 0
qdisc dualpi2 20: parent 1:10 limit 10000p memlimit 30280000B target 15ms tupdate 16ms alpha 0.156250 beta 3.195312 step_thresh 20ms min_qlen_step 0p coupling_factor 2 drop_on_overload drop_dequeue classic_protection 10% l4s_ect split_gso 
 Sent 62950613 bytes 42610 pkt (dropped 0, overlimits 0 requeues 0) 
 backlog 0b 0p requeues 0
prob 0.000000 delay_c 0us delay_l 0us
pkts_in_c 52 pkts_in_l 42558 maxq 19
ecn_mark 4148 step_mark 1366
credit -1270 (L-queue)
memory_used 0 (max 45163) of memory limit 30280000

======================================================================
Timestamp: 2026-04-28 21:09:57
qdisc htb 1: root refcnt 13 r2q 10 default 0x10 direct_packets_stat 0 direct_qlen 1000
 Sent 63648364 bytes 43081 pkt (dropped 0, overlimits 42671 requeues 0) 
 backlog 10374b 10561p requeues 0
qdisc dualpi2 20: parent 1:10 limit 10000p memlimit 30280000B target 15ms tupdate 16ms alpha 0.156250 beta 3.195312 step_thresh 20ms min_qlen_step 0p coupling_factor 2 drop_on_overload drop_dequeue classic_protection 10% l4s_ect split_gso 
 Sent 63648364 bytes 43081 pkt (dropped 0, overlimits 0 requeues 0) 
 backlog 10374b 7p requeues 0
prob 0.038494 delay_c 0us delay_l 12712us
pkts_in_c 52 pkts_in_l 43036 maxq 19
ecn_mark 4208 step_mark 1389
credit -1270 (L-queue)
memory_used 16352 (max 45163) of memory limit 30280000

======================================================================
Timestamp: 2026-04-28 21:09:58
qdisc htb 1: root refcnt 13 r2q 10 default 0x10 direct_packets_stat 0 direct_qlen 1000
 Sent 64153294 bytes 43423 pkt (dropped 0, overlimits 43013 requeues 0) 
 backlog 0b 10638p requeues 0
qdisc dualpi2 20: parent 1:10 limit 10000p memlimit 30280000B target 15ms tupdate 16ms alpha 0.156250 beta 3.195312 step_thresh 20ms min_qlen_step 0p coupling_factor 2 drop_on_overload drop_dequeue classic_protection 10% l4s_ect split_gso 
 Sent 64153294 bytes 43423 pkt (dropped 0, overlimits 0 requeues 0) 
 backlog 0b 0p requeues 0
prob 0.000000 delay_c 0us delay_l 0us
pkts_in_c 52 pkts_in_l 43371 maxq 19
ecn_mark 4223 step_mark 1389
credit -1270 (L-queue)
memory_used 0 (max 45163) of memory limit 30280000

======================================================================
Timestamp: 2026-04-28 21:09:59
qdisc htb 1: root refcnt 13 r2q 10 default 0x10 direct_packets_stat 0 direct_qlen 1000
 Sent 64806585 bytes 43864 pkt (dropped 0, overlimits 43452 requeues 0) 
 backlog 11856b 10755p requeues 0
qdisc dualpi2 20: parent 1:10 limit 10000p memlimit 30280000B target 15ms tupdate 16ms alpha 0.156250 beta 3.195312 step_thresh 20ms min_qlen_step 0p coupling_factor 2 drop_on_overload drop_dequeue classic_protection 10% l4s_ect split_gso 
 Sent 64806585 bytes 43864 pkt (dropped 0, overlimits 0 requeues 0) 
 backlog 11856b 8p requeues 0
prob 0.040110 delay_c 0us delay_l 12460us
pkts_in_c 52 pkts_in_l 43820 maxq 19
ecn_mark 4278 step_mark 1399
credit -1270 (L-queue)
memory_used 18688 (max 45163) of memory limit 30280000

======================================================================
Timestamp: 2026-04-28 21:10:00
qdisc htb 1: root refcnt 13 r2q 10 default 0x10 direct_packets_stat 0 direct_qlen 1000
 Sent 65396157 bytes 44264 pkt (dropped 0, overlimits 43851 requeues 0) 
 backlog 0b 10845p requeues 0
qdisc dualpi2 20: parent 1:10 limit 10000p memlimit 30280000B target 15ms tupdate 16ms alpha 0.156250 beta 3.195312 step_thresh 20ms min_qlen_step 0p coupling_factor 2 drop_on_overload drop_dequeue classic_protection 10% l4s_ect split_gso 
 Sent 65396157 bytes 44264 pkt (dropped 0, overlimits 0 requeues 0) 
 backlog 0b 0p requeues 0
prob 0.000000 delay_c 0us delay_l 0us
pkts_in_c 53 pkts_in_l 44211 maxq 19
ecn_mark 4303 step_mark 1399
credit 9770 (C-queue)
memory_used 0 (max 45163) of memory limit 30280000

======================================================================
Timestamp: 2026-04-28 21:10:01
qdisc htb 1: root refcnt 13 r2q 10 default 0x10 direct_packets_stat 0 direct_qlen 1000
 Sent 66006471 bytes 44676 pkt (dropped 0, overlimits 44261 requeues 0) 
 backlog 8892b 10953p requeues 0
qdisc dualpi2 20: parent 1:10 limit 10000p memlimit 30280000B target 15ms tupdate 16ms alpha 0.156250 beta 3.195312 step_thresh 20ms min_qlen_step 0p coupling_factor 2 drop_on_overload drop_dequeue classic_protection 10% l4s_ect split_gso 
 Sent 66006471 bytes 44676 pkt (dropped 0, overlimits 0 requeues 0) 
 backlog 8892b 6p requeues 0
prob 0.038195 delay_c 0us delay_l 10990us
pkts_in_c 53 pkts_in_l 44629 maxq 19
ecn_mark 4367 step_mark 1422
credit 9770 (C-queue)
memory_used 14016 (max 45163) of memory limit 30280000

======================================================================
Timestamp: 2026-04-28 21:10:02
qdisc htb 1: root refcnt 13 r2q 10 default 0x10 direct_packets_stat 0 direct_qlen 1000
 Sent 66548309 bytes 45043 pkt (dropped 0, overlimits 44627 requeues 0) 
 backlog 0b 11036p requeues 0
qdisc dualpi2 20: parent 1:10 limit 10000p memlimit 30280000B target 15ms tupdate 16ms alpha 0.156250 beta 3.195312 step_thresh 20ms min_qlen_step 0p coupling_factor 2 drop_on_overload drop_dequeue classic_protection 10% l4s_ect split_gso 
 Sent 66548309 bytes 45043 pkt (dropped 0, overlimits 0 requeues 0) 
 backlog 0b 0p requeues 0
prob 0.000000 delay_c 0us delay_l 0us
pkts_in_c 53 pkts_in_l 44990 maxq 19
ecn_mark 4374 step_mark 1422
credit 9770 (C-queue)
memory_used 0 (max 45163) of memory limit 30280000

======================================================================
Timestamp: 2026-04-28 21:10:03
qdisc htb 1: root refcnt 13 r2q 10 default 0x10 direct_packets_stat 0 direct_qlen 1000
 Sent 66875729 bytes 45266 pkt (dropped 0, overlimits 44847 requeues 0) 
 backlog 0b 11089p requeues 0
qdisc dualpi2 20: parent 1:10 limit 10000p memlimit 30280000B target 15ms tupdate 16ms alpha 0.156250 beta 3.195312 step_thresh 20ms min_qlen_step 0p coupling_factor 2 drop_on_overload drop_dequeue classic_protection 10% l4s_ect split_gso 
 Sent 66875729 bytes 45266 pkt (dropped 0, overlimits 0 requeues 0) 
 backlog 0b 0p requeues 0
prob 0.000000 delay_c 0us delay_l 0us
pkts_in_c 54 pkts_in_l 45212 maxq 19
ecn_mark 4420 step_mark 1451
credit -10120 (L-queue)
memory_used 0 (max 45163) of memory limit 30280000

======================================================================
Timestamp: 2026-04-28 21:10:04
qdisc htb 1: root refcnt 13 r2q 10 default 0x10 direct_packets_stat 0 direct_qlen 1000
 Sent 66875729 bytes 45266 pkt (dropped 0, overlimits 44847 requeues 0) 
 backlog 0b 11089p requeues 0
qdisc dualpi2 20: parent 1:10 limit 10000p memlimit 30280000B target 15ms tupdate 16ms alpha 0.156250 beta 3.195312 step_thresh 20ms min_qlen_step 0p coupling_factor 2 drop_on_overload drop_dequeue classic_protection 10% l4s_ect split_gso 
 Sent 66875729 bytes 45266 pkt (dropped 0, overlimits 0 requeues 0) 
 backlog 0b 0p requeues 0
prob 0.000000 delay_c 0us delay_l 0us
pkts_in_c 54 pkts_in_l 45212 maxq 19
ecn_mark 4420 step_mark 1451
credit -10120 (L-queue)
memory_used 0 (max 45163) of memory limit 30280000

======================================================================
Timestamp: 2026-04-28 21:10:05
qdisc htb 1: root refcnt 13 r2q 10 default 0x10 direct_packets_stat 0 direct_qlen 1000
 Sent 67265284 bytes 45530 pkt (dropped 0, overlimits 45108 requeues 0) 
 backlog 0b 11150p requeues 0
qdisc dualpi2 20: parent 1:10 limit 10000p memlimit 30280000B target 15ms tupdate 16ms alpha 0.156250 beta 3.195312 step_thresh 20ms min_qlen_step 0p coupling_factor 2 drop_on_overload drop_dequeue classic_protection 10% l4s_ect split_gso 
 Sent 67265284 bytes 45530 pkt (dropped 0, overlimits 0 requeues 0) 
 backlog 0b 0p requeues 0
prob 0.000000 delay_c 0us delay_l 0us
pkts_in_c 54 pkts_in_l 45476 maxq 19
ecn_mark 4439 step_mark 1451
credit -10120 (L-queue)
memory_used 0 (max 45163) of memory limit 30280000

======================================================================
Timestamp: 2026-04-28 21:10:06
qdisc htb 1: root refcnt 13 r2q 10 default 0x10 direct_packets_stat 0 direct_qlen 1000
 Sent 67265284 bytes 45530 pkt (dropped 0, overlimits 45108 requeues 0) 
 backlog 0b 11150p requeues 0
qdisc dualpi2 20: parent 1:10 limit 10000p memlimit 30280000B target 15ms tupdate 16ms alpha 0.156250 beta 3.195312 step_thresh 20ms min_qlen_step 0p coupling_factor 2 drop_on_overload drop_dequeue classic_protection 10% l4s_ect split_gso 
 Sent 67265284 bytes 45530 pkt (dropped 0, overlimits 0 requeues 0) 
 backlog 0b 0p requeues 0
prob 0.000000 delay_c 0us delay_l 0us
pkts_in_c 54 pkts_in_l 45476 maxq 19
ecn_mark 4439 step_mark 1451
credit -10120 (L-queue)
memory_used 0 (max 45163) of memory limit 30280000

======================================================================
Timestamp: 2026-04-28 21:10:07
qdisc htb 1: root refcnt 13 r2q 10 default 0x10 direct_packets_stat 0 direct_qlen 1000
 Sent 67749627 bytes 45857 pkt (dropped 0, overlimits 45433 requeues 0) 
 backlog 13338b 11240p requeues 0
qdisc dualpi2 20: parent 1:10 limit 10000p memlimit 30280000B target 15ms tupdate 16ms alpha 0.156250 beta 3.195312 step_thresh 20ms min_qlen_step 0p coupling_factor 2 drop_on_overload drop_dequeue classic_protection 10% l4s_ect split_gso 
 Sent 67749627 bytes 45857 pkt (dropped 0, overlimits 0 requeues 0) 
 backlog 13338b 9p requeues 0
prob 0.023543 delay_c 0us delay_l 16598us
pkts_in_c 54 pkts_in_l 45812 maxq 19
ecn_mark 4461 step_mark 1451
credit -10120 (L-queue)
memory_used 21024 (max 45163) of memory limit 30280000

======================================================================
Timestamp: 2026-04-28 21:10:08
qdisc htb 1: root refcnt 13 r2q 10 default 0x10 direct_packets_stat 0 direct_qlen 1000
 Sent 68344877 bytes 46259 pkt (dropped 0, overlimits 45835 requeues 0) 
 backlog 0b 11329p requeues 0
qdisc dualpi2 20: parent 1:10 limit 10000p memlimit 30280000B target 15ms tupdate 16ms alpha 0.156250 beta 3.195312 step_thresh 20ms min_qlen_step 0p coupling_factor 2 drop_on_overload drop_dequeue classic_protection 10% l4s_ect split_gso 
 Sent 68344877 bytes 46259 pkt (dropped 0, overlimits 0 requeues 0) 
 backlog 0b 0p requeues 0
prob 0.000000 delay_c 0us delay_l 0us
pkts_in_c 54 pkts_in_l 46205 maxq 19
ecn_mark 4509 step_mark 1467
credit -10120 (L-queue)
memory_used 0 (max 45163) of memory limit 30280000

======================================================================
Timestamp: 2026-04-28 21:10:09
qdisc htb 1: root refcnt 13 r2q 10 default 0x10 direct_packets_stat 0 direct_qlen 1000
 Sent 68787724 bytes 46558 pkt (dropped 0, overlimits 46132 requeues 0) 
 backlog 14820b 11413p requeues 0
qdisc dualpi2 20: parent 1:10 limit 10000p memlimit 30280000B target 15ms tupdate 16ms alpha 0.156250 beta 3.195312 step_thresh 20ms min_qlen_step 0p coupling_factor 2 drop_on_overload drop_dequeue classic_protection 10% l4s_ect split_gso 
 Sent 68787724 bytes 46558 pkt (dropped 0, overlimits 0 requeues 0) 
 backlog 14820b 10p requeues 0
prob 0.030504 delay_c 0us delay_l 15547us
pkts_in_c 54 pkts_in_l 46514 maxq 19
ecn_mark 4522 step_mark 1467
credit -10120 (L-queue)
memory_used 23360 (max 45163) of memory limit 30280000

======================================================================
Timestamp: 2026-04-28 21:10:10
qdisc htb 1: root refcnt 13 r2q 10 default 0x10 direct_packets_stat 0 direct_qlen 1000
 Sent 69621734 bytes 47121 pkt (dropped 0, overlimits 46695 requeues 0) 
 backlog 0b 11542p requeues 0
qdisc dualpi2 20: parent 1:10 limit 10000p memlimit 30280000B target 15ms tupdate 16ms alpha 0.156250 beta 3.195312 step_thresh 20ms min_qlen_step 0p coupling_factor 2 drop_on_overload drop_dequeue classic_protection 10% l4s_ect split_gso 
 Sent 69621734 bytes 47121 pkt (dropped 0, overlimits 0 requeues 0) 
 backlog 0b 0p requeues 0
prob 0.000000 delay_c 0us delay_l 0us
pkts_in_c 54 pkts_in_l 47067 maxq 19
ecn_mark 4584 step_mark 1493
credit -10120 (L-queue)
memory_used 0 (max 45163) of memory limit 30280000

======================================================================
Timestamp: 2026-04-28 21:10:11
qdisc htb 1: root refcnt 13 r2q 10 default 0x10 direct_packets_stat 0 direct_qlen 1000
 Sent 70020121 bytes 47390 pkt (dropped 0, overlimits 46962 requeues 0) 
 backlog 11856b 11616p requeues 0
qdisc dualpi2 20: parent 1:10 limit 10000p memlimit 30280000B target 15ms tupdate 16ms alpha 0.156250 beta 3.195312 step_thresh 20ms min_qlen_step 0p coupling_factor 2 drop_on_overload drop_dequeue classic_protection 10% l4s_ect split_gso 
 Sent 70020121 bytes 47390 pkt (dropped 0, overlimits 0 requeues 0) 
 backlog 11856b 8p requeues 0
prob 0.031561 delay_c 0us delay_l 12615us
pkts_in_c 54 pkts_in_l 47344 maxq 19
ecn_mark 4600 step_mark 1493
credit -10120 (L-queue)
memory_used 18688 (max 45163) of memory limit 30280000

======================================================================
Timestamp: 2026-04-28 21:10:12
qdisc htb 1: root refcnt 13 r2q 10 default 0x10 direct_packets_stat 0 direct_qlen 1000
 Sent 70897465 bytes 47982 pkt (dropped 0, overlimits 47554 requeues 0) 
 backlog 13338b 11766p requeues 0
qdisc dualpi2 20: parent 1:10 limit 10000p memlimit 30280000B target 15ms tupdate 16ms alpha 0.156250 beta 3.195312 step_thresh 20ms min_qlen_step 0p coupling_factor 2 drop_on_overload drop_dequeue classic_protection 10% l4s_ect split_gso 
 Sent 70897465 bytes 47982 pkt (dropped 0, overlimits 0 requeues 0) 
 backlog 13338b 9p requeues 0
prob 0.029186 delay_c 0us delay_l 16836us
pkts_in_c 54 pkts_in_l 47937 maxq 19
ecn_mark 4660 step_mark 1504
credit -10120 (L-queue)
memory_used 21024 (max 45163) of memory limit 30280000

======================================================================
Timestamp: 2026-04-28 21:10:13
qdisc htb 1: root refcnt 13 r2q 10 default 0x10 direct_packets_stat 0 direct_qlen 1000
 Sent 71324672 bytes 48272 pkt (dropped 0, overlimits 47841 requeues 0) 
 backlog 10374b 11833p requeues 0
qdisc dualpi2 20: parent 1:10 limit 10000p memlimit 30280000B target 15ms tupdate 16ms alpha 0.156250 beta 3.195312 step_thresh 20ms min_qlen_step 0p coupling_factor 2 drop_on_overload drop_dequeue classic_protection 10% l4s_ect split_gso 
 Sent 71324672 bytes 48272 pkt (dropped 0, overlimits 0 requeues 0) 
 backlog 10374b 7p requeues 0
prob 0.040227 delay_c 0us delay_l 13728us
pkts_in_c 54 pkts_in_l 48225 maxq 19
ecn_mark 4686 step_mark 1504
credit -10120 (L-queue)
memory_used 16352 (max 45163) of memory limit 30280000

======================================================================
Timestamp: 2026-04-28 21:10:14
qdisc htb 1: root refcnt 13 r2q 10 default 0x10 direct_packets_stat 0 direct_qlen 1000
 Sent 72200886 bytes 48864 pkt (dropped 0, overlimits 48433 requeues 0) 
 backlog 0b 11973p requeues 0
qdisc dualpi2 20: parent 1:10 limit 10000p memlimit 30280000B target 15ms tupdate 16ms alpha 0.156250 beta 3.195312 step_thresh 20ms min_qlen_step 0p coupling_factor 2 drop_on_overload drop_dequeue classic_protection 10% l4s_ect split_gso 
 Sent 72200886 bytes 48864 pkt (dropped 0, overlimits 0 requeues 0) 
 backlog 0b 0p requeues 0
prob 0.013014 delay_c 0us delay_l 0us
pkts_in_c 54 pkts_in_l 48810 maxq 19
ecn_mark 4756 step_mark 1524
credit -10120 (L-queue)
memory_used 0 (max 45163) of memory limit 30280000

======================================================================
Timestamp: 2026-04-28 21:10:15
qdisc htb 1: root refcnt 13 r2q 10 default 0x10 direct_packets_stat 0 direct_qlen 1000
 Sent 72517860 bytes 49079 pkt (dropped 0, overlimits 48645 requeues 0) 
 backlog 14820b 12036p requeues 0
qdisc dualpi2 20: parent 1:10 limit 10000p memlimit 30280000B target 15ms tupdate 16ms alpha 0.156250 beta 3.195312 step_thresh 20ms min_qlen_step 0p coupling_factor 2 drop_on_overload drop_dequeue classic_protection 10% l4s_ect split_gso 
 Sent 72517860 bytes 49079 pkt (dropped 0, overlimits 0 requeues 0) 
 backlog 14820b 10p requeues 0
prob 0.020097 delay_c 0us delay_l 13788us
pkts_in_c 54 pkts_in_l 49035 maxq 19
ecn_mark 4765 step_mark 1524
credit -10120 (L-queue)
memory_used 23360 (max 45163) of memory limit 30280000

======================================================================
Timestamp: 2026-04-28 21:10:16
qdisc htb 1: root refcnt 13 r2q 10 default 0x10 direct_packets_stat 0 direct_qlen 1000
 Sent 73395204 bytes 49671 pkt (dropped 0, overlimits 49237 requeues 0) 
 backlog 11856b 12182p requeues 0
qdisc dualpi2 20: parent 1:10 limit 10000p memlimit 30280000B target 15ms tupdate 16ms alpha 0.156250 beta 3.195312 step_thresh 20ms min_qlen_step 0p coupling_factor 2 drop_on_overload drop_dequeue classic_protection 10% l4s_ect split_gso 
 Sent 73395204 bytes 49671 pkt (dropped 0, overlimits 0 requeues 0) 
 backlog 11856b 8p requeues 0
prob 0.035815 delay_c 0us delay_l 10897us
pkts_in_c 54 pkts_in_l 49625 maxq 19
ecn_mark 4826 step_mark 1551
credit -10120 (L-queue)
memory_used 18688 (max 45163) of memory limit 30280000

======================================================================
Timestamp: 2026-04-28 21:10:17
qdisc htb 1: root refcnt 13 r2q 10 default 0x10 direct_packets_stat 0 direct_qlen 1000
 Sent 73734358 bytes 49901 pkt (dropped 0, overlimits 49465 requeues 0) 
 backlog 11856b 12236p requeues 0
qdisc dualpi2 20: parent 1:10 limit 10000p memlimit 30280000B target 15ms tupdate 16ms alpha 0.156250 beta 3.195312 step_thresh 20ms min_qlen_step 0p coupling_factor 2 drop_on_overload drop_dequeue classic_protection 10% l4s_ect split_gso 
 Sent 73734358 bytes 49901 pkt (dropped 0, overlimits 0 requeues 0) 
 backlog 11856b 8p requeues 0
prob 0.056374 delay_c 0us delay_l 19092us
pkts_in_c 54 pkts_in_l 49855 maxq 19
ecn_mark 4865 step_mark 1569
credit -10120 (L-queue)
memory_used 18688 (max 45163) of memory limit 30280000

======================================================================
Timestamp: 2026-04-28 21:10:18
qdisc htb 1: root refcnt 13 r2q 10 default 0x10 direct_packets_stat 0 direct_qlen 1000
 Sent 74611744 bytes 50494 pkt (dropped 0, overlimits 50058 requeues 0) 
 backlog 16302b 12388p requeues 0
qdisc dualpi2 20: parent 1:10 limit 10000p memlimit 30280000B target 15ms tupdate 16ms alpha 0.156250 beta 3.195312 step_thresh 20ms min_qlen_step 0p coupling_factor 2 drop_on_overload drop_dequeue classic_protection 10% l4s_ect split_gso 
 Sent 74611744 bytes 50494 pkt (dropped 0, overlimits 0 requeues 0) 
 backlog 16302b 11p requeues 0
prob 0.010095 delay_c 0us delay_l 15053us
pkts_in_c 55 pkts_in_l 50450 maxq 19
ecn_mark 4913 step_mark 1576
credit 920 (C-queue)
memory_used 25696 (max 45163) of memory limit 30280000

======================================================================
Timestamp: 2026-04-28 21:10:19
qdisc htb 1: root refcnt 13 r2q 10 default 0x10 direct_packets_stat 0 direct_qlen 1000
 Sent 74931486 bytes 50711 pkt (dropped 0, overlimits 50272 requeues 0) 
 backlog 14820b 12438p requeues 0
qdisc dualpi2 20: parent 1:10 limit 10000p memlimit 30280000B target 15ms tupdate 16ms alpha 0.156250 beta 3.195312 step_thresh 20ms min_qlen_step 0p coupling_factor 2 drop_on_overload drop_dequeue classic_protection 10% l4s_ect split_gso 
 Sent 74931486 bytes 50711 pkt (dropped 0, overlimits 0 requeues 0) 
 backlog 14820b 10p requeues 0
prob 0.059854 delay_c 0us delay_l 18257us
pkts_in_c 55 pkts_in_l 50666 maxq 19
ecn_mark 4942 step_mark 1593
credit 920 (C-queue)
memory_used 23360 (max 45163) of memory limit 30280000

======================================================================
Timestamp: 2026-04-28 21:10:20
qdisc htb 1: root refcnt 13 r2q 10 default 0x10 direct_packets_stat 0 direct_qlen 1000
 Sent 75810312 bytes 51304 pkt (dropped 0, overlimits 50865 requeues 0) 
 backlog 11856b 12585p requeues 0
qdisc dualpi2 20: parent 1:10 limit 10000p memlimit 30280000B target 15ms tupdate 16ms alpha 0.156250 beta 3.195312 step_thresh 20ms min_qlen_step 0p coupling_factor 2 drop_on_overload drop_dequeue classic_protection 10% l4s_ect split_gso 
 Sent 75810312 bytes 51304 pkt (dropped 0, overlimits 0 requeues 0) 
 backlog 11856b 8p requeues 0
prob 0.025387 delay_c 0us delay_l 10239us
pkts_in_c 55 pkts_in_l 51257 maxq 19
ecn_mark 4994 step_mark 1607
credit 920 (C-queue)
memory_used 18688 (max 45163) of memory limit 30280000

======================================================================
Timestamp: 2026-04-28 21:10:21
qdisc htb 1: root refcnt 13 r2q 10 default 0x10 direct_packets_stat 0 direct_qlen 1000
 Sent 76662517 bytes 51881 pkt (dropped 0, overlimits 51440 requeues 0) 
 backlog 10374b 12724p requeues 0
qdisc dualpi2 20: parent 1:10 limit 10000p memlimit 30280000B target 15ms tupdate 16ms alpha 0.156250 beta 3.195312 step_thresh 20ms min_qlen_step 0p coupling_factor 2 drop_on_overload drop_dequeue classic_protection 10% l4s_ect split_gso 
 Sent 76662517 bytes 51881 pkt (dropped 0, overlimits 0 requeues 0) 
 backlog 10374b 7p requeues 0
prob 0.015190 delay_c 0us delay_l 11309us
pkts_in_c 55 pkts_in_l 51833 maxq 19
ecn_mark 5068 step_mark 1638
credit 920 (C-queue)
memory_used 16320 (max 45163) of memory limit 30280000

======================================================================
Timestamp: 2026-04-28 21:10:22
qdisc htb 1: root refcnt 13 r2q 10 default 0x10 direct_packets_stat 0 direct_qlen 1000
 Sent 77513816 bytes 52457 pkt (dropped 0, overlimits 52015 requeues 0) 
 backlog 11856b 12866p requeues 0
qdisc dualpi2 20: parent 1:10 limit 10000p memlimit 30280000B target 15ms tupdate 16ms alpha 0.156250 beta 3.195312 step_thresh 20ms min_qlen_step 0p coupling_factor 2 drop_on_overload drop_dequeue classic_protection 10% l4s_ect split_gso 
 Sent 77513816 bytes 52457 pkt (dropped 0, overlimits 0 requeues 0) 
 backlog 11856b 8p requeues 0
prob 0.054331 delay_c 0us delay_l 10816us
pkts_in_c 55 pkts_in_l 52410 maxq 19
ecn_mark 5135 step_mark 1672
credit 920 (C-queue)
memory_used 18688 (max 45163) of memory limit 30280000

======================================================================
Timestamp: 2026-04-28 21:10:23
qdisc htb 1: root refcnt 13 r2q 10 default 0x10 direct_packets_stat 0 direct_qlen 1000
 Sent 78110643 bytes 52860 pkt (dropped 0, overlimits 52418 requeues 0) 
 backlog 0b 12957p requeues 0
qdisc dualpi2 20: parent 1:10 limit 10000p memlimit 30280000B target 15ms tupdate 16ms alpha 0.156250 beta 3.195312 step_thresh 20ms min_qlen_step 0p coupling_factor 2 drop_on_overload drop_dequeue classic_protection 10% l4s_ect split_gso 
 Sent 78110643 bytes 52860 pkt (dropped 0, overlimits 0 requeues 0) 
 backlog 0b 0p requeues 0
prob 0.000000 delay_c 0us delay_l 0us
pkts_in_c 55 pkts_in_l 52805 maxq 19
ecn_mark 5151 step_mark 1672
credit 920 (C-queue)
memory_used 0 (max 45163) of memory limit 30280000

======================================================================
Timestamp: 2026-04-28 21:10:24
qdisc htb 1: root refcnt 13 r2q 10 default 0x10 direct_packets_stat 0 direct_qlen 1000
 Sent 78405291 bytes 53059 pkt (dropped 0, overlimits 52615 requeues 0) 
 backlog 14820b 13016p requeues 0
qdisc dualpi2 20: parent 1:10 limit 10000p memlimit 30280000B target 15ms tupdate 16ms alpha 0.156250 beta 3.195312 step_thresh 20ms min_qlen_step 0p coupling_factor 2 drop_on_overload drop_dequeue classic_protection 10% l4s_ect split_gso 
 Sent 78405291 bytes 53059 pkt (dropped 0, overlimits 0 requeues 0) 
 backlog 14820b 10p requeues 0
prob 0.060042 delay_c 0us delay_l 16183us
pkts_in_c 55 pkts_in_l 53014 maxq 19
ecn_mark 5174 step_mark 1678
credit 920 (C-queue)
memory_used 23360 (max 45163) of memory limit 30280000

======================================================================
Timestamp: 2026-04-28 21:10:25
qdisc htb 1: root refcnt 13 r2q 10 default 0x10 direct_packets_stat 0 direct_qlen 1000
 Sent 78965133 bytes 53438 pkt (dropped 0, overlimits 52993 requeues 0) 
 backlog 0b 13099p requeues 0
qdisc dualpi2 20: parent 1:10 limit 10000p memlimit 30280000B target 15ms tupdate 16ms alpha 0.156250 beta 3.195312 step_thresh 20ms min_qlen_step 0p coupling_factor 2 drop_on_overload drop_dequeue classic_protection 10% l4s_ect split_gso 
 Sent 78965133 bytes 53438 pkt (dropped 0, overlimits 0 requeues 0) 
 backlog 0b 0p requeues 0
prob 0.000000 delay_c 0us delay_l 0us
pkts_in_c 55 pkts_in_l 53383 maxq 19
ecn_mark 5221 step_mark 1692
credit 920 (C-queue)
memory_used 0 (max 45163) of memory limit 30280000

======================================================================
Timestamp: 2026-04-28 21:10:26
qdisc htb 1: root refcnt 13 r2q 10 default 0x10 direct_packets_stat 0 direct_qlen 1000
 Sent 79216803 bytes 53608 pkt (dropped 0, overlimits 53161 requeues 0) 
 backlog 13338b 13150p requeues 0
qdisc dualpi2 20: parent 1:10 limit 10000p memlimit 30280000B target 15ms tupdate 16ms alpha 0.156250 beta 3.195312 step_thresh 20ms min_qlen_step 0p coupling_factor 2 drop_on_overload drop_dequeue classic_protection 10% l4s_ect split_gso 
 Sent 79216803 bytes 53608 pkt (dropped 0, overlimits 0 requeues 0) 
 backlog 13338b 9p requeues 0
prob 0.024072 delay_c 0us delay_l 14263us
pkts_in_c 55 pkts_in_l 53562 maxq 19
ecn_mark 5227 step_mark 1692
credit 920 (C-queue)
memory_used 21024 (max 45163) of memory limit 30280000

======================================================================
Timestamp: 2026-04-28 21:10:27
qdisc htb 1: root refcnt 13 r2q 10 default 0x10 direct_packets_stat 0 direct_qlen 1000
 Sent 80094147 bytes 54200 pkt (dropped 0, overlimits 53753 requeues 0) 
 backlog 14820b 13299p requeues 0
qdisc dualpi2 20: parent 1:10 limit 10000p memlimit 30280000B target 15ms tupdate 16ms alpha 0.156250 beta 3.195312 step_thresh 20ms min_qlen_step 0p coupling_factor 2 drop_on_overload drop_dequeue classic_protection 10% l4s_ect split_gso 
 Sent 80094147 bytes 54200 pkt (dropped 0, overlimits 0 requeues 0) 
 backlog 14820b 10p requeues 0
prob 0.021045 delay_c 0us delay_l 15102us
pkts_in_c 55 pkts_in_l 54155 maxq 19
ecn_mark 5294 step_mark 1719
credit 920 (C-queue)
memory_used 23360 (max 45163) of memory limit 30280000

======================================================================
Timestamp: 2026-04-28 21:10:28
qdisc htb 1: root refcnt 13 r2q 10 default 0x10 direct_packets_stat 0 direct_qlen 1000
 Sent 80344674 bytes 54372 pkt (dropped 0, overlimits 53922 requeues 0) 
 backlog 10374b 13335p requeues 0
qdisc dualpi2 20: parent 1:10 limit 10000p memlimit 30280000B target 15ms tupdate 16ms alpha 0.156250 beta 3.195312 step_thresh 20ms min_qlen_step 0p coupling_factor 2 drop_on_overload drop_dequeue classic_protection 10% l4s_ect split_gso 
 Sent 80344674 bytes 54372 pkt (dropped 0, overlimits 0 requeues 0) 
 backlog 10374b 7p requeues 0
prob 0.034414 delay_c 0us delay_l 13567us
pkts_in_c 56 pkts_in_l 54323 maxq 19
ecn_mark 5304 step_mark 1719
credit 920 (C-queue)
memory_used 16352 (max 45163) of memory limit 30280000

======================================================================
Timestamp: 2026-04-28 21:10:29
qdisc htb 1: root refcnt 13 r2q 10 default 0x10 direct_packets_stat 0 direct_qlen 1000
 Sent 80946177 bytes 54779 pkt (dropped 0, overlimits 54328 requeues 0) 
 backlog 0b 13428p requeues 0
qdisc dualpi2 20: parent 1:10 limit 10000p memlimit 30280000B target 15ms tupdate 16ms alpha 0.156250 beta 3.195312 step_thresh 20ms min_qlen_step 0p coupling_factor 2 drop_on_overload drop_dequeue classic_protection 10% l4s_ect split_gso 
 Sent 80946177 bytes 54779 pkt (dropped 0, overlimits 0 requeues 0) 
 backlog 0b 0p requeues 0
prob 0.000000 delay_c 0us delay_l 0us
pkts_in_c 56 pkts_in_l 54723 maxq 19
ecn_mark 5360 step_mark 1746
credit 920 (C-queue)
memory_used 0 (max 45163) of memory limit 30280000

======================================================================
Timestamp: 2026-04-28 21:10:30
qdisc htb 1: root refcnt 13 r2q 10 default 0x10 direct_packets_stat 0 direct_qlen 1000
 Sent 81117818 bytes 54895 pkt (dropped 0, overlimits 54442 requeues 0) 
 backlog 8892b 13462p requeues 0
qdisc dualpi2 20: parent 1:10 limit 10000p memlimit 30280000B target 15ms tupdate 16ms alpha 0.156250 beta 3.195312 step_thresh 20ms min_qlen_step 0p coupling_factor 2 drop_on_overload drop_dequeue classic_protection 10% l4s_ect split_gso 
 Sent 81117818 bytes 54895 pkt (dropped 0, overlimits 0 requeues 0) 
 backlog 8892b 6p requeues 0
prob 0.028346 delay_c 0us delay_l 10387us
pkts_in_c 56 pkts_in_l 54845 maxq 19
ecn_mark 5368 step_mark 1746
credit 920 (C-queue)
memory_used 13952 (max 45163) of memory limit 30280000

======================================================================
Timestamp: 2026-04-28 21:10:31
qdisc htb 1: root refcnt 13 r2q 10 default 0x10 direct_packets_stat 0 direct_qlen 1000
 Sent 81996644 bytes 55488 pkt (dropped 0, overlimits 55035 requeues 0) 
 backlog 10374b 13611p requeues 0
qdisc dualpi2 20: parent 1:10 limit 10000p memlimit 30280000B target 15ms tupdate 16ms alpha 0.156250 beta 3.195312 step_thresh 20ms min_qlen_step 0p coupling_factor 2 drop_on_overload drop_dequeue classic_protection 10% l4s_ect split_gso 
 Sent 81996644 bytes 55488 pkt (dropped 0, overlimits 0 requeues 0) 
 backlog 10374b 7p requeues 0
prob 0.016260 delay_c 0us delay_l 12303us
pkts_in_c 56 pkts_in_l 55439 maxq 19
ecn_mark 5431 step_mark 1786
credit 920 (C-queue)
memory_used 16352 (max 45163) of memory limit 30280000

======================================================================
Timestamp: 2026-04-28 21:10:32
qdisc htb 1: root refcnt 13 r2q 10 default 0x10 direct_packets_stat 0 direct_qlen 1000
 Sent 82340567 bytes 55721 pkt (dropped 0, overlimits 55266 requeues 0) 
 backlog 8892b 13666p requeues 0
qdisc dualpi2 20: parent 1:10 limit 10000p memlimit 30280000B target 15ms tupdate 16ms alpha 0.156250 beta 3.195312 step_thresh 20ms min_qlen_step 0p coupling_factor 2 drop_on_overload drop_dequeue classic_protection 10% l4s_ect split_gso 
 Sent 82340567 bytes 55721 pkt (dropped 0, overlimits 0 requeues 0) 
 backlog 8892b 6p requeues 0
prob 0.040488 delay_c 0us delay_l 12008us
pkts_in_c 56 pkts_in_l 55671 maxq 19
ecn_mark 5442 step_mark 1786
credit 920 (C-queue)
memory_used 14016 (max 45163) of memory limit 30280000

======================================================================
Timestamp: 2026-04-28 21:10:33
qdisc htb 1: root refcnt 13 r2q 10 default 0x10 direct_packets_stat 0 direct_qlen 1000
 Sent 83217911 bytes 56313 pkt (dropped 0, overlimits 55858 requeues 0) 
 backlog 14820b 13819p requeues 0
qdisc dualpi2 20: parent 1:10 limit 10000p memlimit 30280000B target 15ms tupdate 16ms alpha 0.156250 beta 3.195312 step_thresh 20ms min_qlen_step 0p coupling_factor 2 drop_on_overload drop_dequeue classic_protection 10% l4s_ect split_gso 
 Sent 83217911 bytes 56313 pkt (dropped 0, overlimits 0 requeues 0) 
 backlog 14820b 10p requeues 0
prob 0.038435 delay_c 0us delay_l 14479us
pkts_in_c 56 pkts_in_l 56267 maxq 19
ecn_mark 5505 step_mark 1805
credit 920 (C-queue)
memory_used 23360 (max 45163) of memory limit 30280000

======================================================================
Timestamp: 2026-04-28 21:10:34
qdisc htb 1: root refcnt 13 r2q 10 default 0x10 direct_packets_stat 0 direct_qlen 1000
 Sent 83611436 bytes 56579 pkt (dropped 0, overlimits 56122 requeues 0) 
 backlog 11856b 13881p requeues 0
qdisc dualpi2 20: parent 1:10 limit 10000p memlimit 30280000B target 15ms tupdate 16ms alpha 0.156250 beta 3.195312 step_thresh 20ms min_qlen_step 0p coupling_factor 2 drop_on_overload drop_dequeue classic_protection 10% l4s_ect split_gso 
 Sent 83611436 bytes 56579 pkt (dropped 0, overlimits 0 requeues 0) 
 backlog 11856b 8p requeues 0
prob 0.025692 delay_c 0us delay_l 9114us
pkts_in_c 56 pkts_in_l 56531 maxq 19
ecn_mark 5522 step_mark 1805
credit 920 (C-queue)
memory_used 18688 (max 45163) of memory limit 30280000

======================================================================
Timestamp: 2026-04-28 21:10:35
qdisc htb 1: root refcnt 13 r2q 10 default 0x10 direct_packets_stat 0 direct_qlen 1000
 Sent 84488780 bytes 57171 pkt (dropped 0, overlimits 56714 requeues 0) 
 backlog 11856b 14029p requeues 0
qdisc dualpi2 20: parent 1:10 limit 10000p memlimit 30280000B target 15ms tupdate 16ms alpha 0.156250 beta 3.195312 step_thresh 20ms min_qlen_step 0p coupling_factor 2 drop_on_overload drop_dequeue classic_protection 10% l4s_ect split_gso 
 Sent 84488780 bytes 57171 pkt (dropped 0, overlimits 0 requeues 0) 
 backlog 11856b 8p requeues 0
prob 0.034945 delay_c 0us delay_l 10155us
pkts_in_c 56 pkts_in_l 57123 maxq 19
ecn_mark 5597 step_mark 1827
credit 920 (C-queue)
memory_used 18656 (max 45163) of memory limit 30280000

======================================================================
Timestamp: 2026-04-28 21:10:36
qdisc htb 1: root refcnt 13 r2q 10 default 0x10 direct_packets_stat 0 direct_qlen 1000
 Sent 84788568 bytes 57374 pkt (dropped 0, overlimits 56915 requeues 0) 
 backlog 4446b 14072p requeues 0
qdisc dualpi2 20: parent 1:10 limit 10000p memlimit 30280000B target 15ms tupdate 16ms alpha 0.156250 beta 3.195312 step_thresh 20ms min_qlen_step 0p coupling_factor 2 drop_on_overload drop_dequeue classic_protection 10% l4s_ect split_gso 
 Sent 84788568 bytes 57374 pkt (dropped 0, overlimits 0 requeues 0) 
 backlog 4446b 3p requeues 0
prob 0.021764 delay_c 0us delay_l 7124us
pkts_in_c 56 pkts_in_l 57321 maxq 19
ecn_mark 5609 step_mark 1827
credit 920 (C-queue)
memory_used 6944 (max 45163) of memory limit 30280000

======================================================================
Timestamp: 2026-04-28 21:10:37
qdisc htb 1: root refcnt 13 r2q 10 default 0x10 direct_packets_stat 0 direct_qlen 1000
 Sent 85665912 bytes 57966 pkt (dropped 0, overlimits 57507 requeues 0) 
 backlog 13338b 14227p requeues 0
qdisc dualpi2 20: parent 1:10 limit 10000p memlimit 30280000B target 15ms tupdate 16ms alpha 0.156250 beta 3.195312 step_thresh 20ms min_qlen_step 0p coupling_factor 2 drop_on_overload drop_dequeue classic_protection 10% l4s_ect split_gso 
 Sent 85665912 bytes 57966 pkt (dropped 0, overlimits 0 requeues 0) 
 backlog 13338b 9p requeues 0
prob 0.029856 delay_c 0us delay_l 16227us
pkts_in_c 56 pkts_in_l 57919 maxq 19
ecn_mark 5673 step_mark 1863
credit 920 (C-queue)
memory_used 21024 (max 45163) of memory limit 30280000

======================================================================
Timestamp: 2026-04-28 21:10:38
qdisc htb 1: root refcnt 13 r2q 10 default 0x10 direct_packets_stat 0 direct_qlen 1000
 Sent 86092386 bytes 58255 pkt (dropped 0, overlimits 57795 requeues 0) 
 backlog 0b 14289p requeues 0
qdisc dualpi2 20: parent 1:10 limit 10000p memlimit 30280000B target 15ms tupdate 16ms alpha 0.156250 beta 3.195312 step_thresh 20ms min_qlen_step 0p coupling_factor 2 drop_on_overload drop_dequeue classic_protection 10% l4s_ect split_gso 
 Sent 86092386 bytes 58255 pkt (dropped 0, overlimits 0 requeues 0) 
 backlog 0b 0p requeues 0
prob 0.000000 delay_c 0us delay_l 0us
pkts_in_c 56 pkts_in_l 58199 maxq 19
ecn_mark 5678 step_mark 1863
credit 920 (C-queue)
memory_used 0 (max 45163) of memory limit 30280000

======================================================================
Timestamp: 2026-04-28 21:10:39
qdisc htb 1: root refcnt 13 r2q 10 default 0x10 direct_packets_stat 0 direct_qlen 1000
 Sent 86971212 bytes 58848 pkt (dropped 0, overlimits 58387 requeues 0) 
 backlog 10374b 14443p requeues 0
qdisc dualpi2 20: parent 1:10 limit 10000p memlimit 30280000B target 15ms tupdate 16ms alpha 0.156250 beta 3.195312 step_thresh 20ms min_qlen_step 0p coupling_factor 2 drop_on_overload drop_dequeue classic_protection 10% l4s_ect split_gso 
 Sent 86971212 bytes 58848 pkt (dropped 0, overlimits 0 requeues 0) 
 backlog 10374b 7p requeues 0
prob 0.014020 delay_c 0us delay_l 9628us
pkts_in_c 56 pkts_in_l 58799 maxq 19
ecn_mark 5750 step_mark 1893
credit 920 (C-queue)
memory_used 16352 (max 45163) of memory limit 30280000

======================================================================
Timestamp: 2026-04-28 21:10:40
qdisc htb 1: root refcnt 13 r2q 10 default 0x10 direct_packets_stat 0 direct_qlen 1000
 Sent 87276892 bytes 59056 pkt (dropped 0, overlimits 58593 requeues 0) 
 backlog 0b 14486p requeues 0
qdisc dualpi2 20: parent 1:10 limit 10000p memlimit 30280000B target 15ms tupdate 16ms alpha 0.156250 beta 3.195312 step_thresh 20ms min_qlen_step 0p coupling_factor 2 drop_on_overload drop_dequeue classic_protection 10% l4s_ect split_gso 
 Sent 87276892 bytes 59056 pkt (dropped 0, overlimits 0 requeues 0) 
 backlog 0b 0p requeues 0
prob 0.000000 delay_c 0us delay_l 0us
pkts_in_c 56 pkts_in_l 59000 maxq 19
ecn_mark 5756 step_mark 1893
credit 920 (C-queue)
memory_used 0 (max 45163) of memory limit 30280000

======================================================================
Timestamp: 2026-04-28 21:10:41
qdisc htb 1: root refcnt 13 r2q 10 default 0x10 direct_packets_stat 0 direct_qlen 1000
 Sent 88117186 bytes 59623 pkt (dropped 0, overlimits 59159 requeues 0) 
 backlog 8892b 14633p requeues 0
qdisc dualpi2 20: parent 1:10 limit 10000p memlimit 30280000B target 15ms tupdate 16ms alpha 0.156250 beta 3.195312 step_thresh 20ms min_qlen_step 0p coupling_factor 2 drop_on_overload drop_dequeue classic_protection 10% l4s_ect split_gso 
 Sent 88117186 bytes 59623 pkt (dropped 0, overlimits 0 requeues 0) 
 backlog 8892b 6p requeues 0
prob 0.026229 delay_c 0us delay_l 12783us
pkts_in_c 56 pkts_in_l 59573 maxq 19
ecn_mark 5825 step_mark 1913
credit 920 (C-queue)
memory_used 13984 (max 45163) of memory limit 30280000

======================================================================
Timestamp: 2026-04-28 21:10:42
qdisc htb 1: root refcnt 13 r2q 10 default 0x10 direct_packets_stat 0 direct_qlen 1000
 Sent 88576596 bytes 59934 pkt (dropped 0, overlimits 59470 requeues 0) 
 backlog 0b 14703p requeues 0
qdisc dualpi2 20: parent 1:10 limit 10000p memlimit 30280000B target 15ms tupdate 16ms alpha 0.156250 beta 3.195312 step_thresh 20ms min_qlen_step 0p coupling_factor 2 drop_on_overload drop_dequeue classic_protection 10% l4s_ect split_gso 
 Sent 88576596 bytes 59934 pkt (dropped 0, overlimits 0 requeues 0) 
 backlog 0b 0p requeues 0
prob 0.000000 delay_c 0us delay_l 0us
pkts_in_c 56 pkts_in_l 59878 maxq 19
ecn_mark 5840 step_mark 1915
credit 920 (C-queue)
memory_used 0 (max 45163) of memory limit 30280000

======================================================================
Timestamp: 2026-04-28 21:10:43
qdisc htb 1: root refcnt 13 r2q 10 default 0x10 direct_packets_stat 0 direct_qlen 1000
 Sent 89373642 bytes 60472 pkt (dropped 0, overlimits 60006 requeues 0) 
 backlog 11856b 14845p requeues 0
qdisc dualpi2 20: parent 1:10 limit 10000p memlimit 30280000B target 15ms tupdate 16ms alpha 0.156250 beta 3.195312 step_thresh 20ms min_qlen_step 0p coupling_factor 2 drop_on_overload drop_dequeue classic_protection 10% l4s_ect split_gso 
 Sent 89373642 bytes 60472 pkt (dropped 0, overlimits 0 requeues 0) 
 backlog 11856b 8p requeues 0
prob 0.022482 delay_c 0us delay_l 7450us
pkts_in_c 56 pkts_in_l 60424 maxq 19
ecn_mark 5914 step_mark 1942
credit 920 (C-queue)
memory_used 18688 (max 45163) of memory limit 30280000

======================================================================
Timestamp: 2026-04-28 21:10:44
qdisc htb 1: root refcnt 13 r2q 10 default 0x10 direct_packets_stat 0 direct_qlen 1000
 Sent 89806813 bytes 60766 pkt (dropped 0, overlimits 60299 requeues 0) 
 backlog 0b 14908p requeues 0
qdisc dualpi2 20: parent 1:10 limit 10000p memlimit 30280000B target 15ms tupdate 16ms alpha 0.156250 beta 3.195312 step_thresh 20ms min_qlen_step 0p coupling_factor 2 drop_on_overload drop_dequeue classic_protection 10% l4s_ect split_gso 
 Sent 89806813 bytes 60766 pkt (dropped 0, overlimits 0 requeues 0) 
 backlog 0b 0p requeues 0
prob 0.000000 delay_c 0us delay_l 0us
pkts_in_c 56 pkts_in_l 60710 maxq 19
ecn_mark 5924 step_mark 1942
credit 920 (C-queue)
memory_used 0 (max 45163) of memory limit 30280000

======================================================================
Timestamp: 2026-04-28 21:10:45
qdisc htb 1: root refcnt 13 r2q 10 default 0x10 direct_packets_stat 0 direct_qlen 1000
 Sent 90562363 bytes 61276 pkt (dropped 0, overlimits 60807 requeues 0) 
 backlog 11856b 15043p requeues 0
qdisc dualpi2 20: parent 1:10 limit 10000p memlimit 30280000B target 15ms tupdate 16ms alpha 0.156250 beta 3.195312 step_thresh 20ms min_qlen_step 0p coupling_factor 2 drop_on_overload drop_dequeue classic_protection 10% l4s_ect split_gso 
 Sent 90562363 bytes 61276 pkt (dropped 0, overlimits 0 requeues 0) 
 backlog 11856b 8p requeues 0
prob 0.031428 delay_c 0us delay_l 14932us
pkts_in_c 56 pkts_in_l 61228 maxq 19
ecn_mark 6001 step_mark 1975
credit 920 (C-queue)
memory_used 18656 (max 45163) of memory limit 30280000

======================================================================
Timestamp: 2026-04-28 21:10:46
qdisc htb 1: root refcnt 13 r2q 10 default 0x10 direct_packets_stat 0 direct_qlen 1000
 Sent 91092631 bytes 61635 pkt (dropped 0, overlimits 61165 requeues 0) 
 backlog 0b 15122p requeues 0
qdisc dualpi2 20: parent 1:10 limit 10000p memlimit 30280000B target 15ms tupdate 16ms alpha 0.156250 beta 3.195312 step_thresh 20ms min_qlen_step 0p coupling_factor 2 drop_on_overload drop_dequeue classic_protection 10% l4s_ect split_gso 
 Sent 91092631 bytes 61635 pkt (dropped 0, overlimits 0 requeues 0) 
 backlog 0b 0p requeues 0
prob 0.000000 delay_c 0us delay_l 0us
pkts_in_c 56 pkts_in_l 61579 maxq 19
ecn_mark 6014 step_mark 1976
credit 920 (C-queue)
memory_used 0 (max 45163) of memory limit 30280000

======================================================================
Timestamp: 2026-04-28 21:10:47
qdisc htb 1: root refcnt 13 r2q 10 default 0x10 direct_packets_stat 0 direct_qlen 1000
 Sent 91802238 bytes 62114 pkt (dropped 0, overlimits 61642 requeues 0) 
 backlog 13338b 15250p requeues 0
qdisc dualpi2 20: parent 1:10 limit 10000p memlimit 30280000B target 15ms tupdate 16ms alpha 0.156250 beta 3.195312 step_thresh 20ms min_qlen_step 0p coupling_factor 2 drop_on_overload drop_dequeue classic_protection 10% l4s_ect split_gso 
 Sent 91802238 bytes 62114 pkt (dropped 0, overlimits 0 requeues 0) 
 backlog 13338b 9p requeues 0
prob 0.041787 delay_c 0us delay_l 15925us
pkts_in_c 56 pkts_in_l 62067 maxq 19
ecn_mark 6074 step_mark 2001
credit 920 (C-queue)
memory_used 21024 (max 45163) of memory limit 30280000

======================================================================
Timestamp: 2026-04-28 21:10:48
qdisc htb 1: root refcnt 13 r2q 10 default 0x10 direct_packets_stat 0 direct_qlen 1000
 Sent 92092391 bytes 62311 pkt (dropped 0, overlimits 61838 requeues 0) 
 backlog 0b 15287p requeues 0
qdisc dualpi2 20: parent 1:10 limit 10000p memlimit 30280000B target 15ms tupdate 16ms alpha 0.156250 beta 3.195312 step_thresh 20ms min_qlen_step 0p coupling_factor 2 drop_on_overload drop_dequeue classic_protection 10% l4s_ect split_gso 
 Sent 92092391 bytes 62311 pkt (dropped 0, overlimits 0 requeues 0) 
 backlog 0b 0p requeues 0
prob 0.000000 delay_c 0us delay_l 0us
pkts_in_c 56 pkts_in_l 62255 maxq 19
ecn_mark 6098 step_mark 2008
credit 920 (C-queue)
memory_used 0 (max 45163) of memory limit 30280000

======================================================================
Timestamp: 2026-04-28 21:10:49
qdisc htb 1: root refcnt 13 r2q 10 default 0x10 direct_packets_stat 0 direct_qlen 1000
 Sent 92761985 bytes 62763 pkt (dropped 0, overlimits 62288 requeues 0) 
 backlog 11856b 15407p requeues 0
qdisc dualpi2 20: parent 1:10 limit 10000p memlimit 30280000B target 15ms tupdate 16ms alpha 0.156250 beta 3.195312 step_thresh 20ms min_qlen_step 0p coupling_factor 2 drop_on_overload drop_dequeue classic_protection 10% l4s_ect split_gso 
 Sent 92761985 bytes 62763 pkt (dropped 0, overlimits 0 requeues 0) 
 backlog 11856b 8p requeues 0
prob 0.044581 delay_c 0us delay_l 19511us
pkts_in_c 56 pkts_in_l 62715 maxq 19
ecn_mark 6151 step_mark 2027
credit 920 (C-queue)
memory_used 18688 (max 45163) of memory limit 30280000

======================================================================
Timestamp: 2026-04-28 21:10:50
qdisc htb 1: root refcnt 13 r2q 10 default 0x10 direct_packets_stat 0 direct_qlen 1000
 Sent 93398459 bytes 63193 pkt (dropped 0, overlimits 62718 requeues 0) 
 backlog 0b 15505p requeues 0
qdisc dualpi2 20: parent 1:10 limit 10000p memlimit 30280000B target 15ms tupdate 16ms alpha 0.156250 beta 3.195312 step_thresh 20ms min_qlen_step 0p coupling_factor 2 drop_on_overload drop_dequeue classic_protection 10% l4s_ect split_gso 
 Sent 93398459 bytes 63193 pkt (dropped 0, overlimits 0 requeues 0) 
 backlog 0b 0p requeues 0
prob 0.000000 delay_c 0us delay_l 0us
pkts_in_c 56 pkts_in_l 63137 maxq 19
ecn_mark 6182 step_mark 2030
credit 920 (C-queue)
memory_used 0 (max 45163) of memory limit 30280000

======================================================================
Timestamp: 2026-04-28 21:10:51
qdisc htb 1: root refcnt 13 r2q 10 default 0x10 direct_packets_stat 0 direct_qlen 1000
 Sent 94029521 bytes 63619 pkt (dropped 0, overlimits 63142 requeues 0) 
 backlog 13338b 15620p requeues 0
qdisc dualpi2 20: parent 1:10 limit 10000p memlimit 30280000B target 15ms tupdate 16ms alpha 0.156250 beta 3.195312 step_thresh 20ms min_qlen_step 0p coupling_factor 2 drop_on_overload drop_dequeue classic_protection 10% l4s_ect split_gso 
 Sent 94029521 bytes 63619 pkt (dropped 0, overlimits 0 requeues 0) 
 backlog 13338b 9p requeues 0
prob 0.031641 delay_c 0us delay_l 17692us
pkts_in_c 56 pkts_in_l 63572 maxq 19
ecn_mark 6219 step_mark 2030
credit 920 (C-queue)
memory_used 21024 (max 45163) of memory limit 30280000

======================================================================
Timestamp: 2026-04-28 21:10:52
qdisc htb 1: root refcnt 13 r2q 10 default 0x10 direct_packets_stat 0 direct_qlen 1000
 Sent 94659009 bytes 64045 pkt (dropped 0, overlimits 63568 requeues 0) 
 backlog 0b 15715p requeues 0
qdisc dualpi2 20: parent 1:10 limit 10000p memlimit 30280000B target 15ms tupdate 16ms alpha 0.156250 beta 3.195312 step_thresh 20ms min_qlen_step 0p coupling_factor 2 drop_on_overload drop_dequeue classic_protection 10% l4s_ect split_gso 
 Sent 94659009 bytes 64045 pkt (dropped 0, overlimits 0 requeues 0) 
 backlog 0b 0p requeues 0
prob 0.000000 delay_c 0us delay_l 0us
pkts_in_c 56 pkts_in_l 63989 maxq 19
ecn_mark 6265 step_mark 2049
credit 920 (C-queue)
memory_used 0 (max 45163) of memory limit 30280000

======================================================================
Timestamp: 2026-04-28 21:10:53
qdisc htb 1: root refcnt 13 r2q 10 default 0x10 direct_packets_stat 0 direct_qlen 1000
 Sent 95245611 bytes 64441 pkt (dropped 0, overlimits 63962 requeues 0) 
 backlog 14820b 15823p requeues 0
qdisc dualpi2 20: parent 1:10 limit 10000p memlimit 30280000B target 15ms tupdate 16ms alpha 0.156250 beta 3.195312 step_thresh 20ms min_qlen_step 0p coupling_factor 2 drop_on_overload drop_dequeue classic_protection 10% l4s_ect split_gso 
 Sent 95245611 bytes 64441 pkt (dropped 0, overlimits 0 requeues 0) 
 backlog 14820b 10p requeues 0
prob 0.042903 delay_c 0us delay_l 17272us
pkts_in_c 56 pkts_in_l 64395 maxq 19
ecn_mark 6298 step_mark 2056
credit 920 (C-queue)
memory_used 23360 (max 45163) of memory limit 30280000

======================================================================
Timestamp: 2026-04-28 21:10:54
qdisc htb 1: root refcnt 13 r2q 10 default 0x10 direct_packets_stat 0 direct_qlen 1000
 Sent 95836600 bytes 64840 pkt (dropped 0, overlimits 64361 requeues 0) 
 backlog 0b 15911p requeues 0
qdisc dualpi2 20: parent 1:10 limit 10000p memlimit 30280000B target 15ms tupdate 16ms alpha 0.156250 beta 3.195312 step_thresh 20ms min_qlen_step 0p coupling_factor 2 drop_on_overload drop_dequeue classic_protection 10% l4s_ect split_gso 
 Sent 95836600 bytes 64840 pkt (dropped 0, overlimits 0 requeues 0) 
 backlog 0b 0p requeues 0
prob 0.000000 delay_c 0us delay_l 0us
pkts_in_c 56 pkts_in_l 64784 maxq 19
ecn_mark 6341 step_mark 2073
credit 920 (C-queue)
memory_used 0 (max 45163) of memory limit 30280000

======================================================================
Timestamp: 2026-04-28 21:10:55
qdisc htb 1: root refcnt 13 r2q 10 default 0x10 direct_packets_stat 0 direct_qlen 1000
 Sent 96383192 bytes 65209 pkt (dropped 0, overlimits 64728 requeues 0) 
 backlog 11856b 16010p requeues 0
qdisc dualpi2 20: parent 1:10 limit 10000p memlimit 30280000B target 15ms tupdate 16ms alpha 0.156250 beta 3.195312 step_thresh 20ms min_qlen_step 0p coupling_factor 2 drop_on_overload drop_dequeue classic_protection 10% l4s_ect split_gso 
 Sent 96383192 bytes 65209 pkt (dropped 0, overlimits 0 requeues 0) 
 backlog 11856b 8p requeues 0
prob 0.024968 delay_c 0us delay_l 11838us
pkts_in_c 56 pkts_in_l 65161 maxq 19
ecn_mark 6374 step_mark 2073
credit 920 (C-queue)
memory_used 18688 (max 45163) of memory limit 30280000

======================================================================
Timestamp: 2026-04-28 21:10:56
qdisc htb 1: root refcnt 13 r2q 10 default 0x10 direct_packets_stat 0 direct_qlen 1000
 Sent 97171398 bytes 65742 pkt (dropped 0, overlimits 65260 requeues 0) 
 backlog 0b 16133p requeues 0
qdisc dualpi2 20: parent 1:10 limit 10000p memlimit 30280000B target 15ms tupdate 16ms alpha 0.156250 beta 3.195312 step_thresh 20ms min_qlen_step 0p coupling_factor 2 drop_on_overload drop_dequeue classic_protection 10% l4s_ect split_gso 
 Sent 97171398 bytes 65742 pkt (dropped 0, overlimits 0 requeues 0) 
 backlog 0b 0p requeues 0
prob 0.000000 delay_c 0us delay_l 0us
pkts_in_c 56 pkts_in_l 65686 maxq 19
ecn_mark 6432 step_mark 2091
credit 920 (C-queue)
memory_used 0 (max 45163) of memory limit 30280000

======================================================================
Timestamp: 2026-04-28 21:10:57
qdisc htb 1: root refcnt 13 r2q 10 default 0x10 direct_packets_stat 0 direct_qlen 1000
 Sent 97676494 bytes 66083 pkt (dropped 0, overlimits 65599 requeues 0) 
 backlog 13338b 16226p requeues 0
qdisc dualpi2 20: parent 1:10 limit 10000p memlimit 30280000B target 15ms tupdate 16ms alpha 0.156250 beta 3.195312 step_thresh 20ms min_qlen_step 0p coupling_factor 2 drop_on_overload drop_dequeue classic_protection 10% l4s_ect split_gso 
 Sent 97676494 bytes 66083 pkt (dropped 0, overlimits 0 requeues 0) 
 backlog 13338b 9p requeues 0
prob 0.060903 delay_c 0us delay_l 13061us
pkts_in_c 56 pkts_in_l 66036 maxq 19
ecn_mark 6477 step_mark 2117
credit 920 (C-queue)
memory_used 21024 (max 45163) of memory limit 30280000

======================================================================
Timestamp: 2026-04-28 21:10:58
qdisc htb 1: root refcnt 13 r2q 10 default 0x10 direct_packets_stat 0 direct_qlen 1000
 Sent 98283475 bytes 66495 pkt (dropped 0, overlimits 66011 requeues 0) 
 backlog 0b 16318p requeues 0
qdisc dualpi2 20: parent 1:10 limit 10000p memlimit 30280000B target 15ms tupdate 16ms alpha 0.156250 beta 3.195312 step_thresh 20ms min_qlen_step 0p coupling_factor 2 drop_on_overload drop_dequeue classic_protection 10% l4s_ect split_gso 
 Sent 98283475 bytes 66495 pkt (dropped 0, overlimits 0 requeues 0) 
 backlog 0b 0p requeues 0
prob 0.000000 delay_c 0us delay_l 0us
pkts_in_c 57 pkts_in_l 66438 maxq 19
ecn_mark 6511 step_mark 2122
credit -2860 (L-queue)
memory_used 0 (max 45163) of memory limit 30280000

======================================================================
Timestamp: 2026-04-28 21:10:59
qdisc htb 1: root refcnt 13 r2q 10 default 0x10 direct_packets_stat 0 direct_qlen 1000
 Sent 98748557 bytes 66809 pkt (dropped 0, overlimits 66323 requeues 0) 
 backlog 16302b 16407p requeues 0
qdisc dualpi2 20: parent 1:10 limit 10000p memlimit 30280000B target 15ms tupdate 16ms alpha 0.156250 beta 3.195312 step_thresh 20ms min_qlen_step 0p coupling_factor 2 drop_on_overload drop_dequeue classic_protection 10% l4s_ect split_gso 
 Sent 98748557 bytes 66809 pkt (dropped 0, overlimits 0 requeues 0) 
 backlog 16302b 11p requeues 0
prob 0.043894 delay_c 0us delay_l 15010us
pkts_in_c 57 pkts_in_l 66763 maxq 19
ecn_mark 6530 step_mark 2122
credit -2860 (L-queue)
memory_used 25696 (max 45163) of memory limit 30280000

======================================================================
Timestamp: 2026-04-28 21:11:00
qdisc htb 1: root refcnt 13 r2q 10 default 0x10 direct_packets_stat 0 direct_qlen 1000
 Sent 99374685 bytes 67233 pkt (dropped 0, overlimits 66746 requeues 0) 
 backlog 0b 16500p requeues 0
qdisc dualpi2 20: parent 1:10 limit 10000p memlimit 30280000B target 15ms tupdate 16ms alpha 0.156250 beta 3.195312 step_thresh 20ms min_qlen_step 0p coupling_factor 2 drop_on_overload drop_dequeue classic_protection 10% l4s_ect split_gso 
 Sent 99374685 bytes 67233 pkt (dropped 0, overlimits 0 requeues 0) 
 backlog 0b 0p requeues 0
prob 0.000000 delay_c 0us delay_l 0us
pkts_in_c 57 pkts_in_l 67176 maxq 19
ecn_mark 6581 step_mark 2143
credit -2860 (L-queue)
memory_used 0 (max 45163) of memory limit 30280000

======================================================================
Timestamp: 2026-04-28 21:11:01
qdisc htb 1: root refcnt 13 r2q 10 default 0x10 direct_packets_stat 0 direct_qlen 1000
 Sent 99795307 bytes 67517 pkt (dropped 0, overlimits 67028 requeues 0) 
 backlog 14820b 16580p requeues 0
qdisc dualpi2 20: parent 1:10 limit 10000p memlimit 30280000B target 15ms tupdate 16ms alpha 0.156250 beta 3.195312 step_thresh 20ms min_qlen_step 0p coupling_factor 2 drop_on_overload drop_dequeue classic_protection 10% l4s_ect split_gso 
 Sent 99795307 bytes 67517 pkt (dropped 0, overlimits 0 requeues 0) 
 backlog 14820b 10p requeues 0
prob 0.035600 delay_c 0us delay_l 17560us
pkts_in_c 57 pkts_in_l 67470 maxq 19
ecn_mark 6596 step_mark 2143
credit -2860 (L-queue)
memory_used 23360 (max 45163) of memory limit 30280000

======================================================================
Timestamp: 2026-04-28 21:11:02
qdisc htb 1: root refcnt 13 r2q 10 default 0x10 direct_packets_stat 0 direct_qlen 1000
 Sent 100648230 bytes 68094 pkt (dropped 0, overlimits 67604 requeues 0) 
 backlog 0b 16713p requeues 0
qdisc dualpi2 20: parent 1:10 limit 10000p memlimit 30280000B target 15ms tupdate 16ms alpha 0.156250 beta 3.195312 step_thresh 20ms min_qlen_step 0p coupling_factor 2 drop_on_overload drop_dequeue classic_protection 10% l4s_ect split_gso 
 Sent 100648230 bytes 68094 pkt (dropped 0, overlimits 0 requeues 0) 
 backlog 0b 0p requeues 0
prob 0.000000 delay_c 0us delay_l 0us
pkts_in_c 57 pkts_in_l 68037 maxq 19
ecn_mark 6662 step_mark 2172
credit -2860 (L-queue)
memory_used 0 (max 45163) of memory limit 30280000

======================================================================
Timestamp: 2026-04-28 21:11:03
qdisc htb 1: root refcnt 13 r2q 10 default 0x10 direct_packets_stat 0 direct_qlen 1000
 Sent 101030320 bytes 68352 pkt (dropped 0, overlimits 67860 requeues 0) 
 backlog 16302b 16788p requeues 0
qdisc dualpi2 20: parent 1:10 limit 10000p memlimit 30280000B target 15ms tupdate 16ms alpha 0.156250 beta 3.195312 step_thresh 20ms min_qlen_step 0p coupling_factor 2 drop_on_overload drop_dequeue classic_protection 10% l4s_ect split_gso 
 Sent 101030320 bytes 68352 pkt (dropped 0, overlimits 0 requeues 0) 
 backlog 16302b 11p requeues 0
prob 0.054388 delay_c 0us delay_l 13606us
pkts_in_c 57 pkts_in_l 68306 maxq 19
ecn_mark 6684 step_mark 2172
credit -2860 (L-queue)
memory_used 25696 (max 45163) of memory limit 30280000

======================================================================
Timestamp: 2026-04-28 21:11:04
qdisc htb 1: root refcnt 13 r2q 10 default 0x10 direct_packets_stat 0 direct_qlen 1000
 Sent 101882906 bytes 68929 pkt (dropped 0, overlimits 68435 requeues 0) 
 backlog 14820b 16917p requeues 0
qdisc dualpi2 20: parent 1:10 limit 10000p memlimit 30280000B target 15ms tupdate 16ms alpha 0.156250 beta 3.195312 step_thresh 20ms min_qlen_step 0p coupling_factor 2 drop_on_overload drop_dequeue classic_protection 10% l4s_ect split_gso 
 Sent 101882906 bytes 68929 pkt (dropped 0, overlimits 0 requeues 0) 
 backlog 14820b 10p requeues 0
prob 0.050359 delay_c 0us delay_l 14645us
pkts_in_c 57 pkts_in_l 68882 maxq 19
ecn_mark 6741 step_mark 2183
credit -2860 (L-queue)
memory_used 23360 (max 45163) of memory limit 30280000

======================================================================
Timestamp: 2026-04-28 21:11:05
qdisc htb 1: root refcnt 13 r2q 10 default 0x10 direct_packets_stat 0 direct_qlen 1000
 Sent 102652815 bytes 69451 pkt (dropped 0, overlimits 68954 requeues 0) 
 backlog 10374b 17040p requeues 0
qdisc dualpi2 20: parent 1:10 limit 10000p memlimit 30280000B target 15ms tupdate 16ms alpha 0.156250 beta 3.195312 step_thresh 20ms min_qlen_step 0p coupling_factor 2 drop_on_overload drop_dequeue classic_protection 10% l4s_ect split_gso 
 Sent 102652815 bytes 69451 pkt (dropped 0, overlimits 0 requeues 0) 
 backlog 10374b 7p requeues 0
prob 0.035838 delay_c 0us delay_l 12390us
pkts_in_c 58 pkts_in_l 69400 maxq 19
ecn_mark 6789 step_mark 2202
credit 8180 (C-queue)
memory_used 16352 (max 45163) of memory limit 30280000

======================================================================
Timestamp: 2026-04-28 21:11:06
qdisc htb 1: root refcnt 13 r2q 10 default 0x10 direct_packets_stat 0 direct_qlen 1000
 Sent 103467458 bytes 70002 pkt (dropped 0, overlimits 69504 requeues 0) 
 backlog 0b 17169p requeues 0
qdisc dualpi2 20: parent 1:10 limit 10000p memlimit 30280000B target 15ms tupdate 16ms alpha 0.156250 beta 3.195312 step_thresh 20ms min_qlen_step 0p coupling_factor 2 drop_on_overload drop_dequeue classic_protection 10% l4s_ect split_gso 
 Sent 103467458 bytes 70002 pkt (dropped 0, overlimits 0 requeues 0) 
 backlog 0b 0p requeues 0
prob 0.000000 delay_c 0us delay_l 0us
pkts_in_c 58 pkts_in_l 69944 maxq 19
ecn_mark 6849 step_mark 2217
credit 8180 (C-queue)
memory_used 0 (max 45163) of memory limit 30280000

======================================================================
Timestamp: 2026-04-28 21:11:07
qdisc htb 1: root refcnt 13 r2q 10 default 0x10 direct_packets_stat 0 direct_qlen 1000
 Sent 103765074 bytes 70203 pkt (dropped 0, overlimits 69703 requeues 0) 
 backlog 8892b 17224p requeues 0
qdisc dualpi2 20: parent 1:10 limit 10000p memlimit 30280000B target 15ms tupdate 16ms alpha 0.156250 beta 3.195312 step_thresh 20ms min_qlen_step 0p coupling_factor 2 drop_on_overload drop_dequeue classic_protection 10% l4s_ect split_gso 
 Sent 103765074 bytes 70203 pkt (dropped 0, overlimits 0 requeues 0) 
 backlog 8892b 6p requeues 0
prob 0.039489 delay_c 0us delay_l 12581us
pkts_in_c 58 pkts_in_l 70151 maxq 19
ecn_mark 6864 step_mark 2217
credit 8180 (C-queue)
memory_used 14016 (max 45163) of memory limit 30280000

======================================================================
Timestamp: 2026-04-28 21:11:08
qdisc htb 1: root refcnt 13 r2q 10 default 0x10 direct_packets_stat 0 direct_qlen 1000
 Sent 104642418 bytes 70795 pkt (dropped 0, overlimits 70295 requeues 0) 
 backlog 13338b 17376p requeues 0
qdisc dualpi2 20: parent 1:10 limit 10000p memlimit 30280000B target 15ms tupdate 16ms alpha 0.156250 beta 3.195312 step_thresh 20ms min_qlen_step 0p coupling_factor 2 drop_on_overload drop_dequeue classic_protection 10% l4s_ect split_gso 
 Sent 104642418 bytes 70795 pkt (dropped 0, overlimits 0 requeues 0) 
 backlog 13338b 9p requeues 0
prob 0.042140 delay_c 0us delay_l 18574us
pkts_in_c 58 pkts_in_l 70746 maxq 19
ecn_mark 6924 step_mark 2241
credit 8180 (C-queue)
memory_used 21024 (max 45163) of memory limit 30280000

======================================================================
Timestamp: 2026-04-28 21:11:09
qdisc htb 1: root refcnt 13 r2q 10 default 0x10 direct_packets_stat 0 direct_qlen 1000
 Sent 104983020 bytes 71026 pkt (dropped 0, overlimits 70524 requeues 0) 
 backlog 13338b 17430p requeues 0
qdisc dualpi2 20: parent 1:10 limit 10000p memlimit 30280000B target 15ms tupdate 16ms alpha 0.156250 beta 3.195312 step_thresh 20ms min_qlen_step 0p coupling_factor 2 drop_on_overload drop_dequeue classic_protection 10% l4s_ect split_gso 
 Sent 104983020 bytes 71026 pkt (dropped 0, overlimits 0 requeues 0) 
 backlog 13338b 9p requeues 0
prob 0.034110 delay_c 0us delay_l 14661us
pkts_in_c 58 pkts_in_l 70977 maxq 19
ecn_mark 6941 step_mark 2243
credit 8180 (C-queue)
memory_used 21024 (max 45163) of memory limit 30280000

======================================================================
Timestamp: 2026-04-28 21:11:10
qdisc htb 1: root refcnt 13 r2q 10 default 0x10 direct_packets_stat 0 direct_qlen 1000
 Sent 105861846 bytes 71619 pkt (dropped 0, overlimits 71117 requeues 0) 
 backlog 10374b 17576p requeues 0
qdisc dualpi2 20: parent 1:10 limit 10000p memlimit 30280000B target 15ms tupdate 16ms alpha 0.156250 beta 3.195312 step_thresh 20ms min_qlen_step 0p coupling_factor 2 drop_on_overload drop_dequeue classic_protection 10% l4s_ect split_gso 
 Sent 105861846 bytes 71619 pkt (dropped 0, overlimits 0 requeues 0) 
 backlog 10374b 7p requeues 0
prob 0.033377 delay_c 0us delay_l 12523us
pkts_in_c 58 pkts_in_l 71568 maxq 19
ecn_mark 7004 step_mark 2265
credit 8180 (C-queue)
memory_used 16352 (max 45163) of memory limit 30280000

======================================================================
Timestamp: 2026-04-28 21:11:11
qdisc htb 1: root refcnt 13 r2q 10 default 0x10 direct_packets_stat 0 direct_qlen 1000
 Sent 106134286 bytes 71804 pkt (dropped 0, overlimits 71299 requeues 0) 
 backlog 8892b 17618p requeues 0
qdisc dualpi2 20: parent 1:10 limit 10000p memlimit 30280000B target 15ms tupdate 16ms alpha 0.156250 beta 3.195312 step_thresh 20ms min_qlen_step 0p coupling_factor 2 drop_on_overload drop_dequeue classic_protection 10% l4s_ect split_gso 
 Sent 106134286 bytes 71804 pkt (dropped 0, overlimits 0 requeues 0) 
 backlog 8892b 6p requeues 0
prob 0.031138 delay_c 0us delay_l 13375us
pkts_in_c 58 pkts_in_l 71752 maxq 19
ecn_mark 7015 step_mark 2265
credit 8180 (C-queue)
memory_used 14016 (max 45163) of memory limit 30280000

======================================================================
Timestamp: 2026-04-28 21:11:12
qdisc htb 1: root refcnt 13 r2q 10 default 0x10 direct_packets_stat 0 direct_qlen 1000
 Sent 107013112 bytes 72397 pkt (dropped 0, overlimits 71892 requeues 0) 
 backlog 10374b 17768p requeues 0
qdisc dualpi2 20: parent 1:10 limit 10000p memlimit 30280000B target 15ms tupdate 16ms alpha 0.156250 beta 3.195312 step_thresh 20ms min_qlen_step 0p coupling_factor 2 drop_on_overload drop_dequeue classic_protection 10% l4s_ect split_gso 
 Sent 107013112 bytes 72397 pkt (dropped 0, overlimits 0 requeues 0) 
 backlog 10374b 7p requeues 0
prob 0.034443 delay_c 0us delay_l 11226us
pkts_in_c 58 pkts_in_l 72346 maxq 19
ecn_mark 7079 step_mark 2300
credit 8180 (C-queue)
memory_used 16352 (max 45163) of memory limit 30280000

======================================================================
Timestamp: 2026-04-28 21:11:13
qdisc htb 1: root refcnt 13 r2q 10 default 0x10 direct_packets_stat 0 direct_qlen 1000
 Sent 107424518 bytes 72676 pkt (dropped 0, overlimits 72168 requeues 0) 
 backlog 11856b 17836p requeues 0
qdisc dualpi2 20: parent 1:10 limit 10000p memlimit 30280000B target 15ms tupdate 16ms alpha 0.156250 beta 3.195312 step_thresh 20ms min_qlen_step 0p coupling_factor 2 drop_on_overload drop_dequeue classic_protection 10% l4s_ect split_gso 
 Sent 107424518 bytes 72676 pkt (dropped 0, overlimits 0 requeues 0) 
 backlog 11856b 8p requeues 0
prob 0.029999 delay_c 0us delay_l 11163us
pkts_in_c 58 pkts_in_l 72626 maxq 19
ecn_mark 7091 step_mark 2300
credit 8180 (C-queue)
memory_used 18688 (max 45163) of memory limit 30280000

======================================================================
Timestamp: 2026-04-28 21:11:14
qdisc htb 1: root refcnt 13 r2q 10 default 0x10 direct_packets_stat 0 direct_qlen 1000
 Sent 108303344 bytes 73269 pkt (dropped 0, overlimits 72761 requeues 0) 
 backlog 10374b 17984p requeues 0
qdisc dualpi2 20: parent 1:10 limit 10000p memlimit 30280000B target 15ms tupdate 16ms alpha 0.156250 beta 3.195312 step_thresh 20ms min_qlen_step 0p coupling_factor 2 drop_on_overload drop_dequeue classic_protection 10% l4s_ect split_gso 
 Sent 108303344 bytes 73269 pkt (dropped 0, overlimits 0 requeues 0) 
 backlog 10374b 7p requeues 0
prob 0.029536 delay_c 0us delay_l 8680us
pkts_in_c 58 pkts_in_l 73218 maxq 19
ecn_mark 7160 step_mark 2320
credit 8180 (C-queue)
memory_used 16352 (max 45163) of memory limit 30280000

======================================================================
Timestamp: 2026-04-28 21:11:15
qdisc htb 1: root refcnt 13 r2q 10 default 0x10 direct_packets_stat 0 direct_qlen 1000
 Sent 108669598 bytes 73518 pkt (dropped 0, overlimits 73007 requeues 0) 
 backlog 8892b 18042p requeues 0
qdisc dualpi2 20: parent 1:10 limit 10000p memlimit 30280000B target 15ms tupdate 16ms alpha 0.156250 beta 3.195312 step_thresh 20ms min_qlen_step 0p coupling_factor 2 drop_on_overload drop_dequeue classic_protection 10% l4s_ect split_gso 
 Sent 108669598 bytes 73518 pkt (dropped 0, overlimits 0 requeues 0) 
 backlog 8892b 6p requeues 0
prob 0.039156 delay_c 0us delay_l 12478us
pkts_in_c 58 pkts_in_l 73466 maxq 19
ecn_mark 7181 step_mark 2320
credit 8180 (C-queue)
memory_used 14016 (max 45163) of memory limit 30280000

======================================================================
Timestamp: 2026-04-28 21:11:16
qdisc htb 1: root refcnt 13 r2q 10 default 0x10 direct_packets_stat 0 direct_qlen 1000
 Sent 109261491 bytes 73919 pkt (dropped 0, overlimits 73408 requeues 0) 
 backlog 0b 18134p requeues 0
qdisc dualpi2 20: parent 1:10 limit 10000p memlimit 30280000B target 15ms tupdate 16ms alpha 0.156250 beta 3.195312 step_thresh 20ms min_qlen_step 0p coupling_factor 2 drop_on_overload drop_dequeue classic_protection 10% l4s_ect split_gso 
 Sent 109261491 bytes 73919 pkt (dropped 0, overlimits 0 requeues 0) 
 backlog 0b 0p requeues 0
prob 0.000000 delay_c 0us delay_l 0us
pkts_in_c 58 pkts_in_l 73861 maxq 19
ecn_mark 7213 step_mark 2324
credit 8180 (C-queue)
memory_used 0 (max 45163) of memory limit 30280000

======================================================================
Timestamp: 2026-04-28 21:11:17
qdisc htb 1: root refcnt 13 r2q 10 default 0x10 direct_packets_stat 0 direct_qlen 1000
 Sent 109354591 bytes 73982 pkt (dropped 0, overlimits 73469 requeues 0) 
 backlog 14820b 18159p requeues 0
qdisc dualpi2 20: parent 1:10 limit 10000p memlimit 30280000B target 15ms tupdate 16ms alpha 0.156250 beta 3.195312 step_thresh 20ms min_qlen_step 0p coupling_factor 2 drop_on_overload drop_dequeue classic_protection 10% l4s_ect split_gso 
 Sent 109354591 bytes 73982 pkt (dropped 0, overlimits 0 requeues 0) 
 backlog 14820b 10p requeues 0
prob 0.041005 delay_c 0us delay_l 16264us
pkts_in_c 58 pkts_in_l 73934 maxq 19
ecn_mark 7216 step_mark 2324
credit 8180 (C-queue)
memory_used 23360 (max 45163) of memory limit 30280000

======================================================================
Timestamp: 2026-04-28 21:11:18
qdisc htb 1: root refcnt 13 r2q 10 default 0x10 direct_packets_stat 0 direct_qlen 1000
 Sent 110206426 bytes 74558 pkt (dropped 0, overlimits 74044 requeues 0) 
 backlog 0b 18291p requeues 0
qdisc dualpi2 20: parent 1:10 limit 10000p memlimit 30280000B target 15ms tupdate 16ms alpha 0.156250 beta 3.195312 step_thresh 20ms min_qlen_step 0p coupling_factor 2 drop_on_overload drop_dequeue classic_protection 10% l4s_ect split_gso 
 Sent 110206426 bytes 74558 pkt (dropped 0, overlimits 0 requeues 0) 
 backlog 0b 0p requeues 0
prob 0.000000 delay_c 0us delay_l 0us
pkts_in_c 58 pkts_in_l 74500 maxq 19
ecn_mark 7281 step_mark 2349
credit 8180 (C-queue)
memory_used 0 (max 45163) of memory limit 30280000

======================================================================
Timestamp: 2026-04-28 21:11:19
qdisc htb 1: root refcnt 13 r2q 10 default 0x10 direct_packets_stat 0 direct_qlen 1000
 Sent 110259512 bytes 74594 pkt (dropped 0, overlimits 74078 requeues 0) 
 backlog 10374b 18306p requeues 0
qdisc dualpi2 20: parent 1:10 limit 10000p memlimit 30280000B target 15ms tupdate 16ms alpha 0.156250 beta 3.195312 step_thresh 20ms min_qlen_step 0p coupling_factor 2 drop_on_overload drop_dequeue classic_protection 10% l4s_ect split_gso 
 Sent 110259512 bytes 74594 pkt (dropped 0, overlimits 0 requeues 0) 
 backlog 10374b 7p requeues 0
prob 0.027055 delay_c 0us delay_l 10560us
pkts_in_c 58 pkts_in_l 74543 maxq 19
ecn_mark 7283 step_mark 2349
credit 8180 (C-queue)
memory_used 16352 (max 45163) of memory limit 30280000

======================================================================
Timestamp: 2026-04-28 21:11:20
qdisc htb 1: root refcnt 13 r2q 10 default 0x10 direct_packets_stat 0 direct_qlen 1000
 Sent 111136856 bytes 75186 pkt (dropped 0, overlimits 74670 requeues 0) 
 backlog 11856b 18456p requeues 0
qdisc dualpi2 20: parent 1:10 limit 10000p memlimit 30280000B target 15ms tupdate 16ms alpha 0.156250 beta 3.195312 step_thresh 20ms min_qlen_step 0p coupling_factor 2 drop_on_overload drop_dequeue classic_protection 10% l4s_ect split_gso 
 Sent 111136856 bytes 75186 pkt (dropped 0, overlimits 0 requeues 0) 
 backlog 11856b 8p requeues 0
prob 0.025850 delay_c 0us delay_l 9813us
pkts_in_c 58 pkts_in_l 75136 maxq 19
ecn_mark 7343 step_mark 2373
credit 8180 (C-queue)
memory_used 18688 (max 45163) of memory limit 30280000

======================================================================
Timestamp: 2026-04-28 21:11:21
qdisc htb 1: root refcnt 13 r2q 10 default 0x10 direct_packets_stat 0 direct_qlen 1000
 Sent 111546213 bytes 75464 pkt (dropped 0, overlimits 74945 requeues 0) 
 backlog 11856b 18523p requeues 0
qdisc dualpi2 20: parent 1:10 limit 10000p memlimit 30280000B target 15ms tupdate 16ms alpha 0.156250 beta 3.195312 step_thresh 20ms min_qlen_step 0p coupling_factor 2 drop_on_overload drop_dequeue classic_protection 10% l4s_ect split_gso 
 Sent 111546213 bytes 75464 pkt (dropped 0, overlimits 0 requeues 0) 
 backlog 11856b 8p requeues 0
prob 0.013466 delay_c 0us delay_l 9211us
pkts_in_c 58 pkts_in_l 75414 maxq 19
ecn_mark 7364 step_mark 2382
credit 8180 (C-queue)
memory_used 18528 (max 45163) of memory limit 30280000

======================================================================
Timestamp: 2026-04-28 21:11:22
qdisc htb 1: root refcnt 13 r2q 10 default 0x10 direct_packets_stat 0 direct_qlen 1000
 Sent 112423557 bytes 76056 pkt (dropped 0, overlimits 75537 requeues 0) 
 backlog 11856b 18669p requeues 0
qdisc dualpi2 20: parent 1:10 limit 10000p memlimit 30280000B target 15ms tupdate 16ms alpha 0.156250 beta 3.195312 step_thresh 20ms min_qlen_step 0p coupling_factor 2 drop_on_overload drop_dequeue classic_protection 10% l4s_ect split_gso 
 Sent 112423557 bytes 76056 pkt (dropped 0, overlimits 0 requeues 0) 
 backlog 11856b 8p requeues 0
prob 0.015297 delay_c 0us delay_l 6667us
pkts_in_c 58 pkts_in_l 76006 maxq 19
ecn_mark 7438 step_mark 2404
credit 8180 (C-queue)
memory_used 18656 (max 45163) of memory limit 30280000

======================================================================
Timestamp: 2026-04-28 21:11:23
qdisc htb 1: root refcnt 13 r2q 10 default 0x10 direct_packets_stat 0 direct_qlen 1000
 Sent 112797227 bytes 76310 pkt (dropped 0, overlimits 75790 requeues 0) 
 backlog 0b 18720p requeues 0
qdisc dualpi2 20: parent 1:10 limit 10000p memlimit 30280000B target 15ms tupdate 16ms alpha 0.156250 beta 3.195312 step_thresh 20ms min_qlen_step 0p coupling_factor 2 drop_on_overload drop_dequeue classic_protection 10% l4s_ect split_gso 
 Sent 112797227 bytes 76310 pkt (dropped 0, overlimits 0 requeues 0) 
 backlog 0b 0p requeues 0
prob 0.000000 delay_c 0us delay_l 0us
pkts_in_c 58 pkts_in_l 76252 maxq 19
ecn_mark 7446 step_mark 2404
credit 8180 (C-queue)
memory_used 0 (max 45163) of memory limit 30280000

