Starting TC Qdisc Monitoring for s1-eth2
Timestamp, Qdisc Stats
======================================================================
Timestamp: 2026-03-31 20:13:00
qdisc htb 1: root refcnt 13 r2q 10 default 0x10 direct_packets_stat 0 direct_qlen 1000
 Sent 3555 bytes 28 pkt (dropped 0, overlimits 0 requeues 0) 
 backlog 0b 0p requeues 0
qdisc fq_codel 20: parent 1:10 limit 10240p flows 1024 quantum 1514 target 5ms interval 100ms memory_limit 32Mb ecn drop_batch 64 
 Sent 3555 bytes 28 pkt (dropped 0, overlimits 0 requeues 0) 
 backlog 0b 0p requeues 0
  maxpacket 221 drop_overlimit 0 new_flow_count 21 ecn_mark 0
  new_flows_len 1 old_flows_len 0
======================================================================
Timestamp: 2026-03-31 20:13:01
qdisc htb 1: root refcnt 13 r2q 10 default 0x10 direct_packets_stat 0 direct_qlen 1000
 Sent 6818 bytes 34 pkt (dropped 0, overlimits 1 requeues 0) 
 backlog 0b 0p requeues 0
qdisc fq_codel 20: parent 1:10 limit 10240p flows 1024 quantum 1514 target 5ms interval 100ms memory_limit 32Mb ecn drop_batch 64 
 Sent 6818 bytes 34 pkt (dropped 0, overlimits 0 requeues 0) 
 backlog 0b 0p requeues 0
  maxpacket 1514 drop_overlimit 0 new_flow_count 24 ecn_mark 0
  new_flows_len 0 old_flows_len 1
======================================================================
Timestamp: 2026-03-31 20:13:02
qdisc htb 1: root refcnt 13 r2q 10 default 0x10 direct_packets_stat 0 direct_qlen 1000
 Sent 744826 bytes 525 pkt (dropped 0, overlimits 484 requeues 0) 
 backlog 4542b 3p requeues 0
qdisc fq_codel 20: parent 1:10 limit 10240p flows 1024 quantum 1514 target 5ms interval 100ms memory_limit 32Mb ecn drop_batch 64 
 Sent 744826 bytes 525 pkt (dropped 0, overlimits 0 requeues 0) 
 backlog 4542b 3p requeues 0
  maxpacket 1514 drop_overlimit 0 new_flow_count 27 ecn_mark 0 memory_used 7032
  new_flows_len 0 old_flows_len 1
======================================================================
Timestamp: 2026-03-31 20:13:03
qdisc htb 1: root refcnt 13 r2q 10 default 0x10 direct_packets_stat 0 direct_qlen 1000
 Sent 1461083 bytes 999 pkt (dropped 0, overlimits 958 requeues 0) 
 backlog 0b 0p requeues 0
qdisc fq_codel 20: parent 1:10 limit 10240p flows 1024 quantum 1514 target 5ms interval 100ms memory_limit 32Mb ecn drop_batch 64 
 Sent 1461083 bytes 999 pkt (dropped 0, overlimits 0 requeues 0) 
 backlog 0b 0p requeues 0
  maxpacket 1514 drop_overlimit 0 new_flow_count 27 ecn_mark 0
  new_flows_len 0 old_flows_len 1
======================================================================
Timestamp: 2026-03-31 20:13:04
qdisc htb 1: root refcnt 13 r2q 10 default 0x10 direct_packets_stat 0 direct_qlen 1000
 Sent 2221002 bytes 1501 pkt (dropped 0, overlimits 1456 requeues 0) 
 backlog 7570b 5p requeues 0
qdisc fq_codel 20: parent 1:10 limit 10240p flows 1024 quantum 1514 target 5ms interval 100ms memory_limit 32Mb ecn drop_batch 64 
 Sent 2221002 bytes 1501 pkt (dropped 0, overlimits 0 requeues 0) 
 backlog 7570b 5p requeues 0
  maxpacket 1514 drop_overlimit 0 new_flow_count 27 ecn_mark 0 memory_used 11720
  new_flows_len 0 old_flows_len 1
======================================================================
Timestamp: 2026-03-31 20:13:05
qdisc htb 1: root refcnt 13 r2q 10 default 0x10 direct_packets_stat 0 direct_qlen 1000
 Sent 3100636 bytes 2082 pkt (dropped 0, overlimits 2037 requeues 0) 
 backlog 7570b 5p requeues 0
qdisc fq_codel 20: parent 1:10 limit 10240p flows 1024 quantum 1514 target 5ms interval 100ms memory_limit 32Mb ecn drop_batch 64 
 Sent 3100636 bytes 2082 pkt (dropped 0, overlimits 0 requeues 0) 
 backlog 7570b 5p requeues 0
  maxpacket 1514 drop_overlimit 0 new_flow_count 27 ecn_mark 0 memory_used 11720
  new_flows_len 0 old_flows_len 1
======================================================================
Timestamp: 2026-03-31 20:13:06
qdisc htb 1: root refcnt 13 r2q 10 default 0x10 direct_packets_stat 0 direct_qlen 1000
 Sent 3875584 bytes 2594 pkt (dropped 0, overlimits 2547 requeues 0) 
 backlog 7570b 5p requeues 0
qdisc fq_codel 20: parent 1:10 limit 10240p flows 1024 quantum 1514 target 5ms interval 100ms memory_limit 32Mb ecn drop_batch 64 
 Sent 3875584 bytes 2594 pkt (dropped 0, overlimits 0 requeues 0) 
 backlog 7570b 5p requeues 0
  maxpacket 1514 drop_overlimit 0 new_flow_count 27 ecn_mark 0 memory_used 11720
  new_flows_len 0 old_flows_len 1
======================================================================
Timestamp: 2026-03-31 20:13:07
qdisc htb 1: root refcnt 13 r2q 10 default 0x10 direct_packets_stat 0 direct_qlen 1000
 Sent 4256824 bytes 2849 pkt (dropped 0, overlimits 2800 requeues 0) 
 backlog 0b 0p requeues 0
qdisc fq_codel 20: parent 1:10 limit 10240p flows 1024 quantum 1514 target 5ms interval 100ms memory_limit 32Mb ecn drop_batch 64 
 Sent 4256824 bytes 2849 pkt (dropped 0, overlimits 0 requeues 0) 
 backlog 0b 0p requeues 0
  maxpacket 1514 drop_overlimit 0 new_flow_count 30 ecn_mark 0
  new_flows_len 1 old_flows_len 2
======================================================================
Timestamp: 2026-03-31 20:13:08
qdisc htb 1: root refcnt 13 r2q 10 default 0x10 direct_packets_stat 0 direct_qlen 1000
 Sent 5009269 bytes 3346 pkt (dropped 0, overlimits 3295 requeues 0) 
 backlog 6056b 4p requeues 0
qdisc fq_codel 20: parent 1:10 limit 10240p flows 1024 quantum 1514 target 5ms interval 100ms memory_limit 32Mb ecn drop_batch 64 
 Sent 5009269 bytes 3346 pkt (dropped 0, overlimits 0 requeues 0) 
 backlog 6056b 4p requeues 0
  maxpacket 1514 drop_overlimit 0 new_flow_count 30 ecn_mark 0 memory_used 9376
  new_flows_len 0 old_flows_len 1
======================================================================
Timestamp: 2026-03-31 20:13:09
qdisc htb 1: root refcnt 13 r2q 10 default 0x10 direct_packets_stat 0 direct_qlen 1000
 Sent 5504171 bytes 3673 pkt (dropped 0, overlimits 3622 requeues 0) 
 backlog 0b 0p requeues 0
qdisc fq_codel 20: parent 1:10 limit 10240p flows 1024 quantum 1514 target 5ms interval 100ms memory_limit 32Mb ecn drop_batch 64 
 Sent 5504171 bytes 3673 pkt (dropped 0, overlimits 0 requeues 0) 
 backlog 0b 0p requeues 0
  maxpacket 1514 drop_overlimit 0 new_flow_count 30 ecn_mark 0
  new_flows_len 0 old_flows_len 1
======================================================================
Timestamp: 2026-03-31 20:13:10
qdisc htb 1: root refcnt 13 r2q 10 default 0x10 direct_packets_stat 0 direct_qlen 1000
 Sent 6241697 bytes 4161 pkt (dropped 0, overlimits 4107 requeues 0) 
 backlog 7570b 5p requeues 0
qdisc fq_codel 20: parent 1:10 limit 10240p flows 1024 quantum 1514 target 5ms interval 100ms memory_limit 32Mb ecn drop_batch 64 
 Sent 6241697 bytes 4161 pkt (dropped 0, overlimits 0 requeues 0) 
 backlog 7570b 5p requeues 0
  maxpacket 1514 drop_overlimit 0 new_flow_count 31 ecn_mark 0 memory_used 11720
  new_flows_len 0 old_flows_len 1
======================================================================
Timestamp: 2026-03-31 20:13:11
qdisc htb 1: root refcnt 13 r2q 10 default 0x10 direct_packets_stat 0 direct_qlen 1000
 Sent 6688643 bytes 4457 pkt (dropped 0, overlimits 4403 requeues 0) 
 backlog 0b 0p requeues 0
qdisc fq_codel 20: parent 1:10 limit 10240p flows 1024 quantum 1514 target 5ms interval 100ms memory_limit 32Mb ecn drop_batch 64 
 Sent 6688643 bytes 4457 pkt (dropped 0, overlimits 0 requeues 0) 
 backlog 0b 0p requeues 0
  maxpacket 1514 drop_overlimit 0 new_flow_count 31 ecn_mark 0
  new_flows_len 0 old_flows_len 1
======================================================================
Timestamp: 2026-03-31 20:13:12
qdisc htb 1: root refcnt 13 r2q 10 default 0x10 direct_packets_stat 0 direct_qlen 1000
 Sent 7412322 bytes 4935 pkt (dropped 0, overlimits 4879 requeues 0) 
 backlog 6056b 4p requeues 0
qdisc fq_codel 20: parent 1:10 limit 10240p flows 1024 quantum 1514 target 5ms interval 100ms memory_limit 32Mb ecn drop_batch 64 
 Sent 7412322 bytes 4935 pkt (dropped 0, overlimits 0 requeues 0) 
 backlog 6056b 4p requeues 0
  maxpacket 1514 drop_overlimit 0 new_flow_count 31 ecn_mark 0 memory_used 9376
  new_flows_len 0 old_flows_len 1
======================================================================
Timestamp: 2026-03-31 20:13:13
qdisc htb 1: root refcnt 13 r2q 10 default 0x10 direct_packets_stat 0 direct_qlen 1000
 Sent 8004702 bytes 5327 pkt (dropped 0, overlimits 5271 requeues 0) 
 backlog 0b 0p requeues 0
qdisc fq_codel 20: parent 1:10 limit 10240p flows 1024 quantum 1514 target 5ms interval 100ms memory_limit 32Mb ecn drop_batch 64 
 Sent 8004702 bytes 5327 pkt (dropped 0, overlimits 0 requeues 0) 
 backlog 0b 0p requeues 0
  maxpacket 1514 drop_overlimit 0 new_flow_count 31 ecn_mark 0
  new_flows_len 0 old_flows_len 1
======================================================================
Timestamp: 2026-03-31 20:13:14
qdisc htb 1: root refcnt 13 r2q 10 default 0x10 direct_packets_stat 0 direct_qlen 1000
 Sent 8586065 bytes 5711 pkt (dropped 0, overlimits 5632 requeues 0) 
 backlog 6056b 4p requeues 0
qdisc fq_codel 20: parent 1:10 limit 10240p flows 1024 quantum 1514 target 5ms interval 100ms memory_limit 32Mb ecn drop_batch 64 
 Sent 8586065 bytes 5711 pkt (dropped 0, overlimits 0 requeues 0) 
 backlog 6056b 4p requeues 0
  maxpacket 1514 drop_overlimit 0 new_flow_count 31 ecn_mark 0 memory_used 9376
  new_flows_len 0 old_flows_len 1
======================================================================
Timestamp: 2026-03-31 20:13:15
qdisc htb 1: root refcnt 13 r2q 10 default 0x10 direct_packets_stat 0 direct_qlen 1000
 Sent 9278895 bytes 6169 pkt (dropped 0, overlimits 6090 requeues 0) 
 backlog 0b 0p requeues 0
qdisc fq_codel 20: parent 1:10 limit 10240p flows 1024 quantum 1514 target 5ms interval 100ms memory_limit 32Mb ecn drop_batch 64 
 Sent 9278895 bytes 6169 pkt (dropped 0, overlimits 0 requeues 0) 
 backlog 0b 0p requeues 0
  maxpacket 1514 drop_overlimit 0 new_flow_count 31 ecn_mark 0
  new_flows_len 0 old_flows_len 1
======================================================================
Timestamp: 2026-03-31 20:13:16
qdisc htb 1: root refcnt 13 r2q 10 default 0x10 direct_packets_stat 0 direct_qlen 1000
 Sent 9982892 bytes 6634 pkt (dropped 0, overlimits 6553 requeues 0) 
 backlog 7570b 5p requeues 0
qdisc fq_codel 20: parent 1:10 limit 10240p flows 1024 quantum 1514 target 5ms interval 100ms memory_limit 32Mb ecn drop_batch 64 
 Sent 9982892 bytes 6634 pkt (dropped 0, overlimits 0 requeues 0) 
 backlog 7570b 5p requeues 0
  maxpacket 1514 drop_overlimit 0 new_flow_count 31 ecn_mark 0 memory_used 11720
  new_flows_len 0 old_flows_len 1
======================================================================
Timestamp: 2026-03-31 20:13:17
qdisc htb 1: root refcnt 13 r2q 10 default 0x10 direct_packets_stat 0 direct_qlen 1000
 Sent 10002463 bytes 6647 pkt (dropped 0, overlimits 6566 requeues 0) 
 backlog 0b 0p requeues 0
qdisc fq_codel 20: parent 1:10 limit 10240p flows 1024 quantum 1514 target 5ms interval 100ms memory_limit 32Mb ecn drop_batch 64 
 Sent 10002463 bytes 6647 pkt (dropped 0, overlimits 0 requeues 0) 
 backlog 0b 0p requeues 0
  maxpacket 1514 drop_overlimit 0 new_flow_count 31 ecn_mark 0
  new_flows_len 0 old_flows_len 1
======================================================================
Timestamp: 2026-03-31 20:13:18
qdisc htb 1: root refcnt 13 r2q 10 default 0x10 direct_packets_stat 0 direct_qlen 1000
 Sent 10688292 bytes 7100 pkt (dropped 0, overlimits 7017 requeues 0) 
 backlog 4542b 3p requeues 0
qdisc fq_codel 20: parent 1:10 limit 10240p flows 1024 quantum 1514 target 5ms interval 100ms memory_limit 32Mb ecn drop_batch 64 
 Sent 10688292 bytes 7100 pkt (dropped 0, overlimits 0 requeues 0) 
 backlog 4542b 3p requeues 0
  maxpacket 1514 drop_overlimit 0 new_flow_count 31 ecn_mark 0 memory_used 7032
  new_flows_len 0 old_flows_len 1
======================================================================
Timestamp: 2026-03-31 20:13:19
qdisc htb 1: root refcnt 13 r2q 10 default 0x10 direct_packets_stat 0 direct_qlen 1000
 Sent 10939586 bytes 7266 pkt (dropped 0, overlimits 7183 requeues 0) 
 backlog 0b 0p requeues 0
qdisc fq_codel 20: parent 1:10 limit 10240p flows 1024 quantum 1514 target 5ms interval 100ms memory_limit 32Mb ecn drop_batch 64 
 Sent 10939586 bytes 7266 pkt (dropped 0, overlimits 0 requeues 0) 
 backlog 0b 0p requeues 0
  maxpacket 1514 drop_overlimit 0 new_flow_count 31 ecn_mark 0
  new_flows_len 0 old_flows_len 1
======================================================================
Timestamp: 2026-03-31 20:13:20
qdisc htb 1: root refcnt 13 r2q 10 default 0x10 direct_packets_stat 0 direct_qlen 1000
 Sent 11607247 bytes 7707 pkt (dropped 0, overlimits 7622 requeues 0) 
 backlog 6056b 4p requeues 0
qdisc fq_codel 20: parent 1:10 limit 10240p flows 1024 quantum 1514 target 5ms interval 100ms memory_limit 32Mb ecn drop_batch 64 
 Sent 11607247 bytes 7707 pkt (dropped 0, overlimits 0 requeues 0) 
 backlog 6056b 4p requeues 0
  maxpacket 1514 drop_overlimit 0 new_flow_count 31 ecn_mark 0 memory_used 9376
  new_flows_len 0 old_flows_len 1
======================================================================
Timestamp: 2026-03-31 20:13:21
qdisc htb 1: root refcnt 13 r2q 10 default 0x10 direct_packets_stat 0 direct_qlen 1000
 Sent 12255012 bytes 8135 pkt (dropped 0, overlimits 8050 requeues 0) 
 backlog 0b 0p requeues 0
qdisc fq_codel 20: parent 1:10 limit 10240p flows 1024 quantum 1514 target 5ms interval 100ms memory_limit 32Mb ecn drop_batch 64 
 Sent 12255012 bytes 8135 pkt (dropped 0, overlimits 0 requeues 0) 
 backlog 0b 0p requeues 0
  maxpacket 1514 drop_overlimit 0 new_flow_count 31 ecn_mark 0
  new_flows_len 0 old_flows_len 1
======================================================================
Timestamp: 2026-03-31 20:13:22
qdisc htb 1: root refcnt 13 r2q 10 default 0x10 direct_packets_stat 0 direct_qlen 1000
 Sent 12903061 bytes 8564 pkt (dropped 0, overlimits 8477 requeues 0) 
 backlog 7570b 5p requeues 0
qdisc fq_codel 20: parent 1:10 limit 10240p flows 1024 quantum 1514 target 5ms interval 100ms memory_limit 32Mb ecn drop_batch 64 
 Sent 12903061 bytes 8564 pkt (dropped 0, overlimits 0 requeues 0) 
 backlog 7570b 5p requeues 0
  maxpacket 1514 drop_overlimit 0 new_flow_count 32 ecn_mark 0 memory_used 11720
  new_flows_len 0 old_flows_len 1
======================================================================
Timestamp: 2026-03-31 20:13:23
qdisc htb 1: root refcnt 13 r2q 10 default 0x10 direct_packets_stat 0 direct_qlen 1000
 Sent 13505824 bytes 8963 pkt (dropped 0, overlimits 8876 requeues 0) 
 backlog 0b 0p requeues 0
qdisc fq_codel 20: parent 1:10 limit 10240p flows 1024 quantum 1514 target 5ms interval 100ms memory_limit 32Mb ecn drop_batch 64 
 Sent 13505824 bytes 8963 pkt (dropped 0, overlimits 0 requeues 0) 
 backlog 0b 0p requeues 0
  maxpacket 1514 drop_overlimit 0 new_flow_count 32 ecn_mark 0
  new_flows_len 0 old_flows_len 1
======================================================================
Timestamp: 2026-03-31 20:13:24
qdisc htb 1: root refcnt 13 r2q 10 default 0x10 direct_packets_stat 0 direct_qlen 1000
 Sent 14087187 bytes 9347 pkt (dropped 0, overlimits 9250 requeues 0) 
 backlog 0b 0p requeues 0
qdisc fq_codel 20: parent 1:10 limit 10240p flows 1024 quantum 1514 target 5ms interval 100ms memory_limit 32Mb ecn drop_batch 64 
 Sent 14087187 bytes 9347 pkt (dropped 0, overlimits 0 requeues 0) 
 backlog 0b 0p requeues 0
  maxpacket 1514 drop_overlimit 0 new_flow_count 32 ecn_mark 0
  new_flows_len 0 old_flows_len 1
======================================================================
Timestamp: 2026-03-31 20:13:25
qdisc htb 1: root refcnt 13 r2q 10 default 0x10 direct_packets_stat 0 direct_qlen 1000
 Sent 14782861 bytes 9810 pkt (dropped 0, overlimits 9699 requeues 0) 
 backlog 0b 0p requeues 0
qdisc fq_codel 20: parent 1:10 limit 10240p flows 1024 quantum 1514 target 5ms interval 100ms memory_limit 32Mb ecn drop_batch 64 
 Sent 14782861 bytes 9810 pkt (dropped 0, overlimits 0 requeues 0) 
 backlog 0b 0p requeues 0
  maxpacket 1514 drop_overlimit 0 new_flow_count 35 ecn_mark 0
  new_flows_len 1 old_flows_len 1
======================================================================
Timestamp: 2026-03-31 20:13:26
qdisc htb 1: root refcnt 13 r2q 10 default 0x10 direct_packets_stat 0 direct_qlen 1000
 Sent 15406616 bytes 10222 pkt (dropped 0, overlimits 10109 requeues 0) 
 backlog 4542b 3p requeues 0
qdisc fq_codel 20: parent 1:10 limit 10240p flows 1024 quantum 1514 target 5ms interval 100ms memory_limit 32Mb ecn drop_batch 64 
 Sent 15406616 bytes 10222 pkt (dropped 0, overlimits 0 requeues 0) 
 backlog 4542b 3p requeues 0
  maxpacket 1514 drop_overlimit 0 new_flow_count 35 ecn_mark 0 memory_used 7032
  new_flows_len 0 old_flows_len 1
======================================================================
Timestamp: 2026-03-31 20:13:27
qdisc htb 1: root refcnt 13 r2q 10 default 0x10 direct_packets_stat 0 direct_qlen 1000
 Sent 15920170 bytes 10562 pkt (dropped 0, overlimits 10449 requeues 0) 
 backlog 0b 0p requeues 0
qdisc fq_codel 20: parent 1:10 limit 10240p flows 1024 quantum 1514 target 5ms interval 100ms memory_limit 32Mb ecn drop_batch 64 
 Sent 15920170 bytes 10562 pkt (dropped 0, overlimits 0 requeues 0) 
 backlog 0b 0p requeues 0
  maxpacket 1514 drop_overlimit 0 new_flow_count 35 ecn_mark 0
  new_flows_len 0 old_flows_len 1
======================================================================
Timestamp: 2026-03-31 20:13:28
qdisc htb 1: root refcnt 13 r2q 10 default 0x10 direct_packets_stat 0 direct_qlen 1000
 Sent 16522729 bytes 10960 pkt (dropped 0, overlimits 10845 requeues 0) 
 backlog 6056b 4p requeues 0
qdisc fq_codel 20: parent 1:10 limit 10240p flows 1024 quantum 1514 target 5ms interval 100ms memory_limit 32Mb ecn drop_batch 64 
 Sent 16522729 bytes 10960 pkt (dropped 0, overlimits 0 requeues 0) 
 backlog 6056b 4p requeues 0
  maxpacket 1514 drop_overlimit 0 new_flow_count 35 ecn_mark 0 memory_used 9376
  new_flows_len 0 old_flows_len 1
======================================================================
Timestamp: 2026-03-31 20:13:29
qdisc htb 1: root refcnt 13 r2q 10 default 0x10 direct_packets_stat 0 direct_qlen 1000
 Sent 17034265 bytes 11298 pkt (dropped 0, overlimits 11183 requeues 0) 
 backlog 0b 0p requeues 0
qdisc fq_codel 20: parent 1:10 limit 10240p flows 1024 quantum 1514 target 5ms interval 100ms memory_limit 32Mb ecn drop_batch 64 
 Sent 17034265 bytes 11298 pkt (dropped 0, overlimits 0 requeues 0) 
 backlog 0b 0p requeues 0
  maxpacket 1514 drop_overlimit 0 new_flow_count 35 ecn_mark 0
  new_flows_len 0 old_flows_len 1
======================================================================
Timestamp: 2026-03-31 20:13:30
qdisc htb 1: root refcnt 13 r2q 10 default 0x10 direct_packets_stat 0 direct_qlen 1000
 Sent 17629675 bytes 11697 pkt (dropped 0, overlimits 11580 requeues 0) 
 backlog 7570b 5p requeues 0
qdisc fq_codel 20: parent 1:10 limit 10240p flows 1024 quantum 1514 target 5ms interval 100ms memory_limit 32Mb ecn drop_batch 64 
 Sent 17629675 bytes 11697 pkt (dropped 0, overlimits 0 requeues 0) 
 backlog 7570b 5p requeues 0
  maxpacket 1514 drop_overlimit 0 new_flow_count 39 ecn_mark 0 memory_used 11720
  new_flows_len 0 old_flows_len 1
======================================================================
Timestamp: 2026-03-31 20:13:31
qdisc htb 1: root refcnt 13 r2q 10 default 0x10 direct_packets_stat 0 direct_qlen 1000
 Sent 18419280 bytes 12229 pkt (dropped 0, overlimits 12089 requeues 0) 
 backlog 7570b 5p requeues 0
qdisc fq_codel 20: parent 1:10 limit 10240p flows 1024 quantum 1514 target 5ms interval 100ms memory_limit 32Mb ecn drop_batch 64 
 Sent 18419280 bytes 12229 pkt (dropped 0, overlimits 0 requeues 0) 
 backlog 7570b 5p requeues 0
  maxpacket 1514 drop_overlimit 0 new_flow_count 51 ecn_mark 8 memory_used 11720
  new_flows_len 0 old_flows_len 2
======================================================================
Timestamp: 2026-03-31 20:13:32
qdisc htb 1: root refcnt 13 r2q 10 default 0x10 direct_packets_stat 0 direct_qlen 1000
 Sent 19298901 bytes 12810 pkt (dropped 0, overlimits 12666 requeues 0) 
 backlog 13626b 9p requeues 0
qdisc fq_codel 20: parent 1:10 limit 10240p flows 1024 quantum 1514 target 5ms interval 100ms memory_limit 32Mb ecn drop_batch 64 
 Sent 19298901 bytes 12810 pkt (dropped 0, overlimits 0 requeues 0) 
 backlog 13626b 9p requeues 0
  maxpacket 1514 drop_overlimit 0 new_flow_count 70 ecn_mark 27 memory_used 21096
  new_flows_len 0 old_flows_len 3
======================================================================
Timestamp: 2026-03-31 20:13:33
qdisc htb 1: root refcnt 13 r2q 10 default 0x10 direct_packets_stat 0 direct_qlen 1000
 Sent 20181563 bytes 13393 pkt (dropped 0, overlimits 13249 requeues 0) 
 backlog 15140b 10p requeues 0
qdisc fq_codel 20: parent 1:10 limit 10240p flows 1024 quantum 1514 target 5ms interval 100ms memory_limit 32Mb ecn drop_batch 64 
 Sent 20181563 bytes 13393 pkt (dropped 0, overlimits 0 requeues 0) 
 backlog 15140b 10p requeues 0
  maxpacket 1514 drop_overlimit 0 new_flow_count 87 ecn_mark 95 memory_used 23440
  new_flows_len 0 old_flows_len 3
======================================================================
Timestamp: 2026-03-31 20:13:34
qdisc htb 1: root refcnt 13 r2q 10 default 0x10 direct_packets_stat 0 direct_qlen 1000
 Sent 21064352 bytes 13978 pkt (dropped 0, overlimits 13834 requeues 0) 
 backlog 13626b 9p requeues 0
qdisc fq_codel 20: parent 1:10 limit 10240p flows 1024 quantum 1514 target 5ms interval 100ms memory_limit 32Mb ecn drop_batch 64 
 Sent 21064352 bytes 13978 pkt (dropped 0, overlimits 0 requeues 0) 
 backlog 13626b 9p requeues 0
  maxpacket 1514 drop_overlimit 0 new_flow_count 116 ecn_mark 191 memory_used 21096
  new_flows_len 0 old_flows_len 3
======================================================================
Timestamp: 2026-03-31 20:13:35
qdisc htb 1: root refcnt 13 r2q 10 default 0x10 direct_packets_stat 0 direct_qlen 1000
 Sent 21945500 bytes 14560 pkt (dropped 0, overlimits 14416 requeues 0) 
 backlog 10598b 7p requeues 0
qdisc fq_codel 20: parent 1:10 limit 10240p flows 1024 quantum 1514 target 5ms interval 100ms memory_limit 32Mb ecn drop_batch 64 
 Sent 21945500 bytes 14560 pkt (dropped 0, overlimits 0 requeues 0) 
 backlog 10598b 7p requeues 0
  maxpacket 1514 drop_overlimit 0 new_flow_count 150 ecn_mark 262 memory_used 16408
  new_flows_len 0 old_flows_len 3
======================================================================
Timestamp: 2026-03-31 20:13:36
qdisc htb 1: root refcnt 13 r2q 10 default 0x10 direct_packets_stat 0 direct_qlen 1000
 Sent 22828504 bytes 15144 pkt (dropped 0, overlimits 15000 requeues 0) 
 backlog 15140b 10p requeues 0
qdisc fq_codel 20: parent 1:10 limit 10240p flows 1024 quantum 1514 target 5ms interval 100ms memory_limit 32Mb ecn drop_batch 64 
 Sent 22828504 bytes 15144 pkt (dropped 0, overlimits 0 requeues 0) 
 backlog 15140b 10p requeues 0
  maxpacket 1514 drop_overlimit 0 new_flow_count 165 ecn_mark 350 memory_used 23440
  new_flows_len 0 old_flows_len 3
======================================================================
Timestamp: 2026-03-31 20:13:37
qdisc htb 1: root refcnt 13 r2q 10 default 0x10 direct_packets_stat 0 direct_qlen 1000
 Sent 23712295 bytes 15728 pkt (dropped 0, overlimits 15582 requeues 0) 
 backlog 16654b 11p requeues 0
qdisc fq_codel 20: parent 1:10 limit 10240p flows 1024 quantum 1514 target 5ms interval 100ms memory_limit 32Mb ecn drop_batch 64 
 Sent 23712295 bytes 15728 pkt (dropped 0, overlimits 0 requeues 0) 
 backlog 16654b 11p requeues 0
  maxpacket 1514 drop_overlimit 0 new_flow_count 184 ecn_mark 463 memory_used 25784
  new_flows_len 0 old_flows_len 3
======================================================================
Timestamp: 2026-03-31 20:13:38
qdisc htb 1: root refcnt 13 r2q 10 default 0x10 direct_packets_stat 0 direct_qlen 1000
 Sent 24593989 bytes 16311 pkt (dropped 0, overlimits 16165 requeues 0) 
 backlog 15140b 10p requeues 0
qdisc fq_codel 20: parent 1:10 limit 10240p flows 1024 quantum 1514 target 5ms interval 100ms memory_limit 32Mb ecn drop_batch 64 
 Sent 24593989 bytes 16311 pkt (dropped 0, overlimits 0 requeues 0) 
 backlog 15140b 10p requeues 0
  maxpacket 1514 drop_overlimit 0 new_flow_count 208 ecn_mark 612 memory_used 23440
  new_flows_len 0 old_flows_len 3
======================================================================
Timestamp: 2026-03-31 20:13:39
qdisc htb 1: root refcnt 13 r2q 10 default 0x10 direct_packets_stat 0 direct_qlen 1000
 Sent 25465832 bytes 16887 pkt (dropped 0, overlimits 16736 requeues 0) 
 backlog 9084b 6p requeues 0
qdisc fq_codel 20: parent 1:10 limit 10240p flows 1024 quantum 1514 target 5ms interval 100ms memory_limit 32Mb ecn drop_batch 64 
 Sent 25465832 bytes 16887 pkt (dropped 0, overlimits 0 requeues 0) 
 backlog 9084b 6p requeues 0
  maxpacket 1514 drop_overlimit 0 new_flow_count 225 ecn_mark 742 memory_used 14064
  new_flows_len 0 old_flows_len 2
======================================================================
Timestamp: 2026-03-31 20:13:40
qdisc htb 1: root refcnt 13 r2q 10 default 0x10 direct_packets_stat 0 direct_qlen 1000
 Sent 26348481 bytes 17470 pkt (dropped 0, overlimits 17319 requeues 0) 
 backlog 15140b 10p requeues 0
qdisc fq_codel 20: parent 1:10 limit 10240p flows 1024 quantum 1514 target 5ms interval 100ms memory_limit 32Mb ecn drop_batch 64 
 Sent 26348481 bytes 17470 pkt (dropped 0, overlimits 0 requeues 0) 
 backlog 15140b 10p requeues 0
  maxpacket 1514 drop_overlimit 0 new_flow_count 240 ecn_mark 804 memory_used 23440
  new_flows_len 0 old_flows_len 3
======================================================================
Timestamp: 2026-03-31 20:13:41
qdisc htb 1: root refcnt 13 r2q 10 default 0x10 direct_packets_stat 0 direct_qlen 1000
 Sent 27176195 bytes 18017 pkt (dropped 0, overlimits 17844 requeues 0) 
 backlog 7570b 5p requeues 0
qdisc fq_codel 20: parent 1:10 limit 10240p flows 1024 quantum 1514 target 5ms interval 100ms memory_limit 32Mb ecn drop_batch 64 
 Sent 27176195 bytes 18017 pkt (dropped 0, overlimits 0 requeues 0) 
 backlog 7570b 5p requeues 0
  maxpacket 1514 drop_overlimit 0 new_flow_count 273 ecn_mark 880 memory_used 11720
  new_flows_len 0 old_flows_len 2
======================================================================
Timestamp: 2026-03-31 20:13:42
qdisc htb 1: root refcnt 13 r2q 10 default 0x10 direct_packets_stat 0 direct_qlen 1000
 Sent 28060358 bytes 18601 pkt (dropped 0, overlimits 18428 requeues 0) 
 backlog 13626b 9p requeues 0
qdisc fq_codel 20: parent 1:10 limit 10240p flows 1024 quantum 1514 target 5ms interval 100ms memory_limit 32Mb ecn drop_batch 64 
 Sent 28060358 bytes 18601 pkt (dropped 0, overlimits 0 requeues 0) 
 backlog 13626b 9p requeues 0
  maxpacket 1514 drop_overlimit 0 new_flow_count 294 ecn_mark 925 memory_used 21096
  new_flows_len 0 old_flows_len 3
======================================================================
Timestamp: 2026-03-31 20:13:43
qdisc htb 1: root refcnt 13 r2q 10 default 0x10 direct_packets_stat 0 direct_qlen 1000
 Sent 28923328 bytes 19171 pkt (dropped 0, overlimits 18984 requeues 0) 
 backlog 1514b 1p requeues 0
qdisc fq_codel 20: parent 1:10 limit 10240p flows 1024 quantum 1514 target 5ms interval 100ms memory_limit 32Mb ecn drop_batch 64 
 Sent 28923328 bytes 19171 pkt (dropped 0, overlimits 0 requeues 0) 
 backlog 1514b 1p requeues 0
  maxpacket 1514 drop_overlimit 0 new_flow_count 315 ecn_mark 993 memory_used 2344
  new_flows_len 0 old_flows_len 1
======================================================================
Timestamp: 2026-03-31 20:13:44
qdisc htb 1: root refcnt 13 r2q 10 default 0x10 direct_packets_stat 0 direct_qlen 1000
 Sent 29805977 bytes 19754 pkt (dropped 0, overlimits 19566 requeues 0) 
 backlog 10598b 7p requeues 0
qdisc fq_codel 20: parent 1:10 limit 10240p flows 1024 quantum 1514 target 5ms interval 100ms memory_limit 32Mb ecn drop_batch 64 
 Sent 29805977 bytes 19754 pkt (dropped 0, overlimits 0 requeues 0) 
 backlog 10598b 7p requeues 0
  maxpacket 1514 drop_overlimit 0 new_flow_count 333 ecn_mark 1040 memory_used 16408
  new_flows_len 0 old_flows_len 3
======================================================================
Timestamp: 2026-03-31 20:13:45
qdisc htb 1: root refcnt 13 r2q 10 default 0x10 direct_packets_stat 0 direct_qlen 1000
 Sent 30683191 bytes 20334 pkt (dropped 0, overlimits 20142 requeues 0) 
 backlog 10598b 7p requeues 0
qdisc fq_codel 20: parent 1:10 limit 10240p flows 1024 quantum 1514 target 5ms interval 100ms memory_limit 32Mb ecn drop_batch 64 
 Sent 30683191 bytes 20334 pkt (dropped 0, overlimits 0 requeues 0) 
 backlog 10598b 7p requeues 0
  maxpacket 1514 drop_overlimit 0 new_flow_count 350 ecn_mark 1140 memory_used 16408
  new_flows_len 0 old_flows_len 2
======================================================================
Timestamp: 2026-03-31 20:13:46
qdisc htb 1: root refcnt 13 r2q 10 default 0x10 direct_packets_stat 0 direct_qlen 1000
 Sent 31567354 bytes 20918 pkt (dropped 0, overlimits 20726 requeues 0) 
 backlog 7570b 5p requeues 0
qdisc fq_codel 20: parent 1:10 limit 10240p flows 1024 quantum 1514 target 5ms interval 100ms memory_limit 32Mb ecn drop_batch 64 
 Sent 31567354 bytes 20918 pkt (dropped 0, overlimits 0 requeues 0) 
 backlog 7570b 5p requeues 0
  maxpacket 1514 drop_overlimit 0 new_flow_count 372 ecn_mark 1195 memory_used 11720
  new_flows_len 0 old_flows_len 2
======================================================================
Timestamp: 2026-03-31 20:13:47
qdisc htb 1: root refcnt 13 r2q 10 default 0x10 direct_packets_stat 0 direct_qlen 1000
 Sent 32406458 bytes 21473 pkt (dropped 0, overlimits 21266 requeues 0) 
 backlog 9084b 6p requeues 0
qdisc fq_codel 20: parent 1:10 limit 10240p flows 1024 quantum 1514 target 5ms interval 100ms memory_limit 32Mb ecn drop_batch 64 
 Sent 32406458 bytes 21473 pkt (dropped 0, overlimits 0 requeues 0) 
 backlog 9084b 6p requeues 0
  maxpacket 1514 drop_overlimit 0 new_flow_count 400 ecn_mark 1246 memory_used 14064
  new_flows_len 0 old_flows_len 2
======================================================================
Timestamp: 2026-03-31 20:13:48
qdisc htb 1: root refcnt 13 r2q 10 default 0x10 direct_packets_stat 0 direct_qlen 1000
 Sent 33292135 bytes 22058 pkt (dropped 0, overlimits 21850 requeues 0) 
 backlog 13626b 9p requeues 0
qdisc fq_codel 20: parent 1:10 limit 10240p flows 1024 quantum 1514 target 5ms interval 100ms memory_limit 32Mb ecn drop_batch 64 
 Sent 33292135 bytes 22058 pkt (dropped 0, overlimits 0 requeues 0) 
 backlog 13626b 9p requeues 0
  maxpacket 1514 drop_overlimit 0 new_flow_count 416 ecn_mark 1284 memory_used 21096
  new_flows_len 0 old_flows_len 3
======================================================================
Timestamp: 2026-03-31 20:13:49
qdisc htb 1: root refcnt 13 r2q 10 default 0x10 direct_packets_stat 0 direct_qlen 1000
 Sent 34175282 bytes 22642 pkt (dropped 0, overlimits 22434 requeues 0) 
 backlog 6056b 4p requeues 0
qdisc fq_codel 20: parent 1:10 limit 10240p flows 1024 quantum 1514 target 5ms interval 100ms memory_limit 32Mb ecn drop_batch 64 
 Sent 34175282 bytes 22642 pkt (dropped 0, overlimits 0 requeues 0) 
 backlog 6056b 4p requeues 0
  maxpacket 1514 drop_overlimit 0 new_flow_count 438 ecn_mark 1367 memory_used 9376
  new_flows_len 0 old_flows_len 2
======================================================================
Timestamp: 2026-03-31 20:13:50
qdisc htb 1: root refcnt 13 r2q 10 default 0x10 direct_packets_stat 0 direct_qlen 1000
 Sent 35056417 bytes 23224 pkt (dropped 0, overlimits 23016 requeues 0) 
 backlog 9084b 6p requeues 0
qdisc fq_codel 20: parent 1:10 limit 10240p flows 1024 quantum 1514 target 5ms interval 100ms memory_limit 32Mb ecn drop_batch 64 
 Sent 35056417 bytes 23224 pkt (dropped 0, overlimits 0 requeues 0) 
 backlog 9084b 6p requeues 0
  maxpacket 1514 drop_overlimit 0 new_flow_count 449 ecn_mark 1421 memory_used 14064
  new_flows_len 0 old_flows_len 3
======================================================================
Timestamp: 2026-03-31 20:13:51
qdisc htb 1: root refcnt 13 r2q 10 default 0x10 direct_packets_stat 0 direct_qlen 1000
 Sent 35908294 bytes 23787 pkt (dropped 0, overlimits 23572 requeues 0) 
 backlog 1514b 1p requeues 0
qdisc fq_codel 20: parent 1:10 limit 10240p flows 1024 quantum 1514 target 5ms interval 100ms memory_limit 32Mb ecn drop_batch 64 
 Sent 35908294 bytes 23787 pkt (dropped 0, overlimits 0 requeues 0) 
 backlog 1514b 1p requeues 0
  maxpacket 1514 drop_overlimit 0 new_flow_count 476 ecn_mark 1497 memory_used 2344
  new_flows_len 0 old_flows_len 2
======================================================================
Timestamp: 2026-03-31 20:13:52
qdisc htb 1: root refcnt 13 r2q 10 default 0x10 direct_packets_stat 0 direct_qlen 1000
 Sent 36757635 bytes 24348 pkt (dropped 0, overlimits 24116 requeues 0) 
 backlog 9084b 6p requeues 0
qdisc fq_codel 20: parent 1:10 limit 10240p flows 1024 quantum 1514 target 5ms interval 100ms memory_limit 32Mb ecn drop_batch 64 
 Sent 36757635 bytes 24348 pkt (dropped 0, overlimits 0 requeues 0) 
 backlog 9084b 6p requeues 0
  maxpacket 1514 drop_overlimit 0 new_flow_count 502 ecn_mark 1535 memory_used 14064
  new_flows_len 0 old_flows_len 2
======================================================================
Timestamp: 2026-03-31 20:13:53
qdisc htb 1: root refcnt 13 r2q 10 default 0x10 direct_packets_stat 0 direct_qlen 1000
 Sent 37628799 bytes 24925 pkt (dropped 0, overlimits 24686 requeues 0) 
 backlog 0b 0p requeues 0
qdisc fq_codel 20: parent 1:10 limit 10240p flows 1024 quantum 1514 target 5ms interval 100ms memory_limit 32Mb ecn drop_batch 64 
 Sent 37628799 bytes 24925 pkt (dropped 0, overlimits 0 requeues 0) 
 backlog 0b 0p requeues 0
  maxpacket 1514 drop_overlimit 0 new_flow_count 533 ecn_mark 1608
  new_flows_len 0 old_flows_len 1
======================================================================
Timestamp: 2026-03-31 20:13:54
qdisc htb 1: root refcnt 13 r2q 10 default 0x10 direct_packets_stat 0 direct_qlen 1000
 Sent 38505392 bytes 25504 pkt (dropped 0, overlimits 25257 requeues 0) 
 backlog 18168b 12p requeues 0
qdisc fq_codel 20: parent 1:10 limit 10240p flows 1024 quantum 1514 target 5ms interval 100ms memory_limit 32Mb ecn drop_batch 64 
 Sent 38505392 bytes 25504 pkt (dropped 0, overlimits 0 requeues 0) 
 backlog 18168b 12p requeues 0
  maxpacket 1514 drop_overlimit 0 new_flow_count 552 ecn_mark 1645 memory_used 28128
  new_flows_len 1 old_flows_len 2
======================================================================
Timestamp: 2026-03-31 20:13:55
qdisc htb 1: root refcnt 13 r2q 10 default 0x10 direct_packets_stat 0 direct_qlen 1000
 Sent 39371317 bytes 26077 pkt (dropped 0, overlimits 25821 requeues 0) 
 backlog 6056b 4p requeues 0
qdisc fq_codel 20: parent 1:10 limit 10240p flows 1024 quantum 1514 target 5ms interval 100ms memory_limit 32Mb ecn drop_batch 64 
 Sent 39371317 bytes 26077 pkt (dropped 0, overlimits 0 requeues 0) 
 backlog 6056b 4p requeues 0
  maxpacket 1514 drop_overlimit 0 new_flow_count 578 ecn_mark 1753 memory_used 9376
  new_flows_len 0 old_flows_len 2
======================================================================
Timestamp: 2026-03-31 20:13:56
qdisc htb 1: root refcnt 13 r2q 10 default 0x10 direct_packets_stat 0 direct_qlen 1000
 Sent 40229742 bytes 26644 pkt (dropped 0, overlimits 26381 requeues 0) 
 backlog 13626b 9p requeues 0
qdisc fq_codel 20: parent 1:10 limit 10240p flows 1024 quantum 1514 target 5ms interval 100ms memory_limit 32Mb ecn drop_batch 64 
 Sent 40229742 bytes 26644 pkt (dropped 0, overlimits 0 requeues 0) 
 backlog 13626b 9p requeues 0
  maxpacket 1514 drop_overlimit 0 new_flow_count 596 ecn_mark 1802 memory_used 21096
  new_flows_len 0 old_flows_len 3
======================================================================
Timestamp: 2026-03-31 20:13:57
qdisc htb 1: root refcnt 13 r2q 10 default 0x10 direct_packets_stat 0 direct_qlen 1000
 Sent 41111111 bytes 27227 pkt (dropped 0, overlimits 26964 requeues 0) 
 backlog 12112b 8p requeues 0
qdisc fq_codel 20: parent 1:10 limit 10240p flows 1024 quantum 1514 target 5ms interval 100ms memory_limit 32Mb ecn drop_batch 64 
 Sent 41111111 bytes 27227 pkt (dropped 0, overlimits 0 requeues 0) 
 backlog 12112b 8p requeues 0
  maxpacket 1514 drop_overlimit 0 new_flow_count 612 ecn_mark 1935 memory_used 18752
  new_flows_len 0 old_flows_len 3
======================================================================
Timestamp: 2026-03-31 20:13:58
qdisc htb 1: root refcnt 13 r2q 10 default 0x10 direct_packets_stat 0 direct_qlen 1000
 Sent 41930158 bytes 27768 pkt (dropped 0, overlimits 27484 requeues 0) 
 backlog 12112b 8p requeues 0
qdisc fq_codel 20: parent 1:10 limit 10240p flows 1024 quantum 1514 target 5ms interval 100ms memory_limit 32Mb ecn drop_batch 64 
 Sent 41930158 bytes 27768 pkt (dropped 0, overlimits 0 requeues 0) 
 backlog 12112b 8p requeues 0
  maxpacket 1514 drop_overlimit 0 new_flow_count 636 ecn_mark 1967 memory_used 18752
  new_flows_len 0 old_flows_len 3
======================================================================
Timestamp: 2026-03-31 20:13:59
qdisc htb 1: root refcnt 13 r2q 10 default 0x10 direct_packets_stat 0 direct_qlen 1000
 Sent 42812960 bytes 28353 pkt (dropped 0, overlimits 28069 requeues 0) 
 backlog 14354b 10p requeues 0
qdisc fq_codel 20: parent 1:10 limit 10240p flows 1024 quantum 1514 target 5ms interval 100ms memory_limit 32Mb ecn drop_batch 64 
 Sent 42812960 bytes 28353 pkt (dropped 0, overlimits 0 requeues 0) 
 backlog 14354b 10p requeues 0
  maxpacket 1514 drop_overlimit 0 new_flow_count 661 ecn_mark 2074 memory_used 22654
  new_flows_len 0 old_flows_len 3
======================================================================
Timestamp: 2026-03-31 20:14:00
qdisc htb 1: root refcnt 13 r2q 10 default 0x10 direct_packets_stat 0 direct_qlen 1000
 Sent 43690281 bytes 28933 pkt (dropped 0, overlimits 28641 requeues 0) 
 backlog 9084b 6p requeues 0
qdisc fq_codel 20: parent 1:10 limit 10240p flows 1024 quantum 1514 target 5ms interval 100ms memory_limit 32Mb ecn drop_batch 64 
 Sent 43690281 bytes 28933 pkt (dropped 0, overlimits 0 requeues 0) 
 backlog 9084b 6p requeues 0
  maxpacket 1514 drop_overlimit 0 new_flow_count 690 ecn_mark 2106 memory_used 14064
  new_flows_len 0 old_flows_len 2
======================================================================
Timestamp: 2026-03-31 20:14:01
qdisc htb 1: root refcnt 13 r2q 10 default 0x10 direct_packets_stat 0 direct_qlen 1000
 Sent 44568975 bytes 29515 pkt (dropped 0, overlimits 29221 requeues 0) 
 backlog 1514b 1p requeues 0
qdisc fq_codel 20: parent 1:10 limit 10240p flows 1024 quantum 1514 target 5ms interval 100ms memory_limit 32Mb ecn drop_batch 64 
 Sent 44568975 bytes 29515 pkt (dropped 0, overlimits 0 requeues 0) 
 backlog 1514b 1p requeues 0
  maxpacket 1514 drop_overlimit 0 new_flow_count 715 ecn_mark 2177 memory_used 2344
  new_flows_len 0 old_flows_len 2
======================================================================
Timestamp: 2026-03-31 20:14:02
qdisc htb 1: root refcnt 13 r2q 10 default 0x10 direct_packets_stat 0 direct_qlen 1000
 Sent 45383494 bytes 30053 pkt (dropped 0, overlimits 29732 requeues 0) 
 backlog 10010b 7p requeues 0
qdisc fq_codel 20: parent 1:10 limit 10240p flows 1024 quantum 1514 target 5ms interval 100ms memory_limit 32Mb ecn drop_batch 64 
 Sent 45383494 bytes 30053 pkt (dropped 0, overlimits 0 requeues 0) 
 backlog 10010b 7p requeues 0
  maxpacket 1514 drop_overlimit 0 new_flow_count 743 ecn_mark 2197 memory_used 15820
  new_flows_len 0 old_flows_len 3
======================================================================
Timestamp: 2026-03-31 20:14:03
qdisc htb 1: root refcnt 13 r2q 10 default 0x10 direct_packets_stat 0 direct_qlen 1000
 Sent 46233774 bytes 30615 pkt (dropped 0, overlimits 30277 requeues 0) 
 backlog 13626b 9p requeues 0
qdisc fq_codel 20: parent 1:10 limit 10240p flows 1024 quantum 1514 target 5ms interval 100ms memory_limit 32Mb ecn drop_batch 64 
 Sent 46233774 bytes 30615 pkt (dropped 0, overlimits 0 requeues 0) 
 backlog 13626b 9p requeues 0
  maxpacket 1514 drop_overlimit 0 new_flow_count 765 ecn_mark 2199 memory_used 21096
  new_flows_len 0 old_flows_len 2
======================================================================
Timestamp: 2026-03-31 20:14:04
qdisc htb 1: root refcnt 13 r2q 10 default 0x10 direct_packets_stat 0 direct_qlen 1000
 Sent 47116423 bytes 31198 pkt (dropped 0, overlimits 30859 requeues 0) 
 backlog 15140b 10p requeues 0
qdisc fq_codel 20: parent 1:10 limit 10240p flows 1024 quantum 1514 target 5ms interval 100ms memory_limit 32Mb ecn drop_batch 64 
 Sent 47116423 bytes 31198 pkt (dropped 0, overlimits 0 requeues 0) 
 backlog 15140b 10p requeues 0
  maxpacket 1514 drop_overlimit 0 new_flow_count 786 ecn_mark 2210 memory_used 23440
  new_flows_len 0 old_flows_len 3
======================================================================
Timestamp: 2026-03-31 20:14:05
qdisc htb 1: root refcnt 13 r2q 10 default 0x10 direct_packets_stat 0 direct_qlen 1000
 Sent 47992975 bytes 31777 pkt (dropped 0, overlimits 31429 requeues 0) 
 backlog 3028b 2p requeues 0
qdisc fq_codel 20: parent 1:10 limit 10240p flows 1024 quantum 1514 target 5ms interval 100ms memory_limit 32Mb ecn drop_batch 64 
 Sent 47992975 bytes 31777 pkt (dropped 0, overlimits 0 requeues 0) 
 backlog 3028b 2p requeues 0
  maxpacket 1514 drop_overlimit 0 new_flow_count 805 ecn_mark 2219 memory_used 4688
  new_flows_len 0 old_flows_len 2
======================================================================
Timestamp: 2026-03-31 20:14:06
qdisc htb 1: root refcnt 13 r2q 10 default 0x10 direct_packets_stat 0 direct_qlen 1000
 Sent 48878652 bytes 32362 pkt (dropped 0, overlimits 32014 requeues 0) 
 backlog 12112b 8p requeues 0
qdisc fq_codel 20: parent 1:10 limit 10240p flows 1024 quantum 1514 target 5ms interval 100ms memory_limit 32Mb ecn drop_batch 64 
 Sent 48878652 bytes 32362 pkt (dropped 0, overlimits 0 requeues 0) 
 backlog 12112b 8p requeues 0
  maxpacket 1514 drop_overlimit 0 new_flow_count 832 ecn_mark 2236 memory_used 18752
  new_flows_len 0 old_flows_len 3
======================================================================
Timestamp: 2026-03-31 20:14:07
qdisc htb 1: root refcnt 13 r2q 10 default 0x10 direct_packets_stat 0 direct_qlen 1000
 Sent 49765856 bytes 32948 pkt (dropped 0, overlimits 32600 requeues 0) 
 backlog 10598b 7p requeues 0
qdisc fq_codel 20: parent 1:10 limit 10240p flows 1024 quantum 1514 target 5ms interval 100ms memory_limit 32Mb ecn drop_batch 64 
 Sent 49765856 bytes 32948 pkt (dropped 0, overlimits 0 requeues 0) 
 backlog 10598b 7p requeues 0
  maxpacket 1514 drop_overlimit 0 new_flow_count 852 ecn_mark 2311 memory_used 16408
  new_flows_len 0 old_flows_len 3
======================================================================
Timestamp: 2026-03-31 20:14:08
qdisc htb 1: root refcnt 13 r2q 10 default 0x10 direct_packets_stat 0 direct_qlen 1000
 Sent 50645941 bytes 33531 pkt (dropped 0, overlimits 33180 requeues 0) 
 backlog 13626b 9p requeues 0
qdisc fq_codel 20: parent 1:10 limit 10240p flows 1024 quantum 1514 target 5ms interval 100ms memory_limit 32Mb ecn drop_batch 64 
 Sent 50645941 bytes 33531 pkt (dropped 0, overlimits 0 requeues 0) 
 backlog 13626b 9p requeues 0
  maxpacket 1514 drop_overlimit 0 new_flow_count 877 ecn_mark 2346 memory_used 21096
  new_flows_len 0 old_flows_len 3
======================================================================
Timestamp: 2026-03-31 20:14:09
qdisc htb 1: root refcnt 13 r2q 10 default 0x10 direct_packets_stat 0 direct_qlen 1000
 Sent 51528603 bytes 34114 pkt (dropped 0, overlimits 33763 requeues 0) 
 backlog 15140b 10p requeues 0
qdisc fq_codel 20: parent 1:10 limit 10240p flows 1024 quantum 1514 target 5ms interval 100ms memory_limit 32Mb ecn drop_batch 64 
 Sent 51528603 bytes 34114 pkt (dropped 0, overlimits 0 requeues 0) 
 backlog 15140b 10p requeues 0
  maxpacket 1514 drop_overlimit 0 new_flow_count 895 ecn_mark 2437 memory_used 23440
  new_flows_len 0 old_flows_len 3
======================================================================
Timestamp: 2026-03-31 20:14:10
qdisc htb 1: root refcnt 13 r2q 10 default 0x10 direct_packets_stat 0 direct_qlen 1000
 Sent 52390919 bytes 34684 pkt (dropped 0, overlimits 34315 requeues 0) 
 backlog 10598b 7p requeues 0
qdisc fq_codel 20: parent 1:10 limit 10240p flows 1024 quantum 1514 target 5ms interval 100ms memory_limit 32Mb ecn drop_batch 64 
 Sent 52390919 bytes 34684 pkt (dropped 0, overlimits 0 requeues 0) 
 backlog 10598b 7p requeues 0
  maxpacket 1514 drop_overlimit 0 new_flow_count 912 ecn_mark 2481 memory_used 16408
  new_flows_len 0 old_flows_len 2
======================================================================
Timestamp: 2026-03-31 20:14:11
qdisc htb 1: root refcnt 13 r2q 10 default 0x10 direct_packets_stat 0 direct_qlen 1000
 Sent 53271878 bytes 35266 pkt (dropped 0, overlimits 34891 requeues 0) 
 backlog 6056b 4p requeues 0
qdisc fq_codel 20: parent 1:10 limit 10240p flows 1024 quantum 1514 target 5ms interval 100ms memory_limit 32Mb ecn drop_batch 64 
 Sent 53271878 bytes 35266 pkt (dropped 0, overlimits 0 requeues 0) 
 backlog 6056b 4p requeues 0
  maxpacket 1514 drop_overlimit 0 new_flow_count 937 ecn_mark 2543 memory_used 9376
  new_flows_len 0 old_flows_len 2
======================================================================
Timestamp: 2026-03-31 20:14:12
qdisc htb 1: root refcnt 13 r2q 10 default 0x10 direct_packets_stat 0 direct_qlen 1000
 Sent 54146957 bytes 35844 pkt (dropped 0, overlimits 35466 requeues 0) 
 backlog 10598b 7p requeues 0
qdisc fq_codel 20: parent 1:10 limit 10240p flows 1024 quantum 1514 target 5ms interval 100ms memory_limit 32Mb ecn drop_batch 64 
 Sent 54146957 bytes 35844 pkt (dropped 0, overlimits 0 requeues 0) 
 backlog 10598b 7p requeues 0
  maxpacket 1514 drop_overlimit 0 new_flow_count 959 ecn_mark 2568 memory_used 16408
  new_flows_len 0 old_flows_len 3
======================================================================
Timestamp: 2026-03-31 20:14:13
qdisc htb 1: root refcnt 13 r2q 10 default 0x10 direct_packets_stat 0 direct_qlen 1000
 Sent 55018839 bytes 36420 pkt (dropped 0, overlimits 36041 requeues 0) 
 backlog 0b 0p requeues 0
qdisc fq_codel 20: parent 1:10 limit 10240p flows 1024 quantum 1514 target 5ms interval 100ms memory_limit 32Mb ecn drop_batch 64 
 Sent 55018839 bytes 36420 pkt (dropped 0, overlimits 0 requeues 0) 
 backlog 0b 0p requeues 0
  maxpacket 1514 drop_overlimit 0 new_flow_count 978 ecn_mark 2680
  new_flows_len 0 old_flows_len 1
======================================================================
Timestamp: 2026-03-31 20:14:14
qdisc htb 1: root refcnt 13 r2q 10 default 0x10 direct_packets_stat 0 direct_qlen 1000
 Sent 55859096 bytes 36975 pkt (dropped 0, overlimits 36586 requeues 0) 
 backlog 9084b 6p requeues 0
qdisc fq_codel 20: parent 1:10 limit 10240p flows 1024 quantum 1514 target 5ms interval 100ms memory_limit 32Mb ecn drop_batch 64 
 Sent 55859096 bytes 36975 pkt (dropped 0, overlimits 0 requeues 0) 
 backlog 9084b 6p requeues 0
  maxpacket 1514 drop_overlimit 0 new_flow_count 1009 ecn_mark 2698 memory_used 14064
  new_flows_len 0 old_flows_len 3
======================================================================
Timestamp: 2026-03-31 20:14:15
qdisc htb 1: root refcnt 13 r2q 10 default 0x10 direct_packets_stat 0 direct_qlen 1000
 Sent 56740452 bytes 37558 pkt (dropped 0, overlimits 37160 requeues 0) 
 backlog 0b 0p requeues 0
qdisc fq_codel 20: parent 1:10 limit 10240p flows 1024 quantum 1514 target 5ms interval 100ms memory_limit 32Mb ecn drop_batch 64 
 Sent 56740452 bytes 37558 pkt (dropped 0, overlimits 0 requeues 0) 
 backlog 0b 0p requeues 0
  maxpacket 1514 drop_overlimit 0 new_flow_count 1029 ecn_mark 2750
  new_flows_len 0 old_flows_len 1
======================================================================
Timestamp: 2026-03-31 20:14:16
qdisc htb 1: root refcnt 13 r2q 10 default 0x10 direct_packets_stat 0 direct_qlen 1000
 Sent 57604933 bytes 38129 pkt (dropped 0, overlimits 37725 requeues 0) 
 backlog 12112b 8p requeues 0
qdisc fq_codel 20: parent 1:10 limit 10240p flows 1024 quantum 1514 target 5ms interval 100ms memory_limit 32Mb ecn drop_batch 64 
 Sent 57604933 bytes 38129 pkt (dropped 0, overlimits 0 requeues 0) 
 backlog 12112b 8p requeues 0
  maxpacket 1514 drop_overlimit 0 new_flow_count 1047 ecn_mark 2773 memory_used 18752
  new_flows_len 0 old_flows_len 2
======================================================================
Timestamp: 2026-03-31 20:14:17
qdisc htb 1: root refcnt 13 r2q 10 default 0x10 direct_packets_stat 0 direct_qlen 1000
 Sent 58487595 bytes 38712 pkt (dropped 0, overlimits 38308 requeues 0) 
 backlog 13626b 9p requeues 0
qdisc fq_codel 20: parent 1:10 limit 10240p flows 1024 quantum 1514 target 5ms interval 100ms memory_limit 32Mb ecn drop_batch 64 
 Sent 58487595 bytes 38712 pkt (dropped 0, overlimits 0 requeues 0) 
 backlog 13626b 9p requeues 0
  maxpacket 1514 drop_overlimit 0 new_flow_count 1069 ecn_mark 2883 memory_used 21096
  new_flows_len 0 old_flows_len 2
======================================================================
Timestamp: 2026-03-31 20:14:18
qdisc htb 1: root refcnt 13 r2q 10 default 0x10 direct_packets_stat 0 direct_qlen 1000
 Sent 59370118 bytes 39295 pkt (dropped 0, overlimits 38889 requeues 0) 
 backlog 18168b 12p requeues 0
qdisc fq_codel 20: parent 1:10 limit 10240p flows 1024 quantum 1514 target 5ms interval 100ms memory_limit 32Mb ecn drop_batch 64 
 Sent 59370118 bytes 39295 pkt (dropped 0, overlimits 0 requeues 0) 
 backlog 18168b 12p requeues 0
  maxpacket 1514 drop_overlimit 0 new_flow_count 1087 ecn_mark 2920 memory_used 28128
  new_flows_len 0 old_flows_len 3
======================================================================
Timestamp: 2026-03-31 20:14:19
qdisc htb 1: root refcnt 13 r2q 10 default 0x10 direct_packets_stat 0 direct_qlen 1000
 Sent 60252780 bytes 39878 pkt (dropped 0, overlimits 39472 requeues 0) 
 backlog 16654b 11p requeues 0
qdisc fq_codel 20: parent 1:10 limit 10240p flows 1024 quantum 1514 target 5ms interval 100ms memory_limit 32Mb ecn drop_batch 64 
 Sent 60252780 bytes 39878 pkt (dropped 0, overlimits 0 requeues 0) 
 backlog 16654b 11p requeues 0
  maxpacket 1514 drop_overlimit 0 new_flow_count 1106 ecn_mark 3075 memory_used 25784
  new_flows_len 0 old_flows_len 3
======================================================================
Timestamp: 2026-03-31 20:14:20
qdisc htb 1: root refcnt 13 r2q 10 default 0x10 direct_packets_stat 0 direct_qlen 1000
 Sent 61106262 bytes 40442 pkt (dropped 0, overlimits 40017 requeues 0) 
 backlog 13626b 9p requeues 0
qdisc fq_codel 20: parent 1:10 limit 10240p flows 1024 quantum 1514 target 5ms interval 100ms memory_limit 32Mb ecn drop_batch 64 
 Sent 61106262 bytes 40442 pkt (dropped 0, overlimits 0 requeues 0) 
 backlog 13626b 9p requeues 0
  maxpacket 1514 drop_overlimit 0 new_flow_count 1131 ecn_mark 3147 memory_used 21096
  new_flows_len 0 old_flows_len 3
======================================================================
Timestamp: 2026-03-31 20:14:21
qdisc htb 1: root refcnt 13 r2q 10 default 0x10 direct_packets_stat 0 direct_qlen 1000
 Sent 61990438 bytes 41026 pkt (dropped 0, overlimits 40601 requeues 0) 
 backlog 13626b 9p requeues 0
qdisc fq_codel 20: parent 1:10 limit 10240p flows 1024 quantum 1514 target 5ms interval 100ms memory_limit 32Mb ecn drop_batch 64 
 Sent 61990438 bytes 41026 pkt (dropped 0, overlimits 0 requeues 0) 
 backlog 13626b 9p requeues 0
  maxpacket 1514 drop_overlimit 0 new_flow_count 1148 ecn_mark 3333 memory_used 21096
  new_flows_len 0 old_flows_len 3
======================================================================
Timestamp: 2026-03-31 20:14:22
qdisc htb 1: root refcnt 13 r2q 10 default 0x10 direct_packets_stat 0 direct_qlen 1000
 Sent 62810979 bytes 41568 pkt (dropped 0, overlimits 41133 requeues 0) 
 backlog 15140b 10p requeues 0
qdisc fq_codel 20: parent 1:10 limit 10240p flows 1024 quantum 1514 target 5ms interval 100ms memory_limit 32Mb ecn drop_batch 64 
 Sent 62810979 bytes 41568 pkt (dropped 0, overlimits 0 requeues 0) 
 backlog 15140b 10p requeues 0
  maxpacket 1514 drop_overlimit 0 new_flow_count 1169 ecn_mark 3419 memory_used 23440
  new_flows_len 0 old_flows_len 3
======================================================================
Timestamp: 2026-03-31 20:14:23
qdisc htb 1: root refcnt 13 r2q 10 default 0x10 direct_packets_stat 0 direct_qlen 1000
 Sent 63671237 bytes 42139 pkt (dropped 0, overlimits 41692 requeues 0) 
 backlog 9084b 6p requeues 0
qdisc fq_codel 20: parent 1:10 limit 10240p flows 1024 quantum 1514 target 5ms interval 100ms memory_limit 32Mb ecn drop_batch 64 
 Sent 63671237 bytes 42139 pkt (dropped 0, overlimits 0 requeues 0) 
 backlog 9084b 6p requeues 0
  maxpacket 1514 drop_overlimit 0 new_flow_count 1196 ecn_mark 3551 memory_used 14064
  new_flows_len 0 old_flows_len 2
======================================================================
Timestamp: 2026-03-31 20:14:24
qdisc htb 1: root refcnt 13 r2q 10 default 0x10 direct_packets_stat 0 direct_qlen 1000
 Sent 64555400 bytes 42723 pkt (dropped 0, overlimits 42275 requeues 0) 
 backlog 12112b 8p requeues 0
qdisc fq_codel 20: parent 1:10 limit 10240p flows 1024 quantum 1514 target 5ms interval 100ms memory_limit 32Mb ecn drop_batch 64 
 Sent 64555400 bytes 42723 pkt (dropped 0, overlimits 0 requeues 0) 
 backlog 12112b 8p requeues 0
  maxpacket 1514 drop_overlimit 0 new_flow_count 1207 ecn_mark 3580 memory_used 18752
  new_flows_len 0 old_flows_len 3
======================================================================
Timestamp: 2026-03-31 20:14:25
qdisc htb 1: root refcnt 13 r2q 10 default 0x10 direct_packets_stat 0 direct_qlen 1000
 Sent 65431343 bytes 43302 pkt (dropped 0, overlimits 42850 requeues 0) 
 backlog 3028b 2p requeues 0
qdisc fq_codel 20: parent 1:10 limit 10240p flows 1024 quantum 1514 target 5ms interval 100ms memory_limit 32Mb ecn drop_batch 64 
 Sent 65431343 bytes 43302 pkt (dropped 0, overlimits 0 requeues 0) 
 backlog 3028b 2p requeues 0
  maxpacket 1514 drop_overlimit 0 new_flow_count 1236 ecn_mark 3722 memory_used 4688
  new_flows_len 0 old_flows_len 1
======================================================================
Timestamp: 2026-03-31 20:14:26
qdisc htb 1: root refcnt 13 r2q 10 default 0x10 direct_packets_stat 0 direct_qlen 1000
 Sent 66310964 bytes 43883 pkt (dropped 0, overlimits 43425 requeues 0) 
 backlog 10598b 7p requeues 0
qdisc fq_codel 20: parent 1:10 limit 10240p flows 1024 quantum 1514 target 5ms interval 100ms memory_limit 32Mb ecn drop_batch 64 
 Sent 66310964 bytes 43883 pkt (dropped 0, overlimits 0 requeues 0) 
 backlog 10598b 7p requeues 0
  maxpacket 1514 drop_overlimit 0 new_flow_count 1255 ecn_mark 3742 memory_used 16408
  new_flows_len 0 old_flows_len 3
======================================================================
Timestamp: 2026-03-31 20:14:27
qdisc htb 1: root refcnt 13 r2q 10 default 0x10 direct_packets_stat 0 direct_qlen 1000
 Sent 67195140 bytes 44467 pkt (dropped 0, overlimits 44009 requeues 0) 
 backlog 10598b 7p requeues 0
qdisc fq_codel 20: parent 1:10 limit 10240p flows 1024 quantum 1514 target 5ms interval 100ms memory_limit 32Mb ecn drop_batch 64 
 Sent 67195140 bytes 44467 pkt (dropped 0, overlimits 0 requeues 0) 
 backlog 10598b 7p requeues 0
  maxpacket 1514 drop_overlimit 0 new_flow_count 1274 ecn_mark 3808 memory_used 16408
  new_flows_len 0 old_flows_len 3
======================================================================
Timestamp: 2026-03-31 20:14:28
qdisc htb 1: root refcnt 13 r2q 10 default 0x10 direct_packets_stat 0 direct_qlen 1000
 Sent 68051751 bytes 45033 pkt (dropped 0, overlimits 44555 requeues 0) 
 backlog 15140b 10p requeues 0
qdisc fq_codel 20: parent 1:10 limit 10240p flows 1024 quantum 1514 target 5ms interval 100ms memory_limit 32Mb ecn drop_batch 64 
 Sent 68051751 bytes 45033 pkt (dropped 0, overlimits 0 requeues 0) 
 backlog 15140b 10p requeues 0
  maxpacket 1514 drop_overlimit 0 new_flow_count 1292 ecn_mark 3838 memory_used 23440
  new_flows_len 0 old_flows_len 3
======================================================================
Timestamp: 2026-03-31 20:14:29
qdisc htb 1: root refcnt 13 r2q 10 default 0x10 direct_packets_stat 0 direct_qlen 1000
 Sent 68913029 bytes 45603 pkt (dropped 0, overlimits 45112 requeues 0) 
 backlog 13626b 9p requeues 0
qdisc fq_codel 20: parent 1:10 limit 10240p flows 1024 quantum 1514 target 5ms interval 100ms memory_limit 32Mb ecn drop_batch 64 
 Sent 68913029 bytes 45603 pkt (dropped 0, overlimits 0 requeues 0) 
 backlog 13626b 9p requeues 0
  maxpacket 1514 drop_overlimit 0 new_flow_count 1320 ecn_mark 3921 memory_used 21096
  new_flows_len 0 old_flows_len 2
======================================================================
Timestamp: 2026-03-31 20:14:30
qdisc htb 1: root refcnt 13 r2q 10 default 0x10 direct_packets_stat 0 direct_qlen 1000
 Sent 69795678 bytes 46186 pkt (dropped 0, overlimits 45695 requeues 0) 
 backlog 13626b 9p requeues 0
qdisc fq_codel 20: parent 1:10 limit 10240p flows 1024 quantum 1514 target 5ms interval 100ms memory_limit 32Mb ecn drop_batch 64 
 Sent 69795678 bytes 46186 pkt (dropped 0, overlimits 0 requeues 0) 
 backlog 13626b 9p requeues 0
  maxpacket 1514 drop_overlimit 0 new_flow_count 1338 ecn_mark 3942 memory_used 21096
  new_flows_len 0 old_flows_len 3
======================================================================
Timestamp: 2026-03-31 20:14:31
qdisc htb 1: root refcnt 13 r2q 10 default 0x10 direct_packets_stat 0 direct_qlen 1000
 Sent 70678340 bytes 46769 pkt (dropped 0, overlimits 46278 requeues 0) 
 backlog 12112b 8p requeues 0
qdisc fq_codel 20: parent 1:10 limit 10240p flows 1024 quantum 1514 target 5ms interval 100ms memory_limit 32Mb ecn drop_batch 64 
 Sent 70678340 bytes 46769 pkt (dropped 0, overlimits 0 requeues 0) 
 backlog 12112b 8p requeues 0
  maxpacket 1514 drop_overlimit 0 new_flow_count 1357 ecn_mark 4077 memory_used 18752
  new_flows_len 0 old_flows_len 2
======================================================================
Timestamp: 2026-03-31 20:14:32
qdisc htb 1: root refcnt 13 r2q 10 default 0x10 direct_packets_stat 0 direct_qlen 1000
 Sent 71551030 bytes 47346 pkt (dropped 0, overlimits 46846 requeues 0) 
 backlog 15140b 10p requeues 0
qdisc fq_codel 20: parent 1:10 limit 10240p flows 1024 quantum 1514 target 5ms interval 100ms memory_limit 32Mb ecn drop_batch 64 
 Sent 71551030 bytes 47346 pkt (dropped 0, overlimits 0 requeues 0) 
 backlog 15140b 10p requeues 0
  maxpacket 1514 drop_overlimit 0 new_flow_count 1381 ecn_mark 4141 memory_used 23440
  new_flows_len 0 old_flows_len 3
======================================================================
Timestamp: 2026-03-31 20:14:33
qdisc htb 1: root refcnt 13 r2q 10 default 0x10 direct_packets_stat 0 direct_qlen 1000
 Sent 72435206 bytes 47930 pkt (dropped 0, overlimits 47430 requeues 0) 
 backlog 13626b 9p requeues 0
qdisc fq_codel 20: parent 1:10 limit 10240p flows 1024 quantum 1514 target 5ms interval 100ms memory_limit 32Mb ecn drop_batch 64 
 Sent 72435206 bytes 47930 pkt (dropped 0, overlimits 0 requeues 0) 
 backlog 13626b 9p requeues 0
  maxpacket 1514 drop_overlimit 0 new_flow_count 1404 ecn_mark 4317 memory_used 21096
  new_flows_len 0 old_flows_len 3
======================================================================
Timestamp: 2026-03-31 20:14:34
qdisc htb 1: root refcnt 13 r2q 10 default 0x10 direct_packets_stat 0 direct_qlen 1000
 Sent 73318936 bytes 48514 pkt (dropped 0, overlimits 48014 requeues 0) 
 backlog 13626b 9p requeues 0
qdisc fq_codel 20: parent 1:10 limit 10240p flows 1024 quantum 1514 target 5ms interval 100ms memory_limit 32Mb ecn drop_batch 64 
 Sent 73318936 bytes 48514 pkt (dropped 0, overlimits 0 requeues 0) 
 backlog 13626b 9p requeues 0
  maxpacket 1514 drop_overlimit 0 new_flow_count 1426 ecn_mark 4344 memory_used 21096
  new_flows_len 0 old_flows_len 3
======================================================================
Timestamp: 2026-03-31 20:14:35
qdisc htb 1: root refcnt 13 r2q 10 default 0x10 direct_packets_stat 0 direct_qlen 1000
 Sent 74200084 bytes 49096 pkt (dropped 0, overlimits 48596 requeues 0) 
 backlog 12112b 8p requeues 0
qdisc fq_codel 20: parent 1:10 limit 10240p flows 1024 quantum 1514 target 5ms interval 100ms memory_limit 32Mb ecn drop_batch 64 
 Sent 74200084 bytes 49096 pkt (dropped 0, overlimits 0 requeues 0) 
 backlog 12112b 8p requeues 0
  maxpacket 1514 drop_overlimit 0 new_flow_count 1443 ecn_mark 4380 memory_used 18752
  new_flows_len 0 old_flows_len 3
======================================================================
Timestamp: 2026-03-31 20:14:36
qdisc htb 1: root refcnt 13 r2q 10 default 0x10 direct_packets_stat 0 direct_qlen 1000
 Sent 75061604 bytes 49666 pkt (dropped 0, overlimits 49153 requeues 0) 
 backlog 10598b 7p requeues 0
qdisc fq_codel 20: parent 1:10 limit 10240p flows 1024 quantum 1514 target 5ms interval 100ms memory_limit 32Mb ecn drop_batch 64 
 Sent 75061604 bytes 49666 pkt (dropped 0, overlimits 0 requeues 0) 
 backlog 10598b 7p requeues 0
  maxpacket 1514 drop_overlimit 0 new_flow_count 1465 ecn_mark 4395 memory_used 16408
  new_flows_len 0 old_flows_len 3
======================================================================
Timestamp: 2026-03-31 20:14:37
qdisc htb 1: root refcnt 13 r2q 10 default 0x10 direct_packets_stat 0 direct_qlen 1000
 Sent 75945780 bytes 50250 pkt (dropped 0, overlimits 49737 requeues 0) 
 backlog 9084b 6p requeues 0
qdisc fq_codel 20: parent 1:10 limit 10240p flows 1024 quantum 1514 target 5ms interval 100ms memory_limit 32Mb ecn drop_batch 64 
 Sent 75945780 bytes 50250 pkt (dropped 0, overlimits 0 requeues 0) 
 backlog 9084b 6p requeues 0
  maxpacket 1514 drop_overlimit 0 new_flow_count 1483 ecn_mark 4455 memory_used 14064
  new_flows_len 0 old_flows_len 3
======================================================================
Timestamp: 2026-03-31 20:14:38
qdisc htb 1: root refcnt 13 r2q 10 default 0x10 direct_packets_stat 0 direct_qlen 1000
 Sent 76817374 bytes 50827 pkt (dropped 0, overlimits 50306 requeues 0) 
 backlog 13626b 9p requeues 0
qdisc fq_codel 20: parent 1:10 limit 10240p flows 1024 quantum 1514 target 5ms interval 100ms memory_limit 32Mb ecn drop_batch 64 
 Sent 76817374 bytes 50827 pkt (dropped 0, overlimits 0 requeues 0) 
 backlog 13626b 9p requeues 0
  maxpacket 1514 drop_overlimit 0 new_flow_count 1505 ecn_mark 4477 memory_used 21096
  new_flows_len 0 old_flows_len 3
======================================================================
Timestamp: 2026-03-31 20:14:39
qdisc htb 1: root refcnt 13 r2q 10 default 0x10 direct_packets_stat 0 direct_qlen 1000
 Sent 77703064 bytes 51412 pkt (dropped 0, overlimits 50891 requeues 0) 
 backlog 15140b 10p requeues 0
qdisc fq_codel 20: parent 1:10 limit 10240p flows 1024 quantum 1514 target 5ms interval 100ms memory_limit 32Mb ecn drop_batch 64 
 Sent 77703064 bytes 51412 pkt (dropped 0, overlimits 0 requeues 0) 
 backlog 15140b 10p requeues 0
  maxpacket 1514 drop_overlimit 0 new_flow_count 1529 ecn_mark 4563 memory_used 23440
  new_flows_len 0 old_flows_len 3
======================================================================
Timestamp: 2026-03-31 20:14:40
qdisc htb 1: root refcnt 13 r2q 10 default 0x10 direct_packets_stat 0 direct_qlen 1000
 Sent 78556581 bytes 51976 pkt (dropped 0, overlimits 51443 requeues 0) 
 backlog 13626b 9p requeues 0
qdisc fq_codel 20: parent 1:10 limit 10240p flows 1024 quantum 1514 target 5ms interval 100ms memory_limit 32Mb ecn drop_batch 64 
 Sent 78556581 bytes 51976 pkt (dropped 0, overlimits 0 requeues 0) 
 backlog 13626b 9p requeues 0
  maxpacket 1514 drop_overlimit 0 new_flow_count 1555 ecn_mark 4588 memory_used 21096
  new_flows_len 0 old_flows_len 3
======================================================================
Timestamp: 2026-03-31 20:14:41
qdisc htb 1: root refcnt 13 r2q 10 default 0x10 direct_packets_stat 0 direct_qlen 1000
 Sent 79442271 bytes 52561 pkt (dropped 0, overlimits 52028 requeues 0) 
 backlog 13626b 9p requeues 0
qdisc fq_codel 20: parent 1:10 limit 10240p flows 1024 quantum 1514 target 5ms interval 100ms memory_limit 32Mb ecn drop_batch 64 
 Sent 79442271 bytes 52561 pkt (dropped 0, overlimits 0 requeues 0) 
 backlog 13626b 9p requeues 0
  maxpacket 1514 drop_overlimit 0 new_flow_count 1580 ecn_mark 4695 memory_used 21096
  new_flows_len 0 old_flows_len 3
======================================================================
Timestamp: 2026-03-31 20:14:43
qdisc htb 1: root refcnt 13 r2q 10 default 0x10 direct_packets_stat 0 direct_qlen 1000
 Sent 80314933 bytes 53138 pkt (dropped 0, overlimits 52599 requeues 0) 
 backlog 16654b 11p requeues 0
qdisc fq_codel 20: parent 1:10 limit 10240p flows 1024 quantum 1514 target 5ms interval 100ms memory_limit 32Mb ecn drop_batch 64 
 Sent 80314933 bytes 53138 pkt (dropped 0, overlimits 0 requeues 0) 
 backlog 16654b 11p requeues 0
  maxpacket 1514 drop_overlimit 0 new_flow_count 1603 ecn_mark 4723 memory_used 25784
  new_flows_len 0 old_flows_len 3
======================================================================
Timestamp: 2026-03-31 20:14:44
qdisc htb 1: root refcnt 13 r2q 10 default 0x10 direct_packets_stat 0 direct_qlen 1000
 Sent 81197595 bytes 53721 pkt (dropped 0, overlimits 53182 requeues 0) 
 backlog 19682b 13p requeues 0
qdisc fq_codel 20: parent 1:10 limit 10240p flows 1024 quantum 1514 target 5ms interval 100ms memory_limit 32Mb ecn drop_batch 64 
 Sent 81197595 bytes 53721 pkt (dropped 0, overlimits 0 requeues 0) 
 backlog 19682b 13p requeues 0
  maxpacket 1514 drop_overlimit 0 new_flow_count 1621 ecn_mark 4867 memory_used 30472
  new_flows_len 0 old_flows_len 3
======================================================================
Timestamp: 2026-03-31 20:14:45
qdisc htb 1: root refcnt 13 r2q 10 default 0x10 direct_packets_stat 0 direct_qlen 1000
 Sent 82063295 bytes 54293 pkt (dropped 0, overlimits 53742 requeues 0) 
 backlog 15140b 10p requeues 0
qdisc fq_codel 20: parent 1:10 limit 10240p flows 1024 quantum 1514 target 5ms interval 100ms memory_limit 32Mb ecn drop_batch 64 
 Sent 82063295 bytes 54293 pkt (dropped 0, overlimits 0 requeues 0) 
 backlog 15140b 10p requeues 0
  maxpacket 1514 drop_overlimit 0 new_flow_count 1645 ecn_mark 4911 memory_used 23440
  new_flows_len 0 old_flows_len 3
======================================================================
Timestamp: 2026-03-31 20:14:46
qdisc htb 1: root refcnt 13 r2q 10 default 0x10 direct_packets_stat 0 direct_qlen 1000
 Sent 82952013 bytes 54880 pkt (dropped 0, overlimits 54329 requeues 0) 
 backlog 16654b 11p requeues 0
qdisc fq_codel 20: parent 1:10 limit 10240p flows 1024 quantum 1514 target 5ms interval 100ms memory_limit 32Mb ecn drop_batch 64 
 Sent 82952013 bytes 54880 pkt (dropped 0, overlimits 0 requeues 0) 
 backlog 16654b 11p requeues 0
  maxpacket 1514 drop_overlimit 0 new_flow_count 1670 ecn_mark 5080 memory_used 25784
  new_flows_len 1 old_flows_len 2
======================================================================
Timestamp: 2026-03-31 20:14:47
qdisc htb 1: root refcnt 13 r2q 10 default 0x10 direct_packets_stat 0 direct_qlen 1000
 Sent 83826373 bytes 55458 pkt (dropped 0, overlimits 54900 requeues 0) 
 backlog 15140b 10p requeues 0
qdisc fq_codel 20: parent 1:10 limit 10240p flows 1024 quantum 1514 target 5ms interval 100ms memory_limit 32Mb ecn drop_batch 64 
 Sent 83826373 bytes 55458 pkt (dropped 0, overlimits 0 requeues 0) 
 backlog 15140b 10p requeues 0
  maxpacket 1514 drop_overlimit 0 new_flow_count 1695 ecn_mark 5123 memory_used 23440
  new_flows_len 0 old_flows_len 3
======================================================================
Timestamp: 2026-03-31 20:14:48
qdisc htb 1: root refcnt 13 r2q 10 default 0x10 direct_packets_stat 0 direct_qlen 1000
 Sent 84712063 bytes 56043 pkt (dropped 0, overlimits 55485 requeues 0) 
 backlog 10598b 7p requeues 0
qdisc fq_codel 20: parent 1:10 limit 10240p flows 1024 quantum 1514 target 5ms interval 100ms memory_limit 32Mb ecn drop_batch 64 
 Sent 84712063 bytes 56043 pkt (dropped 0, overlimits 0 requeues 0) 
 backlog 10598b 7p requeues 0
  maxpacket 1514 drop_overlimit 0 new_flow_count 1710 ecn_mark 5300 memory_used 16408
  new_flows_len 0 old_flows_len 2
======================================================================
Timestamp: 2026-03-31 20:14:49
qdisc htb 1: root refcnt 13 r2q 10 default 0x10 direct_packets_stat 0 direct_qlen 1000
 Sent 85527510 bytes 56582 pkt (dropped 0, overlimits 55998 requeues 0) 
 backlog 16654b 11p requeues 0
qdisc fq_codel 20: parent 1:10 limit 10240p flows 1024 quantum 1514 target 5ms interval 100ms memory_limit 32Mb ecn drop_batch 64 
 Sent 85527510 bytes 56582 pkt (dropped 0, overlimits 0 requeues 0) 
 backlog 16654b 11p requeues 0
  maxpacket 1514 drop_overlimit 0 new_flow_count 1734 ecn_mark 5373 memory_used 25784
  new_flows_len 0 old_flows_len 3
======================================================================
Timestamp: 2026-03-31 20:14:50
qdisc htb 1: root refcnt 13 r2q 10 default 0x10 direct_packets_stat 0 direct_qlen 1000
 Sent 86410172 bytes 57165 pkt (dropped 0, overlimits 56581 requeues 0) 
 backlog 13626b 9p requeues 0
qdisc fq_codel 20: parent 1:10 limit 10240p flows 1024 quantum 1514 target 5ms interval 100ms memory_limit 32Mb ecn drop_batch 64 
 Sent 86410172 bytes 57165 pkt (dropped 0, overlimits 0 requeues 0) 
 backlog 13626b 9p requeues 0
  maxpacket 1514 drop_overlimit 0 new_flow_count 1759 ecn_mark 5482 memory_used 21096
  new_flows_len 0 old_flows_len 3
======================================================================
Timestamp: 2026-03-31 20:14:51
qdisc htb 1: root refcnt 13 r2q 10 default 0x10 direct_packets_stat 0 direct_qlen 1000
 Sent 87283611 bytes 57742 pkt (dropped 0, overlimits 57149 requeues 0) 
 backlog 10598b 7p requeues 0
qdisc fq_codel 20: parent 1:10 limit 10240p flows 1024 quantum 1514 target 5ms interval 100ms memory_limit 32Mb ecn drop_batch 64 
 Sent 87283611 bytes 57742 pkt (dropped 0, overlimits 0 requeues 0) 
 backlog 10598b 7p requeues 0
  maxpacket 1514 drop_overlimit 0 new_flow_count 1784 ecn_mark 5552 memory_used 16408
  new_flows_len 0 old_flows_len 2
======================================================================
Timestamp: 2026-03-31 20:14:52
qdisc htb 1: root refcnt 13 r2q 10 default 0x10 direct_packets_stat 0 direct_qlen 1000
 Sent 88167787 bytes 58326 pkt (dropped 0, overlimits 57733 requeues 0) 
 backlog 16654b 11p requeues 0
qdisc fq_codel 20: parent 1:10 limit 10240p flows 1024 quantum 1514 target 5ms interval 100ms memory_limit 32Mb ecn drop_batch 64 
 Sent 88167787 bytes 58326 pkt (dropped 0, overlimits 0 requeues 0) 
 backlog 16654b 11p requeues 0
  maxpacket 1514 drop_overlimit 0 new_flow_count 1805 ecn_mark 5694 memory_used 25784
  new_flows_len 0 old_flows_len 3
======================================================================
Timestamp: 2026-03-31 20:14:53
qdisc htb 1: root refcnt 13 r2q 10 default 0x10 direct_packets_stat 0 direct_qlen 1000
 Sent 89042000 bytes 58904 pkt (dropped 0, overlimits 58303 requeues 0) 
 backlog 16654b 11p requeues 0
qdisc fq_codel 20: parent 1:10 limit 10240p flows 1024 quantum 1514 target 5ms interval 100ms memory_limit 32Mb ecn drop_batch 64 
 Sent 89042000 bytes 58904 pkt (dropped 0, overlimits 0 requeues 0) 
 backlog 16654b 11p requeues 0
  maxpacket 1514 drop_overlimit 0 new_flow_count 1830 ecn_mark 5727 memory_used 25784
  new_flows_len 0 old_flows_len 3
======================================================================
Timestamp: 2026-03-31 20:14:54
qdisc htb 1: root refcnt 13 r2q 10 default 0x10 direct_packets_stat 0 direct_qlen 1000
 Sent 89923214 bytes 59487 pkt (dropped 0, overlimits 58886 requeues 0) 
 backlog 15140b 10p requeues 0
qdisc fq_codel 20: parent 1:10 limit 10240p flows 1024 quantum 1514 target 5ms interval 100ms memory_limit 32Mb ecn drop_batch 64 
 Sent 89923214 bytes 59487 pkt (dropped 0, overlimits 0 requeues 0) 
 backlog 15140b 10p requeues 0
  maxpacket 1514 drop_overlimit 0 new_flow_count 1858 ecn_mark 5788 memory_used 23440
  new_flows_len 0 old_flows_len 3
======================================================================
Timestamp: 2026-03-31 20:14:55
qdisc htb 1: root refcnt 13 r2q 10 default 0x10 direct_packets_stat 0 direct_qlen 1000
 Sent 90792776 bytes 60062 pkt (dropped 0, overlimits 59446 requeues 0) 
 backlog 16654b 11p requeues 0
qdisc fq_codel 20: parent 1:10 limit 10240p flows 1024 quantum 1514 target 5ms interval 100ms memory_limit 32Mb ecn drop_batch 64 
 Sent 90792776 bytes 60062 pkt (dropped 0, overlimits 0 requeues 0) 
 backlog 16654b 11p requeues 0
  maxpacket 1514 drop_overlimit 0 new_flow_count 1883 ecn_mark 5812 memory_used 25784
  new_flows_len 0 old_flows_len 3
======================================================================
Timestamp: 2026-03-31 20:14:56
qdisc htb 1: root refcnt 13 r2q 10 default 0x10 direct_packets_stat 0 direct_qlen 1000
 Sent 91678466 bytes 60647 pkt (dropped 0, overlimits 60031 requeues 0) 
 backlog 9084b 6p requeues 0
qdisc fq_codel 20: parent 1:10 limit 10240p flows 1024 quantum 1514 target 5ms interval 100ms memory_limit 32Mb ecn drop_batch 64 
 Sent 91678466 bytes 60647 pkt (dropped 0, overlimits 0 requeues 0) 
 backlog 9084b 6p requeues 0
  maxpacket 1514 drop_overlimit 0 new_flow_count 1902 ecn_mark 5931 memory_used 14064
  new_flows_len 0 old_flows_len 3
======================================================================
Timestamp: 2026-03-31 20:14:57
qdisc htb 1: root refcnt 13 r2q 10 default 0x10 direct_packets_stat 0 direct_qlen 1000
 Sent 92520577 bytes 61204 pkt (dropped 0, overlimits 60560 requeues 0) 
 backlog 21196b 14p requeues 0
qdisc fq_codel 20: parent 1:10 limit 10240p flows 1024 quantum 1514 target 5ms interval 100ms memory_limit 32Mb ecn drop_batch 64 
 Sent 92520577 bytes 61204 pkt (dropped 0, overlimits 0 requeues 0) 
 backlog 21196b 14p requeues 0
  maxpacket 1514 drop_overlimit 0 new_flow_count 1925 ecn_mark 5969 memory_used 32816
  new_flows_len 0 old_flows_len 3
======================================================================
Timestamp: 2026-03-31 20:14:58
qdisc htb 1: root refcnt 13 r2q 10 default 0x10 direct_packets_stat 0 direct_qlen 1000
 Sent 93403281 bytes 61788 pkt (dropped 0, overlimits 61144 requeues 0) 
 backlog 13626b 9p requeues 0
qdisc fq_codel 20: parent 1:10 limit 10240p flows 1024 quantum 1514 target 5ms interval 100ms memory_limit 32Mb ecn drop_batch 64 
 Sent 93403281 bytes 61788 pkt (dropped 0, overlimits 0 requeues 0) 
 backlog 13626b 9p requeues 0
  maxpacket 1514 drop_overlimit 0 new_flow_count 1951 ecn_mark 6120 memory_used 21096
  new_flows_len 0 old_flows_len 3
======================================================================
Timestamp: 2026-03-31 20:14:59
qdisc htb 1: root refcnt 13 r2q 10 default 0x10 direct_packets_stat 0 direct_qlen 1000
 Sent 94277475 bytes 62367 pkt (dropped 0, overlimits 61721 requeues 0) 
 backlog 9084b 6p requeues 0
qdisc fq_codel 20: parent 1:10 limit 10240p flows 1024 quantum 1514 target 5ms interval 100ms memory_limit 32Mb ecn drop_batch 64 
 Sent 94277475 bytes 62367 pkt (dropped 0, overlimits 0 requeues 0) 
 backlog 9084b 6p requeues 0
  maxpacket 1514 drop_overlimit 0 new_flow_count 1979 ecn_mark 6236 memory_used 14064
  new_flows_len 0 old_flows_len 3
======================================================================
Timestamp: 2026-03-31 20:15:00
qdisc htb 1: root refcnt 13 r2q 10 default 0x10 direct_packets_stat 0 direct_qlen 1000
 Sent 95158462 bytes 62949 pkt (dropped 0, overlimits 62302 requeues 0) 
 backlog 9084b 6p requeues 0
qdisc fq_codel 20: parent 1:10 limit 10240p flows 1024 quantum 1514 target 5ms interval 100ms memory_limit 32Mb ecn drop_batch 64 
 Sent 95158462 bytes 62949 pkt (dropped 0, overlimits 0 requeues 0) 
 backlog 9084b 6p requeues 0
  maxpacket 1514 drop_overlimit 0 new_flow_count 2004 ecn_mark 6313 memory_used 14064
  new_flows_len 1 old_flows_len 2
======================================================================
Timestamp: 2026-03-31 20:15:01
qdisc htb 1: root refcnt 13 r2q 10 default 0x10 direct_packets_stat 0 direct_qlen 1000
 Sent 96041111 bytes 63532 pkt (dropped 0, overlimits 62885 requeues 0) 
 backlog 7570b 5p requeues 0
qdisc fq_codel 20: parent 1:10 limit 10240p flows 1024 quantum 1514 target 5ms interval 100ms memory_limit 32Mb ecn drop_batch 64 
 Sent 96041111 bytes 63532 pkt (dropped 0, overlimits 0 requeues 0) 
 backlog 7570b 5p requeues 0
  maxpacket 1514 drop_overlimit 0 new_flow_count 2043 ecn_mark 6391 memory_used 11720
  new_flows_len 0 old_flows_len 3
======================================================================
Timestamp: 2026-03-31 20:15:02
qdisc htb 1: root refcnt 13 r2q 10 default 0x10 direct_packets_stat 0 direct_qlen 1000
 Sent 96924364 bytes 64117 pkt (dropped 0, overlimits 63469 requeues 0) 
 backlog 13626b 9p requeues 0
qdisc fq_codel 20: parent 1:10 limit 10240p flows 1024 quantum 1514 target 5ms interval 100ms memory_limit 32Mb ecn drop_batch 64 
 Sent 96924364 bytes 64117 pkt (dropped 0, overlimits 0 requeues 0) 
 backlog 13626b 9p requeues 0
  maxpacket 1514 drop_overlimit 0 new_flow_count 2061 ecn_mark 6434 memory_used 21096
  new_flows_len 0 old_flows_len 3
======================================================================
Timestamp: 2026-03-31 20:15:03
qdisc htb 1: root refcnt 13 r2q 10 default 0x10 direct_packets_stat 0 direct_qlen 1000
 Sent 97796537 bytes 64694 pkt (dropped 0, overlimits 64032 requeues 0) 
 backlog 19682b 13p requeues 0
qdisc fq_codel 20: parent 1:10 limit 10240p flows 1024 quantum 1514 target 5ms interval 100ms memory_limit 32Mb ecn drop_batch 64 
 Sent 97796537 bytes 64694 pkt (dropped 0, overlimits 0 requeues 0) 
 backlog 19682b 13p requeues 0
  maxpacket 1514 drop_overlimit 0 new_flow_count 2089 ecn_mark 6445 memory_used 30472
  new_flows_len 0 old_flows_len 3
======================================================================
Timestamp: 2026-03-31 20:15:04
qdisc htb 1: root refcnt 13 r2q 10 default 0x10 direct_packets_stat 0 direct_qlen 1000
 Sent 98683741 bytes 65280 pkt (dropped 0, overlimits 64618 requeues 0) 
 backlog 10598b 7p requeues 0
qdisc fq_codel 20: parent 1:10 limit 10240p flows 1024 quantum 1514 target 5ms interval 100ms memory_limit 32Mb ecn drop_batch 64 
 Sent 98683741 bytes 65280 pkt (dropped 0, overlimits 0 requeues 0) 
 backlog 10598b 7p requeues 0
  maxpacket 1514 drop_overlimit 0 new_flow_count 2112 ecn_mark 6496 memory_used 16408
  new_flows_len 0 old_flows_len 3
======================================================================
Timestamp: 2026-03-31 20:15:05
qdisc htb 1: root refcnt 13 r2q 10 default 0x10 direct_packets_stat 0 direct_qlen 1000
 Sent 99532971 bytes 65841 pkt (dropped 0, overlimits 65159 requeues 0) 
 backlog 22710b 15p requeues 0
qdisc fq_codel 20: parent 1:10 limit 10240p flows 1024 quantum 1514 target 5ms interval 100ms memory_limit 32Mb ecn drop_batch 64 
 Sent 99532971 bytes 65841 pkt (dropped 0, overlimits 0 requeues 0) 
 backlog 22710b 15p requeues 0
  maxpacket 1514 drop_overlimit 0 new_flow_count 2140 ecn_mark 6509 memory_used 35160
  new_flows_len 1 old_flows_len 2
======================================================================
Timestamp: 2026-03-31 20:15:06
qdisc htb 1: root refcnt 13 r2q 10 default 0x10 direct_packets_stat 0 direct_qlen 1000
 Sent 100417147 bytes 66425 pkt (dropped 0, overlimits 65743 requeues 0) 
 backlog 4542b 3p requeues 0
qdisc fq_codel 20: parent 1:10 limit 10240p flows 1024 quantum 1514 target 5ms interval 100ms memory_limit 32Mb ecn drop_batch 64 
 Sent 100417147 bytes 66425 pkt (dropped 0, overlimits 0 requeues 0) 
 backlog 4542b 3p requeues 0
  maxpacket 1514 drop_overlimit 0 new_flow_count 2156 ecn_mark 6606 memory_used 7032
  new_flows_len 0 old_flows_len 2
======================================================================
Timestamp: 2026-03-31 20:15:07
qdisc htb 1: root refcnt 13 r2q 10 default 0x10 direct_packets_stat 0 direct_qlen 1000
 Sent 101279615 bytes 66996 pkt (dropped 0, overlimits 66301 requeues 0) 
 backlog 12112b 8p requeues 0
qdisc fq_codel 20: parent 1:10 limit 10240p flows 1024 quantum 1514 target 5ms interval 100ms memory_limit 32Mb ecn drop_batch 64 
 Sent 101279615 bytes 66996 pkt (dropped 0, overlimits 0 requeues 0) 
 backlog 12112b 8p requeues 0
  maxpacket 1514 drop_overlimit 0 new_flow_count 2183 ecn_mark 6620 memory_used 18752
  new_flows_len 0 old_flows_len 3
======================================================================
Timestamp: 2026-03-31 20:15:08
qdisc htb 1: root refcnt 13 r2q 10 default 0x10 direct_packets_stat 0 direct_qlen 1000
 Sent 102163791 bytes 67580 pkt (dropped 0, overlimits 66885 requeues 0) 
 backlog 12112b 8p requeues 0
qdisc fq_codel 20: parent 1:10 limit 10240p flows 1024 quantum 1514 target 5ms interval 100ms memory_limit 32Mb ecn drop_batch 64 
 Sent 102163791 bytes 67580 pkt (dropped 0, overlimits 0 requeues 0) 
 backlog 12112b 8p requeues 0
  maxpacket 1514 drop_overlimit 0 new_flow_count 2202 ecn_mark 6665 memory_used 18752
  new_flows_len 0 old_flows_len 3
======================================================================
Timestamp: 2026-03-31 20:15:09
qdisc htb 1: root refcnt 13 r2q 10 default 0x10 direct_packets_stat 0 direct_qlen 1000
 Sent 102998396 bytes 68133 pkt (dropped 0, overlimits 67418 requeues 0) 
 backlog 9084b 6p requeues 0
qdisc fq_codel 20: parent 1:10 limit 10240p flows 1024 quantum 1514 target 5ms interval 100ms memory_limit 32Mb ecn drop_batch 64 
 Sent 102998396 bytes 68133 pkt (dropped 0, overlimits 0 requeues 0) 
 backlog 9084b 6p requeues 0
  maxpacket 1514 drop_overlimit 0 new_flow_count 2227 ecn_mark 6697 memory_used 14064
  new_flows_len 0 old_flows_len 3
======================================================================
Timestamp: 2026-03-31 20:15:10
qdisc htb 1: root refcnt 13 r2q 10 default 0x10 direct_packets_stat 0 direct_qlen 1000
 Sent 103884086 bytes 68718 pkt (dropped 0, overlimits 68003 requeues 0) 
 backlog 13626b 9p requeues 0
qdisc fq_codel 20: parent 1:10 limit 10240p flows 1024 quantum 1514 target 5ms interval 100ms memory_limit 32Mb ecn drop_batch 64 
 Sent 103884086 bytes 68718 pkt (dropped 0, overlimits 0 requeues 0) 
 backlog 13626b 9p requeues 0
  maxpacket 1514 drop_overlimit 0 new_flow_count 2246 ecn_mark 6749 memory_used 21096
  new_flows_len 0 old_flows_len 3
======================================================================
Timestamp: 2026-03-31 20:15:11
qdisc htb 1: root refcnt 13 r2q 10 default 0x10 direct_packets_stat 0 direct_qlen 1000
 Sent 104763135 bytes 69299 pkt (dropped 0, overlimits 68579 requeues 0) 
 backlog 16654b 11p requeues 0
qdisc fq_codel 20: parent 1:10 limit 10240p flows 1024 quantum 1514 target 5ms interval 100ms memory_limit 32Mb ecn drop_batch 64 
 Sent 104763135 bytes 69299 pkt (dropped 0, overlimits 0 requeues 0) 
 backlog 16654b 11p requeues 0
  maxpacket 1514 drop_overlimit 0 new_flow_count 2272 ecn_mark 6769 memory_used 25784
  new_flows_len 0 old_flows_len 3
======================================================================
Timestamp: 2026-03-31 20:15:12
qdisc htb 1: root refcnt 13 r2q 10 default 0x10 direct_packets_stat 0 direct_qlen 1000
 Sent 105647311 bytes 69883 pkt (dropped 0, overlimits 69163 requeues 0) 
 backlog 12112b 8p requeues 0
qdisc fq_codel 20: parent 1:10 limit 10240p flows 1024 quantum 1514 target 5ms interval 100ms memory_limit 32Mb ecn drop_batch 64 
 Sent 105647311 bytes 69883 pkt (dropped 0, overlimits 0 requeues 0) 
 backlog 12112b 8p requeues 0
  maxpacket 1514 drop_overlimit 0 new_flow_count 2295 ecn_mark 6807 memory_used 18752
  new_flows_len 0 old_flows_len 3
======================================================================
Timestamp: 2026-03-31 20:15:13
qdisc htb 1: root refcnt 13 r2q 10 default 0x10 direct_packets_stat 0 direct_qlen 1000
 Sent 106512363 bytes 70455 pkt (dropped 0, overlimits 69728 requeues 0) 
 backlog 12112b 8p requeues 0
qdisc fq_codel 20: parent 1:10 limit 10240p flows 1024 quantum 1514 target 5ms interval 100ms memory_limit 32Mb ecn drop_batch 64 
 Sent 106512363 bytes 70455 pkt (dropped 0, overlimits 0 requeues 0) 
 backlog 12112b 8p requeues 0
  maxpacket 1514 drop_overlimit 0 new_flow_count 2322 ecn_mark 6823 memory_used 18752
  new_flows_len 0 old_flows_len 3
======================================================================
Timestamp: 2026-03-31 20:15:14
qdisc htb 1: root refcnt 13 r2q 10 default 0x10 direct_packets_stat 0 direct_qlen 1000
 Sent 107393511 bytes 71037 pkt (dropped 0, overlimits 70310 requeues 0) 
 backlog 12112b 8p requeues 0
qdisc fq_codel 20: parent 1:10 limit 10240p flows 1024 quantum 1514 target 5ms interval 100ms memory_limit 32Mb ecn drop_batch 64 
 Sent 107393511 bytes 71037 pkt (dropped 0, overlimits 0 requeues 0) 
 backlog 12112b 8p requeues 0
  maxpacket 1514 drop_overlimit 0 new_flow_count 2339 ecn_mark 6896 memory_used 18752
  new_flows_len 0 old_flows_len 3
======================================================================
Timestamp: 2026-03-31 20:15:15
qdisc htb 1: root refcnt 13 r2q 10 default 0x10 direct_packets_stat 0 direct_qlen 1000
 Sent 108259990 bytes 71610 pkt (dropped 0, overlimits 70869 requeues 0) 
 backlog 9084b 6p requeues 0
qdisc fq_codel 20: parent 1:10 limit 10240p flows 1024 quantum 1514 target 5ms interval 100ms memory_limit 32Mb ecn drop_batch 64 
 Sent 108259990 bytes 71610 pkt (dropped 0, overlimits 0 requeues 0) 
 backlog 9084b 6p requeues 0
  maxpacket 1514 drop_overlimit 0 new_flow_count 2359 ecn_mark 6950 memory_used 14064
  new_flows_len 0 old_flows_len 2
======================================================================
Timestamp: 2026-03-31 20:15:16
qdisc htb 1: root refcnt 13 r2q 10 default 0x10 direct_packets_stat 0 direct_qlen 1000
 Sent 109142612 bytes 72193 pkt (dropped 0, overlimits 71452 requeues 0) 
 backlog 4542b 3p requeues 0
qdisc fq_codel 20: parent 1:10 limit 10240p flows 1024 quantum 1514 target 5ms interval 100ms memory_limit 32Mb ecn drop_batch 64 
 Sent 109142612 bytes 72193 pkt (dropped 0, overlimits 0 requeues 0) 
 backlog 4542b 3p requeues 0
  maxpacket 1514 drop_overlimit 0 new_flow_count 2380 ecn_mark 7034 memory_used 7032
  new_flows_len 0 old_flows_len 2
======================================================================
Timestamp: 2026-03-31 20:15:17
qdisc htb 1: root refcnt 13 r2q 10 default 0x10 direct_packets_stat 0 direct_qlen 1000
 Sent 110004131 bytes 72763 pkt (dropped 0, overlimits 72012 requeues 0) 
 backlog 15140b 10p requeues 0
qdisc fq_codel 20: parent 1:10 limit 10240p flows 1024 quantum 1514 target 5ms interval 100ms memory_limit 32Mb ecn drop_batch 64 
 Sent 110004131 bytes 72763 pkt (dropped 0, overlimits 0 requeues 0) 
 backlog 15140b 10p requeues 0
  maxpacket 1514 drop_overlimit 0 new_flow_count 2402 ecn_mark 7037 memory_used 23440
  new_flows_len 0 old_flows_len 2
======================================================================
Timestamp: 2026-03-31 20:15:18
qdisc htb 1: root refcnt 13 r2q 10 default 0x10 direct_packets_stat 0 direct_qlen 1000
 Sent 110888307 bytes 73347 pkt (dropped 0, overlimits 72596 requeues 0) 
 backlog 8420b 6p requeues 0
qdisc fq_codel 20: parent 1:10 limit 10240p flows 1024 quantum 1514 target 5ms interval 100ms memory_limit 32Mb ecn drop_batch 64 
 Sent 110888307 bytes 73347 pkt (dropped 0, overlimits 0 requeues 0) 
 backlog 8420b 6p requeues 0
  maxpacket 1514 drop_overlimit 0 new_flow_count 2419 ecn_mark 7141 memory_used 13400
  new_flows_len 0 old_flows_len 3
======================================================================
Timestamp: 2026-03-31 20:15:19
qdisc htb 1: root refcnt 13 r2q 10 default 0x10 direct_packets_stat 0 direct_qlen 1000
 Sent 111732455 bytes 73905 pkt (dropped 0, overlimits 73130 requeues 0) 
 backlog 10598b 7p requeues 0
qdisc fq_codel 20: parent 1:10 limit 10240p flows 1024 quantum 1514 target 5ms interval 100ms memory_limit 32Mb ecn drop_batch 64 
 Sent 111732455 bytes 73905 pkt (dropped 0, overlimits 0 requeues 0) 
 backlog 10598b 7p requeues 0
  maxpacket 1514 drop_overlimit 0 new_flow_count 2437 ecn_mark 7145 memory_used 16408
  new_flows_len 0 old_flows_len 2
======================================================================
Timestamp: 2026-03-31 20:15:20
qdisc htb 1: root refcnt 13 r2q 10 default 0x10 direct_packets_stat 0 direct_qlen 1000
 Sent 112616618 bytes 74489 pkt (dropped 0, overlimits 73714 requeues 0) 
 backlog 9084b 6p requeues 0
qdisc fq_codel 20: parent 1:10 limit 10240p flows 1024 quantum 1514 target 5ms interval 100ms memory_limit 32Mb ecn drop_batch 64 
 Sent 112616618 bytes 74489 pkt (dropped 0, overlimits 0 requeues 0) 
 backlog 9084b 6p requeues 0
  maxpacket 1514 drop_overlimit 0 new_flow_count 2451 ecn_mark 7256 memory_used 14064
  new_flows_len 0 old_flows_len 2
======================================================================
Timestamp: 2026-03-31 20:15:21
qdisc htb 1: root refcnt 13 r2q 10 default 0x10 direct_packets_stat 0 direct_qlen 1000
 Sent 113465200 bytes 75050 pkt (dropped 0, overlimits 74252 requeues 0) 
 backlog 6056b 4p requeues 0
qdisc fq_codel 20: parent 1:10 limit 10240p flows 1024 quantum 1514 target 5ms interval 100ms memory_limit 32Mb ecn drop_batch 64 
 Sent 113465200 bytes 75050 pkt (dropped 0, overlimits 0 requeues 0) 
 backlog 6056b 4p requeues 0
  maxpacket 1514 drop_overlimit 0 new_flow_count 2471 ecn_mark 7321 memory_used 9376
  new_flows_len 0 old_flows_len 2
======================================================================
Timestamp: 2026-03-31 20:15:22
qdisc htb 1: root refcnt 13 r2q 10 default 0x10 direct_packets_stat 0 direct_qlen 1000
 Sent 114349363 bytes 75634 pkt (dropped 0, overlimits 74836 requeues 0) 
 backlog 10598b 7p requeues 0
qdisc fq_codel 20: parent 1:10 limit 10240p flows 1024 quantum 1514 target 5ms interval 100ms memory_limit 32Mb ecn drop_batch 64 
 Sent 114349363 bytes 75634 pkt (dropped 0, overlimits 0 requeues 0) 
 backlog 10598b 7p requeues 0
  maxpacket 1514 drop_overlimit 0 new_flow_count 2488 ecn_mark 7456 memory_used 16408
  new_flows_len 0 old_flows_len 2
======================================================================
Timestamp: 2026-03-31 20:15:23
qdisc htb 1: root refcnt 13 r2q 10 default 0x10 direct_packets_stat 0 direct_qlen 1000
 Sent 115203531 bytes 76199 pkt (dropped 0, overlimits 75382 requeues 0) 
 backlog 6056b 4p requeues 0
qdisc fq_codel 20: parent 1:10 limit 10240p flows 1024 quantum 1514 target 5ms interval 100ms memory_limit 32Mb ecn drop_batch 64 
 Sent 115203531 bytes 76199 pkt (dropped 0, overlimits 0 requeues 0) 
 backlog 6056b 4p requeues 0
  maxpacket 1514 drop_overlimit 0 new_flow_count 2510 ecn_mark 7536 memory_used 9376
  new_flows_len 0 old_flows_len 2
======================================================================
Timestamp: 2026-03-31 20:15:24
qdisc htb 1: root refcnt 13 r2q 10 default 0x10 direct_packets_stat 0 direct_qlen 1000
 Sent 116089208 bytes 76784 pkt (dropped 0, overlimits 75967 requeues 0) 
 backlog 10598b 7p requeues 0
qdisc fq_codel 20: parent 1:10 limit 10240p flows 1024 quantum 1514 target 5ms interval 100ms memory_limit 32Mb ecn drop_batch 64 
 Sent 116089208 bytes 76784 pkt (dropped 0, overlimits 0 requeues 0) 
 backlog 10598b 7p requeues 0
  maxpacket 1514 drop_overlimit 0 new_flow_count 2529 ecn_mark 7613 memory_used 16408
  new_flows_len 0 old_flows_len 3
======================================================================
Timestamp: 2026-03-31 20:15:25
qdisc htb 1: root refcnt 13 r2q 10 default 0x10 direct_packets_stat 0 direct_qlen 1000
 Sent 116928633 bytes 77339 pkt (dropped 0, overlimits 76508 requeues 0) 
 backlog 12112b 8p requeues 0
qdisc fq_codel 20: parent 1:10 limit 10240p flows 1024 quantum 1514 target 5ms interval 100ms memory_limit 32Mb ecn drop_batch 64 
 Sent 116928633 bytes 77339 pkt (dropped 0, overlimits 0 requeues 0) 
 backlog 12112b 8p requeues 0
  maxpacket 1514 drop_overlimit 0 new_flow_count 2549 ecn_mark 7653 memory_used 18752
  new_flows_len 0 old_flows_len 2
======================================================================
Timestamp: 2026-03-31 20:15:26
qdisc htb 1: root refcnt 13 r2q 10 default 0x10 direct_packets_stat 0 direct_qlen 1000
 Sent 117814310 bytes 77924 pkt (dropped 0, overlimits 77093 requeues 0) 
 backlog 18168b 12p requeues 0
qdisc fq_codel 20: parent 1:10 limit 10240p flows 1024 quantum 1514 target 5ms interval 100ms memory_limit 32Mb ecn drop_batch 64 
 Sent 117814310 bytes 77924 pkt (dropped 0, overlimits 0 requeues 0) 
 backlog 18168b 12p requeues 0
  maxpacket 1514 drop_overlimit 0 new_flow_count 2567 ecn_mark 7681 memory_used 28128
  new_flows_len 0 old_flows_len 3
======================================================================
Timestamp: 2026-03-31 20:15:27
qdisc htb 1: root refcnt 13 r2q 10 default 0x10 direct_packets_stat 0 direct_qlen 1000
 Sent 118689886 bytes 78504 pkt (dropped 0, overlimits 77664 requeues 0) 
 backlog 4542b 3p requeues 0
qdisc fq_codel 20: parent 1:10 limit 10240p flows 1024 quantum 1514 target 5ms interval 100ms memory_limit 32Mb ecn drop_batch 64 
 Sent 118689886 bytes 78504 pkt (dropped 0, overlimits 0 requeues 0) 
 backlog 4542b 3p requeues 0
  maxpacket 1514 drop_overlimit 0 new_flow_count 2586 ecn_mark 7707 memory_used 7032
  new_flows_len 0 old_flows_len 2
======================================================================
Timestamp: 2026-03-31 20:15:28
qdisc htb 1: root refcnt 13 r2q 10 default 0x10 direct_packets_stat 0 direct_qlen 1000
 Sent 119574049 bytes 79088 pkt (dropped 0, overlimits 78248 requeues 0) 
 backlog 10598b 7p requeues 0
qdisc fq_codel 20: parent 1:10 limit 10240p flows 1024 quantum 1514 target 5ms interval 100ms memory_limit 32Mb ecn drop_batch 64 
 Sent 119574049 bytes 79088 pkt (dropped 0, overlimits 0 requeues 0) 
 backlog 10598b 7p requeues 0
  maxpacket 1514 drop_overlimit 0 new_flow_count 2605 ecn_mark 7755 memory_used 16408
  new_flows_len 0 old_flows_len 2
======================================================================
Timestamp: 2026-03-31 20:15:29
qdisc htb 1: root refcnt 13 r2q 10 default 0x10 direct_packets_stat 0 direct_qlen 1000
 Sent 120436294 bytes 79658 pkt (dropped 0, overlimits 78813 requeues 0) 
 backlog 10598b 7p requeues 0
qdisc fq_codel 20: parent 1:10 limit 10240p flows 1024 quantum 1514 target 5ms interval 100ms memory_limit 32Mb ecn drop_batch 64 
 Sent 120436294 bytes 79658 pkt (dropped 0, overlimits 0 requeues 0) 
 backlog 10598b 7p requeues 0
  maxpacket 1514 drop_overlimit 0 new_flow_count 2628 ecn_mark 7807 memory_used 16408
  new_flows_len 0 old_flows_len 2
======================================================================
Timestamp: 2026-03-31 20:15:30
qdisc htb 1: root refcnt 13 r2q 10 default 0x10 direct_packets_stat 0 direct_qlen 1000
 Sent 121321971 bytes 80243 pkt (dropped 0, overlimits 79398 requeues 0) 
 backlog 10598b 7p requeues 0
qdisc fq_codel 20: parent 1:10 limit 10240p flows 1024 quantum 1514 target 5ms interval 100ms memory_limit 32Mb ecn drop_batch 64 
 Sent 121321971 bytes 80243 pkt (dropped 0, overlimits 0 requeues 0) 
 backlog 10598b 7p requeues 0
  maxpacket 1514 drop_overlimit 0 new_flow_count 2649 ecn_mark 7897 memory_used 16408
  new_flows_len 0 old_flows_len 2
======================================================================
Timestamp: 2026-03-31 20:15:31
qdisc htb 1: root refcnt 13 r2q 10 default 0x10 direct_packets_stat 0 direct_qlen 1000
 Sent 122203913 bytes 80827 pkt (dropped 0, overlimits 79981 requeues 0) 
 backlog 10598b 7p requeues 0
qdisc fq_codel 20: parent 1:10 limit 10240p flows 1024 quantum 1514 target 5ms interval 100ms memory_limit 32Mb ecn drop_batch 64 
 Sent 122203913 bytes 80827 pkt (dropped 0, overlimits 0 requeues 0) 
 backlog 10598b 7p requeues 0
  maxpacket 1514 drop_overlimit 0 new_flow_count 2669 ecn_mark 7909 memory_used 16408
  new_flows_len 0 old_flows_len 2
======================================================================
Timestamp: 2026-03-31 20:15:32
qdisc htb 1: root refcnt 13 r2q 10 default 0x10 direct_packets_stat 0 direct_qlen 1000
 Sent 123086562 bytes 81410 pkt (dropped 0, overlimits 80564 requeues 0) 
 backlog 13626b 9p requeues 0
qdisc fq_codel 20: parent 1:10 limit 10240p flows 1024 quantum 1514 target 5ms interval 100ms memory_limit 32Mb ecn drop_batch 64 
 Sent 123086562 bytes 81410 pkt (dropped 0, overlimits 0 requeues 0) 
 backlog 13626b 9p requeues 0
  maxpacket 1514 drop_overlimit 0 new_flow_count 2686 ecn_mark 8006 memory_used 21096
  new_flows_len 0 old_flows_len 3
======================================================================
Timestamp: 2026-03-31 20:15:33
qdisc htb 1: root refcnt 13 r2q 10 default 0x10 direct_packets_stat 0 direct_qlen 1000
 Sent 123926667 bytes 81965 pkt (dropped 0, overlimits 81095 requeues 0) 
 backlog 12112b 8p requeues 0
qdisc fq_codel 20: parent 1:10 limit 10240p flows 1024 quantum 1514 target 5ms interval 100ms memory_limit 32Mb ecn drop_batch 64 
 Sent 123926667 bytes 81965 pkt (dropped 0, overlimits 0 requeues 0) 
 backlog 12112b 8p requeues 0
  maxpacket 1514 drop_overlimit 0 new_flow_count 2709 ecn_mark 8075 memory_used 18752
  new_flows_len 0 old_flows_len 2
======================================================================
Timestamp: 2026-03-31 20:15:34
qdisc htb 1: root refcnt 13 r2q 10 default 0x10 direct_packets_stat 0 direct_qlen 1000
 Sent 124810830 bytes 82549 pkt (dropped 0, overlimits 81679 requeues 0) 
 backlog 9084b 6p requeues 0
qdisc fq_codel 20: parent 1:10 limit 10240p flows 1024 quantum 1514 target 5ms interval 100ms memory_limit 32Mb ecn drop_batch 64 
 Sent 124810830 bytes 82549 pkt (dropped 0, overlimits 0 requeues 0) 
 backlog 9084b 6p requeues 0
  maxpacket 1514 drop_overlimit 0 new_flow_count 2728 ecn_mark 8150 memory_used 14064
  new_flows_len 0 old_flows_len 3
======================================================================
Timestamp: 2026-03-31 20:15:35
qdisc htb 1: root refcnt 13 r2q 10 default 0x10 direct_packets_stat 0 direct_qlen 1000
 Sent 125676453 bytes 83121 pkt (dropped 0, overlimits 82236 requeues 0) 
 backlog 4542b 3p requeues 0
qdisc fq_codel 20: parent 1:10 limit 10240p flows 1024 quantum 1514 target 5ms interval 100ms memory_limit 32Mb ecn drop_batch 64 
 Sent 125676453 bytes 83121 pkt (dropped 0, overlimits 0 requeues 0) 
 backlog 4542b 3p requeues 0
  maxpacket 1514 drop_overlimit 0 new_flow_count 2755 ecn_mark 8179 memory_used 7032
  new_flows_len 0 old_flows_len 2
======================================================================
Timestamp: 2026-03-31 20:15:36
qdisc htb 1: root refcnt 13 r2q 10 default 0x10 direct_packets_stat 0 direct_qlen 1000
 Sent 126554560 bytes 83701 pkt (dropped 0, overlimits 82816 requeues 0) 
 backlog 16654b 11p requeues 0
qdisc fq_codel 20: parent 1:10 limit 10240p flows 1024 quantum 1514 target 5ms interval 100ms memory_limit 32Mb ecn drop_batch 64 
 Sent 126554560 bytes 83701 pkt (dropped 0, overlimits 0 requeues 0) 
 backlog 16654b 11p requeues 0
  maxpacket 1514 drop_overlimit 0 new_flow_count 2775 ecn_mark 8255 memory_used 25784
  new_flows_len 0 old_flows_len 3
======================================================================
Timestamp: 2026-03-31 20:15:37
qdisc htb 1: root refcnt 13 r2q 10 default 0x10 direct_packets_stat 0 direct_qlen 1000
 Sent 127393875 bytes 84256 pkt (dropped 0, overlimits 83346 requeues 0) 
 backlog 13626b 9p requeues 0
qdisc fq_codel 20: parent 1:10 limit 10240p flows 1024 quantum 1514 target 5ms interval 100ms memory_limit 32Mb ecn drop_batch 64 
 Sent 127393875 bytes 84256 pkt (dropped 0, overlimits 0 requeues 0) 
 backlog 13626b 9p requeues 0
  maxpacket 1514 drop_overlimit 0 new_flow_count 2797 ecn_mark 8321 memory_used 21096
  new_flows_len 1 old_flows_len 1
======================================================================
Timestamp: 2026-03-31 20:15:38
qdisc htb 1: root refcnt 13 r2q 10 default 0x10 direct_packets_stat 0 direct_qlen 1000
 Sent 128271982 bytes 84836 pkt (dropped 0, overlimits 83926 requeues 0) 
 backlog 16654b 11p requeues 0
qdisc fq_codel 20: parent 1:10 limit 10240p flows 1024 quantum 1514 target 5ms interval 100ms memory_limit 32Mb ecn drop_batch 64 
 Sent 128271982 bytes 84836 pkt (dropped 0, overlimits 0 requeues 0) 
 backlog 16654b 11p requeues 0
  maxpacket 1514 drop_overlimit 0 new_flow_count 2817 ecn_mark 8385 memory_used 25784
  new_flows_len 0 old_flows_len 3
======================================================================
Timestamp: 2026-03-31 20:15:39
qdisc htb 1: root refcnt 13 r2q 10 default 0x10 direct_packets_stat 0 direct_qlen 1000
 Sent 129077209 bytes 85368 pkt (dropped 0, overlimits 84431 requeues 0) 
 backlog 10598b 7p requeues 0
qdisc fq_codel 20: parent 1:10 limit 10240p flows 1024 quantum 1514 target 5ms interval 100ms memory_limit 32Mb ecn drop_batch 64 
 Sent 129077209 bytes 85368 pkt (dropped 0, overlimits 0 requeues 0) 
 backlog 10598b 7p requeues 0
  maxpacket 1514 drop_overlimit 0 new_flow_count 2835 ecn_mark 8393 memory_used 16408
  new_flows_len 0 old_flows_len 2
======================================================================
Timestamp: 2026-03-31 20:15:40
qdisc htb 1: root refcnt 13 r2q 10 default 0x10 direct_packets_stat 0 direct_qlen 1000
 Sent 129955316 bytes 85948 pkt (dropped 0, overlimits 85011 requeues 0) 
 backlog 10598b 7p requeues 0
qdisc fq_codel 20: parent 1:10 limit 10240p flows 1024 quantum 1514 target 5ms interval 100ms memory_limit 32Mb ecn drop_batch 64 
 Sent 129955316 bytes 85948 pkt (dropped 0, overlimits 0 requeues 0) 
 backlog 10598b 7p requeues 0
  maxpacket 1514 drop_overlimit 0 new_flow_count 2852 ecn_mark 8450 memory_used 16408
  new_flows_len 0 old_flows_len 3
======================================================================
Timestamp: 2026-03-31 20:15:41
qdisc htb 1: root refcnt 13 r2q 10 default 0x10 direct_packets_stat 0 direct_qlen 1000
 Sent 130814824 bytes 86516 pkt (dropped 0, overlimits 85568 requeues 0) 
 backlog 15140b 10p requeues 0
qdisc fq_codel 20: parent 1:10 limit 10240p flows 1024 quantum 1514 target 5ms interval 100ms memory_limit 32Mb ecn drop_batch 64 
 Sent 130814824 bytes 86516 pkt (dropped 0, overlimits 0 requeues 0) 
 backlog 15140b 10p requeues 0
  maxpacket 1514 drop_overlimit 0 new_flow_count 2876 ecn_mark 8491 memory_used 23440
  new_flows_len 0 old_flows_len 2
======================================================================
Timestamp: 2026-03-31 20:15:42
qdisc htb 1: root refcnt 13 r2q 10 default 0x10 direct_packets_stat 0 direct_qlen 1000
 Sent 131692931 bytes 87096 pkt (dropped 0, overlimits 86148 requeues 0) 
 backlog 16654b 11p requeues 0
qdisc fq_codel 20: parent 1:10 limit 10240p flows 1024 quantum 1514 target 5ms interval 100ms memory_limit 32Mb ecn drop_batch 64 
 Sent 131692931 bytes 87096 pkt (dropped 0, overlimits 0 requeues 0) 
 backlog 16654b 11p requeues 0
  maxpacket 1514 drop_overlimit 0 new_flow_count 2892 ecn_mark 8576 memory_used 25784
  new_flows_len 0 old_flows_len 3
======================================================================
Timestamp: 2026-03-31 20:15:43
qdisc htb 1: root refcnt 13 r2q 10 default 0x10 direct_packets_stat 0 direct_qlen 1000
 Sent 132519565 bytes 87642 pkt (dropped 0, overlimits 86676 requeues 0) 
 backlog 7570b 5p requeues 0
qdisc fq_codel 20: parent 1:10 limit 10240p flows 1024 quantum 1514 target 5ms interval 100ms memory_limit 32Mb ecn drop_batch 64 
 Sent 132519565 bytes 87642 pkt (dropped 0, overlimits 0 requeues 0) 
 backlog 7570b 5p requeues 0
  maxpacket 1514 drop_overlimit 0 new_flow_count 2920 ecn_mark 8672 memory_used 11720
  new_flows_len 0 old_flows_len 2
======================================================================
Timestamp: 2026-03-31 20:15:44
qdisc htb 1: root refcnt 13 r2q 10 default 0x10 direct_packets_stat 0 direct_qlen 1000
 Sent 133397672 bytes 88222 pkt (dropped 0, overlimits 87256 requeues 0) 
 backlog 16654b 11p requeues 0
qdisc fq_codel 20: parent 1:10 limit 10240p flows 1024 quantum 1514 target 5ms interval 100ms memory_limit 32Mb ecn drop_batch 64 
 Sent 133397672 bytes 88222 pkt (dropped 0, overlimits 0 requeues 0) 
 backlog 16654b 11p requeues 0
  maxpacket 1514 drop_overlimit 0 new_flow_count 2942 ecn_mark 8780 memory_used 25784
  new_flows_len 0 old_flows_len 3
======================================================================
Timestamp: 2026-03-31 20:15:45
qdisc htb 1: root refcnt 13 r2q 10 default 0x10 direct_packets_stat 0 direct_qlen 1000
 Sent 134262774 bytes 88794 pkt (dropped 0, overlimits 87816 requeues 0) 
 backlog 10598b 7p requeues 0
qdisc fq_codel 20: parent 1:10 limit 10240p flows 1024 quantum 1514 target 5ms interval 100ms memory_limit 32Mb ecn drop_batch 64 
 Sent 134262774 bytes 88794 pkt (dropped 0, overlimits 0 requeues 0) 
 backlog 10598b 7p requeues 0
  maxpacket 1514 drop_overlimit 0 new_flow_count 2964 ecn_mark 8864 memory_used 16408
  new_flows_len 0 old_flows_len 2
======================================================================
Timestamp: 2026-03-31 20:15:46
qdisc htb 1: root refcnt 13 r2q 10 default 0x10 direct_packets_stat 0 direct_qlen 1000
 Sent 135139433 bytes 89374 pkt (dropped 0, overlimits 88396 requeues 0) 
 backlog 18168b 12p requeues 0
qdisc fq_codel 20: parent 1:10 limit 10240p flows 1024 quantum 1514 target 5ms interval 100ms memory_limit 32Mb ecn drop_batch 64 
 Sent 135139433 bytes 89374 pkt (dropped 0, overlimits 0 requeues 0) 
 backlog 18168b 12p requeues 0
  maxpacket 1514 drop_overlimit 0 new_flow_count 2990 ecn_mark 8932 memory_used 28128
  new_flows_len 0 old_flows_len 4
======================================================================
Timestamp: 2026-03-31 20:15:47
qdisc htb 1: root refcnt 13 r2q 10 default 0x10 direct_packets_stat 0 direct_qlen 1000
 Sent 136004275 bytes 89946 pkt (dropped 0, overlimits 88960 requeues 0) 
 backlog 9084b 6p requeues 0
qdisc fq_codel 20: parent 1:10 limit 10240p flows 1024 quantum 1514 target 5ms interval 100ms memory_limit 32Mb ecn drop_batch 64 
 Sent 136004275 bytes 89946 pkt (dropped 0, overlimits 0 requeues 0) 
 backlog 9084b 6p requeues 0
  maxpacket 1514 drop_overlimit 0 new_flow_count 3014 ecn_mark 8979 memory_used 14064
  new_flows_len 0 old_flows_len 2
======================================================================
Timestamp: 2026-03-31 20:15:48
qdisc htb 1: root refcnt 13 r2q 10 default 0x10 direct_packets_stat 0 direct_qlen 1000
 Sent 136882448 bytes 90527 pkt (dropped 0, overlimits 89541 requeues 0) 
 backlog 18168b 12p requeues 0
qdisc fq_codel 20: parent 1:10 limit 10240p flows 1024 quantum 1514 target 5ms interval 100ms memory_limit 32Mb ecn drop_batch 64 
 Sent 136882448 bytes 90527 pkt (dropped 0, overlimits 0 requeues 0) 
 backlog 18168b 12p requeues 0
  maxpacket 1514 drop_overlimit 0 new_flow_count 3026 ecn_mark 9046 memory_used 28128
  new_flows_len 0 old_flows_len 3
======================================================================
Timestamp: 2026-03-31 20:15:49
qdisc htb 1: root refcnt 13 r2q 10 default 0x10 direct_packets_stat 0 direct_qlen 1000
 Sent 137697465 bytes 91066 pkt (dropped 0, overlimits 90057 requeues 0) 
 backlog 0b 0p requeues 0
qdisc fq_codel 20: parent 1:10 limit 10240p flows 1024 quantum 1514 target 5ms interval 100ms memory_limit 32Mb ecn drop_batch 64 
 Sent 137697465 bytes 91066 pkt (dropped 0, overlimits 0 requeues 0) 
 backlog 0b 0p requeues 0
  maxpacket 1514 drop_overlimit 0 new_flow_count 3047 ecn_mark 9128
  new_flows_len 0 old_flows_len 1
======================================================================
Timestamp: 2026-03-31 20:15:50
qdisc htb 1: root refcnt 13 r2q 10 default 0x10 direct_packets_stat 0 direct_qlen 1000
 Sent 138575572 bytes 91646 pkt (dropped 0, overlimits 90632 requeues 0) 
 backlog 10598b 7p requeues 0
qdisc fq_codel 20: parent 1:10 limit 10240p flows 1024 quantum 1514 target 5ms interval 100ms memory_limit 32Mb ecn drop_batch 64 
 Sent 138575572 bytes 91646 pkt (dropped 0, overlimits 0 requeues 0) 
 backlog 10598b 7p requeues 0
  maxpacket 1514 drop_overlimit 0 new_flow_count 3069 ecn_mark 9218 memory_used 16408
  new_flows_len 0 old_flows_len 2
======================================================================
Timestamp: 2026-03-31 20:15:51
qdisc htb 1: root refcnt 13 r2q 10 default 0x10 direct_packets_stat 0 direct_qlen 1000
 Sent 139433505 bytes 92213 pkt (dropped 0, overlimits 91187 requeues 0) 
 backlog 15140b 10p requeues 0
qdisc fq_codel 20: parent 1:10 limit 10240p flows 1024 quantum 1514 target 5ms interval 100ms memory_limit 32Mb ecn drop_batch 64 
 Sent 139433505 bytes 92213 pkt (dropped 0, overlimits 0 requeues 0) 
 backlog 15140b 10p requeues 0
  maxpacket 1514 drop_overlimit 0 new_flow_count 3092 ecn_mark 9297 memory_used 23440
  new_flows_len 0 old_flows_len 2
======================================================================
Timestamp: 2026-03-31 20:15:52
qdisc htb 1: root refcnt 13 r2q 10 default 0x10 direct_packets_stat 0 direct_qlen 1000
 Sent 140311612 bytes 92793 pkt (dropped 0, overlimits 91767 requeues 0) 
 backlog 16654b 11p requeues 0
qdisc fq_codel 20: parent 1:10 limit 10240p flows 1024 quantum 1514 target 5ms interval 100ms memory_limit 32Mb ecn drop_batch 64 
 Sent 140311612 bytes 92793 pkt (dropped 0, overlimits 0 requeues 0) 
 backlog 16654b 11p requeues 0
  maxpacket 1514 drop_overlimit 0 new_flow_count 3111 ecn_mark 9390 memory_used 25784
  new_flows_len 0 old_flows_len 3
======================================================================
Timestamp: 2026-03-31 20:15:53
qdisc htb 1: root refcnt 13 r2q 10 default 0x10 direct_packets_stat 0 direct_qlen 1000
 Sent 141161514 bytes 93355 pkt (dropped 0, overlimits 92315 requeues 0) 
 backlog 10598b 7p requeues 0
qdisc fq_codel 20: parent 1:10 limit 10240p flows 1024 quantum 1514 target 5ms interval 100ms memory_limit 32Mb ecn drop_batch 64 
 Sent 141161514 bytes 93355 pkt (dropped 0, overlimits 0 requeues 0) 
 backlog 10598b 7p requeues 0
  maxpacket 1514 drop_overlimit 0 new_flow_count 3136 ecn_mark 9500 memory_used 16408
  new_flows_len 0 old_flows_len 2
======================================================================
Timestamp: 2026-03-31 20:15:54
qdisc htb 1: root refcnt 13 r2q 10 default 0x10 direct_packets_stat 0 direct_qlen 1000
 Sent 142039621 bytes 93935 pkt (dropped 0, overlimits 92894 requeues 0) 
 backlog 16654b 11p requeues 0
qdisc fq_codel 20: parent 1:10 limit 10240p flows 1024 quantum 1514 target 5ms interval 100ms memory_limit 32Mb ecn drop_batch 64 
 Sent 142039621 bytes 93935 pkt (dropped 0, overlimits 0 requeues 0) 
 backlog 16654b 11p requeues 0
  maxpacket 1514 drop_overlimit 0 new_flow_count 3154 ecn_mark 9596 memory_used 25784
  new_flows_len 0 old_flows_len 3
======================================================================
Timestamp: 2026-03-31 20:15:55
qdisc htb 1: root refcnt 13 r2q 10 default 0x10 direct_packets_stat 0 direct_qlen 1000
 Sent 142908546 bytes 94510 pkt (dropped 0, overlimits 93462 requeues 0) 
 backlog 10598b 7p requeues 0
qdisc fq_codel 20: parent 1:10 limit 10240p flows 1024 quantum 1514 target 5ms interval 100ms memory_limit 32Mb ecn drop_batch 64 
 Sent 142908546 bytes 94510 pkt (dropped 0, overlimits 0 requeues 0) 
 backlog 10598b 7p requeues 0
  maxpacket 1514 drop_overlimit 0 new_flow_count 3174 ecn_mark 9741 memory_used 16408
  new_flows_len 0 old_flows_len 2
======================================================================
Timestamp: 2026-03-31 20:15:56
qdisc htb 1: root refcnt 13 r2q 10 default 0x10 direct_packets_stat 0 direct_qlen 1000
 Sent 143795737 bytes 95096 pkt (dropped 0, overlimits 94048 requeues 0) 
 backlog 9084b 6p requeues 0
qdisc fq_codel 20: parent 1:10 limit 10240p flows 1024 quantum 1514 target 5ms interval 100ms memory_limit 32Mb ecn drop_batch 64 
 Sent 143795737 bytes 95096 pkt (dropped 0, overlimits 0 requeues 0) 
 backlog 9084b 6p requeues 0
  maxpacket 1514 drop_overlimit 0 new_flow_count 3187 ecn_mark 9843 memory_used 14064
  new_flows_len 0 old_flows_len 3
======================================================================
Timestamp: 2026-03-31 20:15:57
qdisc htb 1: root refcnt 13 r2q 10 default 0x10 direct_packets_stat 0 direct_qlen 1000
 Sent 144666273 bytes 95671 pkt (dropped 0, overlimits 94615 requeues 0) 
 backlog 10598b 7p requeues 0
qdisc fq_codel 20: parent 1:10 limit 10240p flows 1024 quantum 1514 target 5ms interval 100ms memory_limit 32Mb ecn drop_batch 64 
 Sent 144666273 bytes 95671 pkt (dropped 0, overlimits 0 requeues 0) 
 backlog 10598b 7p requeues 0
  maxpacket 1514 drop_overlimit 0 new_flow_count 3219 ecn_mark 9999 memory_used 16408
  new_flows_len 0 old_flows_len 2
======================================================================
Timestamp: 2026-03-31 20:15:58
qdisc htb 1: root refcnt 13 r2q 10 default 0x10 direct_packets_stat 0 direct_qlen 1000
 Sent 145550436 bytes 96255 pkt (dropped 0, overlimits 95199 requeues 0) 
 backlog 7570b 5p requeues 0
qdisc fq_codel 20: parent 1:10 limit 10240p flows 1024 quantum 1514 target 5ms interval 100ms memory_limit 32Mb ecn drop_batch 64 
 Sent 145550436 bytes 96255 pkt (dropped 0, overlimits 0 requeues 0) 
 backlog 7570b 5p requeues 0
  maxpacket 1514 drop_overlimit 0 new_flow_count 3227 ecn_mark 10103 memory_used 11720
  new_flows_len 0 old_flows_len 2
======================================================================
Timestamp: 2026-03-31 20:15:59
qdisc htb 1: root refcnt 13 r2q 10 default 0x10 direct_packets_stat 0 direct_qlen 1000
 Sent 146406574 bytes 96821 pkt (dropped 0, overlimits 95748 requeues 0) 
 backlog 12112b 8p requeues 0
qdisc fq_codel 20: parent 1:10 limit 10240p flows 1024 quantum 1514 target 5ms interval 100ms memory_limit 32Mb ecn drop_batch 64 
 Sent 146406574 bytes 96821 pkt (dropped 0, overlimits 0 requeues 0) 
 backlog 12112b 8p requeues 0
  maxpacket 1514 drop_overlimit 0 new_flow_count 3252 ecn_mark 10195 memory_used 18752
  new_flows_len 0 old_flows_len 2
======================================================================
Timestamp: 2026-03-31 20:16:00
qdisc htb 1: root refcnt 13 r2q 10 default 0x10 direct_packets_stat 0 direct_qlen 1000
 Sent 147284748 bytes 97402 pkt (dropped 0, overlimits 96328 requeues 0) 
 backlog 18168b 12p requeues 0
qdisc fq_codel 20: parent 1:10 limit 10240p flows 1024 quantum 1514 target 5ms interval 100ms memory_limit 32Mb ecn drop_batch 64 
 Sent 147284748 bytes 97402 pkt (dropped 0, overlimits 0 requeues 0) 
 backlog 18168b 12p requeues 0
  maxpacket 1514 drop_overlimit 0 new_flow_count 3275 ecn_mark 10256 memory_used 28128
  new_flows_len 0 old_flows_len 3
======================================================================
Timestamp: 2026-03-31 20:16:01
qdisc htb 1: root refcnt 13 r2q 10 default 0x10 direct_packets_stat 0 direct_qlen 1000
 Sent 147673868 bytes 97668 pkt (dropped 0, overlimits 96573 requeues 0) 
 backlog 0b 0p requeues 0
qdisc fq_codel 20: parent 1:10 limit 10240p flows 1024 quantum 1514 target 5ms interval 100ms memory_limit 32Mb ecn drop_batch 64 
 Sent 147673868 bytes 97668 pkt (dropped 0, overlimits 0 requeues 0) 
 backlog 0b 0p requeues 0
  maxpacket 1514 drop_overlimit 0 new_flow_count 3286 ecn_mark 10292
  new_flows_len 1 old_flows_len 1
======================================================================
Timestamp: 2026-03-31 20:16:02
qdisc htb 1: root refcnt 13 r2q 10 default 0x10 direct_packets_stat 0 direct_qlen 1000
 Sent 147829209 bytes 97771 pkt (dropped 0, overlimits 96674 requeues 0) 
 backlog 0b 0p requeues 0
qdisc fq_codel 20: parent 1:10 limit 10240p flows 1024 quantum 1514 target 5ms interval 100ms memory_limit 32Mb ecn drop_batch 64 
 Sent 147829209 bytes 97771 pkt (dropped 0, overlimits 0 requeues 0) 
 backlog 0b 0p requeues 0
  maxpacket 1514 drop_overlimit 0 new_flow_count 3286 ecn_mark 10292
  new_flows_len 0 old_flows_len 1
======================================================================
Timestamp: 2026-03-31 20:16:03
qdisc htb 1: root refcnt 13 r2q 10 default 0x10 direct_packets_stat 0 direct_qlen 1000
 Sent 147829209 bytes 97771 pkt (dropped 0, overlimits 96674 requeues 0) 
 backlog 0b 0p requeues 0
qdisc fq_codel 20: parent 1:10 limit 10240p flows 1024 quantum 1514 target 5ms interval 100ms memory_limit 32Mb ecn drop_batch 64 
 Sent 147829209 bytes 97771 pkt (dropped 0, overlimits 0 requeues 0) 
 backlog 0b 0p requeues 0
  maxpacket 1514 drop_overlimit 0 new_flow_count 3286 ecn_mark 10292
  new_flows_len 0 old_flows_len 1
======================================================================
Timestamp: 2026-03-31 20:16:04
qdisc htb 1: root refcnt 13 r2q 10 default 0x10 direct_packets_stat 0 direct_qlen 1000
 Sent 148012336 bytes 97892 pkt (dropped 0, overlimits 96793 requeues 0) 
 backlog 0b 0p requeues 0
qdisc fq_codel 20: parent 1:10 limit 10240p flows 1024 quantum 1514 target 5ms interval 100ms memory_limit 32Mb ecn drop_batch 64 
 Sent 148012336 bytes 97892 pkt (dropped 0, overlimits 0 requeues 0) 
 backlog 0b 0p requeues 0
  maxpacket 1514 drop_overlimit 0 new_flow_count 3286 ecn_mark 10292
  new_flows_len 0 old_flows_len 1
======================================================================
Timestamp: 2026-03-31 20:16:05
qdisc htb 1: root refcnt 13 r2q 10 default 0x10 direct_packets_stat 0 direct_qlen 1000
 Sent 148012336 bytes 97892 pkt (dropped 0, overlimits 96793 requeues 0) 
 backlog 0b 0p requeues 0
qdisc fq_codel 20: parent 1:10 limit 10240p flows 1024 quantum 1514 target 5ms interval 100ms memory_limit 32Mb ecn drop_batch 64 
 Sent 148012336 bytes 97892 pkt (dropped 0, overlimits 0 requeues 0) 
 backlog 0b 0p requeues 0
  maxpacket 1514 drop_overlimit 0 new_flow_count 3286 ecn_mark 10292
  new_flows_len 0 old_flows_len 1
======================================================================
Timestamp: 2026-03-31 20:16:06
qdisc htb 1: root refcnt 13 r2q 10 default 0x10 direct_packets_stat 0 direct_qlen 1000
 Sent 148463893 bytes 98191 pkt (dropped 0, overlimits 97090 requeues 0) 
 backlog 0b 0p requeues 0
qdisc fq_codel 20: parent 1:10 limit 10240p flows 1024 quantum 1514 target 5ms interval 100ms memory_limit 32Mb ecn drop_batch 64 
 Sent 148463893 bytes 98191 pkt (dropped 0, overlimits 0 requeues 0) 
 backlog 0b 0p requeues 0
  maxpacket 1514 drop_overlimit 0 new_flow_count 3286 ecn_mark 10292
  new_flows_len 0 old_flows_len 1
======================================================================
Timestamp: 2026-03-31 20:16:07
qdisc htb 1: root refcnt 13 r2q 10 default 0x10 direct_packets_stat 0 direct_qlen 1000
 Sent 148463893 bytes 98191 pkt (dropped 0, overlimits 97090 requeues 0) 
 backlog 0b 0p requeues 0
qdisc fq_codel 20: parent 1:10 limit 10240p flows 1024 quantum 1514 target 5ms interval 100ms memory_limit 32Mb ecn drop_batch 64 
 Sent 148463893 bytes 98191 pkt (dropped 0, overlimits 0 requeues 0) 
 backlog 0b 0p requeues 0
  maxpacket 1514 drop_overlimit 0 new_flow_count 3286 ecn_mark 10292
  new_flows_len 0 old_flows_len 1
======================================================================
Timestamp: 2026-03-31 20:16:08
qdisc htb 1: root refcnt 13 r2q 10 default 0x10 direct_packets_stat 0 direct_qlen 1000
 Sent 148944681 bytes 98509 pkt (dropped 0, overlimits 97406 requeues 0) 
 backlog 0b 0p requeues 0
qdisc fq_codel 20: parent 1:10 limit 10240p flows 1024 quantum 1514 target 5ms interval 100ms memory_limit 32Mb ecn drop_batch 64 
 Sent 148944681 bytes 98509 pkt (dropped 0, overlimits 0 requeues 0) 
 backlog 0b 0p requeues 0
  maxpacket 1514 drop_overlimit 0 new_flow_count 3286 ecn_mark 10292
  new_flows_len 0 old_flows_len 1
======================================================================
Timestamp: 2026-03-31 20:16:09
qdisc htb 1: root refcnt 13 r2q 10 default 0x10 direct_packets_stat 0 direct_qlen 1000
 Sent 148944681 bytes 98509 pkt (dropped 0, overlimits 97406 requeues 0) 
 backlog 0b 0p requeues 0
qdisc fq_codel 20: parent 1:10 limit 10240p flows 1024 quantum 1514 target 5ms interval 100ms memory_limit 32Mb ecn drop_batch 64 
 Sent 148944681 bytes 98509 pkt (dropped 0, overlimits 0 requeues 0) 
 backlog 0b 0p requeues 0
  maxpacket 1514 drop_overlimit 0 new_flow_count 3286 ecn_mark 10292
  new_flows_len 0 old_flows_len 1
======================================================================
Timestamp: 2026-03-31 20:16:10
qdisc htb 1: root refcnt 13 r2q 10 default 0x10 direct_packets_stat 0 direct_qlen 1000
 Sent 149377483 bytes 98795 pkt (dropped 0, overlimits 97690 requeues 0) 
 backlog 0b 0p requeues 0
qdisc fq_codel 20: parent 1:10 limit 10240p flows 1024 quantum 1514 target 5ms interval 100ms memory_limit 32Mb ecn drop_batch 64 
 Sent 149377483 bytes 98795 pkt (dropped 0, overlimits 0 requeues 0) 
 backlog 0b 0p requeues 0
  maxpacket 1514 drop_overlimit 0 new_flow_count 3286 ecn_mark 10292
  new_flows_len 0 old_flows_len 1
======================================================================
Timestamp: 2026-03-31 20:16:11
qdisc htb 1: root refcnt 13 r2q 10 default 0x10 direct_packets_stat 0 direct_qlen 1000
 Sent 149377483 bytes 98795 pkt (dropped 0, overlimits 97690 requeues 0) 
 backlog 0b 0p requeues 0
qdisc fq_codel 20: parent 1:10 limit 10240p flows 1024 quantum 1514 target 5ms interval 100ms memory_limit 32Mb ecn drop_batch 64 
 Sent 149377483 bytes 98795 pkt (dropped 0, overlimits 0 requeues 0) 
 backlog 0b 0p requeues 0
  maxpacket 1514 drop_overlimit 0 new_flow_count 3286 ecn_mark 10292
  new_flows_len 0 old_flows_len 1
======================================================================
Timestamp: 2026-03-31 20:16:12
qdisc htb 1: root refcnt 13 r2q 10 default 0x10 direct_packets_stat 0 direct_qlen 1000
 Sent 149811806 bytes 99082 pkt (dropped 0, overlimits 97975 requeues 0) 
 backlog 0b 0p requeues 0
qdisc fq_codel 20: parent 1:10 limit 10240p flows 1024 quantum 1514 target 5ms interval 100ms memory_limit 32Mb ecn drop_batch 64 
 Sent 149811806 bytes 99082 pkt (dropped 0, overlimits 0 requeues 0) 
 backlog 0b 0p requeues 0
  maxpacket 1514 drop_overlimit 0 new_flow_count 3286 ecn_mark 10292
  new_flows_len 0 old_flows_len 1
======================================================================
Timestamp: 2026-03-31 20:16:13
qdisc htb 1: root refcnt 13 r2q 10 default 0x10 direct_packets_stat 0 direct_qlen 1000
 Sent 149811806 bytes 99082 pkt (dropped 0, overlimits 97975 requeues 0) 
 backlog 0b 0p requeues 0
qdisc fq_codel 20: parent 1:10 limit 10240p flows 1024 quantum 1514 target 5ms interval 100ms memory_limit 32Mb ecn drop_batch 64 
 Sent 149811806 bytes 99082 pkt (dropped 0, overlimits 0 requeues 0) 
 backlog 0b 0p requeues 0
  maxpacket 1514 drop_overlimit 0 new_flow_count 3286 ecn_mark 10292
  new_flows_len 0 old_flows_len 1
======================================================================
Timestamp: 2026-03-31 20:16:14
qdisc htb 1: root refcnt 13 r2q 10 default 0x10 direct_packets_stat 0 direct_qlen 1000
 Sent 150243099 bytes 99368 pkt (dropped 0, overlimits 98258 requeues 0) 
 backlog 0b 0p requeues 0
qdisc fq_codel 20: parent 1:10 limit 10240p flows 1024 quantum 1514 target 5ms interval 100ms memory_limit 32Mb ecn drop_batch 64 
 Sent 150243099 bytes 99368 pkt (dropped 0, overlimits 0 requeues 0) 
 backlog 0b 0p requeues 0
  maxpacket 1514 drop_overlimit 0 new_flow_count 3286 ecn_mark 10292
  new_flows_len 0 old_flows_len 1
======================================================================
Timestamp: 2026-03-31 20:16:15
qdisc htb 1: root refcnt 13 r2q 10 default 0x10 direct_packets_stat 0 direct_qlen 1000
 Sent 150243099 bytes 99368 pkt (dropped 0, overlimits 98258 requeues 0) 
 backlog 0b 0p requeues 0
qdisc fq_codel 20: parent 1:10 limit 10240p flows 1024 quantum 1514 target 5ms interval 100ms memory_limit 32Mb ecn drop_batch 64 
 Sent 150243099 bytes 99368 pkt (dropped 0, overlimits 0 requeues 0) 
 backlog 0b 0p requeues 0
  maxpacket 1514 drop_overlimit 0 new_flow_count 3286 ecn_mark 10292
  new_flows_len 0 old_flows_len 1
======================================================================
Timestamp: 2026-03-31 20:16:16
qdisc htb 1: root refcnt 13 r2q 10 default 0x10 direct_packets_stat 0 direct_qlen 1000
 Sent 150745800 bytes 99701 pkt (dropped 0, overlimits 98589 requeues 0) 
 backlog 7570b 5p requeues 0
qdisc fq_codel 20: parent 1:10 limit 10240p flows 1024 quantum 1514 target 5ms interval 100ms memory_limit 32Mb ecn drop_batch 64 
 Sent 150745800 bytes 99701 pkt (dropped 0, overlimits 0 requeues 0) 
 backlog 7570b 5p requeues 0
  maxpacket 1514 drop_overlimit 0 new_flow_count 3287 ecn_mark 10292 memory_used 11720
  new_flows_len 0 old_flows_len 1
======================================================================
Timestamp: 2026-03-31 20:16:17
qdisc htb 1: root refcnt 13 r2q 10 default 0x10 direct_packets_stat 0 direct_qlen 1000
 Sent 151111619 bytes 99943 pkt (dropped 0, overlimits 98831 requeues 0) 
 backlog 0b 0p requeues 0
qdisc fq_codel 20: parent 1:10 limit 10240p flows 1024 quantum 1514 target 5ms interval 100ms memory_limit 32Mb ecn drop_batch 64 
 Sent 151111619 bytes 99943 pkt (dropped 0, overlimits 0 requeues 0) 
 backlog 0b 0p requeues 0
  maxpacket 1514 drop_overlimit 0 new_flow_count 3287 ecn_mark 10292
  new_flows_len 0 old_flows_len 1
======================================================================
Timestamp: 2026-03-31 20:16:18
qdisc htb 1: root refcnt 13 r2q 10 default 0x10 direct_packets_stat 0 direct_qlen 1000
 Sent 151612740 bytes 100274 pkt (dropped 0, overlimits 99160 requeues 0) 
 backlog 6056b 4p requeues 0
qdisc fq_codel 20: parent 1:10 limit 10240p flows 1024 quantum 1514 target 5ms interval 100ms memory_limit 32Mb ecn drop_batch 64 
 Sent 151612740 bytes 100274 pkt (dropped 0, overlimits 0 requeues 0) 
 backlog 6056b 4p requeues 0
  maxpacket 1514 drop_overlimit 0 new_flow_count 3287 ecn_mark 10292 memory_used 9376
  new_flows_len 0 old_flows_len 1
======================================================================
Timestamp: 2026-03-31 20:16:19
qdisc htb 1: root refcnt 13 r2q 10 default 0x10 direct_packets_stat 0 direct_qlen 1000
 Sent 152077070 bytes 100581 pkt (dropped 0, overlimits 99467 requeues 0) 
 backlog 0b 0p requeues 0
qdisc fq_codel 20: parent 1:10 limit 10240p flows 1024 quantum 1514 target 5ms interval 100ms memory_limit 32Mb ecn drop_batch 64 
 Sent 152077070 bytes 100581 pkt (dropped 0, overlimits 0 requeues 0) 
 backlog 0b 0p requeues 0
  maxpacket 1514 drop_overlimit 0 new_flow_count 3287 ecn_mark 10292
  new_flows_len 0 old_flows_len 1
