timestamp,dst_port,state,cc_algo,rto_ms,rtt_ms,rtt_var_ms,min_rtt_ms,mss_bytes,cwnd_pkts,cwnd_bytes,ssthresh_bytes,bytes_sent,bytes_acked,bytes_received,bytes_retrans,segs_out,segs_in,data_segs_out,data_segs_in,retrans_outstanding,retrans_total,pacing_rate_bps,delivery_rate_bps,delivered_pkts,snd_wnd_bytes,rcv_wnd_bytes,unacked_pkts,notsent_bytes
2026-04-27 20:48:31.537,60468,ESTAB,bbr,224,20.981,6.295,20.157,1448,12,17376,NaN,2883,2883,408,NaN,3,5,2,1,NaN,NaN,15797696,1059736,3,48640,43520,NaN,NaN
2026-04-27 20:48:31.801,60468,ESTAB,bbr,224,20.981,6.295,20.157,1448,12,17376,NaN,2883,2883,408,NaN,3,5,2,1,NaN,NaN,15797696,1059736,3,48640,43520,NaN,NaN
2026-04-27 20:48:32.460,60478,ESTAB,bbr,228,27.695,1.628,20.107,1448,41,59368,NaN,74656,52936,822,NaN,53,23,52,2,NaN,NaN,19209416,6707800,38,83968,43520,15,134117
2026-04-27 20:48:32.686,60478,ESTAB,bbr,228,27.94,0.256,20.107,1448,36,52128,26064,215621,209829,1644,NaN,151,79,150,4,NaN,NaN,6666032,6300784,147,86016,43520,4,459016
2026-04-27 20:48:32.929,60478,ESTAB,bbr,232,28.928,0.887,20.107,1448,36,52128,26064,415445,392277,1644,NaN,289,142,288,4,NaN,NaN,8338520,6710600,273,86016,43520,16,427160
2026-04-27 20:48:33.159,60478,ESTAB,bbr,232,28.355,0.238,20.107,1448,36,52128,26064,616717,592101,1644,NaN,428,211,427,4,NaN,NaN,8373552,5814344,411,86016,43520,17,393856
2026-04-27 20:48:33.380,60478,ESTAB,bbr,228,27.296,0.881,20.107,1448,42,60816,26064,799165,777445,1644,NaN,554,271,553,4,NaN,NaN,6698840,6299288,539,237056,43520,15,421368
2026-04-27 20:48:33.604,60478,ESTAB,bbr,232,29.658,1.034,20.107,1448,44,63712,26064,985957,962789,1644,NaN,683,335,682,4,NaN,NaN,8319720,6686528,667,238080,43520,16,453224
2026-04-27 20:48:33.848,60478,ESTAB,bbr,232,28.734,0.369,20.107,1448,44,63712,26064,1187229,1162613,1644,NaN,822,404,821,4,NaN,NaN,8310320,6694232,805,238080,43520,17,267234
2026-04-27 20:48:34.097,60478,ESTAB,bbr,232,29.719,0.609,20.107,1448,42,60816,26064,1400085,1376917,1644,NaN,969,478,968,4,NaN,NaN,8311176,6715600,953,238080,43520,16,54378
2026-04-27 20:48:34.317,60478,ESTAB,bbr,236,33.506,10.46,20.107,1448,42,60816,26064,1454463,1454463,1644,NaN,1007,504,1006,4,NaN,NaN,8329976,2472392,1007,238592,43520,NaN,NaN
2026-04-27 20:48:34.542,60478,ESTAB,bbr,232,30.22,0.289,20.107,1448,44,63712,26064,1593458,1573186,2468,NaN,1103,543,1102,6,NaN,NaN,6680384,6680984,1089,238592,43520,14,453224
2026-04-27 20:48:34.765,60478,ESTAB,bbr,232,29.677,0.2,20.107,1448,42,60816,26064,1781698,1759978,2468,NaN,1233,606,1232,6,NaN,NaN,6647576,6680504,1218,238592,43520,15,525624
2026-04-27 20:48:34.996,60478,ESTAB,bbr,232,28.889,0.231,20.107,1448,44,63712,26064,1977178,1951114,2468,NaN,1368,672,1367,6,NaN,NaN,8320576,6698960,1350,238592,43520,18,590784
2026-04-27 20:48:35.234,60478,ESTAB,bbr,232,30.022,0.911,20.107,1448,44,63712,26064,2175554,2150938,2468,NaN,1505,741,1504,6,NaN,NaN,8335104,6674728,1488,238592,43520,17,392408
2026-04-27 20:48:35.461,60478,ESTAB,bbr,232,28.882,0.247,20.107,1448,42,60816,26064,2365242,2342074,2468,NaN,1636,807,1635,6,NaN,NaN,8332536,6706720,1620,238592,43520,16,246466
2026-04-27 20:48:35.688,60478,ESTAB,bbr,232,29.587,1.128,20.107,1448,42,60816,26064,2554930,2530314,2468,NaN,1767,872,1766,6,NaN,NaN,8332536,6732192,1750,238592,43520,17,56778
2026-04-27 20:48:35.934,60478,ESTAB,bbr,236,33.576,9.536,20.107,1448,42,60816,26064,2611708,2611708,2468,NaN,1807,901,1806,6,NaN,NaN,8330832,2526752,1807,238592,43520,NaN,NaN
2026-04-27 20:48:36.171,60478,ESTAB,bbr,236,33.576,9.536,20.107,1448,42,60816,26064,2611708,2611708,2468,NaN,1807,901,1806,6,NaN,NaN,8330832,2526752,1807,238592,43520,NaN,NaN
2026-04-27 20:48:36.430,60478,ESTAB,bbr,232,30.648,9.668,20.107,1448,42,60816,26064,2620383,2614591,3292,NaN,1813,905,1812,8,NaN,NaN,6664664,2526752,1809,238592,43520,4,648704
2026-04-27 20:48:36.660,60478,ESTAB,bbr,232,28.862,0.118,20.107,1448,36,52128,26064,2818759,2794143,3292,NaN,1950,967,1949,8,NaN,NaN,8333392,6700040,1933,238592,43520,17,450328
2026-04-27 20:48:36.887,60478,ESTAB,bbr,232,30.072,0.765,20.107,1448,36,52128,26064,3006999,2985279,3292,NaN,2080,1033,2079,8,NaN,NaN,8333392,6691112,2065,238592,43520,15,522728
2026-04-27 20:48:37.113,60478,ESTAB,bbr,232,28.908,0.242,20.107,1448,36,52128,26064,3199583,3173519,3292,NaN,2213,1098,2212,8,NaN,NaN,8328264,6719040,2195,238592,43520,18,590784
2026-04-27 20:48:37.345,60478,ESTAB,bbr,232,29.825,1.031,20.107,1448,36,52128,26064,3392167,3367551,3292,NaN,2346,1165,2345,8,NaN,NaN,8314592,6709520,2329,238592,43520,17,398200
2026-04-27 20:48:37.580,60478,ESTAB,bbr,232,28.991,0.197,20.107,1448,36,52128,26064,3587647,3564479,3292,NaN,2481,1233,2480,8,NaN,NaN,8309472,6690576,2465,238592,43520,16,299924
2026-04-27 20:48:37.807,60478,ESTAB,bbr,232,29.592,1.159,20.107,1448,36,52128,26064,3777335,3752719,3292,NaN,2612,1298,2611,8,NaN,NaN,8319720,6694256,2595,238592,43520,17,110236
2026-04-27 20:48:38.035,60478,ESTAB,bbr,232,29.791,1.028,20.107,1448,36,52128,26064,3887571,3887571,3292,NaN,2689,1345,2688,8,NaN,NaN,8336808,5507384,2689,238592,43520,NaN,NaN
2026-04-27 20:48:38.263,60478,ESTAB,bbr,232,29.791,1.028,20.107,1448,36,52128,26064,3887571,3887571,3292,NaN,2689,1345,2688,8,NaN,NaN,8336808,5507384,2689,238592,43520,NaN,NaN
2026-04-27 20:48:38.501,60478,ESTAB,bbr,228,25.151,1.223,20.107,1448,36,52128,26064,3942582,3919414,4116,NaN,2727,1358,2726,10,NaN,NaN,8336808,6672328,2711,238592,43520,16,602368
2026-04-27 20:48:38.727,60478,ESTAB,bbr,232,29.335,1.205,20.107,1448,36,52128,26064,4135166,4110550,4116,NaN,2860,1424,2859,10,NaN,NaN,8335960,6280928,2843,238592,43520,17,409784
2026-04-27 20:48:38.951,60478,ESTAB,bbr,232,29.078,0.576,20.107,1448,36,52128,26064,4321958,4298790,4116,NaN,2989,1489,2988,10,NaN,NaN,8347920,6729448,2973,238592,43520,16,483632
2026-04-27 20:48:39.177,60478,ESTAB,bbr,232,28.396,0.23,20.107,1448,36,52128,26064,4511646,4487030,4116,NaN,3120,1554,3119,10,NaN,NaN,8357320,6066112,3103,238592,43520,17,499327
2026-04-27 20:48:39.409,60478,ESTAB,bbr,232,29.392,0.613,20.107,1448,36,52128,26064,4704230,4681062,4116,NaN,3253,1621,3252,10,NaN,NaN,8332536,6684600,3237,238592,43520,16,306743
2026-04-27 20:48:39.633,60478,ESTAB,bbr,232,28.818,0.086,20.107,1448,36,52128,26064,4893918,4869302,4116,NaN,3384,1686,3383,10,NaN,NaN,8338520,6691224,3367,238592,43520,17,117055
2026-04-27 20:48:39.859,60478,ESTAB,bbr,232,28.541,0.448,20.107,1448,36,52128,26064,5010973,5010973,4116,NaN,3465,1735,3464,10,NaN,NaN,8319720,5516184,3465,238592,43520,NaN,NaN
2026-04-27 20:48:40.095,60478,ESTAB,bbr,232,28.541,0.448,20.107,1448,36,52128,26064,5010973,5010973,4116,NaN,3465,1735,3464,10,NaN,NaN,8319720,5516184,3465,238592,43520,NaN,NaN
2026-04-27 20:48:40.343,60478,ESTAB,bbr,232,28.541,0.448,20.107,1448,36,52128,26064,5010973,5010973,4116,NaN,3465,1735,3464,10,NaN,NaN,8319720,5516184,3465,238592,43520,NaN,NaN
2026-04-27 20:48:40.581,60478,ESTAB,bbr,228,27.696,1.287,20.107,1448,36,52128,26064,5113768,5089152,4940,NaN,3536,1764,3535,12,NaN,NaN,8345352,6084432,3519,238592,43520,17,554584
2026-04-27 20:48:40.811,60478,ESTAB,bbr,232,29.831,0.424,20.107,1448,36,52128,26064,5306352,5280288,4940,NaN,3669,1830,3668,12,NaN,NaN,8345352,6514952,3651,238592,43520,18,362000
2026-04-27 20:48:41.042,60478,ESTAB,bbr,232,28.367,0.157,20.107,1448,36,52128,26064,5498936,5474320,4940,NaN,3802,1897,3801,12,NaN,NaN,8344504,5809792,3785,238592,43520,17,430056
2026-04-27 20:48:41.271,60478,ESTAB,bbr,232,30.348,0.369,20.107,1448,36,52128,26064,5688624,5665456,4940,NaN,3933,1963,3932,12,NaN,NaN,8344504,6694984,3917,238592,43520,16,501008
2026-04-27 20:48:41.505,60478,ESTAB,bbr,232,28.819,0.039,20.107,1448,36,52128,26064,5884104,5859488,4940,NaN,4068,2030,4067,12,NaN,NaN,8470960,6694872,4051,238592,43520,17,362060
2026-04-27 20:48:41.739,60478,ESTAB,bbr,232,30.343,0.288,20.107,1448,36,52128,26064,6082480,6059312,4940,NaN,4205,2099,4204,12,NaN,NaN,8328264,5860440,4189,238592,43520,16,163684
2026-04-27 20:48:41.959,60478,ESTAB,bbr,232,28.871,0.098,20.107,1448,36,52128,26064,6246164,6244656,4940,NaN,4319,2163,4318,12,NaN,NaN,8328264,6675160,4317,238592,43520,2,NaN
2026-04-27 20:48:42.180,60478,ESTAB,bbr,232,28.636,0.153,20.107,1448,36,52128,26064,6246164,6246164,4940,NaN,4319,2164,4318,12,NaN,NaN,8328264,6288384,4319,238592,43520,NaN,NaN
2026-04-27 20:48:42.408,60478,ESTAB,bbr,232,28.636,0.153,20.107,1448,36,52128,26064,6246164,6246164,4940,NaN,4319,2164,4318,12,NaN,NaN,8328264,6288384,4319,238592,43520,NaN,NaN
2026-04-27 20:48:42.646,60478,ESTAB,bbr,232,29.731,1.287,20.107,1448,38,55024,26064,6377919,6353303,5764,NaN,4410,2203,4409,14,NaN,NaN,8385512,6691360,4393,238592,43520,17,525624
2026-04-27 20:48:42.891,60478,ESTAB,bbr,232,28.917,0.207,20.107,1448,38,55024,26064,6573399,6550231,5764,NaN,4545,2271,4544,14,NaN,NaN,8385512,6701976,4529,238592,43520,16,590784
2026-04-27 20:48:43.128,60478,ESTAB,bbr,232,30.152,0.628,20.107,1448,38,55024,26064,6776119,6755847,5764,NaN,4685,2342,4684,14,NaN,NaN,8321432,6694496,4671,238592,43520,14,388064
2026-04-27 20:48:43.366,60478,ESTAB,bbr,232,28.814,0.069,20.107,1448,38,55024,26064,6977391,6952775,5764,NaN,4824,2410,4823,14,NaN,NaN,8355608,6687144,4807,238592,43520,17,435488
2026-04-27 20:48:43.609,60478,ESTAB,bbr,232,30.267,0.4,20.107,1448,38,55024,26064,7181559,7158391,5764,NaN,4965,2481,4964,14,NaN,NaN,8355608,6704184,4949,238592,43520,16,231320
2026-04-27 20:48:43.844,60478,ESTAB,bbr,232,28.798,0.052,20.107,1448,38,55024,26064,7377039,7355319,5764,NaN,5100,2549,5099,14,NaN,NaN,8309472,6696808,5085,238592,43520,15,35840
2026-04-27 20:48:44.078,60478,ESTAB,bbr,232,30.092,0.678,20.107,1448,38,55024,26064,7412879,7412879,5764,NaN,5125,2569,5124,14,NaN,NaN,8309472,5858952,5125,238592,43520,NaN,NaN
2026-04-27 20:48:44.316,60478,ESTAB,bbr,232,30.092,0.678,20.107,1448,38,55024,26064,7412879,7412879,5764,NaN,5125,2569,5124,14,NaN,NaN,8309472,5858952,5125,238592,43520,NaN,NaN
2026-04-27 20:48:44.551,60478,ESTAB,bbr,232,29.084,0.909,20.107,1448,38,55024,26064,7430242,7415762,6588,NaN,5137,2572,5136,16,NaN,NaN,6647576,5858952,5127,238592,43520,10,640016
2026-04-27 20:48:44.779,60478,ESTAB,bbr,232,28.846,0.105,20.107,1448,38,55024,26064,7622826,7601106,6588,NaN,5270,2636,5269,16,NaN,NaN,8352192,6677512,5255,238592,43520,15,447432
2026-04-27 20:48:45.010,60478,ESTAB,bbr,232,30.181,0.561,20.107,1448,38,55024,26064,7818306,7795138,6588,NaN,5405,2703,5404,16,NaN,NaN,8349624,6695224,5389,238592,43520,16,512592
2026-04-27 20:48:45.237,60478,ESTAB,bbr,232,28.753,0.145,20.107,1448,38,55024,26064,8003650,7983378,6588,NaN,5533,2768,5532,16,NaN,NaN,8349624,6692728,5519,238592,43520,14,587888
2026-04-27 20:48:45.464,60478,ESTAB,bbr,232,29.889,1.01,20.107,1448,38,55024,26064,8196234,8171618,6588,NaN,5666,2833,5665,16,NaN,NaN,8324848,6694256,5649,238592,43520,17,395304
2026-04-27 20:48:45.695,60478,ESTAB,bbr,232,28.884,0.182,20.107,1448,38,55024,26064,8391714,8368546,6588,NaN,5801,2901,5800,16,NaN,NaN,8387224,6716008,5785,238592,43520,16,240623
2026-04-27 20:48:45.922,60478,ESTAB,bbr,232,29.713,1.11,20.107,1448,38,55024,26064,8581402,8556786,6588,NaN,5932,2966,5931,16,NaN,NaN,8550424,6703216,5915,238592,43520,17,50935
2026-04-27 20:48:46.162,60478,ESTAB,bbr,236,33.383,9.146,20.107,1448,38,55024,26064,8632337,8632337,6588,NaN,5968,2993,5967,16,NaN,NaN,8550424,2298336,5968,238592,43520,NaN,NaN
2026-04-27 20:48:46.399,60478,ESTAB,bbr,236,33.383,9.146,20.107,1448,38,55024,26064,8632337,8632337,6588,NaN,5968,2993,5967,16,NaN,NaN,8550424,2298336,5968,238592,43520,NaN,NaN
2026-04-27 20:48:46.656,60478,ESTAB,bbr,228,27.655,1.676,20.107,1448,36,52128,26064,8714860,8690244,7412,NaN,6025,3016,6024,18,NaN,NaN,8550424,6674304,6008,238592,43520,17,574856
2026-04-27 20:48:46.889,60478,ESTAB,bbr,232,30.335,0.431,20.107,1448,36,52128,26064,8919028,8892964,7412,NaN,6166,3086,6165,18,NaN,NaN,8360736,6671368,6148,238592,43520,18,370688
2026-04-27 20:48:47.111,60478,ESTAB,bbr,232,28.837,0.15,20.107,1448,36,52128,26064,9102924,9078308,7412,NaN,6293,3150,6292,18,NaN,NaN,8342792,6694656,6276,238592,43520,17,447432
2026-04-27 20:48:47.337,60478,ESTAB,bbr,232,30.017,0.796,20.107,1448,36,52128,26064,9288268,9266548,7412,NaN,6421,3215,6420,18,NaN,NaN,8323136,6666088,6406,238592,43520,15,292390
2026-04-27 20:48:47.568,60478,ESTAB,bbr,232,28.881,0.177,20.107,1448,36,52128,26064,9483748,9460580,7412,NaN,6556,3282,6555,18,NaN,NaN,8323136,6691440,6540,238592,43520,16,96910
2026-04-27 20:48:47.801,60478,ESTAB,bbr,236,33.427,9.231,20.107,1448,36,52128,26064,9580658,9580658,7412,NaN,6623,3324,6622,18,NaN,NaN,8349624,2576048,6623,238592,43520,NaN,NaN
2026-04-27 20:48:48.035,60478,ESTAB,bbr,236,33.427,9.231,20.107,1448,36,52128,26064,9580658,9580658,7412,NaN,6623,3324,6622,18,NaN,NaN,8349624,2576048,6623,238592,43520,NaN,NaN
2026-04-27 20:48:48.275,60478,ESTAB,bbr,236,33.427,9.231,20.107,1448,36,52128,26064,9580658,9580658,7412,NaN,6623,3324,6622,18,NaN,NaN,8349624,2576048,6623,238592,43520,NaN,NaN
2026-04-27 20:48:48.513,60478,ESTAB,bbr,236,33.427,9.231,20.107,1448,36,52128,26064,9580658,9580658,7412,NaN,6623,3324,6622,18,NaN,NaN,8349624,2576048,6623,238592,43520,NaN,NaN
2026-04-27 20:48:48.747,60478,ESTAB,bbr,232,29.953,1.006,20.107,1448,36,52128,26064,9715309,9693589,8236,NaN,6716,3366,6715,20,NaN,NaN,8349624,6693048,6701,238592,43520,15,522728
2026-04-27 20:48:48.976,60478,ESTAB,bbr,232,28.866,0.209,20.107,1448,36,52128,26064,9907893,9884725,8236,NaN,6849,3432,6848,20,NaN,NaN,8329976,6705856,6833,238592,43520,16,590784
2026-04-27 20:48:49.209,60478,ESTAB,bbr,232,29.919,0.923,20.107,1448,36,52128,26064,10103373,10078757,8236,NaN,6984,3499,6983,20,NaN,NaN,8319720,6691112,6967,238592,43520,17,395304
2026-04-27 20:48:49.440,60478,ESTAB,bbr,232,28.932,0.293,20.107,1448,36,52128,26064,10295957,10269893,8236,NaN,7117,3565,7116,20,NaN,NaN,8312032,6716872,7099,238592,43520,18,463360
2026-04-27 20:48:49.674,60478,ESTAB,bbr,232,29.785,1.032,20.107,1448,36,52128,26064,10491437,10466821,8236,NaN,7252,3633,7251,20,NaN,NaN,8334248,6687008,7235,238592,43520,17,327937
2026-04-27 20:48:49.905,60478,ESTAB,bbr,232,28.912,0.287,20.107,1448,36,52128,26064,10686917,10660853,8236,NaN,7387,3700,7386,20,NaN,NaN,8322288,6702624,7369,238592,43520,18,132457
2026-04-27 20:48:50.127,60478,ESTAB,bbr,232,28.623,0.154,20.107,1448,36,52128,26064,10819374,10819374,8236,NaN,7479,3755,7478,20,NaN,NaN,8338520,6293512,7479,238592,43520,NaN,NaN
2026-04-27 20:48:50.366,60478,ESTAB,bbr,232,28.623,0.154,20.107,1448,36,52128,26064,10819374,10819374,8236,NaN,7479,3755,7478,20,NaN,NaN,8338520,6293512,7479,238592,43520,NaN,NaN
2026-04-27 20:48:50.603,60478,ESTAB,bbr,232,28.623,0.154,20.107,1448,36,52128,26064,10822257,10819374,8644,NaN,7481,3756,7480,21,NaN,NaN,6670816,6293512,7479,238592,43520,2,NaN
2026-04-27 20:48:50.842,60478,ESTAB,bbr,232,28.956,0.311,20.107,1448,36,52128,26064,11007601,10984433,9060,NaN,7609,3814,7608,22,NaN,NaN,8329120,6695520,7593,238592,43520,16,469152
2026-04-27 20:48:51.073,60478,ESTAB,bbr,232,29.573,1.159,20.107,1448,36,52128,26064,11200185,11178465,9060,NaN,7742,3881,7741,22,NaN,NaN,8325704,6693288,7727,238592,43520,15,537208
2026-04-27 20:48:51.310,60478,ESTAB,bbr,232,28.991,0.288,20.107,1448,36,52128,26064,11398561,11375393,9060,NaN,7879,3949,7878,22,NaN,NaN,8336808,6705640,7863,238592,43520,16,599472
2026-04-27 20:48:51.543,60478,ESTAB,bbr,232,29.609,1.171,20.107,1448,36,52128,26064,11594041,11569425,9060,NaN,8014,4016,8013,22,NaN,NaN,8336808,6702728,7997,238592,43520,17,403992
2026-04-27 20:48:51.781,60478,ESTAB,bbr,232,28.912,0.277,20.107,1448,36,52128,26064,11792417,11769249,9060,NaN,8151,4085,8150,22,NaN,NaN,8323992,6707368,8135,238592,43520,16,222465
2026-04-27 20:48:52.017,60478,ESTAB,bbr,232,29.805,1.013,20.107,1448,36,52128,26064,11990793,11966177,9060,NaN,8288,4153,8287,22,NaN,NaN,8335960,6699584,8271,238592,43520,17,24089
2026-04-27 20:48:52.249,60478,ESTAB,bbr,232,28.842,0.539,20.107,1448,36,52128,26064,12014882,12014882,9060,NaN,8305,4170,8304,22,NaN,NaN,8335960,6678096,8305,238592,43520,NaN,NaN
2026-04-27 20:48:52.481,60478,ESTAB,bbr,232,28.842,0.539,20.107,1448,36,52128,26064,12014882,12014882,9060,NaN,8305,4170,8304,22,NaN,NaN,8335960,6678096,8305,238592,43520,NaN,NaN
2026-04-27 20:48:52.720,60478,ESTAB,bbr,228,25.123,0.907,20.107,1448,36,52128,26064,12078581,12052517,9884,NaN,8349,4185,8348,24,NaN,NaN,8342792,6714384,8331,238592,43520,18,593680
2026-04-27 20:48:52.945,60478,ESTAB,bbr,232,29.467,1.17,20.107,1448,36,52128,26064,12265373,12240757,9884,NaN,8478,4250,8477,24,NaN,NaN,8342792,6691112,8461,238592,43520,17,406888
2026-04-27 20:48:53.174,60478,ESTAB,bbr,232,29.083,0.412,20.107,1448,36,52128,26064,12457957,12431893,9884,NaN,8611,4316,8610,24,NaN,NaN,8321432,6694232,8593,238592,43520,18,474944
2026-04-27 20:48:53.398,60478,ESTAB,bbr,232,28.714,0.75,20.107,1448,36,52128,26064,12644749,12620133,9884,NaN,8740,4381,8739,24,NaN,NaN,8326560,6305288,8723,238592,43520,17,487019
2026-04-27 20:48:53.625,60478,ESTAB,bbr,232,29.513,0.5,20.107,1448,36,52128,26064,12834437,12808373,9884,NaN,8871,4446,8870,24,NaN,NaN,8326560,6690152,8853,238592,43520,18,297331
2026-04-27 20:48:53.876,60478,ESTAB,bbr,232,29.174,1.154,20.107,1448,36,52128,26064,13038605,13016885,9884,NaN,9012,4518,9011,24,NaN,NaN,8323136,6301000,8997,238592,43520,15,93163
2026-04-27 20:48:54.109,60478,ESTAB,bbr,232,28.366,0.161,20.107,1448,36,52128,26064,13131768,13131768,9884,NaN,9077,4558,9076,24,NaN,NaN,8315448,5510936,9077,238592,43520,NaN,NaN
2026-04-27 20:48:54.340,60478,ESTAB,bbr,232,28.366,0.161,20.107,1448,36,52128,26064,13131768,13131768,9884,NaN,9077,4558,9076,24,NaN,NaN,8315448,5510936,9077,238592,43520,NaN,NaN
2026-04-27 20:48:54.566,60478,ESTAB,bbr,232,28.366,0.161,20.107,1448,36,52128,26064,13131768,13131768,9884,NaN,9077,4558,9076,24,NaN,NaN,8315448,5510936,9077,238592,43520,NaN,NaN
2026-04-27 20:48:54.797,60478,ESTAB,bbr,228,27.68,1.297,20.107,1448,36,52128,26064,13234563,13209947,10708,NaN,9148,4587,9147,26,NaN,NaN,8322288,6084832,9131,238592,43520,17,554584
2026-04-27 20:48:55.031,60478,ESTAB,bbr,232,29.307,0.616,20.107,1448,36,52128,26064,13430043,13406875,10708,NaN,9283,4655,9282,26,NaN,NaN,8322288,6684144,9267,238592,43520,16,619744
2026-04-27 20:48:55.259,60478,ESTAB,bbr,232,28.291,0.265,20.107,1448,36,52128,26064,13622627,13598011,10708,NaN,9416,4721,9415,26,NaN,NaN,8374408,5922288,9399,238592,43520,17,427160
2026-04-27 20:48:55.493,60478,ESTAB,bbr,232,29.884,0.424,20.107,1448,36,52128,26064,13818107,13792043,10708,NaN,9551,4788,9550,26,NaN,NaN,8324848,6523208,9533,238592,43520,18,492320
2026-04-27 20:48:55.724,60478,ESTAB,bbr,232,28.42,0.166,20.107,1448,36,52128,26064,14010691,13986075,10708,NaN,9684,4855,9683,26,NaN,NaN,8335104,5821288,9667,238592,43520,17,386847
2026-04-27 20:48:55.966,60478,ESTAB,bbr,232,29.039,0.769,20.107,1448,36,52128,26064,14209067,14185899,10708,NaN,9821,4924,9820,26,NaN,NaN,8332536,6297784,9805,238592,43520,16,188471
2026-04-27 20:48:56.203,60478,ESTAB,bbr,232,28.488,0.429,20.107,1448,36,52128,26064,14397538,14385723,10708,NaN,9952,4993,9951,26,NaN,NaN,8331688,6207304,9943,238592,43520,9,NaN
2026-04-27 20:48:56.438,60478,ESTAB,bbr,236,34.098,10.458,20.107,1448,36,52128,26064,14397538,14397538,10708,NaN,9952,4998,9951,26,NaN,NaN,8331688,2823536,9952,238592,43520,NaN,NaN
2026-04-27 20:48:56.665,60478,ESTAB,bbr,236,34.098,10.458,20.107,1448,36,52128,26064,14397538,14397538,10708,NaN,9952,4998,9951,26,NaN,NaN,8331688,2823536,9952,238592,43520,NaN,NaN
2026-04-27 20:48:56.890,60478,ESTAB,bbr,232,30.31,0.398,20.107,1448,36,52128,26064,14556805,14533637,11532,NaN,10062,5048,10061,28,NaN,NaN,8341936,5854512,10046,238592,43520,16,498112
2026-04-27 20:48:57.114,60478,ESTAB,bbr,232,28.695,0.161,20.107,1448,36,52128,26064,14743597,14718981,11532,NaN,10191,5112,10190,28,NaN,NaN,8343648,6417280,10174,238592,43520,17,571960
2026-04-27 20:48:57.342,60478,ESTAB,bbr,232,30.145,0.582,20.107,1448,36,52128,26064,14933285,14910117,11532,NaN,10322,5178,10321,28,NaN,NaN,8332536,6701272,10306,238592,43520,16,382272
2026-04-27 20:48:57.570,60478,ESTAB,bbr,232,28.849,0.164,20.107,1448,36,52128,26064,15122973,15101253,11532,NaN,10453,5244,10452,28,NaN,NaN,8332536,6694232,10438,238592,43520,15,329191
2026-04-27 20:48:57.797,60478,ESTAB,bbr,232,30.027,0.756,20.107,1448,36,52128,26064,15314109,15292389,11532,NaN,10585,5310,10584,28,NaN,NaN,8323992,6696192,10570,238592,43520,15,138055
2026-04-27 20:48:58.023,60478,ESTAB,bbr,232,29.508,0.51,20.107,1448,36,52128,26064,15452164,15451669,11532,NaN,10681,5365,10680,28,NaN,NaN,8330832,6681224,10680,238592,43520,1,NaN
2026-04-27 20:48:58.247,60478,ESTAB,bbr,236,34.004,9.375,20.107,1448,36,52128,26064,15452164,15452164,11532,NaN,10681,5366,10680,28,NaN,NaN,8330832,2556832,10681,238592,43520,NaN,NaN
2026-04-27 20:48:58.473,60478,ESTAB,bbr,236,34.004,9.375,20.107,1448,36,52128,26064,15452164,15452164,11532,NaN,10681,5366,10680,28,NaN,NaN,8330832,2556832,10681,238592,43520,NaN,NaN
2026-04-27 20:48:58.700,60478,ESTAB,bbr,236,34.004,9.375,20.107,1448,36,52128,26064,15452164,15452164,11532,NaN,10681,5366,10680,28,NaN,NaN,8330832,2556832,10681,238592,43520,NaN,NaN
2026-04-27 20:48:58.926,60478,ESTAB,bbr,232,29.25,0.605,20.107,1448,36,52128,26064,15620119,15596951,12356,NaN,10797,5419,10796,30,NaN,NaN,8336808,6691112,10781,238592,43520,16,489424
2026-04-27 20:48:59.153,60478,ESTAB,bbr,232,28.26,0.281,20.107,1448,36,52128,26064,15809807,15785191,12356,NaN,10928,5484,10927,30,NaN,NaN,8324848,5818912,10911,238592,43520,17,560376
2026-04-27 20:48:59.381,60478,ESTAB,bbr,232,30.189,0.496,20.107,1448,36,52128,26064,15999495,15976327,12356,NaN,11059,5550,11058,30,NaN,NaN,8312888,6297576,11043,238592,43520,16,370688
2026-04-27 20:48:59.611,60478,ESTAB,bbr,232,28.875,0.092,20.107,1448,36,52128,26064,16189183,16167463,12356,NaN,11190,5616,11189,30,NaN,NaN,8333392,6697024,11175,238592,43520,15,297861
2026-04-27 20:48:59.855,60478,ESTAB,bbr,232,30.351,0.275,20.107,1448,36,52128,26064,16396247,16370183,12356,NaN,11333,5686,11332,30,NaN,NaN,8323136,5857896,11315,238592,43520,18,90797
2026-04-27 20:49:00.093,60478,ESTAB,bbr,236,34.891,9.829,20.107,1448,36,52128,26064,16487044,16487044,12356,NaN,11396,5727,11395,30,NaN,NaN,8359880,2802680,11396,238592,43520,NaN,NaN
2026-04-27 20:49:00.330,60478,ESTAB,bbr,236,34.891,9.829,20.107,1448,36,52128,26064,16487044,16487044,12356,NaN,11396,5727,11395,30,NaN,NaN,8359880,2802680,11396,238592,43520,NaN,NaN
2026-04-27 20:49:00.577,60478,ESTAB,bbr,236,34.891,9.829,20.107,1448,36,52128,26064,16487044,16487044,12356,NaN,11396,5727,11395,30,NaN,NaN,8359880,2802680,11396,238592,43520,NaN,NaN
2026-04-27 20:49:00.824,60478,ESTAB,bbr,228,25.931,3.404,20.107,1448,36,52128,26064,16542055,16518887,13180,NaN,11434,5741,11433,32,NaN,NaN,8359880,6726816,11418,238592,43520,16,602368
2026-04-27 20:49:01.071,60478,ESTAB,bbr,232,29.689,1.034,20.107,1448,36,52128,26064,16749119,16724503,13180,NaN,11577,5812,11576,32,NaN,NaN,8323992,6684840,11560,238592,43520,17,395304
2026-04-27 20:49:01.327,60478,ESTAB,bbr,232,28.909,0.099,20.107,1448,36,52128,26064,16963423,16938807,13180,NaN,11725,5886,11724,32,NaN,NaN,8298360,6635224,11708,238592,43520,17,441640
2026-04-27 20:49:01.557,60478,ESTAB,bbr,236,35.384,0.508,20.107,1448,36,52128,26064,17077815,17066231,13180,NaN,11804,5931,11803,32,NaN,NaN,8288960,3347008,11796,238080,43520,8,587888
2026-04-27 20:49:01.784,60478,ESTAB,bbr,236,34.224,3.052,20.107,1448,30,43440,26064,17196551,17179175,13180,NaN,11886,5972,11885,32,NaN,NaN,5791424,4246328,11874,238592,43520,12,469152
2026-04-27 20:49:02.030,60478,ESTAB,bbr,236,33.092,2.068,20.107,1448,30,43440,26064,17312391,17295015,13180,NaN,11966,6015,11965,32,NaN,NaN,5791424,4360056,11954,238592,43520,12,382341
2026-04-27 20:49:02.266,60478,ESTAB,bbr,240,36.333,1.209,20.107,1448,28,40544,26064,17413751,17399271,13180,NaN,12036,6057,12035,32,NaN,NaN,5394960,3016024,12026,238080,43520,10,280981
2026-04-27 20:49:02.503,60478,ESTAB,bbr,240,36.565,0.888,20.107,1448,24,34752,26064,17513663,17499183,13180,NaN,12105,6099,12104,32,NaN,NaN,4152600,3347168,12095,238592,43520,10,181069
2026-04-27 20:49:02.740,60478,ESTAB,bbr,240,36.815,1.508,20.107,1448,24,34752,26064,17612127,17596199,13180,NaN,12173,6143,12172,32,NaN,NaN,4324336,3347728,12162,238592,43520,11,82605
2026-04-27 20:49:02.977,60478,ESTAB,bbr,236,34.563,5.467,20.107,1448,28,40544,26064,17697628,17694732,13596,NaN,12233,6187,12232,33,NaN,NaN,4320752,1942536,12231,238592,43520,2,634123
2026-04-27 20:49:03.211,60478,ESTAB,bbr,236,35.761,0.685,20.107,1448,28,40544,26064,17797540,17783060,13596,NaN,12302,6225,12301,33,NaN,NaN,5400936,3353704,12292,238080,43520,10,534216
2026-04-27 20:49:03.448,60478,ESTAB,bbr,236,33.737,2.142,20.107,1448,26,37648,26064,17901796,17888764,13596,NaN,12374,6273,12373,33,NaN,NaN,3913352,3898552,12365,238592,43520,9,429960
2026-04-27 20:49:03.685,60478,ESTAB,bbr,236,34.954,0.678,20.107,1448,28,40544,26064,18004604,17990124,13596,NaN,12445,6318,12444,33,NaN,NaN,5112992,3342416,12435,238592,43520,10,327152
2026-04-27 20:49:03.919,60478,ESTAB,bbr,240,36.246,1.017,20.107,1448,24,34752,26064,18103068,18087140,13596,NaN,12513,6360,12512,33,NaN,NaN,4340576,3215984,12502,238080,43520,11,228688
2026-04-27 20:49:04.150,60478,ESTAB,bbr,236,35.663,0.82,20.107,1448,24,34752,26064,18197188,18184156,13596,NaN,12578,6403,12577,33,NaN,NaN,4335448,3185912,12569,238080,43520,9,134568
2026-04-27 20:49:04.400,60478,ESTAB,bbr,236,34.369,2.005,20.107,1448,30,43440,26064,18307236,18292756,13596,NaN,12654,6451,12653,33,NaN,NaN,5482968,3200320,12644,238080,43520,10,24520
2026-04-27 20:49:04.654,60478,ESTAB,bbr,236,32.176,2.562,20.107,1448,28,40544,26064,18332812,18332812,14002,NaN,12672,6470,12671,34,NaN,NaN,5482968,2508800,12672,238080,43520,NaN,NaN
2026-04-27 20:49:04.909,60478,ESTAB,bbr,232,29.011,1.872,20.107,1448,28,40544,26064,18367551,18353071,14826,NaN,12696,6480,12695,36,NaN,NaN,5482968,3534720,12686,238080,43520,10,622640
2026-04-27 20:49:05.152,60478,ESTAB,bbr,240,36.774,1.164,20.107,1448,24,34752,26064,18467463,18452983,14826,NaN,12765,6528,12764,36,NaN,NaN,4373896,3216136,12755,238080,43520,10,522728
2026-04-27 20:49:05.398,60478,ESTAB,bbr,232,31.672,2.85,20.107,1448,26,37648,26064,18580407,18565927,14826,NaN,12843,6575,12842,36,NaN,NaN,4038440,3346520,12833,238080,43520,10,409784
2026-04-27 20:49:05.646,60478,ESTAB,bbr,236,35.169,1.507,20.107,1448,28,40544,26064,18681767,18667287,14826,NaN,12913,6620,12912,36,NaN,NaN,5048056,2985560,12903,238080,43520,10,435655
2026-04-27 20:49:05.895,60478,ESTAB,bbr,240,36.592,1.539,20.107,1448,30,43440,26064,18790367,18772991,14826,NaN,12988,6667,12987,36,NaN,NaN,5042928,3210192,12976,238592,43520,12,327055
2026-04-27 20:49:06.145,60478,ESTAB,bbr,240,36.37,3.357,20.107,1448,30,43440,26064,18897519,18883039,14826,NaN,13062,6715,13061,36,NaN,NaN,5696576,3347976,13052,238080,43520,10,219903
2026-04-27 20:49:06.398,60478,ESTAB,bbr,236,34.181,2.163,20.107,1448,26,37648,26064,19007567,18993087,14826,NaN,13138,6763,13137,36,NaN,NaN,4691752,3507976,13128,238080,43520,10,109855
2026-04-27 20:49:06.653,60478,ESTAB,bbr,240,37.599,2.322,20.107,1448,26,37648,26064,19113271,19095895,14826,NaN,13211,6809,13210,36,NaN,NaN,4691752,3216584,13199,238592,43520,12,4151
2026-04-27 20:49:06.902,60478,ESTAB,bbr,236,34.453,2.32,20.107,1448,26,37648,26064,19128993,19120305,15650,NaN,13222,6822,13221,38,NaN,NaN,3753400,2621536,13216,238592,43520,6,645808
2026-04-27 20:49:07.155,60478,ESTAB,bbr,236,35.312,0.77,20.107,1448,24,34752,26064,19237593,19223113,15650,NaN,13297,6866,13296,38,NaN,NaN,4348264,3504120,13287,238080,43520,10,537208
2026-04-27 20:49:07.414,60478,ESTAB,bbr,236,34.046,1.781,20.107,1448,24,34752,26064,19341849,19325921,15650,NaN,13369,6910,13368,38,NaN,NaN,4338864,2917808,13358,238080,43520,11,432952
2026-04-27 20:49:07.676,60478,ESTAB,bbr,236,35.228,1.882,20.107,1448,28,40544,26064,19454793,19441761,15650,NaN,13447,6961,13446,38,NaN,NaN,5371888,3652048,13438,238080,43520,9,417020
2026-04-27 20:49:07.928,60478,ESTAB,bbr,240,37.502,2.141,20.107,1448,28,40544,26064,19566289,19551809,15650,NaN,13524,7009,13523,38,NaN,NaN,5371888,3349832,13514,238080,43520,10,305524
2026-04-27 20:49:08.174,60478,ESTAB,bbr,236,35.08,1.156,20.107,1448,24,34752,26064,19664753,19650273,15650,NaN,13592,7053,13591,38,NaN,NaN,4590072,3165576,13582,238080,43520,10,207060
2026-04-27 20:49:08.456,60478,ESTAB,bbr,240,36.829,2.324,20.107,1448,24,34752,26064,19783489,19770457,15650,NaN,13674,7105,13673,38,NaN,NaN,4367920,3203392,13665,238592,43520,9,88324
2026-04-27 20:49:08.715,60478,ESTAB,bbr,240,37.125,2.483,20.107,1448,24,34752,26064,19872869,19871813,16056,NaN,13736,7150,13735,39,NaN,NaN,3494336,3203056,13735,238592,43520,1,NaN
2026-04-27 20:49:08.963,60478,ESTAB,bbr,232,29.862,3.348,20.102,1448,24,34752,26064,19901816,19887336,16880,NaN,13756,7159,13755,41,NaN,NaN,4367920,3203056,13746,238592,43520,10,391228
2026-04-27 20:49:09.204,60478,ESTAB,bbr,240,36.985,2.305,20.102,1448,24,34752,26064,20001728,19988696,16880,NaN,13825,7202,13824,41,NaN,NaN,4320920,3346424,13816,238080,43520,9,291316
2026-04-27 20:49:09.444,60478,ESTAB,bbr,236,35.694,1.673,20.102,1448,24,34752,26064,20103088,20088608,16880,NaN,13895,7245,13894,41,NaN,NaN,4335448,3200400,13885,238080,43520,10,189956
2026-04-27 20:49:09.693,60478,ESTAB,bbr,236,35.888,1.893,20.102,1448,24,34752,26064,20207344,20194312,16880,NaN,13967,7292,13966,41,NaN,NaN,3769808,3347728,13958,238080,43520,9,85700
2026-04-27 20:49:09.950,60478,ESTAB,bbr,236,34.344,3.284,20.102,1448,26,37648,26064,20293044,20293044,16880,NaN,14027,7335,14026,41,NaN,NaN,4712256,2128120,14027,238592,43520,NaN,NaN
2026-04-27 20:49:10.207,60478,ESTAB,bbr,236,34.344,3.284,20.102,1448,26,37648,26064,20293044,20293044,16880,NaN,14027,7335,14026,41,NaN,NaN,4712256,2128120,14027,238592,43520,NaN,NaN
2026-04-27 20:49:10.460,60478,ESTAB,bbr,236,34.344,3.284,20.102,1448,26,37648,26064,20293044,20293044,16880,NaN,14027,7335,14026,41,NaN,NaN,4712256,2128120,14027,238592,43520,NaN,NaN
2026-04-27 20:49:10.719,60478,ESTAB,bbr,236,34.344,3.284,20.102,1448,26,37648,26064,20293044,20293044,16880,NaN,14027,7335,14026,41,NaN,NaN,4712256,2128120,14027,238592,43520,NaN,NaN
2026-04-27 20:49:10.995,60478,ESTAB,bbr,232,29.897,3.573,20.102,1448,26,37648,26064,20319095,20304615,17704,NaN,14045,7342,14044,43,NaN,NaN,4712256,2128120,14035,238080,43520,10,415004
2026-04-27 20:49:11.255,60478,ESTAB,bbr,236,34.493,1.73,20.102,1448,26,37648,26064,20432039,20416111,17704,NaN,14123,7394,14122,43,NaN,NaN,3921552,3961592,14112,238080,43520,11,302060
2026-04-27 20:49:11.511,60478,ESTAB,bbr,236,33.612,2.795,20.097,1448,32,46336,26064,20558015,20543535,17704,NaN,14210,7446,14209,43,NaN,NaN,5840976,3654736,14200,238080,43520,10,176084
2026-04-27 20:49:11.768,60478,ESTAB,bbr,236,35.465,0.609,20.097,1448,28,40544,26064,20665167,20650687,17704,NaN,14284,7493,14283,43,NaN,NaN,5840976,3210864,14274,238080,43520,10,68932
2026-04-27 20:49:12.035,60478,ESTAB,bbr,236,33.769,1.595,20.097,1448,24,34752,26064,20734099,20734099,17704,NaN,14332,7528,14331,43,NaN,NaN,3888744,2459440,14332,238592,43520,NaN,NaN
2026-04-27 20:49:12.300,60478,ESTAB,bbr,236,33.769,1.595,20.097,1448,24,34752,26064,20734099,20734099,17704,NaN,14332,7528,14331,43,NaN,NaN,3888744,2459440,14332,238592,43520,NaN,NaN
2026-04-27 20:49:12.566,60478,ESTAB,bbr,236,33.769,1.595,20.097,1448,24,34752,26064,20734099,20734099,17704,NaN,14332,7528,14331,43,NaN,NaN,3888744,2459440,14332,238592,43520,NaN,NaN
2026-04-27 20:49:12.821,60478,ESTAB,bbr,236,33.769,1.595,20.097,1448,24,34752,26064,20734099,20734099,17704,NaN,14332,7528,14331,43,NaN,NaN,3888744,2459440,14332,238592,43520,NaN,NaN
2026-04-27 20:49:13.075,60478,ESTAB,bbr,232,30.028,2.846,20.097,1448,26,37648,26064,20780422,20763046,18528,NaN,14364,7548,14363,45,NaN,NaN,4860928,3332272,14352,238592,43520,12,381329
2026-04-27 20:49:13.337,60478,ESTAB,bbr,236,34.408,0.615,20.097,1448,24,34752,26064,20890470,20873094,18528,NaN,14440,7594,14439,45,NaN,NaN,4397824,2880872,14428,238592,43520,12,271281
2026-04-27 20:49:13.601,60478,ESTAB,bbr,240,36.012,2.215,20.097,1448,26,37648,26064,21000518,20988934,18528,NaN,14516,7644,14515,45,NaN,NaN,4589216,3073344,14508,238080,43520,8,161233
2026-04-27 20:49:13.876,60478,ESTAB,bbr,236,35.434,0.863,20.097,1448,24,34752,26064,21117806,21103326,18528,NaN,14597,7693,14596,45,NaN,NaN,4589216,3345800,14587,238592,43520,10,43945
2026-04-27 20:49:14.147,60478,ESTAB,bbr,240,36.742,2.154,20.097,1448,24,34752,26064,21161751,21161751,18528,NaN,14628,7719,14627,45,NaN,NaN,4345704,2908792,14628,238592,43520,NaN,NaN
2026-04-27 20:49:14.407,60478,ESTAB,bbr,240,36.742,2.154,20.097,1448,24,34752,26064,21161751,21161751,18528,NaN,14628,7719,14627,45,NaN,NaN,4345704,2908792,14628,238592,43520,NaN,NaN
2026-04-27 20:49:14.662,60478,ESTAB,bbr,240,36.742,2.154,20.097,1448,24,34752,26064,21161751,21161751,18528,NaN,14628,7719,14627,45,NaN,NaN,4345704,2908792,14628,238592,43520,NaN,NaN
2026-04-27 20:49:14.927,60478,ESTAB,bbr,240,36.742,2.154,20.097,1448,24,34752,26064,21161751,21161751,18528,NaN,14628,7719,14627,45,NaN,NaN,4345704,2908792,14628,238592,43520,NaN,NaN
2026-04-27 20:49:15.203,60478,ESTAB,bbr,236,35.574,2.851,20.097,1448,24,34752,26064,21244274,21229794,19352,NaN,14685,7753,14684,47,NaN,NaN,4345704,3348360,14675,238080,43520,10,369658
2026-04-27 20:49:15.466,60478,ESTAB,bbr,236,35.186,0.869,20.097,1448,30,43440,26064,21368802,21352874,19352,NaN,14771,7806,14770,47,NaN,NaN,5711104,3348456,14760,238080,43520,11,245130
2026-04-27 20:49:15.729,60478,ESTAB,bbr,236,35.845,0.767,20.097,1448,28,40544,26064,21477402,21462922,19352,NaN,14846,7853,14845,47,NaN,NaN,5711104,3506920,14836,238080,43520,10,136530
2026-04-27 20:49:15.998,60478,ESTAB,bbr,236,35.388,2.262,20.097,1448,24,34752,26064,21590346,21572970,19352,NaN,14924,7901,14923,47,NaN,NaN,4339720,3191824,14912,238592,43520,12,23586
2026-04-27 20:49:16.262,60478,ESTAB,bbr,236,34.219,1.915,20.097,1448,24,34752,26064,21613932,21613932,19352,NaN,14941,7920,14940,47,NaN,NaN,3797144,3011176,14941,238592,43520,NaN,NaN
2026-04-27 20:49:16.529,60478,ESTAB,bbr,236,34.219,1.915,20.097,1448,24,34752,26064,21613932,21613932,19352,NaN,14941,7920,14940,47,NaN,NaN,3797144,3011176,14941,238592,43520,NaN,NaN
2026-04-27 20:49:16.781,60478,ESTAB,bbr,236,34.219,1.915,20.097,1448,24,34752,26064,21613932,21613932,19352,NaN,14941,7920,14940,47,NaN,NaN,3797144,3011176,14941,238592,43520,NaN,NaN
2026-04-27 20:49:17.048,60478,ESTAB,bbr,236,32.639,2.25,20.097,1448,24,34752,26064,21616815,21615380,19760,NaN,14943,7922,14942,48,NaN,NaN,3797144,3011176,14942,238080,43520,1,NaN
2026-04-27 20:49:17.320,60478,ESTAB,bbr,236,35.894,1.591,20.097,1448,26,37648,26064,21736999,21719623,20176,NaN,15026,7973,15025,49,NaN,NaN,4746432,3344280,15014,238080,43520,12,180960
2026-04-27 20:49:17.574,60478,ESTAB,bbr,236,35.932,2.507,20.097,1448,28,40544,26064,21852839,21838359,20176,NaN,15106,8024,15105,49,NaN,NaN,5266792,3337624,15096,238592,43520,10,65120
2026-04-27 20:49:17.837,60478,ESTAB,bbr,232,29.902,1.805,20.097,1448,28,40544,26064,21955607,21941127,20592,NaN,15177,8070,15176,50,NaN,NaN,5025840,3160416,15167,238592,43520,10,228672
2026-04-27 20:49:18.097,60478,ESTAB,bbr,236,34.161,1.229,20.097,1448,28,40544,26064,22068551,22054071,20592,NaN,15255,8118,15254,50,NaN,NaN,5025840,3399056,15245,238592,43520,10,158616
2026-04-27 20:49:18.359,60478,ESTAB,bbr,240,36.611,1.233,20.097,1448,26,37648,26064,22180047,22165567,20592,NaN,15332,8165,15331,50,NaN,NaN,4550768,3342656,15322,238080,43520,10,47120
2026-04-27 20:49:18.619,60478,ESTAB,bbr,240,36.315,1.155,20.097,1448,24,34752,26064,22227167,22227167,20592,NaN,15365,8193,15364,50,NaN,NaN,4550768,3042576,15365,238592,43520,NaN,NaN
2026-04-27 20:49:18.878,60478,ESTAB,bbr,240,36.315,1.155,20.097,1448,24,34752,26064,22227167,22227167,20592,NaN,15365,8193,15364,50,NaN,NaN,4550768,3042576,15365,238592,43520,NaN,NaN
2026-04-27 20:49:19.142,60478,ESTAB,bbr,232,28.637,1.611,20.097,1448,24,34752,26064,22261906,22247426,21416,NaN,15389,8206,15388,52,NaN,NaN,4155160,3358360,15379,238080,43520,10,155025
2026-04-27 20:49:19.402,60478,ESTAB,bbr,236,35.562,1.313,20.097,1448,24,34752,26064,22369058,22353130,21416,NaN,15463,8253,15462,52,NaN,NaN,4157720,3346120,15452,238080,43520,11,121307
2026-04-27 20:49:19.673,60478,ESTAB,bbr,236,35.753,2.291,20.097,1448,30,43440,26064,22499378,22483450,21416,NaN,15553,8310,15552,52,NaN,NaN,5799112,3492568,15542,238592,43520,11,53502
2026-04-27 20:49:19.941,60478,ESTAB,bbr,236,32.716,1.722,20.097,1448,30,43440,26064,22585205,22585205,21416,NaN,15613,8354,15612,52,NaN,NaN,5799112,3346680,15613,238592,43520,NaN,NaN
2026-04-27 20:49:20.199,60478,ESTAB,bbr,240,36.116,2.632,20.097,1448,30,43440,26064,22640510,22640510,21416,NaN,15652,8380,15651,52,NaN,NaN,5784584,2508984,15652,238592,43520,NaN,NaN
2026-04-27 20:49:20.458,60478,ESTAB,bbr,240,36.116,2.632,20.097,1448,30,43440,26064,22640510,22640510,21416,NaN,15652,8380,15651,52,NaN,NaN,5784584,2508984,15652,238592,43520,NaN,NaN
2026-04-27 20:49:20.704,60478,ESTAB,bbr,240,36.116,2.632,20.097,1448,30,43440,26064,22640510,22640510,21416,NaN,15652,8380,15651,52,NaN,NaN,5784584,2508984,15652,238592,43520,NaN,NaN
2026-04-27 20:49:20.970,60478,ESTAB,bbr,240,36.116,2.632,20.097,1448,30,43440,26064,22640510,22640510,21416,NaN,15652,8380,15651,52,NaN,NaN,5784584,2508984,15652,238592,43520,NaN,NaN
2026-04-27 20:49:21.231,60478,ESTAB,bbr,240,36.128,3.148,20.097,1448,28,40544,26064,22701313,22685385,22240,NaN,15694,8407,15693,54,NaN,NaN,5784584,3066536,15683,238080,43520,11,147691
2026-04-27 20:49:21.483,60478,ESTAB,bbr,228,27.154,2.699,20.097,1448,4,5792,26064,22780953,22775161,22240,NaN,15749,8446,15748,54,NaN,NaN,3485448,3502000,15745,238592,43520,4,123891
2026-04-27 20:49:21.744,60478,ESTAB,bbr,236,33.053,5.951,20.097,1448,24,34752,26064,22876521,22862041,22240,NaN,15815,8481,15814,54,NaN,NaN,4343992,3167936,15805,238592,43520,10,79927
2026-04-27 20:49:22.006,60478,ESTAB,bbr,228,27.875,1.295,20.097,1448,26,37648,26064,23001049,22983673,22240,NaN,15901,8534,15900,54,NaN,NaN,4253760,4246328,15889,238080,43520,12,6828
2026-04-27 20:49:22.275,60478,ESTAB,bbr,236,32.939,4.715,20.097,1448,30,43440,26064,23053383,23053383,22240,NaN,15938,8564,15937,54,NaN,NaN,5447080,2130024,15938,238592,43520,NaN,NaN
2026-04-27 20:49:22.539,60478,ESTAB,bbr,236,32.939,4.715,20.097,1448,30,43440,26064,23053383,23053383,22240,NaN,15938,8564,15937,54,NaN,NaN,5447080,2130024,15938,238592,43520,NaN,NaN
2026-04-27 20:49:22.793,60478,ESTAB,bbr,236,32.939,4.715,20.097,1448,30,43440,26064,23053383,23053383,22240,NaN,15938,8564,15937,54,NaN,NaN,5447080,2130024,15938,238592,43520,NaN,NaN
2026-04-27 20:49:23.070,60478,ESTAB,bbr,236,32.939,4.715,20.097,1448,30,43440,26064,23053383,23053383,22240,NaN,15938,8564,15937,54,NaN,NaN,5447080,2130024,15938,238592,43520,NaN,NaN
2026-04-27 20:49:23.341,60478,ESTAB,bbr,236,34.978,1.906,20.097,1448,26,37648,26064,23141698,23127218,23064,NaN,15999,8603,15998,56,NaN,NaN,5447080,3248184,15989,238592,43520,10,211655
2026-04-27 20:49:23.586,60478,ESTAB,bbr,240,36.51,2.847,20.097,1448,28,40544,26064,23253194,23238714,23064,NaN,16076,8654,16075,56,NaN,NaN,5029256,3213016,16066,238592,43520,10,153612
2026-04-27 20:49:23.846,60478,ESTAB,bbr,240,36.182,0.961,20.097,1448,26,37648,26064,23363242,23348762,23064,NaN,16152,8701,16151,56,NaN,NaN,4744728,3194088,16142,238080,43520,10,94746
2026-04-27 20:49:24.121,60478,ESTAB,bbr,236,34.957,1.961,20.097,1448,26,37648,26064,23484874,23467498,23064,NaN,16236,8751,16235,56,NaN,NaN,4838712,3338888,16224,238592,43520,12,28115
2026-04-27 20:49:24.378,60478,ESTAB,bbr,236,33.582,1.215,20.097,1448,28,40544,26064,23512989,23512989,23064,NaN,16256,8772,16255,56,NaN,NaN,5520560,3826464,16256,238592,43520,NaN,NaN
2026-04-27 20:49:24.637,60478,ESTAB,bbr,236,33.582,1.215,20.097,1448,28,40544,26064,23512989,23512989,23064,NaN,16256,8772,16255,56,NaN,NaN,5520560,3826464,16256,238592,43520,NaN,NaN
2026-04-27 20:49:24.887,60478,ESTAB,bbr,236,33.582,1.215,20.097,1448,28,40544,26064,23512989,23512989,23064,NaN,16256,8772,16255,56,NaN,NaN,5520560,3826464,16256,238592,43520,NaN,NaN
2026-04-27 20:49:25.148,60478,ESTAB,bbr,236,33.582,1.215,20.097,1448,28,40544,26064,23512989,23512989,23472,NaN,16256,8773,16255,57,NaN,NaN,5520560,3826464,16256,238592,43520,NaN,NaN
2026-04-27 20:49:25.417,60478,ESTAB,bbr,236,35.757,1.354,20.097,1448,28,40544,26064,23621576,23604200,23888,NaN,16331,8819,16330,58,NaN,NaN,5520560,3189600,16319,238080,43520,12,201830
2026-04-27 20:49:25.681,60478,ESTAB,bbr,240,36.137,2.688,20.097,1448,32,46336,26064,23757688,23743208,23888,NaN,16425,8880,16424,58,NaN,NaN,6110984,3335176,16415,238592,43520,10,124656
2026-04-27 20:49:25.939,60478,ESTAB,bbr,236,35.038,1.703,20.097,1448,26,37648,26064,23867736,23853256,23888,NaN,16501,8928,16500,58,NaN,NaN,4964320,3199192,16491,238080,43520,10,64067
2026-04-27 20:49:26.193,60478,ESTAB,bbr,240,36.522,0.919,20.097,1448,26,37648,26064,23968024,23957512,23888,NaN,16571,8973,16570,58,NaN,NaN,4964320,3347392,16563,238080,43520,8,NaN
2026-04-27 20:49:26.460,60478,ESTAB,bbr,236,35.659,1.063,20.097,1448,26,37648,26064,23968024,23968024,23888,NaN,16571,8978,16570,58,NaN,NaN,4964320,2677296,16571,238592,43520,NaN,NaN
2026-04-27 20:49:26.710,60478,ESTAB,bbr,236,35.659,1.063,20.097,1448,26,37648,26064,23968024,23968024,23888,NaN,16571,8978,16570,58,NaN,NaN,4964320,2677296,16571,238592,43520,NaN,NaN
2026-04-27 20:49:26.958,60478,ESTAB,bbr,236,35.659,1.063,20.097,1448,26,37648,26064,23968024,23968024,23888,NaN,16571,8978,16570,58,NaN,NaN,4964320,2677296,16571,238592,43520,NaN,NaN
2026-04-27 20:49:27.219,60478,ESTAB,bbr,236,32.283,1.827,20.097,1448,24,34752,26064,23976699,23970907,24712,NaN,16577,8982,16576,60,NaN,NaN,3971456,2677296,16573,238592,43520,4,226308
2026-04-27 20:49:27.476,60478,ESTAB,bbr,236,35.353,0.501,20.097,1448,22,31856,26064,24091091,24073715,24712,NaN,16656,9030,16655,60,NaN,NaN,2640744,3346848,16644,238080,43520,12,168223
2026-04-27 20:49:27.722,60478,ESTAB,bbr,236,35.996,1.585,20.097,1448,26,37648,26064,24195347,24180867,24712,NaN,16728,9076,16727,60,NaN,NaN,4834440,3346216,16718,238592,43520,10,139951
2026-04-27 20:49:27.965,60478,ESTAB,bbr,236,35.14,1.882,20.097,1448,28,40544,26064,24311187,24295259,24712,NaN,16808,9126,16807,60,NaN,NaN,4410984,3348776,16797,238080,43520,11,93193
2026-04-27 20:49:28.219,60478,ESTAB,bbr,236,34.316,3.09,20.097,1448,30,43440,26064,24425579,24408203,24712,NaN,16887,9175,16886,60,NaN,NaN,5918736,3907760,16875,238592,43520,12,32569
2026-04-27 20:49:28.489,60478,ESTAB,bbr,236,35.153,0.748,20.097,1448,30,43440,26064,24458148,24458148,24712,NaN,16910,9197,16909,60,NaN,NaN,5918736,3185824,16910,238592,43520,NaN,NaN
2026-04-27 20:49:28.739,60478,ESTAB,bbr,236,35.153,0.748,20.097,1448,30,43440,26064,24458148,24458148,24712,NaN,16910,9197,16909,60,NaN,NaN,5918736,3185824,16910,238592,43520,NaN,NaN
2026-04-27 20:49:28.990,60478,ESTAB,bbr,236,35.153,0.748,20.097,1448,30,43440,26064,24458148,24458148,24712,NaN,16910,9197,16909,60,NaN,NaN,5918736,3185824,16910,238592,43520,NaN,NaN
2026-04-27 20:49:29.263,60478,ESTAB,bbr,236,32.153,1.438,20.097,1448,30,43440,26064,24472615,24461031,25536,NaN,16920,9201,16919,62,NaN,NaN,4734984,3185824,16912,238592,43520,8,169181
2026-04-27 20:49:29.514,60478,ESTAB,bbr,240,36.479,1.614,20.097,1448,24,34752,26064,24578319,24563839,25536,NaN,16993,9249,16992,62,NaN,NaN,4355952,3185568,16983,238080,43520,10,108074
2026-04-27 20:49:29.782,60478,ESTAB,bbr,236,33.994,3.246,20.097,1448,30,43440,26064,24700873,24686393,25536,NaN,17078,9304,17077,62,NaN,NaN,5834144,2867792,17068,238080,43520,10,25562
2026-04-27 20:49:30.044,60478,ESTAB,bbr,232,31.107,3.49,20.097,1448,30,43440,26064,24746707,24729331,25536,NaN,17110,9324,17109,62,NaN,NaN,5834144,3044648,17098,238592,43520,12,10378
2026-04-27 20:49:30.299,60478,ESTAB,bbr,236,34.291,2.879,20.097,1448,28,40544,26064,24757085,24757085,25536,NaN,17118,9337,17117,62,NaN,NaN,5834144,3161824,17118,238592,43520,NaN,NaN
2026-04-27 20:49:30.567,60478,ESTAB,bbr,236,34.291,2.879,20.097,1448,28,40544,26064,24757085,24757085,25536,NaN,17118,9337,17117,62,NaN,NaN,5834144,3161824,17118,238592,43520,NaN,NaN
2026-04-27 20:49:30.826,60478,ESTAB,bbr,236,34.291,2.879,20.097,1448,28,40544,26064,24757085,24757085,25536,NaN,17118,9337,17117,62,NaN,NaN,5834144,3161824,17118,238592,43520,NaN,NaN
2026-04-27 20:49:31.103,60478,ESTAB,bbr,236,34.291,2.879,20.097,1448,28,40544,26064,24757085,24757085,25536,NaN,17118,9337,17117,62,NaN,NaN,5834144,3161824,17118,238592,43520,NaN,NaN
2026-04-27 20:49:31.346,60478,ESTAB,bbr,236,32.504,3.324,20.097,1448,26,37648,26064,24797616,24781688,26360,NaN,17146,9354,17145,64,NaN,NaN,5136920,3342272,17135,238080,43520,11,242714
2026-04-27 20:49:31.600,60478,ESTAB,bbr,236,35.972,2.547,20.097,1448,4,5792,26064,24898976,24885944,26360,NaN,17216,9402,17215,64,NaN,NaN,3644032,3088168,17207,238592,43520,9,195069
2026-04-27 20:49:31.859,60478,ESTAB,bbr,228,25.526,4.0,20.097,1448,24,34752,26064,24975720,24961240,26360,NaN,17269,9429,17268,64,NaN,NaN,4555040,2983120,17259,238592,43520,10,156123
2026-04-27 20:49:32.121,60478,ESTAB,bbr,228,27.478,2.766,20.097,1448,28,40544,26064,25094456,25082872,26360,NaN,17351,9484,17350,64,NaN,NaN,4601008,3561624,17343,238080,43520,8,73683
2026-04-27 20:49:32.372,60478,ESTAB,bbr,236,34.571,4.099,20.097,1448,32,46336,26064,25168139,25168139,26360,NaN,17402,9520,17401,64,NaN,NaN,6091328,3202408,17402,238080,43520,NaN,NaN
2026-04-27 20:49:32.623,60478,ESTAB,bbr,236,34.571,4.099,20.097,1448,32,46336,26064,25168139,25168139,26360,NaN,17402,9520,17401,64,NaN,NaN,6091328,3202408,17402,238080,43520,NaN,NaN
2026-04-27 20:49:32.879,60478,ESTAB,bbr,236,34.571,4.099,20.097,1448,32,46336,26064,25168139,25168139,26360,NaN,17402,9520,17401,64,NaN,NaN,6091328,3202408,17402,238080,43520,NaN,NaN
2026-04-27 20:49:33.148,60478,ESTAB,bbr,236,34.571,4.099,20.097,1448,32,46336,26064,25168139,25168139,26360,NaN,17402,9520,17401,64,NaN,NaN,6091328,3202408,17402,238080,43520,NaN,NaN
2026-04-27 20:49:33.417,60478,ESTAB,bbr,236,35.334,3.934,20.097,1448,30,43440,26064,25223150,25205774,27184,NaN,17440,9543,17439,66,NaN,NaN,6091328,3338728,17428,238592,43520,12,224328
2026-04-27 20:49:33.660,60478,ESTAB,bbr,236,33.124,2.292,20.097,1448,30,43440,26064,25336094,25315822,27184,NaN,17518,9594,17517,66,NaN,NaN,5502616,3788000,17504,238592,43520,14,147239
2026-04-27 20:49:33.904,60478,ESTAB,bbr,240,36.745,1.113,20.097,1448,30,43440,26064,25443246,25427318,27184,NaN,17592,9643,17591,66,NaN,NaN,5799968,3352640,17581,238080,43520,11,82344
2026-04-27 20:49:34.164,60478,ESTAB,bbr,240,36.018,1.959,20.097,1448,26,37648,26064,25551846,25535918,27184,NaN,17667,9689,17666,66,NaN,NaN,4895112,3359336,17656,238080,43520,11,2511
2026-04-27 20:49:34.431,60478,ESTAB,bbr,236,35.647,1.809,20.097,1448,26,37648,26064,25554357,25554357,27184,NaN,17669,9698,17668,66,NaN,NaN,4895112,3348944,17669,238080,43520,NaN,NaN
2026-04-27 20:49:34.673,60478,ESTAB,bbr,236,35.647,1.809,20.097,1448,26,37648,26064,25554357,25554357,27184,NaN,17669,9698,17668,66,NaN,NaN,4895112,3348944,17669,238080,43520,NaN,NaN
2026-04-27 20:49:34.928,60478,ESTAB,bbr,236,35.647,1.809,20.097,1448,26,37648,26064,25554357,25554357,27184,NaN,17669,9698,17668,66,NaN,NaN,4895112,3348944,17669,238080,43520,NaN,NaN
2026-04-27 20:49:35.173,60478,ESTAB,bbr,236,35.647,1.809,20.097,1448,26,37648,26064,25554357,25554357,27184,NaN,17669,9698,17668,66,NaN,NaN,4895112,3348944,17669,238080,43520,NaN,NaN
2026-04-27 20:49:35.397,60478,ESTAB,bbr,232,30.949,1.572,20.097,1448,26,37648,26064,25586200,25571720,28008,NaN,17691,9707,17690,68,NaN,NaN,4895112,3348944,17681,238592,43520,10,262726
2026-04-27 20:49:35.637,60478,ESTAB,bbr,236,35.704,1.494,20.097,1448,26,37648,26064,25689008,25671632,28008,NaN,17762,9752,17761,68,NaN,NaN,4555896,3652240,17750,238080,43520,12,209079
2026-04-27 20:49:35.877,60478,ESTAB,bbr,240,36.255,1.899,20.097,1448,26,37648,26064,25790368,25772992,28008,NaN,17832,9796,17831,68,NaN,NaN,4562728,3332304,17820,238592,43520,12,153254
2026-04-27 20:49:36.147,60478,ESTAB,bbr,236,34.851,2.265,20.097,1448,26,37648,26064,25903312,25888832,28008,NaN,17910,9847,17909,68,NaN,NaN,4675520,2772096,17900,238080,43520,10,78685
2026-04-27 20:49:36.416,60478,ESTAB,bbr,236,33.921,1.893,20.097,1448,28,40544,26064,25981997,25981997,28008,NaN,17965,9889,17964,68,NaN,NaN,5048912,3652816,17965,238592,43520,NaN,NaN
2026-04-27 20:49:36.672,60478,ESTAB,bbr,236,33.921,1.893,20.097,1448,28,40544,26064,25981997,25981997,28008,NaN,17965,9889,17964,68,NaN,NaN,5048912,3652816,17965,238592,43520,NaN,NaN
2026-04-27 20:49:36.930,60478,ESTAB,bbr,236,33.921,1.893,20.097,1448,28,40544,26064,25981997,25981997,28008,NaN,17965,9889,17964,68,NaN,NaN,5048912,3652816,17965,238592,43520,NaN,NaN
2026-04-27 20:49:37.199,60478,ESTAB,bbr,236,33.921,1.893,20.097,1448,28,40544,26064,25981997,25981997,28008,NaN,17965,9889,17964,68,NaN,NaN,5048912,3652816,17965,238592,43520,NaN,NaN
2026-04-27 20:49:37.469,60478,ESTAB,bbr,236,33.902,4.883,20.097,1448,28,40544,26064,26028320,26013840,28832,NaN,17997,9903,17996,70,NaN,NaN,5048912,3344832,17987,238592,43520,10,130877
2026-04-27 20:49:37.730,60478,ESTAB,bbr,236,34.639,1.623,20.097,1448,24,34752,26064,26141264,26123888,28832,NaN,18075,9951,18074,70,NaN,NaN,4362792,3154208,18063,238592,43520,12,56537
2026-04-27 20:49:37.989,60478,ESTAB,bbr,236,35.308,0.459,20.097,1448,26,37648,26064,26244072,26232488,28832,NaN,18146,9999,18145,70,NaN,NaN,4347408,3510496,18138,238592,43520,8,56
2026-04-27 20:49:38.256,60478,ESTAB,bbr,232,31.575,1.551,20.097,1448,24,34752,26064,26264123,26264123,28832,NaN,18161,10012,18160,70,NaN,NaN,4343992,3355440,18161,238592,43520,NaN,NaN
2026-04-27 20:49:38.513,60478,ESTAB,bbr,232,31.575,1.551,20.097,1448,24,34752,26064,26264123,26264123,28832,NaN,18161,10012,18160,70,NaN,NaN,4343992,3355440,18161,238592,43520,NaN,NaN
2026-04-27 20:49:38.766,60478,ESTAB,bbr,232,31.575,1.551,20.097,1448,24,34752,26064,26264123,26264123,28832,NaN,18161,10012,18160,70,NaN,NaN,4343992,3355440,18161,238592,43520,NaN,NaN
2026-04-27 20:49:39.015,60478,ESTAB,bbr,232,31.575,1.551,20.097,1448,24,34752,26064,26264123,26264123,28832,NaN,18161,10012,18160,70,NaN,NaN,4343992,3355440,18161,238592,43520,NaN,NaN
2026-04-27 20:49:39.264,60478,ESTAB,bbr,232,31.575,1.551,20.097,1448,24,34752,26064,26264123,26264123,28832,NaN,18161,10012,18160,70,NaN,NaN,4343992,3355440,18161,238592,43520,NaN,NaN
2026-04-27 20:49:39.526,60478,ESTAB,bbr,236,33.076,5.124,20.097,1448,24,34752,26064,26322030,26307550,29656,NaN,18201,10030,18200,72,NaN,NaN,4343992,3342656,18191,238592,43520,10,231250
2026-04-27 20:49:39.794,60478,ESTAB,bbr,232,29.665,1.208,20.097,1448,30,43440,26064,26452350,26434974,29656,NaN,18291,10077,18290,72,NaN,NaN,5121536,4095336,18279,238592,43520,12,137357
2026-04-27 20:49:40.060,60478,ESTAB,bbr,240,36.011,2.951,20.097,1448,28,40544,26064,26568190,26553710,29656,NaN,18371,10123,18370,72,NaN,NaN,5244576,3485912,18361,238592,43520,10,57476
2026-04-27 20:49:40.332,60478,ESTAB,bbr,236,32.832,1.622,20.097,1448,28,40544,26064,26625666,26625666,29656,NaN,18411,10153,18410,72,NaN,NaN,5269352,2912744,18411,238592,43520,NaN,NaN
2026-04-27 20:49:40.589,60478,ESTAB,bbr,236,32.832,1.622,20.097,1448,28,40544,26064,26625666,26625666,29656,NaN,18411,10153,18410,72,NaN,NaN,5269352,2912744,18411,238592,43520,NaN,NaN
2026-04-27 20:49:40.856,60478,ESTAB,bbr,236,32.832,1.622,20.097,1448,28,40544,26064,26625666,26625666,29656,NaN,18411,10153,18410,72,NaN,NaN,5269352,2912744,18411,238592,43520,NaN,NaN
2026-04-27 20:49:41.129,60478,ESTAB,bbr,236,32.832,1.622,20.097,1448,28,40544,26064,26625666,26625666,29656,NaN,18411,10153,18410,72,NaN,NaN,5269352,2912744,18411,238592,43520,NaN,NaN
2026-04-27 20:49:41.400,60478,ESTAB,bbr,236,32.832,1.622,20.097,1448,28,40544,26064,26625666,26625666,29656,NaN,18411,10153,18410,72,NaN,NaN,5269352,2912744,18411,238592,43520,NaN,NaN
2026-04-27 20:49:41.663,60478,ESTAB,bbr,236,35.594,1.0,20.097,1448,26,37648,26064,26725565,26711085,30480,NaN,18480,10187,18479,74,NaN,NaN,5269352,3512040,18470,238080,43520,10,254436
2026-04-27 20:49:41.914,60478,ESTAB,bbr,236,35.721,2.235,20.097,1448,26,37648,26064,26829821,26816789,30480,NaN,18552,10231,18551,74,NaN,NaN,4345704,3344352,18543,238592,43520,9,203282
2026-04-27 20:49:42.184,60478,ESTAB,bbr,232,31.94,3.613,20.097,1448,4,5792,26064,26929733,26923941,30480,NaN,18621,10276,18620,74,NaN,NaN,3463576,3347008,18617,238592,43520,4,136102
2026-04-27 20:49:42.457,60478,ESTAB,bbr,232,28.412,1.955,20.097,1448,24,34752,26064,27019509,27005029,30480,NaN,18683,10304,18682,74,NaN,NaN,4151744,3355248,18673,238592,43520,10,46326
2026-04-27 20:49:42.719,60478,ESTAB,bbr,236,33.307,1.638,20.097,1448,24,34752,26064,27065835,27065835,30480,NaN,18715,10327,18714,74,NaN,NaN,3800568,3677264,18715,238080,43520,NaN,NaN
2026-04-27 20:49:42.989,60478,ESTAB,bbr,236,33.307,1.638,20.097,1448,24,34752,26064,27065835,27065835,30480,NaN,18715,10327,18714,74,NaN,NaN,3800568,3677264,18715,238080,43520,NaN,NaN
2026-04-27 20:49:43.251,60478,ESTAB,bbr,236,33.307,1.638,20.097,1448,24,34752,26064,27065835,27065835,30480,NaN,18715,10327,18714,74,NaN,NaN,3800568,3677264,18715,238080,43520,NaN,NaN
2026-04-27 20:49:43.512,60478,ESTAB,bbr,232,29.724,1.923,20.097,1448,24,34752,26064,27086094,27074510,31304,NaN,18729,10333,18728,76,NaN,NaN,3800568,3677264,18721,238592,43520,8,312586
2026-04-27 20:49:43.772,60478,ESTAB,bbr,240,36.325,1.261,20.097,1448,26,37648,26064,27197590,27183110,31304,NaN,18806,10376,18805,76,NaN,NaN,4750704,3345640,18796,238592,43520,10,242236
2026-04-27 20:49:44.024,60478,ESTAB,bbr,236,35.138,0.775,20.097,1448,26,37648,26064,27301846,27287366,31304,NaN,18878,10421,18877,76,NaN,NaN,4346552,3503832,18868,238592,43520,10,162718
2026-04-27 20:49:44.285,60478,ESTAB,bbr,240,37.307,1.388,20.097,1448,26,37648,26064,27411894,27395966,31304,NaN,18954,10467,18953,76,NaN,NaN,4346552,3199352,18943,238592,43520,11,52670
2026-04-27 20:49:44.546,60478,ESTAB,bbr,232,30.365,1.715,20.097,1448,28,40544,26064,27464564,27464564,31304,NaN,18991,10496,18990,76,NaN,NaN,4395256,4245944,18991,238592,43520,NaN,NaN
2026-04-27 20:49:44.807,60478,ESTAB,bbr,232,30.365,1.715,20.097,1448,28,40544,26064,27464564,27464564,31304,NaN,18991,10496,18990,76,NaN,NaN,4395256,4245944,18991,238592,43520,NaN,NaN
2026-04-27 20:49:45.076,60478,ESTAB,bbr,232,30.365,1.715,20.097,1448,28,40544,26064,27464564,27464564,31304,NaN,18991,10496,18990,76,NaN,NaN,4395256,4245944,18991,238592,43520,NaN,NaN
2026-04-27 20:49:45.357,60478,ESTAB,bbr,232,30.365,1.715,20.097,1448,28,40544,26064,27464564,27464564,31304,NaN,18991,10496,18990,76,NaN,NaN,4395256,4245944,18991,238592,43520,NaN,NaN
2026-04-27 20:49:45.633,60478,ESTAB,bbr,240,36.588,4.25,20.097,1448,30,43440,26064,27528263,27510887,32128,NaN,19035,10515,19034,78,NaN,NaN,5494072,3349024,19023,238592,43520,12,236527
2026-04-27 20:49:45.893,60478,ESTAB,bbr,236,35.93,2.638,20.097,1448,28,40544,26064,27646999,27629623,32128,NaN,19117,10563,19116,78,NaN,NaN,5039512,3350528,19105,238592,43520,12,167537
2026-04-27 20:49:46.151,60478,ESTAB,bbr,240,36.034,1.119,20.097,1448,30,43440,26064,27757047,27742567,32128,NaN,19193,10608,19192,78,NaN,NaN,5616256,3202808,19183,238080,43520,10,95850
2026-04-27 20:49:46.410,60478,ESTAB,bbr,236,32.623,1.383,20.097,1448,30,43440,26064,27852897,27852897,32128,NaN,19260,10654,19259,78,NaN,NaN,4647488,4695032,19260,238592,43520,NaN,NaN
2026-04-27 20:49:46.667,60478,ESTAB,bbr,236,32.623,1.383,20.097,1448,30,43440,26064,27852897,27852897,32128,NaN,19260,10654,19259,78,NaN,NaN,4647488,4695032,19260,238592,43520,NaN,NaN
2026-04-27 20:49:46.938,60478,ESTAB,bbr,236,32.623,1.383,20.097,1448,30,43440,26064,27852897,27852897,32128,NaN,19260,10654,19259,78,NaN,NaN,4647488,4695032,19260,238592,43520,NaN,NaN
2026-04-27 20:49:47.196,60478,ESTAB,bbr,236,32.623,1.383,20.097,1448,30,43440,26064,27852897,27852897,32128,NaN,19260,10654,19259,78,NaN,NaN,4647488,4695032,19260,238592,43520,NaN,NaN
2026-04-27 20:49:47.434,60478,ESTAB,bbr,236,32.623,1.383,20.097,1448,30,43440,26064,27852897,27852897,32128,NaN,19260,10654,19259,78,NaN,NaN,4647488,4695032,19260,238592,43520,NaN,NaN
2026-04-27 20:49:47.670,60478,ESTAB,bbr,236,34.434,2.216,20.097,1448,32,46336,26064,27913700,27899220,32952,NaN,19302,10673,19301,80,NaN,NaN,5809368,3346848,19292,238592,43520,10,286928
2026-04-27 20:49:47.912,60478,ESTAB,bbr,240,36.47,1.251,20.097,1448,28,40544,26064,28015060,28000580,32952,NaN,19372,10715,19371,80,NaN,NaN,5809368,3202488,19362,238080,43520,10,223116
2026-04-27 20:49:48.167,60478,ESTAB,bbr,240,36.87,2.024,20.097,1448,24,34752,26064,28117868,28106284,32952,NaN,19443,10762,19442,80,NaN,NaN,4314088,3333520,19435,238592,43520,8,143771
2026-04-27 20:49:48.429,60478,ESTAB,bbr,236,32.317,1.219,20.097,1448,28,40544,26064,28236604,28222124,32952,NaN,19525,10813,19524,80,NaN,NaN,4350824,4020704,19515,238592,43520,10,25035
2026-04-27 20:49:48.690,60478,ESTAB,bbr,236,32.311,2.402,20.097,1448,28,40544,26064,28261639,28261639,32952,NaN,19543,10830,19542,80,NaN,NaN,4350824,2932376,19543,238592,43520,NaN,NaN
2026-04-27 20:49:48.951,60478,ESTAB,bbr,236,32.311,2.402,20.097,1448,28,40544,26064,28261639,28261639,32952,NaN,19543,10830,19542,80,NaN,NaN,4350824,2932376,19543,238592,43520,NaN,NaN
2026-04-27 20:49:49.220,60478,ESTAB,bbr,236,32.311,2.402,20.097,1448,28,40544,26064,28261639,28261639,32952,NaN,19543,10830,19542,80,NaN,NaN,4350824,2932376,19543,238592,43520,NaN,NaN
2026-04-27 20:49:49.491,60478,ESTAB,bbr,236,32.311,2.402,20.097,1448,28,40544,26064,28261639,28261639,32952,NaN,19543,10830,19542,80,NaN,NaN,4350824,2932376,19543,238592,43520,NaN,NaN
2026-04-27 20:49:49.747,60478,ESTAB,bbr,240,37.812,2.212,20.097,1448,28,40544,26064,28344162,28328234,33776,NaN,19600,10857,19599,82,NaN,NaN,5438536,3346440,19589,238592,43520,11,235318
2026-04-27 20:49:50.000,60478,ESTAB,bbr,240,37.684,1.769,20.097,1448,24,34752,26064,28449866,28432490,33776,NaN,19673,10898,19672,82,NaN,NaN,4149176,3212344,19661,238592,43520,12,180099
2026-04-27 20:49:50.255,60478,ESTAB,bbr,232,31.745,3.981,20.097,1448,30,43440,26064,28565706,28551226,33776,NaN,19753,10945,19752,82,NaN,NaN,5120680,3902304,19743,238592,43520,10,112439
2026-04-27 20:49:50.504,60478,ESTAB,bbr,240,36.451,1.445,20.097,1448,28,40544,26064,28672858,28656930,33776,NaN,19827,10988,19826,82,NaN,NaN,5120680,3341304,19816,238080,43520,11,5287
2026-04-27 20:49:50.768,60478,ESTAB,bbr,236,35.698,2.634,20.097,1448,28,40544,26064,28678145,28678145,33776,NaN,19831,10998,19830,82,NaN,NaN,5120680,3042256,19831,238592,43520,NaN,NaN
2026-04-27 20:49:51.012,60478,ESTAB,bbr,236,35.698,2.634,20.097,1448,28,40544,26064,28678145,28678145,33776,NaN,19831,10998,19830,82,NaN,NaN,5120680,3042256,19831,238592,43520,NaN,NaN
2026-04-27 20:49:51.265,60478,ESTAB,bbr,236,35.698,2.634,20.097,1448,28,40544,26064,28678145,28678145,33776,NaN,19831,10998,19830,82,NaN,NaN,5120680,3042256,19831,238592,43520,NaN,NaN
2026-04-27 20:49:51.528,60478,ESTAB,bbr,236,35.698,2.634,20.097,1448,28,40544,26064,28678145,28678145,33776,NaN,19831,10998,19830,82,NaN,NaN,5120680,3042256,19831,238592,43520,NaN,NaN
2026-04-27 20:49:51.784,60478,ESTAB,bbr,236,35.36,2.164,20.097,1448,24,34752,26064,28763564,28749084,34600,NaN,19890,11027,19889,84,NaN,NaN,4343136,2231616,19880,238080,43520,10,310413
2026-04-27 20:49:52.032,60478,ESTAB,bbr,232,31.865,1.659,20.097,1448,28,40544,26064,28877956,28863476,34600,NaN,19969,11073,19968,84,NaN,NaN,5269352,4258488,19959,238592,43520,10,235058
2026-04-27 20:49:52.294,60478,ESTAB,bbr,236,35.997,1.23,20.097,1448,30,43440,26064,28993796,28979316,34600,NaN,20049,11120,20048,84,NaN,NaN,5799968,3349992,20039,238592,43520,10,119218
2026-04-27 20:49:52.554,60478,ESTAB,bbr,236,35.45,1.599,20.097,1448,24,34752,26064,29103844,29086468,34600,NaN,20125,11166,20124,84,NaN,NaN,4521720,3342528,20113,238080,43520,12,9170
2026-04-27 20:49:52.810,60478,ESTAB,bbr,236,35.339,2.263,20.097,1448,24,34752,26064,29113014,29113014,34600,NaN,20132,11179,20131,84,NaN,NaN,4521720,2678144,20132,238592,43520,NaN,NaN
2026-04-27 20:49:53.064,60478,ESTAB,bbr,236,35.339,2.263,20.097,1448,24,34752,26064,29113014,29113014,34600,NaN,20132,11179,20131,84,NaN,NaN,4521720,2678144,20132,238592,43520,NaN,NaN
2026-04-27 20:49:53.313,60478,ESTAB,bbr,236,35.339,2.263,20.097,1448,24,34752,26064,29113014,29113014,34600,NaN,20132,11179,20131,84,NaN,NaN,4521720,2678144,20132,238592,43520,NaN,NaN
2026-04-27 20:49:53.566,60478,ESTAB,bbr,236,35.339,2.263,20.097,1448,24,34752,26064,29113014,29113014,34600,NaN,20132,11179,20131,84,NaN,NaN,4521720,2678144,20132,238592,43520,NaN,NaN
2026-04-27 20:49:53.836,60478,ESTAB,bbr,236,36.0,1.621,20.097,1448,24,34752,26064,29204225,29189745,35424,NaN,20195,11210,20194,86,NaN,NaN,4329464,3085176,20185,238592,43520,10,307171
2026-04-27 20:49:54.104,60478,ESTAB,bbr,236,35.543,0.531,20.097,1448,24,34752,26064,29317169,29304137,35424,NaN,20273,11259,20272,86,NaN,NaN,4338008,3348136,20264,238592,43520,9,231527
2026-04-27 20:49:54.366,60478,ESTAB,bbr,240,36.705,2.673,20.097,1448,22,31856,26064,29434457,29414185,35424,NaN,20354,11306,20353,86,NaN,NaN,2705336,3347168,20340,238592,43520,14,114239
2026-04-27 20:49:54.628,60478,ESTAB,bbr,240,36.726,2.978,20.097,1448,28,40544,26064,29547401,29532921,35424,NaN,20432,11356,20431,86,NaN,NaN,5220648,3342656,20422,238592,43520,10,1295
2026-04-27 20:49:54.887,60478,ESTAB,bbr,240,36.175,2.446,20.097,1448,28,40544,26064,29548696,29548696,35424,NaN,20433,11363,20432,86,NaN,NaN,5220648,2511464,20433,238080,43520,NaN,NaN
2026-04-27 20:49:55.159,60478,ESTAB,bbr,240,36.175,2.446,20.097,1448,28,40544,26064,29548696,29548696,35424,NaN,20433,11363,20432,86,NaN,NaN,5220648,2511464,20433,238080,43520,NaN,NaN
2026-04-27 20:49:55.423,60478,ESTAB,bbr,240,36.175,2.446,20.097,1448,28,40544,26064,29548696,29548696,35424,NaN,20433,11363,20432,86,NaN,NaN,5220648,2511464,20433,238080,43520,NaN,NaN
2026-04-27 20:49:55.690,60478,ESTAB,bbr,232,31.724,3.297,20.097,1448,26,37648,26064,29568955,29554475,36248,NaN,20447,11368,20446,88,NaN,NaN,5220648,2511464,20437,238592,43520,10,309316
2026-04-27 20:49:55.937,60478,ESTAB,bbr,240,36.423,1.079,20.097,1448,24,34752,26064,29671763,29657283,36248,NaN,20518,11406,20517,88,NaN,NaN,4887416,3348136,20508,238592,43520,10,271815
2026-04-27 20:49:56.202,60478,ESTAB,bbr,240,36.674,2.867,20.097,1448,32,46336,26064,29793395,29778915,36248,NaN,20602,11451,20601,88,NaN,NaN,6058008,3217328,20592,238592,43520,10,194018
2026-04-27 20:49:56.463,60478,ESTAB,bbr,236,33.328,1.827,20.097,1448,26,37648,26064,29917923,29900547,36248,NaN,20688,11503,20687,88,NaN,NaN,4177208,4131240,20676,238080,43520,12,69490
2026-04-27 20:49:56.732,60478,ESTAB,bbr,232,31.233,2.869,20.097,1448,32,46336,26064,29987413,29987413,36248,NaN,20736,11538,20735,88,NaN,NaN,6175920,3440792,20736,238592,43520,NaN,NaN
2026-04-27 20:49:56.996,60478,ESTAB,bbr,232,31.233,2.869,20.097,1448,32,46336,26064,29987413,29987413,36248,NaN,20736,11538,20735,88,NaN,NaN,6175920,3440792,20736,238592,43520,NaN,NaN
2026-04-27 20:49:57.256,60478,ESTAB,bbr,232,31.233,2.869,20.097,1448,32,46336,26064,29987413,29987413,36248,NaN,20736,11538,20735,88,NaN,NaN,6175920,3440792,20736,238592,43520,NaN,NaN
2026-04-27 20:49:57.522,60478,ESTAB,bbr,232,31.233,2.869,20.097,1448,32,46336,26064,29987413,29987413,36248,NaN,20736,11538,20735,88,NaN,NaN,6175920,3440792,20736,238592,43520,NaN,NaN
2026-04-27 20:49:57.779,60478,ESTAB,bbr,236,32.069,4.404,20.097,1448,32,46336,26064,30030840,30016360,37072,NaN,20766,11551,20765,90,NaN,NaN,6175920,3347008,20756,238592,43520,10,363098
2026-04-27 20:49:58.033,60478,ESTAB,bbr,236,35.674,1.152,20.097,1448,30,43440,26064,30140888,30122064,37072,NaN,20842,11593,20841,90,NaN,NaN,6083640,3493712,20829,238592,43520,13,294606
2026-04-27 20:49:58.288,60478,ESTAB,bbr,240,37.489,2.307,20.097,1448,30,43440,26064,30253832,30240800,37072,NaN,20920,11640,20919,90,NaN,NaN,5528248,3343064,20911,238592,43520,9,181662
2026-04-27 20:49:58.566,60478,ESTAB,bbr,240,36.299,1.492,20.097,1448,24,34752,26064,30374016,30358088,37072,NaN,21003,11690,21002,90,NaN,NaN,4348264,3070304,20992,238080,43520,11,61478
2026-04-27 20:49:58.824,60478,ESTAB,bbr,236,34.398,1.107,20.097,1448,26,37648,26064,30435494,30435494,37072,NaN,21046,11725,21045,90,NaN,NaN,4740456,3831104,21046,238592,43520,NaN,NaN
2026-04-27 20:49:59.092,60478,ESTAB,bbr,236,34.398,1.107,20.097,1448,26,37648,26064,30435494,30435494,37072,NaN,21046,11725,21045,90,NaN,NaN,4740456,3831104,21046,238592,43520,NaN,NaN
2026-04-27 20:49:59.356,60478,ESTAB,bbr,236,34.398,1.107,20.097,1448,26,37648,26064,30435494,30435494,37072,NaN,21046,11725,21045,90,NaN,NaN,4740456,3831104,21046,238592,43520,NaN,NaN
2026-04-27 20:49:59.618,60478,ESTAB,bbr,236,34.398,1.107,20.097,1448,26,37648,26064,30435494,30435494,37072,NaN,21046,11725,21045,90,NaN,NaN,4740456,3831104,21046,238592,43520,NaN,NaN
2026-04-27 20:49:59.883,60478,ESTAB,bbr,236,35.523,2.776,20.097,1448,26,37648,26064,30504985,30493401,37896,NaN,21094,11748,21093,92,NaN,NaN,4740456,3213536,21086,238592,43520,8,317052
2026-04-27 20:50:00.124,60478,ESTAB,bbr,240,36.876,2.37,20.097,1448,26,37648,26064,30609241,30596209,37896,NaN,21166,11791,21165,92,NaN,NaN,4540512,3251440,21157,238080,43520,9,277034
2026-04-27 20:50:00.387,60478,ESTAB,bbr,236,35.852,1.92,20.097,1448,26,37648,26064,30725081,30710601,37896,NaN,21246,11842,21245,92,NaN,NaN,4945520,3341736,21236,238592,43520,10,161194
2026-04-27 20:50:00.636,60478,ESTAB,bbr,240,37.251,1.997,20.097,1448,26,37648,26064,30830785,30816305,37896,NaN,21319,11888,21318,92,NaN,NaN,4945520,3353952,21309,238080,43520,10,55490
2026-04-27 20:50:00.880,60478,ESTAB,bbr,236,34.264,1.552,20.097,1448,26,37648,26064,30886275,30886275,37896,NaN,21358,11920,21357,92,NaN,NaN,4339720,3347728,21358,238592,43520,NaN,NaN
2026-04-27 20:50:01.152,60478,ESTAB,bbr,236,34.264,1.552,20.097,1448,26,37648,26064,30886275,30886275,37896,NaN,21358,11920,21357,92,NaN,NaN,4339720,3347728,21358,238592,43520,NaN,NaN
2026-04-27 20:50:01.420,60478,ESTAB,bbr,236,34.264,1.552,20.097,1448,26,37648,26064,30886275,30886275,37896,NaN,21358,11920,21357,92,NaN,NaN,4339720,3347728,21358,238592,43520,NaN,NaN
2026-04-27 20:50:01.682,60478,ESTAB,bbr,236,34.264,1.552,20.097,1448,26,37648,26064,30886275,30886275,37896,NaN,21358,11920,21357,92,NaN,NaN,4339720,3347728,21358,238592,43520,NaN,NaN
2026-04-27 20:50:01.944,60478,ESTAB,bbr,240,37.473,2.536,20.097,1448,26,37648,26064,30971694,30955766,38720,NaN,21417,11948,21416,94,NaN,NaN,4339720,3342824,21406,238592,43520,11,51490
2026-04-27 20:50:02.201,60478,ESTAB,bbr,236,32.545,1.846,20.097,1448,28,40544,26064,31034818,31034818,38720,NaN,21461,11982,21460,94,NaN,NaN,4944664,3043128,21461,238592,43520,NaN,NaN
2026-04-27 20:50:02.445,60478,ESTAB,bbr,236,32.545,1.846,20.097,1448,28,40544,26064,31034818,31034818,38720,NaN,21461,11982,21460,94,NaN,NaN,4944664,3043128,21461,238592,43520,NaN,NaN
2026-04-27 20:50:02.678,60478,ESTAB,bbr,236,32.545,1.846,20.097,1448,28,40544,26064,31034818,31034818,38720,NaN,21461,11982,21460,94,NaN,NaN,4944664,3043128,21461,238592,43520,NaN,NaN
2026-04-27 20:50:02.947,60478,ESTAB,bbr,236,32.545,1.846,20.097,1448,28,40544,26064,31034818,31034818,38720,NaN,21461,11982,21460,94,NaN,NaN,4944664,3043128,21461,238592,43520,NaN,NaN
2026-04-27 20:50:03.222,60478,ESTAB,bbr,236,32.545,1.846,20.097,1448,28,40544,26064,31034818,31034818,38720,NaN,21461,11982,21460,94,NaN,NaN,4944664,3043128,21461,238592,43520,NaN,NaN
2026-04-27 20:50:03.483,60478,ESTAB,bbr,236,32.545,1.846,20.097,1448,28,40544,26064,31034818,31034818,38720,NaN,21461,11982,21460,94,NaN,NaN,4944664,3043128,21461,238592,43520,NaN,NaN
2026-04-27 20:50:03.753,60478,ESTAB,bbr,236,32.545,1.846,20.097,1448,28,40544,26064,31034818,31034818,38720,NaN,21461,11982,21460,94,NaN,NaN,4944664,3043128,21461,238592,43520,NaN,NaN
2026-04-27 20:50:04.004,60478,ESTAB,bbr,236,35.988,1.264,20.097,1448,28,40544,26064,31131821,31117341,39544,NaN,21528,12016,21527,96,NaN,NaN,4944664,3202088,21518,238592,43520,10,39050
2026-04-27 20:50:04.250,60478,ESTAB,bbr,232,31.373,1.532,20.097,1448,30,43440,26064,31209959,31209959,39544,NaN,21582,12051,21581,96,NaN,NaN,4782152,3116320,21582,238592,43520,NaN,NaN
2026-04-27 20:50:04.515,60478,ESTAB,bbr,232,31.373,1.532,20.097,1448,30,43440,26064,31209959,31209959,39544,NaN,21582,12051,21581,96,NaN,NaN,4782152,3116320,21582,238592,43520,NaN,NaN
2026-04-27 20:50:04.777,60478,ESTAB,bbr,232,31.373,1.532,20.097,1448,30,43440,26064,31209959,31209959,39544,NaN,21582,12051,21581,96,NaN,NaN,4782152,3116320,21582,238592,43520,NaN,NaN
2026-04-27 20:50:05.043,60478,ESTAB,bbr,232,31.373,1.532,20.097,1448,30,43440,26064,31209959,31209959,39544,NaN,21582,12051,21581,96,NaN,NaN,4782152,3116320,21582,238592,43520,NaN,NaN
2026-04-27 20:50:05.305,60478,ESTAB,bbr,232,31.373,1.532,20.097,1448,30,43440,26064,31209959,31209959,39544,NaN,21582,12051,21581,96,NaN,NaN,4782152,3116320,21582,238592,43520,NaN,NaN
2026-04-27 20:50:05.544,60478,ESTAB,bbr,232,31.373,1.532,20.097,1448,30,43440,26064,31209959,31209959,39544,NaN,21582,12051,21581,96,NaN,NaN,4782152,3116320,21582,238592,43520,NaN,NaN
2026-04-27 20:50:05.805,60478,ESTAB,bbr,232,31.373,1.532,20.097,1448,30,43440,26064,31212842,31209959,39952,NaN,21584,12052,21583,97,NaN,NaN,4782152,3116320,21582,238592,43520,2,NaN
2026-04-27 20:50:06.073,60478,ESTAB,bbr,240,36.09,1.254,20.097,1448,28,40544,26064,31321442,31304066,40368,NaN,21659,12089,21658,98,NaN,NaN,5977688,3469472,21647,238592,43520,12,320340
2026-04-27 20:50:06.325,60478,ESTAB,bbr,232,31.524,1.604,20.097,1448,30,43440,26064,31440178,31422802,40368,NaN,21741,12131,21740,98,NaN,NaN,5408632,4371192,21729,238592,43520,12,201604
2026-04-27 20:50:06.592,60478,ESTAB,bbr,236,35.243,0.435,20.097,1448,28,40544,26064,31553122,31537194,40368,NaN,21819,12175,21818,98,NaN,NaN,5408632,3346120,21808,238080,43520,11,88660
2026-04-27 20:50:06.858,60478,ESTAB,bbr,236,35.597,1.446,20.097,1448,24,34752,26064,31641782,31641782,40368,NaN,21881,12222,21880,98,NaN,NaN,4330320,2408816,21881,238592,43520,NaN,NaN
2026-04-27 20:50:07.123,60478,ESTAB,bbr,236,35.597,1.446,20.097,1448,24,34752,26064,31641782,31641782,40368,NaN,21881,12222,21880,98,NaN,NaN,4330320,2408816,21881,238592,43520,NaN,NaN
2026-04-27 20:50:07.385,60478,ESTAB,bbr,236,35.597,1.446,20.097,1448,24,34752,26064,31641782,31641782,40368,NaN,21881,12222,21880,98,NaN,NaN,4330320,2408816,21881,238592,43520,NaN,NaN
2026-04-27 20:50:07.646,60478,ESTAB,bbr,236,35.597,1.446,20.097,1448,24,34752,26064,31641782,31641782,40368,NaN,21881,12222,21880,98,NaN,NaN,4330320,2408816,21881,238592,43520,NaN,NaN
2026-04-27 20:50:07.892,60478,ESTAB,bbr,232,31.078,2.404,20.097,1448,24,34752,26064,31662041,31647561,41192,NaN,21895,12227,21894,100,NaN,NaN,4330320,2408816,21885,238592,43520,10,403088
2026-04-27 20:50:08.161,60478,ESTAB,bbr,236,35.68,1.669,20.097,1448,26,37648,26064,31776433,31761953,41192,NaN,21974,12270,21973,100,NaN,NaN,4551624,3678200,21964,238592,43520,10,325149
2026-04-27 20:50:08.430,60478,ESTAB,bbr,236,35.037,1.486,20.097,1448,30,43440,26064,31900961,31886481,41192,NaN,22060,12320,22059,100,NaN,NaN,5284736,3216136,22050,238080,43520,10,200621
2026-04-27 20:50:08.680,60478,ESTAB,bbr,240,36.306,1.895,20.097,1448,28,40544,26064,32005217,31987841,41192,NaN,22132,12365,22131,100,NaN,NaN,5284736,3205160,22120,238592,43520,12,96365
2026-04-27 20:50:08.942,60478,ESTAB,bbr,236,32.617,2.078,20.097,1448,28,40544,26064,32101582,32101582,41192,NaN,22199,12414,22198,100,NaN,NaN,3916088,3326344,22199,238592,43520,NaN,NaN
2026-04-27 20:50:09.188,60478,ESTAB,bbr,236,32.617,2.078,20.097,1448,28,40544,26064,32101582,32101582,41192,NaN,22199,12414,22198,100,NaN,NaN,3916088,3326344,22199,238592,43520,NaN,NaN
2026-04-27 20:50:09.447,60478,ESTAB,bbr,236,32.617,2.078,20.097,1448,28,40544,26064,32101582,32101582,41192,NaN,22199,12414,22198,100,NaN,NaN,3916088,3326344,22199,238592,43520,NaN,NaN
2026-04-27 20:50:09.722,60478,ESTAB,bbr,236,32.617,2.078,20.097,1448,28,40544,26064,32101582,32101582,41192,NaN,22199,12414,22198,100,NaN,NaN,3916088,3326344,22199,238592,43520,NaN,NaN
2026-04-27 20:50:09.978,60478,ESTAB,bbr,232,31.436,3.254,20.097,1448,30,43440,26064,32147905,32133425,42016,NaN,22231,12428,22230,102,NaN,NaN,4895112,3348296,22221,238592,43520,10,329400
2026-04-27 20:50:10.229,60478,ESTAB,bbr,236,34.866,2.47,20.097,1448,28,40544,26064,32255057,32239129,42016,NaN,22305,12471,22304,102,NaN,NaN,4902800,3040656,22294,238080,43520,11,260451
2026-04-27 20:50:10.480,60478,ESTAB,bbr,236,35.455,0.368,20.097,1448,28,40544,26064,32360761,32343385,42016,NaN,22378,12517,22377,102,NaN,NaN,4902800,3347488,22366,238080,43520,12,154747
2026-04-27 20:50:10.722,60478,ESTAB,bbr,232,30.899,2.612,20.097,1448,32,46336,26064,32488185,32473705,42016,NaN,22466,12567,22465,102,NaN,NaN,5941800,4388824,22456,238592,43520,10,27323
2026-04-27 20:50:10.985,60478,ESTAB,bbr,236,35.21,2.342,20.097,1448,32,46336,26064,32515508,32515508,42016,NaN,22485,12584,22484,102,NaN,NaN,5941800,3647352,22485,238080,43520,NaN,NaN
2026-04-27 20:50:11.237,60478,ESTAB,bbr,236,35.21,2.342,20.097,1448,32,46336,26064,32515508,32515508,42016,NaN,22485,12584,22484,102,NaN,NaN,5941800,3647352,22485,238080,43520,NaN,NaN
2026-04-27 20:50:11.504,60478,ESTAB,bbr,236,35.21,2.342,20.097,1448,32,46336,26064,32515508,32515508,42016,NaN,22485,12584,22484,102,NaN,NaN,5941800,3647352,22485,238080,43520,NaN,NaN
2026-04-27 20:50:11.781,60478,ESTAB,bbr,236,35.21,2.342,20.097,1448,32,46336,26064,32515508,32515508,42016,NaN,22485,12584,22484,102,NaN,NaN,5941800,3647352,22485,238080,43520,NaN,NaN
2026-04-27 20:50:12.034,60478,ESTAB,bbr,236,35.37,3.266,20.097,1448,28,40544,26064,32576311,32558935,42840,NaN,22527,12602,22526,104,NaN,NaN,5560720,3347168,22515,238592,43520,12,354578
2026-04-27 20:50:12.289,60478,ESTAB,bbr,236,34.284,1.242,20.097,1448,28,40544,26064,32686359,32668983,42840,NaN,22603,12645,22602,104,NaN,NaN,4737040,3480928,22591,238592,43520,12,244530
2026-04-27 20:50:12.554,60478,ESTAB,bbr,236,35.719,1.458,20.097,1448,30,43440,26064,32805095,32787719,42840,NaN,22685,12694,22684,104,NaN,NaN,5383848,3056976,22673,238592,43520,12,125794
2026-04-27 20:50:12.794,60478,ESTAB,bbr,240,36.174,1.652,20.097,1448,26,37648,26064,32907903,32890527,42840,NaN,22756,12739,22755,104,NaN,NaN,4343992,3347008,22744,238080,43520,12,22986
2026-04-27 20:50:13.041,60478,ESTAB,bbr,236,34.025,1.279,20.097,1448,26,37648,26064,32930889,32930889,42840,NaN,22772,12757,22771,104,NaN,NaN,4343992,2599376,22772,238592,43520,NaN,NaN
2026-04-27 20:50:13.291,60478,ESTAB,bbr,236,34.025,1.279,20.097,1448,26,37648,26064,32930889,32930889,42840,NaN,22772,12757,22771,104,NaN,NaN,4343992,2599376,22772,238592,43520,NaN,NaN
2026-04-27 20:50:13.555,60478,ESTAB,bbr,236,34.025,1.279,20.097,1448,26,37648,26064,32930889,32930889,42840,NaN,22772,12757,22771,104,NaN,NaN,4343992,2599376,22772,238592,43520,NaN,NaN
2026-04-27 20:50:13.834,60478,ESTAB,bbr,236,34.025,1.279,20.097,1448,26,37648,26064,32930889,32930889,42840,NaN,22772,12757,22771,104,NaN,NaN,4343992,2599376,22772,238592,43520,NaN,NaN
2026-04-27 20:50:14.098,60478,ESTAB,bbr,240,36.199,4.405,20.097,1448,26,37648,26064,33000380,32985900,43664,NaN,22820,12779,22819,106,NaN,NaN,4343992,3343544,22810,238592,43520,10,341870
2026-04-27 20:50:14.359,60478,ESTAB,bbr,236,35.525,0.936,20.097,1448,26,37648,26064,33116220,33098844,43664,NaN,22900,12825,22899,106,NaN,NaN,4524280,3238536,22888,238080,43520,12,226030
2026-04-27 20:50:14.623,60478,ESTAB,bbr,236,34.625,1.252,20.097,1448,26,37648,26064,33226268,33211788,43664,NaN,22976,12874,22975,106,NaN,NaN,4549912,3271976,22966,238080,43520,10,115982
2026-04-27 20:50:14.879,60478,ESTAB,bbr,240,37.611,1.851,20.097,1448,26,37648,26064,33327628,33317492,43664,NaN,23046,12920,23045,106,NaN,NaN,4549912,3342496,23039,238592,43520,7,14622
2026-04-27 20:50:15.140,60478,ESTAB,bbr,232,31.936,2.655,20.097,1448,26,37648,26064,33342250,33342250,43664,NaN,23057,12930,23056,106,NaN,NaN,4549912,3429584,23057,238592,43520,NaN,NaN
2026-04-27 20:50:15.403,60478,ESTAB,bbr,232,31.936,2.655,20.097,1448,26,37648,26064,33342250,33342250,43664,NaN,23057,12930,23056,106,NaN,NaN,4549912,3429584,23057,238592,43520,NaN,NaN
2026-04-27 20:50:15.659,60478,ESTAB,bbr,232,31.936,2.655,20.097,1448,26,37648,26064,33342250,33342250,43664,NaN,23057,12930,23056,106,NaN,NaN,4549912,3429584,23057,238592,43520,NaN,NaN
2026-04-27 20:50:15.903,60478,ESTAB,bbr,232,31.936,2.655,20.097,1448,26,37648,26064,33342250,33342250,43664,NaN,23057,12930,23056,106,NaN,NaN,4549912,3429584,23057,238592,43520,NaN,NaN
2026-04-27 20:50:16.155,60478,ESTAB,bbr,240,37.446,2.988,20.097,1448,26,37648,26064,33421877,33408845,44488,NaN,23112,12956,23111,108,NaN,NaN,4244024,3344832,23103,238080,45568,9,353186
2026-04-27 20:50:16.422,60478,ESTAB,bbr,236,34.556,2.122,20.097,1448,26,37648,26064,33536269,33521789,44488,NaN,23191,13005,23190,108,NaN,NaN,3708968,3738920,23181,238592,45568,10,238794
2026-04-27 20:50:16.667,60478,ESTAB,bbr,236,35.665,0.847,20.097,1448,28,40544,26064,33643421,33626045,44488,NaN,23265,13051,23264,108,NaN,NaN,4676368,3499888,23253,238080,45568,12,131642
2026-04-27 20:50:16.928,60478,ESTAB,bbr,236,35.687,2.889,20.097,1448,28,40544,26064,33759261,33741885,44488,NaN,23345,13098,23344,108,NaN,NaN,4966024,2985424,23333,238080,45568,12,15802
2026-04-27 20:50:17.190,60478,ESTAB,bbr,236,33.829,2.402,20.097,1448,28,40544,26064,33775063,33775063,44488,NaN,23356,13112,23355,108,NaN,NaN,5110432,3172536,23356,238592,45568,NaN,NaN
2026-04-27 20:50:17.451,60478,ESTAB,bbr,236,33.829,2.402,20.097,1448,28,40544,26064,33775063,33775063,44488,NaN,23356,13112,23355,108,NaN,NaN,5110432,3172536,23356,238592,45568,NaN,NaN
2026-04-27 20:50:17.712,60478,ESTAB,bbr,236,33.829,2.402,20.097,1448,28,40544,26064,33775063,33775063,44488,NaN,23356,13112,23355,108,NaN,NaN,5110432,3172536,23356,238592,45568,NaN,NaN
2026-04-27 20:50:17.982,60478,ESTAB,bbr,236,33.829,2.402,20.097,1448,28,40544,26064,33775063,33775063,44896,NaN,23356,13113,23355,109,NaN,NaN,5110432,3172536,23356,238592,45568,NaN,NaN
2026-04-27 20:50:18.232,60478,ESTAB,bbr,236,35.963,0.828,20.097,1448,26,37648,26064,33877858,33863378,45312,NaN,23427,13148,23426,110,NaN,NaN,5110432,3507592,23417,238592,51200,10,363047
2026-04-27 20:50:18.490,60478,ESTAB,bbr,240,37.694,1.484,20.097,1448,28,40544,26064,33985010,33971978,45312,NaN,23501,13191,23500,110,NaN,NaN,5024128,3208048,23492,238592,51200,9,255895
2026-04-27 20:50:18.732,60478,ESTAB,bbr,240,36.068,1.154,20.097,1448,26,37648,26064,34090714,34076234,45312,NaN,23574,13237,23573,110,NaN,NaN,5024128,3346600,23564,238080,51200,10,150191
2026-04-27 20:50:18.983,60478,ESTAB,bbr,232,30.695,2.006,20.097,1448,30,43440,26064,34203658,34186282,45312,NaN,23652,13283,23651,110,NaN,NaN,5253120,3962632,23640,238592,51200,12,37247
2026-04-27 20:50:19.254,60478,ESTAB,bbr,236,32.798,1.978,20.097,1448,30,43440,26064,34240905,34240905,45312,NaN,23678,13306,23677,110,NaN,NaN,5555592,2790040,23678,238080,51200,NaN,NaN
2026-04-27 20:50:19.517,60478,ESTAB,bbr,236,32.798,1.978,20.097,1448,30,43440,26064,34240905,34240905,45312,NaN,23678,13306,23677,110,NaN,NaN,5555592,2790040,23678,238080,51200,NaN,NaN
2026-04-27 20:50:19.760,60478,ESTAB,bbr,236,32.798,1.978,20.097,1448,30,43440,26064,34240905,34240905,45312,NaN,23678,13306,23677,110,NaN,NaN,5555592,2790040,23678,238080,51200,NaN,NaN
2026-04-27 20:50:20.018,60478,ESTAB,bbr,236,32.798,1.978,20.097,1448,30,43440,26064,34243788,34240905,45720,NaN,23680,13307,23679,111,NaN,NaN,4444472,2790040,23678,238592,54272,2,NaN
2026-04-27 20:50:20.286,60478,ESTAB,bbr,240,36.349,1.734,20.097,1448,32,46336,26064,34352388,34337908,46136,NaN,23755,13344,23754,112,NaN,NaN,5555592,3343784,23745,238080,56832,10,377894
2026-04-27 20:50:20.553,60478,ESTAB,bbr,240,36.149,1.36,20.097,1448,26,37648,26064,34465332,34449404,46136,NaN,23833,13393,23832,112,NaN,NaN,4322632,2909456,23822,238080,56832,11,264950
2026-04-27 20:50:20.816,60478,ESTAB,bbr,240,37.541,1.757,20.097,1448,26,37648,26064,34575380,34560900,46136,NaN,23909,13439,23908,112,NaN,NaN,4554184,3345656,23899,238080,56832,10,154902
2026-04-27 20:50:21.087,60478,ESTAB,bbr,240,36.207,1.705,20.097,1448,26,37648,26064,34686876,34672396,46136,NaN,23986,13489,23985,112,NaN,NaN,4343136,3214800,23976,238592,56832,10,43406
2026-04-27 20:50:21.361,60478,ESTAB,bbr,228,27.768,1.925,20.097,1448,34,49232,26064,34730282,34730282,46136,NaN,24016,13512,24015,112,NaN,NaN,6610832,3990504,24016,238592,56832,NaN,NaN
2026-04-27 20:50:21.638,60478,ESTAB,bbr,228,27.768,1.925,20.097,1448,34,49232,26064,34730282,34730282,46136,NaN,24016,13512,24015,112,NaN,NaN,6610832,3990504,24016,238592,56832,NaN,NaN
2026-04-27 20:50:21.890,60478,ESTAB,bbr,228,27.768,1.925,20.097,1448,34,49232,26064,34730282,34730282,46136,NaN,24016,13512,24015,112,NaN,NaN,6610832,3990504,24016,238592,56832,NaN,NaN
2026-04-27 20:50:22.143,60478,ESTAB,bbr,232,31.387,6.955,20.097,1448,34,49232,26064,34767917,34753437,46960,NaN,24042,13523,24041,114,NaN,NaN,6610832,3348864,24032,238592,62976,10,243372
2026-04-27 20:50:22.409,60478,ESTAB,bbr,236,33.78,1.114,20.097,1448,28,40544,26064,34883757,34869277,46960,NaN,24122,13568,24121,114,NaN,NaN,5353944,3865792,24112,238592,62976,10,127532
2026-04-27 20:50:22.665,60478,ESTAB,bbr,236,35.557,1.047,20.097,1448,30,43440,26064,34999597,34986565,46960,NaN,24202,13618,24201,114,NaN,NaN,5406064,3211904,24193,238592,62976,9,11692
2026-04-27 20:50:22.911,60478,ESTAB,bbr,236,34.045,2.862,20.097,1448,30,43440,26064,35011289,35011289,46960,NaN,24211,13630,24210,114,NaN,NaN,5406064,2240000,24211,238592,62976,NaN,NaN
2026-04-27 20:50:23.192,60478,ESTAB,bbr,236,34.045,2.862,20.097,1448,30,43440,26064,35011289,35011289,46960,NaN,24211,13630,24210,114,NaN,NaN,5406064,2240000,24211,238592,62976,NaN,NaN
2026-04-27 20:50:23.456,60478,ESTAB,bbr,236,34.045,2.862,20.097,1448,30,43440,26064,35011289,35011289,46960,NaN,24211,13630,24210,114,NaN,NaN,5406064,2240000,24211,238592,62976,NaN,NaN
2026-04-27 20:50:23.714,60478,ESTAB,bbr,236,34.045,2.862,20.097,1448,30,43440,26064,35011289,35011289,46960,NaN,24211,13630,24210,114,NaN,NaN,5406064,2240000,24211,238592,62976,NaN,NaN
2026-04-27 20:50:23.971,60478,ESTAB,bbr,236,34.045,2.862,20.097,1448,30,43440,26064,35011289,35011289,46960,NaN,24211,13630,24210,114,NaN,NaN,5406064,2240000,24211,238592,62976,NaN,NaN
2026-04-27 20:50:24.243,60478,ESTAB,bbr,236,35.653,2.387,20.097,1448,28,40544,26064,35080780,35066300,47784,NaN,24259,13652,24258,116,NaN,NaN,5406064,3346600,24249,238592,68608,10,284593
2026-04-27 20:50:24.503,60478,ESTAB,bbr,228,26.363,1.473,20.097,1448,26,37648,26064,35196620,35187932,47784,NaN,24339,13698,24338,116,NaN,NaN,3857984,3857952,24333,238592,68608,6,168753
2026-04-27 20:50:24.764,60478,ESTAB,bbr,236,33.045,4.184,20.097,1448,34,49232,26064,35345764,35329836,47784,NaN,24442,13748,24441,116,NaN,NaN,6506592,4078256,24431,238592,68608,11,19609
2026-04-27 20:50:25.025,60478,ESTAB,bbr,236,34.559,2.333,20.097,1448,32,46336,26064,35365373,35365373,47784,NaN,24456,13761,24455,116,NaN,NaN,6506592,3492568,24456,238592,68608,NaN,NaN
2026-04-27 20:50:25.294,60478,ESTAB,bbr,236,34.559,2.333,20.097,1448,32,46336,26064,35365373,35365373,47784,NaN,24456,13761,24455,116,NaN,NaN,6506592,3492568,24456,238592,68608,NaN,NaN
2026-04-27 20:50:25.556,60478,ESTAB,bbr,236,34.559,2.333,20.097,1448,32,46336,26064,35365373,35365373,47784,NaN,24456,13761,24455,116,NaN,NaN,6506592,3492568,24456,238592,68608,NaN,NaN
2026-04-27 20:50:25.817,60478,ESTAB,bbr,236,34.559,2.333,20.097,1448,32,46336,26064,35365373,35365373,47784,NaN,24456,13761,24455,116,NaN,NaN,6506592,3492568,24456,238592,68608,NaN,NaN
2026-04-27 20:50:26.076,60478,ESTAB,bbr,236,34.559,2.333,20.097,1448,32,46336,26064,35365373,35365373,47784,NaN,24456,13761,24455,116,NaN,NaN,6506592,3492568,24456,238592,68608,NaN,NaN
2026-04-27 20:50:26.347,60478,ESTAB,bbr,236,35.772,1.278,20.097,1448,30,43440,26064,35465272,35450792,48608,NaN,24525,13795,24524,118,NaN,NaN,6336560,3202008,24515,238080,74240,10,321156
2026-04-27 20:50:26.609,60478,ESTAB,bbr,236,34.465,3.035,20.097,1448,32,46336,26064,35601384,35584008,48608,NaN,24619,13842,24618,118,NaN,NaN,5934112,3805992,24607,238592,74240,12,185044
2026-04-27 20:50:26.871,60478,ESTAB,bbr,236,33.205,1.687,20.097,1448,28,40544,26064,35717224,35702744,48608,NaN,24699,13891,24698,118,NaN,NaN,5934112,3376096,24689,238592,74240,10,69204
2026-04-27 20:50:27.137,60478,ESTAB,bbr,236,32.991,1.969,20.097,1448,28,40544,26064,35786428,35786428,48608,NaN,24747,13927,24746,118,NaN,NaN,4971152,3506240,24747,238592,74240,NaN,NaN
2026-04-27 20:50:27.406,60478,ESTAB,bbr,236,32.991,1.969,20.097,1448,28,40544,26064,35786428,35786428,48608,NaN,24747,13927,24746,118,NaN,NaN,4971152,3506240,24747,238592,74240,NaN,NaN
2026-04-27 20:50:27.666,60478,ESTAB,bbr,236,32.991,1.969,20.097,1448,28,40544,26064,35786428,35786428,48608,NaN,24747,13927,24746,118,NaN,NaN,4971152,3506240,24747,238592,74240,NaN,NaN
2026-04-27 20:50:27.933,60478,ESTAB,bbr,236,32.991,1.969,20.097,1448,28,40544,26064,35786428,35786428,48608,NaN,24747,13927,24746,118,NaN,NaN,4971152,3506240,24747,238592,74240,NaN,NaN
2026-04-27 20:50:28.193,60478,ESTAB,bbr,232,29.689,2.584,20.097,1448,28,40544,26064,35809583,35792207,49432,NaN,24763,13932,24762,120,NaN,NaN,4971152,3506240,24751,238592,80384,12,289370
2026-04-27 20:50:28.443,60478,ESTAB,bbr,236,34.999,1.205,20.097,1448,28,40544,26064,35915287,35900807,49432,NaN,24836,13973,24835,120,NaN,NaN,4971152,3344352,24826,238592,80384,10,183666
2026-04-27 20:50:28.699,60478,ESTAB,bbr,240,36.076,2.234,20.097,1448,28,40544,26064,36025335,36010855,49432,NaN,24912,14022,24911,120,NaN,NaN,4880584,3493712,24902,238592,80384,10,73618
2026-04-27 20:50:28.955,60478,ESTAB,bbr,236,34.256,1.385,20.097,1448,32,46336,26064,36098953,36098953,49432,NaN,24963,14059,24962,120,NaN,NaN,6449344,3866112,24963,238592,80384,NaN,NaN
2026-04-27 20:50:29.210,60478,ESTAB,bbr,236,34.256,1.385,20.097,1448,32,46336,26064,36098953,36098953,49432,NaN,24963,14059,24962,120,NaN,NaN,6449344,3866112,24963,238592,80384,NaN,NaN
2026-04-27 20:50:29.468,60478,ESTAB,bbr,236,34.256,1.385,20.097,1448,32,46336,26064,36098953,36098953,49432,NaN,24963,14059,24962,120,NaN,NaN,6449344,3866112,24963,238592,80384,NaN,NaN
2026-04-27 20:50:29.725,60478,ESTAB,bbr,236,34.256,1.385,20.097,1448,32,46336,26064,36098953,36098953,49432,NaN,24963,14059,24962,120,NaN,NaN,6449344,3866112,24963,238592,80384,NaN,NaN
2026-04-27 20:50:29.980,60478,ESTAB,bbr,236,34.256,1.385,20.097,1448,32,46336,26064,36098953,36098953,49432,NaN,24963,14059,24962,120,NaN,NaN,6449344,3866112,24963,238592,80384,NaN,NaN
2026-04-27 20:50:30.241,60478,ESTAB,bbr,232,30.064,1.667,20.097,1448,32,46336,26064,36127900,36110524,50256,NaN,24983,14066,24982,122,NaN,NaN,6449344,3866112,24971,238592,86016,12,427733
2026-04-27 20:50:30.502,60478,ESTAB,bbr,240,37.978,1.484,20.097,1448,30,43440,26064,36233604,36219124,50256,NaN,25056,14108,25055,122,NaN,NaN,6449344,3197664,25046,238592,86016,10,322029
2026-04-27 20:50:30.743,60478,ESTAB,bbr,236,35.946,2.305,20.097,1448,24,34752,26064,36334964,36320484,50256,NaN,25126,14153,25125,122,NaN,NaN,4152600,3215168,25116,238592,86016,10,220669
2026-04-27 20:50:31.011,60478,ESTAB,bbr,236,34.282,1.328,20.097,1448,28,40544,26064,36453700,36439220,50256,NaN,25208,14202,25207,122,NaN,NaN,5112992,3512720,25198,238080,86016,10,101933
2026-04-27 20:50:31.270,60478,ESTAB,bbr,240,37.05,1.708,20.097,1448,28,40544,26064,36555633,36547820,50256,NaN,25279,14249,25278,122,NaN,NaN,5112992,3200320,25273,238592,86016,6,NaN
2026-04-27 20:50:31.531,60478,ESTAB,bbr,240,36.067,1.242,20.097,1448,28,40544,26064,36555633,36555633,50256,NaN,25279,14254,25278,122,NaN,NaN,5112992,2910328,25279,238592,86016,NaN,NaN
2026-04-27 20:50:31.798,60478,ESTAB,bbr,240,36.067,1.242,20.097,1448,28,40544,26064,36555633,36555633,50256,NaN,25279,14254,25278,122,NaN,NaN,5112992,2910328,25279,238592,86016,NaN,NaN
2026-04-27 20:50:32.061,60478,ESTAB,bbr,240,36.067,1.242,20.097,1448,28,40544,26064,36555633,36555633,50256,NaN,25279,14254,25278,122,NaN,NaN,5112992,2910328,25279,238592,86016,NaN,NaN
2026-04-27 20:50:32.328,60478,ESTAB,bbr,236,34.262,3.45,20.097,1448,24,34752,26064,36604852,36590372,51080,NaN,25313,14269,25312,124,NaN,NaN,4315792,3348616,25303,238592,91648,10,429623
2026-04-27 20:50:32.598,60478,ESTAB,bbr,232,30.645,1.887,20.097,1448,32,46336,26064,36729380,36709108,51080,NaN,25399,14317,25398,124,NaN,NaN,5947784,4138616,25385,238592,91648,14,305095
2026-04-27 20:50:32.871,60478,ESTAB,bbr,236,35.875,1.353,20.097,1448,30,43440,26064,36848116,36830740,51080,NaN,25481,14366,25480,124,NaN,NaN,5947784,3203136,25469,238592,91648,12,186359
2026-04-27 20:50:33.149,60478,ESTAB,bbr,236,34.491,1.388,20.097,1448,28,40544,26064,36963956,36950924,51080,NaN,25561,14418,25560,124,NaN,NaN,4686624,3346600,25552,238592,91648,9,70519
2026-04-27 20:50:33.414,60478,ESTAB,bbr,236,35.337,1.818,20.097,1448,30,43440,26064,37034475,37034475,51080,NaN,25610,14455,25609,124,NaN,NaN,5559864,3352624,25610,238592,91648,NaN,NaN
2026-04-27 20:50:33.680,60478,ESTAB,bbr,236,35.337,1.818,20.097,1448,30,43440,26064,37034475,37034475,51080,NaN,25610,14455,25609,124,NaN,NaN,5559864,3352624,25610,238592,91648,NaN,NaN
2026-04-27 20:50:33.935,60478,ESTAB,bbr,236,35.337,1.818,20.097,1448,30,43440,26064,37034475,37034475,51080,NaN,25610,14455,25609,124,NaN,NaN,5559864,3352624,25610,238592,91648,NaN,NaN
2026-04-27 20:50:34.197,60478,ESTAB,bbr,236,35.337,1.818,20.097,1448,30,43440,26064,37034475,37034475,51080,NaN,25610,14455,25609,124,NaN,NaN,5559864,3352624,25610,238592,91648,NaN,NaN
2026-04-27 20:50:34.442,60478,ESTAB,bbr,240,37.488,0.789,20.097,1448,30,43440,26064,37119894,37103966,51904,NaN,25669,14483,25668,126,NaN,NaN,5559864,3348456,25658,238592,97280,11,376481
2026-04-27 20:50:34.694,60478,ESTAB,bbr,240,36.288,1.479,20.097,1448,24,34752,26064,37225598,37211118,51904,NaN,25742,14528,25741,126,NaN,NaN,4514880,3345640,25732,238080,97280,10,270777
2026-04-27 20:50:34.931,60478,ESTAB,bbr,236,35.118,1.25,20.097,1448,24,34752,26064,37324062,37308134,51904,NaN,25810,14570,25809,126,NaN,NaN,4335448,3175144,25799,238080,97280,11,172313
2026-04-27 20:50:35.199,60478,ESTAB,bbr,240,36.246,1.462,20.097,1448,24,34752,26064,37434110,37418182,51904,NaN,25886,14619,25885,126,NaN,NaN,3469040,3492136,25875,238592,97280,11,62265
2026-04-27 20:50:35.453,60478,ESTAB,bbr,236,32.862,2.736,20.097,1448,26,37648,26064,37496375,37496375,51904,NaN,25930,14654,25929,126,NaN,NaN,4543928,2233328,25930,238592,97280,NaN,NaN
2026-04-27 20:50:35.709,60478,ESTAB,bbr,236,32.862,2.736,20.097,1448,26,37648,26064,37496375,37496375,51904,NaN,25930,14654,25929,126,NaN,NaN,4543928,2233328,25930,238592,97280,NaN,NaN
2026-04-27 20:50:35.979,60478,ESTAB,bbr,236,32.862,2.736,20.097,1448,26,37648,26064,37496375,37496375,51904,NaN,25930,14654,25929,126,NaN,NaN,4543928,2233328,25930,238592,97280,NaN,NaN
2026-04-27 20:50:36.240,60478,ESTAB,bbr,236,32.862,2.736,20.097,1448,26,37648,26064,37496375,37496375,51904,NaN,25930,14654,25929,126,NaN,NaN,4543928,2233328,25930,238592,97280,NaN,NaN
2026-04-27 20:50:36.490,60478,ESTAB,bbr,236,33.616,2.632,20.097,1448,26,37648,26064,37593378,37578898,52728,NaN,25997,14688,25996,128,NaN,NaN,4543928,3651280,25987,238592,103424,10,313693
2026-04-27 20:50:36.740,60478,ESTAB,bbr,236,34.755,1.974,20.097,1448,30,43440,26064,37712114,37696186,52728,NaN,26079,14731,26078,128,NaN,NaN,5272776,3653104,26068,238592,103424,11,194957
2026-04-27 20:50:36.988,60478,ESTAB,bbr,240,36.572,1.788,20.097,1448,26,37648,26064,37814922,37800442,52728,NaN,26150,14776,26149,128,NaN,NaN,5036944,3211232,26140,238080,103424,10,92149
2026-04-27 20:50:37.239,60478,ESTAB,bbr,236,34.241,1.508,20.097,1448,26,37648,26064,37907071,37906146,52728,NaN,26214,14821,26213,128,NaN,NaN,4543080,3185304,26213,238080,103424,1,NaN
2026-04-27 20:50:37.500,60478,ESTAB,bbr,236,34.2,1.212,20.097,1448,26,37648,26064,37907071,37907071,52728,NaN,26214,14822,26213,128,NaN,NaN,4543080,3503832,26214,238080,103424,NaN,NaN
2026-04-27 20:50:37.762,60478,ESTAB,bbr,236,34.2,1.212,20.097,1448,26,37648,26064,37907071,37907071,52728,NaN,26214,14822,26213,128,NaN,NaN,4543080,3503832,26214,238080,103424,NaN,NaN
2026-04-27 20:50:38.023,60478,ESTAB,bbr,236,34.2,1.212,20.097,1448,26,37648,26064,37907071,37907071,52728,NaN,26214,14822,26213,128,NaN,NaN,4543080,3503832,26214,238080,103424,NaN,NaN
2026-04-27 20:50:38.282,60478,ESTAB,bbr,236,34.2,1.212,20.097,1448,26,37648,26064,37907071,37907071,52728,NaN,26214,14822,26213,128,NaN,NaN,4543080,3503832,26214,238080,103424,NaN,NaN
2026-04-27 20:50:38.536,60478,ESTAB,bbr,236,34.95,1.468,20.097,1448,24,34752,26064,38006970,37989594,53552,NaN,26283,14856,26282,130,NaN,NaN,4543080,3349560,26271,238592,109056,12,308058
2026-04-27 20:50:38.806,60478,ESTAB,bbr,236,34.275,2.653,20.097,1448,28,40544,26064,38125706,38108330,53552,NaN,26365,14902,26364,130,NaN,NaN,5211256,2618376,26353,238080,109056,12,189322
2026-04-27 20:50:39.069,60478,ESTAB,bbr,240,36.53,1.764,20.097,1448,30,43440,26064,38253130,38234306,53552,NaN,26453,14954,26452,130,NaN,NaN,5669232,3641048,26440,238592,109056,13,61898
2026-04-27 20:50:39.325,60478,ESTAB,bbr,236,34.708,1.708,20.097,1448,32,46336,26064,38315028,38315028,53552,NaN,26496,14987,26495,130,NaN,NaN,6446776,3205632,26496,238592,109056,NaN,NaN
2026-04-27 20:50:39.600,60478,ESTAB,bbr,236,34.708,1.708,20.097,1448,32,46336,26064,38315028,38315028,53552,NaN,26496,14987,26495,130,NaN,NaN,6446776,3205632,26496,238592,109056,NaN,NaN
2026-04-27 20:50:39.873,60478,ESTAB,bbr,236,34.708,1.708,20.097,1448,32,46336,26064,38315028,38315028,53552,NaN,26496,14987,26495,130,NaN,NaN,6446776,3205632,26496,238592,109056,NaN,NaN
2026-04-27 20:50:40.138,60478,ESTAB,bbr,236,34.708,1.708,20.097,1448,32,46336,26064,38315028,38315028,53552,NaN,26496,14987,26495,130,NaN,NaN,6446776,3205632,26496,238592,109056,NaN,NaN
2026-04-27 20:50:40.389,60478,ESTAB,bbr,232,31.153,2.407,20.097,1448,32,46336,26064,38338183,38320807,54376,NaN,26512,14992,26511,132,NaN,NaN,6446776,3205632,26500,238592,114688,12,379921
2026-04-27 20:50:40.651,60478,ESTAB,bbr,240,36.037,2.777,20.097,1448,26,37648,26064,38449679,38432303,54376,NaN,26589,15033,26588,132,NaN,NaN,4507192,3600624,26577,238592,114688,12,268425
2026-04-27 20:50:40.911,60478,ESTAB,bbr,240,36.97,2.367,20.097,1448,26,37648,26064,38562623,38546695,54376,NaN,26667,15083,26666,132,NaN,NaN,4802832,3342856,26656,238080,114688,11,155481
2026-04-27 20:50:41.173,60478,ESTAB,bbr,236,34.758,2.003,20.097,1448,28,40544,26064,38675567,38661087,54376,NaN,26745,15129,26744,132,NaN,NaN,4735328,3354584,26735,238080,114688,10,42537
2026-04-27 20:50:41.441,60478,ESTAB,bbr,236,35.07,1.716,20.097,1448,26,37648,26064,38718104,38718104,54376,NaN,26775,15155,26774,132,NaN,NaN,4735328,2332072,26775,238592,114688,NaN,NaN
2026-04-27 20:50:41.715,60478,ESTAB,bbr,236,35.07,1.716,20.097,1448,26,37648,26064,38718104,38718104,54376,NaN,26775,15155,26774,132,NaN,NaN,4735328,2332072,26775,238592,114688,NaN,NaN
2026-04-27 20:50:41.982,60478,ESTAB,bbr,236,35.07,1.716,20.097,1448,26,37648,26064,38718104,38718104,54376,NaN,26775,15155,26774,132,NaN,NaN,4735328,2332072,26775,238592,114688,NaN,NaN
2026-04-27 20:50:42.248,60478,ESTAB,bbr,236,35.07,1.716,20.097,1448,26,37648,26064,38718104,38718104,54376,NaN,26775,15155,26774,132,NaN,NaN,4735328,2332072,26775,238592,114688,NaN,NaN
2026-04-27 20:50:42.515,60478,ESTAB,bbr,236,35.105,3.546,20.097,1448,24,34752,26064,38781803,38764427,55200,NaN,26819,15174,26818,134,NaN,NaN,4513168,3346360,26807,238592,120832,12,345777
2026-04-27 20:50:42.779,60478,ESTAB,bbr,236,35.435,0.808,20.097,1448,24,34752,26064,38891851,38874475,55200,NaN,26895,15219,26894,134,NaN,NaN,4547352,3503064,26883,238592,120832,12,235729
2026-04-27 20:50:43.042,60478,ESTAB,bbr,240,36.337,1.999,20.097,1448,26,37648,26064,39001899,38985971,55200,NaN,26971,15266,26970,134,NaN,NaN,4548208,2705592,26960,238592,120832,11,125681
2026-04-27 20:50:43.307,60478,ESTAB,bbr,232,29.885,1.729,20.097,1448,30,43440,26064,39123531,39107603,55200,NaN,27055,15317,27054,134,NaN,NaN,4603744,3705096,27044,238592,120832,11,4049
2026-04-27 20:50:43.583,60478,ESTAB,bbr,232,29.216,1.194,20.097,1448,30,43440,26064,39127580,39127580,55200,NaN,27058,15325,27057,134,NaN,NaN,4603744,3659912,27058,238592,120832,NaN,NaN
2026-04-27 20:50:43.854,60478,ESTAB,bbr,232,29.216,1.194,20.097,1448,30,43440,26064,39127580,39127580,55200,NaN,27058,15325,27057,134,NaN,NaN,4603744,3659912,27058,238592,120832,NaN,NaN
2026-04-27 20:50:44.108,60478,ESTAB,bbr,232,29.216,1.194,20.097,1448,30,43440,26064,39127580,39127580,55200,NaN,27058,15325,27057,134,NaN,NaN,4603744,3659912,27058,238592,120832,NaN,NaN
2026-04-27 20:50:44.376,60478,ESTAB,bbr,232,29.216,1.194,20.097,1448,30,43440,26064,39127580,39127580,55200,NaN,27058,15325,27057,134,NaN,NaN,4603744,3659912,27058,238592,120832,NaN,NaN
2026-04-27 20:50:44.639,60478,ESTAB,bbr,240,36.214,2.032,20.097,1448,30,43440,26064,39230375,39212999,56024,NaN,27129,15359,27128,136,NaN,NaN,5754680,3202248,27117,238080,126464,12,310601
2026-04-27 20:50:44.878,60478,ESTAB,bbr,236,35.414,0.347,20.097,1448,24,34752,26064,39327391,39315807,56024,NaN,27196,15402,27195,136,NaN,NaN,4343992,3510592,27188,238080,126464,8,213585
2026-04-27 20:50:45.128,60478,ESTAB,bbr,236,35.607,0.536,20.097,1448,26,37648,26064,39431647,39417167,56024,NaN,27268,15445,27267,136,NaN,NaN,4523424,3347488,27258,238592,126464,10,109329
2026-04-27 20:50:45.395,60478,ESTAB,bbr,232,29.623,2.991,20.097,1448,28,40544,26064,39540976,39540976,56024,NaN,27344,15498,27343,136,NaN,NaN,5260808,4188640,27344,238592,126464,NaN,NaN
2026-04-27 20:50:45.639,60478,ESTAB,bbr,232,29.623,2.991,20.097,1448,28,40544,26064,39540976,39540976,56024,NaN,27344,15498,27343,136,NaN,NaN,5260808,4188640,27344,238592,126464,NaN,NaN
2026-04-27 20:50:45.886,60478,ESTAB,bbr,232,29.623,2.991,20.097,1448,28,40544,26064,39540976,39540976,56024,NaN,27344,15498,27343,136,NaN,NaN,5260808,4188640,27344,238592,126464,NaN,NaN
2026-04-27 20:50:46.146,60478,ESTAB,bbr,232,29.623,2.991,20.097,1448,28,40544,26064,39540976,39540976,56024,NaN,27344,15498,27343,136,NaN,NaN,5260808,4188640,27344,238592,126464,NaN,NaN
2026-04-27 20:50:46.416,60478,ESTAB,bbr,232,29.623,2.991,20.097,1448,28,40544,26064,39540976,39540976,56024,NaN,27344,15498,27343,136,NaN,NaN,5260808,4188640,27344,238592,126464,NaN,NaN
2026-04-27 20:50:46.670,60478,ESTAB,bbr,240,36.414,2.285,20.097,1448,28,40544,26064,39640875,39623499,56848,NaN,27413,15531,27412,138,NaN,NaN,5260808,2950920,27401,238080,132096,12,335350
2026-04-27 20:50:46.921,60478,ESTAB,bbr,236,32.595,3.163,20.097,1448,30,43440,26064,39765403,39748027,56848,NaN,27499,15580,27498,138,NaN,NaN,5896520,3520288,27487,238080,132096,12,210822
2026-04-27 20:50:47.180,60478,ESTAB,bbr,236,35.736,2.231,20.097,1448,28,40544,26064,39872555,39859523,56848,NaN,27573,15627,27572,138,NaN,NaN,5896520,3904088,27564,238592,132096,9,103670
2026-04-27 20:50:47.436,60478,ESTAB,bbr,236,33.243,1.129,20.097,1448,28,40544,26064,39976225,39976225,56848,NaN,27645,15677,27644,138,NaN,NaN,5117264,3242728,27645,238592,132096,NaN,NaN
2026-04-27 20:50:47.697,60478,ESTAB,bbr,236,33.243,1.129,20.097,1448,28,40544,26064,39976225,39976225,56848,NaN,27645,15677,27644,138,NaN,NaN,5117264,3242728,27645,238592,132096,NaN,NaN
2026-04-27 20:50:47.958,60478,ESTAB,bbr,236,33.243,1.129,20.097,1448,28,40544,26064,39976225,39976225,56848,NaN,27645,15677,27644,138,NaN,NaN,5117264,3242728,27645,238592,132096,NaN,NaN
2026-04-27 20:50:48.227,60478,ESTAB,bbr,236,33.243,1.129,20.097,1448,28,40544,26064,39976225,39976225,56848,NaN,27645,15677,27644,138,NaN,NaN,5117264,3242728,27645,238592,132096,NaN,NaN
2026-04-27 20:50:48.501,60478,ESTAB,bbr,232,30.816,1.654,20.097,1448,28,40544,26064,39990692,39979108,57672,NaN,27655,15681,27654,140,NaN,NaN,4093808,3242728,27647,238592,138240,8,502330
2026-04-27 20:50:48.760,60478,ESTAB,bbr,236,35.996,1.263,20.097,1448,24,34752,26064,40102188,40084812,57672,NaN,27732,15720,27731,140,NaN,NaN,4520008,3343864,27720,238080,138240,12,390834
2026-04-27 20:50:49.029,60478,ESTAB,bbr,236,35.671,2.148,20.097,1448,24,34752,26064,40215132,40197756,57672,NaN,27810,15770,27809,140,NaN,NaN,4520008,3492744,27798,238592,138240,12,277890
2026-04-27 20:50:49.292,60478,ESTAB,bbr,232,28.046,1.059,20.097,1448,32,46336,26064,40348348,40333868,57672,NaN,27902,15821,27901,140,NaN,NaN,6566400,5208800,27892,238592,138240,10,144674
2026-04-27 20:50:49.553,60478,ESTAB,bbr,236,35.524,1.517,20.097,1448,32,46336,26064,40464188,40446812,57672,NaN,27982,15868,27981,140,NaN,NaN,6566400,3344280,27970,238080,138240,12,28834
2026-04-27 20:50:49.814,60478,ESTAB,bbr,240,36.635,1.714,20.097,1448,30,43440,26064,40493022,40493022,57672,NaN,28002,15888,28001,140,NaN,NaN,6566400,3200400,28002,238080,138240,NaN,NaN
2026-04-27 20:50:50.079,60478,ESTAB,bbr,240,36.635,1.714,20.097,1448,30,43440,26064,40493022,40493022,57672,NaN,28002,15888,28001,140,NaN,NaN,6566400,3200400,28002,238080,138240,NaN,NaN
2026-04-27 20:50:50.341,60478,ESTAB,bbr,240,36.635,1.714,20.097,1448,30,43440,26064,40493022,40493022,57672,NaN,28002,15888,28001,140,NaN,NaN,6566400,3200400,28002,238080,138240,NaN,NaN
2026-04-27 20:50:50.602,60478,ESTAB,bbr,236,34.761,3.52,20.097,1448,26,37648,26064,40539345,40524865,58496,NaN,28034,15902,28033,142,NaN,NaN,4883144,3352336,28024,238592,143872,10,395886
2026-04-27 20:50:50.860,60478,ESTAB,bbr,232,31.825,2.564,20.097,1448,28,40544,26064,40655185,40637809,58496,NaN,28114,15948,28113,142,NaN,NaN,4831880,3566496,28102,238592,143872,12,280046
2026-04-27 20:50:51.114,60478,ESTAB,bbr,236,35.618,0.279,20.097,1448,30,43440,26064,40771025,40756545,58496,NaN,28194,15996,28193,142,NaN,NaN,5240304,3505376,28184,238080,143872,10,164206
2026-04-27 20:50:51.363,60478,ESTAB,bbr,240,36.919,2.245,20.097,1448,26,37648,26064,40873833,40859353,58496,NaN,28265,16039,28264,142,NaN,NaN,4834440,3214720,28255,238592,143872,10,61398
2026-04-27 20:50:51.621,60478,ESTAB,bbr,236,35.976,1.677,20.097,1448,24,34752,26064,40935231,40935231,58496,NaN,28308,16073,28307,142,NaN,NaN,4374752,3346200,28308,238592,143872,NaN,NaN
2026-04-27 20:50:51.883,60478,ESTAB,bbr,236,35.976,1.677,20.097,1448,24,34752,26064,40935231,40935231,58496,NaN,28308,16073,28307,142,NaN,NaN,4374752,3346200,28308,238592,143872,NaN,NaN
2026-04-27 20:50:52.156,60478,ESTAB,bbr,236,35.976,1.677,20.097,1448,24,34752,26064,40935231,40935231,58496,NaN,28308,16073,28307,142,NaN,NaN,4374752,3346200,28308,238592,143872,NaN,NaN
2026-04-27 20:50:52.426,60478,ESTAB,bbr,236,35.976,1.677,20.097,1448,24,34752,26064,40935231,40935231,58496,NaN,28308,16073,28307,142,NaN,NaN,4374752,3346200,28308,238592,143872,NaN,NaN
2026-04-27 20:50:52.693,60478,ESTAB,bbr,236,35.226,3.461,20.097,1448,26,37648,26064,41004722,40990242,59320,NaN,28356,16095,28355,144,NaN,NaN,4339720,3347248,28346,238592,149504,10,371161
2026-04-27 20:50:52.958,60478,ESTAB,bbr,240,37.172,2.498,20.097,1448,26,37648,26064,41117666,41103186,59320,NaN,28434,16142,28433,144,NaN,NaN,4558456,3346680,28424,238592,149504,10,258217
2026-04-27 20:50:53.221,60478,ESTAB,bbr,236,35.119,1.386,20.097,1448,26,37648,26064,41230610,41216130,59320,NaN,28512,16192,28511,144,NaN,NaN,4523424,3202808,28502,238592,149504,10,145273
2026-04-27 20:50:53.467,60478,ESTAB,bbr,236,35.927,0.893,20.097,1448,26,37648,26064,41334866,41318938,59320,NaN,28584,16236,28583,144,NaN,NaN,4512320,3347088,28573,238080,149504,11,41017
2026-04-27 20:50:53.714,60478,ESTAB,bbr,236,32.869,1.382,20.097,1448,28,40544,26064,41375883,41375883,59320,NaN,28613,16263,28612,144,NaN,NaN,4832736,3725112,28613,238592,149504,NaN,NaN
2026-04-27 20:50:53.968,60478,ESTAB,bbr,236,32.869,1.382,20.097,1448,28,40544,26064,41375883,41375883,59320,NaN,28613,16263,28612,144,NaN,NaN,4832736,3725112,28613,238592,149504,NaN,NaN
2026-04-27 20:50:54.236,60478,ESTAB,bbr,236,32.869,1.382,20.097,1448,28,40544,26064,41375883,41375883,59320,NaN,28613,16263,28612,144,NaN,NaN,4832736,3725112,28613,238592,149504,NaN,NaN
2026-04-27 20:50:54.493,60478,ESTAB,bbr,236,32.869,1.382,20.097,1448,28,40544,26064,41375883,41375883,59320,NaN,28613,16263,28612,144,NaN,NaN,4832736,3725112,28613,238592,149504,NaN,NaN
2026-04-27 20:50:54.759,60478,ESTAB,bbr,240,37.325,1.974,20.097,1448,28,40544,26064,41458406,41442478,60144,NaN,28670,16290,28669,146,NaN,NaN,4832736,3350720,28659,238592,155648,11,333314
2026-04-27 20:50:55.028,60478,ESTAB,bbr,236,34.764,1.83,20.097,1448,28,40544,26064,41575694,41561214,60144,NaN,28751,16340,28750,146,NaN,NaN,4677224,3349024,28741,238592,155648,10,216026
2026-04-27 20:50:55.289,60478,ESTAB,bbr,236,35.882,2.985,20.097,1448,30,43440,26064,41697326,41679950,60144,NaN,28835,16392,28834,146,NaN,NaN,5274480,3087896,28823,238592,155648,12,94394
2026-04-27 20:50:55.551,60478,ESTAB,bbr,236,35.429,0.567,20.097,1448,28,40544,26064,41791720,41791720,60144,NaN,28901,16440,28900,146,NaN,NaN,5274480,3216080,28901,238592,155648,NaN,NaN
2026-04-27 20:50:55.821,60478,ESTAB,bbr,236,35.429,0.567,20.097,1448,28,40544,26064,41791720,41791720,60144,NaN,28901,16440,28900,146,NaN,NaN,5274480,3216080,28901,238592,155648,NaN,NaN
2026-04-27 20:50:56.100,60478,ESTAB,bbr,236,35.429,0.567,20.097,1448,28,40544,26064,41791720,41791720,60144,NaN,28901,16440,28900,146,NaN,NaN,5274480,3216080,28901,238592,155648,NaN,NaN
2026-04-27 20:50:56.366,60478,ESTAB,bbr,236,35.429,0.567,20.097,1448,28,40544,26064,41791720,41791720,60144,NaN,28901,16440,28900,146,NaN,NaN,5274480,3216080,28901,238592,155648,NaN,NaN
2026-04-27 20:50:56.631,60478,ESTAB,bbr,236,32.47,1.257,20.097,1448,28,40544,26064,41800395,41794603,60968,NaN,28907,16444,28906,148,NaN,NaN,4219584,3216080,28903,238592,161280,4,460957
2026-04-27 20:50:56.885,60478,ESTAB,bbr,240,36.225,1.1,20.097,1448,24,34752,26064,41911891,41897411,60968,NaN,28984,16482,28983,148,NaN,NaN,4335448,3212344,28974,238592,161280,10,349461
2026-04-27 20:50:57.151,60478,ESTAB,bbr,236,33.104,2.229,20.097,1448,30,43440,26064,42036419,42019043,60968,NaN,29070,16532,29069,148,NaN,NaN,5505184,3745224,29058,238592,161280,12,224933
2026-04-27 20:50:57.412,60478,ESTAB,bbr,240,36.382,1.335,20.097,1448,30,43440,26064,42149363,42134883,60968,NaN,29148,16579,29147,148,NaN,NaN,5505184,3202728,29138,238080,161280,10,111989
2026-04-27 20:50:57.674,60478,ESTAB,bbr,236,35.448,0.45,20.097,1448,26,37648,26064,42256515,42243483,60968,NaN,29222,16627,29221,148,NaN,NaN,4680640,3499120,29213,238592,161280,9,4837
2026-04-27 20:50:57.936,60478,ESTAB,bbr,236,33.848,0.614,20.097,1448,24,34752,26064,42261352,42261352,60968,NaN,29226,16636,29225,148,NaN,NaN,4344848,3070600,29226,238592,161280,NaN,NaN
2026-04-27 20:50:58.197,60478,ESTAB,bbr,236,33.848,0.614,20.097,1448,24,34752,26064,42261352,42261352,60968,NaN,29226,16636,29225,148,NaN,NaN,4344848,3070600,29226,238592,161280,NaN,NaN
2026-04-27 20:50:58.457,60478,ESTAB,bbr,236,33.848,0.614,20.097,1448,24,34752,26064,42261352,42261352,60968,NaN,29226,16636,29225,148,NaN,NaN,4344848,3070600,29226,238592,161280,NaN,NaN
2026-04-27 20:50:58.719,60478,ESTAB,bbr,232,29.016,1.27,20.097,1448,24,34752,26064,42301883,42284507,61792,NaN,29254,16647,29253,150,NaN,NaN,4344848,3362160,29242,238592,166912,12,416863
2026-04-27 20:50:58.989,60478,ESTAB,bbr,236,34.434,1.84,20.097,1448,26,37648,26064,42417723,42400347,61792,NaN,29334,16691,29333,150,NaN,NaN,4034344,2891816,29322,238592,166912,12,301023
2026-04-27 20:50:59.251,60478,ESTAB,bbr,236,34.61,1.276,20.097,1448,30,43440,26064,42536459,42520531,61792,NaN,29416,16740,29415,150,NaN,NaN,5235176,3492744,29405,238592,166912,11,182287
2026-04-27 20:50:59.512,60478,ESTAB,bbr,236,34.749,2.403,20.097,1448,28,40544,26064,42650851,42636371,61792,NaN,29495,16790,29494,150,NaN,NaN,5235176,3913512,29485,238080,166912,10,67895
2026-04-27 20:50:59.781,60478,ESTAB,bbr,240,36.342,1.72,20.097,1448,28,40544,26064,42718746,42718746,61792,NaN,29542,16826,29541,150,NaN,NaN,4900232,3209304,29542,238080,166912,NaN,NaN
2026-04-27 20:51:00.059,60478,ESTAB,bbr,240,36.342,1.72,20.097,1448,28,40544,26064,42718746,42718746,61792,NaN,29542,16826,29541,150,NaN,NaN,4900232,3209304,29542,238080,166912,NaN,NaN
2026-04-27 20:51:00.329,60478,ESTAB,bbr,240,36.342,1.72,20.097,1448,28,40544,26064,42718746,42718746,61792,NaN,29542,16826,29541,150,NaN,NaN,4900232,3209304,29542,238080,166912,NaN,NaN
2026-04-27 20:51:00.587,60478,ESTAB,bbr,240,36.342,1.72,20.097,1448,28,40544,26064,42718746,42718746,61792,NaN,29542,16826,29541,150,NaN,NaN,4900232,3209304,29542,238080,166912,NaN,NaN
2026-04-27 20:51:00.859,60478,ESTAB,bbr,240,37.507,2.298,20.097,1448,26,37648,26064,42804165,42788237,62616,NaN,29601,16854,29600,152,NaN,NaN,4900232,3344432,29590,238592,173056,11,391264
2026-04-27 20:51:01.126,60478,ESTAB,bbr,240,37.08,1.553,20.097,1448,26,37648,26064,42915661,42901181,62616,NaN,29678,16901,29677,152,NaN,NaN,4607160,3344992,29668,238080,173056,10,279768
2026-04-27 20:51:01.380,60478,ESTAB,bbr,240,36.243,1.504,20.097,1448,28,40544,26064,43025709,43011229,62616,NaN,29754,16947,29753,152,NaN,NaN,4669536,3352816,29744,238080,173056,10,169720
2026-04-27 20:51:01.641,60478,ESTAB,bbr,236,35.074,2.077,20.097,1448,24,34752,26064,43135757,43121277,62616,NaN,29830,16995,29829,152,NaN,NaN,4342280,2994544,29820,238080,173056,10,59672
2026-04-27 20:51:01.893,60478,ESTAB,bbr,236,33.922,2.227,20.097,1448,24,34752,26064,43195429,43195429,62616,NaN,29872,17029,29871,152,NaN,NaN,4344848,2842232,29872,238592,173056,NaN,NaN
2026-04-27 20:51:02.159,60478,ESTAB,bbr,236,33.922,2.227,20.097,1448,24,34752,26064,43195429,43195429,62616,NaN,29872,17029,29871,152,NaN,NaN,4344848,2842232,29872,238592,173056,NaN,NaN
2026-04-27 20:51:02.440,60478,ESTAB,bbr,236,33.922,2.227,20.097,1448,24,34752,26064,43195429,43195429,62616,NaN,29872,17029,29871,152,NaN,NaN,4344848,2842232,29872,238592,173056,NaN,NaN
2026-04-27 20:51:02.717,60478,ESTAB,bbr,232,31.431,2.701,20.097,1448,24,34752,26064,43201208,43198312,63440,NaN,29876,17033,29875,154,NaN,NaN,3475880,2842232,29874,238592,178688,2,286760
2026-04-27 20:51:02.976,60478,ESTAB,bbr,240,36.198,1.57,20.097,1448,24,34752,26064,43315600,43299672,63440,NaN,29955,17071,29954,154,NaN,NaN,4344848,3063592,29944,238080,178688,11,172368
2026-04-27 20:51:03.236,60478,ESTAB,bbr,232,30.187,1.69,20.097,1448,32,46336,26064,43437232,43419856,63440,NaN,30039,17124,30038,154,NaN,NaN,6285288,5079152,30027,238592,178688,12,50736
2026-04-27 20:51:03.496,60478,ESTAB,bbr,232,31.712,2.947,20.097,1448,32,46336,26064,43487968,43487968,63440,NaN,30075,17150,30074,154,NaN,NaN,6285288,2622192,30075,238592,178688,NaN,NaN
2026-04-27 20:51:03.753,60478,ESTAB,bbr,232,31.712,2.947,20.097,1448,32,46336,26064,43487968,43487968,63440,NaN,30075,17150,30074,154,NaN,NaN,6285288,2622192,30075,238592,178688,NaN,NaN
2026-04-27 20:51:04.009,60478,ESTAB,bbr,232,31.712,2.947,20.097,1448,32,46336,26064,43487968,43487968,63440,NaN,30075,17150,30074,154,NaN,NaN,6285288,2622192,30075,238592,178688,NaN,NaN
2026-04-27 20:51:04.273,60478,ESTAB,bbr,232,31.712,2.947,20.097,1448,32,46336,26064,43487968,43487968,63440,NaN,30075,17150,30074,154,NaN,NaN,6285288,2622192,30075,238592,178688,NaN,NaN
2026-04-27 20:51:04.525,60478,ESTAB,bbr,232,31.712,2.947,20.097,1448,32,46336,26064,43487968,43487968,63440,NaN,30075,17150,30074,154,NaN,NaN,6285288,2622192,30075,238592,178688,NaN,NaN
2026-04-27 20:51:04.778,60478,ESTAB,bbr,232,28.872,2.896,20.097,1448,32,46336,26064,43511123,43496643,64264,NaN,30091,17156,30090,156,NaN,NaN,6285288,2622192,30081,238592,184320,10,348857
2026-04-27 20:51:05.031,60478,ESTAB,bbr,240,36.136,0.778,20.097,1448,28,40544,26064,43616827,43602347,64264,NaN,30164,17196,30163,156,NaN,NaN,5177928,3347808,30154,238592,184320,10,243153
2026-04-27 20:51:05.284,60478,ESTAB,bbr,236,35.773,1.501,20.097,1448,24,34752,26064,43723979,43709499,64264,NaN,30238,17243,30237,156,NaN,NaN,4341432,3344104,30228,238592,184320,10,136001
2026-04-27 20:51:05.538,60478,ESTAB,bbr,236,34.566,2.577,20.097,1448,28,40544,26064,43836923,43818099,64264,NaN,30316,17288,30315,156,NaN,NaN,5230048,3903992,30303,238592,184320,13,23057
2026-04-27 20:51:05.805,60478,ESTAB,bbr,236,35.018,1.354,20.097,1448,28,40544,26064,43859980,43859980,64264,NaN,30332,17305,30331,156,NaN,NaN,5230048,2953288,30332,238080,184320,NaN,NaN
2026-04-27 20:51:06.075,60478,ESTAB,bbr,236,35.018,1.354,20.097,1448,28,40544,26064,43859980,43859980,64264,NaN,30332,17305,30331,156,NaN,NaN,5230048,2953288,30332,238080,184320,NaN,NaN
2026-04-27 20:51:06.331,60478,ESTAB,bbr,236,35.018,1.354,20.097,1448,28,40544,26064,43859980,43859980,64264,NaN,30332,17305,30331,156,NaN,NaN,5230048,2953288,30332,238080,184320,NaN,NaN
2026-04-27 20:51:06.592,60478,ESTAB,bbr,236,35.018,1.354,20.097,1448,28,40544,26064,43859980,43859980,64264,NaN,30332,17305,30331,156,NaN,NaN,5230048,2953288,30332,238080,184320,NaN,NaN
2026-04-27 20:51:06.864,60478,ESTAB,bbr,236,33.491,5.032,20.097,1448,28,40544,26064,43906303,43891823,65088,NaN,30364,17319,30363,158,NaN,NaN,5230048,3346360,30354,238592,189952,10,336815
2026-04-27 20:51:07.127,60478,ESTAB,bbr,236,33.785,2.524,20.097,1448,30,43440,26064,44030831,44013455,65088,NaN,30450,17366,30449,158,NaN,NaN,4996784,3505856,30438,238592,189952,12,212287
2026-04-27 20:51:07.402,60478,ESTAB,bbr,236,35.27,2.408,20.097,1448,30,43440,26064,44149567,44135087,65088,NaN,30532,17419,30531,158,NaN,NaN,6245984,3622696,30522,238592,189952,10,93551
2026-04-27 20:51:07.660,60478,ESTAB,bbr,236,35.201,1.722,20.097,1448,26,37648,26064,44243118,44243118,65088,NaN,30597,17466,30596,158,NaN,NaN,4944664,3212048,30597,238592,189952,NaN,NaN
2026-04-27 20:51:07.910,60478,ESTAB,bbr,236,35.201,1.722,20.097,1448,26,37648,26064,44243118,44243118,65088,NaN,30597,17466,30596,158,NaN,NaN,4944664,3212048,30597,238592,189952,NaN,NaN
2026-04-27 20:51:08.163,60478,ESTAB,bbr,236,35.201,1.722,20.097,1448,26,37648,26064,44243118,44243118,65088,NaN,30597,17466,30596,158,NaN,NaN,4944664,3212048,30597,238592,189952,NaN,NaN
2026-04-27 20:51:08.424,60478,ESTAB,bbr,236,35.201,1.722,20.097,1448,26,37648,26064,44243118,44243118,65088,NaN,30597,17466,30596,158,NaN,NaN,4944664,3212048,30597,238592,189952,NaN,NaN
2026-04-27 20:51:08.681,60478,ESTAB,bbr,236,35.201,1.722,20.097,1448,26,37648,26064,44243118,44243118,65088,NaN,30597,17466,30596,158,NaN,NaN,4944664,3212048,30597,238592,189952,NaN,NaN
2026-04-27 20:51:08.936,60478,ESTAB,bbr,236,35.125,3.634,20.097,1448,24,34752,26064,44306817,44292337,65912,NaN,30641,17486,30640,160,NaN,NaN,4331176,3340888,30631,238592,196096,10,356476
2026-04-27 20:51:09.209,60478,ESTAB,bbr,240,36.429,1.906,20.097,1448,26,37648,26064,44422657,44408177,65912,NaN,30721,17535,30720,160,NaN,NaN,4550768,3498904,30711,238592,196096,10,240636
2026-04-27 20:51:09.484,60478,ESTAB,bbr,236,33.445,1.779,20.097,1448,28,40544,26064,44544289,44526913,65912,NaN,30805,17586,30804,160,NaN,NaN,5056600,4086584,30793,238592,196096,12,119004
2026-04-27 20:51:09.759,60478,ESTAB,bbr,240,36.243,2.154,20.097,1448,30,43440,26064,44663293,44663025,65912,NaN,30888,17640,30887,160,NaN,NaN,5804240,3343944,30887,238592,196096,1,NaN
2026-04-27 20:51:10.011,60478,ESTAB,bbr,236,34.456,2.534,20.097,1448,30,43440,26064,44663293,44663293,65912,NaN,30888,17641,30887,160,NaN,NaN,5804240,2039584,30888,238592,196096,NaN,NaN
2026-04-27 20:51:10.253,60478,ESTAB,bbr,236,34.456,2.534,20.097,1448,30,43440,26064,44663293,44663293,65912,NaN,30888,17641,30887,160,NaN,NaN,5804240,2039584,30888,238592,196096,NaN,NaN
2026-04-27 20:51:10.514,60478,ESTAB,bbr,236,34.456,2.534,20.097,1448,30,43440,26064,44663293,44663293,65912,NaN,30888,17641,30887,160,NaN,NaN,5804240,2039584,30888,238592,196096,NaN,NaN
2026-04-27 20:51:10.774,60478,ESTAB,bbr,236,34.456,2.534,20.097,1448,30,43440,26064,44663293,44663293,65912,NaN,30888,17641,30887,160,NaN,NaN,5804240,2039584,30888,238592,196096,NaN,NaN
2026-04-27 20:51:11.031,60478,ESTAB,bbr,236,35.344,1.212,20.097,1448,26,37648,26064,44754504,44740024,66736,NaN,30951,17673,30950,162,NaN,NaN,5063432,3155616,30941,238592,201728,10,349844
2026-04-27 20:51:11.286,60478,ESTAB,bbr,240,37.198,1.223,20.097,1448,24,34752,26064,44860208,44845728,66736,NaN,31024,17717,31023,162,NaN,NaN,4551624,3345072,31014,238592,201728,10,244140
2026-04-27 20:51:11.558,60478,ESTAB,bbr,236,35.631,0.299,20.097,1448,24,34752,26064,44973152,44958672,66736,NaN,31102,17766,31101,162,NaN,NaN,4551624,3349024,31092,238080,201728,10,131196
2026-04-27 20:51:11.828,60478,ESTAB,bbr,236,34.06,2.206,20.097,1448,32,46336,26064,45104348,45100576,66736,NaN,31193,17823,31192,162,NaN,NaN,6465576,3211600,31190,238080,201728,3,NaN
2026-04-27 20:51:12.084,60478,ESTAB,bbr,236,33.129,2.271,20.097,1448,32,46336,26064,45104348,45104348,66736,NaN,31193,17825,31192,162,NaN,NaN,6465576,2673280,31193,238080,201728,NaN,NaN
2026-04-27 20:51:12.341,60478,ESTAB,bbr,236,33.129,2.271,20.097,1448,32,46336,26064,45104348,45104348,66736,NaN,31193,17825,31192,162,NaN,NaN,6465576,2673280,31193,238080,201728,NaN,NaN
2026-04-27 20:51:12.598,60478,ESTAB,bbr,236,33.129,2.271,20.097,1448,32,46336,26064,45104348,45104348,66736,NaN,31193,17825,31192,162,NaN,NaN,6465576,2673280,31193,238080,201728,NaN,NaN
2026-04-27 20:51:12.858,60478,ESTAB,bbr,232,30.49,2.779,20.097,1448,32,46336,26064,45107231,45107231,67144,NaN,31195,17828,31194,163,NaN,NaN,6465576,2673280,31195,238080,204800,NaN,NaN
2026-04-27 20:51:13.111,60478,ESTAB,bbr,240,36.588,1.399,20.097,1448,30,43440,26064,45218727,45201351,67560,NaN,31272,17864,31271,164,NaN,NaN,6465576,3342496,31260,238592,207360,12,313273
2026-04-27 20:51:13.384,60478,ESTAB,bbr,236,34.187,3.055,20.097,1448,28,40544,26064,45349047,45334567,67560,NaN,31362,17919,31361,164,NaN,NaN,5271064,3482600,31352,238592,207360,10,182953
2026-04-27 20:51:13.640,60478,ESTAB,bbr,236,35.965,1.198,20.097,1448,28,40544,26064,45459095,45444615,67560,NaN,31438,17965,31437,164,NaN,NaN,5242864,3199352,31428,238080,207360,10,72905
2026-04-27 20:51:13.904,60478,ESTAB,bbr,240,36.63,1.113,20.097,1448,24,34752,26064,45532000,45532000,67560,NaN,31489,18005,31488,164,NaN,NaN,4148328,2913840,31489,238592,207360,NaN,NaN
2026-04-27 20:51:14.166,60478,ESTAB,bbr,240,36.63,1.113,20.097,1448,24,34752,26064,45532000,45532000,67560,NaN,31489,18005,31488,164,NaN,NaN,4148328,2913840,31489,238592,207360,NaN,NaN
2026-04-27 20:51:14.427,60478,ESTAB,bbr,240,36.63,1.113,20.097,1448,24,34752,26064,45532000,45532000,67560,NaN,31489,18005,31488,164,NaN,NaN,4148328,2913840,31489,238592,207360,NaN,NaN
2026-04-27 20:51:14.684,60478,ESTAB,bbr,240,36.63,1.113,20.097,1448,24,34752,26064,45532000,45532000,67560,NaN,31489,18005,31488,164,NaN,NaN,4148328,2913840,31489,238592,207360,NaN,NaN
2026-04-27 20:51:14.928,60478,ESTAB,bbr,232,31.289,2.239,20.097,1448,24,34752,26064,45552259,45540675,68384,NaN,31503,18011,31502,166,NaN,NaN,4148328,2913840,31495,238592,213504,8,431922
2026-04-27 20:51:15.172,60478,ESTAB,bbr,236,35.59,0.922,20.097,1448,24,34752,26064,45657963,45640587,68384,NaN,31576,18049,31575,166,NaN,NaN,4332888,3238280,31564,238592,213504,12,326218
2026-04-27 20:51:15.435,60478,ESTAB,bbr,240,36.216,3.182,20.097,1448,28,40544,26064,45776699,45759323,68384,NaN,31658,18097,31657,166,NaN,NaN,5054032,3351040,31646,238592,213504,12,207482
2026-04-27 20:51:15.691,60478,ESTAB,bbr,240,36.009,1.353,20.097,1448,24,34752,26064,45883851,45867923,68384,NaN,31732,18144,31731,166,NaN,NaN,4495232,2869736,31721,238080,213504,11,100330
2026-04-27 20:51:15.950,60478,ESTAB,bbr,240,36.386,1.375,20.097,1448,28,40544,26064,45984181,45973627,68384,NaN,31802,18188,31801,166,NaN,NaN,4980552,3188632,31794,238080,213504,8,NaN
2026-04-27 20:51:16.201,60478,ESTAB,bbr,236,35.81,2.085,20.097,1448,26,37648,26064,45984181,45984181,68384,NaN,31802,18194,31801,166,NaN,NaN,4980552,2676520,31802,238592,213504,NaN,NaN
2026-04-27 20:51:16.462,60478,ESTAB,bbr,236,35.81,2.085,20.097,1448,26,37648,26064,45984181,45984181,68384,NaN,31802,18194,31801,166,NaN,NaN,4980552,2676520,31802,238592,213504,NaN,NaN
2026-04-27 20:51:16.729,60478,ESTAB,bbr,236,35.81,2.085,20.097,1448,26,37648,26064,45984181,45984181,68384,NaN,31802,18194,31801,166,NaN,NaN,4980552,2676520,31802,238592,213504,NaN,NaN
2026-04-27 20:51:16.991,60478,ESTAB,bbr,232,31.462,1.719,20.097,1448,26,37648,26064,46021816,46004440,69208,NaN,31828,18204,31827,168,NaN,NaN,4980552,3345848,31816,238592,219136,12,266392
2026-04-27 20:51:17.255,60478,ESTAB,bbr,236,35.405,0.937,20.097,1448,24,34752,26064,46128968,46113040,69208,NaN,31902,18247,31901,168,NaN,NaN,4342280,3346360,31891,238080,219136,11,159240
2026-04-27 20:51:17.516,60478,ESTAB,bbr,236,34.891,2.051,20.097,1448,28,40544,26064,46249152,46231776,69208,NaN,31985,18295,31984,168,NaN,NaN,4834440,3285224,31973,238080,219136,12,39056
2026-04-27 20:51:17.777,60478,ESTAB,bbr,240,36.388,1.952,20.097,1448,26,37648,26064,46288208,46288208,69208,NaN,32012,18320,32011,168,NaN,NaN,4834440,3210416,32012,238592,219136,NaN,NaN
2026-04-27 20:51:18.039,60478,ESTAB,bbr,240,36.388,1.952,20.097,1448,26,37648,26064,46288208,46288208,69208,NaN,32012,18320,32011,168,NaN,NaN,4834440,3210416,32012,238592,219136,NaN,NaN
2026-04-27 20:51:18.295,60478,ESTAB,bbr,240,36.388,1.952,20.097,1448,26,37648,26064,46288208,46288208,69208,NaN,32012,18320,32011,168,NaN,NaN,4834440,3210416,32012,238592,219136,NaN,NaN
2026-04-27 20:51:18.541,60478,ESTAB,bbr,240,36.388,1.952,20.097,1448,26,37648,26064,46288208,46288208,69208,NaN,32012,18320,32011,168,NaN,NaN,4834440,3210416,32012,238592,219136,NaN,NaN
2026-04-27 20:51:18.790,60478,ESTAB,bbr,240,36.388,1.952,20.097,1448,26,37648,26064,46288208,46288208,69208,NaN,32012,18320,32011,168,NaN,NaN,4834440,3210416,32012,238592,219136,NaN,NaN
2026-04-27 20:51:19.047,60478,ESTAB,bbr,236,32.294,3.366,20.097,1448,24,34752,26064,46331635,46317155,70032,NaN,32042,18333,32041,170,NaN,NaN,4359368,3346520,32032,238592,224768,10,268664
2026-04-27 20:51:19.305,60478,ESTAB,bbr,236,34.62,1.496,20.097,1448,26,37648,26064,46444579,46425755,70032,NaN,32120,18375,32119,170,NaN,NaN,4631088,2706064,32107,238592,224768,13,155720
2026-04-27 20:51:19.567,60478,ESTAB,bbr,236,35.135,0.921,20.097,1448,32,46336,26064,46569107,46553179,70032,NaN,32206,18424,32205,170,NaN,NaN,5794840,3501904,32195,238592,224768,11,31192
2026-04-27 20:51:19.831,60478,ESTAB,bbr,236,35.11,1.864,20.097,1448,32,46336,26064,46600299,46600299,70032,NaN,32228,18444,32227,170,NaN,NaN,5794840,3492832,32228,238592,224768,NaN,NaN
2026-04-27 20:51:20.107,60478,ESTAB,bbr,236,35.11,1.864,20.097,1448,32,46336,26064,46600299,46600299,70032,NaN,32228,18444,32227,170,NaN,NaN,5794840,3492832,32228,238592,224768,NaN,NaN
2026-04-27 20:51:20.380,60478,ESTAB,bbr,236,35.11,1.864,20.097,1448,32,46336,26064,46600299,46600299,70032,NaN,32228,18444,32227,170,NaN,NaN,5794840,3492832,32228,238592,224768,NaN,NaN
2026-04-27 20:51:20.648,60478,ESTAB,bbr,236,35.11,1.864,20.097,1448,32,46336,26064,46600299,46600299,70032,NaN,32228,18444,32227,170,NaN,NaN,5794840,3492832,32228,238592,224768,NaN,NaN
2026-04-27 20:51:20.908,60478,ESTAB,bbr,236,35.11,1.864,20.097,1448,32,46336,26064,46600299,46600299,70032,NaN,32228,18444,32227,170,NaN,NaN,5794840,3492832,32228,238592,224768,NaN,NaN
2026-04-27 20:51:21.169,60478,ESTAB,bbr,240,37.442,1.043,20.097,1448,24,34752,26064,46682822,46666894,70856,NaN,32285,18471,32284,172,NaN,NaN,4520864,3347568,32274,238592,230912,11,330820
2026-04-27 20:51:21.432,60478,ESTAB,bbr,236,34.781,0.917,20.097,1448,26,37648,26064,46797214,46779838,70856,NaN,32364,18518,32363,172,NaN,NaN,4455928,3348944,32352,238080,230912,12,216428
2026-04-27 20:51:21.688,60478,ESTAB,bbr,232,31.845,4.07,20.097,1448,30,43440,26064,46915950,46898574,70856,NaN,32446,18568,32445,172,NaN,NaN,5198440,3499784,32434,238080,230912,12,97692
2026-04-27 20:51:21.943,60478,ESTAB,bbr,236,35.839,1.305,20.097,1448,26,37648,26064,47013642,47005726,70856,NaN,32514,18614,32513,172,NaN,NaN,5198440,3203296,32508,238080,230912,6,NaN
2026-04-27 20:51:22.209,60478,ESTAB,bbr,236,35.558,0.84,20.097,1448,26,37648,26064,47013642,47013642,70856,NaN,32514,18617,32513,172,NaN,NaN,5198440,3344592,32514,238592,230912,NaN,NaN
2026-04-27 20:51:22.470,60478,ESTAB,bbr,236,35.558,0.84,20.097,1448,26,37648,26064,47013642,47013642,70856,NaN,32514,18617,32513,172,NaN,NaN,5198440,3344592,32514,238592,230912,NaN,NaN
2026-04-27 20:51:22.732,60478,ESTAB,bbr,236,35.558,0.84,20.097,1448,26,37648,26064,47013642,47013642,70856,NaN,32514,18617,32513,172,NaN,NaN,5198440,3344592,32514,238592,230912,NaN,NaN
2026-04-27 20:51:22.994,60478,ESTAB,bbr,236,35.558,0.84,20.097,1448,26,37648,26064,47013642,47013642,71264,NaN,32514,18618,32513,173,NaN,NaN,5198440,3344592,32514,238592,230912,NaN,NaN
2026-04-27 20:51:23.248,60478,ESTAB,bbr,240,37.114,2.284,20.097,1448,24,34752,26064,47119333,47101957,71680,NaN,32587,18652,32586,174,NaN,NaN,4208992,3096008,32575,238080,236544,12,307182
2026-04-27 20:51:23.498,60478,ESTAB,bbr,236,35.506,1.142,20.097,1448,26,37648,26064,47220693,47207661,71680,NaN,32657,18696,32656,174,NaN,NaN,4518296,3346040,32648,238592,236544,9,205822
2026-04-27 20:51:23.756,60478,ESTAB,bbr,240,37.381,2.416,20.097,1448,24,34752,26064,47329293,47314813,71680,NaN,32732,18743,32731,174,NaN,NaN,4518296,3342904,32722,238592,236544,10,97222
2026-04-27 20:51:24.017,60478,ESTAB,bbr,236,35.786,1.409,20.097,1448,24,34752,26064,47426515,47423413,71680,NaN,32800,18789,32799,174,NaN,NaN,4150888,2910912,32797,238080,236544,3,NaN
2026-04-27 20:51:24.281,60478,ESTAB,bbr,236,35.734,1.494,20.097,1448,24,34752,26064,47426515,47426515,71680,NaN,32800,18791,32799,174,NaN,NaN,4150888,3353208,32800,238592,236544,NaN,NaN
2026-04-27 20:51:24.542,60478,ESTAB,bbr,236,35.734,1.494,20.097,1448,24,34752,26064,47426515,47426515,71680,NaN,32800,18791,32799,174,NaN,NaN,4150888,3353208,32800,238592,236544,NaN,NaN
2026-04-27 20:51:24.813,60478,ESTAB,bbr,236,35.734,1.494,20.097,1448,24,34752,26064,47426515,47426515,71680,NaN,32800,18791,32799,174,NaN,NaN,4150888,3353208,32800,238592,236544,NaN,NaN
2026-04-27 20:51:25.075,60478,ESTAB,bbr,236,32.429,2.213,20.097,1448,24,34752,26064,47438086,47429398,72504,NaN,32808,18795,32807,176,NaN,NaN,3320712,3353208,32802,238592,242176,6,448035
2026-04-27 20:51:25.337,60478,ESTAB,bbr,236,35.49,0.382,20.097,1448,24,34752,26064,47552478,47535102,72504,NaN,32887,18834,32886,176,NaN,NaN,4338864,3349992,32875,238080,242176,12,333643
2026-04-27 20:51:25.608,60478,ESTAB,bbr,236,34.958,1.238,20.097,1448,24,34752,26064,47662526,47648046,72504,NaN,32963,18883,32962,176,NaN,NaN,4340576,3348456,32953,238592,242176,10,223595
2026-04-27 20:51:25.864,60478,ESTAB,bbr,236,35.59,0.318,20.097,1448,24,34752,26064,47772574,47756646,72504,NaN,33039,18929,33038,176,NaN,NaN,4340576,3347248,33028,238080,242176,11,113547
2026-04-27 20:51:26.117,60478,ESTAB,bbr,240,36.478,1.363,20.097,1448,26,37648,26064,47878278,47860902,72504,NaN,33112,18975,33111,176,NaN,NaN,4334592,3348864,33100,238592,242176,12,7843
2026-04-27 20:51:26.380,60478,ESTAB,bbr,236,33.53,1.182,20.097,1448,24,34752,26064,47974449,47959969,72920,NaN,33179,19018,33178,177,NaN,NaN,4412344,3094088,33169,238080,245248,10,363824
2026-04-27 20:51:26.646,60478,ESTAB,bbr,240,36.8,1.101,20.097,1448,24,34752,26064,48083049,48071465,72920,NaN,33254,19067,33253,177,NaN,NaN,4341432,3346760,33246,238592,245248,8,255224
2026-04-27 20:51:26.891,60478,ESTAB,bbr,236,35.789,1.311,20.097,1448,28,40544,26064,48195993,48181513,72920,NaN,33332,19117,33331,177,NaN,NaN,4975424,3474152,33322,238080,245248,10,142280
2026-04-27 20:51:27.138,60478,ESTAB,bbr,236,35.356,1.769,20.097,1448,28,40544,26064,48297353,48281425,72920,NaN,33402,19160,33401,177,NaN,NaN,4975424,2590840,33391,238080,245248,11,40920
2026-04-27 20:51:27.388,60478,ESTAB,bbr,232,31.471,5.007,20.097,1448,30,43440,26064,48401985,48387505,73336,NaN,33475,19205,33474,178,NaN,NaN,5597464,3346520,33465,238080,248320,10,224695
2026-04-27 20:51:27.653,60478,ESTAB,bbr,240,37.157,2.459,20.097,1448,28,40544,26064,48512033,48497553,73336,NaN,33551,19254,33550,178,NaN,NaN,5597464,3221128,33541,238080,248320,10,190631
2026-04-27 20:51:27.905,60478,ESTAB,bbr,240,36.911,1.547,20.097,1448,24,34752,26064,48616289,48601809,73336,NaN,33623,19300,33622,178,NaN,NaN,4296144,2676984,33613,238080,248320,10,155457
2026-04-27 20:51:28.167,60478,ESTAB,bbr,240,36.386,2.218,20.097,1448,24,34752,26064,48727785,48710409,73336,NaN,33700,19350,33699,178,NaN,NaN,4349120,3347624,33688,238080,248320,12,97729
2026-04-27 20:51:28.444,60478,ESTAB,bbr,236,33.3,2.093,20.097,1448,26,37648,26064,48825514,48825514,73336,NaN,33768,19403,33767,178,NaN,NaN,4034344,3916536,33768,238592,248320,NaN,NaN
2026-04-27 20:51:28.684,60478,ESTAB,bbr,236,33.3,2.093,20.097,1448,26,37648,26064,48825514,48825514,73336,NaN,33768,19403,33767,178,NaN,NaN,4034344,3916536,33768,238592,248320,NaN,NaN
2026-04-27 20:51:28.928,60478,ESTAB,bbr,236,33.3,2.093,20.097,1448,26,37648,26064,48825514,48825514,73336,NaN,33768,19403,33767,178,NaN,NaN,4034344,3916536,33768,238592,248320,NaN,NaN
2026-04-27 20:51:29.183,60478,ESTAB,bbr,232,28.75,1.467,20.097,1448,26,37648,26064,48860253,48844325,74160,NaN,33792,19416,33791,180,NaN,NaN,4034344,3358328,33781,238080,253952,11,148909
2026-04-27 20:51:29.446,60478,ESTAB,bbr,236,33.875,1.797,20.097,1448,28,40544,26064,48976093,48957269,74160,NaN,33872,19466,33871,180,NaN,NaN,5042928,3823624,33859,238080,253952,13,58862
2026-04-27 20:51:29.714,60478,ESTAB,bbr,232,31.49,3.099,20.097,1448,32,46336,26064,49053759,49053759,74160,NaN,33926,19506,33925,180,NaN,NaN,6477536,2985992,33926,238080,253952,NaN,NaN
2026-04-27 20:51:29.965,60478,ESTAB,bbr,236,35.72,3.245,20.097,1448,32,46336,26064,49093801,49093801,74160,NaN,33954,19523,33953,180,NaN,NaN,6477536,2903760,33954,238592,253952,NaN,NaN
2026-04-27 20:51:30.214,60478,ESTAB,bbr,236,34.708,2.473,20.097,1448,32,46336,26064,49124451,49124451,74160,NaN,33976,19537,33975,180,NaN,NaN,6477536,3042728,33976,238592,253952,NaN,NaN
2026-04-27 20:51:30.471,60478,ESTAB,bbr,236,34.708,2.473,20.097,1448,32,46336,26064,49124451,49124451,74160,NaN,33976,19537,33975,180,NaN,NaN,6477536,3042728,33976,238592,253952,NaN,NaN
2026-04-27 20:51:30.734,60478,ESTAB,bbr,236,34.708,2.473,20.097,1448,32,46336,26064,49124451,49124451,74160,NaN,33976,19537,33975,180,NaN,NaN,6477536,3042728,33976,238592,253952,NaN,NaN
2026-04-27 20:51:30.995,60478,ESTAB,bbr,236,34.708,2.473,20.097,1448,32,46336,26064,49124451,49124451,74160,NaN,33976,19537,33975,180,NaN,NaN,6477536,3042728,33976,238592,253952,NaN,NaN
2026-04-27 20:51:31.244,60478,ESTAB,bbr,236,34.981,3.095,20.097,1448,24,34752,26064,49170774,49154846,74984,NaN,34008,19557,34007,182,NaN,NaN,4342280,3354368,33997,238080,259584,11,188660
2026-04-27 20:51:31.473,60478,ESTAB,bbr,240,36.475,1.498,20.097,1448,24,34752,26064,49269238,49253310,74984,NaN,34076,19601,34075,182,NaN,NaN,4342280,3092152,34065,238080,259584,11,138458
2026-04-27 20:51:31.694,60478,ESTAB,bbr,240,36.837,2.706,20.097,1448,28,40544,26064,49363358,49348878,74984,NaN,34141,19643,34140,182,NaN,NaN,4697728,3346200,34131,238592,259584,10,98053
2026-04-27 20:51:31.936,60478,ESTAB,bbr,228,27.52,3.045,20.097,1448,34,49232,26064,49484990,49470510,74984,NaN,34225,19696,34224,182,NaN,NaN,7008152,5663752,34215,238592,259584,10,14219
2026-04-27 20:51:32.216,60478,ESTAB,bbr,224,23.365,0.822,20.097,1448,40,57920,26064,49535505,49535505,74984,NaN,34261,19719,34260,182,NaN,NaN,8306904,6700552,34261,238592,259584,NaN,NaN
2026-04-27 20:51:32.483,60478,ESTAB,bbr,224,23.365,0.822,20.097,1448,40,57920,26064,49535505,49535505,74984,NaN,34261,19719,34260,182,NaN,NaN,8306904,6700552,34261,238592,259584,NaN,NaN
2026-04-27 20:51:32.732,60478,ESTAB,bbr,224,23.365,0.822,20.097,1448,40,57920,26064,49535505,49535505,74984,NaN,34261,19719,34260,182,NaN,NaN,8306904,6700552,34261,238592,259584,NaN,NaN
2026-04-27 20:51:32.990,60478,ESTAB,bbr,224,23.365,0.822,20.097,1448,40,57920,26064,49535505,49535505,74984,NaN,34261,19719,34260,182,NaN,NaN,8306904,6700552,34261,238592,259584,NaN,NaN
2026-04-27 20:51:33.246,60478,ESTAB,bbr,224,23.571,0.853,20.097,1448,38,55024,26064,49590516,49567348,75808,NaN,34299,19733,34298,184,NaN,NaN,8322288,6706856,34283,238592,265728,16,172226
2026-04-27 20:51:33.509,60478,ESTAB,bbr,232,30.215,0.588,20.097,1448,36,52128,26064,49810612,49787444,75808,NaN,34451,19809,34450,184,NaN,NaN,8322288,6695704,34435,238592,265728,16,4232
2026-04-27 20:51:33.773,60478,ESTAB,bbr,232,28.671,0.204,20.097,1448,36,52128,26064,49862283,49850699,75808,NaN,34487,19831,34486,184,NaN,NaN,6644160,6299072,34479,238592,265728,8,30673
2026-04-27 20:51:34.041,60478,ESTAB,bbr,228,25.192,1.386,20.097,1448,36,52128,26064,49919020,49898748,75808,NaN,34527,19848,34526,184,NaN,NaN,8305200,6677376,34513,238592,265728,14,2703
2026-04-27 20:51:34.310,60478,ESTAB,bbr,228,24.362,0.78,20.097,1448,36,52128,26064,49921723,49921723,75808,NaN,34529,19856,34528,184,NaN,NaN,8312032,6717304,34529,238592,265728,NaN,NaN
2026-04-27 20:51:34.571,60478,ESTAB,bbr,228,24.362,0.78,20.097,1448,36,52128,26064,49921723,49921723,75808,NaN,34529,19856,34528,184,NaN,NaN,8312032,6717304,34529,238592,265728,NaN,NaN
2026-04-27 20:51:34.835,60478,ESTAB,bbr,228,24.362,0.78,20.097,1448,36,52128,26064,49921723,49921723,75808,NaN,34529,19856,34528,184,NaN,NaN,8312032,6717304,34529,238592,265728,NaN,NaN
2026-04-27 20:51:35.108,60478,ESTAB,bbr,228,24.362,0.78,20.097,1448,36,52128,26064,49921723,49921723,75808,NaN,34529,19856,34528,184,NaN,NaN,8312032,6717304,34529,238592,265728,NaN,NaN
2026-04-27 20:51:35.385,60478,ESTAB,bbr,232,29.779,1.098,20.097,1448,36,52128,26064,50063614,50040446,76632,NaN,34627,19899,34626,186,NaN,NaN,8323136,6671368,34611,238592,271360,16,152678
2026-04-27 20:51:35.641,60478,ESTAB,bbr,232,28.226,0.338,20.097,1448,36,52128,26064,50265453,50254750,76632,NaN,34767,19973,34766,186,NaN,NaN,8343648,6044544,34759,238592,271360,8,NaN
2026-04-27 20:51:35.890,60478,ESTAB,bbr,228,26.318,1.477,20.097,1448,36,52128,26064,50310988,50310988,76632,NaN,34799,19993,34798,186,NaN,NaN,8343648,6698368,34799,238592,271360,NaN,NaN
2026-04-27 20:51:36.147,60478,ESTAB,bbr,228,26.307,3.255,20.097,1448,36,52128,26064,50350419,50349363,77038,NaN,34827,20007,34826,187,NaN,NaN,6694056,4780192,34826,238592,274432,1,NaN
2026-04-27 20:51:36.408,60478,ESTAB,bbr,232,31.016,11.86,20.097,1448,36,52128,26064,50350419,50350419,77038,NaN,34827,20008,34826,187,NaN,NaN,8367568,4780192,34827,238592,274432,NaN,NaN
2026-04-27 20:51:36.670,60478,ESTAB,bbr,232,31.016,11.86,20.097,1448,36,52128,26064,50350419,50350419,77038,NaN,34827,20008,34826,187,NaN,NaN,8367568,4780192,34827,238592,274432,NaN,NaN
2026-04-27 20:51:36.930,60478,ESTAB,bbr,232,31.016,11.86,20.097,1448,36,52128,26064,50350419,50350419,77038,NaN,34827,20008,34826,187,NaN,NaN,8367568,4780192,34827,238592,274432,NaN,NaN
2026-04-27 20:51:37.191,60478,ESTAB,bbr,232,31.016,11.86,20.097,1448,36,52128,26064,50350419,50350419,77038,NaN,34827,20008,34826,187,NaN,NaN,8367568,4780192,34827,238592,274432,NaN,NaN
2026-04-27 20:51:37.454,60478,ESTAB,bbr,232,29.045,0.583,20.097,1448,36,52128,26064,50529958,50503894,77862,NaN,34951,20064,34950,189,NaN,NaN,8367568,6719256,34933,238592,280064,18,201916
2026-04-27 20:51:37.708,60478,ESTAB,bbr,232,30.001,0.83,20.097,1448,36,52128,26064,50745710,50721094,77862,NaN,35100,20139,35099,189,NaN,NaN,8328264,6688944,35083,238592,280064,17,66442
2026-04-27 20:51:37.953,60478,ESTAB,bbr,232,29.689,1.117,20.097,1448,36,52128,26064,50890031,50889062,77862,NaN,35200,20197,35199,189,NaN,NaN,8328264,6388968,35199,238592,280064,1,NaN
2026-04-27 20:51:38.188,60478,ESTAB,bbr,228,26.646,1.903,20.097,1448,36,52128,26064,50929164,50929164,77862,NaN,35228,20212,35227,189,NaN,NaN,8317160,6711464,35228,238592,280064,NaN,NaN
2026-04-27 20:51:38.438,60478,ESTAB,bbr,228,26.646,1.903,20.097,1448,36,52128,26064,50929164,50929164,77862,NaN,35228,20212,35227,189,NaN,NaN,8317160,6711464,35228,238592,280064,NaN,NaN
2026-04-27 20:51:38.687,60478,ESTAB,bbr,228,26.646,1.903,20.097,1448,36,52128,26064,50929164,50929164,77862,NaN,35228,20212,35227,189,NaN,NaN,8317160,6711464,35228,238592,280064,NaN,NaN
2026-04-27 20:51:38.934,60478,ESTAB,bbr,228,26.646,1.903,20.097,1448,36,52128,26064,50929164,50929164,77862,NaN,35228,20212,35227,189,NaN,NaN,8317160,6711464,35228,238592,280064,NaN,NaN
2026-04-27 20:51:39.202,60478,ESTAB,bbr,228,26.646,1.903,20.097,1448,36,52128,26064,50929164,50929164,77862,NaN,35228,20212,35227,189,NaN,NaN,8317160,6711464,35228,238592,280064,NaN,NaN
2026-04-27 20:51:39.459,60478,ESTAB,bbr,232,30.327,0.378,20.097,1448,36,52128,26064,51088431,51065263,78686,NaN,35338,20262,35337,191,NaN,NaN,8351336,5851976,35322,238592,285696,16,357960
2026-04-27 20:51:39.716,60478,ESTAB,bbr,232,29.186,1.115,20.097,1448,36,52128,26064,51304183,51279567,78686,NaN,35487,20336,35486,191,NaN,NaN,8324848,6301216,35470,238592,285696,17,221286
2026-04-27 20:51:39.972,60478,ESTAB,bbr,232,28.919,0.214,20.097,1448,36,52128,26064,51517039,51493871,78686,NaN,35634,20410,35633,191,NaN,NaN,8329976,6707584,35618,238592,285696,16,85286
2026-04-27 20:51:40.238,60478,ESTAB,bbr,236,33.931,10.983,20.097,1448,36,52128,26064,51663111,51663111,78686,NaN,35735,20469,35734,191,NaN,NaN,8327416,2727344,35735,238592,285696,NaN,NaN
2026-04-27 20:51:40.497,60478,ESTAB,bbr,236,33.931,10.983,20.097,1448,36,52128,26064,51663111,51663111,78686,NaN,35735,20469,35734,191,NaN,NaN,8327416,2727344,35735,238592,285696,NaN,NaN
2026-04-27 20:51:40.758,60478,ESTAB,bbr,236,33.931,10.983,20.097,1448,36,52128,26064,51663111,51663111,78686,NaN,35735,20469,35734,191,NaN,NaN,8327416,2727344,35735,238592,285696,NaN,NaN
2026-04-27 20:51:41.011,60478,ESTAB,bbr,236,33.931,10.983,20.097,1448,36,52128,26064,51663111,51663111,78686,NaN,35735,20469,35734,191,NaN,NaN,8327416,2727344,35735,238592,285696,NaN,NaN
2026-04-27 20:51:41.274,60478,ESTAB,bbr,236,33.931,10.983,20.097,1448,36,52128,26064,51663111,51663111,78686,NaN,35735,20469,35734,191,NaN,NaN,8327416,2727344,35735,238592,285696,NaN,NaN
2026-04-27 20:51:41.538,60478,ESTAB,bbr,232,28.847,0.286,20.097,1448,36,52128,26064,51857130,51831066,79510,NaN,35869,20530,35868,193,NaN,NaN,8329120,6707800,35851,238592,291328,18,484298
2026-04-27 20:51:41.805,60478,ESTAB,bbr,232,30.096,0.579,20.097,1448,36,52128,26064,52080122,52056954,79510,NaN,36023,20608,36022,193,NaN,NaN,8302632,6695464,36007,238592,291328,16,349653
2026-04-27 20:51:42.068,60478,ESTAB,bbr,232,29.201,1.085,20.097,1448,36,52128,26064,52301666,52277050,79510,NaN,36176,20684,36175,193,NaN,NaN,8355608,6298640,36159,238592,291328,17,187912
2026-04-27 20:51:42.330,60478,ESTAB,bbr,232,28.836,0.168,20.097,1448,36,52128,26064,52489578,52488458,79510,NaN,36306,20757,36305,193,NaN,NaN,8360736,6717304,36305,238592,291328,1,NaN
2026-04-27 20:51:42.606,60478,ESTAB,bbr,236,33.371,9.195,20.097,1448,36,52128,26064,52489578,52489578,79510,NaN,36306,20758,36305,193,NaN,NaN,8360736,2577464,36306,238592,291328,NaN,NaN
2026-04-27 20:51:42.856,60478,ESTAB,bbr,236,33.371,9.195,20.097,1448,36,52128,26064,52489578,52489578,79510,NaN,36306,20758,36305,193,NaN,NaN,8360736,2577464,36306,238592,291328,NaN,NaN
2026-04-27 20:51:43.111,60478,ESTAB,bbr,236,33.371,9.195,20.097,1448,36,52128,26064,52489578,52489578,79510,NaN,36306,20758,36305,193,NaN,NaN,8360736,2577464,36306,238592,291328,NaN,NaN
2026-04-27 20:51:43.364,60478,ESTAB,bbr,232,30.5,9.334,20.097,1448,36,52128,26064,52509837,52492461,80334,NaN,36320,20762,36319,195,NaN,NaN,6688584,2577464,36308,238592,297472,12,558970
2026-04-27 20:51:43.614,60478,ESTAB,bbr,232,28.429,0.25,20.097,1448,36,52128,26064,52722693,52698077,80334,NaN,36467,20833,36466,195,NaN,NaN,8334248,6076248,36450,238592,297472,17,435950
2026-04-27 20:51:43.869,60478,ESTAB,bbr,232,28.933,0.322,20.097,1448,36,52128,26064,52935549,52912381,80334,NaN,36614,20907,36613,195,NaN,NaN,8316304,6719904,36598,238592,297472,16,290281
2026-04-27 20:51:44.120,60478,ESTAB,bbr,232,29.916,0.942,20.097,1448,36,52128,26064,53145509,53120893,80334,NaN,36759,20979,36758,195,NaN,NaN,8320576,6694984,36742,238592,297472,17,141322
2026-04-27 20:51:44.389,60478,ESTAB,bbr,236,33.654,8.995,20.097,1448,36,52128,26064,53286831,53286831,80334,NaN,36857,21037,36856,195,NaN,NaN,8315448,2632248,36857,238592,297472,NaN,NaN
2026-04-27 20:51:44.651,60478,ESTAB,bbr,236,33.654,8.995,20.097,1448,36,52128,26064,53286831,53286831,80334,NaN,36857,21037,36856,195,NaN,NaN,8315448,2632248,36857,238592,297472,NaN,NaN
2026-04-27 20:51:44.917,60478,ESTAB,bbr,236,33.654,8.995,20.097,1448,36,52128,26064,53286831,53286831,80334,NaN,36857,21037,36856,195,NaN,NaN,8315448,2632248,36857,238592,297472,NaN,NaN
2026-04-27 20:51:45.180,60478,ESTAB,bbr,236,33.654,8.995,20.097,1448,36,52128,26064,53286831,53286831,80334,NaN,36857,21037,36856,195,NaN,NaN,8315448,2632248,36857,238592,297472,NaN,NaN
2026-04-27 20:51:45.453,60478,ESTAB,bbr,228,26.395,1.786,20.097,1448,36,52128,26064,53356322,53333154,81158,NaN,36905,21056,36904,197,NaN,NaN,8324848,6727712,36889,238592,303104,16,491878
2026-04-27 20:51:45.707,60478,ESTAB,bbr,232,30.377,0.36,20.097,1448,36,52128,26064,53576418,53550354,81158,NaN,37057,21131,37056,197,NaN,NaN,8324848,6681704,37039,238592,303104,18,348823
2026-04-27 20:51:45.956,60478,ESTAB,bbr,232,28.725,0.732,20.097,1448,36,52128,26064,53786378,53761762,81158,NaN,37202,21204,37201,197,NaN,NaN,8332536,6301856,37185,238592,303104,17,217615
2026-04-27 20:51:46.208,60478,ESTAB,bbr,232,28.907,0.302,20.097,1448,36,52128,26064,53990546,53967378,81158,NaN,37343,21275,37342,197,NaN,NaN,8329976,6667048,37327,238592,303104,16,81512
2026-04-27 20:51:46.467,60478,ESTAB,bbr,236,35.262,10.065,20.097,1448,36,52128,26064,54072058,54072058,81158,NaN,37400,21312,37399,197,NaN,NaN,8300928,2740592,37400,238592,303104,NaN,NaN
2026-04-27 20:51:46.717,60478,ESTAB,bbr,236,35.262,10.065,20.097,1448,36,52128,26064,54072058,54072058,81158,NaN,37400,21312,37399,197,NaN,NaN,8300928,2740592,37400,238592,303104,NaN,NaN
2026-04-27 20:51:46.953,60478,ESTAB,bbr,236,35.262,10.065,20.097,1448,36,52128,26064,54072058,54072058,81158,NaN,37400,21312,37399,197,NaN,NaN,8300928,2740592,37400,238592,303104,NaN,NaN
2026-04-27 20:51:47.199,60478,ESTAB,bbr,236,35.262,10.065,20.097,1448,36,52128,26064,54072058,54072058,81158,NaN,37400,21312,37399,197,NaN,NaN,8300928,2740592,37400,238592,303104,NaN,NaN
2026-04-27 20:51:47.456,60478,ESTAB,bbr,228,26.101,4.361,20.097,1448,36,52128,26064,54124173,54101005,81982,NaN,37436,21325,37435,199,NaN,NaN,8312888,6708064,37420,238592,308736,16,548536
2026-04-27 20:51:47.708,60478,ESTAB,bbr,232,29.998,0.869,20.097,1448,36,52128,26064,54334133,54312413,81982,NaN,37581,21398,37580,199,NaN,NaN,8329120,6691600,37566,238592,308736,15,419832
2026-04-27 20:51:47.964,60478,ESTAB,bbr,232,28.824,0.11,20.097,1448,36,52128,26064,54551333,54529613,81982,NaN,37731,21473,37730,199,NaN,NaN,8335960,6694232,37716,238592,308736,15,276484
2026-04-27 20:51:48.208,60478,ESTAB,bbr,232,29.815,0.525,20.097,1448,36,52128,26064,54755501,54732333,81982,NaN,37872,21543,37871,199,NaN,NaN,8386368,6525960,37856,238592,308736,16,120385
2026-04-27 20:51:48.440,60478,ESTAB,bbr,232,28.873,0.57,20.097,1448,36,52128,26064,54876942,54875886,82388,NaN,37957,21594,37956,200,NaN,NaN,6709096,6696192,37956,238592,311808,1,NaN
2026-04-27 20:51:48.665,60478,ESTAB,bbr,236,33.083,8.847,20.097,1448,36,52128,26064,54876942,54876942,82388,NaN,37957,21595,37956,200,NaN,NaN,8386368,6696192,37957,238592,311808,NaN,NaN
2026-04-27 20:51:48.908,60478,ESTAB,bbr,236,33.083,8.847,20.097,1448,36,52128,26064,54876942,54876942,82388,NaN,37957,21595,37956,200,NaN,NaN,8386368,6696192,37957,238592,311808,NaN,NaN
2026-04-27 20:51:49.173,60478,ESTAB,bbr,236,33.083,8.847,20.097,1448,36,52128,26064,54876942,54876942,82388,NaN,37957,21595,37956,200,NaN,NaN,8386368,6696192,37957,238592,311808,NaN,NaN
2026-04-27 20:51:49.422,60478,ESTAB,bbr,232,30.254,8.997,20.097,1448,36,52128,26064,54879825,54879825,82796,NaN,37959,21598,37958,201,NaN,NaN,8386368,6696192,37959,238080,314880,NaN,NaN
2026-04-27 20:51:49.654,60478,ESTAB,bbr,232,28.95,0.22,20.097,1448,36,52128,26064,55073857,55050689,83212,NaN,38093,21658,38092,202,NaN,NaN,8382096,6774048,38077,238592,317440,16,460464
2026-04-27 20:51:49.892,60478,ESTAB,bbr,232,30.064,0.779,20.097,1448,36,52128,26064,55272233,55250513,83212,NaN,38230,21727,38229,202,NaN,NaN,8382096,6677616,38215,238592,317440,15,522728
2026-04-27 20:51:50.128,60478,ESTAB,bbr,232,28.877,0.123,20.097,1448,36,52128,26064,55467713,55444545,83212,NaN,38365,21794,38364,202,NaN,NaN,8322288,6691864,38349,238592,317440,16,508866
2026-04-27 20:51:50.389,60478,ESTAB,bbr,232,30.167,0.615,20.097,1448,36,52128,26064,55687809,55664641,83212,NaN,38517,21870,38516,202,NaN,NaN,8325704,5859592,38501,238592,317440,16,288770
2026-04-27 20:51:50.650,60478,ESTAB,bbr,232,29.343,1.165,20.097,1448,36,52128,26064,55906457,55881841,83212,NaN,38668,21945,38667,202,NaN,NaN,8327416,6300568,38651,238592,317440,17,70122
2026-04-27 20:51:50.901,60478,ESTAB,bbr,232,28.664,0.129,20.097,1448,36,52128,26064,55976579,55976579,83212,NaN,38717,21978,38716,202,NaN,NaN,8317160,6292872,38717,238592,317440,NaN,NaN
2026-04-27 20:51:51.152,60478,ESTAB,bbr,232,28.664,0.129,20.097,1448,36,52128,26064,55976579,55976579,83212,NaN,38717,21978,38716,202,NaN,NaN,8317160,6292872,38717,238592,317440,NaN,NaN
