timestamp,dst_port,state,cc_algo,rto_ms,rtt_ms,rtt_var_ms,min_rtt_ms,mss_bytes,cwnd_pkts,cwnd_bytes,ssthresh_bytes,bytes_sent,bytes_acked,bytes_received,bytes_retrans,segs_out,segs_in,data_segs_out,data_segs_in,retrans_outstanding,retrans_total,pacing_rate_bps,delivery_rate_bps,delivered_pkts,snd_wnd_bytes,rcv_wnd_bytes,unacked_pkts,notsent_bytes
2026-04-01 16:26:24.028,58384,ESTAB,prague,224,20.886,4.885,20.19,1448,9,13032,13032,2883,2883,408,NaN,4,6,3,1,NaN,NaN,5170824,1598448,4,48640,43520,NaN,NaN
2026-04-01 16:26:24.298,58384,ESTAB,prague,224,20.886,4.885,20.19,1448,9,13032,13032,2883,2883,408,NaN,4,6,3,1,NaN,NaN,5170824,1598448,4,48640,43520,NaN,NaN
2026-04-01 16:26:24.788,58388,ESTAB,prague,224,22.629,2.386,20.04,1448,7,10136,10136,38180,28128,822,NaN,28,16,27,2,NaN,NaN,3712016,3405216,21,52224,43520,7,57440
2026-04-01 16:26:25.021,58388,ESTAB,prague,224,22.128,0.311,20.032,1448,14,20272,10136,169224,149120,1644,NaN,120,60,119,4,NaN,NaN,7592144,6829176,106,80896,43520,14,78980
2026-04-01 16:26:25.248,58388,ESTAB,prague,224,21.901,0.361,20.032,1448,13,18824,17376,351596,332928,1644,NaN,247,139,246,4,NaN,NaN,7122856,6329472,234,81408,43520,13,106264
2026-04-01 16:26:25.475,58388,ESTAB,prague,224,22.536,1.843,20.023,1448,13,18824,17376,536840,519608,1644,NaN,376,213,375,4,NaN,NaN,6922136,5970616,364,81408,43520,12,81852
2026-04-01 16:26:25.714,58388,ESTAB,prague,224,21.993,0.35,20.023,1448,14,20272,17376,724956,704852,1644,NaN,507,273,506,4,NaN,NaN,7638736,6895232,493,85504,43520,14,142164
2026-04-01 16:26:25.942,58388,ESTAB,prague,224,22.29,1.389,20.018,1448,13,18824,18824,914508,897276,1644,NaN,639,344,638,4,NaN,NaN,6998368,6204880,627,85504,43520,12,13631
2026-04-01 16:26:26.161,58388,ESTAB,prague,224,21.976,0.99,20.018,1448,11,15928,15928,928139,928139,1644,NaN,649,359,648,4,NaN,NaN,6006528,5565088,649,86016,43520,NaN,NaN
2026-04-01 16:26:26.385,58388,ESTAB,prague,224,21.976,0.99,20.018,1448,11,15928,15928,928139,928139,1644,NaN,649,359,648,4,NaN,NaN,6006528,5565088,649,86016,43520,NaN,NaN
2026-04-01 16:26:26.621,58388,ESTAB,prague,224,21.976,0.99,20.018,1448,11,15928,15928,928139,928139,1644,NaN,649,359,648,4,NaN,NaN,6006528,5565088,649,86016,43520,NaN,NaN
2026-04-01 16:26:26.859,58388,ESTAB,prague,224,22.158,0.47,20.018,1448,14,20272,15928,1021490,1002822,2468,NaN,715,387,714,6,NaN,NaN,7581616,6909040,702,86016,43520,13,77544
2026-04-01 16:26:27.091,58388,ESTAB,prague,228,25.367,5.209,20.018,1448,10,14480,14480,1170834,1157910,2468,NaN,819,445,818,6,NaN,NaN,4730480,4323592,810,86016,43520,9,94776
2026-04-01 16:26:27.336,58388,ESTAB,prague,224,21.855,0.253,20.018,1448,14,20272,17376,1370438,1350334,2468,NaN,958,519,957,6,NaN,NaN,7686784,6777240,944,85504,43520,14,61748
2026-04-01 16:26:27.580,58388,ESTAB,prague,224,22.371,1.196,20.018,1448,11,15928,15928,1568606,1554246,2468,NaN,1096,597,1095,6,NaN,NaN,5900312,6716560,1086,85504,43520,10,113444
2026-04-01 16:26:27.821,58388,ESTAB,prague,224,22.338,1.019,20.018,1448,13,18824,17376,1768210,1749542,2468,NaN,1235,666,1234,6,NaN,NaN,6983496,6359592,1222,85504,43520,13,80416
2026-04-01 16:26:28.046,58388,ESTAB,prague,224,22.913,1.105,20.018,1448,12,17376,17376,1952018,1934786,2468,NaN,1363,738,1362,6,NaN,NaN,6284544,6032280,1351,85504,43520,12,80904
2026-04-01 16:26:28.275,58388,ESTAB,prague,224,22.186,0.707,20.018,1448,14,20272,17376,2032922,2032922,2468,NaN,1420,773,1419,6,NaN,NaN,7572096,6666408,1420,86016,43520,NaN,NaN
2026-04-01 16:26:28.520,58388,ESTAB,prague,224,22.186,0.707,20.018,1448,14,20272,17376,2032922,2032922,2468,NaN,1420,773,1419,6,NaN,NaN,7572096,6666408,1420,86016,43520,NaN,NaN
2026-04-01 16:26:28.763,58388,ESTAB,prague,224,22.186,0.707,20.018,1448,14,20272,17376,2035805,2032922,2876,NaN,1423,774,1422,7,NaN,NaN,7572096,6666408,1420,86016,43520,3,NaN
2026-04-01 16:26:29.002,58388,ESTAB,prague,224,22.94,1.139,20.018,1448,12,17376,17376,2215305,2199509,3292,NaN,1548,840,1547,8,NaN,NaN,6277056,6724272,1537,85504,43520,11,71800
2026-04-01 16:26:29.232,58388,ESTAB,prague,224,21.918,0.314,20.018,1448,14,20272,15928,2406293,2386189,3292,NaN,1681,912,1680,8,NaN,NaN,7664720,6936520,1667,85504,43520,14,130676
2026-04-01 16:26:29.465,58388,ESTAB,prague,224,21.802,0.408,20.018,1448,13,18824,15928,2591537,2572869,3292,NaN,1810,984,1809,8,NaN,NaN,7155200,6405304,1797,85504,43520,13,112008
2026-04-01 16:26:29.697,58388,ESTAB,prague,224,23.301,1.662,20.018,1448,13,18824,18824,2783961,2765293,3292,NaN,1944,1052,1943,8,NaN,NaN,6694688,6740008,1931,85504,43520,13,23229
2026-04-01 16:26:29.944,58388,ESTAB,prague,224,22.122,1.295,20.018,1448,11,15928,15928,2807190,2807190,3292,NaN,1961,1074,1960,8,NaN,NaN,5966752,5647976,1961,86016,43520,NaN,NaN
2026-04-01 16:26:30.189,58388,ESTAB,prague,224,22.122,1.295,20.018,1448,11,15928,15928,2807190,2807190,3292,NaN,1961,1074,1960,8,NaN,NaN,5966752,5647976,1961,86016,43520,NaN,NaN
2026-04-01 16:26:30.440,58388,ESTAB,prague,224,22.122,1.295,20.018,1448,11,15928,15928,2807190,2807190,3292,NaN,1961,1074,1960,8,NaN,NaN,5966752,5647976,1961,86016,43520,NaN,NaN
2026-04-01 16:26:30.691,58388,ESTAB,prague,224,22.122,1.295,20.018,1448,11,15928,15928,2807190,2807190,3292,NaN,1961,1074,1960,8,NaN,NaN,5966752,5647976,1961,86016,43520,NaN,NaN
2026-04-01 16:26:30.929,58388,ESTAB,prague,224,22.449,0.784,20.018,1448,12,17376,17376,2904849,2887617,4116,NaN,2030,1104,2029,10,NaN,NaN,6414432,6883232,2018,85504,43520,12,73236
2026-04-01 16:26:31.173,58388,ESTAB,prague,224,22.615,1.013,20.018,1448,12,17376,17376,3103017,3085785,4116,NaN,2168,1180,2167,10,NaN,NaN,6367392,6821280,2156,85504,43520,12,124932
2026-04-01 16:26:31.408,58388,ESTAB,prague,224,21.964,0.449,20.018,1448,14,20272,15928,3298313,3278209,4116,NaN,2304,1254,2303,10,NaN,NaN,7648816,6907912,2290,85504,43520,14,96212
2026-04-01 16:26:31.635,58388,ESTAB,prague,224,21.701,0.563,20.018,1448,13,18824,15928,3479249,3460581,4116,NaN,2430,1325,2429,10,NaN,NaN,7188480,6622264,2417,85504,43520,13,81852
2026-04-01 16:26:31.874,58388,ESTAB,prague,224,22.295,0.571,20.018,1448,12,17376,15928,3671673,3654441,4116,NaN,2564,1400,2563,10,NaN,NaN,6458688,5774096,2552,85504,43520,12,139292
2026-04-01 16:26:32.112,58388,ESTAB,prague,224,22.049,0.631,20.018,1448,12,17376,15928,3865533,3851173,4116,NaN,2699,1476,2698,10,NaN,NaN,6530592,5256328,2689,85504,43520,10,112008
2026-04-01 16:26:32.348,58388,ESTAB,prague,224,22.946,1.465,20.018,1448,13,18824,18824,4004844,4004844,4116,NaN,2797,1531,2796,10,NaN,NaN,6798480,6676360,2797,86016,43520,NaN,NaN
2026-04-01 16:26:32.599,58388,ESTAB,prague,224,22.946,1.465,20.018,1448,13,18824,18824,4004844,4004844,4116,NaN,2797,1531,2796,10,NaN,NaN,6798480,6676360,2797,86016,43520,NaN,NaN
2026-04-01 16:26:32.838,58388,ESTAB,prague,224,22.498,1.326,20.018,1448,13,18824,18824,4007727,4007727,4524,NaN,2800,1534,2799,11,NaN,NaN,6933680,6676360,2800,86016,43520,NaN,NaN
2026-04-01 16:26:33.078,58388,ESTAB,prague,224,21.979,0.298,20.018,1448,14,20272,17376,4200151,4180047,4940,NaN,2934,1599,2933,12,NaN,NaN,7643552,7113600,2920,85504,43520,14,142164
2026-04-01 16:26:33.306,58388,ESTAB,prague,224,22.109,0.653,20.018,1448,13,18824,17376,4382523,4363855,4940,NaN,3061,1670,3060,12,NaN,NaN,7055880,6455872,3048,85504,43520,13,126368
2026-04-01 16:26:33.542,58388,ESTAB,prague,224,22.394,1.157,20.018,1448,13,18824,17376,4572075,4554843,4940,NaN,3193,1744,3192,12,NaN,NaN,6965816,5643384,3181,85504,43520,12,103392
2026-04-01 16:26:33.780,58388,ESTAB,prague,224,23.21,1.714,20.018,1448,13,18824,17376,4771679,4755883,4940,NaN,3332,1815,3331,12,NaN,NaN,6721208,6024176,3321,85504,43520,11,70364
2026-04-01 16:26:34.007,58388,ESTAB,prague,224,22.263,0.561,20.018,1448,12,17376,17376,4958359,4941127,4940,NaN,3462,1887,3461,12,NaN,NaN,6467904,6857336,3450,85504,43520,12,133548
2026-04-01 16:26:34.235,58388,ESTAB,prague,224,22.217,1.123,20.018,1448,11,15928,15928,5143603,5129243,4940,NaN,3591,1960,3590,12,NaN,NaN,5941144,6711464,3581,85504,43520,10,108758
2026-04-01 16:26:34.468,58388,ESTAB,prague,224,22.441,1.021,20.018,1448,13,18824,17376,5252361,5252361,4940,NaN,3667,2004,3666,12,NaN,NaN,6951256,6285400,3667,85504,43520,NaN,NaN
2026-04-01 16:26:34.706,58388,ESTAB,prague,224,22.441,1.021,20.018,1448,13,18824,17376,5252361,5252361,4940,NaN,3667,2004,3666,12,NaN,NaN,6951256,6285400,3667,85504,43520,NaN,NaN
2026-04-01 16:26:34.940,58388,ESTAB,prague,224,22.417,0.762,20.018,1448,13,18824,18824,5312684,5294016,5764,NaN,3710,2021,3709,14,NaN,NaN,6958640,6817504,3697,85504,43520,13,110572
2026-04-01 16:26:35.183,58388,ESTAB,prague,224,21.931,0.358,20.018,1448,14,20272,17376,5507980,5487876,5764,NaN,3846,2096,3845,14,NaN,NaN,7660128,7117352,3832,85504,43520,14,81852
2026-04-01 16:26:35.418,58388,ESTAB,prague,224,21.999,0.475,20.018,1448,14,20272,17376,5700404,5681736,5764,NaN,3980,2171,3979,14,NaN,NaN,7636384,6717632,3967,85504,43520,13,139292
2026-04-01 16:26:35.653,58388,ESTAB,prague,224,22.344,0.897,20.018,1448,13,18824,17376,5889956,5874160,5764,NaN,4112,2245,4111,14,NaN,NaN,6981624,6113728,4101,85504,43520,11,116316
2026-04-01 16:26:35.880,58388,ESTAB,prague,224,22.7,1.029,20.018,1448,12,17376,17376,6079508,6062276,5764,NaN,4244,2311,4243,14,NaN,NaN,6343584,6807248,4232,85504,43520,12,93340
2026-04-01 16:26:36.114,58388,ESTAB,prague,224,22.09,1.229,20.018,1448,11,15928,15928,6267624,6251828,5764,NaN,4375,2385,4374,14,NaN,NaN,5975288,5649728,4364,85504,43520,11,71800
2026-04-01 16:26:36.351,58388,ESTAB,prague,228,27.642,10.898,20.018,1448,13,18824,18824,6409606,6409606,5764,NaN,4474,2441,4473,14,NaN,NaN,5643560,2368240,4474,86016,43520,NaN,NaN
2026-04-01 16:26:36.584,58388,ESTAB,prague,228,27.642,10.898,20.018,1448,13,18824,18824,6409606,6409606,5764,NaN,4474,2441,4473,14,NaN,NaN,5643560,2368240,4474,86016,43520,NaN,NaN
2026-04-01 16:26:36.819,58388,ESTAB,prague,228,27.642,10.898,20.018,1448,13,18824,18824,6409606,6409606,5764,NaN,4474,2441,4473,14,NaN,NaN,5643560,2368240,4474,86016,43520,NaN,NaN
2026-04-01 16:26:37.052,58388,ESTAB,prague,224,21.659,0.696,20.018,1448,12,17376,17376,6537421,6520189,6588,NaN,4564,2490,4563,16,NaN,NaN,6648384,6708176,4552,85504,43520,12,126368
2026-04-01 16:26:37.288,58388,ESTAB,prague,224,22.064,1.047,20.018,1448,11,15928,15928,6728409,6714049,6588,NaN,4697,2566,4696,16,NaN,NaN,5982504,6691784,4687,85504,43520,10,101956
2026-04-01 16:26:37.525,58388,ESTAB,prague,224,22.768,1.332,20.018,1448,13,18824,18824,6926577,6907909,6588,NaN,4835,2636,4834,16,NaN,NaN,6851624,6426488,4822,85504,43520,13,70364
2026-04-01 16:26:37.758,58388,ESTAB,prague,224,22.713,1.252,20.018,1448,12,17376,17376,7113257,7097461,6588,NaN,4965,2708,4964,16,NaN,NaN,6339840,6832352,4954,85504,43520,11,133548
2026-04-01 16:26:38.006,58388,ESTAB,prague,224,22.031,1.095,20.018,1448,11,15928,15928,7308553,7292757,6588,NaN,5101,2784,5100,16,NaN,NaN,5991304,5531992,5090,85504,43520,11,104828
2026-04-01 16:26:38.245,58388,ESTAB,prague,224,21.991,0.532,20.018,1448,14,20272,17376,7515337,7495233,6588,NaN,5245,2855,5244,16,NaN,NaN,7639296,6919600,5231,85504,43520,14,64620
2026-04-01 16:26:38.484,58388,ESTAB,prague,224,22.162,0.684,20.018,1448,13,18824,17376,7685469,7684785,6588,NaN,5364,2928,5363,16,NaN,NaN,7038720,6382072,5363,85504,43520,1,NaN
2026-04-01 16:26:38.734,58388,ESTAB,prague,228,27.068,10.323,20.018,1448,13,18824,17376,7685469,7685469,6588,NaN,5364,2929,5363,16,NaN,NaN,5763160,2327104,5364,86016,43520,NaN,NaN
2026-04-01 16:26:38.964,58388,ESTAB,prague,224,23.548,4.008,20.018,1448,14,20272,17376,7715636,7699840,7412,NaN,5386,2938,5385,18,NaN,NaN,7134064,2890488,5375,86016,43520,11,140728
2026-04-01 16:26:39.194,58388,ESTAB,prague,224,23.025,1.422,20.018,1448,13,18824,18824,7906624,7889392,7412,NaN,5519,3005,5518,18,NaN,NaN,6775184,6146440,5507,85504,43520,12,116316
2026-04-01 16:26:39.427,58388,ESTAB,prague,224,22.254,0.737,20.018,1448,12,17376,17376,8094740,8077508,7412,NaN,5650,3077,5649,18,NaN,NaN,6470496,6918992,5638,85504,43520,12,94776
2026-04-01 16:26:39.658,58388,ESTAB,prague,224,21.789,0.276,20.018,1448,14,20272,15928,8284292,8264188,7412,NaN,5782,3149,5781,18,NaN,NaN,7710192,6936872,5768,85504,43520,14,71800
2026-04-01 16:26:39.883,58388,ESTAB,prague,224,21.768,0.5,20.018,1448,13,18824,15928,8465228,8447996,7412,NaN,5908,3221,5907,18,NaN,NaN,7166328,6595864,5896,85504,43520,12,140728
2026-04-01 16:26:40.114,58388,ESTAB,prague,224,22.987,1.456,20.018,1448,12,17376,17376,8656216,8638984,7412,NaN,6041,3288,6040,18,NaN,NaN,6264288,6722856,6029,85504,43520,12,116316
2026-04-01 16:26:40.353,58388,ESTAB,prague,224,21.793,0.234,20.018,1448,13,18824,15928,8808871,8808432,7412,NaN,6148,3354,6147,18,NaN,NaN,7158008,6526808,6147,85504,43520,1,NaN
2026-04-01 16:26:40.591,58388,ESTAB,prague,228,27.549,11.686,20.018,1448,14,20272,15928,8808871,8808871,7412,NaN,6148,3355,6147,18,NaN,NaN,6098064,2130856,6148,86016,43520,NaN,NaN
2026-04-01 16:26:40.826,58388,ESTAB,prague,228,27.549,11.686,20.018,1448,14,20272,15928,8808871,8808871,7412,NaN,6148,3355,6147,18,NaN,NaN,6098064,2130856,6148,86016,43520,NaN,NaN
2026-04-01 16:26:41.054,58388,ESTAB,prague,224,22.549,0.831,20.018,1448,13,18824,18824,8879246,8862014,8236,NaN,6198,3378,6197,20,NaN,NaN,6918184,6766656,6186,85504,43520,12,100520
2026-04-01 16:26:41.284,58388,ESTAB,prague,224,22.1,0.599,20.018,1448,12,17376,15928,9064490,9048694,8236,NaN,6327,3457,6326,20,NaN,NaN,6515808,5050088,6316,85504,43520,11,81852
2026-04-01 16:26:41.533,58388,ESTAB,prague,224,22.021,0.89,20.018,1448,11,15928,15928,9265530,9249734,8236,NaN,6467,3534,6466,20,NaN,NaN,5994208,5384712,6456,85504,43520,11,130676
2026-04-01 16:26:41.784,58388,ESTAB,prague,224,22.161,1.284,20.018,1448,11,15928,15928,9469442,9453646,8236,NaN,6609,3613,6608,20,NaN,NaN,5956192,5642472,6598,85504,43520,11,93340
2026-04-01 16:26:42.011,58388,ESTAB,prague,224,21.677,0.664,20.018,1448,11,15928,15928,9660430,9644634,8236,NaN,6742,3686,6741,20,NaN,NaN,6089248,6650144,6731,85504,43520,11,68928
2026-04-01 16:26:42.237,58388,ESTAB,prague,224,22.638,0.943,20.018,1448,13,18824,18824,9842802,9824134,8236,NaN,6869,3750,6868,20,NaN,NaN,6890832,6766632,6856,85504,43520,13,136420
2026-04-01 16:26:42.469,58388,ESTAB,prague,224,21.984,0.193,20.018,1448,14,20272,17376,10036662,10016558,8236,NaN,7004,3824,7003,20,NaN,NaN,7641872,6969016,6990,85504,43520,14,7400
2026-04-01 16:26:42.693,58388,ESTAB,prague,232,28.564,11.986,20.018,1448,13,18824,17376,10044062,10044062,8236,NaN,7010,3835,7009,20,NaN,NaN,5461248,1929872,7010,86016,43520,NaN,NaN
2026-04-01 16:26:42.926,58388,ESTAB,prague,232,28.564,11.986,20.018,1448,13,18824,17376,10044062,10044062,8236,NaN,7010,3835,7009,20,NaN,NaN,5461248,1929872,7010,86016,43520,NaN,NaN
2026-04-01 16:26:43.159,58388,ESTAB,prague,224,22.129,1.106,20.018,1448,12,17376,17376,10180493,10164697,9060,NaN,7106,3888,7105,22,NaN,NaN,6507168,6718056,7095,85504,43520,11,117752
2026-04-01 16:26:43.394,58388,ESTAB,prague,224,22.189,1.111,20.018,1448,11,15928,15928,10371481,10357121,9060,NaN,7239,3962,7238,22,NaN,NaN,5948800,6712064,7229,85504,43520,10,93340
2026-04-01 16:26:43.635,58388,ESTAB,prague,224,22.064,0.638,20.018,1448,14,20272,17376,10573957,10553853,9060,NaN,7380,4031,7379,22,NaN,NaN,7613872,6653640,7366,85504,43520,14,140728
2026-04-01 16:26:43.869,58388,ESTAB,prague,224,21.786,0.472,20.018,1448,13,18824,15928,10763509,10744841,9060,NaN,7512,4105,7511,22,NaN,NaN,7160296,6595864,7499,85504,43520,13,117752
2026-04-01 16:26:44.106,58388,ESTAB,prague,224,22.203,0.568,20.018,1448,12,17376,15928,10951625,10934393,9060,NaN,7643,4179,7642,22,NaN,NaN,6485280,5770936,7631,85504,43520,12,96212
2026-04-01 16:26:44.348,58388,ESTAB,prague,224,22.285,0.805,20.018,1448,12,17376,17376,11154101,11136869,9060,NaN,7784,4250,7783,22,NaN,NaN,6461664,6795968,7772,85504,43520,12,56676
2026-04-01 16:26:44.581,58388,ESTAB,prague,224,22.532,0.852,20.018,1448,13,18824,18824,11210777,11210777,9060,NaN,7824,4276,7823,22,NaN,NaN,6923280,6878856,7824,86016,43520,NaN,NaN
2026-04-01 16:26:44.807,58388,ESTAB,prague,224,22.532,0.852,20.018,1448,13,18824,18824,11210777,11210777,9060,NaN,7824,4276,7823,22,NaN,NaN,6923280,6878856,7824,86016,43520,NaN,NaN
2026-04-01 16:26:45.043,58388,ESTAB,prague,224,22.187,0.769,20.018,1448,13,18824,18824,11220840,11213660,9884,NaN,7832,4280,7831,24,NaN,NaN,7030816,6878856,7827,86016,43520,5,160832
2026-04-01 16:26:45.269,58388,ESTAB,prague,224,22.54,0.89,20.018,1448,13,18824,18824,11410392,11391724,9884,NaN,7964,4346,7963,24,NaN,NaN,6920992,6869824,7951,85504,43520,13,137856
2026-04-01 16:26:45.498,58388,ESTAB,prague,224,21.923,0.233,20.018,1448,14,20272,17376,11598508,11578404,9884,NaN,8095,4418,8094,24,NaN,NaN,7663152,7052968,8081,85504,43520,14,116316
2026-04-01 16:26:45.728,58388,ESTAB,prague,224,22.381,0.918,20.018,1448,13,18824,17376,11780880,11762212,9884,NaN,8222,4490,8221,24,NaN,NaN,6969976,6293368,8209,85504,43520,13,100520
2026-04-01 16:26:45.963,58388,ESTAB,prague,224,22.736,1.165,20.018,1448,13,18824,17376,11971868,11954636,9884,NaN,8355,4564,8354,24,NaN,NaN,6861192,5812584,8343,85504,43520,12,76108
2026-04-01 16:26:46.205,58388,ESTAB,prague,224,22.797,1.346,20.018,1448,13,18824,18824,12174344,12155676,9884,NaN,8496,4635,8495,24,NaN,NaN,6842680,6683472,8483,85504,43520,13,123496
2026-04-01 16:26:46.446,58388,ESTAB,prague,224,22.243,0.553,20.018,1448,13,18824,18824,12369640,12350972,9884,NaN,8632,4710,8631,24,NaN,NaN,7013344,6921128,8619,85504,43520,13,60595
2026-04-01 16:26:46.681,58388,ESTAB,prague,224,22.361,0.456,20.018,1448,12,17376,15928,12430235,12430235,9884,NaN,8675,4745,8674,24,NaN,NaN,6439680,5732376,8675,86016,43520,NaN,NaN
2026-04-01 16:26:46.914,58388,ESTAB,prague,224,22.361,0.456,20.018,1448,12,17376,15928,12430235,12430235,9884,NaN,8675,4745,8674,24,NaN,NaN,6439680,5732376,8675,86016,43520,NaN,NaN
2026-04-01 16:26:47.147,58388,ESTAB,prague,224,22.589,1.103,20.018,1448,13,18824,18824,12512098,12494866,10708,NaN,8733,4770,8732,26,NaN,NaN,6905808,6893344,8721,85504,43520,12,89032
2026-04-01 16:26:47.380,58388,ESTAB,prague,224,21.947,0.4,20.018,1448,14,20272,17376,12703086,12682982,10708,NaN,8866,4843,8865,26,NaN,NaN,7654528,7053888,8852,85504,43520,14,64620
2026-04-01 16:26:47.614,58388,ESTAB,prague,224,22.287,0.815,20.018,1448,13,18824,17376,12889766,12872534,10708,NaN,8996,4917,8995,26,NaN,NaN,6999512,6386472,8984,85504,43520,12,127804
2026-04-01 16:26:47.846,58388,ESTAB,prague,224,22.713,1.118,20.018,1448,13,18824,17376,13079318,13062086,10708,NaN,9128,4990,9127,26,NaN,NaN,6868056,5851976,9116,85504,43520,12,104828
2026-04-01 16:26:48.077,58388,ESTAB,prague,224,22.08,0.419,20.018,1448,14,20272,20272,13273178,13254510,10708,NaN,9263,5058,9262,26,NaN,NaN,7608496,6978912,9250,85504,43520,13,77544
2026-04-01 16:26:48.311,58388,ESTAB,prague,224,22.272,1.388,20.018,1448,13,18824,18824,13443176,13425944,11124,NaN,9382,5129,9381,27,NaN,NaN,7003984,6217088,9370,85504,43520,12,103392
2026-04-01 16:26:48.544,58388,ESTAB,prague,224,23.093,1.545,20.018,1448,13,18824,18824,13632728,13614060,11124,NaN,9514,5199,9513,27,NaN,NaN,6755112,6716856,9501,85504,43520,13,80416
2026-04-01 16:26:48.776,58388,ESTAB,prague,224,21.991,0.2,20.018,1448,14,20272,17376,13820844,13800740,11124,NaN,9645,5271,9644,27,NaN,NaN,7639184,6895576,9631,85504,43520,14,142164
2026-04-01 16:26:49.015,58388,ESTAB,prague,224,21.98,0.461,20.018,1448,14,20272,17376,14013268,13996036,11124,NaN,9779,5346,9778,27,NaN,NaN,7643104,6825824,9767,85504,43520,12,116316
2026-04-01 16:26:49.261,58388,ESTAB,prague,224,21.815,0.89,20.017,1448,11,15928,15928,14211436,14195640,11124,NaN,9917,5423,9916,27,NaN,NaN,6050704,6678728,9906,85504,43520,11,84724
2026-04-01 16:26:49.494,58388,ESTAB,prague,224,23.045,1.575,20.017,1448,13,18824,18824,14403860,14386628,11124,NaN,10051,5492,10050,27,NaN,NaN,6769360,6283128,10039,85504,43520,12,142164
2026-04-01 16:26:49.727,58388,ESTAB,prague,224,22.576,0.893,20.017,1448,12,17376,17376,14593412,14576180,11124,NaN,10183,5564,10182,27,NaN,NaN,6378336,6833640,10171,85504,43520,12,20977
2026-04-01 16:26:49.951,58388,ESTAB,prague,224,21.799,0.821,20.017,1448,12,17376,17376,14762297,14745065,11540,NaN,10301,5630,10300,28,NaN,NaN,6605568,6161448,10289,85504,43520,12,103392
2026-04-01 16:26:50.178,58388,ESTAB,prague,224,22.555,1.093,20.017,1448,13,18824,18824,14943233,14924565,11540,NaN,10427,5695,10426,28,NaN,NaN,6916312,6800880,10414,85504,43520,13,89032
2026-04-01 16:26:50.420,58388,ESTAB,prague,224,22.001,0.296,20.017,1448,15,21720,17376,15142837,15124169,11540,NaN,10566,5772,10565,28,NaN,NaN,8181120,7057264,10553,85504,43520,13,139292
2026-04-01 16:26:50.652,58388,ESTAB,prague,224,22.001,0.519,20.017,1448,14,20272,17376,15329517,15310849,11540,NaN,10696,5844,10695,28,NaN,NaN,7635936,6684040,10683,85504,43520,13,119188
2026-04-01 16:26:50.884,58388,ESTAB,prague,224,21.943,0.587,20.017,1448,13,18824,15928,15517633,15498965,11540,NaN,10827,5917,10826,28,NaN,NaN,7109232,6626048,10814,85504,43520,13,97648
2026-04-01 16:26:51.121,58388,ESTAB,prague,224,22.511,0.824,20.017,1448,13,18824,18824,15711493,15695697,11540,NaN,10962,5986,10961,28,NaN,NaN,6929936,6908448,10951,85504,43520,11,70364
2026-04-01 16:26:51.363,58388,ESTAB,prague,224,22.374,0.697,20.017,1448,13,18824,17376,15884558,15867326,11956,NaN,11083,6052,11082,29,NaN,NaN,6972160,6422768,11071,85504,43520,12,90468
2026-04-01 16:26:51.604,58388,ESTAB,prague,224,21.955,0.394,20.017,1448,13,18824,15928,16079854,16061186,11956,NaN,11219,6128,11218,29,NaN,NaN,7105280,6611240,11206,85504,43520,13,145036
2026-04-01 16:26:51.844,58388,ESTAB,prague,224,22.22,0.443,20.017,1448,13,18824,15928,16276586,16257918,11956,NaN,11356,6204,11355,29,NaN,NaN,7020520,6151064,11343,85504,43520,13,114880
2026-04-01 16:26:52.076,58388,ESTAB,prague,224,22.502,1.01,20.017,1448,12,17376,17376,16469010,16451778,11956,NaN,11490,6272,11489,29,NaN,NaN,6399168,6816272,11478,85504,43520,12,89032
2026-04-01 16:26:52.311,58388,ESTAB,prague,224,22.128,0.48,20.017,1448,14,20272,15928,16662870,16642766,11956,NaN,11625,6346,11624,29,NaN,NaN,7591920,6861536,11611,85504,43520,14,61748
2026-04-01 16:26:52.548,58388,ESTAB,prague,224,21.777,0.202,20.017,1448,14,20272,15928,16853858,16835190,11956,NaN,11758,6421,11757,29,NaN,NaN,7714336,6682752,11745,85504,43520,13,67159
2026-04-01 16:26:52.781,58388,ESTAB,prague,224,21.975,0.221,20.017,1448,14,20272,17376,16921017,16921017,11956,NaN,11805,6451,11804,29,NaN,NaN,7644784,6926152,11805,85504,43520,NaN,NaN
2026-04-01 16:26:53.017,58388,ESTAB,prague,224,21.975,0.221,20.017,1448,14,20272,17376,16921017,16921017,11956,NaN,11805,6451,11804,29,NaN,NaN,7644784,6926152,11805,85504,43520,NaN,NaN
2026-04-01 16:26:53.261,58388,ESTAB,prague,224,21.898,1.113,20.017,1448,13,18824,18824,16994264,16975596,12780,NaN,11857,6477,11856,31,NaN,NaN,7123584,6119384,11844,85504,43520,13,97648
2026-04-01 16:26:53.498,58388,ESTAB,prague,224,22.488,1.397,20.017,1448,13,18824,18824,17189560,17170892,12780,NaN,11993,6551,11992,31,NaN,NaN,6936904,6462896,11980,85504,43520,13,68928
2026-04-01 16:26:53.744,58388,ESTAB,prague,224,22.701,1.065,20.017,1448,13,18824,18824,17379112,17360444,12780,NaN,12125,6622,12124,31,NaN,NaN,6871696,6707024,12112,85504,43520,13,129240
2026-04-01 16:26:53.997,58388,ESTAB,prague,224,23.137,1.516,20.017,1448,10,14480,14480,17575844,17561484,12780,NaN,12262,6704,12261,31,NaN,NaN,5186240,5633552,12252,85504,43520,10,99084
2026-04-01 16:26:54.230,58388,ESTAB,prague,224,22.932,2.289,20.017,1448,4,5792,5792,17683544,17677800,12780,NaN,12337,6757,12336,31,NaN,NaN,2225704,2391208,12333,85504,43520,4,157960
2026-04-01 16:26:54.456,58388,ESTAB,prague,228,25.524,5.312,20.017,1448,4,5792,4344,17729496,17725188,12780,NaN,12369,6779,12368,31,NaN,NaN,1877368,1097592,12366,85504,43520,3,112008
2026-04-01 16:26:54.684,58388,ESTAB,prague,228,26.963,3.387,20.017,1448,4,5792,4344,17771140,17766832,12780,NaN,12398,6796,12397,31,NaN,NaN,1723880,1544376,12395,85504,43520,3,153652
2026-04-01 16:26:54.917,58388,ESTAB,prague,224,23.765,3.707,20.017,1448,3,4344,4344,17817092,17812784,12780,NaN,12430,6818,12429,31,NaN,NaN,1501824,1028816,12427,85504,43520,3,107700
2026-04-01 16:26:55.151,58388,ESTAB,prague,232,28.612,5.632,20.017,1448,3,4344,4344,17852992,17848684,12780,NaN,12455,6833,12454,31,NaN,NaN,1566504,1485888,12452,85504,43520,3,155088
2026-04-01 16:26:55.384,58388,ESTAB,prague,228,25.411,3.735,20.017,1305,2,2610,2610,17890185,17887456,12780,NaN,12481,6852,12480,31,NaN,NaN,923824,1204104,12479,85504,43520,2,117895
2026-04-01 16:26:55.623,58388,ESTAB,prague,228,27.067,4.276,20.017,1448,3,4344,2896,17919719,17915411,12780,NaN,12503,6864,12502,31,NaN,NaN,1630496,1262464,12500,85504,43520,3,88361
2026-04-01 16:26:55.876,58388,ESTAB,prague,228,24.798,3.666,20.017,1448,3,4344,2896,17954136,17951264,12780,NaN,12528,6883,12527,31,NaN,NaN,1292408,977304,12526,85504,43520,2,137232
2026-04-01 16:26:56.125,58388,ESTAB,prague,228,25.77,5.31,20.017,1448,3,4344,4344,17992284,17987976,12780,NaN,12555,6901,12554,31,NaN,NaN,1256784,1031752,12552,85504,43520,3,99084
2026-04-01 16:26:56.359,58388,ESTAB,prague,228,25.316,5.503,20.017,1448,3,4344,2896,18026748,18022440,12780,NaN,12579,6917,12578,31,NaN,NaN,1236432,1116472,12576,85504,43520,3,147908
2026-04-01 16:26:56.590,58388,ESTAB,prague,228,25.282,4.633,20.017,1448,3,4344,4344,18059776,18055468,12780,NaN,12603,6935,12602,31,NaN,NaN,1494144,1085552,12600,85504,43520,3,114880
2026-04-01 16:26:56.816,58388,ESTAB,prague,228,26.42,4.084,20.017,1448,3,4344,2896,18091368,18088451,12780,NaN,12626,6949,12625,31,NaN,NaN,1185152,1182320,12623,85504,43520,3,95419
2026-04-01 16:26:57.049,58388,ESTAB,prague,228,25.527,1.749,20.017,1448,4,5792,5792,18140192,18134448,12780,NaN,12660,6968,12659,31,NaN,NaN,2025032,1588368,12656,85504,43520,4,46595
2026-04-01 16:26:57.282,58388,ESTAB,prague,228,24.294,3.095,20.017,1448,4,5792,5792,18187843,18187843,13602,NaN,12694,6995,12693,33,NaN,NaN,2033552,2222776,12694,86016,43520,NaN,NaN
2026-04-01 16:26:57.513,58388,ESTAB,prague,228,24.475,3.008,20.017,1448,4,5792,4344,18238103,18232359,13602,NaN,12729,7015,12728,33,NaN,NaN,1669280,1671872,12725,85504,43520,4,117752
2026-04-01 16:26:57.740,58388,ESTAB,prague,228,25.171,4.656,20.017,1448,4,5792,4344,18278311,18274003,13602,NaN,12757,7035,12756,33,NaN,NaN,1783536,1266376,12754,85504,43520,3,160832
2026-04-01 16:26:57.981,58388,ESTAB,prague,228,25.7,4.808,20.017,1448,3,4344,4344,18319955,18315647,13602,NaN,12786,7054,12785,33,NaN,NaN,1366576,1340944,12783,85504,43520,3,119188
2026-04-01 16:26:58.252,58388,ESTAB,prague,232,28.717,7.048,20.017,1267,2,2534,2534,18359801,18357291,13602,NaN,12814,7073,12813,33,NaN,NaN,794752,898736,12812,85504,43520,2,162630
2026-04-01 16:26:58.527,58388,ESTAB,prague,224,23.272,2.658,20.017,1448,3,4344,4344,18397499,18393838,13602,NaN,12842,7093,12841,33,NaN,NaN,1420760,1327824,12839,85504,43520,3,124932
2026-04-01 16:26:58.789,58388,ESTAB,prague,228,27.073,4.404,20.017,823,2,1646,1646,18421114,18420303,13602,NaN,12864,7107,12863,33,NaN,NaN,559208,615464,12863,84480,43520,1,101317
2026-04-01 16:26:59.072,58388,ESTAB,prague,228,24.581,2.832,20.017,1448,3,4344,2896,18444987,18441372,13602,NaN,12889,7123,12888,33,NaN,NaN,1157832,947872,12886,79360,43520,3,164050
2026-04-01 16:26:59.359,58388,ESTAB,prague,224,23.579,3.157,20.017,1448,4,5792,4344,18495147,18492275,13602,NaN,12924,7148,12923,33,NaN,NaN,1629808,1338464,12922,85504,43520,2,113890
2026-04-01 16:26:59.631,58388,ESTAB,prague,232,30.596,6.032,20.017,1448,3,4344,4344,18536461,18533589,13602,NaN,12953,7165,12952,33,NaN,NaN,1065472,1112560,12951,85504,43520,2,155864
2026-04-01 16:26:59.913,58388,ESTAB,prague,228,24.871,2.019,20.017,1448,5,7240,5792,18596443,18592135,13602,NaN,12995,7192,12994,33,NaN,NaN,2143752,2153560,12992,85504,43520,3,95882
2026-04-01 16:27:00.150,58388,ESTAB,prague,228,25.691,2.442,20.017,1448,4,5792,5792,18657861,18652117,13602,NaN,13038,7219,13037,33,NaN,NaN,1928912,1789032,13034,85504,43520,4,117752
2026-04-01 16:27:00.383,58388,ESTAB,prague,224,23.319,2.349,20.017,1448,5,7240,7240,18723917,18716737,13602,NaN,13084,7252,13083,33,NaN,NaN,2572920,2382064,13079,85504,43520,5,134984
2026-04-01 16:27:00.632,58388,ESTAB,prague,228,25.325,2.711,20.017,1448,4,5792,5792,18785665,18779921,13602,NaN,13127,7280,13126,33,NaN,NaN,1599120,1875720,13123,85504,43520,4,156524
2026-04-01 16:27:00.853,58388,ESTAB,prague,232,28.726,4.908,20.017,1448,4,5792,4344,18825873,18820129,13602,NaN,13155,7296,13154,33,NaN,NaN,1670760,1545976,13151,85504,43520,4,116316
2026-04-01 16:27:01.095,58388,ESTAB,prague,228,24.02,4.654,20.017,1448,3,4344,2896,18861773,18857465,13602,NaN,13180,7315,13179,33,NaN,NaN,1455168,1322072,13177,85504,43520,3,163704
2026-04-01 16:27:01.382,58388,ESTAB,prague,228,26.707,7.541,20.017,1448,3,4344,4344,18912033,18909161,13602,NaN,13215,7340,13214,33,NaN,NaN,1559256,1341152,13213,85504,43520,2,113444
2026-04-01 16:27:01.672,60268,ESTAB,prague,228,24.007,3.942,20.59,1448,3,4344,2896,25534,24098,3270,NaN,25,31,24,8,NaN,NaN,1166912,1067792,24,52224,43520,1,97648
2026-04-01 16:27:01.959,60268,ESTAB,prague,228,25.358,4.537,20.438,1448,2,2896,2896,62438,59566,3270,NaN,51,48,50,8,NaN,NaN,1121112,1350792,49,52224,43520,2,60744
2026-04-01 16:27:02.244,60268,ESTAB,prague,228,27.147,5.836,20.435,1448,3,4344,4344,101642,97334,3270,NaN,79,66,78,8,NaN,NaN,1451872,1336048,76,52224,43520,3,73236
2026-04-01 16:27:02.530,60268,ESTAB,prague,224,23.675,3.752,20.435,1448,2,2896,2896,144722,141850,3270,NaN,109,89,108,8,NaN,NaN,1056088,1338312,107,52224,43520,2,81852
2026-04-01 16:27:02.815,60268,ESTAB,prague,228,25.054,3.58,20.435,831,2,1662,1662,165626,163988,3270,NaN,130,102,129,8,NaN,NaN,610016,590352,128,49152,43520,2,60948
2026-04-01 16:27:03.102,60268,ESTAB,prague,228,26.142,5.715,20.247,1345,2,2690,2690,184985,183652,3270,NaN,152,117,151,8,NaN,NaN,860176,989424,151,50688,43520,1,93249
2026-04-01 16:27:03.390,49732,ESTAB,prague,224,22.753,5.621,20.84,1448,7,10136,10136,2883,2883,408,NaN,4,6,3,1,NaN,NaN,3691688,1443064,4,48640,43520,NaN,NaN
2026-04-01 16:27:03.676,49732,ESTAB,prague,224,22.753,5.621,20.84,1448,7,10136,10136,2883,2883,408,NaN,4,6,3,1,NaN,NaN,3691688,1443064,4,48640,43520,NaN,NaN
2026-04-01 16:27:03.963,49732,ESTAB,prague,224,22.753,5.621,20.84,1448,7,10136,10136,2883,2883,408,NaN,4,6,3,1,NaN,NaN,3691688,1443064,4,48640,43520,NaN,NaN
2026-04-01 16:27:04.250,49732,ESTAB,prague,224,22.753,5.621,20.84,1448,7,10136,10136,2883,2883,408,NaN,4,6,3,1,NaN,NaN,3691688,1443064,4,48640,43520,NaN,NaN
2026-04-01 16:27:04.536,49732,ESTAB,prague,224,22.753,5.621,20.84,1448,7,10136,10136,2883,2883,408,NaN,4,6,3,1,NaN,NaN,3691688,1443064,4,48640,43520,NaN,NaN
2026-04-01 16:27:04.824,49732,ESTAB,prague,224,22.753,5.621,20.84,1448,7,10136,10136,2883,2883,408,NaN,4,6,3,1,NaN,NaN,3691688,1443064,4,48640,43520,NaN,NaN
2026-04-01 16:27:05.112,49732,ESTAB,prague,224,22.753,5.621,20.84,1448,7,10136,10136,2883,2883,408,NaN,4,6,3,1,NaN,NaN,3691688,1443064,4,48640,43520,NaN,NaN
2026-04-01 16:27:05.398,49732,ESTAB,prague,224,22.462,3.606,20.552,1448,5,7240,7240,5766,5755,816,NaN,7,9,6,2,NaN,NaN,2671080,1443064,6,53248,43520,1,NaN
2026-04-01 16:27:05.685,49732,ESTAB,prague,224,22.386,2.857,20.552,1448,5,7240,7240,5766,5766,816,NaN,7,10,6,2,NaN,NaN,2680200,1443248,7,53248,43520,NaN,NaN
2026-04-01 16:27:05.973,49732,ESTAB,prague,224,22.386,2.857,20.552,1448,5,7240,7240,5766,5766,816,NaN,7,10,6,2,NaN,NaN,2680200,1443248,7,53248,43520,NaN,NaN
2026-04-01 16:27:06.258,49732,ESTAB,prague,224,22.386,2.857,20.552,1448,5,7240,7240,5766,5766,816,NaN,7,10,6,2,NaN,NaN,2680200,1443248,7,53248,43520,NaN,NaN
2026-04-01 16:27:06.547,49732,ESTAB,prague,224,22.386,2.857,20.552,1448,5,7240,7240,5766,5766,816,NaN,7,10,6,2,NaN,NaN,2680200,1443248,7,53248,43520,NaN,NaN
2026-04-01 16:27:06.833,49732,ESTAB,prague,224,22.386,2.857,20.552,1448,5,7240,7240,5766,5766,816,NaN,7,10,6,2,NaN,NaN,2680200,1443248,7,53248,43520,NaN,NaN
2026-04-01 16:27:07.121,49732,ESTAB,prague,224,22.386,2.857,20.552,1448,5,7240,7240,5766,5766,816,NaN,7,10,6,2,NaN,NaN,2680200,1443248,7,53248,43520,NaN,NaN
2026-04-01 16:27:07.409,49732,ESTAB,prague,224,22.386,2.857,20.552,1448,5,7240,7240,8649,5766,1224,NaN,10,11,9,3,NaN,NaN,2680200,1443248,7,53248,43520,3,NaN
2026-04-01 16:27:07.696,49732,ESTAB,prague,224,22.296,1.903,20.273,1448,5,7240,7240,8649,8649,1224,NaN,10,14,9,3,NaN,NaN,2691000,1443248,10,53248,43520,NaN,NaN
2026-04-01 16:27:07.976,49732,ESTAB,prague,224,22.296,1.903,20.273,1448,5,7240,7240,8649,8649,1224,NaN,10,14,9,3,NaN,NaN,2691000,1443248,10,53248,43520,NaN,NaN
2026-04-01 16:27:08.262,49732,ESTAB,prague,224,22.296,1.903,20.273,1448,5,7240,7240,8649,8649,1224,NaN,10,14,9,3,NaN,NaN,2691000,1443248,10,53248,43520,NaN,NaN
2026-04-01 16:27:08.550,49732,ESTAB,prague,224,22.317,1.605,20.273,1448,4,5792,5792,16885,12577,2046,NaN,16,18,15,5,NaN,NaN,1998520,1443248,13,53248,43520,3,97648
2026-04-01 16:27:08.839,49732,ESTAB,prague,224,23.687,2.396,20.204,1448,3,4344,4344,80069,75761,2046,NaN,60,49,59,5,NaN,NaN,1557256,1440136,57,53248,43520,3,86160
2026-04-01 16:27:09.126,49732,ESTAB,prague,228,26.154,3.792,20.204,1448,3,4344,2896,123149,118841,2046,NaN,91,69,90,5,NaN,NaN,1294376,1401120,88,52224,43520,3,57304
2026-04-01 16:27:09.409,49732,ESTAB,prague,232,28.387,8.139,20.137,1448,3,4344,2896,166229,161921,2046,NaN,121,88,120,5,NaN,NaN,1243296,1030192,118,52224,43520,3,14224
2026-04-01 16:27:09.697,43988,ESTAB,prague,224,22.835,5.421,21.442,1448,7,10136,10136,2883,2883,408,NaN,4,6,3,1,NaN,NaN,3678472,1406504,4,48640,43520,NaN,NaN
2026-04-01 16:27:09.932,43988,ESTAB,prague,224,22.835,5.421,21.442,1448,7,10136,10136,2883,2883,408,NaN,4,6,3,1,NaN,NaN,3678472,1406504,4,48640,43520,NaN,NaN
2026-04-01 16:27:10.158,43988,ESTAB,prague,224,22.835,5.421,21.442,1448,7,10136,10136,2883,2883,408,NaN,4,6,3,1,NaN,NaN,3678472,1406504,4,48640,43520,NaN,NaN
2026-04-01 16:27:10.391,43988,ESTAB,prague,224,22.835,5.421,21.442,1448,7,10136,10136,2883,2883,408,NaN,4,6,3,1,NaN,NaN,3678472,1406504,4,48640,43520,NaN,NaN
2026-04-01 16:27:10.627,43988,ESTAB,prague,224,22.835,5.421,21.442,1448,7,10136,10136,2883,2883,408,NaN,4,6,3,1,NaN,NaN,3678472,1406504,4,48640,43520,NaN,NaN
2026-04-01 16:27:10.865,43988,ESTAB,prague,224,22.835,5.421,21.442,1448,7,10136,10136,2883,2883,408,NaN,4,6,3,1,NaN,NaN,3678472,1406504,4,48640,43520,NaN,NaN
2026-04-01 16:27:11.098,43988,ESTAB,prague,224,22.835,5.421,21.442,1448,7,10136,10136,2883,2883,408,NaN,4,6,3,1,NaN,NaN,3678472,1406504,4,48640,43520,NaN,NaN
2026-04-01 16:27:11.368,43988,ESTAB,prague,224,22.835,5.421,21.442,1448,7,10136,10136,2883,2883,408,NaN,4,6,3,1,NaN,NaN,3678472,1406504,4,48640,43520,NaN,NaN
2026-04-01 16:27:11.637,43988,ESTAB,prague,224,22.52,2.719,21.039,1448,5,7240,7240,5766,5766,816,NaN,7,10,6,2,NaN,NaN,2664200,1422976,7,53248,43520,NaN,NaN
2026-04-01 16:27:11.913,43988,ESTAB,prague,224,22.52,2.719,21.039,1448,5,7240,7240,5766,5766,816,NaN,7,10,6,2,NaN,NaN,2664200,1422976,7,53248,43520,NaN,NaN
2026-04-01 16:27:12.168,43988,ESTAB,prague,224,22.52,2.719,21.039,1448,5,7240,7240,5766,5766,816,NaN,7,10,6,2,NaN,NaN,2664200,1422976,7,53248,43520,NaN,NaN
2026-04-01 16:27:12.417,43988,ESTAB,prague,224,22.52,2.719,21.039,1448,5,7240,7240,5766,5766,816,NaN,7,10,6,2,NaN,NaN,2664200,1422976,7,53248,43520,NaN,NaN
2026-04-01 16:27:12.661,43988,ESTAB,prague,224,22.52,2.719,21.039,1448,5,7240,7240,5766,5766,816,NaN,7,10,6,2,NaN,NaN,2664200,1422976,7,53248,43520,NaN,NaN
2026-04-01 16:27:12.924,43988,ESTAB,prague,224,22.52,2.719,21.039,1448,5,7240,7240,5766,5766,816,NaN,7,10,6,2,NaN,NaN,2664200,1422976,7,53248,43520,NaN,NaN
2026-04-01 16:27:13.186,43988,ESTAB,prague,224,22.52,2.719,21.039,1448,5,7240,7240,5766,5766,816,NaN,7,10,6,2,NaN,NaN,2664200,1422976,7,53248,43520,NaN,NaN
2026-04-01 16:27:13.427,43988,ESTAB,prague,224,22.52,2.719,21.039,1448,5,7240,7240,5766,5766,816,NaN,7,10,6,2,NaN,NaN,2664200,1422976,7,53248,43520,NaN,NaN
2026-04-01 16:27:13.702,43988,ESTAB,prague,224,22.6,1.978,21.039,1448,5,7240,7240,8649,8649,1224,NaN,10,14,9,3,NaN,NaN,2654800,1422976,10,53248,43520,NaN,NaN
2026-04-01 16:27:13.962,43988,ESTAB,prague,224,22.6,1.978,21.039,1448,5,7240,7240,8649,8649,1224,NaN,10,14,9,3,NaN,NaN,2654800,1422976,10,53248,43520,NaN,NaN
2026-04-01 16:27:14.224,43988,ESTAB,prague,224,22.6,1.978,21.039,1448,5,7240,7240,8649,8649,1224,NaN,10,14,9,3,NaN,NaN,2654800,1422976,10,53248,43520,NaN,NaN
2026-04-01 16:27:14.486,43988,ESTAB,prague,224,22.6,1.978,21.039,1448,5,7240,7240,8649,8649,1224,NaN,10,14,9,3,NaN,NaN,2654800,1422976,10,53248,43520,NaN,NaN
2026-04-01 16:27:14.749,43988,ESTAB,prague,224,22.6,1.978,21.039,1448,5,7240,7240,8649,8649,1224,NaN,10,14,9,3,NaN,NaN,2654800,1422976,10,53248,43520,NaN,NaN
2026-04-01 16:27:15.010,43988,ESTAB,prague,224,22.6,1.978,21.039,1448,5,7240,7240,8649,8649,1224,NaN,10,14,9,3,NaN,NaN,2654800,1422976,10,53248,43520,NaN,NaN
2026-04-01 16:27:15.269,43988,ESTAB,prague,224,22.6,1.978,21.039,1448,5,7240,7240,8649,8649,1224,NaN,10,14,9,3,NaN,NaN,2654800,1422976,10,53248,43520,NaN,NaN
2026-04-01 16:27:15.522,43988,ESTAB,prague,224,22.6,1.978,21.039,1448,5,7240,7240,8649,8649,1224,NaN,10,14,9,3,NaN,NaN,2654800,1422976,10,53248,43520,NaN,NaN
2026-04-01 16:27:15.779,43988,ESTAB,prague,224,22.6,1.978,21.039,1448,5,7240,7240,8649,8649,1224,NaN,10,14,9,3,NaN,NaN,2654800,1422976,10,53248,43520,NaN,NaN
2026-04-01 16:27:16.037,43988,ESTAB,prague,224,22.6,1.978,21.039,1448,5,7240,7240,8649,8649,1224,NaN,10,14,9,3,NaN,NaN,2654800,1422976,10,53248,43520,NaN,NaN
2026-04-01 16:27:16.295,43988,ESTAB,prague,224,22.6,1.978,21.039,1448,5,7240,7240,8649,8649,1224,NaN,10,14,9,3,NaN,NaN,2654800,1422976,10,53248,43520,NaN,NaN
2026-04-01 16:27:16.553,43988,ESTAB,prague,224,22.6,1.978,21.039,1448,5,7240,7240,8649,8649,1224,NaN,10,14,9,3,NaN,NaN,2654800,1422976,10,53248,43520,NaN,NaN
2026-04-01 16:27:16.818,43988,ESTAB,prague,224,22.6,1.978,21.039,1448,5,7240,7240,8649,8649,1224,NaN,10,14,9,3,NaN,NaN,2654800,1422976,10,53248,43520,NaN,NaN
2026-04-01 16:27:17.088,43988,ESTAB,prague,224,22.6,1.978,21.039,1448,5,7240,7240,8649,8649,1224,NaN,10,14,9,3,NaN,NaN,2654800,1422976,10,53248,43520,NaN,NaN
2026-04-01 16:27:17.365,43988,ESTAB,prague,224,22.6,1.978,21.039,1448,5,7240,7240,8649,8649,1224,NaN,10,14,9,3,NaN,NaN,2654800,1422976,10,53248,43520,NaN,NaN
2026-04-01 16:27:17.638,43988,ESTAB,prague,224,22.495,1.664,21.039,1448,4,5792,5792,11532,11532,1632,NaN,13,18,12,4,NaN,NaN,2208256,1422976,13,53248,43520,NaN,NaN
2026-04-01 16:27:17.896,43988,ESTAB,prague,224,22.495,1.664,21.039,1448,4,5792,5792,11532,11532,1632,NaN,13,18,12,4,NaN,NaN,2208256,1422976,13,53248,43520,NaN,NaN
2026-04-01 16:27:18.155,43988,ESTAB,prague,224,22.495,1.664,21.039,1448,4,5792,5792,11532,11532,1632,NaN,13,18,12,4,NaN,NaN,2208256,1422976,13,53248,43520,NaN,NaN
2026-04-01 16:27:18.394,43988,ESTAB,prague,224,22.495,1.664,21.039,1448,4,5792,5792,11532,11532,1632,NaN,13,18,12,4,NaN,NaN,2208256,1422976,13,53248,43520,NaN,NaN
2026-04-01 16:27:18.647,43988,ESTAB,prague,224,22.495,1.664,21.039,1448,4,5792,5792,11532,11532,1632,NaN,13,18,12,4,NaN,NaN,2208256,1422976,13,53248,43520,NaN,NaN
2026-04-01 16:27:18.885,43988,ESTAB,prague,224,22.495,1.664,21.039,1448,4,5792,5792,11532,11532,1632,NaN,13,18,12,4,NaN,NaN,2208256,1422976,13,53248,43520,NaN,NaN
2026-04-01 16:27:19.150,43988,ESTAB,prague,224,22.495,1.664,21.039,1448,4,5792,5792,11532,11532,1632,NaN,13,18,12,4,NaN,NaN,2208256,1422976,13,53248,43520,NaN,NaN
2026-04-01 16:27:19.412,43988,ESTAB,prague,224,22.495,1.664,21.039,1448,4,5792,5792,11532,11532,1632,NaN,13,18,12,4,NaN,NaN,2208256,1422976,13,53248,43520,NaN,NaN
2026-04-01 16:27:19.680,43988,ESTAB,prague,224,22.495,1.664,21.039,1448,4,5792,5792,11532,11532,1632,NaN,13,18,12,4,NaN,NaN,2208256,1422976,13,53248,43520,NaN,NaN
2026-04-01 16:27:19.935,43988,ESTAB,prague,224,22.495,1.664,21.039,1448,4,5792,5792,11532,11532,1632,NaN,13,18,12,4,NaN,NaN,2208256,1422976,13,53248,43520,NaN,NaN
2026-04-01 16:27:20.176,43988,ESTAB,prague,224,22.495,1.664,21.039,1448,4,5792,5792,11532,11532,1632,NaN,13,18,12,4,NaN,NaN,2208256,1422976,13,53248,43520,NaN,NaN
2026-04-01 16:27:20.427,43988,ESTAB,prague,224,22.495,1.664,21.039,1448,4,5792,5792,11532,11532,1632,NaN,13,18,12,4,NaN,NaN,2208256,1422976,13,53248,43520,NaN,NaN
2026-04-01 16:27:20.685,43988,ESTAB,prague,224,22.495,1.664,21.039,1448,4,5792,5792,11532,11532,1632,NaN,13,18,12,4,NaN,NaN,2208256,1422976,13,53248,43520,NaN,NaN
2026-04-01 16:27:20.943,43988,ESTAB,prague,224,22.495,1.664,21.039,1448,4,5792,5792,11532,11532,1632,NaN,13,18,12,4,NaN,NaN,2208256,1422976,13,53248,43520,NaN,NaN
2026-04-01 16:27:21.209,43988,ESTAB,prague,224,22.495,1.664,21.039,1448,4,5792,5792,11532,11532,1632,NaN,13,18,12,4,NaN,NaN,2208256,1422976,13,53248,43520,NaN,NaN
2026-04-01 16:27:21.463,43988,ESTAB,prague,224,22.495,1.664,21.039,1448,4,5792,5792,11532,11532,1632,NaN,13,18,12,4,NaN,NaN,2208256,1422976,13,53248,43520,NaN,NaN
2026-04-01 16:27:21.726,43988,ESTAB,prague,224,22.495,1.664,21.039,1448,4,5792,5792,11532,11532,1632,NaN,13,18,12,4,NaN,NaN,2208256,1422976,13,53248,43520,NaN,NaN
2026-04-01 16:27:21.996,43988,ESTAB,prague,224,22.495,1.664,21.039,1448,4,5792,5792,11532,11532,1632,NaN,13,18,12,4,NaN,NaN,2208256,1422976,13,53248,43520,NaN,NaN
2026-04-01 16:27:22.281,43988,ESTAB,prague,224,22.495,1.664,21.039,1448,4,5792,5792,11532,11532,1632,NaN,13,18,12,4,NaN,NaN,2208256,1422976,13,53248,43520,NaN,NaN
2026-04-01 16:27:22.546,43988,ESTAB,prague,224,22.495,1.664,21.039,1448,4,5792,5792,11532,11532,1632,NaN,13,18,12,4,NaN,NaN,2208256,1422976,13,53248,43520,NaN,NaN
2026-04-01 16:27:22.808,43988,ESTAB,prague,224,22.495,1.664,21.039,1448,4,5792,5792,11532,11532,1632,NaN,13,18,12,4,NaN,NaN,2208256,1422976,13,53248,43520,NaN,NaN
2026-04-01 16:27:23.079,43988,ESTAB,prague,224,22.495,1.664,21.039,1448,4,5792,5792,11532,11532,1632,NaN,13,18,12,4,NaN,NaN,2208256,1422976,13,53248,43520,NaN,NaN
2026-04-01 16:27:23.343,43988,ESTAB,prague,224,22.495,1.664,21.039,1448,4,5792,5792,11532,11532,1632,NaN,13,18,12,4,NaN,NaN,2208256,1422976,13,53248,43520,NaN,NaN
2026-04-01 16:27:23.606,43988,ESTAB,prague,224,22.495,1.664,21.039,1448,4,5792,5792,11532,11532,1632,NaN,13,18,12,4,NaN,NaN,2208256,1422976,13,53248,43520,NaN,NaN
2026-04-01 16:27:23.869,43988,ESTAB,prague,224,22.495,1.664,21.039,1448,4,5792,5792,11532,11532,1632,NaN,13,18,12,4,NaN,NaN,2208256,1422976,13,53248,43520,NaN,NaN
2026-04-01 16:27:24.130,43988,ESTAB,prague,224,22.495,1.664,21.039,1448,4,5792,5792,11532,11532,1632,NaN,13,18,12,4,NaN,NaN,2208256,1422976,13,53248,43520,NaN,NaN
2026-04-01 16:27:24.390,43988,ESTAB,prague,224,22.495,1.664,21.039,1448,4,5792,5792,11532,11532,1632,NaN,13,18,12,4,NaN,NaN,2208256,1422976,13,53248,43520,NaN,NaN
2026-04-01 16:27:24.651,43988,ESTAB,prague,224,22.495,1.664,21.039,1448,4,5792,5792,11532,11532,1632,NaN,13,18,12,4,NaN,NaN,2208256,1422976,13,53248,43520,NaN,NaN
2026-04-01 16:27:24.915,43988,ESTAB,prague,224,22.495,1.664,21.039,1448,4,5792,5792,11532,11532,1632,NaN,13,18,12,4,NaN,NaN,2208256,1422976,13,53248,43520,NaN,NaN
2026-04-01 16:27:25.173,43988,ESTAB,prague,224,22.495,1.664,21.039,1448,4,5792,5792,11532,11532,1632,NaN,13,18,12,4,NaN,NaN,2208256,1422976,13,53248,43520,NaN,NaN
2026-04-01 16:27:25.423,43988,ESTAB,prague,224,22.495,1.664,21.039,1448,4,5792,5792,11532,11532,1632,NaN,13,18,12,4,NaN,NaN,2208256,1422976,13,53248,43520,NaN,NaN
2026-04-01 16:27:25.690,43988,ESTAB,prague,224,22.495,1.664,21.039,1448,4,5792,5792,11532,11532,1632,NaN,13,18,12,4,NaN,NaN,2208256,1422976,13,53248,43520,NaN,NaN
2026-04-01 16:27:25.959,43988,ESTAB,prague,224,22.495,1.664,21.039,1448,4,5792,5792,11532,11532,1632,NaN,13,18,12,4,NaN,NaN,2208256,1422976,13,53248,43520,NaN,NaN
2026-04-01 16:27:26.227,43988,ESTAB,prague,224,22.495,1.664,21.039,1448,4,5792,5792,11532,11532,1632,NaN,13,18,12,4,NaN,NaN,2208256,1422976,13,53248,43520,NaN,NaN
2026-04-01 16:27:26.488,43988,ESTAB,prague,224,22.495,1.664,21.039,1448,4,5792,5792,11532,11532,1632,NaN,13,18,12,4,NaN,NaN,2208256,1422976,13,53248,43520,NaN,NaN
2026-04-01 16:27:26.755,43988,ESTAB,prague,224,22.495,1.664,21.039,1448,4,5792,5792,11532,11532,1632,NaN,13,18,12,4,NaN,NaN,2208256,1422976,13,53248,43520,NaN,NaN
2026-04-01 16:27:27.011,43988,ESTAB,prague,224,22.495,1.664,21.039,1448,4,5792,5792,11532,11532,1632,NaN,13,18,12,4,NaN,NaN,2208256,1422976,13,53248,43520,NaN,NaN
2026-04-01 16:27:27.280,43988,ESTAB,prague,224,22.495,1.664,21.039,1448,4,5792,5792,11532,11532,1632,NaN,13,18,12,4,NaN,NaN,2208256,1422976,13,53248,43520,NaN,NaN
2026-04-01 16:27:27.537,43988,ESTAB,prague,224,22.495,1.664,21.039,1448,4,5792,5792,11532,11532,1632,NaN,13,18,12,4,NaN,NaN,2208256,1422976,13,53248,43520,NaN,NaN
2026-04-01 16:27:27.797,43988,ESTAB,prague,224,22.495,1.664,21.039,1448,4,5792,5792,14404,11532,2040,NaN,15,19,14,5,NaN,NaN,2208256,1422976,13,53248,43520,2,11
2026-04-01 16:27:28.051,43988,ESTAB,prague,224,22.41,1.315,21.039,1448,4,5792,5792,14415,14415,2040,NaN,16,22,15,5,NaN,NaN,1836368,1422976,16,53248,43520,NaN,NaN
2026-04-01 16:27:28.303,43988,ESTAB,prague,224,22.41,1.315,21.039,1448,4,5792,5792,14415,14415,2040,NaN,16,22,15,5,NaN,NaN,1836368,1422976,16,53248,43520,NaN,NaN
2026-04-01 16:27:28.546,43988,ESTAB,prague,224,22.41,1.315,21.039,1448,4,5792,5792,14415,14415,2040,NaN,16,22,15,5,NaN,NaN,1836368,1422976,16,53248,43520,NaN,NaN
2026-04-01 16:27:28.799,43988,ESTAB,prague,224,22.41,1.315,21.039,1448,4,5792,5792,14415,14415,2040,NaN,16,22,15,5,NaN,NaN,1836368,1422976,16,53248,43520,NaN,NaN
2026-04-01 16:27:29.049,43988,ESTAB,prague,224,22.41,1.315,21.039,1448,4,5792,5792,14415,14415,2040,NaN,16,22,15,5,NaN,NaN,1836368,1422976,16,53248,43520,NaN,NaN
2026-04-01 16:27:29.283,43988,ESTAB,prague,224,22.41,1.315,21.039,1448,4,5792,5792,14415,14415,2040,NaN,16,22,15,5,NaN,NaN,1836368,1422976,16,53248,43520,NaN,NaN
2026-04-01 16:27:29.547,43988,ESTAB,prague,224,22.41,1.315,21.039,1448,4,5792,5792,14415,14415,2040,NaN,16,22,15,5,NaN,NaN,1836368,1422976,16,53248,43520,NaN,NaN
2026-04-01 16:27:29.813,43988,ESTAB,prague,224,22.41,1.315,21.039,1448,4,5792,5792,14415,14415,2040,NaN,16,22,15,5,NaN,NaN,1836368,1422976,16,53248,43520,NaN,NaN
2026-04-01 16:27:30.066,43988,ESTAB,prague,224,21.916,1.202,20.244,1448,3,4344,4344,17298,17298,2448,NaN,19,26,18,6,NaN,NaN,1527112,1422976,19,53248,43520,NaN,NaN
2026-04-01 16:27:30.304,43988,ESTAB,prague,224,21.916,1.202,20.244,1448,3,4344,4344,17298,17298,2448,NaN,19,26,18,6,NaN,NaN,1527112,1422976,19,53248,43520,NaN,NaN
2026-04-01 16:27:30.575,43988,ESTAB,prague,224,21.916,1.202,20.244,1448,3,4344,4344,17298,17298,2448,NaN,19,26,18,6,NaN,NaN,1527112,1422976,19,53248,43520,NaN,NaN
2026-04-01 16:27:30.840,43988,ESTAB,prague,224,21.916,1.202,20.244,1448,3,4344,4344,17298,17298,2448,NaN,19,26,18,6,NaN,NaN,1527112,1422976,19,53248,43520,NaN,NaN
2026-04-01 16:27:31.089,43988,ESTAB,prague,224,21.916,1.202,20.244,1448,3,4344,4344,17298,17298,2448,NaN,19,26,18,6,NaN,NaN,1527112,1422976,19,53248,43520,NaN,NaN
2026-04-01 16:27:31.361,43988,ESTAB,prague,224,21.916,1.202,20.244,1448,3,4344,4344,17298,17298,2448,NaN,19,26,18,6,NaN,NaN,1527112,1422976,19,53248,43520,NaN,NaN
2026-04-01 16:27:31.622,43988,ESTAB,prague,224,21.916,1.202,20.244,1448,3,4344,4344,17298,17298,2448,NaN,19,26,18,6,NaN,NaN,1527112,1422976,19,53248,43520,NaN,NaN
2026-04-01 16:27:31.880,43988,ESTAB,prague,224,21.916,1.202,20.244,1448,3,4344,4344,17298,17298,2448,NaN,19,26,18,6,NaN,NaN,1527112,1422976,19,53248,43520,NaN,NaN
2026-04-01 16:27:32.144,43988,ESTAB,prague,224,21.916,1.202,20.244,1448,3,4344,4344,17298,17298,2448,NaN,19,26,18,6,NaN,NaN,1527112,1422976,19,53248,43520,NaN,NaN
2026-04-01 16:27:32.387,43988,ESTAB,prague,224,21.916,1.202,20.244,1448,3,4344,4344,17298,17298,2448,NaN,19,26,18,6,NaN,NaN,1527112,1422976,19,53248,43520,NaN,NaN
2026-04-01 16:27:32.653,43988,ESTAB,prague,224,21.916,1.202,20.244,1448,3,4344,4344,17298,17298,2448,NaN,19,26,18,6,NaN,NaN,1527112,1422976,19,53248,43520,NaN,NaN
2026-04-01 16:27:32.906,43988,ESTAB,prague,224,21.916,1.202,20.244,1448,3,4344,4344,17298,17298,2448,NaN,19,26,18,6,NaN,NaN,1527112,1422976,19,53248,43520,NaN,NaN
2026-04-01 16:27:33.159,43988,ESTAB,prague,224,21.916,1.202,20.244,1448,3,4344,4344,17298,17298,2448,NaN,19,26,18,6,NaN,NaN,1527112,1422976,19,53248,43520,NaN,NaN
2026-04-01 16:27:33.419,43988,ESTAB,prague,224,21.916,1.202,20.244,1448,3,4344,4344,17298,17298,2448,NaN,19,26,18,6,NaN,NaN,1527112,1422976,19,53248,43520,NaN,NaN
2026-04-01 16:27:33.676,43988,ESTAB,prague,224,21.916,1.202,20.244,1448,3,4344,4344,17298,17298,2448,NaN,19,26,18,6,NaN,NaN,1527112,1422976,19,53248,43520,NaN,NaN
2026-04-01 16:27:33.938,43988,ESTAB,prague,224,21.916,1.202,20.244,1448,3,4344,4344,17298,17298,2448,NaN,19,26,18,6,NaN,NaN,1527112,1422976,19,53248,43520,NaN,NaN
2026-04-01 16:27:34.189,43988,ESTAB,prague,224,21.916,1.202,20.244,1448,3,4344,4344,17298,17298,2448,NaN,19,26,18,6,NaN,NaN,1527112,1422976,19,53248,43520,NaN,NaN
2026-04-01 16:27:34.422,43988,ESTAB,prague,224,21.916,1.202,20.244,1448,3,4344,4344,17298,17298,2448,NaN,19,26,18,6,NaN,NaN,1527112,1422976,19,53248,43520,NaN,NaN
2026-04-01 16:27:34.683,43988,ESTAB,prague,224,21.916,1.202,20.244,1448,3,4344,4344,17298,17298,2448,NaN,19,26,18,6,NaN,NaN,1527112,1422976,19,53248,43520,NaN,NaN
2026-04-01 16:27:34.945,43988,ESTAB,prague,224,21.916,1.202,20.244,1448,3,4344,4344,17298,17298,2448,NaN,19,26,18,6,NaN,NaN,1527112,1422976,19,53248,43520,NaN,NaN
2026-04-01 16:27:35.207,43988,ESTAB,prague,224,21.916,1.202,20.244,1448,3,4344,4344,17298,17298,2448,NaN,19,26,18,6,NaN,NaN,1527112,1422976,19,53248,43520,NaN,NaN
2026-04-01 16:27:35.466,43988,ESTAB,prague,224,21.916,1.202,20.244,1448,3,4344,4344,17298,17298,2448,NaN,19,26,18,6,NaN,NaN,1527112,1422976,19,53248,43520,NaN,NaN
2026-04-01 16:27:35.719,43988,ESTAB,prague,224,21.916,1.202,20.244,1448,3,4344,4344,17298,17298,2448,NaN,19,26,18,6,NaN,NaN,1527112,1422976,19,53248,43520,NaN,NaN
2026-04-01 16:27:35.981,43988,ESTAB,prague,224,21.916,1.202,20.244,1448,3,4344,4344,17298,17298,2448,NaN,19,26,18,6,NaN,NaN,1527112,1422976,19,53248,43520,NaN,NaN
2026-04-01 16:27:36.243,43988,ESTAB,prague,224,21.916,1.202,20.244,1448,3,4344,4344,17298,17298,2448,NaN,19,26,18,6,NaN,NaN,1527112,1422976,19,53248,43520,NaN,NaN
2026-04-01 16:27:36.505,43988,ESTAB,prague,224,21.916,1.202,20.244,1448,3,4344,4344,17298,17298,2448,NaN,19,26,18,6,NaN,NaN,1527112,1422976,19,53248,43520,NaN,NaN
2026-04-01 16:27:36.775,43988,ESTAB,prague,224,21.916,1.202,20.244,1448,3,4344,4344,17298,17298,2448,NaN,19,26,18,6,NaN,NaN,1527112,1422976,19,53248,43520,NaN,NaN
2026-04-01 16:27:37.045,43988,ESTAB,prague,224,21.916,1.202,20.244,1448,3,4344,4344,17298,17298,2448,NaN,19,26,18,6,NaN,NaN,1527112,1422976,19,53248,43520,NaN,NaN
2026-04-01 16:27:37.302,43988,ESTAB,prague,224,21.916,1.202,20.244,1448,3,4344,4344,17298,17298,2448,NaN,19,26,18,6,NaN,NaN,1527112,1422976,19,53248,43520,NaN,NaN
2026-04-01 16:27:37.570,43988,ESTAB,prague,224,21.916,1.202,20.244,1448,3,4344,4344,17298,17298,2448,NaN,19,26,18,6,NaN,NaN,1527112,1422976,19,53248,43520,NaN,NaN
2026-04-01 16:27:37.859,43988,ESTAB,prague,224,21.916,1.202,20.244,1448,3,4344,4344,17298,17298,2448,NaN,19,26,18,6,NaN,NaN,1527112,1422976,19,53248,43520,NaN,NaN
2026-04-01 16:27:38.133,43988,ESTAB,prague,224,21.916,1.202,20.244,1448,3,4344,4344,17298,17298,2448,NaN,19,26,18,6,NaN,NaN,1527112,1422976,19,53248,43520,NaN,NaN
2026-04-01 16:27:38.401,43988,ESTAB,prague,224,21.916,1.202,20.244,1448,3,4344,4344,17298,17298,2448,NaN,19,26,18,6,NaN,NaN,1527112,1422976,19,53248,43520,NaN,NaN
2026-04-01 16:27:38.656,43988,ESTAB,prague,224,21.916,1.202,20.244,1448,3,4344,4344,17298,17298,2448,NaN,19,26,18,6,NaN,NaN,1527112,1422976,19,53248,43520,NaN,NaN
2026-04-01 16:27:38.923,43988,ESTAB,prague,224,21.916,1.202,20.244,1448,3,4344,4344,17298,17298,2448,NaN,19,26,18,6,NaN,NaN,1527112,1422976,19,53248,43520,NaN,NaN
2026-04-01 16:27:39.176,43988,ESTAB,prague,224,21.916,1.202,20.244,1448,3,4344,4344,17298,17298,2448,NaN,19,26,18,6,NaN,NaN,1527112,1422976,19,53248,43520,NaN,NaN
2026-04-01 16:27:39.439,43988,ESTAB,prague,224,21.916,1.202,20.244,1448,3,4344,4344,17298,17298,2448,NaN,19,26,18,6,NaN,NaN,1527112,1422976,19,53248,43520,NaN,NaN
2026-04-01 16:27:39.709,43988,ESTAB,prague,224,21.916,1.202,20.244,1448,3,4344,4344,17298,17298,2448,NaN,19,26,18,6,NaN,NaN,1527112,1422976,19,53248,43520,NaN,NaN
2026-04-01 16:27:39.982,43988,ESTAB,prague,224,21.916,1.202,20.244,1448,3,4344,4344,17298,17298,2448,NaN,19,26,18,6,NaN,NaN,1527112,1422976,19,53248,43520,NaN,NaN
2026-04-01 16:27:40.249,43988,ESTAB,prague,224,21.916,1.202,20.244,1448,3,4344,4344,17298,17298,2448,NaN,19,26,18,6,NaN,NaN,1527112,1422976,19,53248,43520,NaN,NaN
2026-04-01 16:27:40.516,43988,ESTAB,prague,224,21.916,1.202,20.244,1448,3,4344,4344,17298,17298,2448,NaN,19,26,18,6,NaN,NaN,1527112,1422976,19,53248,43520,NaN,NaN
2026-04-01 16:27:40.778,43988,ESTAB,prague,224,21.916,1.202,20.244,1448,3,4344,4344,17298,17298,2448,NaN,19,26,18,6,NaN,NaN,1527112,1422976,19,53248,43520,NaN,NaN
2026-04-01 16:27:41.049,43988,ESTAB,prague,224,21.916,1.202,20.244,1448,3,4344,4344,17298,17298,2448,NaN,19,26,18,6,NaN,NaN,1527112,1422976,19,53248,43520,NaN,NaN
2026-04-01 16:27:41.327,43988,ESTAB,prague,224,21.916,1.202,20.244,1448,3,4344,4344,17298,17298,2448,NaN,19,26,18,6,NaN,NaN,1527112,1422976,19,53248,43520,NaN,NaN
2026-04-01 16:27:41.601,43988,ESTAB,prague,224,21.916,1.202,20.244,1448,3,4344,4344,17298,17298,2448,NaN,19,26,18,6,NaN,NaN,1527112,1422976,19,53248,43520,NaN,NaN
2026-04-01 16:27:41.857,43988,ESTAB,prague,224,21.916,1.202,20.244,1448,3,4344,4344,17298,17298,2448,NaN,19,26,18,6,NaN,NaN,1527112,1422976,19,53248,43520,NaN,NaN
2026-04-01 16:27:42.120,43988,ESTAB,prague,224,21.916,1.202,20.244,1448,3,4344,4344,17298,17298,2448,NaN,19,26,18,6,NaN,NaN,1527112,1422976,19,53248,43520,NaN,NaN
2026-04-01 16:27:42.380,43988,ESTAB,prague,224,21.916,1.202,20.244,1448,3,4344,4344,17298,17298,2448,NaN,19,26,18,6,NaN,NaN,1527112,1422976,19,53248,43520,NaN,NaN
2026-04-01 16:27:42.644,43988,ESTAB,prague,224,21.916,1.202,20.244,1448,3,4344,4344,17298,17298,2448,NaN,19,26,18,6,NaN,NaN,1527112,1422976,19,53248,43520,NaN,NaN
2026-04-01 16:27:42.914,43988,ESTAB,prague,224,21.916,1.202,20.244,1448,3,4344,4344,17298,17298,2448,NaN,19,26,18,6,NaN,NaN,1527112,1422976,19,53248,43520,NaN,NaN
2026-04-01 16:27:43.194,43988,ESTAB,prague,224,21.916,1.202,20.244,1448,3,4344,4344,17298,17298,2448,NaN,19,26,18,6,NaN,NaN,1527112,1422976,19,53248,43520,NaN,NaN
2026-04-01 16:27:43.464,43988,ESTAB,prague,224,21.916,1.202,20.244,1448,3,4344,4344,17298,17298,2448,NaN,19,26,18,6,NaN,NaN,1527112,1422976,19,53248,43520,NaN,NaN
2026-04-01 16:27:43.716,43988,ESTAB,prague,224,21.916,1.202,20.244,1448,3,4344,4344,17298,17298,2448,NaN,19,26,18,6,NaN,NaN,1527112,1422976,19,53248,43520,NaN,NaN
2026-04-01 16:27:43.969,43988,ESTAB,prague,224,21.916,1.202,20.244,1448,3,4344,4344,17298,17298,2448,NaN,19,26,18,6,NaN,NaN,1527112,1422976,19,53248,43520,NaN,NaN
2026-04-01 16:27:44.228,43988,ESTAB,prague,224,21.916,1.202,20.244,1448,3,4344,4344,17298,17298,2448,NaN,19,26,18,6,NaN,NaN,1527112,1422976,19,53248,43520,NaN,NaN
2026-04-01 16:27:44.482,43988,ESTAB,prague,224,21.916,1.202,20.244,1448,3,4344,4344,17298,17298,2448,NaN,19,26,18,6,NaN,NaN,1527112,1422976,19,53248,43520,NaN,NaN
2026-04-01 16:27:44.749,43988,ESTAB,prague,224,21.916,1.202,20.244,1448,3,4344,4344,17298,17298,2448,NaN,19,26,18,6,NaN,NaN,1527112,1422976,19,53248,43520,NaN,NaN
2026-04-01 16:27:45.016,43988,ESTAB,prague,224,21.916,1.202,20.244,1448,3,4344,4344,17298,17298,2448,NaN,20,27,18,6,NaN,NaN,1527112,1422976,19,53248,43520,NaN,NaN
2026-04-01 16:27:45.276,43988,ESTAB,prague,224,21.916,1.202,20.244,1448,3,4344,4344,17298,17298,2448,NaN,20,27,18,6,NaN,NaN,1527112,1422976,19,53248,43520,NaN,NaN
2026-04-01 16:27:45.543,43988,ESTAB,prague,224,21.916,1.202,20.244,1448,3,4344,4344,17298,17298,2448,NaN,20,27,18,6,NaN,NaN,1527112,1422976,19,53248,43520,NaN,NaN
2026-04-01 16:27:45.817,43988,ESTAB,prague,224,21.916,1.202,20.244,1448,3,4344,4344,17298,17298,2448,NaN,20,27,18,6,NaN,NaN,1527112,1422976,19,53248,43520,NaN,NaN
2026-04-01 16:27:46.066,43988,ESTAB,prague,224,21.916,1.202,20.244,1448,3,4344,4344,17298,17298,2448,NaN,20,27,18,6,NaN,NaN,1527112,1422976,19,53248,43520,NaN,NaN
2026-04-01 16:27:46.341,43988,ESTAB,prague,224,21.916,1.202,20.244,1448,3,4344,4344,17298,17298,2448,NaN,20,27,18,6,NaN,NaN,1527112,1422976,19,53248,43520,NaN,NaN
2026-04-01 16:27:46.599,43988,ESTAB,prague,224,21.916,1.202,20.244,1448,3,4344,4344,17298,17298,2448,NaN,20,27,18,6,NaN,NaN,1527112,1422976,19,53248,43520,NaN,NaN
2026-04-01 16:27:46.862,43988,ESTAB,prague,224,21.916,1.202,20.244,1448,3,4344,4344,17298,17298,2448,NaN,20,27,18,6,NaN,NaN,1527112,1422976,19,53248,43520,NaN,NaN
2026-04-01 16:27:47.124,43988,ESTAB,prague,224,21.916,1.202,20.244,1448,3,4344,4344,17298,17298,2448,NaN,20,27,18,6,NaN,NaN,1527112,1422976,19,53248,43520,NaN,NaN
2026-04-01 16:27:47.395,43988,ESTAB,prague,224,21.916,1.202,20.244,1448,3,4344,4344,17298,17298,2448,NaN,20,27,18,6,NaN,NaN,1527112,1422976,19,53248,43520,NaN,NaN
2026-04-01 16:27:47.670,43988,ESTAB,prague,224,21.916,1.202,20.244,1448,3,4344,4344,17298,17298,2448,NaN,20,27,18,6,NaN,NaN,1527112,1422976,19,53248,43520,NaN,NaN
2026-04-01 16:27:47.941,43988,ESTAB,prague,224,21.916,1.202,20.244,1448,3,4344,4344,17298,17298,2448,NaN,20,27,18,6,NaN,NaN,1527112,1422976,19,53248,43520,NaN,NaN
2026-04-01 16:27:48.191,43988,ESTAB,prague,224,21.916,1.202,20.244,1448,3,4344,4344,17298,17298,2448,NaN,20,27,18,6,NaN,NaN,1527112,1422976,19,53248,43520,NaN,NaN
2026-04-01 16:27:48.457,43988,ESTAB,prague,224,21.916,1.202,20.244,1448,3,4344,4344,17298,17298,2448,NaN,20,27,18,6,NaN,NaN,1527112,1422976,19,53248,43520,NaN,NaN
2026-04-01 16:27:48.717,43988,ESTAB,prague,224,21.916,1.202,20.244,1448,3,4344,4344,17298,17298,2448,NaN,20,27,18,6,NaN,NaN,1527112,1422976,19,53248,43520,NaN,NaN
2026-04-01 16:27:48.983,43988,ESTAB,prague,224,21.916,1.202,20.244,1448,3,4344,4344,17298,17298,2448,NaN,20,27,18,6,NaN,NaN,1527112,1422976,19,53248,43520,NaN,NaN
2026-04-01 16:27:49.251,43988,ESTAB,prague,224,21.916,1.202,20.244,1448,3,4344,4344,17298,17298,2448,NaN,20,27,18,6,NaN,NaN,1527112,1422976,19,53248,43520,NaN,NaN
2026-04-01 16:27:49.518,43988,ESTAB,prague,224,21.916,1.202,20.244,1448,3,4344,4344,17298,17298,2448,NaN,20,27,18,6,NaN,NaN,1527112,1422976,19,53248,43520,NaN,NaN
2026-04-01 16:27:49.786,43988,ESTAB,prague,224,21.916,1.202,20.244,1448,3,4344,4344,17298,17298,2448,NaN,20,27,18,6,NaN,NaN,1527112,1422976,19,53248,43520,NaN,NaN
2026-04-01 16:27:50.033,43988,ESTAB,prague,224,21.916,1.202,20.244,1448,3,4344,4344,17298,17298,2448,NaN,20,27,18,6,NaN,NaN,1527112,1422976,19,53248,43520,NaN,NaN
2026-04-01 16:27:50.266,43988,ESTAB,prague,224,21.916,1.202,20.244,1448,3,4344,4344,20181,17298,2856,NaN,23,28,21,7,NaN,NaN,1527112,1422976,19,53248,43520,3,NaN
2026-04-01 16:27:50.525,43988,ESTAB,prague,224,21.527,1.027,20.244,1448,3,4344,4344,20181,20181,2856,NaN,23,31,21,7,NaN,NaN,1553976,1422976,22,53248,43520,NaN,NaN
2026-04-01 16:27:50.790,43988,ESTAB,prague,224,21.527,1.027,20.244,1448,3,4344,4344,20181,20181,2856,NaN,23,31,21,7,NaN,NaN,1553976,1422976,22,53248,43520,NaN,NaN
2026-04-01 16:27:51.054,43988,ESTAB,prague,224,21.527,1.027,20.244,1448,3,4344,4344,20181,20181,2856,NaN,23,31,21,7,NaN,NaN,1553976,1422976,22,53248,43520,NaN,NaN
2026-04-01 16:27:51.316,43988,ESTAB,prague,224,21.527,1.027,20.244,1448,3,4344,4344,20181,20181,2856,NaN,23,31,21,7,NaN,NaN,1553976,1422976,22,53248,43520,NaN,NaN
2026-04-01 16:27:51.566,43988,ESTAB,prague,224,21.527,1.027,20.244,1448,3,4344,4344,20181,20181,2856,NaN,23,31,21,7,NaN,NaN,1553976,1422976,22,53248,43520,NaN,NaN
2026-04-01 16:27:51.834,43988,ESTAB,prague,224,21.527,1.027,20.244,1448,3,4344,4344,20181,20181,2856,NaN,23,31,21,7,NaN,NaN,1553976,1422976,22,53248,43520,NaN,NaN
2026-04-01 16:27:52.110,43988,ESTAB,prague,224,21.527,1.027,20.244,1448,3,4344,4344,20181,20181,2856,NaN,23,31,21,7,NaN,NaN,1553976,1422976,22,53248,43520,NaN,NaN
2026-04-01 16:27:52.368,43988,ESTAB,prague,224,21.656,1.097,20.244,1448,3,4344,4344,23064,23064,3264,NaN,26,35,24,8,NaN,NaN,1319904,1422976,25,53248,43520,NaN,NaN
2026-04-01 16:27:52.627,43988,ESTAB,prague,224,21.656,1.097,20.244,1448,3,4344,4344,23064,23064,3264,NaN,26,35,24,8,NaN,NaN,1319904,1422976,25,53248,43520,NaN,NaN
2026-04-01 16:27:52.889,43988,ESTAB,prague,224,21.656,1.097,20.244,1448,3,4344,4344,23064,23064,3264,NaN,26,35,24,8,NaN,NaN,1319904,1422976,25,53248,43520,NaN,NaN
2026-04-01 16:27:53.151,43988,ESTAB,prague,224,21.656,1.097,20.244,1448,3,4344,4344,23064,23064,3264,NaN,26,35,24,8,NaN,NaN,1319904,1422976,25,53248,43520,NaN,NaN
2026-04-01 16:27:53.412,43988,ESTAB,prague,224,21.656,1.097,20.244,1448,3,4344,4344,23064,23064,3264,NaN,26,35,24,8,NaN,NaN,1319904,1422976,25,53248,43520,NaN,NaN
2026-04-01 16:27:53.668,43988,ESTAB,prague,224,21.656,1.097,20.244,1448,3,4344,4344,23064,23064,3264,NaN,26,35,24,8,NaN,NaN,1319904,1422976,25,53248,43520,NaN,NaN
2026-04-01 16:27:53.931,43988,ESTAB,prague,224,21.656,1.097,20.244,1448,3,4344,4344,23064,23064,3264,NaN,26,35,24,8,NaN,NaN,1319904,1422976,25,53248,43520,NaN,NaN
2026-04-01 16:27:54.177,43988,ESTAB,prague,224,21.656,1.097,20.244,1448,3,4344,4344,23064,23064,3264,NaN,26,35,24,8,NaN,NaN,1319904,1422976,25,53248,43520,NaN,NaN
2026-04-01 16:27:54.430,43988,ESTAB,prague,224,21.656,1.097,20.244,1448,3,4344,4344,23064,23064,3264,NaN,26,35,24,8,NaN,NaN,1319904,1422976,25,53248,43520,NaN,NaN
2026-04-01 16:27:54.684,43988,ESTAB,prague,224,21.656,1.097,20.244,1448,3,4344,4344,23064,23064,3264,NaN,26,35,24,8,NaN,NaN,1319904,1422976,25,53248,43520,NaN,NaN
2026-04-01 16:27:54.924,43988,ESTAB,prague,224,21.656,1.097,20.244,1448,3,4344,4344,23064,23064,3264,NaN,26,35,24,8,NaN,NaN,1319904,1422976,25,53248,43520,NaN,NaN
2026-04-01 16:27:55.191,43988,ESTAB,prague,224,21.656,1.097,20.244,1448,3,4344,4344,23064,23064,3264,NaN,26,35,24,8,NaN,NaN,1319904,1422976,25,53248,43520,NaN,NaN
2026-04-01 16:27:55.436,43988,ESTAB,prague,224,21.656,1.097,20.244,1448,3,4344,4344,23064,23064,3264,NaN,26,35,24,8,NaN,NaN,1319904,1422976,25,53248,43520,NaN,NaN
2026-04-01 16:27:55.706,43988,ESTAB,prague,224,21.656,1.097,20.244,1448,3,4344,4344,23064,23064,3264,NaN,26,35,24,8,NaN,NaN,1319904,1422976,25,53248,43520,NaN,NaN
2026-04-01 16:27:55.995,43988,ESTAB,prague,224,21.656,1.097,20.244,1448,3,4344,4344,23064,23064,3264,NaN,26,35,24,8,NaN,NaN,1319904,1422976,25,53248,43520,NaN,NaN
2026-04-01 16:27:56.247,43988,ESTAB,prague,224,21.656,1.097,20.244,1448,3,4344,4344,23064,23064,3264,NaN,26,35,24,8,NaN,NaN,1319904,1422976,25,53248,43520,NaN,NaN
2026-04-01 16:27:56.501,43988,ESTAB,prague,224,21.668,0.7,20.244,1448,3,4344,4344,25947,25947,3672,NaN,29,39,27,9,NaN,NaN,1143136,1422976,28,53248,43520,NaN,NaN
2026-04-01 16:27:56.757,43988,ESTAB,prague,224,21.668,0.7,20.244,1448,3,4344,4344,25947,25947,3672,NaN,29,39,27,9,NaN,NaN,1143136,1422976,28,53248,43520,NaN,NaN
2026-04-01 16:27:57.024,43988,ESTAB,prague,224,21.668,0.7,20.244,1448,3,4344,4344,25947,25947,3672,NaN,29,39,27,9,NaN,NaN,1143136,1422976,28,53248,43520,NaN,NaN
2026-04-01 16:27:57.278,43988,ESTAB,prague,224,21.668,0.7,20.244,1448,3,4344,4344,25947,25947,3672,NaN,29,39,27,9,NaN,NaN,1143136,1422976,28,53248,43520,NaN,NaN
2026-04-01 16:27:57.534,43988,ESTAB,prague,224,21.668,0.7,20.244,1448,3,4344,4344,25947,25947,3672,NaN,29,39,27,9,NaN,NaN,1143136,1422976,28,53248,43520,NaN,NaN
2026-04-01 16:27:57.796,43988,ESTAB,prague,224,21.668,0.7,20.244,1448,3,4344,4344,25947,25947,3672,NaN,29,39,27,9,NaN,NaN,1143136,1422976,28,53248,43520,NaN,NaN
2026-04-01 16:27:58.046,43988,ESTAB,prague,224,21.668,0.7,20.244,1448,3,4344,4344,25947,25947,3672,NaN,29,39,27,9,NaN,NaN,1143136,1422976,28,53248,43520,NaN,NaN
2026-04-01 16:27:58.312,43988,ESTAB,prague,224,21.668,0.7,20.244,1448,3,4344,4344,25947,25947,3672,NaN,29,39,27,9,NaN,NaN,1143136,1422976,28,53248,43520,NaN,NaN
2026-04-01 16:27:58.592,43988,ESTAB,prague,224,21.874,1.09,20.244,1448,2,2896,2896,28830,28830,4080,NaN,32,43,30,10,NaN,NaN,971840,1422976,31,53248,43520,NaN,NaN
2026-04-01 16:27:58.874,43988,ESTAB,prague,224,21.874,1.09,20.244,1448,2,2896,2896,28830,28830,4080,NaN,32,43,30,10,NaN,NaN,971840,1422976,31,53248,43520,NaN,NaN
2026-04-01 16:27:59.138,43988,ESTAB,prague,224,21.874,1.09,20.244,1448,2,2896,2896,28830,28830,4080,NaN,32,43,30,10,NaN,NaN,971840,1422976,31,53248,43520,NaN,NaN
2026-04-01 16:27:59.403,43988,ESTAB,prague,224,21.874,1.09,20.244,1448,2,2896,2896,28830,28830,4080,NaN,32,43,30,10,NaN,NaN,971840,1422976,31,53248,43520,NaN,NaN
2026-04-01 16:27:59.674,43988,ESTAB,prague,224,21.874,1.09,20.244,1448,2,2896,2896,28830,28830,4080,NaN,32,43,30,10,NaN,NaN,971840,1422976,31,53248,43520,NaN,NaN
2026-04-01 16:27:59.927,43988,ESTAB,prague,224,21.874,1.09,20.244,1448,2,2896,2896,28830,28830,4080,NaN,32,43,30,10,NaN,NaN,971840,1422976,31,53248,43520,NaN,NaN
2026-04-01 16:28:00.190,43988,ESTAB,prague,224,21.874,1.09,20.244,1448,2,2896,2896,28830,28830,4080,NaN,32,43,30,10,NaN,NaN,971840,1422976,31,53248,43520,NaN,NaN
2026-04-01 16:28:00.459,43988,ESTAB,prague,224,21.874,1.09,20.244,1448,2,2896,2896,28830,28830,4080,NaN,32,43,30,10,NaN,NaN,971840,1422976,31,53248,43520,NaN,NaN
2026-04-01 16:28:00.723,43988,ESTAB,prague,224,21.874,1.09,20.244,1448,2,2896,2896,28830,28830,4080,NaN,32,43,30,10,NaN,NaN,971840,1422976,31,53248,43520,NaN,NaN
2026-04-01 16:28:00.989,43988,ESTAB,prague,224,21.874,1.09,20.244,1448,2,2896,2896,28830,28830,4080,NaN,32,43,30,10,NaN,NaN,971840,1422976,31,53248,43520,NaN,NaN
2026-04-01 16:28:01.263,43988,ESTAB,prague,224,21.874,1.09,20.244,1448,2,2896,2896,28830,28830,4080,NaN,32,43,30,10,NaN,NaN,971840,1422976,31,53248,43520,NaN,NaN
2026-04-01 16:28:01.539,43988,ESTAB,prague,224,21.874,1.09,20.244,1448,2,2896,2896,28830,28830,4080,NaN,32,43,30,10,NaN,NaN,971840,1422976,31,53248,43520,NaN,NaN
2026-04-01 16:28:01.813,43988,ESTAB,prague,224,21.874,1.09,20.244,1448,2,2896,2896,28830,28830,4080,NaN,32,43,30,10,NaN,NaN,971840,1422976,31,53248,43520,NaN,NaN
2026-04-01 16:28:02.074,43988,ESTAB,prague,224,21.874,1.09,20.244,1448,2,2896,2896,28830,28830,4080,NaN,32,43,30,10,NaN,NaN,971840,1422976,31,53248,43520,NaN,NaN
2026-04-01 16:28:02.342,43988,ESTAB,prague,224,21.874,1.09,20.244,1448,2,2896,2896,28830,28830,4080,NaN,32,43,30,10,NaN,NaN,971840,1422976,31,53248,43520,NaN,NaN
2026-04-01 16:28:02.613,43988,ESTAB,prague,224,21.701,1.016,20.244,1448,3,4344,2896,31713,31713,4488,NaN,35,47,33,11,NaN,NaN,1072992,1028728,34,53248,43520,NaN,NaN
2026-04-01 16:28:02.872,43988,ESTAB,prague,224,21.701,1.016,20.244,1448,3,4344,2896,31713,31713,4488,NaN,35,47,33,11,NaN,NaN,1072992,1028728,34,53248,43520,NaN,NaN
2026-04-01 16:28:03.137,43988,ESTAB,prague,224,21.701,1.016,20.244,1448,3,4344,2896,31713,31713,4488,NaN,35,47,33,11,NaN,NaN,1072992,1028728,34,53248,43520,NaN,NaN
2026-04-01 16:28:03.397,43988,ESTAB,prague,224,21.701,1.016,20.244,1448,3,4344,2896,31713,31713,4488,NaN,35,47,33,11,NaN,NaN,1072992,1028728,34,53248,43520,NaN,NaN
2026-04-01 16:28:03.659,43988,ESTAB,prague,224,21.701,1.016,20.244,1448,3,4344,2896,31713,31713,4488,NaN,35,47,33,11,NaN,NaN,1072992,1028728,34,53248,43520,NaN,NaN
2026-04-01 16:28:03.920,43988,ESTAB,prague,224,21.701,1.016,20.244,1448,3,4344,2896,31713,31713,4488,NaN,35,47,33,11,NaN,NaN,1072992,1028728,34,53248,43520,NaN,NaN
2026-04-01 16:28:04.183,43988,ESTAB,prague,224,21.701,1.016,20.244,1448,3,4344,2896,31713,31713,4488,NaN,35,47,33,11,NaN,NaN,1072992,1028728,34,53248,43520,NaN,NaN
2026-04-01 16:28:04.443,43988,ESTAB,prague,224,21.701,1.016,20.244,1448,3,4344,2896,31713,31713,4488,NaN,35,47,33,11,NaN,NaN,1072992,1028728,34,53248,43520,NaN,NaN
2026-04-01 16:28:04.710,43988,ESTAB,prague,224,21.701,1.016,20.244,1448,3,4344,2896,31713,31713,4488,NaN,35,47,33,11,NaN,NaN,1072992,1028728,34,53248,43520,NaN,NaN
2026-04-01 16:28:04.961,43988,ESTAB,prague,224,21.701,1.016,20.244,1448,3,4344,2896,31713,31713,4488,NaN,35,47,33,11,NaN,NaN,1072992,1028728,34,53248,43520,NaN,NaN
2026-04-01 16:28:05.224,43988,ESTAB,prague,224,21.701,1.016,20.244,1448,3,4344,2896,31713,31713,4488,NaN,35,47,33,11,NaN,NaN,1072992,1028728,34,53248,43520,NaN,NaN
2026-04-01 16:28:05.486,43988,ESTAB,prague,224,21.701,1.016,20.244,1448,3,4344,2896,31713,31713,4488,NaN,35,47,33,11,NaN,NaN,1072992,1028728,34,53248,43520,NaN,NaN
2026-04-01 16:28:05.750,43988,ESTAB,prague,224,21.701,1.016,20.244,1448,3,4344,2896,31713,31713,4488,NaN,35,47,33,11,NaN,NaN,1072992,1028728,34,53248,43520,NaN,NaN
2026-04-01 16:28:06.018,43988,ESTAB,prague,224,21.701,1.016,20.244,1448,3,4344,2896,31713,31713,4488,NaN,35,47,33,11,NaN,NaN,1072992,1028728,34,53248,43520,NaN,NaN
2026-04-01 16:28:06.273,43988,ESTAB,prague,224,21.701,1.016,20.244,1448,3,4344,2896,31713,31713,4488,NaN,35,47,33,11,NaN,NaN,1072992,1028728,34,53248,43520,NaN,NaN
2026-04-01 16:28:06.540,43988,ESTAB,prague,224,21.701,1.016,20.244,1448,3,4344,2896,31713,31713,4488,NaN,35,47,33,11,NaN,NaN,1072992,1028728,34,53248,43520,NaN,NaN
2026-04-01 16:28:06.804,43988,ESTAB,prague,224,21.701,1.016,20.244,1448,3,4344,2896,31713,31713,4488,NaN,35,47,33,11,NaN,NaN,1072992,1028728,34,53248,43520,NaN,NaN
2026-04-01 16:28:07.066,43988,ESTAB,prague,224,21.701,1.016,20.244,1448,3,4344,2896,31713,31713,4488,NaN,35,47,33,11,NaN,NaN,1072992,1028728,34,53248,43520,NaN,NaN
2026-04-01 16:28:07.337,43988,ESTAB,prague,224,21.701,1.016,20.244,1448,3,4344,2896,31713,31713,4488,NaN,35,47,33,11,NaN,NaN,1072992,1028728,34,53248,43520,NaN,NaN
2026-04-01 16:28:07.607,43988,ESTAB,prague,224,21.701,1.016,20.244,1448,3,4344,2896,31713,31713,4488,NaN,35,47,33,11,NaN,NaN,1072992,1028728,34,53248,43520,NaN,NaN
2026-04-01 16:28:07.869,43988,ESTAB,prague,224,21.701,1.016,20.244,1448,3,4344,2896,31713,31713,4488,NaN,35,47,33,11,NaN,NaN,1072992,1028728,34,53248,43520,NaN,NaN
2026-04-01 16:28:08.140,43988,ESTAB,prague,224,21.701,1.016,20.244,1448,3,4344,2896,31713,31713,4488,NaN,35,47,33,11,NaN,NaN,1072992,1028728,34,53248,43520,NaN,NaN
2026-04-01 16:28:08.385,43988,ESTAB,prague,224,21.701,1.016,20.244,1448,3,4344,2896,31713,31713,4488,NaN,35,47,33,11,NaN,NaN,1072992,1028728,34,53248,43520,NaN,NaN
2026-04-01 16:28:08.647,43988,ESTAB,prague,224,21.701,1.016,20.244,1448,3,4344,2896,31713,31713,4488,NaN,35,47,33,11,NaN,NaN,1072992,1028728,34,53248,43520,NaN,NaN
2026-04-01 16:28:08.895,43988,ESTAB,prague,224,21.701,1.016,20.244,1448,3,4344,2896,31713,31713,4488,NaN,35,47,33,11,NaN,NaN,1072992,1028728,34,53248,43520,NaN,NaN
2026-04-01 16:28:09.153,43988,ESTAB,prague,224,21.701,1.016,20.244,1448,3,4344,2896,31713,31713,4488,NaN,35,47,33,11,NaN,NaN,1072992,1028728,34,53248,43520,NaN,NaN
2026-04-01 16:28:09.401,43988,ESTAB,prague,224,21.701,1.016,20.244,1448,3,4344,2896,31713,31713,4488,NaN,35,47,33,11,NaN,NaN,1072992,1028728,34,53248,43520,NaN,NaN
2026-04-01 16:28:09.674,43988,ESTAB,prague,224,21.701,1.016,20.244,1448,3,4344,2896,31713,31713,4488,NaN,35,47,33,11,NaN,NaN,1072992,1028728,34,53248,43520,NaN,NaN
2026-04-01 16:28:09.936,43988,ESTAB,prague,224,21.701,1.016,20.244,1448,3,4344,2896,31713,31713,4488,NaN,35,47,33,11,NaN,NaN,1072992,1028728,34,53248,43520,NaN,NaN
2026-04-01 16:28:10.194,43988,ESTAB,prague,224,21.701,1.016,20.244,1448,3,4344,2896,31713,31713,4488,NaN,35,47,33,11,NaN,NaN,1072992,1028728,34,53248,43520,NaN,NaN
2026-04-01 16:28:10.442,43988,ESTAB,prague,224,21.701,1.016,20.244,1448,3,4344,2896,31713,31713,4488,NaN,35,47,33,11,NaN,NaN,1072992,1028728,34,53248,43520,NaN,NaN
2026-04-01 16:28:10.717,43988,ESTAB,prague,224,21.684,0.951,20.244,1233,3,3699,2466,34596,34596,4896,NaN,38,51,36,12,NaN,NaN,1079192,875976,37,53248,43520,NaN,NaN
2026-04-01 16:28:10.974,43988,ESTAB,prague,224,21.684,0.951,20.244,1233,3,3699,2466,34596,34596,4896,NaN,38,51,36,12,NaN,NaN,1079192,875976,37,53248,43520,NaN,NaN
2026-04-01 16:28:11.231,43988,ESTAB,prague,224,21.684,0.951,20.244,1233,3,3699,2466,34596,34596,4896,NaN,38,51,36,12,NaN,NaN,1079192,875976,37,53248,43520,NaN,NaN
2026-04-01 16:28:11.491,43988,ESTAB,prague,224,21.684,0.951,20.244,1233,3,3699,2466,34596,34596,4896,NaN,38,51,36,12,NaN,NaN,1079192,875976,37,53248,43520,NaN,NaN
2026-04-01 16:28:11.754,43988,ESTAB,prague,224,21.684,0.951,20.244,1233,3,3699,2466,34596,34596,4896,NaN,38,51,36,12,NaN,NaN,1079192,875976,37,53248,43520,NaN,NaN
2026-04-01 16:28:12.022,43988,ESTAB,prague,224,21.684,0.951,20.244,1233,3,3699,2466,34596,34596,4896,NaN,38,51,36,12,NaN,NaN,1079192,875976,37,53248,43520,NaN,NaN
2026-04-01 16:28:12.275,43988,ESTAB,prague,224,21.684,0.951,20.244,1233,3,3699,2466,34596,34596,4896,NaN,38,51,36,12,NaN,NaN,1079192,875976,37,53248,43520,NaN,NaN
2026-04-01 16:28:12.551,43988,ESTAB,prague,224,21.684,0.951,20.244,1233,3,3699,2466,34596,34596,4896,NaN,38,51,36,12,NaN,NaN,1079192,875976,37,53248,43520,NaN,NaN
2026-04-01 16:28:12.815,43988,ESTAB,prague,224,21.592,0.617,20.244,1229,3,3687,2458,37479,37479,5304,NaN,41,55,39,13,NaN,NaN,1076472,873136,40,53760,43520,NaN,NaN
2026-04-01 16:28:13.083,43988,ESTAB,prague,224,21.592,0.617,20.244,1229,3,3687,2458,37479,37479,5304,NaN,41,55,39,13,NaN,NaN,1076472,873136,40,53760,43520,NaN,NaN
2026-04-01 16:28:13.349,43988,ESTAB,prague,224,21.592,0.617,20.244,1229,3,3687,2458,37479,37479,5304,NaN,41,55,39,13,NaN,NaN,1076472,873136,40,53760,43520,NaN,NaN
2026-04-01 16:28:13.610,43988,ESTAB,prague,224,21.592,0.617,20.244,1229,3,3687,2458,37479,37479,5304,NaN,41,55,39,13,NaN,NaN,1076472,873136,40,53760,43520,NaN,NaN
2026-04-01 16:28:13.873,43988,ESTAB,prague,224,21.592,0.617,20.244,1229,3,3687,2458,37479,37479,5304,NaN,41,55,39,13,NaN,NaN,1076472,873136,40,53760,43520,NaN,NaN
2026-04-01 16:28:14.143,43988,ESTAB,prague,224,21.592,0.617,20.244,1229,3,3687,2458,37479,37479,5304,NaN,41,55,39,13,NaN,NaN,1076472,873136,40,53760,43520,NaN,NaN
2026-04-01 16:28:14.408,43988,ESTAB,prague,224,21.592,0.617,20.244,1229,3,3687,2458,37479,37479,5304,NaN,41,55,39,13,NaN,NaN,1076472,873136,40,53760,43520,NaN,NaN
2026-04-01 16:28:14.666,43988,ESTAB,prague,224,21.592,0.617,20.244,1229,3,3687,2458,37479,37479,5304,NaN,41,55,39,13,NaN,NaN,1076472,873136,40,53760,43520,NaN,NaN
2026-04-01 16:28:14.933,43988,ESTAB,prague,224,21.592,0.617,20.244,1229,3,3687,2458,37479,37479,5304,NaN,41,55,39,13,NaN,NaN,1076472,873136,40,53760,43520,NaN,NaN
2026-04-01 16:28:15.180,43988,ESTAB,prague,224,21.592,0.617,20.244,1229,3,3687,2458,37479,37479,5304,NaN,41,55,39,13,NaN,NaN,1076472,873136,40,53760,43520,NaN,NaN
2026-04-01 16:28:15.418,43988,ESTAB,prague,224,21.592,0.617,20.244,1229,3,3687,2458,37479,37479,5304,NaN,41,55,39,13,NaN,NaN,1076472,873136,40,53760,43520,NaN,NaN
2026-04-01 16:28:15.663,43988,ESTAB,prague,224,21.592,0.617,20.244,1229,3,3687,2458,37479,37479,5304,NaN,41,55,39,13,NaN,NaN,1076472,873136,40,53760,43520,NaN,NaN
2026-04-01 16:28:15.928,43988,ESTAB,prague,224,21.592,0.617,20.244,1229,3,3687,2458,37479,37479,5304,NaN,41,55,39,13,NaN,NaN,1076472,873136,40,53760,43520,NaN,NaN
2026-04-01 16:28:16.169,43988,ESTAB,prague,224,21.592,0.617,20.244,1229,3,3687,2458,37479,37479,5304,NaN,41,55,39,13,NaN,NaN,1076472,873136,40,53760,43520,NaN,NaN
2026-04-01 16:28:16.406,43988,ESTAB,prague,224,21.592,0.617,20.244,1229,3,3687,2458,37479,37479,5304,NaN,41,55,39,13,NaN,NaN,1076472,873136,40,53760,43520,NaN,NaN
2026-04-01 16:28:16.663,43988,ESTAB,prague,224,21.592,0.617,20.244,1229,3,3687,2458,37479,37479,5304,NaN,41,55,39,13,NaN,NaN,1076472,873136,40,53760,43520,NaN,NaN
2026-04-01 16:28:16.933,43988,ESTAB,prague,224,21.587,0.879,20.244,1215,3,3645,2430,40362,40362,5712,NaN,44,59,42,14,NaN,NaN,1067320,863192,43,53760,43520,NaN,NaN
2026-04-01 16:28:17.193,43988,ESTAB,prague,224,21.587,0.879,20.244,1215,3,3645,2430,40362,40362,5712,NaN,44,59,42,14,NaN,NaN,1067320,863192,43,53760,43520,NaN,NaN
2026-04-01 16:28:17.434,43988,ESTAB,prague,224,21.587,0.879,20.244,1215,3,3645,2430,40362,40362,5712,NaN,44,59,42,14,NaN,NaN,1067320,863192,43,53760,43520,NaN,NaN
2026-04-01 16:28:17.688,43988,ESTAB,prague,224,21.587,0.879,20.244,1215,3,3645,2430,40362,40362,5712,NaN,44,59,42,14,NaN,NaN,1067320,863192,43,53760,43520,NaN,NaN
2026-04-01 16:28:17.958,43988,ESTAB,prague,224,21.587,0.879,20.244,1215,3,3645,2430,40362,40362,5712,NaN,44,59,42,14,NaN,NaN,1067320,863192,43,53760,43520,NaN,NaN
2026-04-01 16:28:18.197,43988,ESTAB,prague,224,21.587,0.879,20.244,1215,3,3645,2430,40362,40362,5712,NaN,44,59,42,14,NaN,NaN,1067320,863192,43,53760,43520,NaN,NaN
2026-04-01 16:28:18.462,43988,ESTAB,prague,224,21.587,0.879,20.244,1215,3,3645,2430,40362,40362,5712,NaN,44,59,42,14,NaN,NaN,1067320,863192,43,53760,43520,NaN,NaN
2026-04-01 16:28:18.713,43988,ESTAB,prague,224,21.587,0.879,20.244,1215,3,3645,2430,40362,40362,5712,NaN,44,59,42,14,NaN,NaN,1067320,863192,43,53760,43520,NaN,NaN
2026-04-01 16:28:18.972,43988,ESTAB,prague,224,21.431,0.819,20.244,1194,3,3582,2388,43245,43245,6120,NaN,47,63,45,15,NaN,NaN,1294744,848272,46,53760,43520,NaN,NaN
2026-04-01 16:28:19.229,43988,ESTAB,prague,224,21.431,0.819,20.244,1194,3,3582,2388,43245,43245,6120,NaN,47,63,45,15,NaN,NaN,1294744,848272,46,53760,43520,NaN,NaN
2026-04-01 16:28:19.493,43988,ESTAB,prague,224,21.431,0.819,20.244,1194,3,3582,2388,43245,43245,6120,NaN,47,63,45,15,NaN,NaN,1294744,848272,46,53760,43520,NaN,NaN
2026-04-01 16:28:19.763,43988,ESTAB,prague,224,21.431,0.819,20.244,1194,3,3582,2388,43245,43245,6120,NaN,47,63,45,15,NaN,NaN,1294744,848272,46,53760,43520,NaN,NaN
2026-04-01 16:28:20.020,43988,ESTAB,prague,224,21.431,0.819,20.244,1194,3,3582,2388,43245,43245,6120,NaN,47,63,45,15,NaN,NaN,1294744,848272,46,53760,43520,NaN,NaN
2026-04-01 16:28:20.269,43988,ESTAB,prague,224,21.431,0.819,20.244,1194,3,3582,2388,43245,43245,6120,NaN,47,63,45,15,NaN,NaN,1294744,848272,46,53760,43520,NaN,NaN
2026-04-01 16:28:20.522,43988,ESTAB,prague,224,21.431,0.819,20.244,1194,3,3582,2388,43245,43245,6120,NaN,47,63,45,15,NaN,NaN,1294744,848272,46,53760,43520,NaN,NaN
2026-04-01 16:28:20.786,43988,ESTAB,prague,224,21.431,0.819,20.244,1194,3,3582,2388,43245,43245,6120,NaN,47,63,45,15,NaN,NaN,1294744,848272,46,53760,43520,NaN,NaN
2026-04-01 16:28:21.049,43988,ESTAB,prague,224,21.498,0.877,20.244,1357,3,4071,2714,46128,46128,6528,NaN,50,67,48,16,NaN,NaN,1234608,1033800,49,53760,43520,NaN,NaN
2026-04-01 16:28:21.321,43988,ESTAB,prague,224,21.498,0.877,20.244,1357,3,4071,2714,46128,46128,6528,NaN,50,67,48,16,NaN,NaN,1234608,1033800,49,53760,43520,NaN,NaN
2026-04-01 16:28:21.597,43988,ESTAB,prague,224,21.498,0.877,20.244,1357,3,4071,2714,46128,46128,6528,NaN,50,67,48,16,NaN,NaN,1234608,1033800,49,53760,43520,NaN,NaN
2026-04-01 16:28:21.859,43988,ESTAB,prague,224,21.498,0.877,20.244,1357,3,4071,2714,46128,46128,6528,NaN,50,67,48,16,NaN,NaN,1234608,1033800,49,53760,43520,NaN,NaN
2026-04-01 16:28:22.129,43988,ESTAB,prague,224,21.498,0.877,20.244,1357,3,4071,2714,46128,46128,6528,NaN,50,67,48,16,NaN,NaN,1234608,1033800,49,53760,43520,NaN,NaN
2026-04-01 16:28:22.389,43988,ESTAB,prague,224,21.498,0.877,20.244,1357,3,4071,2714,46128,46128,6528,NaN,50,67,48,16,NaN,NaN,1234608,1033800,49,53760,43520,NaN,NaN
2026-04-01 16:28:22.651,43988,ESTAB,prague,224,21.498,0.877,20.244,1357,3,4071,2714,46128,46128,6528,NaN,50,67,48,16,NaN,NaN,1234608,1033800,49,53760,43520,NaN,NaN
2026-04-01 16:28:22.913,43988,ESTAB,prague,224,21.498,0.877,20.244,1357,3,4071,2714,48818,46128,6936,NaN,52,68,50,17,NaN,NaN,1234608,1033800,49,53760,43520,2,193
2026-04-01 16:28:23.160,43988,ESTAB,prague,224,21.578,1.102,20.178,1300,3,3900,2600,49011,49011,6936,NaN,53,71,51,17,NaN,NaN,1041800,990376,52,51712,43520,NaN,NaN
2026-04-01 16:28:23.407,43988,ESTAB,prague,224,21.578,1.102,20.178,1300,3,3900,2600,49011,49011,6936,NaN,53,71,51,17,NaN,NaN,1041800,990376,52,51712,43520,NaN,NaN
2026-04-01 16:28:23.659,43988,ESTAB,prague,224,21.578,1.102,20.178,1300,3,3900,2600,49011,49011,6936,NaN,53,71,51,17,NaN,NaN,1041800,990376,52,51712,43520,NaN,NaN
2026-04-01 16:28:23.905,43988,ESTAB,prague,224,21.578,1.102,20.178,1300,3,3900,2600,49011,49011,6936,NaN,53,71,51,17,NaN,NaN,1041800,990376,52,51712,43520,NaN,NaN
2026-04-01 16:28:24.168,43988,ESTAB,prague,224,21.578,1.102,20.178,1300,3,3900,2600,49011,49011,6936,NaN,53,71,51,17,NaN,NaN,1041800,990376,52,51712,43520,NaN,NaN
2026-04-01 16:28:24.431,43988,ESTAB,prague,224,21.578,1.102,20.178,1300,3,3900,2600,49011,49011,6936,NaN,53,71,51,17,NaN,NaN,1041800,990376,52,51712,43520,NaN,NaN
2026-04-01 16:28:24.699,43988,ESTAB,prague,224,21.578,1.102,20.178,1300,3,3900,2600,49011,49011,6936,NaN,53,71,51,17,NaN,NaN,1041800,990376,52,51712,43520,NaN,NaN
2026-04-01 16:28:24.969,43988,ESTAB,prague,224,21.578,1.102,20.178,1300,3,3900,2600,49011,49011,6936,NaN,53,71,51,17,NaN,NaN,1041800,990376,52,51712,43520,NaN,NaN
2026-04-01 16:28:25.242,43988,ESTAB,prague,224,21.578,1.102,20.178,1300,3,3900,2600,49011,49011,6936,NaN,53,71,51,17,NaN,NaN,1041800,990376,52,51712,43520,NaN,NaN
2026-04-01 16:28:25.512,43988,ESTAB,prague,224,21.578,1.102,20.178,1300,3,3900,2600,49011,49011,6936,NaN,53,71,51,17,NaN,NaN,1041800,990376,52,51712,43520,NaN,NaN
2026-04-01 16:28:25.767,43988,ESTAB,prague,224,21.578,1.102,20.178,1300,3,3900,2600,49011,49011,6936,NaN,53,71,51,17,NaN,NaN,1041800,990376,52,51712,43520,NaN,NaN
2026-04-01 16:28:26.030,43988,ESTAB,prague,224,21.578,1.102,20.178,1300,3,3900,2600,49011,49011,6936,NaN,53,71,51,17,NaN,NaN,1041800,990376,52,51712,43520,NaN,NaN
2026-04-01 16:28:26.302,43988,ESTAB,prague,224,21.578,1.102,20.178,1300,3,3900,2600,49011,49011,6936,NaN,53,71,51,17,NaN,NaN,1041800,990376,52,51712,43520,NaN,NaN
2026-04-01 16:28:26.578,43988,ESTAB,prague,224,21.578,1.102,20.178,1300,3,3900,2600,49011,49011,6936,NaN,53,71,51,17,NaN,NaN,1041800,990376,52,51712,43520,NaN,NaN
2026-04-01 16:28:26.845,43988,ESTAB,prague,224,21.578,1.102,20.178,1300,3,3900,2600,49011,49011,6936,NaN,53,71,51,17,NaN,NaN,1041800,990376,52,51712,43520,NaN,NaN
2026-04-01 16:28:27.094,43988,ESTAB,prague,224,21.578,1.102,20.178,1300,3,3900,2600,49011,49011,6936,NaN,53,71,51,17,NaN,NaN,1041800,990376,52,51712,43520,NaN,NaN
2026-04-01 16:28:27.369,43988,ESTAB,prague,224,21.578,1.102,20.178,1300,3,3900,2600,49011,49011,6936,NaN,53,71,51,17,NaN,NaN,1041800,990376,52,51712,43520,NaN,NaN
2026-04-01 16:28:27.641,43988,ESTAB,prague,224,21.578,1.102,20.178,1300,3,3900,2600,49011,49011,6936,NaN,53,71,51,17,NaN,NaN,1041800,990376,52,51712,43520,NaN,NaN
2026-04-01 16:28:27.901,43988,ESTAB,prague,224,21.578,1.102,20.178,1300,3,3900,2600,49011,49011,6936,NaN,53,71,51,17,NaN,NaN,1041800,990376,52,51712,43520,NaN,NaN
2026-04-01 16:28:28.153,43988,ESTAB,prague,224,21.578,1.102,20.178,1300,3,3900,2600,49011,49011,6936,NaN,53,71,51,17,NaN,NaN,1041800,990376,52,51712,43520,NaN,NaN
2026-04-01 16:28:28.416,43988,ESTAB,prague,224,21.578,1.102,20.178,1300,3,3900,2600,49011,49011,6936,NaN,53,71,51,17,NaN,NaN,1041800,990376,52,51712,43520,NaN,NaN
2026-04-01 16:28:28.668,43988,ESTAB,prague,224,21.578,1.102,20.178,1300,3,3900,2600,49011,49011,6936,NaN,53,71,51,17,NaN,NaN,1041800,990376,52,51712,43520,NaN,NaN
2026-04-01 16:28:28.927,43988,ESTAB,prague,224,21.578,1.102,20.178,1300,3,3900,2600,49011,49011,6936,NaN,53,71,51,17,NaN,NaN,1041800,990376,52,51712,43520,NaN,NaN
2026-04-01 16:28:29.170,43988,ESTAB,prague,224,21.249,0.936,20.178,1448,3,4344,2896,51894,51894,7344,NaN,56,75,54,18,NaN,NaN,1529376,1103128,55,51712,43520,NaN,NaN
2026-04-01 16:28:29.428,43988,ESTAB,prague,224,21.249,0.936,20.178,1448,3,4344,2896,51894,51894,7344,NaN,56,75,54,18,NaN,NaN,1529376,1103128,55,51712,43520,NaN,NaN
2026-04-01 16:28:29.697,43988,ESTAB,prague,224,21.249,0.936,20.178,1448,3,4344,2896,51894,51894,7344,NaN,56,75,54,18,NaN,NaN,1529376,1103128,55,51712,43520,NaN,NaN
2026-04-01 16:28:29.965,43988,ESTAB,prague,224,21.249,0.936,20.178,1448,3,4344,2896,51894,51894,7344,NaN,56,75,54,18,NaN,NaN,1529376,1103128,55,51712,43520,NaN,NaN
2026-04-01 16:28:30.229,43988,ESTAB,prague,224,21.249,0.936,20.178,1448,3,4344,2896,51894,51894,7344,NaN,56,75,54,18,NaN,NaN,1529376,1103128,55,51712,43520,NaN,NaN
2026-04-01 16:28:30.495,43988,ESTAB,prague,224,21.249,0.936,20.178,1448,3,4344,2896,51894,51894,7344,NaN,56,75,54,18,NaN,NaN,1529376,1103128,55,51712,43520,NaN,NaN
2026-04-01 16:28:30.762,43988,ESTAB,prague,224,21.249,0.936,20.178,1448,3,4344,2896,51894,51894,7344,NaN,56,75,54,18,NaN,NaN,1529376,1103128,55,51712,43520,NaN,NaN
2026-04-01 16:28:31.026,43988,ESTAB,prague,224,21.249,0.936,20.178,1448,3,4344,2896,51894,51894,7344,NaN,56,75,54,18,NaN,NaN,1529376,1103128,55,51712,43520,NaN,NaN
2026-04-01 16:28:31.289,43988,ESTAB,prague,224,21.113,0.752,20.178,1448,3,4344,4344,54777,54777,7752,NaN,59,79,57,19,NaN,NaN,1458384,1103128,58,52224,43520,NaN,NaN
2026-04-01 16:28:31.551,43988,ESTAB,prague,224,21.113,0.752,20.178,1448,3,4344,4344,54777,54777,7752,NaN,59,79,57,19,NaN,NaN,1458384,1103128,58,52224,43520,NaN,NaN
2026-04-01 16:28:31.813,43988,ESTAB,prague,224,21.113,0.752,20.178,1448,3,4344,4344,54777,54777,7752,NaN,59,79,57,19,NaN,NaN,1458384,1103128,58,52224,43520,NaN,NaN
2026-04-01 16:28:32.084,43988,ESTAB,prague,224,21.113,0.752,20.178,1448,3,4344,4344,54777,54777,7752,NaN,59,79,57,19,NaN,NaN,1458384,1103128,58,52224,43520,NaN,NaN
2026-04-01 16:28:32.349,43988,ESTAB,prague,224,21.113,0.752,20.178,1448,3,4344,4344,54777,54777,7752,NaN,59,79,57,19,NaN,NaN,1458384,1103128,58,52224,43520,NaN,NaN
2026-04-01 16:28:32.612,43988,ESTAB,prague,224,21.113,0.752,20.178,1448,3,4344,4344,54777,54777,7752,NaN,59,79,57,19,NaN,NaN,1458384,1103128,58,52224,43520,NaN,NaN
2026-04-01 16:28:32.876,43988,ESTAB,prague,224,21.113,0.752,20.178,1448,3,4344,4344,54777,54777,7752,NaN,59,79,57,19,NaN,NaN,1458384,1103128,58,52224,43520,NaN,NaN
2026-04-01 16:28:33.145,43988,ESTAB,prague,224,21.317,0.718,20.178,1448,3,4344,2896,57660,57660,8160,NaN,62,83,60,20,NaN,NaN,1299792,1103128,61,52224,43520,NaN,NaN
2026-04-01 16:28:33.384,43988,ESTAB,prague,224,21.317,0.718,20.178,1448,3,4344,2896,57660,57660,8160,NaN,62,83,60,20,NaN,NaN,1299792,1103128,61,52224,43520,NaN,NaN
2026-04-01 16:28:33.640,43988,ESTAB,prague,224,21.317,0.718,20.178,1448,3,4344,2896,57660,57660,8160,NaN,62,83,60,20,NaN,NaN,1299792,1103128,61,52224,43520,NaN,NaN
2026-04-01 16:28:33.904,43988,ESTAB,prague,224,21.317,0.718,20.178,1448,3,4344,2896,57660,57660,8160,NaN,62,83,60,20,NaN,NaN,1299792,1103128,61,52224,43520,NaN,NaN
2026-04-01 16:28:34.162,43988,ESTAB,prague,224,21.317,0.718,20.178,1448,3,4344,2896,57660,57660,8160,NaN,62,83,60,20,NaN,NaN,1299792,1103128,61,52224,43520,NaN,NaN
2026-04-01 16:28:34.413,43988,ESTAB,prague,224,21.317,0.718,20.178,1448,3,4344,2896,57660,57660,8160,NaN,62,83,60,20,NaN,NaN,1299792,1103128,61,52224,43520,NaN,NaN
2026-04-01 16:28:34.674,43988,ESTAB,prague,224,21.317,0.718,20.178,1448,3,4344,2896,57660,57660,8160,NaN,62,83,60,20,NaN,NaN,1299792,1103128,61,52224,43520,NaN,NaN
2026-04-01 16:28:34.938,43988,ESTAB,prague,224,21.317,0.718,20.178,1448,3,4344,2896,57660,57660,8160,NaN,62,83,60,20,NaN,NaN,1299792,1103128,61,52224,43520,NaN,NaN
2026-04-01 16:28:35.198,43988,ESTAB,prague,224,21.442,0.858,20.178,1387,2,2774,2774,60543,60543,8568,NaN,65,87,63,21,NaN,NaN,995648,1056656,64,52224,43520,NaN,NaN
2026-04-01 16:28:35.459,43988,ESTAB,prague,224,21.442,0.858,20.178,1387,2,2774,2774,60543,60543,8568,NaN,65,87,63,21,NaN,NaN,995648,1056656,64,52224,43520,NaN,NaN
2026-04-01 16:28:35.712,43988,ESTAB,prague,224,21.442,0.858,20.178,1387,2,2774,2774,60543,60543,8568,NaN,65,87,63,21,NaN,NaN,995648,1056656,64,52224,43520,NaN,NaN
2026-04-01 16:28:35.974,43988,ESTAB,prague,224,21.442,0.858,20.178,1387,2,2774,2774,60543,60543,8568,NaN,65,87,63,21,NaN,NaN,995648,1056656,64,52224,43520,NaN,NaN
2026-04-01 16:28:36.222,43988,ESTAB,prague,224,21.442,0.858,20.178,1387,2,2774,2774,60543,60543,8568,NaN,65,87,63,21,NaN,NaN,995648,1056656,64,52224,43520,NaN,NaN
2026-04-01 16:28:36.482,43988,ESTAB,prague,224,21.442,0.858,20.178,1387,2,2774,2774,60543,60543,8568,NaN,65,87,63,21,NaN,NaN,995648,1056656,64,52224,43520,NaN,NaN
2026-04-01 16:28:36.754,43988,ESTAB,prague,224,21.442,0.858,20.178,1387,2,2774,2774,60543,60543,8568,NaN,65,87,63,21,NaN,NaN,995648,1056656,64,52224,43520,NaN,NaN
2026-04-01 16:28:37.015,43988,ESTAB,prague,224,21.442,0.858,20.178,1387,2,2774,2774,60543,60543,8568,NaN,65,87,63,21,NaN,NaN,995648,1056656,64,52224,43520,NaN,NaN
2026-04-01 16:28:37.277,43988,ESTAB,prague,224,21.417,0.949,20.178,1041,3,3123,2082,63426,63426,8976,NaN,68,91,66,22,NaN,NaN,1035696,725240,67,53248,43520,NaN,NaN
2026-04-01 16:28:37.540,43988,ESTAB,prague,224,21.417,0.949,20.178,1041,3,3123,2082,63426,63426,8976,NaN,68,91,66,22,NaN,NaN,1035696,725240,67,53248,43520,NaN,NaN
2026-04-01 16:28:37.809,43988,ESTAB,prague,224,21.417,0.949,20.178,1041,3,3123,2082,63426,63426,8976,NaN,68,91,66,22,NaN,NaN,1035696,725240,67,53248,43520,NaN,NaN
2026-04-01 16:28:38.060,43988,ESTAB,prague,224,21.417,0.949,20.178,1041,3,3123,2082,63426,63426,8976,NaN,68,91,66,22,NaN,NaN,1035696,725240,67,53248,43520,NaN,NaN
2026-04-01 16:28:38.329,43988,ESTAB,prague,224,21.417,0.949,20.178,1041,3,3123,2082,63426,63426,8976,NaN,68,91,66,22,NaN,NaN,1035696,725240,67,53248,43520,NaN,NaN
2026-04-01 16:28:38.597,43988,ESTAB,prague,224,21.417,0.949,20.178,1041,3,3123,2082,63426,63426,8976,NaN,68,91,66,22,NaN,NaN,1035696,725240,67,53248,43520,NaN,NaN
2026-04-01 16:28:38.860,43988,ESTAB,prague,224,21.417,0.949,20.178,1041,3,3123,2082,63426,63426,8976,NaN,68,91,66,22,NaN,NaN,1035696,725240,67,53248,43520,NaN,NaN
2026-04-01 16:28:39.112,43988,ESTAB,prague,224,21.417,0.949,20.178,1041,3,3123,2082,63426,63426,8976,NaN,68,91,66,22,NaN,NaN,1035696,725240,67,53248,43520,NaN,NaN
2026-04-01 16:28:39.379,43988,ESTAB,prague,224,21.445,0.641,20.178,1448,2,2896,2896,66309,66309,9384,NaN,71,95,69,23,NaN,NaN,910160,1027800,70,52736,43520,NaN,NaN
2026-04-01 16:28:39.659,43988,ESTAB,prague,224,21.445,0.641,20.178,1448,2,2896,2896,66309,66309,9384,NaN,71,95,69,23,NaN,NaN,910160,1027800,70,52736,43520,NaN,NaN
2026-04-01 16:28:39.921,43988,ESTAB,prague,224,21.445,0.641,20.178,1448,2,2896,2896,66309,66309,9384,NaN,71,95,69,23,NaN,NaN,910160,1027800,70,52736,43520,NaN,NaN
2026-04-01 16:28:40.184,43988,ESTAB,prague,224,21.445,0.641,20.178,1448,2,2896,2896,66309,66309,9384,NaN,71,95,69,23,NaN,NaN,910160,1027800,70,52736,43520,NaN,NaN
2026-04-01 16:28:40.447,43988,ESTAB,prague,224,21.445,0.641,20.178,1448,2,2896,2896,66309,66309,9384,NaN,71,95,69,23,NaN,NaN,910160,1027800,70,52736,43520,NaN,NaN
2026-04-01 16:28:40.710,43988,ESTAB,prague,224,21.445,0.641,20.178,1448,2,2896,2896,66309,66309,9384,NaN,71,95,69,23,NaN,NaN,910160,1027800,70,52736,43520,NaN,NaN
2026-04-01 16:28:40.980,43988,ESTAB,prague,224,21.445,0.641,20.178,1448,2,2896,2896,66309,66309,9384,NaN,71,95,69,23,NaN,NaN,910160,1027800,70,52736,43520,NaN,NaN
2026-04-01 16:28:41.251,43988,ESTAB,prague,224,21.445,0.641,20.178,1448,2,2896,2896,66309,66309,9384,NaN,71,95,69,23,NaN,NaN,910160,1027800,70,52736,43520,NaN,NaN
2026-04-01 16:28:41.527,43988,ESTAB,prague,224,21.501,0.613,20.178,1011,3,3033,2022,69192,69192,9792,NaN,74,99,72,24,NaN,NaN,853864,711936,73,53248,43520,NaN,NaN
2026-04-01 16:28:41.803,43988,ESTAB,prague,224,21.501,0.613,20.178,1011,3,3033,2022,69192,69192,9792,NaN,74,99,72,24,NaN,NaN,853864,711936,73,53248,43520,NaN,NaN
2026-04-01 16:28:42.064,43988,ESTAB,prague,224,21.501,0.613,20.178,1011,3,3033,2022,69192,69192,9792,NaN,74,99,72,24,NaN,NaN,853864,711936,73,53248,43520,NaN,NaN
2026-04-01 16:28:42.339,43988,ESTAB,prague,224,21.501,0.613,20.178,1011,3,3033,2022,69192,69192,9792,NaN,74,99,72,24,NaN,NaN,853864,711936,73,53248,43520,NaN,NaN
2026-04-01 16:28:42.612,43988,ESTAB,prague,224,21.501,0.613,20.178,1011,3,3033,2022,69192,69192,9792,NaN,74,99,72,24,NaN,NaN,853864,711936,73,53248,43520,NaN,NaN
2026-04-01 16:28:42.880,43988,ESTAB,prague,224,21.501,0.613,20.178,1011,3,3033,2022,69192,69192,9792,NaN,74,99,72,24,NaN,NaN,853864,711936,73,53248,43520,NaN,NaN
2026-04-01 16:28:43.140,43988,ESTAB,prague,224,21.501,0.613,20.178,1011,3,3033,2022,69192,69192,9792,NaN,74,99,72,24,NaN,NaN,853864,711936,73,53248,43520,NaN,NaN
2026-04-01 16:28:43.379,43988,ESTAB,prague,224,21.501,0.613,20.178,1011,3,3033,2022,69192,69192,9792,NaN,74,99,72,24,NaN,NaN,853864,711936,73,53248,43520,NaN,NaN
2026-04-01 16:28:43.630,43988,ESTAB,prague,224,21.501,0.613,20.178,1011,3,3033,2022,69192,69192,9792,NaN,74,99,72,24,NaN,NaN,853864,711936,73,53248,43520,NaN,NaN
2026-04-01 16:28:43.884,43988,ESTAB,prague,224,21.501,0.613,20.178,1011,3,3033,2022,69192,69192,9792,NaN,74,99,72,24,NaN,NaN,853864,711936,73,53248,43520,NaN,NaN
2026-04-01 16:28:44.134,43988,ESTAB,prague,224,21.501,0.613,20.178,1011,3,3033,2022,69192,69192,9792,NaN,74,99,72,24,NaN,NaN,853864,711936,73,53248,43520,NaN,NaN
2026-04-01 16:28:44.388,43988,ESTAB,prague,224,21.501,0.613,20.178,1011,3,3033,2022,69192,69192,9792,NaN,74,99,72,24,NaN,NaN,853864,711936,73,53248,43520,NaN,NaN
2026-04-01 16:28:44.651,43988,ESTAB,prague,224,21.501,0.613,20.178,1011,3,3033,2022,69192,69192,9792,NaN,74,99,72,24,NaN,NaN,853864,711936,73,53248,43520,NaN,NaN
2026-04-01 16:28:44.913,43988,ESTAB,prague,224,21.501,0.613,20.178,1011,3,3033,2022,69192,69192,9792,NaN,74,99,72,24,NaN,NaN,853864,711936,73,53248,43520,NaN,NaN
2026-04-01 16:28:45.177,43988,ESTAB,prague,224,21.501,0.613,20.178,1011,3,3033,2022,69192,69192,9792,NaN,74,99,72,24,NaN,NaN,853864,711936,73,53248,43520,NaN,NaN
2026-04-01 16:28:45.431,43988,ESTAB,prague,224,21.203,0.62,20.178,924,3,2772,1848,72075,72075,10200,NaN,77,103,75,25,NaN,NaN,959784,650672,76,52736,43520,NaN,NaN
2026-04-01 16:28:45.681,43988,ESTAB,prague,224,21.203,0.62,20.178,924,3,2772,1848,72075,72075,10200,NaN,77,103,75,25,NaN,NaN,959784,650672,76,52736,43520,NaN,NaN
2026-04-01 16:28:45.948,43988,ESTAB,prague,224,21.203,0.62,20.178,924,3,2772,1848,72075,72075,10200,NaN,77,103,75,25,NaN,NaN,959784,650672,76,52736,43520,NaN,NaN
2026-04-01 16:28:46.207,43988,ESTAB,prague,224,21.203,0.62,20.178,924,3,2772,1848,72075,72075,10200,NaN,77,103,75,25,NaN,NaN,959784,650672,76,52736,43520,NaN,NaN
2026-04-01 16:28:46.454,43988,ESTAB,prague,224,21.203,0.62,20.178,924,3,2772,1848,72075,72075,10200,NaN,77,103,75,25,NaN,NaN,959784,650672,76,52736,43520,NaN,NaN
2026-04-01 16:28:46.716,43988,ESTAB,prague,224,21.203,0.62,20.178,924,3,2772,1848,72075,72075,10200,NaN,77,103,75,25,NaN,NaN,959784,650672,76,52736,43520,NaN,NaN
2026-04-01 16:28:46.978,43988,ESTAB,prague,224,21.203,0.62,20.178,924,3,2772,1848,72075,72075,10200,NaN,77,103,75,25,NaN,NaN,959784,650672,76,52736,43520,NaN,NaN
2026-04-01 16:28:47.241,43988,ESTAB,prague,224,21.203,0.62,20.178,924,3,2772,1848,72075,72075,10200,NaN,77,103,75,25,NaN,NaN,959784,650672,76,52736,43520,NaN,NaN
2026-04-01 16:28:47.503,43988,ESTAB,prague,224,21.203,0.62,20.178,924,3,2772,1848,72075,72075,10200,NaN,77,103,75,25,NaN,NaN,959784,650672,76,52736,43520,NaN,NaN
2026-04-01 16:28:47.759,43988,ESTAB,prague,224,21.203,0.62,20.178,924,3,2772,1848,72075,72075,10200,NaN,77,103,75,25,NaN,NaN,959784,650672,76,52736,43520,NaN,NaN
2026-04-01 16:28:48.015,43988,ESTAB,prague,224,21.203,0.62,20.178,924,3,2772,1848,72075,72075,10200,NaN,77,103,75,25,NaN,NaN,959784,650672,76,52736,43520,NaN,NaN
2026-04-01 16:28:48.256,43988,ESTAB,prague,224,21.203,0.62,20.178,924,3,2772,1848,72075,72075,10200,NaN,77,103,75,25,NaN,NaN,959784,650672,76,52736,43520,NaN,NaN
2026-04-01 16:28:48.521,43988,ESTAB,prague,224,21.203,0.62,20.178,924,3,2772,1848,72075,72075,10200,NaN,77,103,75,25,NaN,NaN,959784,650672,76,52736,43520,NaN,NaN
2026-04-01 16:28:48.781,43988,ESTAB,prague,224,21.203,0.62,20.178,924,3,2772,1848,72075,72075,10200,NaN,77,103,75,25,NaN,NaN,959784,650672,76,52736,43520,NaN,NaN
2026-04-01 16:28:49.040,43988,ESTAB,prague,224,21.203,0.62,20.178,924,3,2772,1848,72075,72075,10200,NaN,77,103,75,25,NaN,NaN,959784,650672,76,52736,43520,NaN,NaN
2026-04-01 16:28:49.301,43988,ESTAB,prague,224,21.203,0.62,20.178,924,3,2772,1848,72075,72075,10200,NaN,77,103,75,25,NaN,NaN,959784,650672,76,52736,43520,NaN,NaN
2026-04-01 16:28:49.576,43988,ESTAB,prague,224,21.203,0.62,20.178,924,3,2772,1848,72075,72075,10200,NaN,77,103,75,25,NaN,NaN,959784,650672,76,52736,43520,NaN,NaN
2026-04-01 16:28:49.854,43988,ESTAB,prague,224,21.203,0.62,20.178,924,3,2772,1848,72075,72075,10200,NaN,77,103,75,25,NaN,NaN,959784,650672,76,52736,43520,NaN,NaN
2026-04-01 16:28:50.100,43988,ESTAB,prague,224,21.203,0.62,20.178,924,3,2772,1848,72075,72075,10200,NaN,77,103,75,25,NaN,NaN,959784,650672,76,52736,43520,NaN,NaN
2026-04-01 16:28:50.371,43988,ESTAB,prague,224,21.203,0.62,20.178,924,3,2772,1848,72075,72075,10200,NaN,77,103,75,25,NaN,NaN,959784,650672,76,52736,43520,NaN,NaN
2026-04-01 16:28:50.651,43988,ESTAB,prague,224,21.203,0.62,20.178,924,3,2772,1848,72075,72075,10200,NaN,77,103,75,25,NaN,NaN,959784,650672,76,52736,43520,NaN,NaN
2026-04-01 16:28:50.914,43988,ESTAB,prague,224,21.203,0.62,20.178,924,3,2772,1848,72075,72075,10200,NaN,77,103,75,25,NaN,NaN,959784,650672,76,52736,43520,NaN,NaN
2026-04-01 16:28:51.177,43988,ESTAB,prague,224,21.203,0.62,20.178,924,3,2772,1848,72075,72075,10200,NaN,77,103,75,25,NaN,NaN,959784,650672,76,52736,43520,NaN,NaN
2026-04-01 16:28:51.446,43988,ESTAB,prague,224,21.203,0.62,20.178,924,3,2772,1848,72075,72075,10200,NaN,77,103,75,25,NaN,NaN,959784,650672,76,52736,43520,NaN,NaN
2026-04-01 16:28:51.704,43988,ESTAB,prague,224,21.311,0.571,20.178,1038,2,2076,2076,74958,74958,10608,NaN,81,108,79,26,NaN,NaN,708872,778544,80,53248,43520,NaN,NaN
2026-04-01 16:28:51.972,43988,ESTAB,prague,224,21.311,0.571,20.178,1038,2,2076,2076,74958,74958,10608,NaN,81,108,79,26,NaN,NaN,708872,778544,80,53248,43520,NaN,NaN
2026-04-01 16:28:52.231,43988,ESTAB,prague,224,21.311,0.571,20.178,1038,2,2076,2076,74958,74958,10608,NaN,81,108,79,26,NaN,NaN,708872,778544,80,53248,43520,NaN,NaN
2026-04-01 16:28:52.487,43988,ESTAB,prague,224,21.311,0.571,20.178,1038,2,2076,2076,74958,74958,10608,NaN,81,108,79,26,NaN,NaN,708872,778544,80,53248,43520,NaN,NaN
2026-04-01 16:28:52.748,43988,ESTAB,prague,224,21.311,0.571,20.178,1038,2,2076,2076,74958,74958,10608,NaN,81,108,79,26,NaN,NaN,708872,778544,80,53248,43520,NaN,NaN
2026-04-01 16:28:53.018,43988,ESTAB,prague,224,21.311,0.571,20.178,1038,2,2076,2076,74958,74958,10608,NaN,81,108,79,26,NaN,NaN,708872,778544,80,53248,43520,NaN,NaN
2026-04-01 16:28:53.274,43988,ESTAB,prague,224,21.311,0.571,20.178,1038,2,2076,2076,74958,74958,10608,NaN,81,108,79,26,NaN,NaN,708872,778544,80,53248,43520,NaN,NaN
2026-04-01 16:28:53.535,43988,ESTAB,prague,224,21.311,0.571,20.178,1038,2,2076,2076,74958,74958,10608,NaN,81,108,79,26,NaN,NaN,708872,778544,80,53248,43520,NaN,NaN
2026-04-01 16:28:53.805,43988,ESTAB,prague,224,21.168,0.492,20.178,1288,2,2576,2576,77841,77841,11016,NaN,84,112,82,27,NaN,NaN,762032,958776,83,50688,43520,NaN,NaN
2026-04-01 16:28:54.069,43988,ESTAB,prague,224,21.168,0.492,20.178,1288,2,2576,2576,77841,77841,11016,NaN,84,112,82,27,NaN,NaN,762032,958776,83,50688,43520,NaN,NaN
2026-04-01 16:28:54.341,43988,ESTAB,prague,224,21.168,0.492,20.178,1288,2,2576,2576,77841,77841,11016,NaN,84,112,82,27,NaN,NaN,762032,958776,83,50688,43520,NaN,NaN
2026-04-01 16:28:54.611,43988,ESTAB,prague,224,21.168,0.492,20.178,1288,2,2576,2576,77841,77841,11016,NaN,84,112,82,27,NaN,NaN,762032,958776,83,50688,43520,NaN,NaN
2026-04-01 16:28:54.879,43988,ESTAB,prague,224,21.168,0.492,20.178,1288,2,2576,2576,77841,77841,11016,NaN,84,112,82,27,NaN,NaN,762032,958776,83,50688,43520,NaN,NaN
2026-04-01 16:28:55.147,43988,ESTAB,prague,224,21.168,0.492,20.178,1288,2,2576,2576,77841,77841,11016,NaN,84,112,82,27,NaN,NaN,762032,958776,83,50688,43520,NaN,NaN
2026-04-01 16:28:55.400,43988,ESTAB,prague,224,21.168,0.492,20.178,1288,2,2576,2576,77841,77841,11016,NaN,84,112,82,27,NaN,NaN,762032,958776,83,50688,43520,NaN,NaN
2026-04-01 16:28:55.655,43988,ESTAB,prague,224,21.168,0.492,20.178,1288,2,2576,2576,77841,77841,11016,NaN,84,112,82,27,NaN,NaN,762032,958776,83,50688,43520,NaN,NaN
2026-04-01 16:28:55.921,43988,ESTAB,prague,224,21.168,0.492,20.178,1288,2,2576,2576,77841,77841,11016,NaN,84,112,82,27,NaN,NaN,762032,958776,83,50688,43520,NaN,NaN
2026-04-01 16:28:56.196,43988,ESTAB,prague,224,21.168,0.492,20.178,1288,2,2576,2576,77841,77841,11016,NaN,84,112,82,27,NaN,NaN,762032,958776,83,50688,43520,NaN,NaN
2026-04-01 16:28:56.462,43988,ESTAB,prague,224,21.168,0.492,20.178,1288,2,2576,2576,77841,77841,11016,NaN,84,112,82,27,NaN,NaN,762032,958776,83,50688,43520,NaN,NaN
2026-04-01 16:28:56.729,43988,ESTAB,prague,224,21.168,0.492,20.178,1288,2,2576,2576,77841,77841,11016,NaN,84,112,82,27,NaN,NaN,762032,958776,83,50688,43520,NaN,NaN
2026-04-01 16:28:57.002,43988,ESTAB,prague,224,21.168,0.492,20.178,1288,2,2576,2576,77841,77841,11016,NaN,84,112,82,27,NaN,NaN,762032,958776,83,50688,43520,NaN,NaN
2026-04-01 16:28:57.263,43988,ESTAB,prague,224,21.168,0.492,20.178,1288,2,2576,2576,77841,77841,11016,NaN,84,112,82,27,NaN,NaN,762032,958776,83,50688,43520,NaN,NaN
2026-04-01 16:28:57.520,43988,ESTAB,prague,224,21.168,0.492,20.178,1288,2,2576,2576,77841,77841,11016,NaN,84,112,82,27,NaN,NaN,762032,958776,83,50688,43520,NaN,NaN
2026-04-01 16:28:57.786,43988,ESTAB,prague,224,20.966,0.496,20.178,812,3,2436,1624,80724,80724,11424,NaN,87,116,85,28,NaN,NaN,805432,629880,86,50688,43520,NaN,NaN
2026-04-01 16:28:58.047,43988,ESTAB,prague,224,20.966,0.496,20.178,812,3,2436,1624,80724,80724,11424,NaN,87,116,85,28,NaN,NaN,805432,629880,86,50688,43520,NaN,NaN
2026-04-01 16:28:58.306,43988,ESTAB,prague,224,20.966,0.496,20.178,812,3,2436,1624,80724,80724,11424,NaN,87,116,85,28,NaN,NaN,805432,629880,86,50688,43520,NaN,NaN
2026-04-01 16:28:58.563,43988,ESTAB,prague,224,20.966,0.496,20.178,812,3,2436,1624,80724,80724,11424,NaN,87,116,85,28,NaN,NaN,805432,629880,86,50688,43520,NaN,NaN
2026-04-01 16:28:58.821,43988,ESTAB,prague,224,20.966,0.496,20.178,812,3,2436,1624,80724,80724,11424,NaN,87,116,85,28,NaN,NaN,805432,629880,86,50688,43520,NaN,NaN
2026-04-01 16:28:59.087,43988,ESTAB,prague,224,20.966,0.496,20.178,812,3,2436,1624,80724,80724,11424,NaN,87,116,85,28,NaN,NaN,805432,629880,86,50688,43520,NaN,NaN
2026-04-01 16:28:59.329,43988,ESTAB,prague,224,20.966,0.496,20.178,812,3,2436,1624,80724,80724,11424,NaN,87,116,85,28,NaN,NaN,805432,629880,86,50688,43520,NaN,NaN
2026-04-01 16:28:59.586,43988,ESTAB,prague,224,20.966,0.496,20.178,812,3,2436,1624,80724,80724,11424,NaN,87,116,85,28,NaN,NaN,805432,629880,86,50688,43520,NaN,NaN
2026-04-01 16:28:59.843,43988,ESTAB,prague,224,21.445,0.806,20.178,856,3,2568,1712,83607,83607,11832,NaN,91,121,89,29,NaN,NaN,833872,617408,90,50688,43520,NaN,NaN
2026-04-01 16:29:00.100,43988,ESTAB,prague,224,21.445,0.806,20.178,856,3,2568,1712,83607,83607,11832,NaN,91,121,89,29,NaN,NaN,833872,617408,90,50688,43520,NaN,NaN
2026-04-01 16:29:00.362,43988,ESTAB,prague,224,21.445,0.806,20.178,856,3,2568,1712,83607,83607,11832,NaN,91,121,89,29,NaN,NaN,833872,617408,90,50688,43520,NaN,NaN
2026-04-01 16:29:00.624,43988,ESTAB,prague,224,21.445,0.806,20.178,856,3,2568,1712,83607,83607,11832,NaN,91,121,89,29,NaN,NaN,833872,617408,90,50688,43520,NaN,NaN
2026-04-01 16:29:00.874,43988,ESTAB,prague,224,21.445,0.806,20.178,856,3,2568,1712,83607,83607,11832,NaN,91,121,89,29,NaN,NaN,833872,617408,90,50688,43520,NaN,NaN
2026-04-01 16:29:01.112,43988,ESTAB,prague,224,21.445,0.806,20.178,856,3,2568,1712,83607,83607,11832,NaN,91,121,89,29,NaN,NaN,833872,617408,90,50688,43520,NaN,NaN
2026-04-01 16:29:01.382,43988,ESTAB,prague,224,21.445,0.806,20.178,856,3,2568,1712,83607,83607,11832,NaN,91,121,89,29,NaN,NaN,833872,617408,90,50688,43520,NaN,NaN
2026-04-01 16:29:01.663,43988,ESTAB,prague,224,21.445,0.806,20.178,856,3,2568,1712,83607,83607,11832,NaN,91,121,89,29,NaN,NaN,833872,617408,90,50688,43520,NaN,NaN
2026-04-01 16:29:01.942,43988,ESTAB,prague,224,21.445,0.806,20.178,856,3,2568,1712,83607,83607,11832,NaN,91,121,89,29,NaN,NaN,833872,617408,90,50688,43520,NaN,NaN
2026-04-01 16:29:02.189,43988,ESTAB,prague,224,21.445,0.806,20.178,856,3,2568,1712,83607,83607,11832,NaN,91,121,89,29,NaN,NaN,833872,617408,90,50688,43520,NaN,NaN
2026-04-01 16:29:02.452,43988,ESTAB,prague,224,21.445,0.806,20.178,856,3,2568,1712,83607,83607,11832,NaN,91,121,89,29,NaN,NaN,833872,617408,90,50688,43520,NaN,NaN
2026-04-01 16:29:02.714,43988,ESTAB,prague,224,21.445,0.806,20.178,856,3,2568,1712,83607,83607,11832,NaN,91,121,89,29,NaN,NaN,833872,617408,90,50688,43520,NaN,NaN
2026-04-01 16:29:02.976,43988,ESTAB,prague,224,21.445,0.806,20.178,856,3,2568,1712,83607,83607,11832,NaN,91,121,89,29,NaN,NaN,833872,617408,90,50688,43520,NaN,NaN
2026-04-01 16:29:03.232,43988,ESTAB,prague,224,21.445,0.806,20.178,856,3,2568,1712,83607,83607,11832,NaN,91,121,89,29,NaN,NaN,833872,617408,90,50688,43520,NaN,NaN
2026-04-01 16:29:03.492,43988,ESTAB,prague,224,21.445,0.806,20.178,856,3,2568,1712,83607,83607,11832,NaN,91,121,89,29,NaN,NaN,833872,617408,90,50688,43520,NaN,NaN
2026-04-01 16:29:03.745,43988,ESTAB,prague,224,21.445,0.806,20.178,856,3,2568,1712,83607,83607,11832,NaN,91,121,89,29,NaN,NaN,833872,617408,90,50688,43520,NaN,NaN
2026-04-01 16:29:04.006,43988,ESTAB,prague,224,21.445,0.806,20.178,856,3,2568,1712,83607,83607,11832,NaN,91,121,89,29,NaN,NaN,833872,617408,90,50688,43520,NaN,NaN
2026-04-01 16:29:04.241,43988,ESTAB,prague,224,21.445,0.806,20.178,856,3,2568,1712,83607,83607,11832,NaN,91,121,89,29,NaN,NaN,833872,617408,90,50688,43520,NaN,NaN
2026-04-01 16:29:04.490,43988,ESTAB,prague,224,21.445,0.806,20.178,856,3,2568,1712,83607,83607,11832,NaN,91,121,89,29,NaN,NaN,833872,617408,90,50688,43520,NaN,NaN
2026-04-01 16:29:04.752,43988,ESTAB,prague,224,21.445,0.806,20.178,856,3,2568,1712,83607,83607,11832,NaN,91,121,89,29,NaN,NaN,833872,617408,90,50688,43520,NaN,NaN
2026-04-01 16:29:05.023,43988,ESTAB,prague,224,21.445,0.806,20.178,856,3,2568,1712,83607,83607,11832,NaN,91,121,89,29,NaN,NaN,833872,617408,90,50688,43520,NaN,NaN
2026-04-01 16:29:05.297,43988,ESTAB,prague,224,21.445,0.806,20.178,856,3,2568,1712,83607,83607,11832,NaN,91,121,89,29,NaN,NaN,833872,617408,90,50688,43520,NaN,NaN
2026-04-01 16:29:05.580,43988,ESTAB,prague,224,21.445,0.806,20.178,856,3,2568,1712,83607,83607,11832,NaN,91,121,89,29,NaN,NaN,833872,617408,90,50688,43520,NaN,NaN
2026-04-01 16:29:05.864,43988,ESTAB,prague,224,21.445,0.806,20.178,856,3,2568,1712,83607,83607,11832,NaN,91,121,89,29,NaN,NaN,833872,617408,90,50688,43520,NaN,NaN
2026-04-01 16:29:06.114,43988,ESTAB,prague,224,21.445,0.806,20.178,856,3,2568,1712,83607,83607,11832,NaN,91,121,89,29,NaN,NaN,833872,617408,90,50688,43520,NaN,NaN
2026-04-01 16:29:06.369,43988,ESTAB,prague,224,21.445,0.806,20.178,856,3,2568,1712,83607,83607,11832,NaN,91,121,89,29,NaN,NaN,833872,617408,90,50688,43520,NaN,NaN
2026-04-01 16:29:06.622,43988,ESTAB,prague,224,21.445,0.806,20.178,856,3,2568,1712,83607,83607,11832,NaN,91,121,89,29,NaN,NaN,833872,617408,90,50688,43520,NaN,NaN
2026-04-01 16:29:06.877,43988,ESTAB,prague,224,21.445,0.806,20.178,856,3,2568,1712,83607,83607,11832,NaN,91,121,89,29,NaN,NaN,833872,617408,90,50688,43520,NaN,NaN
2026-04-01 16:29:07.135,43988,ESTAB,prague,224,21.445,0.806,20.178,856,3,2568,1712,83607,83607,11832,NaN,91,121,89,29,NaN,NaN,833872,617408,90,50688,43520,NaN,NaN
2026-04-01 16:29:07.392,43988,ESTAB,prague,224,21.445,0.806,20.178,856,3,2568,1712,83607,83607,11832,NaN,91,121,89,29,NaN,NaN,833872,617408,90,50688,43520,NaN,NaN
2026-04-01 16:29:07.649,43988,ESTAB,prague,224,21.445,0.806,20.178,856,3,2568,1712,83607,83607,11832,NaN,91,121,89,29,NaN,NaN,833872,617408,90,50688,43520,NaN,NaN
2026-04-01 16:29:07.918,43988,ESTAB,prague,224,21.445,0.806,20.178,856,3,2568,1712,83607,83607,11832,NaN,91,121,89,29,NaN,NaN,833872,617408,90,50688,43520,NaN,NaN
2026-04-01 16:29:08.197,43988,ESTAB,prague,224,21.445,0.806,20.178,856,3,2568,1712,83607,83607,11832,NaN,91,121,89,29,NaN,NaN,833872,617408,90,50688,43520,NaN,NaN
2026-04-01 16:29:08.469,43988,ESTAB,prague,224,21.445,0.806,20.178,856,3,2568,1712,83607,83607,11832,NaN,91,121,89,29,NaN,NaN,833872,617408,90,50688,43520,NaN,NaN
2026-04-01 16:29:08.724,43988,ESTAB,prague,224,21.445,0.806,20.178,856,3,2568,1712,83607,83607,11832,NaN,91,121,89,29,NaN,NaN,833872,617408,90,50688,43520,NaN,NaN
2026-04-01 16:29:08.992,43988,ESTAB,prague,224,21.445,0.806,20.178,856,3,2568,1712,83607,83607,11832,NaN,91,121,89,29,NaN,NaN,833872,617408,90,50688,43520,NaN,NaN
2026-04-01 16:29:09.259,43988,ESTAB,prague,224,21.445,0.806,20.178,856,3,2568,1712,83607,83607,11832,NaN,91,121,89,29,NaN,NaN,833872,617408,90,50688,43520,NaN,NaN
2026-04-01 16:29:09.522,43988,ESTAB,prague,224,21.445,0.806,20.178,856,3,2568,1712,83607,83607,11832,NaN,91,121,89,29,NaN,NaN,833872,617408,90,50688,43520,NaN,NaN
2026-04-01 16:29:09.788,43988,ESTAB,prague,224,21.445,0.806,20.178,856,3,2568,1712,83607,83607,11832,NaN,91,121,89,29,NaN,NaN,833872,617408,90,50688,43520,NaN,NaN
2026-04-01 16:29:10.053,43988,ESTAB,prague,224,21.445,0.806,20.178,856,3,2568,1712,83607,83607,11832,NaN,91,121,89,29,NaN,NaN,833872,617408,90,50688,43520,NaN,NaN
2026-04-01 16:29:10.309,43988,ESTAB,prague,224,21.445,0.806,20.178,856,3,2568,1712,83607,83607,11832,NaN,91,121,89,29,NaN,NaN,833872,617408,90,50688,43520,NaN,NaN
2026-04-01 16:29:10.577,43988,ESTAB,prague,224,21.445,0.806,20.178,856,3,2568,1712,83607,83607,11832,NaN,91,121,89,29,NaN,NaN,833872,617408,90,50688,43520,NaN,NaN
2026-04-01 16:29:10.834,43988,ESTAB,prague,224,21.445,0.806,20.178,856,3,2568,1712,83607,83607,11832,NaN,91,121,89,29,NaN,NaN,833872,617408,90,50688,43520,NaN,NaN
2026-04-01 16:29:11.083,43988,ESTAB,prague,224,21.445,0.806,20.178,856,3,2568,1712,83607,83607,11832,NaN,91,121,89,29,NaN,NaN,833872,617408,90,50688,43520,NaN,NaN
2026-04-01 16:29:11.368,43988,ESTAB,prague,224,21.445,0.806,20.178,856,3,2568,1712,83607,83607,11832,NaN,91,121,89,29,NaN,NaN,833872,617408,90,50688,43520,NaN,NaN
2026-04-01 16:29:11.649,43988,ESTAB,prague,224,21.445,0.806,20.178,856,3,2568,1712,83607,83607,11832,NaN,91,121,89,29,NaN,NaN,833872,617408,90,50688,43520,NaN,NaN
2026-04-01 16:29:11.933,43988,ESTAB,prague,224,21.445,0.806,20.178,856,3,2568,1712,83607,83607,11832,NaN,91,121,89,29,NaN,NaN,833872,617408,90,50688,43520,NaN,NaN
2026-04-01 16:29:12.189,43988,ESTAB,prague,224,21.445,0.806,20.178,856,3,2568,1712,83607,83607,11832,NaN,91,121,89,29,NaN,NaN,833872,617408,90,50688,43520,NaN,NaN
2026-04-01 16:29:12.452,43988,ESTAB,prague,224,21.445,0.806,20.178,856,3,2568,1712,83607,83607,11832,NaN,91,121,89,29,NaN,NaN,833872,617408,90,50688,43520,NaN,NaN
2026-04-01 16:29:12.717,43988,ESTAB,prague,224,21.445,0.806,20.178,856,3,2568,1712,83607,83607,11832,NaN,91,121,89,29,NaN,NaN,833872,617408,90,50688,43520,NaN,NaN
2026-04-01 16:29:12.985,43988,ESTAB,prague,224,21.445,0.806,20.178,856,3,2568,1712,83607,83607,11832,NaN,91,121,89,29,NaN,NaN,833872,617408,90,50688,43520,NaN,NaN
2026-04-01 16:29:13.247,43988,ESTAB,prague,224,21.445,0.806,20.178,856,3,2568,1712,83607,83607,11832,NaN,91,121,89,29,NaN,NaN,833872,617408,90,50688,43520,NaN,NaN
2026-04-01 16:29:13.509,43988,ESTAB,prague,224,21.445,0.806,20.178,856,3,2568,1712,83607,83607,11832,NaN,91,121,89,29,NaN,NaN,833872,617408,90,50688,43520,NaN,NaN
2026-04-01 16:29:13.774,43988,ESTAB,prague,224,21.445,0.806,20.178,856,3,2568,1712,83607,83607,11832,NaN,91,121,89,29,NaN,NaN,833872,617408,90,50688,43520,NaN,NaN
2026-04-01 16:29:14.042,43988,ESTAB,prague,224,21.216,0.521,20.178,1249,2,2498,2498,88964,86490,12656,NaN,97,127,95,31,NaN,NaN,900400,947872,94,49152,43520,2,102671
2026-04-01 16:29:14.303,43988,ESTAB,prague,228,24.468,4.052,20.178,1132,2,2264,2264,105935,104053,12656,NaN,117,140,115,31,NaN,NaN,819216,697848,114,49664,43520,2,85700
2026-04-01 16:29:14.573,43988,ESTAB,prague,228,26.843,6.51,20.178,1448,4,5792,4344,145425,141117,12656,NaN,147,159,145,31,NaN,NaN,1623976,2196848,143,52224,43520,3,97906
2026-04-01 16:29:14.835,43988,ESTAB,prague,224,23.847,2.912,20.155,1448,4,5792,4344,190070,184326,12656,NaN,179,180,177,31,NaN,NaN,1725088,1666920,174,52224,43520,4,53261
2026-04-01 16:29:15.096,43988,ESTAB,prague,228,24.347,4.137,20.146,1448,4,5792,4344,241895,236151,12656,NaN,216,204,214,31,NaN,NaN,1897152,1430648,211,52224,43520,4,53132
2026-04-01 16:29:15.358,43988,ESTAB,prague,228,27.74,7.982,20.136,1448,3,4344,4344,287847,283539,12656,NaN,248,227,246,31,NaN,NaN,1152056,1110264,244,52224,43520,3,11812
2026-04-01 16:29:15.617,43988,ESTAB,prague,228,26.532,5.811,20.136,1448,2,2896,2896,299659,299659,12656,NaN,257,235,255,31,NaN,NaN,783224,526784,256,53248,43520,NaN,NaN
2026-04-01 16:29:15.874,43988,ESTAB,prague,228,26.532,5.811,20.136,1448,2,2896,2896,299659,299659,12656,NaN,257,235,255,31,NaN,NaN,783224,526784,256,53248,43520,NaN,NaN
2026-04-01 16:29:16.144,43988,ESTAB,prague,228,26.388,4.956,20.136,1448,3,4344,2896,310401,307529,13480,NaN,266,241,264,33,NaN,NaN,1219008,798672,263,52736,43520,2,98306
2026-04-01 16:29:16.402,43988,ESTAB,prague,228,24.597,4.06,20.089,1448,4,5792,5792,363429,357685,13480,NaN,304,264,302,33,NaN,NaN,1889368,1636928,299,52224,43520,4,53429
2026-04-01 16:29:16.676,43988,ESTAB,prague,224,22.887,2.765,20.089,1448,4,5792,4344,416858,416858,13480,NaN,343,295,341,33,NaN,NaN,1596336,1676592,342,52736,43520,NaN,NaN
2026-04-01 16:29:16.932,43988,ESTAB,prague,228,27.738,11.776,20.089,1448,4,5792,4344,417914,417914,13886,NaN,344,297,342,34,NaN,NaN,1699312,1676592,343,53248,43520,NaN,NaN
2026-04-01 16:29:17.178,43988,ESTAB,prague,228,27.738,11.776,20.089,1448,4,5792,4344,417914,417914,13886,NaN,344,297,342,34,NaN,NaN,1699312,1676592,343,53248,43520,NaN,NaN
2026-04-01 16:29:17.439,43988,ESTAB,prague,228,27.738,11.776,20.089,1448,4,5792,4344,417914,417914,13886,NaN,344,297,342,34,NaN,NaN,1699312,1676592,343,53248,43520,NaN,NaN
2026-04-01 16:29:17.701,43988,ESTAB,prague,228,27.738,11.776,20.089,1448,4,5792,4344,417914,417914,13886,NaN,344,297,342,34,NaN,NaN,1699312,1676592,343,53248,43520,NaN,NaN
2026-04-01 16:29:17.963,43988,ESTAB,prague,228,27.738,11.776,20.089,1448,4,5792,4344,417914,417914,13886,NaN,344,297,342,34,NaN,NaN,1699312,1676592,343,53248,43520,NaN,NaN
2026-04-01 16:29:18.225,43988,ESTAB,prague,228,25.257,3.941,20.089,1448,3,4344,2896,438029,435157,14710,NaN,359,309,357,36,NaN,NaN,1523360,895616,356,52224,43520,2,87596
2026-04-01 16:29:18.488,43988,ESTAB,prague,228,25.067,4.889,20.089,1448,3,4344,4344,476801,473669,14710,NaN,387,329,385,36,NaN,NaN,1232848,1109080,383,52224,43520,3,100520
2026-04-01 16:29:18.756,43988,ESTAB,prague,228,24.114,3.4,20.089,1448,3,4344,4344,524189,521317,14710,NaN,420,352,418,36,NaN,NaN,1487968,1337328,417,52224,43520,2,53132
2026-04-01 16:29:19.032,43988,ESTAB,prague,228,25.418,4.099,20.089,1448,2,2896,2896,564397,561525,14710,NaN,448,371,446,36,NaN,NaN,1074408,1171912,445,52224,43520,2,64620
2026-04-01 16:29:19.296,43988,ESTAB,prague,224,23.62,3.291,20.089,1397,3,4191,2794,604554,601733,14710,NaN,476,391,474,36,NaN,NaN,1262040,1079072,473,52224,43520,2,76159
2026-04-01 16:29:19.558,43988,ESTAB,prague,228,27.12,7.149,20.089,1448,3,4344,4344,644813,641941,14710,NaN,505,410,503,36,NaN,NaN,1358376,1344104,502,52224,43520,2,85192
2026-04-01 16:29:19.821,43988,ESTAB,prague,224,22.588,2.608,20.089,1448,3,4344,2896,680713,676405,14710,NaN,531,430,529,36,NaN,NaN,1352248,1335480,527,52224,43520,3,49292
2026-04-01 16:29:20.075,43988,ESTAB,prague,224,23.506,3.516,20.089,1448,3,4344,4344,720921,716613,14710,NaN,559,451,557,36,NaN,NaN,1232416,1115664,555,52224,43520,3,9084
2026-04-01 16:29:20.323,43988,ESTAB,prague,228,25.778,5.416,20.089,1448,2,2896,2896,751165,748293,15532,NaN,581,467,579,38,NaN,NaN,1041952,1112344,578,52224,43520,2,84724
2026-04-01 16:29:20.585,43988,ESTAB,prague,228,25.829,4.018,20.089,1448,3,4344,4344,795681,791373,15532,NaN,612,487,610,38,NaN,NaN,1578944,1334560,608,52224,43520,3,91904
2026-04-01 16:29:20.845,43988,ESTAB,prague,228,26.457,4.685,20.089,1448,4,5792,4344,845941,840197,15532,NaN,647,508,645,38,NaN,NaN,1525928,1676248,642,52224,43520,4,83127
2026-04-01 16:29:21.083,43988,ESTAB,prague,232,28.204,6.536,20.089,1448,3,4344,4344,887585,883277,15532,NaN,676,526,674,38,NaN,NaN,1257760,1325192,672,52224,43520,3,41483
2026-04-01 16:29:21.334,43988,ESTAB,prague,232,28.154,6.917,20.089,1448,3,4344,2896,920613,917741,15532,NaN,700,542,698,38,NaN,NaN,1455464,1283968,697,52224,43520,2,8455
2026-04-01 16:29:21.586,43988,ESTAB,prague,232,31.099,13.057,20.089,1448,3,4344,4344,929068,929068,15532,NaN,706,548,704,38,NaN,NaN,1140912,506472,705,53248,43520,NaN,NaN
2026-04-01 16:29:21.863,43988,ESTAB,prague,232,31.099,13.057,20.089,1448,3,4344,4344,929068,929068,15532,NaN,706,548,704,38,NaN,NaN,1140912,506472,705,53248,43520,NaN,NaN
2026-04-01 16:29:22.128,43988,ESTAB,prague,232,31.099,13.057,20.089,1448,3,4344,4344,929068,929068,15532,NaN,706,548,704,38,NaN,NaN,1140912,506472,705,53248,43520,NaN,NaN
2026-04-01 16:29:22.379,43988,ESTAB,prague,228,27.266,5.132,20.089,1448,4,5792,4344,959491,955742,16356,NaN,729,564,727,40,NaN,NaN,1667872,1298264,725,52224,43520,3,78489
2026-04-01 16:29:22.629,43988,ESTAB,prague,228,26.019,5.689,20.081,1448,3,4344,2896,994270,989962,16356,NaN,754,581,752,40,NaN,NaN,1501784,1098472,750,52224,43520,3,95406
2026-04-01 16:29:22.879,43988,ESTAB,prague,228,24.847,3.633,20.081,1448,3,4344,2896,1029049,1026177,16356,NaN,779,599,777,40,NaN,NaN,1317392,1003696,776,52224,43520,2,60627
2026-04-01 16:29:23.133,43988,ESTAB,prague,228,24.498,3.789,20.081,1448,4,5792,4344,1073880,1068136,16356,NaN,811,618,809,40,NaN,NaN,1758976,1482272,806,52224,43520,4,56788
2026-04-01 16:29:23.380,43988,ESTAB,prague,228,26.02,3.377,20.081,1448,3,4344,4344,1118396,1114088,16356,NaN,842,637,840,40,NaN,NaN,1313672,1655152,838,52224,43520,3,12272
2026-04-01 16:29:23.633,43988,ESTAB,prague,232,28.848,3.96,20.081,1448,3,4344,2896,1130668,1130668,16356,NaN,851,643,849,40,NaN,NaN,1293304,1095464,850,52736,43520,NaN,NaN
2026-04-01 16:29:23.875,43988,ESTAB,prague,232,28.848,3.96,20.081,1448,3,4344,2896,1130668,1130668,16356,NaN,851,643,849,40,NaN,NaN,1293304,1095464,850,52736,43520,NaN,NaN
2026-04-01 16:29:24.096,43988,ESTAB,prague,232,28.848,3.96,20.081,1448,3,4344,2896,1130668,1130668,16356,NaN,851,643,849,40,NaN,NaN,1293304,1095464,850,52736,43520,NaN,NaN
2026-04-01 16:29:24.324,43988,ESTAB,prague,228,26.577,1.934,20.081,1448,6,8688,2896,1156527,1150783,17180,NaN,870,652,868,42,NaN,NaN,2709072,2123064,865,53248,43520,4,81852
2026-04-01 16:29:24.560,43988,ESTAB,prague,224,22.086,0.33,20.066,1448,14,20272,2896,1308743,1288639,17180,NaN,976,700,974,42,NaN,NaN,7606368,6996672,961,69632,43520,14,31067
2026-04-01 16:29:24.790,43988,ESTAB,prague,224,22.133,1.324,20.066,1448,11,15928,15928,1340866,1340866,17586,NaN,999,726,997,43,NaN,NaN,5963760,6175848,998,69632,43520,NaN,NaN
2026-04-01 16:29:25.037,43988,ESTAB,prague,224,22.133,1.324,20.066,1448,11,15928,15928,1340866,1340866,17586,NaN,999,726,997,43,NaN,NaN,5963760,6175848,998,69632,43520,NaN,NaN
2026-04-01 16:29:25.293,43988,ESTAB,prague,224,22.133,1.324,20.066,1448,11,15928,15928,1340866,1340866,17586,NaN,999,726,997,43,NaN,NaN,5963760,6175848,998,69632,43520,NaN,NaN
2026-04-01 16:29:25.563,43988,ESTAB,prague,224,22.133,1.324,20.066,1448,11,15928,15928,1340866,1340866,17586,NaN,999,726,997,43,NaN,NaN,5963760,6175848,998,69632,43520,NaN,NaN
2026-04-01 16:29:25.837,43988,ESTAB,prague,224,22.133,1.324,20.066,1448,11,15928,15928,1340866,1340866,17586,NaN,999,726,997,43,NaN,NaN,5963760,6175848,998,69632,43520,NaN,NaN
2026-04-01 16:29:26.103,43988,ESTAB,prague,224,22.133,1.324,20.066,1448,11,15928,15928,1340866,1340866,17586,NaN,999,726,997,43,NaN,NaN,5963760,6175848,998,69632,43520,NaN,NaN
2026-04-01 16:29:26.372,43988,ESTAB,prague,224,21.861,0.306,20.052,1448,14,20272,15928,1414113,1395445,18410,NaN,1051,747,1049,45,NaN,NaN,7684544,6818792,1037,69632,43520,13,103392
2026-04-01 16:29:26.635,43988,ESTAB,prague,224,22.017,0.403,20.047,1448,14,20272,20272,1629513,1609409,18410,NaN,1201,830,1199,45,NaN,NaN,7630224,6903456,1186,69632,43520,14,94776
2026-04-01 16:29:26.916,43988,ESTAB,prague,224,22.242,1.5,20.045,1448,13,18824,18824,1859273,1840605,18410,NaN,1361,921,1359,45,NaN,NaN,7013552,6263872,1347,69632,43520,13,71800
2026-04-01 16:29:27.167,43988,ESTAB,prague,224,22.75,1.645,20.045,1448,13,18824,17376,2066057,2048825,18410,NaN,1505,998,1503,45,NaN,NaN,6857032,5972672,1492,69632,43520,12,71800
2026-04-01 16:29:27.410,43988,ESTAB,prague,224,23.052,1.062,20.027,1448,12,17376,17376,2258481,2242685,18410,NaN,1639,1073,1637,45,NaN,NaN,6246624,6730408,1627,69632,43520,11,86160
2026-04-01 16:29:27.679,43988,ESTAB,prague,224,22.019,0.208,20.027,1448,14,20272,17376,2428543,2428543,18410,NaN,1758,1138,1756,45,NaN,NaN,7629440,6938896,1757,70144,43520,NaN,NaN
2026-04-01 16:29:27.932,43988,ESTAB,prague,224,22.019,0.208,20.027,1448,14,20272,17376,2428543,2428543,18410,NaN,1758,1138,1756,45,NaN,NaN,7629440,6938896,1757,70144,43520,NaN,NaN
2026-04-01 16:29:28.166,43988,ESTAB,prague,224,22.019,0.208,20.027,1448,14,20272,17376,2428543,2428543,18410,NaN,1758,1138,1756,45,NaN,NaN,7629440,6938896,1757,70144,43520,NaN,NaN
2026-04-01 16:29:28.400,43988,ESTAB,prague,224,21.824,0.846,20.027,1448,13,18824,18824,2507534,2488866,19234,NaN,1814,1167,1812,47,NaN,NaN,7148024,6141344,1800,72192,43520,13,63184
2026-04-01 16:29:28.629,43988,ESTAB,prague,224,22.115,1.065,20.027,1448,13,18824,18824,2695650,2678418,19234,NaN,1945,1238,1943,47,NaN,NaN,7053696,6207416,1932,72192,43520,12,91904
2026-04-01 16:29:28.864,43988,ESTAB,prague,224,23.073,1.541,20.027,1448,13,18824,18824,2888074,2869406,19234,NaN,2079,1309,2077,47,NaN,NaN,6760832,6712368,2065,72192,43520,13,114880
2026-04-01 16:29:29.110,43988,ESTAB,prague,224,22.01,0.267,20.026,1448,15,21720,17376,3081934,3063266,19234,NaN,2214,1384,2212,47,NaN,NaN,8178000,7136136,2200,72192,43520,13,64620
2026-04-01 16:29:29.344,43988,ESTAB,prague,224,21.96,0.44,20.025,1448,14,20272,17376,3275794,3257126,19234,NaN,2349,1459,2347,47,NaN,NaN,7650048,6830520,2335,72192,43520,13,86160
2026-04-01 16:29:29.579,43988,ESTAB,prague,224,22.298,0.873,20.025,1448,13,18824,17376,3465346,3446678,19234,NaN,2481,1532,2479,47,NaN,NaN,6996080,6127744,2467,72192,43520,13,28716
2026-04-01 16:29:29.812,43988,ESTAB,prague,228,27.9,11.31,20.025,1448,12,17376,17376,3494062,3494062,19234,NaN,2501,1549,2499,47,NaN,NaN,5161152,2306856,2500,72192,43520,NaN,NaN
2026-04-01 16:29:30.046,43988,ESTAB,prague,228,27.9,11.31,20.025,1448,12,17376,17376,3494062,3494062,19234,NaN,2501,1549,2499,47,NaN,NaN,5161152,2306856,2500,72192,43520,NaN,NaN
2026-04-01 16:29:30.290,43988,ESTAB,prague,228,27.9,11.31,20.025,1448,12,17376,17376,3494062,3494062,19234,NaN,2501,1549,2499,47,NaN,NaN,5161152,2306856,2500,72192,43520,NaN,NaN
2026-04-01 16:29:30.531,43988,ESTAB,prague,224,21.842,0.82,20.025,1448,13,18824,17376,3659213,3641981,20058,NaN,2617,1611,2615,49,NaN,NaN,7141992,6501472,2604,72192,43520,12,126368
2026-04-01 16:29:30.765,43988,ESTAB,prague,224,22.896,1.149,20.025,1448,13,18824,18824,3855945,3837277,20058,NaN,2754,1681,2752,49,NaN,NaN,6813248,6710080,2740,72192,43520,13,73236
2026-04-01 16:29:30.996,43988,ESTAB,prague,224,21.989,0.325,20.025,1448,14,20272,17376,4042625,4022521,20058,NaN,2884,1753,2882,49,NaN,NaN,7640080,6936520,2869,72192,43520,14,33414
2026-04-01 16:29:31.236,43988,ESTAB,prague,228,27.372,11.787,20.025,1448,11,15928,15928,4076039,4076039,20058,NaN,2908,1779,2906,49,NaN,NaN,4822400,2211720,2907,72704,43520,NaN,NaN
2026-04-01 16:29:31.479,43988,ESTAB,prague,228,27.372,11.787,20.025,1448,11,15928,15928,4076039,4076039,20058,NaN,2908,1779,2906,49,NaN,NaN,4822400,2211720,2907,72704,43520,NaN,NaN
2026-04-01 16:29:31.715,43988,ESTAB,prague,228,27.372,11.787,20.025,1448,11,15928,15928,4076039,4076039,20058,NaN,2908,1779,2906,49,NaN,NaN,4822400,2211720,2907,72704,43520,NaN,NaN
2026-04-01 16:29:31.962,43988,ESTAB,prague,228,27.372,11.787,20.025,1448,11,15928,15928,4076039,4076039,20058,NaN,2908,1779,2906,49,NaN,NaN,4822400,2211720,2907,72704,43520,NaN,NaN
2026-04-01 16:29:32.210,43988,ESTAB,prague,228,27.372,11.787,20.025,1448,11,15928,15928,4076039,4076039,20058,NaN,2908,1779,2906,49,NaN,NaN,4822400,2211720,2907,72704,43520,NaN,NaN
2026-04-01 16:29:32.458,43988,ESTAB,prague,224,22.351,0.752,20.025,1448,13,18824,15928,4144978,4127746,20882,NaN,2957,1801,2955,51,NaN,NaN,6979336,6382368,2944,72704,43520,12,78980
2026-04-01 16:29:32.707,43988,ESTAB,prague,224,22.11,0.628,20.025,1448,14,20272,17376,4353198,4334530,20882,NaN,3102,1881,3100,51,NaN,NaN,7598304,6772616,3088,72192,43520,13,86160
2026-04-01 16:29:32.956,43988,ESTAB,prague,224,22.012,0.514,20.025,1448,14,20272,17376,4554238,4535570,20882,NaN,3242,1958,3240,51,NaN,NaN,7632128,6694016,3228,72192,43520,13,100520
2026-04-01 16:29:33.195,43988,ESTAB,prague,224,22.367,1.066,20.015,1448,13,18824,17376,4752406,4733738,20882,NaN,3380,2028,3378,51,NaN,NaN,6974344,6415352,3366,72192,43520,13,117752
2026-04-01 16:29:33.442,43988,ESTAB,prague,224,22.47,1.216,20.015,1448,13,18824,17376,4953446,4934778,20882,NaN,3520,2106,3518,51,NaN,NaN,6942416,6127472,3506,72192,43520,13,60312
2026-04-01 16:29:33.683,43988,ESTAB,prague,224,22.781,1.194,20.015,1448,13,18824,17376,5148742,5134382,20882,NaN,3656,2183,3654,51,NaN,NaN,6847672,5810640,3645,72192,43520,10,54509
2026-04-01 16:29:33.919,43988,ESTAB,prague,224,23.161,1.151,20.015,1448,13,18824,18824,5203251,5203251,20882,NaN,3694,2207,3692,51,NaN,NaN,6735248,6430192,3693,72192,43520,NaN,NaN
2026-04-01 16:29:34.160,43988,ESTAB,prague,224,23.161,1.151,20.015,1448,13,18824,18824,5203251,5203251,20882,NaN,3694,2207,3692,51,NaN,NaN,6735248,6430192,3693,72192,43520,NaN,NaN
2026-04-01 16:29:34.394,43988,ESTAB,prague,224,22.745,1.166,20.015,1448,13,18824,18824,5210442,5206134,21706,NaN,3700,2210,3698,53,NaN,NaN,6858384,6430192,3696,72704,43520,3,140728
2026-04-01 16:29:34.616,43988,ESTAB,prague,224,22.476,1.469,20.015,1448,11,15928,15928,5391378,5375582,21706,NaN,3826,2276,3824,53,NaN,NaN,5872856,5876672,3814,72192,43520,11,103392
2026-04-01 16:29:34.837,43988,ESTAB,prague,224,21.939,1.053,20.015,1448,13,18824,18824,5576622,5557954,21706,NaN,3955,2344,3953,53,NaN,NaN,7110376,5920520,3941,72192,43520,13,61748
2026-04-01 16:29:35.057,43988,ESTAB,prague,224,22.93,1.502,20.015,1448,12,17376,17376,5753250,5736018,21706,NaN,4078,2411,4076,53,NaN,NaN,6279936,6731264,4065,72192,43520,12,100520
2026-04-01 16:29:35.277,43988,ESTAB,prague,224,21.944,0.503,20.015,1448,14,20272,17376,5937058,5916954,21706,NaN,4206,2475,4204,53,NaN,NaN,7655536,6937904,4191,72192,43520,14,60312
2026-04-01 16:29:35.498,43988,ESTAB,prague,224,22.152,0.976,20.015,1448,13,18824,17376,6112609,6100762,21706,NaN,4329,2539,4327,53,NaN,NaN,7042048,6217368,4319,72192,43520,9,NaN
2026-04-01 16:29:35.726,43988,ESTAB,prague,228,27.083,10.624,20.015,1448,14,20272,17376,6112609,6112609,21706,NaN,4329,2544,4327,53,NaN,NaN,6203008,2314160,4328,72704,43520,NaN,NaN
2026-04-01 16:29:35.951,43988,ESTAB,prague,228,27.083,10.624,20.015,1448,14,20272,17376,6112609,6112609,21706,NaN,4329,2544,4327,53,NaN,NaN,6203008,2314160,4328,72704,43520,NaN,NaN
2026-04-01 16:29:36.171,43988,ESTAB,prague,228,27.083,10.624,20.015,1448,14,20272,17376,6112609,6112609,21706,NaN,4329,2544,4327,53,NaN,NaN,6203008,2314160,4328,72704,43520,NaN,NaN
2026-04-01 16:29:36.391,43988,ESTAB,prague,228,27.083,10.624,20.015,1448,14,20272,17376,6112609,6112609,22114,NaN,4329,2545,4327,54,NaN,NaN,6203008,2314160,4328,72704,43520,NaN,NaN
2026-04-01 16:29:36.612,43988,ESTAB,prague,224,21.795,0.265,20.015,1448,14,20272,17376,6279196,6259092,22530,NaN,4446,2606,4444,55,NaN,NaN,7708064,6929608,4431,72192,43520,14,124932
2026-04-01 16:29:36.835,43988,ESTAB,prague,224,22.248,1.107,20.015,1448,13,18824,17376,6461568,6442900,22530,NaN,4573,2670,4571,55,NaN,NaN,7011680,5560096,4559,72192,43520,13,86160
2026-04-01 16:29:37.055,43988,ESTAB,prague,224,23.44,1.766,20.015,1448,12,17376,17376,6645376,6629580,22530,NaN,4701,2736,4699,55,NaN,NaN,6143136,6471200,4689,72192,43520,11,117752
2026-04-01 16:29:37.275,43988,ESTAB,prague,224,21.898,0.34,20.015,1448,14,20272,17376,6830620,6810516,22530,NaN,4830,2800,4828,55,NaN,NaN,7671664,7017264,4815,72192,43520,14,76108
2026-04-01 16:29:37.496,43988,ESTAB,prague,224,22.277,1.116,20.015,1448,13,18824,17376,7011556,6992888,22530,NaN,4956,2864,4954,55,NaN,NaN,7002632,6435552,4942,72192,43520,13,110572
2026-04-01 16:29:37.718,43988,ESTAB,prague,224,23.276,1.936,20.015,1448,12,17376,17376,7189620,7172388,22530,NaN,5080,2935,5078,55,NaN,NaN,6186432,6493272,5067,72192,43520,12,76108
2026-04-01 16:29:37.938,43988,ESTAB,prague,224,22.035,0.636,20.015,1448,14,20272,17376,7272838,7272838,22530,NaN,5138,2970,5136,55,NaN,NaN,7623952,6622896,5137,72192,43520,NaN,NaN
2026-04-01 16:29:38.158,43988,ESTAB,prague,224,22.035,0.636,20.015,1448,14,20272,17376,7272838,7272838,22530,NaN,5138,2970,5136,55,NaN,NaN,7623952,6622896,5137,72192,43520,NaN,NaN
2026-04-01 16:29:38.378,43988,ESTAB,prague,224,22.035,0.636,20.015,1448,14,20272,17376,7272838,7272838,22530,NaN,5138,2970,5136,55,NaN,NaN,7623952,6622896,5137,72192,43520,NaN,NaN
2026-04-01 16:29:38.600,43988,ESTAB,prague,224,21.947,1.007,20.015,1448,13,18824,18824,7409269,7390601,23354,NaN,5234,3018,5232,57,NaN,NaN,7107880,6481808,5220,72192,43520,13,83288
2026-04-01 16:29:38.820,43988,ESTAB,prague,224,22.359,0.744,20.015,1448,13,18824,18824,7587333,7568665,23354,NaN,5358,3083,5356,57,NaN,NaN,6976736,6896408,5344,72192,43520,13,120624
2026-04-01 16:29:39.041,43988,ESTAB,prague,224,22.009,0.581,20.015,1448,14,20272,17376,7766833,7748165,23354,NaN,5483,3153,5481,57,NaN,NaN,7633136,6660976,5469,72192,43520,13,84724
2026-04-01 16:29:39.263,43988,ESTAB,prague,224,22.706,1.953,20.015,1448,13,18824,17376,7944897,7927665,23354,NaN,5607,3224,5605,57,NaN,NaN,6870240,6022352,5594,72192,43520,12,100100
2026-04-01 16:29:39.485,43988,ESTAB,prague,228,27.26,10.788,20.015,1448,15,21720,17376,8044997,8044997,23354,NaN,5677,3266,5675,57,NaN,NaN,6603000,2317616,5676,72704,43520,NaN,NaN
2026-04-01 16:29:39.706,43988,ESTAB,prague,228,27.26,10.788,20.015,1448,15,21720,17376,8044997,8044997,23354,NaN,5677,3266,5675,57,NaN,NaN,6603000,2317616,5676,72704,43520,NaN,NaN
2026-04-01 16:29:39.926,43988,ESTAB,prague,228,27.26,10.788,20.015,1448,15,21720,17376,8044997,8044997,23354,NaN,5677,3266,5675,57,NaN,NaN,6603000,2317616,5676,72704,43520,NaN,NaN
2026-04-01 16:29:40.148,43988,ESTAB,prague,228,27.26,10.788,20.015,1448,15,21720,17376,8044997,8044997,23354,NaN,5677,3266,5675,57,NaN,NaN,6603000,2317616,5676,72704,43520,NaN,NaN
2026-04-01 16:29:40.369,43988,ESTAB,prague,228,27.26,10.788,20.015,1448,15,21720,17376,8044997,8044997,23354,NaN,5677,3266,5675,57,NaN,NaN,6603000,2317616,5676,72704,43520,NaN,NaN
2026-04-01 16:29:40.589,43988,ESTAB,prague,224,22.793,1.394,20.015,1448,12,17376,17376,8146964,8129732,24178,NaN,5749,3306,5747,59,NaN,NaN,6317664,6466688,5736,72192,43520,12,117752
2026-04-01 16:29:40.810,43988,ESTAB,prague,224,22.63,1.374,20.015,1448,11,15928,15928,8327900,8313540,24178,NaN,5875,3377,5873,59,NaN,NaN,5832904,6694160,5864,72192,43520,10,80416
2026-04-01 16:29:41.031,43988,ESTAB,prague,224,22.67,1.23,20.015,1448,13,18824,17376,8508836,8491604,24178,NaN,6001,3440,5999,59,NaN,NaN,6881160,5889664,5988,72192,43520,12,114880
2026-04-01 16:29:41.251,43988,ESTAB,prague,224,22.378,0.776,20.015,1448,12,17376,17376,8692644,8675412,24178,NaN,6129,3504,6127,59,NaN,NaN,6434688,6788440,6116,72192,43520,12,74672
2026-04-01 16:29:41.471,43988,ESTAB,prague,224,21.905,0.44,20.015,1448,14,20272,17376,8877888,8859220,24178,NaN,6258,3568,6256,59,NaN,NaN,7669200,6939296,6244,72192,43520,13,104828
2026-04-01 16:29:41.691,43988,ESTAB,prague,224,22.01,1.166,20.015,1448,11,15928,15928,9004346,9004256,24178,NaN,6347,3626,6345,59,NaN,NaN,5997024,5540408,6345,72192,43520,1,NaN
2026-04-01 16:29:41.911,43988,ESTAB,prague,228,27.134,11.122,20.015,1448,11,15928,15928,9004346,9004346,24178,NaN,6347,3627,6345,59,NaN,NaN,4864640,1838664,6346,72704,43520,NaN,NaN
2026-04-01 16:29:42.134,43988,ESTAB,prague,228,27.134,11.122,20.015,1448,11,15928,15928,9004346,9004346,24178,NaN,6347,3627,6345,59,NaN,NaN,4864640,1838664,6346,72704,43520,NaN,NaN
2026-04-01 16:29:42.354,43988,ESTAB,prague,228,27.134,11.122,20.015,1448,11,15928,15928,9004346,9004346,24178,NaN,6347,3627,6345,59,NaN,NaN,4864640,1838664,6346,72704,43520,NaN,NaN
2026-04-01 16:29:42.574,43988,ESTAB,prague,224,22.42,1.012,20.015,1448,13,18824,15928,9064669,9047437,25002,NaN,6390,3646,6388,61,NaN,NaN,6957912,6222936,6377,72704,43520,12,87596
2026-04-01 16:29:42.795,43988,ESTAB,prague,224,23.245,1.828,20.015,1448,12,17376,17376,9244169,9226937,25002,NaN,6515,3716,6513,61,NaN,NaN,6194592,6015312,6502,72192,43520,12,123496
2026-04-01 16:29:43.017,43988,ESTAB,prague,224,21.644,0.446,20.015,1448,12,17376,17376,9426541,9409309,25002,NaN,6642,3788,6640,61,NaN,NaN,6652896,6806720,6629,72192,43520,12,84724
2026-04-01 16:29:43.237,43988,ESTAB,prague,224,22.111,0.735,20.015,1448,14,20272,17376,9608913,9591681,25002,NaN,6769,3852,6767,61,NaN,NaN,7597968,6537240,6756,72192,43520,12,117752
2026-04-01 16:29:43.457,43988,ESTAB,prague,224,23.215,1.762,20.015,1448,13,18824,17376,9789849,9774053,25002,NaN,6895,3916,6893,61,NaN,NaN,6719440,6028096,6883,72192,43520,11,80416
2026-04-01 16:29:43.678,43988,ESTAB,prague,224,22.01,0.647,20.015,1448,12,17376,17376,9970785,9953553,25002,NaN,7021,3986,7019,61,NaN,NaN,6542208,6818744,7008,72192,43520,12,114880
