timestamp,dst_port,state,cc_algo,rto_ms,rtt_ms,rtt_var_ms,min_rtt_ms,mss_bytes,cwnd_pkts,cwnd_bytes,ssthresh_bytes,bytes_sent,bytes_acked,bytes_received,bytes_retrans,segs_out,segs_in,data_segs_out,data_segs_in,retrans_outstanding,retrans_total,pacing_rate_bps,delivery_rate_bps,delivered_pkts,snd_wnd_bytes,rcv_wnd_bytes,unacked_pkts,notsent_bytes
2026-04-01 16:30:04.724,39648,ESTAB,prague,224,21.07,4.989,20.167,1448,9,13032,13032,2883,2883,408,NaN,4,6,3,1,NaN,NaN,5125608,1596464,4,48640,43520,NaN,NaN
2026-04-01 16:30:04.977,39648,ESTAB,prague,224,21.07,4.989,20.167,1448,9,13032,13032,2883,2883,408,NaN,4,6,3,1,NaN,NaN,5125608,1596464,4,48640,43520,NaN,NaN
2026-04-01 16:30:05.466,40632,ESTAB,prague,224,22.166,9.004,20.128,1448,10,14480,NaN,15204,1056,822,NaN,12,5,11,2,NaN,NaN,10826960,575512,2,45568,43520,10,55427
2026-04-01 16:30:05.689,40632,ESTAB,prague,224,22.428,0.37,20.021,1448,12,17376,10136,120511,103279,1644,NaN,86,44,85,4,NaN,NaN,6420384,5728128,74,52736,43520,12,56004
2026-04-01 16:30:05.910,40632,ESTAB,prague,224,21.572,0.371,20.021,1448,12,17376,17376,304319,288523,1644,NaN,214,120,213,4,NaN,NaN,6675072,6579008,203,69632,43520,11,81852
2026-04-01 16:30:06.131,40632,ESTAB,prague,224,21.828,0.58,20.021,1448,14,20272,15928,438770,438770,1644,NaN,308,185,307,4,NaN,NaN,7696192,6909976,308,69632,43520,NaN,NaN
2026-04-01 16:30:06.356,40632,ESTAB,prague,224,21.828,0.58,20.021,1448,14,20272,15928,438770,438770,1644,NaN,308,185,307,4,NaN,NaN,7696192,6909976,308,69632,43520,NaN,NaN
2026-04-01 16:30:06.576,40632,ESTAB,prague,224,21.828,0.58,20.021,1448,14,20272,15928,438770,438770,1644,NaN,308,185,307,4,NaN,NaN,7696192,6909976,308,69632,43520,NaN,NaN
2026-04-01 16:30:06.797,40632,ESTAB,prague,224,21.828,0.58,20.021,1448,14,20272,15928,438770,438770,1644,NaN,308,185,307,4,NaN,NaN,7696192,6909976,308,69632,43520,NaN,NaN
2026-04-01 16:30:07.031,40632,ESTAB,prague,224,21.828,0.58,20.021,1448,14,20272,15928,438770,438770,1644,NaN,308,185,307,4,NaN,NaN,7696192,6909976,308,69632,43520,NaN,NaN
2026-04-01 16:30:07.306,40632,ESTAB,prague,224,21.828,0.58,20.021,1448,14,20272,15928,438770,438770,1644,NaN,308,185,307,4,NaN,NaN,7696192,6909976,308,69632,43520,NaN,NaN
2026-04-01 16:30:07.556,40632,ESTAB,prague,224,21.804,0.806,20.021,1448,12,17376,17376,516325,500529,2468,NaN,363,215,362,6,NaN,NaN,6604128,6712368,352,72192,43520,11,64620
2026-04-01 16:30:07.800,40632,ESTAB,prague,224,21.762,0.341,20.021,1448,13,18824,15928,697261,678593,2468,NaN,489,285,488,6,NaN,NaN,7168304,6462176,476,72192,43520,13,100520
2026-04-01 16:30:08.047,40632,ESTAB,prague,224,22.611,1.473,20.021,1448,13,18824,17376,902609,883941,2468,NaN,632,358,631,6,NaN,NaN,6899256,5889664,619,72192,43520,13,110572
2026-04-01 16:30:08.278,40632,ESTAB,prague,224,22.776,1.045,20.021,1448,12,17376,17376,1089289,1073493,2468,NaN,762,431,761,6,NaN,NaN,6322368,6798688,751,72192,43520,11,67492
2026-04-01 16:30:08.529,40632,ESTAB,prague,224,22.026,0.7,20.021,1448,12,17376,15928,1290329,1273097,2468,NaN,902,508,901,6,NaN,NaN,6537504,5250696,890,72192,43520,12,81852
2026-04-01 16:30:08.759,40632,ESTAB,prague,224,22.258,0.657,20.021,1448,14,20272,17376,1465714,1462842,2884,NaN,1025,576,1024,7,NaN,NaN,7547456,5957664,1023,72704,43520,2,142164
2026-04-01 16:30:08.990,40632,ESTAB,prague,224,22.219,0.462,20.021,1448,12,17376,15928,1649522,1633726,2884,NaN,1153,643,1152,7,NaN,NaN,6480672,6000512,1142,72192,43520,11,101956
2026-04-01 16:30:09.239,40632,ESTAB,prague,224,23.577,1.716,20.021,1448,13,18824,17376,1859178,1841946,2884,NaN,1299,717,1298,7,NaN,NaN,6616480,6398816,1287,72192,43520,12,107700
2026-04-01 16:30:09.472,40632,ESTAB,prague,224,22.439,0.86,20.021,1448,12,17376,17376,2047294,2030062,2884,NaN,1430,790,1429,7,NaN,NaN,6417312,6830760,1418,72192,43520,12,63184
2026-04-01 16:30:09.733,40632,ESTAB,prague,224,22.094,0.417,20.021,1448,14,20272,20272,2252642,2232538,2884,NaN,1573,862,1572,7,NaN,NaN,7603568,7002416,1559,72192,43520,14,73236
2026-04-01 16:30:09.990,40632,ESTAB,prague,224,22.421,0.981,20.021,1448,13,18824,18824,2466606,2447938,2884,NaN,1722,945,1721,7,NaN,NaN,6957704,6901240,1709,72192,43520,13,74672
2026-04-01 16:30:10.231,40632,ESTAB,prague,224,21.956,0.301,20.021,1448,15,21720,17376,2664774,2644670,2884,NaN,1860,1021,1859,7,NaN,NaN,8198040,7101144,1846,72192,43520,14,6242
2026-04-01 16:30:10.472,40632,ESTAB,prague,224,21.802,0.481,20.021,1448,13,18824,15928,2834720,2818924,3300,NaN,1979,1091,1978,8,NaN,NaN,7155096,6587120,1968,72192,43520,11,124932
2026-04-01 16:30:10.713,40632,ESTAB,prague,224,23.353,1.713,20.021,1448,13,18824,18824,3035760,3017092,3300,NaN,2119,1161,2118,8,NaN,NaN,6679816,6704736,2106,72192,43520,13,67492
2026-04-01 16:30:10.953,40632,ESTAB,prague,224,22.429,0.699,20.021,1448,13,18824,18824,3233928,3215260,3300,NaN,2257,1237,2256,8,NaN,NaN,6955208,6935040,2244,72192,43520,13,84724
2026-04-01 16:30:11.184,40632,ESTAB,prague,224,22.095,0.559,20.021,1448,14,20272,17376,3420608,3400504,3300,NaN,2387,1309,2386,8,NaN,NaN,7603456,6731616,2373,72192,43520,14,113444
2026-04-01 16:30:11.409,40632,ESTAB,prague,224,22.456,1.147,20.021,1448,13,18824,17376,3601544,3585748,3300,NaN,2513,1381,2512,8,NaN,NaN,6946576,5590952,2502,72192,43520,11,76108
2026-04-01 16:30:11.636,40632,ESTAB,prague,224,21.95,0.36,20.021,1448,15,21720,17376,3789660,3769556,3300,NaN,2644,1445,2643,8,NaN,NaN,8200200,7135512,2630,72192,43520,14,103392
2026-04-01 16:30:11.871,40632,ESTAB,prague,224,22.566,1.093,20.021,1448,13,18824,17376,3954828,3939032,3716,NaN,2760,1512,2759,9,NaN,NaN,6912984,5273512,2749,72704,43520,11,129240
2026-04-01 16:30:12.116,40632,ESTAB,prague,224,22.638,1.596,20.021,1448,13,18824,17376,4151560,4132892,3716,NaN,2897,1587,2896,9,NaN,NaN,6890936,5814288,2884,72192,43520,13,76108
2026-04-01 16:30:12.356,40632,ESTAB,prague,224,23.29,1.753,20.021,1448,12,17376,17376,4349728,4332496,3716,NaN,3035,1664,3034,9,NaN,NaN,6182784,5991464,3023,72192,43520,12,93340
2026-04-01 16:30:12.581,40632,ESTAB,prague,224,22.078,0.439,20.021,1448,14,20272,15928,4536408,4516304,3716,NaN,3165,1735,3164,9,NaN,NaN,7609280,6881920,3151,72192,43520,14,122060
2026-04-01 16:30:12.807,40632,ESTAB,prague,224,21.755,0.962,20.021,1448,13,18824,18824,4721652,4702984,3716,NaN,3294,1806,3293,9,NaN,NaN,7170696,5938224,3281,72192,43520,13,80416
2026-04-01 16:30:13.034,40632,ESTAB,prague,224,22.515,0.869,20.021,1448,13,18824,18824,4904024,4885356,3716,NaN,3421,1872,3420,9,NaN,NaN,6928376,6814976,3408,72192,43520,13,113444
2026-04-01 16:30:13.264,40632,ESTAB,prague,224,21.981,0.217,20.021,1448,14,20272,17376,5092140,5072036,3716,NaN,3552,1944,3551,9,NaN,NaN,7642880,6934792,3538,72192,43520,14,19176
2026-04-01 16:30:13.504,40632,ESTAB,prague,228,27.548,10.964,20.021,1448,13,18824,17376,5111316,5111316,3716,NaN,3566,1959,3565,9,NaN,NaN,5662800,2073480,3566,72704,43520,NaN,NaN
2026-04-01 16:30:13.742,40632,ESTAB,prague,228,24.14,0.211,20.021,1448,12,17376,17376,5242003,5226207,4540,NaN,3658,2003,3657,11,NaN,NaN,5965056,6691808,3647,72192,43520,11,89032
2026-04-01 16:30:13.977,40632,ESTAB,prague,224,21.736,0.2,20.021,1448,13,18824,15928,5434427,5415759,4540,NaN,3792,2076,3791,11,NaN,NaN,7176936,6581816,3779,72192,43520,13,112008
2026-04-01 16:30:14.203,40632,ESTAB,prague,224,23.064,1.138,20.02,1448,13,18824,18824,5621107,5603875,4540,NaN,3922,2142,3921,11,NaN,NaN,6763432,6727616,3910,72192,43520,12,68928
2026-04-01 16:30:14.432,40632,ESTAB,prague,224,21.94,0.191,20.02,1448,14,20272,17376,5809223,5789119,4540,NaN,4053,2214,4052,11,NaN,NaN,7657104,7110480,4039,72192,43520,14,96212
2026-04-01 16:30:14.663,40632,ESTAB,prague,224,21.632,0.814,20.02,1448,11,15928,15928,5997339,5981543,4540,NaN,4184,2288,4183,11,NaN,NaN,6101744,6640928,4173,72192,43520,11,123496
2026-04-01 16:30:14.890,40632,ESTAB,prague,224,23.047,1.092,20.02,1448,12,17376,17376,6182583,6165351,4540,NaN,4313,2353,4312,11,NaN,NaN,6247872,6731528,4301,72192,43520,12,81852
2026-04-01 16:30:15.135,40632,ESTAB,prague,224,23.582,1.774,20.02,1448,12,17376,17376,6305829,6305829,4540,NaN,4399,2403,4398,11,NaN,NaN,6106176,6659384,4399,72192,43520,NaN,NaN
2026-04-01 16:30:15.372,40632,ESTAB,prague,224,23.582,1.774,20.02,1448,12,17376,17376,6305829,6305829,4540,NaN,4399,2403,4398,11,NaN,NaN,6106176,6659384,4399,72192,43520,NaN,NaN
2026-04-01 16:30:15.610,40632,ESTAB,prague,224,23.582,1.774,20.02,1448,12,17376,17376,6308712,6305829,4948,NaN,4402,2404,4401,12,NaN,NaN,6106176,6659384,4399,72704,43520,3,NaN
2026-04-01 16:30:15.855,40632,ESTAB,prague,224,21.811,0.188,20.02,1448,14,20272,15928,6501136,6482468,5364,NaN,4536,2475,4535,13,NaN,NaN,7702240,6929608,4523,72192,43520,13,96212
2026-04-01 16:30:16.085,40632,ESTAB,prague,224,22.204,1.256,20.02,1448,13,18824,18824,6690688,6673456,5364,NaN,4668,2545,4667,13,NaN,NaN,7025512,5921784,4656,72192,43520,12,122060
2026-04-01 16:30:16.314,40632,ESTAB,prague,224,22.337,0.672,20.02,1448,13,18824,18824,6877368,6858700,5364,NaN,4798,2614,4797,13,NaN,NaN,6983704,6980408,4785,72192,43520,13,78980
2026-04-01 16:30:16.546,40632,ESTAB,prague,224,21.981,0.471,20.02,1448,14,20272,17376,7064048,7043944,5364,NaN,4928,2686,4927,13,NaN,NaN,7642880,6921328,4914,72192,43520,14,107700
2026-04-01 16:30:16.785,40632,ESTAB,prague,224,22.316,0.797,20.02,1448,13,18824,17376,7253600,7234932,5364,NaN,5060,2760,5059,13,NaN,NaN,6990360,6131800,5047,72192,43520,13,61748
2026-04-01 16:30:17.015,40632,ESTAB,prague,224,23.483,1.639,20.02,1448,12,17376,17376,7446024,7428792,5364,NaN,5194,2828,5193,13,NaN,NaN,6132000,6448984,5182,72192,43520,12,33095
2026-04-01 16:30:17.242,40632,ESTAB,prague,224,22.195,0.422,20.02,1448,14,20272,20272,7479119,7479119,5364,NaN,5218,2846,5217,13,NaN,NaN,7568960,7013016,5218,72704,43520,NaN,NaN
2026-04-01 16:30:17.474,40632,ESTAB,prague,224,22.195,0.422,20.02,1448,14,20272,20272,7479119,7479119,5364,NaN,5218,2846,5217,13,NaN,NaN,7568960,7013016,5218,72704,43520,NaN,NaN
2026-04-01 16:30:17.707,40632,ESTAB,prague,224,22.069,0.516,20.02,1448,14,20272,18824,7526518,7507850,6188,NaN,5252,2859,5251,15,NaN,NaN,7612304,6800448,5239,72704,43520,13,100520
2026-04-01 16:30:17.933,40632,ESTAB,prague,224,22.177,1.22,20.02,1448,12,17376,15928,7707454,7693094,6188,NaN,5378,2940,5377,15,NaN,NaN,6492960,5493592,5368,72192,43520,10,63184
2026-04-01 16:30:18.158,40632,ESTAB,prague,224,21.617,0.668,20.02,1448,11,15928,15928,7891262,7875466,6188,NaN,5506,3011,5505,15,NaN,NaN,6106056,6707880,5495,72192,43520,11,94776
2026-04-01 16:30:18.394,40632,ESTAB,prague,224,22.594,1.538,20.02,1448,13,18824,18824,8086558,8069326,6188,NaN,5642,3082,5641,15,NaN,NaN,6904352,6166072,5630,72192,43520,12,114880
2026-04-01 16:30:18.633,40632,ESTAB,prague,224,22.91,1.038,20.02,1448,12,17376,17376,8277546,8261750,6188,NaN,5775,3154,5774,15,NaN,NaN,6285216,6730968,5764,72192,43520,11,67492
2026-04-01 16:30:18.869,40632,ESTAB,prague,224,22.013,0.811,20.02,1448,12,17376,15928,8471406,8454174,6188,NaN,5910,3229,5909,15,NaN,NaN,6541440,5408256,5898,72192,43520,12,89032
2026-04-01 16:30:19.100,40632,ESTAB,prague,224,22.233,1.12,20.02,1448,11,15928,15928,8651063,8648034,6188,NaN,6036,3304,6035,15,NaN,NaN,5936832,6714160,6033,72192,43520,3,NaN
2026-04-01 16:30:19.333,40632,ESTAB,prague,232,28.06,12.192,20.02,1448,11,15928,15928,8651063,8651063,6188,NaN,6036,3306,6035,15,NaN,NaN,4704128,2206120,6036,72704,43520,NaN,NaN
2026-04-01 16:30:19.563,40632,ESTAB,prague,232,28.06,12.192,20.02,1448,11,15928,15928,8651063,8651063,6188,NaN,6036,3306,6035,15,NaN,NaN,4704128,2206120,6036,72704,43520,NaN,NaN
2026-04-01 16:30:19.798,40632,ESTAB,prague,224,22.113,0.521,20.02,1448,14,20272,15928,8737234,8717130,7012,NaN,6097,3333,6096,17,NaN,NaN,7597296,6890104,6083,72704,43520,14,61748
2026-04-01 16:30:20.034,40632,ESTAB,prague,224,22.263,0.747,20.02,1448,13,18824,17376,8925350,8906682,7012,NaN,6228,3406,6227,17,NaN,NaN,7006792,6332360,6215,72192,43520,13,89032
2026-04-01 16:30:20.273,40632,ESTAB,prague,224,22.531,1.323,20.02,1448,13,18824,17376,9122082,9106286,7012,NaN,6365,3483,6364,17,NaN,NaN,6923696,5734176,6354,72192,43520,11,107700
2026-04-01 16:30:20.508,40632,ESTAB,prague,224,22.757,0.965,20.02,1448,12,17376,17376,9313070,9295838,7012,NaN,6498,3556,6497,17,NaN,NaN,6327552,6838248,6486,72192,43520,12,60312
2026-04-01 16:30:20.743,40632,ESTAB,prague,224,21.981,0.387,20.02,1448,14,20272,15928,9505494,9485390,7012,NaN,6632,3629,6631,17,NaN,NaN,7642656,6888056,6618,72192,43520,14,83288
2026-04-01 16:30:20.975,40632,ESTAB,prague,224,22.148,0.696,20.02,1448,13,18824,17376,9696482,9677814,7012,NaN,6765,3696,6764,17,NaN,NaN,7043400,6451984,6752,72192,43520,13,107700
2026-04-01 16:30:21.221,40632,ESTAB,prague,228,27.368,11.235,20.02,1448,11,15928,15928,9833713,9833713,7012,NaN,6861,3759,6860,17,NaN,NaN,4823016,1826376,6861,72704,43520,NaN,NaN
2026-04-01 16:30:21.459,40632,ESTAB,prague,228,27.368,11.235,20.02,1448,11,15928,15928,9833713,9833713,7012,NaN,6861,3759,6860,17,NaN,NaN,4823016,1826376,6861,72704,43520,NaN,NaN
2026-04-01 16:30:21.692,40632,ESTAB,prague,228,27.368,11.235,20.02,1448,11,15928,15928,9836596,9833713,7420,NaN,6864,3760,6863,18,NaN,NaN,4823016,1826376,6861,72704,43520,3,NaN
2026-04-01 16:30:21.917,40632,ESTAB,prague,224,21.97,0.886,20.02,1448,12,17376,15928,9997428,9981632,7836,NaN,6976,3822,6975,19,NaN,NaN,6554304,5443840,6965,72192,43520,11,127804
2026-04-01 16:30:22.143,40632,ESTAB,prague,224,21.893,0.833,20.02,1448,11,15928,15928,10181236,10165440,7836,NaN,7104,3893,7103,19,NaN,NaN,6029144,6672512,7093,72192,43520,11,87596
2026-04-01 16:30:22.377,40632,ESTAB,prague,224,21.814,0.708,20.018,1448,13,18824,18824,10377968,10359300,7836,NaN,7241,3966,7240,19,NaN,NaN,7151144,6225632,7228,72192,43520,13,106264
2026-04-01 16:30:22.621,40632,ESTAB,prague,224,23.099,1.517,20.018,1448,13,18824,18824,10568956,10550288,7836,NaN,7374,4036,7373,19,NaN,NaN,6753240,6703696,7361,72192,43520,13,58876
2026-04-01 16:30:22.867,40632,ESTAB,prague,224,22.288,0.808,20.018,1448,14,20272,17376,10718815,10718300,7836,NaN,7479,4102,7478,19,NaN,NaN,7537488,6408848,7478,72192,43520,1,NaN
2026-04-01 16:30:23.110,40632,ESTAB,prague,228,27.328,10.686,20.018,1448,14,20272,17376,10718815,10718815,7836,NaN,7479,4103,7478,19,NaN,NaN,6147344,2288768,7479,72704,43520,NaN,NaN
2026-04-01 16:30:23.345,40632,ESTAB,prague,228,27.328,10.686,20.018,1448,14,20272,17376,10718815,10718815,7836,NaN,7479,4103,7478,19,NaN,NaN,6147344,2288768,7479,72704,43520,NaN,NaN
2026-04-01 16:30:23.591,40632,ESTAB,prague,228,27.328,10.686,20.018,1448,14,20272,17376,10718815,10718815,7836,NaN,7479,4103,7478,19,NaN,NaN,6147344,2288768,7479,72704,43520,NaN,NaN
2026-04-01 16:30:23.825,40632,ESTAB,prague,224,22.906,0.817,20.018,1448,13,18824,18824,10790626,10773394,8660,NaN,7530,4126,7529,21,NaN,NaN,6810336,6732920,7518,72192,43520,12,76108
2026-04-01 16:30:24.062,40632,ESTAB,prague,224,22.478,0.982,20.018,1448,13,18824,18824,10985922,10967254,8660,NaN,7666,4201,7665,21,NaN,NaN,6940024,6908520,7653,72192,43520,13,96212
2026-04-01 16:30:24.308,40632,ESTAB,prague,224,22.583,0.928,20.018,1448,12,17376,17376,11184090,11166858,8660,NaN,7804,4279,7803,21,NaN,NaN,6376320,6822712,7792,72192,43520,12,113444
2026-04-01 16:30:24.550,40632,ESTAB,prague,224,22.277,0.614,20.018,1448,12,17376,17376,11383694,11366462,8660,NaN,7943,4356,7942,21,NaN,NaN,6463776,6844312,7931,72192,43520,12,57440
2026-04-01 16:30:24.782,40632,ESTAB,prague,224,23.259,1.325,20.018,1448,13,18824,18824,11529437,11529437,8660,NaN,8045,4414,8044,21,NaN,NaN,6706856,6511240,8045,72192,43520,NaN,NaN
2026-04-01 16:30:25.023,40632,ESTAB,prague,224,23.259,1.325,20.018,1448,13,18824,18824,11529437,11529437,8660,NaN,8045,4414,8044,21,NaN,NaN,6706856,6511240,8045,72192,43520,NaN,NaN
2026-04-01 16:30:25.259,40632,ESTAB,prague,224,23.259,1.325,20.018,1448,13,18824,18824,11529437,11529437,8660,NaN,8045,4414,8044,21,NaN,NaN,6706856,6511240,8045,72192,43520,NaN,NaN
2026-04-01 16:30:25.498,40632,ESTAB,prague,224,23.259,1.325,20.018,1448,13,18824,18824,11529437,11529437,8660,NaN,8045,4414,8044,21,NaN,NaN,6706856,6511240,8045,72192,43520,NaN,NaN
2026-04-01 16:30:25.746,40632,ESTAB,prague,224,23.259,1.325,20.018,1448,13,18824,18824,11529437,11529437,8660,NaN,8045,4414,8044,21,NaN,NaN,6706856,6511240,8045,72192,43520,NaN,NaN
2026-04-01 16:30:25.993,40632,ESTAB,prague,224,21.851,0.9,20.018,1448,11,15928,15928,11708948,11693152,9484,NaN,8171,4481,8170,23,NaN,NaN,6040760,6696840,8160,72192,43520,11,112008
2026-04-01 16:30:26.239,40632,ESTAB,prague,224,21.74,0.889,20.018,1448,13,18824,18824,11912860,11894192,9484,NaN,8313,4557,8312,23,NaN,NaN,7175584,5908944,8300,72192,43520,13,123496
2026-04-01 16:30:26.476,40632,ESTAB,prague,224,22.98,1.248,20.018,1448,13,18824,18824,12108156,12089488,9484,NaN,8449,4628,8448,23,NaN,NaN,6788496,6670144,8436,72192,43520,13,71800
2026-04-01 16:30:26.702,40632,ESTAB,prague,224,21.968,0.191,20.018,1448,14,20272,17376,12289092,12268988,9484,NaN,8575,4697,8574,23,NaN,NaN,7647472,7045000,8561,72192,43520,14,106264
2026-04-01 16:30:26.936,40632,ESTAB,prague,224,22.07,0.631,20.018,1448,14,20272,17376,12481516,12462848,9484,NaN,8709,4765,8708,23,NaN,NaN,7611968,6693696,8696,72192,43520,13,57440
2026-04-01 16:30:27.172,40632,ESTAB,prague,224,22.214,0.635,20.018,1448,12,17376,15928,12634220,12634220,9484,NaN,8816,4832,8815,23,NaN,NaN,6482112,5742328,8816,72704,43520,NaN,NaN
2026-04-01 16:30:27.428,40632,ESTAB,prague,224,22.214,0.635,20.018,1448,12,17376,15928,12634220,12634220,9484,NaN,8816,4832,8815,23,NaN,NaN,6482112,5742328,8816,72704,43520,NaN,NaN
2026-04-01 16:30:27.673,40632,ESTAB,prague,224,22.214,0.635,20.018,1448,12,17376,15928,12634220,12634220,9484,NaN,8816,4832,8815,23,NaN,NaN,6482112,5742328,8816,72704,43520,NaN,NaN
2026-04-01 16:30:27.937,40632,ESTAB,prague,224,22.592,1.301,20.018,1448,13,18824,17376,12740495,12724699,10308,NaN,8891,4866,8890,25,NaN,NaN,6904976,5733704,8880,72192,43520,11,113444
2026-04-01 16:30:28.187,40632,ESTAB,prague,224,22.484,1.173,20.018,1448,13,18824,17376,12945843,12930047,10308,NaN,9034,4945,9033,25,NaN,NaN,6938152,6103528,9023,72192,43520,11,123496
2026-04-01 16:30:28.431,40632,ESTAB,prague,224,22.82,1.642,20.018,1448,13,18824,17376,13146883,13129651,10308,NaN,9174,5022,9173,25,NaN,NaN,6835920,5934672,9162,72192,43520,12,66056
2026-04-01 16:30:28.679,40632,ESTAB,prague,224,22.909,1.106,20.018,1448,13,18824,17376,13349359,13333563,10308,NaN,9315,5100,9314,25,NaN,NaN,6809400,6026008,9304,72192,43520,11,59129
2026-04-01 16:30:28.923,40632,ESTAB,prague,224,22.851,1.626,20.018,1448,13,18824,17376,13408488,13408488,10308,NaN,9357,5127,9356,25,NaN,NaN,6826560,5855432,9357,72704,43520,NaN,NaN
2026-04-01 16:30:29.155,40632,ESTAB,prague,224,22.851,1.626,20.018,1448,13,18824,17376,13408488,13408488,10308,NaN,9357,5127,9356,25,NaN,NaN,6826560,5855432,9357,72704,43520,NaN,NaN
2026-04-01 16:30:29.387,40632,ESTAB,prague,224,22.851,1.626,20.018,1448,13,18824,17376,13408488,13408488,10308,NaN,9357,5127,9356,25,NaN,NaN,6826560,5855432,9357,72704,43520,NaN,NaN
2026-04-01 16:30:29.620,40632,ESTAB,prague,224,22.851,1.626,20.018,1448,13,18824,17376,13408488,13408488,10308,NaN,9357,5127,9356,25,NaN,NaN,6826560,5855432,9357,72704,43520,NaN,NaN
2026-04-01 16:30:29.842,40632,ESTAB,prague,224,22.666,1.243,20.018,1448,13,18824,17376,13419987,13411371,11132,NaN,9366,5130,9365,27,NaN,NaN,6882304,5855432,9360,72704,43520,6,136420
2026-04-01 16:30:30.073,40632,ESTAB,prague,224,22.019,0.528,20.018,1448,12,17376,15928,13603795,13589435,11132,NaN,9494,5200,9493,27,NaN,NaN,6539616,5148232,9484,72192,43520,10,96212
2026-04-01 16:30:30.328,40632,ESTAB,prague,224,22.064,0.639,20.018,1448,12,17376,15928,13809143,13794783,11132,NaN,9637,5279,9636,27,NaN,NaN,6526272,5250696,9627,72192,43520,10,106264
2026-04-01 16:30:30.585,40632,ESTAB,prague,224,22.214,0.503,20.018,1448,12,17376,17376,14018799,14001567,11132,NaN,9783,5351,9782,27,NaN,NaN,6482208,6873320,9771,72192,43520,12,112008
2026-04-01 16:30:30.832,40632,ESTAB,prague,224,21.993,0.673,20.018,1448,12,17376,15928,14225583,14208351,11132,NaN,9927,5431,9926,27,NaN,NaN,6547392,5294768,9915,72192,43520,12,120624
2026-04-01 16:30:31.067,40632,ESTAB,prague,224,22.502,1.258,20.018,1448,11,15928,15928,14419443,14405083,11132,NaN,10062,5507,10061,27,NaN,NaN,5865904,6692680,10052,72192,43520,10,70364
2026-04-01 16:30:31.305,40632,ESTAB,prague,224,21.611,0.839,20.018,1448,11,15928,15928,14606142,14598943,11132,NaN,10193,5582,10192,27,NaN,NaN,6107728,6697560,10187,72192,43520,6,NaN
2026-04-01 16:30:31.537,40632,ESTAB,prague,228,27.133,11.035,20.018,1448,11,15928,15928,14606142,14606142,11132,NaN,10193,5586,10192,27,NaN,NaN,4864904,2364192,10193,72704,43520,NaN,NaN
2026-04-01 16:30:31.777,40632,ESTAB,prague,228,27.133,11.035,20.018,1448,11,15928,15928,14606142,14606142,11132,NaN,10193,5586,10192,27,NaN,NaN,4864904,2364192,10193,72704,43520,NaN,NaN
2026-04-01 16:30:32.033,40632,ESTAB,prague,224,23.287,1.41,20.018,1448,13,18824,18824,14728213,14709545,11956,NaN,10279,5626,10278,29,NaN,NaN,6698744,6678576,10266,72192,43520,13,97648
2026-04-01 16:30:32.267,40632,ESTAB,prague,224,23.13,1.139,20.018,1448,13,18824,17376,14924945,14907713,11956,NaN,10416,5702,10415,29,NaN,NaN,6744192,6461880,10404,72192,43520,12,116316
2026-04-01 16:30:32.495,40632,ESTAB,prague,224,22.14,0.735,20.018,1448,12,17376,15928,15110189,15092957,11956,NaN,10545,5774,10544,29,NaN,NaN,6504000,5162832,10533,72192,43520,12,74672
2026-04-01 16:30:32.727,40632,ESTAB,prague,224,22.198,1.146,20.018,1448,11,15928,15928,15299741,15283945,11956,NaN,10677,5847,10676,29,NaN,NaN,5946248,6722856,10666,72192,43520,11,100520
2026-04-01 16:30:32.960,40632,ESTAB,prague,224,22.391,1.227,20.018,1448,13,18824,18824,15493601,15474933,11956,NaN,10812,5917,10811,29,NaN,NaN,6966856,6345792,10799,72192,43520,13,122060
2026-04-01 16:30:33.189,40632,ESTAB,prague,224,22.586,0.876,20.018,1448,13,18824,18824,15678845,15660177,11956,NaN,10941,5986,10940,29,NaN,NaN,6906744,6831912,10928,72192,43520,13,80416
2026-04-01 16:30:33.423,40632,ESTAB,prague,224,21.977,0.261,20.018,1448,14,20272,17376,15853659,15849729,11956,NaN,11063,6059,11062,29,NaN,NaN,7644224,6925120,11060,72192,43520,3,NaN
2026-04-01 16:30:33.656,40632,ESTAB,prague,228,26.896,9.992,20.018,1448,14,20272,17376,15853659,15853659,11956,NaN,11063,6061,11062,29,NaN,NaN,6246128,2406888,11063,72704,43520,NaN,NaN
2026-04-01 16:30:33.891,40632,ESTAB,prague,228,24.655,7.585,20.018,1448,14,20272,17376,15856542,15856542,12364,NaN,11066,6065,11065,30,NaN,NaN,6813856,2406888,11066,72704,43520,NaN,NaN
2026-04-01 16:30:34.123,40632,ESTAB,prague,224,22.296,0.825,20.018,1448,13,18824,18824,16043222,16024554,12780,NaN,11196,6125,11195,31,NaN,NaN,6996496,6958000,11183,72192,43520,13,101956
2026-04-01 16:30:34.363,40632,ESTAB,prague,224,21.934,0.26,20.018,1448,14,20272,17376,16241390,16221286,12780,NaN,11334,6201,11333,31,NaN,NaN,7659232,7081920,11320,72192,43520,14,119188
2026-04-01 16:30:34.591,40632,ESTAB,prague,224,22.197,0.852,20.018,1448,13,18824,17376,16423762,16406530,12780,NaN,11461,6273,11460,31,NaN,NaN,7027800,6392048,11449,72192,43520,12,80416
2026-04-01 16:30:34.823,40632,ESTAB,prague,224,22.808,1.637,20.018,1448,6,8688,8688,16561618,16554438,12780,NaN,11557,6333,11556,31,NaN,NaN,3156672,3825152,11552,72192,43520,5,86160
2026-04-01 16:30:35.084,40632,ESTAB,prague,224,23.844,2.544,20.018,1448,4,5792,5792,16634854,16630546,12780,NaN,11608,6371,11607,31,NaN,NaN,2151376,1987048,11605,72192,43520,3,84724
2026-04-01 16:30:35.323,40632,ESTAB,prague,228,26.948,7.658,20.018,1448,3,4344,2896,16679370,16677934,12780,NaN,11639,6393,11638,31,NaN,NaN,1216944,1393696,11638,72192,43520,1,112008
2026-04-01 16:30:35.565,40632,ESTAB,prague,224,23.924,3.158,20.018,1448,4,5792,4344,16723886,16718142,12780,NaN,11670,6412,11669,31,NaN,NaN,1810296,1667320,11666,72192,43520,4,139292
2026-04-01 16:30:35.801,40632,ESTAB,prague,228,26.455,2.997,20.018,1448,4,5792,4344,16765530,16759786,12780,NaN,11699,6429,11698,31,NaN,NaN,1730288,2044288,11695,72192,43520,4,97648
2026-04-01 16:30:36.033,40632,ESTAB,prague,228,25.176,3.058,20.018,1448,4,5792,5792,16815790,16810046,12780,NaN,11734,6450,11733,31,NaN,NaN,1906496,1667560,11730,72192,43520,4,119188
2026-04-01 16:30:36.267,40632,ESTAB,prague,224,22.801,2.221,20.018,1448,3,4344,4344,16860306,16855998,12780,NaN,11765,6474,11764,31,NaN,NaN,1499968,1434960,11762,72192,43520,3,146472
2026-04-01 16:30:36.501,40632,ESTAB,prague,228,24.424,4.646,20.018,1448,3,4344,2896,16897642,16894770,12780,NaN,11791,6493,11790,31,NaN,NaN,1340760,1389576,11789,72192,43520,2,109136
2026-04-01 16:30:36.732,40632,ESTAB,prague,228,25.368,3.644,20.018,950,2,1900,1900,16924110,16922026,12780,NaN,11811,6505,11810,31,NaN,NaN,683584,557224,11809,72192,43520,2,82668
2026-04-01 16:30:36.974,40632,ESTAB,prague,228,26.143,5.275,20.018,1448,3,4344,2896,16953287,16950415,12780,NaN,11834,6520,11833,31,NaN,NaN,1151144,1337848,11832,72192,43520,2,57617
2026-04-01 16:30:37.205,40632,ESTAB,prague,232,29.12,6.678,20.018,1448,2,2896,2896,16983670,16980798,12780,NaN,11856,6533,11855,31,NaN,NaN,995048,560832,11854,72192,43520,2,27234
2026-04-01 16:30:37.437,40632,ESTAB,prague,228,25.529,5.351,20.018,1448,3,4344,2896,17010904,17009650,12780,NaN,11876,6548,11875,31,NaN,NaN,1320592,1051752,11875,72192,43520,1,NaN
2026-04-01 16:30:37.670,40632,ESTAB,prague,228,25.319,4.629,20.018,1448,3,4344,2896,17046804,17043932,13196,NaN,11901,6565,11900,32,NaN,NaN,1259696,1180472,11899,72192,43520,2,109136
2026-04-01 16:30:37.924,40632,ESTAB,prague,228,25.053,5.221,20.018,1448,3,4344,2896,17084140,17080252,13196,NaN,11928,6583,11927,32,NaN,NaN,1221096,1117224,11925,72192,43520,3,143600
2026-04-01 16:30:38.175,40632,ESTAB,prague,228,27.54,5.056,20.018,1448,3,4344,2896,17122912,17118604,13196,NaN,11955,6600,11954,32,NaN,NaN,1238000,1081352,11952,72192,43520,3,104828
2026-04-01 16:30:38.457,40632,ESTAB,prague,232,29.018,3.818,20.018,1448,3,4344,4344,17164556,17160248,13196,NaN,11984,6616,11983,32,NaN,NaN,1459424,1464888,11981,72192,43520,3,134984
2026-04-01 16:30:38.705,40632,ESTAB,prague,228,24.868,3.232,20.018,1448,5,7240,5792,17220560,17213380,13196,NaN,12023,6642,12022,32,NaN,NaN,2412680,1977712,12018,72192,43520,5,78980
2026-04-01 16:30:38.993,40632,ESTAB,prague,228,24.969,2.958,20.018,1448,3,4344,4344,17289488,17285180,13196,NaN,12071,6677,12070,32,NaN,NaN,1448048,1434248,12068,72192,43520,3,81852
2026-04-01 16:30:39.252,40632,ESTAB,prague,228,25.39,3.349,20.018,1448,4,5792,5792,17348364,17342620,13196,NaN,12112,6702,12111,32,NaN,NaN,2090936,1788824,12108,72192,43520,4,94776
2026-04-01 16:30:39.533,40632,ESTAB,prague,224,23.77,2.782,20.018,1448,5,7240,5792,17425908,17418728,13196,NaN,12166,6737,12165,32,NaN,NaN,2155760,2057544,12161,72192,43520,5,89032
2026-04-01 16:30:39.787,40632,ESTAB,prague,224,23.954,2.134,20.018,1448,5,7240,5792,17491964,17484784,13196,NaN,12212,6767,12211,32,NaN,NaN,2047744,2108168,12207,72192,43520,5,94776
2026-04-01 16:30:40.047,40632,ESTAB,prague,228,24.763,3.039,20.018,1448,4,5792,5792,17563764,17558020,13196,NaN,12262,6800,12261,32,NaN,NaN,1938336,2050352,12258,72192,43520,4,94776
2026-04-01 16:30:40.297,40632,ESTAB,prague,224,22.873,1.772,20.018,1448,4,5792,5792,17631256,17625512,13196,NaN,12309,6832,12308,32,NaN,NaN,2098464,2396352,12305,72192,43520,4,99084
2026-04-01 16:30:40.558,40632,ESTAB,prague,228,24.037,1.9,20.018,1448,4,5792,5792,17707364,17703056,13196,NaN,12362,6866,12361,32,NaN,NaN,2089856,2097328,12359,72192,43520,3,94776
2026-04-01 16:30:40.794,40632,ESTAB,prague,224,23.275,2.828,20.018,1448,5,7240,5792,17767676,17760496,13196,NaN,12404,6894,12403,32,NaN,NaN,2577800,2201232,12399,72192,43520,5,106264
2026-04-01 16:30:41.058,40632,ESTAB,prague,224,22.592,1.563,20.018,1448,5,7240,5792,17839476,17832296,13196,NaN,12454,6928,12453,32,NaN,NaN,2269896,2195288,12449,72192,43520,5,106264
2026-04-01 16:30:41.309,40636,ESTAB,prague,224,23.177,1.125,20.164,1448,7,10136,10136,15471,14415,2446,NaN,18,24,16,6,NaN,NaN,3624152,1343688,16,52224,43520,1,NaN
2026-04-01 16:30:41.569,40636,ESTAB,prague,228,24.295,2.209,20.149,1448,5,7240,7240,98759,91579,2862,NaN,76,57,74,7,NaN,NaN,2469560,2387072,70,52224,43520,5,73236
2026-04-01 16:30:41.856,40636,ESTAB,prague,228,24.562,3.072,20.149,1448,4,5792,5792,170559,164815,2862,NaN,126,89,124,7,NaN,NaN,1800680,1743984,121,52224,43520,4,53132
2026-04-01 16:30:42.145,37908,ESTAB,prague,224,22.419,5.221,21.256,1448,7,10136,10136,2883,2883,408,NaN,4,6,3,1,NaN,NaN,3746792,1401400,4,48640,43520,NaN,NaN
2026-04-01 16:30:42.431,37908,ESTAB,prague,224,22.419,5.221,21.256,1448,7,10136,10136,2883,2883,408,NaN,4,6,3,1,NaN,NaN,3746792,1401400,4,48640,43520,NaN,NaN
2026-04-01 16:30:42.719,37908,ESTAB,prague,224,22.419,5.221,21.256,1448,7,10136,10136,2883,2883,408,NaN,4,6,3,1,NaN,NaN,3746792,1401400,4,48640,43520,NaN,NaN
2026-04-01 16:30:43.006,37908,ESTAB,prague,224,22.419,5.221,21.256,1448,7,10136,10136,2883,2883,408,NaN,4,6,3,1,NaN,NaN,3746792,1401400,4,48640,43520,NaN,NaN
2026-04-01 16:30:43.294,37908,ESTAB,prague,224,22.419,5.221,21.256,1448,7,10136,10136,2883,2883,408,NaN,4,6,3,1,NaN,NaN,3746792,1401400,4,48640,43520,NaN,NaN
2026-04-01 16:30:43.583,37908,ESTAB,prague,224,22.419,5.221,21.256,1448,7,10136,10136,2883,2883,408,NaN,4,6,3,1,NaN,NaN,3746792,1401400,4,48640,43520,NaN,NaN
2026-04-01 16:30:43.869,37908,ESTAB,prague,224,22.419,5.221,21.256,1448,7,10136,10136,2883,2883,408,NaN,4,6,3,1,NaN,NaN,3746792,1401400,4,48640,43520,NaN,NaN
2026-04-01 16:30:44.158,37908,ESTAB,prague,224,22.355,2.645,21.256,1448,5,7240,7240,5766,5766,816,NaN,7,10,6,2,NaN,NaN,2683920,1401400,7,52224,43520,NaN,NaN
2026-04-01 16:30:44.445,37908,ESTAB,prague,224,22.355,2.645,21.256,1448,5,7240,7240,5766,5766,816,NaN,7,10,6,2,NaN,NaN,2683920,1401400,7,52224,43520,NaN,NaN
2026-04-01 16:30:44.733,37908,ESTAB,prague,224,22.355,2.645,21.256,1448,5,7240,7240,5766,5766,816,NaN,7,10,6,2,NaN,NaN,2683920,1401400,7,52224,43520,NaN,NaN
2026-04-01 16:30:45.018,37908,ESTAB,prague,224,22.355,2.645,21.256,1448,5,7240,7240,5766,5766,816,NaN,7,10,6,2,NaN,NaN,2683920,1401400,7,52224,43520,NaN,NaN
2026-04-01 16:30:45.304,37908,ESTAB,prague,224,22.355,2.645,21.256,1448,5,7240,7240,5766,5766,816,NaN,7,10,6,2,NaN,NaN,2683920,1401400,7,52224,43520,NaN,NaN
2026-04-01 16:30:45.591,37908,ESTAB,prague,224,22.355,2.645,21.256,1448,5,7240,7240,5766,5766,816,NaN,7,10,6,2,NaN,NaN,2683920,1401400,7,52224,43520,NaN,NaN
2026-04-01 16:30:45.878,37908,ESTAB,prague,224,22.355,2.645,21.256,1448,5,7240,7240,5766,5766,816,NaN,7,10,6,2,NaN,NaN,2683920,1401400,7,52224,43520,NaN,NaN
2026-04-01 16:30:46.147,37908,ESTAB,prague,224,22.512,2.189,20.45,1448,5,7240,7240,8649,8649,1224,NaN,10,14,9,3,NaN,NaN,2665120,1401400,10,52224,43520,NaN,NaN
2026-04-01 16:30:46.372,37908,ESTAB,prague,224,22.563,1.654,20.45,1448,4,5792,5792,16885,12577,2046,NaN,16,18,15,5,NaN,NaN,2047792,1401400,13,52224,43520,3,97648
2026-04-01 16:30:46.624,37908,ESTAB,prague,224,22.703,2.233,20.05,1448,5,7240,5792,87249,80069,2046,NaN,65,48,64,5,NaN,NaN,2642720,1613592,60,52224,43520,5,78980
2026-04-01 16:30:46.877,37908,ESTAB,prague,224,23.28,2.136,20.05,1448,5,7240,7240,163357,156177,2046,NaN,118,81,117,5,NaN,NaN,2577200,2741512,113,52224,43520,5,54568
2026-04-01 16:30:47.161,37908,ESTAB,prague,228,25.202,4.889,20.05,1448,4,5792,5792,236593,232285,2046,NaN,169,117,168,5,NaN,NaN,1778192,1918672,166,52224,43520,3,84724
2026-04-01 16:30:47.448,37908,ESTAB,prague,224,23.543,1.983,20.05,1448,5,7240,5792,305521,299777,2046,NaN,217,150,216,5,NaN,NaN,2261768,1944728,213,52224,43520,4,67492
2026-04-01 16:30:47.737,37908,ESTAB,prague,224,23.358,2.936,20.05,1448,4,5792,5792,373013,367269,2046,NaN,264,180,263,5,NaN,NaN,2054880,2064792,260,52224,43520,4,47205
2026-04-01 16:30:48.004,37908,ESTAB,prague,224,23.62,3.249,20.05,1448,4,5792,4344,424526,420218,2462,NaN,300,207,299,6,NaN,NaN,1653728,1115880,297,52736,43520,3,100520
2026-04-01 16:30:48.235,37908,ESTAB,prague,232,28.204,6.89,20.05,1448,3,4344,4344,460426,456118,2462,NaN,325,223,324,6,NaN,NaN,1317688,1343480,322,52224,43520,3,64620
2026-04-01 16:30:48.458,37908,ESTAB,prague,228,24.949,5.005,20.05,1448,2,2896,2896,493454,490582,2462,NaN,348,240,347,6,NaN,NaN,930120,1175360,346,52224,43520,2,83288
2026-04-01 16:30:48.681,37908,ESTAB,prague,228,27.476,6.288,20.05,1448,2,2896,2896,519944,517186,2462,NaN,368,253,367,6,NaN,NaN,1006184,899304,366,52736,43520,2,56798
2026-04-01 16:30:48.909,37908,ESTAB,prague,228,27.0,3.369,20.05,1261,2,2522,2522,540477,537979,2462,NaN,386,264,385,6,NaN,NaN,841392,744224,384,49664,43520,2,87785
2026-04-01 16:30:49.147,37908,ESTAB,prague,228,25.63,6.182,20.05,1448,3,4344,4344,575306,570998,2462,NaN,412,284,411,6,NaN,NaN,1262344,1342448,409,52224,43520,3,52956
2026-04-01 16:30:49.397,37908,ESTAB,prague,228,24.72,5.223,20.05,1448,2,2896,2896,612554,609682,2462,NaN,438,303,437,6,NaN,NaN,1066480,1437872,436,52224,43520,2,67492
2026-04-01 16:30:49.625,37908,ESTAB,prague,228,27.873,4.666,20.05,1448,3,4344,4344,647018,644146,2462,NaN,462,317,461,6,NaN,NaN,1563496,1028768,460,52224,43520,2,84724
2026-04-01 16:30:49.888,37908,ESTAB,prague,228,24.924,4.108,20.05,1345,2,2690,2690,678759,676459,2462,NaN,486,333,485,6,NaN,NaN,966992,528480,484,52736,43520,2,52983
2026-04-01 16:30:50.151,37908,ESTAB,prague,228,25.708,2.429,20.05,1174,2,2348,2348,699320,696996,2462,NaN,506,345,505,6,NaN,NaN,825048,697952,504,48128,43520,2,83076
2026-04-01 16:30:50.412,37908,ESTAB,prague,228,25.566,4.839,20.05,1448,2,2896,2896,736050,733178,2462,NaN,532,362,531,6,NaN,NaN,979280,1177552,530,52224,43520,2,98563
2026-04-01 16:30:50.673,37908,ESTAB,prague,228,24.224,4.129,20.05,1222,3,3666,2444,775059,771429,2462,NaN,561,382,560,6,NaN,NaN,1054888,968656,558,52224,43520,3,59554
2026-04-01 16:30:50.925,37908,ESTAB,prague,228,25.881,4.998,20.05,1448,3,4344,2896,807449,804577,2462,NaN,586,399,585,6,NaN,NaN,1295840,1219624,584,52224,43520,2,45135
2026-04-01 16:30:51.185,37908,ESTAB,prague,232,29.648,5.656,20.05,1448,2,2896,2896,840165,838729,2462,NaN,609,413,608,6,NaN,NaN,937288,842960,608,52224,43520,1,12419
2026-04-01 16:30:51.436,37908,ESTAB,prague,228,27.92,4.912,20.05,1012,2,2024,2024,861944,859944,3284,NaN,627,426,626,8,NaN,NaN,659296,588368,625,51712,43520,2,98554
2026-04-01 16:30:51.719,37908,ESTAB,prague,228,24.065,3.769,20.05,1431,2,2862,2862,891870,889032,3284,NaN,651,444,650,8,NaN,NaN,922688,972848,649,52224,43520,2,68628
2026-04-01 16:30:51.992,37908,ESTAB,prague,228,24.144,3.157,20.05,1448,4,5792,4344,935484,930574,3284,NaN,684,466,683,8,NaN,NaN,1700352,1578088,680,52224,43520,4,76710
2026-04-01 16:30:52.254,37908,ESTAB,prague,228,26.082,5.208,20.05,1448,2,2896,2896,977730,974858,3284,NaN,714,487,713,8,NaN,NaN,1017456,1112936,712,52224,43520,2,86160
2026-04-01 16:30:52.516,37908,ESTAB,prague,228,27.887,7.517,20.05,1448,3,4344,4344,1017938,1013630,3284,NaN,742,504,741,8,NaN,NaN,1477704,1339856,739,52224,43520,3,62437
2026-04-01 16:30:52.751,37908,ESTAB,prague,228,25.211,3.993,20.05,1448,4,5792,4344,1062454,1058146,3284,NaN,773,524,772,8,NaN,NaN,1730768,1442888,770,52224,43520,3,17921
2026-04-01 16:30:53.000,37908,ESTAB,prague,228,27.014,5.713,20.05,1394,2,2788,2788,1089822,1087058,3700,NaN,793,538,792,9,NaN,NaN,925824,1079832,791,51200,43520,2,97797
2026-04-01 16:30:53.262,37908,ESTAB,prague,224,23.395,3.422,20.05,1448,3,4344,2896,1120322,1116410,3700,NaN,818,557,817,9,NaN,NaN,1196376,1156240,815,52736,43520,3,67297
2026-04-01 16:30:53.512,37908,ESTAB,prague,228,25.307,2.446,20.05,729,2,1458,1458,1137233,1136516,3700,NaN,839,572,838,9,NaN,NaN,533808,450344,838,52736,43520,1,102724
2026-04-01 16:30:53.765,37908,ESTAB,prague,228,25.78,4.876,20.05,1271,2,2542,2542,1157570,1156311,3700,NaN,859,586,858,9,NaN,NaN,887816,754552,858,50688,43520,1,82387
2026-04-01 16:30:54.031,37908,ESTAB,prague,224,23.804,4.665,20.05,1251,3,3753,2502,1182688,1180013,3700,NaN,881,602,880,9,NaN,NaN,1074960,869352,879,52224,43520,2,57269
2026-04-01 16:30:54.298,37908,ESTAB,prague,228,26.215,3.819,20.05,1008,3,3024,2016,1214784,1212527,3700,NaN,907,617,906,9,NaN,NaN,870792,389600,904,52736,43520,3,75789
2026-04-01 16:30:54.552,37908,ESTAB,prague,232,30.024,9.708,20.05,1448,3,4344,4344,1248573,1245701,3700,NaN,934,637,933,9,NaN,NaN,1420456,984528,932,52224,43520,2,44574
2026-04-01 16:30:54.800,37908,ESTAB,prague,228,25.105,5.589,20.05,1448,3,4344,2896,1286805,1283933,3700,NaN,961,657,960,9,NaN,NaN,1262320,1340320,959,52224,43520,2,6342
2026-04-01 16:30:55.046,37908,ESTAB,prague,228,25.647,3.729,20.05,1448,4,5792,5792,1331919,1326175,4116,NaN,993,676,992,10,NaN,NaN,2007944,1783800,989,52224,43520,4,66056
2026-04-01 16:30:55.308,37908,ESTAB,prague,224,23.355,2.774,20.05,1448,5,7240,5792,1399411,1392231,4116,NaN,1040,707,1039,10,NaN,NaN,2568920,1671808,1035,52224,43520,5,50260
2026-04-01 16:30:55.570,37908,ESTAB,prague,224,22.43,1.765,20.05,1448,5,7240,5792,1468339,1462595,4116,NaN,1088,740,1087,10,NaN,NaN,2674920,2747752,1084,52224,43520,4,19001
2026-04-01 16:30:55.832,37908,ESTAB,prague,228,24.81,3.866,20.05,963,2,1926,1926,1506014,1504112,4938,NaN,1116,761,1115,12,NaN,NaN,702520,598528,1114,52224,43520,2,87210
2026-04-01 16:30:56.102,37908,ESTAB,prague,228,24.954,2.974,20.05,322,2,644,644,1526203,1525583,4938,NaN,1138,777,1137,12,NaN,NaN,258600,199352,1136,53248,43520,2,67021
2026-04-01 16:30:56.363,37908,ESTAB,prague,228,25.591,3.93,20.05,741,2,1482,1482,1547294,1545836,4938,NaN,1160,792,1159,12,NaN,NaN,536080,403752,1158,52224,43520,2,97626
2026-04-01 16:30:56.633,37908,ESTAB,prague,224,23.575,3.227,20.05,1448,3,4344,2896,1571684,1567376,4938,NaN,1184,809,1183,12,NaN,NaN,1116104,1184008,1181,52736,43520,3,73236
2026-04-01 16:30:56.910,37908,ESTAB,prague,228,25.582,5.702,20.05,848,2,1696,1696,1594060,1592790,4938,NaN,1206,824,1205,12,NaN,NaN,608768,593184,1204,49152,43520,2,102760
2026-04-01 16:30:57.171,37908,ESTAB,prague,228,26.391,6.464,20.05,1448,2,2896,2896,1627688,1624816,4938,NaN,1232,841,1231,12,NaN,NaN,1022392,1165504,1230,52224,43520,2,69132
2026-04-01 16:30:57.427,37908,ESTAB,prague,228,27.409,7.011,20.05,1448,3,4344,2896,1662220,1657912,4938,NaN,1257,857,1256,12,NaN,NaN,1069496,1249256,1254,52224,43520,3,86296
2026-04-01 16:30:57.677,37908,ESTAB,prague,228,24.266,4.119,20.05,1448,4,5792,4344,1699692,1696508,4938,NaN,1285,879,1284,12,NaN,NaN,1465472,1432656,1282,52224,43520,3,100520
2026-04-01 16:30:57.934,37908,ESTAB,prague,228,24.568,3.741,20.05,1326,3,3978,2652,1745400,1742772,4938,NaN,1317,902,1316,12,NaN,NaN,1205608,1015112,1315,52224,43520,2,54812
2026-04-01 16:30:58.194,37908,ESTAB,prague,228,26.48,4.885,20.05,1197,2,2394,2394,1775764,1773788,4938,NaN,1340,916,1339,12,NaN,NaN,815928,696664,1338,52224,43520,2,76144
2026-04-01 16:30:58.444,37908,ESTAB,prague,228,26.397,5.122,20.05,1028,2,2056,2056,1806051,1803906,4938,NaN,1363,930,1362,12,NaN,NaN,707784,600176,1361,52736,43520,2,95299
2026-04-01 16:30:58.687,37908,ESTAB,prague,228,24.32,4.314,20.05,1448,3,4344,2896,1827496,1824649,4938,NaN,1383,944,1382,12,NaN,NaN,1111128,1010552,1380,50688,43520,3,73854
2026-04-01 16:30:58.922,37908,ESTAB,prague,228,26.999,6.323,20.05,1448,3,4344,2896,1851908,1849213,4938,NaN,1403,957,1402,12,NaN,NaN,1086192,561728,1401,51712,43520,2,49442
2026-04-01 16:30:59.175,37908,ESTAB,prague,228,25.016,5.104,20.05,1448,3,4344,2896,1882064,1877756,4938,NaN,1427,973,1426,12,NaN,NaN,1290816,1115448,1424,52736,43520,3,19286
2026-04-01 16:30:59.434,37908,ESTAB,prague,228,26.297,3.021,20.05,1357,2,2714,2714,1910458,1907768,5760,NaN,1448,988,1447,14,NaN,NaN,927168,790904,1446,52224,43520,2,95128
2026-04-01 16:30:59.699,37908,ESTAB,prague,228,24.697,4.822,20.05,1448,2,2896,2896,1936014,1933142,5760,NaN,1474,1006,1473,14,NaN,NaN,887944,1531664,1472,52224,43520,2,69572
2026-04-01 16:30:59.951,37908,ESTAB,prague,228,26.794,4.238,20.05,783,2,1566,1566,1955437,1954666,5760,NaN,1494,1018,1493,14,NaN,NaN,539192,590136,1493,51712,43520,1,103799
2026-04-01 16:31:00.200,37908,ESTAB,prague,228,25.829,5.723,20.05,1448,3,4344,4344,1982998,1978873,5760,NaN,1516,1032,1515,14,NaN,NaN,1115416,1267760,1513,52224,43520,3,76238
2026-04-01 16:31:00.454,37908,ESTAB,prague,224,23.257,2.158,20.05,1448,3,4344,4344,2026600,2023728,5760,NaN,1547,1056,1546,14,NaN,NaN,1224848,1429176,1545,52224,43520,2,76148
2026-04-01 16:31:00.719,37908,ESTAB,prague,228,24.407,4.152,20.05,1448,4,5792,4344,2069288,2064980,5760,NaN,1578,1077,1577,14,NaN,NaN,1724152,1748592,1575,52224,43520,3,33460
2026-04-01 16:31:00.955,37908,ESTAB,prague,224,23.732,3.546,20.05,1448,5,7240,7240,2124288,2117108,6176,NaN,1617,1105,1616,15,NaN,NaN,2528200,2063320,1612,52224,43520,5,83288
2026-04-01 16:31:01.194,37908,ESTAB,prague,224,23.418,2.191,20.05,1448,5,7240,5792,2184600,2178856,6176,NaN,1659,1133,1658,15,NaN,NaN,1958768,2228200,1655,52224,43520,4,74672
2026-04-01 16:31:01.452,37908,ESTAB,prague,228,24.078,2.41,20.05,1448,5,7240,5792,2249220,2242040,6176,NaN,1704,1162,1703,15,NaN,NaN,2054848,2217288,1699,52224,43520,5,37023
2026-04-01 16:31:01.715,37908,ESTAB,prague,224,23.528,2.11,20.05,1448,5,7240,5792,2304531,2298787,6998,NaN,1743,1189,1742,17,NaN,NaN,2193848,1970816,1739,52224,43520,4,87596
2026-04-01 16:31:01.973,37908,ESTAB,prague,224,23.664,3.794,20.05,1448,5,7240,5792,2376331,2370587,6998,NaN,1793,1225,1792,17,NaN,NaN,2182968,2188960,1789,52224,43520,4,67492
2026-04-01 16:31:02.229,37908,ESTAB,prague,228,24.602,3.553,20.05,1448,5,7240,5792,2442387,2438079,6998,NaN,1839,1255,1838,17,NaN,NaN,2438800,2235424,1836,52224,43520,3,53132
2026-04-01 16:31:02.481,37908,ESTAB,prague,224,23.546,2.205,20.05,1448,5,7240,5792,2508443,2501263,6998,NaN,1885,1285,1884,17,NaN,NaN,2064672,2223200,1880,52224,43520,5,90468
2026-04-01 16:31:02.744,37908,ESTAB,prague,224,23.932,4.051,20.05,1448,5,7240,5792,2577371,2570191,6998,NaN,1933,1317,1932,17,NaN,NaN,2157376,1898000,1928,52224,43520,5,73236
2026-04-01 16:31:03.014,37908,ESTAB,prague,228,24.795,2.559,20.05,1448,4,5792,5792,2644863,2639119,6998,NaN,1980,1347,1979,17,NaN,NaN,1935840,1673824,1976,52224,43520,4,57440
2026-04-01 16:31:03.300,37908,ESTAB,prague,224,22.513,2.144,20.05,1217,2,2434,2434,2692251,2689379,6998,NaN,2014,1375,2013,17,NaN,NaN,878424,937440,2012,52224,43520,2,61748
2026-04-01 16:31:03.562,37908,ESTAB,prague,224,23.204,3.259,20.05,1448,3,4344,2896,2726455,2723583,6998,NaN,2040,1395,2039,17,NaN,NaN,1164272,1275112,2038,52224,43520,2,34644
2026-04-01 16:31:03.794,37908,ESTAB,prague,228,24.564,2.496,20.05,874,2,1748,1748,2746607,2744883,6998,NaN,2058,1406,2057,17,NaN,NaN,601800,811512,2056,52736,43520,2,14492
2026-04-01 16:31:04.041,37908,ESTAB,prague,228,24.165,3.56,20.05,814,2,1628,1628,2766587,2764981,7414,NaN,2078,1421,2077,18,NaN,NaN,599072,490840,2076,51712,43520,2,100346
2026-04-01 16:31:04.273,37908,ESTAB,prague,224,23.81,4.342,20.05,1448,2,2896,2896,2794155,2791283,7414,NaN,2100,1439,2099,18,NaN,NaN,848864,1392080,2098,53248,43520,2,72778
2026-04-01 16:31:04.526,37908,ESTAB,prague,228,25.249,2.986,20.05,332,2,664,664,2817329,2817009,7414,NaN,2120,1454,2119,18,NaN,NaN,263352,206384,2119,53248,43520,1,101300
2026-04-01 16:31:04.764,37908,ESTAB,prague,228,25.247,3.307,20.05,649,2,1298,1298,2824288,2823376,7414,NaN,2139,1465,2138,18,NaN,NaN,480584,248592,2137,49664,43520,2,94341
2026-04-01 16:31:05.012,37908,ESTAB,prague,228,27.201,7.135,20.05,922,2,1844,1844,2838372,2836552,7414,NaN,2157,1477,2156,18,NaN,NaN,564856,342696,2155,43008,43520,2,80257
2026-04-01 16:31:05.259,37908,ESTAB,prague,228,25.975,6.444,20.05,1296,3,3888,2592,2860971,2858403,7414,NaN,2178,1491,2177,18,NaN,NaN,1122080,1109704,2176,52736,43520,2,57658
2026-04-01 16:31:05.511,37908,ESTAB,prague,228,27.338,4.757,20.05,1175,2,2350,2350,2883609,2882446,7414,NaN,2197,1504,2196,18,NaN,NaN,776304,692088,2196,49664,43520,1,87481
2026-04-01 16:31:05.766,37908,ESTAB,prague,228,26.346,5.204,20.05,1448,3,4344,2896,2911745,2908873,7414,NaN,2220,1518,2219,18,NaN,NaN,1111616,1117816,2218,52224,43520,2,59345
2026-04-01 16:31:06.012,37908,ESTAB,prague,228,25.786,4.308,20.05,1392,2,2784,2784,2938827,2936330,7414,NaN,2242,1532,2241,18,NaN,NaN,968792,549272,2240,50176,43520,2,83959
2026-04-01 16:31:06.252,37908,ESTAB,prague,228,25.791,4.721,20.05,881,2,1762,1762,2962323,2960403,7414,NaN,2261,1545,2260,18,NaN,NaN,625984,490120,2259,52224,43520,2,60463
2026-04-01 16:31:06.510,37908,ESTAB,prague,228,26.124,6.046,20.05,1448,3,4344,2896,2984725,2980417,7414,NaN,2283,1559,2282,18,NaN,NaN,982560,1206200,2280,50176,43520,3,66030
2026-04-01 16:31:06.765,37908,ESTAB,prague,228,26.397,5.361,20.05,1448,4,5792,2896,3021350,3018478,7414,NaN,2309,1578,2308,18,NaN,NaN,1608368,1131832,2307,52224,43520,2,29405
2026-04-01 16:31:07.010,37908,ESTAB,prague,228,26.667,2.794,20.05,1448,4,5792,5792,3057555,3051811,8236,NaN,2337,1596,2336,20,NaN,NaN,2022840,2196120,2333,53248,43520,4,99084
2026-04-01 16:31:07.251,37908,ESTAB,prague,224,23.032,2.619,20.05,1448,5,7240,5792,3120739,3113559,8236,NaN,2381,1627,2380,20,NaN,NaN,2605040,1884800,2376,52224,43520,5,69297
2026-04-01 16:31:07.486,37908,ESTAB,prague,228,24.685,3.304,20.05,1448,5,7240,5792,3179615,3173871,8236,NaN,2422,1653,2421,20,NaN,NaN,2430560,2069304,2418,52224,43520,4,10421
2026-04-01 16:31:07.740,37908,ESTAB,prague,228,25.957,4.485,20.05,1448,4,5792,4344,3222684,3218376,9058,NaN,2453,1674,2452,22,NaN,NaN,1484920,1439184,2450,52224,43520,3,73236
2026-04-01 16:31:07.983,37908,ESTAB,prague,228,27.303,4.066,20.05,1203,2,2406,2406,3256039,3254848,9058,NaN,2477,1691,2476,22,NaN,NaN,795168,710880,2476,52736,43520,1,91577
2026-04-01 16:31:08.228,37908,ESTAB,prague,228,25.2,3.194,20.05,849,3,2547,1698,3283063,3280552,9058,NaN,2500,1705,2499,22,NaN,NaN,821032,781016,2497,52736,43520,3,64553
2026-04-01 16:31:08.475,37908,ESTAB,prague,228,24.1,3.364,20.05,650,4,2600,1300,3300948,3298396,9058,NaN,2522,1720,2521,22,NaN,NaN,700000,586792,2518,52736,43520,4,99381
2026-04-01 16:31:08.721,37908,ESTAB,prague,228,27.338,7.257,20.05,1105,3,3315,3315,3321768,3319818,9058,NaN,2544,1735,2543,22,NaN,NaN,673640,1064200,2542,43520,43520,2,78561
2026-04-01 16:31:08.975,37908,ESTAB,prague,228,24.064,3.156,20.05,782,3,2346,1564,3334315,3333545,9058,NaN,2566,1751,2565,22,NaN,NaN,604136,595320,2565,43520,43520,1,66014
2026-04-01 16:31:09.227,37908,ESTAB,prague,224,23.76,4.06,20.05,1448,3,4344,4344,3366102,3363230,9058,NaN,2590,1767,2589,22,NaN,NaN,1466416,1439416,2588,52224,43520,2,84735
2026-04-01 16:31:09.453,37908,ESTAB,prague,228,26.02,4.383,20.05,1448,2,2896,2896,3398416,3395544,9058,NaN,2613,1782,2612,22,NaN,NaN,872616,1337536,2611,52224,43520,2,52421
2026-04-01 16:31:09.679,37908,ESTAB,prague,228,24.742,3.658,20.05,1448,3,4344,2896,3429891,3425583,9058,NaN,2636,1797,2635,22,NaN,NaN,1268400,1341616,2633,52736,43520,3,73236
2026-04-01 16:31:09.903,37908,ESTAB,prague,228,26.238,6.597,20.05,1448,3,4344,4344,3467227,3462919,9058,NaN,2662,1815,2661,22,NaN,NaN,1338344,1266424,2659,52224,43520,3,87596
2026-04-01 16:31:10.137,37908,ESTAB,prague,228,24.402,2.835,20.05,1448,3,4344,4344,3511743,3507435,9058,NaN,2693,1835,2692,22,NaN,NaN,1469160,1540624,2690,52224,43520,3,59604
2026-04-01 16:31:10.409,37908,ESTAB,prague,228,26.461,5.778,20.05,1448,3,4344,4344,3553387,3549079,9058,NaN,2722,1855,2721,22,NaN,NaN,1195216,1024400,2719,52224,43520,3,17960
2026-04-01 16:31:10.678,37908,ESTAB,prague,228,26.185,5.965,20.05,1448,3,4344,4344,3588199,3585327,9880,NaN,2747,1874,2746,24,NaN,NaN,1085080,1095616,2745,52224,43520,2,89032
2026-04-01 16:31:10.919,37908,ESTAB,prague,228,25.207,4.467,20.05,1448,3,4344,2896,3626971,3622663,9880,NaN,2774,1892,2773,24,NaN,NaN,1440872,1257352,2771,52224,43520,3,101956
2026-04-01 16:31:11.166,37908,ESTAB,prague,228,26.638,6.294,20.05,1448,3,4344,2896,3661435,3658563,9880,NaN,2798,1910,2797,24,NaN,NaN,1148504,1106504,2796,52224,43520,2,67492
2026-04-01 16:31:11.417,37908,ESTAB,prague,228,26.939,4.989,20.05,1448,3,4344,4344,3697313,3693005,9880,NaN,2824,1925,2823,24,NaN,NaN,1227512,1118144,2821,52224,43520,3,60000
2026-04-01 16:31:11.659,37908,ESTAB,prague,228,24.09,2.514,20.05,1448,5,7240,5792,3743287,3737543,9880,NaN,2857,1947,2856,24,NaN,NaN,2490600,2089760,2853,52224,43520,4,14026
2026-04-01 16:31:11.906,37908,ESTAB,prague,228,24.278,2.205,20.05,1448,5,7240,5792,3806137,3798957,10296,NaN,2901,1975,2900,25,NaN,NaN,2471320,2077176,2896,52224,43520,5,56004
2026-04-01 16:31:12.131,37908,ESTAB,prague,228,24.52,3.155,20.05,1448,5,7240,5792,3860705,3856397,10296,NaN,2939,2001,2938,25,NaN,NaN,2446920,2239424,2936,52224,43520,3,53132
2026-04-01 16:31:12.372,37908,ESTAB,prague,224,22.391,2.007,20.05,1448,5,7240,5792,3925325,3918145,10296,NaN,2984,2034,2983,25,NaN,NaN,2679600,2225016,2979,52224,43520,5,20578
2026-04-01 16:31:12.653,37908,ESTAB,prague,228,26.043,6.744,20.05,1258,2,2516,2516,3955396,3952714,11526,NaN,3007,2055,3006,28,NaN,NaN,870200,1880152,3005,53248,43520,2,99274
2026-04-01 16:31:12.910,37908,ESTAB,prague,224,23.466,2.572,20.05,1448,4,5792,4344,4000102,3994358,11526,NaN,3039,2075,3038,28,NaN,NaN,1773864,1363304,3035,52224,43520,4,54568
2026-04-01 16:31:13.174,37908,ESTAB,prague,228,24.755,4.977,20.05,1448,3,4344,4344,4044618,4040310,11526,NaN,3070,2099,3069,28,NaN,NaN,1071056,1437040,3067,52224,43520,3,61748
2026-04-01 16:31:13.422,37908,ESTAB,prague,228,26.876,6.082,20.05,1448,3,4344,2896,4076248,4071940,11526,NaN,3094,2115,3093,28,NaN,NaN,1391680,1062456,3091,52224,43520,3,81814
2026-04-01 16:31:13.654,37908,ESTAB,prague,228,26.225,3.892,20.05,1448,3,4344,4344,4113546,4110674,11526,NaN,3120,2133,3119,28,NaN,NaN,1019904,1086520,3118,52224,43520,2,96212
2026-04-01 16:31:13.894,37908,ESTAB,prague,228,25.598,5.076,20.05,1448,3,4344,2896,4146574,4143702,11526,NaN,3143,2148,3142,28,NaN,NaN,1271528,1114432,3141,52224,43520,2,63184
2026-04-01 16:31:14.163,37908,ESTAB,prague,228,24.98,5.471,20.05,1216,3,3648,2432,4181283,4178875,11526,NaN,3168,2165,3167,28,NaN,NaN,824544,873720,3166,52736,43520,2,80171
2026-04-01 16:31:14.412,37908,ESTAB,prague,228,27.305,4.307,20.05,1448,3,4344,4344,4216938,4212630,11526,NaN,3195,2180,3194,28,NaN,NaN,1502880,1515632,3192,52224,43520,3,96212
2026-04-01 16:31:14.646,37908,ESTAB,prague,228,26.675,4.93,20.05,1448,4,5792,4344,4252838,4247094,11526,NaN,3221,2198,3220,28,NaN,NaN,1721120,1108728,3217,52224,43520,4,60312
2026-04-01 16:31:14.898,37908,ESTAB,prague,228,25.847,5.185,20.05,1440,2,2880,2880,4295910,4293046,11526,NaN,3251,2219,3250,28,NaN,NaN,998816,889128,3249,52224,43520,2,68936
2026-04-01 16:31:15.159,37908,ESTAB,prague,224,23.967,4.081,20.05,1448,3,4344,2896,4327252,4322944,11526,NaN,3275,2236,3274,28,NaN,NaN,1365392,1056032,3272,52224,43520,3,47359
2026-04-01 16:31:15.421,37908,ESTAB,prague,228,25.274,1.923,20.05,1448,4,5792,5792,4375667,4375667,11932,NaN,3311,2261,3310,29,NaN,NaN,1899168,2101784,3311,52736,43520,NaN,NaN
2026-04-01 16:31:15.655,37908,ESTAB,prague,228,24.439,1.255,20.05,1448,4,5792,5792,4433107,4427363,12348,NaN,3351,2283,3350,30,NaN,NaN,1964032,1899632,3347,52224,43520,4,47388
2026-04-01 16:31:15.902,37908,ESTAB,prague,224,23.771,2.619,20.05,1448,5,7240,5792,4494855,4487675,12348,NaN,3394,2310,3393,30,NaN,NaN,2524040,2093616,3389,52224,43520,5,89032
2026-04-01 16:31:16.138,37908,ESTAB,prague,224,23.357,2.398,20.05,1448,5,7240,5792,4558039,4550859,12348,NaN,3438,2340,3437,30,NaN,NaN,2568760,2492248,3433,52224,43520,5,30797
2026-04-01 16:31:16.372,37908,ESTAB,prague,224,23.528,1.563,20.05,1448,4,5792,5792,4589892,4589892,12754,NaN,3461,2358,3460,31,NaN,NaN,2040096,1967720,3461,52736,43520,NaN,NaN
2026-04-01 16:31:16.592,37908,ESTAB,prague,224,23.528,1.563,20.05,1448,4,5792,5792,4589892,4589892,12754,NaN,3461,2358,3460,31,NaN,NaN,2040096,1967720,3461,52736,43520,NaN,NaN
2026-04-01 16:31:16.817,37908,ESTAB,prague,228,27.963,6.576,20.05,1448,3,4344,4344,4615751,4612879,13578,NaN,3480,2369,3479,33,NaN,NaN,1040816,1110848,3478,52224,43520,2,81852
2026-04-01 16:31:17.052,37908,ESTAB,prague,224,23.242,2.74,20.05,1448,5,7240,5792,4667447,4660267,13578,NaN,3516,2394,3515,33,NaN,NaN,2581520,2229080,3511,52224,43520,5,81852
2026-04-01 16:31:17.295,37908,ESTAB,prague,228,25.157,2.431,20.05,1448,5,7240,5792,4729195,4724887,13578,NaN,3559,2422,3558,33,NaN,NaN,2011456,2148264,3556,52224,43520,3,71800
2026-04-01 16:31:17.558,37908,ESTAB,prague,228,24.573,1.778,20.05,1448,5,7240,5792,4795251,4789507,13578,NaN,3605,2450,3604,33,NaN,NaN,2164936,2230368,3601,52224,43520,4,57440
2026-04-01 16:31:17.830,37908,ESTAB,prague,224,23.671,2.485,20.05,1448,5,7240,5792,4868487,4862743,13578,NaN,3656,2484,3655,33,NaN,NaN,2014952,2164320,3652,52224,43520,4,25432
2026-04-01 16:31:18.084,37908,ESTAB,prague,232,29.356,13.004,20.05,1448,5,7240,5792,4893919,4893919,13578,NaN,3674,2498,3673,33,NaN,NaN,2043800,810392,3674,53248,43520,NaN,NaN
2026-04-01 16:31:18.335,37908,ESTAB,prague,232,29.356,13.004,20.05,1448,5,7240,5792,4893919,4893919,13578,NaN,3674,2498,3673,33,NaN,NaN,2043800,810392,3674,53248,43520,NaN,NaN
2026-04-01 16:31:18.573,37908,ESTAB,prague,232,29.356,13.004,20.05,1448,5,7240,5792,4893919,4893919,13578,NaN,3674,2498,3673,33,NaN,NaN,2043800,810392,3674,53248,43520,NaN,NaN
2026-04-01 16:31:18.805,37908,ESTAB,prague,228,25.401,4.476,20.05,1448,4,5792,4344,4916906,4912598,14402,NaN,3691,2510,3690,35,NaN,NaN,1562864,1596104,3688,52224,43520,3,84724
2026-04-01 16:31:19.047,37908,ESTAB,prague,224,23.05,3.319,20.05,1395,3,4185,2790,4945526,4941271,14402,NaN,3713,2527,3712,35,NaN,NaN,1001144,1331632,3710,52224,43520,3,56104
2026-04-01 16:31:19.300,37908,ESTAB,prague,228,25.299,4.425,20.05,1448,3,4344,2896,4970831,4968212,14402,NaN,3736,2543,3735,35,NaN,NaN,1203688,852232,3734,50176,43520,2,84331
2026-04-01 16:31:19.573,37908,ESTAB,prague,228,26.939,6.53,20.05,1448,3,4344,2896,5009422,5005114,14402,NaN,3764,2562,3763,35,NaN,NaN,1050464,1067888,3761,52736,43520,3,97436
2026-04-01 16:31:19.845,37908,ESTAB,prague,228,25.021,4.117,20.05,1448,4,5792,4344,5048806,5045934,14402,NaN,3792,2583,3791,35,NaN,NaN,1680384,1489584,3790,52224,43520,2,58052
2026-04-01 16:31:20.093,37908,ESTAB,prague,228,24.374,3.647,20.05,1448,3,4344,2896,5089626,5085318,14402,NaN,3821,2601,3820,35,NaN,NaN,1167872,1253944,3818,52224,43520,3,68928
2026-04-01 16:31:20.360,37908,ESTAB,prague,224,23.738,4.213,20.05,1444,3,4332,2888,5127294,5124680,14402,NaN,3848,2623,3847,35,NaN,NaN,1208624,1053384,3846,52736,43520,2,78716
2026-04-01 16:31:20.627,37908,ESTAB,prague,228,24.011,2.866,20.05,1448,4,5792,5792,5181530,5175786,14402,NaN,3886,2647,3885,35,NaN,NaN,1897448,1883112,3882,52224,43520,4,24480
2026-04-01 16:31:20.886,37908,ESTAB,prague,228,25.488,2.7,20.05,1448,2,2896,2896,5219990,5217118,15224,NaN,3914,2667,3913,37,NaN,NaN,932416,1339552,3912,52224,43520,2,91904
2026-04-01 16:31:21.120,37908,ESTAB,prague,224,23.788,4.61,20.05,1438,3,4314,2876,5250708,5247856,15224,NaN,3937,2685,3936,37,NaN,NaN,1031056,870328,3935,52224,43520,2,61186
2026-04-01 16:31:21.373,37908,ESTAB,prague,228,25.598,4.915,20.05,1107,3,3321,2214,5273425,5271235,15224,NaN,3960,2701,3959,37,NaN,NaN,909656,882568,3958,47616,43520,2,91371
2026-04-01 16:31:21.633,37908,ESTAB,prague,232,29.015,5.298,20.05,1448,2,2896,2896,5306150,5303278,15224,NaN,3984,2715,3983,37,NaN,NaN,981664,873560,3982,52224,43520,2,58646
2026-04-01 16:31:21.887,37908,ESTAB,prague,228,26.247,5.325,20.05,1448,3,4344,2896,5333737,5330865,15224,NaN,4007,2731,4006,37,NaN,NaN,1398944,1083624,4005,52224,43520,2,71336
2026-04-01 16:31:22.143,37908,ESTAB,prague,224,23.831,2.952,20.05,1448,3,4344,4344,5373412,5369104,15224,NaN,4036,2751,4035,37,NaN,NaN,1501056,1405256,4033,52224,43520,3,31661
2026-04-01 16:31:22.394,37908,ESTAB,prague,232,29.967,6.537,20.05,1448,3,4344,4344,5405073,5404713,15224,NaN,4059,2765,4058,37,NaN,NaN,1209168,1111328,4058,52224,43520,1,NaN
2026-04-01 16:31:22.671,37908,ESTAB,prague,236,34.403,13.775,20.05,1448,3,4344,4344,5405073,5405073,15224,NaN,4059,2766,4058,37,NaN,NaN,1303456,487912,4059,53248,43520,NaN,NaN
2026-04-01 16:31:22.935,37908,ESTAB,prague,228,26.884,5.578,20.05,1448,3,4344,4344,5430932,5426624,16048,NaN,4078,2779,4077,39,NaN,NaN,1442336,1337328,4075,52224,43520,3,81852
2026-04-01 16:31:23.197,37908,ESTAB,prague,224,22.906,2.943,20.05,1448,3,4344,4344,5476884,5472576,16048,NaN,4110,2803,4109,39,NaN,NaN,1347552,1674224,4107,52224,43520,3,87596
2026-04-01 16:31:23.460,37908,ESTAB,prague,228,24.865,4.642,20.05,1448,4,5792,4344,5521400,5517092,16048,NaN,4141,2824,4140,39,NaN,NaN,1547136,1539464,4138,52224,43520,3,85273
2026-04-01 16:31:23.722,37908,ESTAB,prague,232,28.315,6.458,20.05,1448,2,2896,2896,5560172,5557300,16048,NaN,4168,2840,4167,39,NaN,NaN,1001968,1274320,4166,52224,43520,2,46501
2026-04-01 16:31:23.990,37908,ESTAB,prague,228,26.162,6.107,20.05,1448,3,4344,4344,5596072,5593200,16048,NaN,4194,2858,4193,39,NaN,NaN,1089808,1670688,4192,53248,43520,2,10601
2026-04-01 16:31:24.246,37908,ESTAB,prague,232,30.565,13.38,20.05,1448,4,5792,4344,5606673,5606673,16048,NaN,4202,2865,4201,39,NaN,NaN,1601672,506616,4202,53248,43520,NaN,NaN
2026-04-01 16:31:24.498,37908,ESTAB,prague,232,30.565,13.38,20.05,1448,4,5792,4344,5606673,5606673,16048,NaN,4202,2865,4201,39,NaN,NaN,1601672,506616,4202,53248,43520,NaN,NaN
2026-04-01 16:31:24.763,37908,ESTAB,prague,232,30.565,13.38,20.05,1448,4,5792,4344,5606673,5606673,16048,NaN,4202,2865,4201,39,NaN,NaN,1601672,506616,4202,53248,43520,NaN,NaN
2026-04-01 16:31:25.018,37908,ESTAB,prague,228,27.873,4.25,20.05,1419,2,2838,2838,5632474,5629660,16872,NaN,4221,2878,4220,41,NaN,NaN,913280,814256,4219,52224,43520,2,81910
2026-04-01 16:31:25.261,37908,ESTAB,prague,228,24.966,3.311,20.05,1271,2,2542,2542,5652504,5649986,16872,NaN,4241,2891,4240,41,NaN,NaN,593584,925752,4239,52736,43520,2,61880
2026-04-01 16:31:25.543,37908,ESTAB,prague,232,28.154,4.121,20.05,316,2,632,632,5673674,5673066,16872,NaN,4265,2906,4264,41,NaN,NaN,226296,184168,4263,48128,43520,2,94710
2026-04-01 16:31:25.818,37908,ESTAB,prague,228,24.944,5.447,20.05,1448,3,4344,2896,5692844,5689972,16872,NaN,4291,2924,4290,41,NaN,NaN,1115448,1618472,4289,52224,43520,2,75540
2026-04-01 16:31:26.087,37908,ESTAB,prague,228,24.162,2.464,20.05,1448,3,4344,4344,5733820,5729512,16872,NaN,4320,2942,4319,41,NaN,NaN,1171848,1341200,4317,52224,43520,3,81995
2026-04-01 16:31:26.372,37908,ESTAB,prague,228,26.416,5.385,20.05,1125,3,3375,2250,5770610,5768384,16872,NaN,4347,2959,4346,41,NaN,NaN,995200,735888,4345,52736,43520,2,45205
2026-04-01 16:31:26.647,37908,ESTAB,prague,232,28.47,7.896,20.05,1249,2,2498,2498,5801014,5798540,16872,NaN,4372,2976,4371,41,NaN,NaN,790648,871560,4370,52224,43520,2,14801
2026-04-01 16:31:26.903,37908,ESTAB,prague,232,28.257,4.489,20.05,1003,2,2006,2006,5820680,5818698,17696,NaN,4391,2988,4390,43,NaN,NaN,593016,338272,4389,53248,43520,2,102073
2026-04-01 16:31:27.150,37908,ESTAB,prague,228,27.224,4.654,20.037,1448,3,4344,4344,5848327,5844612,17696,NaN,4413,3001,4412,43,NaN,NaN,991448,1032624,4410,52224,43520,3,74426
2026-04-01 16:31:27.426,37908,ESTAB,prague,228,26.24,5.482,20.037,1448,3,4344,4344,5888453,5884145,17696,NaN,4441,3020,4440,43,NaN,NaN,1236128,1114112,4438,52224,43520,3,86078
2026-04-01 16:31:27.696,37908,ESTAB,prague,224,23.838,3.212,20.037,1448,3,4344,4344,5925707,5922835,17696,NaN,4468,3041,4467,43,NaN,NaN,1258088,1182040,4466,52736,43520,2,80169
2026-04-01 16:31:27.956,37908,ESTAB,prague,228,27.673,7.568,20.037,743,2,1486,1486,5952904,5951442,17696,NaN,4491,3057,4490,43,NaN,NaN,490192,552512,4489,52736,43520,2,52972
2026-04-01 16:31:28.210,37908,ESTAB,prague,228,27.821,5.961,20.037,1448,3,4344,2896,5971691,5967737,17696,NaN,4512,3069,4511,43,NaN,NaN,1264648,1129760,4509,52736,43520,3,34185
2026-04-01 16:31:28.472,37908,ESTAB,prague,228,25.374,4.696,20.037,1448,3,4344,4344,6005876,6005876,17696,NaN,4536,3088,4535,43,NaN,NaN,1164152,1113024,4536,52736,43520,NaN,NaN
2026-04-01 16:31:28.730,37908,ESTAB,prague,228,25.374,4.696,20.037,1448,3,4344,4344,6005876,6005876,17696,NaN,4536,3088,4535,43,NaN,NaN,1164152,1113024,4536,52736,43520,NaN,NaN
2026-04-01 16:31:28.989,37908,ESTAB,prague,228,24.029,4.6,20.037,1448,3,4344,4344,6015939,6013067,18520,NaN,4544,3095,4543,45,NaN,NaN,1162208,1113024,4542,52224,43520,2,97648
2026-04-01 16:31:29.256,37908,ESTAB,prague,228,24.582,4.817,20.037,1448,3,4344,4344,6060455,6056147,18520,NaN,4575,3117,4574,45,NaN,NaN,1031848,1544600,4572,52224,43520,3,53132
2026-04-01 16:31:29.509,37908,ESTAB,prague,232,28.387,6.926,20.037,1448,3,4344,2896,6096031,6091723,18520,NaN,4601,3133,4600,45,NaN,NaN,1103720,1104704,4598,52224,43520,3,69252
2026-04-01 16:31:29.763,37908,ESTAB,prague,228,25.301,3.89,20.037,719,3,2157,1438,6121990,6120576,18520,NaN,4623,3148,4622,45,NaN,NaN,710432,602848,4621,52736,43520,2,94239
2026-04-01 16:31:30.024,37908,ESTAB,prague,228,27.185,6.541,20.037,1262,2,2524,2524,6151181,6148743,18520,NaN,4647,3165,4646,45,NaN,NaN,835984,897376,4645,52736,43520,2,65048
2026-04-01 16:31:30.288,37908,ESTAB,prague,228,27.62,5.318,20.037,1188,3,3564,2376,6180184,6176656,18520,NaN,4670,3179,4669,45,NaN,NaN,894656,922672,4667,51200,43520,3,46894
2026-04-01 16:31:30.542,37908,ESTAB,prague,228,25.025,5.072,20.037,1448,3,4344,2896,6216604,6212296,18520,NaN,4696,3198,4695,45,NaN,NaN,1175216,1255624,4693,52224,43520,3,10474
2026-04-01 16:31:30.812,37908,ESTAB,prague,228,25.837,4.886,20.037,1448,3,4344,4344,6227078,6227078,18520,NaN,4704,3205,4703,45,NaN,NaN,1112344,1181752,4704,53248,43520,NaN,NaN
2026-04-01 16:31:31.066,37908,ESTAB,prague,228,24.336,2.899,20.037,1076,3,3228,2152,6239358,6236010,19344,NaN,4715,3212,4714,47,NaN,NaN,780648,727112,4712,50688,43520,3,97670
2026-04-01 16:31:31.321,37908,ESTAB,prague,228,26.269,4.314,20.037,1448,4,5792,5792,6274862,6269118,19344,NaN,4743,3230,4742,47,NaN,NaN,1827232,1544872,4739,52224,43520,4,62166
2026-04-01 16:31:31.591,37908,ESTAB,prague,224,23.478,2.06,20.037,1448,5,7240,5792,6339900,6336410,19344,NaN,4790,3260,4789,47,NaN,NaN,2555480,2392888,4787,52224,43520,3,9024
2026-04-01 16:31:31.854,37908,ESTAB,prague,232,28.588,12.474,20.037,1448,4,5792,5792,6349980,6349980,19750,NaN,4798,3269,4797,48,NaN,NaN,1679008,1882960,4798,53248,43520,NaN,NaN
2026-04-01 16:31:32.110,37908,ESTAB,prague,232,28.588,12.474,20.037,1448,4,5792,5792,6349980,6349980,19750,NaN,4798,3269,4797,48,NaN,NaN,1679008,1882960,4798,53248,43520,NaN,NaN
2026-04-01 16:31:32.367,37908,ESTAB,prague,232,28.588,12.474,20.037,1448,4,5792,5792,6349980,6349980,19750,NaN,4798,3269,4797,48,NaN,NaN,1679008,1882960,4798,53248,43520,NaN,NaN
2026-04-01 16:31:32.633,37908,ESTAB,prague,232,28.588,12.474,20.037,1448,4,5792,5792,6349980,6349980,19750,NaN,4798,3269,4797,48,NaN,NaN,1679008,1882960,4798,53248,43520,NaN,NaN
2026-04-01 16:31:32.895,37908,ESTAB,prague,232,28.588,12.474,20.037,1448,4,5792,5792,6349980,6349980,19750,NaN,4798,3269,4797,48,NaN,NaN,1679008,1882960,4798,53248,43520,NaN,NaN
2026-04-01 16:31:33.153,37908,ESTAB,prague,228,26.128,5.4,20.037,1448,3,4344,4344,6371531,6367223,20574,NaN,4814,3280,4813,50,NaN,NaN,1076488,1107384,4811,52224,43520,3,86160
2026-04-01 16:31:33.432,37908,ESTAB,prague,228,25.619,3.52,20.037,1448,4,5792,5792,6421791,6416047,20574,NaN,4850,3302,4849,50,NaN,NaN,1873536,1832544,4846,52224,43520,4,87596
2026-04-01 16:31:33.689,37908,ESTAB,prague,228,25.094,2.981,20.037,1448,4,5792,5792,6487847,6482103,20574,NaN,4896,3330,4895,50,NaN,NaN,1951520,2117184,4892,52224,43520,4,73236
2026-04-01 16:31:33.914,37908,ESTAB,prague,224,23.38,1.911,20.037,1448,5,7240,5792,6546723,6539543,20574,NaN,4937,3358,4936,50,NaN,NaN,2566280,2063872,4932,52224,43520,5,66056
2026-04-01 16:31:34.161,37908,ESTAB,prague,224,23.871,2.026,20.037,1448,5,7240,5792,6611343,6605599,20574,NaN,4982,3390,4981,50,NaN,NaN,2090776,2186480,4978,52224,43520,4,53132
2026-04-01 16:31:34.435,37908,ESTAB,prague,224,23.373,2.276,20.037,1448,5,7240,5792,6683143,6675963,20574,NaN,5032,3423,5031,50,NaN,NaN,2566960,2400128,5027,52224,43520,5,77891
2026-04-01 16:31:34.694,37908,ESTAB,prague,228,24.079,2.845,20.037,1448,5,7240,5792,6749199,6743455,20574,NaN,5078,3454,5077,50,NaN,NaN,2491720,2235512,5074,52224,43520,4,11835
2026-04-01 16:31:34.969,37908,ESTAB,prague,232,29.654,11.864,20.037,1448,4,5792,5792,6761034,6761034,20574,NaN,5087,3462,5086,50,NaN,NaN,2025568,823352,5087,53248,43520,NaN,NaN
2026-04-01 16:31:35.214,37908,ESTAB,prague,228,25.654,3.263,20.037,1448,4,5792,4344,6789765,6786893,21398,NaN,5108,3477,5107,52,NaN,NaN,1659592,1574440,5106,52224,43520,2,78980
2026-04-01 16:31:35.457,37908,ESTAB,prague,232,28.548,5.71,20.037,1448,3,4344,2896,6821357,6817049,21398,NaN,5131,3490,5130,52,NaN,NaN,1136776,1061776,5128,53248,43520,3,99084
2026-04-01 16:31:35.719,37908,ESTAB,prague,228,26.768,5.472,20.037,1448,3,4344,4344,6861565,6858693,21398,NaN,5159,3509,5158,52,NaN,NaN,1082744,1061632,5157,52224,43520,2,58876
2026-04-01 16:31:35.971,37908,ESTAB,prague,228,26.771,4.544,20.037,1441,2,2882,2882,6890586,6889157,21398,NaN,5182,3525,5181,52,NaN,NaN,964600,1120376,5181,53248,43520,1,81983
2026-04-01 16:31:36.213,37908,ESTAB,prague,228,26.508,5.514,20.037,1127,2,2254,2254,6915054,6912576,21398,NaN,5203,3538,5202,52,NaN,NaN,769464,652664,5201,52224,43520,2,57515
2026-04-01 16:31:36.492,37908,ESTAB,prague,228,27.034,4.824,20.037,873,2,1746,1746,6933175,6931453,21398,NaN,5224,3551,5223,52,NaN,NaN,592024,645944,5222,49152,43520,2,93007
2026-04-01 16:31:36.764,37908,ESTAB,prague,232,28.173,5.693,20.037,688,2,1376,1376,6940659,6939307,21398,NaN,5243,3562,5242,52,NaN,NaN,413080,256352,5241,44032,43520,2,85523
2026-04-01 16:31:37.018,37908,ESTAB,prague,228,26.588,1.881,20.037,619,2,1238,1238,6949981,6948767,21398,NaN,5264,3574,5263,52,NaN,NaN,436896,386768,5262,38400,43520,2,76201
2026-04-01 16:31:37.265,37908,ESTAB,prague,228,27.377,4.825,20.037,1105,2,2210,2210,6965147,6962961,21398,NaN,5282,3585,5281,52,NaN,NaN,704472,786264,5280,49152,43520,2,61035
2026-04-01 16:31:37.553,37908,ESTAB,prague,228,26.523,4.7,20.037,549,2,1098,1098,6988426,6987352,21398,NaN,5306,3601,5305,52,NaN,NaN,392328,307096,5304,50688,43520,2,89756
2026-04-01 16:31:37.800,37908,ESTAB,prague,228,26.667,5.205,20.037,790,3,2370,1580,7008953,7007397,21398,NaN,5327,3614,5326,52,NaN,NaN,724960,309904,5325,49152,43520,2,69229
2026-04-01 16:31:38.043,37908,ESTAB,prague,228,24.083,4.663,20.037,1363,3,4089,2726,7038851,7036149,21398,NaN,5349,3631,5348,52,NaN,NaN,919616,973088,5347,52224,43520,2,91027
2026-04-01 16:31:38.314,37908,ESTAB,prague,228,25.381,4.648,20.037,1386,3,4158,2772,7066621,7063873,21398,NaN,5374,3650,5373,52,NaN,NaN,1123240,944584,5372,50688,43520,2,63257
2026-04-01 16:31:38.595,37908,ESTAB,prague,232,29.232,6.373,20.037,1448,3,4344,4344,7106902,7102594,21398,NaN,5403,3667,5402,52,NaN,NaN,1068992,1182040,5400,52224,43520,3,40350
2026-04-01 16:31:38.851,37908,ESTAB,prague,228,26.242,6.087,20.037,1448,2,2896,2896,7137600,7134728,21398,NaN,5426,3683,5425,52,NaN,NaN,960176,1364640,5424,52736,43520,2,9652
2026-04-01 16:31:39.086,37908,ESTAB,prague,228,25.65,5.481,20.037,1448,3,4344,2896,7165236,7162364,22220,NaN,5446,3698,5445,54,NaN,NaN,1221496,1125200,5444,52224,43520,2,87900
2026-04-01 16:31:39.330,37908,ESTAB,prague,228,24.98,5.193,20.037,1448,3,4344,4344,7201440,7197132,22220,NaN,5472,3715,5471,54,NaN,NaN,1250160,1672296,5469,52224,43520,3,51696
2026-04-01 16:31:39.585,37908,ESTAB,prague,232,28.012,4.564,20.037,1448,3,4344,4344,7241648,7237340,22220,NaN,5500,3732,5499,54,NaN,NaN,1167944,1091536,5497,52224,43520,3,63184
2026-04-01 16:31:39.824,37908,ESTAB,prague,228,27.399,4.191,20.037,1448,3,4344,4344,7286164,7281856,22220,NaN,5531,3751,5530,54,NaN,NaN,1074584,1068088,5528,52224,43520,3,26403
2026-04-01 16:31:40.063,37908,ESTAB,prague,224,23.37,2.711,20.037,1448,3,4344,4344,7319747,7315439,22636,NaN,5555,3771,5554,55,NaN,NaN,1091128,1337296,5552,52224,43520,3,97648
2026-04-01 16:31:40.316,37908,ESTAB,prague,228,27.829,4.746,20.037,1448,3,4344,4344,7357083,7352775,22636,NaN,5581,3786,5580,55,NaN,NaN,1117072,1061336,5578,52224,43520,3,60312
2026-04-01 16:31:40.566,37908,ESTAB,prague,228,26.22,6.287,20.037,1448,3,4344,2896,7385647,7382775,22636,NaN,5603,3802,5602,55,NaN,NaN,1183360,1111008,5601,52224,43520,2,55464
2026-04-01 16:31:40.810,37908,ESTAB,prague,228,24.655,3.995,20.037,1448,3,4344,4344,7422094,7419222,22636,NaN,5630,3821,5629,55,NaN,NaN,1262280,1490344,5628,52224,43520,2,19017
2026-04-01 16:31:41.061,37908,ESTAB,prague,228,24.961,4.449,20.037,1448,3,4344,4344,7456907,7452599,23052,NaN,5655,3838,5654,56,NaN,NaN,1110704,1228112,5652,52224,43520,3,89032
2026-04-01 16:31:41.317,37908,ESTAB,prague,224,22.809,2.313,20.037,1448,4,5792,4344,7495679,7490887,23052,NaN,5684,3860,5683,56,NaN,NaN,1604312,1337896,5680,52224,43520,4,50260
2026-04-01 16:31:41.605,37908,ESTAB,prague,228,27.137,5.853,20.037,646,2,1292,1292,7531120,7529621,23052,NaN,5712,3879,5711,56,NaN,NaN,445224,482600,5710,52736,43520,2,66515
2026-04-01 16:31:41.869,37908,ESTAB,prague,228,26.46,4.071,20.037,1247,2,2494,2494,7550929,7549694,23052,NaN,5733,3893,5732,56,NaN,NaN,849112,734744,5732,50176,43520,1,56245
2026-04-01 16:31:42.111,37908,ESTAB,prague,228,26.164,5.819,20.037,1379,2,2758,2758,7583275,7580403,23052,NaN,5756,3908,5755,56,NaN,NaN,946456,1004728,5754,52224,43520,2,23899
2026-04-01 16:31:42.374,37908,ESTAB,prague,228,24.979,4.854,20.037,1346,3,4038,2692,7621156,7619822,23468,NaN,5784,3929,5783,57,NaN,NaN,967200,1162552,5783,52224,43520,1,90846
2026-04-01 16:31:42.624,37908,ESTAB,prague,228,27.068,5.928,20.037,1448,3,4344,2896,7657434,7653126,23468,NaN,5810,3945,5809,57,NaN,NaN,1291080,1024448,5807,52224,43520,3,54568
2026-04-01 16:31:42.888,37908,ESTAB,prague,228,25.713,3.597,20.037,1448,3,4344,4344,7699078,7696206,23468,NaN,5839,3964,5838,57,NaN,NaN,1143584,1523536,5837,52224,43520,2,64620
2026-04-01 16:31:43.137,37908,ESTAB,prague,228,24.548,3.787,20.037,1448,3,4344,4344,7740722,7736414,23468,NaN,5868,3984,5867,57,NaN,NaN,1347920,1117888,5865,52224,43520,3,74672
2026-04-01 16:31:43.382,37908,ESTAB,prague,228,26.649,4.224,20.037,1448,4,5792,2896,7783802,7778058,23468,NaN,5898,4004,5897,57,NaN,NaN,1585904,1497752,5894,52224,43520,4,38163
2026-04-01 16:31:43.647,37908,ESTAB,prague,228,25.341,3.327,20.037,1448,4,5792,5792,7834889,7829145,23884,NaN,5934,4029,5933,58,NaN,NaN,1685984,1672696,5930,52224,43520,4,91904
2026-04-01 16:31:43.909,37908,ESTAB,prague,224,23.077,3.483,20.037,1448,3,4344,4344,7879405,7875097,23884,NaN,5965,4054,5964,58,NaN,NaN,1236840,1346816,5962,52224,43520,3,99084
2026-04-01 16:31:44.142,37908,ESTAB,prague,228,25.05,4.464,20.037,1448,3,4344,4344,7916741,7913869,23884,NaN,5991,4072,5990,58,NaN,NaN,968760,1182960,5989,52224,43520,2,61748
2026-04-01 16:31:44.366,37908,ESTAB,prague,224,23.485,3.51,20.037,1448,4,5792,4344,7952391,7948083,23884,NaN,6016,4090,6015,58,NaN,NaN,1801304,1301960,6013,52224,43520,3,43125
2026-04-01 16:31:44.595,37908,ESTAB,prague,228,25.725,3.736,20.037,1448,3,4344,2896,7982797,7981361,23884,NaN,6038,4105,6037,58,NaN,NaN,1175984,1259584,6037,52224,43520,1,12719
2026-04-01 16:31:44.828,37908,ESTAB,prague,228,26.115,4.837,20.037,1448,3,4344,4344,7995516,7995516,23884,NaN,6047,4112,6046,58,NaN,NaN,1382424,1336176,6047,52736,43520,NaN,NaN
2026-04-01 16:31:45.070,37908,ESTAB,prague,228,26.115,4.837,20.037,1448,3,4344,4344,7995516,7995516,23884,NaN,6047,4112,6046,58,NaN,NaN,1382424,1336176,6047,52736,43520,NaN,NaN
2026-04-01 16:31:45.312,37908,ESTAB,prague,228,24.865,4.683,20.037,1448,3,4344,4344,7998399,7998388,24292,NaN,6050,4115,6049,59,NaN,NaN,1165528,1336176,6049,52224,43520,1,NaN
2026-04-01 16:31:45.553,37908,ESTAB,prague,228,24.965,3.612,20.037,1354,2,2708,2708,8022537,8019853,24708,NaN,6070,4128,6069,60,NaN,NaN,635056,922576,6068,51200,43520,2,80690
2026-04-01 16:31:45.791,37908,ESTAB,prague,228,26.748,3.661,20.037,751,2,1502,1502,8041206,8039728,24708,NaN,6089,4139,6088,60,NaN,NaN,474944,278424,6087,51200,43520,2,62021
2026-04-01 16:31:46.033,37908,ESTAB,prague,228,25.49,2.809,20.037,168,3,504,336,8047887,8047419,24708,NaN,6108,4150,6107,60,NaN,NaN,376112,63832,6105,46080,43520,3,55340
2026-04-01 16:31:46.275,37908,ESTAB,prague,232,28.254,7.017,20.037,819,2,1638,1638,8055075,8053648,24708,NaN,6128,4162,6127,60,NaN,NaN,533176,610192,6126,42496,43520,2,101630
2026-04-01 16:31:46.519,37908,ESTAB,prague,232,28.628,3.544,20.037,1448,2,2896,2896,8070619,8069183,24708,NaN,6145,4172,6144,60,NaN,NaN,902176,980984,6144,52224,43520,1,86086
2026-04-01 16:31:46.795,37908,ESTAB,prague,224,23.715,3.917,20.037,1415,3,4245,2830,8103024,8098815,24708,NaN,6171,4192,6170,60,NaN,NaN,1015200,1142624,6168,52224,43520,3,53681
2026-04-01 16:31:47.052,37908,ESTAB,prague,228,26.521,3.778,20.037,1448,2,2896,2896,8138879,8136007,24708,NaN,6197,4208,6196,60,NaN,NaN,892912,1338568,6195,52224,43520,2,40156
2026-04-01 16:31:47.316,37908,ESTAB,prague,228,27.647,5.137,20.037,1448,3,4344,2896,8162627,8159755,24708,NaN,6219,4221,6218,60,NaN,NaN,1193128,1246392,6217,52224,43520,2,16408
2026-04-01 16:31:47.578,37908,ESTAB,prague,228,25.792,5.037,20.037,1248,3,3744,2496,8187147,8183439,25124,NaN,6240,4236,6239,61,NaN,NaN,871952,866400,6237,50688,43520,3,96639
2026-04-01 16:31:47.843,37908,ESTAB,prague,228,25.756,5.065,20.037,1448,3,4344,2896,8223150,8218842,25124,NaN,6266,4253,6265,61,NaN,NaN,1122288,1076072,6263,52224,43520,3,60636
2026-04-01 16:31:48.088,37908,ESTAB,prague,228,25.793,5.246,20.037,1448,3,4344,4344,8259266,8256286,25124,NaN,6293,4271,6292,61,NaN,NaN,1268696,1179952,6290,52224,43520,3,76216
2026-04-01 16:31:48.356,37908,ESTAB,prague,228,25.2,4.793,20.037,1448,3,4344,2896,8295274,8290966,25124,NaN,6319,4288,6318,61,NaN,NaN,1250656,1117352,6316,52224,43520,3,72630
2026-04-01 16:31:48.619,37908,ESTAB,prague,228,27.72,4.353,20.037,1262,2,2524,2524,8321237,8318737,25124,NaN,6340,4301,6339,61,NaN,NaN,820272,736744,6338,50688,43520,2,46667
2026-04-01 16:31:48.868,37908,ESTAB,prague,228,27.781,7.749,20.037,1431,2,2862,2862,8343477,8341011,25124,NaN,6362,4316,6361,61,NaN,NaN,923656,562304,6360,48128,43520,2,24427
2026-04-01 16:31:49.129,37908,ESTAB,prague,228,27.721,3.882,20.037,610,2,1220,1220,8362526,8361330,25124,NaN,6381,4327,6380,61,NaN,NaN,413336,364544,6379,50176,43520,2,5378
2026-04-01 16:31:49.392,37908,ESTAB,prague,224,23.848,1.954,20.037,864,3,2592,1728,8370460,8367904,25532,NaN,6400,4340,6399,62,NaN,NaN,634080,553664,6397,48640,43520,3,327
2026-04-01 16:31:49.654,37908,ESTAB,prague,228,24.958,5.924,20.037,1066,3,3198,2132,8390176,8387014,25948,NaN,6424,4358,6423,63,NaN,NaN,699568,735584,6421,45568,43520,3,87432
2026-04-01 16:31:49.901,37908,ESTAB,prague,228,27.997,4.314,20.037,1448,3,4344,2896,8422589,8419717,25948,NaN,6447,4372,6446,63,NaN,NaN,1095264,1110160,6445,52224,43520,2,55019
2026-04-01 16:31:50.163,37908,ESTAB,prague,228,25.826,4.654,20.037,1448,2,2896,2896,8458311,8455439,25948,NaN,6474,4391,6473,63,NaN,NaN,841752,1680056,6472,52224,43520,2,70993
2026-04-01 16:31:50.424,37908,ESTAB,prague,228,26.015,5.787,20.037,1341,3,4023,2682,8485252,8483088,25948,NaN,6497,4407,6496,63,NaN,NaN,926464,1035016,6495,47104,43520,2,83129
2026-04-01 16:31:50.686,37908,ESTAB,prague,228,25.861,4.931,20.037,1156,3,3468,2312,8517061,8514773,25948,NaN,6520,4422,6519,63,NaN,NaN,973728,893008,6518,52224,43520,2,51320
2026-04-01 16:31:50.942,37908,ESTAB,prague,228,24.806,4.714,20.037,1448,3,4344,4344,8557691,8553716,25948,NaN,6549,4441,6548,63,NaN,NaN,989888,1546592,6546,52224,43520,3,10690
2026-04-01 16:31:51.213,37908,ESTAB,prague,228,27.101,6.009,20.037,1074,3,3222,2148,8568381,8568381,25948,NaN,6557,4448,6556,63,NaN,NaN,696288,766320,6557,52736,43520,NaN,NaN
2026-04-01 16:31:51.490,37908,ESTAB,prague,228,27.256,3.657,20.037,778,2,1556,1556,8572796,8571264,26772,NaN,6562,4451,6561,65,NaN,NaN,496496,555112,6560,52736,43520,2,103410
2026-04-01 16:31:51.765,37908,ESTAB,prague,228,25.056,5.571,20.037,1448,3,4344,2896,8604648,8600542,26772,NaN,6589,4471,6588,65,NaN,NaN,1326800,1434368,6586,52736,43520,3,71558
2026-04-01 16:31:52.020,37908,ESTAB,prague,224,22.861,1.95,20.037,1448,5,7240,7240,8663086,8655906,26772,NaN,6631,4500,6630,65,NaN,NaN,2624440,1888336,6626,52224,43520,5,64816
2026-04-01 16:31:52.274,37908,ESTAB,prague,228,24.549,2.643,20.037,1448,5,7240,5792,8732210,8725030,26772,NaN,6680,4531,6679,65,NaN,NaN,2444040,2230952,6675,52224,43520,5,36130
2026-04-01 16:31:52.546,37908,ESTAB,prague,224,23.047,2.125,20.037,1448,5,7240,5792,8769396,8769396,27178,NaN,6707,4553,6706,66,NaN,NaN,2603240,1683536,6707,52736,43520,NaN,NaN
2026-04-01 16:31:52.783,37908,ESTAB,prague,224,23.047,2.125,20.037,1448,5,7240,5792,8769396,8769396,27178,NaN,6707,4553,6706,66,NaN,NaN,2603240,1683536,6707,52736,43520,NaN,NaN
2026-04-01 16:31:53.023,37908,ESTAB,prague,224,23.047,2.125,20.037,1448,5,7240,5792,8769396,8769396,27178,NaN,6707,4553,6706,66,NaN,NaN,2603240,1683536,6707,52736,43520,NaN,NaN
2026-04-01 16:31:53.286,37908,ESTAB,prague,224,23.047,2.125,20.037,1448,5,7240,5792,8769396,8769396,27178,NaN,6707,4553,6706,66,NaN,NaN,2603240,1683536,6707,52736,43520,NaN,NaN
2026-04-01 16:31:53.532,37908,ESTAB,prague,224,22.244,1.741,20.037,1448,5,7240,5792,8780895,8773715,28002,NaN,6716,4559,6715,68,NaN,NaN,2697240,1683536,6711,52224,43520,5,96212
2026-04-01 16:31:53.765,37908,ESTAB,prague,224,23.759,1.751,20.037,1448,5,7240,5792,8841207,8834027,28002,NaN,6758,4585,6757,68,NaN,NaN,2525280,2352272,6753,52224,43520,5,87596
2026-04-01 16:31:54.010,37908,ESTAB,prague,228,24.244,1.758,20.037,1448,4,5792,5792,8902955,8897211,28002,NaN,6801,4613,6800,68,NaN,NaN,1979840,1912336,6797,52224,43520,4,77544
2026-04-01 16:31:54.251,37908,ESTAB,prague,224,23.647,3.217,20.037,1448,5,7240,5792,8967575,8960395,28002,NaN,6846,4645,6845,68,NaN,NaN,2537280,1914784,6841,52224,43520,5,64620
2026-04-01 16:31:54.506,37908,ESTAB,prague,228,24.012,2.574,20.037,1448,5,7240,5792,9032195,9027887,28002,NaN,6891,4677,6890,68,NaN,NaN,2498720,2235168,6888,52224,43520,3,51696
2026-04-01 16:31:54.770,37908,ESTAB,prague,224,22.471,2.46,20.037,1448,5,7240,5792,9102559,9096815,28002,NaN,6940,4713,6939,68,NaN,NaN,2670000,2214592,6936,52224,43520,4,84724
2026-04-01 16:31:55.032,37908,ESTAB,prague,224,22.933,2.489,20.037,1448,4,5792,5792,9172923,9167179,28002,NaN,6989,4745,6988,68,NaN,NaN,2092992,2230952,6985,52224,43520,4,32155
2026-04-01 16:31:55.296,37908,ESTAB,prague,228,25.163,3.147,20.037,1448,5,7240,5792,9205078,9205078,28002,NaN,7012,4761,7011,68,NaN,NaN,2384360,2057816,7012,52736,43520,NaN,NaN
2026-04-01 16:31:55.558,37908,ESTAB,prague,228,24.51,2.815,20.037,1448,4,5792,5792,9210833,9207961,28826,NaN,7017,4765,7016,70,NaN,NaN,1984120,2057816,7015,53248,43520,2,101956
2026-04-01 16:31:55.820,37908,ESTAB,prague,224,23.889,2.895,20.037,1448,5,7240,5792,9282633,9276889,28826,NaN,7067,4798,7066,70,NaN,NaN,2511600,2569992,7063,52224,43520,4,81852
2026-04-01 16:31:56.082,37908,ESTAB,prague,224,23.031,2.794,20.037,1448,5,7240,5792,9350125,9342945,28826,NaN,7114,4830,7113,70,NaN,NaN,2605120,1909344,7109,52224,43520,5,66056
2026-04-01 16:31:56.346,37908,ESTAB,prague,228,24.062,2.872,20.037,1448,5,7240,5792,9413309,9406129,28826,NaN,7158,4857,7157,70,NaN,NaN,2037640,2222816,7153,52224,43520,5,54568
2026-04-01 16:31:56.601,37908,ESTAB,prague,224,23.251,3.138,20.037,1448,5,7240,5792,9482237,9475057,28826,NaN,7206,4890,7205,70,NaN,NaN,2580440,1887560,7201,52224,43520,5,89032
2026-04-01 16:31:56.861,37908,ESTAB,prague,224,23.936,3.505,20.037,1448,5,7240,5792,9554037,9548293,28826,NaN,7256,4924,7255,70,NaN,NaN,2188264,2236720,7252,52224,43520,4,68928
2026-04-01 16:31:57.112,37908,ESTAB,prague,228,24.436,2.076,20.037,1448,4,5792,5792,9615785,9611477,28826,NaN,7299,4952,7298,70,NaN,NaN,2050488,2073008,7296,52224,43520,3,28010
2026-04-01 16:31:57.363,37908,ESTAB,prague,228,24.792,1.995,20.037,1448,3,4344,4344,9643795,9643795,28826,NaN,7319,4965,7318,70,NaN,NaN,1303920,1581720,7319,52736,43520,NaN,NaN
2026-04-01 16:31:57.625,37908,ESTAB,prague,224,23.72,1.406,20.037,1448,2,2896,2896,9652422,9649550,29650,NaN,7326,4971,7325,72,NaN,NaN,978952,1581720,7324,52224,43520,2,99084
2026-04-01 16:31:57.881,37908,ESTAB,prague,228,26.528,6.816,20.037,1448,3,4344,4344,9694066,9689758,29650,NaN,7355,4989,7354,72,NaN,NaN,1408792,1113736,7352,52224,43520,3,57440
2026-04-01 16:31:58.138,37908,ESTAB,prague,228,27.194,3.238,20.037,1448,3,4344,2896,9725658,9721936,29650,NaN,7378,5002,7377,72,NaN,NaN,1135608,1114880,7375,52224,43520,3,77544
2026-04-01 16:31:58.397,37908,ESTAB,prague,232,29.695,7.753,20.037,1448,3,4344,4344,9764430,9761558,29650,NaN,7405,5020,7404,72,NaN,NaN,1084000,1114864,7403,52224,43520,2,90468
2026-04-01 16:31:58.642,37908,ESTAB,prague,228,24.552,4.031,20.037,1448,3,4344,2896,9796426,9793554,29650,NaN,7429,5039,7428,72,NaN,NaN,1458248,1113896,7427,52224,43520,2,58472
2026-04-01 16:31:58.888,37908,ESTAB,prague,228,27.803,4.893,20.037,953,2,1906,1906,9818475,9816896,29650,NaN,7448,5050,7447,72,NaN,NaN,625256,680528,7446,52736,43520,2,88119
2026-04-01 16:31:59.138,37908,ESTAB,prague,228,27.308,5.477,20.037,1448,3,4344,2896,9846159,9843287,29650,NaN,7470,5064,7469,72,NaN,NaN,1151872,1090360,7468,52224,43520,2,60435
2026-04-01 16:31:59.385,37908,ESTAB,prague,224,23.077,3.195,20.037,1402,3,4206,2804,9871244,9869464,29650,NaN,7494,5082,7493,72,NaN,NaN,1006544,1034968,7492,52224,43520,2,86998
2026-04-01 16:31:59.639,37908,ESTAB,prague,228,25.864,6.078,20.037,1448,3,4344,4344,9908030,9903722,29650,NaN,7521,5101,7520,72,NaN,NaN,1361040,1210912,7518,52224,43520,3,101932
2026-04-01 16:31:59.873,37908,ESTAB,prague,228,25.692,4.663,20.037,1448,3,4344,4344,9946778,9942470,29650,NaN,7548,5118,7547,72,NaN,NaN,1303440,1672048,7545,52224,43520,3,63184
2026-04-01 16:32:00.113,37908,ESTAB,prague,228,24.835,3.138,20.037,1448,3,4344,4344,9983661,9979353,29650,NaN,7575,5137,7574,72,NaN,NaN,1430800,1429064,7572,52224,43520,3,77701
2026-04-01 16:32:00.374,37908,ESTAB,prague,228,26.352,3.819,20.037,1448,2,2896,2896,10022886,10020014,29650,NaN,7603,5156,7602,72,NaN,NaN,835008,1231288,7601,52224,43520,2,68990
2026-04-01 16:32:00.636,37908,ESTAB,prague,228,24.217,3.219,20.037,1448,5,7240,5792,10068690,10061510,29650,NaN,7636,5176,7635,72,NaN,NaN,2477520,1611424,7631,52224,43520,5,23186
2026-04-01 16:32:00.884,37908,ESTAB,prague,224,22.22,1.443,20.037,1448,5,7240,5792,10127396,10120216,30472,NaN,7678,5205,7677,74,NaN,NaN,2310352,2225656,7673,52224,43520,5,70364
2026-04-01 16:32:01.113,37908,ESTAB,prague,224,23.168,2.311,20.037,1448,4,5792,5792,10189144,10183400,30472,NaN,7721,5236,7720,74,NaN,NaN,2071776,1908008,7717,52224,43520,4,60312
2026-04-01 16:32:01.363,37908,ESTAB,prague,228,25.372,3.58,20.037,1448,5,7240,5792,10250892,10246584,30472,NaN,7764,5262,7763,74,NaN,NaN,2364760,1616144,7761,52224,43520,3,43599
2026-04-01 16:32:01.620,37908,ESTAB,prague,224,23.859,2.082,20.037,1448,5,7240,5792,10295547,10295547,30878,NaN,7796,5285,7795,75,NaN,NaN,2514720,2067648,7796,52736,43520,NaN,NaN
2026-04-01 16:32:01.881,37908,ESTAB,prague,224,22.928,1.954,20.037,1448,6,8688,5792,10354434,10348690,31702,NaN,7838,5315,7837,77,NaN,NaN,3140208,2517160,7834,52224,43520,4,48824
2026-04-01 16:32:02.142,37908,ESTAB,prague,224,22.797,1.61,20.037,1448,5,7240,7240,10429106,10421926,31702,NaN,7890,5350,7889,77,NaN,NaN,2631800,2429320,7885,52224,43520,5,14984
2026-04-01 16:32:02.402,37908,ESTAB,prague,224,23.535,2.787,20.037,1448,5,7240,5792,10444090,10444090,31702,NaN,7901,5360,7900,77,NaN,NaN,2145360,1779272,7901,52736,43520,NaN,NaN
2026-04-01 16:32:02.663,37908,ESTAB,prague,224,23.535,2.787,20.037,1448,5,7240,5792,10444090,10444090,31702,NaN,7901,5360,7900,77,NaN,NaN,2145360,1779272,7901,52736,43520,NaN,NaN
2026-04-01 16:32:02.919,37908,ESTAB,prague,224,23.535,2.787,20.037,1448,5,7240,5792,10444090,10444090,31702,NaN,7901,5360,7900,77,NaN,NaN,2145360,1779272,7901,52736,43520,NaN,NaN
2026-04-01 16:32:03.174,37908,ESTAB,prague,224,23.535,2.787,20.037,1448,5,7240,5792,10444090,10444090,31702,NaN,7901,5360,7900,77,NaN,NaN,2145360,1779272,7901,52736,43520,NaN,NaN
2026-04-01 16:32:03.448,37908,ESTAB,prague,224,23.535,2.787,20.037,1448,5,7240,5792,10444090,10444090,31702,NaN,7901,5360,7900,77,NaN,NaN,2145360,1779272,7901,52736,43520,NaN,NaN
2026-04-01 16:32:03.715,37908,ESTAB,prague,224,23.109,2.807,20.037,1448,5,7240,5792,10446973,10445526,32110,NaN,7904,5362,7903,78,NaN,NaN,2596320,1779272,7902,52224,43520,2,NaN
2026-04-01 16:32:03.968,37908,ESTAB,prague,228,24.577,3.476,20.037,1448,5,7240,5792,10508721,10502977,32526,NaN,7947,5389,7946,79,NaN,NaN,2135200,2224776,7943,52224,43520,4,71422
2026-04-01 16:32:04.227,37908,ESTAB,prague,228,25.799,3.643,20.037,1448,4,5792,5792,10570469,10566161,32526,NaN,7990,5416,7989,79,NaN,NaN,1476752,1547416,7987,52224,43520,3,48762
2026-04-01 16:32:04.489,37908,ESTAB,prague,228,25.925,4.831,20.037,1448,2,2896,2896,10613549,10610677,32526,NaN,8020,5437,8019,79,NaN,NaN,975112,1057120,8018,52224,43520,2,5682
2026-04-01 16:32:04.751,37908,ESTAB,prague,232,30.617,11.967,20.037,1406,2,2812,2812,10619231,10619231,32526,NaN,8026,5442,8025,79,NaN,NaN,823880,320224,8026,53248,43520,NaN,NaN
2026-04-01 16:32:05.003,37908,ESTAB,prague,232,30.617,11.967,20.037,1406,2,2812,2812,10619231,10619231,32526,NaN,8026,5442,8025,79,NaN,NaN,823880,320224,8026,53248,43520,NaN,NaN
2026-04-01 16:32:05.253,37908,ESTAB,prague,232,30.617,11.967,20.037,1406,2,2812,2812,10619231,10619231,32526,NaN,8026,5442,8025,79,NaN,NaN,823880,320224,8026,53248,43520,NaN,NaN
2026-04-01 16:32:05.507,37908,ESTAB,prague,232,30.617,11.967,20.037,1406,2,2812,2812,10619231,10619231,32526,NaN,8026,5442,8025,79,NaN,NaN,823880,320224,8026,53248,43520,NaN,NaN
2026-04-01 16:32:05.769,37908,ESTAB,prague,232,28.516,10.372,20.037,923,2,1846,1846,10622114,10622019,32934,NaN,8029,5445,8028,80,NaN,NaN,571760,518752,8028,51712,43520,1,NaN
2026-04-01 16:32:06.028,37908,ESTAB,prague,228,27.313,7.308,20.037,1209,2,2418,2418,10646596,10645399,33350,NaN,8050,5460,8049,81,NaN,NaN,759232,903664,8049,50688,43520,1,82105
2026-04-01 16:32:06.282,37908,ESTAB,prague,228,24.451,3.692,20.037,1448,3,4344,4344,10680171,10677299,33350,NaN,8075,5478,8074,81,NaN,NaN,1283272,1598304,8073,52224,43520,2,100226
2026-04-01 16:32:06.525,37908,ESTAB,prague,228,24.967,3.068,20.037,779,3,2337,1558,10710145,10707744,33350,NaN,8099,5493,8098,81,NaN,NaN,575176,438464,8096,52736,43520,3,70252
2026-04-01 16:32:06.757,37908,ESTAB,prague,228,25.484,5.749,20.037,1122,2,2244,2244,10729811,10727688,33350,NaN,8120,5508,8119,81,NaN,NaN,720680,1108792,8118,48128,43520,2,101646
2026-04-01 16:32:07.022,37908,ESTAB,prague,232,30.381,6.374,20.037,1448,3,4344,2896,10758857,10755985,33350,NaN,8144,5521,8143,81,NaN,NaN,1283856,1594784,8142,52224,43520,2,72600
2026-04-01 16:32:07.288,37908,ESTAB,prague,228,26.355,5.268,20.037,1448,2,2896,2896,10791210,10788563,33350,NaN,8168,5538,8167,81,NaN,NaN,1004696,566920,8166,52736,43520,2,92261
2026-04-01 16:32:07.563,37908,ESTAB,prague,228,26.195,4.977,20.037,1448,3,4344,2896,10828607,10825735,33350,NaN,8195,5555,8194,81,NaN,NaN,1180736,1027584,8193,52224,43520,2,54864
2026-04-01 16:32:07.826,37908,ESTAB,prague,228,25.158,3.922,20.037,1448,4,5792,4344,10879163,10874855,33350,NaN,8231,5578,8230,81,NaN,NaN,1443240,1733800,8228,52224,43520,3,56004
2026-04-01 16:32:08.087,37908,ESTAB,prague,228,25.816,4.82,20.037,1448,3,4344,2896,10912191,10908361,33350,NaN,8255,5593,8254,81,NaN,NaN,1131288,1160680,8252,52224,43520,3,74672
2026-04-01 16:32:08.347,37908,ESTAB,prague,228,27.179,5.583,20.037,1448,3,4344,4344,10952399,10948091,33350,NaN,8283,5610,8282,81,NaN,NaN,1140800,1113360,8280,52224,43520,3,86160
2026-04-01 16:32:08.605,37908,ESTAB,prague,228,26.23,3.517,20.037,1448,4,5792,4344,10992607,10986863,33350,NaN,8311,5627,8310,81,NaN,NaN,1786400,1486456,8307,52224,43520,4,58447
2026-04-01 16:32:08.864,37908,ESTAB,prague,228,24.397,2.116,20.037,1448,5,7240,5792,11051054,11047175,33350,NaN,8352,5653,8351,81,NaN,NaN,2459280,2232152,8349,52224,43520,3,NaN
2026-04-01 16:32:09.121,37908,ESTAB,prague,228,24.988,1.99,20.037,1448,5,7240,5792,11106678,11100934,34172,NaN,8391,5679,8390,83,NaN,NaN,2401120,1786824,8387,52224,43520,4,50260
2026-04-01 16:32:09.379,37908,ESTAB,prague,224,22.786,2.002,20.037,1448,5,7240,5792,11179914,11174170,34172,NaN,8442,5715,8441,83,NaN,NaN,2633120,2098928,8438,52224,43520,4,80416
2026-04-01 16:32:09.641,37908,ESTAB,prague,224,23.657,2.555,20.037,1448,4,5792,5792,11250278,11244534,34172,NaN,8491,5750,8490,83,NaN,NaN,2028960,2391800,8487,52224,43520,4,24170
2026-04-01 16:32:09.907,37908,ESTAB,prague,224,23.167,1.963,20.037,1448,5,7240,5792,11289875,11282695,35402,NaN,8520,5771,8519,86,NaN,NaN,2277552,1883144,8515,52224,43520,5,93340
2026-04-01 16:32:10.158,37908,ESTAB,prague,228,24.366,2.446,20.037,1448,5,7240,5792,11355931,11348751,35402,NaN,8566,5801,8565,86,NaN,NaN,2048272,2207648,8561,52224,43520,5,78980
2026-04-01 16:32:10.414,37908,ESTAB,prague,224,23.864,3.714,20.037,1448,5,7240,5792,11421987,11416243,35402,NaN,8612,5834,8611,86,NaN,NaN,2193416,2013904,8608,52224,43520,4,64620
2026-04-01 16:32:10.669,37908,ESTAB,prague,224,23.642,2.309,20.037,1448,5,7240,5792,11488043,11482299,35402,NaN,8658,5866,8657,86,NaN,NaN,2537800,1918992,8654,52224,43520,4,50260
2026-04-01 16:32:10.931,37908,ESTAB,prague,224,23.095,2.178,20.037,1448,4,5792,5792,11558407,11552663,35402,NaN,8707,5901,8706,86,NaN,NaN,2078336,1784824,8703,52224,43520,4,83288
2026-04-01 16:32:11.200,37908,ESTAB,prague,228,24.271,3.369,20.037,1448,5,7240,5792,11627335,11621591,35402,NaN,8755,5933,8754,86,NaN,NaN,2472040,2232152,8751,52224,43520,4,62095
2026-04-01 16:32:11.458,37908,ESTAB,prague,224,23.094,2.454,20.037,1448,5,7240,7240,11689430,11689430,35402,NaN,8799,5968,8798,86,NaN,NaN,2597960,2586632,8799,53248,43520,NaN,NaN
2026-04-01 16:32:11.720,37908,ESTAB,prague,224,23.094,2.454,20.037,1448,5,7240,7240,11689430,11689430,35402,NaN,8799,5968,8798,86,NaN,NaN,2597960,2586632,8799,53248,43520,NaN,NaN
2026-04-01 16:32:11.982,37908,ESTAB,prague,224,23.89,2.555,20.037,1448,5,7240,5792,11712417,11706673,36226,NaN,8816,5979,8815,88,NaN,NaN,2188808,2057984,8812,52224,43520,4,84724
2026-04-01 16:32:12.230,37908,ESTAB,prague,224,21.929,1.641,20.037,1448,5,7240,5792,11781345,11774165,36226,NaN,8864,6013,8863,88,NaN,NaN,2736000,2864960,8859,52224,43520,5,67492
2026-04-01 16:32:12.491,37908,ESTAB,prague,224,22.952,2.213,20.037,1448,5,7240,5792,11854581,11847401,36226,NaN,8915,6049,8914,88,NaN,NaN,2614040,1973424,8910,52224,43520,5,45952
2026-04-01 16:32:12.757,37908,ESTAB,prague,224,22.626,2.243,20.037,1448,5,7240,5792,11929253,11922073,36226,NaN,8967,6086,8966,88,NaN,NaN,2651800,2241744,8962,52224,43520,5,74672
2026-04-01 16:32:13.035,37908,ESTAB,prague,224,23.684,3.429,20.037,1448,5,7240,5792,12002489,11996745,36226,NaN,9018,6122,9017,88,NaN,NaN,2533320,1639088,9014,52224,43520,4,53132
2026-04-01 16:32:13.311,37908,ESTAB,prague,224,23.528,3.242,20.037,1448,5,7240,5792,12074289,12067109,36226,NaN,9068,6158,9067,88,NaN,NaN,2550120,2138744,9063,52224,43520,5,30522
2026-04-01 16:32:13.565,37908,ESTAB,prague,228,25.666,3.91,20.037,1448,6,8688,5792,12104811,12104811,36226,NaN,9090,6176,9089,88,NaN,NaN,2805168,2229728,9090,53248,43520,NaN,NaN
2026-04-01 16:32:13.826,37908,ESTAB,prague,228,25.666,3.91,20.037,1448,6,8688,5792,12104811,12104811,36226,NaN,9090,6176,9089,88,NaN,NaN,2805168,2229728,9090,53248,43520,NaN,NaN
2026-04-01 16:32:14.084,37908,ESTAB,prague,228,26.27,5.898,20.037,1448,3,4344,4344,12133542,12130670,37050,NaN,9111,6190,9110,90,NaN,NaN,1204504,1115024,9109,52224,43520,2,78980
2026-04-01 16:32:14.341,37908,ESTAB,prague,228,27.873,6.412,20.037,1448,3,4344,4344,12168006,12165134,37050,NaN,9136,6205,9135,90,NaN,NaN,1503224,1105184,9134,52224,43520,2,96212
2026-04-01 16:32:14.608,37908,ESTAB,prague,228,25.208,5.654,20.037,1448,3,4344,2896,12206778,12203906,37050,NaN,9163,6223,9162,90,NaN,NaN,1356288,1115560,9161,52224,43520,2,57440
2026-04-01 16:32:14.876,37908,ESTAB,prague,228,25.45,2.904,20.037,1448,3,4344,4344,12252730,12249858,37050,NaN,9196,6244,9195,90,NaN,NaN,1232560,1259720,9194,52224,43520,2,63184
2026-04-01 16:32:15.137,37908,ESTAB,prague,228,24.472,3.611,20.037,1448,5,7240,5792,12302990,12295810,37050,NaN,9231,6266,9230,90,NaN,NaN,2193944,1968592,9226,52224,43520,5,64620
2026-04-01 16:32:15.390,37908,ESTAB,prague,224,23.061,3.342,20.037,1448,5,7240,5792,12367610,12363302,37050,NaN,9276,6300,9275,90,NaN,NaN,2192904,1949344,9273,52224,43520,3,51696
2026-04-01 16:32:15.652,37908,ESTAB,prague,224,23.254,1.571,20.037,1448,5,7240,5792,12440846,12435102,37050,NaN,9327,6333,9326,90,NaN,NaN,2580120,1910208,9323,52224,43520,4,75326
2026-04-01 16:32:15.915,37908,ESTAB,prague,224,23.976,2.573,20.037,1448,5,7240,5792,12504030,12498286,37050,NaN,9371,6361,9370,90,NaN,NaN,2061928,1983984,9367,52224,43520,4,12142
2026-04-01 16:32:16.178,37908,ESTAB,prague,228,25.061,4.054,20.037,920,3,2760,1840,12543456,12541081,37466,NaN,9401,6383,9400,91,NaN,NaN,912208,582576,9398,52736,43520,3,77544
2026-04-01 16:32:16.439,37908,ESTAB,prague,228,24.466,2.981,20.037,1448,4,5792,4344,12583664,12579356,37466,NaN,9430,6402,9429,91,NaN,NaN,1620616,1289304,9427,52224,43520,3,89032
2026-04-01 16:32:16.701,37908,ESTAB,prague,228,25.012,4.035,20.037,941,2,1882,1882,12616366,12614326,37466,NaN,9454,6419,9453,91,NaN,NaN,686856,555528,9452,52736,43520,2,56330
2026-04-01 16:32:16.971,37908,ESTAB,prague,228,24.239,4.619,20.037,1448,3,4344,4344,12646848,12643310,37466,NaN,9480,6437,9479,91,NaN,NaN,1077248,1064752,9477,52224,43520,3,78528
2026-04-01 16:32:17.253,37908,ESTAB,prague,224,23.45,2.841,20.037,1448,3,4344,2896,12682179,12679532,37466,NaN,9506,6458,9505,91,NaN,NaN,1487680,904112,9504,52736,43520,2,94953
2026-04-01 16:32:17.519,37908,ESTAB,prague,228,25.943,3.469,20.037,1448,4,5792,4344,12726812,12722176,37466,NaN,9538,6477,9537,91,NaN,NaN,1607448,1654200,9534,52224,43520,4,50320
2026-04-01 16:32:17.781,37908,ESTAB,prague,228,26.502,4.832,20.037,1046,2,2092,2092,12761902,12759834,37466,NaN,9564,6495,9563,91,NaN,NaN,716568,605280,9562,52224,43520,2,66926
2026-04-01 16:32:18.042,37908,ESTAB,prague,228,25.795,5.659,20.037,1448,3,4344,2896,12791140,12788268,37466,NaN,9588,6511,9587,91,NaN,NaN,1077552,1239280,9586,52224,43520,2,88912
2026-04-01 16:32:18.313,37908,ESTAB,prague,232,28.773,5.339,20.037,1448,2,2896,2896,12827392,12824520,37466,NaN,9614,6528,9613,91,NaN,NaN,909168,819808,9612,52224,43520,2,52660
2026-04-01 16:32:18.569,37908,ESTAB,prague,232,30.444,7.481,20.037,1448,3,4344,4344,12863056,12858748,37466,NaN,9640,6544,9639,91,NaN,NaN,1342136,1145792,9637,52224,43520,3,69645
2026-04-01 16:32:18.840,37908,ESTAB,prague,228,26.951,1.987,20.037,1448,5,7240,5792,12909486,12906375,37466,NaN,9674,6564,9673,91,NaN,NaN,2130256,1847992,9671,52224,43520,3,36616
2026-04-01 16:32:19.093,37908,ESTAB,prague,224,23.609,3.489,20.037,1448,4,5792,4344,12954338,12950030,38288,NaN,9707,6588,9706,93,NaN,NaN,1573360,1534232,9704,52224,43520,3,97648
2026-04-01 16:32:19.365,37908,ESTAB,prague,228,26.534,4.266,20.037,1448,3,4344,2896,12998854,12995982,38288,NaN,9738,6609,9737,93,NaN,NaN,1150840,1341464,9736,52224,43520,2,53132
2026-04-01 16:32:19.641,37908,ESTAB,prague,228,24.581,3.803,20.037,1448,4,5792,4344,13049114,13044806,38288,NaN,9773,6632,9772,93,NaN,NaN,1690680,1773688,9770,52224,43520,3,54568
2026-04-01 16:32:19.888,37908,ESTAB,prague,232,30.33,7.054,20.037,1448,4,5792,2896,13082142,13079270,38288,NaN,9797,6646,9796,93,NaN,NaN,1541624,1108616,9795,52224,43520,2,67094
2026-04-01 16:32:20.126,37908,ESTAB,prague,228,26.486,5.201,20.037,1448,3,4344,4344,13120914,13116606,38288,NaN,9824,6664,9823,93,NaN,NaN,1129104,1112344,9821,52224,43520,3,28322
2026-04-01 16:32:20.369,37908,ESTAB,prague,228,26.784,4.483,20.037,1448,2,2896,2896,13149236,13147462,38288,NaN,9845,6678,9844,93,NaN,NaN,1003176,1125712,9843,53248,43520,2,NaN
2026-04-01 16:32:20.633,37908,ESTAB,prague,224,22.869,2.578,20.037,1448,3,4344,4344,13183291,13178983,38704,NaN,9873,6700,9872,94,NaN,NaN,1162688,1642496,9870,52224,43520,3,70220
2026-04-01 16:32:20.867,37908,ESTAB,prague,228,24.816,4.381,20.037,1448,3,4344,4344,13223451,13220579,38704,NaN,9901,6720,9900,94,NaN,NaN,1175136,1235576,9899,52224,43520,2,81804
2026-04-01 16:32:21.099,37908,ESTAB,prague,228,25.682,4.724,20.037,1448,3,4344,2896,13257867,13254995,38704,NaN,9925,6736,9924,94,NaN,NaN,1153656,1116632,9923,52224,43520,2,99084
2026-04-01 16:32:21.361,37908,ESTAB,prague,224,23.294,2.863,20.037,1448,5,7240,5792,13312435,13305255,38704,NaN,9964,6762,9963,94,NaN,NaN,2575720,1941864,9959,52224,43520,5,55350
2026-04-01 16:32:21.631,37908,ESTAB,prague,224,23.28,1.739,20.037,1448,4,5792,5792,13368841,13368841,39110,NaN,10004,6792,10003,95,NaN,NaN,2061824,2207416,10004,52736,43520,NaN,NaN
2026-04-01 16:32:21.878,37908,ESTAB,prague,224,23.28,1.739,20.037,1448,4,5792,5792,13368841,13368841,39110,NaN,10004,6792,10003,95,NaN,NaN,2061824,2207416,10004,52736,43520,NaN,NaN
2026-04-01 16:32:22.117,37908,ESTAB,prague,224,23.287,1.754,20.037,1448,4,5792,4344,13377468,13373160,39934,NaN,10011,6796,10010,97,NaN,NaN,1707768,2207416,10008,52224,43520,3,99084
2026-04-01 16:32:22.374,37908,ESTAB,prague,228,26.626,4.259,20.037,1448,3,4344,2896,13419112,13414804,39934,NaN,10040,6813,10039,97,NaN,NaN,1510088,894856,10037,52224,43520,3,57440
2026-04-01 16:32:22.641,37908,ESTAB,prague,232,28.818,6.961,20.037,973,2,1946,1946,13451665,13450515,39934,NaN,10064,6829,10063,97,NaN,NaN,615656,692088,10062,52224,43520,2,76583
2026-04-01 16:32:22.887,37908,ESTAB,prague,224,23.999,4.533,20.037,1448,4,5792,2896,13482296,13479424,39934,NaN,10089,6848,10088,97,NaN,NaN,1618568,1252768,10087,52224,43520,2,97648
2026-04-01 16:32:23.138,37908,ESTAB,prague,224,23.288,1.877,20.037,1448,4,5792,4344,13536864,13531120,39934,NaN,10127,6871,10126,97,NaN,NaN,1675120,1541720,10123,52224,43520,4,94776
2026-04-01 16:32:23.404,37908,ESTAB,prague,228,24.383,3.901,20.037,1448,4,5792,5792,13605792,13600048,39934,NaN,10175,6902,10174,97,NaN,NaN,1968576,1913048,10171,52224,43520,4,44056
2026-04-01 16:32:23.671,37908,ESTAB,prague,224,23.584,2.648,20.037,1448,5,7240,5792,13649848,13649848,39934,NaN,10206,6925,10205,97,NaN,NaN,2544040,2229080,10206,52736,43520,NaN,NaN
2026-04-01 16:32:23.940,37908,ESTAB,prague,224,23.584,2.648,20.037,1448,5,7240,5792,13649848,13649848,39934,NaN,10206,6925,10205,97,NaN,NaN,2544040,2229080,10206,52736,43520,NaN,NaN
2026-04-01 16:32:24.204,37908,ESTAB,prague,224,23.673,2.011,20.037,1448,5,7240,5792,13672835,13665655,40758,NaN,10223,6935,10222,99,NaN,NaN,2214256,2041136,10218,52224,43520,5,84724
2026-04-01 16:32:24.475,37908,ESTAB,prague,224,23.706,2.263,20.037,1448,5,7240,5792,13744635,13737455,40758,NaN,10273,6968,10272,99,NaN,NaN,2530880,2205840,10268,52224,43520,5,64620
2026-04-01 16:32:24.739,37908,ESTAB,prague,228,24.647,5.064,20.037,1448,3,4344,2896,13790587,13786279,40758,NaN,10305,6988,10304,99,NaN,NaN,1063448,1087184,10302,52224,43520,3,70364
2026-04-01 16:32:25.007,37908,ESTAB,prague,228,25.344,3.211,20.037,1448,4,5792,5792,13839411,13833667,40758,NaN,10339,7009,10338,99,NaN,NaN,2019320,1611424,10335,52224,43520,4,73236
2026-04-01 16:32:25.289,37908,ESTAB,prague,224,23.427,2.164,20.037,1448,5,7240,5792,13908339,13901159,40758,NaN,10387,7038,10386,99,NaN,NaN,2050304,2220000,10382,52224,43520,5,56004
2026-04-01 16:32:25.561,37908,ESTAB,prague,224,22.582,2.207,20.037,1448,5,7240,5792,13980139,13974395,40758,NaN,10437,7073,10436,99,NaN,NaN,2656880,2298320,10433,52224,43520,4,23793
2026-04-01 16:32:25.813,37908,ESTAB,prague,228,25.025,2.765,20.037,1448,5,7240,5792,14003932,14003932,40758,NaN,10454,7086,10453,99,NaN,NaN,2039376,2177136,10454,52736,43520,NaN,NaN
2026-04-01 16:32:26.079,37908,ESTAB,prague,228,25.025,2.765,20.037,1448,5,7240,5792,14003932,14003932,40758,NaN,10454,7086,10453,99,NaN,NaN,2039376,2177136,10454,52736,43520,NaN,NaN
2026-04-01 16:32:26.338,37908,ESTAB,prague,228,24.824,1.681,20.037,1448,5,7240,5792,14049895,14045587,41582,NaN,10487,7107,10486,101,NaN,NaN,2416920,1963656,10484,52224,43520,3,61748
2026-04-01 16:32:26.604,37908,ESTAB,prague,224,21.866,1.642,20.037,1448,5,7240,5792,14121695,14114515,41582,NaN,10537,7143,10536,101,NaN,NaN,2743920,2382064,10532,52224,43520,5,93340
2026-04-01 16:32:26.879,37908,ESTAB,prague,224,23.669,2.712,20.037,1448,5,7240,5792,14192059,14186315,41582,NaN,10586,7176,10585,101,NaN,NaN,2534880,2148960,10582,52224,43520,4,74672
2026-04-01 16:32:27.136,37908,ESTAB,prague,228,24.464,2.397,20.037,1448,5,7240,5792,14259551,14255243,41582,NaN,10633,7207,10632,101,NaN,NaN,2180744,2225440,10630,52224,43520,3,58876
2026-04-01 16:32:27.403,37908,ESTAB,prague,228,24.18,2.91,20.037,1448,4,5792,5792,14328479,14322735,41582,NaN,10681,7239,10680,101,NaN,NaN,1950960,2060568,10677,52224,43520,4,93340
2026-04-01 16:32:27.663,37908,ESTAB,prague,228,24.502,2.677,20.037,1448,5,7240,5792,14397407,14390227,41582,NaN,10729,7270,10728,101,NaN,NaN,2448720,1903928,10724,52224,43520,5,27580
2026-04-01 16:32:27.925,37908,ESTAB,prague,224,23.771,2.28,20.037,1448,5,7240,5792,14424987,14424987,41582,NaN,10749,7286,10748,101,NaN,NaN,2524040,2462264,10749,53248,43520,NaN,NaN
2026-04-01 16:32:28.195,37908,ESTAB,prague,224,23.771,2.28,20.037,1448,5,7240,5792,14427870,14424987,41990,NaN,10752,7287,10751,102,NaN,NaN,2524040,2462264,10749,53248,43520,3,NaN
2026-04-01 16:32:28.462,37908,ESTAB,prague,228,25.058,3.059,20.037,1375,2,2750,2750,14469357,14467994,42406,NaN,10781,7309,10780,103,NaN,NaN,985408,852512,10780,52224,43520,1,63341
2026-04-01 16:32:28.719,37908,ESTAB,prague,228,25.1,5.353,20.037,930,2,1860,1860,14492102,14490266,42406,NaN,10803,7324,10802,103,NaN,NaN,638216,679696,10801,52736,43520,2,92256
2026-04-01 16:32:28.972,37908,ESTAB,prague,228,26.369,4.299,20.037,732,3,2196,1464,14514660,14512500,42406,NaN,10823,7336,10822,103,NaN,NaN,699152,286224,10820,52736,43520,3,69698
2026-04-01 16:32:29.222,37908,ESTAB,prague,228,26.334,4.86,20.037,1408,2,2816,2816,14538748,14537352,42406,NaN,10843,7350,10842,103,NaN,NaN,658280,1037816,10842,52224,43520,1,97972
2026-04-01 16:32:29.479,37908,ESTAB,prague,228,25.571,3.932,20.037,1448,4,5792,4344,14578632,14572888,42406,NaN,10871,7366,10870,103,NaN,NaN,1797704,1488128,10867,52224,43520,4,58088
2026-04-01 16:32:29.736,37908,ESTAB,prague,228,26.3,5.842,20.037,1448,3,4344,4344,14614964,14610656,42406,NaN,10898,7385,10897,103,NaN,NaN,1196232,1341616,10895,53248,43520,3,73452
2026-04-01 16:32:30.002,37908,ESTAB,prague,228,24.179,4.567,20.037,1448,2,2896,2896,14651716,14648844,42406,NaN,10925,7405,10924,103,NaN,NaN,854376,1083528,10923,52736,43520,2,85796
2026-04-01 16:32:30.287,37908,ESTAB,prague,228,25.592,4.608,20.037,1267,2,2534,2534,14675635,14674380,42406,NaN,10948,7421,10947,103,NaN,NaN,891576,696416,10947,50176,43520,1,61877
2026-04-01 16:32:30.569,37908,ESTAB,prague,228,25.555,5.02,20.037,1448,3,4344,4344,14715700,14711392,42406,NaN,10977,7441,10976,103,NaN,NaN,1299376,1435672,10974,52224,43520,3,21812
2026-04-01 16:32:30.846,37908,ESTAB,prague,228,25.822,3.128,20.037,1448,3,4344,2896,14750632,14746521,43228,NaN,11003,7459,11002,105,NaN,NaN,1380784,910832,11000,52736,43520,3,91012
2026-04-01 16:32:31.096,37908,ESTAB,prague,228,26.736,3.831,20.037,1448,3,4344,2896,14783780,14779472,43228,NaN,11027,7474,11026,105,NaN,NaN,1212896,1183040,11024,52224,43520,3,57864
2026-04-01 16:32:31.365,37908,ESTAB,prague,228,24.524,4.799,20.037,1448,3,4344,4344,14823408,14819100,43228,NaN,11055,7494,11054,105,NaN,NaN,1348088,1364000,11052,52224,43520,3,70364
2026-04-01 16:32:31.632,37908,ESTAB,prague,232,29.986,6.787,20.037,1448,3,4344,4344,14863616,14859308,43228,NaN,11083,7510,11082,105,NaN,NaN,1114880,1113144,11080,52224,43520,3,81852
2026-04-01 16:32:31.879,37908,ESTAB,prague,228,24.972,4.288,20.037,1448,3,4344,4344,14902388,14899516,43228,NaN,11110,7529,11109,105,NaN,NaN,1379712,1106504,11108,52224,43520,2,43897
2026-04-01 16:32:32.114,37908,ESTAB,prague,228,25.145,4.814,20.037,890,3,2670,1780,14927990,14925206,43228,NaN,11131,7543,11130,105,NaN,NaN,648248,496472,11128,51200,43520,3,18295
2026-04-01 16:32:32.359,37908,ESTAB,prague,228,25.779,3.88,20.037,1448,3,4344,2896,14946285,14946285,43228,NaN,11146,7554,11145,105,NaN,NaN,1158784,1103336,11146,52736,43520,NaN,NaN
2026-04-01 16:32:32.619,37908,ESTAB,prague,228,25.779,3.88,20.037,1448,3,4344,2896,14946285,14946285,43228,NaN,11146,7554,11145,105,NaN,NaN,1158784,1103336,11146,52736,43520,NaN,NaN
2026-04-01 16:32:32.877,37908,ESTAB,prague,228,25.779,3.88,20.037,1448,3,4344,2896,14946285,14946285,43228,NaN,11146,7554,11145,105,NaN,NaN,1158784,1103336,11146,52736,43520,NaN,NaN
2026-04-01 16:32:33.123,37908,ESTAB,prague,228,25.779,3.88,20.037,1448,3,4344,2896,14946285,14946285,43228,NaN,11146,7554,11145,105,NaN,NaN,1158784,1103336,11146,52736,43520,NaN,NaN
2026-04-01 16:32:33.370,37908,ESTAB,prague,228,25.779,3.88,20.037,1448,3,4344,2896,14946285,14946285,43228,NaN,11146,7554,11145,105,NaN,NaN,1158784,1103336,11146,52736,43520,NaN,NaN
2026-04-01 16:32:33.616,37908,ESTAB,prague,228,25.779,3.88,20.037,1448,3,4344,2896,14946285,14946285,43228,NaN,11146,7554,11145,105,NaN,NaN,1158784,1103336,11146,52736,43520,NaN,NaN
2026-04-01 16:32:33.863,37908,ESTAB,prague,228,25.779,3.88,20.037,1448,3,4344,2896,14946285,14946285,43228,NaN,11146,7554,11145,105,NaN,NaN,1158784,1103336,11146,52736,43520,NaN,NaN
2026-04-01 16:32:34.113,37908,ESTAB,prague,228,25.779,3.88,20.037,1448,3,4344,2896,14946285,14946285,43228,NaN,11146,7554,11145,105,NaN,NaN,1158784,1103336,11146,52736,43520,NaN,NaN
2026-04-01 16:32:34.370,37908,ESTAB,prague,228,25.907,4.456,20.037,1240,3,3720,2480,14949168,14949168,43636,NaN,11149,7557,11148,106,NaN,NaN,835152,944848,11149,52736,43520,NaN,NaN
2026-04-01 16:32:34.615,37908,ESTAB,prague,228,25.907,4.456,20.037,1240,3,3720,2480,14949168,14949168,43636,NaN,11149,7557,11148,106,NaN,NaN,835152,944848,11149,52736,43520,NaN,NaN
2026-04-01 16:32:34.844,37908,ESTAB,prague,228,25.907,4.456,20.037,1240,3,3720,2480,14949168,14949168,43636,NaN,11149,7557,11148,106,NaN,NaN,835152,944848,11149,52736,43520,NaN,NaN
2026-04-01 16:32:35.097,37908,ESTAB,prague,228,25.907,4.456,20.037,1240,3,3720,2480,14949168,14949168,43636,NaN,11149,7557,11148,106,NaN,NaN,835152,944848,11149,52736,43520,NaN,NaN
2026-04-01 16:32:35.367,37908,ESTAB,prague,228,25.907,4.456,20.037,1240,3,3720,2480,14949168,14949168,43636,NaN,11149,7557,11148,106,NaN,NaN,835152,944848,11149,52736,43520,NaN,NaN
2026-04-01 16:32:35.629,37908,ESTAB,prague,228,25.907,4.456,20.037,1240,3,3720,2480,14949168,14949168,43636,NaN,11149,7557,11148,106,NaN,NaN,835152,944848,11149,52736,43520,NaN,NaN
2026-04-01 16:32:35.876,37908,ESTAB,prague,228,25.907,4.456,20.037,1240,3,3720,2480,14949168,14949168,43636,NaN,11149,7557,11148,106,NaN,NaN,835152,944848,11149,52736,43520,NaN,NaN
2026-04-01 16:32:36.122,37908,ESTAB,prague,228,25.907,4.456,20.037,1240,3,3720,2480,14949168,14949168,43636,NaN,11149,7557,11148,106,NaN,NaN,835152,944848,11149,52736,43520,NaN,NaN
2026-04-01 16:32:36.410,37908,ESTAB,prague,228,25.907,4.456,20.037,1240,3,3720,2480,14949168,14949168,43636,NaN,11149,7557,11148,106,NaN,NaN,835152,944848,11149,52736,43520,NaN,NaN
2026-04-01 16:32:36.675,37908,ESTAB,prague,228,25.907,4.456,20.037,1240,3,3720,2480,14949168,14949168,43636,NaN,11149,7557,11148,106,NaN,NaN,835152,944848,11149,52736,43520,NaN,NaN
2026-04-01 16:32:36.932,37908,ESTAB,prague,228,25.907,4.456,20.037,1240,3,3720,2480,14949168,14949168,43636,NaN,11149,7557,11148,106,NaN,NaN,835152,944848,11149,52736,43520,NaN,NaN
2026-04-01 16:32:37.197,37908,ESTAB,prague,228,25.907,4.456,20.037,1240,3,3720,2480,14949168,14949168,43636,NaN,11149,7557,11148,106,NaN,NaN,835152,944848,11149,52736,43520,NaN,NaN
2026-04-01 16:32:37.474,37908,ESTAB,prague,228,25.907,4.456,20.037,1240,3,3720,2480,14949168,14949168,43636,NaN,11149,7557,11148,106,NaN,NaN,835152,944848,11149,52736,43520,NaN,NaN
2026-04-01 16:32:37.754,37908,ESTAB,prague,228,25.907,4.456,20.037,1240,3,3720,2480,14949168,14949168,43636,NaN,11149,7557,11148,106,NaN,NaN,835152,944848,11149,52736,43520,NaN,NaN
2026-04-01 16:32:38.015,37908,ESTAB,prague,228,25.907,4.456,20.037,1240,3,3720,2480,14949168,14949168,43636,NaN,11149,7557,11148,106,NaN,NaN,835152,944848,11149,52736,43520,NaN,NaN
2026-04-01 16:32:38.273,37908,ESTAB,prague,228,25.907,4.456,20.037,1240,3,3720,2480,14949168,14949168,43636,NaN,11149,7557,11148,106,NaN,NaN,835152,944848,11149,52736,43520,NaN,NaN
2026-04-01 16:32:38.538,37908,ESTAB,prague,228,25.907,4.456,20.037,1240,3,3720,2480,14949168,14949168,43636,NaN,11149,7557,11148,106,NaN,NaN,835152,944848,11149,52736,43520,NaN,NaN
2026-04-01 16:32:38.800,37908,ESTAB,prague,228,25.907,4.456,20.037,1240,3,3720,2480,14949168,14949168,43636,NaN,11149,7557,11148,106,NaN,NaN,835152,944848,11149,52736,43520,NaN,NaN
2026-04-01 16:32:39.066,37908,ESTAB,prague,228,25.907,4.456,20.037,1240,3,3720,2480,14949168,14949168,43636,NaN,11149,7557,11148,106,NaN,NaN,835152,944848,11149,52736,43520,NaN,NaN
2026-04-01 16:32:39.342,37908,ESTAB,prague,228,25.907,4.456,20.037,1240,3,3720,2480,14949168,14949168,43636,NaN,11149,7557,11148,106,NaN,NaN,835152,944848,11149,52736,43520,NaN,NaN
2026-04-01 16:32:39.598,37908,ESTAB,prague,228,25.907,4.456,20.037,1240,3,3720,2480,14949168,14949168,43636,NaN,11149,7557,11148,106,NaN,NaN,835152,944848,11149,52736,43520,NaN,NaN
2026-04-01 16:32:39.862,37908,ESTAB,prague,228,25.907,4.456,20.037,1240,3,3720,2480,14949168,14949168,43636,NaN,11149,7557,11148,106,NaN,NaN,835152,944848,11149,52736,43520,NaN,NaN
2026-04-01 16:32:40.107,37908,ESTAB,prague,228,25.907,4.456,20.037,1240,3,3720,2480,14949168,14949168,43636,NaN,11149,7557,11148,106,NaN,NaN,835152,944848,11149,52736,43520,NaN,NaN
2026-04-01 16:32:40.381,37908,ESTAB,prague,228,25.907,4.456,20.037,1240,3,3720,2480,14949168,14949168,43636,NaN,11149,7557,11148,106,NaN,NaN,835152,944848,11149,52736,43520,NaN,NaN
2026-04-01 16:32:40.655,37908,ESTAB,prague,228,25.907,4.456,20.037,1240,3,3720,2480,14949168,14949168,43636,NaN,11149,7557,11148,106,NaN,NaN,835152,944848,11149,52736,43520,NaN,NaN
2026-04-01 16:32:40.896,37908,ESTAB,prague,228,25.907,4.456,20.037,1240,3,3720,2480,14949168,14949168,43636,NaN,11149,7557,11148,106,NaN,NaN,835152,944848,11149,52736,43520,NaN,NaN
2026-04-01 16:32:41.139,37908,ESTAB,prague,228,25.907,4.456,20.037,1240,3,3720,2480,14949168,14949168,43636,NaN,11149,7557,11148,106,NaN,NaN,835152,944848,11149,52736,43520,NaN,NaN
2026-04-01 16:32:41.396,37908,ESTAB,prague,228,25.907,4.456,20.037,1240,3,3720,2480,14949168,14949168,43636,NaN,11149,7557,11148,106,NaN,NaN,835152,944848,11149,52736,43520,NaN,NaN
2026-04-01 16:32:41.659,37908,ESTAB,prague,228,25.907,4.456,20.037,1240,3,3720,2480,14949168,14949168,43636,NaN,11149,7557,11148,106,NaN,NaN,835152,944848,11149,52736,43520,NaN,NaN
2026-04-01 16:32:41.908,37908,ESTAB,prague,228,25.907,4.456,20.037,1240,3,3720,2480,14949168,14949168,43636,NaN,11149,7557,11148,106,NaN,NaN,835152,944848,11149,52736,43520,NaN,NaN
2026-04-01 16:32:42.170,37908,ESTAB,prague,228,25.907,4.456,20.037,1240,3,3720,2480,14949168,14949168,43636,NaN,11149,7557,11148,106,NaN,NaN,835152,944848,11149,52736,43520,NaN,NaN
2026-04-01 16:32:42.432,37908,ESTAB,prague,228,25.907,4.456,20.037,1240,3,3720,2480,14949168,14949168,43636,NaN,11149,7557,11148,106,NaN,NaN,835152,944848,11149,52736,43520,NaN,NaN
2026-04-01 16:32:42.693,37908,ESTAB,prague,232,30.426,11.508,20.037,1448,3,4344,2896,14952051,14952051,44044,NaN,11152,7560,11151,107,NaN,NaN,1029616,1103336,11152,53248,43520,NaN,NaN
2026-04-01 16:32:42.963,37908,ESTAB,prague,232,30.426,11.508,20.037,1448,3,4344,2896,14952051,14952051,44044,NaN,11152,7560,11151,107,NaN,NaN,1029616,1103336,11152,53248,43520,NaN,NaN
2026-04-01 16:32:43.244,37908,ESTAB,prague,232,30.426,11.508,20.037,1448,3,4344,2896,14952051,14952051,44044,NaN,11152,7560,11151,107,NaN,NaN,1029616,1103336,11152,53248,43520,NaN,NaN
2026-04-01 16:32:43.506,37908,ESTAB,prague,232,30.426,11.508,20.037,1448,3,4344,2896,14952051,14952051,44044,NaN,11152,7560,11151,107,NaN,NaN,1029616,1103336,11152,53248,43520,NaN,NaN
2026-04-01 16:32:43.776,37908,ESTAB,prague,232,30.426,11.508,20.037,1448,3,4344,2896,14952051,14952051,44044,NaN,11152,7560,11151,107,NaN,NaN,1029616,1103336,11152,53248,43520,NaN,NaN
2026-04-01 16:32:44.039,37908,ESTAB,prague,232,30.426,11.508,20.037,1448,3,4344,2896,14952051,14952051,44044,NaN,11152,7560,11151,107,NaN,NaN,1029616,1103336,11152,53248,43520,NaN,NaN
2026-04-01 16:32:44.286,37908,ESTAB,prague,232,30.426,11.508,20.037,1448,3,4344,2896,14952051,14952051,44044,NaN,11152,7560,11151,107,NaN,NaN,1029616,1103336,11152,53248,43520,NaN,NaN
2026-04-01 16:32:44.549,37908,ESTAB,prague,232,30.426,11.508,20.037,1448,3,4344,2896,14952051,14952051,44044,NaN,11152,7560,11151,107,NaN,NaN,1029616,1103336,11152,53248,43520,NaN,NaN
2026-04-01 16:32:44.805,37908,ESTAB,prague,232,30.426,11.508,20.037,1448,3,4344,2896,14952051,14952051,44044,NaN,11152,7560,11151,107,NaN,NaN,1029616,1103336,11152,53248,43520,NaN,NaN
2026-04-01 16:32:45.065,37908,ESTAB,prague,232,30.426,11.508,20.037,1448,3,4344,2896,14952051,14952051,44044,NaN,11152,7560,11151,107,NaN,NaN,1029616,1103336,11152,53248,43520,NaN,NaN
2026-04-01 16:32:45.322,37908,ESTAB,prague,232,30.426,11.508,20.037,1448,3,4344,2896,14952051,14952051,44044,NaN,11152,7560,11151,107,NaN,NaN,1029616,1103336,11152,53248,43520,NaN,NaN
2026-04-01 16:32:45.578,37908,ESTAB,prague,232,30.426,11.508,20.037,1448,3,4344,2896,14952051,14952051,44044,NaN,11152,7560,11151,107,NaN,NaN,1029616,1103336,11152,53248,43520,NaN,NaN
2026-04-01 16:32:45.844,37908,ESTAB,prague,232,30.426,11.508,20.037,1448,3,4344,2896,14952051,14952051,44044,NaN,11152,7560,11151,107,NaN,NaN,1029616,1103336,11152,53248,43520,NaN,NaN
2026-04-01 16:32:46.114,37908,ESTAB,prague,232,30.426,11.508,20.037,1448,3,4344,2896,14952051,14952051,44044,NaN,11152,7560,11151,107,NaN,NaN,1029616,1103336,11152,53248,43520,NaN,NaN
2026-04-01 16:32:46.393,37908,ESTAB,prague,232,30.426,11.508,20.037,1448,3,4344,2896,14952051,14952051,44044,NaN,11152,7560,11151,107,NaN,NaN,1029616,1103336,11152,53248,43520,NaN,NaN
2026-04-01 16:32:46.661,37908,ESTAB,prague,232,30.426,11.508,20.037,1448,3,4344,2896,14952051,14952051,44044,NaN,11152,7560,11151,107,NaN,NaN,1029616,1103336,11152,53248,43520,NaN,NaN
2026-04-01 16:32:46.923,37908,ESTAB,prague,232,30.426,11.508,20.037,1448,3,4344,2896,14952051,14952051,44044,NaN,11152,7560,11151,107,NaN,NaN,1029616,1103336,11152,53248,43520,NaN,NaN
2026-04-01 16:32:47.168,37908,ESTAB,prague,232,30.426,11.508,20.037,1448,3,4344,2896,14952051,14952051,44044,NaN,11152,7560,11151,107,NaN,NaN,1029616,1103336,11152,53248,43520,NaN,NaN
2026-04-01 16:32:47.432,37908,ESTAB,prague,232,30.426,11.508,20.037,1448,3,4344,2896,14952051,14952051,44044,NaN,11152,7560,11151,107,NaN,NaN,1029616,1103336,11152,53248,43520,NaN,NaN
2026-04-01 16:32:47.677,37908,ESTAB,prague,232,30.426,11.508,20.037,1448,3,4344,2896,14952051,14952051,44044,NaN,11152,7560,11151,107,NaN,NaN,1029616,1103336,11152,53248,43520,NaN,NaN
2026-04-01 16:32:47.916,37908,ESTAB,prague,232,30.426,11.508,20.037,1448,3,4344,2896,14952051,14952051,44044,NaN,11152,7560,11151,107,NaN,NaN,1029616,1103336,11152,53248,43520,NaN,NaN
2026-04-01 16:32:48.177,37908,ESTAB,prague,232,30.426,11.508,20.037,1448,3,4344,2896,14952051,14952051,44044,NaN,11152,7560,11151,107,NaN,NaN,1029616,1103336,11152,53248,43520,NaN,NaN
2026-04-01 16:32:48.439,37908,ESTAB,prague,232,30.426,11.508,20.037,1448,3,4344,2896,14952051,14952051,44044,NaN,11152,7560,11151,107,NaN,NaN,1029616,1103336,11152,53248,43520,NaN,NaN
2026-04-01 16:32:48.708,37908,ESTAB,prague,228,27.553,9.09,20.037,1217,2,2434,2434,14954934,14954934,44452,NaN,11155,7564,11154,108,NaN,NaN,705672,927320,11155,53248,45568,NaN,NaN
2026-04-01 16:32:48.982,37908,ESTAB,prague,228,27.553,9.09,20.037,1217,2,2434,2434,14954934,14954934,44452,NaN,11155,7564,11154,108,NaN,NaN,705672,927320,11155,53248,45568,NaN,NaN
2026-04-01 16:32:49.245,37908,ESTAB,prague,228,27.553,9.09,20.037,1217,2,2434,2434,14954934,14954934,44452,NaN,11155,7564,11154,108,NaN,NaN,705672,927320,11155,53248,45568,NaN,NaN
2026-04-01 16:32:49.506,37908,ESTAB,prague,228,27.553,9.09,20.037,1217,2,2434,2434,14954934,14954934,44452,NaN,11155,7564,11154,108,NaN,NaN,705672,927320,11155,53248,45568,NaN,NaN
2026-04-01 16:32:49.759,37908,ESTAB,prague,228,27.553,9.09,20.037,1217,2,2434,2434,14954934,14954934,44452,NaN,11155,7564,11154,108,NaN,NaN,705672,927320,11155,53248,45568,NaN,NaN
2026-04-01 16:32:50.009,37908,ESTAB,prague,228,27.553,9.09,20.037,1217,2,2434,2434,14954934,14954934,44452,NaN,11155,7564,11154,108,NaN,NaN,705672,927320,11155,53248,45568,NaN,NaN
2026-04-01 16:32:50.275,37908,ESTAB,prague,228,27.553,9.09,20.037,1217,2,2434,2434,14954934,14954934,44452,NaN,11155,7564,11154,108,NaN,NaN,705672,927320,11155,53248,45568,NaN,NaN
2026-04-01 16:32:50.532,37908,ESTAB,prague,228,27.553,9.09,20.037,1217,2,2434,2434,14954934,14954934,44452,NaN,11155,7564,11154,108,NaN,NaN,705672,927320,11155,53248,45568,NaN,NaN
2026-04-01 16:32:50.798,37908,ESTAB,prague,228,25.375,7.17,20.037,780,2,1560,1560,14957817,14957817,44860,NaN,11158,7568,11157,109,NaN,NaN,504728,582768,11158,53248,48128,NaN,NaN
2026-04-01 16:32:51.060,37908,ESTAB,prague,228,25.375,7.17,20.037,780,2,1560,1560,14957817,14957817,44860,NaN,11158,7568,11157,109,NaN,NaN,504728,582768,11158,53248,48128,NaN,NaN
2026-04-01 16:32:51.323,37908,ESTAB,prague,228,25.375,7.17,20.037,780,2,1560,1560,14957817,14957817,44860,NaN,11158,7568,11157,109,NaN,NaN,504728,582768,11158,53248,48128,NaN,NaN
2026-04-01 16:32:51.585,37908,ESTAB,prague,228,25.375,7.17,20.037,780,2,1560,1560,14957817,14957817,44860,NaN,11158,7568,11157,109,NaN,NaN,504728,582768,11158,53248,48128,NaN,NaN
2026-04-01 16:32:51.848,37908,ESTAB,prague,228,25.375,7.17,20.037,780,2,1560,1560,14957817,14957817,44860,NaN,11158,7568,11157,109,NaN,NaN,504728,582768,11158,53248,48128,NaN,NaN
2026-04-01 16:32:52.094,37908,ESTAB,prague,228,25.375,7.17,20.037,780,2,1560,1560,14957817,14957817,44860,NaN,11158,7568,11157,109,NaN,NaN,504728,582768,11158,53248,48128,NaN,NaN
2026-04-01 16:32:52.358,37908,ESTAB,prague,228,25.375,7.17,20.037,780,2,1560,1560,14957817,14957817,44860,NaN,11158,7568,11157,109,NaN,NaN,504728,582768,11158,53248,48128,NaN,NaN
2026-04-01 16:32:52.610,37908,ESTAB,prague,228,25.375,7.17,20.037,780,2,1560,1560,14957817,14957817,44860,NaN,11158,7568,11157,109,NaN,NaN,504728,582768,11158,53248,48128,NaN,NaN
2026-04-01 16:32:52.864,37908,ESTAB,prague,228,25.375,7.17,20.037,780,2,1560,1560,14957817,14957817,44860,NaN,11158,7568,11157,109,NaN,NaN,504728,582768,11158,53248,48128,NaN,NaN
2026-04-01 16:32:53.118,37908,ESTAB,prague,228,25.375,7.17,20.037,780,2,1560,1560,14957817,14957817,44860,NaN,11158,7568,11157,109,NaN,NaN,504728,582768,11158,53248,48128,NaN,NaN
2026-04-01 16:32:53.386,37908,ESTAB,prague,228,25.375,7.17,20.037,780,2,1560,1560,14957817,14957817,44860,NaN,11158,7568,11157,109,NaN,NaN,504728,582768,11158,53248,48128,NaN,NaN
2026-04-01 16:32:53.627,37908,ESTAB,prague,228,25.375,7.17,20.037,780,2,1560,1560,14957817,14957817,44860,NaN,11158,7568,11157,109,NaN,NaN,504728,582768,11158,53248,48128,NaN,NaN
2026-04-01 16:32:53.878,37908,ESTAB,prague,228,25.375,7.17,20.037,780,2,1560,1560,14957817,14957817,44860,NaN,11158,7568,11157,109,NaN,NaN,504728,582768,11158,53248,48128,NaN,NaN
2026-04-01 16:32:54.132,37908,ESTAB,prague,228,25.375,7.17,20.037,780,2,1560,1560,14957817,14957817,44860,NaN,11158,7568,11157,109,NaN,NaN,504728,582768,11158,53248,48128,NaN,NaN
2026-04-01 16:32:54.412,37908,ESTAB,prague,228,25.375,7.17,20.037,780,2,1560,1560,14957817,14957817,44860,NaN,11158,7568,11157,109,NaN,NaN,504728,582768,11158,53248,48128,NaN,NaN
2026-04-01 16:32:54.680,37908,ESTAB,prague,228,25.375,7.17,20.037,780,2,1560,1560,14957817,14957817,44860,NaN,11158,7568,11157,109,NaN,NaN,504728,582768,11158,53248,48128,NaN,NaN
2026-04-01 16:32:54.947,37908,ESTAB,prague,224,23.608,4.633,20.037,753,3,2259,1506,14960700,14960700,45268,NaN,11162,7573,11161,110,NaN,NaN,557440,522120,11162,51712,51200,NaN,NaN
2026-04-01 16:32:55.227,37908,ESTAB,prague,224,23.608,4.633,20.037,753,3,2259,1506,14960700,14960700,45268,NaN,11162,7573,11161,110,NaN,NaN,557440,522120,11162,51712,51200,NaN,NaN
2026-04-01 16:32:55.510,37908,ESTAB,prague,224,23.608,4.633,20.037,753,3,2259,1506,14960700,14960700,45268,NaN,11162,7573,11161,110,NaN,NaN,557440,522120,11162,51712,51200,NaN,NaN
2026-04-01 16:32:55.785,37908,ESTAB,prague,224,23.608,4.633,20.037,753,3,2259,1506,14960700,14960700,45268,NaN,11162,7573,11161,110,NaN,NaN,557440,522120,11162,51712,51200,NaN,NaN
2026-04-01 16:32:56.034,37908,ESTAB,prague,224,23.608,4.633,20.037,753,3,2259,1506,14960700,14960700,45268,NaN,11162,7573,11161,110,NaN,NaN,557440,522120,11162,51712,51200,NaN,NaN
2026-04-01 16:32:56.286,37908,ESTAB,prague,224,23.608,4.633,20.037,753,3,2259,1506,14960700,14960700,45268,NaN,11162,7573,11161,110,NaN,NaN,557440,522120,11162,51712,51200,NaN,NaN
2026-04-01 16:32:56.557,37908,ESTAB,prague,224,23.608,4.633,20.037,753,3,2259,1506,14960700,14960700,45268,NaN,11162,7573,11161,110,NaN,NaN,557440,522120,11162,51712,51200,NaN,NaN
2026-04-01 16:32:56.820,37908,ESTAB,prague,224,23.608,4.633,20.037,753,3,2259,1506,14962182,14960700,45676,NaN,11164,7574,11163,111,NaN,NaN,557440,522120,11162,51712,54272,2,1401
2026-04-01 16:32:57.080,37908,ESTAB,prague,224,22.488,2.503,20.037,751,2,1502,1502,14963583,14963583,45676,NaN,11167,7579,11166,111,NaN,NaN,375256,573168,11167,50176,54272,NaN,NaN
2026-04-01 16:32:57.342,37908,ESTAB,prague,224,22.488,2.503,20.037,751,2,1502,1502,14963583,14963583,45676,NaN,11167,7579,11166,111,NaN,NaN,375256,573168,11167,50176,54272,NaN,NaN
2026-04-01 16:32:57.605,37908,ESTAB,prague,224,22.488,2.503,20.037,751,2,1502,1502,14963583,14963583,45676,NaN,11167,7579,11166,111,NaN,NaN,375256,573168,11167,50176,54272,NaN,NaN
2026-04-01 16:32:57.865,37908,ESTAB,prague,224,22.488,2.503,20.037,751,2,1502,1502,14963583,14963583,45676,NaN,11167,7579,11166,111,NaN,NaN,375256,573168,11167,50176,54272,NaN,NaN
2026-04-01 16:32:58.118,37908,ESTAB,prague,224,22.488,2.503,20.037,751,2,1502,1502,14963583,14963583,45676,NaN,11167,7579,11166,111,NaN,NaN,375256,573168,11167,50176,54272,NaN,NaN
2026-04-01 16:32:58.388,37908,ESTAB,prague,224,22.488,2.503,20.037,751,2,1502,1502,14963583,14963583,45676,NaN,11167,7579,11166,111,NaN,NaN,375256,573168,11167,50176,54272,NaN,NaN
2026-04-01 16:32:58.654,37908,ESTAB,prague,224,22.488,2.503,20.037,751,2,1502,1502,14963583,14963583,45676,NaN,11167,7579,11166,111,NaN,NaN,375256,573168,11167,50176,54272,NaN,NaN
2026-04-01 16:32:58.902,37908,ESTAB,prague,224,22.097,2.089,20.037,865,2,1730,1730,14966466,14965061,46084,NaN,11171,7582,11170,112,NaN,NaN,431384,660176,11169,49152,56832,2,NaN
2026-04-01 16:32:59.140,37908,ESTAB,prague,224,22.035,1.32,20.037,372,3,1116,744,14966466,14966466,46084,NaN,11171,7584,11170,112,NaN,NaN,293160,213552,11171,48128,56832,NaN,NaN
2026-04-01 16:32:59.407,37908,ESTAB,prague,224,22.035,1.32,20.037,372,3,1116,744,14966466,14966466,46084,NaN,11171,7584,11170,112,NaN,NaN,293160,213552,11171,48128,56832,NaN,NaN
2026-04-01 16:32:59.677,37908,ESTAB,prague,224,22.035,1.32,20.037,372,3,1116,744,14966466,14966466,46084,NaN,11171,7584,11170,112,NaN,NaN,293160,213552,11171,48128,56832,NaN,NaN
2026-04-01 16:32:59.930,37908,ESTAB,prague,224,22.035,1.32,20.037,372,3,1116,744,14966466,14966466,46084,NaN,11171,7584,11170,112,NaN,NaN,293160,213552,11171,48128,56832,NaN,NaN
2026-04-01 16:33:00.180,37908,ESTAB,prague,224,22.035,1.32,20.037,372,3,1116,744,14966466,14966466,46084,NaN,11171,7584,11170,112,NaN,NaN,293160,213552,11171,48128,56832,NaN,NaN
2026-04-01 16:33:00.448,37908,ESTAB,prague,224,22.035,1.32,20.037,372,3,1116,744,14966466,14966466,46084,NaN,11171,7584,11170,112,NaN,NaN,293160,213552,11171,48128,56832,NaN,NaN
2026-04-01 16:33:00.715,37908,ESTAB,prague,224,22.035,1.32,20.037,372,3,1116,744,14966466,14966466,46084,NaN,11171,7584,11170,112,NaN,NaN,293160,213552,11171,48128,56832,NaN,NaN
2026-04-01 16:33:00.984,37908,ESTAB,prague,224,21.899,0.759,20.037,150,2,300,300,14968203,14967765,46492,NaN,11177,7589,11176,113,NaN,NaN,128896,142344,11175,48128,59904,2,1146
2026-04-01 16:33:01.257,37908,ESTAB,prague,224,21.512,0.646,20.037,687,3,2061,1374,14969349,14969349,46492,NaN,11183,7597,11182,113,NaN,NaN,511200,761496,11183,48128,59904,NaN,NaN
2026-04-01 16:33:01.519,37908,ESTAB,prague,224,21.512,0.646,20.037,687,3,2061,1374,14969349,14969349,46492,NaN,11183,7597,11182,113,NaN,NaN,511200,761496,11183,48128,59904,NaN,NaN
2026-04-01 16:33:01.789,37908,ESTAB,prague,224,21.512,0.646,20.037,687,3,2061,1374,14969349,14969349,46492,NaN,11183,7597,11182,113,NaN,NaN,511200,761496,11183,48128,59904,NaN,NaN
2026-04-01 16:33:02.036,37908,ESTAB,prague,224,21.512,0.646,20.037,687,3,2061,1374,14969349,14969349,46492,NaN,11183,7597,11182,113,NaN,NaN,511200,761496,11183,48128,59904,NaN,NaN
2026-04-01 16:33:02.306,37908,ESTAB,prague,224,21.512,0.646,20.037,687,3,2061,1374,14969349,14969349,46492,NaN,11183,7597,11182,113,NaN,NaN,511200,761496,11183,48128,59904,NaN,NaN
2026-04-01 16:33:02.587,37908,ESTAB,prague,224,21.512,0.646,20.037,687,3,2061,1374,14969349,14969349,46492,NaN,11183,7597,11182,113,NaN,NaN,511200,761496,11183,48128,59904,NaN,NaN
2026-04-01 16:33:02.847,37908,ESTAB,prague,224,21.512,0.646,20.037,687,3,2061,1374,14969349,14969349,46492,NaN,11183,7597,11182,113,NaN,NaN,511200,761496,11183,48128,59904,NaN,NaN
2026-04-01 16:33:03.106,37908,ESTAB,prague,224,21.498,0.541,20.037,676,2,1352,1352,14972232,14972202,46900,NaN,11189,7603,11188,114,NaN,NaN,322696,490096,11188,46592,62976,1,NaN
2026-04-01 16:33:03.368,37908,ESTAB,prague,224,21.825,1.061,20.037,676,2,1352,1352,14972232,14972232,46900,NaN,11189,7604,11188,114,NaN,NaN,303144,466016,11189,46592,62976,NaN,NaN
2026-04-01 16:33:03.608,37908,ESTAB,prague,224,21.825,1.061,20.037,676,2,1352,1352,14972232,14972232,46900,NaN,11189,7604,11188,114,NaN,NaN,303144,466016,11189,46592,62976,NaN,NaN
2026-04-01 16:33:03.855,37908,ESTAB,prague,224,21.825,1.061,20.037,676,2,1352,1352,14972232,14972232,46900,NaN,11189,7604,11188,114,NaN,NaN,303144,466016,11189,46592,62976,NaN,NaN
2026-04-01 16:33:04.099,37908,ESTAB,prague,224,21.825,1.061,20.037,676,2,1352,1352,14972232,14972232,46900,NaN,11189,7604,11188,114,NaN,NaN,303144,466016,11189,46592,62976,NaN,NaN
2026-04-01 16:33:04.369,37908,ESTAB,prague,224,21.825,1.061,20.037,676,2,1352,1352,14972232,14972232,46900,NaN,11189,7604,11188,114,NaN,NaN,303144,466016,11189,46592,62976,NaN,NaN
2026-04-01 16:33:04.640,37908,ESTAB,prague,224,21.825,1.061,20.037,676,2,1352,1352,14972232,14972232,46900,NaN,11189,7604,11188,114,NaN,NaN,303144,466016,11189,46592,62976,NaN,NaN
2026-04-01 16:33:04.862,37908,ESTAB,prague,224,21.825,1.061,20.037,676,2,1352,1352,14972232,14972232,46900,NaN,11189,7604,11188,114,NaN,NaN,303144,466016,11189,46592,62976,NaN,NaN
2026-04-01 16:33:05.091,37908,ESTAB,prague,224,21.825,1.061,20.037,676,2,1352,1352,14972232,14972232,46900,NaN,11189,7604,11188,114,NaN,NaN,303144,466016,11189,46592,62976,NaN,NaN
2026-04-01 16:33:05.323,37908,ESTAB,prague,224,21.026,1.061,20.037,1289,3,3867,2578,14975115,14975115,47308,NaN,11194,7610,11193,115,NaN,NaN,1197040,850072,11194,44544,65536,NaN,NaN
2026-04-01 16:33:05.585,37908,ESTAB,prague,224,21.026,1.061,20.037,1289,3,3867,2578,14975115,14975115,47308,NaN,11194,7610,11193,115,NaN,NaN,1197040,850072,11194,44544,65536,NaN,NaN
2026-04-01 16:33:05.834,37908,ESTAB,prague,224,21.026,1.061,20.037,1289,3,3867,2578,14975115,14975115,47308,NaN,11194,7610,11193,115,NaN,NaN,1197040,850072,11194,44544,65536,NaN,NaN
2026-04-01 16:33:06.064,37908,ESTAB,prague,224,21.026,1.061,20.037,1289,3,3867,2578,14975115,14975115,47308,NaN,11194,7610,11193,115,NaN,NaN,1197040,850072,11194,44544,65536,NaN,NaN
2026-04-01 16:33:06.316,37908,ESTAB,prague,224,21.026,1.061,20.037,1289,3,3867,2578,14975115,14975115,47308,NaN,11194,7610,11193,115,NaN,NaN,1197040,850072,11194,44544,65536,NaN,NaN
2026-04-01 16:33:06.566,37908,ESTAB,prague,224,21.026,1.061,20.037,1289,3,3867,2578,14975115,14975115,47308,NaN,11194,7610,11193,115,NaN,NaN,1197040,850072,11194,44544,65536,NaN,NaN
2026-04-01 16:33:06.809,37908,ESTAB,prague,224,21.026,1.061,20.037,1289,3,3867,2578,14975115,14975115,47308,NaN,11194,7610,11193,115,NaN,NaN,1197040,850072,11194,44544,65536,NaN,NaN
2026-04-01 16:33:07.065,37908,ESTAB,prague,224,21.026,1.061,20.037,1289,3,3867,2578,14975115,14975115,47308,NaN,11194,7610,11193,115,NaN,NaN,1197040,850072,11194,44544,65536,NaN,NaN
2026-04-01 16:33:07.301,37908,ESTAB,prague,224,21.228,1.133,20.037,1448,2,2896,2896,14977998,14977998,47716,NaN,11197,7614,11196,116,NaN,NaN,931568,990024,11197,50688,68608,NaN,NaN
2026-04-01 16:33:07.552,37908,ESTAB,prague,224,21.228,1.133,20.037,1448,2,2896,2896,14977998,14977998,47716,NaN,11197,7614,11196,116,NaN,NaN,931568,990024,11197,50688,68608,NaN,NaN
2026-04-01 16:33:07.809,37908,ESTAB,prague,224,21.228,1.133,20.037,1448,2,2896,2896,14977998,14977998,47716,NaN,11197,7614,11196,116,NaN,NaN,931568,990024,11197,50688,68608,NaN,NaN
2026-04-01 16:33:08.061,37908,ESTAB,prague,224,21.228,1.133,20.037,1448,2,2896,2896,14977998,14977998,47716,NaN,11197,7614,11196,116,NaN,NaN,931568,990024,11197,50688,68608,NaN,NaN
2026-04-01 16:33:08.328,37908,ESTAB,prague,224,21.228,1.133,20.037,1448,2,2896,2896,14977998,14977998,47716,NaN,11197,7614,11196,116,NaN,NaN,931568,990024,11197,50688,68608,NaN,NaN
2026-04-01 16:33:08.565,37908,ESTAB,prague,224,21.228,1.133,20.037,1448,2,2896,2896,14977998,14977998,47716,NaN,11197,7614,11196,116,NaN,NaN,931568,990024,11197,50688,68608,NaN,NaN
2026-04-01 16:33:08.804,37908,ESTAB,prague,224,21.228,1.133,20.037,1448,2,2896,2896,14977998,14977998,47716,NaN,11197,7614,11196,116,NaN,NaN,931568,990024,11197,50688,68608,NaN,NaN
2026-04-01 16:33:09.034,37908,ESTAB,prague,224,21.228,1.133,20.037,1448,2,2896,2896,14977998,14977998,47716,NaN,11197,7614,11196,116,NaN,NaN,931568,990024,11197,50688,68608,NaN,NaN
2026-04-01 16:33:09.270,37908,ESTAB,prague,224,21.228,1.133,20.037,1448,2,2896,2896,14977998,14977998,47716,NaN,11197,7614,11196,116,NaN,NaN,931568,990024,11197,50688,68608,NaN,NaN
2026-04-01 16:33:09.502,37908,ESTAB,prague,224,21.228,1.133,20.037,1448,2,2896,2896,14977998,14977998,47716,NaN,11197,7614,11196,116,NaN,NaN,931568,990024,11197,50688,68608,NaN,NaN
2026-04-01 16:33:09.750,37908,ESTAB,prague,224,21.228,1.133,20.037,1448,2,2896,2896,14977998,14977998,47716,NaN,11197,7614,11196,116,NaN,NaN,931568,990024,11197,50688,68608,NaN,NaN
2026-04-01 16:33:09.979,37908,ESTAB,prague,224,21.228,1.133,20.037,1448,2,2896,2896,14977998,14977998,47716,NaN,11197,7614,11196,116,NaN,NaN,931568,990024,11197,50688,68608,NaN,NaN
2026-04-01 16:33:10.207,37908,ESTAB,prague,224,21.228,1.133,20.037,1448,2,2896,2896,14977998,14977998,47716,NaN,11197,7614,11196,116,NaN,NaN,931568,990024,11197,50688,68608,NaN,NaN
2026-04-01 16:33:10.431,37908,ESTAB,prague,224,21.228,1.133,20.037,1448,2,2896,2896,14977998,14977998,47716,NaN,11197,7614,11196,116,NaN,NaN,931568,990024,11197,50688,68608,NaN,NaN
2026-04-01 16:33:10.662,37908,ESTAB,prague,224,21.228,1.133,20.037,1448,2,2896,2896,14977998,14977998,47716,NaN,11197,7614,11196,116,NaN,NaN,931568,990024,11197,50688,68608,NaN,NaN
2026-04-01 16:33:10.893,37908,ESTAB,prague,224,21.228,1.133,20.037,1448,2,2896,2896,14977998,14977998,47716,NaN,11197,7614,11196,116,NaN,NaN,931568,990024,11197,50688,68608,NaN,NaN
2026-04-01 16:33:11.119,37908,ESTAB,prague,224,21.228,1.133,20.037,1448,2,2896,2896,14977998,14977998,47716,NaN,11197,7614,11196,116,NaN,NaN,931568,990024,11197,50688,68608,NaN,NaN
2026-04-01 16:33:11.351,37908,ESTAB,prague,224,21.228,1.133,20.037,1448,2,2896,2896,14977998,14977998,47716,NaN,11197,7614,11196,116,NaN,NaN,931568,990024,11197,50688,68608,NaN,NaN
2026-04-01 16:33:11.587,37908,ESTAB,prague,224,21.228,1.133,20.037,1448,2,2896,2896,14977998,14977998,47716,NaN,11197,7614,11196,116,NaN,NaN,931568,990024,11197,50688,68608,NaN,NaN
2026-04-01 16:33:11.837,37908,ESTAB,prague,224,21.228,1.133,20.037,1448,2,2896,2896,14977998,14977998,47716,NaN,11197,7614,11196,116,NaN,NaN,931568,990024,11197,50688,68608,NaN,NaN
2026-04-01 16:33:12.075,37908,ESTAB,prague,224,21.228,1.133,20.037,1448,2,2896,2896,14977998,14977998,47716,NaN,11197,7614,11196,116,NaN,NaN,931568,990024,11197,50688,68608,NaN,NaN
2026-04-01 16:33:12.301,37908,ESTAB,prague,224,21.228,1.133,20.037,1448,2,2896,2896,14977998,14977998,47716,NaN,11197,7614,11196,116,NaN,NaN,931568,990024,11197,50688,68608,NaN,NaN
2026-04-01 16:33:12.524,37908,ESTAB,prague,224,21.228,1.133,20.037,1448,2,2896,2896,14977998,14977998,47716,NaN,11197,7614,11196,116,NaN,NaN,931568,990024,11197,50688,68608,NaN,NaN
2026-04-01 16:33:12.752,37908,ESTAB,prague,224,21.228,1.133,20.037,1448,2,2896,2896,14977998,14977998,47716,NaN,11197,7614,11196,116,NaN,NaN,931568,990024,11197,50688,68608,NaN,NaN
2026-04-01 16:33:12.997,37908,ESTAB,prague,224,21.228,1.133,20.037,1448,2,2896,2896,14977998,14977998,47716,NaN,11197,7614,11196,116,NaN,NaN,931568,990024,11197,50688,68608,NaN,NaN
2026-04-01 16:33:13.234,37908,ESTAB,prague,224,21.228,1.133,20.037,1448,2,2896,2896,14977998,14977998,47716,NaN,11197,7614,11196,116,NaN,NaN,931568,990024,11197,50688,68608,NaN,NaN
2026-04-01 16:33:13.472,37908,ESTAB,prague,224,21.228,1.133,20.037,1448,2,2896,2896,14977998,14977998,47716,NaN,11197,7614,11196,116,NaN,NaN,931568,990024,11197,50688,68608,NaN,NaN
2026-04-01 16:33:13.705,37908,ESTAB,prague,224,21.228,1.133,20.037,1448,2,2896,2896,14977998,14977998,47716,NaN,11197,7614,11196,116,NaN,NaN,931568,990024,11197,50688,68608,NaN,NaN
2026-04-01 16:33:13.942,37908,ESTAB,prague,224,21.228,1.133,20.037,1448,2,2896,2896,14977998,14977998,47716,NaN,11197,7614,11196,116,NaN,NaN,931568,990024,11197,50688,68608,NaN,NaN
2026-04-01 16:33:14.185,37908,ESTAB,prague,224,21.228,1.133,20.037,1448,2,2896,2896,14977998,14977998,47716,NaN,11197,7614,11196,116,NaN,NaN,931568,990024,11197,50688,68608,NaN,NaN
2026-04-01 16:33:14.419,37908,ESTAB,prague,224,21.228,1.133,20.037,1448,2,2896,2896,14977998,14977998,47716,NaN,11197,7614,11196,116,NaN,NaN,931568,990024,11197,50688,68608,NaN,NaN
2026-04-01 16:33:14.651,37908,ESTAB,prague,224,21.228,1.133,20.037,1448,2,2896,2896,14977998,14977998,47716,NaN,11197,7614,11196,116,NaN,NaN,931568,990024,11197,50688,68608,NaN,NaN
2026-04-01 16:33:14.879,37908,ESTAB,prague,224,21.228,1.133,20.037,1448,2,2896,2896,14977998,14977998,47716,NaN,11197,7614,11196,116,NaN,NaN,931568,990024,11197,50688,68608,NaN,NaN
2026-04-01 16:33:15.114,37908,ESTAB,prague,224,21.228,1.133,20.037,1448,2,2896,2896,14977998,14977998,47716,NaN,11197,7614,11196,116,NaN,NaN,931568,990024,11197,50688,68608,NaN,NaN
2026-04-01 16:33:15.355,37908,ESTAB,prague,224,21.228,1.133,20.037,1448,2,2896,2896,14977998,14977998,47716,NaN,11197,7614,11196,116,NaN,NaN,931568,990024,11197,50688,68608,NaN,NaN
2026-04-01 16:33:15.582,37908,ESTAB,prague,224,21.228,1.133,20.037,1448,2,2896,2896,14977998,14977998,47716,NaN,11197,7614,11196,116,NaN,NaN,931568,990024,11197,50688,68608,NaN,NaN
2026-04-01 16:33:15.807,37908,ESTAB,prague,224,21.228,1.133,20.037,1448,2,2896,2896,14977998,14977998,47716,NaN,11197,7614,11196,116,NaN,NaN,931568,990024,11197,50688,68608,NaN,NaN
2026-04-01 16:33:16.042,37908,ESTAB,prague,224,21.228,1.133,20.037,1448,2,2896,2896,14977998,14977998,47716,NaN,11197,7614,11196,116,NaN,NaN,931568,990024,11197,50688,68608,NaN,NaN
2026-04-01 16:33:16.276,37908,ESTAB,prague,224,21.228,1.133,20.037,1448,2,2896,2896,14977998,14977998,47716,NaN,11197,7614,11196,116,NaN,NaN,931568,990024,11197,50688,68608,NaN,NaN
2026-04-01 16:33:16.514,37908,ESTAB,prague,224,21.228,1.133,20.037,1448,2,2896,2896,14977998,14977998,47716,NaN,11197,7614,11196,116,NaN,NaN,931568,990024,11197,50688,68608,NaN,NaN
2026-04-01 16:33:16.750,37908,ESTAB,prague,224,21.228,1.133,20.037,1448,2,2896,2896,14977998,14977998,47716,NaN,11197,7614,11196,116,NaN,NaN,931568,990024,11197,50688,68608,NaN,NaN
2026-04-01 16:33:16.987,37908,ESTAB,prague,224,21.228,1.133,20.037,1448,2,2896,2896,14977998,14977998,47716,NaN,11197,7614,11196,116,NaN,NaN,931568,990024,11197,50688,68608,NaN,NaN
2026-04-01 16:33:17.221,37908,ESTAB,prague,224,21.228,1.133,20.037,1448,2,2896,2896,14977998,14977998,47716,NaN,11197,7614,11196,116,NaN,NaN,931568,990024,11197,50688,68608,NaN,NaN
2026-04-01 16:33:17.454,37908,ESTAB,prague,224,21.228,1.133,20.037,1448,2,2896,2896,14977998,14977998,47716,NaN,11197,7614,11196,116,NaN,NaN,931568,990024,11197,50688,68608,NaN,NaN
2026-04-01 16:33:17.679,37908,ESTAB,prague,224,21.228,1.133,20.037,1448,2,2896,2896,14977998,14977998,47716,NaN,11197,7614,11196,116,NaN,NaN,931568,990024,11197,50688,68608,NaN,NaN
2026-04-01 16:33:17.902,37908,ESTAB,prague,224,21.228,1.133,20.037,1448,2,2896,2896,14977998,14977998,47716,NaN,11197,7614,11196,116,NaN,NaN,931568,990024,11197,50688,68608,NaN,NaN
2026-04-01 16:33:18.143,37908,ESTAB,prague,224,21.228,1.133,20.037,1448,2,2896,2896,14977998,14977998,47716,NaN,11197,7614,11196,116,NaN,NaN,931568,990024,11197,50688,68608,NaN,NaN
2026-04-01 16:33:18.395,37908,ESTAB,prague,224,21.228,1.133,20.037,1448,2,2896,2896,14977998,14977998,47716,NaN,11197,7614,11196,116,NaN,NaN,931568,990024,11197,50688,68608,NaN,NaN
2026-04-01 16:33:18.639,37908,ESTAB,prague,224,21.228,1.133,20.037,1448,2,2896,2896,14977998,14977998,47716,NaN,11197,7614,11196,116,NaN,NaN,931568,990024,11197,50688,68608,NaN,NaN
2026-04-01 16:33:18.888,37908,ESTAB,prague,224,21.228,1.133,20.037,1448,2,2896,2896,14977998,14977998,47716,NaN,11197,7614,11196,116,NaN,NaN,931568,990024,11197,50688,68608,NaN,NaN
2026-04-01 16:33:19.118,37908,ESTAB,prague,224,21.228,1.133,20.037,1448,2,2896,2896,14977998,14977998,47716,NaN,11197,7614,11196,116,NaN,NaN,931568,990024,11197,50688,68608,NaN,NaN
2026-04-01 16:33:19.372,37908,ESTAB,prague,224,21.228,1.133,20.037,1448,2,2896,2896,14977998,14977998,47716,NaN,11197,7614,11196,116,NaN,NaN,931568,990024,11197,50688,68608,NaN,NaN
2026-04-01 16:33:19.601,37908,ESTAB,prague,224,21.228,1.133,20.037,1448,2,2896,2896,14977998,14977998,47716,NaN,11197,7614,11196,116,NaN,NaN,931568,990024,11197,50688,68608,NaN,NaN
2026-04-01 16:33:19.835,37908,ESTAB,prague,224,21.228,1.133,20.037,1448,2,2896,2896,14977998,14977998,47716,NaN,11197,7614,11196,116,NaN,NaN,931568,990024,11197,50688,68608,NaN,NaN
2026-04-01 16:33:20.094,37908,ESTAB,prague,224,21.228,1.133,20.037,1448,2,2896,2896,14977998,14977998,47716,NaN,11197,7614,11196,116,NaN,NaN,931568,990024,11197,50688,68608,NaN,NaN
2026-04-01 16:33:20.339,37908,ESTAB,prague,224,21.228,1.133,20.037,1448,2,2896,2896,14977998,14977998,47716,NaN,11197,7614,11196,116,NaN,NaN,931568,990024,11197,50688,68608,NaN,NaN
2026-04-01 16:33:20.572,37908,ESTAB,prague,224,21.228,1.133,20.037,1448,2,2896,2896,14977998,14977998,47716,NaN,11197,7614,11196,116,NaN,NaN,931568,990024,11197,50688,68608,NaN,NaN
2026-04-01 16:33:20.794,37908,ESTAB,prague,224,21.228,1.133,20.037,1448,2,2896,2896,14977998,14977998,47716,NaN,11197,7614,11196,116,NaN,NaN,931568,990024,11197,50688,68608,NaN,NaN
2026-04-01 16:33:21.022,37908,ESTAB,prague,224,21.228,1.133,20.037,1448,2,2896,2896,14977998,14977998,47716,NaN,11197,7614,11196,116,NaN,NaN,931568,990024,11197,50688,68608,NaN,NaN
2026-04-01 16:33:21.258,37908,ESTAB,prague,224,21.228,1.133,20.037,1448,2,2896,2896,14977998,14977998,47716,NaN,11197,7614,11196,116,NaN,NaN,931568,990024,11197,50688,68608,NaN,NaN
2026-04-01 16:33:21.505,37908,ESTAB,prague,224,21.228,1.133,20.037,1448,2,2896,2896,14977998,14977998,47716,NaN,11197,7614,11196,116,NaN,NaN,931568,990024,11197,50688,68608,NaN,NaN
2026-04-01 16:33:21.751,37908,ESTAB,prague,224,21.228,1.133,20.037,1448,2,2896,2896,14977998,14977998,47716,NaN,11197,7614,11196,116,NaN,NaN,931568,990024,11197,50688,68608,NaN,NaN
2026-04-01 16:33:21.981,37908,ESTAB,prague,224,21.228,1.133,20.037,1448,2,2896,2896,14977998,14977998,47716,NaN,11197,7614,11196,116,NaN,NaN,931568,990024,11197,50688,68608,NaN,NaN
2026-04-01 16:33:22.234,37908,ESTAB,prague,224,21.228,1.133,20.037,1448,2,2896,2896,14977998,14977998,47716,NaN,11197,7614,11196,116,NaN,NaN,931568,990024,11197,50688,68608,NaN,NaN
2026-04-01 16:33:22.474,37908,ESTAB,prague,224,21.228,1.133,20.037,1448,2,2896,2896,14977998,14977998,47716,NaN,11198,7615,11196,116,NaN,NaN,931568,990024,11197,50688,68608,NaN,NaN
2026-04-01 16:33:22.707,37908,ESTAB,prague,224,21.228,1.133,20.037,1448,2,2896,2896,14977998,14977998,47716,NaN,11198,7615,11196,116,NaN,NaN,931568,990024,11197,50688,68608,NaN,NaN
2026-04-01 16:33:22.930,37908,ESTAB,prague,224,21.228,1.133,20.037,1448,2,2896,2896,14977998,14977998,47716,NaN,11198,7615,11196,116,NaN,NaN,931568,990024,11197,50688,68608,NaN,NaN
2026-04-01 16:33:23.169,37908,ESTAB,prague,224,21.228,1.133,20.037,1448,2,2896,2896,14977998,14977998,47716,NaN,11198,7615,11196,116,NaN,NaN,931568,990024,11197,50688,68608,NaN,NaN
2026-04-01 16:33:23.398,37908,ESTAB,prague,224,21.228,1.133,20.037,1448,2,2896,2896,14977998,14977998,47716,NaN,11198,7615,11196,116,NaN,NaN,931568,990024,11197,50688,68608,NaN,NaN
2026-04-01 16:33:23.629,37908,ESTAB,prague,224,21.228,1.133,20.037,1448,2,2896,2896,14977998,14977998,47716,NaN,11198,7615,11196,116,NaN,NaN,931568,990024,11197,50688,68608,NaN,NaN
2026-04-01 16:33:23.875,37908,ESTAB,prague,224,21.228,1.133,20.037,1448,2,2896,2896,14977998,14977998,47716,NaN,11198,7615,11196,116,NaN,NaN,931568,990024,11197,50688,68608,NaN,NaN
2026-04-01 16:33:24.118,37908,ESTAB,prague,224,21.228,1.133,20.037,1448,2,2896,2896,14977998,14977998,47716,NaN,11198,7615,11196,116,NaN,NaN,931568,990024,11197,50688,68608,NaN,NaN
2026-04-01 16:33:24.347,37908,ESTAB,prague,224,21.228,1.133,20.037,1448,2,2896,2896,14977998,14977998,47716,NaN,11198,7615,11196,116,NaN,NaN,931568,990024,11197,50688,68608,NaN,NaN
