timestamp,dst_port,state,cc_algo,rto_ms,rtt_ms,rtt_var_ms,min_rtt_ms,mss_bytes,cwnd_pkts,cwnd_bytes,ssthresh_bytes,bytes_sent,bytes_acked,bytes_received,bytes_retrans,segs_out,segs_in,data_segs_out,data_segs_in,retrans_outstanding,retrans_total,pacing_rate_bps,delivery_rate_bps,delivered_pkts,snd_wnd_bytes,rcv_wnd_bytes,unacked_pkts,notsent_bytes
2026-03-31 20:57:11.876,54618,ESTAB,bbr,224,21.031,6.348,20.045,1448,12,17376,NaN,2883,2883,408,NaN,3,5,2,1,NaN,NaN,15740472,1057848,3,48640,43520,NaN,NaN
2026-03-31 20:57:12.129,54618,ESTAB,bbr,224,21.031,6.348,20.045,1448,12,17376,NaN,2883,2883,408,NaN,3,5,2,1,NaN,NaN,15740472,1057848,3,48640,43520,NaN,NaN
2026-03-31 20:57:12.846,54632,ESTAB,bbr,228,27.576,1.047,20.038,1448,40,57920,NaN,103616,79000,822,NaN,73,46,72,2,NaN,NaN,19152192,6666568,56,83968,43520,17,86030
2026-03-31 20:57:13.077,54632,ESTAB,bbr,228,25.83,1.46,20.038,1448,36,52128,26064,261654,237038,1644,NaN,183,104,182,4,NaN,NaN,8367568,6713416,166,84480,43520,17,393856
2026-03-31 20:57:13.297,54632,ESTAB,bbr,232,29.195,1.116,20.038,1448,36,52128,26064,444102,422382,1644,NaN,309,168,308,4,NaN,NaN,8367568,6300360,294,84480,43520,15,379376
2026-03-31 20:57:13.521,54632,ESTAB,bbr,228,27.213,0.411,20.038,1448,52,75296,26064,633790,609174,1644,NaN,440,225,439,4,NaN,NaN,8582888,6718384,423,299008,43520,17,483632
2026-03-31 20:57:13.742,54632,ESTAB,bbr,228,27.592,0.533,20.038,1448,50,72400,26064,816238,793070,1644,NaN,566,284,565,4,NaN,NaN,6666032,6706368,550,411136,43520,16,584992
2026-03-31 20:57:13.989,54632,ESTAB,bbr,232,28.809,0.127,20.038,1448,52,75296,26064,1014614,989998,1644,NaN,703,352,702,4,NaN,NaN,8315448,6683072,686,411136,43520,17,431844
2026-03-31 20:57:14.226,54632,ESTAB,bbr,232,28.795,0.094,20.038,1448,52,75296,26064,1223126,1198510,1644,NaN,847,424,846,4,NaN,NaN,8330832,6695304,830,411136,43520,17,223332
2026-03-31 20:57:14.461,54632,ESTAB,bbr,232,28.128,0.073,20.038,1448,50,72400,26064,1415710,1392542,1644,NaN,980,487,979,4,NaN,NaN,8408584,6706856,964,411136,43520,16,30748
2026-03-31 20:57:14.703,54632,ESTAB,bbr,232,28.102,0.633,20.038,1448,50,72400,26064,1446458,1446458,1644,NaN,1002,506,1001,4,NaN,NaN,8408584,6301000,1002,411648,43520,NaN,NaN
2026-03-31 20:57:14.946,54632,ESTAB,bbr,232,29.208,0.678,20.038,1448,36,52128,26064,1617309,1591245,2468,NaN,1120,558,1119,6,NaN,NaN,8353048,6709952,1102,411648,43520,18,551688
2026-03-31 20:57:15.185,54632,ESTAB,bbr,224,23.023,0.461,20.038,1448,58,83984,26064,1812789,1789621,2468,NaN,1255,616,1254,6,NaN,NaN,8303488,6671160,1239,411648,43520,16,616848
2026-03-31 20:57:15.416,54632,ESTAB,bbr,232,28.494,0.426,20.038,1448,56,81088,26064,2008269,1983653,2468,NaN,1390,683,1389,6,NaN,NaN,8312888,6201280,1373,411648,43520,17,656810
2026-03-31 20:57:15.647,54632,ESTAB,bbr,232,29.252,0.57,20.038,1448,56,81088,26064,2200853,2177685,2468,NaN,1523,750,1522,6,NaN,NaN,8323136,6690872,1507,411648,43520,16,464226
2026-03-31 20:57:15.879,54632,ESTAB,bbr,232,28.303,0.207,20.038,1448,56,81088,26064,2393437,2368821,2468,NaN,1656,816,1655,6,NaN,NaN,8312888,5944128,1639,411648,43520,17,271642
2026-03-31 20:57:16.119,54632,ESTAB,bbr,232,29.167,0.555,20.038,1448,56,81088,26064,2594709,2571541,2468,NaN,1795,886,1794,6,NaN,NaN,8334248,6701328,1779,411648,43520,16,70370
2026-03-31 20:57:16.356,54632,ESTAB,bbr,236,34.732,10.399,20.038,1448,54,78192,26064,2665079,2665079,2468,NaN,1844,919,1843,6,NaN,NaN,8368424,2769104,1844,411648,43520,NaN,NaN
2026-03-31 20:57:16.582,54632,ESTAB,bbr,236,34.732,10.399,20.038,1448,54,78192,26064,2665079,2665079,2468,NaN,1844,919,1843,6,NaN,NaN,8368424,2769104,1844,411648,43520,NaN,NaN
2026-03-31 20:57:16.828,54632,ESTAB,bbr,228,27.108,6.104,20.038,1448,54,78192,26064,2708506,2685338,3292,NaN,1874,929,1873,8,NaN,NaN,8368424,3536464,1858,411648,43520,16,648593
2026-03-31 20:57:17.059,54632,ESTAB,bbr,232,28.921,0.995,20.038,1448,36,52128,26064,2906882,2882266,3292,NaN,2011,997,2010,8,NaN,NaN,8368424,6302288,1994,411648,43520,17,450217
2026-03-31 20:57:17.292,54632,ESTAB,bbr,232,29.096,0.504,20.038,1448,36,52128,26064,3102362,3076298,3292,NaN,2146,1064,2145,8,NaN,NaN,8324848,6689720,2128,411648,43520,18,254737
2026-03-31 20:57:17.527,54632,ESTAB,bbr,232,28.952,0.991,20.038,1448,36,52128,26064,3297842,3273226,3292,NaN,2281,1132,2280,8,NaN,NaN,8326560,6298432,2264,411648,43520,17,59257
2026-03-31 20:57:17.765,54632,ESTAB,bbr,232,28.89,0.239,20.038,1448,36,52128,26064,3357099,3357099,3292,NaN,2322,1161,2321,8,NaN,NaN,8326560,6707584,2322,411648,43520,NaN,NaN
2026-03-31 20:57:17.993,54632,ESTAB,bbr,232,28.89,0.239,20.038,1448,36,52128,26064,3357099,3357099,3292,NaN,2322,1161,2321,8,NaN,NaN,8326560,6707584,2322,411648,43520,NaN,NaN
2026-03-31 20:57:18.222,54632,ESTAB,bbr,232,28.89,0.239,20.038,1448,36,52128,26064,3357099,3357099,3292,NaN,2322,1161,2321,8,NaN,NaN,8326560,6707584,2322,411648,43520,NaN,NaN
2026-03-31 20:57:18.468,54632,ESTAB,bbr,232,28.89,0.239,20.038,1448,36,52128,26064,3357099,3357099,3292,NaN,2322,1161,2321,8,NaN,NaN,8326560,6707584,2322,411648,43520,NaN,NaN
2026-03-31 20:57:18.705,54632,ESTAB,bbr,232,28.89,0.239,20.038,1448,36,52128,26064,3357099,3357099,3292,NaN,2322,1161,2321,8,NaN,NaN,8326560,6707584,2322,411648,43520,NaN,NaN
2026-03-31 20:57:18.948,54632,ESTAB,bbr,232,28.476,1.726,20.038,1448,36,52128,26064,3465686,3443966,4116,NaN,2397,1193,2396,10,NaN,NaN,8324848,6301216,2382,411648,43520,15,679112
2026-03-31 20:57:19.188,54632,ESTAB,bbr,232,29.055,0.435,20.038,1448,36,52128,26064,3666958,3643790,4116,NaN,2536,1262,2535,10,NaN,NaN,8324848,6696592,2520,411648,43520,16,477840
2026-03-31 20:57:19.430,54632,ESTAB,bbr,232,29.472,1.155,20.038,1448,36,52128,26064,3868230,3846510,4116,NaN,2675,1332,2674,10,NaN,NaN,8318016,6702976,2660,411648,43520,15,385138
2026-03-31 20:57:19.671,54632,ESTAB,bbr,232,28.923,0.243,20.038,1448,36,52128,26064,4075294,4049230,4116,NaN,2818,1402,2817,10,NaN,NaN,8340232,6674944,2800,411648,43520,18,178074
2026-03-31 20:57:19.911,54632,ESTAB,bbr,232,29.96,0.943,20.038,1448,36,52128,26064,4253368,4246158,4116,NaN,2941,1470,2940,10,NaN,NaN,8333392,6696432,2936,411648,43520,5,NaN
2026-03-31 20:57:20.152,54632,ESTAB,bbr,236,35.148,10.675,20.038,1448,36,52128,26064,4253368,4253368,4116,NaN,2941,1473,2940,10,NaN,NaN,8333392,2770664,2941,411648,43520,NaN,NaN
2026-03-31 20:57:20.397,54632,ESTAB,bbr,236,35.148,10.675,20.038,1448,36,52128,26064,4253368,4253368,4116,NaN,2941,1473,2940,10,NaN,NaN,8333392,2770664,2941,411648,43520,NaN,NaN
2026-03-31 20:57:20.642,54632,ESTAB,bbr,236,35.148,10.675,20.038,1448,36,52128,26064,4253368,4253368,4116,NaN,2941,1473,2940,10,NaN,NaN,8333392,2770664,2941,411648,43520,NaN,NaN
2026-03-31 20:57:20.882,54632,ESTAB,bbr,232,31.85,10.828,20.038,1448,36,52128,26064,4276523,4256251,4940,NaN,2957,1477,2956,12,NaN,NaN,6666712,2770664,2943,411648,43520,14,764544
2026-03-31 20:57:21.112,54632,ESTAB,bbr,232,28.916,0.135,20.038,1448,36,52128,26064,4472003,4447387,4940,NaN,3092,1543,3091,12,NaN,NaN,8340232,6634168,3075,411648,43520,17,569064
2026-03-31 20:57:21.345,54632,ESTAB,bbr,232,30.319,0.431,20.038,1448,36,52128,26064,4667483,4641419,4940,NaN,3227,1610,3226,12,NaN,NaN,8302632,6694016,3209,411648,43520,18,634224
2026-03-31 20:57:21.577,54632,ESTAB,bbr,232,28.815,0.063,20.038,1448,36,52128,26064,4862963,4838347,4940,NaN,3362,1678,3361,12,NaN,NaN,8328264,6681784,3345,411648,43520,17,648477
2026-03-31 20:57:21.807,54632,ESTAB,bbr,232,30.251,0.416,20.038,1448,36,52128,26064,5055547,5032379,4940,NaN,3495,1745,3494,12,NaN,NaN,8328264,6697888,3479,411648,43520,16,455893
2026-03-31 20:57:22.033,54632,ESTAB,bbr,232,28.623,0.258,20.038,1448,36,52128,26064,5242339,5220619,4940,NaN,3624,1810,3623,12,NaN,NaN,8318864,6664064,3609,411648,43520,15,269101
2026-03-31 20:57:22.258,54632,ESTAB,bbr,232,30.04,0.778,20.038,1448,36,52128,26064,5430579,5408859,4940,NaN,3754,1875,3753,12,NaN,NaN,8333392,6694496,3739,411648,43520,15,80861
2026-03-31 20:57:22.493,54632,ESTAB,bbr,236,34.067,11.221,20.038,1448,36,52128,26064,5511440,5511440,4940,NaN,3810,1911,3809,12,NaN,NaN,8333392,2730440,3810,411648,43520,NaN,NaN
2026-03-31 20:57:22.722,54632,ESTAB,bbr,236,34.067,11.221,20.038,1448,36,52128,26064,5511440,5511440,4940,NaN,3810,1911,3809,12,NaN,NaN,8333392,2730440,3810,411648,43520,NaN,NaN
2026-03-31 20:57:22.947,54632,ESTAB,bbr,228,25.749,3.212,20.038,1448,36,52128,26064,5566451,5543283,5764,NaN,3848,1925,3847,14,NaN,NaN,8333392,6711464,3832,411648,43520,16,732688
2026-03-31 20:57:23.171,54632,ESTAB,bbr,232,28.939,0.985,20.038,1448,36,52128,26064,5753243,5728627,5764,NaN,3977,1989,3976,14,NaN,NaN,8323992,6291376,3960,411648,43520,17,545896
2026-03-31 20:57:23.399,54632,ESTAB,bbr,232,29.148,0.564,20.038,1448,36,52128,26064,5942931,5919763,5764,NaN,4108,2055,4107,14,NaN,NaN,8319720,6695736,4092,411648,43520,16,616848
2026-03-31 20:57:23.629,54632,ESTAB,bbr,232,28.383,0.237,20.038,1448,36,52128,26064,6135515,6110899,5764,NaN,4241,2121,4240,14,NaN,NaN,8312032,6077848,4224,411648,43520,17,572085
2026-03-31 20:57:23.861,54632,ESTAB,bbr,232,29.271,0.564,20.038,1448,36,52128,26064,6330995,6307827,5764,NaN,4376,2189,4375,14,NaN,NaN,8314592,6698856,4360,411648,43520,16,376605
2026-03-31 20:57:24.084,54632,ESTAB,bbr,232,28.796,0.054,20.038,1448,36,52128,26064,6517787,6493171,5764,NaN,4505,2253,4504,14,NaN,NaN,8337664,6695088,4488,411648,43520,17,189813
2026-03-31 20:57:24.312,54632,ESTAB,bbr,232,30.314,0.374,20.038,1448,36,52128,26064,6707475,6684307,5764,NaN,4636,2319,4635,14,NaN,NaN,8312032,6687256,4620,411648,43520,16,125
2026-03-31 20:57:24.540,54632,ESTAB,bbr,236,33.548,9.333,20.038,1448,36,52128,26064,6707600,6707600,5764,NaN,4637,2328,4636,14,NaN,NaN,8312888,2295256,4637,411648,43520,NaN,NaN
2026-03-31 20:57:24.776,54632,ESTAB,bbr,236,33.548,9.333,20.038,1448,36,52128,26064,6707600,6707600,5764,NaN,4637,2328,4636,14,NaN,NaN,8312888,2295256,4637,411648,43520,NaN,NaN
2026-03-31 20:57:25.011,54632,ESTAB,bbr,228,27.81,1.206,20.038,1448,36,52128,26064,6801707,6777091,6588,NaN,4702,2355,4701,16,NaN,NaN,8316304,6705208,4685,411648,43520,17,693592
2026-03-31 20:57:25.236,54632,ESTAB,bbr,232,30.295,0.384,20.038,1448,36,52128,26064,6988499,6965331,6588,NaN,4831,2420,4830,16,NaN,NaN,8322288,6696192,4815,411648,43520,16,506800
2026-03-31 20:57:25.462,54632,ESTAB,bbr,232,28.814,0.132,20.038,1448,36,52128,26064,7175291,7153571,6588,NaN,4960,2485,4959,16,NaN,NaN,8311176,6690152,4945,411648,43520,15,580648
2026-03-31 20:57:25.686,54632,ESTAB,bbr,232,30.062,0.769,20.038,1448,36,52128,26064,7363531,7341811,6588,NaN,5090,2550,5089,16,NaN,NaN,8345352,6690392,5075,411648,43520,15,565041
2026-03-31 20:57:25.913,54632,ESTAB,bbr,232,28.929,0.236,20.038,1448,36,52128,26064,7556115,7530051,6588,NaN,5223,2615,5222,16,NaN,NaN,8345352,6705208,5205,411648,43520,18,372457
2026-03-31 20:57:26.142,54632,ESTAB,bbr,232,29.694,1.076,20.038,1448,36,52128,26064,7745803,7721187,6588,NaN,5354,2681,5353,16,NaN,NaN,8334248,6712680,5337,411648,43520,17,182769
2026-03-31 20:57:26.374,54632,ESTAB,bbr,232,28.875,0.253,20.038,1448,36,52128,26064,7928572,7918115,6588,NaN,5481,2749,5480,16,NaN,NaN,8357320,6754080,5473,411648,43520,8,NaN
2026-03-31 20:57:26.599,54632,ESTAB,bbr,232,28.601,0.216,20.038,1448,36,52128,26064,7928572,7928572,6588,NaN,5481,2753,5480,16,NaN,NaN,8357320,6551336,5481,411648,43520,NaN,NaN
2026-03-31 20:57:26.824,54632,ESTAB,bbr,232,28.601,0.216,20.038,1448,36,52128,26064,7928572,7928572,6588,NaN,5481,2753,5480,16,NaN,NaN,8357320,6551336,5481,411648,43520,NaN,NaN
2026-03-31 20:57:27.050,54632,ESTAB,bbr,228,27.586,1.373,20.038,1448,36,52128,26064,8028471,8003855,7412,NaN,5550,2781,5549,18,NaN,NaN,8357320,5950048,5533,411648,43520,17,687800
2026-03-31 20:57:27.271,54632,ESTAB,bbr,232,30.301,0.38,20.038,1448,36,52128,26064,8215263,8189199,7412,NaN,5679,2845,5678,18,NaN,NaN,8326560,6687256,5661,411648,43520,18,501008
2026-03-31 20:57:27.493,54632,ESTAB,bbr,232,28.866,0.179,20.038,1448,36,52128,26064,8399159,8374543,7412,NaN,5806,2909,5805,18,NaN,NaN,8324848,6695088,5789,411648,43520,17,577752
2026-03-31 20:57:27.720,54632,ESTAB,bbr,232,29.981,0.851,20.038,1448,36,52128,26064,8585951,8565679,7412,NaN,5935,2975,5934,18,NaN,NaN,8323992,6684600,5921,411648,43520,14,430298
2026-03-31 20:57:27.948,54632,ESTAB,bbr,232,28.905,0.251,20.038,1448,36,52128,26064,8779983,8753919,7412,NaN,6069,3040,6068,18,NaN,NaN,8336808,6721200,6051,411648,43520,18,236266
2026-03-31 20:57:28.182,54632,ESTAB,bbr,232,29.976,0.85,20.038,1448,36,52128,26064,8972567,8950847,7412,NaN,6202,3108,6201,18,NaN,NaN,8317160,6698128,6187,411648,43520,15,43682
2026-03-31 20:57:28.422,54632,ESTAB,bbr,232,28.697,0.219,20.038,1448,36,52128,26064,9016249,9016249,7412,NaN,6233,3131,6232,18,NaN,NaN,8312888,6295864,6233,411648,43520,NaN,NaN
2026-03-31 20:57:28.663,54632,ESTAB,bbr,232,28.697,0.219,20.038,1448,36,52128,26064,9016249,9016249,7412,NaN,6233,3131,6232,18,NaN,NaN,8312888,6295864,6233,411648,43520,NaN,NaN
2026-03-31 20:57:28.891,54632,ESTAB,bbr,232,28.697,0.219,20.038,1448,36,52128,26064,9016249,9016249,7412,NaN,6233,3131,6232,18,NaN,NaN,8312888,6295864,6233,411648,43520,NaN,NaN
2026-03-31 20:57:29.141,54632,ESTAB,bbr,232,30.149,0.788,20.038,1448,36,52128,26064,9161036,9137868,8236,NaN,6333,3175,6332,20,NaN,NaN,8319720,6680504,6317,411648,43520,16,642912
2026-03-31 20:57:29.387,54632,ESTAB,bbr,232,28.84,0.098,20.038,1448,36,52128,26064,9368100,9346380,8236,NaN,6476,3247,6475,20,NaN,NaN,8345352,6645584,6461,411648,43520,15,696488
2026-03-31 20:57:29.618,54632,ESTAB,bbr,232,30.334,0.35,20.038,1448,36,52128,26064,9566476,9540412,8236,NaN,6613,3314,6612,20,NaN,NaN,8338520,6694496,6595,411648,43520,18,498112
2026-03-31 20:57:29.851,54632,ESTAB,bbr,232,28.839,0.077,20.038,1448,36,52128,26064,9759060,9734444,8236,NaN,6746,3381,6745,20,NaN,NaN,8331688,6689504,6729,411648,43520,17,322708
2026-03-31 20:57:30.086,54632,ESTAB,bbr,232,30.319,0.334,20.038,1448,36,52128,26064,9957436,9931372,8236,NaN,6883,3449,6882,20,NaN,NaN,8323992,6694744,6865,411648,43520,18,124332
2026-03-31 20:57:30.318,54632,ESTAB,bbr,232,29.053,0.461,20.038,1448,36,52128,26064,10081768,10081768,8236,NaN,6969,3501,6968,20,NaN,NaN,8316304,6710816,6969,411648,43520,NaN,NaN
2026-03-31 20:57:30.553,54632,ESTAB,bbr,232,29.053,0.461,20.038,1448,36,52128,26064,10081768,10081768,8236,NaN,6969,3501,6968,20,NaN,NaN,8316304,6710816,6969,411648,43520,NaN,NaN
2026-03-31 20:57:30.790,54632,ESTAB,bbr,232,29.053,0.461,20.038,1448,36,52128,26064,10081768,10081768,8236,NaN,6969,3501,6968,20,NaN,NaN,8316304,6710816,6969,411648,43520,NaN,NaN
2026-03-31 20:57:31.037,54632,ESTAB,bbr,228,26.165,1.06,20.038,1448,36,52128,26064,10119403,10096235,9060,NaN,6995,3508,6994,22,NaN,NaN,8316304,6710816,6979,411648,43520,16,544342
2026-03-31 20:57:31.271,54632,ESTAB,bbr,232,28.928,0.987,20.038,1448,36,52128,26064,10323571,10298955,9060,NaN,7136,3578,7135,22,NaN,NaN,8329976,6284976,7119,411648,43520,17,340174
2026-03-31 20:57:31.500,54632,ESTAB,bbr,232,29.093,0.56,20.038,1448,36,52128,26064,10516155,10492987,9060,NaN,7269,3645,7268,22,NaN,NaN,8323992,6707584,7253,411648,43520,16,147590
2026-03-31 20:57:31.725,54632,ESTAB,bbr,232,28.492,0.256,20.038,1448,36,52128,26064,10663745,10663745,9060,NaN,7371,3704,7370,22,NaN,NaN,8341080,6687576,7371,411648,43520,NaN,NaN
2026-03-31 20:57:31.967,54632,ESTAB,bbr,232,28.492,0.256,20.038,1448,36,52128,26064,10663745,10663745,9060,NaN,7371,3704,7370,22,NaN,NaN,8341080,6687576,7371,411648,43520,NaN,NaN
2026-03-31 20:57:32.221,54632,ESTAB,bbr,232,28.492,0.256,20.038,1448,36,52128,26064,10663745,10663745,9060,NaN,7371,3704,7370,22,NaN,NaN,8341080,6687576,7371,411648,43520,NaN,NaN
2026-03-31 20:57:32.477,54632,ESTAB,bbr,232,28.492,0.256,20.038,1448,36,52128,26064,10663745,10663745,9060,NaN,7371,3704,7370,22,NaN,NaN,8341080,6687576,7371,411648,43520,NaN,NaN
2026-03-31 20:57:32.723,54632,ESTAB,bbr,232,28.492,0.256,20.038,1448,36,52128,26064,10663745,10663745,9060,NaN,7371,3704,7370,22,NaN,NaN,8341080,6687576,7371,411648,43520,NaN,NaN
2026-03-31 20:57:32.956,54632,ESTAB,bbr,232,28.492,0.256,20.038,1448,36,52128,26064,10663745,10663745,9060,NaN,7371,3704,7370,22,NaN,NaN,8341080,6687576,7371,411648,43520,NaN,NaN
2026-03-31 20:57:33.190,54632,ESTAB,bbr,232,30.218,0.646,20.038,1448,38,55024,26064,10811428,10788260,9884,NaN,7473,3749,7472,24,NaN,NaN,8336808,6691112,7457,411648,43520,16,640016
2026-03-31 20:57:33.450,54632,ESTAB,bbr,232,28.566,0.417,20.038,1448,38,55024,26064,11027180,11005460,9884,NaN,7622,3824,7621,24,NaN,NaN,8324848,6208760,7607,411648,43520,15,684904
2026-03-31 20:57:33.706,54632,ESTAB,bbr,232,28.892,0.263,20.038,1448,38,55024,26064,11245828,11219764,9884,NaN,7773,3898,7772,24,NaN,NaN,8335104,6692080,7755,411648,43520,18,466256
2026-03-31 20:57:33.944,54632,ESTAB,bbr,232,29.915,0.907,20.038,1448,38,55024,26064,11447100,11422484,9884,NaN,7912,3968,7911,24,NaN,NaN,8301776,6696192,7895,411648,43520,17,343857
2026-03-31 20:57:34.171,54632,ESTAB,bbr,232,28.98,0.322,20.038,1448,38,55024,26064,11633892,11610724,9884,NaN,8041,4033,8040,24,NaN,NaN,8313744,6714928,8025,411648,43520,16,157065
2026-03-31 20:57:34.417,54632,ESTAB,bbr,232,28.714,0.716,20.038,1448,38,55024,26064,11790957,11790276,9884,NaN,8150,4095,8149,24,NaN,NaN,8318016,5950808,8149,411648,43520,1,NaN
2026-03-31 20:57:34.665,54632,ESTAB,bbr,236,33.922,10.954,20.038,1448,38,55024,26064,11790957,11790957,9884,NaN,8150,4096,8149,24,NaN,NaN,8318016,2708176,8150,411648,43520,NaN,NaN
2026-03-31 20:57:34.913,54632,ESTAB,bbr,236,33.922,10.954,20.038,1448,38,55024,26064,11790957,11790957,9884,NaN,8150,4096,8149,24,NaN,NaN,8318016,2708176,8150,411648,43520,NaN,NaN
2026-03-31 20:57:35.154,54632,ESTAB,bbr,228,27.97,1.356,20.038,1448,36,52128,26064,11885064,11860448,10708,NaN,8215,4123,8214,26,NaN,NaN,8320576,6701544,8198,411648,43520,17,693592
2026-03-31 20:57:35.388,54632,ESTAB,bbr,232,30.362,0.317,20.038,1448,36,52128,26064,12080544,12057376,10708,NaN,8350,4191,8349,26,NaN,NaN,8326560,5857896,8334,411648,43520,16,498112
2026-03-31 20:57:35.627,54632,ESTAB,bbr,232,28.353,0.165,20.038,1448,36,52128,26064,12278920,12254304,10708,NaN,8487,4259,8486,26,NaN,NaN,8326560,5813616,8470,411648,43520,17,421395
2026-03-31 20:57:35.873,54632,ESTAB,bbr,232,28.993,0.515,20.038,1448,36,52128,26064,12485984,12462816,10708,NaN,8630,4331,8629,26,NaN,NaN,8325704,6706504,8614,411648,43520,16,214331
2026-03-31 20:57:36.099,54632,ESTAB,bbr,232,28.401,0.256,20.038,1448,36,52128,26064,12675672,12651056,10708,NaN,8761,4396,8760,26,NaN,NaN,8349624,6076848,8744,411648,43520,17,24643
2026-03-31 20:57:36.337,54632,ESTAB,bbr,232,29.837,0.877,20.038,1448,36,52128,26064,12842219,12819051,11124,NaN,8877,4455,8876,27,NaN,NaN,8349624,6479872,8861,411648,43520,16,642912
2026-03-31 20:57:36.578,54632,ESTAB,bbr,232,28.849,0.086,20.038,1448,36,52128,26064,13043491,13021771,11124,NaN,9016,4525,9015,27,NaN,NaN,8327416,6688000,9001,411648,43520,15,702280
2026-03-31 20:57:36.824,54632,ESTAB,bbr,232,30.373,0.318,20.038,1448,36,52128,26064,13247659,13224491,11124,NaN,9157,4595,9156,27,NaN,NaN,8319720,5857896,9141,411648,43520,16,498112
2026-03-31 20:57:37.069,54632,ESTAB,bbr,232,29.115,0.477,20.038,1448,36,52128,26064,13457619,13434451,11124,NaN,9302,4667,9301,27,NaN,NaN,8316304,6695304,9286,411648,43520,16,400042
2026-03-31 20:57:37.297,54632,ESTAB,bbr,232,28.361,0.176,20.038,1448,36,52128,26064,13641515,13619795,11124,NaN,9429,4731,9428,27,NaN,NaN,8324848,5944128,9414,411648,43520,15,216146
2026-03-31 20:57:37.540,54632,ESTAB,bbr,232,29.159,0.584,20.038,1448,36,52128,26064,13845683,13822515,11124,NaN,9570,4801,9569,27,NaN,NaN,8311176,6702840,9554,411648,43520,16,11978
2026-03-31 20:57:37.787,54632,ESTAB,bbr,232,29.106,0.573,20.038,1448,36,52128,26064,14028525,14005357,11540,NaN,9697,4865,9696,28,NaN,NaN,8318864,6709952,9681,411648,43520,16,537607
2026-03-31 20:57:38.031,54632,ESTAB,bbr,232,29.452,1.195,20.038,1448,36,52128,26064,14235589,14210973,11540,NaN,9840,4936,9839,28,NaN,NaN,8336808,6708312,9823,411648,43520,17,391348
2026-03-31 20:57:38.268,54632,ESTAB,bbr,232,28.985,0.36,20.038,1448,36,52128,26064,14431069,14407901,11540,NaN,9975,5004,9974,28,NaN,NaN,8336808,6702840,9959,411648,43520,16,195868
2026-03-31 20:57:38.516,54632,ESTAB,bbr,232,29.899,0.909,20.038,1448,36,52128,26064,14626937,14613517,11540,NaN,10111,5075,10110,28,NaN,NaN,8322288,6703216,10101,411648,43520,10,NaN
2026-03-31 20:57:38.760,54632,ESTAB,bbr,232,30.203,0.556,20.038,1448,36,52128,26064,14626937,14626937,11540,NaN,10111,5080,10110,28,NaN,NaN,8322288,5861920,10111,411648,43520,NaN,NaN
2026-03-31 20:57:38.996,54632,ESTAB,bbr,232,30.203,0.556,20.038,1448,36,52128,26064,14626937,14626937,11540,NaN,10111,5080,10110,28,NaN,NaN,8322288,5861920,10111,411648,43520,NaN,NaN
2026-03-31 20:57:39.231,54632,ESTAB,bbr,228,27.51,1.09,20.038,1448,36,52128,26064,14726836,14702220,12364,NaN,10180,5108,10179,30,NaN,NaN,8323136,5945656,10163,411648,43520,17,415073
2026-03-31 20:57:39.470,54632,ESTAB,bbr,232,29.552,0.565,20.038,1448,36,52128,26064,14925212,14899148,12364,NaN,10317,5176,10316,30,NaN,NaN,8323136,6691840,10299,411648,43520,18,305020
2026-03-31 20:57:39.704,54632,ESTAB,bbr,232,28.507,0.408,20.038,1448,36,52128,26064,15123588,15098972,12364,NaN,10454,5245,10453,30,NaN,NaN,8355608,6218136,10437,411648,43520,17,203487
2026-03-31 20:57:39.928,54632,ESTAB,bbr,232,29.827,0.414,20.038,1448,36,52128,26064,15310380,15287212,12364,NaN,10583,5310,10582,30,NaN,NaN,8335960,6512664,10567,411648,43520,16,163057
2026-03-31 20:57:40.159,54632,ESTAB,bbr,232,28.81,0.055,20.038,1448,36,52128,26064,15500068,15475452,12364,NaN,10714,5375,10713,30,NaN,NaN,8324848,6694656,10697,411648,43520,17,86218
2026-03-31 20:57:40.407,54632,ESTAB,bbr,236,33.363,9.05,20.038,1448,36,52128,26064,15586286,15586286,12364,NaN,10774,5414,10773,30,NaN,NaN,8324848,2595640,10774,411648,43520,NaN,NaN
2026-03-31 20:57:40.655,54632,ESTAB,bbr,236,33.363,9.05,20.038,1448,36,52128,26064,15586286,15586286,12364,NaN,10774,5414,10773,30,NaN,NaN,8324848,2595640,10774,411648,43520,NaN,NaN
2026-03-31 20:57:40.904,54632,ESTAB,bbr,236,33.363,9.05,20.038,1448,36,52128,26064,15586286,15586286,12364,NaN,10774,5414,10773,30,NaN,NaN,8324848,2595640,10774,411648,43520,NaN,NaN
2026-03-31 20:57:41.151,54632,ESTAB,bbr,232,30.488,9.199,20.038,1448,36,52128,26064,15589169,15589169,12772,NaN,10776,5417,10775,31,NaN,NaN,8324848,2595640,10776,411136,43520,NaN,NaN
2026-03-31 20:57:41.397,54632,ESTAB,bbr,232,28.892,0.114,20.038,1448,36,52128,26064,15793337,15771617,13188,NaN,10917,5481,10916,32,NaN,NaN,8319720,6693800,10902,411648,43520,15,641226
2026-03-31 20:57:41.638,54632,ESTAB,bbr,232,30.353,0.398,20.038,1448,36,52128,26064,15997505,15974337,13188,NaN,11058,5551,11057,32,NaN,NaN,8319720,6264368,11042,411648,43520,16,565285
2026-03-31 20:57:41.873,54632,ESTAB,bbr,236,34.603,3.918,20.038,1448,36,52128,26064,16159681,16142305,13188,NaN,11170,5609,11169,32,NaN,NaN,8318864,3239976,11158,411648,43520,12,533188
2026-03-31 20:57:42.110,54632,ESTAB,bbr,232,30.999,2.462,20.038,1448,36,52128,26064,16269729,16252353,13188,NaN,11246,5651,11245,32,NaN,NaN,8237696,5022248,11234,411648,43520,12,536654
2026-03-31 20:57:42.350,54632,ESTAB,bbr,236,33.781,2.604,20.038,1448,30,43440,26064,16388465,16369641,13188,NaN,11328,5694,11327,32,NaN,NaN,6663808,3494416,11315,411648,43520,13,417918
2026-03-31 20:57:42.605,54632,ESTAB,bbr,240,36.377,2.944,20.038,1448,28,40544,26064,16502857,16488377,13188,NaN,11407,5742,11406,32,NaN,NaN,5672656,3094152,11397,411648,43520,10,303526
2026-03-31 20:57:42.842,54632,ESTAB,bbr,240,36.091,1.546,20.038,1448,26,37648,26064,16607113,16589737,13188,NaN,11479,5785,11478,32,NaN,NaN,5130936,3344672,11467,411648,43520,12,199270
2026-03-31 20:57:43.071,54632,ESTAB,bbr,240,36.493,1.052,20.038,1448,24,34752,26064,16698337,16683857,13188,NaN,11542,5828,11541,32,NaN,NaN,4631936,3346200,11532,411648,43520,10,108046
2026-03-31 20:57:43.314,54632,ESTAB,bbr,236,35.552,1.117,20.038,1448,24,34752,26064,16796801,16782321,13188,NaN,11610,5871,11609,32,NaN,NaN,4349120,3446216,11600,411136,43520,10,9582
2026-03-31 20:57:43.556,54632,ESTAB,bbr,240,36.489,2.001,20.038,1448,24,34752,26064,16886023,16870095,13604,NaN,11672,5909,11671,33,NaN,NaN,4311520,3347168,11661,411648,43520,11,602969
2026-03-31 20:57:43.804,54632,ESTAB,bbr,236,35.813,2.025,20.038,1448,24,34752,26064,16988831,16971455,13604,NaN,11743,5955,11742,33,NaN,NaN,4357664,3344592,11731,411136,43520,12,565674
2026-03-31 20:57:44.060,54632,ESTAB,bbr,236,35.028,1.058,20.038,1448,24,34752,26064,17095983,17078607,13604,NaN,11817,6002,11816,33,NaN,NaN,4357664,3213632,11805,411648,43520,12,512996
2026-03-31 20:57:44.294,54632,ESTAB,bbr,240,36.162,1.093,20.038,1448,24,34752,26064,17192999,17178519,13604,NaN,11884,6048,11883,33,NaN,NaN,4155160,3347408,11874,411648,43520,10,415980
2026-03-31 20:57:44.530,54632,ESTAB,bbr,236,34.773,1.503,20.038,1448,24,34752,26064,17294359,17276983,13604,NaN,11954,6094,11953,33,NaN,NaN,4149176,3270296,11942,411136,43520,12,314620
2026-03-31 20:57:44.765,54632,ESTAB,bbr,240,36.229,1.38,20.038,1448,24,34752,26064,17391375,17373999,13604,NaN,12021,6138,12020,33,NaN,NaN,4157720,3343232,12009,411136,43520,12,217604
2026-03-31 20:57:45.010,54632,ESTAB,bbr,240,36.123,1.617,20.038,1448,24,34752,26064,17492735,17475359,13604,NaN,12091,6184,12090,33,NaN,NaN,4332888,3066760,12079,411648,43520,12,116244
2026-03-31 20:57:45.253,54632,ESTAB,bbr,240,38.799,3.855,20.038,1448,26,37648,26064,17589751,17575271,13604,NaN,12158,6227,12157,33,NaN,NaN,4335448,2677400,12148,411136,43520,10,19228
2026-03-31 20:57:45.497,54632,ESTAB,bbr,236,34.599,2.937,20.038,1448,26,37648,26064,17670851,17656371,14426,NaN,12215,6267,12214,35,NaN,NaN,4545640,3347888,12205,411136,43520,10,497670
2026-03-31 20:57:45.752,54632,ESTAB,bbr,236,34.341,1.772,20.038,1448,24,34752,26064,17780899,17766419,14426,NaN,12291,6316,12290,35,NaN,NaN,3648136,3607032,12281,411136,43520,10,464663
2026-03-31 20:57:46.007,54632,ESTAB,bbr,236,34.79,1.885,20.038,1448,30,43440,26064,17896739,17882259,14426,NaN,12371,6367,12370,35,NaN,NaN,5221504,3207888,12361,411648,43520,10,427575
2026-03-31 20:57:46.257,54632,ESTAB,bbr,240,37.038,1.307,20.038,1448,24,34752,26064,18002443,17987963,14426,NaN,12444,6412,12443,35,NaN,NaN,4460200,3347248,12434,411136,43520,10,389936
2026-03-31 20:57:46.501,54632,ESTAB,bbr,236,35.447,2.499,20.038,1448,24,34752,26064,18103803,18086427,14426,NaN,12514,6454,12513,35,NaN,NaN,4370480,3350880,12502,411136,43520,12,288576
2026-03-31 20:57:46.742,54632,ESTAB,bbr,236,34.991,3.067,20.038,1448,28,40544,26064,18205163,18192131,14426,NaN,12584,6500,12583,35,NaN,NaN,4729344,3188104,12575,411648,43520,9,187216
2026-03-31 20:57:46.980,54632,ESTAB,bbr,240,37.397,1.755,20.038,1448,26,37648,26064,18305075,18290595,14426,NaN,12653,6542,12652,35,NaN,NaN,4729344,3345864,12643,411648,43520,10,87304
2026-03-31 20:57:47.227,54632,ESTAB,bbr,236,35.295,2.024,20.038,1448,26,37648,26064,18392379,18392379,14426,NaN,12714,6586,12713,35,NaN,NaN,4341432,2910112,12714,411648,43520,NaN,NaN
2026-03-31 20:57:47.466,54632,ESTAB,bbr,236,35.295,2.024,20.038,1448,26,37648,26064,18392379,18392379,14426,NaN,12714,6586,12713,35,NaN,NaN,4341432,2910112,12714,411648,43520,NaN,NaN
2026-03-31 20:57:47.720,54632,ESTAB,bbr,236,35.295,2.024,20.038,1448,26,37648,26064,18392379,18392379,14426,NaN,12714,6586,12713,35,NaN,NaN,4341432,2910112,12714,411648,43520,NaN,NaN
2026-03-31 20:57:47.983,54632,ESTAB,bbr,236,35.295,2.024,20.038,1448,26,37648,26064,18392379,18392379,14426,NaN,12714,6586,12713,35,NaN,NaN,4341432,2910112,12714,411648,43520,NaN,NaN
2026-03-31 20:57:48.246,54632,ESTAB,bbr,236,35.295,2.024,20.038,1448,26,37648,26064,18392379,18392379,14426,NaN,12714,6586,12713,35,NaN,NaN,4341432,2910112,12714,411648,43520,NaN,NaN
2026-03-31 20:57:48.489,54632,ESTAB,bbr,236,35.295,2.024,20.038,1448,26,37648,26064,18392379,18392379,14426,NaN,12714,6586,12713,35,NaN,NaN,4341432,2910112,12714,411648,43520,NaN,NaN
2026-03-31 20:57:48.750,54632,ESTAB,bbr,236,35.295,2.024,20.038,1448,26,37648,26064,18392379,18392379,14426,NaN,12714,6586,12713,35,NaN,NaN,4341432,2910112,12714,411648,43520,NaN,NaN
2026-03-31 20:57:48.990,54632,ESTAB,bbr,236,35.295,2.024,20.038,1448,26,37648,26064,18392379,18392379,14426,NaN,12714,6586,12713,35,NaN,NaN,4341432,2910112,12714,411648,43520,NaN,NaN
2026-03-31 20:57:49.243,54632,ESTAB,bbr,236,35.295,2.024,20.038,1448,26,37648,26064,18392379,18392379,14426,NaN,12714,6586,12713,35,NaN,NaN,4341432,2910112,12714,411648,43520,NaN,NaN
2026-03-31 20:57:49.496,54632,ESTAB,bbr,236,35.295,2.024,20.038,1448,26,37648,26064,18392379,18392379,14426,NaN,12714,6586,12713,35,NaN,NaN,4341432,2910112,12714,411648,43520,NaN,NaN
2026-03-31 20:57:49.758,54632,ESTAB,bbr,236,35.295,2.024,20.038,1448,26,37648,26064,18392379,18392379,14426,NaN,12714,6586,12713,35,NaN,NaN,4341432,2910112,12714,411648,43520,NaN,NaN
2026-03-31 20:57:50.017,54632,ESTAB,bbr,236,35.295,2.024,20.038,1448,26,37648,26064,18392379,18392379,14426,NaN,12714,6586,12713,35,NaN,NaN,4341432,2910112,12714,411648,43520,NaN,NaN
2026-03-31 20:57:50.259,54632,ESTAB,bbr,236,35.295,2.024,20.038,1448,26,37648,26064,18392379,18392379,14426,NaN,12714,6586,12713,35,NaN,NaN,4341432,2910112,12714,411648,43520,NaN,NaN
2026-03-31 20:57:50.521,54632,ESTAB,bbr,236,35.295,2.024,20.038,1448,26,37648,26064,18392379,18392379,14426,NaN,12714,6586,12713,35,NaN,NaN,4341432,2910112,12714,411648,43520,NaN,NaN
2026-03-31 20:57:50.783,54632,ESTAB,bbr,236,35.295,2.024,20.038,1448,26,37648,26064,18392379,18392379,14426,NaN,12714,6586,12713,35,NaN,NaN,4341432,2910112,12714,411648,43520,NaN,NaN
2026-03-31 20:57:51.037,54632,ESTAB,bbr,236,35.295,2.024,20.038,1448,26,37648,26064,18392379,18392379,14426,NaN,12714,6586,12713,35,NaN,NaN,4341432,2910112,12714,411648,43520,NaN,NaN
2026-03-31 20:57:51.292,54632,ESTAB,bbr,236,35.295,2.024,20.038,1448,26,37648,26064,18392379,18392379,14426,NaN,12714,6586,12713,35,NaN,NaN,4341432,2910112,12714,411648,43520,NaN,NaN
2026-03-31 20:57:51.548,54632,ESTAB,bbr,236,35.295,2.024,20.038,1448,26,37648,26064,18392379,18392379,14426,NaN,12714,6586,12713,35,NaN,NaN,4341432,2910112,12714,411648,43520,NaN,NaN
2026-03-31 20:57:51.819,54632,ESTAB,bbr,236,35.295,2.024,20.038,1448,26,37648,26064,18392379,18392379,14426,NaN,12714,6586,12713,35,NaN,NaN,4341432,2910112,12714,411648,43520,NaN,NaN
2026-03-31 20:57:52.062,54632,ESTAB,bbr,236,35.295,2.024,20.038,1448,26,37648,26064,18392379,18392379,14426,NaN,12714,6586,12713,35,NaN,NaN,4341432,2910112,12714,411648,43520,NaN,NaN
2026-03-31 20:57:52.308,54632,ESTAB,bbr,236,35.295,2.024,20.038,1448,26,37648,26064,18392379,18392379,14426,NaN,12714,6586,12713,35,NaN,NaN,4341432,2910112,12714,411648,43520,NaN,NaN
2026-03-31 20:57:52.571,54632,ESTAB,bbr,236,35.295,2.024,20.038,1448,26,37648,26064,18392379,18392379,14426,NaN,12714,6586,12713,35,NaN,NaN,4341432,2910112,12714,411648,43520,NaN,NaN
2026-03-31 20:57:52.834,54632,ESTAB,bbr,236,35.295,2.024,20.038,1448,26,37648,26064,18392379,18392379,14426,NaN,12714,6586,12713,35,NaN,NaN,4341432,2910112,12714,411648,43520,NaN,NaN
2026-03-31 20:57:53.097,54632,ESTAB,bbr,236,35.295,2.024,20.038,1448,26,37648,26064,18392379,18392379,14426,NaN,12714,6586,12713,35,NaN,NaN,4341432,2910112,12714,411648,43520,NaN,NaN
2026-03-31 20:57:53.364,54632,ESTAB,bbr,236,35.295,2.024,20.038,1448,26,37648,26064,18392379,18392379,14426,NaN,12714,6586,12713,35,NaN,NaN,4341432,2910112,12714,411648,43520,NaN,NaN
2026-03-31 20:57:53.645,54632,ESTAB,bbr,236,35.295,2.024,20.038,1448,26,37648,26064,18392379,18392379,14426,NaN,12714,6586,12713,35,NaN,NaN,4341432,2910112,12714,411648,43520,NaN,NaN
2026-03-31 20:57:53.895,54632,ESTAB,bbr,236,35.295,2.024,20.038,1448,26,37648,26064,18392379,18392379,14426,NaN,12714,6586,12713,35,NaN,NaN,4341432,2910112,12714,411648,43520,NaN,NaN
2026-03-31 20:57:54.170,54632,ESTAB,bbr,236,35.295,2.024,20.038,1448,26,37648,26064,18392379,18392379,14426,NaN,12714,6586,12713,35,NaN,NaN,4341432,2910112,12714,411648,43520,NaN,NaN
2026-03-31 20:57:54.436,54632,ESTAB,bbr,236,35.295,2.024,20.038,1448,26,37648,26064,18392379,18392379,14426,NaN,12714,6586,12713,35,NaN,NaN,4341432,2910112,12714,411648,43520,NaN,NaN
2026-03-31 20:57:54.690,54632,ESTAB,bbr,236,35.295,2.024,20.038,1448,26,37648,26064,18392379,18392379,14426,NaN,12714,6586,12713,35,NaN,NaN,4341432,2910112,12714,411648,43520,NaN,NaN
2026-03-31 20:57:54.955,54632,ESTAB,bbr,236,35.295,2.024,20.038,1448,26,37648,26064,18392379,18392379,14426,NaN,12714,6586,12713,35,NaN,NaN,4341432,2910112,12714,411648,43520,NaN,NaN
2026-03-31 20:57:55.212,54632,ESTAB,bbr,236,35.295,2.024,20.038,1448,26,37648,26064,18392379,18392379,14426,NaN,12714,6586,12713,35,NaN,NaN,4341432,2910112,12714,411648,43520,NaN,NaN
2026-03-31 20:57:55.459,54632,ESTAB,bbr,236,35.295,2.024,20.038,1448,26,37648,26064,18392379,18392379,14426,NaN,12714,6586,12713,35,NaN,NaN,4341432,2910112,12714,411648,43520,NaN,NaN
2026-03-31 20:57:55.715,54632,ESTAB,bbr,236,35.295,2.024,20.038,1448,26,37648,26064,18392379,18392379,14426,NaN,12714,6586,12713,35,NaN,NaN,4341432,2910112,12714,411648,43520,NaN,NaN
2026-03-31 20:57:55.971,54632,ESTAB,bbr,236,35.295,2.024,20.038,1448,26,37648,26064,18392379,18392379,14426,NaN,12714,6586,12713,35,NaN,NaN,4341432,2910112,12714,411648,43520,NaN,NaN
2026-03-31 20:57:56.238,54632,ESTAB,bbr,236,35.295,2.024,20.038,1448,26,37648,26064,18392379,18392379,14426,NaN,12714,6586,12713,35,NaN,NaN,4341432,2910112,12714,411648,43520,NaN,NaN
2026-03-31 20:57:56.503,54632,ESTAB,bbr,236,35.295,2.024,20.038,1448,26,37648,26064,18392379,18392379,14426,NaN,12714,6586,12713,35,NaN,NaN,4341432,2910112,12714,411648,43520,NaN,NaN
2026-03-31 20:57:56.764,54632,ESTAB,bbr,236,35.295,2.024,20.038,1448,26,37648,26064,18392379,18392379,14426,NaN,12714,6586,12713,35,NaN,NaN,4341432,2910112,12714,411648,43520,NaN,NaN
2026-03-31 20:57:57.021,54632,ESTAB,bbr,236,35.295,2.024,20.038,1448,26,37648,26064,18392379,18392379,14426,NaN,12714,6586,12713,35,NaN,NaN,4341432,2910112,12714,411648,43520,NaN,NaN
2026-03-31 20:57:57.270,54632,ESTAB,bbr,236,35.295,2.024,20.038,1448,26,37648,26064,18392379,18392379,14426,NaN,12714,6586,12713,35,NaN,NaN,4341432,2910112,12714,411648,43520,NaN,NaN
2026-03-31 20:57:57.536,54632,ESTAB,bbr,236,35.295,2.024,20.038,1448,26,37648,26064,18392379,18392379,14426,NaN,12714,6586,12713,35,NaN,NaN,4341432,2910112,12714,411648,43520,NaN,NaN
2026-03-31 20:57:57.798,54632,ESTAB,bbr,236,35.295,2.024,20.038,1448,26,37648,26064,18392379,18392379,14426,NaN,12714,6586,12713,35,NaN,NaN,4341432,2910112,12714,411648,43520,NaN,NaN
2026-03-31 20:57:58.053,54632,ESTAB,bbr,236,35.295,2.024,20.038,1448,26,37648,26064,18392379,18392379,14426,NaN,12714,6586,12713,35,NaN,NaN,4341432,2910112,12714,411648,43520,NaN,NaN
2026-03-31 20:57:58.301,54632,ESTAB,bbr,236,35.295,2.024,20.038,1448,26,37648,26064,18392379,18392379,14426,NaN,12714,6586,12713,35,NaN,NaN,4341432,2910112,12714,411648,43520,NaN,NaN
2026-03-31 20:57:58.562,54632,ESTAB,bbr,236,35.295,2.024,20.038,1448,26,37648,26064,18392379,18392379,14426,NaN,12714,6586,12713,35,NaN,NaN,4341432,2910112,12714,411648,43520,NaN,NaN
2026-03-31 20:57:58.830,54632,ESTAB,bbr,236,35.295,2.024,20.038,1448,26,37648,26064,18392379,18392379,14426,NaN,12714,6586,12713,35,NaN,NaN,4341432,2910112,12714,411648,43520,NaN,NaN
2026-03-31 20:57:59.074,54632,ESTAB,bbr,236,35.295,2.024,20.038,1448,26,37648,26064,18392379,18392379,14426,NaN,12714,6586,12713,35,NaN,NaN,4341432,2910112,12714,411648,43520,NaN,NaN
2026-03-31 20:57:59.331,54632,ESTAB,bbr,236,35.295,2.024,20.038,1448,26,37648,26064,18392379,18392379,14426,NaN,12714,6586,12713,35,NaN,NaN,4341432,2910112,12714,411648,43520,NaN,NaN
2026-03-31 20:57:59.598,54632,ESTAB,bbr,236,35.295,2.024,20.038,1448,26,37648,26064,18392379,18392379,14426,NaN,12714,6586,12713,35,NaN,NaN,4341432,2910112,12714,411648,43520,NaN,NaN
2026-03-31 20:57:59.865,54632,ESTAB,bbr,236,35.295,2.024,20.038,1448,26,37648,26064,18392379,18392379,14426,NaN,12714,6586,12713,35,NaN,NaN,4341432,2910112,12714,411648,43520,NaN,NaN
2026-03-31 20:58:00.137,54632,ESTAB,bbr,236,35.295,2.024,20.038,1448,26,37648,26064,18392379,18392379,14426,NaN,12714,6586,12713,35,NaN,NaN,4341432,2910112,12714,411648,43520,NaN,NaN
2026-03-31 20:58:00.388,54632,ESTAB,bbr,236,35.295,2.024,20.038,1448,26,37648,26064,18392379,18392379,14426,NaN,12714,6586,12713,35,NaN,NaN,4341432,2910112,12714,411648,43520,NaN,NaN
2026-03-31 20:58:00.649,54632,ESTAB,bbr,236,35.295,2.024,20.038,1448,26,37648,26064,18392379,18392379,14426,NaN,12714,6586,12713,35,NaN,NaN,4341432,2910112,12714,411648,43520,NaN,NaN
2026-03-31 20:58:00.911,54632,ESTAB,bbr,236,35.295,2.024,20.038,1448,26,37648,26064,18392379,18392379,14426,NaN,12714,6586,12713,35,NaN,NaN,4341432,2910112,12714,411648,43520,NaN,NaN
2026-03-31 20:58:01.180,54632,ESTAB,bbr,236,35.295,2.024,20.038,1448,26,37648,26064,18392379,18392379,14426,NaN,12714,6586,12713,35,NaN,NaN,4341432,2910112,12714,411648,43520,NaN,NaN
2026-03-31 20:58:01.453,54632,ESTAB,bbr,236,35.295,2.024,20.038,1448,26,37648,26064,18392379,18392379,14426,NaN,12714,6586,12713,35,NaN,NaN,4341432,2910112,12714,411648,43520,NaN,NaN
2026-03-31 20:58:01.722,54632,ESTAB,bbr,236,35.295,2.024,20.038,1448,26,37648,26064,18392379,18392379,14426,NaN,12714,6586,12713,35,NaN,NaN,4341432,2910112,12714,411648,43520,NaN,NaN
2026-03-31 20:58:01.989,54632,ESTAB,bbr,236,35.295,2.024,20.038,1448,26,37648,26064,18392379,18392379,14426,NaN,12714,6586,12713,35,NaN,NaN,4341432,2910112,12714,411648,43520,NaN,NaN
2026-03-31 20:58:02.248,54632,ESTAB,bbr,236,35.295,2.024,20.038,1448,26,37648,26064,18392379,18392379,14426,NaN,12714,6586,12713,35,NaN,NaN,4341432,2910112,12714,411648,43520,NaN,NaN
2026-03-31 20:58:02.499,54632,ESTAB,bbr,236,35.295,2.024,20.038,1448,26,37648,26064,18392379,18392379,14426,NaN,12715,6587,12713,35,NaN,NaN,4341432,2910112,12714,411648,43520,NaN,NaN
2026-03-31 20:58:02.754,54632,ESTAB,bbr,236,35.295,2.024,20.038,1448,26,37648,26064,18392379,18392379,14426,NaN,12715,6587,12713,35,NaN,NaN,4341432,2910112,12714,411648,43520,NaN,NaN
2026-03-31 20:58:03.006,54632,ESTAB,bbr,236,35.295,2.024,20.038,1448,26,37648,26064,18392379,18392379,14426,NaN,12715,6587,12713,35,NaN,NaN,4341432,2910112,12714,411648,43520,NaN,NaN
2026-03-31 20:58:03.269,54632,ESTAB,bbr,236,35.295,2.024,20.038,1448,26,37648,26064,18392379,18392379,14426,NaN,12715,6587,12713,35,NaN,NaN,4341432,2910112,12714,411648,43520,NaN,NaN
2026-03-31 20:58:03.543,54632,ESTAB,bbr,236,35.295,2.024,20.038,1448,26,37648,26064,18392379,18392379,14426,NaN,12715,6587,12713,35,NaN,NaN,4341432,2910112,12714,411648,43520,NaN,NaN
2026-03-31 20:58:03.799,54632,ESTAB,bbr,236,35.295,2.024,20.038,1448,26,37648,26064,18392379,18392379,14426,NaN,12715,6587,12713,35,NaN,NaN,4341432,2910112,12714,411648,43520,NaN,NaN
2026-03-31 20:58:04.071,54632,ESTAB,bbr,236,35.295,2.024,20.038,1448,26,37648,26064,18392379,18392379,14426,NaN,12715,6587,12713,35,NaN,NaN,4341432,2910112,12714,411648,43520,NaN,NaN
2026-03-31 20:58:04.328,54632,ESTAB,bbr,236,35.295,2.024,20.038,1448,26,37648,26064,18392379,18392379,14426,NaN,12715,6587,12713,35,NaN,NaN,4341432,2910112,12714,411648,43520,NaN,NaN
2026-03-31 20:58:04.584,54632,ESTAB,bbr,236,35.295,2.024,20.038,1448,26,37648,26064,18392379,18392379,14426,NaN,12715,6587,12713,35,NaN,NaN,4341432,2910112,12714,411648,43520,NaN,NaN
2026-03-31 20:58:04.841,54632,ESTAB,bbr,236,35.295,2.024,20.038,1448,26,37648,26064,18392379,18392379,14426,NaN,12715,6587,12713,35,NaN,NaN,4341432,2910112,12714,411648,43520,NaN,NaN
2026-03-31 20:58:05.097,54632,ESTAB,bbr,236,35.295,2.024,20.038,1448,26,37648,26064,18392379,18392379,14426,NaN,12715,6587,12713,35,NaN,NaN,4341432,2910112,12714,411648,43520,NaN,NaN
2026-03-31 20:58:05.354,54632,ESTAB,bbr,236,35.295,2.024,20.038,1448,26,37648,26064,18392379,18392379,14426,NaN,12715,6587,12713,35,NaN,NaN,4341432,2910112,12714,411648,43520,NaN,NaN
2026-03-31 20:58:05.611,54632,ESTAB,bbr,236,35.295,2.024,20.038,1448,26,37648,26064,18392379,18392379,14426,NaN,12715,6587,12713,35,NaN,NaN,4341432,2910112,12714,411648,43520,NaN,NaN
2026-03-31 20:58:05.877,54632,ESTAB,bbr,236,35.295,2.024,20.038,1448,26,37648,26064,18392379,18392379,14426,NaN,12715,6587,12713,35,NaN,NaN,4341432,2910112,12714,411648,43520,NaN,NaN
2026-03-31 20:58:06.151,54632,ESTAB,bbr,236,35.295,2.024,20.038,1448,26,37648,26064,18392379,18392379,14426,NaN,12715,6587,12713,35,NaN,NaN,4341432,2910112,12714,411648,43520,NaN,NaN
2026-03-31 20:58:06.420,54632,ESTAB,bbr,236,35.295,2.024,20.038,1448,26,37648,26064,18392379,18392379,14426,NaN,12715,6587,12713,35,NaN,NaN,4341432,2910112,12714,411648,43520,NaN,NaN
2026-03-31 20:58:06.677,54632,ESTAB,bbr,236,35.295,2.024,20.038,1448,26,37648,26064,18392379,18392379,14426,NaN,12715,6587,12713,35,NaN,NaN,4341432,2910112,12714,411648,43520,NaN,NaN
2026-03-31 20:58:06.913,54632,ESTAB,bbr,236,35.295,2.024,20.038,1448,26,37648,26064,18392379,18392379,14426,NaN,12715,6587,12713,35,NaN,NaN,4341432,2910112,12714,411648,43520,NaN,NaN
2026-03-31 20:58:07.177,54632,ESTAB,bbr,236,35.295,2.024,20.038,1448,26,37648,26064,18392379,18392379,14426,NaN,12715,6587,12713,35,NaN,NaN,4341432,2910112,12714,411648,43520,NaN,NaN
2026-03-31 20:58:07.452,54632,ESTAB,bbr,236,35.295,2.024,20.038,1448,26,37648,26064,18392379,18392379,14426,NaN,12715,6587,12713,35,NaN,NaN,4341432,2910112,12714,411648,43520,NaN,NaN
2026-03-31 20:58:07.721,54632,ESTAB,bbr,236,35.295,2.024,20.038,1448,26,37648,26064,18392379,18392379,14426,NaN,12715,6587,12713,35,NaN,NaN,4341432,2910112,12714,411648,43520,NaN,NaN
2026-03-31 20:58:07.988,54632,ESTAB,bbr,236,35.295,2.024,20.038,1448,26,37648,26064,18392379,18392379,14426,NaN,12715,6587,12713,35,NaN,NaN,4341432,2910112,12714,411648,43520,NaN,NaN
2026-03-31 20:58:08.234,54632,ESTAB,bbr,236,35.295,2.024,20.038,1448,26,37648,26064,18392379,18392379,14426,NaN,12715,6587,12713,35,NaN,NaN,4341432,2910112,12714,411648,43520,NaN,NaN
2026-03-31 20:58:08.495,54632,ESTAB,bbr,236,35.295,2.024,20.038,1448,26,37648,26064,18392379,18392379,14426,NaN,12715,6587,12713,35,NaN,NaN,4341432,2910112,12714,411648,43520,NaN,NaN
2026-03-31 20:58:08.750,54632,ESTAB,bbr,236,35.295,2.024,20.038,1448,26,37648,26064,18392379,18392379,14426,NaN,12715,6587,12713,35,NaN,NaN,4341432,2910112,12714,411648,43520,NaN,NaN
2026-03-31 20:58:08.997,54632,ESTAB,bbr,236,35.295,2.024,20.038,1448,26,37648,26064,18392379,18392379,14426,NaN,12715,6587,12713,35,NaN,NaN,4341432,2910112,12714,411648,43520,NaN,NaN
2026-03-31 20:58:09.259,54632,ESTAB,bbr,236,35.295,2.024,20.038,1448,26,37648,26064,18392379,18392379,14426,NaN,12715,6587,12713,35,NaN,NaN,4341432,2910112,12714,411648,43520,NaN,NaN
2026-03-31 20:58:09.523,54632,ESTAB,bbr,236,35.295,2.024,20.038,1448,26,37648,26064,18392379,18392379,14426,NaN,12715,6587,12713,35,NaN,NaN,4341432,2910112,12714,411648,43520,NaN,NaN
2026-03-31 20:58:09.785,54632,ESTAB,bbr,236,35.295,2.024,20.038,1448,26,37648,26064,18392379,18392379,14426,NaN,12715,6587,12713,35,NaN,NaN,4341432,2910112,12714,411648,43520,NaN,NaN
2026-03-31 20:58:10.039,54632,ESTAB,bbr,236,35.295,2.024,20.038,1448,26,37648,26064,18392379,18392379,14426,NaN,12715,6587,12713,35,NaN,NaN,4341432,2910112,12714,411648,43520,NaN,NaN
2026-03-31 20:58:10.292,54632,ESTAB,bbr,236,35.295,2.024,20.038,1448,26,37648,26064,18392379,18392379,14426,NaN,12715,6587,12713,35,NaN,NaN,4341432,2910112,12714,411648,43520,NaN,NaN
2026-03-31 20:58:10.567,54632,ESTAB,bbr,236,35.295,2.024,20.038,1448,26,37648,26064,18392379,18392379,14426,NaN,12715,6587,12713,35,NaN,NaN,4341432,2910112,12714,411648,43520,NaN,NaN
2026-03-31 20:58:10.850,54632,ESTAB,bbr,236,35.295,2.024,20.038,1448,26,37648,26064,18392379,18392379,14426,NaN,12715,6587,12713,35,NaN,NaN,4341432,2910112,12714,411648,43520,NaN,NaN
2026-03-31 20:58:11.094,54632,ESTAB,bbr,236,35.295,2.024,20.038,1448,26,37648,26064,18392379,18392379,14426,NaN,12715,6587,12713,35,NaN,NaN,4341432,2910112,12714,411648,43520,NaN,NaN
2026-03-31 20:58:11.351,54632,ESTAB,bbr,236,35.295,2.024,20.038,1448,26,37648,26064,18392379,18392379,14426,NaN,12715,6587,12713,35,NaN,NaN,4341432,2910112,12714,411648,43520,NaN,NaN
2026-03-31 20:58:11.621,54632,ESTAB,bbr,236,35.295,2.024,20.038,1448,26,37648,26064,18392379,18392379,14426,NaN,12715,6587,12713,35,NaN,NaN,4341432,2910112,12714,411648,43520,NaN,NaN
2026-03-31 20:58:11.876,54632,ESTAB,bbr,236,35.295,2.024,20.038,1448,26,37648,26064,18392379,18392379,14426,NaN,12715,6587,12713,35,NaN,NaN,4341432,2910112,12714,411648,43520,NaN,NaN
2026-03-31 20:58:12.133,54632,ESTAB,bbr,236,35.295,2.024,20.038,1448,26,37648,26064,18392379,18392379,14426,NaN,12715,6587,12713,35,NaN,NaN,4341432,2910112,12714,411648,43520,NaN,NaN
2026-03-31 20:58:12.400,54632,ESTAB,bbr,236,35.295,2.024,20.038,1448,26,37648,26064,18392379,18392379,14426,NaN,12715,6587,12713,35,NaN,NaN,4341432,2910112,12714,411648,43520,NaN,NaN
2026-03-31 20:58:12.661,54632,ESTAB,bbr,236,35.295,2.024,20.038,1448,26,37648,26064,18392379,18392379,14426,NaN,12715,6587,12713,35,NaN,NaN,4341432,2910112,12714,411648,43520,NaN,NaN
2026-03-31 20:58:12.915,54632,ESTAB,bbr,236,35.295,2.024,20.038,1448,26,37648,26064,18392379,18392379,14426,NaN,12715,6587,12713,35,NaN,NaN,4341432,2910112,12714,411648,43520,NaN,NaN
2026-03-31 20:58:13.184,54632,ESTAB,bbr,236,35.295,2.024,20.038,1448,26,37648,26064,18392379,18392379,14426,NaN,12715,6587,12713,35,NaN,NaN,4341432,2910112,12714,411648,43520,NaN,NaN
2026-03-31 20:58:13.453,54632,ESTAB,bbr,236,35.295,2.024,20.038,1448,26,37648,26064,18392379,18392379,14426,NaN,12715,6587,12713,35,NaN,NaN,4341432,2910112,12714,411648,43520,NaN,NaN
2026-03-31 20:58:13.718,54632,ESTAB,bbr,236,35.295,2.024,20.038,1448,26,37648,26064,18392379,18392379,14426,NaN,12715,6587,12713,35,NaN,NaN,4341432,2910112,12714,411648,43520,NaN,NaN
2026-03-31 20:58:13.968,54632,ESTAB,bbr,236,35.295,2.024,20.038,1448,26,37648,26064,18392379,18392379,14426,NaN,12715,6587,12713,35,NaN,NaN,4341432,2910112,12714,411648,43520,NaN,NaN
2026-03-31 20:58:14.232,54632,ESTAB,bbr,236,35.295,2.024,20.038,1448,26,37648,26064,18392379,18392379,14426,NaN,12715,6587,12713,35,NaN,NaN,4341432,2910112,12714,411648,43520,NaN,NaN
2026-03-31 20:58:14.499,54632,ESTAB,bbr,236,35.295,2.024,20.038,1448,26,37648,26064,18392379,18392379,14426,NaN,12715,6587,12713,35,NaN,NaN,4341432,2910112,12714,411648,43520,NaN,NaN
2026-03-31 20:58:14.757,54632,ESTAB,bbr,236,35.295,2.024,20.038,1448,26,37648,26064,18392379,18392379,14426,NaN,12715,6587,12713,35,NaN,NaN,4341432,2910112,12714,411648,43520,NaN,NaN
2026-03-31 20:58:15.009,54632,ESTAB,bbr,236,35.295,2.024,20.038,1448,26,37648,26064,18392379,18392379,14426,NaN,12715,6587,12713,35,NaN,NaN,4341432,2910112,12714,411648,43520,NaN,NaN
2026-03-31 20:58:15.261,54632,ESTAB,bbr,236,35.295,2.024,20.038,1448,26,37648,26064,18392379,18392379,14426,NaN,12715,6587,12713,35,NaN,NaN,4341432,2910112,12714,411648,43520,NaN,NaN
2026-03-31 20:58:15.529,54632,ESTAB,bbr,236,35.295,2.024,20.038,1448,26,37648,26064,18392379,18392379,14426,NaN,12715,6587,12713,35,NaN,NaN,4341432,2910112,12714,411648,43520,NaN,NaN
2026-03-31 20:58:15.787,54632,ESTAB,bbr,236,35.295,2.024,20.038,1448,26,37648,26064,18392379,18392379,14426,NaN,12715,6587,12713,35,NaN,NaN,4341432,2910112,12714,411648,43520,NaN,NaN
2026-03-31 20:58:16.047,54632,ESTAB,bbr,236,35.295,2.024,20.038,1448,26,37648,26064,18392379,18392379,14426,NaN,12715,6587,12713,35,NaN,NaN,4341432,2910112,12714,411648,43520,NaN,NaN
2026-03-31 20:58:16.299,54632,ESTAB,bbr,236,35.295,2.024,20.038,1448,26,37648,26064,18392379,18392379,14426,NaN,12715,6587,12713,35,NaN,NaN,4341432,2910112,12714,411648,43520,NaN,NaN
2026-03-31 20:58:16.558,54632,ESTAB,bbr,236,35.295,2.024,20.038,1448,26,37648,26064,18392379,18392379,14426,NaN,12715,6587,12713,35,NaN,NaN,4341432,2910112,12714,411648,43520,NaN,NaN
2026-03-31 20:58:16.814,54632,ESTAB,bbr,236,35.295,2.024,20.038,1448,26,37648,26064,18392379,18392379,14426,NaN,12715,6587,12713,35,NaN,NaN,4341432,2910112,12714,411648,43520,NaN,NaN
2026-03-31 20:58:17.051,54632,ESTAB,bbr,236,35.295,2.024,20.038,1448,26,37648,26064,18392379,18392379,14426,NaN,12715,6587,12713,35,NaN,NaN,4341432,2910112,12714,411648,43520,NaN,NaN
2026-03-31 20:58:17.291,54632,ESTAB,bbr,236,35.295,2.024,20.038,1448,26,37648,26064,18392379,18392379,14426,NaN,12715,6587,12713,35,NaN,NaN,4341432,2910112,12714,411648,43520,NaN,NaN
2026-03-31 20:58:17.530,54632,ESTAB,bbr,236,35.295,2.024,20.038,1448,26,37648,26064,18392379,18392379,14426,NaN,12716,6588,12713,35,NaN,NaN,4341432,2910112,12714,411648,43520,NaN,NaN
2026-03-31 20:58:17.771,54632,ESTAB,bbr,236,35.295,2.024,20.038,1448,26,37648,26064,18392379,18392379,14426,NaN,12716,6588,12713,35,NaN,NaN,4341432,2910112,12714,411648,43520,NaN,NaN
2026-03-31 20:58:18.028,54632,ESTAB,bbr,236,35.295,2.024,20.038,1448,26,37648,26064,18392379,18392379,14426,NaN,12716,6588,12713,35,NaN,NaN,4341432,2910112,12714,411648,43520,NaN,NaN
2026-03-31 20:58:18.288,54632,ESTAB,bbr,236,35.295,2.024,20.038,1448,26,37648,26064,18392379,18392379,14426,NaN,12716,6588,12713,35,NaN,NaN,4341432,2910112,12714,411648,43520,NaN,NaN
2026-03-31 20:58:18.551,54632,ESTAB,bbr,236,35.295,2.024,20.038,1448,26,37648,26064,18392379,18392379,14426,NaN,12716,6588,12713,35,NaN,NaN,4341432,2910112,12714,411648,43520,NaN,NaN
2026-03-31 20:58:18.813,54632,ESTAB,bbr,236,35.295,2.024,20.038,1448,26,37648,26064,18392379,18392379,14426,NaN,12716,6588,12713,35,NaN,NaN,4341432,2910112,12714,411648,43520,NaN,NaN
2026-03-31 20:58:19.074,54632,ESTAB,bbr,236,35.295,2.024,20.038,1448,26,37648,26064,18392379,18392379,14426,NaN,12716,6588,12713,35,NaN,NaN,4341432,2910112,12714,411648,43520,NaN,NaN
2026-03-31 20:58:19.337,54632,ESTAB,bbr,236,35.295,2.024,20.038,1448,26,37648,26064,18392379,18392379,14426,NaN,12716,6588,12713,35,NaN,NaN,4341432,2910112,12714,411648,43520,NaN,NaN
2026-03-31 20:58:19.601,54632,ESTAB,bbr,236,35.295,2.024,20.038,1448,26,37648,26064,18392379,18392379,14426,NaN,12716,6588,12713,35,NaN,NaN,4341432,2910112,12714,411648,43520,NaN,NaN
2026-03-31 20:58:19.863,54632,ESTAB,bbr,236,35.295,2.024,20.038,1448,26,37648,26064,18392379,18392379,14426,NaN,12716,6588,12713,35,NaN,NaN,4341432,2910112,12714,411648,43520,NaN,NaN
2026-03-31 20:58:20.131,54632,ESTAB,bbr,236,35.295,2.024,20.038,1448,26,37648,26064,18392379,18392379,14426,NaN,12716,6588,12713,35,NaN,NaN,4341432,2910112,12714,411648,43520,NaN,NaN
2026-03-31 20:58:20.374,54632,ESTAB,bbr,236,35.295,2.024,20.038,1448,26,37648,26064,18392379,18392379,14426,NaN,12716,6588,12713,35,NaN,NaN,4341432,2910112,12714,411648,43520,NaN,NaN
2026-03-31 20:58:20.630,54632,ESTAB,bbr,236,35.295,2.024,20.038,1448,26,37648,26064,18392379,18392379,14426,NaN,12716,6588,12713,35,NaN,NaN,4341432,2910112,12714,411648,43520,NaN,NaN
2026-03-31 20:58:20.890,54632,ESTAB,bbr,236,35.295,2.024,20.038,1448,26,37648,26064,18392379,18392379,14426,NaN,12716,6588,12713,35,NaN,NaN,4341432,2910112,12714,411648,43520,NaN,NaN
2026-03-31 20:58:21.145,54632,ESTAB,bbr,236,35.295,2.024,20.038,1448,26,37648,26064,18392379,18392379,14426,NaN,12716,6588,12713,35,NaN,NaN,4341432,2910112,12714,411648,43520,NaN,NaN
2026-03-31 20:58:21.402,54632,ESTAB,bbr,236,35.295,2.024,20.038,1448,26,37648,26064,18392379,18392379,14426,NaN,12716,6588,12713,35,NaN,NaN,4341432,2910112,12714,411648,43520,NaN,NaN
2026-03-31 20:58:21.665,54632,ESTAB,bbr,236,35.295,2.024,20.038,1448,26,37648,26064,18392379,18392379,14426,NaN,12716,6588,12713,35,NaN,NaN,4341432,2910112,12714,411648,43520,NaN,NaN
2026-03-31 20:58:21.937,54632,ESTAB,bbr,236,35.295,2.024,20.038,1448,26,37648,26064,18392379,18392379,14426,NaN,12716,6588,12713,35,NaN,NaN,4341432,2910112,12714,411648,43520,NaN,NaN
2026-03-31 20:58:22.203,54632,ESTAB,bbr,236,35.295,2.024,20.038,1448,26,37648,26064,18392379,18392379,14426,NaN,12716,6588,12713,35,NaN,NaN,4341432,2910112,12714,411648,43520,NaN,NaN
2026-03-31 20:58:22.449,54632,ESTAB,bbr,236,35.295,2.024,20.038,1448,26,37648,26064,18392379,18392379,14426,NaN,12716,6588,12713,35,NaN,NaN,4341432,2910112,12714,411648,43520,NaN,NaN
2026-03-31 20:58:22.699,54632,ESTAB,bbr,236,35.295,2.024,20.038,1448,26,37648,26064,18392379,18392379,14426,NaN,12716,6588,12713,35,NaN,NaN,4341432,2910112,12714,411648,43520,NaN,NaN
2026-03-31 20:58:22.957,54632,ESTAB,bbr,236,35.295,2.024,20.038,1448,26,37648,26064,18392379,18392379,14426,NaN,12716,6588,12713,35,NaN,NaN,4341432,2910112,12714,411648,43520,NaN,NaN
2026-03-31 20:58:23.214,54632,ESTAB,bbr,236,35.295,2.024,20.038,1448,26,37648,26064,18392379,18392379,14426,NaN,12716,6588,12713,35,NaN,NaN,4341432,2910112,12714,411648,43520,NaN,NaN
2026-03-31 20:58:23.480,54632,ESTAB,bbr,236,35.295,2.024,20.038,1448,26,37648,26064,18392379,18392379,14426,NaN,12716,6588,12713,35,NaN,NaN,4341432,2910112,12714,411648,43520,NaN,NaN
2026-03-31 20:58:23.728,54632,ESTAB,bbr,236,35.295,2.024,20.038,1448,26,37648,26064,18392379,18392379,14426,NaN,12716,6588,12713,35,NaN,NaN,4341432,2910112,12714,411648,43520,NaN,NaN
2026-03-31 20:58:23.990,54632,ESTAB,bbr,236,35.295,2.024,20.038,1448,26,37648,26064,18392379,18392379,14426,NaN,12716,6588,12713,35,NaN,NaN,4341432,2910112,12714,411648,43520,NaN,NaN
2026-03-31 20:58:24.251,54632,ESTAB,bbr,236,35.295,2.024,20.038,1448,26,37648,26064,18392379,18392379,14426,NaN,12716,6588,12713,35,NaN,NaN,4341432,2910112,12714,411648,43520,NaN,NaN
2026-03-31 20:58:24.509,54632,ESTAB,bbr,236,35.295,2.024,20.038,1448,26,37648,26064,18392379,18392379,14426,NaN,12716,6588,12713,35,NaN,NaN,4341432,2910112,12714,411648,43520,NaN,NaN
2026-03-31 20:58:24.752,54632,ESTAB,bbr,236,35.295,2.024,20.038,1448,26,37648,26064,18392379,18392379,14426,NaN,12716,6588,12713,35,NaN,NaN,4341432,2910112,12714,411648,43520,NaN,NaN
2026-03-31 20:58:25.004,54632,ESTAB,bbr,236,35.295,2.024,20.038,1448,26,37648,26064,18392379,18392379,14426,NaN,12716,6588,12713,35,NaN,NaN,4341432,2910112,12714,411648,43520,NaN,NaN
2026-03-31 20:58:25.258,54632,ESTAB,bbr,236,35.295,2.024,20.038,1448,26,37648,26064,18392379,18392379,14426,NaN,12716,6588,12713,35,NaN,NaN,4341432,2910112,12714,411648,43520,NaN,NaN
2026-03-31 20:58:25.510,54632,ESTAB,bbr,236,35.295,2.024,20.038,1448,26,37648,26064,18392379,18392379,14426,NaN,12716,6588,12713,35,NaN,NaN,4341432,2910112,12714,411648,43520,NaN,NaN
2026-03-31 20:58:25.767,54632,ESTAB,bbr,236,35.295,2.024,20.038,1448,26,37648,26064,18392379,18392379,14426,NaN,12716,6588,12713,35,NaN,NaN,4341432,2910112,12714,411648,43520,NaN,NaN
2026-03-31 20:58:26.035,54632,ESTAB,bbr,236,35.295,2.024,20.038,1448,26,37648,26064,18392379,18392379,14426,NaN,12716,6588,12713,35,NaN,NaN,4341432,2910112,12714,411648,43520,NaN,NaN
2026-03-31 20:58:26.301,54632,ESTAB,bbr,236,35.295,2.024,20.038,1448,26,37648,26064,18392379,18392379,14426,NaN,12716,6588,12713,35,NaN,NaN,4341432,2910112,12714,411648,43520,NaN,NaN
2026-03-31 20:58:26.569,54632,ESTAB,bbr,236,35.295,2.024,20.038,1448,26,37648,26064,18392379,18392379,14426,NaN,12716,6588,12713,35,NaN,NaN,4341432,2910112,12714,411648,43520,NaN,NaN
2026-03-31 20:58:26.843,54632,ESTAB,bbr,236,35.295,2.024,20.038,1448,26,37648,26064,18392379,18392379,14426,NaN,12716,6588,12713,35,NaN,NaN,4341432,2910112,12714,411648,43520,NaN,NaN
2026-03-31 20:58:27.114,54632,ESTAB,bbr,236,35.295,2.024,20.038,1448,26,37648,26064,18392379,18392379,14426,NaN,12716,6588,12713,35,NaN,NaN,4341432,2910112,12714,411648,43520,NaN,NaN
2026-03-31 20:58:27.358,54632,ESTAB,bbr,236,35.295,2.024,20.038,1448,26,37648,26064,18392379,18392379,14426,NaN,12716,6588,12713,35,NaN,NaN,4341432,2910112,12714,411648,43520,NaN,NaN
2026-03-31 20:58:27.625,54632,ESTAB,bbr,236,35.295,2.024,20.038,1448,26,37648,26064,18392379,18392379,14426,NaN,12716,6588,12713,35,NaN,NaN,4341432,2910112,12714,411648,43520,NaN,NaN
2026-03-31 20:58:27.882,54632,ESTAB,bbr,236,35.295,2.024,20.038,1448,26,37648,26064,18392379,18392379,14426,NaN,12716,6588,12713,35,NaN,NaN,4341432,2910112,12714,411648,43520,NaN,NaN
2026-03-31 20:58:28.145,54632,ESTAB,bbr,236,35.295,2.024,20.038,1448,26,37648,26064,18392379,18392379,14426,NaN,12716,6588,12713,35,NaN,NaN,4341432,2910112,12714,411648,43520,NaN,NaN
2026-03-31 20:58:28.401,54632,ESTAB,bbr,236,35.295,2.024,20.038,1448,26,37648,26064,18392379,18392379,14426,NaN,12716,6588,12713,35,NaN,NaN,4341432,2910112,12714,411648,43520,NaN,NaN
2026-03-31 20:58:28.657,54632,ESTAB,bbr,236,35.295,2.024,20.038,1448,26,37648,26064,18392379,18392379,14426,NaN,12716,6588,12713,35,NaN,NaN,4341432,2910112,12714,411648,43520,NaN,NaN
2026-03-31 20:58:28.914,54632,ESTAB,bbr,236,35.295,2.024,20.038,1448,26,37648,26064,18392379,18392379,14426,NaN,12716,6588,12713,35,NaN,NaN,4341432,2910112,12714,411648,43520,NaN,NaN
2026-03-31 20:58:29.183,54632,ESTAB,bbr,236,35.295,2.024,20.038,1448,26,37648,26064,18392379,18392379,14426,NaN,12716,6588,12713,35,NaN,NaN,4341432,2910112,12714,411648,43520,NaN,NaN
2026-03-31 20:58:29.425,54632,ESTAB,bbr,236,35.295,2.024,20.038,1448,26,37648,26064,18392379,18392379,14426,NaN,12716,6588,12713,35,NaN,NaN,4341432,2910112,12714,411648,43520,NaN,NaN
2026-03-31 20:58:29.678,54632,ESTAB,bbr,236,35.295,2.024,20.038,1448,26,37648,26064,18392379,18392379,14426,NaN,12716,6588,12713,35,NaN,NaN,4341432,2910112,12714,411648,43520,NaN,NaN
2026-03-31 20:58:29.932,54632,ESTAB,bbr,236,35.295,2.024,20.038,1448,26,37648,26064,18392379,18392379,14426,NaN,12716,6588,12713,35,NaN,NaN,4341432,2910112,12714,411648,43520,NaN,NaN
2026-03-31 20:58:30.172,54632,ESTAB,bbr,236,35.295,2.024,20.038,1448,26,37648,26064,18392379,18392379,14426,NaN,12716,6588,12713,35,NaN,NaN,4341432,2910112,12714,411648,43520,NaN,NaN
2026-03-31 20:58:30.426,54632,ESTAB,bbr,236,35.295,2.024,20.038,1448,26,37648,26064,18392379,18392379,14426,NaN,12716,6588,12713,35,NaN,NaN,4341432,2910112,12714,411648,43520,NaN,NaN
2026-03-31 20:58:30.687,54632,ESTAB,bbr,236,35.295,2.024,20.038,1448,26,37648,26064,18392379,18392379,14426,NaN,12716,6588,12713,35,NaN,NaN,4341432,2910112,12714,411648,43520,NaN,NaN
2026-03-31 20:58:30.947,54632,ESTAB,bbr,236,35.295,2.024,20.038,1448,26,37648,26064,18392379,18392379,14426,NaN,12716,6588,12713,35,NaN,NaN,4341432,2910112,12714,411648,43520,NaN,NaN
2026-03-31 20:58:31.209,54632,ESTAB,bbr,236,35.295,2.024,20.038,1448,26,37648,26064,18392379,18392379,14426,NaN,12716,6588,12713,35,NaN,NaN,4341432,2910112,12714,411648,43520,NaN,NaN
2026-03-31 20:58:31.476,54632,ESTAB,bbr,236,35.295,2.024,20.038,1448,26,37648,26064,18392379,18392379,14426,NaN,12716,6588,12713,35,NaN,NaN,4341432,2910112,12714,411648,43520,NaN,NaN
2026-03-31 20:58:31.738,54632,ESTAB,bbr,236,35.295,2.024,20.038,1448,26,37648,26064,18392379,18392379,14426,NaN,12716,6588,12713,35,NaN,NaN,4341432,2910112,12714,411648,43520,NaN,NaN
2026-03-31 20:58:32.008,54632,ESTAB,bbr,236,35.295,2.024,20.038,1448,26,37648,26064,18392379,18392379,14426,NaN,12716,6588,12713,35,NaN,NaN,4341432,2910112,12714,411648,43520,NaN,NaN
2026-03-31 20:58:32.260,54632,ESTAB,bbr,236,35.295,2.024,20.038,1448,26,37648,26064,18392379,18392379,14426,NaN,12716,6588,12713,35,NaN,NaN,4341432,2910112,12714,411648,43520,NaN,NaN
2026-03-31 20:58:32.517,54632,ESTAB,bbr,236,35.295,2.024,20.038,1448,26,37648,26064,18392379,18392379,14426,NaN,12717,6589,12713,35,NaN,NaN,4341432,2910112,12714,411648,43520,NaN,NaN
2026-03-31 20:58:32.786,54632,ESTAB,bbr,236,35.295,2.024,20.038,1448,26,37648,26064,18392379,18392379,14426,NaN,12717,6589,12713,35,NaN,NaN,4341432,2910112,12714,411648,43520,NaN,NaN
2026-03-31 20:58:33.051,54632,ESTAB,bbr,236,35.295,2.024,20.038,1448,26,37648,26064,18392379,18392379,14426,NaN,12717,6589,12713,35,NaN,NaN,4341432,2910112,12714,411648,43520,NaN,NaN
2026-03-31 20:58:33.306,54632,ESTAB,bbr,236,35.295,2.024,20.038,1448,26,37648,26064,18392379,18392379,14426,NaN,12717,6589,12713,35,NaN,NaN,4341432,2910112,12714,411648,43520,NaN,NaN
2026-03-31 20:58:33.568,54632,ESTAB,bbr,236,35.295,2.024,20.038,1448,26,37648,26064,18392379,18392379,14426,NaN,12717,6589,12713,35,NaN,NaN,4341432,2910112,12714,411648,43520,NaN,NaN
2026-03-31 20:58:33.828,54632,ESTAB,bbr,236,35.295,2.024,20.038,1448,26,37648,26064,18392379,18392379,14426,NaN,12717,6589,12713,35,NaN,NaN,4341432,2910112,12714,411648,43520,NaN,NaN
2026-03-31 20:58:34.093,54632,ESTAB,bbr,236,35.295,2.024,20.038,1448,26,37648,26064,18392379,18392379,14426,NaN,12717,6589,12713,35,NaN,NaN,4341432,2910112,12714,411648,43520,NaN,NaN
2026-03-31 20:58:34.342,54632,ESTAB,bbr,236,35.295,2.024,20.038,1448,26,37648,26064,18392379,18392379,14426,NaN,12718,6590,12713,35,NaN,NaN,4341432,2910112,12714,411648,43520,NaN,NaN
2026-03-31 20:58:34.580,54632,ESTAB,bbr,236,35.295,2.024,20.038,1448,26,37648,26064,18392379,18392379,14426,NaN,12718,6590,12713,35,NaN,NaN,4341432,2910112,12714,411648,43520,NaN,NaN
2026-03-31 20:58:34.818,54632,ESTAB,bbr,236,35.295,2.024,20.038,1448,26,37648,26064,18392379,18392379,14426,NaN,12718,6590,12713,35,NaN,NaN,4341432,2910112,12714,411648,43520,NaN,NaN
2026-03-31 20:58:35.087,54632,ESTAB,bbr,236,35.295,2.024,20.038,1448,26,37648,26064,18392379,18392379,14426,NaN,12718,6590,12713,35,NaN,NaN,4341432,2910112,12714,411648,43520,NaN,NaN
2026-03-31 20:58:35.337,54632,ESTAB,bbr,236,35.295,2.024,20.038,1448,26,37648,26064,18392379,18392379,14426,NaN,12718,6590,12713,35,NaN,NaN,4341432,2910112,12714,411648,43520,NaN,NaN
2026-03-31 20:58:35.587,54632,ESTAB,bbr,236,35.295,2.024,20.038,1448,26,37648,26064,18392379,18392379,14426,NaN,12718,6590,12713,35,NaN,NaN,4341432,2910112,12714,411648,43520,NaN,NaN
2026-03-31 20:58:35.854,54632,ESTAB,bbr,236,35.295,2.024,20.038,1448,26,37648,26064,18392379,18392379,14426,NaN,12718,6590,12713,35,NaN,NaN,4341432,2910112,12714,411648,43520,NaN,NaN
2026-03-31 20:58:36.120,54632,ESTAB,bbr,236,35.295,2.024,20.038,1448,26,37648,26064,18392379,18392379,14426,NaN,12718,6590,12713,35,NaN,NaN,4341432,2910112,12714,411648,43520,NaN,NaN
2026-03-31 20:58:36.379,54632,ESTAB,bbr,236,35.295,2.024,20.038,1448,26,37648,26064,18392379,18392379,14426,NaN,12718,6590,12713,35,NaN,NaN,4341432,2910112,12714,411648,43520,NaN,NaN
2026-03-31 20:58:36.624,54632,ESTAB,bbr,236,35.295,2.024,20.038,1448,26,37648,26064,18392379,18392379,14426,NaN,12718,6590,12713,35,NaN,NaN,4341432,2910112,12714,411648,43520,NaN,NaN
2026-03-31 20:58:36.879,54632,ESTAB,bbr,236,35.295,2.024,20.038,1448,26,37648,26064,18392379,18392379,14426,NaN,12718,6590,12713,35,NaN,NaN,4341432,2910112,12714,411648,43520,NaN,NaN
2026-03-31 20:58:37.141,54632,ESTAB,bbr,236,35.295,2.024,20.038,1448,26,37648,26064,18392379,18392379,14426,NaN,12718,6590,12713,35,NaN,NaN,4341432,2910112,12714,411648,43520,NaN,NaN
2026-03-31 20:58:37.402,54632,ESTAB,bbr,236,35.295,2.024,20.038,1448,26,37648,26064,18392379,18392379,14426,NaN,12718,6590,12713,35,NaN,NaN,4341432,2910112,12714,411648,43520,NaN,NaN
2026-03-31 20:58:37.662,54632,ESTAB,bbr,236,35.295,2.024,20.038,1448,26,37648,26064,18392379,18392379,14426,NaN,12718,6590,12713,35,NaN,NaN,4341432,2910112,12714,411648,43520,NaN,NaN
2026-03-31 20:58:37.910,54632,ESTAB,bbr,236,35.295,2.024,20.038,1448,26,37648,26064,18392379,18392379,14426,NaN,12718,6590,12713,35,NaN,NaN,4341432,2910112,12714,411648,43520,NaN,NaN
2026-03-31 20:58:38.172,54632,ESTAB,bbr,236,35.295,2.024,20.038,1448,26,37648,26064,18392379,18392379,14426,NaN,12718,6590,12713,35,NaN,NaN,4341432,2910112,12714,411648,43520,NaN,NaN
2026-03-31 20:58:38.425,54632,ESTAB,bbr,236,35.295,2.024,20.038,1448,26,37648,26064,18392379,18392379,14426,NaN,12718,6590,12713,35,NaN,NaN,4341432,2910112,12714,411648,43520,NaN,NaN
2026-03-31 20:58:38.686,54632,ESTAB,bbr,236,35.295,2.024,20.038,1448,26,37648,26064,18392379,18392379,14426,NaN,12718,6590,12713,35,NaN,NaN,4341432,2910112,12714,411648,43520,NaN,NaN
2026-03-31 20:58:38.948,54632,ESTAB,bbr,236,35.295,2.024,20.038,1448,26,37648,26064,18392379,18392379,14426,NaN,12718,6590,12713,35,NaN,NaN,4341432,2910112,12714,411648,43520,NaN,NaN
2026-03-31 20:58:39.209,54632,ESTAB,bbr,236,35.295,2.024,20.038,1448,26,37648,26064,18392379,18392379,14426,NaN,12718,6590,12713,35,NaN,NaN,4341432,2910112,12714,411648,43520,NaN,NaN
2026-03-31 20:58:39.480,54632,ESTAB,bbr,236,35.295,2.024,20.038,1448,26,37648,26064,18392379,18392379,14426,NaN,12718,6590,12713,35,NaN,NaN,4341432,2910112,12714,411648,43520,NaN,NaN
2026-03-31 20:58:39.752,54632,ESTAB,bbr,236,35.295,2.024,20.038,1448,26,37648,26064,18392379,18392379,14426,NaN,12718,6590,12713,35,NaN,NaN,4341432,2910112,12714,411648,43520,NaN,NaN
2026-03-31 20:58:40.029,54632,ESTAB,bbr,236,35.295,2.024,20.038,1448,26,37648,26064,18392379,18392379,14426,NaN,12718,6590,12713,35,NaN,NaN,4341432,2910112,12714,411648,43520,NaN,NaN
2026-03-31 20:58:40.276,54632,ESTAB,bbr,236,35.295,2.024,20.038,1448,26,37648,26064,18392379,18392379,14426,NaN,12718,6590,12713,35,NaN,NaN,4341432,2910112,12714,411648,43520,NaN,NaN
2026-03-31 20:58:40.545,54632,ESTAB,bbr,236,35.295,2.024,20.038,1448,26,37648,26064,18392379,18392379,14426,NaN,12718,6590,12713,35,NaN,NaN,4341432,2910112,12714,411648,43520,NaN,NaN
2026-03-31 20:58:40.808,54632,ESTAB,bbr,236,35.295,2.024,20.038,1448,26,37648,26064,18392379,18392379,14426,NaN,12718,6590,12713,35,NaN,NaN,4341432,2910112,12714,411648,43520,NaN,NaN
2026-03-31 20:58:41.070,54632,ESTAB,bbr,236,35.295,2.024,20.038,1448,26,37648,26064,18392379,18392379,14426,NaN,12718,6590,12713,35,NaN,NaN,4341432,2910112,12714,411648,43520,NaN,NaN
2026-03-31 20:58:41.332,54632,ESTAB,bbr,236,35.295,2.024,20.038,1448,26,37648,26064,18392379,18392379,14426,NaN,12718,6590,12713,35,NaN,NaN,4341432,2910112,12714,411648,43520,NaN,NaN
2026-03-31 20:58:41.612,54632,ESTAB,bbr,236,35.295,2.024,20.038,1448,26,37648,26064,18392379,18392379,14426,NaN,12718,6590,12713,35,NaN,NaN,4341432,2910112,12714,411648,43520,NaN,NaN
2026-03-31 20:58:41.875,54632,ESTAB,bbr,236,35.295,2.024,20.038,1448,26,37648,26064,18392379,18392379,14426,NaN,12718,6590,12713,35,NaN,NaN,4341432,2910112,12714,411648,43520,NaN,NaN
2026-03-31 20:58:42.132,54632,ESTAB,bbr,236,35.295,2.024,20.038,1448,26,37648,26064,18392379,18392379,14426,NaN,12718,6590,12713,35,NaN,NaN,4341432,2910112,12714,411648,43520,NaN,NaN
2026-03-31 20:58:42.389,54632,ESTAB,bbr,236,35.295,2.024,20.038,1448,26,37648,26064,18392379,18392379,14426,NaN,12718,6590,12713,35,NaN,NaN,4341432,2910112,12714,411648,43520,NaN,NaN
2026-03-31 20:58:42.653,54632,ESTAB,bbr,236,35.295,2.024,20.038,1448,26,37648,26064,18392379,18392379,14426,NaN,12718,6590,12713,35,NaN,NaN,4341432,2910112,12714,411648,43520,NaN,NaN
2026-03-31 20:58:42.921,54632,ESTAB,bbr,236,35.295,2.024,20.038,1448,26,37648,26064,18392379,18392379,14426,NaN,12718,6590,12713,35,NaN,NaN,4341432,2910112,12714,411648,43520,NaN,NaN
2026-03-31 20:58:43.170,54632,ESTAB,bbr,236,35.295,2.024,20.038,1448,26,37648,26064,18392379,18392379,14426,NaN,12718,6590,12713,35,NaN,NaN,4341432,2910112,12714,411648,43520,NaN,NaN
2026-03-31 20:58:43.420,54632,ESTAB,bbr,236,35.295,2.024,20.038,1448,26,37648,26064,18392379,18392379,14426,NaN,12718,6590,12713,35,NaN,NaN,4341432,2910112,12714,411648,43520,NaN,NaN
2026-03-31 20:58:43.677,54632,ESTAB,bbr,236,35.295,2.024,20.038,1448,26,37648,26064,18392379,18392379,14426,NaN,12718,6590,12713,35,NaN,NaN,4341432,2910112,12714,411648,43520,NaN,NaN
2026-03-31 20:58:43.939,54632,ESTAB,bbr,236,35.295,2.024,20.038,1448,26,37648,26064,18392379,18392379,14426,NaN,12718,6590,12713,35,NaN,NaN,4341432,2910112,12714,411648,43520,NaN,NaN
2026-03-31 20:58:44.203,54632,ESTAB,bbr,236,35.295,2.024,20.038,1448,26,37648,26064,18392379,18392379,14426,NaN,12718,6590,12713,35,NaN,NaN,4341432,2910112,12714,411648,43520,NaN,NaN
2026-03-31 20:58:44.476,54632,ESTAB,bbr,236,35.295,2.024,20.038,1448,26,37648,26064,18392379,18392379,14426,NaN,12718,6590,12713,35,NaN,NaN,4341432,2910112,12714,411648,43520,NaN,NaN
2026-03-31 20:58:44.739,54632,ESTAB,bbr,236,35.295,2.024,20.038,1448,26,37648,26064,18392379,18392379,14426,NaN,12718,6590,12713,35,NaN,NaN,4341432,2910112,12714,411648,43520,NaN,NaN
2026-03-31 20:58:44.998,54632,ESTAB,bbr,236,35.295,2.024,20.038,1448,26,37648,26064,18392379,18392379,14426,NaN,12718,6590,12713,35,NaN,NaN,4341432,2910112,12714,411648,43520,NaN,NaN
2026-03-31 20:58:45.244,54632,ESTAB,bbr,236,35.295,2.024,20.038,1448,26,37648,26064,18392379,18392379,14426,NaN,12718,6590,12713,35,NaN,NaN,4341432,2910112,12714,411648,43520,NaN,NaN
2026-03-31 20:58:45.514,54632,ESTAB,bbr,236,35.295,2.024,20.038,1448,26,37648,26064,18392379,18392379,14426,NaN,12718,6590,12713,35,NaN,NaN,4341432,2910112,12714,411648,43520,NaN,NaN
2026-03-31 20:58:45.785,54632,ESTAB,bbr,236,35.295,2.024,20.038,1448,26,37648,26064,18392379,18392379,14426,NaN,12718,6590,12713,35,NaN,NaN,4341432,2910112,12714,411648,43520,NaN,NaN
2026-03-31 20:58:46.037,54632,ESTAB,bbr,236,35.295,2.024,20.038,1448,26,37648,26064,18392379,18392379,14426,NaN,12718,6590,12713,35,NaN,NaN,4341432,2910112,12714,411648,43520,NaN,NaN
2026-03-31 20:58:46.290,54632,ESTAB,bbr,236,35.295,2.024,20.038,1448,26,37648,26064,18392379,18392379,14426,NaN,12718,6590,12713,35,NaN,NaN,4341432,2910112,12714,411648,43520,NaN,NaN
2026-03-31 20:58:46.536,54632,ESTAB,bbr,236,35.295,2.024,20.038,1448,26,37648,26064,18392379,18392379,14426,NaN,12718,6590,12713,35,NaN,NaN,4341432,2910112,12714,411648,43520,NaN,NaN
2026-03-31 20:58:46.783,54632,ESTAB,bbr,236,35.295,2.024,20.038,1448,26,37648,26064,18392379,18392379,14426,NaN,12718,6590,12713,35,NaN,NaN,4341432,2910112,12714,411648,43520,NaN,NaN
2026-03-31 20:58:47.030,54632,ESTAB,bbr,236,35.295,2.024,20.038,1448,26,37648,26064,18392379,18392379,14426,NaN,12718,6590,12713,35,NaN,NaN,4341432,2910112,12714,411648,43520,NaN,NaN
2026-03-31 20:58:47.271,54632,ESTAB,bbr,236,35.295,2.024,20.038,1448,26,37648,26064,18392379,18392379,14426,NaN,12718,6590,12713,35,NaN,NaN,4341432,2910112,12714,411648,43520,NaN,NaN
2026-03-31 20:58:47.532,54632,ESTAB,bbr,236,35.295,2.024,20.038,1448,26,37648,26064,18392379,18392379,14426,NaN,12718,6590,12713,35,NaN,NaN,4341432,2910112,12714,411648,43520,NaN,NaN
2026-03-31 20:58:47.788,54632,ESTAB,bbr,236,35.295,2.024,20.038,1448,26,37648,26064,18392379,18392379,14426,NaN,12719,6591,12713,35,NaN,NaN,4341432,2910112,12714,411648,43520,NaN,NaN
2026-03-31 20:58:48.038,54632,ESTAB,bbr,236,35.295,2.024,20.038,1448,26,37648,26064,18392379,18392379,14426,NaN,12719,6591,12713,35,NaN,NaN,4341432,2910112,12714,411648,43520,NaN,NaN
2026-03-31 20:58:48.303,54632,ESTAB,bbr,236,35.295,2.024,20.038,1448,26,37648,26064,18392379,18392379,14426,NaN,12719,6591,12713,35,NaN,NaN,4341432,2910112,12714,411648,43520,NaN,NaN
2026-03-31 20:58:48.557,54632,ESTAB,bbr,236,35.295,2.024,20.038,1448,26,37648,26064,18392379,18392379,14426,NaN,12719,6591,12713,35,NaN,NaN,4341432,2910112,12714,411648,43520,NaN,NaN
2026-03-31 20:58:48.819,54632,ESTAB,bbr,236,35.295,2.024,20.038,1448,26,37648,26064,18392379,18392379,14426,NaN,12719,6591,12713,35,NaN,NaN,4341432,2910112,12714,411648,43520,NaN,NaN
2026-03-31 20:58:49.081,54632,ESTAB,bbr,236,35.295,2.024,20.038,1448,26,37648,26064,18392379,18392379,14426,NaN,12719,6591,12713,35,NaN,NaN,4341432,2910112,12714,411648,43520,NaN,NaN
2026-03-31 20:58:49.343,54632,ESTAB,bbr,236,35.295,2.024,20.038,1448,26,37648,26064,18392379,18392379,14426,NaN,12719,6591,12713,35,NaN,NaN,4341432,2910112,12714,411648,43520,NaN,NaN
2026-03-31 20:58:49.605,54632,ESTAB,bbr,236,35.295,2.024,20.038,1448,26,37648,26064,18392379,18392379,14426,NaN,12719,6591,12713,35,NaN,NaN,4341432,2910112,12714,411648,43520,NaN,NaN
2026-03-31 20:58:49.878,54632,ESTAB,bbr,236,35.295,2.024,20.038,1448,26,37648,26064,18392379,18392379,14426,NaN,12719,6591,12713,35,NaN,NaN,4341432,2910112,12714,411648,43520,NaN,NaN
2026-03-31 20:58:50.128,54632,ESTAB,bbr,236,35.295,2.024,20.038,1448,26,37648,26064,18392379,18392379,14426,NaN,12719,6591,12713,35,NaN,NaN,4341432,2910112,12714,411648,43520,NaN,NaN
2026-03-31 20:58:50.388,54632,ESTAB,bbr,236,35.295,2.024,20.038,1448,26,37648,26064,18392379,18392379,14426,NaN,12719,6591,12713,35,NaN,NaN,4341432,2910112,12714,411648,43520,NaN,NaN
2026-03-31 20:58:50.650,54632,ESTAB,bbr,236,35.295,2.024,20.038,1448,26,37648,26064,18392379,18392379,14426,NaN,12719,6591,12713,35,NaN,NaN,4341432,2910112,12714,411648,43520,NaN,NaN
2026-03-31 20:58:50.901,54632,ESTAB,bbr,236,35.295,2.024,20.038,1448,26,37648,26064,18392379,18392379,14426,NaN,12719,6591,12713,35,NaN,NaN,4341432,2910112,12714,411648,43520,NaN,NaN
2026-03-31 20:58:51.154,54632,ESTAB,bbr,236,35.295,2.024,20.038,1448,26,37648,26064,18392379,18392379,14426,NaN,12719,6591,12713,35,NaN,NaN,4341432,2910112,12714,411648,43520,NaN,NaN
2026-03-31 20:58:51.407,54632,ESTAB,bbr,236,35.295,2.024,20.038,1448,26,37648,26064,18392379,18392379,14426,NaN,12719,6591,12713,35,NaN,NaN,4341432,2910112,12714,411648,43520,NaN,NaN
2026-03-31 20:58:51.660,54632,ESTAB,bbr,236,35.295,2.024,20.038,1448,26,37648,26064,18392379,18392379,14426,NaN,12719,6591,12713,35,NaN,NaN,4341432,2910112,12714,411648,43520,NaN,NaN
2026-03-31 20:58:51.916,54632,ESTAB,bbr,236,35.295,2.024,20.038,1448,26,37648,26064,18392379,18392379,14426,NaN,12719,6591,12713,35,NaN,NaN,4341432,2910112,12714,411648,43520,NaN,NaN
2026-03-31 20:58:52.178,54632,ESTAB,bbr,236,35.295,2.024,20.038,1448,26,37648,26064,18392379,18392379,14426,NaN,12719,6591,12713,35,NaN,NaN,4341432,2910112,12714,411648,43520,NaN,NaN
2026-03-31 20:58:52.439,54632,ESTAB,bbr,236,35.295,2.024,20.038,1448,26,37648,26064,18392379,18392379,14426,NaN,12719,6591,12713,35,NaN,NaN,4341432,2910112,12714,411648,43520,NaN,NaN
2026-03-31 20:58:52.702,54632,ESTAB,bbr,236,35.295,2.024,20.038,1448,26,37648,26064,18392379,18392379,14426,NaN,12719,6591,12713,35,NaN,NaN,4341432,2910112,12714,411648,43520,NaN,NaN
2026-03-31 20:58:52.967,54632,ESTAB,bbr,236,35.295,2.024,20.038,1448,26,37648,26064,18392379,18392379,14426,NaN,12719,6591,12713,35,NaN,NaN,4341432,2910112,12714,411648,43520,NaN,NaN
2026-03-31 20:58:53.240,54632,ESTAB,bbr,236,35.295,2.024,20.038,1448,26,37648,26064,18392379,18392379,14426,NaN,12719,6591,12713,35,NaN,NaN,4341432,2910112,12714,411648,43520,NaN,NaN
2026-03-31 20:58:53.501,54632,ESTAB,bbr,236,35.295,2.024,20.038,1448,26,37648,26064,18392379,18392379,14426,NaN,12719,6591,12713,35,NaN,NaN,4341432,2910112,12714,411648,43520,NaN,NaN
2026-03-31 20:58:53.759,54632,ESTAB,bbr,236,35.295,2.024,20.038,1448,26,37648,26064,18392379,18392379,14426,NaN,12719,6591,12713,35,NaN,NaN,4341432,2910112,12714,411648,43520,NaN,NaN
2026-03-31 20:58:54.016,54632,ESTAB,bbr,236,35.295,2.024,20.038,1448,26,37648,26064,18392379,18392379,14426,NaN,12719,6591,12713,35,NaN,NaN,4341432,2910112,12714,411648,43520,NaN,NaN
2026-03-31 20:58:54.266,54632,ESTAB,bbr,236,35.295,2.024,20.038,1448,26,37648,26064,18392379,18392379,14426,NaN,12719,6591,12713,35,NaN,NaN,4341432,2910112,12714,411648,43520,NaN,NaN
2026-03-31 20:58:54.520,54632,ESTAB,bbr,236,35.295,2.024,20.038,1448,26,37648,26064,18392379,18392379,14426,NaN,12719,6591,12713,35,NaN,NaN,4341432,2910112,12714,411648,43520,NaN,NaN
2026-03-31 20:58:54.782,54632,ESTAB,bbr,236,35.295,2.024,20.038,1448,26,37648,26064,18392379,18392379,14426,NaN,12719,6591,12713,35,NaN,NaN,4341432,2910112,12714,411648,43520,NaN,NaN
2026-03-31 20:58:55.041,54632,ESTAB,bbr,236,35.295,2.024,20.038,1448,26,37648,26064,18392379,18392379,14426,NaN,12719,6591,12713,35,NaN,NaN,4341432,2910112,12714,411648,43520,NaN,NaN
2026-03-31 20:58:55.296,54632,ESTAB,bbr,236,35.295,2.024,20.038,1448,26,37648,26064,18392379,18392379,14426,NaN,12719,6591,12713,35,NaN,NaN,4341432,2910112,12714,411648,43520,NaN,NaN
2026-03-31 20:58:55.556,54632,ESTAB,bbr,236,35.295,2.024,20.038,1448,26,37648,26064,18392379,18392379,14426,NaN,12719,6591,12713,35,NaN,NaN,4341432,2910112,12714,411648,43520,NaN,NaN
2026-03-31 20:58:55.823,54632,ESTAB,bbr,236,35.295,2.024,20.038,1448,26,37648,26064,18392379,18392379,14426,NaN,12719,6591,12713,35,NaN,NaN,4341432,2910112,12714,411648,43520,NaN,NaN
2026-03-31 20:58:56.093,54632,ESTAB,bbr,236,35.295,2.024,20.038,1448,26,37648,26064,18392379,18392379,14426,NaN,12719,6591,12713,35,NaN,NaN,4341432,2910112,12714,411648,43520,NaN,NaN
2026-03-31 20:58:56.358,54632,ESTAB,bbr,236,35.295,2.024,20.038,1448,26,37648,26064,18392379,18392379,14426,NaN,12719,6591,12713,35,NaN,NaN,4341432,2910112,12714,411648,43520,NaN,NaN
2026-03-31 20:58:56.591,54632,ESTAB,bbr,236,35.295,2.024,20.038,1448,26,37648,26064,18392379,18392379,14426,NaN,12719,6591,12713,35,NaN,NaN,4341432,2910112,12714,411648,43520,NaN,NaN
2026-03-31 20:58:56.826,54632,ESTAB,bbr,236,35.295,2.024,20.038,1448,26,37648,26064,18392379,18392379,14426,NaN,12719,6591,12713,35,NaN,NaN,4341432,2910112,12714,411648,43520,NaN,NaN
2026-03-31 20:58:57.096,54632,ESTAB,bbr,236,35.295,2.024,20.038,1448,26,37648,26064,18392379,18392379,14426,NaN,12719,6591,12713,35,NaN,NaN,4341432,2910112,12714,411648,43520,NaN,NaN
2026-03-31 20:58:57.358,54632,ESTAB,bbr,236,35.295,2.024,20.038,1448,26,37648,26064,18392379,18392379,14426,NaN,12719,6591,12713,35,NaN,NaN,4341432,2910112,12714,411648,43520,NaN,NaN
2026-03-31 20:58:57.604,54632,ESTAB,bbr,236,35.295,2.024,20.038,1448,26,37648,26064,18392379,18392379,14426,NaN,12719,6591,12713,35,NaN,NaN,4341432,2910112,12714,411648,43520,NaN,NaN
2026-03-31 20:58:57.863,54632,ESTAB,bbr,236,35.295,2.024,20.038,1448,26,37648,26064,18392379,18392379,14426,NaN,12719,6591,12713,35,NaN,NaN,4341432,2910112,12714,411648,43520,NaN,NaN
2026-03-31 20:58:58.114,54632,ESTAB,bbr,236,35.295,2.024,20.038,1448,26,37648,26064,18392379,18392379,14426,NaN,12719,6591,12713,35,NaN,NaN,4341432,2910112,12714,411648,43520,NaN,NaN
2026-03-31 20:58:58.355,54632,ESTAB,bbr,236,35.295,2.024,20.038,1448,26,37648,26064,18392379,18392379,14426,NaN,12719,6591,12713,35,NaN,NaN,4341432,2910112,12714,411648,43520,NaN,NaN
2026-03-31 20:58:58.615,54632,ESTAB,bbr,236,35.295,2.024,20.038,1448,26,37648,26064,18392379,18392379,14426,NaN,12719,6591,12713,35,NaN,NaN,4341432,2910112,12714,411648,43520,NaN,NaN
2026-03-31 20:58:58.884,54632,ESTAB,bbr,236,35.295,2.024,20.038,1448,26,37648,26064,18392379,18392379,14426,NaN,12719,6591,12713,35,NaN,NaN,4341432,2910112,12714,411648,43520,NaN,NaN
2026-03-31 20:58:59.154,54632,ESTAB,bbr,236,35.295,2.024,20.038,1448,26,37648,26064,18392379,18392379,14426,NaN,12719,6591,12713,35,NaN,NaN,4341432,2910112,12714,411648,43520,NaN,NaN
2026-03-31 20:58:59.417,54632,ESTAB,bbr,236,35.295,2.024,20.038,1448,26,37648,26064,18392379,18392379,14426,NaN,12719,6591,12713,35,NaN,NaN,4341432,2910112,12714,411648,43520,NaN,NaN
2026-03-31 20:58:59.679,54632,ESTAB,bbr,236,35.295,2.024,20.038,1448,26,37648,26064,18392379,18392379,14426,NaN,12719,6591,12713,35,NaN,NaN,4341432,2910112,12714,411648,43520,NaN,NaN
2026-03-31 20:58:59.939,54632,ESTAB,bbr,236,35.295,2.024,20.038,1448,26,37648,26064,18392379,18392379,14426,NaN,12719,6591,12713,35,NaN,NaN,4341432,2910112,12714,411648,43520,NaN,NaN
2026-03-31 20:59:00.188,54632,ESTAB,bbr,236,35.295,2.024,20.038,1448,26,37648,26064,18392379,18392379,14426,NaN,12719,6591,12713,35,NaN,NaN,4341432,2910112,12714,411648,43520,NaN,NaN
2026-03-31 20:59:00.417,54632,ESTAB,bbr,236,35.295,2.024,20.038,1448,26,37648,26064,18392379,18392379,14426,NaN,12719,6591,12713,35,NaN,NaN,4341432,2910112,12714,411648,43520,NaN,NaN
2026-03-31 20:59:00.666,54632,ESTAB,bbr,236,35.295,2.024,20.038,1448,26,37648,26064,18392379,18392379,14426,NaN,12719,6591,12713,35,NaN,NaN,4341432,2910112,12714,411648,43520,NaN,NaN
2026-03-31 20:59:00.920,54632,ESTAB,bbr,236,35.295,2.024,20.038,1448,26,37648,26064,18392379,18392379,14426,NaN,12719,6591,12713,35,NaN,NaN,4341432,2910112,12714,411648,43520,NaN,NaN
2026-03-31 20:59:01.183,54632,ESTAB,bbr,236,35.295,2.024,20.038,1448,26,37648,26064,18392379,18392379,14426,NaN,12719,6591,12713,35,NaN,NaN,4341432,2910112,12714,411648,43520,NaN,NaN
2026-03-31 20:59:01.444,54632,ESTAB,bbr,236,35.295,2.024,20.038,1448,26,37648,26064,18392379,18392379,14426,NaN,12719,6591,12713,35,NaN,NaN,4341432,2910112,12714,411648,43520,NaN,NaN
2026-03-31 20:59:01.701,54632,ESTAB,bbr,236,35.295,2.024,20.038,1448,26,37648,26064,18392379,18392379,14426,NaN,12719,6591,12713,35,NaN,NaN,4341432,2910112,12714,411648,43520,NaN,NaN
2026-03-31 20:59:01.948,54632,ESTAB,bbr,236,35.295,2.024,20.038,1448,26,37648,26064,18392379,18392379,14426,NaN,12719,6591,12713,35,NaN,NaN,4341432,2910112,12714,411648,43520,NaN,NaN
2026-03-31 20:59:02.229,54632,ESTAB,bbr,236,35.295,2.024,20.038,1448,26,37648,26064,18392379,18392379,14426,NaN,12719,6591,12713,35,NaN,NaN,4341432,2910112,12714,411648,43520,NaN,NaN
2026-03-31 20:59:02.501,54632,ESTAB,bbr,236,35.295,2.024,20.038,1448,26,37648,26064,18392379,18392379,14426,NaN,12719,6591,12713,35,NaN,NaN,4341432,2910112,12714,411648,43520,NaN,NaN
2026-03-31 20:59:02.756,54632,ESTAB,bbr,236,35.295,2.024,20.038,1448,26,37648,26064,18392379,18392379,14426,NaN,12720,6592,12713,35,NaN,NaN,4341432,2910112,12714,411648,43520,NaN,NaN
2026-03-31 20:59:03.019,54632,ESTAB,bbr,236,35.295,2.024,20.038,1448,26,37648,26064,18392379,18392379,14426,NaN,12720,6592,12713,35,NaN,NaN,4341432,2910112,12714,411648,43520,NaN,NaN
2026-03-31 20:59:03.281,54632,ESTAB,bbr,236,35.295,2.024,20.038,1448,26,37648,26064,18392379,18392379,14426,NaN,12720,6592,12713,35,NaN,NaN,4341432,2910112,12714,411648,43520,NaN,NaN
2026-03-31 20:59:03.538,54632,ESTAB,bbr,236,35.295,2.024,20.038,1448,26,37648,26064,18392379,18392379,14426,NaN,12720,6592,12713,35,NaN,NaN,4341432,2910112,12714,411648,43520,NaN,NaN
2026-03-31 20:59:03.794,54632,ESTAB,bbr,236,35.295,2.024,20.038,1448,26,37648,26064,18392379,18392379,14426,NaN,12720,6592,12713,35,NaN,NaN,4341432,2910112,12714,411648,43520,NaN,NaN
2026-03-31 20:59:04.038,54632,ESTAB,bbr,236,35.295,2.024,20.038,1448,26,37648,26064,18392379,18392379,14426,NaN,12720,6592,12713,35,NaN,NaN,4341432,2910112,12714,411648,43520,NaN,NaN
2026-03-31 20:59:04.285,54632,ESTAB,bbr,236,35.295,2.024,20.038,1448,26,37648,26064,18392379,18392379,14426,NaN,12720,6592,12713,35,NaN,NaN,4341432,2910112,12714,411648,43520,NaN,NaN
2026-03-31 20:59:04.545,54632,ESTAB,bbr,236,35.295,2.024,20.038,1448,26,37648,26064,18392379,18392379,14426,NaN,12720,6592,12713,35,NaN,NaN,4341432,2910112,12714,411648,43520,NaN,NaN
2026-03-31 20:59:04.820,54632,ESTAB,bbr,236,35.295,2.024,20.038,1448,26,37648,26064,18392379,18392379,14426,NaN,12720,6592,12713,35,NaN,NaN,4341432,2910112,12714,411648,43520,NaN,NaN
2026-03-31 20:59:05.083,54632,ESTAB,bbr,236,35.295,2.024,20.038,1448,26,37648,26064,18392379,18392379,14426,NaN,12720,6592,12713,35,NaN,NaN,4341432,2910112,12714,411648,43520,NaN,NaN
2026-03-31 20:59:05.345,54632,ESTAB,bbr,236,35.295,2.024,20.038,1448,26,37648,26064,18392379,18392379,14426,NaN,12720,6592,12713,35,NaN,NaN,4341432,2910112,12714,411648,43520,NaN,NaN
2026-03-31 20:59:05.606,54632,ESTAB,bbr,236,35.295,2.024,20.038,1448,26,37648,26064,18392379,18392379,14426,NaN,12720,6592,12713,35,NaN,NaN,4341432,2910112,12714,411648,43520,NaN,NaN
2026-03-31 20:59:05.877,54632,ESTAB,bbr,236,35.295,2.024,20.038,1448,26,37648,26064,18392379,18392379,14426,NaN,12720,6592,12713,35,NaN,NaN,4341432,2910112,12714,411648,43520,NaN,NaN
2026-03-31 20:59:06.157,54632,ESTAB,bbr,236,35.295,2.024,20.038,1448,26,37648,26064,18392379,18392379,14426,NaN,12720,6592,12713,35,NaN,NaN,4341432,2910112,12714,411648,43520,NaN,NaN
2026-03-31 20:59:06.429,54632,ESTAB,bbr,236,35.295,2.024,20.038,1448,26,37648,26064,18392379,18392379,14426,NaN,12720,6592,12713,35,NaN,NaN,4341432,2910112,12714,411648,43520,NaN,NaN
2026-03-31 20:59:06.684,54632,ESTAB,bbr,236,35.295,2.024,20.038,1448,26,37648,26064,18392379,18392379,14426,NaN,12720,6592,12713,35,NaN,NaN,4341432,2910112,12714,411648,43520,NaN,NaN
2026-03-31 20:59:06.929,54632,ESTAB,bbr,236,35.295,2.024,20.038,1448,26,37648,26064,18392379,18392379,14426,NaN,12720,6592,12713,35,NaN,NaN,4341432,2910112,12714,411648,43520,NaN,NaN
2026-03-31 20:59:07.173,54632,ESTAB,bbr,236,35.295,2.024,20.038,1448,26,37648,26064,18392379,18392379,14426,NaN,12720,6592,12713,35,NaN,NaN,4341432,2910112,12714,411648,43520,NaN,NaN
2026-03-31 20:59:07.419,54632,ESTAB,bbr,236,35.295,2.024,20.038,1448,26,37648,26064,18392379,18392379,14426,NaN,12720,6592,12713,35,NaN,NaN,4341432,2910112,12714,411648,43520,NaN,NaN
2026-03-31 20:59:07.674,54632,ESTAB,bbr,236,35.295,2.024,20.038,1448,26,37648,26064,18392379,18392379,14426,NaN,12720,6592,12713,35,NaN,NaN,4341432,2910112,12714,411648,43520,NaN,NaN
2026-03-31 20:59:07.938,54632,ESTAB,bbr,236,35.295,2.024,20.038,1448,26,37648,26064,18392379,18392379,14426,NaN,12720,6592,12713,35,NaN,NaN,4341432,2910112,12714,411648,43520,NaN,NaN
2026-03-31 20:59:08.191,54632,ESTAB,bbr,236,35.295,2.024,20.038,1448,26,37648,26064,18392379,18392379,14426,NaN,12720,6592,12713,35,NaN,NaN,4341432,2910112,12714,411648,43520,NaN,NaN
2026-03-31 20:59:08.444,54632,ESTAB,bbr,236,35.295,2.024,20.038,1448,26,37648,26064,18392379,18392379,14426,NaN,12720,6592,12713,35,NaN,NaN,4341432,2910112,12714,411648,43520,NaN,NaN
2026-03-31 20:59:08.698,54632,ESTAB,bbr,236,35.295,2.024,20.038,1448,26,37648,26064,18392379,18392379,14426,NaN,12720,6592,12713,35,NaN,NaN,4341432,2910112,12714,411648,43520,NaN,NaN
2026-03-31 20:59:08.952,54632,ESTAB,bbr,236,35.295,2.024,20.038,1448,26,37648,26064,18392379,18392379,14426,NaN,12720,6592,12713,35,NaN,NaN,4341432,2910112,12714,411648,43520,NaN,NaN
2026-03-31 20:59:09.218,54632,ESTAB,bbr,236,35.295,2.024,20.038,1448,26,37648,26064,18392379,18392379,14426,NaN,12720,6592,12713,35,NaN,NaN,4341432,2910112,12714,411648,43520,NaN,NaN
2026-03-31 20:59:09.470,54632,ESTAB,bbr,236,35.295,2.024,20.038,1448,26,37648,26064,18392379,18392379,14426,NaN,12720,6592,12713,35,NaN,NaN,4341432,2910112,12714,411648,43520,NaN,NaN
2026-03-31 20:59:09.727,54632,ESTAB,bbr,236,35.295,2.024,20.038,1448,26,37648,26064,18392379,18392379,14426,NaN,12720,6592,12713,35,NaN,NaN,4341432,2910112,12714,411648,43520,NaN,NaN
2026-03-31 20:59:09.980,54632,ESTAB,bbr,236,35.295,2.024,20.038,1448,26,37648,26064,18392379,18392379,14426,NaN,12720,6592,12713,35,NaN,NaN,4341432,2910112,12714,411648,43520,NaN,NaN
2026-03-31 20:59:10.235,54632,ESTAB,bbr,236,35.295,2.024,20.038,1448,26,37648,26064,18392379,18392379,14426,NaN,12720,6592,12713,35,NaN,NaN,4341432,2910112,12714,411648,43520,NaN,NaN
2026-03-31 20:59:10.481,54632,ESTAB,bbr,236,35.295,2.024,20.038,1448,26,37648,26064,18392379,18392379,14426,NaN,12720,6592,12713,35,NaN,NaN,4341432,2910112,12714,411648,43520,NaN,NaN
2026-03-31 20:59:10.743,54632,ESTAB,bbr,236,35.295,2.024,20.038,1448,26,37648,26064,18392379,18392379,14426,NaN,12720,6592,12713,35,NaN,NaN,4341432,2910112,12714,411648,43520,NaN,NaN
2026-03-31 20:59:11.010,54632,ESTAB,bbr,236,35.295,2.024,20.038,1448,26,37648,26064,18392379,18392379,14426,NaN,12720,6592,12713,35,NaN,NaN,4341432,2910112,12714,411648,43520,NaN,NaN
2026-03-31 20:59:11.264,54632,ESTAB,bbr,236,35.295,2.024,20.038,1448,26,37648,26064,18392379,18392379,14426,NaN,12720,6592,12713,35,NaN,NaN,4341432,2910112,12714,411648,43520,NaN,NaN
2026-03-31 20:59:11.526,54632,ESTAB,bbr,236,35.295,2.024,20.038,1448,26,37648,26064,18392379,18392379,14426,NaN,12720,6592,12713,35,NaN,NaN,4341432,2910112,12714,411648,43520,NaN,NaN
2026-03-31 20:59:11.785,54632,ESTAB,bbr,236,35.295,2.024,20.038,1448,26,37648,26064,18392379,18392379,14426,NaN,12720,6592,12713,35,NaN,NaN,4341432,2910112,12714,411648,43520,NaN,NaN
2026-03-31 20:59:12.043,54632,ESTAB,bbr,236,35.295,2.024,20.038,1448,26,37648,26064,18392379,18392379,14426,NaN,12720,6592,12713,35,NaN,NaN,4341432,2910112,12714,411648,43520,NaN,NaN
2026-03-31 20:59:12.306,54632,ESTAB,bbr,236,35.295,2.024,20.038,1448,26,37648,26064,18392379,18392379,14426,NaN,12720,6592,12713,35,NaN,NaN,4341432,2910112,12714,411648,43520,NaN,NaN
2026-03-31 20:59:12.567,54632,ESTAB,bbr,236,35.295,2.024,20.038,1448,26,37648,26064,18392379,18392379,14426,NaN,12720,6592,12713,35,NaN,NaN,4341432,2910112,12714,411648,43520,NaN,NaN
2026-03-31 20:59:12.822,54632,ESTAB,bbr,236,35.295,2.024,20.038,1448,26,37648,26064,18392379,18392379,14426,NaN,12720,6592,12713,35,NaN,NaN,4341432,2910112,12714,411648,43520,NaN,NaN
2026-03-31 20:59:13.072,54632,ESTAB,bbr,236,35.295,2.024,20.038,1448,26,37648,26064,18392379,18392379,14426,NaN,12720,6592,12713,35,NaN,NaN,4341432,2910112,12714,411648,43520,NaN,NaN
2026-03-31 20:59:13.334,54632,ESTAB,bbr,236,35.295,2.024,20.038,1448,26,37648,26064,18392379,18392379,14426,NaN,12720,6592,12713,35,NaN,NaN,4341432,2910112,12714,411648,43520,NaN,NaN
2026-03-31 20:59:13.601,54632,ESTAB,bbr,236,35.295,2.024,20.038,1448,26,37648,26064,18392379,18392379,14426,NaN,12720,6592,12713,35,NaN,NaN,4341432,2910112,12714,411648,43520,NaN,NaN
2026-03-31 20:59:13.868,54632,ESTAB,bbr,236,35.295,2.024,20.038,1448,26,37648,26064,18392379,18392379,14426,NaN,12720,6592,12713,35,NaN,NaN,4341432,2910112,12714,411648,43520,NaN,NaN
2026-03-31 20:59:14.124,54632,ESTAB,bbr,236,35.295,2.024,20.038,1448,26,37648,26064,18392379,18392379,14426,NaN,12720,6592,12713,35,NaN,NaN,4341432,2910112,12714,411648,43520,NaN,NaN
2026-03-31 20:59:14.385,54632,ESTAB,bbr,236,35.295,2.024,20.038,1448,26,37648,26064,18392379,18392379,14426,NaN,12720,6592,12713,35,NaN,NaN,4341432,2910112,12714,411648,43520,NaN,NaN
2026-03-31 20:59:14.651,54632,ESTAB,bbr,236,35.295,2.024,20.038,1448,26,37648,26064,18392379,18392379,14426,NaN,12720,6592,12713,35,NaN,NaN,4341432,2910112,12714,411648,43520,NaN,NaN
2026-03-31 20:59:14.908,54632,ESTAB,bbr,236,35.295,2.024,20.038,1448,26,37648,26064,18392379,18392379,14426,NaN,12720,6592,12713,35,NaN,NaN,4341432,2910112,12714,411648,43520,NaN,NaN
2026-03-31 20:59:15.171,54632,ESTAB,bbr,236,35.295,2.024,20.038,1448,26,37648,26064,18392379,18392379,14426,NaN,12720,6592,12713,35,NaN,NaN,4341432,2910112,12714,411648,43520,NaN,NaN
2026-03-31 20:59:15.449,54632,ESTAB,bbr,236,35.295,2.024,20.038,1448,26,37648,26064,18392379,18392379,14426,NaN,12720,6592,12713,35,NaN,NaN,4341432,2910112,12714,411648,43520,NaN,NaN
2026-03-31 20:59:15.701,54632,ESTAB,bbr,236,35.295,2.024,20.038,1448,26,37648,26064,18392379,18392379,14426,NaN,12720,6592,12713,35,NaN,NaN,4341432,2910112,12714,411648,43520,NaN,NaN
2026-03-31 20:59:15.955,54632,ESTAB,bbr,236,35.295,2.024,20.038,1448,26,37648,26064,18392379,18392379,14426,NaN,12720,6592,12713,35,NaN,NaN,4341432,2910112,12714,411648,43520,NaN,NaN
2026-03-31 20:59:16.227,54632,ESTAB,bbr,236,35.295,2.024,20.038,1448,26,37648,26064,18392379,18392379,14426,NaN,12720,6592,12713,35,NaN,NaN,4341432,2910112,12714,411648,43520,NaN,NaN
2026-03-31 20:59:16.482,54632,ESTAB,bbr,236,35.295,2.024,20.038,1448,26,37648,26064,18392379,18392379,14426,NaN,12720,6592,12713,35,NaN,NaN,4341432,2910112,12714,411648,43520,NaN,NaN
2026-03-31 20:59:16.742,54632,ESTAB,bbr,236,35.295,2.024,20.038,1448,26,37648,26064,18392379,18392379,14426,NaN,12720,6592,12713,35,NaN,NaN,4341432,2910112,12714,411648,43520,NaN,NaN
2026-03-31 20:59:17.008,54632,ESTAB,bbr,236,35.295,2.024,20.038,1448,26,37648,26064,18392379,18392379,14426,NaN,12720,6592,12713,35,NaN,NaN,4341432,2910112,12714,411648,43520,NaN,NaN
2026-03-31 20:59:17.266,54632,ESTAB,bbr,236,35.295,2.024,20.038,1448,26,37648,26064,18392379,18392379,14426,NaN,12720,6592,12713,35,NaN,NaN,4341432,2910112,12714,411648,43520,NaN,NaN
2026-03-31 20:59:17.515,54632,ESTAB,bbr,236,35.295,2.024,20.038,1448,26,37648,26064,18392379,18392379,14426,NaN,12720,6592,12713,35,NaN,NaN,4341432,2910112,12714,411648,43520,NaN,NaN
2026-03-31 20:59:17.771,54632,ESTAB,bbr,236,35.295,2.024,20.038,1448,26,37648,26064,18392379,18392379,14426,NaN,12720,6592,12713,35,NaN,NaN,4341432,2910112,12714,411648,43520,NaN,NaN
2026-03-31 20:59:18.032,54632,ESTAB,bbr,236,35.295,2.024,20.038,1448,26,37648,26064,18392379,18392379,14426,NaN,12721,6593,12713,35,NaN,NaN,4341432,2910112,12714,411648,43520,NaN,NaN
2026-03-31 20:59:18.283,54632,ESTAB,bbr,236,35.295,2.024,20.038,1448,26,37648,26064,18392379,18392379,14426,NaN,12721,6593,12713,35,NaN,NaN,4341432,2910112,12714,411648,43520,NaN,NaN
2026-03-31 20:59:18.552,54632,ESTAB,bbr,236,35.295,2.024,20.038,1448,26,37648,26064,18392379,18392379,14426,NaN,12721,6593,12713,35,NaN,NaN,4341432,2910112,12714,411648,43520,NaN,NaN
2026-03-31 20:59:18.809,54632,ESTAB,bbr,236,35.295,2.024,20.038,1448,26,37648,26064,18392379,18392379,14426,NaN,12721,6593,12713,35,NaN,NaN,4341432,2910112,12714,411648,43520,NaN,NaN
2026-03-31 20:59:19.071,54632,ESTAB,bbr,236,35.295,2.024,20.038,1448,26,37648,26064,18392379,18392379,14426,NaN,12721,6593,12713,35,NaN,NaN,4341432,2910112,12714,411648,43520,NaN,NaN
2026-03-31 20:59:19.350,54632,ESTAB,bbr,236,35.295,2.024,20.038,1448,26,37648,26064,18392379,18392379,14426,NaN,12722,6594,12713,35,NaN,NaN,4341432,2910112,12714,411648,43520,NaN,NaN
2026-03-31 20:59:19.599,54632,ESTAB,bbr,236,35.295,2.024,20.038,1448,26,37648,26064,18392379,18392379,14426,NaN,12722,6594,12713,35,NaN,NaN,4341432,2910112,12714,411648,43520,NaN,NaN
2026-03-31 20:59:19.858,54632,ESTAB,bbr,236,35.295,2.024,20.038,1448,26,37648,26064,18392379,18392379,14426,NaN,12722,6594,12713,35,NaN,NaN,4341432,2910112,12714,411648,43520,NaN,NaN
2026-03-31 20:59:20.117,54632,ESTAB,bbr,236,35.295,2.024,20.038,1448,26,37648,26064,18392379,18392379,14426,NaN,12722,6594,12713,35,NaN,NaN,4341432,2910112,12714,411648,43520,NaN,NaN
2026-03-31 20:59:20.371,54632,ESTAB,bbr,236,35.295,2.024,20.038,1448,26,37648,26064,18392379,18392379,14426,NaN,12722,6594,12713,35,NaN,NaN,4341432,2910112,12714,411648,43520,NaN,NaN
2026-03-31 20:59:20.623,54632,ESTAB,bbr,236,35.295,2.024,20.038,1448,26,37648,26064,18392379,18392379,14426,NaN,12722,6594,12713,35,NaN,NaN,4341432,2910112,12714,411648,43520,NaN,NaN
2026-03-31 20:59:20.885,54632,ESTAB,bbr,236,35.295,2.024,20.038,1448,26,37648,26064,18392379,18392379,14426,NaN,12722,6594,12713,35,NaN,NaN,4341432,2910112,12714,411648,43520,NaN,NaN
2026-03-31 20:59:21.155,54632,ESTAB,bbr,236,35.295,2.024,20.038,1448,26,37648,26064,18392379,18392379,14426,NaN,12722,6594,12713,35,NaN,NaN,4341432,2910112,12714,411648,43520,NaN,NaN
2026-03-31 20:59:21.423,54632,ESTAB,bbr,236,35.295,2.024,20.038,1448,26,37648,26064,18392379,18392379,14426,NaN,12722,6594,12713,35,NaN,NaN,4341432,2910112,12714,411648,43520,NaN,NaN
2026-03-31 20:59:21.683,54632,ESTAB,bbr,236,35.295,2.024,20.038,1448,26,37648,26064,18392379,18392379,14426,NaN,12722,6594,12713,35,NaN,NaN,4341432,2910112,12714,411648,43520,NaN,NaN
2026-03-31 20:59:21.936,54632,ESTAB,bbr,236,35.295,2.024,20.038,1448,26,37648,26064,18392379,18392379,14426,NaN,12722,6594,12713,35,NaN,NaN,4341432,2910112,12714,411648,43520,NaN,NaN
2026-03-31 20:59:22.182,54632,ESTAB,bbr,236,35.295,2.024,20.038,1448,26,37648,26064,18392379,18392379,14426,NaN,12722,6594,12713,35,NaN,NaN,4341432,2910112,12714,411648,43520,NaN,NaN
2026-03-31 20:59:22.443,54632,ESTAB,bbr,236,35.295,2.024,20.038,1448,26,37648,26064,18392379,18392379,14426,NaN,12722,6594,12713,35,NaN,NaN,4341432,2910112,12714,411648,43520,NaN,NaN
2026-03-31 20:59:22.706,54632,ESTAB,bbr,236,35.295,2.024,20.038,1448,26,37648,26064,18392379,18392379,14426,NaN,12722,6594,12713,35,NaN,NaN,4341432,2910112,12714,411648,43520,NaN,NaN
2026-03-31 20:59:22.968,54632,ESTAB,bbr,236,35.295,2.024,20.038,1448,26,37648,26064,18392379,18392379,14426,NaN,12722,6594,12713,35,NaN,NaN,4341432,2910112,12714,411648,43520,NaN,NaN
2026-03-31 20:59:23.214,54632,ESTAB,bbr,236,35.295,2.024,20.038,1448,26,37648,26064,18392379,18392379,14426,NaN,12722,6594,12713,35,NaN,NaN,4341432,2910112,12714,411648,43520,NaN,NaN
2026-03-31 20:59:23.458,54632,ESTAB,bbr,236,35.295,2.024,20.038,1448,26,37648,26064,18392379,18392379,14426,NaN,12722,6594,12713,35,NaN,NaN,4341432,2910112,12714,411648,43520,NaN,NaN
2026-03-31 20:59:23.717,54632,ESTAB,bbr,236,35.295,2.024,20.038,1448,26,37648,26064,18392379,18392379,14426,NaN,12722,6594,12713,35,NaN,NaN,4341432,2910112,12714,411648,43520,NaN,NaN
2026-03-31 20:59:23.964,54632,ESTAB,bbr,236,35.295,2.024,20.038,1448,26,37648,26064,18392379,18392379,14426,NaN,12722,6594,12713,35,NaN,NaN,4341432,2910112,12714,411648,43520,NaN,NaN
2026-03-31 20:59:24.216,54632,ESTAB,bbr,236,35.295,2.024,20.038,1448,26,37648,26064,18392379,18392379,14426,NaN,12722,6594,12713,35,NaN,NaN,4341432,2910112,12714,411648,43520,NaN,NaN
2026-03-31 20:59:24.477,54632,ESTAB,bbr,236,35.295,2.024,20.038,1448,26,37648,26064,18392379,18392379,14426,NaN,12722,6594,12713,35,NaN,NaN,4341432,2910112,12714,411648,43520,NaN,NaN
2026-03-31 20:59:24.730,54632,ESTAB,bbr,236,35.295,2.024,20.038,1448,26,37648,26064,18392379,18392379,14426,NaN,12722,6594,12713,35,NaN,NaN,4341432,2910112,12714,411648,43520,NaN,NaN
2026-03-31 20:59:25.000,54632,ESTAB,bbr,236,35.295,2.024,20.038,1448,26,37648,26064,18392379,18392379,14426,NaN,12722,6594,12713,35,NaN,NaN,4341432,2910112,12714,411648,43520,NaN,NaN
2026-03-31 20:59:25.249,54632,ESTAB,bbr,236,35.295,2.024,20.038,1448,26,37648,26064,18392379,18392379,14426,NaN,12722,6594,12713,35,NaN,NaN,4341432,2910112,12714,411648,43520,NaN,NaN
2026-03-31 20:59:25.514,54632,ESTAB,bbr,236,35.295,2.024,20.038,1448,26,37648,26064,18392379,18392379,14426,NaN,12722,6594,12713,35,NaN,NaN,4341432,2910112,12714,411648,43520,NaN,NaN
2026-03-31 20:59:25.775,54632,ESTAB,bbr,236,35.295,2.024,20.038,1448,26,37648,26064,18392379,18392379,14426,NaN,12722,6594,12713,35,NaN,NaN,4341432,2910112,12714,411648,43520,NaN,NaN
2026-03-31 20:59:26.038,54632,ESTAB,bbr,236,35.295,2.024,20.038,1448,26,37648,26064,18392379,18392379,14426,NaN,12722,6594,12713,35,NaN,NaN,4341432,2910112,12714,411648,43520,NaN,NaN
2026-03-31 20:59:26.299,54632,ESTAB,bbr,236,35.295,2.024,20.038,1448,26,37648,26064,18392379,18392379,14426,NaN,12722,6594,12713,35,NaN,NaN,4341432,2910112,12714,411648,43520,NaN,NaN
2026-03-31 20:59:26.560,54632,ESTAB,bbr,236,35.295,2.024,20.038,1448,26,37648,26064,18392379,18392379,14426,NaN,12722,6594,12713,35,NaN,NaN,4341432,2910112,12714,411648,43520,NaN,NaN
2026-03-31 20:59:26.827,54632,ESTAB,bbr,236,35.295,2.024,20.038,1448,26,37648,26064,18392379,18392379,14426,NaN,12722,6594,12713,35,NaN,NaN,4341432,2910112,12714,411648,43520,NaN,NaN
2026-03-31 20:59:27.103,54632,ESTAB,bbr,236,35.295,2.024,20.038,1448,26,37648,26064,18392379,18392379,14426,NaN,12722,6594,12713,35,NaN,NaN,4341432,2910112,12714,411648,43520,NaN,NaN
2026-03-31 20:59:27.368,54632,ESTAB,bbr,236,35.295,2.024,20.038,1448,26,37648,26064,18392379,18392379,14426,NaN,12722,6594,12713,35,NaN,NaN,4341432,2910112,12714,411648,43520,NaN,NaN
2026-03-31 20:59:27.628,54632,ESTAB,bbr,236,35.295,2.024,20.038,1448,26,37648,26064,18392379,18392379,14426,NaN,12722,6594,12713,35,NaN,NaN,4341432,2910112,12714,411648,43520,NaN,NaN
2026-03-31 20:59:27.886,54632,ESTAB,bbr,236,35.295,2.024,20.038,1448,26,37648,26064,18392379,18392379,14426,NaN,12722,6594,12713,35,NaN,NaN,4341432,2910112,12714,411648,43520,NaN,NaN
2026-03-31 20:59:28.126,54632,ESTAB,bbr,236,35.295,2.024,20.038,1448,26,37648,26064,18392379,18392379,14426,NaN,12722,6594,12713,35,NaN,NaN,4341432,2910112,12714,411648,43520,NaN,NaN
2026-03-31 20:59:28.367,54632,ESTAB,bbr,236,35.295,2.024,20.038,1448,26,37648,26064,18392379,18392379,14426,NaN,12722,6594,12713,35,NaN,NaN,4341432,2910112,12714,411648,43520,NaN,NaN
2026-03-31 20:59:28.609,54632,ESTAB,bbr,236,35.295,2.024,20.038,1448,26,37648,26064,18392379,18392379,14426,NaN,12722,6594,12713,35,NaN,NaN,4341432,2910112,12714,411648,43520,NaN,NaN
2026-03-31 20:59:28.870,54632,ESTAB,bbr,236,35.295,2.024,20.038,1448,26,37648,26064,18392379,18392379,14426,NaN,12722,6594,12713,35,NaN,NaN,4341432,2910112,12714,411648,43520,NaN,NaN
2026-03-31 20:59:29.128,54632,ESTAB,bbr,236,35.295,2.024,20.038,1448,26,37648,26064,18392379,18392379,14426,NaN,12722,6594,12713,35,NaN,NaN,4341432,2910112,12714,411648,43520,NaN,NaN
2026-03-31 20:59:29.379,54632,ESTAB,bbr,236,35.295,2.024,20.038,1448,26,37648,26064,18392379,18392379,14426,NaN,12722,6594,12713,35,NaN,NaN,4341432,2910112,12714,411648,43520,NaN,NaN
2026-03-31 20:59:29.636,54632,ESTAB,bbr,236,35.295,2.024,20.038,1448,26,37648,26064,18392379,18392379,14426,NaN,12722,6594,12713,35,NaN,NaN,4341432,2910112,12714,411648,43520,NaN,NaN
2026-03-31 20:59:29.894,54632,ESTAB,bbr,236,35.295,2.024,20.038,1448,26,37648,26064,18392379,18392379,14426,NaN,12722,6594,12713,35,NaN,NaN,4341432,2910112,12714,411648,43520,NaN,NaN
2026-03-31 20:59:30.151,54632,ESTAB,bbr,236,35.295,2.024,20.038,1448,26,37648,26064,18392379,18392379,14426,NaN,12722,6594,12713,35,NaN,NaN,4341432,2910112,12714,411648,43520,NaN,NaN
2026-03-31 20:59:30.407,54632,ESTAB,bbr,236,35.295,2.024,20.038,1448,26,37648,26064,18392379,18392379,14426,NaN,12722,6594,12713,35,NaN,NaN,4341432,2910112,12714,411648,43520,NaN,NaN
2026-03-31 20:59:30.675,54632,ESTAB,bbr,236,35.295,2.024,20.038,1448,26,37648,26064,18392379,18392379,14426,NaN,12722,6594,12713,35,NaN,NaN,4341432,2910112,12714,411648,43520,NaN,NaN
2026-03-31 20:59:30.933,54632,ESTAB,bbr,236,35.295,2.024,20.038,1448,26,37648,26064,18392379,18392379,14426,NaN,12722,6594,12713,35,NaN,NaN,4341432,2910112,12714,411648,43520,NaN,NaN
2026-03-31 20:59:31.182,54632,ESTAB,bbr,236,35.295,2.024,20.038,1448,26,37648,26064,18392379,18392379,14426,NaN,12722,6594,12713,35,NaN,NaN,4341432,2910112,12714,411648,43520,NaN,NaN
2026-03-31 20:59:31.444,54632,ESTAB,bbr,236,35.295,2.024,20.038,1448,26,37648,26064,18392379,18392379,14426,NaN,12722,6594,12713,35,NaN,NaN,4341432,2910112,12714,411648,43520,NaN,NaN
2026-03-31 20:59:31.698,54632,ESTAB,bbr,236,35.295,2.024,20.038,1448,26,37648,26064,18392379,18392379,14426,NaN,12722,6594,12713,35,NaN,NaN,4341432,2910112,12714,411648,43520,NaN,NaN
2026-03-31 20:59:31.944,54632,ESTAB,bbr,236,35.295,2.024,20.038,1448,26,37648,26064,18392379,18392379,14426,NaN,12722,6594,12713,35,NaN,NaN,4341432,2910112,12714,411648,43520,NaN,NaN
2026-03-31 20:59:32.216,54632,ESTAB,bbr,236,35.295,2.024,20.038,1448,26,37648,26064,18392379,18392379,14426,NaN,12722,6594,12713,35,NaN,NaN,4341432,2910112,12714,411648,43520,NaN,NaN
2026-03-31 20:59:32.465,54632,ESTAB,bbr,236,35.295,2.024,20.038,1448,26,37648,26064,18392379,18392379,14426,NaN,12722,6594,12713,35,NaN,NaN,4341432,2910112,12714,411648,43520,NaN,NaN
2026-03-31 20:59:32.726,54632,ESTAB,bbr,236,35.295,2.024,20.038,1448,26,37648,26064,18392379,18392379,14426,NaN,12722,6594,12713,35,NaN,NaN,4341432,2910112,12714,411648,43520,NaN,NaN
2026-03-31 20:59:32.988,54632,ESTAB,bbr,236,35.295,2.024,20.038,1448,26,37648,26064,18392379,18392379,14426,NaN,12723,6595,12713,35,NaN,NaN,4341432,2910112,12714,411648,43520,NaN,NaN
2026-03-31 20:59:33.256,54632,ESTAB,bbr,236,35.295,2.024,20.038,1448,26,37648,26064,18392379,18392379,14426,NaN,12723,6595,12713,35,NaN,NaN,4341432,2910112,12714,411648,43520,NaN,NaN
2026-03-31 20:59:33.520,54632,ESTAB,bbr,236,35.295,2.024,20.038,1448,26,37648,26064,18392379,18392379,14426,NaN,12723,6595,12713,35,NaN,NaN,4341432,2910112,12714,411648,43520,NaN,NaN
2026-03-31 20:59:33.777,54632,ESTAB,bbr,236,35.295,2.024,20.038,1448,26,37648,26064,18392379,18392379,14426,NaN,12723,6595,12713,35,NaN,NaN,4341432,2910112,12714,411648,43520,NaN,NaN
2026-03-31 20:59:34.032,54632,ESTAB,bbr,236,35.295,2.024,20.038,1448,26,37648,26064,18392379,18392379,14426,NaN,12723,6595,12713,35,NaN,NaN,4341432,2910112,12714,411648,43520,NaN,NaN
2026-03-31 20:59:34.286,54632,ESTAB,bbr,236,35.295,2.024,20.038,1448,26,37648,26064,18392379,18392379,14426,NaN,12723,6595,12713,35,NaN,NaN,4341432,2910112,12714,411648,43520,NaN,NaN
2026-03-31 20:59:34.542,54632,ESTAB,bbr,236,35.295,2.024,20.038,1448,26,37648,26064,18392379,18392379,14426,NaN,12723,6595,12713,35,NaN,NaN,4341432,2910112,12714,411648,43520,NaN,NaN
2026-03-31 20:59:34.774,54632,ESTAB,bbr,236,35.295,2.024,20.038,1448,26,37648,26064,18392379,18392379,14426,NaN,12723,6595,12713,35,NaN,NaN,4341432,2910112,12714,411648,43520,NaN,NaN
2026-03-31 20:59:35.013,54632,ESTAB,bbr,236,35.295,2.024,20.038,1448,26,37648,26064,18392379,18392379,14426,NaN,12723,6595,12713,35,NaN,NaN,4341432,2910112,12714,411648,43520,NaN,NaN
2026-03-31 20:59:35.249,54632,ESTAB,bbr,236,35.295,2.024,20.038,1448,26,37648,26064,18392379,18392379,14426,NaN,12723,6595,12713,35,NaN,NaN,4341432,2910112,12714,411648,43520,NaN,NaN
2026-03-31 20:59:35.482,54632,ESTAB,bbr,236,35.295,2.024,20.038,1448,26,37648,26064,18392379,18392379,14426,NaN,12723,6595,12713,35,NaN,NaN,4341432,2910112,12714,411648,43520,NaN,NaN
2026-03-31 20:59:35.745,54632,ESTAB,bbr,236,35.295,2.024,20.038,1448,26,37648,26064,18392379,18392379,14426,NaN,12723,6595,12713,35,NaN,NaN,4341432,2910112,12714,411648,43520,NaN,NaN
2026-03-31 20:59:36.004,54632,ESTAB,bbr,236,35.295,2.024,20.038,1448,26,37648,26064,18392379,18392379,14426,NaN,12723,6595,12713,35,NaN,NaN,4341432,2910112,12714,411648,43520,NaN,NaN
2026-03-31 20:59:36.241,54632,ESTAB,bbr,236,35.295,2.024,20.038,1448,26,37648,26064,18392379,18392379,14426,NaN,12723,6595,12713,35,NaN,NaN,4341432,2910112,12714,411648,43520,NaN,NaN
2026-03-31 20:59:36.482,54632,ESTAB,bbr,236,35.295,2.024,20.038,1448,26,37648,26064,18392379,18392379,14426,NaN,12723,6595,12713,35,NaN,NaN,4341432,2910112,12714,411648,43520,NaN,NaN
2026-03-31 20:59:36.744,54632,ESTAB,bbr,236,35.295,2.024,20.038,1448,26,37648,26064,18392379,18392379,14426,NaN,12723,6595,12713,35,NaN,NaN,4341432,2910112,12714,411648,43520,NaN,NaN
2026-03-31 20:59:37.006,54632,ESTAB,bbr,236,35.295,2.024,20.038,1448,26,37648,26064,18392379,18392379,14426,NaN,12723,6595,12713,35,NaN,NaN,4341432,2910112,12714,411648,43520,NaN,NaN
2026-03-31 20:59:37.268,54632,ESTAB,bbr,236,35.295,2.024,20.038,1448,26,37648,26064,18392379,18392379,14426,NaN,12723,6595,12713,35,NaN,NaN,4341432,2910112,12714,411648,43520,NaN,NaN
2026-03-31 20:59:37.530,54632,ESTAB,bbr,236,35.295,2.024,20.038,1448,26,37648,26064,18392379,18392379,14426,NaN,12723,6595,12713,35,NaN,NaN,4341432,2910112,12714,411648,43520,NaN,NaN
2026-03-31 20:59:37.791,54632,ESTAB,bbr,236,35.295,2.024,20.038,1448,26,37648,26064,18392379,18392379,14426,NaN,12723,6595,12713,35,NaN,NaN,4341432,2910112,12714,411648,43520,NaN,NaN
2026-03-31 20:59:38.054,54632,ESTAB,bbr,236,35.295,2.024,20.038,1448,26,37648,26064,18392379,18392379,14426,NaN,12723,6595,12713,35,NaN,NaN,4341432,2910112,12714,411648,43520,NaN,NaN
2026-03-31 20:59:38.314,54632,ESTAB,bbr,236,35.295,2.024,20.038,1448,26,37648,26064,18392379,18392379,14426,NaN,12723,6595,12713,35,NaN,NaN,4341432,2910112,12714,411648,43520,NaN,NaN
2026-03-31 20:59:38.575,54632,ESTAB,bbr,236,35.295,2.024,20.038,1448,26,37648,26064,18392379,18392379,14426,NaN,12723,6595,12713,35,NaN,NaN,4341432,2910112,12714,411648,43520,NaN,NaN
2026-03-31 20:59:38.836,54632,ESTAB,bbr,236,35.295,2.024,20.038,1448,26,37648,26064,18392379,18392379,14426,NaN,12723,6595,12713,35,NaN,NaN,4341432,2910112,12714,411648,43520,NaN,NaN
2026-03-31 20:59:39.088,54632,ESTAB,bbr,236,35.295,2.024,20.038,1448,26,37648,26064,18392379,18392379,14426,NaN,12723,6595,12713,35,NaN,NaN,4341432,2910112,12714,411648,43520,NaN,NaN
2026-03-31 20:59:39.334,54632,ESTAB,bbr,236,35.295,2.024,20.038,1448,26,37648,26064,18392379,18392379,14426,NaN,12723,6595,12713,35,NaN,NaN,4341432,2910112,12714,411648,43520,NaN,NaN
2026-03-31 20:59:39.600,54632,ESTAB,bbr,236,35.295,2.024,20.038,1448,26,37648,26064,18392379,18392379,14426,NaN,12723,6595,12713,35,NaN,NaN,4341432,2910112,12714,411648,43520,NaN,NaN
2026-03-31 20:59:39.848,54632,ESTAB,bbr,236,35.295,2.024,20.038,1448,26,37648,26064,18392379,18392379,14426,NaN,12723,6595,12713,35,NaN,NaN,4341432,2910112,12714,411648,43520,NaN,NaN
2026-03-31 20:59:40.091,54632,ESTAB,bbr,236,35.295,2.024,20.038,1448,26,37648,26064,18392379,18392379,14426,NaN,12723,6595,12713,35,NaN,NaN,4341432,2910112,12714,411648,43520,NaN,NaN
2026-03-31 20:59:40.332,54632,ESTAB,bbr,236,35.295,2.024,20.038,1448,26,37648,26064,18392379,18392379,14426,NaN,12723,6595,12713,35,NaN,NaN,4341432,2910112,12714,411648,43520,NaN,NaN
2026-03-31 20:59:40.595,54632,ESTAB,bbr,236,35.295,2.024,20.038,1448,26,37648,26064,18392379,18392379,14426,NaN,12723,6595,12713,35,NaN,NaN,4341432,2910112,12714,411648,43520,NaN,NaN
2026-03-31 20:59:40.856,54632,ESTAB,bbr,236,35.295,2.024,20.038,1448,26,37648,26064,18392379,18392379,14426,NaN,12723,6595,12713,35,NaN,NaN,4341432,2910112,12714,411648,43520,NaN,NaN
2026-03-31 20:59:41.118,54632,ESTAB,bbr,236,35.295,2.024,20.038,1448,26,37648,26064,18392379,18392379,14426,NaN,12723,6595,12713,35,NaN,NaN,4341432,2910112,12714,411648,43520,NaN,NaN
2026-03-31 20:59:41.380,54632,ESTAB,bbr,236,35.295,2.024,20.038,1448,26,37648,26064,18392379,18392379,14426,NaN,12723,6595,12713,35,NaN,NaN,4341432,2910112,12714,411648,43520,NaN,NaN
2026-03-31 20:59:41.642,54632,ESTAB,bbr,236,35.295,2.024,20.038,1448,26,37648,26064,18392379,18392379,14426,NaN,12723,6595,12713,35,NaN,NaN,4341432,2910112,12714,411648,43520,NaN,NaN
2026-03-31 20:59:41.892,54632,ESTAB,bbr,236,35.295,2.024,20.038,1448,26,37648,26064,18392379,18392379,14426,NaN,12723,6595,12713,35,NaN,NaN,4341432,2910112,12714,411648,43520,NaN,NaN
2026-03-31 20:59:42.123,54632,ESTAB,bbr,236,35.295,2.024,20.038,1448,26,37648,26064,18392379,18392379,14426,NaN,12723,6595,12713,35,NaN,NaN,4341432,2910112,12714,411648,43520,NaN,NaN
2026-03-31 20:59:42.377,54632,ESTAB,bbr,236,35.295,2.024,20.038,1448,26,37648,26064,18392379,18392379,14426,NaN,12723,6595,12713,35,NaN,NaN,4341432,2910112,12714,411648,43520,NaN,NaN
2026-03-31 20:59:42.639,54632,ESTAB,bbr,236,35.295,2.024,20.038,1448,26,37648,26064,18392379,18392379,14426,NaN,12723,6595,12713,35,NaN,NaN,4341432,2910112,12714,411648,43520,NaN,NaN
2026-03-31 20:59:42.887,54632,ESTAB,bbr,236,35.295,2.024,20.038,1448,26,37648,26064,18392379,18392379,14426,NaN,12723,6595,12713,35,NaN,NaN,4341432,2910112,12714,411648,43520,NaN,NaN
2026-03-31 20:59:43.134,54632,ESTAB,bbr,236,35.295,2.024,20.038,1448,26,37648,26064,18392379,18392379,14426,NaN,12723,6595,12713,35,NaN,NaN,4341432,2910112,12714,411648,43520,NaN,NaN
2026-03-31 20:59:43.393,54632,ESTAB,bbr,236,35.295,2.024,20.038,1448,26,37648,26064,18392379,18392379,14426,NaN,12723,6595,12713,35,NaN,NaN,4341432,2910112,12714,411648,43520,NaN,NaN
2026-03-31 20:59:43.663,54632,ESTAB,bbr,236,35.295,2.024,20.038,1448,26,37648,26064,18392379,18392379,14426,NaN,12723,6595,12713,35,NaN,NaN,4341432,2910112,12714,411648,43520,NaN,NaN
2026-03-31 20:59:43.937,54632,ESTAB,bbr,236,35.295,2.024,20.038,1448,26,37648,26064,18392379,18392379,14426,NaN,12723,6595,12713,35,NaN,NaN,4341432,2910112,12714,411648,43520,NaN,NaN
2026-03-31 20:59:44.202,54632,ESTAB,bbr,236,35.295,2.024,20.038,1448,26,37648,26064,18392379,18392379,14426,NaN,12723,6595,12713,35,NaN,NaN,4341432,2910112,12714,411648,43520,NaN,NaN
2026-03-31 20:59:44.448,54632,ESTAB,bbr,236,35.295,2.024,20.038,1448,26,37648,26064,18392379,18392379,14426,NaN,12723,6595,12713,35,NaN,NaN,4341432,2910112,12714,411648,43520,NaN,NaN
2026-03-31 20:59:44.697,54632,ESTAB,bbr,236,35.295,2.024,20.038,1448,26,37648,26064,18392379,18392379,14426,NaN,12723,6595,12713,35,NaN,NaN,4341432,2910112,12714,411648,43520,NaN,NaN
2026-03-31 20:59:44.951,54632,ESTAB,bbr,236,35.295,2.024,20.038,1448,26,37648,26064,18392379,18392379,14426,NaN,12723,6595,12713,35,NaN,NaN,4341432,2910112,12714,411648,43520,NaN,NaN
2026-03-31 20:59:45.220,54632,ESTAB,bbr,236,35.295,2.024,20.038,1448,26,37648,26064,18392379,18392379,14426,NaN,12723,6595,12713,35,NaN,NaN,4341432,2910112,12714,411648,43520,NaN,NaN
2026-03-31 20:59:45.490,54632,ESTAB,bbr,236,35.295,2.024,20.038,1448,26,37648,26064,18392379,18392379,14426,NaN,12723,6595,12713,35,NaN,NaN,4341432,2910112,12714,411648,43520,NaN,NaN
2026-03-31 20:59:45.751,54632,ESTAB,bbr,236,35.295,2.024,20.038,1448,26,37648,26064,18392379,18392379,14426,NaN,12723,6595,12713,35,NaN,NaN,4341432,2910112,12714,411648,43520,NaN,NaN
2026-03-31 20:59:46.013,54632,ESTAB,bbr,236,35.295,2.024,20.038,1448,26,37648,26064,18392379,18392379,14426,NaN,12723,6595,12713,35,NaN,NaN,4341432,2910112,12714,411648,43520,NaN,NaN
2026-03-31 20:59:46.276,54632,ESTAB,bbr,236,35.295,2.024,20.038,1448,26,37648,26064,18392379,18392379,14426,NaN,12723,6595,12713,35,NaN,NaN,4341432,2910112,12714,411648,43520,NaN,NaN
2026-03-31 20:59:46.535,54632,ESTAB,bbr,236,35.295,2.024,20.038,1448,26,37648,26064,18392379,18392379,14426,NaN,12723,6595,12713,35,NaN,NaN,4341432,2910112,12714,411648,43520,NaN,NaN
2026-03-31 20:59:46.798,54632,ESTAB,bbr,236,35.295,2.024,20.038,1448,26,37648,26064,18392379,18392379,14426,NaN,12723,6595,12713,35,NaN,NaN,4341432,2910112,12714,411648,43520,NaN,NaN
2026-03-31 20:59:47.055,54632,ESTAB,bbr,236,35.295,2.024,20.038,1448,26,37648,26064,18392379,18392379,14426,NaN,12723,6595,12713,35,NaN,NaN,4341432,2910112,12714,411648,43520,NaN,NaN
2026-03-31 20:59:47.313,54632,ESTAB,bbr,236,35.295,2.024,20.038,1448,26,37648,26064,18392379,18392379,14426,NaN,12723,6595,12713,35,NaN,NaN,4341432,2910112,12714,411648,43520,NaN,NaN
2026-03-31 20:59:47.568,54632,ESTAB,bbr,236,35.295,2.024,20.038,1448,26,37648,26064,18392379,18392379,14426,NaN,12723,6595,12713,35,NaN,NaN,4341432,2910112,12714,411648,43520,NaN,NaN
2026-03-31 20:59:47.836,54632,ESTAB,bbr,236,35.295,2.024,20.038,1448,26,37648,26064,18392379,18392379,14426,NaN,12723,6595,12713,35,NaN,NaN,4341432,2910112,12714,411648,43520,NaN,NaN
2026-03-31 20:59:48.098,54632,ESTAB,bbr,236,35.295,2.024,20.038,1448,26,37648,26064,18392379,18392379,14426,NaN,12724,6596,12713,35,NaN,NaN,4341432,2910112,12714,411648,43520,NaN,NaN
2026-03-31 20:59:48.354,54632,ESTAB,bbr,236,35.295,2.024,20.038,1448,26,37648,26064,18392379,18392379,14426,NaN,12724,6596,12713,35,NaN,NaN,4341432,2910112,12714,411648,43520,NaN,NaN
2026-03-31 20:59:48.620,54632,ESTAB,bbr,236,35.295,2.024,20.038,1448,26,37648,26064,18392379,18392379,14426,NaN,12724,6596,12713,35,NaN,NaN,4341432,2910112,12714,411648,43520,NaN,NaN
2026-03-31 20:59:48.886,54632,ESTAB,bbr,236,35.295,2.024,20.038,1448,26,37648,26064,18392379,18392379,14426,NaN,12724,6596,12713,35,NaN,NaN,4341432,2910112,12714,411648,43520,NaN,NaN
2026-03-31 20:59:49.143,54632,ESTAB,bbr,236,35.295,2.024,20.038,1448,26,37648,26064,18392379,18392379,14426,NaN,12724,6596,12713,35,NaN,NaN,4341432,2910112,12714,411648,43520,NaN,NaN
2026-03-31 20:59:49.424,54632,ESTAB,bbr,236,35.295,2.024,20.038,1448,26,37648,26064,18392379,18392379,14426,NaN,12724,6596,12713,35,NaN,NaN,4341432,2910112,12714,411648,43520,NaN,NaN
2026-03-31 20:59:49.691,54632,ESTAB,bbr,236,35.295,2.024,20.038,1448,26,37648,26064,18392379,18392379,14426,NaN,12724,6596,12713,35,NaN,NaN,4341432,2910112,12714,411648,43520,NaN,NaN
2026-03-31 20:59:49.962,54632,ESTAB,bbr,236,35.295,2.024,20.038,1448,26,37648,26064,18392379,18392379,14426,NaN,12724,6596,12713,35,NaN,NaN,4341432,2910112,12714,411648,43520,NaN,NaN
2026-03-31 20:59:50.227,54632,ESTAB,bbr,236,35.295,2.024,20.038,1448,26,37648,26064,18392379,18392379,14426,NaN,12724,6596,12713,35,NaN,NaN,4341432,2910112,12714,411648,43520,NaN,NaN
2026-03-31 20:59:50.483,54632,ESTAB,bbr,236,35.295,2.024,20.038,1448,26,37648,26064,18392379,18392379,14426,NaN,12724,6596,12713,35,NaN,NaN,4341432,2910112,12714,411648,43520,NaN,NaN
2026-03-31 20:59:50.740,54632,ESTAB,bbr,236,35.295,2.024,20.038,1448,26,37648,26064,18392379,18392379,14426,NaN,12724,6596,12713,35,NaN,NaN,4341432,2910112,12714,411648,43520,NaN,NaN
2026-03-31 20:59:50.997,54632,ESTAB,bbr,236,35.295,2.024,20.038,1448,26,37648,26064,18392379,18392379,14426,NaN,12724,6596,12713,35,NaN,NaN,4341432,2910112,12714,411648,43520,NaN,NaN
2026-03-31 20:59:51.254,54632,ESTAB,bbr,236,35.295,2.024,20.038,1448,26,37648,26064,18392379,18392379,14426,NaN,12724,6596,12713,35,NaN,NaN,4341432,2910112,12714,411648,43520,NaN,NaN
2026-03-31 20:59:51.516,54632,ESTAB,bbr,236,35.295,2.024,20.038,1448,26,37648,26064,18392379,18392379,14426,NaN,12724,6596,12713,35,NaN,NaN,4341432,2910112,12714,411648,43520,NaN,NaN
2026-03-31 20:59:51.785,54632,ESTAB,bbr,236,35.295,2.024,20.038,1448,26,37648,26064,18392379,18392379,14426,NaN,12724,6596,12713,35,NaN,NaN,4341432,2910112,12714,411648,43520,NaN,NaN
2026-03-31 20:59:52.047,54632,ESTAB,bbr,236,35.295,2.024,20.038,1448,26,37648,26064,18392379,18392379,14426,NaN,12724,6596,12713,35,NaN,NaN,4341432,2910112,12714,411648,43520,NaN,NaN
2026-03-31 20:59:52.309,54632,ESTAB,bbr,236,35.295,2.024,20.038,1448,26,37648,26064,18392379,18392379,14426,NaN,12724,6596,12713,35,NaN,NaN,4341432,2910112,12714,411648,43520,NaN,NaN
2026-03-31 20:59:52.574,54632,ESTAB,bbr,236,35.295,2.024,20.038,1448,26,37648,26064,18392379,18392379,14426,NaN,12724,6596,12713,35,NaN,NaN,4341432,2910112,12714,411648,43520,NaN,NaN
2026-03-31 20:59:52.840,54632,ESTAB,bbr,236,35.295,2.024,20.038,1448,26,37648,26064,18392379,18392379,14426,NaN,12724,6596,12713,35,NaN,NaN,4341432,2910112,12714,411648,43520,NaN,NaN
2026-03-31 20:59:53.093,54632,ESTAB,bbr,236,35.295,2.024,20.038,1448,26,37648,26064,18392379,18392379,14426,NaN,12724,6596,12713,35,NaN,NaN,4341432,2910112,12714,411648,43520,NaN,NaN
2026-03-31 20:59:53.346,54632,ESTAB,bbr,236,35.295,2.024,20.038,1448,26,37648,26064,18392379,18392379,14426,NaN,12724,6596,12713,35,NaN,NaN,4341432,2910112,12714,411648,43520,NaN,NaN
2026-03-31 20:59:53.598,54632,ESTAB,bbr,236,35.295,2.024,20.038,1448,26,37648,26064,18392379,18392379,14426,NaN,12724,6596,12713,35,NaN,NaN,4341432,2910112,12714,411648,43520,NaN,NaN
2026-03-31 20:59:53.849,54632,ESTAB,bbr,236,35.295,2.024,20.038,1448,26,37648,26064,18392379,18392379,14426,NaN,12724,6596,12713,35,NaN,NaN,4341432,2910112,12714,411648,43520,NaN,NaN
2026-03-31 20:59:54.103,54632,ESTAB,bbr,236,35.295,2.024,20.038,1448,26,37648,26064,18392379,18392379,14426,NaN,12724,6596,12713,35,NaN,NaN,4341432,2910112,12714,411648,43520,NaN,NaN
2026-03-31 20:59:54.371,54632,ESTAB,bbr,236,35.295,2.024,20.038,1448,26,37648,26064,18392379,18392379,14426,NaN,12724,6596,12713,35,NaN,NaN,4341432,2910112,12714,411648,43520,NaN,NaN
2026-03-31 20:59:54.627,54632,ESTAB,bbr,236,35.295,2.024,20.038,1448,26,37648,26064,18392379,18392379,14426,NaN,12724,6596,12713,35,NaN,NaN,4341432,2910112,12714,411648,43520,NaN,NaN
2026-03-31 20:59:54.887,54632,ESTAB,bbr,236,35.295,2.024,20.038,1448,26,37648,26064,18392379,18392379,14426,NaN,12724,6596,12713,35,NaN,NaN,4341432,2910112,12714,411648,43520,NaN,NaN
2026-03-31 20:59:55.142,54632,ESTAB,bbr,236,35.295,2.024,20.038,1448,26,37648,26064,18392379,18392379,14426,NaN,12724,6596,12713,35,NaN,NaN,4341432,2910112,12714,411648,43520,NaN,NaN
2026-03-31 20:59:55.413,54632,ESTAB,bbr,236,35.295,2.024,20.038,1448,26,37648,26064,18392379,18392379,14426,NaN,12724,6596,12713,35,NaN,NaN,4341432,2910112,12714,411648,43520,NaN,NaN
2026-03-31 20:59:55.667,54632,ESTAB,bbr,236,35.295,2.024,20.038,1448,26,37648,26064,18392379,18392379,14426,NaN,12724,6596,12713,35,NaN,NaN,4341432,2910112,12714,411648,43520,NaN,NaN
2026-03-31 20:59:55.935,54632,ESTAB,bbr,236,35.295,2.024,20.038,1448,26,37648,26064,18392379,18392379,14426,NaN,12724,6596,12713,35,NaN,NaN,4341432,2910112,12714,411648,43520,NaN,NaN
2026-03-31 20:59:56.195,54632,ESTAB,bbr,236,35.295,2.024,20.038,1448,26,37648,26064,18392379,18392379,14426,NaN,12724,6596,12713,35,NaN,NaN,4341432,2910112,12714,411648,43520,NaN,NaN
2026-03-31 20:59:56.441,54632,ESTAB,bbr,236,35.295,2.024,20.038,1448,26,37648,26064,18392379,18392379,14426,NaN,12724,6596,12713,35,NaN,NaN,4341432,2910112,12714,411648,43520,NaN,NaN
2026-03-31 20:59:56.684,54632,ESTAB,bbr,236,35.295,2.024,20.038,1448,26,37648,26064,18392379,18392379,14426,NaN,12724,6596,12713,35,NaN,NaN,4341432,2910112,12714,411648,43520,NaN,NaN
2026-03-31 20:59:56.925,54632,ESTAB,bbr,236,35.295,2.024,20.038,1448,26,37648,26064,18392379,18392379,14426,NaN,12724,6596,12713,35,NaN,NaN,4341432,2910112,12714,411648,43520,NaN,NaN
2026-03-31 20:59:57.196,54632,ESTAB,bbr,236,35.295,2.024,20.038,1448,26,37648,26064,18392379,18392379,14426,NaN,12724,6596,12713,35,NaN,NaN,4341432,2910112,12714,411648,43520,NaN,NaN
2026-03-31 20:59:57.457,54632,ESTAB,bbr,236,35.295,2.024,20.038,1448,26,37648,26064,18392379,18392379,14426,NaN,12724,6596,12713,35,NaN,NaN,4341432,2910112,12714,411648,43520,NaN,NaN
2026-03-31 20:59:57.718,54632,ESTAB,bbr,236,35.295,2.024,20.038,1448,26,37648,26064,18392379,18392379,14426,NaN,12724,6596,12713,35,NaN,NaN,4341432,2910112,12714,411648,43520,NaN,NaN
2026-03-31 20:59:57.980,54632,ESTAB,bbr,236,35.295,2.024,20.038,1448,26,37648,26064,18392379,18392379,14426,NaN,12724,6596,12713,35,NaN,NaN,4341432,2910112,12714,411648,43520,NaN,NaN
2026-03-31 20:59:58.241,54632,ESTAB,bbr,236,35.295,2.024,20.038,1448,26,37648,26064,18392379,18392379,14426,NaN,12724,6596,12713,35,NaN,NaN,4341432,2910112,12714,411648,43520,NaN,NaN
2026-03-31 20:59:58.501,54632,ESTAB,bbr,236,35.295,2.024,20.038,1448,26,37648,26064,18392379,18392379,14426,NaN,12724,6596,12713,35,NaN,NaN,4341432,2910112,12714,411648,43520,NaN,NaN
2026-03-31 20:59:58.763,54632,ESTAB,bbr,236,35.295,2.024,20.038,1448,26,37648,26064,18392379,18392379,14426,NaN,12724,6596,12713,35,NaN,NaN,4341432,2910112,12714,411648,43520,NaN,NaN
2026-03-31 20:59:59.022,54632,ESTAB,bbr,236,35.295,2.024,20.038,1448,26,37648,26064,18392379,18392379,14426,NaN,12724,6596,12713,35,NaN,NaN,4341432,2910112,12714,411648,43520,NaN,NaN
2026-03-31 20:59:59.284,54632,ESTAB,bbr,236,35.295,2.024,20.038,1448,26,37648,26064,18392379,18392379,14426,NaN,12724,6596,12713,35,NaN,NaN,4341432,2910112,12714,411648,43520,NaN,NaN
2026-03-31 20:59:59.547,54632,ESTAB,bbr,236,35.295,2.024,20.038,1448,26,37648,26064,18392379,18392379,14426,NaN,12724,6596,12713,35,NaN,NaN,4341432,2910112,12714,411648,43520,NaN,NaN
2026-03-31 20:59:59.819,54632,ESTAB,bbr,236,35.295,2.024,20.038,1448,26,37648,26064,18392379,18392379,14426,NaN,12724,6596,12713,35,NaN,NaN,4341432,2910112,12714,411648,43520,NaN,NaN
2026-03-31 21:00:00.096,54632,ESTAB,bbr,236,35.295,2.024,20.038,1448,26,37648,26064,18392379,18392379,14426,NaN,12724,6596,12713,35,NaN,NaN,4341432,2910112,12714,411648,43520,NaN,NaN
2026-03-31 21:00:00.357,54632,ESTAB,bbr,236,35.295,2.024,20.038,1448,26,37648,26064,18392379,18392379,14426,NaN,12724,6596,12713,35,NaN,NaN,4341432,2910112,12714,411648,43520,NaN,NaN
2026-03-31 21:00:00.624,54632,ESTAB,bbr,236,35.295,2.024,20.038,1448,26,37648,26064,18392379,18392379,14426,NaN,12724,6596,12713,35,NaN,NaN,4341432,2910112,12714,411648,43520,NaN,NaN
2026-03-31 21:00:00.890,54632,ESTAB,bbr,236,35.295,2.024,20.038,1448,26,37648,26064,18392379,18392379,14426,NaN,12724,6596,12713,35,NaN,NaN,4341432,2910112,12714,411648,43520,NaN,NaN
2026-03-31 21:00:01.139,54632,ESTAB,bbr,236,35.295,2.024,20.038,1448,26,37648,26064,18392379,18392379,14426,NaN,12724,6596,12713,35,NaN,NaN,4341432,2910112,12714,411648,43520,NaN,NaN
2026-03-31 21:00:01.391,54632,ESTAB,bbr,236,35.295,2.024,20.038,1448,26,37648,26064,18392379,18392379,14426,NaN,12724,6596,12713,35,NaN,NaN,4341432,2910112,12714,411648,43520,NaN,NaN
2026-03-31 21:00:01.662,54632,ESTAB,bbr,236,35.295,2.024,20.038,1448,26,37648,26064,18392379,18392379,14426,NaN,12724,6596,12713,35,NaN,NaN,4341432,2910112,12714,411648,43520,NaN,NaN
2026-03-31 21:00:01.936,54632,ESTAB,bbr,236,35.295,2.024,20.038,1448,26,37648,26064,18392379,18392379,14426,NaN,12724,6596,12713,35,NaN,NaN,4341432,2910112,12714,411648,43520,NaN,NaN
2026-03-31 21:00:02.198,54632,ESTAB,bbr,236,35.295,2.024,20.038,1448,26,37648,26064,18392379,18392379,14426,NaN,12724,6596,12713,35,NaN,NaN,4341432,2910112,12714,411648,43520,NaN,NaN
2026-03-31 21:00:02.459,54632,ESTAB,bbr,236,35.295,2.024,20.038,1448,26,37648,26064,18392379,18392379,14426,NaN,12724,6596,12713,35,NaN,NaN,4341432,2910112,12714,411648,43520,NaN,NaN
2026-03-31 21:00:02.730,54632,ESTAB,bbr,236,35.295,2.024,20.038,1448,26,37648,26064,18392379,18392379,14426,NaN,12724,6596,12713,35,NaN,NaN,4341432,2910112,12714,411648,43520,NaN,NaN
2026-03-31 21:00:03.013,54632,ESTAB,bbr,236,35.295,2.024,20.038,1448,26,37648,26064,18392379,18392379,14426,NaN,12724,6596,12713,35,NaN,NaN,4341432,2910112,12714,411648,43520,NaN,NaN
2026-03-31 21:00:03.269,54632,ESTAB,bbr,236,35.295,2.024,20.038,1448,26,37648,26064,18392379,18392379,14426,NaN,12725,6597,12713,35,NaN,NaN,4341432,2910112,12714,411648,43520,NaN,NaN
2026-03-31 21:00:03.544,54632,ESTAB,bbr,236,35.295,2.024,20.038,1448,26,37648,26064,18392379,18392379,14426,NaN,12725,6597,12713,35,NaN,NaN,4341432,2910112,12714,411648,43520,NaN,NaN
2026-03-31 21:00:03.822,54632,ESTAB,bbr,236,35.295,2.024,20.038,1448,26,37648,26064,18392379,18392379,14426,NaN,12725,6597,12713,35,NaN,NaN,4341432,2910112,12714,411648,43520,NaN,NaN
2026-03-31 21:00:04.076,54632,ESTAB,bbr,236,35.295,2.024,20.038,1448,26,37648,26064,18392379,18392379,14426,NaN,12725,6597,12713,35,NaN,NaN,4341432,2910112,12714,411648,43520,NaN,NaN
2026-03-31 21:00:04.323,54632,ESTAB,bbr,236,35.295,2.024,20.038,1448,26,37648,26064,18392379,18392379,14426,NaN,12725,6597,12713,35,NaN,NaN,4341432,2910112,12714,411648,43520,NaN,NaN
2026-03-31 21:00:04.590,54632,ESTAB,bbr,236,35.295,2.024,20.038,1448,26,37648,26064,18392379,18392379,14426,NaN,12726,6598,12713,35,NaN,NaN,4341432,2910112,12714,411648,43520,NaN,NaN
2026-03-31 21:00:04.857,54632,ESTAB,bbr,236,35.295,2.024,20.038,1448,26,37648,26064,18392379,18392379,14426,NaN,12726,6598,12713,35,NaN,NaN,4341432,2910112,12714,411648,43520,NaN,NaN
2026-03-31 21:00:05.123,54632,ESTAB,bbr,236,35.295,2.024,20.038,1448,26,37648,26064,18392379,18392379,14426,NaN,12726,6598,12713,35,NaN,NaN,4341432,2910112,12714,411648,43520,NaN,NaN
2026-03-31 21:00:05.390,54632,ESTAB,bbr,236,35.295,2.024,20.038,1448,26,37648,26064,18392379,18392379,14426,NaN,12726,6598,12713,35,NaN,NaN,4341432,2910112,12714,411648,43520,NaN,NaN
2026-03-31 21:00:05.659,54632,ESTAB,bbr,236,35.295,2.024,20.038,1448,26,37648,26064,18392379,18392379,14426,NaN,12726,6598,12713,35,NaN,NaN,4341432,2910112,12714,411648,43520,NaN,NaN
2026-03-31 21:00:05.926,54632,ESTAB,bbr,236,35.295,2.024,20.038,1448,26,37648,26064,18392379,18392379,14426,NaN,12726,6598,12713,35,NaN,NaN,4341432,2910112,12714,411648,43520,NaN,NaN
2026-03-31 21:00:06.189,54632,ESTAB,bbr,236,35.295,2.024,20.038,1448,26,37648,26064,18392379,18392379,14426,NaN,12726,6598,12713,35,NaN,NaN,4341432,2910112,12714,411648,43520,NaN,NaN
2026-03-31 21:00:06.443,54632,ESTAB,bbr,236,35.295,2.024,20.038,1448,26,37648,26064,18392379,18392379,14426,NaN,12726,6598,12713,35,NaN,NaN,4341432,2910112,12714,411648,43520,NaN,NaN
2026-03-31 21:00:06.690,54632,ESTAB,bbr,236,35.295,2.024,20.038,1448,26,37648,26064,18392379,18392379,14426,NaN,12726,6598,12713,35,NaN,NaN,4341432,2910112,12714,411648,43520,NaN,NaN
2026-03-31 21:00:06.934,54632,ESTAB,bbr,236,35.295,2.024,20.038,1448,26,37648,26064,18392379,18392379,14426,NaN,12726,6598,12713,35,NaN,NaN,4341432,2910112,12714,411648,43520,NaN,NaN
2026-03-31 21:00:07.189,54632,ESTAB,bbr,236,35.295,2.024,20.038,1448,26,37648,26064,18392379,18392379,14426,NaN,12726,6598,12713,35,NaN,NaN,4341432,2910112,12714,411648,43520,NaN,NaN
2026-03-31 21:00:07.457,54632,ESTAB,bbr,236,35.295,2.024,20.038,1448,26,37648,26064,18392379,18392379,14426,NaN,12726,6598,12713,35,NaN,NaN,4341432,2910112,12714,411648,43520,NaN,NaN
2026-03-31 21:00:07.720,54632,ESTAB,bbr,236,35.295,2.024,20.038,1448,26,37648,26064,18392379,18392379,14426,NaN,12726,6598,12713,35,NaN,NaN,4341432,2910112,12714,411648,43520,NaN,NaN
2026-03-31 21:00:07.986,54632,ESTAB,bbr,236,35.295,2.024,20.038,1448,26,37648,26064,18392379,18392379,14426,NaN,12726,6598,12713,35,NaN,NaN,4341432,2910112,12714,411648,43520,NaN,NaN
2026-03-31 21:00:08.245,54632,ESTAB,bbr,236,35.295,2.024,20.038,1448,26,37648,26064,18392379,18392379,14426,NaN,12726,6598,12713,35,NaN,NaN,4341432,2910112,12714,411648,43520,NaN,NaN
2026-03-31 21:00:08.515,54632,ESTAB,bbr,236,35.295,2.024,20.038,1448,26,37648,26064,18392379,18392379,14426,NaN,12726,6598,12713,35,NaN,NaN,4341432,2910112,12714,411648,43520,NaN,NaN
2026-03-31 21:00:08.788,54632,ESTAB,bbr,236,35.295,2.024,20.038,1448,26,37648,26064,18392379,18392379,14426,NaN,12726,6598,12713,35,NaN,NaN,4341432,2910112,12714,411648,43520,NaN,NaN
2026-03-31 21:00:09.043,54632,ESTAB,bbr,236,35.295,2.024,20.038,1448,26,37648,26064,18392379,18392379,14426,NaN,12726,6598,12713,35,NaN,NaN,4341432,2910112,12714,411648,43520,NaN,NaN
2026-03-31 21:00:09.296,54632,ESTAB,bbr,236,35.295,2.024,20.038,1448,26,37648,26064,18392379,18392379,14426,NaN,12726,6598,12713,35,NaN,NaN,4341432,2910112,12714,411648,43520,NaN,NaN
2026-03-31 21:00:09.554,54632,ESTAB,bbr,236,35.295,2.024,20.038,1448,26,37648,26064,18392379,18392379,14426,NaN,12726,6598,12713,35,NaN,NaN,4341432,2910112,12714,411648,43520,NaN,NaN
2026-03-31 21:00:09.815,54632,ESTAB,bbr,236,35.295,2.024,20.038,1448,26,37648,26064,18392379,18392379,14426,NaN,12726,6598,12713,35,NaN,NaN,4341432,2910112,12714,411648,43520,NaN,NaN
2026-03-31 21:00:10.072,54632,ESTAB,bbr,236,35.295,2.024,20.038,1448,26,37648,26064,18392379,18392379,14426,NaN,12726,6598,12713,35,NaN,NaN,4341432,2910112,12714,411648,43520,NaN,NaN
2026-03-31 21:00:10.322,54632,ESTAB,bbr,236,35.295,2.024,20.038,1448,26,37648,26064,18392379,18392379,14426,NaN,12726,6598,12713,35,NaN,NaN,4341432,2910112,12714,411648,43520,NaN,NaN
2026-03-31 21:00:10.579,54632,ESTAB,bbr,236,35.295,2.024,20.038,1448,26,37648,26064,18392379,18392379,14426,NaN,12726,6598,12713,35,NaN,NaN,4341432,2910112,12714,411648,43520,NaN,NaN
2026-03-31 21:00:10.836,54632,ESTAB,bbr,236,35.295,2.024,20.038,1448,26,37648,26064,18392379,18392379,14426,NaN,12726,6598,12713,35,NaN,NaN,4341432,2910112,12714,411648,43520,NaN,NaN
2026-03-31 21:00:11.093,54632,ESTAB,bbr,236,35.295,2.024,20.038,1448,26,37648,26064,18392379,18392379,14426,NaN,12726,6598,12713,35,NaN,NaN,4341432,2910112,12714,411648,43520,NaN,NaN
2026-03-31 21:00:11.350,54632,ESTAB,bbr,236,35.295,2.024,20.038,1448,26,37648,26064,18392379,18392379,14426,NaN,12726,6598,12713,35,NaN,NaN,4341432,2910112,12714,411648,43520,NaN,NaN
2026-03-31 21:00:11.606,54632,ESTAB,bbr,236,35.295,2.024,20.038,1448,26,37648,26064,18392379,18392379,14426,NaN,12726,6598,12713,35,NaN,NaN,4341432,2910112,12714,411648,43520,NaN,NaN
2026-03-31 21:00:11.850,54632,ESTAB,bbr,236,35.295,2.024,20.038,1448,26,37648,26064,18392379,18392379,14426,NaN,12726,6598,12713,35,NaN,NaN,4341432,2910112,12714,411648,43520,NaN,NaN
2026-03-31 21:00:12.073,54632,ESTAB,bbr,236,35.295,2.024,20.038,1448,26,37648,26064,18392379,18392379,14426,NaN,12726,6598,12713,35,NaN,NaN,4341432,2910112,12714,411648,43520,NaN,NaN
2026-03-31 21:00:12.293,54632,ESTAB,bbr,236,35.295,2.024,20.038,1448,26,37648,26064,18392379,18392379,14426,NaN,12726,6598,12713,35,NaN,NaN,4341432,2910112,12714,411648,43520,NaN,NaN
2026-03-31 21:00:12.515,54632,ESTAB,bbr,236,35.295,2.024,20.038,1448,26,37648,26064,18392379,18392379,14426,NaN,12726,6598,12713,35,NaN,NaN,4341432,2910112,12714,411648,43520,NaN,NaN
2026-03-31 21:00:12.739,54632,ESTAB,bbr,236,35.295,2.024,20.038,1448,26,37648,26064,18392379,18392379,14426,NaN,12726,6598,12713,35,NaN,NaN,4341432,2910112,12714,411648,43520,NaN,NaN
2026-03-31 21:00:12.981,54632,ESTAB,bbr,236,35.295,2.024,20.038,1448,26,37648,26064,18392379,18392379,14426,NaN,12726,6598,12713,35,NaN,NaN,4341432,2910112,12714,411648,43520,NaN,NaN
2026-03-31 21:00:13.234,54632,ESTAB,bbr,236,35.295,2.024,20.038,1448,26,37648,26064,18392379,18392379,14426,NaN,12726,6598,12713,35,NaN,NaN,4341432,2910112,12714,411648,43520,NaN,NaN
2026-03-31 21:00:13.488,54632,ESTAB,bbr,236,35.295,2.024,20.038,1448,26,37648,26064,18392379,18392379,14426,NaN,12726,6598,12713,35,NaN,NaN,4341432,2910112,12714,411648,43520,NaN,NaN
2026-03-31 21:00:13.754,54632,ESTAB,bbr,236,35.295,2.024,20.038,1448,26,37648,26064,18392379,18392379,14426,NaN,12726,6598,12713,35,NaN,NaN,4341432,2910112,12714,411648,43520,NaN,NaN
2026-03-31 21:00:14.031,54632,ESTAB,bbr,236,35.295,2.024,20.038,1448,26,37648,26064,18392379,18392379,14426,NaN,12726,6598,12713,35,NaN,NaN,4341432,2910112,12714,411648,43520,NaN,NaN
2026-03-31 21:00:14.277,54632,ESTAB,bbr,236,35.295,2.024,20.038,1448,26,37648,26064,18392379,18392379,14426,NaN,12726,6598,12713,35,NaN,NaN,4341432,2910112,12714,411648,43520,NaN,NaN
2026-03-31 21:00:14.548,54632,ESTAB,bbr,236,35.295,2.024,20.038,1448,26,37648,26064,18392379,18392379,14426,NaN,12726,6598,12713,35,NaN,NaN,4341432,2910112,12714,411648,43520,NaN,NaN
2026-03-31 21:00:14.818,54632,ESTAB,bbr,236,35.295,2.024,20.038,1448,26,37648,26064,18392379,18392379,14426,NaN,12726,6598,12713,35,NaN,NaN,4341432,2910112,12714,411648,43520,NaN,NaN
2026-03-31 21:00:15.067,54632,ESTAB,bbr,236,35.295,2.024,20.038,1448,26,37648,26064,18392379,18392379,14426,NaN,12726,6598,12713,35,NaN,NaN,4341432,2910112,12714,411648,43520,NaN,NaN
2026-03-31 21:00:15.331,54632,ESTAB,bbr,236,35.295,2.024,20.038,1448,26,37648,26064,18392379,18392379,14426,NaN,12726,6598,12713,35,NaN,NaN,4341432,2910112,12714,411648,43520,NaN,NaN
2026-03-31 21:00:15.610,54632,ESTAB,bbr,236,35.295,2.024,20.038,1448,26,37648,26064,18392379,18392379,14426,NaN,12726,6598,12713,35,NaN,NaN,4341432,2910112,12714,411648,43520,NaN,NaN
2026-03-31 21:00:15.879,54632,ESTAB,bbr,236,35.295,2.024,20.038,1448,26,37648,26064,18392379,18392379,14426,NaN,12726,6598,12713,35,NaN,NaN,4341432,2910112,12714,411648,43520,NaN,NaN
2026-03-31 21:00:16.141,54632,ESTAB,bbr,236,35.295,2.024,20.038,1448,26,37648,26064,18392379,18392379,14426,NaN,12726,6598,12713,35,NaN,NaN,4341432,2910112,12714,411648,43520,NaN,NaN
2026-03-31 21:00:16.386,54632,ESTAB,bbr,236,35.295,2.024,20.038,1448,26,37648,26064,18392379,18392379,14426,NaN,12726,6598,12713,35,NaN,NaN,4341432,2910112,12714,411648,43520,NaN,NaN
2026-03-31 21:00:16.639,54632,ESTAB,bbr,236,35.295,2.024,20.038,1448,26,37648,26064,18392379,18392379,14426,NaN,12726,6598,12713,35,NaN,NaN,4341432,2910112,12714,411648,43520,NaN,NaN
2026-03-31 21:00:16.898,54632,ESTAB,bbr,236,35.295,2.024,20.038,1448,26,37648,26064,18392379,18392379,14426,NaN,12726,6598,12713,35,NaN,NaN,4341432,2910112,12714,411648,43520,NaN,NaN
2026-03-31 21:00:17.169,54632,ESTAB,bbr,236,35.295,2.024,20.038,1448,26,37648,26064,18392379,18392379,14426,NaN,12726,6598,12713,35,NaN,NaN,4341432,2910112,12714,411648,43520,NaN,NaN
2026-03-31 21:00:17.426,54632,ESTAB,bbr,236,35.295,2.024,20.038,1448,26,37648,26064,18392379,18392379,14426,NaN,12726,6598,12713,35,NaN,NaN,4341432,2910112,12714,411648,43520,NaN,NaN
2026-03-31 21:00:17.682,54632,ESTAB,bbr,236,35.295,2.024,20.038,1448,26,37648,26064,18392379,18392379,14426,NaN,12726,6598,12713,35,NaN,NaN,4341432,2910112,12714,411648,43520,NaN,NaN
2026-03-31 21:00:17.942,54632,ESTAB,bbr,236,35.295,2.024,20.038,1448,26,37648,26064,18392379,18392379,14426,NaN,12726,6598,12713,35,NaN,NaN,4341432,2910112,12714,411648,43520,NaN,NaN
2026-03-31 21:00:18.202,54632,ESTAB,bbr,236,35.295,2.024,20.038,1448,26,37648,26064,18392379,18392379,14426,NaN,12727,6598,12713,35,NaN,NaN,4341432,2910112,12714,411648,43520,NaN,NaN
2026-03-31 21:00:18.464,54632,ESTAB,bbr,236,35.295,2.024,20.038,1448,26,37648,26064,18392379,18392379,14426,NaN,12727,6599,12713,35,NaN,NaN,4341432,2910112,12714,411648,43520,NaN,NaN
2026-03-31 21:00:18.715,54632,ESTAB,bbr,236,35.295,2.024,20.038,1448,26,37648,26064,18392379,18392379,14426,NaN,12727,6599,12713,35,NaN,NaN,4341432,2910112,12714,411648,43520,NaN,NaN
2026-03-31 21:00:18.973,54632,ESTAB,bbr,236,35.295,2.024,20.038,1448,26,37648,26064,18392379,18392379,14426,NaN,12727,6599,12713,35,NaN,NaN,4341432,2910112,12714,411648,43520,NaN,NaN
2026-03-31 21:00:19.227,54632,ESTAB,bbr,236,35.295,2.024,20.038,1448,26,37648,26064,18392379,18392379,14426,NaN,12727,6599,12713,35,NaN,NaN,4341432,2910112,12714,411648,43520,NaN,NaN
2026-03-31 21:00:19.499,54632,ESTAB,bbr,236,35.295,2.024,20.038,1448,26,37648,26064,18392379,18392379,14426,NaN,12727,6599,12713,35,NaN,NaN,4341432,2910112,12714,411648,43520,NaN,NaN
2026-03-31 21:00:19.752,54632,ESTAB,bbr,236,35.295,2.024,20.038,1448,26,37648,26064,18392379,18392379,14426,NaN,12727,6599,12713,35,NaN,NaN,4341432,2910112,12714,411648,43520,NaN,NaN
2026-03-31 21:00:20.015,54632,ESTAB,bbr,236,35.295,2.024,20.038,1448,26,37648,26064,18392379,18392379,14426,NaN,12727,6599,12713,35,NaN,NaN,4341432,2910112,12714,411648,43520,NaN,NaN
2026-03-31 21:00:20.256,54632,ESTAB,bbr,236,35.295,2.024,20.038,1448,26,37648,26064,18392379,18392379,14426,NaN,12727,6599,12713,35,NaN,NaN,4341432,2910112,12714,411648,43520,NaN,NaN
2026-03-31 21:00:20.507,54632,ESTAB,bbr,236,35.295,2.024,20.038,1448,26,37648,26064,18392379,18392379,14426,NaN,12727,6599,12713,35,NaN,NaN,4341432,2910112,12714,411648,43520,NaN,NaN
2026-03-31 21:00:20.759,54632,ESTAB,bbr,236,35.295,2.024,20.038,1448,26,37648,26064,18392379,18392379,14426,NaN,12727,6599,12713,35,NaN,NaN,4341432,2910112,12714,411648,43520,NaN,NaN
2026-03-31 21:00:20.992,54632,ESTAB,bbr,236,35.295,2.024,20.038,1448,26,37648,26064,18392379,18392379,14426,NaN,12727,6599,12713,35,NaN,NaN,4341432,2910112,12714,411648,43520,NaN,NaN
2026-03-31 21:00:21.242,54632,ESTAB,bbr,236,35.295,2.024,20.038,1448,26,37648,26064,18392379,18392379,14426,NaN,12727,6599,12713,35,NaN,NaN,4341432,2910112,12714,411648,43520,NaN,NaN
2026-03-31 21:00:21.512,54632,ESTAB,bbr,236,35.295,2.024,20.038,1448,26,37648,26064,18392379,18392379,14426,NaN,12727,6599,12713,35,NaN,NaN,4341432,2910112,12714,411648,43520,NaN,NaN
2026-03-31 21:00:21.773,54632,ESTAB,bbr,236,35.295,2.024,20.038,1448,26,37648,26064,18392379,18392379,14426,NaN,12727,6599,12713,35,NaN,NaN,4341432,2910112,12714,411648,43520,NaN,NaN
2026-03-31 21:00:22.029,54632,ESTAB,bbr,236,35.295,2.024,20.038,1448,26,37648,26064,18392379,18392379,14426,NaN,12727,6599,12713,35,NaN,NaN,4341432,2910112,12714,411648,43520,NaN,NaN
2026-03-31 21:00:22.278,54632,ESTAB,bbr,236,35.295,2.024,20.038,1448,26,37648,26064,18392379,18392379,14426,NaN,12727,6599,12713,35,NaN,NaN,4341432,2910112,12714,411648,43520,NaN,NaN
2026-03-31 21:00:22.539,54632,ESTAB,bbr,236,35.295,2.024,20.038,1448,26,37648,26064,18392379,18392379,14426,NaN,12727,6599,12713,35,NaN,NaN,4341432,2910112,12714,411648,43520,NaN,NaN
2026-03-31 21:00:22.806,54632,ESTAB,bbr,236,35.295,2.024,20.038,1448,26,37648,26064,18392379,18392379,14426,NaN,12727,6599,12713,35,NaN,NaN,4341432,2910112,12714,411648,43520,NaN,NaN
2026-03-31 21:00:23.065,54632,ESTAB,bbr,236,35.295,2.024,20.038,1448,26,37648,26064,18392379,18392379,14426,NaN,12727,6599,12713,35,NaN,NaN,4341432,2910112,12714,411648,43520,NaN,NaN
2026-03-31 21:00:23.318,54632,ESTAB,bbr,236,35.295,2.024,20.038,1448,26,37648,26064,18392379,18392379,14426,NaN,12727,6599,12713,35,NaN,NaN,4341432,2910112,12714,411648,43520,NaN,NaN
2026-03-31 21:00:23.571,54632,ESTAB,bbr,236,35.295,2.024,20.038,1448,26,37648,26064,18392379,18392379,14426,NaN,12727,6599,12713,35,NaN,NaN,4341432,2910112,12714,411648,43520,NaN,NaN
2026-03-31 21:00:23.823,54632,ESTAB,bbr,236,35.295,2.024,20.038,1448,26,37648,26064,18392379,18392379,14426,NaN,12727,6599,12713,35,NaN,NaN,4341432,2910112,12714,411648,43520,NaN,NaN
2026-03-31 21:00:24.071,54632,ESTAB,bbr,236,35.295,2.024,20.038,1448,26,37648,26064,18392379,18392379,14426,NaN,12727,6599,12713,35,NaN,NaN,4341432,2910112,12714,411648,43520,NaN,NaN
2026-03-31 21:00:24.314,54632,ESTAB,bbr,236,35.295,2.024,20.038,1448,26,37648,26064,18392379,18392379,14426,NaN,12727,6599,12713,35,NaN,NaN,4341432,2910112,12714,411648,43520,NaN,NaN
2026-03-31 21:00:24.568,54632,ESTAB,bbr,236,35.295,2.024,20.038,1448,26,37648,26064,18392379,18392379,14426,NaN,12727,6599,12713,35,NaN,NaN,4341432,2910112,12714,411648,43520,NaN,NaN
2026-03-31 21:00:24.823,54632,ESTAB,bbr,236,35.295,2.024,20.038,1448,26,37648,26064,18392379,18392379,14426,NaN,12727,6599,12713,35,NaN,NaN,4341432,2910112,12714,411648,43520,NaN,NaN
2026-03-31 21:00:25.075,54632,ESTAB,bbr,236,35.295,2.024,20.038,1448,26,37648,26064,18392379,18392379,14426,NaN,12727,6599,12713,35,NaN,NaN,4341432,2910112,12714,411648,43520,NaN,NaN
2026-03-31 21:00:25.325,54632,ESTAB,bbr,236,35.295,2.024,20.038,1448,26,37648,26064,18392379,18392379,14426,NaN,12727,6599,12713,35,NaN,NaN,4341432,2910112,12714,411648,43520,NaN,NaN
2026-03-31 21:00:25.581,54632,ESTAB,bbr,236,35.295,2.024,20.038,1448,26,37648,26064,18392379,18392379,14426,NaN,12727,6599,12713,35,NaN,NaN,4341432,2910112,12714,411648,43520,NaN,NaN
2026-03-31 21:00:25.838,54632,ESTAB,bbr,236,35.295,2.024,20.038,1448,26,37648,26064,18392379,18392379,14426,NaN,12727,6599,12713,35,NaN,NaN,4341432,2910112,12714,411648,43520,NaN,NaN
2026-03-31 21:00:26.076,54632,ESTAB,bbr,236,35.295,2.024,20.038,1448,26,37648,26064,18392379,18392379,14426,NaN,12727,6599,12713,35,NaN,NaN,4341432,2910112,12714,411648,43520,NaN,NaN
2026-03-31 21:00:26.329,54632,ESTAB,bbr,236,35.295,2.024,20.038,1448,26,37648,26064,18392379,18392379,14426,NaN,12727,6599,12713,35,NaN,NaN,4341432,2910112,12714,411648,43520,NaN,NaN
2026-03-31 21:00:26.580,54632,ESTAB,bbr,236,35.295,2.024,20.038,1448,26,37648,26064,18392379,18392379,14426,NaN,12727,6599,12713,35,NaN,NaN,4341432,2910112,12714,411648,43520,NaN,NaN
2026-03-31 21:00:26.842,54632,ESTAB,bbr,236,35.295,2.024,20.038,1448,26,37648,26064,18392379,18392379,14426,NaN,12727,6599,12713,35,NaN,NaN,4341432,2910112,12714,411648,43520,NaN,NaN
2026-03-31 21:00:27.095,54632,ESTAB,bbr,236,35.295,2.024,20.038,1448,26,37648,26064,18392379,18392379,14426,NaN,12727,6599,12713,35,NaN,NaN,4341432,2910112,12714,411648,43520,NaN,NaN
2026-03-31 21:00:27.351,54632,ESTAB,bbr,236,35.295,2.024,20.038,1448,26,37648,26064,18392379,18392379,14426,NaN,12727,6599,12713,35,NaN,NaN,4341432,2910112,12714,411648,43520,NaN,NaN
2026-03-31 21:00:27.618,54632,ESTAB,bbr,236,35.295,2.024,20.038,1448,26,37648,26064,18392379,18392379,14426,NaN,12727,6599,12713,35,NaN,NaN,4341432,2910112,12714,411648,43520,NaN,NaN
2026-03-31 21:00:27.878,54632,ESTAB,bbr,236,35.295,2.024,20.038,1448,26,37648,26064,18392379,18392379,14426,NaN,12727,6599,12713,35,NaN,NaN,4341432,2910112,12714,411648,43520,NaN,NaN
2026-03-31 21:00:28.120,54632,ESTAB,bbr,236,35.295,2.024,20.038,1448,26,37648,26064,18392379,18392379,14426,NaN,12727,6599,12713,35,NaN,NaN,4341432,2910112,12714,411648,43520,NaN,NaN
2026-03-31 21:00:28.387,54632,ESTAB,bbr,236,35.295,2.024,20.038,1448,26,37648,26064,18392379,18392379,14426,NaN,12727,6599,12713,35,NaN,NaN,4341432,2910112,12714,411648,43520,NaN,NaN
2026-03-31 21:00:28.647,54632,ESTAB,bbr,236,35.295,2.024,20.038,1448,26,37648,26064,18392379,18392379,14426,NaN,12727,6599,12713,35,NaN,NaN,4341432,2910112,12714,411648,43520,NaN,NaN
2026-03-31 21:00:28.888,54632,ESTAB,bbr,236,35.295,2.024,20.038,1448,26,37648,26064,18392379,18392379,14426,NaN,12727,6599,12713,35,NaN,NaN,4341432,2910112,12714,411648,43520,NaN,NaN
2026-03-31 21:00:29.149,54632,ESTAB,bbr,236,35.295,2.024,20.038,1448,26,37648,26064,18392379,18392379,14426,NaN,12727,6599,12713,35,NaN,NaN,4341432,2910112,12714,411648,43520,NaN,NaN
2026-03-31 21:00:29.411,54632,ESTAB,bbr,236,35.295,2.024,20.038,1448,26,37648,26064,18392379,18392379,14426,NaN,12727,6599,12713,35,NaN,NaN,4341432,2910112,12714,411648,43520,NaN,NaN
2026-03-31 21:00:29.666,54632,ESTAB,bbr,236,35.295,2.024,20.038,1448,26,37648,26064,18392379,18392379,14426,NaN,12727,6599,12713,35,NaN,NaN,4341432,2910112,12714,411648,43520,NaN,NaN
2026-03-31 21:00:29.902,54632,ESTAB,bbr,236,35.295,2.024,20.038,1448,26,37648,26064,18392379,18392379,14426,NaN,12727,6599,12713,35,NaN,NaN,4341432,2910112,12714,411648,43520,NaN,NaN
2026-03-31 21:00:30.129,54632,ESTAB,bbr,236,35.295,2.024,20.038,1448,26,37648,26064,18392379,18392379,14426,NaN,12727,6599,12713,35,NaN,NaN,4341432,2910112,12714,411648,43520,NaN,NaN
2026-03-31 21:00:30.373,54632,ESTAB,bbr,236,35.295,2.024,20.038,1448,26,37648,26064,18392379,18392379,14426,NaN,12727,6599,12713,35,NaN,NaN,4341432,2910112,12714,411648,43520,NaN,NaN
2026-03-31 21:00:30.621,54632,ESTAB,bbr,236,35.295,2.024,20.038,1448,26,37648,26064,18392379,18392379,14426,NaN,12727,6599,12713,35,NaN,NaN,4341432,2910112,12714,411648,43520,NaN,NaN
2026-03-31 21:00:30.881,54632,ESTAB,bbr,236,35.295,2.024,20.038,1448,26,37648,26064,18392379,18392379,14426,NaN,12727,6599,12713,35,NaN,NaN,4341432,2910112,12714,411648,43520,NaN,NaN
2026-03-31 21:00:31.120,54632,ESTAB,bbr,236,35.295,2.024,20.038,1448,26,37648,26064,18392379,18392379,14426,NaN,12727,6599,12713,35,NaN,NaN,4341432,2910112,12714,411648,43520,NaN,NaN
2026-03-31 21:00:31.353,54632,ESTAB,bbr,236,35.295,2.024,20.038,1448,26,37648,26064,18392379,18392379,14426,NaN,12727,6599,12713,35,NaN,NaN,4341432,2910112,12714,411648,43520,NaN,NaN
2026-03-31 21:00:31.582,54632,ESTAB,bbr,236,35.295,2.024,20.038,1448,26,37648,26064,18392379,18392379,14426,NaN,12727,6599,12713,35,NaN,NaN,4341432,2910112,12714,411648,43520,NaN,NaN
