timestamp,dst_port,state,cc_algo,rto_ms,rtt_ms,rtt_var_ms,min_rtt_ms,mss_bytes,cwnd_pkts,cwnd_bytes,ssthresh_bytes,bytes_sent,bytes_acked,bytes_received,bytes_retrans,segs_out,segs_in,data_segs_out,data_segs_in,retrans_outstanding,retrans_total,pacing_rate_bps,delivery_rate_bps,delivered_pkts,snd_wnd_bytes,rcv_wnd_bytes,unacked_pkts,notsent_bytes
2026-04-01 08:59:02.865,50142,ESTAB,cubic,224,20.843,6.327,20.085,1448,10,14480,NaN,2883,2883,408,NaN,3,5,2,1,NaN,NaN,11115408,1153088,3,48640,43520,NaN,NaN
2026-04-01 08:59:03.775,50148,ESTAB,cubic,228,27.362,2.038,20.083,1448,36,52128,NaN,84792,61624,822,NaN,60,26,59,2,NaN,NaN,30481840,6292440,44,99840,43520,16,136142
2026-04-01 08:59:04.001,50148,ESTAB,cubic,228,27.938,0.511,20.083,1448,36,52128,52128,237670,221990,1644,NaN,167,83,166,4,NaN,NaN,17911552,5048504,156,99840,43520,11,243264
2026-04-01 08:59:04.225,50148,ESTAB,cubic,232,28.514,0.44,20.083,1448,25,36200,36200,423014,399846,1644,NaN,295,148,294,4,NaN,NaN,12187696,6690576,279,99840,43520,16,205616
2026-04-01 08:59:04.449,50148,ESTAB,cubic,228,27.259,0.987,20.027,1448,18,26064,24616,589534,564918,1644,NaN,410,204,409,4,NaN,NaN,9179056,6698680,393,99840,43520,17,186792
2026-04-01 08:59:04.670,50148,ESTAB,cubic,232,28.653,0.049,20.027,1448,20,28960,24616,776326,750262,1644,NaN,539,273,538,4,NaN,NaN,9702688,6694448,521,99840,43520,18,82688
2026-04-01 08:59:04.891,50148,ESTAB,cubic,228,25.142,0.536,20.027,1448,15,21720,20272,859014,859014,1644,NaN,597,317,596,4,NaN,NaN,8293248,5664328,597,100864,43520,NaN,NaN
2026-04-01 08:59:05.121,50148,ESTAB,cubic,228,25.142,0.536,20.027,1448,15,21720,20272,859014,859014,1644,NaN,597,317,596,4,NaN,NaN,8293248,5664328,597,100864,43520,NaN,NaN
2026-04-01 08:59:05.371,50148,ESTAB,cubic,228,25.142,0.536,20.027,1448,15,21720,20272,859014,859014,1644,NaN,597,317,596,4,NaN,NaN,8293248,5664328,597,100864,43520,NaN,NaN
2026-04-01 08:59:05.622,50148,ESTAB,cubic,228,25.142,0.536,20.027,1448,15,21720,20272,859014,859014,1644,NaN,597,317,596,4,NaN,NaN,8293248,5664328,597,100864,43520,NaN,NaN
2026-04-01 08:59:05.868,50148,ESTAB,cubic,232,29.425,1.355,20.027,1448,17,24616,20272,1005001,980385,2468,NaN,698,362,697,6,NaN,NaN,8031008,6692080,681,100864,43520,17,312768
2026-04-01 08:59:06.107,50148,ESTAB,cubic,228,24.515,0.929,20.027,1448,14,20272,18824,1197585,1177313,2468,NaN,831,433,830,6,NaN,NaN,7938288,6163880,817,100864,43520,14,267880
2026-04-01 08:59:06.357,50148,ESTAB,cubic,228,27.065,0.804,20.027,1448,18,26064,18824,1401753,1377137,2468,NaN,972,507,971,6,NaN,NaN,9244936,6335752,955,100864,43520,17,211408
2026-04-01 08:59:06.592,50148,ESTAB,cubic,232,28.062,0.28,20.027,1448,14,20272,20272,1594337,1574065,2468,NaN,1105,580,1104,6,NaN,NaN,6935008,5574048,1091,99840,43520,14,207105
2026-04-01 08:59:06.827,50148,ESTAB,cubic,228,27.222,1.338,20.027,1448,18,26064,20272,1792713,1769545,2468,NaN,1242,658,1241,6,NaN,NaN,9191368,6694128,1226,100864,43520,16,8729
2026-04-01 08:59:07.066,50148,ESTAB,cubic,228,24.214,1.091,20.027,1448,14,20272,18824,1970610,1950338,2884,NaN,1366,726,1365,7,NaN,NaN,8036840,6687032,1352,100864,43520,14,286704
2026-04-01 08:59:07.299,50148,ESTAB,cubic,228,27.111,0.928,20.027,1448,18,26064,18824,2164642,2144370,2884,NaN,1500,801,1499,7,NaN,NaN,9229000,6318272,1486,100864,43520,14,240368
2026-04-01 08:59:07.548,50148,ESTAB,cubic,232,28.763,0.052,20.027,1448,20,28960,18824,2376050,2352882,2884,NaN,1646,880,1645,7,NaN,NaN,9665744,6692944,1630,100864,43520,16,176656
2026-04-01 08:59:07.780,42084,ESTAB,cubic,224,22.182,6.589,21.81,1448,10,14480,NaN,2883,2883,408,NaN,3,5,2,1,NaN,NaN,10444384,989952,3,48640,43520,NaN,NaN
2026-04-01 08:59:08.009,42084,ESTAB,cubic,224,22.182,6.589,21.81,1448,10,14480,NaN,2883,2883,408,NaN,3,5,2,1,NaN,NaN,10444384,989952,3,48640,43520,NaN,NaN
2026-04-01 08:59:08.255,42084,ESTAB,cubic,224,22.182,6.589,21.81,1448,10,14480,NaN,2883,2883,408,NaN,3,5,2,1,NaN,NaN,10444384,989952,3,48640,43520,NaN,NaN
2026-04-01 08:59:08.502,42084,ESTAB,cubic,224,22.182,6.589,21.81,1448,10,14480,NaN,2883,2883,408,NaN,3,5,2,1,NaN,NaN,10444384,989952,3,48640,43520,NaN,NaN
2026-04-01 08:59:08.746,42084,ESTAB,cubic,224,22.182,6.589,21.81,1448,10,14480,NaN,2883,2883,408,NaN,3,5,2,1,NaN,NaN,10444384,989952,3,48640,43520,NaN,NaN
2026-04-01 08:59:08.980,42084,ESTAB,cubic,224,22.182,6.589,21.81,1448,10,14480,NaN,2883,2883,408,NaN,3,5,2,1,NaN,NaN,10444384,989952,3,48640,43520,NaN,NaN
2026-04-01 08:59:09.223,42084,ESTAB,cubic,224,22.182,6.589,21.81,1448,10,14480,NaN,2883,2883,408,NaN,3,5,2,1,NaN,NaN,10444384,989952,3,48640,43520,NaN,NaN
2026-04-01 08:59:09.454,42084,ESTAB,cubic,224,22.182,6.589,21.81,1448,10,14480,NaN,2883,2883,408,NaN,3,5,2,1,NaN,NaN,10444384,989952,3,48640,43520,NaN,NaN
2026-04-01 08:59:09.687,42084,ESTAB,cubic,224,22.182,6.589,21.81,1448,10,14480,NaN,2883,2883,408,NaN,3,5,2,1,NaN,NaN,10444384,989952,3,48640,43520,NaN,NaN
2026-04-01 08:59:09.919,42084,ESTAB,cubic,224,22.182,6.589,21.81,1448,10,14480,NaN,2883,2883,408,NaN,3,5,2,1,NaN,NaN,10444384,989952,3,48640,43520,NaN,NaN
2026-04-01 08:59:10.149,42084,ESTAB,cubic,224,22.182,6.589,21.81,1448,10,14480,NaN,2883,2883,408,NaN,3,5,2,1,NaN,NaN,10444384,989952,3,48640,43520,NaN,NaN
2026-04-01 08:59:10.384,42084,ESTAB,cubic,224,22.182,6.589,21.81,1448,10,14480,NaN,2883,2883,408,NaN,3,5,2,1,NaN,NaN,10444384,989952,3,48640,43520,NaN,NaN
2026-04-01 08:59:10.618,42084,ESTAB,cubic,224,22.182,6.589,21.81,1448,10,14480,NaN,2883,2883,408,NaN,3,5,2,1,NaN,NaN,10444384,989952,3,48640,43520,NaN,NaN
2026-04-01 08:59:10.852,42084,ESTAB,cubic,224,22.182,6.589,21.81,1448,10,14480,NaN,2883,2883,408,NaN,3,5,2,1,NaN,NaN,10444384,989952,3,48640,43520,NaN,NaN
2026-04-01 08:59:11.087,42084,ESTAB,cubic,224,22.182,6.589,21.81,1448,10,14480,NaN,2883,2883,408,NaN,3,5,2,1,NaN,NaN,10444384,989952,3,48640,43520,NaN,NaN
2026-04-01 08:59:11.316,42084,ESTAB,cubic,224,22.182,6.589,21.81,1448,10,14480,NaN,2883,2883,408,NaN,3,5,2,1,NaN,NaN,10444384,989952,3,48640,43520,NaN,NaN
2026-04-01 08:59:11.544,42084,ESTAB,cubic,224,22.182,6.589,21.81,1448,10,14480,NaN,2883,2883,408,NaN,3,5,2,1,NaN,NaN,10444384,989952,3,48640,43520,NaN,NaN
2026-04-01 08:59:11.776,42084,ESTAB,cubic,224,22.182,6.589,21.81,1448,10,14480,NaN,2883,2883,408,NaN,3,5,2,1,NaN,NaN,10444384,989952,3,48640,43520,NaN,NaN
2026-04-01 08:59:12.005,42084,ESTAB,cubic,224,22.182,6.589,21.81,1448,10,14480,NaN,2883,2883,408,NaN,3,5,2,1,NaN,NaN,10444384,989952,3,48640,43520,NaN,NaN
2026-04-01 08:59:12.235,42084,ESTAB,cubic,224,22.182,6.589,21.81,1448,10,14480,NaN,2883,2883,408,NaN,3,5,2,1,NaN,NaN,10444384,989952,3,48640,43520,NaN,NaN
2026-04-01 08:59:12.476,42084,ESTAB,cubic,224,22.182,6.589,21.81,1448,10,14480,NaN,2883,2883,408,NaN,3,5,2,1,NaN,NaN,10444384,989952,3,48640,43520,NaN,NaN
2026-04-01 08:59:12.718,42084,ESTAB,cubic,224,22.182,6.589,21.81,1448,10,14480,NaN,2883,2883,408,NaN,3,5,2,1,NaN,NaN,10444384,989952,3,48640,43520,NaN,NaN
2026-04-01 08:59:12.961,42084,ESTAB,cubic,224,22.182,6.589,21.81,1448,10,14480,NaN,2883,2883,408,NaN,3,5,2,1,NaN,NaN,10444384,989952,3,48640,43520,NaN,NaN
2026-04-01 08:59:13.205,42084,ESTAB,cubic,224,22.182,6.589,21.81,1448,10,14480,NaN,2883,2883,408,NaN,3,5,2,1,NaN,NaN,10444384,989952,3,48640,43520,NaN,NaN
2026-04-01 08:59:13.436,42084,ESTAB,cubic,224,22.182,6.589,21.81,1448,10,14480,NaN,2883,2883,408,NaN,3,5,2,1,NaN,NaN,10444384,989952,3,48640,43520,NaN,NaN
2026-04-01 08:59:13.666,42084,ESTAB,cubic,224,22.182,6.589,21.81,1448,10,14480,NaN,2883,2883,408,NaN,3,5,2,1,NaN,NaN,10444384,989952,3,48640,43520,NaN,NaN
2026-04-01 08:59:13.896,42084,ESTAB,cubic,224,22.182,6.589,21.81,1448,10,14480,NaN,2883,2883,408,NaN,3,5,2,1,NaN,NaN,10444384,989952,3,48640,43520,NaN,NaN
2026-04-01 08:59:14.124,42084,ESTAB,cubic,224,22.182,6.589,21.81,1448,10,14480,NaN,2883,2883,408,NaN,3,5,2,1,NaN,NaN,10444384,989952,3,48640,43520,NaN,NaN
2026-04-01 08:59:14.355,42084,ESTAB,cubic,224,22.182,6.589,21.81,1448,10,14480,NaN,2883,2883,408,NaN,3,5,2,1,NaN,NaN,10444384,989952,3,48640,43520,NaN,NaN
2026-04-01 08:59:14.599,42084,ESTAB,cubic,224,22.182,6.589,21.81,1448,10,14480,NaN,2883,2883,408,NaN,3,5,2,1,NaN,NaN,10444384,989952,3,48640,43520,NaN,NaN
2026-04-01 08:59:14.824,42084,ESTAB,cubic,224,22.182,6.589,21.81,1448,10,14480,NaN,2883,2883,408,NaN,3,5,2,1,NaN,NaN,10444384,989952,3,48640,43520,NaN,NaN
2026-04-01 08:59:15.055,42084,ESTAB,cubic,224,22.182,6.589,21.81,1448,10,14480,NaN,2883,2883,408,NaN,3,5,2,1,NaN,NaN,10444384,989952,3,48640,43520,NaN,NaN
2026-04-01 08:59:15.291,42084,ESTAB,cubic,224,22.182,6.589,21.81,1448,10,14480,NaN,2883,2883,408,NaN,3,5,2,1,NaN,NaN,10444384,989952,3,48640,43520,NaN,NaN
2026-04-01 08:59:15.521,42084,ESTAB,cubic,224,22.182,6.589,21.81,1448,10,14480,NaN,2883,2883,408,NaN,3,5,2,1,NaN,NaN,10444384,989952,3,48640,43520,NaN,NaN
2026-04-01 08:59:15.751,42084,ESTAB,cubic,224,22.182,6.589,21.81,1448,10,14480,NaN,2883,2883,408,NaN,3,5,2,1,NaN,NaN,10444384,989952,3,48640,43520,NaN,NaN
2026-04-01 08:59:15.985,42084,ESTAB,cubic,224,22.182,6.589,21.81,1448,10,14480,NaN,2883,2883,408,NaN,3,5,2,1,NaN,NaN,10444384,989952,3,48640,43520,NaN,NaN
2026-04-01 08:59:16.231,42084,ESTAB,cubic,224,22.182,6.589,21.81,1448,10,14480,NaN,2883,2883,408,NaN,3,5,2,1,NaN,NaN,10444384,989952,3,48640,43520,NaN,NaN
2026-04-01 08:59:16.465,42084,ESTAB,cubic,224,22.182,6.589,21.81,1448,10,14480,NaN,2883,2883,408,NaN,3,5,2,1,NaN,NaN,10444384,989952,3,48640,43520,NaN,NaN
2026-04-01 08:59:16.698,42084,ESTAB,cubic,224,22.182,6.589,21.81,1448,10,14480,NaN,2883,2883,408,NaN,3,5,2,1,NaN,NaN,10444384,989952,3,48640,43520,NaN,NaN
2026-04-01 08:59:16.933,42084,ESTAB,cubic,224,22.182,6.589,21.81,1448,10,14480,NaN,2883,2883,408,NaN,3,5,2,1,NaN,NaN,10444384,989952,3,48640,43520,NaN,NaN
2026-04-01 08:59:17.163,42084,ESTAB,cubic,224,22.182,6.589,21.81,1448,10,14480,NaN,2883,2883,408,NaN,3,5,2,1,NaN,NaN,10444384,989952,3,48640,43520,NaN,NaN
2026-04-01 08:59:17.390,42084,ESTAB,cubic,224,22.182,6.589,21.81,1448,10,14480,NaN,2883,2883,408,NaN,3,5,2,1,NaN,NaN,10444384,989952,3,48640,43520,NaN,NaN
2026-04-01 08:59:17.634,42084,ESTAB,cubic,224,22.182,6.589,21.81,1448,10,14480,NaN,2883,2883,408,NaN,3,5,2,1,NaN,NaN,10444384,989952,3,48640,43520,NaN,NaN
2026-04-01 08:59:17.879,42084,ESTAB,cubic,224,22.182,6.589,21.81,1448,10,14480,NaN,2883,2883,408,NaN,3,5,2,1,NaN,NaN,10444384,989952,3,48640,43520,NaN,NaN
2026-04-01 08:59:18.121,42084,ESTAB,cubic,224,22.182,6.589,21.81,1448,10,14480,NaN,2883,2883,408,NaN,3,5,2,1,NaN,NaN,10444384,989952,3,48640,43520,NaN,NaN
2026-04-01 08:59:18.361,42084,ESTAB,cubic,224,22.182,6.589,21.81,1448,10,14480,NaN,2883,2883,408,NaN,3,5,2,1,NaN,NaN,10444384,989952,3,48640,43520,NaN,NaN
2026-04-01 08:59:18.611,42084,ESTAB,cubic,224,22.182,6.589,21.81,1448,10,14480,NaN,2883,2883,408,NaN,3,5,2,1,NaN,NaN,10444384,989952,3,48640,43520,NaN,NaN
2026-04-01 08:59:18.854,42084,ESTAB,cubic,224,22.182,6.589,21.81,1448,10,14480,NaN,2883,2883,408,NaN,3,5,2,1,NaN,NaN,10444384,989952,3,48640,43520,NaN,NaN
2026-04-01 08:59:19.095,42084,ESTAB,cubic,224,22.182,6.589,21.81,1448,10,14480,NaN,2883,2883,408,NaN,3,5,2,1,NaN,NaN,10444384,989952,3,48640,43520,NaN,NaN
2026-04-01 08:59:19.345,42084,ESTAB,cubic,224,22.182,6.589,21.81,1448,10,14480,NaN,2883,2883,408,NaN,3,5,2,1,NaN,NaN,10444384,989952,3,48640,43520,NaN,NaN
2026-04-01 08:59:19.596,42084,ESTAB,cubic,224,22.182,6.589,21.81,1448,10,14480,NaN,2883,2883,408,NaN,3,5,2,1,NaN,NaN,10444384,989952,3,48640,43520,NaN,NaN
2026-04-01 08:59:19.830,42084,ESTAB,cubic,224,22.182,6.589,21.81,1448,10,14480,NaN,2883,2883,408,NaN,3,5,2,1,NaN,NaN,10444384,989952,3,48640,43520,NaN,NaN
2026-04-01 08:59:20.088,42084,ESTAB,cubic,224,22.182,6.589,21.81,1448,10,14480,NaN,2883,2883,408,NaN,3,5,2,1,NaN,NaN,10444384,989952,3,48640,43520,NaN,NaN
2026-04-01 08:59:20.335,42084,ESTAB,cubic,224,22.182,6.589,21.81,1448,10,14480,NaN,2883,2883,408,NaN,3,5,2,1,NaN,NaN,10444384,989952,3,48640,43520,NaN,NaN
2026-04-01 08:59:20.568,42084,ESTAB,cubic,224,22.182,6.589,21.81,1448,10,14480,NaN,2883,2883,408,NaN,3,5,2,1,NaN,NaN,10444384,989952,3,48640,43520,NaN,NaN
2026-04-01 08:59:20.814,42084,ESTAB,cubic,224,22.182,6.589,21.81,1448,10,14480,NaN,2883,2883,408,NaN,3,5,2,1,NaN,NaN,10444384,989952,3,48640,43520,NaN,NaN
2026-04-01 08:59:21.047,42084,ESTAB,cubic,224,22.182,6.589,21.81,1448,10,14480,NaN,2883,2883,408,NaN,3,5,2,1,NaN,NaN,10444384,989952,3,48640,43520,NaN,NaN
2026-04-01 08:59:21.292,42084,ESTAB,cubic,224,22.182,6.589,21.81,1448,10,14480,NaN,2883,2883,408,NaN,3,5,2,1,NaN,NaN,10444384,989952,3,48640,43520,NaN,NaN
2026-04-01 08:59:21.538,42084,ESTAB,cubic,224,22.182,6.589,21.81,1448,10,14480,NaN,2883,2883,408,NaN,3,5,2,1,NaN,NaN,10444384,989952,3,48640,43520,NaN,NaN
2026-04-01 08:59:21.787,42084,ESTAB,cubic,224,22.182,6.589,21.81,1448,10,14480,NaN,2883,2883,408,NaN,3,5,2,1,NaN,NaN,10444384,989952,3,48640,43520,NaN,NaN
2026-04-01 08:59:22.022,42084,ESTAB,cubic,224,22.182,6.589,21.81,1448,10,14480,NaN,2883,2883,408,NaN,3,5,2,1,NaN,NaN,10444384,989952,3,48640,43520,NaN,NaN
2026-04-01 08:59:22.250,42084,ESTAB,cubic,224,22.182,6.589,21.81,1448,10,14480,NaN,2883,2883,408,NaN,3,5,2,1,NaN,NaN,10444384,989952,3,48640,43520,NaN,NaN
2026-04-01 08:59:22.479,42084,ESTAB,cubic,224,22.182,6.589,21.81,1448,10,14480,NaN,2883,2883,408,NaN,3,5,2,1,NaN,NaN,10444384,989952,3,48640,43520,NaN,NaN
2026-04-01 08:59:22.711,42084,ESTAB,cubic,224,22.182,6.589,21.81,1448,10,14480,NaN,2883,2883,408,NaN,3,5,2,1,NaN,NaN,10444384,989952,3,48640,43520,NaN,NaN
2026-04-01 08:59:22.933,42084,ESTAB,cubic,224,22.182,6.589,21.81,1448,10,14480,NaN,2883,2883,408,NaN,4,6,2,1,NaN,NaN,10444384,989952,3,48640,43520,NaN,NaN
2026-04-01 08:59:23.158,42084,ESTAB,cubic,224,22.182,6.589,21.81,1448,10,14480,NaN,2883,2883,408,NaN,4,6,2,1,NaN,NaN,10444384,989952,3,48640,43520,NaN,NaN
2026-04-01 08:59:23.385,42084,ESTAB,cubic,224,22.182,6.589,21.81,1448,10,14480,NaN,2883,2883,408,NaN,4,6,2,1,NaN,NaN,10444384,989952,3,48640,43520,NaN,NaN
2026-04-01 08:59:23.613,42084,ESTAB,cubic,224,22.182,6.589,21.81,1448,10,14480,NaN,2883,2883,408,NaN,4,6,2,1,NaN,NaN,10444384,989952,3,48640,43520,NaN,NaN
2026-04-01 08:59:23.845,42084,ESTAB,cubic,224,22.182,6.589,21.81,1448,10,14480,NaN,2883,2883,408,NaN,4,6,2,1,NaN,NaN,10444384,989952,3,48640,43520,NaN,NaN
2026-04-01 08:59:24.079,42084,ESTAB,cubic,224,22.182,6.589,21.81,1448,10,14480,NaN,2883,2883,408,NaN,4,6,2,1,NaN,NaN,10444384,989952,3,48640,43520,NaN,NaN
2026-04-01 08:59:24.313,42084,ESTAB,cubic,224,22.182,6.589,21.81,1448,10,14480,NaN,2883,2883,408,NaN,4,6,2,1,NaN,NaN,10444384,989952,3,48640,43520,NaN,NaN
2026-04-01 08:59:24.547,42084,ESTAB,cubic,224,22.182,6.589,21.81,1448,10,14480,NaN,2883,2883,408,NaN,4,6,2,1,NaN,NaN,10444384,989952,3,48640,43520,NaN,NaN
2026-04-01 08:59:24.782,42084,ESTAB,cubic,224,22.182,6.589,21.81,1448,10,14480,NaN,2883,2883,408,NaN,4,6,2,1,NaN,NaN,10444384,989952,3,48640,43520,NaN,NaN
2026-04-01 08:59:25.012,42084,ESTAB,cubic,224,22.182,6.589,21.81,1448,10,14480,NaN,2883,2883,408,NaN,4,6,2,1,NaN,NaN,10444384,989952,3,48640,43520,NaN,NaN
2026-04-01 08:59:25.235,42084,ESTAB,cubic,224,22.182,6.589,21.81,1448,10,14480,NaN,2883,2883,408,NaN,4,6,2,1,NaN,NaN,10444384,989952,3,48640,43520,NaN,NaN
2026-04-01 08:59:25.461,42084,ESTAB,cubic,224,22.182,6.589,21.81,1448,10,14480,NaN,2883,2883,408,NaN,4,6,2,1,NaN,NaN,10444384,989952,3,48640,43520,NaN,NaN
2026-04-01 08:59:25.685,42084,ESTAB,cubic,224,22.182,6.589,21.81,1448,10,14480,NaN,2883,2883,408,NaN,4,6,2,1,NaN,NaN,10444384,989952,3,48640,43520,NaN,NaN
2026-04-01 08:59:25.915,42084,ESTAB,cubic,224,22.182,6.589,21.81,1448,10,14480,NaN,2883,2883,408,NaN,4,6,2,1,NaN,NaN,10444384,989952,3,48640,43520,NaN,NaN
2026-04-01 08:59:26.136,42084,ESTAB,cubic,224,22.182,6.589,21.81,1448,10,14480,NaN,2883,2883,408,NaN,4,6,2,1,NaN,NaN,10444384,989952,3,48640,43520,NaN,NaN
2026-04-01 08:59:26.362,42084,ESTAB,cubic,224,22.182,6.589,21.81,1448,10,14480,NaN,2883,2883,408,NaN,4,6,2,1,NaN,NaN,10444384,989952,3,48640,43520,NaN,NaN
2026-04-01 08:59:26.596,42084,ESTAB,cubic,224,22.182,6.589,21.81,1448,10,14480,NaN,2883,2883,408,NaN,4,6,2,1,NaN,NaN,10444384,989952,3,48640,43520,NaN,NaN
2026-04-01 08:59:26.824,42084,ESTAB,cubic,224,22.182,6.589,21.81,1448,10,14480,NaN,2883,2883,408,NaN,4,6,2,1,NaN,NaN,10444384,989952,3,48640,43520,NaN,NaN
2026-04-01 08:59:27.047,42084,ESTAB,cubic,224,22.182,6.589,21.81,1448,10,14480,NaN,2883,2883,408,NaN,4,6,2,1,NaN,NaN,10444384,989952,3,48640,43520,NaN,NaN
2026-04-01 08:59:27.272,42084,ESTAB,cubic,224,22.182,6.589,21.81,1448,10,14480,NaN,2883,2883,408,NaN,4,6,2,1,NaN,NaN,10444384,989952,3,48640,43520,NaN,NaN
2026-04-01 08:59:27.497,42084,ESTAB,cubic,224,22.182,6.589,21.81,1448,10,14480,NaN,2883,2883,408,NaN,4,6,2,1,NaN,NaN,10444384,989952,3,48640,43520,NaN,NaN
2026-04-01 08:59:27.724,42084,ESTAB,cubic,224,22.182,6.589,21.81,1448,10,14480,NaN,2883,2883,408,NaN,4,6,2,1,NaN,NaN,10444384,989952,3,48640,43520,NaN,NaN
2026-04-01 08:59:27.957,42084,ESTAB,cubic,224,22.182,6.589,21.81,1448,10,14480,NaN,2883,2883,408,NaN,4,6,2,1,NaN,NaN,10444384,989952,3,48640,43520,NaN,NaN
2026-04-01 08:59:28.197,42084,ESTAB,cubic,224,22.182,6.589,21.81,1448,10,14480,NaN,2883,2883,408,NaN,4,6,2,1,NaN,NaN,10444384,989952,3,48640,43520,NaN,NaN
2026-04-01 08:59:28.438,42084,ESTAB,cubic,224,22.182,6.589,21.81,1448,10,14480,NaN,2883,2883,408,NaN,4,6,2,1,NaN,NaN,10444384,989952,3,48640,43520,NaN,NaN
2026-04-01 08:59:28.677,42084,ESTAB,cubic,224,22.182,6.589,21.81,1448,10,14480,NaN,2883,2883,408,NaN,4,6,2,1,NaN,NaN,10444384,989952,3,48640,43520,NaN,NaN
2026-04-01 08:59:28.916,42084,ESTAB,cubic,224,22.182,6.589,21.81,1448,10,14480,NaN,2883,2883,408,NaN,4,6,2,1,NaN,NaN,10444384,989952,3,48640,43520,NaN,NaN
2026-04-01 08:59:29.155,42084,ESTAB,cubic,224,22.182,6.589,21.81,1448,10,14480,NaN,2883,2883,408,NaN,4,6,2,1,NaN,NaN,10444384,989952,3,48640,43520,NaN,NaN
2026-04-01 08:59:29.392,42084,ESTAB,cubic,224,22.182,6.589,21.81,1448,10,14480,NaN,2883,2883,408,NaN,4,6,2,1,NaN,NaN,10444384,989952,3,48640,43520,NaN,NaN
2026-04-01 08:59:29.622,42084,ESTAB,cubic,224,22.182,6.589,21.81,1448,10,14480,NaN,2883,2883,408,NaN,4,6,2,1,NaN,NaN,10444384,989952,3,48640,43520,NaN,NaN
2026-04-01 08:59:29.846,42084,ESTAB,cubic,224,22.182,6.589,21.81,1448,10,14480,NaN,2883,2883,408,NaN,4,6,2,1,NaN,NaN,10444384,989952,3,48640,43520,NaN,NaN
2026-04-01 08:59:30.081,42084,ESTAB,cubic,224,22.182,6.589,21.81,1448,10,14480,NaN,2883,2883,408,NaN,4,6,2,1,NaN,NaN,10444384,989952,3,48640,43520,NaN,NaN
2026-04-01 08:59:30.309,42084,ESTAB,cubic,224,22.182,6.589,21.81,1448,10,14480,NaN,2883,2883,408,NaN,4,6,2,1,NaN,NaN,10444384,989952,3,48640,43520,NaN,NaN
2026-04-01 08:59:30.538,42084,ESTAB,cubic,224,22.182,6.589,21.81,1448,10,14480,NaN,2883,2883,408,NaN,4,6,2,1,NaN,NaN,10444384,989952,3,48640,43520,NaN,NaN
2026-04-01 08:59:30.771,42084,ESTAB,cubic,224,22.182,6.589,21.81,1448,10,14480,NaN,2883,2883,408,NaN,4,6,2,1,NaN,NaN,10444384,989952,3,48640,43520,NaN,NaN
2026-04-01 08:59:31.004,42084,ESTAB,cubic,224,22.182,6.589,21.81,1448,10,14480,NaN,2883,2883,408,NaN,4,6,2,1,NaN,NaN,10444384,989952,3,48640,43520,NaN,NaN
2026-04-01 08:59:31.237,42084,ESTAB,cubic,224,22.182,6.589,21.81,1448,10,14480,NaN,2883,2883,408,NaN,4,6,2,1,NaN,NaN,10444384,989952,3,48640,43520,NaN,NaN
2026-04-01 08:59:31.470,42084,ESTAB,cubic,224,22.182,6.589,21.81,1448,10,14480,NaN,2883,2883,408,NaN,4,6,2,1,NaN,NaN,10444384,989952,3,48640,43520,NaN,NaN
2026-04-01 08:59:31.709,42084,ESTAB,cubic,224,22.182,6.589,21.81,1448,10,14480,NaN,2883,2883,408,NaN,4,6,2,1,NaN,NaN,10444384,989952,3,48640,43520,NaN,NaN
2026-04-01 08:59:31.945,42084,ESTAB,cubic,224,22.182,6.589,21.81,1448,10,14480,NaN,2883,2883,408,NaN,4,6,2,1,NaN,NaN,10444384,989952,3,48640,43520,NaN,NaN
2026-04-01 08:59:32.173,42084,ESTAB,cubic,224,22.182,6.589,21.81,1448,10,14480,NaN,2883,2883,408,NaN,4,6,2,1,NaN,NaN,10444384,989952,3,48640,43520,NaN,NaN
2026-04-01 08:59:32.421,42084,ESTAB,cubic,224,22.182,6.589,21.81,1448,10,14480,NaN,2883,2883,408,NaN,4,6,2,1,NaN,NaN,10444384,989952,3,48640,43520,NaN,NaN
2026-04-01 08:59:32.671,42084,ESTAB,cubic,224,22.182,6.589,21.81,1448,10,14480,NaN,2883,2883,408,NaN,4,6,2,1,NaN,NaN,10444384,989952,3,48640,43520,NaN,NaN
2026-04-01 08:59:32.921,42084,ESTAB,cubic,224,22.182,6.589,21.81,1448,10,14480,NaN,2883,2883,408,NaN,4,6,2,1,NaN,NaN,10444384,989952,3,48640,43520,NaN,NaN
2026-04-01 08:59:33.167,42084,ESTAB,cubic,224,22.182,6.589,21.81,1448,10,14480,NaN,2883,2883,408,NaN,4,6,2,1,NaN,NaN,10444384,989952,3,48640,43520,NaN,NaN
2026-04-01 08:59:33.409,42084,ESTAB,cubic,224,22.182,6.589,21.81,1448,10,14480,NaN,2883,2883,408,NaN,4,6,2,1,NaN,NaN,10444384,989952,3,48640,43520,NaN,NaN
2026-04-01 08:59:33.658,42084,ESTAB,cubic,224,22.182,6.589,21.81,1448,10,14480,NaN,2883,2883,408,NaN,4,6,2,1,NaN,NaN,10444384,989952,3,48640,43520,NaN,NaN
2026-04-01 08:59:33.900,42084,ESTAB,cubic,224,22.182,6.589,21.81,1448,10,14480,NaN,2883,2883,408,NaN,4,6,2,1,NaN,NaN,10444384,989952,3,48640,43520,NaN,NaN
2026-04-01 08:59:34.126,42084,ESTAB,cubic,224,22.182,6.589,21.81,1448,10,14480,NaN,2883,2883,408,NaN,4,6,2,1,NaN,NaN,10444384,989952,3,48640,43520,NaN,NaN
2026-04-01 08:59:34.361,42084,ESTAB,cubic,224,22.182,6.589,21.81,1448,10,14480,NaN,2883,2883,408,NaN,4,6,2,1,NaN,NaN,10444384,989952,3,48640,43520,NaN,NaN
2026-04-01 08:59:34.600,42084,ESTAB,cubic,224,22.182,6.589,21.81,1448,10,14480,NaN,2883,2883,408,NaN,4,6,2,1,NaN,NaN,10444384,989952,3,48640,43520,NaN,NaN
2026-04-01 08:59:34.845,42084,ESTAB,cubic,224,22.182,6.589,21.81,1448,10,14480,NaN,2883,2883,408,NaN,4,6,2,1,NaN,NaN,10444384,989952,3,48640,43520,NaN,NaN
2026-04-01 08:59:35.094,42084,ESTAB,cubic,224,22.182,6.589,21.81,1448,10,14480,NaN,2883,2883,408,NaN,4,6,2,1,NaN,NaN,10444384,989952,3,48640,43520,NaN,NaN
2026-04-01 08:59:35.336,42084,ESTAB,cubic,224,22.182,6.589,21.81,1448,10,14480,NaN,2883,2883,408,NaN,4,6,2,1,NaN,NaN,10444384,989952,3,48640,43520,NaN,NaN
2026-04-01 08:59:35.585,42084,ESTAB,cubic,224,22.182,6.589,21.81,1448,10,14480,NaN,2883,2883,408,NaN,4,6,2,1,NaN,NaN,10444384,989952,3,48640,43520,NaN,NaN
2026-04-01 08:59:35.836,42084,ESTAB,cubic,224,22.182,6.589,21.81,1448,10,14480,NaN,2883,2883,408,NaN,4,6,2,1,NaN,NaN,10444384,989952,3,48640,43520,NaN,NaN
2026-04-01 08:59:36.096,42084,ESTAB,cubic,224,22.182,6.589,21.81,1448,10,14480,NaN,2883,2883,408,NaN,4,6,2,1,NaN,NaN,10444384,989952,3,48640,43520,NaN,NaN
2026-04-01 08:59:36.340,42084,ESTAB,cubic,224,22.182,6.589,21.81,1448,10,14480,NaN,2883,2883,408,NaN,4,6,2,1,NaN,NaN,10444384,989952,3,48640,43520,NaN,NaN
2026-04-01 08:59:36.586,42084,ESTAB,cubic,224,22.182,6.589,21.81,1448,10,14480,NaN,2883,2883,408,NaN,4,6,2,1,NaN,NaN,10444384,989952,3,48640,43520,NaN,NaN
2026-04-01 08:59:36.832,42084,ESTAB,cubic,224,22.182,6.589,21.81,1448,10,14480,NaN,2883,2883,408,NaN,4,6,2,1,NaN,NaN,10444384,989952,3,48640,43520,NaN,NaN
2026-04-01 08:59:37.076,42084,ESTAB,cubic,224,22.182,6.589,21.81,1448,10,14480,NaN,2883,2883,408,NaN,4,6,2,1,NaN,NaN,10444384,989952,3,48640,43520,NaN,NaN
2026-04-01 08:59:37.322,42084,ESTAB,cubic,224,22.182,6.589,21.81,1448,10,14480,NaN,2883,2883,408,NaN,4,6,2,1,NaN,NaN,10444384,989952,3,48640,43520,NaN,NaN
2026-04-01 08:59:37.564,42084,ESTAB,cubic,224,22.182,6.589,21.81,1448,10,14480,NaN,2883,2883,408,NaN,4,6,2,1,NaN,NaN,10444384,989952,3,48640,43520,NaN,NaN
2026-04-01 08:59:37.800,42084,ESTAB,cubic,224,22.182,6.589,21.81,1448,10,14480,NaN,2883,2883,408,NaN,4,6,2,1,NaN,NaN,10444384,989952,3,48640,43520,NaN,NaN
2026-04-01 08:59:38.050,42084,ESTAB,cubic,224,22.182,6.589,21.81,1448,10,14480,NaN,2883,2883,408,NaN,5,7,2,1,NaN,NaN,10444384,989952,3,48640,43520,NaN,NaN
2026-04-01 08:59:38.293,42084,ESTAB,cubic,224,22.182,6.589,21.81,1448,10,14480,NaN,2883,2883,408,NaN,5,7,2,1,NaN,NaN,10444384,989952,3,48640,43520,NaN,NaN
2026-04-01 08:59:38.532,42084,ESTAB,cubic,224,22.182,6.589,21.81,1448,10,14480,NaN,2883,2883,408,NaN,5,7,2,1,NaN,NaN,10444384,989952,3,48640,43520,NaN,NaN
2026-04-01 08:59:38.777,42084,ESTAB,cubic,224,22.182,6.589,21.81,1448,10,14480,NaN,2883,2883,408,NaN,5,7,2,1,NaN,NaN,10444384,989952,3,48640,43520,NaN,NaN
2026-04-01 08:59:39.019,42084,ESTAB,cubic,224,22.182,6.589,21.81,1448,10,14480,NaN,2883,2883,408,NaN,5,7,2,1,NaN,NaN,10444384,989952,3,48640,43520,NaN,NaN
2026-04-01 08:59:39.256,42084,ESTAB,cubic,224,22.182,6.589,21.81,1448,10,14480,NaN,2883,2883,408,NaN,5,7,2,1,NaN,NaN,10444384,989952,3,48640,43520,NaN,NaN
2026-04-01 08:59:39.504,42084,ESTAB,cubic,224,22.182,6.589,21.81,1448,10,14480,NaN,2883,2883,408,NaN,5,7,2,1,NaN,NaN,10444384,989952,3,48640,43520,NaN,NaN
2026-04-01 08:59:39.742,42084,ESTAB,cubic,224,22.182,6.589,21.81,1448,10,14480,NaN,2883,2883,408,NaN,5,7,2,1,NaN,NaN,10444384,989952,3,48640,43520,NaN,NaN
2026-04-01 08:59:39.969,42084,ESTAB,cubic,224,22.182,6.589,21.81,1448,10,14480,NaN,2883,2883,408,NaN,5,7,2,1,NaN,NaN,10444384,989952,3,48640,43520,NaN,NaN
2026-04-01 08:59:40.204,42084,ESTAB,cubic,224,22.182,6.589,21.81,1448,10,14480,NaN,2883,2883,408,NaN,5,7,2,1,NaN,NaN,10444384,989952,3,48640,43520,NaN,NaN
2026-04-01 08:59:40.462,42084,ESTAB,cubic,224,22.182,6.589,21.81,1448,10,14480,NaN,2883,2883,408,NaN,5,7,2,1,NaN,NaN,10444384,989952,3,48640,43520,NaN,NaN
2026-04-01 08:59:40.714,42084,ESTAB,cubic,224,22.182,6.589,21.81,1448,10,14480,NaN,2883,2883,408,NaN,5,7,2,1,NaN,NaN,10444384,989952,3,48640,43520,NaN,NaN
2026-04-01 08:59:40.967,42084,ESTAB,cubic,224,22.182,6.589,21.81,1448,10,14480,NaN,2883,2883,408,NaN,5,7,2,1,NaN,NaN,10444384,989952,3,48640,43520,NaN,NaN
2026-04-01 08:59:41.208,42084,ESTAB,cubic,224,22.182,6.589,21.81,1448,10,14480,NaN,2883,2883,408,NaN,5,7,2,1,NaN,NaN,10444384,989952,3,48640,43520,NaN,NaN
2026-04-01 08:59:41.450,42084,ESTAB,cubic,224,22.182,6.589,21.81,1448,10,14480,NaN,2883,2883,408,NaN,5,7,2,1,NaN,NaN,10444384,989952,3,48640,43520,NaN,NaN
2026-04-01 08:59:41.688,42084,ESTAB,cubic,224,22.182,6.589,21.81,1448,10,14480,NaN,2883,2883,408,NaN,5,7,2,1,NaN,NaN,10444384,989952,3,48640,43520,NaN,NaN
2026-04-01 08:59:41.929,42084,ESTAB,cubic,224,22.182,6.589,21.81,1448,10,14480,NaN,2883,2883,408,NaN,5,7,2,1,NaN,NaN,10444384,989952,3,48640,43520,NaN,NaN
2026-04-01 08:59:42.168,42084,ESTAB,cubic,224,22.182,6.589,21.81,1448,10,14480,NaN,2883,2883,408,NaN,5,7,2,1,NaN,NaN,10444384,989952,3,48640,43520,NaN,NaN
2026-04-01 08:59:42.417,42084,ESTAB,cubic,224,22.182,6.589,21.81,1448,10,14480,NaN,2883,2883,408,NaN,5,7,2,1,NaN,NaN,10444384,989952,3,48640,43520,NaN,NaN
2026-04-01 08:59:42.659,42084,ESTAB,cubic,224,22.182,6.589,21.81,1448,10,14480,NaN,2883,2883,408,NaN,5,7,2,1,NaN,NaN,10444384,989952,3,48640,43520,NaN,NaN
2026-04-01 08:59:42.903,42084,ESTAB,cubic,224,22.182,6.589,21.81,1448,10,14480,NaN,2883,2883,408,NaN,5,7,2,1,NaN,NaN,10444384,989952,3,48640,43520,NaN,NaN
2026-04-01 08:59:43.147,42084,ESTAB,cubic,224,22.182,6.589,21.81,1448,10,14480,NaN,2883,2883,408,NaN,5,7,2,1,NaN,NaN,10444384,989952,3,48640,43520,NaN,NaN
2026-04-01 08:59:43.394,42084,ESTAB,cubic,224,22.182,6.589,21.81,1448,10,14480,NaN,2883,2883,408,NaN,5,7,2,1,NaN,NaN,10444384,989952,3,48640,43520,NaN,NaN
2026-04-01 08:59:43.641,42084,ESTAB,cubic,224,22.182,6.589,21.81,1448,10,14480,NaN,2883,2883,408,NaN,5,7,2,1,NaN,NaN,10444384,989952,3,48640,43520,NaN,NaN
2026-04-01 08:59:43.880,42084,ESTAB,cubic,224,22.182,6.589,21.81,1448,10,14480,NaN,2883,2883,408,NaN,5,7,2,1,NaN,NaN,10444384,989952,3,48640,43520,NaN,NaN
2026-04-01 08:59:44.113,42084,ESTAB,cubic,224,22.182,6.589,21.81,1448,10,14480,NaN,2883,2883,408,NaN,5,7,2,1,NaN,NaN,10444384,989952,3,48640,43520,NaN,NaN
2026-04-01 08:59:44.366,42084,ESTAB,cubic,224,22.182,6.589,21.81,1448,10,14480,NaN,2883,2883,408,NaN,5,7,2,1,NaN,NaN,10444384,989952,3,48640,43520,NaN,NaN
2026-04-01 08:59:44.608,42084,ESTAB,cubic,224,22.182,6.589,21.81,1448,10,14480,NaN,2883,2883,408,NaN,5,7,2,1,NaN,NaN,10444384,989952,3,48640,43520,NaN,NaN
2026-04-01 08:59:44.852,42084,ESTAB,cubic,224,22.182,6.589,21.81,1448,10,14480,NaN,2883,2883,408,NaN,5,7,2,1,NaN,NaN,10444384,989952,3,48640,43520,NaN,NaN
2026-04-01 08:59:45.097,42084,ESTAB,cubic,224,22.182,6.589,21.81,1448,10,14480,NaN,2883,2883,408,NaN,5,7,2,1,NaN,NaN,10444384,989952,3,48640,43520,NaN,NaN
2026-04-01 08:59:45.345,42084,ESTAB,cubic,224,22.182,6.589,21.81,1448,10,14480,NaN,2883,2883,408,NaN,5,7,2,1,NaN,NaN,10444384,989952,3,48640,43520,NaN,NaN
2026-04-01 08:59:45.592,42084,ESTAB,cubic,224,22.182,6.589,21.81,1448,10,14480,NaN,2883,2883,408,NaN,5,7,2,1,NaN,NaN,10444384,989952,3,48640,43520,NaN,NaN
2026-04-01 08:59:45.840,42084,ESTAB,cubic,224,22.182,6.589,21.81,1448,10,14480,NaN,2883,2883,408,NaN,5,7,2,1,NaN,NaN,10444384,989952,3,48640,43520,NaN,NaN
2026-04-01 08:59:46.088,42084,ESTAB,cubic,224,22.182,6.589,21.81,1448,10,14480,NaN,2883,2883,408,NaN,5,7,2,1,NaN,NaN,10444384,989952,3,48640,43520,NaN,NaN
2026-04-01 08:59:46.336,42084,ESTAB,cubic,224,22.182,6.589,21.81,1448,10,14480,NaN,2883,2883,408,NaN,5,7,2,1,NaN,NaN,10444384,989952,3,48640,43520,NaN,NaN
2026-04-01 08:59:46.592,42084,ESTAB,cubic,224,22.182,6.589,21.81,1448,10,14480,NaN,2883,2883,408,NaN,5,7,2,1,NaN,NaN,10444384,989952,3,48640,43520,NaN,NaN
2026-04-01 08:59:46.831,42084,ESTAB,cubic,224,22.182,6.589,21.81,1448,10,14480,NaN,2883,2883,408,NaN,5,7,2,1,NaN,NaN,10444384,989952,3,48640,43520,NaN,NaN
2026-04-01 08:59:47.080,42084,ESTAB,cubic,224,22.182,6.589,21.81,1448,10,14480,NaN,2883,2883,408,NaN,5,7,2,1,NaN,NaN,10444384,989952,3,48640,43520,NaN,NaN
2026-04-01 08:59:47.316,42084,ESTAB,cubic,224,22.182,6.589,21.81,1448,10,14480,NaN,2883,2883,408,NaN,5,7,2,1,NaN,NaN,10444384,989952,3,48640,43520,NaN,NaN
2026-04-01 08:59:47.561,42084,ESTAB,cubic,224,22.182,6.589,21.81,1448,10,14480,NaN,2883,2883,408,NaN,5,7,2,1,NaN,NaN,10444384,989952,3,48640,43520,NaN,NaN
2026-04-01 08:59:47.796,42084,ESTAB,cubic,224,22.182,6.589,21.81,1448,10,14480,NaN,2883,2883,408,NaN,5,7,2,1,NaN,NaN,10444384,989952,3,48640,43520,NaN,NaN
2026-04-01 08:59:48.036,42084,ESTAB,cubic,224,22.182,6.589,21.81,1448,10,14480,NaN,2883,2883,408,NaN,5,7,2,1,NaN,NaN,10444384,989952,3,48640,43520,NaN,NaN
2026-04-01 08:59:48.273,42084,ESTAB,cubic,224,22.182,6.589,21.81,1448,10,14480,NaN,2883,2883,408,NaN,5,7,2,1,NaN,NaN,10444384,989952,3,48640,43520,NaN,NaN
2026-04-01 08:59:48.501,42084,ESTAB,cubic,224,22.182,6.589,21.81,1448,10,14480,NaN,2883,2883,408,NaN,5,7,2,1,NaN,NaN,10444384,989952,3,48640,43520,NaN,NaN
2026-04-01 08:59:48.729,42084,ESTAB,cubic,224,22.182,6.589,21.81,1448,10,14480,NaN,2883,2883,408,NaN,5,7,2,1,NaN,NaN,10444384,989952,3,48640,43520,NaN,NaN
2026-04-01 08:59:48.968,42084,ESTAB,cubic,224,22.182,6.589,21.81,1448,10,14480,NaN,2883,2883,408,NaN,5,7,2,1,NaN,NaN,10444384,989952,3,48640,43520,NaN,NaN
2026-04-01 08:59:49.205,42084,ESTAB,cubic,224,22.182,6.589,21.81,1448,10,14480,NaN,2883,2883,408,NaN,5,7,2,1,NaN,NaN,10444384,989952,3,48640,43520,NaN,NaN
2026-04-01 08:59:49.431,42084,ESTAB,cubic,224,22.182,6.589,21.81,1448,10,14480,NaN,2883,2883,408,NaN,5,7,2,1,NaN,NaN,10444384,989952,3,48640,43520,NaN,NaN
2026-04-01 08:59:49.661,42084,ESTAB,cubic,224,22.182,6.589,21.81,1448,10,14480,NaN,2883,2883,408,NaN,5,7,2,1,NaN,NaN,10444384,989952,3,48640,43520,NaN,NaN
2026-04-01 08:59:49.901,42084,ESTAB,cubic,224,22.182,6.589,21.81,1448,10,14480,NaN,2883,2883,408,NaN,5,7,2,1,NaN,NaN,10444384,989952,3,48640,43520,NaN,NaN
2026-04-01 08:59:50.135,42084,ESTAB,cubic,224,22.182,6.589,21.81,1448,10,14480,NaN,2883,2883,408,NaN,5,7,2,1,NaN,NaN,10444384,989952,3,48640,43520,NaN,NaN
2026-04-01 08:59:50.389,42084,ESTAB,cubic,224,22.182,6.589,21.81,1448,10,14480,NaN,2883,2883,408,NaN,5,7,2,1,NaN,NaN,10444384,989952,3,48640,43520,NaN,NaN
2026-04-01 08:59:50.622,42084,ESTAB,cubic,224,22.182,6.589,21.81,1448,10,14480,NaN,2883,2883,408,NaN,5,7,2,1,NaN,NaN,10444384,989952,3,48640,43520,NaN,NaN
2026-04-01 08:59:50.864,42084,ESTAB,cubic,224,22.182,6.589,21.81,1448,10,14480,NaN,2883,2883,408,NaN,5,7,2,1,NaN,NaN,10444384,989952,3,48640,43520,NaN,NaN
2026-04-01 08:59:51.099,42084,ESTAB,cubic,224,22.182,6.589,21.81,1448,10,14480,NaN,2883,2883,408,NaN,5,7,2,1,NaN,NaN,10444384,989952,3,48640,43520,NaN,NaN
2026-04-01 08:59:51.337,42084,ESTAB,cubic,224,22.182,6.589,21.81,1448,10,14480,NaN,2883,2883,408,NaN,5,7,2,1,NaN,NaN,10444384,989952,3,48640,43520,NaN,NaN
2026-04-01 08:59:51.591,42084,ESTAB,cubic,224,22.182,6.589,21.81,1448,10,14480,NaN,2883,2883,408,NaN,5,7,2,1,NaN,NaN,10444384,989952,3,48640,43520,NaN,NaN
2026-04-01 08:59:51.834,42084,ESTAB,cubic,224,22.182,6.589,21.81,1448,10,14480,NaN,2883,2883,408,NaN,5,7,2,1,NaN,NaN,10444384,989952,3,48640,43520,NaN,NaN
2026-04-01 08:59:52.072,42084,ESTAB,cubic,224,22.182,6.589,21.81,1448,10,14480,NaN,2883,2883,408,NaN,5,7,2,1,NaN,NaN,10444384,989952,3,48640,43520,NaN,NaN
2026-04-01 08:59:52.320,42084,ESTAB,cubic,224,22.182,6.589,21.81,1448,10,14480,NaN,2883,2883,408,NaN,5,7,2,1,NaN,NaN,10444384,989952,3,48640,43520,NaN,NaN
2026-04-01 08:59:52.562,42084,ESTAB,cubic,224,22.182,6.589,21.81,1448,10,14480,NaN,2883,2883,408,NaN,5,7,2,1,NaN,NaN,10444384,989952,3,48640,43520,NaN,NaN
2026-04-01 08:59:52.799,42084,ESTAB,cubic,224,22.182,6.589,21.81,1448,10,14480,NaN,2883,2883,408,NaN,5,7,2,1,NaN,NaN,10444384,989952,3,48640,43520,NaN,NaN
2026-04-01 08:59:53.042,42084,ESTAB,cubic,224,22.182,6.589,21.81,1448,10,14480,NaN,2883,2883,408,NaN,5,7,2,1,NaN,NaN,10444384,989952,3,48640,43520,NaN,NaN
2026-04-01 08:59:53.288,42084,ESTAB,cubic,224,22.182,6.589,21.81,1448,10,14480,NaN,2883,2883,408,NaN,6,8,2,1,NaN,NaN,10444384,989952,3,48640,43520,NaN,NaN
2026-04-01 08:59:53.523,42084,ESTAB,cubic,224,22.182,6.589,21.81,1448,10,14480,NaN,2883,2883,408,NaN,6,8,2,1,NaN,NaN,10444384,989952,3,48640,43520,NaN,NaN
2026-04-01 08:59:53.753,42084,ESTAB,cubic,224,22.182,6.589,21.81,1448,10,14480,NaN,2883,2883,408,NaN,6,8,2,1,NaN,NaN,10444384,989952,3,48640,43520,NaN,NaN
2026-04-01 08:59:53.988,42084,ESTAB,cubic,224,22.182,6.589,21.81,1448,10,14480,NaN,2883,2883,408,NaN,6,8,2,1,NaN,NaN,10444384,989952,3,48640,43520,NaN,NaN
2026-04-01 08:59:54.224,42084,ESTAB,cubic,224,22.182,6.589,21.81,1448,10,14480,NaN,2883,2883,408,NaN,6,8,2,1,NaN,NaN,10444384,989952,3,48640,43520,NaN,NaN
2026-04-01 08:59:54.458,42084,ESTAB,cubic,224,22.182,6.589,21.81,1448,10,14480,NaN,2883,2883,408,NaN,6,8,2,1,NaN,NaN,10444384,989952,3,48640,43520,NaN,NaN
2026-04-01 08:59:54.692,42084,ESTAB,cubic,224,22.182,6.589,21.81,1448,10,14480,NaN,2883,2883,408,NaN,7,9,2,1,NaN,NaN,10444384,989952,3,48640,43520,NaN,NaN
2026-04-01 08:59:54.934,42084,ESTAB,cubic,224,22.182,6.589,21.81,1448,10,14480,NaN,2883,2883,408,NaN,7,9,2,1,NaN,NaN,10444384,989952,3,48640,43520,NaN,NaN
2026-04-01 08:59:55.172,42084,ESTAB,cubic,224,22.182,6.589,21.81,1448,10,14480,NaN,2883,2883,408,NaN,7,9,2,1,NaN,NaN,10444384,989952,3,48640,43520,NaN,NaN
2026-04-01 08:59:55.419,42084,ESTAB,cubic,224,22.182,6.589,21.81,1448,10,14480,NaN,2883,2883,408,NaN,7,9,2,1,NaN,NaN,10444384,989952,3,48640,43520,NaN,NaN
2026-04-01 08:59:55.655,42084,ESTAB,cubic,224,22.182,6.589,21.81,1448,10,14480,NaN,2883,2883,408,NaN,7,9,2,1,NaN,NaN,10444384,989952,3,48640,43520,NaN,NaN
2026-04-01 08:59:55.891,42084,ESTAB,cubic,224,22.182,6.589,21.81,1448,10,14480,NaN,2883,2883,408,NaN,7,9,2,1,NaN,NaN,10444384,989952,3,48640,43520,NaN,NaN
2026-04-01 08:59:56.117,42084,ESTAB,cubic,224,22.182,6.589,21.81,1448,10,14480,NaN,2883,2883,408,NaN,7,9,2,1,NaN,NaN,10444384,989952,3,48640,43520,NaN,NaN
2026-04-01 08:59:56.355,42084,ESTAB,cubic,224,22.182,6.589,21.81,1448,10,14480,NaN,2883,2883,408,NaN,7,9,2,1,NaN,NaN,10444384,989952,3,48640,43520,NaN,NaN
2026-04-01 08:59:56.608,42084,ESTAB,cubic,224,22.182,6.589,21.81,1448,10,14480,NaN,2883,2883,408,NaN,7,9,2,1,NaN,NaN,10444384,989952,3,48640,43520,NaN,NaN
2026-04-01 08:59:56.864,42084,ESTAB,cubic,224,22.182,6.589,21.81,1448,10,14480,NaN,2883,2883,408,NaN,7,9,2,1,NaN,NaN,10444384,989952,3,48640,43520,NaN,NaN
2026-04-01 08:59:57.106,42084,ESTAB,cubic,224,22.182,6.589,21.81,1448,10,14480,NaN,2883,2883,408,NaN,7,9,2,1,NaN,NaN,10444384,989952,3,48640,43520,NaN,NaN
2026-04-01 08:59:57.336,42084,ESTAB,cubic,224,22.182,6.589,21.81,1448,10,14480,NaN,2883,2883,408,NaN,7,9,2,1,NaN,NaN,10444384,989952,3,48640,43520,NaN,NaN
2026-04-01 08:59:57.568,42084,ESTAB,cubic,224,22.182,6.589,21.81,1448,10,14480,NaN,2883,2883,408,NaN,7,9,2,1,NaN,NaN,10444384,989952,3,48640,43520,NaN,NaN
2026-04-01 08:59:57.809,42084,ESTAB,cubic,224,22.182,6.589,21.81,1448,10,14480,NaN,2883,2883,408,NaN,7,9,2,1,NaN,NaN,10444384,989952,3,48640,43520,NaN,NaN
2026-04-01 08:59:58.054,42084,ESTAB,cubic,224,22.182,6.589,21.81,1448,10,14480,NaN,2883,2883,408,NaN,7,9,2,1,NaN,NaN,10444384,989952,3,48640,43520,NaN,NaN
2026-04-01 08:59:58.298,42084,ESTAB,cubic,224,22.182,6.589,21.81,1448,10,14480,NaN,2883,2883,408,NaN,7,9,2,1,NaN,NaN,10444384,989952,3,48640,43520,NaN,NaN
2026-04-01 08:59:58.535,42084,ESTAB,cubic,224,22.182,6.589,21.81,1448,10,14480,NaN,2883,2883,408,NaN,7,9,2,1,NaN,NaN,10444384,989952,3,48640,43520,NaN,NaN
2026-04-01 08:59:58.772,42084,ESTAB,cubic,224,22.182,6.589,21.81,1448,10,14480,NaN,2883,2883,408,NaN,7,9,2,1,NaN,NaN,10444384,989952,3,48640,43520,NaN,NaN
2026-04-01 08:59:59.011,42084,ESTAB,cubic,224,22.182,6.589,21.81,1448,10,14480,NaN,2883,2883,408,NaN,7,9,2,1,NaN,NaN,10444384,989952,3,48640,43520,NaN,NaN
2026-04-01 08:59:59.249,42084,ESTAB,cubic,224,22.182,6.589,21.81,1448,10,14480,NaN,2883,2883,408,NaN,7,9,2,1,NaN,NaN,10444384,989952,3,48640,43520,NaN,NaN
2026-04-01 08:59:59.476,42084,ESTAB,cubic,224,22.182,6.589,21.81,1448,10,14480,NaN,2883,2883,408,NaN,7,9,2,1,NaN,NaN,10444384,989952,3,48640,43520,NaN,NaN
2026-04-01 08:59:59.717,42084,ESTAB,cubic,224,22.182,6.589,21.81,1448,10,14480,NaN,2883,2883,408,NaN,7,9,2,1,NaN,NaN,10444384,989952,3,48640,43520,NaN,NaN
2026-04-01 08:59:59.961,42084,ESTAB,cubic,224,22.182,6.589,21.81,1448,10,14480,NaN,2883,2883,408,NaN,7,9,2,1,NaN,NaN,10444384,989952,3,48640,43520,NaN,NaN
2026-04-01 09:00:00.203,42084,ESTAB,cubic,224,22.182,6.589,21.81,1448,10,14480,NaN,2883,2883,408,NaN,7,9,2,1,NaN,NaN,10444384,989952,3,48640,43520,NaN,NaN
2026-04-01 09:00:00.446,42084,ESTAB,cubic,224,22.182,6.589,21.81,1448,10,14480,NaN,2883,2883,408,NaN,7,9,2,1,NaN,NaN,10444384,989952,3,48640,43520,NaN,NaN
2026-04-01 09:00:00.689,42084,ESTAB,cubic,224,22.182,6.589,21.81,1448,10,14480,NaN,2883,2883,408,NaN,7,9,2,1,NaN,NaN,10444384,989952,3,48640,43520,NaN,NaN
2026-04-01 09:00:00.928,42084,ESTAB,cubic,224,22.182,6.589,21.81,1448,10,14480,NaN,2883,2883,408,NaN,7,9,2,1,NaN,NaN,10444384,989952,3,48640,43520,NaN,NaN
2026-04-01 09:00:01.159,42084,ESTAB,cubic,224,22.182,6.589,21.81,1448,10,14480,NaN,2883,2883,408,NaN,7,9,2,1,NaN,NaN,10444384,989952,3,48640,43520,NaN,NaN
2026-04-01 09:00:01.399,42084,ESTAB,cubic,224,22.182,6.589,21.81,1448,10,14480,NaN,2883,2883,408,NaN,7,9,2,1,NaN,NaN,10444384,989952,3,48640,43520,NaN,NaN
2026-04-01 09:00:01.629,42084,ESTAB,cubic,224,22.182,6.589,21.81,1448,10,14480,NaN,2883,2883,408,NaN,7,9,2,1,NaN,NaN,10444384,989952,3,48640,43520,NaN,NaN
2026-04-01 09:00:01.873,42084,ESTAB,cubic,224,22.182,6.589,21.81,1448,10,14480,NaN,2883,2883,408,NaN,7,9,2,1,NaN,NaN,10444384,989952,3,48640,43520,NaN,NaN
2026-04-01 09:00:02.119,42084,ESTAB,cubic,224,22.182,6.589,21.81,1448,10,14480,NaN,2883,2883,408,NaN,7,9,2,1,NaN,NaN,10444384,989952,3,48640,43520,NaN,NaN
2026-04-01 09:00:02.367,42084,ESTAB,cubic,224,22.182,6.589,21.81,1448,10,14480,NaN,2883,2883,408,NaN,7,9,2,1,NaN,NaN,10444384,989952,3,48640,43520,NaN,NaN
2026-04-01 09:00:02.611,42084,ESTAB,cubic,224,22.182,6.589,21.81,1448,10,14480,NaN,2883,2883,408,NaN,7,9,2,1,NaN,NaN,10444384,989952,3,48640,43520,NaN,NaN
2026-04-01 09:00:02.855,42084,ESTAB,cubic,224,22.182,6.589,21.81,1448,10,14480,NaN,2883,2883,408,NaN,7,9,2,1,NaN,NaN,10444384,989952,3,48640,43520,NaN,NaN
2026-04-01 09:00:03.111,42084,ESTAB,cubic,224,22.182,6.589,21.81,1448,10,14480,NaN,2883,2883,408,NaN,7,9,2,1,NaN,NaN,10444384,989952,3,48640,43520,NaN,NaN
2026-04-01 09:00:03.356,42084,ESTAB,cubic,224,22.182,6.589,21.81,1448,10,14480,NaN,2883,2883,408,NaN,7,9,2,1,NaN,NaN,10444384,989952,3,48640,43520,NaN,NaN
2026-04-01 09:00:03.596,42084,ESTAB,cubic,224,22.182,6.589,21.81,1448,10,14480,NaN,2883,2883,408,NaN,7,9,2,1,NaN,NaN,10444384,989952,3,48640,43520,NaN,NaN
2026-04-01 09:00:03.839,42084,ESTAB,cubic,224,22.182,6.589,21.81,1448,10,14480,NaN,2883,2883,408,NaN,7,9,2,1,NaN,NaN,10444384,989952,3,48640,43520,NaN,NaN
2026-04-01 09:00:04.087,42084,ESTAB,cubic,224,22.182,6.589,21.81,1448,10,14480,NaN,2883,2883,408,NaN,7,9,2,1,NaN,NaN,10444384,989952,3,48640,43520,NaN,NaN
2026-04-01 09:00:04.344,42084,ESTAB,cubic,224,22.182,6.589,21.81,1448,10,14480,NaN,2883,2883,408,NaN,7,9,2,1,NaN,NaN,10444384,989952,3,48640,43520,NaN,NaN
2026-04-01 09:00:04.588,42084,ESTAB,cubic,224,22.182,6.589,21.81,1448,10,14480,NaN,2883,2883,408,NaN,7,9,2,1,NaN,NaN,10444384,989952,3,48640,43520,NaN,NaN
2026-04-01 09:00:04.837,42084,ESTAB,cubic,224,22.182,6.589,21.81,1448,10,14480,NaN,2883,2883,408,NaN,7,9,2,1,NaN,NaN,10444384,989952,3,48640,43520,NaN,NaN
2026-04-01 09:00:05.085,42084,ESTAB,cubic,224,22.182,6.589,21.81,1448,10,14480,NaN,2883,2883,408,NaN,7,9,2,1,NaN,NaN,10444384,989952,3,48640,43520,NaN,NaN
2026-04-01 09:00:05.337,42084,ESTAB,cubic,224,22.182,6.589,21.81,1448,10,14480,NaN,2883,2883,408,NaN,7,9,2,1,NaN,NaN,10444384,989952,3,48640,43520,NaN,NaN
2026-04-01 09:00:05.595,42084,ESTAB,cubic,224,22.182,6.589,21.81,1448,10,14480,NaN,2883,2883,408,NaN,7,9,2,1,NaN,NaN,10444384,989952,3,48640,43520,NaN,NaN
2026-04-01 09:00:05.861,42084,ESTAB,cubic,224,22.182,6.589,21.81,1448,10,14480,NaN,2883,2883,408,NaN,7,9,2,1,NaN,NaN,10444384,989952,3,48640,43520,NaN,NaN
2026-04-01 09:00:06.101,42084,ESTAB,cubic,224,22.182,6.589,21.81,1448,10,14480,NaN,2883,2883,408,NaN,7,9,2,1,NaN,NaN,10444384,989952,3,48640,43520,NaN,NaN
2026-04-01 09:00:06.340,42084,ESTAB,cubic,224,22.182,6.589,21.81,1448,10,14480,NaN,2883,2883,408,NaN,7,9,2,1,NaN,NaN,10444384,989952,3,48640,43520,NaN,NaN
2026-04-01 09:00:06.598,42084,ESTAB,cubic,224,22.182,6.589,21.81,1448,10,14480,NaN,2883,2883,408,NaN,7,9,2,1,NaN,NaN,10444384,989952,3,48640,43520,NaN,NaN
2026-04-01 09:00:06.857,42084,ESTAB,cubic,224,22.182,6.589,21.81,1448,10,14480,NaN,2883,2883,408,NaN,7,9,2,1,NaN,NaN,10444384,989952,3,48640,43520,NaN,NaN
2026-04-01 09:00:07.112,42084,ESTAB,cubic,224,22.182,6.589,21.81,1448,10,14480,NaN,2883,2883,408,NaN,7,9,2,1,NaN,NaN,10444384,989952,3,48640,43520,NaN,NaN
2026-04-01 09:00:07.367,42084,ESTAB,cubic,224,22.182,6.589,21.81,1448,10,14480,NaN,2883,2883,408,NaN,7,9,2,1,NaN,NaN,10444384,989952,3,48640,43520,NaN,NaN
2026-04-01 09:00:07.617,42084,ESTAB,cubic,224,22.182,6.589,21.81,1448,10,14480,NaN,2883,2883,408,NaN,7,9,2,1,NaN,NaN,10444384,989952,3,48640,43520,NaN,NaN
2026-04-01 09:00:07.862,42084,ESTAB,cubic,224,22.182,6.589,21.81,1448,10,14480,NaN,2883,2883,408,NaN,7,9,2,1,NaN,NaN,10444384,989952,3,48640,43520,NaN,NaN
2026-04-01 09:00:08.112,42084,ESTAB,cubic,224,22.182,6.589,21.81,1448,10,14480,NaN,2883,2883,408,NaN,7,9,2,1,NaN,NaN,10444384,989952,3,48640,43520,NaN,NaN
2026-04-01 09:00:08.356,42084,ESTAB,cubic,224,22.182,6.589,21.81,1448,10,14480,NaN,2883,2883,408,NaN,8,10,2,1,NaN,NaN,10444384,989952,3,48640,43520,NaN,NaN
2026-04-01 09:00:08.585,42084,ESTAB,cubic,224,22.182,6.589,21.81,1448,10,14480,NaN,2883,2883,408,NaN,8,10,2,1,NaN,NaN,10444384,989952,3,48640,43520,NaN,NaN
2026-04-01 09:00:08.817,42084,ESTAB,cubic,224,22.182,6.589,21.81,1448,10,14480,NaN,2883,2883,408,NaN,8,10,2,1,NaN,NaN,10444384,989952,3,48640,43520,NaN,NaN
2026-04-01 09:00:09.065,42084,ESTAB,cubic,224,22.182,6.589,21.81,1448,10,14480,NaN,2883,2883,408,NaN,8,10,2,1,NaN,NaN,10444384,989952,3,48640,43520,NaN,NaN
2026-04-01 09:00:09.315,42084,ESTAB,cubic,224,22.182,6.589,21.81,1448,10,14480,NaN,2883,2883,408,NaN,8,10,2,1,NaN,NaN,10444384,989952,3,48640,43520,NaN,NaN
2026-04-01 09:00:09.564,42084,ESTAB,cubic,224,22.182,6.589,21.81,1448,10,14480,NaN,2883,2883,408,NaN,8,10,2,1,NaN,NaN,10444384,989952,3,48640,43520,NaN,NaN
2026-04-01 09:00:09.813,42084,ESTAB,cubic,224,22.182,6.589,21.81,1448,10,14480,NaN,2883,2883,408,NaN,8,10,2,1,NaN,NaN,10444384,989952,3,48640,43520,NaN,NaN
2026-04-01 09:00:10.052,42084,ESTAB,cubic,224,22.182,6.589,21.81,1448,10,14480,NaN,2883,2883,408,NaN,8,10,2,1,NaN,NaN,10444384,989952,3,48640,43520,NaN,NaN
2026-04-01 09:00:10.298,42084,ESTAB,cubic,224,22.182,6.589,21.81,1448,10,14480,NaN,2883,2883,408,NaN,8,10,2,1,NaN,NaN,10444384,989952,3,48640,43520,NaN,NaN
2026-04-01 09:00:10.543,42084,ESTAB,cubic,224,22.182,6.589,21.81,1448,10,14480,NaN,2883,2883,408,NaN,8,10,2,1,NaN,NaN,10444384,989952,3,48640,43520,NaN,NaN
2026-04-01 09:00:10.785,42084,ESTAB,cubic,224,22.182,6.589,21.81,1448,10,14480,NaN,2883,2883,408,NaN,8,10,2,1,NaN,NaN,10444384,989952,3,48640,43520,NaN,NaN
2026-04-01 09:00:11.017,42084,ESTAB,cubic,224,22.182,6.589,21.81,1448,10,14480,NaN,2883,2883,408,NaN,8,10,2,1,NaN,NaN,10444384,989952,3,48640,43520,NaN,NaN
2026-04-01 09:00:11.258,42084,ESTAB,cubic,224,22.182,6.589,21.81,1448,10,14480,NaN,2883,2883,408,NaN,8,10,2,1,NaN,NaN,10444384,989952,3,48640,43520,NaN,NaN
2026-04-01 09:00:11.496,42084,ESTAB,cubic,224,22.182,6.589,21.81,1448,10,14480,NaN,2883,2883,408,NaN,8,10,2,1,NaN,NaN,10444384,989952,3,48640,43520,NaN,NaN
2026-04-01 09:00:11.728,42084,ESTAB,cubic,224,22.182,6.589,21.81,1448,10,14480,NaN,2883,2883,408,NaN,8,10,2,1,NaN,NaN,10444384,989952,3,48640,43520,NaN,NaN
2026-04-01 09:00:11.982,42084,ESTAB,cubic,224,22.182,6.589,21.81,1448,10,14480,NaN,2883,2883,408,NaN,8,10,2,1,NaN,NaN,10444384,989952,3,48640,43520,NaN,NaN
2026-04-01 09:00:12.235,42084,ESTAB,cubic,224,22.182,6.589,21.81,1448,10,14480,NaN,2883,2883,408,NaN,8,10,2,1,NaN,NaN,10444384,989952,3,48640,43520,NaN,NaN
2026-04-01 09:00:12.471,42084,ESTAB,cubic,224,22.182,6.589,21.81,1448,10,14480,NaN,2883,2883,408,NaN,8,10,2,1,NaN,NaN,10444384,989952,3,48640,43520,NaN,NaN
2026-04-01 09:00:12.716,42084,ESTAB,cubic,224,22.182,6.589,21.81,1448,10,14480,NaN,2883,2883,408,NaN,8,10,2,1,NaN,NaN,10444384,989952,3,48640,43520,NaN,NaN
2026-04-01 09:00:12.959,42084,ESTAB,cubic,224,22.182,6.589,21.81,1448,10,14480,NaN,2883,2883,408,NaN,8,10,2,1,NaN,NaN,10444384,989952,3,48640,43520,NaN,NaN
2026-04-01 09:00:13.188,42084,ESTAB,cubic,224,22.182,6.589,21.81,1448,10,14480,NaN,2883,2883,408,NaN,8,10,2,1,NaN,NaN,10444384,989952,3,48640,43520,NaN,NaN
2026-04-01 09:00:13.424,42084,ESTAB,cubic,224,22.182,6.589,21.81,1448,10,14480,NaN,2883,2883,408,NaN,8,10,2,1,NaN,NaN,10444384,989952,3,48640,43520,NaN,NaN
2026-04-01 09:00:13.669,42084,ESTAB,cubic,224,22.182,6.589,21.81,1448,10,14480,NaN,2883,2883,408,NaN,8,10,2,1,NaN,NaN,10444384,989952,3,48640,43520,NaN,NaN
2026-04-01 09:00:13.902,42084,ESTAB,cubic,224,22.182,6.589,21.81,1448,10,14480,NaN,2883,2883,408,NaN,8,10,2,1,NaN,NaN,10444384,989952,3,48640,43520,NaN,NaN
2026-04-01 09:00:14.133,42084,ESTAB,cubic,224,22.182,6.589,21.81,1448,10,14480,NaN,2883,2883,408,NaN,8,10,2,1,NaN,NaN,10444384,989952,3,48640,43520,NaN,NaN
2026-04-01 09:00:14.366,42084,ESTAB,cubic,224,22.182,6.589,21.81,1448,10,14480,NaN,2883,2883,408,NaN,8,10,2,1,NaN,NaN,10444384,989952,3,48640,43520,NaN,NaN
2026-04-01 09:00:14.598,42084,ESTAB,cubic,224,22.182,6.589,21.81,1448,10,14480,NaN,2883,2883,408,NaN,8,10,2,1,NaN,NaN,10444384,989952,3,48640,43520,NaN,NaN
2026-04-01 09:00:14.834,42084,ESTAB,cubic,224,22.182,6.589,21.81,1448,10,14480,NaN,2883,2883,408,NaN,8,10,2,1,NaN,NaN,10444384,989952,3,48640,43520,NaN,NaN
2026-04-01 09:00:15.067,42084,ESTAB,cubic,224,22.182,6.589,21.81,1448,10,14480,NaN,2883,2883,408,NaN,8,10,2,1,NaN,NaN,10444384,989952,3,48640,43520,NaN,NaN
2026-04-01 09:00:15.295,42084,ESTAB,cubic,224,22.182,6.589,21.81,1448,10,14480,NaN,2883,2883,408,NaN,8,10,2,1,NaN,NaN,10444384,989952,3,48640,43520,NaN,NaN
2026-04-01 09:00:15.533,42084,ESTAB,cubic,224,22.182,6.589,21.81,1448,10,14480,NaN,2883,2883,408,NaN,8,10,2,1,NaN,NaN,10444384,989952,3,48640,43520,NaN,NaN
2026-04-01 09:00:15.776,42084,ESTAB,cubic,224,22.182,6.589,21.81,1448,10,14480,NaN,2883,2883,408,NaN,8,10,2,1,NaN,NaN,10444384,989952,3,48640,43520,NaN,NaN
2026-04-01 09:00:16.006,42084,ESTAB,cubic,224,22.182,6.589,21.81,1448,10,14480,NaN,2883,2883,408,NaN,8,10,2,1,NaN,NaN,10444384,989952,3,48640,43520,NaN,NaN
2026-04-01 09:00:16.239,42084,ESTAB,cubic,224,22.182,6.589,21.81,1448,10,14480,NaN,2883,2883,408,NaN,8,10,2,1,NaN,NaN,10444384,989952,3,48640,43520,NaN,NaN
2026-04-01 09:00:16.471,42084,ESTAB,cubic,224,22.182,6.589,21.81,1448,10,14480,NaN,2883,2883,408,NaN,8,10,2,1,NaN,NaN,10444384,989952,3,48640,43520,NaN,NaN
2026-04-01 09:00:16.702,42084,ESTAB,cubic,224,22.182,6.589,21.81,1448,10,14480,NaN,2883,2883,408,NaN,8,10,2,1,NaN,NaN,10444384,989952,3,48640,43520,NaN,NaN
2026-04-01 09:00:16.942,42084,ESTAB,cubic,224,22.182,6.589,21.81,1448,10,14480,NaN,2883,2883,408,NaN,8,10,2,1,NaN,NaN,10444384,989952,3,48640,43520,NaN,NaN
2026-04-01 09:00:17.170,42084,ESTAB,cubic,224,22.182,6.589,21.81,1448,10,14480,NaN,2883,2883,408,NaN,8,10,2,1,NaN,NaN,10444384,989952,3,48640,43520,NaN,NaN
2026-04-01 09:00:17.401,42084,ESTAB,cubic,224,22.182,6.589,21.81,1448,10,14480,NaN,2883,2883,408,NaN,8,10,2,1,NaN,NaN,10444384,989952,3,48640,43520,NaN,NaN
2026-04-01 09:00:17.643,42084,ESTAB,cubic,224,22.182,6.589,21.81,1448,10,14480,NaN,2883,2883,408,NaN,8,10,2,1,NaN,NaN,10444384,989952,3,48640,43520,NaN,NaN
2026-04-01 09:00:17.880,42084,ESTAB,cubic,224,22.182,6.589,21.81,1448,10,14480,NaN,2883,2883,408,NaN,8,10,2,1,NaN,NaN,10444384,989952,3,48640,43520,NaN,NaN
2026-04-01 09:00:18.114,42084,ESTAB,cubic,224,22.182,6.589,21.81,1448,10,14480,NaN,2883,2883,408,NaN,8,10,2,1,NaN,NaN,10444384,989952,3,48640,43520,NaN,NaN
2026-04-01 09:00:18.354,42084,ESTAB,cubic,224,22.182,6.589,21.81,1448,10,14480,NaN,2883,2883,408,NaN,8,10,2,1,NaN,NaN,10444384,989952,3,48640,43520,NaN,NaN
2026-04-01 09:00:18.598,42084,ESTAB,cubic,224,22.182,6.589,21.81,1448,10,14480,NaN,2883,2883,408,NaN,8,10,2,1,NaN,NaN,10444384,989952,3,48640,43520,NaN,NaN
2026-04-01 09:00:18.843,42084,ESTAB,cubic,224,22.182,6.589,21.81,1448,10,14480,NaN,2883,2883,408,NaN,8,10,2,1,NaN,NaN,10444384,989952,3,48640,43520,NaN,NaN
2026-04-01 09:00:19.080,42084,ESTAB,cubic,224,22.182,6.589,21.81,1448,10,14480,NaN,2883,2883,408,NaN,8,10,2,1,NaN,NaN,10444384,989952,3,48640,43520,NaN,NaN
2026-04-01 09:00:19.310,42084,ESTAB,cubic,224,22.182,6.589,21.81,1448,10,14480,NaN,2883,2883,408,NaN,8,10,2,1,NaN,NaN,10444384,989952,3,48640,43520,NaN,NaN
2026-04-01 09:00:19.545,42084,ESTAB,cubic,224,22.182,6.589,21.81,1448,10,14480,NaN,2883,2883,408,NaN,8,10,2,1,NaN,NaN,10444384,989952,3,48640,43520,NaN,NaN
2026-04-01 09:00:19.783,42084,ESTAB,cubic,224,22.182,6.589,21.81,1448,10,14480,NaN,2883,2883,408,NaN,8,10,2,1,NaN,NaN,10444384,989952,3,48640,43520,NaN,NaN
2026-04-01 09:00:20.019,42084,ESTAB,cubic,224,22.182,6.589,21.81,1448,10,14480,NaN,2883,2883,408,NaN,8,10,2,1,NaN,NaN,10444384,989952,3,48640,43520,NaN,NaN
2026-04-01 09:00:20.245,42084,ESTAB,cubic,224,22.182,6.589,21.81,1448,10,14480,NaN,2883,2883,408,NaN,8,10,2,1,NaN,NaN,10444384,989952,3,48640,43520,NaN,NaN
2026-04-01 09:00:20.476,42084,ESTAB,cubic,224,22.182,6.589,21.81,1448,10,14480,NaN,2883,2883,408,NaN,8,10,2,1,NaN,NaN,10444384,989952,3,48640,43520,NaN,NaN
2026-04-01 09:00:20.711,42084,ESTAB,cubic,224,22.182,6.589,21.81,1448,10,14480,NaN,2883,2883,408,NaN,8,10,2,1,NaN,NaN,10444384,989952,3,48640,43520,NaN,NaN
2026-04-01 09:00:20.948,42084,ESTAB,cubic,224,22.182,6.589,21.81,1448,10,14480,NaN,2883,2883,408,NaN,8,10,2,1,NaN,NaN,10444384,989952,3,48640,43520,NaN,NaN
2026-04-01 09:00:21.182,42084,ESTAB,cubic,224,22.182,6.589,21.81,1448,10,14480,NaN,2883,2883,408,NaN,8,10,2,1,NaN,NaN,10444384,989952,3,48640,43520,NaN,NaN
2026-04-01 09:00:21.426,42084,ESTAB,cubic,224,22.182,6.589,21.81,1448,10,14480,NaN,2883,2883,408,NaN,8,10,2,1,NaN,NaN,10444384,989952,3,48640,43520,NaN,NaN
2026-04-01 09:00:21.659,42084,ESTAB,cubic,224,22.182,6.589,21.81,1448,10,14480,NaN,2883,2883,408,NaN,8,10,2,1,NaN,NaN,10444384,989952,3,48640,43520,NaN,NaN
2026-04-01 09:00:21.894,42084,ESTAB,cubic,224,22.182,6.589,21.81,1448,10,14480,NaN,2883,2883,408,NaN,8,10,2,1,NaN,NaN,10444384,989952,3,48640,43520,NaN,NaN
2026-04-01 09:00:22.117,42084,ESTAB,cubic,224,22.182,6.589,21.81,1448,10,14480,NaN,2883,2883,408,NaN,8,10,2,1,NaN,NaN,10444384,989952,3,48640,43520,NaN,NaN
2026-04-01 09:00:22.342,42084,ESTAB,cubic,224,22.182,6.589,21.81,1448,10,14480,NaN,2883,2883,408,NaN,8,10,2,1,NaN,NaN,10444384,989952,3,48640,43520,NaN,NaN
2026-04-01 09:00:22.565,42084,ESTAB,cubic,224,22.182,6.589,21.81,1448,10,14480,NaN,2883,2883,408,NaN,8,10,2,1,NaN,NaN,10444384,989952,3,48640,43520,NaN,NaN
2026-04-01 09:00:22.794,42084,ESTAB,cubic,224,22.182,6.589,21.81,1448,10,14480,NaN,2883,2883,408,NaN,8,10,2,1,NaN,NaN,10444384,989952,3,48640,43520,NaN,NaN
2026-04-01 09:00:23.022,42084,ESTAB,cubic,224,22.182,6.589,21.81,1448,10,14480,NaN,2883,2883,408,NaN,8,10,2,1,NaN,NaN,10444384,989952,3,48640,43520,NaN,NaN
2026-04-01 09:00:23.250,42084,ESTAB,cubic,224,22.182,6.589,21.81,1448,10,14480,NaN,2883,2883,408,NaN,8,10,2,1,NaN,NaN,10444384,989952,3,48640,43520,NaN,NaN
2026-04-01 09:00:23.482,42084,ESTAB,cubic,224,22.182,6.589,21.81,1448,10,14480,NaN,2883,2883,408,NaN,9,11,2,1,NaN,NaN,10444384,989952,3,48640,43520,NaN,NaN
2026-04-01 09:00:23.712,42084,ESTAB,cubic,224,22.182,6.589,21.81,1448,10,14480,NaN,2883,2883,408,NaN,9,11,2,1,NaN,NaN,10444384,989952,3,48640,43520,NaN,NaN
2026-04-01 09:00:23.942,42084,ESTAB,cubic,224,22.182,6.589,21.81,1448,10,14480,NaN,2883,2883,408,NaN,9,11,2,1,NaN,NaN,10444384,989952,3,48640,43520,NaN,NaN
2026-04-01 09:00:24.173,42084,ESTAB,cubic,224,22.182,6.589,21.81,1448,10,14480,NaN,2883,2883,408,NaN,9,11,2,1,NaN,NaN,10444384,989952,3,48640,43520,NaN,NaN
2026-04-01 09:00:24.426,42084,ESTAB,cubic,224,22.182,6.589,21.81,1448,10,14480,NaN,2883,2883,408,NaN,9,11,2,1,NaN,NaN,10444384,989952,3,48640,43520,NaN,NaN
2026-04-01 09:00:24.669,42084,ESTAB,cubic,224,22.182,6.589,21.81,1448,10,14480,NaN,2883,2883,408,NaN,9,11,2,1,NaN,NaN,10444384,989952,3,48640,43520,NaN,NaN
2026-04-01 09:00:24.919,42084,ESTAB,cubic,224,22.182,6.589,21.81,1448,10,14480,NaN,2883,2883,408,NaN,9,11,2,1,NaN,NaN,10444384,989952,3,48640,43520,NaN,NaN
2026-04-01 09:00:25.183,42084,ESTAB,cubic,224,22.182,6.589,21.81,1448,10,14480,NaN,2883,2883,408,NaN,9,11,2,1,NaN,NaN,10444384,989952,3,48640,43520,NaN,NaN
2026-04-01 09:00:25.420,42084,ESTAB,cubic,224,22.182,6.589,21.81,1448,10,14480,NaN,2883,2883,408,NaN,9,11,2,1,NaN,NaN,10444384,989952,3,48640,43520,NaN,NaN
2026-04-01 09:00:25.670,42084,ESTAB,cubic,224,22.182,6.589,21.81,1448,10,14480,NaN,2883,2883,408,NaN,9,11,2,1,NaN,NaN,10444384,989952,3,48640,43520,NaN,NaN
2026-04-01 09:00:25.906,42084,ESTAB,cubic,224,22.182,6.589,21.81,1448,10,14480,NaN,2883,2883,408,NaN,9,11,2,1,NaN,NaN,10444384,989952,3,48640,43520,NaN,NaN
2026-04-01 09:00:26.136,42084,ESTAB,cubic,224,22.182,6.589,21.81,1448,10,14480,NaN,2883,2883,408,NaN,9,11,2,1,NaN,NaN,10444384,989952,3,48640,43520,NaN,NaN
2026-04-01 09:00:26.381,42084,ESTAB,cubic,224,22.182,6.589,21.81,1448,10,14480,NaN,2883,2883,408,NaN,9,11,2,1,NaN,NaN,10444384,989952,3,48640,43520,NaN,NaN
2026-04-01 09:00:26.626,42084,ESTAB,cubic,224,22.182,6.589,21.81,1448,10,14480,NaN,2883,2883,408,NaN,9,11,2,1,NaN,NaN,10444384,989952,3,48640,43520,NaN,NaN
2026-04-01 09:00:26.886,42084,ESTAB,cubic,224,22.182,6.589,21.81,1448,10,14480,NaN,2883,2883,408,NaN,9,11,2,1,NaN,NaN,10444384,989952,3,48640,43520,NaN,NaN
2026-04-01 09:00:27.143,42084,ESTAB,cubic,224,22.182,6.589,21.81,1448,10,14480,NaN,2883,2883,408,NaN,9,11,2,1,NaN,NaN,10444384,989952,3,48640,43520,NaN,NaN
2026-04-01 09:00:27.397,42084,ESTAB,cubic,224,22.182,6.589,21.81,1448,10,14480,NaN,2883,2883,408,NaN,9,11,2,1,NaN,NaN,10444384,989952,3,48640,43520,NaN,NaN
2026-04-01 09:00:27.642,42084,ESTAB,cubic,224,22.182,6.589,21.81,1448,10,14480,NaN,2883,2883,408,NaN,9,11,2,1,NaN,NaN,10444384,989952,3,48640,43520,NaN,NaN
2026-04-01 09:00:27.879,42084,ESTAB,cubic,224,22.182,6.589,21.81,1448,10,14480,NaN,2883,2883,408,NaN,9,11,2,1,NaN,NaN,10444384,989952,3,48640,43520,NaN,NaN
2026-04-01 09:00:28.116,42084,ESTAB,cubic,224,22.182,6.589,21.81,1448,10,14480,NaN,2883,2883,408,NaN,9,11,2,1,NaN,NaN,10444384,989952,3,48640,43520,NaN,NaN
2026-04-01 09:00:28.359,42084,ESTAB,cubic,224,22.182,6.589,21.81,1448,10,14480,NaN,2883,2883,408,NaN,9,11,2,1,NaN,NaN,10444384,989952,3,48640,43520,NaN,NaN
2026-04-01 09:00:28.603,42084,ESTAB,cubic,224,22.182,6.589,21.81,1448,10,14480,NaN,2883,2883,408,NaN,9,11,2,1,NaN,NaN,10444384,989952,3,48640,43520,NaN,NaN
2026-04-01 09:00:28.846,42084,ESTAB,cubic,224,22.182,6.589,21.81,1448,10,14480,NaN,2883,2883,408,NaN,9,11,2,1,NaN,NaN,10444384,989952,3,48640,43520,NaN,NaN
2026-04-01 09:00:29.081,42084,ESTAB,cubic,224,22.182,6.589,21.81,1448,10,14480,NaN,2883,2883,408,NaN,9,11,2,1,NaN,NaN,10444384,989952,3,48640,43520,NaN,NaN
2026-04-01 09:00:29.318,42084,ESTAB,cubic,224,22.182,6.589,21.81,1448,10,14480,NaN,2883,2883,408,NaN,9,11,2,1,NaN,NaN,10444384,989952,3,48640,43520,NaN,NaN
2026-04-01 09:00:29.555,42084,ESTAB,cubic,224,22.182,6.589,21.81,1448,10,14480,NaN,2883,2883,408,NaN,9,11,2,1,NaN,NaN,10444384,989952,3,48640,43520,NaN,NaN
2026-04-01 09:00:29.790,42084,ESTAB,cubic,224,22.182,6.589,21.81,1448,10,14480,NaN,2883,2883,408,NaN,9,11,2,1,NaN,NaN,10444384,989952,3,48640,43520,NaN,NaN
2026-04-01 09:00:30.015,42084,ESTAB,cubic,224,22.182,6.589,21.81,1448,10,14480,NaN,2883,2883,408,NaN,9,11,2,1,NaN,NaN,10444384,989952,3,48640,43520,NaN,NaN
2026-04-01 09:00:30.259,42084,ESTAB,cubic,224,22.182,6.589,21.81,1448,10,14480,NaN,2883,2883,408,NaN,9,11,2,1,NaN,NaN,10444384,989952,3,48640,43520,NaN,NaN
2026-04-01 09:00:30.509,42084,ESTAB,cubic,224,22.182,6.589,21.81,1448,10,14480,NaN,2883,2883,408,NaN,9,11,2,1,NaN,NaN,10444384,989952,3,48640,43520,NaN,NaN
2026-04-01 09:00:30.749,42084,ESTAB,cubic,224,22.182,6.589,21.81,1448,10,14480,NaN,2883,2883,408,NaN,9,11,2,1,NaN,NaN,10444384,989952,3,48640,43520,NaN,NaN
2026-04-01 09:00:30.993,42084,ESTAB,cubic,224,22.182,6.589,21.81,1448,10,14480,NaN,2883,2883,408,NaN,9,11,2,1,NaN,NaN,10444384,989952,3,48640,43520,NaN,NaN
2026-04-01 09:00:31.245,42084,ESTAB,cubic,224,22.182,6.589,21.81,1448,10,14480,NaN,2883,2883,408,NaN,9,11,2,1,NaN,NaN,10444384,989952,3,48640,43520,NaN,NaN
2026-04-01 09:00:31.493,42084,ESTAB,cubic,224,22.182,6.589,21.81,1448,10,14480,NaN,2883,2883,408,NaN,9,11,2,1,NaN,NaN,10444384,989952,3,48640,43520,NaN,NaN
2026-04-01 09:00:31.728,42084,ESTAB,cubic,224,22.182,6.589,21.81,1448,10,14480,NaN,2883,2883,408,NaN,9,11,2,1,NaN,NaN,10444384,989952,3,48640,43520,NaN,NaN
2026-04-01 09:00:31.955,42084,ESTAB,cubic,224,22.182,6.589,21.81,1448,10,14480,NaN,2883,2883,408,NaN,9,11,2,1,NaN,NaN,10444384,989952,3,48640,43520,NaN,NaN
2026-04-01 09:00:32.181,42084,ESTAB,cubic,224,22.182,6.589,21.81,1448,10,14480,NaN,2883,2883,408,NaN,9,11,2,1,NaN,NaN,10444384,989952,3,48640,43520,NaN,NaN
2026-04-01 09:00:32.414,42084,ESTAB,cubic,224,22.182,6.589,21.81,1448,10,14480,NaN,2883,2883,408,NaN,9,11,2,1,NaN,NaN,10444384,989952,3,48640,43520,NaN,NaN
2026-04-01 09:00:32.646,42084,ESTAB,cubic,224,22.182,6.589,21.81,1448,10,14480,NaN,2883,2883,408,NaN,9,11,2,1,NaN,NaN,10444384,989952,3,48640,43520,NaN,NaN
2026-04-01 09:00:32.873,42084,ESTAB,cubic,224,22.182,6.589,21.81,1448,10,14480,NaN,2883,2883,408,NaN,9,11,2,1,NaN,NaN,10444384,989952,3,48640,43520,NaN,NaN
2026-04-01 09:00:33.109,42084,ESTAB,cubic,224,22.182,6.589,21.81,1448,10,14480,NaN,2883,2883,408,NaN,9,11,2,1,NaN,NaN,10444384,989952,3,48640,43520,NaN,NaN
2026-04-01 09:00:33.343,42084,ESTAB,cubic,224,22.182,6.589,21.81,1448,10,14480,NaN,2883,2883,408,NaN,9,11,2,1,NaN,NaN,10444384,989952,3,48640,43520,NaN,NaN
2026-04-01 09:00:33.577,42084,ESTAB,cubic,224,22.182,6.589,21.81,1448,10,14480,NaN,2883,2883,408,NaN,9,11,2,1,NaN,NaN,10444384,989952,3,48640,43520,NaN,NaN
2026-04-01 09:00:33.810,42084,ESTAB,cubic,224,22.182,6.589,21.81,1448,10,14480,NaN,2883,2883,408,NaN,9,11,2,1,NaN,NaN,10444384,989952,3,48640,43520,NaN,NaN
2026-04-01 09:00:34.036,42084,ESTAB,cubic,224,22.182,6.589,21.81,1448,10,14480,NaN,2883,2883,408,NaN,9,11,2,1,NaN,NaN,10444384,989952,3,48640,43520,NaN,NaN
2026-04-01 09:00:34.258,42084,ESTAB,cubic,224,22.182,6.589,21.81,1448,10,14480,NaN,2883,2883,408,NaN,9,11,2,1,NaN,NaN,10444384,989952,3,48640,43520,NaN,NaN
2026-04-01 09:00:34.482,42084,ESTAB,cubic,224,22.182,6.589,21.81,1448,10,14480,NaN,2883,2883,408,NaN,9,11,2,1,NaN,NaN,10444384,989952,3,48640,43520,NaN,NaN
2026-04-01 09:00:34.707,42084,ESTAB,cubic,224,22.182,6.589,21.81,1448,10,14480,NaN,2883,2883,408,NaN,9,11,2,1,NaN,NaN,10444384,989952,3,48640,43520,NaN,NaN
2026-04-01 09:00:34.938,42084,ESTAB,cubic,224,22.182,6.589,21.81,1448,10,14480,NaN,2883,2883,408,NaN,9,11,2,1,NaN,NaN,10444384,989952,3,48640,43520,NaN,NaN
2026-04-01 09:00:35.166,42084,ESTAB,cubic,224,22.182,6.589,21.81,1448,10,14480,NaN,2883,2883,408,NaN,9,11,2,1,NaN,NaN,10444384,989952,3,48640,43520,NaN,NaN
2026-04-01 09:00:35.396,42084,ESTAB,cubic,224,22.182,6.589,21.81,1448,10,14480,NaN,2883,2883,408,NaN,9,11,2,1,NaN,NaN,10444384,989952,3,48640,43520,NaN,NaN
2026-04-01 09:00:35.625,42084,ESTAB,cubic,224,22.182,6.589,21.81,1448,10,14480,NaN,2883,2883,408,NaN,9,11,2,1,NaN,NaN,10444384,989952,3,48640,43520,NaN,NaN
2026-04-01 09:00:35.853,42084,ESTAB,cubic,224,22.182,6.589,21.81,1448,10,14480,NaN,2883,2883,408,NaN,9,11,2,1,NaN,NaN,10444384,989952,3,48640,43520,NaN,NaN
2026-04-01 09:00:36.096,42084,ESTAB,cubic,224,22.182,6.589,21.81,1448,10,14480,NaN,2883,2883,408,NaN,9,11,2,1,NaN,NaN,10444384,989952,3,48640,43520,NaN,NaN
2026-04-01 09:00:36.323,42084,ESTAB,cubic,224,22.182,6.589,21.81,1448,10,14480,NaN,2883,2883,408,NaN,9,11,2,1,NaN,NaN,10444384,989952,3,48640,43520,NaN,NaN
2026-04-01 09:00:36.548,42084,ESTAB,cubic,224,22.182,6.589,21.81,1448,10,14480,NaN,2883,2883,408,NaN,9,11,2,1,NaN,NaN,10444384,989952,3,48640,43520,NaN,NaN
2026-04-01 09:00:36.780,42084,ESTAB,cubic,224,22.182,6.589,21.81,1448,10,14480,NaN,2883,2883,408,NaN,9,11,2,1,NaN,NaN,10444384,989952,3,48640,43520,NaN,NaN
2026-04-01 09:00:37.007,42084,ESTAB,cubic,224,22.182,6.589,21.81,1448,10,14480,NaN,2883,2883,408,NaN,9,11,2,1,NaN,NaN,10444384,989952,3,48640,43520,NaN,NaN
2026-04-01 09:00:37.233,42084,ESTAB,cubic,224,22.182,6.589,21.81,1448,10,14480,NaN,2883,2883,408,NaN,9,11,2,1,NaN,NaN,10444384,989952,3,48640,43520,NaN,NaN
2026-04-01 09:00:37.464,42084,ESTAB,cubic,224,22.182,6.589,21.81,1448,10,14480,NaN,2883,2883,408,NaN,9,11,2,1,NaN,NaN,10444384,989952,3,48640,43520,NaN,NaN
2026-04-01 09:00:37.688,42084,ESTAB,cubic,224,22.182,6.589,21.81,1448,10,14480,NaN,2883,2883,408,NaN,9,11,2,1,NaN,NaN,10444384,989952,3,48640,43520,NaN,NaN
2026-04-01 09:00:37.910,42084,ESTAB,cubic,224,22.182,6.589,21.81,1448,10,14480,NaN,2883,2883,408,NaN,9,11,2,1,NaN,NaN,10444384,989952,3,48640,43520,NaN,NaN
2026-04-01 09:00:38.130,42084,ESTAB,cubic,224,22.182,6.589,21.81,1448,10,14480,NaN,2883,2883,408,NaN,9,11,2,1,NaN,NaN,10444384,989952,3,48640,43520,NaN,NaN
2026-04-01 09:00:38.351,42084,ESTAB,cubic,224,22.182,6.589,21.81,1448,10,14480,NaN,2883,2883,408,NaN,9,11,2,1,NaN,NaN,10444384,989952,3,48640,43520,NaN,NaN
2026-04-01 09:00:38.571,42084,ESTAB,cubic,224,22.182,6.589,21.81,1448,10,14480,NaN,2883,2883,408,NaN,10,12,2,1,NaN,NaN,10444384,989952,3,48640,43520,NaN,NaN
2026-04-01 09:00:38.793,42084,ESTAB,cubic,224,22.182,6.589,21.81,1448,10,14480,NaN,2883,2883,408,NaN,10,12,2,1,NaN,NaN,10444384,989952,3,48640,43520,NaN,NaN
2026-04-01 09:00:39.013,42084,ESTAB,cubic,224,22.182,6.589,21.81,1448,10,14480,NaN,2883,2883,408,NaN,10,12,2,1,NaN,NaN,10444384,989952,3,48640,43520,NaN,NaN
2026-04-01 09:00:39.233,42084,ESTAB,cubic,224,22.182,6.589,21.81,1448,10,14480,NaN,2883,2883,408,NaN,10,12,2,1,NaN,NaN,10444384,989952,3,48640,43520,NaN,NaN
2026-04-01 09:00:39.453,42084,ESTAB,cubic,224,22.182,6.589,21.81,1448,10,14480,NaN,2883,2883,408,NaN,10,12,2,1,NaN,NaN,10444384,989952,3,48640,43520,NaN,NaN
2026-04-01 09:00:39.674,42084,ESTAB,cubic,224,22.182,6.589,21.81,1448,10,14480,NaN,2883,2883,408,NaN,10,12,2,1,NaN,NaN,10444384,989952,3,48640,43520,NaN,NaN
2026-04-01 09:00:39.896,42084,ESTAB,cubic,224,22.182,6.589,21.81,1448,10,14480,NaN,2883,2883,408,NaN,11,13,2,1,NaN,NaN,10444384,989952,3,48640,43520,NaN,NaN
2026-04-01 09:00:40.115,42084,ESTAB,cubic,224,22.182,6.589,21.81,1448,10,14480,NaN,2883,2883,408,NaN,11,13,2,1,NaN,NaN,10444384,989952,3,48640,43520,NaN,NaN
2026-04-01 09:00:40.336,42084,ESTAB,cubic,224,22.182,6.589,21.81,1448,10,14480,NaN,2883,2883,408,NaN,11,13,2,1,NaN,NaN,10444384,989952,3,48640,43520,NaN,NaN
2026-04-01 09:00:40.555,42084,ESTAB,cubic,224,22.182,6.589,21.81,1448,10,14480,NaN,2883,2883,408,NaN,11,13,2,1,NaN,NaN,10444384,989952,3,48640,43520,NaN,NaN
2026-04-01 09:00:40.776,42084,ESTAB,cubic,224,22.182,6.589,21.81,1448,10,14480,NaN,2883,2883,408,NaN,11,13,2,1,NaN,NaN,10444384,989952,3,48640,43520,NaN,NaN
2026-04-01 09:00:40.996,42084,ESTAB,cubic,224,22.182,6.589,21.81,1448,10,14480,NaN,2883,2883,408,NaN,11,13,2,1,NaN,NaN,10444384,989952,3,48640,43520,NaN,NaN
2026-04-01 09:00:41.216,42084,ESTAB,cubic,224,22.182,6.589,21.81,1448,10,14480,NaN,2883,2883,408,NaN,11,13,2,1,NaN,NaN,10444384,989952,3,48640,43520,NaN,NaN
2026-04-01 09:00:41.437,42084,ESTAB,cubic,224,22.182,6.589,21.81,1448,10,14480,NaN,2883,2883,408,NaN,11,13,2,1,NaN,NaN,10444384,989952,3,48640,43520,NaN,NaN
2026-04-01 09:00:41.657,42084,ESTAB,cubic,224,22.182,6.589,21.81,1448,10,14480,NaN,2883,2883,408,NaN,11,13,2,1,NaN,NaN,10444384,989952,3,48640,43520,NaN,NaN
2026-04-01 09:00:41.879,42084,ESTAB,cubic,224,22.182,6.589,21.81,1448,10,14480,NaN,2883,2883,408,NaN,11,13,2,1,NaN,NaN,10444384,989952,3,48640,43520,NaN,NaN
2026-04-01 09:00:42.099,42084,ESTAB,cubic,224,22.182,6.589,21.81,1448,10,14480,NaN,2883,2883,408,NaN,11,13,2,1,NaN,NaN,10444384,989952,3,48640,43520,NaN,NaN
2026-04-01 09:00:42.319,42084,ESTAB,cubic,224,22.182,6.589,21.81,1448,10,14480,NaN,2883,2883,408,NaN,11,13,2,1,NaN,NaN,10444384,989952,3,48640,43520,NaN,NaN
2026-04-01 09:00:42.540,42084,ESTAB,cubic,224,22.182,6.589,21.81,1448,10,14480,NaN,2883,2883,408,NaN,11,13,2,1,NaN,NaN,10444384,989952,3,48640,43520,NaN,NaN
2026-04-01 09:00:42.761,42084,ESTAB,cubic,224,22.182,6.589,21.81,1448,10,14480,NaN,2883,2883,408,NaN,11,13,2,1,NaN,NaN,10444384,989952,3,48640,43520,NaN,NaN
2026-04-01 09:00:42.982,42084,ESTAB,cubic,224,22.182,6.589,21.81,1448,10,14480,NaN,2883,2883,408,NaN,11,13,2,1,NaN,NaN,10444384,989952,3,48640,43520,NaN,NaN
2026-04-01 09:00:43.202,42084,ESTAB,cubic,224,21.971,4.089,20.344,1448,10,14480,NaN,5766,5766,816,NaN,13,16,4,2,NaN,NaN,10544504,1048088,5,52736,43520,NaN,NaN
2026-04-01 09:00:43.424,42084,ESTAB,cubic,224,21.971,4.089,20.344,1448,10,14480,NaN,5766,5766,816,NaN,13,16,4,2,NaN,NaN,10544504,1048088,5,52736,43520,NaN,NaN
2026-04-01 09:00:43.646,42084,ESTAB,cubic,224,21.971,4.089,20.344,1448,10,14480,NaN,5766,5766,816,NaN,13,16,4,2,NaN,NaN,10544504,1048088,5,52736,43520,NaN,NaN
2026-04-01 09:00:43.868,42084,ESTAB,cubic,224,21.971,4.089,20.344,1448,10,14480,NaN,5766,5766,816,NaN,13,16,4,2,NaN,NaN,10544504,1048088,5,52736,43520,NaN,NaN
2026-04-01 09:00:44.088,42084,ESTAB,cubic,224,21.971,4.089,20.344,1448,10,14480,NaN,5766,5766,816,NaN,13,16,4,2,NaN,NaN,10544504,1048088,5,52736,43520,NaN,NaN
2026-04-01 09:00:44.310,42084,ESTAB,cubic,224,21.971,4.089,20.344,1448,10,14480,NaN,5766,5766,816,NaN,13,16,4,2,NaN,NaN,10544504,1048088,5,52736,43520,NaN,NaN
2026-04-01 09:00:44.531,42084,ESTAB,cubic,224,21.971,4.089,20.344,1448,10,14480,NaN,5766,5766,816,NaN,13,16,4,2,NaN,NaN,10544504,1048088,5,52736,43520,NaN,NaN
2026-04-01 09:00:44.751,42084,ESTAB,cubic,224,21.971,4.089,20.344,1448,10,14480,NaN,5766,5766,816,NaN,13,16,4,2,NaN,NaN,10544504,1048088,5,52736,43520,NaN,NaN
2026-04-01 09:00:44.972,42084,ESTAB,cubic,224,21.971,4.089,20.344,1448,10,14480,NaN,5766,5766,816,NaN,13,16,4,2,NaN,NaN,10544504,1048088,5,52736,43520,NaN,NaN
2026-04-01 09:00:45.192,42084,ESTAB,cubic,224,22.037,2.712,20.344,1448,10,14480,NaN,8649,8649,1224,NaN,15,19,6,3,NaN,NaN,10513224,1048088,7,52736,43520,NaN,NaN
2026-04-01 09:00:45.414,42084,ESTAB,cubic,224,22.037,2.712,20.344,1448,10,14480,NaN,8649,8649,1224,NaN,15,19,6,3,NaN,NaN,10513224,1048088,7,52736,43520,NaN,NaN
2026-04-01 09:00:45.634,42084,ESTAB,cubic,224,22.037,2.712,20.344,1448,10,14480,NaN,8649,8649,1224,NaN,15,19,6,3,NaN,NaN,10513224,1048088,7,52736,43520,NaN,NaN
2026-04-01 09:00:45.855,42084,ESTAB,cubic,224,22.037,2.712,20.344,1448,10,14480,NaN,8649,8649,1224,NaN,15,19,6,3,NaN,NaN,10513224,1048088,7,52736,43520,NaN,NaN
2026-04-01 09:00:46.079,42084,ESTAB,cubic,224,22.037,2.712,20.344,1448,10,14480,NaN,8649,8649,1224,NaN,15,19,6,3,NaN,NaN,10513224,1048088,7,52736,43520,NaN,NaN
2026-04-01 09:00:46.299,42084,ESTAB,cubic,224,22.037,2.712,20.344,1448,10,14480,NaN,8649,8649,1224,NaN,15,19,6,3,NaN,NaN,10513224,1048088,7,52736,43520,NaN,NaN
2026-04-01 09:00:46.519,42084,ESTAB,cubic,224,22.037,2.712,20.344,1448,10,14480,NaN,8649,8649,1224,NaN,15,19,6,3,NaN,NaN,10513224,1048088,7,52736,43520,NaN,NaN
2026-04-01 09:00:46.739,42084,ESTAB,cubic,224,22.037,2.712,20.344,1448,10,14480,NaN,8649,8649,1224,NaN,15,19,6,3,NaN,NaN,10513224,1048088,7,52736,43520,NaN,NaN
2026-04-01 09:00:46.962,42084,ESTAB,cubic,224,22.037,2.712,20.344,1448,10,14480,NaN,8649,8649,1224,NaN,15,19,6,3,NaN,NaN,10513224,1048088,7,52736,43520,NaN,NaN
2026-04-01 09:00:47.182,42084,ESTAB,cubic,224,22.037,2.712,20.344,1448,10,14480,NaN,8649,8649,1224,NaN,15,19,6,3,NaN,NaN,10513224,1048088,7,52736,43520,NaN,NaN
2026-04-01 09:00:47.403,42084,ESTAB,cubic,224,22.037,2.712,20.344,1448,10,14480,NaN,8649,8649,1224,NaN,15,19,6,3,NaN,NaN,10513224,1048088,7,52736,43520,NaN,NaN
2026-04-01 09:00:47.623,42084,ESTAB,cubic,224,22.037,2.712,20.344,1448,10,14480,NaN,8649,8649,1224,NaN,15,19,6,3,NaN,NaN,10513224,1048088,7,52736,43520,NaN,NaN
2026-04-01 09:00:47.845,42084,ESTAB,cubic,224,22.037,2.712,20.344,1448,10,14480,NaN,8649,8649,1224,NaN,15,19,6,3,NaN,NaN,10513224,1048088,7,52736,43520,NaN,NaN
2026-04-01 09:00:48.066,42084,ESTAB,cubic,224,22.037,2.712,20.344,1448,10,14480,NaN,8649,8649,1224,NaN,15,19,6,3,NaN,NaN,10513224,1048088,7,52736,43520,NaN,NaN
2026-04-01 09:00:48.286,42084,ESTAB,cubic,224,22.037,2.712,20.344,1448,10,14480,NaN,8649,8649,1224,NaN,15,19,6,3,NaN,NaN,10513224,1048088,7,52736,43520,NaN,NaN
2026-04-01 09:00:48.506,42084,ESTAB,cubic,224,22.037,2.712,20.344,1448,10,14480,NaN,8649,8649,1224,NaN,15,19,6,3,NaN,NaN,10513224,1048088,7,52736,43520,NaN,NaN
2026-04-01 09:00:48.729,42084,ESTAB,cubic,224,22.037,2.712,20.344,1448,10,14480,NaN,8649,8649,1224,NaN,15,19,6,3,NaN,NaN,10513224,1048088,7,52736,43520,NaN,NaN
2026-04-01 09:00:48.949,42084,ESTAB,cubic,224,22.037,2.712,20.344,1448,10,14480,NaN,8649,8649,1224,NaN,15,19,6,3,NaN,NaN,10513224,1048088,7,52736,43520,NaN,NaN
2026-04-01 09:00:49.170,42084,ESTAB,cubic,224,22.037,2.712,20.344,1448,10,14480,NaN,8649,8649,1224,NaN,15,19,6,3,NaN,NaN,10513224,1048088,7,52736,43520,NaN,NaN
2026-04-01 09:00:49.391,42084,ESTAB,cubic,224,22.037,2.712,20.344,1448,10,14480,NaN,8649,8649,1224,NaN,15,19,6,3,NaN,NaN,10513224,1048088,7,52736,43520,NaN,NaN
2026-04-01 09:00:49.612,42084,ESTAB,cubic,224,22.037,2.712,20.344,1448,10,14480,NaN,8649,8649,1224,NaN,15,19,6,3,NaN,NaN,10513224,1048088,7,52736,43520,NaN,NaN
2026-04-01 09:00:49.832,42084,ESTAB,cubic,224,22.037,2.712,20.344,1448,10,14480,NaN,8649,8649,1224,NaN,15,19,6,3,NaN,NaN,10513224,1048088,7,52736,43520,NaN,NaN
2026-04-01 09:00:50.065,42084,ESTAB,cubic,224,22.037,2.712,20.344,1448,10,14480,NaN,8649,8649,1224,NaN,15,19,6,3,NaN,NaN,10513224,1048088,7,52736,43520,NaN,NaN
2026-04-01 09:00:50.295,42084,ESTAB,cubic,224,22.037,2.712,20.344,1448,10,14480,NaN,8649,8649,1224,NaN,15,19,6,3,NaN,NaN,10513224,1048088,7,52736,43520,NaN,NaN
2026-04-01 09:00:50.515,42084,ESTAB,cubic,224,22.037,2.712,20.344,1448,10,14480,NaN,8649,8649,1224,NaN,15,19,6,3,NaN,NaN,10513224,1048088,7,52736,43520,NaN,NaN
2026-04-01 09:00:50.735,42084,ESTAB,cubic,224,22.037,2.712,20.344,1448,10,14480,NaN,8649,8649,1224,NaN,15,19,6,3,NaN,NaN,10513224,1048088,7,52736,43520,NaN,NaN
2026-04-01 09:00:50.956,42084,ESTAB,cubic,224,22.037,2.712,20.344,1448,10,14480,NaN,8649,8649,1224,NaN,15,19,6,3,NaN,NaN,10513224,1048088,7,52736,43520,NaN,NaN
2026-04-01 09:00:51.178,42084,ESTAB,cubic,224,22.037,2.712,20.344,1448,10,14480,NaN,8649,8649,1224,NaN,15,19,6,3,NaN,NaN,10513224,1048088,7,52736,43520,NaN,NaN
2026-04-01 09:00:51.398,42084,ESTAB,cubic,224,22.037,2.712,20.344,1448,10,14480,NaN,8649,8649,1224,NaN,15,19,6,3,NaN,NaN,10513224,1048088,7,52736,43520,NaN,NaN
2026-04-01 09:00:51.619,42084,ESTAB,cubic,224,22.037,2.712,20.344,1448,10,14480,NaN,8649,8649,1224,NaN,15,19,6,3,NaN,NaN,10513224,1048088,7,52736,43520,NaN,NaN
2026-04-01 09:00:51.840,42084,ESTAB,cubic,224,22.037,2.712,20.344,1448,10,14480,NaN,8649,8649,1224,NaN,15,19,6,3,NaN,NaN,10513224,1048088,7,52736,43520,NaN,NaN
2026-04-01 09:00:52.062,42084,ESTAB,cubic,224,22.037,2.712,20.344,1448,10,14480,NaN,8649,8649,1224,NaN,15,19,6,3,NaN,NaN,10513224,1048088,7,52736,43520,NaN,NaN
2026-04-01 09:00:52.282,42084,ESTAB,cubic,224,22.037,2.712,20.344,1448,10,14480,NaN,8649,8649,1224,NaN,15,19,6,3,NaN,NaN,10513224,1048088,7,52736,43520,NaN,NaN
2026-04-01 09:00:52.502,42084,ESTAB,cubic,224,22.037,2.712,20.344,1448,10,14480,NaN,8649,8649,1224,NaN,15,19,6,3,NaN,NaN,10513224,1048088,7,52736,43520,NaN,NaN
2026-04-01 09:00:52.724,42084,ESTAB,cubic,224,22.037,2.712,20.344,1448,10,14480,NaN,8649,8649,1224,NaN,15,19,6,3,NaN,NaN,10513224,1048088,7,52736,43520,NaN,NaN
2026-04-01 09:00:52.946,42084,ESTAB,cubic,224,22.037,2.712,20.344,1448,10,14480,NaN,8649,8649,1224,NaN,15,19,6,3,NaN,NaN,10513224,1048088,7,52736,43520,NaN,NaN
2026-04-01 09:00:53.166,42084,ESTAB,cubic,224,22.037,2.712,20.344,1448,10,14480,NaN,8649,8649,1224,NaN,15,19,6,3,NaN,NaN,10513224,1048088,7,52736,43520,NaN,NaN
2026-04-01 09:00:53.387,42084,ESTAB,cubic,224,22.037,2.712,20.344,1448,10,14480,NaN,8649,8649,1224,NaN,15,19,6,3,NaN,NaN,10513224,1048088,7,52736,43520,NaN,NaN
2026-04-01 09:00:53.608,42084,ESTAB,cubic,224,22.037,2.712,20.344,1448,10,14480,NaN,8649,8649,1224,NaN,15,19,6,3,NaN,NaN,10513224,1048088,7,52736,43520,NaN,NaN
2026-04-01 09:00:53.829,42084,ESTAB,cubic,224,22.037,2.712,20.344,1448,10,14480,NaN,8649,8649,1224,NaN,15,19,6,3,NaN,NaN,10513224,1048088,7,52736,43520,NaN,NaN
2026-04-01 09:00:54.050,42084,ESTAB,cubic,224,22.037,2.712,20.344,1448,10,14480,NaN,8649,8649,1224,NaN,15,19,6,3,NaN,NaN,10513224,1048088,7,52736,43520,NaN,NaN
2026-04-01 09:00:54.270,42084,ESTAB,cubic,224,22.037,2.712,20.344,1448,10,14480,NaN,8649,8649,1224,NaN,15,19,6,3,NaN,NaN,10513224,1048088,7,52736,43520,NaN,NaN
2026-04-01 09:00:54.492,42084,ESTAB,cubic,224,22.037,2.712,20.344,1448,10,14480,NaN,8649,8649,1224,NaN,15,19,6,3,NaN,NaN,10513224,1048088,7,52736,43520,NaN,NaN
2026-04-01 09:00:54.720,42084,ESTAB,cubic,224,22.037,2.712,20.344,1448,10,14480,NaN,8649,8649,1224,NaN,15,19,6,3,NaN,NaN,10513224,1048088,7,52736,43520,NaN,NaN
2026-04-01 09:00:54.963,42084,ESTAB,cubic,224,22.037,2.712,20.344,1448,10,14480,NaN,8649,8649,1224,NaN,15,19,6,3,NaN,NaN,10513224,1048088,7,52736,43520,NaN,NaN
2026-04-01 09:00:55.202,42084,ESTAB,cubic,224,22.037,2.712,20.344,1448,10,14480,NaN,8649,8649,1224,NaN,15,19,6,3,NaN,NaN,10513224,1048088,7,52736,43520,NaN,NaN
2026-04-01 09:00:55.433,42084,ESTAB,cubic,224,22.037,2.712,20.344,1448,10,14480,NaN,8649,8649,1224,NaN,15,19,6,3,NaN,NaN,10513224,1048088,7,52736,43520,NaN,NaN
2026-04-01 09:00:55.669,42084,ESTAB,cubic,224,22.037,2.712,20.344,1448,10,14480,NaN,8649,8649,1224,NaN,15,19,6,3,NaN,NaN,10513224,1048088,7,52736,43520,NaN,NaN
2026-04-01 09:00:55.913,42084,ESTAB,cubic,224,22.037,2.712,20.344,1448,10,14480,NaN,8649,8649,1224,NaN,15,19,6,3,NaN,NaN,10513224,1048088,7,52736,43520,NaN,NaN
2026-04-01 09:00:56.150,42084,ESTAB,cubic,224,22.037,2.712,20.344,1448,10,14480,NaN,8649,8649,1224,NaN,15,19,6,3,NaN,NaN,10513224,1048088,7,52736,43520,NaN,NaN
2026-04-01 09:00:56.398,42084,ESTAB,cubic,224,22.037,2.712,20.344,1448,10,14480,NaN,8649,8649,1224,NaN,15,19,6,3,NaN,NaN,10513224,1048088,7,52736,43520,NaN,NaN
2026-04-01 09:00:56.639,42084,ESTAB,cubic,224,22.037,2.712,20.344,1448,10,14480,NaN,8649,8649,1224,NaN,15,19,6,3,NaN,NaN,10513224,1048088,7,52736,43520,NaN,NaN
2026-04-01 09:00:56.871,42084,ESTAB,cubic,224,22.037,2.712,20.344,1448,10,14480,NaN,8649,8649,1224,NaN,15,19,6,3,NaN,NaN,10513224,1048088,7,52736,43520,NaN,NaN
2026-04-01 09:00:57.102,42084,ESTAB,cubic,224,22.037,2.712,20.344,1448,10,14480,NaN,8649,8649,1224,NaN,15,19,6,3,NaN,NaN,10513224,1048088,7,52736,43520,NaN,NaN
2026-04-01 09:00:57.330,42084,ESTAB,cubic,224,22.037,2.712,20.344,1448,10,14480,NaN,8649,8649,1224,NaN,15,19,6,3,NaN,NaN,10513224,1048088,7,52736,43520,NaN,NaN
2026-04-01 09:00:57.561,42084,ESTAB,cubic,224,22.037,2.712,20.344,1448,10,14480,NaN,8649,8649,1224,NaN,15,19,6,3,NaN,NaN,10513224,1048088,7,52736,43520,NaN,NaN
2026-04-01 09:00:57.801,42084,ESTAB,cubic,224,22.037,2.712,20.344,1448,10,14480,NaN,8649,8649,1224,NaN,15,19,6,3,NaN,NaN,10513224,1048088,7,52736,43520,NaN,NaN
2026-04-01 09:00:58.033,42084,ESTAB,cubic,224,22.037,2.712,20.344,1448,10,14480,NaN,8649,8649,1224,NaN,15,19,6,3,NaN,NaN,10513224,1048088,7,52736,43520,NaN,NaN
2026-04-01 09:00:58.264,42084,ESTAB,cubic,224,22.037,2.712,20.344,1448,10,14480,NaN,8649,8649,1224,NaN,15,19,6,3,NaN,NaN,10513224,1048088,7,52736,43520,NaN,NaN
2026-04-01 09:00:58.496,42084,ESTAB,cubic,224,22.037,2.712,20.344,1448,10,14480,NaN,8649,8649,1224,NaN,15,19,6,3,NaN,NaN,10513224,1048088,7,52736,43520,NaN,NaN
2026-04-01 09:00:58.727,42084,ESTAB,cubic,224,22.037,2.712,20.344,1448,10,14480,NaN,8649,8649,1224,NaN,15,19,6,3,NaN,NaN,10513224,1048088,7,52736,43520,NaN,NaN
2026-04-01 09:00:58.957,42084,ESTAB,cubic,224,22.037,2.712,20.344,1448,10,14480,NaN,8649,8649,1224,NaN,15,19,6,3,NaN,NaN,10513224,1048088,7,52736,43520,NaN,NaN
2026-04-01 09:00:59.186,42084,ESTAB,cubic,224,22.037,2.712,20.344,1448,10,14480,NaN,8649,8649,1224,NaN,15,19,6,3,NaN,NaN,10513224,1048088,7,52736,43520,NaN,NaN
2026-04-01 09:00:59.416,42084,ESTAB,cubic,224,22.037,2.712,20.344,1448,10,14480,NaN,8649,8649,1224,NaN,15,19,6,3,NaN,NaN,10513224,1048088,7,52736,43520,NaN,NaN
2026-04-01 09:00:59.652,42084,ESTAB,cubic,224,22.037,2.712,20.344,1448,10,14480,NaN,8649,8649,1224,NaN,15,19,6,3,NaN,NaN,10513224,1048088,7,52736,43520,NaN,NaN
2026-04-01 09:00:59.889,42084,ESTAB,cubic,224,22.037,2.712,20.344,1448,10,14480,NaN,8649,8649,1224,NaN,15,19,6,3,NaN,NaN,10513224,1048088,7,52736,43520,NaN,NaN
2026-04-01 09:01:00.130,42084,ESTAB,cubic,224,22.037,2.712,20.344,1448,10,14480,NaN,8649,8649,1224,NaN,15,19,6,3,NaN,NaN,10513224,1048088,7,52736,43520,NaN,NaN
2026-04-01 09:01:00.381,42084,ESTAB,cubic,224,22.037,2.712,20.344,1448,10,14480,NaN,8649,8649,1224,NaN,16,20,6,3,NaN,NaN,10513224,1048088,7,52736,43520,NaN,NaN
2026-04-01 09:01:00.628,42084,ESTAB,cubic,224,22.037,2.712,20.344,1448,10,14480,NaN,8649,8649,1224,NaN,16,20,6,3,NaN,NaN,10513224,1048088,7,52736,43520,NaN,NaN
2026-04-01 09:01:00.858,42084,ESTAB,cubic,224,22.037,2.712,20.344,1448,10,14480,NaN,8649,8649,1224,NaN,16,20,6,3,NaN,NaN,10513224,1048088,7,52736,43520,NaN,NaN
2026-04-01 09:01:01.096,42084,ESTAB,cubic,224,22.037,2.712,20.344,1448,10,14480,NaN,8649,8649,1224,NaN,16,20,6,3,NaN,NaN,10513224,1048088,7,52736,43520,NaN,NaN
2026-04-01 09:01:01.347,42084,ESTAB,cubic,224,22.037,2.712,20.344,1448,10,14480,NaN,8649,8649,1224,NaN,16,20,6,3,NaN,NaN,10513224,1048088,7,52736,43520,NaN,NaN
2026-04-01 09:01:01.587,42084,ESTAB,cubic,224,22.037,2.712,20.344,1448,10,14480,NaN,8649,8649,1224,NaN,16,20,6,3,NaN,NaN,10513224,1048088,7,52736,43520,NaN,NaN
2026-04-01 09:01:01.822,42084,ESTAB,cubic,224,22.037,2.712,20.344,1448,10,14480,NaN,8649,8649,1224,NaN,16,20,6,3,NaN,NaN,10513224,1048088,7,52736,43520,NaN,NaN
2026-04-01 09:01:02.071,42084,ESTAB,cubic,224,22.037,2.712,20.344,1448,10,14480,NaN,8649,8649,1224,NaN,16,20,6,3,NaN,NaN,10513224,1048088,7,52736,43520,NaN,NaN
2026-04-01 09:01:02.318,42084,ESTAB,cubic,224,22.037,2.712,20.344,1448,10,14480,NaN,8649,8649,1224,NaN,16,20,6,3,NaN,NaN,10513224,1048088,7,52736,43520,NaN,NaN
2026-04-01 09:01:02.559,42084,ESTAB,cubic,224,22.037,2.712,20.344,1448,10,14480,NaN,8649,8649,1224,NaN,16,20,6,3,NaN,NaN,10513224,1048088,7,52736,43520,NaN,NaN
2026-04-01 09:01:02.795,42084,ESTAB,cubic,224,22.037,2.712,20.344,1448,10,14480,NaN,8649,8649,1224,NaN,16,20,6,3,NaN,NaN,10513224,1048088,7,52736,43520,NaN,NaN
2026-04-01 09:01:03.035,42084,ESTAB,cubic,224,22.037,2.712,20.344,1448,10,14480,NaN,8649,8649,1224,NaN,16,20,6,3,NaN,NaN,10513224,1048088,7,52736,43520,NaN,NaN
2026-04-01 09:01:03.269,42084,ESTAB,cubic,224,22.037,2.712,20.344,1448,10,14480,NaN,8649,8649,1224,NaN,16,20,6,3,NaN,NaN,10513224,1048088,7,52736,43520,NaN,NaN
2026-04-01 09:01:03.508,42084,ESTAB,cubic,224,22.037,2.712,20.344,1448,10,14480,NaN,8649,8649,1224,NaN,16,20,6,3,NaN,NaN,10513224,1048088,7,52736,43520,NaN,NaN
2026-04-01 09:01:03.740,42084,ESTAB,cubic,224,22.037,2.712,20.344,1448,10,14480,NaN,8649,8649,1224,NaN,16,20,6,3,NaN,NaN,10513224,1048088,7,52736,43520,NaN,NaN
2026-04-01 09:01:03.967,42084,ESTAB,cubic,224,22.037,2.712,20.344,1448,10,14480,NaN,8649,8649,1224,NaN,16,20,6,3,NaN,NaN,10513224,1048088,7,52736,43520,NaN,NaN
2026-04-01 09:01:04.197,42084,ESTAB,cubic,224,22.037,2.712,20.344,1448,10,14480,NaN,8649,8649,1224,NaN,16,20,6,3,NaN,NaN,10513224,1048088,7,52736,43520,NaN,NaN
2026-04-01 09:01:04.443,42084,ESTAB,cubic,224,22.037,2.712,20.344,1448,10,14480,NaN,8649,8649,1224,NaN,16,20,6,3,NaN,NaN,10513224,1048088,7,52736,43520,NaN,NaN
2026-04-01 09:01:04.688,42084,ESTAB,cubic,224,22.037,2.712,20.344,1448,10,14480,NaN,8649,8649,1224,NaN,16,20,6,3,NaN,NaN,10513224,1048088,7,52736,43520,NaN,NaN
2026-04-01 09:01:04.939,42084,ESTAB,cubic,224,22.037,2.712,20.344,1448,10,14480,NaN,8649,8649,1224,NaN,16,20,6,3,NaN,NaN,10513224,1048088,7,52736,43520,NaN,NaN
2026-04-01 09:01:05.192,42084,ESTAB,cubic,224,22.037,2.712,20.344,1448,10,14480,NaN,8649,8649,1224,NaN,16,20,6,3,NaN,NaN,10513224,1048088,7,52736,43520,NaN,NaN
2026-04-01 09:01:05.457,42084,ESTAB,cubic,224,22.037,2.712,20.344,1448,10,14480,NaN,8649,8649,1224,NaN,16,20,6,3,NaN,NaN,10513224,1048088,7,52736,43520,NaN,NaN
2026-04-01 09:01:05.703,42084,ESTAB,cubic,224,22.037,2.712,20.344,1448,10,14480,NaN,8649,8649,1224,NaN,16,20,6,3,NaN,NaN,10513224,1048088,7,52736,43520,NaN,NaN
2026-04-01 09:01:05.937,42084,ESTAB,cubic,224,22.037,2.712,20.344,1448,10,14480,NaN,8649,8649,1224,NaN,16,20,6,3,NaN,NaN,10513224,1048088,7,52736,43520,NaN,NaN
2026-04-01 09:01:06.181,42084,ESTAB,cubic,224,22.037,2.712,20.344,1448,10,14480,NaN,8649,8649,1224,NaN,16,20,6,3,NaN,NaN,10513224,1048088,7,52736,43520,NaN,NaN
2026-04-01 09:01:06.428,42084,ESTAB,cubic,224,22.037,2.712,20.344,1448,10,14480,NaN,8649,8649,1224,NaN,16,20,6,3,NaN,NaN,10513224,1048088,7,52736,43520,NaN,NaN
2026-04-01 09:01:06.669,42084,ESTAB,cubic,224,22.037,2.712,20.344,1448,10,14480,NaN,8649,8649,1224,NaN,16,20,6,3,NaN,NaN,10513224,1048088,7,52736,43520,NaN,NaN
2026-04-01 09:01:06.915,42084,ESTAB,cubic,224,22.037,2.712,20.344,1448,10,14480,NaN,8649,8649,1224,NaN,16,20,6,3,NaN,NaN,10513224,1048088,7,52736,43520,NaN,NaN
2026-04-01 09:01:07.149,42084,ESTAB,cubic,224,22.037,2.712,20.344,1448,10,14480,NaN,8649,8649,1224,NaN,16,20,6,3,NaN,NaN,10513224,1048088,7,52736,43520,NaN,NaN
2026-04-01 09:01:07.380,42084,ESTAB,cubic,224,22.037,2.712,20.344,1448,10,14480,NaN,8649,8649,1224,NaN,16,20,6,3,NaN,NaN,10513224,1048088,7,52736,43520,NaN,NaN
2026-04-01 09:01:07.609,42084,ESTAB,cubic,224,22.037,2.712,20.344,1448,10,14480,NaN,8649,8649,1224,NaN,16,20,6,3,NaN,NaN,10513224,1048088,7,52736,43520,NaN,NaN
2026-04-01 09:01:07.843,42084,ESTAB,cubic,224,22.037,2.712,20.344,1448,10,14480,NaN,8649,8649,1224,NaN,16,20,6,3,NaN,NaN,10513224,1048088,7,52736,43520,NaN,NaN
2026-04-01 09:01:08.082,42084,ESTAB,cubic,224,22.037,2.712,20.344,1448,10,14480,NaN,8649,8649,1224,NaN,16,20,6,3,NaN,NaN,10513224,1048088,7,52736,43520,NaN,NaN
2026-04-01 09:01:08.332,42084,ESTAB,cubic,224,22.037,2.712,20.344,1448,10,14480,NaN,8649,8649,1224,NaN,16,20,6,3,NaN,NaN,10513224,1048088,7,52736,43520,NaN,NaN
2026-04-01 09:01:08.581,42084,ESTAB,cubic,224,22.037,2.712,20.344,1448,10,14480,NaN,8649,8649,1224,NaN,16,20,6,3,NaN,NaN,10513224,1048088,7,52736,43520,NaN,NaN
2026-04-01 09:01:08.839,42084,ESTAB,cubic,224,22.037,2.712,20.344,1448,10,14480,NaN,8649,8649,1224,NaN,16,20,6,3,NaN,NaN,10513224,1048088,7,52736,43520,NaN,NaN
2026-04-01 09:01:09.098,42084,ESTAB,cubic,224,22.037,2.712,20.344,1448,10,14480,NaN,8649,8649,1224,NaN,16,20,6,3,NaN,NaN,10513224,1048088,7,52736,43520,NaN,NaN
2026-04-01 09:01:09.336,42084,ESTAB,cubic,224,22.037,2.712,20.344,1448,10,14480,NaN,8649,8649,1224,NaN,16,20,6,3,NaN,NaN,10513224,1048088,7,52736,43520,NaN,NaN
2026-04-01 09:01:09.572,42084,ESTAB,cubic,224,22.037,2.712,20.344,1448,10,14480,NaN,8649,8649,1224,NaN,16,20,6,3,NaN,NaN,10513224,1048088,7,52736,43520,NaN,NaN
2026-04-01 09:01:09.811,42084,ESTAB,cubic,224,22.037,2.712,20.344,1448,10,14480,NaN,8649,8649,1224,NaN,16,20,6,3,NaN,NaN,10513224,1048088,7,52736,43520,NaN,NaN
2026-04-01 09:01:10.052,42084,ESTAB,cubic,224,22.037,2.712,20.344,1448,10,14480,NaN,8649,8649,1224,NaN,16,20,6,3,NaN,NaN,10513224,1048088,7,52736,43520,NaN,NaN
2026-04-01 09:01:10.293,42084,ESTAB,cubic,224,22.037,2.712,20.344,1448,10,14480,NaN,8649,8649,1224,NaN,16,20,6,3,NaN,NaN,10513224,1048088,7,52736,43520,NaN,NaN
2026-04-01 09:01:10.529,42084,ESTAB,cubic,224,22.037,2.712,20.344,1448,10,14480,NaN,8649,8649,1224,NaN,16,20,6,3,NaN,NaN,10513224,1048088,7,52736,43520,NaN,NaN
2026-04-01 09:01:10.765,42084,ESTAB,cubic,224,22.037,2.712,20.344,1448,10,14480,NaN,8649,8649,1224,NaN,16,20,6,3,NaN,NaN,10513224,1048088,7,52736,43520,NaN,NaN
2026-04-01 09:01:11.000,42084,ESTAB,cubic,224,22.037,2.712,20.344,1448,10,14480,NaN,8649,8649,1224,NaN,16,20,6,3,NaN,NaN,10513224,1048088,7,52736,43520,NaN,NaN
2026-04-01 09:01:11.236,42084,ESTAB,cubic,224,22.037,2.712,20.344,1448,10,14480,NaN,8649,8649,1224,NaN,16,20,6,3,NaN,NaN,10513224,1048088,7,52736,43520,NaN,NaN
2026-04-01 09:01:11.473,42084,ESTAB,cubic,224,22.037,2.712,20.344,1448,10,14480,NaN,8649,8649,1224,NaN,16,20,6,3,NaN,NaN,10513224,1048088,7,52736,43520,NaN,NaN
2026-04-01 09:01:11.712,42084,ESTAB,cubic,224,22.037,2.712,20.344,1448,10,14480,NaN,8649,8649,1224,NaN,16,20,6,3,NaN,NaN,10513224,1048088,7,52736,43520,NaN,NaN
2026-04-01 09:01:11.945,42084,ESTAB,cubic,224,22.037,2.712,20.344,1448,10,14480,NaN,8649,8649,1224,NaN,16,20,6,3,NaN,NaN,10513224,1048088,7,52736,43520,NaN,NaN
2026-04-01 09:01:12.175,42084,ESTAB,cubic,224,22.037,2.712,20.344,1448,10,14480,NaN,8649,8649,1224,NaN,16,20,6,3,NaN,NaN,10513224,1048088,7,52736,43520,NaN,NaN
2026-04-01 09:01:12.419,42084,ESTAB,cubic,224,22.037,2.712,20.344,1448,10,14480,NaN,8649,8649,1224,NaN,16,20,6,3,NaN,NaN,10513224,1048088,7,52736,43520,NaN,NaN
2026-04-01 09:01:12.661,42084,ESTAB,cubic,224,22.037,2.712,20.344,1448,10,14480,NaN,8649,8649,1224,NaN,16,20,6,3,NaN,NaN,10513224,1048088,7,52736,43520,NaN,NaN
2026-04-01 09:01:12.900,42084,ESTAB,cubic,224,22.037,2.712,20.344,1448,10,14480,NaN,8649,8649,1224,NaN,16,20,6,3,NaN,NaN,10513224,1048088,7,52736,43520,NaN,NaN
2026-04-01 09:01:13.146,42084,ESTAB,cubic,224,22.037,2.712,20.344,1448,10,14480,NaN,8649,8649,1224,NaN,16,20,6,3,NaN,NaN,10513224,1048088,7,52736,43520,NaN,NaN
2026-04-01 09:01:13.384,42084,ESTAB,cubic,224,22.037,2.712,20.344,1448,10,14480,NaN,8649,8649,1224,NaN,16,20,6,3,NaN,NaN,10513224,1048088,7,52736,43520,NaN,NaN
2026-04-01 09:01:13.628,42084,ESTAB,cubic,224,22.037,2.712,20.344,1448,10,14480,NaN,8649,8649,1224,NaN,16,20,6,3,NaN,NaN,10513224,1048088,7,52736,43520,NaN,NaN
2026-04-01 09:01:13.863,42084,ESTAB,cubic,224,22.037,2.712,20.344,1448,10,14480,NaN,8649,8649,1224,NaN,16,20,6,3,NaN,NaN,10513224,1048088,7,52736,43520,NaN,NaN
2026-04-01 09:01:14.113,42084,ESTAB,cubic,224,22.037,2.712,20.344,1448,10,14480,NaN,8649,8649,1224,NaN,16,20,6,3,NaN,NaN,10513224,1048088,7,52736,43520,NaN,NaN
2026-04-01 09:01:14.347,42084,ESTAB,cubic,224,22.037,2.712,20.344,1448,10,14480,NaN,8649,8649,1224,NaN,16,20,6,3,NaN,NaN,10513224,1048088,7,52736,43520,NaN,NaN
2026-04-01 09:01:14.580,42084,ESTAB,cubic,224,22.037,2.712,20.344,1448,10,14480,NaN,8649,8649,1224,NaN,16,20,6,3,NaN,NaN,10513224,1048088,7,52736,43520,NaN,NaN
2026-04-01 09:01:14.830,42084,ESTAB,cubic,224,22.037,2.712,20.344,1448,10,14480,NaN,8649,8649,1224,NaN,16,20,6,3,NaN,NaN,10513224,1048088,7,52736,43520,NaN,NaN
2026-04-01 09:01:15.063,42084,ESTAB,cubic,224,22.037,2.712,20.344,1448,10,14480,NaN,8649,8649,1224,NaN,16,20,6,3,NaN,NaN,10513224,1048088,7,52736,43520,NaN,NaN
2026-04-01 09:01:15.292,42084,ESTAB,cubic,224,22.037,2.712,20.344,1448,10,14480,NaN,8649,8649,1224,NaN,17,20,6,3,NaN,NaN,10513224,1048088,7,52736,43520,NaN,NaN
2026-04-01 09:01:15.525,42084,ESTAB,cubic,224,22.037,2.712,20.344,1448,10,14480,NaN,8649,8649,1224,NaN,17,21,6,3,NaN,NaN,10513224,1048088,7,52736,43520,NaN,NaN
2026-04-01 09:01:15.752,42084,ESTAB,cubic,224,22.037,2.712,20.344,1448,10,14480,NaN,8649,8649,1224,NaN,17,21,6,3,NaN,NaN,10513224,1048088,7,52736,43520,NaN,NaN
2026-04-01 09:01:16.004,42084,ESTAB,cubic,224,22.037,2.712,20.344,1448,10,14480,NaN,8649,8649,1224,NaN,17,21,6,3,NaN,NaN,10513224,1048088,7,52736,43520,NaN,NaN
2026-04-01 09:01:16.242,42084,ESTAB,cubic,224,22.037,2.712,20.344,1448,10,14480,NaN,8649,8649,1224,NaN,17,21,6,3,NaN,NaN,10513224,1048088,7,52736,43520,NaN,NaN
2026-04-01 09:01:16.475,42084,ESTAB,cubic,224,22.037,2.712,20.344,1448,10,14480,NaN,8649,8649,1224,NaN,17,21,6,3,NaN,NaN,10513224,1048088,7,52736,43520,NaN,NaN
2026-04-01 09:01:16.708,42084,ESTAB,cubic,224,22.037,2.712,20.344,1448,10,14480,NaN,8649,8649,1224,NaN,17,21,6,3,NaN,NaN,10513224,1048088,7,52736,43520,NaN,NaN
2026-04-01 09:01:16.940,42084,ESTAB,cubic,224,22.037,2.712,20.344,1448,10,14480,NaN,8649,8649,1224,NaN,17,21,6,3,NaN,NaN,10513224,1048088,7,52736,43520,NaN,NaN
2026-04-01 09:01:17.174,42084,ESTAB,cubic,224,22.037,2.712,20.344,1448,10,14480,NaN,8649,8649,1224,NaN,17,21,6,3,NaN,NaN,10513224,1048088,7,52736,43520,NaN,NaN
2026-04-01 09:01:17.406,42084,ESTAB,cubic,224,22.037,2.712,20.344,1448,10,14480,NaN,8649,8649,1224,NaN,17,21,6,3,NaN,NaN,10513224,1048088,7,52736,43520,NaN,NaN
2026-04-01 09:01:17.645,42084,ESTAB,cubic,224,22.037,2.712,20.344,1448,10,14480,NaN,8649,8649,1224,NaN,17,21,6,3,NaN,NaN,10513224,1048088,7,52736,43520,NaN,NaN
2026-04-01 09:01:17.881,42084,ESTAB,cubic,224,22.037,2.712,20.344,1448,10,14480,NaN,8649,8649,1224,NaN,17,21,6,3,NaN,NaN,10513224,1048088,7,52736,43520,NaN,NaN
2026-04-01 09:01:18.121,42084,ESTAB,cubic,224,22.037,2.712,20.344,1448,10,14480,NaN,8649,8649,1224,NaN,17,21,6,3,NaN,NaN,10513224,1048088,7,52736,43520,NaN,NaN
2026-04-01 09:01:18.371,42084,ESTAB,cubic,224,22.037,2.712,20.344,1448,10,14480,NaN,8649,8649,1224,NaN,17,21,6,3,NaN,NaN,10513224,1048088,7,52736,43520,NaN,NaN
2026-04-01 09:01:18.621,42084,ESTAB,cubic,224,22.037,2.712,20.344,1448,10,14480,NaN,8649,8649,1224,NaN,17,21,6,3,NaN,NaN,10513224,1048088,7,52736,43520,NaN,NaN
2026-04-01 09:01:18.851,42084,ESTAB,cubic,224,22.037,2.712,20.344,1448,10,14480,NaN,8649,8649,1224,NaN,17,21,6,3,NaN,NaN,10513224,1048088,7,52736,43520,NaN,NaN
2026-04-01 09:01:19.077,42084,ESTAB,cubic,224,22.037,2.712,20.344,1448,10,14480,NaN,8649,8649,1224,NaN,17,21,6,3,NaN,NaN,10513224,1048088,7,52736,43520,NaN,NaN
2026-04-01 09:01:19.307,42084,ESTAB,cubic,224,22.037,2.712,20.344,1448,10,14480,NaN,8649,8649,1224,NaN,17,21,6,3,NaN,NaN,10513224,1048088,7,52736,43520,NaN,NaN
2026-04-01 09:01:19.540,42084,ESTAB,cubic,224,22.037,2.712,20.344,1448,10,14480,NaN,8649,8649,1224,NaN,17,21,6,3,NaN,NaN,10513224,1048088,7,52736,43520,NaN,NaN
2026-04-01 09:01:19.782,42084,ESTAB,cubic,224,22.037,2.712,20.344,1448,10,14480,NaN,8649,8649,1224,NaN,17,21,6,3,NaN,NaN,10513224,1048088,7,52736,43520,NaN,NaN
2026-04-01 09:01:20.036,42084,ESTAB,cubic,224,22.037,2.712,20.344,1448,10,14480,NaN,8649,8649,1224,NaN,17,21,6,3,NaN,NaN,10513224,1048088,7,52736,43520,NaN,NaN
2026-04-01 09:01:20.280,42084,ESTAB,cubic,224,22.037,2.712,20.344,1448,10,14480,NaN,8649,8649,1224,NaN,17,21,6,3,NaN,NaN,10513224,1048088,7,52736,43520,NaN,NaN
2026-04-01 09:01:20.513,42084,ESTAB,cubic,224,22.037,2.712,20.344,1448,10,14480,NaN,8649,8649,1224,NaN,17,21,6,3,NaN,NaN,10513224,1048088,7,52736,43520,NaN,NaN
2026-04-01 09:01:20.755,42084,ESTAB,cubic,224,22.037,2.712,20.344,1448,10,14480,NaN,8649,8649,1224,NaN,17,21,6,3,NaN,NaN,10513224,1048088,7,52736,43520,NaN,NaN
2026-04-01 09:01:20.993,42084,ESTAB,cubic,224,22.037,2.712,20.344,1448,10,14480,NaN,8649,8649,1224,NaN,17,21,6,3,NaN,NaN,10513224,1048088,7,52736,43520,NaN,NaN
2026-04-01 09:01:21.222,42084,ESTAB,cubic,224,22.037,2.712,20.344,1448,10,14480,NaN,8649,8649,1224,NaN,17,21,6,3,NaN,NaN,10513224,1048088,7,52736,43520,NaN,NaN
2026-04-01 09:01:21.453,42084,ESTAB,cubic,224,22.037,2.712,20.344,1448,10,14480,NaN,8649,8649,1224,NaN,17,21,6,3,NaN,NaN,10513224,1048088,7,52736,43520,NaN,NaN
2026-04-01 09:01:21.700,42084,ESTAB,cubic,224,22.037,2.712,20.344,1448,10,14480,NaN,8649,8649,1224,NaN,17,21,6,3,NaN,NaN,10513224,1048088,7,52736,43520,NaN,NaN
2026-04-01 09:01:21.935,42084,ESTAB,cubic,224,22.037,2.712,20.344,1448,10,14480,NaN,8649,8649,1224,NaN,17,21,6,3,NaN,NaN,10513224,1048088,7,52736,43520,NaN,NaN
2026-04-01 09:01:22.169,42084,ESTAB,cubic,224,22.037,2.712,20.344,1448,10,14480,NaN,8649,8649,1224,NaN,17,21,6,3,NaN,NaN,10513224,1048088,7,52736,43520,NaN,NaN
2026-04-01 09:01:22.407,42084,ESTAB,cubic,224,22.037,2.712,20.344,1448,10,14480,NaN,8649,8649,1224,NaN,17,21,6,3,NaN,NaN,10513224,1048088,7,52736,43520,NaN,NaN
2026-04-01 09:01:22.642,42084,ESTAB,cubic,224,22.037,2.712,20.344,1448,10,14480,NaN,8649,8649,1224,NaN,17,21,6,3,NaN,NaN,10513224,1048088,7,52736,43520,NaN,NaN
2026-04-01 09:01:22.868,42084,ESTAB,cubic,224,22.037,2.712,20.344,1448,10,14480,NaN,8649,8649,1224,NaN,17,21,6,3,NaN,NaN,10513224,1048088,7,52736,43520,NaN,NaN
2026-04-01 09:01:23.095,42084,ESTAB,cubic,224,22.037,2.712,20.344,1448,10,14480,NaN,8649,8649,1224,NaN,17,21,6,3,NaN,NaN,10513224,1048088,7,52736,43520,NaN,NaN
2026-04-01 09:01:23.342,42084,ESTAB,cubic,224,22.037,2.712,20.344,1448,10,14480,NaN,8649,8649,1224,NaN,17,21,6,3,NaN,NaN,10513224,1048088,7,52736,43520,NaN,NaN
2026-04-01 09:01:23.600,42084,ESTAB,cubic,224,22.037,2.712,20.344,1448,10,14480,NaN,8649,8649,1224,NaN,17,21,6,3,NaN,NaN,10513224,1048088,7,52736,43520,NaN,NaN
2026-04-01 09:01:23.867,42084,ESTAB,cubic,224,22.037,2.712,20.344,1448,10,14480,NaN,8649,8649,1224,NaN,17,21,6,3,NaN,NaN,10513224,1048088,7,52736,43520,NaN,NaN
2026-04-01 09:01:24.095,42084,ESTAB,cubic,224,22.037,2.712,20.344,1448,10,14480,NaN,8649,8649,1224,NaN,17,21,6,3,NaN,NaN,10513224,1048088,7,52736,43520,NaN,NaN
2026-04-01 09:01:24.322,42084,ESTAB,cubic,224,22.037,2.712,20.344,1448,10,14480,NaN,8649,8649,1224,NaN,17,21,6,3,NaN,NaN,10513224,1048088,7,52736,43520,NaN,NaN
2026-04-01 09:01:24.549,42084,ESTAB,cubic,224,22.037,2.712,20.344,1448,10,14480,NaN,8649,8649,1224,NaN,17,21,6,3,NaN,NaN,10513224,1048088,7,52736,43520,NaN,NaN
2026-04-01 09:01:24.779,42084,ESTAB,cubic,224,22.037,2.712,20.344,1448,10,14480,NaN,8649,8649,1224,NaN,17,21,6,3,NaN,NaN,10513224,1048088,7,52736,43520,NaN,NaN
2026-04-01 09:01:25.018,42084,ESTAB,cubic,224,22.037,2.712,20.344,1448,10,14480,NaN,8649,8649,1224,NaN,17,21,6,3,NaN,NaN,10513224,1048088,7,52736,43520,NaN,NaN
2026-04-01 09:01:25.248,42084,ESTAB,cubic,224,22.037,2.712,20.344,1448,10,14480,NaN,8649,8649,1224,NaN,17,21,6,3,NaN,NaN,10513224,1048088,7,52736,43520,NaN,NaN
2026-04-01 09:01:25.482,42084,ESTAB,cubic,224,22.037,2.712,20.344,1448,10,14480,NaN,8649,8649,1224,NaN,17,21,6,3,NaN,NaN,10513224,1048088,7,52736,43520,NaN,NaN
2026-04-01 09:01:25.717,42084,ESTAB,cubic,224,22.037,2.712,20.344,1448,10,14480,NaN,8649,8649,1224,NaN,17,21,6,3,NaN,NaN,10513224,1048088,7,52736,43520,NaN,NaN
2026-04-01 09:01:25.966,42084,ESTAB,cubic,224,22.037,2.712,20.344,1448,10,14480,NaN,8649,8649,1224,NaN,17,21,6,3,NaN,NaN,10513224,1048088,7,52736,43520,NaN,NaN
2026-04-01 09:01:26.200,42084,ESTAB,cubic,224,22.037,2.712,20.344,1448,10,14480,NaN,8649,8649,1224,NaN,17,21,6,3,NaN,NaN,10513224,1048088,7,52736,43520,NaN,NaN
2026-04-01 09:01:26.431,42084,ESTAB,cubic,224,22.037,2.712,20.344,1448,10,14480,NaN,8649,8649,1224,NaN,17,21,6,3,NaN,NaN,10513224,1048088,7,52736,43520,NaN,NaN
2026-04-01 09:01:26.657,42084,ESTAB,cubic,224,22.037,2.712,20.344,1448,10,14480,NaN,8649,8649,1224,NaN,17,21,6,3,NaN,NaN,10513224,1048088,7,52736,43520,NaN,NaN
2026-04-01 09:01:26.885,42084,ESTAB,cubic,224,22.037,2.712,20.344,1448,10,14480,NaN,8649,8649,1224,NaN,17,21,6,3,NaN,NaN,10513224,1048088,7,52736,43520,NaN,NaN
2026-04-01 09:01:27.112,42084,ESTAB,cubic,224,22.037,2.712,20.344,1448,10,14480,NaN,8649,8649,1224,NaN,17,21,6,3,NaN,NaN,10513224,1048088,7,52736,43520,NaN,NaN
2026-04-01 09:01:27.333,42084,ESTAB,cubic,224,22.037,2.712,20.344,1448,10,14480,NaN,8649,8649,1224,NaN,17,21,6,3,NaN,NaN,10513224,1048088,7,52736,43520,NaN,NaN
2026-04-01 09:01:27.556,42084,ESTAB,cubic,224,22.037,2.712,20.344,1448,10,14480,NaN,8649,8649,1224,NaN,17,21,6,3,NaN,NaN,10513224,1048088,7,52736,43520,NaN,NaN
2026-04-01 09:01:27.779,42084,ESTAB,cubic,224,22.037,2.712,20.344,1448,10,14480,NaN,8649,8649,1224,NaN,17,21,6,3,NaN,NaN,10513224,1048088,7,52736,43520,NaN,NaN
2026-04-01 09:01:28.006,42084,ESTAB,cubic,224,22.037,2.712,20.344,1448,10,14480,NaN,8649,8649,1224,NaN,17,21,6,3,NaN,NaN,10513224,1048088,7,52736,43520,NaN,NaN
2026-04-01 09:01:28.240,42084,ESTAB,cubic,224,22.037,2.712,20.344,1448,10,14480,NaN,8649,8649,1224,NaN,17,21,6,3,NaN,NaN,10513224,1048088,7,52736,43520,NaN,NaN
2026-04-01 09:01:28.476,42084,ESTAB,cubic,224,22.037,2.712,20.344,1448,10,14480,NaN,8649,8649,1224,NaN,17,21,6,3,NaN,NaN,10513224,1048088,7,52736,43520,NaN,NaN
2026-04-01 09:01:28.726,42084,ESTAB,cubic,224,22.037,2.712,20.344,1448,10,14480,NaN,8649,8649,1224,NaN,17,21,6,3,NaN,NaN,10513224,1048088,7,52736,43520,NaN,NaN
2026-04-01 09:01:28.957,42084,ESTAB,cubic,224,22.037,2.712,20.344,1448,10,14480,NaN,8649,8649,1224,NaN,17,21,6,3,NaN,NaN,10513224,1048088,7,52736,43520,NaN,NaN
2026-04-01 09:01:29.186,42084,ESTAB,cubic,224,22.037,2.712,20.344,1448,10,14480,NaN,8649,8649,1224,NaN,17,21,6,3,NaN,NaN,10513224,1048088,7,52736,43520,NaN,NaN
2026-04-01 09:01:29.422,42084,ESTAB,cubic,224,22.037,2.712,20.344,1448,10,14480,NaN,8649,8649,1224,NaN,17,21,6,3,NaN,NaN,10513224,1048088,7,52736,43520,NaN,NaN
2026-04-01 09:01:29.656,42084,ESTAB,cubic,224,22.037,2.712,20.344,1448,10,14480,NaN,8649,8649,1224,NaN,17,21,6,3,NaN,NaN,10513224,1048088,7,52736,43520,NaN,NaN
2026-04-01 09:01:29.885,42084,ESTAB,cubic,224,22.037,2.712,20.344,1448,10,14480,NaN,8649,8649,1224,NaN,17,21,6,3,NaN,NaN,10513224,1048088,7,52736,43520,NaN,NaN
2026-04-01 09:01:30.116,42084,ESTAB,cubic,224,22.037,2.712,20.344,1448,10,14480,NaN,8649,8649,1224,NaN,17,21,6,3,NaN,NaN,10513224,1048088,7,52736,43520,NaN,NaN
2026-04-01 09:01:30.350,42084,ESTAB,cubic,224,22.037,2.712,20.344,1448,10,14480,NaN,8649,8649,1224,NaN,18,22,6,3,NaN,NaN,10513224,1048088,7,52736,43520,NaN,NaN
2026-04-01 09:01:30.601,42084,ESTAB,cubic,224,22.037,2.712,20.344,1448,10,14480,NaN,8649,8649,1224,NaN,19,23,6,3,NaN,NaN,10513224,1048088,7,52736,43520,NaN,NaN
2026-04-01 09:01:30.839,42084,ESTAB,cubic,224,22.037,2.712,20.344,1448,10,14480,NaN,8649,8649,1224,NaN,19,23,6,3,NaN,NaN,10513224,1048088,7,52736,43520,NaN,NaN
2026-04-01 09:01:31.071,42084,ESTAB,cubic,224,22.037,2.712,20.344,1448,10,14480,NaN,8649,8649,1224,NaN,19,23,6,3,NaN,NaN,10513224,1048088,7,52736,43520,NaN,NaN
2026-04-01 09:01:31.301,42084,ESTAB,cubic,224,22.037,2.712,20.344,1448,10,14480,NaN,8649,8649,1224,NaN,19,23,6,3,NaN,NaN,10513224,1048088,7,52736,43520,NaN,NaN
2026-04-01 09:01:31.532,42084,ESTAB,cubic,224,22.037,2.712,20.344,1448,10,14480,NaN,8649,8649,1224,NaN,19,23,6,3,NaN,NaN,10513224,1048088,7,52736,43520,NaN,NaN
2026-04-01 09:01:31.769,42084,ESTAB,cubic,224,22.037,2.712,20.344,1448,10,14480,NaN,8649,8649,1224,NaN,19,23,6,3,NaN,NaN,10513224,1048088,7,52736,43520,NaN,NaN
2026-04-01 09:01:32.013,42084,ESTAB,cubic,224,22.037,2.712,20.344,1448,10,14480,NaN,8649,8649,1224,NaN,19,23,6,3,NaN,NaN,10513224,1048088,7,52736,43520,NaN,NaN
2026-04-01 09:01:32.252,42084,ESTAB,cubic,224,22.037,2.712,20.344,1448,10,14480,NaN,8649,8649,1224,NaN,19,23,6,3,NaN,NaN,10513224,1048088,7,52736,43520,NaN,NaN
2026-04-01 09:01:32.493,42084,ESTAB,cubic,224,22.037,2.712,20.344,1448,10,14480,NaN,8649,8649,1224,NaN,19,23,6,3,NaN,NaN,10513224,1048088,7,52736,43520,NaN,NaN
2026-04-01 09:01:32.733,42084,ESTAB,cubic,224,22.037,2.712,20.344,1448,10,14480,NaN,8649,8649,1224,NaN,19,23,6,3,NaN,NaN,10513224,1048088,7,52736,43520,NaN,NaN
2026-04-01 09:01:32.966,42084,ESTAB,cubic,224,22.037,2.712,20.344,1448,10,14480,NaN,8649,8649,1224,NaN,19,23,6,3,NaN,NaN,10513224,1048088,7,52736,43520,NaN,NaN
2026-04-01 09:01:33.196,42084,ESTAB,cubic,224,22.037,2.712,20.344,1448,10,14480,NaN,8649,8649,1224,NaN,19,23,6,3,NaN,NaN,10513224,1048088,7,52736,43520,NaN,NaN
2026-04-01 09:01:33.445,42084,ESTAB,cubic,224,22.037,2.712,20.344,1448,10,14480,NaN,8649,8649,1224,NaN,19,23,6,3,NaN,NaN,10513224,1048088,7,52736,43520,NaN,NaN
2026-04-01 09:01:33.685,42084,ESTAB,cubic,224,22.037,2.712,20.344,1448,10,14480,NaN,8649,8649,1224,NaN,19,23,6,3,NaN,NaN,10513224,1048088,7,52736,43520,NaN,NaN
2026-04-01 09:01:33.920,42084,ESTAB,cubic,224,22.037,2.712,20.344,1448,10,14480,NaN,8649,8649,1224,NaN,19,23,6,3,NaN,NaN,10513224,1048088,7,52736,43520,NaN,NaN
2026-04-01 09:01:34.150,42084,ESTAB,cubic,224,22.037,2.712,20.344,1448,10,14480,NaN,8649,8649,1224,NaN,19,23,6,3,NaN,NaN,10513224,1048088,7,52736,43520,NaN,NaN
2026-04-01 09:01:34.397,42084,ESTAB,cubic,224,22.037,2.712,20.344,1448,10,14480,NaN,8649,8649,1224,NaN,19,23,6,3,NaN,NaN,10513224,1048088,7,52736,43520,NaN,NaN
2026-04-01 09:01:34.633,42084,ESTAB,cubic,224,22.037,2.712,20.344,1448,10,14480,NaN,8649,8649,1224,NaN,19,23,6,3,NaN,NaN,10513224,1048088,7,52736,43520,NaN,NaN
2026-04-01 09:01:34.862,42084,ESTAB,cubic,224,22.037,2.712,20.344,1448,10,14480,NaN,8649,8649,1224,NaN,19,23,6,3,NaN,NaN,10513224,1048088,7,52736,43520,NaN,NaN
2026-04-01 09:01:35.096,42084,ESTAB,cubic,224,22.037,2.712,20.344,1448,10,14480,NaN,8649,8649,1224,NaN,19,23,6,3,NaN,NaN,10513224,1048088,7,52736,43520,NaN,NaN
2026-04-01 09:01:35.336,42084,ESTAB,cubic,224,22.037,2.712,20.344,1448,10,14480,NaN,8649,8649,1224,NaN,19,23,6,3,NaN,NaN,10513224,1048088,7,52736,43520,NaN,NaN
2026-04-01 09:01:35.596,42084,ESTAB,cubic,224,22.037,2.712,20.344,1448,10,14480,NaN,8649,8649,1224,NaN,19,23,6,3,NaN,NaN,10513224,1048088,7,52736,43520,NaN,NaN
2026-04-01 09:01:35.833,42084,ESTAB,cubic,224,22.037,2.712,20.344,1448,10,14480,NaN,8649,8649,1224,NaN,19,23,6,3,NaN,NaN,10513224,1048088,7,52736,43520,NaN,NaN
2026-04-01 09:01:36.075,42084,ESTAB,cubic,224,22.037,2.712,20.344,1448,10,14480,NaN,8649,8649,1224,NaN,19,23,6,3,NaN,NaN,10513224,1048088,7,52736,43520,NaN,NaN
2026-04-01 09:01:36.317,42084,ESTAB,cubic,224,22.037,2.712,20.344,1448,10,14480,NaN,8649,8649,1224,NaN,19,23,6,3,NaN,NaN,10513224,1048088,7,52736,43520,NaN,NaN
2026-04-01 09:01:36.564,42084,ESTAB,cubic,224,22.037,2.712,20.344,1448,10,14480,NaN,8649,8649,1224,NaN,19,23,6,3,NaN,NaN,10513224,1048088,7,52736,43520,NaN,NaN
2026-04-01 09:01:36.810,42084,ESTAB,cubic,224,22.037,2.712,20.344,1448,10,14480,NaN,8649,8649,1224,NaN,19,23,6,3,NaN,NaN,10513224,1048088,7,52736,43520,NaN,NaN
2026-04-01 09:01:37.054,42084,ESTAB,cubic,224,22.037,2.712,20.344,1448,10,14480,NaN,8649,8649,1224,NaN,19,23,6,3,NaN,NaN,10513224,1048088,7,52736,43520,NaN,NaN
2026-04-01 09:01:37.296,42084,ESTAB,cubic,224,22.037,2.712,20.344,1448,10,14480,NaN,8649,8649,1224,NaN,19,23,6,3,NaN,NaN,10513224,1048088,7,52736,43520,NaN,NaN
2026-04-01 09:01:37.532,42084,ESTAB,cubic,224,22.037,2.712,20.344,1448,10,14480,NaN,8649,8649,1224,NaN,19,23,6,3,NaN,NaN,10513224,1048088,7,52736,43520,NaN,NaN
2026-04-01 09:01:37.765,42084,ESTAB,cubic,224,22.037,2.712,20.344,1448,10,14480,NaN,8649,8649,1224,NaN,19,23,6,3,NaN,NaN,10513224,1048088,7,52736,43520,NaN,NaN
2026-04-01 09:01:38.008,42084,ESTAB,cubic,224,22.037,2.712,20.344,1448,10,14480,NaN,8649,8649,1224,NaN,19,23,6,3,NaN,NaN,10513224,1048088,7,52736,43520,NaN,NaN
2026-04-01 09:01:38.237,42084,ESTAB,cubic,224,22.037,2.712,20.344,1448,10,14480,NaN,8649,8649,1224,NaN,19,23,6,3,NaN,NaN,10513224,1048088,7,52736,43520,NaN,NaN
2026-04-01 09:01:38.474,42084,ESTAB,cubic,224,22.037,2.712,20.344,1448,10,14480,NaN,8649,8649,1224,NaN,19,23,6,3,NaN,NaN,10513224,1048088,7,52736,43520,NaN,NaN
2026-04-01 09:01:38.706,42084,ESTAB,cubic,224,22.037,2.712,20.344,1448,10,14480,NaN,8649,8649,1224,NaN,19,23,6,3,NaN,NaN,10513224,1048088,7,52736,43520,NaN,NaN
2026-04-01 09:01:38.937,42084,ESTAB,cubic,224,22.037,2.712,20.344,1448,10,14480,NaN,8649,8649,1224,NaN,19,23,6,3,NaN,NaN,10513224,1048088,7,52736,43520,NaN,NaN
2026-04-01 09:01:39.176,42084,ESTAB,cubic,224,22.037,2.712,20.344,1448,10,14480,NaN,8649,8649,1224,NaN,19,23,6,3,NaN,NaN,10513224,1048088,7,52736,43520,NaN,NaN
2026-04-01 09:01:39.424,42084,ESTAB,cubic,224,22.037,2.712,20.344,1448,10,14480,NaN,8649,8649,1224,NaN,19,23,6,3,NaN,NaN,10513224,1048088,7,52736,43520,NaN,NaN
2026-04-01 09:01:39.672,42084,ESTAB,cubic,224,22.037,2.712,20.344,1448,10,14480,NaN,8649,8649,1224,NaN,19,23,6,3,NaN,NaN,10513224,1048088,7,52736,43520,NaN,NaN
2026-04-01 09:01:39.907,42084,ESTAB,cubic,224,22.037,2.712,20.344,1448,10,14480,NaN,8649,8649,1224,NaN,19,23,6,3,NaN,NaN,10513224,1048088,7,52736,43520,NaN,NaN
2026-04-01 09:01:40.143,42084,ESTAB,cubic,224,22.037,2.712,20.344,1448,10,14480,NaN,8649,8649,1224,NaN,19,23,6,3,NaN,NaN,10513224,1048088,7,52736,43520,NaN,NaN
2026-04-01 09:01:40.400,42084,ESTAB,cubic,224,22.037,2.712,20.344,1448,10,14480,NaN,8649,8649,1224,NaN,19,23,6,3,NaN,NaN,10513224,1048088,7,52736,43520,NaN,NaN
2026-04-01 09:01:40.647,42084,ESTAB,cubic,224,22.037,2.712,20.344,1448,10,14480,NaN,8649,8649,1224,NaN,19,23,6,3,NaN,NaN,10513224,1048088,7,52736,43520,NaN,NaN
2026-04-01 09:01:40.891,42084,ESTAB,cubic,224,22.037,2.712,20.344,1448,10,14480,NaN,8649,8649,1224,NaN,19,23,6,3,NaN,NaN,10513224,1048088,7,52736,43520,NaN,NaN
2026-04-01 09:01:41.128,42084,ESTAB,cubic,224,22.037,2.712,20.344,1448,10,14480,NaN,8649,8649,1224,NaN,19,23,6,3,NaN,NaN,10513224,1048088,7,52736,43520,NaN,NaN
2026-04-01 09:01:41.360,42084,ESTAB,cubic,224,22.037,2.712,20.344,1448,10,14480,NaN,8649,8649,1224,NaN,19,23,6,3,NaN,NaN,10513224,1048088,7,52736,43520,NaN,NaN
2026-04-01 09:01:41.604,42084,ESTAB,cubic,224,22.037,2.712,20.344,1448,10,14480,NaN,8649,8649,1224,NaN,19,23,6,3,NaN,NaN,10513224,1048088,7,52736,43520,NaN,NaN
2026-04-01 09:01:41.848,42084,ESTAB,cubic,224,22.037,2.712,20.344,1448,10,14480,NaN,8649,8649,1224,NaN,19,23,6,3,NaN,NaN,10513224,1048088,7,52736,43520,NaN,NaN
2026-04-01 09:01:42.101,42084,ESTAB,cubic,224,22.037,2.712,20.344,1448,10,14480,NaN,8649,8649,1224,NaN,19,23,6,3,NaN,NaN,10513224,1048088,7,52736,43520,NaN,NaN
2026-04-01 09:01:42.346,42084,ESTAB,cubic,224,22.037,2.712,20.344,1448,10,14480,NaN,8649,8649,1224,NaN,19,23,6,3,NaN,NaN,10513224,1048088,7,52736,43520,NaN,NaN
2026-04-01 09:01:42.595,42084,ESTAB,cubic,224,22.037,2.712,20.344,1448,10,14480,NaN,8649,8649,1224,NaN,19,23,6,3,NaN,NaN,10513224,1048088,7,52736,43520,NaN,NaN
2026-04-01 09:01:42.842,42084,ESTAB,cubic,224,22.037,2.712,20.344,1448,10,14480,NaN,8649,8649,1224,NaN,19,23,6,3,NaN,NaN,10513224,1048088,7,52736,43520,NaN,NaN
2026-04-01 09:01:43.079,42084,ESTAB,cubic,224,22.037,2.712,20.344,1448,10,14480,NaN,8649,8649,1224,NaN,19,23,6,3,NaN,NaN,10513224,1048088,7,52736,43520,NaN,NaN
2026-04-01 09:01:43.317,42084,ESTAB,cubic,224,22.037,2.712,20.344,1448,10,14480,NaN,8649,8649,1224,NaN,19,23,6,3,NaN,NaN,10513224,1048088,7,52736,43520,NaN,NaN
2026-04-01 09:01:43.566,42084,ESTAB,cubic,224,22.037,2.712,20.344,1448,10,14480,NaN,8649,8649,1224,NaN,19,23,6,3,NaN,NaN,10513224,1048088,7,52736,43520,NaN,NaN
2026-04-01 09:01:43.815,42084,ESTAB,cubic,224,22.037,2.712,20.344,1448,10,14480,NaN,8649,8649,1224,NaN,19,23,6,3,NaN,NaN,10513224,1048088,7,52736,43520,NaN,NaN
2026-04-01 09:01:44.053,42084,ESTAB,cubic,224,22.037,2.712,20.344,1448,10,14480,NaN,8649,8649,1224,NaN,19,23,6,3,NaN,NaN,10513224,1048088,7,52736,43520,NaN,NaN
2026-04-01 09:01:44.297,42084,ESTAB,cubic,224,22.037,2.712,20.344,1448,10,14480,NaN,8649,8649,1224,NaN,19,23,6,3,NaN,NaN,10513224,1048088,7,52736,43520,NaN,NaN
2026-04-01 09:01:44.548,42084,ESTAB,cubic,224,22.037,2.712,20.344,1448,10,14480,NaN,8649,8649,1224,NaN,19,23,6,3,NaN,NaN,10513224,1048088,7,52736,43520,NaN,NaN
2026-04-01 09:01:44.803,42084,ESTAB,cubic,224,22.037,2.712,20.344,1448,10,14480,NaN,8649,8649,1224,NaN,19,23,6,3,NaN,NaN,10513224,1048088,7,52736,43520,NaN,NaN
2026-04-01 09:01:45.038,42084,ESTAB,cubic,224,22.037,2.712,20.344,1448,10,14480,NaN,8649,8649,1224,NaN,19,23,6,3,NaN,NaN,10513224,1048088,7,52736,43520,NaN,NaN
2026-04-01 09:01:45.270,42084,ESTAB,cubic,224,22.037,2.712,20.344,1448,10,14480,NaN,8649,8649,1224,NaN,19,23,6,3,NaN,NaN,10513224,1048088,7,52736,43520,NaN,NaN
2026-04-01 09:01:45.515,42084,ESTAB,cubic,224,22.037,2.712,20.344,1448,10,14480,NaN,8649,8649,1224,NaN,20,24,6,3,NaN,NaN,10513224,1048088,7,52736,43520,NaN,NaN
2026-04-01 09:01:45.763,42084,ESTAB,cubic,224,22.037,2.712,20.344,1448,10,14480,NaN,8649,8649,1224,NaN,20,24,6,3,NaN,NaN,10513224,1048088,7,52736,43520,NaN,NaN
2026-04-01 09:01:46.013,42084,ESTAB,cubic,224,22.037,2.712,20.344,1448,10,14480,NaN,8649,8649,1224,NaN,20,24,6,3,NaN,NaN,10513224,1048088,7,52736,43520,NaN,NaN
2026-04-01 09:01:46.258,42084,ESTAB,cubic,224,22.037,2.712,20.344,1448,10,14480,NaN,8649,8649,1224,NaN,20,24,6,3,NaN,NaN,10513224,1048088,7,52736,43520,NaN,NaN
2026-04-01 09:01:46.506,42084,ESTAB,cubic,224,22.037,2.712,20.344,1448,10,14480,NaN,8649,8649,1224,NaN,20,24,6,3,NaN,NaN,10513224,1048088,7,52736,43520,NaN,NaN
2026-04-01 09:01:46.752,42084,ESTAB,cubic,224,22.037,2.712,20.344,1448,10,14480,NaN,8649,8649,1224,NaN,20,24,6,3,NaN,NaN,10513224,1048088,7,52736,43520,NaN,NaN
2026-04-01 09:01:47.003,42084,ESTAB,cubic,224,22.037,2.712,20.344,1448,10,14480,NaN,8649,8649,1224,NaN,20,24,6,3,NaN,NaN,10513224,1048088,7,52736,43520,NaN,NaN
2026-04-01 09:01:47.249,42084,ESTAB,cubic,224,22.037,2.712,20.344,1448,10,14480,NaN,8649,8649,1224,NaN,20,24,6,3,NaN,NaN,10513224,1048088,7,52736,43520,NaN,NaN
2026-04-01 09:01:47.492,42084,ESTAB,cubic,224,22.037,2.712,20.344,1448,10,14480,NaN,8649,8649,1224,NaN,20,24,6,3,NaN,NaN,10513224,1048088,7,52736,43520,NaN,NaN
2026-04-01 09:01:47.749,42084,ESTAB,cubic,224,22.037,2.712,20.344,1448,10,14480,NaN,8649,8649,1224,NaN,20,24,6,3,NaN,NaN,10513224,1048088,7,52736,43520,NaN,NaN
2026-04-01 09:01:48.005,42084,ESTAB,cubic,224,22.037,2.712,20.344,1448,10,14480,NaN,8649,8649,1224,NaN,20,24,6,3,NaN,NaN,10513224,1048088,7,52736,43520,NaN,NaN
2026-04-01 09:01:48.238,42084,ESTAB,cubic,224,22.037,2.712,20.344,1448,10,14480,NaN,8649,8649,1224,NaN,20,24,6,3,NaN,NaN,10513224,1048088,7,52736,43520,NaN,NaN
2026-04-01 09:01:48.471,42084,ESTAB,cubic,224,22.037,2.712,20.344,1448,10,14480,NaN,8649,8649,1224,NaN,20,24,6,3,NaN,NaN,10513224,1048088,7,52736,43520,NaN,NaN
2026-04-01 09:01:48.701,42084,ESTAB,cubic,224,22.037,2.712,20.344,1448,10,14480,NaN,8649,8649,1224,NaN,20,24,6,3,NaN,NaN,10513224,1048088,7,52736,43520,NaN,NaN
2026-04-01 09:01:48.950,42084,ESTAB,cubic,224,22.037,2.712,20.344,1448,10,14480,NaN,8649,8649,1224,NaN,20,24,6,3,NaN,NaN,10513224,1048088,7,52736,43520,NaN,NaN
2026-04-01 09:01:49.199,42084,ESTAB,cubic,224,22.037,2.712,20.344,1448,10,14480,NaN,8649,8649,1224,NaN,20,24,6,3,NaN,NaN,10513224,1048088,7,52736,43520,NaN,NaN
2026-04-01 09:01:49.446,42084,ESTAB,cubic,224,22.037,2.712,20.344,1448,10,14480,NaN,8649,8649,1224,NaN,20,24,6,3,NaN,NaN,10513224,1048088,7,52736,43520,NaN,NaN
2026-04-01 09:01:49.692,42084,ESTAB,cubic,224,22.037,2.712,20.344,1448,10,14480,NaN,8649,8649,1224,NaN,20,24,6,3,NaN,NaN,10513224,1048088,7,52736,43520,NaN,NaN
2026-04-01 09:01:49.926,42084,ESTAB,cubic,224,22.037,2.712,20.344,1448,10,14480,NaN,8649,8649,1224,NaN,20,24,6,3,NaN,NaN,10513224,1048088,7,52736,43520,NaN,NaN
2026-04-01 09:01:50.166,42084,ESTAB,cubic,224,22.037,2.712,20.344,1448,10,14480,NaN,8649,8649,1224,NaN,20,24,6,3,NaN,NaN,10513224,1048088,7,52736,43520,NaN,NaN
2026-04-01 09:01:50.403,42084,ESTAB,cubic,224,22.037,2.712,20.344,1448,10,14480,NaN,8649,8649,1224,NaN,20,24,6,3,NaN,NaN,10513224,1048088,7,52736,43520,NaN,NaN
2026-04-01 09:01:50.641,42084,ESTAB,cubic,224,22.037,2.712,20.344,1448,10,14480,NaN,8649,8649,1224,NaN,20,24,6,3,NaN,NaN,10513224,1048088,7,52736,43520,NaN,NaN
2026-04-01 09:01:50.875,42084,ESTAB,cubic,224,22.037,2.712,20.344,1448,10,14480,NaN,8649,8649,1224,NaN,20,24,6,3,NaN,NaN,10513224,1048088,7,52736,43520,NaN,NaN
2026-04-01 09:01:51.111,42084,ESTAB,cubic,224,22.037,2.712,20.344,1448,10,14480,NaN,8649,8649,1224,NaN,20,24,6,3,NaN,NaN,10513224,1048088,7,52736,43520,NaN,NaN
2026-04-01 09:01:51.355,42084,ESTAB,cubic,224,22.037,2.712,20.344,1448,10,14480,NaN,8649,8649,1224,NaN,20,24,6,3,NaN,NaN,10513224,1048088,7,52736,43520,NaN,NaN
2026-04-01 09:01:51.603,42084,ESTAB,cubic,224,22.037,2.712,20.344,1448,10,14480,NaN,8649,8649,1224,NaN,20,24,6,3,NaN,NaN,10513224,1048088,7,52736,43520,NaN,NaN
2026-04-01 09:01:51.850,42084,ESTAB,cubic,224,22.037,2.712,20.344,1448,10,14480,NaN,8649,8649,1224,NaN,20,24,6,3,NaN,NaN,10513224,1048088,7,52736,43520,NaN,NaN
2026-04-01 09:01:52.094,42084,ESTAB,cubic,224,22.037,2.712,20.344,1448,10,14480,NaN,8649,8649,1224,NaN,20,24,6,3,NaN,NaN,10513224,1048088,7,52736,43520,NaN,NaN
2026-04-01 09:01:52.333,42084,ESTAB,cubic,224,22.037,2.712,20.344,1448,10,14480,NaN,8649,8649,1224,NaN,20,24,6,3,NaN,NaN,10513224,1048088,7,52736,43520,NaN,NaN
2026-04-01 09:01:52.589,42084,ESTAB,cubic,224,22.037,2.712,20.344,1448,10,14480,NaN,8649,8649,1224,NaN,20,24,6,3,NaN,NaN,10513224,1048088,7,52736,43520,NaN,NaN
2026-04-01 09:01:52.833,42084,ESTAB,cubic,224,22.037,2.712,20.344,1448,10,14480,NaN,8649,8649,1224,NaN,20,24,6,3,NaN,NaN,10513224,1048088,7,52736,43520,NaN,NaN
2026-04-01 09:01:53.072,42084,ESTAB,cubic,224,22.037,2.712,20.344,1448,10,14480,NaN,8649,8649,1224,NaN,20,24,6,3,NaN,NaN,10513224,1048088,7,52736,43520,NaN,NaN
2026-04-01 09:01:53.310,42084,ESTAB,cubic,224,22.037,2.712,20.344,1448,10,14480,NaN,8649,8649,1224,NaN,20,24,6,3,NaN,NaN,10513224,1048088,7,52736,43520,NaN,NaN
2026-04-01 09:01:53.556,42084,ESTAB,cubic,224,22.037,2.712,20.344,1448,10,14480,NaN,8649,8649,1224,NaN,20,24,6,3,NaN,NaN,10513224,1048088,7,52736,43520,NaN,NaN
2026-04-01 09:01:53.802,42084,ESTAB,cubic,224,22.037,2.712,20.344,1448,10,14480,NaN,8649,8649,1224,NaN,20,24,6,3,NaN,NaN,10513224,1048088,7,52736,43520,NaN,NaN
2026-04-01 09:01:54.057,42084,ESTAB,cubic,224,22.037,2.712,20.344,1448,10,14480,NaN,8649,8649,1224,NaN,20,24,6,3,NaN,NaN,10513224,1048088,7,52736,43520,NaN,NaN
2026-04-01 09:01:54.289,42084,ESTAB,cubic,224,22.037,2.712,20.344,1448,10,14480,NaN,8649,8649,1224,NaN,20,24,6,3,NaN,NaN,10513224,1048088,7,52736,43520,NaN,NaN
2026-04-01 09:01:54.519,42084,ESTAB,cubic,224,22.037,2.712,20.344,1448,10,14480,NaN,8649,8649,1224,NaN,20,24,6,3,NaN,NaN,10513224,1048088,7,52736,43520,NaN,NaN
2026-04-01 09:01:54.759,42084,ESTAB,cubic,224,22.037,2.712,20.344,1448,10,14480,NaN,8649,8649,1224,NaN,20,24,6,3,NaN,NaN,10513224,1048088,7,52736,43520,NaN,NaN
2026-04-01 09:01:55.000,42084,ESTAB,cubic,224,22.037,2.712,20.344,1448,10,14480,NaN,8649,8649,1224,NaN,20,24,6,3,NaN,NaN,10513224,1048088,7,52736,43520,NaN,NaN
2026-04-01 09:01:55.241,42084,ESTAB,cubic,224,22.037,2.712,20.344,1448,10,14480,NaN,8649,8649,1224,NaN,20,24,6,3,NaN,NaN,10513224,1048088,7,52736,43520,NaN,NaN
2026-04-01 09:01:55.480,42084,ESTAB,cubic,224,22.037,2.712,20.344,1448,10,14480,NaN,8649,8649,1224,NaN,20,24,6,3,NaN,NaN,10513224,1048088,7,52736,43520,NaN,NaN
2026-04-01 09:01:55.718,42084,ESTAB,cubic,224,22.037,2.712,20.344,1448,10,14480,NaN,8649,8649,1224,NaN,20,24,6,3,NaN,NaN,10513224,1048088,7,52736,43520,NaN,NaN
2026-04-01 09:01:55.952,42084,ESTAB,cubic,224,22.037,2.712,20.344,1448,10,14480,NaN,8649,8649,1224,NaN,20,24,6,3,NaN,NaN,10513224,1048088,7,52736,43520,NaN,NaN
2026-04-01 09:01:56.187,42084,ESTAB,cubic,224,22.037,2.712,20.344,1448,10,14480,NaN,8649,8649,1224,NaN,20,24,6,3,NaN,NaN,10513224,1048088,7,52736,43520,NaN,NaN
2026-04-01 09:01:56.420,42084,ESTAB,cubic,224,22.037,2.712,20.344,1448,10,14480,NaN,8649,8649,1224,NaN,20,24,6,3,NaN,NaN,10513224,1048088,7,52736,43520,NaN,NaN
2026-04-01 09:01:56.663,42084,ESTAB,cubic,224,22.037,2.712,20.344,1448,10,14480,NaN,8649,8649,1224,NaN,20,24,6,3,NaN,NaN,10513224,1048088,7,52736,43520,NaN,NaN
2026-04-01 09:01:56.901,42084,ESTAB,cubic,224,22.037,2.712,20.344,1448,10,14480,NaN,8649,8649,1224,NaN,20,24,6,3,NaN,NaN,10513224,1048088,7,52736,43520,NaN,NaN
2026-04-01 09:01:57.140,42084,ESTAB,cubic,224,22.037,2.712,20.344,1448,10,14480,NaN,8649,8649,1224,NaN,20,24,6,3,NaN,NaN,10513224,1048088,7,52736,43520,NaN,NaN
2026-04-01 09:01:57.375,42084,ESTAB,cubic,224,22.037,2.712,20.344,1448,10,14480,NaN,8649,8649,1224,NaN,20,24,6,3,NaN,NaN,10513224,1048088,7,52736,43520,NaN,NaN
2026-04-01 09:01:57.601,42084,ESTAB,cubic,224,22.037,2.712,20.344,1448,10,14480,NaN,8649,8649,1224,NaN,20,24,6,3,NaN,NaN,10513224,1048088,7,52736,43520,NaN,NaN
2026-04-01 09:01:57.832,42084,ESTAB,cubic,224,22.037,2.712,20.344,1448,10,14480,NaN,8649,8649,1224,NaN,20,24,6,3,NaN,NaN,10513224,1048088,7,52736,43520,NaN,NaN
2026-04-01 09:01:58.077,42084,ESTAB,cubic,224,22.037,2.712,20.344,1448,10,14480,NaN,8649,8649,1224,NaN,20,24,6,3,NaN,NaN,10513224,1048088,7,52736,43520,NaN,NaN
2026-04-01 09:01:58.312,42084,ESTAB,cubic,224,22.037,2.712,20.344,1448,10,14480,NaN,8649,8649,1224,NaN,20,24,6,3,NaN,NaN,10513224,1048088,7,52736,43520,NaN,NaN
2026-04-01 09:01:58.553,42084,ESTAB,cubic,224,22.037,2.712,20.344,1448,10,14480,NaN,8649,8649,1224,NaN,20,24,6,3,NaN,NaN,10513224,1048088,7,52736,43520,NaN,NaN
2026-04-01 09:01:58.795,42084,ESTAB,cubic,224,22.037,2.712,20.344,1448,10,14480,NaN,8649,8649,1224,NaN,20,24,6,3,NaN,NaN,10513224,1048088,7,52736,43520,NaN,NaN
2026-04-01 09:01:59.036,42084,ESTAB,cubic,224,22.037,2.712,20.344,1448,10,14480,NaN,8649,8649,1224,NaN,20,24,6,3,NaN,NaN,10513224,1048088,7,52736,43520,NaN,NaN
2026-04-01 09:01:59.274,42084,ESTAB,cubic,224,22.037,2.712,20.344,1448,10,14480,NaN,8649,8649,1224,NaN,20,24,6,3,NaN,NaN,10513224,1048088,7,52736,43520,NaN,NaN
2026-04-01 09:01:59.505,42084,ESTAB,cubic,224,22.037,2.712,20.344,1448,10,14480,NaN,8649,8649,1224,NaN,20,24,6,3,NaN,NaN,10513224,1048088,7,52736,43520,NaN,NaN
2026-04-01 09:01:59.752,42084,ESTAB,cubic,224,22.037,2.712,20.344,1448,10,14480,NaN,8649,8649,1224,NaN,20,24,6,3,NaN,NaN,10513224,1048088,7,52736,43520,NaN,NaN
2026-04-01 09:01:59.992,42084,ESTAB,cubic,224,22.037,2.712,20.344,1448,10,14480,NaN,8649,8649,1224,NaN,20,24,6,3,NaN,NaN,10513224,1048088,7,52736,43520,NaN,NaN
2026-04-01 09:02:00.232,42084,ESTAB,cubic,224,22.037,2.712,20.344,1448,10,14480,NaN,8649,8649,1224,NaN,20,24,6,3,NaN,NaN,10513224,1048088,7,52736,43520,NaN,NaN
2026-04-01 09:02:00.473,42084,ESTAB,cubic,224,22.037,2.712,20.344,1448,10,14480,NaN,8649,8649,1224,NaN,20,24,6,3,NaN,NaN,10513224,1048088,7,52736,43520,NaN,NaN
2026-04-01 09:02:00.702,42084,ESTAB,cubic,224,22.037,2.712,20.344,1448,10,14480,NaN,8649,8649,1224,NaN,21,25,6,3,NaN,NaN,10513224,1048088,7,52736,43520,NaN,NaN
2026-04-01 09:02:00.932,42084,ESTAB,cubic,224,22.037,2.712,20.344,1448,10,14480,NaN,8649,8649,1224,NaN,21,25,6,3,NaN,NaN,10513224,1048088,7,52736,43520,NaN,NaN
2026-04-01 09:02:01.157,42084,ESTAB,cubic,224,22.037,2.712,20.344,1448,10,14480,NaN,8649,8649,1224,NaN,21,25,6,3,NaN,NaN,10513224,1048088,7,52736,43520,NaN,NaN
2026-04-01 09:02:01.392,42084,ESTAB,cubic,224,22.037,2.712,20.344,1448,10,14480,NaN,8649,8649,1224,NaN,21,25,6,3,NaN,NaN,10513224,1048088,7,52736,43520,NaN,NaN
2026-04-01 09:02:01.634,42084,ESTAB,cubic,224,22.037,2.712,20.344,1448,10,14480,NaN,8649,8649,1224,NaN,21,25,6,3,NaN,NaN,10513224,1048088,7,52736,43520,NaN,NaN
2026-04-01 09:02:01.885,42084,ESTAB,cubic,224,22.037,2.712,20.344,1448,10,14480,NaN,8649,8649,1224,NaN,21,25,6,3,NaN,NaN,10513224,1048088,7,52736,43520,NaN,NaN
2026-04-01 09:02:02.122,42084,ESTAB,cubic,224,22.037,2.712,20.344,1448,10,14480,NaN,8649,8649,1224,NaN,21,25,6,3,NaN,NaN,10513224,1048088,7,52736,43520,NaN,NaN
2026-04-01 09:02:02.364,42084,ESTAB,cubic,224,22.037,2.712,20.344,1448,10,14480,NaN,8649,8649,1224,NaN,21,25,6,3,NaN,NaN,10513224,1048088,7,52736,43520,NaN,NaN
2026-04-01 09:02:02.598,42084,ESTAB,cubic,224,22.037,2.712,20.344,1448,10,14480,NaN,8649,8649,1224,NaN,21,25,6,3,NaN,NaN,10513224,1048088,7,52736,43520,NaN,NaN
2026-04-01 09:02:02.819,42084,ESTAB,cubic,224,22.037,2.712,20.344,1448,10,14480,NaN,8649,8649,1224,NaN,21,25,6,3,NaN,NaN,10513224,1048088,7,52736,43520,NaN,NaN
2026-04-01 09:02:03.042,42084,ESTAB,cubic,224,22.037,2.712,20.344,1448,10,14480,NaN,8649,8649,1224,NaN,21,25,6,3,NaN,NaN,10513224,1048088,7,52736,43520,NaN,NaN
2026-04-01 09:02:03.266,42084,ESTAB,cubic,224,22.037,2.712,20.344,1448,10,14480,NaN,8649,8649,1224,NaN,21,25,6,3,NaN,NaN,10513224,1048088,7,52736,43520,NaN,NaN
2026-04-01 09:02:03.494,42084,ESTAB,cubic,224,22.037,2.712,20.344,1448,10,14480,NaN,8649,8649,1224,NaN,21,25,6,3,NaN,NaN,10513224,1048088,7,52736,43520,NaN,NaN
2026-04-01 09:02:03.724,42084,ESTAB,cubic,224,22.037,2.712,20.344,1448,10,14480,NaN,8649,8649,1224,NaN,21,25,6,3,NaN,NaN,10513224,1048088,7,52736,43520,NaN,NaN
2026-04-01 09:02:03.952,42084,ESTAB,cubic,224,22.037,2.712,20.344,1448,10,14480,NaN,8649,8649,1224,NaN,21,25,6,3,NaN,NaN,10513224,1048088,7,52736,43520,NaN,NaN
2026-04-01 09:02:04.186,42084,ESTAB,cubic,224,22.037,2.712,20.344,1448,10,14480,NaN,8649,8649,1224,NaN,21,25,6,3,NaN,NaN,10513224,1048088,7,52736,43520,NaN,NaN
2026-04-01 09:02:04.426,42084,ESTAB,cubic,224,22.037,2.712,20.344,1448,10,14480,NaN,8649,8649,1224,NaN,21,25,6,3,NaN,NaN,10513224,1048088,7,52736,43520,NaN,NaN
2026-04-01 09:02:04.672,42084,ESTAB,cubic,224,22.037,2.712,20.344,1448,10,14480,NaN,8649,8649,1224,NaN,21,25,6,3,NaN,NaN,10513224,1048088,7,52736,43520,NaN,NaN
2026-04-01 09:02:04.913,42084,ESTAB,cubic,224,22.037,2.712,20.344,1448,10,14480,NaN,8649,8649,1224,NaN,21,25,6,3,NaN,NaN,10513224,1048088,7,52736,43520,NaN,NaN
2026-04-01 09:02:05.163,42084,ESTAB,cubic,224,22.037,2.712,20.344,1448,10,14480,NaN,8649,8649,1224,NaN,21,25,6,3,NaN,NaN,10513224,1048088,7,52736,43520,NaN,NaN
2026-04-01 09:02:05.427,42084,ESTAB,cubic,224,22.037,2.712,20.344,1448,10,14480,NaN,8649,8649,1224,NaN,21,25,6,3,NaN,NaN,10513224,1048088,7,52736,43520,NaN,NaN
2026-04-01 09:02:05.692,42084,ESTAB,cubic,224,22.037,2.712,20.344,1448,10,14480,NaN,8649,8649,1224,NaN,21,25,6,3,NaN,NaN,10513224,1048088,7,52736,43520,NaN,NaN
2026-04-01 09:02:05.954,42084,ESTAB,cubic,224,22.037,2.712,20.344,1448,10,14480,NaN,8649,8649,1224,NaN,21,25,6,3,NaN,NaN,10513224,1048088,7,52736,43520,NaN,NaN
2026-04-01 09:02:06.216,42084,ESTAB,cubic,224,22.037,2.712,20.344,1448,10,14480,NaN,8649,8649,1224,NaN,21,25,6,3,NaN,NaN,10513224,1048088,7,52736,43520,NaN,NaN
2026-04-01 09:02:06.478,42084,ESTAB,cubic,224,22.037,2.712,20.344,1448,10,14480,NaN,8649,8649,1224,NaN,21,25,6,3,NaN,NaN,10513224,1048088,7,52736,43520,NaN,NaN
2026-04-01 09:02:06.727,42084,ESTAB,cubic,224,22.037,2.712,20.344,1448,10,14480,NaN,8649,8649,1224,NaN,21,25,6,3,NaN,NaN,10513224,1048088,7,52736,43520,NaN,NaN
2026-04-01 09:02:06.977,42084,ESTAB,cubic,224,22.037,2.712,20.344,1448,10,14480,NaN,8649,8649,1224,NaN,21,25,6,3,NaN,NaN,10513224,1048088,7,52736,43520,NaN,NaN
2026-04-01 09:02:07.234,42084,ESTAB,cubic,224,22.037,2.712,20.344,1448,10,14480,NaN,8649,8649,1224,NaN,21,25,6,3,NaN,NaN,10513224,1048088,7,52736,43520,NaN,NaN
2026-04-01 09:02:07.491,42084,ESTAB,cubic,224,22.037,2.712,20.344,1448,10,14480,NaN,8649,8649,1224,NaN,21,25,6,3,NaN,NaN,10513224,1048088,7,52736,43520,NaN,NaN
2026-04-01 09:02:07.732,42084,ESTAB,cubic,224,22.037,2.712,20.344,1448,10,14480,NaN,8649,8649,1224,NaN,21,25,6,3,NaN,NaN,10513224,1048088,7,52736,43520,NaN,NaN
2026-04-01 09:02:07.983,42084,ESTAB,cubic,224,22.037,2.712,20.344,1448,10,14480,NaN,8649,8649,1224,NaN,21,25,6,3,NaN,NaN,10513224,1048088,7,52736,43520,NaN,NaN
2026-04-01 09:02:08.235,42084,ESTAB,cubic,224,22.037,2.712,20.344,1448,10,14480,NaN,8649,8649,1224,NaN,21,25,6,3,NaN,NaN,10513224,1048088,7,52736,43520,NaN,NaN
2026-04-01 09:02:08.484,42084,ESTAB,cubic,224,22.037,2.712,20.344,1448,10,14480,NaN,8649,8649,1224,NaN,21,25,6,3,NaN,NaN,10513224,1048088,7,52736,43520,NaN,NaN
2026-04-01 09:02:08.741,42084,ESTAB,cubic,224,22.037,2.712,20.344,1448,10,14480,NaN,8649,8649,1224,NaN,21,25,6,3,NaN,NaN,10513224,1048088,7,52736,43520,NaN,NaN
2026-04-01 09:02:08.988,42084,ESTAB,cubic,224,22.037,2.712,20.344,1448,10,14480,NaN,8649,8649,1224,NaN,21,25,6,3,NaN,NaN,10513224,1048088,7,52736,43520,NaN,NaN
2026-04-01 09:02:09.220,42084,ESTAB,cubic,224,22.037,2.712,20.344,1448,10,14480,NaN,8649,8649,1224,NaN,21,25,6,3,NaN,NaN,10513224,1048088,7,52736,43520,NaN,NaN
2026-04-01 09:02:09.456,42084,ESTAB,cubic,224,22.037,2.712,20.344,1448,10,14480,NaN,8649,8649,1224,NaN,21,25,6,3,NaN,NaN,10513224,1048088,7,52736,43520,NaN,NaN
2026-04-01 09:02:09.705,42084,ESTAB,cubic,224,22.037,2.712,20.344,1448,10,14480,NaN,8649,8649,1224,NaN,21,25,6,3,NaN,NaN,10513224,1048088,7,52736,43520,NaN,NaN
2026-04-01 09:02:09.946,42084,ESTAB,cubic,224,22.037,2.712,20.344,1448,10,14480,NaN,8649,8649,1224,NaN,21,25,6,3,NaN,NaN,10513224,1048088,7,52736,43520,NaN,NaN
2026-04-01 09:02:10.181,42084,ESTAB,cubic,224,22.037,2.712,20.344,1448,10,14480,NaN,8649,8649,1224,NaN,21,25,6,3,NaN,NaN,10513224,1048088,7,52736,43520,NaN,NaN
2026-04-01 09:02:10.424,42084,ESTAB,cubic,224,22.037,2.712,20.344,1448,10,14480,NaN,8649,8649,1224,NaN,21,25,6,3,NaN,NaN,10513224,1048088,7,52736,43520,NaN,NaN
2026-04-01 09:02:10.667,42084,ESTAB,cubic,224,22.037,2.712,20.344,1448,10,14480,NaN,8649,8649,1224,NaN,21,25,6,3,NaN,NaN,10513224,1048088,7,52736,43520,NaN,NaN
2026-04-01 09:02:10.907,42084,ESTAB,cubic,224,22.037,2.712,20.344,1448,10,14480,NaN,8649,8649,1224,NaN,21,25,6,3,NaN,NaN,10513224,1048088,7,52736,43520,NaN,NaN
2026-04-01 09:02:11.139,42084,ESTAB,cubic,224,22.037,2.712,20.344,1448,10,14480,NaN,8649,8649,1224,NaN,21,25,6,3,NaN,NaN,10513224,1048088,7,52736,43520,NaN,NaN
2026-04-01 09:02:11.371,42084,ESTAB,cubic,224,22.037,2.712,20.344,1448,10,14480,NaN,8649,8649,1224,NaN,21,25,6,3,NaN,NaN,10513224,1048088,7,52736,43520,NaN,NaN
2026-04-01 09:02:11.599,42084,ESTAB,cubic,224,22.037,2.712,20.344,1448,10,14480,NaN,8649,8649,1224,NaN,21,25,6,3,NaN,NaN,10513224,1048088,7,52736,43520,NaN,NaN
2026-04-01 09:02:11.836,42084,ESTAB,cubic,224,22.037,2.712,20.344,1448,10,14480,NaN,8649,8649,1224,NaN,21,25,6,3,NaN,NaN,10513224,1048088,7,52736,43520,NaN,NaN
2026-04-01 09:02:12.079,42084,ESTAB,cubic,224,22.037,2.712,20.344,1448,10,14480,NaN,8649,8649,1224,NaN,21,25,6,3,NaN,NaN,10513224,1048088,7,52736,43520,NaN,NaN
2026-04-01 09:02:12.316,42084,ESTAB,cubic,224,22.037,2.712,20.344,1448,10,14480,NaN,8649,8649,1224,NaN,21,25,6,3,NaN,NaN,10513224,1048088,7,52736,43520,NaN,NaN
2026-04-01 09:02:12.558,42084,ESTAB,cubic,224,22.037,2.712,20.344,1448,10,14480,NaN,8649,8649,1224,NaN,21,25,6,3,NaN,NaN,10513224,1048088,7,52736,43520,NaN,NaN
2026-04-01 09:02:12.804,42084,ESTAB,cubic,224,22.037,2.712,20.344,1448,10,14480,NaN,8649,8649,1224,NaN,21,25,6,3,NaN,NaN,10513224,1048088,7,52736,43520,NaN,NaN
2026-04-01 09:02:13.034,42084,ESTAB,cubic,224,22.037,2.712,20.344,1448,10,14480,NaN,8649,8649,1224,NaN,21,25,6,3,NaN,NaN,10513224,1048088,7,52736,43520,NaN,NaN
2026-04-01 09:02:13.265,42084,ESTAB,cubic,224,22.037,2.712,20.344,1448,10,14480,NaN,8649,8649,1224,NaN,21,25,6,3,NaN,NaN,10513224,1048088,7,52736,43520,NaN,NaN
2026-04-01 09:02:13.504,42084,ESTAB,cubic,224,22.037,2.712,20.344,1448,10,14480,NaN,8649,8649,1224,NaN,21,25,6,3,NaN,NaN,10513224,1048088,7,52736,43520,NaN,NaN
2026-04-01 09:02:13.733,42084,ESTAB,cubic,224,22.037,2.712,20.344,1448,10,14480,NaN,8649,8649,1224,NaN,21,25,6,3,NaN,NaN,10513224,1048088,7,52736,43520,NaN,NaN
2026-04-01 09:02:13.956,42084,ESTAB,cubic,224,22.037,2.712,20.344,1448,10,14480,NaN,8649,8649,1224,NaN,21,25,6,3,NaN,NaN,10513224,1048088,7,52736,43520,NaN,NaN
2026-04-01 09:02:14.181,42084,ESTAB,cubic,224,22.037,2.712,20.344,1448,10,14480,NaN,8649,8649,1224,NaN,21,25,6,3,NaN,NaN,10513224,1048088,7,52736,43520,NaN,NaN
2026-04-01 09:02:14.415,42084,ESTAB,cubic,224,22.037,2.712,20.344,1448,10,14480,NaN,8649,8649,1224,NaN,21,25,6,3,NaN,NaN,10513224,1048088,7,52736,43520,NaN,NaN
2026-04-01 09:02:14.644,42084,ESTAB,cubic,224,22.037,2.712,20.344,1448,10,14480,NaN,8649,8649,1224,NaN,21,25,6,3,NaN,NaN,10513224,1048088,7,52736,43520,NaN,NaN
2026-04-01 09:02:14.874,42084,ESTAB,cubic,224,22.037,2.712,20.344,1448,10,14480,NaN,8649,8649,1224,NaN,21,25,6,3,NaN,NaN,10513224,1048088,7,52736,43520,NaN,NaN
2026-04-01 09:02:15.104,42084,ESTAB,cubic,224,22.037,2.712,20.344,1448,10,14480,NaN,8649,8649,1224,NaN,21,25,6,3,NaN,NaN,10513224,1048088,7,52736,43520,NaN,NaN
2026-04-01 09:02:15.337,42084,ESTAB,cubic,224,22.037,2.712,20.344,1448,10,14480,NaN,8649,8649,1224,NaN,21,25,6,3,NaN,NaN,10513224,1048088,7,52736,43520,NaN,NaN
2026-04-01 09:02:15.566,42084,ESTAB,cubic,224,22.037,2.712,20.344,1448,10,14480,NaN,8649,8649,1224,NaN,21,25,6,3,NaN,NaN,10513224,1048088,7,52736,43520,NaN,NaN
2026-04-01 09:02:15.805,42084,ESTAB,cubic,224,22.037,2.712,20.344,1448,10,14480,NaN,8649,8649,1224,NaN,22,26,6,3,NaN,NaN,10513224,1048088,7,52736,43520,NaN,NaN
2026-04-01 09:02:16.041,42084,ESTAB,cubic,224,22.037,2.712,20.344,1448,10,14480,NaN,8649,8649,1224,NaN,23,27,6,3,NaN,NaN,10513224,1048088,7,52736,43520,NaN,NaN
2026-04-01 09:02:16.276,42084,ESTAB,cubic,224,22.037,2.712,20.344,1448,10,14480,NaN,8649,8649,1224,NaN,23,27,6,3,NaN,NaN,10513224,1048088,7,52736,43520,NaN,NaN
2026-04-01 09:02:16.520,42084,ESTAB,cubic,224,22.037,2.712,20.344,1448,10,14480,NaN,8649,8649,1224,NaN,23,27,6,3,NaN,NaN,10513224,1048088,7,52736,43520,NaN,NaN
2026-04-01 09:02:16.752,42084,ESTAB,cubic,224,22.037,2.712,20.344,1448,10,14480,NaN,8649,8649,1224,NaN,23,27,6,3,NaN,NaN,10513224,1048088,7,52736,43520,NaN,NaN
2026-04-01 09:02:16.981,42084,ESTAB,cubic,224,22.037,2.712,20.344,1448,10,14480,NaN,8649,8649,1224,NaN,23,27,6,3,NaN,NaN,10513224,1048088,7,52736,43520,NaN,NaN
2026-04-01 09:02:17.212,42084,ESTAB,cubic,224,22.037,2.712,20.344,1448,10,14480,NaN,8649,8649,1224,NaN,23,27,6,3,NaN,NaN,10513224,1048088,7,52736,43520,NaN,NaN
2026-04-01 09:02:17.441,42084,ESTAB,cubic,224,22.037,2.712,20.344,1448,10,14480,NaN,8649,8649,1224,NaN,23,27,6,3,NaN,NaN,10513224,1048088,7,52736,43520,NaN,NaN
2026-04-01 09:02:17.693,42084,ESTAB,cubic,224,22.037,2.712,20.344,1448,10,14480,NaN,8649,8649,1224,NaN,23,27,6,3,NaN,NaN,10513224,1048088,7,52736,43520,NaN,NaN
2026-04-01 09:02:17.925,42084,ESTAB,cubic,224,22.037,2.712,20.344,1448,10,14480,NaN,8649,8649,1224,NaN,23,27,6,3,NaN,NaN,10513224,1048088,7,52736,43520,NaN,NaN
2026-04-01 09:02:18.149,42084,ESTAB,cubic,224,22.037,2.712,20.344,1448,10,14480,NaN,8649,8649,1224,NaN,23,27,6,3,NaN,NaN,10513224,1048088,7,52736,43520,NaN,NaN
2026-04-01 09:02:18.379,42084,ESTAB,cubic,224,22.037,2.712,20.344,1448,10,14480,NaN,8649,8649,1224,NaN,23,27,6,3,NaN,NaN,10513224,1048088,7,52736,43520,NaN,NaN
2026-04-01 09:02:18.608,42084,ESTAB,cubic,224,22.037,2.712,20.344,1448,10,14480,NaN,8649,8649,1224,NaN,23,27,6,3,NaN,NaN,10513224,1048088,7,52736,43520,NaN,NaN
2026-04-01 09:02:18.837,42084,ESTAB,cubic,224,22.037,2.712,20.344,1448,10,14480,NaN,8649,8649,1224,NaN,23,27,6,3,NaN,NaN,10513224,1048088,7,52736,43520,NaN,NaN
2026-04-01 09:02:19.066,42084,ESTAB,cubic,224,22.037,2.712,20.344,1448,10,14480,NaN,8649,8649,1224,NaN,23,27,6,3,NaN,NaN,10513224,1048088,7,52736,43520,NaN,NaN
2026-04-01 09:02:19.314,42084,ESTAB,cubic,224,22.037,2.712,20.344,1448,10,14480,NaN,8649,8649,1224,NaN,23,27,6,3,NaN,NaN,10513224,1048088,7,52736,43520,NaN,NaN
2026-04-01 09:02:19.547,42084,ESTAB,cubic,224,22.037,2.712,20.344,1448,10,14480,NaN,8649,8649,1224,NaN,23,27,6,3,NaN,NaN,10513224,1048088,7,52736,43520,NaN,NaN
2026-04-01 09:02:19.782,42084,ESTAB,cubic,224,22.037,2.712,20.344,1448,10,14480,NaN,8649,8649,1224,NaN,23,27,6,3,NaN,NaN,10513224,1048088,7,52736,43520,NaN,NaN
2026-04-01 09:02:20.026,42084,ESTAB,cubic,224,22.037,2.712,20.344,1448,10,14480,NaN,8649,8649,1224,NaN,23,27,6,3,NaN,NaN,10513224,1048088,7,52736,43520,NaN,NaN
2026-04-01 09:02:20.275,42084,ESTAB,cubic,224,22.037,2.712,20.344,1448,10,14480,NaN,8649,8649,1224,NaN,23,27,6,3,NaN,NaN,10513224,1048088,7,52736,43520,NaN,NaN
2026-04-01 09:02:20.531,42084,ESTAB,cubic,224,22.037,2.712,20.344,1448,10,14480,NaN,8649,8649,1224,NaN,23,27,6,3,NaN,NaN,10513224,1048088,7,52736,43520,NaN,NaN
2026-04-01 09:02:20.774,42084,ESTAB,cubic,224,22.037,2.712,20.344,1448,10,14480,NaN,8649,8649,1224,NaN,23,27,6,3,NaN,NaN,10513224,1048088,7,52736,43520,NaN,NaN
2026-04-01 09:02:21.004,42084,ESTAB,cubic,224,22.037,2.712,20.344,1448,10,14480,NaN,8649,8649,1224,NaN,23,27,6,3,NaN,NaN,10513224,1048088,7,52736,43520,NaN,NaN
2026-04-01 09:02:21.232,42084,ESTAB,cubic,224,22.037,2.712,20.344,1448,10,14480,NaN,8649,8649,1224,NaN,23,27,6,3,NaN,NaN,10513224,1048088,7,52736,43520,NaN,NaN
2026-04-01 09:02:21.466,42084,ESTAB,cubic,224,22.037,2.712,20.344,1448,10,14480,NaN,8649,8649,1224,NaN,23,27,6,3,NaN,NaN,10513224,1048088,7,52736,43520,NaN,NaN
2026-04-01 09:02:21.701,42084,ESTAB,cubic,224,22.037,2.712,20.344,1448,10,14480,NaN,8649,8649,1224,NaN,23,27,6,3,NaN,NaN,10513224,1048088,7,52736,43520,NaN,NaN
2026-04-01 09:02:21.932,42084,ESTAB,cubic,224,22.037,2.712,20.344,1448,10,14480,NaN,8649,8649,1224,NaN,23,27,6,3,NaN,NaN,10513224,1048088,7,52736,43520,NaN,NaN
2026-04-01 09:02:22.164,42084,ESTAB,cubic,224,22.037,2.712,20.344,1448,10,14480,NaN,8649,8649,1224,NaN,23,27,6,3,NaN,NaN,10513224,1048088,7,52736,43520,NaN,NaN
2026-04-01 09:02:22.400,42084,ESTAB,cubic,224,22.037,2.712,20.344,1448,10,14480,NaN,8649,8649,1224,NaN,23,27,6,3,NaN,NaN,10513224,1048088,7,52736,43520,NaN,NaN
