timestamp,dst_port,state,cc_algo,rto_ms,rtt_ms,rtt_var_ms,min_rtt_ms,mss_bytes,cwnd_pkts,cwnd_bytes,ssthresh_bytes,bytes_sent,bytes_acked,bytes_received,bytes_retrans,segs_out,segs_in,data_segs_out,data_segs_in,retrans_outstanding,retrans_total,pacing_rate_bps,delivery_rate_bps,delivered_pkts,snd_wnd_bytes,rcv_wnd_bytes,unacked_pkts,notsent_bytes
2026-04-30 14:13:33.383,44164,ESTAB,prague,224,21.62,5.269,20.147,1448,10,14480,NaN,2883,2883,408,NaN,4,6,3,1,NaN,NaN,11100400,1595592,4,48640,43520,NaN,NaN
2026-04-30 14:13:33.642,44164,ESTAB,prague,224,21.62,5.269,20.147,1448,10,14480,NaN,2883,2883,408,NaN,4,6,3,1,NaN,NaN,11100400,1595592,4,48640,43520,NaN,NaN
2026-04-30 14:13:34.562,44174,ESTAB,prague,228,24.776,0.75,20.086,1448,30,43440,NaN,88440,66900,822,NaN,63,28,62,2,NaN,NaN,29059440,6705920,48,111616,43520,15,104445
2026-04-30 14:13:34.784,44174,ESTAB,prague,228,24.939,0.689,20.071,1448,30,43440,NaN,229841,208301,1644,NaN,162,79,161,4,NaN,NaN,28869840,6687664,147,111616,43520,15,238376
2026-04-30 14:13:35.004,44174,ESTAB,prague,228,25.106,0.094,20.071,1448,30,43440,NaN,412213,392109,1644,NaN,289,143,288,4,NaN,NaN,28677360,6704256,275,111616,43520,14,165140
2026-04-30 14:13:35.224,44174,ESTAB,prague,228,25.235,0.015,20.071,1448,30,43440,NaN,594585,573045,1644,NaN,416,206,415,4,NaN,NaN,28531200,6695120,401,111616,43520,15,201040
2026-04-30 14:13:35.443,44174,ESTAB,prague,228,25.276,0.036,20.071,1448,30,43440,NaN,776957,756853,1644,NaN,543,270,542,4,NaN,NaN,28484880,6699824,529,111616,43520,14,236940
2026-04-30 14:13:35.671,44174,ESTAB,prague,228,25.269,0.042,20.071,1448,30,43440,NaN,962201,940661,1644,NaN,672,334,671,4,NaN,NaN,28492800,6703696,657,111616,43520,15,138215
2026-04-30 14:13:35.931,44174,ESTAB,prague,228,25.289,0.015,20.071,1448,30,43440,NaN,1100416,1100416,1644,NaN,769,390,768,4,NaN,NaN,28470000,6687392,769,112128,43520,NaN,NaN
2026-04-30 14:13:36.173,44174,ESTAB,prague,228,25.289,0.015,20.071,1448,30,43440,NaN,1100416,1100416,1644,NaN,769,390,768,4,NaN,NaN,28470000,6687392,769,112128,43520,NaN,NaN
2026-04-30 14:13:36.415,44174,ESTAB,prague,228,25.289,0.015,20.071,1448,30,43440,NaN,1100416,1100416,1644,NaN,769,390,768,4,NaN,NaN,28470000,6687392,769,112128,43520,NaN,NaN
2026-04-30 14:13:36.661,44174,ESTAB,prague,228,25.327,0.029,20.071,1448,30,43440,NaN,1251207,1229667,2468,NaN,875,437,874,6,NaN,NaN,28427520,6695952,860,112128,43520,15,245556
2026-04-30 14:13:36.917,44174,ESTAB,prague,228,25.296,0.028,20.071,1448,26,37648,37648,1463735,1445067,2468,NaN,1023,508,1022,6,NaN,NaN,12333776,6677752,1010,220672,43520,13,403516
2026-04-30 14:13:37.186,44174,ESTAB,prague,228,25.292,0.03,20.071,1448,28,40544,37648,1686315,1664775,2468,NaN,1178,578,1177,6,NaN,NaN,13284544,6700376,1163,220672,43520,15,374796
2026-04-30 14:13:37.430,44174,ESTAB,prague,228,25.245,0.04,20.071,1448,28,40544,37648,1888791,1868687,2468,NaN,1319,649,1318,6,NaN,NaN,13309408,6696224,1305,220672,43520,14,366180
2026-04-30 14:13:37.674,44174,ESTAB,prague,228,25.29,0.042,20.071,1448,28,40544,37648,2092703,2072599,2468,NaN,1461,720,1460,6,NaN,NaN,13285440,6694848,1447,220672,43520,14,167942
2026-04-30 14:13:37.912,44174,ESTAB,prague,228,25.292,0.03,20.071,1448,28,40544,37648,2260645,2259279,2468,NaN,1578,785,1577,6,NaN,NaN,13284320,6696224,1577,220672,43520,1,NaN
2026-04-30 14:13:38.154,44174,ESTAB,prague,232,30.706,10.851,20.071,1448,28,40544,37648,2260645,2260645,2468,NaN,1578,786,1577,6,NaN,NaN,10941952,2448736,1578,220672,43520,NaN,NaN
2026-04-30 14:13:38.397,44174,ESTAB,prague,232,30.706,10.851,20.071,1448,28,40544,37648,2260645,2260645,2468,NaN,1578,786,1577,6,NaN,NaN,10941952,2448736,1578,220672,43520,NaN,NaN
2026-04-30 14:13:38.636,44174,ESTAB,prague,228,25.205,0.082,20.041,1448,28,40544,37648,2368356,2349688,3292,NaN,1654,821,1653,8,NaN,NaN,13330688,6694016,1641,220672,43520,13,348948
2026-04-30 14:13:38.880,44174,ESTAB,prague,228,25.258,0.063,20.041,1448,28,40544,37648,2573704,2553600,3292,NaN,1797,892,1796,8,NaN,NaN,13302240,6684912,1783,220672,43520,14,337460
2026-04-30 14:13:39.108,44174,ESTAB,prague,228,25.272,0.05,20.041,1448,28,40544,37648,2763256,2743152,3292,NaN,1929,958,1928,8,NaN,NaN,13295072,6679680,1915,220672,43520,14,269548
2026-04-30 14:13:39.350,44174,ESTAB,prague,228,25.277,0.024,20.041,1448,28,40544,37648,2959988,2938448,3292,NaN,2066,1026,2065,8,NaN,NaN,13292384,6690424,2051,220672,43520,15,72816
2026-04-30 14:13:39.597,44174,ESTAB,prague,228,25.276,0.022,20.041,1448,28,40544,37648,3032804,3032804,3292,NaN,2117,1059,2116,8,NaN,NaN,13293056,6686560,2117,220672,43520,NaN,NaN
2026-04-30 14:13:39.830,44174,ESTAB,prague,228,25.276,0.022,20.041,1448,28,40544,37648,3032804,3032804,3292,NaN,2117,1059,2116,8,NaN,NaN,13293056,6686560,2117,220672,43520,NaN,NaN
2026-04-30 14:13:40.073,44174,ESTAB,prague,228,25.276,0.022,20.041,1448,28,40544,37648,3032804,3032804,3292,NaN,2117,1059,2116,8,NaN,NaN,13293056,6686560,2117,220672,43520,NaN,NaN
2026-04-30 14:13:40.313,44174,ESTAB,prague,228,25.276,0.022,20.041,1448,28,40544,37648,3032804,3032804,3292,NaN,2117,1059,2116,8,NaN,NaN,13293056,6686560,2117,220672,43520,NaN,NaN
2026-04-30 14:13:40.551,44174,ESTAB,prague,228,25.288,1.335,20.041,1448,28,40544,37648,3041431,3035687,4116,NaN,2124,1062,2123,10,NaN,NaN,13286784,6686560,2120,220672,43520,4,448032
2026-04-30 14:13:40.799,44174,ESTAB,prague,228,25.295,0.033,20.041,1448,28,40544,37648,3245343,3225239,4116,NaN,2266,1128,2265,10,NaN,NaN,13282976,6686288,2252,220672,43520,14,437980
2026-04-30 14:13:41.053,44174,ESTAB,prague,228,25.223,0.096,20.041,1448,28,40544,37648,3459307,3437767,4116,NaN,2415,1202,2414,10,NaN,NaN,13320832,6683528,2400,220672,43520,15,417876
2026-04-30 14:13:41.304,44174,ESTAB,prague,228,25.277,0.032,20.041,1448,28,40544,37648,3667527,3647423,4116,NaN,2560,1275,2559,10,NaN,NaN,13292384,6695400,2546,220672,43520,14,324626
2026-04-30 14:13:41.542,44174,ESTAB,prague,228,25.281,0.025,20.041,1448,28,40544,37648,3865695,3845591,4116,NaN,2698,1344,2697,10,NaN,NaN,13290144,6694288,2684,220672,43520,14,126458
2026-04-30 14:13:41.795,44174,ESTAB,prague,228,25.277,0.073,20.041,1448,28,40544,37648,3992153,3992153,4116,NaN,2787,1395,2786,10,NaN,NaN,13292384,6248352,2787,220672,43520,NaN,NaN
2026-04-30 14:13:42.040,44174,ESTAB,prague,228,25.277,0.073,20.041,1448,28,40544,37648,3992153,3992153,4116,NaN,2787,1395,2786,10,NaN,NaN,13292384,6248352,2787,220672,43520,NaN,NaN
2026-04-30 14:13:42.284,44174,ESTAB,prague,228,25.277,0.073,20.041,1448,28,40544,37648,3992153,3992153,4116,NaN,2787,1395,2786,10,NaN,NaN,13292384,6248352,2787,220672,43520,NaN,NaN
2026-04-30 14:13:42.512,44174,ESTAB,prague,228,25.277,0.073,20.041,1448,28,40544,37648,3992153,3992153,4116,NaN,2787,1395,2786,10,NaN,NaN,13292384,6248352,2787,220672,43520,NaN,NaN
2026-04-30 14:13:42.759,44174,ESTAB,prague,228,25.268,0.03,20.041,1448,28,40544,37648,4150124,4130020,4940,NaN,2898,1445,2897,12,NaN,NaN,13297088,6689048,2884,220672,43520,14,298688
2026-04-30 14:13:43.003,44174,ESTAB,prague,228,25.26,0.043,20.041,1448,28,40544,37648,4352600,4333932,4940,NaN,3039,1516,3038,12,NaN,NaN,13301120,6703696,3026,220672,43520,13,290072
2026-04-30 14:13:43.232,44174,ESTAB,prague,228,25.22,0.025,20.041,1448,28,40544,37648,4545024,4526356,4940,NaN,3173,1583,3172,12,NaN,NaN,13322400,6696224,3160,220672,43520,13,291508
2026-04-30 14:13:43.457,44174,ESTAB,prague,228,25.263,0.03,20.041,1448,28,40544,37648,4730268,4710164,4940,NaN,3302,1647,3301,12,NaN,NaN,13300000,6704256,3288,220672,43520,14,300124
2026-04-30 14:13:43.692,44174,ESTAB,prague,228,25.29,0.026,20.041,1448,28,40544,37648,4927000,4905460,4940,NaN,3439,1715,3438,12,NaN,NaN,13285440,6674728,3424,220672,43520,15,285250
2026-04-30 14:13:43.922,44174,ESTAB,prague,228,25.09,0.166,20.041,1448,28,40544,37648,5116552,5097884,4940,NaN,3571,1782,3570,12,NaN,NaN,13391616,6697336,3558,220672,43520,13,95698
2026-04-30 14:13:44.151,44174,ESTAB,prague,228,25.273,0.026,20.041,1448,28,40544,37648,5212250,5212250,4940,NaN,3638,1822,3637,12,NaN,NaN,13294400,6682704,3638,220672,43520,NaN,NaN
2026-04-30 14:13:44.391,44174,ESTAB,prague,228,25.273,0.026,20.041,1448,28,40544,37648,5212250,5212250,4940,NaN,3638,1822,3637,12,NaN,NaN,13294400,6682704,3638,220672,43520,NaN,NaN
2026-04-30 14:13:44.627,44174,ESTAB,prague,228,24.229,0.389,20.036,1448,28,40544,37648,5238109,5218005,5764,NaN,3657,1826,3656,14,NaN,NaN,13867168,6682704,3643,220672,43520,14,430800
2026-04-30 14:13:44.864,44174,ESTAB,prague,228,25.249,0.031,20.036,1448,28,40544,37648,5433405,5413301,5764,NaN,3793,1894,3792,14,NaN,NaN,13307168,6697608,3779,220672,43520,14,429364
2026-04-30 14:13:45.109,44174,ESTAB,prague,228,25.275,0.02,20.036,1448,28,40544,37648,5637317,5617213,5764,NaN,3935,1965,3934,14,NaN,NaN,13293280,6687392,3921,220672,43520,14,380412
2026-04-30 14:13:45.359,44174,ESTAB,prague,228,25.247,0.056,20.036,1448,28,40544,37648,5839793,5818253,5764,NaN,4076,2035,4075,14,NaN,NaN,13308288,6682984,4061,220672,43520,15,177936
2026-04-30 14:13:45.607,44174,ESTAB,prague,228,25.282,0.032,20.036,1448,28,40544,37648,6017729,6016421,5764,NaN,4200,2104,4199,14,NaN,NaN,13289920,6683528,4199,220672,43520,1,NaN
2026-04-30 14:13:45.847,44174,ESTAB,prague,232,30.896,11.253,20.036,1448,28,40544,37648,6017729,6017729,5764,NaN,4200,2105,4199,14,NaN,NaN,10874752,2393256,4200,220672,43520,NaN,NaN
2026-04-30 14:13:46.093,44174,ESTAB,prague,232,30.896,11.253,20.036,1448,28,40544,37648,6017729,6017729,5764,NaN,4200,2105,4199,14,NaN,NaN,10874752,2393256,4200,220672,43520,NaN,NaN
2026-04-30 14:13:46.342,44174,ESTAB,prague,232,30.896,11.253,20.036,1448,28,40544,37648,6017729,6017729,5764,NaN,4200,2105,4199,14,NaN,NaN,10874752,2393256,4200,220672,43520,NaN,NaN
2026-04-30 14:13:46.589,44174,ESTAB,prague,232,30.896,11.253,20.036,1448,28,40544,37648,6017729,6017729,5764,NaN,4200,2105,4199,14,NaN,NaN,10874752,2393256,4200,220672,43520,NaN,NaN
2026-04-30 14:13:46.826,44174,ESTAB,prague,228,25.267,0.023,20.036,1448,28,40544,37648,6184316,6164212,6588,NaN,4317,2160,4316,16,NaN,NaN,13297760,6695400,4303,220672,43520,14,290072
2026-04-30 14:13:47.068,44174,ESTAB,prague,228,25.22,0.071,20.036,1448,28,40544,37648,6383920,6365252,6588,NaN,4456,2230,4455,16,NaN,NaN,13322624,6696224,4443,220672,43520,13,284328
2026-04-30 14:13:47.312,44174,ESTAB,prague,228,25.286,0.032,20.036,1448,28,40544,37648,6587832,6566292,6588,NaN,4598,2300,4597,16,NaN,NaN,13287904,6701480,4583,220672,43520,15,274276
2026-04-30 14:13:47.561,44174,ESTAB,prague,228,25.255,0.048,20.036,1448,28,40544,37648,6793180,6773076,6588,NaN,4741,2372,4740,16,NaN,NaN,13303808,6686008,4727,220672,43520,14,273346
2026-04-30 14:13:47.804,44174,ESTAB,prague,228,25.292,0.038,20.036,1448,28,40544,37648,6998528,6979860,6588,NaN,4884,2444,4883,16,NaN,NaN,13284544,6673632,4871,220672,43520,13,67998
2026-04-30 14:13:48.029,44174,ESTAB,prague,232,30.123,9.701,20.036,1448,28,40544,37648,7066526,7066526,6588,NaN,4932,2475,4931,16,NaN,NaN,11154080,2616352,4932,221184,43520,NaN,NaN
2026-04-30 14:13:48.258,44174,ESTAB,prague,232,30.123,9.701,20.036,1448,28,40544,37648,7066526,7066526,6588,NaN,4932,2475,4931,16,NaN,NaN,11154080,2616352,4932,221184,43520,NaN,NaN
2026-04-30 14:13:48.492,44174,ESTAB,prague,232,30.123,9.701,20.036,1448,28,40544,37648,7066526,7066526,6588,NaN,4932,2475,4931,16,NaN,NaN,11154080,2616352,4932,221184,43520,NaN,NaN
2026-04-30 14:13:48.721,44174,ESTAB,prague,228,25.361,0.471,20.036,1448,28,40544,37648,7123977,7103873,7412,NaN,4973,2492,4972,18,NaN,NaN,13248256,6687112,4959,221184,43520,14,399208
2026-04-30 14:13:48.956,44174,ESTAB,prague,228,25.229,0.08,20.036,1448,28,40544,37648,7320709,7302041,7412,NaN,5110,2561,5109,18,NaN,NaN,13317696,6668968,5097,221184,43520,13,396336
2026-04-30 14:13:49.179,44174,ESTAB,prague,228,25.337,0.04,20.036,1448,28,40544,37648,7505953,7485849,7412,NaN,5239,2625,5238,18,NaN,NaN,13261024,6700096,5225,221184,43520,14,404952
2026-04-30 14:13:49.414,44174,ESTAB,prague,228,25.34,0.029,20.036,1448,28,40544,37648,7701249,7681145,7412,NaN,5375,2693,5374,18,NaN,NaN,13259008,6698160,5361,221184,43520,14,290673
2026-04-30 14:13:49.645,44174,ESTAB,prague,228,25.352,0.035,20.036,1448,28,40544,37648,7890801,7870697,7412,NaN,5507,2759,5506,18,NaN,NaN,13253184,6692912,5493,221184,43520,14,101121
2026-04-30 14:13:49.887,44174,ESTAB,prague,232,30.94,11.194,20.036,1448,28,40544,37648,7991922,7991922,7412,NaN,5578,2802,5577,18,NaN,NaN,10859520,2409448,5578,221184,43520,NaN,NaN
2026-04-30 14:13:50.109,44174,ESTAB,prague,232,30.94,11.194,20.036,1448,28,40544,37648,7991922,7991922,7412,NaN,5578,2802,5577,18,NaN,NaN,10859520,2409448,5578,221184,43520,NaN,NaN
2026-04-30 14:13:50.329,44174,ESTAB,prague,232,30.94,11.194,20.036,1448,28,40544,37648,7991922,7991922,7412,NaN,5578,2802,5577,18,NaN,NaN,10859520,2409448,5578,221184,43520,NaN,NaN
2026-04-30 14:13:50.558,44174,ESTAB,prague,232,30.94,11.194,20.036,1448,28,40544,37648,7991922,7991922,7412,NaN,5578,2802,5577,18,NaN,NaN,10859520,2409448,5578,221184,43520,NaN,NaN
2026-04-30 14:13:50.796,44174,ESTAB,prague,228,25.33,0.045,20.036,1448,28,40544,37648,8089581,8069477,8236,NaN,5647,2833,5646,20,NaN,NaN,13264832,6684912,5633,221184,43520,14,359000
2026-04-30 14:13:51.035,44174,ESTAB,prague,228,25.325,0.027,20.036,1448,28,40544,37648,8286313,8264773,8236,NaN,5784,2901,5783,20,NaN,NaN,13267296,6695672,5769,221184,43520,15,356128
2026-04-30 14:13:51.273,44174,ESTAB,prague,228,25.306,0.036,20.036,1448,28,40544,37648,8485917,8465813,8236,NaN,5923,2971,5922,20,NaN,NaN,13277376,6682432,5909,221184,43520,14,350384
2026-04-30 14:13:51.504,44174,ESTAB,prague,228,25.335,0.026,20.036,1448,28,40544,37648,8674033,8652493,8236,NaN,6054,3036,6053,20,NaN,NaN,13262144,6695952,6039,221184,43520,15,356128
2026-04-30 14:13:51.752,44174,ESTAB,prague,228,25.337,0.025,20.036,1448,28,40544,37648,8880817,8859277,8236,NaN,6198,3108,6197,20,NaN,NaN,13261024,6693464,6183,221184,43520,15,210742
2026-04-30 14:13:51.994,44174,ESTAB,prague,228,25.319,0.053,20.036,1448,28,40544,37648,9081857,9063189,8236,NaN,6338,3179,6337,20,NaN,NaN,13270656,6692080,6325,221184,43520,13,9702
2026-04-30 14:13:52.227,44174,ESTAB,prague,228,25.108,0.158,20.036,1448,28,40544,37648,9091559,9091559,8236,NaN,6345,3189,6344,20,NaN,NaN,13381984,6691808,6345,221184,43520,NaN,NaN
2026-04-30 14:13:52.471,44174,ESTAB,prague,228,25.108,0.158,20.036,1448,28,40544,37648,9091559,9091559,8236,NaN,6345,3189,6344,20,NaN,NaN,13381984,6691808,6345,221184,43520,NaN,NaN
2026-04-30 14:13:52.722,44174,ESTAB,prague,228,24.66,0.264,20.036,1448,28,40544,37648,9094442,9094431,8644,NaN,6348,3191,6347,21,NaN,NaN,13625024,6691808,6347,221184,43520,1,NaN
2026-04-30 14:13:52.958,44174,ESTAB,prague,228,25.319,0.019,20.036,1448,28,40544,37648,9289738,9269634,9060,NaN,6484,3253,6483,22,NaN,NaN,13270208,6694848,6470,221184,43520,14,452340
2026-04-30 14:13:53.206,44174,ESTAB,prague,228,25.349,0.027,20.036,1448,28,40544,37648,9496522,9476418,9060,NaN,6628,3325,6627,22,NaN,NaN,13254752,6688768,6614,221184,43520,14,439416
2026-04-30 14:13:53.447,44174,ESTAB,prague,228,25.397,0.046,20.036,1448,28,40544,37648,9697562,9677458,9060,NaN,6768,3395,6767,22,NaN,NaN,13229664,6681056,6754,221184,43520,14,432236
2026-04-30 14:13:53.694,44174,ESTAB,prague,228,25.379,0.033,20.036,1448,28,40544,37648,9898602,9878498,9060,NaN,6908,3465,6907,22,NaN,NaN,13239072,6698992,6894,221184,43520,14,333160
2026-04-30 14:13:53.919,44174,ESTAB,prague,228,25.299,0.116,20.036,1448,28,40544,37648,10091026,10070922,9060,NaN,7042,3532,7041,22,NaN,NaN,13280512,6678576,7028,221184,43520,14,140736
2026-04-30 14:13:54.143,44174,ESTAB,prague,228,25.318,0.034,20.036,1448,28,40544,37648,10231762,10231754,9060,NaN,7141,3588,7140,22,NaN,NaN,13271104,6695400,7140,221184,43520,1,NaN
2026-04-30 14:13:54.389,44174,ESTAB,prague,232,30.407,10.205,20.036,1448,28,40544,37648,10231762,10231762,9060,NaN,7141,3589,7140,22,NaN,NaN,11049696,2260016,7141,221184,43520,NaN,NaN
2026-04-30 14:13:54.625,44174,ESTAB,prague,232,30.407,10.205,20.036,1448,28,40544,37648,10231762,10231762,9060,NaN,7141,3589,7140,22,NaN,NaN,11049696,2260016,7141,221184,43520,NaN,NaN
2026-04-30 14:13:54.875,44174,ESTAB,prague,228,25.336,0.032,20.036,1448,28,40544,37648,10342345,10320805,9884,NaN,7219,3624,7218,24,NaN,NaN,13261472,6701760,7204,221184,43520,15,346076
2026-04-30 14:13:55.113,44174,ESTAB,prague,228,25.34,0.026,20.036,1448,28,40544,37648,10539077,10518973,9884,NaN,7356,3693,7355,24,NaN,NaN,13259456,6680776,7342,221184,43520,14,343204
2026-04-30 14:13:55.353,44174,ESTAB,prague,228,25.345,0.046,20.036,1448,28,40544,37648,10735809,10717141,9884,NaN,7493,3762,7492,24,NaN,NaN,13256544,6704528,7480,221184,43520,13,340332
2026-04-30 14:13:55.602,44174,ESTAB,prague,228,25.337,0.027,20.036,1448,28,40544,37648,10944029,10923925,9884,NaN,7638,3834,7637,24,NaN,NaN,13260800,6681608,7624,221184,43520,14,325972
2026-04-30 14:13:55.850,44174,ESTAB,prague,228,25.315,0.042,20.036,1448,28,40544,37648,11150813,11130709,9884,NaN,7782,3906,7781,24,NaN,NaN,13272448,6708136,7768,221184,43520,14,232489
2026-04-30 14:13:56.086,44174,ESTAB,prague,228,25.291,0.027,20.036,1448,28,40544,37648,11348981,11328877,9884,NaN,7920,3975,7919,24,NaN,NaN,13285216,6695400,7906,221184,43520,14,34321
2026-04-30 14:13:56.312,44174,ESTAB,prague,228,25.28,0.061,20.036,1448,28,40544,37648,11383302,11383302,9884,NaN,7944,3994,7943,24,NaN,NaN,13291040,6667872,7944,221184,43520,NaN,NaN
2026-04-30 14:13:56.546,44174,ESTAB,prague,228,25.28,0.061,20.036,1448,28,40544,37648,11383302,11383302,9884,NaN,7944,3994,7943,24,NaN,NaN,13291040,6667872,7944,221184,43520,NaN,NaN
2026-04-30 14:13:56.786,44174,ESTAB,prague,228,24.493,0.249,20.036,1448,28,40544,37648,11399109,11386185,10708,NaN,7956,3997,7955,26,NaN,NaN,13717760,6667872,7947,221184,43520,9,440852
2026-04-30 14:13:57.012,44174,ESTAB,prague,228,25.163,0.084,20.036,1448,28,40544,37648,11587225,11567121,10708,NaN,8087,4060,8086,26,NaN,NaN,13352864,6694848,8073,221184,43520,14,446596
2026-04-30 14:13:57.241,44174,ESTAB,prague,228,25.257,0.022,20.036,1448,28,40544,37648,11776777,11756673,10708,NaN,8219,4126,8218,26,NaN,NaN,13302912,6688496,8205,221184,43520,14,450904
2026-04-30 14:13:57.486,44174,ESTAB,prague,228,25.331,0.054,20.036,1448,28,40544,37648,11973509,11951969,10708,NaN,8356,4194,8355,26,NaN,NaN,13264160,6697336,8341,221184,43520,15,448032
2026-04-30 14:13:57.731,44174,ESTAB,prague,228,25.354,0.041,20.036,1448,28,40544,37648,12181729,12161625,10708,NaN,8501,4267,8500,26,NaN,NaN,13252064,6678304,8487,221184,43520,14,342227
2026-04-30 14:13:57.962,44174,ESTAB,prague,228,25.307,0.026,20.036,1448,28,40544,37648,12374153,12354049,10708,NaN,8635,4334,8634,26,NaN,NaN,13276928,6684360,8621,221184,43520,14,149803
2026-04-30 14:13:58.196,44174,ESTAB,prague,228,25.324,0.054,20.036,1448,28,40544,37648,12523956,12523497,10708,NaN,8740,4393,8739,26,NaN,NaN,13267520,6687664,8739,221184,43520,1,NaN
2026-04-30 14:13:58.423,44174,ESTAB,prague,232,30.804,11.0,20.036,1448,28,40544,37648,12523956,12523956,10708,NaN,8740,4394,8739,26,NaN,NaN,10907456,2427624,8740,221184,43520,NaN,NaN
2026-04-30 14:13:58.659,44174,ESTAB,prague,232,30.804,11.0,20.036,1448,28,40544,37648,12523956,12523956,10708,NaN,8740,4394,8739,26,NaN,NaN,10907456,2427624,8740,221184,43520,NaN,NaN
2026-04-30 14:13:58.901,44174,ESTAB,prague,228,25.376,0.106,20.036,1448,28,40544,37648,12608691,12587151,11532,NaN,8800,4420,8799,28,NaN,NaN,13240192,6689600,8785,221184,43520,15,371924
2026-04-30 14:13:59.144,44174,ESTAB,prague,228,25.333,0.027,20.036,1448,28,40544,37648,12809731,12791063,11532,NaN,8940,4491,8939,28,NaN,NaN,13262592,6692912,8927,221184,43520,13,364744
2026-04-30 14:13:59.389,44174,ESTAB,prague,228,25.351,0.017,20.036,1448,28,40544,37648,13013643,12992103,11532,NaN,9082,4561,9081,28,NaN,NaN,13253408,6695400,9067,221184,43520,15,354692
2026-04-30 14:13:59.619,44174,ESTAB,prague,228,25.309,0.044,20.036,1448,28,40544,37648,13206067,13184527,11532,NaN,9216,4628,9215,28,NaN,NaN,13275584,6703144,9201,221184,43520,15,356128
2026-04-30 14:13:59.851,44174,ESTAB,prague,228,25.379,0.057,20.036,1448,28,40544,37648,13397055,13376951,11532,NaN,9349,4695,9348,28,NaN,NaN,13239072,6669512,9335,221184,43520,14,305605
2026-04-30 14:14:00.080,44174,ESTAB,prague,228,25.346,0.036,20.036,1448,28,40544,37648,13588043,13566503,11532,NaN,9482,4761,9481,28,NaN,NaN,13256096,6694016,9467,221184,43520,15,114617
2026-04-30 14:14:00.311,44174,ESTAB,prague,232,30.393,10.152,20.036,1448,28,40544,37648,13702660,13702660,11532,NaN,9562,4809,9561,28,NaN,NaN,11055072,2552928,9562,221184,43520,NaN,NaN
2026-04-30 14:14:00.537,44174,ESTAB,prague,232,30.393,10.152,20.036,1448,28,40544,37648,13702660,13702660,11532,NaN,9562,4809,9561,28,NaN,NaN,11055072,2552928,9562,221184,43520,NaN,NaN
2026-04-30 14:14:00.761,44174,ESTAB,prague,232,30.393,10.152,20.036,1448,28,40544,37648,13702660,13702660,11532,NaN,9562,4809,9561,28,NaN,NaN,11055072,2552928,9562,221184,43520,NaN,NaN
2026-04-30 14:14:00.987,44174,ESTAB,prague,228,25.318,0.022,20.036,1448,28,40544,37648,13840527,13820423,12356,NaN,9659,4854,9658,30,NaN,NaN,13271104,6705360,9645,221184,43520,14,318792
2026-04-30 14:14:01.223,44174,ESTAB,prague,228,25.344,0.064,20.036,1448,28,40544,37648,14034387,14012847,12356,NaN,9794,4921,9793,30,NaN,NaN,13256992,6670608,9779,221184,43520,15,318792
2026-04-30 14:14:01.454,44174,ESTAB,prague,228,25.381,0.098,20.036,1448,28,40544,37648,14226811,14208143,12356,NaN,9928,4989,9927,30,NaN,NaN,13237728,6683528,9915,221184,43520,13,320228
2026-04-30 14:14:01.699,44174,ESTAB,prague,228,25.375,0.042,20.036,1448,28,40544,37648,14426415,14406311,12356,NaN,10067,5058,10066,30,NaN,NaN,13241088,6679952,10053,221184,43520,14,314484
2026-04-30 14:14:01.932,44174,ESTAB,prague,228,25.285,0.084,20.036,1448,28,40544,37648,14624583,14604479,12356,NaN,10205,5127,10204,30,NaN,NaN,13288128,6670336,10191,221184,43520,14,170828
2026-04-30 14:14:02.154,44174,ESTAB,prague,228,25.288,0.043,20.036,1448,28,40544,37648,14795411,14788287,12356,NaN,10324,5191,10323,30,NaN,NaN,13286336,6688496,10319,221184,43520,5,NaN
2026-04-30 14:14:02.380,44174,ESTAB,prague,232,30.277,10.032,20.036,1448,28,40544,37648,14795411,14795411,12356,NaN,10324,5194,10323,30,NaN,NaN,11097408,2565328,10324,221184,43520,NaN,NaN
2026-04-30 14:14:02.617,44174,ESTAB,prague,232,30.277,10.032,20.036,1448,28,40544,37648,14795411,14795411,12356,NaN,10324,5194,10323,30,NaN,NaN,11097408,2565328,10324,221184,43520,NaN,NaN
2026-04-30 14:14:02.860,44174,ESTAB,prague,228,26.928,9.252,20.036,1448,28,40544,37648,14798294,14798294,12764,NaN,10327,5198,10326,31,NaN,NaN,12477248,2565328,10327,221184,43520,NaN,NaN
2026-04-30 14:14:03.105,44174,ESTAB,prague,228,25.371,0.093,20.036,1448,28,40544,37648,15003642,14982102,13180,NaN,10470,5263,10469,32,NaN,NaN,13243328,6617800,10455,221184,43520,15,102618
2026-04-30 14:14:03.342,44174,ESTAB,prague,232,31.015,11.434,20.036,1448,28,40544,37648,15106260,15106260,13180,NaN,10542,5307,10541,32,NaN,NaN,10833312,2147536,10542,221184,43520,NaN,NaN
2026-04-30 14:14:03.577,44174,ESTAB,prague,232,31.015,11.434,20.036,1448,28,40544,37648,15106260,15106260,13180,NaN,10542,5307,10541,32,NaN,NaN,10833312,2147536,10542,221184,43520,NaN,NaN
2026-04-30 14:14:03.821,44174,ESTAB,prague,232,31.015,11.434,20.036,1448,28,40544,37648,15106260,15106260,13180,NaN,10542,5307,10541,32,NaN,NaN,10833312,2147536,10542,221184,43520,NaN,NaN
2026-04-30 14:14:04.071,44174,ESTAB,prague,232,31.015,11.434,20.036,1448,28,40544,37648,15106260,15106260,13180,NaN,10542,5307,10541,32,NaN,NaN,10833312,2147536,10542,221184,43520,NaN,NaN
2026-04-30 14:14:04.305,44174,ESTAB,prague,232,31.015,11.434,20.036,1448,28,40544,37648,15106260,15106260,13180,NaN,10542,5307,10541,32,NaN,NaN,10833312,2147536,10542,221184,43520,NaN,NaN
2026-04-30 14:14:04.541,44174,ESTAB,prague,232,31.015,11.434,20.036,1448,28,40544,37648,15106260,15106260,13180,NaN,10542,5307,10541,32,NaN,NaN,10833312,2147536,10542,221184,43520,NaN,NaN
2026-04-30 14:14:04.789,44174,ESTAB,prague,232,31.015,11.434,20.036,1448,28,40544,37648,15106260,15106260,13180,NaN,10542,5307,10541,32,NaN,NaN,10833312,2147536,10542,221184,43520,NaN,NaN
2026-04-30 14:14:05.032,44174,ESTAB,prague,228,24.952,1.516,20.036,1448,25,36200,36200,15215407,15198175,14004,NaN,10619,5352,10618,34,NaN,NaN,12022800,5804720,10607,220672,43520,12,260819
2026-04-30 14:14:05.260,44174,ESTAB,prague,228,25.208,0.824,20.036,1448,12,17376,17376,15386291,15370495,14004,NaN,10738,5427,10737,34,NaN,NaN,5712384,6208440,10727,220672,43520,11,89935
2026-04-30 14:14:05.493,44174,ESTAB,prague,224,22.379,1.799,20.036,1448,5,7240,5792,15476226,15469579,14004,NaN,10801,5473,10800,34,NaN,NaN,2681000,2513992,10796,220672,43520,5,NaN
2026-04-30 14:14:05.743,44174,ESTAB,prague,232,28.634,12.614,20.036,1448,6,8688,5792,15476226,15476226,14004,NaN,10801,5476,10800,34,NaN,NaN,2514384,855640,10801,221184,43520,NaN,NaN
2026-04-30 14:14:05.998,44174,ESTAB,prague,232,28.634,12.614,20.036,1448,6,8688,5792,15476226,15476226,14004,NaN,10801,5476,10800,34,NaN,NaN,2514384,855640,10801,221184,43520,NaN,NaN
2026-04-30 14:14:06.230,44174,ESTAB,prague,232,28.634,12.614,20.036,1448,6,8688,5792,15476226,15476226,14004,NaN,10801,5476,10800,34,NaN,NaN,2514384,855640,10801,221184,43520,NaN,NaN
2026-04-30 14:14:06.461,44174,ESTAB,prague,232,28.634,12.614,20.036,1448,6,8688,5792,15476226,15476226,14004,NaN,10801,5476,10800,34,NaN,NaN,2514384,855640,10801,221184,43520,NaN,NaN
2026-04-30 14:14:06.713,44174,ESTAB,prague,232,28.634,12.614,20.036,1448,6,8688,5792,15476226,15476226,14004,NaN,10801,5476,10800,34,NaN,NaN,2514384,855640,10801,221184,43520,NaN,NaN
2026-04-30 14:14:06.955,44174,ESTAB,prague,228,26.132,9.079,20.036,1448,6,8688,5792,15484853,15479109,14828,NaN,10808,5481,10807,36,NaN,NaN,2755104,1237424,10804,221184,43520,4,448032
2026-04-30 14:14:07.213,44174,ESTAB,prague,224,23.772,1.09,20.036,1448,7,10136,10136,15593989,15585373,14828,NaN,10884,5525,10883,36,NaN,NaN,3533432,3341072,10878,220672,43520,6,338896
2026-04-30 14:14:07.468,44174,ESTAB,prague,224,23.694,0.963,20.036,1448,10,14480,13032,15730409,15716049,14828,NaN,10979,5577,10978,36,NaN,NaN,5064400,4448752,10969,220672,43520,10,396336
2026-04-30 14:14:07.704,44174,ESTAB,prague,224,22.852,0.96,20.036,1448,10,14480,14480,15875445,15861085,14828,NaN,11080,5637,11079,36,NaN,NaN,5250960,4769040,11070,220672,43520,10,445160
2026-04-30 14:14:07.945,44174,ESTAB,prague,224,22.649,1.691,20.036,1448,9,13032,13032,16023353,16010429,14828,NaN,11183,5704,11182,36,NaN,NaN,4768272,4302232,11174,220672,43520,9,297252
2026-04-30 14:14:08.197,44174,ESTAB,prague,224,22.371,1.331,20.036,1448,9,13032,11584,16155465,16145413,14828,NaN,11275,5764,11274,36,NaN,NaN,4827456,4520088,11268,220672,43520,7,344833
2026-04-30 14:14:08.438,44174,ESTAB,prague,224,22.736,0.745,20.036,1448,10,14480,13032,16294757,16283269,14828,NaN,11372,5824,11371,36,NaN,NaN,5277760,4747104,11364,220672,43520,8,205541
2026-04-30 14:14:08.672,44174,ESTAB,prague,224,22.46,0.948,20.036,1448,12,17376,15928,16448409,16434049,14828,NaN,11479,5888,11478,36,NaN,NaN,6411360,5627520,11469,220672,43520,10,51889
2026-04-30 14:14:08.908,44174,ESTAB,prague,224,23.255,1.039,20.034,1448,11,15928,14480,16500298,16500298,14828,NaN,11516,5916,11515,36,NaN,NaN,5676088,4477384,11516,221184,43520,NaN,NaN
2026-04-30 14:14:09.156,44174,ESTAB,prague,224,22.554,0.67,20.034,1448,10,14480,14480,16628113,16616625,15652,NaN,11606,5970,11605,38,NaN,NaN,5320480,5573248,11598,220672,43520,8,328844
2026-04-30 14:14:09.408,44174,ESTAB,prague,224,22.614,1.013,20.034,1448,10,14480,14480,16781765,16767405,15652,NaN,11713,6032,11712,38,NaN,NaN,5306240,4946192,11703,220672,43520,10,369052
2026-04-30 14:14:09.656,44174,ESTAB,prague,224,23.214,1.068,20.034,1448,11,15928,13032,16939725,16925365,15652,NaN,11823,6099,11822,38,NaN,NaN,5686032,4574136,11813,220672,43520,10,404952
2026-04-30 14:14:09.894,44174,ESTAB,prague,224,23.422,0.815,20.034,1448,9,13032,13032,17080453,17067529,15652,NaN,11921,6158,11920,38,NaN,NaN,4611024,4897864,11912,220672,43520,9,458084
2026-04-30 14:14:10.121,44174,ESTAB,prague,224,22.608,0.81,20.034,1448,11,15928,15928,17238413,17222617,15652,NaN,12031,6223,12030,38,NaN,NaN,5838360,6115272,12020,220672,43520,11,300124
2026-04-30 14:14:10.352,44174,ESTAB,prague,224,22.557,0.712,20.034,1448,11,15928,14480,17387757,17371961,15652,NaN,12135,6287,12134,38,NaN,NaN,5851560,4859960,12124,220672,43520,11,323598
2026-04-30 14:14:10.589,44174,ESTAB,prague,224,22.738,0.833,20.034,1448,9,13032,13032,17531357,17518433,15652,NaN,12235,6351,12234,38,NaN,NaN,4749696,4472584,12226,220672,43520,9,179998
2026-04-30 14:14:10.830,44174,ESTAB,prague,224,22.695,1.885,20.034,1448,8,11584,11584,17663469,17653417,15652,NaN,12327,6412,12326,38,NaN,NaN,4229888,3828944,12320,220672,43520,7,47886
2026-04-30 14:14:11.061,44174,ESTAB,prague,228,24.462,1.28,20.034,1448,9,13032,10136,17742958,17731470,16476,NaN,12384,6445,12383,40,NaN,NaN,4414896,3856512,12376,221184,43520,8,425056
2026-04-30 14:14:11.298,44174,ESTAB,prague,224,22.766,0.971,20.034,1448,8,11584,11584,17870762,17860710,16476,NaN,12473,6507,12472,40,NaN,NaN,4216640,4362472,12466,220672,43520,7,297252
2026-04-30 14:14:11.527,44174,ESTAB,prague,224,22.781,0.868,20.034,1448,8,11584,11584,17987078,17977026,16476,NaN,12554,6555,12553,40,NaN,NaN,4213952,3839568,12547,220672,43520,7,374796
2026-04-30 14:14:11.761,44174,ESTAB,prague,224,23.133,0.804,20.034,1448,9,13032,11584,18104830,18091906,16476,NaN,12636,6604,12635,40,NaN,NaN,4668480,4232712,12627,220672,43520,9,450904
2026-04-30 14:14:12.007,44174,ESTAB,prague,224,22.651,1.53,20.034,1448,9,13032,13032,18246994,18234070,16476,NaN,12735,6665,12734,40,NaN,NaN,4767912,4310120,12726,220672,43520,9,308740
2026-04-30 14:14:12.241,44174,ESTAB,prague,224,22.414,1.102,20.034,1448,9,13032,13032,18376234,18364746,16476,NaN,12825,6723,12824,40,NaN,NaN,4818240,4318152,12817,220672,43520,8,373360
2026-04-30 14:14:12.464,44174,ESTAB,prague,224,22.888,0.977,20.034,1448,8,11584,10136,18486806,18478190,16476,NaN,12902,6770,12901,40,NaN,NaN,4194240,4016120,12896,220672,43520,6,456648
2026-04-30 14:14:12.692,44174,ESTAB,prague,224,23.382,1.505,20.034,1448,9,13032,13032,18603122,18591634,16476,NaN,12983,6816,12982,40,NaN,NaN,4618872,4318984,12975,220672,43520,8,340332
2026-04-30 14:14:12.919,44174,ESTAB,prague,224,23.315,1.455,20.034,1448,7,10136,10136,18719438,18710822,16476,NaN,13064,6865,13063,40,NaN,NaN,3602760,3855088,13058,220672,43520,6,262816
2026-04-30 14:14:13.150,44174,ESTAB,prague,224,23.524,1.295,20.034,1448,6,8688,7240,18811342,18802726,16476,NaN,13128,6905,13127,40,NaN,NaN,3060576,2801336,13122,220672,43520,6,170912
2026-04-30 14:14:13.376,44174,ESTAB,prague,224,23.576,1.196,20.034,1448,8,11584,10136,18906118,18896066,16476,NaN,13194,6944,13193,40,NaN,NaN,4071744,3816800,13187,220672,43520,7,76136
2026-04-30 14:14:13.611,44174,ESTAB,prague,224,23.124,1.743,20.034,1448,9,13032,11584,19001978,18989054,17298,NaN,13262,6985,13261,42,NaN,NaN,4670280,4621480,13253,221184,43520,9,435108
2026-04-30 14:14:13.842,44174,ESTAB,prague,224,23.412,0.791,20.034,1448,10,14480,14480,19135526,19122602,17298,NaN,13355,7036,13354,42,NaN,NaN,5125360,4785784,13346,220672,43520,9,301560
2026-04-30 14:14:14.086,44174,ESTAB,prague,224,23.223,0.745,20.034,1448,12,17376,15928,19302102,19287742,17298,NaN,13471,7106,13470,42,NaN,NaN,6200640,5648472,13461,220672,43520,10,328844
2026-04-30 14:14:14.328,44174,ESTAB,prague,224,22.796,0.628,20.034,1448,11,15928,13032,19462934,19447138,17298,NaN,13583,7173,13582,42,NaN,NaN,5790312,5097016,13572,220672,43520,11,314782
2026-04-30 14:14:14.581,44174,ESTAB,prague,224,22.5,0.64,20.034,1448,10,14480,11584,19612278,19600790,17298,NaN,13687,7238,13686,42,NaN,NaN,5333120,4629272,13679,220672,43520,8,165438
2026-04-30 14:14:14.836,44174,ESTAB,prague,224,22.593,1.561,20.034,1448,8,11584,10136,19744390,19735774,17298,NaN,13779,7298,13778,42,NaN,NaN,4249088,3875168,13773,220672,43520,6,33326
2026-04-30 14:14:15.083,44174,ESTAB,prague,224,23.148,1.294,20.034,1448,7,10136,10136,19848080,19839464,17714,NaN,13852,7343,13851,43,NaN,NaN,3628744,3347008,13846,220672,43520,6,383412
2026-04-30 14:14:15.337,44174,ESTAB,prague,224,23.247,2.264,20.034,1448,6,8688,8688,19951472,19942856,17714,NaN,13924,7390,13923,43,NaN,NaN,3097104,2656752,13918,220672,43520,6,473880
2026-04-30 14:14:15.588,44174,ESTAB,prague,224,22.881,1.394,20.034,1448,8,11584,10136,20064916,20053428,17714,NaN,14003,7439,14002,43,NaN,NaN,4195456,3093048,13995,220672,43520,8,360436
2026-04-30 14:14:15.828,44174,ESTAB,prague,224,22.265,1.08,20.034,1448,8,11584,11584,20181232,20169744,17714,NaN,14084,7491,14083,43,NaN,NaN,4311616,4188832,14076,220672,43520,8,412891
2026-04-30 14:14:16.093,44174,ESTAB,prague,224,23.151,0.899,20.034,1448,8,11584,11584,20313344,20301856,17714,NaN,14176,7550,14175,43,NaN,NaN,4146624,3834808,14168,220672,43520,8,280779
2026-04-30 14:14:16.333,44174,ESTAB,prague,224,23.742,1.446,20.034,1448,10,14480,11584,20438276,20425352,17714,NaN,14263,7604,14262,43,NaN,NaN,5054240,4450032,14254,220672,43520,9,155847
2026-04-30 14:14:16.585,44174,ESTAB,prague,224,22.43,1.288,20.034,1448,8,11584,11584,20576132,20566080,17714,NaN,14359,7666,14358,43,NaN,NaN,4279808,4634416,14352,220672,43520,7,17991
2026-04-30 14:14:16.847,44174,ESTAB,prague,224,22.729,1.238,20.034,1448,10,14480,13032,20709003,20696079,18130,NaN,14452,7725,14451,44,NaN,NaN,5279440,4819296,14443,220672,43520,9,338896
2026-04-30 14:14:17.095,44174,ESTAB,prague,224,22.812,1.184,20.034,1448,12,17376,15928,20856911,20841115,18130,NaN,14555,7786,14554,44,NaN,NaN,6312384,5251776,14544,220672,43520,11,384848
2026-04-30 14:14:17.327,44174,ESTAB,prague,224,23.497,0.979,20.034,1448,9,13032,13032,20983279,20971791,18130,NaN,14643,7842,14642,44,NaN,NaN,4596264,4462936,14635,220672,43520,8,438531
2026-04-30 14:14:17.579,44174,ESTAB,prague,224,21.866,1.076,20.034,1448,9,13032,13032,21121135,21108211,18130,NaN,14739,7900,14738,44,NaN,NaN,4939056,4621888,14730,220672,43520,9,300675
2026-04-30 14:14:17.832,44174,ESTAB,prague,224,23.052,1.706,20.034,1448,10,14480,14480,21283403,21269043,18130,NaN,14852,7967,14851,44,NaN,NaN,5205440,5135656,14842,220672,43520,10,138407
2026-04-30 14:14:18.101,44174,ESTAB,prague,224,22.981,1.234,20.034,1448,10,14480,13032,21439042,21424682,18546,NaN,14961,8036,14960,45,NaN,NaN,5221600,4117696,14951,221184,43520,10,436544
2026-04-30 14:14:18.345,44174,ESTAB,prague,224,22.246,0.888,20.034,1448,9,13032,13032,21585514,21572590,18546,NaN,15063,8100,15062,45,NaN,NaN,4854744,4791920,15054,220672,43520,9,290072
2026-04-30 14:14:18.603,44174,ESTAB,prague,224,22.334,0.941,20.034,1448,9,13032,13032,21726242,21713318,18546,NaN,15161,8162,15160,45,NaN,NaN,4835664,4396616,15152,220672,43520,9,343204
2026-04-30 14:14:18.854,44174,ESTAB,prague,224,22.789,1.057,20.034,1448,9,13032,11584,21854046,21843994,18546,NaN,15250,8219,15249,45,NaN,NaN,4739112,4635656,15243,220672,43520,7,409260
2026-04-30 14:14:19.098,44174,ESTAB,prague,224,22.937,1.48,20.034,1448,9,13032,11584,21977542,21964618,18546,NaN,15336,8272,15335,45,NaN,NaN,4708440,3796472,15327,220672,43520,9,285764
2026-04-30 14:14:19.359,44174,ESTAB,prague,224,22.802,0.644,20.034,1448,9,13032,10136,22099602,22088114,18546,NaN,15421,8327,15420,45,NaN,NaN,4736232,3806048,15413,220672,43520,8,242668
2026-04-30 14:14:19.607,44174,ESTAB,prague,224,23.241,1.415,20.034,1448,9,13032,11584,22224534,22213046,18546,NaN,15508,8380,15507,45,NaN,NaN,4646880,4447256,15500,220672,43520,8,117736
2026-04-30 14:14:19.862,44174,ESTAB,prague,224,22.589,1.201,20.034,1448,10,14480,14480,22352322,22342270,18962,NaN,15597,8436,15596,46,NaN,NaN,5312320,4708936,15590,221184,43520,7,443724
2026-04-30 14:14:20.110,44174,ESTAB,prague,224,23.141,0.768,20.034,1448,9,13032,13032,22491614,22478690,18962,NaN,15694,8492,15693,46,NaN,NaN,4666968,4136584,15685,220672,43520,9,304432
2026-04-30 14:14:20.361,44174,ESTAB,prague,224,23.051,1.032,20.034,1448,10,14480,14480,22633778,22620854,18962,NaN,15793,8551,15792,46,NaN,NaN,5205840,4980216,15784,220672,43520,9,356128
2026-04-30 14:14:20.615,44174,ESTAB,prague,224,22.977,1.821,20.034,1448,9,13032,13032,22780250,22768762,18962,NaN,15895,8616,15894,46,NaN,NaN,4700160,4464312,15887,220672,43520,8,403516
2026-04-30 14:14:20.854,44174,ESTAB,prague,224,22.795,1.696,20.034,1448,8,11584,11584,22902310,22890822,18962,NaN,15980,8673,15979,46,NaN,NaN,4211264,4244192,15972,220672,43520,8,281456
2026-04-30 14:14:21.105,44174,ESTAB,prague,224,23.533,1.219,20.034,1448,8,11584,11584,23022934,23011446,18962,NaN,16064,8724,16063,46,NaN,NaN,4079296,3823568,16056,220672,43520,8,296377
2026-04-30 14:14:21.351,44174,ESTAB,prague,224,22.984,0.9,20.034,1448,10,14480,13032,23165098,23153610,18962,NaN,16163,8784,16162,46,NaN,NaN,5220800,4557440,16155,220672,43520,8,154213
2026-04-30 14:14:21.576,44174,ESTAB,prague,224,22.76,1.434,20.034,1448,9,13032,13032,23301518,23288594,18962,NaN,16258,8841,16257,46,NaN,NaN,4745016,4775128,16249,220672,43520,9,17793
2026-04-30 14:14:21.816,44174,ESTAB,prague,224,22.794,1.14,20.034,1448,10,14480,14480,23428447,23414087,19378,NaN,16347,8893,16346,47,NaN,NaN,5264400,5180448,16337,220672,43520,10,353861
2026-04-30 14:14:22.072,44174,ESTAB,prague,224,22.858,0.726,20.034,1448,10,14480,14480,23583535,23569175,19378,NaN,16455,8962,16454,47,NaN,NaN,5249600,5021480,16445,220672,43520,10,274223
2026-04-30 14:14:22.335,44174,ESTAB,prague,224,21.766,0.883,20.034,1448,11,15928,15928,23757291,23742931,19378,NaN,16576,9040,16575,47,NaN,NaN,6064432,5502432,16566,220672,43520,10,100467
2026-04-30 14:14:22.580,44174,ESTAB,prague,224,23.088,2.055,20.034,1448,9,13032,13032,23857758,23857758,19378,NaN,16646,9096,16645,47,NaN,NaN,4677624,4787760,16646,220672,43520,NaN,NaN
2026-04-30 14:14:22.816,44174,ESTAB,prague,224,23.088,2.055,20.034,1448,9,13032,13032,23857758,23857758,19378,NaN,16646,9096,16645,47,NaN,NaN,4677624,4787760,16646,220672,43520,NaN,NaN
2026-04-30 14:14:23.074,44174,ESTAB,prague,224,23.088,2.055,20.034,1448,9,13032,13032,23857758,23857758,19378,NaN,16646,9096,16645,47,NaN,NaN,4677624,4787760,16646,220672,43520,NaN,NaN
2026-04-30 14:14:23.327,44174,ESTAB,prague,224,23.589,0.852,20.034,1448,12,17376,13032,23916645,23900849,20202,NaN,16688,9114,16687,49,NaN,NaN,6104352,4791328,16677,221184,43520,11,397772
2026-04-30 14:14:23.585,44174,ESTAB,prague,224,22.444,1.398,20.034,1448,10,14480,14480,24093273,24078913,20202,NaN,16811,9191,16810,49,NaN,NaN,5346480,5142272,16801,220672,43520,10,325735
2026-04-30 14:14:23.845,44174,ESTAB,prague,224,22.36,1.135,20.034,1448,8,11584,10136,24225385,24213897,20202,NaN,16903,9253,16902,49,NaN,NaN,4293184,3769296,16895,220672,43520,8,271093
2026-04-30 14:14:24.105,44174,ESTAB,prague,224,23.421,1.354,20.034,1448,7,10136,10136,24341701,24331649,20202,NaN,16984,9304,16983,49,NaN,NaN,3586408,3276808,16977,220672,43520,7,209860
2026-04-30 14:14:24.367,44174,ESTAB,prague,224,22.74,0.776,20.034,1448,10,14480,14480,24485301,24470941,20202,NaN,17084,9363,17083,49,NaN,NaN,5276800,4921216,17074,220672,43520,10,66260
2026-04-30 14:14:24.610,44174,ESTAB,prague,224,23.143,1.014,20.034,1448,10,14480,14480,24551561,24551561,20202,NaN,17131,9397,17130,49,NaN,NaN,5184880,4774344,17131,221184,43520,NaN,NaN
2026-04-30 14:14:24.861,44174,ESTAB,prague,224,23.143,1.014,20.034,1448,10,14480,14480,24551561,24551561,20202,NaN,17131,9397,17130,49,NaN,NaN,5184880,4774344,17131,221184,43520,NaN,NaN
2026-04-30 14:14:25.123,44174,ESTAB,prague,224,23.143,1.014,20.034,1448,10,14480,14480,24551561,24551561,20202,NaN,17131,9397,17130,49,NaN,NaN,5184880,4774344,17131,221184,43520,NaN,NaN
2026-04-30 14:14:25.384,44174,ESTAB,prague,224,22.614,0.552,20.034,1448,11,15928,15928,24634860,24619064,21026,NaN,17190,9426,17189,51,NaN,NaN,5836952,5551032,17179,220672,43520,11,373360
2026-04-30 14:14:25.645,44174,ESTAB,prague,224,22.703,0.803,20.034,1448,10,14480,14480,24817232,24802872,21026,NaN,17317,9508,17316,51,NaN,NaN,5285440,5305240,17307,220672,43520,10,384848
2026-04-30 14:14:25.897,44174,ESTAB,prague,224,23.558,0.794,20.034,1448,10,14480,13032,24963704,24950780,21026,NaN,17419,9570,17418,51,NaN,NaN,5093760,4468616,17410,220672,43520,9,354036
2026-04-30 14:14:26.126,44174,ESTAB,prague,224,23.124,1.054,20.034,1448,9,13032,11584,25082892,25072840,21026,NaN,17502,9623,17501,51,NaN,NaN,4670352,3871288,17495,220672,43520,7,280764
2026-04-30 14:14:26.358,44174,ESTAB,prague,224,23.203,0.432,20.034,1448,9,13032,11584,25192028,25180540,21026,NaN,17578,9669,17577,51,NaN,NaN,4654440,4403720,17570,220672,43520,8,171628
2026-04-30 14:14:26.611,44174,ESTAB,prague,224,22.949,1.059,20.034,1448,10,14480,14480,25332756,25319832,21026,NaN,17676,9724,17675,51,NaN,NaN,5228800,4660728,17667,220672,43520,9,30900
2026-04-30 14:14:26.856,44174,ESTAB,prague,228,27.046,10.261,20.034,1448,11,15928,14480,25363656,25363656,21026,NaN,17698,9744,17697,51,NaN,NaN,4880392,1897832,17698,221184,43520,NaN,NaN
2026-04-30 14:14:27.099,44174,ESTAB,prague,228,27.046,10.261,20.034,1448,11,15928,14480,25363656,25363656,21026,NaN,17698,9744,17697,51,NaN,NaN,4880392,1897832,17698,221184,43520,NaN,NaN
2026-04-30 14:14:27.333,44174,ESTAB,prague,228,24.263,2.761,20.034,1448,12,17376,14480,25396695,25380899,21850,NaN,17722,9754,17721,53,NaN,NaN,5934912,2911064,17711,221184,43520,11,365692
2026-04-30 14:14:27.569,44174,ESTAB,prague,224,23.382,0.816,20.034,1448,10,14480,14480,25558963,25544603,21850,NaN,17835,9825,17834,53,NaN,NaN,5132000,5255896,17825,220672,43520,10,305410
2026-04-30 14:14:27.827,44174,ESTAB,prague,224,22.712,1.49,20.034,1448,9,13032,11584,25695383,25686767,21850,NaN,17930,9891,17929,53,NaN,NaN,4755024,4469128,17924,220672,43520,6,205920
2026-04-30 14:14:28.089,44174,ESTAB,prague,224,22.407,0.788,20.034,1448,8,11584,10136,25823187,25811699,21850,NaN,18019,9949,18018,53,NaN,NaN,4284352,3827200,18011,220672,43520,8,136559
2026-04-30 14:14:28.339,44174,ESTAB,prague,224,23.447,1.772,20.034,1448,8,11584,10136,25938067,25926579,21850,NaN,18099,9999,18098,53,NaN,NaN,4094272,3352336,18091,220672,43520,8,21679
2026-04-30 14:14:28.581,44174,ESTAB,prague,224,23.637,1.124,20.034,1448,9,13032,13032,25959746,25959746,21850,NaN,18115,10012,18114,53,NaN,NaN,4568904,4463104,18115,221184,43520,NaN,NaN
2026-04-30 14:14:28.808,44174,ESTAB,prague,224,23.637,1.124,20.034,1448,9,13032,13032,25959746,25959746,21850,NaN,18115,10012,18114,53,NaN,NaN,4568904,4463104,18115,221184,43520,NaN,NaN
2026-04-30 14:14:29.055,44174,ESTAB,prague,224,23.637,1.124,20.034,1448,9,13032,13032,25959746,25959746,21850,NaN,18115,10012,18114,53,NaN,NaN,4568904,4463104,18115,221184,43520,NaN,NaN
2026-04-30 14:14:29.310,44174,ESTAB,prague,224,23.637,1.124,20.034,1448,9,13032,13032,25962629,25959746,22258,NaN,18118,10013,18117,54,NaN,NaN,4568904,4463104,18115,221184,43520,3,NaN
2026-04-30 14:14:29.565,44174,ESTAB,prague,224,22.052,0.966,20.034,1448,11,15928,15928,26116281,26100485,22674,NaN,18225,10076,18224,55,NaN,NaN,5985672,5142496,18214,220672,43520,11,300124
2026-04-30 14:14:29.805,44174,ESTAB,prague,224,23.154,1.385,20.034,1448,10,14480,13032,26267061,26252701,22674,NaN,18330,10147,18329,55,NaN,NaN,5182560,4620864,18320,220672,43520,10,385322
2026-04-30 14:14:30.034,44174,ESTAB,prague,224,22.242,1.057,20.034,1448,10,14480,14480,26407789,26394865,22674,NaN,18428,10205,18427,55,NaN,NaN,5395120,5158760,18419,220672,43520,9,308539
2026-04-30 14:14:30.284,44174,ESTAB,prague,224,22.55,0.971,20.034,1448,9,13032,13032,26551389,26538465,22674,NaN,18528,10270,18527,55,NaN,NaN,4789296,4635248,18519,220672,43520,9,164939
2026-04-30 14:14:30.531,44174,ESTAB,prague,224,22.597,0.851,20.034,1448,8,11584,10136,26676321,26667705,22674,NaN,18615,10327,18614,55,NaN,NaN,4248256,4124248,18609,220672,43520,6,40007
2026-04-30 14:14:30.793,44174,ESTAB,prague,224,23.448,2.192,20.034,1448,8,11584,10136,26716328,26716328,22674,NaN,18643,10349,18642,55,NaN,NaN,4094144,3841752,18643,220672,43520,NaN,NaN
2026-04-30 14:14:31.060,44174,ESTAB,prague,224,23.448,2.192,20.034,1448,8,11584,10136,26716328,26716328,22674,NaN,18643,10349,18642,55,NaN,NaN,4094144,3841752,18643,220672,43520,NaN,NaN
2026-04-30 14:14:31.310,44174,ESTAB,prague,224,23.448,2.192,20.034,1448,8,11584,10136,26716328,26716328,22674,NaN,18643,10349,18642,55,NaN,NaN,4094144,3841752,18643,220672,43520,NaN,NaN
2026-04-30 14:14:31.549,44174,ESTAB,prague,224,22.537,0.685,20.034,1448,11,15928,14480,26831219,26816859,23498,NaN,18724,10391,18723,57,NaN,NaN,5856928,5436960,18714,220672,43520,10,341768
2026-04-30 14:14:31.794,44174,ESTAB,prague,224,22.927,1.038,20.034,1448,10,14480,14480,26992051,26977691,23498,NaN,18836,10462,18835,57,NaN,NaN,5233840,5013752,18826,220672,43520,10,435225
2026-04-30 14:14:32.044,44174,ESTAB,prague,224,22.741,0.818,20.034,1448,10,14480,14480,27147139,27132779,23498,NaN,18944,10527,18943,57,NaN,NaN,5276560,5582376,18934,220672,43520,10,358041
2026-04-30 14:14:32.287,44174,ESTAB,prague,224,23.211,0.746,20.034,1448,10,14480,11584,27276379,27264891,23498,NaN,19034,10585,19033,57,NaN,NaN,5169760,4136216,19026,220672,43520,8,228801
2026-04-30 14:14:32.550,44174,ESTAB,prague,224,23.344,2.121,20.034,1448,8,11584,11584,27414235,27402747,23498,NaN,19130,10645,19129,57,NaN,NaN,4112384,4129400,19122,220672,43520,8,90945
2026-04-30 14:14:32.802,44174,ESTAB,prague,232,28.311,11.766,20.034,1448,9,13032,13032,27505180,27505180,23498,NaN,19194,10689,19193,57,NaN,NaN,3814632,1556240,19194,221184,43520,NaN,NaN
2026-04-30 14:14:33.055,44174,ESTAB,prague,232,28.311,11.766,20.034,1448,9,13032,13032,27505180,27505180,23498,NaN,19194,10689,19193,57,NaN,NaN,3814632,1556240,19194,221184,43520,NaN,NaN
2026-04-30 14:14:33.320,44174,ESTAB,prague,232,28.311,11.766,20.034,1448,9,13032,13032,27505180,27505180,23498,NaN,19194,10689,19193,57,NaN,NaN,3814632,1556240,19194,221184,43520,NaN,NaN
2026-04-30 14:14:33.573,44174,ESTAB,prague,224,22.372,0.383,20.034,1448,11,15928,15928,27625815,27610019,24322,NaN,19279,10740,19278,59,NaN,NaN,5900224,5667064,19268,220672,43520,11,336024
2026-04-30 14:14:33.820,44174,ESTAB,prague,224,22.255,1.605,20.034,1448,8,11584,11584,27779467,27767979,24322,NaN,19386,10821,19385,59,NaN,NaN,4313600,4456024,19378,220672,43520,8,424459
2026-04-30 14:14:34.084,44174,ESTAB,prague,228,24.32,1.06,20.034,1448,11,15928,13032,27920195,27905835,24322,NaN,19484,10872,19483,59,NaN,NaN,5427488,4782424,19474,220672,43520,10,352653
2026-04-30 14:14:34.322,44174,ESTAB,prague,224,22.745,1.233,20.034,1448,8,11584,11584,28049435,28039383,24322,NaN,19574,10931,19573,59,NaN,NaN,4220608,4115456,19567,220672,43520,7,223413
2026-04-30 14:14:34.563,44174,ESTAB,prague,224,22.802,0.891,20.034,1448,10,14480,14480,28180111,28165751,24322,NaN,19665,10983,19664,59,NaN,NaN,5262560,5093432,19655,220672,43520,10,92737
2026-04-30 14:14:34.803,44174,ESTAB,prague,224,23.243,1.208,20.034,1448,11,15928,14480,28272848,28272848,24322,NaN,19730,11026,19729,59,NaN,NaN,5678904,5266976,19730,220672,43520,NaN,NaN
2026-04-30 14:14:35.030,44174,ESTAB,prague,224,23.243,1.208,20.034,1448,11,15928,14480,28272848,28272848,24322,NaN,19730,11026,19729,59,NaN,NaN,5678904,5266976,19730,220672,43520,NaN,NaN
2026-04-30 14:14:35.270,44174,ESTAB,prague,224,23.243,1.208,20.034,1448,11,15928,14480,28272848,28272848,24322,NaN,19730,11026,19729,59,NaN,NaN,5678904,5266976,19730,220672,43520,NaN,NaN
2026-04-30 14:14:35.520,44174,ESTAB,prague,224,22.436,1.03,20.034,1448,12,17376,15928,28346095,28330299,25146,NaN,19782,11052,19781,61,NaN,NaN,6417984,5505960,19771,220672,43520,11,383412
2026-04-30 14:14:35.760,44174,ESTAB,prague,224,22.622,1.233,20.034,1448,9,13032,13032,28512671,28499747,25146,NaN,19898,11131,19897,61,NaN,NaN,4774104,4778088,19889,220672,43520,9,468208
2026-04-30 14:14:35.983,44174,ESTAB,prague,224,22.819,1.184,20.034,1448,8,11584,11584,28631859,28620371,25146,NaN,19981,11184,19980,61,NaN,NaN,4206912,4306848,19973,220672,43520,8,349020
2026-04-30 14:14:36.226,44174,ESTAB,prague,224,22.969,0.987,20.034,1448,9,13032,13032,28756791,28745303,25146,NaN,20068,11234,20067,61,NaN,NaN,4701816,4791832,20060,220672,43520,8,291905
2026-04-30 14:14:36.461,44174,ESTAB,prague,224,23.165,1.119,20.034,1448,9,13032,13032,28891775,28878851,25146,NaN,20162,11292,20161,61,NaN,NaN,4662000,4297968,20153,220672,43520,9,156921
2026-04-30 14:14:36.706,44174,ESTAB,prague,224,23.542,0.637,20.034,1448,11,15928,14480,29032503,29019579,25146,NaN,20260,11347,20259,61,NaN,NaN,5606920,4610960,20251,220672,43520,9,16193
2026-04-30 14:14:36.935,44174,ESTAB,prague,224,23.415,1.519,20.034,1448,10,14480,14480,29048696,29048696,25146,NaN,20272,11361,20271,61,NaN,NaN,5124880,4599456,20272,221184,43520,NaN,NaN
2026-04-30 14:14:37.179,44174,ESTAB,prague,224,23.415,1.519,20.034,1448,10,14480,14480,29048696,29048696,25146,NaN,20272,11361,20271,61,NaN,NaN,5124880,4599456,20272,221184,43520,NaN,NaN
2026-04-30 14:14:37.413,44174,ESTAB,prague,224,23.415,1.519,20.034,1448,10,14480,14480,29048696,29048696,25146,NaN,20272,11361,20271,61,NaN,NaN,5124880,4599456,20272,221184,43520,NaN,NaN
2026-04-30 14:14:37.657,44174,ESTAB,prague,224,22.678,0.818,20.034,1448,11,15928,15928,29180819,29166459,25970,NaN,20365,11413,20364,63,NaN,NaN,5820496,5531272,20355,220672,43520,10,324536
2026-04-30 14:14:37.905,44174,ESTAB,prague,224,22.57,1.172,20.034,1448,11,15928,13032,29341651,29328727,25970,NaN,20477,11486,20476,63,NaN,NaN,5848216,4314696,20468,220672,43520,9,357564
2026-04-30 14:14:38.136,44174,ESTAB,prague,224,22.497,0.993,20.034,1448,9,13032,13032,29478071,29466583,25970,NaN,20572,11546,20571,63,NaN,NaN,4800528,5153024,20564,220672,43520,8,348159
2026-04-30 14:14:38.387,44174,ESTAB,prague,224,22.501,0.912,20.034,1448,9,13032,13032,29624543,29611619,25970,NaN,20674,11611,20673,63,NaN,NaN,4799664,4126272,20665,220672,43520,9,201687
2026-04-30 14:14:38.621,44174,ESTAB,prague,224,22.601,0.93,20.034,1448,11,15928,14480,29769579,29756655,25970,NaN,20775,11671,20774,63,NaN,NaN,5840208,5559024,20766,220672,43520,9,56651
2026-04-30 14:14:38.860,44174,ESTAB,prague,224,23.263,0.665,20.034,1448,11,15928,13032,29826230,29826230,25970,NaN,20815,11699,20814,63,NaN,NaN,5674152,4196336,20815,220672,43520,NaN,NaN
2026-04-30 14:14:39.097,44174,ESTAB,prague,224,23.263,0.665,20.034,1448,11,15928,13032,29826230,29826230,25970,NaN,20815,11699,20814,63,NaN,NaN,5674152,4196336,20815,220672,43520,NaN,NaN
2026-04-30 14:14:39.340,44174,ESTAB,prague,224,23.263,0.665,20.034,1448,11,15928,13032,29826230,29826230,25970,NaN,20815,11699,20814,63,NaN,NaN,5674152,4196336,20815,220672,43520,NaN,NaN
2026-04-30 14:14:39.589,44174,ESTAB,prague,224,22.867,1.171,20.034,1448,11,15928,15928,29902349,29886553,26794,NaN,20869,11725,20868,65,NaN,NaN,5772272,5220840,20858,220672,43520,11,380540
2026-04-30 14:14:39.822,44174,ESTAB,prague,224,23.009,1.246,20.034,1448,11,15928,14480,30057437,30043077,26794,NaN,20977,11791,20976,65,NaN,NaN,5736720,5693648,20967,220672,43520,10,419312
2026-04-30 14:14:40.071,44174,ESTAB,prague,224,23.038,1.468,20.034,1448,10,14480,14480,30226885,30212525,26794,NaN,21095,11863,21094,65,NaN,NaN,5208640,4902616,21085,220672,43520,10,387041
2026-04-30 14:14:40.316,44174,ESTAB,prague,224,23.079,1.322,20.034,1448,7,10136,10136,30354689,30344637,26794,NaN,21184,11923,21183,65,NaN,NaN,3639608,3845032,21177,220672,43520,7,259237
2026-04-30 14:14:40.569,44174,ESTAB,prague,224,23.867,2.704,20.034,1448,7,10136,10136,30465261,30455209,26794,NaN,21261,11971,21260,65,NaN,NaN,3519432,3610328,21254,220672,43520,7,148665
2026-04-30 14:14:40.837,44174,ESTAB,prague,228,24.05,1.097,20.034,1448,8,11584,10136,30575833,30567217,26794,NaN,21338,12018,21337,65,NaN,NaN,3991552,3907664,21332,220672,43520,6,38093
2026-04-30 14:14:41.079,44174,ESTAB,prague,232,29.392,12.289,20.034,1448,8,11584,10136,30613926,30613926,26794,NaN,21365,12040,21364,65,NaN,NaN,3266112,1199856,21365,221184,43520,NaN,NaN
2026-04-30 14:14:41.313,44174,ESTAB,prague,232,29.392,12.289,20.034,1448,8,11584,10136,30613926,30613926,26794,NaN,21365,12040,21364,65,NaN,NaN,3266112,1199856,21365,221184,43520,NaN,NaN
2026-04-30 14:14:41.557,44174,ESTAB,prague,228,25.774,4.896,20.034,1448,8,11584,10136,30636913,30625425,27618,NaN,21382,12048,21381,67,NaN,NaN,3724544,1836200,21374,221184,43520,8,433672
2026-04-30 14:14:41.801,44174,ESTAB,prague,224,22.137,0.636,20.034,1448,11,15928,14480,30779077,30763281,27618,NaN,21481,12107,21480,67,NaN,NaN,5962792,4798272,21470,220672,43520,11,291508
2026-04-30 14:14:42.048,44174,ESTAB,prague,224,22.505,0.917,20.034,1448,9,13032,13032,30929857,30916933,27618,NaN,21586,12174,21585,67,NaN,NaN,4798872,5002440,21577,220672,43520,9,334588
2026-04-30 14:14:42.303,44174,ESTAB,prague,224,22.942,1.826,20.034,1448,10,14480,13032,31072021,31060533,27618,NaN,21685,12239,21684,67,NaN,NaN,5230320,4628864,21677,220672,43520,8,327317
2026-04-30 14:14:42.541,44174,ESTAB,prague,224,23.206,0.862,20.034,1448,10,14480,11584,31207005,31194081,27618,NaN,21779,12298,21778,67,NaN,NaN,5171040,4179120,21770,220672,43520,9,192333
2026-04-30 14:14:42.785,44174,ESTAB,prague,224,22.935,1.454,20.034,1448,9,13032,13032,31341989,31329065,27618,NaN,21873,12357,21872,67,NaN,NaN,4708800,4639160,21864,220672,43520,9,57349
2026-04-30 14:14:43.046,44174,ESTAB,prague,224,22.697,0.912,20.034,1448,8,11584,11584,31399338,31399338,27618,NaN,21913,12390,21912,67,NaN,NaN,4229568,3820736,21913,220672,43520,NaN,NaN
2026-04-30 14:14:43.300,44174,ESTAB,prague,224,22.697,0.912,20.034,1448,8,11584,11584,31399338,31399338,27618,NaN,21913,12390,21912,67,NaN,NaN,4229568,3820736,21913,220672,43520,NaN,NaN
2026-04-30 14:14:43.531,44174,ESTAB,prague,224,22.697,0.912,20.034,1448,8,11584,11584,31402221,31399338,28026,NaN,21916,12391,21915,68,NaN,NaN,4229568,3820736,21913,221184,43520,3,NaN
2026-04-30 14:14:43.786,44174,ESTAB,prague,224,22.785,1.412,20.034,1448,9,13032,13032,31541513,31528589,28442,NaN,22013,12447,22012,69,NaN,NaN,4739832,4644328,22004,220672,43520,9,314484
2026-04-30 14:14:44.046,44174,ESTAB,prague,224,22.672,0.596,20.034,1448,9,13032,13032,31685113,31672189,28442,NaN,22113,12511,22112,69,NaN,NaN,4763376,4641432,22104,220672,43520,9,364744
2026-04-30 14:14:44.308,44174,ESTAB,prague,224,22.558,0.469,20.034,1448,9,13032,11584,31814353,31801429,28442,NaN,22203,12567,22202,69,NaN,NaN,4787640,3910680,22194,220672,43520,9,375946
2026-04-30 14:14:44.562,44174,ESTAB,prague,224,22.405,1.182,20.034,1448,10,14480,14480,31969441,31955081,28442,NaN,22311,12633,22310,69,NaN,NaN,5355760,5303144,22301,220672,43520,10,220858
2026-04-30 14:14:44.807,44174,ESTAB,prague,224,22.473,1.199,20.034,1448,10,14480,14480,32124529,32110169,28442,NaN,22419,12702,22418,69,NaN,NaN,5339600,4814024,22409,220672,43520,10,65770
2026-04-30 14:14:45.051,44174,ESTAB,prague,224,22.348,1.244,20.034,1448,10,14480,14480,32190299,32190299,28442,NaN,22465,12740,22464,69,NaN,NaN,5369440,4796464,22465,220672,43520,NaN,NaN
2026-04-30 14:14:45.302,44174,ESTAB,prague,224,22.348,1.244,20.034,1448,10,14480,14480,32190299,32190299,28442,NaN,22465,12740,22464,69,NaN,NaN,5369440,4796464,22465,220672,43520,NaN,NaN
2026-04-30 14:14:45.549,44174,ESTAB,prague,224,22.348,1.244,20.034,1448,10,14480,14480,32193171,32190299,28850,NaN,22467,12741,22466,70,NaN,NaN,5369440,4796464,22465,221184,43520,2,11
2026-04-30 14:14:45.788,44174,ESTAB,prague,224,22.953,1.555,20.034,1448,11,15928,14480,32333910,32318114,29266,NaN,22566,12795,22565,71,NaN,NaN,5750800,4763936,22555,220672,43520,11,313048
2026-04-30 14:14:46.026,44174,ESTAB,prague,224,23.059,1.306,20.034,1448,10,14480,14480,32484690,32470330,29266,NaN,22671,12862,22670,71,NaN,NaN,5203840,5177432,22661,220672,43520,10,356128
2026-04-30 14:14:46.266,44174,ESTAB,prague,224,22.956,1.528,20.034,1448,9,13032,13032,32635470,32622546,29266,NaN,22776,12928,22775,71,NaN,NaN,4704552,4179936,22767,220672,43520,9,342334
2026-04-30 14:14:46.517,44174,ESTAB,prague,224,23.26,1.071,20.034,1448,9,13032,13032,32771890,32760402,29266,NaN,22871,12985,22870,71,NaN,NaN,4642992,4634712,22863,220672,43520,8,205914
2026-04-30 14:14:46.771,44174,ESTAB,prague,224,23.067,1.215,20.034,1448,9,13032,11584,32905438,32892514,29266,NaN,22964,13044,22963,71,NaN,NaN,4681944,4452808,22955,220672,43520,9,72366
2026-04-30 14:14:47.007,44174,ESTAB,prague,224,22.536,1.426,20.034,1448,9,13032,13032,32977804,32977804,29266,NaN,23015,13083,23014,71,NaN,NaN,4792104,4300632,23015,221184,43520,NaN,NaN
2026-04-30 14:14:47.255,44174,ESTAB,prague,224,22.536,1.426,20.034,1448,9,13032,13032,32977804,32977804,29266,NaN,23015,13083,23014,71,NaN,NaN,4792104,4300632,23015,221184,43520,NaN,NaN
2026-04-30 14:14:47.523,44174,ESTAB,prague,224,22.536,1.426,20.034,1448,9,13032,13032,32977804,32977804,29266,NaN,23015,13083,23014,71,NaN,NaN,4792104,4300632,23015,221184,43520,NaN,NaN
2026-04-30 14:14:47.771,44174,ESTAB,prague,224,23.303,1.187,20.034,1448,11,15928,14480,33078335,33062539,30090,NaN,23086,13118,23085,73,NaN,NaN,5664208,4464480,23075,220672,43520,11,356128
2026-04-30 14:14:48.021,44174,ESTAB,prague,224,22.163,0.809,20.034,1448,11,15928,14480,33243475,33227679,30090,NaN,23201,13190,23200,73,NaN,NaN,5955576,5398448,23190,220672,43520,11,384848
2026-04-30 14:14:48.261,44174,ESTAB,prague,224,22.65,0.852,20.034,1448,10,14480,13032,33394255,33382767,30090,NaN,23306,13260,23305,73,NaN,NaN,5297760,4890744,23298,220672,43520,8,427928
2026-04-30 14:14:48.493,44174,ESTAB,prague,224,22.846,0.661,20.034,1448,10,14480,13032,33520623,33509135,30090,NaN,23394,13314,23393,73,NaN,NaN,5252400,4952328,23386,220672,43520,8,301560
2026-04-30 14:14:48.747,44174,ESTAB,prague,224,22.491,1.189,20.034,1448,10,14480,13032,33667095,33655607,30090,NaN,23496,13380,23495,73,NaN,NaN,5335360,5001072,23488,220672,43520,8,237187
2026-04-30 14:14:49.002,44174,ESTAB,prague,224,23.356,0.794,20.034,1448,9,13032,11584,33800643,33787719,30090,NaN,23589,13435,23588,73,NaN,NaN,4623912,4066344,23580,220672,43520,9,103639
2026-04-30 14:14:49.244,44174,ESTAB,prague,224,22.646,1.338,20.034,1448,9,13032,13032,33904282,33904282,30090,NaN,23662,13486,23661,73,NaN,NaN,4768848,4514416,23662,221184,43520,NaN,NaN
2026-04-30 14:14:49.480,44174,ESTAB,prague,224,22.646,1.338,20.034,1448,9,13032,13032,33904282,33904282,30090,NaN,23662,13486,23661,73,NaN,NaN,4768848,4514416,23662,221184,43520,NaN,NaN
2026-04-30 14:14:49.717,44174,ESTAB,prague,224,22.954,1.053,20.034,1448,10,14480,13032,33951681,33937321,30914,NaN,23696,13502,23695,75,NaN,NaN,5227760,4651792,23686,220672,43520,10,409260
2026-04-30 14:14:49.967,44174,ESTAB,prague,224,23.109,1.316,20.034,1448,10,14480,13032,34096717,34083793,30914,NaN,23797,13566,23796,75,NaN,NaN,5192560,4088944,23788,220672,43520,9,458084
2026-04-30 14:14:50.210,44174,ESTAB,prague,224,22.402,1.137,20.034,1448,11,15928,14480,34240317,34225957,30914,NaN,23897,13625,23896,75,NaN,NaN,5892040,5271920,23887,220672,43520,10,314484
2026-04-30 14:14:50.460,44174,ESTAB,prague,224,23.315,1.064,20.034,1448,11,15928,14480,34398277,34383917,30914,NaN,24007,13694,24006,75,NaN,NaN,5661304,5049248,23997,220672,43520,10,350384
2026-04-30 14:14:50.700,44174,ESTAB,prague,224,22.89,1.085,20.034,1448,11,15928,14480,34551929,34536133,30914,NaN,24114,13761,24113,75,NaN,NaN,5766552,4941744,24103,220672,43520,11,202497
2026-04-30 14:14:50.939,44174,ESTAB,prague,224,23.066,0.854,20.034,1448,12,17376,14480,34705581,34691221,30914,NaN,24221,13825,24220,75,NaN,NaN,6242784,5566816,24211,220672,43520,10,48845
2026-04-30 14:14:51.186,44174,ESTAB,prague,232,28.476,11.853,20.034,1448,12,17376,15928,34754426,34754426,30914,NaN,24256,13852,24255,75,NaN,NaN,5056800,1809768,24256,221184,43520,NaN,NaN
2026-04-30 14:14:51.435,44174,ESTAB,prague,232,28.476,11.853,20.034,1448,12,17376,15928,34754426,34754426,30914,NaN,24256,13852,24255,75,NaN,NaN,5056800,1809768,24256,221184,43520,NaN,NaN
2026-04-30 14:14:51.678,44174,ESTAB,prague,228,26.504,7.972,20.034,1448,12,17376,15928,34763053,34757309,31738,NaN,24263,13857,24262,77,NaN,NaN,5433024,1809768,24259,221184,43520,4,448032
2026-04-30 14:14:51.914,44174,ESTAB,prague,224,23.282,1.222,20.034,1448,10,14480,14480,34921013,34908089,31738,NaN,24373,13922,24372,77,NaN,NaN,5154000,4798232,24364,220672,43520,9,290072
2026-04-30 14:14:52.143,44174,ESTAB,prague,224,22.452,1.234,20.034,1448,9,13032,13032,35057433,35044509,31738,NaN,24468,13985,24467,77,NaN,NaN,4810032,5566280,24459,220672,43520,9,347512
2026-04-30 14:14:52.393,44174,ESTAB,prague,224,23.77,1.496,20.034,1448,9,13032,13032,35196725,35183801,31738,NaN,24565,14043,24564,77,NaN,NaN,4543488,4296024,24556,220672,43520,9,402080
2026-04-30 14:14:52.633,44174,ESTAB,prague,224,23.508,1.653,20.034,1448,10,14480,13032,35336017,35321657,31738,NaN,24662,14102,24661,77,NaN,NaN,5104560,4941504,24652,220672,43520,10,306601
2026-04-30 14:14:52.862,44174,ESTAB,prague,224,21.788,0.779,20.034,1448,9,13032,13032,35462385,35452333,31738,NaN,24750,14163,24749,77,NaN,NaN,4956768,5034576,24743,220672,43520,7,180233
2026-04-30 14:14:53.120,44174,ESTAB,prague,224,22.43,1.403,20.034,1448,7,10136,10136,35577265,35567213,31738,NaN,24830,14218,24829,77,NaN,NaN,3744832,3886496,24823,220672,43520,7,65353
2026-04-30 14:14:53.367,44174,ESTAB,prague,228,27.346,10.695,20.034,1448,6,8688,8688,35642618,35642618,31738,NaN,24876,14254,24875,77,NaN,NaN,2632896,1131800,24876,221184,43520,NaN,NaN
2026-04-30 14:14:53.622,44174,ESTAB,prague,228,27.346,10.695,20.034,1448,6,8688,8688,35642618,35642618,31738,NaN,24876,14254,24875,77,NaN,NaN,2632896,1131800,24876,221184,43520,NaN,NaN
2026-04-30 14:14:53.875,44174,ESTAB,prague,224,23.697,1.704,20.034,1448,8,11584,8688,35711557,35701505,32562,NaN,24925,14283,24924,79,NaN,NaN,4051072,2674256,24918,220672,43520,7,387720
2026-04-30 14:14:54.122,44174,ESTAB,prague,224,23.13,0.768,20.034,1448,10,14480,13032,35845105,35833617,32562,NaN,25018,14336,25017,79,NaN,NaN,5187840,4965984,25010,220672,43520,8,448032
2026-04-30 14:14:54.374,44174,ESTAB,prague,224,22.539,1.218,20.034,1448,11,15928,15928,36005937,35990141,32562,NaN,25130,14405,25129,79,NaN,NaN,5856224,5391416,25119,220672,43520,11,287200
2026-04-30 14:14:54.633,44174,ESTAB,prague,224,21.964,0.87,20.034,1448,10,14480,13032,36169641,36155281,32562,NaN,25244,14477,25243,79,NaN,NaN,5463360,4597832,25234,220672,43520,10,293362
2026-04-30 14:14:54.873,44174,ESTAB,prague,224,23.581,0.976,20.034,1448,9,13032,13032,36297445,36285957,32562,NaN,25333,14535,25332,79,NaN,NaN,4579776,4308808,25325,220672,43520,8,165558
2026-04-30 14:14:55.118,44174,ESTAB,prague,224,22.737,1.716,20.034,1448,7,10136,10136,36418069,36408017,32562,NaN,25417,14594,25416,79,NaN,NaN,3694264,3611448,25410,220672,43520,7,44934
2026-04-30 14:14:55.353,44174,ESTAB,prague,232,28.766,11.171,20.034,1448,8,11584,11584,36463003,36463003,32562,NaN,25449,14617,25448,79,NaN,NaN,3337216,1395112,25449,221184,43520,NaN,NaN
2026-04-30 14:14:55.585,44174,ESTAB,prague,232,28.766,11.171,20.034,1448,8,11584,11584,36463003,36463003,32562,NaN,25449,14617,25448,79,NaN,NaN,3337216,1395112,25449,221184,43520,NaN,NaN
2026-04-30 14:14:55.817,44174,ESTAB,prague,228,24.343,1.577,20.034,1448,8,11584,10136,36498914,36488862,33386,NaN,25475,14631,25474,81,NaN,NaN,3943616,3804736,25468,220672,43520,7,420748
2026-04-30 14:14:56.069,44174,ESTAB,prague,224,22.702,0.896,20.034,1448,11,15928,14480,36656874,36642514,33386,NaN,25585,14695,25584,81,NaN,NaN,5814336,5163128,25575,220672,43520,10,456648
2026-04-30 14:14:56.306,44174,ESTAB,prague,224,22.435,1.302,20.034,1448,9,13032,13032,36804782,36791858,33386,NaN,25688,14762,25687,81,NaN,NaN,4813848,5158984,25679,220672,43520,9,308740
2026-04-30 14:14:56.542,44174,ESTAB,prague,224,23.069,1.022,20.034,1448,9,13032,11584,36941202,36928278,33386,NaN,25783,14822,25782,81,NaN,NaN,4681440,4389120,25774,220672,43520,9,366180
2026-04-30 14:14:56.789,44174,ESTAB,prague,224,22.503,1.224,20.034,1448,9,13032,13032,37084802,37073314,33386,NaN,25883,14887,25882,81,NaN,NaN,4799232,4762568,25875,220672,43520,8,302096
2026-04-30 14:14:57.037,44174,ESTAB,prague,224,22.891,0.859,20.034,1448,10,14480,11584,37218350,37208298,33386,NaN,25976,14948,25975,81,NaN,NaN,5242160,4296200,25969,220672,43520,7,168548
2026-04-30 14:14:57.283,44174,ESTAB,prague,224,22.858,1.577,20.034,1448,10,14480,13032,37366258,37351898,33386,NaN,26079,15009,26078,81,NaN,NaN,5249680,4779752,26069,220672,43520,10,20640
2026-04-30 14:14:57.517,44174,ESTAB,prague,228,27.251,11.137,20.034,1448,9,13032,13032,37386898,37386898,33386,NaN,26094,15027,26093,81,NaN,NaN,3963096,1794936,26094,221184,43520,NaN,NaN
2026-04-30 14:14:57.775,44174,ESTAB,prague,228,25.074,7.919,20.034,1448,9,13032,13032,37389781,37389781,33794,NaN,26097,15031,26096,82,NaN,NaN,4307112,1794936,26097,221184,43520,NaN,NaN
2026-04-30 14:14:58.005,44174,ESTAB,prague,224,23.557,0.917,20.034,1448,10,14480,14480,37521893,37508969,34210,NaN,26189,15079,26188,83,NaN,NaN,5093840,4774736,26180,220672,43520,9,321664
2026-04-30 14:14:58.241,44174,ESTAB,prague,224,23.141,1.019,20.034,1448,8,11584,11584,37655441,37645389,34210,NaN,26282,15145,26281,83,NaN,NaN,4148352,3942816,26275,220672,43520,7,381976
2026-04-30 14:14:58.483,44174,ESTAB,prague,224,22.703,0.643,20.034,1448,10,14480,13032,37790425,37776065,34210,NaN,26376,15202,26375,83,NaN,NaN,5285520,4716992,26366,220672,43520,10,440852
2026-04-30 14:14:58.733,44174,ESTAB,prague,224,23.538,1.435,20.034,1448,9,13032,11584,37918229,37908177,34210,NaN,26465,15259,26464,83,NaN,NaN,4588272,4121312,26458,220672,43520,7,313048
2026-04-30 14:14:58.991,44174,ESTAB,prague,224,22.877,0.98,20.034,1448,11,15928,13032,38069009,38053213,34210,NaN,26570,15318,26569,83,NaN,NaN,5769984,5010616,26559,220672,43520,11,226856
2026-04-30 14:14:59.258,44174,ESTAB,prague,224,23.259,1.374,20.034,1448,10,14480,13032,38218353,38205429,34210,NaN,26674,15384,26673,83,NaN,NaN,5159040,4766680,26665,220672,43520,9,77512
2026-04-30 14:14:59.508,44174,ESTAB,prague,228,27.35,11.183,20.034,1448,8,11584,11584,38295865,38295865,34210,NaN,26728,15424,26727,83,NaN,NaN,3509952,1627416,26728,221184,43520,NaN,NaN
2026-04-30 14:14:59.769,44174,ESTAB,prague,228,27.35,11.183,20.034,1448,8,11584,11584,38295865,38295865,34210,NaN,26728,15424,26727,83,NaN,NaN,3509952,1627416,26728,221184,43520,NaN,NaN
2026-04-30 14:15:00.030,44174,ESTAB,prague,224,22.407,0.929,20.034,1448,12,17376,14480,38426552,38412192,35034,NaN,26820,15475,26819,85,NaN,NaN,6426336,5424144,26810,220672,43520,10,325972
2026-04-30 14:15:00.264,44174,ESTAB,prague,224,22.69,0.715,20.034,1448,10,14480,13032,38581640,38568716,35034,NaN,26928,15546,26927,85,NaN,NaN,5288480,5121808,26919,220672,43520,9,364744
2026-04-30 14:15:00.502,44174,ESTAB,prague,224,22.682,1.015,20.034,1448,8,11584,11584,38699392,38687904,35034,NaN,27010,15599,27009,85,NaN,NaN,4232384,3695048,27002,220672,43520,8,440852
2026-04-30 14:15:00.735,44174,ESTAB,prague,224,23.867,1.132,20.034,1448,9,13032,11584,38817144,38804220,35034,NaN,27092,15646,27091,85,NaN,NaN,4524912,4459240,27083,220672,43520,9,323100
2026-04-30 14:15:00.976,44174,ESTAB,prague,224,23.814,1.981,20.034,1448,9,13032,13032,38952128,38939204,35034,NaN,27186,15702,27185,85,NaN,NaN,4535136,4124864,27177,220672,43520,9,277048
2026-04-30 14:15:01.220,44174,ESTAB,prague,224,23.894,2.134,20.034,1448,10,14480,14480,39092856,39078496,35034,NaN,27284,15761,27283,85,NaN,NaN,5022000,4622504,27274,220672,43520,10,136320
2026-04-30 14:15:01.456,44174,ESTAB,prague,224,22.0,0.857,20.034,1448,10,14480,13032,39227840,39213480,35034,NaN,27378,15829,27377,85,NaN,NaN,5454400,4401000,27368,220672,43520,10,1336
2026-04-30 14:15:01.707,44174,ESTAB,prague,232,28.369,12.155,20.034,1448,9,13032,13032,39229176,39229176,35034,NaN,27379,15836,27378,85,NaN,NaN,3806928,1536536,27379,221184,43520,NaN,NaN
2026-04-30 14:15:01.956,44174,ESTAB,prague,224,23.116,0.784,20.034,1448,11,15928,14480,39299551,39283755,35858,NaN,27429,15860,27428,87,NaN,NaN,5710320,5455144,27418,220672,43520,11,386284
2026-04-30 14:15:02.206,44174,ESTAB,prague,224,23.157,1.406,20.034,1448,10,14480,13032,39461819,39448895,35858,NaN,27542,15934,27541,87,NaN,NaN,5181920,4630920,27533,220672,43520,9,371143
2026-04-30 14:15:02.457,44174,ESTAB,prague,224,22.934,0.988,20.034,1448,10,14480,13032,39601111,39588187,35858,NaN,27639,15991,27638,87,NaN,NaN,5232320,4248576,27630,220672,43520,9,231851
2026-04-30 14:15:02.706,44174,ESTAB,prague,224,22.481,1.416,20.034,1448,9,13032,13032,39754763,39741839,35858,NaN,27746,16058,27745,87,NaN,NaN,4803912,4652416,27737,220672,43520,9,78199
2026-04-30 14:15:02.943,44174,ESTAB,prague,224,23.631,1.035,20.034,1448,10,14480,11584,39832962,39832962,35858,NaN,27801,16095,27800,87,NaN,NaN,5077840,4446832,27801,220672,43520,NaN,NaN
2026-04-30 14:15:03.197,44174,ESTAB,prague,224,23.631,1.035,20.034,1448,10,14480,11584,39832962,39832962,35858,NaN,27801,16095,27800,87,NaN,NaN,5077840,4446832,27801,220672,43520,NaN,NaN
2026-04-30 14:15:03.451,44174,ESTAB,prague,224,23.631,1.035,20.034,1448,10,14480,11584,39832962,39832962,35858,NaN,27801,16095,27800,87,NaN,NaN,5077840,4446832,27801,220672,43520,NaN,NaN
2026-04-30 14:15:03.709,44174,ESTAB,prague,224,23.631,1.035,20.034,1448,10,14480,11584,39832962,39832962,35858,NaN,27801,16095,27800,87,NaN,NaN,5077840,4446832,27801,220672,43520,NaN,NaN
2026-04-30 14:15:03.961,44174,ESTAB,prague,224,22.711,0.802,20.034,1448,11,15928,14480,39890413,39877489,36682,NaN,27842,16114,27841,89,NaN,NaN,5811960,5534392,27833,220672,43520,9,399208
2026-04-30 14:15:04.194,44174,ESTAB,prague,224,22.704,0.909,20.034,1448,9,13032,13032,40028269,40015345,36682,NaN,27938,16175,27937,89,NaN,NaN,4756680,5008688,27929,220672,43520,9,455212
2026-04-30 14:15:04.457,44174,ESTAB,prague,224,22.904,1.19,20.034,1448,9,13032,13032,40177613,40164689,36682,NaN,28042,16240,28041,89,NaN,NaN,4715280,4311656,28033,220672,43520,9,305868
2026-04-30 14:15:04.721,44174,ESTAB,prague,224,22.93,1.174,20.034,1448,10,14480,13032,40325521,40311161,36682,NaN,28145,16305,28144,89,NaN,NaN,5233200,4627840,28135,220672,43520,10,292051
2026-04-30 14:15:04.989,44174,ESTAB,prague,224,22.702,1.332,20.034,1448,9,13032,13032,40484917,40473429,36682,NaN,28256,16379,28255,89,NaN,NaN,4757112,4905008,28248,220672,43520,8,132655
2026-04-30 14:15:05.258,44174,ESTAB,prague,224,22.333,1.38,20.034,1448,8,11584,10136,40617572,40614157,36682,NaN,28349,16443,28348,89,NaN,NaN,4298496,4106704,28346,220672,43520,3,NaN
2026-04-30 14:15:05.504,44174,ESTAB,prague,228,27.61,11.629,20.034,1448,8,11584,10136,40617572,40617572,36682,NaN,28349,16446,28348,89,NaN,NaN,3476992,1409456,28349,221184,43520,NaN,NaN
2026-04-30 14:15:05.754,44174,ESTAB,prague,228,27.61,11.629,20.034,1448,8,11584,10136,40617572,40617572,36682,NaN,28349,16446,28348,89,NaN,NaN,3476992,1409456,28349,221184,43520,NaN,NaN
2026-04-30 14:15:06.017,44174,ESTAB,prague,224,23.778,1.983,20.034,1448,8,11584,10136,40663535,40652047,37506,NaN,28382,16465,28381,91,NaN,NaN,4037184,3573240,28374,220672,43520,8,410696
2026-04-30 14:15:06.253,44174,ESTAB,prague,224,22.36,0.836,20.034,1448,10,14480,14480,40810007,40795647,37506,NaN,28484,16526,28483,91,NaN,NaN,5366720,5585336,28474,220672,43520,10,458084
2026-04-30 14:15:06.486,44174,ESTAB,prague,224,23.233,1.199,20.034,1448,10,14480,13032,40944991,40932067,37506,NaN,28578,16587,28577,91,NaN,NaN,5164960,4787568,28569,220672,43520,9,323100
2026-04-30 14:15:06.725,44174,ESTAB,prague,224,23.303,1.057,20.034,1448,10,14480,13032,41082847,41069923,37506,NaN,28674,16647,28673,91,NaN,NaN,5149440,4332624,28665,220672,43520,9,289116
2026-04-30 14:15:06.968,44174,ESTAB,prague,224,22.217,1.505,20.034,1448,10,14480,14480,41230755,41216395,37506,NaN,28777,16710,28776,91,NaN,NaN,5401040,4705536,28767,220672,43520,10,141208
2026-04-30 14:15:07.213,44174,ESTAB,prague,224,22.837,1.097,20.034,1448,10,14480,14480,41371963,41371483,37506,NaN,28876,16778,28875,91,NaN,NaN,5254560,4888376,28875,220672,43520,1,NaN
2026-04-30 14:15:07.448,44174,ESTAB,prague,224,22.569,1.129,20.034,1448,10,14480,14480,41371963,41371963,37506,NaN,28876,16779,28875,91,NaN,NaN,5316960,5026320,28876,221184,43520,NaN,NaN
2026-04-30 14:15:07.692,44174,ESTAB,prague,224,22.569,1.129,20.034,1448,10,14480,14480,41371963,41371963,37506,NaN,28876,16779,28875,91,NaN,NaN,5316960,5026320,28876,221184,43520,NaN,NaN
2026-04-30 14:15:07.958,44174,ESTAB,prague,224,22.642,0.993,20.034,1448,10,14480,14480,41374846,41374835,37914,NaN,28879,16781,28878,92,NaN,NaN,5299840,5026320,28878,221184,43520,1,NaN
2026-04-30 14:15:08.207,44174,ESTAB,prague,224,22.741,0.747,20.034,1448,11,15928,15928,41547166,41531370,38330,NaN,28999,16846,28998,93,NaN,NaN,5804216,5775192,28988,220672,43520,11,281456
2026-04-30 14:15:08.441,44174,ESTAB,prague,224,23.235,1.164,20.034,1448,10,14480,14480,41702254,41689330,38330,NaN,29107,16912,29106,93,NaN,NaN,5164480,5202312,29098,220672,43520,9,320228
2026-04-30 14:15:08.683,44174,ESTAB,prague,224,22.463,1.444,20.034,1448,9,13032,11584,41838674,41828622,38330,NaN,29202,16975,29201,93,NaN,NaN,4807728,4376888,29195,220672,43520,7,324862
2026-04-30 14:15:08.910,44174,ESTAB,prague,224,23.617,1.328,20.034,1448,10,14480,11584,41952118,41939194,38330,NaN,29281,17019,29280,93,NaN,NaN,5080880,4125536,29272,220672,43520,9,211418
2026-04-30 14:15:09.145,44174,ESTAB,prague,224,22.894,1.018,20.034,1448,10,14480,14480,42092846,42078486,38330,NaN,29379,17076,29378,93,NaN,NaN,5241360,4763936,29369,220672,43520,10,70690
2026-04-30 14:15:09.395,44174,ESTAB,prague,232,28.414,10.59,20.034,1448,11,15928,13032,42163536,42163536,38330,NaN,29429,17110,29428,93,NaN,NaN,4645520,1585448,29429,221184,43520,NaN,NaN
2026-04-30 14:15:09.642,44174,ESTAB,prague,232,28.414,10.59,20.034,1448,11,15928,13032,42163536,42163536,38330,NaN,29429,17110,29428,93,NaN,NaN,4645520,1585448,29429,221184,43520,NaN,NaN
2026-04-30 14:15:09.889,44174,ESTAB,prague,232,28.414,10.59,20.034,1448,11,15928,13032,42163536,42163536,38330,NaN,29429,17110,29428,93,NaN,NaN,4645520,1585448,29429,221184,43520,NaN,NaN
2026-04-30 14:15:10.122,44174,ESTAB,prague,224,23.004,0.73,20.034,1448,12,17376,17376,42265503,42248271,39154,NaN,29501,17151,29500,95,NaN,NaN,6259776,5745152,29489,220672,43520,12,354692
2026-04-30 14:15:10.372,44174,ESTAB,prague,224,22.494,0.669,20.034,1448,11,15928,14480,42434951,42419155,39154,NaN,29619,17228,29618,95,NaN,NaN,5868016,4735888,29608,220672,43520,11,379104
2026-04-30 14:15:10.613,44174,ESTAB,prague,224,23.536,0.923,20.034,1448,8,11584,11584,42557011,42546959,39154,NaN,29704,17286,29703,95,NaN,NaN,4078720,4073848,29697,220672,43520,7,450904
2026-04-30 14:15:10.847,44174,ESTAB,prague,224,23.381,1.267,20.034,1448,8,11584,10136,42666147,42654659,39154,NaN,29780,17335,29779,95,NaN,NaN,4105728,3335712,29772,220672,43520,8,341768
2026-04-30 14:15:11.096,44174,ESTAB,prague,224,22.123,1.072,20.034,1448,7,10136,10136,42772411,42763795,39154,NaN,29854,17385,29853,95,NaN,NaN,3796800,3603424,29848,220672,43520,6,256318
2026-04-30 14:15:11.345,44174,ESTAB,prague,224,22.7,1.1,20.034,1448,8,11584,11584,42887291,42875803,39154,NaN,29934,17435,29933,95,NaN,NaN,4228992,4628456,29926,220672,43520,8,141438
2026-04-30 14:15:11.600,44174,ESTAB,prague,224,22.693,1.058,20.034,1448,9,13032,11584,43023711,43012223,39154,NaN,30029,17493,30028,95,NaN,NaN,4759128,4271576,30021,220672,43520,8,5018
2026-04-30 14:15:11.847,44174,ESTAB,prague,224,22.936,1.19,20.034,1448,8,11584,11584,43028729,43028729,39154,NaN,30033,17501,30032,95,NaN,NaN,4185408,4114912,30033,220672,43520,NaN,NaN
2026-04-30 14:15:12.087,44174,ESTAB,prague,224,22.373,1.103,20.034,1448,8,11584,11584,43068948,43057460,39978,NaN,30062,17516,30061,97,NaN,NaN,4290752,4139912,30054,220672,43520,8,416440
2026-04-30 14:15:12.326,44174,ESTAB,prague,224,23.327,1.176,20.034,1448,8,11584,10136,43180956,43170904,39978,NaN,30140,17565,30139,97,NaN,NaN,4115264,3345760,30133,220672,43520,7,304432
2026-04-30 14:15:12.568,44174,ESTAB,prague,224,22.929,1.38,20.034,1448,8,11584,11584,43307324,43295836,39978,NaN,30228,17619,30227,97,NaN,NaN,4186688,3576096,30220,220672,43520,8,371924
2026-04-30 14:15:12.802,44174,ESTAB,prague,224,23.326,1.04,20.034,1448,11,15928,14480,43440872,43425076,39978,NaN,30321,17671,30320,97,NaN,NaN,5658752,4894640,30310,220672,43520,11,388905
2026-04-30 14:15:13.060,44174,ESTAB,prague,224,23.437,0.84,20.034,1448,9,13032,13032,43604576,43593088,39978,NaN,30435,17742,30434,97,NaN,NaN,4607856,4695008,30427,220672,43520,8,225201
2026-04-30 14:15:13.308,44174,ESTAB,prague,224,22.605,1.248,20.034,1448,12,17376,15928,43766844,43749612,39978,NaN,30548,17807,30547,97,NaN,NaN,6370272,5241384,30536,220672,43520,12,62933
2026-04-30 14:15:13.572,44174,ESTAB,prague,232,28.051,10.755,20.034,1448,11,15928,15928,43829777,43829777,39978,NaN,30592,17842,30591,97,NaN,NaN,4705712,1807904,30592,221184,43520,NaN,NaN
2026-04-30 14:15:13.842,44174,ESTAB,prague,232,28.051,10.755,20.034,1448,11,15928,15928,43829777,43829777,39978,NaN,30592,17842,30591,97,NaN,NaN,4705712,1807904,30592,221184,43520,NaN,NaN
2026-04-30 14:15:14.085,44174,ESTAB,prague,228,24.79,4.739,20.034,1448,11,15928,15928,43854200,43841276,40802,NaN,30610,17850,30609,99,NaN,NaN,5324704,2224624,30601,221184,43520,9,432236
2026-04-30 14:15:14.319,44174,ESTAB,prague,224,23.197,0.885,20.034,1448,10,14480,13032,43996364,43982004,40802,NaN,30709,17908,30708,99,NaN,NaN,5172880,4123880,30699,220672,43520,10,290072
2026-04-30 14:15:14.568,44174,ESTAB,prague,224,22.429,0.975,20.034,1448,10,14480,14480,44147144,44135656,40802,NaN,30814,17976,30813,99,NaN,NaN,5350160,5300872,30806,220672,43520,8,333152
2026-04-30 14:15:14.819,44174,ESTAB,prague,224,22.375,0.264,20.034,1448,10,14480,13032,44303668,44292180,40802,NaN,30923,18041,30922,99,NaN,NaN,5362960,5032144,30915,220672,43520,8,370488
2026-04-30 14:15:15.083,44174,ESTAB,prague,224,22.795,1.496,20.034,1448,10,14480,13032,44460192,44445832,40802,NaN,31032,18107,31031,99,NaN,NaN,5264240,4451744,31022,220672,43520,10,236984
2026-04-30 14:15:15.329,44174,ESTAB,prague,224,23.191,1.243,20.034,1448,9,13032,11584,44595176,44582252,40802,NaN,31126,18170,31125,99,NaN,NaN,4656816,4109800,31117,220672,43520,9,102000
2026-04-30 14:15:15.572,44174,ESTAB,prague,224,22.389,1.529,20.034,1448,8,11584,11584,44697176,44697132,40802,NaN,31198,18219,31197,99,NaN,NaN,4287616,4289840,31197,220672,43520,1,NaN
2026-04-30 14:15:15.814,44174,ESTAB,prague,232,28.311,12.99,20.034,1448,9,13032,11584,44697176,44697176,40802,NaN,31198,18220,31197,99,NaN,NaN,3814704,1317392,31198,221184,43520,NaN,NaN
2026-04-30 14:15:16.075,44174,ESTAB,prague,232,28.311,12.99,20.034,1448,9,13032,11584,44700059,44697176,41210,NaN,31201,18221,31200,100,NaN,NaN,3814704,1317392,31198,221184,43520,3,NaN
2026-04-30 14:15:16.316,44174,ESTAB,prague,224,22.51,0.709,20.034,1448,11,15928,14480,44836479,44822119,41626,NaN,31296,18274,31295,101,NaN,NaN,5863968,5639472,31286,220672,43520,10,317356
2026-04-30 14:15:16.555,44174,ESTAB,prague,224,22.859,0.905,20.034,1448,10,14480,14480,44987259,44972899,41626,NaN,31401,18337,31400,101,NaN,NaN,5249520,4977840,31391,220672,43520,10,360436
2026-04-30 14:15:16.801,44174,ESTAB,prague,224,22.465,1.542,20.034,1448,9,13032,11584,45123679,45110755,41626,NaN,31496,18396,31495,101,NaN,NaN,4807440,4117104,31487,220672,43520,9,229293
2026-04-30 14:15:17.056,44174,ESTAB,prague,224,23.382,1.423,20.034,1448,8,11584,10136,45262971,45251483,41626,NaN,31593,18457,31592,101,NaN,NaN,4105664,3821048,31585,220672,43520,8,90001
2026-04-30 14:15:17.304,44174,ESTAB,prague,228,27.747,11.26,20.034,1448,10,14480,14480,45352972,45352972,41626,NaN,31656,18500,31655,101,NaN,NaN,4324720,1747024,31656,221184,43520,NaN,NaN
2026-04-30 14:15:17.539,44174,ESTAB,prague,228,27.747,11.26,20.034,1448,10,14480,14480,45352972,45352972,41626,NaN,31656,18500,31655,101,NaN,NaN,4324720,1747024,31656,221184,43520,NaN,NaN
2026-04-30 14:15:17.787,44174,ESTAB,prague,228,27.747,11.26,20.034,1448,10,14480,14480,45352972,45352972,41626,NaN,31656,18500,31655,101,NaN,NaN,4324720,1747024,31656,221184,43520,NaN,NaN
2026-04-30 14:15:18.038,44174,ESTAB,prague,228,27.747,11.26,20.034,1448,10,14480,14480,45352972,45352972,41626,NaN,31656,18500,31655,101,NaN,NaN,4324720,1747024,31656,221184,43520,NaN,NaN
2026-04-30 14:15:18.292,44174,ESTAB,prague,224,22.326,1.054,20.034,1448,12,17376,15928,45470735,45453503,42450,NaN,31739,18547,31738,103,NaN,NaN,6449664,6186376,31727,220672,43520,12,338896
2026-04-30 14:15:18.546,44174,ESTAB,prague,224,22.574,1.339,20.034,1448,10,14480,13032,45638747,45624387,42450,NaN,31856,18622,31855,103,NaN,NaN,5315760,4729016,31846,220672,43520,10,364744
2026-04-30 14:15:18.790,44174,ESTAB,prague,224,22.849,1.635,20.034,1448,9,13032,11584,45773731,45760807,42450,NaN,31950,18681,31949,103,NaN,NaN,4726656,4123152,31941,220672,43520,9,320623
2026-04-30 14:15:19.033,44174,ESTAB,prague,224,23.121,0.829,20.034,1448,9,13032,13032,45902971,45890047,42450,NaN,32040,18736,32039,103,NaN,NaN,4671072,4785984,32031,220672,43520,9,191383
2026-04-30 14:15:19.278,44174,ESTAB,prague,224,23.843,0.706,20.034,1448,10,14480,14480,46043699,46030775,42450,NaN,32138,18801,32137,103,NaN,NaN,5032800,4665696,32129,220672,43520,9,50655
2026-04-30 14:15:19.521,44174,ESTAB,prague,224,22.773,0.912,20.034,1448,10,14480,13032,46094354,46094354,42450,NaN,32174,18830,32173,103,NaN,NaN,5269200,4764136,32174,221184,43520,NaN,NaN
2026-04-30 14:15:19.757,44174,ESTAB,prague,224,22.773,0.912,20.034,1448,10,14480,13032,46094354,46094354,42450,NaN,32174,18830,32173,103,NaN,NaN,5269200,4764136,32174,221184,43520,NaN,NaN
2026-04-30 14:15:20.006,44174,ESTAB,prague,224,22.773,0.912,20.034,1448,10,14480,13032,46094354,46094354,42450,NaN,32174,18830,32173,103,NaN,NaN,5269200,4764136,32174,221184,43520,NaN,NaN
2026-04-30 14:15:20.268,44174,ESTAB,prague,224,22.901,0.81,20.034,1448,10,14480,11584,46161857,46148933,43274,NaN,32222,18856,32221,105,NaN,NaN,5239920,4463752,32213,220672,43520,9,389156
2026-04-30 14:15:20.519,44174,ESTAB,prague,224,22.801,1.397,20.034,1448,10,14480,14480,46318381,46304021,43274,NaN,32331,18919,32330,105,NaN,NaN,5262720,5161288,32321,220672,43520,10,426492
2026-04-30 14:15:20.763,44174,ESTAB,prague,224,23.066,1.131,20.034,1448,10,14480,13032,46466289,46453365,43274,NaN,32434,18986,32433,105,NaN,NaN,5202240,4315584,32425,220672,43520,9,278584
2026-04-30 14:15:21.011,44174,ESTAB,prague,224,22.648,0.775,20.034,1448,9,13032,11584,46604145,46592657,43274,NaN,32530,19048,32529,105,NaN,NaN,4768560,4591560,32522,220672,43520,8,307421
2026-04-30 14:15:21.249,44174,ESTAB,prague,224,23.252,2.391,20.034,1448,8,11584,8688,46710409,46701793,43274,NaN,32604,19096,32603,105,NaN,NaN,4128512,3332840,32598,220672,43520,6,201157
2026-04-30 14:15:21.492,44174,ESTAB,prague,224,22.401,1.207,20.034,1448,7,10136,10136,46810929,46800877,43274,NaN,32674,19140,32673,105,NaN,NaN,3749760,3471824,32667,220672,43520,7,100637
2026-04-30 14:15:21.738,44174,ESTAB,prague,224,23.175,0.727,20.034,1448,9,13032,10136,46911566,46911566,43274,NaN,32745,19185,32744,105,NaN,NaN,4660056,3850576,32745,221184,43520,NaN,NaN
2026-04-30 14:15:21.993,44174,ESTAB,prague,224,23.175,0.727,20.034,1448,9,13032,10136,46911566,46911566,43274,NaN,32745,19185,32744,105,NaN,NaN,4660056,3850576,32745,221184,43520,NaN,NaN
2026-04-30 14:15:22.242,44174,ESTAB,prague,224,23.197,1.047,20.034,1448,9,13032,11584,46948913,46937425,44098,NaN,32772,19198,32771,107,NaN,NaN,4655592,4110352,32764,220672,43520,8,419312
2026-04-30 14:15:22.478,44174,ESTAB,prague,224,22.652,0.842,20.034,1448,10,14480,14480,47075281,47060921,44098,NaN,32860,19250,32859,107,NaN,NaN,5297280,5018096,32850,220672,43520,10,292944
2026-04-30 14:15:22.720,44174,ESTAB,prague,224,22.912,0.661,20.034,1448,11,15928,15928,47233241,47217445,44098,NaN,32970,19322,32969,107,NaN,NaN,5761096,4917944,32959,220672,43520,11,328844
2026-04-30 14:15:22.969,44174,ESTAB,prague,224,23.311,0.968,20.034,1448,8,11584,11584,47366789,47355301,44098,NaN,33063,19384,33062,107,NaN,NaN,4118016,3771240,33055,220672,43520,8,323715
2026-04-30 14:15:23.214,44174,ESTAB,prague,224,23.536,1.894,20.034,1448,9,13032,13032,47503209,47490285,44098,NaN,33158,19440,33157,107,NaN,NaN,4588632,4155608,33149,220672,43520,9,187295
2026-04-30 14:15:23.462,44174,ESTAB,prague,224,22.39,1.264,20.034,1448,8,11584,11584,47638193,47626705,44098,NaN,33252,19500,33251,107,NaN,NaN,4287552,4060440,33244,220672,43520,8,52311
2026-04-30 14:15:23.713,44174,ESTAB,prague,224,23.378,1.537,20.034,1448,9,13032,13032,47690504,47690504,44098,NaN,33289,19527,33288,107,NaN,NaN,4619592,4648680,33289,220672,43520,NaN,NaN
2026-04-30 14:15:23.936,44174,ESTAB,prague,224,23.378,1.537,20.034,1448,9,13032,13032,47690504,47690504,44098,NaN,33289,19527,33288,107,NaN,NaN,4619592,4648680,33289,220672,43520,NaN,NaN
2026-04-30 14:15:24.169,44174,ESTAB,prague,224,23.378,1.537,20.034,1448,9,13032,13032,47690504,47690504,44098,NaN,33289,19527,33288,107,NaN,NaN,4619592,4648680,33289,220672,43520,NaN,NaN
2026-04-30 14:15:24.399,44174,ESTAB,prague,224,22.751,1.144,20.034,1448,11,15928,15928,47819755,47803959,44922,NaN,33380,19574,33379,109,NaN,NaN,5801840,5437336,33369,220672,48128,11,327408
2026-04-30 14:15:24.640,44174,ESTAB,prague,224,22.16,1.493,20.034,1448,9,13032,13032,47973407,47963355,44922,NaN,33487,19645,33486,109,NaN,NaN,4873608,4461816,33480,220672,48128,7,367616
2026-04-30 14:15:24.885,44174,ESTAB,prague,224,22.745,0.836,20.034,1448,9,13032,11584,48109827,48096903,44922,NaN,33582,19704,33581,109,NaN,NaN,4748184,4133632,33573,220672,48128,9,415993
2026-04-30 14:15:25.132,44174,ESTAB,prague,224,23.525,1.658,20.034,1448,9,13032,11584,48233323,48220399,44922,NaN,33668,19756,33667,109,NaN,NaN,4590720,4455168,33659,220672,48128,9,292497
2026-04-30 14:15:25.380,44174,ESTAB,prague,224,22.386,1.39,20.034,1448,10,14480,14480,48378359,48363999,44922,NaN,33769,19818,33768,109,NaN,NaN,5360480,5150040,33759,220672,48128,10,147461
2026-04-30 14:15:25.622,44174,ESTAB,prague,224,23.145,0.66,20.034,1448,10,14480,13032,48517651,48506163,44922,NaN,33866,19879,33865,109,NaN,NaN,5184560,4478416,33858,220672,48128,8,8169
2026-04-30 14:15:25.854,44174,ESTAB,prague,224,23.966,1.62,20.034,1448,10,14480,13032,48525820,48525820,44922,NaN,33872,19887,33871,109,NaN,NaN,5006960,4555840,33872,220672,48128,NaN,NaN
2026-04-30 14:15:26.093,44174,ESTAB,prague,224,23.966,1.62,20.034,1448,10,14480,13032,48525820,48525820,44922,NaN,33872,19887,33871,109,NaN,NaN,5006960,4555840,33872,220672,48128,NaN,NaN
2026-04-30 14:15:26.322,44174,ESTAB,prague,224,22.682,0.684,20.034,1448,11,15928,14480,48586143,48573219,45746,NaN,33915,19908,33914,111,NaN,NaN,5819528,5543112,33906,220672,54272,9,396336
2026-04-30 14:15:26.577,44174,ESTAB,prague,224,22.516,0.83,20.034,1448,10,14480,14480,48751283,48736923,45746,NaN,34030,19980,34029,111,NaN,NaN,5329360,4910136,34020,220672,54272,10,425056
2026-04-30 14:15:26.825,44174,ESTAB,prague,224,23.29,0.724,20.034,1448,10,14480,13032,48896319,48884831,45746,NaN,34131,20044,34130,111,NaN,NaN,5152240,4638336,34123,220672,54272,8,280020
2026-04-30 14:15:27.077,44174,ESTAB,prague,224,22.608,0.975,20.034,1448,9,13032,11584,49039919,49028431,45746,NaN,34231,20106,34230,111,NaN,NaN,4776840,4548888,34223,220672,54272,8,330280
2026-04-30 14:15:27.328,44174,ESTAB,prague,224,22.85,0.793,20.034,1448,10,14480,13032,49192135,49179211,45746,NaN,34337,20174,34336,111,NaN,NaN,5251520,4580264,34328,220672,54272,9,192490
2026-04-30 14:15:27.576,44174,ESTAB,prague,224,22.762,0.746,20.034,1448,9,13032,13032,49332863,49321375,45746,NaN,34435,20236,34434,111,NaN,NaN,4744584,4850920,34427,220672,54272,8,51762
2026-04-30 14:15:27.818,44174,ESTAB,prague,232,28.34,10.654,20.034,1448,10,14480,11584,49384625,49384625,45746,NaN,34472,20264,34471,111,NaN,NaN,4234160,1659464,34472,221184,54272,NaN,NaN
2026-04-30 14:15:28.068,44174,ESTAB,prague,232,28.34,10.654,20.034,1448,10,14480,11584,49384625,49384625,45746,NaN,34472,20264,34471,111,NaN,NaN,4234160,1659464,34472,221184,54272,NaN,NaN
2026-04-30 14:15:28.313,44174,ESTAB,prague,224,23.648,3.343,20.034,1448,10,14480,14480,49414792,49401868,46570,NaN,34494,20276,34493,113,NaN,NaN,5074240,2794352,34485,220672,59904,9,426492
2026-04-30 14:15:28.570,44174,ESTAB,prague,224,22.881,0.945,20.034,1448,10,14480,14480,49575624,49561264,46570,NaN,34606,20345,34605,113,NaN,NaN,5244400,5169808,34596,220672,59904,10,459520
2026-04-30 14:15:28.818,44174,ESTAB,prague,224,23.293,1.727,20.034,1448,10,14480,14480,49735020,49720660,46570,NaN,34717,20415,34716,113,NaN,NaN,5151600,4718720,34707,220672,59904,10,300124
2026-04-30 14:15:29.067,44174,ESTAB,prague,224,22.669,1.242,20.034,1448,10,14480,13032,49880056,49868568,46570,NaN,34818,20482,34817,113,NaN,NaN,5293440,4342728,34810,220672,59904,8,348948
2026-04-30 14:15:29.307,44174,ESTAB,prague,224,23.443,0.951,20.034,1448,8,11584,11584,50004988,49994936,46570,NaN,34905,20537,34904,113,NaN,NaN,4094912,3992640,34898,220672,59904,7,281749
2026-04-30 14:15:29.548,44174,ESTAB,prague,224,23.375,1.532,20.034,1448,8,11584,11584,50119868,50108380,46570,NaN,34985,20588,34984,113,NaN,NaN,4106816,3843032,34977,220672,59904,8,166869
2026-04-30 14:15:29.792,44174,ESTAB,prague,224,23.64,1.39,20.029,1448,9,13032,10136,50230440,50218952,46570,NaN,35062,20637,35061,113,NaN,NaN,4568328,3557600,35054,220672,59904,8,56297
2026-04-30 14:15:30.026,44174,ESTAB,prague,224,23.201,1.978,20.029,1448,7,10136,10136,50286737,50286737,46570,NaN,35102,20669,35101,113,NaN,NaN,3620456,3205944,35102,221184,59904,NaN,NaN
2026-04-30 14:15:30.293,44174,ESTAB,prague,224,23.201,1.978,20.029,1448,7,10136,10136,50289620,50286737,46978,NaN,35105,20670,35104,114,NaN,NaN,3620456,3205944,35102,221184,62976,3,NaN
2026-04-30 14:15:30.538,44174,ESTAB,prague,224,23.399,1.572,20.029,1448,9,13032,11584,50395884,50384396,47394,NaN,35179,20715,35178,115,NaN,NaN,4615488,3804424,35171,220672,65536,8,347512
2026-04-30 14:15:30.788,44174,ESTAB,prague,224,22.72,0.839,20.029,1448,10,14480,13032,50539484,50525124,47394,NaN,35279,20776,35278,115,NaN,NaN,5281680,5148208,35269,220672,65536,10,321573
2026-04-30 14:15:31.031,44174,ESTAB,prague,224,22.521,1.163,20.029,1448,8,11584,11584,50678776,50667288,47394,NaN,35376,20842,35375,115,NaN,NaN,4262592,4522640,35368,220672,65536,8,182281
2026-04-30 14:15:31.274,44174,ESTAB,prague,224,22.97,1.045,20.029,1448,8,11584,11584,50792220,50782168,47394,NaN,35455,20891,35454,115,NaN,NaN,4179264,4311304,35448,220672,65536,7,68837
2026-04-30 14:15:31.517,44174,ESTAB,prague,228,27.768,12.026,20.029,1448,9,13032,11584,50861057,50861057,47394,NaN,35503,20930,35502,115,NaN,NaN,3889296,1403184,35503,221184,65536,NaN,NaN
2026-04-30 14:15:31.775,44174,ESTAB,prague,228,27.768,12.026,20.029,1448,9,13032,11584,50861057,50861057,47394,NaN,35503,20930,35502,115,NaN,NaN,3889296,1403184,35503,221184,65536,NaN,NaN
2026-04-30 14:15:32.041,44174,ESTAB,prague,228,27.768,12.026,20.029,1448,9,13032,11584,50861057,50861057,47394,NaN,35503,20930,35502,115,NaN,NaN,3889296,1403184,35503,221184,65536,NaN,NaN
2026-04-30 14:15:32.305,44174,ESTAB,prague,228,27.768,12.026,20.029,1448,9,13032,11584,50861057,50861057,47394,NaN,35503,20930,35502,115,NaN,NaN,3889296,1403184,35503,221184,65536,NaN,NaN
2026-04-30 14:15:32.552,44174,ESTAB,prague,224,23.141,0.736,20.029,1448,11,15928,14480,50993180,50977384,48218,NaN,35596,20978,35595,117,NaN,NaN,5703984,5147064,35585,220672,71680,11,324536
2026-04-30 14:15:32.817,44174,ESTAB,prague,224,22.909,1.41,20.029,1448,10,14480,14480,51161192,51148268,48218,NaN,35713,21053,35712,117,NaN,NaN,5238080,5021672,35704,220672,71680,9,350384
2026-04-30 14:15:33.068,44174,ESTAB,prague,224,21.905,1.025,20.029,1448,10,14480,13032,51320588,51307664,48218,NaN,35824,21124,35823,117,NaN,NaN,5478000,5098360,35815,220672,71680,9,337829
2026-04-30 14:15:33.313,44174,ESTAB,prague,224,22.925,1.001,20.029,1448,8,11584,11584,51455572,51444084,48218,NaN,35918,21184,35917,117,NaN,NaN,4187520,4305312,35910,220672,71680,8,202845
2026-04-30 14:15:33.547,44174,ESTAB,prague,224,23.15,0.975,20.029,1448,9,13032,11584,51580504,51569016,48218,NaN,36005,21237,36004,117,NaN,NaN,4665168,4232024,35997,220672,71680,8,77913
2026-04-30 14:15:33.789,44174,ESTAB,prague,228,27.856,11.149,20.029,1448,8,11584,10136,51658417,51658417,48218,NaN,36060,21278,36059,117,NaN,NaN,3446208,1393096,36060,221184,71680,NaN,NaN
2026-04-30 14:15:34.048,44174,ESTAB,prague,228,27.856,11.149,20.029,1448,8,11584,10136,51658417,51658417,48218,NaN,36060,21278,36059,117,NaN,NaN,3446208,1393096,36060,221184,71680,NaN,NaN
2026-04-30 14:15:34.302,44174,ESTAB,prague,228,27.856,11.149,20.029,1448,8,11584,10136,51658417,51658417,48218,NaN,36060,21278,36059,117,NaN,NaN,3446208,1393096,36060,221184,71680,NaN,NaN
2026-04-30 14:15:34.536,44174,ESTAB,prague,224,23.511,1.551,20.029,1448,9,13032,11584,51747460,51734536,49042,NaN,36123,21312,36122,119,NaN,NaN,4593456,3909928,36114,220672,77312,9,367616
2026-04-30 14:15:34.777,44174,ESTAB,prague,224,22.575,0.806,20.029,1448,12,17376,15928,51895368,51878136,49042,NaN,36226,21369,36225,119,NaN,NaN,6378624,6077352,36214,220672,77312,12,413568
2026-04-30 14:15:35.048,44174,ESTAB,prague,224,21.639,1.157,20.029,1448,10,14480,13032,52069124,52056200,49042,NaN,36347,21455,36346,119,NaN,NaN,5545440,4340608,36338,220672,77312,9,357029
2026-04-30 14:15:35.291,44174,ESTAB,prague,224,23.856,1.52,20.029,1448,9,13032,11584,52205544,52194056,49042,NaN,36442,21514,36441,119,NaN,NaN,4527000,4114544,36434,220672,77312,8,220609
2026-04-30 14:15:35.521,44174,ESTAB,prague,224,23.323,1.175,20.029,1448,10,14480,13032,52333348,52320424,49042,NaN,36531,21568,36530,119,NaN,NaN,5145040,4628456,36522,220672,77312,9,92805
2026-04-30 14:15:35.746,44174,ESTAB,prague,224,22.326,0.837,20.029,1448,9,13032,13032,52426153,52426153,49042,NaN,36596,21619,36595,119,NaN,NaN,4837248,4517544,36596,220672,77312,NaN,NaN
2026-04-30 14:15:35.971,44174,ESTAB,prague,224,22.326,0.837,20.029,1448,9,13032,13032,52426153,52426153,49042,NaN,36596,21619,36595,119,NaN,NaN,4837248,4517544,36596,220672,77312,NaN,NaN
2026-04-30 14:15:36.214,44174,ESTAB,prague,224,22.326,0.837,20.029,1448,9,13032,13032,52426153,52426153,49042,NaN,36596,21619,36595,119,NaN,NaN,4837248,4517544,36596,220672,77312,NaN,NaN
2026-04-30 14:15:36.474,44174,ESTAB,prague,224,22.556,1.293,20.029,1448,9,13032,11584,52464936,52453448,49866,NaN,36624,21634,36623,121,NaN,NaN,4788000,4018032,36616,220672,82944,8,417876
2026-04-30 14:15:36.715,44174,ESTAB,prague,224,22.89,1.055,20.029,1448,9,13032,13032,52602792,52589868,49866,NaN,36720,21692,36719,121,NaN,NaN,4718088,4777888,36711,220672,82944,9,280020
2026-04-30 14:15:36.944,44174,ESTAB,prague,224,23.464,1.109,20.029,1448,9,13032,13032,52732032,52719108,49866,NaN,36810,21751,36809,121,NaN,NaN,4602744,4198160,36801,220672,82944,9,344640
2026-04-30 14:15:37.182,44174,ESTAB,prague,224,22.713,1.848,20.029,1448,9,13032,11584,52856964,52844040,49866,NaN,36897,21811,36896,121,NaN,NaN,4754880,3812312,36888,220672,82944,9,413568
2026-04-30 14:15:37.441,44174,ESTAB,prague,224,23.742,1.652,20.029,1448,9,13032,13032,52993384,52983332,49866,NaN,36992,21870,36991,121,NaN,NaN,4548816,4301520,36985,220672,82944,7,334812
2026-04-30 14:15:37.693,44174,ESTAB,prague,224,22.185,0.952,20.029,1448,9,13032,11584,53132676,53119752,49866,NaN,37089,21931,37088,121,NaN,NaN,4868064,4310232,37080,220672,82944,9,195520
2026-04-30 14:15:37.943,44174,ESTAB,prague,224,22.942,1.164,20.029,1448,8,11584,10136,53248992,53240376,49866,NaN,37170,21982,37169,121,NaN,NaN,4184384,3327296,37164,220672,82944,6,79204
2026-04-30 14:15:38.202,44174,ESTAB,prague,232,28.1,10.466,20.029,1448,11,15928,13032,53328196,53328196,49866,NaN,37226,22016,37225,121,NaN,NaN,4697440,1619936,37226,221184,82944,NaN,NaN
2026-04-30 14:15:38.460,44174,ESTAB,prague,228,25.789,7.91,20.029,1448,11,15928,13032,53339695,53331079,50690,NaN,37235,22021,37234,123,NaN,NaN,5118344,1619936,37229,221184,89088,6,445160
2026-04-30 14:15:38.707,44174,ESTAB,prague,224,22.28,0.508,20.029,1448,9,13032,13032,53497655,53484731,50690,NaN,37345,22091,37344,123,NaN,NaN,4847328,4286000,37336,220672,89088,9,287200
2026-04-30 14:15:38.947,44174,ESTAB,prague,224,22.49,1.084,20.029,1448,9,13032,11584,53628331,53615407,50690,NaN,37436,22149,37435,123,NaN,NaN,4802112,4463320,37427,220672,89088,9,278610
2026-04-30 14:15:39.183,44174,ESTAB,prague,224,22.873,0.861,20.029,1448,9,13032,13032,53760443,53748955,50690,NaN,37528,22208,37527,123,NaN,NaN,4721688,4631952,37520,220672,89088,8,146498
2026-04-30 14:15:39.433,44174,ESTAB,prague,224,22.826,0.664,20.029,1448,8,11584,11584,53889683,53879631,50690,NaN,37618,22265,37617,123,NaN,NaN,4205632,4143552,37611,220672,89088,7,17258
2026-04-30 14:15:39.686,44174,ESTAB,prague,224,23.01,1.111,20.029,1448,9,13032,11584,53906941,53906941,50690,NaN,37631,22276,37630,123,NaN,NaN,4693464,3889368,37631,221184,89088,NaN,NaN
2026-04-30 14:15:39.924,44174,ESTAB,prague,224,23.01,1.111,20.029,1448,9,13032,11584,53906941,53906941,50690,NaN,37631,22276,37630,123,NaN,NaN,4693464,3889368,37631,221184,89088,NaN,NaN
2026-04-30 14:15:40.159,44174,ESTAB,prague,224,23.01,1.111,20.029,1448,9,13032,11584,53906941,53906941,50690,NaN,37631,22276,37630,123,NaN,NaN,4693464,3889368,37631,221184,89088,NaN,NaN
2026-04-30 14:15:40.388,44174,ESTAB,prague,224,23.01,1.111,20.029,1448,9,13032,11584,53906941,53906941,50690,NaN,37631,22276,37630,123,NaN,NaN,4693464,3889368,37631,221184,89088,NaN,NaN
2026-04-30 14:15:40.633,44174,ESTAB,prague,224,23.492,0.644,20.029,1448,12,17376,14480,54010344,53993112,51514,NaN,37704,22309,37703,125,NaN,NaN,6129504,5583184,37692,220672,94720,12,353256
2026-04-30 14:15:40.878,44174,ESTAB,prague,224,23.042,0.982,20.029,1448,11,15928,14480,54182664,54169740,51514,NaN,37824,22383,37823,125,NaN,NaN,5728448,4634624,37815,220672,94720,9,374796
2026-04-30 14:15:41.132,44174,ESTAB,prague,224,22.971,0.784,20.029,1448,9,13032,11584,54324828,54313340,51514,NaN,37923,22448,37922,125,NaN,NaN,4701456,4054064,37915,220672,94720,8,316060
2026-04-30 14:15:41.380,44174,ESTAB,prague,224,22.435,1.417,20.029,1448,7,10136,8688,54444016,54433964,51514,NaN,38006,22498,38005,125,NaN,NaN,3743992,3104104,37999,220672,94720,7,196872
2026-04-30 14:15:41.638,44174,ESTAB,prague,224,23.606,1.977,20.029,1448,8,11584,10136,54558896,54548844,51514,NaN,38086,22546,38085,125,NaN,NaN,4066624,3250536,38079,220672,94720,7,81992
2026-04-30 14:15:41.906,44174,ESTAB,prague,232,28.611,11.71,20.029,1448,7,10136,8688,54640888,54640888,51514,NaN,38144,22588,38143,125,NaN,NaN,2935856,1246944,38144,221184,94720,NaN,NaN
2026-04-30 14:15:42.144,44174,ESTAB,prague,232,28.611,11.71,20.029,1448,7,10136,8688,54640888,54640888,51514,NaN,38144,22588,38143,125,NaN,NaN,2935856,1246944,38144,221184,94720,NaN,NaN
2026-04-30 14:15:42.406,44174,ESTAB,prague,232,28.611,11.71,20.029,1448,7,10136,8688,54640888,54640888,51514,NaN,38144,22588,38143,125,NaN,NaN,2935856,1246944,38144,221184,94720,NaN,NaN
2026-04-30 14:15:42.656,44174,ESTAB,prague,224,23.658,0.964,20.029,1448,9,13032,11584,54714135,54701211,52338,NaN,38196,22615,38195,127,NaN,NaN,4564944,3816800,38187,220672,100352,9,383412
2026-04-30 14:15:42.896,44174,ESTAB,prague,224,22.766,1.286,20.029,1448,11,15928,15928,54869223,54853427,52338,NaN,38304,22682,38303,127,NaN,NaN,5797968,5584264,38293,220672,100352,11,422184
2026-04-30 14:15:43.143,44174,ESTAB,prague,224,22.899,1.535,20.029,1448,9,13032,11584,55012823,54999899,52338,NaN,38404,22745,38403,127,NaN,NaN,4716288,4456664,38395,220672,100352,9,278584
2026-04-30 14:15:43.395,44174,ESTAB,prague,224,23.023,1.216,20.029,1448,10,14480,13032,55149243,55136319,52338,NaN,38499,22804,38498,127,NaN,NaN,5211920,4974520,38490,220672,100352,9,318112
2026-04-30 14:15:43.645,44174,ESTAB,prague,224,23.599,1.514,20.029,1448,9,13032,13032,55292843,55279919,52338,NaN,38599,22868,38598,127,NaN,NaN,4576392,4181568,38590,220672,100352,9,174512
2026-04-30 14:15:43.898,44174,ESTAB,prague,224,22.016,1.014,20.029,1448,11,15928,15928,55450803,55435007,52338,NaN,38709,22934,38708,127,NaN,NaN,5995440,5669584,38698,220672,100352,11,16552
2026-04-30 14:15:44.125,44174,ESTAB,prague,224,22.076,0.723,20.029,1448,12,17376,15928,55467355,55467355,52338,NaN,38721,22951,38720,127,NaN,NaN,6522912,6060880,38721,220672,100352,NaN,NaN
2026-04-30 14:15:44.356,44174,ESTAB,prague,224,22.076,0.723,20.029,1448,12,17376,15928,55467355,55467355,52338,NaN,38721,22951,38720,127,NaN,NaN,6522912,6060880,38721,220672,100352,NaN,NaN
2026-04-30 14:15:44.609,44174,ESTAB,prague,224,23.052,0.926,20.029,1448,11,15928,14480,55513318,55498958,53162,NaN,38754,22966,38753,129,NaN,NaN,5726160,5134744,38744,220672,105984,10,410696
2026-04-30 14:15:44.865,44174,ESTAB,prague,224,22.289,0.796,20.029,1448,10,14480,14480,55679894,55665534,53162,NaN,38870,23038,38869,129,NaN,NaN,5383600,5179752,38860,220672,105984,10,437980
2026-04-30 14:15:45.117,44174,ESTAB,prague,224,22.19,1.388,20.029,1448,10,14480,14480,55842162,55827802,53162,NaN,38983,23110,38982,129,NaN,NaN,5407840,4683552,38973,220672,105984,10,275712
2026-04-30 14:15:45.371,44174,ESTAB,prague,224,23.022,1.029,20.029,1448,8,11584,11584,55980018,55969966,53162,NaN,39079,23175,39078,129,NaN,NaN,4169920,3826096,39072,220672,105984,7,284590
2026-04-30 14:15:45.625,44174,ESTAB,prague,224,23.85,1.225,20.029,1448,10,14480,13032,56107822,56094898,53162,NaN,39168,23226,39167,129,NaN,NaN,5031280,4436608,39159,220672,105984,9,156786
2026-04-30 14:15:45.873,44174,ESTAB,prague,224,23.96,2.001,20.029,1448,10,14480,13032,56251422,56237062,53162,NaN,39268,23289,39267,129,NaN,NaN,5008320,4109440,39258,220672,105984,10,13186
2026-04-30 14:15:46.122,44174,ESTAB,prague,224,23.922,1.415,20.029,1448,10,14480,13032,56264608,56264608,53162,NaN,39278,23300,39277,129,NaN,NaN,5016080,4100528,39278,221184,105984,NaN,NaN
2026-04-30 14:15:46.387,44174,ESTAB,prague,224,23.922,1.415,20.029,1448,10,14480,13032,56264608,56264608,53162,NaN,39278,23300,39277,129,NaN,NaN,5016080,4100528,39278,221184,105984,NaN,NaN
2026-04-30 14:15:46.656,44174,ESTAB,prague,224,22.258,1.288,20.029,1448,11,15928,14480,56317751,56301955,53986,NaN,39316,23319,39315,131,NaN,NaN,5930408,5099936,39305,220672,112128,11,403516
2026-04-30 14:15:46.909,44174,ESTAB,prague,224,23.076,1.013,20.029,1448,10,14480,13032,56469967,56455607,53986,NaN,39422,23384,39421,131,NaN,NaN,5200160,4643296,39412,220672,112128,10,445160
2026-04-30 14:15:47.175,44174,ESTAB,prague,224,22.645,0.585,20.029,1448,9,13032,13032,56620747,56609259,53986,NaN,39527,23451,39526,131,NaN,NaN,4769136,4838088,39519,220672,112128,8,294380
2026-04-30 14:15:47.443,44174,ESTAB,prague,224,23.043,0.892,20.029,1448,9,13032,13032,56761475,56749987,53986,NaN,39625,23516,39624,131,NaN,NaN,4686696,4111624,39617,220672,112128,8,288360
2026-04-30 14:15:47.696,44174,ESTAB,prague,224,23.172,1.238,20.029,1448,9,13032,11584,56896459,56883535,53986,NaN,39719,23577,39718,131,NaN,NaN,4660560,4653448,39710,220672,112128,9,153376
2026-04-30 14:15:47.923,44174,ESTAB,prague,224,22.987,1.082,20.029,1448,9,13032,13032,57017083,57004159,53986,NaN,39803,23629,39802,131,NaN,NaN,4698216,4322744,39794,220672,112128,9,32752
2026-04-30 14:15:48.157,44174,ESTAB,prague,224,23.245,0.718,20.029,1448,9,13032,13032,57049835,57049835,53986,NaN,39826,23647,39825,131,NaN,NaN,4646016,4017416,39826,220672,112128,NaN,NaN
2026-04-30 14:15:48.413,44174,ESTAB,prague,224,23.245,0.718,20.029,1448,9,13032,13032,57049835,57049835,53986,NaN,39826,23647,39825,131,NaN,NaN,4646016,4017416,39826,220672,112128,NaN,NaN
2026-04-30 14:15:48.678,44174,ESTAB,prague,224,23.74,1.138,20.029,1448,9,13032,10136,57087182,57074258,54810,NaN,39853,23659,39852,133,NaN,NaN,4549104,3947016,39844,220672,117760,9,419312
2026-04-30 14:15:48.927,44174,ESTAB,prague,224,22.509,1.498,20.029,1448,10,14480,14480,57235090,57220730,54810,NaN,39956,23722,39955,133,NaN,NaN,5331200,4467408,39946,220672,117760,10,465264
2026-04-30 14:15:49.172,44174,ESTAB,prague,224,22.389,1.511,20.029,1448,10,14480,14480,57384434,57371510,54810,NaN,40060,23790,40059,133,NaN,NaN,5359520,4754160,40051,220672,117760,9,315920
2026-04-30 14:15:49.422,44174,ESTAB,prague,224,23.386,1.108,20.029,1448,10,14480,13032,57536650,57525162,54810,NaN,40166,23856,40165,133,NaN,NaN,5131200,4131424,40158,220672,117760,8,317013
2026-04-30 14:15:49.689,44174,ESTAB,prague,224,22.228,0.717,20.029,1448,11,15928,14480,57700354,57684558,54810,NaN,40280,23922,40279,133,NaN,NaN,5938240,5519864,40269,220672,117760,11,153309
2026-04-30 14:15:49.931,44174,ESTAB,prague,224,22.814,0.952,20.029,1448,10,14480,14480,57853663,57852570,54810,NaN,40387,23993,40386,133,NaN,NaN,5259680,4889136,40386,220672,117760,1,NaN
2026-04-30 14:15:50.152,44174,ESTAB,prague,224,22.837,0.759,20.029,1448,10,14480,14480,57853663,57853663,54810,NaN,40387,23994,40386,133,NaN,NaN,5254560,4787960,40387,220672,117760,NaN,NaN
2026-04-30 14:15:50.386,44174,ESTAB,prague,224,22.837,0.759,20.029,1448,10,14480,14480,57853663,57853663,54810,NaN,40387,23994,40386,133,NaN,NaN,5254560,4787960,40387,220672,117760,NaN,NaN
2026-04-30 14:15:50.643,44174,ESTAB,prague,224,22.827,0.888,20.029,1448,10,14480,14480,57859418,57856546,55634,NaN,40392,23998,40391,135,NaN,NaN,5256720,4787960,40390,221184,123392,2,450904
2026-04-30 14:15:50.891,44174,ESTAB,prague,224,22.77,0.838,20.029,1448,12,17376,15928,58024558,58007326,55634,NaN,40507,24063,40506,135,NaN,NaN,6323808,5400008,40495,220672,123392,12,285764
2026-04-30 14:15:51.141,44174,ESTAB,prague,224,22.976,1.09,20.029,1448,9,13032,13032,58173902,58160978,55634,NaN,40611,24131,40610,135,NaN,NaN,4700376,4621888,40602,220672,123392,9,330280
2026-04-30 14:15:51.410,44174,ESTAB,prague,224,23.216,2.054,20.029,1448,9,13032,11584,58318938,58307450,55634,NaN,40712,24195,40711,135,NaN,NaN,4651848,4118936,40704,220672,123392,8,335736
2026-04-30 14:15:51.647,44174,ESTAB,prague,224,23.086,0.839,20.029,1448,9,13032,11584,58438126,58425202,55634,NaN,40795,24246,40794,135,NaN,NaN,4677912,3872208,40786,220672,123392,9,216548
2026-04-30 14:15:51.901,44174,ESTAB,prague,224,23.236,2.068,20.029,1448,10,14480,13032,58590342,58575982,55634,NaN,40901,24314,40900,135,NaN,NaN,5164160,3934944,40891,220672,123392,10,64332
2026-04-30 14:15:52.137,44174,ESTAB,prague,224,23.383,1.065,20.029,1448,9,13032,13032,58654674,58654674,55634,NaN,40946,24346,40945,135,NaN,NaN,4618584,4462248,40946,220672,123392,NaN,NaN
2026-04-30 14:15:52.387,44174,ESTAB,prague,224,23.383,1.065,20.029,1448,9,13032,13032,58654674,58654674,55634,NaN,40946,24346,40945,135,NaN,NaN,4618584,4462248,40946,220672,123392,NaN,NaN
2026-04-30 14:15:52.631,44174,ESTAB,prague,224,23.383,1.065,20.029,1448,9,13032,13032,58654674,58654674,55634,NaN,40946,24346,40945,135,NaN,NaN,4618584,4462248,40946,220672,123392,NaN,NaN
2026-04-30 14:15:52.871,44174,ESTAB,prague,224,22.637,0.886,20.029,1448,11,15928,15928,58788233,58772437,56458,NaN,41040,24396,41039,137,NaN,NaN,5831056,5279848,41029,220672,129536,11,323100
2026-04-30 14:15:53.119,44174,ESTAB,prague,224,22.418,1.245,20.029,1448,10,14480,14480,58956245,58943321,56458,NaN,41157,24472,41156,137,NaN,NaN,5352640,5566816,41148,220672,129536,9,348948
2026-04-30 14:15:53.364,44174,ESTAB,prague,224,22.963,1.066,20.029,1448,8,11584,11584,59084049,59072561,56458,NaN,41246,24531,41245,137,NaN,NaN,4180416,3872576,41238,220672,129536,8,413901
2026-04-30 14:15:53.622,44174,ESTAB,prague,224,22.741,1.101,20.029,1448,9,13032,13032,59221905,59208981,56458,NaN,41342,24588,41341,137,NaN,NaN,4748904,4635040,41333,220672,129536,9,276045
2026-04-30 14:15:53.873,44174,ESTAB,prague,224,22.605,0.605,20.029,1448,10,14480,13032,59362633,59351145,56458,NaN,41440,24650,41439,137,NaN,NaN,5308320,5182064,41432,220672,129536,8,135317
2026-04-30 14:15:54.114,44174,ESTAB,prague,224,22.84,1.12,20.029,1448,9,13032,13032,59494745,59481821,56458,NaN,41532,24709,41531,137,NaN,NaN,4728384,4311120,41523,220672,129536,9,3205
2026-04-30 14:15:54.374,44174,ESTAB,prague,224,22.395,1.43,20.029,1448,9,13032,11584,59497950,59497950,56458,NaN,41535,24718,41534,137,NaN,NaN,4822488,4130504,41535,221184,129536,NaN,NaN
2026-04-30 14:15:54.630,44174,ESTAB,prague,224,22.395,1.43,20.029,1448,9,13032,11584,59497950,59497950,56458,NaN,41535,24718,41534,137,NaN,NaN,4822488,4130504,41535,221184,129536,NaN,NaN
2026-04-30 14:15:54.870,44174,ESTAB,prague,224,22.785,1.215,20.029,1448,10,14480,13032,59595609,59581249,57282,NaN,41604,24756,41603,139,NaN,NaN,5266560,4849792,41594,220672,135168,10,359000
2026-04-30 14:15:55.106,44174,ESTAB,prague,224,22.438,0.891,20.029,1448,10,14480,14480,59755005,59740645,57282,NaN,41715,24823,41714,139,NaN,NaN,5348000,5163360,41705,220672,135168,10,393464
2026-04-30 14:15:55.355,44174,ESTAB,prague,224,22.817,1.068,20.029,1448,10,14480,13032,59908657,59894297,57282,NaN,41822,24890,41821,139,NaN,NaN,5259120,4999328,41812,220672,135168,10,420370
2026-04-30 14:15:55.609,44174,ESTAB,prague,224,23.276,1.032,20.029,1448,8,11584,11584,60052257,60040769,57282,NaN,41922,24952,41921,139,NaN,NaN,4124224,4313800,41914,220672,135168,8,276770
2026-04-30 14:15:55.861,44174,ESTAB,prague,224,22.663,1.38,20.029,1448,8,11584,11584,60178625,60168573,57282,NaN,42010,25011,42009,139,NaN,NaN,4235840,3720656,42003,220672,135168,7,150402
2026-04-30 14:15:56.107,44174,ESTAB,prague,224,23.239,1.769,20.029,1448,8,11584,10136,60296377,60286325,57282,NaN,42092,25063,42091,139,NaN,NaN,4130880,4135112,42085,220672,135168,7,32650
2026-04-30 14:15:56.342,44174,ESTAB,prague,224,22.845,1.022,20.029,1448,8,11584,10136,60329027,60329027,57282,NaN,42115,25082,42114,139,NaN,NaN,4202048,3815544,42115,220672,135168,NaN,NaN
2026-04-30 14:15:56.597,44174,ESTAB,prague,224,22.845,1.022,20.029,1448,8,11584,10136,60329027,60329027,57282,NaN,42115,25082,42114,139,NaN,NaN,4202048,3815544,42115,220672,135168,NaN,NaN
2026-04-30 14:15:56.844,44174,ESTAB,prague,224,22.833,0.883,20.029,1448,9,13032,11584,60389350,60376426,58106,NaN,42158,25103,42157,141,NaN,NaN,4729896,4460744,42149,220672,140800,9,396336
2026-04-30 14:15:57.103,44174,ESTAB,prague,224,22.958,1.148,20.029,1448,11,15928,14480,60551618,60535822,58106,NaN,42271,25173,42270,141,NaN,NaN,5749392,4452128,42260,220672,140800,11,427928
2026-04-30 14:15:57.362,44174,ESTAB,prague,224,22.847,1.17,20.029,1448,9,13032,13032,60708142,60695218,58106,NaN,42380,25244,42379,141,NaN,NaN,4727016,4156104,42371,220672,140800,9,465264
2026-04-30 14:15:57.606,44174,ESTAB,prague,224,22.816,0.978,20.029,1448,10,14480,14480,60860358,60845998,58106,NaN,42486,25306,42485,141,NaN,NaN,5259280,4467408,42476,220672,140800,10,313048
2026-04-30 14:15:57.860,44174,ESTAB,prague,224,23.164,1.416,20.029,1448,9,13032,11584,60999650,60986726,58106,NaN,42583,25372,42582,141,NaN,NaN,4662216,3773464,42574,220672,140800,9,191076
2026-04-30 14:15:58.126,44174,ESTAB,prague,224,21.748,0.565,20.029,1448,8,11584,10136,61133198,61121710,58106,NaN,42676,25436,42675,141,NaN,NaN,4414080,3906160,42668,220672,140800,8,57528
2026-04-30 14:15:58.377,44174,ESTAB,prague,228,27.422,10.599,20.029,1448,9,13032,11584,61190726,61190726,58106,NaN,42717,25467,42716,141,NaN,NaN,3938328,1289216,42717,221184,140800,NaN,NaN
2026-04-30 14:15:58.625,44174,ESTAB,prague,228,27.422,10.599,20.029,1448,9,13032,11584,61190726,61190726,58106,NaN,42717,25467,42716,141,NaN,NaN,3938328,1289216,42717,221184,140800,NaN,NaN
2026-04-30 14:15:58.879,44174,ESTAB,prague,228,24.012,0.702,20.029,1448,10,14480,13032,61252485,61239561,58930,NaN,42761,25489,42760,143,NaN,NaN,4997440,4300720,42752,220672,146944,9,394900
2026-04-30 14:15:59.140,44174,ESTAB,prague,224,23.113,1.244,20.029,1448,10,14480,14480,61420497,61407573,58930,NaN,42878,25559,42877,143,NaN,NaN,5191680,5216304,42869,220672,146944,9,420748
2026-04-30 14:15:59.401,44174,ESTAB,prague,224,22.608,0.717,20.029,1448,9,13032,11584,61571277,61558353,58930,NaN,42983,25627,42982,143,NaN,NaN,4776984,4112720,42974,220672,146944,9,463828
2026-04-30 14:15:59.652,44174,ESTAB,prague,224,22.652,0.954,20.029,1448,9,13032,11584,61704825,61693337,58930,NaN,43076,25687,43075,143,NaN,NaN,4767768,3907096,43068,220672,146944,8,330280
2026-04-30 14:15:59.894,44174,ESTAB,prague,224,22.709,1.038,20.029,1448,9,13032,11584,61826885,61815397,58930,NaN,43161,25741,43160,143,NaN,NaN,4755600,4148248,43153,220672,146944,8,222283
2026-04-30 14:16:00.138,44174,ESTAB,prague,224,23.134,1.176,20.029,1448,9,13032,13032,61957561,61944637,58930,NaN,43252,25796,43251,143,NaN,NaN,4668336,5015920,43243,220672,146944,9,91607
2026-04-30 14:16:00.411,44174,ESTAB,prague,224,23.154,0.863,20.029,1448,9,13032,11584,62049168,62049168,58930,NaN,43316,25843,43315,143,NaN,NaN,4664232,4123520,43316,220672,146944,NaN,NaN
2026-04-30 14:16:00.675,44174,ESTAB,prague,224,23.154,0.863,20.029,1448,9,13032,11584,62049168,62049168,58930,NaN,43316,25843,43315,143,NaN,NaN,4664232,4123520,43316,220672,146944,NaN,NaN
2026-04-30 14:16:00.936,44174,ESTAB,prague,224,23.078,0.725,20.029,1448,11,15928,15928,62141083,62126723,59754,NaN,43381,25875,43380,145,NaN,NaN,5719560,5231944,43371,220672,152576,10,364744
2026-04-30 14:16:01.189,44174,ESTAB,prague,224,22.143,1.175,20.029,1448,11,15928,14480,62310531,62294735,59754,NaN,43499,25951,43498,145,NaN,NaN,5961032,5058072,43488,220672,152576,11,389156
2026-04-30 14:16:01.431,44174,ESTAB,prague,224,22.71,1.173,20.029,1448,8,11584,11584,62451259,62441207,59754,NaN,43597,26017,43596,145,NaN,NaN,4227072,4288600,43590,220672,152576,7,442288
2026-04-30 14:16:01.693,44174,ESTAB,prague,224,22.625,1.537,20.029,1448,7,10136,10136,62573319,62563267,59754,NaN,43682,26072,43681,145,NaN,NaN,3712632,3768728,43675,220672,152576,7,320228
2026-04-30 14:16:01.935,44174,ESTAB,prague,224,22.011,1.184,20.029,1448,9,13032,13032,62703995,62693943,59754,NaN,43773,26129,43772,145,NaN,NaN,4906512,5059176,43766,220672,152576,7,206679
2026-04-30 14:16:02.173,44174,ESTAB,prague,224,22.148,1.073,20.029,1448,9,13032,13032,62824619,62811695,59754,NaN,43857,26182,43856,145,NaN,NaN,4876128,4634416,43848,220672,152576,9,86055
2026-04-30 14:16:02.424,44174,ESTAB,prague,224,23.401,0.85,20.029,1448,9,13032,11584,62910674,62910674,59754,NaN,43917,26222,43916,145,NaN,NaN,4615056,4285080,43917,220672,152576,NaN,NaN
2026-04-30 14:16:02.682,44174,ESTAB,prague,224,23.401,0.85,20.029,1448,9,13032,11584,62910674,62910674,59754,NaN,43917,26222,43916,145,NaN,NaN,4615056,4285080,43917,220672,152576,NaN,NaN
2026-04-30 14:16:02.937,44174,ESTAB,prague,224,23.012,1.134,20.029,1448,10,14480,14480,62976741,62962381,60578,NaN,43964,26244,43963,147,NaN,NaN,5214560,4897056,43954,220672,158208,10,190217
2026-04-30 14:16:03.195,44174,ESTAB,prague,224,22.384,0.707,20.029,1448,11,15928,14480,63137573,63124649,60578,NaN,44076,26315,44075,147,NaN,NaN,5896880,5568152,44067,220672,158208,9,29385
2026-04-30 14:16:03.449,44174,ESTAB,prague,224,22.224,1.07,20.029,1448,11,15928,14480,63166958,63166958,60578,NaN,44097,26334,44096,147,NaN,NaN,5939384,4918320,44097,220672,158208,NaN,NaN
2026-04-30 14:16:03.710,44174,ESTAB,prague,224,22.224,1.07,20.029,1448,11,15928,14480,63166958,63166958,60578,NaN,44097,26334,44096,147,NaN,NaN,5939384,4918320,44097,220672,158208,NaN,NaN
2026-04-30 14:16:03.981,44174,ESTAB,prague,224,22.224,1.07,20.029,1448,11,15928,14480,63166958,63166958,60578,NaN,44097,26334,44096,147,NaN,NaN,5939384,4918320,44097,220672,158208,NaN,NaN
2026-04-30 14:16:04.234,44174,ESTAB,prague,224,22.224,1.07,20.029,1448,11,15928,14480,63166958,63166958,60578,NaN,44097,26334,44096,147,NaN,NaN,5939384,4918320,44097,220672,158208,NaN,NaN
2026-04-30 14:16:04.477,44174,ESTAB,prague,224,22.224,1.07,20.029,1448,11,15928,14480,63166958,63166958,60578,NaN,44097,26334,44096,147,NaN,NaN,5939384,4918320,44097,220672,158208,NaN,NaN
2026-04-30 14:16:04.726,44174,ESTAB,prague,224,22.224,1.07,20.029,1448,11,15928,14480,63166958,63166958,60578,NaN,44097,26334,44096,147,NaN,NaN,5939384,4918320,44097,220672,158208,NaN,NaN
2026-04-30 14:16:04.986,44174,ESTAB,prague,224,22.653,0.655,20.029,1448,11,15928,15928,63256001,63240205,61402,NaN,44160,26364,44159,149,NaN,NaN,5826832,5539136,44149,220672,164352,11,231839
2026-04-30 14:16:05.233,44174,ESTAB,prague,224,22.715,1.275,20.029,1448,10,14480,14480,63426885,63413961,61402,NaN,44279,26437,44278,149,NaN,NaN,5282720,5261104,44270,220672,164352,9,60955
2026-04-30 14:16:05.486,44174,ESTAB,prague,228,27.818,12.021,20.029,1448,8,11584,11584,63487840,63487840,61402,NaN,44322,26472,44321,149,NaN,NaN,3450880,1465808,44322,221184,164352,NaN,NaN
2026-04-30 14:16:05.730,44174,ESTAB,prague,228,27.818,12.021,20.029,1448,8,11584,11584,63487840,63487840,61402,NaN,44322,26472,44321,149,NaN,NaN,3450880,1465808,44322,221184,164352,NaN,NaN
2026-04-30 14:16:05.965,44174,ESTAB,prague,228,27.818,12.021,20.029,1448,8,11584,11584,63487840,63487840,61402,NaN,44322,26472,44321,149,NaN,NaN,3450880,1465808,44322,221184,164352,NaN,NaN
2026-04-30 14:16:06.222,44174,ESTAB,prague,228,27.818,12.021,20.029,1448,8,11584,11584,63487840,63487840,61402,NaN,44322,26472,44321,149,NaN,NaN,3450880,1465808,44322,221184,164352,NaN,NaN
2026-04-30 14:16:06.470,44174,ESTAB,prague,228,27.818,12.021,20.029,1448,8,11584,11584,63487840,63487840,61402,NaN,44322,26472,44321,149,NaN,NaN,3450880,1465808,44322,221184,164352,NaN,NaN
2026-04-30 14:16:06.716,44174,ESTAB,prague,228,27.818,12.021,20.029,1448,8,11584,11584,63487840,63487840,61402,NaN,44322,26472,44321,149,NaN,NaN,3450880,1465808,44322,221184,164352,NaN,NaN
2026-04-30 14:16:06.949,44174,ESTAB,prague,228,25.105,3.305,20.029,1448,9,13032,11584,63513699,63502211,62226,NaN,44341,26481,44340,151,NaN,NaN,4301712,2196224,44333,221184,169984,8,430800
2026-04-30 14:16:07.219,44174,ESTAB,prague,224,23.045,0.937,20.029,1448,11,15928,14480,63696071,63680275,62226,NaN,44468,26555,44467,151,NaN,NaN,5727656,5139992,44457,220672,169984,11,442288
2026-04-30 14:16:07.471,44174,ESTAB,prague,224,23.129,1.063,20.029,1448,9,13032,13032,63852595,63839671,62226,NaN,44577,26625,44576,151,NaN,NaN,4669416,4531288,44568,220672,169984,9,285764
2026-04-30 14:16:07.726,44174,ESTAB,prague,224,22.996,1.258,20.029,1448,8,11584,10136,63986143,63974655,62226,NaN,44670,26684,44669,151,NaN,NaN,4174464,3825624,44662,220672,169984,8,318424
2026-04-30 14:16:07.991,44174,ESTAB,prague,224,23.582,0.975,20.029,1448,10,14480,13032,64122563,64108203,62226,NaN,44765,26739,44764,151,NaN,NaN,5088480,4778680,44755,220672,169984,10,182004
2026-04-30 14:16:08.255,44174,ESTAB,prague,224,23.536,1.048,20.029,1448,11,15928,13032,64281959,64269035,62226,NaN,44876,26806,44875,151,NaN,NaN,5608328,4695576,44867,220672,169984,9,22608
2026-04-30 14:16:08.511,44174,ESTAB,prague,232,28.493,11.281,20.029,1448,10,14480,14480,64304567,64304567,62226,NaN,44892,26821,44891,151,NaN,NaN,4211440,1853008,44892,221184,169984,NaN,NaN
2026-04-30 14:16:08.761,44174,ESTAB,prague,232,28.493,11.281,20.029,1448,10,14480,14480,64304567,64304567,62226,NaN,44892,26821,44891,151,NaN,NaN,4211440,1853008,44892,221184,169984,NaN,NaN
2026-04-30 14:16:09.031,44174,ESTAB,prague,224,23.444,1.36,20.029,1448,11,15928,15928,64366326,64351966,63050,NaN,44936,26842,44935,153,NaN,NaN,5630240,5449888,44926,220672,175616,10,394900
2026-04-30 14:16:09.276,44174,ESTAB,prague,224,22.934,1.619,20.029,1448,10,14480,13032,64538646,64525722,63050,NaN,45056,26921,45055,153,NaN,NaN,5232320,4575240,45047,220672,175616,9,416440
2026-04-30 14:16:09.508,44174,ESTAB,prague,224,22.139,1.39,20.029,1448,8,11584,11584,64667886,64656398,63050,NaN,45146,26980,45145,153,NaN,NaN,4336064,4379376,45138,220672,175616,8,287200
2026-04-30 14:16:09.754,44174,ESTAB,prague,224,23.134,1.393,20.029,1448,10,14480,13032,64801434,64787074,63050,NaN,45239,27032,45238,153,NaN,NaN,5186960,4121136,45229,220672,175616,10,328700
2026-04-30 14:16:10.009,44174,ESTAB,prague,224,23.407,1.589,20.029,1448,9,13032,11584,64939290,64927802,63050,NaN,45335,27094,45334,153,NaN,NaN,4613904,4457952,45327,220672,175616,8,190844
2026-04-30 14:16:10.255,44174,ESTAB,prague,224,22.419,1.267,20.029,1448,7,10136,10136,65054170,65044118,63050,NaN,45415,27147,45414,153,NaN,NaN,3746680,3904840,45408,220672,175616,7,75964
2026-04-30 14:16:10.505,44174,ESTAB,prague,224,23.325,1.787,20.029,1448,8,11584,10136,65130134,65130134,63050,NaN,45468,27186,45467,153,NaN,NaN,4115584,3602144,45468,220672,175616,NaN,NaN
2026-04-30 14:16:10.738,44174,ESTAB,prague,224,23.325,1.787,20.029,1448,8,11584,10136,65130134,65130134,63050,NaN,45468,27186,45467,153,NaN,NaN,4115584,3602144,45468,220672,175616,NaN,NaN
2026-04-30 14:16:11.002,44174,ESTAB,prague,224,23.822,1.35,20.029,1448,8,11584,10136,65151685,65141633,63874,NaN,45484,27192,45483,155,NaN,NaN,4029824,3602144,45477,221184,181760,7,435108
2026-04-30 14:16:11.264,44174,ESTAB,prague,224,23.449,1.489,20.029,1448,10,14480,14480,65298157,65285233,63874,NaN,45586,27250,45585,155,NaN,NaN,5117360,4769824,45577,220672,181760,9,288636
2026-04-30 14:16:11.518,44174,ESTAB,prague,224,21.777,0.899,20.029,1448,11,15928,14480,65466169,65450373,63874,NaN,45703,27324,45702,155,NaN,NaN,6061176,4913584,45692,220672,181760,11,314484
2026-04-30 14:16:11.746,44174,ESTAB,prague,224,22.982,1.701,20.029,1448,9,13032,11584,65604025,65592537,63874,NaN,45799,27394,45798,155,NaN,NaN,4674312,4157928,45791,220672,181760,8,366598
2026-04-30 14:16:11.974,44174,ESTAB,prague,228,24.201,1.971,20.029,1448,8,11584,10136,65714597,65704545,63874,NaN,45876,27443,45875,155,NaN,NaN,3966720,3454080,45869,220672,181760,7,256026
2026-04-30 14:16:12.225,44174,ESTAB,prague,224,21.993,1.212,20.029,1448,7,10136,10136,65828041,65819425,63874,NaN,45955,27497,45954,155,NaN,NaN,3819312,4107616,45949,220672,181760,6,142582
2026-04-30 14:16:12.471,44174,ESTAB,prague,224,23.206,1.319,20.029,1448,8,11584,11584,65937177,65925689,63874,NaN,46031,27542,46030,155,NaN,NaN,4136832,3863264,46023,220672,181760,8,33446
2026-04-30 14:16:12.723,44174,ESTAB,prague,232,28.76,11.707,20.029,1448,10,14480,13032,65970623,65970623,63874,NaN,46055,27560,46054,155,NaN,NaN,4172320,1571208,46055,221184,181760,NaN,NaN
2026-04-30 14:16:12.962,44174,ESTAB,prague,232,28.76,11.707,20.029,1448,10,14480,13032,65973495,65970623,64282,NaN,46057,27561,46056,156,NaN,NaN,4172320,1571208,46055,221184,184320,2,11
2026-04-30 14:16:13.189,44174,ESTAB,prague,224,23.23,0.918,20.029,1448,10,14480,14480,66088386,66074026,64698,NaN,46138,27606,46137,157,NaN,NaN,5165680,4466888,46128,220672,187392,10,338896
2026-04-30 14:16:13.440,44174,ESTAB,prague,224,22.293,1.26,20.029,1448,10,14480,14480,66240602,66226242,64698,NaN,46244,27675,46243,157,NaN,NaN,5382800,4991376,46234,220672,187392,10,380540
2026-04-30 14:16:13.696,44174,ESTAB,prague,224,22.327,1.004,20.029,1448,9,13032,13032,66391382,66378458,64698,NaN,46349,27744,46348,157,NaN,NaN,4837104,4492704,46340,220672,187392,9,376530
2026-04-30 14:16:13.946,44174,ESTAB,prague,224,22.693,0.95,20.029,1448,9,13032,11584,66536418,66524930,64698,NaN,46450,27807,46449,157,NaN,NaN,4759056,3724752,46442,220672,187392,8,231494
2026-04-30 14:16:14.176,44174,ESTAB,prague,224,22.974,2.053,20.029,1448,8,11584,10136,66652734,66644118,64698,NaN,46531,27860,46530,157,NaN,NaN,4178560,3605032,46525,220672,187392,6,115178
2026-04-30 14:16:14.400,44174,ESTAB,prague,224,22.801,0.941,20.029,1448,11,15928,14480,66767912,66766178,64698,NaN,46612,27909,46611,157,NaN,NaN,5789080,5027528,46610,220672,187392,2,NaN
2026-04-30 14:16:14.635,44174,ESTAB,prague,224,22.941,0.986,20.029,1448,10,14480,14480,66767912,66767912,64698,NaN,46612,27910,46611,157,NaN,NaN,5230720,4786176,46612,221184,187392,NaN,NaN
2026-04-30 14:16:14.883,44174,ESTAB,prague,224,22.941,0.986,20.029,1448,10,14480,14480,66767912,66767912,64698,NaN,46612,27910,46611,157,NaN,NaN,5230720,4786176,46612,221184,187392,NaN,NaN
2026-04-30 14:16:15.133,44174,ESTAB,prague,224,23.207,1.115,20.029,1448,11,15928,14480,66838287,66823927,65522,NaN,46662,27935,46661,159,NaN,NaN,5687880,5143184,46652,220672,193024,10,386284
2026-04-30 14:16:15.366,44174,ESTAB,prague,224,22.674,0.592,20.029,1448,10,14480,14480,66986195,66971835,65522,NaN,46765,27999,46764,159,NaN,NaN,5292240,5142624,46755,220672,193024,10,432236
2026-04-30 14:16:15.601,44174,ESTAB,prague,224,22.755,1.316,20.029,1448,9,13032,13032,67132667,67119743,65522,NaN,46867,28062,46866,159,NaN,NaN,4746024,4515976,46858,220672,193024,9,285764
2026-04-30 14:16:15.849,44174,ESTAB,prague,224,23.229,1.206,20.029,1448,8,11584,11584,67257599,67246111,65522,NaN,46954,28117,46953,159,NaN,NaN,4132672,4133816,46946,220672,193024,8,329603
2026-04-30 14:16:16.102,44174,ESTAB,prague,224,22.129,1.024,20.029,1448,9,13032,11584,67388275,67376787,65522,NaN,47045,28177,47044,159,NaN,NaN,4880304,4627840,47037,220672,193024,8,198927
2026-04-30 14:16:16.362,44174,ESTAB,prague,224,22.808,1.603,20.029,1448,9,13032,13032,67513207,67501719,65522,NaN,47132,28231,47131,159,NaN,NaN,4735008,4433424,47124,220672,193024,8,73995
2026-04-30 14:16:16.598,44174,ESTAB,prague,232,29.157,12.349,20.029,1448,10,14480,11584,67587202,67587202,65522,NaN,47184,28269,47183,159,NaN,NaN,4115520,1475392,47184,221184,193024,NaN,NaN
2026-04-30 14:16:16.835,44174,ESTAB,prague,232,29.157,12.349,20.029,1448,10,14480,11584,67587202,67587202,65522,NaN,47184,28269,47183,159,NaN,NaN,4115520,1475392,47184,221184,193024,NaN,NaN
2026-04-30 14:16:17.070,44174,ESTAB,prague,228,26.687,8.973,20.029,1448,10,14480,11584,67597265,67590085,66346,NaN,47192,28274,47191,161,NaN,NaN,4496560,1475392,47187,221184,198656,5,446596
2026-04-30 14:16:17.300,44174,ESTAB,prague,224,23.196,1.033,20.029,1448,9,13032,11584,67725069,67713581,66346,NaN,47281,28330,47280,161,NaN,NaN,4655880,4013856,47273,220672,198656,8,318792
2026-04-30 14:16:17.531,44174,ESTAB,prague,224,23.719,1.582,20.029,1448,10,14480,13032,67848565,67838513,66346,NaN,47367,28386,47366,161,NaN,NaN,5059200,4634008,47360,220672,198656,7,389156
2026-04-30 14:16:17.757,44174,ESTAB,prague,224,22.394,0.907,20.029,1448,9,13032,13032,67987857,67974933,66346,NaN,47464,28448,47463,161,NaN,NaN,4822632,4754160,47455,220672,198656,9,429915
2026-04-30 14:16:17.987,44174,ESTAB,prague,224,22.965,1.425,20.029,1448,8,11584,11584,68107045,68095557,66346,NaN,47547,28501,47546,161,NaN,NaN,4180160,3895464,47539,220672,198656,8,310727
2026-04-30 14:16:18.247,44174,ESTAB,prague,224,22.565,1.262,20.029,1448,8,11584,10136,68239157,68229105,66346,NaN,47639,28563,47638,161,NaN,NaN,4254208,3951728,47632,220672,198656,7,178615
2026-04-30 14:16:18.501,44174,ESTAB,prague,224,23.533,1.42,20.029,1448,8,11584,10136,68343985,68332497,66346,NaN,47712,28608,47711,161,NaN,NaN,4079232,3848344,47704,220672,198656,8,73787
2026-04-30 14:16:18.750,44174,ESTAB,prague,224,22.047,0.654,20.029,1448,11,15928,15928,68483828,68468032,66762,NaN,47810,28661,47809,162,NaN,NaN,5986904,5245944,47799,220672,201728,11,387720
2026-04-30 14:16:18.979,44174,ESTAB,prague,224,22.644,1.621,20.029,1448,10,14480,14480,68624556,68611632,66762,NaN,47908,28725,47907,162,NaN,NaN,5299280,4790336,47899,220672,201728,9,440852
2026-04-30 14:16:19.227,44174,ESTAB,prague,224,22.454,1.288,20.029,1448,10,14480,14480,68775336,68762412,66762,NaN,48013,28790,48012,162,NaN,NaN,5344240,4924976,48004,220672,201728,9,290072
2026-04-30 14:16:19.498,44174,ESTAB,prague,224,22.752,1.046,20.029,1448,10,14480,14480,68943348,68928988,66762,NaN,48130,28864,48129,162,NaN,NaN,5274080,5562808,48120,220672,201728,10,315920
2026-04-30 14:16:19.744,44174,ESTAB,prague,224,22.473,0.78,20.029,1448,11,15928,14480,69104180,69088384,66762,NaN,48242,28936,48241,162,NaN,NaN,5873472,5158072,48231,220672,201728,11,234052
2026-04-30 14:16:19.990,44174,ESTAB,prague,224,22.384,1.039,20.029,1448,9,13032,13032,69257832,69246344,66762,NaN,48349,29008,48348,162,NaN,NaN,4824792,5079360,48341,220672,201728,8,80400
2026-04-30 14:16:20.266,44174,ESTAB,prague,224,23.054,1.424,20.029,1448,10,14480,13032,69397108,69384184,67178,NaN,48446,29070,48445,163,NaN,NaN,5205040,5006048,48437,220672,204800,9,394900
2026-04-30 14:16:20.520,44174,ESTAB,prague,224,22.997,1.24,20.029,1448,9,13032,11584,69529220,69517732,67178,NaN,48538,29126,48537,163,NaN,NaN,4696200,3593368,48530,220672,204800,8,456648
2026-04-30 14:16:20.763,44174,ESTAB,prague,224,22.818,0.689,20.029,1448,9,13032,13032,69657024,69644100,67178,NaN,48627,29180,48626,163,NaN,NaN,4732920,4652000,48618,220672,204800,9,328844
2026-04-30 14:16:21.017,44174,ESTAB,prague,224,22.086,1.674,20.029,1448,8,11584,10136,69789136,69777648,67178,NaN,48719,29244,48718,163,NaN,NaN,4346496,3887432,48711,220672,204800,8,390592
2026-04-30 14:16:21.268,44174,ESTAB,prague,224,23.685,1.89,20.029,1448,8,11584,11584,69906888,69895400,67178,NaN,48801,29296,48800,163,NaN,NaN,4053120,3599112,48793,220672,204800,8,408385
2026-04-30 14:16:21.518,44174,ESTAB,prague,224,22.263,1.423,20.029,1448,9,13032,13032,70041872,70028948,67178,NaN,48895,29354,48894,163,NaN,NaN,4851000,5023416,48886,220672,204800,9,273401
2026-04-30 14:16:21.768,44174,ESTAB,prague,224,22.948,1.181,20.029,1448,9,13032,11584,70184036,70172548,67178,NaN,48994,29421,48993,163,NaN,NaN,4706064,4351200,48986,220672,204800,8,131237
2026-04-30 14:16:22.021,44174,ESTAB,prague,224,21.885,0.648,20.029,1448,9,13032,13032,70315273,70313276,67178,NaN,49086,29482,49085,163,NaN,NaN,4934736,4886384,49084,220672,204800,2,NaN
2026-04-30 14:16:22.264,44174,ESTAB,prague,224,23.191,0.888,20.029,1448,10,14480,13032,70453129,70441641,67594,NaN,49182,29535,49181,164,NaN,NaN,5174160,4676624,49174,220672,207360,8,315920
2026-04-30 14:16:22.507,44174,ESTAB,prague,224,22.501,0.762,20.029,1448,10,14480,13032,70595293,70582369,67594,NaN,49281,29594,49280,164,NaN,NaN,5332960,5153248,49272,220672,207360,9,258427
2026-04-30 14:16:22.740,44174,ESTAB,prague,224,22.439,1.052,20.029,1448,9,13032,13032,70724533,70713045,67594,NaN,49371,29656,49370,164,NaN,NaN,4812912,4974992,49363,220672,207360,8,129187
2026-04-30 14:16:22.990,44174,ESTAB,prague,224,23.672,1.019,20.029,1448,9,13032,11584,70853720,70850901,67594,NaN,49461,29714,49460,164,NaN,NaN,4562208,4312904,49459,220672,207360,2,NaN
2026-04-30 14:16:23.230,44174,ESTAB,prague,224,22.811,1.568,20.029,1448,9,13032,11584,70893939,70881015,68418,NaN,49490,29731,49489,166,NaN,NaN,4734504,3622096,49481,220672,213504,9,360082
2026-04-30 14:16:23.480,44174,ESTAB,prague,224,22.488,1.453,20.029,1448,9,13032,11584,71028923,71017435,68418,NaN,49584,29792,49583,166,NaN,NaN,4802472,3897896,49576,220672,213504,8,299816
2026-04-30 14:16:23.721,44174,ESTAB,prague,224,22.388,0.972,20.029,1448,9,13032,13032,71166779,71153855,68418,NaN,49680,29850,49679,166,NaN,NaN,4823928,4021288,49671,220672,213504,9,248191
2026-04-30 14:16:23.944,44174,ESTAB,prague,224,23.182,1.805,20.029,1448,8,11584,10136,71281659,71270171,68418,NaN,49760,29901,49759,166,NaN,NaN,4140992,3604384,49752,220672,213504,8,210781
2026-04-30 14:16:24.183,44174,ESTAB,prague,224,22.631,1.232,20.029,1448,6,8688,8688,71373563,71364947,68418,NaN,49824,29945,49823,166,NaN,NaN,3181440,2889856,49818,220672,213504,6,173960
2026-04-30 14:16:24.426,44174,ESTAB,prague,224,23.092,0.738,20.029,1448,9,13032,11584,71482699,71472647,68418,NaN,49900,29989,49899,166,NaN,NaN,4676760,4322560,49893,220672,213504,7,64824
2026-04-30 14:16:24.683,44174,ESTAB,prague,224,23.594,1.064,20.029,1448,10,14480,11584,71547523,71547523,68418,NaN,49946,30020,49945,166,NaN,NaN,5086000,4472152,49946,221184,213504,NaN,NaN
2026-04-30 14:16:24.913,44174,ESTAB,prague,224,23.594,1.064,20.029,1448,10,14480,11584,71547523,71547523,68418,NaN,49946,30020,49945,166,NaN,NaN,5086000,4472152,49946,221184,213504,NaN,NaN
2026-04-30 14:16:25.145,44174,ESTAB,prague,224,23.594,1.064,20.029,1448,10,14480,11584,71547523,71547523,68418,NaN,49946,30020,49945,166,NaN,NaN,5086000,4472152,49946,221184,213504,NaN,NaN
2026-04-30 14:16:25.409,44174,ESTAB,prague,224,23.151,1.325,20.029,1448,11,15928,15928,71688262,71673902,69242,NaN,50045,30075,50044,168,NaN,NaN,5701608,5363576,50035,220672,219136,10,380540
2026-04-30 14:16:25.667,44174,ESTAB,prague,224,23.164,1.513,20.029,1448,9,13032,13032,71866326,71854838,69242,NaN,50169,30161,50168,168,NaN,NaN,4662216,4913096,50161,220672,219136,8,393649
2026-04-30 14:16:25.914,44174,ESTAB,prague,224,23.642,2.486,20.029,1448,8,11584,10136,71998438,71988386,69242,NaN,50261,30220,50260,168,NaN,NaN,4060480,3595120,50254,220672,219136,7,315264
2026-04-30 14:16:26.146,44174,ESTAB,prague,224,23.182,1.488,20.029,1448,8,11584,11584,72107574,72097522,69242,NaN,50337,30265,50336,168,NaN,NaN,4141056,4134552,50330,220672,219136,7,252044
2026-04-30 14:16:26.379,44174,ESTAB,prague,224,22.379,1.204,20.029,1448,9,13032,11584,72219582,72206658,69242,NaN,50415,30311,50414,168,NaN,NaN,4825872,3916152,50406,220672,219136,9,140036
2026-04-30 14:16:26.613,44174,ESTAB,prague,224,23.043,1.39,20.029,1448,8,11584,11584,72334462,72322974,69242,NaN,50495,30362,50494,168,NaN,NaN,4166016,4017104,50487,220672,219136,8,25156
2026-04-30 14:16:26.856,44174,ESTAB,prague,232,28.839,12.658,20.029,1448,9,13032,13032,72359618,72359618,69242,NaN,50513,30378,50512,168,NaN,NaN,3744864,1458712,50513,221184,219136,NaN,NaN
2026-04-30 14:16:27.124,44174,ESTAB,prague,232,28.839,12.658,20.029,1448,9,13032,13032,72359618,72359618,69242,NaN,50513,30378,50512,168,NaN,NaN,3744864,1458712,50513,221184,219136,NaN,NaN
2026-04-30 14:16:27.386,44174,ESTAB,prague,224,22.583,0.907,20.029,1448,10,14480,14480,72457277,72442917,70066,NaN,50582,30417,50581,170,NaN,NaN,5313600,4790736,50572,220672,224768,10,301072
2026-04-30 14:16:27.642,44174,ESTAB,prague,224,21.893,1.373,20.029,1448,11,15928,14480,72623853,72609493,70066,NaN,50698,30492,50697,170,NaN,NaN,6029144,4649304,50688,220672,224768,10,236482
2026-04-30 14:16:27.887,44174,ESTAB,prague,228,24.057,2.361,20.029,1448,10,14480,13032,72780377,72766017,70066,NaN,50807,30555,50806,170,NaN,NaN,4987920,4120584,50797,220672,224768,10,116888
2026-04-30 14:16:28.123,44174,ESTAB,prague,224,22.686,1.098,20.029,1448,8,11584,11584,72908181,72896693,70066,NaN,50896,30613,50895,170,NaN,NaN,4231616,4636688,50888,220672,224768,8,47527
2026-04-30 14:16:28.380,44174,ESTAB,prague,224,22.962,1.028,20.029,1448,8,11584,11584,72955708,72955708,70066,NaN,50930,30638,50929,170,NaN,NaN,4180736,4298328,50930,221184,224768,NaN,NaN
2026-04-30 14:16:28.618,44174,ESTAB,prague,224,22.962,1.028,20.029,1448,8,11584,11584,72955708,72955708,70066,NaN,50930,30638,50929,170,NaN,NaN,4180736,4298328,50930,221184,224768,NaN,NaN
2026-04-30 14:16:28.863,44174,ESTAB,prague,224,22.962,1.028,20.029,1448,8,11584,11584,72955708,72955708,70066,NaN,50930,30638,50929,170,NaN,NaN,4180736,4298328,50930,221184,224768,NaN,NaN
2026-04-30 14:16:29.131,44174,ESTAB,prague,224,22.962,1.028,20.029,1448,8,11584,11584,72955708,72955708,70066,NaN,50930,30638,50929,170,NaN,NaN,4180736,4298328,50930,221184,224768,NaN,NaN
2026-04-30 14:16:29.370,44174,ESTAB,prague,224,23.718,0.571,20.029,1448,12,17376,11584,73024647,73010287,70890,NaN,50979,30659,50978,172,NaN,NaN,6071136,4791720,50969,221184,230912,10,387720
2026-04-30 14:16:29.603,44174,ESTAB,prague,224,22.8,1.022,20.029,1448,10,14480,14480,73176863,73162503,70890,NaN,51085,30725,51084,172,NaN,NaN,5263120,4913016,51075,220672,230912,10,406477
2026-04-30 14:16:29.856,44174,ESTAB,prague,224,22.244,0.991,20.029,1448,10,14480,14480,73339131,73326207,70890,NaN,51198,30798,51197,172,NaN,NaN,5394480,5578344,51189,220672,230912,9,309214
2026-04-30 14:16:30.110,44174,ESTAB,prague,224,22.89,1.193,20.029,1448,8,11584,11584,73469807,73458319,70890,NaN,51289,30856,51288,172,NaN,NaN,4193920,4120584,51281,220672,230912,8,242483
2026-04-30 14:16:30.377,44174,ESTAB,prague,224,23.264,1.22,20.029,1448,9,13032,11584,73606227,73594739,70890,NaN,51384,30915,51383,172,NaN,NaN,4642272,4110528,51376,220672,230912,8,106063
2026-04-30 14:16:30.641,44174,ESTAB,prague,228,24.212,1.803,20.029,1448,8,11584,10136,73712290,73712290,70890,NaN,51458,30965,51457,172,NaN,NaN,3964864,3608080,51458,220672,230912,NaN,NaN
2026-04-30 14:16:30.900,44174,ESTAB,prague,228,24.212,1.803,20.029,1448,8,11584,10136,73712290,73712290,70890,NaN,51458,30965,51457,172,NaN,NaN,3964864,3608080,51458,220672,230912,NaN,NaN
2026-04-30 14:16:31.162,44174,ESTAB,prague,228,24.212,1.803,20.029,1448,8,11584,10136,73712290,73712290,70890,NaN,51458,30965,51457,172,NaN,NaN,3964864,3608080,51458,220672,230912,NaN,NaN
2026-04-30 14:16:31.413,44174,ESTAB,prague,224,23.811,0.742,20.029,1448,9,13032,13032,73772613,73759689,71714,NaN,51501,30985,51500,174,NaN,NaN,4535568,4156624,51492,220672,236544,9,396336
2026-04-30 14:16:31.646,44174,ESTAB,prague,224,22.399,1.231,20.029,1448,11,15928,14480,73923393,73907597,71714,NaN,51606,31047,51605,174,NaN,NaN,5892920,5397944,51595,220672,236544,11,412512
2026-04-30 14:16:31.888,44174,ESTAB,prague,224,23.494,1.428,20.029,1448,9,13032,13032,74069865,74056941,71714,NaN,51708,31114,51707,174,NaN,NaN,4596768,5002680,51699,220672,236544,9,353373
2026-04-30 14:16:32.129,44174,ESTAB,prague,224,23.119,0.792,20.029,1448,10,14480,13032,74209157,74196233,71714,NaN,51805,31172,51804,174,NaN,NaN,5190320,4777120,51796,220672,236544,9,291985
2026-04-30 14:16:32.379,44174,ESTAB,prague,224,23.299,1.494,20.029,1448,9,13032,13032,74354193,74341269,71714,NaN,51906,31235,51905,174,NaN,NaN,4635288,4653864,51897,220672,236544,9,146949
2026-04-30 14:16:32.614,44174,ESTAB,prague,224,22.155,1.361,20.029,1448,9,13032,11584,74480561,74470509,71714,NaN,51994,31291,51993,174,NaN,NaN,4874688,4409400,51987,220672,236544,7,20581
2026-04-30 14:16:32.856,44174,ESTAB,prague,232,28.323,11.422,20.029,1448,9,13032,13032,74501142,74501142,71714,NaN,52009,31306,52008,174,NaN,NaN,3813120,1400152,52009,221184,236544,NaN,NaN
2026-04-30 14:16:33.113,44174,ESTAB,prague,232,28.323,11.422,20.029,1448,9,13032,13032,74501142,74501142,71714,NaN,52009,31306,52008,174,NaN,NaN,3813120,1400152,52009,221184,236544,NaN,NaN
2026-04-30 14:16:33.359,44174,ESTAB,prague,228,24.885,4.229,20.029,1448,9,13032,13032,74525565,74514077,72538,NaN,52027,31315,52026,176,NaN,NaN,4339872,2211952,52019,220672,242176,8,432236
2026-04-30 14:16:33.580,44174,ESTAB,prague,224,22.224,0.754,20.029,1448,14,20272,15928,74676345,74659113,72538,NaN,52132,31371,52131,176,NaN,NaN,7559104,6478136,52120,220672,242176,12,281456
2026-04-30 14:16:33.804,44174,ESTAB,prague,228,25.306,0.105,20.029,1448,16,23168,15928,74865897,74845793,72538,NaN,52264,31436,52263,176,NaN,NaN,7586944,6637848,52250,220672,242176,14,333991
2026-04-30 14:16:34.028,44174,ESTAB,prague,228,25.148,0.115,20.029,1448,16,23168,15928,75049705,75029601,72538,NaN,52392,31500,52391,176,NaN,NaN,7634688,6690424,52378,220672,242176,14,219105
2026-04-30 14:16:34.258,44174,ESTAB,prague,228,25.203,0.024,20.029,1448,16,23168,15928,75242129,75222025,72538,NaN,52526,31567,52525,176,NaN,NaN,7617920,6703424,52512,220672,242176,14,26681
2026-04-30 14:16:34.499,44174,ESTAB,prague,232,30.5,10.57,20.029,1448,16,23168,15928,75268810,75268810,72538,NaN,52545,31584,52544,176,NaN,NaN,6294912,2491608,52545,221184,242176,NaN,NaN
2026-04-30 14:16:34.743,44174,ESTAB,prague,232,30.5,10.57,20.029,1448,16,23168,15928,75268810,75268810,72538,NaN,52545,31584,52544,176,NaN,NaN,6294912,2491608,52545,221184,242176,NaN,NaN
2026-04-30 14:16:34.994,44174,ESTAB,prague,232,30.5,10.57,20.029,1448,16,23168,15928,75268810,75268810,72538,NaN,52545,31584,52544,176,NaN,NaN,6294912,2491608,52545,221184,242176,NaN,NaN
2026-04-30 14:16:35.250,44174,ESTAB,prague,232,30.5,10.57,20.029,1448,16,23168,15928,75268810,75268810,72538,NaN,52545,31584,52544,176,NaN,NaN,6294912,2491608,52545,221184,242176,NaN,NaN
2026-04-30 14:16:35.504,44174,ESTAB,prague,228,25.168,0.172,20.029,1448,16,23168,15928,75399497,75380829,73362,NaN,52637,31627,52636,178,NaN,NaN,7628672,6695120,52624,221184,248320,13,325972
2026-04-30 14:16:35.743,44174,ESTAB,prague,228,25.396,0.163,20.029,1448,18,26064,15928,75601973,75581869,73362,NaN,52778,31697,52777,178,NaN,NaN,8505216,6684912,52764,221184,248320,14,291922
2026-04-30 14:16:35.987,44174,ESTAB,prague,228,25.227,0.068,20.029,1448,18,26064,15928,75794397,75774293,73362,NaN,52912,31764,52911,178,NaN,NaN,8561952,6669512,52898,221184,248320,14,182444
2026-04-30 14:16:36.241,44174,ESTAB,prague,228,25.251,0.107,20.029,1448,18,26064,15928,76009797,75989693,73362,NaN,53062,31839,53061,178,NaN,NaN,8553888,6692080,53048,221184,248320,14,34861
2026-04-30 14:16:36.507,44174,ESTAB,prague,232,30.571,10.825,20.029,1448,18,26064,15928,76044658,76044658,73362,NaN,53087,31859,53086,178,NaN,NaN,7065360,2468984,53087,221184,248320,NaN,NaN
2026-04-30 14:16:36.765,44174,ESTAB,prague,232,30.571,10.825,20.029,1448,18,26064,15928,76044658,76044658,73362,NaN,53087,31859,53086,178,NaN,NaN,7065360,2468984,53087,221184,248320,NaN,NaN
2026-04-30 14:16:37.014,44174,ESTAB,prague,232,30.571,10.825,20.029,1448,18,26064,15928,76044658,76044658,73362,NaN,53087,31859,53086,178,NaN,NaN,7065360,2468984,53087,221184,248320,NaN,NaN
2026-04-30 14:16:37.259,44174,ESTAB,prague,232,30.571,10.825,20.029,1448,18,26064,15928,76044658,76044658,73362,NaN,53087,31859,53086,178,NaN,NaN,7065360,2468984,53087,221184,248320,NaN,NaN
2026-04-30 14:16:37.515,44174,ESTAB,prague,228,25.336,0.08,20.029,1448,18,26064,15928,76153805,76133701,74186,NaN,53164,31894,53163,180,NaN,NaN,8525376,6704256,53150,221184,253952,14,347512
2026-04-30 14:16:37.769,44174,ESTAB,prague,228,25.247,0.105,20.029,1448,18,26064,15928,76363461,76343357,74186,NaN,53310,31967,53309,180,NaN,NaN,8555328,6247624,53296,221184,253952,14,390567
2026-04-30 14:16:38.030,44174,ESTAB,prague,228,25.341,0.02,20.029,1448,18,26064,15928,76581733,76561629,74186,NaN,53462,32043,53461,180,NaN,NaN,8523360,6688496,53448,221184,253952,14,240459
2026-04-30 14:16:38.283,44174,ESTAB,prague,228,25.1,0.218,20.029,1448,18,26064,15928,76792825,76774157,74186,NaN,53609,32117,53608,180,NaN,NaN,8605296,6697608,53596,221184,253952,13,29367
2026-04-30 14:16:38.523,44174,ESTAB,prague,228,25.281,0.065,20.029,1448,18,26064,15928,76822192,76822192,74186,NaN,53630,32134,53629,180,NaN,NaN,8543664,6682152,53630,221184,253952,NaN,NaN
2026-04-30 14:16:38.774,44174,ESTAB,prague,228,25.281,0.065,20.029,1448,18,26064,15928,76822192,76822192,74186,NaN,53630,32134,53629,180,NaN,NaN,8543664,6682152,53630,221184,253952,NaN,NaN
2026-04-30 14:16:39.032,44174,ESTAB,prague,228,25.281,0.065,20.029,1448,18,26064,15928,76822192,76822192,74186,NaN,53630,32134,53629,180,NaN,NaN,8543664,6682152,53630,221184,253952,NaN,NaN
2026-04-30 14:16:39.295,44174,ESTAB,prague,228,25.281,0.065,20.029,1448,18,26064,15928,76822192,76822192,74186,NaN,53630,32134,53629,180,NaN,NaN,8543664,6682152,53630,221184,253952,NaN,NaN
2026-04-30 14:16:39.558,44174,ESTAB,prague,228,25.283,0.122,20.029,1448,18,26064,15928,76944263,76922723,75010,NaN,53716,32171,53715,182,NaN,NaN,8543088,6702872,53701,221184,259584,15,334588
2026-04-30 14:16:39.815,44174,ESTAB,prague,228,25.192,0.069,20.029,1448,18,26064,15928,77153919,77135251,75010,NaN,53862,32245,53861,182,NaN,NaN,8573760,6654464,53849,221184,259584,13,383412
2026-04-30 14:16:40.078,44174,ESTAB,prague,228,25.358,0.055,20.029,1448,18,26064,15928,77373627,77353523,75010,NaN,54015,32321,54014,182,NaN,NaN,8517600,6708416,54001,221184,259584,14,236261
2026-04-30 14:16:40.318,44174,ESTAB,prague,228,25.358,0.034,20.029,1448,18,26064,15928,77577539,77557435,75010,NaN,54157,32392,54156,182,NaN,NaN,8517744,6244256,54143,221184,259584,14,32349
2026-04-30 14:16:40.550,44174,ESTAB,prague,232,30.441,10.315,20.029,1448,18,26064,15928,77610944,77610944,75416,NaN,54181,32412,54180,183,NaN,NaN,7095600,5635520,54181,221184,262656,NaN,NaN
2026-04-30 14:16:40.804,44174,ESTAB,prague,232,30.441,10.315,20.029,1448,18,26064,15928,77610944,77610944,75416,NaN,54181,32412,54180,183,NaN,NaN,7095600,5635520,54181,221184,262656,NaN,NaN
2026-04-30 14:16:41.046,44174,ESTAB,prague,232,30.441,10.315,20.029,1448,18,26064,15928,77610944,77610944,75416,NaN,54181,32412,54180,183,NaN,NaN,7095600,5635520,54181,221184,262656,NaN,NaN
2026-04-30 14:16:41.290,44174,ESTAB,prague,232,30.441,10.315,20.029,1448,18,26064,15928,77610944,77610944,75416,NaN,54181,32412,54180,183,NaN,NaN,7095600,5635520,54181,221184,262656,NaN,NaN
2026-04-30 14:16:41.546,44174,ESTAB,prague,228,25.231,0.26,20.029,1448,18,26064,15928,77698551,77677011,76240,NaN,54243,32439,54242,185,NaN,NaN,8560656,6694288,54228,221184,268288,15,369052
2026-04-30 14:16:41.792,44174,ESTAB,prague,228,25.333,0.081,20.029,1448,18,26064,15928,77905335,77883795,76240,NaN,54387,32511,54386,185,NaN,NaN,8526240,6664856,54372,221184,268288,15,356128
2026-04-30 14:16:42.036,44174,ESTAB,prague,228,25.303,0.137,20.029,1448,18,26064,15928,78104939,78084835,76240,NaN,54526,32581,54525,185,NaN,NaN,8536464,6694848,54512,221184,268288,14,350384
2026-04-30 14:16:42.289,44174,ESTAB,prague,228,25.151,0.118,20.029,1448,18,26064,15928,78313159,78291619,76240,NaN,54671,32653,54670,185,NaN,NaN,8588016,6680776,54656,221184,268288,15,336024
2026-04-30 14:16:42.550,44174,ESTAB,prague,228,25.333,0.023,20.029,1448,18,26064,15928,78531431,78509891,76240,NaN,54823,32729,54822,185,NaN,NaN,8526096,6695672,54808,221184,268288,15,246228
2026-04-30 14:16:42.797,44174,ESTAB,prague,228,25.289,0.115,20.029,1448,18,26064,15928,78741087,78719547,76240,NaN,54969,32802,54968,185,NaN,NaN,8541072,6247624,54954,221184,268288,15,36572
2026-04-30 14:16:43.026,44174,ESTAB,prague,232,29.938,9.786,20.029,1448,18,26064,15928,78777659,78777659,76240,NaN,54995,32823,54994,185,NaN,NaN,7214688,2632368,54995,221184,268288,NaN,NaN
2026-04-30 14:16:43.273,44174,ESTAB,prague,232,29.938,9.786,20.029,1448,18,26064,15928,78777659,78777659,76240,NaN,54995,32823,54994,185,NaN,NaN,7214688,2632368,54995,221184,268288,NaN,NaN
2026-04-30 14:16:43.521,44174,ESTAB,prague,228,24.705,5.304,20.029,1448,18,26064,15928,78813570,78792030,77064,NaN,55021,32832,55020,187,NaN,NaN,8742816,3034640,55006,221184,274432,15,420748
2026-04-30 14:16:43.761,44174,ESTAB,prague,228,25.324,0.022,20.029,1448,18,26064,15928,79008866,78990198,77064,NaN,55157,32901,55156,187,NaN,NaN,8529264,6681608,55144,221184,274432,13,419312
2026-04-30 14:16:44.004,44174,ESTAB,prague,228,24.962,0.143,20.029,1448,18,26064,15928,79214214,79194110,77064,NaN,55300,32972,55299,187,NaN,NaN,8653104,6677200,55286,221184,274432,14,407824
2026-04-30 14:16:44.233,44174,ESTAB,prague,228,25.306,0.077,20.029,1448,18,26064,15928,79403766,79383662,77064,NaN,55432,33038,55431,187,NaN,NaN,8535168,6667048,55418,221184,274432,14,412132
2026-04-30 14:16:44.467,44174,ESTAB,prague,228,25.352,0.048,20.029,1448,18,26064,15928,79597626,79578958,77064,NaN,55567,33106,55566,187,NaN,NaN,8519760,6692360,55554,221184,274432,13,399491
2026-04-30 14:16:44.693,44174,ESTAB,prague,228,25.325,0.043,20.029,1448,18,26064,15928,79785742,79765638,77064,NaN,55698,33171,55697,187,NaN,NaN,8528976,6669512,55684,221184,274432,14,211375
2026-04-30 14:16:44.918,44174,ESTAB,prague,228,25.325,0.041,20.029,1448,18,26064,15928,79972422,79952318,77064,NaN,55828,33236,55827,187,NaN,NaN,8528976,6685464,55814,221184,274432,14,24695
2026-04-30 14:16:45.151,44174,ESTAB,prague,228,25.313,0.024,20.029,1448,18,26064,15928,79997117,79997117,77064,NaN,55846,33252,55845,187,NaN,NaN,8533008,6694016,55846,221184,274432,NaN,NaN
2026-04-30 14:16:45.384,44174,ESTAB,prague,228,25.313,0.024,20.029,1448,18,26064,15928,79997117,79997117,77064,NaN,55846,33252,55845,187,NaN,NaN,8533008,6694016,55846,221184,274432,NaN,NaN
2026-04-30 14:16:45.618,44174,ESTAB,prague,228,25.228,0.163,20.029,1448,18,26064,15928,80097648,80077544,77888,NaN,55917,33282,55916,189,NaN,NaN,8561664,6687664,55903,221184,280064,14,356128
2026-04-30 14:16:45.852,44174,ESTAB,prague,228,25.252,0.053,20.029,1448,18,26064,15928,80292944,80272840,77888,NaN,56053,33350,56052,189,NaN,NaN,8553600,6703696,56039,221184,280064,14,354692
2026-04-30 14:16:46.091,44174,ESTAB,prague,228,25.361,0.048,20.029,1448,18,26064,15928,80489676,80468136,77888,NaN,56190,33418,56189,189,NaN,NaN,8516880,6715360,56175,221184,280064,15,351820
2026-04-30 14:16:46.316,44174,ESTAB,prague,228,25.344,0.056,20.029,1448,18,26064,15928,80679228,80660560,77888,NaN,56322,33485,56321,189,NaN,NaN,8522352,6711464,56309,221184,280064,13,266210
2026-04-30 14:16:46.538,44174,ESTAB,prague,228,25.317,0.038,20.029,1448,18,26064,15928,80863036,80841496,77888,NaN,56450,33548,56449,189,NaN,NaN,8531712,6683256,56435,221184,280064,15,82402
2026-04-30 14:16:46.769,44174,ESTAB,prague,232,30.721,10.801,20.029,1448,18,26064,15928,80945438,80945438,77888,NaN,56508,33585,56507,189,NaN,NaN,7030800,2455936,56508,221184,280064,NaN,NaN
2026-04-30 14:16:47.002,44174,ESTAB,prague,232,30.721,10.801,20.029,1448,18,26064,15928,80945438,80945438,77888,NaN,56508,33585,56507,189,NaN,NaN,7030800,2455936,56508,221184,280064,NaN,NaN
2026-04-30 14:16:47.229,44174,ESTAB,prague,232,30.721,10.801,20.029,1448,18,26064,15928,80945438,80945438,77888,NaN,56508,33585,56507,189,NaN,NaN,7030800,2455936,56508,221184,280064,NaN,NaN
2026-04-30 14:16:47.455,44174,ESTAB,prague,232,30.721,10.801,20.029,1448,18,26064,15928,80945438,80945438,77888,NaN,56508,33585,56507,189,NaN,NaN,7030800,2455936,56508,221184,280064,NaN,NaN
2026-04-30 14:16:47.685,44174,ESTAB,prague,228,25.305,0.05,20.029,1448,18,26064,15928,81077561,81057457,78712,NaN,56601,33628,56600,191,NaN,NaN,8535744,6695400,56587,221184,285696,14,324536
2026-04-30 14:16:47.913,44174,ESTAB,prague,228,25.346,0.037,20.029,1448,18,26064,15928,81268549,81247009,78712,NaN,56734,33694,56733,191,NaN,NaN,8521920,6669240,56719,221184,285696,15,327408
2026-04-30 14:16:48.138,44174,ESTAB,prague,228,25.285,0.042,20.029,1448,18,26064,15928,81453793,81433689,78712,NaN,56863,33759,56862,191,NaN,NaN,8542224,6694016,56849,221184,285696,14,336024
2026-04-30 14:16:48.373,44174,ESTAB,prague,228,25.261,0.071,20.029,1448,18,26064,15928,81649089,81628985,78712,NaN,56999,33827,56998,191,NaN,NaN,8550576,6683528,56985,221184,285696,14,334588
2026-04-30 14:16:48.606,44174,ESTAB,prague,228,25.238,0.126,20.029,1448,18,26064,15928,81841513,81821409,78712,NaN,57133,33894,57132,191,NaN,NaN,8558208,6693736,57119,221184,285696,14,336024
2026-04-30 14:16:48.839,44174,ESTAB,prague,228,25.228,0.1,20.029,1448,18,26064,15928,82035373,82013833,78712,NaN,57268,33961,57267,191,NaN,NaN,8561664,6679680,57253,221184,285696,15,148781
2026-04-30 14:16:49.071,44174,ESTAB,prague,228,25.357,0.029,20.029,1448,18,26064,15928,82184154,82183281,78712,NaN,57372,34020,57371,191,NaN,NaN,8518176,6695672,57371,221184,285696,1,NaN
2026-04-30 14:16:49.300,44174,ESTAB,prague,232,30.356,10.02,20.029,1448,18,26064,15928,82184154,82184154,78712,NaN,57372,34021,57371,191,NaN,NaN,7115328,2567824,57372,221184,285696,NaN,NaN
2026-04-30 14:16:49.530,44174,ESTAB,prague,232,30.356,10.02,20.029,1448,18,26064,15928,82184154,82184154,78712,NaN,57372,34021,57371,191,NaN,NaN,7115328,2567824,57372,221184,285696,NaN,NaN
2026-04-30 14:16:49.764,44174,ESTAB,prague,228,25.305,0.045,20.029,1448,18,26064,15928,82355049,82333509,79536,NaN,57492,34077,57491,193,NaN,NaN,8535744,6696776,57477,221184,291328,15,285764
2026-04-30 14:16:49.999,44174,ESTAB,prague,228,25.326,0.045,20.029,1448,18,26064,15928,82550345,82531677,79536,NaN,57628,34146,57627,193,NaN,NaN,8528544,6674728,57615,221184,291328,13,284328
2026-04-30 14:16:50.229,44174,ESTAB,prague,228,25.29,0.075,20.029,1448,18,26064,15928,82741333,82721229,79536,NaN,57761,34212,57760,193,NaN,NaN,8540640,6668144,57747,221184,291328,14,287200
2026-04-30 14:16:50.461,44174,ESTAB,prague,228,25.369,0.042,20.029,1448,18,26064,15928,82932321,82910781,79536,NaN,57894,34278,57893,193,NaN,NaN,8514144,6694288,57879,221184,291328,15,290072
2026-04-30 14:16:50.691,44174,ESTAB,prague,228,25.32,0.026,20.029,1448,18,26064,15928,83123309,83103205,79536,NaN,58027,34345,58026,193,NaN,NaN,8530704,6249072,58013,221184,291328,14,256353
2026-04-30 14:16:50.927,44174,ESTAB,prague,228,25.276,0.084,20.029,1448,18,26064,15928,83318605,83298501,79536,NaN,58163,34413,58162,193,NaN,NaN,8545536,6698992,58149,221184,291328,14,61057
2026-04-30 14:16:51.168,44174,ESTAB,prague,232,30.177,10.026,20.029,1448,18,26064,15928,83379662,83379662,79536,NaN,58206,34442,58205,193,NaN,NaN,7157520,2581752,58206,221184,291328,NaN,NaN
2026-04-30 14:16:51.402,44174,ESTAB,prague,232,30.177,10.026,20.029,1448,18,26064,15928,83379662,83379662,79536,NaN,58206,34442,58205,193,NaN,NaN,7157520,2581752,58206,221184,291328,NaN,NaN
2026-04-30 14:16:51.641,44174,ESTAB,prague,228,24.535,2.187,20.029,1448,18,26064,15928,83427061,83405521,80360,NaN,58240,34455,58239,195,NaN,NaN,8803440,4183264,58225,221184,297472,15,409260
2026-04-30 14:16:51.871,44174,ESTAB,prague,228,25.331,0.03,20.029,1448,18,26064,15928,83618049,83597945,80360,NaN,58373,34522,58372,195,NaN,NaN,8526960,6688216,58359,221184,297472,14,412132
2026-04-30 14:16:52.101,44174,ESTAB,prague,228,25.31,0.024,20.029,1448,18,26064,15928,83807601,83787497,80360,NaN,58505,34588,58504,195,NaN,NaN,8533872,6695400,58491,221184,297472,14,416440
2026-04-30 14:16:52.340,44174,ESTAB,prague,228,25.255,0.107,20.029,1448,18,26064,15928,84005769,83985665,80360,NaN,58643,34657,58642,195,NaN,NaN,8552448,6687392,58629,221184,297472,14,412132
2026-04-30 14:16:52.596,44174,ESTAB,prague,228,25.344,0.043,20.029,1448,18,26064,15928,84213989,84192449,80360,NaN,58788,34729,58787,195,NaN,NaN,8522496,6668144,58773,221184,297472,15,282559
2026-04-30 14:16:52.828,44174,ESTAB,prague,228,25.369,0.051,20.029,1448,18,26064,15928,84413593,84393489,80360,NaN,58927,34799,58926,195,NaN,NaN,8514288,6666224,58913,221184,297472,14,82955
2026-04-30 14:16:53.052,44174,ESTAB,prague,228,25.322,0.043,20.029,1448,18,26064,15928,84496548,84496548,80360,NaN,58985,34835,58984,195,NaN,NaN,8529984,6670888,58985,221184,297472,NaN,NaN
