timestamp,dst_port,state,cc_algo,rto_ms,rtt_ms,rtt_var_ms,min_rtt_ms,mss_bytes,cwnd_pkts,cwnd_bytes,ssthresh_bytes,bytes_sent,bytes_acked,bytes_received,bytes_retrans,segs_out,segs_in,data_segs_out,data_segs_in,retrans_outstanding,retrans_total,pacing_rate_bps,delivery_rate_bps,delivered_pkts,snd_wnd_bytes,rcv_wnd_bytes,unacked_pkts,notsent_bytes
2026-03-31 22:55:02.373,43560,ESTAB,cubic,224,20.663,6.109,20.17,1448,10,14480,NaN,2883,2883,408,NaN,3,5,2,1,NaN,NaN,11212240,1147608,3,48640,43520,NaN,NaN
2026-03-31 22:55:02.632,43560,ESTAB,cubic,224,20.663,6.109,20.17,1448,10,14480,NaN,2883,2883,408,NaN,3,5,2,1,NaN,NaN,11212240,1147608,3,48640,43520,NaN,NaN
2026-03-31 22:55:03.336,43566,ESTAB,cubic,224,23.304,5.801,20.085,1448,22,31856,NaN,41352,18184,822,NaN,30,11,29,2,NaN,NaN,21871368,5741752,14,52736,43520,16,115840
2026-03-31 22:55:03.569,43566,ESTAB,cubic,232,28.643,0.101,20.085,1448,25,36200,36200,220934,215112,822,NaN,155,81,154,2,NaN,NaN,12132432,6697240,150,113664,43520,5,NaN
2026-03-31 22:55:03.792,43566,ESTAB,cubic,232,29.094,1.13,20.085,1448,26,37648,36200,382470,360750,1644,NaN,267,134,266,4,NaN,NaN,12422352,6295224,252,113664,43520,15,191136
2026-03-31 22:55:04.053,43566,ESTAB,cubic,232,30.273,0.398,20.085,1448,27,39096,36200,599670,570710,1644,NaN,417,199,416,4,NaN,NaN,12397744,6684840,397,219648,43520,20,225888
2026-03-31 22:55:04.282,43566,ESTAB,cubic,232,28.928,1.052,20.085,1448,27,39096,36200,792254,770534,1644,NaN,550,265,549,4,NaN,NaN,12974112,6301000,535,219648,43520,15,66760
2026-03-31 22:55:04.509,43566,ESTAB,cubic,232,28.8,0.462,20.085,1448,27,39096,36200,859014,859014,1644,NaN,597,296,596,4,NaN,NaN,13031936,6305712,597,220160,43520,NaN,NaN
2026-03-31 22:55:04.736,43566,ESTAB,cubic,232,28.264,0.936,20.085,1448,13,18824,36200,862182,861126,2862,NaN,600,299,599,7,NaN,NaN,6393656,6305712,599,220160,43520,1,NaN
2026-03-31 22:55:04.966,43566,ESTAB,cubic,228,25.483,1.6,20.085,1448,13,18824,36200,872742,871686,6922,NaN,610,309,609,17,NaN,NaN,7091336,6305712,609,220160,43520,1,NaN
2026-03-31 22:55:05.217,43566,ESTAB,cubic,228,25.76,1.256,20.085,1448,13,18824,36200,882246,881190,10576,NaN,619,318,618,26,NaN,NaN,7015080,6305712,618,220160,43520,1,NaN
2026-03-31 22:55:05.465,43566,ESTAB,cubic,228,24.47,1.028,20.085,1448,13,18824,36200,888297,888297,12202,NaN,624,323,623,30,NaN,NaN,7384784,6305712,624,220160,43520,NaN,NaN
2026-03-31 22:55:05.705,43566,ESTAB,cubic,228,24.47,1.028,20.085,1448,13,18824,36200,888297,888297,12202,NaN,624,323,623,30,NaN,NaN,7384784,6305712,624,220160,43520,NaN,NaN
2026-03-31 22:55:05.958,43566,ESTAB,cubic,228,24.47,1.028,20.085,1448,13,18824,36200,888297,888297,12202,NaN,624,323,623,30,NaN,NaN,7384784,6305712,624,220160,43520,NaN,NaN
2026-03-31 22:55:06.193,43566,ESTAB,cubic,228,24.47,1.028,20.085,1448,13,18824,36200,888297,888297,12202,NaN,624,323,623,30,NaN,NaN,7384784,6305712,624,220160,43520,NaN,NaN
2026-03-31 22:55:06.444,43566,ESTAB,cubic,228,24.47,1.028,20.085,1448,13,18824,36200,888297,888297,12202,NaN,624,323,623,30,NaN,NaN,7384784,6305712,624,220160,43520,NaN,NaN
2026-03-31 22:55:06.703,43566,ESTAB,cubic,228,24.47,1.028,20.085,1448,13,18824,36200,888297,888297,12202,NaN,624,323,623,30,NaN,NaN,7384784,6305712,624,220160,43520,NaN,NaN
2026-03-31 22:55:06.951,43566,ESTAB,cubic,228,24.47,1.028,20.085,1448,13,18824,36200,888297,888297,12202,NaN,624,323,623,30,NaN,NaN,7384784,6305712,624,220160,43520,NaN,NaN
2026-03-31 22:55:07.211,43566,ESTAB,cubic,228,24.47,1.028,20.085,1448,13,18824,36200,888297,888297,12202,NaN,624,323,623,30,NaN,NaN,7384784,6305712,624,220160,43520,NaN,NaN
2026-03-31 22:55:07.470,43566,ESTAB,cubic,228,24.157,1.074,20.085,1448,10,14480,36200,891180,891180,12610,NaN,626,325,625,31,NaN,NaN,9590296,6305712,626,220160,43520,NaN,NaN
2026-03-31 22:55:07.723,43566,ESTAB,cubic,228,24.157,1.074,20.085,1448,10,14480,36200,891180,891180,12610,NaN,626,325,625,31,NaN,NaN,9590296,6305712,626,220160,43520,NaN,NaN
2026-03-31 22:55:07.984,43566,ESTAB,cubic,228,24.157,1.074,20.085,1448,10,14480,36200,891180,891180,12610,NaN,626,325,625,31,NaN,NaN,9590296,6305712,626,220160,43520,NaN,NaN
2026-03-31 22:55:08.228,43566,ESTAB,cubic,228,24.157,1.074,20.085,1448,10,14480,36200,891180,891180,12610,NaN,626,325,625,31,NaN,NaN,9590296,6305712,626,220160,43520,NaN,NaN
2026-03-31 22:55:08.471,43566,ESTAB,cubic,228,24.157,1.074,20.085,1448,10,14480,36200,891180,891180,12610,NaN,626,325,625,31,NaN,NaN,9590296,6305712,626,220160,43520,NaN,NaN
2026-03-31 22:55:08.713,43566,ESTAB,cubic,228,24.157,1.074,20.085,1448,10,14480,36200,891180,891180,12610,NaN,626,325,625,31,NaN,NaN,9590296,6305712,626,220160,43520,NaN,NaN
2026-03-31 22:55:08.968,43566,ESTAB,cubic,228,24.157,1.074,20.085,1448,10,14480,36200,891180,891180,12610,NaN,626,325,625,31,NaN,NaN,9590296,6305712,626,220160,43520,NaN,NaN
2026-03-31 22:55:09.203,43566,ESTAB,cubic,228,24.157,1.074,20.085,1448,10,14480,36200,891180,891180,12610,NaN,626,325,625,31,NaN,NaN,9590296,6305712,626,220160,43520,NaN,NaN
2026-03-31 22:55:09.436,43566,ESTAB,cubic,228,24.157,1.074,20.085,1448,10,14480,36200,891180,891180,12610,NaN,626,325,625,31,NaN,NaN,9590296,6305712,626,220160,43520,NaN,NaN
2026-03-31 22:55:09.663,43566,ESTAB,cubic,228,24.157,1.074,20.085,1448,10,14480,36200,891180,891180,12610,NaN,626,325,625,31,NaN,NaN,9590296,6305712,626,220160,43520,NaN,NaN
2026-03-31 22:55:09.897,43566,ESTAB,cubic,228,24.157,1.074,20.085,1448,10,14480,36200,891180,891180,12610,NaN,626,325,625,31,NaN,NaN,9590296,6305712,626,220160,43520,NaN,NaN
2026-03-31 22:55:10.147,43566,ESTAB,cubic,228,24.157,1.074,20.085,1448,10,14480,36200,891180,891180,12610,NaN,626,325,625,31,NaN,NaN,9590296,6305712,626,220160,43520,NaN,NaN
2026-03-31 22:55:10.383,43566,ESTAB,cubic,228,24.157,1.074,20.085,1448,10,14480,36200,891180,891180,12610,NaN,626,325,625,31,NaN,NaN,9590296,6305712,626,220160,43520,NaN,NaN
2026-03-31 22:55:10.625,43566,ESTAB,cubic,228,24.157,1.074,20.085,1448,10,14480,36200,891180,891180,12610,NaN,626,325,625,31,NaN,NaN,9590296,6305712,626,220160,43520,NaN,NaN
2026-03-31 22:55:10.855,43566,ESTAB,cubic,228,24.157,1.074,20.085,1448,10,14480,36200,891180,891180,12610,NaN,626,325,625,31,NaN,NaN,9590296,6305712,626,220160,43520,NaN,NaN
2026-03-31 22:55:11.085,43566,ESTAB,cubic,228,24.157,1.074,20.085,1448,10,14480,36200,891180,891180,12610,NaN,626,325,625,31,NaN,NaN,9590296,6305712,626,220160,43520,NaN,NaN
2026-03-31 22:55:11.319,43566,ESTAB,cubic,228,24.157,1.074,20.085,1448,10,14480,36200,891180,891180,12610,NaN,626,325,625,31,NaN,NaN,9590296,6305712,626,220160,43520,NaN,NaN
2026-03-31 22:55:11.553,43566,ESTAB,cubic,228,24.157,1.074,20.085,1448,10,14480,36200,891180,891180,12610,NaN,626,325,625,31,NaN,NaN,9590296,6305712,626,220160,43520,NaN,NaN
2026-03-31 22:55:11.790,43566,ESTAB,cubic,228,24.157,1.074,20.085,1448,10,14480,36200,891180,891180,12610,NaN,626,325,625,31,NaN,NaN,9590296,6305712,626,220160,43520,NaN,NaN
2026-03-31 22:55:12.025,43566,ESTAB,cubic,228,24.157,1.074,20.085,1448,10,14480,36200,891180,891180,12610,NaN,626,325,625,31,NaN,NaN,9590296,6305712,626,220160,43520,NaN,NaN
2026-03-31 22:55:12.258,43566,ESTAB,cubic,228,24.157,1.074,20.085,1448,10,14480,36200,891180,891180,12610,NaN,626,325,625,31,NaN,NaN,9590296,6305712,626,220160,43520,NaN,NaN
2026-03-31 22:55:12.493,43566,ESTAB,cubic,228,24.157,1.074,20.085,1448,10,14480,36200,891180,891180,12610,NaN,626,325,625,31,NaN,NaN,9590296,6305712,626,220160,43520,NaN,NaN
2026-03-31 22:55:12.726,43566,ESTAB,cubic,228,24.157,1.074,20.085,1448,10,14480,36200,891180,891180,12610,NaN,626,325,625,31,NaN,NaN,9590296,6305712,626,220160,43520,NaN,NaN
2026-03-31 22:55:12.965,43566,ESTAB,cubic,228,24.157,1.074,20.085,1448,10,14480,36200,891180,891180,12610,NaN,626,325,625,31,NaN,NaN,9590296,6305712,626,220160,43520,NaN,NaN
2026-03-31 22:55:13.195,43566,ESTAB,cubic,228,24.157,1.074,20.085,1448,10,14480,36200,891180,891180,12610,NaN,626,325,625,31,NaN,NaN,9590296,6305712,626,220160,43520,NaN,NaN
2026-03-31 22:55:13.429,43566,ESTAB,cubic,228,24.157,1.074,20.085,1448,10,14480,36200,891180,891180,12610,NaN,626,325,625,31,NaN,NaN,9590296,6305712,626,220160,43520,NaN,NaN
2026-03-31 22:55:13.663,43566,ESTAB,cubic,228,24.157,1.074,20.085,1448,10,14480,36200,891180,891180,12610,NaN,626,325,625,31,NaN,NaN,9590296,6305712,626,220160,43520,NaN,NaN
2026-03-31 22:55:13.891,43566,ESTAB,cubic,228,24.157,1.074,20.085,1448,10,14480,36200,891180,891180,12610,NaN,626,325,625,31,NaN,NaN,9590296,6305712,626,220160,43520,NaN,NaN
2026-03-31 22:55:14.128,43566,ESTAB,cubic,228,24.157,1.074,20.085,1448,10,14480,36200,891180,891180,12610,NaN,626,325,625,31,NaN,NaN,9590296,6305712,626,220160,43520,NaN,NaN
2026-03-31 22:55:14.372,43566,ESTAB,cubic,228,24.157,1.074,20.085,1448,10,14480,36200,891180,891180,12610,NaN,626,325,625,31,NaN,NaN,9590296,6305712,626,220160,43520,NaN,NaN
2026-03-31 22:55:14.605,43566,ESTAB,cubic,228,24.157,1.074,20.085,1448,10,14480,36200,891180,891180,12610,NaN,626,325,625,31,NaN,NaN,9590296,6305712,626,220160,43520,NaN,NaN
2026-03-31 22:55:14.854,43566,ESTAB,cubic,228,24.157,1.074,20.085,1448,10,14480,36200,891180,891180,12610,NaN,626,325,625,31,NaN,NaN,9590296,6305712,626,220160,43520,NaN,NaN
2026-03-31 22:55:15.090,43566,ESTAB,cubic,228,24.157,1.074,20.085,1448,10,14480,36200,891180,891180,12610,NaN,626,325,625,31,NaN,NaN,9590296,6305712,626,220160,43520,NaN,NaN
2026-03-31 22:55:15.323,43566,ESTAB,cubic,228,24.157,1.074,20.085,1448,10,14480,36200,891180,891180,12610,NaN,626,325,625,31,NaN,NaN,9590296,6305712,626,220160,43520,NaN,NaN
2026-03-31 22:55:15.550,43566,ESTAB,cubic,228,24.157,1.074,20.085,1448,10,14480,36200,891180,891180,12610,NaN,626,325,625,31,NaN,NaN,9590296,6305712,626,220160,43520,NaN,NaN
2026-03-31 22:55:15.787,43566,ESTAB,cubic,228,24.157,1.074,20.085,1448,10,14480,36200,891180,891180,12610,NaN,626,325,625,31,NaN,NaN,9590296,6305712,626,220160,43520,NaN,NaN
2026-03-31 22:55:16.024,43566,ESTAB,cubic,228,24.157,1.074,20.085,1448,10,14480,36200,891180,891180,12610,NaN,626,325,625,31,NaN,NaN,9590296,6305712,626,220160,43520,NaN,NaN
2026-03-31 22:55:16.261,43566,ESTAB,cubic,228,24.157,1.074,20.085,1448,10,14480,36200,891180,891180,12610,NaN,626,325,625,31,NaN,NaN,9590296,6305712,626,220160,43520,NaN,NaN
2026-03-31 22:55:16.516,43566,ESTAB,cubic,228,24.157,1.074,20.085,1448,10,14480,36200,891180,891180,12610,NaN,626,325,625,31,NaN,NaN,9590296,6305712,626,220160,43520,NaN,NaN
2026-03-31 22:55:16.751,43566,ESTAB,cubic,228,24.157,1.074,20.085,1448,10,14480,36200,891180,891180,12610,NaN,626,325,625,31,NaN,NaN,9590296,6305712,626,220160,43520,NaN,NaN
2026-03-31 22:55:16.987,43566,ESTAB,cubic,228,24.157,1.074,20.085,1448,10,14480,36200,891180,891180,12610,NaN,626,325,625,31,NaN,NaN,9590296,6305712,626,220160,43520,NaN,NaN
2026-03-31 22:55:17.218,43566,ESTAB,cubic,228,24.157,1.074,20.085,1448,10,14480,36200,891180,891180,12610,NaN,626,325,625,31,NaN,NaN,9590296,6305712,626,220160,43520,NaN,NaN
2026-03-31 22:55:17.442,43566,ESTAB,cubic,228,24.157,1.074,20.085,1448,10,14480,36200,891180,891180,12610,NaN,626,325,625,31,NaN,NaN,9590296,6305712,626,220160,43520,NaN,NaN
2026-03-31 22:55:17.671,43566,ESTAB,cubic,228,24.157,1.074,20.085,1448,10,14480,36200,891180,891180,12610,NaN,626,325,625,31,NaN,NaN,9590296,6305712,626,220160,43520,NaN,NaN
2026-03-31 22:55:17.901,43566,ESTAB,cubic,228,24.157,1.074,20.085,1448,10,14480,36200,891180,891180,12610,NaN,626,325,625,31,NaN,NaN,9590296,6305712,626,220160,43520,NaN,NaN
2026-03-31 22:55:18.142,43566,ESTAB,cubic,228,24.157,1.074,20.085,1448,10,14480,36200,891180,891180,12610,NaN,626,325,625,31,NaN,NaN,9590296,6305712,626,220160,43520,NaN,NaN
2026-03-31 22:55:18.391,43566,ESTAB,cubic,228,24.157,1.074,20.085,1448,10,14480,36200,891180,891180,12610,NaN,626,325,625,31,NaN,NaN,9590296,6305712,626,220160,43520,NaN,NaN
2026-03-31 22:55:18.629,43566,ESTAB,cubic,228,24.157,1.074,20.085,1448,10,14480,36200,891180,891180,12610,NaN,626,325,625,31,NaN,NaN,9590296,6305712,626,220160,43520,NaN,NaN
2026-03-31 22:55:18.870,43566,ESTAB,cubic,228,24.157,1.074,20.085,1448,10,14480,36200,891180,891180,12610,NaN,626,325,625,31,NaN,NaN,9590296,6305712,626,220160,43520,NaN,NaN
2026-03-31 22:55:19.112,43566,ESTAB,cubic,228,24.157,1.074,20.085,1448,10,14480,36200,891180,891180,12610,NaN,626,325,625,31,NaN,NaN,9590296,6305712,626,220160,43520,NaN,NaN
2026-03-31 22:55:19.359,43566,ESTAB,cubic,228,24.157,1.074,20.085,1448,10,14480,36200,891180,891180,12610,NaN,626,325,625,31,NaN,NaN,9590296,6305712,626,220160,43520,NaN,NaN
2026-03-31 22:55:19.598,43566,ESTAB,cubic,228,24.157,1.074,20.085,1448,10,14480,36200,891180,891180,12610,NaN,626,325,625,31,NaN,NaN,9590296,6305712,626,220160,43520,NaN,NaN
2026-03-31 22:55:19.827,43566,ESTAB,cubic,228,24.157,1.074,20.085,1448,10,14480,36200,891180,891180,12610,NaN,626,325,625,31,NaN,NaN,9590296,6305712,626,220160,43520,NaN,NaN
2026-03-31 22:55:20.083,43566,ESTAB,cubic,228,24.157,1.074,20.085,1448,10,14480,36200,891180,891180,12610,NaN,626,325,625,31,NaN,NaN,9590296,6305712,626,220160,43520,NaN,NaN
2026-03-31 22:55:20.320,43566,ESTAB,cubic,228,24.157,1.074,20.085,1448,10,14480,36200,891180,891180,12610,NaN,626,325,625,31,NaN,NaN,9590296,6305712,626,220160,43520,NaN,NaN
2026-03-31 22:55:20.561,43566,ESTAB,cubic,228,24.157,1.074,20.085,1448,10,14480,36200,891180,891180,12610,NaN,626,325,625,31,NaN,NaN,9590296,6305712,626,220160,43520,NaN,NaN
2026-03-31 22:55:20.791,43566,ESTAB,cubic,228,24.157,1.074,20.085,1448,10,14480,36200,891180,891180,12610,NaN,626,325,625,31,NaN,NaN,9590296,6305712,626,220160,43520,NaN,NaN
2026-03-31 22:55:21.028,43566,ESTAB,cubic,228,24.157,1.074,20.085,1448,10,14480,36200,891180,891180,12610,NaN,626,325,625,31,NaN,NaN,9590296,6305712,626,220160,43520,NaN,NaN
2026-03-31 22:55:21.263,43566,ESTAB,cubic,228,24.157,1.074,20.085,1448,10,14480,36200,891180,891180,12610,NaN,626,325,625,31,NaN,NaN,9590296,6305712,626,220160,43520,NaN,NaN
2026-03-31 22:55:21.513,43566,ESTAB,cubic,228,24.157,1.074,20.085,1448,10,14480,36200,891180,891180,12610,NaN,626,325,625,31,NaN,NaN,9590296,6305712,626,220160,43520,NaN,NaN
2026-03-31 22:55:21.756,43566,ESTAB,cubic,228,24.157,1.074,20.085,1448,10,14480,36200,891180,891180,12610,NaN,626,325,625,31,NaN,NaN,9590296,6305712,626,220160,43520,NaN,NaN
2026-03-31 22:55:21.984,43566,ESTAB,cubic,228,24.157,1.074,20.085,1448,10,14480,36200,891180,891180,12610,NaN,626,325,625,31,NaN,NaN,9590296,6305712,626,220160,43520,NaN,NaN
2026-03-31 22:55:22.218,43566,ESTAB,cubic,228,24.157,1.074,20.085,1448,10,14480,36200,891180,891180,12610,NaN,626,325,625,31,NaN,NaN,9590296,6305712,626,220160,43520,NaN,NaN
2026-03-31 22:55:22.444,43566,ESTAB,cubic,228,24.157,1.074,20.085,1448,10,14480,36200,891180,891180,12610,NaN,626,325,625,31,NaN,NaN,9590296,6305712,626,220160,43520,NaN,NaN
2026-03-31 22:55:22.673,43566,ESTAB,cubic,228,24.157,1.074,20.085,1448,10,14480,36200,891180,891180,12610,NaN,627,326,625,31,NaN,NaN,9590296,6305712,626,220160,43520,NaN,NaN
2026-03-31 22:55:22.900,43566,ESTAB,cubic,228,24.157,1.074,20.085,1448,10,14480,36200,891180,891180,12610,NaN,627,326,625,31,NaN,NaN,9590296,6305712,626,220160,43520,NaN,NaN
2026-03-31 22:55:23.126,43566,ESTAB,cubic,228,24.157,1.074,20.085,1448,10,14480,36200,891180,891180,12610,NaN,627,326,625,31,NaN,NaN,9590296,6305712,626,220160,43520,NaN,NaN
2026-03-31 22:55:23.373,43566,ESTAB,cubic,228,24.157,1.074,20.085,1448,10,14480,36200,891180,891180,12610,NaN,627,326,625,31,NaN,NaN,9590296,6305712,626,220160,43520,NaN,NaN
2026-03-31 22:55:23.609,43566,ESTAB,cubic,228,24.157,1.074,20.085,1448,10,14480,36200,891180,891180,12610,NaN,627,326,625,31,NaN,NaN,9590296,6305712,626,220160,43520,NaN,NaN
2026-03-31 22:55:23.834,43566,ESTAB,cubic,228,24.157,1.074,20.085,1448,10,14480,36200,891180,891180,12610,NaN,627,326,625,31,NaN,NaN,9590296,6305712,626,220160,43520,NaN,NaN
2026-03-31 22:55:24.057,43566,ESTAB,cubic,228,24.157,1.074,20.085,1448,10,14480,36200,891180,891180,12610,NaN,627,326,625,31,NaN,NaN,9590296,6305712,626,220160,43520,NaN,NaN
2026-03-31 22:55:24.286,43566,ESTAB,cubic,228,24.157,1.074,20.085,1448,10,14480,36200,891180,891180,12610,NaN,627,326,625,31,NaN,NaN,9590296,6305712,626,220160,43520,NaN,NaN
2026-03-31 22:55:24.518,43566,ESTAB,cubic,228,24.157,1.074,20.085,1448,10,14480,36200,891180,891180,12610,NaN,627,326,625,31,NaN,NaN,9590296,6305712,626,220160,43520,NaN,NaN
2026-03-31 22:55:24.744,43566,ESTAB,cubic,228,24.157,1.074,20.085,1448,10,14480,36200,891180,891180,12610,NaN,627,326,625,31,NaN,NaN,9590296,6305712,626,220160,43520,NaN,NaN
2026-03-31 22:55:24.970,43566,ESTAB,cubic,228,24.157,1.074,20.085,1448,10,14480,36200,891180,891180,12610,NaN,627,326,625,31,NaN,NaN,9590296,6305712,626,220160,43520,NaN,NaN
2026-03-31 22:55:25.192,43566,ESTAB,cubic,228,24.157,1.074,20.085,1448,10,14480,36200,891180,891180,12610,NaN,627,326,625,31,NaN,NaN,9590296,6305712,626,220160,43520,NaN,NaN
2026-03-31 22:55:25.421,43566,ESTAB,cubic,228,24.157,1.074,20.085,1448,10,14480,36200,891180,891180,12610,NaN,627,326,625,31,NaN,NaN,9590296,6305712,626,220160,43520,NaN,NaN
2026-03-31 22:55:25.652,43566,ESTAB,cubic,228,24.157,1.074,20.085,1448,10,14480,36200,891180,891180,12610,NaN,627,326,625,31,NaN,NaN,9590296,6305712,626,220160,43520,NaN,NaN
2026-03-31 22:55:25.875,43566,ESTAB,cubic,228,24.157,1.074,20.085,1448,10,14480,36200,891180,891180,12610,NaN,627,326,625,31,NaN,NaN,9590296,6305712,626,220160,43520,NaN,NaN
2026-03-31 22:55:26.102,43566,ESTAB,cubic,228,24.157,1.074,20.085,1448,10,14480,36200,891180,891180,12610,NaN,627,326,625,31,NaN,NaN,9590296,6305712,626,220160,43520,NaN,NaN
2026-03-31 22:55:26.329,43566,ESTAB,cubic,228,24.157,1.074,20.085,1448,10,14480,36200,891180,891180,12610,NaN,627,326,625,31,NaN,NaN,9590296,6305712,626,220160,43520,NaN,NaN
2026-03-31 22:55:26.556,43566,ESTAB,cubic,228,24.157,1.074,20.085,1448,10,14480,36200,891180,891180,12610,NaN,627,326,625,31,NaN,NaN,9590296,6305712,626,220160,43520,NaN,NaN
2026-03-31 22:55:26.785,43566,ESTAB,cubic,228,24.157,1.074,20.085,1448,10,14480,36200,891180,891180,12610,NaN,627,326,625,31,NaN,NaN,9590296,6305712,626,220160,43520,NaN,NaN
2026-03-31 22:55:27.013,43566,ESTAB,cubic,228,24.157,1.074,20.085,1448,10,14480,36200,891180,891180,12610,NaN,627,326,625,31,NaN,NaN,9590296,6305712,626,220160,43520,NaN,NaN
2026-03-31 22:55:27.241,43566,ESTAB,cubic,228,24.157,1.074,20.085,1448,10,14480,36200,891180,891180,12610,NaN,627,326,625,31,NaN,NaN,9590296,6305712,626,220160,43520,NaN,NaN
2026-03-31 22:55:27.478,43566,ESTAB,cubic,228,24.157,1.074,20.085,1448,10,14480,36200,891180,891180,12610,NaN,627,326,625,31,NaN,NaN,9590296,6305712,626,220160,43520,NaN,NaN
2026-03-31 22:55:27.718,43566,ESTAB,cubic,228,24.157,1.074,20.085,1448,10,14480,36200,891180,891180,12610,NaN,627,326,625,31,NaN,NaN,9590296,6305712,626,220160,43520,NaN,NaN
2026-03-31 22:55:27.945,43566,ESTAB,cubic,228,24.157,1.074,20.085,1448,10,14480,36200,891180,891180,12610,NaN,627,326,625,31,NaN,NaN,9590296,6305712,626,220160,43520,NaN,NaN
2026-03-31 22:55:28.179,43566,ESTAB,cubic,228,24.157,1.074,20.085,1448,10,14480,36200,891180,891180,12610,NaN,627,326,625,31,NaN,NaN,9590296,6305712,626,220160,43520,NaN,NaN
2026-03-31 22:55:28.411,43566,ESTAB,cubic,228,24.157,1.074,20.085,1448,10,14480,36200,891180,891180,12610,NaN,627,326,625,31,NaN,NaN,9590296,6305712,626,220160,43520,NaN,NaN
2026-03-31 22:55:28.644,43566,ESTAB,cubic,228,24.157,1.074,20.085,1448,10,14480,36200,891180,891180,12610,NaN,627,326,625,31,NaN,NaN,9590296,6305712,626,220160,43520,NaN,NaN
2026-03-31 22:55:28.880,43566,ESTAB,cubic,228,24.157,1.074,20.085,1448,10,14480,36200,891180,891180,12610,NaN,627,326,625,31,NaN,NaN,9590296,6305712,626,220160,43520,NaN,NaN
2026-03-31 22:55:29.111,43566,ESTAB,cubic,228,24.157,1.074,20.085,1448,10,14480,36200,891180,891180,12610,NaN,627,326,625,31,NaN,NaN,9590296,6305712,626,220160,43520,NaN,NaN
2026-03-31 22:55:29.339,43566,ESTAB,cubic,228,24.157,1.074,20.085,1448,10,14480,36200,891180,891180,12610,NaN,627,326,625,31,NaN,NaN,9590296,6305712,626,220160,43520,NaN,NaN
2026-03-31 22:55:29.571,43566,ESTAB,cubic,228,24.157,1.074,20.085,1448,10,14480,36200,891180,891180,12610,NaN,627,326,625,31,NaN,NaN,9590296,6305712,626,220160,43520,NaN,NaN
2026-03-31 22:55:29.795,43566,ESTAB,cubic,228,24.157,1.074,20.085,1448,10,14480,36200,891180,891180,12610,NaN,627,326,625,31,NaN,NaN,9590296,6305712,626,220160,43520,NaN,NaN
2026-03-31 22:55:30.022,43566,ESTAB,cubic,228,24.157,1.074,20.085,1448,10,14480,36200,891180,891180,12610,NaN,627,326,625,31,NaN,NaN,9590296,6305712,626,220160,43520,NaN,NaN
2026-03-31 22:55:30.251,43566,ESTAB,cubic,228,24.157,1.074,20.085,1448,10,14480,36200,891180,891180,12610,NaN,627,326,625,31,NaN,NaN,9590296,6305712,626,220160,43520,NaN,NaN
2026-03-31 22:55:30.483,43566,ESTAB,cubic,228,24.157,1.074,20.085,1448,10,14480,36200,891180,891180,12610,NaN,627,326,625,31,NaN,NaN,9590296,6305712,626,220160,43520,NaN,NaN
2026-03-31 22:55:30.710,43566,ESTAB,cubic,228,24.157,1.074,20.085,1448,10,14480,36200,891180,891180,12610,NaN,627,326,625,31,NaN,NaN,9590296,6305712,626,220160,43520,NaN,NaN
2026-03-31 22:55:30.942,43566,ESTAB,cubic,228,24.157,1.074,20.085,1448,10,14480,36200,891180,891180,12610,NaN,627,326,625,31,NaN,NaN,9590296,6305712,626,220160,43520,NaN,NaN
2026-03-31 22:55:31.173,43566,ESTAB,cubic,228,24.157,1.074,20.085,1448,10,14480,36200,891180,891180,12610,NaN,627,326,625,31,NaN,NaN,9590296,6305712,626,220160,43520,NaN,NaN
2026-03-31 22:55:31.419,43566,ESTAB,cubic,228,24.157,1.074,20.085,1448,10,14480,36200,891180,891180,12610,NaN,627,326,625,31,NaN,NaN,9590296,6305712,626,220160,43520,NaN,NaN
2026-03-31 22:55:31.657,43566,ESTAB,cubic,228,24.157,1.074,20.085,1448,10,14480,36200,891180,891180,12610,NaN,627,326,625,31,NaN,NaN,9590296,6305712,626,220160,43520,NaN,NaN
2026-03-31 22:55:31.899,43566,ESTAB,cubic,228,24.157,1.074,20.085,1448,10,14480,36200,891180,891180,12610,NaN,627,326,625,31,NaN,NaN,9590296,6305712,626,220160,43520,NaN,NaN
2026-03-31 22:55:32.130,43566,ESTAB,cubic,228,24.157,1.074,20.085,1448,10,14480,36200,891180,891180,12610,NaN,627,326,625,31,NaN,NaN,9590296,6305712,626,220160,43520,NaN,NaN
2026-03-31 22:55:32.380,43566,ESTAB,cubic,228,24.157,1.074,20.085,1448,10,14480,36200,891180,891180,12610,NaN,627,326,625,31,NaN,NaN,9590296,6305712,626,220160,43520,NaN,NaN
2026-03-31 22:55:32.636,43566,ESTAB,cubic,228,24.157,1.074,20.085,1448,10,14480,36200,891180,891180,12610,NaN,627,326,625,31,NaN,NaN,9590296,6305712,626,220160,43520,NaN,NaN
2026-03-31 22:55:32.870,43566,ESTAB,cubic,228,24.157,1.074,20.085,1448,10,14480,36200,891180,891180,12610,NaN,627,326,625,31,NaN,NaN,9590296,6305712,626,220160,43520,NaN,NaN
2026-03-31 22:55:33.113,43566,ESTAB,cubic,228,24.157,1.074,20.085,1448,10,14480,36200,891180,891180,12610,NaN,627,326,625,31,NaN,NaN,9590296,6305712,626,220160,43520,NaN,NaN
2026-03-31 22:55:33.372,43566,ESTAB,cubic,228,24.157,1.074,20.085,1448,10,14480,36200,891180,891180,12610,NaN,627,326,625,31,NaN,NaN,9590296,6305712,626,220160,43520,NaN,NaN
2026-03-31 22:55:33.604,43566,ESTAB,cubic,228,24.157,1.074,20.085,1448,10,14480,36200,891180,891180,12610,NaN,627,326,625,31,NaN,NaN,9590296,6305712,626,220160,43520,NaN,NaN
2026-03-31 22:55:33.838,43566,ESTAB,cubic,228,24.378,1.247,20.085,1448,10,14480,36200,894063,894063,13018,NaN,629,328,627,32,NaN,NaN,9503552,6305712,628,220160,43520,NaN,NaN
2026-03-31 22:55:34.082,43566,ESTAB,cubic,228,24.378,1.247,20.085,1448,10,14480,36200,894063,894063,13018,NaN,629,328,627,32,NaN,NaN,9503552,6305712,628,220160,43520,NaN,NaN
2026-03-31 22:55:34.328,43566,ESTAB,cubic,228,24.378,1.247,20.085,1448,10,14480,36200,894063,894063,13018,NaN,629,328,627,32,NaN,NaN,9503552,6305712,628,220160,43520,NaN,NaN
2026-03-31 22:55:34.563,43566,ESTAB,cubic,228,24.378,1.247,20.085,1448,10,14480,36200,894063,894063,13018,NaN,629,328,627,32,NaN,NaN,9503552,6305712,628,220160,43520,NaN,NaN
2026-03-31 22:55:34.801,43566,ESTAB,cubic,228,24.378,1.247,20.085,1448,10,14480,36200,894063,894063,13018,NaN,629,328,627,32,NaN,NaN,9503552,6305712,628,220160,43520,NaN,NaN
2026-03-31 22:55:35.039,43566,ESTAB,cubic,228,24.378,1.247,20.085,1448,10,14480,36200,894063,894063,13018,NaN,629,328,627,32,NaN,NaN,9503552,6305712,628,220160,43520,NaN,NaN
2026-03-31 22:55:35.265,43566,ESTAB,cubic,228,24.378,1.247,20.085,1448,10,14480,36200,894063,894063,13018,NaN,629,328,627,32,NaN,NaN,9503552,6305712,628,220160,43520,NaN,NaN
2026-03-31 22:55:35.494,43566,ESTAB,cubic,228,24.378,1.247,20.085,1448,10,14480,36200,894063,894063,13018,NaN,629,328,627,32,NaN,NaN,9503552,6305712,628,220160,43520,NaN,NaN
2026-03-31 22:55:35.746,43566,ESTAB,cubic,228,24.378,1.247,20.085,1448,10,14480,36200,896946,894063,13426,NaN,631,329,629,33,NaN,NaN,9503552,6305712,628,220160,43520,2,NaN
2026-03-31 22:55:36.006,43566,ESTAB,cubic,228,24.549,1.277,20.085,1448,10,14480,36200,896946,896946,13426,NaN,631,330,629,33,NaN,NaN,9437448,6305712,630,220160,43520,NaN,NaN
2026-03-31 22:55:36.249,43566,ESTAB,cubic,228,24.549,1.277,20.085,1448,10,14480,36200,896946,896946,13426,NaN,631,330,629,33,NaN,NaN,9437448,6305712,630,220160,43520,NaN,NaN
2026-03-31 22:55:36.491,43566,ESTAB,cubic,228,24.549,1.277,20.085,1448,10,14480,36200,896946,896946,13426,NaN,631,330,629,33,NaN,NaN,9437448,6305712,630,220160,43520,NaN,NaN
2026-03-31 22:55:36.728,43566,ESTAB,cubic,228,24.549,1.277,20.085,1448,10,14480,36200,896946,896946,13426,NaN,631,330,629,33,NaN,NaN,9437448,6305712,630,220160,43520,NaN,NaN
2026-03-31 22:55:36.991,43566,ESTAB,cubic,228,24.549,1.277,20.085,1448,10,14480,36200,896946,896946,13426,NaN,631,330,629,33,NaN,NaN,9437448,6305712,630,220160,43520,NaN,NaN
2026-03-31 22:55:37.243,43566,ESTAB,cubic,228,24.549,1.277,20.085,1448,10,14480,36200,896946,896946,13426,NaN,631,330,629,33,NaN,NaN,9437448,6305712,630,220160,43520,NaN,NaN
2026-03-31 22:55:37.496,43566,ESTAB,cubic,228,24.549,1.277,20.085,1448,10,14480,36200,896946,896946,13426,NaN,631,330,629,33,NaN,NaN,9437448,6305712,630,220160,43520,NaN,NaN
2026-03-31 22:55:37.721,43566,ESTAB,cubic,228,24.549,1.277,20.085,1448,10,14480,36200,896946,896946,13426,NaN,631,330,629,33,NaN,NaN,9437448,6305712,630,220160,43520,NaN,NaN
2026-03-31 22:55:37.941,43566,ESTAB,cubic,228,24.761,1.382,20.085,1448,10,14480,36200,899829,899829,13834,NaN,633,332,631,34,NaN,NaN,9356504,6305712,632,220160,43520,NaN,NaN
2026-03-31 22:55:38.160,43566,ESTAB,cubic,228,24.761,1.382,20.085,1448,10,14480,36200,899829,899829,13834,NaN,633,332,631,34,NaN,NaN,9356504,6305712,632,220160,43520,NaN,NaN
2026-03-31 22:55:38.380,43566,ESTAB,cubic,228,24.761,1.382,20.085,1448,10,14480,36200,899829,899829,13834,NaN,633,332,631,34,NaN,NaN,9356504,6305712,632,220160,43520,NaN,NaN
2026-03-31 22:55:38.599,43566,ESTAB,cubic,228,24.761,1.382,20.085,1448,10,14480,36200,899829,899829,13834,NaN,633,332,631,34,NaN,NaN,9356504,6305712,632,220160,43520,NaN,NaN
2026-03-31 22:55:38.818,43566,ESTAB,cubic,228,24.761,1.382,20.085,1448,10,14480,36200,899829,899829,13834,NaN,633,332,631,34,NaN,NaN,9356504,6305712,632,220160,43520,NaN,NaN
2026-03-31 22:55:39.037,43566,ESTAB,cubic,228,24.761,1.382,20.085,1448,10,14480,36200,899829,899829,13834,NaN,633,332,631,34,NaN,NaN,9356504,6305712,632,220160,43520,NaN,NaN
2026-03-31 22:55:39.258,43566,ESTAB,cubic,228,24.761,1.382,20.085,1448,10,14480,36200,899829,899829,13834,NaN,633,332,631,34,NaN,NaN,9356504,6305712,632,220160,43520,NaN,NaN
2026-03-31 22:55:39.477,43566,ESTAB,cubic,228,24.761,1.382,20.085,1448,10,14480,36200,899829,899829,13834,NaN,633,332,631,34,NaN,NaN,9356504,6305712,632,220160,43520,NaN,NaN
2026-03-31 22:55:39.697,43566,ESTAB,cubic,228,24.761,1.382,20.085,1448,10,14480,36200,899829,899829,13834,NaN,633,332,631,34,NaN,NaN,9356504,6305712,632,220160,43520,NaN,NaN
2026-03-31 22:55:39.916,43566,ESTAB,cubic,228,24.761,1.382,20.085,1448,10,14480,36200,899829,899829,13834,NaN,633,332,631,34,NaN,NaN,9356504,6305712,632,220160,43520,NaN,NaN
2026-03-31 22:55:40.135,43566,ESTAB,cubic,228,24.761,1.382,20.085,1448,10,14480,36200,899829,899829,13834,NaN,633,332,631,34,NaN,NaN,9356504,6305712,632,220160,43520,NaN,NaN
2026-03-31 22:55:40.354,43566,ESTAB,cubic,228,24.761,1.382,20.085,1448,10,14480,36200,899829,899829,13834,NaN,633,332,631,34,NaN,NaN,9356504,6305712,632,220160,43520,NaN,NaN
2026-03-31 22:55:40.573,43566,ESTAB,cubic,228,24.761,1.382,20.085,1448,10,14480,36200,899829,899829,13834,NaN,633,332,631,34,NaN,NaN,9356504,6305712,632,220160,43520,NaN,NaN
2026-03-31 22:55:40.792,43566,ESTAB,cubic,228,24.761,1.382,20.085,1448,10,14480,36200,899829,899829,13834,NaN,633,332,631,34,NaN,NaN,9356504,6305712,632,220160,43520,NaN,NaN
2026-03-31 22:55:41.013,43566,ESTAB,cubic,228,24.761,1.382,20.085,1448,10,14480,36200,899829,899829,13834,NaN,633,332,631,34,NaN,NaN,9356504,6305712,632,220160,43520,NaN,NaN
2026-03-31 22:55:41.232,43566,ESTAB,cubic,228,24.761,1.382,20.085,1448,10,14480,36200,899829,899829,13834,NaN,633,332,631,34,NaN,NaN,9356504,6305712,632,220160,43520,NaN,NaN
2026-03-31 22:55:41.451,43566,ESTAB,cubic,228,24.761,1.382,20.085,1448,10,14480,36200,899829,899829,13834,NaN,633,332,631,34,NaN,NaN,9356504,6305712,632,220160,43520,NaN,NaN
2026-03-31 22:55:41.670,43566,ESTAB,cubic,228,24.761,1.382,20.085,1448,10,14480,36200,899829,899829,13834,NaN,633,332,631,34,NaN,NaN,9356504,6305712,632,220160,43520,NaN,NaN
2026-03-31 22:55:41.889,43566,ESTAB,cubic,228,25.52,2.353,20.085,1448,14,20272,36200,922736,908256,14658,NaN,649,337,647,36,NaN,NaN,7625752,6305712,638,220160,43520,10,177588
2026-03-31 22:55:42.108,43566,ESTAB,cubic,244,40.538,4.191,20.085,1448,9,13032,13032,987896,974864,14658,NaN,694,365,692,36,NaN,NaN,3086112,2456792,684,219648,43520,9,129607
2026-03-31 22:55:42.328,43566,ESTAB,cubic,236,32.265,3.127,20.085,1448,8,11584,8688,1057400,1045816,14658,NaN,742,397,740,36,NaN,NaN,3446584,2340600,733,220160,43520,8,60103
2026-03-31 22:55:42.548,43566,ESTAB,cubic,232,31.489,2.452,20.085,1448,7,10136,8688,1117503,1115320,14658,NaN,784,426,782,36,NaN,NaN,3090120,2338312,781,220160,43520,2,NaN
2026-03-31 22:55:42.768,43566,ESTAB,cubic,232,31.23,2.357,20.085,1448,7,10136,8688,1117503,1117503,14658,NaN,784,427,782,36,NaN,NaN,3115768,2128232,783,220160,43520,NaN,NaN
2026-03-31 22:55:42.988,43566,ESTAB,cubic,232,31.23,2.357,20.085,1448,7,10136,8688,1117503,1117503,14658,NaN,784,427,782,36,NaN,NaN,3115768,2128232,783,220160,43520,NaN,NaN
2026-03-31 22:55:43.207,43566,ESTAB,cubic,232,31.23,2.357,20.085,1448,7,10136,8688,1117503,1117503,14658,NaN,784,427,782,36,NaN,NaN,3115768,2128232,783,220160,43520,NaN,NaN
2026-03-31 22:55:43.427,43566,ESTAB,cubic,232,31.23,2.357,20.085,1448,7,10136,8688,1117503,1117503,14658,NaN,784,427,782,36,NaN,NaN,3115768,2128232,783,220160,43520,NaN,NaN
2026-03-31 22:55:43.647,43566,ESTAB,cubic,232,31.23,2.357,20.085,1448,7,10136,8688,1117503,1117503,14658,NaN,784,427,782,36,NaN,NaN,3115768,2128232,783,220160,43520,NaN,NaN
2026-03-31 22:55:43.867,43566,ESTAB,cubic,232,31.23,2.357,20.085,1448,7,10136,8688,1120386,1117503,15066,NaN,786,428,784,37,NaN,NaN,3115768,2128232,783,220160,43520,2,NaN
2026-03-31 22:55:44.086,43566,ESTAB,cubic,240,36.428,5.273,20.085,1448,7,10136,8688,1182402,1173714,15482,NaN,829,452,827,38,NaN,NaN,2671176,1512040,822,220160,43520,6,111535
2026-03-31 22:55:44.306,43566,ESTAB,cubic,228,27.152,3.123,20.022,1448,7,10136,5792,1250458,1240322,15482,NaN,876,478,874,38,NaN,NaN,3583648,2304536,868,220160,43520,7,43479
2026-03-31 22:55:44.525,43566,ESTAB,cubic,236,33.888,4.863,20.022,1448,9,13032,5792,1293937,1293937,15482,NaN,907,501,905,38,NaN,NaN,3691728,1802392,906,220160,43520,NaN,NaN
2026-03-31 22:55:44.744,43566,ESTAB,cubic,236,33.888,4.863,20.022,1448,9,13032,5792,1293937,1293937,15482,NaN,907,501,905,38,NaN,NaN,3691728,1802392,906,220160,43520,NaN,NaN
2026-03-31 22:55:44.963,43566,ESTAB,cubic,236,33.888,4.863,20.022,1448,9,13032,5792,1293937,1293937,15482,NaN,907,501,905,38,NaN,NaN,3691728,1802392,906,220160,43520,NaN,NaN
2026-03-31 22:55:45.182,43566,ESTAB,cubic,236,33.888,4.863,20.022,1448,9,13032,5792,1293937,1293937,15482,NaN,907,501,905,38,NaN,NaN,3691728,1802392,906,220160,43520,NaN,NaN
2026-03-31 22:55:45.401,43566,ESTAB,cubic,236,33.888,4.863,20.022,1448,9,13032,5792,1293937,1293937,15482,NaN,907,501,905,38,NaN,NaN,3691728,1802392,906,220160,43520,NaN,NaN
2026-03-31 22:55:45.620,43566,ESTAB,cubic,236,33.888,4.863,20.022,1448,9,13032,5792,1293937,1293937,15482,NaN,907,501,905,38,NaN,NaN,3691728,1802392,906,220160,43520,NaN,NaN
2026-03-31 22:55:45.840,43566,ESTAB,cubic,236,33.888,4.863,20.022,1448,9,13032,5792,1293937,1293937,15482,NaN,907,501,905,38,NaN,NaN,3691728,1802392,906,220160,43520,NaN,NaN
2026-03-31 22:55:46.059,43566,ESTAB,cubic,244,41.986,4.901,20.022,1448,7,10136,10136,1344356,1334220,16306,NaN,942,519,940,40,NaN,NaN,2317544,2231936,934,219648,43520,7,133100
2026-03-31 22:55:46.278,43566,ESTAB,cubic,232,30.643,5.833,20.022,1448,4,5792,4344,1402276,1396484,16306,NaN,982,547,980,40,NaN,NaN,1814512,1916128,977,220160,43520,4,75180
2026-03-31 22:55:46.498,43566,ESTAB,cubic,236,32.467,2.485,20.022,1448,7,10136,4344,1461644,1451508,16306,NaN,1023,569,1021,40,NaN,NaN,2997032,2343240,1015,220160,43520,7,15812
2026-03-31 22:55:46.717,43566,ESTAB,cubic,232,29.744,2.838,20.022,1448,6,8688,7240,1477456,1477456,16306,NaN,1034,581,1032,40,NaN,NaN,2804000,1790688,1033,220160,43520,NaN,NaN
2026-03-31 22:55:46.936,43566,ESTAB,cubic,232,29.744,2.838,20.022,1448,6,8688,7240,1477456,1477456,16306,NaN,1034,581,1032,40,NaN,NaN,2804000,1790688,1033,220160,43520,NaN,NaN
2026-03-31 22:55:47.155,43566,ESTAB,cubic,232,29.744,2.838,20.022,1448,6,8688,7240,1477456,1477456,16306,NaN,1034,581,1032,40,NaN,NaN,2804000,1790688,1033,220160,43520,NaN,NaN
2026-03-31 22:55:47.374,43566,ESTAB,cubic,232,29.744,2.838,20.022,1448,6,8688,7240,1477456,1477456,16306,NaN,1034,581,1032,40,NaN,NaN,2804000,1790688,1033,220160,43520,NaN,NaN
2026-03-31 22:55:47.593,43566,ESTAB,cubic,232,29.744,2.838,20.022,1448,6,8688,7240,1477456,1477456,16306,NaN,1034,581,1032,40,NaN,NaN,2804000,1790688,1033,220160,43520,NaN,NaN
2026-03-31 22:55:47.813,43566,ESTAB,cubic,232,29.744,2.838,20.022,1448,6,8688,7240,1477456,1477456,16306,NaN,1034,581,1032,40,NaN,NaN,2804000,1790688,1033,220160,43520,NaN,NaN
2026-03-31 22:55:48.032,43566,ESTAB,cubic,232,30.254,2.41,20.022,1448,6,8688,7240,1511947,1503259,17130,NaN,1058,593,1056,42,NaN,NaN,2756784,2231336,1051,220160,43520,6,157261
2026-03-31 22:55:48.251,43566,ESTAB,cubic,232,29.075,2.641,20.022,1448,6,8688,5792,1571315,1562627,17130,NaN,1099,616,1097,42,NaN,NaN,2868520,1785032,1092,220160,43520,6,97893
2026-03-31 22:55:48.470,43566,ESTAB,cubic,236,32.14,2.587,20.022,1448,9,13032,5792,1642267,1633579,17130,NaN,1148,647,1146,42,NaN,NaN,3892464,2434120,1141,220160,43520,6,26941
2026-03-31 22:55:48.690,43566,ESTAB,cubic,240,37.497,3.528,20.022,1448,7,10136,10136,1669208,1669208,17130,NaN,1167,663,1165,42,NaN,NaN,2594976,2308528,1166,220160,43520,NaN,NaN
2026-03-31 22:55:48.910,43566,ESTAB,cubic,240,37.497,3.528,20.022,1448,7,10136,10136,1669208,1669208,17130,NaN,1167,663,1165,42,NaN,NaN,2594976,2308528,1166,220160,43520,NaN,NaN
2026-03-31 22:55:49.130,43566,ESTAB,cubic,236,35.483,3.921,20.022,1448,7,10136,10136,1670264,1670264,17536,NaN,1168,665,1166,43,NaN,NaN,2742296,2308528,1167,219648,43520,NaN,NaN
2026-03-31 22:55:49.349,43566,ESTAB,cubic,236,35.483,3.921,20.022,1448,7,10136,10136,1670264,1670264,17536,NaN,1168,665,1166,43,NaN,NaN,2742296,2308528,1167,219648,43520,NaN,NaN
2026-03-31 22:55:49.571,43566,ESTAB,cubic,236,35.483,3.921,20.022,1448,7,10136,10136,1670264,1670264,17536,NaN,1168,665,1166,43,NaN,NaN,2742296,2308528,1167,219648,43520,NaN,NaN
2026-03-31 22:55:49.795,43566,ESTAB,cubic,236,35.483,3.921,20.022,1448,7,10136,10136,1670264,1670264,17536,NaN,1168,665,1166,43,NaN,NaN,2742296,2308528,1167,219648,43520,NaN,NaN
2026-03-31 22:55:50.014,43566,ESTAB,cubic,236,32.546,5.145,20.022,1448,7,10136,10136,1691723,1681587,18360,NaN,1183,672,1181,45,NaN,NaN,2989704,2308528,1175,220160,43520,7,87590
2026-03-31 22:55:50.233,43566,ESTAB,cubic,232,29.096,2.849,20.022,1448,6,8688,7240,1755435,1746747,18360,NaN,1227,699,1225,45,NaN,NaN,2866488,2676520,1220,220160,43520,6,23878
2026-03-31 22:55:50.452,43566,ESTAB,cubic,232,30.854,3.33,20.022,1448,8,11584,7240,1779313,1779313,18360,NaN,1244,712,1242,45,NaN,NaN,3604256,2601808,1243,220160,43520,NaN,NaN
2026-03-31 22:55:50.672,43566,ESTAB,cubic,232,30.854,3.33,20.022,1448,8,11584,7240,1779313,1779313,18360,NaN,1244,712,1242,45,NaN,NaN,3604256,2601808,1243,220160,43520,NaN,NaN
2026-03-31 22:55:50.892,43566,ESTAB,cubic,232,30.854,3.33,20.022,1448,8,11584,7240,1779313,1779313,18360,NaN,1244,712,1242,45,NaN,NaN,3604256,2601808,1243,220160,43520,NaN,NaN
2026-03-31 22:55:51.111,43566,ESTAB,cubic,232,30.854,3.33,20.022,1448,8,11584,7240,1779313,1779313,18360,NaN,1244,712,1242,45,NaN,NaN,3604256,2601808,1243,220160,43520,NaN,NaN
2026-03-31 22:55:51.330,43566,ESTAB,cubic,232,30.854,3.33,20.022,1448,8,11584,7240,1779313,1779313,18360,NaN,1244,712,1242,45,NaN,NaN,3604256,2601808,1243,220160,43520,NaN,NaN
2026-03-31 22:55:51.550,43566,ESTAB,cubic,232,30.854,3.33,20.022,1448,8,11584,7240,1779313,1779313,18360,NaN,1244,712,1242,45,NaN,NaN,3604256,2601808,1243,220160,43520,NaN,NaN
2026-03-31 22:55:51.769,43566,ESTAB,cubic,232,30.854,3.33,20.022,1448,8,11584,7240,1779313,1779313,18360,NaN,1244,712,1242,45,NaN,NaN,3604256,2601808,1243,220160,43520,NaN,NaN
2026-03-31 22:55:51.989,43566,ESTAB,cubic,232,29.675,3.52,20.022,1448,8,11584,8688,1782196,1780761,18768,NaN,1246,714,1244,46,NaN,NaN,3747392,2601808,1244,219648,43520,1,NaN
2026-03-31 22:55:52.208,43566,ESTAB,cubic,244,40.599,5.132,20.022,1448,7,10136,10136,1852900,1842764,19184,NaN,1295,738,1293,47,NaN,NaN,2396704,1830504,1287,219648,43520,7,30584
2026-03-31 22:55:52.428,43566,ESTAB,cubic,232,31.419,3.684,20.022,1448,6,8688,7240,1883484,1883484,19184,NaN,1317,757,1315,47,NaN,NaN,2654560,2183736,1316,220160,43520,NaN,NaN
2026-03-31 22:55:52.647,43566,ESTAB,cubic,232,31.419,3.684,20.022,1448,6,8688,7240,1883484,1883484,19184,NaN,1317,757,1315,47,NaN,NaN,2654560,2183736,1316,220160,43520,NaN,NaN
2026-03-31 22:55:52.867,43566,ESTAB,cubic,232,31.419,3.684,20.022,1448,6,8688,7240,1883484,1883484,19184,NaN,1317,757,1315,47,NaN,NaN,2654560,2183736,1316,220160,43520,NaN,NaN
2026-03-31 22:55:53.086,43566,ESTAB,cubic,232,31.419,3.684,20.022,1448,6,8688,7240,1883484,1883484,19184,NaN,1317,757,1315,47,NaN,NaN,2654560,2183736,1316,220160,43520,NaN,NaN
2026-03-31 22:55:53.306,43566,ESTAB,cubic,232,31.419,3.684,20.022,1448,6,8688,7240,1883484,1883484,19184,NaN,1317,757,1315,47,NaN,NaN,2654560,2183736,1316,220160,43520,NaN,NaN
2026-03-31 22:55:53.525,43566,ESTAB,cubic,232,31.419,3.684,20.022,1448,6,8688,7240,1883484,1883484,19184,NaN,1317,757,1315,47,NaN,NaN,2654560,2183736,1316,220160,43520,NaN,NaN
2026-03-31 22:55:53.744,43566,ESTAB,cubic,232,31.419,3.684,20.022,1448,6,8688,7240,1883484,1883484,19184,NaN,1317,757,1315,47,NaN,NaN,2654560,2183736,1316,220160,43520,NaN,NaN
2026-03-31 22:55:53.981,43566,ESTAB,cubic,232,31.419,3.684,20.022,1448,6,8688,7240,1883484,1883484,19184,NaN,1317,757,1315,47,NaN,NaN,2654560,2183736,1316,220160,43520,NaN,NaN
2026-03-31 22:55:54.244,43566,ESTAB,cubic,236,32.682,3.676,20.022,1448,5,7240,7240,1945487,1938247,20008,NaN,1360,780,1358,49,NaN,NaN,2126632,1601056,1354,219648,43520,5,45730
2026-03-31 22:55:54.509,43566,ESTAB,cubic,232,31.651,2.897,20.022,1448,5,7240,5792,1991217,1991217,20008,NaN,1392,804,1390,49,NaN,NaN,2195904,1520856,1391,219648,43520,NaN,NaN
2026-03-31 22:55:54.760,43566,ESTAB,cubic,232,31.651,2.897,20.022,1448,5,7240,5792,1991217,1991217,20008,NaN,1392,804,1390,49,NaN,NaN,2195904,1520856,1391,219648,43520,NaN,NaN
2026-03-31 22:55:55.013,43566,ESTAB,cubic,232,31.651,2.897,20.022,1448,5,7240,5792,1991217,1991217,20008,NaN,1392,804,1390,49,NaN,NaN,2195904,1520856,1391,219648,43520,NaN,NaN
2026-03-31 22:55:55.274,43566,ESTAB,cubic,232,31.651,2.897,20.022,1448,5,7240,5792,1991217,1991217,20008,NaN,1392,804,1390,49,NaN,NaN,2195904,1520856,1391,219648,43520,NaN,NaN
2026-03-31 22:55:55.522,43566,ESTAB,cubic,232,31.651,2.897,20.022,1448,5,7240,5792,1991217,1991217,20008,NaN,1392,804,1390,49,NaN,NaN,2195904,1520856,1391,219648,43520,NaN,NaN
2026-03-31 22:55:55.766,43566,ESTAB,cubic,232,31.651,2.897,20.022,1448,5,7240,5792,1991217,1991217,20008,NaN,1392,804,1390,49,NaN,NaN,2195904,1520856,1391,219648,43520,NaN,NaN
2026-03-31 22:55:56.021,43566,ESTAB,cubic,232,31.651,2.897,20.022,1448,5,7240,5792,1991217,1991217,20008,NaN,1392,804,1390,49,NaN,NaN,2195904,1520856,1391,219648,43520,NaN,NaN
2026-03-31 22:55:56.287,43566,ESTAB,cubic,236,33.535,5.582,20.022,1448,7,10136,5792,2059012,2048876,20832,NaN,1439,827,1437,51,NaN,NaN,2901576,2230760,1431,220160,43520,7,44671
2026-03-31 22:55:56.549,43566,ESTAB,cubic,232,28.588,2.572,20.022,1448,6,8688,7240,2103683,2103683,20832,NaN,1470,849,1468,51,NaN,NaN,2917448,1765472,1469,220160,43520,NaN,NaN
2026-03-31 22:55:56.812,43566,ESTAB,cubic,232,28.588,2.572,20.022,1448,6,8688,7240,2103683,2103683,20832,NaN,1470,849,1468,51,NaN,NaN,2917448,1765472,1469,220160,43520,NaN,NaN
2026-03-31 22:55:57.066,43566,ESTAB,cubic,232,28.588,2.572,20.022,1448,6,8688,7240,2103683,2103683,20832,NaN,1470,849,1468,51,NaN,NaN,2917448,1765472,1469,220160,43520,NaN,NaN
2026-03-31 22:55:57.311,43566,ESTAB,cubic,232,28.588,2.572,20.022,1448,6,8688,7240,2103683,2103683,20832,NaN,1470,849,1468,51,NaN,NaN,2917448,1765472,1469,220160,43520,NaN,NaN
2026-03-31 22:55:57.575,43566,ESTAB,cubic,232,28.588,2.572,20.022,1448,6,8688,7240,2103683,2103683,20832,NaN,1470,849,1468,51,NaN,NaN,2917448,1765472,1469,220160,43520,NaN,NaN
2026-03-31 22:55:57.832,43566,ESTAB,cubic,232,28.588,2.572,20.022,1448,6,8688,7240,2103683,2103683,20832,NaN,1470,849,1468,51,NaN,NaN,2917448,1765472,1469,220160,43520,NaN,NaN
2026-03-31 22:55:58.096,43566,ESTAB,cubic,232,28.588,2.572,20.022,1448,6,8688,7240,2106566,2103683,21240,NaN,1472,850,1470,52,NaN,NaN,2917448,1765472,1469,220160,43520,2,NaN
2026-03-31 22:55:58.374,43566,ESTAB,cubic,236,33.179,3.486,20.022,1448,6,8688,7240,2183062,2174374,21656,NaN,1525,879,1523,53,NaN,NaN,2513760,2241912,1518,220160,43520,6,33860
2026-03-31 22:55:58.624,43566,ESTAB,cubic,232,28.183,1.267,20.022,1448,8,11584,7240,2216922,2216922,21656,NaN,1549,895,1547,53,NaN,NaN,3945760,2748272,1548,220160,43520,NaN,NaN
2026-03-31 22:55:58.891,43566,ESTAB,cubic,232,28.183,1.267,20.022,1448,8,11584,7240,2216922,2216922,21656,NaN,1549,895,1547,53,NaN,NaN,3945760,2748272,1548,220160,43520,NaN,NaN
2026-03-31 22:55:59.172,43566,ESTAB,cubic,232,28.183,1.267,20.022,1448,8,11584,7240,2216922,2216922,21656,NaN,1549,895,1547,53,NaN,NaN,3945760,2748272,1548,220160,43520,NaN,NaN
2026-03-31 22:55:59.434,43566,ESTAB,cubic,232,28.183,1.267,20.022,1448,8,11584,7240,2216922,2216922,21656,NaN,1549,895,1547,53,NaN,NaN,3945760,2748272,1548,220160,43520,NaN,NaN
2026-03-31 22:55:59.695,43566,ESTAB,cubic,232,28.183,1.267,20.022,1448,8,11584,7240,2216922,2216922,21656,NaN,1549,895,1547,53,NaN,NaN,3945760,2748272,1548,220160,43520,NaN,NaN
2026-03-31 22:55:59.944,43566,ESTAB,cubic,232,28.183,1.267,20.022,1448,8,11584,7240,2216922,2216922,21656,NaN,1549,895,1547,53,NaN,NaN,3945760,2748272,1548,220160,43520,NaN,NaN
2026-03-31 22:56:00.175,43566,ESTAB,cubic,228,26.884,2.195,20.022,1448,8,11584,8688,2236933,2225349,22480,NaN,1563,901,1561,55,NaN,NaN,4136520,2748272,1554,220160,43520,8,90349
2026-03-31 22:56:00.415,43566,ESTAB,cubic,236,35.119,2.193,20.022,1448,7,10136,8688,2299197,2290509,22480,NaN,1606,928,1604,55,NaN,NaN,2770664,2341080,1599,220160,43520,6,28085
2026-03-31 22:56:00.696,43566,ESTAB,cubic,236,33.338,3.833,20.022,1448,8,11584,8688,2327282,2327282,22480,NaN,1626,945,1624,55,NaN,NaN,3335696,2082200,1625,220160,43520,NaN,NaN
2026-03-31 22:56:00.963,43566,ESTAB,cubic,236,33.338,3.833,20.022,1448,8,11584,8688,2327282,2327282,22480,NaN,1626,945,1624,55,NaN,NaN,3335696,2082200,1625,220160,43520,NaN,NaN
2026-03-31 22:56:01.226,43566,ESTAB,cubic,236,33.338,3.833,20.022,1448,8,11584,8688,2327282,2327282,22480,NaN,1626,945,1624,55,NaN,NaN,3335696,2082200,1625,220160,43520,NaN,NaN
2026-03-31 22:56:01.488,43566,ESTAB,cubic,236,33.338,3.833,20.022,1448,8,11584,8688,2327282,2327282,22480,NaN,1626,945,1624,55,NaN,NaN,3335696,2082200,1625,220160,43520,NaN,NaN
2026-03-31 22:56:01.743,43566,ESTAB,cubic,236,33.338,3.833,20.022,1448,8,11584,8688,2327282,2327282,22480,NaN,1626,945,1624,55,NaN,NaN,3335696,2082200,1625,220160,43520,NaN,NaN
2026-03-31 22:56:02.008,43566,ESTAB,cubic,236,33.338,3.833,20.022,1448,8,11584,8688,2327282,2327282,22480,NaN,1626,945,1624,55,NaN,NaN,3335696,2082200,1625,220160,43520,NaN,NaN
2026-03-31 22:56:02.290,43566,ESTAB,cubic,240,39.466,10.404,20.022,1448,10,14480,8688,2369013,2355981,23304,NaN,1655,958,1653,57,NaN,NaN,3522192,2231712,1645,220160,43520,9,2515
2026-03-31 22:56:02.549,43566,ESTAB,cubic,244,42.993,4.748,20.022,1448,7,10136,10136,2371528,2371528,23304,NaN,1657,965,1655,57,NaN,NaN,2263264,2233416,1656,219648,43520,NaN,NaN
2026-03-31 22:56:02.816,43566,ESTAB,cubic,244,42.993,4.748,20.022,1448,7,10136,10136,2371528,2371528,23304,NaN,1657,965,1655,57,NaN,NaN,2263264,2233416,1656,219648,43520,NaN,NaN
2026-03-31 22:56:03.082,43566,ESTAB,cubic,244,42.993,4.748,20.022,1448,7,10136,10136,2371528,2371528,23304,NaN,1657,965,1655,57,NaN,NaN,2263264,2233416,1656,219648,43520,NaN,NaN
2026-03-31 22:56:03.351,43566,ESTAB,cubic,244,42.993,4.748,20.022,1448,7,10136,10136,2371528,2371528,23304,NaN,1657,965,1655,57,NaN,NaN,2263264,2233416,1656,219648,43520,NaN,NaN
2026-03-31 22:56:03.601,43566,ESTAB,cubic,244,42.993,4.748,20.022,1448,7,10136,10136,2371528,2371528,23304,NaN,1657,965,1655,57,NaN,NaN,2263264,2233416,1656,219648,43520,NaN,NaN
2026-03-31 22:56:03.868,43566,ESTAB,cubic,244,42.993,4.748,20.022,1448,7,10136,10136,2371528,2371528,23304,NaN,1657,965,1655,57,NaN,NaN,2263264,2233416,1656,219648,43520,NaN,NaN
2026-03-31 22:56:04.119,43566,ESTAB,cubic,244,42.993,4.748,20.022,1448,7,10136,10136,2371528,2371528,23304,NaN,1657,965,1655,57,NaN,NaN,2263264,2233416,1656,219648,43520,NaN,NaN
2026-03-31 22:56:04.378,43566,ESTAB,cubic,240,39.972,2.256,20.022,1448,5,7240,7240,2424843,2417603,24128,NaN,1694,986,1692,59,NaN,NaN,1738784,2231016,1688,220160,43520,5,2919
2026-03-31 22:56:04.640,43566,ESTAB,cubic,236,34.033,3.31,20.022,1448,6,8688,7240,2427762,2427762,24128,NaN,1697,991,1695,59,NaN,NaN,2450680,2221280,1696,220160,43520,NaN,NaN
2026-03-31 22:56:04.903,43566,ESTAB,cubic,236,34.033,3.31,20.022,1448,6,8688,7240,2427762,2427762,24128,NaN,1697,991,1695,59,NaN,NaN,2450680,2221280,1696,220160,43520,NaN,NaN
2026-03-31 22:56:05.160,43566,ESTAB,cubic,236,34.033,3.31,20.022,1448,6,8688,7240,2427762,2427762,24128,NaN,1697,991,1695,59,NaN,NaN,2450680,2221280,1696,220160,43520,NaN,NaN
2026-03-31 22:56:05.409,43566,ESTAB,cubic,236,34.033,3.31,20.022,1448,6,8688,7240,2427762,2427762,24128,NaN,1697,991,1695,59,NaN,NaN,2450680,2221280,1696,220160,43520,NaN,NaN
2026-03-31 22:56:05.666,43566,ESTAB,cubic,236,34.033,3.31,20.022,1448,6,8688,7240,2427762,2427762,24128,NaN,1697,991,1695,59,NaN,NaN,2450680,2221280,1696,220160,43520,NaN,NaN
2026-03-31 22:56:05.921,43566,ESTAB,cubic,236,34.033,3.31,20.022,1448,6,8688,7240,2427762,2427762,24128,NaN,1697,991,1695,59,NaN,NaN,2450680,2221280,1696,220160,43520,NaN,NaN
2026-03-31 22:56:06.176,43566,ESTAB,cubic,236,34.033,3.31,20.022,1448,6,8688,7240,2427762,2427762,24128,NaN,1697,991,1695,59,NaN,NaN,2450680,2221280,1696,220160,43520,NaN,NaN
2026-03-31 22:56:06.438,43566,ESTAB,cubic,236,33.349,2.543,20.022,1448,4,5792,5792,2486869,2481077,24952,NaN,1738,1014,1736,61,NaN,NaN,1667312,2228488,1733,220160,43520,4,56720
2026-03-31 22:56:06.689,43566,ESTAB,cubic,232,29.028,3.591,20.022,1448,7,10136,5792,2543589,2543589,24952,NaN,1778,1041,1776,61,NaN,NaN,3352096,2431344,1777,220160,43520,NaN,NaN
2026-03-31 22:56:06.947,43566,ESTAB,cubic,232,29.028,3.591,20.022,1448,7,10136,5792,2543589,2543589,24952,NaN,1778,1041,1776,61,NaN,NaN,3352096,2431344,1777,220160,43520,NaN,NaN
2026-03-31 22:56:07.207,43566,ESTAB,cubic,232,29.028,3.591,20.022,1448,7,10136,5792,2543589,2543589,24952,NaN,1778,1041,1776,61,NaN,NaN,3352096,2431344,1777,220160,43520,NaN,NaN
2026-03-31 22:56:07.463,43566,ESTAB,cubic,232,29.028,3.591,20.022,1448,7,10136,5792,2543589,2543589,24952,NaN,1778,1041,1776,61,NaN,NaN,3352096,2431344,1777,220160,43520,NaN,NaN
2026-03-31 22:56:07.719,43566,ESTAB,cubic,232,29.028,3.591,20.022,1448,7,10136,5792,2543589,2543589,24952,NaN,1778,1041,1776,61,NaN,NaN,3352096,2431344,1777,220160,43520,NaN,NaN
2026-03-31 22:56:07.993,43566,ESTAB,cubic,232,29.028,3.591,20.022,1448,7,10136,5792,2543589,2543589,24952,NaN,1778,1041,1776,61,NaN,NaN,3352096,2431344,1777,220160,43520,NaN,NaN
2026-03-31 22:56:08.248,43566,ESTAB,cubic,232,29.028,3.591,20.022,1448,7,10136,5792,2546472,2543589,25360,NaN,1780,1042,1778,62,NaN,NaN,3352096,2431344,1777,220160,43520,2,NaN
2026-03-31 22:56:08.504,43566,ESTAB,cubic,240,37.788,5.659,20.022,1448,7,10136,8688,2617176,2608488,25776,NaN,1829,1069,1827,63,NaN,NaN,2575032,1507088,1822,220160,43520,6,36830
2026-03-31 22:56:08.765,43566,ESTAB,cubic,236,33.761,0.788,20.022,1448,5,7240,7240,2654006,2654006,25776,NaN,1855,1090,1853,63,NaN,NaN,2058680,2295792,1854,220160,43520,NaN,NaN
2026-03-31 22:56:09.021,43566,ESTAB,cubic,236,33.761,0.788,20.022,1448,5,7240,7240,2654006,2654006,25776,NaN,1855,1090,1853,63,NaN,NaN,2058680,2295792,1854,220160,43520,NaN,NaN
2026-03-31 22:56:09.268,43566,ESTAB,cubic,236,33.761,0.788,20.022,1448,5,7240,7240,2654006,2654006,25776,NaN,1855,1090,1853,63,NaN,NaN,2058680,2295792,1854,220160,43520,NaN,NaN
2026-03-31 22:56:09.518,43566,ESTAB,cubic,236,33.761,0.788,20.022,1448,5,7240,7240,2654006,2654006,25776,NaN,1855,1090,1853,63,NaN,NaN,2058680,2295792,1854,220160,43520,NaN,NaN
2026-03-31 22:56:09.775,43566,ESTAB,cubic,236,33.761,0.788,20.022,1448,5,7240,7240,2654006,2654006,25776,NaN,1855,1090,1853,63,NaN,NaN,2058680,2295792,1854,220160,43520,NaN,NaN
2026-03-31 22:56:10.032,43566,ESTAB,cubic,236,33.761,0.788,20.022,1448,5,7240,7240,2654006,2654006,25776,NaN,1855,1090,1853,63,NaN,NaN,2058680,2295792,1854,220160,43520,NaN,NaN
2026-03-31 22:56:10.293,43566,ESTAB,cubic,236,33.761,0.788,20.022,1448,5,7240,7240,2656889,2654006,26184,NaN,1857,1091,1855,64,NaN,NaN,2058680,2295792,1854,220160,43520,2,NaN
2026-03-31 22:56:10.536,43566,ESTAB,cubic,236,33.325,2.722,20.022,1448,4,5792,5792,2723249,2717457,26600,NaN,1903,1116,1901,65,NaN,NaN,1668512,2239824,1898,219648,43520,4,39448
2026-03-31 22:56:10.788,43566,ESTAB,cubic,232,29.237,3.307,20.022,1448,7,10136,5792,2762697,2762697,26600,NaN,1931,1134,1929,65,NaN,NaN,3328080,2240472,1930,220160,43520,NaN,NaN
2026-03-31 22:56:11.050,43566,ESTAB,cubic,232,29.237,3.307,20.022,1448,7,10136,5792,2762697,2762697,26600,NaN,1931,1134,1929,65,NaN,NaN,3328080,2240472,1930,220160,43520,NaN,NaN
2026-03-31 22:56:11.295,43566,ESTAB,cubic,232,29.237,3.307,20.022,1448,7,10136,5792,2762697,2762697,26600,NaN,1931,1134,1929,65,NaN,NaN,3328080,2240472,1930,220160,43520,NaN,NaN
2026-03-31 22:56:11.527,43566,ESTAB,cubic,232,29.237,3.307,20.022,1448,7,10136,5792,2762697,2762697,26600,NaN,1931,1134,1929,65,NaN,NaN,3328080,2240472,1930,220160,43520,NaN,NaN
2026-03-31 22:56:11.771,43566,ESTAB,cubic,232,29.237,3.307,20.022,1448,7,10136,5792,2762697,2762697,26600,NaN,1931,1134,1929,65,NaN,NaN,3328080,2240472,1930,220160,43520,NaN,NaN
2026-03-31 22:56:12.039,43566,ESTAB,cubic,232,29.237,3.307,20.022,1448,7,10136,5792,2762697,2762697,26600,NaN,1931,1134,1929,65,NaN,NaN,3328080,2240472,1930,220160,43520,NaN,NaN
2026-03-31 22:56:12.299,43566,ESTAB,cubic,232,29.237,3.307,20.022,1448,7,10136,5792,2762697,2762697,26600,NaN,1931,1134,1929,65,NaN,NaN,3328080,2240472,1930,220160,43520,NaN,NaN
2026-03-31 22:56:12.547,43566,ESTAB,cubic,236,35.007,4.175,20.022,1448,6,8688,7240,2824700,2816012,27424,NaN,1974,1158,1972,67,NaN,NaN,2382456,1395488,1967,219648,43520,6,46030
2026-03-31 22:56:12.814,43566,ESTAB,cubic,232,31.716,2.356,20.022,1448,8,11584,7240,2870730,2870730,27424,NaN,2006,1181,2004,67,NaN,NaN,3506248,2602976,2005,220160,43520,NaN,NaN
2026-03-31 22:56:13.082,43566,ESTAB,cubic,232,31.716,2.356,20.022,1448,8,11584,7240,2870730,2870730,27424,NaN,2006,1181,2004,67,NaN,NaN,3506248,2602976,2005,220160,43520,NaN,NaN
2026-03-31 22:56:13.351,43566,ESTAB,cubic,232,31.716,2.356,20.022,1448,8,11584,7240,2870730,2870730,27424,NaN,2006,1181,2004,67,NaN,NaN,3506248,2602976,2005,220160,43520,NaN,NaN
2026-03-31 22:56:13.613,43566,ESTAB,cubic,232,31.716,2.356,20.022,1448,8,11584,7240,2870730,2870730,27424,NaN,2006,1181,2004,67,NaN,NaN,3506248,2602976,2005,220160,43520,NaN,NaN
2026-03-31 22:56:13.878,43566,ESTAB,cubic,232,31.716,2.356,20.022,1448,8,11584,7240,2870730,2870730,27424,NaN,2006,1181,2004,67,NaN,NaN,3506248,2602976,2005,220160,43520,NaN,NaN
2026-03-31 22:56:14.133,43566,ESTAB,cubic,232,31.716,2.356,20.022,1448,8,11584,7240,2870730,2870730,27424,NaN,2006,1181,2004,67,NaN,NaN,3506248,2602976,2005,220160,43520,NaN,NaN
2026-03-31 22:56:14.396,43566,ESTAB,cubic,232,29.772,2.687,20.022,1448,8,11584,8688,2883501,2873613,28248,NaN,2015,1185,2013,69,NaN,NaN,3735200,2602976,2007,220160,43520,7,93285
2026-03-31 22:56:14.658,43566,ESTAB,cubic,236,33.343,2.335,20.022,1448,7,10136,8688,2958797,2948661,28248,NaN,2067,1216,2065,69,NaN,NaN,2918264,2604400,2059,220160,43520,7,17989
2026-03-31 22:56:14.912,43566,ESTAB,cubic,236,32.963,2.88,20.022,1448,8,11584,8688,2976786,2976786,28248,NaN,2080,1229,2078,69,NaN,NaN,3373672,2363032,2079,220160,43520,NaN,NaN
2026-03-31 22:56:15.166,43566,ESTAB,cubic,236,32.963,2.88,20.022,1448,8,11584,8688,2976786,2976786,28248,NaN,2080,1229,2078,69,NaN,NaN,3373672,2363032,2079,220160,43520,NaN,NaN
2026-03-31 22:56:15.418,43566,ESTAB,cubic,236,32.963,2.88,20.022,1448,8,11584,8688,2976786,2976786,28248,NaN,2080,1229,2078,69,NaN,NaN,3373672,2363032,2079,220160,43520,NaN,NaN
2026-03-31 22:56:15.679,43566,ESTAB,cubic,236,32.963,2.88,20.022,1448,8,11584,8688,2976786,2976786,28248,NaN,2080,1229,2078,69,NaN,NaN,3373672,2363032,2079,220160,43520,NaN,NaN
2026-03-31 22:56:15.941,43566,ESTAB,cubic,236,32.963,2.88,20.022,1448,8,11584,8688,2976786,2976786,28248,NaN,2080,1229,2078,69,NaN,NaN,3373672,2363032,2079,220160,43520,NaN,NaN
2026-03-31 22:56:16.205,43566,ESTAB,cubic,236,32.963,2.88,20.022,1448,8,11584,8688,2976786,2976786,28248,NaN,2080,1229,2078,69,NaN,NaN,3373672,2363032,2079,220160,43520,NaN,NaN
2026-03-31 22:56:16.453,43566,ESTAB,cubic,232,29.897,2.799,20.022,1448,9,13032,8688,2998245,2985213,29072,NaN,2095,1235,2093,71,NaN,NaN,4184568,2363032,2085,220160,43520,9,91971
2026-03-31 22:56:16.721,43566,ESTAB,cubic,240,36.155,1.988,20.022,1448,5,7240,7240,3072093,3064853,29072,NaN,2146,1267,2144,71,NaN,NaN,1922352,2605064,2140,219648,43520,5,18123
2026-03-31 22:56:16.968,43566,ESTAB,cubic,232,31.41,5.585,20.022,1448,4,5792,4344,3090216,3090216,29072,NaN,2159,1279,2157,71,NaN,NaN,1770232,1671928,2158,220160,43520,NaN,NaN
2026-03-31 22:56:17.228,43566,ESTAB,cubic,232,31.41,5.585,20.022,1448,4,5792,4344,3090216,3090216,29072,NaN,2159,1279,2157,71,NaN,NaN,1770232,1671928,2158,220160,43520,NaN,NaN
2026-03-31 22:56:17.483,43566,ESTAB,cubic,232,31.41,5.585,20.022,1448,4,5792,4344,3090216,3090216,29072,NaN,2159,1279,2157,71,NaN,NaN,1770232,1671928,2158,220160,43520,NaN,NaN
2026-03-31 22:56:17.741,43566,ESTAB,cubic,232,31.41,5.585,20.022,1448,4,5792,4344,3090216,3090216,29072,NaN,2159,1279,2157,71,NaN,NaN,1770232,1671928,2158,220160,43520,NaN,NaN
2026-03-31 22:56:18.009,43566,ESTAB,cubic,232,31.41,5.585,20.022,1448,4,5792,4344,3090216,3090216,29072,NaN,2159,1279,2157,71,NaN,NaN,1770232,1671928,2158,220160,43520,NaN,NaN
2026-03-31 22:56:18.262,43566,ESTAB,cubic,232,31.41,5.585,20.022,1448,4,5792,4344,3090216,3090216,29072,NaN,2159,1279,2157,71,NaN,NaN,1770232,1671928,2158,220160,43520,NaN,NaN
2026-03-31 22:56:18.518,43566,ESTAB,cubic,232,29.101,4.937,20.022,1448,5,7240,4344,3111675,3104435,29896,NaN,2174,1287,2172,73,NaN,NaN,2388320,1531712,2168,220160,43520,5,88532
2026-03-31 22:56:18.771,43566,ESTAB,cubic,236,34.879,1.84,20.022,1448,6,8688,8688,3191315,3182627,29896,NaN,2229,1315,2227,73,NaN,NaN,2391232,2329024,2222,219648,43520,6,8892
2026-03-31 22:56:19.033,43566,ESTAB,cubic,232,31.886,2.935,20.022,1448,7,10136,8688,3200207,3200207,29896,NaN,2236,1323,2234,73,NaN,NaN,3051664,2096040,2235,220160,43520,NaN,NaN
2026-03-31 22:56:19.295,43566,ESTAB,cubic,232,31.886,2.935,20.022,1448,7,10136,8688,3200207,3200207,29896,NaN,2236,1323,2234,73,NaN,NaN,3051664,2096040,2235,220160,43520,NaN,NaN
2026-03-31 22:56:19.550,43566,ESTAB,cubic,232,31.886,2.935,20.022,1448,7,10136,8688,3200207,3200207,29896,NaN,2236,1323,2234,73,NaN,NaN,3051664,2096040,2235,220160,43520,NaN,NaN
2026-03-31 22:56:19.795,43566,ESTAB,cubic,232,31.886,2.935,20.022,1448,7,10136,8688,3200207,3200207,29896,NaN,2236,1323,2234,73,NaN,NaN,3051664,2096040,2235,220160,43520,NaN,NaN
2026-03-31 22:56:20.054,43566,ESTAB,cubic,232,31.886,2.935,20.022,1448,7,10136,8688,3200207,3200207,29896,NaN,2236,1323,2234,73,NaN,NaN,3051664,2096040,2235,220160,43520,NaN,NaN
2026-03-31 22:56:20.315,43566,ESTAB,cubic,232,31.886,2.935,20.022,1448,7,10136,8688,3200207,3200207,29896,NaN,2236,1323,2234,73,NaN,NaN,3051664,2096040,2235,220160,43520,NaN,NaN
2026-03-31 22:56:20.582,43566,ESTAB,cubic,240,36.324,6.96,20.022,1448,7,10136,8688,3236146,3226010,30720,NaN,2261,1335,2259,75,NaN,NaN,2678808,2225616,2253,220160,43520,7,79179
2026-03-31 22:56:20.840,43566,ESTAB,cubic,236,33.695,2.94,20.022,1448,7,10136,5792,3308546,3299858,30720,NaN,2311,1366,2309,75,NaN,NaN,2887800,2237768,2304,219648,43520,6,6779
2026-03-31 22:56:21.109,43566,ESTAB,cubic,232,31.649,4.291,20.022,1448,5,7240,5792,3315325,3315325,30720,NaN,2316,1374,2314,75,NaN,NaN,2196048,1519408,2315,220160,43520,NaN,NaN
2026-03-31 22:56:21.368,43566,ESTAB,cubic,232,31.649,4.291,20.022,1448,5,7240,5792,3315325,3315325,30720,NaN,2316,1374,2314,75,NaN,NaN,2196048,1519408,2315,220160,43520,NaN,NaN
2026-03-31 22:56:21.624,43566,ESTAB,cubic,232,31.649,4.291,20.022,1448,5,7240,5792,3315325,3315325,30720,NaN,2316,1374,2314,75,NaN,NaN,2196048,1519408,2315,220160,43520,NaN,NaN
2026-03-31 22:56:21.874,43566,ESTAB,cubic,232,31.649,4.291,20.022,1448,5,7240,5792,3315325,3315325,30720,NaN,2316,1374,2314,75,NaN,NaN,2196048,1519408,2315,220160,43520,NaN,NaN
2026-03-31 22:56:22.133,43566,ESTAB,cubic,232,31.649,4.291,20.022,1448,5,7240,5792,3315325,3315325,30720,NaN,2316,1374,2314,75,NaN,NaN,2196048,1519408,2315,220160,43520,NaN,NaN
2026-03-31 22:56:22.394,43566,ESTAB,cubic,232,31.649,4.291,20.022,1448,5,7240,5792,3315325,3315325,30720,NaN,2316,1374,2314,75,NaN,NaN,2196048,1519408,2315,220160,43520,NaN,NaN
2026-03-31 22:56:22.668,43566,ESTAB,cubic,232,30.859,1.851,20.022,1448,6,8688,5792,3361400,3352712,31544,NaN,2348,1390,2346,77,NaN,NaN,2702712,2357984,2341,220160,43520,6,24663
2026-03-31 22:56:22.927,43566,ESTAB,cubic,240,37.097,5.936,20.022,1448,8,11584,5792,3386063,3386063,31544,NaN,2366,1402,2364,77,NaN,NaN,2997664,1879192,2365,220160,43520,NaN,NaN
2026-03-31 22:56:23.190,43566,ESTAB,cubic,240,37.097,5.936,20.022,1448,8,11584,5792,3386063,3386063,31544,NaN,2366,1402,2364,77,NaN,NaN,2997664,1879192,2365,220160,43520,NaN,NaN
2026-03-31 22:56:23.451,43566,ESTAB,cubic,240,37.097,5.936,20.022,1448,8,11584,5792,3386063,3386063,31544,NaN,2366,1402,2364,77,NaN,NaN,2997664,1879192,2365,220160,43520,NaN,NaN
2026-03-31 22:56:23.720,43566,ESTAB,cubic,240,37.097,5.936,20.022,1448,8,11584,5792,3386063,3386063,31544,NaN,2366,1402,2364,77,NaN,NaN,2997664,1879192,2365,220160,43520,NaN,NaN
2026-03-31 22:56:23.982,43566,ESTAB,cubic,240,37.097,5.936,20.022,1448,8,11584,5792,3386063,3386063,31544,NaN,2366,1402,2364,77,NaN,NaN,2997664,1879192,2365,220160,43520,NaN,NaN
2026-03-31 22:56:24.237,43566,ESTAB,cubic,240,37.097,5.936,20.022,1448,8,11584,5792,3386063,3386063,31544,NaN,2366,1402,2364,77,NaN,NaN,2997664,1879192,2365,220160,43520,NaN,NaN
2026-03-31 22:56:24.494,43566,ESTAB,cubic,240,37.097,5.936,20.022,1448,8,11584,5792,3386063,3386063,31544,NaN,2366,1402,2364,77,NaN,NaN,2997664,1879192,2365,220160,43520,NaN,NaN
2026-03-31 22:56:24.757,43566,ESTAB,cubic,240,38.539,4.224,20.022,1448,7,10136,8688,3452410,3442274,32368,NaN,2412,1427,2410,79,NaN,NaN,2524824,1507024,2404,220160,43520,7,6714
2026-03-31 22:56:24.992,43566,ESTAB,cubic,236,35.198,2.266,20.022,1448,7,10136,8688,3459124,3459124,32368,NaN,2417,1434,2415,79,NaN,NaN,2764496,2193936,2416,220160,43520,NaN,NaN
2026-03-31 22:56:25.238,43566,ESTAB,cubic,236,35.198,2.266,20.022,1448,7,10136,8688,3459124,3459124,32368,NaN,2417,1434,2415,79,NaN,NaN,2764496,2193936,2416,220160,43520,NaN,NaN
2026-03-31 22:56:25.508,43566,ESTAB,cubic,236,35.198,2.266,20.022,1448,7,10136,8688,3459124,3459124,32368,NaN,2417,1434,2415,79,NaN,NaN,2764496,2193936,2416,220160,43520,NaN,NaN
2026-03-31 22:56:25.757,43566,ESTAB,cubic,236,35.198,2.266,20.022,1448,7,10136,8688,3459124,3459124,32368,NaN,2417,1434,2415,79,NaN,NaN,2764496,2193936,2416,220160,43520,NaN,NaN
2026-03-31 22:56:26.013,43566,ESTAB,cubic,236,35.198,2.266,20.022,1448,7,10136,8688,3459124,3459124,32368,NaN,2417,1434,2415,79,NaN,NaN,2764496,2193936,2416,220160,43520,NaN,NaN
2026-03-31 22:56:26.255,43566,ESTAB,cubic,236,35.198,2.266,20.022,1448,7,10136,8688,3459124,3459124,32368,NaN,2417,1434,2415,79,NaN,NaN,2764496,2193936,2416,220160,43520,NaN,NaN
2026-03-31 22:56:26.520,43566,ESTAB,cubic,236,35.198,2.266,20.022,1448,7,10136,8688,3459124,3459124,32368,NaN,2417,1434,2415,79,NaN,NaN,2764496,2193936,2416,220160,43520,NaN,NaN
2026-03-31 22:56:26.768,43566,ESTAB,cubic,240,36.687,3.549,20.022,1448,5,7240,7240,3516783,3509543,33192,NaN,2457,1457,2455,81,NaN,NaN,1894464,1395728,2451,219648,43520,5,42153
2026-03-31 22:56:27.015,43566,ESTAB,cubic,232,31.603,2.119,20.022,1448,7,10136,7240,3558936,3558936,33192,NaN,2487,1479,2485,81,NaN,NaN,3078944,2759592,2486,220160,43520,NaN,NaN
2026-03-31 22:56:27.278,43566,ESTAB,cubic,232,31.603,2.119,20.022,1448,7,10136,7240,3558936,3558936,33192,NaN,2487,1479,2485,81,NaN,NaN,3078944,2759592,2486,220160,43520,NaN,NaN
2026-03-31 22:56:27.530,43566,ESTAB,cubic,232,31.603,2.119,20.022,1448,7,10136,7240,3558936,3558936,33192,NaN,2487,1479,2485,81,NaN,NaN,3078944,2759592,2486,220160,43520,NaN,NaN
2026-03-31 22:56:27.787,43566,ESTAB,cubic,232,31.603,2.119,20.022,1448,7,10136,7240,3558936,3558936,33192,NaN,2487,1479,2485,81,NaN,NaN,3078944,2759592,2486,220160,43520,NaN,NaN
2026-03-31 22:56:28.035,43566,ESTAB,cubic,232,31.603,2.119,20.022,1448,7,10136,7240,3558936,3558936,33192,NaN,2487,1479,2485,81,NaN,NaN,3078944,2759592,2486,220160,43520,NaN,NaN
2026-03-31 22:56:28.287,43566,ESTAB,cubic,232,31.603,2.119,20.022,1448,7,10136,7240,3558936,3558936,33192,NaN,2487,1479,2485,81,NaN,NaN,3078944,2759592,2486,220160,43520,NaN,NaN
2026-03-31 22:56:28.538,43566,ESTAB,cubic,232,31.603,2.119,20.022,1448,7,10136,7240,3558936,3558936,33192,NaN,2487,1479,2485,81,NaN,NaN,3078944,2759592,2486,220160,43520,NaN,NaN
2026-03-31 22:56:28.784,43566,ESTAB,cubic,240,38.661,5.389,20.022,1448,6,8688,8688,3612251,3603563,34016,NaN,2524,1499,2522,83,NaN,NaN,2157320,2236144,2517,219648,43520,6,15481
2026-03-31 22:56:29.046,43566,ESTAB,cubic,236,34.791,2.813,20.022,1448,4,5792,5792,3627732,3627732,34016,NaN,2535,1510,2533,83,NaN,NaN,1598200,2238696,2534,219648,43520,NaN,NaN
2026-03-31 22:56:29.308,43566,ESTAB,cubic,236,34.791,2.813,20.022,1448,4,5792,5792,3627732,3627732,34016,NaN,2535,1510,2533,83,NaN,NaN,1598200,2238696,2534,219648,43520,NaN,NaN
2026-03-31 22:56:29.563,43566,ESTAB,cubic,236,34.791,2.813,20.022,1448,4,5792,5792,3627732,3627732,34016,NaN,2535,1510,2533,83,NaN,NaN,1598200,2238696,2534,219648,43520,NaN,NaN
2026-03-31 22:56:29.819,43566,ESTAB,cubic,236,34.791,2.813,20.022,1448,4,5792,5792,3627732,3627732,34016,NaN,2535,1510,2533,83,NaN,NaN,1598200,2238696,2534,219648,43520,NaN,NaN
2026-03-31 22:56:30.086,43566,ESTAB,cubic,236,34.791,2.813,20.022,1448,4,5792,5792,3627732,3627732,34016,NaN,2535,1510,2533,83,NaN,NaN,1598200,2238696,2534,219648,43520,NaN,NaN
2026-03-31 22:56:30.349,43566,ESTAB,cubic,236,34.791,2.813,20.022,1448,4,5792,5792,3627732,3627732,34016,NaN,2535,1510,2533,83,NaN,NaN,1598200,2238696,2534,219648,43520,NaN,NaN
2026-03-31 22:56:30.610,43566,ESTAB,cubic,236,34.791,2.813,20.022,1448,4,5792,5792,3627732,3627732,34016,NaN,2535,1510,2533,83,NaN,NaN,1598200,2238696,2534,219648,43520,NaN,NaN
2026-03-31 22:56:30.876,43566,ESTAB,cubic,232,31.043,0.171,20.022,1448,7,10136,5792,3695527,3685391,34840,NaN,2582,1533,2580,85,NaN,NaN,3134472,2233992,2574,220160,43520,7,45644
2026-03-31 22:56:31.141,43566,ESTAB,cubic,228,27.918,2.492,20.022,1448,7,10136,7240,3741171,3741171,34840,NaN,2614,1557,2612,85,NaN,NaN,3485400,2647064,2613,220160,43520,NaN,NaN
2026-03-31 22:56:31.399,43566,ESTAB,cubic,228,27.918,2.492,20.022,1448,7,10136,7240,3741171,3741171,34840,NaN,2614,1557,2612,85,NaN,NaN,3485400,2647064,2613,220160,43520,NaN,NaN
2026-03-31 22:56:31.673,43566,ESTAB,cubic,228,27.918,2.492,20.022,1448,7,10136,7240,3741171,3741171,34840,NaN,2614,1557,2612,85,NaN,NaN,3485400,2647064,2613,220160,43520,NaN,NaN
2026-03-31 22:56:31.935,43566,ESTAB,cubic,228,27.918,2.492,20.022,1448,7,10136,7240,3741171,3741171,34840,NaN,2614,1557,2612,85,NaN,NaN,3485400,2647064,2613,220160,43520,NaN,NaN
2026-03-31 22:56:32.193,43566,ESTAB,cubic,228,27.918,2.492,20.022,1448,7,10136,7240,3741171,3741171,34840,NaN,2614,1557,2612,85,NaN,NaN,3485400,2647064,2613,220160,43520,NaN,NaN
2026-03-31 22:56:32.460,43566,ESTAB,cubic,228,27.918,2.492,20.022,1448,7,10136,7240,3741171,3741171,34840,NaN,2614,1557,2612,85,NaN,NaN,3485400,2647064,2613,220160,43520,NaN,NaN
2026-03-31 22:56:32.733,43566,ESTAB,cubic,232,28.525,5.872,20.022,1448,7,10136,7240,3762630,3752494,35664,NaN,2629,1564,2627,87,NaN,NaN,3411144,2647064,2621,220160,43520,7,97935
2026-03-31 22:56:32.990,43566,ESTAB,cubic,232,31.539,2.401,20.022,1448,7,10136,7240,3839374,3829238,35664,NaN,2682,1595,2680,87,NaN,NaN,3085160,2667688,2674,220160,43520,7,21191
2026-03-31 22:56:33.260,43566,ESTAB,cubic,232,30.799,3.489,20.022,1448,8,11584,7240,3860565,3860565,35664,NaN,2697,1607,2695,87,NaN,NaN,3610696,2548944,2696,220160,43520,NaN,NaN
2026-03-31 22:56:33.523,43566,ESTAB,cubic,232,30.799,3.489,20.022,1448,8,11584,7240,3860565,3860565,35664,NaN,2697,1607,2695,87,NaN,NaN,3610696,2548944,2696,220160,43520,NaN,NaN
2026-03-31 22:56:33.778,43566,ESTAB,cubic,232,30.799,3.489,20.022,1448,8,11584,7240,3860565,3860565,35664,NaN,2697,1607,2695,87,NaN,NaN,3610696,2548944,2696,220160,43520,NaN,NaN
2026-03-31 22:56:34.043,43566,ESTAB,cubic,232,30.799,3.489,20.022,1448,8,11584,7240,3860565,3860565,35664,NaN,2697,1607,2695,87,NaN,NaN,3610696,2548944,2696,220160,43520,NaN,NaN
2026-03-31 22:56:34.305,43566,ESTAB,cubic,232,30.799,3.489,20.022,1448,8,11584,7240,3860565,3860565,35664,NaN,2697,1607,2695,87,NaN,NaN,3610696,2548944,2696,220160,43520,NaN,NaN
2026-03-31 22:56:34.566,43566,ESTAB,cubic,232,30.799,3.489,20.022,1448,8,11584,7240,3860565,3860565,35664,NaN,2697,1607,2695,87,NaN,NaN,3610696,2548944,2696,220160,43520,NaN,NaN
2026-03-31 22:56:34.827,43566,ESTAB,cubic,240,37.482,10.582,20.022,1448,10,14480,8688,3902296,3889264,36488,NaN,2726,1620,2724,89,NaN,NaN,3708640,2326272,2716,220160,43520,9,70976
2026-03-31 22:56:35.094,43566,ESTAB,cubic,232,31.627,2.38,20.022,1448,6,8688,7240,3973248,3964560,36488,NaN,2775,1653,2773,89,NaN,NaN,2637112,2505544,2768,220160,43520,6,24
2026-03-31 22:56:35.368,43566,ESTAB,cubic,236,32.207,2.77,20.022,1448,7,10136,7240,3973272,3973272,36488,NaN,2776,1657,2774,89,NaN,NaN,3021232,2179320,2775,220160,43520,NaN,NaN
2026-03-31 22:56:35.633,43566,ESTAB,cubic,236,32.207,2.77,20.022,1448,7,10136,7240,3973272,3973272,36488,NaN,2776,1657,2774,89,NaN,NaN,3021232,2179320,2775,220160,43520,NaN,NaN
2026-03-31 22:56:35.890,43566,ESTAB,cubic,236,32.207,2.77,20.022,1448,7,10136,7240,3973272,3973272,36488,NaN,2776,1657,2774,89,NaN,NaN,3021232,2179320,2775,220160,43520,NaN,NaN
2026-03-31 22:56:36.147,43566,ESTAB,cubic,236,32.207,2.77,20.022,1448,7,10136,7240,3973272,3973272,36488,NaN,2776,1657,2774,89,NaN,NaN,3021232,2179320,2775,220160,43520,NaN,NaN
2026-03-31 22:56:36.415,43566,ESTAB,cubic,236,32.207,2.77,20.022,1448,7,10136,7240,3973272,3973272,36488,NaN,2776,1657,2774,89,NaN,NaN,3021232,2179320,2775,220160,43520,NaN,NaN
2026-03-31 22:56:36.688,43566,ESTAB,cubic,236,32.207,2.77,20.022,1448,7,10136,7240,3973272,3973272,36488,NaN,2776,1657,2774,89,NaN,NaN,3021232,2179320,2775,220160,43520,NaN,NaN
2026-03-31 22:56:36.945,43566,ESTAB,cubic,240,36.961,3.537,20.022,1448,6,8688,7240,4035275,4026587,37312,NaN,2819,1681,2817,91,NaN,NaN,2256536,1399064,2812,220160,43520,6,53626
2026-03-31 22:56:37.225,43566,ESTAB,cubic,232,30.374,4.342,20.022,1448,5,7240,5792,4088901,4088901,37312,NaN,2857,1705,2855,91,NaN,NaN,2288256,2286840,2856,220160,43520,NaN,NaN
2026-03-31 22:56:37.484,43566,ESTAB,cubic,232,30.374,4.342,20.022,1448,5,7240,5792,4088901,4088901,37312,NaN,2857,1705,2855,91,NaN,NaN,2288256,2286840,2856,220160,43520,NaN,NaN
2026-03-31 22:56:37.727,43566,ESTAB,cubic,232,30.374,4.342,20.022,1448,5,7240,5792,4088901,4088901,37312,NaN,2857,1705,2855,91,NaN,NaN,2288256,2286840,2856,220160,43520,NaN,NaN
2026-03-31 22:56:37.997,43566,ESTAB,cubic,232,30.374,4.342,20.022,1448,5,7240,5792,4088901,4088901,37312,NaN,2857,1705,2855,91,NaN,NaN,2288256,2286840,2856,220160,43520,NaN,NaN
2026-03-31 22:56:38.248,43566,ESTAB,cubic,232,30.374,4.342,20.022,1448,5,7240,5792,4088901,4088901,37312,NaN,2857,1705,2855,91,NaN,NaN,2288256,2286840,2856,220160,43520,NaN,NaN
2026-03-31 22:56:38.508,43566,ESTAB,cubic,232,30.374,4.342,20.022,1448,5,7240,5792,4088901,4088901,37312,NaN,2857,1705,2855,91,NaN,NaN,2288256,2286840,2856,220160,43520,NaN,NaN
2026-03-31 22:56:38.753,43566,ESTAB,cubic,232,30.374,4.342,20.022,1448,5,7240,5792,4088901,4088901,37720,NaN,2857,1706,2855,92,NaN,NaN,2288256,2286840,2856,220160,43520,NaN,NaN
2026-03-31 22:56:39.010,43566,ESTAB,cubic,236,34.44,3.771,20.022,1448,5,7240,7240,4155248,4148008,38136,NaN,2903,1729,2901,93,NaN,NaN,2018112,2236720,2897,219648,43520,5,44218
2026-03-31 22:56:39.261,43566,ESTAB,cubic,228,26.712,2.435,20.022,1448,7,10136,7240,4199466,4199466,38136,NaN,2934,1751,2932,93,NaN,NaN,3642664,2754904,2933,220160,43520,NaN,NaN
2026-03-31 22:56:39.515,43566,ESTAB,cubic,228,26.712,2.435,20.022,1448,7,10136,7240,4199466,4199466,38136,NaN,2934,1751,2932,93,NaN,NaN,3642664,2754904,2933,220160,43520,NaN,NaN
2026-03-31 22:56:39.755,43566,ESTAB,cubic,228,26.712,2.435,20.022,1448,7,10136,7240,4199466,4199466,38136,NaN,2934,1751,2932,93,NaN,NaN,3642664,2754904,2933,220160,43520,NaN,NaN
2026-03-31 22:56:40.015,43566,ESTAB,cubic,228,26.712,2.435,20.022,1448,7,10136,7240,4199466,4199466,38136,NaN,2934,1751,2932,93,NaN,NaN,3642664,2754904,2933,220160,43520,NaN,NaN
2026-03-31 22:56:40.271,43566,ESTAB,cubic,228,26.712,2.435,20.022,1448,7,10136,7240,4199466,4199466,38136,NaN,2934,1751,2932,93,NaN,NaN,3642664,2754904,2933,220160,43520,NaN,NaN
2026-03-31 22:56:40.529,43566,ESTAB,cubic,228,26.712,2.435,20.022,1448,7,10136,7240,4199466,4199466,38136,NaN,2934,1751,2932,93,NaN,NaN,3642664,2754904,2933,220160,43520,NaN,NaN
2026-03-31 22:56:40.785,43566,ESTAB,cubic,228,26.712,2.435,20.022,1448,7,10136,7240,4199466,4199466,38136,NaN,2934,1751,2932,93,NaN,NaN,3642664,2754904,2933,220160,43520,NaN,NaN
2026-03-31 22:56:41.044,43566,ESTAB,cubic,236,33.923,3.886,20.022,1448,6,8688,7240,4267261,4258573,38960,NaN,2981,1778,2979,95,NaN,NaN,2458648,2236432,2974,220160,43520,6,43808
2026-03-31 22:56:41.299,43566,ESTAB,cubic,236,33.149,3.52,20.022,1448,8,11584,7240,4311069,4311069,38960,NaN,3012,1798,3010,95,NaN,NaN,3354664,1886080,3011,220160,43520,NaN,NaN
2026-03-31 22:56:41.534,43566,ESTAB,cubic,236,33.149,3.52,20.022,1448,8,11584,7240,4311069,4311069,38960,NaN,3012,1798,3010,95,NaN,NaN,3354664,1886080,3011,220160,43520,NaN,NaN
2026-03-31 22:56:41.774,43566,ESTAB,cubic,236,33.149,3.52,20.022,1448,8,11584,7240,4311069,4311069,38960,NaN,3012,1798,3010,95,NaN,NaN,3354664,1886080,3011,220160,43520,NaN,NaN
2026-03-31 22:56:42.024,43566,ESTAB,cubic,236,33.149,3.52,20.022,1448,8,11584,7240,4311069,4311069,38960,NaN,3012,1798,3010,95,NaN,NaN,3354664,1886080,3011,220160,43520,NaN,NaN
2026-03-31 22:56:42.281,43566,ESTAB,cubic,236,33.149,3.52,20.022,1448,8,11584,7240,4311069,4311069,38960,NaN,3012,1798,3010,95,NaN,NaN,3354664,1886080,3011,220160,43520,NaN,NaN
2026-03-31 22:56:42.538,43566,ESTAB,cubic,236,33.149,3.52,20.022,1448,8,11584,7240,4311069,4311069,38960,NaN,3012,1798,3010,95,NaN,NaN,3354664,1886080,3011,220160,43520,NaN,NaN
2026-03-31 22:56:42.801,43566,ESTAB,cubic,236,33.149,3.52,20.022,1448,8,11584,7240,4311069,4311069,38960,NaN,3012,1798,3010,95,NaN,NaN,3354664,1886080,3011,220160,43520,NaN,NaN
2026-03-31 22:56:43.076,43566,ESTAB,cubic,240,39.08,5.543,20.022,1448,7,10136,10136,4383208,4373072,39784,NaN,3062,1824,3060,97,NaN,NaN,2489888,1826672,3054,219648,43520,7,42502
2026-03-31 22:56:43.346,43566,ESTAB,cubic,232,31.329,2.502,20.022,1448,6,8688,7240,4425710,4425710,39784,NaN,3092,1848,3090,97,NaN,NaN,2662152,2228120,3091,220160,43520,NaN,NaN
2026-03-31 22:56:43.590,43566,ESTAB,cubic,232,31.329,2.502,20.022,1448,6,8688,7240,4425710,4425710,39784,NaN,3092,1848,3090,97,NaN,NaN,2662152,2228120,3091,220160,43520,NaN,NaN
2026-03-31 22:56:43.857,43566,ESTAB,cubic,232,31.329,2.502,20.022,1448,6,8688,7240,4425710,4425710,39784,NaN,3092,1848,3090,97,NaN,NaN,2662152,2228120,3091,220160,43520,NaN,NaN
2026-03-31 22:56:44.116,43566,ESTAB,cubic,232,31.329,2.502,20.022,1448,6,8688,7240,4425710,4425710,39784,NaN,3092,1848,3090,97,NaN,NaN,2662152,2228120,3091,220160,43520,NaN,NaN
2026-03-31 22:56:44.383,43566,ESTAB,cubic,232,31.329,2.502,20.022,1448,6,8688,7240,4425710,4425710,39784,NaN,3092,1848,3090,97,NaN,NaN,2662152,2228120,3091,220160,43520,NaN,NaN
2026-03-31 22:56:44.640,43566,ESTAB,cubic,232,31.329,2.502,20.022,1448,6,8688,7240,4425710,4425710,39784,NaN,3092,1848,3090,97,NaN,NaN,2662152,2228120,3091,220160,43520,NaN,NaN
2026-03-31 22:56:44.901,43566,ESTAB,cubic,232,29.009,2.917,20.022,1448,6,8688,7240,4435585,4428593,40608,NaN,3099,1852,3097,99,NaN,NaN,2875120,2228120,3093,220160,43520,5,105380
2026-03-31 22:56:45.169,43566,ESTAB,cubic,236,32.29,3.456,20.022,1448,6,8688,7240,4510881,4502193,40608,NaN,3151,1880,3149,99,NaN,NaN,2582968,2363272,3144,220160,43520,6,30084
2026-03-31 22:56:45.421,43566,ESTAB,cubic,236,33.806,4.201,20.022,1448,8,11584,7240,4540965,4540965,40608,NaN,3172,1894,3170,99,NaN,NaN,3289456,2330312,3171,220160,43520,NaN,NaN
2026-03-31 22:56:45.673,43566,ESTAB,cubic,236,33.806,4.201,20.022,1448,8,11584,7240,4540965,4540965,40608,NaN,3172,1894,3170,99,NaN,NaN,3289456,2330312,3171,220160,43520,NaN,NaN
2026-03-31 22:56:45.919,43566,ESTAB,cubic,236,33.806,4.201,20.022,1448,8,11584,7240,4540965,4540965,40608,NaN,3172,1894,3170,99,NaN,NaN,3289456,2330312,3171,220160,43520,NaN,NaN
2026-03-31 22:56:46.169,43566,ESTAB,cubic,236,33.806,4.201,20.022,1448,8,11584,7240,4540965,4540965,40608,NaN,3172,1894,3170,99,NaN,NaN,3289456,2330312,3171,220160,43520,NaN,NaN
2026-03-31 22:56:46.425,43566,ESTAB,cubic,236,33.806,4.201,20.022,1448,8,11584,7240,4540965,4540965,40608,NaN,3172,1894,3170,99,NaN,NaN,3289456,2330312,3171,220160,43520,NaN,NaN
2026-03-31 22:56:46.681,43566,ESTAB,cubic,236,33.806,4.201,20.022,1448,8,11584,7240,4540965,4540965,40608,NaN,3172,1894,3170,99,NaN,NaN,3289456,2330312,3171,220160,43520,NaN,NaN
2026-03-31 22:56:46.938,43566,ESTAB,cubic,232,31.206,4.58,20.022,1448,8,11584,8688,4553736,4543848,41432,NaN,3181,1898,3179,101,NaN,NaN,3563560,2330312,3173,220160,43520,7,100412
2026-03-31 22:56:47.199,43566,ESTAB,cubic,240,37.418,2.634,20.022,1448,5,7240,7240,4623240,4616000,41432,NaN,3229,1927,3227,101,NaN,NaN,1857464,2240232,3223,220160,43520,5,30908
2026-03-31 22:56:47.457,43566,ESTAB,cubic,236,32.444,2.11,20.022,1448,7,10136,7240,4654148,4654148,41432,NaN,3251,1944,3249,101,NaN,NaN,2999104,2228976,3250,220160,43520,NaN,NaN
2026-03-31 22:56:47.705,43566,ESTAB,cubic,236,32.444,2.11,20.022,1448,7,10136,7240,4654148,4654148,41432,NaN,3251,1944,3249,101,NaN,NaN,2999104,2228976,3250,220160,43520,NaN,NaN
2026-03-31 22:56:47.958,43566,ESTAB,cubic,236,32.444,2.11,20.022,1448,7,10136,7240,4654148,4654148,41432,NaN,3251,1944,3249,101,NaN,NaN,2999104,2228976,3250,220160,43520,NaN,NaN
2026-03-31 22:56:48.213,43566,ESTAB,cubic,236,32.444,2.11,20.022,1448,7,10136,7240,4654148,4654148,41432,NaN,3251,1944,3249,101,NaN,NaN,2999104,2228976,3250,220160,43520,NaN,NaN
2026-03-31 22:56:48.469,43566,ESTAB,cubic,236,32.444,2.11,20.022,1448,7,10136,7240,4654148,4654148,41432,NaN,3251,1944,3249,101,NaN,NaN,2999104,2228976,3250,220160,43520,NaN,NaN
2026-03-31 22:56:48.734,43566,ESTAB,cubic,236,32.444,2.11,20.022,1448,7,10136,7240,4654148,4654148,41432,NaN,3251,1944,3249,101,NaN,NaN,2999104,2228976,3250,220160,43520,NaN,NaN
2026-03-31 22:56:49.004,43566,ESTAB,cubic,232,29.817,2.266,20.022,1448,7,10136,7240,4672711,4662575,42256,NaN,3264,1950,3262,103,NaN,NaN,3263424,2228976,3256,220160,43520,7,94686
2026-03-31 22:56:49.283,43566,ESTAB,cubic,236,32.756,2.355,20.022,1448,7,10136,7240,4750903,4742215,42256,NaN,3318,1983,3316,103,NaN,NaN,2970616,2229048,3311,220160,43520,6,16494
2026-03-31 22:56:49.524,43566,ESTAB,cubic,232,31.583,3.482,20.022,1448,5,7240,5792,4767397,4767397,42256,NaN,3330,1995,3328,103,NaN,NaN,2200624,1863392,3329,220160,43520,NaN,NaN
2026-03-31 22:56:49.769,43566,ESTAB,cubic,232,31.583,3.482,20.022,1448,5,7240,5792,4767397,4767397,42256,NaN,3330,1995,3328,103,NaN,NaN,2200624,1863392,3329,220160,43520,NaN,NaN
2026-03-31 22:56:50.040,43566,ESTAB,cubic,232,31.583,3.482,20.022,1448,5,7240,5792,4767397,4767397,42256,NaN,3330,1995,3328,103,NaN,NaN,2200624,1863392,3329,220160,43520,NaN,NaN
2026-03-31 22:56:50.309,43566,ESTAB,cubic,232,31.583,3.482,20.022,1448,5,7240,5792,4767397,4767397,42256,NaN,3330,1995,3328,103,NaN,NaN,2200624,1863392,3329,220160,43520,NaN,NaN
2026-03-31 22:56:50.556,43566,ESTAB,cubic,232,31.583,3.482,20.022,1448,5,7240,5792,4767397,4767397,42256,NaN,3330,1995,3328,103,NaN,NaN,2200624,1863392,3329,220160,43520,NaN,NaN
2026-03-31 22:56:50.811,43566,ESTAB,cubic,232,31.583,3.482,20.022,1448,5,7240,5792,4767397,4767397,42256,NaN,3330,1995,3328,103,NaN,NaN,2200624,1863392,3329,220160,43520,NaN,NaN
2026-03-31 22:56:51.075,43566,ESTAB,cubic,232,31.289,4.86,20.022,1448,5,7240,5792,4791752,4784512,43080,NaN,3347,2004,3345,105,NaN,NaN,2221344,2221600,3341,220160,43520,5,89633
2026-03-31 22:56:51.340,43566,ESTAB,cubic,236,32.608,3.839,20.022,1448,6,8688,7240,4869944,4861256,43080,NaN,3401,2033,3399,105,NaN,NaN,2557752,2677656,3394,220160,43520,6,11441
2026-03-31 22:56:51.605,43566,ESTAB,cubic,232,29.708,2.351,20.022,1448,7,10136,7240,4881385,4881385,43080,NaN,3409,2040,3407,105,NaN,NaN,3275304,2361504,3408,220160,43520,NaN,NaN
2026-03-31 22:56:51.863,43566,ESTAB,cubic,232,29.708,2.351,20.022,1448,7,10136,7240,4881385,4881385,43080,NaN,3409,2040,3407,105,NaN,NaN,3275304,2361504,3408,220160,43520,NaN,NaN
2026-03-31 22:56:52.121,43566,ESTAB,cubic,232,29.708,2.351,20.022,1448,7,10136,7240,4881385,4881385,43080,NaN,3409,2040,3407,105,NaN,NaN,3275304,2361504,3408,220160,43520,NaN,NaN
2026-03-31 22:56:52.378,43566,ESTAB,cubic,232,29.708,2.351,20.022,1448,7,10136,7240,4881385,4881385,43080,NaN,3409,2040,3407,105,NaN,NaN,3275304,2361504,3408,220160,43520,NaN,NaN
2026-03-31 22:56:52.645,43566,ESTAB,cubic,232,29.708,2.351,20.022,1448,7,10136,7240,4881385,4881385,43080,NaN,3409,2040,3407,105,NaN,NaN,3275304,2361504,3408,220160,43520,NaN,NaN
2026-03-31 22:56:52.907,43566,ESTAB,cubic,232,29.708,2.351,20.022,1448,7,10136,7240,4881385,4881385,43080,NaN,3409,2040,3407,105,NaN,NaN,3275304,2361504,3408,220160,43520,NaN,NaN
2026-03-31 22:56:53.158,43566,ESTAB,cubic,240,37.443,6.215,20.022,1448,8,11584,7240,4927460,4915876,43904,NaN,3441,2055,3439,107,NaN,NaN,2969952,2229568,3432,220160,43520,8,58904
2026-03-31 22:56:53.428,43566,ESTAB,cubic,236,32.465,2.255,20.022,1448,8,11584,7240,4986364,4986364,43904,NaN,3482,2086,3480,107,NaN,NaN,3425328,2603728,3481,220160,43520,NaN,NaN
2026-03-31 22:56:53.703,43566,ESTAB,cubic,236,32.465,2.255,20.022,1448,8,11584,7240,4986364,4986364,43904,NaN,3482,2086,3480,107,NaN,NaN,3425328,2603728,3481,220160,43520,NaN,NaN
2026-03-31 22:56:53.965,43566,ESTAB,cubic,236,32.465,2.255,20.022,1448,8,11584,7240,4986364,4986364,43904,NaN,3482,2086,3480,107,NaN,NaN,3425328,2603728,3481,220160,43520,NaN,NaN
2026-03-31 22:56:54.208,43566,ESTAB,cubic,236,32.465,2.255,20.022,1448,8,11584,7240,4986364,4986364,43904,NaN,3482,2086,3480,107,NaN,NaN,3425328,2603728,3481,220160,43520,NaN,NaN
2026-03-31 22:56:54.450,43566,ESTAB,cubic,236,32.465,2.255,20.022,1448,8,11584,7240,4986364,4986364,43904,NaN,3482,2086,3480,107,NaN,NaN,3425328,2603728,3481,220160,43520,NaN,NaN
2026-03-31 22:56:54.717,43566,ESTAB,cubic,236,32.465,2.255,20.022,1448,8,11584,7240,4986364,4986364,43904,NaN,3482,2086,3480,107,NaN,NaN,3425328,2603728,3481,220160,43520,NaN,NaN
2026-03-31 22:56:54.989,43566,ESTAB,cubic,236,32.465,2.255,20.022,1448,8,11584,7240,4986364,4986364,43904,NaN,3482,2086,3480,107,NaN,NaN,3425328,2603728,3481,220160,43520,NaN,NaN
2026-03-31 22:56:55.248,43566,ESTAB,cubic,244,40.593,5.613,20.022,1448,6,8688,8688,5044023,5035335,44728,NaN,3522,2108,3520,109,NaN,NaN,2054608,1562296,3515,219648,48128,6,57177
2026-03-31 22:56:55.511,43566,ESTAB,cubic,232,31.93,1.636,20.022,1448,9,13032,8688,5119776,5106744,45144,NaN,3575,2141,3573,110,NaN,NaN,3918056,2422560,3565,220160,51200,9,64728
2026-03-31 22:56:55.758,43566,ESTAB,cubic,240,37.537,3.234,20.022,1448,8,11584,10136,5184504,5176248,45144,NaN,3620,2169,3618,110,NaN,NaN,2962504,1933608,3613,220160,51200,6,NaN
2026-03-31 22:56:56.017,43566,ESTAB,cubic,240,37.27,3.331,20.022,1448,5,7240,7240,5197114,5194152,45144,NaN,3631,2177,3629,110,NaN,NaN,1864856,2261280,3626,219648,51200,4,NaN
2026-03-31 22:56:56.256,43566,ESTAB,cubic,236,32.389,4.083,20.022,1448,5,7240,7240,5197114,5197114,45144,NaN,3631,2181,3629,110,NaN,NaN,2145864,2261280,3630,220160,51200,NaN,NaN
2026-03-31 22:56:56.509,43566,ESTAB,cubic,236,32.389,4.083,20.022,1448,5,7240,7240,5197114,5197114,45144,NaN,3631,2181,3629,110,NaN,NaN,2145864,2261280,3630,220160,51200,NaN,NaN
2026-03-31 22:56:56.752,43566,ESTAB,cubic,236,32.389,4.083,20.022,1448,5,7240,7240,5197114,5197114,45144,NaN,3631,2181,3629,110,NaN,NaN,2145864,2261280,3630,220160,51200,NaN,NaN
2026-03-31 22:56:57.008,43566,ESTAB,cubic,236,32.389,4.083,20.022,1448,5,7240,7240,5197114,5197114,45144,NaN,3631,2181,3629,110,NaN,NaN,2145864,2261280,3630,220160,51200,NaN,NaN
2026-03-31 22:56:57.273,43566,ESTAB,cubic,232,29.941,2.014,20.022,1448,7,10136,7240,5255373,5246085,45968,NaN,3672,2201,3670,112,NaN,NaN,3249904,2229048,3664,220160,56832,7,NaN
2026-03-31 22:56:57.521,43566,ESTAB,cubic,240,37.555,15.233,20.022,1448,8,11584,7240,5266709,5255373,45968,NaN,3680,2205,3678,112,NaN,NaN,2961120,2229048,3671,220160,56832,8,267
2026-03-31 22:56:57.765,43566,ESTAB,cubic,236,34.967,7.898,20.022,1448,8,11584,7240,5273968,5266976,45968,NaN,3686,2210,3684,112,NaN,NaN,3180240,2629936,3680,220160,56832,5,1887
2026-03-31 22:56:58.032,43566,ESTAB,cubic,236,33.975,5.207,20.022,1448,8,11584,8688,5285743,5275855,45968,NaN,3695,2214,3693,112,NaN,NaN,3273144,2629936,3687,220160,56832,7,1294
2026-03-31 22:56:58.300,43566,ESTAB,cubic,236,33.656,5.197,20.022,1448,8,11584,8688,5287037,5287037,45968,NaN,3696,2219,3694,112,NaN,NaN,3304168,2629936,3695,220160,56832,NaN,NaN
2026-03-31 22:56:58.558,43566,ESTAB,cubic,236,33.656,5.197,20.022,1448,8,11584,8688,5287037,5287037,45968,NaN,3696,2219,3694,112,NaN,NaN,3304168,2629936,3695,220160,56832,NaN,NaN
2026-03-31 22:56:58.809,43566,ESTAB,cubic,236,33.656,5.197,20.022,1448,8,11584,8688,5287037,5287037,45968,NaN,3696,2219,3694,112,NaN,NaN,3304168,2629936,3695,220160,56832,NaN,NaN
2026-03-31 22:56:59.065,43566,ESTAB,cubic,236,33.656,5.197,20.022,1448,8,11584,8688,5287037,5287037,45968,NaN,3696,2219,3694,112,NaN,NaN,3304168,2629936,3695,220160,56832,NaN,NaN
2026-03-31 22:56:59.314,43566,ESTAB,cubic,244,42.297,4.489,20.022,1448,7,10136,10136,5344696,5336008,46792,NaN,3736,2241,3734,114,NaN,NaN,2300528,1562472,3729,219648,62976,6,16455
2026-03-31 22:56:59.573,43566,ESTAB,cubic,232,30.084,3.274,20.022,1448,6,8688,7240,5375951,5375951,46792,NaN,3759,2259,3757,114,NaN,NaN,2772384,2240904,3758,220160,62976,NaN,NaN
2026-03-31 22:56:59.835,43566,ESTAB,cubic,232,28.036,4.164,20.022,1448,6,8688,7240,5388006,5388006,46792,NaN,3768,2265,3766,114,NaN,NaN,2974848,2691656,3767,220160,62976,NaN,NaN
2026-03-31 22:57:00.111,43566,ESTAB,cubic,232,29.445,4.579,20.022,1448,7,10136,7240,5398045,5398045,46792,NaN,3776,2270,3774,114,NaN,NaN,3304624,2543976,3775,220160,62976,NaN,NaN
2026-03-31 22:57:00.380,43566,ESTAB,cubic,232,29.445,4.579,20.022,1448,7,10136,7240,5398045,5398045,46792,NaN,3776,2270,3774,114,NaN,NaN,3304624,2543976,3775,220160,62976,NaN,NaN
2026-03-31 22:57:00.644,43566,ESTAB,cubic,232,29.445,4.579,20.022,1448,7,10136,7240,5398045,5398045,46792,NaN,3776,2270,3774,114,NaN,NaN,3304624,2543976,3775,220160,62976,NaN,NaN
2026-03-31 22:57:00.895,43566,ESTAB,cubic,232,29.445,4.579,20.022,1448,7,10136,7240,5398045,5398045,46792,NaN,3776,2270,3774,114,NaN,NaN,3304624,2543976,3775,220160,62976,NaN,NaN
2026-03-31 22:57:01.163,43566,ESTAB,cubic,228,27.859,4.554,20.022,1448,7,10136,7240,5400928,5400928,47200,NaN,3778,2273,3776,115,NaN,NaN,3492720,2543976,3777,219648,65536,NaN,NaN
2026-03-31 22:57:01.430,43566,ESTAB,cubic,240,36.344,4.055,20.022,1448,5,7240,7240,5447385,5447385,47616,NaN,3811,2293,3809,116,NaN,NaN,1912376,1396096,3810,220160,68608,NaN,NaN
2026-03-31 22:57:01.700,43566,ESTAB,cubic,236,32.972,4.381,20.022,1448,5,7240,7240,5451619,5451619,47616,NaN,3815,2296,3813,116,NaN,NaN,2107952,1416048,3814,220160,68608,NaN,NaN
2026-03-31 22:57:01.966,43566,ESTAB,cubic,232,29.073,4.743,20.022,1448,5,7240,7240,5457038,5457038,47616,NaN,3819,2300,3817,116,NaN,NaN,2390616,1714176,3818,219648,68608,NaN,NaN
2026-03-31 22:57:02.226,43566,ESTAB,cubic,228,27.604,3.195,20.022,1448,5,7240,7240,5461470,5461470,47616,NaN,3823,2304,3821,116,NaN,NaN,2517824,1714176,3822,220160,68608,NaN,NaN
2026-03-31 22:57:02.493,43566,ESTAB,cubic,228,27.604,3.195,20.022,1448,5,7240,7240,5461470,5461470,47616,NaN,3823,2304,3821,116,NaN,NaN,2517824,1714176,3822,220160,68608,NaN,NaN
2026-03-31 22:57:02.747,43566,ESTAB,cubic,228,27.604,3.195,20.022,1448,5,7240,7240,5461470,5461470,47616,NaN,3823,2304,3821,116,NaN,NaN,2517824,1714176,3822,220160,68608,NaN,NaN
2026-03-31 22:57:03.015,43566,ESTAB,cubic,228,27.604,3.195,20.022,1448,5,7240,7240,5461470,5461470,47616,NaN,3823,2304,3821,116,NaN,NaN,2517824,1714176,3822,220160,68608,NaN,NaN
2026-03-31 22:57:03.267,43566,ESTAB,cubic,232,29.008,5.034,20.022,1448,6,8688,7240,5484377,5475689,48440,NaN,3839,2312,3837,118,NaN,NaN,2875168,2393056,3832,220160,74240,6,31490
2026-03-31 22:57:03.541,43566,ESTAB,cubic,232,28.994,4.258,20.022,1448,4,5792,5792,5522610,5519963,48440,NaN,3866,2330,3864,118,NaN,NaN,1917728,2186208,3863,220160,74240,2,NaN
2026-03-31 22:57:03.808,43566,ESTAB,cubic,232,29.732,4.484,20.022,1448,5,7240,5792,5528260,5528260,48440,NaN,3871,2336,3869,118,NaN,NaN,2337648,2284024,3870,220160,74240,NaN,NaN
2026-03-31 22:57:04.069,43566,ESTAB,cubic,232,28.109,3.226,20.022,1448,5,7240,5792,5533160,5533160,48440,NaN,3875,2340,3873,118,NaN,NaN,2472632,2284024,3874,219648,74240,NaN,NaN
2026-03-31 22:57:04.313,43566,ESTAB,cubic,232,28.109,3.226,20.022,1448,5,7240,5792,5533160,5533160,48440,NaN,3875,2340,3873,118,NaN,NaN,2472632,2284024,3874,219648,74240,NaN,NaN
2026-03-31 22:57:04.562,43566,ESTAB,cubic,232,28.109,3.226,20.022,1448,5,7240,5792,5533160,5533160,48440,NaN,3875,2340,3873,118,NaN,NaN,2472632,2284024,3874,219648,74240,NaN,NaN
2026-03-31 22:57:04.825,43566,ESTAB,cubic,232,28.109,3.226,20.022,1448,5,7240,5792,5533160,5533160,48440,NaN,3875,2340,3873,118,NaN,NaN,2472632,2284024,3874,219648,74240,NaN,NaN
2026-03-31 22:57:05.086,43566,ESTAB,cubic,232,28.109,3.226,20.022,1448,5,7240,5792,5533160,5533160,48440,NaN,3875,2340,3873,118,NaN,NaN,2472632,2284024,3874,219648,74240,NaN,NaN
2026-03-31 22:57:05.340,43566,ESTAB,cubic,232,30.277,3.139,20.022,1448,6,8688,5792,5567651,5558963,49264,NaN,3899,2352,3897,120,NaN,NaN,2754696,2372632,3892,220160,80384,6,26580
2026-03-31 22:57:05.595,43566,ESTAB,cubic,240,36.725,8.739,20.022,1448,8,11584,5792,5603914,5603914,49264,NaN,3925,2369,3923,120,NaN,NaN,3028072,1825808,3924,220160,80384,NaN,NaN
2026-03-31 22:57:05.861,43566,ESTAB,cubic,236,32.614,4.809,20.022,1448,8,11584,8688,5611955,5611955,49264,NaN,3931,2375,3929,120,NaN,NaN,3409728,1825808,3930,219648,80384,NaN,NaN
2026-03-31 22:57:06.128,43566,ESTAB,cubic,232,31.848,3.639,20.022,1448,8,11584,8688,5620796,5620796,49264,NaN,3938,2382,3936,120,NaN,NaN,3491688,1825808,3937,220160,80384,NaN,NaN
2026-03-31 22:57:06.374,43566,ESTAB,cubic,232,31.848,3.639,20.022,1448,8,11584,8688,5620796,5620796,49264,NaN,3938,2382,3936,120,NaN,NaN,3491688,1825808,3937,220160,80384,NaN,NaN
2026-03-31 22:57:06.626,43566,ESTAB,cubic,232,31.848,3.639,20.022,1448,8,11584,8688,5620796,5620796,49264,NaN,3938,2382,3936,120,NaN,NaN,3491688,1825808,3937,220160,80384,NaN,NaN
2026-03-31 22:57:06.880,43566,ESTAB,cubic,232,31.848,3.639,20.022,1448,8,11584,8688,5620796,5620796,49264,NaN,3938,2382,3936,120,NaN,NaN,3491688,1825808,3937,220160,80384,NaN,NaN
2026-03-31 22:57:07.132,43566,ESTAB,cubic,232,31.848,3.639,20.022,1448,8,11584,8688,5620796,5620796,49264,NaN,3938,2382,3936,120,NaN,NaN,3491688,1825808,3937,220160,80384,NaN,NaN
2026-03-31 22:57:07.373,43566,ESTAB,cubic,236,35.819,7.316,20.022,1448,9,13032,8688,5659631,5646599,50088,NaN,3965,2394,3963,122,NaN,NaN,3492744,2236288,3955,220160,86016,9,21221
2026-03-31 22:57:07.639,43566,ESTAB,cubic,236,33.697,4.359,20.022,1448,7,10136,8688,5694395,5694395,50088,NaN,3990,2415,3988,122,NaN,NaN,2887656,2489344,3989,220160,86016,NaN,NaN
2026-03-31 22:57:07.906,43566,ESTAB,cubic,236,32.977,5.563,20.022,1448,7,10136,8688,5705510,5705510,50088,NaN,3998,2420,3996,122,NaN,NaN,2950696,2533216,3997,220160,86016,NaN,NaN
2026-03-31 22:57:08.173,43566,ESTAB,cubic,232,31.143,4.77,20.022,1448,7,10136,8688,5712558,5712558,50088,NaN,4004,2424,4002,122,NaN,NaN,3124400,2533216,4003,220160,86016,NaN,NaN
2026-03-31 22:57:08.446,43566,ESTAB,cubic,232,31.143,4.77,20.022,1448,7,10136,8688,5712558,5712558,50088,NaN,4004,2424,4002,122,NaN,NaN,3124400,2533216,4003,220160,86016,NaN,NaN
2026-03-31 22:57:08.703,43566,ESTAB,cubic,232,31.143,4.77,20.022,1448,7,10136,8688,5712558,5712558,50088,NaN,4004,2424,4002,122,NaN,NaN,3124400,2533216,4003,220160,86016,NaN,NaN
2026-03-31 22:57:08.960,43566,ESTAB,cubic,232,31.143,4.77,20.022,1448,7,10136,8688,5712558,5712558,50088,NaN,4004,2424,4002,122,NaN,NaN,3124400,2533216,4003,220160,86016,NaN,NaN
2026-03-31 22:57:09.226,43566,ESTAB,cubic,232,31.143,4.77,20.022,1448,7,10136,8688,5712558,5712558,50088,NaN,4004,2424,4002,122,NaN,NaN,3124400,2533216,4003,220160,86016,NaN,NaN
2026-03-31 22:57:09.506,43566,ESTAB,cubic,240,36.242,3.592,20.022,1448,6,8688,8688,5777457,5768769,50912,NaN,4049,2449,4047,124,NaN,NaN,2301304,1696952,4042,220160,91648,6,4501
2026-03-31 22:57:09.752,43566,ESTAB,cubic,232,30.636,2.257,20.022,1448,5,7240,5792,5796645,5796645,50912,NaN,4063,2462,4061,124,NaN,NaN,2268632,1343640,4062,220160,91648,NaN,NaN
2026-03-31 22:57:10.027,43566,ESTAB,cubic,232,29.545,2.444,20.022,1448,5,7240,5792,5816129,5809137,50912,NaN,4077,2467,4075,124,NaN,NaN,2352424,1302152,4071,220160,91648,5,5654
2026-03-31 22:57:10.292,43566,ESTAB,cubic,232,29.152,2.584,20.022,1448,6,8688,5792,5821783,5821783,50912,NaN,4081,2472,4079,124,NaN,NaN,2860992,1278864,4080,220160,91648,NaN,NaN
2026-03-31 22:57:10.537,43566,ESTAB,cubic,232,29.152,2.584,20.022,1448,6,8688,5792,5821783,5821783,50912,NaN,4081,2472,4079,124,NaN,NaN,2860992,1278864,4080,220160,91648,NaN,NaN
2026-03-31 22:57:10.777,43566,ESTAB,cubic,232,29.152,2.584,20.022,1448,6,8688,5792,5821783,5821783,50912,NaN,4081,2472,4079,124,NaN,NaN,2860992,1278864,4080,220160,91648,NaN,NaN
2026-03-31 22:57:11.023,43566,ESTAB,cubic,232,29.152,2.584,20.022,1448,6,8688,5792,5821783,5821783,50912,NaN,4081,2472,4079,124,NaN,NaN,2860992,1278864,4080,220160,91648,NaN,NaN
2026-03-31 22:57:11.282,43566,ESTAB,cubic,232,29.152,2.584,20.022,1448,6,8688,5792,5821783,5821783,50912,NaN,4081,2472,4079,124,NaN,NaN,2860992,1278864,4080,220160,91648,NaN,NaN
2026-03-31 22:57:11.526,43566,ESTAB,cubic,240,36.042,3.822,20.022,1448,5,7240,7240,5876546,5869306,51736,NaN,4119,2492,4117,126,NaN,NaN,1928368,2245704,4113,219648,97280,5,33716
2026-03-31 22:57:11.801,43566,ESTAB,cubic,232,29.17,2.794,20.022,1448,7,10136,7240,5922510,5917254,51736,NaN,4152,2514,4150,126,NaN,NaN,3335776,2228888,4147,220160,97280,4,NaN
2026-03-31 22:57:12.062,43566,ESTAB,cubic,232,30.631,6.467,20.022,1448,8,11584,7240,5934557,5932398,51736,NaN,4161,2521,4159,126,NaN,NaN,3630472,3162064,4158,220160,97280,2,NaN
2026-03-31 22:57:12.309,43566,ESTAB,cubic,232,30.858,5.304,20.022,1448,8,11584,7240,5934557,5934557,51736,NaN,4161,2522,4159,126,NaN,NaN,3603736,2498088,4160,220160,97280,NaN,NaN
2026-03-31 22:57:12.568,43566,ESTAB,cubic,232,30.858,5.304,20.022,1448,8,11584,7240,5934557,5934557,51736,NaN,4161,2522,4159,126,NaN,NaN,3603736,2498088,4160,220160,97280,NaN,NaN
2026-03-31 22:57:12.825,43566,ESTAB,cubic,232,30.858,5.304,20.022,1448,8,11584,7240,5934557,5934557,51736,NaN,4161,2522,4159,126,NaN,NaN,3603736,2498088,4160,220160,97280,NaN,NaN
2026-03-31 22:57:13.081,43566,ESTAB,cubic,232,30.858,5.304,20.022,1448,8,11584,7240,5934557,5934557,51736,NaN,4161,2522,4159,126,NaN,NaN,3603736,2498088,4160,220160,97280,NaN,NaN
2026-03-31 22:57:13.345,43566,ESTAB,cubic,232,30.858,5.304,20.022,1448,8,11584,7240,5934557,5934557,51736,NaN,4161,2522,4159,126,NaN,NaN,3603736,2498088,4160,220160,97280,NaN,NaN
2026-03-31 22:57:13.599,43566,ESTAB,cubic,236,35.784,3.037,20.022,1448,7,10136,8688,6005248,5995112,52560,NaN,4210,2549,4208,128,NaN,NaN,2719224,2356224,4202,220160,103424,7,21713
2026-03-31 22:57:13.856,43566,ESTAB,cubic,232,31.395,3.887,20.022,1448,8,11584,8688,6041268,6041268,52560,NaN,4236,2570,4234,128,NaN,NaN,3542152,2666352,4235,220160,103424,NaN,NaN
2026-03-31 22:57:14.123,43566,ESTAB,cubic,236,33.698,4.412,20.022,1448,9,13032,8688,6057269,6057269,52560,NaN,4248,2577,4246,128,NaN,NaN,3712496,1964240,4247,220160,103424,NaN,NaN
2026-03-31 22:57:14.389,43566,ESTAB,cubic,236,33.698,4.412,20.022,1448,9,13032,8688,6057269,6057269,52560,NaN,4248,2577,4246,128,NaN,NaN,3712496,1964240,4247,220160,103424,NaN,NaN
2026-03-31 22:57:14.646,43566,ESTAB,cubic,236,33.698,4.412,20.022,1448,9,13032,8688,6057269,6057269,52560,NaN,4248,2577,4246,128,NaN,NaN,3712496,1964240,4247,220160,103424,NaN,NaN
2026-03-31 22:57:14.910,43566,ESTAB,cubic,236,33.698,4.412,20.022,1448,9,13032,8688,6057269,6057269,52560,NaN,4248,2577,4246,128,NaN,NaN,3712496,1964240,4247,220160,103424,NaN,NaN
2026-03-31 22:57:15.180,43566,ESTAB,cubic,236,33.698,4.412,20.022,1448,9,13032,8688,6057269,6057269,52560,NaN,4248,2577,4246,128,NaN,NaN,3712496,1964240,4247,220160,103424,NaN,NaN
2026-03-31 22:57:15.453,43566,ESTAB,cubic,232,30.37,4.811,20.022,1448,9,13032,8688,6075832,6063048,53384,NaN,4261,2582,4259,130,NaN,NaN,4119344,1964240,4251,220160,109056,9,18398
2026-03-31 22:57:15.723,43566,ESTAB,cubic,244,42.528,5.99,20.022,1448,5,7240,10136,6096746,6096746,53384,NaN,4276,2596,4274,130,NaN,NaN,1634272,1674384,4275,220160,109056,NaN,NaN
2026-03-31 22:57:15.993,43566,ESTAB,cubic,236,35.06,3.546,20.022,1448,8,11584,10136,6112114,6112114,53384,NaN,4287,2603,4285,130,NaN,NaN,3171824,1925792,4286,220160,109056,NaN,NaN
2026-03-31 22:57:16.257,43566,ESTAB,cubic,236,32.386,3.867,20.022,1448,8,11584,10136,6116496,6116496,53384,NaN,4291,2606,4289,130,NaN,NaN,3433680,1925792,4290,220160,109056,NaN,NaN
2026-03-31 22:57:16.519,43566,ESTAB,cubic,236,32.386,3.867,20.022,1448,8,11584,10136,6116496,6116496,53384,NaN,4291,2606,4289,130,NaN,NaN,3433680,1925792,4290,220160,109056,NaN,NaN
2026-03-31 22:57:16.780,43566,ESTAB,cubic,236,32.386,3.867,20.022,1448,8,11584,10136,6116496,6116496,53384,NaN,4291,2606,4289,130,NaN,NaN,3433680,1925792,4290,220160,109056,NaN,NaN
2026-03-31 22:57:17.042,43566,ESTAB,cubic,236,32.386,3.867,20.022,1448,8,11584,10136,6116496,6116496,53384,NaN,4291,2606,4289,130,NaN,NaN,3433680,1925792,4290,220160,109056,NaN,NaN
2026-03-31 22:57:17.301,43566,ESTAB,cubic,236,32.386,3.867,20.022,1448,8,11584,10136,6116496,6116496,53384,NaN,4291,2606,4289,130,NaN,NaN,3433680,1925792,4290,220160,109056,NaN,NaN
2026-03-31 22:57:17.551,43566,ESTAB,cubic,240,36.945,6.539,20.022,1448,8,11584,10136,6156779,6145195,54208,NaN,4319,2619,4317,132,NaN,NaN,3010048,2228704,4310,220160,114688,8,29457
2026-03-31 22:57:17.800,43566,ESTAB,cubic,232,29.603,2.842,20.022,1448,6,8688,7240,6191069,6191069,54208,NaN,4344,2641,4342,132,NaN,NaN,2817360,2233184,4343,220160,114688,NaN,NaN
2026-03-31 22:57:18.057,43566,ESTAB,cubic,232,28.928,3.297,20.022,1448,6,8688,7240,6201701,6200957,54208,NaN,4352,2648,4350,132,NaN,NaN,2883144,2706960,4350,219648,114688,1,NaN
2026-03-31 22:57:18.311,43566,ESTAB,cubic,232,28.95,2.517,20.022,1448,7,10136,7240,6201701,6201701,54208,NaN,4352,2649,4350,132,NaN,NaN,3361112,2387464,4351,219648,114688,NaN,NaN
2026-03-31 22:57:18.555,43566,ESTAB,cubic,232,28.95,2.517,20.022,1448,7,10136,7240,6201701,6201701,54208,NaN,4352,2649,4350,132,NaN,NaN,3361112,2387464,4351,219648,114688,NaN,NaN
2026-03-31 22:57:18.812,43566,ESTAB,cubic,232,28.95,2.517,20.022,1448,7,10136,7240,6201701,6201701,54208,NaN,4352,2649,4350,132,NaN,NaN,3361112,2387464,4351,219648,114688,NaN,NaN
2026-03-31 22:57:19.071,43566,ESTAB,cubic,232,28.95,2.517,20.022,1448,7,10136,7240,6201701,6201701,54208,NaN,4352,2649,4350,132,NaN,NaN,3361112,2387464,4351,219648,114688,NaN,NaN
2026-03-31 22:57:19.326,43566,ESTAB,cubic,232,28.95,2.517,20.022,1448,7,10136,7240,6201701,6201701,54208,NaN,4352,2649,4350,132,NaN,NaN,3361112,2387464,4351,219648,114688,NaN,NaN
2026-03-31 22:57:19.593,43566,ESTAB,cubic,236,34.716,6.498,20.022,1448,8,11584,7240,6244880,6233296,55032,NaN,4382,2663,4380,134,NaN,NaN,3203312,2231984,4373,220160,120832,8,49726
2026-03-31 22:57:19.849,43566,ESTAB,cubic,236,32.97,1.721,20.022,1448,3,4344,2896,6302800,6298456,55032,NaN,4422,2691,4420,134,NaN,NaN,1264824,1136984,4418,219648,120832,3,458
2026-03-31 22:57:20.114,43566,ESTAB,cubic,236,33.328,6.538,20.022,1448,4,5792,2896,6316838,6316838,55032,NaN,4433,2699,4431,134,NaN,NaN,1668336,1581160,4432,220160,120832,NaN,NaN
2026-03-31 22:57:20.373,43566,ESTAB,cubic,236,33.328,6.538,20.022,1448,4,5792,2896,6316838,6316838,55032,NaN,4433,2699,4431,134,NaN,NaN,1668336,1581160,4432,220160,120832,NaN,NaN
2026-03-31 22:57:20.647,43566,ESTAB,cubic,236,33.328,6.538,20.022,1448,4,5792,2896,6316838,6316838,55032,NaN,4433,2699,4431,134,NaN,NaN,1668336,1581160,4432,220160,120832,NaN,NaN
2026-03-31 22:57:20.913,43566,ESTAB,cubic,236,33.328,6.538,20.022,1448,4,5792,2896,6316838,6316838,55032,NaN,4433,2699,4431,134,NaN,NaN,1668336,1581160,4432,220160,120832,NaN,NaN
2026-03-31 22:57:21.172,43566,ESTAB,cubic,236,33.328,6.538,20.022,1448,4,5792,2896,6316838,6316838,55032,NaN,4433,2699,4431,134,NaN,NaN,1668336,1581160,4432,220160,120832,NaN,NaN
2026-03-31 22:57:21.424,43566,ESTAB,cubic,236,33.328,6.538,20.022,1448,4,5792,2896,6316838,6316838,55032,NaN,4433,2699,4431,134,NaN,NaN,1668336,1581160,4432,220160,120832,NaN,NaN
2026-03-31 22:57:21.680,43566,ESTAB,cubic,232,30.511,1.7,20.022,1448,7,10136,4344,6370153,6360017,55856,NaN,4470,2717,4468,136,NaN,NaN,3189128,2367216,4462,220160,126464,7,31404
2026-03-31 22:57:21.942,43566,ESTAB,cubic,236,33.073,3.708,20.022,1448,6,8688,7240,6415562,6415562,55856,NaN,4502,2739,4500,136,NaN,NaN,2521784,2236552,4501,220160,126464,NaN,NaN
2026-03-31 22:57:22.202,43566,ESTAB,cubic,232,31.563,4.344,20.022,1448,6,8688,7240,6426614,6426614,55856,NaN,4510,2744,4508,136,NaN,NaN,2642472,2540536,4509,220160,126464,NaN,NaN
2026-03-31 22:57:22.459,43566,ESTAB,cubic,232,31.563,4.344,20.022,1448,6,8688,7240,6426614,6426614,55856,NaN,4510,2744,4508,136,NaN,NaN,2642472,2540536,4509,220160,126464,NaN,NaN
2026-03-31 22:57:22.709,43566,ESTAB,cubic,232,31.563,4.344,20.022,1448,6,8688,7240,6426614,6426614,55856,NaN,4510,2744,4508,136,NaN,NaN,2642472,2540536,4509,220160,126464,NaN,NaN
2026-03-31 22:57:22.957,43566,ESTAB,cubic,232,31.563,4.344,20.022,1448,6,8688,7240,6426614,6426614,55856,NaN,4510,2744,4508,136,NaN,NaN,2642472,2540536,4509,220160,126464,NaN,NaN
2026-03-31 22:57:23.204,43566,ESTAB,cubic,232,31.563,4.344,20.022,1448,6,8688,7240,6426614,6426614,55856,NaN,4510,2744,4508,136,NaN,NaN,2642472,2540536,4509,220160,126464,NaN,NaN
2026-03-31 22:57:23.460,43566,ESTAB,cubic,232,31.563,4.344,20.022,1448,6,8688,7240,6426614,6426614,55856,NaN,4510,2744,4508,136,NaN,NaN,2642472,2540536,4509,220160,126464,NaN,NaN
2026-03-31 22:57:23.728,43566,ESTAB,cubic,240,36.413,3.384,20.022,1448,5,7240,7240,6482825,6475585,56680,NaN,4549,2765,4547,138,NaN,NaN,1908744,2679072,4543,220160,132096,5,27098
2026-03-31 22:57:24.007,43566,ESTAB,cubic,232,31.66,3.322,20.022,1448,7,10136,7240,6523487,6523487,56680,NaN,4578,2784,4576,138,NaN,NaN,3073424,2229648,4577,220160,132096,NaN,NaN
2026-03-31 22:57:24.282,43566,ESTAB,cubic,232,30.818,3.969,20.022,1448,8,11584,7240,6540685,6540685,56680,NaN,4591,2792,4589,138,NaN,NaN,3608488,1617800,4590,220160,132096,NaN,NaN
2026-03-31 22:57:24.545,43566,ESTAB,cubic,232,30.818,3.969,20.022,1448,8,11584,7240,6540685,6540685,56680,NaN,4591,2792,4589,138,NaN,NaN,3608488,1617800,4590,220160,132096,NaN,NaN
2026-03-31 22:57:24.810,43566,ESTAB,cubic,232,30.818,3.969,20.022,1448,8,11584,7240,6540685,6540685,56680,NaN,4591,2792,4589,138,NaN,NaN,3608488,1617800,4590,220160,132096,NaN,NaN
2026-03-31 22:57:25.057,43566,ESTAB,cubic,232,30.818,3.969,20.022,1448,8,11584,7240,6540685,6540685,56680,NaN,4591,2792,4589,138,NaN,NaN,3608488,1617800,4590,220160,132096,NaN,NaN
2026-03-31 22:57:25.324,43566,ESTAB,cubic,232,30.818,3.969,20.022,1448,8,11584,7240,6540685,6540685,56680,NaN,4591,2792,4589,138,NaN,NaN,3608488,1617800,4590,220160,132096,NaN,NaN
2026-03-31 22:57:25.576,43566,ESTAB,cubic,232,28.885,4.199,20.022,1448,8,11584,8688,6550560,6543568,57504,NaN,4598,2796,4596,140,NaN,NaN,3849896,1617800,4592,220160,138240,5,66286
2026-03-31 22:57:25.834,43566,ESTAB,cubic,236,35.625,2.801,20.022,1448,7,10136,8688,6618616,6609928,57504,NaN,4645,2823,4643,140,NaN,NaN,2731320,2220672,4638,220160,138240,6,9418
2026-03-31 22:57:26.082,43566,ESTAB,cubic,236,33.414,1.678,20.022,1448,8,11584,8688,6636150,6636150,57504,NaN,4658,2836,4656,140,NaN,NaN,3328088,1930752,4657,220160,138240,NaN,NaN
2026-03-31 22:57:26.320,43566,ESTAB,cubic,236,33.414,1.678,20.022,1448,8,11584,8688,6636150,6636150,57504,NaN,4658,2836,4656,140,NaN,NaN,3328088,1930752,4657,220160,138240,NaN,NaN
2026-03-31 22:57:26.594,43566,ESTAB,cubic,236,33.414,1.678,20.022,1448,8,11584,8688,6636150,6636150,57504,NaN,4658,2836,4656,140,NaN,NaN,3328088,1930752,4657,220160,138240,NaN,NaN
2026-03-31 22:57:26.849,43566,ESTAB,cubic,236,33.414,1.678,20.022,1448,8,11584,8688,6636150,6636150,57504,NaN,4658,2836,4656,140,NaN,NaN,3328088,1930752,4657,220160,138240,NaN,NaN
2026-03-31 22:57:27.104,43566,ESTAB,cubic,236,33.414,1.678,20.022,1448,8,11584,8688,6636150,6636150,57504,NaN,4658,2836,4656,140,NaN,NaN,3328088,1930752,4657,220160,138240,NaN,NaN
2026-03-31 22:57:27.371,43566,ESTAB,cubic,236,33.414,1.678,20.022,1448,8,11584,8688,6636150,6636150,57504,NaN,4658,2836,4656,140,NaN,NaN,3328088,1930752,4657,220160,138240,NaN,NaN
2026-03-31 22:57:27.637,43566,ESTAB,cubic,232,30.783,2.219,20.022,1448,8,11584,8688,6650369,6639033,58328,NaN,4668,2840,4666,142,NaN,NaN,3612496,1930752,4659,220160,143872,8,75537
2026-03-31 22:57:27.903,43566,ESTAB,cubic,232,31.69,2.434,20.022,1448,5,7240,5792,6724217,6716977,58328,NaN,4719,2872,4717,142,NaN,NaN,2193216,1830448,4713,219648,143872,5,13763
2026-03-31 22:57:28.170,43566,ESTAB,cubic,232,28.871,4.217,20.022,1448,6,8688,5792,6746884,6746884,58328,NaN,4736,2885,4734,142,NaN,NaN,2888800,2240352,4735,220160,143872,NaN,NaN
2026-03-31 22:57:28.424,43566,ESTAB,cubic,232,28.871,4.217,20.022,1448,6,8688,5792,6746884,6746884,58328,NaN,4736,2885,4734,142,NaN,NaN,2888800,2240352,4735,220160,143872,NaN,NaN
2026-03-31 22:57:28.683,43566,ESTAB,cubic,232,28.871,4.217,20.022,1448,6,8688,5792,6746884,6746884,58328,NaN,4736,2885,4734,142,NaN,NaN,2888800,2240352,4735,220160,143872,NaN,NaN
2026-03-31 22:57:28.965,43566,ESTAB,cubic,232,28.871,4.217,20.022,1448,6,8688,5792,6746884,6746884,58328,NaN,4736,2885,4734,142,NaN,NaN,2888800,2240352,4735,220160,143872,NaN,NaN
2026-03-31 22:57:29.225,43566,ESTAB,cubic,232,28.871,4.217,20.022,1448,6,8688,5792,6746884,6746884,58328,NaN,4736,2885,4734,142,NaN,NaN,2888800,2240352,4735,220160,143872,NaN,NaN
2026-03-31 22:57:29.493,43566,ESTAB,cubic,232,28.871,4.217,20.022,1448,6,8688,5792,6746884,6746884,58328,NaN,4736,2885,4734,142,NaN,NaN,2888800,2240352,4735,220160,143872,NaN,NaN
2026-03-31 22:57:29.747,43566,ESTAB,cubic,232,30.071,2.669,20.022,1448,7,10136,5792,6782823,6772687,59152,NaN,4761,2897,4759,144,NaN,NaN,3235848,2229904,4753,220160,149504,7,11302
2026-03-31 22:57:30.009,43566,ESTAB,cubic,236,34.242,2.281,20.022,1448,5,7240,7240,6800234,6800234,59152,NaN,4774,2908,4772,144,NaN,NaN,2029736,2338544,4773,220160,149504,NaN,NaN
2026-03-31 22:57:30.271,43566,ESTAB,cubic,232,30.985,2.976,20.022,1448,6,8688,7240,6805920,6805920,59152,NaN,4779,2912,4777,144,NaN,NaN,2691776,2338544,4778,220160,149504,NaN,NaN
2026-03-31 22:57:30.534,43566,ESTAB,cubic,232,30.985,2.976,20.022,1448,6,8688,7240,6805920,6805920,59152,NaN,4779,2912,4777,144,NaN,NaN,2691776,2338544,4778,220160,149504,NaN,NaN
2026-03-31 22:57:30.805,43566,ESTAB,cubic,232,30.985,2.976,20.022,1448,6,8688,7240,6805920,6805920,59152,NaN,4779,2912,4777,144,NaN,NaN,2691776,2338544,4778,220160,149504,NaN,NaN
2026-03-31 22:57:31.068,43566,ESTAB,cubic,232,30.985,2.976,20.022,1448,6,8688,7240,6805920,6805920,59152,NaN,4779,2912,4777,144,NaN,NaN,2691776,2338544,4778,220160,149504,NaN,NaN
2026-03-31 22:57:31.327,43566,ESTAB,cubic,232,30.985,2.976,20.022,1448,6,8688,7240,6805920,6805920,59152,NaN,4779,2912,4777,144,NaN,NaN,2691776,2338544,4778,220160,149504,NaN,NaN
2026-03-31 22:57:31.574,43566,ESTAB,cubic,232,30.985,2.976,20.022,1448,6,8688,7240,6805920,6805920,59152,NaN,4779,2912,4777,144,NaN,NaN,2691776,2338544,4778,220160,149504,NaN,NaN
2026-03-31 22:57:31.827,43566,ESTAB,cubic,232,30.837,0.805,20.022,1448,7,10136,7240,6856339,6846203,59976,NaN,4814,2929,4812,146,NaN,NaN,3155424,2225616,4806,220160,155648,7,37052
2026-03-31 22:57:32.103,43566,ESTAB,cubic,232,29.579,4.399,20.022,1448,6,8688,5792,6904127,6904127,59976,NaN,4848,2955,4846,146,NaN,NaN,2819640,2705488,4847,220160,155648,NaN,NaN
2026-03-31 22:57:32.375,43566,ESTAB,cubic,232,29.579,4.399,20.022,1448,6,8688,5792,6904127,6904127,59976,NaN,4848,2955,4846,146,NaN,NaN,2819640,2705488,4847,220160,155648,NaN,NaN
2026-03-31 22:57:32.641,43566,ESTAB,cubic,232,29.579,4.399,20.022,1448,6,8688,5792,6904127,6904127,59976,NaN,4848,2955,4846,146,NaN,NaN,2819640,2705488,4847,220160,155648,NaN,NaN
2026-03-31 22:57:32.902,43566,ESTAB,cubic,232,29.579,4.399,20.022,1448,6,8688,5792,6904127,6904127,59976,NaN,4848,2955,4846,146,NaN,NaN,2819640,2705488,4847,220160,155648,NaN,NaN
2026-03-31 22:57:33.165,43566,ESTAB,cubic,232,29.579,4.399,20.022,1448,6,8688,5792,6904127,6904127,59976,NaN,4848,2955,4846,146,NaN,NaN,2819640,2705488,4847,220160,155648,NaN,NaN
2026-03-31 22:57:33.426,43566,ESTAB,cubic,232,29.579,4.399,20.022,1448,6,8688,5792,6904127,6904127,59976,NaN,4848,2955,4846,146,NaN,NaN,2819640,2705488,4847,220160,155648,NaN,NaN
2026-03-31 22:57:33.691,43566,ESTAB,cubic,232,29.579,4.399,20.022,1448,6,8688,5792,6907010,6904127,60384,NaN,4850,2956,4848,147,NaN,NaN,2819640,2705488,4847,220160,158208,2,NaN
2026-03-31 22:57:33.945,43566,ESTAB,cubic,236,35.464,2.9,20.022,1448,7,10136,8688,6973744,6969026,60800,NaN,4897,2983,4895,148,NaN,NaN,2743744,2229400,4892,220160,161280,4,NaN
2026-03-31 22:57:34.192,43566,ESTAB,cubic,232,28.831,3.389,20.022,1448,7,10136,8688,6981004,6981004,60800,NaN,4903,2990,4901,148,NaN,NaN,3375000,2591208,4902,220160,161280,NaN,NaN
2026-03-31 22:57:34.454,43566,ESTAB,cubic,232,28.831,3.389,20.022,1448,7,10136,8688,6981004,6981004,60800,NaN,4903,2990,4901,148,NaN,NaN,3375000,2591208,4902,220160,161280,NaN,NaN
2026-03-31 22:57:34.709,43566,ESTAB,cubic,232,28.831,3.389,20.022,1448,7,10136,8688,6981004,6981004,60800,NaN,4903,2990,4901,148,NaN,NaN,3375000,2591208,4902,220160,161280,NaN,NaN
2026-03-31 22:57:34.967,43566,ESTAB,cubic,232,28.831,3.389,20.022,1448,7,10136,8688,6981004,6981004,60800,NaN,4903,2990,4901,148,NaN,NaN,3375000,2591208,4902,220160,161280,NaN,NaN
2026-03-31 22:57:35.219,43566,ESTAB,cubic,232,28.831,3.389,20.022,1448,7,10136,8688,6981004,6981004,60800,NaN,4903,2990,4901,148,NaN,NaN,3375000,2591208,4902,220160,161280,NaN,NaN
2026-03-31 22:57:35.469,43566,ESTAB,cubic,232,28.831,3.389,20.022,1448,7,10136,8688,6981004,6981004,60800,NaN,4903,2990,4901,148,NaN,NaN,3375000,2591208,4902,220160,161280,NaN,NaN
2026-03-31 22:57:35.719,43566,ESTAB,cubic,232,28.831,3.389,20.022,1448,7,10136,8688,6983887,6981004,61208,NaN,4905,2991,4903,149,NaN,NaN,3375000,2591208,4902,220160,164352,2,NaN
2026-03-31 22:57:35.958,43566,ESTAB,cubic,232,31.756,4.656,20.022,1448,6,8688,7240,7050247,7041559,61624,NaN,4951,3017,4949,150,NaN,NaN,2626424,2246696,4944,220160,166912,6,13210
2026-03-31 22:57:36.226,43566,ESTAB,cubic,232,31.144,1.689,20.022,1448,7,10136,7240,7078280,7078280,61624,NaN,4972,3033,4970,150,NaN,NaN,3124312,2267072,4971,220160,166912,NaN,NaN
2026-03-31 22:57:36.489,43566,ESTAB,cubic,232,31.144,1.689,20.022,1448,7,10136,7240,7078280,7078280,61624,NaN,4972,3033,4970,150,NaN,NaN,3124312,2267072,4971,220160,166912,NaN,NaN
2026-03-31 22:57:36.751,43566,ESTAB,cubic,232,31.144,1.689,20.022,1448,7,10136,7240,7078280,7078280,61624,NaN,4972,3033,4970,150,NaN,NaN,3124312,2267072,4971,220160,166912,NaN,NaN
2026-03-31 22:57:37.013,43566,ESTAB,cubic,232,31.144,1.689,20.022,1448,7,10136,7240,7078280,7078280,61624,NaN,4972,3033,4970,150,NaN,NaN,3124312,2267072,4971,220160,166912,NaN,NaN
2026-03-31 22:57:37.276,43566,ESTAB,cubic,232,31.144,1.689,20.022,1448,7,10136,7240,7078280,7078280,61624,NaN,4972,3033,4970,150,NaN,NaN,3124312,2267072,4971,220160,166912,NaN,NaN
2026-03-31 22:57:37.530,43566,ESTAB,cubic,232,31.144,1.689,20.022,1448,7,10136,7240,7078280,7078280,61624,NaN,4972,3033,4970,150,NaN,NaN,3124312,2267072,4971,220160,166912,NaN,NaN
2026-03-31 22:57:37.787,43566,ESTAB,cubic,232,29.001,2.11,20.022,1448,7,10136,7240,7091051,7081163,62448,NaN,4981,3037,4979,152,NaN,NaN,3355176,2267072,4973,220160,173056,7,50010
2026-03-31 22:57:38.054,43566,ESTAB,cubic,236,32.663,2.243,20.022,1448,7,10136,8688,7149833,7149833,62448,NaN,5023,3067,5021,152,NaN,NaN,2979016,2233200,5022,220160,173056,NaN,NaN
2026-03-31 22:57:38.313,43566,ESTAB,cubic,236,32.663,2.243,20.022,1448,7,10136,8688,7149833,7149833,62448,NaN,5023,3067,5021,152,NaN,NaN,2979016,2233200,5022,220160,173056,NaN,NaN
2026-03-31 22:57:38.550,43566,ESTAB,cubic,236,32.663,2.243,20.022,1448,7,10136,8688,7149833,7149833,62448,NaN,5023,3067,5021,152,NaN,NaN,2979016,2233200,5022,220160,173056,NaN,NaN
2026-03-31 22:57:38.798,43566,ESTAB,cubic,236,32.663,2.243,20.022,1448,7,10136,8688,7149833,7149833,62448,NaN,5023,3067,5021,152,NaN,NaN,2979016,2233200,5022,220160,173056,NaN,NaN
2026-03-31 22:57:39.063,43566,ESTAB,cubic,236,32.663,2.243,20.022,1448,7,10136,8688,7149833,7149833,62448,NaN,5023,3067,5021,152,NaN,NaN,2979016,2233200,5022,220160,173056,NaN,NaN
2026-03-31 22:57:39.318,43566,ESTAB,cubic,236,32.663,2.243,20.022,1448,7,10136,8688,7149833,7149833,62448,NaN,5023,3067,5021,152,NaN,NaN,2979016,2233200,5022,220160,173056,NaN,NaN
2026-03-31 22:57:39.566,43566,ESTAB,cubic,236,32.663,2.243,20.022,1448,7,10136,8688,7149833,7149833,62448,NaN,5023,3067,5021,152,NaN,NaN,2979016,2233200,5022,220160,173056,NaN,NaN
2026-03-31 22:57:39.828,43566,ESTAB,cubic,232,30.244,2.697,20.022,1448,7,10136,8688,7162604,7152716,63272,NaN,5032,3071,5030,154,NaN,NaN,3217320,2233200,5024,220160,178688,7,62416
2026-03-31 22:57:40.082,43566,ESTAB,cubic,236,32.408,4.499,20.022,1448,7,10136,8688,7233694,7232108,63272,NaN,5082,3102,5080,154,NaN,NaN,3002456,2677448,5079,220160,178688,2,NaN
2026-03-31 22:57:40.348,43566,ESTAB,cubic,236,32.811,4.18,20.022,1448,7,10136,8688,7233694,7233694,63272,NaN,5082,3103,5080,154,NaN,NaN,2965592,2376936,5081,220160,178688,NaN,NaN
2026-03-31 22:57:40.590,43566,ESTAB,cubic,236,32.811,4.18,20.022,1448,7,10136,8688,7233694,7233694,63272,NaN,5082,3103,5080,154,NaN,NaN,2965592,2376936,5081,220160,178688,NaN,NaN
2026-03-31 22:57:40.857,43566,ESTAB,cubic,236,32.811,4.18,20.022,1448,7,10136,8688,7233694,7233694,63272,NaN,5082,3103,5080,154,NaN,NaN,2965592,2376936,5081,220160,178688,NaN,NaN
2026-03-31 22:57:41.120,43566,ESTAB,cubic,236,32.811,4.18,20.022,1448,7,10136,8688,7233694,7233694,63272,NaN,5082,3103,5080,154,NaN,NaN,2965592,2376936,5081,220160,178688,NaN,NaN
2026-03-31 22:57:41.380,43566,ESTAB,cubic,236,32.811,4.18,20.022,1448,7,10136,8688,7233694,7233694,63272,NaN,5082,3103,5080,154,NaN,NaN,2965592,2376936,5081,220160,178688,NaN,NaN
2026-03-31 22:57:41.637,43566,ESTAB,cubic,236,32.811,4.18,20.022,1448,7,10136,8688,7233694,7233694,63272,NaN,5082,3103,5080,154,NaN,NaN,2965592,2376936,5081,220160,178688,NaN,NaN
2026-03-31 22:57:41.895,43566,ESTAB,cubic,236,33.324,8.599,20.022,1448,7,10136,8688,7258049,7247913,64096,NaN,5099,3111,5097,156,NaN,NaN,2919952,2532664,5091,220160,184320,7,77226
2026-03-31 22:57:42.144,43566,ESTAB,cubic,232,29.16,1.797,20.022,1448,7,10136,7240,7334793,7324657,64096,NaN,5152,3143,5150,156,NaN,NaN,3336848,2607832,5144,220160,184320,7,10940
2026-03-31 22:57:42.406,43566,ESTAB,cubic,232,31.228,3.116,20.022,1448,8,11584,7240,7345733,7345733,64096,NaN,5160,3151,5158,156,NaN,NaN,3561008,1916816,5159,220160,184320,NaN,NaN
2026-03-31 22:57:42.677,43566,ESTAB,cubic,232,31.228,3.116,20.022,1448,8,11584,7240,7345733,7345733,64096,NaN,5160,3151,5158,156,NaN,NaN,3561008,1916816,5159,220160,184320,NaN,NaN
2026-03-31 22:57:42.943,43566,ESTAB,cubic,232,31.228,3.116,20.022,1448,8,11584,7240,7345733,7345733,64096,NaN,5160,3151,5158,156,NaN,NaN,3561008,1916816,5159,220160,184320,NaN,NaN
2026-03-31 22:57:43.212,43566,ESTAB,cubic,232,31.228,3.116,20.022,1448,8,11584,7240,7345733,7345733,64096,NaN,5160,3151,5158,156,NaN,NaN,3561008,1916816,5159,220160,184320,NaN,NaN
2026-03-31 22:57:43.474,43566,ESTAB,cubic,232,31.228,3.116,20.022,1448,8,11584,7240,7345733,7345733,64096,NaN,5160,3151,5158,156,NaN,NaN,3561008,1916816,5159,220160,184320,NaN,NaN
2026-03-31 22:57:43.725,43566,ESTAB,cubic,232,31.228,3.116,20.022,1448,8,11584,7240,7345733,7345733,64096,NaN,5160,3151,5158,156,NaN,NaN,3561008,1916816,5159,220160,184320,NaN,NaN
2026-03-31 22:57:43.998,43566,ESTAB,cubic,240,36.229,5.473,20.022,1448,9,13032,8688,7393256,7380224,64920,NaN,5193,3166,5191,158,NaN,NaN,3453216,2232952,5183,220160,189952,9,30588
2026-03-31 22:57:44.259,43566,ESTAB,cubic,236,32.254,2.98,20.022,1448,7,10136,8688,7428720,7428720,64920,NaN,5218,3187,5216,158,NaN,NaN,3016848,2005880,5217,220160,189952,NaN,NaN
2026-03-31 22:57:44.522,43566,ESTAB,cubic,236,32.254,2.98,20.022,1448,7,10136,8688,7428720,7428720,64920,NaN,5218,3187,5216,158,NaN,NaN,3016848,2005880,5217,220160,189952,NaN,NaN
2026-03-31 22:57:44.784,43566,ESTAB,cubic,236,32.254,2.98,20.022,1448,7,10136,8688,7428720,7428720,64920,NaN,5218,3187,5216,158,NaN,NaN,3016848,2005880,5217,220160,189952,NaN,NaN
2026-03-31 22:57:45.046,43566,ESTAB,cubic,236,32.254,2.98,20.022,1448,7,10136,8688,7428720,7428720,64920,NaN,5218,3187,5216,158,NaN,NaN,3016848,2005880,5217,220160,189952,NaN,NaN
2026-03-31 22:57:45.316,43566,ESTAB,cubic,236,32.254,2.98,20.022,1448,7,10136,8688,7428720,7428720,64920,NaN,5218,3187,5216,158,NaN,NaN,3016848,2005880,5217,220160,189952,NaN,NaN
2026-03-31 22:57:45.577,43566,ESTAB,cubic,236,32.254,2.98,20.022,1448,7,10136,8688,7428720,7428720,64920,NaN,5218,3187,5216,158,NaN,NaN,3016848,2005880,5217,220160,189952,NaN,NaN
2026-03-31 22:57:45.834,43566,ESTAB,cubic,236,32.254,2.98,20.022,1448,7,10136,8688,7428720,7428720,64920,NaN,5218,3187,5216,158,NaN,NaN,3016848,2005880,5217,220160,189952,NaN,NaN
2026-03-31 22:57:46.093,43566,ESTAB,cubic,240,36.14,3.38,20.022,1448,6,8688,8688,7489275,7480587,65744,NaN,5260,3211,5258,160,NaN,NaN,2307792,1673216,5253,220160,196096,6,37371
2026-03-31 22:57:46.355,43566,ESTAB,cubic,232,31.163,2.605,20.022,1448,8,11584,8688,7526646,7526646,65744,NaN,5286,3232,5284,160,NaN,NaN,3568536,2460112,5285,220160,196096,NaN,NaN
2026-03-31 22:57:46.622,43566,ESTAB,cubic,232,31.163,2.605,20.022,1448,8,11584,8688,7526646,7526646,65744,NaN,5286,3232,5284,160,NaN,NaN,3568536,2460112,5285,220160,196096,NaN,NaN
2026-03-31 22:57:46.883,43566,ESTAB,cubic,232,31.163,2.605,20.022,1448,8,11584,8688,7526646,7526646,65744,NaN,5286,3232,5284,160,NaN,NaN,3568536,2460112,5285,220160,196096,NaN,NaN
2026-03-31 22:57:47.124,43566,ESTAB,cubic,232,31.163,2.605,20.022,1448,8,11584,8688,7526646,7526646,65744,NaN,5286,3232,5284,160,NaN,NaN,3568536,2460112,5285,220160,196096,NaN,NaN
2026-03-31 22:57:47.365,43566,ESTAB,cubic,232,31.163,2.605,20.022,1448,8,11584,8688,7526646,7526646,65744,NaN,5286,3232,5284,160,NaN,NaN,3568536,2460112,5285,220160,196096,NaN,NaN
2026-03-31 22:57:47.627,43566,ESTAB,cubic,232,31.163,2.605,20.022,1448,8,11584,8688,7526646,7526646,65744,NaN,5286,3232,5284,160,NaN,NaN,3568536,2460112,5285,220160,196096,NaN,NaN
2026-03-31 22:57:47.876,43566,ESTAB,cubic,232,31.163,2.605,20.022,1448,8,11584,8688,7526646,7526646,65744,NaN,5286,3232,5284,160,NaN,NaN,3568536,2460112,5285,220160,196096,NaN,NaN
2026-03-31 22:57:48.137,43566,ESTAB,cubic,240,38.24,4.965,20.022,1448,6,8688,8688,7588649,7579961,66568,NaN,5329,3256,5327,162,NaN,NaN,2181064,1566352,5322,220160,201728,6,32405
2026-03-31 22:57:48.407,43566,ESTAB,cubic,236,32.7,1.724,20.022,1448,8,11584,8688,7621054,7621054,66568,NaN,5352,3275,5350,162,NaN,NaN,3400736,2601976,5351,220160,201728,NaN,NaN
2026-03-31 22:57:48.659,43566,ESTAB,cubic,236,32.7,1.724,20.022,1448,8,11584,8688,7621054,7621054,66568,NaN,5352,3275,5350,162,NaN,NaN,3400736,2601976,5351,220160,201728,NaN,NaN
2026-03-31 22:57:48.891,43566,ESTAB,cubic,236,32.7,1.724,20.022,1448,8,11584,8688,7621054,7621054,66568,NaN,5352,3275,5350,162,NaN,NaN,3400736,2601976,5351,220160,201728,NaN,NaN
2026-03-31 22:57:49.132,43566,ESTAB,cubic,236,32.7,1.724,20.022,1448,8,11584,8688,7621054,7621054,66568,NaN,5352,3275,5350,162,NaN,NaN,3400736,2601976,5351,220160,201728,NaN,NaN
2026-03-31 22:57:49.395,43566,ESTAB,cubic,236,32.7,1.724,20.022,1448,8,11584,8688,7621054,7621054,66568,NaN,5352,3275,5350,162,NaN,NaN,3400736,2601976,5351,220160,201728,NaN,NaN
2026-03-31 22:57:49.656,43566,ESTAB,cubic,236,32.7,1.724,20.022,1448,8,11584,8688,7621054,7621054,66568,NaN,5352,3275,5350,162,NaN,NaN,3400736,2601976,5351,220160,201728,NaN,NaN
2026-03-31 22:57:49.917,43566,ESTAB,cubic,236,32.7,1.724,20.022,1448,8,11584,8688,7621054,7621054,66568,NaN,5352,3275,5350,162,NaN,NaN,3400736,2601976,5351,220160,201728,NaN,NaN
2026-03-31 22:57:50.182,43566,ESTAB,cubic,236,35.9,4.791,20.022,1448,7,10136,8688,7690297,7680161,67392,NaN,5400,3301,5398,164,NaN,NaN,2710392,2385200,5392,220160,207360,7,39806
2026-03-31 22:57:50.433,43566,ESTAB,cubic,232,28.977,3.698,20.022,1448,8,11584,8688,7730103,7730103,67392,NaN,5428,3322,5426,164,NaN,NaN,3837680,3152224,5427,220160,207360,NaN,NaN
2026-03-31 22:57:50.696,43566,ESTAB,cubic,232,28.977,3.698,20.022,1448,8,11584,8688,7730103,7730103,67392,NaN,5428,3322,5426,164,NaN,NaN,3837680,3152224,5427,220160,207360,NaN,NaN
2026-03-31 22:57:50.957,43566,ESTAB,cubic,232,28.977,3.698,20.022,1448,8,11584,8688,7730103,7730103,67392,NaN,5428,3322,5426,164,NaN,NaN,3837680,3152224,5427,220160,207360,NaN,NaN
2026-03-31 22:57:51.219,43566,ESTAB,cubic,232,28.977,3.698,20.022,1448,8,11584,8688,7730103,7730103,67392,NaN,5428,3322,5426,164,NaN,NaN,3837680,3152224,5427,220160,207360,NaN,NaN
2026-03-31 22:57:51.480,43566,ESTAB,cubic,232,28.977,3.698,20.022,1448,8,11584,8688,7730103,7730103,67392,NaN,5428,3322,5426,164,NaN,NaN,3837680,3152224,5427,220160,207360,NaN,NaN
2026-03-31 22:57:51.727,43566,ESTAB,cubic,232,28.977,3.698,20.022,1448,8,11584,8688,7730103,7730103,67392,NaN,5428,3322,5426,164,NaN,NaN,3837680,3152224,5427,220160,207360,NaN,NaN
2026-03-31 22:57:51.983,43566,ESTAB,cubic,232,28.977,3.698,20.022,1448,8,11584,8688,7732986,7730103,67800,NaN,5430,3323,5428,165,NaN,NaN,3837680,3152224,5427,220160,210432,2,NaN
2026-03-31 22:57:52.246,43566,ESTAB,cubic,240,37.239,4.543,20.022,1448,7,10136,7240,7806586,7796450,68216,NaN,5481,3351,5479,166,NaN,NaN,2612976,1913072,5473,219648,213504,7,27688
2026-03-31 22:57:52.510,43566,ESTAB,cubic,232,28.588,2.398,20.022,1448,7,10136,7240,7834274,7834274,68216,NaN,5501,3367,5499,166,NaN,NaN,3403640,2420184,5500,220160,213504,NaN,NaN
2026-03-31 22:57:52.758,43566,ESTAB,cubic,232,28.588,2.398,20.022,1448,7,10136,7240,7834274,7834274,68216,NaN,5501,3367,5499,166,NaN,NaN,3403640,2420184,5500,220160,213504,NaN,NaN
2026-03-31 22:57:53.013,43566,ESTAB,cubic,232,28.588,2.398,20.022,1448,7,10136,7240,7834274,7834274,68216,NaN,5501,3367,5499,166,NaN,NaN,3403640,2420184,5500,220160,213504,NaN,NaN
2026-03-31 22:57:53.264,43566,ESTAB,cubic,232,28.588,2.398,20.022,1448,7,10136,7240,7834274,7834274,68216,NaN,5501,3367,5499,166,NaN,NaN,3403640,2420184,5500,220160,213504,NaN,NaN
2026-03-31 22:57:53.521,43566,ESTAB,cubic,232,28.588,2.398,20.022,1448,7,10136,7240,7834274,7834274,68216,NaN,5501,3367,5499,166,NaN,NaN,3403640,2420184,5500,220160,213504,NaN,NaN
2026-03-31 22:57:53.778,43566,ESTAB,cubic,232,28.588,2.398,20.022,1448,7,10136,7240,7834274,7834274,68216,NaN,5501,3367,5499,166,NaN,NaN,3403640,2420184,5500,220160,213504,NaN,NaN
2026-03-31 22:57:54.035,43566,ESTAB,cubic,228,27.072,2.621,20.022,1448,7,10136,7240,7837157,7837157,68624,NaN,5503,3370,5501,167,NaN,NaN,3594208,2420184,5502,219648,216064,NaN,NaN
2026-03-31 22:57:54.293,43566,ESTAB,cubic,236,32.618,3.033,20.022,1448,6,8688,7240,7912205,7903517,69040,NaN,5555,3398,5553,168,NaN,NaN,2556944,2218944,5548,220160,219136,6,29802
2026-03-31 22:57:54.542,43566,ESTAB,cubic,236,34.33,1.963,20.022,1448,8,11584,7240,7942007,7942007,69040,NaN,5576,3415,5574,168,NaN,NaN,3239328,2190064,5575,220160,219136,NaN,NaN
2026-03-31 22:57:54.774,43566,ESTAB,cubic,236,34.33,1.963,20.022,1448,8,11584,7240,7942007,7942007,69040,NaN,5576,3415,5574,168,NaN,NaN,3239328,2190064,5575,220160,219136,NaN,NaN
2026-03-31 22:57:55.024,43566,ESTAB,cubic,236,34.33,1.963,20.022,1448,8,11584,7240,7942007,7942007,69040,NaN,5576,3415,5574,168,NaN,NaN,3239328,2190064,5575,220160,219136,NaN,NaN
2026-03-31 22:57:55.297,43566,ESTAB,cubic,236,34.33,1.963,20.022,1448,8,11584,7240,7942007,7942007,69040,NaN,5576,3415,5574,168,NaN,NaN,3239328,2190064,5575,220160,219136,NaN,NaN
2026-03-31 22:57:55.556,43566,ESTAB,cubic,236,34.33,1.963,20.022,1448,8,11584,7240,7942007,7942007,69040,NaN,5576,3415,5574,168,NaN,NaN,3239328,2190064,5575,220160,219136,NaN,NaN
2026-03-31 22:57:55.813,43566,ESTAB,cubic,236,34.33,1.963,20.022,1448,8,11584,7240,7942007,7942007,69040,NaN,5576,3415,5574,168,NaN,NaN,3239328,2190064,5575,220160,219136,NaN,NaN
2026-03-31 22:57:56.065,43566,ESTAB,cubic,232,31.799,2.463,20.022,1448,8,11584,8688,7954778,7944890,69864,NaN,5585,3419,5583,170,NaN,NaN,3497064,2190064,5577,220160,224768,7,99695
2026-03-31 22:57:56.309,43566,ESTAB,cubic,236,33.963,1.741,20.022,1448,7,10136,8688,8022834,8014146,69864,NaN,5632,3447,5630,170,NaN,NaN,2865008,2470760,5625,220160,224768,6,31639
2026-03-31 22:57:56.558,43566,ESTAB,cubic,236,32.081,2.085,20.022,1448,5,7240,5792,8054473,8054473,69864,NaN,5654,3466,5652,170,NaN,NaN,2166480,2088632,5653,220160,224768,NaN,NaN
2026-03-31 22:57:56.808,43566,ESTAB,cubic,236,32.081,2.085,20.022,1448,5,7240,5792,8054473,8054473,69864,NaN,5654,3466,5652,170,NaN,NaN,2166480,2088632,5653,220160,224768,NaN,NaN
2026-03-31 22:57:57.069,43566,ESTAB,cubic,236,32.081,2.085,20.022,1448,5,7240,5792,8054473,8054473,69864,NaN,5654,3466,5652,170,NaN,NaN,2166480,2088632,5653,220160,224768,NaN,NaN
2026-03-31 22:57:57.317,43566,ESTAB,cubic,236,32.081,2.085,20.022,1448,5,7240,5792,8054473,8054473,69864,NaN,5654,3466,5652,170,NaN,NaN,2166480,2088632,5653,220160,224768,NaN,NaN
2026-03-31 22:57:57.582,43566,ESTAB,cubic,236,32.081,2.085,20.022,1448,5,7240,5792,8054473,8054473,69864,NaN,5654,3466,5652,170,NaN,NaN,2166480,2088632,5653,220160,224768,NaN,NaN
2026-03-31 22:57:57.833,43566,ESTAB,cubic,236,32.081,2.085,20.022,1448,5,7240,5792,8054473,8054473,69864,NaN,5654,3466,5652,170,NaN,NaN,2166480,2088632,5653,220160,224768,NaN,NaN
2026-03-31 22:57:58.102,43566,ESTAB,cubic,232,29.858,2.502,20.022,1448,5,7240,5792,8057356,8057356,70272,NaN,5656,3469,5654,171,NaN,NaN,2327784,2088632,5655,219648,227840,NaN,NaN
2026-03-31 22:57:58.358,43566,ESTAB,cubic,236,34.789,2.734,20.022,1448,5,7240,7240,8130956,8123716,70688,NaN,5707,3494,5705,172,NaN,NaN,1997832,2193656,5701,219648,230912,5,36756
2026-03-31 22:57:58.618,43566,ESTAB,cubic,232,31.429,1.826,20.022,1448,4,5792,5792,8167712,8167712,70688,NaN,5733,3514,5731,172,NaN,NaN,1769128,2228048,5732,220160,230912,NaN,NaN
2026-03-31 22:57:58.875,43566,ESTAB,cubic,232,31.429,1.826,20.022,1448,4,5792,5792,8167712,8167712,70688,NaN,5733,3514,5731,172,NaN,NaN,1769128,2228048,5732,220160,230912,NaN,NaN
2026-03-31 22:57:59.142,43566,ESTAB,cubic,232,31.429,1.826,20.022,1448,4,5792,5792,8167712,8167712,70688,NaN,5733,3514,5731,172,NaN,NaN,1769128,2228048,5732,220160,230912,NaN,NaN
2026-03-31 22:57:59.404,43566,ESTAB,cubic,232,31.429,1.826,20.022,1448,4,5792,5792,8167712,8167712,70688,NaN,5733,3514,5731,172,NaN,NaN,1769128,2228048,5732,220160,230912,NaN,NaN
2026-03-31 22:57:59.663,43566,ESTAB,cubic,232,31.429,1.826,20.022,1448,4,5792,5792,8167712,8167712,70688,NaN,5733,3514,5731,172,NaN,NaN,1769128,2228048,5732,220160,230912,NaN,NaN
2026-03-31 22:57:59.923,43566,ESTAB,cubic,232,31.429,1.826,20.022,1448,4,5792,5792,8167712,8167712,70688,NaN,5733,3514,5731,172,NaN,NaN,1769128,2228048,5732,220160,230912,NaN,NaN
2026-03-31 22:58:00.176,43566,ESTAB,cubic,232,28.892,2.197,20.022,1448,5,7240,5792,8183379,8176139,71512,NaN,5744,3520,5742,174,NaN,NaN,2405648,2228048,5738,220160,236544,5,94693
2026-03-31 22:58:00.433,43566,ESTAB,cubic,236,32.778,3.653,20.022,1448,6,8688,7240,8255779,8247091,71512,NaN,5794,3546,5792,174,NaN,NaN,2544496,2601640,5787,220160,236544,6,22293
2026-03-31 22:58:00.698,43566,ESTAB,cubic,232,29.07,2.101,20.022,1448,6,8688,7240,8278072,8278072,71512,NaN,5810,3559,5808,174,NaN,NaN,2869072,2373520,5809,220160,236544,NaN,NaN
2026-03-31 22:58:00.960,43566,ESTAB,cubic,232,29.07,2.101,20.022,1448,6,8688,7240,8278072,8278072,71512,NaN,5810,3559,5808,174,NaN,NaN,2869072,2373520,5809,220160,236544,NaN,NaN
2026-03-31 22:58:01.222,43566,ESTAB,cubic,232,29.07,2.101,20.022,1448,6,8688,7240,8278072,8278072,71512,NaN,5810,3559,5808,174,NaN,NaN,2869072,2373520,5809,220160,236544,NaN,NaN
2026-03-31 22:58:01.494,43566,ESTAB,cubic,232,29.07,2.101,20.022,1448,6,8688,7240,8278072,8278072,71512,NaN,5810,3559,5808,174,NaN,NaN,2869072,2373520,5809,220160,236544,NaN,NaN
2026-03-31 22:58:01.749,43566,ESTAB,cubic,232,29.07,2.101,20.022,1448,6,8688,7240,8278072,8278072,71512,NaN,5810,3559,5808,174,NaN,NaN,2869072,2373520,5809,220160,236544,NaN,NaN
2026-03-31 22:58:02.008,43566,ESTAB,cubic,232,29.07,2.101,20.022,1448,6,8688,7240,8278072,8278072,71512,NaN,5810,3559,5808,174,NaN,NaN,2869072,2373520,5809,220160,236544,NaN,NaN
2026-03-31 22:58:02.258,43566,ESTAB,cubic,232,30.201,2.479,20.022,1448,7,10136,7240,8314011,8303875,72336,NaN,5835,3571,5833,176,NaN,NaN,3221888,2225976,5827,220160,242176,7,8307
2026-03-31 22:58:02.491,43566,ESTAB,cubic,240,36.082,4.953,20.022,1448,4,5792,7240,8322318,8322318,72336,NaN,5841,3578,5839,176,NaN,NaN,1541016,2247448,5840,219648,242176,NaN,NaN
2026-03-31 22:58:02.713,43566,ESTAB,cubic,240,36.082,4.953,20.022,1448,4,5792,7240,8322318,8322318,72336,NaN,5841,3578,5839,176,NaN,NaN,1541016,2247448,5840,219648,242176,NaN,NaN
2026-03-31 22:58:02.960,43566,ESTAB,cubic,240,36.082,4.953,20.022,1448,4,5792,7240,8322318,8322318,72336,NaN,5841,3578,5839,176,NaN,NaN,1541016,2247448,5840,219648,242176,NaN,NaN
2026-03-31 22:58:03.232,43566,ESTAB,cubic,240,36.082,4.953,20.022,1448,4,5792,7240,8322318,8322318,72336,NaN,5841,3578,5839,176,NaN,NaN,1541016,2247448,5840,219648,242176,NaN,NaN
2026-03-31 22:58:03.485,43566,ESTAB,cubic,240,36.082,4.953,20.022,1448,4,5792,7240,8322318,8322318,72336,NaN,5841,3578,5839,176,NaN,NaN,1541016,2247448,5840,219648,242176,NaN,NaN
2026-03-31 22:58:03.749,43566,ESTAB,cubic,240,36.082,4.953,20.022,1448,4,5792,7240,8322318,8322318,72336,NaN,5841,3578,5839,176,NaN,NaN,1541016,2247448,5840,219648,242176,NaN,NaN
2026-03-31 22:58:04.016,43566,ESTAB,cubic,240,36.082,4.953,20.022,1448,4,5792,7240,8322318,8322318,72336,NaN,5841,3578,5839,176,NaN,NaN,1541016,2247448,5840,219648,242176,NaN,NaN
2026-03-31 22:58:04.289,43566,ESTAB,cubic,228,26.62,6.063,20.022,1448,6,8688,7240,8358257,8349569,73160,NaN,5866,3590,5864,178,NaN,NaN,3133112,3428232,5859,220160,248320,6,20295
2026-03-31 22:58:04.536,43566,ESTAB,cubic,228,27.496,12.492,20.022,1448,8,11584,7240,8378552,8378552,73160,NaN,5881,3601,5879,178,NaN,NaN,4044400,1272064,5880,220160,248320,NaN,NaN
2026-03-31 22:58:04.779,43566,ESTAB,cubic,228,27.496,12.492,20.022,1448,8,11584,7240,8378552,8378552,73160,NaN,5881,3601,5879,178,NaN,NaN,4044400,1272064,5880,220160,248320,NaN,NaN
2026-03-31 22:58:05.049,43566,ESTAB,cubic,228,27.496,12.492,20.022,1448,8,11584,7240,8378552,8378552,73160,NaN,5881,3601,5879,178,NaN,NaN,4044400,1272064,5880,220160,248320,NaN,NaN
2026-03-31 22:58:05.305,43566,ESTAB,cubic,228,27.496,12.492,20.022,1448,8,11584,7240,8378552,8378552,73160,NaN,5881,3601,5879,178,NaN,NaN,4044400,1272064,5880,220160,248320,NaN,NaN
2026-03-31 22:58:05.571,43566,ESTAB,cubic,228,27.496,12.492,20.022,1448,8,11584,7240,8378552,8378552,73160,NaN,5881,3601,5879,178,NaN,NaN,4044400,1272064,5880,220160,248320,NaN,NaN
2026-03-31 22:58:05.838,43566,ESTAB,cubic,228,27.496,12.492,20.022,1448,8,11584,7240,8378552,8378552,73160,NaN,5881,3601,5879,178,NaN,NaN,4044400,1272064,5880,220160,248320,NaN,NaN
2026-03-31 22:58:06.100,43566,ESTAB,cubic,228,27.496,12.492,20.022,1448,8,11584,7240,8378552,8378552,73160,NaN,5881,3601,5879,178,NaN,NaN,4044400,1272064,5880,220160,248320,NaN,NaN
2026-03-31 22:58:06.346,43566,ESTAB,cubic,224,22.401,3.105,20.022,1448,10,14480,8688,8455035,8440555,73984,NaN,5934,3625,5932,180,NaN,NaN,6205264,5147168,5923,220160,253952,10,39344
2026-03-31 22:58:06.614,43566,ESTAB,cubic,228,27.176,11.591,20.022,1448,12,17376,8688,8494379,8494379,73984,NaN,5962,3644,5960,180,NaN,NaN,6137952,1886120,5961,220160,253952,NaN,NaN
2026-03-31 22:58:06.865,43566,ESTAB,cubic,228,27.176,11.591,20.022,1448,12,17376,8688,8494379,8494379,73984,NaN,5962,3644,5960,180,NaN,NaN,6137952,1886120,5961,220160,253952,NaN,NaN
2026-03-31 22:58:07.100,43566,ESTAB,cubic,228,27.176,11.591,20.022,1448,12,17376,8688,8494379,8494379,73984,NaN,5962,3644,5960,180,NaN,NaN,6137952,1886120,5961,220160,253952,NaN,NaN
2026-03-31 22:58:07.337,43566,ESTAB,cubic,228,27.176,11.591,20.022,1448,12,17376,8688,8494379,8494379,73984,NaN,5962,3644,5960,180,NaN,NaN,6137952,1886120,5961,220160,253952,NaN,NaN
2026-03-31 22:58:07.605,43566,ESTAB,cubic,228,27.176,11.591,20.022,1448,12,17376,8688,8494379,8494379,73984,NaN,5962,3644,5960,180,NaN,NaN,6137952,1886120,5961,220160,253952,NaN,NaN
2026-03-31 22:58:07.872,43566,ESTAB,cubic,228,27.176,11.591,20.022,1448,12,17376,8688,8494379,8494379,73984,NaN,5962,3644,5960,180,NaN,NaN,6137952,1886120,5961,220160,253952,NaN,NaN
2026-03-31 22:58:08.133,43566,ESTAB,cubic,228,27.176,11.591,20.022,1448,12,17376,8688,8494379,8494379,73984,NaN,5962,3644,5960,180,NaN,NaN,6137952,1886120,5961,220160,253952,NaN,NaN
2026-03-31 22:58:08.388,43566,ESTAB,cubic,228,24.086,0.31,20.022,1448,14,20272,13032,8604166,8583894,74808,NaN,6038,3677,6036,182,NaN,NaN,8079760,6683808,6023,220160,259584,14,630
2026-03-31 22:58:08.654,43566,ESTAB,cubic,232,29.848,11.475,20.022,1448,15,21720,13032,8604796,8604796,74808,NaN,6039,3685,6037,182,NaN,NaN,6985648,2158344,6038,220160,259584,NaN,NaN
2026-03-31 22:58:08.915,43566,ESTAB,cubic,232,29.848,11.475,20.022,1448,15,21720,13032,8604796,8604796,74808,NaN,6039,3685,6037,182,NaN,NaN,6985648,2158344,6038,220160,259584,NaN,NaN
2026-03-31 22:58:09.175,43566,ESTAB,cubic,232,29.848,11.475,20.022,1448,15,21720,13032,8604796,8604796,74808,NaN,6039,3685,6037,182,NaN,NaN,6985648,2158344,6038,220160,259584,NaN,NaN
2026-03-31 22:58:09.438,43566,ESTAB,cubic,232,29.848,11.475,20.022,1448,15,21720,13032,8604796,8604796,74808,NaN,6039,3685,6037,182,NaN,NaN,6985648,2158344,6038,220160,259584,NaN,NaN
2026-03-31 22:58:09.711,43566,ESTAB,cubic,232,29.848,11.475,20.022,1448,15,21720,13032,8604796,8604796,74808,NaN,6039,3685,6037,182,NaN,NaN,6985648,2158344,6038,220160,259584,NaN,NaN
2026-03-31 22:58:09.968,43566,ESTAB,cubic,232,29.848,11.475,20.022,1448,15,21720,13032,8604796,8604796,74808,NaN,6039,3685,6037,182,NaN,NaN,6985648,2158344,6038,220160,259584,NaN,NaN
2026-03-31 22:58:10.237,43566,ESTAB,cubic,232,29.848,11.475,20.022,1448,15,21720,13032,8604796,8604796,74808,NaN,6039,3685,6037,182,NaN,NaN,6985648,2158344,6038,220160,259584,NaN,NaN
2026-03-31 22:58:10.499,43566,ESTAB,cubic,228,27.362,0.903,20.022,1448,18,26064,14480,8713487,8713487,75632,NaN,6115,3726,6113,184,NaN,NaN,9144344,5720688,6114,220160,265728,NaN,NaN
2026-03-31 22:58:10.746,43566,ESTAB,cubic,228,27.362,0.903,20.022,1448,18,26064,14480,8713487,8713487,75632,NaN,6115,3726,6113,184,NaN,NaN,9144344,5720688,6114,220160,265728,NaN,NaN
2026-03-31 22:58:11.007,43566,ESTAB,cubic,228,27.362,0.903,20.022,1448,18,26064,14480,8713487,8713487,75632,NaN,6115,3726,6113,184,NaN,NaN,9144344,5720688,6114,220160,265728,NaN,NaN
2026-03-31 22:58:11.266,43566,ESTAB,cubic,228,27.362,0.903,20.022,1448,18,26064,14480,8713487,8713487,75632,NaN,6115,3726,6113,184,NaN,NaN,9144344,5720688,6114,220160,265728,NaN,NaN
2026-03-31 22:58:11.519,43566,ESTAB,cubic,228,27.362,0.903,20.022,1448,18,26064,14480,8713487,8713487,75632,NaN,6115,3726,6113,184,NaN,NaN,9144344,5720688,6114,220160,265728,NaN,NaN
2026-03-31 22:58:11.781,43566,ESTAB,cubic,228,27.362,0.903,20.022,1448,18,26064,14480,8713487,8713487,75632,NaN,6115,3726,6113,184,NaN,NaN,9144344,5720688,6114,220160,265728,NaN,NaN
2026-03-31 22:58:12.042,43566,ESTAB,cubic,228,27.362,0.903,20.022,1448,18,26064,14480,8713487,8713487,75632,NaN,6115,3726,6113,184,NaN,NaN,9144344,5720688,6114,220160,265728,NaN,NaN
2026-03-31 22:58:12.303,43566,ESTAB,cubic,228,27.362,0.903,20.022,1448,10,14480,18824,8716370,8713487,76040,NaN,6117,3727,6115,185,NaN,NaN,9144344,5720688,6114,220160,268288,2,NaN
2026-03-31 22:58:12.560,43566,ESTAB,cubic,236,33.84,10.103,20.022,1448,20,28960,18824,8821520,8821520,76456,NaN,6190,3766,6188,186,NaN,NaN,8215600,2450360,6189,220160,271360,NaN,NaN
2026-03-31 22:58:12.806,43566,ESTAB,cubic,236,33.84,10.103,20.022,1448,20,28960,18824,8821520,8821520,76456,NaN,6190,3766,6188,186,NaN,NaN,8215600,2450360,6189,220160,271360,NaN,NaN
2026-03-31 22:58:13.056,43566,ESTAB,cubic,236,33.84,10.103,20.022,1448,20,28960,18824,8821520,8821520,76456,NaN,6190,3766,6188,186,NaN,NaN,8215600,2450360,6189,220160,271360,NaN,NaN
2026-03-31 22:58:13.313,43566,ESTAB,cubic,236,33.84,10.103,20.022,1448,20,28960,18824,8821520,8821520,76456,NaN,6190,3766,6188,186,NaN,NaN,8215600,2450360,6189,220160,271360,NaN,NaN
2026-03-31 22:58:13.576,43566,ESTAB,cubic,236,33.84,10.103,20.022,1448,20,28960,18824,8821520,8821520,76456,NaN,6190,3766,6188,186,NaN,NaN,8215600,2450360,6189,220160,271360,NaN,NaN
2026-03-31 22:58:13.834,43566,ESTAB,cubic,236,33.84,10.103,20.022,1448,20,28960,18824,8821520,8821520,76456,NaN,6190,3766,6188,186,NaN,NaN,8215600,2450360,6189,220160,271360,NaN,NaN
2026-03-31 22:58:14.068,43566,ESTAB,cubic,236,33.84,10.103,20.022,1448,20,28960,18824,8821520,8821520,76456,NaN,6190,3766,6188,186,NaN,NaN,8215600,2450360,6189,220160,271360,NaN,NaN
2026-03-31 22:58:14.311,43566,ESTAB,cubic,236,33.84,10.103,20.022,1448,20,28960,18824,8821520,8821520,76456,NaN,6190,3766,6188,186,NaN,NaN,8215600,2450360,6189,220160,271360,NaN,NaN
2026-03-31 22:58:14.573,43566,ESTAB,cubic,232,29.064,1.437,20.022,1448,21,30408,21720,8927576,8927576,77280,NaN,6264,3806,6262,188,NaN,NaN,10043624,5512440,6263,220160,276992,NaN,NaN
2026-03-31 22:58:14.812,43566,ESTAB,cubic,232,29.064,1.437,20.022,1448,21,30408,21720,8927576,8927576,77280,NaN,6264,3806,6262,188,NaN,NaN,10043624,5512440,6263,220160,276992,NaN,NaN
2026-03-31 22:58:15.063,43566,ESTAB,cubic,232,29.064,1.437,20.022,1448,21,30408,21720,8927576,8927576,77280,NaN,6264,3806,6262,188,NaN,NaN,10043624,5512440,6263,220160,276992,NaN,NaN
2026-03-31 22:58:15.316,43566,ESTAB,cubic,232,29.064,1.437,20.022,1448,21,30408,21720,8927576,8927576,77280,NaN,6264,3806,6262,188,NaN,NaN,10043624,5512440,6263,220160,276992,NaN,NaN
2026-03-31 22:58:15.573,43566,ESTAB,cubic,232,29.064,1.437,20.022,1448,21,30408,21720,8927576,8927576,77280,NaN,6264,3806,6262,188,NaN,NaN,10043624,5512440,6263,220160,276992,NaN,NaN
2026-03-31 22:58:15.822,43566,ESTAB,cubic,232,29.064,1.437,20.022,1448,21,30408,21720,8927576,8927576,77280,NaN,6264,3806,6262,188,NaN,NaN,10043624,5512440,6263,220160,276992,NaN,NaN
2026-03-31 22:58:16.080,43566,ESTAB,cubic,232,29.064,1.437,20.022,1448,21,30408,21720,8927576,8927576,77280,NaN,6264,3806,6262,188,NaN,NaN,10043624,5512440,6263,220160,276992,NaN,NaN
2026-03-31 22:58:16.347,43566,ESTAB,cubic,232,29.064,1.437,20.022,1448,21,30408,21720,8927576,8927576,77280,NaN,6264,3806,6262,188,NaN,NaN,10043624,5512440,6263,220160,276992,NaN,NaN
2026-03-31 22:58:16.631,43566,ESTAB,cubic,236,33.71,9.689,20.022,1448,21,30408,21720,9041006,9041006,78104,NaN,6343,3848,6341,190,NaN,NaN,8659584,2518368,6342,220160,282624,NaN,NaN
2026-03-31 22:58:16.891,43566,ESTAB,cubic,236,33.71,9.689,20.022,1448,21,30408,21720,9041006,9041006,78104,NaN,6343,3848,6341,190,NaN,NaN,8659584,2518368,6342,220160,282624,NaN,NaN
2026-03-31 22:58:17.138,43566,ESTAB,cubic,236,33.71,9.689,20.022,1448,21,30408,21720,9041006,9041006,78104,NaN,6343,3848,6341,190,NaN,NaN,8659584,2518368,6342,220160,282624,NaN,NaN
2026-03-31 22:58:17.392,43566,ESTAB,cubic,236,33.71,9.689,20.022,1448,21,30408,21720,9041006,9041006,78104,NaN,6343,3848,6341,190,NaN,NaN,8659584,2518368,6342,220160,282624,NaN,NaN
2026-03-31 22:58:17.651,43566,ESTAB,cubic,236,33.71,9.689,20.022,1448,21,30408,21720,9041006,9041006,78104,NaN,6343,3848,6341,190,NaN,NaN,8659584,2518368,6342,220160,282624,NaN,NaN
2026-03-31 22:58:17.922,43566,ESTAB,cubic,236,33.71,9.689,20.022,1448,21,30408,21720,9041006,9041006,78104,NaN,6343,3848,6341,190,NaN,NaN,8659584,2518368,6342,220160,282624,NaN,NaN
2026-03-31 22:58:18.195,43566,ESTAB,cubic,236,33.71,9.689,20.022,1448,21,30408,21720,9041006,9041006,78104,NaN,6343,3848,6341,190,NaN,NaN,8659584,2518368,6342,220160,282624,NaN,NaN
2026-03-31 22:58:18.461,43566,ESTAB,cubic,228,27.206,4.749,20.022,1448,19,27512,21720,9087081,9063913,78928,NaN,6375,3859,6373,192,NaN,NaN,9707656,5892160,6358,220160,288768,16,63916
2026-03-31 22:58:18.727,43566,ESTAB,cubic,236,33.436,9.214,20.022,1448,21,30408,21720,9150997,9150997,78928,NaN,6420,3890,6418,192,NaN,NaN,8730416,2305584,6419,220160,288768,NaN,NaN
2026-03-31 22:58:18.990,43566,ESTAB,cubic,236,33.436,9.214,20.022,1448,21,30408,21720,9150997,9150997,78928,NaN,6420,3890,6418,192,NaN,NaN,8730416,2305584,6419,220160,288768,NaN,NaN
2026-03-31 22:58:19.251,43566,ESTAB,cubic,236,33.436,9.214,20.022,1448,21,30408,21720,9150997,9150997,78928,NaN,6420,3890,6418,192,NaN,NaN,8730416,2305584,6419,220160,288768,NaN,NaN
2026-03-31 22:58:19.509,43566,ESTAB,cubic,236,33.436,9.214,20.022,1448,21,30408,21720,9150997,9150997,78928,NaN,6420,3890,6418,192,NaN,NaN,8730416,2305584,6419,220160,288768,NaN,NaN
2026-03-31 22:58:19.756,43566,ESTAB,cubic,236,33.436,9.214,20.022,1448,21,30408,21720,9150997,9150997,78928,NaN,6420,3890,6418,192,NaN,NaN,8730416,2305584,6419,220160,288768,NaN,NaN
2026-03-31 22:58:20.024,43566,ESTAB,cubic,236,33.436,9.214,20.022,1448,21,30408,21720,9150997,9150997,78928,NaN,6420,3890,6418,192,NaN,NaN,8730416,2305584,6419,220160,288768,NaN,NaN
2026-03-31 22:58:20.290,43566,ESTAB,cubic,236,33.436,9.214,20.022,1448,21,30408,21720,9150997,9150997,78928,NaN,6420,3890,6418,192,NaN,NaN,8730416,2305584,6419,220160,288768,NaN,NaN
2026-03-31 22:58:20.547,43566,ESTAB,cubic,232,28.425,0.658,20.022,1448,22,31856,21720,9249200,9223136,79752,NaN,6488,3918,6486,194,NaN,NaN,10758464,6708880,6469,220160,294400,18,16915
2026-03-31 22:58:20.794,43566,ESTAB,cubic,232,28.344,0.228,20.022,1448,5,7240,21720,9266115,9266115,79752,NaN,6500,3934,6498,194,NaN,NaN,4086912,6307432,6499,219648,294400,NaN,NaN
2026-03-31 22:58:21.064,43566,ESTAB,cubic,232,28.344,0.228,20.022,1448,5,7240,21720,9266115,9266115,79752,NaN,6500,3934,6498,194,NaN,NaN,4086912,6307432,6499,219648,294400,NaN,NaN
2026-03-31 22:58:21.331,43566,ESTAB,cubic,232,28.344,0.228,20.022,1448,5,7240,21720,9266115,9266115,79752,NaN,6500,3934,6498,194,NaN,NaN,4086912,6307432,6499,219648,294400,NaN,NaN
2026-03-31 22:58:21.584,43566,ESTAB,cubic,232,28.344,0.228,20.022,1448,5,7240,21720,9266115,9266115,79752,NaN,6500,3934,6498,194,NaN,NaN,4086912,6307432,6499,219648,294400,NaN,NaN
2026-03-31 22:58:21.835,43566,ESTAB,cubic,232,28.344,0.228,20.022,1448,5,7240,21720,9266115,9266115,79752,NaN,6500,3934,6498,194,NaN,NaN,4086912,6307432,6499,219648,294400,NaN,NaN
2026-03-31 22:58:22.095,43566,ESTAB,cubic,232,28.344,0.228,20.022,1448,5,7240,21720,9266115,9266115,79752,NaN,6500,3934,6498,194,NaN,NaN,4086912,6307432,6499,219648,294400,NaN,NaN
