timestamp,dst_port,state,cc_algo,rto_ms,rtt_ms,rtt_var_ms,min_rtt_ms,mss_bytes,cwnd_pkts,cwnd_bytes,ssthresh_bytes,bytes_sent,bytes_acked,bytes_received,bytes_retrans,segs_out,segs_in,data_segs_out,data_segs_in,retrans_outstanding,retrans_total,pacing_rate_bps,delivery_rate_bps,delivered_pkts,snd_wnd_bytes,rcv_wnd_bytes,unacked_pkts,notsent_bytes
2026-04-01 06:46:24.444,41780,ESTAB,bbr,224,21.131,6.509,20.202,1448,12,17376,NaN,2883,2883,408,NaN,3,5,2,1,NaN,NaN,15460272,1145736,3,48640,43520,NaN,NaN
2026-04-01 06:46:24.695,41780,ESTAB,bbr,224,21.131,6.509,20.202,1448,12,17376,NaN,2883,2883,408,NaN,3,5,2,1,NaN,NaN,15460272,1145736,3,48640,43520,NaN,NaN
2026-04-01 06:46:25.180,44428,ESTAB,bbr,224,21.078,10.539,21.078,1448,10,14480,NaN,1056,NaN,406,NaN,2,3,1,1,NaN,NaN,15704952,NaN,1,42496,43520,1,NaN
2026-04-01 06:46:25.413,44428,ESTAB,bbr,232,29.312,1.005,20.048,1448,38,55024,28960,131984,120400,1644,NaN,93,48,92,4,NaN,NaN,7041984,5519000,85,86016,43520,8,495216
2026-04-01 06:46:25.639,44428,ESTAB,bbr,232,28.91,0.899,20.048,1448,36,52128,28960,328912,302848,1644,NaN,229,111,228,4,NaN,NaN,8329976,6704128,211,86016,43520,18,298288
2026-04-01 06:46:25.864,44428,ESTAB,bbr,232,28.75,0.211,20.048,1448,36,52128,28960,515704,491088,1644,NaN,358,176,357,4,NaN,NaN,8341936,6721640,341,86016,43520,17,412435
2026-04-01 06:46:26.088,44428,ESTAB,bbr,232,29.218,0.96,20.048,1448,40,57920,28960,703944,677880,1644,NaN,488,238,487,4,NaN,NaN,8370136,6763936,470,86016,43520,18,224195
2026-04-01 06:46:26.312,44428,ESTAB,bbr,232,28.814,0.28,20.048,1448,40,57920,28960,890736,866120,1644,NaN,617,303,616,4,NaN,NaN,8370136,6695736,600,86016,43520,17,37403
2026-04-01 06:46:26.535,44428,ESTAB,bbr,236,33.829,9.861,20.048,1448,40,57920,28960,928139,928139,1644,NaN,643,325,642,4,NaN,NaN,8328264,2545704,643,86016,43520,NaN,NaN
2026-04-01 06:46:26.769,44428,ESTAB,bbr,236,33.829,9.861,20.048,1448,40,57920,28960,928139,928139,1644,NaN,643,325,642,4,NaN,NaN,8328264,2545704,643,86016,43520,NaN,NaN
2026-04-01 06:46:27.014,44428,ESTAB,bbr,236,33.829,9.861,20.048,1448,40,57920,28960,928139,928139,1644,NaN,643,325,642,4,NaN,NaN,8328264,2545704,643,86016,43520,NaN,NaN
2026-04-01 06:46:27.265,44428,ESTAB,bbr,228,27.575,8.733,20.048,1448,38,55024,28960,959982,939710,2468,NaN,665,332,664,6,NaN,NaN,8328264,2579472,651,86016,43520,14,477840
2026-04-01 06:46:27.502,44428,ESTAB,bbr,232,28.789,0.162,20.048,1448,36,52128,28960,1167046,1142430,2468,NaN,808,402,807,6,NaN,NaN,8343648,6689072,791,86016,43520,17,480736
2026-04-01 06:46:27.742,44428,ESTAB,bbr,232,29.169,1.107,20.048,1448,48,69504,28960,1365422,1343702,2468,NaN,945,465,944,6,NaN,NaN,7004392,6729448,930,106496,43520,15,534312
2026-04-01 06:46:27.984,44428,ESTAB,bbr,232,29.489,1.172,20.048,1448,46,66608,28960,1569590,1546422,2468,NaN,1086,535,1085,6,NaN,NaN,8755488,6699584,1070,297984,43520,16,463332
2026-04-01 06:46:28.232,44428,ESTAB,bbr,232,28.869,0.508,20.048,1448,48,69504,28960,1772310,1752038,2468,NaN,1226,606,1225,6,NaN,NaN,8328264,6703272,1212,297984,43520,14,260612
2026-04-01 06:46:28.487,44428,ESTAB,bbr,232,28.832,0.186,20.048,1448,48,69504,28960,1988062,1966342,2468,NaN,1375,680,1374,6,NaN,NaN,8308616,6693800,1360,297984,43520,15,44860
2026-04-01 06:46:28.726,44428,ESTAB,bbr,232,29.949,0.946,20.048,1448,48,69504,28960,2169034,2148762,2884,NaN,1500,744,1499,7,NaN,NaN,8323992,6688704,1486,297984,43520,14,518384
2026-04-01 06:46:28.960,44428,ESTAB,bbr,232,28.796,0.083,20.048,1448,36,52128,28960,2367410,2345690,2884,NaN,1637,812,1636,7,NaN,NaN,8309472,6714928,1622,297984,43520,15,436897
2026-04-01 06:46:29.185,44428,ESTAB,bbr,232,30.036,0.821,20.048,1448,36,52128,28960,2555650,2533930,2884,NaN,1767,877,1766,7,NaN,NaN,8318016,6659624,1752,297984,43520,15,248657
2026-04-01 06:46:29.410,44428,ESTAB,bbr,232,28.911,0.305,20.048,1448,36,52128,28960,2742442,2716378,2884,NaN,1896,940,1895,7,NaN,NaN,8368424,6702624,1878,297984,43520,18,61865
2026-04-01 06:46:29.642,44428,ESTAB,bbr,232,28.51,2.167,20.048,1448,36,52128,28960,2915803,2891187,3300,NaN,2016,1001,2015,8,NaN,NaN,8318864,6307432,1999,297984,43520,17,543000
2026-04-01 06:46:29.875,44428,ESTAB,bbr,232,29.036,0.446,20.048,1448,36,52128,28960,3108387,3085219,3300,NaN,2149,1068,2148,8,NaN,NaN,8314592,6682856,2133,297984,43520,16,611056
2026-04-01 06:46:30.120,44428,ESTAB,bbr,232,29.564,1.13,20.048,1448,36,52128,28960,3315451,3290835,3300,NaN,2292,1139,2291,8,NaN,NaN,8309472,6709040,2275,297984,43520,17,403992
2026-04-01 06:46:30.359,44428,ESTAB,bbr,232,28.881,0.29,20.048,1448,36,52128,28960,3516723,3490659,3300,NaN,2431,1208,2430,8,NaN,NaN,8323992,6692080,2413,297984,43520,18,463360
2026-04-01 06:46:30.601,44428,ESTAB,bbr,232,29.862,0.953,20.048,1448,36,52128,28960,3715099,3690483,3300,NaN,2568,1277,2567,8,NaN,NaN,8314592,6655792,2551,297984,43520,17,283979
2026-04-01 06:46:30.852,44428,ESTAB,bbr,232,28.68,0.202,20.048,1448,36,52128,28960,3923611,3898995,3300,NaN,2712,1349,2711,8,NaN,NaN,8356464,6429080,2695,297984,43520,17,75467
2026-04-01 06:46:31.103,44428,ESTAB,bbr,232,28.098,0.635,20.048,1448,36,52128,28960,3999078,3999078,3300,NaN,2765,1384,2764,8,NaN,NaN,8299216,6694984,2765,298496,43520,NaN,NaN
2026-04-01 06:46:31.352,44428,ESTAB,bbr,228,26.254,1.049,20.048,1448,36,52128,28960,4022233,4004857,4124,NaN,2781,1388,2780,10,NaN,NaN,8299216,6694984,2769,298496,43520,12,634224
2026-04-01 06:46:31.588,44428,ESTAB,bbr,232,28.076,0.272,20.048,1448,36,52128,28960,4229297,4204681,4124,NaN,2924,1457,2923,10,NaN,NaN,8349624,5607744,2907,298496,43520,17,427160
2026-04-01 06:46:31.819,44428,ESTAB,bbr,232,29.865,0.482,20.048,1448,36,52128,28960,4421881,4398713,4124,NaN,3057,1524,3056,10,NaN,NaN,8348776,6530560,3041,298496,43520,16,495216
2026-04-01 06:46:32.047,44428,ESTAB,bbr,232,28.864,0.073,20.048,1448,36,52128,28960,4614465,4589849,4124,NaN,3190,1590,3189,10,NaN,NaN,8335104,6694872,3173,298496,43520,17,628432
2026-04-01 06:46:32.272,44428,ESTAB,bbr,232,30.286,0.38,20.048,1448,36,52128,28960,4801257,4778089,4124,NaN,3319,1655,3318,10,NaN,NaN,8335960,6703696,3303,298496,43520,16,441640
2026-04-01 06:46:32.502,44428,ESTAB,bbr,232,28.88,0.135,20.048,1448,36,52128,28960,4990945,4966329,4124,NaN,3450,1720,3449,10,NaN,NaN,8329120,6694016,3433,298496,43520,17,255650
2026-04-01 06:46:32.740,44428,ESTAB,bbr,232,30.306,0.45,20.048,1448,36,52128,28960,5192217,5169049,4124,NaN,3589,1790,3588,10,NaN,NaN,8343648,6690872,3573,298496,43520,16,54378
2026-04-01 06:46:32.968,44428,ESTAB,bbr,232,28.338,0.169,20.048,1448,36,52128,28960,5246595,5246595,4124,NaN,3627,1817,3626,10,NaN,NaN,8343648,5513376,3627,298496,43520,NaN,NaN
2026-04-01 06:46:33.196,44428,ESTAB,bbr,232,28.338,0.169,20.048,1448,36,52128,28960,5246595,5246595,4124,NaN,3627,1817,3626,10,NaN,NaN,8343648,5513376,3627,298496,43520,NaN,NaN
2026-04-01 06:46:33.424,44428,ESTAB,bbr,228,24.033,1.259,20.048,1448,36,52128,28960,5316086,5290022,4948,NaN,3675,1834,3674,12,NaN,NaN,8347920,6746160,3657,298496,43520,18,587888
2026-04-01 06:46:33.668,44428,ESTAB,bbr,232,30.098,0.742,20.048,1448,36,52128,28960,5518806,5495638,4948,NaN,3815,1905,3814,12,NaN,NaN,8347920,6663448,3799,298496,43520,16,630950
2026-04-01 06:46:33.905,44428,ESTAB,bbr,232,28.737,0.097,20.048,1448,36,52128,28960,5720078,5695462,4948,NaN,3954,1974,3953,12,NaN,NaN,8312888,6697888,3937,298496,43520,17,509696
2026-04-01 06:46:34.136,44428,ESTAB,bbr,232,30.177,0.644,20.048,1448,36,52128,28960,5909766,5886598,4948,NaN,4085,2040,4084,12,NaN,NaN,8316304,6678096,4069,298496,43520,16,494074
2026-04-01 06:46:34.374,44428,ESTAB,bbr,232,28.823,0.114,20.048,1448,36,52128,28960,6111038,6086422,4948,NaN,4224,2109,4223,12,NaN,NaN,8316304,6694872,4207,298496,43520,17,292802
2026-04-01 06:46:34.607,44428,ESTAB,bbr,232,30.044,0.59,20.048,1448,36,52128,28960,6306518,6283350,4948,NaN,4359,2177,4358,12,NaN,NaN,8326560,6687976,4343,298496,43520,16,97322
2026-04-01 06:46:34.837,44428,ESTAB,bbr,232,30.058,0.681,20.048,1448,36,52128,28960,6403840,6403840,4948,NaN,4427,2219,4426,12,NaN,NaN,8326560,5858112,4427,298496,43520,NaN,NaN
2026-04-01 06:46:35.070,44428,ESTAB,bbr,232,30.058,0.681,20.048,1448,36,52128,28960,6403840,6403840,4948,NaN,4427,2219,4426,12,NaN,NaN,8326560,5858112,4427,298496,43520,NaN,NaN
2026-04-01 06:46:35.301,44428,ESTAB,bbr,232,30.058,0.681,20.048,1448,36,52128,28960,6403840,6403840,4948,NaN,4427,2219,4426,12,NaN,NaN,8326560,5858112,4427,298496,43520,NaN,NaN
2026-04-01 06:46:35.535,44428,ESTAB,bbr,232,30.008,0.974,20.048,1448,36,52128,28960,6542835,6522563,5772,NaN,4523,2262,4522,14,NaN,NaN,8330832,6300784,4509,298496,43520,14,518384
2026-04-01 06:46:35.778,44428,ESTAB,bbr,232,28.739,0.145,20.048,1448,36,52128,28960,6749899,6725283,5772,NaN,4666,2332,4665,14,NaN,NaN,8322288,6694872,4649,298496,43520,17,571960
2026-04-01 06:46:36.011,44428,ESTAB,bbr,232,30.256,0.469,20.048,1448,36,52128,28960,6942483,6919315,5772,NaN,4799,2399,4798,14,NaN,NaN,8325704,6690872,4783,298496,43520,16,577443
2026-04-01 06:46:36.250,44428,ESTAB,bbr,232,28.822,0.078,20.048,1448,36,52128,28960,7146651,7122035,5772,NaN,4940,2469,4939,14,NaN,NaN,8318864,6694872,4923,298496,43520,17,435848
2026-04-01 06:46:36.480,44428,ESTAB,bbr,232,30.33,0.454,20.048,1448,36,52128,28960,7336339,7313171,5772,NaN,5071,2535,5070,14,NaN,NaN,8323992,6691360,5055,298496,43520,16,343364
2026-04-01 06:46:36.706,44428,ESTAB,bbr,232,28.833,0.095,20.048,1448,36,52128,28960,7528923,7504307,5772,NaN,5204,2601,5203,14,NaN,NaN,8335960,6689936,5187,298496,43520,17,150780
2026-04-01 06:46:36.935,44428,ESTAB,bbr,232,29.79,1.003,20.048,1448,36,52128,28960,7679703,7679703,5772,NaN,5309,2662,5308,14,NaN,NaN,8331688,5513376,5309,298496,43520,NaN,NaN
2026-04-01 06:46:37.169,44428,ESTAB,bbr,232,29.79,1.003,20.048,1448,36,52128,28960,7679703,7679703,5772,NaN,5309,2662,5308,14,NaN,NaN,8331688,5513376,5309,298496,43520,NaN,NaN
2026-04-01 06:46:37.411,44428,ESTAB,bbr,232,28.596,1.27,20.048,1448,36,52128,28960,7682586,7682586,6596,NaN,5311,2665,5310,16,NaN,NaN,8331688,5513376,5311,298496,43520,NaN,NaN
2026-04-01 06:46:37.648,44428,ESTAB,bbr,232,28.827,0.121,20.048,1448,36,52128,28960,7889650,7867930,6596,NaN,5454,2729,5453,16,NaN,NaN,8378680,6694016,5439,298496,43520,15,447432
2026-04-01 06:46:37.882,44428,ESTAB,bbr,232,30.181,0.566,20.048,1448,36,52128,28960,8085130,8061962,6596,NaN,5589,2796,5588,16,NaN,NaN,8310320,6694016,5573,298496,43520,16,577752
2026-04-01 06:46:38.117,44428,ESTAB,bbr,232,28.852,0.119,20.048,1448,36,52128,28960,8280610,8258890,6596,NaN,5724,2864,5723,16,NaN,NaN,8318016,6694448,5709,298496,43520,15,522495
2026-04-01 06:46:38.368,44428,ESTAB,bbr,232,30.394,0.342,20.048,1448,36,52128,28960,8490570,8467402,6596,NaN,5869,2936,5868,16,NaN,NaN,8315448,5851976,5853,298496,43520,16,312535
2026-04-01 06:46:38.611,44428,ESTAB,bbr,232,28.428,0.255,20.048,1448,36,52128,28960,8694738,8670122,6596,NaN,6010,3006,6009,16,NaN,NaN,8359024,6073864,5993,298496,43520,17,108367
2026-04-01 06:46:38.838,44428,ESTAB,bbr,232,28.561,0.411,20.048,1448,36,52128,28960,8803105,8803105,6596,NaN,6085,3052,6084,16,NaN,NaN,8332536,5508688,6085,298496,43520,NaN,NaN
2026-04-01 06:46:39.062,44428,ESTAB,bbr,232,28.561,0.411,20.048,1448,36,52128,28960,8803105,8803105,6596,NaN,6085,3052,6084,16,NaN,NaN,8332536,5508688,6085,298496,43520,NaN,NaN
2026-04-01 06:46:39.306,44428,ESTAB,bbr,232,28.561,0.411,20.048,1448,36,52128,28960,8803105,8803105,6596,NaN,6085,3052,6084,16,NaN,NaN,8332536,5508688,6085,298496,43520,NaN,NaN
2026-04-01 06:46:39.543,44428,ESTAB,bbr,228,27.058,1.976,20.048,1448,36,52128,28960,8903004,8878388,7420,NaN,6154,3080,6153,18,NaN,NaN,8340232,6137008,6137,298496,43520,17,557480
2026-04-01 06:46:39.772,44428,ESTAB,bbr,232,29.86,0.416,20.048,1448,36,52128,28960,9095588,9072420,7420,NaN,6287,3147,6286,18,NaN,NaN,8340232,6513352,6271,298496,43520,16,625536
2026-04-01 06:46:40.000,44428,ESTAB,bbr,232,28.857,0.071,20.048,1448,36,52128,28960,9288172,9263556,7420,NaN,6420,3213,6419,18,NaN,NaN,8318864,6710816,6403,298496,43520,17,432952
2026-04-01 06:46:40.233,44428,ESTAB,bbr,232,30.324,0.411,20.048,1448,36,52128,28960,9480756,9454692,7420,NaN,6553,3279,6552,18,NaN,NaN,8324848,6682672,6535,298496,43520,18,501008
2026-04-01 06:46:40.469,44428,ESTAB,bbr,232,28.395,0.188,20.048,1448,36,52128,28960,9679132,9657412,7420,NaN,6690,3349,6689,18,NaN,NaN,8315448,5835216,6675,298496,43520,15,359164
2026-04-01 06:46:40.702,44428,ESTAB,bbr,232,30.363,0.344,20.048,1448,36,52128,28960,9871716,9848548,7420,NaN,6823,3415,6822,18,NaN,NaN,8413712,6686528,6807,298496,43520,16,166580
2026-04-01 06:46:40.950,44428,ESTAB,bbr,232,28.611,0.173,20.048,1448,36,52128,28960,10038296,10038296,7420,NaN,6939,3481,6938,18,NaN,NaN,8320576,6308720,6939,298496,43520,NaN,NaN
2026-04-01 06:46:41.195,44428,ESTAB,bbr,232,28.611,0.173,20.048,1448,36,52128,28960,10038296,10038296,7420,NaN,6939,3481,6938,18,NaN,NaN,8320576,6308720,6939,298496,43520,NaN,NaN
2026-04-01 06:46:41.434,44428,ESTAB,bbr,232,28.611,0.173,20.048,1448,36,52128,28960,10041179,10038296,7828,NaN,6941,3482,6940,19,NaN,NaN,8320576,6308720,6939,298496,43520,2,NaN
2026-04-01 06:46:41.673,44428,ESTAB,bbr,232,28.946,0.29,20.048,1448,36,52128,28960,10226523,10203355,8244,NaN,7069,3540,7068,20,NaN,NaN,8320576,6701976,7053,298496,43520,16,469152
2026-04-01 06:46:41.905,44428,ESTAB,bbr,232,29.584,1.109,20.048,1448,36,52128,28960,10422003,10397387,8244,NaN,7204,3607,7203,20,NaN,NaN,8326560,6729008,7187,298496,43520,17,534312
2026-04-01 06:46:42.131,44428,ESTAB,bbr,232,29.031,0.425,20.048,1448,36,52128,28960,10608795,10585627,8244,NaN,7333,3672,7332,20,NaN,NaN,8326560,6718168,7317,298496,43520,16,596216
2026-04-01 06:46:42.367,44428,ESTAB,bbr,232,29.478,1.188,20.048,1448,36,52128,28960,10807171,10785451,8244,NaN,7470,3741,7469,20,NaN,NaN,8313744,6718768,7455,298496,43520,15,397840
2026-04-01 06:46:42.595,44428,ESTAB,bbr,232,29.09,0.446,20.048,1448,36,52128,28960,10999755,10973691,8244,NaN,7603,3806,7602,20,NaN,NaN,8324848,6669608,7585,298496,43520,18,205256
2026-04-01 06:46:42.825,44428,ESTAB,bbr,232,28.934,0.978,20.048,1448,36,52128,28960,11192339,11167723,8244,NaN,7736,3873,7735,20,NaN,NaN,8327416,6301216,7719,298496,43520,17,12672
2026-04-01 06:46:43.056,44428,ESTAB,bbr,232,30.209,0.505,20.048,1448,36,52128,28960,11205011,11205011,8244,NaN,7745,3886,7744,20,NaN,NaN,8327416,5857896,7745,298496,43520,NaN,NaN
2026-04-01 06:46:43.292,44428,ESTAB,bbr,232,30.209,0.505,20.048,1448,36,52128,28960,11205011,11205011,8244,NaN,7745,3886,7744,20,NaN,NaN,8327416,5857896,7745,298496,43520,NaN,NaN
2026-04-01 06:46:43.526,44428,ESTAB,bbr,228,25.882,1.434,20.048,1448,36,52128,28960,11236854,11219478,9068,NaN,7767,3893,7766,22,NaN,NaN,8327416,5857896,7755,298496,43520,12,625536
2026-04-01 06:46:43.773,44428,ESTAB,bbr,232,28.745,0.763,20.048,1448,36,52128,28960,11443918,11419302,9068,NaN,7910,3962,7909,22,NaN,NaN,8336808,6295224,7893,298496,43520,17,418472
2026-04-01 06:46:44.010,44428,ESTAB,bbr,232,29.057,0.439,20.048,1448,36,52128,28960,11645190,11622022,9068,NaN,8049,4032,8048,22,NaN,NaN,8323136,6694448,8033,298496,43520,16,477840
2026-04-01 06:46:44.257,44428,ESTAB,bbr,232,29.736,1.118,20.048,1448,36,52128,28960,11852254,11827638,9068,NaN,8192,4103,8191,22,NaN,NaN,8346208,6676416,8175,298496,43520,17,531416
2026-04-01 06:46:44.497,44428,ESTAB,bbr,232,28.753,0.339,20.048,1448,36,52128,28960,12053526,12030358,9068,NaN,8331,4173,8330,22,NaN,NaN,8383808,6429520,8315,298496,43520,16,370943
2026-04-01 06:46:44.725,44428,ESTAB,bbr,232,29.818,1.029,20.048,1448,36,52128,28960,12246110,12221494,9068,NaN,8464,4239,8463,22,NaN,NaN,8383808,6669208,8447,298496,43520,17,178359
2026-04-01 06:46:44.955,44428,ESTAB,bbr,232,28.922,0.3,20.048,1448,36,52128,28960,12424469,12415526,9068,NaN,8588,4306,8587,22,NaN,NaN,8326560,6722072,8581,298496,43520,7,NaN
2026-04-01 06:46:45.180,44428,ESTAB,bbr,236,33.518,9.479,20.048,1448,36,52128,28960,12424469,12424469,9068,NaN,8588,4310,8587,22,NaN,NaN,8326560,2254904,8588,298496,43520,NaN,NaN
2026-04-01 06:46:45.409,44428,ESTAB,bbr,236,33.518,9.479,20.048,1448,36,52128,28960,12424469,12424469,9068,NaN,8588,4310,8587,22,NaN,NaN,8326560,2254904,8588,298496,43520,NaN,NaN
2026-04-01 06:46:45.646,44428,ESTAB,bbr,232,28.805,2.19,20.048,1448,36,52128,28960,12541744,12517128,9892,NaN,8669,4345,8668,24,NaN,NaN,8341080,6301640,8652,298496,43520,17,540104
2026-04-01 06:46:45.879,44428,ESTAB,bbr,232,29.082,0.437,20.048,1448,36,52128,28960,12737224,12711160,9892,NaN,8804,4412,8803,24,NaN,NaN,8341080,6674512,8786,298496,43520,18,516833
2026-04-01 06:46:46.107,44428,ESTAB,bbr,232,28.933,1.06,20.048,1448,36,52128,28960,12926912,12902296,9892,NaN,8935,4478,8934,24,NaN,NaN,8349624,6298856,8918,298496,43520,17,445878
2026-04-01 06:46:46.339,44428,ESTAB,bbr,232,29.074,0.455,20.048,1448,36,52128,28960,13122392,13099224,9892,NaN,9070,4546,9069,24,NaN,NaN,8318864,6707800,9054,298496,43520,16,250398
2026-04-01 06:46:46.573,44428,ESTAB,bbr,232,28.981,1.007,20.048,1448,36,52128,28960,13314976,13293256,9892,NaN,9203,4613,9202,24,NaN,NaN,8323136,6296720,9188,298496,43520,15,57814
2026-04-01 06:46:46.815,44428,ESTAB,bbr,236,33.47,9.28,20.048,1448,36,52128,28960,13372790,13372790,9892,NaN,9243,4641,9242,24,NaN,NaN,8348776,2579992,9243,298496,43520,NaN,NaN
2026-04-01 06:46:47.055,44428,ESTAB,bbr,236,33.47,9.28,20.048,1448,36,52128,28960,13372790,13372790,9892,NaN,9243,4641,9242,24,NaN,NaN,8348776,2579992,9243,298496,43520,NaN,NaN
2026-04-01 06:46:47.288,44428,ESTAB,bbr,236,33.47,9.28,20.048,1448,36,52128,28960,13372790,13372790,9892,NaN,9243,4641,9242,24,NaN,NaN,8348776,2579992,9243,298496,43520,NaN,NaN
2026-04-01 06:46:47.524,44428,ESTAB,bbr,236,33.47,9.28,20.048,1448,36,52128,28960,13375673,13372790,10300,NaN,9245,4642,9244,25,NaN,NaN,6679016,2579992,9243,298496,43520,2,NaN
2026-04-01 06:46:47.759,44428,ESTAB,bbr,232,28.947,0.259,20.048,1448,36,52128,28960,13561017,13537849,10716,NaN,9373,4701,9372,26,NaN,NaN,8337664,6680928,9357,298496,43520,16,469152
2026-04-01 06:46:47.991,44428,ESTAB,bbr,232,29.655,1.158,20.048,1448,36,52128,28960,13756497,13731881,10716,NaN,9508,4768,9507,26,NaN,NaN,8321432,6693528,9491,298496,43520,17,534312
2026-04-01 06:46:48.221,44428,ESTAB,bbr,232,28.871,0.31,20.048,1448,36,52128,28960,13949081,13923017,10716,NaN,9641,4834,9640,26,NaN,NaN,8351336,6697672,9623,298496,43520,18,602368
2026-04-01 06:46:48.453,44428,ESTAB,bbr,232,29.329,1.19,20.048,1448,36,52128,28960,14141665,14117049,10716,NaN,9774,4901,9773,26,NaN,NaN,8351336,6301216,9757,298496,43520,17,409784
2026-04-01 06:46:48.690,44428,ESTAB,bbr,232,28.985,0.373,20.048,1448,36,52128,28960,14340041,14316873,10716,NaN,9911,4970,9910,26,NaN,NaN,8317160,6720336,9895,298496,43520,16,271465
2026-04-01 06:46:48.926,44428,ESTAB,bbr,232,29.606,1.152,20.048,1448,36,52128,28960,14538417,14513801,10716,NaN,10048,5038,10047,26,NaN,NaN,8322288,6679056,10031,298496,43520,17,73089
2026-04-01 06:46:49.159,44428,ESTAB,bbr,232,28.622,0.116,20.048,1448,36,52128,28960,14611506,14611506,10716,NaN,10099,5072,10098,26,NaN,NaN,8322288,6297784,10099,298496,43520,NaN,NaN
2026-04-01 06:46:49.393,44428,ESTAB,bbr,232,28.622,0.116,20.048,1448,36,52128,28960,14611506,14611506,10716,NaN,10099,5072,10098,26,NaN,NaN,8322288,6297784,10099,298496,43520,NaN,NaN
2026-04-01 06:46:49.628,44428,ESTAB,bbr,224,23.451,0.995,20.048,1448,36,52128,28960,14666517,14643349,11540,NaN,10137,5085,10136,28,NaN,NaN,8323992,6703976,10121,298496,43520,16,602368
2026-04-01 06:46:49.858,44428,ESTAB,bbr,232,29.349,1.186,20.048,1448,36,52128,28960,14859101,14834485,11540,NaN,10270,5151,10269,28,NaN,NaN,8347064,6286464,10253,298496,43520,17,409784
2026-04-01 06:46:50.093,44428,ESTAB,bbr,232,28.998,0.426,20.048,1448,36,52128,28960,15054581,15031413,11540,NaN,10405,5219,10404,28,NaN,NaN,8331688,6717304,10389,298496,43520,16,474944
2026-04-01 06:46:50.329,44428,ESTAB,bbr,232,29.586,1.122,20.048,1448,36,52128,28960,15252957,15231237,11540,NaN,10542,5288,10541,28,NaN,NaN,8322288,6719256,10527,298496,43520,15,537208
2026-04-01 06:46:50.558,44428,ESTAB,bbr,232,28.989,0.383,20.048,1448,36,52128,28960,15445541,15422373,11540,NaN,10675,5354,10674,28,NaN,NaN,8322288,6700040,10659,298496,43520,16,361473
2026-04-01 06:46:50.788,44428,ESTAB,bbr,232,29.188,1.125,20.048,1448,36,52128,28960,15638125,15613509,11540,NaN,10808,5420,10807,28,NaN,NaN,8320576,6309368,10791,298496,43520,17,168889
2026-04-01 06:46:51.022,44428,ESTAB,bbr,232,28.753,0.636,20.048,1448,36,52128,28960,15807014,15807014,11540,NaN,10925,5487,10924,28,NaN,NaN,8322288,6694984,10925,298496,43520,NaN,NaN
2026-04-01 06:46:51.253,44428,ESTAB,bbr,232,28.753,0.636,20.048,1448,36,52128,28960,15807014,15807014,11540,NaN,10925,5487,10924,28,NaN,NaN,8322288,6694984,10925,298496,43520,NaN,NaN
2026-04-01 06:46:51.488,44428,ESTAB,bbr,232,28.753,0.636,20.048,1448,36,52128,28960,15807014,15807014,11540,NaN,10925,5487,10924,28,NaN,NaN,8322288,6694984,10925,298496,43520,NaN,NaN
2026-04-01 06:46:51.717,44428,ESTAB,bbr,228,27.254,1.955,20.048,1448,36,52128,28960,15909809,15885193,12364,NaN,10996,5516,10995,30,NaN,NaN,8347064,6169496,10979,298496,43520,17,554584
2026-04-01 06:46:51.941,44428,ESTAB,bbr,232,30.315,0.45,20.048,1448,36,52128,28960,16096601,16073433,12364,NaN,11125,5581,11124,30,NaN,NaN,8347064,5866160,11109,298496,43520,16,628432
2026-04-01 06:46:52.176,44428,ESTAB,bbr,232,28.851,0.052,20.048,1448,36,52128,28960,16292081,16267465,12364,NaN,11260,5648,11259,30,NaN,NaN,8348776,6695088,11243,298496,43520,17,432952
2026-04-01 06:46:52.415,44428,ESTAB,bbr,232,30.384,0.332,20.048,1448,36,52128,28960,16490457,16464393,12364,NaN,11397,5716,11396,30,NaN,NaN,8348776,5865104,11379,298496,43520,18,433443
2026-04-01 06:46:52.665,44428,ESTAB,bbr,232,28.939,0.967,20.048,1448,36,52128,28960,16700417,16675801,12364,NaN,11542,5789,11541,30,NaN,NaN,8317160,6307648,11525,298496,43520,17,223483
2026-04-01 06:46:52.909,44428,ESTAB,bbr,232,28.987,0.372,20.048,1448,36,52128,28960,16904585,16881417,12364,NaN,11683,5860,11682,30,NaN,NaN,8375264,6705640,11667,298496,43520,16,19315
2026-04-01 06:46:53.149,44428,ESTAB,bbr,232,28.324,0.187,20.048,1448,36,52128,28960,16923900,16923900,12364,NaN,11697,5875,11696,30,NaN,NaN,8375264,5514496,11697,298496,43520,NaN,NaN
2026-04-01 06:46:53.385,44428,ESTAB,bbr,232,28.324,0.187,20.048,1448,36,52128,28960,16923900,16923900,12364,NaN,11697,5875,11696,30,NaN,NaN,8375264,5514496,11697,298496,43520,NaN,NaN
2026-04-01 06:46:53.637,44428,ESTAB,bbr,228,27.321,0.431,20.048,1448,36,52128,28960,16926783,16926783,12772,NaN,11699,5877,11698,31,NaN,NaN,8375264,5514496,11699,298496,43520,NaN,NaN
2026-04-01 06:46:53.872,44428,ESTAB,bbr,232,28.869,0.127,20.048,1448,36,52128,28960,17123711,17103439,13188,NaN,11835,5939,11834,32,NaN,NaN,8406872,6688432,11821,298496,43520,14,457568
2026-04-01 06:46:54.107,44428,ESTAB,bbr,232,30.088,0.685,20.048,1448,36,52128,28960,17320639,17300367,13188,NaN,11971,6007,11970,32,NaN,NaN,8406872,6688456,11957,298496,43520,14,521280
2026-04-01 06:46:54.340,44428,ESTAB,bbr,232,28.901,0.138,20.048,1448,36,52128,28960,17519015,17497295,13188,NaN,12108,6075,12107,32,NaN,NaN,8298360,6652160,12093,298496,43520,15,583544
2026-04-01 06:46:54.565,44428,ESTAB,bbr,240,36.801,2.318,20.048,1448,36,52128,28960,17616031,17604447,13188,NaN,12175,6112,12174,32,NaN,NaN,8288960,3495736,12167,298496,43520,8,486528
2026-04-01 06:46:54.797,44428,ESTAB,bbr,244,40.444,3.779,20.048,1448,26,37648,28960,17714495,17697119,13188,NaN,12243,6144,12242,32,NaN,NaN,4942960,3216808,12231,298496,43520,12,475175
2026-04-01 06:46:55.027,44428,ESTAB,bbr,240,38.206,3.037,20.048,1448,24,34752,28960,17808615,17795583,13188,NaN,12308,6178,12307,32,NaN,NaN,4526840,3345552,12299,298496,43520,9,381055
2026-04-01 06:46:55.258,44428,ESTAB,bbr,240,36.186,0.864,20.048,1448,24,34752,28960,17905631,17891151,13188,NaN,12375,6211,12374,32,NaN,NaN,4526840,3353792,12365,298496,43520,10,284039
2026-04-01 06:46:55.491,44428,ESTAB,bbr,240,38.124,1.929,20.048,1448,24,34752,28960,18001199,17986719,13188,NaN,12441,6244,12440,32,NaN,NaN,4525992,3350720,12431,298496,43520,10,188471
2026-04-01 06:46:55.736,44428,ESTAB,bbr,236,33.026,1.35,20.048,1448,4,5792,28960,18050431,18044639,13188,NaN,12475,6264,12474,32,NaN,NaN,3626256,3340088,12471,298496,43520,4,139239
2026-04-01 06:46:55.977,44428,ESTAB,bbr,236,35.635,0.158,20.048,1448,30,43440,28960,18151791,18137311,13188,NaN,12545,6296,12544,32,NaN,NaN,4146616,3346040,12535,298496,43520,10,37879
2026-04-01 06:46:56.208,44428,ESTAB,bbr,236,35.778,0.975,20.048,1448,30,43440,28960,18230214,18215734,13604,NaN,12600,6324,12599,33,NaN,NaN,4146616,3346280,12590,298496,43520,10,613952
2026-04-01 06:46:56.454,44428,ESTAB,bbr,244,40.212,3.761,20.048,1448,30,43440,28960,18331574,18317094,13604,NaN,12670,6359,12669,33,NaN,NaN,4152600,3342176,12660,298496,43520,10,512592
2026-04-01 06:46:56.688,44428,ESTAB,bbr,240,38.793,3.197,20.048,1448,30,43440,28960,18425694,18412662,13604,NaN,12735,6392,12734,33,NaN,NaN,4149176,3340408,12726,298496,43520,9,418472
2026-04-01 06:46:56.921,44428,ESTAB,bbr,240,36.069,0.733,20.048,1448,32,46336,28960,18521262,18508230,13604,NaN,12801,6425,12800,33,NaN,NaN,4527696,3344024,12792,298496,43520,9,583544
2026-04-01 06:46:57.152,44428,ESTAB,bbr,240,37.557,1.912,20.048,1448,30,43440,28960,18618278,18603798,13604,NaN,12868,6458,12867,33,NaN,NaN,4527696,3345800,12858,298496,43520,10,486528
2026-04-01 06:46:57.392,44428,ESTAB,bbr,244,40.375,1.056,20.048,1448,30,43440,28960,18713846,18702262,13604,NaN,12934,6492,12933,33,NaN,NaN,4508048,3342080,12926,298496,43520,8,527567
2026-04-01 06:46:57.622,44428,ESTAB,bbr,240,38.204,3.072,20.048,1448,30,43440,28960,18813758,18797830,13604,NaN,13003,6525,13002,33,NaN,NaN,4520864,3338616,12992,298496,43520,11,427655
2026-04-01 06:46:57.844,44428,ESTAB,bbr,240,36.382,1.183,20.048,1448,30,43440,28960,18904982,18890502,13604,NaN,13066,6557,13065,33,NaN,NaN,4520864,3349744,13056,298496,43520,10,336431
2026-04-01 06:46:58.072,44428,ESTAB,bbr,240,38.868,1.872,20.048,1448,30,43440,28960,18997654,18983174,13604,NaN,13130,6589,13129,33,NaN,NaN,4510608,3346520,13120,298496,43520,10,243759
2026-04-01 06:46:58.303,44428,ESTAB,bbr,240,39.886,1.859,20.048,1448,30,43440,28960,19094670,19078742,13604,NaN,13197,6622,13196,33,NaN,NaN,4531968,3348648,13186,298496,43520,11,146743
2026-04-01 06:46:58.534,44428,ESTAB,bbr,236,35.517,0.556,20.048,1448,30,43440,28960,19187342,19171414,13604,NaN,13261,6654,13260,33,NaN,NaN,4519152,2579592,13250,298496,43520,11,54071
2026-04-01 06:46:58.767,44428,ESTAB,bbr,240,37.706,2.084,20.048,1448,30,43440,28960,19259845,19242469,14426,NaN,13312,6680,13311,35,NaN,NaN,3615320,2560312,13300,298496,43520,12,637120
2026-04-01 06:46:58.989,44428,ESTAB,bbr,240,38.779,3.232,20.048,1448,30,43440,28960,19348173,19335141,14426,NaN,13373,6712,13372,35,NaN,NaN,4168832,3368824,13364,298496,43520,9,548792
2026-04-01 06:46:59.218,44428,ESTAB,bbr,240,36.11,0.79,20.048,1448,30,43440,28960,19439397,19427813,14426,NaN,13436,6744,13435,35,NaN,NaN,4168832,3036992,13428,298496,43520,8,457568
2026-04-01 06:46:59.451,44428,ESTAB,bbr,240,38.481,3.47,20.048,1448,30,43440,28960,19537861,19520485,14426,NaN,13504,6776,13503,35,NaN,NaN,4150032,3345800,13492,298496,43520,12,610692
2026-04-01 06:46:59.700,44428,ESTAB,bbr,244,40.097,3.572,20.048,1448,30,43440,28960,19631981,19618949,14426,NaN,13569,6810,13568,35,NaN,NaN,4154304,3347808,13560,298496,43520,9,516572
2026-04-01 06:46:59.935,44428,ESTAB,bbr,240,37.546,2.588,20.048,1448,30,43440,28960,19730445,19714517,14426,NaN,13637,6843,13636,35,NaN,NaN,4147472,2910696,13626,298496,43520,11,418108
2026-04-01 06:47:00.183,44428,ESTAB,bbr,240,36.159,1.011,20.048,1448,30,43440,28960,19827461,19815877,14426,NaN,13704,6878,13703,35,NaN,NaN,4148328,3348776,13696,298496,43520,8,321092
2026-04-01 06:47:00.435,44428,ESTAB,bbr,240,37.838,3.025,20.048,1448,30,43440,28960,19931717,19917237,14426,NaN,13776,6913,13775,35,NaN,NaN,4144904,3343064,13766,298496,43520,10,216836
2026-04-01 06:47:00.705,44428,ESTAB,bbr,244,40.658,3.304,20.048,1448,30,43440,28960,20038869,20024389,14426,NaN,13850,6950,13849,35,NaN,NaN,4146616,3038104,13840,298496,43520,10,109684
2026-04-01 06:47:00.963,44428,ESTAB,bbr,240,39.848,1.838,20.048,1448,30,43440,28960,20147469,20131541,14426,NaN,13925,6987,13924,35,NaN,NaN,4182504,3339480,13914,298496,43520,11,1084
2026-04-01 06:47:01.222,44428,ESTAB,bbr,240,36.367,2.09,20.048,1448,30,43440,28960,20236881,20223849,14842,NaN,13987,7020,13986,36,NaN,NaN,4154304,2878864,13978,298496,43520,9,566168
2026-04-01 06:47:01.474,44428,ESTAB,bbr,240,36.156,1.327,20.048,1448,30,43440,28960,20342585,20328105,14842,NaN,14060,7056,14059,36,NaN,NaN,4154304,2910112,14050,298496,43520,10,460464
2026-04-01 06:47:01.714,44428,ESTAB,bbr,240,38.824,3.605,20.048,1448,30,43440,28960,20438153,20423673,14842,NaN,14126,7089,14125,36,NaN,NaN,4147472,3046656,14116,298496,43520,10,625536
2026-04-01 06:47:01.962,44428,ESTAB,bbr,244,40.092,3.572,20.048,1448,30,43440,28960,20538065,20525033,14842,NaN,14195,7124,14194,36,NaN,NaN,4150888,3345800,14186,298496,43520,9,525624
2026-04-01 06:47:02.215,44428,ESTAB,bbr,240,37.568,2.608,20.048,1448,30,43440,28960,20639425,20620601,14842,NaN,14265,7157,14264,36,NaN,NaN,4151744,2907776,14252,298496,43520,13,424264
2026-04-01 06:47:02.480,44428,ESTAB,bbr,240,36.048,0.555,20.048,1448,32,46336,28960,20746577,20733545,14842,NaN,14339,7196,14338,36,NaN,NaN,4508048,3344024,14330,298496,43520,9,332404
2026-04-01 06:47:02.729,44428,ESTAB,bbr,240,36.675,1.495,20.048,1448,30,43440,28960,20852281,20837801,14842,NaN,14412,7232,14411,36,NaN,NaN,4521720,3349912,14402,298496,43520,10,226700
2026-04-01 06:47:02.983,44428,ESTAB,bbr,240,38.75,1.9,20.048,1448,30,43440,28960,20953641,20942057,14842,NaN,14482,7268,14481,36,NaN,NaN,4521720,3357096,14474,298496,43520,8,125340
2026-04-01 06:47:03.232,44428,ESTAB,bbr,244,40.118,1.464,20.048,1448,30,43440,28960,21059345,21043417,14842,NaN,14555,7303,14554,36,NaN,NaN,4166264,3345168,14544,298496,43520,11,19636
2026-04-01 06:47:03.479,44428,ESTAB,bbr,236,35.441,0.588,20.048,1448,28,40544,28960,21142693,21128213,15258,NaN,14613,7333,14612,37,NaN,NaN,4147472,3346520,14603,298496,43520,10,537191
2026-04-01 06:47:03.742,44428,ESTAB,bbr,240,37.56,2.795,20.048,1448,30,43440,28960,21249845,21235365,15258,NaN,14687,7370,14686,37,NaN,NaN,4148328,3039136,14677,298496,43520,10,430039
2026-04-01 06:47:04.006,44428,ESTAB,bbr,244,40.603,0.707,20.048,1448,30,43440,28960,21356997,21339621,15258,NaN,14761,7406,14760,37,NaN,NaN,4150032,3341120,14749,298496,43520,12,322887
2026-04-01 06:47:04.272,44428,ESTAB,bbr,240,39.89,3.573,20.048,1448,30,43440,28960,21462701,21449669,15258,NaN,14834,7444,14833,37,NaN,NaN,4153448,3345072,14825,298496,43520,9,217183
2026-04-01 06:47:04.534,44428,ESTAB,bbr,240,38.373,3.627,20.048,1448,30,43440,28960,21569853,21553925,15258,NaN,14908,7480,14907,37,NaN,NaN,4145760,3051472,14897,298496,43520,11,110031
2026-04-01 06:47:04.799,44428,ESTAB,bbr,236,35.905,0.607,20.048,1448,32,46336,28960,21677005,21663973,15258,NaN,14982,7518,14981,37,NaN,NaN,4535384,3344352,14973,298496,43520,9,2879
2026-04-01 06:47:05.055,44428,ESTAB,bbr,240,36.566,1.941,20.048,1448,30,43440,28960,21774004,21758076,15674,NaN,15049,7551,15048,38,NaN,NaN,4535384,2913920,15038,298496,43520,11,560376
2026-04-01 06:47:05.297,44428,ESTAB,bbr,240,36.459,1.124,20.048,1448,30,43440,28960,21871020,21856540,15674,NaN,15116,7585,15115,38,NaN,NaN,4156872,3344104,15106,298496,43520,10,463360
2026-04-01 06:47:05.543,44428,ESTAB,bbr,240,38.681,1.917,20.048,1448,30,43440,28960,21969484,21955004,15674,NaN,15184,7619,15183,38,NaN,NaN,4153448,3049624,15174,298496,43520,10,492127
2026-04-01 06:47:05.808,44428,ESTAB,bbr,244,40.473,0.919,20.048,1448,30,43440,28960,22079532,22065052,15674,NaN,15260,7657,15259,38,NaN,NaN,4153448,3350104,15250,298496,43520,10,382079
2026-04-01 06:47:06.071,44428,ESTAB,bbr,240,39.462,2.273,20.048,1448,30,43440,28960,22188132,22172204,15674,NaN,15335,7694,15334,38,NaN,NaN,4159432,3343624,15324,298496,43520,11,273479
2026-04-01 06:47:06.335,44428,ESTAB,bbr,240,36.635,2.128,20.048,1448,30,43440,28960,22289492,22276460,15674,NaN,15405,7730,15404,38,NaN,NaN,4145760,2516888,15396,298496,43520,9,172119
2026-04-01 06:47:06.591,44428,ESTAB,bbr,240,36.275,1.06,20.048,1448,30,43440,28960,22398092,22383612,15674,NaN,15480,7767,15479,38,NaN,NaN,4150032,3344352,15470,298496,43520,10,63519
2026-04-01 06:47:06.848,44428,ESTAB,bbr,240,37.252,4.102,20.048,1448,30,43440,28960,22490571,22473195,16090,NaN,15544,7799,15543,39,NaN,NaN,4150032,2792400,15532,298496,43520,12,625536
2026-04-01 06:47:07.106,44428,ESTAB,bbr,244,40.584,3.751,20.048,1448,30,43440,28960,22593379,22580347,16090,NaN,15615,7836,15614,39,NaN,NaN,4152600,3044248,15606,298496,43520,9,522728
2026-04-01 06:47:07.373,44428,ESTAB,bbr,240,38.863,3.234,20.048,1448,30,43440,28960,22703427,22684603,16090,NaN,15691,7872,15690,39,NaN,NaN,4152600,3347408,15678,298496,43520,13,412680
2026-04-01 06:47:07.612,44428,ESTAB,bbr,236,35.94,0.528,20.048,1448,30,43440,28960,22798995,22785963,16090,NaN,15757,7907,15756,39,NaN,NaN,4152600,3344752,15748,298496,43520,9,414124
2026-04-01 06:47:07.862,44428,ESTAB,bbr,240,36.958,2.111,20.048,1448,30,43440,28960,22898907,22887323,16090,NaN,15826,7942,15825,39,NaN,NaN,4145760,3346360,15818,298496,43520,8,314212
2026-04-01 06:47:08.126,44428,ESTAB,bbr,240,39.723,1.664,20.048,1448,30,43440,28960,23006059,22991579,16090,NaN,15900,7978,15899,39,NaN,NaN,4152600,3045936,15890,298496,43520,10,207060
2026-04-01 06:47:08.400,44428,ESTAB,bbr,244,40.241,3.602,20.048,1448,30,43440,28960,23114659,23104523,16090,NaN,15975,8017,15974,39,NaN,NaN,4152600,3336000,15968,298496,43520,7,98460
2026-04-01 06:47:08.673,44428,ESTAB,bbr,240,39.566,3.023,20.048,1448,30,43440,28960,23213119,23213119,16506,NaN,16043,8055,16042,40,NaN,NaN,4152600,3080848,16043,298496,43520,NaN,NaN
2026-04-01 06:47:08.931,44428,ESTAB,bbr,240,39.076,2.732,20.048,1448,32,46336,28960,23324615,23308687,16506,NaN,16120,8088,16119,40,NaN,NaN,4514024,3345656,16109,298496,43520,11,543000
2026-04-01 06:47:09.171,44428,ESTAB,bbr,240,36.034,0.532,20.048,1448,30,43440,28960,23420183,23407151,16506,NaN,16186,8122,16185,40,NaN,NaN,4514024,3344024,16177,298496,43520,9,447432
2026-04-01 06:47:09.433,44428,ESTAB,bbr,236,34.888,2.268,20.048,1448,30,43440,28960,23531679,23514303,16506,NaN,16263,8159,16262,40,NaN,NaN,4150032,3209896,16251,298496,43520,12,470130
2026-04-01 06:47:09.687,44428,ESTAB,bbr,240,38.823,3.606,20.048,1448,30,43440,28960,23633039,23618559,16506,NaN,16333,8195,16332,40,NaN,NaN,4150032,3043688,16323,298496,43520,10,368770
2026-04-01 06:47:09.927,44428,ESTAB,bbr,244,40.43,3.78,20.048,1448,30,43440,28960,23732951,23717023,16506,NaN,16402,8229,16401,40,NaN,NaN,4147472,3041296,16391,298496,43520,11,268858
2026-04-01 06:47:10.168,44428,ESTAB,bbr,240,36.491,2.361,20.048,1448,30,43440,28960,23825623,23809695,16506,NaN,16466,8261,16465,40,NaN,NaN,4145760,2593304,16455,298496,43520,11,176186
2026-04-01 06:47:10.431,44428,ESTAB,bbr,240,36.154,0.804,20.048,1448,32,46336,28960,23931327,23919743,16506,NaN,16539,8299,16538,40,NaN,NaN,4521720,3346848,16531,298496,43520,8,70482
2026-04-01 06:47:10.689,44428,ESTAB,bbr,240,37.47,2.06,20.048,1448,30,43440,28960,24024977,24010497,16922,NaN,16604,8331,16603,41,NaN,NaN,4521720,2621928,16594,298496,43520,10,631328
2026-04-01 06:47:10.941,44428,ESTAB,bbr,240,39.852,3.504,20.048,1448,30,43440,28960,24130681,24111857,16922,NaN,16677,8366,16676,41,NaN,NaN,4149176,3340648,16664,298496,43520,13,525624
2026-04-01 06:47:11.188,44428,ESTAB,bbr,240,37.266,2.749,20.048,1448,30,43440,28960,24229145,24213217,16922,NaN,16745,8401,16744,41,NaN,NaN,4150032,2907696,16734,298496,43520,11,427160
2026-04-01 06:47:11.438,44428,ESTAB,bbr,240,36.13,0.801,20.048,1448,30,43440,28960,24329057,24317473,16922,NaN,16814,8437,16813,41,NaN,NaN,4150032,3044888,16806,298496,43520,8,535062
2026-04-01 06:47:11.691,44428,ESTAB,bbr,240,37.571,2.818,20.048,1448,30,43440,28960,24433313,24418833,16922,NaN,16886,8472,16885,41,NaN,NaN,4151744,3044248,16876,298496,43520,10,430806
2026-04-01 06:47:11.948,44428,ESTAB,bbr,244,40.818,3.721,20.048,1448,30,43440,28960,24537569,24523089,16922,NaN,16958,8508,16957,41,NaN,NaN,4153448,3040736,16948,298496,43520,10,326550
2026-04-01 06:47:12.208,44428,ESTAB,bbr,240,39.753,2.002,20.048,1448,32,46336,28960,24643273,24627345,16922,NaN,17031,8544,17030,41,NaN,NaN,4514880,3350976,17020,298496,43520,11,220846
2026-04-01 06:47:12.466,44428,ESTAB,bbr,240,37.392,2.858,20.048,1448,30,43440,28960,24750425,24734497,16922,NaN,17105,8581,17104,41,NaN,NaN,4520008,2908648,17094,298496,43520,11,113694
2026-04-01 06:47:12.719,44428,ESTAB,bbr,240,36.117,0.709,20.048,1448,30,43440,28960,24854681,24841649,16922,NaN,17177,8618,17176,41,NaN,NaN,4525136,3344832,17168,298496,43520,9,9438
2026-04-01 06:47:12.982,44428,ESTAB,bbr,236,35.273,0.205,20.048,1448,30,43440,28960,24949551,24933623,17338,NaN,17243,8651,17242,42,NaN,NaN,4525136,2573576,17232,298496,43520,11,569064
2026-04-01 06:47:13.236,44428,ESTAB,bbr,240,36.239,1.011,20.048,1448,30,43440,28960,25052359,25037879,17338,NaN,17314,8687,17313,42,NaN,NaN,4167976,3044088,17304,298496,43520,10,466256
2026-04-01 06:47:13.498,44428,ESTAB,bbr,240,37.868,3.25,20.048,1448,32,46336,28960,25159511,25145031,17338,NaN,17388,8724,17387,42,NaN,NaN,4536240,3665816,17378,298496,43520,10,502773
2026-04-01 06:47:13.761,44428,ESTAB,bbr,244,40.368,0.941,20.048,1448,32,46336,28960,25266663,25252183,17338,NaN,17462,8761,17461,42,NaN,NaN,4536240,3347104,17452,298496,43520,10,395621
2026-04-01 06:47:14.027,44428,ESTAB,bbr,240,39.913,1.812,20.048,1448,28,40544,28960,25375263,25362231,17338,NaN,17537,8799,17536,42,NaN,NaN,4150032,3346520,17528,298496,43520,9,287021
2026-04-01 06:47:14.300,44428,ESTAB,bbr,240,37.581,2.601,20.048,1448,30,43440,28960,25485311,25466487,17338,NaN,17613,8835,17612,42,NaN,NaN,4149176,2908944,17600,298496,43520,13,176973
2026-04-01 06:47:14.551,44428,ESTAB,bbr,240,36.021,0.684,20.048,1448,30,43440,28960,25586671,25573639,17338,NaN,17683,8872,17682,42,NaN,NaN,4150032,3346928,17674,298496,43520,9,75613
2026-04-01 06:47:14.811,44428,ESTAB,bbr,240,37.38,3.719,20.048,1448,30,43440,28960,25679660,25665180,17754,NaN,17748,8905,17747,43,NaN,NaN,4150032,3344432,17738,298496,43520,10,637120
2026-04-01 06:47:15.075,44428,ESTAB,bbr,240,39.861,3.523,20.048,1448,30,43440,28960,25788260,25772332,17754,NaN,17823,8942,17822,43,NaN,NaN,4150888,3346280,17812,298496,43520,11,528520
2026-04-01 06:47:15.349,44428,ESTAB,bbr,240,38.321,3.0,20.048,1448,30,43440,28960,25895412,25879484,17754,NaN,17897,8979,17896,43,NaN,NaN,4179936,3347408,17886,298496,43520,11,421368
2026-04-01 06:47:15.613,44428,ESTAB,bbr,236,35.971,0.49,20.048,1448,32,46336,28960,26005460,25989532,17754,NaN,17973,9017,17972,43,NaN,NaN,4530264,3344104,17962,298496,43520,11,521340
2026-04-01 06:47:15.869,44428,ESTAB,bbr,240,36.499,1.226,20.048,1448,30,43440,28960,26111164,26096684,17754,NaN,18046,9054,18045,43,NaN,NaN,4532824,3340248,18036,298496,43520,10,415636
2026-04-01 06:47:16.106,44428,ESTAB,bbr,240,39.902,2.564,20.048,1448,30,43440,28960,26209628,26195148,17754,NaN,18114,9088,18113,43,NaN,NaN,4532824,3055088,18104,298496,43520,10,317172
2026-04-01 06:47:16.353,44428,ESTAB,bbr,244,40.126,1.447,20.048,1448,30,43440,28960,26312436,26296508,17754,NaN,18185,9123,18184,43,NaN,NaN,4533680,3350200,18174,298496,43520,11,214364
2026-04-01 06:47:16.612,44428,ESTAB,bbr,240,38.564,2.98,20.048,1448,30,43440,28960,26419588,26403660,17754,NaN,18259,9160,18258,43,NaN,NaN,4511464,3347008,18248,298496,43520,11,107212
2026-04-01 06:47:16.878,44428,ESTAB,bbr,240,36.012,0.466,20.048,1448,28,40544,28960,26526740,26510812,17754,NaN,18333,9197,18332,43,NaN,NaN,4157720,3041616,18322,298496,43520,11,60
2026-04-01 06:47:17.139,44428,ESTAB,bbr,240,36.385,2.113,20.048,1448,30,43440,28960,26620920,26602096,18170,NaN,18399,9230,18398,44,NaN,NaN,4161992,2877080,18386,298496,43520,13,558793
2026-04-01 06:47:17.390,44428,ESTAB,bbr,240,36.29,1.052,20.048,1448,30,43440,28960,26723728,26709248,18170,NaN,18470,9267,18469,44,NaN,NaN,4161992,3349424,18460,298496,43520,10,455985
2026-04-01 06:47:17.639,44428,ESTAB,bbr,240,38.48,3.477,20.048,1448,30,43440,28960,26822192,26804816,18170,NaN,18538,9300,18537,44,NaN,NaN,4151744,3343464,18526,298496,43520,12,357521
2026-04-01 06:47:17.887,44428,ESTAB,bbr,244,40.214,3.584,20.048,1448,30,43440,28960,26919208,26909072,18170,NaN,18605,9336,18604,44,NaN,NaN,4150032,3338728,18598,298496,43520,7,260505
2026-04-01 06:47:18.140,44428,ESTAB,bbr,240,39.674,3.824,20.048,1448,30,43440,28960,27023464,27010432,18170,NaN,18677,9371,18676,44,NaN,NaN,4144048,3099392,18668,298496,43520,9,156249
2026-04-01 06:47:18.378,44428,ESTAB,bbr,240,36.179,0.821,20.048,1448,30,43440,28960,27119032,27106000,18170,NaN,18743,9404,18742,44,NaN,NaN,4157720,3349424,18734,298496,43520,9,60681
2026-04-01 06:47:18.634,44428,ESTAB,bbr,240,36.924,3.313,20.048,1448,30,43440,28960,27211569,27197089,18586,NaN,18807,9436,18806,45,NaN,NaN,4157720,3344200,18797,298496,43520,10,622640
2026-04-01 06:47:18.897,44428,ESTAB,bbr,244,40.742,3.76,20.048,1448,30,43440,28960,27318721,27304241,18586,NaN,18881,9473,18880,45,NaN,NaN,4153448,3036592,18871,298496,43520,10,515488
2026-04-01 06:47:19.154,44428,ESTAB,bbr,236,33.927,1.512,20.048,1448,4,5792,28960,27394017,27388225,18586,NaN,18933,9502,18932,45,NaN,NaN,3322760,3341696,18929,298496,43520,4,440192
2026-04-01 06:47:19.429,44428,ESTAB,bbr,236,35.472,0.528,20.048,1448,28,40544,28960,27486689,27472209,18586,NaN,18997,9531,18996,45,NaN,NaN,4156016,3345640,18987,298496,43520,10,431523
2026-04-01 06:47:19.704,44428,ESTAB,bbr,240,39.344,3.66,20.048,1448,30,43440,28960,27599633,27582257,18586,NaN,19075,9569,19074,45,NaN,NaN,4156016,3037144,19063,298496,43520,12,318579
2026-04-01 06:47:19.960,44428,ESTAB,bbr,244,40.23,3.642,20.048,1448,30,43440,28960,27702441,27692305,18586,NaN,19146,9607,19145,45,NaN,NaN,4164560,3349024,19139,298496,43520,7,215771
2026-04-01 06:47:20.205,44428,ESTAB,bbr,240,39.576,5.323,20.048,1448,30,43440,28960,27800905,27784977,18586,NaN,19214,9639,19213,45,NaN,NaN,4153448,2797320,19203,298496,43520,11,117307
2026-04-01 06:47:20.459,44428,ESTAB,bbr,236,35.96,0.75,20.048,1448,30,43440,28960,27905161,27892129,18586,NaN,19286,9676,19285,45,NaN,NaN,4519152,3229976,19277,298496,43520,9,13051
2026-04-01 06:47:20.703,44428,ESTAB,bbr,236,35.707,0.086,20.048,1448,30,43440,28960,27982980,27968500,19408,NaN,19341,9704,19340,47,NaN,NaN,4519152,3346760,19331,298496,43520,10,346748
2026-04-01 06:47:20.960,44428,ESTAB,bbr,240,37.731,1.961,20.048,1448,30,43440,28960,28087236,28072756,19408,NaN,19413,9740,19412,47,NaN,NaN,4154304,3351120,19403,298496,43520,10,242492
2026-04-01 06:47:21.222,44428,ESTAB,bbr,244,40.69,3.498,20.048,1448,30,43440,28960,28191492,28179908,19408,NaN,19485,9777,19484,47,NaN,NaN,4154304,3042728,19477,298496,43520,8,138236
2026-04-01 06:47:21.486,44428,ESTAB,bbr,240,39.636,3.456,20.048,1448,30,43440,28960,28302988,28284164,19408,NaN,19562,9813,19561,47,NaN,NaN,4145760,3349424,19549,298496,43520,13,26740
2026-04-01 06:47:21.752,44428,ESTAB,bbr,244,42.036,10.898,20.048,1448,30,43440,28960,28330784,28330784,19814,NaN,19582,9831,19581,48,NaN,NaN,4144904,3050184,19582,298496,43520,NaN,NaN
2026-04-01 06:47:22.021,44428,ESTAB,bbr,244,42.036,10.898,20.048,1448,30,43440,28960,28330784,28330784,19814,NaN,19582,9831,19581,48,NaN,NaN,4144904,3050184,19582,298496,43520,NaN,NaN
2026-04-01 06:47:22.268,44428,ESTAB,bbr,240,38.052,10.362,20.048,1448,30,43440,28960,28351043,28336563,20638,NaN,19596,9836,19595,50,NaN,NaN,4144904,3050184,19586,298496,43520,10,637120
2026-04-01 06:47:22.524,44428,ESTAB,bbr,240,39.831,1.955,20.048,1448,28,40544,28960,28456747,28440819,20638,NaN,19669,9872,19668,50,NaN,NaN,4183360,3345848,19658,298496,43520,11,531416
2026-04-01 06:47:22.771,44428,ESTAB,bbr,240,37.551,3.473,20.048,1448,30,43440,28960,28558107,28542179,20638,NaN,19739,9907,19738,50,NaN,NaN,4149176,2550200,19728,298496,43520,11,430056
2026-04-01 06:47:23.031,44428,ESTAB,bbr,240,36.344,1.048,20.048,1448,30,43440,28960,28660915,28646435,20638,NaN,19810,9943,19809,50,NaN,NaN,4152600,3346200,19800,298496,43520,10,448807
2026-04-01 06:47:23.291,44428,ESTAB,bbr,240,37.35,2.562,20.048,1448,30,43440,28960,28765171,28753587,20638,NaN,19882,9980,19881,50,NaN,NaN,4150032,3347976,19874,298496,43520,8,344551
2026-04-01 06:47:23.550,44428,ESTAB,bbr,244,41.062,3.719,20.048,1448,30,43440,28960,28872323,28857843,20638,NaN,19956,10016,19955,50,NaN,NaN,4146616,2504304,19946,298496,43520,10,237399
2026-04-01 06:47:23.817,44428,ESTAB,bbr,240,39.831,3.48,20.048,1448,30,43440,28960,28980923,28964995,20638,NaN,20031,10053,20030,50,NaN,NaN,4154304,3346928,20020,298496,43520,11,128799
2026-04-01 06:47:24.080,44428,ESTAB,bbr,240,37.139,3.423,20.048,1448,28,40544,28960,29090971,29072147,20638,NaN,20107,10090,20106,50,NaN,NaN,4212408,3108960,20094,298496,43520,13,18751
2026-04-01 06:47:24.314,44428,ESTAB,bbr,240,36.954,4.194,20.048,1448,28,40544,28960,29135773,29121293,21462,NaN,20138,10109,20137,52,NaN,NaN,4212408,2789504,20128,298496,43520,10,631328
2026-04-01 06:47:24.565,44428,ESTAB,bbr,240,39.827,3.512,20.048,1448,28,40544,28960,29238581,29222653,21462,NaN,20209,10144,20208,52,NaN,NaN,4155160,3347896,20198,298496,43520,11,528520
2026-04-01 06:47:24.819,44428,ESTAB,bbr,240,37.542,2.574,20.048,1448,28,40544,28960,29339941,29324013,21462,NaN,20279,10179,20278,52,NaN,NaN,4150888,2907480,20268,298496,43520,11,427160
2026-04-01 06:47:25.082,44428,ESTAB,bbr,240,36.173,0.832,20.048,1448,28,40544,28960,29444197,29431165,21462,NaN,20351,10216,20350,52,NaN,NaN,4150888,3348536,20342,298496,43520,9,500841
2026-04-01 06:47:25.326,44428,ESTAB,bbr,240,37.347,2.56,20.048,1448,28,40544,28960,29547005,29532525,21462,NaN,20422,10251,20421,52,NaN,NaN,4147472,3350312,20412,298496,43520,10,398033
2026-04-01 06:47:25.574,44428,ESTAB,bbr,244,40.289,3.621,20.048,1448,28,40544,28960,29645469,29630989,21462,NaN,20490,10285,20489,52,NaN,NaN,4152600,3344832,20480,298496,43520,10,299569
2026-04-01 06:47:25.827,44428,ESTAB,bbr,240,39.283,3.38,20.048,1448,28,40544,28960,29751173,29732349,21462,NaN,20563,10320,20562,52,NaN,NaN,4152600,3347408,20550,298496,43520,13,193865
2026-04-01 06:47:26.080,44428,ESTAB,bbr,236,35.516,0.638,20.048,1448,28,40544,28960,29852533,29833709,21462,NaN,20633,10355,20632,52,NaN,NaN,4147472,2347968,20620,298496,43520,13,92505
2026-04-01 06:47:26.330,44428,ESTAB,bbr,240,37.371,2.036,20.048,1448,28,40544,28960,29945038,29935069,21462,NaN,20697,10390,20696,52,NaN,NaN,4153448,3090504,20690,298496,43520,7,NaN
2026-04-01 06:47:26.586,44428,ESTAB,bbr,240,37.41,2.557,20.048,1448,28,40544,28960,30039158,30026126,21878,NaN,20762,10422,20761,53,NaN,NaN,4153448,2910112,20753,298496,43520,9,560376
2026-04-01 06:47:26.843,44428,ESTAB,bbr,240,36.149,0.761,20.048,1448,28,40544,28960,30143414,30133278,21878,NaN,20834,10459,20833,53,NaN,NaN,4152600,3349584,20827,298496,43520,7,456120
2026-04-01 06:47:27.095,44428,ESTAB,bbr,240,37.343,2.572,20.048,1448,28,40544,28960,30246222,30234638,21878,NaN,20905,10494,20904,53,NaN,NaN,4147472,3347008,20897,298496,43520,8,554738
2026-04-01 06:47:27.352,44428,ESTAB,bbr,244,40.856,3.728,20.048,1448,28,40544,28960,30350478,30335998,21878,NaN,20977,10529,20976,53,NaN,NaN,4145760,3042496,20967,298496,43520,10,450482
2026-04-01 06:47:27.600,44428,ESTAB,bbr,240,39.58,3.868,20.048,1448,28,40544,28960,30453286,30437358,21878,NaN,21048,10564,21047,53,NaN,NaN,4152600,3043848,21037,298496,43520,11,347674
2026-04-01 06:47:27.841,44428,ESTAB,bbr,236,35.507,0.654,20.048,1448,28,40544,28960,30551750,30535822,21878,NaN,21116,10598,21115,53,NaN,NaN,4149176,2349752,21105,298496,43520,11,249210
2026-04-01 06:47:28.091,44428,ESTAB,bbr,240,36.564,1.381,20.048,1448,28,40544,28960,30651662,30637182,21878,NaN,21185,10633,21184,53,NaN,NaN,4156872,3346440,21175,298496,43520,10,149298
2026-04-01 06:47:28.337,44428,ESTAB,bbr,240,39.283,3.593,20.048,1448,28,40544,28960,30750126,30738542,21878,NaN,21253,10668,21252,53,NaN,NaN,4156872,3045048,21245,298496,43520,8,50834
2026-04-01 06:47:28.580,44428,ESTAB,bbr,236,34.5,1.672,20.048,1448,28,40544,28960,30835712,30821232,22294,NaN,21313,10698,21312,54,NaN,NaN,4144904,3349616,21303,298496,43520,10,619744
2026-04-01 06:47:28.810,44428,ESTAB,bbr,240,39.994,3.6,20.048,1448,28,40544,28960,30929832,30916800,22294,NaN,21378,10731,21377,54,NaN,NaN,4156872,3347248,21369,298496,43520,9,525624
2026-04-01 06:47:29.042,44428,ESTAB,bbr,240,36.655,2.134,20.048,1448,28,40544,28960,31022504,31006576,22294,NaN,21442,10762,21441,54,NaN,NaN,4150888,2522440,21431,298496,43520,11,432952
2026-04-01 06:47:29.293,44428,ESTAB,bbr,240,36.474,1.298,20.048,1448,28,40544,28960,31125312,31107936,22294,NaN,21513,10797,21512,54,NaN,NaN,4158576,3342984,21501,298496,43520,12,574877
2026-04-01 06:47:29.537,44428,ESTAB,bbr,240,38.462,3.445,20.048,1448,28,40544,28960,31220880,31209296,22294,NaN,21579,10832,21578,54,NaN,NaN,4151744,3344672,21571,298496,43520,8,479309
2026-04-01 06:47:29.787,44428,ESTAB,bbr,244,40.264,1.175,20.048,1448,28,40544,28960,31323688,31310656,22294,NaN,21650,10867,21649,54,NaN,NaN,4147472,3344880,21641,298496,43520,9,376501
2026-04-01 06:47:30.053,44428,ESTAB,bbr,240,38.886,3.205,20.048,1448,28,40544,28960,31433736,31414912,22294,NaN,21726,10903,21725,54,NaN,NaN,4159432,3343864,21713,298496,43520,13,266453
2026-04-01 06:47:30.294,44428,ESTAB,bbr,240,36.048,0.611,20.048,1448,28,40544,28960,31529304,31516272,22294,NaN,21792,10938,21791,54,NaN,NaN,4159432,3343544,21783,298496,43520,9,170885
2026-04-01 06:47:30.552,44428,ESTAB,bbr,240,36.836,1.547,20.048,1448,28,40544,28960,31635008,31620528,22294,NaN,21865,10974,21864,54,NaN,NaN,4159432,3041776,21855,298496,43520,10,65181
2026-04-01 06:47:30.803,44428,ESTAB,bbr,240,38.43,3.915,20.048,1448,28,40544,28960,31723357,31708877,22710,NaN,21927,11006,21926,55,NaN,NaN,4159432,2676896,21917,298496,43520,10,548269
2026-04-01 06:47:31.056,44428,ESTAB,bbr,240,39.876,3.507,20.048,1448,28,40544,28960,31829061,31810237,22710,NaN,22000,11041,21999,55,NaN,NaN,4153448,3340568,21987,298496,43520,13,442565
2026-04-01 06:47:31.308,44428,ESTAB,bbr,240,37.558,2.605,20.048,1448,28,40544,28960,31930421,31911597,22710,NaN,22070,11076,22069,55,NaN,NaN,4147472,2908576,22057,298496,43520,13,341205
2026-04-01 06:47:31.567,44428,ESTAB,bbr,236,35.824,0.439,20.048,1448,28,40544,28960,32031781,32018749,22710,NaN,22140,11113,22139,55,NaN,NaN,4149176,3353064,22131,298496,43520,9,239845
2026-04-01 06:47:31.813,44428,ESTAB,bbr,240,37.3,2.581,20.048,1448,28,40544,28960,32131693,32120109,22710,NaN,22209,11148,22208,55,NaN,NaN,4149176,3347648,22201,298496,43520,8,139933
2026-04-01 06:47:32.086,44428,ESTAB,bbr,244,40.178,3.88,20.048,1448,28,40544,28960,32241741,32227261,22710,NaN,22285,11185,22284,55,NaN,NaN,4149176,2931840,22275,298496,43520,10,29885
2026-04-01 06:47:32.361,44428,ESTAB,bbr,244,40.888,9.804,20.048,1448,28,40544,28960,32271626,32271626,22710,NaN,22306,11201,22305,55,NaN,NaN,4156872,1089552,22306,298496,43520,NaN,NaN
2026-04-01 06:47:32.622,44428,ESTAB,bbr,236,35.778,0.117,20.048,1448,28,40544,28960,32357045,32341117,23534,NaN,22365,11227,22364,57,NaN,NaN,4156872,3344104,22354,298496,43520,11,571960
2026-04-01 06:47:32.869,44428,ESTAB,bbr,240,36.616,1.436,20.048,1448,28,40544,28960,32459853,32445373,23534,NaN,22436,11263,22435,57,NaN,NaN,4152600,3342824,22426,298496,43520,10,469152
2026-04-01 06:47:33.129,44428,ESTAB,bbr,240,39.263,3.682,20.048,1448,28,40544,28960,32561213,32546733,23534,NaN,22506,11298,22505,57,NaN,NaN,4152600,3046736,22496,298496,43520,10,507773
2026-04-01 06:47:33.402,44428,ESTAB,bbr,244,40.75,3.741,20.048,1448,28,40544,28960,32674157,32659677,23534,NaN,22584,11337,22583,57,NaN,NaN,4152600,3040176,22574,298496,43520,10,394829
2026-04-01 06:47:33.660,44428,ESTAB,bbr,240,39.295,3.363,20.048,1448,28,40544,28960,32776965,32763933,23534,NaN,22655,11373,22654,57,NaN,NaN,4149176,3345640,22646,298496,43520,9,292021
2026-04-01 06:47:33.908,44428,ESTAB,bbr,236,35.364,0.751,20.048,1448,4,5792,28960,32868189,32862397,23534,NaN,22718,11407,22717,57,NaN,NaN,3317976,3042808,22714,298496,43520,4,200797
2026-04-01 06:47:34.154,44428,ESTAB,bbr,236,32.154,1.4,20.048,1448,28,40544,28960,32923213,32908733,23534,NaN,22756,11423,22755,57,NaN,NaN,3317976,3042808,22746,298496,43520,10,145773
2026-04-01 06:47:34.418,44428,ESTAB,bbr,240,38.388,3.778,20.048,1448,30,43440,28960,33031813,33018781,23534,NaN,22831,11461,22830,57,NaN,NaN,4156016,3299184,22822,298496,43520,9,37173
2026-04-01 06:47:34.678,44428,ESTAB,bbr,236,35.527,0.717,20.048,1448,30,43440,28960,33124010,33109530,23950,NaN,22895,11493,22894,58,NaN,NaN,4148328,3352496,22885,298496,43520,10,599472
2026-04-01 06:47:34.945,44428,ESTAB,bbr,240,38.459,3.449,20.048,1448,30,43440,28960,33231162,33216682,23950,NaN,22969,11530,22968,58,NaN,NaN,4148328,3344832,22959,298496,43520,10,492320
2026-04-01 06:47:35.215,44428,ESTAB,bbr,244,40.354,3.598,20.048,1448,30,43440,28960,33341210,33326730,23950,NaN,23045,11568,23044,58,NaN,NaN,4147472,3344992,23035,298496,43520,10,492629
2026-04-01 06:47:35.463,44428,ESTAB,bbr,240,39.228,3.32,20.048,1448,30,43440,28960,33441122,33428090,23950,NaN,23114,11603,23113,58,NaN,NaN,4153448,3344264,23105,298496,43520,9,392717
2026-04-01 06:47:35.725,44428,ESTAB,bbr,236,35.568,0.627,20.048,1448,30,43440,28960,33548274,33529450,23950,NaN,23188,11638,23187,58,NaN,NaN,4150888,2346120,23175,298496,43520,13,285565
2026-04-01 06:47:35.994,44428,ESTAB,bbr,240,36.128,1.178,20.048,1448,30,43440,28960,33656874,33642394,23950,NaN,23263,11677,23262,58,NaN,NaN,4150888,3213760,23253,298496,43520,10,176965
2026-04-01 06:47:36.271,44428,ESTAB,bbr,240,37.161,2.33,20.048,1448,30,43440,28960,33766922,33752442,23950,NaN,23339,11715,23338,58,NaN,NaN,4153448,3046576,23329,298496,43520,10,66917
2026-04-01 06:47:36.520,44428,ESTAB,bbr,240,39.618,2.675,20.048,1448,30,43440,28960,33839618,33836722,24774,NaN,23390,11746,23389,60,NaN,NaN,3322760,2688208,23388,298496,43520,2,651600
2026-04-01 06:47:36.781,44428,ESTAB,bbr,240,38.825,3.188,20.048,1448,30,43440,28960,33948218,33929394,24774,NaN,23465,11778,23464,60,NaN,NaN,4150032,3353792,23452,298496,43520,13,543000
2026-04-01 06:47:37.044,44428,ESTAB,bbr,240,36.307,1.737,20.048,1448,32,46336,28960,34055370,34042338,24774,NaN,23539,11817,23538,60,NaN,NaN,4516592,2912744,23530,298496,43520,9,435848
2026-04-01 06:47:37.306,44428,ESTAB,bbr,240,36.276,0.87,20.048,1448,30,43440,28960,34163970,34149490,24774,NaN,23614,11854,23613,60,NaN,NaN,4522568,3345880,23604,298496,43520,10,571912
2026-04-01 06:47:37.554,44428,ESTAB,bbr,240,39.292,2.39,20.048,1448,32,46336,28960,34271122,34255194,24774,NaN,23688,11890,23687,60,NaN,NaN,4522568,3337840,23677,298496,43520,11,464760
2026-04-01 06:47:37.792,44428,ESTAB,bbr,240,36.154,0.702,20.048,1448,30,43440,28960,34363794,34350762,24774,NaN,23752,11923,23751,60,NaN,NaN,4498648,3348056,23743,298496,43520,9,372088
2026-04-01 06:47:38.056,44428,ESTAB,bbr,240,36.738,1.394,20.048,1448,30,43440,28960,34475290,34460810,24774,NaN,23829,11961,23828,60,NaN,NaN,4514024,3326424,23819,298496,43520,10,260592
2026-04-01 06:47:38.324,44428,ESTAB,bbr,240,37.923,1.963,20.048,1448,30,43440,28960,34588234,34570858,24774,NaN,23907,11999,23906,60,NaN,NaN,4514024,3343624,23895,298496,43520,12,147648
2026-04-01 06:47:38.580,44428,ESTAB,bbr,244,41.399,2.291,20.048,1448,30,43440,28960,34689594,34675114,24774,NaN,23977,12035,23976,60,NaN,NaN,4513168,3041296,23967,298496,43520,10,46288
2026-04-01 06:47:38.809,44428,ESTAB,bbr,236,35.175,0.688,20.048,1448,30,43440,28960,34776426,34764842,25190,NaN,24037,12067,24036,61,NaN,NaN,4507192,3355896,24029,298496,43520,8,535318
2026-04-01 06:47:39.049,44428,ESTAB,bbr,244,40.343,1.168,20.048,1448,30,43440,28960,34871994,34857514,25190,NaN,24103,12099,24102,61,NaN,NaN,4507192,3346520,24093,298496,43520,10,439750
2026-04-01 06:47:39.306,44428,ESTAB,bbr,240,39.355,2.436,20.048,1448,30,43440,28960,34980594,34964666,25190,NaN,24178,12136,24177,61,NaN,NaN,4505480,3347200,24167,298496,43520,11,331150
2026-04-01 06:47:39.563,44428,ESTAB,bbr,240,36.271,1.729,20.048,1448,30,43440,28960,35087746,35071818,25190,NaN,24252,12173,24251,61,NaN,NaN,4530264,2911424,24241,298496,43520,11,223998
2026-04-01 06:47:39.815,44428,ESTAB,bbr,240,36.299,1.008,20.048,1448,30,43440,28960,35190554,35176074,25190,NaN,24323,12209,24322,61,NaN,NaN,4530264,3348456,24313,298496,43520,10,121190
2026-04-01 06:47:40.085,44428,ESTAB,bbr,240,37.183,1.82,20.048,1448,30,43440,28960,35300602,35286122,25190,NaN,24399,12247,24398,61,NaN,NaN,4523424,3344592,24389,298496,43520,10,11142
2026-04-01 06:47:40.356,44428,ESTAB,bbr,236,35.956,0.922,20.048,1448,30,43440,28960,35311744,35311744,25190,NaN,24407,12256,24406,61,NaN,NaN,4523424,3192144,24407,298496,43520,NaN,NaN
2026-04-01 06:47:40.617,44428,ESTAB,bbr,236,35.358,1.042,20.048,1448,30,43440,28960,35323315,35314627,26014,NaN,24415,12259,24414,63,NaN,NaN,3618736,3192144,24409,298496,43520,6,645808
2026-04-01 06:47:40.885,44428,ESTAB,bbr,240,39.663,2.09,20.048,1448,30,43440,28960,35434811,35418883,26014,NaN,24492,12295,24491,63,NaN,NaN,4512320,3347200,24481,298496,43520,11,534312
2026-04-01 06:47:41.144,44428,ESTAB,bbr,240,37.508,2.549,20.048,1448,30,43440,28960,35539067,35526035,26014,NaN,24564,12332,24563,63,NaN,NaN,4148328,2911208,24555,298496,43520,9,430056
2026-04-01 06:47:41.406,44428,ESTAB,bbr,240,36.117,0.788,20.048,1448,30,43440,28960,35646219,35633187,26014,NaN,24638,12369,24637,63,NaN,NaN,4154304,3346680,24629,298496,43520,9,399472
2026-04-01 06:47:41.657,44428,ESTAB,bbr,240,37.26,2.51,20.048,1448,30,43440,28960,35749027,35734547,26014,NaN,24709,12404,24708,63,NaN,NaN,4149176,3350632,24699,298496,43520,10,296664
2026-04-01 06:47:41.912,44428,ESTAB,bbr,244,40.664,3.695,20.048,1448,30,43440,28960,35853283,35835907,26014,NaN,24781,12439,24780,63,NaN,NaN,4149176,3045368,24769,298496,43520,12,192408
2026-04-01 06:47:42.159,44428,ESTAB,bbr,240,39.319,3.33,20.048,1448,30,43440,28960,35950299,35934371,26014,NaN,24848,12473,24847,63,NaN,NaN,4148328,3343304,24837,298496,43520,11,95392
2026-04-01 06:47:42.434,44428,ESTAB,bbr,240,37.578,3.474,20.048,1448,30,43440,28960,36045691,36044419,26014,NaN,24914,12511,24913,63,NaN,NaN,4148328,2549992,24913,298496,43520,1,NaN
2026-04-01 06:47:42.693,44428,ESTAB,bbr,240,38.798,8.18,20.048,1448,30,43440,28960,36071742,36057262,26838,NaN,24932,12518,24931,65,NaN,NaN,4148328,1519608,24922,298496,43520,10,631328
2026-04-01 06:47:42.956,44428,ESTAB,bbr,244,40.08,1.381,20.048,1448,30,43440,28960,36180342,36164414,26838,NaN,25007,12555,25006,65,NaN,NaN,4151744,3345752,24996,298496,43520,11,522728
2026-04-01 06:47:43.218,44428,ESTAB,bbr,240,38.861,3.217,20.048,1448,30,43440,28960,36287494,36271566,26838,NaN,25081,12592,25080,65,NaN,NaN,4151744,3345152,25070,298496,43520,11,415576
2026-04-01 06:47:43.470,44428,ESTAB,bbr,240,36.058,0.561,20.048,1448,30,43440,28960,36391750,36375822,26838,NaN,25153,12628,25152,65,NaN,NaN,4146616,3042416,25142,298496,43520,11,480408
2026-04-01 06:47:43.712,44428,ESTAB,bbr,240,36.956,2.085,20.048,1448,30,43440,28960,36488766,36474286,26838,NaN,25220,12662,25219,65,NaN,NaN,4158576,3338728,25210,298496,43520,10,383392
2026-04-01 06:47:43.950,44428,ESTAB,bbr,244,40.849,3.721,20.048,1448,30,43440,28960,36584334,36569854,26838,NaN,25286,12695,25285,65,NaN,NaN,4158576,3040416,25276,298496,43520,10,287824
2026-04-01 06:47:44.189,44428,ESTAB,bbr,240,39.573,3.764,20.048,1448,30,43440,28960,36681350,36665422,26838,NaN,25353,12728,25352,65,NaN,NaN,4157720,3045608,25342,298496,43520,11,190808
2026-04-01 06:47:44.452,44428,ESTAB,bbr,236,35.491,0.573,20.048,1448,30,43440,28960,36785606,36769678,26838,NaN,25425,12764,25424,65,NaN,NaN,4154304,2348560,25414,298496,43520,11,86552
2026-04-01 06:47:44.708,44428,ESTAB,bbr,240,36.751,2.058,20.048,1448,30,43440,28960,36875054,36872158,27254,NaN,25487,12800,25486,66,NaN,NaN,3323440,2318392,25485,298496,43520,2,651600
2026-04-01 06:47:44.958,44428,ESTAB,bbr,240,38.493,2.891,20.048,1448,30,43440,28960,36977862,36961934,27254,NaN,25558,12831,25557,66,NaN,NaN,4151744,3081336,25547,298496,43520,11,548792
2026-04-01 06:47:45.224,44428,ESTAB,bbr,236,35.52,0.548,20.048,1448,30,43440,28960,37085014,37071982,27254,NaN,25632,12869,25631,66,NaN,NaN,4147472,2352080,25623,298496,43520,9,441640
2026-04-01 06:47:45.489,44428,ESTAB,bbr,240,36.497,1.318,20.048,1448,30,43440,28960,37193614,37179134,27254,NaN,25707,12906,25706,66,NaN,NaN,4153448,3348056,25697,298496,43520,10,472914
2026-04-01 06:47:45.739,44428,ESTAB,bbr,240,38.301,3.411,20.048,1448,30,43440,28960,37297870,37280494,27254,NaN,25779,12941,25778,66,NaN,NaN,4147472,3345072,25767,298496,43520,12,368658
2026-04-01 06:47:45.983,44428,ESTAB,bbr,244,40.004,3.561,20.048,1448,30,43440,28960,37394886,37378958,27254,NaN,25846,12975,25845,66,NaN,NaN,4144048,3344024,25835,298496,43520,11,271642
2026-04-01 06:47:46.230,44428,ESTAB,bbr,240,38.291,2.989,20.048,1448,30,43440,28960,37493350,37480318,27254,NaN,25914,13010,25913,66,NaN,NaN,4145760,3350632,25905,298496,43520,9,173178
2026-04-01 06:47:46.489,44428,ESTAB,bbr,236,35.805,0.492,20.048,1448,30,43440,28960,37600502,37587470,27254,NaN,25988,13047,25987,66,NaN,NaN,4152600,3348696,25979,298496,43520,9,66026
2026-04-01 06:47:46.736,44428,ESTAB,bbr,244,43.422,11.011,20.048,1448,30,43440,28960,37666528,37666528,27254,NaN,26034,13075,26033,66,NaN,NaN,4148328,1330456,26034,298496,43520,NaN,NaN
2026-04-01 06:47:46.962,44428,ESTAB,bbr,244,43.422,11.011,20.048,1448,30,43440,28960,37666528,37666528,27254,NaN,26034,13075,26033,66,NaN,NaN,4148328,1330456,26034,298496,43520,NaN,NaN
2026-04-01 06:47:47.232,44428,ESTAB,bbr,244,43.422,11.011,20.048,1448,30,43440,28960,37666528,37666528,27254,NaN,26034,13075,26033,66,NaN,NaN,4148328,1330456,26034,298496,43520,NaN,NaN
2026-04-01 06:47:47.496,44428,ESTAB,bbr,244,43.422,11.011,20.048,1448,30,43440,28960,37666528,37666528,27254,NaN,26034,13075,26033,66,NaN,NaN,4148328,1330456,26034,298496,43520,NaN,NaN
2026-04-01 06:47:47.748,44428,ESTAB,bbr,244,43.422,11.011,20.048,1448,30,43440,28960,37666528,37666528,27254,NaN,26034,13075,26033,66,NaN,NaN,4148328,1330456,26034,298496,43520,NaN,NaN
2026-04-01 06:47:48.000,44428,ESTAB,bbr,244,43.422,11.011,20.048,1448,30,43440,28960,37666528,37666528,27254,NaN,26034,13075,26033,66,NaN,NaN,4148328,1330456,26034,298496,43520,NaN,NaN
2026-04-01 06:47:48.262,44428,ESTAB,bbr,244,43.422,11.011,20.048,1448,30,43440,28960,37666528,37666528,27254,NaN,26034,13075,26033,66,NaN,NaN,4148328,1330456,26034,298496,43520,NaN,NaN
2026-04-01 06:47:48.518,44428,ESTAB,bbr,244,43.422,11.011,20.048,1448,30,43440,28960,37666528,37666528,27254,NaN,26034,13075,26033,66,NaN,NaN,4148328,1330456,26034,298496,43520,NaN,NaN
2026-04-01 06:47:48.776,44428,ESTAB,bbr,244,43.422,11.011,20.048,1448,30,43440,28960,37666528,37666528,27254,NaN,26034,13075,26033,66,NaN,NaN,4148328,1330456,26034,298496,43520,NaN,NaN
2026-04-01 06:47:49.022,44428,ESTAB,bbr,244,43.422,11.011,20.048,1448,30,43440,28960,37666528,37666528,27254,NaN,26034,13075,26033,66,NaN,NaN,4148328,1330456,26034,298496,43520,NaN,NaN
2026-04-01 06:47:49.275,44428,ESTAB,bbr,244,43.422,11.011,20.048,1448,30,43440,28960,37666528,37666528,27254,NaN,26034,13075,26033,66,NaN,NaN,4148328,1330456,26034,298496,43520,NaN,NaN
2026-04-01 06:47:49.533,44428,ESTAB,bbr,244,43.422,11.011,20.048,1448,30,43440,28960,37666528,37666528,27254,NaN,26034,13075,26033,66,NaN,NaN,4148328,1330456,26034,298496,43520,NaN,NaN
2026-04-01 06:47:49.798,44428,ESTAB,bbr,244,43.422,11.011,20.048,1448,30,43440,28960,37666528,37666528,27254,NaN,26034,13075,26033,66,NaN,NaN,4148328,1330456,26034,298496,43520,NaN,NaN
2026-04-01 06:47:50.058,44428,ESTAB,bbr,244,43.422,11.011,20.048,1448,30,43440,28960,37666528,37666528,27254,NaN,26034,13075,26033,66,NaN,NaN,4148328,1330456,26034,298496,43520,NaN,NaN
2026-04-01 06:47:50.337,44428,ESTAB,bbr,244,43.422,11.011,20.048,1448,30,43440,28960,37666528,37666528,27254,NaN,26034,13075,26033,66,NaN,NaN,4148328,1330456,26034,298496,43520,NaN,NaN
2026-04-01 06:47:50.582,44428,ESTAB,bbr,244,43.422,11.011,20.048,1448,30,43440,28960,37666528,37666528,27254,NaN,26034,13075,26033,66,NaN,NaN,4148328,1330456,26034,298496,43520,NaN,NaN
2026-04-01 06:47:50.826,44428,ESTAB,bbr,244,43.422,11.011,20.048,1448,30,43440,28960,37666528,37666528,27254,NaN,26034,13075,26033,66,NaN,NaN,4148328,1330456,26034,298496,43520,NaN,NaN
2026-04-01 06:47:51.088,44428,ESTAB,bbr,244,43.422,11.011,20.048,1448,30,43440,28960,37666528,37666528,27254,NaN,26034,13075,26033,66,NaN,NaN,4148328,1330456,26034,298496,43520,NaN,NaN
2026-04-01 06:47:51.342,44428,ESTAB,bbr,244,43.422,11.011,20.048,1448,30,43440,28960,37666528,37666528,27254,NaN,26034,13075,26033,66,NaN,NaN,4148328,1330456,26034,298496,43520,NaN,NaN
2026-04-01 06:47:51.583,44428,ESTAB,bbr,244,43.422,11.011,20.048,1448,30,43440,28960,37666528,37666528,27254,NaN,26034,13075,26033,66,NaN,NaN,4148328,1330456,26034,298496,43520,NaN,NaN
2026-04-01 06:47:51.820,44428,ESTAB,bbr,244,43.422,11.011,20.048,1448,30,43440,28960,37666528,37666528,27254,NaN,26034,13075,26033,66,NaN,NaN,4148328,1330456,26034,298496,43520,NaN,NaN
2026-04-01 06:47:52.069,44428,ESTAB,bbr,244,43.422,11.011,20.048,1448,30,43440,28960,37666528,37666528,27254,NaN,26034,13075,26033,66,NaN,NaN,4148328,1330456,26034,298496,43520,NaN,NaN
2026-04-01 06:47:52.311,44428,ESTAB,bbr,244,43.422,11.011,20.048,1448,30,43440,28960,37666528,37666528,27254,NaN,26034,13075,26033,66,NaN,NaN,4148328,1330456,26034,298496,43520,NaN,NaN
2026-04-01 06:47:52.568,44428,ESTAB,bbr,244,43.422,11.011,20.048,1448,30,43440,28960,37666528,37666528,27254,NaN,26034,13075,26033,66,NaN,NaN,4148328,1330456,26034,298496,43520,NaN,NaN
2026-04-01 06:47:52.805,44428,ESTAB,bbr,244,43.422,11.011,20.048,1448,30,43440,28960,37666528,37666528,27254,NaN,26034,13075,26033,66,NaN,NaN,4148328,1330456,26034,298496,43520,NaN,NaN
2026-04-01 06:47:53.053,44428,ESTAB,bbr,244,43.422,11.011,20.048,1448,30,43440,28960,37666528,37666528,27254,NaN,26034,13075,26033,66,NaN,NaN,4148328,1330456,26034,298496,43520,NaN,NaN
2026-04-01 06:47:53.315,44428,ESTAB,bbr,244,43.422,11.011,20.048,1448,30,43440,28960,37666528,37666528,27254,NaN,26034,13075,26033,66,NaN,NaN,4148328,1330456,26034,298496,43520,NaN,NaN
2026-04-01 06:47:53.580,44428,ESTAB,bbr,244,43.422,11.011,20.048,1448,30,43440,28960,37666528,37666528,27254,NaN,26034,13075,26033,66,NaN,NaN,4148328,1330456,26034,298496,43520,NaN,NaN
2026-04-01 06:47:53.826,44428,ESTAB,bbr,244,43.422,11.011,20.048,1448,30,43440,28960,37666528,37666528,27254,NaN,26034,13075,26033,66,NaN,NaN,4148328,1330456,26034,298496,43520,NaN,NaN
2026-04-01 06:47:54.088,44428,ESTAB,bbr,244,43.422,11.011,20.048,1448,30,43440,28960,37666528,37666528,27254,NaN,26034,13075,26033,66,NaN,NaN,4148328,1330456,26034,298496,43520,NaN,NaN
2026-04-01 06:47:54.345,44428,ESTAB,bbr,244,43.422,11.011,20.048,1448,30,43440,28960,37666528,37666528,27254,NaN,26034,13075,26033,66,NaN,NaN,4148328,1330456,26034,298496,43520,NaN,NaN
2026-04-01 06:47:54.591,44428,ESTAB,bbr,244,43.422,11.011,20.048,1448,30,43440,28960,37666528,37666528,27254,NaN,26034,13075,26033,66,NaN,NaN,4148328,1330456,26034,298496,43520,NaN,NaN
2026-04-01 06:47:54.837,44428,ESTAB,bbr,244,43.422,11.011,20.048,1448,30,43440,28960,37669411,37666528,27662,NaN,26036,13076,26035,67,NaN,NaN,3318656,1330456,26034,298496,43520,2,NaN
2026-04-01 06:47:55.080,44428,ESTAB,bbr,244,41.576,9.336,20.048,1448,32,46336,28960,37669411,37669411,27662,NaN,26036,13078,26035,67,NaN,NaN,4148328,1330456,26036,297984,43520,NaN,NaN
2026-04-01 06:47:55.336,44428,ESTAB,bbr,244,41.576,9.336,20.048,1448,32,46336,28960,37669411,37669411,27662,NaN,26036,13078,26035,67,NaN,NaN,4148328,1330456,26036,297984,43520,NaN,NaN
2026-04-01 06:47:55.581,44428,ESTAB,bbr,244,41.576,9.336,20.048,1448,32,46336,28960,37669411,37669411,27662,NaN,26036,13078,26035,67,NaN,NaN,4148328,1330456,26036,297984,43520,NaN,NaN
2026-04-01 06:47:55.833,44428,ESTAB,bbr,244,41.576,9.336,20.048,1448,32,46336,28960,37669411,37669411,27662,NaN,26036,13078,26035,67,NaN,NaN,4148328,1330456,26036,297984,43520,NaN,NaN
2026-04-01 06:47:56.089,44428,ESTAB,bbr,244,41.576,9.336,20.048,1448,32,46336,28960,37669411,37669411,27662,NaN,26036,13078,26035,67,NaN,NaN,4148328,1330456,26036,297984,43520,NaN,NaN
2026-04-01 06:47:56.351,44428,ESTAB,bbr,244,41.576,9.336,20.048,1448,32,46336,28960,37669411,37669411,27662,NaN,26036,13078,26035,67,NaN,NaN,4148328,1330456,26036,297984,43520,NaN,NaN
2026-04-01 06:47:56.601,44428,ESTAB,bbr,244,41.576,9.336,20.048,1448,32,46336,28960,37669411,37669411,27662,NaN,26036,13078,26035,67,NaN,NaN,4148328,1330456,26036,297984,43520,NaN,NaN
2026-04-01 06:47:56.873,44428,ESTAB,bbr,244,41.576,9.336,20.048,1448,32,46336,28960,37669411,37669411,28070,NaN,26036,13079,26035,68,NaN,NaN,4148328,1330456,26036,298496,43520,NaN,NaN
2026-04-01 06:47:57.121,44428,ESTAB,bbr,240,39.732,8.391,20.048,1448,32,46336,28960,37672294,37672294,28070,NaN,26038,13081,26037,68,NaN,NaN,4148328,1330456,26038,297984,43520,NaN,NaN
2026-04-01 06:47:57.371,44428,ESTAB,bbr,240,39.732,8.391,20.048,1448,32,46336,28960,37672294,37672294,28070,NaN,26038,13081,26037,68,NaN,NaN,4148328,1330456,26038,297984,43520,NaN,NaN
2026-04-01 06:47:57.621,44428,ESTAB,bbr,240,39.732,8.391,20.048,1448,32,46336,28960,37672294,37672294,28070,NaN,26038,13081,26037,68,NaN,NaN,4148328,1330456,26038,297984,43520,NaN,NaN
2026-04-01 06:47:57.871,44428,ESTAB,bbr,240,39.732,8.391,20.048,1448,32,46336,28960,37672294,37672294,28070,NaN,26038,13081,26037,68,NaN,NaN,4148328,1330456,26038,297984,43520,NaN,NaN
2026-04-01 06:47:58.130,44428,ESTAB,bbr,240,39.732,8.391,20.048,1448,32,46336,28960,37672294,37672294,28070,NaN,26038,13081,26037,68,NaN,NaN,4148328,1330456,26038,297984,43520,NaN,NaN
2026-04-01 06:47:58.386,44428,ESTAB,bbr,240,39.732,8.391,20.048,1448,32,46336,28960,37672294,37672294,28070,NaN,26038,13081,26037,68,NaN,NaN,4148328,1330456,26038,297984,43520,NaN,NaN
2026-04-01 06:47:58.644,44428,ESTAB,bbr,240,39.732,8.391,20.048,1448,32,46336,28960,37672294,37672294,28070,NaN,26038,13081,26037,68,NaN,NaN,4148328,1330456,26038,297984,43520,NaN,NaN
2026-04-01 06:47:58.904,44428,ESTAB,bbr,240,39.732,8.391,20.048,1448,32,46336,28960,37672294,37672294,28070,NaN,26038,13081,26037,68,NaN,NaN,4148328,1330456,26038,297984,43520,NaN,NaN
2026-04-01 06:47:59.174,44428,ESTAB,bbr,240,39.236,5.521,20.048,1448,32,46336,28960,37675177,37675177,28478,NaN,26040,13084,26039,69,NaN,NaN,4148328,1330456,26040,297984,43520,NaN,NaN
2026-04-01 06:47:59.442,44428,ESTAB,bbr,240,39.236,5.521,20.048,1448,32,46336,28960,37675177,37675177,28478,NaN,26040,13084,26039,69,NaN,NaN,4148328,1330456,26040,297984,43520,NaN,NaN
2026-04-01 06:47:59.703,44428,ESTAB,bbr,240,39.236,5.521,20.048,1448,32,46336,28960,37675177,37675177,28478,NaN,26040,13084,26039,69,NaN,NaN,4148328,1330456,26040,297984,43520,NaN,NaN
2026-04-01 06:47:59.958,44428,ESTAB,bbr,240,39.236,5.521,20.048,1448,32,46336,28960,37675177,37675177,28478,NaN,26040,13084,26039,69,NaN,NaN,4148328,1330456,26040,297984,43520,NaN,NaN
2026-04-01 06:48:00.197,44428,ESTAB,bbr,240,39.236,5.521,20.048,1448,32,46336,28960,37675177,37675177,28478,NaN,26040,13084,26039,69,NaN,NaN,4148328,1330456,26040,297984,43520,NaN,NaN
2026-04-01 06:48:00.459,44428,ESTAB,bbr,240,39.236,5.521,20.048,1448,32,46336,28960,37675177,37675177,28478,NaN,26040,13084,26039,69,NaN,NaN,4148328,1330456,26040,297984,43520,NaN,NaN
2026-04-01 06:48:00.724,44428,ESTAB,bbr,240,39.236,5.521,20.048,1448,32,46336,28960,37675177,37675177,28478,NaN,26040,13084,26039,69,NaN,NaN,4148328,1330456,26040,297984,43520,NaN,NaN
2026-04-01 06:48:00.976,44428,ESTAB,bbr,240,39.236,5.521,20.048,1448,32,46336,28960,37678060,37675177,28886,NaN,26042,13085,26041,70,NaN,NaN,3318656,1330456,26040,298496,43520,2,NaN
2026-04-01 06:48:01.219,44428,ESTAB,bbr,240,38.409,4.484,20.048,1448,32,46336,28960,37678060,37678060,28886,NaN,26042,13087,26041,70,NaN,NaN,4148328,1330456,26042,297984,43520,NaN,NaN
2026-04-01 06:48:01.486,44428,ESTAB,bbr,240,38.409,4.484,20.048,1448,32,46336,28960,37678060,37678060,28886,NaN,26042,13087,26041,70,NaN,NaN,4148328,1330456,26042,297984,43520,NaN,NaN
2026-04-01 06:48:01.745,44428,ESTAB,bbr,240,38.409,4.484,20.048,1448,32,46336,28960,37678060,37678060,28886,NaN,26042,13087,26041,70,NaN,NaN,4148328,1330456,26042,297984,43520,NaN,NaN
2026-04-01 06:48:02.018,44428,ESTAB,bbr,240,38.409,4.484,20.048,1448,32,46336,28960,37678060,37678060,28886,NaN,26042,13087,26041,70,NaN,NaN,4148328,1330456,26042,297984,43520,NaN,NaN
2026-04-01 06:48:02.287,44428,ESTAB,bbr,240,38.409,4.484,20.048,1448,32,46336,28960,37678060,37678060,28886,NaN,26042,13087,26041,70,NaN,NaN,4148328,1330456,26042,297984,43520,NaN,NaN
2026-04-01 06:48:02.533,44428,ESTAB,bbr,240,38.409,4.484,20.048,1448,32,46336,28960,37678060,37678060,28886,NaN,26042,13087,26041,70,NaN,NaN,4148328,1330456,26042,297984,43520,NaN,NaN
2026-04-01 06:48:02.795,44428,ESTAB,bbr,240,38.409,4.484,20.048,1448,32,46336,28960,37678060,37678060,28886,NaN,26042,13087,26041,70,NaN,NaN,4148328,1330456,26042,297984,43520,NaN,NaN
2026-04-01 06:48:03.049,44428,ESTAB,bbr,240,38.081,3.034,20.048,1448,32,46336,28960,37680943,37680943,29294,NaN,26044,13090,26043,71,NaN,NaN,4148328,1330456,26044,297984,43520,NaN,NaN
2026-04-01 06:48:03.308,44428,ESTAB,bbr,240,38.081,3.034,20.048,1448,32,46336,28960,37680943,37680943,29294,NaN,26044,13090,26043,71,NaN,NaN,4148328,1330456,26044,297984,43520,NaN,NaN
2026-04-01 06:48:03.556,44428,ESTAB,bbr,240,38.081,3.034,20.048,1448,32,46336,28960,37680943,37680943,29294,NaN,26044,13090,26043,71,NaN,NaN,4148328,1330456,26044,297984,43520,NaN,NaN
2026-04-01 06:48:03.803,44428,ESTAB,bbr,240,38.081,3.034,20.048,1448,32,46336,28960,37680943,37680943,29294,NaN,26044,13090,26043,71,NaN,NaN,4148328,1330456,26044,297984,43520,NaN,NaN
2026-04-01 06:48:04.079,44428,ESTAB,bbr,240,38.081,3.034,20.048,1448,32,46336,28960,37680943,37680943,29294,NaN,26044,13090,26043,71,NaN,NaN,4148328,1330456,26044,297984,43520,NaN,NaN
2026-04-01 06:48:04.349,44428,ESTAB,bbr,240,38.081,3.034,20.048,1448,32,46336,28960,37680943,37680943,29294,NaN,26044,13090,26043,71,NaN,NaN,4148328,1330456,26044,297984,43520,NaN,NaN
2026-04-01 06:48:04.602,44428,ESTAB,bbr,240,38.081,3.034,20.048,1448,32,46336,28960,37680943,37680943,29294,NaN,26044,13090,26043,71,NaN,NaN,4148328,1330456,26044,297984,43520,NaN,NaN
2026-04-01 06:48:04.856,44428,ESTAB,bbr,240,38.081,3.034,20.048,1448,32,46336,28960,37680943,37680943,29294,NaN,26044,13090,26043,71,NaN,NaN,4148328,1330456,26044,297984,43520,NaN,NaN
2026-04-01 06:48:05.102,44428,ESTAB,bbr,240,38.081,3.034,20.048,1448,32,46336,28960,37680943,37680943,29294,NaN,26044,13090,26043,71,NaN,NaN,4148328,1330456,26044,297984,43520,NaN,NaN
2026-04-01 06:48:05.366,44428,ESTAB,bbr,240,38.081,3.034,20.048,1448,32,46336,28960,37680943,37680943,29294,NaN,26044,13090,26043,71,NaN,NaN,4148328,1330456,26044,297984,43520,NaN,NaN
2026-04-01 06:48:05.629,44428,ESTAB,bbr,240,38.081,3.034,20.048,1448,32,46336,28960,37680943,37680943,29294,NaN,26044,13090,26043,71,NaN,NaN,4148328,1330456,26044,297984,43520,NaN,NaN
2026-04-01 06:48:05.876,44428,ESTAB,bbr,240,38.081,3.034,20.048,1448,32,46336,28960,37680943,37680943,29294,NaN,26044,13090,26043,71,NaN,NaN,4148328,1330456,26044,297984,43520,NaN,NaN
2026-04-01 06:48:06.126,44428,ESTAB,bbr,240,38.081,3.034,20.048,1448,32,46336,28960,37680943,37680943,29294,NaN,26044,13090,26043,71,NaN,NaN,4148328,1330456,26044,297984,43520,NaN,NaN
2026-04-01 06:48:06.392,44428,ESTAB,bbr,240,38.081,3.034,20.048,1448,32,46336,28960,37680943,37680943,29294,NaN,26044,13090,26043,71,NaN,NaN,4148328,1330456,26044,297984,43520,NaN,NaN
2026-04-01 06:48:06.655,44428,ESTAB,bbr,240,38.081,3.034,20.048,1448,32,46336,28960,37680943,37680943,29294,NaN,26044,13090,26043,71,NaN,NaN,4148328,1330456,26044,297984,43520,NaN,NaN
2026-04-01 06:48:06.905,44428,ESTAB,bbr,240,38.081,3.034,20.048,1448,32,46336,28960,37680943,37680943,29294,NaN,26044,13090,26043,71,NaN,NaN,4148328,1330456,26044,297984,43520,NaN,NaN
2026-04-01 06:48:07.167,44428,ESTAB,bbr,240,37.99,2.081,20.048,1448,34,49232,28960,37683826,37683826,29702,NaN,26046,13093,26045,72,NaN,NaN,4148328,1330456,26046,297984,43520,NaN,NaN
2026-04-01 06:48:07.434,44428,ESTAB,bbr,240,37.99,2.081,20.048,1448,34,49232,28960,37683826,37683826,29702,NaN,26046,13093,26045,72,NaN,NaN,4148328,1330456,26046,297984,43520,NaN,NaN
2026-04-01 06:48:07.683,44428,ESTAB,bbr,240,37.99,2.081,20.048,1448,34,49232,28960,37683826,37683826,29702,NaN,26046,13093,26045,72,NaN,NaN,4148328,1330456,26046,297984,43520,NaN,NaN
2026-04-01 06:48:07.934,44428,ESTAB,bbr,240,37.99,2.081,20.048,1448,34,49232,28960,37683826,37683826,29702,NaN,26046,13093,26045,72,NaN,NaN,4148328,1330456,26046,297984,43520,NaN,NaN
2026-04-01 06:48:08.184,44428,ESTAB,bbr,240,37.99,2.081,20.048,1448,34,49232,28960,37683826,37683826,29702,NaN,26046,13093,26045,72,NaN,NaN,4148328,1330456,26046,297984,43520,NaN,NaN
2026-04-01 06:48:08.452,44428,ESTAB,bbr,240,37.99,2.081,20.048,1448,34,49232,28960,37683826,37683826,29702,NaN,26046,13093,26045,72,NaN,NaN,4148328,1330456,26046,297984,43520,NaN,NaN
2026-04-01 06:48:08.705,44428,ESTAB,bbr,240,37.99,2.081,20.048,1448,34,49232,28960,37683826,37683826,29702,NaN,26046,13093,26045,72,NaN,NaN,4148328,1330456,26046,297984,43520,NaN,NaN
2026-04-01 06:48:08.957,44428,ESTAB,bbr,240,37.99,2.081,20.048,1448,34,49232,28960,37683826,37683826,29702,NaN,26046,13093,26045,72,NaN,NaN,4148328,1330456,26046,297984,43520,NaN,NaN
2026-04-01 06:48:09.213,44428,ESTAB,bbr,240,36.799,2.245,20.048,1448,30,43440,28960,37686709,37686709,30110,NaN,26048,13096,26047,73,NaN,NaN,4148328,1330456,26048,297984,43520,NaN,NaN
2026-04-01 06:48:09.481,44428,ESTAB,bbr,240,36.799,2.245,20.048,1448,30,43440,28960,37686709,37686709,30110,NaN,26048,13096,26047,73,NaN,NaN,4148328,1330456,26048,297984,43520,NaN,NaN
2026-04-01 06:48:09.737,44428,ESTAB,bbr,240,36.799,2.245,20.048,1448,30,43440,28960,37686709,37686709,30110,NaN,26048,13096,26047,73,NaN,NaN,4148328,1330456,26048,297984,43520,NaN,NaN
2026-04-01 06:48:09.996,44428,ESTAB,bbr,240,36.799,2.245,20.048,1448,30,43440,28960,37686709,37686709,30110,NaN,26048,13096,26047,73,NaN,NaN,4148328,1330456,26048,297984,43520,NaN,NaN
2026-04-01 06:48:10.250,44428,ESTAB,bbr,240,36.799,2.245,20.048,1448,30,43440,28960,37686709,37686709,30110,NaN,26048,13096,26047,73,NaN,NaN,4148328,1330456,26048,297984,43520,NaN,NaN
2026-04-01 06:48:10.512,44428,ESTAB,bbr,240,36.799,2.245,20.048,1448,30,43440,28960,37686709,37686709,30110,NaN,26048,13096,26047,73,NaN,NaN,4148328,1330456,26048,297984,43520,NaN,NaN
2026-04-01 06:48:10.771,44428,ESTAB,bbr,240,36.799,2.245,20.048,1448,30,43440,28960,37686709,37686709,30110,NaN,26048,13096,26047,73,NaN,NaN,4148328,1330456,26048,297984,43520,NaN,NaN
2026-04-01 06:48:11.025,44428,ESTAB,bbr,240,36.799,2.245,20.048,1448,30,43440,28960,37686709,37686709,30110,NaN,26048,13096,26047,73,NaN,NaN,4148328,1330456,26048,297984,43520,NaN,NaN
2026-04-01 06:48:11.281,44428,ESTAB,bbr,240,36.373,1.863,20.048,1448,30,43440,28960,37689592,37689592,30518,NaN,26050,13099,26049,74,NaN,NaN,4148328,1330456,26050,297984,43520,NaN,NaN
2026-04-01 06:48:11.523,44428,ESTAB,bbr,240,36.373,1.863,20.048,1448,30,43440,28960,37689592,37689592,30518,NaN,26050,13099,26049,74,NaN,NaN,4148328,1330456,26050,297984,43520,NaN,NaN
2026-04-01 06:48:11.781,44428,ESTAB,bbr,240,36.373,1.863,20.048,1448,30,43440,28960,37689592,37689592,30518,NaN,26050,13099,26049,74,NaN,NaN,4148328,1330456,26050,297984,43520,NaN,NaN
2026-04-01 06:48:12.024,44428,ESTAB,bbr,240,36.373,1.863,20.048,1448,30,43440,28960,37689592,37689592,30518,NaN,26050,13099,26049,74,NaN,NaN,4148328,1330456,26050,297984,43520,NaN,NaN
2026-04-01 06:48:12.289,44428,ESTAB,bbr,240,36.373,1.863,20.048,1448,30,43440,28960,37689592,37689592,30518,NaN,26050,13099,26049,74,NaN,NaN,4148328,1330456,26050,297984,43520,NaN,NaN
2026-04-01 06:48:12.535,44428,ESTAB,bbr,240,36.373,1.863,20.048,1448,30,43440,28960,37689592,37689592,30518,NaN,26050,13099,26049,74,NaN,NaN,4148328,1330456,26050,297984,43520,NaN,NaN
2026-04-01 06:48:12.792,44428,ESTAB,bbr,240,36.373,1.863,20.048,1448,30,43440,28960,37689592,37689592,30518,NaN,26050,13099,26049,74,NaN,NaN,4148328,1330456,26050,297984,43520,NaN,NaN
2026-04-01 06:48:13.058,44428,ESTAB,bbr,240,36.373,1.863,20.048,1448,30,43440,28960,37689592,37689592,30518,NaN,26050,13099,26049,74,NaN,NaN,4148328,1330456,26050,297984,43520,NaN,NaN
2026-04-01 06:48:13.323,44428,ESTAB,bbr,240,36.761,1.778,20.048,1448,30,43440,28960,37692475,37692475,30926,NaN,26052,13102,26051,75,NaN,NaN,4148328,1330456,26052,297984,43520,NaN,NaN
2026-04-01 06:48:13.580,44428,ESTAB,bbr,240,36.761,1.778,20.048,1448,30,43440,28960,37692475,37692475,30926,NaN,26052,13102,26051,75,NaN,NaN,4148328,1330456,26052,297984,43520,NaN,NaN
2026-04-01 06:48:13.838,44428,ESTAB,bbr,240,36.761,1.778,20.048,1448,30,43440,28960,37692475,37692475,30926,NaN,26052,13102,26051,75,NaN,NaN,4148328,1330456,26052,297984,43520,NaN,NaN
2026-04-01 06:48:14.103,44428,ESTAB,bbr,240,36.761,1.778,20.048,1448,30,43440,28960,37692475,37692475,30926,NaN,26052,13102,26051,75,NaN,NaN,4148328,1330456,26052,297984,43520,NaN,NaN
2026-04-01 06:48:14.367,44428,ESTAB,bbr,240,36.761,1.778,20.048,1448,30,43440,28960,37692475,37692475,30926,NaN,26052,13102,26051,75,NaN,NaN,4148328,1330456,26052,297984,43520,NaN,NaN
2026-04-01 06:48:14.630,44428,ESTAB,bbr,240,36.761,1.778,20.048,1448,30,43440,28960,37692475,37692475,30926,NaN,26052,13102,26051,75,NaN,NaN,4148328,1330456,26052,297984,43520,NaN,NaN
2026-04-01 06:48:14.893,44428,ESTAB,bbr,240,36.761,1.778,20.048,1448,30,43440,28960,37692475,37692475,30926,NaN,26052,13102,26051,75,NaN,NaN,4148328,1330456,26052,297984,43520,NaN,NaN
2026-04-01 06:48:15.146,44428,ESTAB,bbr,240,36.761,1.778,20.048,1448,30,43440,28960,37692475,37692475,30926,NaN,26052,13102,26051,75,NaN,NaN,4148328,1330456,26052,297984,43520,NaN,NaN
2026-04-01 06:48:15.380,44428,ESTAB,bbr,240,36.753,1.385,20.048,1448,30,43440,28960,37695358,37695358,31334,NaN,26054,13105,26053,76,NaN,NaN,4148328,1330456,26054,297984,43520,NaN,NaN
2026-04-01 06:48:15.616,44428,ESTAB,bbr,240,36.753,1.385,20.048,1448,30,43440,28960,37695358,37695358,31334,NaN,26054,13105,26053,76,NaN,NaN,4148328,1330456,26054,297984,43520,NaN,NaN
2026-04-01 06:48:15.860,44428,ESTAB,bbr,240,36.753,1.385,20.048,1448,30,43440,28960,37695358,37695358,31334,NaN,26054,13105,26053,76,NaN,NaN,4148328,1330456,26054,297984,43520,NaN,NaN
2026-04-01 06:48:16.107,44428,ESTAB,bbr,240,36.753,1.385,20.048,1448,30,43440,28960,37695358,37695358,31334,NaN,26054,13105,26053,76,NaN,NaN,4148328,1330456,26054,297984,43520,NaN,NaN
2026-04-01 06:48:16.340,44428,ESTAB,bbr,240,36.753,1.385,20.048,1448,30,43440,28960,37695358,37695358,31334,NaN,26054,13105,26053,76,NaN,NaN,4148328,1330456,26054,297984,43520,NaN,NaN
2026-04-01 06:48:16.573,44428,ESTAB,bbr,240,36.753,1.385,20.048,1448,30,43440,28960,37695358,37695358,31334,NaN,26054,13105,26053,76,NaN,NaN,4148328,1330456,26054,297984,43520,NaN,NaN
2026-04-01 06:48:16.810,44428,ESTAB,bbr,240,36.753,1.385,20.048,1448,30,43440,28960,37695358,37695358,31334,NaN,26054,13105,26053,76,NaN,NaN,4148328,1330456,26054,297984,43520,NaN,NaN
2026-04-01 06:48:17.064,44428,ESTAB,bbr,240,36.753,1.385,20.048,1448,30,43440,28960,37695358,37695358,31334,NaN,26054,13105,26053,76,NaN,NaN,4148328,1330456,26054,297984,43520,NaN,NaN
2026-04-01 06:48:17.328,44428,ESTAB,bbr,240,36.753,1.385,20.048,1448,30,43440,28960,37698241,37695358,31742,NaN,26056,13106,26055,77,NaN,NaN,3318656,1330456,26054,298496,43520,2,NaN
2026-04-01 06:48:17.570,44428,ESTAB,bbr,240,36.875,1.195,20.048,1448,30,43440,28960,37698241,37698241,31742,NaN,26056,13108,26055,77,NaN,NaN,4148328,1330456,26056,297984,43520,NaN,NaN
2026-04-01 06:48:17.815,44428,ESTAB,bbr,240,36.875,1.195,20.048,1448,30,43440,28960,37698241,37698241,31742,NaN,26056,13108,26055,77,NaN,NaN,4148328,1330456,26056,297984,43520,NaN,NaN
2026-04-01 06:48:18.069,44428,ESTAB,bbr,240,36.875,1.195,20.048,1448,30,43440,28960,37698241,37698241,31742,NaN,26056,13108,26055,77,NaN,NaN,4148328,1330456,26056,297984,43520,NaN,NaN
2026-04-01 06:48:18.318,44428,ESTAB,bbr,240,36.875,1.195,20.048,1448,30,43440,28960,37698241,37698241,31742,NaN,26056,13108,26055,77,NaN,NaN,4148328,1330456,26056,297984,43520,NaN,NaN
2026-04-01 06:48:18.559,44428,ESTAB,bbr,240,36.875,1.195,20.048,1448,30,43440,28960,37698241,37698241,31742,NaN,26056,13108,26055,77,NaN,NaN,4148328,1330456,26056,297984,43520,NaN,NaN
2026-04-01 06:48:18.790,44428,ESTAB,bbr,240,36.875,1.195,20.048,1448,30,43440,28960,37698241,37698241,31742,NaN,26056,13108,26055,77,NaN,NaN,4148328,1330456,26056,297984,43520,NaN,NaN
2026-04-01 06:48:19.015,44428,ESTAB,bbr,240,36.875,1.195,20.048,1448,30,43440,28960,37698241,37698241,31742,NaN,26056,13108,26055,77,NaN,NaN,4148328,1330456,26056,297984,43520,NaN,NaN
2026-04-01 06:48:19.257,44428,ESTAB,bbr,240,36.875,1.195,20.048,1448,30,43440,28960,37698241,37698241,31742,NaN,26056,13108,26055,77,NaN,NaN,4148328,1330456,26056,297984,43520,NaN,NaN
2026-04-01 06:48:19.516,44428,ESTAB,bbr,240,36.509,1.048,20.048,1448,30,43440,28960,37701124,37701124,32150,NaN,26058,13111,26057,78,NaN,NaN,4148328,1330456,26058,297984,43520,NaN,NaN
2026-04-01 06:48:19.771,44428,ESTAB,bbr,240,36.509,1.048,20.048,1448,30,43440,28960,37701124,37701124,32150,NaN,26058,13111,26057,78,NaN,NaN,4148328,1330456,26058,297984,43520,NaN,NaN
2026-04-01 06:48:20.048,44428,ESTAB,bbr,240,36.509,1.048,20.048,1448,30,43440,28960,37701124,37701124,32150,NaN,26058,13111,26057,78,NaN,NaN,4148328,1330456,26058,297984,43520,NaN,NaN
2026-04-01 06:48:20.322,44428,ESTAB,bbr,240,36.509,1.048,20.048,1448,30,43440,28960,37701124,37701124,32150,NaN,26058,13111,26057,78,NaN,NaN,4148328,1330456,26058,297984,43520,NaN,NaN
2026-04-01 06:48:20.575,44428,ESTAB,bbr,240,36.509,1.048,20.048,1448,30,43440,28960,37701124,37701124,32150,NaN,26058,13111,26057,78,NaN,NaN,4148328,1330456,26058,297984,43520,NaN,NaN
2026-04-01 06:48:20.817,44428,ESTAB,bbr,240,36.509,1.048,20.048,1448,30,43440,28960,37701124,37701124,32150,NaN,26058,13111,26057,78,NaN,NaN,4148328,1330456,26058,297984,43520,NaN,NaN
2026-04-01 06:48:21.062,44428,ESTAB,bbr,240,36.509,1.048,20.048,1448,30,43440,28960,37701124,37701124,32150,NaN,26058,13111,26057,78,NaN,NaN,4148328,1330456,26058,297984,43520,NaN,NaN
2026-04-01 06:48:21.312,44428,ESTAB,bbr,240,36.509,1.048,20.048,1448,30,43440,28960,37701124,37701124,32150,NaN,26058,13111,26057,78,NaN,NaN,4148328,1330456,26058,297984,43520,NaN,NaN
2026-04-01 06:48:21.581,44428,ESTAB,bbr,240,36.371,0.907,20.048,1448,30,43440,28960,37704007,37704007,32558,NaN,26060,13114,26059,79,NaN,NaN,4148328,1330456,26060,297984,43520,NaN,NaN
2026-04-01 06:48:21.838,44428,ESTAB,bbr,240,36.371,0.907,20.048,1448,30,43440,28960,37704007,37704007,32558,NaN,26060,13114,26059,79,NaN,NaN,4148328,1330456,26060,297984,43520,NaN,NaN
2026-04-01 06:48:22.093,44428,ESTAB,bbr,240,36.371,0.907,20.048,1448,30,43440,28960,37704007,37704007,32558,NaN,26060,13114,26059,79,NaN,NaN,4148328,1330456,26060,297984,43520,NaN,NaN
2026-04-01 06:48:22.345,44428,ESTAB,bbr,240,36.371,0.907,20.048,1448,30,43440,28960,37704007,37704007,32558,NaN,26060,13114,26059,79,NaN,NaN,4148328,1330456,26060,297984,43520,NaN,NaN
2026-04-01 06:48:22.597,44428,ESTAB,bbr,240,36.371,0.907,20.048,1448,30,43440,28960,37704007,37704007,32558,NaN,26060,13114,26059,79,NaN,NaN,4148328,1330456,26060,297984,43520,NaN,NaN
2026-04-01 06:48:22.842,44428,ESTAB,bbr,240,36.371,0.907,20.048,1448,30,43440,28960,37704007,37704007,32558,NaN,26060,13114,26059,79,NaN,NaN,4148328,1330456,26060,297984,43520,NaN,NaN
2026-04-01 06:48:23.098,44428,ESTAB,bbr,240,36.371,0.907,20.048,1448,30,43440,28960,37704007,37704007,32558,NaN,26060,13114,26059,79,NaN,NaN,4148328,1330456,26060,297984,43520,NaN,NaN
2026-04-01 06:48:23.356,44428,ESTAB,bbr,240,36.371,0.907,20.048,1448,30,43440,28960,37704007,37704007,32558,NaN,26060,13114,26059,79,NaN,NaN,4148328,1330456,26060,297984,43520,NaN,NaN
2026-04-01 06:48:23.604,44428,ESTAB,bbr,240,36.762,1.245,20.048,1448,30,43440,28960,37706890,37706890,32966,NaN,26062,13117,26061,80,NaN,NaN,4148328,1330456,26062,297984,43520,NaN,NaN
2026-04-01 06:48:23.835,44428,ESTAB,bbr,240,36.762,1.245,20.048,1448,30,43440,28960,37706890,37706890,32966,NaN,26062,13117,26061,80,NaN,NaN,4148328,1330456,26062,297984,43520,NaN,NaN
2026-04-01 06:48:24.065,44428,ESTAB,bbr,240,36.762,1.245,20.048,1448,30,43440,28960,37706890,37706890,32966,NaN,26062,13117,26061,80,NaN,NaN,4148328,1330456,26062,297984,43520,NaN,NaN
2026-04-01 06:48:24.315,44428,ESTAB,bbr,240,36.762,1.245,20.048,1448,30,43440,28960,37706890,37706890,32966,NaN,26062,13117,26061,80,NaN,NaN,4148328,1330456,26062,297984,43520,NaN,NaN
2026-04-01 06:48:24.570,44428,ESTAB,bbr,240,36.762,1.245,20.048,1448,30,43440,28960,37706890,37706890,32966,NaN,26062,13117,26061,80,NaN,NaN,4148328,1330456,26062,297984,43520,NaN,NaN
2026-04-01 06:48:24.835,44428,ESTAB,bbr,240,36.762,1.245,20.048,1448,30,43440,28960,37706890,37706890,32966,NaN,26062,13117,26061,80,NaN,NaN,4148328,1330456,26062,297984,43520,NaN,NaN
2026-04-01 06:48:25.103,44428,ESTAB,bbr,240,36.762,1.245,20.048,1448,30,43440,28960,37706890,37706890,32966,NaN,26062,13117,26061,80,NaN,NaN,4148328,1330456,26062,297984,43520,NaN,NaN
2026-04-01 06:48:25.361,44428,ESTAB,bbr,240,36.762,1.245,20.048,1448,30,43440,28960,37706890,37706890,32966,NaN,26062,13117,26061,80,NaN,NaN,4148328,1330456,26062,297984,43520,NaN,NaN
2026-04-01 06:48:25.612,44428,ESTAB,bbr,240,36.638,1.055,20.048,1448,30,43440,28960,37709773,37709773,33374,NaN,26064,13120,26063,81,NaN,NaN,4148328,1330456,26064,297984,43520,NaN,NaN
2026-04-01 06:48:25.863,44428,ESTAB,bbr,240,36.638,1.055,20.048,1448,30,43440,28960,37709773,37709773,33374,NaN,26064,13120,26063,81,NaN,NaN,4148328,1330456,26064,297984,43520,NaN,NaN
2026-04-01 06:48:26.122,44428,ESTAB,bbr,240,36.638,1.055,20.048,1448,30,43440,28960,37709773,37709773,33374,NaN,26064,13120,26063,81,NaN,NaN,4148328,1330456,26064,297984,43520,NaN,NaN
2026-04-01 06:48:26.378,44428,ESTAB,bbr,240,36.638,1.055,20.048,1448,30,43440,28960,37709773,37709773,33374,NaN,26064,13120,26063,81,NaN,NaN,4148328,1330456,26064,297984,43520,NaN,NaN
2026-04-01 06:48:26.629,44428,ESTAB,bbr,240,36.638,1.055,20.048,1448,30,43440,28960,37709773,37709773,33374,NaN,26064,13120,26063,81,NaN,NaN,4148328,1330456,26064,297984,43520,NaN,NaN
2026-04-01 06:48:26.887,44428,ESTAB,bbr,240,36.638,1.055,20.048,1448,30,43440,28960,37709773,37709773,33374,NaN,26064,13120,26063,81,NaN,NaN,4148328,1330456,26064,297984,43520,NaN,NaN
2026-04-01 06:48:27.145,44428,ESTAB,bbr,240,36.638,1.055,20.048,1448,30,43440,28960,37709773,37709773,33374,NaN,26064,13120,26063,81,NaN,NaN,4148328,1330456,26064,297984,43520,NaN,NaN
2026-04-01 06:48:27.404,44428,ESTAB,bbr,240,36.638,1.055,20.048,1448,30,43440,28960,37709773,37709773,33374,NaN,26064,13120,26063,81,NaN,NaN,4148328,1330456,26064,297984,43520,NaN,NaN
2026-04-01 06:48:27.662,44428,ESTAB,bbr,240,36.428,0.855,20.048,1448,30,43440,28960,37712656,37712656,33782,NaN,26066,13123,26065,82,NaN,NaN,4148328,1330456,26066,297984,43520,NaN,NaN
2026-04-01 06:48:27.906,44428,ESTAB,bbr,240,36.428,0.855,20.048,1448,30,43440,28960,37712656,37712656,33782,NaN,26066,13123,26065,82,NaN,NaN,4148328,1330456,26066,297984,43520,NaN,NaN
2026-04-01 06:48:28.152,44428,ESTAB,bbr,240,36.428,0.855,20.048,1448,30,43440,28960,37712656,37712656,33782,NaN,26066,13123,26065,82,NaN,NaN,4148328,1330456,26066,297984,43520,NaN,NaN
2026-04-01 06:48:28.414,44428,ESTAB,bbr,240,36.428,0.855,20.048,1448,30,43440,28960,37712656,37712656,33782,NaN,26066,13123,26065,82,NaN,NaN,4148328,1330456,26066,297984,43520,NaN,NaN
2026-04-01 06:48:28.660,44428,ESTAB,bbr,240,36.428,0.855,20.048,1448,30,43440,28960,37712656,37712656,33782,NaN,26066,13123,26065,82,NaN,NaN,4148328,1330456,26066,297984,43520,NaN,NaN
2026-04-01 06:48:28.901,44428,ESTAB,bbr,240,36.428,0.855,20.048,1448,30,43440,28960,37712656,37712656,33782,NaN,26066,13123,26065,82,NaN,NaN,4148328,1330456,26066,297984,43520,NaN,NaN
2026-04-01 06:48:29.151,44428,ESTAB,bbr,240,36.428,0.855,20.048,1448,30,43440,28960,37712656,37712656,33782,NaN,26066,13123,26065,82,NaN,NaN,4148328,1330456,26066,297984,43520,NaN,NaN
2026-04-01 06:48:29.395,44428,ESTAB,bbr,240,36.428,0.855,20.048,1448,30,43440,28960,37712656,37712656,33782,NaN,26066,13123,26065,82,NaN,NaN,4148328,1330456,26066,297984,43520,NaN,NaN
2026-04-01 06:48:29.640,44428,ESTAB,bbr,240,36.428,0.855,20.048,1448,30,43440,28960,37712656,37712656,33782,NaN,26066,13123,26065,82,NaN,NaN,4148328,1330456,26066,297984,43520,NaN,NaN
2026-04-01 06:48:29.906,44428,ESTAB,bbr,240,36.428,0.855,20.048,1448,30,43440,28960,37712656,37712656,33782,NaN,26066,13123,26065,82,NaN,NaN,4148328,1330456,26066,297984,43520,NaN,NaN
2026-04-01 06:48:30.163,44428,ESTAB,bbr,240,36.428,0.855,20.048,1448,30,43440,28960,37712656,37712656,33782,NaN,26066,13123,26065,82,NaN,NaN,4148328,1330456,26066,297984,43520,NaN,NaN
2026-04-01 06:48:30.428,44428,ESTAB,bbr,240,36.428,0.855,20.048,1448,30,43440,28960,37712656,37712656,33782,NaN,26066,13123,26065,82,NaN,NaN,4148328,1330456,26066,297984,43520,NaN,NaN
2026-04-01 06:48:30.693,44428,ESTAB,bbr,240,36.428,0.855,20.048,1448,30,43440,28960,37712656,37712656,33782,NaN,26066,13123,26065,82,NaN,NaN,4148328,1330456,26066,297984,43520,NaN,NaN
2026-04-01 06:48:30.951,44428,ESTAB,bbr,240,36.428,0.855,20.048,1448,30,43440,28960,37712656,37712656,33782,NaN,26066,13123,26065,82,NaN,NaN,4148328,1330456,26066,297984,43520,NaN,NaN
2026-04-01 06:48:31.206,44428,ESTAB,bbr,240,36.428,0.855,20.048,1448,30,43440,28960,37712656,37712656,33782,NaN,26066,13123,26065,82,NaN,NaN,4148328,1330456,26066,297984,43520,NaN,NaN
2026-04-01 06:48:31.454,44428,ESTAB,bbr,240,36.428,0.855,20.048,1448,30,43440,28960,37712656,37712656,33782,NaN,26066,13123,26065,82,NaN,NaN,4148328,1330456,26066,297984,43520,NaN,NaN
2026-04-01 06:48:31.689,44428,ESTAB,bbr,240,36.428,0.855,20.048,1448,30,43440,28960,37712656,37712656,33782,NaN,26066,13123,26065,82,NaN,NaN,4148328,1330456,26066,297984,43520,NaN,NaN
2026-04-01 06:48:31.945,44428,ESTAB,bbr,240,36.428,0.855,20.048,1448,30,43440,28960,37712656,37712656,33782,NaN,26066,13123,26065,82,NaN,NaN,4148328,1330456,26066,297984,43520,NaN,NaN
2026-04-01 06:48:32.204,44428,ESTAB,bbr,240,36.428,0.855,20.048,1448,30,43440,28960,37712656,37712656,33782,NaN,26066,13123,26065,82,NaN,NaN,4148328,1330456,26066,297984,43520,NaN,NaN
2026-04-01 06:48:32.466,44428,ESTAB,bbr,240,36.428,0.855,20.048,1448,30,43440,28960,37712656,37712656,33782,NaN,26066,13123,26065,82,NaN,NaN,4148328,1330456,26066,297984,43520,NaN,NaN
2026-04-01 06:48:32.723,44428,ESTAB,bbr,240,36.428,0.855,20.048,1448,30,43440,28960,37712656,37712656,33782,NaN,26066,13123,26065,82,NaN,NaN,4148328,1330456,26066,297984,43520,NaN,NaN
2026-04-01 06:48:32.973,44428,ESTAB,bbr,240,36.428,0.855,20.048,1448,30,43440,28960,37712656,37712656,33782,NaN,26066,13123,26065,82,NaN,NaN,4148328,1330456,26066,297984,43520,NaN,NaN
2026-04-01 06:48:33.231,44428,ESTAB,bbr,240,36.428,0.855,20.048,1448,30,43440,28960,37712656,37712656,33782,NaN,26066,13123,26065,82,NaN,NaN,4148328,1330456,26066,297984,43520,NaN,NaN
2026-04-01 06:48:33.488,44428,ESTAB,bbr,240,36.428,0.855,20.048,1448,30,43440,28960,37712656,37712656,33782,NaN,26066,13123,26065,82,NaN,NaN,4148328,1330456,26066,297984,43520,NaN,NaN
2026-04-01 06:48:33.746,44428,ESTAB,bbr,240,36.428,0.855,20.048,1448,30,43440,28960,37712656,37712656,33782,NaN,26066,13123,26065,82,NaN,NaN,4148328,1330456,26066,297984,43520,NaN,NaN
2026-04-01 06:48:34.004,44428,ESTAB,bbr,240,36.428,0.855,20.048,1448,30,43440,28960,37712656,37712656,33782,NaN,26066,13123,26065,82,NaN,NaN,4148328,1330456,26066,297984,43520,NaN,NaN
2026-04-01 06:48:34.255,44428,ESTAB,bbr,240,36.428,0.855,20.048,1448,30,43440,28960,37712656,37712656,33782,NaN,26066,13123,26065,82,NaN,NaN,4148328,1330456,26066,297984,43520,NaN,NaN
2026-04-01 06:48:34.497,44428,ESTAB,bbr,240,36.428,0.855,20.048,1448,30,43440,28960,37712656,37712656,33782,NaN,26066,13123,26065,82,NaN,NaN,4148328,1330456,26066,297984,43520,NaN,NaN
2026-04-01 06:48:34.744,44428,ESTAB,bbr,240,36.428,0.855,20.048,1448,30,43440,28960,37712656,37712656,33782,NaN,26066,13123,26065,82,NaN,NaN,4148328,1330456,26066,297984,43520,NaN,NaN
2026-04-01 06:48:34.995,44428,ESTAB,bbr,240,36.428,0.855,20.048,1448,30,43440,28960,37712656,37712656,33782,NaN,26066,13123,26065,82,NaN,NaN,4148328,1330456,26066,297984,43520,NaN,NaN
2026-04-01 06:48:35.242,44428,ESTAB,bbr,240,36.428,0.855,20.048,1448,30,43440,28960,37712656,37712656,33782,NaN,26066,13123,26065,82,NaN,NaN,4148328,1330456,26066,297984,43520,NaN,NaN
2026-04-01 06:48:35.468,44428,ESTAB,bbr,240,36.428,0.855,20.048,1448,30,43440,28960,37712656,37712656,33782,NaN,26066,13123,26065,82,NaN,NaN,4148328,1330456,26066,297984,43520,NaN,NaN
2026-04-01 06:48:35.714,44428,ESTAB,bbr,240,36.428,0.855,20.048,1448,30,43440,28960,37712656,37712656,33782,NaN,26066,13123,26065,82,NaN,NaN,4148328,1330456,26066,297984,43520,NaN,NaN
2026-04-01 06:48:35.967,44428,ESTAB,bbr,240,36.428,0.855,20.048,1448,30,43440,28960,37712656,37712656,33782,NaN,26066,13123,26065,82,NaN,NaN,4148328,1330456,26066,297984,43520,NaN,NaN
2026-04-01 06:48:36.222,44428,ESTAB,bbr,240,36.428,0.855,20.048,1448,30,43440,28960,37712656,37712656,33782,NaN,26066,13123,26065,82,NaN,NaN,4148328,1330456,26066,297984,43520,NaN,NaN
2026-04-01 06:48:36.477,44428,ESTAB,bbr,240,36.428,0.855,20.048,1448,30,43440,28960,37712656,37712656,33782,NaN,26066,13123,26065,82,NaN,NaN,4148328,1330456,26066,297984,43520,NaN,NaN
2026-04-01 06:48:36.733,44428,ESTAB,bbr,240,36.428,0.855,20.048,1448,30,43440,28960,37712656,37712656,33782,NaN,26066,13123,26065,82,NaN,NaN,4148328,1330456,26066,297984,43520,NaN,NaN
2026-04-01 06:48:36.972,44428,ESTAB,bbr,240,36.428,0.855,20.048,1448,30,43440,28960,37712656,37712656,33782,NaN,26066,13123,26065,82,NaN,NaN,4148328,1330456,26066,297984,43520,NaN,NaN
2026-04-01 06:48:37.213,44428,ESTAB,bbr,240,36.428,0.855,20.048,1448,30,43440,28960,37712656,37712656,33782,NaN,26066,13123,26065,82,NaN,NaN,4148328,1330456,26066,297984,43520,NaN,NaN
2026-04-01 06:48:37.461,44428,ESTAB,bbr,240,36.428,0.855,20.048,1448,30,43440,28960,37712656,37712656,33782,NaN,26066,13123,26065,82,NaN,NaN,4148328,1330456,26066,297984,43520,NaN,NaN
2026-04-01 06:48:37.711,44428,ESTAB,bbr,240,36.428,0.855,20.048,1448,30,43440,28960,37715539,37712656,34190,NaN,26068,13124,26067,83,NaN,NaN,3318656,1330456,26066,298496,43520,2,NaN
2026-04-01 06:48:37.943,44428,ESTAB,bbr,240,36.276,2.146,20.048,1448,30,43440,28960,37803867,37790835,34606,NaN,26129,13153,26128,84,NaN,NaN,4154304,2873224,26120,298496,43520,9,566168
2026-04-01 06:48:38.180,44428,ESTAB,bbr,240,36.546,1.575,20.048,1448,30,43440,28960,37897987,37886403,34606,NaN,26194,13186,26193,84,NaN,NaN,4154304,3348536,26186,298496,43520,8,472048
2026-04-01 06:48:38.441,44428,ESTAB,bbr,240,38.743,3.597,20.048,1448,30,43440,28960,38005139,37990659,34606,NaN,26268,13222,26267,84,NaN,NaN,4150888,3050104,26258,298496,43520,10,485051
2026-04-01 06:48:38.704,44428,ESTAB,bbr,244,40.228,3.581,20.048,1448,30,43440,28960,38107947,38097811,34606,NaN,26339,13259,26338,84,NaN,NaN,4152600,3345312,26332,298496,43520,7,382243
2026-04-01 06:48:38.955,44428,ESTAB,bbr,240,38.475,3.062,20.048,1448,30,43440,28960,38215099,38199171,34606,NaN,26413,13294,26412,84,NaN,NaN,4146616,3347008,26402,298496,43520,11,275091
2026-04-01 06:48:39.199,44428,ESTAB,bbr,240,36.053,0.514,20.048,1448,30,43440,28960,38313563,38300531,34606,NaN,26481,13329,26480,84,NaN,NaN,4146616,3339928,26472,298496,43520,9,176627
2026-04-01 06:48:39.435,44428,ESTAB,bbr,240,37.284,2.458,20.048,1448,30,43440,28960,38407683,38396099,34606,NaN,26546,13362,26545,84,NaN,NaN,4144904,3343624,26538,298496,43520,8,82507
2026-04-01 06:48:39.683,44428,ESTAB,bbr,244,40.175,3.594,20.048,1448,30,43440,28960,38490190,38488771,34606,NaN,26603,13394,26602,84,NaN,NaN,4144904,3347408,26602,298496,43520,1,NaN
2026-04-01 06:48:39.930,44428,ESTAB,bbr,240,36.283,1.193,20.048,1448,30,43440,28960,38559681,38545201,35430,NaN,26651,13416,26650,86,NaN,NaN,4150888,3344912,26641,298496,43520,10,587888
2026-04-01 06:48:40.171,44428,ESTAB,bbr,240,38.443,3.475,20.048,1448,30,43440,28960,38655249,38640769,35430,NaN,26717,13449,26716,86,NaN,NaN,4158576,3353144,26707,298496,43520,10,492320
2026-04-01 06:48:40.433,44428,ESTAB,bbr,244,40.462,0.941,20.048,1448,30,43440,28960,38762401,38747921,35430,NaN,26791,13486,26790,86,NaN,NaN,4158576,3341120,26781,298496,43520,10,515485
2026-04-01 06:48:40.686,44428,ESTAB,bbr,240,39.306,2.452,20.048,1448,30,43440,28960,38868105,38852177,35430,NaN,26864,13522,26863,86,NaN,NaN,4157720,3346712,26853,298496,43520,11,409781
2026-04-01 06:48:40.937,44428,ESTAB,bbr,236,35.686,1.057,20.048,1448,32,46336,28960,38972361,38956433,35430,NaN,26936,13558,26935,86,NaN,NaN,4521720,2822264,26925,298496,43520,11,305525
2026-04-01 06:48:41.187,44428,ESTAB,bbr,240,36.358,1.115,20.048,1448,30,43440,28960,39075169,39060689,35430,NaN,27007,13594,27006,86,NaN,NaN,4521720,3349992,26997,298496,43520,10,202717
2026-04-01 06:48:41.449,44428,ESTAB,bbr,240,37.57,2.064,20.048,1448,30,43440,28960,39182321,39167841,35430,NaN,27081,13631,27080,86,NaN,NaN,4516592,3349264,27071,298496,43520,10,95565
2026-04-01 06:48:41.710,44428,ESTAB,bbr,244,40.58,0.738,20.048,1448,30,43440,28960,39277886,39274993,35430,NaN,27147,13668,27146,86,NaN,NaN,4516592,3336496,27145,298496,43520,2,NaN
2026-04-01 06:48:41.947,44428,ESTAB,bbr,240,36.073,0.594,20.048,1448,28,40544,28960,39338689,39324209,36254,NaN,27189,13687,27188,88,NaN,NaN,4153448,3343304,27179,298496,43520,10,596576
2026-04-01 06:48:42.180,44428,ESTAB,bbr,244,40.191,3.843,20.048,1448,30,43440,28960,39431361,39416881,36254,NaN,27253,13719,27252,88,NaN,NaN,4153448,2934440,27243,298496,43520,10,503904
2026-04-01 06:48:42.435,44428,ESTAB,bbr,240,39.986,1.663,20.048,1448,30,43440,28960,39537065,39521137,36254,NaN,27326,13755,27325,88,NaN,NaN,4151744,3342952,27315,298496,43520,11,526233
2026-04-01 06:48:42.703,44428,ESTAB,bbr,240,38.134,3.012,20.048,1448,30,43440,28960,39644217,39628289,36254,NaN,27400,13792,27399,88,NaN,NaN,4151744,3344496,27389,298496,43520,11,419081
2026-04-01 06:48:42.955,44428,ESTAB,bbr,240,36.063,0.553,20.048,1448,30,43440,28960,39748473,39735441,36254,NaN,27472,13829,27471,88,NaN,NaN,4154304,3341536,27463,298496,43520,9,314825
2026-04-01 06:48:43.226,44428,ESTAB,bbr,240,36.68,1.612,20.048,1448,30,43440,28960,39859969,39842593,36254,NaN,27549,13866,27548,88,NaN,NaN,4154304,3344592,27537,298496,43520,12,203329
2026-04-01 06:48:43.475,44428,ESTAB,bbr,240,39.268,3.577,20.048,1448,30,43440,28960,39961329,39943953,36254,NaN,27619,13901,27618,88,NaN,NaN,4150032,3049216,27607,298496,43520,12,101969
2026-04-01 06:48:43.719,44428,ESTAB,bbr,240,39.839,3.514,20.048,1448,30,43440,28960,40061241,40042417,36254,NaN,27688,13935,27687,88,NaN,NaN,4146616,3345152,27675,298496,43520,13,2057
2026-04-01 06:48:43.954,44428,ESTAB,bbr,240,37.237,3.77,20.048,1448,30,43440,28960,40112517,40095141,37078,NaN,27724,13956,27723,90,NaN,NaN,4164560,3354600,27712,298496,43520,12,608160
2026-04-01 06:48:44.196,44428,ESTAB,bbr,244,40.346,3.617,20.048,1448,30,43440,28960,40208085,40193605,37078,NaN,27790,13990,27789,90,NaN,NaN,4164560,3347648,27780,298496,43520,10,512592
2026-04-01 06:48:44.438,44428,ESTAB,bbr,240,38.845,3.189,20.048,1448,30,43440,28960,40307997,40289173,37078,NaN,27859,14023,27858,90,NaN,NaN,4147472,3349584,27846,298496,43520,13,412680
2026-04-01 06:48:44.687,44428,ESTAB,bbr,240,36.02,0.519,20.048,1448,30,43440,28960,40409357,40393429,37078,NaN,27929,14059,27928,90,NaN,NaN,4147472,3047376,27918,298496,43520,11,444902
2026-04-01 06:48:44.922,44428,ESTAB,bbr,240,37.315,2.537,20.048,1448,30,43440,28960,40503477,40486101,37078,NaN,27994,14091,27993,90,NaN,NaN,4147472,3351928,27982,298496,43520,12,350782
2026-04-01 06:48:45.180,44428,ESTAB,bbr,244,41.282,3.665,20.048,1448,30,43440,28960,40604837,40590357,37078,NaN,28064,14127,28063,90,NaN,NaN,4147472,2433864,28054,298496,43520,10,249422
2026-04-01 06:48:45.427,44428,ESTAB,bbr,240,39.573,3.435,20.048,1448,30,43440,28960,40707645,40691717,37078,NaN,28135,14162,28134,90,NaN,NaN,4150888,3342904,28124,298496,43520,11,146614
2026-04-01 06:48:45.677,44428,ESTAB,bbr,240,36.589,2.151,20.048,1448,30,43440,28960,40806109,40793077,37078,NaN,28203,14197,28202,90,NaN,NaN,4150888,2515184,28194,298496,43520,9,48150
2026-04-01 06:48:45.921,44428,ESTAB,bbr,240,39.247,6.104,20.048,1448,30,43440,28960,40871622,40860038,37902,NaN,28249,14222,28248,92,NaN,NaN,4149176,1489792,28241,298496,43520,8,640016
2026-04-01 06:48:46.160,44428,ESTAB,bbr,240,39.237,3.341,20.048,1448,30,43440,28960,40968638,40955606,37902,NaN,28316,14255,28315,92,NaN,NaN,4155160,3343384,28307,298496,43520,9,543000
2026-04-01 06:48:46.423,44428,ESTAB,bbr,240,36.208,1.811,20.048,1448,30,43440,28960,41075790,41059862,37902,NaN,28390,14291,28389,92,NaN,NaN,4144904,2573760,28379,298496,43520,11,435848
2026-04-01 06:48:46.668,44428,ESTAB,bbr,240,36.444,1.272,20.048,1448,30,43440,28960,41178598,41164118,37902,NaN,28461,14327,28460,92,NaN,NaN,4150888,3335440,28451,298496,43520,10,463166
2026-04-01 06:48:46.909,44428,ESTAB,bbr,240,39.036,1.96,20.048,1448,30,43440,28960,41271270,41259686,37902,NaN,28525,14360,28524,92,NaN,NaN,4156016,3349024,28517,298496,43520,8,370494
2026-04-01 06:48:47.154,44428,ESTAB,bbr,240,39.643,3.775,20.048,1448,30,43440,28960,41376974,41358150,37902,NaN,28598,14394,28597,92,NaN,NaN,4156016,3264240,28585,298496,43520,13,264790
2026-04-01 06:48:47.404,44428,ESTAB,bbr,240,37.543,2.603,20.048,1448,30,43440,28960,41475438,41459510,37902,NaN,28666,14429,28665,92,NaN,NaN,4149176,2791728,28655,298496,43520,11,166326
2026-04-01 06:48:47.670,44428,ESTAB,bbr,240,36.14,0.781,20.048,1448,30,43440,28960,41579694,41566662,37902,NaN,28738,14466,28737,92,NaN,NaN,4149176,3343544,28729,298496,43520,9,62070
2026-04-01 06:48:47.919,44428,ESTAB,bbr,244,41.18,3.71,20.048,1448,30,43440,28960,41644647,41641764,38310,NaN,28783,14493,28782,93,NaN,NaN,3322760,2436488,28781,298496,43520,2,NaN
2026-04-01 06:48:48.156,44428,ESTAB,bbr,240,37.37,2.519,20.048,1448,30,43440,28960,41738767,41725735,38726,NaN,28848,14523,28847,94,NaN,NaN,4153448,2910984,28839,298496,43520,9,560376
2026-04-01 06:48:48.413,44428,ESTAB,bbr,240,36.162,0.792,20.048,1448,30,43440,28960,41841575,41832887,38726,NaN,28919,14560,28918,94,NaN,NaN,4146616,3342336,28913,298496,43520,6,457568
2026-04-01 06:48:48.660,44428,ESTAB,bbr,240,37.516,2.795,20.048,1448,30,43440,28960,41945831,41931351,38726,NaN,28991,14594,28990,94,NaN,NaN,4145760,3056864,28981,298496,43520,10,613952
2026-04-01 06:48:48.904,44428,ESTAB,bbr,244,40.098,3.587,20.048,1448,30,43440,28960,42041399,42026919,38726,NaN,29057,14627,29056,94,NaN,NaN,4150888,3344184,29047,298496,43520,10,518384
2026-04-01 06:48:49.162,44428,ESTAB,bbr,240,39.25,3.361,20.048,1448,30,43440,28960,42147103,42134071,38726,NaN,29130,14664,29129,94,NaN,NaN,4150888,3342576,29121,298496,43520,9,412680
2026-04-01 06:48:49.414,44428,ESTAB,bbr,236,35.509,0.608,20.048,1448,32,46336,28960,42251359,42235431,38726,NaN,29202,14699,29201,94,NaN,NaN,4511464,2586216,29191,298496,43520,11,316883
2026-04-01 06:48:49.668,44428,ESTAB,bbr,240,36.373,1.096,20.048,1448,30,43440,28960,42357063,42342583,38726,NaN,29275,14736,29274,94,NaN,NaN,4528552,3343784,29265,298496,43520,10,211179
2026-04-01 06:48:49.919,44428,ESTAB,bbr,240,37.836,1.959,20.048,1448,30,43440,28960,42461319,42446839,38726,NaN,29347,14772,29346,94,NaN,NaN,4528552,3658008,29337,298496,43520,10,106923
2026-04-01 06:48:50.156,44428,ESTAB,bbr,244,40.262,1.237,20.048,1448,30,43440,28960,42558335,42542407,38726,NaN,29414,14805,29413,94,NaN,NaN,4525992,3347200,29403,298496,43520,11,9907
2026-04-01 06:48:50.415,44428,ESTAB,bbr,236,35.783,0.144,20.048,1448,28,40544,28960,42650778,42634850,39142,NaN,29478,14838,29477,95,NaN,NaN,4150032,3347728,29467,298496,43520,11,571960
2026-04-01 06:48:50.672,44428,ESTAB,bbr,240,36.63,1.565,20.048,1448,30,43440,28960,42756482,42739106,39142,NaN,29551,14874,29550,95,NaN,NaN,4150032,3346120,29539,298496,43520,12,466256
2026-04-01 06:48:50.927,44428,ESTAB,bbr,240,38.437,3.52,20.048,1448,30,43440,28960,42857842,42846258,39142,NaN,29621,14911,29620,95,NaN,NaN,4149176,3353064,29613,298496,43520,8,557661
2026-04-01 06:48:51.180,44428,ESTAB,bbr,240,39.783,3.475,20.048,1448,30,43440,28960,42960650,42944722,39142,NaN,29692,14945,29691,95,NaN,NaN,4150032,3348456,29681,298496,43520,11,454853
2026-04-01 06:48:51.427,44428,ESTAB,bbr,240,38.153,3.028,20.048,1448,32,46336,28960,43062010,43046082,39142,NaN,29762,14980,29761,95,NaN,NaN,4515736,3343944,29751,298496,43520,11,353493
2026-04-01 06:48:51.680,44428,ESTAB,bbr,240,36.005,0.577,20.048,1448,32,46336,28960,43166266,43153234,39142,NaN,29834,15017,29833,95,NaN,NaN,4515736,3349664,29825,298496,43520,9,249237
2026-04-01 06:48:51.917,44428,ESTAB,bbr,240,39.918,1.564,20.048,1448,30,43440,28960,43266178,43250250,39142,NaN,29903,15050,29902,95,NaN,NaN,4514024,3347680,29892,298496,43520,11,149325
2026-04-01 06:48:52.156,44428,ESTAB,bbr,240,36.089,0.778,20.048,1448,30,43440,28960,43361746,43345818,39142,NaN,29969,15083,29968,95,NaN,NaN,4517448,3347568,29958,298496,43520,11,53757
2026-04-01 06:48:52.419,44428,ESTAB,bbr,240,36.262,1.245,20.048,1448,30,43440,28960,43456047,43441567,39558,NaN,30035,15117,30034,96,NaN,NaN,4517448,3346232,30025,298496,43520,10,613952
2026-04-01 06:48:52.680,44428,ESTAB,bbr,244,41.246,3.631,20.048,1448,30,43440,28960,43563199,43548719,39558,NaN,30109,15154,30108,96,NaN,NaN,4146616,2438344,30099,298496,43520,10,506800
2026-04-01 06:48:52.937,44428,ESTAB,bbr,244,40.217,3.767,20.048,1448,30,43440,28960,43668903,43652975,39558,NaN,30182,15190,30181,96,NaN,NaN,4146616,3042016,30171,298496,43520,11,631909
2026-04-01 06:48:53.203,44428,ESTAB,bbr,240,37.538,2.597,20.048,1448,30,43440,28960,43776055,43757231,39558,NaN,30256,15226,30255,96,NaN,NaN,4148328,2908280,30243,298496,43520,13,524757
2026-04-01 06:48:53.460,44428,ESTAB,bbr,236,35.933,0.865,20.048,1448,30,43440,28960,43877415,43864383,39558,NaN,30326,15263,30325,96,NaN,NaN,4146616,3346280,30317,298496,43520,9,423397
2026-04-01 06:48:53.728,44428,ESTAB,bbr,240,36.954,2.077,20.048,1448,30,43440,28960,43988911,43971535,39558,NaN,30403,15300,30402,96,NaN,NaN,4155160,3342256,30391,298496,43520,12,311901
2026-04-01 06:48:53.967,44428,ESTAB,bbr,244,40.174,3.83,20.048,1448,30,43440,28960,44084479,44072895,39558,NaN,30469,15335,30468,96,NaN,NaN,4155160,2930728,30461,298496,43520,8,216333
2026-04-01 06:48:54.209,44428,ESTAB,bbr,240,39.307,3.362,20.048,1448,30,43440,28960,44181495,44165567,39558,NaN,30536,15367,30535,96,NaN,NaN,4146616,3347568,30525,298496,43520,11,119317
2026-04-01 06:48:54.479,44428,ESTAB,bbr,240,36.619,2.136,20.048,1448,30,43440,28960,44288647,44272719,39558,NaN,30610,15404,30609,96,NaN,NaN,4150032,2517024,30599,298496,43520,11,12165
2026-04-01 06:48:54.734,44428,ESTAB,bbr,236,35.759,0.08,20.048,1448,30,43440,28960,44383348,44367420,39974,NaN,30676,15438,30675,97,NaN,NaN,4157720,3344104,30665,298496,43520,11,571960
2026-04-01 06:48:54.988,44428,ESTAB,bbr,240,36.642,1.691,20.048,1448,30,43440,28960,44483260,44471676,39974,NaN,30745,15474,30744,97,NaN,NaN,4157720,3344592,30737,298496,43520,8,472048
2026-04-01 06:48:55.242,44428,ESTAB,bbr,240,39.252,3.615,20.048,1448,30,43440,28960,44587516,44573036,39974,NaN,30817,15509,30816,97,NaN,NaN,4148328,3048656,30807,298496,43520,10,530798
2026-04-01 06:48:55.497,44428,ESTAB,bbr,244,40.454,3.778,20.048,1448,30,43440,28960,44690324,44674396,39974,NaN,30888,15544,30887,97,NaN,NaN,4148328,3041456,30877,298496,43520,11,427990
2026-04-01 06:48:55.742,44428,ESTAB,bbr,240,37.352,3.01,20.048,1448,30,43440,28960,44788788,44772860,39974,NaN,30956,15578,30955,97,NaN,NaN,4148328,2834696,30945,298496,43520,11,329526
2026-04-01 06:48:55.994,44428,ESTAB,bbr,240,36.193,0.805,20.048,1448,30,43440,28960,44890148,44880012,39974,NaN,31026,15615,31025,97,NaN,NaN,4156872,3342176,31019,298496,43520,7,228166
2026-04-01 06:48:56.233,44428,ESTAB,bbr,240,38.62,3.547,20.048,1448,30,43440,28960,44987164,44969788,39974,NaN,31093,15646,31092,97,NaN,NaN,4156872,3351848,31081,298496,43520,12,131150
2026-04-01 06:48:56.482,44428,ESTAB,bbr,244,40.372,1.043,20.048,1448,30,43440,28960,45088524,45074044,39974,NaN,31163,15682,31162,97,NaN,NaN,4148328,3345752,31153,298496,43520,10,29790
2026-04-01 06:48:56.724,44428,ESTAB,bbr,236,35.41,0.558,20.048,1448,30,43440,28960,45176234,45161754,40390,NaN,31224,15713,31223,98,NaN,NaN,4151744,3347408,31214,298496,43520,10,596576
2026-04-01 06:48:56.971,44428,ESTAB,bbr,240,39.173,3.473,20.048,1448,30,43440,28960,45274698,45260218,40390,NaN,31292,15747,31291,98,NaN,NaN,4151744,3039936,31282,298496,43520,10,498112
2026-04-01 06:48:57.217,44428,ESTAB,bbr,240,39.91,3.55,20.048,1448,30,43440,28960,45377506,45358682,40390,NaN,31363,15781,31362,98,NaN,NaN,4149176,3347248,31350,298496,43520,13,655944
2026-04-01 06:48:57.453,44428,ESTAB,bbr,240,36.629,2.108,20.048,1448,30,43440,28960,45473074,45454250,40390,NaN,31429,15814,31428,98,NaN,NaN,4146616,2520240,31416,298496,43520,13,560376
2026-04-01 06:48:57.701,44428,ESTAB,bbr,240,36.251,1.15,20.048,1448,32,46336,28960,45570090,45555610,40390,NaN,31496,15849,31495,98,NaN,NaN,4519152,3345392,31486,298496,43520,10,463360
2026-04-01 06:48:57.942,44428,ESTAB,bbr,240,37.848,1.961,20.048,1448,4,5792,28960,45665658,45659866,40390,NaN,31562,15885,31561,98,NaN,NaN,3615320,3640184,31558,298496,43520,4,373668
2026-04-01 06:48:58.169,44428,ESTAB,bbr,236,32.306,1.866,20.048,1448,32,46336,28960,45713442,45703306,40390,NaN,31595,15900,31594,98,NaN,NaN,4519152,3346760,31588,298496,43520,7,325884
2026-04-01 06:48:58.409,44428,ESTAB,bbr,240,37.025,1.923,20.048,1448,32,46336,28960,45813354,45798874,40390,NaN,31664,15933,31663,98,NaN,NaN,4525136,3350720,31654,298496,43520,10,225972
2026-04-01 06:48:58.658,44428,ESTAB,bbr,244,40.565,0.701,20.048,1448,32,46336,28960,45914714,45900234,40390,NaN,31734,15968,31733,98,NaN,NaN,4525136,3349712,31724,298496,43520,10,124612
2026-04-01 06:48:58.917,44428,ESTAB,bbr,240,39.886,1.821,20.048,1448,32,46336,28960,46023314,46007386,40390,NaN,31809,16005,31808,98,NaN,NaN,4525992,3342368,31798,298496,43520,11,16012
2026-04-01 06:48:59.164,44428,ESTAB,bbr,236,35.876,0.27,20.048,1448,30,43440,28960,46105934,46094350,40806,NaN,31867,16036,31866,99,NaN,NaN,4147472,3350392,31859,298496,43520,8,587888
2026-04-01 06:48:59.411,44428,ESTAB,bbr,240,37.779,3.089,20.048,1448,30,43440,28960,46210190,46192814,40806,NaN,31939,16070,31938,99,NaN,NaN,4154304,3357352,31927,298496,43520,12,483632
2026-04-01 06:48:59.661,44428,ESTAB,bbr,244,40.331,3.581,20.048,1448,30,43440,28960,46308654,46297070,40806,NaN,32007,16106,32006,99,NaN,NaN,4154304,3343864,31999,298496,43520,8,636756
2026-04-01 06:48:59.914,44428,ESTAB,bbr,240,39.315,3.366,20.048,1448,30,43440,28960,46414358,46398430,40806,NaN,32080,16141,32079,99,NaN,NaN,4147472,3345312,32069,298496,43520,11,531052
2026-04-01 06:49:00.157,44428,ESTAB,bbr,240,36.06,0.534,20.048,1448,30,43440,28960,46507030,46496894,40806,NaN,32144,16175,32143,99,NaN,NaN,4147472,3043368,32137,298496,43520,7,438380
2026-04-01 06:49:00.396,44428,ESTAB,bbr,240,37.37,2.582,20.048,1448,30,43440,28960,46606942,46589566,40806,NaN,32213,16207,32212,99,NaN,NaN,4153448,3337680,32201,298496,43520,12,338468
2026-04-01 06:49:00.657,44428,ESTAB,bbr,244,41.244,3.669,20.048,1448,30,43440,28960,46708302,46693822,40806,NaN,32283,16243,32282,99,NaN,NaN,4153448,2435720,32273,298496,43520,10,237108
2026-04-01 06:49:00.919,44428,ESTAB,bbr,240,39.873,3.491,20.048,1448,30,43440,28960,46819798,46800974,40806,NaN,32360,16280,32359,99,NaN,NaN,4154304,3344184,32347,298496,43520,13,125612
2026-04-01 06:49:01.181,44428,ESTAB,bbr,240,38.341,3.085,20.048,1448,30,43440,28960,46924054,46908126,40806,NaN,32432,16317,32431,99,NaN,NaN,4162848,3364256,32421,298496,43520,11,21356
2026-04-01 06:49:01.442,44428,ESTAB,bbr,236,35.986,0.515,20.048,1448,30,43440,28960,47016362,47003330,41222,NaN,32496,16351,32495,100,NaN,NaN,4162848,3344024,32487,298496,43520,9,583544
2026-04-01 06:49:01.694,44428,ESTAB,bbr,240,37.124,2.332,20.048,1448,32,46336,28960,47119170,47104690,41222,NaN,32567,16386,32566,100,NaN,NaN,4511464,3340248,32557,298496,43520,10,480736
2026-04-01 06:49:01.957,44428,ESTAB,bbr,240,39.392,1.821,20.048,1448,32,46336,28960,47229218,47214738,41222,NaN,32643,16424,32642,100,NaN,NaN,4511464,3342272,32633,298496,43520,10,631328
2026-04-01 06:49:02.227,44428,ESTAB,bbr,244,40.677,2.212,20.048,1448,32,46336,28960,47337818,47321890,41222,NaN,32718,16461,32717,100,NaN,NaN,4529408,3047616,32707,298496,43520,11,522728
2026-04-01 06:49:02.473,44428,ESTAB,bbr,240,38.571,2.949,20.048,1448,32,46336,28960,47442074,47426146,41222,NaN,32790,16497,32789,100,NaN,NaN,4519152,3343048,32779,298496,43520,11,418472
2026-04-01 06:49:02.735,44428,ESTAB,bbr,236,35.969,0.5,20.048,1448,32,46336,28960,47546330,47533298,41222,NaN,32862,16534,32861,100,NaN,NaN,4514024,3345312,32853,298496,43520,9,329508
2026-04-01 06:49:02.986,44428,ESTAB,bbr,240,36.563,1.33,20.048,1448,32,46336,28960,47652034,47637554,41222,NaN,32935,16570,32934,100,NaN,NaN,4516592,3345232,32925,298496,43520,10,223804
2026-04-01 06:49:03.239,44428,ESTAB,bbr,240,38.428,2.029,20.048,1448,32,46336,28960,47756290,47741810,41222,NaN,33007,16606,33006,100,NaN,NaN,4516592,3353224,32997,298496,43520,10,119548
2026-04-01 06:49:03.499,44428,ESTAB,bbr,244,40.437,1.036,20.048,1448,30,43440,28960,47863442,47848962,41222,NaN,33081,16643,33080,100,NaN,NaN,4510608,3348264,33071,298496,43520,10,12396
2026-04-01 06:49:03.755,44428,ESTAB,bbr,236,35.808,0.137,20.048,1448,30,43440,28960,47952582,47939550,41638,NaN,33143,16675,33142,101,NaN,NaN,4160288,3341376,33134,298496,43520,9,524159
2026-04-01 06:49:04.025,44428,ESTAB,bbr,240,36.427,1.088,20.048,1448,32,46336,28960,48066974,48052494,41638,NaN,33222,16714,33221,101,NaN,NaN,4520864,3319824,33212,298496,43520,10,409767
2026-04-01 06:49:04.266,44428,ESTAB,bbr,240,38.725,1.96,20.048,1448,32,46336,28960,48162542,48148062,41638,NaN,33288,16747,33287,101,NaN,NaN,4520864,3364992,33278,298496,43520,10,314199
2026-04-01 06:49:04.516,44428,ESTAB,bbr,244,40.24,1.303,20.048,1448,30,43440,28960,48268246,48252318,41638,NaN,33361,16783,33360,101,NaN,NaN,4163704,3351656,33350,298496,43520,11,208495
2026-04-01 06:49:04.782,44428,ESTAB,bbr,240,38.862,3.206,20.048,1448,30,43440,28960,48375398,48359470,41638,NaN,33435,16820,33434,101,NaN,NaN,4151744,3350632,33424,298496,43520,11,101343
2026-04-01 06:49:05.035,44428,ESTAB,bbr,240,36.038,0.559,20.048,1448,30,43440,28960,48476741,48463726,41638,NaN,33505,16856,33504,101,NaN,NaN,4147472,3047056,33496,298496,43520,9,NaN
2026-04-01 06:49:05.287,44428,ESTAB,bbr,240,36.374,2.209,20.048,1448,30,43440,28960,48570861,48552037,42054,NaN,33570,16887,33569,102,NaN,NaN,4151744,2882160,33557,298496,43520,13,560376
2026-04-01 06:49:05.539,44428,ESTAB,bbr,240,36.429,1.33,20.048,1448,30,43440,28960,48670773,48653397,42054,NaN,33639,16922,33638,102,NaN,NaN,4156016,3345880,33627,298496,43520,12,460464
2026-04-01 06:49:05.793,44428,ESTAB,bbr,240,37.937,2.995,20.048,1448,30,43440,28960,48772133,48757653,42054,NaN,33709,16958,33708,102,NaN,NaN,4152600,3043048,33699,298496,43520,10,486335
2026-04-01 06:49:06.057,44428,ESTAB,bbr,244,40.109,3.749,20.048,1448,30,43440,28960,48879285,48864805,42054,NaN,33783,16995,33782,102,NaN,NaN,4142344,3260800,33773,298496,43520,10,379183
2026-04-01 06:49:06.301,44428,ESTAB,bbr,240,39.491,3.788,20.048,1448,30,43440,28960,48979197,48963269,42054,NaN,33852,17029,33851,102,NaN,NaN,4150888,3044408,33841,298496,43520,11,279271
2026-04-01 06:49:06.540,44428,ESTAB,bbr,236,35.992,0.55,20.048,1448,30,43440,28960,49074765,49061733,42054,NaN,33918,17063,33917,102,NaN,NaN,4150888,3352336,33909,298496,43520,9,183703
2026-04-01 06:49:06.778,44428,ESTAB,bbr,240,37.315,2.552,20.048,1448,30,43440,28960,49168885,49157301,42054,NaN,33983,17096,33982,102,NaN,NaN,4150888,3344352,33975,298496,43520,8,89583
2026-04-01 06:49:07.029,44428,ESTAB,bbr,244,40.288,3.602,20.048,1448,30,43440,28960,49258468,49255765,42054,NaN,34045,17130,34044,102,NaN,NaN,4147472,3342736,34043,298496,43520,2,NaN
2026-04-01 06:49:07.278,44428,ESTAB,bbr,240,38.192,2.949,20.048,1448,30,43440,28960,49361276,49345348,42470,NaN,34116,17162,34115,103,NaN,NaN,4146616,3348056,34105,298496,43520,11,551688
2026-04-01 06:49:07.529,44428,ESTAB,bbr,240,36.092,0.689,20.048,1448,30,43440,28960,49462636,49449604,42470,NaN,34186,17198,34185,103,NaN,NaN,4151744,3041696,34177,298496,43520,9,450328
2026-04-01 06:49:07.783,44428,ESTAB,bbr,240,37.112,2.33,20.048,1448,30,43440,28960,49565444,49550964,42470,NaN,34257,17233,34256,103,NaN,NaN,4146616,3043928,34247,298496,43520,10,444532
2026-04-01 06:49:08.040,44428,ESTAB,bbr,244,40.208,3.874,20.048,1448,30,43440,28960,49669700,49655220,42470,NaN,34329,17269,34328,103,NaN,NaN,4156016,2937784,34319,298496,43520,10,340276
2026-04-01 06:49:08.291,44428,ESTAB,bbr,244,40.033,1.637,20.048,1448,32,46336,28960,49775404,49759476,42470,NaN,34402,17305,34401,103,NaN,NaN,4531112,3343816,34391,298496,43520,11,234572
2026-04-01 06:49:08.559,44428,ESTAB,bbr,240,38.307,3.069,20.048,1448,30,43440,28960,49882556,49866628,42470,NaN,34476,17342,34475,103,NaN,NaN,4508896,3341600,34465,298496,43520,11,127420
2026-04-01 06:49:08.800,44428,ESTAB,bbr,240,36.021,0.617,20.048,1448,30,43440,28960,49983916,49970884,42470,NaN,34546,17378,34545,103,NaN,NaN,4514024,3348296,34537,298496,43520,9,26060
2026-04-01 06:49:09.046,44428,ESTAB,bbr,236,35.964,0.49,20.048,1448,30,43440,28960,50070792,50056312,42886,NaN,34606,17408,34605,104,NaN,NaN,4514024,3348136,34596,298496,43520,10,593680
2026-04-01 06:49:09.292,44428,ESTAB,bbr,240,38.326,1.927,20.048,1448,30,43440,28960,50175048,50157672,42886,NaN,34678,17443,34677,104,NaN,NaN,4148328,3352416,34666,298496,43520,12,489424
2026-04-01 06:49:09.546,44428,ESTAB,bbr,244,40.183,3.574,20.048,1448,30,43440,28960,50276408,50261928,42886,NaN,34748,17479,34747,104,NaN,NaN,4150032,3346200,34738,298496,43520,10,522258
2026-04-01 06:49:09.791,44428,ESTAB,bbr,240,38.81,3.176,20.048,1448,30,43440,28960,50376320,50363288,42886,NaN,34817,17514,34816,104,NaN,NaN,4150032,3342736,34808,298496,43520,9,422346
2026-04-01 06:49:10.030,44428,ESTAB,bbr,236,35.915,0.527,20.048,1448,32,46336,28960,50474784,50461752,42886,NaN,34885,17548,34884,104,NaN,NaN,4520864,3350472,34876,298496,43520,9,323882
2026-04-01 06:49:10.282,44428,ESTAB,bbr,240,37.129,1.857,20.048,1448,30,43440,28960,50577592,50560216,42886,NaN,34956,17582,34955,104,NaN,NaN,4523424,3346600,34944,298496,43520,12,221074
2026-04-01 06:49:10.531,44428,ESTAB,bbr,244,41.053,1.41,20.048,1448,30,43440,28960,50678952,50664472,42886,NaN,35026,17618,35025,104,NaN,NaN,4523424,2676136,35016,298496,43520,10,119714
2026-04-01 06:49:10.790,44428,ESTAB,bbr,244,40.034,1.638,20.048,1448,30,43440,28960,50787552,50771624,42886,NaN,35101,17655,35100,104,NaN,NaN,4516592,3346712,35090,298496,43520,11,11114
2026-04-01 06:49:11.034,44428,ESTAB,bbr,236,35.758,0.061,20.048,1448,28,40544,28960,50875410,50859482,43302,NaN,35162,17686,35161,105,NaN,NaN,4147472,3346520,35151,298496,43520,11,577752
2026-04-01 06:49:11.300,44428,ESTAB,bbr,240,36.972,2.086,20.048,1448,30,43440,28960,50981114,50963738,43302,NaN,35235,17722,35234,105,NaN,NaN,4152600,3345472,35223,298496,43520,12,472048
2026-04-01 06:49:11.538,44428,ESTAB,bbr,244,40.212,3.863,20.048,1448,30,43440,28960,51079578,51065098,43302,NaN,35303,17757,35302,105,NaN,NaN,4155160,2934064,35293,298496,43520,10,581398
2026-04-01 06:49:11.782,44428,ESTAB,bbr,240,39.629,3.454,20.048,1448,30,43440,28960,51176594,51163562,43302,NaN,35370,17791,35369,105,NaN,NaN,4158576,3347248,35361,298496,43520,9,484382
2026-04-01 06:49:12.037,44428,ESTAB,bbr,240,36.515,2.144,20.048,1448,30,43440,28960,51280850,51264922,43302,NaN,35442,17826,35441,105,NaN,NaN,4144048,2519080,35431,298496,43520,11,380126
2026-04-01 06:49:12.271,44428,ESTAB,bbr,240,36.671,1.687,20.048,1448,30,43440,28960,51377866,51360490,43302,NaN,35509,17859,35508,105,NaN,NaN,4145760,3342824,35497,298496,43520,12,283110
2026-04-01 06:49:12.517,44428,ESTAB,bbr,244,40.132,3.438,20.048,1448,30,43440,28960,51473434,51458954,43302,NaN,35575,17893,35574,105,NaN,NaN,4144904,3043288,35565,298496,43520,10,187542
2026-04-01 06:49:12.771,44428,ESTAB,bbr,240,39.659,3.551,20.048,1448,30,43440,28960,51576242,51560314,43302,NaN,35646,17928,35645,105,NaN,NaN,4149176,3347328,35635,298496,43520,11,84734
2026-04-01 06:49:13.037,44428,ESTAB,bbr,240,38.401,4.297,20.048,1448,30,43440,28960,51666768,51660976,43718,NaN,35709,17964,35708,106,NaN,NaN,3325496,2652848,35705,298496,43520,4,648704
2026-04-01 06:49:13.290,44428,ESTAB,bbr,240,39.449,3.818,20.048,1448,30,43440,28960,51772472,51756544,43718,NaN,35782,17997,35781,106,NaN,NaN,4156872,3042496,35771,298496,43520,11,543000
2026-04-01 06:49:13.531,44428,ESTAB,bbr,240,36.085,0.61,20.048,1448,30,43440,28960,51868040,51855008,43718,NaN,35848,18031,35847,106,NaN,NaN,4151744,3347328,35839,298496,43520,9,447432
2026-04-01 06:49:13.802,44428,ESTAB,bbr,240,36.333,2.05,20.048,1448,30,43440,28960,51979536,51962160,43718,NaN,35925,18068,35924,106,NaN,NaN,4146616,3263632,35913,298496,43520,12,479605
2026-04-01 06:49:14.076,44428,ESTAB,bbr,240,37.726,3.0,20.048,1448,30,43440,28960,52089584,52075104,43718,NaN,36001,18107,36000,106,NaN,NaN,4149176,3345152,35991,298496,43520,10,369557
2026-04-01 06:49:14.326,44428,ESTAB,bbr,244,40.285,3.609,20.048,1448,30,43440,28960,52190944,52179360,43718,NaN,36071,18143,36070,106,NaN,NaN,4149176,3342096,36063,298496,43520,8,268197
2026-04-01 06:49:14.573,44428,ESTAB,bbr,240,38.814,3.25,20.048,1448,30,43440,28960,52287960,52274928,43718,NaN,36138,18176,36137,106,NaN,NaN,4152600,3348864,36129,298496,43520,9,171181
2026-04-01 06:49:14.822,44428,ESTAB,bbr,240,36.025,0.529,20.048,1448,30,43440,28960,52389320,52376288,43718,NaN,36208,18211,36207,106,NaN,NaN,4160288,3343624,36199,298496,43520,9,69821
2026-04-01 06:49:15.067,44428,ESTAB,bbr,240,36.922,3.87,20.048,1448,30,43440,28960,52476517,52462037,44134,NaN,36269,18242,36268,107,NaN,NaN,4150032,3343784,36259,298496,43520,10,637120
2026-04-01 06:49:15.317,44428,ESTAB,bbr,244,40.087,3.769,20.048,1448,30,43440,28960,52582221,52566293,44134,NaN,36342,18278,36341,107,NaN,NaN,4151744,3044088,36331,298496,43520,11,531416
2026-04-01 06:49:15.572,44428,ESTAB,bbr,240,37.523,3.434,20.048,1448,30,43440,28960,52683581,52667653,44134,NaN,36412,18313,36411,107,NaN,NaN,4153448,2552872,36401,298496,43520,11,430056
2026-04-01 06:49:15.831,44428,ESTAB,bbr,240,36.275,1.009,20.048,1448,30,43440,28960,52786389,52771909,44134,NaN,36483,18349,36482,107,NaN,NaN,4153448,3344672,36473,298496,43520,10,537268
2026-04-01 06:49:16.078,44428,ESTAB,bbr,240,37.767,3.056,20.048,1448,30,43440,28960,52890645,52873269,44134,NaN,36555,18384,36554,107,NaN,NaN,4150032,3347248,36543,298496,43520,12,433012
2026-04-01 06:49:16.324,44428,ESTAB,bbr,240,39.976,3.796,20.048,1448,30,43440,28960,52986213,52971733,44134,NaN,36621,18418,36620,107,NaN,NaN,4179936,3268312,36611,298496,43520,10,337444
2026-04-01 06:49:16.582,44428,ESTAB,bbr,236,33.458,1.686,20.048,1448,4,5792,28960,53049925,53044133,44134,NaN,36665,18443,36664,107,NaN,NaN,3343952,3342984,36661,298496,43520,4,273732
2026-04-01 06:49:16.833,44428,ESTAB,bbr,236,34.75,0.92,20.048,1448,30,43440,28960,53145493,53131013,44134,NaN,36731,18473,36730,107,NaN,NaN,4149176,3351848,36721,298496,43520,10,178164
2026-04-01 06:49:17.096,44428,ESTAB,bbr,244,40.309,3.592,20.048,1448,30,43440,28960,53252645,53238165,44134,NaN,36805,18510,36804,107,NaN,NaN,4156872,3344432,36795,298496,43520,10,71012
2026-04-01 06:49:17.337,44428,ESTAB,bbr,240,38.373,3.652,20.048,1448,30,43440,28960,53335241,53323657,44550,NaN,36863,18541,36862,108,NaN,NaN,3325496,2888632,36855,298496,45568,8,641329
2026-04-01 06:49:17.576,44428,ESTAB,bbr,240,38.956,2.758,20.048,1448,30,43440,28960,53435153,53419225,44550,NaN,36932,18574,36931,108,NaN,NaN,4158576,3348944,36921,298496,45568,11,541417
2026-04-01 06:49:17.820,44428,ESTAB,bbr,240,36.096,0.484,20.048,1448,30,43440,28960,53533617,53517689,44550,NaN,37000,18608,36999,108,NaN,NaN,4158576,3321576,36989,298496,45568,11,442953
2026-04-01 06:49:18.073,44428,ESTAB,bbr,240,36.781,1.559,20.048,1448,30,43440,28960,53636425,53621945,44550,NaN,37071,18644,37070,108,NaN,NaN,4150888,3039216,37061,298496,45568,10,340145
2026-04-01 06:49:18.341,44428,ESTAB,bbr,240,38.851,3.649,20.048,1448,30,43440,28960,53743577,53729097,44550,NaN,37145,18681,37144,108,NaN,NaN,4150888,3053400,37135,298496,45568,10,232993
2026-04-01 06:49:18.599,44428,ESTAB,bbr,244,40.746,3.954,20.048,1448,30,43440,28960,53846385,53836249,44550,NaN,37216,18718,37215,108,NaN,NaN,4153448,3092432,37209,298496,45568,7,130185
2026-04-01 06:49:18.837,44428,ESTAB,bbr,240,38.276,2.994,20.048,1448,30,43440,28960,53944849,53931817,44550,NaN,37284,18751,37283,108,NaN,NaN,4148328,3351848,37275,298496,45568,9,31721
2026-04-01 06:49:19.084,44428,ESTAB,bbr,240,36.203,1.027,20.048,1448,30,43440,28960,54034490,54017114,44966,NaN,37346,18781,37345,109,NaN,NaN,4158576,3350800,37334,298496,48128,12,596576
2026-04-01 06:49:19.341,44428,ESTAB,bbr,240,38.232,3.367,20.048,1448,30,43440,28960,54135850,54124266,44966,NaN,37416,18818,37415,109,NaN,NaN,4158576,3346680,37408,298496,48128,8,495216
2026-04-01 06:49:19.615,44428,ESTAB,bbr,244,40.263,3.618,20.048,1448,30,43440,28960,54245898,54234314,44966,NaN,37492,18856,37491,109,NaN,NaN,4153448,3331128,37484,298496,48128,8,469171
2026-04-01 06:49:19.881,44428,ESTAB,bbr,240,39.598,3.428,20.048,1448,30,43440,28960,54360290,54341466,44966,NaN,37571,18893,37570,109,NaN,NaN,4149176,3346928,37558,298496,48128,13,354779
2026-04-01 06:49:20.120,44428,ESTAB,bbr,236,35.825,1.034,20.048,1448,32,46336,28960,54455858,54439930,44966,NaN,37637,18927,37636,109,NaN,NaN,4520008,2822128,37626,298496,48128,11,259211
2026-04-01 06:49:20.378,44428,ESTAB,bbr,240,36.246,0.921,20.048,1448,30,43440,28960,54561562,54547082,44966,NaN,37710,18964,37709,109,NaN,NaN,4520008,3343704,37700,298496,48128,10,153507
2026-04-01 06:49:20.631,44428,ESTAB,bbr,240,37.999,1.602,20.048,1448,30,43440,28960,54665818,54651338,44966,NaN,37782,19000,37781,109,NaN,NaN,4504624,3086592,37772,298496,48128,10,49251
2026-04-01 06:49:20.886,44428,ESTAB,bbr,236,35.451,1.308,20.048,1448,28,40544,28960,54755613,54741133,45382,NaN,37845,19032,37844,110,NaN,NaN,4149176,3346200,37835,298496,51200,10,613952
2026-04-01 06:49:21.136,44428,ESTAB,bbr,244,40.806,3.712,20.048,1448,30,43440,28960,54856973,54845389,45382,NaN,37915,19068,37914,110,NaN,NaN,4154304,3044888,37907,298496,51200,8,512592
2026-04-01 06:49:21.394,44428,ESTAB,bbr,240,39.916,3.785,20.048,1448,30,43440,28960,54962677,54946749,45382,NaN,37988,19103,37987,110,NaN,NaN,4161992,3040576,37977,298496,51200,11,566721
2026-04-01 06:49:21.640,44428,ESTAB,bbr,240,36.307,1.774,20.048,1448,32,46336,28960,55066933,55051005,45382,NaN,38060,19139,38059,110,NaN,NaN,4514024,2912016,38049,298496,51200,11,462465
2026-04-01 06:49:21.882,44428,ESTAB,bbr,240,36.362,1.104,20.048,1448,30,43440,28960,55166845,55152365,45382,NaN,38129,19174,38128,110,NaN,NaN,4531112,3346928,38119,298496,51200,10,362553
2026-04-01 06:49:22.130,44428,ESTAB,bbr,240,38.137,1.921,20.048,1448,30,43440,28960,55268205,55253725,45382,NaN,38199,19209,38198,110,NaN,NaN,4531112,3347168,38189,298496,51200,10,261193
2026-04-01 06:49:22.364,44428,ESTAB,bbr,244,40.124,1.447,20.048,1448,30,43440,28960,55365221,55349293,45382,NaN,38266,19242,38265,110,NaN,NaN,4517448,3352040,38255,298496,51200,11,164177
2026-04-01 06:49:22.605,44428,ESTAB,bbr,240,37.792,3.075,20.048,1448,30,43440,28960,55463685,55450653,45382,NaN,38334,19277,38333,110,NaN,NaN,4523424,3347584,38325,298496,51200,9,65713
2026-04-01 06:49:22.852,44428,ESTAB,bbr,236,35.163,1.841,20.048,1448,30,43440,28960,55552566,55538086,45798,NaN,38396,19308,38395,111,NaN,NaN,4523424,2507896,38386,298496,54272,10,631328
2026-04-01 06:49:23.102,44428,ESTAB,bbr,240,39.959,1.705,20.048,1448,30,43440,28960,55655374,55639446,45798,NaN,38467,19343,38466,111,NaN,NaN,4518296,3343720,38456,298496,54272,11,528520
2026-04-01 06:49:23.353,44428,ESTAB,bbr,240,37.799,3.009,20.048,1448,30,43440,28960,55759630,55743702,45798,NaN,38539,19379,38538,111,NaN,NaN,4516592,3350296,38528,298496,54272,11,424264
2026-04-01 06:49:23.606,44428,ESTAB,bbr,240,36.075,0.626,20.048,1448,30,43440,28960,55863886,55850854,45798,NaN,38611,19416,38610,111,NaN,NaN,4531968,3348536,38602,298496,54272,9,441567
2026-04-01 06:49:23.850,44428,ESTAB,bbr,240,37.148,1.877,20.048,1448,30,43440,28960,55963798,55949318,45798,NaN,38680,19450,38679,111,NaN,NaN,4531968,3341856,38670,298496,54272,10,341655
2026-04-01 06:49:24.106,44428,ESTAB,bbr,240,39.979,1.7,20.048,1448,30,43440,28960,56070950,56056470,45798,NaN,38754,19487,38753,111,NaN,NaN,4524280,3230160,38744,298496,54272,10,234503
2026-04-01 06:49:24.346,44428,ESTAB,bbr,240,39.415,1.93,20.048,1448,30,43440,28960,56170862,56154934,45798,NaN,38823,19521,38822,111,NaN,NaN,4516592,3344008,38812,298496,54272,11,134591
2026-04-01 06:49:24.567,44428,ESTAB,bbr,236,35.87,0.455,20.048,1448,30,43440,28960,56266430,56247606,45798,NaN,38889,19553,38888,111,NaN,NaN,4518296,3347976,38876,298496,54272,13,39023
2026-04-01 06:49:24.796,44428,ESTAB,bbr,232,29.058,12.818,20.048,1448,36,52128,28960,56305453,56305453,45798,NaN,38916,19573,38915,111,NaN,NaN,7393504,1853920,38916,298496,54272,NaN,NaN
2026-04-01 06:49:25.029,44428,ESTAB,bbr,232,29.058,12.818,20.048,1448,36,52128,28960,56305453,56305453,45798,NaN,38916,19573,38915,111,NaN,NaN,7393504,1853920,38916,298496,54272,NaN,NaN
2026-04-01 06:49:25.278,44428,ESTAB,bbr,232,29.058,12.818,20.048,1448,36,52128,28960,56305453,56305453,45798,NaN,38916,19573,38915,111,NaN,NaN,7393504,1853920,38916,298496,54272,NaN,NaN
2026-04-01 06:49:25.519,44428,ESTAB,bbr,232,29.058,12.818,20.048,1448,36,52128,28960,56305453,56305453,45798,NaN,38916,19573,38915,111,NaN,NaN,7393504,1853920,38916,298496,54272,NaN,NaN
2026-04-01 06:49:25.759,44428,ESTAB,bbr,232,29.058,12.818,20.048,1448,36,52128,28960,56305453,56305453,45798,NaN,38916,19573,38915,111,NaN,NaN,7393504,1853920,38916,298496,54272,NaN,NaN
2026-04-01 06:49:25.998,44428,ESTAB,bbr,232,29.058,12.818,20.048,1448,36,52128,28960,56305453,56305453,45798,NaN,38916,19573,38915,111,NaN,NaN,7393504,1853920,38916,298496,54272,NaN,NaN
2026-04-01 06:49:26.247,44428,ESTAB,bbr,232,29.058,12.818,20.048,1448,36,52128,28960,56305453,56305453,45798,NaN,38916,19573,38915,111,NaN,NaN,7393504,1853920,38916,298496,54272,NaN,NaN
2026-04-01 06:49:26.497,44428,ESTAB,bbr,232,29.058,12.818,20.048,1448,36,52128,28960,56305453,56305453,45798,NaN,38916,19573,38915,111,NaN,NaN,7393504,1853920,38916,298496,54272,NaN,NaN
2026-04-01 06:49:26.741,44428,ESTAB,bbr,232,29.058,12.818,20.048,1448,36,52128,28960,56305453,56305453,45798,NaN,38916,19573,38915,111,NaN,NaN,7393504,1853920,38916,298496,54272,NaN,NaN
2026-04-01 06:49:26.979,44428,ESTAB,bbr,232,29.058,12.818,20.048,1448,36,52128,28960,56305453,56305453,45798,NaN,38916,19573,38915,111,NaN,NaN,7393504,1853920,38916,298496,54272,NaN,NaN
2026-04-01 06:49:27.232,44428,ESTAB,bbr,232,29.058,12.818,20.048,1448,36,52128,28960,56305453,56305453,45798,NaN,38916,19573,38915,111,NaN,NaN,7393504,1853920,38916,298496,54272,NaN,NaN
2026-04-01 06:49:27.477,44428,ESTAB,bbr,232,29.058,12.818,20.048,1448,36,52128,28960,56305453,56305453,45798,NaN,38916,19573,38915,111,NaN,NaN,7393504,1853920,38916,298496,54272,NaN,NaN
2026-04-01 06:49:27.736,44428,ESTAB,bbr,232,29.058,12.818,20.048,1448,36,52128,28960,56305453,56305453,45798,NaN,38916,19573,38915,111,NaN,NaN,7393504,1853920,38916,298496,54272,NaN,NaN
2026-04-01 06:49:27.982,44428,ESTAB,bbr,232,29.058,12.818,20.048,1448,36,52128,28960,56305453,56305453,45798,NaN,38916,19573,38915,111,NaN,NaN,7393504,1853920,38916,298496,54272,NaN,NaN
2026-04-01 06:49:28.217,44428,ESTAB,bbr,232,29.058,12.818,20.048,1448,36,52128,28960,56305453,56305453,45798,NaN,38916,19573,38915,111,NaN,NaN,7393504,1853920,38916,298496,54272,NaN,NaN
2026-04-01 06:49:28.452,44428,ESTAB,bbr,232,29.058,12.818,20.048,1448,36,52128,28960,56305453,56305453,45798,NaN,38916,19573,38915,111,NaN,NaN,7393504,1853920,38916,298496,54272,NaN,NaN
2026-04-01 06:49:28.690,44428,ESTAB,bbr,232,29.058,12.818,20.048,1448,36,52128,28960,56305453,56305453,45798,NaN,38916,19573,38915,111,NaN,NaN,7393504,1853920,38916,298496,54272,NaN,NaN
2026-04-01 06:49:28.927,44428,ESTAB,bbr,232,29.058,12.818,20.048,1448,36,52128,28960,56305453,56305453,45798,NaN,38916,19573,38915,111,NaN,NaN,7393504,1853920,38916,298496,54272,NaN,NaN
2026-04-01 06:49:29.159,44428,ESTAB,bbr,232,29.058,12.818,20.048,1448,36,52128,28960,56305453,56305453,45798,NaN,38916,19573,38915,111,NaN,NaN,7393504,1853920,38916,298496,54272,NaN,NaN
2026-04-01 06:49:29.402,44428,ESTAB,bbr,232,29.058,12.818,20.048,1448,36,52128,28960,56305453,56305453,45798,NaN,38916,19573,38915,111,NaN,NaN,7393504,1853920,38916,298496,54272,NaN,NaN
2026-04-01 06:49:29.637,44428,ESTAB,bbr,232,29.058,12.818,20.048,1448,36,52128,28960,56305453,56305453,45798,NaN,38916,19573,38915,111,NaN,NaN,7393504,1853920,38916,298496,54272,NaN,NaN
2026-04-01 06:49:29.864,44428,ESTAB,bbr,232,29.058,12.818,20.048,1448,36,52128,28960,56305453,56305453,45798,NaN,38916,19573,38915,111,NaN,NaN,7393504,1853920,38916,298496,54272,NaN,NaN
2026-04-01 06:49:30.088,44428,ESTAB,bbr,232,29.058,12.818,20.048,1448,36,52128,28960,56305453,56305453,45798,NaN,38916,19573,38915,111,NaN,NaN,7393504,1853920,38916,298496,54272,NaN,NaN
2026-04-01 06:49:30.317,44428,ESTAB,bbr,232,29.058,12.818,20.048,1448,36,52128,28960,56305453,56305453,45798,NaN,38916,19573,38915,111,NaN,NaN,7393504,1853920,38916,298496,54272,NaN,NaN
2026-04-01 06:49:30.558,44428,ESTAB,bbr,232,29.058,12.818,20.048,1448,36,52128,28960,56305453,56305453,45798,NaN,38916,19573,38915,111,NaN,NaN,7393504,1853920,38916,298496,54272,NaN,NaN
2026-04-01 06:49:30.796,44428,ESTAB,bbr,232,29.058,12.818,20.048,1448,36,52128,28960,56305453,56305453,45798,NaN,38916,19573,38915,111,NaN,NaN,7393504,1853920,38916,298496,54272,NaN,NaN
2026-04-01 06:49:31.033,44428,ESTAB,bbr,232,29.058,12.818,20.048,1448,36,52128,28960,56305453,56305453,45798,NaN,38916,19573,38915,111,NaN,NaN,7393504,1853920,38916,298496,54272,NaN,NaN
2026-04-01 06:49:31.278,44428,ESTAB,bbr,232,29.058,12.818,20.048,1448,36,52128,28960,56305453,56305453,45798,NaN,38916,19573,38915,111,NaN,NaN,7393504,1853920,38916,298496,54272,NaN,NaN
2026-04-01 06:49:31.510,44428,ESTAB,bbr,232,29.058,12.818,20.048,1448,36,52128,28960,56305453,56305453,45798,NaN,38916,19573,38915,111,NaN,NaN,7393504,1853920,38916,298496,54272,NaN,NaN
2026-04-01 06:49:31.748,44428,ESTAB,bbr,232,29.058,12.818,20.048,1448,36,52128,28960,56305453,56305453,45798,NaN,38916,19573,38915,111,NaN,NaN,7393504,1853920,38916,298496,54272,NaN,NaN
2026-04-01 06:49:31.992,44428,ESTAB,bbr,232,29.058,12.818,20.048,1448,36,52128,28960,56305453,56305453,45798,NaN,38916,19573,38915,111,NaN,NaN,7393504,1853920,38916,298496,54272,NaN,NaN
2026-04-01 06:49:32.242,44428,ESTAB,bbr,232,29.058,12.818,20.048,1448,36,52128,28960,56305453,56305453,45798,NaN,38916,19573,38915,111,NaN,NaN,7393504,1853920,38916,298496,54272,NaN,NaN
2026-04-01 06:49:32.493,44428,ESTAB,bbr,232,29.058,12.818,20.048,1448,36,52128,28960,56305453,56305453,45798,NaN,38916,19573,38915,111,NaN,NaN,7393504,1853920,38916,298496,54272,NaN,NaN
2026-04-01 06:49:32.741,44428,ESTAB,bbr,232,29.058,12.818,20.048,1448,36,52128,28960,56305453,56305453,45798,NaN,38916,19573,38915,111,NaN,NaN,7393504,1853920,38916,298496,54272,NaN,NaN
2026-04-01 06:49:32.992,44428,ESTAB,bbr,232,29.058,12.818,20.048,1448,36,52128,28960,56305453,56305453,45798,NaN,38916,19573,38915,111,NaN,NaN,7393504,1853920,38916,298496,54272,NaN,NaN
2026-04-01 06:49:33.263,44428,ESTAB,bbr,232,29.058,12.818,20.048,1448,36,52128,28960,56305453,56305453,45798,NaN,38916,19573,38915,111,NaN,NaN,7393504,1853920,38916,298496,54272,NaN,NaN
2026-04-01 06:49:33.536,44428,ESTAB,bbr,232,29.058,12.818,20.048,1448,36,52128,28960,56305453,56305453,45798,NaN,38916,19573,38915,111,NaN,NaN,7393504,1853920,38916,298496,54272,NaN,NaN
2026-04-01 06:49:33.782,44428,ESTAB,bbr,232,29.058,12.818,20.048,1448,36,52128,28960,56305453,56305453,45798,NaN,38916,19573,38915,111,NaN,NaN,7393504,1853920,38916,298496,54272,NaN,NaN
2026-04-01 06:49:34.032,44428,ESTAB,bbr,232,29.058,12.818,20.048,1448,36,52128,28960,56305453,56305453,45798,NaN,38916,19573,38915,111,NaN,NaN,7393504,1853920,38916,298496,54272,NaN,NaN
2026-04-01 06:49:34.273,44428,ESTAB,bbr,232,29.058,12.818,20.048,1448,36,52128,28960,56305453,56305453,45798,NaN,38916,19573,38915,111,NaN,NaN,7393504,1853920,38916,298496,54272,NaN,NaN
2026-04-01 06:49:34.515,44428,ESTAB,bbr,232,29.058,12.818,20.048,1448,36,52128,28960,56305453,56305453,45798,NaN,38916,19573,38915,111,NaN,NaN,7393504,1853920,38916,298496,54272,NaN,NaN
2026-04-01 06:49:34.756,44428,ESTAB,bbr,232,29.058,12.818,20.048,1448,36,52128,28960,56305453,56305453,45798,NaN,38916,19573,38915,111,NaN,NaN,7393504,1853920,38916,298496,54272,NaN,NaN
2026-04-01 06:49:34.996,44428,ESTAB,bbr,232,29.058,12.818,20.048,1448,36,52128,28960,56305453,56305453,45798,NaN,38916,19573,38915,111,NaN,NaN,7393504,1853920,38916,298496,54272,NaN,NaN
2026-04-01 06:49:35.233,44428,ESTAB,bbr,232,29.058,12.818,20.048,1448,36,52128,28960,56305453,56305453,45798,NaN,38916,19573,38915,111,NaN,NaN,7393504,1853920,38916,298496,54272,NaN,NaN
2026-04-01 06:49:35.464,44428,ESTAB,bbr,232,29.058,12.818,20.048,1448,36,52128,28960,56305453,56305453,45798,NaN,38916,19573,38915,111,NaN,NaN,7393504,1853920,38916,298496,54272,NaN,NaN
2026-04-01 06:49:35.704,44428,ESTAB,bbr,232,29.058,12.818,20.048,1448,36,52128,28960,56305453,56305453,45798,NaN,38916,19573,38915,111,NaN,NaN,7393504,1853920,38916,298496,54272,NaN,NaN
2026-04-01 06:49:35.948,44428,ESTAB,bbr,232,29.058,12.818,20.048,1448,36,52128,28960,56305453,56305453,45798,NaN,38916,19573,38915,111,NaN,NaN,7393504,1853920,38916,298496,54272,NaN,NaN
2026-04-01 06:49:36.210,44428,ESTAB,bbr,232,29.058,12.818,20.048,1448,36,52128,28960,56305453,56305453,45798,NaN,38916,19573,38915,111,NaN,NaN,7393504,1853920,38916,298496,54272,NaN,NaN
2026-04-01 06:49:36.445,44428,ESTAB,bbr,232,29.058,12.818,20.048,1448,36,52128,28960,56305453,56305453,45798,NaN,38916,19573,38915,111,NaN,NaN,7393504,1853920,38916,298496,54272,NaN,NaN
2026-04-01 06:49:36.693,44428,ESTAB,bbr,232,29.058,12.818,20.048,1448,36,52128,28960,56305453,56305453,45798,NaN,38916,19573,38915,111,NaN,NaN,7393504,1853920,38916,298496,54272,NaN,NaN
2026-04-01 06:49:36.935,44428,ESTAB,bbr,232,29.058,12.818,20.048,1448,36,52128,28960,56305453,56305453,45798,NaN,38916,19573,38915,111,NaN,NaN,7393504,1853920,38916,298496,54272,NaN,NaN
2026-04-01 06:49:37.179,44428,ESTAB,bbr,232,29.058,12.818,20.048,1448,36,52128,28960,56305453,56305453,45798,NaN,38916,19573,38915,111,NaN,NaN,7393504,1853920,38916,298496,54272,NaN,NaN
2026-04-01 06:49:37.427,44428,ESTAB,bbr,232,29.058,12.818,20.048,1448,36,52128,28960,56305453,56305453,45798,NaN,38916,19573,38915,111,NaN,NaN,7393504,1853920,38916,298496,54272,NaN,NaN
2026-04-01 06:49:37.672,44428,ESTAB,bbr,232,29.058,12.818,20.048,1448,36,52128,28960,56305453,56305453,45798,NaN,38916,19573,38915,111,NaN,NaN,7393504,1853920,38916,298496,54272,NaN,NaN
2026-04-01 06:49:37.902,44428,ESTAB,bbr,232,29.058,12.818,20.048,1448,36,52128,28960,56305453,56305453,45798,NaN,38916,19573,38915,111,NaN,NaN,7393504,1853920,38916,298496,54272,NaN,NaN
2026-04-01 06:49:38.129,44428,ESTAB,bbr,232,29.058,12.818,20.048,1448,36,52128,28960,56305453,56305453,45798,NaN,38916,19573,38915,111,NaN,NaN,7393504,1853920,38916,298496,54272,NaN,NaN
2026-04-01 06:49:38.366,44428,ESTAB,bbr,232,29.058,12.818,20.048,1448,36,52128,28960,56305453,56305453,45798,NaN,38916,19573,38915,111,NaN,NaN,7393504,1853920,38916,298496,54272,NaN,NaN
2026-04-01 06:49:38.604,44428,ESTAB,bbr,232,29.058,12.818,20.048,1448,36,52128,28960,56305453,56305453,45798,NaN,38916,19573,38915,111,NaN,NaN,7393504,1853920,38916,298496,54272,NaN,NaN
2026-04-01 06:49:38.842,44428,ESTAB,bbr,232,29.058,12.818,20.048,1448,36,52128,28960,56305453,56305453,45798,NaN,38916,19573,38915,111,NaN,NaN,7393504,1853920,38916,298496,54272,NaN,NaN
2026-04-01 06:49:39.080,44428,ESTAB,bbr,232,29.058,12.818,20.048,1448,36,52128,28960,56305453,56305453,45798,NaN,38916,19573,38915,111,NaN,NaN,7393504,1853920,38916,298496,54272,NaN,NaN
2026-04-01 06:49:39.317,44428,ESTAB,bbr,232,29.058,12.818,20.048,1448,36,52128,28960,56305453,56305453,45798,NaN,38916,19573,38915,111,NaN,NaN,7393504,1853920,38916,298496,54272,NaN,NaN
2026-04-01 06:49:39.555,44428,ESTAB,bbr,232,29.058,12.818,20.048,1448,36,52128,28960,56305453,56305453,45798,NaN,38916,19573,38915,111,NaN,NaN,7393504,1853920,38916,298496,54272,NaN,NaN
2026-04-01 06:49:39.800,44428,ESTAB,bbr,232,29.058,12.818,20.048,1448,36,52128,28960,56305453,56305453,45798,NaN,38917,19574,38915,111,NaN,NaN,7393504,1853920,38916,298496,54272,NaN,NaN
2026-04-01 06:49:40.036,44428,ESTAB,bbr,232,29.058,12.818,20.048,1448,36,52128,28960,56305453,56305453,45798,NaN,38917,19574,38915,111,NaN,NaN,7393504,1853920,38916,298496,54272,NaN,NaN
2026-04-01 06:49:40.285,44428,ESTAB,bbr,232,29.058,12.818,20.048,1448,36,52128,28960,56305453,56305453,45798,NaN,38917,19574,38915,111,NaN,NaN,7393504,1853920,38916,298496,54272,NaN,NaN
2026-04-01 06:49:40.533,44428,ESTAB,bbr,232,29.058,12.818,20.048,1448,36,52128,28960,56305453,56305453,45798,NaN,38917,19574,38915,111,NaN,NaN,7393504,1853920,38916,298496,54272,NaN,NaN
2026-04-01 06:49:40.784,44428,ESTAB,bbr,232,29.058,12.818,20.048,1448,36,52128,28960,56305453,56305453,45798,NaN,38917,19574,38915,111,NaN,NaN,7393504,1853920,38916,298496,54272,NaN,NaN
2026-04-01 06:49:41.031,44428,ESTAB,bbr,232,29.058,12.818,20.048,1448,36,52128,28960,56305453,56305453,45798,NaN,38917,19574,38915,111,NaN,NaN,7393504,1853920,38916,298496,54272,NaN,NaN
2026-04-01 06:49:41.270,44428,ESTAB,bbr,232,29.058,12.818,20.048,1448,36,52128,28960,56305453,56305453,45798,NaN,38917,19574,38915,111,NaN,NaN,7393504,1853920,38916,298496,54272,NaN,NaN
2026-04-01 06:49:41.509,44428,ESTAB,bbr,232,29.058,12.818,20.048,1448,36,52128,28960,56305453,56305453,45798,NaN,38917,19574,38915,111,NaN,NaN,7393504,1853920,38916,298496,54272,NaN,NaN
2026-04-01 06:49:41.753,44428,ESTAB,bbr,232,29.058,12.818,20.048,1448,36,52128,28960,56305453,56305453,45798,NaN,38917,19574,38915,111,NaN,NaN,7393504,1853920,38916,298496,54272,NaN,NaN
2026-04-01 06:49:41.986,44428,ESTAB,bbr,232,29.058,12.818,20.048,1448,36,52128,28960,56305453,56305453,45798,NaN,38917,19574,38915,111,NaN,NaN,7393504,1853920,38916,298496,54272,NaN,NaN
2026-04-01 06:49:42.234,44428,ESTAB,bbr,232,29.058,12.818,20.048,1448,36,52128,28960,56305453,56305453,45798,NaN,38917,19574,38915,111,NaN,NaN,7393504,1853920,38916,298496,54272,NaN,NaN
2026-04-01 06:49:42.500,44428,ESTAB,bbr,232,29.058,12.818,20.048,1448,36,52128,28960,56305453,56305453,45798,NaN,38917,19574,38915,111,NaN,NaN,7393504,1853920,38916,298496,54272,NaN,NaN
2026-04-01 06:49:42.766,44428,ESTAB,bbr,232,29.058,12.818,20.048,1448,36,52128,28960,56305453,56305453,45798,NaN,38917,19574,38915,111,NaN,NaN,7393504,1853920,38916,298496,54272,NaN,NaN
2026-04-01 06:49:43.001,44428,ESTAB,bbr,232,29.058,12.818,20.048,1448,36,52128,28960,56305453,56305453,45798,NaN,38917,19574,38915,111,NaN,NaN,7393504,1853920,38916,298496,54272,NaN,NaN
2026-04-01 06:49:43.231,44428,ESTAB,bbr,232,29.058,12.818,20.048,1448,36,52128,28960,56305453,56305453,45798,NaN,38917,19574,38915,111,NaN,NaN,7393504,1853920,38916,298496,54272,NaN,NaN
2026-04-01 06:49:43.463,44428,ESTAB,bbr,232,29.058,12.818,20.048,1448,36,52128,28960,56305453,56305453,45798,NaN,38917,19574,38915,111,NaN,NaN,7393504,1853920,38916,298496,54272,NaN,NaN
2026-04-01 06:49:43.695,44428,ESTAB,bbr,232,29.058,12.818,20.048,1448,36,52128,28960,56305453,56305453,45798,NaN,38917,19574,38915,111,NaN,NaN,7393504,1853920,38916,298496,54272,NaN,NaN
2026-04-01 06:49:43.921,44428,ESTAB,bbr,232,29.058,12.818,20.048,1448,36,52128,28960,56305453,56305453,45798,NaN,38917,19574,38915,111,NaN,NaN,7393504,1853920,38916,298496,54272,NaN,NaN
2026-04-01 06:49:44.150,44428,ESTAB,bbr,232,29.058,12.818,20.048,1448,36,52128,28960,56305453,56305453,45798,NaN,38917,19574,38915,111,NaN,NaN,7393504,1853920,38916,298496,54272,NaN,NaN
