time_s,cwnd_bytes,cwnd_pkts,bytes_in_flight,srtt_ms,rtt_sample_ms,rtt_min_ms,rtt_max_ms,rtt_var_ms,pacing_rate_Bps,pkts_sent,pkts_lost,timer_losses,cc_algo
0.007,3072,2,0,21.6,20.6,20.6,22.2,5.0,890827,5,1,1,cubic
0.005,3072,2,0,23.0,27.6,20.6,27.6,5.3,890827,7,1,1,cubic
0.026,5920,4,1440,23.3,25.7,20.6,27.6,4.6,890827,10,1,1,cubic
0.006,7344,5,0,22.8,20.3,20.3,27.6,3.6,890827,14,1,1,cubic
0.010,7344,5,0,23.4,27.0,20.3,27.6,3.8,890827,15,1,1,cubic
0.030,11759,8,0,25.7,30.4,20.3,30.4,5.1,458029,21,1,1,cubic
0.052,11830,8,8640,25.0,20.3,20.3,30.4,5.1,473105,29,1,1,cubic
0.058,11851,8,8640,24.4,20.2,20.2,30.4,5.1,485736,31,1,1,cubic
0.065,11873,8,8640,23.9,20.3,20.2,30.4,4.8,497090,33,1,1,cubic
0.070,11893,8,8640,23.4,20.2,20.2,30.4,4.5,507835,35,1,1,cubic
0.076,11914,8,8640,23.0,20.2,20.2,30.4,4.2,517662,37,1,1,cubic
0.084,11934,8,10080,22.7,20.2,20.2,30.4,3.9,526492,40,1,1,cubic
0.090,11953,8,10080,22.4,20.4,20.2,30.4,3.5,533973,42,1,1,cubic
0.095,11972,8,10080,22.1,20.4,20.2,30.4,3.1,540862,44,1,1,cubic
0.100,11991,8,10080,21.9,20.5,20.2,30.4,2.7,546710,46,1,1,cubic
0.105,12007,8,10080,21.8,20.5,20.2,30.4,2.4,551868,48,1,1,cubic
0.111,12026,8,10080,21.6,20.5,20.2,30.4,2.1,556630,50,1,1,cubic
0.116,12321,8,10080,21.5,20.5,20.2,30.4,1.9,574057,52,1,1,cubic
0.120,12654,8,10080,21.3,20.3,20.2,30.4,1.7,593443,54,1,1,cubic
0.126,12978,9,10080,21.2,20.4,20.2,30.4,1.5,611823,56,1,1,cubic
0.132,13294,9,11520,21.1,20.4,20.2,30.4,1.3,629868,59,1,1,cubic
0.137,13603,9,11520,21.0,20.4,20.2,30.4,1.2,647176,61,1,1,cubic
0.141,13904,9,11520,20.9,20.4,20.2,30.4,1.0,663992,63,1,1,cubic
0.146,14199,9,11520,20.9,20.4,20.2,30.4,0.9,680289,65,1,1,cubic
0.150,14488,10,11520,20.8,20.4,20.2,30.4,0.8,696170,67,1,1,cubic
0.156,14771,10,12960,20.8,20.4,20.2,30.4,0.7,711649,70,1,1,cubic
0.160,15049,10,12960,20.7,20.3,20.2,30.4,0.6,726969,72,1,1,cubic
0.164,15321,10,12960,20.7,20.4,20.2,30.4,0.6,741685,74,1,1,cubic
0.168,15589,10,12960,20.6,20.3,20.2,30.4,0.5,756123,76,1,1,cubic
0.172,15852,11,12960,20.6,20.4,20.2,30.4,0.4,770075,78,1,1,cubic
0.177,16111,11,14400,20.6,20.4,20.2,30.4,0.4,783647,81,1,1,cubic
0.180,16365,11,14400,20.5,20.3,20.2,30.4,0.4,797359,83,1,1,cubic
0.184,16616,11,14400,20.5,20.2,20.2,30.4,0.3,811050,85,1,1,cubic
0.188,16862,11,14400,20.5,20.3,20.2,30.4,0.3,824104,87,1,1,cubic
0.192,17106,11,14400,20.4,20.2,20.2,30.4,0.3,837339,89,1,1,cubic
0.196,17345,12,14400,20.4,20.2,20.2,30.4,0.3,850203,91,1,1,cubic
0.199,17582,12,15840,20.4,20.2,20.2,30.4,0.3,863047,94,1,1,cubic
0.203,17815,12,15840,20.3,20.2,20.2,30.4,0.2,875516,96,1,1,cubic
0.206,18045,12,15840,20.3,20.2,20.2,30.4,0.2,887866,98,1,1,cubic
0.210,18273,12,15840,20.3,20.1,20.1,30.4,0.2,900059,100,1,1,cubic
0.213,18497,12,15840,20.3,20.1,20.1,30.4,0.2,912080,102,1,1,cubic
0.216,18719,12,15840,20.3,20.1,20.1,30.4,0.2,924166,104,1,1,cubic
0.220,18938,13,15840,20.2,20.1,20.1,30.4,0.2,935671,106,1,1,cubic
0.223,19154,13,17280,20.2,20.1,20.1,30.4,0.2,947233,109,1,1,cubic
0.227,19368,13,17280,20.2,20.2,20.1,30.4,0.1,958195,111,1,1,cubic
0.230,19580,13,17280,20.2,20.1,20.1,30.4,0.1,969450,113,1,1,cubic
0.233,19790,13,17280,20.2,20.1,20.1,30.4,0.1,980188,115,1,1,cubic
0.237,19997,13,17280,20.2,20.1,20.1,30.4,0.1,990980,117,1,1,cubic
0.243,20405,14,18720,20.3,21.1,20.1,30.4,0.3,1005618,123,1,1,cubic
0.246,20606,14,18720,20.4,21.6,20.1,30.4,0.5,1007628,125,1,1,cubic
0.250,20805,14,18720,20.6,21.9,20.1,30.4,0.8,1008727,127,1,1,cubic
0.253,21002,14,18720,20.8,22.1,20.1,30.4,0.9,1009274,129,1,1,cubic
0.257,21197,14,18720,21.0,22.3,20.1,30.4,1.1,1009813,131,1,1,cubic
0.260,21391,14,18720,21.3,23.3,20.1,30.4,1.4,1005357,133,1,1,cubic
0.262,21583,14,18720,21.3,21.8,20.1,30.4,1.2,1011292,135,1,1,cubic
0.265,21678,15,20160,21.7,24.0,20.1,30.4,1.5,1000323,137,1,1,cubic
0.268,21867,15,20160,22.0,24.2,20.1,30.4,1.8,994496,139,1,1,cubic
0.274,22242,15,17280,22.2,23.7,20.1,30.4,1.8,1001576,141,1,1,cubic
0.280,22611,15,17280,22.4,23.7,20.1,30.4,1.7,1009645,145,1,1,cubic
0.005,22611,15,0,23.8,23.7,20.1,30.4,2.2,951721,148,1,1,cubic
0.005,22611,15,0,24.1,26.1,20.1,30.4,2.3,939970,149,1,1,cubic
0.029,22973,15,17280,24.0,23.4,20.1,30.4,1.9,958206,165,1,1,cubic
0.034,23152,16,20160,23.9,23.4,20.1,30.4,1.5,968419,169,1,1,cubic
0.039,23506,16,18720,24.5,28.6,20.1,30.4,2.3,959859,172,1,1,cubic
0.046,23855,16,18720,25.1,29.5,20.1,30.4,3.0,949906,176,1,1,cubic
0.051,24199,16,18720,24.7,21.9,20.1,30.4,3.0,979280,180,1,1,cubic
0.056,24368,16,21600,25.0,26.8,20.1,30.4,2.8,975617,184,1,1,cubic
0.063,24705,17,18720,24.8,23.6,20.1,30.4,2.4,995807,186,1,1,cubic
0.068,24954,17,21600,25.3,28.4,20.1,30.4,2.7,988120,191,1,1,cubic
0.070,25283,17,20160,25.0,23.6,20.1,30.4,2.5,1009583,194,1,1,cubic
0.081,25607,17,20160,25.6,29.3,20.1,30.4,2.9,1001212,198,1,1,cubic
0.086,26007,18,18720,25.3,23.7,20.1,30.4,2.7,1026403,202,1,1,cubic
0.092,26086,18,25920,25.1,23.7,20.1,30.4,2.4,1037794,208,1,1,cubic
0.098,26401,18,21600,25.8,30.2,20.1,30.4,3.1,1024684,209,1,1,cubic
0.105,26711,18,21600,26.4,31.2,20.1,31.2,3.7,1009944,213,1,1,cubic
0.112,27018,18,21600,26.3,25.3,20.1,31.2,3.0,1027144,217,1,1,cubic
0.119,27322,18,21600,26.4,27.2,20.1,31.2,2.5,1034532,221,1,1,cubic
0.005,27322,18,0,26.7,27.1,20.1,31.2,1.0,1022721,225,1,1,cubic
0.008,27322,18,0,26.7,26.5,20.1,31.2,0.8,1023947,226,1,1,cubic
0.034,27697,19,20160,26.5,25.1,20.1,31.2,1.0,1045603,245,1,1,cubic
0.039,27919,19,24480,26.3,25.2,20.1,31.2,1.0,1060429,251,1,1,cubic
0.045,28213,19,23040,27.1,32.4,20.1,32.4,2.3,1041569,254,1,1,cubic
0.052,28504,19,23040,27.9,33.5,20.1,33.5,3.3,1022125,258,1,1,cubic
0.059,28720,19,24480,28.7,34.4,20.1,34.4,4.1,1000801,262,1,1,cubic
0.064,29005,20,23040,28.3,25.3,20.1,34.4,3.9,1026108,265,1,1,cubic
0.071,29288,20,24480,28.5,30.3,20.1,34.4,3.5,1026964,270,1,1,cubic
0.074,29638,20,23040,28.5,28.6,20.1,34.4,2.6,1038654,274,1,1,cubic
0.086,29915,20,24480,28.6,28.7,20.1,34.4,2.0,1047554,279,1,1,cubic
0.093,30189,20,24480,28.6,28.8,20.1,34.4,1.6,1056002,283,1,1,cubic
0.098,30461,21,24480,28.6,28.9,20.1,34.4,1.3,1064176,287,1,1,cubic
0.106,30730,21,25920,28.9,30.5,20.1,34.4,1.4,1064648,292,1,1,cubic
0.113,30997,21,25920,30.0,37.8,20.1,37.8,3.3,1033888,296,1,1,cubic
0.116,31328,21,24480,30.0,30.5,20.1,37.8,2.6,1042633,300,1,1,cubic
0.128,31589,21,25920,30.1,30.4,20.1,37.8,2.0,1049677,305,1,1,cubic
0.135,31914,22,24480,30.3,32.0,20.1,37.8,2.0,1051948,309,1,1,cubic
0.144,32171,22,27360,30.6,32.1,20.1,37.8,2.0,1052681,315,1,1,cubic
0.151,32426,22,27360,30.8,32.2,20.1,37.8,1.9,1053887,319,1,1,cubic
0.157,32679,22,27360,32.0,40.4,20.1,40.4,3.8,1022272,323,1,1,cubic
0.164,32993,22,25920,32.0,32.4,20.1,40.4,3.0,1030194,327,1,1,cubic
0.174,28868,20,25920,32.1,32.5,20.1,40.4,2.4,899650,332,1,1,cubic
0.183,28922,20,23040,32.3,34.0,20.1,40.4,2.3,894559,335,1,1,cubic
0.191,28977,20,24480,32.5,33.8,20.1,40.4,2.1,891188,341,1,1,cubic
0.198,29019,20,24480,32.7,33.8,20.1,40.4,1.9,888191,345,1,1,cubic
0.205,29062,20,23040,32.8,33.9,20.1,40.4,1.7,885334,349,1,1,cubic
0.212,29105,20,23040,32.3,28.8,20.1,40.4,2.3,900442,354,1,1,cubic
0.219,29147,20,25920,31.9,29.1,20.1,40.4,2.5,913040,359,1,1,cubic
0.227,29198,20,23040,31.5,28.7,20.1,40.4,2.7,926450,362,1,1,cubic
0.234,29239,20,24480,31.2,28.6,20.1,40.4,2.7,938561,367,1,1,cubic
0.240,29279,20,24480,30.9,28.9,20.1,40.4,2.6,948522,371,1,1,cubic
0.248,29328,20,24480,30.8,30.1,20.1,40.4,2.2,953136,375,1,1,cubic
0.255,29367,20,24480,30.9,31.6,20.1,40.4,1.8,951096,379,1,1,cubic
0.262,29407,20,23040,30.6,28.5,20.1,40.4,2.0,961673,383,1,1,cubic
0.270,29456,20,24480,30.5,30.2,20.1,40.4,1.6,964821,388,1,1,cubic
0.277,29495,20,24480,30.5,30.3,20.1,40.4,1.2,967017,392,1,1,cubic
0.284,29534,20,24480,30.3,28.8,20.1,40.4,1.3,974944,396,1,1,cubic
0.291,29573,20,24480,30.1,28.9,20.1,40.4,1.4,981937,400,1,1,cubic
0.298,29611,20,23040,30.0,28.9,20.1,40.4,1.3,988318,404,1,1,cubic
0.306,29659,20,24480,29.8,28.9,20.1,40.4,1.3,994167,409,1,1,cubic
0.313,29696,20,24480,29.7,28.9,20.1,40.4,1.2,999192,413,1,1,cubic
0.320,29733,20,24480,29.6,28.9,20.1,40.4,1.1,1003713,417,1,1,cubic
0.325,29762,20,24480,29.5,28.9,20.1,40.4,1.0,1007617,421,1,1,cubic
0.332,29799,20,23040,29.5,29.0,20.1,40.4,0.9,1011232,425,1,1,cubic
0.340,29845,20,24480,29.4,28.9,20.1,40.4,0.8,1015032,430,1,1,cubic
0.347,29881,20,24480,29.4,29.0,20.1,40.4,0.7,1017883,434,1,1,cubic
0.354,29917,20,24480,29.3,29.0,20.1,40.4,0.6,1020570,438,1,1,cubic
0.361,29953,20,24480,29.5,30.5,20.1,40.4,0.7,1016631,442,1,1,cubic
0.367,29988,20,23040,29.6,30.5,20.1,40.4,0.8,1013484,446,1,1,cubic
0.376,30032,20,24480,29.7,30.4,20.1,40.4,0.8,1011314,451,1,1,cubic
0.382,30067,20,24480,29.8,30.5,20.1,40.4,0.8,1009298,455,1,1,cubic
0.389,30101,20,24480,29.9,30.3,20.1,40.4,0.7,1008341,459,1,1,cubic
0.396,30135,20,24480,29.9,30.3,20.1,40.4,0.7,1007691,463,1,1,cubic
0.403,30168,20,23040,30.0,30.3,20.1,40.4,0.6,1007110,467,1,1,cubic
0.411,30211,20,24480,30.0,30.3,20.1,40.4,0.5,1007033,472,1,1,cubic
0.418,30244,21,24480,30.0,30.4,20.1,40.4,0.5,1006489,476,1,1,cubic
0.425,30277,21,25920,30.1,30.4,20.1,40.4,0.5,1006080,481,1,1,cubic
0.431,30356,21,25920,30.1,30.4,20.1,40.4,0.4,1007333,485,1,1,cubic
0.438,30694,21,24480,30.2,30.5,20.1,40.4,0.4,1016963,489,1,1,cubic
0.453,23537,16,18720,30.2,30.4,20.1,40.4,0.3,778339,494,1,1,cubic
0.462,23584,16,18720,30.5,32.2,20.1,40.4,0.7,773600,498,1,1,cubic
0.470,23629,16,18720,30.7,32.2,20.1,40.4,1.0,769749,502,1,1,cubic
0.477,23667,16,17280,30.9,32.3,20.1,40.4,1.1,765897,506,1,1,cubic
0.485,23712,16,18720,30.2,25.3,20.1,40.4,2.3,785087,511,1,1,cubic
0.492,23748,16,18720,29.4,23.7,20.1,40.4,3.3,807974,515,1,1,cubic
0.499,23784,16,18720,28.5,22.2,20.1,40.4,4.3,834789,519,1,1,cubic
0.506,23819,16,18720,28.3,26.6,20.1,40.4,3.7,843031,523,1,1,cubic
0.513,23855,16,18720,27.5,22.1,20.1,40.4,4.3,867770,527,1,1,cubic
0.518,23882,16,18720,26.8,22.1,20.1,40.4,4.6,890620,531,1,1,cubic
0.525,23917,16,18720,26.6,25.5,20.1,40.4,3.8,897448,535,1,1,cubic
0.531,23952,16,18720,26.5,25.4,20.1,40.4,3.1,904087,539,1,1,cubic
0.538,23985,16,20160,25.9,22.0,20.1,40.4,3.5,924776,543,1,1,cubic
0.543,24011,16,18720,25.7,23.7,20.1,40.4,3.2,935918,546,1,1,cubic
0.550,24045,16,18720,25.4,23.6,20.1,40.4,2.9,946839,550,1,1,cubic
0.557,24078,16,18720,25.2,23.6,20.1,40.4,2.6,956539,554,1,1,cubic
0.564,24112,16,18720,25.0,23.8,20.1,40.4,2.3,964595,558,1,1,cubic
0.570,24145,16,18720,24.8,23.7,20.1,40.4,2.1,972373,562,1,1,cubic
0.577,24178,16,18720,24.7,23.8,20.1,40.4,1.8,978866,566,1,1,cubic
0.584,24335,16,17280,24.6,23.9,20.1,40.4,1.6,989388,570,1,1,cubic
0.592,24672,17,18720,24.5,23.8,20.1,40.4,1.4,1007390,575,1,1,cubic
0.599,25004,17,20160,24.4,23.8,20.1,40.4,1.2,1024586,580,1,1,cubic
0.606,25332,17,20160,24.3,23.7,20.1,40.4,1.1,1041611,584,1,1,cubic
0.613,25656,17,20160,24.2,23.6,20.1,40.4,1.0,1059114,588,1,1,cubic
0.619,26056,18,18720,24.1,23.6,20.1,40.4,0.9,1079057,592,1,1,cubic
0.628,26449,18,20160,24.3,25.2,20.1,40.4,0.9,1089153,598,1,1,cubic
0.636,26759,18,21600,24.4,25.2,20.1,40.4,0.9,1096635,603,1,1,cubic
0.643,27066,18,21600,24.5,25.4,20.1,40.4,1.0,1103743,607,1,1,cubic
0.650,27369,19,21600,24.6,25.3,20.1,40.4,0.9,1111702,611,1,1,cubic
0.655,27819,19,20160,24.9,27.0,20.1,40.4,1.3,1116332,616,1,1,cubic
0.667,28187,19,21600,25.2,27.1,20.1,40.4,1.5,1118709,622,1,1,cubic
0.675,28478,19,23040,25.4,27.2,20.1,40.4,1.6,1119286,627,1,1,cubic
0.682,28766,19,23040,25.7,27.3,20.1,40.4,1.7,1120564,631,1,1,cubic
0.689,29051,20,23040,26.3,30.5,20.1,40.4,2.5,1105862,635,1,1,cubic
0.696,29334,20,24480,26.6,28.8,20.1,40.4,2.5,1103362,640,1,1,cubic
0.701,29543,20,25920,26.9,28.8,20.1,40.4,2.4,1099560,644,1,1,cubic
0.708,29890,20,23040,27.1,28.8,20.1,40.4,2.3,1102504,647,1,1,cubic
0.716,30165,20,24480,27.3,28.8,20.1,40.4,2.2,1104014,652,1,1,cubic
0.723,30505,21,23040,27.5,28.7,20.1,40.4,2.0,1109272,656,1,1,cubic
0.731,30773,21,25920,27.9,30.5,20.1,40.4,2.2,1103924,662,1,1,cubic
0.738,31040,21,25920,28.2,30.4,20.1,40.4,2.3,1101099,666,1,1,cubic
0.743,31304,21,25920,28.5,30.5,20.1,40.4,2.3,1099195,670,1,1,cubic
0.752,31566,21,25920,28.7,30.4,20.1,40.4,2.2,1099209,674,1,1,cubic
0.758,31891,22,24480,28.9,30.5,20.1,40.4,2.1,1102083,678,1,1,cubic
0.767,32213,22,25920,29.3,32.1,20.1,40.4,2.4,1098257,684,1,1,cubic
0.775,32467,22,27360,29.7,32.1,20.1,40.4,2.5,1093864,689,1,1,cubic
0.782,32720,22,27360,30.2,33.8,20.1,40.4,2.9,1083802,693,1,1,cubic
0.789,32971,22,27360,30.5,32.3,20.1,40.4,2.7,1082684,697,1,1,cubic
0.796,33281,23,25920,30.7,32.2,20.1,40.4,2.4,1085273,701,1,1,cubic
0.801,33651,23,25920,31.1,33.8,20.1,40.4,2.6,1083384,707,1,1,cubic
0.814,29444,20,28800,31.4,33.8,20.1,40.4,2.7,937498,713,1,1,cubic
0.822,29498,20,24480,31.7,33.8,20.1,40.4,2.6,930301,714,1,1,cubic
0.829,29541,20,24480,31.9,33.6,20.1,40.4,2.4,924774,718,1,1,cubic
0.836,29584,20,23040,32.2,33.7,20.1,40.4,2.3,919728,722,1,1,cubic
0.844,29638,20,24480,33.0,38.9,20.1,40.4,3.4,897985,727,1,1,cubic
0.851,29680,20,24480,33.3,35.4,20.1,40.4,3.1,891050,731,1,1,cubic
0.858,29723,20,24480,32.8,28.9,20.1,40.4,3.5,907350,735,1,1,cubic
0.865,29766,20,24480,32.3,29.0,20.1,40.4,3.5,921804,739,1,1,cubic
0.872,29807,20,23040,31.9,29.0,20.1,40.4,3.5,934857,743,1,1,cubic
0.880,29858,20,24480,31.5,29.0,20.1,40.4,3.3,947271,748,1,1,cubic
0.887,29899,20,24480,31.2,28.9,20.1,40.4,3.1,958362,752,1,1,cubic
0.894,29940,20,24480,30.9,29.0,20.1,40.4,2.9,968273,756,1,1,cubic
0.900,29980,20,24480,30.7,28.8,20.1,40.4,2.7,978012,760,1,1,cubic
0.907,30020,20,23040,30.4,28.8,20.1,40.4,2.5,986721,764,1,1,cubic
0.916,30071,20,24480,30.2,29.0,20.1,40.4,2.2,994345,769,1,1,cubic
0.929,23060,16,18720,29.9,28.9,20.1,40.4,1.8,770412,773,1,1,cubic
0.936,23097,16,18720,29.8,28.9,20.1,40.4,1.6,774963,777,1,1,cubic
0.943,23133,16,17280,29.7,28.9,20.1,40.4,1.4,779282,781,1,1,cubic
0.951,23179,16,18720,29.6,28.8,20.1,40.4,1.3,783709,786,1,1,cubic
0.956,23207,16,18720,28.6,22.2,20.1,40.4,2.8,810045,790,1,1,cubic
0.963,23243,16,18720,28.3,26.1,20.1,40.4,2.8,820379,794,1,1,cubic
0.970,23279,16,18720,28.0,26.0,20.1,40.4,2.7,830354,798,1,1,cubic
0.977,23314,16,20160,27.3,22.2,20.1,40.4,3.4,853711,802,1,1,cubic
0.982,23340,16,18720,27.0,25.1,20.1,40.4,3.1,863485,805,1,1,cubic
0.989,23375,16,18720,26.8,24.8,20.1,40.4,2.9,873701,809,1,1,cubic
0.995,23410,16,18720,26.4,24.2,20.1,40.4,2.8,885769,813,1,1,cubic
1.002,23443,16,20160,26.1,23.7,20.1,40.4,2.8,898819,817,1,1,cubic
1.008,23470,16,18720,25.9,24.3,20.1,40.4,2.6,907579,820,1,1,cubic
1.014,23504,16,18720,25.7,24.5,20.1,40.4,2.3,915122,824,1,1,cubic
1.021,23538,16,18720,25.6,25.1,20.1,40.4,1.8,918914,828,1,1,cubic
1.028,23571,16,18720,25.6,25.5,20.1,40.4,1.4,920562,832,1,1,cubic
1.035,23604,16,18720,25.6,25.5,20.1,40.4,1.1,922211,836,1,1,cubic
1.042,23637,16,18720,25.7,26.3,20.1,40.4,1.0,920264,840,1,1,cubic
1.048,23669,16,18720,25.4,23.6,20.1,40.4,1.2,930860,844,1,1,cubic
1.055,23881,16,18720,25.2,23.6,20.1,40.4,1.4,947959,848,1,1,cubic
1.062,24224,16,18720,25.0,23.6,20.1,40.4,1.4,969076,852,1,1,cubic
1.069,24647,17,17280,24.8,23.5,20.1,40.4,1.5,993590,856,1,1,cubic
1.077,24980,17,20160,24.7,23.6,20.1,40.4,1.4,1013181,862,1,1,cubic
1.084,25309,17,20160,24.5,23.4,20.1,40.4,1.4,1032978,866,1,1,cubic
1.090,25633,17,20160,24.4,23.3,20.1,40.4,1.3,1052473,870,1,1,cubic
1.097,25953,18,20160,24.3,23.6,20.1,40.4,1.2,1069829,874,1,1,cubic
1.102,26427,18,18720,24.4,25.0,20.1,40.4,1.1,1085208,879,1,1,cubic
1.114,26737,18,21600,24.5,25.4,20.1,40.4,1.1,1092242,885,1,1,cubic
1.121,27044,18,21600,24.6,25.3,20.1,40.4,1.0,1100109,889,1,1,cubic
1.128,27347,18,21600,24.7,25.2,20.1,40.4,0.9,1108737,893,1,1,cubic
1.134,27647,19,21600,25.2,28.6,20.1,40.4,1.7,1099065,897,1,1,cubic
1.141,27944,19,23040,25.4,26.9,20.1,40.4,1.7,1101458,902,1,1,cubic
1.146,28164,19,24480,25.6,27.0,20.1,40.4,1.7,1101576,906,1,1,cubic
1.153,28455,19,23040,25.7,26.9,20.1,40.4,1.6,1105692,909,1,1,cubic
1.160,28743,19,23040,25.9,27.0,20.1,40.4,1.5,1109896,913,1,1,cubic
1.167,29029,20,23040,26.0,27.1,20.1,40.4,1.4,1114699,917,1,1,cubic
1.173,29382,20,23040,26.4,28.8,20.1,40.4,1.8,1113545,922,1,1,cubic
1.182,29661,20,24480,26.7,28.9,20.1,40.4,2.0,1110732,927,1,1,cubic
1.187,29868,20,25920,27.0,29.0,20.1,40.4,2.0,1106714,931,1,1,cubic
1.194,30143,20,24480,27.2,28.8,20.1,40.4,2.0,1107465,934,1,1,cubic
1.201,30483,21,23040,27.4,28.9,20.1,40.4,1.9,1111220,938,1,1,cubic
1.209,30819,21,24480,27.8,30.5,20.1,40.4,2.2,1108238,944,1,1,cubic
1.217,31086,21,25920,28.1,30.4,20.1,40.4,2.3,1105122,949,1,1,cubic
1.224,31349,21,25920,28.4,30.4,20.1,40.4,2.3,1103566,953,1,1,cubic
1.229,31546,21,27360,28.7,30.4,20.1,40.4,2.2,1100774,957,1,1,cubic
1.236,31871,22,24480,28.9,30.5,20.1,40.4,2.1,1103337,960,1,1,cubic
1.241,32257,22,24480,29.3,32.2,20.1,40.4,2.4,1100771,966,1,1,cubic
1.255,32511,22,27360,29.7,32.1,20.1,40.4,2.5,1096418,972,1,1,cubic
1.261,32763,22,27360,30.0,32.2,20.1,40.4,2.5,1093302,976,1,1,cubic
1.268,28667,19,27360,30.2,32.0,20.1,40.4,2.4,948735,980,1,1,cubic
1.273,28700,19,23040,30.4,32.0,20.1,40.4,2.2,942714,981,1,1,cubic
1.282,28754,19,23040,31.3,37.2,20.1,40.4,3.4,919069,985,1,1,cubic
1.289,28795,19,23040,31.6,33.8,20.1,40.4,3.2,911263,989,1,1,cubic
1.294,28828,20,24480,31.9,33.9,20.1,40.4,2.9,903954,993,1,1,cubic
1.300,28869,20,24480,32.1,33.9,20.1,40.4,2.7,898198,997,1,1,cubic
1.309,28920,20,23040,31.9,30.4,20.1,40.4,2.5,905929,1001,1,1,cubic
1.317,28973,20,24480,31.5,28.8,20.1,40.4,2.6,918873,1006,1,1,cubic
1.324,29013,20,24480,31.2,28.8,20.1,40.4,2.7,930291,1010,1,1,cubic
1.331,29054,20,24480,31.1,30.4,20.1,40.4,2.2,934452,1014,1,1,cubic
1.338,29094,20,24480,31.0,30.5,20.1,40.4,1.8,938122,1018,1,1,cubic
1.344,29134,20,23040,30.8,29.0,20.1,40.4,1.9,947231,1022,1,1,cubic
1.353,29185,20,23040,30.5,28.9,20.1,40.4,1.9,956070,1027,1,1,cubic
1.360,29224,20,25920,30.3,29.1,20.1,40.4,1.8,963153,1032,1,1,cubic
1.366,29262,20,24480,30.2,28.9,20.1,40.4,1.7,970193,1035,1,1,cubic
1.380,22439,15,17280,29.9,29.1,20.1,40.4,1.4,750066,1039,1,1,cubic
1.388,22485,15,15840,29.8,28.9,20.1,40.4,1.3,754834,1043,1,1,cubic
1.395,22522,15,14400,29.7,28.9,20.1,40.4,1.2,759057,1048,1,1,cubic
1.402,22557,15,20160,29.6,28.9,20.1,40.4,1.1,762833,1053,1,1,cubic
1.407,22584,15,17280,29.2,26.9,20.1,40.4,1.5,772498,1055,1,1,cubic
1.414,22619,15,17280,28.7,25.1,20.1,40.4,2.2,787706,1059,1,1,cubic
1.421,22654,15,18720,27.9,21.9,20.1,40.4,3.3,813078,1063,1,1,cubic
1.426,22679,15,17280,27.3,23.6,20.1,40.4,3.5,829668,1066,1,1,cubic
1.433,22714,15,18720,26.8,23.1,20.1,40.4,3.7,847284,1070,1,1,cubic
1.438,22740,15,17280,26.3,22.6,20.1,40.4,3.8,865362,1073,1,1,cubic
1.444,22773,15,17280,25.8,22.1,20.1,40.4,3.9,884250,1077,1,1,cubic
1.451,22807,15,17280,25.3,21.9,20.1,40.4,3.9,902425,1081,1,1,cubic
1.458,22841,15,17280,24.8,21.8,20.1,40.4,3.8,919487,1085,1,1,cubic
1.465,22874,15,17280,24.4,21.5,20.1,40.4,3.7,936729,1089,1,1,cubic
1.472,22908,15,17280,24.1,22.0,20.1,40.4,3.4,949711,1093,1,1,cubic
1.478,22940,15,17280,23.9,22.7,20.1,40.4,2.9,957988,1097,1,1,cubic
1.485,22973,15,17280,23.8,22.8,20.1,40.4,2.5,965373,1101,1,1,cubic
1.499,23284,16,17280,23.9,24.8,20.1,40.4,1.6,973492,1109,1,1,cubic
1.506,23636,16,18720,24.1,25.7,20.1,40.4,1.7,979324,1114,1,1,cubic
1.512,23983,16,18720,24.4,25.9,20.1,40.4,1.7,984645,1118,1,1,cubic
0.007,23983,16,55,23.7,23.7,20.1,40.4,1.2,1010193,1123,1,1,cubic
0.032,24413,16,17280,23.9,25.1,20.1,40.4,1.2,1020781,1140,1,1,cubic
0.038,24665,17,20160,24.1,25.3,20.1,40.4,1.3,1023911,1145,1,1,cubic
0.044,24998,17,20160,25.0,31.5,20.1,40.4,2.8,999360,1149,1,1,cubic
0.051,25326,17,20160,25.9,32.5,20.1,40.4,4.0,976066,1154,1,1,cubic
0.058,25730,17,18720,25.4,21.9,20.1,40.4,4.0,1011200,1158,1,1,cubic
0.066,26049,18,20160,25.8,28.5,20.1,40.4,3.7,1008673,1163,1,1,cubic
0.073,26364,18,21600,25.8,25.4,20.1,40.4,2.9,1023089,1168,1,1,cubic
0.080,26753,18,20160,25.7,25.4,20.1,40.4,2.3,1039920,1172,1,1,cubic
0.088,27060,18,21600,25.7,25.5,20.1,40.4,1.8,1053205,1177,1,1,cubic
0.095,27438,19,20160,25.7,25.4,20.1,40.4,1.4,1069499,1181,1,1,cubic
0.103,27812,19,21600,25.8,27.1,20.1,40.4,1.4,1076565,1187,1,1,cubic
0.112,28107,19,23040,26.0,27.1,20.1,40.4,1.4,1081412,1192,1,1,cubic
0.119,28472,19,21600,26.1,27.3,20.1,40.4,1.3,1088837,1196,1,1,cubic
0.127,28760,19,23040,26.3,27.4,20.1,40.4,1.3,1093411,1201,1,1,cubic
0.132,29188,20,20160,26.6,28.8,20.1,40.4,1.6,1096716,1205,1,1,cubic
0.144,29539,20,23040,26.9,28.8,20.1,40.4,1.7,1098757,1212,1,1,cubic
0.153,29817,20,24480,27.1,28.6,20.1,40.4,1.7,1100177,1217,1,1,cubic
0.159,30160,20,23040,27.3,28.6,20.1,40.4,1.7,1105369,1221,1,1,cubic
0.168,30432,21,24480,27.7,30.4,20.1,40.4,2.0,1099819,1226,1,1,cubic
0.175,30702,21,25920,28.0,30.3,20.1,40.4,2.2,1096578,1231,1,1,cubic
0.180,30969,21,25920,28.3,30.4,20.1,40.4,2.2,1094620,1235,1,1,cubic
0.188,31234,21,25920,28.5,30.3,20.1,40.4,2.2,1094087,1239,1,1,cubic
0.195,31562,21,24480,28.8,30.3,20.1,40.4,2.1,1096969,1243,1,1,cubic
0.203,31887,22,24480,29.0,30.4,20.1,40.4,2.0,1100348,1248,1,1,cubic
0.212,32144,22,27360,29.4,32.1,20.1,40.4,2.3,1094487,1254,1,1,cubic
0.219,32399,22,27360,29.9,33.8,20.1,40.4,2.8,1082673,1258,1,1,cubic
0.225,32653,22,27360,30.2,32.1,20.1,40.4,2.7,1081260,1262,1,1,cubic
0.232,32967,22,25920,30.5,32.3,20.1,40.4,2.5,1082375,1266,1,1,cubic
0.241,33278,23,25920,30.7,32.2,20.1,40.4,2.3,1084998,1271,1,1,cubic
0.249,33586,23,27360,31.1,33.9,20.1,40.4,2.5,1080908,1277,1,1,cubic
0.258,33830,23,28800,31.4,33.7,20.1,40.4,2.6,1077217,1282,1,1,cubic
0.266,29601,20,28800,31.7,33.8,20.1,40.4,2.5,933638,1286,1,1,cubic
0.273,29650,20,23040,32.1,34.6,20.1,40.4,2.6,924770,1287,1,1,cubic
0.281,29700,20,23040,32.3,33.8,20.1,40.4,2.4,920102,1292,1,1,cubic
0.285,29722,20,21600,32.7,35.4,20.1,40.4,2.6,909652,1297,1,1,cubic
0.300,29817,20,24480,33.0,35.4,20.1,40.4,2.6,903189,1303,1,1,cubic
0.302,29830,20,21600,32.4,28.1,20.1,40.4,3.2,920764,1307,1,1,cubic
0.317,29923,20,23040,31.9,28.7,20.1,40.4,3.3,936938,1313,1,1,cubic
0.325,29976,20,24480,32.4,35.6,20.1,40.4,3.4,925499,1318,1,1,cubic
0.329,29998,20,21600,32.0,29.0,20.1,40.4,3.4,938287,1322,1,1,cubic
0.342,30079,20,24480,32.5,36.6,20.1,40.4,3.7,924227,1328,1,1,cubic
0.346,30101,20,21600,32.1,29.0,20.1,40.4,3.6,937667,1332,1,1,cubic
0.352,30140,20,28800,31.7,29.0,20.1,40.4,3.5,950308,1338,1,1,cubic
0.361,30190,20,24480,31.4,29.0,20.1,40.4,3.3,962261,1339,1,1,cubic
0.367,30230,20,24480,32.0,36.0,20.1,40.4,3.6,946017,1343,1,1,cubic
0.371,30251,21,21600,31.6,28.9,20.1,40.4,3.5,957977,1347,1,1,cubic
0.384,30328,21,25920,32.2,36.4,20.1,40.4,3.8,942565,1354,1,1,cubic
0.390,30359,21,23040,31.8,28.9,20.1,40.4,3.7,955526,1358,1,1,cubic
0.396,30397,21,28800,31.4,28.9,20.1,40.4,3.5,967533,1364,1,1,cubic
0.403,30435,21,27360,31.1,29.0,20.1,40.4,3.2,978177,1366,1,1,cubic
0.410,30472,21,25920,31.8,36.8,20.1,40.4,3.8,957606,1369,1,1,cubic
0.416,23330,16,23040,31.7,31.1,20.1,40.4,3.0,735173,1373,1,1,cubic
0.422,23366,16,17280,31.8,32.4,20.1,40.4,2.4,734525,1374,1,1,cubic
0.436,23440,16,18720,32.3,35.8,20.1,40.4,2.8,725449,1379,1,1,cubic
0.441,23468,16,15840,32.1,30.7,20.1,40.4,2.5,730794,1383,1,1,cubic
0.448,23504,16,20160,32.0,31.6,20.1,40.4,2.0,733354,1388,1,1,cubic
0.456,23548,16,17280,32.0,31.5,20.1,40.4,1.6,736358,1391,1,1,cubic
0.464,23594,16,15840,30.9,23.4,20.1,40.4,3.4,763535,1396,1,1,cubic
0.474,23645,16,18720,30.2,25.1,20.1,40.4,4.0,783543,1402,1,1,cubic
0.482,23681,16,18720,29.1,21.9,20.1,40.4,5.1,812690,1406,1,1,cubic
0.489,23715,16,18720,28.2,21.8,20.1,40.4,5.6,840242,1410,1,1,cubic
0.495,23750,16,18720,27.4,21.7,20.1,40.4,5.8,866377,1414,1,1,cubic
0.502,23784,16,18720,26.6,21.1,20.1,40.4,6.0,893396,1418,1,1,cubic
0.507,23811,16,17280,25.9,21.0,20.1,40.4,5.9,918882,1421,1,1,cubic
0.513,23845,16,17280,25.3,21.2,20.1,40.4,5.6,941559,1425,1,1,cubic
0.521,23878,16,20160,24.7,20.7,20.1,40.4,5.4,965001,1430,1,1,cubic
0.525,23903,16,18720,24.3,21.4,20.1,40.4,4.8,982570,1433,1,1,cubic
0.532,23937,16,18720,24.0,21.8,20.1,40.4,4.3,996918,1437,1,1,cubic
0.539,23969,16,18720,23.8,22.5,20.1,40.4,3.6,1006044,1441,1,1,cubic
0.546,24002,16,18720,23.8,23.2,20.1,40.4,2.8,1010610,1445,1,1,cubic
0.552,24104,16,20160,23.8,23.8,20.1,40.4,2.1,1014435,1449,1,1,cubic
0.557,24444,16,18720,23.9,24.9,20.1,40.4,1.9,1022804,1452,1,1,cubic
0.564,24780,17,18720,23.9,23.7,20.1,40.4,1.5,1038166,1456,1,1,cubic
0.571,25194,17,18720,23.8,23.6,20.1,40.4,1.2,1057061,1461,1,1,cubic
0.579,25519,17,20160,23.8,23.7,20.1,40.4,0.9,1071461,1466,1,1,cubic
0.586,25840,17,20160,23.8,23.7,20.1,40.4,0.7,1085668,1470,1,1,cubic
0.593,26158,18,20160,23.8,23.7,20.1,40.4,0.6,1099768,1474,1,1,cubic
0.600,26550,18,20160,24.0,25.4,20.1,40.4,0.8,1106757,1479,1,1,cubic
0.608,26936,18,20160,24.2,25.3,20.1,40.4,1.0,1115085,1484,1,1,cubic
0.617,27241,18,21600,24.3,25.3,20.1,40.4,1.0,1121074,1489,1,1,cubic
0.623,27542,19,21600,24.4,25.4,20.1,40.4,1.0,1126876,1493,1,1,cubic
0.630,27914,19,21600,24.8,27.2,20.1,40.4,1.5,1126291,1498,1,1,cubic
0.639,28281,19,21600,25.1,27.0,20.1,40.4,1.6,1128711,1503,1,1,cubic
0.647,28644,19,21600,25.3,27.0,20.1,40.4,1.7,1132129,1508,1,1,cubic
0.656,28930,20,23040,25.5,27.2,20.1,40.4,1.8,1132999,1513,1,1,cubic
0.662,29284,20,23040,25.9,28.7,20.1,40.4,2.1,1129609,1518,1,1,cubic
0.671,29635,20,23040,26.3,28.8,20.1,40.4,2.3,1127363,1523,1,1,cubic
0.679,29981,20,23040,26.6,28.7,20.1,40.4,2.3,1127613,1528,1,1,cubic
0.684,30391,21,21600,26.9,28.7,20.1,40.4,2.3,1131754,1533,1,1,cubic
0.698,30728,21,24480,27.3,30.6,20.1,40.4,2.6,1124620,1540,1,1,cubic
0.706,31062,21,24480,27.7,30.7,20.1,40.4,2.8,1119714,1545,1,1,cubic
0.715,31392,21,24480,28.1,30.5,20.1,40.4,2.8,1117908,1550,1,1,cubic
0.723,31653,21,25920,28.8,33.8,20.1,40.4,3.5,1099215,1555,1,1,cubic
0.730,31848,22,27360,30.2,40.4,20.1,40.4,5.5,1053070,1559,1,1,cubic
0.735,32170,22,25920,30.5,32.2,20.1,40.4,4.6,1055411,1563,1,1,cubic
0.744,32488,22,25920,30.7,32.1,20.1,40.4,3.9,1058965,1568,1,1,cubic
0.752,32804,22,25920,30.9,32.2,20.1,40.4,3.3,1062753,1573,1,1,cubic
0.761,33054,22,27360,31.0,32.1,20.1,40.4,2.8,1065501,1578,1,1,cubic
0.769,33302,23,27360,31.2,32.2,20.1,40.4,2.4,1068364,1582,1,1,cubic
0.776,33610,23,27360,31.5,33.8,20.1,40.4,2.4,1066950,1587,1,1,cubic
0.784,33915,23,27360,31.8,34.0,20.1,40.4,2.4,1066241,1592,1,1,cubic
0.793,29675,20,27360,32.0,33.7,20.1,40.4,2.3,925954,1597,1,1,cubic
0.801,29730,20,24480,32.3,33.8,20.1,40.4,2.2,921460,1599,1,1,cubic
0.808,29774,20,23040,32.3,32.3,20.1,40.4,1.6,922566,1603,1,1,cubic
0.816,29829,20,23040,32.5,34.2,20.1,40.4,1.7,917589,1608,1,1,cubic
0.825,29883,20,23040,32.7,34.2,20.1,40.4,1.7,913238,1613,1,1,cubic
0.830,29916,20,21600,32.3,29.0,20.1,40.4,2.2,927311,1618,1,1,cubic
0.843,29999,20,23040,31.9,29.0,20.1,40.4,2.5,941765,1624,1,1,cubic
0.852,30051,20,23040,31.5,28.9,20.1,40.4,2.6,954666,1629,1,1,cubic
0.860,30104,20,23040,31.1,28.8,20.1,40.4,2.6,966668,1634,1,1,cubic
0.869,30154,20,24480,31.8,36.2,20.1,40.4,3.2,948925,1639,1,1,cubic
0.872,30176,20,21600,31.4,28.9,20.1,40.4,3.1,960499,1643,1,1,cubic
0.879,30215,20,28800,31.1,28.9,20.1,40.4,3.0,971356,1649,1,1,cubic
0.887,30266,21,23040,30.8,29.0,20.1,40.4,2.8,981419,1650,1,1,cubic
0.904,23219,16,18720,30.4,28.9,20.1,40.4,2.3,764285,1656,1,1,cubic
0.911,23256,16,18720,31.1,36.2,20.1,40.4,3.2,747733,1660,1,1,cubic
0.916,23285,16,15840,30.8,29.0,20.1,40.4,2.9,755172,1664,1,1,cubic
0.923,23320,16,20160,30.6,28.9,20.1,40.4,2.7,762240,1669,1,1,cubic
0.931,23365,16,17280,29.5,22.1,20.1,40.4,4.1,791148,1672,1,1,cubic
0.940,23410,16,18720,29.1,26.0,20.1,40.4,4.0,804771,1677,1,1,cubic
0.947,23446,16,18720,28.6,25.2,20.1,40.4,4.0,819761,1681,1,1,cubic
0.953,23481,16,18720,28.0,24.2,20.1,40.4,4.1,837201,1685,1,1,cubic
0.959,23508,16,18720,27.5,23.8,20.1,40.4,4.1,854308,1689,1,1,cubic
0.966,23544,16,18720,27.0,23.3,20.1,40.4,4.1,872290,1693,1,1,cubic
0.972,23577,16,18720,26.5,23.0,20.1,40.4,4.1,889933,1697,1,1,cubic
0.979,23612,16,18720,26.0,22.9,20.1,40.4,4.0,906584,1701,1,1,cubic
0.986,23645,16,18720,25.7,23.2,20.1,40.4,3.7,920432,1705,1,1,cubic
0.993,23679,16,20160,25.3,22.9,20.1,40.4,3.5,934562,1709,1,1,cubic
0.998,23705,16,18720,25.0,22.9,20.1,40.4,3.2,946912,1712,1,1,cubic
1.004,23738,16,18720,24.9,23.9,20.1,40.4,2.7,953524,1716,1,1,cubic
1.011,23771,16,18720,24.8,24.2,20.1,40.4,2.2,958083,1720,1,1,cubic
1.018,23804,16,18720,24.8,25.0,20.1,40.4,1.7,958447,1724,1,1,cubic
1.025,23837,16,18720,25.0,25.8,20.1,40.4,1.5,955275,1728,1,1,cubic
1.032,24119,16,18720,25.1,26.0,20.1,40.4,1.4,961452,1732,1,1,cubic
1.039,24459,16,18720,25.0,24.2,20.1,40.4,1.3,979574,1736,1,1,cubic
1.045,24794,17,18720,24.8,23.9,20.1,40.4,1.2,998389,1740,1,1,cubic
1.052,25208,17,18720,24.7,23.7,20.1,40.4,1.2,1020897,1745,1,1,cubic
1.061,25533,17,20160,24.6,23.6,20.1,40.4,1.2,1039617,1750,1,1,cubic
1.067,25854,17,20160,24.4,23.5,20.1,40.4,1.1,1058418,1754,1,1,cubic
1.074,26171,18,20160,24.3,23.5,20.1,40.4,1.1,1076597,1758,1,1,cubic
1.081,26563,18,20160,24.4,25.4,20.1,40.4,1.1,1086865,1763,1,1,cubic
1.089,26949,18,20160,24.5,25.3,20.1,40.4,1.0,1097987,1768,1,1,cubic
1.098,27253,18,21600,24.6,25.3,20.1,40.4,0.9,1106181,1773,1,1,cubic
1.105,27554,19,21600,24.7,25.4,20.1,40.4,0.9,1114013,1777,1,1,cubic
1.111,27927,19,21600,25.0,27.1,20.1,40.4,1.3,1115964,1782,1,1,cubic
1.120,28294,19,21600,25.3,27.1,20.1,40.4,1.5,1119003,1787,1,1,cubic
1.128,28656,19,21600,25.5,27.1,20.1,40.4,1.5,1123500,1792,1,1,cubic
1.137,28942,20,23040,25.7,26.9,20.1,40.4,1.5,1127112,1797,1,1,cubic
1.143,29296,20,23040,26.0,28.6,20.1,40.4,1.9,1124865,1802,1,1,cubic
1.152,29646,20,23040,26.4,28.5,20.1,40.4,2.0,1124829,1807,1,1,cubic
1.160,29992,20,23040,26.6,28.6,20.1,40.4,2.1,1125741,1812,1,1,cubic
1.165,30402,21,21600,26.9,28.7,20.1,40.4,2.1,1130353,1817,1,1,cubic
1.179,30740,21,24480,27.3,30.5,20.1,40.4,2.5,1124195,1824,1,1,cubic
1.188,31073,21,24480,27.7,30.5,20.1,40.4,2.6,1120353,1829,1,1,cubic
1.196,31403,21,24480,28.1,30.5,20.1,40.4,2.7,1118380,1834,1,1,cubic
1.205,31664,21,25920,28.8,34.0,20.1,40.4,3.5,1098681,1839,1,1,cubic
1.211,31923,22,25920,29.2,32.1,20.1,40.4,3.4,1092168,1843,1,1,cubic
1.216,32180,22,27360,29.6,32.1,20.1,40.4,3.3,1087566,1848,1,1,cubic
1.225,32499,22,25920,29.9,32.1,20.1,40.4,3.1,1086741,1852,1,1,cubic
1.233,32814,22,25920,30.2,32.2,20.1,40.4,2.9,1086880,1857,1,1,cubic
1.242,33064,22,27360,30.4,32.1,20.1,40.4,2.7,1086452,1862,1,1,cubic
1.249,33374,23,25920,30.7,32.2,20.1,40.4,2.4,1088696,1866,1,1,cubic
1.257,33620,23,28800,31.3,35.6,20.1,40.4,3.1,1075117,1872,1,1,cubic
1.264,33925,23,27360,31.6,33.8,20.1,40.4,2.9,1073949,1876,1,1,cubic
1.274,29684,20,27360,31.9,33.9,20.1,40.4,2.8,931291,1881,1,1,cubic
1.282,29739,20,24480,32.1,33.8,20.1,40.4,2.6,926102,1883,1,1,cubic
1.289,29783,20,23040,32.3,33.9,20.1,40.4,2.4,921019,1887,1,1,cubic
1.297,29837,20,23040,32.7,35.6,20.1,40.4,2.6,911359,1892,1,1,cubic
1.306,29891,20,23040,33.1,35.6,20.1,40.4,2.6,903215,1897,1,1,cubic
1.311,29924,20,21600,32.6,28.9,20.1,40.4,3.0,918590,1902,1,1,cubic
1.325,30007,20,23040,32.1,28.9,20.1,40.4,3.2,934273,1908,1,1,cubic
1.333,30060,20,23040,31.7,29.0,20.1,40.4,3.2,947487,1913,1,1,cubic
1.342,30112,20,23040,31.4,29.0,20.1,40.4,3.1,959622,1918,1,1,cubic
1.350,30163,20,24480,32.0,36.1,20.1,40.4,3.5,943596,1923,1,1,cubic
1.353,30184,20,21600,31.6,28.9,20.1,40.4,3.4,955825,1927,1,1,cubic
1.360,30224,20,28800,31.2,28.9,20.1,40.4,3.2,967198,1933,1,1,cubic
1.369,30274,21,23040,31.0,28.9,20.1,40.4,3.0,978031,1934,1,1,cubic
1.386,23225,16,18720,30.5,29.0,20.1,40.4,2.5,761825,1940,1,1,cubic
1.392,23262,16,18720,31.3,36.7,20.1,40.4,3.4,744217,1944,1,1,cubic
1.398,23291,16,15840,31.0,28.9,20.1,40.4,3.1,752196,1948,1,1,cubic
1.405,23327,16,20160,30.7,29.0,20.1,40.4,2.8,759416,1953,1,1,cubic
1.413,23372,16,17280,29.6,22.1,20.1,40.4,4.3,788502,1956,1,1,cubic
1.421,23416,16,18720,29.2,25.9,20.1,40.4,4.1,802549,1961,1,1,cubic
1.428,23452,16,18720,28.7,25.2,20.1,40.4,4.1,817684,1965,1,1,cubic
1.435,23488,16,17280,27.9,22.1,20.1,40.4,4.7,843042,1969,1,1,cubic
1.440,23515,16,18720,27.3,23.7,20.1,40.4,4.6,860252,1974,1,1,cubic
1.447,23549,16,18720,26.8,23.3,20.1,40.4,4.5,877875,1978,1,1,cubic
1.454,23583,16,20160,26.4,23.2,20.1,40.4,4.2,894108,1982,1,1,cubic
1.458,23609,16,20160,25.8,21.8,20.1,40.4,4.3,914864,1985,1,1,cubic
1.464,23635,16,18720,25.5,23.1,20.1,40.4,3.9,927845,1988,1,1,cubic
0.007,23635,16,0,24.5,24.2,20.1,40.4,1.9,964418,1990,1,1,cubic
0.007,23635,16,0,24.9,27.7,20.1,40.4,2.2,949196,1992,1,1,cubic
0.033,23483,16,15840,24.9,25.1,20.1,40.4,1.7,942297,2009,1,1,cubic
0.038,23510,16,21600,24.9,25.1,20.1,40.4,1.3,942360,2015,1,1,cubic
0.044,23545,16,18720,25.7,31.0,20.1,40.4,2.5,916040,2017,1,1,cubic
0.051,23579,16,18720,26.5,31.7,20.1,40.4,3.4,891388,2021,1,1,cubic
0.058,23613,16,17280,25.9,21.9,20.1,40.4,3.7,912332,2025,1,1,cubic
0.067,23778,16,18720,26.1,27.6,20.1,40.4,3.2,911348,2030,1,1,cubic
0.073,24123,16,18720,26.4,28.2,20.1,40.4,2.9,915206,2034,1,1,cubic
0.080,24463,16,18720,26.7,28.7,20.1,40.4,2.8,917901,2038,1,1,cubic
0.087,24799,17,18720,26.3,23.8,20.1,40.4,2.8,942963,2042,1,1,cubic
0.094,25212,17,18720,26.0,24.0,20.1,40.4,2.7,969356,2047,1,1,cubic
0.102,25537,17,20160,25.8,24.1,20.1,40.4,2.5,991073,2052,1,1,cubic
0.109,25859,17,20160,25.5,23.7,20.1,40.4,2.4,1013760,2056,1,1,cubic
0.116,26176,18,20160,25.3,23.9,20.1,40.4,2.2,1034542,2060,1,1,cubic
0.123,26489,18,21600,25.3,25.1,20.1,40.4,1.7,1047824,2065,1,1,cubic
0.128,26954,18,18720,25.3,25.1,20.1,40.4,1.3,1067316,2069,1,1,cubic
0.139,27258,18,21600,25.2,25.2,20.1,40.4,1.0,1079653,2075,1,1,cubic
0.146,27559,19,21600,25.2,25.0,20.1,40.4,0.8,1092830,2079,1,1,cubic
0.153,27931,19,21600,25.4,26.8,20.1,40.4,1.0,1098780,2084,1,1,cubic
0.161,28224,19,23040,25.8,28.6,20.1,40.4,1.5,1093487,2089,1,1,cubic
0.166,28660,19,20160,26.0,27.0,20.1,40.4,1.4,1104218,2093,1,1,cubic
0.178,28947,20,23040,26.1,27.1,20.1,40.4,1.4,1109207,2099,1,1,cubic
0.186,29301,20,23040,26.4,28.7,20.1,40.4,1.7,1109088,2104,1,1,cubic
0.193,29651,20,23040,26.7,28.6,20.1,40.4,1.8,1110649,2109,1,1,cubic
0.202,29927,20,24480,27.2,30.3,20.1,40.4,2.3,1102202,2114,1,1,cubic
0.207,30338,21,21600,27.3,28.7,20.1,40.4,2.1,1109291,2118,1,1,cubic
0.212,30406,21,30240,27.5,28.8,20.1,40.4,1.9,1104588,2125,1,1,cubic
0.221,30743,21,24480,27.8,30.0,20.1,40.4,2.1,1104512,2126,1,1,cubic
0.229,31077,21,24480,28.2,30.6,20.1,40.4,2.2,1102999,2131,1,1,cubic
0.238,31341,21,25920,28.5,30.5,20.1,40.4,2.2,1101191,2136,1,1,cubic
0.244,31668,21,24480,28.9,32.2,20.1,40.4,2.6,1094869,2140,1,1,cubic
0.253,31927,22,25920,29.3,32.0,20.1,40.4,2.7,1089509,2145,1,1,cubic
0.258,32184,22,27360,29.7,32.2,20.1,40.4,2.7,1085134,2150,1,1,cubic
0.266,32502,22,25920,30.0,32.3,20.1,40.4,2.7,1083978,2154,1,1,cubic
0.275,32755,22,27360,30.2,32.1,20.1,40.4,2.6,1082953,2159,1,1,cubic
0.282,33068,22,25920,30.5,32.1,20.1,40.4,2.4,1084943,2163,1,1,cubic
0.290,33378,23,25920,30.7,32.3,20.1,40.4,2.2,1087089,2168,1,1,cubic
0.298,29205,20,28800,31.3,35.5,20.1,40.4,2.9,933037,2174,1,1,cubic
0.305,29249,20,23040,31.6,33.7,20.1,40.4,2.8,925513,2175,1,1,cubic
0.315,29313,20,24480,31.9,33.9,20.1,40.4,2.6,919190,2180,1,1,cubic
0.322,29356,20,23040,32.1,33.9,20.1,40.4,2.5,913464,2184,1,1,cubic
0.330,29409,20,23040,32.3,33.8,20.1,40.4,2.3,909284,2189,1,1,cubic
0.336,29442,20,21600,32.1,30.5,20.1,40.4,2.2,916967,2194,1,1,cubic
0.342,29483,20,28800,31.9,30.5,20.1,40.4,2.0,924116,2200,1,1,cubic
0.351,29535,20,24480,31.5,29.0,20.1,40.4,2.3,936578,2201,1,1,cubic
0.358,29576,20,23040,31.2,28.9,20.1,40.4,2.4,947918,2205,1,1,cubic
0.366,29628,20,23040,30.9,29.0,20.1,40.4,2.3,957997,2210,1,1,cubic
0.375,29678,20,24480,31.6,36.0,20.1,40.4,3.0,940516,2215,1,1,cubic
0.380,29710,20,21600,31.2,28.9,20.1,40.4,2.9,951633,2219,1,1,cubic
0.387,29749,20,27360,30.9,28.9,20.1,40.4,2.8,961817,2225,1,1,cubic
0.393,29788,20,24480,30.7,29.0,20.1,40.4,2.6,970799,2227,1,1,cubic
0.402,29838,20,23040,30.5,28.9,20.1,40.4,2.4,979644,2231,1,1,cubic
0.410,29886,20,24480,30.3,28.8,20.1,40.4,2.2,987771,2236,1,1,cubic
0.417,29925,20,24480,30.3,30.4,20.1,40.4,1.7,988374,2240,1,1,cubic
0.424,29964,20,24480,30.7,33.8,20.1,40.4,2.1,975581,2244,1,1,cubic
0.430,30002,20,24480,30.7,30.6,20.1,40.4,1.6,977200,2248,1,1,cubic
0.437,30040,20,23040,30.5,28.9,20.1,40.4,1.7,985823,2252,1,1,cubic
0.446,30087,20,24480,30.3,29.0,20.1,40.4,1.6,993363,2257,1,1,cubic
0.452,30124,20,24480,30.1,28.9,20.1,40.4,1.6,1000199,2261,1,1,cubic
0.459,30161,20,24480,30.0,28.9,20.1,40.4,1.5,1006608,2265,1,1,cubic
0.466,30198,20,24480,29.8,28.9,20.1,40.4,1.4,1012472,2269,1,1,cubic
0.473,30234,20,23040,29.7,29.0,20.1,40.4,1.2,1017363,2273,1,1,cubic
0.481,30279,21,24480,29.6,28.9,20.1,40.4,1.1,1022386,2278,1,1,cubic
0.486,30307,21,25920,29.5,28.9,20.1,40.4,1.0,1026659,2283,1,1,cubic
0.493,30343,21,25920,29.5,29.0,20.1,40.4,0.9,1030252,2287,1,1,cubic
0.500,30378,21,25920,29.4,28.9,20.1,40.4,0.8,1033898,2291,1,1,cubic
0.515,23304,16,17280,29.3,29.0,20.1,40.4,0.6,795901,2295,1,1,cubic
0.524,23352,16,18720,29.7,32.3,20.1,40.4,1.2,787402,2300,1,1,cubic
0.531,23388,16,18720,30.0,32.1,20.1,40.4,1.5,780666,2304,1,1,cubic
0.537,23425,16,18720,30.2,32.2,20.1,40.4,1.7,774610,2308,1,1,cubic
0.544,23461,16,18720,29.4,23.7,20.1,40.4,2.9,797342,2312,1,1,cubic
0.551,23497,16,18720,28.7,23.5,20.1,40.4,3.7,819167,2316,1,1,cubic
0.558,23532,16,18720,28.0,23.6,20.1,40.4,4.0,838960,2320,1,1,cubic
0.566,23575,16,18720,27.5,23.8,20.1,40.4,4.1,856929,2324,1,1,cubic
0.571,23603,16,18720,27.4,26.5,20.1,40.4,3.3,861769,2328,1,1,cubic
0.578,23638,16,18720,27.2,25.9,20.1,40.4,2.9,869108,2332,1,1,cubic
0.585,23672,16,20160,26.8,23.7,20.1,40.4,3.0,884736,2336,1,1,cubic
0.590,23698,16,17280,26.2,22.2,20.1,40.4,3.4,904918,2339,1,1,cubic
0.598,23741,16,18720,26.1,25.8,20.1,40.4,2.6,908190,2344,1,1,cubic
0.605,23774,16,18720,26.1,25.7,20.1,40.4,2.1,911230,2348,1,1,cubic
0.612,23808,16,20160,25.8,23.6,20.1,40.4,2.2,923363,2352,1,1,cubic
0.617,23833,16,18720,25.9,26.9,20.1,40.4,1.9,919376,2355,1,1,cubic
0.624,23866,16,17280,25.6,23.6,20.1,40.4,2.0,930956,2359,1,1,cubic
0.632,23907,16,18720,25.4,23.7,20.1,40.4,2.0,941368,2364,1,1,cubic
0.639,23939,16,18720,25.2,23.7,20.1,40.4,1.9,950790,2368,1,1,cubic
0.646,24238,16,18720,25.0,23.7,20.1,40.4,1.8,969907,2372,1,1,cubic
0.653,24576,17,18720,24.8,23.7,20.1,40.4,1.7,990049,2376,1,1,cubic
0.659,24993,17,18720,24.7,23.6,20.1,40.4,1.6,1012969,2381,1,1,cubic
0.668,25321,17,20160,24.5,23.7,20.1,40.4,1.4,1031489,2386,1,1,cubic
0.675,25645,17,20160,24.4,23.6,20.1,40.4,1.3,1049605,2390,1,1,cubic
0.681,25965,18,20160,24.3,23.3,20.1,40.4,1.2,1068738,2394,1,1,cubic
0.688,26281,18,21600,24.4,25.3,20.1,40.4,1.2,1075943,2399,1,1,cubic
0.693,26749,18,18720,24.5,25.3,20.1,40.4,1.1,1090060,2403,1,1,cubic
0.705,27056,18,21600,24.6,25.3,20.1,40.4,1.0,1098497,2409,1,1,cubic
0.712,27359,18,21600,24.7,25.3,20.1,40.4,0.9,1106889,2413,1,1,cubic
0.719,27734,19,20160,25.0,27.0,20.1,40.4,1.3,1109493,2417,1,1,cubic
0.727,28030,19,23040,25.5,28.8,20.1,40.4,1.9,1100423,2423,1,1,cubic
0.732,28468,19,20160,25.7,27.0,20.1,40.4,1.8,1109301,2427,1,1,cubic
0.744,28757,19,23040,25.8,27.1,20.1,40.4,1.7,1112843,2433,1,1,cubic
0.751,29042,20,23040,26.0,27.1,20.1,40.4,1.6,1117128,2437,1,1,cubic
0.756,29465,20,21600,26.3,28.7,20.1,40.4,1.9,1118895,2442,1,1,cubic
0.768,29744,20,24480,26.8,30.4,20.1,40.4,2.4,1107949,2448,1,1,cubic
0.773,30157,20,21600,27.1,28.7,20.1,40.4,2.3,1113873,2452,1,1,cubic
0.785,30497,21,23040,27.3,28.8,20.1,40.4,2.1,1117761,2458,1,1,cubic
0.793,30766,21,25920,28.5,37.2,20.1,40.4,4.1,1078487,2464,1,1,cubic
0.799,31166,21,23040,28.8,30.8,20.1,40.4,3.6,1081777,2468,1,1,cubic
0.810,31495,21,24480,29.3,32.4,20.1,40.4,3.6,1076347,2474,1,1,cubic
0.815,31886,22,23040,29.4,30.4,20.1,40.4,3.0,1084520,2479,1,1,cubic
0.005,31886,22,0,28.4,20.2,20.1,40.4,6.2,1121127,2485,1,1,cubic
0.011,31886,22,0,28.2,26.2,20.1,40.4,5.2,1132154,2486,1,1,cubic
0.011,31886,22,0,28.7,32.3,20.1,40.4,4.9,1111746,2488,1,1,cubic
0.037,32207,22,25920,29.1,32.0,20.1,40.4,4.5,1106731,2511,1,1,cubic
0.044,32526,22,25920,28.8,26.9,20.1,40.4,4.0,1128434,2516,1,1,cubic
0.052,32715,22,28800,29.7,35.5,20.1,40.4,4.6,1103186,2521,1,1,cubic
0.057,32966,22,27360,30.6,37.0,20.1,40.4,5.3,1078095,2524,1,1,cubic
0.064,33214,23,27360,31.6,38.7,20.1,40.4,6.0,1051308,2528,1,1,cubic
0.069,33585,23,25920,31.6,32.0,20.1,40.4,4.6,1061271,2533,1,1,cubic
0.074,33646,23,33120,31.7,32.1,20.1,40.4,3.6,1061421,2539,1,1,cubic
0.083,33951,23,27360,32.0,33.8,20.1,40.4,3.2,1062196,2540,1,1,cubic
0.091,34313,23,25920,32.2,33.9,20.1,40.4,2.9,1065455,2545,1,1,cubic
0.098,34373,23,33120,32.4,33.9,20.1,40.4,2.6,1060175,2551,1,1,cubic
0.105,34671,24,27360,32.6,33.8,20.1,40.4,2.3,1063658,2552,1,1,cubic
0.113,34908,24,30240,33.2,37.2,20.1,40.4,2.9,1052333,2558,1,1,cubic
0.118,35260,24,27360,33.5,35.5,20.1,40.4,2.8,1053575,2562,1,1,cubic
0.125,35376,24,33120,33.7,35.6,20.1,40.4,2.6,1048612,2568,1,1,cubic
0.133,35666,24,28800,34.0,35.5,20.1,40.4,2.4,1050452,2570,1,1,cubic
0.139,36011,25,27360,34.0,33.9,20.1,40.4,1.8,1060675,2575,1,1,cubic
0.145,36125,25,34560,34.0,34.0,20.1,40.4,1.4,1063814,2582,1,1,cubic
0.162,31654,21,24480,34.5,37.1,20.1,40.4,1.8,916949,2584,1,1,cubic
0.169,31703,22,23040,34.7,35.7,20.1,40.4,1.6,914316,2589,1,1,cubic
0.176,31748,22,30240,34.8,35.8,20.1,40.4,1.5,911801,2596,1,1,cubic
0.184,31802,22,25920,35.3,38.9,20.1,40.4,2.2,900116,2598,1,1,cubic
0.193,31859,22,27360,36.4,44.1,20.1,44.1,3.8,874454,2603,1,1,cubic
0.200,31903,22,25920,35.7,30.9,20.1,44.1,4.3,892766,2607,1,1,cubic
0.208,31960,22,25920,36.1,38.8,20.1,44.1,4.0,884950,2612,1,1,cubic
0.217,32014,22,27360,36.3,37.4,20.1,44.1,3.3,882463,2617,1,1,cubic
0.223,32057,22,25920,35.8,32.4,20.1,44.1,3.4,895496,2621,1,1,cubic
0.232,32110,22,27360,35.4,32.3,20.1,44.1,3.4,908088,2626,1,1,cubic
0.238,32152,22,25920,35.0,32.3,20.1,44.1,3.4,919258,2630,1,1,cubic
0.247,32204,22,25920,34.6,31.9,20.1,44.1,3.3,931155,2635,1,1,cubic
0.255,32257,22,27360,34.3,32.0,20.1,44.1,3.1,941425,2640,1,1,cubic
0.270,24745,17,20215,33.7,32.1,20.1,44.1,2.6,733250,2645,1,1,cubic
0.277,24784,17,18775,33.6,32.2,20.1,44.1,2.4,738652,2649,1,1,cubic
0.286,24832,17,18775,33.4,32.3,20.1,44.1,2.1,743606,2654,1,1,cubic
0.294,24880,17,20215,33.3,32.3,20.1,44.1,1.9,748248,2659,1,1,cubic
0.301,24917,17,20160,32.1,23.9,20.1,44.1,3.7,776569,2663,1,1,cubic
0.308,24955,17,20160,31.6,28.5,20.1,44.1,3.7,788642,2667,1,1,cubic
0.315,24992,17,20160,30.7,23.8,20.1,44.1,4.7,814921,2671,1,1,cubic
0.321,25029,17,20160,29.8,23.8,20.1,44.1,5.2,839476,2675,1,1,cubic
0.328,25065,17,20160,29.1,23.8,20.1,44.1,5.4,862377,2679,1,1,cubic
0.335,25102,17,20160,28.6,25.3,20.1,44.1,5.0,877999,2683,1,1,cubic
0.342,25137,17,20160,28.1,24.4,20.1,44.1,4.8,895575,2687,1,1,cubic
0.347,25165,17,20160,27.6,24.4,20.1,44.1,4.5,911412,2691,1,1,cubic
0.354,25201,17,20160,27.2,24.5,20.1,44.1,4.2,925826,2695,1,1,cubic
0.361,25236,17,20160,26.9,24.4,20.1,44.1,3.8,939258,2699,1,1,cubic
0.367,25271,17,20160,26.6,25.1,20.1,44.1,3.3,948326,2703,1,1,cubic
0.374,25306,17,20160,26.5,25.5,20.1,44.1,2.8,954835,2707,1,1,cubic
0.381,25340,17,20160,26.4,25.9,20.1,44.1,2.2,959012,2711,1,1,cubic
0.388,25374,17,20160,26.4,26.6,20.1,44.1,1.7,959537,2715,1,1,cubic
0.394,25408,17,20160,26.3,25.4,20.1,44.1,1.6,965826,2719,1,1,cubic
0.401,25442,17,20160,26.2,25.4,20.1,44.1,1.4,971328,2723,1,1,cubic
0.408,25476,17,18720,26.1,25.4,20.1,44.1,1.3,976428,2727,1,1,cubic
0.416,25652,17,20160,26.0,25.4,20.1,44.1,1.1,986425,2732,1,1,cubic
0.423,26052,18,18720,25.9,25.4,20.1,44.1,1.0,1004588,2736,1,1,cubic
0.432,26367,18,21600,25.9,25.4,20.1,44.1,0.9,1019605,2742,1,1,cubic
0.439,26678,18,21600,25.8,25.3,20.1,44.1,0.8,1034311,2746,1,1,cubic
0.445,27062,18,20160,25.7,25.3,20.1,44.1,0.7,1051482,2750,1,1,cubic
0.454,27365,19,21600,25.7,25.3,20.1,44.1,0.6,1065324,2755,1,1,cubic
0.461,27815,19,20160,25.9,27.0,20.1,44.1,0.8,1075807,2760,1,1,cubic
0.471,28109,19,23040,26.0,27.1,20.1,44.1,0.9,1080949,2766,1,1,cubic
0.477,28401,19,23040,26.1,27.1,20.1,44.1,0.9,1086578,2770,1,1,cubic
0.484,28762,19,21600,26.2,27.0,20.1,44.1,0.9,1095736,2774,1,1,cubic
0.493,29119,20,21600,26.6,28.7,20.1,44.1,1.3,1096678,2779,1,1,cubic
0.501,29541,20,21600,26.8,28.8,20.1,44.1,1.5,1100961,2785,1,1,cubic
0.511,29819,20,24480,27.1,28.8,20.1,44.1,1.7,1101063,2791,1,1,cubic
0.518,30094,20,24480,27.3,28.8,20.1,44.1,1.7,1102505,2796,1,1,cubic
0.525,30503,21,21600,27.5,28.8,20.1,44.1,1.6,1109643,2800,1,1,cubic
0.535,30906,21,23040,27.9,30.4,20.1,44.1,2.0,1109491,2807,1,1,cubic
0.545,31238,21,24480,28.2,30.3,20.1,44.1,2.1,1109185,2813,1,1,cubic
0.554,31500,21,25920,28.4,30.4,20.1,44.1,2.1,1107400,2818,1,1,cubic
0.560,31826,22,24480,28.7,30.3,20.1,44.1,2.1,1109886,2822,1,1,cubic
0.567,32277,22,23040,29.1,32.2,20.1,44.1,2.4,1108832,2828,1,1,cubic
0.581,32658,22,24480,29.5,32.2,20.1,44.1,2.6,1107276,2835,1,1,cubic
0.591,32909,22,27360,29.8,32.1,20.1,44.1,2.6,1103403,2841,1,1,cubic
0.598,33221,23,25920,30.1,32.2,20.1,44.1,2.5,1103101,2845,1,1,cubic
0.606,33529,23,27360,30.8,35.4,20.1,44.1,3.2,1089240,2851,1,1,cubic
0.615,33774,23,28800,31.2,33.7,20.1,44.1,3.2,1084167,2856,1,1,cubic
0.620,34017,23,28800,31.5,33.7,20.1,44.1,3.0,1080796,2860,1,1,cubic
0.628,34318,23,27360,31.8,33.9,20.1,44.1,2.9,1080167,2864,1,1,cubic
0.637,34617,24,27360,32.0,33.9,20.1,44.1,2.7,1080666,2869,1,1,cubic
0.647,30289,21,27360,32.5,35.6,20.1,44.1,2.9,932456,2875,1,1,cubic
0.657,30357,21,25920,32.9,35.5,20.1,44.1,2.9,923828,2878,1,1,cubic
0.664,30400,21,25920,33.4,37.2,20.1,44.1,3.3,910288,2882,1,1,cubic
0.670,30445,21,24480,33.7,35.6,20.1,44.1,3.0,904297,2886,1,1,cubic
0.679,30500,21,23040,33.9,35.6,20.1,44.1,2.7,899625,2891,1,1,cubic
0.688,30555,21,21600,33.5,30.6,20.1,44.1,2.9,912225,2897,1,1,cubic
0.701,30640,21,24480,33.1,30.6,20.1,44.1,2.9,924646,2904,1,1,cubic
0.708,30682,21,25920,32.8,30.7,20.1,44.1,2.7,934458,2909,1,1,cubic
0.716,30734,21,24480,32.6,30.6,20.1,44.1,2.6,944150,2913,1,1,cubic
0.725,30786,21,24480,32.5,32.1,20.1,44.1,2.1,947553,2918,1,1,cubic
0.732,30828,21,21600,32.2,30.4,20.1,44.1,2.1,956589,2923,1,1,cubic
0.738,30868,21,30240,32.0,30.4,20.1,44.1,2.0,964534,2930,1,1,cubic
0.747,30918,21,25920,32.0,32.2,20.1,44.1,1.6,965523,2931,1,1,cubic
0.762,23718,16,17280,31.7,30.6,20.1,44.1,1.4,748390,2935,1,1,cubic
0.770,23765,16,18720,31.7,32.1,20.1,44.1,1.2,748574,2940,1,1,cubic
0.777,23803,16,18720,32.4,37.3,20.1,44.1,2.3,733641,2944,1,1,cubic
0.784,23840,16,18720,32.2,30.7,20.1,44.1,2.2,739821,2948,1,1,cubic
0.791,23876,16,18720,31.0,22.1,20.1,44.1,4.1,771113,2952,1,1,cubic
0.797,23912,16,18720,29.9,22.2,20.1,44.1,5.3,800696,2956,1,1,cubic
0.804,23949,16,18720,29.3,25.4,20.1,44.1,5.1,817344,2960,1,1,cubic
0.811,23984,16,18720,28.7,24.2,20.1,44.1,5.1,836670,2964,1,1,cubic
0.818,24020,16,18720,28.0,23.3,20.1,44.1,5.2,858071,2968,1,1,cubic
0.824,24047,16,18720,27.3,22.8,20.1,44.1,5.2,879618,2972,1,1,cubic
0.831,24082,16,18720,26.8,22.9,20.1,44.1,5.0,899353,2976,1,1,cubic
0.837,24117,16,20160,26.3,22.6,20.1,44.1,4.8,918427,2980,1,1,cubic
0.841,24143,16,18720,25.8,22.6,20.1,44.1,4.5,935956,2983,1,1,cubic
0.848,24177,16,20160,25.4,22.7,20.1,44.1,4.2,951588,2987,1,1,cubic
0.853,24203,16,18720,25.0,22.5,20.1,44.1,3.8,966341,2990,1,1,cubic
0.860,24237,16,18720,24.8,23.4,20.1,44.1,3.3,975567,2994,1,1,cubic
0.867,24271,16,18720,24.7,24.0,20.1,44.1,2.7,981003,2998,1,1,cubic
0.874,24304,16,20160,24.6,23.6,20.1,44.1,2.3,987927,3002,1,1,cubic
0.879,24330,16,18720,24.7,25.2,20.1,44.1,1.9,985818,3005,1,1,cubic
0.886,24361,16,18720,24.6,23.6,20.1,44.1,1.7,992261,3009,1,1,cubic
0.892,24573,17,17280,24.4,23.7,20.1,44.1,1.4,1005112,3013,1,1,cubic
0.008,3072,2,0,24.1,23.8,20.1,44.1,0.8,1017768,3017,2,2,cubic
0.010,14066,9,0,24.9,30.0,20.1,44.1,2.1,565512,3019,2,2,cubic
0.035,21186,14,7200,24.7,23.7,20.1,44.1,1.8,856657,3029,2,2,cubic
0.043,18845,13,11520,24.2,20.3,20.1,44.1,2.5,779524,3036,2,2,cubic
0.051,18881,13,15840,23.7,20.2,20.1,44.1,2.9,797406,3040,2,2,cubic
0.061,18934,13,12960,23.5,22.6,20.1,44.1,2.4,804128,3043,2,2,cubic
0.068,18965,13,14400,23.4,22.2,20.1,44.1,2.1,811302,3048,2,2,cubic
0.074,18996,13,14400,23.2,22.1,20.1,44.1,1.9,818017,3052,2,2,cubic
0.081,19028,13,18720,23.0,21.7,20.1,44.1,1.8,825975,3056,2,2,cubic
0.086,19051,13,12960,22.9,21.8,20.1,44.1,1.7,832757,3057,2,2,cubic
0.093,19081,13,14400,22.7,21.8,20.1,44.1,1.5,838872,3062,2,2,cubic
0.100,19111,13,14400,22.6,21.5,20.1,44.1,1.5,846068,3066,2,2,cubic
0.106,19142,13,18720,22.3,20.2,20.1,44.1,1.7,858847,3070,2,2,cubic
0.111,19164,13,12960,22.2,21.8,20.1,44.1,1.4,862000,3071,2,2,cubic
0.118,19193,13,14400,22.2,21.8,20.1,44.1,1.1,865446,3076,2,2,cubic
0.125,19223,13,15840,22.2,22.2,20.1,44.1,0.9,866603,3080,2,2,cubic
0.130,19245,13,17280,21.9,20.2,20.1,44.1,1.1,877324,3083,2,2,cubic
0.137,19274,13,12960,21.9,21.9,20.1,44.1,0.9,878887,3085,2,2,cubic
0.143,19302,13,14400,21.9,22.0,20.1,44.1,0.7,879682,3090,2,2,cubic
0.150,19331,13,14400,21.7,20.2,20.1,44.1,0.9,889722,3094,2,2,cubic
0.156,19353,13,18720,21.6,20.3,20.1,44.1,1.0,897967,3098,2,2,cubic
0.162,19703,13,12960,21.7,22.5,20.1,44.1,1.0,909271,3099,2,2,cubic
0.169,20119,13,14400,21.8,22.7,20.1,44.1,1.0,922805,3104,2,2,cubic
0.176,20527,14,14400,21.9,23.0,20.1,44.1,1.1,935256,3108,2,2,cubic
0.182,20627,14,20160,21.9,21.7,20.1,44.1,0.9,940969,3113,2,2,cubic
0.188,21124,14,14400,22.0,22.7,20.1,44.1,0.8,959571,3114,2,2,cubic
0.194,21512,14,15840,22.1,22.7,20.1,44.1,0.8,973525,3119,2,2,cubic
0.201,21893,15,15840,22.3,23.8,20.1,44.1,1.0,981220,3123,2,2,cubic
0.208,22080,15,20160,22.3,22.0,20.1,44.1,0.8,991468,3128,2,2,cubic
0.213,22545,15,15840,22.4,23.2,20.1,44.1,0.9,1006922,3130,2,2,cubic
0.220,22909,15,17280,22.6,24.1,20.1,44.1,1.1,1013448,3135,2,2,cubic
0.226,23177,16,18720,22.3,20.3,20.1,44.1,1.4,1038628,3139,2,2,cubic
0.232,23531,16,18720,22.3,22.0,20.1,44.1,1.1,1056149,3143,2,2,cubic
0.238,23880,16,18720,22.6,25.1,20.1,44.1,1.5,1055189,3147,2,2,cubic
0.245,24223,16,18720,22.6,22.0,20.1,44.1,1.3,1073857,3151,2,2,cubic
0.252,24646,17,17280,22.5,22.2,20.1,44.1,1.1,1094745,3155,2,2,cubic
0.261,24896,17,21600,22.7,24.0,20.1,44.1,1.2,1096643,3161,2,2,cubic
0.266,25308,17,18720,22.9,24.2,20.1,44.1,1.3,1105780,3164,2,2,cubic
0.274,25632,17,20160,23.0,23.8,20.1,44.1,1.2,1114337,3169,2,2,cubic
0.281,25952,18,20160,23.1,23.6,20.1,44.1,1.0,1124826,3173,2,2,cubic
0.288,26347,18,20160,23.3,25.3,20.1,44.1,1.3,1128641,3178,2,2,cubic
0.296,26658,18,21600,23.5,25.0,20.1,44.1,1.4,1132022,3183,2,2,cubic
0.303,27043,18,20160,23.7,25.1,20.1,44.1,1.4,1138844,3187,2,2,cubic
0.311,27346,18,21600,23.9,25.1,20.1,44.1,1.4,1143466,3192,2,2,cubic
0.318,27721,19,20160,24.3,26.8,20.1,44.1,1.8,1141674,3196,2,2,cubic
0.327,28091,19,21600,24.6,26.9,20.1,44.1,2.0,1141817,3202,2,2,cubic
0.335,28383,19,23040,24.9,26.9,20.1,44.1,2.1,1140566,3207,2,2,cubic
0.342,28744,19,21600,25.1,26.9,20.1,44.1,2.1,1143357,3211,2,2,cubic
0.350,29029,20,23040,25.4,27.0,20.1,44.1,2.0,1144090,3216,2,2,cubic
0.357,29453,20,21600,25.8,28.8,20.1,44.1,2.4,1141279,3221,2,2,cubic
0.367,29801,20,23040,26.2,28.7,20.1,44.1,2.5,1138616,3227,2,2,cubic
0.376,30077,20,24480,26.5,28.7,20.1,44.1,2.5,1135623,3232,2,2,cubic
0.382,30486,21,21600,26.8,28.9,20.1,44.1,2.5,1138301,3236,2,2,cubic
0.392,30822,21,24480,27.2,30.3,20.1,44.1,2.7,1132412,3243,2,2,cubic
0.401,31221,21,23040,27.6,30.4,20.1,44.1,2.8,1130826,3248,2,2,cubic
0.411,31484,21,25920,28.0,30.5,20.1,44.1,2.8,1125755,3254,2,2,cubic
0.418,31809,22,24480,28.3,30.4,20.1,44.1,2.7,1124946,3258,2,2,cubic
0.425,32261,22,23040,28.8,32.2,20.1,44.1,3.0,1121731,3264,2,2,cubic
0.438,32579,22,25920,29.2,32.2,20.1,44.1,3.1,1116139,3271,2,2,cubic
0.447,32893,22,25920,29.6,32.1,20.1,44.1,3.1,1113092,3276,2,2,cubic
0.455,33205,23,25920,29.9,32.3,20.1,44.1,3.0,1110869,3281,2,2,cubic
0.464,33514,23,27360,30.6,35.8,20.1,44.1,3.7,1094120,3287,2,2,cubic
0.472,33697,23,30240,32.2,43.1,20.1,44.1,5.9,1046718,3292,2,2,cubic
0.478,34001,23,27360,32.4,34.2,20.1,44.1,4.9,1047990,3295,2,2,cubic
0.486,34303,23,27360,32.7,34.3,20.1,44.1,4.2,1049759,3300,2,2,cubic
0.495,34602,24,27360,32.8,34.0,20.1,44.1,3.5,1053654,3305,2,2,cubic
0.504,30276,21,27360,33.2,35.5,20.1,44.1,3.2,912807,3311,2,2,cubic
0.513,30334,21,21600,33.4,35.2,20.1,44.1,3.0,907497,3314,2,2,cubic
0.520,30377,21,30240,33.7,35.3,20.1,44.1,2.7,902519,3321,2,2,cubic
0.528,30431,21,24480,33.8,35.1,20.1,44.1,2.4,899367,3322,2,2,cubic
0.536,30485,21,23040,34.0,35.2,20.1,44.1,2.1,896591,3327,2,2,cubic
0.545,30541,21,21600,33.8,32.0,20.1,44.1,2.1,904918,3333,2,2,cubic
0.552,30583,21,30240,33.5,32.0,20.1,44.1,2.0,911999,3340,2,2,cubic
0.558,30626,21,21600,33.2,30.6,20.1,44.1,2.2,923526,3341,2,2,cubic
0.565,30667,21,30240,32.8,30.7,20.1,44.1,2.3,933574,3348,2,2,cubic
0.574,30721,21,24480,32.6,30.8,20.1,44.1,2.2,942680,3349,2,2,cubic
0.582,30772,21,24480,32.5,32.1,20.1,44.1,1.8,946102,3354,2,2,cubic
0.591,30823,21,25920,33.1,37.3,20.1,44.1,2.5,930730,3359,2,2,cubic
0.597,30864,21,24480,33.0,32.2,20.1,44.1,2.1,935187,3363,2,2,cubic
0.604,23630,16,21600,32.7,30.3,20.1,44.1,2.3,723293,3368,2,2,cubic
0.611,23667,16,23040,32.4,30.4,20.1,44.1,2.3,730688,3370,2,2,cubic
0.619,23714,16,17280,32.2,30.5,20.1,44.1,2.2,737421,3371,2,2,cubic
0.628,23760,16,18720,32.0,30.6,20.1,44.1,2.0,743429,3376,2,2,cubic
0.635,23798,16,17280,31.8,30.6,20.1,44.1,1.8,748506,3380,2,2,cubic
0.641,23835,16,14400,30.6,22.2,20.1,44.1,3.8,779176,3385,2,2,cubic
0.655,23907,16,18720,29.6,22.4,20.1,44.1,4.9,808734,3392,2,2,cubic
0.662,23942,16,18720,28.6,22.1,20.1,44.1,5.5,836372,3396,2,2,cubic
0.668,23978,16,18720,28.1,24.3,20.1,44.1,5.2,853704,3400,2,2,cubic
0.675,24013,16,18720,27.6,24.1,20.1,44.1,4.9,870256,3404,2,2,cubic
0.680,24040,16,20160,26.9,22.1,20.1,44.1,5.1,893481,3408,2,2,cubic
0.685,24066,16,18720,26.5,23.6,20.1,44.1,4.6,908562,3411,2,2,cubic
0.692,24101,16,18720,26.1,23.5,20.1,44.1,4.2,922773,3415,2,2,cubic
0.699,24135,16,18720,25.8,23.6,20.1,44.1,3.8,935392,3419,2,2,cubic
0.706,24169,16,20160,25.5,23.7,20.1,44.1,3.4,946245,3423,2,2,cubic
0.711,24194,16,18720,25.4,24.2,20.1,44.1,2.9,953533,3426,2,2,cubic
0.718,24229,16,20160,25.2,23.6,20.1,44.1,2.6,963226,3430,2,2,cubic
0.723,24254,16,18720,25.0,23.8,20.1,44.1,2.3,970781,3433,2,2,cubic
0.730,24286,16,20160,25.0,25.5,20.1,44.1,1.8,969617,3437,2,2,cubic
0.735,24311,16,18720,24.9,23.8,20.1,44.1,1.7,976816,3440,2,2,cubic
0.740,24336,16,20160,25.1,26.8,20.1,44.1,1.7,968712,3444,2,2,cubic
0.746,24566,17,18720,24.9,23.3,20.1,44.1,1.7,986625,3447,2,2,cubic
0.752,24817,17,21600,25.3,28.2,20.1,44.1,2.1,980366,3452,2,2,cubic
0.758,25065,17,21600,25.1,23.7,20.1,44.1,2.0,998168,3455,2,2,cubic
0.763,25392,17,20160,24.9,23.6,20.1,44.1,1.9,1018858,3458,2,2,cubic
0.770,25715,17,20160,24.8,23.7,20.1,44.1,1.7,1038192,3462,2,2,cubic
0.775,25954,18,21600,24.6,23.7,20.1,44.1,1.6,1053413,3466,2,2,cubic
0.782,26270,18,21600,25.3,30.0,20.1,44.1,2.5,1037806,3470,2,2,cubic
0.789,26504,18,23040,25.3,25.3,20.1,44.1,1.9,1046968,3474,2,2,cubic
0.794,26814,18,21600,25.3,25.4,20.1,44.1,1.4,1059046,3477,2,2,cubic
0.801,27120,18,21600,25.3,25.4,20.1,44.1,1.1,1070667,3481,2,2,cubic
0.808,27422,19,21600,25.6,27.2,20.1,44.1,1.3,1072428,3485,2,2,cubic
0.814,27721,19,23040,25.8,27.0,20.1,44.1,1.3,1076501,3490,2,2,cubic
0.821,27943,19,24480,25.9,27.1,20.1,44.1,1.4,1077839,3494,2,2,cubic
0.826,28237,19,23040,26.1,27.1,20.1,44.1,1.3,1082831,3497,2,2,cubic
0.833,28527,19,23040,26.2,26.9,20.1,44.1,1.2,1089482,3501,2,2,cubic
0.840,28815,20,23040,26.3,26.9,20.1,44.1,1.1,1096795,3505,2,2,cubic
0.847,29170,20,23040,26.6,28.9,20.1,44.1,1.5,1096698,3510,2,2,cubic
0.855,29452,20,24480,26.9,28.9,20.1,44.1,1.7,1095440,3515,2,2,cubic
0.860,29660,20,25920,27.2,29.1,20.1,44.1,1.8,1091886,3519,2,2,cubic
0.867,29937,20,24480,27.4,29.0,20.1,44.1,1.8,1092830,3522,2,2,cubic
0.874,30279,21,23040,27.6,29.0,20.1,44.1,1.8,1097462,3526,2,2,cubic
0.882,30618,21,24480,27.9,30.4,20.1,44.1,2.0,1095769,3532,2,2,cubic
0.891,30886,21,25920,28.2,30.2,20.1,44.1,2.1,1094355,3537,2,2,cubic
0.897,31151,21,25920,28.5,30.2,20.1,44.1,2.1,1093938,3541,2,2,cubic
0.902,31349,21,27360,28.7,30.4,20.1,44.1,2.0,1091805,3545,2,2,cubic
0.909,31676,21,24480,28.9,30.3,20.1,44.1,1.9,1095486,3548,2,2,cubic
0.918,32064,22,23040,29.3,32.1,20.1,44.1,2.2,1093998,3553,2,2,cubic
0.928,32320,22,27360,29.7,32.1,20.1,44.1,2.4,1089793,3560,2,2,cubic
0.934,32574,22,27360,30.0,32.1,20.1,44.1,2.4,1087031,3564,2,2,cubic
0.941,28502,19,27360,30.2,32.1,20.1,44.1,2.3,942775,3568,2,2,cubic
0.946,28534,19,23040,30.5,32.2,20.1,44.1,2.2,936247,3569,2,2,cubic
0.955,28588,19,21600,30.7,32.2,20.1,44.1,2.1,931478,3573,2,2,cubic
0.963,28640,19,20160,31.1,33.8,20.1,44.1,2.4,921463,3578,2,2,cubic
0.974,28704,19,23040,31.5,34.1,20.1,44.1,2.5,912541,3584,2,2,cubic
0.982,28754,19,21600,31.3,30.4,20.1,44.1,2.1,917837,3588,2,2,cubic
0.990,28806,20,23040,31.0,28.8,20.1,44.1,2.2,928926,3593,2,2,cubic
0.997,28846,20,23040,30.7,28.8,20.1,44.1,2.2,938630,3598,2,2,cubic
0.013,28846,20,0,27.6,20.1,20.1,44.1,5.2,1045864,3601,2,2,cubic
0.014,28846,20,0,28.5,35.1,20.1,44.1,5.7,1011466,3603,2,2,cubic
0.040,28857,20,23040,29.3,34.8,20.1,44.1,5.9,984712,3624,2,2,cubic
0.047,28897,20,23040,29.0,26.9,20.1,44.1,5.0,996242,3629,2,2,cubic
0.055,28946,20,24480,29.7,34.6,20.1,44.1,5.2,974284,3634,2,2,cubic
0.062,28987,20,24480,30.5,35.7,20.1,44.1,5.4,951766,3638,2,2,cubic
0.069,29026,20,25920,31.2,36.6,20.1,44.1,5.6,929694,3642,2,2,cubic
0.074,29057,20,23040,30.9,29.0,20.1,44.1,4.7,939200,3645,2,2,cubic
0.085,29104,20,24480,30.9,30.3,20.1,44.1,3.7,943067,3650,2,2,cubic
0.089,29142,20,23040,30.8,30.4,20.1,44.1,2.9,946138,3654,2,2,cubic
0.099,29199,20,24480,30.7,30.3,20.1,44.1,2.3,949838,3659,2,2,cubic
0.104,29228,20,20160,30.6,30.0,20.1,44.1,1.9,953636,3663,2,2,cubic
0.111,29265,20,28800,30.6,30.0,20.1,44.1,1.6,957311,3670,2,2,cubic
0.119,29311,20,24480,30.2,27.4,20.1,44.1,2.0,971270,3671,2,2,cubic
0.126,29348,20,24480,30.7,34.3,20.1,44.1,2.5,956334,3675,2,2,cubic
0.133,29385,20,23040,30.5,28.8,20.1,44.1,2.3,964802,3679,2,2,cubic
0.141,29431,20,24480,30.5,30.5,20.1,44.1,1.8,966344,3684,2,2,cubic
0.148,29467,20,24480,31.1,35.6,20.1,44.1,2.6,947552,3688,2,2,cubic
0.155,29502,20,24480,30.8,28.9,20.1,44.1,2.5,957235,3692,2,2,cubic
0.162,29542,20,24480,30.7,29.6,20.1,44.1,2.2,963158,3696,2,2,cubic
0.169,29575,20,23040,30.4,28.9,20.1,44.1,2.1,971391,3700,2,2,cubic
0.177,29617,20,24480,30.3,28.9,20.1,44.1,1.9,978912,3705,2,2,cubic
0.184,29652,20,24480,30.1,28.9,20.1,44.1,1.8,985541,3709,2,2,cubic
0.190,29686,20,24480,29.9,29.0,20.1,44.1,1.6,991251,3713,2,2,cubic
0.197,29721,20,24480,29.7,28.2,20.1,44.1,1.7,999798,3717,2,2,cubic
0.204,29755,20,23040,29.6,28.8,20.1,44.1,1.5,1005066,3721,2,2,cubic
0.212,29797,20,24480,29.5,28.9,20.1,44.1,1.3,1009520,3726,2,2,cubic
0.218,29822,20,24480,29.4,28.9,20.1,44.1,1.1,1013009,3730,2,2,cubic
0.231,22869,15,18720,29.3,29.0,20.1,44.1,0.8,779952,3734,2,2,cubic
0.238,22906,15,15840,29.3,28.8,20.1,44.1,0.7,782896,3737,2,2,cubic
0.247,22953,15,17280,29.3,29.4,20.1,44.1,0.6,784074,3742,2,2,cubic
0.253,22988,15,17280,29.4,30.5,20.1,44.1,0.8,781028,3746,2,2,cubic
0.260,23024,15,17280,28.5,21.8,20.1,44.1,2.5,808341,3750,2,2,cubic
0.265,23050,16,18720,28.2,26.6,20.1,44.1,2.3,816189,3754,2,2,cubic
0.272,23086,16,18720,27.4,21.6,20.1,44.1,3.4,842308,3758,2,2,cubic
0.278,23121,16,18720,26.7,21.9,20.1,44.1,3.9,865371,3762,2,2,cubic
0.285,23155,16,18720,26.1,21.9,20.1,44.1,4.2,886655,3766,2,2,cubic
0.292,23190,16,18720,25.9,24.6,20.1,44.1,3.5,894537,3770,2,2,cubic
0.299,23224,16,18720,25.7,24.5,20.1,44.1,3.0,902113,3774,2,2,cubic
0.306,23258,16,18720,25.6,24.5,20.1,44.1,2.5,908941,3778,2,2,cubic
0.312,23292,16,18720,25.5,24.7,20.1,44.1,2.1,914415,3782,2,2,cubic
0.319,23326,16,18720,25.4,25.0,20.1,44.1,1.7,918057,3786,2,2,cubic
0.326,23359,16,18720,25.5,25.9,20.1,44.1,1.4,917334,3790,2,2,cubic
0.333,23392,16,18720,25.5,25.9,20.1,44.1,1.2,916506,3794,2,2,cubic
0.339,23424,16,18720,25.7,26.7,20.1,44.1,1.2,912291,3798,2,2,cubic
0.346,23457,16,18720,25.4,23.7,20.1,44.1,1.4,922595,3802,2,2,cubic
0.353,23542,16,18720,25.2,23.7,20.1,44.1,1.5,933798,3806,2,2,cubic
0.360,23891,16,18720,25.0,23.6,20.1,44.1,1.5,955296,3810,2,2,cubic
0.367,24320,16,17280,24.8,23.7,20.1,44.1,1.5,978987,3814,2,2,cubic
0.375,24657,17,18720,24.7,23.6,20.1,44.1,1.4,998703,3819,2,2,cubic
0.382,24990,17,20160,24.6,23.7,20.1,44.1,1.3,1017218,3824,2,2,cubic
0.389,25318,17,20160,24.5,23.8,20.1,44.1,1.2,1034866,3828,2,2,cubic
0.396,25642,17,20160,24.4,23.8,20.1,44.1,1.0,1051548,3832,2,2,cubic
0.402,26042,18,18720,24.3,24.0,20.1,44.1,0.9,1070277,3836,2,2,cubic
0.411,26435,18,20160,24.5,25.4,20.1,44.1,0.9,1080788,3842,2,2,cubic
0.419,26746,18,21600,24.6,25.3,20.1,44.1,0.9,1088740,3847,2,2,cubic
0.426,27052,18,21600,24.7,25.4,20.1,44.1,0.9,1096332,3851,2,2,cubic
0.433,27356,18,21600,24.8,25.3,20.1,44.1,0.8,1105069,3855,2,2,cubic
0.440,27805,19,18720,25.0,26.9,20.1,44.1,1.2,1110955,3859,2,2,cubic
0.450,28174,19,21600,25.3,27.0,20.1,44.1,1.4,1114698,3866,2,2,cubic
0.458,28465,19,23040,25.5,26.8,20.1,44.1,1.4,1118072,3871,2,2,cubic
0.465,28753,19,23040,25.6,26.8,20.1,44.1,1.4,1122068,3875,2,2,cubic
0.472,29039,20,23040,25.8,26.9,20.1,44.1,1.3,1126372,3879,2,2,cubic
0.478,29462,20,21600,26.1,28.7,20.1,44.1,1.7,1127084,3884,2,2,cubic
0.483,29532,20,28800,26.5,28.7,20.1,44.1,1.9,1116099,3890,2,2,cubic
0.490,29879,20,23040,26.7,28.7,20.1,44.1,2.0,1117431,3891,2,2,cubic
0.499,30154,20,24480,27.0,28.8,20.1,44.1,2.0,1116897,3896,2,2,cubic
0.505,30494,21,23040,27.2,28.7,20.1,44.1,2.0,1120443,3900,2,2,cubic
0.514,30830,21,24480,27.6,30.5,20.1,44.1,2.3,1116220,3906,2,2,cubic
0.521,31295,21,21600,28.0,30.5,20.1,44.1,2.4,1118717,3911,2,2,cubic
0.534,31557,21,25920,28.3,30.4,20.1,44.1,2.4,1115916,3918,2,2,cubic
0.541,31882,22,24480,28.6,30.5,20.1,44.1,2.4,1116668,3922,2,2,cubic
0.550,32268,22,24480,29.0,32.0,20.1,44.1,2.6,1113188,3928,2,2,cubic
0.560,32586,22,25920,29.6,33.8,20.1,44.1,3.2,1101138,3934,2,2,cubic
0.568,32964,22,24480,29.9,32.2,20.1,44.1,3.0,1101811,3939,2,2,cubic
0.578,33275,23,25920,30.2,32.2,20.1,44.1,2.9,1101748,3945,2,2,cubic
0.587,33644,23,25920,30.6,33.8,20.1,44.1,3.0,1097719,3951,2,2,cubic
0.597,29438,20,25920,31.1,33.9,20.1,44.1,3.1,947778,3957,2,2,cubic
0.607,29503,20,23040,31.4,33.9,20.1,44.1,3.0,939167,3960,2,2,cubic
0.617,29567,20,21600,31.7,33.8,20.1,44.1,2.9,932301,3965,2,2,cubic
0.627,29631,20,21600,32.2,35.6,20.1,44.1,3.1,920360,3971,2,2,cubic
0.637,29695,20,24480,32.6,35.4,20.1,44.1,3.1,910889,3977,2,2,cubic
0.644,29737,20,23040,32.3,30.4,20.1,44.1,2.9,919795,3981,2,2,cubic
0.653,29790,20,23040,31.9,29.0,20.1,44.1,3.0,933533,3986,2,2,cubic
0.661,29841,20,21600,31.6,29.1,20.1,44.1,3.0,945682,3991,2,2,cubic
0.671,29903,20,23040,31.2,29.0,20.1,44.1,2.9,957539,3997,2,2,cubic
0.680,29953,20,23040,30.9,28.9,20.1,44.1,2.7,968256,4002,2,2,cubic
0.688,30004,20,23040,30.7,28.9,20.1,44.1,2.6,977870,4007,2,2,cubic
0.697,30053,20,23040,30.5,28.9,20.1,44.1,2.4,986508,4012,2,2,cubic
0.705,30103,20,21600,30.3,29.0,20.1,44.1,2.1,994220,4017,2,2,cubic
0.715,30161,20,23040,30.1,28.9,20.1,44.1,1.9,1001793,4023,2,2,cubic
0.724,30210,20,23040,30.0,29.0,20.1,44.1,1.7,1008142,4028,2,2,cubic
0.732,30257,21,23040,29.8,28.8,20.1,44.1,1.6,1014450,4033,2,2,cubic
0.741,30305,21,24480,29.7,29.0,20.1,44.1,1.4,1019786,4039,2,2,cubic
0.748,30343,21,23040,29.6,28.9,20.1,44.1,1.3,1024512,4044,2,2,cubic
0.758,30399,21,24480,29.5,28.9,20.1,44.1,1.1,1029532,4050,2,2,cubic
0.766,30445,21,24480,29.5,29.0,20.1,44.1,1.0,1033329,4055,2,2,cubic
0.775,30491,21,23040,29.6,30.6,20.1,44.1,1.0,1029892,4060,2,2,cubic
0.785,30545,21,24480,29.9,32.2,20.1,44.1,1.4,1020513,4066,2,2,cubic
0.793,30590,21,23040,30.2,32.3,20.1,44.1,1.7,1011908,4071,2,2,cubic
0.804,30643,21,24480,30.5,32.1,20.1,44.1,1.7,1005710,4077,2,2,cubic
0.812,30687,21,24480,30.7,32.1,20.1,44.1,1.7,1000521,4082,2,2,cubic
0.820,30730,21,23040,30.9,32.3,20.1,44.1,1.7,995497,4087,2,2,cubic
0.832,30790,21,24480,31.0,32.2,20.1,44.1,1.6,992041,4093,2,2,cubic
0.841,30832,21,23040,31.2,32.2,20.1,44.1,1.5,988807,4098,2,2,cubic
0.859,23652,16,17280,31.4,32.1,20.1,44.1,1.2,753128,4104,2,2,cubic
0.868,23699,16,15840,31.3,30.5,20.1,44.1,1.1,757301,4109,2,2,cubic
0.878,23755,16,17280,31.2,30.7,20.1,44.1,1.0,760841,4115,2,2,cubic
0.886,23801,16,17280,30.1,22.3,20.1,44.1,3.0,790599,4120,2,2,cubic
0.895,23846,16,18720,29.1,22.2,20.1,44.1,4.2,818915,4125,2,2,cubic
0.902,23882,16,17280,28.2,22.0,20.1,44.1,4.9,845859,4129,2,2,cubic
0.909,23919,16,18720,27.5,22.1,20.1,44.1,5.2,870731,4134,2,2,cubic
0.915,23945,16,20160,27.0,23.8,20.1,44.1,4.8,886326,4138,2,2,cubic
0.920,23981,16,20160,26.4,22.2,20.1,44.1,4.8,908061,4141,2,2,cubic
0.925,24007,16,18720,25.9,22.2,20.1,44.1,4.7,927699,4144,2,2,cubic
0.932,24042,16,18720,25.6,23.7,20.1,44.1,4.1,939103,4148,2,2,cubic
0.939,24077,16,18720,25.4,24.3,20.1,44.1,3.4,946422,4152,2,2,cubic
0.011,3072,2,0,25.1,26.7,20.1,44.1,1.9,958670,4157,3,3,cubic
0.006,14722,10,0,26.0,32.5,20.1,44.1,3.2,565491,4159,3,3,cubic
0.032,21842,15,8640,25.8,24.1,20.1,44.1,2.9,846786,4170,3,3,cubic
0.040,18465,12,12960,25.1,20.5,20.1,44.1,3.5,734632,4177,3,3,cubic
0.046,18500,12,14400,24.5,20.3,20.1,44.1,3.8,754240,4180,3,3,cubic
0.058,18554,12,11520,24.3,22.8,20.1,44.1,3.3,763193,4183,3,3,cubic
0.064,18585,12,12960,24.1,22.8,20.1,44.1,2.8,770330,4188,3,3,cubic
0.071,18616,12,14400,23.9,22.1,20.1,44.1,2.7,780021,4192,3,3,cubic
0.076,18639,12,17280,23.6,21.7,20.1,44.1,2.5,790022,4195,3,3,cubic
0.084,18671,12,11520,23.4,21.7,20.1,44.1,2.4,799306,4196,3,3,cubic
0.090,18700,12,12960,23.0,20.8,20.1,44.1,2.4,811878,4201,3,3,cubic
0.097,18730,13,12960,22.7,20.4,20.1,44.1,2.5,825219,4205,3,3,cubic
0.109,18784,13,12960,22.6,21.7,20.1,44.1,2.1,831997,4210,3,3,cubic
0.116,18813,13,14400,22.5,21.6,20.1,44.1,1.8,837734,4215,3,3,cubic
0.123,18842,13,15840,22.3,21.4,20.1,44.1,1.6,843948,4219,3,3,cubic
0.128,18864,13,17280,22.2,21.3,20.1,44.1,1.5,849729,4222,3,3,cubic
0.135,18894,13,12960,22.2,22.3,20.1,44.1,1.1,850391,4224,3,3,cubic
0.142,18921,13,14400,22.2,21.8,20.1,44.1,1.0,853604,4229,3,3,cubic
0.148,19020,13,15840,22.2,22.2,20.1,44.1,0.7,857800,4233,3,3,cubic
0.153,19236,13,17280,22.0,20.5,20.1,44.1,1.0,875796,4236,3,3,cubic
0.160,19769,13,12960,22.0,21.9,20.1,44.1,0.7,900350,4238,3,3,cubic
0.167,20184,14,14400,22.0,21.9,20.1,44.1,0.6,919502,4243,3,3,cubic
0.174,20590,14,15840,21.7,20.3,20.1,44.1,0.8,947145,4248,3,3,cubic
0.179,20690,14,20160,21.6,20.3,20.1,44.1,1.0,959602,4252,3,3,cubic
0.186,21185,14,14400,21.7,22.7,20.1,44.1,1.0,976402,4253,3,3,cubic
0.192,21572,14,15840,21.9,23.0,20.1,44.1,1.1,986689,4258,3,3,cubic
0.199,21953,15,15840,22.1,23.9,20.1,44.1,1.3,992854,4262,3,3,cubic
0.206,22233,15,18720,21.9,20.2,20.1,44.1,1.5,1016319,4267,3,3,cubic
0.211,22602,15,17280,22.1,23.3,20.1,44.1,1.4,1024848,4270,3,3,cubic
0.218,22965,15,17280,22.3,24.2,20.1,44.1,1.6,1028805,4274,3,3,cubic
0.225,23322,16,17280,22.7,25.1,20.1,44.1,1.9,1028851,4278,3,3,cubic
0.232,23674,16,18720,22.6,21.9,20.1,44.1,1.6,1048775,4283,3,3,cubic
0.238,23933,16,20160,22.5,21.9,20.1,44.1,1.4,1064067,4287,3,3,cubic
0.243,24276,16,18720,22.4,22.0,20.1,44.1,1.2,1082348,4290,3,3,cubic
0.250,24698,17,17280,22.3,21.8,20.1,44.1,1.0,1105154,4294,3,3,cubic
0.259,25031,17,20160,22.5,23.6,20.1,44.1,1.1,1112241,4300,3,3,cubic
0.266,25358,17,20160,22.7,23.7,20.1,44.1,1.1,1119360,4304,3,3,cubic
0.272,25682,17,20160,22.8,23.6,20.1,44.1,1.1,1127540,4308,3,3,cubic
0.279,26001,18,20160,22.9,23.6,20.1,44.1,1.0,1136606,4312,3,3,cubic
0.286,26474,18,18720,23.2,25.6,20.1,44.1,1.4,1140579,4317,3,3,cubic
0.296,26784,18,21600,23.5,25.5,20.1,44.1,1.6,1139938,4323,3,3,cubic
0.303,27090,18,21600,23.7,25.5,20.1,44.1,1.7,1140823,4327,3,3,cubic
0.310,27393,19,21600,23.9,25.4,20.1,44.1,1.7,1143853,4331,3,3,cubic
0.316,27767,19,21600,24.3,26.8,20.1,44.1,2.0,1142251,4336,3,3,cubic
0.325,28210,19,20160,24.6,26.9,20.1,44.1,2.1,1145537,4341,3,3,cubic
0.335,28501,19,23040,24.9,26.9,20.1,44.1,2.2,1144388,4347,3,3,cubic
0.342,28789,19,23040,25.1,26.8,20.1,44.1,2.1,1144828,4351,3,3,cubic
0.348,29145,20,21600,25.6,28.7,20.1,44.1,2.5,1139144,4355,3,3,cubic
0.357,29497,20,23040,26.0,28.7,20.1,44.1,2.6,1135766,4361,3,3,cubic
0.365,29914,20,21600,26.3,28.8,20.1,44.1,2.7,1136593,4366,3,3,cubic
0.376,30188,20,24480,26.6,28.9,20.1,44.1,2.6,1133055,4372,3,3,cubic
0.382,30528,21,23040,26.9,28.8,20.1,44.1,2.5,1134237,4376,3,3,cubic
0.391,30931,21,23040,27.4,30.6,20.1,44.1,2.8,1130023,4382,3,3,cubic
0.401,31262,21,24480,27.8,30.4,20.1,44.1,2.9,1126558,4388,3,3,cubic
0.409,31590,21,24480,28.1,30.3,20.1,44.1,2.8,1125561,4393,3,3,cubic
0.418,31915,22,24480,28.4,30.4,20.1,44.1,2.7,1125352,4398,3,3,cubic
0.426,32300,22,24480,28.8,32.0,20.1,44.1,2.9,1120866,4404,3,3,cubic
0.436,32681,22,24480,29.2,32.2,20.1,44.1,3.0,1117834,4410,3,3,cubic
0.447,32995,22,25920,29.6,32.2,20.1,44.1,3.0,1114470,4416,3,3,cubic
0.455,33306,23,25920,29.9,32.1,20.1,44.1,2.9,1113131,4421,3,3,cubic
0.464,33675,23,25920,30.4,33.9,20.1,44.1,3.2,1107256,4427,3,3,cubic
0.474,34040,23,25920,30.9,34.0,20.1,44.1,3.3,1103153,4433,3,3,cubic
0.484,34402,23,25920,31.2,33.9,20.1,44.1,3.2,1101463,4439,3,3,cubic
0.494,34700,24,27360,31.6,34.1,20.1,44.1,3.1,1098553,4445,3,3,cubic
0.505,35054,24,27360,32.1,35.8,20.1,44.1,3.4,1091582,4451,3,3,cubic
0.515,30672,21,27360,32.6,35.9,20.1,44.1,3.5,941378,4457,3,3,cubic
0.525,30740,21,23040,33.0,36.0,20.1,44.1,3.5,931289,4460,3,3,cubic
0.530,30775,21,21600,33.3,35.6,20.1,44.1,3.2,923203,4466,3,3,cubic
0.547,30883,21,23040,33.6,35.6,20.1,44.1,3.0,918699,4473,3,3,cubic
0.555,30938,21,21600,33.2,30.3,20.1,44.1,3.1,931895,4479,3,3,cubic
0.562,30981,21,30240,32.8,30.3,20.1,44.1,3.0,943478,4486,3,3,cubic
0.570,31033,21,25920,33.5,38.0,20.1,44.1,3.6,926773,4487,3,3,cubic
0.577,31076,21,25920,34.1,38.5,20.1,44.1,3.9,910972,4491,3,3,cubic
0.584,31118,21,24480,33.7,30.4,20.1,44.1,3.9,924644,4495,3,3,cubic
0.592,31170,21,24480,33.4,31.9,20.1,44.1,3.3,932172,4500,3,3,cubic
0.601,31223,21,25920,33.9,37.3,20.1,44.1,3.5,920462,4505,3,3,cubic
0.607,31264,21,25920,33.5,30.6,20.1,44.1,3.4,933142,4509,3,3,cubic
0.614,31304,21,25920,33.1,30.5,20.1,44.1,3.3,944798,4513,3,3,cubic
0.630,24015,16,17280,32.6,30.8,20.1,44.1,2.8,737334,4517,3,3,cubic
0.638,24063,16,18720,32.3,30.8,20.1,44.1,2.6,743971,4522,3,3,cubic
0.645,24101,16,18720,32.2,30.9,20.1,44.1,2.3,749479,4526,3,3,cubic
0.652,24138,16,18720,32.0,31.0,20.1,44.1,2.0,754171,4530,3,3,cubic
0.659,24175,16,18720,30.8,22.1,20.1,44.1,4.0,785897,4534,3,3,cubic
0.665,24212,16,18720,29.7,22.0,20.1,44.1,5.2,816015,4538,3,3,cubic
0.672,24248,16,18720,28.7,22.0,20.1,44.1,5.8,844524,4542,3,3,cubic
0.679,24283,16,18720,28.2,24.4,20.1,44.1,5.4,861955,4546,3,3,cubic
0.685,24319,16,18720,27.6,23.7,20.1,44.1,5.2,880867,4550,3,3,cubic
0.691,24346,16,20160,27.1,23.3,20.1,44.1,5.0,899239,4554,3,3,cubic
0.696,24373,16,18720,26.6,23.2,20.1,44.1,4.7,916553,4557,3,3,cubic
0.702,24408,16,18720,26.2,23.3,20.1,44.1,4.3,932421,4561,3,3,cubic
0.709,24443,16,18720,25.8,23.4,20.1,44.1,4.0,946302,4565,3,3,cubic
0.716,24478,16,18720,25.5,23.2,20.1,44.1,3.6,959996,4569,3,3,cubic
0.723,24512,17,18720,25.3,23.6,20.1,44.1,3.2,970272,4573,3,3,cubic
0.729,24546,17,20160,25.2,24.8,20.1,44.1,2.5,973931,4578,3,3,cubic
0.736,24580,17,20160,25.2,25.4,20.1,44.1,1.9,974198,4582,3,3,cubic
0.743,24614,17,20160,25.3,26.0,20.1,44.1,1.7,971809,4586,3,3,cubic
0.750,24647,17,20160,25.5,26.8,20.1,44.1,1.6,965867,4590,3,3,cubic
0.757,24680,17,20160,25.5,25.3,20.1,44.1,1.3,968260,4594,3,3,cubic
0.763,24861,17,18720,25.5,25.4,20.1,44.1,1.0,975821,4598,3,3,cubic
0.772,25191,17,20160,25.5,25.3,20.1,44.1,0.8,989706,4603,3,3,cubic
0.779,25598,17,18720,25.5,25.6,20.1,44.1,0.6,1005183,4607,3,3,cubic
0.787,25918,17,20160,25.5,25.4,20.1,44.1,0.5,1018268,4612,3,3,cubic
0.794,26235,18,20160,25.4,25.3,20.1,44.1,0.4,1031412,4616,3,3,cubic
0.801,26626,18,20160,25.4,25.4,20.1,44.1,0.3,1046866,4621,3,3,cubic
0.809,26934,18,21600,25.4,25.3,20.1,44.1,0.2,1059476,4626,3,3,cubic
0.816,27314,18,20160,25.4,25.4,20.1,44.1,0.2,1074592,4630,3,3,cubic
0.824,27615,19,21600,25.4,25.4,20.1,44.1,0.2,1086734,4635,3,3,cubic
0.831,27986,19,21600,25.6,27.1,20.1,44.1,0.5,1092520,4640,3,3,cubic
0.840,28352,19,21600,25.8,27.0,20.1,44.1,0.7,1099596,4645,3,3,cubic
0.848,28642,19,23040,25.9,27.1,20.1,44.1,0.9,1103993,4650,3,3,cubic
0.855,29000,20,21600,26.1,27.1,20.1,44.1,0.9,1111451,4654,3,3,cubic
0.863,29353,20,23040,26.4,28.7,20.1,44.1,1.4,1111350,4660,3,3,cubic
0.872,29702,20,23040,26.7,28.7,20.1,44.1,1.6,1112559,4665,3,3,cubic
0.880,30048,20,23040,26.9,28.7,20.1,44.1,1.7,1115077,4670,3,3,cubic
0.889,30389,21,23040,27.2,28.8,20.1,44.1,1.7,1118229,4675,3,3,cubic
0.897,30794,21,23040,27.6,30.4,20.1,44.1,2.1,1116452,4681,3,3,cubic
0.907,31127,21,24480,27.9,30.5,20.1,44.1,2.3,1113986,4687,3,3,cubic
0.916,31456,21,24480,28.3,30.5,20.1,44.1,2.4,1113171,4692,3,3,cubic
0.924,31782,22,24480,28.5,30.5,20.1,44.1,2.3,1113712,4697,3,3,cubic
0.933,32169,22,24480,29.0,32.2,20.1,44.1,2.7,1109581,4703,3,3,cubic
0.943,32551,22,24480,29.4,32.1,20.1,44.1,2.8,1108005,4709,3,3,cubic
0.953,32866,22,25920,29.7,32.1,20.1,44.1,2.8,1105891,4715,3,3,cubic
0.962,33178,23,25920,30.0,32.2,20.1,44.1,2.7,1105086,4720,3,3,cubic
0.970,33549,23,25920,30.5,33.9,20.1,44.1,3.0,1099822,4726,3,3,cubic
0.980,29355,20,25920,30.9,33.7,20.1,44.1,3.0,949754,4732,3,3,cubic
0.990,29420,20,21600,31.3,33.8,20.1,44.1,3.0,940898,4735,3,3,cubic
1.000,29485,20,23040,31.6,33.8,20.1,44.1,2.9,933424,4741,3,3,cubic
1.011,29549,20,21600,32.1,35.5,20.1,44.1,3.2,921046,4746,3,3,cubic
0.006,29549,20,0,31.1,27.7,20.1,44.1,3.1,948725,4753,3,3,cubic
0.005,29549,20,0,30.7,27.3,20.1,44.1,3.3,963638,4754,3,3,cubic
0.010,29549,20,0,28.9,20.2,20.1,44.1,5.2,1024228,4756,3,3,cubic
0.006,29549,20,0,29.2,31.9,20.1,44.1,4.6,1010705,4758,3,3,cubic
0.032,29686,20,23040,29.0,27.0,20.1,44.1,4.0,1025210,4779,3,3,cubic
0.039,29727,20,24480,28.7,27.0,20.1,44.1,3.5,1035278,4784,3,3,cubic
0.045,29767,20,24480,29.4,34.0,20.1,44.1,3.9,1013551,4788,3,3,cubic
0.052,29808,20,24480,30.1,35.1,20.1,44.1,4.4,990957,4792,3,3,cubic
0.059,29849,20,24480,30.8,36.2,20.1,44.1,4.8,967929,4796,3,3,cubic
0.066,29889,20,23040,30.5,28.4,20.1,44.1,4.2,978779,4800,3,3,cubic
0.074,29939,20,24480,30.5,30.2,20.1,44.1,3.2,981638,4805,3,3,cubic
0.081,29979,20,24480,30.5,30.5,20.1,44.1,2.4,983143,4809,3,3,cubic
0.088,30019,20,24480,30.5,30.5,20.1,44.1,1.8,984390,4813,3,3,cubic
0.096,30065,20,24480,30.5,30.4,20.1,44.1,1.4,986352,4817,3,3,cubic
0.103,30105,20,23040,30.5,30.4,20.1,44.1,1.1,987794,4821,3,3,cubic
0.111,30153,20,24480,30.5,30.5,20.1,44.1,0.8,989304,4826,3,3,cubic
0.118,30190,20,24480,30.5,30.3,20.1,44.1,0.6,991233,4830,3,3,cubic
0.125,30228,20,24480,30.4,30.3,20.1,44.1,0.5,992937,4834,3,3,cubic
0.131,30266,21,24480,30.3,29.0,20.1,44.1,0.8,1000297,4838,3,3,cubic
0.138,30303,21,24480,30.1,28.8,20.1,44.1,0.9,1007581,4843,3,3,cubic
0.154,23238,16,20160,29.8,29.1,20.1,44.1,0.9,779145,4848,3,3,cubic
0.160,23275,16,18720,29.7,29.0,20.1,44.1,0.9,783142,4851,3,3,cubic
0.167,23312,16,17280,29.6,28.9,20.1,44.1,0.9,786982,4855,3,3,cubic
0.174,23349,16,17280,29.7,30.6,20.1,44.1,0.9,784919,4860,3,3,cubic
0.182,23394,16,18720,28.8,22.1,20.1,44.1,2.6,812714,4865,3,3,cubic
0.187,23421,16,20160,27.9,22.1,20.1,44.1,3.6,837960,4869,3,3,cubic
0.194,23457,16,18720,27.8,26.7,20.1,44.1,3.0,843868,4872,3,3,cubic
0.201,23493,16,18720,27.6,25.9,20.1,44.1,2.8,852616,4876,3,3,cubic
0.208,23528,16,18720,27.1,23.8,20.1,44.1,3.0,868897,4880,3,3,cubic
0.215,23563,16,18720,26.8,24.9,20.1,44.1,2.8,878888,4884,3,3,cubic
0.221,23598,16,18720,26.6,24.9,20.1,44.1,2.6,887977,4888,3,3,cubic
0.228,23632,16,18720,26.4,25.5,20.1,44.1,2.2,893797,4892,3,3,cubic
0.235,23666,16,18720,26.3,25.7,20.1,44.1,1.8,898344,4896,3,3,cubic
0.242,23700,16,18720,26.3,25.8,20.1,44.1,1.5,901963,4900,3,3,cubic
0.248,23733,16,18720,26.2,25.8,20.1,44.1,1.2,905079,4904,3,3,cubic
0.255,23767,16,18720,26.2,26.4,20.1,44.1,1.0,905685,4908,3,3,cubic
0.262,23800,16,18720,26.3,26.8,20.1,44.1,0.9,904736,4912,3,3,cubic
0.269,23833,16,18720,26.0,23.7,20.1,44.1,1.3,917571,4916,3,3,cubic
0.276,23865,16,18720,25.7,23.7,20.1,44.1,1.5,928960,4920,3,3,cubic
0.282,24127,16,18720,25.4,23.7,20.1,44.1,1.7,948500,4924,3,3,cubic
0.289,24467,16,18720,25.2,23.7,20.1,44.1,1.7,970335,4928,3,3,cubic
0.296,24886,17,17280,25.0,23.6,20.1,44.1,1.7,994922,4932,3,3,cubic
0.304,25216,17,20160,24.8,23.7,20.1,44.1,1.6,1014932,4938,3,3,cubic
0.311,25541,17,20160,24.7,23.6,20.1,44.1,1.5,1034299,4942,3,3,cubic
0.318,25862,17,20160,24.5,23.5,20.1,44.1,1.4,1053484,4946,3,3,cubic
0.325,26179,18,20160,24.4,23.7,20.1,44.1,1.3,1071153,4950,3,3,cubic
0.332,26649,18,18720,24.5,25.3,20.1,44.1,1.2,1085587,4955,3,3,cubic
0.342,26957,18,21600,24.6,25.3,20.1,44.1,1.1,1093812,4961,3,3,cubic
0.348,27261,18,21600,24.7,25.2,20.1,44.1,1.0,1102791,4965,3,3,cubic
0.355,27562,19,21600,24.8,25.3,20.1,44.1,0.9,1111908,4969,3,3,cubic
0.362,27934,19,21600,25.1,27.1,20.1,44.1,1.2,1113929,4974,3,3,cubic
0.370,28374,19,20160,25.4,27.3,20.1,44.1,1.5,1119201,4979,3,3,cubic
0.381,28663,19,23040,25.6,27.2,20.1,44.1,1.6,1120611,4985,3,3,cubic
0.387,28950,20,23040,25.8,27.1,20.1,44.1,1.5,1123530,4989,3,3,cubic
0.394,29304,20,23040,26.1,28.7,20.1,44.1,1.9,1121212,4994,3,3,cubic
0.403,29654,20,23040,26.5,28.7,20.1,44.1,2.1,1120668,4999,3,3,cubic
0.411,30069,20,21600,26.7,28.1,20.1,44.1,2.0,1127657,5004,3,3,cubic
0.421,30410,21,23040,26.9,28.8,20.1,44.1,2.0,1129391,5010,3,3,cubic
0.430,30747,21,24480,27.4,30.6,20.1,44.1,2.4,1122726,5016,3,3,cubic
0.438,31080,21,24480,27.8,30.5,20.1,44.1,2.6,1118951,5021,3,3,cubic
0.447,31410,21,24480,28.1,30.5,20.1,44.1,2.6,1117236,5026,3,3,cubic
0.455,31802,22,23040,28.4,30.5,20.1,44.1,2.6,1119197,5031,3,3,cubic
0.465,32189,22,24480,28.9,32.0,20.1,44.1,2.8,1115118,5038,3,3,cubic
0.475,32507,22,25920,29.3,32.1,20.1,44.1,2.9,1110439,5044,3,3,cubic
0.484,32822,22,25920,29.6,32.2,20.1,44.1,2.9,1107392,5049,3,3,cubic
0.492,33135,23,25920,30.0,32.2,20.1,44.1,2.8,1106196,5054,3,3,cubic
0.499,28993,20,24480,30.4,33.9,20.1,44.1,3.1,952307,5060,3,3,cubic
0.513,29080,20,21600,30.9,33.9,20.1,44.1,3.2,941740,5064,3,3,cubic
0.523,29143,20,23040,31.2,33.8,20.1,44.1,3.1,932605,5070,3,3,cubic
0.531,29197,20,23040,31.6,33.9,20.1,44.1,3.0,924657,5075,3,3,cubic
0.542,29259,20,23040,32.3,37.3,20.1,44.1,3.7,906188,5080,3,3,cubic
0.550,29309,20,23040,32.0,30.3,20.1,44.1,3.3,914791,5085,3,3,cubic
0.558,29361,20,21600,31.8,30.4,20.1,44.1,2.9,922315,5090,3,3,cubic
0.568,29422,20,23040,31.6,30.3,20.1,44.1,2.5,929693,5096,3,3,cubic
0.577,29473,20,23040,31.3,28.8,20.1,44.1,2.6,942050,5101,3,3,cubic
0.585,29523,20,23040,31.0,29.0,20.1,44.1,2.5,952385,5106,3,3,cubic
0.594,29572,20,23040,30.7,29.0,20.1,44.1,2.4,961878,5111,3,3,cubic
0.602,29623,20,21600,30.5,29.0,20.1,44.1,2.2,970418,5116,3,3,cubic
0.612,29680,20,23040,30.3,29.0,20.1,44.1,2.1,978536,5122,3,3,cubic
0.621,29728,20,23040,30.2,29.0,20.1,44.1,1.9,985578,5127,3,3,cubic
0.629,29775,20,23040,30.0,28.9,20.1,44.1,1.7,992202,5132,3,3,cubic
0.638,29823,20,23040,29.9,28.8,20.1,44.1,1.6,999028,5137,3,3,cubic
0.646,29870,20,21600,29.7,29.0,20.1,44.1,1.4,1004202,5142,3,3,cubic
0.657,29925,20,23040,29.7,29.0,20.1,44.1,1.2,1009206,5148,3,3,cubic
0.664,29963,20,23040,29.6,29.1,20.1,44.1,1.1,1012845,5153,3,3,cubic
0.672,30008,20,23040,29.5,29.0,20.1,44.1,0.9,1016841,5158,3,3,cubic
0.680,30053,20,23040,29.4,28.9,20.1,44.1,0.9,1020926,5163,3,3,cubic
0.689,30098,20,21600,29.4,29.1,20.1,44.1,0.7,1023741,5168,3,3,cubic
0.699,30150,20,23040,29.5,30.4,20.1,44.1,0.8,1021203,5174,3,3,cubic
0.708,30194,20,23040,29.6,30.4,20.1,44.1,0.8,1018725,5179,3,3,cubic
0.716,30238,20,23040,29.7,30.5,20.1,44.1,0.8,1016540,5184,3,3,cubic
0.725,30281,21,23040,29.8,30.5,20.1,44.1,0.8,1014710,5189,3,3,cubic
0.733,30322,21,23040,29.9,30.5,20.1,44.1,0.8,1013368,5195,3,3,cubic
0.743,30372,21,24480,30.0,30.4,20.1,44.1,0.7,1012838,5201,3,3,cubic
0.752,30414,21,24480,30.0,30.5,20.1,44.1,0.7,1012247,5206,3,3,cubic
0.760,30484,21,24480,30.1,30.4,20.1,44.1,0.6,1013127,5211,3,3,cubic
0.768,30887,21,23040,30.3,32.1,20.1,44.1,0.9,1018029,5216,3,3,cubic
0.779,31286,21,23040,30.6,32.2,20.1,44.1,1.2,1023354,5222,3,3,cubic
0.789,31614,21,24480,30.8,32.1,20.1,44.1,1.3,1027629,5228,3,3,cubic
0.797,31938,22,24480,30.9,32.1,20.1,44.1,1.3,1032623,5233,3,3,cubic
0.807,32259,22,25920,31.1,32.2,20.1,44.1,1.3,1037500,5239,3,3,cubic
0.816,32640,22,24480,31.2,32.3,20.1,44.1,1.3,1044780,5244,3,3,cubic
0.826,33017,22,24480,31.4,32.4,20.1,44.1,1.2,1052099,5250,3,3,cubic
0.845,25328,17,17280,31.7,32.7,20.1,44.1,1.2,799898,5256,3,3,cubic
0.855,25386,17,18720,31.7,32.3,20.1,44.1,1.1,799584,5262,3,3,cubic
0.863,25435,17,17280,31.8,32.2,20.1,44.1,0.9,799641,5267,3,3,cubic
0.873,25492,17,18720,30.8,23.7,20.1,44.1,2.7,827796,5273,3,3,cubic
0.882,25539,17,18720,29.9,23.7,20.1,44.1,3.8,854032,5278,3,3,cubic
0.890,25587,17,18720,29.1,23.7,20.1,44.1,4.4,878282,5283,3,3,cubic
0.899,25633,17,17280,28.5,23.7,20.1,44.1,4.6,900699,5288,3,3,cubic
0.907,25680,17,18720,27.9,23.9,20.1,44.1,4.6,920925,5294,3,3,cubic
0.916,25726,17,18720,27.4,23.8,20.1,44.1,4.5,939625,5299,3,3,cubic
0.924,25772,17,18720,26.9,23.9,20.1,44.1,4.2,956679,5304,3,3,cubic
0.933,25816,17,20160,26.7,25.3,20.1,44.1,3.6,965697,5309,3,3,cubic
0.938,25843,17,21600,27.0,29.1,20.1,44.1,3.3,956121,5313,3,3,cubic
0.945,25878,17,20160,26.8,25.3,20.1,44.1,2.9,965164,5316,3,3,cubic
0.951,25914,17,17280,26.6,25.4,20.1,44.1,2.5,973149,5320,3,3,cubic
0.961,25965,18,18720,26.5,25.4,20.1,44.1,2.2,980810,5326,3,3,cubic
0.970,26009,18,21600,26.3,25.4,20.1,44.1,1.9,987733,5332,3,3,cubic
0.975,26034,18,23040,26.2,25.4,20.1,44.1,1.7,993171,5336,3,3,cubic
0.982,26068,18,21600,26.1,25.4,20.1,44.1,1.5,998582,5339,3,3,cubic
0.989,26102,18,18720,26.0,25.5,20.1,44.1,1.3,1002920,5343,3,3,cubic
0.999,26457,18,18720,26.2,27.1,20.1,44.1,1.2,1011430,5349,3,3,cubic
1.009,26767,18,21600,26.3,27.0,20.1,44.1,1.1,1019345,5355,3,3,cubic
1.014,26996,18,23040,26.3,26.9,20.1,44.1,1.0,1024710,5359,3,3,cubic
1.021,27300,18,21600,26.4,26.7,20.1,44.1,0.8,1034561,5362,3,3,cubic
1.028,27751,19,18720,26.5,27.1,20.1,44.1,0.8,1048117,5366,3,3,cubic
0.010,27751,19,55,26.8,27.1,20.1,44.1,0.6,1036606,5368,3,3,cubic
0.006,27751,19,0,27.4,31.5,20.1,44.1,1.7,1014439,5369,3,3,cubic
0.005,27751,19,0,27.3,26.9,20.1,44.1,1.4,1016706,5370,3,3,cubic
0.006,27751,19,0,27.1,26.1,20.1,44.1,1.3,1022324,5371,3,3,cubic
0.005,27751,19,0,27.1,26.6,20.1,44.1,1.1,1024929,5372,3,3,cubic
0.024,27751,19,0,27.0,26.2,20.1,44.1,1.1,1029110,5374,3,3,cubic
0.008,27655,19,0,28.3,20.1,20.1,46.8,6.7,977761,5378,4,4,cubic
0.033,28298,19,18720,27.9,25.1,20.1,46.8,5.8,1014665,5398,4,4,cubic
0.038,28328,19,27360,27.5,25.1,20.1,46.8,5.0,1028388,5405,4,4,cubic
0.045,28537,19,23040,28.1,32.2,20.1,46.8,4.9,1014648,5406,4,4,cubic
0.052,28752,19,24480,28.7,32.8,20.1,46.8,4.9,1001358,5410,4,4,cubic
0.057,29038,20,23040,29.3,33.8,20.1,46.8,4.9,989437,5413,4,4,cubic
0.064,29391,20,23040,29.1,27.0,20.1,46.8,4.3,1011529,5418,4,4,cubic
0.072,29670,20,24480,29.6,33.8,20.1,46.8,4.4,1000843,5423,4,4,cubic
0.079,29946,20,24480,29.5,28.4,20.1,46.8,3.6,1015462,5427,4,4,cubic
0.086,30220,20,24480,29.4,28.6,20.1,46.8,2.9,1028695,5431,4,4,cubic
0.091,30492,21,24480,29.3,28.7,20.1,46.8,2.4,1041002,5435,4,4,cubic
0.099,30761,21,25920,29.4,30.5,20.1,46.8,2.1,1044658,5440,4,4,cubic
0.106,31094,21,24480,29.6,30.5,20.1,46.8,1.8,1051360,5444,4,4,cubic
0.115,31358,21,25920,29.7,30.7,20.1,46.8,1.6,1055434,5449,4,4,cubic
0.121,31619,21,25920,29.8,30.6,20.1,46.8,1.4,1060470,5453,4,4,cubic
0.128,31944,22,24480,30.1,32.1,20.1,46.8,1.6,1061297,5457,4,4,cubic
0.137,32200,22,27360,30.3,32.1,20.1,46.8,1.7,1061165,5463,4,4,cubic
0.143,32519,22,25920,30.6,32.1,20.1,46.8,1.7,1063929,5467,4,4,cubic
0.152,28454,19,27360,30.8,32.1,20.1,46.8,1.7,925182,5472,4,4,cubic
0.159,28497,19,23040,30.9,32.3,20.1,46.8,1.6,920862,5473,4,4,cubic
0.166,28540,19,21600,31.1,32.2,20.1,46.8,1.6,917478,5477,4,4,cubic
0.174,28594,19,21600,31.5,34.1,20.1,46.8,1.9,908293,5482,4,4,cubic
0.183,28647,19,21600,31.8,34.4,20.1,46.8,2.2,899745,5487,4,4,cubic
0.191,28697,19,21600,31.4,28.7,20.1,46.8,2.4,912493,5492,4,4,cubic
0.199,28748,19,23040,31.1,28.6,20.1,46.8,2.5,924551,5497,4,4,cubic
0.206,28789,19,21600,30.8,28.4,20.1,46.8,2.5,935984,5501,4,4,cubic
0.215,28839,20,21600,30.5,28.3,20.1,46.8,2.5,946907,5506,4,4,cubic
0.223,28889,20,23040,30.2,28.5,20.1,46.8,2.4,956209,5512,4,4,cubic
0.232,28940,20,23040,30.0,28.7,20.1,46.8,2.2,963959,5517,4,4,cubic
0.240,28989,20,24480,29.9,28.8,20.1,46.8,1.9,970603,5522,4,4,cubic
0.247,29027,20,21600,29.7,28.7,20.1,46.8,1.7,976649,5526,4,4,cubic
0.257,29085,20,23040,29.8,30.4,20.1,46.8,1.5,975908,5532,4,4,cubic
0.265,29134,20,21600,29.9,30.4,20.1,46.8,1.2,975229,5537,4,4,cubic
0.275,29190,20,24480,29.9,30.4,20.1,46.8,1.1,975145,5543,4,4,cubic
0.282,29228,20,23040,30.0,30.5,20.1,46.8,0.9,974201,5547,4,4,cubic
0.291,29275,20,21600,30.1,30.5,20.1,46.8,0.8,973917,5552,4,4,cubic
0.301,29329,20,23040,30.1,30.4,20.1,46.8,0.7,974417,5558,4,4,cubic
0.309,29375,20,23040,30.1,30.4,20.1,46.8,0.6,974909,5563,4,4,cubic
0.318,29420,20,23040,30.2,30.4,20.1,46.8,0.5,975270,5568,4,4,cubic
0.326,29465,20,23040,30.2,30.3,20.1,46.8,0.4,976179,5573,4,4,cubic
0.335,29509,20,21600,30.2,30.5,20.1,46.8,0.4,976343,5578,4,4,cubic
0.345,29562,20,23040,30.3,30.5,20.1,46.8,0.4,977126,5584,4,4,cubic
0.353,29605,20,23040,30.3,30.6,20.1,46.8,0.4,977159,5589,4,4,cubic
0.362,29648,20,23040,30.3,30.4,20.1,46.8,0.3,978029,5594,4,4,cubic
0.370,29690,20,23040,30.3,30.5,20.1,46.8,0.3,978834,5599,4,4,cubic
0.379,29732,20,21600,30.3,30.4,20.1,46.8,0.2,979992,5604,4,4,cubic
0.389,29782,20,23040,30.3,30.3,20.1,46.8,0.2,981770,5610,4,4,cubic
0.397,29824,20,23040,30.4,30.6,20.1,46.8,0.2,982280,5615,4,4,cubic
0.406,30106,20,23040,30.4,30.6,20.1,46.8,0.2,990459,5620,4,4,cubic
0.414,30447,21,23040,30.4,30.6,20.1,46.8,0.2,1000953,5625,4,4,cubic
0.423,30851,21,23040,30.4,30.5,20.1,46.8,0.2,1013735,5631,4,4,cubic
0.433,31183,21,24480,30.4,30.4,20.1,46.8,0.1,1024913,5637,4,4,cubic
0.441,31512,21,24480,30.4,30.3,20.1,46.8,0.1,1036169,5642,4,4,cubic
0.450,31837,22,24480,30.4,30.5,20.1,46.8,0.1,1046374,5647,4,4,cubic
0.458,32224,22,24480,30.6,32.1,20.1,46.8,0.5,1051800,5653,4,4,cubic
0.469,32605,22,24480,30.8,32.2,20.1,46.8,0.8,1057436,5659,4,4,cubic
0.479,32920,22,25920,31.0,32.1,20.1,46.8,0.9,1062038,5665,4,4,cubic
0.487,28804,20,25920,31.1,32.0,20.1,46.8,0.9,925667,5670,4,4,cubic
0.496,28858,20,21600,31.5,33.8,20.1,46.8,1.4,917437,5673,4,4,cubic
0.506,28923,20,21600,31.7,33.7,20.1,46.8,1.6,911276,5679,4,4,cubic
0.516,28986,20,21600,32.0,33.8,20.1,46.8,1.7,905982,5685,4,4,cubic
0.526,29048,20,25920,32.2,33.7,20.1,46.8,1.7,901775,5691,4,4,cubic
0.531,29080,20,23040,32.0,30.5,20.1,46.8,1.7,908721,5694,4,4,cubic
0.540,29132,20,21600,31.8,30.3,20.1,46.8,1.7,916475,5699,4,4,cubic
0.550,29192,20,21600,31.6,30.4,20.1,46.8,1.6,923359,5705,4,4,cubic
0.560,29253,20,24480,31.5,30.5,20.1,46.8,1.5,929345,5711,4,4,cubic
0.567,29294,20,23040,31.4,30.5,20.1,46.8,1.4,934239,5715,4,4,cubic
0.575,29343,20,23040,31.2,30.4,20.1,46.8,1.3,939547,5720,4,4,cubic
0.584,29392,20,21600,31.1,30.5,20.1,46.8,1.1,943805,5725,4,4,cubic
0.594,29451,20,23040,31.1,30.4,20.1,46.8,1.0,948380,5731,4,4,cubic
0.602,29499,20,23040,31.0,30.4,20.1,46.8,0.9,952410,5736,4,4,cubic
0.611,29547,20,23040,30.9,30.5,20.1,46.8,0.8,955842,5741,4,4,cubic
0.619,29594,20,23040,30.9,30.5,20.1,46.8,0.7,959069,5746,4,4,cubic
0.628,29641,20,21600,30.8,30.5,20.1,46.8,0.6,962026,5751,4,4,cubic
0.638,29697,20,23040,30.8,30.6,20.1,46.8,0.5,964814,5757,4,4,cubic
0.646,29742,20,23040,30.7,30.4,20.1,46.8,0.5,967628,5762,4,4,cubic
0.663,22817,15,15840,30.7,30.4,20.1,46.8,0.4,744242,5767,4,4,cubic
0.672,22862,15,14400,30.6,30.3,20.1,46.8,0.4,746953,5772,4,4,cubic
0.682,22917,15,15840,30.6,30.5,20.1,46.8,0.3,749117,5778,4,4,cubic
0.690,22962,15,18720,29.5,22.0,20.1,46.8,2.4,777792,5783,4,4,cubic
0.695,22988,15,15840,28.6,22.1,20.1,46.8,3.7,804029,5786,4,4,cubic
0.704,23034,15,15840,27.8,21.9,20.1,46.8,4.4,829904,5791,4,4,cubic
0.712,23076,16,17280,27.0,21.9,20.1,46.8,4.8,853749,5796,4,4,cubic
0.718,23102,16,20160,26.6,23.2,20.1,46.8,4.5,870033,5800,4,4,cubic
0.723,23128,16,18720,26.1,23.3,20.1,46.8,4.2,884435,5803,4,4,cubic
0.729,23162,16,18720,25.7,22.6,20.1,46.8,4.0,900929,5807,4,4,cubic
0.736,23196,16,18720,25.3,22.5,20.1,46.8,3.8,916403,5811,4,4,cubic
0.743,23230,16,18720,25.0,23.2,20.1,46.8,3.4,927604,5815,4,4,cubic
0.750,23264,16,18720,24.8,23.4,20.1,46.8,3.0,936893,5819,4,4,cubic
0.757,23298,16,18720,24.7,23.9,20.1,46.8,2.5,942551,5823,4,4,cubic
0.763,23330,16,18720,24.6,23.6,20.1,46.8,2.1,948991,5827,4,4,cubic
0.770,23362,16,18720,24.6,24.7,20.1,46.8,1.6,949597,5831,4,4,cubic
0.777,23394,16,18720,24.6,24.8,20.1,46.8,1.3,950087,5835,4,4,cubic
0.783,23527,16,18720,24.8,25.7,20.1,46.8,1.2,950317,5839,4,4,cubic
0.790,23876,16,18720,25.0,26.8,20.1,46.8,1.4,954391,5843,4,4,cubic
0.797,24219,16,18720,24.9,23.7,20.1,46.8,1.4,974607,5847,4,4,cubic
0.804,24558,17,18720,24.7,23.7,20.1,46.8,1.3,993969,5851,4,4,cubic
0.811,24975,17,18720,24.6,23.7,20.1,46.8,1.3,1016028,5856,4,4,cubic
0.819,25304,17,20160,24.5,23.6,20.1,46.8,1.2,1034589,5861,4,4,cubic
0.826,25628,17,20160,24.4,23.7,20.1,46.8,1.1,1051879,5865,4,4,cubic
0.833,25948,18,20160,24.3,23.8,20.1,46.8,1.0,1068214,5869,4,4,cubic
0.840,26343,18,20160,24.4,25.5,20.1,46.8,1.0,1077687,5874,4,4,cubic
0.848,26732,18,20160,24.6,25.5,20.1,46.8,1.0,1087860,5879,4,4,cubic
0.856,27039,18,21600,24.7,25.4,20.1,46.8,1.0,1095539,5884,4,4,cubic
0.863,27342,18,21600,24.8,25.4,20.1,46.8,0.9,1103968,5888,4,4,cubic
0.870,27717,19,20160,25.0,26.8,20.1,46.8,1.2,1107660,5892,4,4,cubic
0.878,28087,19,21600,25.3,26.9,20.1,46.8,1.4,1111828,5898,4,4,cubic
0.887,28452,19,21600,25.5,27.1,20.1,46.8,1.5,1116377,5903,4,4,cubic
0.895,28741,19,23040,25.7,27.0,20.1,46.8,1.5,1119284,5908,4,4,cubic
0.902,29026,20,23040,25.9,27.1,20.1,46.8,1.5,1122385,5912,4,4,cubic
0.909,29450,20,21600,26.2,28.8,20.1,46.8,1.8,1123059,5917,4,4,cubic
0.919,29798,20,23040,26.6,28.9,20.1,46.8,2.0,1122292,5923,4,4,cubic
0.927,30142,20,23040,26.8,28.8,20.1,46.8,2.1,1123611,5928,4,4,cubic
0.936,30482,21,23040,27.1,28.7,20.1,46.8,2.0,1126626,5933,4,4,cubic
0.944,30818,21,24480,27.5,30.5,20.1,46.8,2.4,1121184,5939,4,4,cubic
0.953,31218,21,23040,27.9,30.5,20.1,46.8,2.5,1120450,5944,4,4,cubic
0.963,31546,21,24480,28.2,30.5,20.1,46.8,2.6,1119009,5950,4,4,cubic
0.972,31871,22,24480,28.5,30.5,20.1,46.8,2.5,1118987,5955,4,4,cubic
0.980,32257,22,24480,28.9,32.2,20.1,46.8,2.8,1114308,5961,4,4,cubic
0.990,32575,22,25920,29.3,32.2,20.1,46.8,2.9,1109918,5967,4,4,cubic
0.999,32953,22,24480,29.7,32.2,20.1,46.8,2.9,1109453,5972,4,4,cubic
1.009,33264,23,25920,30.0,32.1,20.1,46.8,2.8,1108800,5978,4,4,cubic
1.017,33634,23,25920,30.5,33.8,20.1,46.8,3.0,1103731,5984,4,4,cubic
1.027,33999,23,25920,30.9,33.9,20.1,46.8,3.1,1100291,5990,4,4,cubic
1.038,34301,23,27360,31.3,33.7,20.1,46.8,3.0,1097561,5996,4,4,cubic
1.046,34660,24,25920,31.6,33.9,20.1,46.8,2.9,1097599,6001,4,4,cubic
1.056,30327,21,27360,32.1,35.5,20.1,46.8,3.2,945591,6008,4,4,cubic
1.066,30394,21,23040,32.5,35.6,20.1,46.8,3.3,934854,6011,4,4,cubic
1.076,30460,21,23040,32.9,35.5,20.1,46.8,3.2,926145,6017,4,4,cubic
1.087,30526,21,23040,33.2,35.6,20.1,46.8,3.1,918793,6023,4,4,cubic
1.097,30591,21,25920,33.7,37.2,20.1,46.8,3.3,907071,6029,4,4,cubic
1.104,30634,21,24480,33.5,32.1,20.1,46.8,2.9,913902,6033,4,4,cubic
1.112,30687,21,23040,33.4,32.2,20.1,46.8,2.5,920011,6038,4,4,cubic
1.122,30751,21,23040,33.2,32.1,20.1,46.8,2.2,926207,6044,4,4,cubic
1.132,30813,21,24480,33.1,32.1,20.1,46.8,1.9,932117,6050,4,4,cubic
1.141,30865,21,24480,32.9,32.1,20.1,46.8,1.7,936949,6055,4,4,cubic
1.149,30916,21,24480,32.8,32.2,20.1,46.8,1.4,941183,6060,4,4,cubic
1.158,23670,16,23040,32.7,31.9,20.1,46.8,1.3,723211,6065,4,4,cubic
1.168,23727,16,15840,32.7,32.2,20.1,46.8,1.1,726551,6066,4,4,cubic
1.178,23782,16,17280,32.6,32.1,20.1,46.8,1.0,729867,6072,4,4,cubic
1.187,23829,16,17280,32.5,32.2,20.1,46.8,0.8,732478,6077,4,4,cubic
1.195,23875,16,17280,31.4,23.7,20.1,46.8,2.9,759842,6082,4,4,cubic
1.204,23921,16,17280,30.5,23.7,20.1,46.8,4.1,785299,6087,4,4,cubic
1.212,23966,16,18720,29.6,23.8,20.1,46.8,4.7,809060,6092,4,4,cubic
1.219,24001,16,18720,28.9,23.6,20.1,46.8,5.0,831261,6096,4,4,cubic
1.226,24037,16,18720,28.3,24.6,20.1,46.8,4.8,848135,6100,4,4,cubic
1.233,24073,16,18720,27.8,24.2,20.1,46.8,4.7,865374,6104,4,4,cubic
1.239,24107,16,18720,27.3,23.3,20.1,46.8,4.6,884498,6108,4,4,cubic
1.246,24141,16,20160,26.7,23.1,20.1,46.8,4.5,902939,6112,4,4,cubic
1.251,24167,16,18720,26.3,22.9,20.1,46.8,4.3,920332,6115,4,4,cubic
1.258,24201,16,20160,25.9,23.4,20.1,46.8,4.0,934437,6119,4,4,cubic
1.263,24227,16,18720,25.6,23.5,20.1,46.8,3.6,946256,6122,4,4,cubic
1.270,24260,16,20160,25.3,23.3,20.1,46.8,3.3,958476,6126,4,4,cubic
1.275,24285,16,18720,25.1,23.6,20.1,46.8,2.9,967414,6129,4,4,cubic
1.281,24319,16,18720,24.9,23.7,20.1,46.8,2.5,975608,6133,4,4,cubic
0.005,3072,2,0,24.7,23.7,20.1,46.8,1.7,986291,6136,5,5,cubic
0.006,14044,9,0,24.8,26.1,20.1,46.8,1.6,565515,6137,5,5,cubic
0.011,14212,9,0,25.1,27.2,20.1,46.8,1.8,565494,6138,5,5,cubic
0.006,14755,10,0,26.1,32.8,20.1,46.8,3.3,565499,6140,5,5,cubic
0.007,14789,10,0,26.2,26.6,20.1,46.8,2.6,565501,6141,5,5,cubic
0.033,21909,15,8640,25.9,24.0,20.1,46.8,2.5,846397,6152,5,5,cubic
0.040,18650,12,12960,25.2,20.4,20.1,46.8,3.2,740108,6159,5,5,cubic
0.048,18684,12,15840,24.6,20.2,20.1,46.8,3.7,760408,6163,5,5,cubic
0.058,18738,13,11520,24.3,22.8,20.1,46.8,3.2,769685,6165,5,5,cubic
0.065,18769,13,14400,24.1,22.2,20.1,46.8,2.9,779670,6171,5,5,cubic
0.072,18800,13,14400,23.7,21.4,20.1,46.8,2.9,791778,6175,5,5,cubic
0.083,18854,13,12960,23.5,21.7,20.1,46.8,2.7,802776,6179,5,5,cubic
0.090,18884,13,14400,23.1,20.8,20.1,46.8,2.7,815829,6184,5,5,cubic
0.097,18915,13,14400,22.9,20.8,20.1,46.8,2.6,827645,6188,5,5,cubic
0.104,18944,13,18720,22.5,20.3,20.1,46.8,2.6,840759,6192,5,5,cubic
0.109,18967,13,12960,22.4,21.5,20.1,46.8,2.2,846665,6193,5,5,cubic
0.115,18996,13,14400,22.3,21.5,20.1,46.8,1.9,852373,6198,5,5,cubic
0.122,19025,13,14400,22.2,21.3,20.1,46.8,1.6,858335,6202,5,5,cubic
0.129,19054,13,18720,21.9,20.2,20.1,46.8,1.7,869053,6206,5,5,cubic
0.134,19076,13,12960,21.9,21.8,20.1,46.8,1.3,870732,6207,5,5,cubic
0.141,19104,13,15840,21.9,22.2,20.1,46.8,1.1,870341,6212,5,5,cubic
0.146,19151,13,14400,22.0,22.3,20.1,46.8,0.9,870737,6215,5,5,cubic
0.153,19366,13,17280,21.8,20.2,20.1,46.8,1.1,889572,6219,5,5,cubic
0.159,19895,13,12960,21.8,21.8,20.1,46.8,0.9,913578,6221,5,5,cubic
0.166,20307,14,14400,21.6,20.3,20.1,46.8,1.0,940661,6226,5,5,cubic
0.171,20610,14,17280,21.7,22.6,20.1,46.8,1.0,949288,6231,5,5,cubic
0.178,20809,14,18720,21.5,20.3,20.1,46.8,1.1,966511,6234,5,5,cubic
0.185,21302,14,14400,21.7,22.8,20.1,46.8,1.1,982292,6236,5,5,cubic
0.191,21687,15,15840,21.8,22.9,20.1,46.8,1.2,993403,6241,5,5,cubic
0.198,21971,15,18720,22.1,24.0,20.1,46.8,1.4,994207,6246,5,5,cubic
0.203,22251,15,18720,22.1,21.9,20.1,46.8,1.1,1008109,6249,5,5,cubic
0.210,22711,15,15840,22.2,23.2,20.1,46.8,1.1,1022235,6252,5,5,cubic
0.217,23072,16,17280,22.5,24.1,20.1,46.8,1.3,1027339,6257,5,5,cubic
0.224,23428,16,18720,22.8,25.2,20.1,46.8,1.7,1027273,6262,5,5,cubic
0.230,23778,16,18720,22.5,20.2,20.1,46.8,1.9,1057693,6266,5,5,cubic
0.236,24037,16,20160,22.8,25.2,20.1,46.8,2.1,1053007,6270,5,5,cubic
0.242,24378,16,18720,22.7,22.0,20.1,46.8,1.8,1073022,6273,5,5,cubic
0.249,24799,17,17280,22.8,23.7,20.1,46.8,1.6,1085770,6277,5,5,cubic
0.258,25212,17,18720,23.0,23.8,20.1,46.8,1.4,1098274,6283,5,5,cubic
0.266,25537,17,20160,23.0,23.7,20.1,46.8,1.3,1107992,6288,5,5,cubic
0.271,25778,17,21600,23.1,23.8,20.1,46.8,1.1,1114098,6292,5,5,cubic
0.278,26096,18,20160,23.2,23.7,20.1,46.8,1.0,1124391,6295,5,5,cubic
0.285,26568,18,18720,23.5,25.2,20.1,46.8,1.2,1132673,6300,5,5,cubic
0.295,26954,18,20160,23.7,25.3,20.1,46.8,1.4,1138212,6306,5,5,cubic
0.303,27258,18,21600,23.9,25.3,20.1,46.8,1.4,1141313,6311,5,5,cubic
0.309,27484,19,23040,24.1,25.4,20.1,46.8,1.5,1141456,6315,5,5,cubic
0.316,27857,19,21600,24.5,27.3,20.1,46.8,1.9,1137949,6319,5,5,cubic
0.324,28298,19,20160,24.8,27.4,20.1,46.8,2.2,1139027,6324,5,5,cubic
0.334,28661,19,21600,25.2,27.4,20.1,46.8,2.3,1139058,6330,5,5,cubic
0.343,28947,20,23040,25.6,28.7,20.1,46.8,2.6,1130830,6335,5,5,cubic
0.349,29230,20,24480,26.0,28.5,20.1,46.8,2.7,1125832,6340,5,5,cubic
0.356,29581,20,23040,26.3,28.6,20.1,46.8,2.6,1125137,6344,5,5,cubic
0.364,29997,20,21600,26.6,28.4,20.1,46.8,2.5,1129702,6349,5,5,cubic
0.374,30407,21,21600,26.8,28.5,20.1,46.8,2.4,1134928,6355,5,5,cubic
0.385,30677,21,25920,27.2,30.2,20.1,46.8,2.6,1126960,6362,5,5,cubic
0.391,31011,21,24480,27.6,30.3,20.1,46.8,2.7,1123302,6366,5,5,cubic
0.400,31342,21,24480,27.9,30.4,20.1,46.8,2.7,1121399,6371,5,5,cubic
0.408,31734,22,23040,28.3,30.4,20.1,46.8,2.7,1123247,6376,5,5,cubic
0.419,32122,22,24480,28.8,32.4,20.1,46.8,3.0,1116393,6383,5,5,cubic
0.429,32441,22,25920,29.2,32.5,20.1,46.8,3.2,1109738,6389,5,5,cubic
0.437,32757,22,25920,29.6,32.5,20.1,46.8,3.2,1105199,6394,5,5,cubic
0.446,33070,22,25920,30.0,32.2,20.1,46.8,3.0,1104063,6399,5,5,cubic
0.452,33504,23,23040,30.4,33.6,20.1,46.8,3.2,1101887,6404,5,5,cubic
0.466,33871,23,25920,30.8,33.5,20.1,46.8,3.2,1099957,6412,5,5,cubic
0.476,34174,23,27360,31.1,33.5,20.1,46.8,3.1,1097536,6418,5,5,cubic
0.485,34474,23,27360,31.5,33.8,20.1,46.8,3.0,1095386,6423,5,5,cubic
0.493,34771,24,27360,32.0,35.5,20.1,46.8,3.2,1087375,6428,5,5,cubic
0.501,35007,24,30240,32.4,35.4,20.1,46.8,3.3,1080162,6434,5,5,cubic
0.507,35242,24,30240,32.8,35.5,20.1,46.8,3.2,1074615,6438,5,5,cubic
0.515,30836,21,27360,33.1,35.5,20.1,46.8,3.1,930645,6442,5,5,cubic
0.525,30904,21,24480,33.4,35.4,20.1,46.8,2.9,924715,6445,5,5,cubic
0.534,30960,21,23040,33.7,35.5,20.1,46.8,2.7,919376,6450,5,5,cubic
0.544,31027,21,25920,34.1,37.2,20.1,46.8,2.9,909322,6456,5,5,cubic
0.551,31071,21,25920,34.7,38.9,20.1,46.8,3.4,894979,6460,5,5,cubic
0.557,31115,21,25920,34.4,32.0,20.1,46.8,3.2,904953,6464,5,5,cubic
0.562,31147,21,25920,34.1,32.1,20.1,46.8,3.0,913562,6468,5,5,cubic
0.571,31201,21,24480,33.9,32.3,20.1,46.8,2.7,921117,6472,5,5,cubic
0.579,31254,21,24480,33.7,32.1,20.1,46.8,2.4,928713,6477,5,5,cubic
0.588,31307,21,25920,33.5,32.2,20.1,46.8,2.2,935402,6482,5,5,cubic
0.595,31349,21,25920,33.3,32.1,20.1,46.8,2.0,941354,6486,5,5,cubic
0.601,31391,21,25920,33.4,33.8,20.1,46.8,1.6,940920,6490,5,5,cubic
0.608,31432,21,24480,33.2,32.1,20.1,46.8,1.5,946661,6494,5,5,cubic
0.625,24112,16,18720,32.9,32.1,20.1,46.8,1.3,731819,6499,5,5,cubic
0.632,24150,16,18720,32.8,32.1,20.1,46.8,1.2,735450,6503,5,5,cubic
0.639,24188,16,18720,32.8,32.1,20.1,46.8,1.1,738564,6507,5,5,cubic
0.645,24225,16,17280,32.7,32.2,20.1,46.8,0.9,741324,6511,5,5,cubic
0.654,24272,16,18720,31.6,23.7,20.1,46.8,2.9,769123,6516,5,5,cubic
0.661,24309,16,18720,31.1,27.6,20.1,46.8,3.2,782696,6520,5,5,cubic
0.667,24345,16,20160,30.1,23.6,20.1,46.8,4.3,807971,6524,5,5,cubic
0.673,24373,16,18720,29.6,25.9,20.1,46.8,4.2,823300,6527,5,5,cubic
0.679,24408,16,18720,28.9,23.6,20.1,46.8,4.7,845855,6531,5,5,cubic
0.686,24444,16,20160,28.2,23.6,20.1,46.8,4.8,866747,6535,5,5,cubic
0.692,24475,16,18720,27.7,24.4,20.1,46.8,4.6,882872,6538,5,5,cubic
0.698,24506,17,20160,27.2,23.6,20.1,46.8,4.5,900790,6542,5,5,cubic
0.704,24533,17,20160,26.8,23.7,20.1,46.8,4.2,916607,6546,5,5,cubic
0.009,24533,17,723,25.7,24.7,20.1,46.8,2.6,953663,6549,5,5,cubic
0.008,24533,17,0,27.3,30.7,20.1,46.8,4.0,899699,6550,5,5,cubic
0.005,24533,17,0,27.6,29.6,20.1,46.8,3.6,890360,6551,5,5,cubic
0.005,24533,17,0,27.4,26.1,20.1,46.8,3.1,896444,6552,5,5,cubic
0.006,24533,17,0,27.2,26.2,20.1,46.8,2.6,901385,6553,5,5,cubic
0.023,24533,17,0,27.1,26.6,20.1,46.8,2.1,903942,6554,5,5,cubic
0.006,28148,19,2981,29.4,45.2,20.1,46.8,6.1,957512,6560,6,6,cubic
0.010,28148,19,0,28.1,26.0,20.1,46.8,5.5,1001138,6561,6,6,cubic
0.036,28658,19,18720,27.8,25.4,20.1,46.8,4.8,1031754,6581,6,6,cubic
0.042,28730,19,27360,27.5,25.6,20.1,46.8,4.2,1044727,6588,6,6,cubic
0.048,29015,20,23040,28.1,32.7,20.1,46.8,4.4,1030838,6589,6,6,cubic
0.055,29298,20,24480,28.8,33.7,20.1,46.8,4.7,1015915,6594,6,6,cubic
0.062,29578,20,24480,29.6,34.7,20.1,46.8,5.0,1000372,6598,6,6,cubic
0.068,29855,20,24480,29.2,26.8,20.1,46.8,4.4,1021521,6602,6,6,cubic
0.075,30130,20,24480,29.7,33.2,20.1,46.8,4.3,1013624,6606,6,6,cubic
0.082,30470,21,23040,29.6,28.5,20.1,46.8,3.5,1030540,6610,6,6,cubic
0.090,30739,21,25920,29.6,30.2,20.1,46.8,2.8,1037043,6616,6,6,cubic
0.097,31006,21,25920,29.7,30.2,20.1,46.8,2.3,1043446,6620,6,6,cubic
0.104,31271,21,25920,29.8,30.3,20.1,46.8,1.8,1049890,6624,6,6,cubic
0.110,31533,21,25920,29.9,30.4,20.1,46.8,1.5,1055992,6628,6,6,cubic
0.117,31858,22,24480,29.9,30.5,20.1,46.8,1.3,1063919,6632,6,6,cubic
0.126,32180,22,25920,30.2,32.1,20.1,46.8,1.5,1065104,6638,6,6,cubic
0.134,32435,22,27360,30.5,32.4,20.1,46.8,1.7,1064035,6643,6,6,cubic
0.141,32688,22,27360,30.7,32.1,20.1,46.8,1.7,1065415,6647,6,6,cubic
0.148,32939,22,27360,30.9,32.1,20.1,46.8,1.6,1067403,6651,6,6,cubic
0.154,28821,20,25920,31.0,32.0,20.1,46.8,1.5,929589,6655,6,6,cubic
0.163,28875,20,21600,31.4,33.8,20.1,46.8,1.8,920788,6658,6,6,cubic
0.173,28939,20,24480,31.6,33.5,20.1,46.8,1.9,914893,6664,6,6,cubic
0.180,28982,20,24480,31.9,33.9,20.1,46.8,2.0,908099,6668,6,6,cubic
0.187,29026,20,24480,32.2,34.1,20.1,46.8,2.0,901820,6672,6,6,cubic
0.193,29066,20,24480,32.0,30.4,20.1,46.8,2.0,909221,6676,6,6,cubic
0.199,29098,20,24480,31.8,30.5,20.1,46.8,1.8,915348,6680,6,6,cubic
0.207,29149,20,23040,31.6,30.4,20.1,46.8,1.7,921882,6684,6,6,cubic
0.216,29202,20,24480,31.5,30.5,20.1,46.8,1.6,927548,6689,6,6,cubic
0.222,29241,20,24480,31.3,30.2,20.1,46.8,1.5,933412,6693,6,6,cubic
0.229,29282,20,24480,31.2,30.5,20.1,46.8,1.3,937804,6697,6,6,cubic
0.236,29321,20,24480,31.3,32.2,20.1,46.8,1.2,935517,6701,6,6,cubic
0.243,29361,20,23040,31.2,30.6,20.1,46.8,1.1,939612,6705,6,6,cubic
0.251,29410,20,24480,31.1,30.2,20.1,46.8,1.1,945203,6710,6,6,cubic
0.265,22552,15,18775,31.0,30.4,20.1,46.8,0.9,728000,6715,6,6,cubic
0.272,22589,15,17335,30.9,30.5,20.1,46.8,0.8,730657,6718,6,6,cubic
0.279,22626,15,15895,30.9,30.5,20.1,46.8,0.7,733087,6722,6,6,cubic
0.287,22672,15,17335,30.9,30.9,20.1,46.8,0.5,734553,6727,6,6,cubic
0.294,22707,15,17280,29.7,21.9,20.1,46.8,2.6,763414,6731,6,6,cubic
0.299,22734,15,18720,29.3,26.3,20.1,46.8,2.8,775454,6735,6,6,cubic
0.305,22768,15,17280,28.8,25.4,20.1,46.8,3.1,789787,6738,6,6,cubic
0.312,22802,15,17280,28.3,24.5,20.1,46.8,3.4,806123,6742,6,6,cubic
0.319,22837,15,17280,27.7,23.8,20.1,46.8,3.7,823667,6746,6,6,cubic
0.326,22873,15,17280,27.1,23.0,20.1,46.8,3.9,842840,6750,6,6,cubic
0.333,22905,15,18720,26.6,22.6,20.1,46.8,4.1,862094,6754,6,6,cubic
0.338,22930,15,17280,26.0,21.8,20.1,46.8,4.3,882907,6757,6,6,cubic
0.344,22963,15,17280,25.4,21.5,20.1,46.8,4.3,903485,6761,6,6,cubic
0.351,22997,15,17280,24.9,21.4,20.1,46.8,4.2,923240,6765,6,6,cubic
0.358,23029,15,18720,24.5,21.4,20.1,46.8,4.1,941150,6769,6,6,cubic
0.363,23054,16,18720,24.1,21.5,20.1,46.8,3.8,956716,6772,6,6,cubic
0.368,23079,16,18720,23.9,22.3,20.1,46.8,3.3,966700,6776,6,6,cubic
0.375,23111,16,18720,23.7,22.4,20.1,46.8,2.8,975806,6780,6,6,cubic
0.382,23148,16,18720,23.6,23.4,20.1,46.8,2.2,978856,6784,6,6,cubic
0.388,23502,16,18720,23.7,24.1,20.1,46.8,1.8,991310,6788,6,6,cubic
0.395,23764,16,20160,23.8,24.2,20.1,46.8,1.4,999915,6792,6,6,cubic
0.400,24109,16,18720,23.7,23.6,20.1,46.8,1.1,1015457,6795,6,6,cubic
0.407,24450,16,18720,23.7,23.6,20.1,46.8,0.9,1030341,6799,6,6,cubic
0.422,25199,17,20160,23.7,23.8,20.1,46.8,0.5,1061770,6809,6,6,cubic
0.429,25524,17,20160,23.7,23.7,20.1,46.8,0.4,1075691,6813,6,6,cubic
0.436,25846,17,20160,23.7,23.8,20.1,46.8,0.3,1088711,6817,6,6,cubic
0.443,26163,18,20160,23.8,23.9,20.1,46.8,0.3,1101090,6821,6,6,cubic
0.449,26633,18,18720,24.0,25.4,20.1,46.8,0.6,1111421,6826,6,6,cubic
0.459,26941,18,21600,24.1,25.3,20.1,46.8,0.8,1116216,6832,6,6,cubic
0.466,27246,18,21600,24.3,25.2,20.1,46.8,0.9,1122481,6836,6,6,cubic
0.473,27547,19,21600,24.4,25.2,20.1,46.8,0.9,1129716,6840,6,6,cubic
0.480,27919,19,21600,24.7,26.9,20.1,46.8,1.3,1130140,6845,6,6,cubic
0.488,28359,19,20160,25.0,27.0,20.1,46.8,1.5,1134813,6850,6,6,cubic
0.498,28649,19,23040,25.2,27.0,20.1,46.8,1.7,1135063,6856,6,6,cubic
0.505,28935,20,23040,25.5,27.0,20.1,46.8,1.7,1136310,6860,6,6,cubic
0.512,29289,20,23040,25.9,28.7,20.1,46.8,2.1,1132073,6865,6,6,cubic
0.520,29639,20,23040,26.2,28.8,20.1,46.8,2.3,1129750,6870,6,6,cubic
0.529,30054,20,21600,26.6,28.8,20.1,46.8,2.4,1131806,6875,6,6,cubic
0.539,30396,21,23040,26.8,28.9,20.1,46.8,2.3,1132446,6881,6,6,cubic
0.548,30733,21,24480,27.3,30.6,20.1,46.8,2.7,1125421,6887,6,6,cubic
0.556,31067,21,24480,27.7,30.5,20.1,46.8,2.8,1121228,6892,6,6,cubic
0.564,31397,21,24480,28.0,30.4,20.1,46.8,2.8,1119482,6897,6,6,cubic
0.573,31788,22,23040,28.4,30.5,20.1,46.8,2.7,1121072,6902,6,6,cubic
0.584,32175,22,24480,28.9,32.5,20.1,46.8,3.1,1114362,6909,6,6,cubic
0.593,32494,22,25920,29.3,32.4,20.1,46.8,3.2,1108329,6915,6,6,cubic
0.602,32810,22,25920,29.7,32.4,20.1,46.8,3.2,1104639,6920,6,6,cubic
0.611,33122,23,25920,30.1,32.6,20.1,46.8,3.1,1101716,6925,6,6,cubic
0.617,33555,23,24480,30.5,33.9,20.1,46.8,3.3,1098615,6931,6,6,cubic
0.631,33922,23,25920,31.0,34.0,20.1,46.8,3.3,1095176,6938,6,6,cubic
0.641,34224,23,27360,31.4,34.0,20.1,46.8,3.2,1091639,6944,6,6,cubic
0.649,34524,23,27360,31.7,33.8,20.1,46.8,3.1,1090530,6949,6,6,cubic
0.658,34880,24,25920,32.3,37.0,20.1,46.8,3.6,1079074,6954,6,6,cubic
0.666,35292,24,25920,32.7,35.4,20.1,46.8,3.5,1078870,6961,6,6,cubic
0.680,30880,21,27360,33.1,35.6,20.1,46.8,3.3,933663,6968,6,6,cubic
0.690,30948,21,24480,33.4,35.5,20.1,46.8,3.1,927058,6971,6,6,cubic
0.699,31003,21,23040,33.6,35.5,20.1,46.8,2.9,921419,6976,6,6,cubic
0.709,31071,21,23040,34.3,39.0,20.1,46.8,3.5,905516,6982,6,6,cubic
0.719,31136,21,24480,34.7,37.1,20.1,46.8,3.3,898171,6988,6,6,cubic
0.727,31191,21,24480,34.3,32.1,20.1,46.8,3.1,908167,6993,6,6,cubic
0.736,31245,21,24480,34.0,31.3,20.1,46.8,3.1,919917,6998,6,6,cubic
0.744,31298,21,23040,33.7,32.1,20.1,46.8,2.8,927815,7003,6,6,cubic
0.755,31362,21,23040,33.5,32.2,20.1,46.8,2.5,935118,7009,6,6,cubic
0.765,31424,21,24480,33.4,32.2,20.1,46.8,2.2,941825,7015,6,6,cubic
0.773,31476,21,24480,33.2,32.1,20.1,46.8,2.0,947843,7020,6,6,cubic
0.790,24146,16,15840,32.9,32.0,20.1,46.8,1.6,732851,7025,6,6,cubic
0.800,24203,16,15840,32.8,32.0,20.1,46.8,1.4,737109,7031,6,6,cubic
0.810,24260,16,17280,32.8,32.3,20.1,46.8,1.2,740356,7037,6,6,cubic
0.819,24306,16,18720,31.6,23.8,20.1,46.8,3.1,768010,7042,6,6,cubic
0.826,24343,16,17280,30.7,23.7,20.1,46.8,4.3,793991,7046,6,6,cubic
0.834,24388,16,18720,29.8,23.5,20.1,46.8,5.0,819296,7051,6,6,cubic
0.840,24416,16,20160,29.3,26.1,20.1,46.8,4.7,833139,7055,6,6,cubic
0.846,24452,16,18720,28.8,25.3,20.1,46.8,4.5,848733,7058,6,6,cubic
0.853,24487,17,18720,28.2,24.3,20.1,46.8,4.5,866888,7062,6,6,cubic
0.860,24523,17,21600,27.7,23.6,20.1,46.8,4.5,886523,7067,6,6,cubic
0.866,24549,17,20160,27.2,24.1,20.1,46.8,4.3,902105,7070,6,6,cubic
0.872,24584,17,21600,26.7,23.5,20.1,46.8,4.2,919096,7074,6,6,cubic
0.876,24610,17,20160,26.4,23.7,20.1,46.8,3.9,933505,7077,6,6,cubic
0.883,24644,17,21600,26.1,24.2,20.1,46.8,3.5,944721,7081,6,6,cubic
0.888,24670,17,20160,25.9,24.4,20.1,46.8,3.0,953245,7084,6,6,cubic
0.895,24705,17,20160,25.7,24.8,20.1,46.8,2.5,959491,7088,6,6,cubic
0.902,24738,17,21600,25.7,25.2,20.1,46.8,2.0,963467,7092,6,6,cubic
0.907,24764,17,20160,25.6,25.4,20.1,46.8,1.6,965721,7095,6,6,cubic
0.914,24796,17,20160,25.6,25.3,20.1,46.8,1.3,968442,7099,6,6,cubic
0.920,24829,17,20160,25.5,25.1,20.1,46.8,1.1,971894,7103,6,6,cubic
0.925,24854,17,21600,25.8,27.8,20.1,46.8,1.4,962288,7107,6,6,cubic
0.932,25084,17,21600,26.1,28.4,20.1,46.8,1.7,959271,7110,6,6,cubic
0.937,25411,17,20160,26.5,29.1,20.1,46.8,2.0,958471,7113,6,6,cubic
0.944,25653,17,21600,26.4,25.4,20.1,46.8,1.8,972551,7117,6,6,cubic
0.949,26053,18,18720,26.3,25.5,20.1,46.8,1.5,991815,7120,6,6,cubic
0.958,26368,18,21600,26.2,25.4,20.1,46.8,1.4,1007796,7126,6,6,cubic
0.005,26368,18,55,26.0,27.0,20.1,46.8,0.9,1014465,7129,6,6,cubic
0.005,26368,18,0,26.0,26.2,20.1,46.8,0.8,1013335,7130,6,6,cubic
0.005,26368,18,0,26.1,26.4,20.1,46.8,0.7,1011741,7131,6,6,cubic
0.005,26368,18,0,26.1,26.5,20.1,46.8,0.6,1009571,7132,6,6,cubic
0.005,26368,18,0,26.2,26.6,20.1,46.8,0.6,1007142,7133,6,6,cubic
0.010,26368,18,0,26.2,26.2,20.1,46.8,0.4,1007181,7134,6,6,cubic
0.007,26368,18,0,26.9,32.2,20.1,46.8,1.8,979094,7136,6,6,cubic
0.007,26368,18,0,27.2,28.7,20.1,46.8,1.8,971018,7137,6,6,cubic
0.032,26912,18,17280,26.9,25.1,20.1,46.8,1.9,1000408,7156,6,6,cubic
0.037,26988,18,25920,26.7,25.1,20.1,46.8,1.9,1011657,7163,6,6,cubic
0.044,27292,18,21600,27.3,31.8,20.1,46.8,2.7,999048,7164,6,6,cubic
0.051,27593,19,21600,28.0,32.6,20.1,46.8,3.3,986203,7168,6,6,cubic
0.057,27890,19,23040,27.6,25.2,20.1,46.8,3.2,1009337,7173,6,6,cubic
0.062,28111,19,24480,27.3,25.3,20.1,46.8,3.0,1028350,7177,6,6,cubic
0.069,28403,19,23040,27.9,32.0,20.1,46.8,3.4,1017153,7180,6,6,cubic
0.076,28691,19,23040,27.8,27.1,20.1,46.8,2.8,1031345,7184,6,6,cubic
0.083,28977,20,23040,27.7,27.1,20.1,46.8,2.2,1044893,7188,6,6,cubic
0.090,29331,20,23040,27.9,28.9,20.1,46.8,2.0,1052346,7193,6,6,cubic
0.098,29541,20,25920,28.2,30.5,20.1,46.8,2.1,1047664,7198,6,6,cubic
0.103,29818,20,24480,28.3,28.8,20.1,46.8,1.7,1054795,7201,6,6,cubic
0.110,30093,20,24480,28.3,28.8,20.1,46.8,1.4,1062155,7205,6,6,cubic
0.117,30434,21,23040,28.4,28.8,20.1,46.8,1.2,1071846,7209,6,6,cubic
0.125,30771,21,24480,28.7,30.5,20.1,46.8,1.4,1073881,7215,6,6,cubic
0.134,30971,21,27360,28.9,30.5,20.1,46.8,1.5,1072254,7220,6,6,cubic
0.139,31236,21,25920,29.1,30.5,20.1,46.8,1.5,1074066,7223,6,6,cubic
0.145,31498,21,25920,29.3,30.5,20.1,46.8,1.5,1076560,7227,6,6,cubic
0.152,31824,22,24480,29.4,30.4,20.1,46.8,1.4,1082228,7231,6,6,cubic
0.161,32210,22,24480,29.8,32.2,20.1,46.8,1.8,1082616,7237,6,6,cubic
0.176,28215,19,23040,30.3,32.2,20.1,46.8,2.0,930727,7243,6,6,cubic
0.183,28258,19,23040,30.5,32.1,20.1,46.8,1.9,925187,7247,6,6,cubic
0.189,28300,19,21600,30.7,32.2,20.1,46.8,1.9,920414,7251,6,6,cubic
0.198,28352,19,20160,31.1,33.8,20.1,46.8,2.2,910878,7256,6,6,cubic
0.208,28414,19,21600,30.8,28.8,20.1,46.8,2.2,921455,7262,6,6,cubic
0.217,28466,19,23040,30.6,28.7,20.1,46.8,2.2,931022,7267,6,6,cubic
0.223,28506,19,23040,30.3,28.7,20.1,46.8,2.1,939396,7271,6,6,cubic
0.230,28547,19,21600,30.2,28.9,20.1,46.8,1.9,946518,7275,6,6,cubic
0.239,28596,19,20160,30.0,28.7,20.1,46.8,1.8,953867,7280,6,6,cubic
0.249,28656,19,21600,29.8,28.7,20.1,46.8,1.7,961126,7286,6,6,cubic
0.257,28705,19,23040,29.7,28.7,20.1,46.8,1.5,967214,7291,6,6,cubic
0.264,28743,19,23040,29.6,28.7,20.1,46.8,1.4,972394,7295,6,6,cubic
0.271,28782,19,21600,29.5,28.8,20.1,46.8,1.2,976919,7299,6,6,cubic
0.279,28830,20,20160,29.4,28.8,20.1,46.8,1.1,981379,7304,6,6,cubic
0.290,28888,20,23040,29.3,28.9,20.1,46.8,0.9,985333,7311,6,6,cubic
0.298,28935,20,24480,29.3,29.0,20.1,46.8,0.8,988217,7316,6,6,cubic
0.305,28973,20,24480,29.3,29.1,20.1,46.8,0.6,990191,7320,6,6,cubic
0.312,29009,20,21600,29.3,29.2,20.1,46.8,0.5,991591,7324,6,6,cubic
0.321,29056,20,20160,29.4,30.5,20.1,46.8,0.7,987795,7330,6,6,cubic
0.334,29127,20,24480,29.6,30.6,20.1,46.8,0.8,985451,7337,6,6,cubic
0.341,29163,20,24480,29.6,30.2,20.1,46.8,0.8,983973,7341,6,6,cubic
0.347,29198,20,23040,29.7,30.4,20.1,46.8,0.8,981907,7345,6,6,cubic
0.364,22399,15,17280,30.0,30.0,20.1,46.8,0.8,747006,7350,6,6,cubic
0.369,22427,15,18720,30.0,30.1,20.1,46.8,0.6,747616,7354,6,6,cubic
0.376,22462,15,17280,30.0,30.2,20.1,46.8,0.5,748259,7357,6,6,cubic
0.383,22497,15,15840,30.0,30.2,20.1,46.8,0.4,749001,7361,6,6,cubic
0.391,22542,15,18720,29.0,21.9,20.1,46.8,2.3,776747,7366,6,6,cubic
0.396,22568,15,17280,28.6,25.5,20.1,46.8,2.6,789504,7369,6,6,cubic
0.403,22603,15,17280,28.1,24.7,20.1,46.8,2.9,804434,7373,6,6,cubic
0.410,22638,15,17280,27.6,24.2,20.1,46.8,3.2,819831,7377,6,6,cubic
0.416,22672,15,17280,27.0,23.0,20.1,46.8,3.5,838399,7381,6,6,cubic
0.423,22706,15,17280,26.5,23.0,20.1,46.8,3.6,855506,7385,6,6,cubic
0.430,22740,15,17280,26.0,22.2,20.1,46.8,3.8,874480,7389,6,6,cubic
0.437,22774,15,17280,25.6,22.4,20.1,46.8,3.8,891245,7393,6,6,cubic
0.444,22807,15,17280,25.1,22.2,20.1,46.8,3.6,907271,7397,6,6,cubic
0.450,22839,15,18720,24.7,21.8,20.1,46.8,3.6,923720,7401,6,6,cubic
0.455,22864,15,17280,24.4,21.8,20.1,46.8,3.4,938510,7404,6,6,cubic
0.462,22897,15,17280,24.2,22.7,20.1,46.8,3.0,947880,7408,6,6,cubic
0.469,22929,15,17280,24.0,22.5,20.1,46.8,2.6,957329,7412,6,6,cubic
0.476,22961,15,17280,23.9,23.6,20.1,46.8,2.1,960590,7416,6,6,cubic
0.482,23170,16,18720,23.9,24.0,20.1,46.8,1.6,968766,7420,6,6,cubic
0.488,23524,16,18720,24.0,24.8,20.1,46.8,1.4,979187,7424,6,6,cubic
0.494,23873,16,18720,23.8,22.0,20.1,46.8,1.6,1004333,7428,6,6,cubic
0.501,24217,16,18720,23.5,22.0,20.1,46.8,1.6,1028366,7432,6,6,cubic
0.508,24640,17,17280,23.4,22.0,20.1,46.8,1.6,1054839,7436,6,6,cubic
0.516,24973,17,20160,23.9,27.5,20.1,46.8,2.2,1045682,7442,6,6,cubic
0.523,25301,17,20160,23.8,23.6,20.1,46.8,1.8,1061194,7446,6,6,cubic
0.530,25625,17,20160,23.8,23.7,20.1,46.8,1.4,1075731,7450,6,6,cubic
0.537,25945,18,20160,23.8,23.7,20.1,46.8,1.0,1089897,7454,6,6,cubic
0.543,26420,18,18720,24.0,25.4,20.1,46.8,1.2,1100925,7459,6,6,cubic
0.554,26730,18,21600,24.2,25.4,20.1,46.8,1.2,1105550,7465,6,6,cubic
0.560,27037,18,21600,24.3,25.4,20.1,46.8,1.2,1111353,7469,6,6,cubic
0.567,27340,18,21600,24.4,25.3,20.1,46.8,1.2,1118291,7473,6,6,cubic
0.574,27715,19,20160,24.8,27.1,20.1,46.8,1.5,1118261,7477,6,6,cubic
0.582,28159,19,20160,25.1,27.1,20.1,46.8,1.7,1123214,7483,6,6,cubic
0.593,28451,19,23040,25.3,27.1,20.1,46.8,1.8,1123568,7489,6,6,cubic
0.599,28739,19,23040,25.5,27.0,20.1,46.8,1.8,1125562,7493,6,6,cubic
0.606,29024,20,23040,25.7,27.0,20.1,46.8,1.7,1128548,7497,6,6,cubic
0.613,29448,20,21600,26.1,28.8,20.1,46.8,2.0,1128102,7502,6,6,cubic
0.623,29866,20,21600,26.4,28.8,20.1,46.8,2.2,1129790,7508,6,6,cubic
0.633,30141,20,24480,26.7,28.8,20.1,46.8,2.2,1127525,7514,6,6,cubic
0.640,30481,21,23040,27.0,28.9,20.1,46.8,2.2,1129051,7518,6,6,cubic
0.648,30817,21,24480,27.4,30.5,20.1,46.8,2.5,1123314,7524,6,6,cubic
0.657,31216,21,23040,27.8,30.6,20.1,46.8,2.7,1121868,7529,6,6,cubic
0.667,31545,21,24480,28.2,30.5,20.1,46.8,2.7,1120245,7535,6,6,cubic
0.676,31870,22,24480,28.4,30.5,20.1,46.8,2.6,1120329,7540,6,6,cubic
0.684,32256,22,24480,28.9,32.2,20.1,46.8,2.9,1115661,7546,6,6,cubic
0.694,32574,22,25920,29.3,32.0,20.1,46.8,2.9,1111626,7552,6,6,cubic
0.703,28502,19,24480,29.7,32.1,20.1,46.8,2.9,961087,7557,6,6,cubic
0.713,28566,19,21600,29.9,32.0,20.1,46.8,2.8,953789,7560,6,6,cubic
0.721,28619,19,20160,30.4,33.8,20.1,46.8,3.0,940610,7565,6,6,cubic
0.731,28681,19,20160,30.9,34.0,20.1,46.8,3.2,928999,7571,6,6,cubic
0.742,28744,19,23040,30.6,28.7,20.1,46.8,2.9,939285,7577,6,6,cubic
0.747,28775,19,24480,30.4,28.8,20.1,46.8,2.6,947449,7581,6,6,cubic
0.754,28817,20,21600,30.2,28.9,20.1,46.8,2.4,954742,7584,6,6,cubic
0.762,28867,20,21600,30.0,28.8,20.1,46.8,2.1,962040,7590,6,6,cubic
0.772,28927,20,21600,29.9,28.8,20.1,46.8,1.9,968851,7596,6,6,cubic
0.782,28987,20,24480,29.7,28.5,20.1,46.8,1.7,976321,7602,6,6,cubic
0.787,29017,20,24480,29.5,28.6,20.1,46.8,1.6,981996,7606,6,6,cubic
0.796,29066,20,23040,29.7,30.6,20.1,46.8,1.4,979477,7610,6,6,cubic
0.803,29106,20,20160,29.8,30.7,20.1,46.8,1.3,976645,7615,6,6,cubic
0.816,29183,20,23040,29.9,30.5,20.1,46.8,1.2,976346,7622,6,6,cubic
0.825,29230,20,24480,30.2,32.3,20.1,46.8,1.5,968297,7627,6,6,cubic
0.832,29267,20,23040,30.2,30.5,20.1,46.8,1.2,968208,7631,6,6,cubic
0.840,29314,20,24480,30.4,32.0,20.1,46.8,1.3,962819,7636,6,6,cubic
0.847,29351,20,25920,31.5,38.8,20.1,46.8,3.1,932044,7640,6,6,cubic
0.852,29379,20,23040,31.4,30.5,20.1,46.8,2.6,936740,7643,6,6,cubic
0.860,29424,20,24480,31.3,30.5,20.1,46.8,2.2,941507,7648,6,6,cubic
0.867,29460,20,23040,31.2,30.5,20.1,46.8,1.8,945564,7652,6,6,cubic
0.875,29505,20,24480,31.1,30.5,20.1,46.8,1.5,949599,7657,6,6,cubic
0.882,29540,20,25920,31.0,30.5,20.1,46.8,1.3,953026,7661,6,6,cubic
0.887,29567,20,23040,30.9,30.3,20.1,46.8,1.1,956582,7664,6,6,cubic
0.896,29611,20,24480,30.9,30.5,20.1,46.8,1.0,959744,7669,6,6,cubic
0.903,29645,20,23040,30.8,30.4,20.1,46.8,0.8,962656,7673,6,6,cubic
0.911,29688,20,24480,30.7,30.3,20.1,46.8,0.7,965840,7678,6,6,cubic
0.923,22757,15,18720,30.7,30.5,20.1,46.8,0.5,742068,7682,6,6,cubic
0.931,22803,15,17280,30.6,30.4,20.1,46.8,0.5,744296,7685,6,6,cubic
0.938,22839,15,15840,30.6,30.4,20.1,46.8,0.4,746128,7689,6,6,cubic
0.947,22885,15,17280,30.6,30.7,20.1,46.8,0.3,747338,7694,6,6,cubic
0.953,22920,15,18720,29.9,25.2,20.1,46.8,1.6,765454,7698,6,6,cubic
0.958,22947,15,17280,29.6,26.9,20.1,46.8,2.0,776338,7701,6,6,cubic
0.965,22982,15,17280,29.1,25.8,20.1,46.8,2.4,790003,7705,6,6,cubic
0.972,23017,15,17280,28.6,25.0,20.1,46.8,2.8,805494,7709,6,6,cubic
0.979,23052,16,18720,27.8,22.0,20.1,46.8,3.8,830582,7713,6,6,cubic
0.985,23078,16,18720,27.3,23.7,20.1,46.8,3.8,846836,7717,6,6,cubic
0.992,23112,16,18720,26.7,22.9,20.1,46.8,4.0,865585,7721,6,6,cubic
0.998,23145,16,18720,26.2,22.7,20.1,46.8,4.0,883228,7725,6,6,cubic
1.005,23179,16,20160,25.7,22.4,20.1,46.8,3.9,900785,7729,6,6,cubic
1.010,23205,16,18720,25.3,22.0,20.1,46.8,3.9,918427,7732,6,6,cubic
1.016,23238,16,18720,24.9,22.1,20.1,46.8,3.7,934341,7736,6,6,cubic
1.023,23271,16,18720,24.6,22.8,20.1,46.8,3.3,945475,7740,6,6,cubic
1.030,23303,16,18720,24.4,23.1,20.1,46.8,2.9,954336,7744,6,6,cubic
1.036,23336,16,20160,24.2,22.9,20.1,46.8,2.5,962984,7748,6,6,cubic
1.041,23360,16,18720,24.2,24.0,20.1,46.8,1.9,965129,7751,6,6,cubic
1.048,23586,16,18720,24.2,24.2,20.1,46.8,1.5,974547,7755,6,6,cubic
1.055,23847,16,20160,24.1,23.7,20.1,46.8,1.2,987862,7759,6,6,cubic
1.060,24191,16,18720,24.1,23.5,20.1,46.8,1.1,1005319,7762,6,6,cubic
1.065,24445,16,20160,24.0,23.6,20.1,46.8,0.9,1018159,7766,6,6,cubic
1.070,24613,17,21600,24.4,26.9,20.1,46.8,1.4,1009888,7769,6,6,cubic
1.075,24946,17,20160,24.3,23.7,20.1,46.8,1.2,1027303,7772,6,6,cubic
1.082,25275,17,20160,24.2,23.7,20.1,46.8,1.1,1044248,7776,6,6,cubic
1.089,25599,17,20160,24.2,23.9,20.1,46.8,0.9,1059561,7780,6,6,cubic
0.005,25599,17,0,24.7,25.2,20.1,46.8,0.9,1038414,7782,6,6,cubic
0.008,25599,17,0,24.8,26.2,20.1,46.8,1.1,1030514,7783,6,6,cubic
0.008,25599,17,0,25.4,29.7,20.1,46.8,2.0,1006091,7784,6,6,cubic
0.006,25599,17,0,26.0,29.9,20.1,46.8,2.6,984539,7785,6,6,cubic
0.007,25599,17,0,26.1,27.0,20.1,46.8,2.2,979716,7786,6,6,cubic
0.027,25599,17,0,26.4,28.6,20.1,46.8,2.3,968192,7787,6,6,cubic
0.009,25599,17,0,30.0,30.5,20.1,54.5,6.7,853015,7791,6,6,cubic
0.009,25599,17,0,30.0,30.2,20.1,54.5,5.1,852305,7792,6,6,cubic
0.035,26160,18,15840,29.4,25.2,20.1,54.5,5.0,889039,7810,6,6,cubic
0.040,26239,18,24480,28.9,25.2,20.1,54.5,4.8,908049,7817,6,6,cubic
0.047,26551,18,21600,29.2,31.0,20.1,54.5,4.1,910715,7819,6,6,cubic
0.053,26860,18,21600,29.4,31.0,20.1,54.5,3.5,914227,7823,6,6,cubic
0.060,27318,18,18720,28.7,23.6,20.1,54.5,4.1,953274,7827,6,6,cubic
0.070,27618,19,21600,28.8,29.9,20.1,54.5,3.4,958625,7833,6,6,cubic
0.077,27915,19,23040,29.0,30.2,20.1,54.5,2.9,963084,7838,6,6,cubic
0.084,28209,19,23040,28.7,27.1,20.1,54.5,2.6,981387,7842,6,6,cubic
0.091,28500,19,23040,28.5,27.0,20.1,54.5,2.4,999018,7846,6,6,cubic
0.097,28788,19,23040,28.3,26.9,20.1,54.5,2.2,1016345,7850,6,6,cubic
0.103,29001,20,24480,28.2,27.0,20.1,54.5,2.0,1029682,7854,6,6,cubic
0.109,29284,20,24480,28.2,28.8,20.1,54.5,1.7,1036601,7858,6,6,cubic
0.116,29634,20,23040,28.3,28.7,20.1,54.5,1.4,1046878,7862,6,6,cubic
0.125,29911,20,24480,28.4,28.7,20.1,54.5,1.1,1054838,7867,6,6,cubic
0.131,30185,20,24480,28.4,28.8,20.1,54.5,0.9,1062365,7871,6,6,cubic
0.138,30457,21,24480,28.7,30.4,20.1,54.5,1.2,1062515,7875,6,6,cubic
0.145,30726,21,25920,28.9,30.4,20.1,54.5,1.3,1063809,7880,6,6,cubic
0.152,31060,21,24480,29.1,30.5,20.1,54.5,1.4,1068014,7884,6,6,cubic
0.160,31324,21,25920,29.3,30.5,20.1,54.5,1.4,1070649,7889,6,6,cubic
0.167,31586,21,25920,29.4,30.4,20.1,54.5,1.3,1074207,7893,6,6,cubic
0.174,31911,22,24480,29.5,30.5,20.1,54.5,1.3,1080373,7897,6,6,cubic
0.182,32168,22,27360,29.9,32.0,20.1,54.5,1.6,1077654,7903,6,6,cubic
0.189,32486,22,25920,30.1,32.2,20.1,54.5,1.8,1077693,7907,6,6,cubic
0.197,32739,22,27360,30.4,32.1,20.1,54.5,1.8,1077224,7912,6,6,cubic
0.204,32989,22,27360,30.6,32.1,20.1,54.5,1.8,1077719,7916,6,6,cubic
0.211,28865,20,25920,30.8,32.0,20.1,54.5,1.7,937662,7920,6,6,cubic
0.219,28919,20,23040,31.2,33.8,20.1,54.5,2.0,928021,7923,6,6,cubic
0.228,28973,20,23040,31.5,33.9,20.1,54.5,2.2,919690,7928,6,6,cubic
0.236,29026,20,24480,31.8,33.8,20.1,54.5,2.2,912882,7933,6,6,cubic
0.243,29068,20,24480,32.1,33.9,20.1,54.5,2.2,906674,7937,6,6,cubic
0.250,29109,20,24480,31.8,30.4,20.1,54.5,2.1,913969,7941,6,6,cubic
0.255,29141,20,24480,31.7,30.5,20.1,54.5,1.9,919970,7945,6,6,cubic
0.264,29193,20,23040,31.5,30.4,20.1,54.5,1.7,926320,7949,6,6,cubic
0.272,29244,20,24480,31.4,30.5,20.1,54.5,1.6,931782,7954,6,6,cubic
0.279,29284,20,24480,31.3,30.3,20.1,54.5,1.4,936998,7958,6,6,cubic
0.285,29325,20,24480,31.2,30.5,20.1,54.5,1.3,941110,7962,6,6,cubic
0.292,29365,20,24480,31.3,32.2,20.1,54.5,1.2,938598,7966,6,6,cubic
0.299,29405,20,23040,31.2,30.3,20.1,54.5,1.1,943556,7970,6,6,cubic
0.307,29454,20,24480,31.1,30.3,20.1,54.5,1.1,948324,7975,6,6,cubic
0.321,22587,15,18775,30.9,30.5,20.1,54.5,0.8,730427,7980,6,6,cubic
0.328,22624,15,17335,30.9,30.6,20.1,54.5,0.7,732523,7983,6,6,cubic
0.335,22660,15,15895,30.8,30.4,20.1,54.5,0.6,735141,7987,6,6,cubic
0.343,22704,15,17335,30.8,30.6,20.1,54.5,0.5,737334,7992,6,6,cubic
0.350,22740,15,18720,29.9,23.7,20.1,54.5,2.2,760331,7996,6,6,cubic
0.355,22767,15,17280,29.5,26.8,20.1,54.5,2.4,771265,7999,6,6,cubic
0.362,22802,15,17280,29.0,25.7,20.1,54.5,2.8,785192,8003,6,6,cubic
0.369,22837,15,17280,28.4,24.2,20.1,54.5,3.3,803101,8007,6,6,cubic
0.375,22871,15,17280,27.9,23.8,20.1,54.5,3.6,821014,8011,6,6,cubic
0.382,22905,15,17280,27.2,22.6,20.1,54.5,4.0,842002,8015,6,6,cubic
0.389,22940,15,17280,26.6,22.2,20.1,54.5,4.3,863217,8019,6,6,cubic
0.396,22973,15,17280,26.0,22.1,20.1,54.5,4.3,882931,8023,6,6,cubic
0.402,23006,15,18720,25.5,22.0,20.1,54.5,4.2,901595,8027,6,6,cubic
0.408,23032,15,17280,25.0,21.8,20.1,54.5,4.1,919551,8030,6,6,cubic
0.414,23065,16,17280,24.7,22.1,20.1,54.5,3.8,934789,8034,6,6,cubic
0.421,23097,16,18720,24.3,21.7,20.1,54.5,3.6,950650,8039,6,6,cubic
0.428,23129,16,18720,24.0,21.9,20.1,54.5,3.3,963708,8043,6,6,cubic
0.435,23162,16,18720,23.8,22.3,20.1,54.5,2.9,973561,8047,6,6,cubic
0.441,23341,16,18720,23.8,23.6,20.1,54.5,2.2,982158,8051,6,6,cubic
0.448,23692,16,18720,23.8,24.3,20.1,54.5,1.8,993917,8055,6,6,cubic
0.455,23952,16,20160,24.0,24.9,20.1,54.5,1.6,999249,8059,6,6,cubic
0.460,24294,16,18720,23.9,23.7,20.1,54.5,1.3,1014956,8062,6,6,cubic
0.467,24632,17,18720,23.9,23.7,20.1,54.5,1.0,1030541,8066,6,6,cubic
0.474,25048,17,18720,23.9,23.6,20.1,54.5,0.8,1049526,8071,6,6,cubic
0.482,25376,17,20160,23.8,23.7,20.1,54.5,0.7,1064295,8076,6,6,cubic
0.489,25699,17,20160,23.8,23.7,20.1,54.5,0.5,1078747,8080,6,6,cubic
0.496,26018,18,20160,23.8,23.9,20.1,54.5,0.4,1091679,8084,6,6,cubic
0.502,26412,18,20160,24.0,25.4,20.1,54.5,0.7,1099263,8089,6,6,cubic
0.511,26800,18,20160,24.2,25.3,20.1,54.5,0.9,1108079,8094,6,6,cubic
0.519,27106,18,21600,24.3,25.3,20.1,54.5,0.9,1114281,8099,6,6,cubic
0.526,27409,19,21600,24.4,25.0,20.1,54.5,0.9,1122675,8103,6,6,cubic
0.533,27783,19,21600,24.7,27.0,20.1,54.5,1.3,1123135,8108,6,6,cubic
0.541,28152,19,21600,25.0,26.9,20.1,54.5,1.5,1125584,8113,6,6,cubic
0.550,28516,19,21600,25.3,27.1,20.1,54.5,1.7,1128274,8118,6,6,cubic
0.558,28804,20,23040,25.5,27.2,20.1,54.5,1.7,1129125,8123,6,6,cubic
0.565,29160,20,23040,25.9,28.7,20.1,54.5,2.1,1125564,8128,6,6,cubic
0.574,29511,20,23040,26.3,28.8,20.1,54.5,2.3,1123372,8133,6,6,cubic
0.582,29859,20,23040,26.6,28.8,20.1,54.5,2.3,1123278,8138,6,6,cubic
0.590,30271,21,21600,26.9,28.8,20.1,54.5,2.3,1126949,8143,6,6,cubic
0.601,30610,21,24480,27.3,30.5,20.1,54.5,2.6,1120752,8150,6,6,cubic
0.609,30944,21,24480,27.7,30.4,20.1,54.5,2.8,1116990,8155,6,6,cubic
0.618,31276,21,24480,28.0,30.4,20.1,54.5,2.7,1115565,8160,6,6,cubic
0.626,31604,21,24480,28.3,30.4,20.1,54.5,2.6,1115605,8165,6,6,cubic
0.633,32058,22,21600,28.8,32.2,20.1,54.5,2.9,1112738,8170,6,6,cubic
0.646,32378,22,25920,29.2,32.1,20.1,54.5,3.0,1108000,8178,6,6,cubic
0.655,32694,22,25920,29.6,32.3,20.1,54.5,3.0,1104489,8183,6,6,cubic
0.663,33008,22,25920,29.9,32.2,20.1,54.5,2.9,1102913,8188,6,6,cubic
0.672,33318,23,25920,30.4,33.8,20.1,54.5,3.2,1095626,8193,6,6,cubic
0.680,33565,23,28800,30.8,33.8,20.1,54.5,3.2,1088676,8199,6,6,cubic
0.685,33809,23,28800,31.2,33.8,20.1,54.5,3.2,1083378,8203,6,6,cubic
0.694,29582,20,27360,31.5,33.7,20.1,54.5,3.0,938485,8207,6,6,cubic
0.702,29638,20,23040,31.8,33.8,20.1,54.5,2.8,931953,8209,6,6,cubic
0.711,29692,20,23040,32.1,33.9,20.1,54.5,2.6,926196,8214,6,6,cubic
0.719,29746,20,23040,32.5,35.6,20.1,54.5,2.8,915402,8219,6,6,cubic
0.728,29800,20,24480,33.1,37.3,20.1,54.5,3.3,900492,8224,6,6,cubic
0.733,29832,20,20160,32.8,30.4,20.1,54.5,3.2,910622,8228,6,6,cubic
0.746,29916,20,23040,32.5,30.6,20.1,54.5,2.9,920945,8235,6,6,cubic
0.755,29968,20,23040,32.2,30.6,20.1,54.5,2.7,929413,8240,6,6,cubic
0.763,30020,20,24480,32.0,30.4,20.1,54.5,2.5,937597,8245,6,6,cubic
0.770,30061,20,24480,32.0,32.1,20.1,54.5,1.9,938409,8249,6,6,cubic
0.777,30101,20,25920,32.7,37.6,20.1,54.5,2.8,919760,8253,6,6,cubic
0.782,30132,20,23040,32.4,30.5,20.1,54.5,2.7,928767,8256,6,6,cubic
0.790,30182,20,23040,32.2,30.4,20.1,54.5,2.5,937562,8261,6,6,cubic
0.806,23146,16,18775,31.8,30.6,20.1,54.5,2.1,727792,8267,6,6,cubic
0.812,23182,16,14455,31.6,30.4,20.1,54.5,1.9,732911,8271,6,6,cubic
0.818,23210,16,20215,31.5,30.5,20.1,54.5,1.7,737153,8276,6,6,cubic
0.826,23256,16,17335,31.4,30.5,20.1,54.5,1.5,741676,8279,6,6,cubic
0.834,23301,16,18720,30.4,23.4,20.1,54.5,3.1,767389,8284,6,6,cubic
0.841,23337,16,18720,30.0,27.5,20.1,54.5,3.1,777822,8288,6,6,cubic
0.848,23372,16,18720,29.5,26.0,20.1,54.5,3.3,792110,8292,6,6,cubic
0.855,23408,16,18720,29.0,25.2,20.1,54.5,3.5,807952,8296,6,6,cubic
0.863,23443,16,18720,28.4,24.6,20.1,54.5,3.7,824731,8300,6,6,cubic
0.869,23478,16,18720,27.8,23.7,20.1,54.5,4.0,843561,8304,6,6,cubic
0.876,23512,16,18720,27.3,23.5,20.1,54.5,4.1,861718,8308,6,6,cubic
0.883,23547,16,18720,26.8,23.3,20.1,54.5,4.1,879242,8312,6,6,cubic
0.889,23581,16,18720,26.2,22.5,20.1,54.5,4.1,898529,8316,6,6,cubic
0.896,23614,16,18720,25.8,22.3,20.1,54.5,4.1,917012,8320,6,6,cubic
0.902,23648,16,18720,25.3,22.4,20.1,54.5,3.9,933375,8324,6,6,cubic
0.909,23681,16,18720,25.0,22.8,20.1,54.5,3.5,946369,8328,6,6,cubic
0.916,23714,16,18720,24.8,23.4,20.1,54.5,3.1,955439,8332,6,6,cubic
0.922,23746,16,18720,24.7,23.8,20.1,54.5,2.6,961843,8336,6,6,cubic
0.929,23778,16,20160,24.6,23.8,20.1,54.5,2.1,967371,8340,6,6,cubic
0.934,24011,16,18720,24.6,24.8,20.1,54.5,1.7,975581,8343,6,6,cubic
0.941,24353,16,18720,24.5,23.6,20.1,54.5,1.5,994812,8347,6,6,cubic
0.948,24689,17,18720,24.4,23.6,20.1,54.5,1.4,1013089,8351,6,6,cubic
0.955,25105,17,18720,24.3,23.8,20.1,54.5,1.2,1033212,8356,6,6,cubic
0.963,25350,17,21600,24.2,23.6,20.1,54.5,1.0,1047261,8361,6,6,cubic
0.968,25754,17,18720,24.1,23.6,20.1,54.5,0.9,1067125,8364,6,6,cubic
0.977,26073,18,20160,24.1,23.8,20.1,54.5,0.8,1082316,8369,6,6,cubic
0.983,26466,18,20160,24.2,25.3,20.1,54.5,0.9,1091696,8374,6,6,cubic
0.992,26776,18,21600,24.4,25.4,20.1,54.5,1.0,1098097,8379,6,6,cubic
0.999,27082,18,21600,24.5,25.4,20.1,54.5,1.0,1105162,8383,6,6,cubic
1.006,27461,19,20160,24.6,25.4,20.1,54.5,0.9,1115711,8387,6,6,cubic
1.014,27834,19,21600,25.0,27.4,20.1,54.5,1.4,1115322,8393,6,6,cubic
1.023,28202,19,21600,25.3,27.4,20.1,54.5,1.6,1116557,8398,6,6,cubic
1.031,28493,19,23040,25.5,27.1,20.1,54.5,1.7,1117942,8403,6,6,cubic
1.038,28781,19,23040,25.7,27.2,20.1,54.5,1.7,1119665,8407,6,6,cubic
1.045,29208,20,20160,26.1,28.7,20.1,54.5,2.0,1119938,8411,6,6,cubic
1.055,29560,20,23040,26.4,28.6,20.1,54.5,2.2,1119739,8418,6,6,cubic
1.063,29906,20,23040,26.7,28.4,20.1,54.5,2.1,1121965,8423,6,6,cubic
1.072,30181,20,24480,26.9,28.4,20.1,54.5,2.0,1122930,8428,6,6,cubic
1.078,30520,21,23040,27.1,28.4,20.1,54.5,1.9,1127780,8432,6,6,cubic
1.085,30991,21,21600,27.5,30.2,20.1,54.5,2.2,1128874,8438,6,6,cubic
1.099,31321,21,24480,27.8,30.3,20.1,54.5,2.4,1126087,8445,6,6,cubic
1.107,31583,21,25920,28.1,30.5,20.1,54.5,2.4,1122153,8450,6,6,cubic
1.114,31908,22,24480,28.5,30.7,20.1,54.5,2.5,1120916,8454,6,6,cubic
1.123,32229,22,25920,29.2,34.2,20.1,54.5,3.3,1104375,8460,6,6,cubic
1.131,32484,22,27360,29.5,32.0,20.1,54.5,3.2,1099847,8465,6,6,cubic
1.136,32736,22,27360,29.9,32.3,20.1,54.5,3.1,1095765,8469,6,6,cubic
1.145,32987,22,27360,30.1,32.0,20.1,54.5,2.8,1094241,8473,6,6,cubic
1.151,33298,23,25920,30.4,32.1,20.1,54.5,2.6,1095689,8477,6,6,cubic
1.160,33667,23,25920,30.8,33.6,20.1,54.5,2.8,1093439,8483,6,6,cubic
1.170,29458,20,28800,31.1,33.5,20.1,54.5,2.7,946411,8489,6,6,cubic
1.177,29502,20,24480,31.6,35.0,20.1,54.5,3.0,933135,8490,6,6,cubic
1.183,29546,20,24480,31.9,33.6,20.1,54.5,2.8,927282,8494,6,6,cubic
1.190,29590,20,23040,32.1,33.9,20.1,54.5,2.6,921290,8498,6,6,cubic
1.199,29642,20,21600,32.5,35.4,20.1,54.5,2.8,911304,8503,6,6,cubic
1.209,29706,20,21600,32.3,30.4,20.1,54.5,2.6,920802,8509,6,6,cubic
1.219,29769,20,24480,32.0,30.4,20.1,54.5,2.4,929526,8515,6,6,cubic
1.226,29811,20,23040,31.8,30.2,20.1,54.5,2.3,937659,8519,6,6,cubic
1.234,29862,20,23040,31.6,30.4,20.1,54.5,2.1,944491,8524,6,6,cubic
1.243,29914,20,21600,31.5,30.6,20.1,54.5,1.8,950163,8529,6,6,cubic
1.253,29975,20,23040,31.4,30.5,20.1,54.5,1.6,955865,8535,6,6,cubic
1.261,30025,20,23040,31.2,30.5,20.1,54.5,1.4,960892,8540,6,6,cubic
1.270,30075,20,23040,31.2,30.5,20.1,54.5,1.3,965396,8545,6,6,cubic
1.278,30124,20,23040,31.1,30.5,20.1,54.5,1.1,969708,8550,6,6,cubic
1.287,30173,20,21600,31.0,30.4,20.1,54.5,1.0,973793,8555,6,6,cubic
1.297,30231,20,23040,30.9,30.5,20.1,54.5,0.9,977748,8561,6,6,cubic
1.305,30280,21,23040,30.9,30.6,20.1,54.5,0.7,980569,8566,6,6,cubic
1.314,30327,21,24480,30.8,30.6,20.1,54.5,0.6,983174,8572,6,6,cubic
1.322,30374,21,24480,30.8,30.5,20.1,54.5,0.5,985976,8577,6,6,cubic
1.331,30421,21,23040,30.8,30.4,20.1,54.5,0.5,988979,8582,6,6,cubic
1.341,30475,21,24480,30.7,30.3,20.1,54.5,0.5,992509,8588,6,6,cubic
1.349,30521,21,23040,30.9,32.0,20.1,54.5,0.7,988822,8593,6,6,cubic
1.359,30575,21,24480,31.0,32.1,20.1,54.5,0.8,985845,8599,6,6,cubic
1.368,30620,21,24480,31.1,32.0,20.1,54.5,0.9,983269,8604,6,6,cubic
1.376,30664,21,23040,31.3,32.2,20.1,54.5,0.9,980526,8609,6,6,cubic
1.387,30717,21,24480,31.4,32.2,20.1,54.5,0.9,978466,8615,6,6,cubic
0.005,30717,21,0,31.8,32.2,20.1,54.5,0.8,966733,8618,6,6,cubic
0.009,30717,21,0,31.1,26.2,20.1,54.5,2.0,988574,8619,6,6,cubic
0.009,30717,21,0,31.0,30.7,20.1,54.5,1.6,989976,8620,6,6,cubic
0.009,30717,21,0,31.0,30.4,20.1,54.5,1.3,992439,8621,6,6,cubic
0.007,30717,21,0,30.8,29.9,20.1,54.5,1.3,996593,8622,6,6,cubic
0.008,30717,21,0,30.6,28.8,20.1,54.5,1.5,1004940,8623,6,6,cubic
0.025,30717,21,0,30.3,28.8,20.1,54.5,1.5,1012259,8624,6,6,cubic
0.008,30717,21,0,32.7,28.2,20.1,54.5,6.6,940047,8628,6,6,cubic
0.033,30075,20,24480,32.1,28.4,20.1,54.5,6.0,935808,8650,6,6,cubic
0.040,30114,20,23040,31.5,26.8,20.1,54.5,5.9,956850,8654,6,6,cubic
0.049,30163,20,24480,31.9,34.7,20.1,54.5,5.2,946141,8659,6,6,cubic
0.055,30202,20,25920,32.3,35.2,20.1,54.5,4.7,935278,8663,6,6,cubic
0.060,30281,21,25920,32.7,35.7,20.1,54.5,4.4,925628,8666,6,6,cubic
0.065,30687,21,23040,32.4,30.4,20.1,54.5,3.9,946282,8670,6,6,cubic
0.076,31022,21,24480,32.2,30.4,20.1,54.5,3.4,964044,8676,6,6,cubic
0.084,31286,21,25920,32.0,30.4,20.1,54.5,3.0,978849,8681,6,6,cubic
0.091,31548,21,25920,31.8,30.4,20.1,54.5,2.6,992981,8685,6,6,cubic
0.096,31743,22,27360,31.6,30.6,20.1,54.5,2.3,1003889,8689,6,6,cubic
0.103,32001,22,27360,31.7,32.1,20.1,54.5,1.8,1010036,8693,6,6,cubic
0.108,32450,22,23040,31.8,32.3,20.1,54.5,1.5,1021886,8697,6,6,cubic
0.121,32703,22,27360,31.8,32.1,20.1,54.5,1.2,1028557,8704,6,6,cubic
0.128,32954,22,27360,31.8,32.2,20.1,54.5,1.0,1034889,8708,6,6,cubic
0.135,33202,23,27360,32.1,33.8,20.1,54.5,1.2,1034652,8712,6,6,cubic
0.149,25460,17,21655,32.7,35.7,20.1,54.5,1.9,777950,8719,6,6,cubic
0.157,25510,17,17335,32.9,34.1,20.1,54.5,1.8,775309,8722,6,6,cubic
0.168,25569,17,20215,33.1,34.2,20.1,54.5,1.6,773341,8728,6,6,cubic
0.174,25607,17,18775,33.2,34.0,20.1,54.5,1.5,771643,8732,6,6,cubic
0.183,25655,17,20160,32.2,25.1,20.1,54.5,3.1,797432,8737,6,6,cubic
0.188,25684,17,21600,31.3,25.2,20.1,54.5,4.1,820496,8741,6,6,cubic
0.194,25722,17,18720,30.5,25.1,20.1,54.5,4.6,842763,8744,6,6,cubic
0.203,25768,17,20160,29.9,25.4,20.1,54.5,4.8,862469,8749,6,6,cubic
0.210,25806,17,18720,29.3,25.3,20.1,54.5,4.7,880690,8753,6,6,cubic
0.218,25851,17,20160,29.1,28.0,20.1,54.5,3.9,887070,8758,6,6,cubic
0.225,25888,17,21600,29.0,28.3,20.1,54.5,3.1,891521,8762,6,6,cubic
0.230,25915,17,20160,28.6,25.3,20.1,54.5,3.3,907229,8765,6,6,cubic
0.237,25951,18,20160,28.2,25.3,20.1,54.5,3.3,921719,8769,6,6,cubic
0.243,25987,18,21600,27.8,25.3,20.1,54.5,3.2,934716,8774,6,6,cubic
0.249,26014,18,23040,27.9,29.0,20.1,54.5,2.7,930800,8778,6,6,cubic
0.255,26049,18,21600,27.6,25.4,20.1,54.5,2.6,942950,8781,6,6,cubic
0.260,26076,18,23040,27.8,29.2,20.1,54.5,2.4,937210,8785,6,6,cubic
0.267,26111,18,21600,28.1,30.3,20.1,54.5,2.4,928325,8788,6,6,cubic
0.274,26145,18,21600,28.0,27.0,20.1,54.5,2.1,934083,8792,6,6,cubic
0.281,26179,18,21600,28.3,30.8,20.1,54.5,2.3,923649,8796,6,6,cubic
0.288,26213,18,21600,28.8,31.9,20.1,54.5,2.6,910521,8800,6,6,cubic
0.294,26247,18,18720,28.6,26.9,20.1,54.5,2.4,919173,8804,6,6,cubic
0.300,26273,18,25920,28.4,26.9,20.1,54.5,2.2,926606,8810,6,6,cubic
0.306,26345,18,21600,28.2,27.0,20.1,54.5,2.0,934584,8811,6,6,cubic
0.313,26657,18,21600,28.1,27.1,20.1,54.5,1.8,950237,8815,6,6,cubic
0.320,26964,18,21600,27.9,27.0,20.1,54.5,1.6,965586,8819,6,6,cubic
0.327,27268,18,21600,27.8,27.1,20.1,54.5,1.4,980263,8823,6,6,cubic
0.333,27569,19,21600,27.7,27.0,20.1,54.5,1.3,994803,8827,6,6,cubic
0.338,27792,19,24480,27.6,27.1,20.1,54.5,1.1,1005499,8832,6,6,cubic
0.345,28087,19,23040,27.6,27.1,20.1,54.5,1.0,1018826,8835,6,6,cubic
0.352,28379,19,23040,27.5,27.2,20.1,54.5,0.8,1031288,8839,6,6,cubic
0.359,28669,19,23040,27.5,27.0,20.1,54.5,0.7,1044103,8843,6,6,cubic
0.365,28955,20,23040,27.4,27.2,20.1,54.5,0.6,1056019,8847,6,6,cubic
0.372,29238,20,24480,27.8,30.4,20.1,54.5,1.2,1051840,8852,6,6,cubic
0.379,29518,20,24480,27.9,28.8,20.1,54.5,1.2,1057045,8856,6,6,cubic
0.386,29796,20,24480,28.0,28.7,20.1,54.5,1.1,1063421,8860,6,6,cubic
0.393,30072,20,24480,28.1,28.7,20.1,54.5,1.0,1069835,8864,6,6,cubic
0.399,30412,21,23040,28.2,28.8,20.1,54.5,0.9,1078784,8868,6,6,cubic
0.408,30682,21,25920,28.4,30.3,20.1,54.5,1.2,1078491,8874,6,6,cubic
0.415,30950,21,25920,28.7,30.3,20.1,54.5,1.4,1078961,8878,6,6,cubic
0.421,31215,21,25920,28.9,30.5,20.1,54.5,1.5,1079767,8882,6,6,cubic
0.428,31477,21,25920,29.1,30.5,20.1,54.5,1.5,1081237,8886,6,6,cubic
0.435,31803,22,24480,29.3,30.4,20.1,54.5,1.5,1086242,8890,6,6,cubic
0.443,32125,22,25920,29.6,32.1,20.1,54.5,1.8,1084241,8896,6,6,cubic
0.452,32381,22,27360,29.9,32.1,20.1,54.5,2.0,1081421,8901,6,6,cubic
0.459,32634,22,27360,30.2,32.1,20.1,54.5,2.0,1080381,8905,6,6,cubic
0.465,32885,22,27360,30.4,32.1,20.1,54.5,2.0,1080321,8909,6,6,cubic
0.481,25226,17,17335,31.0,33.8,20.1,54.5,2.2,812562,8914,6,6,cubic
0.491,25285,17,20215,31.4,33.8,20.1,54.5,2.4,805459,8920,6,6,cubic
0.497,25323,17,20215,31.7,33.8,20.1,54.5,2.4,798984,8924,6,6,cubic
0.504,25362,17,20215,31.9,33.7,20.1,54.5,2.3,793902,8928,6,6,cubic
0.511,25401,17,20160,31.1,25.5,20.1,54.5,3.3,815598,8932,6,6,cubic
0.518,25439,17,17280,30.4,25.5,20.1,54.5,3.9,835874,8936,6,6,cubic
0.528,25496,17,20160,30.4,30.3,20.1,54.5,3.0,838298,8942,6,6,cubic
0.535,25533,17,20160,30.3,29.4,20.1,54.5,2.5,843007,8946,6,6,cubic
0.542,25570,17,20160,30.2,29.2,20.1,54.5,2.1,848036,8950,6,6,cubic
0.548,25606,17,20160,30.0,29.1,20.1,54.5,1.9,852964,8954,6,6,cubic
0.555,25642,17,18720,29.4,25.3,20.1,54.5,2.6,871198,8958,6,6,cubic
0.564,25687,17,20160,28.9,25.2,20.1,54.5,3.0,888608,8963,6,6,cubic
0.570,25723,17,20160,28.5,25.3,20.1,54.5,3.1,903798,8967,6,6,cubic
0.577,25759,17,20160,28.1,25.4,20.1,54.5,3.1,917277,8971,6,6,cubic
0.584,25795,17,20160,27.8,25.5,20.1,54.5,3.0,929147,8975,6,6,cubic
0.591,25828,17,18720,27.5,25.4,20.1,54.5,2.8,940225,8979,6,6,cubic
0.600,25873,17,20160,27.2,25.3,20.1,54.5,2.6,951108,8984,6,6,cubic
0.606,25906,17,18720,27.0,25.2,20.1,54.5,2.5,961011,8988,6,6,cubic
0.614,25948,18,20160,26.7,25.2,20.1,54.5,2.3,970454,8993,6,6,cubic
0.621,25982,18,21600,26.6,25.4,20.1,54.5,2.1,978090,8998,6,6,cubic
0.628,26016,18,20160,26.4,25.1,20.1,54.5,1.9,986351,9002,6,6,cubic
0.636,26250,18,21600,26.3,25.4,20.1,54.5,1.7,999961,9007,6,6,cubic
0.643,26641,18,20160,26.1,25.4,20.1,54.5,1.5,1019049,9011,6,6,cubic
0.652,27026,18,20160,26.3,27.1,20.1,54.5,1.3,1029287,9016,6,6,cubic
0.661,27329,18,21600,26.4,27.2,20.1,54.5,1.2,1036092,9021,6,6,cubic
0.667,27704,19,20160,26.5,27.4,20.1,54.5,1.2,1045512,9025,6,6,cubic
0.676,28000,19,23040,26.6,27.5,20.1,54.5,1.1,1051682,9031,6,6,cubic
0.683,28366,19,21600,26.7,27.2,20.1,54.5,1.0,1062795,9035,6,6,cubic
0.691,28728,19,21600,26.7,27.0,20.1,54.5,0.8,1074827,9040,6,6,cubic
0.699,29013,20,23040,26.8,26.9,20.1,54.5,0.7,1084476,9045,6,6,cubic
0.706,29437,20,21600,26.9,28.3,20.1,54.5,0.9,1092363,9050,6,6,cubic
0.716,29716,20,24480,27.1,28.4,20.1,54.5,1.0,1095318,9056,6,6,cubic
0.723,30061,20,23040,27.3,28.4,20.1,54.5,1.1,1101821,9060,6,6,cubic
0.732,30470,21,21600,27.4,28.5,20.1,54.5,1.1,1110868,9065,6,6,cubic
0.742,30807,21,24480,27.8,30.4,20.1,54.5,1.6,1107926,9072,6,6,cubic
0.750,31140,21,24480,28.1,30.3,20.1,54.5,1.8,1107396,9077,6,6,cubic
0.759,31469,21,24480,28.4,30.6,20.1,54.5,2.0,1106894,9082,6,6,cubic
0.767,31795,22,24480,28.7,30.4,20.1,54.5,2.0,1108882,9087,6,6,cubic
0.774,32246,22,23040,29.1,32.4,20.1,54.5,2.4,1106474,9093,6,6,cubic
0.788,32564,22,25920,29.6,32.4,20.1,54.5,2.6,1101847,9100,6,6,cubic
0.796,32879,22,25920,29.9,32.1,20.1,54.5,2.6,1100552,9105,6,6,cubic
0.804,33191,23,25920,30.1,31.9,20.1,54.5,2.5,1101775,9110,6,6,cubic
0.813,33500,23,27360,30.7,35.0,20.1,54.5,3.1,1089962,9116,6,6,cubic
0.821,33683,23,30240,32.1,42.0,20.1,54.5,5.1,1047747,9121,6,6,cubic
0.826,33988,23,27360,32.3,33.6,20.1,54.5,4.2,1051153,9124,6,6,cubic
0.835,34289,23,27360,32.5,33.8,20.1,54.5,3.5,1054494,9129,6,6,cubic
0.843,34588,24,27360,32.7,33.9,20.1,54.5,3.0,1058125,9134,6,6,cubic
0.852,30264,21,27360,33.1,35.6,20.1,54.5,3.0,915592,9140,6,6,cubic
0.862,30331,21,25920,33.4,35.5,20.1,54.5,2.8,909175,9143,6,6,cubic
0.867,30365,21,25920,33.7,35.9,20.1,54.5,2.8,901787,9147,6,6,cubic
0.876,30420,21,24480,33.9,35.7,20.1,54.5,2.6,896631,9151,6,6,cubic
0.884,30474,21,23040,34.2,35.8,20.1,54.5,2.4,892096,9156,6,6,cubic
0.894,30539,21,25920,33.9,32.0,20.1,54.5,2.3,901121,9162,6,6,cubic
0.899,30572,21,27360,33.7,32.3,20.1,54.5,2.2,907584,9166,6,6,cubic
0.906,30613,21,25920,33.7,33.5,20.1,54.5,1.7,909288,9169,6,6,cubic
0.913,30656,21,24480,33.5,32.0,20.1,54.5,1.6,916088,9173,6,6,cubic
0.921,30707,21,24480,33.3,31.9,20.1,54.5,1.6,922991,9178,6,6,cubic
0.005,30707,21,0,32.8,32.1,20.1,54.5,1.1,937246,9179,6,6,cubic
0.005,30707,21,0,31.9,26.2,20.1,54.5,2.4,961155,9180,6,6,cubic
0.006,30707,21,0,31.2,26.2,20.1,54.5,3.3,983158,9181,6,6,cubic
0.007,30707,21,0,30.7,26.9,20.1,54.5,3.5,1000488,9182,6,6,cubic
0.005,30707,21,0,30.7,30.8,20.1,54.5,2.7,999967,9183,6,6,cubic
0.005,30707,21,0,30.1,26.1,20.1,54.5,3.1,1018947,9184,6,6,cubic
0.005,30707,21,0,29.6,26.0,20.1,54.5,3.4,1036698,9185,6,6,cubic
0.005,30707,21,0,29.2,26.2,20.1,54.5,3.4,1052077,9186,6,6,cubic
0.005,30707,21,0,28.8,26.1,20.1,54.5,3.3,1066326,9187,6,6,cubic
0.005,30707,21,0,28.5,26.2,20.1,54.5,3.1,1078270,9189,6,6,cubic
0.006,30707,21,0,28.1,25.8,20.1,54.5,3.0,1090873,9190,6,6,cubic
0.031,30864,21,24480,27.9,26.1,20.1,54.5,2.8,1106434,9212,6,6,cubic
0.038,30904,21,25920,27.8,26.9,20.1,54.5,2.3,1113096,9217,6,6,cubic
0.045,30944,21,27360,28.6,34.1,20.1,54.5,3.3,1083852,9221,6,6,cubic
0.050,30974,21,25920,29.4,35.5,20.1,54.5,4.2,1052713,9224,6,6,cubic
0.056,31014,21,25920,30.4,37.0,20.1,54.5,5.1,1021070,9228,6,6,cubic
0.062,31044,21,21600,30.4,30.4,20.1,54.5,3.8,1022159,9232,6,6,cubic
0.075,31122,21,25920,30.6,32.1,20.1,54.5,3.3,1017391,9239,6,6,cubic
0.082,31160,21,25920,30.8,32.1,20.1,54.5,2.9,1012345,9243,6,6,cubic
0.087,31189,21,27360,31.0,32.2,20.1,54.5,2.5,1007657,9247,6,6,cubic
0.094,31227,21,25920,31.1,32.2,20.1,54.5,2.2,1003760,9250,6,6,cubic
0.101,31264,21,24480,31.4,33.8,20.1,54.5,2.3,994180,9254,6,6,cubic
0.109,31311,21,23040,31.5,32.1,20.1,54.5,1.9,993243,9259,6,6,cubic
0.119,31367,21,25920,31.6,32.1,20.1,54.5,1.5,992940,9265,6,6,cubic
0.126,31404,21,27360,31.9,33.8,20.1,54.5,1.7,985563,9269,6,6,cubic
0.131,31431,21,25920,31.9,32.1,20.1,54.5,1.3,985452,9272,6,6,cubic
0.138,31467,21,24480,31.9,32.1,20.1,54.5,1.1,985870,9276,6,6,cubic
0.155,24140,16,17280,32.0,32.3,20.1,54.5,0.7,754681,9281,6,6,cubic
0.163,24187,16,18720,32.0,32.1,20.1,54.5,0.6,755820,9286,6,6,cubic
0.168,24216,16,20160,32.0,32.2,20.1,54.5,0.5,756206,9290,6,6,cubic
0.175,24253,16,17280,32.0,32.2,20.1,54.5,0.4,756723,9293,6,6,cubic
0.184,24299,16,18720,31.0,23.6,20.1,54.5,2.4,783965,9298,6,6,cubic
0.190,24336,16,18720,30.1,23.7,20.1,54.5,3.6,809042,9302,6,6,cubic
0.197,24373,16,18720,29.7,27.4,20.1,54.5,3.4,819508,9306,6,6,cubic
0.204,24409,16,18720,29.3,26.3,20.1,54.5,3.4,832872,9310,6,6,cubic
0.211,24445,16,18720,28.9,25.8,20.1,54.5,3.4,846726,9314,6,6,cubic
0.217,24480,17,18720,28.4,25.4,20.1,54.5,3.4,860729,9318,6,6,cubic
0.224,24516,17,20160,28.0,24.7,20.1,54.5,3.5,876259,9323,6,6,cubic
0.231,24551,17,20160,27.6,24.6,20.1,54.5,3.5,891111,9327,6,6,cubic
0.238,24586,17,20160,27.2,24.5,20.1,54.5,3.4,904828,9331,6,6,cubic
0.244,24620,17,20160,26.8,24.5,20.1,54.5,3.2,917458,9335,6,6,cubic
0.251,24655,17,20160,26.6,24.7,20.1,54.5,2.9,928170,9339,6,6,cubic
0.258,24689,17,20160,26.4,24.9,20.1,54.5,2.6,936786,9343,6,6,cubic
0.265,24723,17,20160,26.3,25.8,20.1,54.5,2.1,940789,9347,6,6,cubic
0.272,24757,17,20160,26.2,25.9,20.1,54.5,1.7,943627,9351,6,6,cubic
0.278,24790,17,21600,26.1,25.4,20.1,54.5,1.5,948754,9355,6,6,cubic
0.284,24815,17,20160,26.0,25.4,20.1,54.5,1.3,952956,9358,6,6,cubic
0.289,24840,17,21600,26.3,27.8,20.1,54.5,1.4,946069,9362,6,6,cubic
0.295,25077,17,20160,26.5,28.3,20.1,54.5,1.5,946087,9365,6,6,cubic
0.302,25404,17,20160,26.8,29.2,20.1,54.5,1.8,946250,9369,6,6,cubic
0.309,25646,17,21600,26.7,25.6,20.1,54.5,1.7,960848,9373,6,6,cubic
0.314,25966,18,20160,26.5,25.5,20.1,54.5,1.6,978335,9376,6,6,cubic
0.321,26203,18,23040,26.6,27.3,20.1,54.5,1.4,983965,9381,6,6,cubic
0.326,26516,18,21600,26.5,25.6,20.1,54.5,1.3,1000415,9384,6,6,cubic
0.333,26825,18,21600,26.4,25.6,20.1,54.5,1.2,1016560,9388,6,6,cubic
0.340,27131,18,21600,26.3,25.5,20.1,54.5,1.1,1032421,9392,6,6,cubic
0.345,27357,18,23040,26.2,25.6,20.1,54.5,1.0,1044479,9396,6,6,cubic
0.352,27657,19,21600,26.3,27.2,20.1,54.5,1.0,1050837,9399,6,6,cubic
0.358,27954,19,23040,26.4,27.1,20.1,54.5,1.0,1058102,9404,6,6,cubic
0.365,28247,19,23040,26.5,27.1,20.1,54.5,0.9,1065924,9408,6,6,cubic
0.372,28538,19,23040,26.6,27.1,20.1,54.5,0.8,1073987,9412,6,6,cubic
0.379,28753,19,24480,26.8,28.7,20.1,54.5,1.1,1071314,9416,6,6,cubic
0.384,29038,20,23040,26.9,27.2,20.1,54.5,0.9,1080363,9419,6,6,cubic
0.391,29391,20,23040,27.2,29.8,20.1,54.5,1.4,1078806,9424,6,6,cubic
0.399,29671,20,24480,27.5,29.1,20.1,54.5,1.5,1079966,9429,6,6,cubic
0.406,29947,20,24480,27.7,28.9,20.1,54.5,1.5,1082956,9433,6,6,cubic
0.413,30152,20,25920,27.8,29.1,20.1,54.5,1.5,1083123,9437,6,6,cubic
0.418,30492,21,23040,28.0,29.1,20.1,54.5,1.4,1089038,9440,6,6,cubic
0.005,30492,21,7172,29.1,30.7,20.1,54.5,1.9,1046648,9445,6,6,cubic
0.006,30492,21,0,29.5,26.1,20.1,54.5,3.2,1035135,9446,6,6,cubic
0.005,30492,21,0,29.3,28.3,20.1,54.5,2.7,1040114,9447,6,6,cubic
0.006,30492,21,0,29.0,26.4,20.1,54.5,2.8,1053227,9448,6,6,cubic
0.005,30492,21,0,28.7,26.9,20.1,54.5,2.6,1062661,9449,6,6,cubic
0.005,30492,21,0,28.5,27.4,20.1,54.5,2.3,1068882,9450,6,6,cubic
0.005,30492,21,0,28.2,26.1,20.1,54.5,2.3,1080510,9451,6,6,cubic
0.005,30492,21,0,28.1,27.6,20.1,54.5,1.9,1083389,9452,6,6,cubic
0.005,30492,21,0,28.1,27.5,20.1,54.5,1.6,1086516,9453,6,6,cubic
0.005,30492,21,0,28.0,27.4,20.1,54.5,1.3,1089544,9455,6,6,cubic
0.007,30492,21,0,27.9,27.0,20.1,54.5,1.2,1094275,9456,6,6,cubic
0.033,30829,21,24480,27.8,27.4,20.1,54.5,1.0,1108677,9478,6,6,cubic
0.053,31161,21,24480,29.5,41.1,20.1,54.5,4.1,1057488,9483,6,6,cubic
0.081,31227,21,30240,34.2,67.2,20.1,67.2,12.5,913363,9488,6,6,cubic
0.086,31293,21,30240,38.8,71.4,20.1,71.4,18.7,805772,9489,6,6,cubic
0.093,31358,21,30240,43.6,76.9,20.1,76.9,23.5,719368,9490,6,6,cubic
0.100,31424,21,30240,48.5,82.6,20.1,82.6,27.4,648385,9491,6,6,cubic
0.106,31489,21,30240,53.4,88.1,20.1,88.1,30.4,589527,9492,6,6,cubic
0.112,31554,21,30240,58.2,91.9,20.1,91.9,32.5,541904,9493,6,6,cubic
0.117,31619,21,30240,62.9,95.7,20.1,95.7,33.7,502566,9494,6,6,cubic
0.122,31684,22,30240,67.5,99.5,20.1,99.5,34.4,469448,9495,6,6,cubic
0.127,31749,22,31680,72.0,103.4,20.1,103.4,34.8,441086,9497,6,6,cubic
0.132,31813,22,31680,76.4,107.2,20.1,107.2,34.9,416487,9498,6,6,cubic
0.139,31878,22,31680,80.9,112.8,20.1,112.8,35.3,393847,9499,6,6,cubic
0.144,31942,22,31680,85.4,116.7,20.1,116.7,35.4,374006,9500,6,6,cubic
0.149,32263,22,25920,88.7,111.7,20.1,116.7,33.1,363764,9501,6,6,cubic
0.173,28230,19,25920,92.0,115.1,20.1,116.7,31.4,306881,9506,6,6,cubic
0.208,28444,19,27360,95.8,122.1,20.1,122.1,31.1,297049,9508,6,6,cubic
0.215,28485,19,27360,99.3,123.7,20.1,123.7,30.3,286993,9509,6,6,cubic
0.220,28517,19,25920,101.9,120.2,20.1,123.7,28.0,279929,9510,6,6,cubic
0.230,28578,19,27360,104.0,118.5,20.1,123.7,25.2,274907,9512,6,6,cubic
0.235,28608,19,27360,105.8,118.5,20.1,123.7,22.5,270468,9513,6,6,cubic
0.240,28639,19,27360,107.4,118.6,20.1,123.7,20.1,266719,9514,6,6,cubic
0.247,28680,19,25920,109.0,120.4,20.1,123.7,18.3,263104,9515,6,6,cubic
0.261,28759,19,27360,111.5,129.0,20.1,129.0,18.7,257909,9517,6,6,cubic
0.268,28799,19,27360,113.9,130.7,20.1,130.7,18.9,252817,9518,6,6,cubic
0.275,28838,20,27360,116.0,130.6,20.1,130.7,18.3,248603,9519,6,6,cubic
0.280,28867,20,28800,117.8,130.6,20.1,130.7,17.4,244988,9521,6,6,cubic
0.285,28896,20,23040,119.4,130.7,20.1,130.7,16.3,241926,9522,6,6,cubic
0.309,29029,20,27360,120.9,130.7,20.1,130.7,15.0,240200,9527,6,6,cubic
0.323,29104,20,28800,119.5,110.0,20.1,130.7,14.0,243564,9529,6,6,cubic
0.361,22446,15,21655,116.8,115.3,20.1,130.7,5.9,192252,9531,6,6,cubic
0.370,22491,15,20215,116.8,117.0,20.1,130.7,4.5,192586,9532,6,6,cubic
0.383,22562,15,21655,116.8,117.0,20.1,130.7,3.4,193143,9534,6,6,cubic
0.390,22596,15,21655,116.8,116.9,20.1,130.7,2.6,193417,9535,6,6,cubic
0.397,22631,15,20215,116.9,117.0,20.1,130.7,2.0,193673,9536,6,6,cubic
0.409,22691,15,21655,117.7,123.9,20.1,130.7,3.3,192732,9538,6,6,cubic
0.414,22716,15,18775,118.5,123.9,20.1,130.7,4.0,191688,9539,6,6,cubic
0.430,22791,15,21655,120.8,137.2,20.1,137.2,7.7,188609,9542,6,6,cubic
0.435,22816,15,21655,122.8,136.2,20.1,137.2,9.6,185863,9543,6,6,cubic
0.442,22848,15,20215,123.3,127.3,20.1,137.2,8.3,185268,9544,6,6,cubic
0.456,22913,15,21655,123.8,127.3,20.1,137.2,7.2,185058,9546,6,6,cubic
0.462,22946,15,21600,120.4,96.4,20.1,137.2,12.3,190590,9547,6,6,cubic
0.469,22977,15,20160,117.2,94.6,20.1,137.2,15.6,196098,9548,6,6,cubic
0.490,17639,12,17335,108.0,87.9,20.1,137.2,20.6,163346,9551,6,6,cubic
0.500,17685,12,17335,105.2,86.1,20.1,137.2,20.9,168034,9552,6,6,cubic
0.505,17708,12,15895,102.8,86.1,20.1,137.2,20.5,172176,9553,6,6,cubic
0.521,17777,12,17335,102.5,100.4,20.1,137.2,16.0,173358,9555,6,6,cubic
0.528,17807,12,17335,101.4,93.0,20.1,137.2,14.4,175692,9556,6,6,cubic
0.535,17837,12,15895,100.3,93.0,20.1,137.2,12.9,177818,9557,6,6,cubic
0.551,17881,12,15895,99.0,89.5,20.1,137.2,12.3,180694,9559,6,6,cubic
0.559,17925,12,15895,97.6,87.7,20.1,137.2,12.1,183750,9560,6,6,cubic
0.567,17967,12,12960,93.3,74.0,20.1,137.2,14.5,192516,9561,6,6,cubic
0.574,17996,12,12960,90.1,67.1,20.1,137.2,17.4,199837,9562,6,6,cubic
0.581,18017,12,12960,87.2,67.2,20.1,137.2,18.8,206635,9563,6,6,cubic
0.588,18038,12,12960,84.7,67.1,20.1,137.2,19.1,213003,9564,6,6,cubic
0.596,13830,9,11520,79.1,60.2,20.1,137.2,20.4,174755,9565,6,6,cubic
0.604,13850,9,11520,76.5,58.0,20.1,137.2,20.6,181050,9566,6,6,cubic
0.611,13877,9,10080,73.3,50.5,20.1,137.2,21.9,189441,9567,6,6,cubic
0.619,13903,9,8640,69.8,45.5,20.1,137.2,23.4,199251,9568,6,6,cubic
0.625,13942,9,8640,66.5,43.5,20.1,137.2,24.1,209676,9569,6,6,cubic
0.632,13961,9,8640,63.4,41.6,20.1,137.2,24.3,220288,9570,6,6,cubic
0.638,13980,9,7200,59.8,34.8,20.1,137.2,25.4,233767,9571,6,6,cubic
0.644,14012,9,5760,56.1,30.0,20.1,137.2,26.5,249870,9572,6,6,cubic
0.653,10727,7,7200,52.8,29.7,20.1,137.2,26.5,249870,9574,6,6,cubic
0.660,10749,7,10080,49.9,29.7,20.1,137.2,25.6,249870,9577,6,6,cubic
0.667,10772,7,10080,47.4,30.1,20.1,137.2,24.2,249870,9578,6,6,cubic
0.674,10794,7,10080,45.3,30.8,20.1,137.2,22.3,249870,9579,6,6,cubic
0.681,10816,7,10080,43.7,31.9,20.1,137.2,20.1,249870,9580,6,6,cubic
0.686,10833,7,8640,42.3,32.7,20.1,137.2,17.8,249870,9581,6,6,cubic
0.691,10849,7,8640,41.1,32.7,20.1,137.2,15.7,249870,9583,6,6,cubic
0.724,8341,5,7200,42.3,44.8,20.1,137.2,8.5,249870,9585,6,6,cubic
0.731,8360,5,7200,42.6,44.7,20.1,137.2,7.0,249870,9586,6,6,cubic
0.736,8374,5,5760,42.9,44.6,20.1,137.2,5.7,249870,9587,6,6,cubic
0.746,8401,5,5760,43.7,49.9,20.1,137.2,6.0,249870,9589,6,6,cubic
0.762,8442,5,7200,42.4,32.6,20.1,137.2,7.3,249870,9591,6,6,cubic
0.776,6473,4,4320,40.3,34.5,20.1,137.2,7.6,249870,9592,6,6,cubic
0.789,6505,4,4320,40.0,37.9,20.1,137.2,6.3,249870,9594,6,6,cubic
0.803,4968,3,4320,38.4,27.5,20.1,137.2,7.9,249870,9596,6,6,cubic
0.808,4978,3,4320,37.1,27.5,20.1,137.2,8.6,249870,9597,6,6,cubic
0.819,5793,4,2880,35.5,24.1,20.1,137.2,9.7,249870,9598,6,6,cubic
0.829,6147,4,5760,33.6,20.6,20.1,137.2,11.0,249870,9601,6,6,cubic
0.834,6480,4,5760,32.0,20.7,20.1,137.2,11.5,249870,9602,6,6,cubic
0.844,7430,5,2880,30.6,20.8,20.1,137.2,11.4,249870,9603,6,6,cubic
0.858,7706,5,7200,29.8,24.1,20.1,137.2,10.2,249870,9607,6,6,cubic
0.865,7972,5,7200,29.3,25.7,20.1,137.2,8.6,249870,9608,6,6,cubic
0.870,9000,6,2880,28.2,20.6,20.1,137.2,8.6,249870,9609,6,6,cubic
0.891,9456,6,7200,27.9,25.8,20.1,137.2,7.1,249870,9614,6,6,cubic
0.903,10540,7,2880,27.9,27.6,20.1,137.2,5.4,249870,9616,6,6,cubic
0.935,10929,7,8640,29.3,39.5,20.1,137.2,7.0,249870,9622,6,6,cubic
0.946,12055,8,2880,30.4,37.9,20.1,137.2,7.4,396702,9624,6,6,cubic
0.984,12395,8,10080,32.0,43.0,20.1,137.2,8.7,387743,9631,6,6,cubic
0.997,10844,7,10080,33.8,46.5,20.1,137.2,10.1,387743,9633,6,6,cubic
1.009,10884,7,10080,36.5,55.2,20.1,137.2,13.0,387743,9634,6,6,cubic
1.015,10901,7,10080,38.9,56.2,20.1,137.2,14.7,387743,9635,6,6,cubic
1.020,10918,7,10080,41.3,58.2,20.1,137.2,15.8,387743,9636,6,6,cubic
1.028,10946,7,10080,44.0,62.8,20.1,137.2,17.2,387743,9637,6,6,cubic
1.035,10968,7,10080,46.8,66.5,20.1,137.2,18.5,387743,9638,6,6,cubic
1.042,10989,7,8640,47.7,53.4,20.1,137.2,15.5,387743,9639,6,6,cubic
1.064,8435,5,5760,47.0,43.1,20.1,137.2,10.1,387743,9641,6,6,cubic
1.073,8458,5,7200,46.0,39.6,20.1,137.2,9.4,387743,9643,6,6,cubic
1.082,8482,5,7200,45.4,41.3,20.1,137.2,8.2,387743,9644,6,6,cubic
1.088,8500,5,5760,44.9,41.3,20.1,137.2,7.2,387743,9645,6,6,cubic
1.102,6501,4,5760,43.4,32.7,20.1,137.2,8.5,387743,9647,6,6,cubic
1.116,6534,4,5760,42.7,37.9,20.1,137.2,7.7,387743,9648,6,6,cubic
1.123,6550,4,5760,41.9,36.2,20.1,137.2,7.4,387743,9649,6,6,cubic
1.130,6660,4,4320,41.2,36.3,20.1,137.2,7.0,387743,9650,6,6,cubic
1.137,6968,4,5760,39.7,29.3,20.1,137.2,8.2,387743,9652,6,6,cubic
1.142,7262,5,5760,37.3,20.6,20.1,137.2,10.9,387743,9653,6,6,cubic
1.149,7544,5,7200,35.2,20.7,20.1,137.2,12.4,387743,9655,6,6,cubic
1.156,8088,5,5760,33.4,20.6,20.1,137.2,12.9,387743,9656,6,6,cubic
1.163,8341,5,7200,31.8,20.6,20.1,137.2,12.9,387743,9658,6,6,cubic
1.169,8833,6,5760,30.6,21.8,20.1,137.2,12.2,387743,9659,6,6,cubic
1.176,9065,6,8640,29.5,21.8,20.1,137.2,11.3,387743,9662,6,6,cubic
1.182,9518,6,7200,28.5,21.7,20.1,137.2,10.4,387743,9663,6,6,cubic
1.189,9733,6,8640,27.6,21.7,20.1,137.2,9.5,387743,9665,6,6,cubic
1.196,10365,7,5760,27.0,22.4,20.1,137.2,8.5,387743,9666,6,6,cubic
1.213,10958,7,7200,27.3,29.2,20.1,137.2,6.9,387743,9670,6,6,cubic
1.224,11894,8,4320,27.1,25.8,20.1,137.2,5.5,439265,9673,6,6,cubic
1.251,12411,8,8640,27.8,32.7,20.1,137.2,5.6,446695,9679,6,6,cubic
1.268,12742,8,10080,29.3,39.6,20.1,137.2,7.1,435445,9682,6,6,cubic
1.277,13064,9,10080,31.3,45.2,20.1,137.2,9.3,417941,9684,6,6,cubic
1.284,13377,9,11520,33.0,45.5,20.1,137.2,10.6,404885,9687,6,6,cubic
1.291,13684,9,11520,33.2,34.4,20.1,137.2,8.3,412081,9689,6,6,cubic
1.297,14134,9,10080,32.5,27.4,20.1,137.2,7.7,435240,9691,6,6,cubic
1.315,14424,10,11520,32.5,32.6,20.1,137.2,5.8,443938,9694,6,6,cubic
1.329,14708,10,12960,34.0,44.7,20.1,137.2,7.4,432435,9697,6,6,cubic
1.339,14847,10,14400,35.6,46.7,20.1,137.2,8.7,417109,9699,6,6,cubic
1.344,15124,10,12960,37.2,48.4,20.1,137.2,9.7,406559,9700,6,6,cubic
1.351,13233,9,12960,38.6,48.4,20.1,137.2,10.1,342859,9702,6,6,cubic
1.358,13259,9,10080,38.7,39.5,20.1,137.2,7.8,342565,9703,6,6,cubic
1.366,13291,9,12960,39.4,44.6,20.1,137.2,7.3,336941,9706,6,6,cubic
1.375,13323,9,11520,39.7,41.2,20.1,137.2,5.9,335896,9707,6,6,cubic
1.390,13380,9,12960,40.5,46.4,20.1,137.2,6.1,330337,9709,6,6,cubic
1.397,13404,9,11520,41.5,48.1,20.1,137.2,6.5,323322,9710,6,6,cubic
1.411,13453,9,12960,43.1,55.0,20.1,137.2,8.3,311780,9712,6,6,cubic
1.418,13477,9,11520,44.6,55.0,20.1,137.2,9.2,301978,9713,6,6,cubic
1.438,10355,7,8640,48.1,58.4,20.1,137.2,11.0,301978,9715,6,6,cubic
1.452,10399,7,10080,49.1,56.7,20.1,137.2,10.4,301978,9717,6,6,cubic
1.459,10420,7,8640,50.1,56.8,20.1,137.2,9.7,301978,9718,6,6,cubic
1.473,10462,7,10080,50.9,56.8,20.1,137.2,9.0,301978,9720,6,6,cubic
1.478,10477,7,8640,51.4,55.0,20.1,137.2,7.7,301978,9721,6,6,cubic
1.492,10518,7,8640,51.0,48.2,20.1,137.2,6.6,301978,9723,6,6,cubic
1.512,8068,5,7200,50.4,48.3,20.1,137.2,4.8,301978,9725,6,6,cubic
1.526,8105,5,7200,50.1,48.3,20.1,137.2,4.2,301978,9726,6,6,cubic
1.533,8123,5,5760,50.1,50.0,20.1,137.2,3.1,301978,9727,6,6,cubic
1.547,8159,5,5760,50.1,50.0,20.1,137.2,2.4,301978,9729,6,6,cubic
1.567,6255,4,5815,47.6,36.1,20.1,137.2,5.9,301978,9732,6,6,cubic
1.574,6271,4,4375,46.2,36.2,20.1,137.2,7.3,301978,9733,6,6,cubic
1.588,6546,4,4375,44.9,36.2,20.1,137.2,8.0,301978,9735,6,6,cubic
1.609,5013,3,2880,41.3,29.5,20.1,137.2,10.7,301978,9737,6,6,cubic
1.623,5789,4,2880,39.8,29.5,20.1,137.2,11.0,301978,9739,6,6,cubic
1.636,6498,4,4320,37.6,22.4,20.1,137.2,12.6,301978,9742,6,6,cubic
1.650,7444,5,2880,35.7,22.4,20.1,137.2,13.3,301978,9744,6,6,cubic
1.671,7995,5,5760,34.9,29.3,20.1,137.2,11.6,301978,9748,6,6,cubic
1.685,9021,6,2880,34.2,29.3,20.1,137.2,10.1,301978,9750,6,6,cubic
1.712,9476,6,7200,34.5,36.1,20.1,137.2,8.0,301978,9755,6,6,cubic
1.726,10558,7,2880,34.7,36.3,20.1,137.2,6.5,301978,9757,6,6,cubic
1.753,10946,7,8640,34.9,36.1,20.1,137.2,5.2,301978,9763,6,6,cubic
1.769,12070,8,2880,35.3,37.9,20.1,137.2,4.7,342391,9765,6,6,cubic
1.810,10560,7,10080,37.3,51.7,20.1,137.2,7.6,342391,9772,6,6,cubic
1.822,10599,7,8640,38.7,48.2,20.1,137.2,8.4,342391,9773,6,6,cubic
1.833,10632,7,10080,40.6,54.3,20.1,137.2,10.2,342391,9775,6,6,cubic
1.838,10648,7,10080,42.5,55.4,20.1,137.2,11.4,342391,9776,6,6,cubic
1.845,10670,7,10080,44.4,58.2,20.1,137.2,12.4,342391,9777,6,6,cubic
1.852,10692,7,8640,46.6,61.9,20.1,137.2,13.7,342391,9778,6,6,cubic
1.862,10723,7,10080,46.6,46.4,20.1,137.2,10.3,342391,9780,6,6,cubic
1.867,10738,7,8640,45.7,39.5,20.1,137.2,9.5,342391,9781,6,6,cubic
1.888,8247,5,5815,43.2,36.0,20.1,137.2,7.9,342391,9784,6,6,cubic
1.893,8261,5,7255,42.3,36.1,20.1,137.2,7.8,342391,9786,6,6,cubic
1.903,8288,5,7255,41.6,36.1,20.1,137.2,7.4,342391,9787,6,6,cubic
1.908,8302,5,5815,40.9,36.1,20.1,137.2,6.9,342391,9788,6,6,cubic
1.917,8451,5,5815,38.8,24.1,20.1,137.2,9.4,342391,9791,6,6,cubic
1.931,8694,6,7255,38.0,32.7,20.1,137.2,8.5,342391,9793,6,6,cubic
1.936,8930,6,7255,36.7,27.6,20.1,137.2,9.0,342391,9794,6,6,cubic
1.941,9389,6,7255,35.6,27.7,20.1,137.2,9.0,342391,9796,6,6,cubic
1.951,9832,6,7200,34.8,29.4,20.1,137.2,8.3,342391,9798,6,6,cubic
1.965,10249,7,7200,34.1,29.4,20.1,137.2,7.6,342391,9800,6,6,cubic
1.970,10449,7,10080,33.5,29.4,20.1,137.2,6.9,342391,9803,6,6,cubic
1.984,10841,7,8640,34.1,38.0,20.1,137.2,6.3,342391,9804,6,6,cubic
1.998,11220,7,8640,35.0,41.4,20.1,137.2,6.5,342391,9806,6,6,cubic
2.008,11768,8,7200,35.4,37.9,20.1,137.2,5.6,332683,9808,6,6,cubic
2.031,11942,8,11520,37.8,55.2,20.1,137.2,9.2,315541,9812,6,6,cubic
2.037,10448,7,10080,39.1,48.3,20.1,137.2,9.5,315541,9813,6,6,cubic
2.050,10487,7,8640,40.1,46.5,20.1,137.2,8.9,315541,9814,6,6,cubic
2.063,10530,7,8640,41.3,49.9,20.1,137.2,9.2,315541,9816,6,6,cubic
2.077,10573,7,8640,43.2,56.9,20.1,137.2,10.8,315541,9818,6,6,cubic
2.086,10600,7,10080,44.1,49.9,20.1,137.2,9.7,315541,9820,6,6,cubic
2.093,10620,7,10080,44.8,49.9,20.1,137.2,8.8,315541,9821,6,6,cubic
2.099,10641,7,8640,44.8,44.7,20.1,137.2,6.6,315541,9822,6,6,cubic
2.111,10676,7,8640,44.6,43.0,20.1,137.2,5.4,315541,9824,6,6,cubic
2.122,10706,7,8640,43.9,39.6,20.1,137.2,5.3,315541,9826,6,6,cubic
2.142,8222,5,5760,42.7,37.8,20.1,137.2,5.2,315541,9828,6,6,cubic
2.156,8259,5,5760,42.3,39.6,20.1,137.2,4.7,315541,9830,6,6,cubic
2.170,8296,5,5760,42.4,43.1,20.1,137.2,3.7,315541,9832,6,6,cubic
2.182,6345,4,5760,41.4,34.5,20.1,137.2,4.7,315541,9834,6,6,cubic
2.192,6369,4,4320,40.1,31.0,20.1,137.2,6.2,315541,9835,6,6,cubic
2.203,6626,4,4320,38.5,27.6,20.1,137.2,7.8,315541,9837,6,6,cubic
2.209,6935,4,5760,36.5,22.3,20.1,137.2,9.9,315541,9839,6,6,cubic
2.220,7526,5,4320,34.7,22.4,20.1,137.2,10.9,315541,9840,6,6,cubic
2.234,8071,5,5760,33.6,25.8,20.1,137.2,10.4,315541,9843,6,6,cubic
2.246,8325,5,7200,33.3,31.0,20.1,137.2,8.5,315541,9845,6,6,cubic
2.251,9064,6,4320,32.4,26.0,20.1,137.2,8.2,315541,9846,6,6,cubic
2.266,9517,6,7200,31.8,27.6,20.1,137.2,7.3,315541,9850,6,6,cubic
2.276,9732,6,8640,31.0,25.7,20.1,137.2,7.0,315541,9852,6,6,cubic
2.283,10575,7,4320,30.6,27.6,20.1,137.2,6.1,315541,9853,6,6,cubic
2.311,10963,7,8640,31.7,39.5,20.1,137.2,6.8,315541,9858,6,6,cubic
2.321,11150,7,10080,32.7,39.7,20.1,137.2,7.1,315541,9860,6,6,cubic
2.326,12069,8,4320,33.3,37.8,20.1,137.2,6.6,362030,9861,6,6,cubic
2.350,10559,7,10080,33.5,34.4,20.1,137.2,5.2,362030,9867,6,6,cubic
2.364,10604,7,10080,34.0,37.8,20.1,137.2,5.0,362030,9868,6,6,cubic
2.371,10626,7,8640,34.7,39.6,20.1,137.2,5.1,362030,9869,6,6,cubic
2.385,10669,7,10080,36.5,49.2,20.1,137.2,7.5,362030,9871,6,6,cubic
2.392,10691,7,8640,38.7,53.7,20.1,137.2,9.9,362030,9872,6,6,cubic
2.402,10722,7,10080,40.7,54.7,20.1,137.2,11.4,362030,9874,6,6,cubic
2.411,10748,7,10080,42.5,55.1,20.1,137.2,12.2,362030,9875,6,6,cubic
2.417,10769,7,10080,43.2,48.1,20.1,137.2,10.5,362030,9876,6,6,cubic
2.424,10789,7,8640,43.8,48.3,20.1,137.2,9.2,362030,9877,6,6,cubic
2.438,10830,7,8640,44.1,46.4,20.1,137.2,7.5,362030,9879,6,6,cubic
2.443,10844,7,10080,44.4,46.5,20.1,137.2,6.2,362030,9881,6,6,cubic
2.471,8337,5,7200,45.9,48.3,20.1,137.2,4.7,362030,9882,6,6,cubic
2.478,8356,5,5760,46.2,48.2,20.1,137.2,4.1,362030,9883,6,6,cubic
2.488,8384,5,5760,46.0,44.7,20.1,137.2,3.5,362030,9885,6,6,cubic
2.498,6412,4,5760,43.4,25.8,20.1,137.2,7.6,362030,9887,6,6,cubic
2.509,6437,4,4320,41.2,25.8,20.1,137.2,10.1,362030,9888,6,6,cubic
2.524,6651,4,4320,40.0,31.0,20.1,137.2,10.1,362030,9890,6,6,cubic
2.543,5091,3,2880,38.0,29.3,20.1,137.2,9.2,362030,9892,6,6,cubic
2.553,5805,4,2880,36.3,24.0,20.1,137.2,10.4,362030,9894,6,6,cubic
2.569,6511,4,4320,34.3,20.7,20.1,137.2,11.7,362030,9897,6,6,cubic
2.579,7456,5,2880,32.6,20.8,20.1,137.2,12.2,362030,9899,6,6,cubic
2.595,8006,5,5760,31.1,20.7,20.1,137.2,12.1,362030,9903,6,6,cubic
2.605,9031,6,2880,29.8,20.7,20.1,137.2,11.7,362030,9905,6,6,cubic
2.624,9485,6,7200,29.1,24.1,20.1,137.2,10.2,362030,9910,6,6,cubic
2.634,10566,7,2880,28.5,24.2,20.1,137.2,8.9,362030,9912,6,6,cubic
2.670,10954,7,8640,30.1,41.3,20.1,137.2,9.9,362030,9918,6,6,cubic
2.684,12077,8,2880,32.0,44.9,20.1,137.2,11.1,377843,9920,6,6,cubic
2.720,12416,8,10080,33.6,44.7,20.1,137.2,11.5,369953,9927,6,6,cubic
2.730,12747,8,10080,34.5,41.3,20.1,137.2,10.6,369200,9929,6,6,cubic
2.741,12908,8,11520,36.2,48.1,20.1,137.2,11.3,356367,9931,6,6,cubic
2.746,13066,9,11520,37.8,49.2,20.1,137.2,11.7,345305,9932,6,6,cubic
2.755,13223,9,12960,39.9,54.3,20.1,137.2,12.9,331461,9934,6,6,cubic
2.761,13378,9,12960,42.0,57.1,20.1,137.2,14.0,318235,9935,6,6,cubic
2.768,13532,9,12960,44.3,60.4,20.1,137.2,15.1,305200,9936,6,6,cubic
2.775,11840,8,11520,45.0,50.0,20.1,137.2,12.7,262877,9937,6,6,cubic
2.782,11864,8,8640,44.4,39.6,20.1,137.2,10.9,267484,9938,6,6,cubic
2.794,11905,8,10080,44.2,43.0,20.1,137.2,8.5,269441,9941,6,6,cubic
2.808,11953,8,11520,44.7,48.1,20.1,137.2,7.4,267554,9943,6,6,cubic
2.815,11976,8,11520,45.1,48.2,20.1,137.2,6.4,265454,9944,6,6,cubic
2.822,11999,8,11520,45.5,48.2,20.1,137.2,5.6,263743,9945,6,6,cubic
2.829,12022,8,11520,45.8,48.1,20.1,137.2,4.8,262351,9946,6,6,cubic
2.836,12044,8,10080,46.1,48.3,20.1,137.2,4.2,261082,9947,6,6,cubic
2.842,12066,8,11520,46.6,49.9,20.1,137.2,4.1,258882,9949,6,6,cubic
2.853,12099,8,11520,47.5,53.4,20.1,137.2,4.8,254930,9950,6,6,cubic
2.860,12121,8,11520,48.6,56.3,20.1,137.2,5.8,249613,9951,6,6,cubic
2.880,9319,6,8695,50.1,53.4,20.1,137.2,4.8,249613,9953,6,6,cubic
2.887,9339,6,5815,49.9,48.0,20.1,137.2,4.1,249613,9954,6,6,cubic
2.902,9384,6,8695,50.5,55.0,20.1,137.2,4.4,249613,9957,6,6,cubic
2.909,9404,6,8695,50.7,51.6,20.1,137.2,3.6,249613,9958,6,6,cubic
2.916,9423,6,8640,49.7,42.9,20.1,137.2,4.6,249613,9959,6,6,cubic
2.921,9437,6,8640,48.0,36.2,20.1,137.2,6.8,249613,9960,6,6,cubic
2.927,9589,6,5760,46.3,34.6,20.1,137.2,8.5,249613,9961,6,6,cubic
2.954,7350,5,7255,44.9,39.6,20.1,137.2,7.2,249613,9965,6,6,cubic
2.963,7372,5,7255,44.5,41.4,20.1,137.2,6.3,249613,9966,6,6,cubic
2.970,7390,5,7255,44.3,43.1,20.1,137.2,5.1,249613,9967,6,6,cubic
2.977,7407,5,4375,44.4,44.8,20.1,137.2,3.9,249613,9968,6,6,cubic
3.011,5692,3,4320,41.9,36.3,20.1,137.2,5.5,249613,9971,6,6,cubic
3.018,6370,4,1440,41.2,36.4,20.1,137.2,5.5,249613,9972,6,6,cubic
3.039,6692,4,5760,38.8,22.4,20.1,137.2,8.8,249613,9976,6,6,cubic
3.045,7917,5,1440,36.8,22.3,20.1,137.2,10.7,249613,9977,6,6,cubic
3.066,8176,5,7200,35.0,22.3,20.1,137.2,11.7,249613,9982,6,6,cubic
3.073,9430,6,1440,33.4,22.5,20.1,137.2,11.9,249613,9983,6,6,cubic
3.107,9648,6,8640,33.8,36.2,20.1,137.2,9.6,249613,9989,6,6,cubic
3.114,10923,7,1440,34.1,36.2,20.1,137.2,7.8,249613,9990,6,6,cubic
3.156,11111,7,10080,35.2,43.2,20.1,137.2,8.1,249613,9997,6,6,cubic
3.158,12403,8,1440,36.2,43.2,20.1,137.2,8.1,342671,9998,6,6,cubic
3.209,10851,7,10080,38.1,51.5,20.1,137.2,9.9,342671,10006,6,6,cubic
3.214,10868,7,10080,39.8,51.5,20.1,137.2,10.8,342671,10007,6,6,cubic
3.224,10902,7,8640,42.0,57.5,20.1,137.2,12.5,342671,10008,6,6,cubic
3.231,10925,7,8640,43.7,55.9,20.1,137.2,12.9,342671,10010,6,6,cubic
3.238,10947,7,10080,45.2,55.1,20.1,137.2,12.5,342671,10012,6,6,cubic
3.245,10968,7,10080,46.7,57.8,20.1,137.2,12.5,342671,10013,6,6,cubic
3.262,8429,5,5815,42.8,32.9,20.1,137.2,11.4,342671,10015,6,6,cubic
3.276,8466,5,5815,42.4,39.7,20.1,137.2,9.3,342671,10017,6,6,cubic
3.286,8494,5,5815,42.3,41.3,20.1,137.2,7.3,342671,10019,6,6,cubic
3.298,8533,5,5760,40.8,30.9,20.1,137.2,8.3,342671,10021,6,6,cubic
3.309,9014,6,5760,39.2,27.6,20.1,137.2,9.6,342671,10023,6,6,cubic
3.336,6930,4,4320,37.5,32.8,20.1,137.2,8.2,342671,10026,6,6,cubic
3.347,7170,4,2880,36.9,32.7,20.1,137.2,7.4,342671,10028,6,6,cubic
3.362,7742,5,4320,34.9,20.7,20.1,137.2,9.6,342671,10031,6,6,cubic
3.378,8536,5,4320,33.8,25.9,20.1,137.2,9.4,342671,10034,6,6,cubic
3.397,9257,6,4320,33.2,29.3,20.1,137.2,8.2,342671,10037,6,6,cubic
3.409,9922,6,5760,32.3,25.9,20.1,137.2,8.0,342671,10041,6,6,cubic
3.426,10748,7,4320,31.3,24.1,20.1,137.2,8.0,342671,10044,6,6,cubic
3.448,11321,7,7200,31.7,34.4,20.1,137.2,6.8,342671,10049,6,6,cubic
0.006,12226,8,0,34.5,50.3,20.1,137.2,9.2,354500,10052,6,6,cubic
0.006,12226,8,0,33.5,26.6,20.1,137.2,8.9,364987,10053,6,6,cubic
0.033,12562,8,10080,32.8,28.2,20.1,137.2,8.0,382614,10062,6,6,cubic
0.040,12725,8,11520,32.3,28.4,20.1,137.2,7.1,394182,10064,6,6,cubic
0.045,12886,8,11520,32.3,32.5,20.1,137.2,5.4,398897,10065,6,6,cubic
0.050,13045,9,11520,32.4,33.4,20.1,137.2,4.3,402052,10066,6,6,cubic
0.056,13202,9,12960,32.8,35.1,20.1,137.2,3.9,402819,10068,6,6,cubic
0.062,13358,9,12960,33.4,37.9,20.1,137.2,4.2,399796,10069,6,6,cubic
0.069,13511,9,12960,34.3,40.6,20.1,137.2,4.9,393826,10070,6,6,cubic
0.076,13663,9,12960,35.4,43.4,20.1,137.2,6.0,385503,10071,6,6,cubic
0.083,13813,9,12960,36.6,44.7,20.1,137.2,6.8,377363,10072,6,6,cubic
0.090,13961,9,12960,38.3,50.2,20.1,137.2,8.5,364497,10073,6,6,cubic
0.097,14108,9,12960,40.0,51.7,20.1,137.2,9.7,352911,10074,6,6,cubic
0.104,14254,9,12960,41.6,53.3,20.1,137.2,10.6,342265,10075,6,6,cubic
0.111,14541,10,11520,43.3,55.2,20.1,137.2,11.4,335509,10076,6,6,cubic
0.124,14682,10,14400,45.9,63.7,20.1,137.2,13.6,319966,10079,6,6,cubic
0.131,14822,10,14400,48.1,63.7,20.1,137.2,14.7,308098,10080,6,6,cubic
0.138,14960,10,14400,50.1,63.7,20.1,137.2,14.9,298841,10081,6,6,cubic
0.152,13115,9,12960,53.2,63.6,20.1,137.2,13.9,246318,10082,6,6,cubic
0.159,13141,9,12960,54.6,63.7,20.1,137.2,13.0,240893,10083,6,6,cubic
0.166,13167,9,12960,55.7,63.7,20.1,137.2,12.1,236412,10084,6,6,cubic
0.173,13192,9,12960,56.7,63.7,20.1,137.2,11.1,232667,10085,6,6,cubic
0.179,13217,9,11520,57.6,63.6,20.1,137.2,10.0,229601,10086,6,6,cubic
0.193,13266,9,12960,59.8,75.3,20.1,137.2,12.0,221887,10088,6,6,cubic
0.200,13290,9,12960,61.1,70.6,20.1,137.2,11.7,217362,10089,6,6,cubic
0.207,13314,9,12960,62.3,70.7,20.1,137.2,11.1,213594,10090,6,6,cubic
0.214,13338,9,12960,63.4,70.6,20.1,137.2,10.4,210474,10091,6,6,cubic
0.219,13356,9,11520,63.0,60.2,20.1,137.2,8.6,212090,10092,6,6,cubic
0.229,13391,9,12960,62.4,58.5,20.1,137.2,7.6,214544,10094,6,6,cubic
0.235,13408,9,10080,61.3,53.4,20.1,137.2,7.9,218788,10095,6,6,cubic
0.252,10287,7,10080,57.8,46.4,20.1,137.2,10.5,218788,10097,6,6,cubic
0.260,10314,7,10080,56.6,48.1,20.1,137.2,10.3,218788,10098,6,6,cubic
0.267,10335,7,10080,55.5,48.1,20.1,137.2,9.9,218788,10099,6,6,cubic
0.274,10357,7,8640,54.8,49.8,20.1,137.2,8.8,218788,10100,6,6,cubic
0.286,10393,7,10080,54.4,51.5,20.1,137.2,7.4,218788,10102,6,6,cubic
0.291,10409,7,10080,54.0,51.5,20.1,137.2,6.3,218788,10103,6,6,cubic
0.296,10424,7,10080,53.9,52.6,20.1,137.2,5.1,218788,10104,6,6,cubic
0.303,10445,7,10080,52.9,46.4,20.1,137.2,5.7,218788,10105,6,6,cubic
0.310,10465,7,10080,51.9,44.8,20.1,137.2,6.3,218788,10106,6,6,cubic
0.317,10485,7,10080,51.0,44.7,20.1,137.2,6.5,218788,10107,6,6,cubic
0.331,8043,5,5760,48.9,39.6,20.1,137.2,7.5,218788,10108,6,6,cubic
0.339,8066,5,5760,47.1,34.4,20.1,137.2,9.2,218788,10110,6,6,cubic
0.346,8084,5,5760,44.6,27.5,20.1,137.2,11.8,218788,10112,6,6,cubic
0.357,8398,5,5760,41.6,20.6,20.1,137.2,14.9,218788,10114,6,6,cubic
0.365,8886,6,5760,39.0,20.6,20.1,137.2,16.4,218788,10116,6,6,cubic
0.372,9348,6,7200,36.7,20.7,20.1,137.2,16.9,218788,10119,6,6,cubic
0.386,9786,6,7200,35.1,24.2,20.1,137.2,15.8,218788,10121,6,6,cubic
0.398,10415,7,5760,34.2,27.5,20.1,137.2,13.8,218788,10123,6,6,cubic
0.408,10809,7,8640,33.8,30.9,20.1,137.2,11.1,218788,10127,6,6,cubic
0.424,11188,7,8640,33.6,32.7,20.1,137.2,8.6,218788,10129,6,6,cubic
0.437,11921,8,5760,33.8,34.5,20.1,137.2,6.7,353172,10131,6,6,cubic
0.460,12265,8,10080,35.4,46.6,20.1,137.2,8.2,346890,10136,6,6,cubic
0.470,12599,8,10080,36.1,41.4,20.1,137.2,7.7,348935,10138,6,6,cubic
0.485,12925,8,10080,37.0,43.1,20.1,137.2,7.5,349560,10140,6,6,cubic
0.498,13084,9,11520,38.7,51.0,20.1,137.2,9.1,337852,10142,6,6,cubic
0.504,13240,9,12960,40.6,53.7,20.1,137.2,10.6,326100,10144,6,6,cubic
0.510,13550,9,11520,41.8,49.8,20.1,137.2,10.2,324543,10145,6,6,cubic
0.515,13701,9,12960,42.8,49.9,20.1,137.2,9.7,320386,10147,6,6,cubic
0.527,11987,8,11520,43.9,51.7,20.1,137.2,9.5,273201,10148,6,6,cubic
0.539,12030,8,10080,44.4,48.2,20.1,137.2,8.2,270836,10149,6,6,cubic
0.554,12084,8,10080,45.3,51.6,20.1,137.2,8.0,266643,10151,6,6,cubic
0.568,12131,8,11520,47.0,58.4,20.1,137.2,9.3,258331,10153,6,6,cubic
0.575,12154,8,11520,48.6,60.2,20.1,137.2,10.3,249994,10154,6,6,cubic
0.582,12177,8,11520,50.9,67.0,20.1,137.2,12.3,239182,10155,6,6,cubic
0.589,12200,8,11520,53.2,68.9,20.1,137.2,13.7,229491,10156,6,6,cubic
0.596,12222,8,11520,54.5,63.8,20.1,137.2,12.9,224314,10157,6,6,cubic
0.602,12244,8,10080,55.0,58.5,20.1,137.2,10.7,222678,10158,6,6,cubic
0.616,12288,8,10080,55.2,56.9,20.1,137.2,8.5,222515,10160,6,6,cubic
0.640,9448,6,8640,54.6,53.4,20.1,137.2,4.5,222515,10162,6,6,cubic
0.647,9468,6,8640,54.4,53.3,20.1,137.2,3.7,222515,10163,6,6,cubic
0.654,9488,6,5760,53.7,48.2,20.1,137.2,4.3,222515,10164,6,6,cubic
0.670,9533,6,7200,53.0,48.1,20.1,137.2,4.6,222515,10167,6,6,cubic
0.683,9571,6,8640,51.1,37.8,20.1,137.2,7.3,222515,10169,6,6,cubic
0.690,9591,6,8640,49.4,37.8,20.1,137.2,8.8,222515,10170,6,6,cubic
0.695,7339,5,5760,47.8,36.1,20.1,137.2,9.9,222515,10171,6,6,cubic
0.718,7396,5,5760,47.2,43.1,20.1,137.2,8.6,222515,10173,6,6,cubic
0.731,7429,5,7200,46.7,43.1,20.1,137.2,7.5,222515,10175,6,6,cubic
0.738,7446,5,7200,46.2,43.1,20.1,137.2,6.5,222515,10176,6,6,cubic
0.745,7905,5,5760,46.0,44.9,20.1,137.2,5.2,222515,10177,6,6,cubic
0.759,8424,5,5760,44.8,36.2,20.1,137.2,6.4,222515,10179,6,6,cubic
0.780,6459,4,5760,42.8,36.2,20.1,137.2,7.1,222515,10181,6,6,cubic
0.787,6475,4,4320,42.0,36.2,20.1,137.2,7.0,222515,10182,6,6,cubic
0.800,6624,4,4320,41.2,36.1,20.1,137.2,6.7,222515,10184,6,6,cubic
0.814,6934,4,5760,39.7,29.2,20.1,137.2,8.0,222515,10186,6,6,cubic
0.821,7525,5,4320,38.4,29.4,20.1,137.2,8.6,222515,10187,6,6,cubic
0.843,5779,4,4320,35.3,24.1,20.1,137.2,10.4,222515,10190,6,6,cubic
0.850,6441,4,2880,33.9,24.1,20.1,137.2,10.6,222515,10192,6,6,cubic
0.871,7077,4,4320,32.4,22.5,20.1,137.2,10.8,222515,10195,6,6,cubic
0.885,7947,5,2880,32.1,29.4,20.1,137.2,8.9,222515,10197,6,6,cubic
0.905,8463,5,5760,31.7,29.3,20.1,137.2,7.3,222515,10201,6,6,cubic
0.916,9432,6,2880,31.0,25.9,20.1,137.2,6.9,222515,10203,6,6,cubic
0.935,9867,6,7200,30.1,24.1,20.1,137.2,6.9,222515,10208,6,6,cubic
0.941,10906,7,2880,28.9,20.6,20.1,137.2,7.6,222515,10210,6,6,cubic
0.964,12222,8,1440,28.1,22.4,20.1,137.2,7.3,434637,10216,6,6,cubic
0.970,12390,8,4320,27.4,22.4,20.1,137.2,6.9,452057,10219,6,6,cubic
1.000,12721,8,10080,27.8,30.8,20.1,137.2,6.0,457014,10225,6,6,cubic
1.008,13043,9,10080,29.1,38.3,20.1,137.2,7.1,447536,10227,6,6,cubic
1.020,13357,9,11520,30.8,42.4,20.1,137.2,8.7,433654,10230,6,6,cubic
1.029,13664,9,11520,32.7,46.3,20.1,137.2,10.4,417297,10232,6,6,cubic
1.038,14115,9,10080,33.2,36.1,20.1,137.2,8.6,425573,10234,6,6,cubic
1.056,14405,10,11520,34.4,43.0,20.1,137.2,8.9,418847,10237,6,6,cubic
1.068,14690,10,12960,36.1,47.9,20.1,137.2,10.1,407094,10240,6,6,cubic
1.074,14829,10,14400,37.6,48.0,20.1,137.2,10.6,394619,10242,6,6,cubic
1.084,15106,10,12960,39.1,49.7,20.1,137.2,10.9,386382,10243,6,6,cubic
1.091,15513,10,11520,40.6,51.0,20.1,137.2,11.2,382187,10245,6,6,cubic
1.108,13573,9,12960,41.3,46.4,20.1,137.2,9.9,328524,10248,6,6,cubic
1.122,13626,9,12960,43.4,58.0,20.1,137.2,11.6,313963,10249,6,6,cubic
1.129,13652,9,11520,44.9,55.0,20.1,137.2,11.6,304351,10250,6,6,cubic
1.141,13697,9,12960,47.0,61.8,20.1,137.2,12.9,291549,10252,6,6,cubic
1.146,13716,9,11520,48.2,56.8,20.1,137.2,12.1,284552,10253,6,6,cubic
1.158,13760,9,11520,49.9,62.0,20.1,137.2,12.6,275613,10255,6,6,cubic
1.170,13804,9,12960,52.7,71.8,20.1,137.2,14.9,262144,10257,6,6,cubic
1.192,10612,7,8640,55.2,58.5,20.1,137.2,9.8,262144,10258,6,6,cubic
1.201,10640,7,10080,55.2,55.0,20.1,137.2,7.4,262144,10260,6,6,cubic
1.208,10662,7,8640,55.4,56.9,20.1,137.2,6.0,262144,10261,6,6,cubic
1.222,10704,7,8640,55.8,58.5,20.1,137.2,5.2,262144,10263,6,6,cubic
1.235,10746,7,10080,56.4,60.3,20.1,137.2,5.1,262144,10265,6,6,cubic
1.256,8262,5,7200,54.3,50.0,20.1,137.2,6.2,262144,10266,6,6,cubic
1.263,8281,5,5760,53.8,49.9,20.1,137.2,5.8,262144,10267,6,6,cubic
1.277,8318,5,5760,53.3,50.0,20.1,137.2,5.3,262144,10269,6,6,cubic
1.290,8354,5,7200,52.9,50.0,20.1,137.2,4.8,262144,10271,6,6,cubic
1.304,6405,4,4320,49.0,36.2,20.1,137.2,9.5,262144,10272,6,6,cubic
1.318,6437,4,4320,47.4,36.3,20.1,137.2,10.3,262144,10274,6,6,cubic
1.332,6612,4,5760,46.0,36.1,20.1,137.2,10.5,262144,10276,6,6,cubic
1.338,7232,5,4320,43.9,29.3,20.1,137.2,12.1,262144,10277,6,6,cubic
1.366,5557,3,4320,40.5,29.3,20.1,137.2,12.7,262144,10280,6,6,cubic
1.373,6369,4,1440,39.1,29.4,20.1,137.2,12.3,262144,10281,6,6,cubic
1.392,6690,4,5760,36.8,20.7,20.1,137.2,13.8,262144,10285,6,6,cubic
1.399,7916,5,1440,34.8,20.8,20.1,137.2,14.4,262144,10286,6,6,cubic
1.419,8175,5,7200,33.2,22.4,20.1,137.2,13.9,262144,10291,6,6,cubic
1.424,9429,6,1440,31.7,20.7,20.1,137.2,13.5,262144,10292,6,6,cubic
1.461,9647,6,8640,32.2,36.2,20.1,137.2,11.3,262144,10298,6,6,cubic
1.468,10922,7,1440,32.9,38.0,20.1,137.2,9.9,262144,10299,6,6,cubic
1.488,12236,8,1440,31.4,20.6,20.1,137.2,10.5,389693,10306,6,6,cubic
1.495,12404,8,4320,30.1,20.7,20.1,137.2,10.6,412655,10309,6,6,cubic
1.542,12734,8,10080,32.3,48.2,20.1,137.2,12.4,393985,10315,6,6,cubic
1.552,12895,8,11520,35.2,55.1,20.1,137.2,15.0,366678,10317,6,6,cubic
1.557,13055,9,11520,37.8,56.3,20.1,137.2,16.5,345315,10318,6,6,cubic
1.562,13212,9,12960,40.4,58.4,20.1,137.2,17.6,327215,10320,6,6,cubic
1.567,13367,9,12960,42.9,60.2,20.1,137.2,18.1,311948,10321,6,6,cubic
1.574,13520,9,12960,45.4,63.5,20.1,137.2,18.7,297587,10322,6,6,cubic
1.581,13672,9,12960,48.1,66.9,20.1,137.2,19.4,284123,10323,6,6,cubic
1.588,13822,9,12960,50.9,70.3,20.1,137.2,20.1,271626,10324,6,6,cubic
1.593,14119,9,11520,50.3,46.3,20.1,137.2,16.2,280612,10325,6,6,cubic
1.602,14554,10,10080,49.4,43.1,20.1,137.2,14.0,294573,10327,6,6,cubic
1.615,14836,10,12960,48.6,42.9,20.1,137.2,12.1,305317,10331,6,6,cubic
1.620,14974,10,12960,47.2,37.7,20.1,137.2,11.8,317037,10332,6,6,cubic
1.624,15111,10,12960,45.8,36.0,20.1,137.2,11.7,329747,10333,6,6,cubic
0.006,13340,9,839,44.6,47.9,20.1,137.2,5.2,298828,10336,6,6,cubic
0.005,13340,9,0,43.5,26.6,20.1,137.2,9.6,306708,10337,6,6,cubic
0.005,13340,9,0,41.3,26.1,20.1,137.2,11.6,322877,10338,6,6,cubic
0.005,13340,9,0,39.6,27.6,20.1,137.2,12.1,336809,10340,6,6,cubic
0.033,13537,9,10080,38.1,27.4,20.1,137.2,12.1,355479,10349,6,6,cubic
0.041,13562,9,11520,36.9,28.5,20.1,137.2,11.5,367683,10351,6,6,cubic
0.048,13586,9,12960,36.4,33.3,20.1,137.2,9.5,372903,10353,6,6,cubic
0.053,13610,9,12960,36.4,36.1,20.1,137.2,7.2,374044,10354,6,6,cubic
0.058,13627,9,12960,36.5,37.0,20.1,137.2,5.6,373690,10355,6,6,cubic
0.063,13645,9,12960,36.7,38.1,20.1,137.2,4.6,372112,10356,6,6,cubic
0.072,13675,9,12960,37.4,42.6,20.1,137.2,4.9,365563,10357,6,6,cubic
0.079,13698,9,12960,38.4,45.2,20.1,137.2,5.6,356895,10358,6,6,cubic
0.086,13720,9,12960,39.6,48.0,20.1,137.2,6.6,346613,10359,6,6,cubic
0.093,13743,9,12960,41.0,50.8,20.1,137.2,7.8,335334,10360,6,6,cubic
0.100,13766,9,12960,42.6,53.8,20.1,137.2,9.0,323259,10361,6,6,cubic
0.106,13788,9,12960,44.3,56.6,20.1,137.2,10.3,311023,10362,6,6,cubic
0.113,13810,9,12960,46.3,59.8,20.1,137.2,11.6,298510,10363,6,6,cubic
0.120,13831,9,12960,48.2,62.0,20.1,137.2,12.6,286801,10364,6,6,cubic
0.127,13853,9,12960,50.2,63.7,20.1,137.2,13.3,276203,10365,6,6,cubic
0.134,13874,9,12960,52.1,65.5,20.1,137.2,13.8,266469,10366,6,6,cubic
0.155,10666,7,10080,55.9,63.7,20.1,137.2,11.6,266469,10367,6,6,cubic
0.162,10688,7,10080,56.9,63.7,20.1,137.2,10.6,266469,10368,6,6,cubic
0.168,10710,7,10080,57.7,63.8,20.1,137.2,9.7,266469,10369,6,6,cubic
0.175,10732,7,10080,58.5,63.7,20.1,137.2,8.8,266469,10370,6,6,cubic
0.182,10753,7,10080,59.1,63.7,20.1,137.2,7.9,266469,10371,6,6,cubic
0.189,10774,7,10080,59.7,63.8,20.1,137.2,7.1,266469,10372,6,6,cubic
0.196,10796,7,10080,60.2,63.8,20.1,137.2,6.3,266469,10373,6,6,cubic
0.203,10816,7,10080,60.7,63.8,20.1,137.2,5.6,266469,10374,6,6,cubic
0.210,10837,7,10080,59.3,49.9,20.1,137.2,6.9,266469,10375,6,6,cubic
0.217,10857,7,10080,58.1,49.9,20.1,137.2,7.5,266469,10376,6,6,cubic
0.223,10877,7,10080,57.1,49.9,20.1,137.2,7.7,266469,10377,6,6,cubic
0.230,10897,7,10080,56.2,49.9,20.1,137.2,7.6,266469,10378,6,6,cubic
0.237,10917,7,10080,55.4,50.0,20.1,137.2,7.2,266469,10379,6,6,cubic
0.256,8394,5,7255,53.0,48.1,20.1,137.2,6.7,266469,10381,6,6,cubic
0.263,8413,5,7255,52.4,48.3,20.1,137.2,6.2,266469,10382,6,6,cubic
0.270,8431,5,7255,51.9,48.3,20.1,137.2,5.7,266469,10383,6,6,cubic
0.277,8450,5,5815,51.2,46.5,20.1,137.2,5.6,266469,10384,6,6,cubic
0.287,8477,5,7255,50.4,44.8,20.1,137.2,5.8,266469,10386,6,6,cubic
0.299,6496,4,5760,46.1,31.1,20.1,137.2,10.9,266469,10387,6,6,cubic
0.308,6516,4,5760,44.4,32.8,20.1,137.2,11.5,266469,10388,6,6,cubic
0.315,6532,4,4320,43.0,32.7,20.1,137.2,11.5,266469,10389,6,6,cubic
0.323,6952,4,4320,40.2,20.6,20.1,137.2,14.2,266469,10391,6,6,cubic
0.337,7247,5,5760,38.1,23.5,20.1,137.2,14.9,266469,10393,6,6,cubic
0.342,7813,5,5760,36.0,21.7,20.1,137.2,15.2,266469,10395,6,6,cubic
0.349,8338,5,5760,34.1,20.2,20.1,137.2,15.4,266469,10397,6,6,cubic
0.363,9076,6,4320,32.5,21.7,20.1,137.2,14.6,266469,10399,6,6,cubic
0.369,9302,6,8640,31.2,21.8,20.1,137.2,13.6,266469,10403,6,6,cubic
0.375,9743,6,7200,30.0,21.6,20.1,137.2,12.6,266469,10404,6,6,cubic
0.389,10584,7,4320,28.8,20.7,20.1,137.2,11.8,266469,10406,6,6,cubic
0.005,10584,7,3391,28.3,25.8,20.1,137.2,7.6,266469,10409,6,6,cubic
0.006,10584,7,0,27.7,25.9,20.1,137.2,5.3,266469,10410,6,6,cubic
0.027,11941,8,1440,27.5,26.6,20.1,137.2,4.2,433603,10418,6,6,cubic
0.033,12112,8,4320,27.4,26.7,20.1,137.2,3.4,441512,10421,6,6,cubic
0.073,12451,8,10080,29.1,40.9,20.1,137.2,5.9,427648,10427,6,6,cubic
0.083,12616,8,11520,31.5,48.1,20.1,137.2,9.2,400711,10429,6,6,cubic
0.088,12778,8,11520,33.8,50.0,20.1,137.2,11.5,378024,10430,6,6,cubic
0.093,12939,8,11520,36.1,51.9,20.1,137.2,13.1,358838,10431,6,6,cubic
0.098,13255,9,10080,38.3,53.9,20.1,137.2,14.3,346155,10432,6,6,cubic
0.107,13410,9,12960,40.5,55.7,20.1,137.2,15.1,331331,10435,6,6,cubic
0.116,13563,9,12960,43.1,61.2,20.1,137.2,16.5,314993,10436,6,6,cubic
0.123,13865,9,11520,43.3,44.7,20.1,137.2,12.8,320489,10437,6,6,cubic
0.136,14161,9,11520,43.7,46.4,20.1,137.2,10.4,324384,10439,6,6,cubic
0.143,14596,10,10080,43.6,43.0,20.1,137.2,7.9,334978,10441,6,6,cubic
0.156,14736,10,14400,44.2,48.4,20.1,137.2,7.2,333582,10445,6,6,cubic
0.160,14875,10,14400,44.7,48.2,20.1,137.2,6.4,332975,10446,6,6,cubic
0.169,15013,10,14400,45.1,48.1,20.1,137.2,5.6,332845,10447,6,6,cubic
0.176,13136,9,12960,45.5,48.2,20.1,137.2,5.0,288773,10448,6,6,cubic
0.190,13188,9,11520,45.8,48.2,20.1,137.2,4.4,287765,10449,6,6,cubic
0.203,13239,9,11520,47.0,55.2,20.1,137.2,5.7,281698,10451,6,6,cubic
0.217,13288,9,12960,49.2,64.8,20.1,137.2,8.7,269971,10453,6,6,cubic
0.224,13313,9,12960,51.5,67.4,20.1,137.2,11.1,258529,10454,6,6,cubic
0.231,13337,9,12960,53.8,69.7,20.1,137.2,12.8,248061,10455,6,6,cubic
0.238,13362,9,12960,56.1,72.4,20.1,137.2,14.3,238203,10456,6,6,cubic
0.245,13385,9,12960,57.9,70.6,20.1,137.2,14.3,231134,10457,6,6,cubic
0.252,13409,9,12960,59.5,70.6,20.1,137.2,13.9,225357,10458,6,6,cubic
0.258,13432,9,11520,60.0,63.6,20.1,137.2,11.5,223829,10459,6,6,cubic
0.272,13478,9,11520,60.5,63.6,20.1,137.2,9.5,222916,10461,6,6,cubic
0.286,13524,9,12960,60.9,63.7,20.1,137.2,7.9,222178,10463,6,6,cubic
0.293,13546,9,12960,61.2,63.6,20.1,137.2,6.7,221282,10464,6,6,cubic
0.314,10414,7,8640,61.4,58.5,20.1,137.2,4.4,221282,10465,6,6,cubic
0.320,10436,7,8640,60.8,56.8,20.1,137.2,4.4,221282,10467,6,6,cubic
0.333,10473,7,8640,60.1,55.1,20.1,137.2,4.7,221282,10469,6,6,cubic
0.346,10515,7,10080,59.5,55.0,20.1,137.2,4.8,221282,10471,6,6,cubic
0.353,10536,7,10080,58.9,55.2,20.1,137.2,4.7,221282,10472,6,6,cubic
0.360,10556,7,8640,56.7,41.2,20.1,137.2,8.0,221282,10473,6,6,cubic
0.372,10592,7,8640,55.4,46.4,20.1,137.2,8.5,221282,10475,6,6,cubic
0.382,10635,7,8640,54.1,44.7,20.1,137.2,9.1,221282,10477,6,6,cubic
0.410,8172,5,5815,51.4,44.8,20.1,137.2,8.0,221282,10480,6,6,cubic
0.420,8200,5,5815,50.3,43.0,20.1,137.2,8.1,221282,10482,6,6,cubic
0.427,8218,5,5760,46.6,20.5,20.1,137.2,13.5,221282,10484,6,6,cubic
0.435,8431,5,5760,43.3,20.3,20.1,137.2,16.7,221282,10486,6,6,cubic
0.447,8918,6,5760,40.6,21.8,20.1,137.2,17.9,221282,10488,6,6,cubic
0.454,9377,6,7200,38.3,21.8,20.1,137.2,18.1,221282,10491,6,6,cubic
0.468,9815,6,7200,36.9,27.2,20.1,137.2,16.4,221282,10493,6,6,cubic
0.480,10442,7,5760,35.7,27.5,20.1,137.2,14.6,221282,10495,6,6,cubic
0.490,10834,7,8640,35.1,30.9,20.1,137.2,12.2,221282,10499,6,6,cubic
0.507,11213,7,8640,35.0,34.5,20.1,137.2,9.3,221282,10501,6,6,cubic
0.521,11944,8,5760,35.2,36.2,20.1,137.2,7.3,339559,10503,6,6,cubic
0.543,12288,8,10080,36.8,48.3,20.1,137.2,8.7,333786,10508,6,6,cubic
0.555,12621,8,10080,37.6,43.0,20.1,137.2,8.1,335834,10510,6,6,cubic
0.566,12946,8,10080,37.8,39.6,20.1,137.2,6.5,342242,10512,6,6,cubic
0.581,13105,9,11520,39.5,50.8,20.1,137.2,8.2,332158,10514,6,6,cubic
0.588,13261,9,12960,41.2,53.6,20.1,137.2,9.7,321689,10516,6,6,cubic
0.593,13416,9,12960,42.9,54.6,20.1,137.2,10.6,312741,10517,6,6,cubic
0.598,13721,9,11520,43.8,49.9,20.1,137.2,9.7,313479,10518,6,6,cubic
0.612,12005,8,11520,44.8,51.7,20.1,137.2,9.2,268214,10520,6,6,cubic
0.626,12054,8,10080,46.1,55.1,20.1,137.2,9.5,261736,10521,6,6,cubic
0.640,12102,8,10080,47.0,53.5,20.1,137.2,9.0,257604,10523,6,6,cubic
0.653,12149,8,11520,48.6,60.3,20.1,137.2,10.1,249753,10525,6,6,cubic
0.660,12172,8,11520,50.3,62.0,20.1,137.2,10.9,241939,10526,6,6,cubic
0.667,12194,8,10080,52.0,63.7,20.1,137.2,11.5,234558,10527,6,6,cubic
0.679,12234,8,10080,52.2,53.3,20.1,137.2,9.0,234565,10529,6,6,cubic
0.685,12251,8,11520,52.3,53.4,20.1,137.2,7.0,234217,10531,6,6,cubic
0.693,12278,8,10080,51.8,48.1,20.1,137.2,6.3,237100,10532,6,6,cubic
0.717,9435,6,7200,50.1,44.8,20.1,137.2,6.4,237100,10534,6,6,cubic
0.729,9470,6,7200,49.5,44.7,20.1,137.2,6.2,237100,10536,6,6,cubic
0.738,9495,6,8640,49.2,47.7,20.1,137.2,5.1,237100,10538,6,6,cubic
0.744,9515,6,8640,48.9,46.4,20.1,137.2,4.5,237100,10539,6,6,cubic
0.750,9529,6,8640,48.7,47.4,20.1,137.2,3.7,237100,10540,6,6,cubic
0.755,9544,6,7200,46.7,32.6,20.1,137.2,6.8,237100,10541,6,6,cubic
0.765,9629,6,7200,44.7,30.9,20.1,137.2,9.1,237100,10543,6,6,cubic
0.775,9842,6,8640,43.2,32.6,20.1,137.2,9.8,237100,10545,6,6,cubic
0.789,7549,5,7200,41.0,34.5,20.1,137.2,9.3,237100,10546,6,6,cubic
0.796,7567,5,5760,40.4,36.3,20.1,137.2,8.2,237100,10547,6,6,cubic
0.810,7602,5,5760,40.3,39.7,20.1,137.2,6.3,237100,10549,6,6,cubic
0.820,7628,5,7200,40.2,39.6,20.1,137.2,4.9,237100,10551,6,6,cubic
0.825,7643,5,7200,39.0,30.9,20.1,137.2,6.0,237100,10552,6,6,cubic
0.830,8180,5,5760,37.8,29.1,20.1,137.2,7.0,237100,10553,6,6,cubic
0.846,8681,6,5760,36.9,30.9,20.1,137.2,6.9,237100,10555,6,6,cubic
0.865,6657,4,4320,35.3,29.3,20.1,137.2,6.7,237100,10558,6,6,cubic
0.879,7076,4,2880,34.4,27.6,20.1,137.2,7.0,237100,10560,6,6,cubic
0.899,5407,3,4320,33.7,29.4,20.1,137.2,6.5,237100,10563,6,6,cubic
0.913,6006,4,1440,33.2,29.3,20.1,137.2,6.0,237100,10564,6,6,cubic
0.934,6348,4,5760,32.7,29.3,20.1,137.2,5.4,237100,10568,6,6,cubic
0.941,7640,5,1440,31.4,22.5,20.1,137.2,6.6,237100,10569,6,6,cubic
0.963,9250,6,0,30.1,20.6,20.1,137.2,7.7,237100,10574,6,6,cubic
0.999,10802,7,0,30.8,36.2,20.1,137.2,7.3,237100,10581,6,6,cubic
1.028,12131,8,1440,30.6,29.2,20.1,137.2,5.9,395984,10589,6,6,cubic
1.036,12300,8,4320,30.5,29.2,20.1,137.2,4.8,403874,10592,6,6,cubic
1.087,12633,8,10080,33.3,53.3,20.1,137.2,9.3,379323,10598,6,6,cubic
1.094,13120,9,8640,36.0,54.7,20.1,137.2,12.3,364687,10600,6,6,cubic
1.102,13276,9,11520,38.0,52.3,20.1,137.2,13.3,349267,10603,6,6,cubic
1.111,13431,9,12960,40.3,56.0,20.1,137.2,14.5,333631,10605,6,6,cubic
1.116,13736,9,11520,42.4,57.1,20.1,137.2,15.1,324275,10606,6,6,cubic
1.124,14035,9,11520,40.7,29.1,20.1,137.2,14.6,344874,10608,6,6,cubic
1.132,14327,9,11520,40.3,37.4,20.1,137.2,11.8,355702,10610,6,6,cubic
1.140,14756,10,10080,39.4,33.3,20.1,137.2,10.6,374517,10612,6,6,cubic
1.151,15173,10,10080,38.3,30.5,20.1,137.2,10.2,396286,10615,6,6,cubic
1.162,15443,10,11520,37.3,30.5,20.1,137.2,9.6,413855,10618,6,6,cubic
1.172,15709,10,12960,36.8,33.0,20.1,137.2,8.3,427118,10621,6,6,cubic
1.179,15839,10,14400,36.5,34.3,20.1,137.2,6.8,434373,10623,6,6,cubic
1.184,15969,11,14400,36.3,35.2,20.1,137.2,5.4,439808,10624,6,6,cubic
1.200,14013,9,11520,37.0,39.5,20.1,137.2,3.5,378699,10626,6,6,cubic
1.207,14040,9,12960,37.4,39.9,20.1,137.2,3.3,375742,10628,6,6,cubic
1.214,14066,9,12960,38.1,43.3,20.1,137.2,4.0,369147,10629,6,6,cubic
1.219,14086,9,11520,39.0,45.0,20.1,137.2,4.7,361466,10630,6,6,cubic
1.227,14118,9,12960,39.9,46.8,20.1,137.2,5.5,353409,10632,6,6,cubic
1.234,14144,9,11520,41.0,48.1,20.1,137.2,6.2,345245,10633,6,6,cubic
1.245,14182,9,12960,42.6,53.9,20.1,137.2,7.8,333059,10635,6,6,cubic
1.252,14208,9,11520,43.1,46.4,20.1,137.2,6.8,329942,10636,6,6,cubic
1.274,10911,7,8695,45.5,49.8,20.1,137.2,6.4,329942,10639,6,6,cubic
1.284,10945,7,7255,45.8,48.1,20.1,137.2,5.5,329942,10641,6,6,cubic
1.301,11000,7,10135,46.5,51.6,20.1,137.2,5.6,329942,10644,6,6,cubic
1.308,11022,7,8695,47.2,51.6,20.1,137.2,5.4,329942,10645,6,6,cubic
1.334,8470,5,4320,46.4,44.9,20.1,137.2,4.2,329942,10647,6,6,cubic
1.353,8522,5,7200,46.5,46.7,20.1,137.2,3.2,329942,10650,6,6,cubic
1.360,8540,5,5760,46.5,46.6,20.1,137.2,2.4,329942,10651,6,6,cubic
1.374,8836,6,4320,45.0,34.5,20.1,137.2,4.8,329942,10653,6,6,cubic
1.401,6776,4,5760,42.9,36.2,20.1,137.2,6.3,329942,10657,6,6,cubic
1.415,7155,4,1440,42.1,36.2,20.1,137.2,6.4,329942,10658,6,6,cubic
1.443,6126,4,0,38.4,22.4,20.1,137.2,10.3,329942,10662,6,6,cubic
1.468,7800,5,0,36.2,20.8,20.1,137.2,12.1,329942,10667,6,6,cubic
1.496,9377,6,0,34.5,22.4,20.1,137.2,12.5,329942,10673,6,6,cubic
1.533,10908,7,0,34.7,36.6,20.1,137.2,9.9,329942,10680,6,6,cubic
1.563,12224,8,1440,34.2,30.4,20.1,137.2,8.5,357500,10688,6,6,cubic
1.571,12391,8,4320,33.7,30.5,20.1,137.2,7.3,367369,10691,6,6,cubic
1.606,12888,8,8640,34.2,37.5,20.1,137.2,6.4,376842,10697,6,6,cubic
1.616,13047,9,11520,35.0,40.5,20.1,137.2,6.4,372952,10700,6,6,cubic
0.089,13361,9,11520,35.9,42.5,20.1,137.2,6.7,371996,10702,6,6,cubic
0.007,13361,9,0,37.9,26.6,20.1,137.2,7.7,352254,10704,6,6,cubic
0.035,13975,9,8640,36.3,25.0,20.1,137.2,9.0,384880,10714,6,6,cubic
0.043,14122,9,10080,34.8,24.3,20.1,137.2,9.8,405711,10716,6,6,cubic
0.049,14267,9,11520,33.8,27.0,20.1,137.2,9.3,421663,10718,6,6,cubic
0.053,14554,10,10080,33.2,29.0,20.1,137.2,8.2,437977,10719,6,6,cubic
0.066,14695,10,14400,32.8,30.0,20.1,137.2,6.9,447677,10723,6,6,cubic
0.069,14835,10,14400,32.6,31.0,20.1,137.2,5.7,455131,10724,6,6,cubic
0.075,14973,10,14400,32.8,34.5,20.1,137.2,4.7,455979,10725,6,6,cubic
0.080,15110,10,14400,33.2,35.6,20.1,137.2,4.2,455435,10726,6,6,cubic
0.085,15381,10,12960,33.9,39.0,20.1,137.2,4.6,453596,10727,6,6,cubic
0.095,15648,10,12960,34.8,41.0,20.1,137.2,5.2,449732,10729,6,6,cubic
0.102,15779,10,14400,35.6,41.1,20.1,137.2,5.5,443379,10731,6,6,cubic
0.107,15909,11,14400,36.5,43.0,20.1,137.2,6.0,435683,10732,6,6,cubic
0.113,16038,11,15840,37.6,44.9,20.1,137.2,6.6,427019,10734,6,6,cubic
0.118,16166,11,15840,38.7,46.8,20.1,137.2,7.3,417553,10735,6,6,cubic
0.123,16419,11,14400,39.9,48.1,20.1,137.2,7.8,411617,10736,6,6,cubic
0.135,16544,11,15840,41.1,49.8,20.1,137.2,8.3,402256,10738,6,6,cubic
0.142,16792,11,14400,42.4,51.6,20.1,137.2,8.9,395664,10739,6,6,cubic
0.154,14692,10,14400,43.8,53.3,20.1,137.2,9.4,335479,10741,6,6,cubic
0.169,14755,10,14400,46.1,61.9,20.1,137.2,11.5,320349,10742,6,6,cubic
0.176,14783,10,12960,48.3,63.8,20.1,137.2,13.1,306218,10743,6,6,cubic
0.188,14830,10,14400,51.1,70.6,20.1,137.2,15.4,290414,10745,6,6,cubic
0.195,14857,10,14400,53.7,72.2,20.1,137.2,16.8,276610,10746,6,6,cubic
0.200,14877,10,12960,56.0,72.2,20.1,137.2,17.3,265551,10747,6,6,cubic
0.216,14936,10,14400,58.5,75.8,20.1,137.2,17.9,255364,10749,6,6,cubic
0.223,14962,10,12960,60.6,75.7,20.1,137.2,17.7,246710,10750,6,6,cubic
0.236,15013,10,14400,62.8,77.5,20.1,137.2,17.5,239224,10752,6,6,cubic
0.243,15038,10,14400,63.5,68.8,20.1,137.2,14.7,236759,10753,6,6,cubic
0.261,11548,8,11520,64.5,67.1,20.1,137.2,10.0,178925,10754,6,6,cubic
0.266,11566,8,11520,64.6,65.4,20.1,137.2,7.7,178912,10755,6,6,cubic
0.273,11589,8,10080,65.0,67.2,20.1,137.2,6.4,178402,10756,6,6,cubic
0.288,11641,8,11520,65.2,67.1,20.1,137.2,5.3,178482,10758,6,6,cubic
0.295,11663,8,10080,65.5,67.1,20.1,137.2,4.5,178172,10759,6,6,cubic
0.309,11691,8,11520,65.0,61.9,20.1,137.2,4.2,179825,10761,6,6,cubic
0.317,11713,8,11520,64.6,61.9,20.1,137.2,3.9,181237,10762,6,6,cubic
0.324,11756,8,10080,61.8,53.3,20.1,137.2,7.1,190248,10763,6,6,cubic
0.332,11778,8,10080,60.7,53.4,20.1,137.2,7.4,193892,10764,6,6,cubic
0.338,9015,6,8640,59.4,49.9,20.1,137.2,8.3,193892,10765,6,6,cubic
0.348,9045,6,7200,57.6,45.4,20.1,137.2,9.7,193892,10766,6,6,cubic
0.355,9065,6,8640,55.6,41.1,20.1,137.2,11.4,193892,10768,6,6,cubic
0.362,9085,6,8640,53.6,40.0,20.1,137.2,12.4,193892,10769,6,6,cubic
0.367,9099,6,7200,51.3,34.9,20.1,137.2,14.0,193892,10770,6,6,cubic
0.379,9133,6,8640,49.4,36.0,20.1,137.2,14.3,193892,10772,6,6,cubic
0.386,9152,6,7200,47.3,32.7,20.1,137.2,14.9,193892,10773,6,6,cubic
0.412,7032,4,4320,44.7,39.6,20.1,137.2,10.1,193892,10775,6,6,cubic
0.422,7057,4,5760,43.9,37.9,20.1,137.2,9.3,193892,10777,6,6,cubic
0.427,7147,4,4320,42.9,36.2,20.1,137.2,8.9,193892,10778,6,6,cubic
0.439,7721,5,4320,40.4,22.4,20.1,137.2,11.8,193892,10780,6,6,cubic
0.448,7987,5,7200,37.9,20.6,20.1,137.2,13.8,193892,10783,6,6,cubic
0.453,8500,5,5760,35.8,20.8,20.1,137.2,14.6,193892,10784,6,6,cubic
0.467,9224,6,4320,34.1,22.4,20.1,137.2,14.3,193892,10786,6,6,cubic
0.484,9891,6,5760,33.5,29.2,20.1,137.2,11.9,193892,10790,6,6,cubic
0.496,10720,7,4320,32.3,24.1,20.1,137.2,11.3,193892,10793,6,6,cubic
0.518,11294,7,7200,31.9,29.3,20.1,137.2,9.2,193892,10798,6,6,cubic
0.534,12202,8,4320,32.0,32.7,20.1,137.2,7.1,381050,10801,6,6,cubic
0.568,12706,8,8640,33.6,44.8,20.1,137.2,8.5,377963,10807,6,6,cubic
0.584,13028,9,10080,35.0,44.8,20.1,137.2,9.2,372122,10810,6,6,cubic
0.594,13186,9,12960,37.1,51.7,20.1,137.2,11.1,355504,10813,6,6,cubic
0.599,13341,9,12960,39.0,52.6,20.1,137.2,12.2,341805,10814,6,6,cubic
0.604,13495,9,12960,40.9,54.3,20.1,137.2,13.0,329588,10815,6,6,cubic
0.613,13647,9,12960,43.2,58.8,20.1,137.2,14.2,316041,10816,6,6,cubic
0.620,11940,8,11520,43.6,46.4,20.1,137.2,11.4,273960,10817,6,6,cubic
0.634,11989,8,10080,44.4,49.8,20.1,137.2,10.1,270266,10818,6,6,cubic
0.639,12007,8,11520,45.0,49.8,20.1,137.2,9.0,266567,10820,6,6,cubic
0.649,12042,8,11520,46.5,57.0,20.1,137.2,9.7,258778,10821,6,6,cubic
0.654,12060,8,11520,47.6,55.0,20.1,137.2,9.4,253398,10822,6,6,cubic
0.659,12077,8,11520,48.5,55.1,20.1,137.2,8.9,248846,10823,6,6,cubic
0.664,12094,8,11520,49.3,55.1,20.1,137.2,8.3,245075,10824,6,6,cubic
0.670,12112,8,11520,49.6,51.6,20.1,137.2,6.8,244045,10825,6,6,cubic
0.677,12135,8,11520,49.9,51.6,20.1,137.2,5.6,243308,10826,6,6,cubic
0.694,9320,6,7200,48.7,44.7,20.1,137.2,5.3,243308,10827,6,6,cubic
0.701,9340,6,5760,47.1,36.2,20.1,137.2,7.1,243308,10829,6,6,cubic
0.710,9360,6,7200,44.9,29.2,20.1,137.2,9.8,243308,10832,6,6,cubic
0.720,9396,6,7200,41.9,20.8,20.1,137.2,13.3,243308,10834,6,6,cubic
0.728,9832,6,5760,39.4,22.6,20.1,137.2,14.8,243308,10836,6,6,cubic
0.751,10249,7,7200,38.9,35.2,20.1,137.2,12.2,243308,10839,6,6,cubic
0.765,10649,7,8640,39.0,39.5,20.1,137.2,9.3,243308,10842,6,6,cubic
0.778,11227,7,7200,39.7,44.9,20.1,137.2,8.4,243308,10844,6,6,cubic
0.790,11775,8,7200,39.1,34.4,20.1,137.2,7.6,301382,10847,6,6,cubic
0.808,12123,8,10080,38.9,38.0,20.1,137.2,6.0,311397,10851,6,6,cubic
0.818,12631,8,8640,38.4,34.4,20.1,137.2,5.6,329266,10853,6,6,cubic
0.828,12955,8,10080,37.6,32.6,20.1,137.2,5.7,344190,10856,6,6,cubic
0.840,13114,9,11520,37.9,39.5,20.1,137.2,4.7,346317,10858,6,6,cubic
0.845,13270,9,12960,38.2,40.4,20.1,137.2,4.2,347555,10860,6,6,cubic
0.850,13424,9,12960,38.1,37.7,20.1,137.2,3.2,352086,10861,6,6,cubic
0.856,11745,8,10080,37.9,36.1,20.1,137.2,2.9,310107,10862,6,6,cubic
0.868,11787,8,11520,38.2,40.4,20.1,137.2,2.8,308657,10864,6,6,cubic
0.873,11805,8,11520,38.4,39.5,20.1,137.2,2.5,307766,10865,6,6,cubic
0.878,11822,8,11520,38.9,42.3,20.1,137.2,2.8,304298,10866,6,6,cubic
0.883,11840,8,10080,38.7,37.8,20.1,137.2,2.4,305808,10867,6,6,cubic
0.893,11875,8,11520,39.2,43.0,20.1,137.2,2.9,302547,10869,6,6,cubic
0.900,11897,8,11520,39.9,44.7,20.1,137.2,3.5,297961,10870,6,6,cubic
0.906,11915,8,11520,40.5,44.7,20.1,137.2,3.8,294030,10871,6,6,cubic
0.911,11931,8,11520,41.5,48.7,20.1,137.2,4.9,287168,10872,6,6,cubic
0.916,11948,8,11520,41.7,43.0,20.1,137.2,4.0,286344,10873,6,6,cubic
0.921,11965,8,10080,41.9,43.0,20.1,137.2,3.3,285704,10874,6,6,cubic
0.930,11992,8,10080,41.8,41.3,20.1,137.2,2.7,286883,10876,6,6,cubic
0.936,12014,8,11520,41.3,37.9,20.1,137.2,3.0,290839,10878,6,6,cubic
0.943,12036,8,10080,40.9,37.8,20.1,137.2,3.1,294509,10879,6,6,cubic
0.960,9244,6,7255,39.3,34.3,20.1,137.2,4.4,294509,10882,6,6,cubic
0.974,9284,6,8695,39.3,39.5,20.1,137.2,3.4,294509,10884,6,6,cubic
0.981,9304,6,8695,40.1,45.2,20.1,137.2,4.0,294509,10885,6,6,cubic
0.986,9318,6,8695,40.6,44.5,20.1,137.2,4.1,294509,10886,6,6,cubic
0.991,9333,6,8695,40.9,42.8,20.1,137.2,3.6,294509,10887,6,6,cubic
1.000,9357,6,8695,42.0,49.3,20.1,137.2,4.8,294509,10888,6,6,cubic
1.015,7185,4,5760,41.0,36.2,20.1,137.2,4.5,294509,10889,6,6,cubic
1.021,7198,4,4320,40.0,32.8,20.1,137.2,5.4,294509,10890,6,6,cubic
1.028,7245,5,4320,38.0,24.2,20.1,137.2,8.0,294509,10892,6,6,cubic
1.041,7528,5,7200,35.8,20.7,20.1,137.2,10.3,294509,10895,6,6,cubic
1.048,8073,5,5760,34.1,22.4,20.1,137.2,11.1,294509,10896,6,6,cubic
1.062,8835,6,4320,33.5,29.3,20.1,137.2,9.5,294509,10898,6,6,cubic
1.083,9067,6,8640,33.9,36.2,20.1,137.2,7.8,294509,10902,6,6,cubic
1.088,9519,6,7200,33.9,34.5,20.1,137.2,6.0,294509,10903,6,6,cubic
1.103,10381,7,4320,34.2,36.2,20.1,137.2,5.1,294509,10905,6,6,cubic
1.129,10578,7,10080,35.1,41.3,20.1,137.2,5.6,294509,10910,6,6,cubic
1.136,10966,7,8640,36.1,43.1,20.1,137.2,6.2,294509,10911,6,6,cubic
1.150,11901,8,4320,36.8,41.5,20.1,137.2,6.0,323511,10913,6,6,cubic
1.189,10434,7,8640,39.5,48.3,20.1,137.2,8.0,323511,10919,6,6,cubic
1.203,10478,7,8640,40.6,48.3,20.1,137.2,8.2,323511,10921,6,6,cubic
1.217,10521,7,10080,42.7,57.8,20.1,137.2,10.5,323511,10923,6,6,cubic
1.224,10542,7,10080,44.9,60.2,20.1,137.2,12.2,323511,10924,6,6,cubic
1.229,10558,7,10080,46.9,60.9,20.1,137.2,13.2,323511,10925,6,6,cubic
1.234,10573,7,10080,48.7,61.5,20.1,137.2,13.5,323511,10926,6,6,cubic
1.248,8115,5,5760,47.1,39.5,20.1,137.2,10.5,323511,10927,6,6,cubic
1.255,8134,5,7200,45.3,32.6,20.1,137.2,11.6,323511,10929,6,6,cubic
1.260,8148,5,7200,43.5,30.9,20.1,137.2,12.3,323511,10930,6,6,cubic
1.268,8170,5,7200,42.4,34.3,20.1,137.2,11.5,323511,10931,6,6,cubic
1.275,8188,5,7200,41.6,36.2,20.1,137.2,10.2,323511,10932,6,6,cubic
1.280,8403,5,5760,39.8,27.6,20.1,137.2,11.1,323511,10933,6,6,cubic
1.298,6439,4,5760,38.2,32.7,20.1,137.2,9.2,323511,10935,6,6,cubic
1.303,6451,4,5760,37.1,29.2,20.1,137.2,9.1,323511,10936,6,6,cubic
1.308,6463,4,5760,35.9,27.5,20.1,137.2,9.2,323511,10937,6,6,cubic
1.313,6593,4,4320,34.8,27.5,20.1,137.2,9.0,323511,10938,6,6,cubic
1.323,6904,4,5760,33.1,20.6,20.1,137.2,10.3,323511,10940,6,6,cubic
1.330,7201,5,5760,31.7,22.4,20.1,137.2,10.4,323511,10941,6,6,cubic
1.337,7485,5,7200,30.8,24.1,20.1,137.2,9.7,323511,10943,6,6,cubic
1.344,8033,5,5760,30.2,25.9,20.1,137.2,8.5,323511,10944,6,6,cubic
1.358,8289,5,7200,30.1,29.4,20.1,137.2,6.6,323511,10946,6,6,cubic
1.363,8783,6,5760,29.8,27.6,20.1,137.2,5.5,323511,10947,6,6,cubic
1.373,9017,6,8640,29.9,31.0,20.1,137.2,4.5,323511,10950,6,6,cubic
1.378,9472,6,7200,29.8,29.3,20.1,137.2,3.5,323511,10951,6,6,cubic
1.389,9688,6,8640,29.3,25.8,20.1,137.2,3.6,323511,10953,6,6,cubic
1.396,10323,7,5760,29.1,27.6,20.1,137.2,3.2,323511,10954,6,6,cubic
1.416,10522,7,10080,30.2,37.9,20.1,137.2,4.6,323511,10958,6,6,cubic
1.423,10911,7,8640,31.4,39.6,20.1,137.2,5.8,323511,10959,6,6,cubic
1.432,11099,7,10080,32.2,37.9,20.1,137.2,5.9,323511,10961,6,6,cubic
1.437,11838,8,5760,32.7,36.1,20.1,137.2,5.4,362295,10962,6,6,cubic
1.466,10379,7,8640,33.9,37.9,20.1,137.2,5.2,362295,10967,6,6,cubic
1.480,10423,7,10080,35.0,43.0,20.1,137.2,6.2,362295,10969,6,6,cubic
1.487,10444,7,8640,36.3,44.8,20.1,137.2,7.1,362295,10970,6,6,cubic
1.501,10487,7,10080,38.5,54.5,20.1,137.2,9.9,362295,10972,6,6,cubic
1.507,10508,7,10080,40.9,57.2,20.1,137.2,12.1,362295,10973,6,6,cubic
1.514,10528,7,10080,43.3,60.6,20.1,137.2,14.0,362295,10974,6,6,cubic
1.530,8085,5,7200,44.0,44.7,20.1,137.2,9.0,362295,10975,6,6,cubic
1.535,8099,5,5760,43.9,43.0,20.1,137.2,7.0,362295,10976,6,6,cubic
1.542,8118,5,7200,42.9,36.0,20.1,137.2,7.2,362295,10978,6,6,cubic
1.549,8136,5,7200,42.1,36.0,20.1,137.2,7.1,362295,10979,6,6,cubic
1.556,8154,5,7200,41.3,36.1,20.1,137.2,6.8,362295,10980,6,6,cubic
1.562,8171,5,7200,39.6,27.6,20.1,137.2,8.6,362295,10981,6,6,cubic
1.569,8632,5,5760,38.3,29.2,20.1,137.2,9.0,362295,10982,6,6,cubic
1.588,6615,4,4320,37.1,30.9,20.1,137.2,7.3,362295,10984,6,6,cubic
1.595,6632,4,5760,35.9,27.6,20.1,137.2,7.8,362295,10986,6,6,cubic
1.605,6692,4,4320,35.3,31.0,20.1,137.2,7.1,362295,10987,6,6,cubic
1.619,7305,5,4320,34.1,25.8,20.1,137.2,7.7,362295,10989,6,6,cubic
1.640,5598,3,4320,33.4,29.3,20.1,137.2,5.8,362295,10992,6,6,cubic
1.654,6373,4,1440,32.8,29.2,20.1,137.2,5.4,362295,10993,6,6,cubic
1.673,6694,4,5760,32.2,27.5,20.1,137.2,5.4,362295,10997,6,6,cubic
1.680,7920,5,1440,30.9,21.7,20.1,137.2,6.6,362295,10998,6,6,cubic
0.005,7920,5,0,29.1,22.9,20.1,137.2,6.9,362295,11000,6,6,cubic
0.005,7920,5,0,28.7,26.1,20.1,137.2,5.9,362295,11001,6,6,cubic
0.006,7920,5,0,28.4,26.2,20.1,137.2,5.0,362295,11002,6,6,cubic
0.005,7920,5,0,28.2,27.1,20.1,137.2,4.1,362295,11004,6,6,cubic
0.006,7920,5,0,28.0,26.7,20.1,137.2,3.5,362295,11005,6,6,cubic
0.032,9473,6,0,27.9,27.3,20.1,137.2,2.8,362295,11011,6,6,cubic
0.062,10988,7,0,28.1,29.3,20.1,137.2,2.4,362295,11018,6,6,cubic
0.110,12811,8,2880,30.6,48.1,20.1,137.2,6.8,418550,11027,7,7,cubic
0.116,12971,9,5760,32.8,48.1,20.1,137.2,9.5,395505,11030,7,7,cubic
0.177,11372,7,10080,39.2,61.9,20.1,137.2,16.5,395505,11036,7,7,cubic
0.191,11419,7,10080,43.3,72.6,20.1,137.2,20.7,395505,11037,7,7,cubic
0.198,11442,7,10080,47.4,76.2,20.1,137.2,23.8,395505,11038,7,7,cubic
0.204,11464,7,10080,51.4,78.9,20.1,137.2,25.7,395505,11039,7,7,cubic
0.211,11487,7,10080,55.3,82.7,20.1,137.2,27.1,395505,11040,7,7,cubic
0.218,11509,7,10080,59.1,85.4,20.1,137.2,27.9,395505,11041,7,7,cubic
0.225,11531,8,10080,62.8,89.2,20.1,137.2,28.4,183556,11042,7,7,cubic
0.233,11553,8,11520,66.4,91.9,20.1,137.2,28.6,173862,11044,7,7,cubic
0.242,11574,8,11520,65.2,56.8,20.1,137.2,23.8,177392,11045,7,7,cubic
0.249,11591,8,11520,63.1,48.2,20.1,137.2,22.1,183645,11046,7,7,cubic
0.257,11612,8,11520,61.2,48.2,20.1,137.2,20.3,189596,11047,7,7,cubic
0.264,11633,8,11520,59.6,48.1,20.1,137.2,18.5,195158,11048,7,7,cubic
0.271,11669,8,10080,56.7,46.5,20.1,137.2,15.5,205726,11049,7,7,cubic
0.275,8932,6,8640,55.2,44.7,20.1,137.2,14.6,205726,11050,7,7,cubic
0.289,8972,6,8640,54.6,50.3,20.1,137.2,12.2,205726,11051,7,7,cubic
0.296,8992,6,8640,53.9,48.7,20.1,137.2,10.6,205726,11052,7,7,cubic
0.303,9011,6,8640,53.1,48.1,20.1,137.2,9.4,205726,11053,7,7,cubic
0.309,9031,6,8640,52.4,47.3,20.1,137.2,8.5,205726,11054,7,7,cubic
0.316,9050,6,8640,51.7,46.9,20.1,137.2,7.8,205726,11055,7,7,cubic
0.323,9069,6,8640,51.1,46.8,20.1,137.2,7.0,205726,11056,7,7,cubic
0.330,9087,6,8640,51.0,50.1,20.1,137.2,5.6,205726,11057,7,7,cubic
0.337,9105,6,8640,50.0,42.9,20.1,137.2,6.2,205726,11058,7,7,cubic
0.342,9196,6,7200,48.2,36.1,20.1,137.2,8.1,205726,11059,7,7,cubic
0.349,9419,6,8640,46.5,34.4,20.1,137.2,9.5,205726,11061,7,7,cubic
0.354,9637,6,8640,44.8,32.6,20.1,137.2,10.6,205726,11062,7,7,cubic
0.364,7387,5,7255,41.3,29.2,20.1,137.2,12.0,205726,11064,7,7,cubic
0.369,7400,5,7255,39.6,27.5,20.1,137.2,12.5,205726,11065,7,7,cubic
0.375,7413,5,5815,38.1,27.5,20.1,137.2,12.4,205726,11066,7,7,cubic
0.388,7448,5,7255,37.6,34.4,20.1,137.2,10.2,205726,11068,7,7,cubic
0.395,7465,5,7255,37.4,36.3,20.1,137.2,8.0,205726,11069,7,7,cubic
0.402,7572,5,7200,36.9,32.9,20.1,137.2,7.1,205726,11070,7,7,cubic
0.409,7842,5,7200,36.6,34.7,20.1,137.2,5.9,205726,11071,7,7,cubic
0.416,8365,5,5760,36.6,36.5,20.1,137.2,4.5,205726,11072,7,7,cubic
0.430,8610,5,7200,36.5,36.2,20.1,137.2,3.4,205726,11074,7,7,cubic
0.444,6602,4,5760,36.5,36.2,20.1,137.2,2.1,205726,11075,7,7,cubic
0.451,6619,4,5760,36.4,36.1,20.1,137.2,1.6,205726,11076,7,7,cubic
0.457,6635,4,4320,36.4,36.1,20.1,137.2,1.3,205726,11077,7,7,cubic
0.471,6666,4,5760,36.4,36.2,20.1,137.2,1.0,205726,11079,7,7,cubic
0.478,6967,4,5760,35.5,29.3,20.1,137.2,2.5,205726,11080,7,7,cubic
0.483,7261,5,5760,34.5,27.5,20.1,137.2,3.9,205726,11081,7,7,cubic
0.490,7826,5,5760,33.6,27.5,20.1,137.2,4.6,205726,11083,7,7,cubic
0.511,5999,4,5760,32.2,27.6,20.1,137.2,5.1,205726,11085,7,7,cubic
0.518,6015,4,4320,31.8,29.3,20.1,137.2,4.5,205726,11086,7,7,cubic
0.531,6451,4,4320,32.4,36.2,20.1,137.2,4.5,205726,11088,7,7,cubic
0.545,6769,4,5760,32.0,29.3,20.1,137.2,4.1,205726,11090,7,7,cubic
0.552,7374,5,4320,31.7,29.3,20.1,137.2,3.8,205726,11091,7,7,cubic
0.580,5666,3,4375,31.1,29.3,20.1,137.2,3.1,205726,11095,7,7,cubic
0.587,6403,4,1495,30.9,29.3,20.1,137.2,2.8,205726,11096,7,7,cubic
0.606,6732,4,5760,29.6,20.8,20.1,137.2,4.6,205726,11100,7,7,cubic
0.612,7950,5,1440,28.5,20.7,20.1,137.2,5.7,205726,11101,7,7,cubic
0.633,8208,5,7200,27.7,22.3,20.1,137.2,5.8,205726,11106,7,7,cubic
0.640,9457,6,1440,27.1,22.4,20.1,137.2,5.7,205726,11107,7,7,cubic
0.674,9674,6,8640,28.2,36.1,20.1,137.2,6.5,205726,11113,7,7,cubic
0.681,10946,7,1440,29.2,36.2,20.1,137.2,6.9,205726,11114,7,7,cubic
0.721,11133,7,10080,30.7,41.4,20.1,137.2,8.2,205726,11121,7,7,cubic
0.723,12422,8,1440,32.1,41.4,20.1,137.2,8.8,387545,11122,7,7,cubic
0.783,10891,7,8640,36.9,54.9,20.1,137.2,13.5,387545,11130,7,7,cubic
0.793,10925,7,10080,40.0,62.0,20.1,137.2,16.4,387545,11132,7,7,cubic
0.798,10941,7,10080,42.9,63.0,20.1,137.2,18.0,387545,11133,7,7,cubic
0.807,10969,7,10080,46.0,68.3,20.1,137.2,19.9,387545,11134,7,7,cubic
0.814,10991,7,10080,49.2,71.1,20.1,137.2,21.2,387545,11135,7,7,cubic
0.821,11013,7,10080,52.4,74.6,20.1,137.2,22.2,387545,11136,7,7,cubic
0.827,11034,7,10080,55.5,77.4,20.1,137.2,22.9,387545,11137,7,7,cubic
0.833,11050,7,8640,54.1,44.7,20.1,137.2,19.9,387545,11138,7,7,cubic
0.858,8496,5,7200,51.8,46.5,20.1,137.2,11.9,387545,11140,7,7,cubic
0.865,8515,5,7200,51.1,46.5,20.1,137.2,10.3,387545,11141,7,7,cubic
0.872,8534,5,7200,50.5,46.4,20.1,137.2,8.9,387545,11142,7,7,cubic
0.879,8552,5,7200,50.0,46.5,20.1,137.2,7.7,387545,11143,7,7,cubic
0.886,8571,5,5760,49.8,48.3,20.1,137.2,6.2,387545,11144,7,7,cubic
0.905,6572,4,5760,46.2,34.4,20.1,137.2,9.7,387545,11146,7,7,cubic
0.912,6589,4,5760,44.7,34.5,20.1,137.2,10.2,387545,11147,7,7,cubic
0.005,6689,4,1415,40.0,20.7,20.1,137.2,14.2,387545,11148,7,7,cubic
0.005,6689,4,0,36.7,26.3,20.1,137.2,13.8,387545,11149,7,7,cubic
0.006,6689,4,0,35.5,27.4,20.1,137.2,12.7,387545,11150,7,7,cubic
0.006,6689,4,0,34.7,29.1,20.1,137.2,11.1,387545,11152,7,7,cubic
0.032,8222,5,0,33.7,26.9,20.1,137.2,10.3,387545,11157,7,7,cubic
0.060,9718,6,0,32.3,22.5,20.1,137.2,10.5,387545,11163,7,7,cubic
0.096,11195,7,0,32.8,36.1,20.1,137.2,8.8,387545,11170,7,7,cubic
0.144,12477,8,1440,34.7,48.1,20.1,137.2,10.5,359547,11178,7,7,cubic
0.151,12642,8,4320,36.4,48.2,20.1,137.2,11.2,347450,11181,7,7,cubic
0.204,11061,7,10080,38.7,54.9,20.1,137.2,13.0,347450,11187,7,7,cubic
0.218,11107,7,10080,42.0,65.3,20.1,137.2,16.4,347450,11188,7,7,cubic
0.225,11129,7,10080,45.3,68.0,20.1,137.2,18.8,347450,11189,7,7,cubic
0.232,11152,7,8640,48.4,70.1,20.1,137.2,20.3,347450,11190,7,7,cubic
0.238,11174,7,10080,51.0,69.3,20.1,137.2,20.5,347450,11192,7,7,cubic
0.247,11202,7,10080,53.8,73.8,20.1,137.2,21.1,347450,11193,7,7,cubic
0.254,11224,7,10080,56.7,76.5,20.1,137.2,21.5,347450,11194,7,7,cubic
0.261,11245,7,10080,56.0,51.6,20.1,137.2,17.4,347450,11195,7,7,cubic
0.268,11267,7,10080,54.6,44.7,20.1,137.2,15.9,347450,11196,7,7,cubic
0.274,11288,7,10080,53.4,44.8,20.1,137.2,14.4,347450,11197,7,7,cubic
0.281,8640,6,8640,52.3,44.8,20.1,137.2,12.9,347450,11198,7,7,cubic
0.295,8679,6,8640,52.2,51.7,20.1,137.2,9.8,347450,11199,7,7,cubic
0.302,8698,6,8640,52.0,50.0,20.1,137.2,8.0,347450,11200,7,7,cubic
0.309,8717,6,8640,51.7,49.9,20.1,137.2,6.5,347450,11201,7,7,cubic
0.316,8736,6,8640,51.5,50.0,20.1,137.2,5.3,347450,11202,7,7,cubic
0.323,8755,6,8640,51.3,50.0,20.1,137.2,4.3,347450,11203,7,7,cubic
0.330,8773,6,8640,51.1,50.0,20.1,137.2,3.6,347450,11204,7,7,cubic
0.337,8791,6,8640,51.0,49.9,20.1,137.2,3.0,347450,11205,7,7,cubic
0.343,8848,6,7200,49.3,37.9,20.1,137.2,5.5,347450,11206,7,7,cubic
0.355,6781,4,5760,45.8,32.7,20.1,137.2,9.3,347450,11208,7,7,cubic
0.369,6814,4,5760,44.4,34.4,20.1,137.2,9.9,347450,11209,7,7,cubic
0.376,6831,4,5760,43.1,34.4,20.1,137.2,9.9,347450,11210,7,7,cubic
0.383,7060,4,4320,42.0,34.4,20.1,137.2,9.6,347450,11211,7,7,cubic
0.397,7350,5,5760,41.3,36.1,20.1,137.2,8.7,347450,11213,7,7,cubic
0.404,7629,5,7200,39.8,29.2,20.1,137.2,9.5,347450,11215,7,7,cubic
0.409,7898,5,7200,38.3,27.5,20.1,137.2,10.2,347450,11216,7,7,cubic
0.416,6039,4,5760,36.9,27.6,20.1,137.2,10.3,347450,11217,7,7,cubic
0.429,6070,4,4320,35.8,27.7,20.1,137.2,10.1,347450,11218,7,7,cubic
0.441,6162,4,5760,35.4,32.8,20.1,137.2,8.3,347450,11220,7,7,cubic
0.450,6495,4,5760,35.5,36.1,20.1,137.2,6.4,347450,11221,7,7,cubic
0.457,6811,4,5760,35.6,36.2,20.1,137.2,5.0,347450,11222,7,7,cubic
0.464,7413,5,4320,34.8,29.2,20.1,137.2,5.3,347450,11223,7,7,cubic
0.490,5693,3,4375,32.9,27.5,20.1,137.2,5.3,347450,11227,7,7,cubic
0.497,6362,4,1495,32.2,27.6,20.1,137.2,5.3,347450,11228,7,7,cubic
0.524,5977,4,0,30.0,22.5,20.1,137.2,6.9,347450,11232,7,7,cubic
0.552,7692,5,0,29.0,22.5,20.1,137.2,7.1,347450,11237,7,7,cubic
0.583,9292,6,0,28.6,25.9,20.1,137.2,6.1,347450,11243,7,7,cubic
0.614,10836,7,0,29.0,31.1,20.1,137.2,5.2,347450,11250,7,7,cubic
0.653,12161,8,1440,30.3,39.5,20.1,137.2,6.5,401711,11258,7,7,cubic
0.661,12329,8,4320,31.4,39.5,20.1,137.2,7.2,392243,11261,7,7,cubic
0.689,12662,8,10080,31.3,30.6,20.1,137.2,5.6,404188,11267,7,7,cubic
0.705,12824,8,11520,32.8,42.9,20.1,137.2,7.1,391297,11269,7,7,cubic
0.712,12984,9,11520,34.4,45.8,20.1,137.2,8.6,377376,11270,7,7,cubic
0.717,13142,9,12960,36.1,47.6,20.1,137.2,9.7,364539,11272,7,7,cubic
0.725,13454,9,11520,38.1,52.3,20.1,137.2,11.4,353290,11273,7,7,cubic
0.732,13759,9,11520,39.8,51.9,20.1,137.2,12.0,345677,11275,7,7,cubic
0.741,14057,9,11520,40.6,46.5,20.1,137.2,10.6,345890,11277,7,7,cubic
0.746,14203,9,12960,40.1,36.1,20.1,137.2,9.1,354472,11279,7,7,cubic
0.751,14491,10,11520,39.4,34.4,20.1,137.2,8.3,368221,11280,7,7,cubic
0.760,14633,10,14400,38.9,36.1,20.1,137.2,7.0,375744,11283,7,7,cubic
0.768,14913,10,12960,38.8,37.8,20.1,137.2,5.6,384405,11284,7,7,cubic
0.779,15051,10,14400,39.1,41.1,20.1,137.2,4.7,385133,11286,7,7,cubic
0.787,15187,10,14400,40.4,49.7,20.1,137.2,6.2,375869,11287,7,7,cubic
0.794,13288,9,12960,41.4,48.2,20.1,137.2,6.6,321167,11288,7,7,cubic
0.803,13321,9,12960,42.6,51.6,20.1,137.2,7.5,312347,11289,7,7,cubic
0.808,13340,9,12960,43.8,51.5,20.1,137.2,7.8,304844,11290,7,7,cubic
0.813,13359,9,11520,45.1,54.5,20.1,137.2,8.6,296208,11291,7,7,cubic
0.005,3072,2,0,52.0,55.1,20.1,137.2,5.8,265391,11294,8,8,cubic
0.006,40464,28,0,49.0,27.9,20.1,137.2,10.4,826453,11295,8,8,cubic
0.005,40464,28,0,46.3,27.4,20.1,137.2,13.2,874651,11297,8,8,cubic
0.028,40464,28,23040,43.9,27.2,20.1,137.2,14.6,922046,11320,8,8,cubic
0.170,21703,15,20215,104.5,140.2,20.1,140.2,39.1,207628,11334,8,8,cubic
0.191,19055,13,18830,119.8,156.0,20.1,156.0,40.2,158995,11337,8,8,cubic
0.198,19088,13,18830,125.0,161.4,20.1,161.4,40.5,152652,11338,8,8,cubic
0.204,19121,13,18830,130.2,166.2,20.1,166.2,40.7,146868,11339,8,8,cubic
0.211,19153,13,18830,135.4,171.9,20.1,171.9,41.0,141444,11340,8,8,cubic
0.216,19177,13,17390,140.7,177.5,20.1,177.5,41.2,136325,11341,8,8,cubic
0.231,19224,13,18830,145.9,182.3,20.1,182.3,41.3,131786,11343,8,8,cubic
0.243,19287,13,17390,156.2,193.5,20.1,193.5,41.5,123439,11344,8,8,cubic
0.255,19348,13,15950,166.8,204.1,20.1,204.1,41.9,115977,11345,8,8,cubic
0.268,19409,13,13015,162.3,93.0,20.1,209.4,51.3,119614,11346,8,8,cubic
0.293,14881,10,11520,144.0,82.8,20.1,209.4,60.6,103325,11348,8,8,cubic
0.306,14944,10,8640,128.4,77.0,20.1,209.4,61.2,116403,11349,8,8,cubic
0.317,14992,10,7200,114.5,66.7,20.1,209.4,58.7,130991,11350,8,8,cubic
0.327,15019,10,7200,107.8,61.1,20.1,209.4,57.4,139349,11351,8,8,cubic
0.337,15072,10,5760,94.9,50.9,20.1,209.4,54.7,158814,11352,8,8,cubic
0.345,15098,10,5760,88.5,43.7,20.1,209.4,53.9,170589,11353,8,8,cubic
0.352,15124,10,5760,82.2,38.2,20.1,209.4,53.0,183947,11354,8,8,cubic
0.360,15150,10,5760,76.2,34.1,20.1,209.4,51.8,198818,11355,8,8,cubic
0.366,15169,10,5760,70.3,29.0,20.1,209.4,50.6,215769,11356,8,8,cubic
0.374,11613,8,4320,64.2,21.8,20.1,209.4,50.1,180783,11357,8,8,cubic
0.382,11649,8,4320,58.8,20.9,20.1,209.4,48.4,198061,11358,8,8,cubic
0.388,11678,8,4320,54.2,21.8,20.1,209.4,45.6,215508,11359,8,8,cubic
0.394,11696,8,4320,50.0,20.8,20.1,209.4,42.5,233859,11360,8,8,cubic
0.406,11725,8,5760,46.4,21.4,20.1,209.4,39.0,252465,11362,8,8,cubic
0.412,11748,8,5760,43.3,21.0,20.1,209.4,35.6,271523,11363,8,8,cubic
0.417,11770,8,5760,40.5,21.3,20.1,209.4,32.2,290495,11364,8,8,cubic
0.421,11793,8,5760,38.2,21.9,20.1,209.4,28.8,308757,11365,8,8,cubic
0.431,11809,8,7200,36.0,20.9,20.1,209.4,25.9,327727,11367,8,8,cubic
0.435,11831,8,7200,34.3,22.1,20.1,209.4,22.9,344997,11368,8,8,cubic
0.439,11847,8,7200,32.7,21.8,20.1,209.4,20.3,362005,11369,8,8,cubic
0.450,11875,8,10080,31.8,25.4,20.1,209.4,17.1,373345,11372,8,8,cubic
0.454,11896,8,10080,31.3,27.5,20.1,209.4,13.9,380392,11373,8,8,cubic
0.461,11917,8,11520,31.1,30.0,20.1,209.4,10.7,382973,11375,8,8,cubic
0.468,11938,8,11520,31.2,32.1,20.1,209.4,8.3,382223,11376,8,8,cubic
0.006,3072,2,0,41.4,53.4,20.1,209.4,11.8,288878,11378,9,9,cubic
0.006,32917,22,0,39.8,28.8,20.1,209.4,12.0,826458,11380,9,9,cubic
0.032,32917,22,25920,38.1,26.4,20.1,209.4,12.4,862876,11403,9,9,cubic
0.114,17785,12,17335,63.5,90.9,20.1,209.4,26.7,280078,11409,9,9,cubic
0.121,17901,12,17335,67.5,95.6,20.1,209.4,28.0,265129,11410,9,9,cubic
0.128,18015,12,17335,71.7,101.2,20.1,209.4,29.4,251171,11411,9,9,cubic
0.135,18129,12,17335,76.0,105.9,20.1,209.4,30.6,238542,11412,9,9,cubic
0.142,18242,12,17335,80.4,111.4,20.1,209.4,31.8,226808,11413,9,9,cubic
0.148,18355,12,17335,84.9,116.1,20.1,209.4,32.8,216213,11414,9,9,cubic
0.162,16090,11,15895,94.1,126.5,20.1,209.4,34.6,170951,11415,9,9,cubic
0.169,16119,11,15895,98.9,132.1,20.1,209.4,35.4,163040,11416,9,9,cubic
0.176,16149,11,15895,103.6,136.8,20.1,209.4,36.1,155869,11417,9,9,cubic
0.183,16178,11,15895,108.5,142.5,20.1,209.4,36.8,149143,11418,9,9,cubic
0.190,16206,11,15895,113.3,147.2,20.1,209.4,37.3,143017,11419,9,9,cubic
0.197,16235,11,15895,118.3,152.9,20.1,209.4,37.9,137274,11420,9,9,cubic
0.206,16263,11,15840,114.0,84.4,20.1,209.4,36.9,142621,11421,9,9,cubic
0.215,16291,11,15840,110.3,84.4,20.1,209.4,35.1,147665,11422,9,9,cubic
0.224,16347,11,14400,104.2,84.4,20.1,209.4,30.3,156810,11423,9,9,cubic
0.233,16374,11,14400,101.8,84.4,20.1,209.4,27.6,160893,11424,9,9,cubic
0.242,16401,11,14400,99.6,84.5,20.1,209.4,25.0,164645,11425,9,9,cubic
0.251,16428,11,14400,96.9,77.5,20.1,209.4,24.3,169617,11426,9,9,cubic
0.265,12622,8,11520,90.5,77.5,20.1,209.4,19.8,139514,11427,9,9,cubic
0.272,12647,8,11520,88.9,77.5,20.1,209.4,18.1,142336,11428,9,9,cubic
0.281,12672,8,11520,87.4,77.5,20.1,209.4,16.4,144930,11429,9,9,cubic
0.291,12697,8,11520,85.9,75.4,20.1,209.4,15.3,147751,11430,9,9,cubic
0.300,12745,8,10080,82.5,70.4,20.1,209.4,14.6,154471,11431,9,9,cubic
0.309,12769,8,10080,80.7,68.3,20.1,209.4,14.5,158157,11432,9,9,cubic
0.318,12793,8,10080,79.0,66.5,20.1,209.4,14.4,162039,11433,9,9,cubic
0.327,12816,8,10080,77.2,64.6,20.1,209.4,14.4,166113,11434,9,9,cubic
0.335,12863,8,8640,72.4,56.9,20.1,209.4,16.3,177638,11435,9,9,cubic
0.343,12886,8,7200,69.6,50.1,20.1,209.4,17.8,185079,11436,9,9,cubic
0.358,12919,8,7200,65.8,39.0,20.1,209.4,21.0,196352,11438,9,9,cubic
0.365,12941,8,7200,62.0,35.3,20.1,209.4,23.4,208779,11439,9,9,cubic
0.367,9906,6,7200,58.6,35.2,20.1,209.4,24.2,208779,11440,9,9,cubic
0.374,9928,6,8640,55.6,34.0,20.1,209.4,24.3,208779,11442,9,9,cubic
0.381,9949,6,8640,52.7,33.1,20.1,209.4,23.9,208779,11443,9,9,cubic
0.388,9970,6,8640,50.1,31.8,20.1,209.4,23.1,208779,11444,9,9,cubic
0.395,9991,6,8640,47.8,31.7,20.1,209.4,22.0,208779,11445,9,9,cubic
0.401,10012,6,8640,45.8,31.7,20.1,209.4,20.5,208779,11446,9,9,cubic
0.407,10027,6,7200,44.4,34.4,20.1,209.4,18.2,208779,11447,9,9,cubic
0.427,7691,5,7200,43.7,41.4,20.1,209.4,11.5,208779,11449,9,9,cubic
0.434,7709,5,7200,43.4,41.2,20.1,209.4,9.2,208779,11450,9,9,cubic
0.441,7727,5,7200,43.1,41.3,20.1,209.4,7.4,208779,11451,9,9,cubic
0.448,7745,5,7200,42.9,41.3,20.1,209.4,6.0,208779,11452,9,9,cubic
0.455,7762,5,5760,42.9,43.0,20.1,209.4,4.5,208779,11453,9,9,cubic
0.469,7796,5,7200,42.1,36.2,20.1,209.4,5.1,208779,11455,9,9,cubic
0.475,7950,5,7200,41.3,36.2,20.1,209.4,5.3,208779,11456,9,9,cubic
0.482,8465,5,5760,40.5,34.5,20.1,209.4,5.7,208779,11457,9,9,cubic
0.491,8950,6,5760,39.3,31.0,20.1,209.4,6.6,208779,11459,9,9,cubic
0.007,3072,2,0,36.7,36.2,20.1,209.4,4.9,208779,11461,10,10,cubic
0.005,29541,20,0,35.7,28.9,20.1,209.4,5.6,826437,11463,10,10,cubic
0.032,36661,25,23040,34.7,27.0,20.1,209.4,6.4,1057823,11484,10,10,cubic
0.142,19736,13,18775,81.0,114.5,20.1,209.4,35.4,243633,11495,10,10,cubic
0.149,19840,13,18775,85.9,119.9,20.1,209.4,36.3,231057,11496,10,10,cubic
0.156,19944,13,18775,90.7,124.7,20.1,209.4,36.9,219855,11497,10,10,cubic
0.170,17482,12,14455,100.3,132.5,20.1,209.4,37.4,174377,11498,10,10,cubic
0.190,17575,12,17335,106.7,152.0,20.1,209.4,41.0,164686,11501,10,10,cubic
0.196,17597,12,17335,112.9,156.0,20.1,209.4,43.0,155895,11502,10,10,cubic
0.204,17636,12,15895,119.7,167.1,20.1,209.4,45.8,147391,11503,10,10,cubic
0.218,17680,12,17335,126.1,170.8,20.1,209.4,47.2,140258,11505,10,10,cubic
0.229,17739,12,15895,138.5,181.9,20.1,209.4,48.4,128045,11506,10,10,cubic
0.239,17768,12,15840,132.2,87.7,20.1,209.4,49.0,134415,11507,10,10,cubic
0.250,17811,12,14400,121.2,84.3,20.1,209.4,46.7,147011,11508,10,10,cubic
0.259,17832,12,11520,115.5,75.7,20.1,209.4,46.4,154421,11509,10,10,cubic
0.270,13652,9,11520,109.9,70.7,20.1,209.4,46.0,124252,11510,10,10,cubic
0.281,13699,9,8640,100.9,70.8,20.1,209.4,41.5,135781,11511,10,10,cubic
0.291,13745,9,8640,96.7,67.8,20.1,209.4,39.4,142071,11512,10,10,cubic
0.300,13770,9,8640,92.6,63.5,20.1,209.4,37.9,148721,11513,10,10,cubic
0.310,13796,9,8640,88.5,59.7,20.1,209.4,36.6,155931,11514,10,10,cubic
0.318,13821,9,7200,83.9,52.2,20.1,209.4,36.5,164659,11515,10,10,cubic
0.327,13852,9,7200,79.0,44.1,20.1,209.4,37.4,175439,11516,10,10,cubic
0.334,13890,9,7200,74.6,44.3,20.1,209.4,36.7,186138,11517,10,10,cubic
0.342,13914,9,5760,69.8,36.4,20.1,209.4,37.1,199226,11518,10,10,cubic
0.349,13956,9,4320,64.5,27.0,20.1,209.4,38.5,216442,11519,10,10,cubic
0.361,13986,9,5760,59.6,25.6,20.1,209.4,38.6,234569,11521,10,10,cubic
0.367,14009,9,5760,55.3,24.8,20.1,209.4,37.7,253478,11522,10,10,cubic
0.372,14033,9,5760,51.4,24.1,20.1,209.4,36.1,273201,11523,10,10,cubic
0.382,14056,9,7200,48.0,24.1,20.1,209.4,33.9,293102,11525,10,10,cubic
0.387,14079,9,7200,45.1,24.8,20.1,209.4,31.2,312401,11526,10,10,cubic
0.396,14102,9,8640,42.6,25.2,20.1,209.4,28.3,331126,11528,10,10,cubic
0.400,14124,9,8640,40.6,26.9,20.1,209.4,25.2,347676,11529,10,10,cubic
0.408,14146,9,10080,39.1,28.2,20.1,209.4,22.0,362040,11531,10,10,cubic
0.416,14168,9,11520,37.9,30.0,20.1,209.4,18.7,373412,11533,10,10,cubic
0.420,14184,9,11520,37.0,30.3,20.1,209.4,16.0,383475,11534,10,10,cubic
0.423,14201,9,11520,36.2,30.7,20.1,209.4,13.5,392238,11535,10,10,cubic
0.431,14228,9,12960,36.0,34.9,20.1,209.4,10.5,394728,11537,10,10,cubic
0.438,14249,9,12960,36.2,37.2,20.1,209.4,8.2,393684,11538,10,10,cubic
0.445,14270,9,12960,36.7,40.2,20.1,209.4,7.1,388849,11539,10,10,cubic
0.452,14290,9,12960,37.5,42.9,20.1,209.4,6.9,381351,11540,10,10,cubic
0.005,10940,7,358,52.4,63.7,20.1,209.4,13.6,318560,11542,10,10,cubic
0.026,11041,7,1440,47.0,26.3,20.1,209.4,17.2,318560,11550,10,10,cubic
0.031,11058,7,10080,44.4,26.3,20.1,209.4,18.1,318560,11557,10,10,cubic
0.075,11191,7,1440,44.9,48.2,20.1,209.4,14.5,318560,11558,10,10,cubic
0.110,11295,7,10080,48.5,73.9,20.1,209.4,18.1,318560,11565,10,10,cubic
0.114,12390,8,1440,47.4,39.3,20.1,209.4,15.9,261563,11566,10,10,cubic
0.174,12555,8,2880,48.8,58.4,20.1,209.4,14.7,257533,11568,10,10,cubic
0.424,12882,8,2880,80.8,305.4,20.1,305.4,75.2,159363,11570,10,10,cubic
0.006,12882,8,0,95.1,28.1,20.1,305.4,97.2,135423,11572,10,10,cubic
0.005,12882,8,0,86.7,27.6,20.1,305.4,89.8,148607,11574,10,10,cubic
0.035,13200,9,4320,79.1,26.2,20.1,305.4,82.5,166830,11579,10,10,cubic
0.043,13355,9,4320,72.4,25.4,20.1,305.4,75.3,184435,11580,10,10,cubic
0.050,13509,9,4320,66.2,22.8,20.1,305.4,68.8,204023,11581,10,10,cubic
0.057,13661,9,4320,60.6,21.3,20.1,305.4,62.9,225414,11582,10,10,cubic
0.062,13811,9,4320,55.7,21.7,20.1,305.4,56.9,247788,11583,10,10,cubic
0.074,13959,9,5760,51.4,20.8,20.1,305.4,51.4,271750,11585,10,10,cubic
0.078,14106,9,5760,47.5,20.6,20.1,305.4,46.2,296837,11586,10,10,cubic
0.083,14252,9,5760,44.2,21.1,20.1,305.4,41.3,322334,11587,10,10,cubic
0.092,14395,9,7200,41.2,20.5,20.1,305.4,36.9,349003,11589,10,10,cubic
0.095,14538,10,7200,38.7,21.2,20.1,305.4,32.7,375271,11590,10,10,cubic
0.137,15365,10,1440,42.3,36.4,20.1,305.4,11.0,363479,11592,10,10,cubic
0.386,15498,10,2880,72.2,281.7,20.1,305.4,68.1,214668,11594,10,10,cubic
0.637,15763,10,2880,125.0,494.8,20.1,494.8,156.7,126083,11596,10,10,cubic
0.664,16023,11,5760,143.3,270.9,20.1,494.8,154.0,111851,11600,10,10,cubic
0.675,16279,11,4320,128.7,27.2,20.1,494.8,144.5,126445,11601,10,10,cubic
0.686,16405,11,4320,117.4,37.8,20.1,494.8,131.1,139764,11602,10,10,cubic
0.695,16530,11,4320,106.9,33.4,20.1,494.8,119.3,154655,11603,10,10,cubic
0.704,16777,11,2880,87.7,22.9,20.1,494.8,100.6,191382,11604,10,10,cubic
0.886,17020,11,1440,111.7,185.9,20.1,494.8,97.9,152427,11605,10,10,cubic
0.914,17382,12,4320,100.6,23.2,20.1,494.8,95.5,172778,11610,10,10,cubic
0.006,3072,2,0,65.3,25.0,20.1,494.8,63.5,268141,11613,11,11,cubic
0.005,50071,34,55,60.6,27.8,20.1,494.8,57.0,826458,11616,11,11,cubic
0.006,50071,34,11520,55.8,21.9,20.1,494.8,52.4,898102,11624,11,11,cubic
0.033,50071,34,28800,52.1,26.7,20.1,494.8,46.6,960613,11644,11,11,cubic
0.173,26238,18,25975,109.4,144.5,20.1,494.8,39.8,239894,11658,11,11,cubic
0.201,23070,16,21710,129.9,166.3,20.1,494.8,40.8,177542,11660,11,11,cubic
0.208,23107,16,21710,135.1,171.0,20.1,494.8,40.8,171069,11661,11,11,cubic
0.214,23143,16,21710,140.2,176.3,20.1,494.8,40.9,165037,11662,11,11,cubic
0.333,23732,16,8750,247.6,280.9,20.1,494.8,59.7,95841,11663,11,11,cubic
0.345,23733,16,7200,212.6,120.8,20.1,494.8,83.3,111610,11667,11,11,cubic
0.369,23846,16,2880,188.6,20.3,20.1,494.8,110.6,126440,11669,11,11,cubic
0.379,23936,16,2880,168.7,29.2,20.1,494.8,122.8,141909,11670,11,11,cubic
0.388,23966,16,2880,150.5,22.9,20.1,494.8,128.5,159294,11671,11,11,cubic
0.584,24717,17,1440,163.1,199.6,20.1,494.8,93.8,151569,11672,11,11,cubic
0.618,24803,17,4320,145.6,23.1,20.1,494.8,105.4,170376,11679,11,11,cubic
0.643,24888,17,7200,132.6,41.7,20.1,494.8,105.0,187703,11682,11,11,cubic
0.650,24909,17,7200,120.9,39.4,20.1,494.8,102.0,205954,11683,11,11,cubic
0.656,24930,17,7200,110.4,36.9,20.1,494.8,97.5,225727,11684,11,11,cubic
0.833,25401,17,1440,143.1,178.4,20.1,494.8,71.2,177491,11685,11,11,cubic
0.862,25458,17,4320,128.1,23.3,20.1,494.8,83.3,198690,11692,11,11,cubic
0.890,25512,17,8640,117.4,42.1,20.1,494.8,84.0,217345,11696,11,11,cubic
0.896,25525,17,8640,107.8,40.9,20.1,494.8,82.1,236739,11697,11,11,cubic
0.901,25539,17,8640,99.3,39.7,20.1,494.8,78.6,257190,11698,11,11,cubic
0.006,3072,2,0,62.9,40.9,20.1,494.8,41.2,405947,11700,12,12,cubic
0.006,48427,33,0,58.6,28.4,20.1,494.8,39.5,826455,11702,12,12,cubic
0.032,48427,33,25920,54.7,27.2,20.1,494.8,37.5,885740,11728,12,12,cubic
0.215,19638,13,18830,140.8,174.0,20.1,494.8,38.3,139486,11746,12,12,cubic
0.222,19670,13,18830,145.5,178.8,20.1,494.8,38.2,135157,11747,12,12,cubic
0.228,19703,13,18830,150.4,184.5,20.1,494.8,38.4,130995,11748,12,12,cubic
0.279,19932,13,10190,192.9,223.0,20.1,494.8,47.1,103322,11749,12,12,cubic
0.287,19944,13,13070,196.9,224.8,20.1,494.8,43.3,101292,11752,12,12,cubic
0.301,20011,13,10190,205.3,234.9,20.1,494.8,39.0,97482,11753,12,12,cubic
0.314,20064,13,2880,169.2,27.2,20.1,494.8,86.2,118554,11754,12,12,cubic
0.336,20164,14,2880,136.9,26.9,20.1,494.8,104.8,147271,11756,12,12,cubic
0.344,20199,14,2880,122.7,23.3,20.1,494.8,107.0,164598,11757,12,12,cubic
0.352,20237,14,2880,109.9,20.2,20.1,494.8,105.9,184141,11758,12,12,cubic
0.528,20867,14,1440,132.5,171.1,20.1,494.8,77.7,157454,11760,12,12,cubic
0.558,20945,14,4320,118.7,22.1,20.1,494.8,85.9,176411,11766,12,12,cubic
0.574,20996,14,5760,108.2,34.1,20.1,494.8,85.6,194135,11768,12,12,cubic
0.581,21016,14,5760,98.6,31.9,20.1,494.8,83.2,213111,11769,12,12,cubic
0.587,21036,14,5760,90.0,29.6,20.1,494.8,79.7,233774,11770,12,12,cubic
0.593,21056,14,5760,82.3,28.3,20.1,494.8,75.2,255934,11771,12,12,cubic
0.604,21075,14,7200,75.4,27.0,20.1,494.8,70.2,279657,11773,12,12,cubic
0.779,21514,14,1440,129.0,175.7,20.1,494.8,74.8,166750,11774,12,12,cubic
0.806,21568,14,4320,115.8,23.0,20.1,494.8,82.6,186300,11780,12,12,cubic
0.006,21568,14,0,83.1,35.1,20.1,494.8,69.1,259548,11781,12,12,cubic
0.005,21568,14,0,76.2,28.2,20.1,494.8,65.6,282929,11783,12,12,cubic
0.032,19735,13,8640,70.0,26.5,20.1,494.8,61.6,281848,11792,12,12,cubic
0.042,19782,13,8640,65.7,35.5,20.1,494.8,54.8,301086,11794,12,12,cubic
0.056,19837,13,11520,62.2,37.3,20.1,494.8,48.2,319158,11797,12,12,cubic
0.065,19940,13,12960,59.3,39.1,20.1,494.8,41.9,336443,11799,12,12,cubic
0.069,20043,13,12960,57.0,40.8,20.1,494.8,36.1,351884,11800,12,12,cubic
0.077,20145,13,14400,55.2,42.6,20.1,494.8,30.6,365190,11802,12,12,cubic
0.085,20247,14,15840,53.8,44.5,20.1,494.8,25.7,376163,11804,12,12,cubic
0.088,20348,14,15840,52.9,46.2,20.1,494.8,21.1,384861,11805,12,12,cubic
0.096,20449,14,17280,52.3,48.1,20.1,494.8,17.0,391158,11807,12,12,cubic
0.103,20549,14,18720,51.8,48.1,20.1,494.8,13.8,397020,11809,12,12,cubic
0.110,20649,14,20160,51.6,50.8,20.1,494.8,10.6,399856,11811,12,12,cubic
0.114,20748,14,20160,51.8,52.9,20.1,494.8,8.3,400509,11812,12,12,cubic
0.121,20847,14,20160,52.3,55.5,20.1,494.8,7.1,398863,11813,12,12,cubic
0.128,20945,14,20160,53.0,57.9,20.1,494.8,6.8,395434,11814,12,12,cubic
0.135,21043,14,20160,54.0,60.9,20.1,494.8,7.0,389981,11815,12,12,cubic
0.142,21141,14,20160,55.2,63.6,20.1,494.8,7.7,383204,11816,12,12,cubic
0.169,16275,11,15840,62.0,75.8,20.1,494.8,12.1,262546,11817,12,12,cubic
0.176,16304,11,15840,64.1,78.6,20.1,494.8,13.2,254503,11818,12,12,cubic
0.183,16332,11,15840,66.3,82.2,20.1,494.8,14.4,246245,11819,12,12,cubic
0.190,16361,11,15840,68.7,85.0,20.1,494.8,15.5,238310,11820,12,12,cubic
0.197,16389,11,15840,71.1,88.2,20.1,494.8,16.5,230525,11821,12,12,cubic
0.204,16418,11,15840,73.7,91.9,20.1,494.8,17.6,222780,11822,12,12,cubic
0.210,16445,11,15840,76.4,95.0,20.1,494.8,18.5,215355,11823,12,12,cubic
0.217,16473,11,15840,79.1,98.1,20.1,494.8,19.3,208305,11824,12,12,cubic
0.224,16501,11,15840,81.5,98.2,20.1,494.8,19.3,202540,11825,12,12,cubic
0.231,16528,11,15840,83.6,98.1,20.1,494.8,18.6,197812,11826,12,12,cubic
0.238,16555,11,15840,85.4,98.1,20.1,494.8,17.6,193906,11827,12,12,cubic
0.245,16581,11,15840,87.0,98.2,20.1,494.8,16.4,190645,11828,12,12,cubic
0.269,12757,8,10135,82.2,72.3,20.1,494.8,11.9,155170,11830,12,12,cubic
0.281,12800,8,11575,81.0,72.2,20.1,494.8,11.4,158093,11832,12,12,cubic
0.290,12831,8,11575,80.1,74.1,20.1,494.8,10.3,160179,11833,12,12,cubic
0.297,12855,8,11575,79.3,73.9,20.1,494.8,9.2,162040,11834,12,12,cubic
0.304,12879,8,11575,78.7,74.1,20.1,494.8,8.3,163705,11835,12,12,cubic
0.312,12902,8,11575,78.1,74.0,20.1,494.8,7.4,165221,11836,12,12,cubic
0.320,12926,8,11575,77.6,74.0,20.1,494.8,6.5,166625,11837,12,12,cubic
0.329,12949,8,11575,77.1,74.0,20.1,494.8,5.8,167887,11838,12,12,cubic
0.337,12972,9,10080,74.6,56.8,20.1,494.8,9.4,173913,11839,12,12,cubic
0.345,13012,9,10080,72.4,56.9,20.1,494.8,11.5,179778,11840,12,12,cubic
0.353,9974,6,7200,67.1,46.5,20.1,494.8,15.9,186101,11841,12,12,cubic
0.360,9995,6,8640,64.1,43.5,20.1,494.8,17.8,186101,11843,12,12,cubic
0.365,10012,6,7200,60.4,34.4,20.1,494.8,20.8,186101,11844,12,12,cubic
0.472,10318,7,2880,78.1,106.8,20.1,494.8,34.4,186101,11846,12,12,cubic
0.497,10989,7,0,71.0,21.6,20.1,494.8,39.9,186101,11852,12,12,cubic
0.005,12054,8,0,88.4,57.2,20.1,494.8,64.2,136285,11861,13,13,cubic
0.006,12054,8,0,80.7,26.8,20.1,494.8,63.6,149294,11863,13,13,cubic
0.037,12394,8,4320,74.0,26.7,20.1,494.8,61.2,167522,11868,13,13,cubic
0.045,12560,8,4320,67.8,24.6,20.1,494.8,58.2,185237,11869,13,13,cubic
0.052,12723,8,4320,62.1,21.9,20.1,494.8,55.2,204981,11870,13,13,cubic
0.058,12884,8,4320,56.9,20.5,20.1,494.8,51.8,226563,11871,13,13,cubic
0.064,13043,9,4320,52.3,20.7,20.1,494.8,47.9,249154,11872,13,13,cubic
0.075,13201,9,5760,48.5,21.6,20.1,494.8,43.6,272179,11874,13,13,cubic
0.080,13356,9,5760,45.1,21.6,20.1,494.8,39.4,295892,11875,13,13,cubic
0.089,13663,9,5760,42.2,21.3,20.1,494.8,35.5,324090,11877,13,13,cubic
0.097,13813,9,7200,39.7,22.7,20.1,494.8,31.5,347706,11879,13,13,cubic
0.105,14110,9,7200,37.6,22.8,20.1,494.8,27.9,375166,11881,13,13,cubic
0.113,14255,9,8640,35.8,22.9,20.1,494.8,24.6,398551,11883,13,13,cubic
0.124,14399,9,11520,34.7,26.9,20.1,494.8,20.7,415507,11886,13,13,cubic
0.130,14542,10,12960,34.0,29.6,20.1,494.8,16.8,427429,11888,13,13,cubic
0.137,14683,10,14400,33.8,32.6,20.1,494.8,12.9,433920,11890,13,13,cubic
0.142,14822,10,14400,34.0,35.3,20.1,494.8,10.1,435697,11891,13,13,cubic
0.149,14961,10,14400,34.5,38.3,20.1,494.8,8.6,433037,11892,13,13,cubic
0.154,15235,10,12960,35.4,41.1,20.1,494.8,8.1,430720,11893,13,13,cubic
0.164,15369,10,14400,36.2,42.2,20.1,494.8,7.8,424288,11895,13,13,cubic
0.171,15503,10,14400,37.4,45.9,20.1,494.8,8.3,414131,11896,13,13,cubic
0.178,15635,10,14400,38.9,49.3,20.1,494.8,9.2,401690,11897,13,13,cubic
0.185,15766,10,14400,40.7,52.8,20.1,494.8,10.4,387761,11898,13,13,cubic
0.192,15896,11,14400,42.6,56.4,20.1,494.8,11.7,372970,11899,13,13,cubic
0.199,16025,11,15840,44.8,59.8,20.1,494.8,13.1,357924,11901,13,13,cubic
0.206,16153,11,15840,47.1,63.2,20.1,494.8,14.4,343089,11902,13,13,cubic
0.214,16280,11,15840,49.4,65.3,20.1,494.8,15.4,329808,11903,13,13,cubic
0.219,16406,11,15840,51.4,65.3,20.1,494.8,15.5,319481,11904,13,13,cubic
0.240,14410,10,12960,55.5,70.6,20.1,494.8,16.0,259747,11905,13,13,cubic
0.247,14437,10,14400,57.4,70.6,20.1,494.8,15.8,251660,11907,13,13,cubic
0.254,14463,10,14400,59.0,70.6,20.1,494.8,15.1,245060,11908,13,13,cubic
0.261,14490,10,14400,60.5,70.5,20.1,494.8,14.2,239674,11909,13,13,cubic
0.267,14516,10,12960,61.7,70.5,20.1,494.8,13.2,235240,11910,13,13,cubic
0.281,14569,10,14400,63.7,77.5,20.1,494.8,13.8,228791,11912,13,13,cubic
0.288,14594,10,14400,65.4,77.5,20.1,494.8,13.8,223136,11913,13,13,cubic
0.295,14620,10,14400,66.8,76.2,20.1,494.8,13.1,219003,11914,13,13,cubic
0.302,14645,10,14400,68.1,77.5,20.1,494.8,12.5,215035,11915,13,13,cubic
0.309,14670,10,12960,67.5,63.7,20.1,494.8,10.5,217178,11916,13,13,cubic
0.323,14719,10,14400,67.9,70.6,20.1,494.8,8.6,216691,11918,13,13,cubic
0.343,11315,7,10135,68.6,70.7,20.1,494.8,4.7,216691,11920,13,13,cubic
0.357,11361,7,10135,68.9,70.6,20.1,494.8,4.0,216691,11921,13,13,cubic
0.364,11384,7,8695,68.6,67.1,20.1,494.8,3.5,216691,11922,13,13,cubic
0.414,8834,6,2880,71.3,56.8,20.1,494.8,11.0,158176,11924,13,13,cubic
0.439,8913,6,0,65.2,22.6,20.1,494.8,20.4,158176,11929,13,13,cubic
0.690,11113,7,1440,87.7,245.4,20.1,494.8,60.4,158176,11937,14,14,cubic
0.006,11113,7,0,74.4,30.9,20.1,494.8,57.0,158176,11940,14,14,cubic
0.005,11113,7,0,68.7,28.6,20.1,494.8,54.2,158176,11942,14,14,cubic
0.031,12589,8,0,63.3,25.8,20.1,494.8,51.4,198856,11950,14,14,cubic
0.080,12915,8,8640,60.8,43.1,20.1,494.8,43.6,212491,11958,14,14,cubic
0.093,13073,9,10080,59.5,50.6,20.1,494.8,35.2,219695,11960,14,14,cubic
0.100,13230,9,10080,58.4,50.4,20.1,494.8,28.7,226676,11961,14,14,cubic
0.112,13385,9,11520,57.3,50.2,20.1,494.8,23.6,233432,11963,14,14,cubic
0.118,13538,9,11520,56.4,49.8,20.1,494.8,19.6,240039,11964,14,14,cubic
0.124,13690,9,11520,55.5,49.5,20.1,494.8,16.4,246524,11965,14,14,cubic
0.130,13840,9,11520,54.7,49.1,20.1,494.8,13.9,252900,11966,14,14,cubic
0.135,13988,9,11520,54.0,48.8,20.1,494.8,11.9,259104,11967,14,14,cubic
0.146,14134,9,12960,53.4,49.3,20.1,494.8,10.1,264656,11969,14,14,cubic
0.152,14280,9,12960,52.9,49.6,20.1,494.8,8.5,269790,11970,14,14,cubic
0.157,14423,10,12960,52.5,49.9,20.1,494.8,7.2,274467,11971,14,14,cubic
0.162,14565,10,12960,52.3,50.7,20.1,494.8,5.8,278414,11972,14,14,cubic
0.173,14706,10,14400,52.2,51.4,20.1,494.8,4.6,281718,11974,14,14,cubic
0.178,14845,10,14400,52.2,52.3,20.1,494.8,3.5,284316,11975,14,14,cubic
0.189,13015,9,13015,52.6,54.5,20.1,494.8,2.7,247339,11977,14,14,cubic
0.196,13040,9,13015,53.0,55.6,20.1,494.8,2.8,246047,11978,14,14,cubic
0.203,13065,9,13015,53.5,57.1,20.1,494.8,3.1,244141,11979,14,14,cubic
0.210,13091,9,13015,54.1,58.6,20.1,494.8,3.6,241776,11980,14,14,cubic
0.217,13115,9,13015,54.8,59.6,20.1,494.8,4.1,239215,11981,14,14,cubic
0.224,13140,9,13015,55.7,61.6,20.1,494.8,4.8,236008,11982,14,14,cubic
0.231,13165,9,13015,56.7,63.5,20.1,494.8,5.5,232367,11983,14,14,cubic
0.237,13189,9,11575,57.7,64.8,20.1,494.8,6.2,228709,11984,14,14,cubic
0.248,13224,9,13015,58.6,64.9,20.1,494.8,6.4,225761,11986,14,14,cubic
0.255,13248,9,12960,58.8,60.3,20.1,494.8,5.3,225348,11987,14,14,cubic
0.262,13272,9,12960,59.0,60.3,20.1,494.8,4.3,225029,11988,14,14,cubic
0.268,13295,9,12960,59.2,60.4,20.1,494.8,3.6,224748,11989,14,14,cubic
0.275,13318,9,12960,59.3,60.3,20.1,494.8,3.0,224571,11990,14,14,cubic
0.282,13341,9,12960,59.4,60.4,20.1,494.8,2.5,224456,11991,14,14,cubic
0.301,10251,7,8695,59.5,58.6,20.1,494.8,1.6,224456,11993,14,14,cubic
0.317,10300,7,10135,60.1,63.9,20.1,494.8,2.3,224456,11995,14,14,cubic
0.324,10321,7,10135,60.5,63.8,20.1,494.8,2.7,224456,11996,14,14,cubic
0.329,10336,7,10135,60.7,62.0,20.1,494.8,2.4,224456,11997,14,14,cubic
0.334,10352,7,10135,60.6,60.2,20.1,494.8,1.9,224456,11998,14,14,cubic
0.339,10367,7,10135,60.4,58.5,20.1,494.8,2.0,224456,11999,14,14,cubic
0.344,10382,7,10135,59.9,56.7,20.1,494.8,2.4,224456,12000,14,14,cubic
0.349,10398,7,8640,57.8,43.1,20.1,494.8,6.0,224456,12001,14,14,cubic
0.360,10428,7,10080,55.3,37.8,20.1,494.8,9.5,224456,12003,14,14,cubic
0.367,10448,7,10080,53.1,37.9,20.1,494.8,11.5,224456,12004,14,14,cubic
0.373,10560,7,8640,51.0,36.2,20.1,494.8,12.8,224456,12005,14,14,cubic
0.380,10949,7,8640,49.2,36.2,20.1,494.8,13.3,224456,12007,14,14,cubic
0.406,8423,5,7200,46.8,41.4,20.1,494.8,11.5,224456,12009,14,14,cubic
0.413,8442,5,7200,46.1,41.3,20.1,494.8,10.0,224456,12010,14,14,cubic
0.607,6803,4,1440,101.5,196.0,20.1,494.8,85.5,224456,12011,14,14,cubic
0.634,6996,4,0,91.7,23.0,20.1,494.8,83.8,224456,12015,14,14,cubic
0.006,6996,4,0,83.0,22.5,20.1,494.8,80.1,224456,12018,14,14,cubic
0.005,6996,4,0,76.1,27.2,20.1,494.8,74.1,224456,12020,14,14,cubic
0.032,8462,5,0,69.9,27.1,20.1,494.8,67.8,224456,12025,14,14,cubic
0.060,9916,6,0,64.0,22.4,20.1,494.8,62.7,224456,12031,14,14,cubic
0.101,11363,7,0,60.5,36.2,20.1,494.8,54.0,224456,12038,14,14,cubic
0.149,12807,8,0,58.4,43.1,20.1,494.8,44.8,219485,12046,14,14,cubic
0.187,13127,9,7200,55.1,32.6,20.1,494.8,40.1,238092,12053,14,14,cubic
0.213,11509,7,10080,53.1,46.8,20.1,494.8,26.0,238092,12057,14,14,cubic
0.218,11527,8,10080,52.1,44.9,20.1,494.8,21.6,221251,12058,14,14,cubic
0.225,11550,8,10080,50.7,40.8,20.1,494.8,19.0,227869,12060,14,14,cubic
0.239,11596,8,11520,50.2,46.6,20.1,494.8,15.3,231124,12062,14,14,cubic
0.245,11619,8,11520,49.8,47.3,20.1,494.8,12.2,233261,12063,14,14,cubic
0.251,11636,8,11520,49.4,46.3,20.1,494.8,10.0,235656,12064,14,14,cubic
0.256,11653,8,10080,48.4,41.3,20.1,494.8,9.5,240933,12065,14,14,cubic
0.267,11675,8,10080,47.3,39.6,20.1,494.8,9.3,247006,12067,14,14,cubic
0.273,11707,8,10080,46.7,43.0,20.1,494.8,8.1,250502,12068,14,14,cubic
0.278,11724,8,8640,45.8,39.5,20.1,494.8,7.9,255842,12069,14,14,cubic
0.295,11761,8,11520,45.1,39.7,20.1,494.8,7.4,261030,12072,14,14,cubic
0.301,11782,8,11520,44.6,41.3,20.1,494.8,6.5,264253,12073,14,14,cubic
0.306,11803,8,11520,44.4,42.9,20.1,494.8,5.3,265947,12074,14,14,cubic
0.318,9055,6,8640,44.0,41.3,20.1,494.8,3.8,265947,12075,14,14,cubic
0.326,9080,6,8640,43.9,42.8,20.1,494.8,3.1,265947,12076,14,14,cubic
0.331,9095,6,8640,43.6,41.9,20.1,494.8,2.9,265947,12077,14,14,cubic
0.338,9114,6,8640,43.6,43.6,20.1,494.8,2.1,265947,12078,14,14,cubic
0.345,9134,6,8640,43.7,44.7,20.1,494.8,1.9,265947,12079,14,14,cubic
0.352,9153,6,8640,44.1,46.4,20.1,494.8,2.1,265947,12080,14,14,cubic
0.359,9172,6,8640,44.5,47.7,20.1,494.8,2.5,265947,12081,14,14,cubic
0.366,9191,6,8640,44.3,42.9,20.1,494.8,2.2,265947,12082,14,14,cubic
0.373,9209,6,8640,43.9,41.3,20.1,494.8,2.5,265947,12083,14,14,cubic
0.380,9230,6,8640,43.8,43.0,20.1,494.8,2.1,265947,12084,14,14,cubic
0.386,9452,6,8640,43.7,43.1,20.1,494.8,1.7,265947,12085,14,14,cubic
0.393,9669,6,8640,43.6,43.0,20.1,494.8,1.5,265947,12086,14,14,cubic
0.400,9881,6,8640,43.6,43.1,20.1,494.8,1.2,265947,12087,14,14,cubic
0.407,10088,7,8640,43.5,43.1,20.1,494.8,1.1,265947,12088,14,14,cubic
0.555,7720,5,2880,109.8,149.1,20.1,494.8,60.6,265947,12090,14,14,cubic
0.580,7787,5,5760,117.0,168.0,20.1,494.8,60.0,265947,12094,14,14,cubic
0.587,8766,6,2880,105.8,27.4,20.1,494.8,67.4,265947,12096,14,14,cubic
0.005,8766,6,0,86.7,26.0,20.1,494.8,70.9,265947,12099,14,14,cubic
0.007,8766,6,0,79.3,27.5,20.1,494.8,68.0,265947,12101,14,14,cubic
0.034,10403,7,0,73.0,28.9,20.1,494.8,63.6,265947,12108,14,14,cubic
0.075,11980,8,0,68.4,36.2,20.1,494.8,56.9,175148,12116,14,14,cubic
0.132,12322,8,8640,66.1,50.0,20.1,494.8,47.3,186434,12124,14,14,cubic
0.147,12489,8,10080,64.8,56.2,20.1,494.8,38.0,192582,12126,14,14,cubic
0.154,12653,8,10080,63.6,54.7,20.1,494.8,31.0,199005,12127,14,14,cubic
0.161,12815,8,10080,62.3,53.4,20.1,494.8,25.8,205661,12128,14,14,cubic
0.168,12975,9,10080,61.0,52.1,20.1,494.8,21.9,212569,12129,14,14,cubic
0.175,13133,9,10080,59.8,50.8,20.1,494.8,19.0,219769,12130,14,14,cubic
0.178,11490,7,10080,58.5,49.4,20.1,494.8,16.8,219769,12131,14,14,cubic
0.185,11514,7,10080,57.2,48.6,20.1,494.8,15.1,219769,12132,14,14,cubic
0.192,11538,8,10080,56.0,47.4,20.1,494.8,13.8,206032,12133,14,14,cubic
0.199,11561,8,11520,54.9,46.8,20.1,494.8,12.6,210767,12135,14,14,cubic
0.206,11578,8,11520,53.6,45.0,20.1,494.8,11.9,215902,12136,14,14,cubic
0.212,11601,8,11520,52.5,44.9,20.1,494.8,11.1,220803,12137,14,14,cubic
0.219,11624,8,11520,51.6,45.0,20.1,494.8,10.2,225258,12138,14,14,cubic
0.225,11646,8,11520,50.8,45.0,20.1,494.8,9.3,229342,12139,14,14,cubic
0.232,11669,8,11520,50.5,48.2,20.1,494.8,7.6,231266,12140,14,14,cubic
0.239,11691,8,11520,50.2,48.1,20.1,494.8,6.3,233046,12141,14,14,cubic
0.244,11707,8,10080,49.7,46.4,20.1,494.8,5.7,235572,12142,14,14,cubic
0.256,11745,8,11520,49.9,51.6,20.1,494.8,4.7,235191,12144,14,14,cubic
0.263,11766,8,11520,50.2,51.9,20.1,494.8,4.0,234457,12145,14,14,cubic
0.270,11787,8,11520,50.4,52.3,20.1,494.8,3.5,233669,12146,14,14,cubic
0.277,11808,8,11520,50.7,52.3,20.1,494.8,3.1,233018,12147,14,14,cubic
0.297,9079,6,8695,51.6,53.4,20.1,494.8,2.7,233018,12149,14,14,cubic
0.304,9098,6,8695,52.0,55.2,20.1,494.8,2.9,233018,12150,14,14,cubic
0.311,9118,6,8695,52.5,56.0,20.1,494.8,3.2,233018,12151,14,14,cubic
0.318,9138,6,8695,53.0,56.8,20.1,494.8,3.4,233018,12152,14,14,cubic
0.325,9157,6,8695,53.5,56.8,20.1,494.8,3.5,233018,12153,14,14,cubic
0.332,9176,6,8695,53.9,56.8,20.1,494.8,3.5,233018,12154,14,14,cubic
0.339,9195,6,8695,54.3,56.8,20.1,494.8,3.3,233018,12155,14,14,cubic
0.345,9213,6,8640,52.9,43.1,20.1,494.8,5.3,233018,12156,14,14,cubic
0.352,9232,6,8640,51.7,43.2,20.1,494.8,6.4,233018,12157,14,14,cubic
0.359,9250,6,8640,50.6,43.2,20.1,494.8,6.9,233018,12158,14,14,cubic
0.366,9670,6,7200,49.0,38.0,20.1,494.8,8.3,233018,12159,14,14,cubic
0.375,9882,6,8640,47.7,38.0,20.1,494.8,9.0,233018,12161,14,14,cubic
0.382,10090,7,8640,46.5,38.0,20.1,494.8,9.2,233018,12162,14,14,cubic
0.402,7758,5,7255,43.6,37.8,20.1,494.8,8.1,233018,12165,14,14,cubic
0.409,7776,5,5815,42.9,37.9,20.1,494.8,7.5,233018,12166,14,14,cubic
0.423,7811,5,7255,42.9,43.0,20.1,494.8,5.7,233018,12168,14,14,cubic
0.430,7828,5,5815,42.9,43.0,20.1,494.8,4.3,233018,12169,14,14,cubic
0.451,6001,4,4320,41.4,36.4,20.1,494.8,5.1,233018,12171,14,14,cubic
0.499,6467,4,2880,47.3,63.6,20.1,494.8,13.0,233018,12173,14,14,cubic
0.525,7101,4,4320,50.1,69.2,20.1,494.8,15.2,233018,12176,14,14,cubic
0.532,7967,5,2880,47.3,28.0,20.1,494.8,16.9,233018,12178,14,14,cubic
0.006,7967,5,0,42.3,29.2,20.1,494.8,18.0,233018,12179,14,14,cubic
0.005,7967,5,0,40.6,28.6,20.1,494.8,16.9,233018,12181,14,14,cubic
0.031,9512,6,0,38.8,26.1,20.1,494.8,16.3,233018,12187,14,14,cubic
0.065,11021,7,0,37.6,29.1,20.1,494.8,14.7,233018,12194,14,14,cubic
0.114,12509,8,0,38.3,43.3,20.1,494.8,12.4,326819,12202,14,14,cubic
0.169,10944,7,10080,39.7,49.8,20.1,494.8,12.2,326819,12211,14,14,cubic
0.182,10990,7,10080,42.2,59.4,20.1,494.8,14.1,326819,12212,14,14,cubic
0.189,11013,7,10080,44.7,62.2,20.1,494.8,15.6,326819,12213,14,14,cubic
0.194,11029,7,10080,47.0,63.2,20.1,494.8,16.3,326819,12214,14,14,cubic
0.199,11046,7,8640,49.0,62.9,20.1,494.8,16.2,326819,12215,14,14,cubic
0.205,11062,7,10080,50.4,60.2,20.1,494.8,14.9,326819,12217,14,14,cubic
0.213,11090,7,10080,52.1,64.4,20.1,494.8,14.7,326819,12218,14,14,cubic
0.220,11111,7,10080,51.4,46.4,20.1,494.8,12.5,326819,12219,14,14,cubic
0.227,11133,7,10080,49.9,39.5,20.1,494.8,12.3,326819,12220,14,14,cubic
0.234,11154,7,10080,48.6,39.6,20.1,494.8,11.8,326819,12221,14,14,cubic
0.241,11175,7,10080,47.7,41.3,20.1,494.8,10.7,326819,12222,14,14,cubic
0.248,11195,7,8640,47.1,43.0,20.1,494.8,9.2,326819,12223,14,14,cubic
0.261,11237,7,10080,47.7,51.8,20.1,494.8,8.1,326819,12225,14,14,cubic
0.268,11257,7,10080,48.0,50.0,20.1,494.8,6.6,326819,12226,14,14,cubic
0.289,8655,6,7200,48.6,49.9,20.1,494.8,3.8,326819,12227,14,14,cubic
0.294,8670,6,5760,48.2,44.8,20.1,494.8,3.8,326819,12229,14,14,cubic
0.310,8712,6,8640,47.5,42.9,20.1,494.8,4.1,326819,12232,14,14,cubic
0.315,8726,6,8640,46.7,41.1,20.1,494.8,4.7,326819,12233,14,14,cubic
0.330,6700,4,2935,42.4,30.9,20.1,494.8,9.9,326819,12235,14,14,cubic
0.351,6780,4,5815,41.7,36.2,20.1,494.8,9.0,326819,12238,14,14,cubic
0.358,7082,4,5815,41.2,37.9,20.1,494.8,7.7,326819,12239,14,14,cubic
0.363,7959,5,2880,39.5,27.7,20.1,494.8,9.1,326819,12240,14,14,cubic
0.378,8216,5,7200,37.3,22.3,20.1,494.8,11.1,326819,12244,14,14,cubic
0.385,8466,5,7200,35.5,22.5,20.1,494.8,12.1,326819,12245,14,14,cubic
0.392,9435,6,2880,34.1,24.2,20.1,494.8,11.9,326819,12246,14,14,cubic
0.418,9652,6,8640,34.1,34.5,20.1,494.8,9.0,326819,12251,14,14,cubic
0.423,9864,6,8640,34.0,32.7,20.1,494.8,7.1,326819,12252,14,14,cubic
0.430,10904,7,2880,33.8,32.7,20.1,494.8,5.7,326819,12253,14,14,cubic
0.461,11092,7,10080,34.3,37.8,20.1,494.8,5.2,326819,12259,14,14,cubic
0.468,11277,7,10080,34.9,39.5,20.1,494.8,5.2,326819,12260,14,14,cubic
0.475,12368,8,2880,35.5,39.7,20.1,494.8,5.1,347972,12261,14,14,cubic
0.005,3072,2,0,38.6,44.7,20.1,494.8,6.7,328081,12263,15,15,cubic
0.005,30779,21,0,37.2,27.9,20.1,494.8,7.7,826459,12265,15,15,cubic
0.032,37899,26,24480,36.0,27.2,20.1,494.8,8.3,1053276,12287,15,15,cubic
0.142,20312,14,20215,81.6,115.2,20.1,494.8,35.2,248802,12298,15,15,cubic
0.149,20413,14,20215,86.4,120.0,20.1,494.8,36.0,236185,12299,15,15,cubic
0.156,20514,14,20215,91.3,125.5,20.1,494.8,36.8,224673,12300,15,15,cubic
0.177,18013,12,15950,105.9,139.4,20.1,494.8,38.0,170076,12302,15,15,cubic
0.191,18076,12,17390,111.7,152.0,20.1,494.8,40.0,161868,12304,15,15,cubic
0.198,18107,12,15950,117.9,161.6,20.1,494.8,42.5,153567,12305,15,15,cubic
0.208,18152,12,17390,123.8,165.3,20.1,494.8,43.7,146579,12307,15,15,cubic
0.215,18175,12,17390,129.5,169.1,20.1,494.8,44.1,140352,12308,15,15,cubic
0.388,14442,10,1440,201.0,174.9,20.1,494.8,36.1,71840,12309,15,15,cubic
0.415,14547,10,1440,178.8,23.1,20.1,494.8,71.5,81362,12312,15,15,cubic
0.431,14594,10,1440,159.4,23.3,20.1,494.8,92.5,91582,12313,15,15,cubic
0.445,14653,10,1440,142.1,21.4,20.1,494.8,103.9,103115,12314,15,15,cubic
0.006,14653,10,0,113.9,21.1,20.1,494.8,107.4,128650,12315,15,15,cubic
0.006,14653,10,0,103.2,28.0,20.1,494.8,102.0,142035,12317,15,15,cubic
0.034,14649,10,4320,93.6,26.5,20.1,494.8,95.7,156533,12322,15,15,cubic
0.043,14675,10,2880,84.8,23.2,20.1,494.8,89.3,173084,12323,15,15,cubic
0.058,14726,10,4320,76.9,21.6,20.1,494.8,82.8,191520,12325,15,15,cubic
0.065,14757,10,4320,70.0,21.6,20.1,494.8,75.9,210874,12326,15,15,cubic
0.072,14788,10,4320,63.9,21.7,20.1,494.8,69.0,231254,12327,15,15,cubic
0.077,14813,10,4320,58.5,20.5,20.1,494.8,62.6,253166,12328,15,15,cubic
0.088,14843,10,5760,53.9,21.6,20.1,494.8,56.2,275416,12330,15,15,cubic
0.093,14867,10,5760,49.9,21.6,20.1,494.8,50.2,298204,12331,15,15,cubic
0.097,14885,10,5760,46.2,20.4,20.1,494.8,45.0,322416,12332,15,15,cubic
0.106,14908,10,7200,43.1,21.3,20.1,494.8,40.0,346254,12334,15,15,cubic
0.114,14932,10,8640,40.5,22.9,20.1,494.8,35.0,368318,12336,15,15,cubic
0.118,14955,10,8640,38.5,24.4,20.1,494.8,30.3,388219,12337,15,15,cubic
0.125,14978,10,10080,37.0,26.5,20.1,494.8,25.7,404657,12339,15,15,cubic
0.132,15000,10,11520,36.0,29.0,20.1,494.8,21.3,416516,12341,15,15,cubic
0.139,15023,10,12960,35.4,31.4,20.1,494.8,17.1,423923,12343,15,15,cubic
0.146,15045,10,14400,35.3,34.1,20.1,494.8,13.2,426578,12345,15,15,cubic
0.152,15067,10,14400,35.5,36.8,20.1,494.8,10.3,424889,12346,15,15,cubic
0.159,15089,10,14400,36.0,39.9,20.1,494.8,8.8,418929,12347,15,15,cubic
0.166,15111,10,14400,36.9,43.1,20.1,494.8,8.4,409512,12348,15,15,cubic
0.173,15132,10,14400,38.0,45.8,20.1,494.8,8.5,398053,12349,15,15,cubic
0.180,15166,10,14400,39.5,49.6,20.1,494.8,9.3,384358,12350,15,15,cubic
0.186,15301,10,14400,41.1,52.3,20.1,494.8,10.2,372640,12351,15,15,cubic
0.193,15435,10,14400,42.9,55.8,20.1,494.8,11.3,359731,12352,15,15,cubic
0.200,15568,10,14400,45.0,59.6,20.1,494.8,12.7,346001,12353,15,15,cubic
0.207,15699,10,14400,47.2,62.7,20.1,494.8,13.9,332556,12354,15,15,cubic
0.214,15830,10,14400,49.6,66.5,20.1,494.8,15.3,319024,12355,15,15,cubic
0.221,15960,11,14400,52.2,70.2,20.1,494.8,16.6,305799,12356,15,15,cubic
0.247,12286,8,11520,59.6,68.8,20.1,494.8,14.7,206223,12358,15,15,cubic
0.252,12304,8,11520,60.5,67.1,20.1,494.8,12.9,203304,12359,15,15,cubic
0.257,12322,8,11520,61.1,65.4,20.1,494.8,10.9,201583,12360,15,15,cubic
0.331,12566,8,1440,85.5,74.1,20.1,494.8,22.0,146936,12361,15,15,cubic
0.358,12646,8,2880,77.7,22.6,20.1,494.8,32.2,162848,12365,15,15,cubic
0.366,12672,8,2880,70.6,21.2,20.1,494.8,38.3,179479,12366,15,15,cubic
0.007,12672,8,0,54.1,21.6,20.1,494.8,40.8,234046,12367,15,15,cubic
0.006,12672,8,0,51.0,29.1,20.1,494.8,36.9,248431,12369,15,15,cubic
0.033,12404,8,5760,47.7,24.5,20.1,494.8,34.3,260085,12376,15,15,cubic
0.039,12462,8,5760,44.6,22.8,20.1,494.8,31.9,279529,12377,15,15,cubic
0.049,12626,8,7200,42.0,24.3,20.1,494.8,29.0,300290,12379,15,15,cubic
0.053,12788,8,7200,39.7,23.3,20.1,494.8,26.5,322140,12380,15,15,cubic
0.062,12949,8,8640,38.0,26.5,20.1,494.8,23.2,340377,12382,15,15,cubic
0.070,13107,9,10080,36.8,27.8,20.1,494.8,19.9,356565,12384,15,15,cubic
0.074,13264,9,10080,35.8,29.3,20.1,494.8,16.8,370182,12385,15,15,cubic
0.081,13418,9,11520,35.2,31.1,20.1,494.8,13.8,380792,12387,15,15,cubic
0.089,13571,9,12960,35.0,33.1,20.1,494.8,10.9,388086,12389,15,15,cubic
0.094,13722,9,12960,35.1,35.8,20.1,494.8,8.4,391218,12390,15,15,cubic
0.099,13872,9,12960,35.2,36.4,20.1,494.8,6.6,393576,12391,15,15,cubic
0.104,14019,9,12960,35.5,37.4,20.1,494.8,5.5,394779,12392,15,15,cubic
0.113,14166,9,12960,36.3,41.8,20.1,494.8,5.7,390226,12393,15,15,cubic
0.120,14310,9,12960,37.3,44.1,20.1,494.8,6.2,383882,12394,15,15,cubic
0.127,14454,10,12960,38.5,47.1,20.1,494.8,7.1,375360,12395,15,15,cubic
0.133,14596,10,14400,40.0,50.6,20.1,494.8,8.4,364708,12397,15,15,cubic
0.140,14736,10,14400,41.7,53.8,20.1,494.8,9.7,353042,12398,15,15,cubic
0.147,14875,10,14400,43.6,56.4,20.1,494.8,11.0,341365,12399,15,15,cubic
0.154,15013,10,14400,45.6,59.9,20.1,494.8,12.3,329088,12400,15,15,cubic
0.175,11541,8,10080,51.2,62.0,20.1,494.8,13.6,225383,12401,15,15,cubic
0.185,11576,8,11520,52.3,60.3,20.1,494.8,12.4,221173,12403,15,15,cubic
0.194,11604,8,10080,53.5,62.0,20.1,494.8,11.8,216694,12404,15,15,cubic
0.207,11650,8,11520,55.5,68.8,20.1,494.8,12.6,210057,12406,15,15,cubic
0.214,11672,8,11520,57.1,68.8,20.1,494.8,12.8,204302,12407,15,15,cubic
0.221,11694,8,11520,58.6,68.9,20.1,494.8,12.6,199552,12408,15,15,cubic
0.228,11716,8,11520,59.9,69.0,20.1,494.8,12.0,195612,12409,15,15,cubic
0.235,11737,8,10080,59.3,55.0,20.1,494.8,10.2,197992,12410,15,15,cubic
0.245,11769,8,11520,58.8,55.0,20.1,494.8,8.7,200323,12412,15,15,cubic
0.252,11785,8,10080,58.1,53.9,20.1,494.8,7.8,202686,12413,15,15,cubic
0.259,11806,8,8640,56.0,41.1,20.1,494.8,10.1,210757,12414,15,15,cubic
0.264,9037,6,8640,53.7,37.7,20.1,494.8,12.1,210757,12415,15,15,cubic
0.271,9057,6,8640,51.7,37.7,20.1,494.8,13.1,210757,12416,15,15,cubic
0.278,9079,6,8640,50.1,38.4,20.1,494.8,13.2,210757,12417,15,15,cubic
0.285,9097,6,8640,49.0,41.5,20.1,494.8,12.0,210757,12418,15,15,cubic
0.292,9117,6,8640,48.0,41.3,20.1,494.8,10.9,210757,12419,15,15,cubic
0.299,9136,6,8640,47.1,40.9,20.1,494.8,10.0,210757,12420,15,15,cubic
0.305,9155,6,8640,46.4,41.0,20.1,494.8,9.0,210757,12421,15,15,cubic
0.310,9169,6,8640,45.7,41.3,20.1,494.8,8.0,210757,12422,15,15,cubic
0.324,7036,4,5760,43.0,34.5,20.1,494.8,9.2,210757,12423,15,15,cubic
0.331,7053,4,5760,42.0,34.5,20.1,494.8,9.0,210757,12424,15,15,cubic
0.338,7070,4,5760,41.0,34.4,20.1,494.8,8.7,210757,12425,15,15,cubic
0.345,7087,4,5760,40.2,34.4,20.1,494.8,8.1,210757,12426,15,15,cubic
0.352,7147,4,5760,39.7,36.3,20.1,494.8,7.1,210757,12427,15,15,cubic
0.359,7434,5,5760,38.4,29.3,20.1,494.8,7.9,210757,12428,15,15,cubic
0.364,7710,5,7200,37.0,27.5,20.1,494.8,8.6,210757,12430,15,15,cubic
0.376,5910,4,5760,34.4,25.9,20.1,494.8,9.4,210757,12431,15,15,cubic
0.383,5925,4,5760,33.3,25.8,20.1,494.8,9.2,210757,12432,15,15,cubic
0.390,6053,4,4320,32.4,25.8,20.1,494.8,8.8,210757,12433,15,15,cubic
0.402,6392,4,5760,32.4,32.7,20.1,494.8,6.7,210757,12435,15,15,cubic
0.409,6713,4,5760,31.8,27.5,20.1,494.8,6.2,210757,12436,15,15,cubic
0.414,7629,5,2880,30.6,22.3,20.1,494.8,7.0,210757,12437,15,15,cubic
0.005,3072,2,0,28.8,25.8,20.1,494.8,5.6,210757,12439,16,16,cubic
0.005,23658,16,0,28.6,27.1,20.1,494.8,4.7,826451,12441,16,16,cubic
0.031,29354,20,18720,28.3,25.9,20.1,494.8,4.2,1037793,12458,16,16,cubic
0.114,16022,11,15895,59.3,91.2,20.1,494.8,30.9,270335,12467,16,16,cubic
0.120,16150,11,15895,63.8,95.9,20.1,494.8,32.3,252976,12468,16,16,cubic
0.127,16277,11,15895,68.5,101.4,20.1,494.8,33.6,237502,12469,16,16,cubic
0.134,16403,11,15895,73.2,106.1,20.1,494.8,34.6,223983,12470,16,16,cubic
0.141,17028,11,10135,77.2,104.9,20.1,494.8,33.9,220584,12471,16,16,cubic
0.182,14927,10,14455,92.1,143.6,20.1,494.8,45.2,161991,12476,16,16,cubic
0.187,14948,10,12960,89.7,72.3,20.1,494.8,38.8,166701,12477,16,16,cubic
0.195,14976,10,12960,86.6,65.5,20.1,494.8,35.2,172837,12479,16,16,cubic
0.221,15081,10,11520,84.6,74.7,20.1,494.8,23.5,178258,12481,16,16,cubic
0.234,15132,10,12960,83.5,80.2,20.1,494.8,15.1,181149,12484,16,16,cubic
0.242,15158,10,12960,83.2,80.6,20.1,494.8,12.1,182272,12485,16,16,cubic
0.250,15184,10,12960,80.3,60.3,20.1,494.8,14.7,189072,12486,16,16,cubic
0.258,15210,10,11520,78.0,62.1,20.1,494.8,15.6,194907,12487,16,16,cubic
0.005,11682,8,0,64.1,27.4,20.1,494.8,24.5,182289,12489,16,16,cubic
0.006,11682,8,0,59.6,28.1,20.1,494.8,27.3,196036,12491,16,16,cubic
0.036,11868,8,5760,55.6,28.0,20.1,494.8,28.4,213280,12497,16,16,cubic
0.042,11890,8,5760,52.1,27.3,20.1,494.8,28.4,228219,12498,16,16,cubic
0.048,11912,8,5760,49.0,27.1,20.1,494.8,27.5,243250,12499,16,16,cubic
0.054,11934,8,5760,46.2,26.8,20.1,494.8,26.2,258350,12500,16,16,cubic
0.065,11956,8,7200,43.7,26.3,20.1,494.8,24.6,273555,12502,16,16,cubic
0.070,11977,8,7200,41.5,26.1,20.1,494.8,22.9,288560,12503,16,16,cubic
0.074,11998,8,7200,39.7,27.0,20.1,494.8,20.8,302292,12504,16,16,cubic
0.084,12019,8,8640,38.2,27.9,20.1,494.8,18.5,314477,12506,16,16,cubic
0.088,12040,8,8640,37.1,29.1,20.1,494.8,16.2,324668,12507,16,16,cubic
0.097,12060,8,10080,36.3,30.6,20.1,494.8,13.8,332524,12509,16,16,cubic
0.105,12081,8,11520,35.8,32.1,20.1,494.8,11.3,337920,12511,16,16,cubic
0.110,12101,8,11520,35.5,34.1,20.1,494.8,8.9,340489,12512,16,16,cubic
0.116,12121,8,11520,35.6,36.1,20.1,494.8,6.9,340324,12513,16,16,cubic
0.123,12140,8,11520,35.9,37.9,20.1,494.8,5.7,338161,12514,16,16,cubic
0.129,12159,8,11520,36.5,40.6,20.1,494.8,5.5,333251,12515,16,16,cubic
0.135,12174,8,11520,37.1,41.3,20.1,494.8,5.3,328290,12516,16,16,cubic
0.155,9360,6,8640,40.2,48.8,20.1,494.8,7.2,328290,12517,16,16,cubic
0.162,9380,6,8640,41.6,51.5,20.1,494.8,8.2,328290,12518,16,16,cubic
0.169,9400,6,8640,43.1,53.9,20.1,494.8,9.2,328290,12519,16,16,cubic
0.176,9420,6,8640,44.6,55.0,20.1,494.8,9.9,328290,12520,16,16,cubic
0.183,9440,6,8640,45.9,55.1,20.1,494.8,10.0,328290,12521,16,16,cubic
0.190,9459,6,8640,47.1,55.1,20.1,494.8,9.8,328290,12522,16,16,cubic
0.196,9478,6,8640,48.3,56.8,20.1,494.8,9.8,328290,12523,16,16,cubic
0.203,9497,6,8640,47.6,43.0,20.1,494.8,8.7,328290,12524,16,16,cubic
0.210,9516,6,8640,47.1,43.1,20.1,494.8,7.6,328290,12525,16,16,cubic
0.217,9535,6,8640,46.5,43.0,20.1,494.8,6.7,328290,12526,16,16,cubic
0.224,9775,6,7200,45.9,41.3,20.1,494.8,6.4,328290,12527,16,16,cubic
0.234,10194,7,7200,44.7,36.2,20.1,494.8,7.2,328290,12529,16,16,cubic
0.250,7815,5,7200,42.3,32.8,20.1,494.8,8.3,328290,12532,16,16,cubic
0.264,7851,5,5760,41.3,34.5,20.1,494.8,8.2,328290,12533,16,16,cubic
0.277,7887,5,4320,40.9,37.9,20.1,494.8,7.0,328290,12535,16,16,cubic
0.303,6046,4,4320,40.1,34.4,20.1,494.8,5.6,328290,12538,16,16,cubic
0.317,6525,4,2880,39.4,34.4,20.1,494.8,5.6,328290,12540,16,16,cubic
0.336,7153,4,4320,37.9,27.7,20.1,494.8,7.2,328290,12543,16,16,cubic
0.343,8013,5,2880,35.8,20.8,20.1,494.8,9.7,328290,12545,16,16,cubic
0.363,8525,5,5760,34.0,21.8,20.1,494.8,10.7,328290,12549,16,16,cubic
0.370,9487,6,2880,32.5,21.8,20.1,494.8,11.1,328290,12551,16,16,cubic
0.390,9919,6,7200,31.2,22.3,20.1,494.8,10.9,328290,12556,16,16,cubic
0.404,10953,7,2880,31.0,29.3,20.1,494.8,8.6,328290,12558,16,16,cubic
0.428,11327,7,8640,31.2,32.7,20.1,494.8,6.9,328290,12564,16,16,cubic
0.435,12413,8,2880,30.5,25.8,20.1,494.8,6.5,406690,12566,16,16,cubic
0.006,3072,2,0,35.8,48.4,20.1,494.8,10.1,346344,12571,17,17,cubic
0.006,28792,19,0,34.8,27.8,20.1,494.8,9.6,826453,12573,17,17,cubic
0.032,34488,23,23040,33.8,26.5,20.1,494.8,9.3,1020656,12593,17,17,cubic
0.126,18625,12,17335,69.2,101.5,20.1,494.8,32.9,269201,12602,17,17,cubic
0.133,18735,13,17335,73.9,107.0,20.1,494.8,34.1,253487,12603,17,17,cubic
0.140,18844,13,17335,78.6,111.7,20.1,494.8,35.1,239635,12604,17,17,cubic
0.147,18953,13,18775,83.5,117.3,20.1,494.8,36.0,227055,12606,17,17,cubic
0.161,16614,11,14455,92.8,123.9,20.1,494.8,36.4,179122,12607,17,17,cubic
0.181,16704,11,15895,99.2,144.4,20.1,494.8,40.2,168375,12609,17,17,cubic
0.188,16733,11,15895,105.5,149.8,20.1,494.8,42.8,158563,12610,17,17,cubic
0.195,16762,11,15895,111.8,155.3,20.1,494.8,44.5,149995,12611,17,17,cubic
0.202,16790,11,15895,117.9,160.7,20.1,494.8,45.6,142447,12612,17,17,cubic
0.209,16820,11,15895,123.9,166.3,20.1,494.8,46.3,135732,12613,17,17,cubic
0.216,16848,11,15840,119.0,84.4,20.1,494.8,44.6,141607,12614,17,17,cubic
0.225,16877,11,15840,114.7,84.6,20.1,494.8,42.1,147169,12615,17,17,cubic
0.234,16904,11,14400,110.9,84.6,20.1,494.8,39.1,152407,12616,17,17,cubic
0.243,16959,11,14400,108.5,91.4,20.1,494.8,34.2,156350,12617,17,17,cubic
0.252,16986,11,12960,105.5,84.5,20.1,494.8,31.6,161041,12618,17,17,cubic
0.272,13030,9,12960,98.9,77.6,20.1,494.8,29.1,131691,12620,17,17,cubic
0.283,13056,9,11520,96.1,75.9,20.1,494.8,27.6,135913,12621,17,17,cubic
0.293,13093,9,11520,93.3,74.0,20.1,494.8,26.2,140323,12622,17,17,cubic
0.303,13143,9,10080,88.3,71.8,20.1,494.8,23.4,148809,12623,17,17,cubic
0.312,13168,9,10080,86.0,69.7,20.1,494.8,22.2,153119,12624,17,17,cubic
0.321,13192,9,10080,83.6,67.1,20.1,494.8,21.4,157721,12625,17,17,cubic
0.330,13240,9,8640,79.0,62.8,20.1,494.8,20.1,167599,12626,17,17,cubic
0.338,13264,9,8640,76.5,59.1,20.1,494.8,20.1,173351,12627,17,17,cubic
0.346,13287,9,8640,73.8,55.1,20.1,494.8,20.4,179952,12628,17,17,cubic
0.354,13310,9,8640,71.1,51.8,20.1,494.8,20.8,187259,12629,17,17,cubic
0.361,13333,9,8640,68.3,48.8,20.1,494.8,21.2,195220,12630,17,17,cubic
0.364,10207,7,7200,64.7,39.4,20.1,494.8,23.1,195220,12631,17,17,cubic
0.372,10234,7,10080,61.3,37.7,20.1,494.8,24.1,195220,12634,17,17,cubic
0.379,10256,7,10080,58.1,35.8,20.1,494.8,24.4,195220,12635,17,17,cubic
0.386,10277,7,10080,55.2,34.8,20.1,494.8,24.2,195220,12636,17,17,cubic
0.391,10293,7,10080,52.4,32.6,20.1,494.8,23.8,195220,12637,17,17,cubic
0.396,10309,7,5760,49.7,31.0,20.1,494.8,23.2,195220,12638,17,17,cubic
0.433,7926,5,7255,46.9,41.2,20.1,494.8,13.9,195220,12643,17,17,cubic
0.438,7940,5,5815,46.2,41.3,20.1,494.8,11.9,195220,12644,17,17,cubic
0.443,7953,5,4375,45.6,41.3,20.1,494.8,10.1,195220,12646,17,17,cubic
0.464,6093,4,2880,39.8,20.7,20.1,494.8,15.8,195220,12649,17,17,cubic
0.469,6569,4,4320,37.4,20.7,20.1,494.8,16.6,195220,12652,17,17,cubic
0.489,7506,5,2880,35.3,20.7,20.1,494.8,16.6,195220,12654,17,17,cubic
0.006,3072,2,0,32.8,20.6,20.1,494.8,14.0,195220,12659,18,18,cubic
0.006,26527,18,0,32.1,27.1,20.1,494.8,11.9,826463,12661,18,18,cubic
0.032,32223,22,21600,31.5,26.9,20.1,494.8,10.2,1024546,12680,18,18,cubic
0.113,17462,12,17335,60.2,89.2,20.1,494.8,28.2,290013,12689,18,18,cubic
0.120,17580,12,17335,64.5,94.8,20.1,494.8,29.8,272435,12690,18,18,cubic
0.127,17697,12,17335,68.9,99.6,20.1,494.8,31.1,256824,12691,18,18,cubic
0.133,17812,12,17335,73.4,105.0,20.1,494.8,32.4,242620,12692,18,18,cubic
0.140,17928,12,17335,78.0,109.8,20.1,494.8,33.4,229952,12693,18,18,cubic
0.146,18385,12,13015,81.8,108.4,20.1,494.8,32.6,224840,12694,18,18,cubic
0.171,16109,11,14510,93.5,134.7,20.1,494.8,39.0,172220,12699,18,18,cubic
0.180,16145,11,15950,99.1,138.4,20.1,494.8,40.4,162839,12701,18,18,cubic
0.187,16168,11,15895,95.1,67.1,20.1,494.8,38.3,169928,12702,18,18,cubic
0.195,16197,11,15895,91.6,67.2,20.1,494.8,35.7,176730,12703,18,18,cubic
0.203,16226,11,15895,88.6,67.2,20.1,494.8,32.9,183166,12704,18,18,cubic
0.211,16254,11,15895,85.9,67.2,20.1,494.8,30.0,189189,12705,18,18,cubic
0.218,16304,11,13015,81.5,67.1,20.1,494.8,24.5,200026,12706,18,18,cubic
0.232,16345,11,14455,80.9,76.3,20.1,494.8,19.7,202137,12708,18,18,cubic
0.240,16366,11,11520,78.3,60.4,20.1,494.8,19.9,209000,12709,18,18,cubic
0.246,16407,11,11520,75.8,58.6,20.1,494.8,19.8,216314,12710,18,18,cubic
0.259,16448,11,12960,74.1,61.7,20.1,494.8,18.4,222030,12712,18,18,cubic
0.265,16474,11,12960,72.4,60.4,20.1,494.8,17.2,227645,12713,18,18,cubic
0.275,12637,8,11520,69.2,58.6,20.1,494.8,15.1,182528,12714,18,18,cubic
0.282,12662,8,11520,67.9,58.3,20.1,494.8,14.1,186576,12715,18,18,cubic
0.289,12681,8,10080,66.2,54.3,20.1,494.8,14.0,191642,12716,18,18,cubic
0.303,12718,8,11520,64.4,52.3,20.1,494.8,13.9,197377,12718,18,18,cubic
0.311,12766,8,10080,61.7,52.5,20.1,494.8,12.6,207001,12719,18,18,cubic
0.324,12790,8,11520,60.6,53.3,20.1,494.8,11.6,210972,12721,18,18,cubic
0.331,12814,8,11520,59.8,54.0,20.1,494.8,10.3,214284,12722,18,18,cubic
0.338,12837,8,11520,58.8,51.6,20.1,494.8,9.8,218409,12723,18,18,cubic
0.344,12861,8,11520,57.9,51.7,20.1,494.8,9.1,222162,12724,18,18,cubic
0.350,12884,8,10080,56.4,45.8,20.1,494.8,9.9,228545,12725,18,18,cubic
0.356,12912,8,10080,55.0,45.4,20.1,494.8,10.1,234759,12726,18,18,cubic
0.363,12934,8,10080,53.7,44.9,20.1,494.8,10.1,240704,12727,18,18,cubic
0.369,12956,8,10080,52.7,45.2,20.1,494.8,9.7,246017,12728,18,18,cubic
0.388,9961,6,8640,50.3,45.7,20.1,494.8,7.7,246017,12730,18,18,cubic
0.395,9982,6,8640,49.8,46.2,20.1,494.8,6.8,246017,12731,18,18,cubic
0.402,10003,6,8640,49.4,46.5,20.1,494.8,5.9,246017,12732,18,18,cubic
0.409,10024,6,8640,49.1,47.5,20.1,494.8,4.9,246017,12733,18,18,cubic
0.416,10044,6,7200,48.9,47.1,20.1,494.8,4.2,246017,12734,18,18,cubic
0.426,10075,6,8640,48.7,47.1,20.1,494.8,3.6,246017,12736,18,18,cubic
0.431,10089,7,8640,47.3,37.8,20.1,494.8,5.4,246017,12737,18,18,cubic
0.436,10104,7,10080,45.9,36.1,20.1,494.8,6.8,246017,12739,18,18,cubic
0.442,10119,7,8640,44.0,30.9,20.1,494.8,8.9,246017,12740,18,18,cubic
0.006,10119,7,0,39.5,39.5,20.1,494.8,6.4,246017,12742,18,18,cubic
0.005,10119,7,0,38.0,27.4,20.1,494.8,7.8,246017,12744,18,18,cubic
0.032,11487,7,0,36.6,27.3,20.1,494.8,8.5,246017,12752,18,18,cubic
0.081,12915,8,0,37.4,43.1,20.1,494.8,8.0,344915,12760,18,18,cubic
0.136,13233,9,10080,39.0,49.9,20.1,494.8,9.1,339298,12769,18,18,cubic
0.149,13388,9,12960,41.7,60.5,20.1,494.8,12.2,321178,12772,18,18,cubic
0.156,13541,9,12960,44.4,63.1,20.1,494.8,14.5,305245,12773,18,18,cubic
0.163,13692,9,12960,47.0,65.8,20.1,494.8,16.3,291034,12774,18,18,cubic
0.170,13842,9,12960,49.7,68.5,20.1,494.8,17.6,278331,12775,18,18,cubic
0.177,13990,9,12960,52.4,71.2,20.1,494.8,18.5,266882,12776,18,18,cubic
0.191,12265,8,11520,57.8,76.7,20.1,494.8,19.9,212142,12777,18,18,cubic
0.198,12290,8,10080,57.7,56.8,20.1,494.8,15.2,213049,12778,18,18,cubic
0.210,12332,8,11520,58.7,65.7,20.1,494.8,13.4,210146,12780,18,18,cubic
0.215,12350,8,11520,58.9,60.2,20.1,494.8,10.4,209791,12781,18,18,cubic
0.220,12368,8,11520,58.8,58.5,20.1,494.8,7.9,210257,12782,18,18,cubic
0.227,12391,8,11520,58.8,58.5,20.1,494.8,6.0,210802,12783,18,18,cubic
0.234,12415,8,11520,58.8,58.6,20.1,494.8,4.6,211315,12784,18,18,cubic
0.241,12438,8,11520,58.7,58.6,20.1,494.8,3.5,211793,12785,18,18,cubic
0.248,12461,8,11520,57.8,51.6,20.1,494.8,4.4,215435,12786,18,18,cubic
0.254,12484,8,10080,57.1,51.6,20.1,494.8,4.8,218787,12787,18,18,cubic
0.268,12528,8,11520,56.6,53.4,20.1,494.8,4.5,221346,12789,18,18,cubic
0.275,12550,8,11520,56.4,55.1,20.1,494.8,3.8,222466,12790,18,18,cubic
0.282,12572,8,11520,56.5,56.8,20.1,494.8,2.9,222670,12791,18,18,cubic
0.301,9666,6,7200,55.7,53.4,20.1,494.8,2.9,222670,12792,18,18,cubic
0.311,9697,6,7200,55.4,53.5,20.1,494.8,2.7,222670,12794,18,18,cubic
0.320,9722,6,8640,54.3,46.4,20.1,494.8,4.3,222670,12796,18,18,cubic
0.325,9737,6,7200,52.7,41.3,20.1,494.8,6.5,222670,12797,18,18,cubic
0.332,9757,6,7200,49.3,25.7,20.1,494.8,11.6,222670,12799,18,18,cubic
0.344,9791,6,7200,46.6,27.4,20.1,494.8,14.2,222670,12801,18,18,cubic
0.357,9938,6,8640,44.8,32.7,20.1,494.8,14.1,222670,12803,18,18,cubic
0.363,10557,7,5760,43.1,30.9,20.1,494.8,14.1,222670,12804,18,18,cubic
0.368,10751,7,10080,41.6,30.9,20.1,494.8,13.6,222670,12808,18,18,cubic
0.376,11132,7,8640,39.8,27.5,20.1,494.8,13.7,222670,12809,18,18,cubic
0.383,11316,7,10080,37.3,20.1,20.1,494.8,15.2,222670,12811,18,18,cubic
0.390,12041,8,5760,35.4,21.9,20.1,494.8,15.3,339997,12812,18,18,cubic
0.415,12211,8,11520,36.3,42.6,20.1,494.8,13.2,336326,12817,18,18,cubic
0.422,12547,8,10080,36.9,40.9,20.1,494.8,11.1,340202,12818,18,18,cubic
0.429,13201,9,7200,36.7,35.3,20.1,494.8,8.7,359817,12820,18,18,cubic
0.437,13512,9,8640,36.3,33.9,20.1,494.8,7.2,371801,12823,18,18,cubic
0.006,3072,2,0,31.0,27.3,20.1,494.8,8.6,436081,12825,19,19,cubic
0.006,25267,17,0,30.6,27.7,20.1,494.8,7.3,826448,12827,19,19,cubic
0.033,30963,21,20160,30.2,27.5,20.1,494.8,6.2,1025604,12845,19,19,cubic
0.117,16884,11,15895,62.6,92.9,20.1,494.8,30.0,269915,12854,19,19,cubic
0.124,17005,11,15895,67.0,98.4,20.1,494.8,31.5,253665,12855,19,19,cubic
0.131,17126,11,15895,71.6,103.2,20.1,494.8,32.7,239347,12856,19,19,cubic
0.138,17245,11,15895,76.2,108.7,20.1,494.8,33.8,226339,12857,19,19,cubic
0.144,17840,12,10135,80.0,106.8,20.1,494.8,33.0,222966,12858,19,19,cubic
0.193,15667,10,14510,101.8,151.2,20.1,494.8,47.3,153877,12865,19,19,cubic
0.200,15696,10,14455,98.8,77.5,20.1,494.8,41.6,158913,12866,19,19,cubic
0.206,15725,10,14455,96.1,77.5,20.1,494.8,36.5,163618,12867,19,19,cubic
0.213,15753,10,14455,93.8,77.5,20.1,494.8,32.0,167980,12868,19,19,cubic
0.220,15781,10,14455,91.7,77.5,20.1,494.8,28.1,172003,12869,19,19,cubic
0.227,15809,10,13015,90.0,77.5,20.1,494.8,24.6,175712,12870,19,19,cubic
0.241,15864,11,14455,90.1,91.2,20.1,494.8,18.8,176016,12872,19,19,cubic
0.248,15891,11,14455,90.3,91.7,20.1,494.8,14.5,175939,12873,19,19,cubic
0.255,15917,11,14455,90.5,92.1,20.1,494.8,11.3,175806,12874,19,19,cubic
0.269,15970,11,14400,88.3,70.8,20.1,494.8,11.7,180875,12876,19,19,cubic
0.277,15996,11,14400,86.1,70.8,20.1,494.8,13.2,185775,12877,19,19,cubic
0.296,12296,8,11520,81.0,70.7,20.1,494.8,13.2,151751,12878,19,19,cubic
0.303,12320,8,11520,79.7,70.7,20.1,494.8,12.5,154500,12879,19,19,cubic
0.310,12344,8,11520,79.3,76.5,20.1,494.8,10.2,155595,12880,19,19,cubic
0.317,12368,8,11520,78.3,70.7,20.1,494.8,9.8,158045,12881,19,19,cubic
0.324,12392,8,11520,77.3,70.7,20.1,494.8,9.2,160291,12882,19,19,cubic
0.332,12415,8,11520,76.5,70.7,20.1,494.8,8.6,162325,12883,19,19,cubic
0.340,12439,8,11520,75.9,71.7,20.1,494.8,7.6,163921,12884,19,19,cubic
0.349,12461,8,11520,75.2,70.5,20.1,494.8,7.0,165669,12885,19,19,cubic
0.357,12484,8,11520,74.5,69.5,20.1,494.8,6.7,167563,12886,19,19,cubic
0.365,12529,8,10080,70.3,56.8,20.1,494.8,11.0,178105,12887,19,19,cubic
0.373,12551,8,10080,68.6,56.7,20.1,494.8,11.6,182852,12888,19,19,cubic
0.381,12568,8,8640,66.7,53.3,20.1,494.8,12.6,188358,12889,19,19,cubic
0.388,12589,8,8640,64.3,47.0,20.1,494.8,14.4,195907,12890,19,19,cubic
0.389,9637,6,8640,61.7,43.9,20.1,494.8,15.9,195907,12891,19,19,cubic
0.398,9663,6,8640,59.5,43.8,20.1,494.8,16.4,195907,12892,19,19,cubic
0.405,9684,6,8640,57.3,42.1,20.1,494.8,16.6,195907,12893,19,19,cubic
0.411,9705,6,8640,55.2,40.9,20.1,494.8,16.6,195907,12894,19,19,cubic
0.418,9725,6,8640,53.3,39.9,20.1,494.8,16.3,195907,12895,19,19,cubic
0.425,9745,6,8640,51.5,38.9,20.1,494.8,15.8,195907,12896,19,19,cubic
0.432,7457,5,7200,50.2,41.3,20.1,494.8,14.4,195907,12897,19,19,cubic
0.439,7475,5,5760,47.8,30.9,20.1,494.8,15.7,195907,12898,19,19,cubic
0.451,7506,5,7200,46.1,34.4,20.1,494.8,15.1,195907,12900,19,19,cubic
0.458,7523,5,7200,44.7,34.4,20.1,494.8,14.2,195907,12901,19,19,cubic
0.465,7540,5,7200,43.4,34.4,20.1,494.8,13.2,195907,12902,19,19,cubic
0.472,7624,5,7200,42.3,34.4,20.1,494.8,12.2,195907,12903,19,19,cubic
0.478,8162,5,5760,41.3,34.5,20.1,494.8,11.1,195907,12904,19,19,cubic
0.006,8162,5,0,38.6,34.5,20.1,494.8,5.9,195907,12906,19,19,cubic
0.005,8162,5,0,37.4,28.9,20.1,494.8,6.8,195907,12908,19,19,cubic
0.031,9669,6,0,36.0,26.1,20.1,494.8,7.9,195907,12914,19,19,cubic
0.064,11154,7,0,34.9,27.6,20.1,494.8,8.1,195907,12921,19,19,cubic
0.112,12624,8,0,35.9,43.2,20.1,494.8,8.1,351232,12929,19,19,cubic
0.167,11045,7,10080,37.7,50.0,20.1,494.8,9.6,351232,12938,19,19,cubic
0.181,11091,7,10080,40.5,60.4,20.1,494.8,12.9,351232,12939,19,19,cubic
0.188,11113,7,10080,43.3,63.0,20.1,494.8,15.3,351232,12940,19,19,cubic
0.193,11130,7,10080,45.9,64.1,20.1,494.8,16.6,351232,12941,19,19,cubic
0.198,11147,7,10080,48.3,65.1,20.1,494.8,17.3,351232,12942,19,19,cubic
0.207,11175,7,10080,51.0,69.6,20.1,494.8,18.3,351232,12943,19,19,cubic
0.214,11197,7,10080,53.7,72.4,20.1,494.8,19.0,351232,12944,19,19,cubic
0.220,11219,7,10080,56.3,75.1,20.1,494.8,19.6,351232,12945,19,19,cubic
0.227,11240,7,10080,56.2,55.1,20.1,494.8,15.1,351232,12946,19,19,cubic
0.234,11261,7,10080,55.2,48.2,20.1,494.8,13.3,351232,12947,19,19,cubic
0.241,11282,7,10080,54.3,48.3,20.1,494.8,11.7,351232,12948,19,19,cubic
0.248,11303,7,10080,53.8,49.9,20.1,494.8,9.9,351232,12949,19,19,cubic
0.255,11324,7,10080,53.5,51.8,20.1,494.8,7.9,351232,12950,19,19,cubic
0.260,11339,7,10080,52.9,48.2,20.1,494.8,7.3,351232,12951,19,19,cubic
0.265,11354,7,10080,52.0,46.4,20.1,494.8,7.1,351232,12952,19,19,cubic
0.270,8690,6,8640,50.7,41.3,20.1,494.8,8.0,351232,12953,19,19,cubic
0.277,8710,6,7200,48.6,34.3,20.1,494.8,10.1,351232,12954,19,19,cubic
0.284,8730,6,7200,46.0,27.4,20.1,494.8,12.9,351232,12956,19,19,cubic
0.291,8749,6,7200,43.2,24.0,20.1,494.8,15.1,351232,12958,19,19,cubic
0.298,8768,6,8640,40.6,22.4,20.1,494.8,16.6,351232,12960,19,19,cubic
0.303,8899,6,7200,38.1,20.6,20.1,494.8,17.4,351232,12961,19,19,cubic
0.311,9360,6,7200,36.2,22.3,20.1,494.8,17.0,351232,12963,19,19,cubic
0.325,9798,6,7200,35.3,29.3,20.1,494.8,14.5,351232,12965,19,19,cubic
0.336,10007,6,8640,35.0,32.7,20.1,494.8,11.5,351232,12967,19,19,cubic
0.341,10417,7,7200,34.7,32.7,20.1,494.8,9.2,351232,12968,19,19,cubic
0.347,10811,7,8640,34.2,30.9,20.1,494.8,7.8,351232,12971,19,19,cubic
0.356,11190,7,8640,33.2,25.7,20.1,494.8,8.0,351232,12973,19,19,cubic
0.366,11373,7,10080,32.2,25.7,20.1,494.8,7.9,351232,12975,19,19,cubic
0.372,11914,8,7200,31.4,25.8,20.1,494.8,7.5,379197,12976,19,19,cubic
0.387,12258,8,10080,31.8,34.4,20.1,494.8,6.4,385592,12980,19,19,cubic
0.404,12593,8,10080,33.2,43.1,20.1,494.8,7.6,379318,12982,19,19,cubic
0.413,12919,8,10080,34.2,41.3,20.1,494.8,7.7,377660,12984,19,19,cubic
0.006,3072,2,0,36.2,36.0,20.1,494.8,6.1,356484,12987,20,20,cubic
0.006,29146,20,0,35.3,28.5,20.1,494.8,6.5,826461,12989,20,20,cubic
0.032,36266,25,23040,34.2,26.8,20.1,494.8,7.0,1060192,13010,20,20,cubic
0.139,19553,13,18775,78.2,110.9,20.1,494.8,34.0,250028,13021,20,20,cubic
0.145,19658,13,18775,82.9,115.6,20.1,494.8,34.8,237186,13022,20,20,cubic
0.152,19763,13,18775,87.7,121.1,20.1,494.8,35.7,225445,13023,20,20,cubic
0.166,17324,12,14455,97.0,129.1,20.1,494.8,36.4,178570,13024,20,20,cubic
0.187,17416,12,15895,103.4,148.4,20.1,494.8,40.1,168371,13026,20,20,cubic
0.194,17446,12,17335,109.7,153.9,20.1,494.8,42.7,158967,13028,20,20,cubic
0.200,17476,12,17335,116.0,159.4,20.1,494.8,44.5,150714,13029,20,20,cubic
0.207,17506,12,17335,122.1,165.0,20.1,494.8,45.6,143396,13030,20,20,cubic
0.217,17535,12,17335,128.1,170.5,20.1,494.8,46.3,136843,13031,20,20,cubic
0.229,17593,12,15895,140.1,181.6,20.1,494.8,46.9,125614,13032,20,20,cubic
0.240,17622,12,15840,134.0,91.2,20.1,494.8,47.4,131551,13033,20,20,cubic
0.250,17679,12,14400,124.0,91.4,20.1,494.8,44.0,142611,13034,20,20,cubic
0.260,17707,12,12960,119.0,84.5,20.1,494.8,42.8,148758,13035,20,20,cubic
0.272,13556,9,11520,113.6,75.9,20.1,494.8,42.9,119291,13036,20,20,cubic
0.284,13609,9,11520,109.8,82.7,20.1,494.8,39.9,123970,13037,20,20,cubic
0.294,13654,9,10080,103.2,80.9,20.1,494.8,33.9,132283,13038,20,20,cubic
0.305,13686,9,10080,100.3,79.5,20.1,494.8,31.3,136511,13039,20,20,cubic
0.315,13712,9,10080,97.1,74.7,20.1,494.8,29.9,141277,13040,20,20,cubic
0.324,13762,9,8640,90.5,67.7,20.1,494.8,28.3,152079,13041,20,20,cubic
0.334,13787,9,8640,87.3,64.7,20.1,494.8,27.7,157979,13042,20,20,cubic
0.342,13811,9,8640,83.8,59.5,20.1,494.8,27.7,164813,13043,20,20,cubic
0.351,13835,9,7200,79.5,49.5,20.1,494.8,29.4,174012,13044,20,20,cubic
0.358,13871,9,7200,75.1,44.1,20.1,494.8,30.9,184749,13045,20,20,cubic
0.365,13889,9,5760,69.6,31.3,20.1,494.8,34.1,199534,13046,20,20,cubic
0.366,10632,7,4320,63.9,23.7,20.1,494.8,37.0,199534,13047,20,20,cubic
0.376,10666,7,10080,58.4,20.3,20.1,494.8,38.7,199534,13052,20,20,cubic
0.385,10694,7,10080,53.8,21.4,20.1,494.8,38.2,199534,13053,20,20,cubic
0.392,10716,7,2880,49.9,22.4,20.1,494.8,36.5,199534,13054,20,20,cubic
0.424,10817,7,8640,48.4,37.8,20.1,494.8,30.4,199534,13060,20,20,cubic
0.438,11249,7,2880,47.5,41.4,20.1,494.8,24.6,199534,13062,20,20,cubic
0.464,11796,8,7200,44.8,25.7,20.1,494.8,23.9,263438,13068,20,20,cubic
0.005,3072,2,0,42.2,41.2,20.1,494.8,17.3,279208,13071,21,21,cubic
0.006,33327,23,0,40.3,26.9,20.1,494.8,16.8,826460,13073,21,21,cubic
0.032,33327,23,25920,38.6,26.5,20.1,494.8,16.1,863505,13096,21,21,cubic
0.133,18089,12,17335,75.2,107.9,20.1,494.8,34.1,240686,13103,21,21,cubic
0.140,18203,12,17335,79.9,113.5,20.1,494.8,35.2,227688,13104,21,21,cubic
0.147,18315,12,17335,84.7,118.3,20.1,494.8,36.0,216116,13105,21,21,cubic
0.154,18427,12,17335,89.6,123.8,20.1,494.8,36.8,205603,13106,21,21,cubic
0.167,16152,11,15895,99.4,134.1,20.1,494.8,37.9,162423,13107,21,21,cubic
0.174,16182,11,15895,104.4,138.9,20.1,494.8,38.3,155041,13108,21,21,cubic
0.181,16212,11,14455,109.8,147.5,20.1,494.8,39.5,147705,13109,21,21,cubic
0.193,16262,11,15895,115.2,153.2,20.1,494.8,40.5,141182,13111,21,21,cubic
0.201,16291,11,15895,120.5,158.0,20.1,494.8,41.0,135160,13112,21,21,cubic
0.212,16319,11,15895,125.9,163.6,20.1,494.8,41.5,129603,13113,21,21,cubic
0.223,16375,11,14400,125.1,82.6,20.1,494.8,43.4,130861,13114,21,21,cubic
0.234,16403,11,14400,119.8,82.8,20.1,494.8,43.2,136878,13115,21,21,cubic
0.244,16458,11,11520,110.0,74.1,20.1,494.8,41.5,149551,13116,21,21,cubic
0.253,16498,11,11520,105.3,72.3,20.1,494.8,40.6,156622,13117,21,21,cubic
0.262,16531,11,10080,101.4,74.1,20.1,494.8,38.3,162987,13118,21,21,cubic
0.282,12675,8,10080,95.1,73.0,20.1,494.8,32.6,133335,13120,21,21,cubic
0.291,12700,8,10080,91.8,69.0,20.1,494.8,31.0,138348,13121,21,21,cubic
0.301,12750,8,8640,85.0,61.0,20.1,494.8,29.4,150003,13122,21,21,cubic
0.310,12774,8,8640,81.6,58.1,20.1,494.8,28.7,156465,13123,21,21,cubic
0.319,12799,8,8640,78.4,55.8,20.1,494.8,28.0,163235,13124,21,21,cubic
0.328,12847,8,7200,72.4,51.7,20.1,494.8,26.3,177459,13125,21,21,cubic
0.335,12870,8,7200,69.3,47.8,20.1,494.8,25.8,185668,13126,21,21,cubic
0.342,12893,8,7200,66.2,44.7,20.1,494.8,25.5,194626,13127,21,21,cubic
0.350,12911,8,7200,63.0,40.2,20.1,494.8,25.6,204965,13128,21,21,cubic
0.356,12928,8,7200,59.7,36.3,20.1,494.8,25.9,216720,13129,21,21,cubic
0.362,12945,8,5760,55.4,25.7,20.1,494.8,27.9,233613,13130,21,21,cubic
0.368,12967,9,5760,51.4,23.6,20.1,494.8,28.9,252109,13131,21,21,cubic
0.373,12984,9,5760,47.7,21.2,20.1,494.8,29.2,272458,13132,21,21,cubic
0.378,13006,9,5760,44.3,21.0,20.1,494.8,28.6,293476,13133,21,21,cubic
0.383,13028,9,4320,41.3,20.4,20.1,494.8,27.4,315218,13134,21,21,cubic
0.396,13066,9,7200,38.9,21.7,20.1,494.8,25.5,336120,13137,21,21,cubic
0.405,13088,9,8640,36.9,23.3,20.1,494.8,23.0,354486,13139,21,21,cubic
0.408,13109,9,7200,35.5,25.8,20.1,494.8,20.0,368966,13140,21,21,cubic
0.420,13140,9,10080,34.4,26.4,20.1,494.8,17.3,382132,13143,21,21,cubic
0.427,13270,9,10080,33.4,26.4,20.1,494.8,15.0,397460,13144,21,21,cubic
0.431,13425,9,11520,32.7,27.8,20.1,494.8,12.6,410650,13146,21,21,cubic
0.434,13730,9,10080,32.1,27.9,20.1,494.8,10.7,427819,13147,21,21,cubic
0.444,14029,9,11520,31.4,26.7,20.1,494.8,9.3,446470,13150,21,21,cubic
0.451,14175,9,12960,31.3,30.1,20.1,494.8,7.3,453498,13152,21,21,cubic
0.458,14320,9,12960,31.5,33.3,20.1,494.8,6.0,454487,13153,21,21,cubic
0.005,10963,7,0,42.6,51.6,20.1,494.8,10.6,346840,13155,22,22,cubic
0.007,10963,7,0,40.6,27.1,20.1,494.8,11.8,346840,13157,22,22,cubic
0.032,11140,7,0,39.0,27.4,20.1,494.8,12.2,346840,13165,22,22,cubic
0.070,11254,7,0,38.2,32.7,20.1,494.8,10.7,346840,13173,22,22,cubic
0.122,12653,8,0,39.3,46.6,20.1,494.8,10.1,322336,13181,22,22,cubic
0.167,12977,9,10080,39.3,39.5,20.1,494.8,7.7,330329,13190,22,22,cubic
0.199,9993,6,8640,45.0,55.2,20.1,494.8,10.3,330329,13193,22,22,cubic
0.206,10014,6,8640,46.5,57.5,20.1,494.8,10.9,330329,13194,22,22,cubic
0.213,10034,6,8640,48.2,60.0,20.1,494.8,11.5,330329,13195,22,22,cubic
0.220,10055,6,8640,50.0,62.4,20.1,494.8,12.2,330329,13196,22,22,cubic
0.227,10075,6,7200,50.6,55.1,20.1,494.8,10.4,330329,13197,22,22,cubic
0.241,10115,7,8640,52.5,65.5,20.1,494.8,11.5,330329,13199,22,22,cubic
0.247,10135,7,10080,51.3,43.0,20.1,494.8,11.0,330329,13201,22,22,cubic
0.254,10155,7,10080,50.3,43.1,20.1,494.8,10.3,330329,13202,22,22,cubic
0.261,10174,7,10080,49.4,43.1,20.1,494.8,9.5,330329,13203,22,22,cubic
0.268,10193,7,10080,48.6,43.0,20.1,494.8,8.7,330329,13204,22,22,cubic
0.275,10436,7,8640,47.9,43.0,20.1,494.8,7.9,330329,13205,22,22,cubic
0.302,8024,5,7200,47.6,49.9,20.1,494.8,6.0,330329,13207,22,22,cubic
0.309,8042,5,7200,47.9,49.9,20.1,494.8,5.1,330329,13208,22,22,cubic
0.316,8060,5,7200,48.2,49.9,20.1,494.8,4.3,330329,13209,22,22,cubic
0.323,8078,5,4320,47.7,44.8,20.1,494.8,4.1,330329,13210,22,22,cubic
0.346,6193,4,5815,43.8,31.0,20.1,494.8,9.1,330329,13214,22,22,cubic
0.352,6209,4,5815,42.2,30.9,20.1,494.8,10.0,330329,13215,22,22,cubic
0.359,6545,4,2935,40.8,31.0,20.1,494.8,10.3,330329,13216,22,22,cubic
0.380,6867,4,5760,39.4,29.4,20.1,494.8,10.6,330329,13219,22,22,cubic
0.385,7165,4,5760,37.9,27.6,20.1,494.8,10.9,330329,13220,22,22,cubic
0.392,5476,3,2880,36.6,27.7,20.1,494.8,10.7,330329,13221,22,22,cubic
0.413,5686,3,4320,35.5,27.6,20.1,494.8,10.3,330329,13223,22,22,cubic
0.420,6047,4,4320,34.7,29.3,20.1,494.8,9.3,330329,13224,22,22,cubic
0.426,6725,4,4320,34.0,29.3,20.1,494.8,8.3,330329,13226,22,22,cubic
0.440,7030,4,5760,32.6,22.3,20.1,494.8,9.2,330329,13228,22,22,cubic
0.447,7613,5,4320,31.3,22.5,20.1,494.8,9.4,330329,13229,22,22,cubic
0.461,8152,5,5760,31.1,29.4,20.1,494.8,7.5,330329,13232,22,22,cubic
0.475,8403,5,7200,30.9,29.4,20.1,494.8,6.1,330329,13234,22,22,cubic
0.482,9135,6,4320,30.7,29.3,20.1,494.8,4.9,330329,13235,22,22,cubic
0.006,3072,2,0,32.5,36.2,20.1,494.8,4.8,330329,13238,23,23,cubic
0.005,26362,18,0,31.9,27.8,20.1,494.8,4.8,826446,13240,23,23,cubic
0.031,32058,22,21600,31.1,25.9,20.1,494.8,5.1,1029182,13259,23,23,cubic
0.121,17386,12,17335,65.3,96.8,20.1,494.8,31.5,266248,13268,23,23,cubic
0.127,17504,12,17335,69.9,102.3,20.1,494.8,32.9,250307,13269,23,23,cubic
0.134,17622,12,17335,74.6,107.1,20.1,494.8,34.0,236305,13270,23,23,cubic
0.141,17738,12,17335,79.3,112.6,20.1,494.8,35.0,223594,13271,23,23,cubic
0.148,17854,12,17335,84.1,117.3,20.1,494.8,35.7,212337,13272,23,23,cubic
0.155,15622,10,13015,88.4,118.8,20.1,494.8,35.5,176673,13273,23,23,cubic
0.182,15737,10,14455,95.5,145.1,20.1,494.8,40.8,164776,13275,23,23,cubic
0.189,15765,10,14455,102.4,150.7,20.1,494.8,44.4,153956,13276,23,23,cubic
0.196,15793,10,14455,109.1,156.1,20.1,494.8,46.7,144741,13277,23,23,cubic
0.203,15821,10,14455,115.7,161.6,20.1,494.8,48.2,136771,13278,23,23,cubic
0.208,15841,11,14400,111.5,82.7,20.1,494.8,44.4,142011,13279,23,23,cubic
0.218,15862,11,14400,107.7,80.9,20.1,494.8,40.9,147256,13280,23,23,cubic
0.227,15889,11,14400,104.4,81.0,20.1,494.8,37.4,152231,13281,23,23,cubic
0.235,15943,11,12960,98.9,81.0,20.1,494.8,30.5,161213,13282,23,23,cubic
0.244,15969,11,11520,96.7,81.0,20.1,494.8,27.4,165204,13283,23,23,cubic
0.261,16021,11,12960,93.0,67.2,20.1,494.8,27.9,172300,13285,23,23,cubic
0.272,12284,8,11520,86.7,65.5,20.1,494.8,26.6,141643,13286,23,23,cubic
0.281,12315,8,11520,84.3,67.2,20.1,494.8,24.8,146111,13287,23,23,cubic
0.291,12363,8,10080,80.4,66.5,20.1,494.8,20.8,153824,13288,23,23,cubic
0.300,12387,8,10080,78.4,64.4,20.1,494.8,19.6,158041,13289,23,23,cubic
0.308,12428,8,8640,74.2,58.8,20.1,494.8,18.4,167531,13290,23,23,cubic
0.317,12446,8,7200,71.2,50.3,20.1,494.8,19.8,174800,13291,23,23,cubic
0.324,12469,8,4320,66.0,29.5,20.1,494.8,25.3,188952,13292,23,23,cubic
0.331,12497,8,2880,60.3,20.2,20.1,494.8,30.4,207377,13293,23,23,cubic
0.345,12542,8,4320,55.3,20.7,20.1,494.8,32.7,226721,13295,23,23,cubic
0.357,12570,8,5760,51.1,21.7,20.1,494.8,32.9,245906,13297,23,23,cubic
0.362,12590,8,5760,47.3,20.9,20.1,494.8,32.2,265920,13298,23,23,cubic
0.367,12613,8,5760,44.1,21.6,20.1,494.8,30.6,285821,13299,23,23,cubic
0.372,12629,8,5760,41.1,20.2,20.1,494.8,28.9,306968,13300,23,23,cubic
0.381,12651,8,7200,38.6,20.9,20.1,494.8,26.8,327644,13302,23,23,cubic
0.385,12667,8,7200,36.3,20.2,20.1,494.8,24.7,348847,13303,23,23,cubic
0.389,12684,8,7200,34.3,20.2,20.1,494.8,22.5,369795,13304,23,23,cubic
0.396,12967,9,7200,32.5,20.2,20.1,494.8,20.4,398579,13306,23,23,cubic
0.404,13125,9,8640,31.0,20.2,20.1,494.8,18.4,423537,13308,23,23,cubic
0.410,13437,9,8640,29.7,20.7,20.1,494.8,16.4,452317,13310,23,23,cubic
0.416,13590,9,10080,28.8,22.1,20.1,494.8,14.2,472695,13312,23,23,cubic
0.422,13741,9,11520,28.0,23.1,20.1,494.8,12.0,489927,13314,23,23,cubic
0.430,13890,9,12960,28.1,28.3,20.1,494.8,9.1,494746,13316,23,23,cubic
0.435,14038,9,12960,28.3,29.8,20.1,494.8,7.3,496182,13317,23,23,cubic
0.440,14184,9,12960,28.6,31.2,20.1,494.8,6.2,495095,13318,23,23,cubic
0.445,14328,9,12960,29.2,33.2,20.1,494.8,5.8,490399,13319,23,23,cubic
0.005,3072,2,0,41.1,53.3,20.1,494.8,12.3,348681,13321,24,24,cubic
0.006,32440,22,0,39.3,26.4,20.1,494.8,12.9,826454,13323,24,24,cubic
0.032,32440,22,25920,37.7,26.5,20.1,494.8,12.9,861414,13346,24,24,cubic
0.128,17563,12,17335,72.6,104.4,20.1,494.8,32.6,242051,13352,24,24,cubic
0.135,17679,12,17335,77.2,110.0,20.1,494.8,33.8,228898,13353,24,24,cubic
0.142,17795,12,17335,81.9,114.7,20.1,494.8,34.7,217229,13354,24,24,cubic
0.149,17911,12,17335,86.7,120.3,20.1,494.8,35.6,206559,13355,24,24,cubic
0.156,18025,12,17335,91.5,125.0,20.1,494.8,36.3,197005,13356,24,24,cubic
0.176,15830,10,14510,106.2,140.8,20.1,494.8,38.0,149076,13358,24,24,cubic
0.183,15859,11,14510,111.2,146.0,20.1,494.8,38.5,142660,13359,24,24,cubic
0.190,15887,11,14510,116.1,150.8,20.1,494.8,38.7,136815,13360,24,24,cubic
0.197,15916,11,14510,121.2,156.4,20.1,494.8,39.1,131363,13361,24,24,cubic
0.204,15944,11,14510,126.2,161.2,20.1,494.8,39.4,126373,13362,24,24,cubic
0.214,15972,11,14510,131.3,166.9,20.1,494.8,39.7,121685,13363,24,24,cubic
0.225,16027,11,13015,120.3,84.4,20.1,494.8,41.3,133236,13364,24,24,cubic
0.236,16055,11,13015,115.8,84.5,20.1,494.8,40.0,138631,13365,24,24,cubic
0.245,16101,11,11575,108.2,82.7,20.1,494.8,35.7,148756,13366,24,24,cubic
0.255,16121,11,11520,103.1,67.3,20.1,494.8,37.0,156336,13367,24,24,cubic
0.263,16167,11,10080,94.5,65.5,20.1,494.8,35.8,171072,13368,24,24,cubic
0.273,12396,8,8640,87.5,63.8,20.1,494.8,32.3,141666,13369,24,24,cubic
0.283,12433,8,5760,79.1,45.9,20.1,494.8,33.1,157117,13370,24,24,cubic
0.299,12482,8,5760,69.7,36.9,20.1,494.8,35.1,179128,13372,24,24,cubic
0.307,12517,8,4320,60.7,29.1,20.1,494.8,35.5,206204,13373,24,24,cubic
0.313,12535,8,4320,56.1,24.0,20.1,494.8,35.8,223368,13374,24,24,cubic
0.319,12553,8,4320,51.7,21.1,20.1,494.8,35.6,242616,13375,24,24,cubic
0.330,12582,8,5760,48.0,21.6,20.1,494.8,34.2,262250,13377,24,24,cubic
0.335,12605,8,5760,44.6,20.7,20.1,494.8,32.5,282826,13378,24,24,cubic
0.340,12628,8,5760,41.7,22.0,20.1,494.8,30.0,302496,13379,24,24,cubic
0.345,12645,8,5760,39.2,21.2,20.1,494.8,27.6,322732,13380,24,24,cubic
0.353,12662,8,7200,36.8,20.3,20.1,494.8,25.5,343945,13382,24,24,cubic
0.357,12684,8,5760,35.0,22.0,20.1,494.8,22.8,362742,13383,24,24,cubic
0.369,12711,8,8640,33.2,20.6,20.1,494.8,20.7,383161,13386,24,24,cubic
0.372,12728,8,7200,31.7,21.7,20.1,494.8,18.4,401008,13387,24,24,cubic
0.383,12760,8,10080,30.6,22.7,20.1,494.8,16.0,416830,13390,24,24,cubic
0.386,12845,8,8640,29.7,23.1,20.1,494.8,13.9,432899,13391,24,24,cubic
0.396,13165,9,10080,28.8,22.6,20.1,494.8,12.2,457260,13394,24,24,cubic
0.402,13320,9,11520,28.0,22.6,20.1,494.8,10.7,475459,13396,24,24,cubic
0.408,13474,9,12960,27.7,25.8,20.1,494.8,8.6,485777,13398,24,24,cubic
0.415,13626,9,12960,28.1,30.3,20.1,494.8,7.1,485619,13399,24,24,cubic
0.421,13777,9,12960,28.6,32.2,20.1,494.8,6.3,482033,13400,24,24,cubic
0.426,13926,9,12960,29.3,34.3,20.1,494.8,6.2,475290,13401,24,24,cubic
0.431,14073,9,12960,30.2,36.2,20.1,494.8,6.4,466611,13402,24,24,cubic
0.436,14364,9,11520,31.2,38.1,20.1,494.8,6.8,461079,13403,24,24,cubic
0.006,3072,2,0,40.4,48.2,20.1,494.8,10.7,355967,13405,25,25,cubic
0.006,31996,22,0,38.7,27.3,20.1,494.8,11.3,826449,13407,25,25,cubic
0.032,31996,22,25920,37.2,26.6,20.1,494.8,11.5,859991,13430,25,25,cubic
0.128,17361,12,17335,70.9,104.7,20.1,494.8,34.1,244876,13436,25,25,cubic
0.135,17479,12,17335,75.7,109.5,20.1,494.8,35.2,230849,13437,25,25,cubic
0.142,17596,12,17335,80.6,115.0,20.1,494.8,36.2,218255,13438,25,25,cubic
0.149,17713,12,17335,85.5,119.7,20.1,494.8,36.9,207159,13439,25,25,cubic
0.156,17829,12,17335,90.5,125.3,20.1,494.8,37.6,197057,13440,25,25,cubic
0.176,15658,10,14455,105.4,140.3,20.1,494.8,38.9,148522,13441,25,25,cubic
0.183,15686,10,14455,110.5,145.9,20.1,494.8,39.3,141981,13442,25,25,cubic
0.190,15715,10,14455,115.5,150.7,20.1,494.8,39.5,136058,13443,25,25,cubic
0.197,15743,10,14455,120.6,156.3,20.1,494.8,39.8,130538,13444,25,25,cubic
0.204,15771,10,14455,125.7,161.1,20.1,494.8,40.0,125509,13445,25,25,cubic
0.215,15799,10,14455,130.8,166.8,20.1,494.8,40.3,120793,13446,25,25,cubic
0.226,15854,11,11520,119.7,82.7,20.1,494.8,41.9,132437,13447,25,25,cubic
0.237,15901,11,11520,115.1,82.8,20.1,494.8,40.7,138156,13448,25,25,cubic
0.247,15927,11,11520,111.0,82.7,20.1,494.8,38.6,143425,13449,25,25,cubic
0.256,15960,11,11520,106.0,70.7,20.1,494.8,39.0,150566,13450,25,25,cubic
0.265,15986,11,11520,101.6,70.7,20.1,494.8,38.1,157361,13451,25,25,cubic
0.276,12264,8,8640,94.1,69.0,20.1,494.8,34.4,130294,13452,25,25,cubic
0.286,12300,8,7200,89.3,55.6,20.1,494.8,35.4,137722,13453,25,25,cubic
0.296,12336,8,7200,84.6,51.6,20.1,494.8,36.0,145832,13454,25,25,cubic
0.305,12372,8,5760,75.2,42.3,20.1,494.8,36.7,164602,13455,25,25,cubic
0.309,9470,6,4320,69.9,32.9,20.1,494.8,38.1,164602,13456,25,25,cubic
0.321,9507,6,7200,64.2,24.4,20.1,494.8,40.0,164602,13460,25,25,cubic
0.331,9538,6,8640,58.8,21.1,20.1,494.8,40.7,164602,13462,25,25,cubic
0.336,9553,6,4320,54.3,22.4,20.1,494.8,39.7,164602,13463,25,25,cubic
0.348,9588,6,7200,50.3,22.3,20.1,494.8,37.7,164602,13467,25,25,cubic
0.357,9612,6,8640,46.6,20.6,20.1,494.8,35.7,164602,13469,25,25,cubic
0.364,10339,7,4320,43.5,22.4,20.1,494.8,32.8,164602,13470,25,25,cubic
0.393,10736,7,8640,43.0,39.6,20.1,494.8,25.6,164602,13475,25,25,cubic
0.403,10927,7,10080,42.8,41.3,20.1,494.8,19.6,164602,13477,25,25,cubic
0.408,11865,8,4320,42.4,39.6,20.1,494.8,15.5,279709,13478,25,25,cubic
0.006,11865,8,0,39.3,43.0,20.1,494.8,9.8,302031,13481,25,25,cubic
0.006,11865,8,0,37.8,27.6,20.1,494.8,10.2,313681,13483,25,25,cubic
0.037,12210,8,10080,36.5,27.6,20.1,494.8,10.2,334136,13492,25,25,cubic
0.041,12378,8,10080,35.5,28.4,20.1,494.8,9.7,348440,13493,25,25,cubic
0.049,12710,8,10080,35.2,32.9,20.1,494.8,7.9,361079,13495,25,25,cubic
0.057,12871,8,11520,34.9,32.9,20.1,494.8,6.5,368627,13497,25,25,cubic
0.064,13030,9,11520,35.0,35.7,20.1,494.8,5.1,372083,13498,25,25,cubic
0.070,13188,9,12960,35.4,38.1,20.1,494.8,4.6,372521,13500,25,25,cubic
0.077,13343,9,12960,36.0,39.9,20.1,494.8,4.6,371030,13501,25,25,cubic
0.084,13497,9,12960,36.8,42.4,20.1,494.8,5.0,367065,13502,25,25,cubic
0.089,13801,9,11520,37.8,44.7,20.1,494.8,5.8,365482,13503,25,25,cubic
0.100,13949,9,12960,38.8,46.1,20.1,494.8,6.4,359538,13505,25,25,cubic
0.107,14096,9,12960,40.0,48.8,20.1,494.8,7.3,352021,13506,25,25,cubic
0.114,14242,9,12960,41.5,51.7,20.1,494.8,8.4,343188,13507,25,25,cubic
0.120,14386,9,12960,42.8,51.6,20.1,494.8,8.8,336459,13508,25,25,cubic
0.127,14528,10,12960,44.7,58.1,20.1,494.8,10.4,325222,13509,25,25,cubic
0.134,14669,10,14400,46.4,58.5,20.1,494.8,11.3,316155,13511,25,25,cubic
0.155,12886,8,10135,50.6,60.2,20.1,494.8,11.2,254724,13513,25,25,cubic
0.169,12936,8,11575,52.2,63.7,20.1,494.8,11.6,247692,13515,25,25,cubic
0.175,12961,9,11575,53.7,63.6,20.1,494.8,11.6,241579,13516,25,25,cubic
0.182,12985,9,11575,54.9,63.6,20.1,494.8,11.2,236542,13517,25,25,cubic
0.188,13003,9,11575,55.8,62.0,20.1,494.8,10.2,233112,13518,25,25,cubic
0.193,13021,9,10135,56.3,60.2,20.1,494.8,8.7,231139,13519,25,25,cubic
0.206,13057,9,10080,55.1,46.5,20.1,494.8,9.0,236951,13522,25,25,cubic
0.224,13110,9,12960,53.8,44.8,20.1,494.8,9.3,243621,13525,25,25,cubic
0.229,13138,9,12960,52.9,46.6,20.1,494.8,8.8,248317,13526,25,25,cubic
0.235,13161,9,12960,52.1,46.6,20.1,494.8,8.2,252542,13527,25,25,cubic
0.241,13184,9,12960,51.6,48.2,20.1,494.8,7.1,255365,13528,25,25,cubic
0.260,10130,7,10080,52.3,54.8,20.1,494.8,4.7,255365,13529,25,25,cubic
0.265,10147,7,10080,52.5,53.8,20.1,494.8,3.9,255365,13530,25,25,cubic
0.272,10168,7,10080,52.8,54.6,20.1,494.8,3.5,255365,13531,25,25,cubic
0.279,10189,7,10080,53.1,55.3,20.1,494.8,3.2,255365,13532,25,25,cubic
0.284,10205,7,10080,53.3,55.0,20.1,494.8,2.9,255365,13533,25,25,cubic
0.289,10220,7,10080,53.5,54.5,20.1,494.8,2.5,255365,13534,25,25,cubic
0.296,10241,7,10080,53.7,55.6,20.1,494.8,2.4,255365,13535,25,25,cubic
0.303,10261,7,10080,54.1,56.8,20.1,494.8,2.5,255365,13536,25,25,cubic
0.308,10276,7,10080,52.7,43.0,20.1,494.8,4.7,255365,13537,25,25,cubic
0.313,10291,7,10080,51.5,43.1,20.1,494.8,5.9,255365,13538,25,25,cubic
0.318,10306,7,10080,50.2,41.3,20.1,494.8,7.0,255365,13539,25,25,cubic
0.323,10320,7,10080,48.9,39.5,20.1,494.8,7.9,255365,13540,25,25,cubic
0.329,10335,7,10080,47.7,39.6,20.1,494.8,8.3,255365,13541,25,25,cubic
0.335,10689,7,8640,46.3,36.1,20.1,494.8,9.1,255365,13542,25,25,cubic
0.342,10881,7,10080,44.8,34.4,20.1,494.8,9.8,255365,13544,25,25,cubic
0.363,8366,5,7200,42.6,39.6,20.1,494.8,7.3,255365,13545,25,25,cubic
0.370,8385,5,7200,42.4,41.4,20.1,494.8,5.8,255365,13546,25,25,cubic
0.375,8399,5,7200,42.3,41.3,20.1,494.8,4.6,255365,13547,25,25,cubic
0.380,8413,5,5760,41.9,39.6,20.1,494.8,4.1,255365,13548,25,25,cubic
0.394,8449,5,7200,42.5,46.5,20.1,494.8,4.2,255365,13550,25,25,cubic
0.408,6479,4,5760,40.2,32.7,20.1,494.8,6.4,255365,13551,25,25,cubic
0.415,6495,4,5760,39.5,34.4,20.1,494.8,6.2,255365,13552,25,25,cubic
0.421,6511,4,4320,39.1,36.3,20.1,494.8,5.5,255365,13553,25,25,cubic
0.435,6609,4,5760,38.7,36.2,20.1,494.8,4.8,255365,13555,25,25,cubic
0.449,5062,3,4320,36.5,29.3,20.1,494.8,6.5,255365,13556,25,25,cubic
0.456,5369,3,2880,35.6,29.3,20.1,494.8,6.7,255365,13557,25,25,cubic
0.470,5751,3,4320,34.8,29.2,20.1,494.8,6.6,255365,13559,25,25,cubic
0.477,6108,4,4320,33.3,22.4,20.1,494.8,8.1,255365,13560,25,25,cubic
0.483,6779,4,4320,31.9,22.4,20.1,494.8,8.8,255365,13562,25,25,cubic
0.005,3072,2,0,29.7,29.4,20.1,494.8,6.6,255365,13565,26,26,cubic
0.005,24232,16,0,29.3,27.0,20.1,494.8,5.7,826438,13567,26,26,cubic
0.032,29928,20,18720,29.1,27.2,20.1,494.8,4.8,1030223,13584,26,26,cubic
0.113,16286,11,15840,57.3,90.7,20.1,494.8,31.2,284094,13592,26,26,cubic
0.120,16412,11,15840,62.1,95.4,20.1,494.8,32.9,264347,13593,26,26,cubic
0.130,16537,11,15840,67.0,101.0,20.1,494.8,34.4,246997,13594,26,26,cubic
0.134,16661,11,15840,71.8,105.7,20.1,494.8,35.5,232063,13595,26,26,cubic
0.140,17276,11,10080,75.7,103.1,20.1,494.8,34.5,228201,13596,26,26,cubic
0.182,15144,10,14400,90.6,141.8,20.1,494.8,45.4,167170,13601,26,26,cubic
0.189,15173,10,14400,97.7,147.3,20.1,494.8,48.2,155338,13602,26,26,cubic
0.196,15201,10,14400,95.1,77.4,20.1,494.8,41.2,159763,13603,26,26,cubic
0.202,15229,10,14400,92.9,77.5,20.1,494.8,35.3,163863,13604,26,26,cubic
0.208,15249,10,14400,90.4,72.6,20.1,494.8,31.6,168698,13605,26,26,cubic
0.213,15270,10,14400,88.4,74.2,20.1,494.8,27.7,172813,13606,26,26,cubic
0.221,15304,10,12960,86.8,75.7,20.1,494.8,24.0,176364,13607,26,26,cubic
0.236,15357,10,14400,86.7,85.8,20.1,494.8,18.2,177213,13609,26,26,cubic
0.244,15384,10,14400,86.6,86.4,20.1,494.8,13.7,177580,13610,26,26,cubic
0.253,15410,10,14400,86.7,86.9,20.1,494.8,10.4,177802,13611,26,26,cubic
0.260,15430,10,12960,84.0,65.4,20.1,494.8,13.1,183681,13612,26,26,cubic
0.268,15468,10,12960,81.5,63.7,20.1,494.8,14.9,189870,13613,26,26,cubic
0.275,15500,10,12960,79.5,65.5,20.1,494.8,15.2,195051,13614,26,26,cubic
0.287,11891,8,11520,76.8,68.8,20.1,494.8,13.1,154862,13615,26,26,cubic
0.294,11915,8,11520,75.6,67.1,20.1,494.8,12.3,157657,13616,26,26,cubic
0.303,11939,8,11520,74.5,66.9,20.1,494.8,11.4,160274,13617,26,26,cubic
0.312,11956,8,11520,73.2,64.4,20.1,494.8,11.1,163275,13618,26,26,cubic
0.320,11997,8,10080,70.4,59.7,20.1,494.8,11.2,170312,13619,26,26,cubic
0.328,12020,8,10080,69.0,59.3,20.1,494.8,11.2,174079,13620,26,26,cubic
0.336,12054,8,7200,64.7,44.6,20.1,494.8,14.3,186424,13621,26,26,cubic
0.343,12077,8,5760,61.5,39.2,20.1,494.8,17.1,196447,13622,26,26,cubic
0.357,12110,8,5760,57.6,30.5,20.1,494.8,20.6,210228,13624,26,26,cubic
0.364,12131,8,4320,52.9,20.2,20.1,494.8,24.8,229211,13625,26,26,cubic
0.369,12164,8,4320,48.9,20.9,20.1,494.8,26.6,248655,13626,26,26,cubic
0.381,12185,8,5760,45.4,20.4,20.1,494.8,27.1,268634,13628,26,26,cubic
0.386,12207,8,5760,42.2,20.4,20.1,494.8,26.5,288964,13629,26,26,cubic
0.390,12313,8,4320,39.5,20.4,20.1,494.8,25.4,311642,13630,26,26,cubic
0.404,12479,8,7200,37.1,20.1,20.1,494.8,23.9,336479,13633,26,26,cubic
0.408,12644,8,7200,35.0,20.6,20.1,494.8,22.0,360947,13634,26,26,cubic
0.006,3072,2,0,29.2,21.1,20.1,494.8,14.6,438907,13636,27,27,cubic
0.005,23924,16,0,28.9,27.4,20.1,494.8,11.4,826447,13638,27,27,cubic
0.031,29620,20,18720,28.6,26.2,20.1,494.8,9.2,1035664,13655,27,27,cubic
0.114,16144,11,15895,59.6,91.5,20.1,494.8,31.4,270672,13664,27,27,cubic
0.121,16271,11,15895,64.2,96.2,20.1,494.8,32.7,253379,13665,27,27,cubic
0.128,16397,11,15895,68.9,101.8,20.1,494.8,33.9,237920,13666,27,27,cubic
0.134,16522,11,15895,73.6,106.5,20.1,494.8,34.8,224431,13667,27,27,cubic
0.141,17142,11,10135,77.5,105.1,20.1,494.8,34.0,221053,13668,27,27,cubic
0.181,15027,10,14455,92.0,142.0,20.1,494.8,44.4,163257,13673,27,27,cubic
0.188,15055,10,14455,99.0,147.5,20.1,494.8,47.2,152112,13674,27,27,cubic
0.195,15083,10,14400,96.1,75.8,20.1,494.8,41.2,156988,13675,27,27,cubic
0.202,15111,10,14400,93.6,75.9,20.1,494.8,35.9,161513,13676,27,27,cubic
0.209,15139,10,14400,91.4,75.9,20.1,494.8,31.3,165712,13677,27,27,cubic
0.216,15166,10,14400,89.4,75.9,20.1,494.8,27.4,169598,13678,27,27,cubic
0.221,15186,10,12960,87.5,74.0,20.1,494.8,24.4,173552,13679,27,27,cubic
0.237,15239,10,14400,87.4,86.6,20.1,494.8,18.5,174371,13681,27,27,cubic
0.245,15265,10,14400,87.4,87.3,20.1,494.8,13.9,174702,13682,27,27,cubic
0.253,15291,10,14400,87.4,87.6,20.1,494.8,10.5,174944,13683,27,27,cubic
0.261,15317,10,14400,85.1,68.9,20.1,494.8,12.5,179996,13684,27,27,cubic
0.269,15368,10,12960,81.3,68.9,20.1,494.8,13.6,189007,13685,27,27,cubic
0.283,11789,8,11520,78.4,68.8,20.1,494.8,12.7,150412,13686,27,27,cubic
0.289,11813,8,11520,77.2,68.8,20.1,494.8,11.9,153051,13687,27,27,cubic
0.297,11831,8,11520,76.1,68.9,20.1,494.8,11.0,155366,13688,27,27,cubic
0.306,11849,8,10080,74.3,61.5,20.1,494.8,11.9,159434,13689,27,27,cubic
0.315,11884,8,10080,72.6,60.4,20.1,494.8,12.4,163752,13690,27,27,cubic
0.323,11907,8,10080,70.8,58.7,20.1,494.8,12.8,168099,13691,27,27,cubic
0.331,11952,8,8640,67.6,56.7,20.1,494.8,12.8,176734,13692,27,27,cubic
0.339,11975,8,8640,65.4,49.9,20.1,494.8,14.0,183061,13693,27,27,cubic
0.347,11997,8,8640,63.5,50.0,20.1,494.8,14.4,188973,13694,27,27,cubic
0.355,12019,8,7200,61.2,45.6,20.1,494.8,15.3,196238,13695,27,27,cubic
0.361,12040,8,7200,58.4,38.6,20.1,494.8,17.1,206104,13696,27,27,cubic
0.368,12062,8,7200,55.7,36.9,20.1,494.8,18.2,216455,13697,27,27,cubic
0.374,12083,8,7200,53.2,35.7,20.1,494.8,18.7,227038,13698,27,27,cubic
0.380,12104,8,7200,50.9,34.7,20.1,494.8,18.6,237752,13699,27,27,cubic
0.386,9265,6,7200,48.8,34.0,20.1,494.8,18.2,237752,13700,27,27,cubic
0.005,3072,2,0,40.8,36.2,20.1,494.8,10.6,237752,13702,28,28,cubic
0.006,32296,22,0,39.1,26.9,20.1,494.8,11.4,826449,13704,28,28,cubic
0.032,32296,22,25920,37.6,27.1,20.1,494.8,11.6,859461,13727,28,28,cubic
0.129,17499,12,17335,71.4,105.2,20.1,494.8,34.1,245142,13733,28,28,cubic
0.135,17616,12,17335,76.2,110.0,20.1,494.8,35.3,231150,13734,28,28,cubic
0.142,17733,12,17335,81.1,115.5,20.1,494.8,36.3,218599,13735,28,28,cubic
0.149,17848,12,17335,86.0,120.3,20.1,494.8,37.0,207491,13736,28,28,cubic
0.156,17963,12,17335,91.0,125.8,20.1,494.8,37.7,197404,13737,28,28,cubic
0.177,15776,10,14455,105.9,140.2,20.1,494.8,38.8,149008,13738,28,28,cubic
0.184,15804,10,14455,110.9,146.3,20.1,494.8,39.2,142473,13739,28,28,cubic
0.190,15833,10,14455,116.0,151.6,20.1,494.8,39.6,136479,13740,28,28,cubic
0.197,15861,11,14455,121.1,156.4,20.1,494.8,39.8,131019,13741,28,28,cubic
0.204,15889,11,14455,126.2,162.0,20.1,494.8,40.1,125923,13742,28,28,cubic
0.215,15917,11,14455,131.3,166.8,20.1,494.8,40.2,121262,13743,28,28,cubic
0.226,15972,11,10080,119.2,75.8,20.1,494.8,43.8,134000,13744,28,28,cubic
0.236,15999,11,10080,113.1,70.5,20.1,494.8,45.0,141447,13745,28,28,cubic
0.246,16033,11,10080,106.3,58.5,20.1,494.8,47.4,150854,13746,28,28,cubic
0.254,16059,11,8640,100.1,56.8,20.1,494.8,47.9,160429,13747,28,28,cubic
0.263,16105,11,8640,94.7,56.8,20.1,494.8,46.8,170083,13748,28,28,cubic
0.273,12355,8,7200,85.3,52.8,20.1,494.8,42.7,144794,13749,28,28,cubic
0.282,12379,8,7200,80.8,48.7,20.1,494.8,41.2,153300,13750,28,28,cubic
0.291,12397,8,7200,76.2,44.1,20.1,494.8,40.0,162747,13751,28,28,cubic
0.299,12446,8,5760,67.8,39.4,20.1,494.8,37.1,183669,13752,28,28,cubic
0.306,12470,8,5760,64.0,37.3,20.1,494.8,35.5,194986,13753,28,28,cubic
0.313,12493,8,5760,60.3,34.4,20.1,494.8,34.0,207314,13754,28,28,cubic
0.320,9563,6,4320,56.3,28.4,20.1,494.8,33.5,207314,13755,28,28,cubic
0.328,9589,6,8640,52.3,24.0,20.1,494.8,33.1,207314,13759,28,28,cubic
0.333,9605,6,8640,48.5,21.9,20.1,494.8,32.4,207314,13760,28,28,cubic
0.340,9625,6,2880,44.9,20.2,20.1,494.8,31.4,207314,13761,28,28,cubic
0.369,9709,6,8640,43.8,35.8,20.1,494.8,25.8,207314,13766,28,28,cubic
0.374,9724,6,8640,42.8,35.7,20.1,494.8,21.4,207314,13767,28,28,cubic
0.383,10412,7,2880,42.1,37.6,20.1,494.8,17.3,207314,13768,28,28,cubic
0.409,11988,8,0,39.9,24.1,20.1,494.8,17.5,300669,13774,28,28,cubic
0.005,3072,2,0,47.1,55.4,20.1,494.8,11.5,254435,13783,29,29,cubic
0.006,36902,25,0,44.7,27.4,20.1,494.8,13.6,826454,13785,29,29,cubic
0.033,36902,25,25920,42.5,27.7,20.1,494.8,14.4,867731,13809,29,29,cubic
0.145,19848,13,18775,85.1,117.1,20.1,494.8,33.6,233289,13818,29,29,cubic
0.151,19952,13,18775,89.8,122.6,20.1,494.8,34.6,222256,13819,29,29,cubic
0.158,20054,13,18775,94.5,127.3,20.1,494.8,35.3,212288,13820,29,29,cubic
0.165,20157,13,18775,99.3,132.8,20.1,494.8,36.1,203070,13821,29,29,cubic
0.179,17669,12,17390,108.9,143.2,20.1,494.8,37.3,162188,13823,29,29,cubic
0.186,17700,12,17390,113.8,147.9,20.1,494.8,37.7,155515,13824,29,29,cubic
0.193,17731,12,17390,118.8,153.6,20.1,494.8,38.2,149264,13825,29,29,cubic
0.200,17762,12,17390,123.7,158.4,20.1,494.8,38.6,143547,13826,29,29,cubic
0.206,17793,12,17390,128.8,164.0,20.1,494.8,39.0,138172,13827,29,29,cubic
0.213,17823,12,17390,133.8,168.8,20.1,494.8,39.3,133223,13828,29,29,cubic
0.222,17853,12,17390,138.9,174.5,20.1,494.8,39.6,128558,13829,29,29,cubic
0.006,3072,2,0,91.7,56.7,20.1,494.8,37.2,149222,13833,30,30,cubic
0.005,69181,48,55,83.7,27.4,20.1,494.8,44.0,826456,13836,30,30,cubic
0.006,69181,48,17280,75.9,21.3,20.1,494.8,48.6,911463,13848,30,30,cubic
0.029,69181,48,24480,69.9,27.5,20.1,494.8,48.5,990365,13865,30,30,cubic
0.005,46258,32,0,193.6,37.6,20.1,494.8,72.8,238977,13889,30,30,cubic
0.006,46258,32,0,172.7,26.4,20.1,494.8,96.4,267895,13891,30,30,cubic
0.037,46733,32,8640,154.6,27.7,20.1,494.8,108.5,302369,13905,30,30,cubic
0.084,47131,32,21600,144.0,70.1,20.1,494.8,102.5,327300,13915,30,30,cubic
0.088,47185,32,21600,135.0,71.8,20.1,494.8,94.9,349588,13916,30,30,cubic
0.096,47240,32,23040,127.3,73.5,20.1,494.8,86.5,371109,13918,30,30,cubic
0.104,47296,32,24480,120.8,75.2,20.1,494.8,77.9,391597,13920,30,30,cubic
0.111,47350,32,25920,115.3,76.7,20.1,494.8,69.5,410796,13922,30,30,cubic
0.118,47404,32,27360,110.6,78.2,20.1,494.8,61.4,428491,13924,30,30,cubic
0.124,47458,32,28800,106.8,80.2,20.1,494.8,53.6,444246,13926,30,30,cubic
0.131,47510,32,30240,103.7,81.9,20.1,494.8,46.5,458104,13928,30,30,cubic
0.137,47564,33,31680,101.3,84.5,20.1,494.8,39.6,469475,13930,30,30,cubic
0.143,47615,33,33120,99.4,86.1,20.1,494.8,33.5,478947,13932,30,30,cubic
0.152,47668,33,36000,98.1,88.7,20.1,494.8,27.8,486016,13935,30,30,cubic
0.158,47720,33,37440,97.1,90.5,20.1,494.8,22.8,491295,13937,30,30,cubic
0.164,47771,33,38880,96.6,92.9,20.1,494.8,18.1,494487,13939,30,30,cubic
0.173,47823,33,41760,96.4,94.8,20.1,494.8,14.0,496181,13942,30,30,cubic
0.178,47873,33,43200,96.5,97.2,20.1,494.8,10.7,496180,13944,30,30,cubic
0.226,36846,25,34560,104.3,117.6,20.1,494.8,11.0,353425,13946,30,30,cubic
0.239,36946,25,34560,106.6,123.2,20.1,494.8,13.0,346533,13948,30,30,cubic
0.246,36996,25,36000,108.7,123.2,20.1,494.8,13.9,340396,13950,30,30,cubic
0.007,28372,19,0,133.9,63.8,20.1,494.8,32.7,211862,13955,30,30,cubic
0.006,28372,19,0,120.7,27.9,20.1,494.8,51.0,235118,13957,30,30,cubic
0.037,28711,19,8640,109.0,27.5,20.1,494.8,61.6,263340,13967,30,30,cubic
0.058,28863,20,11520,93.9,46.4,20.1,494.8,60.7,307331,13971,30,30,cubic
0.067,28913,20,12960,88.3,48.9,20.1,494.8,56.8,327470,13973,30,30,cubic
0.075,28952,20,14400,83.5,49.8,20.1,494.8,52.2,346838,13975,30,30,cubic
0.084,28992,20,15840,79.4,50.6,20.1,494.8,47.4,365331,13977,30,30,cubic
0.091,29030,20,17280,75.8,51.3,20.1,494.8,42.6,382739,13979,30,30,cubic
0.095,29069,20,17280,72.9,52.7,20.1,494.8,37.7,398483,13980,30,30,cubic
0.102,29107,20,18720,70.6,54.2,20.1,494.8,33.0,412274,13982,30,30,cubic
0.109,29146,20,20160,68.7,55.7,20.1,494.8,28.5,424040,13984,30,30,cubic
0.115,29184,20,21600,67.3,57.1,20.1,494.8,24.2,433749,13986,30,30,cubic
0.122,29221,20,23040,66.2,58.6,20.1,494.8,20.4,441451,13988,30,30,cubic
0.132,29258,20,25920,65.6,61.3,20.1,494.8,16.5,446114,13991,30,30,cubic
0.138,29295,20,27360,65.4,63.8,20.1,494.8,12.8,448216,13993,30,30,cubic
0.145,29332,20,28800,65.5,66.5,20.1,494.8,9.9,447844,13995,30,30,cubic
0.150,29368,20,28800,66.0,69.2,20.1,494.8,8.3,445280,13996,30,30,cubic
0.191,22668,15,21600,74.0,87.0,20.1,494.8,11.5,306353,13997,30,30,cubic
0.198,22704,15,21600,76.1,90.8,20.1,494.8,12.8,298352,13998,30,30,cubic
0.205,22739,15,21600,78.4,94.2,20.1,494.8,14.2,290175,13999,30,30,cubic
0.212,22775,15,21600,80.8,97.8,20.1,494.8,15.5,281917,14000,30,30,cubic
0.218,22809,15,21600,83.3,101.2,20.1,494.8,16.7,273679,14001,30,30,cubic
0.224,22835,15,21600,85.8,103.0,20.1,494.8,17.5,266132,14002,30,30,cubic
0.229,22861,15,21600,88.2,104.9,20.1,494.8,17.9,259224,14003,30,30,cubic
0.236,22896,15,21600,90.7,108.4,20.1,494.8,18.5,252383,14004,30,30,cubic
0.243,22930,15,21600,93.4,112.1,20.1,494.8,19.2,245511,14005,30,30,cubic
0.249,22963,15,21600,96.2,115.7,20.1,494.8,20.0,238725,14006,30,30,cubic
0.256,22996,15,21600,99.1,119.1,20.1,494.8,20.7,232160,14007,30,30,cubic
0.263,23030,15,21600,102.0,122.9,20.1,494.8,21.5,225720,14008,30,30,cubic
0.270,23063,16,21655,105.1,126.7,20.1,494.8,22.3,219403,14010,30,30,cubic
0.277,23095,16,21655,108.3,130.4,20.1,494.8,23.0,213295,14011,30,30,cubic
0.284,23128,16,23095,111.5,133.9,20.1,494.8,23.7,207468,14013,30,30,cubic
0.291,23160,16,23095,114.5,136.0,20.1,494.8,23.9,202200,14014,30,30,cubic
0.298,23192,16,23095,112.9,101.5,20.1,494.8,21.2,205400,14015,30,30,cubic
0.304,23223,16,23095,111.5,101.5,20.1,494.8,18.7,208296,14016,30,30,cubic
0.323,17843,12,15950,104.6,85.9,20.1,494.8,18.8,170553,14018,30,30,cubic
0.328,17866,12,15950,101.2,77.3,20.1,494.8,21.0,176539,14020,30,30,cubic
0.006,3072,2,0,81.0,61.7,20.1,494.8,20.6,221005,14023,31,31,cubic
0.006,61395,42,0,74.3,27.2,20.1,494.8,28.9,826456,14025,31,31,cubic
0.034,61395,42,27360,68.5,27.7,20.1,494.8,33.3,896722,14054,31,31,cubic
0.251,28048,19,27470,168.2,205.6,20.1,494.8,42.8,166707,14080,31,31,cubic
0.258,28089,19,27470,173.6,211.4,20.1,494.8,42.9,161762,14081,31,31,cubic
0.265,28129,19,27470,179.0,216.2,20.1,494.8,42.8,157183,14082,31,31,cubic
0.272,28169,19,27470,184.3,221.9,20.1,494.8,42.8,152821,14083,31,31,cubic
0.279,28208,19,27470,189.6,226.6,20.1,494.8,42.7,148766,14084,31,31,cubic
0.286,28247,19,27525,195.0,232.4,20.1,494.8,42.7,144881,14086,31,31,cubic
0.293,28286,19,27525,200.2,237.2,20.1,494.8,42.6,141257,14087,31,31,cubic
0.300,28325,19,27525,205.6,243.0,20.1,494.8,42.6,137777,14088,31,31,cubic
0.306,28364,19,27525,210.9,248.3,20.1,494.8,42.7,134472,14089,31,31,cubic
0.313,28402,19,27525,216.2,253.1,20.1,494.8,42.5,131370,14090,31,31,cubic
0.319,28430,19,26085,221.7,260.1,20.1,494.8,42.9,128245,14091,31,31,cubic
0.331,28486,19,26085,227.0,264.1,20.1,494.8,42.8,125498,14092,31,31,cubic
0.343,28551,19,23205,237.2,273.1,20.1,494.8,42.0,120361,14093,31,31,cubic
0.355,28597,19,23205,242.3,277.9,20.1,494.8,41.6,118025,14094,31,31,cubic
0.367,28669,19,21765,252.7,289.0,20.1,494.8,41.6,113469,14095,31,31,cubic
0.380,28705,19,21765,257.8,293.8,20.1,494.8,41.5,111347,14096,31,31,cubic
0.392,28811,20,18775,225.7,120.6,20.1,494.8,79.0,127680,14097,31,31,cubic
0.402,28846,20,18775,212.5,120.6,20.1,494.8,85.5,135732,14098,31,31,cubic
0.415,22122,15,17280,191.0,120.8,20.1,494.8,85.4,115817,14099,31,31,cubic
0.427,22150,15,15840,181.8,117.2,20.1,494.8,82.5,121847,14100,31,31,cubic
0.437,22249,15,14400,166.5,117.3,20.1,494.8,72.9,133650,14101,31,31,cubic
0.448,22284,15,14400,160.5,118.5,20.1,494.8,66.6,138857,14102,31,31,cubic
0.457,22354,15,12960,148.8,108.4,20.1,494.8,57.8,150186,14103,31,31,cubic
0.006,17114,11,0,93.1,50.5,20.1,494.8,49.0,183784,14105,31,31,cubic
0.005,17114,11,0,85.1,28.7,20.1,494.8,52.9,201175,14107,31,31,cubic
0.035,17348,12,7200,77.8,27.0,20.1,494.8,54.2,222950,14114,31,31,cubic
0.041,17376,12,7200,71.6,28.4,20.1,494.8,53.0,242549,14115,31,31,cubic
0.047,17405,12,7200,66.8,33.3,20.1,494.8,49.3,260390,14116,31,31,cubic
0.058,17434,12,8640,62.6,33.0,20.1,494.8,45.4,278427,14118,31,31,cubic
0.063,17462,12,8640,58.9,32.7,20.1,494.8,41.6,296579,14119,31,31,cubic
0.067,17490,12,8640,55.6,32.5,20.1,494.8,37.8,314675,14120,31,31,cubic
0.076,17518,12,10080,52.7,32.9,20.1,494.8,34.0,332138,14122,31,31,cubic
0.080,17545,12,10080,50.4,33.8,20.1,494.8,30.2,348294,14123,31,31,cubic
0.088,17572,12,11520,48.4,35.0,20.1,494.8,26.5,362690,14125,31,31,cubic
0.096,17600,12,12960,47.0,36.6,20.1,494.8,22.9,374739,14127,31,31,cubic
0.104,17626,12,14400,45.8,38.0,20.1,494.8,19.4,384477,14129,31,31,cubic
0.111,17653,12,15840,45.1,40.0,20.1,494.8,16.0,391358,14131,31,31,cubic
0.115,17679,12,15840,44.8,42.6,20.1,494.8,12.6,394699,14132,31,31,cubic
0.122,17705,12,17280,44.7,44.3,20.1,494.8,9.6,395819,14134,31,31,cubic
0.128,17731,12,17280,45.0,46.9,20.1,494.8,7.7,393987,14135,31,31,cubic
0.135,17757,12,17280,45.6,50.0,20.1,494.8,7.1,389151,14136,31,31,cubic
0.163,13674,9,12960,50.6,61.7,20.1,494.8,9.5,270151,14137,31,31,cubic
0.170,13700,9,12960,52.3,64.4,20.1,494.8,10.6,261750,14138,31,31,cubic
0.177,13725,9,12960,54.2,67.5,20.1,494.8,11.7,253056,14139,31,31,cubic
0.184,13751,9,12960,56.4,71.1,20.1,494.8,13.0,244024,14140,31,31,cubic
0.190,13776,9,12960,58.6,74.4,20.1,494.8,14.3,235065,14141,31,31,cubic
0.197,13801,9,12960,61.0,77.5,20.1,494.8,15.4,226357,14142,31,31,cubic
0.204,13825,9,12960,63.4,80.3,20.1,494.8,16.4,218111,14143,31,31,cubic
0.211,13850,9,12960,66.0,84.1,20.1,494.8,17.5,209924,14144,31,31,cubic
0.218,13874,9,12960,68.3,84.3,20.1,494.8,17.7,203222,14145,31,31,cubic
0.225,13898,9,12960,70.3,84.3,20.1,494.8,17.3,197768,14146,31,31,cubic
0.232,13922,9,12960,69.5,63.7,20.1,494.8,14.6,200454,14147,31,31,cubic
0.239,13945,9,11520,68.3,60.3,20.1,494.8,13.2,204160,14148,31,31,cubic
0.261,10726,7,10135,64.9,58.4,20.1,494.8,10.6,204160,14151,31,31,cubic
0.266,10742,7,10135,63.9,56.7,20.1,494.8,10.0,204160,14152,31,31,cubic
0.271,10759,7,10135,62.8,54.9,20.1,494.8,9.7,204160,14153,31,31,cubic
0.278,10781,7,10135,61.8,55.0,20.1,494.8,9.2,204160,14154,31,31,cubic
0.285,10802,7,10135,60.9,55.0,20.1,494.8,8.6,204160,14155,31,31,cubic
0.292,10824,7,10135,60.2,54.9,20.1,494.8,8.0,204160,14156,31,31,cubic
0.297,10840,7,8695,59.3,53.4,20.1,494.8,7.7,204160,14157,31,31,cubic
0.311,10882,7,8640,57.3,43.2,20.1,494.8,9.8,204160,14159,31,31,cubic
0.316,10897,7,7200,53.8,29.2,20.1,494.8,14.4,204160,14161,31,31,cubic
0.321,10912,7,10080,50.1,24.1,20.1,494.8,18.2,204160,14164,31,31,cubic
0.331,11138,7,8640,47.5,29.3,20.1,494.8,18.9,204160,14165,31,31,cubic
0.338,11506,7,8640,44.3,22.3,20.1,494.8,20.4,204160,14167,31,31,cubic
0.352,12040,8,7200,42.7,31.0,20.1,494.8,18.7,282152,14169,31,31,cubic
0.367,12211,8,11520,42.5,41.3,20.1,494.8,14.3,287283,14173,31,31,cubic
0.373,12547,8,10080,41.7,36.1,20.1,494.8,12.3,300836,14174,31,31,cubic
0.381,12873,8,10080,41.0,36.1,20.1,494.8,10.6,313891,14176,31,31,cubic
0.397,13192,9,10080,40.8,39.7,20.1,494.8,8.3,323000,14178,31,31,cubic
0.405,13347,9,12960,40.9,41.3,20.1,494.8,6.4,326324,14181,31,31,cubic
0.414,13501,9,12960,41.6,46.6,20.1,494.8,6.2,324480,14182,31,31,cubic
0.421,13653,9,12960,42.4,48.2,20.1,494.8,6.3,321799,14183,31,31,cubic
0.428,13803,9,12960,43.4,49.9,20.1,494.8,6.6,318320,14184,31,31,cubic
0.435,13952,9,12960,44.5,52.7,20.1,494.8,7.3,313309,14185,31,31,cubic
0.006,3072,2,0,54.4,58.4,20.1,494.8,7.7,226598,14188,32,32,cubic
0.006,42205,29,0,51.1,27.5,20.1,494.8,12.6,826447,14190,32,32,cubic
0.033,42205,29,25920,48.1,27.4,20.1,494.8,15.3,877187,14215,32,32,cubic
0.170,22517,15,21655,104.9,139.1,20.1,494.8,37.5,214715,14228,32,32,cubic
0.187,19753,13,18830,119.2,151.4,20.1,494.8,37.7,165750,14230,32,32,cubic
0.194,19787,13,18830,123.9,156.6,20.1,494.8,37.7,159760,14231,32,32,cubic
0.199,19812,13,18830,128.3,159.7,20.1,494.8,37.2,154378,14232,32,32,cubic
0.205,19836,13,17390,132.9,165.0,20.1,494.8,37.1,149241,14233,32,32,cubic
0.214,19869,13,17390,137.4,168.6,20.1,494.8,36.7,144641,14235,32,32,cubic
0.224,19910,13,15950,142.1,175.5,20.1,494.8,37.1,140075,14236,32,32,cubic
0.235,19958,13,15950,146.8,179.6,20.1,494.8,37.2,135935,14237,32,32,cubic
0.247,20030,13,13070,159.9,189.6,20.1,494.8,35.8,125238,14238,32,32,cubic
0.257,20054,13,13015,149.4,75.7,20.1,494.8,47.9,134227,14239,32,32,cubic
0.266,20109,13,11520,129.5,63.8,20.1,494.8,61.5,155251,14240,32,32,cubic
0.275,20148,13,10080,121.7,67.3,20.1,494.8,61.7,165492,14241,32,32,cubic
0.283,20170,14,10080,114.9,67.3,20.1,494.8,59.8,175478,14242,32,32,cubic
0.293,15442,10,8640,108.2,61.4,20.1,494.8,58.3,142652,14243,32,32,cubic
0.303,15507,10,5760,92.9,40.4,20.1,494.8,59.5,166887,14244,32,32,cubic
0.310,15528,10,5760,85.9,36.4,20.1,494.8,58.8,180854,14245,32,32,cubic
0.317,15557,10,5760,79.5,34.7,20.1,494.8,56.9,195784,14246,32,32,cubic
0.324,15584,10,5760,73.7,33.3,20.1,494.8,54.2,211474,14247,32,32,cubic
0.333,11931,8,5760,68.2,30.0,20.1,494.8,51.6,174874,14248,32,32,cubic
0.340,11949,8,4320,62.5,22.0,20.1,494.8,50.2,191327,14249,32,32,cubic
0.347,11985,8,4320,57.4,21.6,20.1,494.8,47.9,208979,14250,32,32,cubic
0.353,12009,8,4320,52.9,21.7,20.1,494.8,44.8,227026,14251,32,32,cubic
0.366,12039,8,5760,49.0,21.8,20.1,494.8,41.4,245648,14253,32,32,cubic
0.371,12062,8,5760,45.6,21.5,20.1,494.8,37.9,264714,14254,32,32,cubic
0.376,12085,8,4320,42.4,20.2,20.1,494.8,34.8,285063,14255,32,32,cubic
0.385,12125,8,5760,39.7,20.8,20.1,494.8,31.5,305438,14257,32,32,cubic
0.395,12148,8,7200,37.4,21.6,20.1,494.8,28.1,324543,14259,32,32,cubic
0.399,12164,8,7200,35.5,21.6,20.1,494.8,25.1,343121,14260,32,32,cubic
0.403,12181,8,7200,33.7,21.7,20.1,494.8,22.2,361153,14261,32,32,cubic
0.411,12197,8,8640,32.2,21.7,20.1,494.8,19.7,378553,14263,32,32,cubic
0.415,12214,8,8640,31.0,22.1,20.1,494.8,17.3,394509,14264,32,32,cubic
0.421,12241,8,10080,30.3,25.7,20.1,494.8,14.3,404033,14266,32,32,cubic
0.429,12262,8,11520,30.1,28.6,20.1,494.8,11.2,407659,14268,32,32,cubic
0.435,12283,8,11520,30.2,31.3,20.1,494.8,8.7,406371,14269,32,32,cubic
0.442,12304,8,11520,30.7,34.1,20.1,494.8,7.5,400586,14270,32,32,cubic
0.449,12325,8,11520,31.5,36.9,20.1,494.8,7.2,391406,14271,32,32,cubic
0.456,12345,8,11520,32.6,40.1,20.1,494.8,7.5,379064,14272,32,32,cubic
0.463,12366,8,11520,33.9,42.9,20.1,494.8,8.2,365285,14273,32,32,cubic
0.470,12499,8,11520,35.4,46.6,20.1,494.8,9.3,352670,14275,32,32,cubic
0.477,12663,8,11520,37.2,49.9,20.1,494.8,10.6,339973,14276,32,32,cubic
0.483,12825,8,11520,39.2,52.6,20.1,494.8,11.8,327418,14277,32,32,cubic
0.005,9940,6,1471,50.7,56.8,20.1,494.8,9.8,272034,14279,32,32,cubic
0.005,9940,6,8695,51.9,59.9,20.1,494.8,9.6,272034,14285,32,32,cubic
0.032,10052,6,1440,48.7,26.8,20.1,494.8,13.5,272034,14286,32,32,cubic
0.066,10152,7,8640,49.6,55.7,20.1,494.8,11.9,272034,14292,32,32,cubic
0.073,10171,7,2880,47.9,36.1,20.1,494.8,12.3,272034,14294,32,32,cubic
0.099,11694,8,0,44.9,24.0,20.1,494.8,15.2,260283,14300,32,32,cubic
0.149,12044,8,8640,44.6,42.2,20.1,494.8,12.1,270111,14308,32,32,cubic
0.166,12215,8,11520,45.4,51.4,20.1,494.8,10.8,268780,14311,32,32,cubic
0.171,12383,8,11520,46.4,52.8,20.1,494.8,9.9,267082,14312,32,32,cubic
0.177,12548,8,11520,47.3,54.1,20.1,494.8,9.4,265111,14313,32,32,cubic
0.181,12875,8,10080,46.1,37.6,20.1,494.8,9.4,279181,14314,32,32,cubic
0.389,14102,9,1440,140.5,202.8,20.1,494.8,89.5,100398,14316,32,32,cubic
0.006,14102,9,0,113.1,25.6,20.1,494.8,97.6,124662,14319,32,32,cubic
0.005,14102,9,0,102.5,28.1,20.1,494.8,94.4,137581,14321,32,32,cubic
0.036,14538,10,2880,92.9,25.9,20.1,494.8,90.0,156448,14326,32,32,cubic
0.044,14679,10,2880,83.9,20.7,20.1,494.8,85.5,174977,14327,32,32,cubic
0.052,14819,10,2880,76.0,20.5,20.1,494.8,80.0,195068,14328,32,32,cubic
0.066,14957,10,4320,69.2,21.7,20.1,494.8,73.6,216185,14330,32,32,cubic
0.072,15094,10,4320,63.1,20.4,20.1,494.8,67.4,239275,14331,32,32,cubic
0.083,15230,10,5760,57.8,20.7,20.1,494.8,61.1,263595,14333,32,32,cubic
0.088,15365,10,5760,53.2,21.1,20.1,494.8,55.0,288864,14334,32,32,cubic
0.093,15632,10,4320,49.1,20.3,20.1,494.8,49.5,318480,14335,32,32,cubic
0.106,15894,11,5760,45.5,20.8,20.1,494.8,44.2,348958,14338,32,32,cubic
0.118,16023,11,8640,42.7,22.7,20.1,494.8,38.8,375298,14341,32,32,cubic
0.125,16151,11,10080,40.5,25.3,20.1,494.8,33.5,398622,14343,32,32,cubic
0.132,16278,11,11520,38.9,27.6,20.1,494.8,28.3,418393,14345,32,32,cubic
0.139,16404,11,12960,37.8,30.0,20.1,494.8,23.5,434117,14347,32,32,cubic
0.146,16529,11,14400,37.1,32.3,20.1,494.8,19.0,445501,14349,32,32,cubic
0.153,16653,11,15840,36.8,35.1,20.1,494.8,14.7,451949,14351,32,32,cubic
0.157,16776,11,15840,37.0,37.8,20.1,494.8,11.3,453797,14352,32,32,cubic
0.164,16898,11,15840,37.5,41.0,20.1,494.8,9.5,451010,14353,32,32,cubic
0.171,17020,11,15840,38.3,44.3,20.1,494.8,8.8,444142,14354,32,32,cubic
0.178,17140,11,15840,39.5,47.6,20.1,494.8,8.9,434165,14355,32,32,cubic
0.185,17260,11,15840,40.8,50.4,20.1,494.8,9.4,422573,14356,32,32,cubic
0.192,17378,12,15840,42.5,54.4,20.1,494.8,10.4,408576,14357,32,32,cubic
0.199,17496,12,17280,44.4,57.8,20.1,494.8,11.6,393725,14359,32,32,cubic
0.206,17614,12,17280,46.5,61.3,20.1,494.8,13.0,378396,14360,32,32,cubic
0.212,17730,12,17280,48.8,64.9,20.1,494.8,14.3,362999,14361,32,32,cubic
0.219,17846,12,17280,51.3,68.5,20.1,494.8,15.7,347854,14362,32,32,cubic
0.240,15673,10,14400,59.2,77.4,20.1,494.8,18.8,264715,14363,32,32,cubic
0.378,16202,11,1440,135.0,153.9,20.1,494.8,48.3,120006,14364,32,32,cubic
0.403,16288,11,2880,120.8,21.0,20.1,494.8,64.7,134888,14368,32,32,cubic
0.629,16927,11,1440,147.9,230.8,20.1,494.8,83.0,114479,14369,32,32,cubic
0.879,17400,12,1440,160.2,247.0,20.1,494.8,87.0,108582,14372,32,32,cubic
0.904,17436,12,1440,142.9,21.8,20.1,494.8,99.9,121979,14376,32,32,cubic
0.926,17464,12,2880,128.5,27.6,20.1,494.8,103.7,135877,14378,32,32,cubic
0.936,17473,12,2880,115.2,22.3,20.1,494.8,104.4,151610,14379,32,32,cubic
0.005,17473,12,510,93.2,21.1,20.1,494.8,96.9,187482,14381,32,32,cubic
0.006,17473,12,0,77.6,26.6,20.1,494.8,81.5,225147,14382,32,32,cubic
0.006,17473,12,0,71.2,26.7,20.1,494.8,73.9,245241,14384,32,32,cubic
0.036,15848,11,7200,65.8,27.5,20.1,494.8,66.3,240920,14392,32,32,cubic
0.047,15902,11,8640,62.0,35.2,20.1,494.8,57.4,256670,14394,32,32,cubic
0.058,15928,11,10080,58.8,36.6,20.1,494.8,49.4,270948,14396,32,32,cubic
0.063,15948,11,10080,55.9,35.5,20.1,494.8,42.9,285397,14397,32,32,cubic
0.068,15974,11,10080,53.4,36.4,20.1,494.8,37.0,298875,14398,32,32,cubic
0.072,16000,11,10080,51.5,37.8,20.1,494.8,31.7,310764,14399,32,32,cubic
0.081,16026,11,11520,49.8,38.2,20.1,494.8,27.1,321652,14401,32,32,cubic
0.090,16051,11,12960,48.5,39.6,20.1,494.8,22.9,330607,14403,32,32,cubic
0.095,16077,11,12960,47.6,40.9,20.1,494.8,19.1,337787,14404,32,32,cubic
0.103,16102,11,14400,46.9,41.6,20.1,494.8,15.8,343685,14406,32,32,cubic
0.107,16120,11,14400,46.2,42.0,20.1,494.8,13.0,348548,14407,32,32,cubic
0.111,16138,11,14400,45.7,42.1,20.1,494.8,10.8,352866,14408,32,32,cubic
0.120,16169,11,15840,45.8,46.0,20.1,494.8,8.2,353304,14410,32,32,cubic
0.125,16193,11,15840,46.1,48.2,20.1,494.8,6.7,351502,14411,32,32,cubic
0.131,16211,11,15840,46.3,48.2,20.1,494.8,5.6,349842,14412,32,32,cubic
0.139,16320,11,15840,47.2,52.9,20.1,494.8,5.8,346048,14413,32,32,cubic
0.165,12563,8,11520,50.9,60.9,20.1,494.8,8.4,246599,14414,32,32,cubic
0.170,12581,8,11520,52.4,62.3,20.1,494.8,9.2,240288,14415,32,32,cubic
0.177,12605,8,11520,53.9,65.0,20.1,494.8,10.0,233681,14416,32,32,cubic
0.184,12629,8,11520,55.7,67.8,20.1,494.8,11.0,226818,14417,32,32,cubic
0.189,12647,8,11520,57.3,68.8,20.1,494.8,11.5,220634,14418,32,32,cubic
0.194,12665,8,11520,58.8,69.4,20.1,494.8,11.7,215259,14419,32,32,cubic
0.199,12683,8,11520,60.1,68.9,20.1,494.8,11.3,211052,14420,32,32,cubic
0.205,12700,8,11520,61.2,68.8,20.1,494.8,10.6,207557,14421,32,32,cubic
0.211,12717,8,10080,58.9,43.0,20.1,494.8,12.5,215857,14422,32,32,cubic
0.217,12740,8,8640,56.3,37.8,20.1,494.8,14.7,226388,14423,32,32,cubic
0.236,12786,8,11520,54.4,41.3,20.1,494.8,14.7,235019,14426,32,32,cubic
0.242,12808,8,11520,53.0,43.0,20.1,494.8,13.9,241751,14427,32,32,cubic
0.247,12830,8,11520,52.0,44.8,20.1,494.8,12.5,246963,14428,32,32,cubic
0.253,12852,8,11520,51.3,46.4,20.1,494.8,10.7,250716,14429,32,32,cubic
0.263,9854,6,8640,50.3,46.4,20.1,494.8,7.7,250716,14430,32,32,cubic
0.273,9886,6,8640,49.7,45.1,20.1,494.8,7.1,250716,14431,32,32,cubic
0.280,9907,6,8640,49.2,45.7,20.1,494.8,6.3,250716,14432,32,32,cubic
0.289,9933,6,8640,49.1,48.2,20.1,494.8,5.0,250716,14433,32,32,cubic
0.296,9953,6,7200,48.8,46.7,20.1,494.8,4.3,250716,14434,32,32,cubic
0.303,9973,6,8640,48.2,44.4,20.1,494.8,4.3,250716,14436,32,32,cubic
0.311,9999,6,8640,47.6,43.0,20.1,494.8,4.6,250716,14437,32,32,cubic
0.318,10018,6,7200,45.9,34.4,20.1,494.8,6.7,250716,14438,32,32,cubic
0.327,10043,6,8640,44.3,32.6,20.1,494.8,8.4,250716,14440,32,32,cubic
0.332,10211,7,7200,42.6,30.9,20.1,494.8,9.6,250716,14441,32,32,cubic
0.342,10412,7,10080,41.6,34.4,20.1,494.8,9.3,250716,14444,32,32,cubic
0.347,10609,7,10080,40.2,30.9,20.1,494.8,9.6,250716,14445,32,32,cubic
0.352,10996,7,8640,38.9,29.2,20.1,494.8,9.9,250716,14446,32,32,cubic
0.373,8435,5,5760,38.0,36.2,20.1,494.8,7.0,250716,14448,32,32,cubic
0.390,8483,5,5760,38.6,43.0,20.1,494.8,6.4,250716,14450,32,32,cubic
0.401,8511,5,5760,39.2,43.1,20.1,494.8,5.9,250716,14452,32,32,cubic
0.411,6510,4,5760,38.4,32.8,20.1,494.8,6.1,250716,14454,32,32,cubic
0.419,6530,4,4320,36.6,24.1,20.1,494.8,8.1,250716,14455,32,32,cubic
0.435,6687,4,4320,35.7,29.2,20.1,494.8,7.9,250716,14457,32,32,cubic
0.447,6994,4,5760,35.1,31.0,20.1,494.8,7.1,250716,14459,32,32,cubic
0.452,7580,5,4320,34.2,27.6,20.1,494.8,7.2,250716,14460,32,32,cubic
0.461,8121,5,5760,32.5,20.7,20.1,494.8,8.8,250716,14463,32,32,cubic
0.475,8374,5,7200,31.2,22.3,20.1,494.8,9.1,250716,14465,32,32,cubic
0.480,9108,6,4320,30.1,22.4,20.1,494.8,9.1,250716,14466,32,32,cubic
0.492,9559,6,7200,29.6,25.8,20.1,494.8,7.9,250716,14470,32,32,cubic
0.506,9773,6,8640,29.1,25.9,20.1,494.8,6.8,250716,14472,32,32,cubic
0.512,10612,7,4320,28.9,27.7,20.1,494.8,5.5,250716,14473,32,32,cubic
0.535,10999,7,8640,30.0,37.9,20.1,494.8,6.3,250716,14478,32,32,cubic
0.549,11185,7,10080,31.0,37.8,20.1,494.8,6.7,250716,14480,32,32,cubic
0.555,12102,8,4320,31.9,37.9,20.1,494.8,6.7,379587,14481,32,32,cubic
0.586,12441,8,10080,33.7,46.6,20.1,494.8,8.7,368993,14487,32,32,cubic
0.605,10907,7,8640,36.3,44.8,20.1,494.8,9.4,368993,14489,32,32,cubic
0.619,10953,7,10080,38.7,55.2,20.1,494.8,11.8,368993,14491,32,32,cubic
0.626,10975,7,10080,41.1,57.8,20.1,494.8,13.6,368993,14492,32,32,cubic
0.631,10991,7,10080,43.4,59.5,20.1,494.8,14.8,368993,14493,32,32,cubic
0.638,11013,7,10080,45.7,62.3,20.1,494.8,15.9,368993,14494,32,32,cubic
0.643,11029,7,8640,46.5,51.5,20.1,494.8,13.3,368993,14495,32,32,cubic
0.671,8480,5,7200,46.4,46.4,20.1,494.8,7.5,368993,14497,32,32,cubic
0.678,8499,5,7200,46.4,46.4,20.1,494.8,5.7,368993,14498,32,32,cubic
0.684,8518,5,7200,46.7,48.2,20.1,494.8,4.7,368993,14499,32,32,cubic
0.690,8532,5,7200,46.6,46.4,20.1,494.8,3.6,368993,14500,32,32,cubic
0.695,8545,5,5760,46.6,46.5,20.1,494.8,2.7,368993,14501,32,32,cubic
0.709,8582,5,7200,44.9,32.7,20.1,494.8,5.5,368993,14503,32,32,cubic
0.715,8600,5,7200,43.3,32.7,20.1,494.8,7.2,368993,14504,32,32,cubic
0.722,8771,6,7200,42.0,32.7,20.1,494.8,8.0,368993,14505,32,32,cubic
0.822,6888,4,2880,71.3,101.1,20.1,494.8,38.5,368993,14507,32,32,cubic
0.848,6952,4,4320,77.4,120.3,20.1,494.8,41.1,368993,14510,32,32,cubic
0.853,7716,5,2880,71.0,26.0,20.1,494.8,43.7,368993,14512,32,32,cubic
0.873,8513,5,4320,64.7,20.7,20.1,494.8,45.3,368993,14516,32,32,cubic
0.879,9235,6,4320,59.2,20.7,20.1,494.8,45.0,368993,14519,32,32,cubic
0.899,9901,6,5760,54.4,20.5,20.1,494.8,43.4,368993,14523,32,32,cubic
0.005,9901,6,0,48.9,32.7,20.1,494.8,33.8,368993,14525,32,32,cubic
0.006,9901,6,0,46.2,27.2,20.1,494.8,30.8,368993,14527,32,32,cubic
0.033,11351,7,0,43.9,28.0,20.1,494.8,27.6,368993,14534,32,32,cubic
0.074,12796,8,0,43.0,36.2,20.1,494.8,22.7,297886,14542,32,32,cubic
0.129,13117,9,10080,43.8,49.9,20.1,494.8,18.7,299297,14551,32,32,cubic
0.143,13273,9,12960,45.8,59.5,20.1,494.8,18.0,289930,14554,32,32,cubic
0.150,13427,9,12960,47.8,61.9,20.1,494.8,17.5,280934,14555,32,32,cubic
0.157,13580,9,12960,49.8,63.7,20.1,494.8,17.1,272778,14556,32,32,cubic
0.164,13731,9,12960,51.8,66.0,20.1,494.8,16.9,265031,14557,32,32,cubic
0.171,13881,9,12960,53.8,67.8,20.1,494.8,16.7,257982,14558,32,32,cubic
0.178,12145,8,11520,55.6,68.4,20.1,494.8,16.1,218317,14559,32,32,cubic
0.190,12188,8,10080,55.6,55.1,20.1,494.8,12.2,219366,14560,32,32,cubic
0.203,12236,8,11520,56.8,65.3,20.1,494.8,11.6,215506,14562,32,32,cubic
0.210,12260,8,11520,57.4,62.0,20.1,494.8,10.0,213484,14563,32,32,cubic
0.217,12284,8,11520,58.0,62.0,20.1,494.8,8.7,211800,14564,32,32,cubic
0.224,12307,8,11520,58.5,61.9,20.1,494.8,7.5,210408,14565,32,32,cubic
0.231,12330,8,11520,58.9,62.0,20.1,494.8,6.5,209234,14566,32,32,cubic
0.238,12353,8,11520,59.3,62.0,20.1,494.8,5.6,208278,14567,32,32,cubic
0.245,12376,8,11520,59.6,62.0,20.1,494.8,4.9,207508,14568,32,32,cubic
0.252,12398,8,10080,59.3,56.8,20.1,494.8,4.4,209125,14569,32,32,cubic
0.264,12437,8,10080,58.3,51.6,20.1,494.8,5.2,213247,14571,32,32,cubic
0.274,12469,8,11520,57.5,51.6,20.1,494.8,5.6,216920,14573,32,32,cubic
0.296,9587,6,8640,56.1,53.3,20.1,494.8,4.4,216920,14574,32,32,cubic
0.303,9607,6,8640,55.8,53.3,20.1,494.8,4.0,216920,14575,32,32,cubic
0.308,9623,6,7200,55.2,51.7,20.1,494.8,4.0,216920,14576,32,32,cubic
0.319,9653,6,8640,54.6,50.0,20.1,494.8,4.3,216920,14578,32,32,cubic
0.324,9667,6,7200,54.0,49.8,20.1,494.8,4.4,216920,14579,32,32,cubic
0.334,9697,6,7200,50.7,27.4,20.1,494.8,10.0,216920,14581,32,32,cubic
0.344,9726,6,7200,48.2,30.9,20.1,494.8,12.4,216920,14583,32,32,cubic
0.356,9886,6,8640,46.3,32.6,20.1,494.8,13.2,216920,14585,32,32,cubic
0.362,7565,5,7200,44.6,32.7,20.1,494.8,13.3,216920,14586,32,32,cubic
0.372,7592,5,5760,43.1,32.8,20.1,494.8,12.9,216920,14587,32,32,cubic
0.387,7632,5,5760,42.4,38.0,20.1,494.8,11.0,216920,14589,32,32,cubic
0.401,7666,5,7200,42.1,39.6,20.1,494.8,8.9,216920,14591,32,32,cubic
0.408,7683,5,7200,42.0,41.4,20.1,494.8,6.9,216920,14592,32,32,cubic
0.415,8214,5,5760,41.5,37.9,20.1,494.8,6.2,216920,14593,32,32,cubic
0.427,8714,6,5760,40.6,34.4,20.1,494.8,6.4,216920,14595,32,32,cubic
0.455,6699,4,4320,38.6,34.5,20.1,494.8,5.7,216920,14598,32,32,cubic
0.467,7052,4,2880,38.1,34.5,20.1,494.8,5.3,216920,14600,32,32,cubic
0.487,7634,5,4320,36.8,27.6,20.1,494.8,6.6,216920,14603,32,32,cubic
0.499,5836,4,4320,35.6,27.6,20.1,494.8,7.2,216920,14606,32,32,cubic
0.520,6561,4,2880,34.6,27.6,20.1,494.8,7.4,216920,14608,32,32,cubic
0.535,5011,3,4320,34.2,31.1,20.1,494.8,6.4,216920,14611,32,32,cubic
0.546,5888,4,1440,32.5,20.6,20.1,494.8,8.2,216920,14612,32,32,cubic
0.561,6236,4,5760,31.0,20.6,20.1,494.8,9.1,216920,14616,32,32,cubic
0.571,7551,5,1440,29.7,20.5,20.1,494.8,9.5,216920,14617,32,32,cubic
0.589,7823,5,7200,28.8,22.4,20.1,494.8,8.9,216920,14622,32,32,cubic
0.597,9133,6,1440,27.8,20.7,20.1,494.8,8.7,216920,14623,32,32,cubic
0.618,9358,6,8640,27.3,24.0,20.1,494.8,7.5,216920,14629,32,32,cubic
0.623,10673,7,1440,26.5,20.6,20.1,494.8,7.3,216920,14630,32,32,cubic
0.663,10865,7,10080,28.1,39.6,20.1,494.8,8.7,216920,14637,32,32,cubic
0.668,12186,8,1440,29.6,39.7,20.1,494.8,9.5,412246,14638,32,32,cubic
0.692,12859,8,7200,28.5,20.8,20.1,494.8,9.3,451843,14646,32,32,cubic
0.709,13018,9,11520,28.6,29.4,20.1,494.8,7.2,455477,14650,32,32,cubic
0.716,13176,9,12960,29.1,32.8,20.1,494.8,6.5,452627,14652,32,32,cubic
0.723,13331,9,12960,30.0,36.1,20.1,494.8,6.6,444559,14653,32,32,cubic
0.767,14517,10,2880,50.9,52.9,20.1,494.8,15.0,285447,14654,32,32,cubic
0.774,14659,10,5760,51.2,53.3,20.1,494.8,11.9,286510,14657,32,32,cubic
0.794,15078,10,7200,47.6,22.9,20.1,494.8,16.0,316558,14661,32,32,cubic
0.807,15214,10,10080,45.5,30.8,20.1,494.8,16.2,334197,14664,32,32,cubic
0.811,15349,10,10080,43.7,30.9,20.1,494.8,15.8,351251,14665,32,32,cubic
0.816,15483,10,10080,42.1,30.9,20.1,494.8,15.0,367767,14666,32,32,cubic
0.824,15615,10,11520,40.9,32.7,20.1,494.8,13.6,381542,14668,32,32,cubic
0.005,15615,10,0,43.0,41.6,20.1,494.8,5.5,362793,14670,32,32,cubic
0.006,15615,10,0,41.0,26.8,20.1,494.8,8.2,380797,14672,32,32,cubic
0.035,15878,11,12960,39.3,27.2,20.1,494.8,9.6,404246,14683,32,32,cubic
0.042,16136,11,12960,37.9,28.2,20.1,494.8,10.0,425774,14685,32,32,cubic
0.053,16263,11,15840,38.0,38.9,20.1,494.8,7.7,427681,14688,32,32,cubic
0.060,16389,11,15840,38.6,42.2,20.1,494.8,6.9,425092,14689,32,32,cubic
0.067,16514,11,15840,39.4,45.0,20.1,494.8,6.8,419584,14690,32,32,cubic
0.074,16638,11,15840,40.5,48.4,20.1,494.8,7.3,410895,14691,32,32,cubic
0.080,16762,11,15840,41.8,51.2,20.1,494.8,8.2,400736,14692,32,32,cubic
0.087,16884,11,15840,43.4,54.6,20.1,494.8,9.3,388808,14693,32,32,cubic
0.094,17005,11,15840,45.2,57.4,20.1,494.8,10.5,376491,14694,32,32,cubic
0.101,17126,11,15840,47.1,60.5,20.1,494.8,11.7,363740,14695,32,32,cubic
0.108,17246,11,15840,49.2,64.3,20.1,494.8,13.1,350307,14696,32,32,cubic
0.115,17365,12,15840,51.5,67.5,20.1,494.8,14.4,337092,14697,32,32,cubic
0.122,17483,12,17280,54.0,71.1,20.1,494.8,15.7,323975,14699,32,32,cubic
0.129,17600,12,17280,56.6,74.9,20.1,494.8,17.0,311091,14700,32,32,cubic
0.136,17716,12,17280,59.2,77.3,20.1,494.8,17.9,299428,14701,32,32,cubic
0.156,15559,10,14455,65.2,77.5,20.1,494.8,16.7,238565,14703,32,32,cubic
0.163,15587,10,14455,66.8,77.6,20.1,494.8,15.6,233471,14704,32,32,cubic
0.170,15616,10,14455,68.1,77.6,20.1,494.8,14.4,229262,14705,32,32,cubic
0.177,15644,10,14455,69.3,77.6,20.1,494.8,13.2,225752,14706,32,32,cubic
0.184,15671,10,14455,70.3,77.5,20.1,494.8,11.9,222836,14707,32,32,cubic
0.191,15699,10,14455,71.2,77.5,20.1,494.8,10.7,220423,14708,32,32,cubic
0.198,15726,10,13015,72.0,77.5,20.1,494.8,9.6,218389,14709,32,32,cubic
0.211,15780,10,14455,73.6,84.5,20.1,494.8,10.3,214501,14711,32,32,cubic
0.218,15806,10,14455,74.9,84.4,20.1,494.8,10.5,210971,14712,32,32,cubic
0.223,15826,10,14455,75.9,82.6,20.1,494.8,9.8,208571,14713,32,32,cubic
0.232,15859,11,14400,75.2,70.6,20.1,494.8,8.6,210840,14714,32,32,cubic
0.239,15885,11,15840,74.7,70.7,20.1,494.8,7.6,212790,14716,32,32,cubic
0.263,12222,8,11575,72.4,67.2,20.1,494.8,5.7,168861,14718,32,32,cubic
0.270,12246,8,10135,71.7,67.3,20.1,494.8,5.5,170697,14719,32,32,cubic
0.284,12294,8,11575,71.2,67.2,20.1,494.8,5.3,172721,14721,32,32,cubic
0.291,12317,8,11575,70.7,67.3,20.1,494.8,4.9,174242,14722,32,32,cubic
0.297,12340,8,11575,70.5,69.0,20.1,494.8,4.1,175087,14723,32,32,cubic
0.304,12363,8,10135,70.1,67.2,20.1,494.8,3.9,176445,14724,32,32,cubic
0.319,12409,8,10080,67.4,49.9,20.1,494.8,7.4,184077,14726,32,32,cubic
0.327,12431,8,10080,65.2,50.0,20.1,494.8,9.9,190557,14727,32,32,cubic
0.334,12453,8,10080,64.1,56.4,20.1,494.8,9.6,194165,14728,32,32,cubic
0.342,12475,8,10080,62.4,50.0,20.1,494.8,10.8,200032,14729,32,32,cubic
0.349,12497,8,10080,60.8,50.0,20.1,494.8,11.2,205498,14730,32,32,cubic
0.351,9566,6,8640,58.8,44.8,20.1,494.8,12.4,205498,14731,32,32,cubic
0.359,9592,6,8640,56.8,42.8,20.1,494.8,13.3,205498,14732,32,32,cubic
0.366,9613,6,8640,54.9,41.9,20.1,494.8,13.7,205498,14733,32,32,cubic
0.373,9634,6,7200,52.5,35.5,20.1,494.8,15.1,205498,14734,32,32,cubic
0.382,9659,6,8640,50.3,34.8,20.1,494.8,15.8,205498,14736,32,32,cubic
0.387,9674,6,8640,48.1,33.0,20.1,494.8,16.2,205498,14737,32,32,cubic
0.394,9694,6,8640,46.8,37.8,20.1,494.8,14.7,205498,14738,32,32,cubic
0.408,7436,5,7200,44.3,36.1,20.1,494.8,12.6,205498,14739,32,32,cubic
0.414,7453,5,5760,43.3,36.2,20.1,494.8,11.5,205498,14740,32,32,cubic
0.423,7475,5,5760,42.2,34.4,20.1,494.8,10.9,205498,14742,32,32,cubic
0.430,7609,5,5760,39.5,20.6,20.1,494.8,13.6,205498,14744,32,32,cubic
0.440,8148,5,5760,37.1,20.5,20.1,494.8,14.9,205498,14746,32,32,cubic
0.449,8652,6,5760,35.1,20.7,20.1,494.8,15.3,205498,14748,32,32,cubic
0.456,9126,6,7200,33.3,20.6,20.1,494.8,15.1,205498,14751,32,32,cubic
0.466,9575,6,7200,31.7,20.7,20.1,494.8,14.4,205498,14753,32,32,cubic
0.475,10217,7,5760,30.3,20.7,20.1,494.8,13.6,205498,14755,32,32,cubic
0.487,10619,7,8640,29.8,25.8,20.1,494.8,11.3,205498,14759,32,32,cubic
0.501,11005,7,8640,29.5,27.5,20.1,494.8,9.0,205498,14761,32,32,cubic
0.509,11750,8,5760,29.4,29.2,20.1,494.8,6.8,399021,14763,32,32,cubic
0.535,12099,8,10080,31.1,43.0,20.1,494.8,8.5,388473,14768,32,32,cubic
0.547,12438,8,10080,32.4,41.1,20.1,494.8,8.9,384078,14770,32,32,cubic
0.561,12768,8,10080,34.2,46.6,20.1,494.8,10.2,373836,14772,32,32,cubic
0.574,12929,8,11520,37.0,56.8,20.1,494.8,13.3,349536,14774,32,32,cubic
0.581,13087,9,11520,39.8,59.6,20.1,494.8,15.6,328695,14775,32,32,cubic
0.595,11474,7,10080,44.3,55.0,20.1,494.8,16.3,328695,14777,32,32,cubic
0.609,11521,8,8640,45.8,56.8,20.1,494.8,15.3,251314,14778,32,32,cubic
0.622,11567,8,10080,47.2,56.8,20.1,494.8,14.2,244985,14781,32,32,cubic
0.636,11612,8,11520,48.4,56.8,20.1,494.8,13.1,239852,14783,32,32,cubic
0.643,11634,8,10080,49.5,56.9,20.1,494.8,11.9,235172,14784,32,32,cubic
0.657,11678,8,11520,50.4,56.8,20.1,494.8,10.8,231747,14786,32,32,cubic
0.664,11699,8,10080,50.3,49.9,20.1,494.8,8.2,232427,14787,32,32,cubic
0.678,11741,8,11520,51.2,57.5,20.1,494.8,7.9,229168,14789,32,32,cubic
0.698,9027,6,8695,53.4,56.7,20.1,494.8,6.5,229168,14791,32,32,cubic
0.705,9047,6,8695,53.8,56.7,20.1,494.8,5.7,229168,14792,32,32,cubic
0.712,9067,6,8695,54.9,62.4,20.1,494.8,6.4,229168,14793,32,32,cubic
0.719,9086,6,8695,55.1,56.8,20.1,494.8,5.3,229168,14794,32,32,cubic
0.726,9105,6,7255,55.3,56.8,20.1,494.8,4.4,229168,14795,32,32,cubic
0.736,9133,6,8695,55.1,53.3,20.1,494.8,3.8,229168,14797,32,32,cubic
0.745,9157,6,8640,53.4,41.5,20.1,494.8,6.2,229168,14798,32,32,cubic
0.752,9175,6,8640,51.9,41.4,20.1,494.8,7.7,229168,14799,32,32,cubic
0.757,9212,6,8640,50.3,39.7,20.1,494.8,8.8,229168,14800,32,32,cubic
0.769,7065,4,5760,47.4,38.0,20.1,494.8,10.0,229168,14801,32,32,cubic
0.777,7086,4,5760,46.0,36.3,20.1,494.8,10.3,229168,14802,32,32,cubic
0.783,7099,4,5760,44.4,32.7,20.1,494.8,11.0,229168,14803,32,32,cubic
0.788,7169,4,4320,42.3,27.5,20.1,494.8,12.5,229168,14804,32,32,cubic
0.796,7455,5,5760,39.8,22.2,20.1,494.8,14.4,229168,14806,32,32,cubic
0.803,7730,5,7200,37.4,20.6,20.1,494.8,15.6,229168,14808,32,32,cubic
0.810,7995,5,7200,35.5,22.4,20.1,494.8,15.4,229168,14809,32,32,cubic
0.815,8508,5,5760,33.9,22.4,20.1,494.8,14.8,229168,14810,32,32,cubic
0.829,8990,6,5760,33.1,27.6,20.1,494.8,12.7,229168,14812,32,32,cubic
0.841,9218,6,8640,33.1,32.9,20.1,494.8,9.6,229168,14815,32,32,cubic
0.848,9663,6,7200,33.0,32.7,20.1,494.8,7.3,229168,14816,32,32,cubic
0.853,9875,6,8640,33.0,32.8,20.1,494.8,5.5,229168,14818,32,32,cubic
0.867,10498,7,5760,33.0,32.8,20.1,494.8,4.2,229168,14819,32,32,cubic
0.006,3072,2,0,35.5,36.1,20.1,494.8,4.6,229168,14823,33,33,cubic
0.006,33630,23,0,34.7,28.9,20.1,494.8,5.1,969639,14825,33,33,cubic
0.032,40750,28,27360,33.7,26.9,20.1,494.8,5.8,1208983,14849,33,33,cubic
0.150,21746,15,21655,85.9,124.5,20.1,494.8,41.7,253101,14860,33,33,cubic
0.156,21840,15,21655,91.4,129.8,20.1,494.8,42.3,238931,14861,33,33,cubic
0.177,19176,13,18775,107.8,146.1,20.1,494.8,43.1,177847,14862,33,33,cubic
0.184,19212,13,18775,113.4,152.1,20.1,494.8,43.4,169477,14863,33,33,cubic
0.191,19242,13,14455,118.4,153.6,20.1,494.8,42.6,162540,14864,33,33,cubic
0.218,19369,13,18775,126.0,179.3,20.1,494.8,47.2,153719,14868,33,33,cubic
0.225,19400,13,18775,133.4,185.1,20.1,494.8,50.2,145432,14869,33,33,cubic
0.232,19431,13,18775,140.6,190.7,20.1,494.8,52.0,138236,14870,33,33,cubic
0.243,19462,13,18775,147.6,196.6,20.1,494.8,53.0,131884,14871,33,33,cubic
0.255,19523,13,17335,161.1,208.1,20.1,494.8,53.5,121170,14872,33,33,cubic
0.266,19583,13,15840,147.9,104.9,20.1,494.8,53.0,132397,14873,33,33,cubic
0.276,19612,13,15840,140.8,90.9,20.1,494.8,54.0,139299,14874,33,33,cubic
0.286,19641,13,15840,134.5,90.3,20.1,494.8,53.1,146050,14875,33,33,cubic
0.295,19670,13,14400,129.1,91.1,20.1,494.8,50.7,152416,14876,33,33,cubic
0.307,15088,10,12960,122.1,98.3,20.1,494.8,40.6,123568,14877,33,33,cubic
0.318,15116,10,11520,117.8,87.7,20.1,494.8,39.1,128311,14878,33,33,cubic
0.329,15165,10,11520,114.1,87.8,20.1,494.8,36.8,132958,14879,33,33,cubic
0.339,15212,10,10080,105.9,77.0,20.1,494.8,35.0,143601,14880,33,33,cubic
0.349,15260,10,7200,96.6,61.1,20.1,494.8,36.1,157903,14881,33,33,cubic
0.357,15286,10,2880,87.9,26.7,20.1,494.8,44.6,173898,14882,33,33,cubic
0.372,15332,10,4320,79.9,23.6,20.1,494.8,49.5,191971,14884,33,33,cubic
0.379,15358,10,4320,72.4,20.4,20.1,494.8,52.0,212047,14885,33,33,cubic
0.386,15388,10,4320,65.9,20.6,20.1,494.8,52.0,233349,14886,33,33,cubic
0.397,15423,10,5760,60.5,22.0,20.1,494.8,50.0,255136,14888,33,33,cubic
0.402,15448,10,5760,55.6,21.5,20.1,494.8,47.2,277946,14889,33,33,cubic
0.407,15468,10,5760,51.2,20.2,20.1,494.8,44.2,302357,14890,33,33,cubic
0.411,15492,10,5760,47.3,20.2,20.1,494.8,40.9,327630,14891,33,33,cubic
0.420,15516,10,5760,44.0,20.7,20.1,494.8,37.3,352941,14893,33,33,cubic
0.428,15552,10,7200,41.1,20.9,20.1,494.8,33.8,378615,14895,33,33,cubic
0.435,15571,10,7200,38.5,20.3,20.1,494.8,30.5,404620,14897,33,33,cubic
0.442,15597,10,7200,36.2,20.2,20.1,494.8,27.5,430903,14899,33,33,cubic
0.452,15629,10,8640,34.3,20.7,20.1,494.8,24.5,456241,14902,33,33,cubic
0.458,15652,10,8640,32.5,20.5,20.1,494.8,21.8,481037,14904,33,33,cubic
0.467,15681,10,8640,31.0,20.6,20.1,494.8,19.3,505186,14907,33,33,cubic
0.478,15714,10,12960,30.0,22.3,20.1,494.8,16.7,524656,14911,33,33,cubic
0.483,15951,11,12960,29.5,26.4,20.1,494.8,13.4,540546,14913,33,33,cubic
0.491,16208,11,14400,29.6,30.6,20.1,494.8,10.3,546717,14916,33,33,cubic
0.502,16461,11,14400,30.1,33.2,20.1,494.8,8.6,547077,14918,33,33,cubic
0.509,16585,11,15840,30.5,33.5,20.1,494.8,7.3,543592,14920,33,33,cubic
0.514,16709,11,15840,31.2,36.2,20.1,494.8,6.9,535081,14921,33,33,cubic
0.519,16954,11,14400,32.2,39.2,20.1,494.8,7.2,526129,14922,33,33,cubic
0.526,17196,11,14400,33.3,40.7,20.1,494.8,7.5,516613,14924,33,33,cubic
0.536,17315,12,15840,34.7,44.5,20.1,494.8,8.4,499235,14926,33,33,cubic
0.541,17434,12,17280,36.3,47.4,20.1,494.8,9.5,480646,14928,33,33,cubic
0.548,17551,12,17280,38.2,51.5,20.1,494.8,10.9,459763,14929,33,33,cubic
0.553,17668,12,17280,40.2,54.2,20.1,494.8,12.2,439754,14930,33,33,cubic
0.558,17900,12,15840,41.6,51.6,20.1,494.8,12.0,430205,14931,33,33,cubic
0.569,18129,12,15840,43.3,55.1,20.1,494.8,12.4,418722,14933,33,33,cubic
0.579,18356,12,15840,44.8,55.1,20.1,494.8,12.2,410006,14935,33,33,cubic
0.608,14107,9,12960,49.6,67.1,20.1,494.8,15.4,284266,14937,33,33,cubic
0.622,14161,9,12960,52.9,75.8,20.1,494.8,18.1,267724,14938,33,33,cubic
0.629,14187,9,12960,55.7,75.7,20.1,494.8,19.3,254530,14939,33,33,cubic
0.636,14213,9,12960,58.4,77.2,20.1,494.8,19.8,243269,14940,33,33,cubic
0.643,14239,9,11520,61.0,79.1,20.1,494.8,20.0,233391,14941,33,33,cubic
0.657,14290,9,11520,63.7,82.5,20.1,494.8,20.4,224350,14943,33,33,cubic
0.670,14339,9,11520,66.5,86.1,20.1,494.8,20.9,215656,14945,33,33,cubic
0.698,11023,7,10080,66.2,63.7,20.1,494.8,10.7,215656,14947,33,33,cubic
0.705,11046,7,10080,65.9,63.7,20.1,494.8,8.7,215656,14948,33,33,cubic
0.712,11068,7,8640,65.6,63.6,20.1,494.8,7.1,215656,14949,33,33,cubic
0.725,11112,7,8640,65.4,63.6,20.1,494.8,5.8,215656,14951,33,33,cubic
0.739,11155,7,8640,65.2,63.7,20.1,494.8,4.8,215656,14953,33,33,cubic
0.748,11182,7,10080,62.6,44.8,20.1,494.8,8.7,215656,14955,33,33,cubic
0.754,11203,7,10080,60.4,44.6,20.1,494.8,11.0,215656,14956,33,33,cubic
0.774,8609,5,5760,56.5,43.2,20.1,494.8,12.9,215656,14957,33,33,cubic
0.005,8609,5,0,51.2,24.1,20.1,494.8,17.2,215656,14959,33,33,cubic
0.005,8609,5,0,48.2,27.3,20.1,494.8,18.8,215656,14960,33,33,cubic
0.005,8609,5,0,45.6,27.5,20.1,494.8,19.3,215656,14961,33,33,cubic
0.030,8609,5,0,43.4,27.8,20.1,494.8,18.9,215656,14963,33,33,cubic
0.056,8791,6,0,44.4,51.4,20.1,494.8,16.2,215656,14969,33,33,cubic
0.091,10385,7,0,42.5,29.3,20.1,494.8,15.9,215656,14976,33,33,cubic
0.139,11964,8,0,42.6,43.1,20.1,494.8,12.1,281003,14984,33,33,cubic
0.189,12307,8,10080,42.8,44.7,20.1,494.8,9.6,287278,14993,33,33,cubic
0.209,10790,7,10080,45.6,55.4,20.1,494.8,10.2,287278,14995,33,33,cubic
0.216,10812,7,10080,47.0,56.9,20.1,494.8,10.5,287278,14996,33,33,cubic
0.223,10835,7,10080,48.4,58.6,20.1,494.8,10.8,287278,14997,33,33,cubic
0.230,10857,7,10080,49.9,60.4,20.1,494.8,11.1,287278,14998,33,33,cubic
0.237,10879,7,10080,51.4,62.1,20.1,494.8,11.3,287278,14999,33,33,cubic
0.244,10901,7,10080,53.0,63.8,20.1,494.8,11.6,287278,15000,33,33,cubic
0.251,10922,7,8640,53.5,56.8,20.1,494.8,9.7,287278,15001,33,33,cubic
0.264,10964,7,10080,53.0,49.9,20.1,494.8,8.1,287278,15003,33,33,cubic
0.271,10985,7,10080,52.6,50.0,20.1,494.8,6.9,287278,15004,33,33,cubic
0.278,11006,7,10080,52.3,50.0,20.1,494.8,5.8,287278,15005,33,33,cubic
0.283,11021,7,8640,51.6,46.5,20.1,494.8,5.8,287278,15006,33,33,cubic
0.300,8455,5,7200,50.0,44.7,20.1,494.8,6.1,287278,15008,33,33,cubic
0.314,8493,5,7200,49.3,44.8,20.1,494.8,5.8,287278,15009,33,33,cubic
0.321,8512,5,7200,48.8,44.7,20.1,494.8,5.5,287278,15010,33,33,cubic
0.328,8530,5,7200,48.2,44.7,20.1,494.8,5.2,287278,15011,33,33,cubic
0.335,8548,5,5760,48.0,46.5,20.1,494.8,4.3,287278,15012,33,33,cubic
0.347,8580,5,7200,47.2,41.3,20.1,494.8,4.9,287278,15014,33,33,cubic
0.354,8598,5,7200,45.6,34.5,20.1,494.8,6.9,287278,15015,33,33,cubic
0.361,9007,6,5760,43.6,29.3,20.1,494.8,9.2,287278,15016,33,33,cubic
0.383,6924,4,5760,40.4,30.9,20.1,494.8,10.6,287278,15019,33,33,cubic
0.390,6941,4,5760,39.2,30.9,20.1,494.8,10.3,287278,15020,33,33,cubic
0.397,7147,4,2880,38.2,31.0,20.1,494.8,9.8,287278,15021,33,33,cubic
0.424,5476,3,4320,36.1,29.3,20.1,494.8,9.1,287278,15024,33,33,cubic
0.429,5967,4,1440,35.0,27.5,20.1,494.8,9.0,287278,15025,33,33,cubic
0.450,6310,4,5760,33.2,20.7,20.1,494.8,10.3,287278,15029,33,33,cubic
0.457,7610,5,1440,31.9,22.6,20.1,494.8,10.4,287278,15030,33,33,cubic
0.483,7879,5,7200,31.4,27.5,20.1,494.8,8.9,287278,15035,33,33,cubic
0.490,9181,6,1440,30.9,27.8,20.1,494.8,7.6,287278,15036,33,33,cubic
0.524,9627,6,7200,31.3,34.2,20.1,494.8,6.5,287278,15042,33,33,cubic
0.529,10692,7,2880,31.7,34.3,20.1,494.8,5.6,287278,15044,33,33,cubic
0.555,12226,8,0,30.7,24.0,20.1,494.8,6.1,397761,15050,33,33,cubic
0.603,12562,8,10080,32.3,43.0,20.1,494.8,7.7,389290,15059,33,33,cubic
0.613,12725,8,11520,34.5,50.1,20.1,494.8,10.2,368936,15061,33,33,cubic
0.619,12886,8,11520,36.6,51.1,20.1,494.8,11.8,352403,15062,33,33,cubic
0.624,13045,9,11520,38.6,53.0,20.1,494.8,13.0,337752,15063,33,33,cubic
0.629,13202,9,12960,40.6,54.1,20.1,494.8,13.6,325533,15065,33,33,cubic
0.636,13358,9,12960,42.7,57.7,20.1,494.8,14.5,312819,15066,33,33,cubic
0.643,13665,9,11520,44.7,58.7,20.1,494.8,14.9,305670,15067,33,33,cubic
0.652,13965,9,11520,44.5,43.0,20.1,494.8,11.6,313841,15069,33,33,cubic
0.664,14112,9,12960,44.5,44.8,20.1,494.8,8.8,316860,15071,33,33,cubic
0.670,14257,9,12960,44.8,46.6,20.1,494.8,7.1,318243,15072,33,33,cubic
0.677,14545,10,11520,45.2,48.4,20.1,494.8,6.2,321471,15073,33,33,cubic
0.691,14686,10,14400,46.7,57.0,20.1,494.8,7.6,314414,15076,33,33,cubic
0.698,14825,10,14400,48.0,57.0,20.1,494.8,8.3,308918,15077,33,33,cubic
0.705,12971,9,12960,49.1,56.9,20.1,494.8,8.4,264180,15078,33,33,cubic
0.719,13023,9,11520,50.7,61.9,20.1,494.8,9.5,256904,15079,33,33,cubic
0.733,13074,9,12960,52.3,63.7,20.1,494.8,10.4,249899,15081,33,33,cubic
0.739,13098,9,12960,53.7,63.7,20.1,494.8,10.6,243719,15082,33,33,cubic
0.746,13123,9,11520,55.0,63.7,20.1,494.8,10.5,238639,15083,33,33,cubic
0.760,13171,9,12960,57.5,75.1,20.1,494.8,12.9,229044,15085,33,33,cubic
0.767,13195,9,12960,59.1,70.5,20.1,494.8,12.9,223152,15086,33,33,cubic
0.774,13218,9,12960,60.5,70.2,20.1,494.8,12.5,218421,15087,33,33,cubic
0.780,13242,9,12960,61.7,70.3,20.1,494.8,11.8,214469,15088,33,33,cubic
0.801,10180,7,10080,62.1,63.3,20.1,494.8,7.3,214469,15089,33,33,cubic
0.808,10202,7,10080,62.3,63.4,20.1,494.8,5.8,214469,15090,33,33,cubic
0.815,10223,7,8640,62.4,63.6,20.1,494.8,4.7,214469,15091,33,33,cubic
0.827,10260,7,10080,62.4,61.8,20.1,494.8,3.7,214469,15093,33,33,cubic
0.832,10275,7,10080,62.1,60.2,20.1,494.8,3.3,214469,15094,33,33,cubic
0.837,10291,7,8640,61.4,56.8,20.1,494.8,3.8,214469,15095,33,33,cubic
0.847,10321,7,8640,58.4,37.6,20.1,494.8,8.8,214469,15097,33,33,cubic
0.854,10341,7,8640,55.4,34.2,20.1,494.8,12.6,214469,15099,33,33,cubic
0.878,7956,5,5815,48.3,36.0,20.1,494.8,15.7,214469,15102,33,33,cubic
0.892,7991,5,5815,47.2,39.5,20.1,494.8,14.0,214469,15104,33,33,cubic
0.903,8018,5,5815,46.7,43.1,20.1,494.8,11.5,214469,15106,33,33,cubic
0.913,8343,5,5760,44.5,29.4,20.1,494.8,13.0,214469,15108,33,33,cubic
0.923,8835,6,5760,42.2,26.0,20.1,494.8,14.4,214469,15110,33,33,cubic
0.945,6783,4,4320,38.8,27.5,20.1,494.8,14.1,214469,15113,33,33,cubic
0.952,7119,4,2880,36.9,24.0,20.1,494.8,14.2,214469,15115,33,33,cubic
0.971,7695,5,4320,34.8,20.2,20.1,494.8,14.9,214469,15118,33,33,cubic
0.979,8494,5,4320,33.2,21.7,20.1,494.8,14.4,214469,15121,33,33,cubic
0.997,9218,6,4320,31.6,20.6,20.1,494.8,14.0,214469,15124,33,33,cubic
1.009,9886,6,5760,30.7,24.3,20.1,494.8,12.3,214469,15128,33,33,cubic
1.022,10715,7,4320,29.4,20.5,20.1,494.8,11.8,214469,15131,33,33,cubic
1.036,11289,7,7200,28.5,22.2,20.1,494.8,10.6,214469,15136,33,33,cubic
1.053,12198,8,4320,28.2,25.9,20.1,494.8,8.6,432369,15139,33,33,cubic
1.084,12702,8,8640,30.1,42.9,20.1,494.8,10.1,422667,15145,33,33,cubic
1.096,13025,9,10080,31.0,37.8,20.1,494.8,9.6,419876,15148,33,33,cubic
1.103,13340,9,11520,32.4,41.7,20.1,494.8,9.8,412326,15151,33,33,cubic
1.111,13647,9,11520,34.0,45.3,20.1,494.8,10.6,401736,15153,33,33,cubic
1.122,13948,9,11520,33.8,32.6,20.1,494.8,8.3,412638,15155,33,33,cubic
1.136,14095,9,12960,35.0,43.2,20.1,494.8,8.6,402921,15157,33,33,cubic
1.142,14386,9,11520,35.8,41.2,20.1,494.8,8.0,402338,15158,33,33,cubic
1.163,12612,8,10080,40.0,55.4,20.1,494.8,12.0,315063,15160,33,33,cubic
1.172,12644,8,10080,42.4,59.0,20.1,494.8,13.7,298172,15162,33,33,cubic
1.185,12692,8,10080,44.4,58.5,20.1,494.8,14.3,285752,15164,33,33,cubic
1.200,12742,8,11520,46.2,58.6,20.1,494.8,14.3,275884,15166,33,33,cubic
1.206,12765,8,10080,47.7,58.6,20.1,494.8,13.8,267380,15167,33,33,cubic
1.220,12812,8,10080,48.2,51.8,20.1,494.8,11.4,265566,15169,33,33,cubic
1.247,9855,6,7200,50.1,56.9,20.1,494.8,9.6,265566,15171,33,33,cubic
1.256,9881,6,8640,50.2,51.2,20.1,494.8,7.5,265566,15173,33,33,cubic
1.263,9902,6,7200,50.4,51.4,20.1,494.8,5.9,265566,15174,33,33,cubic
1.273,9932,6,7200,50.1,48.0,20.1,494.8,5.0,265566,15176,33,33,cubic
1.285,9968,6,7200,47.9,32.7,20.1,494.8,8.1,265566,15178,33,33,cubic
1.308,7646,5,5760,46.0,39.7,20.1,494.8,7.9,265566,15180,33,33,cubic
1.320,7677,5,5760,45.4,41.6,20.1,494.8,7.0,265566,15182,33,33,cubic
1.330,7703,5,5760,44.7,39.6,20.1,494.8,6.7,265566,15184,33,33,cubic
1.343,5889,4,5760,42.8,29.9,20.1,494.8,8.7,265566,15186,33,33,cubic
1.356,5918,4,4320,41.3,30.9,20.1,494.8,9.5,265566,15187,33,33,cubic
1.370,6463,4,4320,40.5,34.4,20.1,494.8,8.9,265566,15189,33,33,cubic
1.383,6780,4,5760,39.9,35.5,20.1,494.8,7.9,265566,15191,33,33,cubic
1.390,7385,5,4320,38.5,29.2,20.1,494.8,8.6,265566,15192,33,33,cubic
1.402,7940,5,5760,37.2,27.7,20.1,494.8,9.1,265566,15195,33,33,cubic
1.416,8199,5,7200,36.0,27.6,20.1,494.8,9.3,265566,15197,33,33,cubic
1.423,8949,6,4320,34.9,27.6,20.1,494.8,9.0,265566,15198,33,33,cubic
1.444,9407,6,7200,35.1,36.2,20.1,494.8,7.1,265566,15202,33,33,cubic
1.457,9625,6,8640,35.2,36.1,20.1,494.8,5.6,265566,15204,33,33,cubic
1.464,10477,7,4320,35.3,36.1,20.1,494.8,4.4,265566,15205,33,33,cubic
1.492,10869,7,8640,36.3,43.0,20.1,494.8,5.2,265566,15210,33,33,cubic
1.512,9530,6,2880,37.9,43.2,20.1,494.8,5.7,265566,15212,33,33,cubic
1.547,9631,6,7200,39.4,49.9,20.1,494.8,7.3,265566,15217,33,33,cubic
1.561,9670,6,2880,39.8,43.0,20.1,494.8,6.4,265566,15219,33,33,cubic
1.590,7399,5,7200,39.6,37.9,20.1,494.8,5.3,265566,15224,33,33,cubic
1.600,7487,5,1440,38.9,34.4,20.1,494.8,5.2,265566,15225,33,33,cubic
1.624,7030,4,0,36.9,22.4,20.1,494.8,8.1,265566,15230,33,33,cubic
1.653,8488,5,0,35.3,24.2,20.1,494.8,9.2,265566,15235,33,33,cubic
1.681,9937,6,0,33.7,22.4,20.1,494.8,10.1,265566,15241,33,33,cubic
1.717,11382,7,0,33.4,31.4,20.1,494.8,8.2,265566,15248,33,33,cubic
1.747,12823,8,0,32.2,24.0,20.1,494.8,8.5,398019,15256,33,33,cubic
1.784,13143,9,10080,32.2,32.4,20.1,494.8,6.4,407686,15265,33,33,cubic
1.800,13299,9,12960,33.8,44.4,20.1,494.8,7.8,394009,15268,33,33,cubic
1.805,13607,9,11520,35.1,44.4,20.1,494.8,8.5,387785,15269,33,33,cubic
1.812,13909,9,11520,36.6,47.1,20.1,494.8,9.4,380089,15271,33,33,cubic
1.822,14056,9,12960,38.2,49.1,20.1,494.8,10.2,368401,15273,33,33,cubic
1.827,14494,10,10080,38.5,41.2,20.1,494.8,8.4,376076,15274,33,33,cubic
1.839,14635,10,14400,39.6,47.2,20.1,494.8,8.5,369384,15278,33,33,cubic
1.844,14775,10,14400,39.6,39.2,20.1,494.8,6.5,373417,15279,33,33,cubic
1.849,15053,10,12960,39.5,39.2,20.1,494.8,4.9,380876,15280,33,33,cubic
1.861,15325,10,12960,40.2,44.6,20.1,494.8,5.0,381655,15282,33,33,cubic
1.873,15459,10,14400,40.9,46.3,20.1,494.8,5.3,377767,15284,33,33,cubic
1.879,15724,10,12960,41.6,46.4,20.1,494.8,5.3,377926,15285,33,33,cubic
1.894,13778,9,12960,44.8,55.9,20.1,494.8,8.6,307620,15287,33,33,cubic
1.899,13798,9,12960,46.1,54.9,20.1,494.8,9.0,299578,15288,33,33,cubic
1.908,13831,9,12960,47.6,58.2,20.1,494.8,9.8,290701,15289,33,33,cubic
1.915,13857,9,11520,49.1,60.1,20.1,494.8,10.4,281978,15290,33,33,cubic
1.928,13909,9,11520,50.7,61.7,20.1,494.8,11.0,274258,15292,33,33,cubic
1.940,13953,9,12960,52.1,61.8,20.1,494.8,11.0,267832,15294,33,33,cubic
1.945,13972,9,11520,53.3,61.7,20.1,494.8,10.6,262183,15295,33,33,cubic
1.958,14015,9,12960,53.9,58.4,20.1,494.8,9.3,259864,15297,33,33,cubic
1.964,14040,9,12960,54.7,60.2,20.1,494.8,8.5,256621,15298,33,33,cubic
1.971,14064,9,12960,55.2,58.5,20.1,494.8,7.3,254847,15299,33,33,cubic
1.978,14088,9,11520,55.6,58.5,20.1,494.8,6.3,253381,15300,33,33,cubic
2.006,10830,7,10135,56.5,60.3,20.1,494.8,5.2,253381,15303,33,33,cubic
2.013,10853,7,8695,57.2,62.0,20.1,494.8,5.3,253381,15304,33,33,cubic
2.027,10897,7,10135,58.0,63.9,20.1,494.8,5.6,253381,15306,33,33,cubic
2.033,10918,7,10135,58.8,63.7,20.1,494.8,5.7,253381,15307,33,33,cubic
2.040,10940,7,10135,59.4,63.7,20.1,494.8,5.5,253381,15308,33,33,cubic
2.047,10961,7,8695,59.9,63.7,20.1,494.8,5.2,253381,15309,33,33,cubic
2.061,11003,7,10080,58.7,50.0,20.1,494.8,6.4,253381,15311,33,33,cubic
0.086,8460,5,7255,56.6,49.8,20.1,494.8,7.1,253381,15313,33,33,cubic
0.093,8479,5,7255,55.8,50.1,20.1,494.8,7.0,253381,15314,33,33,cubic
0.005,6485,4,566,51.1,36.2,20.1,494.8,9.6,253381,15315,33,33,cubic
0.031,6657,4,0,46.7,26.0,20.1,494.8,13.6,253381,15320,33,33,cubic
0.059,8197,5,0,43.6,22.5,20.1,494.8,16.2,253381,15325,33,33,cubic
0.088,9698,6,0,41.3,24.6,20.1,494.8,16.9,253381,15331,33,33,cubic
0.131,11178,7,0,40.8,37.8,20.1,494.8,13.5,253381,15338,33,33,cubic
0.160,12646,8,0,38.7,24.1,20.1,494.8,14.3,326525,15346,33,33,cubic
0.212,12970,9,10080,39.7,46.5,20.1,494.8,12.7,326700,15355,33,33,cubic
0.225,13128,9,12960,41.8,56.6,20.1,494.8,13.7,313984,15358,33,33,cubic
0.231,13440,9,11520,43.6,56.3,20.1,494.8,13.9,308115,15359,33,33,cubic
0.237,13593,9,12960,45.1,55.4,20.1,494.8,13.4,301483,15361,33,33,cubic
0.244,13744,9,12960,46.7,57.8,20.1,494.8,13.2,294455,15362,33,33,cubic
0.251,13893,9,12960,48.4,60.3,20.1,494.8,13.3,287170,15363,33,33,cubic
0.258,14041,9,12960,50.2,62.7,20.1,494.8,13.6,279851,15364,33,33,cubic
0.265,14333,9,11520,49.9,48.1,20.1,494.8,10.7,287136,15365,33,33,cubic
0.275,14476,10,12960,50.6,55.1,20.1,494.8,9.3,286318,15367,33,33,cubic
0.280,14901,10,11520,50.3,48.1,20.1,494.8,7.6,296513,15369,33,33,cubic
0.292,15038,10,14400,50.0,48.1,20.1,494.8,6.2,300880,15372,33,33,cubic
0.297,15311,10,12960,49.1,42.8,20.1,494.8,6.5,311915,15373,33,33,cubic
0.306,15445,10,14400,48.1,41.2,20.1,494.8,6.8,321055,15375,33,33,cubic
0.311,15710,10,12960,47.3,41.3,20.1,494.8,6.8,332472,15376,33,33,cubic
0.325,13746,9,12960,46.9,44.8,20.1,494.8,5.7,292829,15378,33,33,cubic
0.337,13793,9,12960,47.6,51.8,20.1,494.8,5.5,290067,15379,33,33,cubic
0.342,13812,9,11520,48.4,54.7,20.1,494.8,5.9,285148,15380,33,33,cubic
0.354,13858,9,12960,49.5,57.2,20.1,494.8,6.6,279795,15382,33,33,cubic
0.361,13884,9,12960,50.7,59.2,20.1,494.8,7.4,273614,15383,33,33,cubic
0.368,13909,9,12960,52.1,61.7,20.1,494.8,8.3,266926,15384,33,33,cubic
0.375,13934,9,12960,53.6,64.1,20.1,494.8,9.2,259948,15385,33,33,cubic
0.380,13953,9,12960,54.9,63.6,20.1,494.8,9.4,254352,15386,33,33,cubic
0.385,13972,9,12960,56.2,65.7,20.1,494.8,9.8,248576,15387,33,33,cubic
0.394,14003,9,12960,57.1,63.6,20.1,494.8,9.2,245099,15388,33,33,cubic
0.401,14027,9,12960,57.3,58.3,20.1,494.8,7.2,244889,15389,33,33,cubic
0.408,14051,9,11520,57.6,60.1,20.1,494.8,6.1,243788,15390,33,33,cubic
0.435,10802,7,10080,59.1,61.9,20.1,494.8,4.7,243788,15392,33,33,cubic
0.442,10825,7,10080,59.4,62.1,20.1,494.8,4.3,243788,15393,33,33,cubic
0.449,10847,7,10080,60.0,63.8,20.1,494.8,4.3,243788,15394,33,33,cubic
0.456,10868,7,10080,60.7,65.6,20.1,494.8,4.6,243788,15395,33,33,cubic
0.463,10891,7,10080,61.1,63.9,20.1,494.8,4.3,243788,15396,33,33,cubic
0.470,10912,7,10080,61.4,63.8,20.1,494.8,3.9,243788,15397,33,33,cubic
0.477,10934,7,8640,61.8,64.1,20.1,494.8,3.6,243788,15398,33,33,cubic
0.505,8407,5,7200,57.9,49.9,20.1,494.8,7.4,243788,15400,33,33,cubic
0.511,8426,5,7200,56.9,50.1,20.1,494.8,7.5,243788,15401,33,33,cubic
0.518,8444,5,7200,56.0,49.7,20.1,494.8,7.4,243788,15402,33,33,cubic
0.525,8463,5,7200,55.2,49.8,20.1,494.8,7.1,243788,15403,33,33,cubic
0.532,8481,5,5760,54.5,49.7,20.1,494.8,6.7,243788,15404,33,33,cubic
0.553,6503,4,5760,50.2,35.9,20.1,494.8,11.3,243788,15406,33,33,cubic
0.559,6519,4,5760,48.4,35.9,20.1,494.8,12.1,243788,15407,33,33,cubic
0.566,6535,4,5760,46.8,35.9,20.1,494.8,12.2,243788,15408,33,33,cubic
0.573,6616,4,4320,45.5,35.9,20.1,494.8,11.8,243788,15409,33,33,cubic
0.594,5067,3,4320,41.6,29.2,20.1,494.8,13.3,243788,15411,33,33,cubic
0.599,5078,3,4320,39.9,27.5,20.1,494.8,13.5,243788,15412,33,33,cubic
0.604,5745,3,2880,38.1,25.8,20.1,494.8,13.6,243788,15413,33,33,cubic
0.619,6102,4,4320,35.9,20.6,20.1,494.8,14.6,243788,15415,33,33,cubic
0.625,6438,4,5760,34.0,20.6,20.1,494.8,14.8,243788,15417,33,33,cubic
0.632,7075,4,4320,32.6,22.5,20.1,494.8,14.0,243788,15418,33,33,cubic
0.645,7655,5,4320,31.1,20.7,20.1,494.8,13.4,243788,15420,33,33,cubic
0.657,8191,5,5760,30.4,25.7,20.1,494.8,11.4,243788,15423,33,33,cubic
0.663,8441,5,7200,29.8,25.8,20.1,494.8,9.7,243788,15425,33,33,cubic
0.678,9170,6,4320,29.6,27.7,20.1,494.8,7.8,243788,15426,33,33,cubic
0.699,9617,6,7200,30.4,36.2,20.1,494.8,7.5,243788,15430,33,33,cubic
0.711,9830,6,8640,32.0,43.1,20.1,494.8,8.8,243788,15432,33,33,cubic
0.718,10664,7,4320,32.3,34.1,20.1,494.8,7.2,243788,15433,33,33,cubic
0.743,11049,7,8640,33.2,39.5,20.1,494.8,7.2,243788,15438,33,33,cubic
0.759,9666,6,8640,34.2,41.3,20.1,494.8,7.4,243788,15440,33,33,cubic
0.764,9682,6,4320,35.1,41.4,20.1,494.8,7.3,243788,15441,33,33,cubic
0.800,9790,6,7200,37.2,51.8,20.1,494.8,9.7,243788,15445,33,33,cubic
0.812,9825,6,8640,38.5,48.1,20.1,494.8,10.0,243788,15447,33,33,cubic
0.819,9844,6,4320,39.9,49.9,20.1,494.8,10.3,243788,15448,33,33,cubic
0.843,7533,5,7200,39.7,37.7,20.1,494.8,8.3,243788,15452,33,33,cubic
0.859,7573,5,7200,39.9,41.3,20.1,494.8,6.6,243788,15453,33,33,cubic
0.865,7590,5,2880,40.1,41.4,20.1,494.8,5.3,243788,15454,33,33,cubic
0.893,7728,5,7200,40.7,44.9,20.1,494.8,5.2,243788,15458,33,33,cubic
0.905,6261,4,1440,39.4,34.5,20.1,494.8,5.2,243788,15459,33,33,cubic
0.924,6588,4,5760,37.7,25.6,20.1,494.8,7.3,243788,15463,33,33,cubic
0.931,7833,5,1440,35.5,20.7,20.1,494.8,9.7,243788,15464,33,33,cubic
0.950,8095,5,7200,33.7,20.8,20.1,494.8,11.0,243788,15469,33,33,cubic
0.957,9361,6,1440,32.1,20.6,20.1,494.8,11.5,243788,15470,33,33,cubic
0.986,9799,6,7200,31.7,29.4,20.1,494.8,9.3,243788,15476,33,33,cubic
0.991,10846,7,2880,31.5,29.6,20.1,494.8,7.5,243788,15478,33,33,cubic
1.029,11224,7,8640,32.2,37.7,20.1,494.8,7.2,243788,15484,33,33,cubic
1.039,12320,8,2880,33.6,42.8,20.1,494.8,8.0,367070,15486,33,33,cubic
1.067,12653,8,10080,33.4,32.6,20.1,494.8,6.3,378322,15493,33,33,cubic
1.077,12977,9,10080,33.4,32.9,20.1,494.8,4.8,388847,15495,33,33,cubic
1.101,11389,7,10080,36.9,44.9,20.1,494.8,7.5,388847,15498,33,33,cubic
1.106,11406,7,10080,38.2,46.8,20.1,494.8,8.1,388847,15499,33,33,cubic
1.111,11424,7,7200,38.8,43.0,20.1,494.8,7.3,388847,15500,33,33,cubic
1.127,11475,7,8640,39.5,44.6,20.1,494.8,6.9,388847,15503,33,33,cubic
1.142,11526,8,10080,41.7,57.0,20.1,494.8,9.6,276535,15505,33,33,cubic
1.149,11548,8,11520,41.9,43.2,20.1,494.8,7.5,275839,15507,33,33,cubic
1.156,11569,8,10080,42.2,44.8,20.1,494.8,6.4,273978,15508,33,33,cubic
1.163,11585,8,10080,42.5,44.8,20.1,494.8,5.4,272280,15510,33,33,cubic
1.185,8897,6,7200,42.0,37.8,20.1,494.8,4.4,272280,15512,33,33,cubic
1.196,8927,6,8640,41.9,41.1,20.1,494.8,3.5,272280,15514,33,33,cubic
1.202,8946,6,8640,41.8,41.2,20.1,494.8,2.8,272280,15515,33,33,cubic
1.209,8965,6,8640,42.3,45.9,20.1,494.8,3.1,272280,15516,33,33,cubic
1.216,8984,6,7200,43.0,47.5,20.1,494.8,3.6,272280,15517,33,33,cubic
1.228,9017,6,7200,42.3,37.9,20.1,494.8,4.0,272280,15519,33,33,cubic
1.239,9189,6,8640,41.8,37.9,20.1,494.8,4.1,272280,15521,33,33,cubic
1.259,7065,4,4320,40.5,37.9,20.1,494.8,3.6,272280,15522,33,33,cubic
1.271,7094,4,4320,40.2,38.0,20.1,494.8,3.4,272280,15524,33,33,cubic
0.011,5421,3,0,37.5,29.2,20.1,494.8,6.4,272280,15527,34,34,cubic
0.012,5421,3,0,37.0,33.4,20.1,494.8,5.8,272280,15529,34,34,cubic
0.038,5859,4,0,36.5,33.2,20.1,494.8,5.3,272280,15533,34,34,cubic
0.064,7609,5,0,34.5,20.5,20.1,494.8,8.0,272280,15538,34,34,cubic
0.091,9226,6,0,33.0,22.4,20.1,494.8,9.0,272280,15544,34,34,cubic
0.133,10781,7,0,33.4,36.3,20.1,494.8,7.6,272280,15551,34,34,cubic
0.181,12303,8,0,34.7,43.5,20.1,494.8,8.2,354798,15559,34,34,cubic
0.236,10764,7,10080,36.5,49.6,20.1,494.8,9.9,354798,15568,34,34,cubic
0.250,10809,7,10080,39.4,59.8,20.1,494.8,13.2,354798,15569,34,34,cubic
0.257,10831,7,10080,42.3,62.4,20.1,494.8,15.7,354798,15570,34,34,cubic
0.264,10854,7,10080,45.1,64.9,20.1,494.8,17.4,354798,15571,34,34,cubic
0.270,10875,7,10080,48.0,68.2,20.1,494.8,18.8,354798,15572,34,34,cubic
0.277,10897,7,10080,50.9,71.0,20.1,494.8,19.8,354798,15573,34,34,cubic
0.284,10919,7,10080,53.7,73.6,20.1,494.8,20.6,354798,15574,34,34,cubic
0.289,10935,7,10080,56.3,74.7,20.1,494.8,20.7,354798,15575,34,34,cubic
0.294,10950,7,8640,54.7,42.9,20.1,494.8,18.9,354798,15576,34,34,cubic
0.305,10981,7,10080,53.2,43.0,20.1,494.8,17.0,354798,15578,34,34,cubic
0.310,10997,7,10080,51.7,41.2,20.1,494.8,15.8,354798,15579,34,34,cubic
0.325,8446,5,7200,47.1,36.1,20.1,494.8,13.8,354798,15580,34,34,cubic
0.332,8465,5,5760,45.9,37.8,20.1,494.8,12.7,354798,15581,34,34,cubic
0.337,8479,5,7200,44.9,37.9,20.1,494.8,11.5,354798,15583,34,34,cubic
0.348,8507,5,7200,44.0,37.8,20.1,494.8,10.4,354798,15584,34,34,cubic
0.353,8521,5,5760,42.0,27.6,20.1,494.8,11.9,354798,15585,34,34,cubic
0.360,8763,6,5760,39.5,22.4,20.1,494.8,13.8,354798,15587,34,34,cubic
0.372,8997,6,8640,38.2,29.2,20.1,494.8,12.9,354798,15590,34,34,cubic
0.377,9225,6,8640,36.5,24.1,20.1,494.8,13.2,354798,15591,34,34,cubic
0.382,9669,6,7200,34.9,24.0,20.1,494.8,13.0,354798,15592,34,34,cubic
0.396,10305,7,5760,34.4,31.0,20.1,494.8,10.8,354798,15594,34,34,cubic
0.406,10703,7,8640,33.5,27.5,20.1,494.8,9.8,354798,15598,34,34,cubic
0.411,11086,7,8640,32.4,24.0,20.1,494.8,9.7,354798,15600,34,34,cubic
0.425,11826,8,5760,31.3,24.0,20.1,494.8,9.4,377718,15602,34,34,cubic
0.453,12173,8,10080,32.6,41.3,20.1,494.8,9.6,373840,15607,34,34,cubic
0.461,12510,8,10080,34.1,44.7,20.1,494.8,10.2,367023,15609,34,34,cubic
0.471,12838,8,10080,35.0,41.3,20.1,494.8,9.4,366999,15611,34,34,cubic
0.482,12997,9,11520,36.6,47.9,20.1,494.8,10.3,355206,15613,34,34,cubic
0.487,13313,9,11520,38.1,48.9,20.1,494.8,10.8,349147,15615,34,34,cubic
0.494,13621,9,11520,37.9,36.3,20.1,494.8,8.6,359393,15617,34,34,cubic
0.504,13922,9,11520,37.9,37.9,20.1,494.8,6.4,367354,15619,34,34,cubic
0.515,14217,9,11520,37.9,37.8,20.1,494.8,4.8,375207,15621,34,34,cubic
0.525,14505,10,11520,37.9,38.0,20.1,494.8,3.6,382677,15623,34,34,cubic
0.535,14646,10,14400,38.6,43.1,20.1,494.8,4.0,379863,15626,34,34,cubic
0.542,14786,10,14400,39.7,47.8,20.1,494.8,5.4,372293,15627,34,34,cubic
0.549,14925,10,14400,41.0,49.9,20.1,494.8,6.5,364184,15628,34,34,cubic
0.563,13084,9,12960,44.0,53.6,20.1,494.8,8.8,297695,15629,34,34,cubic
0.570,13110,9,11520,45.3,55.1,20.1,494.8,9.4,289135,15630,34,34,cubic
0.575,13129,9,12960,46.6,55.2,20.1,494.8,9.5,281913,15632,34,34,cubic
0.591,13186,9,11520,48.3,60.5,20.1,494.8,10.6,272917,15633,34,34,cubic
0.605,13235,9,12960,51.2,71.6,20.1,494.8,13.8,258390,15635,34,34,cubic
0.611,13259,9,11520,53.4,68.7,20.1,494.8,14.7,248272,15636,34,34,cubic
0.620,13289,9,12960,54.9,65.2,20.1,494.8,14.0,242159,15638,34,34,cubic
0.627,13313,9,12960,55.3,58.2,20.1,494.8,11.3,240758,15639,34,34,cubic
0.633,13336,9,11520,55.7,58.2,20.1,494.8,9.2,239627,15640,34,34,cubic
0.647,13382,9,12960,57.0,66.6,20.1,494.8,9.6,234664,15642,34,34,cubic
0.668,10288,7,10080,57.2,57.9,20.1,494.8,5.8,234664,15643,34,34,cubic
0.674,10310,7,8640,57.3,58.1,20.1,494.8,4.6,234664,15644,34,34,cubic
0.688,10352,7,10080,58.1,63.5,20.1,494.8,5.0,234664,15646,34,34,cubic
0.695,10373,7,10080,58.8,63.4,20.1,494.8,5.0,234664,15647,34,34,cubic
0.700,10389,7,10080,59.1,61.8,20.1,494.8,4.5,234664,15648,34,34,cubic
0.709,10414,7,10080,60.5,70.2,20.1,494.8,6.2,234664,15649,34,34,cubic
0.716,10435,7,10080,60.9,63.6,20.1,494.8,5.4,234664,15650,34,34,cubic
0.723,10455,7,10080,59.5,49.8,20.1,494.8,6.8,234664,15651,34,34,cubic
0.730,10475,7,8640,58.3,50.0,20.1,494.8,7.5,234664,15652,34,34,cubic
0.757,8054,5,7200,55.7,51.6,20.1,494.8,6.9,234664,15654,34,34,cubic
0.764,8072,5,7200,55.0,49.8,20.1,494.8,6.7,234664,15655,34,34,cubic
0.771,8091,5,7200,54.4,49.9,20.1,494.8,6.3,234664,15656,34,34,cubic
0.778,8108,5,7200,53.8,50.0,20.1,494.8,5.8,234664,15657,34,34,cubic
0.785,8126,5,5760,53.3,49.9,20.1,494.8,5.3,234664,15658,34,34,cubic
0.798,8161,5,7200,51.2,36.1,20.1,494.8,8.3,234664,15660,34,34,cubic
0.805,8341,5,7200,49.3,36.2,20.1,494.8,10.0,234664,15661,34,34,cubic
0.817,6396,4,5760,45.8,34.4,20.1,494.8,11.7,234664,15662,34,34,cubic
0.822,6408,4,4320,44.2,32.8,20.1,494.8,12.0,234664,15663,34,34,cubic
0.838,6443,4,5760,43.0,34.4,20.1,494.8,11.4,234664,15665,34,34,cubic
0.845,6580,4,5760,41.9,34.5,20.1,494.8,10.7,234664,15666,34,34,cubic
0.852,6892,4,5760,40.3,29.3,20.1,494.8,11.2,234664,15667,34,34,cubic
0.859,7487,5,4320,39.2,31.0,20.1,494.8,10.7,234664,15668,34,34,cubic
0.886,5753,3,4320,35.9,29.4,20.1,494.8,9.4,234664,15671,34,34,cubic
0.893,6382,4,1440,35.1,29.4,20.1,494.8,8.7,234664,15672,34,34,cubic
0.914,7024,4,4320,33.3,20.6,20.1,494.8,10.1,234664,15676,34,34,cubic
0.919,7900,5,2880,31.7,20.7,20.1,494.8,10.7,234664,15678,34,34,cubic
0.941,8419,5,5760,30.5,22.2,20.1,494.8,10.4,234664,15682,34,34,cubic
0.955,9393,6,2880,30.6,31.0,20.1,494.8,7.9,234664,15684,34,34,cubic
0.981,9830,6,7200,31.1,34.5,20.1,494.8,6.9,234664,15689,34,34,cubic
0.996,10873,7,2880,31.7,36.1,20.1,494.8,6.5,234664,15691,34,34,cubic
1.027,11250,7,8640,32.9,41.4,20.1,494.8,7.3,234664,15697,34,34,cubic
1.043,12344,8,2880,34.0,41.8,20.1,494.8,7.7,362781,15699,34,34,cubic
1.071,10800,7,10080,34.5,37.9,20.1,494.8,6.7,362781,15706,34,34,cubic
1.081,10834,7,8640,34.3,32.4,20.1,494.8,5.6,362781,15707,34,34,cubic
1.096,10884,7,10080,35.5,44.4,20.1,494.8,6.7,362781,15709,34,34,cubic
1.103,10906,7,10080,36.9,46.8,20.1,494.8,7.9,362781,15710,34,34,cubic
1.110,10927,7,10080,38.6,50.1,20.1,494.8,9.2,362781,15711,34,34,cubic
1.115,10943,7,8640,40.3,52.5,20.1,494.8,10.4,362781,15712,34,34,cubic
1.127,10981,7,10080,41.7,51.4,20.1,494.8,10.6,362781,15714,34,34,cubic
1.132,10996,7,8640,42.3,46.2,20.1,494.8,9.0,362781,15715,34,34,cubic
1.160,8454,5,7200,43.1,44.7,20.1,494.8,5.0,362781,15717,34,34,cubic
1.167,8474,5,5760,43.5,46.5,20.1,494.8,4.6,362781,15718,34,34,cubic
1.180,8511,5,7200,44.1,48.1,20.1,494.8,4.6,362781,15720,34,34,cubic
1.187,8529,5,5760,44.8,49.9,20.1,494.8,4.9,362781,15721,34,34,cubic
1.208,6540,4,4320,42.7,36.1,20.1,494.8,6.3,362781,15723,34,34,cubic
1.222,6572,4,4320,41.7,34.5,20.1,494.8,6.8,362781,15725,34,34,cubic
1.227,6664,4,5760,40.8,34.5,20.1,494.8,6.9,362781,15727,34,34,cubic
1.234,7279,5,4320,38.3,20.7,20.1,494.8,10.2,362781,15728,34,34,cubic
1.247,7842,5,5760,36.1,20.6,20.1,494.8,12.1,362781,15731,34,34,cubic
1.261,8104,5,7200,35.2,29.2,20.1,494.8,10.8,362781,15733,34,34,cubic
1.268,8863,6,4320,34.5,29.3,20.1,494.8,9.5,362781,15734,34,34,cubic
1.287,9326,6,7200,34.5,34.5,20.1,494.8,7.2,362781,15738,34,34,cubic
1.299,9545,6,8640,34.3,32.8,20.1,494.8,5.8,362781,15740,34,34,cubic
1.306,10405,7,4320,34.1,32.9,20.1,494.8,4.7,362781,15741,34,34,cubic
1.330,10799,7,8640,34.6,38.1,20.1,494.8,4.5,362781,15746,34,34,cubic
1.339,11938,8,2880,34.1,30.8,20.1,494.8,4.3,349698,15748,34,34,cubic
1.378,12282,8,10080,35.2,42.9,20.1,494.8,5.4,348563,15755,34,34,cubic
1.392,12616,8,10080,36.8,48.1,20.1,494.8,7.3,342463,15757,34,34,cubic
1.406,12778,8,11520,39.4,57.5,20.1,494.8,10.6,324092,15759,34,34,cubic
1.411,12939,8,11520,41.8,58.4,20.1,494.8,12.7,309515,15760,34,34,cubic
1.418,13097,9,11520,44.2,61.2,20.1,494.8,14.4,296151,15761,34,34,cubic
1.424,13254,9,12960,46.8,64.5,20.1,494.8,15.9,283489,15763,34,34,cubic
1.430,13408,9,12960,49.1,65.6,20.1,494.8,16.6,273036,15764,34,34,cubic
1.435,13714,9,11520,49.4,51.5,20.1,494.8,13.0,277611,15765,34,34,cubic
1.445,11999,8,11520,49.3,48.2,20.1,494.8,10.1,243609,15767,34,34,cubic
1.455,12035,8,11520,48.7,44.7,20.1,494.8,8.7,247191,15768,34,34,cubic
1.461,12054,8,11520,48.2,44.9,20.1,494.8,7.5,250000,15769,34,34,cubic
1.467,12077,8,10080,47.8,44.7,20.1,494.8,6.5,252783,15770,34,34,cubic
1.481,12124,8,11520,48.3,51.7,20.1,494.8,5.8,251222,15772,34,34,cubic
1.487,12142,8,11520,48.7,51.6,20.1,494.8,5.2,249440,15773,34,34,cubic
1.492,12160,8,11520,49.0,51.7,20.1,494.8,4.6,247910,15774,34,34,cubic
1.499,12183,8,10080,49.6,53.3,20.1,494.8,4.6,245689,15775,34,34,cubic
1.509,12217,8,10080,49.4,48.1,20.1,494.8,3.8,247302,15777,34,34,cubic
1.516,12239,8,10080,48.6,43.1,20.1,494.8,4.4,251732,15779,34,34,cubic
1.527,12271,8,11520,47.5,39.3,20.1,494.8,5.6,258560,15781,34,34,cubic
1.547,9434,6,7200,45.7,42.7,20.1,494.8,4.9,258560,15782,34,34,cubic
1.561,9475,6,8640,45.8,46.3,20.1,494.8,3.8,258560,15784,34,34,cubic
1.567,9495,6,7200,46.5,51.4,20.1,494.8,4.2,258560,15785,34,34,cubic
1.578,9524,6,7200,47.0,50.5,20.1,494.8,4.2,258560,15787,34,34,cubic
1.591,9563,6,7200,46.1,39.5,20.1,494.8,5.0,258560,15789,34,34,cubic
1.612,7335,5,5760,44.5,39.6,20.1,494.8,5.4,258560,15791,34,34,cubic
1.624,7365,5,5760,44.1,41.3,20.1,494.8,4.9,258560,15793,34,34,cubic
1.635,7391,5,5760,43.4,37.9,20.1,494.8,5.2,258560,15795,34,34,cubic
1.662,5679,3,2880,40.7,33.0,20.1,494.8,7.4,258560,15797,34,34,cubic
1.674,6383,4,2880,40.0,34.5,20.1,494.8,7.1,258560,15799,34,34,cubic
1.690,7025,4,4320,37.8,22.4,20.1,494.8,9.7,258560,15802,34,34,cubic
1.702,7901,5,2880,35.8,22.4,20.1,494.8,11.1,258560,15804,34,34,cubic
1.717,8420,5,5760,34.2,22.3,20.1,494.8,11.7,258560,15808,34,34,cubic
1.729,9394,6,2880,32.7,22.1,20.1,494.8,11.8,258560,15810,34,34,cubic
1.748,9831,6,7200,31.8,25.6,20.1,494.8,10.6,258560,15815,34,34,cubic
1.758,10874,7,2880,30.8,24.1,20.1,494.8,9.9,258560,15817,34,34,cubic
0.006,3072,2,0,33.3,41.3,20.1,494.8,9.8,258560,15821,35,35,cubic
0.007,31632,21,0,32.6,28.1,20.1,494.8,8.7,969622,15823,35,35,cubic
0.033,38752,26,24480,32.0,27.4,20.1,494.8,7.8,1212212,15845,35,35,cubic
0.131,20714,14,20215,71.3,106.7,20.1,494.8,36.3,290702,15856,35,35,cubic
0.137,20813,14,20215,76.4,112.1,20.1,494.8,37.5,272553,15857,35,35,cubic
0.144,20912,14,20215,81.5,117.6,20.1,494.8,38.4,256551,15858,35,35,cubic
0.165,18362,12,10135,96.3,127.2,20.1,494.8,38.6,190671,15859,35,35,cubic
0.206,18549,12,17335,105.3,167.9,20.1,494.8,46.9,176229,15865,35,35,cubic
0.213,18580,12,17335,113.8,173.7,20.1,494.8,52.3,163263,15866,35,35,cubic
0.220,18610,12,17335,122.0,179.4,20.1,494.8,55.6,152543,15867,35,35,cubic
0.225,18632,12,17335,129.7,183.3,20.1,494.8,57.0,143696,15868,35,35,cubic
0.232,18662,12,17280,125.5,96.3,20.1,494.8,51.1,148714,15869,35,35,cubic
0.242,18692,12,17280,121.8,96.4,20.1,494.8,45.6,153401,15870,35,35,cubic
0.251,18721,13,17280,118.7,96.4,20.1,494.8,40.6,157762,15871,35,35,cubic
0.260,18750,13,14400,114.2,82.6,20.1,494.8,39.4,164241,15872,35,35,cubic
0.286,14404,10,13015,107.9,94.2,20.1,494.8,26.2,133489,15875,35,35,cubic
0.293,14430,10,13015,104.6,81.1,20.1,494.8,26.4,138018,15876,35,35,cubic
0.301,14458,10,13015,101.6,81.1,20.1,494.8,25.6,142272,15877,35,35,cubic
0.311,14484,10,13015,99.1,81.1,20.1,494.8,24.3,146212,15878,35,35,cubic
0.320,14511,10,13015,97.0,83.0,20.1,494.8,22.3,149525,15879,35,35,cubic
0.329,14563,10,11575,93.3,79.6,20.1,494.8,19.2,156116,15880,35,35,cubic
0.338,14589,10,11575,91.3,77.5,20.1,494.8,18.3,159772,15881,35,35,cubic
0.347,14615,10,10135,88.9,71.7,20.1,494.8,18.6,164468,15882,35,35,cubic
0.355,11212,7,7200,80.9,52.2,20.1,494.8,24.4,172204,15883,35,35,cubic
0.363,11242,7,7200,75.1,33.9,20.1,494.8,30.1,172204,15886,35,35,cubic
0.372,11270,7,8640,68.5,22.7,20.1,494.8,35.6,172204,15889,35,35,cubic
0.382,11305,7,7200,62.7,22.3,20.1,494.8,38.3,172204,15891,35,35,cubic
0.392,11338,7,7200,57.9,24.0,20.1,494.8,38.4,172204,15894,35,35,cubic
0.408,11387,7,8640,54.5,30.9,20.1,494.8,35.6,172204,15897,35,35,cubic
0.416,11414,7,7200,51.3,29.1,20.1,494.8,33.0,172204,15899,35,35,cubic
0.430,11937,8,7200,49.0,32.5,20.1,494.8,29.5,243681,15902,35,35,cubic
0.442,12281,8,8640,46.3,27.3,20.1,494.8,27.5,265397,15905,35,35,cubic
0.457,12782,8,8640,44.3,30.6,20.1,494.8,24.6,288428,15908,35,35,cubic
0.466,13263,9,7200,41.9,25.0,20.1,494.8,23.2,316494,15910,35,35,cubic
0.471,13572,9,5760,39.3,20.8,20.1,494.8,22.7,345660,15911,35,35,cubic
0.479,13723,9,7200,36.9,20.2,20.1,494.8,21.8,372078,15913,35,35,cubic
0.486,14022,9,7200,34.8,20.6,20.1,494.8,20.4,402433,15915,35,35,cubic
0.493,14168,9,8640,33.1,21.0,20.1,494.8,18.8,427842,15917,35,35,cubic
0.500,14313,9,10080,31.9,23.4,20.1,494.8,16.5,448711,15919,35,35,cubic
0.506,14456,10,11520,31.0,24.4,20.1,494.8,14.2,466834,15921,35,35,cubic
0.512,14740,10,11520,30.5,27.1,20.1,494.8,11.7,483643,15923,35,35,cubic
0.521,14879,10,14400,30.3,28.8,20.1,494.8,9.2,491656,15926,35,35,cubic
0.525,15155,10,12960,30.3,30.6,20.1,494.8,7.0,500181,15927,35,35,cubic
0.532,15425,10,12960,30.4,30.9,20.1,494.8,5.4,507885,15929,35,35,cubic
0.539,15691,10,12960,30.5,31.5,20.1,494.8,4.3,514324,15931,35,35,cubic
0.546,15953,11,12960,30.7,32.3,20.1,494.8,3.7,519151,15933,35,35,cubic
0.557,16081,11,15840,31.4,36.0,20.1,494.8,4.1,512394,15936,35,35,cubic
0.563,16336,11,14400,32.7,42.0,20.1,494.8,5.7,499388,15937,35,35,cubic
0.574,16462,11,15840,34.0,43.1,20.1,494.8,6.9,484091,15939,35,35,cubic
0.579,16711,11,14400,35.6,46.4,20.1,494.8,8.2,470043,15940,35,35,cubic
0.589,16833,11,15840,37.5,51.4,20.1,494.8,10.1,448509,15942,35,35,cubic
0.594,17077,11,14400,39.0,49.5,20.1,494.8,10.6,437568,15943,35,35,cubic
0.601,17317,12,14400,40.3,49.5,20.1,494.8,10.6,429286,15945,35,35,cubic
0.608,17436,12,17280,42.3,55.7,20.1,494.8,11.8,412637,15948,35,35,cubic
0.620,15285,10,14400,44.4,51.3,20.1,494.8,10.3,344590,15949,35,35,cubic
0.633,15341,10,14400,45.7,54.7,20.1,494.8,10.3,336027,15950,35,35,cubic
0.640,15370,10,12960,47.0,56.6,20.1,494.8,10.5,326861,15951,35,35,cubic
0.654,15425,10,14400,48.7,60.2,20.1,494.8,11.1,316949,15953,35,35,cubic
0.661,15452,10,12960,50.3,61.9,20.1,494.8,11.7,307050,15954,35,35,cubic
0.675,15506,10,11520,52.7,69.0,20.1,494.8,13.4,294482,15956,35,35,cubic
0.696,15586,10,14400,56.4,82.8,20.1,494.8,17.6,276215,15959,35,35,cubic
0.703,15611,10,14400,59.1,77.5,20.1,494.8,18.5,264337,15960,35,35,cubic
0.709,15636,10,14400,60.5,70.7,20.1,494.8,16.8,258395,15961,35,35,cubic
0.716,15662,10,12960,61.8,70.7,20.1,494.8,15.1,253500,15962,35,35,cubic
0.737,12015,8,11520,63.9,70.7,20.1,494.8,12.1,188128,15964,35,35,cubic
0.745,12045,8,10080,64.0,65.0,20.1,494.8,9.4,188179,15965,35,35,cubic
0.759,12093,8,11520,65.7,77.4,20.1,494.8,10.4,184122,15967,35,35,cubic
0.766,12117,8,11520,65.6,65.1,20.1,494.8,7.9,184701,15968,35,35,cubic
0.771,12134,8,11520,65.3,63.5,20.1,494.8,6.5,185697,15969,35,35,cubic
0.780,12162,8,11520,65.3,65.3,20.1,494.8,4.9,186156,15970,35,35,cubic
0.785,12179,8,10080,65.1,63.6,20.1,494.8,4.1,187041,15971,35,35,cubic
0.804,9343,6,8640,62.6,53.4,20.1,494.8,6.8,187041,15973,35,35,cubic
0.818,9384,6,8640,61.4,53.3,20.1,494.8,7.4,187041,15974,35,35,cubic
0.824,9404,6,8640,60.4,53.2,20.1,494.8,7.6,187041,15975,35,35,cubic
0.830,9419,6,7200,58.9,48.2,20.1,494.8,8.7,187041,15976,35,35,cubic
0.840,9448,6,8640,57.7,49.9,20.1,494.8,8.8,187041,15978,35,35,cubic
0.848,9472,6,8640,57.0,52.3,20.1,494.8,8.0,187041,15979,35,35,cubic
0.854,9487,6,8640,55.5,44.7,20.1,494.8,9.0,187041,15980,35,35,cubic
0.862,9510,6,8640,53.5,39.6,20.1,494.8,10.8,187041,15981,35,35,cubic
0.869,9529,6,8640,51.8,39.6,20.1,494.8,11.6,187041,15982,35,35,cubic
0.874,7291,5,7200,50.3,39.6,20.1,494.8,11.7,187041,15983,35,35,cubic
0.888,7327,5,5760,48.7,38.1,20.1,494.8,11.8,187041,15984,35,35,cubic
0.900,7356,5,7200,47.8,41.4,20.1,494.8,10.7,187041,15986,35,35,cubic
0.907,7373,5,7200,46.8,39.6,20.1,494.8,10.1,187041,15987,35,35,cubic
0.914,7390,5,7200,45.9,39.6,20.1,494.8,9.4,187041,15988,35,35,cubic
0.921,7559,5,7200,45.3,41.3,20.1,494.8,8.2,187041,15989,35,35,cubic
0.926,5779,4,5760,43.7,32.5,20.1,494.8,9.3,187041,15990,35,35,cubic
0.935,5798,4,5760,41.9,29.3,20.1,494.8,10.6,187041,15991,35,35,cubic
0.943,5816,4,5760,40.5,31.0,20.1,494.8,10.7,187041,15992,35,35,cubic
0.950,6035,4,5760,39.3,31.0,20.1,494.8,10.4,187041,15993,35,35,cubic
0.957,6375,4,5760,38.3,31.0,20.1,494.8,9.9,187041,15994,35,35,cubic
0.964,7018,4,4320,37.2,29.2,20.1,494.8,9.7,187041,15995,35,35,cubic
0.983,5377,3,4320,34.9,27.5,20.1,494.8,9.4,187041,15997,35,35,cubic
0.990,5391,3,4320,34.0,27.5,20.1,494.8,8.9,187041,15998,35,35,cubic
0.997,5854,4,2880,33.2,27.5,20.1,494.8,8.3,187041,15999,35,35,cubic
1.010,6204,4,5760,31.8,22.3,20.1,494.8,8.9,187041,16002,35,35,cubic
1.015,6535,4,5760,30.4,20.7,20.1,494.8,9.5,187041,16003,35,35,cubic
1.022,7476,5,2880,29.2,20.7,20.1,494.8,9.5,187041,16004,35,35,cubic
1.036,7750,5,7200,28.1,20.6,20.1,494.8,9.3,187041,16008,35,35,cubic
1.041,8015,5,7200,27.2,20.6,20.1,494.8,8.8,187041,16009,35,35,cubic
1.048,9038,6,2880,26.4,20.6,20.1,494.8,8.3,187041,16010,35,35,cubic
1.069,9265,6,8640,26.5,27.5,20.1,494.8,6.5,187041,16015,35,35,cubic
1.076,9708,6,7200,26.6,27.4,20.1,494.8,5.1,187041,16016,35,35,cubic
1.081,10552,7,4320,26.7,27.4,20.1,494.8,4.0,187041,16018,35,35,cubic
1.112,10747,7,10080,28.1,37.9,20.1,494.8,5.8,187041,16023,35,35,cubic
1.120,11128,7,8640,29.5,39.5,20.1,494.8,7.2,187041,16024,35,35,cubic
1.134,12050,8,4320,31.9,48.2,20.1,494.8,10.1,378110,16026,35,35,cubic
1.160,12560,8,8640,32.4,36.1,20.1,494.8,8.6,387678,16032,35,35,cubic
1.175,10989,7,10080,32.9,36.2,20.1,494.8,7.4,387678,16035,35,35,cubic
1.191,11041,7,8640,34.9,49.2,20.1,494.8,9.6,387678,16036,35,35,cubic
1.203,11074,7,10080,36.9,50.9,20.1,494.8,11.2,387678,16038,35,35,cubic
1.208,11096,7,10080,39.0,53.6,20.1,494.8,12.6,387678,16039,35,35,cubic
1.213,11113,7,8640,40.1,48.2,20.1,494.8,11.7,387678,16040,35,35,cubic
1.223,11145,7,10080,42.0,55.3,20.1,494.8,12.6,387678,16042,35,35,cubic
1.229,11162,7,10080,42.8,48.2,20.1,494.8,11.0,387678,16043,35,35,cubic
1.244,8572,5,7200,41.4,36.2,20.1,494.8,8.6,387678,16044,35,35,cubic
1.253,8597,5,7200,41.2,39.6,20.1,494.8,6.9,387678,16045,35,35,cubic
1.260,8616,5,5760,41.2,41.3,20.1,494.8,5.2,387678,16046,35,35,cubic
1.273,8653,6,7200,41.7,44.8,20.1,494.8,4.8,387678,16048,35,35,cubic
1.282,8675,6,8640,42.5,48.0,20.1,494.8,5.2,387678,16050,35,35,cubic
1.301,6669,4,4320,40.5,36.1,20.1,494.8,5.2,387678,16051,35,35,cubic
1.315,6701,4,4320,40.0,36.1,20.1,494.8,5.0,387678,16053,35,35,cubic
1.327,7007,4,5760,39.9,39.7,20.1,494.8,3.8,387678,16055,35,35,cubic
1.334,5354,3,4320,38.4,27.6,20.1,494.8,5.9,387678,16056,35,35,cubic
1.342,5551,3,2880,36.4,22.4,20.1,494.8,8.5,387678,16057,35,35,cubic
1.356,5920,4,4320,34.9,24.2,20.1,494.8,9.4,387678,16059,35,35,cubic
1.363,6267,4,5760,33.5,24.1,20.1,494.8,9.7,387678,16061,35,35,cubic
1.370,6921,4,4320,32.1,22.4,20.1,494.8,10.1,387678,16062,35,35,cubic
1.383,7514,5,4320,30.9,22.4,20.1,494.8,10.0,387678,16064,35,35,cubic
1.397,7786,5,7200,30.7,29.3,20.1,494.8,7.9,387678,16067,35,35,cubic
1.404,8313,5,5760,30.5,29.3,20.1,494.8,6.3,387678,16068,35,35,cubic
1.418,9053,6,4320,30.4,29.4,20.1,494.8,5.0,387678,16070,35,35,cubic
1.437,9280,6,8640,30.9,34.4,20.1,494.8,4.8,387678,16074,35,35,cubic
1.442,9722,6,7200,31.1,32.7,20.1,494.8,4.0,387678,16075,35,35,cubic
1.457,10565,7,4320,31.5,34.4,20.1,494.8,3.8,387678,16077,35,35,cubic
1.485,10759,7,10080,33.0,43.0,20.1,494.8,5.8,387678,16082,35,35,cubic
1.492,11140,7,8640,34.4,44.8,20.1,494.8,7.3,387678,16083,35,35,cubic
1.506,9746,6,4320,35.5,43.1,20.1,494.8,7.6,387678,16085,35,35,cubic
1.538,9845,6,5760,36.7,44.7,20.1,494.8,8.0,387678,16089,35,35,cubic
1.549,9875,6,4320,36.8,37.9,20.1,494.8,6.3,387678,16092,35,35,cubic
1.580,9964,6,5760,36.7,36.2,20.1,494.8,4.9,387678,16096,35,35,cubic
0.013,3072,2,0,38.2,41.5,20.1,494.8,5.2,387678,16099,36,36,cubic
0.015,36869,25,0,38.0,36.5,20.1,494.8,4.3,969624,16101,36,36,cubic
0.042,45413,31,28800,37.9,36.9,20.1,494.8,3.5,1198769,16127,36,36,cubic
0.193,21096,14,20215,114.6,154.9,20.1,494.8,46.2,184054,16140,36,36,cubic
0.200,21131,14,20215,120.3,160.2,20.1,494.8,46.1,175624,16141,36,36,cubic
0.207,21166,14,20215,126.0,165.7,20.1,494.8,45.9,167997,16142,36,36,cubic
0.214,21201,14,15895,131.1,166.9,20.1,494.8,44.6,161713,16143,36,36,cubic
0.238,21321,14,18775,139.1,194.8,20.1,494.8,49.4,153315,16147,36,36,cubic
0.253,21377,14,20215,146.7,200.3,20.1,494.8,52.4,145704,16149,36,36,cubic
0.264,21434,14,18775,161.1,209.8,20.1,494.8,54.5,133065,16150,36,36,cubic
0.276,21498,14,17335,174.5,221.1,20.1,494.8,54.2,123166,16151,36,36,cubic
0.288,21530,14,17280,169.1,130.7,20.1,494.8,51.6,127345,16152,36,36,cubic
0.297,21577,14,15840,150.2,87.7,20.1,494.8,61.8,143651,16153,36,36,cubic
0.306,21632,15,12960,135.2,86.1,20.1,494.8,60.8,160036,16154,36,36,cubic
0.324,21694,15,14400,130.5,97.7,20.1,494.8,55.0,166263,16156,36,36,cubic
0.332,21724,15,14400,126.1,95.4,20.1,494.8,50.0,172280,16157,36,36,cubic
0.343,16662,11,11520,117.1,86.1,20.1,494.8,43.8,142302,16158,36,36,cubic
0.352,16707,11,11520,112.5,80.5,20.1,494.8,42.0,148486,16159,36,36,cubic
0.362,16737,11,11520,107.9,75.7,20.1,494.8,40.7,155104,16160,36,36,cubic
0.370,16767,11,10080,102.3,63.0,20.1,494.8,41.8,163901,16161,36,36,cubic
0.379,16802,11,10080,97.1,60.7,20.1,494.8,41.7,173032,16162,36,36,cubic
0.386,16860,11,8640,87.8,56.5,20.1,494.8,39.7,192025,16163,36,36,cubic
0.393,16882,11,8640,83.5,53.7,20.1,494.8,38.3,202082,16164,36,36,cubic
0.400,16903,11,8640,79.1,48.3,20.1,494.8,37.5,213599,16165,36,36,cubic
0.406,16931,11,8640,75.0,45.9,20.1,494.8,36.4,225800,16166,36,36,cubic
0.412,16958,11,8640,71.0,42.9,20.1,494.8,35.4,238962,16167,36,36,cubic
0.418,16986,11,8640,67.3,41.6,20.1,494.8,33.8,252392,16168,36,36,cubic
0.424,17014,11,8640,63.9,40.2,20.1,494.8,32.2,266230,16169,36,36,cubic
0.434,17041,11,10080,60.9,39.5,20.1,494.8,30.2,279998,16171,36,36,cubic
0.441,13046,9,10080,58.2,39.2,20.1,494.8,28.1,224343,16172,36,36,cubic
0.447,13066,9,10080,55.5,37.3,20.1,494.8,26.3,235236,16173,36,36,cubic
0.452,13086,9,10080,53.2,36.6,20.1,494.8,24.4,246093,16174,36,36,cubic
0.458,13104,9,10080,51.0,35.6,20.1,494.8,22.7,257057,16175,36,36,cubic
0.464,13136,9,10080,49.4,38.4,20.1,494.8,20.2,265894,16176,36,36,cubic
0.469,13161,9,10080,48.2,39.6,20.1,494.8,17.6,273208,16177,36,36,cubic
0.480,13186,9,11520,47.3,41.4,20.1,494.8,14.9,278644,16179,36,36,cubic
0.484,13210,9,11520,46.8,43.2,20.1,494.8,12.2,282192,16180,36,36,cubic
0.489,13235,9,11520,46.4,43.5,20.1,494.8,10.0,285292,16181,36,36,cubic
0.499,13260,9,12960,46.1,44.3,20.1,494.8,8.0,287429,16183,36,36,cubic
0.504,13283,9,12960,46.1,45.5,20.1,494.8,6.2,288422,16184,36,36,cubic
0.510,13306,9,12960,46.1,46.5,20.1,494.8,4.7,288545,16185,36,36,cubic
0.517,13330,9,12960,46.3,47.9,20.1,494.8,4.0,287712,16186,36,36,cubic
0.537,10248,7,10080,48.0,52.7,20.1,494.8,4.4,287712,16187,36,36,cubic
0.544,10269,7,10080,48.9,54.6,20.1,494.8,5.0,287712,16188,36,36,cubic
0.551,10291,7,10080,49.8,56.7,20.1,494.8,5.7,287712,16189,36,36,cubic
0.558,10312,7,10080,50.9,58.5,20.1,494.8,6.4,287712,16190,36,36,cubic
0.565,10333,7,10080,52.1,60.5,20.1,494.8,7.2,287712,16191,36,36,cubic
0.572,10354,7,10080,53.4,62.4,20.1,494.8,8.0,287712,16192,36,36,cubic
0.579,10374,7,10080,54.7,63.9,20.1,494.8,8.6,287712,16193,36,36,cubic
0.586,10394,7,10080,55.8,63.6,20.1,494.8,8.7,287712,16194,36,36,cubic
0.606,7991,5,7200,53.9,50.0,20.1,494.8,6.5,287712,16195,36,36,cubic
0.613,8010,5,7200,53.4,50.0,20.1,494.8,5.9,287712,16196,36,36,cubic
0.620,8027,5,7200,53.0,49.8,20.1,494.8,5.3,287712,16197,36,36,cubic
0.625,8041,5,5760,51.7,42.9,20.1,494.8,6.5,287712,16198,36,36,cubic
0.630,8054,5,7200,50.2,39.6,20.1,494.8,7.9,287712,16200,36,36,cubic
0.639,8076,5,7200,47.4,27.5,20.1,494.8,11.6,287712,16201,36,36,cubic
0.644,8317,5,7200,44.6,25.6,20.1,494.8,14.1,287712,16202,36,36,cubic
0.651,8564,5,7200,42.3,25.9,20.1,494.8,15.3,287712,16203,36,36,cubic
0.656,9043,6,5760,40.2,25.9,20.1,494.8,15.6,287712,16204,36,36,cubic
0.665,9270,6,8640,38.9,29.3,20.1,494.8,14.4,287712,16207,36,36,cubic
0.670,9491,6,8640,37.3,25.8,20.1,494.8,14.1,287712,16208,36,36,cubic
0.675,9707,6,8640,35.8,25.9,20.1,494.8,13.4,287712,16209,36,36,cubic
0.682,9918,6,8640,34.6,25.9,20.1,494.8,12.5,287712,16210,36,36,cubic
0.689,10538,7,5760,33.7,27.6,20.1,494.8,11.1,287712,16211,36,36,cubic
0.708,10733,7,10080,34.2,37.9,20.1,494.8,9.4,287712,16215,36,36,cubic
0.713,11115,7,8640,34.5,36.2,20.1,494.8,7.5,287712,16216,36,36,cubic
0.720,12037,8,4320,33.8,29.2,20.1,494.8,7.0,355829,16218,36,36,cubic
0.739,12548,8,8640,32.2,20.6,20.1,494.8,8.6,390064,16224,36,36,cubic
0.750,12875,8,10080,30.9,22.4,20.1,494.8,8.9,416047,16227,36,36,cubic
0.763,13034,9,11520,31.3,33.7,20.1,494.8,7.3,416621,16229,36,36,cubic
0.768,13349,9,11520,31.8,35.7,20.1,494.8,6.6,419239,16231,36,36,cubic
0.778,13656,9,11520,32.5,37.1,20.1,494.8,6.3,420223,16233,36,36,cubic
0.785,13957,9,11520,33.0,36.6,20.1,494.8,5.7,422785,16235,36,36,cubic
0.794,14103,9,12960,33.6,38.1,20.1,494.8,5.6,419158,16237,36,36,cubic
0.799,14249,9,12960,34.4,40.0,20.1,494.8,5.8,413710,16238,36,36,cubic
0.806,14537,10,11520,34.9,37.8,20.1,494.8,5.2,417034,16239,36,36,cubic
0.819,14678,10,14400,36.3,46.3,20.1,494.8,6.7,404530,16242,36,36,cubic
0.826,14817,10,14400,38.2,52.0,20.1,494.8,9.0,387443,16243,36,36,cubic
0.831,15094,10,12960,39.5,48.3,20.1,494.8,9.2,382116,16244,36,36,cubic
0.843,15366,10,12960,41.2,53.3,20.1,494.8,10.4,372734,16246,36,36,cubic
0.850,15633,10,12960,42.3,49.8,20.1,494.8,9.9,369556,16248,36,36,cubic
0.859,15895,11,12960,43.0,48.2,20.1,494.8,8.9,369299,16250,36,36,cubic
0.881,13955,9,13015,45.9,49.9,20.1,494.8,7.7,303997,16254,36,36,cubic
0.888,13981,9,11575,46.6,51.4,20.1,494.8,7.2,300047,16255,36,36,cubic
0.898,14021,9,11575,47.0,49.8,20.1,494.8,6.2,298306,16257,36,36,cubic
0.905,14047,9,11575,47.4,49.8,20.1,494.8,5.3,296650,16259,36,36,cubic
0.914,14079,9,11575,47.7,49.8,20.1,494.8,4.6,295442,16261,36,36,cubic
0.922,14110,9,12960,47.7,48.0,20.1,494.8,3.6,295813,16263,36,36,cubic
0.928,14129,9,12960,46.9,41.3,20.1,494.8,4.3,301302,16264,36,36,cubic
0.933,14148,9,11520,46.0,39.6,20.1,494.8,5.0,307685,16265,36,36,cubic
0.957,10877,7,10080,45.4,46.5,20.1,494.8,4.3,307685,16267,36,36,cubic
0.964,10899,7,10080,46.2,52.3,20.1,494.8,5.0,307685,16268,36,36,cubic
0.971,10921,7,10080,46.9,51.7,20.1,494.8,5.1,307685,16269,36,36,cubic
0.977,10943,7,10080,48.1,56.4,20.1,494.8,6.2,307685,16270,36,36,cubic
0.984,10965,7,10080,49.2,56.9,20.1,494.8,6.8,307685,16271,36,36,cubic
0.990,10981,7,10080,50.1,56.9,20.1,494.8,7.1,307685,16272,36,36,cubic
0.995,10997,7,8640,51.4,59.8,20.1,494.8,7.7,307685,16273,36,36,cubic
1.008,11039,7,10080,50.7,46.3,20.1,494.8,7.0,307685,16275,36,36,cubic
1.015,11060,7,10080,50.2,46.3,20.1,494.8,6.4,307685,16276,36,36,cubic
1.027,8480,5,7200,48.6,41.3,20.1,494.8,6.4,307685,16277,36,36,cubic
1.039,8513,5,7200,48.1,44.6,20.1,494.8,5.8,307685,16278,36,36,cubic
1.046,8533,5,5760,48.0,46.7,20.1,494.8,4.7,307685,16279,36,36,cubic
1.060,8569,5,7200,47.8,46.5,20.1,494.8,3.9,307685,16281,36,36,cubic
1.067,8588,5,7200,47.6,46.5,20.1,494.8,3.2,307685,16282,36,36,cubic
1.081,6585,4,5760,45.5,36.2,20.1,494.8,5.6,307685,16283,36,36,cubic
1.088,6602,4,4320,44.3,36.0,20.1,494.8,6.6,307685,16284,36,36,cubic
1.101,6634,4,5760,43.3,36.2,20.1,494.8,7.0,307685,16286,36,36,cubic
1.108,6979,4,4320,41.3,27.5,20.1,494.8,9.2,307685,16287,36,36,cubic
1.122,5333,3,4320,39.8,29.5,20.1,494.8,9.9,307685,16289,36,36,cubic
1.136,5362,3,4320,38.5,29.4,20.1,494.8,10.0,307685,16290,36,36,cubic
1.143,5907,4,2880,37.4,29.5,20.1,494.8,9.8,307685,16291,36,36,cubic
1.164,4520,3,4320,34.6,22.2,20.1,494.8,10.6,307685,16294,36,36,cubic
1.171,5671,3,1440,33.1,22.4,20.1,494.8,11.0,307685,16295,36,36,cubic
1.189,6032,4,4320,31.5,20.4,20.1,494.8,11.4,307685,16298,36,36,cubic
1.198,7052,4,2880,30.4,22.3,20.1,494.8,10.8,307685,16300,36,36,cubic
1.215,7633,5,4320,29.1,20.6,20.1,494.8,10.6,307685,16303,36,36,cubic
1.224,8439,5,4320,28.1,20.6,20.1,494.8,10.1,307685,16306,36,36,cubic
1.241,9168,6,4320,27.1,20.7,20.1,494.8,9.4,307685,16309,36,36,cubic
1.253,9839,6,5760,26.8,24.1,20.1,494.8,7.8,307685,16313,36,36,cubic
1.272,10673,7,4320,26.6,25.8,20.1,494.8,6.1,307685,16316,36,36,cubic
1.296,11249,7,7200,28.1,38.1,20.1,494.8,7.5,307685,16321,36,36,cubic
1.315,12160,8,4320,29.3,37.9,20.1,494.8,8.1,415045,16324,36,36,cubic
1.346,12666,8,8640,31.2,44.6,20.1,494.8,9.9,405818,16330,36,36,cubic
1.363,12990,9,10080,32.7,43.0,20.1,494.8,10.4,397369,16333,36,36,cubic
1.390,11407,7,10135,41.0,60.5,20.1,494.8,17.1,397369,16337,36,36,cubic
1.397,11430,7,10135,43.8,63.9,20.1,494.8,18.6,397369,16338,36,36,cubic
1.404,11453,7,8695,45.1,53.5,20.1,494.8,16.4,397369,16339,36,36,cubic
1.418,11498,7,10135,47.4,64.0,20.1,494.8,17.0,397369,16341,36,36,cubic
1.425,11521,8,8695,48.6,56.8,20.1,494.8,15.1,237082,16342,36,36,cubic
1.439,11565,8,10135,51.0,67.6,20.1,494.8,16.1,226875,16344,36,36,cubic
1.446,11587,8,10080,50.9,50.1,20.1,494.8,12.3,227812,16345,36,36,cubic
1.452,11608,8,11520,50.8,50.0,20.1,494.8,9.4,228711,16347,36,36,cubic
1.458,11624,8,10080,50.5,48.3,20.1,494.8,7.7,230406,16348,36,36,cubic
1.479,8917,6,8640,50.0,48.7,20.1,494.8,5.1,230406,16350,36,36,cubic
1.493,8958,6,8640,49.8,48.5,20.1,494.8,4.2,230406,16351,36,36,cubic
1.499,8976,6,7200,49.6,48.4,20.1,494.8,3.5,230406,16352,36,36,cubic
1.513,9014,6,8640,50.3,55.2,20.1,494.8,4.0,230406,16354,36,36,cubic
1.520,9033,6,8640,51.1,56.5,20.1,494.8,4.5,230406,16355,36,36,cubic
1.526,9051,6,8640,51.8,57.0,20.1,494.8,4.9,230406,16356,36,36,cubic
1.533,9070,6,8640,51.6,49.6,20.1,494.8,4.2,230406,16357,36,36,cubic
1.540,9088,6,8640,50.4,42.5,20.1,494.8,5.4,230406,16358,36,36,cubic
1.557,6978,4,4320,47.8,35.9,20.1,494.8,7.9,230406,16359,36,36,cubic
1.568,7003,4,5760,46.3,36.2,20.1,494.8,8.8,230406,16361,36,36,cubic
1.575,7020,4,5760,45.0,36.1,20.1,494.8,9.2,230406,16362,36,36,cubic
1.582,7143,4,5760,43.9,36.2,20.1,494.8,9.1,230406,16363,36,36,cubic
1.589,7717,5,4320,41.7,25.9,20.1,494.8,11.3,230406,16364,36,36,cubic
1.609,5916,4,5760,38.8,29.2,20.1,494.8,11.4,230406,16367,36,36,cubic
1.616,5931,4,5760,37.6,29.2,20.1,494.8,11.0,230406,16368,36,36,cubic
1.623,6444,4,2880,36.5,29.3,20.1,494.8,10.3,230406,16369,36,36,cubic
1.650,4935,3,4320,34.8,29.1,20.1,494.8,8.8,230406,16372,36,36,cubic
1.657,5791,4,1440,34.1,29.1,20.1,494.8,8.0,230406,16373,36,36,cubic
1.678,6145,4,5760,32.6,22.4,20.1,494.8,8.9,230406,16377,36,36,cubic
1.685,7480,5,1440,31.3,22.5,20.1,494.8,9.2,230406,16378,36,36,cubic
1.712,8028,5,5760,30.9,27.5,20.1,494.8,7.9,230406,16383,36,36,cubic
1.717,9049,6,2880,30.5,27.6,20.1,494.8,6.7,230406,16385,36,36,cubic
1.752,9503,6,7200,31.0,34.5,20.1,494.8,6.0,230406,16390,36,36,cubic
1.767,10582,7,2880,32.7,44.9,20.1,494.8,8.0,230406,16392,36,36,cubic
1.797,10969,7,8640,33.6,39.9,20.1,494.8,7.8,230406,16398,36,36,cubic
1.813,12091,8,2880,34.4,40.1,20.1,494.8,7.5,351431,16400,36,36,cubic
0.007,10578,7,0,44.6,44.5,20.1,494.8,11.0,351431,16408,36,36,cubic
0.005,10578,7,0,42.8,29.9,20.1,494.8,11.9,351431,16409,36,36,cubic
0.007,10578,7,0,40.7,26.2,20.1,494.8,13.1,351431,16411,36,36,cubic
0.032,10757,7,0,39.0,27.4,20.1,494.8,13.2,351431,16419,36,36,cubic
0.072,10872,7,0,38.5,34.3,20.1,494.8,11.0,351431,16427,36,36,cubic
0.128,12174,8,0,40.0,50.5,20.1,494.8,11.3,304692,16435,36,36,cubic
0.182,10651,7,10080,41.2,49.6,20.1,494.8,10.9,304692,16444,36,36,cubic
0.196,10696,7,10080,43.4,58.9,20.1,494.8,12.6,304692,16445,36,36,cubic
0.203,10718,7,10080,45.6,61.2,20.1,494.8,13.9,304692,16446,36,36,cubic
0.210,10740,7,10080,47.8,63.4,20.1,494.8,14.9,304692,16447,36,36,cubic
0.217,10762,7,10080,50.0,65.0,20.1,494.8,15.5,304692,16448,36,36,cubic
0.224,10784,7,10080,52.2,67.7,20.1,494.8,16.0,304692,16449,36,36,cubic
0.231,10805,7,10080,54.4,70.0,20.1,494.8,16.5,304692,16450,36,36,cubic
0.238,10826,7,10080,56.6,71.7,20.1,494.8,16.7,304692,16451,36,36,cubic
0.243,10842,7,8640,55.3,46.5,20.1,494.8,15.0,304692,16452,36,36,cubic
0.253,10873,7,10080,54.0,44.8,20.1,494.8,13.9,304692,16454,36,36,cubic
0.260,10893,7,10080,52.8,44.7,20.1,494.8,12.7,304692,16455,36,36,cubic
0.267,10913,7,10080,51.8,44.8,20.1,494.8,11.6,304692,16456,36,36,cubic
0.274,10933,7,10080,50.9,44.6,20.1,494.8,10.5,304692,16457,36,36,cubic
0.281,10953,7,10080,50.1,44.6,20.1,494.8,9.4,304692,16458,36,36,cubic
0.294,8402,5,7200,49.0,46.3,20.1,494.8,7.1,304692,16459,36,36,cubic
0.303,8426,5,5760,48.1,41.1,20.1,494.8,7.3,304692,16460,36,36,cubic
0.311,8449,5,7200,47.0,39.3,20.1,494.8,7.7,304692,16462,36,36,cubic
0.320,8473,5,7200,46.2,41.0,20.1,494.8,7.3,304692,16463,36,36,cubic
0.327,8491,5,5760,44.1,29.0,20.1,494.8,9.7,304692,16464,36,36,cubic
0.335,6495,4,5760,42.0,27.4,20.1,494.8,11.5,304692,16466,36,36,cubic
0.349,6527,4,5760,40.8,32.7,20.1,494.8,10.9,304692,16467,36,36,cubic
0.356,6543,4,5760,39.6,30.8,20.1,494.8,10.7,304692,16468,36,36,cubic
0.363,6657,4,4320,38.5,31.0,20.1,494.8,10.2,304692,16469,36,36,cubic
0.377,6965,4,5760,38.2,36.1,20.1,494.8,8.2,304692,16471,36,36,cubic
0.384,5322,3,4320,36.9,27.4,20.1,494.8,8.9,304692,16472,36,36,cubic
0.394,5540,3,2880,35.5,25.8,20.1,494.8,9.4,304692,16473,36,36,cubic
0.404,5910,4,4320,33.8,22.0,20.1,494.8,10.4,304692,16475,36,36,cubic
0.411,6257,4,5760,32.3,22.0,20.1,494.8,10.8,304692,16477,36,36,cubic
0.419,6912,4,4320,30.8,20.4,20.1,494.8,11.0,304692,16478,36,36,cubic
0.432,7505,5,4320,29.8,22.3,20.1,494.8,10.4,304692,16480,36,36,cubic
0.438,7779,5,7200,28.8,22.2,20.1,494.8,9.7,304692,16483,36,36,cubic
0.445,8306,5,5760,27.8,20.8,20.1,494.8,9.3,304692,16484,36,36,cubic
0.459,9046,6,4320,27.1,22.3,20.1,494.8,8.3,304692,16486,36,36,cubic
0.475,9500,6,7200,27.4,29.1,20.1,494.8,6.8,304692,16490,36,36,cubic
0.480,9716,6,8640,27.6,29.1,20.1,494.8,5.5,304692,16492,36,36,cubic
0.490,10560,7,4320,27.4,25.7,20.1,494.8,4.6,304692,16493,36,36,cubic
0.518,10948,7,8640,28.7,38.0,20.1,494.8,6.1,304692,16498,36,36,cubic
0.530,11323,7,8640,30.1,39.6,20.1,494.8,7.3,304692,16500,36,36,cubic
0.535,12047,8,5760,31.3,39.7,20.1,494.8,7.9,385380,16502,36,36,cubic
0.006,12047,8,0,35.0,46.4,20.1,494.8,9.4,344032,16503,36,36,cubic
0.006,12047,8,0,34.3,29.5,20.1,494.8,8.4,350978,16505,36,36,cubic
0.032,12387,8,10080,33.4,27.0,20.1,494.8,8.2,370812,16514,36,36,cubic
0.040,12553,8,11520,32.7,27.9,20.1,494.8,7.5,383754,16516,36,36,cubic
0.046,12716,8,11520,32.7,32.5,20.1,494.8,5.7,389011,16517,36,36,cubic
0.053,12878,8,11520,33.0,35.5,20.1,494.8,5.0,389781,16518,36,36,cubic
0.060,13037,9,11520,33.7,38.1,20.1,494.8,5.0,387233,16519,36,36,cubic
0.066,13194,9,12960,34.6,41.0,20.1,494.8,5.6,381572,16521,36,36,cubic
0.073,13350,9,12960,35.7,43.6,20.1,494.8,6.4,373960,16522,36,36,cubic
0.080,13503,9,12960,37.0,46.2,20.1,494.8,7.4,364788,16523,36,36,cubic
0.085,13807,9,11520,38.5,48.9,20.1,494.8,8.6,358614,16524,36,36,cubic
0.096,13955,9,12960,40.0,50.6,20.1,494.8,9.4,348796,16526,36,36,cubic
0.101,14102,9,12960,41.2,49.9,20.1,494.8,9.5,341932,16527,36,36,cubic
0.106,14248,9,12960,42.1,47.9,20.1,494.8,8.8,338593,16528,36,36,cubic
0.111,14536,10,11520,42.5,45.4,20.1,494.8,7.5,342039,16529,36,36,cubic
0.127,14677,10,14400,44.1,55.1,20.1,494.8,8.7,333061,16532,36,36,cubic
0.134,14816,10,14400,45.5,55.2,20.1,494.8,9.3,325955,16533,36,36,cubic
0.148,12989,9,11575,48.0,57.1,20.1,494.8,9.7,270711,16535,36,36,cubic
0.158,13027,9,10135,49.1,57.0,20.1,494.8,9.5,265261,16536,36,36,cubic
0.170,13071,9,13015,50.3,58.7,20.1,494.8,9.5,259824,16539,36,36,cubic
0.177,13095,9,11575,51.6,60.4,20.1,494.8,9.7,253916,16540,36,36,cubic
0.190,13144,9,13015,54.1,72.0,20.1,494.8,12.4,242849,16542,36,36,cubic
0.197,13168,9,13015,55.5,65.1,20.1,494.8,12.0,237274,16543,36,36,cubic
0.204,13192,9,13015,56.7,65.2,20.1,494.8,11.4,232646,16544,36,36,cubic
0.211,13216,9,12960,56.9,58.1,20.1,494.8,8.9,232365,16545,36,36,cubic
0.216,13233,9,11520,56.4,53.1,20.1,494.8,7.6,234627,16546,36,36,cubic
0.223,13257,9,11520,55.8,51.6,20.1,494.8,6.9,237593,16548,36,36,cubic
0.237,13303,9,12960,55.7,55.2,20.1,494.8,5.3,238738,16550,36,36,cubic
0.258,10228,7,10080,56.0,55.3,20.1,494.8,3.2,238738,16551,36,36,cubic
0.265,10249,7,10080,55.9,55.3,20.1,494.8,2.6,238738,16552,36,36,cubic
0.272,10270,7,10080,55.8,55.2,20.1,494.8,2.1,238738,16553,36,36,cubic
0.278,10291,7,8640,56.0,57.0,20.1,494.8,1.9,238738,16554,36,36,cubic
0.292,10333,7,10080,56.9,63.6,20.1,494.8,3.3,238738,16556,36,36,cubic
0.299,10353,7,10080,58.1,66.1,20.1,494.8,4.8,238738,16557,36,36,cubic
0.306,10374,7,8640,56.8,48.1,20.1,494.8,6.1,238738,16558,36,36,cubic
0.316,10403,7,8640,55.3,44.6,20.1,494.8,7.6,238738,16560,36,36,cubic
0.325,10555,7,7200,52.2,30.8,20.1,494.8,11.9,238738,16562,36,36,cubic
0.331,11137,7,7200,48.5,22.1,20.1,494.8,16.4,238738,16565,36,36,cubic
0.345,11506,7,8640,45.4,23.9,20.1,494.8,18.5,238738,16568,36,36,cubic
0.357,12040,8,7200,43.2,27.5,20.1,494.8,18.3,279020,16570,36,36,cubic
0.375,12551,8,8640,42.5,38.0,20.1,494.8,15.0,295269,16574,36,36,cubic
0.388,12878,8,10080,41.9,37.9,20.1,494.8,12.4,307138,16577,36,36,cubic
0.395,13515,9,7200,40.1,27.2,20.1,494.8,13.0,337108,16579,36,36,cubic
0.413,13667,9,11520,38.9,30.8,20.1,494.8,12.1,351120,16583,36,36,cubic
0.420,13817,9,12960,38.5,35.2,20.1,494.8,10.0,359312,16585,36,36,cubic
0.424,13965,9,12960,38.2,36.8,20.1,494.8,7.9,365183,16586,36,36,cubic
0.431,14112,9,12960,38.2,37.7,20.1,494.8,6.1,369685,16587,36,36,cubic
0.438,14257,9,12960,38.6,41.3,20.1,494.8,5.3,369687,16588,36,36,cubic
0.443,14401,10,12960,39.1,42.5,20.1,494.8,5.0,368774,16589,36,36,cubic
0.448,14686,10,12960,39.5,42.5,20.1,494.8,4.6,371929,16591,36,36,cubic
0.455,14825,10,14400,39.8,41.8,20.1,494.8,4.0,372768,16593,36,36,cubic
0.464,14964,10,14400,40.5,46.0,20.1,494.8,4.6,369071,16594,36,36,cubic
0.471,15101,10,14400,41.6,48.7,20.1,494.8,5.5,363292,16595,36,36,cubic
0.478,15236,10,14400,42.9,52.0,20.1,494.8,6.7,355441,16596,36,36,cubic
0.485,15371,10,14400,44.4,54.8,20.1,494.8,8.0,346498,16597,36,36,cubic
0.491,15638,10,12960,45.5,53.3,20.1,494.8,8.2,343873,16598,36,36,cubic
0.502,15900,11,12960,46.5,53.4,20.1,494.8,8.2,342148,16600,36,36,cubic
0.527,13965,9,12960,52.5,66.8,20.1,494.8,12.9,265929,16603,36,36,cubic
0.533,13985,9,11520,53.7,61.7,20.1,494.8,12.0,260637,16604,36,36,cubic
0.543,14024,9,12960,54.4,59.9,20.1,494.8,10.5,257609,16606,36,36,cubic
0.551,14057,9,12960,55.3,61.7,20.1,494.8,9.7,254002,16607,36,36,cubic
0.558,14082,9,11520,56.1,61.8,20.1,494.8,8.9,250810,16608,36,36,cubic
0.571,14128,9,11520,57.1,63.6,20.1,494.8,8.5,247512,16610,36,36,cubic
0.584,14177,9,12960,59.4,75.9,20.1,494.8,11.1,238553,16612,36,36,cubic
0.591,14202,9,10080,58.9,55.0,20.1,494.8,9.4,241206,16613,36,36,cubic
0.606,14256,9,12960,58.8,58.5,20.1,494.8,7.2,242312,16616,36,36,cubic
0.613,14280,9,12960,58.6,56.8,20.1,494.8,5.9,243781,16617,36,36,cubic
0.620,14303,9,11520,58.4,56.8,20.1,494.8,4.8,245090,16618,36,36,cubic
0.634,14350,9,11520,58.3,58.3,20.1,494.8,3.7,245938,16620,36,36,cubic
0.655,11008,7,10080,58.4,58.3,20.1,494.8,2.1,245938,16622,36,36,cubic
0.668,11054,7,10080,59.7,68.9,20.1,494.8,4.2,245938,16623,36,36,cubic
0.022,3072,2,0,58.4,41.2,20.1,494.8,7.2,245938,16625,37,37,cubic
0.030,54947,38,0,56.7,44.2,20.1,494.8,9.0,969647,16627,37,37,cubic
0.057,54947,38,37440,56.0,51.7,20.1,494.8,8.0,980478,16662,37,37,cubic
0.092,28725,19,25920,52.3,49.5,20.1,494.8,8.2,549434,16671,37,37,cubic
0.099,29010,20,23040,52.0,50.3,20.1,494.8,6.6,557487,16673,37,37,cubic
0.106,29222,20,25920,51.9,51.0,20.1,494.8,5.2,562979,16678,37,37,cubic
0.111,29503,20,24480,51.9,51.9,20.1,494.8,3.9,568403,16681,37,37,cubic
0.119,29711,20,25920,52.0,52.6,20.1,494.8,3.1,571464,16685,37,37,cubic
0.124,29987,20,23040,52.2,53.5,20.1,494.8,2.7,574727,16687,37,37,cubic
0.131,30466,21,17280,49.3,29.0,20.1,494.8,7.8,618310,16690,37,37,cubic
0.143,30735,21,18720,46.9,30.3,20.1,494.8,10.6,655274,16695,37,37,cubic
0.149,30935,21,18720,44.8,29.7,20.1,494.8,12.3,691254,16698,37,37,cubic
0.153,31201,21,15840,42.5,26.4,20.1,494.8,13.8,734884,16700,37,37,cubic
0.160,31398,21,15840,40.2,24.3,20.1,494.8,14.9,781297,16703,37,37,cubic
0.165,31594,21,15840,38.0,22.4,20.1,494.8,15.6,832231,16706,37,37,cubic
0.171,31853,22,15840,35.8,20.5,20.1,494.8,16.1,890221,16710,37,37,cubic
0.177,32046,22,15840,33.8,20.2,20.1,494.8,16.0,947349,16713,37,37,cubic
0.184,32238,22,18720,32.1,20.2,20.1,494.8,15.4,1003611,16718,37,37,cubic
0.189,32429,22,20160,30.6,20.1,20.1,494.8,14.5,1059044,16722,37,37,cubic
0.195,32682,22,20160,29.3,20.1,20.1,494.8,13.5,1115046,16726,37,37,cubic
0.201,32933,22,21600,28.2,20.1,20.1,494.8,12.4,1169412,16731,37,37,cubic
0.206,33182,23,21600,27.2,20.3,20.1,494.8,11.3,1220958,16735,37,37,cubic
0.212,33429,23,23040,26.5,21.7,20.1,494.8,9.8,1262043,16740,37,37,cubic
0.220,33675,23,27360,26.1,23.2,20.1,494.8,8.2,1291318,16747,37,37,cubic
0.226,33918,23,28800,25.9,24.9,20.1,494.8,6.4,1308060,16752,37,37,cubic
0.233,34100,23,30240,26.0,26.3,20.1,494.8,4.9,1312497,16756,37,37,cubic
0.238,34340,23,28800,26.2,28.0,20.1,494.8,4.2,1309287,16759,37,37,cubic
0.245,34579,24,28800,26.8,30.5,20.1,494.8,4.2,1291900,16763,37,37,cubic
0.252,34816,24,30240,27.5,32.4,20.1,494.8,4.6,1267649,16768,37,37,cubic
0.258,35052,24,30240,28.4,34.8,20.1,494.8,5.3,1235008,16772,37,37,cubic
0.265,35286,24,30240,29.5,37.4,20.1,494.8,6.2,1195527,16776,37,37,cubic
0.012,3072,2,0,33.4,37.2,20.1,494.8,5.2,1064082,16781,38,38,cubic
0.006,32362,22,0,33.4,33.4,20.1,494.8,3.9,969647,16782,38,38,cubic
0.006,32362,22,0,32.6,27.1,20.1,494.8,4.5,993095,16784,38,38,cubic
0.032,39482,27,25920,31.8,26.6,20.1,494.8,4.9,1240090,16807,38,38,cubic
0.047,31180,21,27360,31.7,34.7,20.1,494.8,4.5,985118,16817,38,38,cubic
0.054,31224,21,25920,32.2,35.7,20.1,494.8,4.4,971016,16820,38,38,cubic
0.061,31269,21,25920,32.7,36.7,20.1,494.8,4.4,955537,16824,38,38,cubic
0.067,31313,21,23040,32.7,32.4,20.1,494.8,3.4,958228,16828,38,38,cubic
0.078,31379,21,25920,33.8,41.8,20.1,494.8,4.8,928043,16834,38,38,cubic
0.084,31422,21,25920,33.8,33.7,20.1,494.8,3.7,929672,16838,38,38,cubic
0.006,31422,21,0,33.0,32.1,20.1,494.8,1.8,953048,16841,38,38,cubic
0.006,31422,21,0,32.2,26.5,20.1,494.8,3.0,977173,16843,38,38,cubic
0.031,31434,21,24480,31.4,25.9,20.1,494.8,3.8,1001816,16865,38,38,cubic
0.038,31476,21,25920,30.8,26.8,20.1,494.8,4.0,1021715,16870,38,38,cubic
0.044,31518,21,27360,31.1,33.0,20.1,494.8,3.5,1014027,16874,38,38,cubic
0.050,31551,21,25920,31.4,33.9,20.1,494.8,3.4,1003594,16877,38,38,cubic
0.056,31592,21,25920,31.9,34.7,20.1,494.8,3.3,991868,16881,38,38,cubic
0.063,31635,21,23040,31.7,30.3,20.1,494.8,2.9,999178,16885,38,38,cubic
0.073,31697,22,24480,31.7,32.1,20.1,494.8,2.3,999274,16891,38,38,cubic
0.082,31749,22,27360,31.8,32.1,20.1,494.8,1.8,999370,16897,38,38,cubic
0.087,31779,22,28800,31.8,32.2,20.1,494.8,1.5,998680,16901,38,38,cubic
0.094,31820,22,27360,31.9,32.2,20.1,494.8,1.2,998368,16904,38,38,cubic
0.100,31860,22,25920,31.9,32.1,20.1,494.8,1.0,998808,16908,38,38,cubic
0.026,3072,2,0,32.9,33.9,20.1,494.8,1.4,968919,16912,39,39,cubic
0.006,33833,23,2871,34.9,49.0,20.1,494.8,5.1,1212061,16916,40,40,cubic
0.018,33833,23,28800,33.1,20.2,20.1,494.8,7.5,1279420,16936,40,40,cubic
0.031,40953,28,27360,32.2,26.2,20.1,494.8,7.3,1590185,16940,40,40,cubic
0.038,48073,33,34560,31.5,26.8,20.1,494.8,6.8,1906266,16950,40,40,cubic
0.046,52345,36,44640,32.1,36.0,20.1,494.8,6.3,2039118,16960,40,40,cubic
0.051,58041,40,47520,32.8,38.1,20.1,494.8,6.2,2209570,16966,40,40,cubic
0.058,63737,44,53280,33.7,39.7,20.1,494.8,6.4,2364623,16974,40,40,cubic
0.006,3072,2,0,45.5,64.5,20.1,494.8,14.5,1750362,16982,41,41,cubic
0.006,41839,29,0,43.1,26.6,20.1,494.8,15.6,969640,16984,41,41,cubic
0.032,41839,29,30240,41.0,26.3,20.1,494.8,15.9,1019543,17012,41,41,cubic
0.042,41839,29,34560,39.7,30.2,20.1,494.8,14.7,1054490,17019,41,41,cubic
0.049,41839,29,37440,39.2,36.3,20.1,494.8,11.9,1065961,17024,41,41,cubic
0.054,41839,29,37440,39.0,37.1,20.1,494.8,9.4,1073180,17028,41,41,cubic
0.060,47535,33,37440,38.9,38.0,20.1,494.8,7.3,1223205,17032,41,41,cubic
0.068,47535,33,41760,38.9,38.9,20.1,494.8,5.5,1223016,17039,41,41,cubic
0.074,47535,33,43200,39.0,39.7,20.1,494.8,4.3,1219596,17044,41,41,cubic
0.080,53231,36,43200,39.2,40.9,20.1,494.8,3.7,1357275,17048,41,41,cubic
0.087,58927,40,47520,39.6,42.1,20.1,494.8,3.5,1488694,17055,41,41,cubic
0.006,45045,31,0,45.1,20.1,20.1,494.8,14.3,998160,17061,41,41,cubic
0.006,45045,31,0,42.9,27.4,20.1,494.8,15.2,1049853,17063,41,41,cubic
0.032,45487,31,33120,40.8,26.2,20.1,494.8,15.6,1114385,17093,41,41,cubic
0.042,45569,31,37440,39.5,30.3,20.1,494.8,14.3,1153587,17101,41,41,cubic
0.050,45639,31,40320,39.4,38.5,20.1,494.8,11.0,1159144,17107,41,41,cubic
0.057,45694,31,40320,39.4,39.7,20.1,494.8,8.3,1159216,17111,41,41,cubic
0.064,45750,31,40320,39.6,41.1,20.1,494.8,6.7,1154311,17115,41,41,cubic
0.071,45806,31,40320,40.0,42.6,20.1,494.8,5.7,1145178,17119,41,41,cubic
0.077,45860,31,40320,40.5,44.0,20.1,494.8,5.3,1132373,17123,41,41,cubic
0.084,45913,31,40320,41.1,45.6,20.1,494.8,5.2,1116235,17127,41,41,cubic
0.091,45967,31,40320,41.9,47.0,20.1,494.8,5.4,1097876,17131,41,41,cubic
0.007,3072,2,0,46.9,49.0,20.1,494.8,4.0,980127,17136,42,42,cubic
0.006,43301,30,0,44.7,29.0,20.1,494.8,7.4,969635,17138,42,42,cubic
0.032,43301,30,30240,42.3,26.2,20.1,494.8,10.2,1022479,17166,42,42,cubic
0.042,35142,24,34560,40.8,30.2,20.1,494.8,10.7,860774,17173,42,42,cubic
0.048,35192,24,31680,40.3,36.7,20.1,494.8,9.1,873163,17174,42,42,cubic
0.053,35230,24,30240,40.0,37.6,20.1,494.8,7.5,881543,17177,42,42,cubic
0.060,35278,24,30240,39.8,38.3,20.1,494.8,6.0,887318,17181,42,42,cubic
0.067,35327,24,30240,39.7,39.1,20.1,494.8,4.7,890274,17185,42,42,cubic
0.074,35377,24,30240,39.7,40.0,20.1,494.8,3.6,890525,17189,42,42,cubic
0.080,35424,24,30240,39.9,41.3,20.1,494.8,3.1,887419,17193,42,42,cubic
0.087,35472,24,28800,39.6,37.2,20.1,494.8,3.0,896187,17197,42,42,cubic
0.095,35531,24,31680,39.3,37.1,20.1,494.8,2.9,904879,17202,42,42,cubic
0.101,35567,24,30240,39.0,37.2,20.1,494.8,2.7,911717,17205,42,42,cubic
0.107,35615,24,28800,38.8,37.4,20.1,494.8,2.4,917794,17209,42,42,cubic
0.006,27267,18,0,37.9,37.2,20.1,494.8,1.3,718554,17214,43,43,cubic
0.009,27267,18,0,36.5,26.5,20.1,494.8,3.8,746631,17216,43,43,cubic
0.035,27631,19,15840,35.1,25.1,20.1,494.8,5.7,787409,17235,43,43,cubic
0.048,27700,19,23040,34.5,30.6,20.1,494.8,5.4,802084,17244,43,43,cubic
0.055,27739,19,23040,33.9,29.4,20.1,494.8,5.3,818380,17248,43,43,cubic
0.060,27776,19,21600,32.8,25.3,20.1,494.8,6.1,846364,17251,43,43,cubic
0.065,27805,19,21600,32.2,28.1,20.1,494.8,5.8,862759,17254,43,43,cubic
0.073,27843,19,24480,31.7,28.0,20.1,494.8,5.4,878272,17259,43,43,cubic
0.078,27872,19,23040,31.1,27.2,20.1,494.8,5.2,894910,17262,43,43,cubic
0.085,27909,19,23040,30.6,27.0,20.1,494.8,4.9,911135,17266,43,43,cubic
0.091,27946,19,23040,30.2,27.3,20.1,494.8,4.5,924782,17270,43,43,cubic
0.098,27984,19,23040,29.8,27.1,20.1,494.8,4.2,938273,17274,43,43,cubic
0.104,28019,19,23040,29.5,27.6,20.1,494.8,3.7,948382,17278,43,43,cubic
0.111,28055,19,23040,29.3,27.9,20.1,494.8,3.2,956203,17282,43,43,cubic
0.118,28091,19,24480,29.2,28.1,20.1,494.8,2.7,962613,17286,43,43,cubic
0.123,28118,19,23040,29.1,28.7,20.1,494.8,2.1,965690,17289,43,43,cubic
0.129,28153,19,23040,29.1,29.3,20.1,494.8,1.7,966062,17293,43,43,cubic
0.006,21554,14,0,28.3,23.2,20.1,494.8,2.2,761867,17295,43,43,cubic
0.007,21554,14,0,28.2,27.6,20.1,494.8,1.8,764190,17297,43,43,cubic
0.033,21841,15,12960,27.6,23.4,20.1,494.8,2.5,791111,17312,43,43,cubic
0.041,21883,15,17280,27.6,27.6,20.1,494.8,1.9,792689,17319,43,43,cubic
0.048,21916,15,17280,27.5,26.6,20.1,494.8,1.7,797612,17323,43,43,cubic
0.055,21948,15,17280,26.6,20.3,20.1,494.8,3.0,825671,17327,43,43,cubic
0.062,21980,15,17280,26.1,22.4,20.1,494.8,3.3,843308,17331,43,43,cubic
0.068,22013,15,17280,25.6,22.2,20.1,494.8,3.4,860353,17335,43,43,cubic
0.075,22045,15,17280,25.1,21.8,20.1,494.8,3.5,877797,17339,43,43,cubic
0.082,22076,15,17280,24.6,21.2,20.1,494.8,3.6,896378,17343,43,43,cubic
0.088,22108,15,17280,24.2,21.1,20.1,494.8,3.6,914006,17347,43,43,cubic
0.095,22139,15,17280,23.8,21.1,20.1,494.8,3.5,930171,17351,43,43,cubic
0.102,22170,15,17280,23.5,21.4,20.1,494.8,3.2,943364,17355,43,43,cubic
0.109,22201,15,17280,23.3,22.1,20.1,494.8,2.7,951729,17359,43,43,cubic
0.115,22231,15,17280,23.2,22.4,20.1,494.8,2.3,957531,17363,43,43,cubic
0.122,22261,15,17280,23.1,22.6,20.1,494.8,1.9,961972,17367,43,43,cubic
0.129,22291,15,17280,23.2,23.9,20.1,494.8,1.6,959330,17371,43,43,cubic
0.136,22321,15,17280,23.4,24.7,20.1,494.8,1.5,953237,17375,43,43,cubic
0.006,22321,15,0,24.0,22.0,20.1,494.8,2.1,929151,17376,43,43,cubic
0.006,22321,15,0,24.4,27.3,20.1,494.8,2.4,913372,17378,43,43,cubic
0.032,22307,15,14400,24.3,23.4,20.1,494.8,2.1,917568,17394,43,43,cubic
0.040,22675,15,17280,24.8,28.0,20.1,494.8,2.5,915163,17400,43,43,cubic
0.047,23036,15,17280,25.3,29.1,20.1,494.8,2.9,910118,17404,43,43,cubic
0.053,23481,16,15840,24.7,20.3,20.1,494.8,3.5,951456,17408,43,43,cubic
0.062,23831,16,18720,24.3,21.7,20.1,494.8,3.3,980215,17414,43,43,cubic
0.067,24089,16,20160,24.5,25.7,20.1,494.8,2.9,983666,17418,43,43,cubic
0.074,24429,16,18720,24.7,25.8,20.1,494.8,2.5,990753,17421,43,43,cubic
0.080,24765,17,18720,24.9,26.8,20.1,494.8,2.4,993421,17425,43,43,cubic
0.087,25179,17,18720,24.8,23.7,20.1,494.8,2.1,1016142,17430,43,43,cubic
0.096,25505,17,20160,24.9,25.4,20.1,494.8,1.7,1026151,17435,43,43,cubic
0.103,25826,17,20160,24.7,23.7,20.1,494.8,1.6,1045206,17439,43,43,cubic
0.110,26144,18,20160,24.6,23.8,20.1,494.8,1.4,1062807,17443,43,43,cubic
0.116,26536,18,20160,24.7,25.6,20.1,494.8,1.3,1073462,17448,43,43,cubic
0.125,26923,18,20160,24.8,25.7,20.1,494.8,1.2,1083943,17453,43,43,cubic
0.005,3072,2,0,25.4,26.8,20.1,494.8,1.3,1058169,17456,44,44,cubic
0.006,24807,17,0,25.6,26.6,20.1,494.8,1.3,969629,17458,44,44,cubic
0.031,34775,24,15840,25.5,25.1,20.1,494.8,1.1,1362656,17476,44,44,cubic
0.048,20698,14,18720,26.9,32.1,20.1,494.8,3.0,768756,17486,44,44,cubic
0.008,3072,2,0,27.6,24.0,20.1,494.8,4.5,750498,17489,45,45,cubic
0.007,26948,18,0,27.8,29.3,20.1,494.8,3.8,969631,17491,45,45,cubic
0.032,34068,23,20160,27.5,25.4,20.1,494.8,3.5,1239241,17510,45,45,cubic
0.058,18773,13,12960,28.0,25.2,20.1,494.8,3.8,669937,17520,45,45,cubic
0.064,19210,13,14400,27.7,25.3,20.1,494.8,3.5,694002,17525,45,45,cubic
0.006,3072,2,0,26.4,20.1,20.1,494.8,6.7,742672,17530,46,46,cubic
0.006,25654,17,0,26.5,26.6,20.1,494.8,5.1,969648,17532,46,46,cubic
0.031,37046,25,14400,26.3,25.1,20.1,494.8,4.1,1409289,17550,46,46,cubic
0.057,20243,14,14400,27.2,23.6,20.1,494.8,4.6,745159,17566,46,46,cubic
0.070,20649,14,15840,28.1,34.9,20.1,494.8,5.3,734108,17571,46,46,cubic
0.077,21046,14,15840,29.3,37.8,20.1,494.8,6.4,717338,17575,46,46,cubic
0.084,21533,14,14400,28.8,25.3,20.1,494.8,5.8,746688,17579,46,46,cubic
0.092,22009,15,14400,27.8,20.5,20.1,494.8,6.5,791947,17584,46,46,cubic
0.101,22382,15,17280,27.3,23.8,20.1,494.8,5.8,820153,17590,46,46,cubic
0.109,22748,15,17280,26.7,22.6,20.1,494.8,5.6,851985,17594,46,46,cubic
0.115,23109,16,17280,26.0,20.8,20.1,494.8,5.7,890314,17598,46,46,cubic
0.121,23375,16,18720,25.4,21.6,20.1,494.8,5.3,919696,17602,46,46,cubic
0.127,23726,16,18720,24.9,21.4,20.1,494.8,5.0,952430,17606,46,46,cubic
0.134,24072,16,18720,24.5,21.3,20.1,494.8,4.7,984378,17610,46,46,cubic
0.006,3072,2,0,23.5,23.5,20.1,494.8,1.9,1023991,17614,47,47,cubic
0.006,23232,16,0,24.0,27.1,20.1,494.8,2.3,969616,17616,47,47,cubic
0.031,34758,24,12960,24.1,25.1,20.1,494.8,2.0,1442360,17633,47,47,cubic
0.057,21193,14,14400,25.4,22.3,20.1,494.8,4.1,833779,17649,47,47,cubic
0.069,21253,14,15840,26.3,32.8,20.1,494.8,4.9,806779,17654,47,47,cubic
0.076,21287,14,15840,27.6,36.1,20.1,494.8,6.1,772163,17658,47,47,cubic
0.082,21320,14,14400,27.1,23.6,20.1,494.8,5.6,787442,17662,47,47,cubic
0.091,21361,14,14400,26.3,21.0,20.1,494.8,5.7,811618,17667,47,47,cubic
0.099,21402,14,15840,25.6,20.8,20.1,494.8,5.7,835200,17672,47,47,cubic
0.106,21734,15,15840,25.3,23.2,20.1,494.8,4.8,858305,17676,47,47,cubic
0.112,22112,15,17280,24.7,20.5,20.1,494.8,4.8,894679,17681,47,47,cubic
0.119,22390,15,18720,24.4,22.5,20.1,494.8,4.2,916083,17685,47,47,cubic
0.124,22756,15,17280,24.2,22.4,20.1,494.8,3.7,941069,17688,47,47,cubic
0.131,23117,16,17280,24.0,22.4,20.1,494.8,3.2,964856,17692,47,47,cubic
0.007,3072,2,0,23.2,21.8,20.1,494.8,2.0,994407,17694,48,48,cubic
0.025,23134,16,0,23.9,28.1,20.1,494.8,2.7,969613,17696,48,48,cubic
0.051,30413,21,17335,24.0,25.2,20.1,494.8,2.4,1265995,17714,48,48,cubic
0.070,17783,12,14455,25.9,31.9,20.1,494.8,4.2,686310,17723,48,48,cubic
0.077,17814,12,10080,25.4,22.0,20.1,494.8,4.1,700814,17726,48,48,cubic
0.087,17860,12,12960,26.2,31.3,20.1,494.8,4.6,682852,17732,48,48,cubic
0.095,18203,12,14400,25.5,20.5,20.1,494.8,4.8,715161,17736,48,48,cubic
0.103,18766,13,11520,25.0,21.6,20.1,494.8,4.6,751451,17739,48,48,cubic
0.111,19094,13,15840,24.4,20.7,20.1,494.8,4.5,781484,17745,48,48,cubic
0.116,19309,13,17280,23.9,20.4,20.1,494.8,4.4,807097,17748,48,48,cubic
0.121,19627,13,15840,23.5,20.3,20.1,494.8,4.2,836080,17750,48,48,cubic
0.128,20150,13,12960,23.2,21.3,20.1,494.8,3.7,868534,17753,48,48,cubic
0.135,20557,14,14400,22.9,20.6,20.1,494.8,3.4,898666,17758,48,48,cubic
0.142,20956,14,15840,22.5,20.3,20.1,494.8,3.2,929353,17763,48,48,cubic
0.149,21347,14,15840,22.3,20.4,20.1,494.8,3.0,958295,17767,48,48,cubic
0.157,21731,15,15840,22.0,20.3,20.1,494.8,2.7,986248,17771,48,48,cubic
0.013,21731,15,0,22.2,20.2,20.1,494.8,2.0,979094,17772,48,48,cubic
0.006,25000,17,2871,23.6,33.8,20.1,494.8,4.4,1057440,17776,49,49,cubic
0.013,25000,17,17280,23.2,20.2,20.1,494.8,4.1,1076843,17788,49,49,cubic
0.031,25657,17,14400,23.5,25.1,20.1,494.8,3.6,1094021,17794,49,49,cubic
0.043,25976,18,20160,24.5,32.0,20.1,494.8,4.8,1059509,17802,49,49,cubic
0.050,26292,18,21600,25.6,33.4,20.1,494.8,5.8,1026149,17807,49,49,cubic
0.057,26760,18,18720,25.4,23.6,20.1,494.8,4.9,1054872,17811,49,49,cubic
0.067,27066,18,21600,26.0,30.7,20.1,494.8,5.0,1039720,17817,49,49,cubic
0.073,27369,19,21600,25.9,25.3,20.1,494.8,3.9,1055088,17821,49,49,cubic
0.080,27744,19,21600,26.1,27.1,20.1,494.8,3.2,1063844,17826,49,49,cubic
0.089,28040,19,23040,26.2,27.1,20.1,494.8,2.7,1070147,17831,49,49,cubic
0.095,28478,19,20160,26.3,27.1,20.1,494.8,2.2,1082237,17835,49,49,cubic
0.106,28766,19,23040,26.4,27.1,20.1,494.8,1.9,1089249,17841,49,49,cubic
0.112,29123,20,21600,26.7,28.8,20.1,494.8,2.0,1090667,17845,49,49,cubic
0.006,3072,2,0,28.6,36.0,20.1,494.8,3.4,1029730,17852,50,50,cubic
0.005,27766,19,0,28.6,28.7,20.1,494.8,2.6,969618,17855,50,50,cubic
0.031,39158,27,17280,28.2,25.1,20.1,494.8,2.8,1388778,17875,50,50,cubic
0.054,25929,18,25920,29.6,32.9,20.1,494.8,3.3,877372,17891,50,50,cubic
0.059,25959,18,15840,29.2,27.0,20.1,494.8,3.1,888033,17892,50,50,cubic
0.073,26036,18,23040,30.3,38.1,20.1,494.8,4.5,858310,17900,50,50,cubic
0.078,26064,18,21600,31.6,40.3,20.1,494.8,5.9,825358,17903,50,50,cubic
0.085,26103,18,21600,31.4,30.4,20.1,494.8,4.7,830406,17907,50,50,cubic
0.092,26141,18,21600,30.9,27.0,20.1,494.8,4.6,846507,17911,50,50,cubic
0.098,26179,18,21600,31.2,33.2,20.1,494.8,4.1,839851,17915,50,50,cubic
0.105,26216,18,21600,30.7,27.2,20.1,494.8,4.0,854804,17919,50,50,cubic
0.110,26244,18,23040,30.2,27.2,20.1,494.8,3.9,867914,17923,50,50,cubic
0.117,26281,18,21600,29.9,27.3,20.1,494.8,3.7,879934,17926,50,50,cubic
0.006,3072,2,0,28.5,26.9,20.1,494.8,2.5,923468,17930,51,51,cubic
0.006,27465,19,0,28.3,27.4,20.1,494.8,2.1,969638,17932,51,51,cubic
0.031,34585,24,21600,27.9,25.2,20.1,494.8,2.4,1238318,17952,51,51,cubic
0.050,20213,14,20160,28.7,32.8,20.1,494.8,3.4,703893,17962,51,51,cubic
0.056,20247,14,15840,29.3,33.6,20.1,494.8,3.8,690293,17963,51,51,cubic
0.063,20280,14,12960,29.0,27.0,20.1,494.8,3.4,698395,17967,51,51,cubic
0.073,20329,14,17280,30.0,36.9,20.1,494.8,4.5,677046,17973,51,51,cubic
0.078,20481,14,14400,28.8,20.4,20.1,494.8,5.8,710553,17976,51,51,cubic
0.088,20881,14,15840,28.1,23.2,20.1,494.8,5.8,742620,17981,51,51,cubic
0.094,21274,14,14400,27.1,20.3,20.1,494.8,6.3,783977,17984,51,51,cubic
0.101,21563,14,15840,26.3,20.2,20.1,494.8,6.4,820915,17988,51,51,cubic
0.107,21849,15,15840,25.5,20.1,20.1,494.8,6.4,856789,17991,51,51,cubic
0.114,22130,15,17280,24.8,20.1,20.1,494.8,6.1,891296,17995,51,51,cubic
0.118,22408,15,17280,24.2,20.2,20.1,494.8,5.7,924079,17998,51,51,cubic
0.124,22774,15,17280,23.7,20.2,20.1,494.8,5.3,959228,18002,51,51,cubic
0.130,23134,16,17280,23.3,20.1,20.1,494.8,4.9,993216,18006,51,51,cubic
0.005,23489,16,0,22.2,21.8,20.1,494.8,2.2,1059351,18011,51,51,cubic
0.005,23489,16,0,22.7,26.6,20.1,494.8,2.8,1033664,18013,51,51,cubic
0.031,24187,16,12960,23.0,25.1,20.1,494.8,2.7,1050603,18030,51,51,cubic
0.043,24526,17,18720,24.1,31.6,20.1,494.8,4.2,1017887,18038,51,51,cubic
0.049,24861,17,20160,25.2,32.6,20.1,494.8,5.2,988116,18043,51,51,cubic
0.056,25273,17,18720,24.8,21.9,20.1,494.8,4.7,1021007,18047,51,51,cubic
0.065,25517,17,21600,25.2,28.1,20.1,494.8,4.4,1013745,18052,51,51,cubic
0.070,25918,17,18720,25.0,23.5,20.1,494.8,3.7,1038381,18055,51,51,cubic
0.078,26235,18,20160,25.0,25.4,20.1,494.8,2.9,1048896,18060,51,51,cubic
0.085,26626,18,20160,25.1,25.4,20.1,494.8,2.3,1062744,18065,51,51,cubic
0.094,26934,18,21600,25.1,25.4,20.1,494.8,1.8,1073067,18070,51,51,cubic
0.101,27238,18,21600,25.1,25.5,20.1,494.8,1.4,1083108,18074,51,51,cubic
0.107,27615,19,20160,25.2,25.7,20.1,494.8,1.2,1095094,18078,51,51,cubic
0.116,27986,19,21600,25.5,27.4,20.1,494.8,1.5,1098006,18084,51,51,cubic
0.005,3072,2,0,27.4,34.9,20.1,494.8,3.4,1033801,18090,52,52,cubic
0.006,26468,18,0,27.3,26.4,20.1,494.8,2.8,969630,18092,52,52,cubic
0.031,37860,26,15840,27.0,25.1,20.1,494.8,2.7,1401288,18111,52,52,cubic
0.055,24942,17,24480,28.8,33.1,20.1,494.8,3.9,865831,18127,52,52,cubic
0.060,24971,17,15840,28.4,25.3,20.1,494.8,3.8,880438,18128,52,52,cubic
0.072,25037,17,20160,29.4,36.6,20.1,494.8,4.9,851830,18135,52,52,cubic
0.079,25075,17,21600,30.5,38.3,20.1,494.8,5.9,821834,18139,52,52,cubic
0.084,25103,17,20160,30.3,28.8,20.1,494.8,4.9,828673,18142,52,52,cubic
0.090,25139,17,20160,29.7,25.4,20.1,494.8,4.9,847058,18146,52,52,cubic
0.097,25177,17,21600,29.8,30.7,20.1,494.8,3.9,844809,18150,52,52,cubic
0.103,25204,17,20160,29.3,25.6,20.1,494.8,4.0,861027,18153,52,52,cubic
0.109,25240,17,20160,28.8,25.3,20.1,494.8,4.0,877150,18157,52,52,cubic
0.114,25267,17,21600,28.4,25.4,20.1,494.8,3.8,891157,18161,52,52,cubic
0.121,25304,17,20160,28.0,25.7,20.1,494.8,3.5,902908,18164,52,52,cubic
0.128,25338,17,21600,27.7,25.3,20.1,494.8,3.3,915059,18168,52,52,cubic
0.133,25365,17,20160,27.4,25.3,20.1,494.8,3.1,926135,18171,52,52,cubic
0.006,25365,17,0,26.7,25.3,20.1,494.8,2.0,950320,18172,52,52,cubic
0.005,25365,17,0,26.7,26.9,20.1,494.8,1.5,949217,18174,52,52,cubic
0.031,25110,17,15840,26.5,25.1,20.1,494.8,1.6,947011,18192,52,52,cubic
0.041,25294,17,20160,27.0,30.6,20.1,494.8,2.2,935740,18199,52,52,cubic
0.048,25618,17,20160,27.6,31.4,20.1,494.8,2.7,928928,18203,52,52,cubic
0.054,25939,18,20160,27.1,23.6,20.1,494.8,3.1,957900,18207,52,52,cubic
0.059,26176,18,23040,26.6,23.6,20.1,494.8,3.2,982361,18212,52,52,cubic
0.066,26489,18,21600,26.5,25.6,20.1,494.8,2.6,999245,18215,52,52,cubic
0.071,26721,18,23040,27.0,30.3,20.1,494.8,2.9,990400,18219,52,52,cubic
0.006,27028,18,0,27.2,27.0,20.1,494.8,1.8,993895,18223,52,52,cubic
0.005,27028,18,0,27.2,26.9,20.1,494.8,1.5,995359,18225,52,52,cubic
0.031,27408,19,20160,26.9,25.3,20.1,494.8,1.6,1018241,18244,52,52,cubic
0.036,27632,19,24480,26.7,25.3,20.1,494.8,1.6,1034247,18250,52,52,cubic
0.042,27929,19,23040,27.3,31.7,20.1,494.8,2.4,1021730,18253,52,52,cubic
0.049,28223,19,23040,28.0,32.7,20.1,494.8,3.2,1007748,18257,52,52,cubic
0.056,28441,19,24480,28.7,33.5,20.1,494.8,3.7,991251,18261,52,52,cubic
0.061,28729,19,23040,28.3,25.3,20.1,494.8,3.6,1016236,18264,52,52,cubic
0.068,29014,20,23040,28.5,30.2,20.1,494.8,3.2,1017606,18268,52,52,cubic
0.075,29368,20,23040,28.5,28.8,20.1,494.8,2.5,1028831,18273,52,52,cubic
0.006,29368,20,0,28.9,30.6,20.1,494.8,1.1,1017672,18275,52,52,cubic
0.007,29368,20,0,28.6,27.0,20.1,494.8,1.3,1025848,18277,52,52,cubic
0.033,29717,20,23040,28.5,27.5,20.1,494.8,1.3,1043250,18298,52,52,cubic
0.041,30062,20,23040,28.3,26.9,20.1,494.8,1.4,1062824,18303,52,52,cubic
0.048,30267,21,25920,29.1,34.6,20.1,494.8,2.6,1040854,18308,52,52,cubic
0.053,30538,21,25920,29.9,35.7,20.1,494.8,3.6,1021269,18312,52,52,cubic
0.060,30806,21,25920,30.8,36.9,20.1,494.8,4.5,1000844,18316,52,52,cubic
0.066,31139,21,24480,30.5,28.8,20.1,494.8,3.8,1020047,18320,52,52,cubic
0.075,31468,21,24480,30.3,28.4,20.1,494.8,3.4,1039851,18325,52,52,cubic
0.083,31729,22,25920,30.3,30.5,20.1,494.8,2.6,1047472,18330,52,52,cubic
0.090,31987,22,27360,30.5,32.2,20.1,494.8,2.4,1047757,18335,52,52,cubic
0.097,32244,22,27360,30.7,32.1,20.1,494.8,2.2,1049301,18339,52,52,cubic
0.104,32562,22,25920,30.9,32.0,20.1,494.8,2.0,1054093,18343,52,52,cubic
0.005,32562,22,3834,31.8,33.9,20.1,494.8,2.0,1024219,18346,52,52,cubic
0.005,32562,22,7200,32.5,37.2,20.1,494.8,2.8,1003080,18351,52,52,cubic
0.031,32877,22,25920,31.6,25.6,20.1,494.8,3.8,1040411,18369,52,52,cubic
0.261,33985,23,5760,134.3,233.0,20.1,494.8,115.0,253047,18373,52,52,cubic
0.512,34587,24,1440,160.8,244.6,20.1,494.8,110.3,215142,18380,52,52,cubic
0.761,34646,24,8640,201.7,488.0,20.1,494.8,164.6,171798,18386,52,52,cubic
0.008,34646,24,0,167.8,30.3,20.1,494.8,152.4,206455,18393,52,52,cubic
0.008,34646,24,0,150.5,29.2,20.1,494.8,148.9,230228,18395,52,52,cubic
0.037,35001,24,7200,135.2,28.3,20.1,494.8,142.2,258852,18406,52,52,cubic
0.042,35177,24,4320,121.0,21.3,20.1,494.8,135.2,290783,18407,52,52,cubic
0.051,35235,24,5760,108.4,20.3,20.1,494.8,126.5,325097,18409,52,52,cubic
0.060,35294,24,7200,97.4,20.2,20.1,494.8,117.0,362510,18411,52,52,cubic
0.063,35410,24,5760,87.7,20.2,20.1,494.8,107.0,403666,18412,52,52,cubic
0.073,35526,24,7200,79.3,20.2,20.1,494.8,97.1,448079,18415,52,52,cubic
0.083,35641,24,8640,71.9,20.2,20.1,494.8,87.6,495695,18418,52,52,cubic
0.089,35756,24,8640,65.4,20.2,20.1,494.8,78.6,546427,18420,52,52,cubic
0.096,35871,24,10080,59.8,20.3,20.1,494.8,70.3,599929,18423,52,52,cubic
0.103,35985,24,11520,54.9,20.3,20.1,494.8,62.6,656026,18426,52,52,cubic
0.110,36099,25,12960,50.5,20.3,20.1,494.8,55.6,714294,18429,52,52,cubic
0.115,36213,25,14400,46.8,20.3,20.1,494.8,49.2,774394,18432,52,52,cubic
0.121,36383,25,14400,43.5,20.5,20.1,494.8,43.5,836756,18435,52,52,cubic
0.128,36552,25,15840,40.6,20.3,20.1,494.8,38.4,900650,18439,52,52,cubic
0.134,36720,25,17280,38.1,20.3,20.1,494.8,33.9,965020,18443,52,52,cubic
0.140,36888,25,18720,35.8,20.3,20.1,494.8,29.8,1029557,18447,52,52,cubic
0.343,37660,26,1440,107.0,199.9,20.1,494.8,100.7,351811,18449,52,52,cubic
0.593,38095,26,1440,139.0,242.1,20.1,494.8,111.9,274098,18457,52,52,cubic
0.843,38525,26,1440,163.7,243.1,20.1,494.8,105.6,235402,18465,52,52,cubic
0.027,38525,26,0,130.0,20.2,20.1,494.8,117.7,296248,18474,52,52,cubic
0.007,38525,26,55,120.0,49.7,20.1,494.8,108.3,321025,18477,52,52,cubic
0.033,38846,26,10080,108.4,27.4,20.1,494.8,104.4,358258,18490,52,52,cubic
0.041,39004,27,8640,98.5,28.7,20.1,494.8,98.2,396148,18492,52,52,cubic
0.047,39162,27,7200,88.7,20.3,20.1,494.8,93.2,441580,18494,52,52,cubic
0.057,39267,27,8640,80.1,20.1,20.1,494.8,87.1,490132,18497,52,52,cubic
0.062,39371,27,8640,72.6,20.1,20.1,494.8,80.3,542210,18499,52,52,cubic
0.070,39475,27,10080,66.1,20.2,20.1,494.8,73.3,597599,18502,52,52,cubic
0.077,39579,27,11520,60.3,20.1,20.1,494.8,66.5,656204,18505,52,52,cubic
0.083,39683,27,12960,55.3,20.2,20.1,494.8,59.9,717620,18508,52,52,cubic
0.087,39786,27,12960,50.9,20.2,20.1,494.8,53.7,781542,18510,52,52,cubic
0.093,39941,27,12960,47.1,20.2,20.1,494.8,48.0,848634,18513,52,52,cubic
0.101,40095,27,15840,43.7,20.2,20.1,494.8,42.7,917484,18518,52,52,cubic
0.107,40248,27,17280,40.8,20.2,20.1,494.8,37.9,987244,18522,52,52,cubic
0.114,40401,28,20160,38.2,20.4,20.1,494.8,33.5,1057009,18527,52,52,cubic
0.118,40604,28,18720,36.0,20.1,20.1,494.8,29.7,1129300,18530,52,52,cubic
