Starting TC Qdisc Monitoring for s1-eth2
Timestamp, Qdisc Stats
======================================================================
Timestamp: 2026-05-01 16:30:22
qdisc htb 1: root refcnt 13 r2q 10 default 0x10 direct_packets_stat 0 direct_qlen 1000
 Sent 3501 bytes 28 pkt (dropped 0, overlimits 0 requeues 0) 
 backlog 0b 0p requeues 0
qdisc dualpi2 20: parent 1:10 limit 10000p memlimit 30280000B target 15ms tupdate 16ms alpha 0.156250 beta 3.195312 step_thresh 1ms min_qlen_step 0p coupling_factor 2 drop_on_overload drop_dequeue classic_protection 10% l4s_ect split_gso 
 Sent 3501 bytes 28 pkt (dropped 0, overlimits 0 requeues 0) 
 backlog 0b 0p requeues 0
prob 0.000000 delay_c 0us delay_l 0us
pkts_in_c 28 pkts_in_l 0 maxq 0
ecn_mark 0 step_mark 0
credit -121120 (L-queue)
memory_used 0 (max 2304) of memory limit 30280000

======================================================================
Timestamp: 2026-05-01 16:30:23
qdisc htb 1: root refcnt 13 r2q 10 default 0x10 direct_packets_stat 0 direct_qlen 1000
 Sent 6902 bytes 35 pkt (dropped 0, overlimits 2 requeues 0) 
 backlog 0b 0p requeues 0
qdisc dualpi2 20: parent 1:10 limit 10000p memlimit 30280000B target 15ms tupdate 16ms alpha 0.156250 beta 3.195312 step_thresh 1ms min_qlen_step 0p coupling_factor 2 drop_on_overload drop_dequeue classic_protection 10% l4s_ect split_gso 
 Sent 6902 bytes 35 pkt (dropped 0, overlimits 0 requeues 0) 
 backlog 0b 0p requeues 0
prob 0.000000 delay_c 0us delay_l 0us
pkts_in_c 29 pkts_in_l 6 maxq 0
ecn_mark 1 step_mark 1
credit -121120 (L-queue)
memory_used 0 (max 2332) of memory limit 30280000

======================================================================
Timestamp: 2026-05-01 16:30:24
qdisc htb 1: root refcnt 13 r2q 10 default 0x10 direct_packets_stat 0 direct_qlen 1000
 Sent 532222 bytes 386 pkt (dropped 0, overlimits 249 requeues 0) 
 backlog 0b 0p requeues 0
qdisc dualpi2 20: parent 1:10 limit 10000p memlimit 30280000B target 15ms tupdate 16ms alpha 0.156250 beta 3.195312 step_thresh 1ms min_qlen_step 0p coupling_factor 2 drop_on_overload drop_dequeue classic_protection 10% l4s_ect split_gso 
 Sent 532222 bytes 386 pkt (dropped 0, overlimits 0 requeues 0) 
 backlog 0b 0p requeues 0
prob 0.000000 delay_c 0us delay_l 0us
pkts_in_c 30 pkts_in_l 356 maxq 2
ecn_mark 121 step_mark 121
credit -121120 (L-queue)
memory_used 0 (max 6784) of memory limit 30280000

======================================================================
Timestamp: 2026-05-01 16:30:25
qdisc htb 1: root refcnt 13 r2q 10 default 0x10 direct_packets_stat 0 direct_qlen 1000
 Sent 1353403 bytes 929 pkt (dropped 0, overlimits 694 requeues 0) 
 backlog 1514b 1p requeues 0
qdisc dualpi2 20: parent 1:10 limit 10000p memlimit 30280000B target 15ms tupdate 16ms alpha 0.156250 beta 3.195312 step_thresh 1ms min_qlen_step 0p coupling_factor 2 drop_on_overload drop_dequeue classic_protection 10% l4s_ect split_gso 
 Sent 1353403 bytes 929 pkt (dropped 0, overlimits 0 requeues 0) 
 backlog 1514b 1p requeues 0
prob 0.000000 delay_c 0us delay_l 251us
pkts_in_c 30 pkts_in_l 900 maxq 2
ecn_mark 293 step_mark 293
credit -121120 (L-queue)
memory_used 2332 (max 6784) of memory limit 30280000

======================================================================
Timestamp: 2026-05-01 16:30:26
qdisc htb 1: root refcnt 13 r2q 10 default 0x10 direct_packets_stat 0 direct_qlen 1000
 Sent 2200767 bytes 1492 pkt (dropped 0, overlimits 1192 requeues 0) 
 backlog 0b 0p requeues 0
qdisc dualpi2 20: parent 1:10 limit 10000p memlimit 30280000B target 15ms tupdate 16ms alpha 0.156250 beta 3.195312 step_thresh 1ms min_qlen_step 0p coupling_factor 2 drop_on_overload drop_dequeue classic_protection 10% l4s_ect split_gso 
 Sent 2200767 bytes 1492 pkt (dropped 0, overlimits 0 requeues 0) 
 backlog 0b 0p requeues 0
prob 0.000000 delay_c 0us delay_l 0us
pkts_in_c 30 pkts_in_l 1462 maxq 2
ecn_mark 476 step_mark 476
credit -121120 (L-queue)
memory_used 0 (max 6784) of memory limit 30280000

======================================================================
Timestamp: 2026-05-01 16:30:27
qdisc htb 1: root refcnt 13 r2q 10 default 0x10 direct_packets_stat 0 direct_qlen 1000
 Sent 3041037 bytes 2047 pkt (dropped 0, overlimits 1662 requeues 0) 
 backlog 0b 0p requeues 0
qdisc dualpi2 20: parent 1:10 limit 10000p memlimit 30280000B target 15ms tupdate 16ms alpha 0.156250 beta 3.195312 step_thresh 1ms min_qlen_step 0p coupling_factor 2 drop_on_overload drop_dequeue classic_protection 10% l4s_ect split_gso 
 Sent 3041037 bytes 2047 pkt (dropped 0, overlimits 0 requeues 0) 
 backlog 0b 0p requeues 0
prob 0.000000 delay_c 0us delay_l 0us
pkts_in_c 30 pkts_in_l 2017 maxq 2
ecn_mark 662 step_mark 662
credit -121120 (L-queue)
memory_used 0 (max 6784) of memory limit 30280000

======================================================================
Timestamp: 2026-05-01 16:30:28
qdisc htb 1: root refcnt 13 r2q 10 default 0x10 direct_packets_stat 0 direct_qlen 1000
 Sent 3836612 bytes 2575 pkt (dropped 0, overlimits 2130 requeues 0) 
 backlog 0b 0p requeues 0
qdisc dualpi2 20: parent 1:10 limit 10000p memlimit 30280000B target 15ms tupdate 16ms alpha 0.156250 beta 3.195312 step_thresh 1ms min_qlen_step 0p coupling_factor 2 drop_on_overload drop_dequeue classic_protection 10% l4s_ect split_gso 
 Sent 3836612 bytes 2575 pkt (dropped 0, overlimits 0 requeues 0) 
 backlog 0b 0p requeues 0
prob 0.000000 delay_c 0us delay_l 0us
pkts_in_c 31 pkts_in_l 2544 maxq 2
ecn_mark 826 step_mark 826
credit -121120 (L-queue)
memory_used 0 (max 6784) of memory limit 30280000

======================================================================
Timestamp: 2026-05-01 16:30:29
qdisc htb 1: root refcnt 13 r2q 10 default 0x10 direct_packets_stat 0 direct_qlen 1000
 Sent 4003553 bytes 2687 pkt (dropped 0, overlimits 2234 requeues 0) 
 backlog 0b 0p requeues 0
qdisc dualpi2 20: parent 1:10 limit 10000p memlimit 30280000B target 15ms tupdate 16ms alpha 0.156250 beta 3.195312 step_thresh 1ms min_qlen_step 0p coupling_factor 2 drop_on_overload drop_dequeue classic_protection 10% l4s_ect split_gso 
 Sent 4003553 bytes 2687 pkt (dropped 0, overlimits 0 requeues 0) 
 backlog 0b 0p requeues 0
prob 0.000000 delay_c 0us delay_l 0us
pkts_in_c 32 pkts_in_l 2655 maxq 2
ecn_mark 856 step_mark 856
credit -121120 (L-queue)
memory_used 0 (max 6784) of memory limit 30280000

======================================================================
Timestamp: 2026-05-01 16:30:30
qdisc htb 1: root refcnt 13 r2q 10 default 0x10 direct_packets_stat 0 direct_qlen 1000
 Sent 4633536 bytes 3105 pkt (dropped 0, overlimits 2605 requeues 0) 
 backlog 1514b 1p requeues 0
qdisc dualpi2 20: parent 1:10 limit 10000p memlimit 30280000B target 15ms tupdate 16ms alpha 0.156250 beta 3.195312 step_thresh 1ms min_qlen_step 0p coupling_factor 2 drop_on_overload drop_dequeue classic_protection 10% l4s_ect split_gso 
 Sent 4633536 bytes 3105 pkt (dropped 0, overlimits 0 requeues 0) 
 backlog 1514b 1p requeues 0
prob 0.001203 delay_c 0us delay_l 1453us
pkts_in_c 33 pkts_in_l 3073 maxq 2
ecn_mark 988 step_mark 988
credit 8840 (C-queue)
memory_used 2332 (max 6784) of memory limit 30280000

======================================================================
Timestamp: 2026-05-01 16:30:31
qdisc htb 1: root refcnt 13 r2q 10 default 0x10 direct_packets_stat 0 direct_qlen 1000
 Sent 5266485 bytes 3524 pkt (dropped 0, overlimits 2974 requeues 0) 
 backlog 0b 0p requeues 0
qdisc dualpi2 20: parent 1:10 limit 10000p memlimit 30280000B target 15ms tupdate 16ms alpha 0.156250 beta 3.195312 step_thresh 1ms min_qlen_step 0p coupling_factor 2 drop_on_overload drop_dequeue classic_protection 10% l4s_ect split_gso 
 Sent 5266485 bytes 3524 pkt (dropped 0, overlimits 0 requeues 0) 
 backlog 0b 0p requeues 0
prob 0.000000 delay_c 0us delay_l 0us
pkts_in_c 33 pkts_in_l 3491 maxq 2
ecn_mark 1124 step_mark 1124
credit 8840 (C-queue)
memory_used 0 (max 6784) of memory limit 30280000

======================================================================
Timestamp: 2026-05-01 16:30:32
qdisc htb 1: root refcnt 13 r2q 10 default 0x10 direct_packets_stat 0 direct_qlen 1000
 Sent 5886003 bytes 3935 pkt (dropped 0, overlimits 3350 requeues 0) 
 backlog 3028b 2p requeues 0
qdisc dualpi2 20: parent 1:10 limit 10000p memlimit 30280000B target 15ms tupdate 16ms alpha 0.156250 beta 3.195312 step_thresh 1ms min_qlen_step 0p coupling_factor 2 drop_on_overload drop_dequeue classic_protection 10% l4s_ect split_gso 
 Sent 5886003 bytes 3935 pkt (dropped 0, overlimits 0 requeues 0) 
 backlog 3028b 2p requeues 0
prob 0.001587 delay_c 0us delay_l 1809us
pkts_in_c 34 pkts_in_l 3903 maxq 2
ecn_mark 1256 step_mark 1256
credit 8840 (C-queue)
memory_used 4664 (max 6784) of memory limit 30280000

======================================================================
Timestamp: 2026-05-01 16:30:33
qdisc htb 1: root refcnt 13 r2q 10 default 0x10 direct_packets_stat 0 direct_qlen 1000
 Sent 6582065 bytes 4395 pkt (dropped 0, overlimits 3755 requeues 0) 
 backlog 0b 0p requeues 0
qdisc dualpi2 20: parent 1:10 limit 10000p memlimit 30280000B target 15ms tupdate 16ms alpha 0.156250 beta 3.195312 step_thresh 1ms min_qlen_step 0p coupling_factor 2 drop_on_overload drop_dequeue classic_protection 10% l4s_ect split_gso 
 Sent 6582065 bytes 4395 pkt (dropped 0, overlimits 0 requeues 0) 
 backlog 0b 0p requeues 0
prob 0.000000 delay_c 0us delay_l 0us
pkts_in_c 34 pkts_in_l 4361 maxq 2
ecn_mark 1403 step_mark 1403
credit 8840 (C-queue)
memory_used 0 (max 6784) of memory limit 30280000

======================================================================
Timestamp: 2026-05-01 16:30:34
qdisc htb 1: root refcnt 13 r2q 10 default 0x10 direct_packets_stat 0 direct_qlen 1000
 Sent 7183212 bytes 4793 pkt (dropped 0, overlimits 4090 requeues 0) 
 backlog 0b 0p requeues 0
qdisc dualpi2 20: parent 1:10 limit 10000p memlimit 30280000B target 15ms tupdate 16ms alpha 0.156250 beta 3.195312 step_thresh 1ms min_qlen_step 0p coupling_factor 2 drop_on_overload drop_dequeue classic_protection 10% l4s_ect split_gso 
 Sent 7183212 bytes 4793 pkt (dropped 0, overlimits 0 requeues 0) 
 backlog 0b 0p requeues 0
prob 0.000000 delay_c 0us delay_l 0us
pkts_in_c 34 pkts_in_l 4759 maxq 2
ecn_mark 1539 step_mark 1539
credit 8840 (C-queue)
memory_used 0 (max 6784) of memory limit 30280000

======================================================================
Timestamp: 2026-05-01 16:30:35
qdisc htb 1: root refcnt 13 r2q 10 default 0x10 direct_packets_stat 0 direct_qlen 1000
 Sent 7802256 bytes 5202 pkt (dropped 0, overlimits 4452 requeues 0) 
 backlog 0b 0p requeues 0
qdisc dualpi2 20: parent 1:10 limit 10000p memlimit 30280000B target 15ms tupdate 16ms alpha 0.156250 beta 3.195312 step_thresh 1ms min_qlen_step 0p coupling_factor 2 drop_on_overload drop_dequeue classic_protection 10% l4s_ect split_gso 
 Sent 7802256 bytes 5202 pkt (dropped 0, overlimits 0 requeues 0) 
 backlog 0b 0p requeues 0
prob 0.000000 delay_c 0us delay_l 0us
pkts_in_c 34 pkts_in_l 5168 maxq 2
ecn_mark 1666 step_mark 1666
credit 8840 (C-queue)
memory_used 0 (max 6784) of memory limit 30280000

======================================================================
Timestamp: 2026-05-01 16:30:36
qdisc htb 1: root refcnt 13 r2q 10 default 0x10 direct_packets_stat 0 direct_qlen 1000
 Sent 8389777 bytes 5591 pkt (dropped 0, overlimits 4809 requeues 0) 
 backlog 0b 0p requeues 0
qdisc dualpi2 20: parent 1:10 limit 10000p memlimit 30280000B target 15ms tupdate 16ms alpha 0.156250 beta 3.195312 step_thresh 1ms min_qlen_step 0p coupling_factor 2 drop_on_overload drop_dequeue classic_protection 10% l4s_ect split_gso 
 Sent 8389777 bytes 5591 pkt (dropped 0, overlimits 0 requeues 0) 
 backlog 0b 0p requeues 0
prob 0.000000 delay_c 0us delay_l 0us
pkts_in_c 34 pkts_in_l 5557 maxq 2
ecn_mark 1797 step_mark 1797
credit 8840 (C-queue)
memory_used 0 (max 6784) of memory limit 30280000

======================================================================
Timestamp: 2026-05-01 16:30:37
qdisc htb 1: root refcnt 13 r2q 10 default 0x10 direct_packets_stat 0 direct_qlen 1000
 Sent 9147539 bytes 6092 pkt (dropped 0, overlimits 5259 requeues 0) 
 backlog 0b 0p requeues 0
qdisc dualpi2 20: parent 1:10 limit 10000p memlimit 30280000B target 15ms tupdate 16ms alpha 0.156250 beta 3.195312 step_thresh 1ms min_qlen_step 0p coupling_factor 2 drop_on_overload drop_dequeue classic_protection 10% l4s_ect split_gso 
 Sent 9147539 bytes 6092 pkt (dropped 0, overlimits 0 requeues 0) 
 backlog 0b 0p requeues 0
prob 0.000000 delay_c 0us delay_l 0us
pkts_in_c 34 pkts_in_l 6058 maxq 2
ecn_mark 1952 step_mark 1952
credit 8840 (C-queue)
memory_used 0 (max 6784) of memory limit 30280000

======================================================================
Timestamp: 2026-05-01 16:30:38
qdisc htb 1: root refcnt 13 r2q 10 default 0x10 direct_packets_stat 0 direct_qlen 1000
 Sent 9715378 bytes 6468 pkt (dropped 0, overlimits 5581 requeues 0) 
 backlog 0b 0p requeues 0
qdisc dualpi2 20: parent 1:10 limit 10000p memlimit 30280000B target 15ms tupdate 16ms alpha 0.156250 beta 3.195312 step_thresh 1ms min_qlen_step 0p coupling_factor 2 drop_on_overload drop_dequeue classic_protection 10% l4s_ect split_gso 
 Sent 9715378 bytes 6468 pkt (dropped 0, overlimits 0 requeues 0) 
 backlog 0b 0p requeues 0
prob 0.000000 delay_c 0us delay_l 0us
pkts_in_c 34 pkts_in_l 6434 maxq 2
ecn_mark 2088 step_mark 2088
credit 8840 (C-queue)
memory_used 0 (max 6784) of memory limit 30280000

======================================================================
Timestamp: 2026-05-01 16:30:39
qdisc htb 1: root refcnt 13 r2q 10 default 0x10 direct_packets_stat 0 direct_qlen 1000
 Sent 10332093 bytes 6876 pkt (dropped 0, overlimits 5968 requeues 0) 
 backlog 0b 0p requeues 0
qdisc dualpi2 20: parent 1:10 limit 10000p memlimit 30280000B target 15ms tupdate 16ms alpha 0.156250 beta 3.195312 step_thresh 1ms min_qlen_step 0p coupling_factor 2 drop_on_overload drop_dequeue classic_protection 10% l4s_ect split_gso 
 Sent 10332093 bytes 6876 pkt (dropped 0, overlimits 0 requeues 0) 
 backlog 0b 0p requeues 0
prob 0.000000 delay_c 0us delay_l 0us
pkts_in_c 34 pkts_in_l 6842 maxq 2
ecn_mark 2217 step_mark 2217
credit 8840 (C-queue)
memory_used 0 (max 6784) of memory limit 30280000

======================================================================
Timestamp: 2026-05-01 16:30:40
qdisc htb 1: root refcnt 13 r2q 10 default 0x10 direct_packets_stat 0 direct_qlen 1000
 Sent 10874194 bytes 7235 pkt (dropped 0, overlimits 6268 requeues 0) 
 backlog 0b 0p requeues 0
qdisc dualpi2 20: parent 1:10 limit 10000p memlimit 30280000B target 15ms tupdate 16ms alpha 0.156250 beta 3.195312 step_thresh 1ms min_qlen_step 0p coupling_factor 2 drop_on_overload drop_dequeue classic_protection 10% l4s_ect split_gso 
 Sent 10874194 bytes 7235 pkt (dropped 0, overlimits 0 requeues 0) 
 backlog 0b 0p requeues 0
prob 0.000000 delay_c 0us delay_l 0us
pkts_in_c 34 pkts_in_l 7201 maxq 2
ecn_mark 2325 step_mark 2325
credit 8840 (C-queue)
memory_used 0 (max 6784) of memory limit 30280000

======================================================================
Timestamp: 2026-05-01 16:30:41
qdisc htb 1: root refcnt 13 r2q 10 default 0x10 direct_packets_stat 0 direct_qlen 1000
 Sent 11634598 bytes 7739 pkt (dropped 0, overlimits 6716 requeues 0) 
 backlog 0b 0p requeues 0
qdisc dualpi2 20: parent 1:10 limit 10000p memlimit 30280000B target 15ms tupdate 16ms alpha 0.156250 beta 3.195312 step_thresh 1ms min_qlen_step 0p coupling_factor 2 drop_on_overload drop_dequeue classic_protection 10% l4s_ect split_gso 
 Sent 11634598 bytes 7739 pkt (dropped 0, overlimits 0 requeues 0) 
 backlog 0b 0p requeues 0
prob 0.000000 delay_c 0us delay_l 0us
pkts_in_c 34 pkts_in_l 7705 maxq 2
ecn_mark 2496 step_mark 2496
credit 8840 (C-queue)
memory_used 0 (max 6784) of memory limit 30280000

======================================================================
Timestamp: 2026-05-01 16:30:42
qdisc htb 1: root refcnt 13 r2q 10 default 0x10 direct_packets_stat 0 direct_qlen 1000
 Sent 12157017 bytes 8085 pkt (dropped 0, overlimits 6994 requeues 0) 
 backlog 3028b 2p requeues 0
qdisc dualpi2 20: parent 1:10 limit 10000p memlimit 30280000B target 15ms tupdate 16ms alpha 0.156250 beta 3.195312 step_thresh 1ms min_qlen_step 0p coupling_factor 2 drop_on_overload drop_dequeue classic_protection 10% l4s_ect split_gso 
 Sent 12157017 bytes 8085 pkt (dropped 0, overlimits 0 requeues 0) 
 backlog 3028b 2p requeues 0
prob 0.000000 delay_c 0us delay_l 1373us
pkts_in_c 34 pkts_in_l 8053 maxq 2
ecn_mark 2597 step_mark 2597
credit 8840 (C-queue)
memory_used 4664 (max 6784) of memory limit 30280000

======================================================================
Timestamp: 2026-05-01 16:30:43
qdisc htb 1: root refcnt 13 r2q 10 default 0x10 direct_packets_stat 0 direct_qlen 1000
 Sent 12864875 bytes 8554 pkt (dropped 0, overlimits 7413 requeues 0) 
 backlog 0b 0p requeues 0
qdisc dualpi2 20: parent 1:10 limit 10000p memlimit 30280000B target 15ms tupdate 16ms alpha 0.156250 beta 3.195312 step_thresh 1ms min_qlen_step 0p coupling_factor 2 drop_on_overload drop_dequeue classic_protection 10% l4s_ect split_gso 
 Sent 12864875 bytes 8554 pkt (dropped 0, overlimits 0 requeues 0) 
 backlog 0b 0p requeues 0
prob 0.000000 delay_c 0us delay_l 0us
pkts_in_c 35 pkts_in_l 8519 maxq 2
ecn_mark 2745 step_mark 2745
credit 8840 (C-queue)
memory_used 0 (max 6784) of memory limit 30280000

======================================================================
Timestamp: 2026-05-01 16:30:44
qdisc htb 1: root refcnt 13 r2q 10 default 0x10 direct_packets_stat 0 direct_qlen 1000
 Sent 13369126 bytes 8888 pkt (dropped 0, overlimits 7697 requeues 0) 
 backlog 0b 0p requeues 0
qdisc dualpi2 20: parent 1:10 limit 10000p memlimit 30280000B target 15ms tupdate 16ms alpha 0.156250 beta 3.195312 step_thresh 1ms min_qlen_step 0p coupling_factor 2 drop_on_overload drop_dequeue classic_protection 10% l4s_ect split_gso 
 Sent 13369126 bytes 8888 pkt (dropped 0, overlimits 0 requeues 0) 
 backlog 0b 0p requeues 0
prob 0.000000 delay_c 0us delay_l 0us
pkts_in_c 35 pkts_in_l 8853 maxq 2
ecn_mark 2867 step_mark 2867
credit 8840 (C-queue)
memory_used 0 (max 6784) of memory limit 30280000

======================================================================
Timestamp: 2026-05-01 16:30:45
qdisc htb 1: root refcnt 13 r2q 10 default 0x10 direct_packets_stat 0 direct_qlen 1000
 Sent 14150711 bytes 9405 pkt (dropped 0, overlimits 8175 requeues 0) 
 backlog 0b 0p requeues 0
qdisc dualpi2 20: parent 1:10 limit 10000p memlimit 30280000B target 15ms tupdate 16ms alpha 0.156250 beta 3.195312 step_thresh 1ms min_qlen_step 0p coupling_factor 2 drop_on_overload drop_dequeue classic_protection 10% l4s_ect split_gso 
 Sent 14150711 bytes 9405 pkt (dropped 0, overlimits 0 requeues 0) 
 backlog 0b 0p requeues 0
prob 0.000000 delay_c 0us delay_l 0us
pkts_in_c 35 pkts_in_l 9370 maxq 2
ecn_mark 3038 step_mark 3038
credit 8840 (C-queue)
memory_used 0 (max 6784) of memory limit 30280000

======================================================================
Timestamp: 2026-05-01 16:30:46
qdisc htb 1: root refcnt 13 r2q 10 default 0x10 direct_packets_stat 0 direct_qlen 1000
 Sent 14636864 bytes 9728 pkt (dropped 0, overlimits 8469 requeues 0) 
 backlog 1514b 1p requeues 0
qdisc dualpi2 20: parent 1:10 limit 10000p memlimit 30280000B target 15ms tupdate 16ms alpha 0.156250 beta 3.195312 step_thresh 1ms min_qlen_step 0p coupling_factor 2 drop_on_overload drop_dequeue classic_protection 10% l4s_ect split_gso 
 Sent 14636864 bytes 9728 pkt (dropped 0, overlimits 0 requeues 0) 
 backlog 1514b 1p requeues 0
prob 0.000000 delay_c 0us delay_l 783us
pkts_in_c 36 pkts_in_l 9693 maxq 2
ecn_mark 3142 step_mark 3142
credit 8840 (C-queue)
memory_used 2332 (max 6784) of memory limit 30280000

======================================================================
Timestamp: 2026-05-01 16:30:47
qdisc htb 1: root refcnt 13 r2q 10 default 0x10 direct_packets_stat 0 direct_qlen 1000
 Sent 15150738 bytes 10068 pkt (dropped 0, overlimits 8777 requeues 0) 
 backlog 0b 0p requeues 0
qdisc dualpi2 20: parent 1:10 limit 10000p memlimit 30280000B target 15ms tupdate 16ms alpha 0.156250 beta 3.195312 step_thresh 1ms min_qlen_step 0p coupling_factor 2 drop_on_overload drop_dequeue classic_protection 10% l4s_ect split_gso 
 Sent 15150738 bytes 10068 pkt (dropped 0, overlimits 0 requeues 0) 
 backlog 0b 0p requeues 0
prob 0.000000 delay_c 0us delay_l 0us
pkts_in_c 36 pkts_in_l 10032 maxq 2
ecn_mark 3250 step_mark 3250
credit 8840 (C-queue)
memory_used 0 (max 6784) of memory limit 30280000

======================================================================
Timestamp: 2026-05-01 16:30:48
qdisc htb 1: root refcnt 13 r2q 10 default 0x10 direct_packets_stat 0 direct_qlen 1000
 Sent 15627940 bytes 10385 pkt (dropped 0, overlimits 9076 requeues 0) 
 backlog 1514b 1p requeues 0
qdisc dualpi2 20: parent 1:10 limit 10000p memlimit 30280000B target 15ms tupdate 16ms alpha 0.156250 beta 3.195312 step_thresh 1ms min_qlen_step 0p coupling_factor 2 drop_on_overload drop_dequeue classic_protection 10% l4s_ect split_gso 
 Sent 15627940 bytes 10385 pkt (dropped 0, overlimits 0 requeues 0) 
 backlog 1514b 1p requeues 0
prob 0.000000 delay_c 0us delay_l 207us
pkts_in_c 37 pkts_in_l 10349 maxq 2
ecn_mark 3338 step_mark 3338
credit 8840 (C-queue)
memory_used 2332 (max 6784) of memory limit 30280000

======================================================================
Timestamp: 2026-05-01 16:30:49
qdisc htb 1: root refcnt 13 r2q 10 default 0x10 direct_packets_stat 0 direct_qlen 1000
 Sent 16457049 bytes 10933 pkt (dropped 0, overlimits 9577 requeues 0) 
 backlog 0b 0p requeues 0
qdisc dualpi2 20: parent 1:10 limit 10000p memlimit 30280000B target 15ms tupdate 16ms alpha 0.156250 beta 3.195312 step_thresh 1ms min_qlen_step 0p coupling_factor 2 drop_on_overload drop_dequeue classic_protection 10% l4s_ect split_gso 
 Sent 16457049 bytes 10933 pkt (dropped 0, overlimits 0 requeues 0) 
 backlog 0b 0p requeues 0
prob 0.000000 delay_c 0us delay_l 0us
pkts_in_c 37 pkts_in_l 10896 maxq 2
ecn_mark 3503 step_mark 3503
credit 8840 (C-queue)
memory_used 0 (max 6784) of memory limit 30280000

======================================================================
Timestamp: 2026-05-01 16:30:50
qdisc htb 1: root refcnt 13 r2q 10 default 0x10 direct_packets_stat 0 direct_qlen 1000
 Sent 16912922 bytes 11236 pkt (dropped 0, overlimits 9840 requeues 0) 
 backlog 3028b 2p requeues 0
qdisc dualpi2 20: parent 1:10 limit 10000p memlimit 30280000B target 15ms tupdate 16ms alpha 0.156250 beta 3.195312 step_thresh 1ms min_qlen_step 0p coupling_factor 2 drop_on_overload drop_dequeue classic_protection 10% l4s_ect split_gso 
 Sent 16912922 bytes 11236 pkt (dropped 0, overlimits 0 requeues 0) 
 backlog 3028b 2p requeues 0
prob 0.002681 delay_c 0us delay_l 2953us
pkts_in_c 38 pkts_in_l 11200 maxq 2
ecn_mark 3605 step_mark 3605
credit 8840 (C-queue)
memory_used 4664 (max 6784) of memory limit 30280000

======================================================================
Timestamp: 2026-05-01 16:30:51
qdisc htb 1: root refcnt 13 r2q 10 default 0x10 direct_packets_stat 0 direct_qlen 1000
 Sent 17717679 bytes 11768 pkt (dropped 0, overlimits 10330 requeues 0) 
 backlog 0b 0p requeues 0
qdisc dualpi2 20: parent 1:10 limit 10000p memlimit 30280000B target 15ms tupdate 16ms alpha 0.156250 beta 3.195312 step_thresh 1ms min_qlen_step 0p coupling_factor 2 drop_on_overload drop_dequeue classic_protection 10% l4s_ect split_gso 
 Sent 17717679 bytes 11768 pkt (dropped 0, overlimits 0 requeues 0) 
 backlog 0b 0p requeues 0
prob 0.000000 delay_c 0us delay_l 0us
pkts_in_c 38 pkts_in_l 11730 maxq 2
ecn_mark 3780 step_mark 3780
credit 8840 (C-queue)
memory_used 0 (max 6784) of memory limit 30280000

======================================================================
Timestamp: 2026-05-01 16:30:52
qdisc htb 1: root refcnt 13 r2q 10 default 0x10 direct_packets_stat 0 direct_qlen 1000
 Sent 18162032 bytes 12070 pkt (dropped 0, overlimits 10583 requeues 0) 
 backlog 0b 0p requeues 0
qdisc dualpi2 20: parent 1:10 limit 10000p memlimit 30280000B target 15ms tupdate 16ms alpha 0.156250 beta 3.195312 step_thresh 1ms min_qlen_step 0p coupling_factor 2 drop_on_overload drop_dequeue classic_protection 10% l4s_ect split_gso 
 Sent 18162032 bytes 12070 pkt (dropped 0, overlimits 0 requeues 0) 
 backlog 0b 0p requeues 0
prob 0.000000 delay_c 0us delay_l 0us
pkts_in_c 46 pkts_in_l 12024 maxq 2
ecn_mark 3875 step_mark 3875
credit 6880 (C-queue)
memory_used 0 (max 6784) of memory limit 30280000

======================================================================
Timestamp: 2026-05-01 16:30:53
qdisc htb 1: root refcnt 13 r2q 10 default 0x10 direct_packets_stat 0 direct_qlen 1000
 Sent 19048023 bytes 12659 pkt (dropped 0, overlimits 11169 requeues 0) 
 backlog 7570b 5p requeues 0
qdisc dualpi2 20: parent 1:10 limit 10000p memlimit 30280000B target 15ms tupdate 16ms alpha 0.156250 beta 3.195312 step_thresh 1ms min_qlen_step 0p coupling_factor 2 drop_on_overload drop_dequeue classic_protection 10% l4s_ect split_gso 
 Sent 19048023 bytes 12659 pkt (dropped 0, overlimits 0 requeues 0) 
 backlog 7570b 5p requeues 0
prob 0.009915 delay_c 7906us delay_l 0us
pkts_in_c 375 pkts_in_l 12289 maxq 6
ecn_mark 4001 step_mark 3977
credit 6880 (C-queue)
memory_used 11720 (max 16384) of memory limit 30280000

======================================================================
Timestamp: 2026-05-01 16:30:54
qdisc htb 1: root refcnt 13 r2q 10 default 0x10 direct_packets_stat 0 direct_qlen 1000
 Sent 19929260 bytes 13242 pkt (dropped 0, overlimits 11752 requeues 0) 
 backlog 7570b 5p requeues 0
qdisc dualpi2 20: parent 1:10 limit 10000p memlimit 30280000B target 15ms tupdate 16ms alpha 0.156250 beta 3.195312 step_thresh 1ms min_qlen_step 0p coupling_factor 2 drop_on_overload drop_dequeue classic_protection 10% l4s_ect split_gso 
 Sent 19929260 bytes 13242 pkt (dropped 0, overlimits 0 requeues 0) 
 backlog 7570b 5p requeues 0
prob 0.013236 delay_c 12247us delay_l 0us
pkts_in_c 781 pkts_in_l 12466 maxq 7
ecn_mark 4082 step_mark 4055
credit -52790 (L-queue)
memory_used 11720 (max 17224) of memory limit 30280000

======================================================================
Timestamp: 2026-05-01 16:30:55
qdisc htb 1: root refcnt 13 r2q 10 default 0x10 direct_packets_stat 0 direct_qlen 1000
 Sent 20811589 bytes 13825 pkt (dropped 0, overlimits 12335 requeues 0) 
 backlog 6056b 4p requeues 0
qdisc dualpi2 20: parent 1:10 limit 10000p memlimit 30280000B target 15ms tupdate 16ms alpha 0.156250 beta 3.195312 step_thresh 1ms min_qlen_step 0p coupling_factor 2 drop_on_overload drop_dequeue classic_protection 10% l4s_ect split_gso 
 Sent 20811589 bytes 13825 pkt (dropped 0, overlimits 0 requeues 0) 
 backlog 6056b 4p requeues 0
prob 0.010460 delay_c 7416us delay_l 0us
pkts_in_c 1199 pkts_in_l 12630 maxq 7
ecn_mark 4149 step_mark 4119
credit -25840 (L-queue)
memory_used 9376 (max 17224) of memory limit 30280000

======================================================================
Timestamp: 2026-05-01 16:30:56
qdisc htb 1: root refcnt 13 r2q 10 default 0x10 direct_packets_stat 0 direct_qlen 1000
 Sent 21697368 bytes 14411 pkt (dropped 0, overlimits 12921 requeues 0) 
 backlog 7570b 5p requeues 0
qdisc dualpi2 20: parent 1:10 limit 10000p memlimit 30280000B target 15ms tupdate 16ms alpha 0.156250 beta 3.195312 step_thresh 1ms min_qlen_step 0p coupling_factor 2 drop_on_overload drop_dequeue classic_protection 10% l4s_ect split_gso 
 Sent 21697368 bytes 14411 pkt (dropped 0, overlimits 0 requeues 0) 
 backlog 7570b 5p requeues 0
prob 0.004322 delay_c 13209us delay_l 0us
pkts_in_c 1599 pkts_in_l 12817 maxq 7
ecn_mark 4231 step_mark 4198
credit -70370 (L-queue)
memory_used 11720 (max 17224) of memory limit 30280000

======================================================================
Timestamp: 2026-05-01 16:30:57
qdisc htb 1: root refcnt 13 r2q 10 default 0x10 direct_packets_stat 0 direct_qlen 1000
 Sent 22584572 bytes 14997 pkt (dropped 0, overlimits 13507 requeues 0) 
 backlog 6056b 4p requeues 0
qdisc dualpi2 20: parent 1:10 limit 10000p memlimit 30280000B target 15ms tupdate 16ms alpha 0.156250 beta 3.195312 step_thresh 1ms min_qlen_step 0p coupling_factor 2 drop_on_overload drop_dequeue classic_protection 10% l4s_ect split_gso 
 Sent 22584572 bytes 14997 pkt (dropped 0, overlimits 0 requeues 0) 
 backlog 6056b 4p requeues 0
prob 0.018298 delay_c 9214us delay_l 0us
pkts_in_c 2015 pkts_in_l 12986 maxq 7
ecn_mark 4310 step_mark 4272
credit -100650 (L-queue)
memory_used 9376 (max 17224) of memory limit 30280000

======================================================================
Timestamp: 2026-05-01 16:30:59
qdisc htb 1: root refcnt 13 r2q 10 default 0x10 direct_packets_stat 0 direct_qlen 1000
 Sent 23468837 bytes 15582 pkt (dropped 0, overlimits 14092 requeues 0) 
 backlog 6056b 4p requeues 0
qdisc dualpi2 20: parent 1:10 limit 10000p memlimit 30280000B target 15ms tupdate 16ms alpha 0.156250 beta 3.195312 step_thresh 1ms min_qlen_step 0p coupling_factor 2 drop_on_overload drop_dequeue classic_protection 10% l4s_ect split_gso 
 Sent 23468837 bytes 15582 pkt (dropped 0, overlimits 0 requeues 0) 
 backlog 6056b 4p requeues 0
prob 0.013839 delay_c 11173us delay_l 0us
pkts_in_c 2417 pkts_in_l 13169 maxq 7
ecn_mark 4394 step_mark 4352
credit -69480 (L-queue)
memory_used 9376 (max 17224) of memory limit 30280000

======================================================================
Timestamp: 2026-05-01 16:31:00
qdisc htb 1: root refcnt 13 r2q 10 default 0x10 direct_packets_stat 0 direct_qlen 1000
 Sent 24354147 bytes 16167 pkt (dropped 0, overlimits 14677 requeues 0) 
 backlog 9084b 6p requeues 0
qdisc dualpi2 20: parent 1:10 limit 10000p memlimit 30280000B target 15ms tupdate 16ms alpha 0.156250 beta 3.195312 step_thresh 1ms min_qlen_step 0p coupling_factor 2 drop_on_overload drop_dequeue classic_protection 10% l4s_ect split_gso 
 Sent 24354147 bytes 16167 pkt (dropped 0, overlimits 0 requeues 0) 
 backlog 9084b 6p requeues 0
prob 0.007607 delay_c 11697us delay_l 256us
pkts_in_c 2825 pkts_in_l 13348 maxq 7
ecn_mark 4471 step_mark 4426
credit -103560 (L-queue)
memory_used 14052 (max 17224) of memory limit 30280000

======================================================================
Timestamp: 2026-05-01 16:31:01
qdisc htb 1: root refcnt 13 r2q 10 default 0x10 direct_packets_stat 0 direct_qlen 1000
 Sent 25241604 bytes 16756 pkt (dropped 0, overlimits 15266 requeues 0) 
 backlog 7570b 5p requeues 0
qdisc dualpi2 20: parent 1:10 limit 10000p memlimit 30280000B target 15ms tupdate 16ms alpha 0.156250 beta 3.195312 step_thresh 1ms min_qlen_step 0p coupling_factor 2 drop_on_overload drop_dequeue classic_protection 10% l4s_ect split_gso 
 Sent 25241604 bytes 16756 pkt (dropped 0, overlimits 0 requeues 0) 
 backlog 7570b 5p requeues 0
prob 0.002519 delay_c 7872us delay_l 38us
pkts_in_c 3245 pkts_in_l 13516 maxq 7
ecn_mark 4548 step_mark 4500
credit -55610 (L-queue)
memory_used 11708 (max 18716) of memory limit 30280000

======================================================================
Timestamp: 2026-05-01 16:31:02
qdisc htb 1: root refcnt 13 r2q 10 default 0x10 direct_packets_stat 0 direct_qlen 1000
 Sent 26128808 bytes 17342 pkt (dropped 0, overlimits 15852 requeues 0) 
 backlog 6056b 4p requeues 0
qdisc dualpi2 20: parent 1:10 limit 10000p memlimit 30280000B target 15ms tupdate 16ms alpha 0.156250 beta 3.195312 step_thresh 1ms min_qlen_step 0p coupling_factor 2 drop_on_overload drop_dequeue classic_protection 10% l4s_ect split_gso 
 Sent 26128808 bytes 17342 pkt (dropped 0, overlimits 0 requeues 0) 
 backlog 6056b 4p requeues 0
prob 0.005772 delay_c 11074us delay_l 0us
pkts_in_c 3647 pkts_in_l 13699 maxq 7
ecn_mark 4626 step_mark 4575
credit 4950 (C-queue)
memory_used 9376 (max 18716) of memory limit 30280000

======================================================================
Timestamp: 2026-05-01 16:31:03
qdisc htb 1: root refcnt 13 r2q 10 default 0x10 direct_packets_stat 0 direct_qlen 1000
 Sent 27016101 bytes 17929 pkt (dropped 0, overlimits 16439 requeues 0) 
 backlog 7570b 5p requeues 0
qdisc dualpi2 20: parent 1:10 limit 10000p memlimit 30280000B target 15ms tupdate 16ms alpha 0.156250 beta 3.195312 step_thresh 1ms min_qlen_step 0p coupling_factor 2 drop_on_overload drop_dequeue classic_protection 10% l4s_ect split_gso 
 Sent 27016101 bytes 17929 pkt (dropped 0, overlimits 0 requeues 0) 
 backlog 7570b 5p requeues 0
prob 0.012156 delay_c 12507us delay_l 0us
pkts_in_c 4025 pkts_in_l 13909 maxq 7
ecn_mark 4706 step_mark 4655
credit -100140 (L-queue)
memory_used 11720 (max 18716) of memory limit 30280000

======================================================================
Timestamp: 2026-05-01 16:31:04
qdisc htb 1: root refcnt 13 r2q 10 default 0x10 direct_packets_stat 0 direct_qlen 1000
 Sent 27903214 bytes 18516 pkt (dropped 0, overlimits 17026 requeues 0) 
 backlog 6056b 4p requeues 0
qdisc dualpi2 20: parent 1:10 limit 10000p memlimit 30280000B target 15ms tupdate 16ms alpha 0.156250 beta 3.195312 step_thresh 1ms min_qlen_step 0p coupling_factor 2 drop_on_overload drop_dequeue classic_protection 10% l4s_ect split_gso 
 Sent 27903214 bytes 18516 pkt (dropped 0, overlimits 0 requeues 0) 
 backlog 6056b 4p requeues 0
prob 0.000162 delay_c 10835us delay_l 0us
pkts_in_c 4447 pkts_in_l 14073 maxq 7
ecn_mark 4779 step_mark 4727
credit -85910 (L-queue)
memory_used 9376 (max 18716) of memory limit 30280000

======================================================================
Timestamp: 2026-05-01 16:31:05
qdisc htb 1: root refcnt 13 r2q 10 default 0x10 direct_packets_stat 0 direct_qlen 1000
 Sent 28789157 bytes 19104 pkt (dropped 0, overlimits 17614 requeues 0) 
 backlog 6056b 4p requeues 0
qdisc dualpi2 20: parent 1:10 limit 10000p memlimit 30280000B target 15ms tupdate 16ms alpha 0.156250 beta 3.195312 step_thresh 1ms min_qlen_step 0p coupling_factor 2 drop_on_overload drop_dequeue classic_protection 10% l4s_ect split_gso 
 Sent 28789157 bytes 19104 pkt (dropped 0, overlimits 0 requeues 0) 
 backlog 6056b 4p requeues 0
prob 0.003215 delay_c 9414us delay_l 0us
pkts_in_c 4853 pkts_in_l 14255 maxq 7
ecn_mark 4864 step_mark 4810
credit -98520 (L-queue)
memory_used 9376 (max 18716) of memory limit 30280000

======================================================================
Timestamp: 2026-05-01 16:31:06
qdisc htb 1: root refcnt 13 r2q 10 default 0x10 direct_packets_stat 0 direct_qlen 1000
 Sent 29674387 bytes 19689 pkt (dropped 0, overlimits 18199 requeues 0) 
 backlog 9084b 6p requeues 0
qdisc dualpi2 20: parent 1:10 limit 10000p memlimit 30280000B target 15ms tupdate 16ms alpha 0.156250 beta 3.195312 step_thresh 1ms min_qlen_step 0p coupling_factor 2 drop_on_overload drop_dequeue classic_protection 10% l4s_ect split_gso 
 Sent 29674387 bytes 19689 pkt (dropped 0, overlimits 0 requeues 0) 
 backlog 9084b 6p requeues 0
prob 0.040001 delay_c 12776us delay_l 291us
pkts_in_c 5255 pkts_in_l 14440 maxq 7
ecn_mark 4946 step_mark 4891
credit -42560 (L-queue)
memory_used 14052 (max 18716) of memory limit 30280000

======================================================================
Timestamp: 2026-05-01 16:31:07
qdisc htb 1: root refcnt 13 r2q 10 default 0x10 direct_packets_stat 0 direct_qlen 1000
 Sent 30560114 bytes 20279 pkt (dropped 0, overlimits 18789 requeues 0) 
 backlog 7570b 5p requeues 0
qdisc dualpi2 20: parent 1:10 limit 10000p memlimit 30280000B target 15ms tupdate 16ms alpha 0.156250 beta 3.195312 step_thresh 1ms min_qlen_step 0p coupling_factor 2 drop_on_overload drop_dequeue classic_protection 10% l4s_ect split_gso 
 Sent 30560114 bytes 20279 pkt (dropped 0, overlimits 0 requeues 0) 
 backlog 7570b 5p requeues 0
prob 0.069120 delay_c 13503us delay_l 0us
pkts_in_c 5561 pkts_in_l 14723 maxq 7
ecn_mark 5157 step_mark 5045
credit -42190 (L-queue)
memory_used 11720 (max 18716) of memory limit 30280000

======================================================================
Timestamp: 2026-05-01 16:31:08
qdisc htb 1: root refcnt 13 r2q 10 default 0x10 direct_packets_stat 0 direct_qlen 1000
 Sent 31441417 bytes 20862 pkt (dropped 0, overlimits 19372 requeues 0) 
 backlog 9084b 6p requeues 0
qdisc dualpi2 20: parent 1:10 limit 10000p memlimit 30280000B target 15ms tupdate 16ms alpha 0.156250 beta 3.195312 step_thresh 1ms min_qlen_step 0p coupling_factor 2 drop_on_overload drop_dequeue classic_protection 10% l4s_ect split_gso 
 Sent 31441417 bytes 20862 pkt (dropped 0, overlimits 0 requeues 0) 
 backlog 9084b 6p requeues 0
prob 0.010924 delay_c 13246us delay_l 66us
pkts_in_c 5985 pkts_in_l 14883 maxq 7
ecn_mark 5235 step_mark 5104
credit -101200 (L-queue)
memory_used 14052 (max 18716) of memory limit 30280000

======================================================================
Timestamp: 2026-05-01 16:31:09
qdisc htb 1: root refcnt 13 r2q 10 default 0x10 direct_packets_stat 0 direct_qlen 1000
 Sent 32323883 bytes 21446 pkt (dropped 0, overlimits 19956 requeues 0) 
 backlog 6056b 4p requeues 0
qdisc dualpi2 20: parent 1:10 limit 10000p memlimit 30280000B target 15ms tupdate 16ms alpha 0.156250 beta 3.195312 step_thresh 1ms min_qlen_step 0p coupling_factor 2 drop_on_overload drop_dequeue classic_protection 10% l4s_ect split_gso 
 Sent 32323883 bytes 21446 pkt (dropped 0, overlimits 0 requeues 0) 
 backlog 6056b 4p requeues 0
prob 0.013262 delay_c 7283us delay_l 0us
pkts_in_c 6393 pkts_in_l 15057 maxq 7
ecn_mark 5319 step_mark 5182
credit -57740 (L-queue)
memory_used 9376 (max 18716) of memory limit 30280000

======================================================================
Timestamp: 2026-05-01 16:31:10
qdisc htb 1: root refcnt 13 r2q 10 default 0x10 direct_packets_stat 0 direct_qlen 1000
 Sent 33206545 bytes 22029 pkt (dropped 0, overlimits 20539 requeues 0) 
 backlog 7570b 5p requeues 0
qdisc dualpi2 20: parent 1:10 limit 10000p memlimit 30280000B target 15ms tupdate 16ms alpha 0.156250 beta 3.195312 step_thresh 1ms min_qlen_step 0p coupling_factor 2 drop_on_overload drop_dequeue classic_protection 10% l4s_ect split_gso 
 Sent 33206545 bytes 22029 pkt (dropped 0, overlimits 0 requeues 0) 
 backlog 7570b 5p requeues 0
prob 0.023298 delay_c 11706us delay_l 0us
pkts_in_c 6799 pkts_in_l 15235 maxq 7
ecn_mark 5405 step_mark 5266
credit -88020 (L-queue)
memory_used 11720 (max 18716) of memory limit 30280000

======================================================================
Timestamp: 2026-05-01 16:31:11
qdisc htb 1: root refcnt 13 r2q 10 default 0x10 direct_packets_stat 0 direct_qlen 1000
 Sent 34090226 bytes 22614 pkt (dropped 0, overlimits 21124 requeues 0) 
 backlog 6056b 4p requeues 0
qdisc dualpi2 20: parent 1:10 limit 10000p memlimit 30280000B target 15ms tupdate 16ms alpha 0.156250 beta 3.195312 step_thresh 1ms min_qlen_step 0p coupling_factor 2 drop_on_overload drop_dequeue classic_protection 10% l4s_ect split_gso 
 Sent 34090226 bytes 22614 pkt (dropped 0, overlimits 0 requeues 0) 
 backlog 6056b 4p requeues 0
prob 0.010454 delay_c 9177us delay_l 0us
pkts_in_c 7227 pkts_in_l 15391 maxq 7
ecn_mark 5470 step_mark 5331
credit -62690 (L-queue)
memory_used 9376 (max 18716) of memory limit 30280000

======================================================================
Timestamp: 2026-05-01 16:31:12
qdisc htb 1: root refcnt 13 r2q 10 default 0x10 direct_packets_stat 0 direct_qlen 1000
 Sent 34972888 bytes 23197 pkt (dropped 0, overlimits 21707 requeues 0) 
 backlog 7570b 5p requeues 0
qdisc dualpi2 20: parent 1:10 limit 10000p memlimit 30280000B target 15ms tupdate 16ms alpha 0.156250 beta 3.195312 step_thresh 1ms min_qlen_step 0p coupling_factor 2 drop_on_overload drop_dequeue classic_protection 10% l4s_ect split_gso 
 Sent 34972888 bytes 23197 pkt (dropped 0, overlimits 0 requeues 0) 
 backlog 7570b 5p requeues 0
prob 0.006613 delay_c 7829us delay_l 698us
pkts_in_c 7626 pkts_in_l 15576 maxq 7
ecn_mark 5560 step_mark 5418
credit -2130 (L-queue)
memory_used 11708 (max 18716) of memory limit 30280000

======================================================================
Timestamp: 2026-05-01 16:31:13
qdisc htb 1: root refcnt 13 r2q 10 default 0x10 direct_packets_stat 0 direct_qlen 1000
 Sent 35855909 bytes 23782 pkt (dropped 0, overlimits 22292 requeues 0) 
 backlog 6056b 4p requeues 0
qdisc dualpi2 20: parent 1:10 limit 10000p memlimit 30280000B target 15ms tupdate 16ms alpha 0.156250 beta 3.195312 step_thresh 1ms min_qlen_step 0p coupling_factor 2 drop_on_overload drop_dequeue classic_protection 10% l4s_ect split_gso 
 Sent 35855909 bytes 23782 pkt (dropped 0, overlimits 0 requeues 0) 
 backlog 6056b 4p requeues 0
prob 0.019323 delay_c 11554us delay_l 0us
pkts_in_c 8079 pkts_in_l 15707 maxq 7
ecn_mark 5620 step_mark 5476
credit -74240 (L-queue)
memory_used 9376 (max 18716) of memory limit 30280000

======================================================================
Timestamp: 2026-05-01 16:31:14
qdisc htb 1: root refcnt 13 r2q 10 default 0x10 direct_packets_stat 0 direct_qlen 1000
 Sent 36740085 bytes 24366 pkt (dropped 0, overlimits 22876 requeues 0) 
 backlog 3028b 2p requeues 0
qdisc dualpi2 20: parent 1:10 limit 10000p memlimit 30280000B target 15ms tupdate 16ms alpha 0.156250 beta 3.195312 step_thresh 1ms min_qlen_step 0p coupling_factor 2 drop_on_overload drop_dequeue classic_protection 10% l4s_ect split_gso 
 Sent 36740085 bytes 24366 pkt (dropped 0, overlimits 0 requeues 0) 
 backlog 3028b 2p requeues 0
prob 0.013167 delay_c 7981us delay_l 0us
pkts_in_c 8477 pkts_in_l 15891 maxq 7
ecn_mark 5713 step_mark 5567
credit -13680 (L-queue)
memory_used 4688 (max 18716) of memory limit 30280000

======================================================================
Timestamp: 2026-05-01 16:31:15
qdisc htb 1: root refcnt 13 r2q 10 default 0x10 direct_packets_stat 0 direct_qlen 1000
 Sent 37622661 bytes 24952 pkt (dropped 0, overlimits 23462 requeues 0) 
 backlog 7570b 5p requeues 0
qdisc dualpi2 20: parent 1:10 limit 10000p memlimit 30280000B target 15ms tupdate 16ms alpha 0.156250 beta 3.195312 step_thresh 1ms min_qlen_step 0p coupling_factor 2 drop_on_overload drop_dequeue classic_protection 10% l4s_ect split_gso 
 Sent 37622661 bytes 24952 pkt (dropped 0, overlimits 0 requeues 0) 
 backlog 7570b 5p requeues 0
prob 0.018005 delay_c 8451us delay_l 1428us
pkts_in_c 8961 pkts_in_l 15996 maxq 7
ecn_mark 5761 step_mark 5608
credit -91360 (L-queue)
memory_used 11708 (max 18716) of memory limit 30280000

======================================================================
Timestamp: 2026-05-01 16:31:16
qdisc htb 1: root refcnt 13 r2q 10 default 0x10 direct_packets_stat 0 direct_qlen 1000
 Sent 38506837 bytes 25536 pkt (dropped 0, overlimits 24046 requeues 0) 
 backlog 7570b 5p requeues 0
qdisc dualpi2 20: parent 1:10 limit 10000p memlimit 30280000B target 15ms tupdate 16ms alpha 0.156250 beta 3.195312 step_thresh 1ms min_qlen_step 0p coupling_factor 2 drop_on_overload drop_dequeue classic_protection 10% l4s_ect split_gso 
 Sent 38506837 bytes 25536 pkt (dropped 0, overlimits 0 requeues 0) 
 backlog 7570b 5p requeues 0
prob 0.006228 delay_c 10845us delay_l 0us
pkts_in_c 9362 pkts_in_l 16179 maxq 7
ecn_mark 5848 step_mark 5692
credit -30800 (L-queue)
memory_used 11720 (max 18716) of memory limit 30280000

======================================================================
Timestamp: 2026-05-01 16:31:17
qdisc htb 1: root refcnt 13 r2q 10 default 0x10 direct_packets_stat 0 direct_qlen 1000
 Sent 39389418 bytes 26120 pkt (dropped 0, overlimits 24630 requeues 0) 
 backlog 6056b 4p requeues 0
qdisc dualpi2 20: parent 1:10 limit 10000p memlimit 30280000B target 15ms tupdate 16ms alpha 0.156250 beta 3.195312 step_thresh 1ms min_qlen_step 0p coupling_factor 2 drop_on_overload drop_dequeue classic_protection 10% l4s_ect split_gso 
 Sent 39389418 bytes 26120 pkt (dropped 0, overlimits 0 requeues 0) 
 backlog 6056b 4p requeues 0
prob 0.011108 delay_c 9065us delay_l 0us
pkts_in_c 9815 pkts_in_l 16309 maxq 7
ecn_mark 5907 step_mark 5746
credit 13810 (C-queue)
memory_used 9376 (max 18716) of memory limit 30280000

======================================================================
Timestamp: 2026-05-01 16:31:18
qdisc htb 1: root refcnt 13 r2q 10 default 0x10 direct_packets_stat 0 direct_qlen 1000
 Sent 40271664 bytes 26703 pkt (dropped 0, overlimits 25213 requeues 0) 
 backlog 6056b 4p requeues 0
qdisc dualpi2 20: parent 1:10 limit 10000p memlimit 30280000B target 15ms tupdate 16ms alpha 0.156250 beta 3.195312 step_thresh 1ms min_qlen_step 0p coupling_factor 2 drop_on_overload drop_dequeue classic_protection 10% l4s_ect split_gso 
 Sent 40271664 bytes 26703 pkt (dropped 0, overlimits 0 requeues 0) 
 backlog 6056b 4p requeues 0
prob 0.000000 delay_c 5994us delay_l 0us
pkts_in_c 10234 pkts_in_l 16473 maxq 7
ecn_mark 5988 step_mark 5826
credit -96330 (L-queue)
memory_used 9376 (max 18716) of memory limit 30280000

======================================================================
Timestamp: 2026-05-01 16:31:19
qdisc htb 1: root refcnt 13 r2q 10 default 0x10 direct_packets_stat 0 direct_qlen 1000
 Sent 41155999 bytes 27289 pkt (dropped 0, overlimits 25799 requeues 0) 
 backlog 6056b 4p requeues 0
qdisc dualpi2 20: parent 1:10 limit 10000p memlimit 30280000B target 15ms tupdate 16ms alpha 0.156250 beta 3.195312 step_thresh 1ms min_qlen_step 0p coupling_factor 2 drop_on_overload drop_dequeue classic_protection 10% l4s_ect split_gso 
 Sent 41155999 bytes 27289 pkt (dropped 0, overlimits 0 requeues 0) 
 backlog 6056b 4p requeues 0
prob 0.018096 delay_c 8528us delay_l 0us
pkts_in_c 10771 pkts_in_l 16522 maxq 7
ecn_mark 6010 step_mark 5847
credit -50020 (L-queue)
memory_used 9376 (max 18716) of memory limit 30280000

======================================================================
Timestamp: 2026-05-01 16:31:20
qdisc htb 1: root refcnt 13 r2q 10 default 0x10 direct_packets_stat 0 direct_qlen 1000
 Sent 42040924 bytes 27875 pkt (dropped 0, overlimits 26385 requeues 0) 
 backlog 7570b 5p requeues 0
qdisc dualpi2 20: parent 1:10 limit 10000p memlimit 30280000B target 15ms tupdate 16ms alpha 0.156250 beta 3.195312 step_thresh 1ms min_qlen_step 0p coupling_factor 2 drop_on_overload drop_dequeue classic_protection 10% l4s_ect split_gso 
 Sent 42040924 bytes 27875 pkt (dropped 0, overlimits 0 requeues 0) 
 backlog 7570b 5p requeues 0
prob 0.000533 delay_c 5254us delay_l 0us
pkts_in_c 11188 pkts_in_l 16692 maxq 7
ecn_mark 6092 step_mark 5928
credit -74840 (L-queue)
memory_used 11720 (max 18716) of memory limit 30280000

======================================================================
Timestamp: 2026-05-01 16:31:21
qdisc htb 1: root refcnt 13 r2q 10 default 0x10 direct_packets_stat 0 direct_qlen 1000
 Sent 42923675 bytes 28459 pkt (dropped 0, overlimits 26969 requeues 0) 
 backlog 9084b 6p requeues 0
qdisc dualpi2 20: parent 1:10 limit 10000p memlimit 30280000B target 15ms tupdate 16ms alpha 0.156250 beta 3.195312 step_thresh 1ms min_qlen_step 0p coupling_factor 2 drop_on_overload drop_dequeue classic_protection 10% l4s_ect split_gso 
 Sent 42923675 bytes 28459 pkt (dropped 0, overlimits 0 requeues 0) 
 backlog 9084b 6p requeues 0
prob 0.005933 delay_c 8434us delay_l 1003us
pkts_in_c 11728 pkts_in_l 16737 maxq 7
ecn_mark 6111 step_mark 5946
credit -104230 (L-queue)
memory_used 14052 (max 18716) of memory limit 30280000

======================================================================
Timestamp: 2026-05-01 16:31:22
qdisc htb 1: root refcnt 13 r2q 10 default 0x10 direct_packets_stat 0 direct_qlen 1000
 Sent 43810879 bytes 29045 pkt (dropped 0, overlimits 27555 requeues 0) 
 backlog 6056b 4p requeues 0
qdisc dualpi2 20: parent 1:10 limit 10000p memlimit 30280000B target 15ms tupdate 16ms alpha 0.156250 beta 3.195312 step_thresh 1ms min_qlen_step 0p coupling_factor 2 drop_on_overload drop_dequeue classic_protection 10% l4s_ect split_gso 
 Sent 43810879 bytes 29045 pkt (dropped 0, overlimits 0 requeues 0) 
 backlog 6056b 4p requeues 0
prob 0.009662 delay_c 9070us delay_l 0us
pkts_in_c 12135 pkts_in_l 16914 maxq 7
ecn_mark 6189 step_mark 6021
credit 1750 (C-queue)
memory_used 9376 (max 18716) of memory limit 30280000

======================================================================
Timestamp: 2026-05-01 16:31:23
qdisc htb 1: root refcnt 13 r2q 10 default 0x10 direct_packets_stat 0 direct_qlen 1000
 Sent 44694908 bytes 29630 pkt (dropped 0, overlimits 28140 requeues 0) 
 backlog 7570b 5p requeues 0
qdisc dualpi2 20: parent 1:10 limit 10000p memlimit 30280000B target 15ms tupdate 16ms alpha 0.156250 beta 3.195312 step_thresh 1ms min_qlen_step 0p coupling_factor 2 drop_on_overload drop_dequeue classic_protection 10% l4s_ect split_gso 
 Sent 44694908 bytes 29630 pkt (dropped 0, overlimits 0 requeues 0) 
 backlog 7570b 5p requeues 0
prob 0.013324 delay_c 13576us delay_l 0us
pkts_in_c 12612 pkts_in_l 17023 maxq 7
ecn_mark 6233 step_mark 6064
credit 280 (C-queue)
memory_used 11720 (max 18716) of memory limit 30280000

======================================================================
Timestamp: 2026-05-01 16:31:24
qdisc htb 1: root refcnt 13 r2q 10 default 0x10 direct_packets_stat 0 direct_qlen 1000
 Sent 45579162 bytes 30215 pkt (dropped 0, overlimits 28725 requeues 0) 
 backlog 9084b 6p requeues 0
qdisc dualpi2 20: parent 1:10 limit 10000p memlimit 30280000B target 15ms tupdate 16ms alpha 0.156250 beta 3.195312 step_thresh 1ms min_qlen_step 0p coupling_factor 2 drop_on_overload drop_dequeue classic_protection 10% l4s_ect split_gso 
 Sent 45579162 bytes 30215 pkt (dropped 0, overlimits 0 requeues 0) 
 backlog 9084b 6p requeues 0
prob 0.000000 delay_c 8414us delay_l 432us
pkts_in_c 13012 pkts_in_l 17209 maxq 7
ecn_mark 6319 step_mark 6147
credit -74640 (L-queue)
memory_used 14052 (max 18716) of memory limit 30280000

======================================================================
Timestamp: 2026-05-01 16:31:25
qdisc htb 1: root refcnt 13 r2q 10 default 0x10 direct_packets_stat 0 direct_qlen 1000
 Sent 46462721 bytes 30800 pkt (dropped 0, overlimits 29310 requeues 0) 
 backlog 6056b 4p requeues 0
qdisc dualpi2 20: parent 1:10 limit 10000p memlimit 30280000B target 15ms tupdate 16ms alpha 0.156250 beta 3.195312 step_thresh 1ms min_qlen_step 0p coupling_factor 2 drop_on_overload drop_dequeue classic_protection 10% l4s_ect split_gso 
 Sent 46462721 bytes 30800 pkt (dropped 0, overlimits 0 requeues 0) 
 backlog 6056b 4p requeues 0
prob 0.025105 delay_c 12024us delay_l 0us
pkts_in_c 13391 pkts_in_l 17413 maxq 7
ecn_mark 6396 step_mark 6219
credit 10030 (C-queue)
memory_used 9376 (max 18716) of memory limit 30280000

======================================================================
Timestamp: 2026-05-01 16:31:26
qdisc htb 1: root refcnt 13 r2q 10 default 0x10 direct_packets_stat 0 direct_qlen 1000
 Sent 47344022 bytes 31383 pkt (dropped 0, overlimits 29893 requeues 0) 
 backlog 9084b 6p requeues 0
qdisc dualpi2 20: parent 1:10 limit 10000p memlimit 30280000B target 15ms tupdate 16ms alpha 0.156250 beta 3.195312 step_thresh 1ms min_qlen_step 0p coupling_factor 2 drop_on_overload drop_dequeue classic_protection 10% l4s_ect split_gso 
 Sent 47344022 bytes 31383 pkt (dropped 0, overlimits 0 requeues 0) 
 backlog 9084b 6p requeues 0
prob 0.023900 delay_c 15208us delay_l 1077us
pkts_in_c 13763 pkts_in_l 17626 maxq 7
ecn_mark 6475 step_mark 6294
credit -64140 (L-queue)
memory_used 14052 (max 18716) of memory limit 30280000

======================================================================
Timestamp: 2026-05-01 16:31:27
qdisc htb 1: root refcnt 13 r2q 10 default 0x10 direct_packets_stat 0 direct_qlen 1000
 Sent 48226773 bytes 31967 pkt (dropped 0, overlimits 30477 requeues 0) 
 backlog 9084b 6p requeues 0
qdisc dualpi2 20: parent 1:10 limit 10000p memlimit 30280000B target 15ms tupdate 16ms alpha 0.156250 beta 3.195312 step_thresh 1ms min_qlen_step 0p coupling_factor 2 drop_on_overload drop_dequeue classic_protection 10% l4s_ect split_gso 
 Sent 48226773 bytes 31967 pkt (dropped 0, overlimits 0 requeues 0) 
 backlog 9084b 6p requeues 0
prob 0.013084 delay_c 9278us delay_l 221us
pkts_in_c 14174 pkts_in_l 17799 maxq 7
ecn_mark 6551 step_mark 6367
credit -48110 (L-queue)
memory_used 14052 (max 18716) of memory limit 30280000

======================================================================
Timestamp: 2026-05-01 16:31:28
qdisc htb 1: root refcnt 13 r2q 10 default 0x10 direct_packets_stat 0 direct_qlen 1000
 Sent 49109247 bytes 32550 pkt (dropped 0, overlimits 31060 requeues 0) 
 backlog 7570b 5p requeues 0
qdisc dualpi2 20: parent 1:10 limit 10000p memlimit 30280000B target 15ms tupdate 16ms alpha 0.156250 beta 3.195312 step_thresh 1ms min_qlen_step 0p coupling_factor 2 drop_on_overload drop_dequeue classic_protection 10% l4s_ect split_gso 
 Sent 49109247 bytes 32550 pkt (dropped 0, overlimits 0 requeues 0) 
 backlog 7570b 5p requeues 0
prob 0.005758 delay_c 8018us delay_l 101us
pkts_in_c 14573 pkts_in_l 17982 maxq 7
ecn_mark 6632 step_mark 6445
credit -4570 (L-queue)
memory_used 11708 (max 18716) of memory limit 30280000

======================================================================
Timestamp: 2026-05-01 16:31:29
qdisc htb 1: root refcnt 13 r2q 10 default 0x10 direct_packets_stat 0 direct_qlen 1000
 Sent 49992068 bytes 33135 pkt (dropped 0, overlimits 31645 requeues 0) 
 backlog 4542b 3p requeues 0
qdisc dualpi2 20: parent 1:10 limit 10000p memlimit 30280000B target 15ms tupdate 16ms alpha 0.156250 beta 3.195312 step_thresh 1ms min_qlen_step 0p coupling_factor 2 drop_on_overload drop_dequeue classic_protection 10% l4s_ect split_gso 
 Sent 49992068 bytes 33135 pkt (dropped 0, overlimits 0 requeues 0) 
 backlog 4542b 3p requeues 0
prob 0.035367 delay_c 11513us delay_l 47us
pkts_in_c 14935 pkts_in_l 18203 maxq 7
ecn_mark 6711 step_mark 6519
credit -79380 (L-queue)
memory_used 7020 (max 18716) of memory limit 30280000

======================================================================
Timestamp: 2026-05-01 16:31:30
qdisc htb 1: root refcnt 13 r2q 10 default 0x10 direct_packets_stat 0 direct_qlen 1000
 Sent 50875245 bytes 33719 pkt (dropped 0, overlimits 32229 requeues 0) 
 backlog 7570b 5p requeues 0
qdisc dualpi2 20: parent 1:10 limit 10000p memlimit 30280000B target 15ms tupdate 16ms alpha 0.156250 beta 3.195312 step_thresh 1ms min_qlen_step 0p coupling_factor 2 drop_on_overload drop_dequeue classic_protection 10% l4s_ect split_gso 
 Sent 50875245 bytes 33719 pkt (dropped 0, overlimits 0 requeues 0) 
 backlog 7570b 5p requeues 0
prob 0.003608 delay_c 9938us delay_l 1081us
pkts_in_c 15328 pkts_in_l 18396 maxq 7
ecn_mark 6794 step_mark 6598
credit -28810 (L-queue)
memory_used 11708 (max 18716) of memory limit 30280000

======================================================================
Timestamp: 2026-05-01 16:31:31
qdisc htb 1: root refcnt 13 r2q 10 default 0x10 direct_packets_stat 0 direct_qlen 1000
 Sent 51758312 bytes 34304 pkt (dropped 0, overlimits 32814 requeues 0) 
 backlog 7570b 5p requeues 0
qdisc dualpi2 20: parent 1:10 limit 10000p memlimit 30280000B target 15ms tupdate 16ms alpha 0.156250 beta 3.195312 step_thresh 1ms min_qlen_step 0p coupling_factor 2 drop_on_overload drop_dequeue classic_protection 10% l4s_ect split_gso 
 Sent 51758312 bytes 34304 pkt (dropped 0, overlimits 0 requeues 0) 
 backlog 7570b 5p requeues 0
prob 0.014514 delay_c 11268us delay_l 0us
pkts_in_c 15822 pkts_in_l 18487 maxq 7
ecn_mark 6834 step_mark 6637
credit -24760 (L-queue)
memory_used 11720 (max 18716) of memory limit 30280000

======================================================================
Timestamp: 2026-05-01 16:31:32
qdisc htb 1: root refcnt 13 r2q 10 default 0x10 direct_packets_stat 0 direct_qlen 1000
 Sent 52639460 bytes 34886 pkt (dropped 0, overlimits 33396 requeues 0) 
 backlog 9084b 6p requeues 0
qdisc dualpi2 20: parent 1:10 limit 10000p memlimit 30280000B target 15ms tupdate 16ms alpha 0.156250 beta 3.195312 step_thresh 1ms min_qlen_step 0p coupling_factor 2 drop_on_overload drop_dequeue classic_protection 10% l4s_ect split_gso 
 Sent 52639460 bytes 34886 pkt (dropped 0, overlimits 0 requeues 0) 
 backlog 9084b 6p requeues 0
prob 0.000000 delay_c 15469us delay_l 1158us
pkts_in_c 16186 pkts_in_l 18706 maxq 7
ecn_mark 6910 step_mark 6708
credit 5520 (C-queue)
memory_used 14052 (max 18716) of memory limit 30280000

======================================================================
Timestamp: 2026-05-01 16:31:33
qdisc htb 1: root refcnt 13 r2q 10 default 0x10 direct_packets_stat 0 direct_qlen 1000
 Sent 53519608 bytes 35469 pkt (dropped 0, overlimits 33979 requeues 0) 
 backlog 9084b 6p requeues 0
qdisc dualpi2 20: parent 1:10 limit 10000p memlimit 30280000B target 15ms tupdate 16ms alpha 0.156250 beta 3.195312 step_thresh 1ms min_qlen_step 0p coupling_factor 2 drop_on_overload drop_dequeue classic_protection 10% l4s_ect split_gso 
 Sent 53519608 bytes 35469 pkt (dropped 0, overlimits 0 requeues 0) 
 backlog 9084b 6p requeues 0
prob 0.014007 delay_c 4588us delay_l 1236us
pkts_in_c 16695 pkts_in_l 18780 maxq 7
ecn_mark 6937 step_mark 6732
credit -125600 (L-queue)
memory_used 14052 (max 18716) of memory limit 30280000

======================================================================
Timestamp: 2026-05-01 16:31:34
qdisc htb 1: root refcnt 13 r2q 10 default 0x10 direct_packets_stat 0 direct_qlen 1000
 Sent 54402270 bytes 36052 pkt (dropped 0, overlimits 34562 requeues 0) 
 backlog 6056b 4p requeues 0
qdisc dualpi2 20: parent 1:10 limit 10000p memlimit 30280000B target 15ms tupdate 16ms alpha 0.156250 beta 3.195312 step_thresh 1ms min_qlen_step 0p coupling_factor 2 drop_on_overload drop_dequeue classic_protection 10% l4s_ect split_gso 
 Sent 54402270 bytes 36052 pkt (dropped 0, overlimits 0 requeues 0) 
 backlog 6056b 4p requeues 0
prob 0.032880 delay_c 14140us delay_l 0us
pkts_in_c 17044 pkts_in_l 19012 maxq 7
ecn_mark 7014 step_mark 6804
credit -4480 (L-queue)
memory_used 9376 (max 18716) of memory limit 30280000

======================================================================
Timestamp: 2026-05-01 16:31:35
qdisc htb 1: root refcnt 13 r2q 10 default 0x10 direct_packets_stat 0 direct_qlen 1000
 Sent 55284944 bytes 36636 pkt (dropped 0, overlimits 35146 requeues 0) 
 backlog 6056b 4p requeues 0
qdisc dualpi2 20: parent 1:10 limit 10000p memlimit 30280000B target 15ms tupdate 16ms alpha 0.156250 beta 3.195312 step_thresh 1ms min_qlen_step 0p coupling_factor 2 drop_on_overload drop_dequeue classic_protection 10% l4s_ect split_gso 
 Sent 55284944 bytes 36636 pkt (dropped 0, overlimits 0 requeues 0) 
 backlog 6056b 4p requeues 0
prob 0.010048 delay_c 9658us delay_l 0us
pkts_in_c 17596 pkts_in_l 19044 maxq 7
ecn_mark 7026 step_mark 6816
credit -80060 (L-queue)
memory_used 9376 (max 18716) of memory limit 30280000

======================================================================
Timestamp: 2026-05-01 16:31:36
qdisc htb 1: root refcnt 13 r2q 10 default 0x10 direct_packets_stat 0 direct_qlen 1000
 Sent 56167606 bytes 37219 pkt (dropped 0, overlimits 35729 requeues 0) 
 backlog 4542b 3p requeues 0
qdisc dualpi2 20: parent 1:10 limit 10000p memlimit 30280000B target 15ms tupdate 16ms alpha 0.156250 beta 3.195312 step_thresh 1ms min_qlen_step 0p coupling_factor 2 drop_on_overload drop_dequeue classic_protection 10% l4s_ect split_gso 
 Sent 56167606 bytes 37219 pkt (dropped 0, overlimits 0 requeues 0) 
 backlog 4542b 3p requeues 0
prob 0.000220 delay_c 11176us delay_l 0us
pkts_in_c 17970 pkts_in_l 19252 maxq 7
ecn_mark 7114 step_mark 6898
credit -64920 (L-queue)
memory_used 7032 (max 18716) of memory limit 30280000

======================================================================
Timestamp: 2026-05-01 16:31:37
qdisc htb 1: root refcnt 13 r2q 10 default 0x10 direct_packets_stat 0 direct_qlen 1000
 Sent 57053086 bytes 37805 pkt (dropped 0, overlimits 36315 requeues 0) 
 backlog 6056b 4p requeues 0
qdisc dualpi2 20: parent 1:10 limit 10000p memlimit 30280000B target 15ms tupdate 16ms alpha 0.156250 beta 3.195312 step_thresh 1ms min_qlen_step 0p coupling_factor 2 drop_on_overload drop_dequeue classic_protection 10% l4s_ect split_gso 
 Sent 57053086 bytes 37805 pkt (dropped 0, overlimits 0 requeues 0) 
 backlog 6056b 4p requeues 0
prob 0.013671 delay_c 11669us delay_l 0us
pkts_in_c 18470 pkts_in_l 19339 maxq 7
ecn_mark 7159 step_mark 6939
credit 8680 (C-queue)
memory_used 9376 (max 18716) of memory limit 30280000

======================================================================
Timestamp: 2026-05-01 16:31:38
qdisc htb 1: root refcnt 13 r2q 10 default 0x10 direct_packets_stat 0 direct_qlen 1000
 Sent 57936485 bytes 38389 pkt (dropped 0, overlimits 36899 requeues 0) 
 backlog 6056b 4p requeues 0
qdisc dualpi2 20: parent 1:10 limit 10000p memlimit 30280000B target 15ms tupdate 16ms alpha 0.156250 beta 3.195312 step_thresh 1ms min_qlen_step 0p coupling_factor 2 drop_on_overload drop_dequeue classic_protection 10% l4s_ect split_gso 
 Sent 57936485 bytes 38389 pkt (dropped 0, overlimits 0 requeues 0) 
 backlog 6056b 4p requeues 0
prob 0.000000 delay_c 6338us delay_l 0us
pkts_in_c 18877 pkts_in_l 19516 maxq 7
ecn_mark 7230 step_mark 7004
credit -44510 (L-queue)
memory_used 9376 (max 18716) of memory limit 30280000

======================================================================
Timestamp: 2026-05-01 16:31:39
qdisc htb 1: root refcnt 13 r2q 10 default 0x10 direct_packets_stat 0 direct_qlen 1000
 Sent 58819278 bytes 38974 pkt (dropped 0, overlimits 37484 requeues 0) 
 backlog 6056b 4p requeues 0
qdisc dualpi2 20: parent 1:10 limit 10000p memlimit 30280000B target 15ms tupdate 16ms alpha 0.156250 beta 3.195312 step_thresh 1ms min_qlen_step 0p coupling_factor 2 drop_on_overload drop_dequeue classic_protection 10% l4s_ect split_gso 
 Sent 58819278 bytes 38974 pkt (dropped 0, overlimits 0 requeues 0) 
 backlog 6056b 4p requeues 0
prob 0.008206 delay_c 5618us delay_l 0us
pkts_in_c 19450 pkts_in_l 19528 maxq 7
ecn_mark 7234 step_mark 7008
credit -13340 (L-queue)
memory_used 9376 (max 18716) of memory limit 30280000

======================================================================
Timestamp: 2026-05-01 16:31:40
qdisc htb 1: root refcnt 13 r2q 10 default 0x10 direct_packets_stat 0 direct_qlen 1000
 Sent 59700426 bytes 39556 pkt (dropped 0, overlimits 38066 requeues 0) 
 backlog 6056b 4p requeues 0
qdisc dualpi2 20: parent 1:10 limit 10000p memlimit 30280000B target 15ms tupdate 16ms alpha 0.156250 beta 3.195312 step_thresh 1ms min_qlen_step 0p coupling_factor 2 drop_on_overload drop_dequeue classic_protection 10% l4s_ect split_gso 
 Sent 59701940 bytes 39557 pkt (dropped 0, overlimits 0 requeues 0) 
 backlog 4542b 3p requeues 0
prob 0.007747 delay_c 5163us delay_l 655us
pkts_in_c 19850 pkts_in_l 19710 maxq 7
ecn_mark 7319 step_mark 7089
credit -134460 (L-queue)
memory_used 7020 (max 18716) of memory limit 30280000

======================================================================
Timestamp: 2026-05-01 16:31:41
qdisc htb 1: root refcnt 13 r2q 10 default 0x10 direct_packets_stat 0 direct_qlen 1000
 Sent 60584351 bytes 40141 pkt (dropped 0, overlimits 38651 requeues 0) 
 backlog 3028b 2p requeues 0
qdisc dualpi2 20: parent 1:10 limit 10000p memlimit 30280000B target 15ms tupdate 16ms alpha 0.156250 beta 3.195312 step_thresh 1ms min_qlen_step 0p coupling_factor 2 drop_on_overload drop_dequeue classic_protection 10% l4s_ect split_gso 
 Sent 60584351 bytes 40141 pkt (dropped 0, overlimits 0 requeues 0) 
 backlog 3028b 2p requeues 0
prob 0.007075 delay_c 9397us delay_l 0us
pkts_in_c 20363 pkts_in_l 19780 maxq 7
ecn_mark 7353 step_mark 7122
credit -30990 (L-queue)
memory_used 4688 (max 18716) of memory limit 30280000

======================================================================
Timestamp: 2026-05-01 16:31:42
qdisc htb 1: root refcnt 13 r2q 10 default 0x10 direct_packets_stat 0 direct_qlen 1000
 Sent 61470041 bytes 40726 pkt (dropped 0, overlimits 39236 requeues 0) 
 backlog 3028b 2p requeues 0
qdisc dualpi2 20: parent 1:10 limit 10000p memlimit 30280000B target 15ms tupdate 16ms alpha 0.156250 beta 3.195312 step_thresh 1ms min_qlen_step 0p coupling_factor 2 drop_on_overload drop_dequeue classic_protection 10% l4s_ect split_gso 
 Sent 61470041 bytes 40726 pkt (dropped 0, overlimits 0 requeues 0) 
 backlog 3028b 2p requeues 0
prob 0.009158 delay_c 9202us delay_l 0us
pkts_in_c 20768 pkts_in_l 19960 maxq 7
ecn_mark 7434 step_mark 7200
credit -30990 (L-queue)
memory_used 4688 (max 18716) of memory limit 30280000

======================================================================
Timestamp: 2026-05-01 16:31:43
qdisc htb 1: root refcnt 13 r2q 10 default 0x10 direct_packets_stat 0 direct_qlen 1000
 Sent 62353612 bytes 41311 pkt (dropped 0, overlimits 39821 requeues 0) 
 backlog 6056b 4p requeues 0
qdisc dualpi2 20: parent 1:10 limit 10000p memlimit 30280000B target 15ms tupdate 16ms alpha 0.156250 beta 3.195312 step_thresh 1ms min_qlen_step 0p coupling_factor 2 drop_on_overload drop_dequeue classic_protection 10% l4s_ect split_gso 
 Sent 62353612 bytes 41311 pkt (dropped 0, overlimits 0 requeues 0) 
 backlog 6056b 4p requeues 0
prob 0.018139 delay_c 11356us delay_l 0us
pkts_in_c 21230 pkts_in_l 20085 maxq 7
ecn_mark 7493 step_mark 7258
credit -67320 (L-queue)
memory_used 9376 (max 18716) of memory limit 30280000

======================================================================
Timestamp: 2026-05-01 16:31:44
qdisc htb 1: root refcnt 13 r2q 10 default 0x10 direct_packets_stat 0 direct_qlen 1000
 Sent 63236352 bytes 41895 pkt (dropped 0, overlimits 40405 requeues 0) 
 backlog 7570b 5p requeues 0
qdisc dualpi2 20: parent 1:10 limit 10000p memlimit 30280000B target 15ms tupdate 16ms alpha 0.156250 beta 3.195312 step_thresh 1ms min_qlen_step 0p coupling_factor 2 drop_on_overload drop_dequeue classic_protection 10% l4s_ect split_gso 
 Sent 63236352 bytes 41895 pkt (dropped 0, overlimits 0 requeues 0) 
 backlog 7570b 5p requeues 0
prob 0.008019 delay_c 4980us delay_l 0us
pkts_in_c 21637 pkts_in_l 20263 maxq 7
ecn_mark 7577 step_mark 7337
credit -111960 (L-queue)
memory_used 11720 (max 18716) of memory limit 30280000

======================================================================
Timestamp: 2026-05-01 16:31:45
qdisc htb 1: root refcnt 13 r2q 10 default 0x10 direct_packets_stat 0 direct_qlen 1000
 Sent 64118613 bytes 42479 pkt (dropped 0, overlimits 40989 requeues 0) 
 backlog 6056b 4p requeues 0
qdisc dualpi2 20: parent 1:10 limit 10000p memlimit 30280000B target 15ms tupdate 16ms alpha 0.156250 beta 3.195312 step_thresh 1ms min_qlen_step 0p coupling_factor 2 drop_on_overload drop_dequeue classic_protection 10% l4s_ect split_gso 
 Sent 64118613 bytes 42479 pkt (dropped 0, overlimits 0 requeues 0) 
 backlog 6056b 4p requeues 0
prob 0.037734 delay_c 11790us delay_l 536us
pkts_in_c 22118 pkts_in_l 20365 maxq 7
ecn_mark 7626 step_mark 7385
credit -100830 (L-queue)
memory_used 9364 (max 18716) of memory limit 30280000

======================================================================
Timestamp: 2026-05-01 16:31:46
qdisc htb 1: root refcnt 13 r2q 10 default 0x10 direct_packets_stat 0 direct_qlen 1000
 Sent 64999761 bytes 43061 pkt (dropped 0, overlimits 41571 requeues 0) 
 backlog 6056b 4p requeues 0
qdisc dualpi2 20: parent 1:10 limit 10000p memlimit 30280000B target 15ms tupdate 16ms alpha 0.156250 beta 3.195312 step_thresh 1ms min_qlen_step 0p coupling_factor 2 drop_on_overload drop_dequeue classic_protection 10% l4s_ect split_gso 
 Sent 64999761 bytes 43061 pkt (dropped 0, overlimits 0 requeues 0) 
 backlog 6056b 4p requeues 0
prob 0.004255 delay_c 4485us delay_l 1024us
pkts_in_c 22499 pkts_in_l 20566 maxq 7
ecn_mark 7702 step_mark 7454
credit -55410 (L-queue)
memory_used 9364 (max 18716) of memory limit 30280000

======================================================================
Timestamp: 2026-05-01 16:31:47
qdisc htb 1: root refcnt 13 r2q 10 default 0x10 direct_packets_stat 0 direct_qlen 1000
 Sent 65880164 bytes 43644 pkt (dropped 0, overlimits 42154 requeues 0) 
 backlog 6056b 4p requeues 0
qdisc dualpi2 20: parent 1:10 limit 10000p memlimit 30280000B target 15ms tupdate 16ms alpha 0.156250 beta 3.195312 step_thresh 1ms min_qlen_step 0p coupling_factor 2 drop_on_overload drop_dequeue classic_protection 10% l4s_ect split_gso 
 Sent 65880164 bytes 43644 pkt (dropped 0, overlimits 0 requeues 0) 
 backlog 6056b 4p requeues 0
prob 0.005730 delay_c 6180us delay_l 0us
pkts_in_c 23016 pkts_in_l 20632 maxq 7
ecn_mark 7731 step_mark 7483
credit -17440 (L-queue)
memory_used 9376 (max 18716) of memory limit 30280000

======================================================================
Timestamp: 2026-05-01 16:31:48
qdisc htb 1: root refcnt 13 r2q 10 default 0x10 direct_packets_stat 0 direct_qlen 1000
 Sent 66762826 bytes 44227 pkt (dropped 0, overlimits 42737 requeues 0) 
 backlog 6056b 4p requeues 0
qdisc dualpi2 20: parent 1:10 limit 10000p memlimit 30280000B target 15ms tupdate 16ms alpha 0.156250 beta 3.195312 step_thresh 1ms min_qlen_step 0p coupling_factor 2 drop_on_overload drop_dequeue classic_protection 10% l4s_ect split_gso 
 Sent 66762826 bytes 44227 pkt (dropped 0, overlimits 0 requeues 0) 
 backlog 6056b 4p requeues 0
prob 0.018352 delay_c 7963us delay_l 0us
pkts_in_c 23419 pkts_in_l 20812 maxq 7
ecn_mark 7814 step_mark 7562
credit -17440 (L-queue)
memory_used 9376 (max 18716) of memory limit 30280000

======================================================================
Timestamp: 2026-05-01 16:31:49
qdisc htb 1: root refcnt 13 r2q 10 default 0x10 direct_packets_stat 0 direct_qlen 1000
 Sent 67649590 bytes 44814 pkt (dropped 0, overlimits 43324 requeues 0) 
 backlog 6056b 4p requeues 0
qdisc dualpi2 20: parent 1:10 limit 10000p memlimit 30280000B target 15ms tupdate 16ms alpha 0.156250 beta 3.195312 step_thresh 1ms min_qlen_step 0p coupling_factor 2 drop_on_overload drop_dequeue classic_protection 10% l4s_ect split_gso 
 Sent 67649590 bytes 44814 pkt (dropped 0, overlimits 0 requeues 0) 
 backlog 6056b 4p requeues 0
prob 0.001047 delay_c 5232us delay_l 0us
pkts_in_c 23900 pkts_in_l 20918 maxq 7
ecn_mark 7863 step_mark 7607
credit -67260 (L-queue)
memory_used 9376 (max 18716) of memory limit 30280000

======================================================================
Timestamp: 2026-05-01 16:31:50
qdisc htb 1: root refcnt 13 r2q 10 default 0x10 direct_packets_stat 0 direct_qlen 1000
 Sent 68533766 bytes 45398 pkt (dropped 0, overlimits 43908 requeues 0) 
 backlog 7570b 5p requeues 0
qdisc dualpi2 20: parent 1:10 limit 10000p memlimit 30280000B target 15ms tupdate 16ms alpha 0.156250 beta 3.195312 step_thresh 1ms min_qlen_step 0p coupling_factor 2 drop_on_overload drop_dequeue classic_protection 10% l4s_ect split_gso 
 Sent 68533766 bytes 45398 pkt (dropped 0, overlimits 0 requeues 0) 
 backlog 7570b 5p requeues 0
prob 0.014426 delay_c 12132us delay_l 0us
pkts_in_c 24287 pkts_in_l 21116 maxq 7
ecn_mark 7940 step_mark 7680
credit -67260 (L-queue)
memory_used 11720 (max 18716) of memory limit 30280000

======================================================================
Timestamp: 2026-05-01 16:31:51
qdisc htb 1: root refcnt 13 r2q 10 default 0x10 direct_packets_stat 0 direct_qlen 1000
 Sent 69416561 bytes 45982 pkt (dropped 0, overlimits 44492 requeues 0) 
 backlog 6056b 4p requeues 0
qdisc dualpi2 20: parent 1:10 limit 10000p memlimit 30280000B target 15ms tupdate 16ms alpha 0.156250 beta 3.195312 step_thresh 1ms min_qlen_step 0p coupling_factor 2 drop_on_overload drop_dequeue classic_protection 10% l4s_ect split_gso 
 Sent 69416561 bytes 45982 pkt (dropped 0, overlimits 0 requeues 0) 
 backlog 6056b 4p requeues 0
prob 0.000453 delay_c 5608us delay_l 0us
pkts_in_c 24779 pkts_in_l 21207 maxq 7
ecn_mark 7969 step_mark 7707
credit -65930 (L-queue)
memory_used 9376 (max 18716) of memory limit 30280000

======================================================================
Timestamp: 2026-05-01 16:31:52
qdisc htb 1: root refcnt 13 r2q 10 default 0x10 direct_packets_stat 0 direct_qlen 1000
 Sent 70302340 bytes 46568 pkt (dropped 0, overlimits 45078 requeues 0) 
 backlog 7570b 5p requeues 0
qdisc dualpi2 20: parent 1:10 limit 10000p memlimit 30280000B target 15ms tupdate 16ms alpha 0.156250 beta 3.195312 step_thresh 1ms min_qlen_step 0p coupling_factor 2 drop_on_overload drop_dequeue classic_protection 10% l4s_ect split_gso 
 Sent 70302340 bytes 46568 pkt (dropped 0, overlimits 0 requeues 0) 
 backlog 7570b 5p requeues 0
prob 0.030622 delay_c 7633us delay_l 0us
pkts_in_c 25147 pkts_in_l 21426 maxq 7
ecn_mark 8049 step_mark 7777
credit -34760 (L-queue)
memory_used 11720 (max 18716) of memory limit 30280000

======================================================================
Timestamp: 2026-05-01 16:31:53
qdisc htb 1: root refcnt 13 r2q 10 default 0x10 direct_packets_stat 0 direct_qlen 1000
 Sent 71186266 bytes 47152 pkt (dropped 0, overlimits 45662 requeues 0) 
 backlog 6056b 4p requeues 0
qdisc dualpi2 20: parent 1:10 limit 10000p memlimit 30280000B target 15ms tupdate 16ms alpha 0.156250 beta 3.195312 step_thresh 1ms min_qlen_step 0p coupling_factor 2 drop_on_overload drop_dequeue classic_protection 10% l4s_ect split_gso 
 Sent 71186266 bytes 47152 pkt (dropped 0, overlimits 0 requeues 0) 
 backlog 6056b 4p requeues 0
prob 0.000644 delay_c 5422us delay_l 0us
pkts_in_c 25645 pkts_in_l 21511 maxq 7
ecn_mark 8088 step_mark 7815
credit -112960 (L-queue)
memory_used 9376 (max 18716) of memory limit 30280000

======================================================================
Timestamp: 2026-05-01 16:31:54
qdisc htb 1: root refcnt 13 r2q 10 default 0x10 direct_packets_stat 0 direct_qlen 1000
 Sent 72069017 bytes 47736 pkt (dropped 0, overlimits 46246 requeues 0) 
 backlog 6056b 4p requeues 0
qdisc dualpi2 20: parent 1:10 limit 10000p memlimit 30280000B target 15ms tupdate 16ms alpha 0.156250 beta 3.195312 step_thresh 1ms min_qlen_step 0p coupling_factor 2 drop_on_overload drop_dequeue classic_protection 10% l4s_ect split_gso 
 Sent 72069017 bytes 47736 pkt (dropped 0, overlimits 0 requeues 0) 
 backlog 6056b 4p requeues 0
prob 0.009882 delay_c 7030us delay_l 0us
pkts_in_c 26025 pkts_in_l 21715 maxq 7
ecn_mark 8155 step_mark 7881
credit -36370 (L-queue)
memory_used 9376 (max 18716) of memory limit 30280000

======================================================================
Timestamp: 2026-05-01 16:31:55
qdisc htb 1: root refcnt 13 r2q 10 default 0x10 direct_packets_stat 0 direct_qlen 1000
 Sent 72950806 bytes 48319 pkt (dropped 0, overlimits 46829 requeues 0) 
 backlog 6056b 4p requeues 0
qdisc dualpi2 20: parent 1:10 limit 10000p memlimit 30280000B target 15ms tupdate 16ms alpha 0.156250 beta 3.195312 step_thresh 1ms min_qlen_step 0p coupling_factor 2 drop_on_overload drop_dequeue classic_protection 10% l4s_ect split_gso 
 Sent 72950806 bytes 48319 pkt (dropped 0, overlimits 0 requeues 0) 
 backlog 6056b 4p requeues 0
prob 0.011736 delay_c 5454us delay_l 0us
pkts_in_c 26507 pkts_in_l 21816 maxq 7
ecn_mark 8200 step_mark 7922
credit -14820 (L-queue)
memory_used 9376 (max 18716) of memory limit 30280000

======================================================================
Timestamp: 2026-05-01 16:31:56
qdisc htb 1: root refcnt 13 r2q 10 default 0x10 direct_packets_stat 0 direct_qlen 1000
 Sent 73832043 bytes 48902 pkt (dropped 0, overlimits 47412 requeues 0) 
 backlog 6056b 4p requeues 0
qdisc dualpi2 20: parent 1:10 limit 10000p memlimit 30280000B target 15ms tupdate 16ms alpha 0.156250 beta 3.195312 step_thresh 1ms min_qlen_step 0p coupling_factor 2 drop_on_overload drop_dequeue classic_protection 10% l4s_ect split_gso 
 Sent 73832043 bytes 48902 pkt (dropped 0, overlimits 0 requeues 0) 
 backlog 6056b 4p requeues 0
prob 0.004941 delay_c 11935us delay_l 0us
pkts_in_c 26908 pkts_in_l 21998 maxq 7
ecn_mark 8273 step_mark 7990
credit 1210 (C-queue)
memory_used 9376 (max 18716) of memory limit 30280000

======================================================================
Timestamp: 2026-05-01 16:31:57
qdisc htb 1: root refcnt 13 r2q 10 default 0x10 direct_packets_stat 0 direct_qlen 1000
 Sent 74712481 bytes 49484 pkt (dropped 0, overlimits 47994 requeues 0) 
 backlog 6056b 4p requeues 0
qdisc dualpi2 20: parent 1:10 limit 10000p memlimit 30280000B target 15ms tupdate 16ms alpha 0.156250 beta 3.195312 step_thresh 1ms min_qlen_step 0p coupling_factor 2 drop_on_overload drop_dequeue classic_protection 10% l4s_ect split_gso 
 Sent 74712481 bytes 49484 pkt (dropped 0, overlimits 0 requeues 0) 
 backlog 6056b 4p requeues 0
prob 0.003775 delay_c 6685us delay_l 0us
pkts_in_c 27365 pkts_in_l 22123 maxq 7
ecn_mark 8315 step_mark 8029
credit -21030 (L-queue)
memory_used 9376 (max 18716) of memory limit 30280000

======================================================================
Timestamp: 2026-05-01 16:31:58
qdisc htb 1: root refcnt 13 r2q 10 default 0x10 direct_packets_stat 0 direct_qlen 1000
 Sent 75593718 bytes 50067 pkt (dropped 0, overlimits 48577 requeues 0) 
 backlog 7570b 5p requeues 0
qdisc dualpi2 20: parent 1:10 limit 10000p memlimit 30280000B target 15ms tupdate 16ms alpha 0.156250 beta 3.195312 step_thresh 1ms min_qlen_step 0p coupling_factor 2 drop_on_overload drop_dequeue classic_protection 10% l4s_ect split_gso 
 Sent 75593718 bytes 50067 pkt (dropped 0, overlimits 0 requeues 0) 
 backlog 7570b 5p requeues 0
prob 0.011716 delay_c 10285us delay_l 1524us
pkts_in_c 27776 pkts_in_l 22296 maxq 7
ecn_mark 8403 step_mark 8116
credit -20140 (L-queue)
memory_used 11708 (max 18716) of memory limit 30280000

======================================================================
Timestamp: 2026-05-01 16:31:59
qdisc htb 1: root refcnt 13 r2q 10 default 0x10 direct_packets_stat 0 direct_qlen 1000
 Sent 76478088 bytes 50653 pkt (dropped 0, overlimits 49163 requeues 0) 
 backlog 7570b 5p requeues 0
qdisc dualpi2 20: parent 1:10 limit 10000p memlimit 30280000B target 15ms tupdate 16ms alpha 0.156250 beta 3.195312 step_thresh 1ms min_qlen_step 0p coupling_factor 2 drop_on_overload drop_dequeue classic_protection 10% l4s_ect split_gso 
 Sent 76478088 bytes 50653 pkt (dropped 0, overlimits 0 requeues 0) 
 backlog 7570b 5p requeues 0
prob 0.000000 delay_c 7642us delay_l 0us
pkts_in_c 28220 pkts_in_l 22438 maxq 7
ecn_mark 8474 step_mark 8184
credit -63620 (L-queue)
memory_used 11720 (max 18716) of memory limit 30280000

======================================================================
Timestamp: 2026-05-01 16:32:00
qdisc htb 1: root refcnt 13 r2q 10 default 0x10 direct_packets_stat 0 direct_qlen 1000
 Sent 77363867 bytes 51239 pkt (dropped 0, overlimits 49749 requeues 0) 
 backlog 6056b 4p requeues 0
qdisc dualpi2 20: parent 1:10 limit 10000p memlimit 30280000B target 15ms tupdate 16ms alpha 0.156250 beta 3.195312 step_thresh 1ms min_qlen_step 0p coupling_factor 2 drop_on_overload drop_dequeue classic_protection 10% l4s_ect split_gso 
 Sent 77363867 bytes 51239 pkt (dropped 0, overlimits 0 requeues 0) 
 backlog 6056b 4p requeues 0
prob 0.019475 delay_c 10949us delay_l 0us
pkts_in_c 28659 pkts_in_l 22584 maxq 7
ecn_mark 8530 step_mark 8239
credit -47590 (L-queue)
memory_used 9376 (max 18716) of memory limit 30280000

======================================================================
Timestamp: 2026-05-01 16:32:01
qdisc htb 1: root refcnt 13 r2q 10 default 0x10 direct_packets_stat 0 direct_qlen 1000
 Sent 78247951 bytes 51824 pkt (dropped 0, overlimits 50334 requeues 0) 
 backlog 6056b 4p requeues 0
qdisc dualpi2 20: parent 1:10 limit 10000p memlimit 30280000B target 15ms tupdate 16ms alpha 0.156250 beta 3.195312 step_thresh 1ms min_qlen_step 0p coupling_factor 2 drop_on_overload drop_dequeue classic_protection 10% l4s_ect split_gso 
 Sent 78247951 bytes 51824 pkt (dropped 0, overlimits 0 requeues 0) 
 backlog 6056b 4p requeues 0
prob 0.000310 delay_c 5794us delay_l 0us
pkts_in_c 29075 pkts_in_l 22753 maxq 7
ecn_mark 8610 step_mark 8316
credit -79210 (L-queue)
memory_used 9376 (max 18716) of memory limit 30280000

======================================================================
Timestamp: 2026-05-01 16:32:02
qdisc htb 1: root refcnt 13 r2q 10 default 0x10 direct_packets_stat 0 direct_qlen 1000
 Sent 79132918 bytes 52410 pkt (dropped 0, overlimits 50920 requeues 0) 
 backlog 7570b 5p requeues 0
qdisc dualpi2 20: parent 1:10 limit 10000p memlimit 30280000B target 15ms tupdate 16ms alpha 0.156250 beta 3.195312 step_thresh 1ms min_qlen_step 0p coupling_factor 2 drop_on_overload drop_dequeue classic_protection 10% l4s_ect split_gso 
 Sent 79132918 bytes 52410 pkt (dropped 0, overlimits 0 requeues 0) 
 backlog 7570b 5p requeues 0
prob 0.005744 delay_c 8104us delay_l 0us
pkts_in_c 29557 pkts_in_l 22858 maxq 7
ecn_mark 8652 step_mark 8358
credit -10740 (L-queue)
memory_used 11720 (max 18716) of memory limit 30280000

======================================================================
Timestamp: 2026-05-01 16:32:03
qdisc htb 1: root refcnt 13 r2q 10 default 0x10 direct_packets_stat 0 direct_qlen 1000
 Sent 80018608 bytes 52995 pkt (dropped 0, overlimits 51505 requeues 0) 
 backlog 6056b 4p requeues 0
qdisc dualpi2 20: parent 1:10 limit 10000p memlimit 30280000B target 15ms tupdate 16ms alpha 0.156250 beta 3.195312 step_thresh 1ms min_qlen_step 0p coupling_factor 2 drop_on_overload drop_dequeue classic_protection 10% l4s_ect split_gso 
 Sent 80018608 bytes 52995 pkt (dropped 0, overlimits 0 requeues 0) 
 backlog 6056b 4p requeues 0
prob 0.000292 delay_c 8215us delay_l 0us
pkts_in_c 30141 pkts_in_l 22858 maxq 7
ecn_mark 8652 step_mark 8358
credit -10740 (L-queue)
memory_used 9376 (max 18716) of memory limit 30280000

======================================================================
Timestamp: 2026-05-01 16:32:04
qdisc htb 1: root refcnt 13 r2q 10 default 0x10 direct_packets_stat 0 direct_qlen 1000
 Sent 80902811 bytes 53580 pkt (dropped 0, overlimits 52090 requeues 0) 
 backlog 7570b 5p requeues 0
qdisc dualpi2 20: parent 1:10 limit 10000p memlimit 30280000B target 15ms tupdate 16ms alpha 0.156250 beta 3.195312 step_thresh 1ms min_qlen_step 0p coupling_factor 2 drop_on_overload drop_dequeue classic_protection 10% l4s_ect split_gso 
 Sent 80902811 bytes 53580 pkt (dropped 0, overlimits 0 requeues 0) 
 backlog 7570b 5p requeues 0
prob 0.000000 delay_c 5366us delay_l 0us
pkts_in_c 30604 pkts_in_l 22981 maxq 7
ecn_mark 8715 step_mark 8416
credit -71030 (L-queue)
memory_used 11720 (max 18716) of memory limit 30280000

======================================================================
Timestamp: 2026-05-01 16:32:05
qdisc htb 1: root refcnt 13 r2q 10 default 0x10 direct_packets_stat 0 direct_qlen 1000
 Sent 81785473 bytes 54163 pkt (dropped 0, overlimits 52673 requeues 0) 
 backlog 4542b 3p requeues 0
qdisc dualpi2 20: parent 1:10 limit 10000p memlimit 30280000B target 15ms tupdate 16ms alpha 0.156250 beta 3.195312 step_thresh 1ms min_qlen_step 0p coupling_factor 2 drop_on_overload drop_dequeue classic_protection 10% l4s_ect split_gso 
 Sent 81785473 bytes 54163 pkt (dropped 0, overlimits 0 requeues 0) 
 backlog 4542b 3p requeues 0
prob 0.000000 delay_c 7925us delay_l 0us
pkts_in_c 31185 pkts_in_l 22981 maxq 7
ecn_mark 8715 step_mark 8416
credit -71030 (L-queue)
memory_used 7032 (max 18716) of memory limit 30280000

======================================================================
Timestamp: 2026-05-01 16:32:06
qdisc htb 1: root refcnt 13 r2q 10 default 0x10 direct_packets_stat 0 direct_qlen 1000
 Sent 82668224 bytes 54747 pkt (dropped 0, overlimits 53257 requeues 0) 
 backlog 6056b 4p requeues 0
qdisc dualpi2 20: parent 1:10 limit 10000p memlimit 30280000B target 15ms tupdate 16ms alpha 0.156250 beta 3.195312 step_thresh 1ms min_qlen_step 0p coupling_factor 2 drop_on_overload drop_dequeue classic_protection 10% l4s_ect split_gso 
 Sent 82668224 bytes 54747 pkt (dropped 0, overlimits 0 requeues 0) 
 backlog 6056b 4p requeues 0
prob 0.015990 delay_c 5314us delay_l 0us
pkts_in_c 31613 pkts_in_l 23138 maxq 7
ecn_mark 8790 step_mark 8490
credit -24720 (L-queue)
memory_used 9376 (max 18716) of memory limit 30280000

======================================================================
Timestamp: 2026-05-01 16:32:07
qdisc htb 1: root refcnt 13 r2q 10 default 0x10 direct_packets_stat 0 direct_qlen 1000
 Sent 83550462 bytes 55330 pkt (dropped 0, overlimits 53840 requeues 0) 
 backlog 6056b 4p requeues 0
qdisc dualpi2 20: parent 1:10 limit 10000p memlimit 30280000B target 15ms tupdate 16ms alpha 0.156250 beta 3.195312 step_thresh 1ms min_qlen_step 0p coupling_factor 2 drop_on_overload drop_dequeue classic_protection 10% l4s_ect split_gso 
 Sent 83550462 bytes 55330 pkt (dropped 0, overlimits 0 requeues 0) 
 backlog 6056b 4p requeues 0
prob 0.011823 delay_c 6123us delay_l 0us
pkts_in_c 32051 pkts_in_l 23283 maxq 7
ecn_mark 8843 step_mark 8541
credit -13820 (L-queue)
memory_used 9376 (max 18716) of memory limit 30280000

======================================================================
Timestamp: 2026-05-01 16:32:08
qdisc htb 1: root refcnt 13 r2q 10 default 0x10 direct_packets_stat 0 direct_qlen 1000
 Sent 84433369 bytes 55916 pkt (dropped 0, overlimits 54426 requeues 0) 
 backlog 3028b 2p requeues 0
qdisc dualpi2 20: parent 1:10 limit 10000p memlimit 30280000B target 15ms tupdate 16ms alpha 0.156250 beta 3.195312 step_thresh 1ms min_qlen_step 0p coupling_factor 2 drop_on_overload drop_dequeue classic_protection 10% l4s_ect split_gso 
 Sent 84433369 bytes 55916 pkt (dropped 0, overlimits 0 requeues 0) 
 backlog 3028b 2p requeues 0
prob 0.012358 delay_c 8161us delay_l 0us
pkts_in_c 32514 pkts_in_l 23404 maxq 7
ecn_mark 8898 step_mark 8595
credit 3770 (C-queue)
memory_used 4688 (max 18716) of memory limit 30280000

======================================================================
Timestamp: 2026-05-01 16:32:09
qdisc htb 1: root refcnt 13 r2q 10 default 0x10 direct_packets_stat 0 direct_qlen 1000
 Sent 85317545 bytes 56500 pkt (dropped 0, overlimits 55010 requeues 0) 
 backlog 7570b 5p requeues 0
qdisc dualpi2 20: parent 1:10 limit 10000p memlimit 30280000B target 15ms tupdate 16ms alpha 0.156250 beta 3.195312 step_thresh 1ms min_qlen_step 0p coupling_factor 2 drop_on_overload drop_dequeue classic_protection 10% l4s_ect split_gso 
 Sent 85317545 bytes 56500 pkt (dropped 0, overlimits 0 requeues 0) 
 backlog 7570b 5p requeues 0
prob 0.018847 delay_c 13656us delay_l 0us
pkts_in_c 32915 pkts_in_l 23590 maxq 7
ecn_mark 8992 step_mark 8685
credit -41650 (L-queue)
memory_used 11720 (max 18716) of memory limit 30280000

======================================================================
Timestamp: 2026-05-01 16:32:10
qdisc htb 1: root refcnt 13 r2q 10 default 0x10 direct_packets_stat 0 direct_qlen 1000
 Sent 86202157 bytes 57086 pkt (dropped 0, overlimits 55596 requeues 0) 
 backlog 7570b 5p requeues 0
qdisc dualpi2 20: parent 1:10 limit 10000p memlimit 30280000B target 15ms tupdate 16ms alpha 0.156250 beta 3.195312 step_thresh 1ms min_qlen_step 0p coupling_factor 2 drop_on_overload drop_dequeue classic_protection 10% l4s_ect split_gso 
 Sent 86202157 bytes 57086 pkt (dropped 0, overlimits 0 requeues 0) 
 backlog 7570b 5p requeues 0
prob 0.020101 delay_c 3592us delay_l 0us
pkts_in_c 33329 pkts_in_l 23762 maxq 7
ecn_mark 9076 step_mark 8766
credit -52430 (L-queue)
memory_used 11720 (max 18716) of memory limit 30280000

======================================================================
Timestamp: 2026-05-01 16:32:11
qdisc htb 1: root refcnt 13 r2q 10 default 0x10 direct_packets_stat 0 direct_qlen 1000
 Sent 87085244 bytes 57670 pkt (dropped 0, overlimits 56180 requeues 0) 
 backlog 6056b 4p requeues 0
qdisc dualpi2 20: parent 1:10 limit 10000p memlimit 30280000B target 15ms tupdate 16ms alpha 0.156250 beta 3.195312 step_thresh 1ms min_qlen_step 0p coupling_factor 2 drop_on_overload drop_dequeue classic_protection 10% l4s_ect split_gso 
 Sent 87085244 bytes 57670 pkt (dropped 0, overlimits 0 requeues 0) 
 backlog 6056b 4p requeues 0
prob 0.000000 delay_c 6520us delay_l 0us
pkts_in_c 33777 pkts_in_l 23897 maxq 7
ecn_mark 9132 step_mark 8816
credit -63320 (L-queue)
memory_used 9376 (max 18716) of memory limit 30280000

======================================================================
Timestamp: 2026-05-01 16:32:12
qdisc htb 1: root refcnt 13 r2q 10 default 0x10 direct_packets_stat 0 direct_qlen 1000
 Sent 87969509 bytes 58255 pkt (dropped 0, overlimits 56765 requeues 0) 
 backlog 7570b 5p requeues 0
qdisc dualpi2 20: parent 1:10 limit 10000p memlimit 30280000B target 15ms tupdate 16ms alpha 0.156250 beta 3.195312 step_thresh 1ms min_qlen_step 0p coupling_factor 2 drop_on_overload drop_dequeue classic_protection 10% l4s_ect split_gso 
 Sent 87969509 bytes 58255 pkt (dropped 0, overlimits 0 requeues 0) 
 backlog 7570b 5p requeues 0
prob 0.007855 delay_c 10775us delay_l 0us
pkts_in_c 34213 pkts_in_l 24047 maxq 7
ecn_mark 9188 step_mark 8870
credit 13270 (C-queue)
memory_used 11720 (max 18716) of memory limit 30280000

======================================================================
Timestamp: 2026-05-01 16:32:13
qdisc htb 1: root refcnt 13 r2q 10 default 0x10 direct_packets_stat 0 direct_qlen 1000
 Sent 88852615 bytes 58839 pkt (dropped 0, overlimits 57349 requeues 0) 
 backlog 7570b 5p requeues 0
qdisc dualpi2 20: parent 1:10 limit 10000p memlimit 30280000B target 15ms tupdate 16ms alpha 0.156250 beta 3.195312 step_thresh 1ms min_qlen_step 0p coupling_factor 2 drop_on_overload drop_dequeue classic_protection 10% l4s_ect split_gso 
 Sent 88852615 bytes 58839 pkt (dropped 0, overlimits 0 requeues 0) 
 backlog 7570b 5p requeues 0
prob 0.000099 delay_c 7337us delay_l 0us
pkts_in_c 34656 pkts_in_l 24188 maxq 7
ecn_mark 9241 step_mark 8922
credit -42850 (L-queue)
memory_used 11720 (max 18716) of memory limit 30280000

======================================================================
Timestamp: 2026-05-01 16:32:14
qdisc htb 1: root refcnt 13 r2q 10 default 0x10 direct_packets_stat 0 direct_qlen 1000
 Sent 89737036 bytes 59426 pkt (dropped 0, overlimits 57936 requeues 0) 
 backlog 7570b 5p requeues 0
qdisc dualpi2 20: parent 1:10 limit 10000p memlimit 30280000B target 15ms tupdate 16ms alpha 0.156250 beta 3.195312 step_thresh 1ms min_qlen_step 0p coupling_factor 2 drop_on_overload drop_dequeue classic_protection 10% l4s_ect split_gso 
 Sent 89737036 bytes 59426 pkt (dropped 0, overlimits 0 requeues 0) 
 backlog 7570b 5p requeues 0
prob 0.014266 delay_c 11157us delay_l 0us
pkts_in_c 35075 pkts_in_l 24356 maxq 7
ecn_mark 9301 step_mark 8978
credit 5020 (C-queue)
memory_used 11720 (max 18716) of memory limit 30280000

======================================================================
Timestamp: 2026-05-01 16:32:15
qdisc htb 1: root refcnt 13 r2q 10 default 0x10 direct_packets_stat 0 direct_qlen 1000
 Sent 90623458 bytes 60012 pkt (dropped 0, overlimits 58522 requeues 0) 
 backlog 6056b 4p requeues 0
qdisc dualpi2 20: parent 1:10 limit 10000p memlimit 30280000B target 15ms tupdate 16ms alpha 0.156250 beta 3.195312 step_thresh 1ms min_qlen_step 0p coupling_factor 2 drop_on_overload drop_dequeue classic_protection 10% l4s_ect split_gso 
 Sent 90623458 bytes 60012 pkt (dropped 0, overlimits 0 requeues 0) 
 backlog 6056b 4p requeues 0
prob 0.006125 delay_c 6748us delay_l 0us
pkts_in_c 35538 pkts_in_l 24478 maxq 7
ecn_mark 9346 step_mark 9016
credit -63360 (L-queue)
memory_used 9376 (max 18716) of memory limit 30280000

======================================================================
Timestamp: 2026-05-01 16:32:16
qdisc htb 1: root refcnt 13 r2q 10 default 0x10 direct_packets_stat 0 direct_qlen 1000
 Sent 91509307 bytes 60599 pkt (dropped 0, overlimits 59109 requeues 0) 
 backlog 6056b 4p requeues 0
qdisc dualpi2 20: parent 1:10 limit 10000p memlimit 30280000B target 15ms tupdate 16ms alpha 0.156250 beta 3.195312 step_thresh 1ms min_qlen_step 0p coupling_factor 2 drop_on_overload drop_dequeue classic_protection 10% l4s_ect split_gso 
 Sent 91509307 bytes 60599 pkt (dropped 0, overlimits 0 requeues 0) 
 backlog 6056b 4p requeues 0
prob 0.002774 delay_c 10440us delay_l 0us
pkts_in_c 35936 pkts_in_l 24667 maxq 7
ecn_mark 9407 step_mark 9069
credit -77610 (L-queue)
memory_used 9376 (max 18716) of memory limit 30280000

======================================================================
Timestamp: 2026-05-01 16:32:17
qdisc htb 1: root refcnt 13 r2q 10 default 0x10 direct_packets_stat 0 direct_qlen 1000
 Sent 92391099 bytes 61182 pkt (dropped 0, overlimits 59692 requeues 0) 
 backlog 3028b 2p requeues 0
qdisc dualpi2 20: parent 1:10 limit 10000p memlimit 30280000B target 15ms tupdate 16ms alpha 0.156250 beta 3.195312 step_thresh 1ms min_qlen_step 0p coupling_factor 2 drop_on_overload drop_dequeue classic_protection 10% l4s_ect split_gso 
 Sent 92391099 bytes 61182 pkt (dropped 0, overlimits 0 requeues 0) 
 backlog 3028b 2p requeues 0
prob 0.000054 delay_c 6208us delay_l 0us
pkts_in_c 36403 pkts_in_l 24781 maxq 7
ecn_mark 9451 step_mark 9111
credit 4530 (C-queue)
memory_used 4688 (max 18716) of memory limit 30280000

======================================================================
Timestamp: 2026-05-01 16:32:18
qdisc htb 1: root refcnt 13 r2q 10 default 0x10 direct_packets_stat 0 direct_qlen 1000
 Sent 93273850 bytes 61766 pkt (dropped 0, overlimits 60276 requeues 0) 
 backlog 7570b 5p requeues 0
qdisc dualpi2 20: parent 1:10 limit 10000p memlimit 30280000B target 15ms tupdate 16ms alpha 0.156250 beta 3.195312 step_thresh 1ms min_qlen_step 0p coupling_factor 2 drop_on_overload drop_dequeue classic_protection 10% l4s_ect split_gso 
 Sent 93273850 bytes 61766 pkt (dropped 0, overlimits 0 requeues 0) 
 backlog 7570b 5p requeues 0
prob 0.016649 delay_c 11490us delay_l 0us
pkts_in_c 36848 pkts_in_l 24923 maxq 7
ecn_mark 9517 step_mark 9175
credit -40000 (L-queue)
memory_used 11720 (max 18716) of memory limit 30280000

======================================================================
Timestamp: 2026-05-01 16:32:19
qdisc htb 1: root refcnt 13 r2q 10 default 0x10 direct_packets_stat 0 direct_qlen 1000
 Sent 94158671 bytes 62351 pkt (dropped 0, overlimits 60861 requeues 0) 
 backlog 7570b 5p requeues 0
qdisc dualpi2 20: parent 1:10 limit 10000p memlimit 30280000B target 15ms tupdate 16ms alpha 0.156250 beta 3.195312 step_thresh 1ms min_qlen_step 0p coupling_factor 2 drop_on_overload drop_dequeue classic_protection 10% l4s_ect split_gso 
 Sent 94158671 bytes 62351 pkt (dropped 0, overlimits 0 requeues 0) 
 backlog 7570b 5p requeues 0
prob 0.000000 delay_c 7649us delay_l 0us
pkts_in_c 37249 pkts_in_l 25107 maxq 7
ecn_mark 9580 step_mark 9232
credit -124390 (L-queue)
memory_used 11720 (max 18716) of memory limit 30280000

======================================================================
Timestamp: 2026-05-01 16:32:20
qdisc htb 1: root refcnt 13 r2q 10 default 0x10 direct_packets_stat 0 direct_qlen 1000
 Sent 95039908 bytes 62934 pkt (dropped 0, overlimits 61444 requeues 0) 
 backlog 7570b 5p requeues 0
qdisc dualpi2 20: parent 1:10 limit 10000p memlimit 30280000B target 15ms tupdate 16ms alpha 0.156250 beta 3.195312 step_thresh 1ms min_qlen_step 0p coupling_factor 2 drop_on_overload drop_dequeue classic_protection 10% l4s_ect split_gso 
 Sent 95039908 bytes 62934 pkt (dropped 0, overlimits 0 requeues 0) 
 backlog 7570b 5p requeues 0
prob 0.003229 delay_c 7288us delay_l 153us
pkts_in_c 37689 pkts_in_l 25250 maxq 7
ecn_mark 9651 step_mark 9296
credit -32660 (L-queue)
memory_used 11708 (max 18716) of memory limit 30280000

======================================================================
Timestamp: 2026-05-01 16:32:21
qdisc htb 1: root refcnt 13 r2q 10 default 0x10 direct_packets_stat 0 direct_qlen 1000
 Sent 95921056 bytes 63516 pkt (dropped 0, overlimits 62026 requeues 0) 
 backlog 7570b 5p requeues 0
qdisc dualpi2 20: parent 1:10 limit 10000p memlimit 30280000B target 15ms tupdate 16ms alpha 0.156250 beta 3.195312 step_thresh 1ms min_qlen_step 0p coupling_factor 2 drop_on_overload drop_dequeue classic_protection 10% l4s_ect split_gso 
 Sent 95921056 bytes 63516 pkt (dropped 0, overlimits 0 requeues 0) 
 backlog 7570b 5p requeues 0
prob 0.008552 delay_c 13559us delay_l 0us
pkts_in_c 38086 pkts_in_l 25435 maxq 7
ecn_mark 9745 step_mark 9388
credit -78080 (L-queue)
memory_used 11720 (max 18716) of memory limit 30280000

======================================================================
Timestamp: 2026-05-01 16:32:22
qdisc htb 1: root refcnt 13 r2q 10 default 0x10 direct_packets_stat 0 direct_qlen 1000
 Sent 96806525 bytes 64102 pkt (dropped 0, overlimits 62612 requeues 0) 
 backlog 6056b 4p requeues 0
qdisc dualpi2 20: parent 1:10 limit 10000p memlimit 30280000B target 15ms tupdate 16ms alpha 0.156250 beta 3.195312 step_thresh 1ms min_qlen_step 0p coupling_factor 2 drop_on_overload drop_dequeue classic_protection 10% l4s_ect split_gso 
 Sent 96806525 bytes 64102 pkt (dropped 0, overlimits 0 requeues 0) 
 backlog 6056b 4p requeues 0
prob 0.018640 delay_c 5325us delay_l 0us
pkts_in_c 38536 pkts_in_l 25570 maxq 7
ecn_mark 9806 step_mark 9445
credit -95430 (L-queue)
memory_used 9376 (max 18716) of memory limit 30280000

======================================================================
Timestamp: 2026-05-01 16:32:23
qdisc htb 1: root refcnt 13 r2q 10 default 0x10 direct_packets_stat 0 direct_qlen 1000
 Sent 97690283 bytes 64687 pkt (dropped 0, overlimits 63197 requeues 0) 
 backlog 7570b 5p requeues 0
qdisc dualpi2 20: parent 1:10 limit 10000p memlimit 30280000B target 15ms tupdate 16ms alpha 0.156250 beta 3.195312 step_thresh 1ms min_qlen_step 0p coupling_factor 2 drop_on_overload drop_dequeue classic_protection 10% l4s_ect split_gso 
 Sent 97690283 bytes 64687 pkt (dropped 0, overlimits 0 requeues 0) 
 backlog 7570b 5p requeues 0
prob 0.000000 delay_c 7018us delay_l 0us
pkts_in_c 39046 pkts_in_l 25646 maxq 7
ecn_mark 9840 step_mark 9479
credit -39470 (L-queue)
memory_used 11720 (max 18716) of memory limit 30280000

======================================================================
Timestamp: 2026-05-01 16:32:24
qdisc htb 1: root refcnt 13 r2q 10 default 0x10 direct_packets_stat 0 direct_qlen 1000
 Sent 98576265 bytes 65274 pkt (dropped 0, overlimits 63784 requeues 0) 
 backlog 6056b 4p requeues 0
qdisc dualpi2 20: parent 1:10 limit 10000p memlimit 30280000B target 15ms tupdate 16ms alpha 0.156250 beta 3.195312 step_thresh 1ms min_qlen_step 0p coupling_factor 2 drop_on_overload drop_dequeue classic_protection 10% l4s_ect split_gso 
 Sent 98576265 bytes 65274 pkt (dropped 0, overlimits 0 requeues 0) 
 backlog 6056b 4p requeues 0
prob 0.013325 delay_c 9049us delay_l 0us
pkts_in_c 39510 pkts_in_l 25768 maxq 7
ecn_mark 9893 step_mark 9529
credit -114280 (L-queue)
memory_used 9376 (max 18716) of memory limit 30280000

======================================================================
Timestamp: 2026-05-01 16:32:25
qdisc htb 1: root refcnt 13 r2q 10 default 0x10 direct_packets_stat 0 direct_qlen 1000
 Sent 99459822 bytes 65858 pkt (dropped 0, overlimits 64368 requeues 0) 
 backlog 7570b 5p requeues 0
qdisc dualpi2 20: parent 1:10 limit 10000p memlimit 30280000B target 15ms tupdate 16ms alpha 0.156250 beta 3.195312 step_thresh 1ms min_qlen_step 0p coupling_factor 2 drop_on_overload drop_dequeue classic_protection 10% l4s_ect split_gso 
 Sent 99459822 bytes 65858 pkt (dropped 0, overlimits 0 requeues 0) 
 backlog 7570b 5p requeues 0
prob 0.000762 delay_c 7873us delay_l 0us
pkts_in_c 39969 pkts_in_l 25894 maxq 7
ecn_mark 9955 step_mark 9588
credit -120470 (L-queue)
memory_used 11720 (max 18716) of memory limit 30280000

======================================================================
Timestamp: 2026-05-01 16:32:26
qdisc htb 1: root refcnt 13 r2q 10 default 0x10 direct_packets_stat 0 direct_qlen 1000
 Sent 100342643 bytes 66443 pkt (dropped 0, overlimits 64953 requeues 0) 
 backlog 6056b 4p requeues 0
qdisc dualpi2 20: parent 1:10 limit 10000p memlimit 30280000B target 15ms tupdate 16ms alpha 0.156250 beta 3.195312 step_thresh 1ms min_qlen_step 0p coupling_factor 2 drop_on_overload drop_dequeue classic_protection 10% l4s_ect split_gso 
 Sent 100342643 bytes 66443 pkt (dropped 0, overlimits 0 requeues 0) 
 backlog 6056b 4p requeues 0
prob 0.024625 delay_c 10188us delay_l 0us
pkts_in_c 40421 pkts_in_l 26026 maxq 7
ecn_mark 10009 step_mark 9636
credit -43880 (L-queue)
memory_used 9376 (max 18716) of memory limit 30280000

======================================================================
Timestamp: 2026-05-01 16:32:27
qdisc htb 1: root refcnt 13 r2q 10 default 0x10 direct_packets_stat 0 direct_qlen 1000
 Sent 101225679 bytes 67027 pkt (dropped 0, overlimits 65537 requeues 0) 
 backlog 7570b 5p requeues 0
qdisc dualpi2 20: parent 1:10 limit 10000p memlimit 30280000B target 15ms tupdate 16ms alpha 0.156250 beta 3.195312 step_thresh 1ms min_qlen_step 0p coupling_factor 2 drop_on_overload drop_dequeue classic_protection 10% l4s_ect split_gso 
 Sent 101225679 bytes 67027 pkt (dropped 0, overlimits 0 requeues 0) 
 backlog 7570b 5p requeues 0
prob 0.000000 delay_c 8463us delay_l 0us
pkts_in_c 40843 pkts_in_l 26189 maxq 7
ecn_mark 10085 step_mark 9706
credit -40140 (L-queue)
memory_used 11720 (max 18716) of memory limit 30280000

======================================================================
Timestamp: 2026-05-01 16:32:28
qdisc htb 1: root refcnt 13 r2q 10 default 0x10 direct_packets_stat 0 direct_qlen 1000
 Sent 102109944 bytes 67612 pkt (dropped 0, overlimits 66122 requeues 0) 
 backlog 7570b 5p requeues 0
qdisc dualpi2 20: parent 1:10 limit 10000p memlimit 30280000B target 15ms tupdate 16ms alpha 0.156250 beta 3.195312 step_thresh 1ms min_qlen_step 0p coupling_factor 2 drop_on_overload drop_dequeue classic_protection 10% l4s_ect split_gso 
 Sent 102109944 bytes 67612 pkt (dropped 0, overlimits 0 requeues 0) 
 backlog 7570b 5p requeues 0
prob 0.014133 delay_c 13210us delay_l 0us
pkts_in_c 41331 pkts_in_l 26286 maxq 7
ecn_mark 10128 step_mark 9749
credit -84670 (L-queue)
memory_used 11720 (max 18716) of memory limit 30280000

======================================================================
Timestamp: 2026-05-01 16:32:29
qdisc htb 1: root refcnt 13 r2q 10 default 0x10 direct_packets_stat 0 direct_qlen 1000
 Sent 102992150 bytes 68196 pkt (dropped 0, overlimits 66706 requeues 0) 
 backlog 7570b 5p requeues 0
qdisc dualpi2 20: parent 1:10 limit 10000p memlimit 30280000B target 15ms tupdate 16ms alpha 0.156250 beta 3.195312 step_thresh 1ms min_qlen_step 0p coupling_factor 2 drop_on_overload drop_dequeue classic_protection 10% l4s_ect split_gso 
 Sent 102992150 bytes 68196 pkt (dropped 0, overlimits 0 requeues 0) 
 backlog 7570b 5p requeues 0
prob 0.006504 delay_c 7981us delay_l 0us
pkts_in_c 41792 pkts_in_l 26409 maxq 7
ecn_mark 10189 step_mark 9810
credit -13530 (L-queue)
memory_used 11720 (max 18716) of memory limit 30280000

======================================================================
Timestamp: 2026-05-01 16:32:30
qdisc htb 1: root refcnt 13 r2q 10 default 0x10 direct_packets_stat 0 direct_qlen 1000
 Sent 103873387 bytes 68779 pkt (dropped 0, overlimits 67289 requeues 0) 
 backlog 6056b 4p requeues 0
qdisc dualpi2 20: parent 1:10 limit 10000p memlimit 30280000B target 15ms tupdate 16ms alpha 0.156250 beta 3.195312 step_thresh 1ms min_qlen_step 0p coupling_factor 2 drop_on_overload drop_dequeue classic_protection 10% l4s_ect split_gso 
 Sent 103873387 bytes 68779 pkt (dropped 0, overlimits 0 requeues 0) 
 backlog 6056b 4p requeues 0
prob 0.012075 delay_c 9936us delay_l 0us
pkts_in_c 42263 pkts_in_l 26520 maxq 7
ecn_mark 10231 step_mark 9850
credit -118620 (L-queue)
memory_used 9376 (max 18716) of memory limit 30280000

======================================================================
Timestamp: 2026-05-01 16:32:31
qdisc htb 1: root refcnt 13 r2q 10 default 0x10 direct_packets_stat 0 direct_qlen 1000
 Sent 104756049 bytes 69362 pkt (dropped 0, overlimits 67872 requeues 0) 
 backlog 6056b 4p requeues 0
qdisc dualpi2 20: parent 1:10 limit 10000p memlimit 30280000B target 15ms tupdate 16ms alpha 0.156250 beta 3.195312 step_thresh 1ms min_qlen_step 0p coupling_factor 2 drop_on_overload drop_dequeue classic_protection 10% l4s_ect split_gso 
 Sent 104756049 bytes 69362 pkt (dropped 0, overlimits 0 requeues 0) 
 backlog 6056b 4p requeues 0
prob 0.013530 delay_c 7408us delay_l 0us
pkts_in_c 42662 pkts_in_l 26704 maxq 7
ecn_mark 10320 step_mark 9938
credit -58060 (L-queue)
memory_used 9376 (max 18716) of memory limit 30280000

======================================================================
Timestamp: 2026-05-01 16:32:32
qdisc htb 1: root refcnt 13 r2q 10 default 0x10 direct_packets_stat 0 direct_qlen 1000
 Sent 105637385 bytes 69946 pkt (dropped 0, overlimits 68456 requeues 0) 
 backlog 6056b 4p requeues 0
qdisc dualpi2 20: parent 1:10 limit 10000p memlimit 30280000B target 15ms tupdate 16ms alpha 0.156250 beta 3.195312 step_thresh 1ms min_qlen_step 0p coupling_factor 2 drop_on_overload drop_dequeue classic_protection 10% l4s_ect split_gso 
 Sent 105637385 bytes 69946 pkt (dropped 0, overlimits 0 requeues 0) 
 backlog 6056b 4p requeues 0
prob 0.015682 delay_c 10635us delay_l 0us
pkts_in_c 43111 pkts_in_l 26839 maxq 7
ecn_mark 10376 step_mark 9992
credit -86460 (L-queue)
memory_used 9376 (max 18716) of memory limit 30280000

======================================================================
Timestamp: 2026-05-01 16:32:33
qdisc htb 1: root refcnt 13 r2q 10 default 0x10 direct_packets_stat 0 direct_qlen 1000
 Sent 106519254 bytes 70529 pkt (dropped 0, overlimits 69039 requeues 0) 
 backlog 7570b 5p requeues 0
qdisc dualpi2 20: parent 1:10 limit 10000p memlimit 30280000B target 15ms tupdate 16ms alpha 0.156250 beta 3.195312 step_thresh 1ms min_qlen_step 0p coupling_factor 2 drop_on_overload drop_dequeue classic_protection 10% l4s_ect split_gso 
 Sent 106519254 bytes 70529 pkt (dropped 0, overlimits 0 requeues 0) 
 backlog 7570b 5p requeues 0
prob 0.010222 delay_c 12217us delay_l 0us
pkts_in_c 43470 pkts_in_l 27064 maxq 7
ecn_mark 10445 step_mark 10059
credit -94390 (L-queue)
memory_used 11720 (max 18716) of memory limit 30280000

======================================================================
Timestamp: 2026-05-01 16:32:34
qdisc htb 1: root refcnt 13 r2q 10 default 0x10 direct_packets_stat 0 direct_qlen 1000
 Sent 107403519 bytes 71114 pkt (dropped 0, overlimits 69624 requeues 0) 
 backlog 6056b 4p requeues 0
qdisc dualpi2 20: parent 1:10 limit 10000p memlimit 30280000B target 15ms tupdate 16ms alpha 0.156250 beta 3.195312 step_thresh 1ms min_qlen_step 0p coupling_factor 2 drop_on_overload drop_dequeue classic_protection 10% l4s_ect split_gso 
 Sent 107403519 bytes 71114 pkt (dropped 0, overlimits 0 requeues 0) 
 backlog 6056b 4p requeues 0
prob 0.004910 delay_c 5633us delay_l 0us
pkts_in_c 43939 pkts_in_l 27179 maxq 7
ecn_mark 10500 step_mark 10110
credit -2660 (L-queue)
memory_used 9376 (max 18716) of memory limit 30280000

======================================================================
Timestamp: 2026-05-01 16:32:35
qdisc htb 1: root refcnt 13 r2q 10 default 0x10 direct_packets_stat 0 direct_qlen 1000
 Sent 108286181 bytes 71697 pkt (dropped 0, overlimits 70207 requeues 0) 
 backlog 6056b 4p requeues 0
qdisc dualpi2 20: parent 1:10 limit 10000p memlimit 30280000B target 15ms tupdate 16ms alpha 0.156250 beta 3.195312 step_thresh 1ms min_qlen_step 0p coupling_factor 2 drop_on_overload drop_dequeue classic_protection 10% l4s_ect split_gso 
 Sent 108286181 bytes 71697 pkt (dropped 0, overlimits 0 requeues 0) 
 backlog 6056b 4p requeues 0
prob 0.014248 delay_c 6005us delay_l 0us
pkts_in_c 44338 pkts_in_l 27363 maxq 7
ecn_mark 10585 step_mark 10190
credit -78360 (L-queue)
memory_used 9376 (max 18716) of memory limit 30280000

======================================================================
Timestamp: 2026-05-01 16:32:36
qdisc htb 1: root refcnt 13 r2q 10 default 0x10 direct_packets_stat 0 direct_qlen 1000
 Sent 109168429 bytes 72281 pkt (dropped 0, overlimits 70791 requeues 0) 
 backlog 7570b 5p requeues 0
qdisc dualpi2 20: parent 1:10 limit 10000p memlimit 30280000B target 15ms tupdate 16ms alpha 0.156250 beta 3.195312 step_thresh 1ms min_qlen_step 0p coupling_factor 2 drop_on_overload drop_dequeue classic_protection 10% l4s_ect split_gso 
 Sent 109168429 bytes 72281 pkt (dropped 0, overlimits 0 requeues 0) 
 backlog 7570b 5p requeues 0
prob 0.008648 delay_c 10760us delay_l 0us
pkts_in_c 44789 pkts_in_l 27497 maxq 7
ecn_mark 10636 step_mark 10239
credit -112780 (L-queue)
memory_used 11720 (max 18716) of memory limit 30280000

======================================================================
Timestamp: 2026-05-01 16:32:37
qdisc htb 1: root refcnt 13 r2q 10 default 0x10 direct_packets_stat 0 direct_qlen 1000
 Sent 110051080 bytes 72864 pkt (dropped 0, overlimits 71374 requeues 0) 
 backlog 6056b 4p requeues 0
qdisc dualpi2 20: parent 1:10 limit 10000p memlimit 30280000B target 15ms tupdate 16ms alpha 0.156250 beta 3.195312 step_thresh 1ms min_qlen_step 0p coupling_factor 2 drop_on_overload drop_dequeue classic_protection 10% l4s_ect split_gso 
 Sent 110051080 bytes 72864 pkt (dropped 0, overlimits 0 requeues 0) 
 backlog 6056b 4p requeues 0
prob 0.000000 delay_c 6276us delay_l 0us
pkts_in_c 45194 pkts_in_l 27674 maxq 7
ecn_mark 10712 step_mark 10310
credit -22050 (L-queue)
memory_used 9376 (max 18716) of memory limit 30280000

======================================================================
Timestamp: 2026-05-01 16:32:38
qdisc htb 1: root refcnt 13 r2q 10 default 0x10 direct_packets_stat 0 direct_qlen 1000
 Sent 110933831 bytes 73448 pkt (dropped 0, overlimits 71958 requeues 0) 
 backlog 4542b 3p requeues 0
qdisc dualpi2 20: parent 1:10 limit 10000p memlimit 30280000B target 15ms tupdate 16ms alpha 0.156250 beta 3.195312 step_thresh 1ms min_qlen_step 0p coupling_factor 2 drop_on_overload drop_dequeue classic_protection 10% l4s_ect split_gso 
 Sent 110933831 bytes 73448 pkt (dropped 0, overlimits 0 requeues 0) 
 backlog 4542b 3p requeues 0
prob 0.000000 delay_c 8312us delay_l 413us
pkts_in_c 45667 pkts_in_l 27784 maxq 7
ecn_mark 10760 step_mark 10357
credit -21160 (L-queue)
memory_used 7020 (max 18716) of memory limit 30280000

======================================================================
Timestamp: 2026-05-01 16:32:39
qdisc htb 1: root refcnt 13 r2q 10 default 0x10 direct_packets_stat 0 direct_qlen 1000
 Sent 111818207 bytes 74033 pkt (dropped 0, overlimits 72543 requeues 0) 
 backlog 6056b 4p requeues 0
qdisc dualpi2 20: parent 1:10 limit 10000p memlimit 30280000B target 15ms tupdate 16ms alpha 0.156250 beta 3.195312 step_thresh 1ms min_qlen_step 0p coupling_factor 2 drop_on_overload drop_dequeue classic_protection 10% l4s_ect split_gso 
 Sent 111818207 bytes 74033 pkt (dropped 0, overlimits 0 requeues 0) 
 backlog 6056b 4p requeues 0
prob 0.000000 delay_c 3915us delay_l 0us
pkts_in_c 46077 pkts_in_l 27960 maxq 7
ecn_mark 10842 step_mark 10436
credit -79720 (L-queue)
memory_used 9376 (max 18716) of memory limit 30280000

======================================================================
Timestamp: 2026-05-01 16:32:40
qdisc htb 1: root refcnt 13 r2q 10 default 0x10 direct_packets_stat 0 direct_qlen 1000
 Sent 112700958 bytes 74617 pkt (dropped 0, overlimits 73127 requeues 0) 
 backlog 6056b 4p requeues 0
qdisc dualpi2 20: parent 1:10 limit 10000p memlimit 30280000B target 15ms tupdate 16ms alpha 0.156250 beta 3.195312 step_thresh 1ms min_qlen_step 0p coupling_factor 2 drop_on_overload drop_dequeue classic_protection 10% l4s_ect split_gso 
 Sent 112700958 bytes 74617 pkt (dropped 0, overlimits 0 requeues 0) 
 backlog 6056b 4p requeues 0
prob 0.006532 delay_c 11417us delay_l 0us
pkts_in_c 46556 pkts_in_l 28065 maxq 7
ecn_mark 10886 step_mark 10479
credit -3130 (L-queue)
memory_used 9376 (max 18716) of memory limit 30280000

======================================================================
Timestamp: 2026-05-01 16:32:41
qdisc htb 1: root refcnt 13 r2q 10 default 0x10 direct_packets_stat 0 direct_qlen 1000
 Sent 113581655 bytes 75199 pkt (dropped 0, overlimits 73709 requeues 0) 
 backlog 6056b 4p requeues 0
qdisc dualpi2 20: parent 1:10 limit 10000p memlimit 30280000B target 15ms tupdate 16ms alpha 0.156250 beta 3.195312 step_thresh 1ms min_qlen_step 0p coupling_factor 2 drop_on_overload drop_dequeue classic_protection 10% l4s_ect split_gso 
 Sent 113581655 bytes 75199 pkt (dropped 0, overlimits 0 requeues 0) 
 backlog 6056b 4p requeues 0
prob 0.007493 delay_c 5880us delay_l 0us
pkts_in_c 46961 pkts_in_l 28242 maxq 7
ecn_mark 10963 step_mark 10551
credit -53060 (L-queue)
memory_used 9376 (max 18716) of memory limit 30280000

======================================================================
Timestamp: 2026-05-01 16:32:42
qdisc htb 1: root refcnt 13 r2q 10 default 0x10 direct_packets_stat 0 direct_qlen 1000
 Sent 114462962 bytes 75783 pkt (dropped 0, overlimits 74293 requeues 0) 
 backlog 6056b 4p requeues 0
qdisc dualpi2 20: parent 1:10 limit 10000p memlimit 30280000B target 15ms tupdate 16ms alpha 0.156250 beta 3.195312 step_thresh 1ms min_qlen_step 0p coupling_factor 2 drop_on_overload drop_dequeue classic_protection 10% l4s_ect split_gso 
 Sent 114462962 bytes 75783 pkt (dropped 0, overlimits 0 requeues 0) 
 backlog 6056b 4p requeues 0
prob 0.013573 delay_c 6155us delay_l 0us
pkts_in_c 47457 pkts_in_l 28330 maxq 7
ecn_mark 11006 step_mark 10592
credit -97590 (L-queue)
memory_used 9376 (max 18716) of memory limit 30280000

======================================================================
Timestamp: 2026-05-01 16:32:44
qdisc htb 1: root refcnt 13 r2q 10 default 0x10 direct_packets_stat 0 direct_qlen 1000
 Sent 115345907 bytes 76367 pkt (dropped 0, overlimits 74877 requeues 0) 
 backlog 7570b 5p requeues 0
qdisc dualpi2 20: parent 1:10 limit 10000p memlimit 30280000B target 15ms tupdate 16ms alpha 0.156250 beta 3.195312 step_thresh 1ms min_qlen_step 0p coupling_factor 2 drop_on_overload drop_dequeue classic_protection 10% l4s_ect split_gso 
 Sent 115345907 bytes 76367 pkt (dropped 0, overlimits 0 requeues 0) 
 backlog 7570b 5p requeues 0
prob 0.011641 delay_c 7478us delay_l 0us
pkts_in_c 47843 pkts_in_l 28529 maxq 7
ecn_mark 11088 step_mark 10667
credit -94760 (L-queue)
memory_used 11720 (max 18716) of memory limit 30280000

======================================================================
Timestamp: 2026-05-01 16:32:45
qdisc htb 1: root refcnt 13 r2q 10 default 0x10 direct_packets_stat 0 direct_qlen 1000
 Sent 116227222 bytes 76951 pkt (dropped 0, overlimits 75461 requeues 0) 
 backlog 9084b 6p requeues 0
qdisc dualpi2 20: parent 1:10 limit 10000p memlimit 30280000B target 15ms tupdate 16ms alpha 0.156250 beta 3.195312 step_thresh 1ms min_qlen_step 0p coupling_factor 2 drop_on_overload drop_dequeue classic_protection 10% l4s_ect split_gso 
 Sent 116227222 bytes 76951 pkt (dropped 0, overlimits 0 requeues 0) 
 backlog 9084b 6p requeues 0
prob 0.016933 delay_c 13644us delay_l 1333us
pkts_in_c 48306 pkts_in_l 28651 maxq 7
ecn_mark 11127 step_mark 10704
credit -62810 (L-queue)
memory_used 14052 (max 18716) of memory limit 30280000

======================================================================
Timestamp: 2026-05-01 16:32:46
qdisc htb 1: root refcnt 13 r2q 10 default 0x10 direct_packets_stat 0 direct_qlen 1000
 Sent 117111257 bytes 77536 pkt (dropped 0, overlimits 76046 requeues 0) 
 backlog 4542b 3p requeues 0
qdisc dualpi2 20: parent 1:10 limit 10000p memlimit 30280000B target 15ms tupdate 16ms alpha 0.156250 beta 3.195312 step_thresh 1ms min_qlen_step 0p coupling_factor 2 drop_on_overload drop_dequeue classic_protection 10% l4s_ect split_gso 
 Sent 117111257 bytes 77536 pkt (dropped 0, overlimits 0 requeues 0) 
 backlog 4542b 3p requeues 0
prob 0.000399 delay_c 7732us delay_l 0us
pkts_in_c 48720 pkts_in_l 28819 maxq 7
ecn_mark 11190 step_mark 10762
credit -94920 (L-queue)
memory_used 7032 (max 18716) of memory limit 30280000

======================================================================
Timestamp: 2026-05-01 16:32:47
qdisc htb 1: root refcnt 13 r2q 10 default 0x10 direct_packets_stat 0 direct_qlen 1000
 Sent 117995522 bytes 78121 pkt (dropped 0, overlimits 76631 requeues 0) 
 backlog 7570b 5p requeues 0
qdisc dualpi2 20: parent 1:10 limit 10000p memlimit 30280000B target 15ms tupdate 16ms alpha 0.156250 beta 3.195312 step_thresh 1ms min_qlen_step 0p coupling_factor 2 drop_on_overload drop_dequeue classic_protection 10% l4s_ect split_gso 
 Sent 117995522 bytes 78121 pkt (dropped 0, overlimits 0 requeues 0) 
 backlog 7570b 5p requeues 0
prob 0.010107 delay_c 13469us delay_l 0us
pkts_in_c 49215 pkts_in_l 28911 maxq 7
ecn_mark 11225 step_mark 10797
credit -78890 (L-queue)
memory_used 11720 (max 18716) of memory limit 30280000

======================================================================
Timestamp: 2026-05-01 16:32:48
qdisc htb 1: root refcnt 13 r2q 10 default 0x10 direct_packets_stat 0 direct_qlen 1000
 Sent 118879698 bytes 78705 pkt (dropped 0, overlimits 77215 requeues 0) 
 backlog 6056b 4p requeues 0
qdisc dualpi2 20: parent 1:10 limit 10000p memlimit 30280000B target 15ms tupdate 16ms alpha 0.156250 beta 3.195312 step_thresh 1ms min_qlen_step 0p coupling_factor 2 drop_on_overload drop_dequeue classic_protection 10% l4s_ect split_gso 
 Sent 118879698 bytes 78705 pkt (dropped 0, overlimits 0 requeues 0) 
 backlog 6056b 4p requeues 0
prob 0.007874 delay_c 6060us delay_l 0us
pkts_in_c 49593 pkts_in_l 29116 maxq 7
ecn_mark 11307 step_mark 10874
credit -109170 (L-queue)
memory_used 9376 (max 18716) of memory limit 30280000

======================================================================
Timestamp: 2026-05-01 16:32:49
qdisc htb 1: root refcnt 13 r2q 10 default 0x10 direct_packets_stat 0 direct_qlen 1000
 Sent 119764171 bytes 79291 pkt (dropped 0, overlimits 77801 requeues 0) 
 backlog 7570b 5p requeues 0
qdisc dualpi2 20: parent 1:10 limit 10000p memlimit 30280000B target 15ms tupdate 16ms alpha 0.156250 beta 3.195312 step_thresh 1ms min_qlen_step 0p coupling_factor 2 drop_on_overload drop_dequeue classic_protection 10% l4s_ect split_gso 
 Sent 119764171 bytes 79291 pkt (dropped 0, overlimits 0 requeues 0) 
 backlog 7570b 5p requeues 0
prob 0.025853 delay_c 10946us delay_l 0us
pkts_in_c 50081 pkts_in_l 29215 maxq 7
ecn_mark 11352 step_mark 10917
credit -220 (L-queue)
memory_used 11720 (max 18716) of memory limit 30280000

======================================================================
Timestamp: 2026-05-01 16:32:50
qdisc htb 1: root refcnt 13 r2q 10 default 0x10 direct_packets_stat 0 direct_qlen 1000
 Sent 120648347 bytes 79875 pkt (dropped 0, overlimits 78385 requeues 0) 
 backlog 9084b 6p requeues 0
qdisc dualpi2 20: parent 1:10 limit 10000p memlimit 30280000B target 15ms tupdate 16ms alpha 0.156250 beta 3.195312 step_thresh 1ms min_qlen_step 0p coupling_factor 2 drop_on_overload drop_dequeue classic_protection 10% l4s_ect split_gso 
 Sent 120648347 bytes 79875 pkt (dropped 0, overlimits 0 requeues 0) 
 backlog 9084b 6p requeues 0
prob 0.000000 delay_c 9996us delay_l 1124us
pkts_in_c 50473 pkts_in_l 29408 maxq 7
ecn_mark 11438 step_mark 10998
credit -91060 (L-queue)
memory_used 14052 (max 18716) of memory limit 30280000

======================================================================
Timestamp: 2026-05-01 16:32:51
qdisc htb 1: root refcnt 13 r2q 10 default 0x10 direct_packets_stat 0 direct_qlen 1000
 Sent 121530924 bytes 80459 pkt (dropped 0, overlimits 78969 requeues 0) 
 backlog 3028b 2p requeues 0
qdisc dualpi2 20: parent 1:10 limit 10000p memlimit 30280000B target 15ms tupdate 16ms alpha 0.156250 beta 3.195312 step_thresh 1ms min_qlen_step 0p coupling_factor 2 drop_on_overload drop_dequeue classic_protection 10% l4s_ect split_gso 
 Sent 121530924 bytes 80459 pkt (dropped 0, overlimits 0 requeues 0) 
 backlog 3028b 2p requeues 0
prob 0.007744 delay_c 5963us delay_l 0us
pkts_in_c 50907 pkts_in_l 29554 maxq 7
ecn_mark 11509 step_mark 11067
credit -61630 (L-queue)
memory_used 4688 (max 18716) of memory limit 30280000

======================================================================
Timestamp: 2026-05-01 16:32:52
qdisc htb 1: root refcnt 13 r2q 10 default 0x10 direct_packets_stat 0 direct_qlen 1000
 Sent 122409044 bytes 81039 pkt (dropped 0, overlimits 79549 requeues 0) 
 backlog 6056b 4p requeues 0
qdisc dualpi2 20: parent 1:10 limit 10000p memlimit 30280000B target 15ms tupdate 16ms alpha 0.156250 beta 3.195312 step_thresh 1ms min_qlen_step 0p coupling_factor 2 drop_on_overload drop_dequeue classic_protection 10% l4s_ect split_gso 
 Sent 122409044 bytes 81039 pkt (dropped 0, overlimits 0 requeues 0) 
 backlog 6056b 4p requeues 0
prob 0.018416 delay_c 13622us delay_l 0us
pkts_in_c 51315 pkts_in_l 29728 maxq 7
ecn_mark 11580 step_mark 11136
credit -16210 (L-queue)
memory_used 9376 (max 18716) of memory limit 30280000

======================================================================
Timestamp: 2026-05-01 16:32:53
qdisc htb 1: root refcnt 13 r2q 10 default 0x10 direct_packets_stat 0 direct_qlen 1000
 Sent 123288677 bytes 81621 pkt (dropped 0, overlimits 80131 requeues 0) 
 backlog 7570b 5p requeues 0
qdisc dualpi2 20: parent 1:10 limit 10000p memlimit 30280000B target 15ms tupdate 16ms alpha 0.156250 beta 3.195312 step_thresh 1ms min_qlen_step 0p coupling_factor 2 drop_on_overload drop_dequeue classic_protection 10% l4s_ect split_gso 
 Sent 123288677 bytes 81621 pkt (dropped 0, overlimits 0 requeues 0) 
 backlog 7570b 5p requeues 0
prob 0.006688 delay_c 11961us delay_l 0us
pkts_in_c 51744 pkts_in_l 29882 maxq 7
ecn_mark 11643 step_mark 11194
credit -16220 (L-queue)
memory_used 11720 (max 18716) of memory limit 30280000

======================================================================
Timestamp: 2026-05-01 16:32:54
qdisc htb 1: root refcnt 13 r2q 10 default 0x10 direct_packets_stat 0 direct_qlen 1000
 Sent 124172853 bytes 82205 pkt (dropped 0, overlimits 80715 requeues 0) 
 backlog 7570b 5p requeues 0
qdisc dualpi2 20: parent 1:10 limit 10000p memlimit 30280000B target 15ms tupdate 16ms alpha 0.156250 beta 3.195312 step_thresh 1ms min_qlen_step 0p coupling_factor 2 drop_on_overload drop_dequeue classic_protection 10% l4s_ect split_gso 
 Sent 124172853 bytes 82205 pkt (dropped 0, overlimits 0 requeues 0) 
 backlog 7570b 5p requeues 0
prob 0.019729 delay_c 12717us delay_l 0us
pkts_in_c 52120 pkts_in_l 30090 maxq 7
ecn_mark 11718 step_mark 11264
credit -1080 (L-queue)
memory_used 11720 (max 18716) of memory limit 30280000

======================================================================
Timestamp: 2026-05-01 16:32:55
qdisc htb 1: root refcnt 13 r2q 10 default 0x10 direct_packets_stat 0 direct_qlen 1000
 Sent 125055393 bytes 82789 pkt (dropped 0, overlimits 81299 requeues 0) 
 backlog 6056b 4p requeues 0
qdisc dualpi2 20: parent 1:10 limit 10000p memlimit 30280000B target 15ms tupdate 16ms alpha 0.156250 beta 3.195312 step_thresh 1ms min_qlen_step 0p coupling_factor 2 drop_on_overload drop_dequeue classic_protection 10% l4s_ect split_gso 
 Sent 125055393 bytes 82789 pkt (dropped 0, overlimits 0 requeues 0) 
 backlog 6056b 4p requeues 0
prob 0.024015 delay_c 8660us delay_l 0us
pkts_in_c 52608 pkts_in_l 30185 maxq 7
ecn_mark 11758 step_mark 11300
credit -78000 (L-queue)
memory_used 9376 (max 18716) of memory limit 30280000

======================================================================
Timestamp: 2026-05-01 16:32:56
qdisc htb 1: root refcnt 13 r2q 10 default 0x10 direct_packets_stat 0 direct_qlen 1000
 Sent 125939569 bytes 83373 pkt (dropped 0, overlimits 81883 requeues 0) 
 backlog 6056b 4p requeues 0
qdisc dualpi2 20: parent 1:10 limit 10000p memlimit 30280000B target 15ms tupdate 16ms alpha 0.156250 beta 3.195312 step_thresh 1ms min_qlen_step 0p coupling_factor 2 drop_on_overload drop_dequeue classic_protection 10% l4s_ect split_gso 
 Sent 125939569 bytes 83373 pkt (dropped 0, overlimits 0 requeues 0) 
 backlog 6056b 4p requeues 0
prob 0.018828 delay_c 12166us delay_l 0us
pkts_in_c 52993 pkts_in_l 30384 maxq 7
ecn_mark 11844 step_mark 11379
credit -62860 (L-queue)
memory_used 9376 (max 18716) of memory limit 30280000

======================================================================
Timestamp: 2026-05-01 16:32:57
qdisc htb 1: root refcnt 13 r2q 10 default 0x10 direct_packets_stat 0 direct_qlen 1000
 Sent 126823220 bytes 83958 pkt (dropped 0, overlimits 82468 requeues 0) 
 backlog 7570b 5p requeues 0
qdisc dualpi2 20: parent 1:10 limit 10000p memlimit 30280000B target 15ms tupdate 16ms alpha 0.156250 beta 3.195312 step_thresh 1ms min_qlen_step 0p coupling_factor 2 drop_on_overload drop_dequeue classic_protection 10% l4s_ect split_gso 
 Sent 126823220 bytes 83958 pkt (dropped 0, overlimits 0 requeues 0) 
 backlog 7570b 5p requeues 0
prob 0.003189 delay_c 13288us delay_l 0us
pkts_in_c 53487 pkts_in_l 30476 maxq 7
ecn_mark 11879 step_mark 11413
credit -52970 (L-queue)
memory_used 11720 (max 18716) of memory limit 30280000

======================================================================
Timestamp: 2026-05-01 16:32:58
qdisc htb 1: root refcnt 13 r2q 10 default 0x10 direct_packets_stat 0 direct_qlen 1000
 Sent 127708910 bytes 84543 pkt (dropped 0, overlimits 83053 requeues 0) 
 backlog 6056b 4p requeues 0
qdisc dualpi2 20: parent 1:10 limit 10000p memlimit 30280000B target 15ms tupdate 16ms alpha 0.156250 beta 3.195312 step_thresh 1ms min_qlen_step 0p coupling_factor 2 drop_on_overload drop_dequeue classic_protection 10% l4s_ect split_gso 
 Sent 127708910 bytes 84543 pkt (dropped 0, overlimits 0 requeues 0) 
 backlog 6056b 4p requeues 0
prob 0.000000 delay_c 8146us delay_l 0us
pkts_in_c 53873 pkts_in_l 30674 maxq 7
ecn_mark 11962 step_mark 11492
credit -52970 (L-queue)
memory_used 9376 (max 18716) of memory limit 30280000

======================================================================
Timestamp: 2026-05-01 16:32:59
qdisc htb 1: root refcnt 13 r2q 10 default 0x10 direct_packets_stat 0 direct_qlen 1000
 Sent 128593302 bytes 85129 pkt (dropped 0, overlimits 83639 requeues 0) 
 backlog 6056b 4p requeues 0
qdisc dualpi2 20: parent 1:10 limit 10000p memlimit 30280000B target 15ms tupdate 16ms alpha 0.156250 beta 3.195312 step_thresh 1ms min_qlen_step 0p coupling_factor 2 drop_on_overload drop_dequeue classic_protection 10% l4s_ect split_gso 
 Sent 128593302 bytes 85129 pkt (dropped 0, overlimits 0 requeues 0) 
 backlog 6056b 4p requeues 0
prob 0.017140 delay_c 9019us delay_l 0us
pkts_in_c 54347 pkts_in_l 30786 maxq 7
ecn_mark 12014 step_mark 11542
credit -20530 (L-queue)
memory_used 9376 (max 18716) of memory limit 30280000

======================================================================
Timestamp: 2026-05-01 16:33:00
qdisc htb 1: root refcnt 13 r2q 10 default 0x10 direct_packets_stat 0 direct_qlen 1000
 Sent 129477634 bytes 85715 pkt (dropped 0, overlimits 84225 requeues 0) 
 backlog 7570b 5p requeues 0
qdisc dualpi2 20: parent 1:10 limit 10000p memlimit 30280000B target 15ms tupdate 16ms alpha 0.156250 beta 3.195312 step_thresh 1ms min_qlen_step 0p coupling_factor 2 drop_on_overload drop_dequeue classic_protection 10% l4s_ect split_gso 
 Sent 129477634 bytes 85715 pkt (dropped 0, overlimits 0 requeues 0) 
 backlog 7570b 5p requeues 0
prob 0.008219 delay_c 11916us delay_l 955us
pkts_in_c 54712 pkts_in_l 31008 maxq 7
ecn_mark 12093 step_mark 11613
credit -109810 (L-queue)
memory_used 11708 (max 18716) of memory limit 30280000

======================================================================
Timestamp: 2026-05-01 16:33:01
qdisc htb 1: root refcnt 13 r2q 10 default 0x10 direct_packets_stat 0 direct_qlen 1000
 Sent 130362712 bytes 86301 pkt (dropped 0, overlimits 84811 requeues 0) 
 backlog 6056b 4p requeues 0
qdisc dualpi2 20: parent 1:10 limit 10000p memlimit 30280000B target 15ms tupdate 16ms alpha 0.156250 beta 3.195312 step_thresh 1ms min_qlen_step 0p coupling_factor 2 drop_on_overload drop_dequeue classic_protection 10% l4s_ect split_gso 
 Sent 130362712 bytes 86301 pkt (dropped 0, overlimits 0 requeues 0) 
 backlog 6056b 4p requeues 0
prob 0.020101 delay_c 8846us delay_l 0us
pkts_in_c 55163 pkts_in_l 31142 maxq 7
ecn_mark 12140 step_mark 11650
credit 5190 (C-queue)
memory_used 9376 (max 18716) of memory limit 30280000

======================================================================
Timestamp: 2026-05-01 16:33:02
qdisc htb 1: root refcnt 13 r2q 10 default 0x10 direct_packets_stat 0 direct_qlen 1000
 Sent 131244914 bytes 86884 pkt (dropped 0, overlimits 85394 requeues 0) 
 backlog 6056b 4p requeues 0
qdisc dualpi2 20: parent 1:10 limit 10000p memlimit 30280000B target 15ms tupdate 16ms alpha 0.156250 beta 3.195312 step_thresh 1ms min_qlen_step 0p coupling_factor 2 drop_on_overload drop_dequeue classic_protection 10% l4s_ect split_gso 
 Sent 131244914 bytes 86884 pkt (dropped 0, overlimits 0 requeues 0) 
 backlog 6056b 4p requeues 0
prob 0.007397 delay_c 5964us delay_l 0us
pkts_in_c 55510 pkts_in_l 31378 maxq 7
ecn_mark 12214 step_mark 11719
credit -105390 (L-queue)
memory_used 9376 (max 18716) of memory limit 30280000

======================================================================
Timestamp: 2026-05-01 16:33:03
qdisc htb 1: root refcnt 13 r2q 10 default 0x10 direct_packets_stat 0 direct_qlen 1000
 Sent 132126151 bytes 87467 pkt (dropped 0, overlimits 85977 requeues 0) 
 backlog 7570b 5p requeues 0
qdisc dualpi2 20: parent 1:10 limit 10000p memlimit 30280000B target 15ms tupdate 16ms alpha 0.156250 beta 3.195312 step_thresh 1ms min_qlen_step 0p coupling_factor 2 drop_on_overload drop_dequeue classic_protection 10% l4s_ect split_gso 
 Sent 132126151 bytes 87467 pkt (dropped 0, overlimits 0 requeues 0) 
 backlog 7570b 5p requeues 0
prob 0.023776 delay_c 15780us delay_l 0us
pkts_in_c 56000 pkts_in_l 31472 maxq 7
ecn_mark 12243 step_mark 11744
credit -59080 (L-queue)
memory_used 11720 (max 18716) of memory limit 30280000

======================================================================
Timestamp: 2026-05-01 16:33:04
qdisc htb 1: root refcnt 13 r2q 10 default 0x10 direct_packets_stat 0 direct_qlen 1000
 Sent 133008813 bytes 88050 pkt (dropped 0, overlimits 86560 requeues 0) 
 backlog 7570b 5p requeues 0
qdisc dualpi2 20: parent 1:10 limit 10000p memlimit 30280000B target 15ms tupdate 16ms alpha 0.156250 beta 3.195312 step_thresh 1ms min_qlen_step 0p coupling_factor 2 drop_on_overload drop_dequeue classic_protection 10% l4s_ect split_gso 
 Sent 133008813 bytes 88050 pkt (dropped 0, overlimits 0 requeues 0) 
 backlog 7570b 5p requeues 0
prob 0.002543 delay_c 10647us delay_l 0us
pkts_in_c 56332 pkts_in_l 31723 maxq 7
ecn_mark 12326 step_mark 11821
credit -74220 (L-queue)
memory_used 11720 (max 18716) of memory limit 30280000

======================================================================
Timestamp: 2026-05-01 16:33:05
qdisc htb 1: root refcnt 13 r2q 10 default 0x10 direct_packets_stat 0 direct_qlen 1000
 Sent 133891917 bytes 88635 pkt (dropped 0, overlimits 87145 requeues 0) 
 backlog 6056b 4p requeues 0
qdisc dualpi2 20: parent 1:10 limit 10000p memlimit 30280000B target 15ms tupdate 16ms alpha 0.156250 beta 3.195312 step_thresh 1ms min_qlen_step 0p coupling_factor 2 drop_on_overload drop_dequeue classic_protection 10% l4s_ect split_gso 
 Sent 133891917 bytes 88635 pkt (dropped 0, overlimits 0 requeues 0) 
 backlog 6056b 4p requeues 0
prob 0.008505 delay_c 10450us delay_l 0us
pkts_in_c 56769 pkts_in_l 31870 maxq 7
ecn_mark 12375 step_mark 11869
credit -54660 (L-queue)
memory_used 9376 (max 18716) of memory limit 30280000

======================================================================
Timestamp: 2026-05-01 16:33:06
qdisc htb 1: root refcnt 13 r2q 10 default 0x10 direct_packets_stat 0 direct_qlen 1000
 Sent 134777762 bytes 89221 pkt (dropped 0, overlimits 87731 requeues 0) 
 backlog 6056b 4p requeues 0
qdisc dualpi2 20: parent 1:10 limit 10000p memlimit 30280000B target 15ms tupdate 16ms alpha 0.156250 beta 3.195312 step_thresh 1ms min_qlen_step 0p coupling_factor 2 drop_on_overload drop_dequeue classic_protection 10% l4s_ect split_gso 
 Sent 134777762 bytes 89221 pkt (dropped 0, overlimits 0 requeues 0) 
 backlog 6056b 4p requeues 0
prob 0.005775 delay_c 5236us delay_l 0us
pkts_in_c 57163 pkts_in_l 32062 maxq 7
ecn_mark 12462 step_mark 11947
credit -22830 (L-queue)
memory_used 9376 (max 18716) of memory limit 30280000

======================================================================
Timestamp: 2026-05-01 16:33:07
qdisc htb 1: root refcnt 13 r2q 10 default 0x10 direct_packets_stat 0 direct_qlen 1000
 Sent 135658999 bytes 89804 pkt (dropped 0, overlimits 88313 requeues 0) 
 backlog 9084b 6p requeues 0
qdisc dualpi2 20: parent 1:10 limit 10000p memlimit 30280000B target 15ms tupdate 16ms alpha 0.156250 beta 3.195312 step_thresh 1ms min_qlen_step 0p coupling_factor 2 drop_on_overload drop_dequeue classic_protection 10% l4s_ect split_gso 
 Sent 135658999 bytes 89804 pkt (dropped 0, overlimits 0 requeues 0) 
 backlog 9084b 6p requeues 0
prob 0.006361 delay_c 10065us delay_l 340us
pkts_in_c 57695 pkts_in_l 32115 maxq 7
ecn_mark 12489 step_mark 11971
credit -67360 (L-queue)
memory_used 14052 (max 18716) of memory limit 30280000

======================================================================
Timestamp: 2026-05-01 16:33:08
qdisc htb 1: root refcnt 13 r2q 10 default 0x10 direct_packets_stat 0 direct_qlen 1000
 Sent 136544767 bytes 90390 pkt (dropped 0, overlimits 88899 requeues 0) 
 backlog 6056b 4p requeues 0
qdisc dualpi2 20: parent 1:10 limit 10000p memlimit 30280000B target 15ms tupdate 16ms alpha 0.156250 beta 3.195312 step_thresh 1ms min_qlen_step 0p coupling_factor 2 drop_on_overload drop_dequeue classic_protection 10% l4s_ect split_gso 
 Sent 136544767 bytes 90390 pkt (dropped 0, overlimits 0 requeues 0) 
 backlog 6056b 4p requeues 0
prob 0.021114 delay_c 9679us delay_l 0us
pkts_in_c 58125 pkts_in_l 32269 maxq 7
ecn_mark 12554 step_mark 12031
credit -51440 (L-queue)
memory_used 9376 (max 18716) of memory limit 30280000

======================================================================
Timestamp: 2026-05-01 16:33:09
qdisc htb 1: root refcnt 13 r2q 10 default 0x10 direct_packets_stat 0 direct_qlen 1000
 Sent 137431817 bytes 90978 pkt (dropped 0, overlimits 89486 requeues 0) 
 backlog 6056b 4p requeues 0
qdisc dualpi2 20: parent 1:10 limit 10000p memlimit 30280000B target 15ms tupdate 16ms alpha 0.156250 beta 3.195312 step_thresh 1ms min_qlen_step 0p coupling_factor 2 drop_on_overload drop_dequeue classic_protection 10% l4s_ect split_gso 
 Sent 137431817 bytes 90978 pkt (dropped 0, overlimits 0 requeues 0) 
 backlog 6056b 4p requeues 0
prob 0.018130 delay_c 6291us delay_l 0us
pkts_in_c 58595 pkts_in_l 32387 maxq 7
ecn_mark 12610 step_mark 12082
credit -53400 (L-queue)
memory_used 9376 (max 18716) of memory limit 30280000

======================================================================
Timestamp: 2026-05-01 16:33:10
qdisc htb 1: root refcnt 13 r2q 10 default 0x10 direct_packets_stat 0 direct_qlen 1000
 Sent 138315993 bytes 91562 pkt (dropped 0, overlimits 90070 requeues 0) 
 backlog 4542b 3p requeues 0
qdisc dualpi2 20: parent 1:10 limit 10000p memlimit 30280000B target 15ms tupdate 16ms alpha 0.156250 beta 3.195312 step_thresh 1ms min_qlen_step 0p coupling_factor 2 drop_on_overload drop_dequeue classic_protection 10% l4s_ect split_gso 
 Sent 138315993 bytes 91562 pkt (dropped 0, overlimits 0 requeues 0) 
 backlog 4542b 3p requeues 0
prob 0.030945 delay_c 14746us delay_l 0us
pkts_in_c 58954 pkts_in_l 32611 maxq 7
ecn_mark 12692 step_mark 12159
credit -68540 (L-queue)
memory_used 7032 (max 18716) of memory limit 30280000

======================================================================
Timestamp: 2026-05-01 16:33:11
qdisc htb 1: root refcnt 13 r2q 10 default 0x10 direct_packets_stat 0 direct_qlen 1000
 Sent 139198160 bytes 92146 pkt (dropped 0, overlimits 90654 requeues 0) 
 backlog 6056b 4p requeues 0
qdisc dualpi2 20: parent 1:10 limit 10000p memlimit 30280000B target 15ms tupdate 16ms alpha 0.156250 beta 3.195312 step_thresh 1ms min_qlen_step 0p coupling_factor 2 drop_on_overload drop_dequeue classic_protection 10% l4s_ect split_gso 
 Sent 139198160 bytes 92146 pkt (dropped 0, overlimits 0 requeues 0) 
 backlog 6056b 4p requeues 0
prob 0.009697 delay_c 11933us delay_l 1273us
pkts_in_c 59467 pkts_in_l 32683 maxq 7
ecn_mark 12728 step_mark 12193
credit -103770 (L-queue)
memory_used 9364 (max 18716) of memory limit 30280000

======================================================================
Timestamp: 2026-05-01 16:33:12
qdisc htb 1: root refcnt 13 r2q 10 default 0x10 direct_packets_stat 0 direct_qlen 1000
 Sent 140085364 bytes 92732 pkt (dropped 0, overlimits 91240 requeues 0) 
 backlog 7570b 5p requeues 0
qdisc dualpi2 20: parent 1:10 limit 10000p memlimit 30280000B target 15ms tupdate 16ms alpha 0.156250 beta 3.195312 step_thresh 1ms min_qlen_step 0p coupling_factor 2 drop_on_overload drop_dequeue classic_protection 10% l4s_ect split_gso 
 Sent 140085364 bytes 92732 pkt (dropped 0, overlimits 0 requeues 0) 
 backlog 7570b 5p requeues 0
prob 0.012855 delay_c 10791us delay_l 0us
pkts_in_c 59868 pkts_in_l 32869 maxq 7
ecn_mark 12823 step_mark 12280
credit 2210 (C-queue)
memory_used 11720 (max 18716) of memory limit 30280000

======================================================================
Timestamp: 2026-05-01 16:33:13
qdisc htb 1: root refcnt 13 r2q 10 default 0x10 direct_packets_stat 0 direct_qlen 1000
 Sent 140966871 bytes 93316 pkt (dropped 0, overlimits 91824 requeues 0) 
 backlog 6056b 4p requeues 0
qdisc dualpi2 20: parent 1:10 limit 10000p memlimit 30280000B target 15ms tupdate 16ms alpha 0.156250 beta 3.195312 step_thresh 1ms min_qlen_step 0p coupling_factor 2 drop_on_overload drop_dequeue classic_protection 10% l4s_ect split_gso 
 Sent 140966871 bytes 93316 pkt (dropped 0, overlimits 0 requeues 0) 
 backlog 6056b 4p requeues 0
prob 0.029496 delay_c 12879us delay_l 0us
pkts_in_c 60334 pkts_in_l 32986 maxq 7
ecn_mark 12875 step_mark 12331
credit -24480 (L-queue)
memory_used 9376 (max 18716) of memory limit 30280000

======================================================================
Timestamp: 2026-05-01 16:33:14
qdisc htb 1: root refcnt 13 r2q 10 default 0x10 direct_packets_stat 0 direct_qlen 1000
 Sent 141849533 bytes 93899 pkt (dropped 0, overlimits 92407 requeues 0) 
 backlog 6056b 4p requeues 0
qdisc dualpi2 20: parent 1:10 limit 10000p memlimit 30280000B target 15ms tupdate 16ms alpha 0.156250 beta 3.195312 step_thresh 1ms min_qlen_step 0p coupling_factor 2 drop_on_overload drop_dequeue classic_protection 10% l4s_ect split_gso 
 Sent 141849533 bytes 93899 pkt (dropped 0, overlimits 0 requeues 0) 
 backlog 6056b 4p requeues 0
prob 0.001587 delay_c 8875us delay_l 0us
pkts_in_c 60724 pkts_in_l 33179 maxq 7
ecn_mark 12965 step_mark 12419
credit -100180 (L-queue)
memory_used 9376 (max 18716) of memory limit 30280000

======================================================================
Timestamp: 2026-05-01 16:33:15
qdisc htb 1: root refcnt 13 r2q 10 default 0x10 direct_packets_stat 0 direct_qlen 1000
 Sent 142729047 bytes 94482 pkt (dropped 0, overlimits 92990 requeues 0) 
 backlog 7570b 5p requeues 0
qdisc dualpi2 20: parent 1:10 limit 10000p memlimit 30280000B target 15ms tupdate 16ms alpha 0.156250 beta 3.195312 step_thresh 1ms min_qlen_step 0p coupling_factor 2 drop_on_overload drop_dequeue classic_protection 10% l4s_ect split_gso 
 Sent 142729047 bytes 94482 pkt (dropped 0, overlimits 0 requeues 0) 
 backlog 7570b 5p requeues 0
prob 0.025398 delay_c 4017us delay_l 0us
pkts_in_c 61200 pkts_in_l 33287 maxq 7
ecn_mark 13014 step_mark 12459
credit 4600 (C-queue)
memory_used 11720 (max 18716) of memory limit 30280000

======================================================================
Timestamp: 2026-05-01 16:33:16
qdisc htb 1: root refcnt 13 r2q 10 default 0x10 direct_packets_stat 0 direct_qlen 1000
 Sent 143610195 bytes 95064 pkt (dropped 0, overlimits 93572 requeues 0) 
 backlog 7570b 5p requeues 0
qdisc dualpi2 20: parent 1:10 limit 10000p memlimit 30280000B target 15ms tupdate 16ms alpha 0.156250 beta 3.195312 step_thresh 1ms min_qlen_step 0p coupling_factor 2 drop_on_overload drop_dequeue classic_protection 10% l4s_ect split_gso 
 Sent 143610195 bytes 95064 pkt (dropped 0, overlimits 0 requeues 0) 
 backlog 7570b 5p requeues 0
prob 0.000000 delay_c 7961us delay_l 776us
pkts_in_c 61600 pkts_in_l 33469 maxq 7
ecn_mark 13102 step_mark 12540
credit -116520 (L-queue)
memory_used 11708 (max 18716) of memory limit 30280000

======================================================================
Timestamp: 2026-05-01 16:33:17
qdisc htb 1: root refcnt 13 r2q 10 default 0x10 direct_packets_stat 0 direct_qlen 1000
 Sent 144491262 bytes 95647 pkt (dropped 0, overlimits 94155 requeues 0) 
 backlog 6056b 4p requeues 0
qdisc dualpi2 20: parent 1:10 limit 10000p memlimit 30280000B target 15ms tupdate 16ms alpha 0.156250 beta 3.195312 step_thresh 1ms min_qlen_step 0p coupling_factor 2 drop_on_overload drop_dequeue classic_protection 10% l4s_ect split_gso 
 Sent 144491262 bytes 95647 pkt (dropped 0, overlimits 0 requeues 0) 
 backlog 6056b 4p requeues 0
prob 0.030101 delay_c 8524us delay_l 0us
pkts_in_c 61999 pkts_in_l 33652 maxq 7
ecn_mark 13192 step_mark 12623
credit -71910 (L-queue)
memory_used 9376 (max 18716) of memory limit 30280000

======================================================================
Timestamp: 2026-05-01 16:33:18
qdisc htb 1: root refcnt 13 r2q 10 default 0x10 direct_packets_stat 0 direct_qlen 1000
 Sent 145375022 bytes 96231 pkt (dropped 0, overlimits 94739 requeues 0) 
 backlog 6056b 4p requeues 0
qdisc dualpi2 20: parent 1:10 limit 10000p memlimit 30280000B target 15ms tupdate 16ms alpha 0.156250 beta 3.195312 step_thresh 1ms min_qlen_step 0p coupling_factor 2 drop_on_overload drop_dequeue classic_protection 10% l4s_ect split_gso 
 Sent 145375022 bytes 96231 pkt (dropped 0, overlimits 0 requeues 0) 
 backlog 6056b 4p requeues 0
prob 0.013306 delay_c 8810us delay_l 0us
pkts_in_c 62417 pkts_in_l 33818 maxq 7
ecn_mark 13265 step_mark 12693
credit -15510 (L-queue)
memory_used 9376 (max 18716) of memory limit 30280000

======================================================================
Timestamp: 2026-05-01 16:33:19
qdisc htb 1: root refcnt 13 r2q 10 default 0x10 direct_packets_stat 0 direct_qlen 1000
 Sent 146256805 bytes 96815 pkt (dropped 0, overlimits 95323 requeues 0) 
 backlog 6056b 4p requeues 0
qdisc dualpi2 20: parent 1:10 limit 10000p memlimit 30280000B target 15ms tupdate 16ms alpha 0.156250 beta 3.195312 step_thresh 1ms min_qlen_step 0p coupling_factor 2 drop_on_overload drop_dequeue classic_protection 10% l4s_ect split_gso 
 Sent 146256805 bytes 96815 pkt (dropped 0, overlimits 0 requeues 0) 
 backlog 6056b 4p requeues 0
prob 0.002898 delay_c 11097us delay_l 0us
pkts_in_c 62824 pkts_in_l 33995 maxq 7
ecn_mark 13358 step_mark 12781
credit -84860 (L-queue)
memory_used 9376 (max 18716) of memory limit 30280000

======================================================================
Timestamp: 2026-05-01 16:33:20
qdisc htb 1: root refcnt 13 r2q 10 default 0x10 direct_packets_stat 0 direct_qlen 1000
 Sent 147142495 bytes 97400 pkt (dropped 0, overlimits 95908 requeues 0) 
 backlog 9084b 6p requeues 0
qdisc dualpi2 20: parent 1:10 limit 10000p memlimit 30280000B target 15ms tupdate 16ms alpha 0.156250 beta 3.195312 step_thresh 1ms min_qlen_step 0p coupling_factor 2 drop_on_overload drop_dequeue classic_protection 10% l4s_ect split_gso 
 Sent 147142495 bytes 97400 pkt (dropped 0, overlimits 0 requeues 0) 
 backlog 9084b 6p requeues 0
prob 0.000000 delay_c 9181us delay_l 1296us
pkts_in_c 63233 pkts_in_l 34173 maxq 7
ecn_mark 13443 step_mark 12864
credit -130280 (L-queue)
memory_used 14052 (max 18716) of memory limit 30280000

======================================================================
Timestamp: 2026-05-01 16:33:21
qdisc htb 1: root refcnt 13 r2q 10 default 0x10 direct_packets_stat 0 direct_qlen 1000
 Sent 148029552 bytes 97987 pkt (dropped 0, overlimits 96495 requeues 0) 
 backlog 7570b 5p requeues 0
qdisc dualpi2 20: parent 1:10 limit 10000p memlimit 30280000B target 15ms tupdate 16ms alpha 0.156250 beta 3.195312 step_thresh 1ms min_qlen_step 0p coupling_factor 2 drop_on_overload drop_dequeue classic_protection 10% l4s_ect split_gso 
 Sent 148029552 bytes 97987 pkt (dropped 0, overlimits 0 requeues 0) 
 backlog 7570b 5p requeues 0
prob 0.006862 delay_c 10914us delay_l 0us
pkts_in_c 63690 pkts_in_l 34302 maxq 7
ecn_mark 13502 step_mark 12923
credit -86330 (L-queue)
memory_used 11720 (max 18716) of memory limit 30280000

======================================================================
Timestamp: 2026-05-01 16:33:22
qdisc htb 1: root refcnt 13 r2q 10 default 0x10 direct_packets_stat 0 direct_qlen 1000
 Sent 148913728 bytes 98571 pkt (dropped 0, overlimits 97079 requeues 0) 
 backlog 9084b 6p requeues 0
qdisc dualpi2 20: parent 1:10 limit 10000p memlimit 30280000B target 15ms tupdate 16ms alpha 0.156250 beta 3.195312 step_thresh 1ms min_qlen_step 0p coupling_factor 2 drop_on_overload drop_dequeue classic_protection 10% l4s_ect split_gso 
 Sent 148913728 bytes 98571 pkt (dropped 0, overlimits 0 requeues 0) 
 backlog 9084b 6p requeues 0
prob 0.011558 delay_c 11089us delay_l 106us
pkts_in_c 64097 pkts_in_l 34480 maxq 7
ecn_mark 13589 step_mark 13006
credit 4510 (C-queue)
memory_used 14052 (max 18716) of memory limit 30280000

======================================================================
Timestamp: 2026-05-01 16:33:23
qdisc htb 1: root refcnt 13 r2q 10 default 0x10 direct_packets_stat 0 direct_qlen 1000
 Sent 149654347 bytes 99070 pkt (dropped 0, overlimits 97508 requeues 0) 
 backlog 0b 0p requeues 0
qdisc dualpi2 20: parent 1:10 limit 10000p memlimit 30280000B target 15ms tupdate 16ms alpha 0.156250 beta 3.195312 step_thresh 1ms min_qlen_step 0p coupling_factor 2 drop_on_overload drop_dequeue classic_protection 10% l4s_ect split_gso 
 Sent 149654347 bytes 99070 pkt (dropped 0, overlimits 0 requeues 0) 
 backlog 0b 0p requeues 0
prob 0.000000 delay_c 0us delay_l 0us
pkts_in_c 64449 pkts_in_l 34621 maxq 7
ecn_mark 13623 step_mark 13040
credit -47970 (L-queue)
memory_used 0 (max 18716) of memory limit 30280000

======================================================================
Timestamp: 2026-05-01 16:33:24
qdisc htb 1: root refcnt 13 r2q 10 default 0x10 direct_packets_stat 0 direct_qlen 1000
 Sent 150044810 bytes 99330 pkt (dropped 0, overlimits 97708 requeues 0) 
 backlog 0b 0p requeues 0
qdisc dualpi2 20: parent 1:10 limit 10000p memlimit 30280000B target 15ms tupdate 16ms alpha 0.156250 beta 3.195312 step_thresh 1ms min_qlen_step 0p coupling_factor 2 drop_on_overload drop_dequeue classic_protection 10% l4s_ect split_gso 
 Sent 150044810 bytes 99330 pkt (dropped 0, overlimits 0 requeues 0) 
 backlog 0b 0p requeues 0
prob 0.000000 delay_c 0us delay_l 0us
pkts_in_c 64449 pkts_in_l 34881 maxq 7
ecn_mark 13711 step_mark 13128
credit -47970 (L-queue)
memory_used 0 (max 18716) of memory limit 30280000

======================================================================
Timestamp: 2026-05-01 16:33:25
qdisc htb 1: root refcnt 13 r2q 10 default 0x10 direct_packets_stat 0 direct_qlen 1000
 Sent 150191757 bytes 99428 pkt (dropped 0, overlimits 97788 requeues 0) 
 backlog 0b 0p requeues 0
qdisc dualpi2 20: parent 1:10 limit 10000p memlimit 30280000B target 15ms tupdate 16ms alpha 0.156250 beta 3.195312 step_thresh 1ms min_qlen_step 0p coupling_factor 2 drop_on_overload drop_dequeue classic_protection 10% l4s_ect split_gso 
 Sent 150191757 bytes 99428 pkt (dropped 0, overlimits 0 requeues 0) 
 backlog 0b 0p requeues 0
prob 0.000000 delay_c 0us delay_l 0us
pkts_in_c 64449 pkts_in_l 34979 maxq 7
ecn_mark 13744 step_mark 13161
credit -47970 (L-queue)
memory_used 0 (max 18716) of memory limit 30280000

======================================================================
Timestamp: 2026-05-01 16:33:26
qdisc htb 1: root refcnt 13 r2q 10 default 0x10 direct_packets_stat 0 direct_qlen 1000
 Sent 151060793 bytes 100002 pkt (dropped 0, overlimits 98310 requeues 0) 
 backlog 1514b 1p requeues 0
qdisc dualpi2 20: parent 1:10 limit 10000p memlimit 30280000B target 15ms tupdate 16ms alpha 0.156250 beta 3.195312 step_thresh 1ms min_qlen_step 0p coupling_factor 2 drop_on_overload drop_dequeue classic_protection 10% l4s_ect split_gso 
 Sent 151060793 bytes 100002 pkt (dropped 0, overlimits 0 requeues 0) 
 backlog 1514b 1p requeues 0
prob 0.000000 delay_c 0us delay_l 289us
pkts_in_c 64449 pkts_in_l 35554 maxq 7
ecn_mark 13916 step_mark 13333
credit -47970 (L-queue)
memory_used 2332 (max 18716) of memory limit 30280000

======================================================================
Timestamp: 2026-05-01 16:33:27
qdisc htb 1: root refcnt 13 r2q 10 default 0x10 direct_packets_stat 0 direct_qlen 1000
 Sent 151332580 bytes 100183 pkt (dropped 0, overlimits 98458 requeues 0) 
 backlog 0b 0p requeues 0
qdisc dualpi2 20: parent 1:10 limit 10000p memlimit 30280000B target 15ms tupdate 16ms alpha 0.156250 beta 3.195312 step_thresh 1ms min_qlen_step 0p coupling_factor 2 drop_on_overload drop_dequeue classic_protection 10% l4s_ect split_gso 
 Sent 151332580 bytes 100183 pkt (dropped 0, overlimits 0 requeues 0) 
 backlog 0b 0p requeues 0
prob 0.000000 delay_c 0us delay_l 0us
pkts_in_c 64449 pkts_in_l 35734 maxq 7
ecn_mark 13988 step_mark 13405
credit -47970 (L-queue)
memory_used 0 (max 18716) of memory limit 30280000

======================================================================
Timestamp: 2026-05-01 16:33:28
qdisc htb 1: root refcnt 13 r2q 10 default 0x10 direct_packets_stat 0 direct_qlen 1000
 Sent 152201616 bytes 100757 pkt (dropped 0, overlimits 98978 requeues 0) 
 backlog 1514b 1p requeues 0
qdisc dualpi2 20: parent 1:10 limit 10000p memlimit 30280000B target 15ms tupdate 16ms alpha 0.156250 beta 3.195312 step_thresh 1ms min_qlen_step 0p coupling_factor 2 drop_on_overload drop_dequeue classic_protection 10% l4s_ect split_gso 
 Sent 152201616 bytes 100757 pkt (dropped 0, overlimits 0 requeues 0) 
 backlog 1514b 1p requeues 0
prob 0.002655 delay_c 0us delay_l 1114us
pkts_in_c 64449 pkts_in_l 36309 maxq 7
ecn_mark 14169 step_mark 13586
credit -47970 (L-queue)
memory_used 2332 (max 18716) of memory limit 30280000

======================================================================
Timestamp: 2026-05-01 16:33:29
qdisc htb 1: root refcnt 13 r2q 10 default 0x10 direct_packets_stat 0 direct_qlen 1000
 Sent 152443941 bytes 100918 pkt (dropped 0, overlimits 99120 requeues 0) 
 backlog 1514b 1p requeues 0
qdisc dualpi2 20: parent 1:10 limit 10000p memlimit 30280000B target 15ms tupdate 16ms alpha 0.156250 beta 3.195312 step_thresh 1ms min_qlen_step 0p coupling_factor 2 drop_on_overload drop_dequeue classic_protection 10% l4s_ect split_gso 
 Sent 152443941 bytes 100918 pkt (dropped 0, overlimits 0 requeues 0) 
 backlog 1514b 1p requeues 0
prob 0.000000 delay_c 0us delay_l 8us
pkts_in_c 64449 pkts_in_l 36470 maxq 7
ecn_mark 14226 step_mark 13643
credit -47970 (L-queue)
memory_used 2332 (max 18716) of memory limit 30280000

======================================================================
Timestamp: 2026-05-01 16:33:30
qdisc htb 1: root refcnt 13 r2q 10 default 0x10 direct_packets_stat 0 direct_qlen 1000
 Sent 152928885 bytes 101239 pkt (dropped 0, overlimits 99404 requeues 0) 
 backlog 0b 0p requeues 0
qdisc dualpi2 20: parent 1:10 limit 10000p memlimit 30280000B target 15ms tupdate 16ms alpha 0.156250 beta 3.195312 step_thresh 1ms min_qlen_step 0p coupling_factor 2 drop_on_overload drop_dequeue classic_protection 10% l4s_ect split_gso 
 Sent 152928885 bytes 101239 pkt (dropped 0, overlimits 0 requeues 0) 
 backlog 0b 0p requeues 0
prob 0.000000 delay_c 0us delay_l 0us
pkts_in_c 64449 pkts_in_l 36790 maxq 7
ecn_mark 14325 step_mark 13742
credit -47970 (L-queue)
memory_used 0 (max 18716) of memory limit 30280000

======================================================================
Timestamp: 2026-05-01 16:33:31
qdisc htb 1: root refcnt 13 r2q 10 default 0x10 direct_packets_stat 0 direct_qlen 1000
 Sent 153037982 bytes 101312 pkt (dropped 0, overlimits 99463 requeues 0) 
 backlog 0b 0p requeues 0
qdisc dualpi2 20: parent 1:10 limit 10000p memlimit 30280000B target 15ms tupdate 16ms alpha 0.156250 beta 3.195312 step_thresh 1ms min_qlen_step 0p coupling_factor 2 drop_on_overload drop_dequeue classic_protection 10% l4s_ect split_gso 
 Sent 153037982 bytes 101312 pkt (dropped 0, overlimits 0 requeues 0) 
 backlog 0b 0p requeues 0
prob 0.000000 delay_c 0us delay_l 0us
pkts_in_c 64449 pkts_in_l 36863 maxq 7
ecn_mark 14358 step_mark 13775
credit -47970 (L-queue)
memory_used 0 (max 18716) of memory limit 30280000

======================================================================
Timestamp: 2026-05-01 16:33:32
qdisc htb 1: root refcnt 13 r2q 10 default 0x10 direct_packets_stat 0 direct_qlen 1000
 Sent 153910046 bytes 101888 pkt (dropped 0, overlimits 99988 requeues 0) 
 backlog 3028b 2p requeues 0
qdisc dualpi2 20: parent 1:10 limit 10000p memlimit 30280000B target 15ms tupdate 16ms alpha 0.156250 beta 3.195312 step_thresh 1ms min_qlen_step 0p coupling_factor 2 drop_on_overload drop_dequeue classic_protection 10% l4s_ect split_gso 
 Sent 153910046 bytes 101888 pkt (dropped 0, overlimits 0 requeues 0) 
 backlog 3028b 2p requeues 0
prob 0.004819 delay_c 0us delay_l 3018us
pkts_in_c 64449 pkts_in_l 37441 maxq 7
ecn_mark 14538 step_mark 13955
credit -47970 (L-queue)
memory_used 4664 (max 18716) of memory limit 30280000

======================================================================
Timestamp: 2026-05-01 16:33:33
qdisc htb 1: root refcnt 13 r2q 10 default 0x10 direct_packets_stat 0 direct_qlen 1000
 Sent 154218932 bytes 102093 pkt (dropped 0, overlimits 100174 requeues 0) 
 backlog 1514b 1p requeues 0
qdisc dualpi2 20: parent 1:10 limit 10000p memlimit 30280000B target 15ms tupdate 16ms alpha 0.156250 beta 3.195312 step_thresh 1ms min_qlen_step 0p coupling_factor 2 drop_on_overload drop_dequeue classic_protection 10% l4s_ect split_gso 
 Sent 154218932 bytes 102093 pkt (dropped 0, overlimits 0 requeues 0) 
 backlog 1514b 1p requeues 0
prob 0.000000 delay_c 0us delay_l 508us
pkts_in_c 64449 pkts_in_l 37645 maxq 7
ecn_mark 14586 step_mark 14003
credit -47970 (L-queue)
memory_used 2332 (max 18716) of memory limit 30280000

======================================================================
Timestamp: 2026-05-01 16:33:34
qdisc htb 1: root refcnt 13 r2q 10 default 0x10 direct_packets_stat 0 direct_qlen 1000
 Sent 155076371 bytes 102661 pkt (dropped 0, overlimits 100674 requeues 0) 
 backlog 0b 0p requeues 0
qdisc dualpi2 20: parent 1:10 limit 10000p memlimit 30280000B target 15ms tupdate 16ms alpha 0.156250 beta 3.195312 step_thresh 1ms min_qlen_step 0p coupling_factor 2 drop_on_overload drop_dequeue classic_protection 10% l4s_ect split_gso 
 Sent 155076371 bytes 102661 pkt (dropped 0, overlimits 0 requeues 0) 
 backlog 0b 0p requeues 0
prob 0.000000 delay_c 0us delay_l 0us
pkts_in_c 64449 pkts_in_l 38212 maxq 7
ecn_mark 14769 step_mark 14186
credit -47970 (L-queue)
memory_used 0 (max 18716) of memory limit 30280000

======================================================================
Timestamp: 2026-05-01 16:33:35
qdisc htb 1: root refcnt 13 r2q 10 default 0x10 direct_packets_stat 0 direct_qlen 1000
 Sent 155165786 bytes 102721 pkt (dropped 0, overlimits 100731 requeues 0) 
 backlog 1514b 1p requeues 0
qdisc dualpi2 20: parent 1:10 limit 10000p memlimit 30280000B target 15ms tupdate 16ms alpha 0.156250 beta 3.195312 step_thresh 1ms min_qlen_step 0p coupling_factor 2 drop_on_overload drop_dequeue classic_protection 10% l4s_ect split_gso 
 Sent 155165786 bytes 102721 pkt (dropped 0, overlimits 0 requeues 0) 
 backlog 1514b 1p requeues 0
prob 0.000000 delay_c 0us delay_l 1381us
pkts_in_c 64449 pkts_in_l 38273 maxq 7
ecn_mark 14790 step_mark 14207
credit -47970 (L-queue)
memory_used 2332 (max 18716) of memory limit 30280000

======================================================================
Timestamp: 2026-05-01 16:33:36
qdisc htb 1: root refcnt 13 r2q 10 default 0x10 direct_packets_stat 0 direct_qlen 1000
 Sent 156033308 bytes 103294 pkt (dropped 0, overlimits 101254 requeues 0) 
 backlog 0b 0p requeues 0
qdisc dualpi2 20: parent 1:10 limit 10000p memlimit 30280000B target 15ms tupdate 16ms alpha 0.156250 beta 3.195312 step_thresh 1ms min_qlen_step 0p coupling_factor 2 drop_on_overload drop_dequeue classic_protection 10% l4s_ect split_gso 
 Sent 156033308 bytes 103294 pkt (dropped 0, overlimits 0 requeues 0) 
 backlog 0b 0p requeues 0
prob 0.000000 delay_c 0us delay_l 0us
pkts_in_c 64449 pkts_in_l 38845 maxq 7
ecn_mark 14972 step_mark 14389
credit -47970 (L-queue)
memory_used 0 (max 18716) of memory limit 30280000

======================================================================
Timestamp: 2026-05-01 16:33:37
qdisc htb 1: root refcnt 13 r2q 10 default 0x10 direct_packets_stat 0 direct_qlen 1000
 Sent 156373977 bytes 103520 pkt (dropped 0, overlimits 101437 requeues 0) 
 backlog 1514b 1p requeues 0
qdisc dualpi2 20: parent 1:10 limit 10000p memlimit 30280000B target 15ms tupdate 16ms alpha 0.156250 beta 3.195312 step_thresh 1ms min_qlen_step 0p coupling_factor 2 drop_on_overload drop_dequeue classic_protection 10% l4s_ect split_gso 
 Sent 156373977 bytes 103520 pkt (dropped 0, overlimits 0 requeues 0) 
 backlog 1514b 1p requeues 0
prob 0.000000 delay_c 0us delay_l 178us
pkts_in_c 64449 pkts_in_l 39072 maxq 7
ecn_mark 15035 step_mark 14452
credit -47970 (L-queue)
memory_used 2332 (max 18716) of memory limit 30280000

======================================================================
Timestamp: 2026-05-01 16:33:38
qdisc htb 1: root refcnt 13 r2q 10 default 0x10 direct_packets_stat 0 direct_qlen 1000
 Sent 157113903 bytes 104009 pkt (dropped 0, overlimits 101890 requeues 0) 
 backlog 0b 0p requeues 0
qdisc dualpi2 20: parent 1:10 limit 10000p memlimit 30280000B target 15ms tupdate 16ms alpha 0.156250 beta 3.195312 step_thresh 1ms min_qlen_step 0p coupling_factor 2 drop_on_overload drop_dequeue classic_protection 10% l4s_ect split_gso 
 Sent 157113903 bytes 104009 pkt (dropped 0, overlimits 0 requeues 0) 
 backlog 0b 0p requeues 0
prob 0.000000 delay_c 0us delay_l 0us
pkts_in_c 64449 pkts_in_l 39560 maxq 7
ecn_mark 15202 step_mark 14619
credit -47970 (L-queue)
memory_used 0 (max 18716) of memory limit 30280000

======================================================================
Timestamp: 2026-05-01 16:33:39
qdisc htb 1: root refcnt 13 r2q 10 default 0x10 direct_packets_stat 0 direct_qlen 1000
 Sent 157177580 bytes 104052 pkt (dropped 0, overlimits 101930 requeues 0) 
 backlog 0b 0p requeues 0
qdisc dualpi2 20: parent 1:10 limit 10000p memlimit 30280000B target 15ms tupdate 16ms alpha 0.156250 beta 3.195312 step_thresh 1ms min_qlen_step 0p coupling_factor 2 drop_on_overload drop_dequeue classic_protection 10% l4s_ect split_gso 
 Sent 157177580 bytes 104052 pkt (dropped 0, overlimits 0 requeues 0) 
 backlog 0b 0p requeues 0
prob 0.000000 delay_c 0us delay_l 0us
pkts_in_c 64449 pkts_in_l 39603 maxq 7
ecn_mark 15212 step_mark 14629
credit -47970 (L-queue)
memory_used 0 (max 18716) of memory limit 30280000

======================================================================
Timestamp: 2026-05-01 16:33:40
qdisc htb 1: root refcnt 13 r2q 10 default 0x10 direct_packets_stat 0 direct_qlen 1000
 Sent 158045102 bytes 104625 pkt (dropped 0, overlimits 102458 requeues 0) 
 backlog 0b 0p requeues 0
qdisc dualpi2 20: parent 1:10 limit 10000p memlimit 30280000B target 15ms tupdate 16ms alpha 0.156250 beta 3.195312 step_thresh 1ms min_qlen_step 0p coupling_factor 2 drop_on_overload drop_dequeue classic_protection 10% l4s_ect split_gso 
 Sent 158045102 bytes 104625 pkt (dropped 0, overlimits 0 requeues 0) 
 backlog 0b 0p requeues 0
prob 0.005216 delay_c 0us delay_l 0us
pkts_in_c 64449 pkts_in_l 40176 maxq 7
ecn_mark 15394 step_mark 14811
credit -47970 (L-queue)
memory_used 0 (max 18716) of memory limit 30280000

======================================================================
Timestamp: 2026-05-01 16:33:41
qdisc htb 1: root refcnt 13 r2q 10 default 0x10 direct_packets_stat 0 direct_qlen 1000
 Sent 158172535 bytes 104711 pkt (dropped 0, overlimits 102540 requeues 0) 
 backlog 1514b 1p requeues 0
qdisc dualpi2 20: parent 1:10 limit 10000p memlimit 30280000B target 15ms tupdate 16ms alpha 0.156250 beta 3.195312 step_thresh 1ms min_qlen_step 0p coupling_factor 2 drop_on_overload drop_dequeue classic_protection 10% l4s_ect split_gso 
 Sent 158172535 bytes 104711 pkt (dropped 0, overlimits 0 requeues 0) 
 backlog 1514b 1p requeues 0
prob 0.000000 delay_c 0us delay_l 1562us
pkts_in_c 64449 pkts_in_l 40263 maxq 7
ecn_mark 15416 step_mark 14833
credit -47970 (L-queue)
memory_used 2332 (max 18716) of memory limit 30280000

======================================================================
Timestamp: 2026-05-01 16:33:42
qdisc htb 1: root refcnt 13 r2q 10 default 0x10 direct_packets_stat 0 direct_qlen 1000
 Sent 159041571 bytes 105285 pkt (dropped 0, overlimits 103072 requeues 0) 
 backlog 1514b 1p requeues 0
qdisc dualpi2 20: parent 1:10 limit 10000p memlimit 30280000B target 15ms tupdate 16ms alpha 0.156250 beta 3.195312 step_thresh 1ms min_qlen_step 0p coupling_factor 2 drop_on_overload drop_dequeue classic_protection 10% l4s_ect split_gso 
 Sent 159041571 bytes 105285 pkt (dropped 0, overlimits 0 requeues 0) 
 backlog 1514b 1p requeues 0
prob 0.002843 delay_c 0us delay_l 2738us
pkts_in_c 64449 pkts_in_l 40837 maxq 7
ecn_mark 15603 step_mark 15020
credit -47970 (L-queue)
memory_used 2332 (max 18716) of memory limit 30280000

