timestamp,dst_port,state,cc_algo,rto_ms,rtt_ms,rtt_var_ms,min_rtt_ms,mss_bytes,cwnd_pkts,cwnd_bytes,ssthresh_bytes,bytes_sent,bytes_acked,bytes_received,bytes_retrans,segs_out,segs_in,data_segs_out,data_segs_in,retrans_outstanding,retrans_total,pacing_rate_bps,delivery_rate_bps,delivered_pkts,snd_wnd_bytes,rcv_wnd_bytes,unacked_pkts,notsent_bytes
2026-04-01 14:00:59.728,58186,ESTAB,bbr,224,20.974,6.295,20.154,1448,12,17376,NaN,2883,2883,408,NaN,3,5,2,1,NaN,NaN,15803616,1059392,3,48640,43520,NaN,NaN
2026-04-01 14:01:00.011,58186,ESTAB,bbr,224,20.974,6.295,20.154,1448,12,17376,NaN,2883,2883,408,NaN,3,5,2,1,NaN,NaN,15803616,1059392,3,48640,43520,NaN,NaN
2026-04-01 14:01:00.662,58200,ESTAB,bbr,232,28.615,0.83,20.083,1448,41,59368,NaN,128232,105064,822,NaN,90,41,89,2,NaN,NaN,19237040,6300784,74,86016,43520,16,56319
2026-04-01 14:01:00.886,58200,ESTAB,bbr,232,28.251,2.576,20.083,1448,36,52128,26064,275383,252215,1644,NaN,192,93,191,4,NaN,NaN,8329976,6418168,176,86016,43520,16,375032
2026-04-01 14:01:01.111,58200,ESTAB,bbr,232,29.872,0.908,20.083,1448,36,52128,26064,466519,440455,1644,NaN,324,158,323,4,NaN,NaN,8350480,6254376,306,86016,43520,18,351864
2026-04-01 14:01:01.354,58200,ESTAB,bbr,232,28.817,0.326,20.083,1448,36,52128,26064,659103,634487,1644,NaN,457,225,456,4,NaN,NaN,8338520,6701760,440,86016,43520,17,327248
2026-04-01 14:01:01.602,58200,ESTAB,bbr,232,29.669,1.082,20.083,1448,36,52128,26064,871959,848791,1644,NaN,604,299,603,4,NaN,NaN,8315448,6698368,588,86016,43520,16,282360
2026-04-01 14:01:01.829,58200,ESTAB,bbr,232,28.908,0.751,20.083,1448,36,52128,26064,1065991,1042823,1644,NaN,738,366,737,4,NaN,NaN,8342792,6727928,722,86016,43520,16,324421
2026-04-01 14:01:02.066,58200,ESTAB,bbr,232,28.705,0.125,20.083,1448,36,52128,26064,1261471,1236855,1644,NaN,873,433,872,4,NaN,NaN,8342792,6700040,856,86016,43520,17,128941
2026-04-01 14:01:02.298,58200,ESTAB,bbr,236,33.121,8.858,20.083,1448,36,52128,26064,1390412,1390412,1644,NaN,963,487,962,4,NaN,NaN,8340232,2359744,963,86016,43520,NaN,NaN
2026-04-01 14:01:02.540,58200,ESTAB,bbr,232,30.292,9.007,20.083,1448,36,52128,26064,1393295,1393295,2052,NaN,965,490,964,5,NaN,NaN,8340232,2359744,965,86016,43520,NaN,NaN
2026-04-01 14:01:02.781,58200,ESTAB,bbr,232,29.008,0.927,20.083,1448,36,52128,26064,1596015,1572847,2468,NaN,1105,553,1104,6,NaN,NaN,8332536,6733792,1089,86016,43520,16,430056
2026-04-01 14:01:03.010,58200,ESTAB,bbr,232,28.787,0.202,20.083,1448,36,52128,26064,1788599,1763983,2468,NaN,1238,619,1237,6,NaN,NaN,8332536,6711464,1221,86016,43520,17,241720
2026-04-01 14:01:03.259,58200,ESTAB,bbr,228,27.276,0.634,20.083,1448,50,72400,26064,1989871,1965255,2468,NaN,1377,682,1376,6,NaN,NaN,8611944,6705400,1360,268800,43520,17,40448
2026-04-01 14:01:03.497,58200,ESTAB,bbr,236,34.351,10.761,20.083,1448,50,72400,26064,2030319,2030319,2468,NaN,1405,705,1404,6,NaN,NaN,8611944,2438152,1405,297984,43520,NaN,NaN
2026-04-01 14:01:03.738,58200,ESTAB,bbr,236,34.351,10.761,20.083,1448,50,72400,26064,2030319,2030319,2468,NaN,1405,705,1404,6,NaN,NaN,8611944,2438152,1405,297984,43520,NaN,NaN
2026-04-01 14:01:03.977,58200,ESTAB,bbr,236,34.351,10.761,20.083,1448,50,72400,26064,2030319,2030319,2468,NaN,1405,705,1404,6,NaN,NaN,8611944,2438152,1405,297984,43520,NaN,NaN
2026-04-01 14:01:04.214,58200,ESTAB,bbr,236,34.351,10.761,20.083,1448,50,72400,26064,2030319,2030319,2468,NaN,1405,705,1404,6,NaN,NaN,8611944,2438152,1405,297984,43520,NaN,NaN
2026-04-01 14:01:04.457,58200,ESTAB,bbr,236,34.351,10.761,20.083,1448,50,72400,26064,2030319,2030319,2468,NaN,1405,705,1404,6,NaN,NaN,8611944,2438152,1405,297984,43520,NaN,NaN
2026-04-01 14:01:04.685,58200,ESTAB,bbr,228,27.936,1.237,20.083,1448,48,69504,26064,2121530,2096914,3292,NaN,1468,731,1467,8,NaN,NaN,8611944,6714064,1451,297984,43520,17,435848
2026-04-01 14:01:04.917,58200,ESTAB,bbr,232,30.22,0.436,20.083,1448,36,52128,26064,2314114,2288050,3292,NaN,1601,797,1600,8,NaN,NaN,8327416,6688944,1583,297984,43520,18,503904
2026-04-01 14:01:05.159,58200,ESTAB,bbr,232,28.757,0.08,20.083,1448,36,52128,26064,2515386,2490770,3292,NaN,1740,867,1739,8,NaN,NaN,8309472,6694656,1723,297984,43520,17,457361
2026-04-01 14:01:05.392,58200,ESTAB,bbr,232,30.279,0.348,20.083,1448,36,52128,26064,2707970,2684802,3292,NaN,1873,934,1872,8,NaN,NaN,8310320,6694744,1857,297984,43520,16,264777
2026-04-01 14:01:05.626,58200,ESTAB,bbr,232,28.754,0.079,20.083,1448,36,52128,26064,2906346,2881730,3292,NaN,2010,1002,2009,8,NaN,NaN,8329976,6699176,1993,297984,43520,17,66401
2026-04-01 14:01:05.868,58200,ESTAB,bbr,236,33.82,9.954,20.083,1448,36,52128,26064,2972747,2972747,3292,NaN,2056,1034,2055,8,NaN,NaN,8329976,2478136,2056,297984,43520,NaN,NaN
2026-04-01 14:01:06.124,58200,ESTAB,bbr,236,33.82,9.954,20.083,1448,36,52128,26064,2972747,2972747,3292,NaN,2056,1034,2055,8,NaN,NaN,8329976,2478136,2056,297984,43520,NaN,NaN
2026-04-01 14:01:06.372,58200,ESTAB,bbr,236,33.82,9.954,20.083,1448,36,52128,26064,2972747,2972747,3292,NaN,2056,1034,2055,8,NaN,NaN,8329976,2478136,2056,297984,43520,NaN,NaN
2026-04-01 14:01:06.619,58200,ESTAB,bbr,232,30.828,10.076,20.083,1448,36,52128,26064,2984318,2975630,4116,NaN,2064,1038,2063,10,NaN,NaN,6663976,2478136,2058,297984,43520,6,645808
2026-04-01 14:01:06.880,58200,ESTAB,bbr,232,28.307,0.161,20.083,1448,36,52128,26064,3202966,3178350,4116,NaN,2215,1108,2214,10,NaN,NaN,8307760,5938224,2198,297984,43520,17,427160
2026-04-01 14:01:07.157,58200,ESTAB,bbr,232,28.775,0.092,20.083,1448,36,52128,26064,3437542,3415822,4116,NaN,2377,1190,2376,10,NaN,NaN,8321432,6693152,2362,297984,43520,15,453224
2026-04-01 14:01:07.400,58200,ESTAB,bbr,232,30.189,0.494,20.083,1448,36,52128,26064,3644606,3618542,4116,NaN,2520,1260,2519,10,NaN,NaN,8300072,6697888,2502,297984,43520,18,422318
2026-04-01 14:01:07.641,58200,ESTAB,bbr,232,28.733,0.062,20.083,1448,36,52128,26064,3845878,3821262,4116,NaN,2659,1330,2658,10,NaN,NaN,8310320,6706720,2642,297984,43520,17,221046
2026-04-01 14:01:07.877,58200,ESTAB,bbr,232,30.3,0.36,20.083,1448,36,52128,26064,4041358,4018190,4116,NaN,2794,1398,2793,10,NaN,NaN,8312032,6687976,2778,297984,43520,16,25566
2026-04-01 14:01:08.125,58200,ESTAB,bbr,232,28.58,0.214,20.083,1448,36,52128,26064,4066924,4066924,4116,NaN,2812,1415,2811,10,NaN,NaN,8312032,6302288,2812,297984,43520,NaN,NaN
2026-04-01 14:01:08.369,58200,ESTAB,bbr,232,28.58,0.214,20.083,1448,36,52128,26064,4066924,4066924,4116,NaN,2812,1415,2811,10,NaN,NaN,8312032,6302288,2812,297984,43520,NaN,NaN
2026-04-01 14:01:08.616,58200,ESTAB,bbr,232,28.58,0.214,20.083,1448,36,52128,26064,4069807,4066924,4524,NaN,2814,1416,2813,11,NaN,NaN,6649624,6302288,2812,297984,43520,2,NaN
2026-04-01 14:01:08.856,58200,ESTAB,bbr,232,28.926,0.29,20.083,1448,36,52128,26064,4255151,4231983,4940,NaN,2942,1474,2941,12,NaN,NaN,8336808,6699608,2926,297984,43520,16,469152
2026-04-01 14:01:09.110,58200,ESTAB,bbr,232,29.998,0.785,20.083,1448,36,52128,26064,4466559,4443391,4940,NaN,3088,1547,3087,12,NaN,NaN,8313744,6700064,3072,297984,43520,16,518384
2026-04-01 14:01:09.365,58200,ESTAB,bbr,232,28.332,0.188,20.083,1448,36,52128,26064,4685207,4660591,4940,NaN,3239,1622,3238,12,NaN,NaN,8306048,5808328,3222,297984,43520,17,560376
2026-04-01 14:01:09.596,58200,ESTAB,bbr,232,30.302,0.388,20.083,1448,36,52128,26064,4880687,4854623,4940,NaN,3374,1689,3373,12,NaN,NaN,8311176,5844384,3356,297984,43520,18,379200
2026-04-01 14:01:09.827,58200,ESTAB,bbr,232,28.683,0.12,20.083,1448,36,52128,26064,5070375,5045759,4940,NaN,3505,1755,3504,12,NaN,NaN,8338520,6697240,3488,297984,43520,17,189512
2026-04-01 14:01:10.071,58200,ESTAB,bbr,232,29.445,0.485,20.083,1448,36,52128,26064,5259887,5251375,4940,NaN,3636,1826,3635,12,NaN,NaN,8304344,6693776,3630,297984,43520,6,NaN
2026-04-01 14:01:10.302,58200,ESTAB,bbr,232,29.04,0.509,20.083,1448,36,52128,26064,5259887,5259887,4940,NaN,3636,1829,3635,12,NaN,NaN,8304344,6701112,3636,297984,43520,NaN,NaN
2026-04-01 14:01:10.530,58200,ESTAB,bbr,232,29.04,0.509,20.083,1448,36,52128,26064,5259887,5259887,4940,NaN,3636,1829,3635,12,NaN,NaN,8304344,6701112,3636,297984,43520,NaN,NaN
2026-04-01 14:01:10.757,58200,ESTAB,bbr,228,27.316,1.567,20.083,1448,38,55024,26064,5345306,5323586,5764,NaN,3695,1853,3694,14,NaN,NaN,8333392,6702728,3680,297984,43520,15,571960
2026-04-01 14:01:10.985,58200,ESTAB,bbr,232,30.175,0.513,20.083,1448,38,55024,26064,5537890,5514722,5764,NaN,3828,1919,3827,14,NaN,NaN,8333392,6694256,3812,297984,43520,16,640016
2026-04-01 14:01:11.215,58200,ESTAB,bbr,232,28.821,0.105,20.083,1448,38,55024,26064,5730474,5705858,5764,NaN,3961,1985,3960,14,NaN,NaN,8326560,6687144,3944,297984,43520,17,447432
2026-04-01 14:01:11.445,58200,ESTAB,bbr,232,30.113,0.644,20.083,1448,38,55024,26064,5923058,5899890,5764,NaN,4094,2052,4093,14,NaN,NaN,8381240,6675928,4078,297984,43520,16,469402
2026-04-01 14:01:11.673,58200,ESTAB,bbr,232,28.803,0.142,20.083,1448,38,55024,26064,6111298,6091026,5764,NaN,4224,2118,4223,14,NaN,NaN,8320576,6699392,4210,297984,43520,14,281162
2026-04-01 14:01:11.902,58200,ESTAB,bbr,232,29.832,0.947,20.083,1448,38,55024,26064,6303882,6279266,5764,NaN,4357,2183,4356,14,NaN,NaN,8376112,6691360,4340,297984,43520,17,88578
2026-04-01 14:01:12.128,58200,ESTAB,bbr,236,33.897,10.457,20.083,1448,38,55024,26064,6392460,6392460,5764,NaN,4419,2223,4418,14,NaN,NaN,8302632,2814376,4419,298496,43520,NaN,NaN
2026-04-01 14:01:12.358,58200,ESTAB,bbr,236,33.897,10.457,20.083,1448,38,55024,26064,6392460,6392460,5764,NaN,4419,2223,4418,14,NaN,NaN,8302632,2814376,4419,298496,43520,NaN,NaN
2026-04-01 14:01:12.590,58200,ESTAB,bbr,236,33.897,10.457,20.083,1448,38,55024,26064,6392460,6392460,5764,NaN,4419,2223,4418,14,NaN,NaN,8302632,2814376,4419,298496,43520,NaN,NaN
2026-04-01 14:01:12.827,58200,ESTAB,bbr,232,29.206,1.649,20.083,1448,36,52128,26064,6512631,6488015,6588,NaN,4502,2259,4501,16,NaN,NaN,8338520,6726816,4485,298496,43520,17,537208
2026-04-01 14:01:13.073,58200,ESTAB,bbr,232,28.902,0.25,20.083,1448,36,52128,26064,6716799,6693631,6588,NaN,4643,2330,4642,16,NaN,NaN,8315448,6701112,4627,298496,43520,16,593680
2026-04-01 14:01:13.311,58200,ESTAB,bbr,232,29.942,0.854,20.083,1448,36,52128,26064,6918071,6893455,6588,NaN,4782,2399,4781,16,NaN,NaN,8312888,6693776,4765,298496,43520,17,392408
2026-04-01 14:01:13.548,58200,ESTAB,bbr,232,28.859,0.165,20.083,1448,36,52128,26064,7113551,7093279,6588,NaN,4917,2468,4916,16,NaN,NaN,8318864,6694872,4903,298496,43520,14,457568
2026-04-01 14:01:13.797,58200,ESTAB,bbr,232,30.216,0.61,20.083,1448,36,52128,26064,7319167,7295999,6588,NaN,5059,2538,5058,16,NaN,NaN,8327416,6670168,5043,298496,43520,16,331932
2026-04-01 14:01:14.031,58200,ESTAB,bbr,232,28.803,0.117,20.083,1448,36,52128,26064,7520439,7495823,6588,NaN,5198,2607,5197,16,NaN,NaN,8334248,6695088,5181,298496,43520,17,130660
2026-04-01 14:01:14.262,58200,ESTAB,bbr,232,28.986,1.005,20.083,1448,36,52128,26064,7651099,7651099,6588,NaN,5289,2661,5288,16,NaN,NaN,8326560,5503080,5289,298496,43520,NaN,NaN
2026-04-01 14:01:14.495,58200,ESTAB,bbr,232,28.986,1.005,20.083,1448,36,52128,26064,7651099,7651099,6588,NaN,5289,2661,5288,16,NaN,NaN,8326560,5503080,5289,298496,43520,NaN,NaN
2026-04-01 14:01:14.743,58200,ESTAB,bbr,232,28.102,1.194,20.083,1448,36,52128,26064,7671358,7653982,7412,NaN,5303,2664,5302,18,NaN,NaN,6661248,5503080,5291,298496,43520,12,637120
2026-04-01 14:01:14.978,58200,ESTAB,bbr,232,28.887,0.151,20.083,1448,36,52128,26064,7875526,7850910,7412,NaN,5444,2732,5443,18,NaN,NaN,8335104,6694232,5427,298496,43520,17,432952
2026-04-01 14:01:15.214,58200,ESTAB,bbr,232,29.851,0.414,20.083,1448,36,52128,26064,8073902,8050734,7412,NaN,5581,2801,5580,18,NaN,NaN,8328264,6488040,5565,298496,43520,16,495216
2026-04-01 14:01:15.449,58200,ESTAB,bbr,232,28.346,0.18,20.083,1448,36,52128,26064,8269382,8247662,7412,NaN,5716,2869,5715,18,NaN,NaN,8328264,5953488,5701,298496,43520,15,560376
2026-04-01 14:01:15.685,58200,ESTAB,bbr,232,29.496,0.48,20.083,1448,36,52128,26064,8467758,8444590,7412,NaN,5853,2937,5852,18,NaN,NaN,8314592,6688704,5837,298496,43520,16,401962
2026-04-01 14:01:15.920,58200,ESTAB,bbr,232,28.392,0.206,20.083,1448,36,52128,26064,8663238,8641518,7412,NaN,5988,3005,5987,18,NaN,NaN,8313744,6071472,5973,298496,43520,15,206482
2026-04-01 14:01:16.150,58200,ESTAB,bbr,232,29.843,0.392,20.083,1448,36,52128,26064,8858718,8832654,7412,NaN,6123,3071,6122,18,NaN,NaN,8313744,6530792,6105,298496,43520,18,11002
2026-04-01 14:01:16.385,58200,ESTAB,bbr,232,28.673,0.252,20.083,1448,36,52128,26064,8869720,8869720,7412,NaN,6131,3084,6130,18,NaN,NaN,8313744,6301856,6131,298496,43520,NaN,NaN
2026-04-01 14:01:16.614,58200,ESTAB,bbr,232,28.673,0.252,20.083,1448,36,52128,26064,8869720,8869720,7412,NaN,6131,3084,6130,18,NaN,NaN,8313744,6301856,6131,298496,43520,NaN,NaN
2026-04-01 14:01:16.842,58200,ESTAB,bbr,228,27.122,2.063,20.083,1448,36,52128,26064,8952243,8927627,8236,NaN,6188,3106,6187,20,NaN,NaN,8323992,6680288,6171,298496,43520,17,574856
2026-04-01 14:01:17.070,58200,ESTAB,bbr,232,30.154,0.615,20.083,1448,36,52128,26064,9139035,9118763,8236,NaN,6317,3172,6316,20,NaN,NaN,8334248,6696920,6303,298496,43520,14,388064
2026-04-01 14:01:17.300,58200,ESTAB,bbr,232,28.879,0.158,20.083,1448,36,52128,26064,9330171,9309899,8236,NaN,6449,3238,6448,20,NaN,NaN,8307760,6689504,6435,298496,43520,14,231569
2026-04-01 14:01:17.529,58200,ESTAB,bbr,232,30.004,0.877,20.083,1448,36,52128,26064,9525651,9501035,8236,NaN,6584,3304,6583,20,NaN,NaN,8318016,6693288,6567,298496,43520,17,36089
2026-04-01 14:01:17.758,58200,ESTAB,bbr,232,28.946,0.204,20.083,1448,36,52128,26064,9561740,9561740,8236,NaN,6609,3325,6608,20,NaN,NaN,8318016,6690360,6609,298496,43520,NaN,NaN
2026-04-01 14:01:17.985,58200,ESTAB,bbr,232,28.946,0.204,20.083,1448,36,52128,26064,9561740,9561740,8236,NaN,6609,3325,6608,20,NaN,NaN,8318016,6690360,6609,298496,43520,NaN,NaN
2026-04-01 14:01:18.220,58200,ESTAB,bbr,232,28.946,0.204,20.083,1448,36,52128,26064,9561740,9561740,8236,NaN,6609,3325,6608,20,NaN,NaN,8318016,6690360,6609,298496,43520,NaN,NaN
2026-04-01 14:01:18.465,58200,ESTAB,bbr,232,28.946,0.204,20.083,1448,36,52128,26064,9561740,9561740,8236,NaN,6609,3325,6608,20,NaN,NaN,8318016,6690360,6609,298496,43520,NaN,NaN
2026-04-01 14:01:18.711,58200,ESTAB,bbr,232,28.946,0.204,20.083,1448,36,52128,26064,9561740,9561740,8236,NaN,6609,3325,6608,20,NaN,NaN,8318016,6690360,6609,298496,43520,NaN,NaN
2026-04-01 14:01:18.947,58200,ESTAB,bbr,232,30.156,0.627,20.083,1448,36,52128,26064,9709423,9686255,9060,NaN,6711,3370,6710,22,NaN,NaN,8349624,6694744,6695,298496,43520,16,509696
2026-04-01 14:01:19.189,58200,ESTAB,bbr,232,28.713,0.154,20.083,1448,36,52128,26064,9910695,9888975,9060,NaN,6850,3440,6849,22,NaN,NaN,8323992,6696168,6835,298496,43520,15,547314
2026-04-01 14:01:19.429,58200,ESTAB,bbr,232,30.256,0.476,20.083,1448,36,52128,26064,10111967,10088799,9060,NaN,6989,3509,6988,22,NaN,NaN,8323992,5865952,6973,298496,43520,16,346042
2026-04-01 14:01:19.670,58200,ESTAB,bbr,232,28.385,0.236,20.083,1448,36,52128,26064,10316135,10291519,9060,NaN,7130,3579,7129,22,NaN,NaN,8326560,6072472,7113,298496,43520,17,141874
2026-04-01 14:01:19.905,58200,ESTAB,bbr,232,29.969,0.869,20.083,1448,36,52128,26064,10458009,10456591,9060,NaN,7228,3636,7227,22,NaN,NaN,8340232,6695952,7227,298496,43520,1,NaN
2026-04-01 14:01:20.132,58200,ESTAB,bbr,236,34.975,10.665,20.083,1448,36,52128,26064,10458009,10458009,9060,NaN,7228,3637,7227,22,NaN,NaN,8340232,2791080,7228,298496,43520,NaN,NaN
2026-04-01 14:01:20.376,58200,ESTAB,bbr,236,34.975,10.665,20.083,1448,36,52128,26064,10458009,10458009,9060,NaN,7228,3637,7227,22,NaN,NaN,8340232,2791080,7228,298496,43520,NaN,NaN
2026-04-01 14:01:20.612,58200,ESTAB,bbr,236,34.975,10.665,20.083,1448,36,52128,26064,10458009,10458009,9060,NaN,7228,3637,7227,22,NaN,NaN,8340232,2791080,7228,298496,43520,NaN,NaN
2026-04-01 14:01:20.848,58200,ESTAB,bbr,228,27.164,6.308,20.083,1448,36,52128,26064,10501436,10478268,9884,NaN,7258,3647,7257,24,NaN,NaN,8340232,3546120,7242,298496,43520,16,613952
2026-04-01 14:01:21.094,58200,ESTAB,bbr,232,28.985,1.002,20.083,1448,36,52128,26064,10699812,10675196,9884,NaN,7395,3715,7394,24,NaN,NaN,8360736,6283272,7378,298496,43520,17,415576
2026-04-01 14:01:21.331,58200,ESTAB,bbr,232,28.967,0.34,20.083,1448,36,52128,26064,10903980,10880812,9884,NaN,7536,3786,7535,24,NaN,NaN,8346208,6718824,7520,298496,43520,16,472048
2026-04-01 14:01:21.572,58200,ESTAB,bbr,232,29.711,1.087,20.083,1448,36,52128,26064,11105252,11080636,9884,NaN,7675,3855,7674,24,NaN,NaN,8346208,6701760,7658,298496,43520,17,531416
2026-04-01 14:01:21.810,58200,ESTAB,bbr,232,28.897,0.211,20.083,1448,36,52128,26064,11306524,11283356,9884,NaN,7814,3925,7813,24,NaN,NaN,8335104,6681576,7798,298496,43520,16,409557
2026-04-01 14:01:22.039,58200,ESTAB,bbr,232,29.385,1.122,20.083,1448,36,52128,26064,11496212,11471596,9884,NaN,7945,3990,7944,24,NaN,NaN,8335104,6689904,7928,298496,43520,17,219869
2026-04-01 14:01:22.263,58200,ESTAB,bbr,232,29.001,0.329,20.083,1448,36,52128,26064,11685900,11662732,9884,NaN,8076,4056,8075,24,NaN,NaN,8336808,6681144,8060,298496,43520,16,30181
2026-04-01 14:01:22.486,58200,ESTAB,bbr,232,28.768,0.789,20.083,1448,36,52128,26064,11716081,11716081,9884,NaN,8097,4074,8096,24,NaN,NaN,8346208,6673032,8097,298496,43520,NaN,NaN
2026-04-01 14:01:22.719,58200,ESTAB,bbr,232,28.768,0.789,20.083,1448,36,52128,26064,11716081,11716081,9884,NaN,8097,4074,8096,24,NaN,NaN,8346208,6673032,8097,298496,43520,NaN,NaN
2026-04-01 14:01:22.947,58200,ESTAB,bbr,228,27.727,1.228,20.083,1448,38,55024,26064,11818876,11794260,10708,NaN,8168,4103,8167,26,NaN,NaN,8346208,6065112,8151,298496,43520,17,554584
2026-04-01 14:01:23.185,58200,ESTAB,bbr,232,29.537,0.58,20.083,1448,38,55024,26064,12011460,11988292,10708,NaN,8301,4170,8300,26,NaN,NaN,8334248,6686768,8285,298496,43520,16,622640
2026-04-01 14:01:23.417,58200,ESTAB,bbr,232,28.108,0.221,20.083,1448,38,55024,26064,12209836,12188116,10708,NaN,8438,4239,8437,26,NaN,NaN,8363296,5994112,8423,298496,43520,15,424264
2026-04-01 14:01:23.649,58200,ESTAB,bbr,232,29.545,0.533,20.083,1448,38,55024,26064,12405316,12379252,10708,NaN,8573,4305,8572,26,NaN,NaN,8423112,6689664,8555,298496,43520,18,489424
2026-04-01 14:01:23.877,58200,ESTAB,bbr,232,28.384,0.189,20.083,1448,38,55024,26064,12595004,12570388,10708,NaN,8704,4371,8703,26,NaN,NaN,8341936,5821104,8687,298496,43520,17,317237
2026-04-01 14:01:24.112,58200,ESTAB,bbr,232,29.893,0.463,20.083,1448,38,55024,26064,12790484,12767316,10708,NaN,8839,4439,8838,26,NaN,NaN,8313744,6521832,8823,298496,43520,16,121757
2026-04-01 14:01:24.354,58200,ESTAB,bbr,236,33.589,9.371,20.083,1448,38,55024,26064,12912241,12912241,10708,NaN,8924,4490,8923,26,NaN,NaN,8353896,2288976,8924,298496,43520,NaN,NaN
2026-04-01 14:01:24.591,58200,ESTAB,bbr,236,33.589,9.371,20.083,1448,38,55024,26064,12912241,12912241,10708,NaN,8924,4490,8923,26,NaN,NaN,8353896,2288976,8924,298496,43520,NaN,NaN
2026-04-01 14:01:24.828,58200,ESTAB,bbr,236,33.589,9.371,20.083,1448,38,55024,26064,12912241,12912241,10708,NaN,8924,4490,8923,26,NaN,NaN,8353896,2288976,8924,298496,43520,NaN,NaN
2026-04-01 14:01:25.062,58200,ESTAB,bbr,232,29.13,0.55,20.083,1448,36,52128,26064,13085988,13062820,11532,NaN,9044,4545,9043,28,NaN,NaN,8347064,6703488,9028,298496,43520,16,483632
2026-04-01 14:01:25.290,58200,ESTAB,bbr,232,28.538,0.449,20.083,1448,36,52128,26064,13278572,13253956,11532,NaN,9177,4611,9176,28,NaN,NaN,8351336,6228584,9160,298496,43520,17,551688
2026-04-01 14:01:25.516,58200,ESTAB,bbr,232,29.848,0.429,20.083,1448,36,52128,26064,13465364,13442196,11532,NaN,9306,4676,9305,28,NaN,NaN,8324848,6530104,9290,298496,43520,16,625536
2026-04-01 14:01:25.744,58200,ESTAB,bbr,232,28.824,0.08,20.083,1448,36,52128,26064,13657948,13633332,11532,NaN,9439,4742,9438,28,NaN,NaN,8332536,6706288,9422,298496,43520,17,432952
2026-04-01 14:01:25.972,58200,ESTAB,bbr,232,30.313,0.426,20.083,1448,36,52128,26064,13847636,13821572,11532,NaN,9570,4807,9569,28,NaN,NaN,8332536,6690152,9552,298496,43520,18,285577
2026-04-01 14:01:26.199,58200,ESTAB,bbr,232,28.764,0.118,20.083,1448,36,52128,26064,14037324,14012708,11532,NaN,9701,4873,9700,28,NaN,NaN,8319720,6704992,9684,298496,43520,17,95889
2026-04-01 14:01:26.427,58200,ESTAB,bbr,232,28.657,0.216,20.083,1448,36,52128,26064,14133213,14133213,11532,NaN,9768,4915,9767,28,NaN,NaN,8315448,6301424,9768,298496,43520,NaN,NaN
2026-04-01 14:01:26.658,58200,ESTAB,bbr,232,28.657,0.216,20.083,1448,36,52128,26064,14133213,14133213,11532,NaN,9768,4915,9767,28,NaN,NaN,8315448,6301424,9768,298496,43520,NaN,NaN
2026-04-01 14:01:26.896,58200,ESTAB,bbr,228,27.829,0.417,20.083,1448,36,52128,26064,14136096,14136096,11940,NaN,9770,4917,9769,29,NaN,NaN,8315448,6301424,9770,298496,43520,NaN,NaN
2026-04-01 14:01:27.129,58200,ESTAB,bbr,232,28.92,0.162,20.083,1448,36,52128,26064,14333024,14309856,12356,NaN,9906,4978,9905,30,NaN,NaN,8320576,6668328,9890,298496,43520,16,457568
2026-04-01 14:01:27.359,58200,ESTAB,bbr,232,29.941,0.853,20.083,1448,36,52128,26064,14528504,14503888,12356,NaN,10041,5045,10040,30,NaN,NaN,8331688,6694744,10024,298496,43520,17,522728
2026-04-01 14:01:27.589,58200,ESTAB,bbr,232,28.936,0.221,20.083,1448,36,52128,26064,14718192,14695024,12356,NaN,10172,5111,10171,30,NaN,NaN,8331688,6692944,10156,298496,43520,16,502698
2026-04-01 14:01:27.818,58200,ESTAB,bbr,232,29.72,1.109,20.083,1448,36,52128,26064,14910776,14886160,12356,NaN,10305,5177,10304,30,NaN,NaN,8317160,6694984,10288,298496,43520,17,310114
2026-04-01 14:01:28.050,58200,ESTAB,bbr,232,29.013,0.311,20.083,1448,36,52128,26064,15106256,15080192,12356,NaN,10440,5244,10439,30,NaN,NaN,8329976,6731616,10422,298496,43520,18,114634
2026-04-01 14:01:28.283,58200,ESTAB,bbr,232,28.677,0.293,20.083,1448,36,52128,26064,15220890,15220890,12356,NaN,10520,5293,10519,30,NaN,NaN,8331688,6301640,10520,298496,43520,NaN,NaN
2026-04-01 14:01:28.518,58200,ESTAB,bbr,232,28.677,0.293,20.083,1448,36,52128,26064,15220890,15220890,12356,NaN,10520,5293,10519,30,NaN,NaN,8331688,6301640,10520,298496,43520,NaN,NaN
2026-04-01 14:01:28.758,58200,ESTAB,bbr,232,28.677,0.293,20.083,1448,36,52128,26064,15220890,15220890,12356,NaN,10520,5293,10519,30,NaN,NaN,8331688,6301640,10520,298496,43520,NaN,NaN
2026-04-01 14:01:28.992,58200,ESTAB,bbr,228,25.687,1.384,20.083,1448,36,52128,26064,15287485,15264317,13180,NaN,10566,5310,10565,32,NaN,NaN,8338520,6738360,10550,298496,43520,16,590784
2026-04-01 14:01:29.222,58200,ESTAB,bbr,232,29.806,1.022,20.083,1448,36,52128,26064,15480069,15455453,13180,NaN,10699,5376,10698,32,NaN,NaN,8338520,6708064,10682,298496,43520,17,398200
2026-04-01 14:01:29.458,58200,ESTAB,bbr,232,28.86,0.23,20.083,1448,36,52128,26064,15678445,15652381,13180,NaN,10836,5444,10835,32,NaN,NaN,8324848,6700896,10818,298496,43520,18,460464
2026-04-01 14:01:29.693,58200,ESTAB,bbr,232,29.883,0.927,20.083,1448,36,52128,26064,15873925,15849309,13180,NaN,10971,5512,10970,32,NaN,NaN,8324848,6705880,10954,298496,43520,17,412484
2026-04-01 14:01:29.923,58200,ESTAB,bbr,232,28.897,0.229,20.083,1448,36,52128,26064,16066509,16043341,13180,NaN,11104,5579,11103,32,NaN,NaN,8324848,6694232,11088,298496,43520,16,219900
2026-04-01 14:01:30.152,58200,ESTAB,bbr,232,29.692,1.074,20.083,1448,36,52128,26064,16259093,16234477,13180,NaN,11237,5645,11236,32,NaN,NaN,8324848,6709280,11220,298496,43520,17,27316
2026-04-01 14:01:30.392,58200,ESTAB,bbr,232,29.077,0.464,20.083,1448,36,52128,26064,16286409,16286409,13180,NaN,11256,5663,11255,32,NaN,NaN,8324848,6691440,11256,298496,43520,NaN,NaN
2026-04-01 14:01:30.629,58200,ESTAB,bbr,232,29.077,0.464,20.083,1448,36,52128,26064,16286409,16286409,13180,NaN,11256,5663,11255,32,NaN,NaN,8324848,6691440,11256,298496,43520,NaN,NaN
2026-04-01 14:01:30.858,58200,ESTAB,bbr,232,29.077,0.464,20.083,1448,36,52128,26064,16286409,16286409,13180,NaN,11256,5663,11255,32,NaN,NaN,8324848,6691440,11256,298496,43520,NaN,NaN
2026-04-01 14:01:31.087,58200,ESTAB,bbr,232,29.613,1.401,20.083,1448,36,52128,26064,16415268,16390652,14004,NaN,11345,5701,11344,34,NaN,NaN,8329976,6725592,11328,298496,43520,17,453118
2026-04-01 14:01:31.315,58200,ESTAB,bbr,232,28.954,0.325,20.083,1448,36,52128,26064,16604956,16581788,14004,NaN,11476,5767,11475,34,NaN,NaN,8325704,6724672,11460,298496,43520,16,263430
2026-04-01 14:01:31.544,58200,ESTAB,bbr,232,29.456,1.234,20.083,1448,36,52128,26064,16797540,16772924,14004,NaN,11609,5833,11608,34,NaN,NaN,8321432,6708312,11592,298496,43520,17,70846
2026-04-01 14:01:31.783,58200,ESTAB,bbr,232,28.854,0.088,20.083,1448,36,52128,26064,16868386,16868386,14004,NaN,11658,5866,11657,34,NaN,NaN,8314592,6671736,11658,298496,43520,NaN,NaN
2026-04-01 14:01:32.039,58200,ESTAB,bbr,232,28.854,0.088,20.083,1448,36,52128,26064,16868386,16868386,14004,NaN,11658,5866,11657,34,NaN,NaN,8314592,6671736,11658,298496,43520,NaN,NaN
2026-04-01 14:01:32.300,58200,ESTAB,bbr,232,28.854,0.088,20.083,1448,36,52128,26064,16868386,16868386,14004,NaN,11658,5866,11657,34,NaN,NaN,8314592,6671736,11658,298496,43520,NaN,NaN
2026-04-01 14:01:32.557,58200,ESTAB,bbr,232,28.854,0.088,20.083,1448,36,52128,26064,16868386,16868386,14004,NaN,11658,5866,11657,34,NaN,NaN,8314592,6671736,11658,298496,43520,NaN,NaN
2026-04-01 14:01:32.807,58200,ESTAB,bbr,232,28.854,0.088,20.083,1448,36,52128,26064,16868386,16868386,14004,NaN,11658,5866,11657,34,NaN,NaN,8314592,6671736,11658,298496,43520,NaN,NaN
2026-04-01 14:01:33.059,58200,ESTAB,bbr,228,25.635,1.371,20.083,1448,36,52128,26064,16937877,16911813,14828,NaN,11706,5883,11705,36,NaN,NaN,8329120,6678816,11688,298496,43520,18,587888
2026-04-01 14:01:33.303,58200,ESTAB,bbr,232,30.193,0.66,20.083,1448,36,52128,26064,17140597,17117429,14828,NaN,11846,5954,11845,36,NaN,NaN,8394056,6694496,11830,298496,43520,16,385168
2026-04-01 14:01:33.552,58200,ESTAB,bbr,232,28.795,0.051,20.083,1448,36,52128,26064,17353453,17328837,14828,NaN,11993,6027,11992,36,NaN,NaN,8355608,6696376,11976,298496,43520,17,432952
2026-04-01 14:01:33.785,58200,ESTAB,bbr,232,30.366,0.298,20.083,1448,36,52128,26064,17548933,17525765,14828,NaN,12128,6095,12127,36,NaN,NaN,8355608,5866584,12112,298496,43520,16,446665
2026-04-01 14:01:34.031,58200,ESTAB,bbr,232,28.364,0.17,20.083,1448,36,52128,26064,17747309,17725589,14828,NaN,12265,6164,12264,36,NaN,NaN,8310320,5943176,12250,298496,43520,15,248289
2026-04-01 14:01:34.286,58200,ESTAB,bbr,232,29.012,0.34,20.083,1448,36,52128,26064,17968853,17942789,14828,NaN,12418,6239,12417,36,NaN,NaN,8326560,6705856,12400,298496,43520,18,26745
2026-04-01 14:01:34.527,58200,ESTAB,bbr,236,33.659,10.444,20.083,1448,36,52128,26064,17995598,17995598,14828,NaN,12437,6258,12436,36,NaN,NaN,8345352,2789544,12437,298496,43520,NaN,NaN
2026-04-01 14:01:34.767,58200,ESTAB,bbr,236,33.659,10.444,20.083,1448,36,52128,26064,17995598,17995598,14828,NaN,12437,6258,12436,36,NaN,NaN,8345352,2789544,12437,298496,43520,NaN,NaN
2026-04-01 14:01:35.018,58200,ESTAB,bbr,232,30.717,10.419,20.083,1448,36,52128,26064,17998481,17998481,15652,NaN,12439,6262,12438,38,NaN,NaN,8345352,2789544,12439,298496,43520,NaN,NaN
2026-04-01 14:01:35.247,58200,ESTAB,bbr,232,28.843,0.147,20.083,1448,36,52128,26064,18199753,18178033,15652,NaN,12578,6324,12577,38,NaN,NaN,8329976,6695304,12563,298496,43520,15,453224
2026-04-01 14:01:35.481,58200,ESTAB,bbr,232,30.033,0.881,20.083,1448,36,52128,26064,18390889,18366273,15652,NaN,12710,6389,12709,38,NaN,NaN,8335960,6696920,12693,298496,43520,17,514067
2026-04-01 14:01:35.740,58200,ESTAB,bbr,232,28.844,0.07,20.083,1448,36,52128,26064,18610985,18586369,15652,NaN,12862,6465,12861,38,NaN,NaN,8317160,6697240,12845,298496,43520,17,293971
2026-04-01 14:01:36.001,58200,ESTAB,bbr,232,29.136,0.461,20.083,1448,36,52128,26064,18823841,18797777,15652,NaN,13009,6538,13008,38,NaN,NaN,8318864,6677936,12991,298496,43520,18,81115
2026-04-01 14:01:36.247,58200,ESTAB,bbr,236,35.505,10.808,20.083,1448,36,52128,26064,18904956,18904956,15652,NaN,13066,6576,13065,38,NaN,NaN,8319720,2643504,13066,298496,43520,NaN,NaN
2026-04-01 14:01:36.490,58200,ESTAB,bbr,236,35.505,10.808,20.083,1448,36,52128,26064,18904956,18904956,15652,NaN,13066,6576,13065,38,NaN,NaN,8319720,2643504,13066,298496,43520,NaN,NaN
2026-04-01 14:01:36.743,58200,ESTAB,bbr,236,35.505,10.808,20.083,1448,36,52128,26064,18904956,18904956,15652,NaN,13066,6576,13065,38,NaN,NaN,8319720,2643504,13066,298496,43520,NaN,NaN
2026-04-01 14:01:36.980,58200,ESTAB,bbr,236,35.505,10.808,20.083,1448,36,52128,26064,18904956,18904956,15652,NaN,13066,6576,13065,38,NaN,NaN,8319720,2643504,13066,298496,43520,NaN,NaN
2026-04-01 14:01:37.204,58200,ESTAB,bbr,232,30.169,0.651,20.083,1448,36,52128,26064,19058431,19032367,16476,NaN,13172,6623,13171,40,NaN,NaN,8324848,6677136,13154,298496,43520,18,503904
2026-04-01 14:01:37.442,58200,ESTAB,bbr,232,28.831,0.106,20.083,1448,36,52128,26064,19253911,19229295,16476,NaN,13307,6691,13306,40,NaN,NaN,8316304,6694872,13290,298496,43520,17,569064
2026-04-01 14:01:37.694,58200,ESTAB,bbr,232,29.341,0.55,20.083,1448,36,52128,26064,19463871,19440703,16476,NaN,13452,6764,13451,40,NaN,NaN,8318016,6691008,13436,298496,43520,16,601314
2026-04-01 14:01:37.924,58200,ESTAB,bbr,232,28.539,0.442,20.083,1448,36,52128,26064,19659351,19637631,16476,NaN,13587,6832,13586,40,NaN,NaN,8331688,6223352,13572,298496,43520,15,405834
2026-04-01 14:01:38.167,58200,ESTAB,bbr,232,28.467,0.811,20.083,1448,36,52128,26064,19857727,19834559,16476,NaN,13724,6900,13723,40,NaN,NaN,8323136,6586024,13708,298496,43520,16,207458
2026-04-01 14:01:38.416,58200,ESTAB,bbr,232,28.625,0.218,20.083,1448,36,52128,26064,20065185,20050311,16476,NaN,13868,6974,13867,40,NaN,NaN,8393208,6710384,13857,298496,43520,11,NaN
2026-04-01 14:01:38.647,58200,ESTAB,bbr,232,29.008,0.435,20.083,1448,36,52128,26064,20244737,20218673,16892,NaN,13992,7033,13991,41,NaN,NaN,8393208,6684784,13974,298496,43520,18,474944
2026-04-01 14:01:38.884,58200,ESTAB,bbr,232,29.466,1.199,20.083,1448,36,52128,26064,20443113,20418497,16892,NaN,14129,7102,14128,41,NaN,NaN,8366720,6684360,14112,298496,43520,17,391348
2026-04-01 14:01:39.119,47914,ESTAB,bbr,224,22.479,6.779,20.818,1448,12,17376,NaN,2883,2883,408,NaN,4,5,2,1,NaN,NaN,14590080,1023224,3,48640,43520,NaN,NaN
2026-04-01 14:01:39.372,47914,ESTAB,bbr,224,22.479,6.779,20.818,1448,12,17376,NaN,2883,2883,408,NaN,4,5,2,1,NaN,NaN,14590080,1023224,3,48640,43520,NaN,NaN
2026-04-01 14:01:39.615,47914,ESTAB,bbr,224,22.479,6.779,20.818,1448,12,17376,NaN,2883,2883,408,NaN,4,5,2,1,NaN,NaN,14590080,1023224,3,48640,43520,NaN,NaN
2026-04-01 14:01:39.862,47914,ESTAB,bbr,224,22.479,6.779,20.818,1448,12,17376,NaN,2883,2883,408,NaN,4,5,2,1,NaN,NaN,14590080,1023224,3,48640,43520,NaN,NaN
2026-04-01 14:01:40.108,47914,ESTAB,bbr,224,22.479,6.779,20.818,1448,12,17376,NaN,2883,2883,408,NaN,4,5,2,1,NaN,NaN,14590080,1023224,3,48640,43520,NaN,NaN
2026-04-01 14:01:40.358,47914,ESTAB,bbr,224,22.479,6.779,20.818,1448,12,17376,NaN,2883,2883,408,NaN,4,5,2,1,NaN,NaN,14590080,1023224,3,48640,43520,NaN,NaN
2026-04-01 14:01:40.603,47914,ESTAB,bbr,224,22.479,6.779,20.818,1448,12,17376,NaN,2883,2883,408,NaN,4,5,2,1,NaN,NaN,14590080,1023224,3,48640,43520,NaN,NaN
2026-04-01 14:01:40.850,47914,ESTAB,bbr,224,22.479,6.779,20.818,1448,12,17376,NaN,2883,2883,408,NaN,4,5,2,1,NaN,NaN,14590080,1023224,3,48640,43520,NaN,NaN
2026-04-01 14:01:41.093,47914,ESTAB,bbr,224,22.479,6.779,20.818,1448,12,17376,NaN,2883,2883,408,NaN,4,5,2,1,NaN,NaN,14590080,1023224,3,48640,43520,NaN,NaN
2026-04-01 14:01:41.334,47914,ESTAB,bbr,224,22.479,6.779,20.818,1448,12,17376,NaN,2883,2883,408,NaN,4,5,2,1,NaN,NaN,14590080,1023224,3,48640,43520,NaN,NaN
2026-04-01 14:01:41.583,47914,ESTAB,bbr,224,22.479,6.779,20.818,1448,12,17376,NaN,2883,2883,408,NaN,4,5,2,1,NaN,NaN,14590080,1023224,3,48640,43520,NaN,NaN
2026-04-01 14:01:41.827,47914,ESTAB,bbr,224,22.479,6.779,20.818,1448,12,17376,NaN,2883,2883,408,NaN,4,5,2,1,NaN,NaN,14590080,1023224,3,48640,43520,NaN,NaN
2026-04-01 14:01:42.065,47914,ESTAB,bbr,224,22.479,6.779,20.818,1448,12,17376,NaN,2883,2883,408,NaN,4,5,2,1,NaN,NaN,14590080,1023224,3,48640,43520,NaN,NaN
2026-04-01 14:01:42.311,47914,ESTAB,bbr,224,22.479,6.779,20.818,1448,12,17376,NaN,2883,2883,408,NaN,4,5,2,1,NaN,NaN,14590080,1023224,3,48640,43520,NaN,NaN
2026-04-01 14:01:42.544,47914,ESTAB,bbr,224,22.479,6.779,20.818,1448,12,17376,NaN,2883,2883,408,NaN,4,5,2,1,NaN,NaN,14590080,1023224,3,48640,43520,NaN,NaN
2026-04-01 14:01:42.787,47914,ESTAB,bbr,224,22.479,6.779,20.818,1448,12,17376,NaN,2883,2883,408,NaN,4,5,2,1,NaN,NaN,14590080,1023224,3,48640,43520,NaN,NaN
2026-04-01 14:01:43.029,47914,ESTAB,bbr,224,22.479,6.779,20.818,1448,12,17376,NaN,2883,2883,408,NaN,4,5,2,1,NaN,NaN,14590080,1023224,3,48640,43520,NaN,NaN
2026-04-01 14:01:43.267,47914,ESTAB,bbr,224,22.479,6.779,20.818,1448,12,17376,NaN,2883,2883,408,NaN,4,5,2,1,NaN,NaN,14590080,1023224,3,48640,43520,NaN,NaN
2026-04-01 14:01:43.507,47914,ESTAB,bbr,224,22.479,6.779,20.818,1448,12,17376,NaN,2883,2883,408,NaN,4,5,2,1,NaN,NaN,14590080,1023224,3,48640,43520,NaN,NaN
2026-04-01 14:01:43.740,47914,ESTAB,bbr,224,22.479,6.779,20.818,1448,12,17376,NaN,2883,2883,408,NaN,4,5,2,1,NaN,NaN,14590080,1023224,3,48640,43520,NaN,NaN
2026-04-01 14:01:43.981,47914,ESTAB,bbr,224,22.479,6.779,20.818,1448,12,17376,NaN,2883,2883,408,NaN,4,5,2,1,NaN,NaN,14590080,1023224,3,48640,43520,NaN,NaN
2026-04-01 14:01:44.222,47914,ESTAB,bbr,224,22.479,6.779,20.818,1448,12,17376,NaN,2883,2883,408,NaN,4,5,2,1,NaN,NaN,14590080,1023224,3,48640,43520,NaN,NaN
2026-04-01 14:01:44.461,47914,ESTAB,bbr,224,22.479,6.779,20.818,1448,12,17376,NaN,2883,2883,408,NaN,4,5,2,1,NaN,NaN,14590080,1023224,3,48640,43520,NaN,NaN
2026-04-01 14:01:44.702,47914,ESTAB,bbr,224,22.479,6.779,20.818,1448,12,17376,NaN,2883,2883,408,NaN,4,5,2,1,NaN,NaN,14590080,1023224,3,48640,43520,NaN,NaN
2026-04-01 14:01:44.941,47914,ESTAB,bbr,224,22.479,6.779,20.818,1448,12,17376,NaN,2883,2883,408,NaN,4,5,2,1,NaN,NaN,14590080,1023224,3,48640,43520,NaN,NaN
2026-04-01 14:01:45.161,47914,ESTAB,bbr,224,22.479,6.779,20.818,1448,12,17376,NaN,2883,2883,408,NaN,4,5,2,1,NaN,NaN,14590080,1023224,3,48640,43520,NaN,NaN
2026-04-01 14:01:45.396,47914,ESTAB,bbr,224,22.479,6.779,20.818,1448,12,17376,NaN,2883,2883,408,NaN,4,5,2,1,NaN,NaN,14590080,1023224,3,48640,43520,NaN,NaN
2026-04-01 14:01:45.659,47914,ESTAB,bbr,224,22.479,6.779,20.818,1448,12,17376,NaN,2883,2883,408,NaN,4,5,2,1,NaN,NaN,14590080,1023224,3,48640,43520,NaN,NaN
2026-04-01 14:01:45.909,47914,ESTAB,bbr,224,22.479,6.779,20.818,1448,12,17376,NaN,2883,2883,408,NaN,4,5,2,1,NaN,NaN,14590080,1023224,3,48640,43520,NaN,NaN
2026-04-01 14:01:46.139,47914,ESTAB,bbr,224,22.479,6.779,20.818,1448,12,17376,NaN,2883,2883,408,NaN,4,5,2,1,NaN,NaN,14590080,1023224,3,48640,43520,NaN,NaN
2026-04-01 14:01:46.388,47914,ESTAB,bbr,224,22.479,6.779,20.818,1448,12,17376,NaN,2883,2883,408,NaN,4,5,2,1,NaN,NaN,14590080,1023224,3,48640,43520,NaN,NaN
2026-04-01 14:01:46.636,47914,ESTAB,bbr,224,22.479,6.779,20.818,1448,12,17376,NaN,2883,2883,408,NaN,4,5,2,1,NaN,NaN,14590080,1023224,3,48640,43520,NaN,NaN
2026-04-01 14:01:46.883,47914,ESTAB,bbr,224,22.479,6.779,20.818,1448,12,17376,NaN,2883,2883,408,NaN,4,5,2,1,NaN,NaN,14590080,1023224,3,48640,43520,NaN,NaN
2026-04-01 14:01:47.131,47914,ESTAB,bbr,224,22.479,6.779,20.818,1448,12,17376,NaN,2883,2883,408,NaN,4,5,2,1,NaN,NaN,14590080,1023224,3,48640,43520,NaN,NaN
2026-04-01 14:01:47.381,47914,ESTAB,bbr,224,22.479,6.779,20.818,1448,12,17376,NaN,2883,2883,408,NaN,4,5,2,1,NaN,NaN,14590080,1023224,3,48640,43520,NaN,NaN
2026-04-01 14:01:47.637,47914,ESTAB,bbr,224,22.479,6.779,20.818,1448,12,17376,NaN,2883,2883,408,NaN,4,5,2,1,NaN,NaN,14590080,1023224,3,48640,43520,NaN,NaN
2026-04-01 14:01:47.892,47914,ESTAB,bbr,224,22.479,6.779,20.818,1448,12,17376,NaN,2883,2883,408,NaN,4,5,2,1,NaN,NaN,14590080,1023224,3,48640,43520,NaN,NaN
2026-04-01 14:01:48.129,47914,ESTAB,bbr,224,22.479,6.779,20.818,1448,12,17376,NaN,2883,2883,408,NaN,4,5,2,1,NaN,NaN,14590080,1023224,3,48640,43520,NaN,NaN
2026-04-01 14:01:48.387,47914,ESTAB,bbr,224,22.479,6.779,20.818,1448,12,17376,NaN,2883,2883,408,NaN,4,5,2,1,NaN,NaN,14590080,1023224,3,48640,43520,NaN,NaN
2026-04-01 14:01:48.634,47914,ESTAB,bbr,224,22.479,6.779,20.818,1448,12,17376,NaN,2883,2883,408,NaN,4,5,2,1,NaN,NaN,14590080,1023224,3,48640,43520,NaN,NaN
2026-04-01 14:01:48.884,47914,ESTAB,bbr,224,22.479,6.779,20.818,1448,12,17376,NaN,2883,2883,408,NaN,4,5,2,1,NaN,NaN,14590080,1023224,3,48640,43520,NaN,NaN
2026-04-01 14:01:49.123,47914,ESTAB,bbr,224,22.479,6.779,20.818,1448,12,17376,NaN,2883,2883,408,NaN,4,5,2,1,NaN,NaN,14590080,1023224,3,48640,43520,NaN,NaN
2026-04-01 14:01:49.358,47914,ESTAB,bbr,224,22.479,6.779,20.818,1448,12,17376,NaN,2883,2883,408,NaN,4,5,2,1,NaN,NaN,14590080,1023224,3,48640,43520,NaN,NaN
2026-04-01 14:01:49.609,47914,ESTAB,bbr,224,22.479,6.779,20.818,1448,12,17376,NaN,2883,2883,408,NaN,4,5,2,1,NaN,NaN,14590080,1023224,3,48640,43520,NaN,NaN
2026-04-01 14:01:49.840,47914,ESTAB,bbr,224,22.479,6.779,20.818,1448,12,17376,NaN,2883,2883,408,NaN,4,5,2,1,NaN,NaN,14590080,1023224,3,48640,43520,NaN,NaN
2026-04-01 14:01:50.070,47914,ESTAB,bbr,224,22.479,6.779,20.818,1448,12,17376,NaN,2883,2883,408,NaN,4,5,2,1,NaN,NaN,14590080,1023224,3,48640,43520,NaN,NaN
2026-04-01 14:01:50.299,47914,ESTAB,bbr,224,22.479,6.779,20.818,1448,12,17376,NaN,2883,2883,408,NaN,4,5,2,1,NaN,NaN,14590080,1023224,3,48640,43520,NaN,NaN
2026-04-01 14:01:50.550,47914,ESTAB,bbr,224,22.479,6.779,20.818,1448,12,17376,NaN,2883,2883,408,NaN,4,5,2,1,NaN,NaN,14590080,1023224,3,48640,43520,NaN,NaN
2026-04-01 14:01:50.788,47914,ESTAB,bbr,224,22.479,6.779,20.818,1448,12,17376,NaN,2883,2883,408,NaN,4,5,2,1,NaN,NaN,14590080,1023224,3,48640,43520,NaN,NaN
2026-04-01 14:01:51.035,47914,ESTAB,bbr,224,22.479,6.779,20.818,1448,12,17376,NaN,2883,2883,408,NaN,4,5,2,1,NaN,NaN,14590080,1023224,3,48640,43520,NaN,NaN
2026-04-01 14:01:51.275,47914,ESTAB,bbr,224,22.479,6.779,20.818,1448,12,17376,NaN,2883,2883,408,NaN,4,5,2,1,NaN,NaN,14590080,1023224,3,48640,43520,NaN,NaN
2026-04-01 14:01:51.511,47914,ESTAB,bbr,224,22.479,6.779,20.818,1448,12,17376,NaN,2883,2883,408,NaN,4,5,2,1,NaN,NaN,14590080,1023224,3,48640,43520,NaN,NaN
2026-04-01 14:01:51.752,47914,ESTAB,bbr,224,22.479,6.779,20.818,1448,12,17376,NaN,2883,2883,408,NaN,4,5,2,1,NaN,NaN,14590080,1023224,3,48640,43520,NaN,NaN
2026-04-01 14:01:52.004,47914,ESTAB,bbr,224,22.479,6.779,20.818,1448,12,17376,NaN,2883,2883,408,NaN,4,5,2,1,NaN,NaN,14590080,1023224,3,48640,43520,NaN,NaN
2026-04-01 14:01:52.248,47914,ESTAB,bbr,224,22.479,6.779,20.818,1448,12,17376,NaN,2883,2883,408,NaN,4,5,2,1,NaN,NaN,14590080,1023224,3,48640,43520,NaN,NaN
2026-04-01 14:01:52.478,47914,ESTAB,bbr,224,22.479,6.779,20.818,1448,12,17376,NaN,2883,2883,408,NaN,4,5,2,1,NaN,NaN,14590080,1023224,3,48640,43520,NaN,NaN
2026-04-01 14:01:52.711,47914,ESTAB,bbr,224,22.479,6.779,20.818,1448,12,17376,NaN,2883,2883,408,NaN,4,5,2,1,NaN,NaN,14590080,1023224,3,48640,43520,NaN,NaN
2026-04-01 14:01:52.950,47914,ESTAB,bbr,224,22.479,6.779,20.818,1448,12,17376,NaN,2883,2883,408,NaN,4,5,2,1,NaN,NaN,14590080,1023224,3,48640,43520,NaN,NaN
2026-04-01 14:01:53.198,47914,ESTAB,bbr,224,22.479,6.779,20.818,1448,12,17376,NaN,2883,2883,408,NaN,4,5,2,1,NaN,NaN,14590080,1023224,3,48640,43520,NaN,NaN
2026-04-01 14:01:53.440,47914,ESTAB,bbr,224,22.479,6.779,20.818,1448,12,17376,NaN,2883,2883,408,NaN,4,5,2,1,NaN,NaN,14590080,1023224,3,48640,43520,NaN,NaN
2026-04-01 14:01:53.675,47914,ESTAB,bbr,224,22.479,6.779,20.818,1448,12,17376,NaN,2883,2883,408,NaN,4,5,2,1,NaN,NaN,14590080,1023224,3,48640,43520,NaN,NaN
2026-04-01 14:01:53.912,47914,ESTAB,bbr,224,22.479,6.779,20.818,1448,12,17376,NaN,2883,2883,408,NaN,4,5,2,1,NaN,NaN,14590080,1023224,3,48640,43520,NaN,NaN
2026-04-01 14:01:54.140,47914,ESTAB,bbr,224,22.479,6.779,20.818,1448,12,17376,NaN,2883,2883,408,NaN,5,6,2,1,NaN,NaN,14590080,1023224,3,48640,43520,NaN,NaN
2026-04-01 14:01:54.380,47914,ESTAB,bbr,224,22.479,6.779,20.818,1448,12,17376,NaN,2883,2883,408,NaN,5,6,2,1,NaN,NaN,14590080,1023224,3,48640,43520,NaN,NaN
2026-04-01 14:01:54.617,47914,ESTAB,bbr,224,22.479,6.779,20.818,1448,12,17376,NaN,2883,2883,408,NaN,5,6,2,1,NaN,NaN,14590080,1023224,3,48640,43520,NaN,NaN
2026-04-01 14:01:54.857,47914,ESTAB,bbr,224,22.479,6.779,20.818,1448,12,17376,NaN,2883,2883,408,NaN,5,6,2,1,NaN,NaN,14590080,1023224,3,48640,43520,NaN,NaN
2026-04-01 14:01:55.104,47914,ESTAB,bbr,224,22.479,6.779,20.818,1448,12,17376,NaN,2883,2883,408,NaN,5,6,2,1,NaN,NaN,14590080,1023224,3,48640,43520,NaN,NaN
2026-04-01 14:01:55.359,47914,ESTAB,bbr,224,22.479,6.779,20.818,1448,12,17376,NaN,2883,2883,408,NaN,5,6,2,1,NaN,NaN,14590080,1023224,3,48640,43520,NaN,NaN
2026-04-01 14:01:55.596,47914,ESTAB,bbr,224,22.479,6.779,20.818,1448,12,17376,NaN,2883,2883,408,NaN,5,6,2,1,NaN,NaN,14590080,1023224,3,48640,43520,NaN,NaN
2026-04-01 14:01:55.831,47914,ESTAB,bbr,224,22.479,6.779,20.818,1448,12,17376,NaN,2883,2883,408,NaN,5,6,2,1,NaN,NaN,14590080,1023224,3,48640,43520,NaN,NaN
2026-04-01 14:01:56.076,47914,ESTAB,bbr,224,22.479,6.779,20.818,1448,12,17376,NaN,2883,2883,408,NaN,5,6,2,1,NaN,NaN,14590080,1023224,3,48640,43520,NaN,NaN
2026-04-01 14:01:56.310,47914,ESTAB,bbr,224,22.479,6.779,20.818,1448,12,17376,NaN,2883,2883,408,NaN,5,6,2,1,NaN,NaN,14590080,1023224,3,48640,43520,NaN,NaN
2026-04-01 14:01:56.547,47914,ESTAB,bbr,224,22.479,6.779,20.818,1448,12,17376,NaN,2883,2883,408,NaN,5,6,2,1,NaN,NaN,14590080,1023224,3,48640,43520,NaN,NaN
2026-04-01 14:01:56.788,47914,ESTAB,bbr,224,22.479,6.779,20.818,1448,12,17376,NaN,2883,2883,408,NaN,5,6,2,1,NaN,NaN,14590080,1023224,3,48640,43520,NaN,NaN
2026-04-01 14:01:57.019,47914,ESTAB,bbr,224,22.479,6.779,20.818,1448,12,17376,NaN,2883,2883,408,NaN,5,6,2,1,NaN,NaN,14590080,1023224,3,48640,43520,NaN,NaN
2026-04-01 14:01:57.254,47914,ESTAB,bbr,224,22.479,6.779,20.818,1448,12,17376,NaN,2883,2883,408,NaN,5,6,2,1,NaN,NaN,14590080,1023224,3,48640,43520,NaN,NaN
2026-04-01 14:01:57.489,47914,ESTAB,bbr,224,22.479,6.779,20.818,1448,12,17376,NaN,2883,2883,408,NaN,5,6,2,1,NaN,NaN,14590080,1023224,3,48640,43520,NaN,NaN
2026-04-01 14:01:57.721,47914,ESTAB,bbr,224,22.479,6.779,20.818,1448,12,17376,NaN,2883,2883,408,NaN,5,6,2,1,NaN,NaN,14590080,1023224,3,48640,43520,NaN,NaN
2026-04-01 14:01:57.951,47914,ESTAB,bbr,224,22.479,6.779,20.818,1448,12,17376,NaN,2883,2883,408,NaN,5,6,2,1,NaN,NaN,14590080,1023224,3,48640,43520,NaN,NaN
2026-04-01 14:01:58.189,47914,ESTAB,bbr,224,22.479,6.779,20.818,1448,12,17376,NaN,2883,2883,408,NaN,5,6,2,1,NaN,NaN,14590080,1023224,3,48640,43520,NaN,NaN
2026-04-01 14:01:58.430,47914,ESTAB,bbr,224,22.479,6.779,20.818,1448,12,17376,NaN,2883,2883,408,NaN,5,6,2,1,NaN,NaN,14590080,1023224,3,48640,43520,NaN,NaN
2026-04-01 14:01:58.667,47914,ESTAB,bbr,224,22.479,6.779,20.818,1448,12,17376,NaN,2883,2883,408,NaN,5,6,2,1,NaN,NaN,14590080,1023224,3,48640,43520,NaN,NaN
2026-04-01 14:01:58.915,47914,ESTAB,bbr,224,22.479,6.779,20.818,1448,12,17376,NaN,2883,2883,408,NaN,5,6,2,1,NaN,NaN,14590080,1023224,3,48640,43520,NaN,NaN
2026-04-01 14:01:59.154,47914,ESTAB,bbr,224,22.479,6.779,20.818,1448,12,17376,NaN,2883,2883,408,NaN,5,6,2,1,NaN,NaN,14590080,1023224,3,48640,43520,NaN,NaN
2026-04-01 14:01:59.394,47914,ESTAB,bbr,224,22.479,6.779,20.818,1448,12,17376,NaN,2883,2883,408,NaN,5,6,2,1,NaN,NaN,14590080,1023224,3,48640,43520,NaN,NaN
2026-04-01 14:01:59.624,47914,ESTAB,bbr,224,22.479,6.779,20.818,1448,12,17376,NaN,2883,2883,408,NaN,5,6,2,1,NaN,NaN,14590080,1023224,3,48640,43520,NaN,NaN
2026-04-01 14:01:59.859,47914,ESTAB,bbr,224,22.479,6.779,20.818,1448,12,17376,NaN,2883,2883,408,NaN,5,6,2,1,NaN,NaN,14590080,1023224,3,48640,43520,NaN,NaN
2026-04-01 14:02:00.093,47914,ESTAB,bbr,224,22.479,6.779,20.818,1448,12,17376,NaN,2883,2883,408,NaN,5,6,2,1,NaN,NaN,14590080,1023224,3,48640,43520,NaN,NaN
2026-04-01 14:02:00.324,47914,ESTAB,bbr,224,22.479,6.779,20.818,1448,12,17376,NaN,2883,2883,408,NaN,5,6,2,1,NaN,NaN,14590080,1023224,3,48640,43520,NaN,NaN
2026-04-01 14:02:00.554,47914,ESTAB,bbr,224,22.479,6.779,20.818,1448,12,17376,NaN,2883,2883,408,NaN,5,6,2,1,NaN,NaN,14590080,1023224,3,48640,43520,NaN,NaN
2026-04-01 14:02:00.796,47914,ESTAB,bbr,224,22.479,6.779,20.818,1448,12,17376,NaN,2883,2883,408,NaN,5,6,2,1,NaN,NaN,14590080,1023224,3,48640,43520,NaN,NaN
2026-04-01 14:02:01.044,47914,ESTAB,bbr,224,22.479,6.779,20.818,1448,12,17376,NaN,2883,2883,408,NaN,5,6,2,1,NaN,NaN,14590080,1023224,3,48640,43520,NaN,NaN
2026-04-01 14:02:01.286,47914,ESTAB,bbr,224,22.479,6.779,20.818,1448,12,17376,NaN,2883,2883,408,NaN,5,6,2,1,NaN,NaN,14590080,1023224,3,48640,43520,NaN,NaN
2026-04-01 14:02:01.526,47914,ESTAB,bbr,224,22.479,6.779,20.818,1448,12,17376,NaN,2883,2883,408,NaN,5,6,2,1,NaN,NaN,14590080,1023224,3,48640,43520,NaN,NaN
2026-04-01 14:02:01.772,47914,ESTAB,bbr,224,22.479,6.779,20.818,1448,12,17376,NaN,2883,2883,408,NaN,5,6,2,1,NaN,NaN,14590080,1023224,3,48640,43520,NaN,NaN
2026-04-01 14:02:02.011,47914,ESTAB,bbr,224,22.479,6.779,20.818,1448,12,17376,NaN,2883,2883,408,NaN,5,6,2,1,NaN,NaN,14590080,1023224,3,48640,43520,NaN,NaN
2026-04-01 14:02:02.242,47914,ESTAB,bbr,224,22.479,6.779,20.818,1448,12,17376,NaN,2883,2883,408,NaN,5,6,2,1,NaN,NaN,14590080,1023224,3,48640,43520,NaN,NaN
2026-04-01 14:02:02.479,47914,ESTAB,bbr,224,22.479,6.779,20.818,1448,12,17376,NaN,2883,2883,408,NaN,5,6,2,1,NaN,NaN,14590080,1023224,3,48640,43520,NaN,NaN
2026-04-01 14:02:02.716,47914,ESTAB,bbr,224,22.479,6.779,20.818,1448,12,17376,NaN,2883,2883,408,NaN,5,6,2,1,NaN,NaN,14590080,1023224,3,48640,43520,NaN,NaN
2026-04-01 14:02:02.966,47914,ESTAB,bbr,224,22.479,6.779,20.818,1448,12,17376,NaN,2883,2883,408,NaN,5,6,2,1,NaN,NaN,14590080,1023224,3,48640,43520,NaN,NaN
2026-04-01 14:02:03.215,47914,ESTAB,bbr,224,22.479,6.779,20.818,1448,12,17376,NaN,2883,2883,408,NaN,5,6,2,1,NaN,NaN,14590080,1023224,3,48640,43520,NaN,NaN
2026-04-01 14:02:03.475,47914,ESTAB,bbr,224,22.479,6.779,20.818,1448,12,17376,NaN,2883,2883,408,NaN,5,6,2,1,NaN,NaN,14590080,1023224,3,48640,43520,NaN,NaN
2026-04-01 14:02:03.722,47914,ESTAB,bbr,224,22.479,6.779,20.818,1448,12,17376,NaN,2883,2883,408,NaN,5,6,2,1,NaN,NaN,14590080,1023224,3,48640,43520,NaN,NaN
2026-04-01 14:02:03.967,47914,ESTAB,bbr,224,22.479,6.779,20.818,1448,12,17376,NaN,2883,2883,408,NaN,5,6,2,1,NaN,NaN,14590080,1023224,3,48640,43520,NaN,NaN
2026-04-01 14:02:04.217,47914,ESTAB,bbr,224,22.479,6.779,20.818,1448,12,17376,NaN,2883,2883,408,NaN,5,6,2,1,NaN,NaN,14590080,1023224,3,48640,43520,NaN,NaN
2026-04-01 14:02:04.472,47914,ESTAB,bbr,224,22.479,6.779,20.818,1448,12,17376,NaN,2883,2883,408,NaN,5,6,2,1,NaN,NaN,14590080,1023224,3,48640,43520,NaN,NaN
2026-04-01 14:02:04.719,47914,ESTAB,bbr,224,22.479,6.779,20.818,1448,12,17376,NaN,2883,2883,408,NaN,5,6,2,1,NaN,NaN,14590080,1023224,3,48640,43520,NaN,NaN
2026-04-01 14:02:04.974,47914,ESTAB,bbr,224,22.479,6.779,20.818,1448,12,17376,NaN,2883,2883,408,NaN,5,6,2,1,NaN,NaN,14590080,1023224,3,48640,43520,NaN,NaN
2026-04-01 14:02:05.221,47914,ESTAB,bbr,224,22.479,6.779,20.818,1448,12,17376,NaN,2883,2883,408,NaN,5,6,2,1,NaN,NaN,14590080,1023224,3,48640,43520,NaN,NaN
2026-04-01 14:02:05.468,47914,ESTAB,bbr,224,22.479,6.779,20.818,1448,12,17376,NaN,2883,2883,408,NaN,5,6,2,1,NaN,NaN,14590080,1023224,3,48640,43520,NaN,NaN
2026-04-01 14:02:05.716,47914,ESTAB,bbr,224,22.479,6.779,20.818,1448,12,17376,NaN,2883,2883,408,NaN,5,6,2,1,NaN,NaN,14590080,1023224,3,48640,43520,NaN,NaN
2026-04-01 14:02:05.965,47914,ESTAB,bbr,224,22.479,6.779,20.818,1448,12,17376,NaN,2883,2883,408,NaN,5,6,2,1,NaN,NaN,14590080,1023224,3,48640,43520,NaN,NaN
2026-04-01 14:02:06.213,47914,ESTAB,bbr,224,22.479,6.779,20.818,1448,12,17376,NaN,2883,2883,408,NaN,5,6,2,1,NaN,NaN,14590080,1023224,3,48640,43520,NaN,NaN
2026-04-01 14:02:06.473,47914,ESTAB,bbr,224,22.479,6.779,20.818,1448,12,17376,NaN,2883,2883,408,NaN,5,6,2,1,NaN,NaN,14590080,1023224,3,48640,43520,NaN,NaN
2026-04-01 14:02:06.730,47914,ESTAB,bbr,224,22.479,6.779,20.818,1448,12,17376,NaN,2883,2883,408,NaN,5,6,2,1,NaN,NaN,14590080,1023224,3,48640,43520,NaN,NaN
2026-04-01 14:02:06.967,47914,ESTAB,bbr,224,22.479,6.779,20.818,1448,12,17376,NaN,2883,2883,408,NaN,5,6,2,1,NaN,NaN,14590080,1023224,3,48640,43520,NaN,NaN
2026-04-01 14:02:07.222,47914,ESTAB,bbr,224,22.479,6.779,20.818,1448,12,17376,NaN,2883,2883,408,NaN,5,6,2,1,NaN,NaN,14590080,1023224,3,48640,43520,NaN,NaN
2026-04-01 14:02:07.477,47914,ESTAB,bbr,224,22.479,6.779,20.818,1448,12,17376,NaN,2883,2883,408,NaN,5,6,2,1,NaN,NaN,14590080,1023224,3,48640,43520,NaN,NaN
2026-04-01 14:02:07.719,47914,ESTAB,bbr,224,22.479,6.779,20.818,1448,12,17376,NaN,2883,2883,408,NaN,5,6,2,1,NaN,NaN,14590080,1023224,3,48640,43520,NaN,NaN
2026-04-01 14:02:07.962,47914,ESTAB,bbr,224,22.479,6.779,20.818,1448,12,17376,NaN,2883,2883,408,NaN,5,6,2,1,NaN,NaN,14590080,1023224,3,48640,43520,NaN,NaN
2026-04-01 14:02:08.213,47914,ESTAB,bbr,224,22.479,6.779,20.818,1448,12,17376,NaN,2883,2883,408,NaN,5,6,2,1,NaN,NaN,14590080,1023224,3,48640,43520,NaN,NaN
2026-04-01 14:02:08.457,47914,ESTAB,bbr,224,22.479,6.779,20.818,1448,12,17376,NaN,2883,2883,408,NaN,5,6,2,1,NaN,NaN,14590080,1023224,3,48640,43520,NaN,NaN
2026-04-01 14:02:08.686,47914,ESTAB,bbr,224,22.479,6.779,20.818,1448,12,17376,NaN,2883,2883,408,NaN,5,6,2,1,NaN,NaN,14590080,1023224,3,48640,43520,NaN,NaN
2026-04-01 14:02:08.917,47914,ESTAB,bbr,224,22.479,6.779,20.818,1448,12,17376,NaN,2883,2883,408,NaN,5,6,2,1,NaN,NaN,14590080,1023224,3,48640,43520,NaN,NaN
2026-04-01 14:02:09.155,47914,ESTAB,bbr,224,22.479,6.779,20.818,1448,12,17376,NaN,2883,2883,408,NaN,5,6,2,1,NaN,NaN,14590080,1023224,3,48640,43520,NaN,NaN
2026-04-01 14:02:09.396,47914,ESTAB,bbr,224,22.479,6.779,20.818,1448,12,17376,NaN,2883,2883,408,NaN,6,7,2,1,NaN,NaN,14590080,1023224,3,48640,43520,NaN,NaN
2026-04-01 14:02:09.636,47914,ESTAB,bbr,224,22.479,6.779,20.818,1448,12,17376,NaN,2883,2883,408,NaN,6,7,2,1,NaN,NaN,14590080,1023224,3,48640,43520,NaN,NaN
2026-04-01 14:02:09.888,47914,ESTAB,bbr,224,22.479,6.779,20.818,1448,12,17376,NaN,2883,2883,408,NaN,6,7,2,1,NaN,NaN,14590080,1023224,3,48640,43520,NaN,NaN
2026-04-01 14:02:10.127,47914,ESTAB,bbr,224,22.479,6.779,20.818,1448,12,17376,NaN,2883,2883,408,NaN,6,7,2,1,NaN,NaN,14590080,1023224,3,48640,43520,NaN,NaN
2026-04-01 14:02:10.366,47914,ESTAB,bbr,224,22.479,6.779,20.818,1448,12,17376,NaN,2883,2883,408,NaN,6,7,2,1,NaN,NaN,14590080,1023224,3,48640,43520,NaN,NaN
2026-04-01 14:02:10.615,47914,ESTAB,bbr,224,22.479,6.779,20.818,1448,12,17376,NaN,2883,2883,408,NaN,6,7,2,1,NaN,NaN,14590080,1023224,3,48640,43520,NaN,NaN
2026-04-01 14:02:10.855,47914,ESTAB,bbr,224,22.479,6.779,20.818,1448,12,17376,NaN,2883,2883,408,NaN,6,7,2,1,NaN,NaN,14590080,1023224,3,48640,43520,NaN,NaN
2026-04-01 14:02:11.094,47914,ESTAB,bbr,224,22.479,6.779,20.818,1448,12,17376,NaN,2883,2883,408,NaN,6,7,2,1,NaN,NaN,14590080,1023224,3,48640,43520,NaN,NaN
2026-04-01 14:02:11.333,47914,ESTAB,bbr,224,22.479,6.779,20.818,1448,12,17376,NaN,2883,2883,408,NaN,6,7,2,1,NaN,NaN,14590080,1023224,3,48640,43520,NaN,NaN
2026-04-01 14:02:11.569,47914,ESTAB,bbr,224,22.479,6.779,20.818,1448,12,17376,NaN,2883,2883,408,NaN,6,7,2,1,NaN,NaN,14590080,1023224,3,48640,43520,NaN,NaN
2026-04-01 14:02:11.805,47914,ESTAB,bbr,224,22.479,6.779,20.818,1448,12,17376,NaN,2883,2883,408,NaN,6,7,2,1,NaN,NaN,14590080,1023224,3,48640,43520,NaN,NaN
2026-04-01 14:02:12.058,47914,ESTAB,bbr,224,22.479,6.779,20.818,1448,12,17376,NaN,2883,2883,408,NaN,6,7,2,1,NaN,NaN,14590080,1023224,3,48640,43520,NaN,NaN
2026-04-01 14:02:12.305,47914,ESTAB,bbr,224,22.479,6.779,20.818,1448,12,17376,NaN,2883,2883,408,NaN,6,7,2,1,NaN,NaN,14590080,1023224,3,48640,43520,NaN,NaN
2026-04-01 14:02:12.532,47914,ESTAB,bbr,224,22.479,6.779,20.818,1448,12,17376,NaN,2883,2883,408,NaN,6,7,2,1,NaN,NaN,14590080,1023224,3,48640,43520,NaN,NaN
2026-04-01 14:02:12.781,47914,ESTAB,bbr,224,22.479,6.779,20.818,1448,12,17376,NaN,2883,2883,408,NaN,6,7,2,1,NaN,NaN,14590080,1023224,3,48640,43520,NaN,NaN
2026-04-01 14:02:13.015,47914,ESTAB,bbr,224,22.479,6.779,20.818,1448,12,17376,NaN,2883,2883,408,NaN,6,7,2,1,NaN,NaN,14590080,1023224,3,48640,43520,NaN,NaN
2026-04-01 14:02:13.253,47914,ESTAB,bbr,224,22.479,6.779,20.818,1448,12,17376,NaN,2883,2883,408,NaN,6,7,2,1,NaN,NaN,14590080,1023224,3,48640,43520,NaN,NaN
2026-04-01 14:02:13.494,47914,ESTAB,bbr,224,22.479,6.779,20.818,1448,12,17376,NaN,2883,2883,408,NaN,6,7,2,1,NaN,NaN,14590080,1023224,3,48640,43520,NaN,NaN
2026-04-01 14:02:13.731,47914,ESTAB,bbr,224,22.479,6.779,20.818,1448,12,17376,NaN,2883,2883,408,NaN,6,7,2,1,NaN,NaN,14590080,1023224,3,48640,43520,NaN,NaN
2026-04-01 14:02:13.958,47914,ESTAB,bbr,224,22.479,6.779,20.818,1448,12,17376,NaN,2883,2883,408,NaN,6,7,2,1,NaN,NaN,14590080,1023224,3,48640,43520,NaN,NaN
2026-04-01 14:02:14.185,47914,ESTAB,bbr,224,22.479,6.779,20.818,1448,12,17376,NaN,2883,2883,408,NaN,6,7,2,1,NaN,NaN,14590080,1023224,3,48640,43520,NaN,NaN
2026-04-01 14:02:14.424,47914,ESTAB,bbr,224,22.479,6.779,20.818,1448,12,17376,NaN,2883,2883,408,NaN,6,7,2,1,NaN,NaN,14590080,1023224,3,48640,43520,NaN,NaN
2026-04-01 14:02:14.663,47914,ESTAB,bbr,224,22.479,6.779,20.818,1448,12,17376,NaN,2883,2883,408,NaN,6,7,2,1,NaN,NaN,14590080,1023224,3,48640,43520,NaN,NaN
2026-04-01 14:02:14.898,47914,ESTAB,bbr,224,22.479,6.779,20.818,1448,12,17376,NaN,2883,2883,408,NaN,6,7,2,1,NaN,NaN,14590080,1023224,3,48640,43520,NaN,NaN
2026-04-01 14:02:15.130,47914,ESTAB,bbr,224,22.479,6.779,20.818,1448,12,17376,NaN,2883,2883,408,NaN,6,7,2,1,NaN,NaN,14590080,1023224,3,48640,43520,NaN,NaN
2026-04-01 14:02:15.360,47914,ESTAB,bbr,224,22.479,6.779,20.818,1448,12,17376,NaN,2883,2883,408,NaN,6,7,2,1,NaN,NaN,14590080,1023224,3,48640,43520,NaN,NaN
2026-04-01 14:02:15.599,47914,ESTAB,bbr,224,22.479,6.779,20.818,1448,12,17376,NaN,2883,2883,408,NaN,6,7,2,1,NaN,NaN,14590080,1023224,3,48640,43520,NaN,NaN
2026-04-01 14:02:15.842,47914,ESTAB,bbr,224,22.479,6.779,20.818,1448,12,17376,NaN,2883,2883,408,NaN,6,7,2,1,NaN,NaN,14590080,1023224,3,48640,43520,NaN,NaN
2026-04-01 14:02:16.074,47914,ESTAB,bbr,224,22.479,6.779,20.818,1448,12,17376,NaN,2883,2883,408,NaN,6,7,2,1,NaN,NaN,14590080,1023224,3,48640,43520,NaN,NaN
2026-04-01 14:02:16.315,47914,ESTAB,bbr,224,22.479,6.779,20.818,1448,12,17376,NaN,2883,2883,408,NaN,6,7,2,1,NaN,NaN,14590080,1023224,3,48640,43520,NaN,NaN
2026-04-01 14:02:16.557,47914,ESTAB,bbr,224,22.479,6.779,20.818,1448,12,17376,NaN,2883,2883,408,NaN,6,7,2,1,NaN,NaN,14590080,1023224,3,48640,43520,NaN,NaN
2026-04-01 14:02:16.790,47914,ESTAB,bbr,224,22.479,6.779,20.818,1448,12,17376,NaN,2883,2883,408,NaN,6,7,2,1,NaN,NaN,14590080,1023224,3,48640,43520,NaN,NaN
2026-04-01 14:02:17.037,47914,ESTAB,bbr,224,22.479,6.779,20.818,1448,12,17376,NaN,2883,2883,408,NaN,6,7,2,1,NaN,NaN,14590080,1023224,3,48640,43520,NaN,NaN
2026-04-01 14:02:17.268,47914,ESTAB,bbr,224,22.479,6.779,20.818,1448,12,17376,NaN,2883,2883,408,NaN,6,7,2,1,NaN,NaN,14590080,1023224,3,48640,43520,NaN,NaN
2026-04-01 14:02:17.498,47914,ESTAB,bbr,224,22.479,6.779,20.818,1448,12,17376,NaN,2883,2883,408,NaN,6,7,2,1,NaN,NaN,14590080,1023224,3,48640,43520,NaN,NaN
2026-04-01 14:02:17.730,47914,ESTAB,bbr,224,22.479,6.779,20.818,1448,12,17376,NaN,2883,2883,408,NaN,6,7,2,1,NaN,NaN,14590080,1023224,3,48640,43520,NaN,NaN
2026-04-01 14:02:17.962,47914,ESTAB,bbr,224,22.479,6.779,20.818,1448,12,17376,NaN,2883,2883,408,NaN,6,7,2,1,NaN,NaN,14590080,1023224,3,48640,43520,NaN,NaN
2026-04-01 14:02:18.191,47914,ESTAB,bbr,224,22.479,6.779,20.818,1448,12,17376,NaN,2883,2883,408,NaN,6,7,2,1,NaN,NaN,14590080,1023224,3,48640,43520,NaN,NaN
2026-04-01 14:02:18.420,47914,ESTAB,bbr,224,22.479,6.779,20.818,1448,12,17376,NaN,2883,2883,408,NaN,6,7,2,1,NaN,NaN,14590080,1023224,3,48640,43520,NaN,NaN
2026-04-01 14:02:18.648,47914,ESTAB,bbr,224,22.479,6.779,20.818,1448,12,17376,NaN,2883,2883,408,NaN,6,7,2,1,NaN,NaN,14590080,1023224,3,48640,43520,NaN,NaN
2026-04-01 14:02:18.886,47914,ESTAB,bbr,224,22.479,6.779,20.818,1448,12,17376,NaN,2883,2883,408,NaN,6,7,2,1,NaN,NaN,14590080,1023224,3,48640,43520,NaN,NaN
2026-04-01 14:02:19.123,47914,ESTAB,bbr,224,22.479,6.779,20.818,1448,12,17376,NaN,2883,2883,408,NaN,6,7,2,1,NaN,NaN,14590080,1023224,3,48640,43520,NaN,NaN
2026-04-01 14:02:19.351,47914,ESTAB,bbr,224,22.479,6.779,20.818,1448,12,17376,NaN,2883,2883,408,NaN,6,7,2,1,NaN,NaN,14590080,1023224,3,48640,43520,NaN,NaN
2026-04-01 14:02:19.582,47914,ESTAB,bbr,224,22.479,6.779,20.818,1448,12,17376,NaN,2883,2883,408,NaN,6,7,2,1,NaN,NaN,14590080,1023224,3,48640,43520,NaN,NaN
2026-04-01 14:02:19.819,47914,ESTAB,bbr,224,22.479,6.779,20.818,1448,12,17376,NaN,2883,2883,408,NaN,6,7,2,1,NaN,NaN,14590080,1023224,3,48640,43520,NaN,NaN
2026-04-01 14:02:20.065,47914,ESTAB,bbr,224,22.479,6.779,20.818,1448,12,17376,NaN,2883,2883,408,NaN,6,7,2,1,NaN,NaN,14590080,1023224,3,48640,43520,NaN,NaN
2026-04-01 14:02:20.300,47914,ESTAB,bbr,224,22.479,6.779,20.818,1448,12,17376,NaN,2883,2883,408,NaN,6,7,2,1,NaN,NaN,14590080,1023224,3,48640,43520,NaN,NaN
2026-04-01 14:02:20.529,47914,ESTAB,bbr,224,22.479,6.779,20.818,1448,12,17376,NaN,2883,2883,408,NaN,6,7,2,1,NaN,NaN,14590080,1023224,3,48640,43520,NaN,NaN
2026-04-01 14:02:20.771,47914,ESTAB,bbr,224,22.479,6.779,20.818,1448,12,17376,NaN,2883,2883,408,NaN,6,7,2,1,NaN,NaN,14590080,1023224,3,48640,43520,NaN,NaN
2026-04-01 14:02:21.000,47914,ESTAB,bbr,224,22.479,6.779,20.818,1448,12,17376,NaN,2883,2883,408,NaN,6,7,2,1,NaN,NaN,14590080,1023224,3,48640,43520,NaN,NaN
2026-04-01 14:02:21.243,47914,ESTAB,bbr,224,22.479,6.779,20.818,1448,12,17376,NaN,2883,2883,408,NaN,6,7,2,1,NaN,NaN,14590080,1023224,3,48640,43520,NaN,NaN
2026-04-01 14:02:21.477,47914,ESTAB,bbr,224,22.479,6.779,20.818,1448,12,17376,NaN,2883,2883,408,NaN,6,7,2,1,NaN,NaN,14590080,1023224,3,48640,43520,NaN,NaN
2026-04-01 14:02:21.708,47914,ESTAB,bbr,224,22.479,6.779,20.818,1448,12,17376,NaN,2883,2883,408,NaN,6,7,2,1,NaN,NaN,14590080,1023224,3,48640,43520,NaN,NaN
2026-04-01 14:02:21.954,47914,ESTAB,bbr,224,22.479,6.779,20.818,1448,12,17376,NaN,2883,2883,408,NaN,6,7,2,1,NaN,NaN,14590080,1023224,3,48640,43520,NaN,NaN
2026-04-01 14:02:22.193,47914,ESTAB,bbr,224,22.479,6.779,20.818,1448,12,17376,NaN,2883,2883,408,NaN,6,7,2,1,NaN,NaN,14590080,1023224,3,48640,43520,NaN,NaN
2026-04-01 14:02:22.441,47914,ESTAB,bbr,224,22.479,6.779,20.818,1448,12,17376,NaN,2883,2883,408,NaN,6,7,2,1,NaN,NaN,14590080,1023224,3,48640,43520,NaN,NaN
2026-04-01 14:02:22.673,47914,ESTAB,bbr,224,22.479,6.779,20.818,1448,12,17376,NaN,2883,2883,408,NaN,6,7,2,1,NaN,NaN,14590080,1023224,3,48640,43520,NaN,NaN
2026-04-01 14:02:22.907,47914,ESTAB,bbr,224,22.479,6.779,20.818,1448,12,17376,NaN,2883,2883,408,NaN,6,7,2,1,NaN,NaN,14590080,1023224,3,48640,43520,NaN,NaN
2026-04-01 14:02:23.139,47914,ESTAB,bbr,224,22.479,6.779,20.818,1448,12,17376,NaN,2883,2883,408,NaN,6,7,2,1,NaN,NaN,14590080,1023224,3,48640,43520,NaN,NaN
2026-04-01 14:02:23.376,47914,ESTAB,bbr,224,22.479,6.779,20.818,1448,12,17376,NaN,2883,2883,408,NaN,6,7,2,1,NaN,NaN,14590080,1023224,3,48640,43520,NaN,NaN
2026-04-01 14:02:23.620,47914,ESTAB,bbr,224,22.479,6.779,20.818,1448,12,17376,NaN,2883,2883,408,NaN,6,7,2,1,NaN,NaN,14590080,1023224,3,48640,43520,NaN,NaN
2026-04-01 14:02:23.856,47914,ESTAB,bbr,224,22.479,6.779,20.818,1448,12,17376,NaN,2883,2883,408,NaN,6,7,2,1,NaN,NaN,14590080,1023224,3,48640,43520,NaN,NaN
2026-04-01 14:02:24.093,47914,ESTAB,bbr,224,22.479,6.779,20.818,1448,12,17376,NaN,2883,2883,408,NaN,6,7,2,1,NaN,NaN,14590080,1023224,3,48640,43520,NaN,NaN
2026-04-01 14:02:24.319,47914,ESTAB,bbr,224,22.479,6.779,20.818,1448,12,17376,NaN,2883,2883,408,NaN,7,8,2,1,NaN,NaN,14590080,1023224,3,48640,43520,NaN,NaN
2026-04-01 14:02:24.561,47914,ESTAB,bbr,224,22.479,6.779,20.818,1448,12,17376,NaN,2883,2883,408,NaN,7,8,2,1,NaN,NaN,14590080,1023224,3,48640,43520,NaN,NaN
2026-04-01 14:02:24.809,47914,ESTAB,bbr,224,22.479,6.779,20.818,1448,12,17376,NaN,2883,2883,408,NaN,7,8,2,1,NaN,NaN,14590080,1023224,3,48640,43520,NaN,NaN
2026-04-01 14:02:25.058,47914,ESTAB,bbr,224,22.479,6.779,20.818,1448,12,17376,NaN,2883,2883,408,NaN,7,8,2,1,NaN,NaN,14590080,1023224,3,48640,43520,NaN,NaN
2026-04-01 14:02:25.305,47914,ESTAB,bbr,224,22.479,6.779,20.818,1448,12,17376,NaN,2883,2883,408,NaN,7,8,2,1,NaN,NaN,14590080,1023224,3,48640,43520,NaN,NaN
2026-04-01 14:02:25.549,47914,ESTAB,bbr,224,22.479,6.779,20.818,1448,12,17376,NaN,2883,2883,408,NaN,7,8,2,1,NaN,NaN,14590080,1023224,3,48640,43520,NaN,NaN
2026-04-01 14:02:25.789,47914,ESTAB,bbr,224,22.479,6.779,20.818,1448,12,17376,NaN,2883,2883,408,NaN,7,8,2,1,NaN,NaN,14590080,1023224,3,48640,43520,NaN,NaN
2026-04-01 14:02:26.030,47914,ESTAB,bbr,224,22.479,6.779,20.818,1448,12,17376,NaN,2883,2883,408,NaN,7,8,2,1,NaN,NaN,14590080,1023224,3,48640,43520,NaN,NaN
2026-04-01 14:02:26.273,47914,ESTAB,bbr,224,22.479,6.779,20.818,1448,12,17376,NaN,2883,2883,408,NaN,8,9,2,1,NaN,NaN,14590080,1023224,3,48640,43520,NaN,NaN
2026-04-01 14:02:26.508,47914,ESTAB,bbr,224,22.479,6.779,20.818,1448,12,17376,NaN,2883,2883,408,NaN,8,9,2,1,NaN,NaN,14590080,1023224,3,48640,43520,NaN,NaN
2026-04-01 14:02:26.745,47914,ESTAB,bbr,224,22.479,6.779,20.818,1448,12,17376,NaN,2883,2883,408,NaN,8,9,2,1,NaN,NaN,14590080,1023224,3,48640,43520,NaN,NaN
2026-04-01 14:02:26.980,47914,ESTAB,bbr,224,22.479,6.779,20.818,1448,12,17376,NaN,2883,2883,408,NaN,8,9,2,1,NaN,NaN,14590080,1023224,3,48640,43520,NaN,NaN
2026-04-01 14:02:27.212,47914,ESTAB,bbr,224,22.479,6.779,20.818,1448,12,17376,NaN,2883,2883,408,NaN,8,9,2,1,NaN,NaN,14590080,1023224,3,48640,43520,NaN,NaN
2026-04-01 14:02:27.459,47914,ESTAB,bbr,224,22.479,6.779,20.818,1448,12,17376,NaN,2883,2883,408,NaN,8,9,2,1,NaN,NaN,14590080,1023224,3,48640,43520,NaN,NaN
2026-04-01 14:02:27.699,47914,ESTAB,bbr,224,22.479,6.779,20.818,1448,12,17376,NaN,2883,2883,408,NaN,8,9,2,1,NaN,NaN,14590080,1023224,3,48640,43520,NaN,NaN
2026-04-01 14:02:27.944,47914,ESTAB,bbr,224,22.479,6.779,20.818,1448,12,17376,NaN,2883,2883,408,NaN,8,9,2,1,NaN,NaN,14590080,1023224,3,48640,43520,NaN,NaN
2026-04-01 14:02:28.179,47914,ESTAB,bbr,224,22.479,6.779,20.818,1448,12,17376,NaN,2883,2883,408,NaN,8,9,2,1,NaN,NaN,14590080,1023224,3,48640,43520,NaN,NaN
2026-04-01 14:02:28.425,47914,ESTAB,bbr,224,22.479,6.779,20.818,1448,12,17376,NaN,2883,2883,408,NaN,8,9,2,1,NaN,NaN,14590080,1023224,3,48640,43520,NaN,NaN
2026-04-01 14:02:28.676,47914,ESTAB,bbr,224,22.479,6.779,20.818,1448,12,17376,NaN,2883,2883,408,NaN,8,9,2,1,NaN,NaN,14590080,1023224,3,48640,43520,NaN,NaN
2026-04-01 14:02:28.927,47914,ESTAB,bbr,224,22.479,6.779,20.818,1448,12,17376,NaN,2883,2883,408,NaN,8,9,2,1,NaN,NaN,14590080,1023224,3,48640,43520,NaN,NaN
2026-04-01 14:02:29.173,47914,ESTAB,bbr,224,22.479,6.779,20.818,1448,12,17376,NaN,2883,2883,408,NaN,8,9,2,1,NaN,NaN,14590080,1023224,3,48640,43520,NaN,NaN
2026-04-01 14:02:29.416,47914,ESTAB,bbr,224,22.479,6.779,20.818,1448,12,17376,NaN,2883,2883,408,NaN,8,9,2,1,NaN,NaN,14590080,1023224,3,48640,43520,NaN,NaN
2026-04-01 14:02:29.659,47914,ESTAB,bbr,224,22.479,6.779,20.818,1448,12,17376,NaN,2883,2883,408,NaN,8,9,2,1,NaN,NaN,14590080,1023224,3,48640,43520,NaN,NaN
2026-04-01 14:02:29.902,47914,ESTAB,bbr,224,22.479,6.779,20.818,1448,12,17376,NaN,2883,2883,408,NaN,8,9,2,1,NaN,NaN,14590080,1023224,3,48640,43520,NaN,NaN
2026-04-01 14:02:30.134,47914,ESTAB,bbr,224,22.479,6.779,20.818,1448,12,17376,NaN,2883,2883,408,NaN,8,9,2,1,NaN,NaN,14590080,1023224,3,48640,43520,NaN,NaN
2026-04-01 14:02:30.387,47914,ESTAB,bbr,224,22.479,6.779,20.818,1448,12,17376,NaN,2883,2883,408,NaN,8,9,2,1,NaN,NaN,14590080,1023224,3,48640,43520,NaN,NaN
2026-04-01 14:02:30.646,47914,ESTAB,bbr,224,22.479,6.779,20.818,1448,12,17376,NaN,2883,2883,408,NaN,8,9,2,1,NaN,NaN,14590080,1023224,3,48640,43520,NaN,NaN
2026-04-01 14:02:30.892,47914,ESTAB,bbr,224,22.479,6.779,20.818,1448,12,17376,NaN,2883,2883,408,NaN,8,9,2,1,NaN,NaN,14590080,1023224,3,48640,43520,NaN,NaN
2026-04-01 14:02:31.135,47914,ESTAB,bbr,224,22.479,6.779,20.818,1448,12,17376,NaN,2883,2883,408,NaN,8,9,2,1,NaN,NaN,14590080,1023224,3,48640,43520,NaN,NaN
2026-04-01 14:02:31.385,47914,ESTAB,bbr,224,22.479,6.779,20.818,1448,12,17376,NaN,2883,2883,408,NaN,8,9,2,1,NaN,NaN,14590080,1023224,3,48640,43520,NaN,NaN
2026-04-01 14:02:31.628,47914,ESTAB,bbr,224,22.479,6.779,20.818,1448,12,17376,NaN,2883,2883,408,NaN,8,9,2,1,NaN,NaN,14590080,1023224,3,48640,43520,NaN,NaN
2026-04-01 14:02:31.861,47914,ESTAB,bbr,224,22.479,6.779,20.818,1448,12,17376,NaN,2883,2883,408,NaN,8,9,2,1,NaN,NaN,14590080,1023224,3,48640,43520,NaN,NaN
2026-04-01 14:02:32.091,47914,ESTAB,bbr,224,22.479,6.779,20.818,1448,12,17376,NaN,2883,2883,408,NaN,8,9,2,1,NaN,NaN,14590080,1023224,3,48640,43520,NaN,NaN
2026-04-01 14:02:32.342,47914,ESTAB,bbr,224,22.479,6.779,20.818,1448,12,17376,NaN,2883,2883,408,NaN,8,9,2,1,NaN,NaN,14590080,1023224,3,48640,43520,NaN,NaN
2026-04-01 14:02:32.583,47914,ESTAB,bbr,224,22.479,6.779,20.818,1448,12,17376,NaN,2883,2883,408,NaN,8,9,2,1,NaN,NaN,14590080,1023224,3,48640,43520,NaN,NaN
2026-04-01 14:02:32.817,47914,ESTAB,bbr,224,22.479,6.779,20.818,1448,12,17376,NaN,2883,2883,408,NaN,8,9,2,1,NaN,NaN,14590080,1023224,3,48640,43520,NaN,NaN
2026-04-01 14:02:33.052,47914,ESTAB,bbr,224,22.479,6.779,20.818,1448,12,17376,NaN,2883,2883,408,NaN,8,9,2,1,NaN,NaN,14590080,1023224,3,48640,43520,NaN,NaN
2026-04-01 14:02:33.282,47914,ESTAB,bbr,224,22.479,6.779,20.818,1448,12,17376,NaN,2883,2883,408,NaN,8,9,2,1,NaN,NaN,14590080,1023224,3,48640,43520,NaN,NaN
2026-04-01 14:02:33.511,47914,ESTAB,bbr,224,22.479,6.779,20.818,1448,12,17376,NaN,2883,2883,408,NaN,8,9,2,1,NaN,NaN,14590080,1023224,3,48640,43520,NaN,NaN
2026-04-01 14:02:33.745,47914,ESTAB,bbr,224,22.479,6.779,20.818,1448,12,17376,NaN,2883,2883,408,NaN,8,9,2,1,NaN,NaN,14590080,1023224,3,48640,43520,NaN,NaN
2026-04-01 14:02:33.983,47914,ESTAB,bbr,224,22.479,6.779,20.818,1448,12,17376,NaN,2883,2883,408,NaN,8,9,2,1,NaN,NaN,14590080,1023224,3,48640,43520,NaN,NaN
2026-04-01 14:02:34.213,47914,ESTAB,bbr,224,22.479,6.779,20.818,1448,12,17376,NaN,2883,2883,408,NaN,8,9,2,1,NaN,NaN,14590080,1023224,3,48640,43520,NaN,NaN
2026-04-01 14:02:34.447,47914,ESTAB,bbr,224,22.479,6.779,20.818,1448,12,17376,NaN,2883,2883,408,NaN,8,9,2,1,NaN,NaN,14590080,1023224,3,48640,43520,NaN,NaN
2026-04-01 14:02:34.678,47914,ESTAB,bbr,224,22.479,6.779,20.818,1448,12,17376,NaN,2883,2883,408,NaN,8,9,2,1,NaN,NaN,14590080,1023224,3,48640,43520,NaN,NaN
2026-04-01 14:02:34.909,47914,ESTAB,bbr,224,22.479,6.779,20.818,1448,12,17376,NaN,2883,2883,408,NaN,8,9,2,1,NaN,NaN,14590080,1023224,3,48640,43520,NaN,NaN
2026-04-01 14:02:35.150,47914,ESTAB,bbr,224,22.479,6.779,20.818,1448,12,17376,NaN,2883,2883,408,NaN,8,9,2,1,NaN,NaN,14590080,1023224,3,48640,43520,NaN,NaN
2026-04-01 14:02:35.381,47914,ESTAB,bbr,224,22.479,6.779,20.818,1448,12,17376,NaN,2883,2883,408,NaN,8,9,2,1,NaN,NaN,14590080,1023224,3,48640,43520,NaN,NaN
2026-04-01 14:02:35.610,47914,ESTAB,bbr,224,22.479,6.779,20.818,1448,12,17376,NaN,2883,2883,408,NaN,8,9,2,1,NaN,NaN,14590080,1023224,3,48640,43520,NaN,NaN
2026-04-01 14:02:35.841,47914,ESTAB,bbr,224,22.479,6.779,20.818,1448,12,17376,NaN,2883,2883,408,NaN,8,9,2,1,NaN,NaN,14590080,1023224,3,48640,43520,NaN,NaN
2026-04-01 14:02:36.082,47914,ESTAB,bbr,224,22.479,6.779,20.818,1448,12,17376,NaN,2883,2883,408,NaN,8,9,2,1,NaN,NaN,14590080,1023224,3,48640,43520,NaN,NaN
2026-04-01 14:02:36.328,47914,ESTAB,bbr,224,22.479,6.779,20.818,1448,12,17376,NaN,2883,2883,408,NaN,8,9,2,1,NaN,NaN,14590080,1023224,3,48640,43520,NaN,NaN
2026-04-01 14:02:36.564,47914,ESTAB,bbr,224,22.479,6.779,20.818,1448,12,17376,NaN,2883,2883,408,NaN,8,9,2,1,NaN,NaN,14590080,1023224,3,48640,43520,NaN,NaN
2026-04-01 14:02:36.806,47914,ESTAB,bbr,224,22.479,6.779,20.818,1448,12,17376,NaN,2883,2883,408,NaN,8,9,2,1,NaN,NaN,14590080,1023224,3,48640,43520,NaN,NaN
2026-04-01 14:02:37.040,47914,ESTAB,bbr,224,22.479,6.779,20.818,1448,12,17376,NaN,2883,2883,408,NaN,8,9,2,1,NaN,NaN,14590080,1023224,3,48640,43520,NaN,NaN
2026-04-01 14:02:37.273,47914,ESTAB,bbr,224,22.479,6.779,20.818,1448,12,17376,NaN,2883,2883,408,NaN,8,9,2,1,NaN,NaN,14590080,1023224,3,48640,43520,NaN,NaN
2026-04-01 14:02:37.510,47914,ESTAB,bbr,224,22.479,6.779,20.818,1448,12,17376,NaN,2883,2883,408,NaN,8,9,2,1,NaN,NaN,14590080,1023224,3,48640,43520,NaN,NaN
2026-04-01 14:02:37.743,47914,ESTAB,bbr,224,22.479,6.779,20.818,1448,12,17376,NaN,2883,2883,408,NaN,8,9,2,1,NaN,NaN,14590080,1023224,3,48640,43520,NaN,NaN
2026-04-01 14:02:37.978,47914,ESTAB,bbr,224,22.479,6.779,20.818,1448,12,17376,NaN,2883,2883,408,NaN,8,9,2,1,NaN,NaN,14590080,1023224,3,48640,43520,NaN,NaN
2026-04-01 14:02:38.227,47914,ESTAB,bbr,224,22.479,6.779,20.818,1448,12,17376,NaN,2883,2883,408,NaN,8,9,2,1,NaN,NaN,14590080,1023224,3,48640,43520,NaN,NaN
2026-04-01 14:02:38.463,47914,ESTAB,bbr,224,22.479,6.779,20.818,1448,12,17376,NaN,2883,2883,408,NaN,8,9,2,1,NaN,NaN,14590080,1023224,3,48640,43520,NaN,NaN
2026-04-01 14:02:38.695,47914,ESTAB,bbr,224,22.479,6.779,20.818,1448,12,17376,NaN,2883,2883,408,NaN,8,9,2,1,NaN,NaN,14590080,1023224,3,48640,43520,NaN,NaN
2026-04-01 14:02:38.921,47914,ESTAB,bbr,224,22.479,6.779,20.818,1448,12,17376,NaN,2883,2883,408,NaN,8,9,2,1,NaN,NaN,14590080,1023224,3,48640,43520,NaN,NaN
2026-04-01 14:02:39.151,47914,ESTAB,bbr,224,22.479,6.779,20.818,1448,12,17376,NaN,2883,2883,408,NaN,8,9,2,1,NaN,NaN,14590080,1023224,3,48640,43520,NaN,NaN
2026-04-01 14:02:39.391,47914,ESTAB,bbr,224,22.479,6.779,20.818,1448,12,17376,NaN,2883,2883,408,NaN,9,9,2,1,NaN,NaN,14590080,1023224,3,48640,43520,NaN,NaN
2026-04-01 14:02:39.644,47914,ESTAB,bbr,224,22.479,6.779,20.818,1448,12,17376,NaN,2883,2883,408,NaN,9,10,2,1,NaN,NaN,14590080,1023224,3,48640,43520,NaN,NaN
2026-04-01 14:02:39.878,47914,ESTAB,bbr,224,22.479,6.779,20.818,1448,12,17376,NaN,2883,2883,408,NaN,9,10,2,1,NaN,NaN,14590080,1023224,3,48640,43520,NaN,NaN
2026-04-01 14:02:40.110,47914,ESTAB,bbr,224,22.479,6.779,20.818,1448,12,17376,NaN,2883,2883,408,NaN,9,10,2,1,NaN,NaN,14590080,1023224,3,48640,43520,NaN,NaN
2026-04-01 14:02:40.345,47914,ESTAB,bbr,224,22.479,6.779,20.818,1448,12,17376,NaN,2883,2883,408,NaN,9,10,2,1,NaN,NaN,14590080,1023224,3,48640,43520,NaN,NaN
2026-04-01 14:02:40.584,47914,ESTAB,bbr,224,22.479,6.779,20.818,1448,12,17376,NaN,2883,2883,408,NaN,9,10,2,1,NaN,NaN,14590080,1023224,3,48640,43520,NaN,NaN
2026-04-01 14:02:40.822,47914,ESTAB,bbr,224,22.479,6.779,20.818,1448,12,17376,NaN,2883,2883,408,NaN,9,10,2,1,NaN,NaN,14590080,1023224,3,48640,43520,NaN,NaN
2026-04-01 14:02:41.052,47914,ESTAB,bbr,224,22.479,6.779,20.818,1448,12,17376,NaN,2883,2883,408,NaN,9,10,2,1,NaN,NaN,14590080,1023224,3,48640,43520,NaN,NaN
2026-04-01 14:02:41.286,47914,ESTAB,bbr,224,22.479,6.779,20.818,1448,12,17376,NaN,2883,2883,408,NaN,9,10,2,1,NaN,NaN,14590080,1023224,3,48640,43520,NaN,NaN
2026-04-01 14:02:41.524,47914,ESTAB,bbr,224,22.479,6.779,20.818,1448,12,17376,NaN,2883,2883,408,NaN,9,10,2,1,NaN,NaN,14590080,1023224,3,48640,43520,NaN,NaN
2026-04-01 14:02:41.763,47914,ESTAB,bbr,224,22.479,6.779,20.818,1448,12,17376,NaN,2883,2883,408,NaN,9,10,2,1,NaN,NaN,14590080,1023224,3,48640,43520,NaN,NaN
2026-04-01 14:02:41.999,47914,ESTAB,bbr,224,22.479,6.779,20.818,1448,12,17376,NaN,2883,2883,408,NaN,9,10,2,1,NaN,NaN,14590080,1023224,3,48640,43520,NaN,NaN
2026-04-01 14:02:42.228,47914,ESTAB,bbr,224,22.479,6.779,20.818,1448,12,17376,NaN,2883,2883,408,NaN,9,10,2,1,NaN,NaN,14590080,1023224,3,48640,43520,NaN,NaN
2026-04-01 14:02:42.451,47914,ESTAB,bbr,224,22.479,6.779,20.818,1448,12,17376,NaN,2883,2883,408,NaN,9,10,2,1,NaN,NaN,14590080,1023224,3,48640,43520,NaN,NaN
2026-04-01 14:02:42.676,47914,ESTAB,bbr,224,22.479,6.779,20.818,1448,12,17376,NaN,2883,2883,408,NaN,9,10,2,1,NaN,NaN,14590080,1023224,3,48640,43520,NaN,NaN
2026-04-01 14:02:42.918,47914,ESTAB,bbr,224,22.479,6.779,20.818,1448,12,17376,NaN,2883,2883,408,NaN,9,10,2,1,NaN,NaN,14590080,1023224,3,48640,43520,NaN,NaN
2026-04-01 14:02:43.148,47914,ESTAB,bbr,224,22.479,6.779,20.818,1448,12,17376,NaN,2883,2883,408,NaN,9,10,2,1,NaN,NaN,14590080,1023224,3,48640,43520,NaN,NaN
2026-04-01 14:02:43.373,47914,ESTAB,bbr,224,22.479,6.779,20.818,1448,12,17376,NaN,2883,2883,408,NaN,9,10,2,1,NaN,NaN,14590080,1023224,3,48640,43520,NaN,NaN
2026-04-01 14:02:43.610,47914,ESTAB,bbr,224,22.479,6.779,20.818,1448,12,17376,NaN,2883,2883,408,NaN,9,10,2,1,NaN,NaN,14590080,1023224,3,48640,43520,NaN,NaN
2026-04-01 14:02:43.842,47914,ESTAB,bbr,224,22.479,6.779,20.818,1448,12,17376,NaN,2883,2883,408,NaN,9,10,2,1,NaN,NaN,14590080,1023224,3,48640,43520,NaN,NaN
2026-04-01 14:02:44.082,47914,ESTAB,bbr,224,22.479,6.779,20.818,1448,12,17376,NaN,2883,2883,408,NaN,9,10,2,1,NaN,NaN,14590080,1023224,3,48640,43520,NaN,NaN
2026-04-01 14:02:44.325,47914,ESTAB,bbr,224,22.479,6.779,20.818,1448,12,17376,NaN,2883,2883,408,NaN,9,10,2,1,NaN,NaN,14590080,1023224,3,48640,43520,NaN,NaN
2026-04-01 14:02:44.557,47914,ESTAB,bbr,224,22.479,6.779,20.818,1448,12,17376,NaN,2883,2883,408,NaN,9,10,2,1,NaN,NaN,14590080,1023224,3,48640,43520,NaN,NaN
2026-04-01 14:02:44.786,47914,ESTAB,bbr,224,22.479,6.779,20.818,1448,12,17376,NaN,2883,2883,408,NaN,9,10,2,1,NaN,NaN,14590080,1023224,3,48640,43520,NaN,NaN
2026-04-01 14:02:45.017,47914,ESTAB,bbr,224,22.479,6.779,20.818,1448,12,17376,NaN,2883,2883,408,NaN,9,10,2,1,NaN,NaN,14590080,1023224,3,48640,43520,NaN,NaN
2026-04-01 14:02:45.252,47914,ESTAB,bbr,224,22.479,6.779,20.818,1448,12,17376,NaN,2883,2883,408,NaN,9,10,2,1,NaN,NaN,14590080,1023224,3,48640,43520,NaN,NaN
2026-04-01 14:02:45.484,47914,ESTAB,bbr,224,22.479,6.779,20.818,1448,12,17376,NaN,2883,2883,408,NaN,9,10,2,1,NaN,NaN,14590080,1023224,3,48640,43520,NaN,NaN
2026-04-01 14:02:45.712,47914,ESTAB,bbr,224,22.479,6.779,20.818,1448,12,17376,NaN,2883,2883,408,NaN,9,10,2,1,NaN,NaN,14590080,1023224,3,48640,43520,NaN,NaN
2026-04-01 14:02:45.932,47914,ESTAB,bbr,224,22.479,6.779,20.818,1448,12,17376,NaN,2883,2883,408,NaN,9,10,2,1,NaN,NaN,14590080,1023224,3,48640,43520,NaN,NaN
2026-04-01 14:02:46.158,47914,ESTAB,bbr,224,22.479,6.779,20.818,1448,12,17376,NaN,2883,2883,408,NaN,9,10,2,1,NaN,NaN,14590080,1023224,3,48640,43520,NaN,NaN
2026-04-01 14:02:46.394,47914,ESTAB,bbr,224,22.479,6.779,20.818,1448,12,17376,NaN,2883,2883,408,NaN,9,10,2,1,NaN,NaN,14590080,1023224,3,48640,43520,NaN,NaN
2026-04-01 14:02:46.627,47914,ESTAB,bbr,224,22.479,6.779,20.818,1448,12,17376,NaN,2883,2883,408,NaN,9,10,2,1,NaN,NaN,14590080,1023224,3,48640,43520,NaN,NaN
2026-04-01 14:02:46.860,47914,ESTAB,bbr,224,22.479,6.779,20.818,1448,12,17376,NaN,2883,2883,408,NaN,9,10,2,1,NaN,NaN,14590080,1023224,3,48640,43520,NaN,NaN
2026-04-01 14:02:47.089,47914,ESTAB,bbr,224,22.479,6.779,20.818,1448,12,17376,NaN,2883,2883,408,NaN,9,10,2,1,NaN,NaN,14590080,1023224,3,48640,43520,NaN,NaN
2026-04-01 14:02:47.311,47914,ESTAB,bbr,224,22.479,6.779,20.818,1448,12,17376,NaN,2883,2883,408,NaN,9,10,2,1,NaN,NaN,14590080,1023224,3,48640,43520,NaN,NaN
2026-04-01 14:02:47.536,47914,ESTAB,bbr,224,22.479,6.779,20.818,1448,12,17376,NaN,2883,2883,408,NaN,9,10,2,1,NaN,NaN,14590080,1023224,3,48640,43520,NaN,NaN
2026-04-01 14:02:47.763,47914,ESTAB,bbr,224,22.479,6.779,20.818,1448,12,17376,NaN,2883,2883,408,NaN,9,10,2,1,NaN,NaN,14590080,1023224,3,48640,43520,NaN,NaN
2026-04-01 14:02:47.991,47914,ESTAB,bbr,224,22.479,6.779,20.818,1448,12,17376,NaN,2883,2883,408,NaN,9,10,2,1,NaN,NaN,14590080,1023224,3,48640,43520,NaN,NaN
2026-04-01 14:02:48.224,47914,ESTAB,bbr,224,22.479,6.779,20.818,1448,12,17376,NaN,2883,2883,408,NaN,9,10,2,1,NaN,NaN,14590080,1023224,3,48640,43520,NaN,NaN
2026-04-01 14:02:48.479,47914,ESTAB,bbr,224,22.479,6.779,20.818,1448,12,17376,NaN,2883,2883,408,NaN,9,10,2,1,NaN,NaN,14590080,1023224,3,48640,43520,NaN,NaN
2026-04-01 14:02:48.720,47914,ESTAB,bbr,224,22.479,6.779,20.818,1448,12,17376,NaN,2883,2883,408,NaN,9,10,2,1,NaN,NaN,14590080,1023224,3,48640,43520,NaN,NaN
2026-04-01 14:02:48.957,47914,ESTAB,bbr,224,22.479,6.779,20.818,1448,12,17376,NaN,2883,2883,408,NaN,9,10,2,1,NaN,NaN,14590080,1023224,3,48640,43520,NaN,NaN
2026-04-01 14:02:49.201,47914,ESTAB,bbr,224,22.479,6.779,20.818,1448,12,17376,NaN,2883,2883,408,NaN,9,10,2,1,NaN,NaN,14590080,1023224,3,48640,43520,NaN,NaN
2026-04-01 14:02:49.446,47914,ESTAB,bbr,224,22.479,6.779,20.818,1448,12,17376,NaN,2883,2883,408,NaN,9,10,2,1,NaN,NaN,14590080,1023224,3,48640,43520,NaN,NaN
2026-04-01 14:02:49.685,47914,ESTAB,bbr,224,22.479,6.779,20.818,1448,12,17376,NaN,2883,2883,408,NaN,9,10,2,1,NaN,NaN,14590080,1023224,3,48640,43520,NaN,NaN
2026-04-01 14:02:49.920,47914,ESTAB,bbr,224,22.479,6.779,20.818,1448,12,17376,NaN,2883,2883,408,NaN,9,10,2,1,NaN,NaN,14590080,1023224,3,48640,43520,NaN,NaN
2026-04-01 14:02:50.148,47914,ESTAB,bbr,224,22.479,6.779,20.818,1448,12,17376,NaN,2883,2883,408,NaN,9,10,2,1,NaN,NaN,14590080,1023224,3,48640,43520,NaN,NaN
2026-04-01 14:02:50.390,47914,ESTAB,bbr,224,22.479,6.779,20.818,1448,12,17376,NaN,2883,2883,408,NaN,9,10,2,1,NaN,NaN,14590080,1023224,3,48640,43520,NaN,NaN
2026-04-01 14:02:50.641,47914,ESTAB,bbr,224,22.479,6.779,20.818,1448,12,17376,NaN,2883,2883,408,NaN,9,10,2,1,NaN,NaN,14590080,1023224,3,48640,43520,NaN,NaN
2026-04-01 14:02:50.875,47914,ESTAB,bbr,224,22.479,6.779,20.818,1448,12,17376,NaN,2883,2883,408,NaN,9,10,2,1,NaN,NaN,14590080,1023224,3,48640,43520,NaN,NaN
2026-04-01 14:02:51.105,47914,ESTAB,bbr,224,22.479,6.779,20.818,1448,12,17376,NaN,2883,2883,408,NaN,9,10,2,1,NaN,NaN,14590080,1023224,3,48640,43520,NaN,NaN
2026-04-01 14:02:51.338,47914,ESTAB,bbr,224,22.479,6.779,20.818,1448,12,17376,NaN,2883,2883,408,NaN,9,10,2,1,NaN,NaN,14590080,1023224,3,48640,43520,NaN,NaN
2026-04-01 14:02:51.576,47914,ESTAB,bbr,224,22.479,6.779,20.818,1448,12,17376,NaN,2883,2883,408,NaN,9,10,2,1,NaN,NaN,14590080,1023224,3,48640,43520,NaN,NaN
2026-04-01 14:02:51.811,47914,ESTAB,bbr,224,22.479,6.779,20.818,1448,12,17376,NaN,2883,2883,408,NaN,9,10,2,1,NaN,NaN,14590080,1023224,3,48640,43520,NaN,NaN
2026-04-01 14:02:52.046,47914,ESTAB,bbr,224,22.479,6.779,20.818,1448,12,17376,NaN,2883,2883,408,NaN,9,10,2,1,NaN,NaN,14590080,1023224,3,48640,43520,NaN,NaN
2026-04-01 14:02:52.285,47914,ESTAB,bbr,224,22.479,6.779,20.818,1448,12,17376,NaN,2883,2883,408,NaN,9,10,2,1,NaN,NaN,14590080,1023224,3,48640,43520,NaN,NaN
2026-04-01 14:02:52.525,47914,ESTAB,bbr,224,22.479,6.779,20.818,1448,12,17376,NaN,2883,2883,408,NaN,9,10,2,1,NaN,NaN,14590080,1023224,3,48640,43520,NaN,NaN
2026-04-01 14:02:52.763,47914,ESTAB,bbr,224,22.479,6.779,20.818,1448,12,17376,NaN,2883,2883,408,NaN,9,10,2,1,NaN,NaN,14590080,1023224,3,48640,43520,NaN,NaN
2026-04-01 14:02:52.998,47914,ESTAB,bbr,224,22.479,6.779,20.818,1448,12,17376,NaN,2883,2883,408,NaN,9,10,2,1,NaN,NaN,14590080,1023224,3,48640,43520,NaN,NaN
2026-04-01 14:02:53.231,47914,ESTAB,bbr,224,22.479,6.779,20.818,1448,12,17376,NaN,2883,2883,408,NaN,9,10,2,1,NaN,NaN,14590080,1023224,3,48640,43520,NaN,NaN
2026-04-01 14:02:53.465,47914,ESTAB,bbr,224,22.479,6.779,20.818,1448,12,17376,NaN,2883,2883,408,NaN,9,10,2,1,NaN,NaN,14590080,1023224,3,48640,43520,NaN,NaN
2026-04-01 14:02:53.693,47914,ESTAB,bbr,224,22.479,6.779,20.818,1448,12,17376,NaN,2883,2883,408,NaN,9,10,2,1,NaN,NaN,14590080,1023224,3,48640,43520,NaN,NaN
2026-04-01 14:02:53.920,47914,ESTAB,bbr,224,22.479,6.779,20.818,1448,12,17376,NaN,2883,2883,408,NaN,9,10,2,1,NaN,NaN,14590080,1023224,3,48640,43520,NaN,NaN
2026-04-01 14:02:54.141,47914,ESTAB,bbr,224,22.479,6.779,20.818,1448,12,17376,NaN,2883,2883,408,NaN,9,10,2,1,NaN,NaN,14590080,1023224,3,48640,43520,NaN,NaN
2026-04-01 14:02:54.374,47914,ESTAB,bbr,224,22.479,6.779,20.818,1448,12,17376,NaN,2883,2883,408,NaN,9,10,2,1,NaN,NaN,14590080,1023224,3,48640,43520,NaN,NaN
2026-04-01 14:02:54.614,47914,ESTAB,bbr,224,22.479,6.779,20.818,1448,12,17376,NaN,2883,2883,408,NaN,10,11,2,1,NaN,NaN,14590080,1023224,3,48640,43520,NaN,NaN
2026-04-01 14:02:54.846,47914,ESTAB,bbr,224,22.479,6.779,20.818,1448,12,17376,NaN,2883,2883,408,NaN,10,11,2,1,NaN,NaN,14590080,1023224,3,48640,43520,NaN,NaN
2026-04-01 14:02:55.075,47914,ESTAB,bbr,224,22.479,6.779,20.818,1448,12,17376,NaN,2883,2883,408,NaN,10,11,2,1,NaN,NaN,14590080,1023224,3,48640,43520,NaN,NaN
2026-04-01 14:02:55.305,47914,ESTAB,bbr,224,22.479,6.779,20.818,1448,12,17376,NaN,2883,2883,408,NaN,10,11,2,1,NaN,NaN,14590080,1023224,3,48640,43520,NaN,NaN
2026-04-01 14:02:55.531,47914,ESTAB,bbr,224,22.479,6.779,20.818,1448,12,17376,NaN,2883,2883,408,NaN,10,11,2,1,NaN,NaN,14590080,1023224,3,48640,43520,NaN,NaN
2026-04-01 14:02:55.766,47914,ESTAB,bbr,224,22.479,6.779,20.818,1448,12,17376,NaN,2883,2883,408,NaN,10,11,2,1,NaN,NaN,14590080,1023224,3,48640,43520,NaN,NaN
2026-04-01 14:02:56.003,47914,ESTAB,bbr,224,22.479,6.779,20.818,1448,12,17376,NaN,2883,2883,408,NaN,10,11,2,1,NaN,NaN,14590080,1023224,3,48640,43520,NaN,NaN
2026-04-01 14:02:56.230,47914,ESTAB,bbr,224,22.479,6.779,20.818,1448,12,17376,NaN,2883,2883,408,NaN,10,11,2,1,NaN,NaN,14590080,1023224,3,48640,43520,NaN,NaN
2026-04-01 14:02:56.459,47914,ESTAB,bbr,224,22.479,6.779,20.818,1448,12,17376,NaN,2883,2883,408,NaN,10,11,2,1,NaN,NaN,14590080,1023224,3,48640,43520,NaN,NaN
2026-04-01 14:02:56.696,47914,ESTAB,bbr,224,22.479,6.779,20.818,1448,12,17376,NaN,2883,2883,408,NaN,10,11,2,1,NaN,NaN,14590080,1023224,3,48640,43520,NaN,NaN
2026-04-01 14:02:56.923,47914,ESTAB,bbr,224,22.479,6.779,20.818,1448,12,17376,NaN,2883,2883,408,NaN,10,11,2,1,NaN,NaN,14590080,1023224,3,48640,43520,NaN,NaN
2026-04-01 14:02:57.146,47914,ESTAB,bbr,224,22.479,6.779,20.818,1448,12,17376,NaN,2883,2883,408,NaN,10,11,2,1,NaN,NaN,14590080,1023224,3,48640,43520,NaN,NaN
2026-04-01 14:02:57.369,47914,ESTAB,bbr,224,22.479,6.779,20.818,1448,12,17376,NaN,2883,2883,408,NaN,10,11,2,1,NaN,NaN,14590080,1023224,3,48640,43520,NaN,NaN
2026-04-01 14:02:57.597,47914,ESTAB,bbr,224,22.479,6.779,20.818,1448,12,17376,NaN,2883,2883,408,NaN,10,11,2,1,NaN,NaN,14590080,1023224,3,48640,43520,NaN,NaN
2026-04-01 14:02:57.827,47914,ESTAB,bbr,224,22.479,6.779,20.818,1448,12,17376,NaN,2883,2883,408,NaN,10,11,2,1,NaN,NaN,14590080,1023224,3,48640,43520,NaN,NaN
2026-04-01 14:02:58.061,47914,ESTAB,bbr,224,22.479,6.779,20.818,1448,12,17376,NaN,2883,2883,408,NaN,10,11,2,1,NaN,NaN,14590080,1023224,3,48640,43520,NaN,NaN
2026-04-01 14:02:58.298,47914,ESTAB,bbr,224,22.479,6.779,20.818,1448,12,17376,NaN,2883,2883,408,NaN,10,11,2,1,NaN,NaN,14590080,1023224,3,48640,43520,NaN,NaN
2026-04-01 14:02:58.534,47914,ESTAB,bbr,224,22.479,6.779,20.818,1448,12,17376,NaN,2883,2883,408,NaN,10,11,2,1,NaN,NaN,14590080,1023224,3,48640,43520,NaN,NaN
2026-04-01 14:02:58.762,47914,ESTAB,bbr,224,22.479,6.779,20.818,1448,12,17376,NaN,2883,2883,408,NaN,10,11,2,1,NaN,NaN,14590080,1023224,3,48640,43520,NaN,NaN
2026-04-01 14:02:58.986,47914,ESTAB,bbr,224,22.479,6.779,20.818,1448,12,17376,NaN,2883,2883,408,NaN,10,11,2,1,NaN,NaN,14590080,1023224,3,48640,43520,NaN,NaN
2026-04-01 14:02:59.214,47914,ESTAB,bbr,224,22.479,6.779,20.818,1448,12,17376,NaN,2883,2883,408,NaN,10,11,2,1,NaN,NaN,14590080,1023224,3,48640,43520,NaN,NaN
2026-04-01 14:02:59.449,47914,ESTAB,bbr,224,22.479,6.779,20.818,1448,12,17376,NaN,2883,2883,408,NaN,10,11,2,1,NaN,NaN,14590080,1023224,3,48640,43520,NaN,NaN
2026-04-01 14:02:59.695,47914,ESTAB,bbr,224,22.479,6.779,20.818,1448,12,17376,NaN,2883,2883,408,NaN,10,11,2,1,NaN,NaN,14590080,1023224,3,48640,43520,NaN,NaN
2026-04-01 14:02:59.930,47914,ESTAB,bbr,224,22.479,6.779,20.818,1448,12,17376,NaN,2883,2883,408,NaN,10,11,2,1,NaN,NaN,14590080,1023224,3,48640,43520,NaN,NaN
2026-04-01 14:03:00.155,47914,ESTAB,bbr,224,22.479,6.779,20.818,1448,12,17376,NaN,2883,2883,408,NaN,10,11,2,1,NaN,NaN,14590080,1023224,3,48640,43520,NaN,NaN
2026-04-01 14:03:00.383,47914,ESTAB,bbr,224,22.479,6.779,20.818,1448,12,17376,NaN,2883,2883,408,NaN,10,11,2,1,NaN,NaN,14590080,1023224,3,48640,43520,NaN,NaN
2026-04-01 14:03:00.633,47914,ESTAB,bbr,224,22.479,6.779,20.818,1448,12,17376,NaN,2883,2883,408,NaN,10,11,2,1,NaN,NaN,14590080,1023224,3,48640,43520,NaN,NaN
2026-04-01 14:03:00.867,47914,ESTAB,bbr,224,22.479,6.779,20.818,1448,12,17376,NaN,2883,2883,408,NaN,10,11,2,1,NaN,NaN,14590080,1023224,3,48640,43520,NaN,NaN
2026-04-01 14:03:01.101,47914,ESTAB,bbr,224,22.479,6.779,20.818,1448,12,17376,NaN,2883,2883,408,NaN,10,11,2,1,NaN,NaN,14590080,1023224,3,48640,43520,NaN,NaN
2026-04-01 14:03:01.335,47914,ESTAB,bbr,224,22.479,6.779,20.818,1448,12,17376,NaN,2883,2883,408,NaN,10,11,2,1,NaN,NaN,14590080,1023224,3,48640,43520,NaN,NaN
2026-04-01 14:03:01.574,47914,ESTAB,bbr,224,22.479,6.779,20.818,1448,12,17376,NaN,2883,2883,408,NaN,10,11,2,1,NaN,NaN,14590080,1023224,3,48640,43520,NaN,NaN
2026-04-01 14:03:01.806,47914,ESTAB,bbr,224,22.479,6.779,20.818,1448,12,17376,NaN,2883,2883,408,NaN,10,11,2,1,NaN,NaN,14590080,1023224,3,48640,43520,NaN,NaN
2026-04-01 14:03:02.051,47914,ESTAB,bbr,224,22.479,6.779,20.818,1448,12,17376,NaN,2883,2883,408,NaN,10,11,2,1,NaN,NaN,14590080,1023224,3,48640,43520,NaN,NaN
2026-04-01 14:03:02.297,47914,ESTAB,bbr,224,22.479,6.779,20.818,1448,12,17376,NaN,2883,2883,408,NaN,10,11,2,1,NaN,NaN,14590080,1023224,3,48640,43520,NaN,NaN
2026-04-01 14:03:02.541,47914,ESTAB,bbr,224,22.479,6.779,20.818,1448,12,17376,NaN,2883,2883,408,NaN,10,11,2,1,NaN,NaN,14590080,1023224,3,48640,43520,NaN,NaN
2026-04-01 14:03:02.779,47914,ESTAB,bbr,224,22.479,6.779,20.818,1448,12,17376,NaN,2883,2883,408,NaN,10,11,2,1,NaN,NaN,14590080,1023224,3,48640,43520,NaN,NaN
2026-04-01 14:03:03.009,47914,ESTAB,bbr,224,22.479,6.779,20.818,1448,12,17376,NaN,2883,2883,408,NaN,10,11,2,1,NaN,NaN,14590080,1023224,3,48640,43520,NaN,NaN
2026-04-01 14:03:03.249,47914,ESTAB,bbr,224,22.479,6.779,20.818,1448,12,17376,NaN,2883,2883,408,NaN,10,11,2,1,NaN,NaN,14590080,1023224,3,48640,43520,NaN,NaN
2026-04-01 14:03:03.490,47914,ESTAB,bbr,224,22.479,6.779,20.818,1448,12,17376,NaN,2883,2883,408,NaN,10,11,2,1,NaN,NaN,14590080,1023224,3,48640,43520,NaN,NaN
2026-04-01 14:03:03.726,47914,ESTAB,bbr,224,22.479,6.779,20.818,1448,12,17376,NaN,2883,2883,408,NaN,10,11,2,1,NaN,NaN,14590080,1023224,3,48640,43520,NaN,NaN
2026-04-01 14:03:03.961,47914,ESTAB,bbr,224,22.479,6.779,20.818,1448,12,17376,NaN,2883,2883,408,NaN,10,11,2,1,NaN,NaN,14590080,1023224,3,48640,43520,NaN,NaN
2026-04-01 14:03:04.188,47914,ESTAB,bbr,224,22.479,6.779,20.818,1448,12,17376,NaN,2883,2883,408,NaN,10,11,2,1,NaN,NaN,14590080,1023224,3,48640,43520,NaN,NaN
2026-04-01 14:03:04.422,47914,ESTAB,bbr,224,22.479,6.779,20.818,1448,12,17376,NaN,2883,2883,408,NaN,10,11,2,1,NaN,NaN,14590080,1023224,3,48640,43520,NaN,NaN
2026-04-01 14:03:04.664,47914,ESTAB,bbr,224,22.479,6.779,20.818,1448,12,17376,NaN,2883,2883,408,NaN,10,11,2,1,NaN,NaN,14590080,1023224,3,48640,43520,NaN,NaN
2026-04-01 14:03:04.924,47914,ESTAB,bbr,224,22.479,6.779,20.818,1448,12,17376,NaN,2883,2883,408,NaN,10,11,2,1,NaN,NaN,14590080,1023224,3,48640,43520,NaN,NaN
2026-04-01 14:03:05.176,47914,ESTAB,bbr,224,22.479,6.779,20.818,1448,12,17376,NaN,2883,2883,408,NaN,10,11,2,1,NaN,NaN,14590080,1023224,3,48640,43520,NaN,NaN
2026-04-01 14:03:05.425,47914,ESTAB,bbr,224,22.479,6.779,20.818,1448,12,17376,NaN,2883,2883,408,NaN,10,11,2,1,NaN,NaN,14590080,1023224,3,48640,43520,NaN,NaN
2026-04-01 14:03:05.673,47914,ESTAB,bbr,224,22.479,6.779,20.818,1448,12,17376,NaN,2883,2883,408,NaN,10,11,2,1,NaN,NaN,14590080,1023224,3,48640,43520,NaN,NaN
2026-04-01 14:03:05.905,47914,ESTAB,bbr,224,22.479,6.779,20.818,1448,12,17376,NaN,2883,2883,408,NaN,10,11,2,1,NaN,NaN,14590080,1023224,3,48640,43520,NaN,NaN
2026-04-01 14:03:06.142,47914,ESTAB,bbr,224,22.479,6.779,20.818,1448,12,17376,NaN,2883,2883,408,NaN,10,11,2,1,NaN,NaN,14590080,1023224,3,48640,43520,NaN,NaN
2026-04-01 14:03:06.390,47914,ESTAB,bbr,224,22.479,6.779,20.818,1448,12,17376,NaN,2883,2883,408,NaN,10,11,2,1,NaN,NaN,14590080,1023224,3,48640,43520,NaN,NaN
2026-04-01 14:03:06.633,47914,ESTAB,bbr,224,22.479,6.779,20.818,1448,12,17376,NaN,2883,2883,408,NaN,10,11,2,1,NaN,NaN,14590080,1023224,3,48640,43520,NaN,NaN
2026-04-01 14:03:06.876,47914,ESTAB,bbr,224,22.479,6.779,20.818,1448,12,17376,NaN,2883,2883,408,NaN,10,11,2,1,NaN,NaN,14590080,1023224,3,48640,43520,NaN,NaN
2026-04-01 14:03:07.122,47914,ESTAB,bbr,224,22.479,6.779,20.818,1448,12,17376,NaN,2883,2883,408,NaN,10,11,2,1,NaN,NaN,14590080,1023224,3,48640,43520,NaN,NaN
2026-04-01 14:03:07.365,47914,ESTAB,bbr,224,22.479,6.779,20.818,1448,12,17376,NaN,2883,2883,408,NaN,10,11,2,1,NaN,NaN,14590080,1023224,3,48640,43520,NaN,NaN
2026-04-01 14:03:07.614,47914,ESTAB,bbr,224,22.479,6.779,20.818,1448,12,17376,NaN,2883,2883,408,NaN,10,11,2,1,NaN,NaN,14590080,1023224,3,48640,43520,NaN,NaN
2026-04-01 14:03:07.859,47914,ESTAB,bbr,224,22.479,6.779,20.818,1448,12,17376,NaN,2883,2883,408,NaN,10,11,2,1,NaN,NaN,14590080,1023224,3,48640,43520,NaN,NaN
2026-04-01 14:03:08.108,47914,ESTAB,bbr,224,22.479,6.779,20.818,1448,12,17376,NaN,2883,2883,408,NaN,10,11,2,1,NaN,NaN,14590080,1023224,3,48640,43520,NaN,NaN
2026-04-01 14:03:08.358,47914,ESTAB,bbr,224,22.479,6.779,20.818,1448,12,17376,NaN,2883,2883,408,NaN,10,11,2,1,NaN,NaN,14590080,1023224,3,48640,43520,NaN,NaN
2026-04-01 14:03:08.601,47914,ESTAB,bbr,224,22.479,6.779,20.818,1448,12,17376,NaN,2883,2883,408,NaN,10,11,2,1,NaN,NaN,14590080,1023224,3,48640,43520,NaN,NaN
2026-04-01 14:03:08.845,47914,ESTAB,bbr,224,22.479,6.779,20.818,1448,12,17376,NaN,2883,2883,408,NaN,10,11,2,1,NaN,NaN,14590080,1023224,3,48640,43520,NaN,NaN
2026-04-01 14:03:09.092,47914,ESTAB,bbr,224,22.479,6.779,20.818,1448,12,17376,NaN,2883,2883,408,NaN,10,11,2,1,NaN,NaN,14590080,1023224,3,48640,43520,NaN,NaN
2026-04-01 14:03:09.341,47914,ESTAB,bbr,224,22.479,6.779,20.818,1448,12,17376,NaN,2883,2883,408,NaN,10,11,2,1,NaN,NaN,14590080,1023224,3,48640,43520,NaN,NaN
2026-04-01 14:03:09.573,47914,ESTAB,bbr,224,22.479,6.779,20.818,1448,12,17376,NaN,2883,2883,408,NaN,10,11,2,1,NaN,NaN,14590080,1023224,3,48640,43520,NaN,NaN
2026-04-01 14:03:09.802,47914,ESTAB,bbr,224,22.479,6.779,20.818,1448,12,17376,NaN,2883,2883,408,NaN,11,12,2,1,NaN,NaN,14590080,1023224,3,48640,43520,NaN,NaN
2026-04-01 14:03:10.032,47914,ESTAB,bbr,224,22.479,6.779,20.818,1448,12,17376,NaN,2883,2883,408,NaN,11,12,2,1,NaN,NaN,14590080,1023224,3,48640,43520,NaN,NaN
2026-04-01 14:03:10.264,47914,ESTAB,bbr,224,22.479,6.779,20.818,1448,12,17376,NaN,2883,2883,408,NaN,11,12,2,1,NaN,NaN,14590080,1023224,3,48640,43520,NaN,NaN
2026-04-01 14:03:10.494,47914,ESTAB,bbr,224,22.479,6.779,20.818,1448,12,17376,NaN,2883,2883,408,NaN,11,12,2,1,NaN,NaN,14590080,1023224,3,48640,43520,NaN,NaN
2026-04-01 14:03:10.735,47914,ESTAB,bbr,224,22.479,6.779,20.818,1448,12,17376,NaN,2883,2883,408,NaN,11,12,2,1,NaN,NaN,14590080,1023224,3,48640,43520,NaN,NaN
2026-04-01 14:03:10.980,47914,ESTAB,bbr,224,22.479,6.779,20.818,1448,12,17376,NaN,2883,2883,408,NaN,11,12,2,1,NaN,NaN,14590080,1023224,3,48640,43520,NaN,NaN
2026-04-01 14:03:11.217,47914,ESTAB,bbr,224,22.479,6.779,20.818,1448,12,17376,NaN,2883,2883,408,NaN,12,13,2,1,NaN,NaN,14590080,1023224,3,48640,43520,NaN,NaN
2026-04-01 14:03:11.450,47914,ESTAB,bbr,224,22.479,6.779,20.818,1448,12,17376,NaN,2883,2883,408,NaN,12,13,2,1,NaN,NaN,14590080,1023224,3,48640,43520,NaN,NaN
2026-04-01 14:03:11.683,47914,ESTAB,bbr,224,22.479,6.779,20.818,1448,12,17376,NaN,2883,2883,408,NaN,12,13,2,1,NaN,NaN,14590080,1023224,3,48640,43520,NaN,NaN
2026-04-01 14:03:11.915,47914,ESTAB,bbr,224,22.479,6.779,20.818,1448,12,17376,NaN,2883,2883,408,NaN,12,13,2,1,NaN,NaN,14590080,1023224,3,48640,43520,NaN,NaN
2026-04-01 14:03:12.143,47914,ESTAB,bbr,224,22.479,6.779,20.818,1448,12,17376,NaN,2883,2883,408,NaN,12,13,2,1,NaN,NaN,14590080,1023224,3,48640,43520,NaN,NaN
2026-04-01 14:03:12.374,47914,ESTAB,bbr,224,22.479,6.779,20.818,1448,12,17376,NaN,2883,2883,408,NaN,12,13,2,1,NaN,NaN,14590080,1023224,3,48640,43520,NaN,NaN
2026-04-01 14:03:12.607,47914,ESTAB,bbr,224,22.479,6.779,20.818,1448,12,17376,NaN,2883,2883,408,NaN,12,13,2,1,NaN,NaN,14590080,1023224,3,48640,43520,NaN,NaN
2026-04-01 14:03:12.848,47914,ESTAB,bbr,224,22.479,6.779,20.818,1448,12,17376,NaN,2883,2883,408,NaN,12,13,2,1,NaN,NaN,14590080,1023224,3,48640,43520,NaN,NaN
2026-04-01 14:03:13.089,47914,ESTAB,bbr,224,22.479,6.779,20.818,1448,12,17376,NaN,2883,2883,408,NaN,12,13,2,1,NaN,NaN,14590080,1023224,3,48640,43520,NaN,NaN
2026-04-01 14:03:13.330,47914,ESTAB,bbr,224,22.479,6.779,20.818,1448,12,17376,NaN,2883,2883,408,NaN,12,13,2,1,NaN,NaN,14590080,1023224,3,48640,43520,NaN,NaN
2026-04-01 14:03:13.569,47914,ESTAB,bbr,224,22.479,6.779,20.818,1448,12,17376,NaN,2883,2883,408,NaN,12,13,2,1,NaN,NaN,14590080,1023224,3,48640,43520,NaN,NaN
2026-04-01 14:03:13.801,47914,ESTAB,bbr,224,22.479,6.779,20.818,1448,12,17376,NaN,2883,2883,408,NaN,12,13,2,1,NaN,NaN,14590080,1023224,3,48640,43520,NaN,NaN
2026-04-01 14:03:14.031,47914,ESTAB,bbr,224,22.479,6.779,20.818,1448,12,17376,NaN,2883,2883,408,NaN,12,13,2,1,NaN,NaN,14590080,1023224,3,48640,43520,NaN,NaN
2026-04-01 14:03:14.263,47914,ESTAB,bbr,224,22.479,6.779,20.818,1448,12,17376,NaN,2883,2883,408,NaN,12,13,2,1,NaN,NaN,14590080,1023224,3,48640,43520,NaN,NaN
2026-04-01 14:03:14.494,47914,ESTAB,bbr,224,22.479,6.779,20.818,1448,12,17376,NaN,2883,2883,408,NaN,12,13,2,1,NaN,NaN,14590080,1023224,3,48640,43520,NaN,NaN
2026-04-01 14:03:14.721,47914,ESTAB,bbr,224,22.479,6.779,20.818,1448,12,17376,NaN,2883,2883,408,NaN,12,13,2,1,NaN,NaN,14590080,1023224,3,48640,43520,NaN,NaN
2026-04-01 14:03:14.952,47914,ESTAB,bbr,224,22.479,6.779,20.818,1448,12,17376,NaN,2883,2883,408,NaN,12,13,2,1,NaN,NaN,14590080,1023224,3,48640,43520,NaN,NaN
2026-04-01 14:03:15.188,47914,ESTAB,bbr,224,22.479,6.779,20.818,1448,12,17376,NaN,2883,2883,408,NaN,12,13,2,1,NaN,NaN,14590080,1023224,3,48640,43520,NaN,NaN
2026-04-01 14:03:15.422,47914,ESTAB,bbr,224,22.479,6.779,20.818,1448,12,17376,NaN,2883,2883,408,NaN,12,13,2,1,NaN,NaN,14590080,1023224,3,48640,43520,NaN,NaN
2026-04-01 14:03:15.648,47914,ESTAB,bbr,224,22.479,6.779,20.818,1448,12,17376,NaN,2883,2883,408,NaN,12,13,2,1,NaN,NaN,14590080,1023224,3,48640,43520,NaN,NaN
2026-04-01 14:03:15.878,47914,ESTAB,bbr,224,22.479,6.779,20.818,1448,12,17376,NaN,2883,2883,408,NaN,12,13,2,1,NaN,NaN,14590080,1023224,3,48640,43520,NaN,NaN
2026-04-01 14:03:16.115,47914,ESTAB,bbr,224,22.479,6.779,20.818,1448,12,17376,NaN,2883,2883,408,NaN,12,13,2,1,NaN,NaN,14590080,1023224,3,48640,43520,NaN,NaN
2026-04-01 14:03:16.358,47914,ESTAB,bbr,224,22.479,6.779,20.818,1448,12,17376,NaN,2883,2883,408,NaN,12,13,2,1,NaN,NaN,14590080,1023224,3,48640,43520,NaN,NaN
2026-04-01 14:03:16.589,47914,ESTAB,bbr,224,22.479,6.779,20.818,1448,12,17376,NaN,2883,2883,408,NaN,12,13,2,1,NaN,NaN,14590080,1023224,3,48640,43520,NaN,NaN
2026-04-01 14:03:16.828,47914,ESTAB,bbr,224,22.479,6.779,20.818,1448,12,17376,NaN,2883,2883,408,NaN,12,13,2,1,NaN,NaN,14590080,1023224,3,48640,43520,NaN,NaN
2026-04-01 14:03:17.071,47914,ESTAB,bbr,224,22.479,6.779,20.818,1448,12,17376,NaN,2883,2883,408,NaN,12,13,2,1,NaN,NaN,14590080,1023224,3,48640,43520,NaN,NaN
2026-04-01 14:03:17.294,47914,ESTAB,bbr,224,22.479,6.779,20.818,1448,12,17376,NaN,2883,2883,408,NaN,12,13,2,1,NaN,NaN,14590080,1023224,3,48640,43520,NaN,NaN
2026-04-01 14:03:17.517,47914,ESTAB,bbr,224,22.479,6.779,20.818,1448,12,17376,NaN,2883,2883,408,NaN,12,13,2,1,NaN,NaN,14590080,1023224,3,48640,43520,NaN,NaN
2026-04-01 14:03:17.742,47914,ESTAB,bbr,224,22.479,6.779,20.818,1448,12,17376,NaN,2883,2883,408,NaN,12,13,2,1,NaN,NaN,14590080,1023224,3,48640,43520,NaN,NaN
2026-04-01 14:03:17.971,47914,ESTAB,bbr,224,22.479,6.779,20.818,1448,12,17376,NaN,2883,2883,408,NaN,12,13,2,1,NaN,NaN,14590080,1023224,3,48640,43520,NaN,NaN
2026-04-01 14:03:18.211,47914,ESTAB,bbr,224,22.479,6.779,20.818,1448,12,17376,NaN,2883,2883,408,NaN,12,13,2,1,NaN,NaN,14590080,1023224,3,48640,43520,NaN,NaN
2026-04-01 14:03:18.466,47914,ESTAB,bbr,224,22.479,6.779,20.818,1448,12,17376,NaN,2883,2883,408,NaN,12,13,2,1,NaN,NaN,14590080,1023224,3,48640,43520,NaN,NaN
2026-04-01 14:03:18.718,47914,ESTAB,bbr,224,22.479,6.779,20.818,1448,12,17376,NaN,2883,2883,408,NaN,12,13,2,1,NaN,NaN,14590080,1023224,3,48640,43520,NaN,NaN
2026-04-01 14:03:18.958,47914,ESTAB,bbr,224,22.479,6.779,20.818,1448,12,17376,NaN,2883,2883,408,NaN,12,13,2,1,NaN,NaN,14590080,1023224,3,48640,43520,NaN,NaN
2026-04-01 14:03:19.205,47914,ESTAB,bbr,224,22.479,6.779,20.818,1448,12,17376,NaN,2883,2883,408,NaN,12,13,2,1,NaN,NaN,14590080,1023224,3,48640,43520,NaN,NaN
2026-04-01 14:03:19.457,47914,ESTAB,bbr,224,22.479,6.779,20.818,1448,12,17376,NaN,2883,2883,408,NaN,12,13,2,1,NaN,NaN,14590080,1023224,3,48640,43520,NaN,NaN
2026-04-01 14:03:19.703,47914,ESTAB,bbr,224,22.479,6.779,20.818,1448,12,17376,NaN,2883,2883,408,NaN,12,13,2,1,NaN,NaN,14590080,1023224,3,48640,43520,NaN,NaN
2026-04-01 14:03:19.952,47914,ESTAB,bbr,224,22.479,6.779,20.818,1448,12,17376,NaN,2883,2883,408,NaN,12,13,2,1,NaN,NaN,14590080,1023224,3,48640,43520,NaN,NaN
2026-04-01 14:03:20.180,47914,ESTAB,bbr,224,22.479,6.779,20.818,1448,12,17376,NaN,2883,2883,408,NaN,12,13,2,1,NaN,NaN,14590080,1023224,3,48640,43520,NaN,NaN
2026-04-01 14:03:20.429,47914,ESTAB,bbr,224,22.479,6.779,20.818,1448,12,17376,NaN,2883,2883,408,NaN,12,13,2,1,NaN,NaN,14590080,1023224,3,48640,43520,NaN,NaN
2026-04-01 14:03:20.670,47914,ESTAB,bbr,224,22.479,6.779,20.818,1448,12,17376,NaN,2883,2883,408,NaN,12,13,2,1,NaN,NaN,14590080,1023224,3,48640,43520,NaN,NaN
2026-04-01 14:03:20.902,47914,ESTAB,bbr,224,22.479,6.779,20.818,1448,12,17376,NaN,2883,2883,408,NaN,12,13,2,1,NaN,NaN,14590080,1023224,3,48640,43520,NaN,NaN
2026-04-01 14:03:21.143,47914,ESTAB,bbr,224,22.479,6.779,20.818,1448,12,17376,NaN,2883,2883,408,NaN,12,13,2,1,NaN,NaN,14590080,1023224,3,48640,43520,NaN,NaN
2026-04-01 14:03:21.387,47914,ESTAB,bbr,224,22.479,6.779,20.818,1448,12,17376,NaN,2883,2883,408,NaN,12,13,2,1,NaN,NaN,14590080,1023224,3,48640,43520,NaN,NaN
2026-04-01 14:03:21.625,47914,ESTAB,bbr,224,22.479,6.779,20.818,1448,12,17376,NaN,2883,2883,408,NaN,12,13,2,1,NaN,NaN,14590080,1023224,3,48640,43520,NaN,NaN
2026-04-01 14:03:21.873,47914,ESTAB,bbr,224,22.479,6.779,20.818,1448,12,17376,NaN,2883,2883,408,NaN,12,13,2,1,NaN,NaN,14590080,1023224,3,48640,43520,NaN,NaN
2026-04-01 14:03:22.100,47914,ESTAB,bbr,224,22.479,6.779,20.818,1448,12,17376,NaN,2883,2883,408,NaN,12,13,2,1,NaN,NaN,14590080,1023224,3,48640,43520,NaN,NaN
2026-04-01 14:03:22.328,47914,ESTAB,bbr,224,22.479,6.779,20.818,1448,12,17376,NaN,2883,2883,408,NaN,12,13,2,1,NaN,NaN,14590080,1023224,3,48640,43520,NaN,NaN
2026-04-01 14:03:22.559,47914,ESTAB,bbr,224,22.479,6.779,20.818,1448,12,17376,NaN,2883,2883,408,NaN,12,13,2,1,NaN,NaN,14590080,1023224,3,48640,43520,NaN,NaN
2026-04-01 14:03:22.793,47914,ESTAB,bbr,224,22.479,6.779,20.818,1448,12,17376,NaN,2883,2883,408,NaN,12,13,2,1,NaN,NaN,14590080,1023224,3,48640,43520,NaN,NaN
2026-04-01 14:03:23.018,47914,ESTAB,bbr,224,22.479,6.779,20.818,1448,12,17376,NaN,2883,2883,408,NaN,12,13,2,1,NaN,NaN,14590080,1023224,3,48640,43520,NaN,NaN
2026-04-01 14:03:23.239,47914,ESTAB,bbr,224,22.479,6.779,20.818,1448,12,17376,NaN,2883,2883,408,NaN,12,13,2,1,NaN,NaN,14590080,1023224,3,48640,43520,NaN,NaN
2026-04-01 14:03:23.467,47914,ESTAB,bbr,224,22.479,6.779,20.818,1448,12,17376,NaN,2883,2883,408,NaN,12,13,2,1,NaN,NaN,14590080,1023224,3,48640,43520,NaN,NaN
2026-04-01 14:03:23.707,47914,ESTAB,bbr,224,22.479,6.779,20.818,1448,12,17376,NaN,2883,2883,408,NaN,12,13,2,1,NaN,NaN,14590080,1023224,3,48640,43520,NaN,NaN
2026-04-01 14:03:23.939,47914,ESTAB,bbr,224,22.479,6.779,20.818,1448,12,17376,NaN,2883,2883,408,NaN,12,13,2,1,NaN,NaN,14590080,1023224,3,48640,43520,NaN,NaN
2026-04-01 14:03:24.164,47914,ESTAB,bbr,224,22.479,6.779,20.818,1448,12,17376,NaN,2883,2883,408,NaN,12,13,2,1,NaN,NaN,14590080,1023224,3,48640,43520,NaN,NaN
2026-04-01 14:03:24.393,47914,ESTAB,bbr,224,22.479,6.779,20.818,1448,12,17376,NaN,2883,2883,408,NaN,12,13,2,1,NaN,NaN,14590080,1023224,3,48640,43520,NaN,NaN
2026-04-01 14:03:24.642,47914,ESTAB,bbr,224,22.479,6.779,20.818,1448,12,17376,NaN,2883,2883,408,NaN,12,13,2,1,NaN,NaN,14590080,1023224,3,48640,43520,NaN,NaN
2026-04-01 14:03:24.879,47914,ESTAB,bbr,224,22.479,6.779,20.818,1448,12,17376,NaN,2883,2883,408,NaN,13,14,2,1,NaN,NaN,14590080,1023224,3,48640,43520,NaN,NaN
2026-04-01 14:03:25.111,47914,ESTAB,bbr,224,22.479,6.779,20.818,1448,12,17376,NaN,2883,2883,408,NaN,13,14,2,1,NaN,NaN,14590080,1023224,3,48640,43520,NaN,NaN
2026-04-01 14:03:25.353,47914,ESTAB,bbr,224,22.479,6.779,20.818,1448,12,17376,NaN,2883,2883,408,NaN,13,14,2,1,NaN,NaN,14590080,1023224,3,48640,43520,NaN,NaN
2026-04-01 14:03:25.586,47914,ESTAB,bbr,224,22.479,6.779,20.818,1448,12,17376,NaN,2883,2883,408,NaN,13,14,2,1,NaN,NaN,14590080,1023224,3,48640,43520,NaN,NaN
2026-04-01 14:03:25.814,47914,ESTAB,bbr,224,22.479,6.779,20.818,1448,12,17376,NaN,2883,2883,408,NaN,13,14,2,1,NaN,NaN,14590080,1023224,3,48640,43520,NaN,NaN
2026-04-01 14:03:26.043,47914,ESTAB,bbr,224,22.479,6.779,20.818,1448,12,17376,NaN,2883,2883,408,NaN,13,14,2,1,NaN,NaN,14590080,1023224,3,48640,43520,NaN,NaN
2026-04-01 14:03:26.277,47914,ESTAB,bbr,224,22.479,6.779,20.818,1448,12,17376,NaN,2883,2883,408,NaN,13,14,2,1,NaN,NaN,14590080,1023224,3,48640,43520,NaN,NaN
2026-04-01 14:03:26.511,47914,ESTAB,bbr,224,22.479,6.779,20.818,1448,12,17376,NaN,2883,2883,408,NaN,13,14,2,1,NaN,NaN,14590080,1023224,3,48640,43520,NaN,NaN
2026-04-01 14:03:26.743,47914,ESTAB,bbr,224,22.479,6.779,20.818,1448,12,17376,NaN,2883,2883,408,NaN,13,14,2,1,NaN,NaN,14590080,1023224,3,48640,43520,NaN,NaN
2026-04-01 14:03:26.972,47914,ESTAB,bbr,224,22.479,6.779,20.818,1448,12,17376,NaN,2883,2883,408,NaN,13,14,2,1,NaN,NaN,14590080,1023224,3,48640,43520,NaN,NaN
2026-04-01 14:03:27.196,47914,ESTAB,bbr,224,22.479,6.779,20.818,1448,12,17376,NaN,2883,2883,408,NaN,13,14,2,1,NaN,NaN,14590080,1023224,3,48640,43520,NaN,NaN
2026-04-01 14:03:27.424,47914,ESTAB,bbr,224,22.479,6.779,20.818,1448,12,17376,NaN,2883,2883,408,NaN,13,14,2,1,NaN,NaN,14590080,1023224,3,48640,43520,NaN,NaN
2026-04-01 14:03:27.655,47914,ESTAB,bbr,224,22.479,6.779,20.818,1448,12,17376,NaN,2883,2883,408,NaN,13,14,2,1,NaN,NaN,14590080,1023224,3,48640,43520,NaN,NaN
2026-04-01 14:03:27.885,47914,ESTAB,bbr,224,22.479,6.779,20.818,1448,12,17376,NaN,2883,2883,408,NaN,13,14,2,1,NaN,NaN,14590080,1023224,3,48640,43520,NaN,NaN
2026-04-01 14:03:28.118,47914,ESTAB,bbr,224,22.479,6.779,20.818,1448,12,17376,NaN,2883,2883,408,NaN,13,14,2,1,NaN,NaN,14590080,1023224,3,48640,43520,NaN,NaN
2026-04-01 14:03:28.348,47914,ESTAB,bbr,224,22.479,6.779,20.818,1448,12,17376,NaN,2883,2883,408,NaN,13,14,2,1,NaN,NaN,14590080,1023224,3,48640,43520,NaN,NaN
2026-04-01 14:03:28.586,47914,ESTAB,bbr,224,22.479,6.779,20.818,1448,12,17376,NaN,2883,2883,408,NaN,13,14,2,1,NaN,NaN,14590080,1023224,3,48640,43520,NaN,NaN
2026-04-01 14:03:28.824,47914,ESTAB,bbr,224,22.479,6.779,20.818,1448,12,17376,NaN,2883,2883,408,NaN,13,14,2,1,NaN,NaN,14590080,1023224,3,48640,43520,NaN,NaN
2026-04-01 14:03:29.055,47914,ESTAB,bbr,224,22.479,6.779,20.818,1448,12,17376,NaN,2883,2883,408,NaN,13,14,2,1,NaN,NaN,14590080,1023224,3,48640,43520,NaN,NaN
2026-04-01 14:03:29.280,47914,ESTAB,bbr,224,22.479,6.779,20.818,1448,12,17376,NaN,2883,2883,408,NaN,13,14,2,1,NaN,NaN,14590080,1023224,3,48640,43520,NaN,NaN
2026-04-01 14:03:29.512,47914,ESTAB,bbr,224,22.479,6.779,20.818,1448,12,17376,NaN,2883,2883,408,NaN,13,14,2,1,NaN,NaN,14590080,1023224,3,48640,43520,NaN,NaN
2026-04-01 14:03:29.745,47914,ESTAB,bbr,224,22.479,6.779,20.818,1448,12,17376,NaN,2883,2883,408,NaN,13,14,2,1,NaN,NaN,14590080,1023224,3,48640,43520,NaN,NaN
2026-04-01 14:03:29.988,47914,ESTAB,bbr,224,22.479,6.779,20.818,1448,12,17376,NaN,2883,2883,408,NaN,13,14,2,1,NaN,NaN,14590080,1023224,3,48640,43520,NaN,NaN
2026-04-01 14:03:30.219,47914,ESTAB,bbr,224,22.479,6.779,20.818,1448,12,17376,NaN,2883,2883,408,NaN,13,14,2,1,NaN,NaN,14590080,1023224,3,48640,43520,NaN,NaN
2026-04-01 14:03:30.453,47914,ESTAB,bbr,224,22.479,6.779,20.818,1448,12,17376,NaN,2883,2883,408,NaN,13,14,2,1,NaN,NaN,14590080,1023224,3,48640,43520,NaN,NaN
2026-04-01 14:03:30.686,47914,ESTAB,bbr,224,22.479,6.779,20.818,1448,12,17376,NaN,2883,2883,408,NaN,13,14,2,1,NaN,NaN,14590080,1023224,3,48640,43520,NaN,NaN
2026-04-01 14:03:30.919,47914,ESTAB,bbr,224,22.479,6.779,20.818,1448,12,17376,NaN,2883,2883,408,NaN,13,14,2,1,NaN,NaN,14590080,1023224,3,48640,43520,NaN,NaN
2026-04-01 14:03:31.143,47914,ESTAB,bbr,224,22.479,6.779,20.818,1448,12,17376,NaN,2883,2883,408,NaN,13,14,2,1,NaN,NaN,14590080,1023224,3,48640,43520,NaN,NaN
2026-04-01 14:03:31.390,47914,ESTAB,bbr,224,22.479,6.779,20.818,1448,12,17376,NaN,2883,2883,408,NaN,13,14,2,1,NaN,NaN,14590080,1023224,3,48640,43520,NaN,NaN
2026-04-01 14:03:31.636,47914,ESTAB,bbr,224,22.479,6.779,20.818,1448,12,17376,NaN,2883,2883,408,NaN,13,14,2,1,NaN,NaN,14590080,1023224,3,48640,43520,NaN,NaN
2026-04-01 14:03:31.887,47914,ESTAB,bbr,224,22.479,6.779,20.818,1448,12,17376,NaN,2883,2883,408,NaN,13,14,2,1,NaN,NaN,14590080,1023224,3,48640,43520,NaN,NaN
2026-04-01 14:03:32.124,47914,ESTAB,bbr,224,22.479,6.779,20.818,1448,12,17376,NaN,2883,2883,408,NaN,13,14,2,1,NaN,NaN,14590080,1023224,3,48640,43520,NaN,NaN
2026-04-01 14:03:32.375,47914,ESTAB,bbr,224,22.479,6.779,20.818,1448,12,17376,NaN,2883,2883,408,NaN,13,14,2,1,NaN,NaN,14590080,1023224,3,48640,43520,NaN,NaN
2026-04-01 14:03:32.627,47914,ESTAB,bbr,224,22.479,6.779,20.818,1448,12,17376,NaN,2883,2883,408,NaN,13,14,2,1,NaN,NaN,14590080,1023224,3,48640,43520,NaN,NaN
2026-04-01 14:03:32.873,47914,ESTAB,bbr,224,22.479,6.779,20.818,1448,12,17376,NaN,2883,2883,408,NaN,13,14,2,1,NaN,NaN,14590080,1023224,3,48640,43520,NaN,NaN
2026-04-01 14:03:33.108,47914,ESTAB,bbr,224,22.479,6.779,20.818,1448,12,17376,NaN,2883,2883,408,NaN,13,14,2,1,NaN,NaN,14590080,1023224,3,48640,43520,NaN,NaN
2026-04-01 14:03:33.348,47914,ESTAB,bbr,224,22.479,6.779,20.818,1448,12,17376,NaN,2883,2883,408,NaN,13,14,2,1,NaN,NaN,14590080,1023224,3,48640,43520,NaN,NaN
2026-04-01 14:03:33.588,47914,ESTAB,bbr,224,22.479,6.779,20.818,1448,12,17376,NaN,2883,2883,408,NaN,13,14,2,1,NaN,NaN,14590080,1023224,3,48640,43520,NaN,NaN
2026-04-01 14:03:33.827,47914,ESTAB,bbr,224,22.479,6.779,20.818,1448,12,17376,NaN,2883,2883,408,NaN,13,14,2,1,NaN,NaN,14590080,1023224,3,48640,43520,NaN,NaN
2026-04-01 14:03:34.079,47914,ESTAB,bbr,224,22.479,6.779,20.818,1448,12,17376,NaN,2883,2883,408,NaN,13,14,2,1,NaN,NaN,14590080,1023224,3,48640,43520,NaN,NaN
2026-04-01 14:03:34.319,47914,ESTAB,bbr,224,22.479,6.779,20.818,1448,12,17376,NaN,2883,2883,408,NaN,13,14,2,1,NaN,NaN,14590080,1023224,3,48640,43520,NaN,NaN
2026-04-01 14:03:34.562,47914,ESTAB,bbr,224,22.479,6.779,20.818,1448,12,17376,NaN,2883,2883,408,NaN,13,14,2,1,NaN,NaN,14590080,1023224,3,48640,43520,NaN,NaN
2026-04-01 14:03:34.811,47914,ESTAB,bbr,224,22.479,6.779,20.818,1448,12,17376,NaN,2883,2883,408,NaN,13,14,2,1,NaN,NaN,14590080,1023224,3,48640,43520,NaN,NaN
2026-04-01 14:03:35.053,47914,ESTAB,bbr,224,22.479,6.779,20.818,1448,12,17376,NaN,2883,2883,408,NaN,13,14,2,1,NaN,NaN,14590080,1023224,3,48640,43520,NaN,NaN
2026-04-01 14:03:35.288,47914,ESTAB,bbr,224,22.479,6.779,20.818,1448,12,17376,NaN,2883,2883,408,NaN,13,14,2,1,NaN,NaN,14590080,1023224,3,48640,43520,NaN,NaN
2026-04-01 14:03:35.527,47914,ESTAB,bbr,224,22.479,6.779,20.818,1448,12,17376,NaN,2883,2883,408,NaN,13,14,2,1,NaN,NaN,14590080,1023224,3,48640,43520,NaN,NaN
2026-04-01 14:03:35.781,47914,ESTAB,bbr,224,22.479,6.779,20.818,1448,12,17376,NaN,2883,2883,408,NaN,13,14,2,1,NaN,NaN,14590080,1023224,3,48640,43520,NaN,NaN
2026-04-01 14:03:36.019,47914,ESTAB,bbr,224,22.479,6.779,20.818,1448,12,17376,NaN,2883,2883,408,NaN,13,14,2,1,NaN,NaN,14590080,1023224,3,48640,43520,NaN,NaN
2026-04-01 14:03:36.278,47914,ESTAB,bbr,224,22.479,6.779,20.818,1448,12,17376,NaN,2883,2883,408,NaN,13,14,2,1,NaN,NaN,14590080,1023224,3,48640,43520,NaN,NaN
2026-04-01 14:03:36.529,47914,ESTAB,bbr,224,22.479,6.779,20.818,1448,12,17376,NaN,2883,2883,408,NaN,13,14,2,1,NaN,NaN,14590080,1023224,3,48640,43520,NaN,NaN
2026-04-01 14:03:36.779,47914,ESTAB,bbr,224,22.479,6.779,20.818,1448,12,17376,NaN,2883,2883,408,NaN,13,14,2,1,NaN,NaN,14590080,1023224,3,48640,43520,NaN,NaN
2026-04-01 14:03:37.018,47914,ESTAB,bbr,224,22.479,6.779,20.818,1448,12,17376,NaN,2883,2883,408,NaN,13,14,2,1,NaN,NaN,14590080,1023224,3,48640,43520,NaN,NaN
2026-04-01 14:03:37.271,47914,ESTAB,bbr,224,22.479,6.779,20.818,1448,12,17376,NaN,2883,2883,408,NaN,13,14,2,1,NaN,NaN,14590080,1023224,3,48640,43520,NaN,NaN
2026-04-01 14:03:37.527,47914,ESTAB,bbr,224,22.479,6.779,20.818,1448,12,17376,NaN,2883,2883,408,NaN,13,14,2,1,NaN,NaN,14590080,1023224,3,48640,43520,NaN,NaN
2026-04-01 14:03:37.784,47914,ESTAB,bbr,224,22.479,6.779,20.818,1448,12,17376,NaN,2883,2883,408,NaN,13,14,2,1,NaN,NaN,14590080,1023224,3,48640,43520,NaN,NaN
2026-04-01 14:03:38.045,47914,ESTAB,bbr,224,22.479,6.779,20.818,1448,12,17376,NaN,2883,2883,408,NaN,13,14,2,1,NaN,NaN,14590080,1023224,3,48640,43520,NaN,NaN
2026-04-01 14:03:38.287,47914,ESTAB,bbr,224,22.479,6.779,20.818,1448,12,17376,NaN,2883,2883,408,NaN,13,14,2,1,NaN,NaN,14590080,1023224,3,48640,43520,NaN,NaN
2026-04-01 14:03:38.522,47914,ESTAB,bbr,224,22.479,6.779,20.818,1448,12,17376,NaN,2883,2883,408,NaN,13,14,2,1,NaN,NaN,14590080,1023224,3,48640,43520,NaN,NaN
2026-04-01 14:03:38.765,47914,ESTAB,bbr,224,22.479,6.779,20.818,1448,12,17376,NaN,2883,2883,408,NaN,13,14,2,1,NaN,NaN,14590080,1023224,3,48640,43520,NaN,NaN
2026-04-01 14:03:39.001,47914,ESTAB,bbr,224,22.479,6.779,20.818,1448,12,17376,NaN,2883,2883,408,NaN,13,14,2,1,NaN,NaN,14590080,1023224,3,48640,43520,NaN,NaN
2026-04-01 14:03:39.246,47914,ESTAB,bbr,224,22.479,6.779,20.818,1448,12,17376,NaN,2883,2883,408,NaN,13,14,2,1,NaN,NaN,14590080,1023224,3,48640,43520,NaN,NaN
2026-04-01 14:03:39.495,47914,ESTAB,bbr,224,22.479,6.779,20.818,1448,12,17376,NaN,2883,2883,408,NaN,13,14,2,1,NaN,NaN,14590080,1023224,3,48640,43520,NaN,NaN
2026-04-01 14:03:39.736,47914,ESTAB,bbr,224,22.479,6.779,20.818,1448,12,17376,NaN,2883,2883,408,NaN,13,14,2,1,NaN,NaN,14590080,1023224,3,48640,43520,NaN,NaN
2026-04-01 14:03:39.959,47914,ESTAB,bbr,224,22.479,6.779,20.818,1448,12,17376,NaN,2883,2883,408,NaN,14,15,2,1,NaN,NaN,14590080,1023224,3,48640,43520,NaN,NaN
2026-04-01 14:03:40.193,47914,ESTAB,bbr,224,22.479,6.779,20.818,1448,12,17376,NaN,2883,2883,408,NaN,14,15,2,1,NaN,NaN,14590080,1023224,3,48640,43520,NaN,NaN
2026-04-01 14:03:40.439,47914,ESTAB,bbr,224,22.479,6.779,20.818,1448,12,17376,NaN,2883,2883,408,NaN,14,15,2,1,NaN,NaN,14590080,1023224,3,48640,43520,NaN,NaN
2026-04-01 14:03:40.669,47914,ESTAB,bbr,224,22.479,6.779,20.818,1448,12,17376,NaN,2883,2883,408,NaN,14,15,2,1,NaN,NaN,14590080,1023224,3,48640,43520,NaN,NaN
2026-04-01 14:03:40.920,47914,ESTAB,bbr,224,22.479,6.779,20.818,1448,12,17376,NaN,2883,2883,408,NaN,14,15,2,1,NaN,NaN,14590080,1023224,3,48640,43520,NaN,NaN
2026-04-01 14:03:41.172,47914,ESTAB,bbr,224,22.479,6.779,20.818,1448,12,17376,NaN,2883,2883,408,NaN,14,15,2,1,NaN,NaN,14590080,1023224,3,48640,43520,NaN,NaN
2026-04-01 14:03:41.422,47914,ESTAB,bbr,224,22.479,6.779,20.818,1448,12,17376,NaN,2883,2883,408,NaN,14,15,2,1,NaN,NaN,14590080,1023224,3,48640,43520,NaN,NaN
2026-04-01 14:03:41.659,47914,ESTAB,bbr,224,22.479,6.779,20.818,1448,12,17376,NaN,2883,2883,408,NaN,14,15,2,1,NaN,NaN,14590080,1023224,3,48640,43520,NaN,NaN
2026-04-01 14:03:41.906,47914,ESTAB,bbr,224,22.479,6.779,20.818,1448,12,17376,NaN,2883,2883,408,NaN,14,15,2,1,NaN,NaN,14590080,1023224,3,48640,43520,NaN,NaN
2026-04-01 14:03:42.144,47914,ESTAB,bbr,224,22.479,6.779,20.818,1448,12,17376,NaN,2883,2883,408,NaN,14,15,2,1,NaN,NaN,14590080,1023224,3,48640,43520,NaN,NaN
2026-04-01 14:03:42.389,47914,ESTAB,bbr,224,22.479,6.779,20.818,1448,12,17376,NaN,2883,2883,408,NaN,14,15,2,1,NaN,NaN,14590080,1023224,3,48640,43520,NaN,NaN
2026-04-01 14:03:42.633,47914,ESTAB,bbr,224,22.479,6.779,20.818,1448,12,17376,NaN,2883,2883,408,NaN,14,15,2,1,NaN,NaN,14590080,1023224,3,48640,43520,NaN,NaN
2026-04-01 14:03:42.888,47914,ESTAB,bbr,224,22.479,6.779,20.818,1448,12,17376,NaN,2883,2883,408,NaN,14,15,2,1,NaN,NaN,14590080,1023224,3,48640,43520,NaN,NaN
2026-04-01 14:03:43.125,47914,ESTAB,bbr,224,22.479,6.779,20.818,1448,12,17376,NaN,2883,2883,408,NaN,14,15,2,1,NaN,NaN,14590080,1023224,3,48640,43520,NaN,NaN
2026-04-01 14:03:43.369,47914,ESTAB,bbr,224,22.479,6.779,20.818,1448,12,17376,NaN,2883,2883,408,NaN,14,15,2,1,NaN,NaN,14590080,1023224,3,48640,43520,NaN,NaN
2026-04-01 14:03:43.622,47914,ESTAB,bbr,224,22.479,6.779,20.818,1448,12,17376,NaN,2883,2883,408,NaN,14,15,2,1,NaN,NaN,14590080,1023224,3,48640,43520,NaN,NaN
2026-04-01 14:03:43.868,47914,ESTAB,bbr,224,22.479,6.779,20.818,1448,12,17376,NaN,2883,2883,408,NaN,14,15,2,1,NaN,NaN,14590080,1023224,3,48640,43520,NaN,NaN
2026-04-01 14:03:44.126,47914,ESTAB,bbr,224,22.479,6.779,20.818,1448,12,17376,NaN,2883,2883,408,NaN,14,15,2,1,NaN,NaN,14590080,1023224,3,48640,43520,NaN,NaN
2026-04-01 14:03:44.369,47914,ESTAB,bbr,224,22.479,6.779,20.818,1448,12,17376,NaN,2883,2883,408,NaN,14,15,2,1,NaN,NaN,14590080,1023224,3,48640,43520,NaN,NaN
2026-04-01 14:03:44.612,47914,ESTAB,bbr,224,22.479,6.779,20.818,1448,12,17376,NaN,2883,2883,408,NaN,14,15,2,1,NaN,NaN,14590080,1023224,3,48640,43520,NaN,NaN
2026-04-01 14:03:44.855,47914,ESTAB,bbr,224,22.479,6.779,20.818,1448,12,17376,NaN,2883,2883,408,NaN,14,15,2,1,NaN,NaN,14590080,1023224,3,48640,43520,NaN,NaN
2026-04-01 14:03:45.106,47914,ESTAB,bbr,224,22.479,6.779,20.818,1448,12,17376,NaN,2883,2883,408,NaN,14,15,2,1,NaN,NaN,14590080,1023224,3,48640,43520,NaN,NaN
2026-04-01 14:03:45.350,47914,ESTAB,bbr,224,22.479,6.779,20.818,1448,12,17376,NaN,2883,2883,408,NaN,14,15,2,1,NaN,NaN,14590080,1023224,3,48640,43520,NaN,NaN
2026-04-01 14:03:45.609,47914,ESTAB,bbr,224,22.479,6.779,20.818,1448,12,17376,NaN,2883,2883,408,NaN,14,15,2,1,NaN,NaN,14590080,1023224,3,48640,43520,NaN,NaN
2026-04-01 14:03:45.849,47914,ESTAB,bbr,224,22.479,6.779,20.818,1448,12,17376,NaN,2883,2883,408,NaN,14,15,2,1,NaN,NaN,14590080,1023224,3,48640,43520,NaN,NaN
2026-04-01 14:03:46.081,47914,ESTAB,bbr,224,22.479,6.779,20.818,1448,12,17376,NaN,2883,2883,408,NaN,14,15,2,1,NaN,NaN,14590080,1023224,3,48640,43520,NaN,NaN
2026-04-01 14:03:46.336,47914,ESTAB,bbr,224,22.479,6.779,20.818,1448,12,17376,NaN,2883,2883,408,NaN,14,15,2,1,NaN,NaN,14590080,1023224,3,48640,43520,NaN,NaN
2026-04-01 14:03:46.587,47914,ESTAB,bbr,224,22.479,6.779,20.818,1448,12,17376,NaN,2883,2883,408,NaN,14,15,2,1,NaN,NaN,14590080,1023224,3,48640,43520,NaN,NaN
2026-04-01 14:03:46.837,47914,ESTAB,bbr,224,22.479,6.779,20.818,1448,12,17376,NaN,2883,2883,408,NaN,14,15,2,1,NaN,NaN,14590080,1023224,3,48640,43520,NaN,NaN
2026-04-01 14:03:47.087,47914,ESTAB,bbr,224,22.479,6.779,20.818,1448,12,17376,NaN,2883,2883,408,NaN,14,15,2,1,NaN,NaN,14590080,1023224,3,48640,43520,NaN,NaN
2026-04-01 14:03:47.336,47914,ESTAB,bbr,224,22.479,6.779,20.818,1448,12,17376,NaN,2883,2883,408,NaN,14,15,2,1,NaN,NaN,14590080,1023224,3,48640,43520,NaN,NaN
2026-04-01 14:03:47.584,47914,ESTAB,bbr,224,22.479,6.779,20.818,1448,12,17376,NaN,2883,2883,408,NaN,14,15,2,1,NaN,NaN,14590080,1023224,3,48640,43520,NaN,NaN
2026-04-01 14:03:47.832,47914,ESTAB,bbr,224,22.479,6.779,20.818,1448,12,17376,NaN,2883,2883,408,NaN,14,15,2,1,NaN,NaN,14590080,1023224,3,48640,43520,NaN,NaN
2026-04-01 14:03:48.072,47914,ESTAB,bbr,224,22.479,6.779,20.818,1448,12,17376,NaN,2883,2883,408,NaN,14,15,2,1,NaN,NaN,14590080,1023224,3,48640,43520,NaN,NaN
2026-04-01 14:03:48.297,47914,ESTAB,bbr,224,22.479,6.779,20.818,1448,12,17376,NaN,2883,2883,408,NaN,14,15,2,1,NaN,NaN,14590080,1023224,3,48640,43520,NaN,NaN
2026-04-01 14:03:48.534,47914,ESTAB,bbr,224,22.479,6.779,20.818,1448,12,17376,NaN,2883,2883,408,NaN,14,15,2,1,NaN,NaN,14590080,1023224,3,48640,43520,NaN,NaN
2026-04-01 14:03:48.779,47914,ESTAB,bbr,224,22.479,6.779,20.818,1448,12,17376,NaN,2883,2883,408,NaN,14,15,2,1,NaN,NaN,14590080,1023224,3,48640,43520,NaN,NaN
2026-04-01 14:03:49.018,47914,ESTAB,bbr,224,22.479,6.779,20.818,1448,12,17376,NaN,2883,2883,408,NaN,14,15,2,1,NaN,NaN,14590080,1023224,3,48640,43520,NaN,NaN
2026-04-01 14:03:49.243,47914,ESTAB,bbr,224,22.479,6.779,20.818,1448,12,17376,NaN,2883,2883,408,NaN,14,15,2,1,NaN,NaN,14590080,1023224,3,48640,43520,NaN,NaN
2026-04-01 14:03:49.471,47914,ESTAB,bbr,224,22.479,6.779,20.818,1448,12,17376,NaN,2883,2883,408,NaN,14,15,2,1,NaN,NaN,14590080,1023224,3,48640,43520,NaN,NaN
2026-04-01 14:03:49.703,47914,ESTAB,bbr,224,22.479,6.779,20.818,1448,12,17376,NaN,2883,2883,408,NaN,14,15,2,1,NaN,NaN,14590080,1023224,3,48640,43520,NaN,NaN
2026-04-01 14:03:49.935,47914,ESTAB,bbr,224,22.479,6.779,20.818,1448,12,17376,NaN,2883,2883,408,NaN,14,15,2,1,NaN,NaN,14590080,1023224,3,48640,43520,NaN,NaN
2026-04-01 14:03:50.176,47914,ESTAB,bbr,224,22.479,6.779,20.818,1448,12,17376,NaN,2883,2883,408,NaN,14,15,2,1,NaN,NaN,14590080,1023224,3,48640,43520,NaN,NaN
2026-04-01 14:03:50.414,47914,ESTAB,bbr,224,22.479,6.779,20.818,1448,12,17376,NaN,2883,2883,408,NaN,14,15,2,1,NaN,NaN,14590080,1023224,3,48640,43520,NaN,NaN
2026-04-01 14:03:50.657,47914,ESTAB,bbr,224,22.479,6.779,20.818,1448,12,17376,NaN,2883,2883,408,NaN,14,15,2,1,NaN,NaN,14590080,1023224,3,48640,43520,NaN,NaN
2026-04-01 14:03:50.890,47914,ESTAB,bbr,224,22.479,6.779,20.818,1448,12,17376,NaN,2883,2883,408,NaN,14,15,2,1,NaN,NaN,14590080,1023224,3,48640,43520,NaN,NaN
2026-04-01 14:03:51.120,47914,ESTAB,bbr,224,22.479,6.779,20.818,1448,12,17376,NaN,2883,2883,408,NaN,14,15,2,1,NaN,NaN,14590080,1023224,3,48640,43520,NaN,NaN
2026-04-01 14:03:51.359,47914,ESTAB,bbr,224,22.479,6.779,20.818,1448,12,17376,NaN,2883,2883,408,NaN,14,15,2,1,NaN,NaN,14590080,1023224,3,48640,43520,NaN,NaN
2026-04-01 14:03:51.604,47914,ESTAB,bbr,224,22.479,6.779,20.818,1448,12,17376,NaN,2883,2883,408,NaN,14,15,2,1,NaN,NaN,14590080,1023224,3,48640,43520,NaN,NaN
2026-04-01 14:03:51.850,47914,ESTAB,bbr,224,22.479,6.779,20.818,1448,12,17376,NaN,2883,2883,408,NaN,14,15,2,1,NaN,NaN,14590080,1023224,3,48640,43520,NaN,NaN
2026-04-01 14:03:52.087,47914,ESTAB,bbr,224,22.479,6.779,20.818,1448,12,17376,NaN,2883,2883,408,NaN,14,15,2,1,NaN,NaN,14590080,1023224,3,48640,43520,NaN,NaN
2026-04-01 14:03:52.344,47914,ESTAB,bbr,224,22.479,6.779,20.818,1448,12,17376,NaN,2883,2883,408,NaN,14,15,2,1,NaN,NaN,14590080,1023224,3,48640,43520,NaN,NaN
2026-04-01 14:03:52.583,47914,ESTAB,bbr,224,22.479,6.779,20.818,1448,12,17376,NaN,2883,2883,408,NaN,14,15,2,1,NaN,NaN,14590080,1023224,3,48640,43520,NaN,NaN
2026-04-01 14:03:52.834,47914,ESTAB,bbr,224,22.479,6.779,20.818,1448,12,17376,NaN,2883,2883,408,NaN,14,15,2,1,NaN,NaN,14590080,1023224,3,48640,43520,NaN,NaN
2026-04-01 14:03:53.084,47914,ESTAB,bbr,224,22.479,6.779,20.818,1448,12,17376,NaN,2883,2883,408,NaN,14,15,2,1,NaN,NaN,14590080,1023224,3,48640,43520,NaN,NaN
2026-04-01 14:03:53.327,47914,ESTAB,bbr,224,22.479,6.779,20.818,1448,12,17376,NaN,2883,2883,408,NaN,14,15,2,1,NaN,NaN,14590080,1023224,3,48640,43520,NaN,NaN
2026-04-01 14:03:53.560,47914,ESTAB,bbr,224,22.479,6.779,20.818,1448,12,17376,NaN,2883,2883,408,NaN,14,15,2,1,NaN,NaN,14590080,1023224,3,48640,43520,NaN,NaN
2026-04-01 14:03:53.793,47914,ESTAB,bbr,224,22.479,6.779,20.818,1448,12,17376,NaN,2883,2883,408,NaN,14,15,2,1,NaN,NaN,14590080,1023224,3,48640,43520,NaN,NaN
2026-04-01 14:03:54.026,47914,ESTAB,bbr,224,22.479,6.779,20.818,1448,12,17376,NaN,2883,2883,408,NaN,14,15,2,1,NaN,NaN,14590080,1023224,3,48640,43520,NaN,NaN
2026-04-01 14:03:54.271,47914,ESTAB,bbr,224,22.479,6.779,20.818,1448,12,17376,NaN,2883,2883,408,NaN,14,15,2,1,NaN,NaN,14590080,1023224,3,48640,43520,NaN,NaN
2026-04-01 14:03:54.505,47914,ESTAB,bbr,224,22.479,6.779,20.818,1448,12,17376,NaN,2883,2883,408,NaN,14,15,2,1,NaN,NaN,14590080,1023224,3,48640,43520,NaN,NaN
2026-04-01 14:03:54.746,47914,ESTAB,bbr,224,22.479,6.779,20.818,1448,12,17376,NaN,2883,2883,408,NaN,14,15,2,1,NaN,NaN,14590080,1023224,3,48640,43520,NaN,NaN
2026-04-01 14:03:54.988,47914,ESTAB,bbr,224,22.479,6.779,20.818,1448,12,17376,NaN,2883,2883,408,NaN,15,16,2,1,NaN,NaN,14590080,1023224,3,48640,43520,NaN,NaN
2026-04-01 14:03:55.234,47914,ESTAB,bbr,224,22.479,6.779,20.818,1448,12,17376,NaN,2883,2883,408,NaN,15,16,2,1,NaN,NaN,14590080,1023224,3,48640,43520,NaN,NaN
2026-04-01 14:03:55.487,47914,ESTAB,bbr,224,22.479,6.779,20.818,1448,12,17376,NaN,2883,2883,408,NaN,15,16,2,1,NaN,NaN,14590080,1023224,3,48640,43520,NaN,NaN
2026-04-01 14:03:55.725,47914,ESTAB,bbr,224,22.479,6.779,20.818,1448,12,17376,NaN,2883,2883,408,NaN,15,16,2,1,NaN,NaN,14590080,1023224,3,48640,43520,NaN,NaN
2026-04-01 14:03:55.967,47914,ESTAB,bbr,224,22.479,6.779,20.818,1448,12,17376,NaN,2883,2883,408,NaN,15,16,2,1,NaN,NaN,14590080,1023224,3,48640,43520,NaN,NaN
2026-04-01 14:03:56.197,47914,ESTAB,bbr,224,22.479,6.779,20.818,1448,12,17376,NaN,2883,2883,408,NaN,16,17,2,1,NaN,NaN,14590080,1023224,3,48640,43520,NaN,NaN
2026-04-01 14:03:56.432,47914,ESTAB,bbr,224,22.479,6.779,20.818,1448,12,17376,NaN,2883,2883,408,NaN,16,17,2,1,NaN,NaN,14590080,1023224,3,48640,43520,NaN,NaN
2026-04-01 14:03:56.673,47914,ESTAB,bbr,224,22.479,6.779,20.818,1448,12,17376,NaN,2883,2883,408,NaN,16,17,2,1,NaN,NaN,14590080,1023224,3,48640,43520,NaN,NaN
2026-04-01 14:03:56.904,47914,ESTAB,bbr,224,22.479,6.779,20.818,1448,12,17376,NaN,2883,2883,408,NaN,16,17,2,1,NaN,NaN,14590080,1023224,3,48640,43520,NaN,NaN
2026-04-01 14:03:57.141,47914,ESTAB,bbr,224,22.479,6.779,20.818,1448,12,17376,NaN,2883,2883,408,NaN,16,17,2,1,NaN,NaN,14590080,1023224,3,48640,43520,NaN,NaN
2026-04-01 14:03:57.380,47914,ESTAB,bbr,224,22.479,6.779,20.818,1448,12,17376,NaN,2883,2883,408,NaN,16,17,2,1,NaN,NaN,14590080,1023224,3,48640,43520,NaN,NaN
2026-04-01 14:03:57.626,47914,ESTAB,bbr,224,22.479,6.779,20.818,1448,12,17376,NaN,2883,2883,408,NaN,16,17,2,1,NaN,NaN,14590080,1023224,3,48640,43520,NaN,NaN
2026-04-01 14:03:57.859,47914,ESTAB,bbr,224,22.479,6.779,20.818,1448,12,17376,NaN,2883,2883,408,NaN,16,17,2,1,NaN,NaN,14590080,1023224,3,48640,43520,NaN,NaN
2026-04-01 14:03:58.088,47914,ESTAB,bbr,224,22.479,6.779,20.818,1448,12,17376,NaN,2883,2883,408,NaN,16,17,2,1,NaN,NaN,14590080,1023224,3,48640,43520,NaN,NaN
2026-04-01 14:03:58.337,47914,ESTAB,bbr,224,22.479,6.779,20.818,1448,12,17376,NaN,2883,2883,408,NaN,16,17,2,1,NaN,NaN,14590080,1023224,3,48640,43520,NaN,NaN
2026-04-01 14:03:58.576,47914,ESTAB,bbr,224,22.479,6.779,20.818,1448,12,17376,NaN,2883,2883,408,NaN,16,17,2,1,NaN,NaN,14590080,1023224,3,48640,43520,NaN,NaN
2026-04-01 14:03:58.809,47914,ESTAB,bbr,224,22.479,6.779,20.818,1448,12,17376,NaN,2883,2883,408,NaN,16,17,2,1,NaN,NaN,14590080,1023224,3,48640,43520,NaN,NaN
2026-04-01 14:03:59.054,47914,ESTAB,bbr,224,22.479,6.779,20.818,1448,12,17376,NaN,5766,2883,816,NaN,18,18,4,2,NaN,NaN,14590080,1023224,3,48640,43520,2,NaN
2026-04-01 14:03:59.291,47914,ESTAB,bbr,224,22.433,4.219,20.818,1448,14,20272,NaN,5766,5766,816,NaN,18,20,4,2,NaN,NaN,14590080,1023224,5,52736,43520,NaN,NaN
2026-04-01 14:03:59.511,47914,ESTAB,bbr,224,22.433,4.219,20.818,1448,14,20272,NaN,5766,5766,816,NaN,18,20,4,2,NaN,NaN,14590080,1023224,5,52736,43520,NaN,NaN
2026-04-01 14:03:59.742,47914,ESTAB,bbr,224,22.433,4.219,20.818,1448,14,20272,NaN,5766,5766,816,NaN,18,20,4,2,NaN,NaN,14590080,1023224,5,52736,43520,NaN,NaN
2026-04-01 14:03:59.968,47914,ESTAB,bbr,224,22.433,4.219,20.818,1448,14,20272,NaN,5766,5766,816,NaN,18,20,4,2,NaN,NaN,14590080,1023224,5,52736,43520,NaN,NaN
2026-04-01 14:04:00.198,47914,ESTAB,bbr,224,22.433,4.219,20.818,1448,14,20272,NaN,5766,5766,816,NaN,18,20,4,2,NaN,NaN,14590080,1023224,5,52736,43520,NaN,NaN
2026-04-01 14:04:00.441,47914,ESTAB,bbr,224,22.433,4.219,20.818,1448,14,20272,NaN,5766,5766,816,NaN,18,20,4,2,NaN,NaN,14590080,1023224,5,52736,43520,NaN,NaN
2026-04-01 14:04:00.668,47914,ESTAB,bbr,224,22.433,4.219,20.818,1448,14,20272,NaN,5766,5766,816,NaN,18,20,4,2,NaN,NaN,14590080,1023224,5,52736,43520,NaN,NaN
2026-04-01 14:04:00.911,47914,ESTAB,bbr,224,22.433,4.219,20.818,1448,14,20272,NaN,5766,5766,816,NaN,18,20,4,2,NaN,NaN,14590080,1023224,5,52736,43520,NaN,NaN
2026-04-01 14:04:01.140,47914,ESTAB,bbr,224,22.372,2.761,20.818,1448,16,23168,NaN,8649,8649,1224,NaN,20,23,6,3,NaN,NaN,14590080,1023224,7,52736,43520,NaN,NaN
2026-04-01 14:04:01.385,47914,ESTAB,bbr,224,22.372,2.761,20.818,1448,16,23168,NaN,8649,8649,1224,NaN,20,23,6,3,NaN,NaN,14590080,1023224,7,52736,43520,NaN,NaN
2026-04-01 14:04:01.627,47914,ESTAB,bbr,224,22.372,2.761,20.818,1448,16,23168,NaN,8649,8649,1224,NaN,20,23,6,3,NaN,NaN,14590080,1023224,7,52736,43520,NaN,NaN
2026-04-01 14:04:01.877,47914,ESTAB,bbr,224,22.372,2.761,20.818,1448,16,23168,NaN,8649,8649,1224,NaN,20,23,6,3,NaN,NaN,14590080,1023224,7,52736,43520,NaN,NaN
2026-04-01 14:04:02.120,47914,ESTAB,bbr,224,22.372,2.761,20.818,1448,16,23168,NaN,8649,8649,1224,NaN,20,23,6,3,NaN,NaN,14590080,1023224,7,52736,43520,NaN,NaN
2026-04-01 14:04:02.356,47914,ESTAB,bbr,224,22.372,2.761,20.818,1448,16,23168,NaN,8649,8649,1224,NaN,20,23,6,3,NaN,NaN,14590080,1023224,7,52736,43520,NaN,NaN
2026-04-01 14:04:02.584,47914,ESTAB,bbr,224,22.372,2.761,20.818,1448,16,23168,NaN,8649,8649,1224,NaN,20,23,6,3,NaN,NaN,14590080,1023224,7,52736,43520,NaN,NaN
2026-04-01 14:04:02.825,47914,ESTAB,bbr,224,22.372,2.761,20.818,1448,16,23168,NaN,8649,8649,1224,NaN,20,23,6,3,NaN,NaN,14590080,1023224,7,52736,43520,NaN,NaN
2026-04-01 14:04:03.068,47914,ESTAB,bbr,224,22.372,2.761,20.818,1448,16,23168,NaN,8649,8649,1224,NaN,20,23,6,3,NaN,NaN,14590080,1023224,7,52736,43520,NaN,NaN
2026-04-01 14:04:03.313,47914,ESTAB,bbr,224,22.372,2.761,20.818,1448,16,23168,NaN,8649,8649,1224,NaN,20,23,6,3,NaN,NaN,14590080,1023224,7,52736,43520,NaN,NaN
2026-04-01 14:04:03.562,47914,ESTAB,bbr,224,22.372,2.761,20.818,1448,16,23168,NaN,8649,8649,1224,NaN,20,23,6,3,NaN,NaN,14590080,1023224,7,52736,43520,NaN,NaN
2026-04-01 14:04:03.810,47914,ESTAB,bbr,224,22.372,2.761,20.818,1448,16,23168,NaN,8649,8649,1224,NaN,20,23,6,3,NaN,NaN,14590080,1023224,7,52736,43520,NaN,NaN
2026-04-01 14:04:04.057,47914,ESTAB,bbr,224,22.372,2.761,20.818,1448,16,23168,NaN,8649,8649,1224,NaN,20,23,6,3,NaN,NaN,14590080,1023224,7,52736,43520,NaN,NaN
2026-04-01 14:04:04.297,47914,ESTAB,bbr,224,22.372,2.761,20.818,1448,16,23168,NaN,8649,8649,1224,NaN,20,23,6,3,NaN,NaN,14590080,1023224,7,52736,43520,NaN,NaN
2026-04-01 14:04:04.550,47914,ESTAB,bbr,224,22.372,2.761,20.818,1448,16,23168,NaN,8649,8649,1224,NaN,20,23,6,3,NaN,NaN,14590080,1023224,7,52736,43520,NaN,NaN
2026-04-01 14:04:04.798,47914,ESTAB,bbr,224,22.372,2.761,20.818,1448,16,23168,NaN,8649,8649,1224,NaN,20,23,6,3,NaN,NaN,14590080,1023224,7,52736,43520,NaN,NaN
2026-04-01 14:04:05.060,47914,ESTAB,bbr,224,22.372,2.761,20.818,1448,16,23168,NaN,8649,8649,1224,NaN,20,23,6,3,NaN,NaN,14590080,1023224,7,52736,43520,NaN,NaN
2026-04-01 14:04:05.303,47914,ESTAB,bbr,224,22.372,2.761,20.818,1448,16,23168,NaN,8649,8649,1224,NaN,20,23,6,3,NaN,NaN,14590080,1023224,7,52736,43520,NaN,NaN
2026-04-01 14:04:05.549,47914,ESTAB,bbr,224,22.372,2.761,20.818,1448,16,23168,NaN,8649,8649,1224,NaN,20,23,6,3,NaN,NaN,14590080,1023224,7,52736,43520,NaN,NaN
2026-04-01 14:04:05.800,47914,ESTAB,bbr,224,22.372,2.761,20.818,1448,16,23168,NaN,8649,8649,1224,NaN,20,23,6,3,NaN,NaN,14590080,1023224,7,52736,43520,NaN,NaN
2026-04-01 14:04:06.042,47914,ESTAB,bbr,224,22.372,2.761,20.818,1448,16,23168,NaN,8649,8649,1224,NaN,20,23,6,3,NaN,NaN,14590080,1023224,7,52736,43520,NaN,NaN
2026-04-01 14:04:06.295,47914,ESTAB,bbr,224,22.372,2.761,20.818,1448,16,23168,NaN,8649,8649,1224,NaN,20,23,6,3,NaN,NaN,14590080,1023224,7,52736,43520,NaN,NaN
2026-04-01 14:04:06.547,47914,ESTAB,bbr,224,22.372,2.761,20.818,1448,16,23168,NaN,8649,8649,1224,NaN,20,23,6,3,NaN,NaN,14590080,1023224,7,52736,43520,NaN,NaN
2026-04-01 14:04:06.806,47914,ESTAB,bbr,224,22.372,2.761,20.818,1448,16,23168,NaN,8649,8649,1224,NaN,20,23,6,3,NaN,NaN,14590080,1023224,7,52736,43520,NaN,NaN
2026-04-01 14:04:07.057,47914,ESTAB,bbr,224,22.372,2.761,20.818,1448,16,23168,NaN,8649,8649,1224,NaN,20,23,6,3,NaN,NaN,14590080,1023224,7,52736,43520,NaN,NaN
2026-04-01 14:04:07.308,47914,ESTAB,bbr,224,22.372,2.761,20.818,1448,16,23168,NaN,8649,8649,1224,NaN,20,23,6,3,NaN,NaN,14590080,1023224,7,52736,43520,NaN,NaN
2026-04-01 14:04:07.558,47914,ESTAB,bbr,224,22.372,2.761,20.818,1448,16,23168,NaN,8649,8649,1224,NaN,20,23,6,3,NaN,NaN,14590080,1023224,7,52736,43520,NaN,NaN
2026-04-01 14:04:07.802,47914,ESTAB,bbr,224,22.372,2.761,20.818,1448,16,23168,NaN,8649,8649,1224,NaN,20,23,6,3,NaN,NaN,14590080,1023224,7,52736,43520,NaN,NaN
2026-04-01 14:04:08.050,47914,ESTAB,bbr,224,22.372,2.761,20.818,1448,16,23168,NaN,8649,8649,1224,NaN,20,23,6,3,NaN,NaN,14590080,1023224,7,52736,43520,NaN,NaN
2026-04-01 14:04:08.294,47914,ESTAB,bbr,224,22.372,2.761,20.818,1448,16,23168,NaN,8649,8649,1224,NaN,20,23,6,3,NaN,NaN,14590080,1023224,7,52736,43520,NaN,NaN
2026-04-01 14:04:08.542,47914,ESTAB,bbr,224,22.372,2.761,20.818,1448,16,23168,NaN,8649,8649,1224,NaN,20,23,6,3,NaN,NaN,14590080,1023224,7,52736,43520,NaN,NaN
2026-04-01 14:04:08.771,47914,ESTAB,bbr,224,22.372,2.761,20.818,1448,16,23168,NaN,8649,8649,1224,NaN,20,23,6,3,NaN,NaN,14590080,1023224,7,52736,43520,NaN,NaN
2026-04-01 14:04:08.997,47914,ESTAB,bbr,224,22.372,2.761,20.818,1448,16,23168,NaN,8649,8649,1224,NaN,20,23,6,3,NaN,NaN,14590080,1023224,7,52736,43520,NaN,NaN
2026-04-01 14:04:09.220,47914,ESTAB,bbr,224,22.372,2.761,20.818,1448,16,23168,NaN,8649,8649,1224,NaN,20,23,6,3,NaN,NaN,14590080,1023224,7,52736,43520,NaN,NaN
2026-04-01 14:04:09.443,47914,ESTAB,bbr,224,22.372,2.761,20.818,1448,16,23168,NaN,8649,8649,1224,NaN,20,23,6,3,NaN,NaN,14590080,1023224,7,52736,43520,NaN,NaN
2026-04-01 14:04:09.686,47914,ESTAB,bbr,224,22.372,2.761,20.818,1448,16,23168,NaN,8649,8649,1224,NaN,20,23,6,3,NaN,NaN,14590080,1023224,7,52736,43520,NaN,NaN
2026-04-01 14:04:09.930,47914,ESTAB,bbr,224,22.372,2.761,20.818,1448,16,23168,NaN,8649,8649,1224,NaN,20,23,6,3,NaN,NaN,14590080,1023224,7,52736,43520,NaN,NaN
2026-04-01 14:04:10.157,47914,ESTAB,bbr,224,22.372,2.761,20.818,1448,16,23168,NaN,8649,8649,1224,NaN,20,23,6,3,NaN,NaN,14590080,1023224,7,52736,43520,NaN,NaN
2026-04-01 14:04:10.392,47914,ESTAB,bbr,224,22.372,2.761,20.818,1448,16,23168,NaN,8649,8649,1224,NaN,20,23,6,3,NaN,NaN,14590080,1023224,7,52736,43520,NaN,NaN
2026-04-01 14:04:10.643,47914,ESTAB,bbr,224,22.372,2.761,20.818,1448,16,23168,NaN,8649,8649,1224,NaN,20,23,6,3,NaN,NaN,14590080,1023224,7,52736,43520,NaN,NaN
2026-04-01 14:04:10.878,47914,ESTAB,bbr,224,22.372,2.761,20.818,1448,16,23168,NaN,8649,8649,1224,NaN,20,23,6,3,NaN,NaN,14590080,1023224,7,52736,43520,NaN,NaN
2026-04-01 14:04:11.126,47914,ESTAB,bbr,224,22.372,2.761,20.818,1448,16,23168,NaN,8649,8649,1224,NaN,20,23,6,3,NaN,NaN,14590080,1023224,7,52736,43520,NaN,NaN
2026-04-01 14:04:11.361,47914,ESTAB,bbr,224,22.372,2.761,20.818,1448,16,23168,NaN,8649,8649,1224,NaN,20,23,6,3,NaN,NaN,14590080,1023224,7,52736,43520,NaN,NaN
2026-04-01 14:04:11.587,47914,ESTAB,bbr,224,22.372,2.761,20.818,1448,16,23168,NaN,8649,8649,1224,NaN,20,23,6,3,NaN,NaN,14590080,1023224,7,52736,43520,NaN,NaN
2026-04-01 14:04:11.823,47914,ESTAB,bbr,224,22.372,2.761,20.818,1448,16,23168,NaN,8649,8649,1224,NaN,20,23,6,3,NaN,NaN,14590080,1023224,7,52736,43520,NaN,NaN
2026-04-01 14:04:12.065,47914,ESTAB,bbr,224,22.372,2.761,20.818,1448,16,23168,NaN,8649,8649,1224,NaN,20,23,6,3,NaN,NaN,14590080,1023224,7,52736,43520,NaN,NaN
2026-04-01 14:04:12.316,47914,ESTAB,bbr,224,22.372,2.761,20.818,1448,16,23168,NaN,8649,8649,1224,NaN,20,23,6,3,NaN,NaN,14590080,1023224,7,52736,43520,NaN,NaN
2026-04-01 14:04:12.549,47914,ESTAB,bbr,224,22.372,2.761,20.818,1448,16,23168,NaN,8649,8649,1224,NaN,20,23,6,3,NaN,NaN,14590080,1023224,7,52736,43520,NaN,NaN
2026-04-01 14:04:12.778,47914,ESTAB,bbr,224,22.372,2.761,20.818,1448,16,23168,NaN,8649,8649,1224,NaN,20,23,6,3,NaN,NaN,14590080,1023224,7,52736,43520,NaN,NaN
2026-04-01 14:04:13.008,47914,ESTAB,bbr,224,22.372,2.761,20.818,1448,16,23168,NaN,8649,8649,1224,NaN,20,23,6,3,NaN,NaN,14590080,1023224,7,52736,43520,NaN,NaN
2026-04-01 14:04:13.240,47914,ESTAB,bbr,224,22.372,2.761,20.818,1448,16,23168,NaN,8649,8649,1224,NaN,20,23,6,3,NaN,NaN,14590080,1023224,7,52736,43520,NaN,NaN
2026-04-01 14:04:13.471,47914,ESTAB,bbr,224,22.372,2.761,20.818,1448,16,23168,NaN,8649,8649,1224,NaN,20,23,6,3,NaN,NaN,14590080,1023224,7,52736,43520,NaN,NaN
2026-04-01 14:04:13.705,47914,ESTAB,bbr,224,22.372,2.761,20.818,1448,16,23168,NaN,8649,8649,1224,NaN,20,23,6,3,NaN,NaN,14590080,1023224,7,52736,43520,NaN,NaN
2026-04-01 14:04:13.936,47914,ESTAB,bbr,224,22.372,2.761,20.818,1448,16,23168,NaN,8649,8649,1224,NaN,20,23,6,3,NaN,NaN,14590080,1023224,7,52736,43520,NaN,NaN
2026-04-01 14:04:14.165,47914,ESTAB,bbr,224,22.372,2.761,20.818,1448,16,23168,NaN,8649,8649,1224,NaN,20,23,6,3,NaN,NaN,14590080,1023224,7,52736,43520,NaN,NaN
2026-04-01 14:04:14.402,47914,ESTAB,bbr,224,22.372,2.761,20.818,1448,16,23168,NaN,8649,8649,1224,NaN,20,23,6,3,NaN,NaN,14590080,1023224,7,52736,43520,NaN,NaN
2026-04-01 14:04:14.635,47914,ESTAB,bbr,224,22.372,2.761,20.818,1448,16,23168,NaN,8649,8649,1224,NaN,20,23,6,3,NaN,NaN,14590080,1023224,7,52736,43520,NaN,NaN
2026-04-01 14:04:14.871,47914,ESTAB,bbr,224,22.372,2.761,20.818,1448,16,23168,NaN,8649,8649,1224,NaN,20,23,6,3,NaN,NaN,14590080,1023224,7,52736,43520,NaN,NaN
2026-04-01 14:04:15.105,47914,ESTAB,bbr,224,22.372,2.761,20.818,1448,16,23168,NaN,8649,8649,1224,NaN,20,23,6,3,NaN,NaN,14590080,1023224,7,52736,43520,NaN,NaN
2026-04-01 14:04:15.338,47914,ESTAB,bbr,224,22.372,2.761,20.818,1448,16,23168,NaN,8649,8649,1224,NaN,20,23,6,3,NaN,NaN,14590080,1023224,7,52736,43520,NaN,NaN
2026-04-01 14:04:15.583,47914,ESTAB,bbr,224,22.372,2.761,20.818,1448,16,23168,NaN,8649,8649,1224,NaN,20,23,6,3,NaN,NaN,14590080,1023224,7,52736,43520,NaN,NaN
2026-04-01 14:04:15.831,47914,ESTAB,bbr,224,22.372,2.761,20.818,1448,16,23168,NaN,8649,8649,1224,NaN,20,23,6,3,NaN,NaN,14590080,1023224,7,52736,43520,NaN,NaN
2026-04-01 14:04:16.074,47914,ESTAB,bbr,224,22.372,2.761,20.818,1448,16,23168,NaN,8649,8649,1224,NaN,20,23,6,3,NaN,NaN,14590080,1023224,7,52736,43520,NaN,NaN
2026-04-01 14:04:16.316,47914,ESTAB,bbr,224,22.372,2.761,20.818,1448,16,23168,NaN,8649,8649,1224,NaN,21,24,6,3,NaN,NaN,14590080,1023224,7,52736,43520,NaN,NaN
2026-04-01 14:04:16.545,47914,ESTAB,bbr,224,22.372,2.761,20.818,1448,16,23168,NaN,8649,8649,1224,NaN,21,24,6,3,NaN,NaN,14590080,1023224,7,52736,43520,NaN,NaN
2026-04-01 14:04:16.779,47914,ESTAB,bbr,224,22.372,2.761,20.818,1448,16,23168,NaN,8649,8649,1224,NaN,21,24,6,3,NaN,NaN,14590080,1023224,7,52736,43520,NaN,NaN
2026-04-01 14:04:17.021,47914,ESTAB,bbr,224,22.372,2.761,20.818,1448,16,23168,NaN,8649,8649,1224,NaN,21,24,6,3,NaN,NaN,14590080,1023224,7,52736,43520,NaN,NaN
2026-04-01 14:04:17.259,47914,ESTAB,bbr,224,22.372,2.761,20.818,1448,16,23168,NaN,8649,8649,1224,NaN,21,24,6,3,NaN,NaN,14590080,1023224,7,52736,43520,NaN,NaN
2026-04-01 14:04:17.493,47914,ESTAB,bbr,224,22.372,2.761,20.818,1448,16,23168,NaN,8649,8649,1224,NaN,21,24,6,3,NaN,NaN,14590080,1023224,7,52736,43520,NaN,NaN
2026-04-01 14:04:17.727,47914,ESTAB,bbr,224,22.372,2.761,20.818,1448,16,23168,NaN,8649,8649,1224,NaN,21,24,6,3,NaN,NaN,14590080,1023224,7,52736,43520,NaN,NaN
2026-04-01 14:04:17.965,47914,ESTAB,bbr,224,22.372,2.761,20.818,1448,16,23168,NaN,8649,8649,1224,NaN,21,24,6,3,NaN,NaN,14590080,1023224,7,52736,43520,NaN,NaN
2026-04-01 14:04:18.201,47914,ESTAB,bbr,224,22.372,2.761,20.818,1448,16,23168,NaN,8649,8649,1224,NaN,21,24,6,3,NaN,NaN,14590080,1023224,7,52736,43520,NaN,NaN
2026-04-01 14:04:18.429,47914,ESTAB,bbr,224,22.372,2.761,20.818,1448,16,23168,NaN,8649,8649,1224,NaN,21,24,6,3,NaN,NaN,14590080,1023224,7,52736,43520,NaN,NaN
2026-04-01 14:04:18.659,47914,ESTAB,bbr,224,22.372,2.761,20.818,1448,16,23168,NaN,8649,8649,1224,NaN,21,24,6,3,NaN,NaN,14590080,1023224,7,52736,43520,NaN,NaN
2026-04-01 14:04:18.888,47914,ESTAB,bbr,224,22.372,2.761,20.818,1448,16,23168,NaN,8649,8649,1224,NaN,21,24,6,3,NaN,NaN,14590080,1023224,7,52736,43520,NaN,NaN
2026-04-01 14:04:19.114,47914,ESTAB,bbr,224,22.372,2.761,20.818,1448,16,23168,NaN,8649,8649,1224,NaN,21,24,6,3,NaN,NaN,14590080,1023224,7,52736,43520,NaN,NaN
2026-04-01 14:04:19.343,47914,ESTAB,bbr,224,22.372,2.761,20.818,1448,16,23168,NaN,8649,8649,1224,NaN,21,24,6,3,NaN,NaN,14590080,1023224,7,52736,43520,NaN,NaN
