timestamp,dst_port,state,cc_algo,rto_ms,rtt_ms,rtt_var_ms,min_rtt_ms,mss_bytes,cwnd_pkts,cwnd_bytes,ssthresh_bytes,bytes_sent,bytes_acked,bytes_received,bytes_retrans,segs_out,segs_in,data_segs_out,data_segs_in,retrans_outstanding,retrans_total,pacing_rate_bps,delivery_rate_bps,delivered_pkts,snd_wnd_bytes,rcv_wnd_bytes,unacked_pkts,notsent_bytes
2026-04-27 18:50:55.409,44284,ESTAB,bbr,224,20.708,6.16,20.155,1448,12,17376,NaN,2883,2883,408,NaN,3,5,2,1,NaN,NaN,15856896,1148688,3,48640,43520,NaN,NaN
2026-04-27 18:50:55.658,44284,ESTAB,bbr,224,20.708,6.16,20.155,1448,12,17376,NaN,2883,2883,408,NaN,3,5,2,1,NaN,NaN,15856896,1148688,3,48640,43520,NaN,NaN
2026-04-27 18:50:56.318,44300,ESTAB,bbr,232,28.65,2.139,20.063,1448,43,62264,NaN,96376,73208,822,NaN,68,30,67,2,NaN,NaN,20286800,6302496,52,86016,43520,16,105536
2026-04-27 18:50:56.540,44300,ESTAB,bbr,228,24.592,1.003,20.063,1448,36,52128,28960,243512,220344,1644,NaN,170,82,169,4,NaN,NaN,8784536,5580136,154,86016,43520,16,424264
2026-04-27 18:50:56.768,44300,ESTAB,bbr,232,28.794,0.125,20.063,1448,36,52128,28960,433200,411480,1644,NaN,301,148,300,4,NaN,NaN,8326560,6704776,286,86016,43520,15,402544
2026-04-27 18:50:56.993,44300,ESTAB,bbr,232,28.917,0.991,20.063,1448,36,52128,28960,624336,599720,1644,NaN,433,213,432,4,NaN,NaN,8308616,6287536,416,86016,43520,17,379376
2026-04-27 18:50:57.236,44300,ESTAB,bbr,228,27.86,1.285,20.063,1448,50,72400,28960,828504,803888,1644,NaN,574,276,573,4,NaN,NaN,8371840,6337408,557,358400,43520,17,426207
2026-04-27 18:50:57.455,44300,ESTAB,bbr,232,29.401,1.188,20.063,1448,50,72400,28960,1009504,986336,1644,NaN,699,339,698,4,NaN,NaN,8334248,6717552,683,387072,43520,16,245207
2026-04-27 18:50:57.688,44300,ESTAB,bbr,232,29.222,0.929,20.063,1448,50,72400,28960,1200640,1177472,1644,NaN,831,405,830,4,NaN,NaN,8334248,6686288,815,387072,43520,16,54071
2026-04-27 18:50:57.934,44300,ESTAB,bbr,232,30.013,0.784,20.063,1448,50,72400,28960,1254711,1254711,1644,NaN,869,432,868,4,NaN,NaN,8318864,5857896,869,387584,43520,NaN,NaN
2026-04-27 18:50:58.173,44300,ESTAB,bbr,232,30.013,0.784,20.063,1448,50,72400,28960,1254711,1254711,1644,NaN,869,432,868,4,NaN,NaN,8318864,5857896,869,387584,43520,NaN,NaN
2026-04-27 18:50:58.404,44300,ESTAB,bbr,232,29.869,1.272,20.063,1448,48,69504,28960,1389362,1367642,2468,NaN,962,473,961,6,NaN,NaN,8325704,6674008,947,387584,43520,15,522728
2026-04-27 18:50:58.631,44300,ESTAB,bbr,236,34.977,9.672,20.063,1448,50,72400,28960,1584842,1560226,2468,NaN,1097,532,1096,6,NaN,NaN,6660560,6564944,1080,387584,43520,17,587888
2026-04-27 18:50:58.860,44300,ESTAB,bbr,232,28.713,0.239,20.063,1448,52,75296,28960,1777426,1751362,2468,NaN,1230,598,1229,6,NaN,NaN,8311176,6680928,1212,387584,43520,18,512165
2026-04-27 18:50:59.095,44300,ESTAB,bbr,232,29.959,0.972,20.063,1448,50,72400,28960,1972906,1948290,2468,NaN,1365,666,1364,6,NaN,NaN,8382096,6680504,1348,387584,43520,17,316685
2026-04-27 18:50:59.337,44300,ESTAB,bbr,232,28.906,0.128,20.063,1448,50,72400,28960,2171282,2148114,2468,NaN,1502,735,1501,6,NaN,NaN,8369280,6675368,1486,387584,43520,16,118309
2026-04-27 18:50:59.571,44300,ESTAB,bbr,232,28.622,0.119,20.063,1448,50,72400,28960,2289591,2289591,2468,NaN,1584,784,1583,6,NaN,NaN,8314592,6293296,1584,387584,43520,NaN,NaN
2026-04-27 18:50:59.807,44300,ESTAB,bbr,232,28.622,0.119,20.063,1448,50,72400,28960,2289591,2289591,2468,NaN,1584,784,1583,6,NaN,NaN,8314592,6293296,1584,387584,43520,NaN,NaN
2026-04-27 18:51:00.051,44300,ESTAB,bbr,232,28.622,0.119,20.063,1448,50,72400,28960,2289591,2289591,2468,NaN,1584,784,1583,6,NaN,NaN,8314592,6293296,1584,387584,43520,NaN,NaN
2026-04-27 18:51:00.291,44300,ESTAB,bbr,228,27.571,0.378,20.063,1448,50,72400,28960,2306954,2292474,3292,NaN,1596,787,1595,8,NaN,NaN,6651672,6293296,1586,387584,43520,10,705176
2026-04-27 18:51:00.538,44300,ESTAB,bbr,232,28.327,0.174,20.063,1448,36,52128,28960,2519810,2495194,3292,NaN,1743,857,1742,8,NaN,NaN,8310320,5945848,1726,387584,43520,17,492320
2026-04-27 18:51:00.777,44300,ESTAB,bbr,232,29.171,0.577,20.063,1448,36,52128,28960,2721082,2697914,3292,NaN,1882,927,1881,8,NaN,NaN,8310320,6695088,1866,387584,43520,16,551688
2026-04-27 18:51:01.016,44300,ESTAB,bbr,232,28.291,0.648,20.063,1448,36,52128,28960,2922354,2897738,3292,NaN,2021,996,2020,8,NaN,NaN,8325704,6250640,2004,387584,43520,17,574925
2026-04-27 18:51:01.256,44300,ESTAB,bbr,232,28.997,0.417,20.063,1448,36,52128,28960,3120730,3097562,3292,NaN,2158,1065,2157,8,NaN,NaN,8347920,6709096,2142,387584,43520,16,376549
2026-04-27 18:51:01.497,44300,ESTAB,bbr,232,29.573,1.215,20.063,1448,36,52128,28960,3324898,3300282,3292,NaN,2299,1135,2298,8,NaN,NaN,8312032,6692808,2282,387584,43520,17,172381
2026-04-27 18:51:01.729,44300,ESTAB,bbr,232,29.003,0.342,20.063,1448,36,52128,28960,3497279,3494314,3292,NaN,2419,1202,2418,8,NaN,NaN,8370992,6716656,2416,387584,43520,3,NaN
2026-04-27 18:51:01.961,44300,ESTAB,bbr,236,33.395,9.04,20.063,1448,36,52128,28960,3497279,3497279,3292,NaN,2419,1204,2418,8,NaN,NaN,8370992,2318576,2419,387584,43520,NaN,NaN
2026-04-27 18:51:02.186,44300,ESTAB,bbr,236,33.395,9.04,20.063,1448,36,52128,28960,3497279,3497279,3292,NaN,2419,1204,2418,8,NaN,NaN,8370992,2318576,2419,387584,43520,NaN,NaN
2026-04-27 18:51:02.423,44300,ESTAB,bbr,232,28.57,2.166,20.063,1448,36,52128,28960,3611658,3587042,4116,NaN,2498,1238,2497,10,NaN,NaN,8370992,6293728,2481,387584,43520,17,525528
2026-04-27 18:51:02.661,44300,ESTAB,bbr,232,29.04,0.398,20.063,1448,36,52128,28960,3810034,3786866,4116,NaN,2635,1307,2634,10,NaN,NaN,8344504,6694656,2619,387584,43520,16,327152
2026-04-27 18:51:02.899,44300,ESTAB,bbr,232,29.579,1.15,20.063,1448,36,52128,28960,4008410,3986690,4116,NaN,2772,1376,2771,10,NaN,NaN,8337664,6689664,2757,387584,43520,15,128776
2026-04-27 18:51:03.146,44300,ESTAB,bbr,232,30.177,0.642,20.063,1448,36,52128,28960,4137186,4137186,4116,NaN,2861,1428,2860,10,NaN,NaN,8318016,5856840,2861,387584,43520,NaN,NaN
2026-04-27 18:51:03.382,44300,ESTAB,bbr,232,30.177,0.642,20.063,1448,36,52128,28960,4137186,4137186,4116,NaN,2861,1428,2860,10,NaN,NaN,8318016,5856840,2861,387584,43520,NaN,NaN
2026-04-27 18:51:03.625,44300,ESTAB,bbr,232,30.177,0.642,20.063,1448,36,52128,28960,4137186,4137186,4116,NaN,2861,1428,2860,10,NaN,NaN,8318016,5856840,2861,387584,43520,NaN,NaN
2026-04-27 18:51:03.861,44300,ESTAB,bbr,232,30.177,0.642,20.063,1448,36,52128,28960,4137186,4137186,4116,NaN,2861,1428,2860,10,NaN,NaN,8318016,5856840,2861,387584,43520,NaN,NaN
2026-04-27 18:51:04.094,44300,ESTAB,bbr,232,30.177,0.642,20.063,1448,36,52128,28960,4137186,4137186,4116,NaN,2861,1428,2860,10,NaN,NaN,8318016,5856840,2861,387584,43520,NaN,NaN
2026-04-27 18:51:04.324,44300,ESTAB,bbr,232,28.94,0.931,20.063,1448,36,52128,28960,4140069,4140069,4524,NaN,2863,1430,2862,11,NaN,NaN,8318016,5856840,2863,387584,43520,NaN,NaN
2026-04-27 18:51:04.555,44300,ESTAB,bbr,232,28.886,0.187,20.063,1448,36,52128,28960,4336997,4313829,4940,NaN,2999,1491,2998,12,NaN,NaN,8321432,6646224,2983,387584,43520,16,522728
2026-04-27 18:51:04.804,44300,ESTAB,bbr,232,30.177,0.665,20.063,1448,36,52128,28960,4539717,4516549,4940,NaN,3139,1561,3138,12,NaN,NaN,8321432,6678576,3123,387584,43520,16,539897
2026-04-27 18:51:05.054,44300,ESTAB,bbr,232,28.417,0.157,20.063,1448,36,52128,28960,4755469,4730853,4940,NaN,3288,1635,3287,12,NaN,NaN,8345352,5821648,3271,387584,43520,17,324145
2026-04-27 18:51:05.298,44300,ESTAB,bbr,232,28.4,0.828,20.063,1448,36,52128,28960,4959637,4936469,4940,NaN,3429,1706,3428,12,NaN,NaN,8318016,6597984,3413,387584,43520,16,119977
2026-04-27 18:51:05.546,44300,ESTAB,bbr,236,33.818,9.839,20.063,1448,36,52128,28960,5079614,5079614,4940,NaN,3512,1756,3511,12,NaN,NaN,8318016,2498520,3512,387584,43520,NaN,NaN
2026-04-27 18:51:05.810,44300,ESTAB,bbr,236,33.818,9.839,20.063,1448,36,52128,28960,5079614,5079614,4940,NaN,3512,1756,3511,12,NaN,NaN,8318016,2498520,3512,387584,43520,NaN,NaN
2026-04-27 18:51:06.060,44300,ESTAB,bbr,236,33.818,9.839,20.063,1448,36,52128,28960,5079614,5079614,4940,NaN,3512,1756,3511,12,NaN,NaN,8318016,2498520,3512,387584,43520,NaN,NaN
2026-04-27 18:51:06.302,44300,ESTAB,bbr,236,33.818,9.839,20.063,1448,36,52128,28960,5079614,5079614,4940,NaN,3512,1756,3511,12,NaN,NaN,8318016,2498520,3512,387584,43520,NaN,NaN
2026-04-27 18:51:06.549,44300,ESTAB,bbr,232,29.227,0.669,20.063,1448,36,52128,28960,5250465,5224401,5764,NaN,3630,1809,3629,14,NaN,NaN,8327416,6681704,3612,387584,43520,18,551688
2026-04-27 18:51:06.807,44300,ESTAB,bbr,232,29.597,1.219,20.063,1448,36,52128,28960,5460425,5438705,5764,NaN,3775,1883,3774,14,NaN,NaN,8323136,6667288,3760,387584,43520,15,602368
2026-04-27 18:51:07.046,44300,ESTAB,bbr,232,28.889,0.225,20.063,1448,36,52128,28960,5667489,5644321,5764,NaN,3918,1954,3917,14,NaN,NaN,8312888,6717736,3902,387584,43520,16,506302
2026-04-27 18:51:07.287,44300,ESTAB,bbr,232,30.056,0.787,20.063,1448,36,52128,28960,5865865,5844145,5764,NaN,4055,2023,4054,14,NaN,NaN,8315448,6694744,4040,387584,43520,15,307926
2026-04-27 18:51:07.533,44300,ESTAB,bbr,232,28.88,0.108,20.063,1448,36,52128,28960,6074377,6049761,5764,NaN,4199,2094,4198,14,NaN,NaN,8309472,6691864,4182,387584,43520,17,99414
2026-04-27 18:51:07.789,44300,ESTAB,bbr,232,28.663,0.222,20.063,1448,36,52128,28960,6173791,6173791,5764,NaN,4268,2137,4267,14,NaN,NaN,8306048,6306784,4268,387584,43520,NaN,NaN
2026-04-27 18:51:08.034,44300,ESTAB,bbr,232,28.663,0.222,20.063,1448,36,52128,28960,6173791,6173791,5764,NaN,4268,2137,4267,14,NaN,NaN,8306048,6306784,4268,387584,43520,NaN,NaN
2026-04-27 18:51:08.284,44300,ESTAB,bbr,232,28.663,0.222,20.063,1448,36,52128,28960,6173791,6173791,5764,NaN,4268,2137,4267,14,NaN,NaN,8306048,6306784,4268,387584,43520,NaN,NaN
2026-04-27 18:51:08.541,44300,ESTAB,bbr,232,29.83,1.228,20.063,1448,36,52128,28960,6308442,6286722,6588,NaN,4361,2178,4360,16,NaN,NaN,8353048,6680744,4346,387584,43520,15,587888
2026-04-27 18:51:08.783,44300,ESTAB,bbr,232,28.882,0.117,20.063,1448,36,52128,28960,6516954,6492338,6588,NaN,4505,2249,4504,16,NaN,NaN,8376968,6696808,4488,387584,43520,17,640016
2026-04-27 18:51:09.032,44300,ESTAB,bbr,232,29.88,0.421,20.063,1448,36,52128,28960,6726914,6703746,6588,NaN,4650,2322,4649,16,NaN,NaN,8335960,6523440,4634,387584,43520,16,430056
2026-04-27 18:51:09.268,44300,ESTAB,bbr,232,28.382,0.181,20.063,1448,36,52128,28960,6922394,6900674,6588,NaN,4785,2390,4784,16,NaN,NaN,8335960,5945656,4770,387584,43520,15,444360
2026-04-27 18:51:09.507,44300,ESTAB,bbr,232,29.281,0.552,20.063,1448,36,52128,28960,7123666,7100498,6588,NaN,4924,2459,4923,16,NaN,NaN,8325704,6696432,4908,387584,43520,16,243088
2026-04-27 18:51:09.739,44300,ESTAB,bbr,232,28.409,0.222,20.063,1448,36,52128,28960,7319146,7294530,6588,NaN,5059,2526,5058,16,NaN,NaN,8323992,6078440,5042,387584,43520,17,47608
2026-04-27 18:51:09.981,44300,ESTAB,bbr,232,29.129,0.527,20.063,1448,36,52128,28960,7366754,7366754,6588,NaN,5092,2551,5091,16,NaN,NaN,8323992,6687360,5092,387584,43520,NaN,NaN
2026-04-27 18:51:10.216,44300,ESTAB,bbr,232,29.129,0.527,20.063,1448,36,52128,28960,7366754,7366754,6588,NaN,5092,2551,5091,16,NaN,NaN,8323992,6687360,5092,387584,43520,NaN,NaN
2026-04-27 18:51:10.456,44300,ESTAB,bbr,228,24.157,1.492,20.063,1448,36,52128,28960,7410181,7389909,7412,NaN,5122,2561,5121,18,NaN,NaN,8323992,6687360,5108,387584,43520,14,679112
2026-04-27 18:51:10.688,44300,ESTAB,bbr,232,28.942,0.974,20.063,1448,36,52128,28960,7608557,7583941,7412,NaN,5259,2628,5258,18,NaN,NaN,8353048,6300784,5242,387584,43520,17,480736
2026-04-27 18:51:10.926,44300,ESTAB,bbr,232,29.054,0.474,20.063,1448,36,52128,28960,7804037,7780869,7412,NaN,5394,2696,5393,18,NaN,NaN,8317160,6703056,5378,387584,43520,16,545896
2026-04-27 18:51:11.172,44300,ESTAB,bbr,232,29.723,1.108,20.063,1448,36,52128,28960,8013997,7989381,7412,NaN,5539,2768,5538,18,NaN,NaN,8323992,6680024,5522,387584,43520,17,485330
2026-04-27 18:51:11.399,44300,ESTAB,bbr,232,28.963,0.299,20.063,1448,36,52128,28960,8203685,8180517,7412,NaN,5670,2834,5669,18,NaN,NaN,8323992,6654920,5654,387584,43520,16,295642
2026-04-27 18:51:11.642,44300,ESTAB,bbr,232,29.585,1.171,20.063,1448,36,52128,28960,8399165,8377445,7412,NaN,5805,2902,5804,18,NaN,NaN,8325704,6688216,5790,387584,43520,15,100162
2026-04-27 18:51:11.880,44300,ESTAB,bbr,236,34.163,10.852,20.063,1448,36,52128,28960,8499327,8499327,7412,NaN,5875,2945,5874,18,NaN,NaN,8313744,2751656,5875,387584,43520,NaN,NaN
2026-04-27 18:51:12.108,44300,ESTAB,bbr,236,34.163,10.852,20.063,1448,36,52128,28960,8499327,8499327,7412,NaN,5875,2945,5874,18,NaN,NaN,8313744,2751656,5875,387584,43520,NaN,NaN
2026-04-27 18:51:12.341,44300,ESTAB,bbr,236,34.163,10.852,20.063,1448,36,52128,28960,8499327,8499327,7412,NaN,5875,2945,5874,18,NaN,NaN,8313744,2751656,5875,387584,43520,NaN,NaN
2026-04-27 18:51:12.577,44300,ESTAB,bbr,232,28.999,2.028,20.063,1448,36,52128,28960,8616602,8594882,8236,NaN,5956,2981,5955,20,NaN,NaN,8332536,6732680,5941,387584,43520,15,605264
2026-04-27 18:51:12.807,44300,ESTAB,bbr,232,29.055,0.448,20.063,1448,36,52128,28960,8812082,8786018,8236,NaN,6091,3047,6090,20,NaN,NaN,8333392,6709096,6073,387584,43520,18,670424
2026-04-27 18:51:13.043,44300,ESTAB,bbr,232,29.37,1.231,20.063,1448,36,52128,28960,9007562,8982946,8236,NaN,6226,3115,6225,20,NaN,NaN,8330832,6297784,6209,387584,43520,17,474944
2026-04-27 18:51:13.274,44300,ESTAB,bbr,232,29.059,0.464,20.063,1448,36,52128,28960,9200146,9176978,8236,NaN,6359,3182,6358,20,NaN,NaN,8313744,6704560,6343,387584,43520,16,543000
2026-04-27 18:51:13.505,44300,ESTAB,bbr,232,29.192,1.135,20.063,1448,36,52128,28960,9395626,9371010,8236,NaN,6494,3249,6493,20,NaN,NaN,8325704,6318184,6477,387584,43520,17,362340
2026-04-27 18:51:13.730,44300,ESTAB,bbr,232,29.156,0.564,20.063,1448,36,52128,28960,9582418,9559250,8236,NaN,6623,3314,6622,20,NaN,NaN,8329120,6686720,6607,387584,43520,16,175548
2026-04-27 18:51:13.975,44300,ESTAB,bbr,232,28.944,1.012,20.063,1448,36,52128,28960,9757966,9757966,8236,NaN,6745,3383,6744,20,NaN,NaN,8337664,5510000,6745,387584,43520,NaN,NaN
2026-04-27 18:51:14.221,44300,ESTAB,bbr,232,28.944,1.012,20.063,1448,36,52128,28960,9757966,9757966,8236,NaN,6745,3383,6744,20,NaN,NaN,8337664,5510000,6745,387584,43520,NaN,NaN
2026-04-27 18:51:14.466,44300,ESTAB,bbr,228,27.847,1.255,20.063,1448,36,52128,28960,9760849,9760849,8644,NaN,6747,3385,6746,21,NaN,NaN,8337664,5510000,6747,387584,43520,NaN,NaN
2026-04-27 18:51:14.706,44300,ESTAB,bbr,232,28.88,0.132,20.063,1448,36,52128,28960,9962121,9940401,9060,NaN,6886,3448,6885,22,NaN,NaN,8327416,6689504,6871,387584,43520,15,518384
2026-04-27 18:51:14.935,44300,ESTAB,bbr,232,30.064,0.759,20.063,1448,36,52128,28960,10153257,10131537,9060,NaN,7018,3514,7017,22,NaN,NaN,8327416,6694744,7003,387584,43520,15,587888
2026-04-27 18:51:15.174,44300,ESTAB,bbr,232,28.892,0.14,20.063,1448,36,52128,28960,10348737,10328465,9060,NaN,7153,3582,7152,22,NaN,NaN,8325704,6679648,7139,387584,43520,14,627850
2026-04-27 18:51:15.403,44300,ESTAB,bbr,232,30.067,0.754,20.063,1448,36,52128,28960,10544217,10522497,9060,NaN,7288,3649,7287,22,NaN,NaN,8390640,6690392,7273,387584,43520,15,432370
2026-04-27 18:51:15.639,44300,ESTAB,bbr,232,28.925,0.143,20.063,1448,36,52128,28960,10739697,10719425,9060,NaN,7423,3717,7422,22,NaN,NaN,8320576,6686504,7409,387584,43520,14,236890
2026-04-27 18:51:15.866,44300,ESTAB,bbr,232,29.998,0.817,20.063,1448,36,52128,28960,10935177,10910561,9060,NaN,7558,3783,7557,22,NaN,NaN,8345352,6698368,7541,387584,43520,17,41410
2026-04-27 18:51:16.101,44300,ESTAB,bbr,232,28.679,0.265,20.063,1448,36,52128,28960,10976587,10976587,9060,NaN,7587,3806,7586,22,NaN,NaN,8345352,6298640,7587,387584,43520,NaN,NaN
2026-04-27 18:51:16.345,44300,ESTAB,bbr,232,28.679,0.265,20.063,1448,36,52128,28960,10976587,10976587,9060,NaN,7587,3806,7586,22,NaN,NaN,8345352,6298640,7587,387584,43520,NaN,NaN
2026-04-27 18:51:16.578,44300,ESTAB,bbr,228,26.041,2.719,20.063,1448,36,52128,28960,11059110,11034494,9884,NaN,7644,3828,7643,24,NaN,NaN,8345352,6682648,7627,387584,43520,17,609497
2026-04-27 18:51:16.812,44300,ESTAB,bbr,232,30.238,0.5,20.063,1448,36,52128,28960,11254590,11231422,9884,NaN,7779,3896,7778,24,NaN,NaN,8321432,6695464,7763,387584,43520,16,414017
2026-04-27 18:51:17.044,44300,ESTAB,bbr,232,28.836,0.11,20.063,1448,36,52128,28960,11447174,11425454,9884,NaN,7912,3963,7911,24,NaN,NaN,8321432,6692728,7897,387584,43520,15,221433
2026-04-27 18:51:17.278,44300,ESTAB,bbr,232,30.255,0.664,20.063,1448,36,52128,28960,11642654,11619486,9884,NaN,8047,4030,8046,24,NaN,NaN,8321432,6604800,8031,387584,43520,16,25953
2026-04-27 18:51:17.504,44300,ESTAB,bbr,232,28.932,0.208,20.063,1448,36,52128,28960,11668607,11668607,9884,NaN,8065,4047,8064,24,NaN,NaN,8405168,6677512,8065,387584,43520,NaN,NaN
2026-04-27 18:51:17.732,44300,ESTAB,bbr,232,28.932,0.208,20.063,1448,36,52128,28960,11668607,11668607,9884,NaN,8065,4047,8064,24,NaN,NaN,8405168,6677512,8065,387584,43520,NaN,NaN
2026-04-27 18:51:17.980,44300,ESTAB,bbr,232,28.932,0.208,20.063,1448,36,52128,28960,11668607,11668607,9884,NaN,8065,4047,8064,24,NaN,NaN,8405168,6677512,8065,387584,43520,NaN,NaN
2026-04-27 18:51:18.232,44300,ESTAB,bbr,232,28.932,0.208,20.063,1448,36,52128,28960,11668607,11668607,9884,NaN,8065,4047,8064,24,NaN,NaN,8405168,6677512,8065,387584,43520,NaN,NaN
2026-04-27 18:51:18.478,44300,ESTAB,bbr,232,28.932,0.208,20.063,1448,36,52128,28960,11668607,11668607,9884,NaN,8065,4047,8064,24,NaN,NaN,8405168,6677512,8065,387584,43520,NaN,NaN
2026-04-27 18:51:18.720,44300,ESTAB,bbr,232,29.051,0.501,20.063,1448,36,52128,28960,11848146,11822082,10708,NaN,8189,4102,8188,26,NaN,NaN,8405168,6706936,8171,387584,43520,18,543000
2026-04-27 18:51:18.964,44300,ESTAB,bbr,232,29.35,1.231,20.063,1448,36,52128,28960,12046522,12021906,10708,NaN,8326,4171,8325,26,NaN,NaN,8329120,6301000,8309,387584,43520,17,518354
2026-04-27 18:51:19.197,44300,ESTAB,bbr,232,28.98,0.34,20.063,1448,36,52128,28960,12244898,12221730,10708,NaN,8463,4240,8462,26,NaN,NaN,8324848,6672808,8447,387584,43520,16,319978
2026-04-27 18:51:19.439,44300,ESTAB,bbr,232,29.575,1.095,20.063,1448,36,52128,28960,12446170,12421554,10708,NaN,8602,4309,8601,26,NaN,NaN,8324848,6700304,8585,387584,43520,17,118706
2026-04-27 18:51:19.694,44300,ESTAB,bbr,236,35.136,10.809,20.063,1448,36,52128,28960,12564876,12564876,10708,NaN,8684,4359,8683,26,NaN,NaN,8318864,2756280,8684,387584,43520,NaN,NaN
2026-04-27 18:51:19.931,44300,ESTAB,bbr,236,35.136,10.809,20.063,1448,36,52128,28960,12564876,12564876,10708,NaN,8684,4359,8683,26,NaN,NaN,8318864,2756280,8684,387584,43520,NaN,NaN
2026-04-27 18:51:20.165,44300,ESTAB,bbr,236,35.136,10.809,20.063,1448,36,52128,28960,12564876,12564876,10708,NaN,8684,4359,8683,26,NaN,NaN,8318864,2756280,8684,387584,43520,NaN,NaN
2026-04-27 18:51:20.409,44300,ESTAB,bbr,236,35.136,10.809,20.063,1448,36,52128,28960,12564876,12564876,10708,NaN,8684,4359,8683,26,NaN,NaN,8318864,2756280,8684,387584,43520,NaN,NaN
2026-04-27 18:51:20.653,44300,ESTAB,bbr,228,27.029,2.109,20.063,1448,36,52128,28960,12661879,12637263,11532,NaN,8751,4387,8750,28,NaN,NaN,8333392,6150456,8734,387584,43520,17,625536
2026-04-27 18:51:20.906,44300,ESTAB,bbr,232,29.144,0.559,20.063,1448,36,52128,28960,12868943,12845775,11532,NaN,8894,4459,8893,28,NaN,NaN,8334248,6678360,8878,387584,43520,16,418472
2026-04-27 18:51:21.153,44300,ESTAB,bbr,232,29.488,1.199,20.063,1448,36,52128,28960,13076007,13051391,11532,NaN,9037,4530,9036,28,NaN,NaN,8352192,6684600,9020,387584,43520,17,472048
2026-04-27 18:51:21.399,44300,ESTAB,bbr,232,28.928,0.223,20.063,1448,36,52128,28960,13285967,13259903,11532,NaN,9182,4602,9181,28,NaN,NaN,8309472,6714712,9164,387584,43520,18,522728
2026-04-27 18:51:21.644,44300,ESTAB,bbr,232,30.216,0.55,20.063,1448,36,52128,28960,13491583,13468415,11532,NaN,9324,4674,9323,28,NaN,NaN,8309472,6695224,9308,387584,43520,16,331365
2026-04-27 18:51:21.879,44300,ESTAB,bbr,232,28.831,0.114,20.063,1448,36,52128,28960,13687063,13665343,11532,NaN,9459,4742,9458,28,NaN,NaN,8310320,6694016,9444,387584,43520,15,135885
2026-04-27 18:51:22.125,44300,ESTAB,bbr,236,33.856,10.746,20.063,1448,36,52128,28960,13822948,13822948,11532,NaN,9553,4797,9552,28,NaN,NaN,8310320,2809200,9553,387584,43520,NaN,NaN
2026-04-27 18:51:22.361,44300,ESTAB,bbr,236,33.856,10.746,20.063,1448,36,52128,28960,13822948,13822948,11532,NaN,9553,4797,9552,28,NaN,NaN,8310320,2809200,9553,387584,43520,NaN,NaN
2026-04-27 18:51:22.595,44300,ESTAB,bbr,232,30.687,10.863,20.063,1448,36,52128,28960,13840311,13825831,12356,NaN,9565,4801,9564,30,NaN,NaN,6648256,2809200,9555,387584,43520,10,705176
2026-04-27 18:51:22.816,44300,ESTAB,bbr,232,28.746,0.13,20.063,1448,36,52128,28960,14029999,14008279,12356,NaN,9696,4864,9695,30,NaN,NaN,8342792,6694656,9681,387584,43520,15,515488
2026-04-27 18:51:23.040,44300,ESTAB,bbr,232,29.993,0.846,20.063,1448,36,52128,28960,14218239,14193623,12356,NaN,9826,4928,9825,30,NaN,NaN,8333392,6693048,9809,387584,43520,17,587888
2026-04-27 18:51:23.266,44300,ESTAB,bbr,232,28.91,0.261,20.063,1448,36,52128,28960,14407927,14384759,12356,NaN,9957,4994,9956,30,NaN,NaN,8335104,6695304,9941,387584,43520,16,611181
2026-04-27 18:51:23.493,44300,ESTAB,bbr,232,29.615,1.163,20.063,1448,36,52128,28960,14597615,14572999,12356,NaN,10088,5059,10087,30,NaN,NaN,8335104,6677616,10071,387584,43520,17,421493
2026-04-27 18:51:23.727,44300,ESTAB,bbr,232,29.0,0.347,20.063,1448,36,52128,28960,14790199,14767031,12356,NaN,10221,5126,10220,30,NaN,NaN,8329976,6708016,10205,387584,43520,16,228909
2026-04-27 18:51:23.965,44300,ESTAB,bbr,232,29.707,1.929,20.063,1448,38,55024,28960,14991471,14966855,12356,NaN,10360,5194,10359,30,NaN,NaN,8349624,6747384,10343,387584,43520,17,27637
2026-04-27 18:51:24.198,44300,ESTAB,bbr,236,33.225,8.636,20.063,1448,38,55024,28960,15019108,15019108,12356,NaN,10380,5213,10379,30,NaN,NaN,8349624,2391064,10380,387584,43520,NaN,NaN
2026-04-27 18:51:24.435,44300,ESTAB,bbr,236,33.225,8.636,20.063,1448,38,55024,28960,15019108,15019108,12356,NaN,10380,5213,10379,30,NaN,NaN,8349624,2391064,10380,387584,43520,NaN,NaN
2026-04-27 18:51:24.663,44300,ESTAB,bbr,228,24.216,3.469,20.063,1448,38,55024,28960,15077015,15050951,13180,NaN,10420,5227,10419,32,NaN,NaN,8355608,6748896,10402,387584,43520,18,664632
2026-04-27 18:51:24.889,44300,ESTAB,bbr,232,29.316,1.17,20.063,1448,36,52128,28960,15263807,15242087,13180,NaN,10549,5293,10548,32,NaN,NaN,8355608,6299712,10534,387584,43520,15,477840
2026-04-27 18:51:25.113,44300,ESTAB,bbr,232,29.25,0.546,20.063,1448,36,52128,28960,15453495,15427431,13180,NaN,10680,5357,10679,32,NaN,NaN,8327416,6653216,10662,387584,43520,18,548792
2026-04-27 18:51:25.334,44300,ESTAB,bbr,232,28.398,0.194,20.063,1448,36,52128,28960,15628703,15612775,13180,NaN,10801,5421,10800,32,NaN,NaN,8288104,5810696,10790,387584,43520,11,611377
2026-04-27 18:51:25.556,44300,ESTAB,bbr,236,35.775,1.756,20.063,1448,35,50680,28960,15711239,15677935,13180,15928,10858,5460,10857,32,0,11,8288104,2204496,10835,382976,43520,12,544769
2026-04-27 18:51:25.783,44300,ESTAB,bbr,236,34.023,1.293,20.063,1448,36,52128,28960,15809703,15779295,13180,15928,10926,5496,10925,32,0,11,8257344,3749040,10905,388608,43520,10,446305
2026-04-27 18:51:26.012,44300,ESTAB,bbr,236,34.587,1.093,20.063,1448,26,37648,28960,15911063,15877759,13180,15928,10996,5531,10995,32,0,11,4970296,3019808,10973,388608,43520,12,344945
2026-04-27 18:51:26.256,44300,ESTAB,bbr,240,37.019,2.152,20.063,1448,26,37648,28960,16005183,15974775,13180,15928,11061,5565,11060,32,0,11,4520864,2440840,11040,388608,43520,10,250825
2026-04-27 18:51:26.489,44300,ESTAB,bbr,240,38.922,1.593,20.063,1448,24,34752,28960,16086271,16057311,13180,15928,11117,5594,11116,32,0,11,4329464,2228800,11097,388608,43520,9,169737
2026-04-27 18:51:26.729,44300,ESTAB,bbr,240,39.467,8.903,20.063,1448,4,5792,28960,16118127,16090615,13180,17376,11139,5611,11138,32,1,12,3463576,2649784,11123,388608,43520,7,139329
2026-04-27 18:51:26.974,44300,ESTAB,bbr,240,38.402,2.291,20.063,1448,30,43440,28960,16203559,16168807,13180,20272,11198,5645,11197,32,0,14,3729648,2791256,11174,388608,43520,10,56793
2026-04-27 18:51:27.206,44300,ESTAB,bbr,240,36.564,1.639,20.063,1448,26,37648,28960,16267592,16238311,13180,27512,11243,5684,11242,32,0,19,2983720,2368232,11222,387072,43520,2,NaN
2026-04-27 18:51:27.434,44300,ESTAB,bbr,240,37.065,2.188,20.063,1448,8,11584,28960,16345784,16299448,13596,31856,11297,5716,11296,33,1,22,3162128,2740112,11268,387584,43520,10,645808
2026-04-27 18:51:27.665,44300,ESTAB,bbr,236,34.848,1.564,20.063,1448,26,37648,28960,16425424,16374744,13596,37648,11352,5760,11351,33,0,26,3162128,2658160,11317,388608,43520,9,571960
2026-04-27 18:51:27.897,44300,ESTAB,bbr,236,32.274,2.782,20.063,1448,32,46336,28960,16528232,16470312,13596,37648,11423,5794,11422,33,0,26,4914760,3051552,11383,388608,43520,14,469152
2026-04-27 18:51:28.126,44300,ESTAB,bbr,236,34.775,2.37,20.063,1448,36,52128,28960,16632488,16577464,13596,37648,11495,5832,11494,33,0,26,6094752,2631200,11457,388608,43520,12,625536
2026-04-27 18:51:28.350,44300,ESTAB,bbr,240,38.065,2.409,20.063,1448,34,49232,28960,16715024,16660000,13596,37648,11552,5861,11551,33,0,26,6094752,2487808,11514,388608,43520,12,543000
2026-04-27 18:51:28.575,44300,ESTAB,bbr,240,36.133,2.635,20.063,1448,11,15928,28960,16807696,16749776,13596,37648,11616,5895,11615,33,0,26,4143024,2790448,11579,387584,43520,14,450328
2026-04-27 18:51:28.800,44300,ESTAB,bbr,236,35.606,2.679,20.063,1448,32,46336,28960,16893128,16841000,13596,40544,11675,5932,11674,33,0,28,5178784,2949696,11639,388608,43520,8,472290
2026-04-27 18:51:29.031,44300,ESTAB,bbr,240,37.095,2.099,20.063,1448,28,40544,28960,16978560,16926432,13596,40544,11734,5962,11733,33,0,28,4327760,2907696,11698,388608,43520,8,386858
2026-04-27 18:51:29.257,44300,ESTAB,bbr,240,38.052,1.552,20.063,1448,10,14480,28960,17058200,16993040,13596,44888,11789,5998,11788,33,1,31,3184000,2177800,11751,387584,43520,14,311562
2026-04-27 18:51:29.481,44300,ESTAB,bbr,236,34.719,1.972,20.063,1448,24,34752,28960,17143632,17081368,13596,47784,11848,6035,11847,33,0,33,3065744,3014048,11805,387072,43520,10,229026
2026-04-27 18:51:29.710,44300,ESTAB,bbr,236,32.471,3.362,20.063,1448,28,40544,28960,17231960,17166800,13596,47784,11909,6065,11908,33,0,33,4144904,2583872,11864,388608,43520,12,140698
2026-04-27 18:51:29.952,44300,ESTAB,bbr,236,35.055,1.676,20.063,1448,28,40544,28960,17331872,17266712,13596,50680,11978,6106,11977,33,0,35,3456056,3194624,11933,387072,43520,10,43682
2026-04-27 18:51:30.173,44300,ESTAB,bbr,236,33.423,1.968,20.063,1448,30,43440,28960,17393986,17328826,14418,50680,12022,6130,12021,35,0,35,4575544,2897376,11977,388608,43520,10,702280
2026-04-27 18:51:30.412,44300,ESTAB,bbr,236,35.359,4.382,20.063,1448,28,40544,28960,17489554,17420050,14418,55024,12088,6170,12087,35,0,38,3948896,2327616,12040,388608,43520,10,611056
2026-04-27 18:51:30.677,44300,ESTAB,bbr,240,37.416,0.985,20.063,1448,26,37648,28960,17590914,17518514,14418,57920,12158,6211,12157,35,0,40,3638560,2770512,12108,387072,43520,10,512592
2026-04-27 18:51:30.908,44300,ESTAB,bbr,240,36.333,1.244,20.063,1448,30,43440,28960,17680690,17603946,14418,59368,12220,6247,12219,35,0,41,4323488,3041616,12167,387072,43520,12,424264
2026-04-27 18:51:31.134,44300,ESTAB,bbr,236,33.864,3.611,20.063,1448,32,46336,28960,17774810,17695170,14418,62264,12285,6286,12284,35,0,43,4983968,3039776,12230,388608,43520,12,512613
2026-04-27 18:51:31.359,44300,ESTAB,bbr,236,34.128,4.456,20.063,1448,34,49232,28960,17887754,17808114,14418,62264,12363,6326,12362,35,0,43,5786296,3737544,12308,388608,43520,12,399669
2026-04-27 18:51:31.589,44300,ESTAB,bbr,240,36.996,1.891,20.063,1448,13,18824,28960,17980426,17883410,14418,65160,12427,6365,12426,35,1,45,4629032,2831072,12372,385024,43520,22,309893
2026-04-27 18:51:31.835,44300,ESTAB,bbr,236,33.772,4.687,20.063,1448,36,52128,28960,18094818,18009386,14418,65160,12506,6404,12505,35,0,45,6539912,4277592,12447,388608,43520,14,195501
2026-04-27 18:51:32.071,44300,ESTAB,bbr,236,33.716,2.691,20.063,1448,34,49232,28960,18199074,18119434,14418,65160,12578,6443,12577,35,0,45,6539912,2622856,12523,388608,43520,10,91245
2026-04-27 18:51:32.311,44300,ESTAB,bbr,240,36.063,1.973,20.063,1448,30,43440,28960,18290298,18213554,14418,65160,12641,6476,12640,35,0,45,5048056,3040896,12588,388608,43520,8,21
2026-04-27 18:51:32.550,44300,ESTAB,bbr,240,37.708,1.555,20.063,1448,26,37648,28960,18357983,18278343,15240,65160,12689,6501,12688,37,0,45,4511464,3042888,12634,388608,43520,10,229446
2026-04-27 18:51:32.802,44300,ESTAB,bbr,240,39.708,0.844,20.063,1448,26,37648,28960,18453551,18371015,15240,65160,12755,6533,12754,37,0,45,4150888,2784680,12698,388608,43520,12,133878
2026-04-27 18:51:33.062,44300,ESTAB,bbr,236,32.042,1.328,20.063,1448,32,46336,28960,18556359,18479615,15240,68056,12826,6578,12825,37,0,47,5277048,4264304,12773,388608,43520,6,33966
2026-04-27 18:51:33.311,44300,ESTAB,bbr,236,35.825,2.587,20.063,1448,34,49232,28960,18654037,18568605,15656,68056,12894,6611,12893,38,0,47,6441656,3208264,12835,388608,43520,12,344459
2026-04-27 18:51:33.562,44300,ESTAB,bbr,240,37.577,1.713,20.063,1448,30,43440,28960,18740917,18654037,15656,70952,12954,6648,12953,38,0,49,5153320,3032216,12894,388608,43520,11,260475
2026-04-27 18:51:33.831,44300,ESTAB,bbr,240,36.335,1.332,20.063,1448,24,34752,28960,18837933,18749605,15656,73848,13021,6688,13020,38,0,51,3317288,3095528,12960,388608,43520,10,166355
2026-04-27 18:51:34.099,44300,ESTAB,bbr,240,36.426,2.7,20.063,1448,26,37648,28960,18939293,18853861,15656,73848,13091,6725,13090,38,0,51,4239752,2529624,13032,388608,43520,8,64995
2026-04-27 18:51:34.355,44300,ESTAB,bbr,236,34.101,3.348,20.063,1448,30,43440,28960,19004288,18930440,15656,73848,13136,6752,13135,38,0,51,5038656,3103704,13085,388608,43520,NaN,NaN
2026-04-27 18:51:34.609,44300,ESTAB,bbr,236,34.101,3.348,20.063,1448,30,43440,28960,19004288,18930440,15656,73848,13136,6752,13135,38,0,51,5038656,3103704,13085,388608,43520,NaN,NaN
2026-04-27 18:51:34.862,44300,ESTAB,bbr,236,33.871,2.248,20.063,1448,30,43440,28960,19007171,18933323,16064,73848,13138,6755,13137,39,0,51,5038656,3103704,13087,387072,43520,NaN,NaN
2026-04-27 18:51:35.125,44300,ESTAB,bbr,240,37.433,2.177,20.063,1448,28,40544,28960,19102739,19004275,16480,83984,13204,6790,13203,40,0,58,5038656,2576336,13136,387072,43520,10,297903
2026-04-27 18:51:35.385,44300,ESTAB,bbr,236,32.077,1.814,20.063,1448,28,40544,28960,19209891,19112875,16480,85432,13278,6834,13277,40,0,59,3867552,3717184,13211,388608,43520,8,192199
2026-04-27 18:51:35.640,44300,ESTAB,bbr,236,34.796,3.009,20.063,1448,32,46336,28960,19319939,19220027,16480,85432,13354,6872,13353,40,0,59,5066848,2787088,13285,388608,43520,10,82151
2026-04-27 18:51:35.893,44300,ESTAB,bbr,236,34.949,1.197,20.063,1448,32,46336,28960,19406434,19316658,16480,89776,13414,6920,13413,40,0,62,5066848,3685008,13352,387072,43520,NaN,NaN
2026-04-27 18:51:36.148,44300,ESTAB,bbr,236,34.949,1.197,20.063,1448,32,46336,28960,19406434,19316658,16480,89776,13414,6920,13413,40,0,62,5066848,3685008,13352,387072,43520,NaN,NaN
2026-04-27 18:51:36.408,44300,ESTAB,bbr,236,34.949,1.197,20.063,1448,32,46336,28960,19406434,19316658,16480,89776,13414,6920,13413,40,0,62,5066848,3685008,13352,387072,43520,NaN,NaN
2026-04-27 18:51:36.673,44300,ESTAB,bbr,236,34.949,1.197,20.063,1448,32,46336,28960,19406434,19316658,16480,89776,13414,6920,13413,40,0,62,5066848,3685008,13352,387072,43520,NaN,NaN
2026-04-27 18:51:36.922,44300,ESTAB,bbr,236,35.87,2.328,20.063,1448,28,40544,28960,19415109,19319541,17304,89776,13420,6924,13419,42,0,62,4053480,3685008,13354,388608,43520,4,418965
2026-04-27 18:51:37.179,44300,ESTAB,bbr,240,38.974,1.652,20.063,1448,28,40544,28960,19494749,19390493,17304,92672,13475,6956,13474,42,0,64,4766944,2628344,13403,388608,43520,8,342221
2026-04-27 18:51:37.432,44300,ESTAB,bbr,236,35.286,1.687,20.063,1448,26,37648,28960,19587421,19480269,17304,95568,13539,6993,13538,42,0,66,3306352,3187232,13465,388608,43520,8,252445
2026-04-27 18:51:37.704,44300,ESTAB,bbr,236,33.286,2.235,20.063,1448,28,40544,28960,19697469,19585973,17304,97016,13615,7037,13614,42,0,67,3728112,2745960,13538,388608,43520,10,143845
2026-04-27 18:51:37.980,44300,ESTAB,bbr,240,36.555,2.352,20.063,1448,28,40544,28960,19806069,19691677,17304,97016,13690,7074,13689,42,0,67,4660136,2677264,13611,388608,43520,12,35245
2026-04-27 18:51:38.238,44300,ESTAB,bbr,236,34.887,2.167,20.063,1448,28,40544,28960,19841314,19744298,17304,97016,13715,7093,13714,42,0,67,4605448,3084880,13648,388608,43520,NaN,NaN
2026-04-27 18:51:38.509,44300,ESTAB,bbr,236,34.887,2.167,20.063,1448,28,40544,28960,19841314,19744298,17304,97016,13715,7093,13714,42,0,67,4605448,3084880,13648,388608,43520,NaN,NaN
2026-04-27 18:51:38.752,44300,ESTAB,bbr,236,34.887,2.167,20.063,1448,28,40544,28960,19841314,19744298,17304,97016,13715,7093,13714,42,0,67,4605448,3084880,13648,388608,43520,NaN,NaN
2026-04-27 18:51:39.013,44300,ESTAB,bbr,236,35.644,2.301,20.063,1448,28,40544,28960,19867365,19752973,18128,97016,13733,7099,13732,44,0,67,4605448,3084880,13654,388608,43520,12,256075
2026-04-27 18:51:39.274,44300,ESTAB,bbr,236,33.154,3.634,20.063,1448,30,43440,28960,19974517,19855781,18128,104256,13807,7149,13806,44,0,72,4738744,3395272,13725,388608,43520,10,156163
2026-04-27 18:51:39.527,44300,ESTAB,bbr,236,34.556,2.079,20.063,1448,28,40544,28960,20071533,19948453,18128,105704,13874,7189,13873,44,0,73,3790992,2855432,13789,388608,43520,12,60595
2026-04-27 18:51:39.774,44300,ESTAB,bbr,232,31.898,1.886,20.063,1448,28,40544,28960,20132128,20026424,18128,105704,13916,7217,13915,44,0,73,4875456,3940000,13843,388608,43520,NaN,NaN
2026-04-27 18:51:40.035,44300,ESTAB,bbr,232,31.898,1.886,20.063,1448,28,40544,28960,20132128,20026424,18128,105704,13916,7217,13915,44,0,73,4875456,3940000,13843,388608,43520,NaN,NaN
2026-04-27 18:51:40.296,44300,ESTAB,bbr,232,31.898,1.886,20.063,1448,28,40544,28960,20132128,20026424,18128,105704,13916,7217,13915,44,0,73,4875456,3940000,13843,388608,43520,NaN,NaN
2026-04-27 18:51:40.557,44300,ESTAB,bbr,232,31.898,1.886,20.063,1448,28,40544,28960,20132128,20026424,18128,105704,13916,7217,13915,44,0,73,4875456,3940000,13843,388608,43520,NaN,NaN
2026-04-27 18:51:40.825,44300,ESTAB,bbr,232,31.898,1.886,20.063,1448,28,40544,28960,20132128,20026424,18128,105704,13916,7217,13915,44,0,73,4875456,3940000,13843,388608,43520,NaN,NaN
2026-04-27 18:51:41.102,44300,ESTAB,bbr,240,38.448,2.7,20.063,1448,10,14480,28960,20175555,20048131,18952,114392,13946,7234,13945,46,4,79,3900368,2234776,13861,377856,43520,9,326804
2026-04-27 18:51:41.363,44300,ESTAB,bbr,240,37.244,3.322,20.063,1448,34,49232,28960,20271123,20137907,18952,121632,14012,7275,14011,46,0,84,4875456,2388352,13920,388608,43520,8,238476
2026-04-27 18:51:41.624,44300,ESTAB,bbr,236,34.463,2.691,20.063,1448,32,46336,28960,20381171,20245059,18952,121632,14088,7313,14087,46,0,84,4637064,3304896,13994,388608,43520,10,128428
2026-04-27 18:51:41.884,44300,ESTAB,bbr,236,35.395,2.16,20.063,1448,32,46336,28960,20482531,20347867,18952,121632,14158,7349,14157,46,0,84,4637064,3440704,14065,388608,43520,9,27068
2026-04-27 18:51:42.148,44300,ESTAB,bbr,236,34.298,2.24,20.063,1448,30,43440,28960,20509599,20387967,18952,121632,14177,7364,14176,46,0,84,4324336,2040000,14093,388608,43520,NaN,NaN
2026-04-27 18:51:42.405,44300,ESTAB,bbr,236,34.298,2.24,20.063,1448,30,43440,28960,20509599,20387967,18952,121632,14177,7364,14176,46,0,84,4324336,2040000,14093,388608,43520,NaN,NaN
2026-04-27 18:51:42.660,44300,ESTAB,bbr,236,34.298,2.24,20.063,1448,30,43440,28960,20509599,20387967,18952,121632,14177,7364,14176,46,0,84,4324336,2040000,14093,388608,43520,NaN,NaN
2026-04-27 18:51:42.919,44300,ESTAB,bbr,236,34.298,2.24,20.063,1448,30,43440,28960,20509599,20387967,18952,121632,14177,7364,14176,46,0,84,4324336,2040000,14093,388608,43520,NaN,NaN
2026-04-27 18:51:43.181,44300,ESTAB,bbr,240,38.857,1.368,20.063,1448,11,15928,28960,20563162,20409674,19776,130320,14214,7385,14213,48,5,90,3459472,2298000,14118,385024,43520,16,395294
2026-04-27 18:51:43.431,44300,ESTAB,bbr,236,34.13,1.357,20.063,1448,28,40544,28960,20658730,20506690,19776,136112,14280,7430,14279,48,0,94,3454000,3151680,14175,387072,43520,11,305518
2026-04-27 18:51:43.663,44300,ESTAB,bbr,236,34.275,3.148,20.063,1448,32,46336,28960,20751402,20600810,19776,136112,14344,7464,14343,48,0,94,4876312,2511096,14240,388608,43520,10,212846
2026-04-27 18:51:43.923,44300,ESTAB,bbr,240,36.29,1.554,20.063,1448,11,15928,28960,20861450,20689138,19776,143352,14420,7511,14419,48,3,99,3901048,2660536,14311,387072,43520,20,110038
2026-04-27 18:51:44.184,44300,ESTAB,bbr,240,36.724,2.27,20.063,1448,30,43440,28960,20959914,20804978,19776,143352,14488,7550,14487,48,0,99,4748144,2984176,14381,388608,43520,8,11574
2026-04-27 18:51:44.445,44300,ESTAB,bbr,240,36.667,1.898,20.063,1448,30,43440,28960,20971488,20828136,19776,143352,14496,7558,14495,48,0,99,4748144,3049624,14397,388608,43520,NaN,NaN
2026-04-27 18:51:44.713,44300,ESTAB,bbr,240,36.667,1.898,20.063,1448,30,43440,28960,20971488,20828136,19776,143352,14496,7558,14495,48,0,99,4748144,3049624,14397,388608,43520,NaN,NaN
2026-04-27 18:51:44.982,44300,ESTAB,bbr,240,36.667,1.898,20.063,1448,30,43440,28960,20971488,20828136,19776,143352,14496,7558,14495,48,0,99,4748144,3049624,14397,388608,43520,NaN,NaN
2026-04-27 18:51:45.247,44300,ESTAB,bbr,240,39.402,1.513,20.063,1448,28,40544,28960,21033739,20864323,20600,156384,14539,7583,14538,50,0,108,3484080,1776952,14422,370688,43520,9,349510
2026-04-27 18:51:45.510,44300,ESTAB,bbr,240,38.255,1.921,20.063,1448,30,43440,28960,21132203,20962787,20600,156384,14607,7618,14606,50,0,108,4552480,2785216,14490,388608,43520,9,251046
2026-04-27 18:51:45.761,44300,ESTAB,bbr,232,31.438,2.439,20.063,1448,32,46336,28960,21236459,21064147,20600,160728,14679,7662,14678,50,0,111,4617416,3731552,14560,388608,43520,8,151134
2026-04-27 18:51:46.029,44300,ESTAB,bbr,240,36.117,2.424,20.063,1448,10,14480,28960,21343611,21156819,20600,163624,14753,7709,14752,50,1,113,3693928,2260192,14632,387072,43520,16,46878
2026-04-27 18:51:46.290,44300,ESTAB,bbr,240,36.685,2.76,20.063,1448,30,43440,28960,21390489,21226323,20600,163624,14786,7732,14785,50,0,113,4617416,2330192,14672,388608,43520,1,NaN
2026-04-27 18:51:46.549,44300,ESTAB,bbr,240,36.726,1.634,20.063,1448,11,15928,28960,21427231,21237001,21016,168510,14812,7745,14811,51,3,117,3671376,2619952,14688,387584,43520,15,353594
2026-04-27 18:51:46.813,44300,ESTAB,bbr,240,37.442,1.413,20.063,1448,24,34752,28960,21524247,21331121,21016,177198,14879,7794,14878,51,0,123,3502536,1616096,14745,387072,43520,11,265266
2026-04-27 18:51:47.070,44300,ESTAB,bbr,240,36.872,2.168,20.063,1448,26,37648,28960,21616919,21423793,21016,177198,14943,7827,14942,51,0,123,3960344,2481096,14809,388608,43520,11,172594
2026-04-27 18:51:47.335,44300,ESTAB,bbr,232,31.05,1.934,20.063,1448,28,40544,28960,21719727,21520809,21016,184438,15014,7879,15013,51,0,128,4307248,3350800,14876,388608,43520,10,77026
2026-04-27 18:51:47.591,44300,ESTAB,bbr,232,30.288,4.688,20.063,1448,30,43440,28960,21822817,21623899,21432,184438,15086,7916,15085,52,0,128,5235176,2869336,14948,388608,43520,10,318784
2026-04-27 18:51:47.840,44300,ESTAB,bbr,236,33.048,3.367,20.063,1448,30,43440,28960,21922729,21720915,21432,187334,15155,7957,15154,52,0,130,5235176,3353096,15015,388608,43520,10,259316
2026-04-27 18:51:48.097,44300,ESTAB,bbr,236,34.828,2.803,20.063,1448,12,17376,28960,22035673,21823723,21432,190230,15233,8002,15232,52,2,132,4588024,2910112,15095,387584,43520,15,172731
2026-04-27 18:51:48.361,44300,ESTAB,bbr,240,36.164,1.922,20.063,1448,30,43440,28960,22145721,21939563,21432,190230,15309,8042,15308,52,0,132,5735024,3092840,15166,388608,43520,11,62683
2026-04-27 18:51:48.618,44300,ESTAB,bbr,236,34.831,2.25,20.063,1448,30,43440,28960,22208404,22018174,21432,190230,15353,8071,15352,52,0,132,5034384,2388792,15221,388608,43520,NaN,NaN
2026-04-27 18:51:48.884,44300,ESTAB,bbr,236,34.831,2.25,20.063,1448,30,43440,28960,22208404,22018174,21432,190230,15353,8071,15352,52,0,132,5034384,2388792,15221,388608,43520,NaN,NaN
2026-04-27 18:51:49.151,44300,ESTAB,bbr,236,34.831,2.25,20.063,1448,30,43440,28960,22208404,22018174,21432,190230,15353,8071,15352,52,0,132,5034384,2388792,15221,388608,43520,NaN,NaN
2026-04-27 18:51:49.422,44300,ESTAB,bbr,240,39.607,1.886,20.063,1448,10,14480,28960,22256175,22039881,22256,198918,15386,8088,15385,54,4,138,4027504,2214168,15239,377856,43520,12,225197
2026-04-27 18:51:49.686,44300,ESTAB,bbr,236,33.876,2.979,20.063,1448,26,37648,28960,22364775,22147033,22256,201814,15461,8137,15460,54,0,140,4024088,3757272,15310,388608,43520,11,173054
2026-04-27 18:51:49.937,44300,ESTAB,bbr,236,35.254,2.837,20.063,1448,30,43440,28960,22473375,22257081,22256,201814,15536,8176,15535,54,0,140,5472712,3215616,15386,388608,43520,10,114939
2026-04-27 18:51:50.194,44300,ESTAB,bbr,236,33.789,2.974,20.063,1448,28,40544,28960,22586319,22367129,22256,201814,15614,8215,15613,54,0,140,4050744,2785616,15462,388608,43520,12,50175
2026-04-27 18:51:50.449,44300,ESTAB,bbr,236,35.157,2.865,20.063,1448,30,43440,28960,22636494,22434680,22256,201814,15649,8239,15648,54,0,140,5063432,2918392,15509,388608,43520,NaN,NaN
2026-04-27 18:51:50.710,44300,ESTAB,bbr,236,35.157,2.865,20.063,1448,30,43440,28960,22636494,22434680,22256,201814,15649,8239,15648,54,0,140,5063432,2918392,15509,388608,43520,NaN,NaN
2026-04-27 18:51:50.956,44300,ESTAB,bbr,236,35.157,2.865,20.063,1448,30,43440,28960,22636494,22434680,22256,201814,15649,8239,15648,54,0,140,5063432,2918392,15509,388608,43520,NaN,NaN
2026-04-27 18:51:51.209,44300,ESTAB,bbr,236,35.157,2.865,20.063,1448,30,43440,28960,22636494,22434680,22256,201814,15649,8239,15648,54,0,140,5063432,2918392,15509,388608,43520,NaN,NaN
2026-04-27 18:51:51.469,44300,ESTAB,bbr,240,38.303,1.904,20.063,1448,15,21720,28960,22692953,22462179,23080,216294,15688,8260,15687,56,3,150,4050744,2208472,15530,380928,43520,10,247867
2026-04-27 18:51:51.731,44300,ESTAB,bbr,240,39.329,1.62,20.063,1448,10,14480,28960,22787073,22544715,23080,223534,15753,8300,15752,56,2,155,3320024,2576912,15588,387584,43520,13,218586
2026-04-27 18:51:52.002,44300,ESTAB,bbr,236,34.773,2.35,20.063,1448,26,37648,28960,22882641,22641731,23080,226430,15819,8339,15818,56,0,157,3762968,2460784,15652,388608,43520,10,174301
2026-04-27 18:51:52.262,44300,ESTAB,bbr,240,36.126,4.572,20.063,1448,24,34752,28960,22976761,22730059,23080,232222,15884,8377,15883,56,0,161,3315240,2537360,15713,388608,43520,10,125010
2026-04-27 18:51:52.511,44300,ESTAB,bbr,240,37.82,2.16,20.063,1448,24,34752,28960,23069433,22815491,23080,238014,15948,8423,15947,56,0,165,3315240,2422416,15772,375808,43520,11,38130
2026-04-27 18:51:52.766,44300,ESTAB,bbr,232,31.111,2.01,20.063,1448,30,43440,28960,23107563,22869549,23080,238014,15975,8444,15974,56,0,165,4997640,3653544,15810,388608,43520,NaN,NaN
2026-04-27 18:51:53.022,44300,ESTAB,bbr,232,31.111,2.01,20.063,1448,30,43440,28960,23107563,22869549,23080,238014,15975,8444,15974,56,0,165,4997640,3653544,15810,388608,43520,NaN,NaN
2026-04-27 18:51:53.277,44300,ESTAB,bbr,232,31.111,2.01,20.063,1448,30,43440,28960,23107563,22869549,23080,238014,15975,8444,15974,56,0,165,4997640,3653544,15810,388608,43520,NaN,NaN
2026-04-27 18:51:53.524,44300,ESTAB,bbr,240,37.174,3.126,20.063,1448,17,24616,28960,23164022,22897048,23904,242358,16014,8468,16013,58,1,168,3998112,2333808,15835,387072,43520,17,301453
2026-04-27 18:51:53.772,44300,ESTAB,bbr,240,37.349,2.229,20.063,1448,10,14480,28960,23253798,22981032,23904,248150,16076,8516,16075,58,1,172,3998112,2715168,15896,387072,43520,17,262283
2026-04-27 18:51:54.034,44300,ESTAB,bbr,240,37.115,2.905,20.063,1448,28,40544,28960,23359502,23096872,23904,248150,16149,8555,16148,58,0,172,4781464,2689072,15967,388608,43520,10,193879
2026-04-27 18:51:54.291,44300,ESTAB,bbr,236,33.859,1.569,20.063,1448,26,37648,28960,23459414,23196784,23904,249598,16218,8597,16217,58,0,173,4510608,3348744,16036,388608,43520,9,95415
2026-04-27 18:51:54.546,44300,ESTAB,bbr,240,36.446,1.223,20.063,1448,26,37648,28960,23554829,23292352,23904,249598,16284,8631,16283,58,0,173,4147472,2678008,16102,388608,43520,9,NaN
2026-04-27 18:51:54.804,44300,ESTAB,bbr,240,36.396,1.99,20.063,1448,26,37648,28960,23554829,23305231,23904,249598,16284,8636,16283,58,0,173,4321776,2509344,16111,388608,43520,NaN,NaN
2026-04-27 18:51:55.065,44300,ESTAB,bbr,240,36.396,1.99,20.063,1448,26,37648,28960,23554829,23305231,23904,249598,16284,8636,16283,58,0,173,4321776,2509344,16111,388608,43520,NaN,NaN
2026-04-27 18:51:55.326,44300,ESTAB,bbr,240,36.396,1.99,20.063,1448,26,37648,28960,23554829,23305231,23904,249598,16284,8636,16283,58,0,173,4321776,2509344,16111,388608,43520,NaN,NaN
2026-04-27 18:51:55.579,44300,ESTAB,bbr,240,37.323,0.795,20.063,1448,24,34752,28960,23618528,23347210,24728,256838,16328,8663,16327,60,0,178,3457424,2575248,16140,388608,43520,10,273116
2026-04-27 18:51:55.823,44300,ESTAB,bbr,240,36.321,1.612,20.063,1448,22,31856,28960,23698168,23422506,24728,261182,16383,8702,16382,60,0,181,2933136,2425392,16192,388608,43520,10,263127
2026-04-27 18:51:56.091,44300,ESTAB,bbr,240,36.853,1.73,20.063,1448,26,37648,28960,23798080,23518074,24728,262630,16452,8741,16451,60,0,182,3997088,2791520,16258,387072,43520,12,208498
2026-04-27 18:51:56.352,44300,ESTAB,bbr,240,36.81,2.952,20.063,1448,28,40544,28960,23905232,23626674,24728,262630,16526,8779,16525,60,0,182,4877168,2568680,16333,388608,43520,11,101346
2026-04-27 18:51:56.613,44300,ESTAB,bbr,232,31.376,3.877,20.063,1448,4,5792,28960,23961704,23690386,24728,265526,16565,8805,16564,60,0,184,3901728,2236504,16377,388608,43520,4,47770
2026-04-27 18:51:56.872,44300,ESTAB,bbr,236,33.464,3.76,20.063,1448,24,34752,28960,24009474,23743948,24728,265526,16598,8824,16597,60,0,184,3404104,2232352,16414,388608,43520,NaN,NaN
2026-04-27 18:51:57.133,44300,ESTAB,bbr,236,33.464,3.76,20.063,1448,24,34752,28960,24009474,23743948,24728,265526,16598,8824,16597,60,0,184,3404104,2232352,16414,388608,43520,NaN,NaN
2026-04-27 18:51:57.386,44300,ESTAB,bbr,236,33.464,3.76,20.063,1448,24,34752,28960,24009474,23743948,24728,265526,16598,8824,16597,60,0,184,3404104,2232352,16414,388608,43520,NaN,NaN
2026-04-27 18:51:57.637,44300,ESTAB,bbr,240,36.918,1.682,20.063,1448,19,27512,28960,24071725,23754071,25552,274214,16641,8851,16640,62,0,190,3404104,1774912,16441,385536,43520,30,316383
2026-04-27 18:51:57.898,44300,ESTAB,bbr,240,37.907,2.046,20.063,1448,22,31856,28960,24168741,23874255,25552,282902,16708,8906,16707,62,0,196,3257136,2917216,16504,377856,43520,8,264634
2026-04-27 18:51:58.165,44300,ESTAB,bbr,240,36.003,1.5,20.063,1448,10,14480,28960,24271549,23966927,25552,285798,16779,8946,16778,62,2,198,3786208,2911136,16575,387584,43520,13,206278
2026-04-27 18:51:58.414,44300,ESTAB,bbr,240,36.403,2.899,20.063,1448,28,40544,28960,24374357,24071183,25552,287246,16850,8991,16849,62,0,199,4750704,2785616,16640,388608,43520,11,104918
2026-04-27 18:51:58.686,44300,ESTAB,bbr,240,37.082,1.286,20.063,1448,10,14480,28960,24474269,24165303,25552,290142,16919,9031,16918,62,2,201,3800568,2909816,16712,387584,43520,13,7902
2026-04-27 18:51:58.956,44300,ESTAB,bbr,240,36.815,2.269,20.063,1448,24,34752,28960,24482171,24192029,25552,290142,16925,9041,16924,62,0,201,3800568,1846200,16724,388608,43520,NaN,NaN
2026-04-27 18:51:59.221,44300,ESTAB,bbr,240,36.815,2.269,20.063,1448,24,34752,28960,24482171,24192029,25552,290142,16925,9041,16924,62,0,201,3800568,1846200,16724,388608,43520,NaN,NaN
2026-04-27 18:51:59.477,44300,ESTAB,bbr,240,36.815,2.269,20.063,1448,24,34752,28960,24485054,24192029,25960,290142,16927,9042,16926,63,0,201,3800568,1846200,16724,388608,43520,2,NaN
2026-04-27 18:51:59.741,44300,ESTAB,bbr,240,38.366,2.03,20.063,1448,9,13032,28960,24564694,24242696,26376,301726,16982,9077,16981,64,3,209,3612584,2433672,16767,384512,43520,14,270216
2026-04-27 18:52:00.003,44300,ESTAB,bbr,240,37.247,1.931,20.063,1448,24,34752,28960,24667502,24351296,26376,301726,17053,9114,17052,64,0,209,3980000,2975208,16834,387072,43520,10,212796
2026-04-27 18:52:00.259,44300,ESTAB,bbr,240,36.318,2.58,20.063,1448,26,37648,28960,24767414,24448312,26376,303174,17122,9154,17121,64,0,210,3980000,2791120,16901,387072,43520,11,178570
2026-04-27 18:52:00.516,44300,ESTAB,bbr,236,34.644,2.293,20.063,1448,28,40544,28960,24871670,24555464,26376,304622,17194,9198,17193,64,0,211,4511464,3339288,16975,388608,43520,8,75762
2026-04-27 18:52:00.782,44300,ESTAB,bbr,236,32.768,1.643,20.063,1448,28,40544,28960,24950328,24642810,26376,307518,17249,9234,17248,64,0,213,5185616,2793040,17036,388608,43520,NaN,NaN
2026-04-27 18:52:01.058,44300,ESTAB,bbr,236,32.768,1.643,20.063,1448,28,40544,28960,24950328,24642810,26376,307518,17249,9234,17248,64,0,213,5185616,2793040,17036,388608,43520,NaN,NaN
2026-04-27 18:52:01.325,44300,ESTAB,bbr,236,32.768,1.643,20.063,1448,28,40544,28960,24950328,24642810,26376,307518,17249,9234,17248,64,0,213,5185616,2793040,17036,388608,43520,NaN,NaN
2026-04-27 18:52:01.597,44300,ESTAB,bbr,236,33.615,2.45,20.063,1448,28,40544,28960,24964795,24645693,27200,307518,17259,9238,17258,66,0,213,4148496,2793040,17038,388608,43520,8,108682
2026-04-27 18:52:01.867,44300,ESTAB,bbr,240,37.639,3.495,20.063,1448,26,37648,28960,25061811,24725333,27200,321998,17326,9281,17325,66,0,223,5185616,2302600,17093,387072,43520,10,39906
2026-04-27 18:52:02.129,44300,ESTAB,bbr,236,34.433,1.856,20.063,1448,24,34752,28960,25119143,24791353,27200,327790,17367,9322,17366,66,0,227,3822784,1931144,17140,388608,43520,NaN,NaN
2026-04-27 18:52:02.385,44300,ESTAB,bbr,236,34.433,1.856,20.063,1448,24,34752,28960,25119143,24791353,27200,327790,17367,9322,17366,66,0,227,3822784,1931144,17140,388608,43520,NaN,NaN
2026-04-27 18:52:02.630,44300,ESTAB,bbr,236,34.433,1.856,20.063,1448,24,34752,28960,25119143,24791353,27200,327790,17367,9322,17366,66,0,227,3822784,1931144,17140,388608,43520,NaN,NaN
2026-04-27 18:52:02.892,44300,ESTAB,bbr,236,34.433,1.856,20.063,1448,24,34752,28960,25119143,24791353,27200,327790,17367,9322,17366,66,0,227,3822784,1931144,17140,388608,43520,NaN,NaN
2026-04-27 18:52:03.165,44300,ESTAB,bbr,236,34.433,1.856,20.063,1448,24,34752,28960,25119143,24791353,27200,327790,17367,9322,17366,66,0,227,3822784,1931144,17140,388608,43520,NaN,NaN
2026-04-27 18:52:03.428,44300,ESTAB,bbr,236,34.433,1.856,20.063,1448,24,34752,28960,25119143,24791353,27200,327790,17367,9322,17366,66,0,227,3822784,1931144,17140,388608,43520,NaN,NaN
2026-04-27 18:52:03.685,44300,ESTAB,bbr,240,36.937,3.004,20.063,1448,10,14480,28960,25153882,24798580,28024,333582,17391,9332,17390,68,4,231,3058224,1931144,17150,387584,43520,15,59629
2026-04-27 18:52:03.942,44300,ESTAB,bbr,240,39.606,1.64,20.063,1448,20,28960,28960,25237866,24875324,28024,343718,17449,9369,17448,68,0,238,2122440,2796176,17199,387072,43520,13,33258
2026-04-27 18:52:04.187,44300,ESTAB,bbr,240,37.74,1.569,20.063,1448,24,34752,28960,25316004,24956412,28024,349510,17503,9404,17502,68,0,242,3597208,2580696,17254,387072,43520,7,NaN
2026-04-27 18:52:04.448,44300,ESTAB,bbr,240,37.895,1.402,20.063,1448,24,34752,28960,25316004,24966494,28024,349510,17503,9408,17502,68,0,242,3597208,2153376,17261,388608,43520,NaN,NaN
2026-04-27 18:52:04.708,44300,ESTAB,bbr,240,37.895,1.402,20.063,1448,24,34752,28960,25316004,24966494,28024,349510,17503,9408,17502,68,0,242,3597208,2153376,17261,388608,43520,NaN,NaN
2026-04-27 18:52:04.977,44300,ESTAB,bbr,240,37.895,1.402,20.063,1448,24,34752,28960,25316004,24966494,28024,349510,17503,9408,17502,68,0,242,3597208,2153376,17261,388608,43520,NaN,NaN
2026-04-27 18:52:05.229,44300,ESTAB,bbr,240,37.895,1.402,20.063,1448,24,34752,28960,25316004,24966494,28024,349510,17503,9408,17502,68,0,242,3597208,2153376,17261,388608,43520,NaN,NaN
2026-04-27 18:52:05.473,44300,ESTAB,bbr,240,37.895,1.402,20.063,1448,24,34752,28960,25316004,24966494,28024,349510,17503,9408,17502,68,0,242,3597208,2153376,17261,388608,43520,NaN,NaN
2026-04-27 18:52:05.700,44300,ESTAB,bbr,240,37.828,1.29,20.063,1448,24,34752,28960,25336263,24975169,28848,349510,17517,9414,17516,70,0,242,3597208,2153376,17267,388608,43520,8,323465
2026-04-27 18:52:05.950,44300,ESTAB,bbr,236,34.76,4.339,20.063,1448,24,34752,28960,25428935,25060601,28848,353854,17581,9452,17580,70,0,245,3178528,2676896,17326,388608,43520,10,272415
2026-04-27 18:52:06.213,44300,ESTAB,bbr,240,36.619,1.767,20.063,1448,28,40544,28960,25524503,25157617,28848,353854,17647,9486,17646,70,0,245,4711400,2866320,17393,388608,43520,9,227668
2026-04-27 18:52:06.460,44300,ESTAB,bbr,236,34.269,2.832,20.063,1448,28,40544,28960,25633103,25261873,28848,353854,17722,9523,17721,70,0,245,5275336,4262960,17465,388608,43520,12,119068
2026-04-27 18:52:06.729,44300,ESTAB,bbr,240,37.0,1.902,20.063,1448,4,5792,28960,25728671,25369025,28848,353854,17788,9561,17787,70,0,245,4220272,2715136,17539,388608,43520,4,23500
2026-04-27 18:52:06.993,44300,ESTAB,bbr,232,30.599,2.053,20.063,1448,4,5792,28960,25752171,25398317,28848,353854,17805,9572,17804,70,0,245,4220272,2547000,17560,388608,43520,NaN,NaN
2026-04-27 18:52:07.249,44300,ESTAB,bbr,232,30.599,2.053,20.063,1448,4,5792,28960,25752171,25398317,28848,353854,17805,9572,17804,70,0,245,4220272,2547000,17560,388608,43520,NaN,NaN
2026-04-27 18:52:07.506,44300,ESTAB,bbr,232,30.599,2.053,20.063,1448,4,5792,28960,25752171,25398317,28848,353854,17805,9572,17804,70,0,245,4220272,2547000,17560,388608,43520,NaN,NaN
2026-04-27 18:52:07.747,44300,ESTAB,bbr,236,32.863,4.391,20.063,1448,26,37648,28960,25775326,25406992,29672,353854,17821,9578,17820,72,0,245,4220272,2547000,17566,388608,43520,10,343589
2026-04-27 18:52:08.014,44300,ESTAB,bbr,240,38.488,1.425,20.063,1448,22,31856,28960,25869446,25488080,29672,366886,17886,9622,17885,72,0,254,3037720,2313968,17622,388608,43520,10,355557
2026-04-27 18:52:08.279,44300,ESTAB,bbr,236,34.174,2.33,20.063,1448,22,31856,28960,25972254,25579304,29672,378470,17957,9672,17956,72,0,262,3102656,2430160,17685,388608,43520,10,264333
2026-04-27 18:52:08.546,44300,ESTAB,bbr,236,35.092,3.089,20.063,1448,24,34752,28960,26073614,25677768,29672,379918,18027,9714,18026,72,0,263,3582512,2871744,17754,387584,43520,11,164421
2026-04-27 18:52:08.810,44300,ESTAB,bbr,240,38.108,1.972,20.063,1448,28,40544,28960,26172078,25776232,29672,381366,18095,9753,18094,72,0,264,4835296,2478920,17821,387072,43520,10,67405
2026-04-27 18:52:09.063,44300,ESTAB,bbr,240,36.448,1.357,20.063,1448,28,40544,28960,26239483,25858117,29672,381366,18142,9782,18141,72,0,264,4835296,3092840,17878,388608,43520,NaN,NaN
2026-04-27 18:52:09.319,44300,ESTAB,bbr,240,36.448,1.357,20.063,1448,28,40544,28960,26239483,25858117,29672,381366,18142,9782,18141,72,0,264,4835296,3092840,17878,388608,43520,NaN,NaN
2026-04-27 18:52:09.595,44300,ESTAB,bbr,240,36.448,1.357,20.063,1448,28,40544,28960,26239483,25858117,29672,381366,18142,9782,18141,72,0,264,4835296,3092840,17878,388608,43520,NaN,NaN
2026-04-27 18:52:09.856,44300,ESTAB,bbr,240,39.247,1.785,20.063,1448,9,13032,28960,26290150,25874032,30496,391502,18177,9799,18176,74,7,271,3316608,2305272,17898,387584,43520,17,335192
2026-04-27 18:52:10.116,44300,ESTAB,bbr,240,37.862,2.171,20.063,1448,24,34752,28960,26390062,25979736,30496,392950,18246,9842,18245,74,0,272,3316608,2910328,17962,387072,43520,12,274931
2026-04-27 18:52:10.380,44300,ESTAB,bbr,240,38.067,2.204,20.063,1448,26,37648,28960,26487078,26076752,30496,392950,18313,9876,18312,74,0,272,4461048,2679800,18029,388608,43520,12,177915
2026-04-27 18:52:10.623,44300,ESTAB,bbr,240,36.28,1.934,20.063,1448,26,37648,28960,26578302,26170872,30496,395846,18376,9917,18375,74,0,274,4461048,3042016,18094,388608,43520,8,89587
2026-04-27 18:52:10.874,44300,ESTAB,bbr,236,35.302,1.786,20.063,1448,26,37648,28960,26667889,26263544,30496,395846,18438,9950,18437,74,0,274,4323488,2827992,18158,388608,43520,6,NaN
2026-04-27 18:52:11.129,44300,ESTAB,bbr,236,35.762,2.238,20.063,1448,26,37648,28960,26667889,26272043,30496,395846,18438,9953,18437,74,0,274,4323488,3195056,18164,388608,43520,NaN,NaN
2026-04-27 18:52:11.407,44300,ESTAB,bbr,236,35.762,2.238,20.063,1448,26,37648,28960,26667889,26272043,30496,395846,18438,9953,18437,74,0,274,4323488,3195056,18164,388608,43520,NaN,NaN
2026-04-27 18:52:11.674,44300,ESTAB,bbr,236,35.762,2.238,20.063,1448,26,37648,28960,26667889,26272043,30496,395846,18438,9953,18437,74,0,274,4323488,3195056,18164,388608,43520,NaN,NaN
2026-04-27 18:52:11.936,44300,ESTAB,bbr,240,38.78,1.886,20.063,1448,10,14480,28960,26724348,26302438,31320,404534,18477,9975,18476,76,4,280,3458784,2338128,18192,382464,43520,12,326739
2026-04-27 18:52:12.195,44300,ESTAB,bbr,240,36.495,2.417,20.063,1448,26,37648,28960,26825708,26400902,31320,411774,18547,10017,18546,76,0,285,4330320,2772008,18253,388608,43520,9,273490
2026-04-27 18:52:12.450,44300,ESTAB,bbr,236,35.293,3.026,20.063,1448,26,37648,28960,26937204,26510950,31320,411774,18624,10056,18623,76,0,285,4753272,3463960,18329,388608,43520,10,161994
2026-04-27 18:52:12.705,44300,ESTAB,bbr,232,31.843,1.417,20.063,1448,28,40544,28960,27048700,26618102,31320,416118,18701,10102,18700,76,0,288,5112136,4131112,18403,388608,43520,10,54842
2026-04-27 18:52:12.959,44300,ESTAB,bbr,236,33.521,1.957,20.063,1448,30,43440,28960,27103542,26687424,31320,416118,18739,10127,18738,76,0,288,5217232,2766360,18451,388608,43520,NaN,NaN
2026-04-27 18:52:13.217,44300,ESTAB,bbr,236,33.521,1.957,20.063,1448,30,43440,28960,27103542,26687424,31320,416118,18739,10127,18738,76,0,288,5217232,2766360,18451,388608,43520,NaN,NaN
2026-04-27 18:52:13.494,44300,ESTAB,bbr,236,33.521,1.957,20.063,1448,30,43440,28960,27103542,26687424,31320,416118,18739,10127,18738,76,0,288,5217232,2766360,18451,388608,43520,NaN,NaN
2026-04-27 18:52:13.751,44300,ESTAB,bbr,236,33.521,1.957,20.063,1448,30,43440,28960,27103542,26687424,31320,416118,18739,10127,18738,76,0,288,5217232,2766360,18451,388608,43520,NaN,NaN
2026-04-27 18:52:13.997,44300,ESTAB,bbr,240,37.261,0.969,20.063,1448,26,37648,28960,27170137,26729403,32144,427702,18785,10153,18784,78,0,296,4173784,1952184,18480,387072,43520,9,319926
2026-04-27 18:52:14.250,44300,ESTAB,bbr,240,36.792,1.16,20.063,1448,10,14480,28960,27261361,26803251,32144,432046,18848,10197,18847,78,2,299,3194248,2868384,18542,387584,43520,18,269470
2026-04-27 18:52:14.514,44300,ESTAB,bbr,240,37.409,2.975,20.063,1448,10,14480,28960,27362721,26901715,32144,433494,18918,10237,18917,78,1,300,3307040,2771168,18609,387584,43520,19,169558
2026-04-27 18:52:14.761,44300,ESTAB,bbr,236,35.998,1.596,20.063,1448,26,37648,28960,27453945,27004523,32144,434942,18981,10275,18980,78,0,301,4317504,3186352,18670,388608,43520,10,79782
2026-04-27 18:52:15.021,44300,ESTAB,bbr,236,35.713,2.309,20.063,1448,28,40544,28960,27533727,27098785,32144,434942,19037,10309,19036,78,0,301,4520864,1931120,18736,388608,43520,NaN,NaN
2026-04-27 18:52:15.289,44300,ESTAB,bbr,236,35.713,2.309,20.063,1448,28,40544,28960,27533727,27098785,32144,434942,19037,10309,19036,78,0,301,4520864,1931120,18736,388608,43520,NaN,NaN
2026-04-27 18:52:15.554,44300,ESTAB,bbr,236,35.713,2.309,20.063,1448,28,40544,28960,27533727,27098785,32144,434942,19037,10309,19036,78,0,301,4520864,1931120,18736,388608,43520,NaN,NaN
2026-04-27 18:52:15.807,44300,ESTAB,bbr,236,35.713,2.309,20.063,1448,28,40544,28960,27533727,27098785,32144,434942,19037,10309,19036,78,0,301,4520864,1931120,18736,388608,43520,NaN,NaN
2026-04-27 18:52:16.071,44300,ESTAB,bbr,240,38.764,1.582,20.063,1448,9,13032,28960,27606114,27137868,32968,445078,19087,10340,19086,80,5,308,3616688,2266528,18771,387584,43520,16,370562
2026-04-27 18:52:16.335,44300,ESTAB,bbr,240,36.331,1.41,20.063,1448,24,34752,28960,27703130,27240676,32968,447974,19154,10384,19153,80,0,310,3465624,2338848,18834,388608,43520,10,276442
2026-04-27 18:52:16.610,44300,ESTAB,bbr,240,36.765,1.456,20.063,1448,26,37648,28960,27805938,27343484,32968,447974,19225,10420,19224,80,0,310,4332032,3213456,18905,388608,43520,10,173634
2026-04-27 18:52:16.879,44300,ESTAB,bbr,236,33.812,3.041,20.063,1448,26,37648,28960,27924674,27462220,32968,450870,19307,10471,19306,80,0,312,3807400,3497320,18987,388608,43520,8,57794
2026-04-27 18:52:17.136,44300,ESTAB,bbr,232,30.31,5.341,20.063,1448,28,40544,28960,27988260,27531598,32968,456662,19351,10498,19350,80,0,316,4204544,1339448,19035,385536,43520,NaN,NaN
2026-04-27 18:52:17.390,44300,ESTAB,bbr,232,30.31,5.341,20.063,1448,28,40544,28960,27988260,27531598,32968,456662,19351,10498,19350,80,0,316,4204544,1339448,19035,385536,43520,NaN,NaN
2026-04-27 18:52:17.656,44300,ESTAB,bbr,232,30.31,5.341,20.063,1448,28,40544,28960,27988260,27531598,32968,456662,19351,10498,19350,80,0,316,4204544,1339448,19035,385536,43520,NaN,NaN
2026-04-27 18:52:17.922,44300,ESTAB,bbr,232,31.643,5.373,20.063,1448,30,43440,28960,27991143,27534481,33792,456662,19353,10502,19352,82,0,316,4204544,1339448,19037,388608,43520,NaN,NaN
2026-04-27 18:52:18.198,44300,ESTAB,bbr,240,38.311,0.914,20.063,1448,10,14480,28960,28083815,27603985,33792,461006,19417,10539,19416,82,1,319,3787752,2229672,19091,388608,43520,13,374631
2026-04-27 18:52:18.460,44300,ESTAB,bbr,240,36.451,1.784,20.063,1448,30,43440,28960,28175039,27695209,33792,465350,19480,10578,19479,82,0,322,3787752,3041616,19148,387072,43520,10,287751
2026-04-27 18:52:18.725,44300,ESTAB,bbr,236,35.169,1.396,20.063,1448,34,49232,28960,28279295,27795121,33792,466798,19552,10620,19551,82,0,323,4737888,3353384,19217,388608,43520,12,184943
2026-04-27 18:52:18.986,44300,ESTAB,bbr,240,38.16,3.092,20.063,1448,34,49232,28960,28382103,27899377,33792,466798,19623,10657,19622,82,0,323,4737888,2762104,19290,387584,43520,11,82135
2026-04-27 18:52:19.256,44300,ESTAB,bbr,236,34.382,2.432,20.063,1448,28,40544,28960,28465686,27997440,33792,468246,19681,10698,19680,82,0,324,4507192,2946080,19357,388608,43520,NaN,NaN
2026-04-27 18:52:19.511,44300,ESTAB,bbr,236,34.382,2.432,20.063,1448,28,40544,28960,28465686,27997440,33792,468246,19681,10698,19680,82,0,324,4507192,2946080,19357,388608,43520,NaN,NaN
2026-04-27 18:52:19.760,44300,ESTAB,bbr,236,34.382,2.432,20.063,1448,28,40544,28960,28465686,27997440,33792,468246,19681,10698,19680,82,0,324,4507192,2946080,19357,388608,43520,NaN,NaN
2026-04-27 18:52:20.012,44300,ESTAB,bbr,236,35.798,2.616,20.063,1448,28,40544,28960,28488841,28006115,34616,468246,19697,10704,19696,84,0,324,4507192,2946080,19363,388608,43520,10,416735
2026-04-27 18:52:20.273,44300,ESTAB,bbr,236,34.859,1.597,20.063,1448,28,40544,28960,28582961,28087203,34616,482726,19762,10748,19761,84,0,334,4320064,3081216,19419,387072,43520,9,386582
2026-04-27 18:52:20.528,44300,ESTAB,bbr,240,36.951,1.033,20.063,1448,28,40544,28960,28677081,28179875,34616,482726,19827,10781,19826,84,0,334,4320064,3042808,19483,388608,43520,10,292462
2026-04-27 18:52:20.773,44300,ESTAB,bbr,240,36.472,1.807,20.063,1448,26,37648,28960,28766857,28263859,34616,485622,19889,10815,19888,84,0,336,4142344,3041936,19541,387072,43520,12,205582
2026-04-27 18:52:21.044,44300,ESTAB,bbr,240,38.291,2.414,20.063,1448,28,40544,28960,28860977,28357979,34616,485622,19954,10848,19953,84,0,336,4326904,2866080,19606,388608,43520,12,111462
2026-04-27 18:52:21.311,44300,ESTAB,bbr,240,36.657,1.294,20.063,1448,24,34752,28960,28960889,28462235,34616,487070,20023,10892,20022,84,0,337,3324808,3340648,19678,388608,43520,8,12998
2026-04-27 18:52:21.553,44300,ESTAB,bbr,240,36.728,2.544,20.063,1448,26,37648,28960,28973887,28486817,34616,487070,20032,10901,20031,84,0,337,4156016,2339928,19695,388608,43520,NaN,NaN
2026-04-27 18:52:21.803,44300,ESTAB,bbr,240,36.728,2.544,20.063,1448,26,37648,28960,28973887,28486817,34616,487070,20032,10901,20031,84,0,337,4156016,2339928,19695,388608,43520,NaN,NaN
2026-04-27 18:52:22.047,44300,ESTAB,bbr,236,35.933,1.657,20.063,1448,26,37648,28960,28999938,28495492,35440,487070,20050,10907,20049,86,0,337,4156016,2339928,19701,388608,43520,12,254956
2026-04-27 18:52:22.284,44300,ESTAB,bbr,240,37.73,1.803,20.063,1448,26,37648,28960,29076682,28563548,35440,497206,20103,10945,20102,86,0,344,4133800,1925328,19748,387072,43520,11,188348
2026-04-27 18:52:22.545,44300,ESTAB,bbr,240,36.138,2.667,20.063,1448,12,17376,28960,29180938,28650428,35440,500102,20175,10988,20174,86,2,346,3615320,2963416,19821,387584,43520,21,86988
2026-04-27 18:52:22.804,44300,ESTAB,bbr,236,34.954,1.994,20.063,1448,26,37648,28960,29270822,28759028,35440,502998,20238,11028,20237,86,0,348,3615320,2662576,19883,387072,43520,7,NaN
2026-04-27 18:52:23.050,44300,ESTAB,bbr,236,33.552,2.874,20.063,1448,24,34752,28960,29272270,28767824,35440,504446,20239,11034,20238,86,0,349,3615320,1242512,19890,382976,43520,NaN,NaN
2026-04-27 18:52:23.303,44300,ESTAB,bbr,236,33.552,2.874,20.063,1448,24,34752,28960,29272270,28767824,35440,504446,20239,11034,20238,86,0,349,3615320,1242512,19890,382976,43520,NaN,NaN
2026-04-27 18:52:23.562,44300,ESTAB,bbr,236,33.552,2.874,20.063,1448,24,34752,28960,29272270,28767824,35440,504446,20239,11034,20238,86,0,349,3615320,1242512,19890,382976,43520,NaN,NaN
2026-04-27 18:52:23.807,44300,ESTAB,bbr,236,33.552,2.874,20.063,1448,24,34752,28960,29272270,28767824,35440,504446,20239,11034,20238,86,0,349,3615320,1242512,19890,382976,43520,NaN,NaN
2026-04-27 18:52:24.062,44300,ESTAB,bbr,236,33.558,2.023,20.063,1448,24,34752,28960,29280945,28770707,36264,504446,20245,11038,20244,88,0,349,3615320,1242512,19892,388608,43520,4,345409
2026-04-27 18:52:24.317,44300,ESTAB,bbr,240,37.668,1.095,20.063,1448,25,36200,28960,29373617,28841659,36264,516030,20309,11078,20308,88,0,357,4100472,2905568,19941,388608,43520,11,264321
2026-04-27 18:52:24.570,44300,ESTAB,bbr,240,37.503,2.539,20.063,1448,26,37648,28960,29469185,28938675,36264,516030,20375,11112,20374,88,0,357,4516592,3184952,20008,388608,43520,10,168753
2026-04-27 18:52:24.814,44300,ESTAB,bbr,236,35.748,2.099,20.063,1448,32,46336,28960,29570545,29042931,36264,516030,20445,11149,20444,88,0,357,5672656,2314632,20080,388608,43520,8,67393
2026-04-27 18:52:25.060,44300,ESTAB,bbr,240,38.343,1.534,20.063,1448,28,40544,28960,29637938,29121908,36264,516030,20492,11177,20491,88,0,357,5672656,2789640,20135,388608,43520,NaN,NaN
2026-04-27 18:52:25.309,44300,ESTAB,bbr,240,38.343,1.534,20.063,1448,28,40544,28960,29637938,29121908,36264,516030,20492,11177,20491,88,0,357,5672656,2789640,20135,388608,43520,NaN,NaN
2026-04-27 18:52:25.558,44300,ESTAB,bbr,240,38.343,1.534,20.063,1448,28,40544,28960,29637938,29121908,36264,516030,20492,11177,20491,88,0,357,5672656,2789640,20135,388608,43520,NaN,NaN
2026-04-27 18:52:25.814,44300,ESTAB,bbr,240,38.343,1.534,20.063,1448,28,40544,28960,29637938,29121908,36264,516030,20492,11177,20491,88,0,357,5672656,2789640,20135,388608,43520,NaN,NaN
2026-04-27 18:52:26.071,44300,ESTAB,bbr,240,38.343,1.534,20.063,1448,28,40544,28960,29640821,29121908,36672,516030,20494,11178,20493,89,0,357,4538120,2789640,20135,388608,43520,2,NaN
2026-04-27 18:52:26.326,44300,ESTAB,bbr,240,37.687,2.204,20.063,1448,8,11584,28960,29723357,29178367,37088,527614,20551,11212,20550,90,3,365,3014480,1983992,20178,387072,43520,12,347220
2026-04-27 18:52:26.581,44300,ESTAB,bbr,240,37.37,2.713,20.063,1448,24,34752,28960,29810237,29263799,37088,531958,20611,11251,20610,90,0,368,3762968,2795704,20233,388608,43520,10,264684
2026-04-27 18:52:26.842,44300,ESTAB,bbr,236,33.85,4.105,20.063,1448,30,43440,28960,29918837,29375295,37088,531958,20686,11290,20685,90,0,368,5082232,3938504,20310,388608,43520,8,156084
2026-04-27 18:52:27.103,44300,ESTAB,bbr,236,35.213,1.543,20.063,1448,28,40544,28960,30017301,29465071,37088,540646,20754,11339,20753,90,0,374,5082232,2776720,20372,388608,43520,8,66308
2026-04-27 18:52:27.364,44300,ESTAB,bbr,236,33.739,1.437,20.063,1448,24,34752,28960,30085057,29542963,37088,542094,20801,11374,20800,90,0,375,3374712,2591688,20426,388608,43520,NaN,NaN
2026-04-27 18:52:27.623,44300,ESTAB,bbr,236,33.739,1.437,20.063,1448,24,34752,28960,30085057,29542963,37088,542094,20801,11374,20800,90,0,375,3374712,2591688,20426,388608,43520,NaN,NaN
2026-04-27 18:52:27.864,44300,ESTAB,bbr,236,33.739,1.437,20.063,1448,24,34752,28960,30085057,29542963,37088,542094,20801,11374,20800,90,0,375,3374712,2591688,20426,388608,43520,NaN,NaN
2026-04-27 18:52:28.121,44300,ESTAB,bbr,236,33.739,1.437,20.063,1448,24,34752,28960,30087940,29542963,37496,542094,20803,11375,20802,91,0,375,3374712,2591688,20426,388608,43520,2,NaN
2026-04-27 18:52:28.393,44300,ESTAB,bbr,240,39.259,3.494,20.063,1448,10,14480,28960,30173372,29605214,37912,547886,20862,11413,20861,92,1,379,3374712,2060888,20471,387072,43520,14,230002
2026-04-27 18:52:28.670,44300,ESTAB,bbr,236,34.507,3.112,20.063,1448,26,37648,28960,30273284,29705126,37912,556574,20931,11470,20930,92,0,385,3760920,2679408,20538,388608,43520,8,138778
2026-04-27 18:52:28.931,44300,ESTAB,bbr,240,36.407,1.26,20.063,1448,26,37648,28960,30377540,29807934,37912,556574,21003,11506,21002,92,0,385,4701152,3349104,20609,388608,43520,9,34522
2026-04-27 18:52:29.186,44300,ESTAB,bbr,236,35.398,1.923,20.063,1448,24,34752,28960,30414958,29855488,37912,559470,21029,11530,21028,92,0,387,3613272,2144536,20642,388608,43520,NaN,NaN
2026-04-27 18:52:29.434,44300,ESTAB,bbr,236,35.398,1.923,20.063,1448,24,34752,28960,30414958,29855488,37912,559470,21029,11530,21028,92,0,387,3613272,2144536,20642,388608,43520,NaN,NaN
2026-04-27 18:52:29.689,44300,ESTAB,bbr,236,35.398,1.923,20.063,1448,24,34752,28960,30414958,29855488,37912,559470,21029,11530,21028,92,0,387,3613272,2144536,20642,388608,43520,NaN,NaN
2026-04-27 18:52:29.933,44300,ESTAB,bbr,236,35.398,1.923,20.063,1448,24,34752,28960,30414958,29855488,37912,559470,21029,11530,21028,92,0,387,3613272,2144536,20642,388608,43520,NaN,NaN
2026-04-27 18:52:30.186,44300,ESTAB,bbr,236,35.223,1.463,20.063,1448,24,34752,28960,30417841,29858371,38320,559470,21031,11533,21030,93,0,387,3613272,2144536,20644,387072,43520,NaN,NaN
2026-04-27 18:52:30.435,44300,ESTAB,bbr,240,39.856,1.341,20.063,1448,26,37648,28960,30500377,29924979,38736,562366,21088,11564,21087,94,0,389,4144048,2785416,20690,388608,43520,9,374157
2026-04-27 18:52:30.691,44300,ESTAB,bbr,236,35.041,2.301,20.063,1448,24,34752,28960,30594497,30014755,38736,565262,21153,11602,21152,94,0,391,3614640,2725352,20752,388608,43520,10,282933
2026-04-27 18:52:30.951,44300,ESTAB,bbr,240,36.136,1.23,20.063,1448,24,34752,28960,30690065,30105979,38736,571054,21219,11649,21218,94,0,395,3614640,2919864,20815,387072,43520,9,193157
2026-04-27 18:52:31.211,44300,ESTAB,bbr,240,36.545,2.977,20.063,1448,26,37648,28960,30798665,30210235,38736,571054,21294,11686,21293,94,0,395,4465320,2970952,20887,388608,43520,12,84557
2026-04-27 18:52:31.479,44300,ESTAB,bbr,240,37.365,1.801,20.063,1448,10,14480,28960,30886118,30294219,38736,573950,21355,11722,21354,94,2,397,3941376,2668016,20952,387584,43520,13,NaN
2026-04-27 18:52:31.746,44300,ESTAB,bbr,240,36.712,2.396,20.063,1448,26,37648,28960,30887566,30312168,38736,575398,21356,11728,21355,94,0,398,3941376,300088,20958,376320,43520,NaN,NaN
2026-04-27 18:52:32.007,44300,ESTAB,bbr,240,36.712,2.396,20.063,1448,26,37648,28960,30887566,30312168,38736,575398,21356,11728,21355,94,0,398,3941376,300088,20958,376320,43520,NaN,NaN
2026-04-27 18:52:32.258,44300,ESTAB,bbr,240,36.535,1.733,20.063,1448,26,37648,28960,30902033,30315051,39560,575398,21366,11732,21365,96,0,398,3941376,630024,20960,388608,43520,8,464375
2026-04-27 18:52:32.506,44300,ESTAB,bbr,240,37.274,2.674,20.063,1448,26,37648,28960,30986017,30394691,39560,576846,21424,11766,21423,96,0,399,4137216,2413776,21015,388608,43520,10,381839
2026-04-27 18:52:32.752,44300,ESTAB,bbr,240,37.798,2.163,20.063,1448,26,37648,28960,31080137,30488811,39560,576846,21489,11799,21488,96,0,399,4137216,2681736,21080,388608,43520,10,287719
2026-04-27 18:52:33.008,44300,ESTAB,bbr,228,26.976,2.842,20.063,1448,4,5792,28960,31151089,30568451,39560,576846,21538,11827,21537,96,0,399,3310456,3344184,21135,388608,43520,4,216767
2026-04-27 18:52:33.273,44300,ESTAB,bbr,240,37.578,2.354,20.063,1448,22,31856,28960,31222041,30632163,39560,579742,21587,11856,21586,96,0,401,3292168,1786856,21179,388608,43520,7,148711
2026-04-27 18:52:33.539,44300,ESTAB,bbr,236,35.891,1.998,20.063,1448,26,37648,28960,31323401,30732075,39560,579742,21657,11892,21656,96,0,401,4140632,3189864,21248,388608,43520,8,47351
2026-04-27 18:52:33.813,44300,ESTAB,bbr,240,37.036,2.317,20.063,1448,26,37648,28960,31370752,30791010,39560,579742,21690,11913,21689,96,0,401,4140632,3199832,21289,388608,43520,NaN,NaN
2026-04-27 18:52:34.054,44300,ESTAB,bbr,240,37.036,2.317,20.063,1448,26,37648,28960,31370752,30791010,39560,579742,21690,11913,21689,96,0,401,4140632,3199832,21289,388608,43520,NaN,NaN
2026-04-27 18:52:34.305,44300,ESTAB,bbr,236,34.411,2.397,20.063,1448,24,34752,28960,31391011,30796789,40384,579742,21704,11918,21703,98,0,401,4140632,3199832,21293,388608,43520,10,441641
2026-04-27 18:52:34.552,44300,ESTAB,bbr,236,34.88,1.979,20.063,1448,24,34752,28960,31477891,30879325,40384,584086,21764,11955,21763,98,0,404,3959488,2318592,21350,388608,43520,10,359105
2026-04-27 18:52:34.797,44300,ESTAB,bbr,240,37.614,2.562,20.063,1448,26,37648,28960,31569115,30964757,40384,586982,21827,11992,21826,98,0,406,4458488,2910840,21409,387072,43520,12,270777
2026-04-27 18:52:35.055,44300,ESTAB,bbr,236,33.825,1.826,20.063,1448,26,37648,28960,31676267,31071909,40384,589878,21901,12036,21900,98,0,408,4458488,3105400,21483,388608,43520,10,166521
2026-04-27 18:52:35.305,44300,ESTAB,bbr,236,32.232,2.017,20.063,1448,28,40544,28960,31781971,31176165,40384,591326,21974,12079,21973,98,0,409,4470448,3821152,21555,387072,43520,10,62265
2026-04-27 18:52:35.566,44300,ESTAB,bbr,236,34.003,3.271,20.063,1448,28,40544,28960,31844236,31252910,40384,591326,22018,12106,22017,98,0,409,5588064,1827944,21609,388096,43520,NaN,NaN
2026-04-27 18:52:35.835,44300,ESTAB,bbr,236,34.003,3.271,20.063,1448,28,40544,28960,31844236,31252910,40384,591326,22018,12106,22017,98,0,409,5588064,1827944,21609,388096,43520,NaN,NaN
2026-04-27 18:52:36.092,44300,ESTAB,bbr,236,34.003,3.271,20.063,1448,28,40544,28960,31844236,31252910,40384,591326,22018,12106,22017,98,0,409,5588064,1827944,21609,388096,43520,NaN,NaN
2026-04-27 18:52:36.353,44300,ESTAB,bbr,236,33.737,3.639,20.063,1448,28,40544,28960,31870287,31258689,41208,591326,22036,12111,22035,100,0,409,5588064,1827944,21613,388608,43520,14,384645
2026-04-27 18:52:36.612,44300,ESTAB,bbr,240,38.368,2.973,20.063,1448,28,40544,28960,31961511,31344121,41208,602910,22099,12156,22098,100,0,417,5531672,2575824,21672,388608,43520,10,305005
2026-04-27 18:52:36.872,44300,ESTAB,bbr,236,34.88,1.952,20.063,1448,30,43440,28960,32065767,31444033,41208,605806,22171,12198,22170,100,0,419,5116408,3344400,21741,388608,43520,11,203645
2026-04-27 18:52:37.130,44300,ESTAB,bbr,240,36.613,2.196,20.063,1448,28,40544,28960,32162783,31542497,41208,608702,22238,12240,22237,100,0,421,5116408,2777600,21809,388608,43520,8,109525
2026-04-27 18:52:37.400,44300,ESTAB,bbr,236,33.151,1.662,20.063,1448,28,40544,28960,32272308,31655441,41208,608702,22314,12280,22313,100,0,421,4751560,3283864,21887,388608,43520,6,NaN
2026-04-27 18:52:37.635,44300,ESTAB,bbr,236,34.561,3.092,20.063,1448,28,40544,28960,32272308,31663606,41208,608702,22314,12283,22313,100,0,421,4751560,2840728,21893,388608,43520,NaN,NaN
2026-04-27 18:52:37.887,44300,ESTAB,bbr,236,34.561,3.092,20.063,1448,28,40544,28960,32272308,31663606,41208,608702,22314,12283,22313,100,0,421,4751560,2840728,21893,388608,43520,NaN,NaN
2026-04-27 18:52:38.139,44300,ESTAB,bbr,236,34.561,3.092,20.063,1448,28,40544,28960,32272308,31663606,41208,608702,22314,12283,22313,100,0,421,4751560,2840728,21893,388608,43520,NaN,NaN
2026-04-27 18:52:38.402,44300,ESTAB,bbr,236,35.163,2.842,20.063,1448,28,40544,28960,32295463,31666489,42032,608702,22330,12287,22329,102,0,421,3801248,2840728,21895,388608,43520,14,384802
2026-04-27 18:52:38.662,44300,ESTAB,bbr,236,35.223,1.842,20.063,1448,26,37648,28960,32385239,31746129,42032,621734,22392,12324,22391,102,0,430,4751560,2899792,21950,388608,43520,12,308058
2026-04-27 18:52:38.921,44300,ESTAB,bbr,240,36.214,1.859,20.063,1448,26,37648,28960,32485151,31846041,42032,621734,22461,12359,22460,102,0,430,4784032,2971392,22019,388608,43520,12,208146
2026-04-27 18:52:39.186,44300,ESTAB,bbr,240,36.394,2.327,20.063,1448,26,37648,28960,32589407,31950297,42032,624630,22533,12403,22532,102,0,432,4784032,2525672,22091,388608,43520,10,106786
2026-04-27 18:52:39.428,44300,ESTAB,bbr,236,35.289,1.81,20.063,1448,26,37648,28960,32683527,32050209,42032,624630,22598,12438,22597,102,0,432,4739600,3830472,22160,388608,43520,6,12666
2026-04-27 18:52:39.685,44300,ESTAB,bbr,236,32.477,1.966,20.063,1448,26,37648,28960,32696193,32071563,42032,624630,22607,12446,22606,102,0,432,4739600,3055360,22175,388608,43520,NaN,NaN
2026-04-27 18:52:39.930,44300,ESTAB,bbr,236,32.477,1.966,20.063,1448,26,37648,28960,32696193,32071563,42032,624630,22607,12446,22606,102,0,432,4739600,3055360,22175,388608,43520,NaN,NaN
2026-04-27 18:52:40.179,44300,ESTAB,bbr,236,32.477,1.966,20.063,1448,26,37648,28960,32696193,32071563,42032,624630,22607,12446,22606,102,0,432,4739600,3055360,22175,388608,43520,NaN,NaN
2026-04-27 18:52:40.436,44300,ESTAB,bbr,236,33.999,3.802,20.063,1448,26,37648,28960,32716452,32074446,42856,624630,22621,12450,22620,104,0,432,3791680,3055360,22177,388608,43520,12,382817
2026-04-27 18:52:40.697,44300,ESTAB,bbr,240,36.258,1.749,20.063,1448,24,34752,28960,32796092,32149742,42856,636214,22676,12492,22675,104,0,440,3791680,2153896,22229,381952,43520,7,314761
2026-04-27 18:52:40.941,44300,ESTAB,bbr,236,34.998,1.949,20.063,1448,28,40544,28960,32890212,32236622,42856,639110,22741,12531,22740,104,0,442,5237744,3598232,22289,388608,43520,10,223537
2026-04-27 18:52:41.192,44300,ESTAB,bbr,236,33.996,2.629,20.063,1448,14,20272,28960,32998812,32335086,42856,640558,22816,12573,22815,104,1,443,4190192,2864800,22365,387584,43520,16,116385
2026-04-27 18:52:41.438,44300,ESTAB,bbr,240,37.096,1.952,20.063,1448,28,40544,28960,33084244,32429206,42856,643454,22875,12613,22874,104,0,445,4718240,3051392,22422,388608,43520,8,33849
2026-04-27 18:52:41.710,44300,ESTAB,bbr,240,36.952,1.363,20.063,1448,28,40544,28960,33118093,32474639,42856,643454,22899,12630,22898,104,0,445,4718240,1673864,22454,388608,43520,NaN,NaN
2026-04-27 18:52:41.974,44300,ESTAB,bbr,240,36.952,1.363,20.063,1448,28,40544,28960,33118093,32474639,42856,643454,22899,12630,22898,104,0,445,4718240,1673864,22454,388608,43520,NaN,NaN
2026-04-27 18:52:42.235,44300,ESTAB,bbr,240,36.952,1.363,20.063,1448,28,40544,28960,33118093,32474639,42856,643454,22899,12630,22898,104,0,445,4718240,1673864,22454,388608,43520,NaN,NaN
2026-04-27 18:52:42.495,44300,ESTAB,bbr,236,35.979,1.694,20.063,1448,26,37648,28960,33144144,32480418,43680,643454,22917,12635,22916,106,0,445,4718240,1673864,22458,388608,43520,14,383425
2026-04-27 18:52:42.756,44300,ESTAB,bbr,240,38.875,2.832,20.063,1448,20,28960,28960,33232472,32549922,43680,666622,22978,12677,22977,106,0,461,2581784,2330312,22507,387072,43520,11,318265
2026-04-27 18:52:43.016,44300,ESTAB,bbr,236,34.489,1.84,20.063,1448,28,40544,28960,33336728,32651282,43680,668070,23050,12718,23049,106,0,462,4763528,3042808,22576,387072,43520,12,215457
2026-04-27 18:52:43.277,44300,ESTAB,bbr,228,25.747,2.06,20.063,1448,4,5792,28960,33407680,32733818,43680,668070,23099,12747,23098,106,0,462,3810816,3280264,22633,388608,43520,4,144505
2026-04-27 18:52:43.533,44300,ESTAB,bbr,236,35.975,1.489,20.063,1448,24,34752,28960,33500352,32817802,43680,668070,23163,12776,23162,106,0,462,4018448,3089752,22691,388608,43520,10,51833
2026-04-27 18:52:43.783,44300,ESTAB,bbr,240,36.061,1.144,20.063,1448,26,37648,28960,33555081,32884115,43680,670966,23201,12807,23200,106,0,464,3784160,2038560,22737,388608,43520,NaN,NaN
2026-04-27 18:52:44.043,44300,ESTAB,bbr,240,36.061,1.144,20.063,1448,26,37648,28960,33555081,32884115,43680,670966,23201,12807,23200,106,0,464,3784160,2038560,22737,388608,43520,NaN,NaN
2026-04-27 18:52:44.303,44300,ESTAB,bbr,240,36.061,1.144,20.063,1448,26,37648,28960,33555081,32884115,43680,670966,23201,12807,23200,106,0,464,3784160,2038560,22737,388608,43520,NaN,NaN
2026-04-27 18:52:44.563,44300,ESTAB,bbr,240,37.392,2.532,20.063,1448,28,40544,28960,33586924,32898582,44504,670966,23223,12815,23222,108,0,464,4730200,2038560,22747,388608,45568,12,381553
2026-04-27 18:52:44.823,44300,ESTAB,bbr,240,38.766,1.582,20.063,1448,24,34752,28960,33676700,32984014,44504,681102,23285,12854,23284,108,0,471,3680944,2913400,22806,387072,45568,8,301913
2026-04-27 18:52:45.084,44300,ESTAB,bbr,240,36.844,2.316,20.063,1448,24,34752,28960,33767924,33066550,44504,683998,23348,12888,23347,108,0,473,3718536,2548448,22863,387072,45568,12,213585
2026-04-27 18:52:45.341,44300,ESTAB,bbr,236,35.978,1.186,20.063,1448,11,15928,28960,33857700,33141846,44504,686894,23410,12926,23409,108,2,475,3455368,3139136,22927,387584,45568,20,126705
2026-04-27 18:52:45.602,44300,ESTAB,bbr,236,33.277,2.217,20.063,1448,30,43440,28960,33976436,33273614,44504,686894,23492,12968,23491,108,0,475,5799968,3823200,23006,388608,45568,11,7969
2026-04-27 18:52:45.848,44300,ESTAB,bbr,236,32.704,1.931,20.063,1448,30,43440,28960,33984405,33297511,44504,686894,23498,12977,23497,108,0,475,5799968,3483424,23023,388608,45568,NaN,NaN
2026-04-27 18:52:46.129,44300,ESTAB,bbr,236,32.704,1.931,20.063,1448,30,43440,28960,33984405,33297511,44504,686894,23498,12977,23497,108,0,475,5799968,3483424,23023,388608,45568,NaN,NaN
2026-04-27 18:52:46.397,44300,ESTAB,bbr,236,32.704,1.931,20.063,1448,30,43440,28960,33984405,33297511,44504,686894,23498,12977,23497,108,0,475,5799968,3483424,23023,388608,45568,NaN,NaN
2026-04-27 18:52:46.659,44300,ESTAB,bbr,240,37.665,1.98,20.063,1448,14,20272,28960,34035072,33319218,45328,695582,23533,12998,23532,110,2,481,4639968,2728728,23045,378368,51200,14,393270
2026-04-27 18:52:46.925,44300,ESTAB,bbr,236,35.73,2.261,20.063,1448,23,33304,28960,34148016,33426370,45328,708614,23611,13054,23610,110,0,490,3493648,3470528,23112,388608,51200,9,293358
2026-04-27 18:52:47.189,44300,ESTAB,bbr,236,34.825,1.703,20.063,1448,12,17376,28960,34256616,33517594,45328,711510,23686,13096,23685,110,2,492,3538760,2453240,23185,387584,51200,19,187654
2026-04-27 18:52:47.444,44300,ESTAB,bbr,240,38.393,1.728,20.063,1448,10,14480,28960,34349288,33608818,45328,717302,23750,13141,23749,110,2,496,3538760,2718992,23245,387584,51200,16,100774
2026-04-27 18:52:47.717,44300,ESTAB,bbr,240,36.462,2.642,20.063,1448,26,37648,28960,34451510,33729002,45328,718750,23821,13191,23820,110,0,497,4381584,2903112,23321,387072,51200,3,NaN
2026-04-27 18:52:47.976,44300,ESTAB,bbr,236,35.394,2.453,20.063,1448,26,37648,28960,34451510,33732760,45328,718750,23821,13193,23820,110,0,497,4381584,1950304,23324,388608,51200,NaN,NaN
2026-04-27 18:52:48.236,44300,ESTAB,bbr,236,35.394,2.453,20.063,1448,26,37648,28960,34451510,33732760,45328,718750,23821,13193,23820,110,0,497,4381584,1950304,23324,388608,51200,NaN,NaN
2026-04-27 18:52:48.495,44300,ESTAB,bbr,236,35.394,2.453,20.063,1448,26,37648,28960,34451510,33732760,45328,718750,23821,13193,23820,110,0,497,4381584,1950304,23324,388608,51200,NaN,NaN
2026-04-27 18:52:48.736,44300,ESTAB,bbr,240,39.745,1.154,20.063,1448,13,18824,28960,34512313,33774739,46152,725990,23863,13217,23862,112,1,502,3483392,2317312,23353,380416,56832,8,463234
2026-04-27 18:52:48.995,44300,ESTAB,bbr,240,36.443,3.269,20.063,1448,26,37648,28960,34613673,33865963,46152,733230,23933,13261,23932,112,0,507,4326048,3232264,23416,387072,56832,10,369114
2026-04-27 18:52:49.243,44300,ESTAB,bbr,236,35.054,2.319,20.063,1448,28,40544,28960,34710689,33960083,46152,736126,24000,13302,23999,112,0,509,4710552,2738592,23481,388608,56832,10,274994
2026-04-27 18:52:49.503,44300,ESTAB,bbr,236,35.338,1.352,20.063,1448,30,43440,28960,34823633,34073027,46152,736126,24078,13342,24077,112,0,509,5458184,2865664,23559,388608,56832,10,162050
2026-04-27 18:52:49.758,44300,ESTAB,bbr,240,36.628,1.799,20.063,1448,26,37648,28960,34922097,34170043,46152,739022,24146,13383,24145,112,0,511,3899680,2973432,23626,375808,56832,9,66482
2026-04-27 18:52:50.014,44300,ESTAB,bbr,236,35.574,2.234,20.063,1448,26,37648,28960,34995819,34249557,46152,746262,24197,13427,24196,112,0,516,3899680,2676368,23681,388608,56832,NaN,NaN
2026-04-27 18:52:50.278,44300,ESTAB,bbr,236,35.574,2.234,20.063,1448,26,37648,28960,34995819,34249557,46152,746262,24197,13427,24196,112,0,516,3899680,2676368,23681,388608,56832,NaN,NaN
2026-04-27 18:52:50.540,44300,ESTAB,bbr,236,35.574,2.234,20.063,1448,26,37648,28960,34995819,34249557,46152,746262,24197,13427,24196,112,0,516,3899680,2676368,23681,388608,56832,NaN,NaN
2026-04-27 18:52:50.787,44300,ESTAB,bbr,240,38.207,2.274,20.063,1448,9,13032,28960,35053726,34284296,46976,753502,24237,13453,24236,114,1,521,3752032,2541088,23709,387072,62976,11,391542
2026-04-27 18:52:51.047,44300,ESTAB,bbr,240,37.298,1.526,20.063,1448,24,34752,28960,35153638,34379864,46976,759294,24306,13508,24305,114,0,525,4197024,2574448,23771,387072,62976,10,297422
2026-04-27 18:52:51.307,44300,ESTAB,bbr,236,34.48,1.978,20.063,1448,26,37648,28960,35259342,34485568,46976,759294,24379,13545,24378,114,0,525,4742160,3441688,23844,388608,62976,10,191718
2026-04-27 18:52:51.561,44300,ESTAB,bbr,236,34.602,1.842,20.063,1448,11,15928,28960,35359254,34566656,46976,766534,24448,13595,24447,114,2,530,3793728,2725472,23910,387584,62976,18,99046
2026-04-27 18:52:51.813,44300,ESTAB,bbr,240,38.296,2.109,20.063,1448,24,34752,28960,35453374,34666568,46976,772326,24513,13637,24512,114,0,534,3562688,2906896,23969,388608,62976,10,10718
2026-04-27 18:52:52.073,44300,ESTAB,bbr,240,36.929,1.339,20.063,1448,26,37648,28960,35464092,34691766,46976,772326,24521,13646,24520,114,0,534,3973160,3036912,23987,388608,62976,NaN,NaN
2026-04-27 18:52:52.340,44300,ESTAB,bbr,240,36.929,1.339,20.063,1448,26,37648,28960,35464092,34691766,46976,772326,24521,13646,24520,114,0,534,3973160,3036912,23987,388608,62976,NaN,NaN
2026-04-27 18:52:52.602,44300,ESTAB,bbr,240,36.929,1.339,20.063,1448,26,37648,28960,35464092,34691766,46976,772326,24521,13646,24520,114,0,534,3973160,3036912,23987,388608,62976,NaN,NaN
2026-04-27 18:52:52.867,44300,ESTAB,bbr,240,37.835,2.564,20.063,1448,10,14480,28960,35539375,34736641,47800,783910,24573,13676,24572,116,1,542,3006272,2656808,24022,387072,68608,13,376953
2026-04-27 18:52:53.122,44300,ESTAB,bbr,236,34.368,1.948,20.063,1448,24,34752,28960,35639287,34839449,47800,785358,24642,13722,24641,116,0,543,3454000,3056824,24089,388608,68608,10,278489
2026-04-27 18:52:53.391,44300,ESTAB,bbr,232,31.245,2.683,20.063,1448,4,5792,28960,35733407,34939361,47800,788254,24707,13770,24706,116,0,545,3483392,3044968,24158,388608,68608,4,187265
2026-04-27 18:52:53.663,44300,ESTAB,bbr,240,37.233,3.788,20.063,1448,10,14480,28960,35801463,34992937,47800,789702,24754,13790,24753,116,1,546,3483392,1889232,24197,387584,68608,13,120657
2026-04-27 18:52:53.951,44300,ESTAB,bbr,240,37.166,1.671,20.063,1448,26,37648,28960,35899927,35094297,47800,794046,24822,13832,24821,116,0,549,4142344,2614568,24265,388608,68608,8,26537
2026-04-27 18:52:54.206,44300,ESTAB,bbr,240,36.265,1.373,20.063,1448,26,37648,28960,35926464,35132418,47800,794046,24841,13846,24840,116,0,549,4142344,2037488,24292,388608,68608,NaN,NaN
2026-04-27 18:52:54.474,44300,ESTAB,bbr,240,36.265,1.373,20.063,1448,26,37648,28960,35926464,35132418,47800,794046,24841,13846,24840,116,0,549,4142344,2037488,24292,388608,68608,NaN,NaN
2026-04-27 18:52:54.728,44300,ESTAB,bbr,236,33.609,1.94,20.063,1448,26,37648,28960,35943827,35135301,48624,794046,24853,13850,24852,118,0,549,3313872,2037488,24294,388608,74240,10,398474
2026-04-27 18:52:54.988,44300,ESTAB,bbr,240,38.431,1.099,20.063,1448,10,14480,28960,36027811,35204805,48624,799838,24911,13899,24910,118,1,553,3965472,2392352,24352,388608,74240,16,320282
2026-04-27 18:52:55.249,44300,ESTAB,bbr,236,34.783,1.362,20.063,1448,24,34752,28960,36133515,35317749,48624,801286,24984,13941,24983,118,0,554,3463576,3347584,24420,387072,74240,10,216026
2026-04-27 18:52:55.511,44300,ESTAB,bbr,236,35.921,2.694,20.063,1448,28,40544,28960,36243563,35424901,48624,801286,25060,13979,25059,118,0,554,4543080,3492920,24494,388608,74240,12,105978
2026-04-27 18:52:55.771,44300,ESTAB,bbr,236,33.513,4.263,20.063,1448,34,49232,28960,36349541,35548255,48624,801286,25134,14023,25133,118,0,554,5807656,3042336,24580,388608,74240,NaN,NaN
2026-04-27 18:52:56.031,44300,ESTAB,bbr,236,33.513,4.263,20.063,1448,34,49232,28960,36349541,35548255,48624,801286,25134,14023,25133,118,0,554,5807656,3042336,24580,388608,74240,NaN,NaN
2026-04-27 18:52:56.288,44300,ESTAB,bbr,236,33.513,4.263,20.063,1448,34,49232,28960,36349541,35548255,48624,801286,25134,14023,25133,118,0,554,5807656,3042336,24580,388608,74240,NaN,NaN
2026-04-27 18:52:56.537,44300,ESTAB,bbr,236,33.513,4.263,20.063,1448,34,49232,28960,36349541,35548255,48624,801286,25134,14023,25133,118,0,554,5807656,3042336,24580,388608,74240,NaN,NaN
2026-04-27 18:52:56.792,44300,ESTAB,bbr,236,35.413,5.048,20.063,1448,32,46336,28960,36384280,35555482,49448,801286,25158,14029,25157,120,0,554,3484592,3042336,24586,387584,80384,19,434893
2026-04-27 18:52:57.047,44300,ESTAB,bbr,240,36.144,3.267,20.063,1448,28,40544,28960,36479848,35642362,49448,825902,25224,14077,25223,120,0,571,4696880,3795984,24645,387072,80384,8,363941
2026-04-27 18:52:57.292,44300,ESTAB,bbr,240,36.2,1.865,20.063,1448,28,40544,28960,36573968,35736482,49448,825902,25289,14110,25288,120,0,571,4774632,3347896,24710,388608,80384,8,269821
2026-04-27 18:52:57.541,44300,ESTAB,bbr,240,38.226,3.741,20.063,1448,26,37648,28960,36663744,35819018,49448,828798,25351,14147,25350,120,0,573,3819704,2265688,24768,387584,80384,11,182941
2026-04-27 18:52:57.791,44300,ESTAB,bbr,240,38.773,2.279,20.063,1448,24,34752,28960,36754968,35905898,49448,834590,25414,14197,25413,120,0,577,3526456,2232672,24827,377344,80384,10,97509
2026-04-27 18:52:58.049,44300,ESTAB,bbr,236,35.8,1.995,20.063,1448,28,40544,28960,36852477,36005810,49448,834590,25482,14233,25481,120,0,577,4730200,3179616,24896,388608,80384,9,NaN
2026-04-27 18:52:58.312,44300,ESTAB,bbr,236,32.326,2.523,20.063,1448,28,40544,28960,36852477,36017887,49448,834590,25482,14238,25481,120,0,577,4730200,3176704,24905,388608,80384,NaN,NaN
2026-04-27 18:52:58.584,44300,ESTAB,bbr,236,32.326,2.523,20.063,1448,28,40544,28960,36852477,36017887,49448,834590,25482,14238,25481,120,0,577,4730200,3176704,24905,388608,80384,NaN,NaN
2026-04-27 18:52:58.842,44300,ESTAB,bbr,236,34.975,4.013,20.063,1448,9,13032,28960,36877080,36025114,50272,836038,25499,14245,25498,122,1,578,2838120,3176704,24912,387584,86016,11,434239
2026-04-27 18:52:59.098,44300,ESTAB,bbr,236,35.94,1.331,20.063,1448,28,40544,28960,36965408,36109098,50272,841830,25560,14294,25559,122,0,582,4730200,3084536,24968,388608,86016,10,351703
2026-04-27 18:52:59.341,44300,ESTAB,bbr,236,32.833,2.008,20.063,1448,28,40544,28960,37069664,36213354,50272,844726,25632,14337,25631,122,0,584,4860080,3928000,25040,387072,86016,8,250343
2026-04-27 18:52:59.592,44300,ESTAB,bbr,236,34.326,2.221,20.063,1448,32,46336,28960,37181160,36321954,50272,844726,25709,14375,25708,122,0,584,5195016,3346712,25115,388608,86016,10,138847
2026-04-27 18:52:59.858,44300,ESTAB,bbr,240,37.148,1.864,20.063,1448,28,40544,28960,37288312,36426210,50272,844726,25783,14412,25782,122,0,584,4525136,2837064,25187,388608,86016,12,31695
2026-04-27 18:53:00.124,44300,ESTAB,bbr,236,34.764,2.799,20.063,1448,26,37648,28960,37325638,36475281,50272,850357,25809,14435,25808,122,0,588,3620104,956192,25221,387072,86016,NaN,NaN
2026-04-27 18:53:00.391,44300,ESTAB,bbr,236,34.764,2.799,20.063,1448,26,37648,28960,37325638,36475281,50272,850357,25809,14435,25808,122,0,588,3620104,956192,25221,387072,86016,NaN,NaN
2026-04-27 18:53:00.652,44300,ESTAB,bbr,236,34.764,2.799,20.063,1448,26,37648,28960,37325638,36475281,50272,850357,25809,14435,25808,122,0,588,3620104,956192,25221,387072,86016,NaN,NaN
2026-04-27 18:53:00.904,44300,ESTAB,bbr,240,37.234,4.876,20.063,1448,12,17376,28960,37361825,36482508,51096,854701,25834,14444,25833,124,3,591,3620104,1169368,25230,387584,91648,17,444840
2026-04-27 18:53:01.166,44300,ESTAB,bbr,240,36.922,2.485,20.063,1448,10,14480,28960,37454497,36563596,51096,872077,25898,14489,25897,124,2,603,3038400,2437064,25285,387072,91648,13,369544
2026-04-27 18:53:01.427,44300,ESTAB,bbr,240,36.503,3.316,20.063,1448,28,40544,28960,37548617,36663508,51096,873525,25963,14535,25962,124,0,604,4266240,2971840,25351,388608,91648,8,276872
2026-04-27 18:53:01.678,44300,ESTAB,bbr,236,33.216,1.699,20.063,1448,32,46336,28960,37667353,36779348,51096,873525,26045,14576,26044,124,0,604,5378728,3705888,25431,388608,91648,10,158136
2026-04-27 18:53:01.928,44300,ESTAB,bbr,236,32.961,3.13,20.063,1448,30,43440,28960,37788985,36898084,51096,873525,26129,14618,26128,124,0,604,5378728,3435432,25513,388608,91648,12,36504
2026-04-27 18:53:02.191,44300,ESTAB,bbr,232,30.887,3.019,20.063,1448,32,46336,28960,37828385,36951964,51096,876421,26157,14646,26156,124,0,606,5306440,2691304,25551,388608,91648,NaN,NaN
2026-04-27 18:53:02.446,44300,ESTAB,bbr,232,30.887,3.019,20.063,1448,32,46336,28960,37828385,36951964,51096,876421,26157,14646,26156,124,0,606,5306440,2691304,25551,388608,91648,NaN,NaN
2026-04-27 18:53:02.704,44300,ESTAB,bbr,232,30.887,3.019,20.063,1448,32,46336,28960,37828385,36951964,51096,876421,26157,14646,26156,124,0,606,5306440,2691304,25551,388608,91648,NaN,NaN
2026-04-27 18:53:02.965,44300,ESTAB,bbr,240,36.299,4.932,20.063,1448,10,14480,28960,37866020,36967879,51920,879317,26183,14657,26182,126,2,608,5306440,2337368,25565,387584,97280,13,257800
2026-04-27 18:53:03.225,44300,ESTAB,bbr,240,36.728,3.457,20.063,1448,24,34752,28960,37964484,37064895,51920,885109,26251,14703,26250,126,0,612,3302256,3068160,25629,388608,97280,10,165128
2026-04-27 18:53:03.483,44300,ESTAB,bbr,236,35.368,2.192,20.063,1448,30,43440,28960,38070188,37167703,51920,885109,26324,14739,26323,126,0,612,5035240,2830760,25700,388608,97280,12,59424
2026-04-27 18:53:03.740,44300,ESTAB,bbr,232,28.835,5.755,20.063,1448,4,5792,28960,38129612,37242999,51920,885109,26366,14765,26365,126,0,612,4028192,3083584,25752,388608,97280,2,NaN
2026-04-27 18:53:04.007,44300,ESTAB,bbr,228,27.825,5.828,20.063,1448,4,5792,28960,38129612,37244503,51920,885109,26366,14766,26365,126,0,612,4028192,3083584,25754,388608,97280,NaN,NaN
2026-04-27 18:53:04.253,44300,ESTAB,bbr,228,27.825,5.828,20.063,1448,4,5792,28960,38129612,37244503,51920,885109,26366,14766,26365,126,0,612,4028192,3083584,25754,388608,97280,NaN,NaN
2026-04-27 18:53:04.503,44300,ESTAB,bbr,228,27.825,5.828,20.063,1448,4,5792,28960,38129612,37244503,51920,885109,26366,14766,26365,126,0,612,4028192,3083584,25754,388608,97280,NaN,NaN
2026-04-27 18:53:04.768,44300,ESTAB,bbr,228,27.825,5.828,20.063,1448,4,5792,28960,38129612,37244503,51920,885109,26366,14766,26365,126,0,612,4028192,3083584,25754,388608,97280,NaN,NaN
2026-04-27 18:53:05.029,44300,ESTAB,bbr,240,38.037,1.435,20.063,1448,22,31856,28960,38183175,37276346,52744,889453,26403,14788,26402,128,0,615,3696320,2928408,25776,388608,103424,12,322793
2026-04-27 18:53:05.269,44300,ESTAB,bbr,240,38.52,1.429,20.063,1448,10,14480,28960,38261367,37345850,52744,895245,26457,14826,26456,128,2,619,4510608,2008896,25832,387072,103424,14,250393
2026-04-27 18:53:05.530,44300,ESTAB,bbr,240,37.046,1.873,20.063,1448,24,34752,28960,38358383,37447210,52744,895245,26524,14861,26523,128,0,619,3608488,2066680,25894,388608,103424,11,153377
2026-04-27 18:53:05.790,44300,ESTAB,bbr,240,37.619,2.81,20.063,1448,22,31856,28960,38451055,37538434,52744,898141,26588,14899,26587,128,0,621,3312504,2679432,25957,387072,103424,10,63601
2026-04-27 18:53:06.059,44300,ESTAB,bbr,240,36.222,2.761,20.063,1448,24,34752,28960,38516104,37616515,52744,899589,26633,14930,26632,128,0,622,3614640,1945960,26011,379392,103424,NaN,NaN
2026-04-27 18:53:06.327,44300,ESTAB,bbr,240,36.222,2.761,20.063,1448,24,34752,28960,38516104,37616515,52744,899589,26633,14930,26632,128,0,622,3614640,1945960,26011,379392,103424,NaN,NaN
2026-04-27 18:53:06.601,44300,ESTAB,bbr,240,36.222,2.761,20.063,1448,24,34752,28960,38516104,37616515,52744,899589,26633,14930,26632,128,0,622,3614640,1945960,26011,379392,103424,NaN,NaN
2026-04-27 18:53:06.866,44300,ESTAB,bbr,240,36.222,2.761,20.063,1448,24,34752,28960,38516104,37616515,52744,899589,26633,14930,26632,128,0,622,3614640,1945960,26011,379392,103424,NaN,NaN
2026-04-27 18:53:07.134,44300,ESTAB,bbr,240,36.746,2.518,20.063,1448,26,37648,28960,38582699,37668630,53568,902485,26679,14958,26678,130,0,624,4518296,2676952,26047,388608,109056,8,319439
2026-04-27 18:53:07.401,44300,ESTAB,bbr,240,36.083,1.472,20.063,1448,26,37648,28960,38678267,37761302,53568,902485,26745,14991,26744,130,0,624,3711704,2405752,26111,388608,109056,10,223871
2026-04-27 18:53:07.668,44300,ESTAB,bbr,240,36.605,3.267,20.063,1448,26,37648,28960,38788315,37869902,53568,902485,26821,15029,26820,130,0,624,4639632,2908280,26186,388608,109056,11,113823
2026-04-27 18:53:07.934,44300,ESTAB,bbr,236,33.112,2.104,20.063,1448,26,37648,28960,38901259,37982846,53568,903933,26899,15076,26898,130,0,625,4543080,3545488,26264,388608,109056,10,2327
2026-04-27 18:53:08.199,44300,ESTAB,bbr,236,35.339,4.05,20.063,1448,28,40544,28960,38903586,37999653,53568,903933,26901,15082,26900,130,0,625,4972008,2482320,26276,388608,109056,NaN,NaN
2026-04-27 18:53:08.453,44300,ESTAB,bbr,236,35.339,4.05,20.063,1448,28,40544,28960,38903586,37999653,53568,903933,26901,15082,26900,130,0,625,4972008,2482320,26276,388608,109056,NaN,NaN
2026-04-27 18:53:08.709,44300,ESTAB,bbr,236,35.339,4.05,20.063,1448,28,40544,28960,38903586,37999653,53568,903933,26901,15082,26900,130,0,625,4972008,2482320,26276,388608,109056,NaN,NaN
2026-04-27 18:53:08.964,44300,ESTAB,bbr,236,35.339,4.05,20.063,1448,28,40544,28960,38906469,37999653,53976,903933,26903,15083,26902,131,0,625,3977608,2482320,26276,388608,112128,2,NaN
2026-04-27 18:53:09.232,44300,ESTAB,bbr,240,39.083,1.092,20.063,1448,12,17376,28960,38987557,38061904,54392,912621,26959,15119,26958,132,1,631,3977608,2622920,26319,378368,114688,9,344892
2026-04-27 18:53:09.493,44300,ESTAB,bbr,236,35.416,4.198,20.063,1448,28,40544,28960,39094709,38164712,54392,915517,27033,15169,27032,132,0,633,5527400,2678624,26390,387072,114688,10,240636
2026-04-27 18:53:09.756,44300,ESTAB,bbr,236,34.201,2.213,20.063,1448,28,40544,28960,39210549,38280552,54392,915517,27113,15210,27112,132,0,633,4971152,3347272,26470,388608,114688,10,124796
2026-04-27 18:53:10.002,44300,ESTAB,bbr,236,33.948,2.63,20.063,1448,30,43440,28960,39326389,38394944,54392,915517,27193,15250,27192,132,0,633,5525688,3089816,26549,388608,114688,11,8956
2026-04-27 18:53:10.262,44300,ESTAB,bbr,236,32.828,2.357,20.063,1448,30,43440,28960,39335345,38419828,54392,915517,27200,15260,27199,132,0,633,5525688,2738816,26567,388608,114688,NaN,NaN
2026-04-27 18:53:10.515,44300,ESTAB,bbr,236,32.828,2.357,20.063,1448,30,43440,28960,39335345,38419828,54392,915517,27200,15260,27199,132,0,633,5525688,2738816,26567,388608,114688,NaN,NaN
2026-04-27 18:53:10.762,44300,ESTAB,bbr,236,32.828,2.357,20.063,1448,30,43440,28960,39335345,38419828,54392,915517,27200,15260,27199,132,0,633,5525688,2738816,26567,388608,114688,NaN,NaN
2026-04-27 18:53:11.051,44300,ESTAB,bbr,236,33.91,3.257,20.063,1448,30,43440,28960,39341124,38422711,55216,915517,27204,15264,27203,134,0,633,4420552,2738816,26569,388608,120832,2,179769
2026-04-27 18:53:11.318,44300,ESTAB,bbr,240,36.861,2.13,20.063,1448,28,40544,28960,39442484,38502351,55216,922757,27274,15308,27273,134,0,638,5525688,2454232,26624,388608,120832,12,341156
2026-04-27 18:53:11.578,44300,ESTAB,bbr,240,37.308,1.759,20.063,1448,26,37648,28960,39533708,38596471,55216,925653,27337,15348,27336,134,0,640,4332888,2543080,26689,388608,120832,8,252828
2026-04-27 18:53:11.833,44300,ESTAB,bbr,236,33.692,1.674,20.063,1448,24,34752,28960,39632172,38692039,55216,928549,27405,15390,27404,134,0,642,4332888,2896240,26755,388608,120832,8,157260
2026-04-27 18:53:12.079,44300,ESTAB,bbr,236,34.538,1.767,20.063,1448,28,40544,28960,39748012,38803535,55216,928549,27485,15429,27484,134,0,642,5267648,3197696,26832,388608,120832,11,41420
2026-04-27 18:53:12.340,44300,ESTAB,bbr,236,34.325,2.574,20.063,1448,28,40544,28960,39789432,38860883,55216,928549,27514,15450,27513,134,0,642,5267648,2227752,26872,388608,120832,NaN,NaN
2026-04-27 18:53:12.597,44300,ESTAB,bbr,236,34.325,2.574,20.063,1448,28,40544,28960,39789432,38860883,55216,928549,27514,15450,27513,134,0,642,5267648,2227752,26872,388608,120832,NaN,NaN
2026-04-27 18:53:12.843,44300,ESTAB,bbr,236,34.325,2.574,20.063,1448,28,40544,28960,39789432,38860883,55216,928549,27514,15450,27513,134,0,642,5267648,2227752,26872,388608,120832,NaN,NaN
2026-04-27 18:53:13.086,44300,ESTAB,bbr,236,34.916,2.526,20.063,1448,28,40544,28960,39792315,38863766,55624,928549,27516,15453,27515,135,0,642,5267648,2227752,26874,387072,123392,NaN,NaN
2026-04-27 18:53:13.329,44300,ESTAB,bbr,240,36.401,1.701,20.063,1448,26,37648,28960,39880643,38926030,56040,938685,27577,15491,27576,136,0,649,5088216,2092688,26917,388608,126464,11,346577
2026-04-27 18:53:13.600,44300,ESTAB,bbr,236,35.782,2.181,20.063,1448,28,40544,28960,39990691,39034630,56040,938685,27653,15529,27652,136,0,649,5041216,3095808,26992,388608,126464,12,236529
2026-04-27 18:53:13.863,44300,ESTAB,bbr,236,34.548,1.979,20.063,1448,28,40544,28960,40103635,39150470,56040,938685,27731,15570,27730,136,0,649,5133496,2913112,27072,388608,126464,10,123585
2026-04-27 18:53:14.128,44300,ESTAB,bbr,240,36.755,2.583,20.063,1448,28,40544,28960,40207891,39256174,56040,938685,27803,15607,27802,136,0,649,5133496,2678840,27145,388608,126464,9,19329
2026-04-27 18:53:14.379,44300,ESTAB,bbr,240,36.149,2.798,20.063,1448,30,43440,28960,40293828,39340663,56456,938685,27863,15638,27862,137,0,649,5537648,2970376,27204,388608,129536,10,382690
2026-04-27 18:53:14.625,44300,ESTAB,bbr,248,46.277,3.501,20.063,1448,28,40544,28960,40374916,39421751,56456,938685,27919,15666,27918,137,0,649,5537648,2139880,27260,388608,129536,10,301602
2026-04-27 18:53:14.893,44300,ESTAB,bbr,240,38.012,1.347,20.063,1448,4,5792,28960,40458900,39508631,56456,941581,27977,15703,27976,137,0,651,3154608,2151688,27320,388608,129536,6,220514
2026-04-27 18:53:15.161,44300,ESTAB,bbr,240,38.685,2.699,20.063,1448,11,15928,28960,40521164,39553519,56456,943029,28020,15722,28019,137,1,652,3154608,2631040,27355,387584,129536,17,159698
2026-04-27 18:53:15.421,44300,ESTAB,bbr,240,38.586,1.301,20.063,1448,30,43440,28960,40610940,39646191,56456,950269,28082,15761,28081,137,0,657,3601480,2909232,27415,388608,129536,10,77162
2026-04-27 18:53:15.681,44300,ESTAB,bbr,240,38.323,1.085,20.063,1448,28,40544,28960,40690998,39727279,56456,953165,28138,15802,28137,137,0,659,3130680,2649704,27471,387072,129536,8,NaN
2026-04-27 18:53:15.943,44300,ESTAB,bbr,240,37.777,1.937,20.063,1448,28,40544,28960,40779326,39813129,56872,953165,28199,15833,28198,138,0,659,3968888,2425200,27531,388608,132096,9,206132
2026-04-27 18:53:16.204,44300,ESTAB,bbr,240,39.2,2.484,20.063,1448,10,14480,28960,40873446,39901457,56872,953165,28264,15866,28263,138,0,659,3184000,2673368,27595,387584,132096,13,118696
2026-04-27 18:53:16.459,44300,ESTAB,bbr,240,37.608,0.702,20.063,1448,30,43440,28960,40955982,39982545,56872,958957,28321,15905,28320,138,0,663,4318360,3046016,27648,387072,132096,10,41952
2026-04-27 18:53:16.709,44300,ESTAB,bbr,240,36.816,2.846,20.063,1448,26,37648,28960,41003726,40038977,56872,964749,28354,15932,28353,138,0,667,3454688,591272,27687,384512,132096,NaN,NaN
2026-04-27 18:53:16.952,44300,ESTAB,bbr,240,36.816,2.846,20.063,1448,26,37648,28960,41003726,40038977,56872,964749,28354,15932,28353,138,0,667,3454688,591272,27687,384512,132096,NaN,NaN
2026-04-27 18:53:17.213,44300,ESTAB,bbr,240,36.788,2.007,20.063,1448,28,40544,28960,41018193,40041860,57696,964749,28364,15936,28363,140,0,667,3454688,617528,27689,388608,138240,8,153706
2026-04-27 18:53:17.474,44300,ESTAB,bbr,236,35.98,2.414,20.063,1448,24,34752,28960,41106521,40124396,57696,970541,28425,15974,28424,140,0,671,2872296,2732216,27746,388608,138240,8,103456
2026-04-27 18:53:17.729,44300,ESTAB,bbr,236,34.927,2.807,20.063,1448,34,49232,28960,41206433,40224308,57696,970541,28494,16009,28493,140,0,671,4834440,3907096,27815,388608,138240,8,33671
2026-04-27 18:53:17.987,44300,ESTAB,bbr,240,37.888,2.615,20.063,1448,32,46336,28960,41278721,40308180,57696,970541,28544,16039,28543,140,0,671,4834440,1673952,27873,388608,138240,NaN,NaN
2026-04-27 18:53:18.246,44300,ESTAB,bbr,240,37.334,2.086,20.063,1448,28,40544,28960,41325953,40351068,57696,974885,28577,16064,28576,140,0,674,3867552,2789304,27903,379904,138240,NaN,NaN
2026-04-27 18:53:18.508,44300,ESTAB,bbr,240,37.334,2.086,20.063,1448,28,40544,28960,41325953,40351068,57696,974885,28577,16064,28576,140,0,674,3867552,2789304,27903,379904,138240,NaN,NaN
2026-04-27 18:53:18.768,44300,ESTAB,bbr,240,37.334,2.086,20.063,1448,28,40544,28960,41325953,40351068,57696,974885,28577,16064,28576,140,0,674,3867552,2789304,27903,379904,138240,NaN,NaN
2026-04-27 18:53:19.021,44300,ESTAB,bbr,240,37.334,2.086,20.063,1448,28,40544,28960,41325953,40351068,57696,974885,28577,16064,28576,140,0,674,3867552,2789304,27903,379904,138240,NaN,NaN
2026-04-27 18:53:19.261,44300,ESTAB,bbr,240,37.154,1.274,20.063,1448,26,37648,28960,41346212,40356847,58520,974885,28591,16069,28590,142,0,674,3867552,2789304,27907,388608,143872,10,242939
2026-04-27 18:53:19.512,44300,ESTAB,bbr,240,39.085,1.749,20.063,1448,26,37648,28960,41424404,40436487,58520,976333,28645,16103,28644,142,0,675,3852688,2771840,27962,388608,143872,8,228710
2026-04-27 18:53:19.773,44300,ESTAB,bbr,240,38.084,2.957,20.063,1448,9,13032,28960,41514180,40517575,58520,980677,28707,16140,28706,142,1,678,2915360,2396952,28021,387584,143872,11,175603
2026-04-27 18:53:20.041,44300,ESTAB,bbr,240,36.795,2.183,20.063,1448,28,40544,28960,41611196,40616039,58520,982125,28774,16179,28773,142,0,679,4185920,2805520,28086,388608,143872,9,135340
2026-04-27 18:53:20.298,44300,ESTAB,bbr,236,34.544,1.86,20.063,1448,30,43440,28960,41728484,40731879,58520,982125,28855,16220,28854,142,0,679,5046344,2910256,28166,388608,143872,10,18052
2026-04-27 18:53:20.543,44300,ESTAB,bbr,236,33.988,1.232,20.063,1448,28,40544,28960,41747984,40764411,58520,983573,28869,16238,28868,142,0,680,4037072,2563080,28189,388608,143872,NaN,NaN
2026-04-27 18:53:20.802,44300,ESTAB,bbr,236,33.988,1.232,20.063,1448,28,40544,28960,41747984,40764411,58520,983573,28869,16238,28868,142,0,680,4037072,2563080,28189,388608,143872,NaN,NaN
2026-04-27 18:53:21.062,44300,ESTAB,bbr,236,33.988,1.232,20.063,1448,28,40544,28960,41747984,40764411,58520,983573,28869,16238,28868,142,0,680,4037072,2563080,28189,388608,143872,NaN,NaN
2026-04-27 18:53:21.322,44300,ESTAB,bbr,236,35.396,2.702,20.063,1448,28,40544,28960,41771139,40773086,59344,983573,28885,16244,28884,144,0,680,4037072,2563080,28195,388608,149504,10,241179
2026-04-27 18:53:21.582,44300,ESTAB,bbr,240,39.464,1.119,20.063,1448,13,18824,28960,41863811,40851278,59344,995157,28949,16285,28948,144,2,688,3595496,2577528,28250,380416,149504,12,211695
2026-04-27 18:53:21.842,44300,ESTAB,bbr,236,33.478,2.379,20.063,1448,30,43440,28960,41970963,40959878,59344,999501,29023,16333,29022,144,0,691,4827608,3861696,28324,387072,149504,8,160316
2026-04-27 18:53:22.114,44300,ESTAB,bbr,236,35.839,2.313,20.063,1448,30,43440,28960,42076667,41062686,59344,999501,29096,16369,29095,144,0,691,5030968,2914576,28395,388608,149504,10,100118
2026-04-27 18:53:22.387,44300,ESTAB,bbr,240,36.332,1.608,20.063,1448,24,34752,28960,42176579,41159702,59344,1003845,29165,16418,29164,144,0,694,3457424,2480880,28462,388608,149504,9,4550
2026-04-27 18:53:22.652,44300,ESTAB,bbr,236,35.352,1.147,20.063,1448,24,34752,28960,42181129,41177284,59344,1003845,29169,16425,29168,144,0,694,3469040,3504504,28475,388608,149504,NaN,NaN
2026-04-27 18:53:22.912,44300,ESTAB,bbr,236,35.352,1.147,20.063,1448,24,34752,28960,42181129,41177284,59344,1003845,29169,16425,29168,144,0,694,3469040,3504504,28475,388608,149504,NaN,NaN
2026-04-27 18:53:23.163,44300,ESTAB,bbr,236,35.352,1.147,20.063,1448,24,34752,28960,42181129,41177284,59344,1003845,29169,16425,29168,144,0,694,3469040,3504504,28475,388608,149504,NaN,NaN
2026-04-27 18:53:23.422,44300,ESTAB,bbr,240,39.49,1.711,20.063,1448,11,15928,28960,42223108,41190303,60168,1011085,29198,16442,29197,146,3,699,3469040,2619496,28492,382464,155648,15,265231
2026-04-27 18:53:23.688,44300,ESTAB,bbr,240,37.277,2.447,20.063,1448,26,37648,28960,42321572,41293111,60168,1016877,29266,16486,29265,146,0,703,4336304,3085016,28555,388608,155648,8,226012
2026-04-27 18:53:23.963,44300,ESTAB,bbr,236,35.301,2.049,20.063,1448,12,17376,28960,42433068,41391575,60168,1019773,29343,16527,29342,146,2,705,3181264,3039616,28630,387584,155648,15,168594
2026-04-27 18:53:24.227,44300,ESTAB,bbr,236,35.006,2.591,20.063,1448,28,40544,28960,42537324,41501623,60168,1019773,29415,16567,29414,146,0,705,4520008,3344264,28699,388608,155648,11,119339
2026-04-27 18:53:24.488,44300,ESTAB,bbr,236,33.665,1.604,20.063,1448,26,37648,28960,42638684,41601535,60168,1022669,29485,16609,29484,146,0,707,3616008,3605440,28768,387072,155648,10,20875
2026-04-27 18:53:24.744,44300,ESTAB,bbr,240,36.509,2.18,20.063,1448,28,40544,28960,42659559,41636890,60168,1022669,29500,16622,29499,146,0,707,4520008,2227640,28793,388608,155648,NaN,NaN
2026-04-27 18:53:25.018,44300,ESTAB,bbr,240,36.509,2.18,20.063,1448,28,40544,28960,42659559,41636890,60168,1022669,29500,16622,29499,146,0,707,4520008,2227640,28793,388608,155648,NaN,NaN
2026-04-27 18:53:25.292,44300,ESTAB,bbr,240,36.509,2.18,20.063,1448,28,40544,28960,42659559,41636890,60168,1022669,29500,16622,29499,146,0,707,4520008,2227640,28793,388608,155648,NaN,NaN
2026-04-27 18:53:25.556,44300,ESTAB,bbr,240,38.508,1.611,20.063,1448,24,34752,28960,42731946,41683213,60992,1037149,29550,16652,29549,148,0,717,3568840,3034760,28825,388608,161280,8,311448
2026-04-27 18:53:25.817,44300,ESTAB,bbr,236,35.581,2.903,20.063,1448,28,40544,28960,42827514,41775885,60992,1037149,29616,16685,29615,148,0,717,4149176,2329320,28889,388608,161280,10,265339
2026-04-27 18:53:26.078,44300,ESTAB,bbr,240,37.548,2.031,20.063,1448,28,40544,28960,42930322,41875797,60992,1037149,29687,16720,29686,148,0,717,4302976,2477752,28958,388608,161280,12,198752
2026-04-27 18:53:26.342,44300,ESTAB,bbr,236,32.82,3.04,20.063,1448,30,43440,28960,43031682,41980053,60992,1040045,29757,16762,29756,148,0,719,4731056,3823728,29030,388608,161280,8,100288
2026-04-27 18:53:26.592,44300,ESTAB,bbr,240,37.395,1.681,20.063,1448,30,43440,28960,43128698,42074173,60992,1040045,29824,16795,29823,148,0,719,4731056,3048096,29095,388608,161280,10,3272
2026-04-27 18:53:26.857,44300,ESTAB,bbr,240,36.854,1.631,20.063,1448,30,43440,28960,43131970,42091925,60992,1040045,29827,16802,29826,148,0,719,4731056,2134680,29108,388608,161280,NaN,NaN
2026-04-27 18:53:27.137,44300,ESTAB,bbr,240,36.854,1.631,20.063,1448,30,43440,28960,43131970,42091925,60992,1040045,29827,16802,29826,148,0,719,4731056,2134680,29108,388608,161280,NaN,NaN
2026-04-27 18:53:27.397,44300,ESTAB,bbr,240,36.854,1.631,20.063,1448,30,43440,28960,43134853,42091925,61400,1040045,29829,16803,29828,149,0,719,3784840,2134680,29108,388608,164352,2,NaN
2026-04-27 18:53:27.661,44300,ESTAB,bbr,240,38.127,2.143,20.063,1448,10,14480,28960,43227525,42158520,61816,1047285,29893,16843,29892,150,1,724,3316608,2266280,29158,387584,166912,15,278959
2026-04-27 18:53:27.933,44300,ESTAB,bbr,240,36.139,2.394,20.063,1448,15,21720,28960,43327437,42252640,61816,1053077,29962,16891,29961,150,1,728,3225696,2141464,29225,385024,166912,15,253921
2026-04-27 18:53:28.207,44300,ESTAB,bbr,228,27.57,2.841,20.063,1448,4,5792,28960,43398389,42339520,61816,1053077,30011,16921,30010,150,0,728,3225696,3223864,29279,388608,166912,4,236737
2026-04-27 18:53:28.474,44300,ESTAB,bbr,240,37.75,2.522,20.063,1448,9,13032,28960,43486717,42414816,61816,1054525,30072,16950,30071,150,1,729,3050704,2683280,29334,387584,166912,12,149857
2026-04-27 18:53:28.738,44300,ESTAB,bbr,232,31.178,3.829,20.063,1448,28,40544,28960,43595317,42520520,61816,1057421,30147,16998,30146,150,0,731,4632792,3744016,29404,388608,166912,12,44153
2026-04-27 18:53:28.998,44300,ESTAB,bbr,236,32.387,3.069,20.063,1448,30,43440,28960,43639470,42582049,61816,1057421,30178,17020,30177,150,0,731,5229200,3651856,29447,388608,166912,NaN,NaN
2026-04-27 18:53:29.270,44300,ESTAB,bbr,236,32.387,3.069,20.063,1448,30,43440,28960,43639470,42582049,61816,1057421,30178,17020,30177,150,0,731,5229200,3651856,29447,388608,166912,NaN,NaN
2026-04-27 18:53:29.521,44300,ESTAB,bbr,240,36.839,4.119,20.063,1448,10,14480,28960,43669865,42589276,62640,1060317,30199,17031,30198,152,2,733,4183360,3651856,29458,387584,173056,14,200746
2026-04-27 18:53:29.756,44300,ESTAB,bbr,240,37.467,2.768,20.063,1448,10,14480,28960,43756745,42674708,62640,1063213,30259,17065,30258,152,2,735,3615320,2793544,29514,387584,173056,13,156804
2026-04-27 18:53:29.999,44300,ESTAB,bbr,236,35.23,1.455,20.063,1448,26,37648,28960,43840729,42761588,62640,1064661,30317,17103,30316,152,0,736,4119272,3329288,29571,388608,173056,10,74268
2026-04-27 18:53:30.259,44300,ESTAB,bbr,240,37.241,1.423,20.063,1448,26,37648,28960,43933401,42854260,62640,1067557,30381,17143,30380,152,0,738,4337160,2410152,29635,388608,173056,8,15142
2026-04-27 18:53:30.509,44300,ESTAB,bbr,236,35.213,1.626,20.063,1448,26,37648,28960,43948543,42880986,62640,1067557,30392,17153,30391,152,0,738,4337160,2738888,29654,388608,173056,NaN,NaN
2026-04-27 18:53:30.755,44300,ESTAB,bbr,236,35.213,1.626,20.063,1448,26,37648,28960,43948543,42880986,62640,1067557,30392,17153,30391,152,0,738,4337160,2738888,29654,388608,173056,NaN,NaN
2026-04-27 18:53:31.001,44300,ESTAB,bbr,236,35.213,1.626,20.063,1448,26,37648,28960,43948543,42880986,62640,1067557,30392,17153,30391,152,0,738,4337160,2738888,29654,388608,173056,NaN,NaN
2026-04-27 18:53:31.246,44300,ESTAB,bbr,236,35.213,1.626,20.063,1448,26,37648,28960,43948543,42880986,62640,1067557,30392,17153,30391,152,0,738,4337160,2738888,29654,388608,173056,NaN,NaN
2026-04-27 18:53:31.505,44300,ESTAB,bbr,236,34.586,1.623,20.063,1448,26,37648,28960,43960114,42883869,63464,1067557,30400,17157,30399,154,0,738,3469728,2738888,29656,388608,178688,6,271674
2026-04-27 18:53:31.761,44300,ESTAB,bbr,240,37.342,1.0,20.063,1448,26,37648,28960,44044098,42957717,63464,1074797,30458,17190,30457,154,0,743,4320920,2620024,29707,388608,178688,8,248645
2026-04-27 18:53:32.022,44300,ESTAB,bbr,240,39.573,1.016,20.063,1448,24,34752,28960,44126634,43040253,63464,1074797,30515,17219,30514,154,0,743,3601480,2575080,29764,388608,178688,8,240203
2026-04-27 18:53:32.292,44300,ESTAB,bbr,240,38.441,1.411,20.063,1448,10,14480,28960,44217858,43112653,63464,1080589,30578,17261,30577,154,2,747,3598920,2470192,29825,387072,178688,17,154771
2026-04-27 18:53:32.553,44300,ESTAB,bbr,240,37.422,1.747,20.063,1448,14,20272,28960,44301842,43198085,63464,1086381,30636,17297,30635,154,2,751,2773864,1874688,29878,385536,178688,12,76579
2026-04-27 18:53:32.814,44300,ESTAB,bbr,240,36.037,2.92,20.063,1448,26,37648,28960,44381317,43289309,63464,1089277,30691,17335,30690,154,0,753,3946672,2507720,29936,388608,178688,2,NaN
2026-04-27 18:53:33.072,44300,ESTAB,bbr,240,36.645,3.407,20.063,1448,26,37648,28960,44381317,43292040,63464,1089277,30691,17336,30690,154,0,753,3946672,2507416,29938,388608,178688,NaN,NaN
2026-04-27 18:53:33.321,44300,ESTAB,bbr,240,36.645,3.407,20.063,1448,26,37648,28960,44381317,43292040,63464,1089277,30691,17336,30690,154,0,753,3946672,2507416,29938,388608,178688,NaN,NaN
2026-04-27 18:53:33.578,44300,ESTAB,bbr,236,35.224,4.304,20.063,1448,26,37648,28960,44407368,43300715,64288,1089277,30709,17342,30708,156,0,753,3946672,2507416,29944,388608,184320,12,289143
2026-04-27 18:53:33.846,44300,ESTAB,bbr,240,36.032,1.346,20.063,1448,24,34752,28960,44501488,43386147,64288,1099413,30774,17387,30773,156,0,760,3946672,2425120,30003,388608,184320,11,247416
2026-04-27 18:53:34.123,44300,ESTAB,bbr,232,31.314,1.996,20.063,1448,26,37648,28960,44617328,43504883,64288,1100861,30854,17436,30853,156,0,761,4330320,3477552,30085,388608,184320,8,161791
2026-04-27 18:53:34.384,44300,ESTAB,bbr,236,34.043,1.377,20.063,1448,26,37648,28960,44724480,43606243,64288,1106653,30928,17479,30927,156,0,765,3840208,3616512,30155,388608,184320,8,60431
2026-04-27 18:53:34.651,44300,ESTAB,bbr,232,31.745,1.98,20.063,1448,32,46336,28960,44784911,43678258,64288,1106653,30970,17504,30969,156,0,765,5799112,4686624,30205,388608,184320,NaN,NaN
2026-04-27 18:53:34.901,44300,ESTAB,bbr,232,31.745,1.98,20.063,1448,32,46336,28960,44784911,43678258,64288,1106653,30970,17504,30969,156,0,765,5799112,4686624,30205,388608,184320,NaN,NaN
2026-04-27 18:53:35.163,44300,ESTAB,bbr,232,31.745,1.98,20.063,1448,32,46336,28960,44784911,43678258,64288,1106653,30970,17504,30969,156,0,765,5799112,4686624,30205,388608,184320,NaN,NaN
2026-04-27 18:53:35.413,44300,ESTAB,bbr,232,31.745,1.98,20.063,1448,32,46336,28960,44784911,43678258,64288,1106653,30970,17504,30969,156,0,765,5799112,4686624,30205,388608,184320,NaN,NaN
2026-04-27 18:53:35.678,44300,ESTAB,bbr,240,37.869,3.983,20.063,1448,11,15928,28960,44831234,43702861,65112,1106653,31002,17518,31001,158,0,765,4639288,2397944,30225,387584,189952,15,297407
2026-04-27 18:53:35.944,44300,ESTAB,bbr,240,38.393,2.57,20.063,1448,30,43440,28960,44918114,43786845,65112,1119685,31062,17559,31061,158,0,774,5799112,2677824,30280,387072,189952,8,269094
2026-04-27 18:53:36.211,44300,ESTAB,bbr,236,33.644,1.693,20.063,1448,26,37648,28960,45022370,43888205,65112,1119685,31134,17595,31133,158,0,774,4171392,3309056,30350,388608,189952,10,203213
2026-04-27 18:53:36.477,44300,ESTAB,bbr,236,35.925,3.123,20.063,1448,28,40544,28960,45128074,43996805,65112,1119685,31207,17633,31206,158,0,774,5043784,3232464,30425,388608,189952,8,97509
2026-04-27 18:53:36.741,44300,ESTAB,bbr,236,35.936,2.196,20.063,1448,26,37648,28960,45225583,44095269,65112,1119685,31275,17668,31274,158,0,774,4512320,3495736,30493,388608,189952,8,NaN
2026-04-27 18:53:36.995,44300,ESTAB,bbr,236,35.603,2.994,20.063,1448,26,37648,28960,45225583,44105898,65112,1119685,31275,17672,31274,158,0,774,4512320,2791992,30501,388608,189952,NaN,NaN
2026-04-27 18:53:37.250,44300,ESTAB,bbr,236,35.603,2.994,20.063,1448,26,37648,28960,45225583,44105898,65112,1119685,31275,17672,31274,158,0,774,4512320,2791992,30501,388608,189952,NaN,NaN
2026-04-27 18:53:37.510,44300,ESTAB,bbr,236,35.603,2.994,20.063,1448,26,37648,28960,45225583,44105898,65112,1119685,31275,17672,31274,158,0,774,4512320,2791992,30501,388608,189952,NaN,NaN
2026-04-27 18:53:37.755,44300,ESTAB,bbr,244,40.055,1.581,20.063,1448,10,14480,28960,45282042,44130501,65936,1125477,31314,17693,31313,160,4,778,3460152,2173720,30528,387584,196096,18,165137
2026-04-27 18:53:38.013,44300,ESTAB,bbr,240,39.075,2.738,20.063,1448,10,14480,28960,45368922,44213037,65936,1132717,31374,17733,31373,160,2,783,3460152,2623360,30582,387584,196096,16,151819
2026-04-27 18:53:38.280,44300,ESTAB,bbr,240,37.005,1.952,20.063,1448,24,34752,28960,45465938,44312949,65936,1135613,31441,17771,31440,160,0,785,3719392,2364240,30644,388608,196096,12,57699
2026-04-27 18:53:38.534,44300,ESTAB,bbr,236,35.495,2.74,20.063,1448,26,37648,28960,45523637,44388024,65936,1135613,31481,17798,31480,160,0,785,4322632,2117672,30696,388608,196096,NaN,NaN
2026-04-27 18:53:38.774,44300,ESTAB,bbr,236,35.495,2.74,20.063,1448,26,37648,28960,45523637,44388024,65936,1135613,31481,17798,31480,160,0,785,4322632,2117672,30696,388608,196096,NaN,NaN
2026-04-27 18:53:39.035,44300,ESTAB,bbr,236,35.495,2.74,20.063,1448,26,37648,28960,45523637,44388024,65936,1135613,31481,17798,31480,160,0,785,4322632,2117672,30696,388608,196096,NaN,NaN
2026-04-27 18:53:39.291,44300,ESTAB,bbr,236,35.495,2.74,20.063,1448,26,37648,28960,45523637,44388024,65936,1135613,31481,17798,31480,160,0,785,4322632,2117672,30696,388608,196096,NaN,NaN
2026-04-27 18:53:39.544,44300,ESTAB,bbr,236,35.495,2.74,20.063,1448,26,37648,28960,45523637,44388024,65936,1135613,31481,17798,31480,160,0,785,4322632,2117672,30696,388608,196096,NaN,NaN
2026-04-27 18:53:39.802,44300,ESTAB,bbr,240,37.443,1.858,20.063,1448,10,14480,28960,45577200,44416971,66760,1144301,31518,17821,31517,162,1,791,3458104,2159176,30718,387072,201728,11,280709
2026-04-27 18:53:40.062,44300,ESTAB,bbr,240,36.324,2.168,20.063,1448,38,55024,28960,45678560,44516883,66760,1145749,31588,17863,31587,162,0,792,5280464,2974576,30785,388608,201728,11,216756
2026-04-27 18:53:40.322,44300,ESTAB,bbr,236,33.658,2.543,20.063,1448,34,49232,28960,45790056,44629827,66760,1145749,31665,17903,31664,162,0,792,5280464,3746784,30863,388608,201728,10,105260
2026-04-27 18:53:40.588,44300,ESTAB,bbr,240,36.71,1.61,20.063,1448,34,49232,28960,45885624,44725395,66760,1145749,31731,17937,31730,162,0,792,5512872,2536504,30929,388608,201728,10,9692
2026-04-27 18:53:40.857,44300,ESTAB,bbr,236,35.625,2.136,20.063,1448,34,49232,28960,45895316,44749567,66760,1145749,31738,17946,31737,162,0,792,5512872,2230200,30946,388608,201728,NaN,NaN
2026-04-27 18:53:41.113,44300,ESTAB,bbr,236,35.625,2.136,20.063,1448,34,49232,28960,45895316,44749567,66760,1145749,31738,17946,31737,162,0,792,5512872,2230200,30946,388608,201728,NaN,NaN
2026-04-27 18:53:41.372,44300,ESTAB,bbr,236,35.625,2.136,20.063,1448,34,49232,28960,45895316,44749567,66760,1145749,31738,17946,31737,162,0,792,5512872,2230200,30946,388608,201728,NaN,NaN
2026-04-27 18:53:41.636,44300,ESTAB,bbr,236,35.625,2.136,20.063,1448,34,49232,28960,45895316,44749567,66760,1145749,31738,17946,31737,162,0,792,5512872,2230200,30946,388608,201728,NaN,NaN
2026-04-27 18:53:41.905,44300,ESTAB,bbr,240,38.23,1.443,20.063,1448,26,37648,28960,45970599,44804578,67584,1151541,31790,17977,31789,164,0,796,3318656,3352576,30984,387072,207360,10,337946
2026-04-27 18:53:42.171,44300,ESTAB,bbr,236,33.957,3.163,20.063,1448,32,46336,28960,46080647,44908834,67584,1154437,31866,18021,31865,164,0,798,3915400,3216136,31056,387072,207360,12,263526
2026-04-27 18:53:42.439,44300,ESTAB,bbr,236,35.347,2.582,20.063,1448,32,46336,28960,46179111,45011642,67584,1154437,31934,18057,31933,164,0,798,4894256,3349744,31127,388608,207360,9,165062
2026-04-27 18:53:42.708,44300,ESTAB,bbr,236,34.241,1.245,20.063,1448,30,43440,28960,46286263,45115898,67584,1155885,32008,18101,32007,164,0,799,4710552,2971968,31199,388608,207360,10,59358
2026-04-27 18:53:42.965,44300,ESTAB,bbr,236,34.298,2.126,20.063,1448,28,40544,28960,46349965,45189736,67584,1160229,32052,18135,32051,164,0,802,3768440,3113824,31250,388608,207360,NaN,NaN
2026-04-27 18:53:43.219,44300,ESTAB,bbr,236,34.298,2.126,20.063,1448,28,40544,28960,46349965,45189736,67584,1160229,32052,18135,32051,164,0,802,3768440,3113824,31250,388608,207360,NaN,NaN
2026-04-27 18:53:43.472,44300,ESTAB,bbr,236,34.298,2.126,20.063,1448,28,40544,28960,46349965,45189736,67584,1160229,32052,18135,32051,164,0,802,3768440,3113824,31250,388608,207360,NaN,NaN
2026-04-27 18:53:43.735,44300,ESTAB,bbr,236,34.298,2.126,20.063,1448,28,40544,28960,46352848,45189736,67992,1160229,32054,18136,32053,165,0,802,3768440,3113824,31250,388608,210432,2,NaN
2026-04-27 18:53:43.996,44300,ESTAB,bbr,236,35.789,1.476,20.063,1448,26,37648,28960,46448416,45260675,68408,1173261,32120,18179,32119,166,0,811,3471776,2590416,31299,388608,213504,10,288572
2026-04-27 18:53:44.253,44300,ESTAB,bbr,236,34.694,1.041,20.063,1448,32,46336,28960,46557016,45366379,68408,1173261,32195,18216,32194,166,0,811,4560168,3654352,31372,388608,213504,12,204710
2026-04-27 18:53:44.511,44300,ESTAB,bbr,240,36.066,2.318,20.063,1448,34,49232,28960,46667064,45482219,68408,1173261,32271,18257,32270,166,0,811,5798256,3093944,31452,388608,213504,8,94662
2026-04-27 18:53:44.768,44300,ESTAB,bbr,236,33.612,1.349,20.063,1448,32,46336,28960,46761726,45588465,68408,1173261,32337,18295,32336,166,0,811,5798256,3121064,31526,388608,213504,NaN,NaN
2026-04-27 18:53:45.033,44300,ESTAB,bbr,236,33.612,1.349,20.063,1448,32,46336,28960,46761726,45588465,68408,1173261,32337,18295,32336,166,0,811,5798256,3121064,31526,388608,213504,NaN,NaN
2026-04-27 18:53:45.296,44300,ESTAB,bbr,236,33.612,1.349,20.063,1448,32,46336,28960,46761726,45588465,68408,1173261,32337,18295,32336,166,0,811,5798256,3121064,31526,388608,213504,NaN,NaN
2026-04-27 18:53:45.553,44300,ESTAB,bbr,236,33.612,1.349,20.063,1448,32,46336,28960,46761726,45588465,68408,1173261,32337,18295,32336,166,0,811,5798256,3121064,31526,388608,213504,NaN,NaN
2026-04-27 18:53:45.813,44300,ESTAB,bbr,236,34.096,1.656,20.063,1448,32,46336,28960,46776193,45591348,69232,1173261,32347,18299,32346,168,0,811,4638608,3121064,31528,388608,219136,8,335505
2026-04-27 18:53:46.080,44300,ESTAB,bbr,240,37.809,1.305,20.063,1448,28,40544,28960,46881897,45673884,69232,1190637,32420,18344,32419,168,0,823,4520008,3345472,31585,387072,219136,12,285538
2026-04-27 18:53:46.342,44300,ESTAB,bbr,236,32.802,1.697,20.063,1448,30,43440,28960,46993393,45783932,69232,1192085,32497,18389,32496,168,0,824,4219584,3217416,31661,387072,219136,12,175490
2026-04-27 18:53:46.603,44300,ESTAB,bbr,240,37.174,2.473,20.063,1448,32,46336,28960,47104889,45901220,69232,1192085,32574,18431,32573,168,0,824,5526544,2910696,31742,388608,219136,8,63994
2026-04-27 18:53:46.868,44300,ESTAB,bbr,236,33.372,2.089,20.063,1448,30,43440,28960,47171779,45976798,69232,1194981,32621,18465,32620,168,0,826,4421232,3350584,31795,388608,219136,NaN,NaN
2026-04-27 18:53:47.116,44300,ESTAB,bbr,236,33.372,2.089,20.063,1448,30,43440,28960,47171779,45976798,69232,1194981,32621,18465,32620,168,0,826,4421232,3350584,31795,388608,219136,NaN,NaN
2026-04-27 18:53:47.364,44300,ESTAB,bbr,236,33.372,2.089,20.063,1448,30,43440,28960,47171779,45976798,69232,1194981,32621,18465,32620,168,0,826,4421232,3350584,31795,388608,219136,NaN,NaN
2026-04-27 18:53:47.613,44300,ESTAB,bbr,236,33.372,2.089,20.063,1448,30,43440,28960,47171779,45976798,69232,1194981,32621,18465,32620,168,0,826,4421232,3350584,31795,388608,219136,NaN,NaN
2026-04-27 18:53:47.854,44300,ESTAB,bbr,236,33.949,2.235,20.063,1448,30,43440,28960,47183350,45979681,70056,1194981,32629,18469,32628,170,0,826,4421232,3350584,31797,388608,224768,6,373708
2026-04-27 18:53:48.113,44300,ESTAB,bbr,240,36.113,1.369,20.063,1448,26,37648,28960,47273126,46056425,70056,1202221,32691,18513,32690,170,0,831,4499504,2623712,31850,388608,224768,10,314635
2026-04-27 18:53:48.367,44300,ESTAB,bbr,240,37.252,2.591,20.063,1448,30,43440,28960,47373038,46156337,70056,1202221,32760,18548,32759,170,0,831,4679792,2768696,31919,388608,224768,10,214723
2026-04-27 18:53:48.618,44300,ESTAB,bbr,240,36.741,1.19,20.063,1448,26,37648,28960,47472950,46254801,70056,1203669,32829,18591,32828,170,0,832,3743832,2867168,31987,388608,224768,10,116259
2026-04-27 18:53:48.872,44300,ESTAB,bbr,240,36.12,1.561,20.063,1448,26,37648,28960,47568518,46351817,70056,1205117,32895,18632,32894,170,0,833,3782792,2874648,32054,388608,224768,8,22139
2026-04-27 18:53:49.132,44300,ESTAB,bbr,240,36.245,1.777,20.063,1448,27,39096,28960,47590657,46385540,70056,1205117,32911,18645,32910,170,0,833,4728488,2662296,32078,388608,224768,NaN,NaN
2026-04-27 18:53:49.399,44300,ESTAB,bbr,240,36.245,1.777,20.063,1448,27,39096,28960,47590657,46385540,70056,1205117,32911,18645,32910,170,0,833,4728488,2662296,32078,388608,224768,NaN,NaN
2026-04-27 18:53:49.668,44300,ESTAB,bbr,240,36.245,1.777,20.063,1448,27,39096,28960,47590657,46385540,70056,1205117,32911,18645,32910,170,0,833,4728488,2662296,32078,388608,224768,NaN,NaN
2026-04-27 18:53:49.927,44300,ESTAB,bbr,240,36.775,1.771,20.063,1448,28,40544,28960,47610916,46391319,70880,1205117,32925,18650,32924,172,0,833,4728488,2662296,32082,388608,230912,10,348067
2026-04-27 18:53:50.189,44300,ESTAB,bbr,240,38.373,2.09,20.063,1448,26,37648,28960,47700692,46468063,70880,1215253,32987,18690,32986,172,0,840,4141488,2910472,32135,387072,230912,12,316607
2026-04-27 18:53:50.455,44300,ESTAB,bbr,240,36.688,1.42,20.063,1448,26,37648,28960,47790468,46559287,70880,1219597,33049,18729,33048,172,0,843,3728792,3013600,32198,388608,230912,8,231175
2026-04-27 18:53:50.719,44300,ESTAB,bbr,240,36.556,2.17,20.063,1448,10,14480,28960,47896172,46649063,70880,1221045,33122,18770,33121,172,1,844,3866184,2924184,32270,387584,230912,18,126919
2026-04-27 18:53:50.979,44300,ESTAB,bbr,240,37.389,2.504,20.063,1448,10,14480,28960,47990292,46744631,70880,1225389,33187,18811,33186,172,1,847,4832736,3125432,32330,387584,230912,14,37143
2026-04-27 18:53:51.247,44300,ESTAB,bbr,236,34.778,1.861,20.063,1448,28,40544,28960,48027435,46802046,70880,1225389,33213,18835,33212,172,0,847,4832736,3494064,32366,388608,230912,NaN,NaN
2026-04-27 18:53:51.519,44300,ESTAB,bbr,236,34.778,1.861,20.063,1448,28,40544,28960,48027435,46802046,70880,1225389,33213,18835,33212,172,0,847,4832736,3494064,32366,388608,230912,NaN,NaN
2026-04-27 18:53:51.779,44300,ESTAB,bbr,236,34.778,1.861,20.063,1448,28,40544,28960,48027435,46802046,70880,1225389,33213,18835,33212,172,0,847,4832736,3494064,32366,388608,230912,NaN,NaN
2026-04-27 18:53:52.045,44300,ESTAB,bbr,240,37.886,1.649,20.063,1448,28,40544,28960,48073758,46833889,71704,1225389,33245,18849,33244,174,0,847,4552480,3044248,32388,388608,236544,10,388546
2026-04-27 18:53:52.319,44300,ESTAB,bbr,240,37.979,1.611,20.063,1448,28,40544,28960,48164982,46917873,71704,1229733,33308,18892,33307,174,0,850,4552480,2251600,32446,388608,236544,12,301666
2026-04-27 18:53:52.581,44300,ESTAB,bbr,236,34.353,2.491,20.063,1448,28,40544,28960,48259102,47011993,71704,1232629,33373,18938,33372,174,0,852,3980856,2448816,32511,388608,236544,10,210442
2026-04-27 18:53:52.832,44300,ESTAB,bbr,236,34.32,2.207,20.063,1448,26,37648,28960,48353222,47106113,71704,1235525,33438,18977,33437,174,0,854,3184680,2852704,32576,387072,236544,8,119218
2026-04-27 18:53:53.088,44300,ESTAB,bbr,236,34.688,1.192,20.063,1448,28,40544,28960,48454582,47201681,71704,1235525,33508,19011,33507,174,0,854,4146616,3159648,32642,388608,236544,12,17858
2026-04-27 18:53:53.344,44300,ESTAB,bbr,236,35.253,1.747,20.063,1448,28,40544,28960,48472440,47236915,71704,1235525,33521,19024,33520,174,0,854,4523424,2407976,32667,388608,236544,NaN,NaN
2026-04-27 18:53:53.606,44300,ESTAB,bbr,236,35.253,1.747,20.063,1448,28,40544,28960,48472440,47236915,71704,1235525,33521,19024,33520,174,0,854,4523424,2407976,32667,388608,236544,NaN,NaN
2026-04-27 18:53:53.875,44300,ESTAB,bbr,236,35.253,1.747,20.063,1448,28,40544,28960,48472440,47236915,71704,1235525,33521,19024,33520,174,0,854,4523424,2407976,32667,388608,236544,NaN,NaN
2026-04-27 18:53:54.148,44300,ESTAB,bbr,240,37.954,1.834,20.063,1448,26,37648,28960,48541931,47281790,72528,1242765,33569,19052,33568,176,0,859,3618736,2576336,32698,388608,242176,12,373431
2026-04-27 18:53:54.406,44300,ESTAB,bbr,240,38.268,1.188,20.063,1448,28,40544,28960,48630259,47371566,72528,1245661,33630,19090,33629,176,0,861,4285888,2389384,32760,388608,242176,9,287999
2026-04-27 18:53:54.665,44300,ESTAB,bbr,240,37.899,2.121,20.063,1448,28,40544,28960,48724379,47464238,72528,1245661,33695,19123,33694,176,0,861,4285888,2478120,32824,388608,242176,10,193879
2026-04-27 18:53:54.928,44300,ESTAB,bbr,240,36.808,1.163,20.063,1448,30,43440,28960,48822843,47561254,72528,1245661,33763,19157,33762,176,0,861,4723368,3183552,32891,388608,242176,11,95415
2026-04-27 18:53:55.167,44300,ESTAB,bbr,240,37.477,1.302,20.063,1448,28,40544,28960,48908275,47648134,72528,1245661,33822,19188,33821,176,0,861,4723368,2727448,32951,388608,242176,10,9983
2026-04-27 18:53:55.391,44300,ESTAB,bbr,240,38.091,1.012,20.063,1448,26,37648,28960,48921154,47672597,72528,1248557,33831,19203,33830,176,0,863,3778688,2014992,32968,387072,242176,NaN,NaN
2026-04-27 18:53:55.614,44300,ESTAB,bbr,240,38.091,1.012,20.063,1448,26,37648,28960,48921154,47672597,72528,1248557,33831,19203,33830,176,0,863,3778688,2014992,32968,387072,242176,NaN,NaN
2026-04-27 18:53:55.839,44300,ESTAB,bbr,240,38.091,1.012,20.063,1448,26,37648,28960,48921154,47672597,72528,1248557,33831,19203,33830,176,0,863,3778688,2014992,32968,387072,242176,NaN,NaN
2026-04-27 18:53:56.101,44300,ESTAB,bbr,224,22.369,3.046,20.063,1448,28,40544,28960,48976165,47716024,73352,1248557,33869,19221,33868,178,0,863,5551320,4486440,32998,388608,248320,8,383706
2026-04-27 18:53:56.360,44300,ESTAB,bbr,232,28.926,0.095,20.063,1448,36,52128,28960,49202053,47928880,73352,1248557,34025,19294,34024,178,0,863,8315448,6703696,33145,388608,248320,17,157818
2026-04-27 18:53:56.624,44300,ESTAB,bbr,232,29.967,0.9,20.063,1448,36,52128,28960,49359871,48111314,73352,1248557,34134,19357,34133,178,0,863,8306904,5857896,33271,388608,248320,NaN,NaN
2026-04-27 18:53:56.873,44300,ESTAB,bbr,232,29.967,0.9,20.063,1448,36,52128,28960,49359871,48111314,73352,1248557,34134,19357,34133,178,0,863,8306904,5857896,33271,388608,248320,NaN,NaN
2026-04-27 18:53:57.130,44300,ESTAB,bbr,232,29.967,0.9,20.063,1448,36,52128,28960,49359871,48111314,73352,1248557,34134,19357,34133,178,0,863,8306904,5857896,33271,388608,248320,NaN,NaN
2026-04-27 18:53:57.391,44300,ESTAB,bbr,232,29.967,0.9,20.063,1448,36,52128,28960,49359871,48111314,73352,1248557,34134,19357,34133,178,0,863,8306904,5857896,33271,388608,248320,NaN,NaN
2026-04-27 18:53:57.654,44300,ESTAB,bbr,232,29.967,0.9,20.063,1448,36,52128,28960,49359871,48111314,73352,1248557,34134,19357,34133,178,0,863,8306904,5857896,33271,388608,248320,NaN,NaN
2026-04-27 18:53:57.921,44300,ESTAB,bbr,232,29.967,0.9,20.063,1448,36,52128,28960,49359871,48111314,73352,1248557,34134,19357,34133,178,0,863,8306904,5857896,33271,388608,248320,NaN,NaN
2026-04-27 18:53:58.181,44300,ESTAB,bbr,232,29.846,1.186,20.063,1448,36,52128,28960,49494522,48224245,74176,1248557,34227,19398,34226,180,0,863,8314592,6692808,33349,388608,253952,15,313430
2026-04-27 18:53:58.443,44300,ESTAB,bbr,232,28.854,0.062,20.063,1448,36,52128,28960,49714618,48441445,74176,1248557,34379,19473,34378,180,0,863,8306048,6695520,33499,388608,253952,17,93334
2026-04-27 18:53:58.713,44300,ESTAB,bbr,232,28.664,0.155,20.063,1448,36,52128,28960,49807952,48559395,74176,1248557,34444,19514,34443,180,0,863,8317160,6300568,33581,388608,253952,NaN,NaN
2026-04-27 18:53:58.971,44300,ESTAB,bbr,232,28.664,0.155,20.063,1448,36,52128,28960,49807952,48559395,74176,1248557,34444,19514,34443,180,0,863,8317160,6300568,33581,388608,253952,NaN,NaN
2026-04-27 18:53:59.236,44300,ESTAB,bbr,232,28.664,0.155,20.063,1448,36,52128,28960,49807952,48559395,74176,1248557,34444,19514,34443,180,0,863,8317160,6300568,33581,388608,253952,NaN,NaN
2026-04-27 18:53:59.508,44300,ESTAB,bbr,232,28.664,0.155,20.063,1448,36,52128,28960,49807952,48559395,74176,1248557,34444,19514,34443,180,0,863,8317160,6300568,33581,388608,253952,NaN,NaN
2026-04-27 18:53:59.769,44300,ESTAB,bbr,232,28.664,0.155,20.063,1448,36,52128,28960,49807952,48559395,74176,1248557,34444,19514,34443,180,0,863,8317160,6300568,33581,388608,253952,NaN,NaN
2026-04-27 18:54:00.027,44300,ESTAB,bbr,232,28.664,0.155,20.063,1448,36,52128,28960,49807952,48559395,74176,1248557,34444,19514,34443,180,0,863,8317160,6300568,33581,388608,253952,NaN,NaN
2026-04-27 18:54:00.288,44300,ESTAB,bbr,232,28.807,0.184,20.063,1448,36,52128,28960,50007763,48736038,75000,1248557,34582,19577,34581,182,0,863,8446176,6432200,33703,388608,259584,16,250970
2026-04-27 18:54:00.560,44300,ESTAB,bbr,232,29.287,0.629,20.063,1448,36,52128,28960,50239443,48964822,75000,1248557,34742,19656,34741,182,0,863,8305200,6677512,33861,388608,259584,18,19290
2026-04-27 18:54:00.821,44300,ESTAB,bbr,232,28.626,0.179,20.063,1448,36,52128,28960,50258733,49010176,75000,1248557,34756,19672,34755,182,0,863,8323992,6298216,33893,388608,259584,NaN,NaN
2026-04-27 18:54:01.087,44300,ESTAB,bbr,232,28.626,0.179,20.063,1448,36,52128,28960,50258733,49010176,75000,1248557,34756,19672,34755,182,0,863,8323992,6298216,33893,388608,259584,NaN,NaN
2026-04-27 18:54:01.365,44300,ESTAB,bbr,232,28.626,0.179,20.063,1448,36,52128,28960,50258733,49010176,75000,1248557,34756,19672,34755,182,0,863,8323992,6298216,33893,388608,259584,NaN,NaN
2026-04-27 18:54:01.625,44300,ESTAB,bbr,232,28.626,0.179,20.063,1448,36,52128,28960,50258733,49010176,75000,1248557,34756,19672,34755,182,0,863,8323992,6298216,33893,388608,259584,NaN,NaN
2026-04-27 18:54:01.886,44300,ESTAB,bbr,232,28.626,0.179,20.063,1448,36,52128,28960,50258733,49010176,75000,1248557,34756,19672,34755,182,0,863,8323992,6298216,33893,388608,259584,NaN,NaN
2026-04-27 18:54:02.154,44300,ESTAB,bbr,224,23.666,0.849,20.063,1448,36,52128,28960,50319536,49047811,75824,1248557,34798,19687,34797,184,0,863,8361592,6703944,33919,388608,265728,16,87740
2026-04-27 18:54:02.416,44300,ESTAB,bbr,236,33.747,9.719,20.063,1448,36,52128,28960,50407276,49158719,75824,1248557,34859,19726,34858,184,0,863,8361592,2543992,33996,388608,265728,NaN,NaN
2026-04-27 18:54:02.686,44300,ESTAB,bbr,236,33.747,9.719,20.063,1448,36,52128,28960,50407276,49158719,75824,1248557,34859,19726,34858,184,0,863,8361592,2543992,33996,388608,265728,NaN,NaN
2026-04-27 18:54:02.952,44300,ESTAB,bbr,236,33.747,9.719,20.063,1448,36,52128,28960,50407276,49158719,75824,1248557,34859,19726,34858,184,0,863,8361592,2543992,33996,388608,265728,NaN,NaN
2026-04-27 18:54:03.213,44300,ESTAB,bbr,236,33.747,9.719,20.063,1448,36,52128,28960,50407276,49158719,75824,1248557,34859,19726,34858,184,0,863,8361592,2543992,33996,388608,265728,NaN,NaN
2026-04-27 18:54:03.461,44300,ESTAB,bbr,236,33.747,9.719,20.063,1448,36,52128,28960,50407276,49158719,75824,1248557,34859,19726,34858,184,0,863,8361592,2543992,33996,388608,265728,NaN,NaN
2026-04-27 18:54:03.709,44300,ESTAB,bbr,236,33.747,9.719,20.063,1448,36,52128,28960,50407276,49158719,75824,1248557,34859,19726,34858,184,0,863,8361592,2543992,33996,388608,265728,NaN,NaN
2026-04-27 18:54:03.966,44300,ESTAB,bbr,236,33.747,9.719,20.063,1448,36,52128,28960,50407276,49158719,75824,1248557,34859,19726,34858,184,0,863,8361592,2543992,33996,388608,265728,NaN,NaN
2026-04-27 18:54:04.230,44300,ESTAB,bbr,228,27.059,1.413,20.063,1448,36,52128,28960,50510071,49236898,76648,1248557,34930,19756,34929,186,0,863,8361592,5873680,34050,388608,271360,17,72346
2026-04-27 18:54:04.497,44300,ESTAB,bbr,236,33.431,9.303,20.063,1448,36,52128,28960,50583473,49334916,77054,1248557,34981,19791,34980,187,0,863,8376112,5580136,34118,388608,274432,NaN,NaN
2026-04-27 18:54:04.746,44300,ESTAB,bbr,236,33.431,9.303,20.063,1448,36,52128,28960,50583473,49334916,77054,1248557,34981,19791,34980,187,0,863,8376112,5580136,34118,388608,274432,NaN,NaN
2026-04-27 18:54:05.000,44300,ESTAB,bbr,236,33.431,9.303,20.063,1448,36,52128,28960,50583473,49334916,77054,1248557,34981,19791,34980,187,0,863,8376112,5580136,34118,388608,274432,NaN,NaN
2026-04-27 18:54:05.241,44300,ESTAB,bbr,236,33.431,9.303,20.063,1448,36,52128,28960,50583473,49334916,77054,1248557,34981,19791,34980,187,0,863,8376112,5580136,34118,388608,274432,NaN,NaN
2026-04-27 18:54:05.502,44300,ESTAB,bbr,236,33.431,9.303,20.063,1448,36,52128,28960,50583473,49334916,77054,1248557,34981,19791,34980,187,0,863,8376112,5580136,34118,388608,274432,NaN,NaN
2026-04-27 18:54:05.768,44300,ESTAB,bbr,236,33.431,9.303,20.063,1448,36,52128,28960,50583473,49334916,77054,1248557,34981,19791,34980,187,0,863,8376112,5580136,34118,388608,274432,NaN,NaN
2026-04-27 18:54:06.036,44300,ESTAB,bbr,236,33.431,9.303,20.063,1448,36,52128,28960,50583473,49334916,77054,1248557,34981,19791,34980,187,0,863,8376112,5580136,34118,388608,274432,NaN,NaN
2026-04-27 18:54:06.308,44300,ESTAB,bbr,232,29.872,1.185,20.063,1448,36,52128,28960,50718124,49447847,77878,1248557,35074,19833,35073,189,0,863,8376112,6662736,34196,388608,280064,15,587888
2026-04-27 18:54:06.568,44300,ESTAB,bbr,232,28.268,0.224,20.063,1448,36,52128,28960,50944012,49670839,77878,1248557,35230,19910,35229,189,0,863,8330832,5952720,34350,388608,280064,17,456188
2026-04-27 18:54:06.830,44300,ESTAB,bbr,232,28.921,0.289,20.063,1448,36,52128,28960,51156868,49885143,77878,1248557,35377,19984,35376,189,0,863,8337664,6702192,34498,388608,280064,16,243332
2026-04-27 18:54:07.110,44300,ESTAB,bbr,232,30.422,0.348,20.063,1448,36,52128,28960,51394340,50119719,77878,1248557,35541,20065,35540,189,0,863,8337664,6699336,34660,388608,280064,18,5860
2026-04-27 18:54:07.365,44300,ESTAB,bbr,236,33.582,9.413,20.063,1448,36,52128,28960,51400200,50151643,77878,1248557,35546,20077,35545,189,0,863,8352192,2276448,34683,388608,280064,NaN,NaN
2026-04-27 18:54:07.628,44300,ESTAB,bbr,236,33.582,9.413,20.063,1448,36,52128,28960,51400200,50151643,77878,1248557,35546,20077,35545,189,0,863,8352192,2276448,34683,388608,280064,NaN,NaN
2026-04-27 18:54:07.882,44300,ESTAB,bbr,236,33.582,9.413,20.063,1448,36,52128,28960,51400200,50151643,77878,1248557,35546,20077,35545,189,0,863,8352192,2276448,34683,388608,280064,NaN,NaN
2026-04-27 18:54:08.144,44300,ESTAB,bbr,236,33.582,9.413,20.063,1448,36,52128,28960,51400200,50151643,77878,1248557,35546,20077,35545,189,0,863,8352192,2276448,34683,388608,280064,NaN,NaN
2026-04-27 18:54:08.384,44300,ESTAB,bbr,232,28.86,0.259,20.063,1448,36,52128,28960,51588427,50313806,78702,1248557,35676,20136,35675,191,0,863,8352192,6688216,34795,388608,285696,18,534312
2026-04-27 18:54:08.628,44300,ESTAB,bbr,232,29.893,0.908,20.063,1448,36,52128,28960,51792595,50519422,78702,1248557,35817,20207,35816,191,0,863,8388936,6694984,34937,388608,285696,17,433172
2026-04-27 18:54:08.874,44300,ESTAB,bbr,232,28.848,0.103,20.063,1448,36,52128,28960,51990971,50722142,78702,1248557,35954,20277,35953,191,0,863,8410296,6682000,35077,388608,285696,14,234796
2026-04-27 18:54:09.140,44300,ESTAB,bbr,232,29.548,0.536,20.063,1448,36,52128,28960,52216859,50945134,78702,1248557,36110,20354,36109,191,0,863,8332536,6687008,35231,388608,285696,16,8908
2026-04-27 18:54:09.401,44300,ESTAB,bbr,236,33.342,9.024,20.063,1448,36,52128,28960,52225767,50977210,78702,1248557,36117,20366,36116,191,0,863,8332536,2318576,35254,388608,285696,NaN,NaN
2026-04-27 18:54:09.661,44300,ESTAB,bbr,236,33.342,9.024,20.063,1448,36,52128,28960,52225767,50977210,78702,1248557,36117,20366,36116,191,0,863,8332536,2318576,35254,388608,285696,NaN,NaN
2026-04-27 18:54:09.916,44300,ESTAB,bbr,236,33.342,9.024,20.063,1448,36,52128,28960,52225767,50977210,78702,1248557,36117,20366,36116,191,0,863,8332536,2318576,35254,388608,285696,NaN,NaN
2026-04-27 18:54:10.165,44300,ESTAB,bbr,236,33.342,9.024,20.063,1448,36,52128,28960,52225767,50977210,78702,1248557,36117,20366,36116,191,0,863,8332536,2318576,35254,388608,285696,NaN,NaN
2026-04-27 18:54:10.418,44300,ESTAB,bbr,232,28.93,0.313,20.063,1448,36,52128,28960,52416890,51142269,79526,1248557,36249,20426,36248,193,0,863,8315448,6716008,35368,388608,291328,18,531416
2026-04-27 18:54:10.658,44300,ESTAB,bbr,232,29.753,1.047,20.063,1448,36,52128,28960,52615266,51342093,79526,1248557,36386,20495,36385,193,0,863,8318016,6721688,35506,388608,291328,17,450990
2026-04-27 18:54:10.913,44300,ESTAB,bbr,232,28.896,0.142,20.063,1448,36,52128,28960,52823778,51553501,79526,1248557,36530,20568,36529,193,0,863,8326560,6695952,35652,388608,291328,15,242478
2026-04-27 18:54:11.168,44300,ESTAB,bbr,232,30.425,0.291,20.063,1448,36,52128,28960,53039530,51764909,79526,1248557,36679,20641,36678,193,0,863,8314592,5863192,35798,388608,291328,18,26726
2026-04-27 18:54:11.414,44300,ESTAB,bbr,236,33.344,9.043,20.063,1448,36,52128,28960,53066256,51817699,79526,1248557,36698,20660,36697,193,0,863,8351336,2591688,35835,388608,291328,NaN,NaN
2026-04-27 18:54:11.671,44300,ESTAB,bbr,236,33.344,9.043,20.063,1448,36,52128,28960,53066256,51817699,79526,1248557,36698,20660,36697,193,0,863,8351336,2591688,35835,388608,291328,NaN,NaN
2026-04-27 18:54:11.926,44300,ESTAB,bbr,236,33.344,9.043,20.063,1448,36,52128,28960,53066256,51817699,79526,1248557,36698,20660,36697,193,0,863,8351336,2591688,35835,388608,291328,NaN,NaN
2026-04-27 18:54:12.186,44300,ESTAB,bbr,236,33.344,9.043,20.063,1448,36,52128,28960,53066256,51817699,79526,1248557,36698,20660,36697,193,0,863,8351336,2591688,35835,388608,291328,NaN,NaN
2026-04-27 18:54:12.441,44300,ESTAB,bbr,232,29.004,0.34,20.063,1448,36,52128,28960,53254483,51979862,80350,1248557,36828,20719,36827,195,0,863,8351336,6700680,35947,388608,297472,18,534312
2026-04-27 18:54:12.688,44300,ESTAB,bbr,232,29.926,0.937,20.063,1448,36,52128,28960,53458651,52185478,80350,1248557,36969,20790,36968,195,0,863,8317160,6694744,36089,388608,297472,17,404894
2026-04-27 18:54:12.934,44300,ESTAB,bbr,232,28.885,0.115,20.063,1448,36,52128,28960,53667163,52393990,80350,1248557,37113,20862,37112,195,0,863,8318864,6677512,36233,388608,297472,17,196382
2026-04-27 18:54:13.181,44300,ESTAB,bbr,232,30.132,0.686,20.063,1448,36,52128,28960,53863545,52596710,80350,1248557,37249,20932,37248,195,0,863,8311176,6685320,36373,388608,297472,13,NaN
2026-04-27 18:54:13.456,44300,ESTAB,bbr,236,33.531,10.353,20.063,1448,36,52128,28960,53863545,52614988,80350,1248557,37249,20939,37248,195,0,863,8311176,2484944,36386,388608,297472,NaN,NaN
2026-04-27 18:54:13.707,44300,ESTAB,bbr,236,33.531,10.353,20.063,1448,36,52128,28960,53863545,52614988,80350,1248557,37249,20939,37248,195,0,863,8311176,2484944,36386,388608,297472,NaN,NaN
2026-04-27 18:54:13.968,44300,ESTAB,bbr,236,33.531,10.353,20.063,1448,36,52128,28960,53863545,52614988,80350,1248557,37249,20939,37248,195,0,863,8311176,2484944,36386,388608,297472,NaN,NaN
2026-04-27 18:54:14.229,44300,ESTAB,bbr,236,33.531,10.353,20.063,1448,36,52128,28960,53863545,52614988,80350,1248557,37249,20939,37248,195,0,863,8311176,2484944,36386,388608,297472,NaN,NaN
2026-04-27 18:54:14.487,44300,ESTAB,bbr,232,28.931,0.213,20.063,1448,36,52128,28960,54060460,52788735,81174,1248557,37385,21002,37384,197,0,863,8319720,6703272,36506,388608,303104,16,525624
2026-04-27 18:54:14.737,44300,ESTAB,bbr,232,30.324,0.488,20.063,1448,36,52128,28960,54271868,53000143,81174,1248557,37531,21075,37530,197,0,863,8319720,6689904,36652,388608,303104,16,410967
2026-04-27 18:54:14.992,44300,ESTAB,bbr,232,28.399,0.252,20.063,1448,36,52128,28960,54484724,53214447,81174,1248557,37678,21149,37677,197,0,863,8318864,6077448,36800,388608,303104,15,198111
