timestamp,dst_port,state,cc_algo,rto_ms,rtt_ms,rtt_var_ms,min_rtt_ms,mss_bytes,cwnd_pkts,cwnd_bytes,ssthresh_bytes,bytes_sent,bytes_acked,bytes_received,bytes_retrans,segs_out,segs_in,data_segs_out,data_segs_in,retrans_outstanding,retrans_total,pacing_rate_bps,delivery_rate_bps,delivered_pkts,snd_wnd_bytes,rcv_wnd_bytes,unacked_pkts,notsent_bytes
2026-04-01 11:18:57.044,38944,ESTAB,cubic,224,20.931,6.292,20.079,1448,10,14480,NaN,2883,2883,408,NaN,4,5,2,1,NaN,NaN,11068352,1061336,3,48640,43520,NaN,NaN
2026-04-01 11:18:57.312,38944,ESTAB,cubic,224,20.931,6.292,20.079,1448,10,14480,NaN,2883,2883,408,NaN,4,5,2,1,NaN,NaN,11068352,1061336,3,48640,43520,NaN,NaN
2026-04-01 11:18:58.023,38948,ESTAB,cubic,232,28.755,0.041,20.039,1448,36,52128,52128,151400,128232,822,NaN,106,49,105,2,NaN,NaN,17402888,6686288,90,113664,43520,16,50512
2026-04-01 11:18:58.274,38948,ESTAB,cubic,232,29.194,0.659,20.039,1448,36,52128,52128,299938,298882,2050,NaN,210,110,209,5,NaN,NaN,17141120,5330384,209,114176,43520,1,NaN
2026-04-01 11:18:58.501,38948,ESTAB,cubic,236,33.173,8.452,20.039,1448,36,52128,52128,299938,299938,2050,NaN,210,111,209,5,NaN,NaN,15085248,5330384,210,114176,43520,NaN,NaN
2026-04-01 11:18:58.731,38948,ESTAB,cubic,236,33.173,8.452,20.039,1448,36,52128,52128,299938,299938,2050,NaN,210,111,209,5,NaN,NaN,15085248,5330384,210,114176,43520,NaN,NaN
2026-04-01 11:18:58.954,38948,ESTAB,cubic,236,33.173,8.452,20.039,1448,36,52128,52128,299938,299938,2050,NaN,210,111,209,5,NaN,NaN,15085248,5330384,210,114176,43520,NaN,NaN
2026-04-01 11:18:59.183,38948,ESTAB,cubic,228,26.967,4.573,20.039,1448,10,14480,52128,310498,309442,6110,NaN,220,122,219,15,NaN,NaN,8591240,5330384,219,114176,43520,1,NaN
2026-04-01 11:18:59.434,38948,ESTAB,cubic,232,29.576,7.277,20.039,1448,10,14480,52128,318946,317890,9358,NaN,228,130,227,23,NaN,NaN,7833272,5330384,227,114176,43520,1,NaN
2026-04-01 11:18:59.677,38948,ESTAB,cubic,228,27.522,2.263,20.039,1448,10,14480,52128,328450,327394,13012,NaN,237,139,236,32,NaN,NaN,8417760,5330384,236,114176,43520,1,NaN
2026-04-01 11:18:59.908,38964,ESTAB,cubic,224,22.921,11.46,22.921,1448,10,14480,NaN,NaN,NaN,NaN,NaN,NaN,2,NaN,NaN,NaN,NaN,10107760,NaN,1,42496,43440,NaN,NaN
2026-04-01 11:19:00.161,38964,ESTAB,cubic,224,22.921,11.46,22.921,1448,10,14480,NaN,NaN,NaN,NaN,NaN,NaN,2,NaN,NaN,NaN,NaN,10107760,NaN,1,42496,43440,NaN,NaN
2026-04-01 11:19:00.414,38964,ESTAB,cubic,224,22.921,11.46,22.921,1448,10,14480,NaN,NaN,NaN,NaN,NaN,NaN,2,NaN,NaN,NaN,NaN,10107760,NaN,1,42496,43440,NaN,NaN
2026-04-01 11:19:00.661,38964,ESTAB,cubic,224,22.921,11.46,22.921,1448,10,14480,NaN,NaN,NaN,NaN,NaN,NaN,2,NaN,NaN,NaN,NaN,10107760,NaN,1,42496,43440,NaN,NaN
2026-04-01 11:19:00.892,38964,ESTAB,cubic,224,22.921,11.46,22.921,1448,10,14480,NaN,NaN,NaN,NaN,NaN,NaN,2,NaN,NaN,NaN,NaN,10107760,NaN,1,42496,43440,NaN,NaN
2026-04-01 11:19:01.121,38964,ESTAB,cubic,224,22.921,11.46,22.921,1448,10,14480,NaN,NaN,NaN,NaN,NaN,NaN,2,NaN,NaN,NaN,NaN,10107760,NaN,1,42496,43440,NaN,NaN
2026-04-01 11:19:01.355,38964,ESTAB,cubic,224,22.921,11.46,22.921,1448,10,14480,NaN,NaN,NaN,NaN,NaN,NaN,2,NaN,NaN,NaN,NaN,10107760,NaN,1,42496,43440,NaN,NaN
2026-04-01 11:19:01.590,38964,ESTAB,cubic,224,22.921,11.46,22.921,1448,10,14480,NaN,NaN,NaN,NaN,NaN,NaN,2,NaN,NaN,NaN,NaN,10107760,NaN,1,42496,43440,NaN,NaN
2026-04-01 11:19:01.818,38964,ESTAB,cubic,224,22.921,11.46,22.921,1448,10,14480,NaN,NaN,NaN,NaN,NaN,NaN,2,NaN,NaN,NaN,NaN,10107760,NaN,1,42496,43440,NaN,NaN
2026-04-01 11:19:02.053,38964,ESTAB,cubic,224,22.566,7.004,20.496,1448,10,14480,NaN,2883,2883,408,NaN,3,5,2,1,NaN,NaN,10266488,1043272,3,48640,43520,NaN,NaN
2026-04-01 11:19:02.307,38964,ESTAB,cubic,224,22.566,7.004,20.496,1448,10,14480,NaN,2883,2883,408,NaN,3,5,2,1,NaN,NaN,10266488,1043272,3,48640,43520,NaN,NaN
2026-04-01 11:19:02.548,38964,ESTAB,cubic,224,22.566,7.004,20.496,1448,10,14480,NaN,2883,2883,408,NaN,3,5,2,1,NaN,NaN,10266488,1043272,3,48640,43520,NaN,NaN
2026-04-01 11:19:02.795,38964,ESTAB,cubic,224,22.566,7.004,20.496,1448,10,14480,NaN,2883,2883,408,NaN,3,5,2,1,NaN,NaN,10266488,1043272,3,48640,43520,NaN,NaN
2026-04-01 11:19:03.043,38964,ESTAB,cubic,224,22.566,7.004,20.496,1448,10,14480,NaN,2883,2883,408,NaN,3,5,2,1,NaN,NaN,10266488,1043272,3,48640,43520,NaN,NaN
2026-04-01 11:19:03.290,38964,ESTAB,cubic,224,22.566,7.004,20.496,1448,10,14480,NaN,2883,2883,408,NaN,3,5,2,1,NaN,NaN,10266488,1043272,3,48640,43520,NaN,NaN
2026-04-01 11:19:03.539,38964,ESTAB,cubic,224,22.566,7.004,20.496,1448,10,14480,NaN,2883,2883,408,NaN,3,5,2,1,NaN,NaN,10266488,1043272,3,48640,43520,NaN,NaN
2026-04-01 11:19:03.783,38964,ESTAB,cubic,224,22.566,7.004,20.496,1448,10,14480,NaN,2883,2883,408,NaN,3,5,2,1,NaN,NaN,10266488,1043272,3,48640,43520,NaN,NaN
2026-04-01 11:19:04.018,38964,ESTAB,cubic,224,22.566,7.004,20.496,1448,10,14480,NaN,2883,2883,408,NaN,3,5,2,1,NaN,NaN,10266488,1043272,3,48640,43520,NaN,NaN
2026-04-01 11:19:04.246,38964,ESTAB,cubic,224,22.566,7.004,20.496,1448,10,14480,NaN,2883,2883,408,NaN,3,5,2,1,NaN,NaN,10266488,1043272,3,48640,43520,NaN,NaN
2026-04-01 11:19:04.485,38964,ESTAB,cubic,224,22.566,7.004,20.496,1448,10,14480,NaN,2883,2883,408,NaN,3,5,2,1,NaN,NaN,10266488,1043272,3,48640,43520,NaN,NaN
2026-04-01 11:19:04.720,38964,ESTAB,cubic,224,22.566,7.004,20.496,1448,10,14480,NaN,2883,2883,408,NaN,3,5,2,1,NaN,NaN,10266488,1043272,3,48640,43520,NaN,NaN
2026-04-01 11:19:04.952,38964,ESTAB,cubic,224,22.566,7.004,20.496,1448,10,14480,NaN,2883,2883,408,NaN,3,5,2,1,NaN,NaN,10266488,1043272,3,48640,43520,NaN,NaN
2026-04-01 11:19:05.194,38964,ESTAB,cubic,224,22.566,7.004,20.496,1448,10,14480,NaN,2883,2883,408,NaN,3,5,2,1,NaN,NaN,10266488,1043272,3,48640,43520,NaN,NaN
2026-04-01 11:19:05.433,38964,ESTAB,cubic,224,22.566,7.004,20.496,1448,10,14480,NaN,2883,2883,408,NaN,3,5,2,1,NaN,NaN,10266488,1043272,3,48640,43520,NaN,NaN
2026-04-01 11:19:05.676,38964,ESTAB,cubic,224,22.566,7.004,20.496,1448,10,14480,NaN,2883,2883,408,NaN,3,5,2,1,NaN,NaN,10266488,1043272,3,48640,43520,NaN,NaN
2026-04-01 11:19:05.940,38964,ESTAB,cubic,224,22.566,7.004,20.496,1448,10,14480,NaN,2883,2883,408,NaN,3,5,2,1,NaN,NaN,10266488,1043272,3,48640,43520,NaN,NaN
2026-04-01 11:19:06.199,38964,ESTAB,cubic,224,22.566,7.004,20.496,1448,10,14480,NaN,2883,2883,408,NaN,3,5,2,1,NaN,NaN,10266488,1043272,3,48640,43520,NaN,NaN
2026-04-01 11:19:06.450,38964,ESTAB,cubic,224,22.566,7.004,20.496,1448,10,14480,NaN,2883,2883,408,NaN,3,5,2,1,NaN,NaN,10266488,1043272,3,48640,43520,NaN,NaN
2026-04-01 11:19:06.699,38964,ESTAB,cubic,224,22.566,7.004,20.496,1448,10,14480,NaN,2883,2883,408,NaN,3,5,2,1,NaN,NaN,10266488,1043272,3,48640,43520,NaN,NaN
2026-04-01 11:19:06.958,38964,ESTAB,cubic,224,22.566,7.004,20.496,1448,10,14480,NaN,2883,2883,408,NaN,3,5,2,1,NaN,NaN,10266488,1043272,3,48640,43520,NaN,NaN
2026-04-01 11:19:07.198,38964,ESTAB,cubic,224,22.566,7.004,20.496,1448,10,14480,NaN,2883,2883,408,NaN,3,5,2,1,NaN,NaN,10266488,1043272,3,48640,43520,NaN,NaN
2026-04-01 11:19:07.436,38964,ESTAB,cubic,224,22.566,7.004,20.496,1448,10,14480,NaN,2883,2883,408,NaN,3,5,2,1,NaN,NaN,10266488,1043272,3,48640,43520,NaN,NaN
2026-04-01 11:19:07.672,38964,ESTAB,cubic,224,22.566,7.004,20.496,1448,10,14480,NaN,2883,2883,408,NaN,3,5,2,1,NaN,NaN,10266488,1043272,3,48640,43520,NaN,NaN
2026-04-01 11:19:07.919,38964,ESTAB,cubic,224,22.566,7.004,20.496,1448,10,14480,NaN,2883,2883,408,NaN,3,5,2,1,NaN,NaN,10266488,1043272,3,48640,43520,NaN,NaN
2026-04-01 11:19:08.161,38964,ESTAB,cubic,224,22.566,7.004,20.496,1448,10,14480,NaN,2883,2883,408,NaN,3,5,2,1,NaN,NaN,10266488,1043272,3,48640,43520,NaN,NaN
2026-04-01 11:19:08.424,38964,ESTAB,cubic,224,22.566,7.004,20.496,1448,10,14480,NaN,2883,2883,408,NaN,3,5,2,1,NaN,NaN,10266488,1043272,3,48640,43520,NaN,NaN
2026-04-01 11:19:08.677,38964,ESTAB,cubic,224,22.566,7.004,20.496,1448,10,14480,NaN,2883,2883,408,NaN,3,5,2,1,NaN,NaN,10266488,1043272,3,48640,43520,NaN,NaN
2026-04-01 11:19:08.934,38964,ESTAB,cubic,224,22.566,7.004,20.496,1448,10,14480,NaN,2883,2883,408,NaN,3,5,2,1,NaN,NaN,10266488,1043272,3,48640,43520,NaN,NaN
2026-04-01 11:19:09.178,38964,ESTAB,cubic,224,22.566,7.004,20.496,1448,10,14480,NaN,2883,2883,408,NaN,3,5,2,1,NaN,NaN,10266488,1043272,3,48640,43520,NaN,NaN
2026-04-01 11:19:09.426,38964,ESTAB,cubic,224,22.566,7.004,20.496,1448,10,14480,NaN,2883,2883,408,NaN,3,5,2,1,NaN,NaN,10266488,1043272,3,48640,43520,NaN,NaN
2026-04-01 11:19:09.677,38964,ESTAB,cubic,224,22.566,7.004,20.496,1448,10,14480,NaN,2883,2883,408,NaN,3,5,2,1,NaN,NaN,10266488,1043272,3,48640,43520,NaN,NaN
2026-04-01 11:19:09.912,38964,ESTAB,cubic,224,22.566,7.004,20.496,1448,10,14480,NaN,2883,2883,408,NaN,3,5,2,1,NaN,NaN,10266488,1043272,3,48640,43520,NaN,NaN
2026-04-01 11:19:10.142,38964,ESTAB,cubic,224,22.566,7.004,20.496,1448,10,14480,NaN,2883,2883,408,NaN,3,5,2,1,NaN,NaN,10266488,1043272,3,48640,43520,NaN,NaN
2026-04-01 11:19:10.378,38964,ESTAB,cubic,224,22.566,7.004,20.496,1448,10,14480,NaN,2883,2883,408,NaN,3,5,2,1,NaN,NaN,10266488,1043272,3,48640,43520,NaN,NaN
2026-04-01 11:19:10.619,38964,ESTAB,cubic,224,22.566,7.004,20.496,1448,10,14480,NaN,2883,2883,408,NaN,3,5,2,1,NaN,NaN,10266488,1043272,3,48640,43520,NaN,NaN
2026-04-01 11:19:10.872,38964,ESTAB,cubic,224,22.566,7.004,20.496,1448,10,14480,NaN,2883,2883,408,NaN,3,5,2,1,NaN,NaN,10266488,1043272,3,48640,43520,NaN,NaN
2026-04-01 11:19:11.119,38964,ESTAB,cubic,224,22.566,7.004,20.496,1448,10,14480,NaN,2883,2883,408,NaN,3,5,2,1,NaN,NaN,10266488,1043272,3,48640,43520,NaN,NaN
2026-04-01 11:19:11.361,38964,ESTAB,cubic,224,22.566,7.004,20.496,1448,10,14480,NaN,2883,2883,408,NaN,3,5,2,1,NaN,NaN,10266488,1043272,3,48640,43520,NaN,NaN
2026-04-01 11:19:11.624,38964,ESTAB,cubic,224,22.566,7.004,20.496,1448,10,14480,NaN,2883,2883,408,NaN,3,5,2,1,NaN,NaN,10266488,1043272,3,48640,43520,NaN,NaN
2026-04-01 11:19:11.897,38964,ESTAB,cubic,224,22.566,7.004,20.496,1448,10,14480,NaN,2883,2883,408,NaN,3,5,2,1,NaN,NaN,10266488,1043272,3,48640,43520,NaN,NaN
2026-04-01 11:19:12.146,38964,ESTAB,cubic,224,22.566,7.004,20.496,1448,10,14480,NaN,2883,2883,408,NaN,3,5,2,1,NaN,NaN,10266488,1043272,3,48640,43520,NaN,NaN
2026-04-01 11:19:12.389,38964,ESTAB,cubic,224,22.566,7.004,20.496,1448,10,14480,NaN,2883,2883,408,NaN,3,5,2,1,NaN,NaN,10266488,1043272,3,48640,43520,NaN,NaN
2026-04-01 11:19:12.652,38964,ESTAB,cubic,224,22.566,7.004,20.496,1448,10,14480,NaN,2883,2883,408,NaN,3,5,2,1,NaN,NaN,10266488,1043272,3,48640,43520,NaN,NaN
2026-04-01 11:19:12.905,38964,ESTAB,cubic,224,22.566,7.004,20.496,1448,10,14480,NaN,2883,2883,408,NaN,3,5,2,1,NaN,NaN,10266488,1043272,3,48640,43520,NaN,NaN
2026-04-01 11:19:13.158,38964,ESTAB,cubic,224,22.566,7.004,20.496,1448,10,14480,NaN,2883,2883,408,NaN,3,5,2,1,NaN,NaN,10266488,1043272,3,48640,43520,NaN,NaN
2026-04-01 11:19:13.400,38964,ESTAB,cubic,224,22.566,7.004,20.496,1448,10,14480,NaN,2883,2883,408,NaN,3,5,2,1,NaN,NaN,10266488,1043272,3,48640,43520,NaN,NaN
2026-04-01 11:19:13.651,38964,ESTAB,cubic,224,22.566,7.004,20.496,1448,10,14480,NaN,2883,2883,408,NaN,3,5,2,1,NaN,NaN,10266488,1043272,3,48640,43520,NaN,NaN
2026-04-01 11:19:13.918,38964,ESTAB,cubic,224,22.566,7.004,20.496,1448,10,14480,NaN,2883,2883,408,NaN,3,5,2,1,NaN,NaN,10266488,1043272,3,48640,43520,NaN,NaN
2026-04-01 11:19:14.150,38964,ESTAB,cubic,224,22.566,7.004,20.496,1448,10,14480,NaN,2883,2883,408,NaN,3,5,2,1,NaN,NaN,10266488,1043272,3,48640,43520,NaN,NaN
2026-04-01 11:19:14.392,38964,ESTAB,cubic,224,22.566,7.004,20.496,1448,10,14480,NaN,2883,2883,408,NaN,3,5,2,1,NaN,NaN,10266488,1043272,3,48640,43520,NaN,NaN
2026-04-01 11:19:14.650,38964,ESTAB,cubic,224,22.566,7.004,20.496,1448,10,14480,NaN,2883,2883,408,NaN,3,5,2,1,NaN,NaN,10266488,1043272,3,48640,43520,NaN,NaN
2026-04-01 11:19:14.899,38964,ESTAB,cubic,224,22.566,7.004,20.496,1448,10,14480,NaN,2883,2883,408,NaN,3,5,2,1,NaN,NaN,10266488,1043272,3,48640,43520,NaN,NaN
2026-04-01 11:19:15.133,38964,ESTAB,cubic,224,22.566,7.004,20.496,1448,10,14480,NaN,2883,2883,408,NaN,3,5,2,1,NaN,NaN,10266488,1043272,3,48640,43520,NaN,NaN
2026-04-01 11:19:15.372,38964,ESTAB,cubic,224,22.566,7.004,20.496,1448,10,14480,NaN,2883,2883,408,NaN,3,5,2,1,NaN,NaN,10266488,1043272,3,48640,43520,NaN,NaN
2026-04-01 11:19:15.623,38964,ESTAB,cubic,224,22.566,7.004,20.496,1448,10,14480,NaN,2883,2883,408,NaN,3,5,2,1,NaN,NaN,10266488,1043272,3,48640,43520,NaN,NaN
2026-04-01 11:19:15.869,38964,ESTAB,cubic,224,22.566,7.004,20.496,1448,10,14480,NaN,2883,2883,408,NaN,3,5,2,1,NaN,NaN,10266488,1043272,3,48640,43520,NaN,NaN
2026-04-01 11:19:16.102,38964,ESTAB,cubic,224,22.566,7.004,20.496,1448,10,14480,NaN,2883,2883,408,NaN,3,5,2,1,NaN,NaN,10266488,1043272,3,48640,43520,NaN,NaN
2026-04-01 11:19:16.341,38964,ESTAB,cubic,224,22.566,7.004,20.496,1448,10,14480,NaN,2883,2883,408,NaN,3,5,2,1,NaN,NaN,10266488,1043272,3,48640,43520,NaN,NaN
2026-04-01 11:19:16.589,38964,ESTAB,cubic,224,22.566,7.004,20.496,1448,10,14480,NaN,2883,2883,408,NaN,3,5,2,1,NaN,NaN,10266488,1043272,3,48640,43520,NaN,NaN
2026-04-01 11:19:16.851,38964,ESTAB,cubic,224,22.566,7.004,20.496,1448,10,14480,NaN,2883,2883,408,NaN,3,5,2,1,NaN,NaN,10266488,1043272,3,48640,43520,NaN,NaN
2026-04-01 11:19:17.098,38964,ESTAB,cubic,224,22.566,7.004,20.496,1448,10,14480,NaN,2883,2883,408,NaN,4,6,2,1,NaN,NaN,10266488,1043272,3,48640,43520,NaN,NaN
2026-04-01 11:19:17.327,38964,ESTAB,cubic,224,22.566,7.004,20.496,1448,10,14480,NaN,2883,2883,408,NaN,4,6,2,1,NaN,NaN,10266488,1043272,3,48640,43520,NaN,NaN
2026-04-01 11:19:17.562,38964,ESTAB,cubic,224,22.566,7.004,20.496,1448,10,14480,NaN,2883,2883,408,NaN,4,6,2,1,NaN,NaN,10266488,1043272,3,48640,43520,NaN,NaN
2026-04-01 11:19:17.812,38964,ESTAB,cubic,224,22.566,7.004,20.496,1448,10,14480,NaN,2883,2883,408,NaN,4,6,2,1,NaN,NaN,10266488,1043272,3,48640,43520,NaN,NaN
2026-04-01 11:19:18.058,38964,ESTAB,cubic,224,22.566,7.004,20.496,1448,10,14480,NaN,2883,2883,408,NaN,4,6,2,1,NaN,NaN,10266488,1043272,3,48640,43520,NaN,NaN
2026-04-01 11:19:18.317,38964,ESTAB,cubic,224,22.566,7.004,20.496,1448,10,14480,NaN,2883,2883,408,NaN,4,6,2,1,NaN,NaN,10266488,1043272,3,48640,43520,NaN,NaN
2026-04-01 11:19:18.569,38964,ESTAB,cubic,224,22.566,7.004,20.496,1448,10,14480,NaN,2883,2883,408,NaN,4,6,2,1,NaN,NaN,10266488,1043272,3,48640,43520,NaN,NaN
2026-04-01 11:19:18.828,38964,ESTAB,cubic,224,22.566,7.004,20.496,1448,10,14480,NaN,2883,2883,408,NaN,4,6,2,1,NaN,NaN,10266488,1043272,3,48640,43520,NaN,NaN
2026-04-01 11:19:19.089,38964,ESTAB,cubic,224,22.566,7.004,20.496,1448,10,14480,NaN,2883,2883,408,NaN,4,6,2,1,NaN,NaN,10266488,1043272,3,48640,43520,NaN,NaN
2026-04-01 11:19:19.344,38964,ESTAB,cubic,224,22.566,7.004,20.496,1448,10,14480,NaN,2883,2883,408,NaN,4,6,2,1,NaN,NaN,10266488,1043272,3,48640,43520,NaN,NaN
2026-04-01 11:19:19.587,38964,ESTAB,cubic,224,22.566,7.004,20.496,1448,10,14480,NaN,2883,2883,408,NaN,4,6,2,1,NaN,NaN,10266488,1043272,3,48640,43520,NaN,NaN
2026-04-01 11:19:19.836,38964,ESTAB,cubic,224,22.566,7.004,20.496,1448,10,14480,NaN,2883,2883,408,NaN,4,6,2,1,NaN,NaN,10266488,1043272,3,48640,43520,NaN,NaN
2026-04-01 11:19:20.094,38964,ESTAB,cubic,224,22.566,7.004,20.496,1448,10,14480,NaN,2883,2883,408,NaN,4,6,2,1,NaN,NaN,10266488,1043272,3,48640,43520,NaN,NaN
2026-04-01 11:19:20.352,38964,ESTAB,cubic,224,22.566,7.004,20.496,1448,10,14480,NaN,2883,2883,408,NaN,4,6,2,1,NaN,NaN,10266488,1043272,3,48640,43520,NaN,NaN
2026-04-01 11:19:20.609,38964,ESTAB,cubic,224,22.566,7.004,20.496,1448,10,14480,NaN,2883,2883,408,NaN,4,6,2,1,NaN,NaN,10266488,1043272,3,48640,43520,NaN,NaN
2026-04-01 11:19:20.869,38964,ESTAB,cubic,224,22.566,7.004,20.496,1448,10,14480,NaN,2883,2883,408,NaN,4,6,2,1,NaN,NaN,10266488,1043272,3,48640,43520,NaN,NaN
2026-04-01 11:19:21.133,38964,ESTAB,cubic,224,22.566,7.004,20.496,1448,10,14480,NaN,2883,2883,408,NaN,4,6,2,1,NaN,NaN,10266488,1043272,3,48640,43520,NaN,NaN
2026-04-01 11:19:21.398,38964,ESTAB,cubic,224,22.566,7.004,20.496,1448,10,14480,NaN,2883,2883,408,NaN,4,6,2,1,NaN,NaN,10266488,1043272,3,48640,43520,NaN,NaN
2026-04-01 11:19:21.650,38964,ESTAB,cubic,224,22.566,7.004,20.496,1448,10,14480,NaN,2883,2883,408,NaN,4,6,2,1,NaN,NaN,10266488,1043272,3,48640,43520,NaN,NaN
2026-04-01 11:19:21.894,38964,ESTAB,cubic,224,22.566,7.004,20.496,1448,10,14480,NaN,2883,2883,408,NaN,4,6,2,1,NaN,NaN,10266488,1043272,3,48640,43520,NaN,NaN
2026-04-01 11:19:22.131,38964,ESTAB,cubic,224,22.566,7.004,20.496,1448,10,14480,NaN,2883,2883,408,NaN,4,6,2,1,NaN,NaN,10266488,1043272,3,48640,43520,NaN,NaN
2026-04-01 11:19:22.379,38964,ESTAB,cubic,224,22.566,7.004,20.496,1448,10,14480,NaN,2883,2883,408,NaN,4,6,2,1,NaN,NaN,10266488,1043272,3,48640,43520,NaN,NaN
2026-04-01 11:19:22.623,38964,ESTAB,cubic,224,22.566,7.004,20.496,1448,10,14480,NaN,2883,2883,408,NaN,4,6,2,1,NaN,NaN,10266488,1043272,3,48640,43520,NaN,NaN
2026-04-01 11:19:22.866,38964,ESTAB,cubic,224,22.566,7.004,20.496,1448,10,14480,NaN,2883,2883,408,NaN,4,6,2,1,NaN,NaN,10266488,1043272,3,48640,43520,NaN,NaN
2026-04-01 11:19:23.111,38964,ESTAB,cubic,224,22.566,7.004,20.496,1448,10,14480,NaN,2883,2883,408,NaN,4,6,2,1,NaN,NaN,10266488,1043272,3,48640,43520,NaN,NaN
2026-04-01 11:19:23.352,38964,ESTAB,cubic,224,22.566,7.004,20.496,1448,10,14480,NaN,2883,2883,408,NaN,4,6,2,1,NaN,NaN,10266488,1043272,3,48640,43520,NaN,NaN
2026-04-01 11:19:23.611,38964,ESTAB,cubic,224,22.566,7.004,20.496,1448,10,14480,NaN,2883,2883,408,NaN,4,6,2,1,NaN,NaN,10266488,1043272,3,48640,43520,NaN,NaN
2026-04-01 11:19:23.862,38964,ESTAB,cubic,224,22.566,7.004,20.496,1448,10,14480,NaN,2883,2883,408,NaN,4,6,2,1,NaN,NaN,10266488,1043272,3,48640,43520,NaN,NaN
2026-04-01 11:19:24.125,38964,ESTAB,cubic,224,22.566,7.004,20.496,1448,10,14480,NaN,2883,2883,408,NaN,4,6,2,1,NaN,NaN,10266488,1043272,3,48640,43520,NaN,NaN
2026-04-01 11:19:24.376,38964,ESTAB,cubic,224,22.566,7.004,20.496,1448,10,14480,NaN,2883,2883,408,NaN,4,6,2,1,NaN,NaN,10266488,1043272,3,48640,43520,NaN,NaN
2026-04-01 11:19:24.627,38964,ESTAB,cubic,224,22.566,7.004,20.496,1448,10,14480,NaN,2883,2883,408,NaN,4,6,2,1,NaN,NaN,10266488,1043272,3,48640,43520,NaN,NaN
2026-04-01 11:19:24.878,38964,ESTAB,cubic,224,22.566,7.004,20.496,1448,10,14480,NaN,2883,2883,408,NaN,4,6,2,1,NaN,NaN,10266488,1043272,3,48640,43520,NaN,NaN
2026-04-01 11:19:25.127,38964,ESTAB,cubic,224,22.566,7.004,20.496,1448,10,14480,NaN,2883,2883,408,NaN,4,6,2,1,NaN,NaN,10266488,1043272,3,48640,43520,NaN,NaN
2026-04-01 11:19:25.377,38964,ESTAB,cubic,224,22.566,7.004,20.496,1448,10,14480,NaN,2883,2883,408,NaN,4,6,2,1,NaN,NaN,10266488,1043272,3,48640,43520,NaN,NaN
2026-04-01 11:19:25.633,38964,ESTAB,cubic,224,22.566,7.004,20.496,1448,10,14480,NaN,2883,2883,408,NaN,4,6,2,1,NaN,NaN,10266488,1043272,3,48640,43520,NaN,NaN
2026-04-01 11:19:25.883,38964,ESTAB,cubic,224,22.566,7.004,20.496,1448,10,14480,NaN,2883,2883,408,NaN,4,6,2,1,NaN,NaN,10266488,1043272,3,48640,43520,NaN,NaN
2026-04-01 11:19:26.116,38964,ESTAB,cubic,224,22.566,7.004,20.496,1448,10,14480,NaN,2883,2883,408,NaN,4,6,2,1,NaN,NaN,10266488,1043272,3,48640,43520,NaN,NaN
2026-04-01 11:19:26.369,38964,ESTAB,cubic,224,22.566,7.004,20.496,1448,10,14480,NaN,2883,2883,408,NaN,4,6,2,1,NaN,NaN,10266488,1043272,3,48640,43520,NaN,NaN
2026-04-01 11:19:26.602,38964,ESTAB,cubic,224,22.566,7.004,20.496,1448,10,14480,NaN,2883,2883,408,NaN,4,6,2,1,NaN,NaN,10266488,1043272,3,48640,43520,NaN,NaN
2026-04-01 11:19:26.846,38964,ESTAB,cubic,224,22.566,7.004,20.496,1448,10,14480,NaN,2883,2883,408,NaN,4,6,2,1,NaN,NaN,10266488,1043272,3,48640,43520,NaN,NaN
2026-04-01 11:19:27.102,38964,ESTAB,cubic,224,22.566,7.004,20.496,1448,10,14480,NaN,2883,2883,408,NaN,4,6,2,1,NaN,NaN,10266488,1043272,3,48640,43520,NaN,NaN
2026-04-01 11:19:27.365,38964,ESTAB,cubic,224,22.566,7.004,20.496,1448,10,14480,NaN,2883,2883,408,NaN,4,6,2,1,NaN,NaN,10266488,1043272,3,48640,43520,NaN,NaN
2026-04-01 11:19:27.611,38964,ESTAB,cubic,224,22.566,7.004,20.496,1448,10,14480,NaN,2883,2883,408,NaN,4,6,2,1,NaN,NaN,10266488,1043272,3,48640,43520,NaN,NaN
2026-04-01 11:19:27.867,38964,ESTAB,cubic,224,22.566,7.004,20.496,1448,10,14480,NaN,2883,2883,408,NaN,4,6,2,1,NaN,NaN,10266488,1043272,3,48640,43520,NaN,NaN
2026-04-01 11:19:28.101,38964,ESTAB,cubic,224,22.566,7.004,20.496,1448,10,14480,NaN,2883,2883,408,NaN,4,6,2,1,NaN,NaN,10266488,1043272,3,48640,43520,NaN,NaN
2026-04-01 11:19:28.350,38964,ESTAB,cubic,224,22.566,7.004,20.496,1448,10,14480,NaN,2883,2883,408,NaN,4,6,2,1,NaN,NaN,10266488,1043272,3,48640,43520,NaN,NaN
2026-04-01 11:19:28.598,38964,ESTAB,cubic,224,22.566,7.004,20.496,1448,10,14480,NaN,2883,2883,408,NaN,4,6,2,1,NaN,NaN,10266488,1043272,3,48640,43520,NaN,NaN
2026-04-01 11:19:28.850,38964,ESTAB,cubic,224,22.566,7.004,20.496,1448,10,14480,NaN,2883,2883,408,NaN,4,6,2,1,NaN,NaN,10266488,1043272,3,48640,43520,NaN,NaN
2026-04-01 11:19:29.101,38964,ESTAB,cubic,224,22.566,7.004,20.496,1448,10,14480,NaN,2883,2883,408,NaN,4,6,2,1,NaN,NaN,10266488,1043272,3,48640,43520,NaN,NaN
2026-04-01 11:19:29.348,38964,ESTAB,cubic,224,22.566,7.004,20.496,1448,10,14480,NaN,2883,2883,408,NaN,4,6,2,1,NaN,NaN,10266488,1043272,3,48640,43520,NaN,NaN
2026-04-01 11:19:29.608,38964,ESTAB,cubic,224,22.566,7.004,20.496,1448,10,14480,NaN,2883,2883,408,NaN,4,6,2,1,NaN,NaN,10266488,1043272,3,48640,43520,NaN,NaN
2026-04-01 11:19:29.852,38964,ESTAB,cubic,224,22.566,7.004,20.496,1448,10,14480,NaN,2883,2883,408,NaN,4,6,2,1,NaN,NaN,10266488,1043272,3,48640,43520,NaN,NaN
2026-04-01 11:19:30.106,38964,ESTAB,cubic,224,22.566,7.004,20.496,1448,10,14480,NaN,2883,2883,408,NaN,4,6,2,1,NaN,NaN,10266488,1043272,3,48640,43520,NaN,NaN
2026-04-01 11:19:30.364,38964,ESTAB,cubic,224,22.566,7.004,20.496,1448,10,14480,NaN,2883,2883,408,NaN,4,6,2,1,NaN,NaN,10266488,1043272,3,48640,43520,NaN,NaN
2026-04-01 11:19:30.612,38964,ESTAB,cubic,224,22.566,7.004,20.496,1448,10,14480,NaN,2883,2883,408,NaN,4,6,2,1,NaN,NaN,10266488,1043272,3,48640,43520,NaN,NaN
2026-04-01 11:19:30.871,38964,ESTAB,cubic,224,22.566,7.004,20.496,1448,10,14480,NaN,2883,2883,408,NaN,4,6,2,1,NaN,NaN,10266488,1043272,3,48640,43520,NaN,NaN
2026-04-01 11:19:31.115,38964,ESTAB,cubic,224,22.566,7.004,20.496,1448,10,14480,NaN,2883,2883,408,NaN,4,6,2,1,NaN,NaN,10266488,1043272,3,48640,43520,NaN,NaN
2026-04-01 11:19:31.362,38964,ESTAB,cubic,224,22.566,7.004,20.496,1448,10,14480,NaN,2883,2883,408,NaN,4,6,2,1,NaN,NaN,10266488,1043272,3,48640,43520,NaN,NaN
2026-04-01 11:19:31.617,38964,ESTAB,cubic,224,22.566,7.004,20.496,1448,10,14480,NaN,2883,2883,408,NaN,4,6,2,1,NaN,NaN,10266488,1043272,3,48640,43520,NaN,NaN
2026-04-01 11:19:31.861,38964,ESTAB,cubic,224,22.566,7.004,20.496,1448,10,14480,NaN,2883,2883,408,NaN,4,6,2,1,NaN,NaN,10266488,1043272,3,48640,43520,NaN,NaN
2026-04-01 11:19:32.105,38964,ESTAB,cubic,224,22.566,7.004,20.496,1448,10,14480,NaN,2883,2883,408,NaN,5,7,2,1,NaN,NaN,10266488,1043272,3,48640,43520,NaN,NaN
2026-04-01 11:19:32.354,38964,ESTAB,cubic,224,22.566,7.004,20.496,1448,10,14480,NaN,2883,2883,408,NaN,5,7,2,1,NaN,NaN,10266488,1043272,3,48640,43520,NaN,NaN
2026-04-01 11:19:32.608,38964,ESTAB,cubic,224,22.566,7.004,20.496,1448,10,14480,NaN,2883,2883,408,NaN,5,7,2,1,NaN,NaN,10266488,1043272,3,48640,43520,NaN,NaN
2026-04-01 11:19:32.872,38964,ESTAB,cubic,224,22.566,7.004,20.496,1448,10,14480,NaN,2883,2883,408,NaN,5,7,2,1,NaN,NaN,10266488,1043272,3,48640,43520,NaN,NaN
2026-04-01 11:19:33.135,38964,ESTAB,cubic,224,22.566,7.004,20.496,1448,10,14480,NaN,2883,2883,408,NaN,5,7,2,1,NaN,NaN,10266488,1043272,3,48640,43520,NaN,NaN
2026-04-01 11:19:33.372,38964,ESTAB,cubic,224,22.566,7.004,20.496,1448,10,14480,NaN,2883,2883,408,NaN,5,7,2,1,NaN,NaN,10266488,1043272,3,48640,43520,NaN,NaN
2026-04-01 11:19:33.620,38964,ESTAB,cubic,224,22.566,7.004,20.496,1448,10,14480,NaN,2883,2883,408,NaN,5,7,2,1,NaN,NaN,10266488,1043272,3,48640,43520,NaN,NaN
2026-04-01 11:19:33.868,38964,ESTAB,cubic,224,22.566,7.004,20.496,1448,10,14480,NaN,2883,2883,408,NaN,5,7,2,1,NaN,NaN,10266488,1043272,3,48640,43520,NaN,NaN
2026-04-01 11:19:34.123,38964,ESTAB,cubic,224,22.566,7.004,20.496,1448,10,14480,NaN,2883,2883,408,NaN,5,7,2,1,NaN,NaN,10266488,1043272,3,48640,43520,NaN,NaN
2026-04-01 11:19:34.367,38964,ESTAB,cubic,224,22.566,7.004,20.496,1448,10,14480,NaN,2883,2883,408,NaN,5,7,2,1,NaN,NaN,10266488,1043272,3,48640,43520,NaN,NaN
2026-04-01 11:19:34.612,38964,ESTAB,cubic,224,22.566,7.004,20.496,1448,10,14480,NaN,2883,2883,408,NaN,5,7,2,1,NaN,NaN,10266488,1043272,3,48640,43520,NaN,NaN
2026-04-01 11:19:34.867,38964,ESTAB,cubic,224,22.566,7.004,20.496,1448,10,14480,NaN,2883,2883,408,NaN,5,7,2,1,NaN,NaN,10266488,1043272,3,48640,43520,NaN,NaN
2026-04-01 11:19:35.110,38964,ESTAB,cubic,224,22.566,7.004,20.496,1448,10,14480,NaN,2883,2883,408,NaN,5,7,2,1,NaN,NaN,10266488,1043272,3,48640,43520,NaN,NaN
2026-04-01 11:19:35.337,38964,ESTAB,cubic,224,22.566,7.004,20.496,1448,10,14480,NaN,2883,2883,408,NaN,5,7,2,1,NaN,NaN,10266488,1043272,3,48640,43520,NaN,NaN
2026-04-01 11:19:35.578,38964,ESTAB,cubic,224,22.566,7.004,20.496,1448,10,14480,NaN,2883,2883,408,NaN,5,7,2,1,NaN,NaN,10266488,1043272,3,48640,43520,NaN,NaN
2026-04-01 11:19:35.823,38964,ESTAB,cubic,224,22.566,7.004,20.496,1448,10,14480,NaN,2883,2883,408,NaN,5,7,2,1,NaN,NaN,10266488,1043272,3,48640,43520,NaN,NaN
2026-04-01 11:19:36.065,38964,ESTAB,cubic,224,22.566,7.004,20.496,1448,10,14480,NaN,2883,2883,408,NaN,5,7,2,1,NaN,NaN,10266488,1043272,3,48640,43520,NaN,NaN
2026-04-01 11:19:36.310,38964,ESTAB,cubic,224,22.566,7.004,20.496,1448,10,14480,NaN,2883,2883,408,NaN,5,7,2,1,NaN,NaN,10266488,1043272,3,48640,43520,NaN,NaN
2026-04-01 11:19:36.554,38964,ESTAB,cubic,224,22.566,7.004,20.496,1448,10,14480,NaN,2883,2883,408,NaN,5,7,2,1,NaN,NaN,10266488,1043272,3,48640,43520,NaN,NaN
2026-04-01 11:19:36.807,38964,ESTAB,cubic,224,22.566,7.004,20.496,1448,10,14480,NaN,2883,2883,408,NaN,5,7,2,1,NaN,NaN,10266488,1043272,3,48640,43520,NaN,NaN
2026-04-01 11:19:37.066,38964,ESTAB,cubic,224,22.566,7.004,20.496,1448,10,14480,NaN,2883,2883,408,NaN,5,7,2,1,NaN,NaN,10266488,1043272,3,48640,43520,NaN,NaN
2026-04-01 11:19:37.320,38964,ESTAB,cubic,224,22.566,7.004,20.496,1448,10,14480,NaN,2883,2883,408,NaN,5,7,2,1,NaN,NaN,10266488,1043272,3,48640,43520,NaN,NaN
2026-04-01 11:19:37.557,38964,ESTAB,cubic,224,22.566,7.004,20.496,1448,10,14480,NaN,2883,2883,408,NaN,5,7,2,1,NaN,NaN,10266488,1043272,3,48640,43520,NaN,NaN
2026-04-01 11:19:37.806,38964,ESTAB,cubic,224,22.566,7.004,20.496,1448,10,14480,NaN,2883,2883,408,NaN,5,7,2,1,NaN,NaN,10266488,1043272,3,48640,43520,NaN,NaN
2026-04-01 11:19:38.062,38964,ESTAB,cubic,224,22.566,7.004,20.496,1448,10,14480,NaN,2883,2883,408,NaN,5,7,2,1,NaN,NaN,10266488,1043272,3,48640,43520,NaN,NaN
2026-04-01 11:19:38.322,38964,ESTAB,cubic,224,22.566,7.004,20.496,1448,10,14480,NaN,2883,2883,408,NaN,5,7,2,1,NaN,NaN,10266488,1043272,3,48640,43520,NaN,NaN
2026-04-01 11:19:38.580,38964,ESTAB,cubic,224,22.566,7.004,20.496,1448,10,14480,NaN,2883,2883,408,NaN,5,7,2,1,NaN,NaN,10266488,1043272,3,48640,43520,NaN,NaN
2026-04-01 11:19:38.824,38964,ESTAB,cubic,224,22.566,7.004,20.496,1448,10,14480,NaN,2883,2883,408,NaN,5,7,2,1,NaN,NaN,10266488,1043272,3,48640,43520,NaN,NaN
2026-04-01 11:19:39.080,38964,ESTAB,cubic,224,22.566,7.004,20.496,1448,10,14480,NaN,2883,2883,408,NaN,5,7,2,1,NaN,NaN,10266488,1043272,3,48640,43520,NaN,NaN
2026-04-01 11:19:39.339,38964,ESTAB,cubic,224,22.566,7.004,20.496,1448,10,14480,NaN,2883,2883,408,NaN,5,7,2,1,NaN,NaN,10266488,1043272,3,48640,43520,NaN,NaN
2026-04-01 11:19:39.584,38964,ESTAB,cubic,224,22.566,7.004,20.496,1448,10,14480,NaN,2883,2883,408,NaN,5,7,2,1,NaN,NaN,10266488,1043272,3,48640,43520,NaN,NaN
2026-04-01 11:19:39.837,38964,ESTAB,cubic,224,22.566,7.004,20.496,1448,10,14480,NaN,2883,2883,408,NaN,5,7,2,1,NaN,NaN,10266488,1043272,3,48640,43520,NaN,NaN
2026-04-01 11:19:40.094,38964,ESTAB,cubic,224,22.566,7.004,20.496,1448,10,14480,NaN,2883,2883,408,NaN,5,7,2,1,NaN,NaN,10266488,1043272,3,48640,43520,NaN,NaN
2026-04-01 11:19:40.344,38964,ESTAB,cubic,224,22.566,7.004,20.496,1448,10,14480,NaN,2883,2883,408,NaN,5,7,2,1,NaN,NaN,10266488,1043272,3,48640,43520,NaN,NaN
2026-04-01 11:19:40.606,38964,ESTAB,cubic,224,22.566,7.004,20.496,1448,10,14480,NaN,2883,2883,408,NaN,5,7,2,1,NaN,NaN,10266488,1043272,3,48640,43520,NaN,NaN
2026-04-01 11:19:40.851,38964,ESTAB,cubic,224,22.566,7.004,20.496,1448,10,14480,NaN,2883,2883,408,NaN,5,7,2,1,NaN,NaN,10266488,1043272,3,48640,43520,NaN,NaN
2026-04-01 11:19:41.107,38964,ESTAB,cubic,224,22.566,7.004,20.496,1448,10,14480,NaN,2883,2883,408,NaN,5,7,2,1,NaN,NaN,10266488,1043272,3,48640,43520,NaN,NaN
2026-04-01 11:19:41.355,38964,ESTAB,cubic,224,22.566,7.004,20.496,1448,10,14480,NaN,2883,2883,408,NaN,5,7,2,1,NaN,NaN,10266488,1043272,3,48640,43520,NaN,NaN
2026-04-01 11:19:41.595,38964,ESTAB,cubic,224,22.566,7.004,20.496,1448,10,14480,NaN,2883,2883,408,NaN,5,7,2,1,NaN,NaN,10266488,1043272,3,48640,43520,NaN,NaN
2026-04-01 11:19:41.843,38964,ESTAB,cubic,224,22.566,7.004,20.496,1448,10,14480,NaN,2883,2883,408,NaN,5,7,2,1,NaN,NaN,10266488,1043272,3,48640,43520,NaN,NaN
2026-04-01 11:19:42.103,38964,ESTAB,cubic,224,22.566,7.004,20.496,1448,10,14480,NaN,2883,2883,408,NaN,5,7,2,1,NaN,NaN,10266488,1043272,3,48640,43520,NaN,NaN
2026-04-01 11:19:42.362,38964,ESTAB,cubic,224,22.566,7.004,20.496,1448,10,14480,NaN,2883,2883,408,NaN,5,7,2,1,NaN,NaN,10266488,1043272,3,48640,43520,NaN,NaN
2026-04-01 11:19:42.621,38964,ESTAB,cubic,224,22.566,7.004,20.496,1448,10,14480,NaN,2883,2883,408,NaN,5,7,2,1,NaN,NaN,10266488,1043272,3,48640,43520,NaN,NaN
2026-04-01 11:19:42.878,38964,ESTAB,cubic,224,22.566,7.004,20.496,1448,10,14480,NaN,2883,2883,408,NaN,5,7,2,1,NaN,NaN,10266488,1043272,3,48640,43520,NaN,NaN
2026-04-01 11:19:43.123,38964,ESTAB,cubic,224,22.566,7.004,20.496,1448,10,14480,NaN,2883,2883,408,NaN,5,7,2,1,NaN,NaN,10266488,1043272,3,48640,43520,NaN,NaN
2026-04-01 11:19:43.373,38964,ESTAB,cubic,224,22.566,7.004,20.496,1448,10,14480,NaN,2883,2883,408,NaN,5,7,2,1,NaN,NaN,10266488,1043272,3,48640,43520,NaN,NaN
2026-04-01 11:19:43.619,38964,ESTAB,cubic,224,22.566,7.004,20.496,1448,10,14480,NaN,2883,2883,408,NaN,5,7,2,1,NaN,NaN,10266488,1043272,3,48640,43520,NaN,NaN
2026-04-01 11:19:43.862,38964,ESTAB,cubic,224,22.566,7.004,20.496,1448,10,14480,NaN,2883,2883,408,NaN,5,7,2,1,NaN,NaN,10266488,1043272,3,48640,43520,NaN,NaN
2026-04-01 11:19:44.127,38964,ESTAB,cubic,224,22.566,7.004,20.496,1448,10,14480,NaN,2883,2883,408,NaN,5,7,2,1,NaN,NaN,10266488,1043272,3,48640,43520,NaN,NaN
2026-04-01 11:19:44.374,38964,ESTAB,cubic,224,22.566,7.004,20.496,1448,10,14480,NaN,2883,2883,408,NaN,5,7,2,1,NaN,NaN,10266488,1043272,3,48640,43520,NaN,NaN
2026-04-01 11:19:44.626,38964,ESTAB,cubic,224,22.566,7.004,20.496,1448,10,14480,NaN,2883,2883,408,NaN,5,7,2,1,NaN,NaN,10266488,1043272,3,48640,43520,NaN,NaN
2026-04-01 11:19:44.874,38964,ESTAB,cubic,224,22.566,7.004,20.496,1448,10,14480,NaN,2883,2883,408,NaN,5,7,2,1,NaN,NaN,10266488,1043272,3,48640,43520,NaN,NaN
2026-04-01 11:19:45.133,38964,ESTAB,cubic,224,22.566,7.004,20.496,1448,10,14480,NaN,2883,2883,408,NaN,5,7,2,1,NaN,NaN,10266488,1043272,3,48640,43520,NaN,NaN
2026-04-01 11:19:45.382,38964,ESTAB,cubic,224,22.566,7.004,20.496,1448,10,14480,NaN,2883,2883,408,NaN,5,7,2,1,NaN,NaN,10266488,1043272,3,48640,43520,NaN,NaN
2026-04-01 11:19:45.638,38964,ESTAB,cubic,224,22.566,7.004,20.496,1448,10,14480,NaN,2883,2883,408,NaN,5,7,2,1,NaN,NaN,10266488,1043272,3,48640,43520,NaN,NaN
2026-04-01 11:19:45.886,38964,ESTAB,cubic,224,22.566,7.004,20.496,1448,10,14480,NaN,2883,2883,408,NaN,5,7,2,1,NaN,NaN,10266488,1043272,3,48640,43520,NaN,NaN
2026-04-01 11:19:46.117,38964,ESTAB,cubic,224,22.566,7.004,20.496,1448,10,14480,NaN,2883,2883,408,NaN,5,7,2,1,NaN,NaN,10266488,1043272,3,48640,43520,NaN,NaN
2026-04-01 11:19:46.366,38964,ESTAB,cubic,224,22.566,7.004,20.496,1448,10,14480,NaN,2883,2883,408,NaN,5,7,2,1,NaN,NaN,10266488,1043272,3,48640,43520,NaN,NaN
2026-04-01 11:19:46.625,38964,ESTAB,cubic,224,22.566,7.004,20.496,1448,10,14480,NaN,2883,2883,408,NaN,5,7,2,1,NaN,NaN,10266488,1043272,3,48640,43520,NaN,NaN
2026-04-01 11:19:46.863,38964,ESTAB,cubic,224,22.566,7.004,20.496,1448,10,14480,NaN,2883,2883,408,NaN,5,7,2,1,NaN,NaN,10266488,1043272,3,48640,43520,NaN,NaN
2026-04-01 11:19:47.097,38964,ESTAB,cubic,224,22.566,7.004,20.496,1448,10,14480,NaN,2883,2883,408,NaN,7,8,2,1,NaN,NaN,10266488,1043272,3,48640,43520,NaN,NaN
2026-04-01 11:19:47.346,38964,ESTAB,cubic,224,22.566,7.004,20.496,1448,10,14480,NaN,2883,2883,408,NaN,7,9,2,1,NaN,NaN,10266488,1043272,3,48640,43520,NaN,NaN
2026-04-01 11:19:47.592,38964,ESTAB,cubic,224,22.566,7.004,20.496,1448,10,14480,NaN,2883,2883,408,NaN,7,9,2,1,NaN,NaN,10266488,1043272,3,48640,43520,NaN,NaN
2026-04-01 11:19:47.847,38964,ESTAB,cubic,224,22.566,7.004,20.496,1448,10,14480,NaN,2883,2883,408,NaN,7,9,2,1,NaN,NaN,10266488,1043272,3,48640,43520,NaN,NaN
2026-04-01 11:19:48.105,38964,ESTAB,cubic,224,22.566,7.004,20.496,1448,10,14480,NaN,2883,2883,408,NaN,7,9,2,1,NaN,NaN,10266488,1043272,3,48640,43520,NaN,NaN
2026-04-01 11:19:48.367,38964,ESTAB,cubic,224,22.566,7.004,20.496,1448,10,14480,NaN,2883,2883,408,NaN,7,9,2,1,NaN,NaN,10266488,1043272,3,48640,43520,NaN,NaN
2026-04-01 11:19:48.611,38964,ESTAB,cubic,224,22.566,7.004,20.496,1448,10,14480,NaN,2883,2883,408,NaN,7,9,2,1,NaN,NaN,10266488,1043272,3,48640,43520,NaN,NaN
2026-04-01 11:19:48.856,38964,ESTAB,cubic,224,22.566,7.004,20.496,1448,10,14480,NaN,2883,2883,408,NaN,7,9,2,1,NaN,NaN,10266488,1043272,3,48640,43520,NaN,NaN
2026-04-01 11:19:49.110,38964,ESTAB,cubic,224,22.566,7.004,20.496,1448,10,14480,NaN,2883,2883,408,NaN,7,9,2,1,NaN,NaN,10266488,1043272,3,48640,43520,NaN,NaN
2026-04-01 11:19:49.344,38964,ESTAB,cubic,224,22.566,7.004,20.496,1448,10,14480,NaN,2883,2883,408,NaN,7,9,2,1,NaN,NaN,10266488,1043272,3,48640,43520,NaN,NaN
2026-04-01 11:19:49.576,38964,ESTAB,cubic,224,22.566,7.004,20.496,1448,10,14480,NaN,2883,2883,408,NaN,7,9,2,1,NaN,NaN,10266488,1043272,3,48640,43520,NaN,NaN
2026-04-01 11:19:49.817,38964,ESTAB,cubic,224,22.566,7.004,20.496,1448,10,14480,NaN,2883,2883,408,NaN,7,9,2,1,NaN,NaN,10266488,1043272,3,48640,43520,NaN,NaN
2026-04-01 11:19:50.065,38964,ESTAB,cubic,224,22.566,7.004,20.496,1448,10,14480,NaN,2883,2883,408,NaN,7,9,2,1,NaN,NaN,10266488,1043272,3,48640,43520,NaN,NaN
2026-04-01 11:19:50.307,38964,ESTAB,cubic,224,22.566,7.004,20.496,1448,10,14480,NaN,2883,2883,408,NaN,7,9,2,1,NaN,NaN,10266488,1043272,3,48640,43520,NaN,NaN
2026-04-01 11:19:50.554,38964,ESTAB,cubic,224,22.566,7.004,20.496,1448,10,14480,NaN,2883,2883,408,NaN,7,9,2,1,NaN,NaN,10266488,1043272,3,48640,43520,NaN,NaN
2026-04-01 11:19:50.816,38964,ESTAB,cubic,224,22.566,7.004,20.496,1448,10,14480,NaN,2883,2883,408,NaN,7,9,2,1,NaN,NaN,10266488,1043272,3,48640,43520,NaN,NaN
2026-04-01 11:19:51.073,38964,ESTAB,cubic,224,22.566,7.004,20.496,1448,10,14480,NaN,2883,2883,408,NaN,7,9,2,1,NaN,NaN,10266488,1043272,3,48640,43520,NaN,NaN
2026-04-01 11:19:51.333,38964,ESTAB,cubic,224,22.566,7.004,20.496,1448,10,14480,NaN,2883,2883,408,NaN,7,9,2,1,NaN,NaN,10266488,1043272,3,48640,43520,NaN,NaN
2026-04-01 11:19:51.587,38964,ESTAB,cubic,224,22.566,7.004,20.496,1448,10,14480,NaN,2883,2883,408,NaN,7,9,2,1,NaN,NaN,10266488,1043272,3,48640,43520,NaN,NaN
2026-04-01 11:19:51.850,38964,ESTAB,cubic,224,22.566,7.004,20.496,1448,10,14480,NaN,2883,2883,408,NaN,7,9,2,1,NaN,NaN,10266488,1043272,3,48640,43520,NaN,NaN
2026-04-01 11:19:52.116,38964,ESTAB,cubic,224,22.566,7.004,20.496,1448,10,14480,NaN,2883,2883,408,NaN,7,9,2,1,NaN,NaN,10266488,1043272,3,48640,43520,NaN,NaN
2026-04-01 11:19:52.365,38964,ESTAB,cubic,224,22.566,7.004,20.496,1448,10,14480,NaN,2883,2883,408,NaN,7,9,2,1,NaN,NaN,10266488,1043272,3,48640,43520,NaN,NaN
2026-04-01 11:19:52.628,38964,ESTAB,cubic,224,22.566,7.004,20.496,1448,10,14480,NaN,2883,2883,408,NaN,7,9,2,1,NaN,NaN,10266488,1043272,3,48640,43520,NaN,NaN
2026-04-01 11:19:52.883,38964,ESTAB,cubic,232,30.454,0.098,20.131,1448,36,52128,NaN,184691,160075,1230,NaN,133,66,128,3,NaN,NaN,27387024,6693528,112,113664,43520,17,282360
2026-04-01 11:19:53.132,38964,ESTAB,cubic,232,29.492,0.245,20.131,1448,36,52128,NaN,394651,368587,1230,NaN,278,138,273,3,NaN,NaN,28279760,6672592,256,113664,43520,18,185344
2026-04-01 11:19:53.380,38964,ESTAB,cubic,232,30.269,0.399,20.131,1448,36,52128,52128,600267,577099,1230,NaN,420,210,415,3,NaN,NaN,16532440,6680504,400,113664,43520,16,205616
2026-04-01 11:19:53.628,38964,ESTAB,cubic,232,29.97,0.798,20.131,1448,36,52128,52128,804435,785611,1230,NaN,561,282,556,3,NaN,NaN,16697584,6689424,544,113664,43520,13,39897
2026-04-01 11:19:53.888,38964,ESTAB,cubic,236,34.18,10.703,20.131,1448,36,52128,52128,844332,844332,1230,NaN,589,303,584,3,NaN,NaN,14640656,2375808,585,113664,43520,NaN,NaN
2026-04-01 11:19:54.128,38964,ESTAB,cubic,236,34.18,10.703,20.131,1448,36,52128,52128,844332,844332,1230,NaN,589,303,584,3,NaN,NaN,14640656,2375808,585,113664,43520,NaN,NaN
2026-04-01 11:19:54.367,38964,ESTAB,cubic,236,34.18,10.703,20.131,1448,36,52128,52128,844332,844332,1230,NaN,589,303,584,3,NaN,NaN,14640656,2375808,585,113664,43520,NaN,NaN
2026-04-01 11:19:54.621,38964,ESTAB,cubic,236,34.18,10.703,20.131,1448,36,52128,52128,844332,844332,1230,NaN,589,303,584,3,NaN,NaN,14640656,2375808,585,113664,43520,NaN,NaN
2026-04-01 11:19:54.868,38964,ESTAB,cubic,232,28.703,0.04,20.13,1448,36,52128,52128,990319,965703,2054,NaN,690,348,685,5,NaN,NaN,17434720,6694656,669,113664,43520,17,205616
2026-04-01 11:19:55.129,38964,ESTAB,cubic,232,28.88,0.253,20.13,1448,36,52128,52128,1210415,1185799,2054,NaN,842,424,837,5,NaN,NaN,17327712,6684360,821,113664,43520,17,211408
2026-04-01 11:19:55.369,38964,ESTAB,cubic,232,29.188,0.504,20.13,1448,36,52128,52128,1411687,1388519,2054,NaN,981,494,976,5,NaN,NaN,17144504,6695736,961,113664,43520,16,236024
2026-04-01 11:19:55.617,38964,ESTAB,cubic,232,29.878,0.421,20.13,1448,36,52128,52128,1620199,1594135,2054,NaN,1125,565,1120,5,NaN,NaN,16748648,6687736,1103,113664,43520,18,55210
2026-04-01 11:19:55.865,38964,ESTAB,cubic,236,34.967,11.501,20.13,1448,36,52128,52128,1675409,1675409,2054,NaN,1164,594,1159,5,NaN,NaN,14311248,2630544,1160,114176,43520,NaN,NaN
2026-04-01 11:19:56.112,38964,ESTAB,cubic,236,34.967,11.501,20.13,1448,36,52128,52128,1675409,1675409,2054,NaN,1164,594,1159,5,NaN,NaN,14311248,2630544,1160,114176,43520,NaN,NaN
2026-04-01 11:19:56.362,38964,ESTAB,cubic,236,34.967,11.501,20.13,1448,36,52128,52128,1675409,1675409,2054,NaN,1164,594,1159,5,NaN,NaN,14311248,2630544,1160,114176,43520,NaN,NaN
2026-04-01 11:19:56.617,38964,ESTAB,cubic,236,34.967,11.501,20.13,1448,10,14480,52128,1676465,1675409,2460,NaN,1165,595,1160,6,NaN,NaN,14311248,2630544,1160,114176,43520,1,NaN
2026-04-01 11:19:56.873,38964,ESTAB,cubic,232,28.844,0.236,20.13,1448,36,52128,52128,1793385,1770217,4500,NaN,1247,632,1242,11,NaN,NaN,17349112,6679648,1227,113664,43520,16,236024
2026-04-01 11:19:57.124,38964,ESTAB,cubic,232,29.722,0.488,20.13,1448,36,52128,52128,2004793,1981625,4500,NaN,1393,705,1388,11,NaN,NaN,16836768,6722288,1373,113664,43520,16,111730
2026-04-01 11:19:57.359,38964,ESTAB,cubic,232,29.677,1.876,20.13,1448,36,52128,52128,2118635,2117579,5312,NaN,1473,754,1468,13,NaN,NaN,16862080,6303784,1468,113664,43520,1,NaN
2026-04-01 11:19:57.604,38964,ESTAB,cubic,236,32.268,10.171,20.13,1448,36,52128,52128,2120747,2119691,6124,NaN,1475,758,1470,15,NaN,NaN,15508456,6303784,1470,113664,43520,1,NaN
2026-04-01 11:19:57.846,38964,ESTAB,cubic,236,35.941,14.974,20.13,1448,36,52128,52128,2120747,2120747,6124,NaN,1475,759,1470,15,NaN,NaN,13923472,6303784,1471,113664,43520,NaN,NaN
2026-04-01 11:19:58.104,38964,ESTAB,cubic,240,37.628,18.564,20.13,1448,18,26064,52128,2122859,2122859,6936,NaN,1477,763,1472,17,NaN,NaN,6649640,6303784,1473,113664,43520,NaN,NaN
2026-04-01 11:19:58.368,38964,ESTAB,cubic,232,31.036,8.955,20.13,1448,18,26064,52128,2130251,2129195,9778,NaN,1484,771,1479,24,NaN,NaN,8061936,6303784,1479,113664,43520,1,NaN
2026-04-01 11:19:58.624,38964,ESTAB,cubic,228,27.844,3.878,20.13,1448,18,26064,52128,2139755,2138699,13432,NaN,1493,780,1488,33,NaN,NaN,8986288,6303784,1488,113664,43520,1,NaN
2026-04-01 11:19:58.870,38964,ESTAB,cubic,228,26.293,2.691,20.13,1448,18,26064,52128,2146862,2146862,15464,NaN,1499,786,1494,38,NaN,NaN,9516112,6303784,1495,113664,43520,NaN,NaN
2026-04-01 11:19:59.114,38964,ESTAB,cubic,228,26.293,2.691,20.13,1448,18,26064,52128,2146862,2146862,15464,NaN,1499,786,1494,38,NaN,NaN,9516112,6303784,1495,113664,43520,NaN,NaN
2026-04-01 11:19:59.369,38964,ESTAB,cubic,228,26.293,2.691,20.13,1448,18,26064,52128,2146862,2146862,15464,NaN,1499,786,1494,38,NaN,NaN,9516112,6303784,1495,113664,43520,NaN,NaN
2026-04-01 11:19:59.643,38964,ESTAB,cubic,228,26.293,2.691,20.13,1448,18,26064,52128,2146862,2146862,15464,NaN,1499,786,1494,38,NaN,NaN,9516112,6303784,1495,113664,43520,NaN,NaN
2026-04-01 11:19:59.883,38964,ESTAB,cubic,228,26.293,2.691,20.13,1448,18,26064,52128,2146862,2146862,15464,NaN,1499,786,1494,38,NaN,NaN,9516112,6303784,1495,113664,43520,NaN,NaN
2026-04-01 11:20:00.112,38964,ESTAB,cubic,228,26.293,2.691,20.13,1448,18,26064,52128,2146862,2146862,15464,NaN,1499,786,1494,38,NaN,NaN,9516112,6303784,1495,113664,43520,NaN,NaN
2026-04-01 11:20:00.356,38964,ESTAB,cubic,228,26.293,2.691,20.13,1448,18,26064,52128,2146862,2146862,15464,NaN,1499,786,1494,38,NaN,NaN,9516112,6303784,1495,113664,43520,NaN,NaN
2026-04-01 11:20:00.630,38964,ESTAB,cubic,228,26.293,2.691,20.13,1448,18,26064,52128,2146862,2146862,15464,NaN,1499,786,1494,38,NaN,NaN,9516112,6303784,1495,113664,43520,NaN,NaN
2026-04-01 11:20:00.891,38964,ESTAB,cubic,228,25.752,2.742,20.13,1448,10,14480,52128,2149745,2149745,15872,NaN,1501,788,1496,39,NaN,NaN,8996576,6303784,1497,113664,43520,NaN,NaN
2026-04-01 11:20:01.141,38964,ESTAB,cubic,228,25.752,2.742,20.13,1448,10,14480,52128,2149745,2149745,15872,NaN,1501,788,1496,39,NaN,NaN,8996576,6303784,1497,113664,43520,NaN,NaN
2026-04-01 11:20:01.385,38964,ESTAB,cubic,228,25.752,2.742,20.13,1448,10,14480,52128,2149745,2149745,15872,NaN,1501,788,1496,39,NaN,NaN,8996576,6303784,1497,113664,43520,NaN,NaN
2026-04-01 11:20:01.637,38964,ESTAB,cubic,228,25.752,2.742,20.13,1448,10,14480,52128,2149745,2149745,15872,NaN,1501,788,1496,39,NaN,NaN,8996576,6303784,1497,113664,43520,NaN,NaN
2026-04-01 11:20:01.896,38964,ESTAB,cubic,228,25.752,2.742,20.13,1448,10,14480,52128,2149745,2149745,15872,NaN,1501,788,1496,39,NaN,NaN,8996576,6303784,1497,113664,43520,NaN,NaN
2026-04-01 11:20:02.138,38964,ESTAB,cubic,228,25.752,2.742,20.13,1448,10,14480,52128,2149745,2149745,15872,NaN,1501,788,1496,39,NaN,NaN,8996576,6303784,1497,113664,43520,NaN,NaN
2026-04-01 11:20:02.380,38964,ESTAB,cubic,228,25.752,2.742,20.13,1448,10,14480,52128,2149745,2149745,15872,NaN,1501,788,1496,39,NaN,NaN,8996576,6303784,1497,113664,43520,NaN,NaN
2026-04-01 11:20:02.644,38964,ESTAB,cubic,228,25.752,2.742,20.13,1448,10,14480,52128,2149745,2149745,15872,NaN,1501,788,1496,39,NaN,NaN,8996576,6303784,1497,113664,43520,NaN,NaN
2026-04-01 11:20:02.901,38964,ESTAB,cubic,232,28.147,1.185,20.13,1448,36,52128,52128,2228745,2205577,16694,NaN,1556,809,1551,41,NaN,NaN,17778872,6680288,1536,113664,43520,16,175457
2026-04-01 11:20:03.149,38964,ESTAB,cubic,232,29.497,1.198,20.13,1448,36,52128,52128,2405258,2404202,17100,NaN,1679,879,1674,42,NaN,NaN,16964976,5207288,1674,113664,43520,1,NaN
2026-04-01 11:20:03.398,38964,ESTAB,cubic,236,33.537,8.977,20.13,1448,36,52128,52128,2405258,2405258,17100,NaN,1679,880,1674,42,NaN,NaN,14921520,5207288,1675,113664,43520,NaN,NaN
2026-04-01 11:20:03.650,38964,ESTAB,cubic,236,33.537,8.977,20.13,1448,36,52128,52128,2405258,2405258,17100,NaN,1679,880,1674,42,NaN,NaN,14921520,5207288,1675,113664,43520,NaN,NaN
2026-04-01 11:20:03.909,38964,ESTAB,cubic,236,33.537,8.977,20.13,1448,36,52128,52128,2405258,2405258,17100,NaN,1679,880,1674,42,NaN,NaN,14921520,5207288,1675,113664,43520,NaN,NaN
2026-04-01 11:20:04.151,38964,ESTAB,cubic,236,33.537,8.977,20.13,1448,36,52128,52128,2405258,2405258,17100,NaN,1679,880,1674,42,NaN,NaN,14921520,5207288,1675,113664,43520,NaN,NaN
2026-04-01 11:20:04.395,38964,ESTAB,cubic,232,30.8,7.059,20.13,1448,10,14480,52128,2409482,2408426,18724,NaN,1683,885,1678,46,NaN,NaN,7521888,5207288,1678,113664,43520,1,NaN
2026-04-01 11:20:04.652,38964,ESTAB,cubic,228,27.958,2.5,20.13,1448,10,14480,52128,2418986,2417930,22378,NaN,1692,894,1687,55,NaN,NaN,8286560,5207288,1687,113664,43520,1,NaN
2026-04-01 11:20:04.899,38964,ESTAB,cubic,236,32.393,10.454,20.13,1448,10,14480,52128,2425322,2425322,24814,NaN,1698,901,1693,61,NaN,NaN,7152104,5207288,1694,113664,43520,NaN,NaN
2026-04-01 11:20:05.147,38964,ESTAB,cubic,236,32.393,10.454,20.13,1448,10,14480,52128,2425322,2425322,24814,NaN,1698,901,1693,61,NaN,NaN,7152104,5207288,1694,113664,43520,NaN,NaN
2026-04-01 11:20:05.396,38964,ESTAB,cubic,236,32.393,10.454,20.13,1448,10,14480,52128,2425322,2425322,24814,NaN,1698,901,1693,61,NaN,NaN,7152104,5207288,1694,113664,43520,NaN,NaN
2026-04-01 11:20:05.641,38964,ESTAB,cubic,236,32.393,10.454,20.13,1448,10,14480,52128,2425322,2425322,24814,NaN,1698,901,1693,61,NaN,NaN,7152104,5207288,1694,113664,43520,NaN,NaN
2026-04-01 11:20:05.903,38964,ESTAB,cubic,236,32.393,10.454,20.13,1448,10,14480,52128,2425322,2425322,24814,NaN,1698,901,1693,61,NaN,NaN,7152104,5207288,1694,113664,43520,NaN,NaN
2026-04-01 11:20:06.163,38964,ESTAB,cubic,236,32.393,10.454,20.13,1448,10,14480,52128,2425322,2425322,24814,NaN,1698,901,1693,61,NaN,NaN,7152104,5207288,1694,113664,43520,NaN,NaN
2026-04-01 11:20:06.415,38964,ESTAB,cubic,236,32.393,10.454,20.13,1448,10,14480,52128,2425322,2425322,24814,NaN,1698,901,1693,61,NaN,NaN,7152104,5207288,1694,113664,43520,NaN,NaN
2026-04-01 11:20:06.662,38964,ESTAB,cubic,236,32.393,10.454,20.13,1448,10,14480,52128,2425322,2425322,24814,NaN,1698,901,1693,61,NaN,NaN,7152104,5207288,1694,113664,43520,NaN,NaN
2026-04-01 11:20:06.923,38964,ESTAB,cubic,232,29.743,10.13,20.13,1448,10,14480,52128,2428205,2428205,25222,NaN,1700,904,1695,62,NaN,NaN,7789328,5207288,1696,112128,43520,NaN,NaN
2026-04-01 11:20:07.181,38964,ESTAB,cubic,232,29.743,10.13,20.13,1448,10,14480,52128,2428205,2428205,25222,NaN,1700,904,1695,62,NaN,NaN,7789328,5207288,1696,112128,43520,NaN,NaN
2026-04-01 11:20:07.423,38964,ESTAB,cubic,232,29.743,10.13,20.13,1448,10,14480,52128,2428205,2428205,25222,NaN,1700,904,1695,62,NaN,NaN,7789328,5207288,1696,112128,43520,NaN,NaN
2026-04-01 11:20:07.672,38964,ESTAB,cubic,232,29.743,10.13,20.13,1448,10,14480,52128,2428205,2428205,25222,NaN,1700,904,1695,62,NaN,NaN,7789328,5207288,1696,112128,43520,NaN,NaN
2026-04-01 11:20:07.912,38964,ESTAB,cubic,232,29.743,10.13,20.13,1448,10,14480,52128,2428205,2428205,25222,NaN,1700,904,1695,62,NaN,NaN,7789328,5207288,1696,112128,43520,NaN,NaN
2026-04-01 11:20:08.146,38964,ESTAB,cubic,232,29.743,10.13,20.13,1448,10,14480,52128,2428205,2428205,25222,NaN,1700,904,1695,62,NaN,NaN,7789328,5207288,1696,112128,43520,NaN,NaN
2026-04-01 11:20:08.397,38964,ESTAB,cubic,232,29.743,10.13,20.13,1448,10,14480,52128,2428205,2428205,25222,NaN,1700,904,1695,62,NaN,NaN,7789328,5207288,1696,112128,43520,NaN,NaN
2026-04-01 11:20:08.648,38964,ESTAB,cubic,232,29.743,10.13,20.13,1448,10,14480,52128,2428205,2428205,25222,NaN,1700,904,1695,62,NaN,NaN,7789328,5207288,1696,112128,43520,NaN,NaN
2026-04-01 11:20:08.905,38964,ESTAB,cubic,228,27.72,9.143,20.13,1448,10,14480,52128,2431088,2431088,25630,NaN,1702,907,1697,63,NaN,NaN,8357672,5207288,1698,112128,43520,NaN,NaN
2026-04-01 11:20:09.167,38964,ESTAB,cubic,228,27.72,9.143,20.13,1448,10,14480,52128,2431088,2431088,25630,NaN,1702,907,1697,63,NaN,NaN,8357672,5207288,1698,112128,43520,NaN,NaN
2026-04-01 11:20:09.428,38964,ESTAB,cubic,228,27.72,9.143,20.13,1448,10,14480,52128,2431088,2431088,25630,NaN,1702,907,1697,63,NaN,NaN,8357672,5207288,1698,112128,43520,NaN,NaN
2026-04-01 11:20:09.682,38964,ESTAB,cubic,228,27.72,9.143,20.13,1448,10,14480,52128,2431088,2431088,25630,NaN,1702,907,1697,63,NaN,NaN,8357672,5207288,1698,112128,43520,NaN,NaN
2026-04-01 11:20:09.910,38964,ESTAB,cubic,228,27.72,9.143,20.13,1448,10,14480,52128,2431088,2431088,25630,NaN,1702,907,1697,63,NaN,NaN,8357672,5207288,1698,112128,43520,NaN,NaN
2026-04-01 11:20:10.136,38964,ESTAB,cubic,228,27.72,9.143,20.13,1448,10,14480,52128,2431088,2431088,25630,NaN,1702,907,1697,63,NaN,NaN,8357672,5207288,1698,112128,43520,NaN,NaN
2026-04-01 11:20:10.371,38964,ESTAB,cubic,228,27.72,9.143,20.13,1448,10,14480,52128,2431088,2431088,25630,NaN,1702,907,1697,63,NaN,NaN,8357672,5207288,1698,112128,43520,NaN,NaN
2026-04-01 11:20:10.612,38964,ESTAB,cubic,228,27.72,9.143,20.13,1448,10,14480,52128,2431088,2431088,25630,NaN,1702,907,1697,63,NaN,NaN,8357672,5207288,1698,112128,43520,NaN,NaN
2026-04-01 11:20:10.865,38964,ESTAB,cubic,228,27.72,9.143,20.13,1448,10,14480,52128,2431088,2431088,25630,NaN,1702,907,1697,63,NaN,NaN,8357672,5207288,1698,112128,43520,NaN,NaN
2026-04-01 11:20:11.106,38964,ESTAB,cubic,228,26.353,7.454,20.13,1448,10,14480,52128,2433971,2433971,26038,NaN,1704,910,1699,64,NaN,NaN,8791240,5207288,1700,112128,43520,NaN,NaN
2026-04-01 11:20:11.349,38964,ESTAB,cubic,228,26.353,7.454,20.13,1448,10,14480,52128,2433971,2433971,26038,NaN,1704,910,1699,64,NaN,NaN,8791240,5207288,1700,112128,43520,NaN,NaN
2026-04-01 11:20:11.581,38964,ESTAB,cubic,228,26.353,7.454,20.13,1448,10,14480,52128,2433971,2433971,26038,NaN,1704,910,1699,64,NaN,NaN,8791240,5207288,1700,112128,43520,NaN,NaN
2026-04-01 11:20:11.813,38964,ESTAB,cubic,228,26.353,7.454,20.13,1448,10,14480,52128,2433971,2433971,26038,NaN,1704,910,1699,64,NaN,NaN,8791240,5207288,1700,112128,43520,NaN,NaN
2026-04-01 11:20:12.045,38964,ESTAB,cubic,228,26.353,7.454,20.13,1448,10,14480,52128,2433971,2433971,26038,NaN,1704,910,1699,64,NaN,NaN,8791240,5207288,1700,112128,43520,NaN,NaN
2026-04-01 11:20:12.302,38964,ESTAB,cubic,228,26.353,7.454,20.13,1448,10,14480,52128,2433971,2433971,26038,NaN,1704,910,1699,64,NaN,NaN,8791240,5207288,1700,112128,43520,NaN,NaN
2026-04-01 11:20:12.550,38964,ESTAB,cubic,228,26.353,7.454,20.13,1448,10,14480,52128,2433971,2433971,26038,NaN,1704,910,1699,64,NaN,NaN,8791240,5207288,1700,112128,43520,NaN,NaN
2026-04-01 11:20:12.797,38964,ESTAB,cubic,228,26.353,7.454,20.13,1448,10,14480,52128,2433971,2433971,26038,NaN,1704,910,1699,64,NaN,NaN,8791240,5207288,1700,112128,43520,NaN,NaN
2026-04-01 11:20:13.049,38964,ESTAB,cubic,228,25.113,6.29,20.13,1448,10,14480,52128,2436854,2436854,26446,NaN,1706,913,1701,65,NaN,NaN,9225496,5207288,1702,112128,43520,NaN,NaN
2026-04-01 11:20:13.312,38964,ESTAB,cubic,228,25.113,6.29,20.13,1448,10,14480,52128,2436854,2436854,26446,NaN,1706,913,1701,65,NaN,NaN,9225496,5207288,1702,112128,43520,NaN,NaN
2026-04-01 11:20:13.549,38964,ESTAB,cubic,228,25.113,6.29,20.13,1448,10,14480,52128,2436854,2436854,26446,NaN,1706,913,1701,65,NaN,NaN,9225496,5207288,1702,112128,43520,NaN,NaN
2026-04-01 11:20:13.794,38964,ESTAB,cubic,228,25.113,6.29,20.13,1448,10,14480,52128,2436854,2436854,26446,NaN,1706,913,1701,65,NaN,NaN,9225496,5207288,1702,112128,43520,NaN,NaN
2026-04-01 11:20:14.057,38964,ESTAB,cubic,228,25.113,6.29,20.13,1448,10,14480,52128,2436854,2436854,26446,NaN,1706,913,1701,65,NaN,NaN,9225496,5207288,1702,112128,43520,NaN,NaN
2026-04-01 11:20:14.308,38964,ESTAB,cubic,228,25.113,6.29,20.13,1448,10,14480,52128,2436854,2436854,26446,NaN,1706,913,1701,65,NaN,NaN,9225496,5207288,1702,112128,43520,NaN,NaN
2026-04-01 11:20:14.575,38964,ESTAB,cubic,228,25.113,6.29,20.13,1448,10,14480,52128,2436854,2436854,26446,NaN,1706,913,1701,65,NaN,NaN,9225496,5207288,1702,112128,43520,NaN,NaN
2026-04-01 11:20:14.844,38964,ESTAB,cubic,228,25.113,6.29,20.13,1448,10,14480,52128,2436854,2436854,26446,NaN,1706,913,1701,65,NaN,NaN,9225496,5207288,1702,112128,43520,NaN,NaN
2026-04-01 11:20:15.093,38964,ESTAB,cubic,232,28.486,0.541,20.13,1448,36,52128,52128,2536126,2512958,27268,NaN,1775,942,1770,67,NaN,NaN,17567144,6690152,1755,113664,43520,16,250504
2026-04-01 11:20:15.341,38964,ESTAB,cubic,232,30.262,0.504,20.13,1448,36,52128,52128,2744638,2721470,27268,NaN,1919,1014,1914,67,NaN,NaN,16536056,6686528,1899,113664,43520,16,267880
2026-04-01 11:20:15.601,38964,ESTAB,cubic,232,29.903,0.984,20.13,1448,36,52128,52128,2954598,2932878,27268,NaN,2064,1087,2059,67,NaN,NaN,16735064,6673528,2045,113664,43520,15,283808
2026-04-01 11:20:15.857,38964,ESTAB,cubic,232,29.445,1.079,20.13,1448,36,52128,52128,3174694,3150078,27268,NaN,2216,1162,2211,67,NaN,NaN,16994936,6733656,2195,113664,43520,17,79623
2026-04-01 11:20:16.105,38964,ESTAB,cubic,236,33.726,9.709,20.13,1448,36,52128,52128,3255373,3255373,27674,NaN,2272,1200,2267,68,NaN,NaN,14838064,5514688,2268,113664,43520,NaN,NaN
2026-04-01 11:20:16.351,38964,ESTAB,cubic,232,30.469,8.227,20.13,1448,18,26064,52128,3259597,3258541,29298,NaN,2276,1205,2271,72,NaN,NaN,8211888,5514688,2271,113664,43520,1,NaN
2026-04-01 11:20:16.615,38964,ESTAB,cubic,228,26.907,3.165,20.13,1448,18,26064,52128,3270157,3269101,33358,NaN,2286,1215,2281,82,NaN,NaN,9299224,5514688,2281,113664,43520,1,NaN
2026-04-01 11:20:16.860,38964,ESTAB,cubic,228,26.297,2.174,20.13,1448,18,26064,52128,3280717,3279661,37418,NaN,2296,1225,2291,92,NaN,NaN,9514624,5514688,2291,113664,43520,1,NaN
2026-04-01 11:20:17.104,38964,ESTAB,cubic,232,28.459,0.654,20.13,1448,36,52128,52128,3369733,3343669,39864,NaN,2359,1251,2354,98,NaN,NaN,17584120,6677720,2337,113664,43520,18,264984
2026-04-01 11:20:17.349,38964,ESTAB,cubic,232,29.841,1.024,20.13,1448,36,52128,52128,3571005,3549285,39864,NaN,2498,1322,2493,98,NaN,NaN,16769840,6676896,2479,113664,43520,15,144922
2026-04-01 11:20:17.603,38964,ESTAB,cubic,232,28.958,0.554,20.13,1448,36,52128,52128,3716983,3715927,40270,NaN,2600,1381,2595,99,NaN,NaN,17281040,6694016,2595,113664,43520,1,NaN
2026-04-01 11:20:17.848,38964,ESTAB,cubic,236,32.962,8.423,20.13,1448,36,52128,52128,3716983,3716983,40270,NaN,2600,1382,2595,99,NaN,NaN,15181984,6694016,2596,113664,43520,NaN,NaN
2026-04-01 11:20:18.095,38964,ESTAB,cubic,236,32.962,8.423,20.13,1448,36,52128,52128,3716983,3716983,40270,NaN,2600,1382,2595,99,NaN,NaN,15181984,6694016,2596,113664,43520,NaN,NaN
2026-04-01 11:20:18.352,38964,ESTAB,cubic,236,32.962,8.423,20.13,1448,36,52128,52128,3716983,3716983,40270,NaN,2600,1382,2595,99,NaN,NaN,15181984,6694016,2596,113664,43520,NaN,NaN
2026-04-01 11:20:18.625,38964,ESTAB,cubic,232,28.566,3.423,20.13,1448,10,14480,52128,3726487,3725431,43924,NaN,2609,1392,2604,108,NaN,NaN,8110264,6694016,2604,113664,43520,1,NaN
2026-04-01 11:20:18.878,38964,ESTAB,cubic,228,27.734,1.234,20.13,1448,10,14480,52128,3735991,3734935,47578,NaN,2618,1401,2613,117,NaN,NaN,8353640,6694016,2613,113664,68608,1,NaN
2026-04-01 11:20:19.138,38964,ESTAB,cubic,228,25.397,1.394,20.13,1448,10,14480,52128,3744154,3744154,50016,NaN,2625,1408,2620,123,NaN,NaN,9122112,6694016,2621,113664,86016,NaN,NaN
2026-04-01 11:20:19.398,38964,ESTAB,cubic,228,25.397,1.394,20.13,1448,10,14480,52128,3744154,3744154,50016,NaN,2625,1408,2620,123,NaN,NaN,9122112,6694016,2621,113664,86016,NaN,NaN
2026-04-01 11:20:19.653,38964,ESTAB,cubic,228,25.397,1.394,20.13,1448,10,14480,52128,3744154,3744154,50016,NaN,2625,1408,2620,123,NaN,NaN,9122112,6694016,2621,113664,86016,NaN,NaN
2026-04-01 11:20:19.904,38964,ESTAB,cubic,228,25.397,1.394,20.13,1448,10,14480,52128,3744154,3744154,50016,NaN,2625,1408,2620,123,NaN,NaN,9122112,6694016,2621,113664,86016,NaN,NaN
2026-04-01 11:20:20.138,38964,ESTAB,cubic,228,25.397,1.394,20.13,1448,10,14480,52128,3744154,3744154,50016,NaN,2625,1408,2620,123,NaN,NaN,9122112,6694016,2621,113664,86016,NaN,NaN
2026-04-01 11:20:20.370,38964,ESTAB,cubic,228,25.397,1.394,20.13,1448,10,14480,52128,3744154,3744154,50016,NaN,2625,1408,2620,123,NaN,NaN,9122112,6694016,2621,113664,86016,NaN,NaN
2026-04-01 11:20:20.606,38964,ESTAB,cubic,228,25.397,1.394,20.13,1448,10,14480,52128,3744154,3744154,50016,NaN,2625,1408,2620,123,NaN,NaN,9122112,6694016,2621,113664,86016,NaN,NaN
2026-04-01 11:20:20.834,38964,ESTAB,cubic,228,25.397,1.394,20.13,1448,10,14480,52128,3744154,3744154,50016,NaN,2625,1408,2620,123,NaN,NaN,9122112,6694016,2621,113664,86016,NaN,NaN
2026-04-01 11:20:21.068,38964,ESTAB,cubic,228,24.97,1.457,20.13,1448,10,14480,52128,3747037,3747037,50424,NaN,2627,1410,2622,124,NaN,NaN,9278240,6694016,2623,113664,89088,NaN,NaN
2026-04-01 11:20:21.316,38964,ESTAB,cubic,228,24.97,1.457,20.13,1448,10,14480,52128,3747037,3747037,50424,NaN,2627,1410,2622,124,NaN,NaN,9278240,6694016,2623,113664,89088,NaN,NaN
2026-04-01 11:20:21.553,38964,ESTAB,cubic,228,24.97,1.457,20.13,1448,10,14480,52128,3747037,3747037,50424,NaN,2627,1410,2622,124,NaN,NaN,9278240,6694016,2623,113664,89088,NaN,NaN
2026-04-01 11:20:21.802,38964,ESTAB,cubic,228,24.97,1.457,20.13,1448,10,14480,52128,3747037,3747037,50424,NaN,2627,1410,2622,124,NaN,NaN,9278240,6694016,2623,113664,89088,NaN,NaN
2026-04-01 11:20:22.057,38964,ESTAB,cubic,228,24.97,1.457,20.13,1448,10,14480,52128,3747037,3747037,50424,NaN,2627,1410,2622,124,NaN,NaN,9278240,6694016,2623,113664,89088,NaN,NaN
2026-04-01 11:20:22.308,38964,ESTAB,cubic,228,24.97,1.457,20.13,1448,10,14480,52128,3747037,3747037,50424,NaN,2627,1410,2622,124,NaN,NaN,9278240,6694016,2623,113664,89088,NaN,NaN
2026-04-01 11:20:22.557,38964,ESTAB,cubic,228,24.97,1.457,20.13,1448,10,14480,52128,3747037,3747037,50424,NaN,2627,1410,2622,124,NaN,NaN,9278240,6694016,2623,113664,89088,NaN,NaN
2026-04-01 11:20:22.802,38964,ESTAB,cubic,228,24.97,1.457,20.13,1448,10,14480,52128,3747037,3747037,50424,NaN,2627,1410,2622,124,NaN,NaN,9278240,6694016,2623,113664,89088,NaN,NaN
2026-04-01 11:20:23.034,38964,ESTAB,cubic,228,24.97,1.457,20.13,1448,10,14480,52128,3747037,3747037,50424,NaN,2627,1410,2622,124,NaN,NaN,9278240,6694016,2623,113664,89088,NaN,NaN
2026-04-01 11:20:23.298,38964,ESTAB,cubic,228,24.737,1.47,20.13,1448,10,14480,52128,3749920,3749920,50832,NaN,2629,1412,2624,125,NaN,NaN,9365584,6694016,2625,113664,91648,NaN,NaN
2026-04-01 11:20:23.551,38964,ESTAB,cubic,228,24.737,1.47,20.13,1448,10,14480,52128,3749920,3749920,50832,NaN,2629,1412,2624,125,NaN,NaN,9365584,6694016,2625,113664,91648,NaN,NaN
2026-04-01 11:20:23.789,38964,ESTAB,cubic,228,24.737,1.47,20.13,1448,10,14480,52128,3749920,3749920,50832,NaN,2629,1412,2624,125,NaN,NaN,9365584,6694016,2625,113664,91648,NaN,NaN
2026-04-01 11:20:24.029,38964,ESTAB,cubic,228,24.737,1.47,20.13,1448,10,14480,52128,3749920,3749920,50832,NaN,2629,1412,2624,125,NaN,NaN,9365584,6694016,2625,113664,91648,NaN,NaN
2026-04-01 11:20:24.264,38964,ESTAB,cubic,228,24.737,1.47,20.13,1448,10,14480,52128,3749920,3749920,50832,NaN,2629,1412,2624,125,NaN,NaN,9365584,6694016,2625,113664,91648,NaN,NaN
2026-04-01 11:20:24.499,38964,ESTAB,cubic,228,24.737,1.47,20.13,1448,10,14480,52128,3749920,3749920,50832,NaN,2629,1412,2624,125,NaN,NaN,9365584,6694016,2625,113664,91648,NaN,NaN
2026-04-01 11:20:24.748,38964,ESTAB,cubic,228,24.737,1.47,20.13,1448,10,14480,52128,3749920,3749920,50832,NaN,2629,1412,2624,125,NaN,NaN,9365584,6694016,2625,113664,91648,NaN,NaN
2026-04-01 11:20:24.994,38964,ESTAB,cubic,228,24.737,1.47,20.13,1448,10,14480,52128,3749920,3749920,50832,NaN,2629,1412,2624,125,NaN,NaN,9365584,6694016,2625,113664,91648,NaN,NaN
2026-04-01 11:20:25.233,38964,ESTAB,cubic,228,24.737,1.47,20.13,1448,10,14480,52128,3749920,3749920,50832,NaN,2629,1412,2624,125,NaN,NaN,9365584,6694016,2625,113664,91648,NaN,NaN
2026-04-01 11:20:25.472,38964,ESTAB,cubic,228,24.737,1.47,20.13,1448,10,14480,52128,3749920,3749920,50832,NaN,2629,1412,2624,125,NaN,NaN,9365584,6694016,2625,113664,91648,NaN,NaN
2026-04-01 11:20:25.712,38964,ESTAB,cubic,228,24.737,1.47,20.13,1448,10,14480,52128,3749920,3749920,50832,NaN,2629,1412,2624,125,NaN,NaN,9365584,6694016,2625,113664,91648,NaN,NaN
2026-04-01 11:20:25.946,38964,ESTAB,cubic,228,24.737,1.47,20.13,1448,10,14480,52128,3749920,3749920,50832,NaN,2629,1412,2624,125,NaN,NaN,9365584,6694016,2625,113664,91648,NaN,NaN
2026-04-01 11:20:26.177,38964,ESTAB,cubic,228,24.737,1.47,20.13,1448,10,14480,52128,3749920,3749920,50832,NaN,2629,1412,2624,125,NaN,NaN,9365584,6694016,2625,113664,91648,NaN,NaN
2026-04-01 11:20:26.430,38964,ESTAB,cubic,228,24.737,1.47,20.13,1448,10,14480,52128,3749920,3749920,50832,NaN,2629,1412,2624,125,NaN,NaN,9365584,6694016,2625,113664,91648,NaN,NaN
2026-04-01 11:20:26.670,38964,ESTAB,cubic,228,24.737,1.47,20.13,1448,10,14480,52128,3749920,3749920,50832,NaN,2629,1412,2624,125,NaN,NaN,9365584,6694016,2625,113664,91648,NaN,NaN
2026-04-01 11:20:26.906,38964,ESTAB,cubic,228,24.737,1.47,20.13,1448,10,14480,52128,3749920,3749920,50832,NaN,2629,1412,2624,125,NaN,NaN,9365584,6694016,2625,113664,91648,NaN,NaN
2026-04-01 11:20:27.140,38964,ESTAB,cubic,228,24.737,1.47,20.13,1448,10,14480,52128,3749920,3749920,50832,NaN,2629,1412,2624,125,NaN,NaN,9365584,6694016,2625,113664,91648,NaN,NaN
2026-04-01 11:20:27.375,38964,ESTAB,cubic,228,24.737,1.47,20.13,1448,10,14480,52128,3749920,3749920,50832,NaN,2629,1412,2624,125,NaN,NaN,9365584,6694016,2625,113664,91648,NaN,NaN
2026-04-01 11:20:27.613,38964,ESTAB,cubic,228,24.737,1.47,20.13,1448,10,14480,52128,3749920,3749920,50832,NaN,2629,1412,2624,125,NaN,NaN,9365584,6694016,2625,113664,91648,NaN,NaN
2026-04-01 11:20:27.851,38964,ESTAB,cubic,228,24.737,1.47,20.13,1448,10,14480,52128,3749920,3749920,50832,NaN,2629,1412,2624,125,NaN,NaN,9365584,6694016,2625,113664,91648,NaN,NaN
2026-04-01 11:20:28.093,38964,ESTAB,cubic,228,24.737,1.47,20.13,1448,10,14480,52128,3749920,3749920,50832,NaN,2629,1412,2624,125,NaN,NaN,9365584,6694016,2625,113664,91648,NaN,NaN
2026-04-01 11:20:28.342,38964,ESTAB,cubic,228,24.737,1.47,20.13,1448,10,14480,52128,3749920,3749920,50832,NaN,2629,1412,2624,125,NaN,NaN,9365584,6694016,2625,113664,91648,NaN,NaN
2026-04-01 11:20:28.587,38964,ESTAB,cubic,228,24.737,1.47,20.13,1448,10,14480,52128,3749920,3749920,50832,NaN,2629,1412,2624,125,NaN,NaN,9365584,6694016,2625,113664,91648,NaN,NaN
2026-04-01 11:20:28.820,38964,ESTAB,cubic,228,24.737,1.47,20.13,1448,10,14480,52128,3749920,3749920,50832,NaN,2629,1412,2624,125,NaN,NaN,9365584,6694016,2625,113664,91648,NaN,NaN
2026-04-01 11:20:29.053,38964,ESTAB,cubic,228,24.737,1.47,20.13,1448,10,14480,52128,3749920,3749920,50832,NaN,2629,1412,2624,125,NaN,NaN,9365584,6694016,2625,113664,91648,NaN,NaN
2026-04-01 11:20:29.289,38964,ESTAB,cubic,228,24.737,1.47,20.13,1448,10,14480,52128,3749920,3749920,50832,NaN,2629,1412,2624,125,NaN,NaN,9365584,6694016,2625,113664,91648,NaN,NaN
2026-04-01 11:20:29.542,38964,ESTAB,cubic,228,24.737,1.47,20.13,1448,10,14480,52128,3749920,3749920,50832,NaN,2629,1412,2624,125,NaN,NaN,9365584,6694016,2625,113664,91648,NaN,NaN
2026-04-01 11:20:29.794,38964,ESTAB,cubic,228,24.737,1.47,20.13,1448,10,14480,52128,3749920,3749920,50832,NaN,2629,1412,2624,125,NaN,NaN,9365584,6694016,2625,113664,91648,NaN,NaN
2026-04-01 11:20:30.030,38964,ESTAB,cubic,228,24.737,1.47,20.13,1448,10,14480,52128,3749920,3749920,50832,NaN,2629,1412,2624,125,NaN,NaN,9365584,6694016,2625,113664,91648,NaN,NaN
2026-04-01 11:20:30.270,38964,ESTAB,cubic,228,24.737,1.47,20.13,1448,10,14480,52128,3749920,3749920,50832,NaN,2629,1412,2624,125,NaN,NaN,9365584,6694016,2625,113664,91648,NaN,NaN
2026-04-01 11:20:30.502,38964,ESTAB,cubic,228,24.737,1.47,20.13,1448,10,14480,52128,3749920,3749920,50832,NaN,2629,1412,2624,125,NaN,NaN,9365584,6694016,2625,113664,91648,NaN,NaN
2026-04-01 11:20:30.739,38964,ESTAB,cubic,228,24.737,1.47,20.13,1448,10,14480,52128,3749920,3749920,50832,NaN,2629,1412,2624,125,NaN,NaN,9365584,6694016,2625,113664,91648,NaN,NaN
2026-04-01 11:20:30.979,38964,ESTAB,cubic,228,24.737,1.47,20.13,1448,10,14480,52128,3749920,3749920,50832,NaN,2629,1412,2624,125,NaN,NaN,9365584,6694016,2625,113664,91648,NaN,NaN
2026-04-01 11:20:31.219,38964,ESTAB,cubic,228,24.737,1.47,20.13,1448,10,14480,52128,3749920,3749920,50832,NaN,2629,1412,2624,125,NaN,NaN,9365584,6694016,2625,113664,91648,NaN,NaN
2026-04-01 11:20:31.459,38964,ESTAB,cubic,228,24.737,1.47,20.13,1448,10,14480,52128,3749920,3749920,50832,NaN,2629,1412,2624,125,NaN,NaN,9365584,6694016,2625,113664,91648,NaN,NaN
2026-04-01 11:20:31.693,38964,ESTAB,cubic,228,24.737,1.47,20.13,1448,10,14480,52128,3749920,3749920,50832,NaN,2629,1412,2624,125,NaN,NaN,9365584,6694016,2625,113664,91648,NaN,NaN
2026-04-01 11:20:31.924,38964,ESTAB,cubic,228,24.737,1.47,20.13,1448,10,14480,52128,3749920,3749920,50832,NaN,2629,1412,2624,125,NaN,NaN,9365584,6694016,2625,113664,91648,NaN,NaN
2026-04-01 11:20:32.153,38964,ESTAB,cubic,228,24.737,1.47,20.13,1448,10,14480,52128,3749920,3749920,50832,NaN,2629,1412,2624,125,NaN,NaN,9365584,6694016,2625,113664,91648,NaN,NaN
2026-04-01 11:20:32.389,38964,ESTAB,cubic,228,24.737,1.47,20.13,1448,10,14480,52128,3749920,3749920,50832,NaN,2629,1412,2624,125,NaN,NaN,9365584,6694016,2625,113664,91648,NaN,NaN
2026-04-01 11:20:32.626,38964,ESTAB,cubic,228,24.737,1.47,20.13,1448,10,14480,52128,3749920,3749920,50832,NaN,2629,1412,2624,125,NaN,NaN,9365584,6694016,2625,113664,91648,NaN,NaN
2026-04-01 11:20:32.862,38964,ESTAB,cubic,228,24.737,1.47,20.13,1448,10,14480,52128,3749920,3749920,50832,NaN,2629,1412,2624,125,NaN,NaN,9365584,6694016,2625,113664,91648,NaN,NaN
2026-04-01 11:20:33.095,38964,ESTAB,cubic,228,24.737,1.47,20.13,1448,10,14480,52128,3749920,3749920,50832,NaN,2629,1412,2624,125,NaN,NaN,9365584,6694016,2625,113664,91648,NaN,NaN
2026-04-01 11:20:33.326,38964,ESTAB,cubic,228,24.737,1.47,20.13,1448,10,14480,52128,3749920,3749920,50832,NaN,2629,1412,2624,125,NaN,NaN,9365584,6694016,2625,113664,91648,NaN,NaN
2026-04-01 11:20:33.555,38964,ESTAB,cubic,228,24.737,1.47,20.13,1448,10,14480,52128,3749920,3749920,50832,NaN,2629,1412,2624,125,NaN,NaN,9365584,6694016,2625,113664,91648,NaN,NaN
2026-04-01 11:20:33.792,38964,ESTAB,cubic,228,24.737,1.47,20.13,1448,10,14480,52128,3749920,3749920,50832,NaN,2629,1412,2624,125,NaN,NaN,9365584,6694016,2625,113664,91648,NaN,NaN
2026-04-01 11:20:34.028,38964,ESTAB,cubic,228,24.737,1.47,20.13,1448,10,14480,52128,3749920,3749920,50832,NaN,2629,1412,2624,125,NaN,NaN,9365584,6694016,2625,113664,91648,NaN,NaN
2026-04-01 11:20:34.282,38964,ESTAB,cubic,228,24.737,1.47,20.13,1448,10,14480,52128,3749920,3749920,50832,NaN,2629,1412,2624,125,NaN,NaN,9365584,6694016,2625,113664,91648,NaN,NaN
2026-04-01 11:20:34.516,38964,ESTAB,cubic,228,24.737,1.47,20.13,1448,10,14480,52128,3749920,3749920,50832,NaN,2629,1412,2624,125,NaN,NaN,9365584,6694016,2625,113664,91648,NaN,NaN
2026-04-01 11:20:34.755,38964,ESTAB,cubic,228,24.737,1.47,20.13,1448,10,14480,52128,3749920,3749920,50832,NaN,2629,1412,2624,125,NaN,NaN,9365584,6694016,2625,113664,91648,NaN,NaN
2026-04-01 11:20:34.995,38964,ESTAB,cubic,228,24.737,1.47,20.13,1448,10,14480,52128,3749920,3749920,50832,NaN,2629,1412,2624,125,NaN,NaN,9365584,6694016,2625,113664,91648,NaN,NaN
2026-04-01 11:20:35.223,38964,ESTAB,cubic,228,24.737,1.47,20.13,1448,10,14480,52128,3749920,3749920,50832,NaN,2629,1412,2624,125,NaN,NaN,9365584,6694016,2625,113664,91648,NaN,NaN
2026-04-01 11:20:35.450,38964,ESTAB,cubic,228,24.737,1.47,20.13,1448,10,14480,52128,3749920,3749920,50832,NaN,2629,1412,2624,125,NaN,NaN,9365584,6694016,2625,113664,91648,NaN,NaN
2026-04-01 11:20:35.680,38964,ESTAB,cubic,228,24.737,1.47,20.13,1448,10,14480,52128,3749920,3749920,50832,NaN,2629,1412,2624,125,NaN,NaN,9365584,6694016,2625,113664,91648,NaN,NaN
2026-04-01 11:20:35.911,38964,ESTAB,cubic,228,24.737,1.47,20.13,1448,10,14480,52128,3749920,3749920,50832,NaN,2629,1412,2624,125,NaN,NaN,9365584,6694016,2625,113664,91648,NaN,NaN
2026-04-01 11:20:36.135,38964,ESTAB,cubic,228,24.737,1.47,20.13,1448,10,14480,52128,3749920,3749920,50832,NaN,2629,1412,2624,125,NaN,NaN,9365584,6694016,2625,113664,91648,NaN,NaN
2026-04-01 11:20:36.357,38964,ESTAB,cubic,228,24.737,1.47,20.13,1448,10,14480,52128,3749920,3749920,50832,NaN,2629,1412,2624,125,NaN,NaN,9365584,6694016,2625,113664,91648,NaN,NaN
2026-04-01 11:20:36.581,38964,ESTAB,cubic,228,24.737,1.47,20.13,1448,10,14480,52128,3749920,3749920,50832,NaN,2629,1412,2624,125,NaN,NaN,9365584,6694016,2625,113664,91648,NaN,NaN
2026-04-01 11:20:36.808,38964,ESTAB,cubic,228,24.737,1.47,20.13,1448,10,14480,52128,3749920,3749920,50832,NaN,2629,1412,2624,125,NaN,NaN,9365584,6694016,2625,113664,91648,NaN,NaN
2026-04-01 11:20:37.035,38964,ESTAB,cubic,228,24.737,1.47,20.13,1448,10,14480,52128,3749920,3749920,50832,NaN,2629,1412,2624,125,NaN,NaN,9365584,6694016,2625,113664,91648,NaN,NaN
2026-04-01 11:20:37.264,38964,ESTAB,cubic,228,24.737,1.47,20.13,1448,10,14480,52128,3749920,3749920,50832,NaN,2629,1412,2624,125,NaN,NaN,9365584,6694016,2625,113664,91648,NaN,NaN
2026-04-01 11:20:37.499,38964,ESTAB,cubic,228,24.737,1.47,20.13,1448,10,14480,52128,3749920,3749920,50832,NaN,2629,1412,2624,125,NaN,NaN,9365584,6694016,2625,113664,91648,NaN,NaN
2026-04-01 11:20:37.722,38964,ESTAB,cubic,228,24.737,1.47,20.13,1448,10,14480,52128,3749920,3749920,50832,NaN,2629,1412,2624,125,NaN,NaN,9365584,6694016,2625,113664,91648,NaN,NaN
2026-04-01 11:20:37.943,38964,ESTAB,cubic,228,24.737,1.47,20.13,1448,10,14480,52128,3749920,3749920,50832,NaN,2629,1412,2624,125,NaN,NaN,9365584,6694016,2625,113664,91648,NaN,NaN
2026-04-01 11:20:38.164,38964,ESTAB,cubic,228,24.737,1.47,20.13,1448,10,14480,52128,3749920,3749920,50832,NaN,2629,1412,2624,125,NaN,NaN,9365584,6694016,2625,113664,91648,NaN,NaN
2026-04-01 11:20:38.385,38964,ESTAB,cubic,228,24.737,1.47,20.13,1448,10,14480,52128,3749920,3749920,50832,NaN,2630,1413,2624,125,NaN,NaN,9365584,6694016,2625,113664,91648,NaN,NaN
2026-04-01 11:20:38.607,38964,ESTAB,cubic,228,24.737,1.47,20.13,1448,10,14480,52128,3749920,3749920,50832,NaN,2630,1413,2624,125,NaN,NaN,9365584,6694016,2625,113664,91648,NaN,NaN
2026-04-01 11:20:38.828,38964,ESTAB,cubic,228,24.737,1.47,20.13,1448,10,14480,52128,3749920,3749920,50832,NaN,2630,1413,2624,125,NaN,NaN,9365584,6694016,2625,113664,91648,NaN,NaN
2026-04-01 11:20:39.048,38964,ESTAB,cubic,228,24.737,1.47,20.13,1448,10,14480,52128,3749920,3749920,50832,NaN,2630,1413,2624,125,NaN,NaN,9365584,6694016,2625,113664,91648,NaN,NaN
2026-04-01 11:20:39.269,38964,ESTAB,cubic,228,24.737,1.47,20.13,1448,10,14480,52128,3749920,3749920,50832,NaN,2630,1413,2624,125,NaN,NaN,9365584,6694016,2625,113664,91648,NaN,NaN
2026-04-01 11:20:39.489,38964,ESTAB,cubic,228,24.737,1.47,20.13,1448,10,14480,52128,3749920,3749920,50832,NaN,2630,1413,2624,125,NaN,NaN,9365584,6694016,2625,113664,91648,NaN,NaN
2026-04-01 11:20:39.711,38964,ESTAB,cubic,228,24.737,1.47,20.13,1448,10,14480,52128,3749920,3749920,50832,NaN,2630,1413,2624,125,NaN,NaN,9365584,6694016,2625,113664,91648,NaN,NaN
2026-04-01 11:20:39.932,38964,ESTAB,cubic,228,24.737,1.47,20.13,1448,10,14480,52128,3749920,3749920,50832,NaN,2630,1413,2624,125,NaN,NaN,9365584,6694016,2625,113664,91648,NaN,NaN
2026-04-01 11:20:40.152,38964,ESTAB,cubic,228,24.737,1.47,20.13,1448,10,14480,52128,3749920,3749920,50832,NaN,2630,1413,2624,125,NaN,NaN,9365584,6694016,2625,113664,91648,NaN,NaN
2026-04-01 11:20:40.375,38964,ESTAB,cubic,228,24.737,1.47,20.13,1448,10,14480,52128,3749920,3749920,50832,NaN,2630,1413,2624,125,NaN,NaN,9365584,6694016,2625,113664,91648,NaN,NaN
2026-04-01 11:20:40.597,38964,ESTAB,cubic,228,24.737,1.47,20.13,1448,10,14480,52128,3749920,3749920,50832,NaN,2630,1413,2624,125,NaN,NaN,9365584,6694016,2625,113664,91648,NaN,NaN
2026-04-01 11:20:40.826,38964,ESTAB,cubic,228,24.737,1.47,20.13,1448,10,14480,52128,3749920,3749920,50832,NaN,2630,1413,2624,125,NaN,NaN,9365584,6694016,2625,113664,91648,NaN,NaN
2026-04-01 11:20:41.046,38964,ESTAB,cubic,228,24.737,1.47,20.13,1448,10,14480,52128,3749920,3749920,50832,NaN,2630,1413,2624,125,NaN,NaN,9365584,6694016,2625,113664,91648,NaN,NaN
2026-04-01 11:20:41.267,38964,ESTAB,cubic,228,24.737,1.47,20.13,1448,10,14480,52128,3749920,3749920,50832,NaN,2630,1413,2624,125,NaN,NaN,9365584,6694016,2625,113664,91648,NaN,NaN
2026-04-01 11:20:41.488,38964,ESTAB,cubic,228,24.737,1.47,20.13,1448,10,14480,52128,3749920,3749920,50832,NaN,2630,1413,2624,125,NaN,NaN,9365584,6694016,2625,113664,91648,NaN,NaN
2026-04-01 11:20:41.709,38964,ESTAB,cubic,228,24.737,1.47,20.13,1448,10,14480,52128,3749920,3749920,50832,NaN,2630,1413,2624,125,NaN,NaN,9365584,6694016,2625,113664,91648,NaN,NaN
2026-04-01 11:20:41.929,38964,ESTAB,cubic,228,24.737,1.47,20.13,1448,10,14480,52128,3749920,3749920,50832,NaN,2630,1413,2624,125,NaN,NaN,9365584,6694016,2625,113664,91648,NaN,NaN
2026-04-01 11:20:42.150,38964,ESTAB,cubic,228,24.737,1.47,20.13,1448,10,14480,52128,3749920,3749920,50832,NaN,2630,1413,2624,125,NaN,NaN,9365584,6694016,2625,113664,91648,NaN,NaN
2026-04-01 11:20:42.371,38964,ESTAB,cubic,228,24.737,1.47,20.13,1448,10,14480,52128,3749920,3749920,50832,NaN,2630,1413,2624,125,NaN,NaN,9365584,6694016,2625,113664,91648,NaN,NaN
2026-04-01 11:20:42.593,38964,ESTAB,cubic,228,24.737,1.47,20.13,1448,10,14480,52128,3749920,3749920,50832,NaN,2630,1413,2624,125,NaN,NaN,9365584,6694016,2625,113664,91648,NaN,NaN
2026-04-01 11:20:42.814,38964,ESTAB,cubic,228,24.737,1.47,20.13,1448,10,14480,52128,3749920,3749920,50832,NaN,2630,1413,2624,125,NaN,NaN,9365584,6694016,2625,113664,91648,NaN,NaN
2026-04-01 11:20:43.035,38964,ESTAB,cubic,228,24.737,1.47,20.13,1448,10,14480,52128,3749920,3749920,50832,NaN,2630,1413,2624,125,NaN,NaN,9365584,6694016,2625,113664,91648,NaN,NaN
2026-04-01 11:20:43.257,38964,ESTAB,cubic,228,24.737,1.47,20.13,1448,10,14480,52128,3749920,3749920,50832,NaN,2630,1413,2624,125,NaN,NaN,9365584,6694016,2625,113664,91648,NaN,NaN
2026-04-01 11:20:43.478,38964,ESTAB,cubic,232,28.235,0.906,20.13,1448,36,52128,52128,3839435,3816267,51656,NaN,2692,1438,2686,127,NaN,NaN,17723704,6697024,2671,113664,97280,16,262088
2026-04-01 11:20:43.699,38964,ESTAB,cubic,232,29.041,1.227,20.13,1448,36,52128,52128,4023331,4001611,51656,NaN,2819,1502,2813,127,NaN,NaN,17231504,6302712,2799,113664,97280,15,191136
2026-04-01 11:20:43.919,38964,ESTAB,cubic,232,29.067,0.467,20.13,1448,36,52128,52128,4210123,4186955,51656,NaN,2948,1566,2942,127,NaN,NaN,17215944,6691008,2927,113664,97280,16,230232
2026-04-01 11:20:44.143,38964,ESTAB,cubic,232,30.155,0.561,20.13,1448,36,52128,52128,4395467,4372299,51656,NaN,3076,1630,3070,127,NaN,NaN,16594800,6694744,3055,113664,97280,16,145414
2026-04-01 11:20:44.364,38964,ESTAB,cubic,232,28.912,0.278,20.13,1448,36,52128,52128,4540881,4540267,51656,NaN,3177,1688,3171,127,NaN,NaN,17308232,6681144,3171,113664,97280,1,NaN
2026-04-01 11:20:44.585,38964,ESTAB,cubic,236,33.572,9.528,20.13,1448,36,52128,52128,4540881,4540881,51656,NaN,3177,1689,3171,127,NaN,NaN,14905744,2534680,3172,113664,97280,NaN,NaN
2026-04-01 11:20:44.806,38964,ESTAB,cubic,236,33.572,9.528,20.13,1448,36,52128,52128,4540881,4540881,51656,NaN,3177,1689,3171,127,NaN,NaN,14905744,2534680,3172,113664,97280,NaN,NaN
2026-04-01 11:20:45.027,38964,ESTAB,cubic,236,33.572,9.528,20.13,1448,36,52128,52128,4540881,4540881,51656,NaN,3177,1689,3171,127,NaN,NaN,14905744,2534680,3172,113664,97280,NaN,NaN
2026-04-01 11:20:45.251,38964,ESTAB,cubic,236,33.572,9.528,20.13,1448,36,52128,52128,4540881,4540881,51656,NaN,3177,1689,3171,127,NaN,NaN,14905744,2534680,3172,113664,97280,NaN,NaN
2026-04-01 11:20:45.471,38964,ESTAB,cubic,232,28.08,1.696,20.123,1448,34,49232,52128,4601436,4578268,52480,NaN,3219,1705,3213,129,NaN,NaN,16831000,5580344,3198,113664,103424,16,291048
2026-04-01 11:20:45.692,38964,ESTAB,cubic,232,28.926,0.362,20.123,1448,36,52128,52128,4785332,4760716,52480,NaN,3346,1768,3340,129,NaN,NaN,17300232,6693800,3324,113664,103424,17,220096
2026-04-01 11:20:45.919,38964,ESTAB,cubic,232,29.321,1.169,20.123,1448,36,52128,52128,4972124,4950404,52480,NaN,3475,1833,3469,129,NaN,NaN,17066880,6282904,3455,113664,103424,15,259192
2026-04-01 11:20:46.158,38964,ESTAB,cubic,232,29.925,0.863,20.123,1448,36,52128,52128,5173396,5151676,52480,NaN,3614,1902,3608,129,NaN,NaN,16722696,6695464,3594,113664,103424,15,154990
2026-04-01 11:20:46.378,38964,ESTAB,cubic,232,28.933,0.316,20.123,1448,36,52128,52128,5328386,5328332,52480,NaN,3722,1963,3716,129,NaN,NaN,17296048,6689720,3716,113664,103424,1,NaN
2026-04-01 11:20:46.598,38964,ESTAB,cubic,236,33.628,9.628,20.123,1448,36,52128,52128,5328386,5328386,52480,NaN,3722,1964,3716,129,NaN,NaN,14880920,2241752,3717,113664,103424,NaN,NaN
2026-04-01 11:20:46.818,38964,ESTAB,cubic,236,33.628,9.628,20.123,1448,36,52128,52128,5328386,5328386,52480,NaN,3722,1964,3716,129,NaN,NaN,14880920,2241752,3717,113664,103424,NaN,NaN
2026-04-01 11:20:47.038,38964,ESTAB,cubic,236,33.628,9.628,20.123,1448,36,52128,52128,5328386,5328386,52480,NaN,3722,1964,3716,129,NaN,NaN,14880920,2241752,3717,113664,103424,NaN,NaN
2026-04-01 11:20:47.259,38964,ESTAB,cubic,236,33.628,9.628,20.123,1448,36,52128,52128,5328386,5328386,52480,NaN,3722,1964,3716,129,NaN,NaN,14880920,2241752,3717,113664,103424,NaN,NaN
2026-04-01 11:20:47.479,38964,ESTAB,cubic,232,29.257,4.137,20.073,1448,20,28960,52128,5371565,5345501,53304,NaN,3752,1973,3746,131,NaN,NaN,9502384,3272128,3729,113664,109056,18,308424
2026-04-01 11:20:47.699,38964,ESTAB,cubic,232,29.143,0.527,20.073,1448,36,52128,52128,5554013,5530845,53304,NaN,3878,2037,3872,131,NaN,NaN,17171120,6702192,3857,113664,109056,16,238920
2026-04-01 11:20:47.919,38964,ESTAB,cubic,232,29.913,0.87,20.073,1448,36,52128,52128,5735013,5713293,53304,NaN,4003,2100,3997,131,NaN,NaN,16729328,6687008,3983,113664,109056,15,283808
2026-04-01 11:20:48.138,38964,ESTAB,cubic,232,28.843,0.246,20.073,1448,36,52128,52128,5923253,5898637,53304,NaN,4133,2164,4127,131,NaN,NaN,17349792,6694448,4111,113664,109056,17,208512
2026-04-01 11:20:48.358,38964,ESTAB,cubic,232,29.725,0.453,20.073,1448,36,52128,52128,6107149,6081085,53304,NaN,4260,2227,4254,131,NaN,NaN,16835280,6683928,4237,113664,109056,18,147715
2026-04-01 11:20:48.578,38964,ESTAB,cubic,232,28.822,1.051,20.073,1448,36,52128,52128,6254864,6254845,53304,NaN,4363,2287,4357,131,NaN,NaN,17362208,5955968,4357,113664,109056,1,NaN
2026-04-01 11:20:48.798,38964,ESTAB,cubic,236,34.252,11.647,20.073,1448,36,52128,52128,6254864,6254864,53304,NaN,4363,2288,4357,131,NaN,NaN,14610040,2638688,4358,113664,109056,NaN,NaN
2026-04-01 11:20:49.017,38964,ESTAB,cubic,236,34.252,11.647,20.073,1448,36,52128,52128,6254864,6254864,53304,NaN,4363,2288,4357,131,NaN,NaN,14610040,2638688,4358,113664,109056,NaN,NaN
2026-04-01 11:20:49.237,38964,ESTAB,cubic,236,34.252,11.647,20.073,1448,36,52128,52128,6254864,6254864,53304,NaN,4363,2288,4357,131,NaN,NaN,14610040,2638688,4358,113664,109056,NaN,NaN
2026-04-01 11:20:49.457,38964,ESTAB,cubic,236,32.483,11.726,20.073,1448,10,14480,52128,6257747,6256312,53712,NaN,4365,2290,4359,132,NaN,NaN,7132256,2638688,4359,112640,112128,1,NaN
2026-04-01 11:20:49.678,38964,ESTAB,cubic,232,29.9,0.882,20.073,1448,36,52128,52128,6435603,6413883,54128,NaN,4488,2346,4482,133,NaN,NaN,16736392,6695224,4468,113664,114688,15,283808
2026-04-01 11:20:49.898,38964,ESTAB,cubic,232,28.859,0.263,20.073,1448,36,52128,52128,6623843,6599227,54128,NaN,4618,2410,4612,133,NaN,NaN,17340472,6694656,4596,113664,114688,17,208512
2026-04-01 11:20:50.118,38964,ESTAB,cubic,232,29.611,0.492,20.073,1448,36,52128,52128,6807739,6784571,54128,NaN,4745,2474,4739,133,NaN,NaN,16899880,6689072,4724,113664,114688,16,250504
2026-04-01 11:20:50.338,38964,ESTAB,cubic,232,29.539,1.136,20.073,1448,36,52128,52128,6991635,6967019,54128,NaN,4872,2537,4866,133,NaN,NaN,16941216,6305928,4850,113664,114688,17,113373
2026-04-01 11:20:50.559,38964,ESTAB,cubic,232,30.176,0.497,20.073,1448,36,52128,52128,7105008,7105008,54128,NaN,4951,2585,4945,133,NaN,NaN,16583320,5857472,4946,113664,114688,NaN,NaN
2026-04-01 11:20:50.779,38964,ESTAB,cubic,232,30.176,0.497,20.073,1448,36,52128,52128,7105008,7105008,54128,NaN,4951,2585,4945,133,NaN,NaN,16583320,5857472,4946,113664,114688,NaN,NaN
2026-04-01 11:20:50.999,38964,ESTAB,cubic,232,30.176,0.497,20.073,1448,36,52128,52128,7105008,7105008,54128,NaN,4951,2585,4945,133,NaN,NaN,16583320,5857472,4946,113664,114688,NaN,NaN
2026-04-01 11:20:51.220,38964,ESTAB,cubic,232,30.176,0.497,20.073,1448,36,52128,52128,7105008,7105008,54128,NaN,4951,2585,4945,133,NaN,NaN,16583320,5857472,4946,113664,114688,NaN,NaN
2026-04-01 11:20:51.441,38964,ESTAB,cubic,232,30.176,0.497,20.073,1448,36,52128,52128,7105008,7105008,54128,NaN,4951,2585,4945,133,NaN,NaN,16583320,5857472,4946,113664,114688,NaN,NaN
2026-04-01 11:20:51.661,38964,ESTAB,cubic,232,28.67,0.059,20.073,1448,36,52128,52128,7253891,7229275,54952,NaN,5054,2630,5048,135,NaN,NaN,17454712,6689288,5032,113664,120832,17,202720
2026-04-01 11:20:51.881,38964,ESTAB,cubic,232,29.37,0.499,20.073,1448,36,52128,52128,7437787,7414619,54952,NaN,5181,2694,5175,135,NaN,NaN,17038696,6695520,5160,113664,120832,16,244712
2026-04-01 11:20:52.101,38964,ESTAB,cubic,232,29.661,1.02,20.073,1448,36,52128,52128,7621683,7599963,54952,NaN,5308,2758,5302,135,NaN,NaN,16871320,6683152,5288,113664,120832,15,286704
2026-04-01 11:20:52.322,38964,ESTAB,cubic,232,28.883,0.303,20.073,1448,36,52128,52128,7807027,7782411,54952,NaN,5436,2821,5430,135,NaN,NaN,17325912,6694232,5414,113664,120832,17,186173
2026-04-01 11:20:52.543,38964,ESTAB,cubic,232,29.824,0.435,20.073,1448,36,52128,52128,7990923,7967755,54952,NaN,5563,2885,5557,135,NaN,NaN,16779184,6694984,5542,113664,120832,16,2277
2026-04-01 11:20:52.763,38964,ESTAB,cubic,232,28.818,0.536,20.073,1448,36,52128,52128,7993200,7993200,54952,NaN,5565,2894,5559,135,NaN,NaN,17365064,6301000,5560,113664,120832,NaN,NaN
2026-04-01 11:20:52.983,38964,ESTAB,cubic,232,28.818,0.536,20.073,1448,36,52128,52128,7993200,7993200,54952,NaN,5565,2894,5559,135,NaN,NaN,17365064,6301000,5560,113664,120832,NaN,NaN
2026-04-01 11:20:53.203,38964,ESTAB,cubic,232,28.818,0.536,20.073,1448,36,52128,52128,7993200,7993200,54952,NaN,5565,2894,5559,135,NaN,NaN,17365064,6301000,5560,113664,120832,NaN,NaN
2026-04-01 11:20:53.424,38964,ESTAB,cubic,232,28.818,0.536,20.073,1448,36,52128,52128,7993200,7993200,54952,NaN,5565,2894,5559,135,NaN,NaN,17365064,6301000,5560,113664,120832,NaN,NaN
2026-04-01 11:20:53.645,38964,ESTAB,cubic,232,28.592,0.281,20.073,1448,36,52128,52128,8105883,8079819,55776,NaN,5643,2926,5637,137,NaN,NaN,17501944,6684576,5620,113664,126464,18,238920
2026-04-01 11:20:53.865,38964,ESTAB,cubic,232,29.757,0.996,20.073,1448,36,52128,52128,8286883,8265163,55776,NaN,5768,2990,5762,137,NaN,NaN,16816680,6681224,5748,113664,126464,15,283808
2026-04-01 11:20:54.085,38964,ESTAB,cubic,232,28.862,0.265,20.073,1448,36,52128,52128,8475123,8450507,55776,NaN,5898,3054,5892,137,NaN,NaN,17338520,6689072,5876,113664,126464,17,208512
2026-04-01 11:20:54.306,38964,ESTAB,cubic,232,29.742,0.463,20.073,1448,36,52128,52128,8659019,8632955,55776,NaN,6025,3117,6019,137,NaN,NaN,16825160,6695088,6002,113664,126464,18,154566
2026-04-01 11:20:54.527,38964,ESTAB,cubic,232,29.276,1.182,20.073,1448,36,52128,52128,8813585,8812507,55776,NaN,6132,3179,6126,137,NaN,NaN,17093408,5949664,6126,113664,126464,1,NaN
2026-04-01 11:20:54.748,38964,ESTAB,cubic,236,34.807,11.95,20.073,1448,36,52128,52128,8813585,8813585,55776,NaN,6132,3180,6126,137,NaN,NaN,14376880,2592416,6127,113664,126464,NaN,NaN
2026-04-01 11:20:54.977,38964,ESTAB,cubic,236,34.807,11.95,20.073,1448,36,52128,52128,8813585,8813585,55776,NaN,6132,3180,6126,137,NaN,NaN,14376880,2592416,6127,113664,126464,NaN,NaN
2026-04-01 11:20:55.225,38964,ESTAB,cubic,236,34.807,11.95,20.073,1448,36,52128,52128,8813585,8813585,55776,NaN,6132,3180,6126,137,NaN,NaN,14376880,2592416,6127,113664,126464,NaN,NaN
2026-04-01 11:20:55.481,38964,ESTAB,cubic,236,34.807,11.95,20.073,1448,36,52128,52128,8813585,8813585,55776,NaN,6132,3180,6126,137,NaN,NaN,14376880,2592416,6127,113664,126464,NaN,NaN
2026-04-01 11:20:55.730,38964,ESTAB,cubic,232,28.406,0.142,20.073,1448,36,52128,52128,8965364,8940748,56600,NaN,6237,3227,6231,139,NaN,NaN,17616616,5943176,6215,113664,132096,17,199824
2026-04-01 11:20:55.983,38964,ESTAB,cubic,232,28.851,0.203,20.073,1448,36,52128,52128,9179668,9157948,56600,NaN,6385,3302,6379,139,NaN,NaN,17344976,6703696,6365,113664,132096,15,211408
2026-04-01 11:20:56.215,38964,ESTAB,cubic,232,29.435,0.551,20.073,1448,36,52128,52128,9375148,9349084,56600,NaN,6520,3368,6514,139,NaN,NaN,17000856,6690792,6497,113664,132096,18,241816
2026-04-01 11:20:56.457,38964,ESTAB,cubic,232,30.247,0.489,20.073,1448,36,52128,52128,9577868,9551804,56600,NaN,6660,3438,6654,139,NaN,NaN,16544256,6694016,6637,113664,132096,18,159612
2026-04-01 11:20:56.697,38964,ESTAB,cubic,232,28.711,0.718,20.073,1448,36,52128,52128,9737480,9737148,56600,NaN,6771,3502,6765,139,NaN,NaN,17429784,5951576,6765,113664,132096,1,NaN
2026-04-01 11:20:56.920,38964,ESTAB,cubic,236,33.978,11.073,20.073,1448,36,52128,52128,9737480,9737480,56600,NaN,6771,3503,6765,139,NaN,NaN,14727912,2691008,6766,113664,132096,NaN,NaN
2026-04-01 11:20:57.153,38964,ESTAB,cubic,236,33.978,11.073,20.073,1448,36,52128,52128,9737480,9737480,56600,NaN,6771,3503,6765,139,NaN,NaN,14727912,2691008,6766,113664,132096,NaN,NaN
2026-04-01 11:20:57.401,38964,ESTAB,cubic,236,33.978,11.073,20.073,1448,36,52128,52128,9737480,9737480,56600,NaN,6771,3503,6765,139,NaN,NaN,14727912,2691008,6766,113664,132096,NaN,NaN
2026-04-01 11:20:57.637,38964,ESTAB,cubic,228,27.792,3.766,20.073,1448,26,37648,52128,9786451,9763283,57424,NaN,6805,3515,6799,141,NaN,NaN,13004136,5424272,6784,113664,138240,16,302632
2026-04-01 11:20:57.872,38964,ESTAB,cubic,232,28.947,0.355,20.073,1448,36,52128,52128,9981931,9960211,57424,NaN,6940,3583,6934,141,NaN,NaN,17287760,6695088,6920,113664,138240,15,220096
2026-04-01 11:20:58.119,38964,ESTAB,cubic,232,29.368,0.498,20.073,1448,36,52128,52128,10186099,10162931,57424,NaN,7081,3653,7075,141,NaN,NaN,17039496,6700256,7060,113664,138240,16,241816
2026-04-01 11:20:58.377,38964,ESTAB,cubic,232,29.63,0.464,20.073,1448,36,52128,52128,10403299,10380131,57424,NaN,7231,3728,7225,141,NaN,NaN,16889184,6686072,7210,113664,138240,16,243148
2026-04-01 11:20:58.637,38964,ESTAB,cubic,232,30.297,0.463,20.073,1448,36,52128,52128,10617603,10591539,57424,NaN,7379,3801,7373,141,NaN,NaN,16517368,6693776,7356,113664,138240,18,28844
2026-04-01 11:20:58.895,38964,ESTAB,cubic,232,28.856,0.184,20.073,1448,36,52128,52128,10646447,10646447,57424,NaN,7399,3820,7393,141,NaN,NaN,17342128,6698528,7394,113664,138240,NaN,NaN
2026-04-01 11:20:59.140,38964,ESTAB,cubic,232,28.856,0.184,20.073,1448,36,52128,52128,10646447,10646447,57424,NaN,7399,3820,7393,141,NaN,NaN,17342128,6698528,7394,113664,138240,NaN,NaN
2026-04-01 11:20:59.376,38964,ESTAB,cubic,232,28.856,0.184,20.073,1448,36,52128,52128,10646447,10646447,57424,NaN,7399,3820,7393,141,NaN,NaN,17342128,6698528,7394,113664,138240,NaN,NaN
2026-04-01 11:20:59.624,38964,ESTAB,cubic,228,27.985,0.396,20.073,1448,10,14480,52128,10662114,10649330,58248,NaN,7410,3823,7404,143,NaN,NaN,8278568,6698528,7396,113664,143872,9,335936
2026-04-01 11:20:59.877,38964,ESTAB,cubic,232,29.402,0.491,20.073,1448,36,52128,52128,10869178,10846010,58248,NaN,7553,3891,7547,143,NaN,NaN,17020080,6684144,7532,113664,143872,16,241816
2026-04-01 11:21:00.120,38964,ESTAB,cubic,232,30.321,0.371,20.073,1448,36,52128,52128,11074794,11051626,58248,NaN,7695,3962,7689,143,NaN,NaN,16504360,6703944,7674,113664,143872,16,262088
2026-04-01 11:21:00.364,38964,ESTAB,cubic,232,29.875,0.904,20.073,1448,36,52128,52128,11278962,11257242,58248,NaN,7836,4033,7830,143,NaN,NaN,16750608,6699096,7816,113664,143872,15,283808
2026-04-01 11:21:00.607,38964,ESTAB,cubic,232,28.793,0.589,20.073,1448,36,52128,52128,11481682,11459962,58248,NaN,7976,4103,7970,143,NaN,NaN,17379840,6311944,7956,113664,143872,15,98076
2026-04-01 11:21:00.843,38964,ESTAB,cubic,236,35.008,12.3,20.073,1448,36,52128,52128,11579758,11579758,58248,NaN,8044,4145,8038,143,NaN,NaN,14294544,2549592,8039,113664,143872,NaN,NaN
2026-04-01 11:21:01.091,38964,ESTAB,cubic,236,35.008,12.3,20.073,1448,36,52128,52128,11579758,11579758,58248,NaN,8044,4145,8038,143,NaN,NaN,14294544,2549592,8039,113664,143872,NaN,NaN
2026-04-01 11:21:01.346,38964,ESTAB,cubic,236,35.008,12.3,20.073,1448,36,52128,52128,11579758,11579758,58248,NaN,8044,4145,8038,143,NaN,NaN,14294544,2549592,8039,113664,143872,NaN,NaN
2026-04-01 11:21:01.600,38964,ESTAB,cubic,236,35.008,12.3,20.073,1448,36,52128,52128,11579758,11579758,58248,NaN,8044,4145,8038,143,NaN,NaN,14294544,2549592,8039,113664,143872,NaN,NaN
2026-04-01 11:21:01.860,38964,ESTAB,cubic,232,29.894,1.046,20.073,1448,36,52128,52128,11760497,11738777,59072,NaN,8169,4203,8163,145,NaN,NaN,16740032,6687008,8149,113664,149504,15,283808
2026-04-01 11:21:02.115,38964,ESTAB,cubic,232,29.498,1.167,20.073,1448,36,52128,52128,11974801,11950185,59072,NaN,8317,4276,8311,145,NaN,NaN,16964328,6302072,8295,113664,149504,17,208743
2026-04-01 11:21:02.380,38964,ESTAB,cubic,232,29.173,1.183,20.073,1448,36,52128,52128,12183544,12170281,59072,NaN,8462,4352,8456,145,NaN,NaN,17153536,6302712,8447,113664,149504,10,NaN
2026-04-01 11:21:02.626,38964,ESTAB,cubic,232,29.843,1.035,20.073,1448,36,52128,52128,12183544,12183544,59072,NaN,8462,4357,8456,145,NaN,NaN,16768568,5511312,8457,113664,149504,NaN,NaN
2026-04-01 11:21:02.874,38964,ESTAB,cubic,232,29.843,1.035,20.073,1448,36,52128,52128,12183544,12183544,59072,NaN,8462,4357,8456,145,NaN,NaN,16768568,5511312,8457,113664,149504,NaN,NaN
2026-04-01 11:21:03.123,38964,ESTAB,cubic,232,29.843,1.035,20.073,1448,36,52128,52128,12183544,12183544,59072,NaN,8462,4357,8456,145,NaN,NaN,16768568,5511312,8457,113664,149504,NaN,NaN
2026-04-01 11:21:03.364,38964,ESTAB,cubic,232,29.843,1.035,20.073,1448,36,52128,52128,12183544,12183544,59072,NaN,8462,4357,8456,145,NaN,NaN,16768568,5511312,8457,113664,149504,NaN,NaN
2026-04-01 11:21:03.614,38964,ESTAB,cubic,232,29.843,1.035,20.073,1448,36,52128,52128,12183544,12183544,59072,NaN,8462,4357,8456,145,NaN,NaN,16768568,5511312,8457,113664,149504,NaN,NaN
2026-04-01 11:21:03.873,38964,ESTAB,cubic,232,29.298,1.222,20.073,1448,36,52128,52128,12349803,12325187,59896,NaN,8577,4408,8571,147,NaN,NaN,17080280,6300568,8555,113664,155648,17,185344
2026-04-01 11:21:04.123,38964,ESTAB,cubic,232,28.895,0.123,20.073,1448,36,52128,52128,12558315,12533699,59896,NaN,8721,4480,8715,147,NaN,NaN,17318344,6729448,8699,113664,155648,17,202720
2026-04-01 11:21:04.377,38964,ESTAB,cubic,232,29.025,0.282,20.073,1448,36,52128,52128,12766827,12745107,59896,NaN,8865,4553,8859,147,NaN,NaN,17231208,6672592,8845,113664,155648,15,201327
2026-04-01 11:21:04.622,38964,ESTAB,cubic,232,29.173,0.479,20.073,1448,36,52128,52128,12968154,12956515,59896,NaN,9005,4626,8999,147,NaN,NaN,17153608,6687144,8991,113664,155648,9,NaN
2026-04-01 11:21:04.869,38964,ESTAB,cubic,236,34.075,10.404,20.073,1448,36,52128,52128,12968154,12968154,59896,NaN,9005,4631,8999,147,NaN,NaN,14685880,2145368,9000,113664,155648,NaN,NaN
2026-04-01 11:21:05.130,38964,ESTAB,cubic,236,34.075,10.404,20.073,1448,36,52128,52128,12968154,12968154,59896,NaN,9005,4631,8999,147,NaN,NaN,14685880,2145368,9000,113664,155648,NaN,NaN
2026-04-01 11:21:05.392,38964,ESTAB,cubic,236,34.075,10.404,20.073,1448,36,52128,52128,12968154,12968154,59896,NaN,9005,4631,8999,147,NaN,NaN,14685880,2145368,9000,113664,155648,NaN,NaN
2026-04-01 11:21:05.661,38964,ESTAB,cubic,236,34.075,10.404,20.073,1448,36,52128,52128,12968154,12968154,59896,NaN,9005,4631,8999,147,NaN,NaN,14685880,2145368,9000,113664,155648,NaN,NaN
2026-04-01 11:21:05.911,38964,ESTAB,cubic,232,29.549,1.177,20.073,1448,36,52128,52128,13140205,13115589,60720,NaN,9124,4685,9118,149,NaN,NaN,16935408,6300360,9102,113664,161280,17,179552
2026-04-01 11:21:06.150,38964,ESTAB,cubic,232,28.942,0.288,20.073,1448,36,52128,52128,13337133,13312517,60720,NaN,9260,4753,9254,149,NaN,NaN,17290744,6691008,9238,113664,161280,17,208512
2026-04-01 11:21:06.407,38964,ESTAB,cubic,232,29.011,0.254,20.073,1448,36,52128,52128,13554333,13529717,60720,NaN,9410,4828,9404,149,NaN,NaN,17249472,6693584,9388,113664,161280,17,168212
2026-04-01 11:21:06.649,38964,ESTAB,cubic,232,29.466,0.525,20.073,1448,36,52128,52128,13722545,13722545,60720,NaN,9527,4895,9521,149,NaN,NaN,16983184,6690872,9522,113664,161280,NaN,NaN
2026-04-01 11:21:06.894,38964,ESTAB,cubic,232,29.466,0.525,20.073,1448,36,52128,52128,13722545,13722545,60720,NaN,9527,4895,9521,149,NaN,NaN,16983184,6690872,9522,113664,161280,NaN,NaN
2026-04-01 11:21:07.138,38964,ESTAB,cubic,232,29.466,0.525,20.073,1448,36,52128,52128,13722545,13722545,60720,NaN,9527,4895,9521,149,NaN,NaN,16983184,6690872,9522,113664,161280,NaN,NaN
2026-04-01 11:21:07.388,38964,ESTAB,cubic,232,29.466,0.525,20.073,1448,36,52128,52128,13722545,13722545,60720,NaN,9527,4895,9521,149,NaN,NaN,16983184,6690872,9522,113664,161280,NaN,NaN
2026-04-01 11:21:07.642,38964,ESTAB,cubic,232,29.466,0.525,20.073,1448,36,52128,52128,13722545,13722545,60720,NaN,9527,4895,9521,149,NaN,NaN,16983184,6690872,9522,113664,161280,NaN,NaN
2026-04-01 11:21:07.886,38964,ESTAB,cubic,232,28.735,0.084,20.073,1448,36,52128,52128,13846812,13823644,61544,NaN,9613,4932,9607,151,NaN,NaN,17415152,6693584,9592,113664,166912,16,227336
2026-04-01 11:21:08.129,38964,ESTAB,cubic,232,29.57,0.491,20.073,1448,36,52128,52128,14052428,14029260,61544,NaN,9755,5003,9749,151,NaN,NaN,16923384,6693800,9734,113664,166912,16,247608
2026-04-01 11:21:08.380,38964,ESTAB,cubic,232,30.311,0.45,20.073,1448,36,52128,52128,14263836,14237772,61544,NaN,9901,5075,9895,151,NaN,NaN,16509392,6680984,9878,113664,166912,18,250282
2026-04-01 11:21:08.621,38964,ESTAB,cubic,232,29.798,1.055,20.073,1448,36,52128,52128,14465108,14440492,61544,NaN,10040,5145,10034,151,NaN,NaN,16793544,6677616,10018,113664,166912,17,49010
2026-04-01 11:21:08.875,38964,ESTAB,cubic,236,34.015,10.277,20.073,1448,36,52128,52128,14514118,14514118,61544,NaN,10074,5171,10068,151,NaN,NaN,14711888,2428000,10069,113664,166912,NaN,NaN
2026-04-01 11:21:09.121,38964,ESTAB,cubic,236,34.015,10.277,20.073,1448,36,52128,52128,14514118,14514118,61544,NaN,10074,5171,10068,151,NaN,NaN,14711888,2428000,10069,113664,166912,NaN,NaN
2026-04-01 11:21:09.358,38964,ESTAB,cubic,236,34.015,10.277,20.073,1448,36,52128,52128,14514118,14514118,61544,NaN,10074,5171,10068,151,NaN,NaN,14711888,2428000,10069,113664,166912,NaN,NaN
2026-04-01 11:21:09.609,38964,ESTAB,cubic,236,34.015,10.277,20.073,1448,36,52128,52128,14514118,14514118,61544,NaN,10074,5171,10068,151,NaN,NaN,14711888,2428000,10069,113664,166912,NaN,NaN
2026-04-01 11:21:09.870,38964,ESTAB,cubic,232,28.64,0.388,20.073,1448,36,52128,52128,14600737,14577569,62368,NaN,10134,5196,10128,153,NaN,NaN,17472840,6692296,10113,113664,173056,16,264984
2026-04-01 11:21:10.122,38964,ESTAB,cubic,232,29.853,1.054,20.073,1448,36,52128,52128,14807801,14786081,62368,NaN,10277,5268,10271,153,NaN,NaN,16762672,6694496,10257,113664,173056,15,283808
2026-04-01 11:21:10.358,38964,ESTAB,cubic,232,28.743,1.115,20.073,1448,36,52128,52128,15013417,14988801,62368,NaN,10419,5338,10413,153,NaN,NaN,17410152,6300144,10397,113664,173056,17,191136
2026-04-01 11:21:10.600,38964,ESTAB,cubic,232,28.881,0.433,20.073,1448,36,52128,52128,15213241,15188625,62368,NaN,10557,5407,10551,153,NaN,NaN,17327192,6430416,10535,113664,173056,17,166070
2026-04-01 11:21:10.847,38964,ESTAB,cubic,232,29.477,0.622,20.073,1448,36,52128,52128,15379311,15379311,62368,NaN,10672,5473,10666,153,NaN,NaN,16976848,6694984,10667,113664,173056,NaN,NaN
2026-04-01 11:21:11.100,38964,ESTAB,cubic,232,29.477,0.622,20.073,1448,36,52128,52128,15379311,15379311,62368,NaN,10672,5473,10666,153,NaN,NaN,16976848,6694984,10667,113664,173056,NaN,NaN
2026-04-01 11:21:11.368,38964,ESTAB,cubic,232,29.477,0.622,20.073,1448,36,52128,52128,15379311,15379311,62368,NaN,10672,5473,10666,153,NaN,NaN,16976848,6694984,10667,113664,173056,NaN,NaN
2026-04-01 11:21:11.621,38964,ESTAB,cubic,232,29.477,0.622,20.073,1448,36,52128,52128,15379311,15379311,62368,NaN,10672,5473,10666,153,NaN,NaN,16976848,6694984,10667,113664,173056,NaN,NaN
2026-04-01 11:21:11.886,38964,ESTAB,cubic,228,27.9,1.3,20.073,1448,36,52128,52128,15445658,15422490,63192,NaN,10718,5490,10712,155,NaN,NaN,17935952,5754752,10697,113664,178688,16,285256
2026-04-01 11:21:12.132,38964,ESTAB,cubic,232,29.198,1.132,20.073,1448,36,52128,52128,15655618,15631002,63192,NaN,10863,5562,10857,155,NaN,NaN,17138632,6314736,10841,113664,178688,17,188240
2026-04-01 11:21:12.373,38964,ESTAB,cubic,232,28.97,0.279,20.073,1448,36,52128,52128,15858338,15833722,63192,NaN,11003,5632,10997,155,NaN,NaN,17273736,6684784,10981,113664,178688,17,211408
2026-04-01 11:21:12.623,38964,ESTAB,cubic,232,29.079,0.45,20.073,1448,36,52128,52128,16068298,16045130,63192,NaN,11148,5705,11142,155,NaN,NaN,17208760,6701544,11127,113664,178688,16,112061
2026-04-01 11:21:12.875,38964,ESTAB,cubic,232,28.7,0.269,20.073,1448,36,52128,52128,16180359,16180359,63192,NaN,11226,5752,11220,155,NaN,NaN,17436008,6303360,11221,113664,178688,NaN,NaN
2026-04-01 11:21:13.118,38964,ESTAB,cubic,232,28.7,0.269,20.073,1448,36,52128,52128,16180359,16180359,63192,NaN,11226,5752,11220,155,NaN,NaN,17436008,6303360,11221,113664,178688,NaN,NaN
2026-04-01 11:21:13.363,38964,ESTAB,cubic,232,28.7,0.269,20.073,1448,36,52128,52128,16180359,16180359,63192,NaN,11226,5752,11220,155,NaN,NaN,17436008,6303360,11221,113664,178688,NaN,NaN
2026-04-01 11:21:13.604,38964,ESTAB,cubic,232,28.7,0.269,20.073,1448,36,52128,52128,16180359,16180359,63192,NaN,11226,5752,11220,155,NaN,NaN,17436008,6303360,11221,113664,178688,NaN,NaN
2026-04-01 11:21:13.843,38964,ESTAB,cubic,228,27.856,0.471,20.073,1448,10,14480,52128,16196026,16183242,64016,NaN,11237,5755,11231,157,NaN,NaN,8316904,6303360,11223,113664,184320,9,335936
2026-04-01 11:21:14.085,38964,ESTAB,cubic,232,29.745,0.611,20.073,1448,36,52128,52128,16391506,16368338,64016,NaN,11372,5819,11366,157,NaN,NaN,16823960,6680720,11351,113664,184320,16,253400
2026-04-01 11:21:14.350,38964,ESTAB,cubic,232,30.341,0.399,20.073,1448,36,52128,52128,16611602,16585538,64016,NaN,11524,5894,11518,157,NaN,NaN,16493144,6693048,11501,113664,184320,18,259192
2026-04-01 11:21:14.595,38964,ESTAB,cubic,232,30.108,0.702,20.073,1448,36,52128,52128,16820114,16796946,64016,NaN,11668,5967,11662,157,NaN,NaN,16620776,6692320,11647,113664,184320,16,227644
2026-04-01 11:21:14.847,38964,ESTAB,cubic,232,29.614,1.126,20.073,1448,36,52128,52128,17030074,17005458,64016,NaN,11813,6039,11807,157,NaN,NaN,16898384,6307216,11791,113664,184320,17,17684
2026-04-01 11:21:15.103,38964,ESTAB,cubic,232,29.442,0.509,20.073,1448,36,52128,52128,17047758,17047758,64016,NaN,11826,6054,11820,157,NaN,NaN,16996888,6693528,11821,113664,184320,NaN,NaN
2026-04-01 11:21:15.349,38964,ESTAB,cubic,232,29.442,0.509,20.073,1448,36,52128,52128,17047758,17047758,64016,NaN,11826,6054,11820,157,NaN,NaN,16996888,6693528,11821,113664,184320,NaN,NaN
2026-04-01 11:21:15.599,38964,ESTAB,cubic,232,29.442,0.509,20.073,1448,36,52128,52128,17047758,17047758,64016,NaN,11826,6054,11820,157,NaN,NaN,16996888,6693528,11821,113664,184320,NaN,NaN
2026-04-01 11:21:15.855,38964,ESTAB,cubic,232,29.442,0.509,20.073,1448,10,14480,52128,17050641,17047758,64424,NaN,11828,6055,11822,158,NaN,NaN,16996888,6693528,11821,113664,187392,2,NaN
2026-04-01 11:21:16.093,38964,ESTAB,cubic,232,30.076,0.684,20.073,1448,36,52128,52128,17238633,17215465,64840,NaN,11958,6114,11952,159,NaN,NaN,16638392,6685560,11937,113664,189952,16,273672
2026-04-01 11:21:16.322,38964,ESTAB,cubic,232,28.855,0.694,20.073,1448,36,52128,52128,17431217,17406601,64840,NaN,12091,6180,12085,159,NaN,NaN,17342872,5951760,12069,113664,189952,17,194032
2026-04-01 11:21:16.573,38964,ESTAB,cubic,232,28.925,0.161,20.073,1448,36,52128,52128,17636833,17612217,64840,NaN,12233,6251,12227,159,NaN,NaN,17300832,6688864,12211,113664,189952,17,66721
2026-04-01 11:21:16.813,38964,ESTAB,cubic,232,29.03,0.629,20.073,1448,36,52128,52128,17703554,17703554,64840,NaN,12280,6283,12274,159,NaN,NaN,17238184,6724128,12275,113664,189952,NaN,NaN
2026-04-01 11:21:17.057,38964,ESTAB,cubic,232,29.03,0.629,20.073,1448,36,52128,52128,17703554,17703554,64840,NaN,12280,6283,12274,159,NaN,NaN,17238184,6724128,12275,113664,189952,NaN,NaN
2026-04-01 11:21:17.295,38964,ESTAB,cubic,232,29.03,0.629,20.073,1448,36,52128,52128,17703554,17703554,64840,NaN,12280,6283,12274,159,NaN,NaN,17238184,6724128,12275,113664,189952,NaN,NaN
2026-04-01 11:21:17.528,38964,ESTAB,cubic,232,29.03,0.629,20.073,1448,36,52128,52128,17703554,17703554,64840,NaN,12280,6283,12274,159,NaN,NaN,17238184,6724128,12275,113664,189952,NaN,NaN
2026-04-01 11:21:17.771,38964,ESTAB,cubic,232,29.03,0.629,20.073,1448,36,52128,52128,17703554,17703554,64840,NaN,12280,6283,12274,159,NaN,NaN,17238184,6724128,12275,113664,189952,NaN,NaN
2026-04-01 11:21:18.037,38964,ESTAB,cubic,232,28.592,0.364,20.073,1448,36,52128,52128,17813341,17790173,65664,NaN,12356,6315,12350,161,NaN,NaN,17502176,6683712,12335,113664,196096,16,241816
2026-04-01 11:21:18.292,38964,ESTAB,cubic,232,29.654,0.482,20.073,1448,36,52128,52128,18030541,18007373,65664,NaN,12506,6390,12500,161,NaN,NaN,16875448,6709312,12485,113664,196096,16,250504
2026-04-01 11:21:18.543,38964,ESTAB,cubic,232,30.211,0.587,20.073,1448,36,52128,52128,18241949,18218781,65664,NaN,12652,6463,12646,161,NaN,NaN,16564176,6698128,12631,113664,196096,16,202987
2026-04-01 11:21:18.788,38964,ESTAB,cubic,232,29.735,1.086,20.073,1448,36,52128,52128,18443221,18418605,65664,NaN,12791,6532,12785,161,NaN,NaN,16829544,6700792,12769,113664,196096,17,1715
2026-04-01 11:21:19.047,38964,ESTAB,cubic,236,35.14,10.04,20.073,1448,36,52128,52128,18444936,18444936,65664,NaN,12793,6542,12787,161,NaN,NaN,14240848,2752080,12788,113664,196096,NaN,NaN
2026-04-01 11:21:19.297,38964,ESTAB,cubic,236,35.14,10.04,20.073,1448,36,52128,52128,18444936,18444936,65664,NaN,12793,6542,12787,161,NaN,NaN,14240848,2752080,12788,113664,196096,NaN,NaN
2026-04-01 11:21:19.562,38964,ESTAB,cubic,236,35.14,10.04,20.073,1448,36,52128,52128,18444936,18444936,65664,NaN,12793,6542,12787,161,NaN,NaN,14240848,2752080,12788,113664,196096,NaN,NaN
2026-04-01 11:21:19.811,38964,ESTAB,cubic,236,35.14,10.04,20.073,1448,36,52128,52128,18444936,18444936,65664,NaN,12793,6542,12787,161,NaN,NaN,14240848,2752080,12788,113664,196096,NaN,NaN
2026-04-01 11:21:20.064,38964,ESTAB,cubic,232,28.768,0.117,20.073,1448,36,52128,52128,18551827,18528659,66488,NaN,12867,6574,12861,163,NaN,NaN,17395096,6693152,12846,113664,201728,16,244712
2026-04-01 11:21:20.328,38964,ESTAB,cubic,232,29.551,0.618,20.073,1448,36,52128,52128,18777715,18751651,66488,NaN,13023,6651,13017,163,NaN,NaN,16934264,6704128,13000,113664,201728,18,244712
2026-04-01 11:21:20.577,38964,ESTAB,cubic,232,30.282,0.379,20.073,1448,36,52128,52128,18986227,18963059,66488,NaN,13167,6724,13161,163,NaN,NaN,16525480,6692320,13146,113664,201728,16,262088
2026-04-01 11:21:20.829,38964,ESTAB,cubic,232,30.062,0.793,20.073,1448,36,52128,52128,19194739,19171571,66488,NaN,13311,6796,13305,163,NaN,NaN,16646280,6685320,13290,113664,201728,16,67409
2026-04-01 11:21:21.088,38964,ESTAB,cubic,236,34.308,11.136,20.073,1448,36,52128,52128,19262148,19262148,66488,NaN,13358,6828,13352,163,NaN,NaN,14586144,2708624,13353,113664,201728,NaN,NaN
2026-04-01 11:21:21.338,38964,ESTAB,cubic,236,34.308,11.136,20.073,1448,36,52128,52128,19262148,19262148,66488,NaN,13358,6828,13352,163,NaN,NaN,14586144,2708624,13353,113664,201728,NaN,NaN
2026-04-01 11:21:21.584,38964,ESTAB,cubic,236,34.308,11.136,20.073,1448,36,52128,52128,19262148,19262148,66488,NaN,13358,6828,13352,163,NaN,NaN,14586144,2708624,13353,113664,201728,NaN,NaN
2026-04-01 11:21:21.843,38964,ESTAB,cubic,236,34.308,11.136,20.073,1448,36,52128,52128,19262148,19262148,66488,NaN,13358,6828,13352,163,NaN,NaN,14586144,2708624,13353,113664,201728,NaN,NaN
2026-04-01 11:21:22.106,38964,ESTAB,cubic,232,28.671,0.19,20.073,1448,36,52128,52128,19383519,19357455,67312,NaN,13442,6864,13436,165,NaN,NaN,17453944,6695520,13419,113664,207360,18,230232
2026-04-01 11:21:22.361,38964,ESTAB,cubic,232,29.381,0.563,20.073,1448,36,52128,52128,19597823,19574655,67312,NaN,13590,6939,13584,165,NaN,NaN,17032248,6693152,13569,113664,207360,16,241816
2026-04-01 11:21:22.596,38964,ESTAB,cubic,232,30.222,0.519,20.073,1448,36,52128,52128,19797647,19774479,67312,NaN,13728,7008,13722,165,NaN,NaN,16558216,6679056,13707,113664,207360,16,243439
2026-04-01 11:21:22.840,38964,ESTAB,cubic,232,29.612,1.15,20.073,1448,36,52128,52128,19998919,19974303,67312,NaN,13867,7077,13861,165,NaN,NaN,16899384,6297144,13845,113664,207360,17,42167
2026-04-01 11:21:23.090,38964,ESTAB,cubic,236,33.274,8.716,20.073,1448,36,52128,52128,20041086,20041086,67312,NaN,13897,7101,13891,165,NaN,NaN,15039632,2380824,13892,113664,207360,NaN,NaN
2026-04-01 11:21:23.336,38964,ESTAB,cubic,236,33.274,8.716,20.073,1448,36,52128,52128,20041086,20041086,67312,NaN,13897,7101,13891,165,NaN,NaN,15039632,2380824,13892,113664,207360,NaN,NaN
2026-04-01 11:21:23.594,38964,ESTAB,cubic,236,33.274,8.716,20.073,1448,36,52128,52128,20041086,20041086,67312,NaN,13897,7101,13891,165,NaN,NaN,15039632,2380824,13892,113664,207360,NaN,NaN
2026-04-01 11:21:23.848,38964,ESTAB,cubic,236,33.274,8.716,20.073,1448,36,52128,52128,20041086,20041086,67312,NaN,13897,7101,13891,165,NaN,NaN,15039632,2380824,13892,113664,207360,NaN,NaN
2026-04-01 11:21:24.078,38964,ESTAB,cubic,232,28.204,1.034,20.073,1448,36,52128,52128,20116121,20090057,68136,NaN,13949,7121,13943,167,NaN,NaN,17742792,6688432,13926,113664,213504,18,276568
2026-04-01 11:21:24.310,38964,ESTAB,cubic,232,28.481,0.316,20.073,1448,36,52128,52128,20308705,20284089,68136,NaN,14082,7188,14076,167,NaN,NaN,17570072,6307648,14060,113664,213504,17,196928
2026-04-01 11:21:24.557,38964,ESTAB,cubic,232,29.034,0.353,20.073,1448,36,52128,52128,20511425,20486809,68136,NaN,14222,7258,14216,167,NaN,NaN,17235880,6691864,14200,113664,213504,17,220096
2026-04-01 11:21:24.795,38964,ESTAB,cubic,232,29.396,0.576,20.073,1448,36,52128,52128,20712697,20689529,68136,NaN,14361,7328,14355,167,NaN,NaN,17023336,6715576,14340,113664,213504,16,163705
2026-04-01 11:21:25.031,38964,ESTAB,cubic,232,30.003,0.826,20.073,1448,36,52128,52128,20876402,20876402,68136,NaN,14475,7393,14469,167,NaN,NaN,16679008,5515248,14470,113664,213504,NaN,NaN
2026-04-01 11:21:25.275,38964,ESTAB,cubic,232,30.003,0.826,20.073,1448,36,52128,52128,20876402,20876402,68136,NaN,14475,7393,14469,167,NaN,NaN,16679008,5515248,14470,113664,213504,NaN,NaN
2026-04-01 11:21:25.514,38964,ESTAB,cubic,232,30.003,0.826,20.073,1448,36,52128,52128,20876402,20876402,68136,NaN,14475,7393,14469,167,NaN,NaN,16679008,5515248,14470,113664,213504,NaN,NaN
2026-04-01 11:21:25.755,38964,ESTAB,cubic,232,30.003,0.826,20.073,1448,36,52128,52128,20876402,20876402,68136,NaN,14475,7393,14469,167,NaN,NaN,16679008,5515248,14470,113664,213504,NaN,NaN
2026-04-01 11:21:25.993,38964,ESTAB,cubic,232,30.003,0.826,20.073,1448,36,52128,52128,20876402,20876402,68136,NaN,14475,7393,14469,167,NaN,NaN,16679008,5515248,14470,113664,213504,NaN,NaN
2026-04-01 11:21:26.228,38964,ESTAB,cubic,232,29.698,1.13,20.073,1448,36,52128,52128,21048453,21026733,68960,NaN,14594,7447,14588,169,NaN,NaN,16850376,6720472,14574,113664,219136,15,179552
2026-04-01 11:21:26.463,38964,ESTAB,cubic,232,28.916,0.232,20.073,1448,36,52128,52128,21248277,21223661,68960,NaN,14732,7515,14726,169,NaN,NaN,17305992,6694232,14710,113664,219136,17,205616
2026-04-01 11:21:26.698,38964,ESTAB,cubic,232,29.202,0.616,20.073,1448,36,52128,52128,21440861,21417693,68960,NaN,14865,7582,14859,169,NaN,NaN,17136576,6692296,14844,113664,219136,16,238920
2026-04-01 11:21:26.946,38964,ESTAB,cubic,232,29.922,0.432,20.073,1448,36,52128,52128,21649373,21626205,68960,NaN,15009,7654,15003,169,NaN,NaN,16723952,6675448,14988,113664,219136,16,85834
2026-04-01 11:21:27.193,38964,ESTAB,cubic,232,30.32,0.323,20.073,1448,36,52128,52128,21735207,21735207,68960,NaN,15069,7692,15063,169,NaN,NaN,16504768,5858320,15064,113664,219136,NaN,NaN
2026-04-01 11:21:27.443,38964,ESTAB,cubic,232,30.32,0.323,20.073,1448,36,52128,52128,21735207,21735207,68960,NaN,15069,7692,15063,169,NaN,NaN,16504768,5858320,15064,113664,219136,NaN,NaN
2026-04-01 11:21:27.683,38964,ESTAB,cubic,232,30.32,0.323,20.073,1448,36,52128,52128,21735207,21735207,68960,NaN,15069,7692,15063,169,NaN,NaN,16504768,5858320,15064,113664,219136,NaN,NaN
2026-04-01 11:21:27.930,38964,ESTAB,cubic,232,30.32,0.323,20.073,1448,36,52128,52128,21735207,21735207,68960,NaN,15069,7692,15063,169,NaN,NaN,16504768,5858320,15064,113664,219136,NaN,NaN
2026-04-01 11:21:28.168,38964,ESTAB,cubic,232,28.454,0.571,20.073,1448,36,52128,52128,21830514,21807346,69784,NaN,15135,7719,15129,171,NaN,NaN,17587208,6718608,15114,113664,224768,16,256296
2026-04-01 11:21:28.431,38964,ESTAB,cubic,232,30.289,0.455,20.073,1448,36,52128,52128,22047714,22024546,69784,NaN,15285,7794,15279,171,NaN,NaN,16521592,6694984,15264,113664,224768,16,264984
2026-04-01 11:21:28.674,38964,ESTAB,cubic,232,30.028,1.094,20.073,1448,36,52128,52128,22254778,22230162,69784,NaN,15428,7865,15422,171,NaN,NaN,16665192,6301216,15406,113664,224768,17,283808
2026-04-01 11:21:28.925,38964,ESTAB,cubic,232,29.499,1.142,20.073,1448,36,52128,52128,22466186,22444466,69784,NaN,15574,7939,15568,171,NaN,NaN,16963896,6300568,15554,113664,224768,15,171133
2026-04-01 11:21:29.163,38964,ESTAB,cubic,232,28.709,0.322,20.073,1448,36,52128,52128,22637319,22637319,69784,NaN,15693,8006,15687,171,NaN,NaN,17431000,6303144,15688,113664,224768,NaN,NaN
2026-04-01 11:21:29.405,38964,ESTAB,cubic,232,28.709,0.322,20.073,1448,36,52128,52128,22637319,22637319,69784,NaN,15693,8006,15687,171,NaN,NaN,17431000,6303144,15688,113664,224768,NaN,NaN
2026-04-01 11:21:29.662,38964,ESTAB,cubic,232,28.709,0.322,20.073,1448,36,52128,52128,22637319,22637319,69784,NaN,15693,8006,15687,171,NaN,NaN,17431000,6303144,15688,113664,224768,NaN,NaN
2026-04-01 11:21:29.898,38964,ESTAB,cubic,232,28.709,0.322,20.073,1448,36,52128,52128,22637319,22637319,69784,NaN,15693,8006,15687,171,NaN,NaN,17431000,6303144,15688,113664,224768,NaN,NaN
2026-04-01 11:21:30.135,38964,ESTAB,cubic,228,26.755,1.782,20.073,1448,26,37648,52128,22686290,22663122,70608,NaN,15727,8017,15721,173,NaN,NaN,13508216,5414344,15706,113664,230912,16,302632
2026-04-01 11:21:30.380,38964,ESTAB,cubic,232,28.871,0.247,20.073,1448,36,52128,52128,22893354,22868738,70608,NaN,15870,8088,15864,173,NaN,NaN,17332736,6700256,15848,113664,230912,17,208512
2026-04-01 11:21:30.618,38964,ESTAB,cubic,232,29.133,0.586,20.073,1448,36,52128,52128,23091730,23068562,70608,NaN,16007,8157,16001,173,NaN,NaN,17176864,6705856,15986,113664,230912,16,119909
2026-04-01 11:21:30.858,38964,ESTAB,cubic,236,33.646,9.642,20.073,1448,36,52128,52128,23211639,23211639,70608,NaN,16090,8207,16084,173,NaN,NaN,14873184,2510144,16085,113664,230912,NaN,NaN
2026-04-01 11:21:31.107,38964,ESTAB,cubic,236,33.646,9.642,20.073,1448,36,52128,52128,23211639,23211639,70608,NaN,16090,8207,16084,173,NaN,NaN,14873184,2510144,16085,113664,230912,NaN,NaN
2026-04-01 11:21:31.367,38964,ESTAB,cubic,236,33.646,9.642,20.073,1448,36,52128,52128,23211639,23211639,70608,NaN,16090,8207,16084,173,NaN,NaN,14873184,2510144,16085,113664,230912,NaN,NaN
2026-04-01 11:21:31.631,38964,ESTAB,cubic,236,33.646,9.642,20.073,1448,36,52128,52128,23211639,23211639,70608,NaN,16090,8207,16084,173,NaN,NaN,14873184,2510144,16085,113664,230912,NaN,NaN
2026-04-01 11:21:31.887,38964,ESTAB,cubic,236,33.646,9.642,20.073,1448,36,52128,52128,23211639,23211639,70608,NaN,16090,8207,16084,173,NaN,NaN,14873184,2510144,16085,113664,230912,NaN,NaN
2026-04-01 11:21:32.128,38964,ESTAB,cubic,232,30.707,9.77,20.073,1448,10,14480,52128,23227306,23214522,71432,NaN,16101,8211,16095,175,NaN,NaN,7544760,2510144,16087,113664,236544,9,335936
2026-04-01 11:21:32.361,38964,ESTAB,cubic,232,30.289,0.453,20.073,1448,36,52128,52128,23416994,23390930,71432,NaN,16232,8272,16226,175,NaN,NaN,16521456,6701272,16209,113664,236544,18,259192
2026-04-01 11:21:32.618,38964,ESTAB,cubic,232,30.186,0.641,20.073,1448,36,52128,52128,23628402,23605234,71432,NaN,16378,8346,16372,175,NaN,NaN,16577968,6677616,16357,113664,236544,16,273672
2026-04-01 11:21:32.880,38964,ESTAB,cubic,232,30.055,0.797,20.073,1448,36,52128,52128,23848498,23825330,71432,NaN,16530,8422,16524,175,NaN,NaN,16650360,6685560,16509,113664,236544,16,160501
2026-04-01 11:21:33.133,38964,ESTAB,cubic,232,28.926,0.17,20.073,1448,36,52128,52128,24008999,24007778,71432,NaN,16641,8485,16635,175,NaN,NaN,17300008,6694232,16635,113664,236544,1,NaN
2026-04-01 11:21:33.369,38964,ESTAB,cubic,236,33.396,9.067,20.073,1448,36,52128,52128,24008999,24008999,71432,NaN,16641,8486,16635,175,NaN,NaN,14984576,2595136,16636,113664,236544,NaN,NaN
2026-04-01 11:21:33.633,38964,ESTAB,cubic,236,33.396,9.067,20.073,1448,36,52128,52128,24008999,24008999,71432,NaN,16641,8486,16635,175,NaN,NaN,14984576,2595136,16636,113664,236544,NaN,NaN
2026-04-01 11:21:33.883,38964,ESTAB,cubic,236,33.396,9.067,20.073,1448,36,52128,52128,24008999,24008999,71432,NaN,16641,8486,16635,175,NaN,NaN,14984576,2595136,16636,113664,236544,NaN,NaN
2026-04-01 11:21:34.127,38964,ESTAB,cubic,236,33.396,9.067,20.073,1448,10,14480,52128,24011882,24008999,71840,NaN,16643,8487,16637,176,NaN,NaN,14984576,2595136,16636,113664,239616,2,NaN
2026-04-01 11:21:34.381,38964,ESTAB,cubic,232,30.1,0.704,20.073,1448,36,52128,52128,24202770,24179602,72256,NaN,16775,8548,16769,177,NaN,NaN,16625472,6692808,16754,113664,242176,16,270776
2026-04-01 11:21:34.645,38964,ESTAB,cubic,232,29.884,0.822,20.073,1448,36,52128,52128,24425762,24402594,72256,NaN,16929,8625,16923,177,NaN,NaN,16745288,6668008,16908,113664,242176,16,273672
2026-04-01 11:21:34.887,38964,ESTAB,cubic,232,29.498,1.168,20.073,1448,36,52128,52128,24627034,24605314,72256,NaN,17068,8695,17062,177,NaN,NaN,16964472,6294368,17048,113664,242176,15,149701
2026-04-01 11:21:35.138,38964,ESTAB,cubic,236,34.429,10.744,20.073,1448,36,52128,52128,24776735,24776735,72256,NaN,17172,8755,17166,177,NaN,NaN,14534936,2381904,17167,113664,242176,NaN,NaN
2026-04-01 11:21:35.390,38964,ESTAB,cubic,236,34.429,10.744,20.073,1448,36,52128,52128,24776735,24776735,72256,NaN,17172,8755,17166,177,NaN,NaN,14534936,2381904,17167,113664,242176,NaN,NaN
2026-04-01 11:21:35.641,38964,ESTAB,cubic,236,34.429,10.744,20.073,1448,36,52128,52128,24776735,24776735,72256,NaN,17172,8755,17166,177,NaN,NaN,14534936,2381904,17167,113664,242176,NaN,NaN
2026-04-01 11:21:35.896,38964,ESTAB,cubic,236,34.429,10.744,20.073,1448,36,52128,52128,24776735,24776735,72256,NaN,17172,8755,17166,177,NaN,NaN,14534936,2381904,17167,113664,242176,NaN,NaN
2026-04-01 11:21:36.130,38964,ESTAB,cubic,236,34.429,10.744,20.073,1448,36,52128,52128,24776735,24776735,72256,NaN,17172,8755,17166,177,NaN,NaN,14534936,2381904,17167,113664,242176,NaN,NaN
2026-04-01 11:21:36.383,38964,ESTAB,cubic,232,29.596,1.145,20.073,1448,36,52128,52128,24951682,24927066,73080,NaN,17293,8810,17287,179,NaN,NaN,16908160,6725352,17271,113664,248320,17,176656
2026-04-01 11:21:36.638,38964,ESTAB,cubic,232,29.375,1.193,20.073,1448,36,52128,52128,25168882,25144266,73080,NaN,17443,8885,17437,179,NaN,NaN,17035656,6300360,17421,113664,248320,17,185344
2026-04-01 11:21:36.904,38964,ESTAB,cubic,232,29.008,0.997,20.073,1448,36,52128,52128,25388978,25364362,73080,NaN,17595,8961,17589,179,NaN,NaN,17250960,6290096,17573,113664,248320,17,191136
2026-04-01 11:21:37.140,38964,ESTAB,cubic,232,28.977,0.313,20.073,1448,36,52128,52128,25591698,25567082,73080,NaN,17735,9031,17729,179,NaN,NaN,17269488,6698104,17713,113664,248320,17,87080
2026-04-01 11:21:37.383,38964,ESTAB,cubic,232,28.783,0.351,20.073,1448,36,52128,52128,25678778,25678778,73080,NaN,17796,9070,17790,179,NaN,NaN,17385808,6298640,17791,113664,248320,NaN,NaN
2026-04-01 11:21:37.641,38964,ESTAB,cubic,232,28.783,0.351,20.073,1448,36,52128,52128,25678778,25678778,73080,NaN,17796,9070,17790,179,NaN,NaN,17385808,6298640,17791,113664,248320,NaN,NaN
2026-04-01 11:21:37.891,38964,ESTAB,cubic,232,28.783,0.351,20.073,1448,36,52128,52128,25678778,25678778,73080,NaN,17796,9070,17790,179,NaN,NaN,17385808,6298640,17791,113664,248320,NaN,NaN
2026-04-01 11:21:38.133,38964,ESTAB,cubic,232,28.783,0.351,20.073,1448,36,52128,52128,25678778,25678778,73080,NaN,17796,9070,17790,179,NaN,NaN,17385808,6298640,17791,113664,248320,NaN,NaN
2026-04-01 11:21:38.385,38964,ESTAB,cubic,232,28.405,0.201,20.073,1448,36,52128,52128,25830557,25805941,73904,NaN,17901,9116,17895,181,NaN,NaN,17617392,5946992,17879,113664,253952,17,199824
2026-04-01 11:21:38.649,38964,ESTAB,cubic,232,28.923,0.172,20.073,1448,36,52128,52128,26050653,26028933,73904,NaN,18053,9193,18047,181,NaN,NaN,17301880,6694232,18033,113664,253952,15,205616
2026-04-01 11:21:38.908,38964,ESTAB,cubic,232,29.042,0.307,20.073,1448,36,52128,52128,26257523,26243237,73904,NaN,18196,9267,18190,181,NaN,NaN,17231208,6700040,18181,113664,253952,10,NaN
2026-04-01 11:21:39.158,38964,ESTAB,cubic,232,28.491,0.332,20.073,1448,36,52128,52128,26257523,26257523,73904,NaN,18196,9272,18190,181,NaN,NaN,17564216,5514496,18191,113664,253952,NaN,NaN
2026-04-01 11:21:39.403,38964,ESTAB,cubic,232,28.491,0.332,20.073,1448,36,52128,52128,26257523,26257523,73904,NaN,18196,9272,18190,181,NaN,NaN,17564216,5514496,18191,113664,253952,NaN,NaN
2026-04-01 11:21:39.651,38964,ESTAB,cubic,232,28.491,0.332,20.073,1448,36,52128,52128,26257523,26257523,73904,NaN,18196,9272,18190,181,NaN,NaN,17564216,5514496,18191,113664,253952,NaN,NaN
2026-04-01 11:21:39.896,38964,ESTAB,cubic,232,28.491,0.332,20.073,1448,36,52128,52128,26257523,26257523,73904,NaN,18196,9272,18190,181,NaN,NaN,17564216,5514496,18191,113664,253952,NaN,NaN
2026-04-01 11:21:40.129,38964,ESTAB,cubic,232,28.491,0.332,20.073,1448,36,52128,52128,26257523,26257523,73904,NaN,18196,9272,18190,181,NaN,NaN,17564216,5514496,18191,113664,253952,NaN,NaN
2026-04-01 11:21:40.368,38964,ESTAB,cubic,232,28.739,0.211,20.073,1448,36,52128,52128,26373102,26347038,74728,NaN,18276,9305,18270,183,NaN,NaN,17412728,6693800,18253,113664,259584,18,236024
2026-04-01 11:21:40.634,38964,ESTAB,cubic,232,29.409,0.489,20.073,1448,36,52128,52128,26596094,26572926,74728,NaN,18430,9383,18424,183,NaN,NaN,17016176,6720984,18409,113664,259584,16,238920
2026-04-01 11:21:40.891,38964,ESTAB,cubic,232,29.69,0.595,20.073,1448,36,52128,52128,26810398,26784334,74728,NaN,18578,9456,18572,183,NaN,NaN,16855056,6675800,18555,113664,259584,18,181072
2026-04-01 11:21:41.139,38964,ESTAB,cubic,232,30.063,0.672,20.073,1448,36,52128,52128,26991470,26991470,74728,NaN,18704,9528,18698,183,NaN,NaN,16645720,5522384,18699,113664,259584,NaN,NaN
2026-04-01 11:21:41.396,38964,ESTAB,cubic,232,30.063,0.672,20.073,1448,36,52128,52128,26991470,26991470,74728,NaN,18704,9528,18698,183,NaN,NaN,16645720,5522384,18699,113664,259584,NaN,NaN
2026-04-01 11:21:41.660,38964,ESTAB,cubic,232,30.063,0.672,20.073,1448,36,52128,52128,26991470,26991470,74728,NaN,18704,9528,18698,183,NaN,NaN,16645720,5522384,18699,113664,259584,NaN,NaN
2026-04-01 11:21:41.913,38964,ESTAB,cubic,232,30.063,0.672,20.073,1448,36,52128,52128,26991470,26991470,74728,NaN,18704,9528,18698,183,NaN,NaN,16645720,5522384,18699,113664,259584,NaN,NaN
2026-04-01 11:21:42.145,38964,ESTAB,cubic,232,30.063,0.672,20.073,1448,36,52128,52128,26991470,26991470,74728,NaN,18704,9528,18698,183,NaN,NaN,16645720,5522384,18699,113664,259584,NaN,NaN
2026-04-01 11:21:42.390,38964,ESTAB,cubic,232,28.706,0.225,20.073,1448,36,52128,52128,27101257,27075193,75552,NaN,18780,9559,18774,185,NaN,NaN,17432440,6689288,18757,113664,265728,18,241816
2026-04-01 11:21:42.647,38964,ESTAB,cubic,232,29.878,0.58,20.073,1448,36,52128,52128,27315561,27289497,75552,NaN,18928,9633,18922,185,NaN,NaN,16748792,6690392,18905,113664,265728,18,253400
2026-04-01 11:21:42.899,38964,ESTAB,cubic,232,30.266,0.499,20.073,1448,36,52128,52128,27526969,27503801,75552,NaN,19074,9707,19068,185,NaN,NaN,16534008,6688944,19053,113664,265728,16,267880
2026-04-01 11:21:43.147,38964,ESTAB,cubic,232,29.897,0.928,20.073,1448,36,52128,52128,27734033,27712313,75552,NaN,19217,9779,19211,185,NaN,NaN,16738008,6705880,19197,113664,265728,15,83904
2026-04-01 11:21:43.398,38964,ESTAB,cubic,236,35.112,11.709,20.073,1448,36,52128,52128,27817937,27817937,75552,NaN,19275,9816,19269,185,NaN,NaN,14252152,2672632,19270,113664,265728,NaN,NaN
2026-04-01 11:21:43.639,38964,ESTAB,cubic,236,35.112,11.709,20.073,1448,36,52128,52128,27817937,27817937,75552,NaN,19275,9816,19269,185,NaN,NaN,14252152,2672632,19270,113664,265728,NaN,NaN
2026-04-01 11:21:43.878,38964,ESTAB,cubic,236,35.112,11.709,20.073,1448,36,52128,52128,27817937,27817937,75552,NaN,19275,9816,19269,185,NaN,NaN,14252152,2672632,19270,113664,265728,NaN,NaN
2026-04-01 11:21:44.122,38964,ESTAB,cubic,236,35.112,11.709,20.073,1448,36,52128,52128,27817937,27817937,75552,NaN,19275,9816,19269,185,NaN,NaN,14252152,2672632,19270,113664,265728,NaN,NaN
2026-04-01 11:21:44.383,38964,ESTAB,cubic,232,28.684,0.674,20.073,1448,36,52128,52128,27892972,27869804,76376,NaN,19327,9837,19321,187,NaN,NaN,17445888,6694448,19306,113664,271360,16,276568
2026-04-01 11:21:44.634,38964,ESTAB,cubic,232,29.759,1.064,20.073,1448,36,52128,52128,28102932,28081212,76376,NaN,19472,9910,19466,187,NaN,NaN,16815976,6701272,19452,113664,271360,15,179552
2026-04-01 11:21:44.887,38964,ESTAB,cubic,232,28.958,0.98,20.073,1448,36,52128,52128,28317236,28292620,76376,NaN,19620,9983,19614,187,NaN,NaN,17280664,6301424,19598,113664,271360,17,191136
2026-04-01 11:21:45.138,38964,ESTAB,cubic,232,28.936,0.21,20.073,1448,36,52128,52128,28528644,28504028,76376,NaN,19766,10056,19760,187,NaN,NaN,17294176,6696808,19744,113664,271360,17,86546
2026-04-01 11:21:45.385,38964,ESTAB,cubic,236,33.301,8.891,20.073,1448,36,52128,52128,28615190,28615190,76376,NaN,19826,10095,19820,187,NaN,NaN,15027152,2624608,19821,113664,271360,NaN,NaN
2026-04-01 11:21:45.643,38964,ESTAB,cubic,236,33.301,8.891,20.073,1448,36,52128,52128,28615190,28615190,76376,NaN,19826,10095,19820,187,NaN,NaN,15027152,2624608,19821,113664,271360,NaN,NaN
2026-04-01 11:21:45.894,38964,ESTAB,cubic,236,33.301,8.891,20.073,1448,36,52128,52128,28615190,28615190,76376,NaN,19826,10095,19820,187,NaN,NaN,15027152,2624608,19821,113664,271360,NaN,NaN
2026-04-01 11:21:46.135,38964,ESTAB,cubic,236,33.301,8.891,20.073,1448,36,52128,52128,28615190,28615190,76376,NaN,19826,10095,19820,187,NaN,NaN,15027152,2624608,19821,113664,271360,NaN,NaN
2026-04-01 11:21:46.376,38964,ESTAB,cubic,232,28.301,4.059,20.073,1448,22,31856,52128,28661265,28635201,77200,NaN,19858,10105,19852,189,NaN,NaN,10805552,5257800,19835,113664,276992,18,305528
2026-04-01 11:21:46.639,38964,ESTAB,cubic,232,28.567,0.343,20.073,1448,36,52128,52128,28882809,28858193,77200,NaN,20011,10182,20005,189,NaN,NaN,17517184,6295864,19989,113664,276992,17,196928
2026-04-01 11:21:46.882,38964,ESTAB,cubic,232,29.017,0.366,20.073,1448,36,52128,52128,29082633,29060913,77200,NaN,20149,10252,20143,189,NaN,NaN,17245528,6690576,20129,113664,276992,15,222992
2026-04-01 11:21:47.140,38964,ESTAB,cubic,232,29.205,0.441,20.073,1448,36,52128,52128,29301281,29275217,77200,NaN,20300,10326,20294,189,NaN,NaN,17134592,6658952,20277,113664,276992,18,99136
2026-04-01 11:21:47.391,38964,ESTAB,cubic,236,33.861,9.859,20.073,1448,36,52128,52128,29400417,29400417,77200,NaN,20369,10370,20363,189,NaN,NaN,14778912,2491072,20364,113664,276992,NaN,NaN
2026-04-01 11:21:47.642,38964,ESTAB,cubic,236,33.861,9.859,20.073,1448,36,52128,52128,29400417,29400417,77200,NaN,20369,10370,20363,189,NaN,NaN,14778912,2491072,20364,113664,276992,NaN,NaN
2026-04-01 11:21:47.896,38964,ESTAB,cubic,236,33.861,9.859,20.073,1448,36,52128,52128,29400417,29400417,77200,NaN,20369,10370,20363,189,NaN,NaN,14778912,2491072,20364,113664,276992,NaN,NaN
2026-04-01 11:21:48.131,38964,ESTAB,cubic,236,33.861,9.859,20.073,1448,36,52128,52128,29400417,29400417,77200,NaN,20369,10370,20363,189,NaN,NaN,14778912,2491072,20364,113664,276992,NaN,NaN
2026-04-01 11:21:48.385,38964,ESTAB,cubic,232,29.081,6.513,20.073,1448,16,23168,52128,29432012,29411740,78024,NaN,20391,10377,20385,191,NaN,NaN,12746408,2491072,20372,113664,282624,14,320008
2026-04-01 11:21:48.652,38964,ESTAB,cubic,232,29.004,0.25,20.073,1448,36,52128,52128,29650660,29626044,78024,NaN,20542,10451,20536,191,NaN,NaN,17253704,6657256,20520,113664,282624,17,214304
2026-04-01 11:21:48.908,38964,ESTAB,cubic,232,29.107,0.381,20.073,1448,36,52128,52128,29863516,29843244,78024,NaN,20689,10526,20683,191,NaN,NaN,17192280,6677512,20670,113664,282624,14,227336
2026-04-01 11:21:49.156,38964,ESTAB,cubic,232,29.116,0.657,20.073,1448,36,52128,52128,30077820,30054652,78024,NaN,20837,10599,20831,191,NaN,NaN,17186896,6727304,20816,113664,282624,16,126425
2026-04-01 11:21:49.395,38964,ESTAB,cubic,232,28.389,0.319,20.073,1448,36,52128,52128,30204245,30204245,78024,NaN,20925,10651,20919,191,NaN,NaN,17627552,5503272,20920,113664,282624,NaN,NaN
2026-04-01 11:21:49.633,38964,ESTAB,cubic,232,28.389,0.319,20.073,1448,36,52128,52128,30204245,30204245,78024,NaN,20925,10651,20919,191,NaN,NaN,17627552,5503272,20920,113664,282624,NaN,NaN
2026-04-01 11:21:49.865,38964,ESTAB,cubic,232,28.389,0.319,20.073,1448,36,52128,52128,30204245,30204245,78024,NaN,20925,10651,20919,191,NaN,NaN,17627552,5503272,20920,113664,282624,NaN,NaN
2026-04-01 11:21:50.115,38964,ESTAB,cubic,232,28.389,0.319,20.073,1448,36,52128,52128,30204245,30204245,78024,NaN,20925,10651,20919,191,NaN,NaN,17627552,5503272,20920,113664,282624,NaN,NaN
2026-04-01 11:21:50.379,38964,ESTAB,cubic,228,27.579,0.511,20.073,1448,10,14480,52128,30207128,30207128,78432,NaN,20927,10653,20921,192,NaN,NaN,8400400,5503272,20922,113664,285696,NaN,NaN
2026-04-01 11:21:50.623,38964,ESTAB,cubic,232,30.27,0.438,20.073,1448,36,52128,52128,30406704,30383536,78848,NaN,21065,10715,21059,193,NaN,NaN,16531896,6702000,21044,113664,288768,16,262088
2026-04-01 11:21:50.878,38964,ESTAB,cubic,232,30.049,0.746,20.073,1448,36,52128,52128,30621008,30597840,78848,NaN,21213,10789,21207,193,NaN,NaN,16653752,6690872,21192,113664,288768,16,273672
2026-04-01 11:21:51.128,38964,ESTAB,cubic,232,29.822,1.009,20.073,1448,36,52128,52128,30830968,30809248,78848,NaN,21358,10862,21352,193,NaN,NaN,16780032,6696192,21338,113664,288768,15,174288
2026-04-01 11:21:51.368,38964,ESTAB,cubic,232,28.7,0.246,20.073,1448,36,52128,52128,31005256,31005256,78848,NaN,21479,10930,21473,193,NaN,NaN,17436080,6293080,21474,113664,288768,NaN,NaN
2026-04-01 11:21:51.622,38964,ESTAB,cubic,232,28.7,0.246,20.073,1448,36,52128,52128,31005256,31005256,78848,NaN,21479,10930,21473,193,NaN,NaN,17436080,6293080,21474,113664,288768,NaN,NaN
2026-04-01 11:21:51.891,38964,ESTAB,cubic,232,28.7,0.246,20.073,1448,36,52128,52128,31005256,31005256,78848,NaN,21479,10930,21473,193,NaN,NaN,17436080,6293080,21474,113664,288768,NaN,NaN
2026-04-01 11:21:52.136,38964,ESTAB,cubic,232,28.7,0.246,20.073,1448,36,52128,52128,31005256,31005256,78848,NaN,21479,10930,21473,193,NaN,NaN,17436080,6293080,21474,113664,288768,NaN,NaN
2026-04-01 11:21:52.390,38964,ESTAB,cubic,232,28.7,0.246,20.073,1448,36,52128,52128,31005256,31005256,78848,NaN,21479,10930,21473,193,NaN,NaN,17436080,6293080,21474,113664,288768,NaN,NaN
2026-04-01 11:21:52.644,38964,ESTAB,cubic,232,30.035,0.785,20.073,1448,36,52128,52128,31199027,31175859,79672,NaN,21613,10991,21607,195,NaN,NaN,16661448,6709040,21592,113664,294400,16,270776
2026-04-01 11:21:52.908,38964,ESTAB,cubic,232,30.026,0.866,20.073,1448,36,52128,52128,31411883,31390163,79672,NaN,21760,11065,21754,195,NaN,NaN,16666232,6691112,21740,113664,294400,15,283808
2026-04-01 11:21:53.140,38964,ESTAB,cubic,232,28.953,1.008,20.073,1448,36,52128,52128,31614603,31592883,79672,NaN,21900,11135,21894,195,NaN,NaN,17284096,6301424,21880,113664,294400,15,194032
2026-04-01 11:21:53.377,38964,ESTAB,cubic,232,28.985,0.373,20.073,1448,36,52128,52128,31807187,31786915,79672,NaN,22033,11202,22027,195,NaN,NaN,17264944,6697456,22014,113664,294400,14,41345
2026-04-01 11:21:53.629,38964,ESTAB,cubic,236,34.837,10.189,20.073,1448,36,52128,52128,31848532,31848532,79672,NaN,22062,11224,22056,195,NaN,NaN,14364864,2782136,22057,113664,294400,NaN,NaN
2026-04-01 11:21:53.886,38964,ESTAB,cubic,236,34.837,10.189,20.073,1448,36,52128,52128,31848532,31848532,79672,NaN,22062,11224,22056,195,NaN,NaN,14364864,2782136,22057,113664,294400,NaN,NaN
2026-04-01 11:21:54.119,38964,ESTAB,cubic,236,34.837,10.189,20.073,1448,36,52128,52128,31848532,31848532,79672,NaN,22062,11224,22056,195,NaN,NaN,14364864,2782136,22057,113664,294400,NaN,NaN
2026-04-01 11:21:54.357,38964,ESTAB,cubic,236,34.837,10.189,20.073,1448,36,52128,52128,31848532,31848532,79672,NaN,22062,11224,22056,195,NaN,NaN,14364864,2782136,22057,113664,294400,NaN,NaN
2026-04-01 11:21:54.607,38964,ESTAB,cubic,232,28.778,0.063,20.073,1448,36,52128,52128,31985831,31961215,80496,NaN,22157,11266,22151,197,NaN,NaN,17388976,6673872,22135,113664,300032,17,214304
2026-04-01 11:21:54.852,38964,ESTAB,cubic,232,29.197,0.515,20.073,1448,36,52128,52128,32192895,32169727,80496,NaN,22300,11338,22294,197,NaN,NaN,17139656,6703696,22279,113664,300032,16,233128
2026-04-01 11:21:55.107,38964,ESTAB,cubic,232,29.417,0.508,20.073,1448,36,52128,52128,32410095,32386927,80496,NaN,22450,11413,22444,197,NaN,NaN,17011256,6694656,22429,113664,300032,16,241816
2026-04-01 11:21:55.341,38964,ESTAB,cubic,232,30.184,0.601,20.073,1448,36,52128,52128,32604127,32580959,80496,NaN,22584,11480,22578,197,NaN,NaN,16579064,6702488,22563,113664,300032,16,75482
2026-04-01 11:21:55.584,38964,ESTAB,cubic,236,34.818,10.763,20.073,1448,36,52128,52128,32679609,32679609,80496,NaN,22637,11515,22631,197,NaN,NaN,14372336,2728328,22632,113664,300032,NaN,NaN
2026-04-01 11:21:55.821,38964,ESTAB,cubic,236,34.818,10.763,20.073,1448,36,52128,52128,32679609,32679609,80496,NaN,22637,11515,22631,197,NaN,NaN,14372336,2728328,22632,113664,300032,NaN,NaN
2026-04-01 11:21:56.063,38964,ESTAB,cubic,236,34.818,10.763,20.073,1448,36,52128,52128,32679609,32679609,80496,NaN,22637,11515,22631,197,NaN,NaN,14372336,2728328,22632,113664,300032,NaN,NaN
2026-04-01 11:21:56.306,38964,ESTAB,cubic,236,34.818,10.763,20.073,1448,36,52128,52128,32679609,32679609,80496,NaN,22637,11515,22631,197,NaN,NaN,14372336,2728328,22632,113664,300032,NaN,NaN
2026-04-01 11:21:56.562,38964,ESTAB,cubic,232,28.265,0.831,20.073,1448,36,52128,52128,32757540,32734372,81320,NaN,22691,11537,22685,199,NaN,NaN,17704576,6429080,22670,113664,306176,16,273672
2026-04-01 11:21:56.812,38964,ESTAB,cubic,232,29.865,0.997,20.073,1448,36,52128,52128,32970396,32948676,81320,NaN,22838,11611,22832,199,NaN,NaN,16756152,6694984,22818,113664,306176,15,286704
2026-04-01 11:21:57.033,38964,ESTAB,cubic,232,28.929,0.325,20.073,1448,36,52128,52128,33155740,33131124,81320,NaN,22966,11674,22960,199,NaN,NaN,17298440,6694448,22944,113664,306176,17,214304
2026-04-01 11:21:57.257,38964,ESTAB,cubic,232,28.601,0.662,20.073,1448,36,52128,52128,33342532,33320812,81320,NaN,23095,11739,23089,199,NaN,NaN,17496744,6300568,23075,113664,306176,15,198776
2026-04-01 11:21:57.515,38964,ESTAB,cubic,232,28.982,0.269,20.073,1448,36,52128,52128,33541308,33526428,81320,NaN,23233,11810,23227,199,NaN,NaN,17266584,6664064,23217,113664,306176,11,NaN
2026-04-01 11:21:57.767,38964,ESTAB,cubic,236,33.933,11.094,20.073,1448,36,52128,52128,33541308,33541308,81320,NaN,23233,11816,23227,199,NaN,NaN,14747552,2646312,23228,113664,306176,NaN,NaN
2026-04-01 11:21:58.026,38964,ESTAB,cubic,236,33.933,11.094,20.073,1448,36,52128,52128,33541308,33541308,81320,NaN,23233,11816,23227,199,NaN,NaN,14747552,2646312,23228,113664,306176,NaN,NaN
2026-04-01 11:21:58.274,38964,ESTAB,cubic,236,33.933,11.094,20.073,1448,36,52128,52128,33541308,33541308,81320,NaN,23233,11816,23227,199,NaN,NaN,14747552,2646312,23228,113664,306176,NaN,NaN
2026-04-01 11:21:58.516,38964,ESTAB,cubic,232,30.916,10.976,20.073,1448,10,14480,52128,33556975,33544191,82144,NaN,23244,11820,23238,201,NaN,NaN,7493672,2646312,23230,113664,311808,9,335936
2026-04-01 11:21:58.768,38964,ESTAB,cubic,232,29.306,0.533,20.073,1448,36,52128,52128,33766935,33743767,82144,NaN,23389,11889,23383,201,NaN,NaN,17075984,6704992,23368,113664,311808,16,238920
2026-04-01 11:21:59.023,38964,ESTAB,cubic,232,29.822,0.411,20.073,1448,36,52128,52128,33978343,33955175,82144,NaN,23535,11962,23529,201,NaN,NaN,16780096,6679648,23514,113664,311808,16,253400
2026-04-01 11:21:59.269,38964,ESTAB,cubic,232,30.206,0.545,20.073,1448,36,52128,52128,34186855,34163687,82144,NaN,23679,12034,23673,201,NaN,NaN,16566712,6686528,23658,113664,311808,16,212895
2026-04-01 11:21:59.517,38964,ESTAB,cubic,232,29.836,1.014,20.073,1448,36,52128,52128,34393919,34372199,82144,NaN,23822,12106,23816,201,NaN,NaN,16772576,6693528,23802,113664,311808,15,5831
2026-04-01 11:21:59.779,38964,ESTAB,cubic,232,30.32,0.319,20.073,1448,36,52128,52128,34399750,34399750,82144,NaN,23827,12116,23821,201,NaN,NaN,16504696,5513936,23822,113664,311808,NaN,NaN
2026-04-01 11:22:00.026,38964,ESTAB,cubic,232,30.32,0.319,20.073,1448,36,52128,52128,34399750,34399750,82144,NaN,23827,12116,23821,201,NaN,NaN,16504696,5513936,23822,113664,311808,NaN,NaN
2026-04-01 11:22:00.294,38964,ESTAB,cubic,232,30.32,0.319,20.073,1448,36,52128,52128,34399750,34399750,82144,NaN,23827,12116,23821,201,NaN,NaN,16504696,5513936,23822,113664,311808,NaN,NaN
2026-04-01 11:22:00.546,38964,ESTAB,cubic,232,29.281,0.569,20.073,1448,10,14480,52128,34415417,34402633,82968,NaN,23838,12119,23832,203,NaN,NaN,7912160,5513936,23824,113664,317440,9,335936
2026-04-01 11:22:00.802,38964,ESTAB,cubic,232,29.28,0.5,20.073,1448,36,52128,52128,34628273,34605105,82968,NaN,23985,12189,23979,203,NaN,NaN,17090776,6667472,23964,113664,317440,16,236024
2026-04-01 11:22:01.052,38964,ESTAB,cubic,232,29.636,0.485,20.073,1448,36,52128,52128,34839681,34816513,82968,NaN,24131,12262,24125,203,NaN,NaN,16885696,6698312,24110,113664,317440,16,250504
2026-04-01 11:22:01.297,38964,ESTAB,cubic,232,30.146,0.686,20.073,1448,36,52128,52128,35042401,35016337,82968,NaN,24271,12331,24265,203,NaN,NaN,16599688,6695464,24248,113664,317440,18,218855
2026-04-01 11:22:01.542,38964,ESTAB,cubic,232,29.606,1.194,20.073,1448,36,52128,52128,35249465,35224849,82968,NaN,24414,12403,24408,203,NaN,NaN,16902664,6295008,24392,113664,317440,17,11791
2026-04-01 11:22:01.786,38964,ESTAB,cubic,232,29.911,0.424,20.073,1448,36,52128,52128,35261256,35261256,82968,NaN,24423,12416,24417,203,NaN,NaN,16730312,6692080,24418,113664,317440,NaN,NaN
2026-04-01 11:22:02.033,38964,ESTAB,cubic,232,29.911,0.424,20.073,1448,36,52128,52128,35261256,35261256,82968,NaN,24423,12416,24417,203,NaN,NaN,16730312,6692080,24418,113664,317440,NaN,NaN
2026-04-01 11:22:02.285,38964,ESTAB,cubic,232,29.911,0.424,20.073,1448,36,52128,52128,35261256,35261256,82968,NaN,24423,12416,24417,203,NaN,NaN,16730312,6692080,24418,113664,317440,NaN,NaN
2026-04-01 11:22:02.539,38964,ESTAB,cubic,232,29.911,0.424,20.073,1448,10,14480,52128,35264139,35261256,83376,NaN,24425,12417,24419,204,NaN,NaN,16730312,6692080,24418,113664,320512,2,NaN
2026-04-01 11:22:02.795,38964,ESTAB,cubic,232,30.274,0.448,20.073,1448,36,52128,52128,35460819,35437651,83792,NaN,24561,12479,24555,205,NaN,NaN,16529504,6692320,24540,113664,323584,16,56721
2026-04-01 11:22:03.062,38964,ESTAB,cubic,232,29.417,1.274,20.073,1448,36,52128,52128,35517540,35517540,83792,NaN,24601,12507,24595,205,NaN,NaN,17011472,5396688,24596,113664,323584,NaN,NaN
2026-04-01 11:22:03.311,38964,ESTAB,cubic,232,29.417,1.274,20.073,1448,36,52128,52128,35517540,35517540,83792,NaN,24601,12507,24595,205,NaN,NaN,17011472,5396688,24596,113664,323584,NaN,NaN
2026-04-01 11:22:03.550,38964,ESTAB,cubic,232,29.417,1.274,20.073,1448,36,52128,52128,35517540,35517540,83792,NaN,24601,12507,24595,205,NaN,NaN,17011472,5396688,24596,113664,323584,NaN,NaN
2026-04-01 11:22:03.784,38964,ESTAB,cubic,232,29.417,1.274,20.073,1448,36,52128,52128,35517540,35517540,83792,NaN,24601,12507,24595,205,NaN,NaN,17011472,5396688,24596,113664,323584,NaN,NaN
2026-04-01 11:22:04.032,38964,ESTAB,cubic,232,29.417,1.274,20.073,1448,36,52128,52128,35517540,35517540,83792,NaN,24601,12507,24595,205,NaN,NaN,17011472,5396688,24596,113664,323584,NaN,NaN
2026-04-01 11:22:04.296,38964,ESTAB,cubic,232,29.417,1.274,20.073,1448,36,52128,52128,35517540,35517540,83792,NaN,24601,12507,24595,205,NaN,NaN,17011472,5396688,24596,113664,323584,NaN,NaN
2026-04-01 11:22:04.564,38964,ESTAB,cubic,232,29.417,1.274,20.073,1448,36,52128,52128,35517540,35517540,83792,NaN,24601,12507,24595,205,NaN,NaN,17011472,5396688,24596,113664,323584,NaN,NaN
2026-04-01 11:22:04.814,38964,ESTAB,cubic,232,30.137,0.713,20.073,1448,36,52128,52128,35705519,35682351,84616,NaN,24731,12566,24725,207,NaN,NaN,16605056,6689904,24710,113664,329216,16,132903
2026-04-01 11:22:05.086,38964,ESTAB,cubic,232,29.006,0.572,20.073,1448,36,52128,52128,35838422,35838422,84616,NaN,24823,12620,24817,207,NaN,NaN,17252440,6686288,24818,113664,329216,NaN,NaN
2026-04-01 11:22:05.345,38964,ESTAB,cubic,232,29.006,0.572,20.073,1448,36,52128,52128,35838422,35838422,84616,NaN,24823,12620,24817,207,NaN,NaN,17252440,6686288,24818,113664,329216,NaN,NaN
2026-04-01 11:22:05.598,38964,ESTAB,cubic,232,29.006,0.572,20.073,1448,36,52128,52128,35838422,35838422,84616,NaN,24823,12620,24817,207,NaN,NaN,17252440,6686288,24818,113664,329216,NaN,NaN
2026-04-01 11:22:05.845,38964,ESTAB,cubic,232,29.006,0.572,20.073,1448,36,52128,52128,35838422,35838422,84616,NaN,24823,12620,24817,207,NaN,NaN,17252440,6686288,24818,113664,329216,NaN,NaN
2026-04-01 11:22:06.103,38964,ESTAB,cubic,232,29.006,0.572,20.073,1448,36,52128,52128,35838422,35838422,84616,NaN,24823,12620,24817,207,NaN,NaN,17252440,6686288,24818,113664,329216,NaN,NaN
2026-04-01 11:22:06.355,38964,ESTAB,cubic,232,29.006,0.572,20.073,1448,36,52128,52128,35838422,35838422,84616,NaN,24823,12620,24817,207,NaN,NaN,17252440,6686288,24818,113664,329216,NaN,NaN
2026-04-01 11:22:06.603,38964,ESTAB,cubic,232,29.006,0.572,20.073,1448,10,14480,52128,35841305,35838422,85024,NaN,24825,12621,24819,208,NaN,NaN,17252440,6686288,24818,113664,332288,2,NaN
2026-04-01 11:22:06.872,38964,ESTAB,cubic,232,30.379,0.484,20.073,1448,36,52128,52128,36043777,36017713,85440,NaN,24965,12684,24959,209,NaN,NaN,16472848,6636488,24942,113664,334848,18,259192
2026-04-01 11:22:07.137,38964,ESTAB,cubic,232,30.317,0.366,20.073,1448,36,52128,52128,36269665,36243601,85440,NaN,25121,12762,25115,209,NaN,NaN,16506200,6696432,25098,113664,334848,18,259192
2026-04-01 11:22:07.392,38964,ESTAB,cubic,232,30.188,0.609,20.073,1448,36,52128,52128,36483969,36460801,85440,NaN,25269,12837,25263,209,NaN,NaN,16576592,6684600,25248,113664,334848,16,171180
2026-04-01 11:22:07.643,38964,ESTAB,cubic,232,29.197,1.132,20.073,1448,36,52128,52128,36655149,36654833,85440,NaN,25388,12904,25382,209,NaN,NaN,17139512,5951952,25382,113664,334848,1,NaN
2026-04-01 11:22:07.893,38964,ESTAB,cubic,236,34.093,10.641,20.073,1448,36,52128,52128,36655149,36655149,85440,NaN,25388,12905,25382,209,NaN,NaN,14678176,2786504,25383,113664,334848,NaN,NaN
2026-04-01 11:22:08.147,38964,ESTAB,cubic,236,34.093,10.641,20.073,1448,36,52128,52128,36655149,36655149,85440,NaN,25388,12905,25382,209,NaN,NaN,14678176,2786504,25383,113664,334848,NaN,NaN
2026-04-01 11:22:08.395,38964,ESTAB,cubic,236,34.093,10.641,20.073,1448,36,52128,52128,36655149,36655149,85440,NaN,25388,12905,25382,209,NaN,NaN,14678176,2786504,25383,113664,334848,NaN,NaN
2026-04-01 11:22:08.647,38964,ESTAB,cubic,236,32.35,10.744,20.073,1448,10,14480,52128,36657261,36656205,86252,NaN,25390,12908,25384,211,NaN,NaN,7161552,2786504,25384,113664,340992,1,NaN
2026-04-01 11:22:08.893,38964,ESTAB,cubic,232,30.17,0.79,20.073,1448,36,52128,52128,36845253,36819189,86668,NaN,25520,12965,25514,212,NaN,NaN,16586480,6300568,25497,113664,343552,18,273672
2026-04-01 11:22:09.144,38964,ESTAB,cubic,232,29.733,1.09,20.073,1448,36,52128,52128,37055213,37030597,86668,NaN,25665,13038,25659,212,NaN,NaN,16830392,6684120,25643,113664,343552,17,176656
2026-04-01 11:22:09.384,38964,ESTAB,cubic,232,28.478,0.31,20.073,1448,36,52128,52128,37260829,37236213,86668,NaN,25807,13109,25801,212,NaN,NaN,17572080,6303360,25785,113664,343552,17,196928
2026-04-01 11:22:09.627,38964,ESTAB,cubic,232,29.137,0.464,20.073,1448,36,52128,52128,37456309,37430245,86668,NaN,25942,13176,25936,212,NaN,NaN,17174656,6709312,25919,113664,343552,18,23636
2026-04-01 11:22:09.878,38964,ESTAB,cubic,236,34.68,11.037,20.073,1448,36,52128,52128,37479945,37479945,86668,NaN,25959,13194,25953,212,NaN,NaN,14429688,2707096,25954,113664,343552,NaN,NaN
2026-04-01 11:22:10.122,38964,ESTAB,cubic,236,34.68,11.037,20.073,1448,36,52128,52128,37479945,37479945,86668,NaN,25959,13194,25953,212,NaN,NaN,14429688,2707096,25954,113664,343552,NaN,NaN
2026-04-01 11:22:10.371,38964,ESTAB,cubic,236,34.68,11.037,20.073,1448,36,52128,52128,37479945,37479945,86668,NaN,25959,13194,25953,212,NaN,NaN,14429688,2707096,25954,113664,343552,NaN,NaN
2026-04-01 11:22:10.612,38964,ESTAB,cubic,236,34.68,11.037,20.073,1448,36,52128,52128,37479945,37479945,86668,NaN,25959,13194,25953,212,NaN,NaN,14429688,2707096,25954,113664,343552,NaN,NaN
2026-04-01 11:22:10.849,38964,ESTAB,cubic,232,28.785,0.08,20.073,1448,36,52128,52128,37623036,37601316,87492,NaN,26058,13239,26052,214,NaN,NaN,17384672,6686928,26038,113664,349696,15,208512
2026-04-01 11:22:11.101,38964,ESTAB,cubic,232,29.112,0.471,20.073,1448,36,52128,52128,37830100,37806932,87492,NaN,26201,13310,26195,214,NaN,NaN,17189408,6688648,26180,113664,349696,16,227336
2026-04-01 11:22:11.346,38964,ESTAB,cubic,232,29.496,0.511,20.073,1448,36,52128,52128,38038612,38015444,87492,NaN,26345,13382,26339,214,NaN,NaN,16965984,6704344,26324,113664,349696,16,244712
2026-04-01 11:22:11.601,38964,ESTAB,cubic,232,30.394,0.361,20.073,1448,36,52128,52128,38250020,38226852,87492,NaN,26491,13455,26485,214,NaN,NaN,16464720,5849864,26470,113664,349696,16,70414
2026-04-01 11:22:11.863,38964,ESTAB,cubic,232,28.682,0.509,20.073,1448,36,52128,52128,38320434,38320434,87492,NaN,26540,13487,26534,214,NaN,NaN,17447328,6304640,26535,113664,349696,NaN,NaN
2026-04-01 11:22:12.113,38964,ESTAB,cubic,232,28.682,0.509,20.073,1448,36,52128,52128,38320434,38320434,87492,NaN,26540,13487,26534,214,NaN,NaN,17447328,6304640,26535,113664,349696,NaN,NaN
2026-04-01 11:22:12.358,38964,ESTAB,cubic,232,28.682,0.509,20.073,1448,36,52128,52128,38320434,38320434,87492,NaN,26540,13487,26534,214,NaN,NaN,17447328,6304640,26535,113664,349696,NaN,NaN
2026-04-01 11:22:12.602,38964,ESTAB,cubic,232,28.682,0.509,20.073,1448,10,14480,52128,38321490,38320434,87898,NaN,26541,13488,26535,215,NaN,NaN,17447328,6304640,26535,113664,352256,1,NaN
2026-04-01 11:22:12.858,38964,ESTAB,cubic,232,28.692,0.253,20.073,1448,36,52128,52128,38435514,38412346,89938,NaN,26621,13523,26615,220,NaN,NaN,17441400,6683928,26600,113664,367104,16,238920
2026-04-01 11:22:13.111,38964,ESTAB,cubic,232,29.798,0.527,20.073,1448,36,52128,52128,38649818,38623754,89938,NaN,26769,13596,26763,220,NaN,NaN,16793680,6720984,26746,113664,367104,18,88394
2026-04-01 11:22:13.360,38964,ESTAB,cubic,236,33.773,10.186,20.073,1448,36,52128,52128,38740324,38740324,90750,NaN,26833,13639,26827,222,NaN,NaN,14817032,6306144,26828,113664,372736,NaN,NaN
2026-04-01 11:22:13.608,38964,ESTAB,cubic,240,36.342,16.252,20.073,1448,36,52128,52128,38742436,38742436,91562,NaN,26835,13643,26829,224,NaN,NaN,13769840,6306144,26830,113664,378368,NaN,NaN
2026-04-01 11:22:13.857,38964,ESTAB,cubic,240,36.342,16.252,20.073,1448,36,52128,52128,38742436,38742436,91562,NaN,26835,13643,26829,224,NaN,NaN,13769840,6306144,26830,113664,378368,NaN,NaN
2026-04-01 11:22:14.105,38964,ESTAB,cubic,240,38.131,19.827,20.073,1448,18,26064,52128,38744548,38744548,92374,NaN,26837,13647,26831,226,NaN,NaN,6561816,6306144,26832,113664,384000,NaN,NaN
2026-04-01 11:22:14.365,38964,ESTAB,cubic,232,31.869,8.432,20.073,1448,10,14480,52128,38751940,38750884,95216,NaN,26844,13655,26838,233,NaN,NaN,7269560,6306144,26838,113664,404480,1,NaN
2026-04-01 11:22:14.603,38964,ESTAB,cubic,228,26.547,4.08,20.073,1448,10,14480,52128,38761444,38760388,98870,NaN,26853,13664,26847,242,NaN,NaN,8726872,6306144,26847,113664,430592,1,NaN
2026-04-01 11:22:14.850,38964,ESTAB,cubic,232,30.646,11.215,20.073,1448,10,14480,52128,38766724,38766724,100900,NaN,26858,13670,26852,247,NaN,NaN,7559752,6306144,26853,113664,444928,NaN,NaN
2026-04-01 11:22:15.097,38964,ESTAB,cubic,232,30.646,11.215,20.073,1448,10,14480,52128,38766724,38766724,100900,NaN,26858,13670,26852,247,NaN,NaN,7559752,6306144,26853,113664,444928,NaN,NaN
2026-04-01 11:22:15.349,38964,ESTAB,cubic,232,30.646,11.215,20.073,1448,10,14480,52128,38766724,38766724,100900,NaN,26858,13670,26852,247,NaN,NaN,7559752,6306144,26853,113664,444928,NaN,NaN
2026-04-01 11:22:15.613,38964,ESTAB,cubic,232,30.646,11.215,20.073,1448,10,14480,52128,38766724,38766724,100900,NaN,26858,13670,26852,247,NaN,NaN,7559752,6306144,26853,113664,444928,NaN,NaN
2026-04-01 11:22:15.870,38964,ESTAB,cubic,232,30.646,11.215,20.073,1448,10,14480,52128,38766724,38766724,100900,NaN,26858,13670,26852,247,NaN,NaN,7559752,6306144,26853,113664,444928,NaN,NaN
2026-04-01 11:22:16.118,38964,ESTAB,cubic,232,30.646,11.215,20.073,1448,10,14480,52128,38766724,38766724,100900,NaN,26858,13670,26852,247,NaN,NaN,7559752,6306144,26853,113664,444928,NaN,NaN
2026-04-01 11:22:16.365,38964,ESTAB,cubic,232,30.646,11.215,20.073,1448,10,14480,52128,38766724,38766724,100900,NaN,26858,13670,26852,247,NaN,NaN,7559752,6306144,26853,113664,444928,NaN,NaN
2026-04-01 11:22:16.630,38964,ESTAB,cubic,232,30.646,11.215,20.073,1448,10,14480,52128,38766724,38766724,100900,NaN,26858,13670,26852,247,NaN,NaN,7559752,6306144,26853,113664,444928,NaN,NaN
